seed,corrupt,r01,r10,precision,recall,f1,TP,FP,FN
20,800,0.3,0.6,0.4326923076923077,0.28125,0.3409090909090909,225,295,575
20,800,0.3,0.7,0.19309729247247842,0.81125,0.31194424417207406,649,2712,151
20,800,0.4,0.5,0.5359911406423035,0.605,0.5684086905460951,484,419,316
20,800,0.5,0.7,0.5153508771929824,0.5875,0.5490654205607477,470,442,330
20,800,0.5,0.6,0.5261472785485592,0.61625,0.5676453655728266,493,444,307
20,800,0.4,0.4,0.5695906432748538,0.60875,0.5885196374622356,487,368,313
20,800,0.4,0.3,0.6874371859296482,0.855,0.762116991643454,684,311,116
20,800,0.6,0.3,0.7842669845053635,0.8225,0.8029286150091519,658,181,142
20,800,0.6,0.4,0.6821428571428572,0.71625,0.698780487804878,573,267,227
20,800,0.7,0.6,0.6750298685782556,0.70625,0.6902871105681124,565,272,235
20,800,0.7,0.7,0.5342185903983657,0.65375,0.5879707700955592,523,456,277
20,800,0.6,0.5,0.6623067776456599,0.69625,0.6788543570993297,557,284,243
20,800,0.3,0.5,0.4806451612903226,0.55875,0.5167630057803468,447,483,353
20,800,0.3,0.4,0.4601611459265891,0.6425,0.5362545644235786,514,603,286
20,800,0.3,0.3,0.5660559305689489,0.73375,0.6390854654327708,587,450,213
20,800,0.4,0.6,0.4498175182481752,0.61625,0.5200421940928269,493,603,307
20,800,0.5,0.3,0.7491675915649278,0.84375,0.7936507936507936,675,226,125
20,800,0.5,0.4,0.6519274376417233,0.71875,0.6837098692033293,575,307,225
20,800,0.5,0.5,0.5679824561403509,0.6475,0.6051401869158878,518,394,282
20,800,0.4,0.7,0.5050359712230216,0.43875,0.4695652173913043,351,344,449
20,800,0.6,0.7,0.5625730994152047,0.60125,0.5812688821752265,481,374,319
20,800,0.7,0.5,0.6496519721577726,0.7,0.6738868832731647,560,302,240
20,800,0.7,0.4,0.6974789915966386,0.72625,0.7115737905695039,581,252,219
20,800,0.7,0.3,0.8125,0.845,0.8284313725490196,676,156,124
20,800,0.6,0.6,0.5291164658634538,0.65875,0.5868596881959912,527,469,273
20,1000,0.3,0.6,0.25934765314240255,0.652,0.3710870802504269,652,1862,348
20,1000,0.3,0.7,0.0,0.0,0.0,0,0,1000
20,1000,0.4,0.5,0.6118421052631579,0.465,0.5284090909090909,465,295,535
20,1000,0.5,0.7,0.5785876993166287,0.508,0.5410010649627263,508,370,492
20,1000,0.5,0.6,0.5825471698113207,0.494,0.5346320346320346,494,354,506
20,1000,0.4,0.4,0.5342929720575783,0.631,0.5786336542870243,631,550,369
20,1000,0.4,0.3,0.7582417582417582,0.828,0.7915869980879542,828,264,172
20,1000,0.6,0.3,0.83881230116649,0.791,0.8142048378795678,791,152,209
20,1000,0.6,0.4,0.7235602094240837,0.691,0.7069053708439897,691,264,309
20,1000,0.7,0.6,0.6976047904191617,0.699,0.6983016983016983,699,303,301
20,1000,0.7,0.7,0.5972083748753739,0.599,0.5981028457314029,599,404,401
20,1000,0.6,0.5,0.6963402571711177,0.704,0.7001491795126802,704,307,296
20,1000,0.3,0.5,0.5971563981042654,0.252,0.3544303797468354,252,170,748
20,1000,0.3,0.4,0.3660490736104156,0.731,0.4878211544878211,731,1266,269
20,1000,0.3,0.3,0.6434034416826003,0.673,0.6578690127077224,673,373,327
20,1000,0.4,0.6,0.5035105315947843,0.502,0.5027541311967951,502,495,498
20,1000,0.5,0.3,0.8082329317269076,0.805,0.8066132264529058,805,191,195
20,1000,0.5,0.4,0.6691729323308271,0.712,0.689922480620155,712,352,288
20,1000,0.5,0.5,0.5809435707678076,0.628,0.6035559827006247,628,453,372
20,1000,0.4,0.7,0.3614564831261101,0.407,0.3828786453433678,407,719,593
20,1000,0.6,0.7,0.5732265446224256,0.501,0.5346851654215581,501,373,499
20,1000,0.7,0.5,0.7433035714285714,0.666,0.7025316455696202,666,230,334
20,1000,0.7,0.4,0.7446808510638298,0.7,0.7216494845360825,700,240,300
20,1000,0.7,0.3,0.8571428571428571,0.804,0.8297213622291022,804,134,196
20,1000,0.6,0.6,0.6017699115044248,0.612,0.6068418443232523,612,405,388
20,500,0.3,0.6,0.4473684210526316,0.34,0.38636363636363635,170,210,330
20,500,0.3,0.7,0.22879684418145957,0.464,0.30647291941875826,232,782,268
20,500,0.4,0.5,0.4038876889848812,0.748,0.5245441795231417,374,552,126
20,500,0.5,0.7,0.3597678916827853,0.744,0.48500651890482394,372,662,128
20,500,0.5,0.6,0.42370892018779344,0.722,0.5340236686390532,361,491,139
20,500,0.4,0.4,0.44459644322845415,0.65,0.528025995125914,325,406,175
20,500,0.4,0.3,0.5488257107540173,0.888,0.6783804430863255,444,365,56
20,500,0.6,0.3,0.6372688477951636,0.896,0.744804655029094,448,255,52
20,500,0.6,0.4,0.5343406593406593,0.778,0.6335504885993486,389,339,111
20,500,0.7,0.6,0.48431618569636137,0.772,0.5952197378565922,386,411,114
20,500,0.7,0.7,0.4339853300733496,0.71,0.5386949924127465,355,463,145
20,500,0.6,0.5,0.5122265122265123,0.796,0.6233359436178545,398,379,102
20,500,0.3,0.5,0.35480464625131997,0.672,0.4644091223220456,336,611,164
20,500,0.3,0.4,0.3851931330472103,0.718,0.5013966480446927,359,573,141
20,500,0.3,0.3,0.456575682382134,0.736,0.563552833078101,368,438,132
20,500,0.4,0.6,0.4319371727748691,0.66,0.5221518987341771,330,434,170
20,500,0.5,0.3,0.6021505376344086,0.896,0.7202572347266881,448,296,52
20,500,0.5,0.4,0.49428208386277,0.778,0.6045066045066045,389,398,111
20,500,0.5,0.5,0.4485387547649301,0.706,0.5485625485625485,353,434,147
20,500,0.4,0.7,0.2959363957597173,0.67,0.4105392156862745,335,797,165
20,500,0.6,0.7,0.45874125874125876,0.656,0.539917695473251,328,387,172
20,500,0.7,0.5,0.5221745350500715,0.73,0.6088407005838199,365,334,135
20,500,0.7,0.4,0.5489655172413793,0.796,0.6497959183673471,398,327,102
20,500,0.7,0.3,0.6935975609756098,0.91,0.7871972318339101,455,201,45
20,500,0.6,0.6,0.41317365269461076,0.69,0.5168539325842696,345,490,155
20,100,0.3,0.6,0.07096774193548387,0.66,0.12815533980582525,66,864,34
20,100,0.3,0.7,0.08243243243243244,0.61,0.14523809523809525,61,679,39
20,100,0.4,0.5,0.08457142857142858,0.74,0.15179487179487183,74,801,26
20,100,0.5,0.7,0.11578947368421053,0.77,0.20130718954248364,77,588,23
20,100,0.5,0.6,0.11068702290076336,0.87,0.1963882618510158,87,699,13
20,100,0.4,0.4,0.1062992125984252,0.81,0.18793503480278423,81,681,19
20,100,0.4,0.3,0.13783403656821377,0.98,0.2416769420468557,98,613,2
20,100,0.6,0.3,0.1987179487179487,0.93,0.3274647887323943,93,375,7
20,100,0.6,0.4,0.12518195050946143,0.86,0.21855146124523508,86,601,14
20,100,0.7,0.6,0.14675767918088736,0.86,0.25072886297376085,86,500,14
20,100,0.7,0.7,0.1166429587482219,0.82,0.2042341220423412,82,621,18
20,100,0.6,0.5,0.14597315436241612,0.87,0.25,87,509,13
20,100,0.3,0.5,0.08323959505061868,0.74,0.14964610717896867,74,815,26
20,100,0.3,0.4,0.08274470232088799,0.82,0.15032080659945005,82,909,18
20,100,0.3,0.3,0.11852861035422343,0.87,0.20863309352517984,87,647,13
20,100,0.4,0.6,0.10869565217391304,0.75,0.18987341772151897,75,615,25
20,100,0.5,0.3,0.15973377703826955,0.96,0.27389443651925816,96,505,4
20,100,0.5,0.4,0.1354642313546423,0.89,0.23513870541611626,89,568,11
20,100,0.5,0.5,0.12101910828025478,0.76,0.2087912087912088,76,552,24
20,100,0.4,0.7,0.07912087912087912,0.72,0.14257425742574256,72,838,28
20,100,0.6,0.7,0.1263823064770932,0.8,0.21828103683492495,80,553,20
20,100,0.7,0.5,0.12643678160919541,0.88,0.22110552763819094,88,608,12
20,100,0.7,0.4,0.13833333333333334,0.83,0.23714285714285716,83,517,17
20,100,0.7,0.3,0.23484848484848486,0.93,0.375,93,303,7
20,100,0.6,0.6,0.10729023383768914,0.78,0.18863361547763,78,649,22
9,800,0.3,0.6,0.46380697050938335,0.865,0.6038394415357766,692,800,108
9,800,0.3,0.7,0.6076388888888888,0.65625,0.6310096153846154,525,339,275
9,800,0.4,0.5,0.5228276877761414,0.8875,0.6580166821130676,710,648,90
9,800,0.5,0.7,0.5188087774294671,0.8275,0.6377649325626205,662,614,138
9,800,0.5,0.6,0.5130373502466525,0.91,0.6561514195583596,728,691,72
9,800,0.4,0.4,0.5748160261651676,0.87875,0.695007414730598,703,520,97
9,800,0.4,0.3,0.6438848920863309,0.895,0.7489539748953975,716,396,84
9,800,0.6,0.3,0.6956947162426614,0.88875,0.7804610318331503,711,311,89
9,800,0.6,0.4,0.6558441558441559,0.88375,0.7529286474973377,707,371,93
9,800,0.7,0.6,0.6043668122270742,0.865,0.7115681233933162,692,453,108
9,800,0.7,0.7,0.6033274956217163,0.86125,0.709577754891864,689,453,111
9,800,0.6,0.5,0.6284658040665434,0.85,0.722635494155154,680,402,120
9,800,0.3,0.5,0.4665809768637532,0.9075,0.6162988115449914,726,830,74
9,800,0.3,0.4,0.5212922173274597,0.8875,0.6567992599444958,710,652,90
9,800,0.3,0.3,0.5642915642915642,0.86125,0.681840672934191,689,532,111
9,800,0.4,0.6,0.5361972951471758,0.8425,0.6553232863393291,674,583,126
9,800,0.5,0.3,0.686,0.8575,0.7622222222222224,686,314,114
9,800,0.5,0.4,0.6220880069025022,0.90125,0.736089841755998,721,438,79
9,800,0.5,0.5,0.6097987751531059,0.87125,0.7174472465259908,697,446,103
9,800,0.4,0.7,0.47343957503320055,0.89125,0.6183868169991328,713,793,87
9,800,0.6,0.7,0.5522151898734177,0.8725,0.6763565891472867,698,566,102
9,800,0.7,0.5,0.6479779411764706,0.88125,0.746822033898305,705,383,95
9,800,0.7,0.4,0.6837029893924783,0.88625,0.7719107240065323,709,328,91
9,800,0.7,0.3,0.746448087431694,0.85375,0.7965014577259475,683,232,117
9,800,0.6,0.6,0.6070205479452054,0.88625,0.7205284552845527,709,459,91
9,1000,0.3,0.6,0.548122866894198,0.803,0.6515212981744423,803,662,197
9,1000,0.3,0.7,0.5996393146979261,0.665,0.6306306306306306,665,444,335
9,1000,0.4,0.5,0.5865512649800266,0.881,0.704236610711431,881,621,119
9,1000,0.5,0.7,0.5595786701777485,0.85,0.6748709805478363,850,669,150
9,1000,0.5,0.6,0.6090064331665476,0.852,0.7102959566486037,852,547,148
9,1000,0.4,0.4,0.6114649681528662,0.864,0.7161210111893908,864,549,136
9,1000,0.4,0.3,0.7036450079239303,0.888,0.7851458885941646,888,374,112
9,1000,0.6,0.3,0.7489214840379638,0.868,0.8040759610930986,868,291,132
9,1000,0.6,0.4,0.7098070739549839,0.883,0.7869875222816398,883,361,117
9,1000,0.7,0.6,0.6756756756756757,0.85,0.7528786536758194,850,408,150
9,1000,0.7,0.7,0.6554307116104869,0.875,0.7494646680942184,875,460,125
9,1000,0.6,0.5,0.6684656900539707,0.867,0.7548976926425773,867,430,133
9,1000,0.3,0.5,0.544705136334813,0.859,0.6666666666666667,859,718,141
9,1000,0.3,0.4,0.5861130020422056,0.861,0.6974483596597812,861,608,139
9,1000,0.3,0.3,0.6106133700895934,0.886,0.7229702162382702,886,565,114
9,1000,0.4,0.6,0.5800807537012113,0.862,0.6934835076427996,862,624,138
9,1000,0.5,0.3,0.7473591549295775,0.849,0.7949438202247191,849,287,151
9,1000,0.5,0.4,0.6912225705329154,0.882,0.7750439367311072,882,394,118
9,1000,0.5,0.5,0.6656322730799069,0.858,0.7496723460026213,858,431,142
9,1000,0.4,0.7,0.5432258064516129,0.842,0.6603921568627451,842,708,158
9,1000,0.6,0.7,0.5873333333333334,0.881,0.7048,881,619,119
9,1000,0.7,0.5,0.6908809891808346,0.894,0.7794245858761988,894,400,106
9,1000,0.7,0.4,0.7393526405451448,0.868,0.7985280588776449,868,306,132
9,1000,0.7,0.3,0.8,0.832,0.8156862745098038,832,208,168
9,1000,0.6,0.6,0.6784565916398714,0.844,0.7522281639928698,844,400,156
9,500,0.3,0.6,0.3694915254237288,0.872,0.519047619047619,436,744,64
9,500,0.3,0.7,0.27577639751552796,0.888,0.4208530805687204,444,1166,56
9,500,0.4,0.5,0.40142095914742454,0.904,0.5559655596555966,452,674,48
9,500,0.5,0.7,0.3716442953020134,0.886,0.5236406619385343,443,749,57
9,500,0.5,0.6,0.3813068651778329,0.922,0.5394967817437097,461,748,39
9,500,0.4,0.4,0.43381642512077295,0.898,0.5850162866449512,449,586,51
9,500,0.4,0.3,0.511864406779661,0.906,0.6541516245487365,453,432,47
9,500,0.6,0.3,0.5569155446756426,0.91,0.6909643128321944,455,362,45
9,500,0.6,0.4,0.5300480769230769,0.882,0.6621621621621622,441,391,59
9,500,0.7,0.6,0.47619047619047616,0.88,0.6179775280898876,440,484,60
9,500,0.7,0.7,0.4630021141649049,0.876,0.6058091286307055,438,508,62
9,500,0.6,0.5,0.5017421602787456,0.864,0.6348273328434975,432,429,68
9,500,0.3,0.5,0.3695652173913043,0.918,0.5269804822043628,459,783,41
9,500,0.3,0.4,0.39929947460595444,0.912,0.5554202192448233,456,686,44
9,500,0.3,0.3,0.4585987261146497,0.864,0.5991678224687934,432,510,68
9,500,0.4,0.6,0.3903697334479794,0.908,0.5460012026458209,454,709,46
9,500,0.5,0.3,0.5670498084291188,0.888,0.6921278254091973,444,339,56
9,500,0.5,0.4,0.49079089924160346,0.906,0.6366830639494026,453,470,47
9,500,0.5,0.5,0.47121535181236673,0.884,0.6147426981919333,442,496,58
9,500,0.4,0.7,0.37217391304347824,0.856,0.5187878787878788,428,722,72
9,500,0.6,0.7,0.4058614564831261,0.914,0.5621156211562115,457,669,43
9,500,0.7,0.5,0.5233532934131736,0.874,0.6546816479400749,437,398,63
9,500,0.7,0.4,0.5800524934383202,0.884,0.7004754358161649,442,320,58
9,500,0.7,0.3,0.6226685796269728,0.868,0.7251461988304093,434,263,66
9,500,0.6,0.6,0.5057870370370371,0.874,0.6407624633431086,437,427,63
9,100,0.3,0.6,0.09213250517598344,0.89,0.1669793621013133,89,877,11
9,100,0.3,0.7,0.07290867229470453,0.95,0.135424091233072,95,1208,5
9,100,0.4,0.5,0.10747663551401869,0.92,0.19246861924686193,92,764,8
9,100,0.5,0.7,0.0962962962962963,0.91,0.17416267942583732,91,854,9
9,100,0.5,0.6,0.11070559610705596,0.91,0.19739696312364427,91,731,9
9,100,0.4,0.4,0.12601626016260162,0.93,0.22195704057279234,93,645,7
9,100,0.4,0.3,0.16283185840707964,0.92,0.27669172932330827,92,473,8
9,100,0.6,0.3,0.1962809917355372,0.95,0.3253424657534247,95,389,5
9,100,0.6,0.4,0.16420664206642066,0.89,0.2772585669781932,89,453,11
9,100,0.7,0.6,0.14354066985645933,0.9,0.24759284731774417,90,537,10
9,100,0.7,0.7,0.13841368584758942,0.89,0.2395693135935397,89,554,11
9,100,0.6,0.5,0.14838709677419354,0.92,0.2555555555555556,92,528,8
9,100,0.3,0.5,0.10262008733624454,0.94,0.18503937007874013,94,822,6
9,100,0.3,0.4,0.11056511056511056,0.9,0.19693654266958424,90,724,10
9,100,0.3,0.3,0.11610486891385768,0.93,0.20643729189789126,93,708,7
9,100,0.4,0.6,0.10955710955710955,0.94,0.19624217118997914,94,764,6
9,100,0.5,0.3,0.17343173431734318,0.94,0.29283489096573206,94,448,6
9,100,0.5,0.4,0.15676567656765678,0.95,0.2691218130311615,95,511,5
9,100,0.5,0.5,0.15038759689922482,0.97,0.26040268456375837,97,548,3
9,100,0.4,0.7,0.0863849765258216,0.92,0.1579399141630901,92,973,8
9,100,0.6,0.7,0.12,0.96,0.21333333333333332,96,704,4
9,100,0.7,0.5,0.159369527145359,0.91,0.27123695976154993,91,480,9
9,100,0.7,0.4,0.1793372319688109,0.92,0.30016313213703094,92,421,8
9,100,0.7,0.3,0.19206680584551147,0.92,0.31778929188255617,92,387,8
9,100,0.6,0.6,0.1419656786271451,0.91,0.2456140350877193,91,550,9
42,800,0.3,0.6,0.3439273552780931,0.37875,0.36049970255800123,303,578,497
42,800,0.3,0.7,0.37057991513437055,0.3275,0.3477106834771068,262,445,538
42,800,0.4,0.5,0.5891829689298044,0.64,0.6135410425404434,512,357,288
42,800,0.5,0.7,0.5805330243337196,0.62625,0.6025255562236921,501,362,299
42,800,0.5,0.6,0.5633971291866029,0.58875,0.5757946210268948,471,365,329
42,800,0.4,0.4,0.45253863134657835,0.76875,0.5697081982399258,615,744,185
42,800,0.4,0.3,0.5790010193679919,0.71,0.6378439079169006,568,413,232
42,800,0.6,0.3,0.5932872655478776,0.75125,0.6629895201323772,601,412,199
42,800,0.6,0.4,0.6046242774566474,0.65375,0.6282282282282283,523,342,277
42,800,0.7,0.6,0.5884861407249466,0.69,0.6352128883774453,552,386,248
42,800,0.7,0.7,0.5729047072330654,0.62375,0.5972471573907838,499,372,301
42,800,0.6,0.5,0.5785123966942148,0.7,0.6334841628959275,560,408,240
42,800,0.3,0.5,0.8397932816537468,0.40625,0.5475989890480203,325,62,475
42,800,0.3,0.4,0.6570996978851964,0.54375,0.5950752393980848,435,227,365
42,800,0.3,0.3,0.5584137191854234,0.65125,0.601269474899019,521,412,279
42,800,0.4,0.6,0.3209439528023599,0.68,0.4360721442885771,544,1151,256
42,800,0.5,0.3,0.570873786407767,0.735,0.6426229508196721,588,442,212
42,800,0.5,0.4,0.5360915492957746,0.76125,0.6291322314049588,609,527,191
42,800,0.5,0.5,0.5897435897435898,0.66125,0.6234531526222746,529,368,271
42,800,0.4,0.7,0.8050632911392405,0.3975,0.5322175732217572,318,77,482
42,800,0.6,0.7,0.5340136054421769,0.58875,0.5600475624256838,471,411,329
42,800,0.7,0.5,0.560081466395112,0.6875,0.6172839506172839,550,432,250
42,800,0.7,0.4,0.5820158102766798,0.73625,0.6501103752759381,589,423,211
42,800,0.7,0.3,0.6279296875,0.80375,0.7050438596491228,643,381,157
42,800,0.6,0.6,0.5106951871657754,0.71625,0.5962539021852238,573,549,227
42,1000,0.3,0.6,0.2361904761904762,0.248,0.24195121951219514,248,802,752
42,1000,0.3,0.7,0.75,0.003,0.005976095617529881,3,1,997
42,1000,0.4,0.5,0.6252587991718427,0.604,0.614445574771109,604,362,396
42,1000,0.5,0.7,0.6370558375634517,0.502,0.5615212527964205,502,286,498
42,1000,0.5,0.6,0.6991017964071856,0.467,0.5599520383693046,467,201,533
42,1000,0.4,0.4,0.4500285551113649,0.788,0.5728825881497637,788,963,212
42,1000,0.4,0.3,0.6137750653879687,0.704,0.6557987890079181,704,443,296
42,1000,0.6,0.3,0.667910447761194,0.716,0.691119691119691,716,356,284
42,1000,0.6,0.4,0.6424870466321243,0.62,0.6310432569974554,620,345,380
42,1000,0.7,0.6,0.5877342419080068,0.69,0.6347746090156394,690,484,310
42,1000,0.7,0.7,0.5117157974300831,0.677,0.582866982350409,677,646,323
42,1000,0.6,0.5,0.668054110301769,0.642,0.6547679755226924,642,319,358
42,1000,0.3,0.5,0.21021652301870927,1.0,0.3474031613687685,1000,3757,0
42,1000,0.3,0.4,0.36174242424242425,0.382,0.3715953307392996,382,674,618
42,1000,0.3,0.3,0.6489071038251366,0.475,0.5484988452655889,475,257,525
42,1000,0.4,0.6,0.21272069772388855,1.0,0.35081564637782847,1000,3701,0
42,1000,0.5,0.3,0.6438979963570127,0.707,0.6739752144899904,707,391,293
42,1000,0.5,0.4,0.6311557788944724,0.628,0.6295739348370928,628,367,372
42,1000,0.5,0.5,0.660695468914647,0.627,0.6434068753206773,627,322,373
42,1000,0.4,0.7,0.21008403361344538,1.0,0.34722222222222227,1000,3760,0
42,1000,0.6,0.7,0.6435935198821797,0.437,0.5205479452054794,437,242,563
42,1000,0.7,0.5,0.6382978723404256,0.63,0.634121791645697,630,357,370
42,1000,0.7,0.4,0.6175496688741722,0.746,0.6757246376811594,746,462,254
42,1000,0.7,0.3,0.6919642857142857,0.775,0.7311320754716981,775,345,225
42,1000,0.6,0.6,0.5883977900552486,0.639,0.6126558005752636,639,447,361
42,500,0.3,0.6,0.3584070796460177,0.648,0.4615384615384616,324,580,176
42,500,0.3,0.7,0.35390946502057613,0.688,0.4673913043478261,344,628,156
42,500,0.4,0.5,0.5007153075822603,0.7,0.5838198498748957,350,349,150
42,500,0.5,0.7,0.45263157894736844,0.688,0.546031746031746,344,416,156
42,500,0.5,0.6,0.4176470588235294,0.71,0.5259259259259259,355,495,145
42,500,0.4,0.4,0.3835227272727273,0.81,0.5205655526992288,405,651,95
42,500,0.4,0.3,0.4232922732362822,0.756,0.542713567839196,378,515,122
42,500,0.6,0.3,0.43973941368078173,0.81,0.5700211118930331,405,516,95
42,500,0.6,0.4,0.43847874720357943,0.784,0.5624103299856528,392,502,108
42,500,0.7,0.6,0.37224264705882354,0.81,0.5100755667506298,405,683,95
42,500,0.7,0.7,0.44526445264452646,0.724,0.5514089870525515,362,451,138
42,500,0.6,0.5,0.4930817610062893,0.784,0.6054054054054053,392,403,108
42,500,0.3,0.5,0.6791979949874687,0.542,0.6028921023359288,271,128,229
42,500,0.3,0.4,0.2681912681912682,0.774,0.39835306227483275,387,1056,113
42,500,0.3,0.3,0.4180790960451977,0.74,0.5342960288808665,370,515,130
42,500,0.4,0.6,0.5714285714285714,0.608,0.5891472868217055,304,228,196
42,500,0.5,0.3,0.45454545454545453,0.79,0.577063550036523,395,474,105
42,500,0.5,0.4,0.48431618569636137,0.772,0.5952197378565922,386,411,114
42,500,0.5,0.5,0.41041666666666665,0.788,0.5397260273972603,394,566,106
42,500,0.4,0.7,0.29541595925297115,0.696,0.41477949940405245,348,830,152
42,500,0.6,0.7,0.41498881431767337,0.742,0.5322812051649928,371,523,129
42,500,0.7,0.5,0.4434673366834171,0.706,0.5447530864197531,353,443,147
42,500,0.7,0.4,0.4925,0.788,0.6061538461538462,394,406,106
42,500,0.7,0.3,0.5542168674698795,0.828,0.6639935846030472,414,333,86
42,500,0.6,0.6,0.40427698574338083,0.794,0.5357624831309042,397,585,103
42,100,0.3,0.6,0.1008610086100861,0.82,0.1796276013143483,82,731,18
42,100,0.3,0.7,0.08055853920515575,0.75,0.1454898157129001,75,856,25
42,100,0.4,0.5,0.07532467532467532,0.87,0.13864541832669322,87,1068,13
42,100,0.5,0.7,0.09905660377358491,0.84,0.17721518987341772,84,764,16
42,100,0.5,0.6,0.11621233859397417,0.81,0.20326223337515684,81,616,19
42,100,0.4,0.4,0.10566037735849057,0.84,0.18770949720670393,84,711,16
42,100,0.4,0.3,0.11235955056179775,0.8,0.19704433497536944,80,632,20
42,100,0.6,0.3,0.12121212121212122,0.92,0.2142025611175786,92,667,8
42,100,0.6,0.4,0.12027972027972028,0.86,0.21104294478527608,86,629,14
42,100,0.7,0.6,0.10763454317897372,0.86,0.19132369299221358,86,713,14
42,100,0.7,0.7,0.11609498680738786,0.88,0.20512820512820515,88,670,12
42,100,0.6,0.5,0.13312202852614896,0.84,0.22982216142270862,84,547,16
42,100,0.3,0.5,0.06091718001368925,0.89,0.11402946828955797,89,1372,11
42,100,0.3,0.4,0.05671213208901651,0.79,0.10582719356999329,79,1314,21
42,100,0.3,0.3,0.125,0.83,0.21727748691099477,83,581,17
42,100,0.4,0.6,0.09177592371871275,0.77,0.16400425985090522,77,762,23
42,100,0.5,0.3,0.09364161849710982,0.81,0.16787564766839377,81,784,19
42,100,0.5,0.4,0.11608391608391608,0.83,0.20368098159509201,83,632,17
42,100,0.5,0.5,0.10056497175141244,0.89,0.18071065989847718,89,796,11
42,100,0.4,0.7,0.1126331811263318,0.74,0.1955085865257596,74,583,26
42,100,0.6,0.7,0.0940649496080627,0.84,0.1691842900302115,84,809,16
42,100,0.7,0.5,0.0881104033970276,0.83,0.15930902111324374,83,859,17
42,100,0.7,0.4,0.11125827814569536,0.84,0.19649122807017544,84,671,16
42,100,0.7,0.3,0.12934631432545202,0.93,0.2271062271062271,93,626,7
42,100,0.6,0.6,0.10062111801242236,0.81,0.17900552486187846,81,724,19
75,800,0.3,0.6,0.302841918294849,0.42625,0.35410176531671866,341,785,459
75,800,0.3,0.7,0.28084415584415584,0.4325,0.3405511811023622,346,886,454
75,800,0.4,0.5,0.4863883847549909,0.67,0.5636172450052576,536,566,264
75,800,0.5,0.7,0.4743119266055046,0.64625,0.547089947089947,517,573,283
75,800,0.5,0.6,0.43338008415147267,0.7725,0.555256064690027,618,808,182
75,800,0.4,0.4,0.42787456445993033,0.7675,0.5494407158836689,614,821,186
75,800,0.4,0.3,0.5211640211640212,0.73875,0.6111685625646328,591,543,209
75,800,0.6,0.3,0.5700197238658777,0.7225,0.6372657111356118,578,436,222
75,800,0.6,0.4,0.581799591002045,0.71125,0.6400449943757031,569,409,231
75,800,0.7,0.6,0.48699551569506727,0.67875,0.5671018276762402,543,572,257
75,800,0.7,0.7,0.5021987686895338,0.71375,0.5895715023231801,571,566,229
75,800,0.6,0.5,0.4943820224719101,0.77,0.6021505376344086,616,630,184
75,800,0.3,0.5,0.26845238095238094,0.56375,0.36370967741935484,451,1229,349
75,800,0.3,0.4,0.576068376068376,0.42125,0.4866425992779783,337,248,463
75,800,0.3,0.3,0.4983471074380165,0.75375,0.6000000000000001,603,607,197
75,800,0.4,0.6,0.44556765163297046,0.71625,0.5493767976989454,573,713,227
75,800,0.5,0.3,0.5511463844797179,0.78125,0.6463288521199586,625,509,175
75,800,0.5,0.4,0.5242009132420091,0.7175,0.6058047493403694,574,521,226
75,800,0.5,0.5,0.42896362388469456,0.78125,0.5538325210456357,625,832,175
75,800,0.4,0.7,0.38295577130528585,0.44375,0.4111175448755066,355,572,445
75,800,0.6,0.7,0.5387205387205387,0.6,0.5677114133648729,480,411,320
75,800,0.7,0.5,0.559748427672956,0.6675,0.6088939566704674,534,420,266
75,800,0.7,0.4,0.5879345603271984,0.71875,0.6467941507311586,575,403,225
75,800,0.7,0.3,0.629,0.78625,0.6988888888888889,629,371,171
75,800,0.6,0.6,0.49692712906057945,0.7075,0.5838060856111398,566,573,234
75,1000,0.3,0.6,0.28703703703703703,0.217,0.2471526195899772,217,539,783
75,1000,0.3,0.7,0.2720105124835742,0.207,0.23509369676320271,207,554,793
75,1000,0.4,0.5,0.45957152729785766,0.665,0.5435226808336738,665,782,335
75,1000,0.5,0.7,0.4841549295774648,0.55,0.5149812734082397,550,586,450
75,1000,0.5,0.6,0.4618226600985222,0.75,0.5716463414634146,750,874,250
75,1000,0.4,0.4,0.5066045066045066,0.652,0.5701792741582858,652,635,348
75,1000,0.4,0.3,0.6090712742980562,0.564,0.5856697819314642,564,362,436
75,1000,0.6,0.3,0.6071428571428571,0.646,0.625968992248062,646,418,354
75,1000,0.6,0.4,0.6189189189189189,0.687,0.6511848341232228,687,423,313
75,1000,0.7,0.6,0.551094890510949,0.604,0.5763358778625954,604,492,396
75,1000,0.7,0.7,0.46804260985352863,0.703,0.5619504396482814,703,799,297
75,1000,0.6,0.5,0.5814581458145814,0.646,0.6120322122216959,646,465,354
75,1000,0.3,0.5,0.3324584426946632,0.38,0.35464302379841345,380,763,620
75,1000,0.3,0.4,0.631578947368421,0.24,0.34782608695652173,240,140,760
75,1000,0.3,0.3,0.6067961165048543,0.5,0.5482456140350876,500,324,500
75,1000,0.4,0.6,0.4814398200224972,0.428,0.4531498147167814,428,461,572
75,1000,0.5,0.3,0.6398503274087932,0.684,0.6611889801836637,684,385,316
75,1000,0.5,0.4,0.5511182108626198,0.69,0.6127886323268206,690,562,310
75,1000,0.5,0.5,0.5447619047619048,0.572,0.5580487804878048,572,478,428
75,1000,0.4,0.7,0.2652777777777778,0.573,0.3626582278481013,573,1587,427
75,1000,0.6,0.7,0.5764587525150905,0.573,0.5747241725175527,573,421,427
75,1000,0.7,0.5,0.5872873769024172,0.656,0.6197449220595181,656,461,344
75,1000,0.7,0.4,0.6325459317585301,0.723,0.6747550163322446,723,420,277
75,1000,0.7,0.3,0.7152988855116514,0.706,0.7106190236537494,706,281,294
75,1000,0.6,0.6,0.5418464193270061,0.628,0.5817508105604446,628,531,372
75,500,0.3,0.6,0.26378676470588236,0.574,0.3614609571788413,287,801,213
75,500,0.3,0.7,0.2238372093023256,0.616,0.3283582089552239,308,1068,192
75,500,0.4,0.5,0.37362637362637363,0.748,0.4983344437041972,374,627,126
75,500,0.5,0.7,0.366307541625857,0.748,0.49178172255095326,374,647,126
75,500,0.5,0.6,0.3385012919896641,0.786,0.473208910295003,393,768,107
75,500,0.4,0.4,0.39125910509885536,0.752,0.514715947980835,376,585,124
75,500,0.4,0.3,0.37130044843049326,0.828,0.5126934984520123,414,701,86
75,500,0.6,0.3,0.4050632911392405,0.832,0.5448592010478062,416,611,84
75,500,0.6,0.4,0.446135831381733,0.762,0.5627769571639587,381,473,119
75,500,0.7,0.6,0.38499025341130605,0.79,0.5176933158584535,395,631,105
75,500,0.7,0.7,0.34470377019748655,0.768,0.47583643122676583,384,730,116
75,500,0.6,0.5,0.429042904290429,0.78,0.553584102200142,390,519,110
75,500,0.3,0.5,0.37004950495049505,0.598,0.45718654434250766,299,509,201
75,500,0.3,0.4,0.35214446952595935,0.624,0.4502164502164502,312,574,188
75,500,0.3,0.3,0.41325966850828727,0.748,0.5323843416370106,374,531,126
75,500,0.4,0.6,0.336472602739726,0.786,0.4712230215827338,393,775,107
75,500,0.5,0.3,0.43426724137931033,0.806,0.5644257703081232,403,525,97
75,500,0.5,0.4,0.3480352846832398,0.868,0.4968517458500286,434,813,66
75,500,0.5,0.5,0.3440677966101695,0.812,0.4833333333333334,406,774,94
75,500,0.4,0.7,0.3393258426966292,0.604,0.43453237410071943,302,588,198
75,500,0.6,0.7,0.31973355537052456,0.768,0.45149911816578486,384,817,116
75,500,0.7,0.5,0.40676117775354415,0.746,0.5264643613267466,373,544,127
75,500,0.7,0.4,0.4317226890756303,0.822,0.566115702479339,411,541,89
75,500,0.7,0.3,0.5106382978723404,0.768,0.6134185303514377,384,368,116
75,500,0.6,0.6,0.3327745180217938,0.794,0.4689899586532782,397,796,103
75,100,0.3,0.6,0.061821219715956555,0.74,0.1141094834232845,74,1123,26
75,100,0.3,0.7,0.08429561200923788,0.73,0.15113871635610768,73,793,27
75,100,0.4,0.5,0.09610705596107055,0.79,0.17136659436008675,79,743,21
75,100,0.5,0.7,0.09535452322738386,0.78,0.16993464052287582,78,740,22
75,100,0.5,0.6,0.08893956670467502,0.78,0.15967246673490273,78,799,22
75,100,0.4,0.4,0.09004237288135593,0.85,0.16283524904214558,85,859,15
75,100,0.4,0.3,0.0873405299313052,0.89,0.15907059874888294,89,930,11
75,100,0.6,0.3,0.11218335343787696,0.93,0.20021528525296017,93,736,7
75,100,0.6,0.4,0.10133333333333333,0.76,0.17882352941176471,76,674,24
75,100,0.7,0.6,0.09235668789808917,0.87,0.16698656429942416,87,855,13
75,100,0.7,0.7,0.08523290386521308,0.86,0.1550946798917944,86,923,14
75,100,0.6,0.5,0.08895705521472393,0.87,0.1614100185528757,87,891,13
75,100,0.3,0.5,0.09263959390862944,0.73,0.16441441441441443,73,715,27
75,100,0.3,0.4,0.09814323607427056,0.74,0.17330210772833723,74,680,26
75,100,0.3,0.3,0.08568443051201671,0.82,0.1551561021759697,82,875,18
75,100,0.4,0.6,0.09460946094609461,0.86,0.17046580773042616,86,823,14
75,100,0.5,0.3,0.09856035437430787,0.89,0.17746759720837488,89,814,11
75,100,0.5,0.4,0.08434864104967198,0.9,0.15424164524421594,90,977,10
75,100,0.5,0.5,0.08366533864541832,0.84,0.15217391304347824,84,920,16
75,100,0.4,0.7,0.06269349845201239,0.81,0.11637931034482758,81,1211,19
75,100,0.6,0.7,0.078,0.78,0.14181818181818184,78,922,22
75,100,0.7,0.5,0.09364908503767493,0.87,0.16909620991253646,87,842,13
75,100,0.7,0.4,0.10440251572327044,0.83,0.18547486033519553,83,712,17
75,100,0.7,0.3,0.11646586345381527,0.87,0.20543093270365997,87,660,13
75,100,0.6,0.6,0.0791015625,0.81,0.14412811387900354,81,943,19
119,800,0.3,0.6,0.36817472698907955,0.295,0.3275503122831367,236,405,564
119,800,0.3,0.7,0.312792511700468,0.50125,0.3852065321805956,401,881,399
119,800,0.4,0.5,0.37865748709122204,0.825,0.5190719622493118,660,1083,140
119,800,0.5,0.7,0.38415841584158417,0.7275,0.5028077753779698,582,933,218
119,800,0.5,0.6,0.45819935691318325,0.7125,0.557729941291585,570,674,230
119,800,0.4,0.4,0.453125,0.76125,0.5680970149253731,609,735,191
119,800,0.4,0.3,0.5708542713567839,0.71,0.6328690807799443,568,427,232
119,800,0.6,0.3,0.6682080924855491,0.7225,0.6942942942942943,578,287,222
119,800,0.6,0.4,0.6361702127659574,0.7475,0.6873563218390805,598,342,202
119,800,0.7,0.6,0.5392953929539296,0.74625,0.626114315679077,597,510,203
119,800,0.7,0.7,0.48636763412489004,0.69125,0.5709860609189469,553,584,247
119,800,0.6,0.5,0.5074135090609555,0.77,0.6117179741807348,616,598,184
119,800,0.3,0.5,0.37037037037037035,0.675,0.47829937998228517,540,918,260
119,800,0.3,0.4,0.38005865102639297,0.81,0.5173652694610779,648,1057,152
119,800,0.3,0.3,0.5650406504065041,0.695,0.6233183856502242,556,428,244
119,800,0.4,0.6,0.34851138353765326,0.74625,0.4751293274970155,597,1116,203
119,800,0.5,0.3,0.5846007604562737,0.76875,0.6641468682505399,615,437,185
119,800,0.5,0.4,0.5993449781659389,0.68625,0.6398601398601398,549,367,251
119,800,0.5,0.5,0.4447632711621234,0.775,0.5651777575205106,620,774,180
119,800,0.4,0.7,0.3733974358974359,0.5825,0.455078125,466,782,334
119,800,0.6,0.7,0.4965095986038394,0.71125,0.5847893114080165,569,577,231
119,800,0.7,0.5,0.5863095238095238,0.73875,0.6537610619469028,591,417,209
119,800,0.7,0.4,0.6133603238866396,0.7575,0.6778523489932885,606,382,194
119,800,0.7,0.3,0.6615384615384615,0.86,0.7478260869565216,688,352,112
119,800,0.6,0.6,0.5607476635514018,0.675,0.6125921724333523,540,423,260
119,1000,0.3,0.6,0.3925686591276252,0.243,0.30018529956763434,243,376,757
119,1000,0.3,0.7,0.2095996646405366,1.0,0.34656038814763473,1000,3771,0
119,1000,0.4,0.5,0.4209354120267261,0.756,0.5407725321888412,756,1040,244
119,1000,0.5,0.7,0.4562631210636809,0.652,0.53684643886373,652,777,348
119,1000,0.5,0.6,0.47147766323024054,0.686,0.5588594704684318,686,769,314
119,1000,0.4,0.4,0.4969939879759519,0.744,0.5959150981177412,744,753,256
119,1000,0.4,0.3,0.6011804384485666,0.713,0.6523330283623056,713,473,287
119,1000,0.6,0.3,0.6601769911504425,0.746,0.7004694835680751,746,384,254
119,1000,0.6,0.4,0.6526785714285714,0.731,0.6896226415094341,731,389,269
119,1000,0.7,0.6,0.6295603367633302,0.673,0.6505558240695988,673,396,327
119,1000,0.7,0.7,0.5253312548713952,0.674,0.5904511607533947,674,609,326
119,1000,0.6,0.5,0.6236749116607774,0.706,0.6622889305816135,706,426,294
119,1000,0.3,0.5,0.43363636363636365,0.477,0.45428571428571424,477,623,523
119,1000,0.3,0.4,0.4298056155507559,0.796,0.5582047685834501,796,1056,204
119,1000,0.3,0.3,0.5222141296431173,0.717,0.6042983565107459,717,656,283
119,1000,0.4,0.6,0.5391705069124424,0.468,0.5010706638115633,468,400,532
119,1000,0.5,0.3,0.6530797101449275,0.721,0.685361216730038,721,383,279
119,1000,0.5,0.4,0.5794753086419753,0.751,0.6541811846689896,751,545,249
119,1000,0.5,0.5,0.4860828241683639,0.716,0.5790537808329963,716,757,284
119,1000,0.4,0.7,0.45748502994011975,0.382,0.41634877384196184,382,453,618
119,1000,0.6,0.7,0.5515297906602254,0.685,0.6110615521855487,685,557,315
119,1000,0.7,0.5,0.6188034188034188,0.724,0.6672811059907834,724,446,276
119,1000,0.7,0.4,0.6503122212310437,0.729,0.6874115983026874,729,392,271
119,1000,0.7,0.3,0.7217847769028871,0.825,0.7699486700886607,825,318,175
119,1000,0.6,0.6,0.6075829383886255,0.641,0.6238442822384428,641,414,359
119,500,0.3,0.6,0.25258086717136957,0.734,0.37583205325140806,367,1086,133
119,500,0.3,0.7,0.2181188690132718,0.756,0.3385579937304075,378,1355,122
119,500,0.4,0.5,0.3591800356506239,0.806,0.49691738594327994,403,719,97
119,500,0.5,0.7,0.276355421686747,0.734,0.40153172866520787,367,961,133
119,500,0.5,0.6,0.4,0.72,0.5142857142857142,360,540,140
119,500,0.4,0.4,0.4185267857142857,0.75,0.5372492836676218,375,521,125
119,500,0.4,0.3,0.4153846153846154,0.756,0.5361702127659574,378,532,122
119,500,0.6,0.3,0.5122265122265123,0.796,0.6233359436178545,398,379,102
119,500,0.6,0.4,0.47539015606242496,0.792,0.5941485371342835,396,437,104
119,500,0.7,0.6,0.407149950347567,0.82,0.544127405441274,410,597,90
119,500,0.7,0.7,0.4150731158605174,0.738,0.531317494600432,369,520,131
119,500,0.6,0.5,0.39345887016848363,0.794,0.5261762756792577,397,612,103
119,500,0.3,0.5,0.27318840579710146,0.754,0.4010638297872341,377,1003,123
119,500,0.3,0.4,0.334453781512605,0.796,0.4710059171597633,398,792,102
119,500,0.3,0.3,0.40461215932914046,0.772,0.530949105914718,386,568,114
119,500,0.4,0.6,0.3224489795918367,0.632,0.427027027027027,316,664,184
119,500,0.5,0.3,0.4606613454960091,0.808,0.5867828612926652,404,473,96
119,500,0.5,0.4,0.40476190476190477,0.816,0.5411140583554377,408,600,92
119,500,0.5,0.5,0.3640639698965193,0.774,0.4952015355086372,387,676,113
119,500,0.4,0.7,0.26911076443057724,0.69,0.3872053872053872,345,937,155
119,500,0.6,0.7,0.375609756097561,0.77,0.5049180327868853,385,640,115
119,500,0.7,0.5,0.45872641509433965,0.778,0.5771513353115727,389,459,111
119,500,0.7,0.4,0.43581445523193096,0.808,0.5662228451296426,404,523,96
119,500,0.7,0.3,0.5190023752969121,0.874,0.6512667660208643,437,405,63
119,500,0.6,0.6,0.3706422018348624,0.808,0.5081761006289308,404,686,96
119,100,0.3,0.6,0.064891846921797,0.78,0.11981566820276499,78,1124,22
119,100,0.3,0.7,0.062193126022913256,0.76,0.11497730711043873,76,1146,24
119,100,0.4,0.5,0.09277238403451996,0.86,0.16747809152872445,86,841,14
119,100,0.5,0.7,0.07651715039577836,0.87,0.1406628940986257,87,1050,13
119,100,0.5,0.6,0.09284116331096197,0.83,0.1670020120724346,83,811,17
119,100,0.4,0.4,0.09108910891089109,0.92,0.16576576576576577,92,918,8
119,100,0.4,0.3,0.10023310023310024,0.86,0.17954070981210857,86,772,14
119,100,0.6,0.3,0.11528150134048257,0.86,0.20330969267139481,86,660,14
119,100,0.6,0.4,0.11297071129707113,0.81,0.19828641370869032,81,636,19
119,100,0.7,0.6,0.1050767414403778,0.89,0.18796198521647306,89,758,11
119,100,0.7,0.7,0.08986415882967608,0.86,0.162724692526017,86,871,14
119,100,0.6,0.5,0.0958904109589041,0.84,0.1721311475409836,84,792,16
119,100,0.3,0.5,0.06810035842293907,0.76,0.12500000000000003,76,1040,24
119,100,0.3,0.4,0.09023354564755838,0.85,0.16314779270633398,85,857,15
119,100,0.3,0.3,0.0898989898989899,0.89,0.16330275229357796,89,901,11
119,100,0.4,0.6,0.0665044606650446,0.82,0.12303075768942236,82,1151,18
119,100,0.5,0.3,0.10416666666666667,0.9,0.18672199170124482,90,774,10
119,100,0.5,0.4,0.11014851485148515,0.89,0.1960352422907489,89,719,11
119,100,0.5,0.5,0.1027479091995221,0.86,0.18356456776947705,86,751,14
119,100,0.4,0.7,0.05617147080561715,0.76,0.10461114934618032,76,1277,24
119,100,0.6,0.7,0.09120521172638436,0.84,0.16454456415279137,84,837,16
119,100,0.7,0.5,0.10630841121495327,0.91,0.19037656903765693,91,765,9
119,100,0.7,0.4,0.10915934755332497,0.87,0.19397993311036787,87,710,13
119,100,0.7,0.3,0.1435483870967742,0.89,0.2472222222222222,89,531,11
119,100,0.6,0.6,0.08133086876155268,0.88,0.14890016920473773,88,994,12
86,800,0.3,0.6,0.5126705653021443,0.6575,0.5761226725082147,526,500,274
86,800,0.3,0.7,0.6166253101736973,0.62125,0.6189290161892901,497,309,303
86,800,0.4,0.5,0.6216216216216216,0.69,0.6540284360189573,552,336,248
86,800,0.5,0.7,0.6136631330977621,0.65125,0.6318981200727714,521,328,279
86,800,0.5,0.6,0.6418663303909206,0.63625,0.6390458254865033,509,284,291
86,800,0.4,0.4,0.6409465020576132,0.77875,0.7031602708803611,623,349,177
86,800,0.4,0.3,0.6659877800407332,0.8175,0.734006734006734,654,328,146
86,800,0.6,0.3,0.7841726618705036,0.8175,0.8004895960832314,654,180,146
86,800,0.6,0.4,0.673469387755102,0.825,0.7415730337078652,660,320,140
86,800,0.7,0.6,0.6236559139784946,0.7975,0.6999451453647834,638,385,162
86,800,0.7,0.7,0.6065259117082533,0.79,0.6862106406080347,632,410,168
86,800,0.6,0.5,0.6092165898617512,0.82625,0.7013262599469496,661,424,139
86,800,0.3,0.5,0.5721649484536082,0.69375,0.6271186440677966,555,415,245
86,800,0.3,0.4,0.6026785714285714,0.675,0.6367924528301886,540,356,260
86,800,0.3,0.3,0.6735966735966736,0.81,0.7355278093076051,648,314,152
86,800,0.4,0.6,0.5812917594654788,0.6525,0.6148409893992933,522,376,278
86,800,0.5,0.3,0.6585603112840467,0.84625,0.7407002188183808,677,351,123
86,800,0.5,0.4,0.6226415094339622,0.825,0.7096774193548386,660,400,140
86,800,0.5,0.5,0.5864022662889519,0.77625,0.6681011296395911,621,438,179
86,800,0.4,0.7,0.5719424460431655,0.59625,0.5838433292533659,477,357,323
86,800,0.6,0.7,0.6571798188874515,0.635,0.645899554990464,508,265,292
86,800,0.7,0.5,0.6860215053763441,0.7975,0.7375722543352602,638,292,162
86,800,0.7,0.4,0.718931475029036,0.77375,0.7453341360626129,619,242,181
86,800,0.7,0.3,0.7886658795749705,0.835,0.8111718275652701,668,179,132
86,800,0.6,0.6,0.6415882967607106,0.7675,0.698918611269209,614,343,186
86,1000,0.3,0.6,0.4381107491856677,0.538,0.4829443447037702,538,690,462
86,1000,0.3,0.7,0.6891891891891891,0.255,0.3722627737226277,255,115,745
86,1000,0.4,0.5,0.677319587628866,0.657,0.667005076142132,657,313,343
86,1000,0.5,0.7,0.623574144486692,0.656,0.6393762183235867,656,396,344
86,1000,0.5,0.6,0.6253443526170799,0.681,0.6519865964576352,681,408,319
86,1000,0.4,0.4,0.703842549203374,0.751,0.7266569908079341,751,316,249
86,1000,0.4,0.3,0.7348837209302326,0.79,0.7614457831325302,790,285,210
86,1000,0.6,0.3,0.8329787234042553,0.783,0.8072164948453608,783,157,217
86,1000,0.6,0.4,0.736441484300666,0.774,0.7547537786445636,774,277,226
86,1000,0.7,0.6,0.6989247311827957,0.78,0.7372400756143667,780,336,220
86,1000,0.7,0.7,0.6876138433515483,0.755,0.7197330791229744,755,343,245
86,1000,0.6,0.5,0.7015706806282722,0.804,0.7493010251630942,804,342,196
86,1000,0.3,0.5,0.5849227974568574,0.644,0.6130414088529272,644,457,356
86,1000,0.3,0.4,0.643305439330544,0.615,0.6288343558282208,615,341,385
86,1000,0.3,0.3,0.7085972850678733,0.783,0.7439429928741093,783,322,217
86,1000,0.4,0.6,0.6146067415730337,0.547,0.5788359788359789,547,343,453
86,1000,0.5,0.3,0.7150304083405734,0.823,0.7652254765225476,823,328,177
86,1000,0.5,0.4,0.6686491079014444,0.787,0.7230133210840607,787,390,213
86,1000,0.5,0.5,0.6510416666666666,0.75,0.6970260223048328,750,402,250
86,1000,0.4,0.7,0.5742481203007519,0.611,0.5920542635658914,611,453,389
86,1000,0.6,0.7,0.6197440585009141,0.678,0.6475644699140402,678,416,322
86,1000,0.7,0.5,0.6683006535947712,0.818,0.7356115107913669,818,406,182
86,1000,0.7,0.4,0.7514018691588785,0.804,0.7768115942028987,804,266,196
86,1000,0.7,0.3,0.8434504792332268,0.792,0.81691593604951,792,147,208
86,1000,0.6,0.6,0.6484641638225256,0.76,0.6998158379373848,760,412,240
86,500,0.3,0.6,0.44605263157894737,0.678,0.5380952380952381,339,421,161
86,500,0.3,0.7,0.4164004259850905,0.782,0.5434329395413481,391,548,109
86,500,0.4,0.5,0.47196870925684486,0.724,0.5714285714285714,362,405,138
86,500,0.5,0.7,0.4967148488830486,0.756,0.5995241871530531,378,383,122
86,500,0.5,0.6,0.5020188425302826,0.746,0.6001609010458568,373,370,127
86,500,0.4,0.4,0.4820393974507532,0.832,0.6104181951577402,416,447,84
86,500,0.4,0.3,0.4837261503928171,0.862,0.6196980589503954,431,460,69
86,500,0.6,0.3,0.6635220125786163,0.844,0.7429577464788732,422,214,78
86,500,0.6,0.4,0.5447470817120622,0.84,0.6608969315499605,420,351,80
86,500,0.7,0.6,0.4756637168141593,0.86,0.6125356125356125,430,474,70
86,500,0.7,0.7,0.477751756440281,0.816,0.6026587887740029,408,446,92
86,500,0.6,0.5,0.5077844311377245,0.848,0.6352059925093633,424,411,76
86,500,0.3,0.5,0.5169971671388102,0.73,0.60530679933665,365,341,135
86,500,0.3,0.4,0.5040431266846361,0.748,0.6022544283413849,374,368,126
86,500,0.3,0.3,0.5325670498084292,0.834,0.6500389711613406,417,366,83
86,500,0.4,0.6,0.4738955823293173,0.708,0.5677626303127506,354,393,146
86,500,0.5,0.3,0.5123094958968347,0.874,0.6459719142645972,437,416,63
86,500,0.5,0.4,0.48904267589388695,0.848,0.62033650329188,424,443,76
86,500,0.5,0.5,0.48854041013269,0.81,0.6094808126410836,405,424,95
86,500,0.4,0.7,0.5022692889561271,0.664,0.5719207579672696,332,329,168
86,500,0.6,0.7,0.5020026702269693,0.752,0.6020816653322658,376,373,124
86,500,0.7,0.5,0.5304010349288486,0.82,0.6441476826394344,410,363,90
86,500,0.7,0.4,0.5626631853785901,0.862,0.6808846761453397,431,335,69
86,500,0.7,0.3,0.6526162790697675,0.898,0.755892255892256,449,239,51
86,500,0.6,0.6,0.4392523364485981,0.846,0.5782638414217361,423,540,77
86,100,0.3,0.6,0.1323024054982818,0.77,0.22580645161290325,77,505,23
86,100,0.3,0.7,0.11640953716690042,0.83,0.20418204182041821,83,630,17
86,100,0.4,0.5,0.11527777777777778,0.83,0.20243902439024392,83,637,17
86,100,0.5,0.7,0.14839797639123103,0.88,0.253968253968254,88,505,12
86,100,0.5,0.6,0.11819389110225764,0.89,0.20867526377491208,89,664,11
86,100,0.4,0.4,0.14262023217247097,0.86,0.24466571834992887,86,517,14
86,100,0.4,0.3,0.13273001508295626,0.88,0.23066841415465267,88,575,12
86,100,0.6,0.3,0.2194513715710723,0.88,0.35129740518962077,88,313,12
86,100,0.6,0.4,0.1352154531946508,0.91,0.2354463130659767,91,582,9
86,100,0.7,0.6,0.13897280966767372,0.92,0.2414698162729659,92,570,8
86,100,0.7,0.7,0.13376835236541598,0.82,0.2300140252454418,82,531,18
86,100,0.6,0.5,0.13834586466165413,0.92,0.24052287581699344,92,573,8
86,100,0.3,0.5,0.11654676258992806,0.81,0.2037735849056604,81,614,19
86,100,0.3,0.4,0.11882510013351134,0.89,0.20965842167255594,89,660,11
86,100,0.3,0.3,0.1461794019933555,0.88,0.25071225071225073,88,514,12
86,100,0.4,0.6,0.14586994727592267,0.83,0.24813153961136022,83,486,17
86,100,0.5,0.3,0.14378029079159935,0.89,0.24756606397774686,89,530,11
86,100,0.5,0.4,0.13622291021671826,0.88,0.2359249329758713,88,558,12
86,100,0.5,0.5,0.13145539906103287,0.84,0.22733423545331533,84,555,16
86,100,0.4,0.7,0.15757575757575756,0.78,0.2621848739495798,78,417,22
86,100,0.6,0.7,0.125,0.89,0.2192118226600985,89,623,11
86,100,0.7,0.5,0.1493288590604027,0.89,0.25574712643678166,89,507,11
86,100,0.7,0.4,0.1388888888888889,0.9,0.24064171122994651,90,558,10
86,100,0.7,0.3,0.2235294117647059,0.95,0.3619047619047619,95,330,5
86,100,0.6,0.6,0.12459546925566344,0.77,0.21448467966573817,77,541,23
31,800,0.3,0.6,0.12487591820528092,1.0,0.2220261207200847,629,4408,0
31,800,0.3,0.7,0.10760373238038515,1.0,0.1943000537730776,542,4495,0
31,800,0.4,0.5,0.3640922768304915,0.45375,0.4040066777963272,363,634,437
31,800,0.5,0.7,0.42097902097902096,0.37625,0.39735973597359736,301,414,499
31,800,0.5,0.6,0.23029772329246936,0.6575,0.3411154345006485,526,1758,274
31,800,0.4,0.4,0.41903584672435107,0.8475,0.5607940446650125,678,940,122
31,800,0.4,0.3,0.5124584717607974,0.77125,0.6157684630738524,617,587,183
31,800,0.6,0.3,0.5448997384481256,0.78125,0.6420133538777606,625,522,175
31,800,0.6,0.4,0.49534883720930234,0.79875,0.6114832535885167,639,651,161
31,800,0.7,0.6,0.49955555555555553,0.7025,0.583896103896104,562,563,238
31,800,0.7,0.7,0.38985005767012687,0.845,0.5335438042620363,676,1058,124
31,800,0.6,0.5,0.47116843702579664,0.77625,0.5864022662889518,621,697,179
31,800,0.3,0.5,0.0,0.0,0.0,0,0,800
31,800,0.3,0.4,0.65625,0.28875,0.40104166666666663,231,121,569
31,800,0.3,0.3,0.4487004103967168,0.82,0.5800176834659593,656,806,144
31,800,0.4,0.6,0.18135506877228733,0.89,0.3013118916631401,712,3214,88
31,800,0.5,0.3,0.5161550888529887,0.79875,0.6270853778213935,639,599,161
31,800,0.5,0.4,0.43729903536977494,0.85,0.5774946921443737,680,875,120
31,800,0.5,0.5,0.4106583072100313,0.81875,0.5469728601252609,655,940,145
31,800,0.4,0.7,0.16704948841094175,1.0,0.28627661477903027,800,3989,0
31,800,0.6,0.7,0.4083769633507853,0.2925,0.3408594319009468,234,339,566
31,800,0.7,0.5,0.5392857142857143,0.755,0.6291666666666667,604,516,196
31,800,0.7,0.4,0.5187793427230047,0.82875,0.6381135707410972,663,615,137
31,800,0.7,0.3,0.6614255765199162,0.78875,0.7194982896237172,631,323,169
31,800,0.6,0.6,0.3939038686987104,0.84,0.536312849162011,672,1034,128
31,1000,0.3,0.6,0.12487591820528092,1.0,0.2220261207200847,629,4408,0
31,1000,0.3,0.7,0.10760373238038515,1.0,0.1943000537730776,542,4495,0
31,1000,0.4,0.5,0.0,0.0,0.0,0,0,1000
31,1000,0.5,0.7,0.20648358455502788,1.0,0.3422899195618689,1000,3843,0
31,1000,0.5,0.6,0.0,0.0,0.0,0,0,1000
31,1000,0.4,0.4,0.5673575129533679,0.657,0.6088971269694162,657,501,343
31,1000,0.4,0.3,0.5336442371752165,0.801,0.6405437824870052,801,700,199
31,1000,0.6,0.3,0.6192052980132451,0.748,0.6775362318840581,748,460,252
31,1000,0.6,0.4,0.5878542510121457,0.726,0.6496644295302013,726,509,274
31,1000,0.7,0.6,0.4834558823529412,0.789,0.5995440729483282,789,843,211
31,1000,0.7,0.7,0.45235294117647057,0.769,0.5696296296296296,769,931,231
31,1000,0.6,0.5,0.5139171758316361,0.757,0.6122118883946622,757,716,243
31,1000,0.3,0.5,0.197736748064324,1.0,0.33018398806563903,996,4041,0
31,1000,0.3,0.4,0.6964285714285714,0.078,0.14028776978417268,78,34,922
31,1000,0.3,0.3,0.5515933232169955,0.727,0.6272648835202761,727,591,273
31,1000,0.4,0.6,0.20445716622367613,1.0,0.3395009336275675,1000,3891,0
31,1000,0.5,0.3,0.5296010296010296,0.823,0.6444792482380579,823,731,177
31,1000,0.5,0.4,0.5953408110440035,0.69,0.6391848077813803,690,469,310
31,1000,0.5,0.5,0.4515951595159516,0.821,0.5826827537260468,821,997,179
31,1000,0.4,0.7,0.0,0.0,0.0,0,0,1000
31,1000,0.6,0.7,0.0,0.0,0.0,0,0,1000
31,1000,0.7,0.5,0.5604900459418071,0.732,0.634865568083261,732,574,268
31,1000,0.7,0.4,0.5933977455716586,0.737,0.6574487065120427,737,505,263
31,1000,0.7,0.3,0.7487179487179487,0.73,0.739240506329114,730,245,270
31,1000,0.6,0.6,0.4624922504649721,0.746,0.5709911978568696,746,867,254
31,500,0.3,0.6,0.0,0.0,0.0,0,0,500
31,500,0.3,0.7,0.1001001001001001,1.0,0.18198362147406735,500,4495,0
31,500,0.4,0.5,0.25195729537366546,0.708,0.3716535433070866,354,1051,146
31,500,0.5,0.7,0.25196288365453245,0.706,0.3713834823776959,353,1048,147
31,500,0.5,0.6,0.23348017621145375,0.742,0.35519387266634755,371,1218,129
31,500,0.4,0.4,0.4134199134199134,0.764,0.5365168539325842,382,542,118
31,500,0.4,0.3,0.35580204778157,0.834,0.49880382775119614,417,755,83
31,500,0.6,0.3,0.38078902229845624,0.888,0.5330132052821128,444,722,56
31,500,0.6,0.4,0.3886300093196645,0.834,0.5301970756516212,417,656,83
31,500,0.7,0.6,0.3341729638958858,0.796,0.4707273802483738,398,793,102
31,500,0.7,0.7,0.31765612952968386,0.824,0.4585420144685587,412,885,88
31,500,0.6,0.5,0.3283699059561129,0.838,0.47184684684684686,419,857,81
31,500,0.3,0.5,0.35809806835066865,0.482,0.4109121909633418,241,432,259
31,500,0.3,0.4,0.2192600652883569,0.806,0.34473909324208724,403,1435,97
31,500,0.3,0.3,0.3671586715867159,0.796,0.5025252525252526,398,686,102
31,500,0.4,0.6,0.23621025308241403,0.728,0.35668789808917195,364,1177,136
31,500,0.5,0.3,0.36462699077954736,0.87,0.5138806851742469,435,758,65
31,500,0.5,0.4,0.34161988773055335,0.852,0.4876931883228392,426,821,74
31,500,0.5,0.5,0.300784034212402,0.844,0.4435102469784551,422,981,78
31,500,0.4,0.7,0.221480244852532,0.796,0.3465389638659121,398,1399,102
31,500,0.6,0.7,0.2296884544899206,0.752,0.35189518015910154,376,1261,124
31,500,0.7,0.5,0.44680851063829785,0.798,0.5728643216080402,399,494,101
31,500,0.7,0.4,0.3811219946571683,0.856,0.5274183610597658,428,695,72
31,500,0.7,0.3,0.4738562091503268,0.87,0.6135401974612129,435,483,65
31,500,0.6,0.6,0.29231815091774305,0.86,0.43632673769660074,430,1041,70
31,100,0.3,0.6,0.09312638580931264,0.42,0.15245009074410162,42,409,58
31,100,0.3,0.7,0.10495626822157435,0.36,0.16252821670428894,36,307,64
31,100,0.4,0.5,0.07508532423208192,0.66,0.13483146067415733,66,813,34
31,100,0.5,0.7,0.054119061936259774,0.9,0.1020986954055587,90,1573,10
31,100,0.5,0.6,0.05,0.78,0.09397590361445785,78,1482,22
31,100,0.4,0.4,0.08142726440988106,0.89,0.14920368818105617,89,1004,11
31,100,0.4,0.3,0.08280254777070063,0.91,0.1517931609674729,91,1008,9
31,100,0.6,0.3,0.09660297239915075,0.91,0.17466410748560462,91,851,9
31,100,0.6,0.4,0.08098591549295775,0.92,0.14886731391585759,92,1044,8
31,100,0.7,0.6,0.07830188679245283,0.83,0.14310344827586205,83,977,17
31,100,0.7,0.7,0.07246376811594203,0.9,0.13412816691505217,90,1152,10
31,100,0.6,0.5,0.0865979381443299,0.84,0.15700934579439252,84,886,16
31,100,0.3,0.5,0.08575197889182058,0.65,0.15151515151515152,65,693,35
31,100,0.3,0.4,0.06827731092436974,0.65,0.123574144486692,65,887,35
31,100,0.3,0.3,0.08639523336643495,0.87,0.15718157181571815,87,920,13
31,100,0.4,0.6,0.06539923954372624,0.86,0.12155477031802121,86,1229,14
31,100,0.5,0.3,0.09072978303747535,0.92,0.16517055655296234,92,922,8
31,100,0.5,0.4,0.07874015748031496,0.9,0.14481094127111827,90,1053,10
31,100,0.5,0.5,0.07865168539325842,0.91,0.14478918058870324,91,1066,9
31,100,0.4,0.7,0.05224787363304982,0.86,0.09851088201603665,86,1560,14
31,100,0.6,0.7,0.053515868077162417,0.86,0.10076157000585823,86,1521,14
31,100,0.7,0.5,0.08811475409836066,0.86,0.15985130111524162,86,890,14
31,100,0.7,0.4,0.09548254620123203,0.93,0.17318435754189945,93,881,7
31,100,0.7,0.3,0.11818181818181818,0.91,0.20919540229885053,91,679,9
31,100,0.6,0.6,0.07084690553745929,0.87,0.1310240963855422,87,1141,13
53,800,0.3,0.6,0.16645859342488556,1.0,0.28540849090260434,800,4006,0
53,800,0.3,0.7,0.16260162601626016,1.0,0.27972027972027974,800,4120,0
53,800,0.4,0.5,0.7459016393442623,0.455,0.5652173913043478,364,124,436
53,800,0.5,0.7,0.8207343412526998,0.475,0.601741884402217,380,83,420
53,800,0.5,0.6,0.47724974721941354,0.59,0.5276690888764672,472,517,328
53,800,0.4,0.4,0.659043659043659,0.7925,0.7196367763904654,634,328,166
53,800,0.4,0.3,0.6165137614678899,0.84,0.7111111111111112,672,418,128
53,800,0.6,0.3,0.6673170731707317,0.855,0.7495890410958903,684,341,116
53,800,0.6,0.4,0.631376323387873,0.82,0.7134312126155519,656,383,144
53,800,0.7,0.6,0.5423925667828107,0.58375,0.5623118603251054,467,394,333
53,800,0.7,0.7,0.3998651382333109,0.74125,0.5194918966272448,593,890,207
53,800,0.6,0.5,0.5124056094929881,0.59375,0.5500868558193399,475,452,325
53,800,0.3,0.5,0.7318087318087318,0.44,0.5495706479313037,352,129,448
53,800,0.3,0.4,0.47769667477696676,0.73625,0.5794392523364486,589,644,211
53,800,0.3,0.3,0.6012715712988193,0.8275,0.6964755391899001,662,439,138
53,800,0.4,0.6,0.5420023014959724,0.58875,0.5644098262432594,471,398,329
53,800,0.5,0.3,0.6549094375595805,0.85875,0.7431043807463493,687,362,113
53,800,0.5,0.4,0.5948352626892253,0.835,0.6947477899115964,668,455,132
53,800,0.5,0.5,0.36538461538461536,0.7125,0.48305084745762716,570,990,230
53,800,0.4,0.7,0.8303571428571429,0.34875,0.4911971830985916,279,57,521
53,800,0.6,0.7,0.4546240276577355,0.6575,0.5375574859478793,526,631,274
53,800,0.7,0.5,0.6621621621621622,0.79625,0.7230419977298524,637,325,163
53,800,0.7,0.4,0.6247739602169982,0.86375,0.7250786988457503,691,415,109
53,800,0.7,0.3,0.7842639593908629,0.7725,0.7783375314861462,618,170,182
53,800,0.6,0.6,0.40997830802603036,0.70875,0.5194686211635363,567,816,233
53,1000,0.3,0.6,0.1997602876548142,1.0,0.333000333000333,1000,4006,0
53,1000,0.3,0.7,0.18205280921183245,1.0,0.30802821632515953,917,4120,0
53,1000,0.4,0.5,0.7839805825242718,0.323,0.4575070821529746,323,89,677
53,1000,0.5,0.7,0.21321961620469082,1.0,0.35149384885764495,1000,3690,0
53,1000,0.5,0.6,0.4274914089347079,0.622,0.5067209775967414,622,833,378
53,1000,0.4,0.4,0.6902268760907504,0.791,0.7371854613233924,791,355,209
53,1000,0.4,0.3,0.7263257575757576,0.767,0.7461089494163423,767,289,233
53,1000,0.6,0.3,0.7365217391304347,0.847,0.787906976744186,847,303,153
53,1000,0.6,0.4,0.7107981220657277,0.757,0.7331719128329297,757,308,243
53,1000,0.7,0.6,0.4974958263772955,0.596,0.5423111919927207,596,602,404
53,1000,0.7,0.7,0.48346055979643765,0.57,0.5231757687012392,570,609,430
53,1000,0.6,0.5,0.46810207336523124,0.587,0.5208518189884649,587,667,413
53,1000,0.3,0.5,0.20755500207555003,1.0,0.3437607425232038,1000,3818,0
53,1000,0.3,0.4,0.5348484848484848,0.706,0.6086206896551724,706,614,294
53,1000,0.3,0.3,0.6584564860426929,0.802,0.7231740306582506,802,416,198
53,1000,0.4,0.6,0.47374301675977654,0.424,0.4474934036939314,424,471,576
53,1000,0.5,0.3,0.6754176610978521,0.849,0.7523260965883917,849,408,151
53,1000,0.5,0.4,0.661513425549227,0.813,0.7294751009421264,813,416,187
53,1000,0.5,0.5,0.7468354430379747,0.413,0.531873792659369,413,140,587
53,1000,0.4,0.7,0.0,0.0,0.0,0,0,1000
53,1000,0.6,0.7,0.4076393237319975,0.651,0.5013477088948787,651,946,349
53,1000,0.7,0.5,0.6747088186356073,0.811,0.7366030881017257,811,391,189
53,1000,0.7,0.4,0.6904564315352697,0.832,0.7546485260770974,832,373,168
53,1000,0.7,0.3,0.8318284424379232,0.737,0.7815482502651114,737,149,263
53,1000,0.6,0.6,0.484228473998295,0.568,0.5227795674183157,568,605,432
53,500,0.3,0.6,0.7048458149779736,0.64,0.6708595387840671,320,134,180
53,500,0.3,0.7,0.7025,0.562,0.6244444444444446,281,119,219
53,500,0.4,0.5,0.5448504983388704,0.656,0.5952813067150634,328,274,172
53,500,0.5,0.7,0.5876865671641791,0.63,0.608108108108108,315,221,185
53,500,0.5,0.6,0.5469798657718121,0.652,0.5948905109489052,326,270,174
53,500,0.4,0.4,0.49248554913294795,0.852,0.6241758241758242,426,439,74
53,500,0.4,0.3,0.5110336817653891,0.88,0.6465833945628214,440,421,60
53,500,0.6,0.3,0.5307125307125307,0.864,0.6575342465753424,432,382,68
53,500,0.6,0.4,0.4673684210526316,0.888,0.6124137931034483,444,506,56
53,500,0.7,0.6,0.4029126213592233,0.664,0.5015105740181268,332,492,168
53,500,0.7,0.7,0.3770977295162882,0.764,0.5049570389953734,382,631,118
53,500,0.6,0.5,0.3882091212458287,0.698,0.49892780557541094,349,550,151
53,500,0.3,0.5,0.6264367816091954,0.654,0.6399217221135028,327,195,173
53,500,0.3,0.4,0.35581188997338065,0.802,0.4929317762753534,401,726,99
53,500,0.3,0.3,0.49017341040462425,0.848,0.6212454212454211,424,441,76
53,500,0.4,0.6,0.43774069319640563,0.682,0.5332290852228302,341,438,159
53,500,0.5,0.3,0.5186046511627908,0.892,0.6558823529411766,446,414,54
53,500,0.5,0.4,0.4902186421173763,0.852,0.6223520818115412,426,443,74
53,500,0.5,0.5,0.42424242424242425,0.728,0.5360824742268041,364,494,136
53,500,0.4,0.7,0.6658986175115207,0.578,0.6188436830835117,289,145,211
53,500,0.6,0.7,0.3429906542056075,0.734,0.467515923566879,367,703,133
53,500,0.7,0.5,0.4845360824742268,0.846,0.6161689730517116,423,450,77
53,500,0.7,0.4,0.4870641169853768,0.866,0.6234701223902088,433,456,67
53,500,0.7,0.3,0.6596774193548387,0.818,0.7303571428571427,409,211,91
53,500,0.6,0.6,0.4354460093896714,0.742,0.5488165680473372,371,481,129
53,100,0.3,0.6,0.09415971394517282,0.79,0.16826411075612352,79,760,21
53,100,0.3,0.7,0.23170731707317074,0.76,0.3551401869158879,76,252,24
53,100,0.4,0.5,0.12156295224312591,0.84,0.21238938053097345,84,607,16
53,100,0.5,0.7,0.0730050933786078,0.86,0.13458528951486698,86,1092,14
53,100,0.5,0.6,0.12265512265512266,0.85,0.21437578814627994,85,608,15
53,100,0.4,0.4,0.1649122807017544,0.94,0.28059701492537314,94,476,6
53,100,0.4,0.3,0.134180790960452,0.95,0.2351485148514852,95,613,5
53,100,0.6,0.3,0.1448170731707317,0.95,0.25132275132275134,95,561,5
53,100,0.6,0.4,0.1354642313546423,0.89,0.23513870541611626,89,568,11
53,100,0.7,0.6,0.079476861167002,0.79,0.14442413162705664,79,915,21
53,100,0.7,0.7,0.09364908503767493,0.87,0.16909620991253646,87,842,13
53,100,0.6,0.5,0.09252669039145907,0.78,0.1654294803817603,78,765,22
53,100,0.3,0.5,0.09822646657571624,0.72,0.17286914765906364,72,661,28
53,100,0.3,0.4,0.09551208285385501,0.83,0.1713106295149639,83,786,17
53,100,0.3,0.3,0.13738019169329074,0.86,0.2369146005509642,86,540,14
53,100,0.4,0.6,0.11080711354309165,0.81,0.19494584837545126,81,650,19
53,100,0.5,0.3,0.14244186046511628,0.98,0.2487309644670051,98,590,2
53,100,0.5,0.4,0.12635869565217392,0.93,0.22248803827751198,93,643,7
53,100,0.5,0.5,0.0784313725490196,0.88,0.14402618657937805,88,1034,12
53,100,0.4,0.7,0.08639308855291576,0.8,0.15594541910331386,80,846,20
53,100,0.6,0.7,0.08915145005370569,0.83,0.16100872938894276,83,848,17
53,100,0.7,0.5,0.13569321533923304,0.92,0.23650385604113108,92,586,8
53,100,0.7,0.4,0.13818722139673106,0.93,0.24062095730918498,93,580,7
53,100,0.7,0.3,0.1934156378600823,0.94,0.32081911262798635,94,392,6
53,100,0.6,0.6,0.08610567514677103,0.88,0.1568627450980392,88,934,12
163,800,0.3,0.6,0.4178779069767442,0.71875,0.5284926470588235,575,801,225
163,800,0.3,0.7,0.48717948717948717,0.475,0.4810126582278481,380,400,420
163,800,0.4,0.5,0.5689300411522634,0.69125,0.6241534988713319,553,419,247
163,800,0.5,0.7,0.5463917525773195,0.72875,0.6245313336904124,583,484,217
163,800,0.5,0.6,0.5892857142857143,0.66,0.6226415094339622,528,368,272
163,800,0.4,0.4,0.5681601525262154,0.745,0.6446727961060031,596,453,204
163,800,0.4,0.3,0.5534883720930233,0.8925,0.6832535885167463,714,576,86
163,800,0.6,0.3,0.7155778894472362,0.89,0.7933147632311979,712,283,88
163,800,0.6,0.4,0.5808,0.9075,0.7082926829268292,726,524,74
163,800,0.7,0.6,0.6044061302681992,0.78875,0.6843817787418655,631,413,169
163,800,0.7,0.7,0.5990654205607476,0.80125,0.6855614973262033,641,429,159
163,800,0.6,0.5,0.5947653429602888,0.82375,0.6907756813417191,659,449,141
163,800,0.3,0.5,0.47333880229696473,0.72125,0.571570084200099,577,642,223
163,800,0.3,0.4,0.6221374045801527,0.61125,0.6166456494325347,489,297,311
163,800,0.3,0.3,0.5445462114904246,0.8175,0.6536731634182908,654,547,146
163,800,0.4,0.6,0.537109375,0.6875,0.6030701754385965,550,474,250
163,800,0.5,0.3,0.6505576208178439,0.875,0.7462686567164178,700,376,100
163,800,0.5,0.4,0.6192893401015228,0.7625,0.6834733893557422,610,375,190
163,800,0.5,0.5,0.5901328273244781,0.7775,0.6709816612729234,622,432,178
163,800,0.4,0.7,0.5822928490351873,0.64125,0.6103509815585961,513,368,287
163,800,0.6,0.7,0.6863013698630137,0.62625,0.6549019607843137,501,229,299
163,800,0.7,0.5,0.6052385406922357,0.80875,0.6923488496522204,647,422,153
163,800,0.7,0.4,0.6513157894736842,0.86625,0.7435622317596566,693,371,107
163,800,0.7,0.3,0.7570806100217865,0.86875,0.809080325960419,695,223,105
163,800,0.6,0.6,0.5798764342453663,0.82125,0.6797723745473356,657,476,143
163,1000,0.3,0.6,0.5271535580524345,0.563,0.5444874274661509,563,505,437
163,1000,0.3,0.7,0.4337568058076225,0.478,0.4548049476688868,478,624,522
163,1000,0.4,0.5,0.5918367346938775,0.638,0.6140519730510107,638,440,362
163,1000,0.5,0.7,0.4249084249084249,0.696,0.5276724791508718,696,942,304
163,1000,0.5,0.6,0.617816091954023,0.645,0.6311154598825832,645,399,355
163,1000,0.4,0.4,0.6099518459069021,0.76,0.6767586821015137,760,486,240
163,1000,0.4,0.3,0.6322971948445792,0.834,0.7192755498059509,834,485,166
163,1000,0.6,0.3,0.7817028985507246,0.863,0.8203422053231938,863,241,137
163,1000,0.6,0.4,0.6371428571428571,0.892,0.7433333333333334,892,508,108
163,1000,0.7,0.6,0.6684733514001807,0.74,0.7024205030849549,740,367,260
163,1000,0.7,0.7,0.6073619631901841,0.792,0.6875,792,512,208
163,1000,0.6,0.5,0.6950629235237173,0.718,0.7063453025086079,718,315,282
163,1000,0.3,0.5,0.47164393395549176,0.657,0.5491015461763477,657,736,343
163,1000,0.3,0.4,0.6947791164658634,0.519,0.5941614195764168,519,228,481
163,1000,0.3,0.3,0.5704074338813439,0.798,0.6652771988328471,798,601,202
163,1000,0.4,0.6,0.4824817518248175,0.661,0.5578059071729958,661,709,339
163,1000,0.5,0.3,0.7184054283290925,0.847,0.7774208352455255,847,332,153
163,1000,0.5,0.4,0.6691109074243813,0.73,0.6982305117168819,730,361,270
163,1000,0.5,0.5,0.643362831858407,0.727,0.6826291079812206,727,403,273
163,1000,0.4,0.7,0.6360201511335013,0.505,0.5629877369007803,505,289,495
163,1000,0.6,0.7,0.5885668276972624,0.731,0.6520963425512936,731,511,269
163,1000,0.7,0.5,0.6432926829268293,0.844,0.7301038062283737,844,468,156
163,1000,0.7,0.4,0.6975973487986744,0.842,0.7630267331218848,842,365,158
163,1000,0.7,0.3,0.8271604938271605,0.804,0.8154158215010143,804,168,196
163,1000,0.6,0.6,0.6845637583892618,0.714,0.6989720998531571,714,329,286
163,500,0.3,0.6,0.45267489711934156,0.66,0.5370219690805532,330,399,170
163,500,0.3,0.7,0.41770401106500693,0.604,0.49386753883892065,302,421,198
163,500,0.4,0.5,0.5043731778425656,0.692,0.5834738617200674,346,340,154
163,500,0.5,0.7,0.41517386722866173,0.788,0.543823326432022,394,555,106
163,500,0.5,0.6,0.4468864468864469,0.732,0.5549658832448825,366,453,134
163,500,0.4,0.4,0.4503311258278146,0.816,0.5803698435277383,408,498,92
163,500,0.4,0.3,0.4215775158658205,0.93,0.5801621958827199,465,638,35
163,500,0.6,0.3,0.5976253298153035,0.906,0.7201907790143084,453,305,47
163,500,0.6,0.4,0.459214501510574,0.912,0.6108506363027462,456,537,44
163,500,0.7,0.6,0.4566160520607375,0.842,0.5921237693389592,421,501,79
163,500,0.7,0.7,0.4582881906825569,0.846,0.5945186226282501,423,500,77
163,500,0.6,0.5,0.4682274247491639,0.84,0.6012884753042234,420,477,80
163,500,0.3,0.5,0.45348837209302323,0.78,0.5735294117647058,390,470,110
163,500,0.3,0.4,0.4359861591695502,0.756,0.5530358449158742,378,489,122
163,500,0.3,0.3,0.4470954356846473,0.862,0.5887978142076502,431,533,69
163,500,0.4,0.6,0.43857493857493857,0.714,0.5433789954337899,357,457,143
163,500,0.5,0.3,0.5079726651480638,0.892,0.6473149492017417,446,432,54
163,500,0.5,0.4,0.45846817691477887,0.85,0.5956552207428172,425,502,75
163,500,0.5,0.5,0.4329580348004094,0.846,0.5727826675693973,423,554,77
163,500,0.4,0.7,0.4536213468869123,0.714,0.5547785547785548,357,430,143
163,500,0.6,0.7,0.5349182763744428,0.72,0.6138107416879794,360,313,140
163,500,0.7,0.5,0.4569055036344756,0.88,0.6015037593984962,440,523,60
163,500,0.7,0.4,0.5293413173652695,0.884,0.6621722846441948,442,393,58
163,500,0.7,0.3,0.616643929058663,0.904,0.7331711273317112,452,281,48
163,500,0.6,0.6,0.4634420697412823,0.824,0.5932325413966882,412,477,88
163,100,0.3,0.6,0.09694555112881806,0.73,0.17116060961313012,73,680,27
163,100,0.3,0.7,0.10543657331136738,0.64,0.18104667609618105,64,543,36
163,100,0.4,0.5,0.1111111111111111,0.89,0.19755826859045506,89,712,11
163,100,0.5,0.7,0.12310030395136778,0.81,0.21372031662269128,81,577,19
163,100,0.5,0.6,0.0859375,0.88,0.15658362989323843,88,936,12
163,100,0.4,0.4,0.11911357340720222,0.86,0.20924574209245742,86,636,14
163,100,0.4,0.3,0.11366384522370013,0.94,0.20280474649406688,94,733,6
163,100,0.6,0.3,0.2054176072234763,0.91,0.3351749539594844,91,352,9
163,100,0.6,0.4,0.12719891745602166,0.94,0.22407628128724671,94,645,6
163,100,0.7,0.6,0.11677018633540373,0.94,0.20773480662983423,94,711,6
163,100,0.7,0.7,0.12742382271468145,0.92,0.22384428223844283,92,630,8
163,100,0.6,0.5,0.11017964071856287,0.92,0.1967914438502674,92,743,8
163,100,0.3,0.5,0.1371900826446281,0.83,0.23546099290780143,83,522,17
163,100,0.3,0.4,0.08584905660377358,0.91,0.1568965517241379,91,969,9
163,100,0.3,0.3,0.12198391420911528,0.91,0.21513002364066192,91,655,9
163,100,0.4,0.6,0.10444177671068428,0.87,0.18649517684887457,87,746,13
163,100,0.5,0.3,0.14285714285714285,0.97,0.24903722721437743,97,582,3
163,100,0.5,0.4,0.10423825887743414,0.91,0.18705035971223022,91,782,9
163,100,0.5,0.5,0.11241830065359477,0.86,0.19884393063583813,86,679,14
163,100,0.4,0.7,0.10175438596491228,0.87,0.18219895287958113,87,768,13
163,100,0.6,0.7,0.11772486772486772,0.89,0.20794392523364483,89,667,11
163,100,0.7,0.5,0.125,0.95,0.22093023255813954,95,665,5
163,100,0.7,0.4,0.14307692307692307,0.93,0.248,93,557,7
163,100,0.7,0.3,0.22900763358778625,0.9,0.36511156186612576,90,303,10
163,100,0.6,0.6,0.11387900355871886,0.96,0.2036055143160127,96,747,4
152,800,0.3,0.6,0.16638935108153077,1.0,0.2853067047075606,800,4008,0
152,800,0.3,0.7,0.0,0.0,0.0,0,0,800
152,800,0.4,0.5,0.6427104722792608,0.39125,0.4864024864024864,313,174,487
152,800,0.5,0.7,0.7130801687763713,0.21125,0.32594021215043395,169,68,631
152,800,0.5,0.6,0.5774193548387097,0.4475,0.504225352112676,358,262,442
152,800,0.4,0.4,0.6369119420989143,0.66,0.6482504604051565,528,301,272
152,800,0.4,0.3,0.6181818181818182,0.6375,0.6276923076923077,510,315,290
152,800,0.6,0.3,0.6034648700673725,0.78375,0.6818923327895594,627,412,173
152,800,0.6,0.4,0.5647873392680515,0.71375,0.6305908337934844,571,440,229
152,800,0.7,0.6,0.6367292225201072,0.59375,0.6144890038809833,475,271,325
152,800,0.7,0.7,0.6537949400798935,0.61375,0.6331399097356545,491,260,309
152,800,0.6,0.5,0.5963091118800461,0.64625,0.6202759448110378,517,350,283
152,800,0.3,0.5,0.27980132450331124,0.21125,0.24074074074074073,169,435,631
152,800,0.3,0.4,0.6786632390745502,0.33,0.4440706476030277,264,125,536
152,800,0.3,0.3,0.6347826086956522,0.63875,0.636760124610592,511,294,289
152,800,0.4,0.6,0.6993865030674846,0.285,0.40497335701598575,228,98,572
152,800,0.5,0.3,0.612691466083151,0.7,0.6534422403733956,560,354,240
152,800,0.5,0.4,0.6348167539267016,0.60625,0.6202046035805626,485,279,315
152,800,0.5,0.5,0.6555269922879178,0.6375,0.6463878326996197,510,268,290
152,800,0.4,0.7,0.17881944444444445,0.90125,0.2984271523178808,721,3311,79
152,800,0.6,0.7,0.676056338028169,0.3,0.41558441558441556,240,115,560
152,800,0.7,0.5,0.6944024205748865,0.57375,0.6283367556468171,459,202,341
152,800,0.7,0.4,0.5808080808080808,0.71875,0.6424581005586592,575,415,225
152,800,0.7,0.3,0.823841059602649,0.7775,0.8,622,133,178
152,800,0.6,0.6,0.6631989596879063,0.6375,0.6500956022944551,510,259,290
152,1000,0.3,0.6,0.19968051118210864,1.0,0.3328894806924101,1000,4008,0
152,1000,0.3,0.7,0.18125868572563034,1.0,0.306890756302521,913,4124,0
152,1000,0.4,0.5,0.21253985122210414,1.0,0.3505696757230499,1000,3705,0
152,1000,0.5,0.7,0.20648358455502788,1.0,0.3422899195618689,1000,3843,0
152,1000,0.5,0.6,0.756578947368421,0.115,0.1996527777777778,115,37,885
152,1000,0.4,0.4,0.713953488372093,0.614,0.6602150537634409,614,246,386
152,1000,0.4,0.3,0.6193548387096774,0.672,0.6446043165467626,672,413,328
152,1000,0.6,0.3,0.7407024793388429,0.717,0.7286585365853657,717,251,283
152,1000,0.6,0.4,0.6536485097636177,0.636,0.644703497212367,636,337,364
152,1000,0.7,0.6,0.6853303471444568,0.612,0.6465927099841521,612,281,388
152,1000,0.7,0.7,0.7276029055690073,0.601,0.6582694414019714,601,225,399
152,1000,0.6,0.5,0.6934673366834171,0.552,0.6146993318485523,552,244,448
152,1000,0.3,0.5,0.0,0.0,0.0,0,0,1000
152,1000,0.3,0.4,0.76,0.019,0.037073170731707315,19,6,981
152,1000,0.3,0.3,0.7018348623853211,0.612,0.6538461538461539,612,260,388
152,1000,0.4,0.6,0.20605810838656502,1.0,0.3417051084913719,1000,3853,0
152,1000,0.5,0.3,0.6438112199465716,0.723,0.6811116344795101,723,400,277
152,1000,0.5,0.4,0.6886160714285714,0.617,0.6508438818565401,617,279,383
152,1000,0.5,0.5,0.7295514511873351,0.553,0.6291240045506257,553,205,447
152,1000,0.4,0.7,0.0,0.0,0.0,0,0,1000
152,1000,0.6,0.7,0.2213606803401701,0.885,0.3541416566626651,885,3113,115
152,1000,0.7,0.5,0.6875,0.583,0.6309523809523809,583,265,417
152,1000,0.7,0.4,0.5839753466872111,0.758,0.65970409051349,758,540,242
152,1000,0.7,0.3,0.8732057416267942,0.73,0.7952069716775599,730,106,270
152,1000,0.6,0.6,0.7103448275862069,0.618,0.6609625668449198,618,252,382
152,500,0.3,0.6,0.5617128463476071,0.446,0.4972129319955407,223,174,277
152,500,0.3,0.7,0.44536082474226807,0.432,0.4385786802030457,216,269,284
152,500,0.4,0.5,0.5404858299595142,0.534,0.5372233400402415,267,227,233
152,500,0.5,0.7,0.5611510791366906,0.468,0.5103598691384951,234,183,266
152,500,0.5,0.6,0.554140127388535,0.522,0.537590113285273,261,210,239
152,500,0.4,0.4,0.5257048092868989,0.634,0.5747960108794198,317,286,183
152,500,0.4,0.3,0.4757834757834758,0.668,0.5557404326123129,334,368,166
152,500,0.6,0.3,0.4289911851126347,0.876,0.5759368836291913,438,583,62
152,500,0.6,0.4,0.48153214774281805,0.704,0.5718927701056051,352,379,148
152,500,0.7,0.6,0.4463130659767141,0.69,0.5420267085624509,345,428,155
152,500,0.7,0.7,0.5139372822299652,0.59,0.5493482309124766,295,279,205
152,500,0.6,0.5,0.5159744408945687,0.646,0.5737122557726465,323,303,177
152,500,0.3,0.5,0.39317507418397624,0.53,0.4514480408858603,265,409,235
152,500,0.3,0.4,0.5804195804195804,0.498,0.5360602798708288,249,180,251
152,500,0.3,0.3,0.5182829888712241,0.652,0.5775022143489814,326,303,174
152,500,0.4,0.6,0.5470459518599562,0.5,0.522466039707419,250,207,250
152,500,0.5,0.3,0.45338441890166026,0.71,0.5533904910366328,355,428,145
152,500,0.5,0.4,0.38010471204188484,0.726,0.4989690721649485,363,592,137
152,500,0.5,0.5,0.5166402535657686,0.652,0.5764809902740937,326,305,174
152,500,0.4,0.7,0.5952380952380952,0.45,0.5125284738041002,225,153,275
152,500,0.6,0.7,0.5524752475247525,0.558,0.555223880597015,279,226,221
152,500,0.7,0.5,0.5151515151515151,0.68,0.5862068965517241,340,320,160
152,500,0.7,0.4,0.411214953271028,0.792,0.5413533834586466,396,567,104
152,500,0.7,0.3,0.694078947368421,0.844,0.7617328519855594,422,186,78
152,500,0.6,0.6,0.48703170028818443,0.676,0.5661641541038526,338,356,162
152,100,0.3,0.6,0.12525667351129363,0.61,0.2078364565587734,61,426,39
152,100,0.3,0.7,0.17333333333333334,0.65,0.2736842105263158,65,310,35
152,100,0.4,0.5,0.10542635658914729,0.68,0.18255033557046982,68,577,32
152,100,0.5,0.7,0.09745762711864407,0.69,0.1707920792079208,69,639,31
152,100,0.5,0.6,0.097953216374269,0.67,0.17091836734693874,67,617,33
152,100,0.4,0.4,0.13109243697478992,0.78,0.22446043165467627,78,517,22
152,100,0.4,0.3,0.0935738444193912,0.83,0.16818642350557242,83,804,17
152,100,0.6,0.3,0.10430839002267574,0.92,0.1873727087576375,92,790,8
152,100,0.6,0.4,0.1251908396946565,0.82,0.21721854304635763,82,573,18
152,100,0.7,0.6,0.13736263736263737,0.75,0.23219814241486073,75,471,25
152,100,0.7,0.7,0.16159250585480095,0.69,0.26185958254269454,69,358,31
152,100,0.6,0.5,0.1185064935064935,0.73,0.20391061452513967,73,543,27
152,100,0.3,0.5,0.12476007677543186,0.65,0.20933977455716585,65,456,35
152,100,0.3,0.4,0.10784313725490197,0.66,0.1853932584269663,66,546,34
152,100,0.3,0.3,0.16101694915254236,0.76,0.2657342657342657,76,396,24
152,100,0.4,0.6,0.13725490196078433,0.63,0.22540250447227192,63,396,37
152,100,0.5,0.3,0.10828025477707007,0.85,0.19209039548022602,85,700,15
152,100,0.5,0.4,0.0867237687366167,0.81,0.15667311411992263,81,853,19
152,100,0.5,0.5,0.16666666666666666,0.81,0.2764505119453925,81,405,19
152,100,0.4,0.7,0.08382526564344746,0.71,0.14994720168954592,71,776,29
152,100,0.6,0.7,0.09735744089012517,0.7,0.17094017094017092,70,649,30
152,100,0.7,0.5,0.1391304347826087,0.8,0.23703703703703705,80,495,20
152,100,0.7,0.4,0.11413043478260869,0.84,0.20095693779904306,84,652,16
152,100,0.7,0.3,0.2418478260869565,0.89,0.3803418803418804,89,279,11
152,100,0.6,0.6,0.1280701754385965,0.73,0.21791044776119406,73,497,27
97,800,0.3,0.6,0.38345864661654133,0.51,0.43776824034334766,408,656,392
97,800,0.3,0.7,0.3043795620437956,0.52125,0.384331797235023,417,953,383
97,800,0.4,0.5,0.42345773038842344,0.695,0.5262659725508756,556,757,244
97,800,0.5,0.7,0.39307535641547864,0.72375,0.5094588649362077,579,894,221
97,800,0.5,0.6,0.37633769322235433,0.79125,0.5100725221595487,633,1049,167
97,800,0.4,0.4,0.5225225225225225,0.6525,0.5803224013340745,522,477,278
97,800,0.4,0.3,0.564128256513026,0.70375,0.6262513904338154,563,435,237
97,800,0.6,0.3,0.574447646493756,0.7475,0.6496469310157523,598,443,202
97,800,0.6,0.4,0.5464190981432361,0.7725,0.6400828586224754,618,513,182
97,800,0.7,0.6,0.4895359417652411,0.6725,0.5666140073723013,538,561,262
97,800,0.7,0.7,0.46584362139917695,0.7075,0.5617866004962779,566,649,234
97,800,0.6,0.5,0.5130044843049327,0.715,0.5973890339425587,572,543,228
97,800,0.3,0.5,0.3944402704733283,0.65625,0.49272641952135143,525,806,275
97,800,0.3,0.4,0.39739884393063585,0.6875,0.5036630036630036,550,834,250
97,800,0.3,0.3,0.4600694444444444,0.6625,0.5430327868852459,530,622,270
97,800,0.4,0.6,0.40372670807453415,0.65,0.49808429118773945,520,768,280
97,800,0.5,0.3,0.5471014492753623,0.755,0.6344537815126051,604,500,196
97,800,0.5,0.4,0.4847560975609756,0.795,0.6022727272727273,636,676,164
97,800,0.5,0.5,0.44124336618650495,0.7275,0.5493157149598867,582,737,218
97,800,0.4,0.7,0.43160127253446445,0.50875,0.4670109007458405,407,536,393
97,800,0.6,0.7,0.4397003745318352,0.73375,0.5498829039812646,587,748,213
97,800,0.7,0.5,0.5041597337770383,0.7575,0.6053946053946054,606,596,194
97,800,0.7,0.4,0.5695488721804511,0.7575,0.6502145922746781,606,458,194
97,800,0.7,0.3,0.6222222222222222,0.77,0.6882681564245811,616,374,184
97,800,0.6,0.6,0.40547588005215124,0.7775,0.5329905741216795,622,912,178
97,1000,0.3,0.6,0.3855755894590846,0.278,0.3230679837303893,278,443,722
97,1000,0.3,0.7,0.20977554017201594,1.0,0.3468007629616785,1000,3767,0
97,1000,0.4,0.5,0.41058823529411764,0.698,0.517037037037037,698,1002,302
97,1000,0.5,0.7,0.4970464135021097,0.589,0.5391304347826087,589,596,411
97,1000,0.5,0.6,0.43410404624277454,0.751,0.5501831501831502,751,979,249
97,1000,0.4,0.4,0.504950495049505,0.663,0.5732814526588845,663,650,337
97,1000,0.4,0.3,0.5712098009188361,0.746,0.6470078057241977,746,560,254
97,1000,0.6,0.3,0.6161290322580645,0.764,0.6821428571428572,764,476,236
97,1000,0.6,0.4,0.6514598540145985,0.714,0.6812977099236641,714,382,286
97,1000,0.7,0.6,0.5077720207253886,0.686,0.5835814547001277,686,665,314
97,1000,0.7,0.7,0.45840813883901854,0.766,0.5735679520778735,766,905,234
97,1000,0.6,0.5,0.5578446909667195,0.704,0.6224580017683466,704,558,296
97,1000,0.3,0.5,0.46178861788617886,0.284,0.35170278637770896,284,331,716
97,1000,0.3,0.4,0.4802306425041186,0.583,0.5266485998193315,583,631,417
97,1000,0.3,0.3,0.5122918318794607,0.646,0.5714285714285714,646,615,354
97,1000,0.4,0.6,0.4138328530259366,0.718,0.5250457038391225,718,1017,282
97,1000,0.5,0.3,0.6060606060606061,0.74,0.6663665015758666,740,481,260
97,1000,0.5,0.4,0.5699006875477464,0.746,0.6461671719359029,746,563,254
97,1000,0.5,0.5,0.4813847158719791,0.737,0.5823785065191623,737,794,263
97,1000,0.4,0.7,0.312,0.624,0.41600000000000004,624,1376,376
97,1000,0.6,0.7,0.4642112578179291,0.668,0.5477654776547766,668,771,332
97,1000,0.7,0.5,0.565593087195601,0.72,0.6335239771227452,720,553,280
97,1000,0.7,0.4,0.6006467259498788,0.743,0.6642825212337953,743,494,257
97,1000,0.7,0.3,0.6808326105810928,0.785,0.7292150487691593,785,368,215
97,1000,0.6,0.6,0.5051851851851852,0.682,0.5804255319148937,682,668,318
97,500,0.3,0.6,0.40934065934065933,0.596,0.48534201954397393,298,430,202
97,500,0.3,0.7,0.2280319535221496,0.628,0.33457645178476286,314,1063,186
97,500,0.4,0.5,0.29493087557603687,0.768,0.4261931187569367,384,918,116
97,500,0.5,0.7,0.2973883740522325,0.706,0.41849436870183754,353,834,147
97,500,0.5,0.6,0.31235247836349334,0.794,0.4483342744212309,397,874,103
97,500,0.4,0.4,0.3459552495697074,0.804,0.48375451263537905,402,760,98
97,500,0.4,0.3,0.390625,0.8,0.5249343832020997,400,624,100
97,500,0.6,0.3,0.45870535714285715,0.822,0.5888252148997135,411,485,89
97,500,0.6,0.4,0.3912621359223301,0.806,0.526797385620915,403,627,97
97,500,0.7,0.6,0.37148399612027155,0.766,0.5003265839320705,383,648,117
97,500,0.7,0.7,0.3350831146106737,0.766,0.4662203286670724,383,760,117
97,500,0.6,0.5,0.3785644051130777,0.77,0.5075807514831906,385,632,115
97,500,0.3,0.5,0.36468129571577845,0.698,0.47906657515442685,349,608,151
97,500,0.3,0.4,0.3224043715846995,0.708,0.44305381727158955,354,744,146
97,500,0.3,0.3,0.31869009584664537,0.798,0.45547945205479445,399,853,101
97,500,0.4,0.6,0.2653061224489796,0.78,0.3959390862944162,390,1080,110
97,500,0.5,0.3,0.413510747185261,0.808,0.5470548408937035,404,573,96
97,500,0.5,0.4,0.37422771403353927,0.848,0.5192896509491733,424,709,76
97,500,0.5,0.5,0.3415977961432507,0.744,0.4682190056639396,372,717,128
97,500,0.4,0.7,0.26898047722342733,0.744,0.39511417950079664,372,1011,128
97,500,0.6,0.7,0.3388937664618086,0.772,0.47101891397193413,386,753,114
97,500,0.7,0.5,0.36960431654676257,0.822,0.5099255583126551,411,701,89
97,500,0.7,0.4,0.43283582089552236,0.812,0.564673157162726,406,532,94
97,500,0.7,0.3,0.4968474148802018,0.788,0.6094354215003868,394,399,106
97,500,0.6,0.6,0.30781010719754975,0.804,0.4451827242524917,402,904,98
97,100,0.3,0.6,0.08912037037037036,0.77,0.15975103734439833,77,787,23
97,100,0.3,0.7,0.10317460317460317,0.78,0.18224299065420563,78,678,22
97,100,0.4,0.5,0.06328233657858136,0.91,0.11833550065019505,91,1347,9
97,100,0.5,0.7,0.07037358818418767,0.81,0.12949640287769784,81,1070,19
97,100,0.5,0.6,0.06960556844547564,0.9,0.12921751615218952,90,1203,10
97,100,0.4,0.4,0.08224299065420561,0.88,0.15042735042735042,88,982,12
97,100,0.4,0.3,0.09579439252336448,0.82,0.17154811715481172,82,774,18
97,100,0.6,0.3,0.12762762762762764,0.85,0.22193211488250655,85,581,15
97,100,0.6,0.4,0.10184049079754601,0.83,0.1814207650273224,83,732,17
97,100,0.7,0.6,0.09545983701979045,0.82,0.17101147028154326,82,777,18
97,100,0.7,0.7,0.10638297872340426,0.9,0.19027484143763215,90,756,10
97,100,0.6,0.5,0.09131403118040089,0.82,0.16432865731462926,82,816,18
97,100,0.3,0.5,0.0965034965034965,0.69,0.1693251533742331,69,646,31
97,100,0.3,0.4,0.061409630146545706,0.88,0.11480756686236139,88,1345,12
97,100,0.3,0.3,0.07679180887372014,0.9,0.14150943396226415,90,1082,10
97,100,0.4,0.6,0.07258753202391119,0.85,0.13375295043273014,85,1086,15
97,100,0.5,0.3,0.10546378653113088,0.83,0.1871476888387824,83,704,17
97,100,0.5,0.4,0.09071504802561366,0.85,0.16393442622950818,85,852,15
97,100,0.5,0.5,0.08010801080108011,0.89,0.14698596201486377,89,1022,11
97,100,0.4,0.7,0.08886509635974305,0.83,0.16054158607350097,83,851,17
97,100,0.6,0.7,0.08664627930682976,0.85,0.1572617946345976,85,896,15
97,100,0.7,0.5,0.09322033898305085,0.88,0.1685823754789272,88,856,12
97,100,0.7,0.4,0.10022522522522523,0.89,0.18016194331983806,89,799,11
97,100,0.7,0.3,0.11830985915492957,0.84,0.2074074074074074,84,626,16
97,100,0.6,0.6,0.08318098720292505,0.91,0.152428810720268,91,1003,9
108,800,0.3,0.6,0.35246995994659547,0.66,0.45953002610966065,528,970,272
108,800,0.3,0.7,0.5929203539823009,0.5025,0.543978349120433,402,276,398
108,800,0.4,0.5,0.5590243902439025,0.71625,0.6279452054794521,573,452,227
108,800,0.5,0.7,0.5846153846153846,0.665,0.6222222222222222,532,378,268
108,800,0.5,0.6,0.582122905027933,0.65125,0.6147492625368731,521,374,279
108,800,0.4,0.4,0.5384615384615384,0.79625,0.6424609178013111,637,546,163
108,800,0.4,0.3,0.6005946481665014,0.7575,0.669983416252073,606,403,194
108,800,0.6,0.3,0.67497034400949,0.71125,0.6926354230066951,569,274,231
108,800,0.6,0.4,0.6201550387596899,0.8,0.6986899563318777,640,392,160
108,800,0.7,0.6,0.584817244611059,0.78,0.6684520621317622,624,443,176
108,800,0.7,0.7,0.59765625,0.765,0.6710526315789473,612,412,188
108,800,0.6,0.5,0.6065239551478083,0.74375,0.6681639528354857,595,386,205
108,800,0.3,0.5,0.39015151515151514,0.7725,0.5184563758389262,618,966,182
108,800,0.3,0.4,0.5651731160896131,0.69375,0.6228956228956228,555,427,245
108,800,0.3,0.3,0.5768518518518518,0.77875,0.6627659574468086,623,457,177
108,800,0.4,0.6,0.5355493998153278,0.725,0.6160382368560807,580,503,220
108,800,0.5,0.3,0.6105675146771037,0.78,0.6849615806805708,624,398,176
108,800,0.5,0.4,0.6180159635119726,0.6775,0.6463923673225999,542,335,258
108,800,0.5,0.5,0.6027837259100642,0.70375,0.649365628604383,563,371,237
108,800,0.4,0.7,0.5327004219409283,0.63125,0.5778032036613272,505,443,295
108,800,0.6,0.7,0.5610997963340122,0.68875,0.6184062850729516,551,431,249
108,800,0.7,0.5,0.6267190569744597,0.7975,0.7018701870187019,638,380,162
108,800,0.7,0.4,0.6565874730021598,0.76,0.7045191193511008,608,318,192
108,800,0.7,0.3,0.6648291069459757,0.75375,0.7065026362038663,603,304,197
108,800,0.6,0.6,0.5246679316888045,0.69125,0.5965480043149947,553,501,247
108,1000,0.3,0.6,0.3431516936671576,0.466,0.39525021204410515,466,892,534
108,1000,0.3,0.7,0.20903010033444816,1.0,0.3457814661134163,1000,3784,0
108,1000,0.4,0.5,0.6183745583038869,0.7,0.6566604127579737,700,432,300
108,1000,0.5,0.7,0.439541547277937,0.767,0.5588342440801457,767,978,233
108,1000,0.5,0.6,0.6354581673306773,0.638,0.6367265469061876,638,366,362
108,1000,0.4,0.4,0.48322542672160096,0.821,0.608373471656169,821,878,179
108,1000,0.4,0.3,0.6650671785028791,0.693,0.6787463271302645,693,349,307
108,1000,0.6,0.3,0.6655082536924414,0.766,0.7122268712226871,766,385,234
108,1000,0.6,0.4,0.6732758620689655,0.781,0.7231481481481481,781,379,219
108,1000,0.7,0.6,0.6960600375234521,0.742,0.718296224588577,742,324,258
108,1000,0.7,0.7,0.6377759607522485,0.78,0.7017543859649122,780,443,220
108,1000,0.6,0.5,0.7220512820512821,0.704,0.7129113924050633,704,271,296
108,1000,0.3,0.5,0.4866666666666667,0.657,0.5591489361702128,657,693,343
108,1000,0.3,0.4,0.6258637709772952,0.634,0.629905613512171,634,379,366
108,1000,0.3,0.3,0.5432756324900133,0.816,0.6522781774580336,816,686,184
108,1000,0.4,0.6,0.5851172273190621,0.574,0.5795053003533569,574,407,426
108,1000,0.5,0.3,0.7103513770180437,0.748,0.7286897223575255,748,305,252
108,1000,0.5,0.4,0.6915137614678899,0.603,0.6442307692307693,603,269,397
108,1000,0.5,0.5,0.6644359464627151,0.695,0.6793743890518084,695,351,305
108,1000,0.4,0.7,0.463960231980116,0.56,0.5074762120525601,560,647,440
108,1000,0.6,0.7,0.6612903225806451,0.615,0.6373056994818652,615,315,385
108,1000,0.7,0.5,0.6946702800361337,0.769,0.7299477930707167,769,338,231
108,1000,0.7,0.4,0.6744791666666666,0.777,0.7221189591078068,777,375,223
108,1000,0.7,0.3,0.7678571428571429,0.688,0.7257383966244725,688,208,312
108,1000,0.6,0.6,0.6347368421052632,0.603,0.6184615384615384,603,347,397
108,500,0.3,0.6,0.5494011976047904,0.734,0.6284246575342467,367,301,133
108,500,0.3,0.7,0.4914361001317523,0.746,0.5925337569499602,373,386,127
108,500,0.4,0.5,0.4208826695371367,0.782,0.5472358292512247,391,538,109
108,500,0.5,0.7,0.40041710114702816,0.768,0.5263879369431117,384,575,116
108,500,0.5,0.6,0.43004587155963303,0.75,0.5466472303206996,375,497,125
108,500,0.4,0.4,0.38407699037620296,0.878,0.534388314059647,439,704,61
108,500,0.4,0.3,0.4282655246252677,0.8,0.5578800557880057,400,534,100
108,500,0.6,0.3,0.564327485380117,0.772,0.6520270270270271,386,298,114
108,500,0.6,0.4,0.4804147465437788,0.834,0.6096491228070176,417,451,83
108,500,0.7,0.6,0.486810551558753,0.812,0.6086956521739131,406,428,94
108,500,0.7,0.7,0.42784552845528456,0.842,0.5673854447439353,421,563,79
108,500,0.6,0.5,0.457174638487208,0.822,0.5875625446747677,411,488,89
108,500,0.3,0.5,0.4796747967479675,0.708,0.5718901453957996,354,384,146
108,500,0.3,0.4,0.4582309582309582,0.746,0.5677321156773211,373,441,127
108,500,0.3,0.3,0.4248756218905473,0.854,0.5674418604651162,427,578,73
108,500,0.4,0.6,0.408,0.816,0.5439999999999999,408,592,92
108,500,0.5,0.3,0.46205357142857145,0.828,0.5931232091690545,414,482,86
108,500,0.5,0.4,0.4685494223363286,0.73,0.5707584050039093,365,414,135
108,500,0.5,0.5,0.43907793633369924,0.8,0.5669737774627924,400,511,100
108,500,0.4,0.7,0.30404354587869364,0.782,0.4378499440089586,391,895,109
108,500,0.6,0.7,0.47066326530612246,0.738,0.5747663551401869,369,415,131
108,500,0.7,0.5,0.5049751243781094,0.812,0.6226993865030676,406,398,94
108,500,0.7,0.4,0.5114795918367347,0.802,0.6246105919003115,401,383,99
108,500,0.7,0.3,0.4927710843373494,0.818,0.6150375939849623,409,421,91
108,500,0.6,0.6,0.4212860310421286,0.76,0.5420827389443653,380,522,120
108,100,0.3,0.6,0.1524163568773234,0.82,0.25705329153605017,82,456,18
108,100,0.3,0.7,0.1238244514106583,0.79,0.21409214092140919,79,559,21
108,100,0.4,0.5,0.10796915167095116,0.84,0.19134396355353075,84,694,16
108,100,0.5,0.7,0.09011943539630836,0.83,0.16258570029382954,83,838,17
108,100,0.5,0.6,0.11625,0.93,0.20666666666666667,93,707,7
108,100,0.4,0.4,0.0990990990990991,0.88,0.17813765182186234,88,800,12
108,100,0.4,0.3,0.11854951185495119,0.85,0.20807833537331702,85,632,15
108,100,0.6,0.3,0.12258953168044077,0.89,0.21549636803874092,89,637,11
108,100,0.6,0.4,0.1406003159557662,0.89,0.24283765347885403,89,544,11
108,100,0.7,0.6,0.10024154589371981,0.83,0.17887931034482757,83,745,17
108,100,0.7,0.7,0.12916666666666668,0.93,0.22682926829268293,93,627,7
108,100,0.6,0.5,0.1270096463022508,0.79,0.21883656509695293,79,543,21
108,100,0.3,0.5,0.0845771144278607,0.85,0.15384615384615383,85,920,15
108,100,0.3,0.4,0.10575635876840696,0.79,0.18654073199527743,79,668,21
108,100,0.3,0.3,0.11700680272108843,0.86,0.20598802395209578,86,649,14
108,100,0.4,0.6,0.10380622837370242,0.9,0.1861427094105481,90,777,10
108,100,0.5,0.3,0.12428571428571429,0.87,0.2175,87,613,13
108,100,0.5,0.4,0.13290113452188007,0.82,0.22873082287308227,82,535,18
108,100,0.5,0.5,0.10820451843043995,0.91,0.19341126461211475,91,750,9
108,100,0.4,0.7,0.11473272490221642,0.88,0.2029988465974625,88,679,12
108,100,0.6,0.7,0.11180124223602485,0.9,0.19889502762430938,90,715,10
108,100,0.7,0.5,0.12556732223903178,0.83,0.21813403416557162,83,578,17
108,100,0.7,0.4,0.12303290414878398,0.86,0.21526908635794745,86,613,14
108,100,0.7,0.3,0.14909090909090908,0.82,0.2523076923076923,82,468,18
108,100,0.6,0.6,0.1111111111111111,0.81,0.19541616405307596,81,648,19
130,800,0.3,0.6,0.45372460496614,0.5025,0.47686832740213525,402,484,398
130,800,0.3,0.7,0.39655172413793105,0.54625,0.45951629863301785,437,665,363
130,800,0.4,0.5,0.6187050359712231,0.645,0.631578947368421,516,318,284
130,800,0.5,0.7,0.6856060606060606,0.4525,0.5451807228915663,362,166,438
130,800,0.5,0.6,0.5842245989304813,0.54625,0.5645994832041344,437,311,363
130,800,0.4,0.4,0.6534653465346535,0.7425,0.695143358689292,594,315,206
130,800,0.4,0.3,0.6763392857142857,0.7575,0.714622641509434,606,290,194
130,800,0.6,0.3,0.8295254833040422,0.59,0.689554419284149,472,97,328
130,800,0.6,0.4,0.7054054054054054,0.6525,0.6779220779220779,522,218,278
130,800,0.7,0.6,0.7529215358931552,0.56375,0.644746247319514,451,148,349
130,800,0.7,0.7,0.7096219931271478,0.51625,0.597684515195369,413,169,387
130,800,0.6,0.5,0.7450331125827815,0.5625,0.641025641025641,450,154,350
130,800,0.3,0.5,0.6681350954478708,0.56875,0.6144496961512491,455,226,345
130,800,0.3,0.4,0.6591591591591591,0.54875,0.5989085948158254,439,227,361
130,800,0.3,0.3,0.6046728971962617,0.80875,0.6919786096256685,647,423,153
130,800,0.4,0.6,0.4632352941176471,0.55125,0.5034246575342465,441,511,359
130,800,0.5,0.3,0.6863207547169812,0.7275,0.7063106796116505,582,266,218
130,800,0.5,0.4,0.6448497854077253,0.75125,0.6939953810623557,601,331,199
130,800,0.5,0.5,0.6148445336008024,0.76625,0.6822481914301614,613,384,187
130,800,0.4,0.7,0.3528550512445095,0.6025,0.4450600184672207,482,884,318
130,800,0.6,0.7,0.43135662063363117,0.66375,0.5228951255539144,531,700,269
130,800,0.7,0.5,0.6782296650717703,0.70875,0.6931540342298288,567,269,233
130,800,0.7,0.4,0.7180451127819549,0.71625,0.7171464330413017,573,225,227
130,800,0.7,0.3,0.6770601336302895,0.76,0.7161366313309776,608,290,192
130,800,0.6,0.6,0.726962457337884,0.5325,0.6147186147186147,426,160,374
130,1000,0.3,0.6,0.5088676671214188,0.373,0.430467397576457,373,360,627
130,1000,0.3,0.7,0.27486804709703616,0.677,0.3909904706901531,677,1786,323
130,1000,0.4,0.5,0.6800501882057717,0.542,0.6032276015581525,542,255,458
130,1000,0.5,0.7,0.6348484848484849,0.419,0.5048192771084338,419,241,581
130,1000,0.5,0.6,0.6690751445086706,0.463,0.5472813238770686,463,229,537
130,1000,0.4,0.4,0.7210065645514223,0.659,0.6886102403343782,659,255,341
130,1000,0.4,0.3,0.7375518672199171,0.711,0.7240325865580448,711,253,289
130,1000,0.6,0.3,0.7248618784530386,0.656,0.6887139107611548,656,249,344
130,1000,0.6,0.4,0.6900702106318957,0.688,0.6890335503254882,688,309,312
130,1000,0.7,0.6,0.7910447761194029,0.53,0.6347305389221557,530,140,470
130,1000,0.7,0.7,0.7213333333333334,0.541,0.6182857142857143,541,209,459
130,1000,0.6,0.5,0.7871064467766117,0.525,0.629874025194961,525,142,475
130,1000,0.3,0.5,0.4271698113207547,0.566,0.48688172043010747,566,759,434
130,1000,0.3,0.4,0.6514745308310992,0.486,0.5567010309278351,486,260,514
130,1000,0.3,0.3,0.6657559198542805,0.731,0.6968541468064824,731,367,269
130,1000,0.4,0.6,0.527027027027027,0.429,0.4729878721058434,429,385,571
130,1000,0.5,0.3,0.705829596412556,0.787,0.7442080378250591,787,328,213
130,1000,0.5,0.4,0.7013118062563067,0.695,0.6981416373681567,695,296,305
130,1000,0.5,0.5,0.6798810703666998,0.686,0.6829268292682927,686,323,314
130,1000,0.4,0.7,0.2758747697974217,0.749,0.40323014804845225,749,1966,251
130,1000,0.6,0.7,0.4697204968944099,0.605,0.5288461538461539,605,683,395
130,1000,0.7,0.5,0.7503015681544029,0.622,0.6801530891197376,622,207,378
130,1000,0.7,0.4,0.784577723378213,0.641,0.705558613098514,641,176,359
130,1000,0.7,0.3,0.858806404657933,0.59,0.6994665085951394,590,97,410
130,1000,0.6,0.6,0.7672672672672672,0.511,0.6134453781512605,511,155,489
130,500,0.3,0.6,0.36312217194570134,0.642,0.4638728323699422,321,563,179
130,500,0.3,0.7,0.4539781591263651,0.582,0.5100788781770377,291,350,209
130,500,0.4,0.5,0.5163120567375886,0.728,0.604149377593361,364,341,136
130,500,0.5,0.7,0.5088028169014085,0.578,0.5411985018726593,289,279,211
130,500,0.5,0.6,0.47774480712166173,0.644,0.5485519591141397,322,352,178
130,500,0.4,0.4,0.5019206145966709,0.784,0.6120218579234973,392,389,108
130,500,0.4,0.3,0.5182767624020888,0.794,0.627172195892575,397,369,103
130,500,0.6,0.3,0.6286701208981001,0.728,0.6746987951807228,364,215,136
130,500,0.6,0.4,0.5455974842767296,0.694,0.6109154929577464,347,289,153
130,500,0.7,0.6,0.4590542099192618,0.796,0.5822970007315289,398,469,102
130,500,0.7,0.7,0.3962655601659751,0.764,0.5218579234972678,382,582,118
130,500,0.6,0.5,0.42057026476578413,0.826,0.5573549257759783,413,569,87
130,500,0.3,0.5,0.5066666666666667,0.684,0.5821276595744681,342,333,158
130,500,0.3,0.4,0.4985835694050991,0.704,0.5837479270315091,352,354,148
130,500,0.3,0.3,0.444794952681388,0.846,0.5830461750516885,423,528,77
130,500,0.4,0.6,0.5371329879101899,0.622,0.5764596848934198,311,268,189
130,500,0.5,0.3,0.5469845722300141,0.78,0.6430338004946414,390,323,110
130,500,0.5,0.4,0.47559591373439275,0.838,0.6068066618392469,419,462,81
130,500,0.5,0.5,0.44742729306487694,0.8,0.5738880918220948,400,494,100
130,500,0.4,0.7,0.31613508442776733,0.674,0.4303959131545338,337,729,163
130,500,0.6,0.7,0.3011456628477905,0.736,0.4274099883855981,368,854,132
130,500,0.7,0.5,0.5096153846153846,0.742,0.6042345276872964,371,357,129
130,500,0.7,0.4,0.5267857142857143,0.826,0.6433021806853583,413,371,87
130,500,0.7,0.3,0.5978593272171254,0.782,0.6776429809358753,391,263,109
130,500,0.6,0.6,0.4402907580477674,0.848,0.5796308954203692,424,539,76
130,100,0.3,0.6,0.0853932584269663,0.76,0.15353535353535355,76,814,24
130,100,0.3,0.7,0.13193116634799235,0.69,0.22150882825040127,69,454,31
130,100,0.4,0.5,0.14335664335664336,0.82,0.24404761904761907,82,490,18
130,100,0.5,0.7,0.12804878048780488,0.63,0.21283783783783783,63,429,37
130,100,0.5,0.6,0.10832025117739404,0.69,0.18724559023066487,69,568,31
130,100,0.4,0.4,0.10336817653890824,0.89,0.18522372528616024,89,772,11
130,100,0.4,0.3,0.10356347438752785,0.93,0.18637274549098196,93,805,7
130,100,0.6,0.3,0.13596491228070176,0.93,0.2372448979591837,93,591,7
130,100,0.6,0.4,0.13009404388714735,0.83,0.22493224932249326,83,555,17
130,100,0.7,0.6,0.1,0.89,0.17979797979797982,89,801,11
130,100,0.7,0.7,0.09470124013528748,0.84,0.1702127659574468,84,803,16
130,100,0.6,0.5,0.104959630911188,0.91,0.18821096173733193,91,776,9
130,100,0.3,0.5,0.14663951120162932,0.72,0.2436548223350254,72,419,28
130,100,0.3,0.4,0.12101910828025478,0.76,0.2087912087912088,76,552,24
130,100,0.3,0.3,0.11621966794380588,0.91,0.20611551528878827,91,692,9
130,100,0.4,0.6,0.1303538175046555,0.7,0.2197802197802198,70,467,30
130,100,0.5,0.3,0.11859838274932614,0.88,0.20902612826603326,88,654,12
130,100,0.5,0.4,0.11096938775510204,0.87,0.19683257918552036,87,697,13
130,100,0.5,0.5,0.10679611650485436,0.88,0.19047619047619047,88,736,12
130,100,0.4,0.7,0.10476190476190476,0.66,0.18082191780821918,66,564,34
130,100,0.6,0.7,0.05865921787709497,0.84,0.10966057441253264,84,1348,16
130,100,0.7,0.5,0.11098130841121495,0.95,0.19874476987447695,95,761,5
130,100,0.7,0.4,0.13231197771587744,0.95,0.23227383863080683,95,623,5
130,100,0.7,0.3,0.1376281112737921,0.94,0.2401021711366539,94,589,6
130,100,0.6,0.6,0.1116564417177914,0.91,0.19890710382513663,91,724,9
64,800,0.3,0.6,0.15108199324995036,1.0,0.2625043118316661,761,4276,0
64,800,0.3,0.7,0.13639070875521145,1.0,0.24004192872117402,687,4350,0
64,800,0.4,0.5,0.34123518402994385,0.68375,0.455264253017062,547,1056,253
64,800,0.5,0.7,0.23105706267539758,0.6175,0.33628318584070793,494,1644,306
64,800,0.5,0.6,0.34063604240282686,0.6025,0.4352144469525959,482,933,318
64,800,0.4,0.4,0.3853141559424678,0.63625,0.47996228194248,509,812,291
64,800,0.4,0.3,0.44689542483660133,0.68375,0.5405138339920948,547,677,253
64,800,0.6,0.3,0.6027531956735497,0.76625,0.6747385800770501,613,404,187
64,800,0.6,0.4,0.5421002838221382,0.71625,0.617124394184168,573,484,227
64,800,0.7,0.6,0.4801110083256244,0.64875,0.5518341307814991,519,562,281
64,800,0.7,0.7,0.35084175084175084,0.65125,0.4560175054704595,521,964,279
64,800,0.6,0.5,0.4904330312185297,0.60875,0.543223647518126,487,506,313
64,800,0.3,0.5,0.16109544905356424,1.0,0.2774887270204648,800,4166,0
64,800,0.3,0.4,0.2451558550968829,0.7275,0.3667296786389414,582,1792,218
64,800,0.3,0.3,0.39346811819595645,0.6325,0.4851390220517737,506,780,294
64,800,0.4,0.6,0.2469018112488084,0.32375,0.280151433207139,259,790,541
64,800,0.5,0.3,0.4583676834295136,0.695,0.5524093392945851,556,657,244
64,800,0.5,0.4,0.5061475409836066,0.6175,0.5563063063063063,494,482,306
64,800,0.5,0.5,0.3458333333333333,0.6225,0.4446428571428571,498,942,302
64,800,0.4,0.7,0.16019223067681218,1.0,0.2761477390403866,800,4194,0
64,800,0.6,0.7,0.28198695434019067,0.7025,0.40243465807375584,562,1431,238
64,800,0.7,0.5,0.5815677966101694,0.68625,0.6295871559633028,549,395,251
64,800,0.7,0.4,0.6127508854781583,0.64875,0.6302367941712206,519,328,281
64,800,0.7,0.3,0.5953271028037384,0.79625,0.6812834224598932,637,433,163
64,800,0.6,0.6,0.3337507827175955,0.66625,0.4447225698790154,533,1064,267
64,1000,0.3,0.6,0.15108199324995036,1.0,0.2625043118316661,761,4276,0
64,1000,0.3,0.7,0.13639070875521145,1.0,0.24004192872117402,687,4350,0
64,1000,0.4,0.5,0.0,0.0,0.0,0,0,1000
64,1000,0.5,0.7,0.20445716622367613,1.0,0.3395009336275675,1000,3891,0
64,1000,0.5,0.6,0.30969529085872577,0.559,0.3985739750445633,559,1246,441
64,1000,0.4,0.4,0.3674911660777385,0.52,0.43064182194616984,520,895,480
64,1000,0.4,0.3,0.4201388888888889,0.605,0.4959016393442623,605,835,395
64,1000,0.6,0.3,0.6863905325443787,0.696,0.6911618669314795,696,318,304
64,1000,0.6,0.4,0.583941605839416,0.64,0.6106870229007634,640,456,360
64,1000,0.7,0.6,0.5489773950484392,0.51,0.5287713841368584,510,419,490
64,1000,0.7,0.7,0.3099385245901639,0.605,0.40989159891598914,605,1347,395
64,1000,0.6,0.5,0.35239941832283084,0.727,0.4746980084884101,727,1336,273
64,1000,0.3,0.5,0.17292038912050825,1.0,0.2948544346648612,871,4166,0
64,1000,0.3,0.4,1.0,0.004,0.00796812749003984,4,0,996
64,1000,0.3,0.3,0.3404889683959451,0.571,0.42659693686963013,571,1106,429
64,1000,0.4,0.6,0.0,0.0,0.0,0,0,1000
64,1000,0.5,0.3,0.5050590219224284,0.599,0.5480329368709973,599,587,401
64,1000,0.5,0.4,0.3813559322033898,0.675,0.48736462093862803,675,1095,325
64,1000,0.5,0.5,0.3396825396825397,0.642,0.44429065743944635,642,1248,358
64,1000,0.4,0.7,0.1673615247170935,1.0,0.286734693877551,843,4194,0
64,1000,0.6,0.7,0.2638146167557932,0.592,0.3649815043156596,592,1652,408
64,1000,0.7,0.5,0.6257142857142857,0.657,0.6409756097560976,657,393,343
64,1000,0.7,0.4,0.6523904382470119,0.655,0.6536926147704591,655,349,345
64,1000,0.7,0.3,0.6932344763670065,0.748,0.7195767195767196,748,331,252
64,1000,0.6,0.6,0.35135135135135137,0.676,0.46238030095759236,676,1248,324
64,500,0.3,0.6,0.1916376306620209,0.55,0.2842377260981912,275,1160,225
64,500,0.3,0.7,0.13438937148696986,0.526,0.21408221408221412,263,1694,237
64,500,0.4,0.5,0.26594202898550723,0.734,0.3904255319148936,367,1013,133
64,500,0.5,0.7,0.31466395112016293,0.618,0.417004048582996,309,673,191
64,500,0.5,0.6,0.3255360623781676,0.668,0.43774574049803405,334,692,166
64,500,0.4,0.4,0.40488431876606684,0.63,0.4929577464788733,315,463,185
64,500,0.4,0.3,0.435506241331484,0.628,0.5143325143325144,314,407,186
64,500,0.6,0.3,0.47410817031070196,0.824,0.6018991964937911,412,457,88
64,500,0.6,0.4,0.4926372155287818,0.736,0.5902165196471532,368,379,132
64,500,0.7,0.6,0.34739941118743867,0.708,0.4660961158657011,354,665,146
64,500,0.7,0.7,0.24144144144144145,0.804,0.37136258660508087,402,1263,98
64,500,0.6,0.5,0.3588667366211962,0.684,0.47075017205781144,342,611,158
64,500,0.3,0.5,0.4575645756457565,0.496,0.47600767754318624,248,294,252
64,500,0.3,0.4,0.2914837576821773,0.664,0.40512507626601585,332,807,168
64,500,0.3,0.3,0.32755474452554745,0.718,0.4498746867167919,359,737,141
64,500,0.4,0.6,0.27323717948717946,0.682,0.3901601830663616,341,907,159
64,500,0.5,0.3,0.33363719234275296,0.732,0.4583594239198497,366,731,134
64,500,0.5,0.4,0.3640973630831643,0.718,0.4831763122476447,359,627,141
64,500,0.5,0.5,0.2868277474668745,0.736,0.4127874369040942,368,915,132
64,500,0.4,0.7,0.17999042604116802,0.752,0.29045963692545385,376,1713,124
64,500,0.6,0.7,0.24459016393442623,0.746,0.3683950617283951,373,1152,127
64,500,0.7,0.5,0.44497041420118344,0.752,0.5591078066914499,376,469,124
64,500,0.7,0.4,0.5195936139332366,0.716,0.6021867115222878,358,331,142
64,500,0.7,0.3,0.42730844793713163,0.87,0.5731225296442688,435,583,65
64,500,0.6,0.6,0.3570691434468524,0.692,0.4710687542545949,346,623,154
64,100,0.3,0.6,0.07941176470588235,0.81,0.14464285714285716,81,939,19
64,100,0.3,0.7,0.14260249554367202,0.8,0.24205748865355523,80,481,20
64,100,0.4,0.5,0.08138351983723296,0.8,0.14773776546629733,80,903,20
64,100,0.5,0.7,0.06755629691409508,0.81,0.12471131639722864,81,1118,19
64,100,0.5,0.6,0.07741935483870968,0.84,0.14177215189873418,84,1001,16
64,100,0.4,0.4,0.08616780045351474,0.76,0.154786150712831,76,806,24
64,100,0.4,0.3,0.09900990099009901,0.8,0.17621145374449343,80,728,20
64,100,0.6,0.3,0.12149532710280374,0.91,0.2143698468786808,91,658,9
64,100,0.6,0.4,0.12965722801788376,0.87,0.2256809338521401,87,584,13
64,100,0.7,0.6,0.10217113665389528,0.8,0.1812004530011325,80,703,20
64,100,0.7,0.7,0.0980891719745223,0.77,0.17401129943502827,77,708,23
64,100,0.6,0.5,0.09181141439205956,0.74,0.16335540838852097,74,732,26
64,100,0.3,0.5,0.1043115438108484,0.75,0.18315018315018314,75,644,25
64,100,0.3,0.4,0.07181818181818182,0.79,0.13166666666666668,79,1021,21
64,100,0.3,0.3,0.07545367717287488,0.79,0.13775065387968613,79,968,21
64,100,0.4,0.6,0.08396946564885496,0.77,0.15142576204523106,77,840,23
64,100,0.5,0.3,0.08650519031141868,0.75,0.15511892450879006,75,792,25
64,100,0.5,0.4,0.07542372881355933,0.89,0.1390625,89,1091,11
64,100,0.5,0.5,0.0811965811965812,0.76,0.14671814671814673,76,860,24
64,100,0.4,0.7,0.11241610738255034,0.67,0.19252873563218392,67,529,33
64,100,0.6,0.7,0.06918819188191883,0.75,0.1266891891891892,75,1009,25
64,100,0.7,0.5,0.11613876319758673,0.77,0.2018348623853211,77,586,23
64,100,0.7,0.4,0.10344827586206896,0.84,0.1842105263157895,84,728,16
64,100,0.7,0.3,0.12449255751014884,0.92,0.21930870083432655,92,647,8
64,100,0.6,0.6,0.07101086048454469,0.85,0.13107170393215112,85,1112,15
141,800,0.3,0.6,0.3286999182338512,0.5025,0.3974295600593178,402,821,398
141,800,0.3,0.7,0.6993464052287581,0.13375,0.22455403987408185,107,46,693
141,800,0.4,0.5,0.5197541703248464,0.74,0.6106240330067045,592,547,208
141,800,0.5,0.7,0.5711318795430945,0.6875,0.6239364719228587,550,413,250
141,800,0.5,0.6,0.5911885245901639,0.72125,0.6497747747747747,577,399,223
141,800,0.4,0.4,0.5904255319148937,0.8325,0.6908713692946058,666,462,134
141,800,0.4,0.3,0.6251256281407035,0.7775,0.6930362116991643,622,373,178
141,800,0.6,0.3,0.7793190416141236,0.7725,0.775894538606403,618,175,182
141,800,0.6,0.4,0.6044985941893158,0.80625,0.6909480449919657,645,422,155
141,800,0.7,0.6,0.6058601134215501,0.80125,0.6899892357373519,641,417,159
141,800,0.7,0.7,0.6153846153846154,0.79,0.6918445539135195,632,395,168
141,800,0.6,0.5,0.6134852801519468,0.8075,0.6972477064220183,646,407,154
141,800,0.3,0.5,0.4759259259259259,0.6425,0.5468085106382978,514,566,286
141,800,0.3,0.4,0.5499351491569391,0.53,0.5397835773392744,424,347,376
141,800,0.3,0.3,0.6275720164609053,0.7625,0.6884875846501128,610,362,190
141,800,0.4,0.6,0.5,0.57,0.5327102803738318,456,456,344
141,800,0.5,0.3,0.672650475184794,0.79625,0.7292501431024614,637,310,163
141,800,0.5,0.4,0.626095423563778,0.80375,0.7038861521620142,643,384,157
141,800,0.5,0.5,0.5928571428571429,0.83,0.6916666666666667,664,456,136
141,800,0.4,0.7,0.4026315789473684,0.57375,0.4731958762886598,459,681,341
141,800,0.6,0.7,0.5623836126629422,0.755,0.6446104589114194,604,470,196
141,800,0.7,0.5,0.6024208566108007,0.80875,0.6905016008537886,647,427,153
141,800,0.7,0.4,0.6442495126705653,0.82625,0.723986856516977,661,365,139
141,800,0.7,0.3,0.7565320665083135,0.79625,0.7758830694275273,637,205,163
141,800,0.6,0.6,0.603415559772296,0.795,0.6860841423948221,636,418,164
141,1000,0.3,0.6,0.33798677443056574,0.46,0.3896653960186362,460,901,540
141,1000,0.3,0.7,0.20751193193608633,1.0,0.34370166695308474,1000,3819,0
141,1000,0.4,0.5,0.5329553508150248,0.752,0.6238075487349648,752,659,248
141,1000,0.5,0.7,0.6159929701230229,0.701,0.655753040224509,701,437,299
141,1000,0.5,0.6,0.614853195164076,0.712,0.659870250231696,712,446,288
141,1000,0.4,0.4,0.677533039647577,0.769,0.7203747072599531,769,366,231
141,1000,0.4,0.3,0.6948669201520913,0.731,0.7124756335282652,731,321,269
141,1000,0.6,0.3,0.8378684807256236,0.739,0.7853347502656749,739,143,261
141,1000,0.6,0.4,0.6942959001782532,0.779,0.7342130065975496,779,343,221
141,1000,0.7,0.6,0.6735930735930736,0.778,0.7220417633410673,778,377,222
141,1000,0.7,0.7,0.6475063398140322,0.766,0.7017865322950069,766,417,234
141,1000,0.6,0.5,0.6612068965517242,0.767,0.7101851851851853,767,393,233
141,1000,0.3,0.5,0.3852672750977836,0.591,0.4664561957379637,591,943,409
141,1000,0.3,0.4,0.4127100073046019,0.565,0.47699451245251157,565,804,435
141,1000,0.3,0.3,0.6896869244935543,0.749,0.7181208053691275,749,337,251
141,1000,0.4,0.6,0.6147426981919333,0.442,0.5142524723676557,442,277,558
141,1000,0.5,0.3,0.7378351539225422,0.743,0.7404085700049825,743,264,257
141,1000,0.5,0.4,0.695731153496821,0.766,0.729176582579724,766,335,234
141,1000,0.5,0.5,0.6630525437864887,0.795,0.723055934515689,795,404,205
141,1000,0.4,0.7,0.3843226788432268,0.505,0.4364736387208298,505,809,495
141,1000,0.6,0.7,0.612141652613828,0.726,0.6642268984446477,726,460,274
141,1000,0.7,0.5,0.6943942133815552,0.768,0.7293447293447293,768,338,232
141,1000,0.7,0.4,0.7063492063492064,0.801,0.7507029053420806,801,333,199
141,1000,0.7,0.3,0.8206521739130435,0.755,0.7864583333333334,755,165,245
141,1000,0.6,0.6,0.676950998185118,0.746,0.7098001902949572,746,356,254
141,500,0.3,0.6,0.2543046357615894,0.768,0.3820895522388059,384,1126,116
141,500,0.3,0.7,0.4564393939393939,0.482,0.46887159533073924,241,287,259
141,500,0.4,0.5,0.4138634046890928,0.812,0.5482781904118839,406,575,94
141,500,0.5,0.7,0.46592317224287483,0.752,0.575363427697016,376,431,124
141,500,0.5,0.6,0.41077085533262936,0.778,0.5376641326883206,389,558,111
141,500,0.4,0.4,0.47368421052631576,0.846,0.6073223259152907,423,470,77
141,500,0.4,0.3,0.48112058465286234,0.79,0.5980317940953822,395,426,105
141,500,0.6,0.3,0.5842245989304813,0.874,0.7003205128205129,437,311,63
141,500,0.6,0.4,0.45340314136125653,0.866,0.5951890034364261,433,522,67
141,500,0.7,0.6,0.4873341375150784,0.808,0.6079759217456735,404,425,96
141,500,0.7,0.7,0.47692307692307695,0.868,0.6156028368794327,434,476,66
141,500,0.6,0.5,0.48288075560802834,0.818,0.607275426874536,409,438,91
141,500,0.3,0.5,0.41540256709451573,0.712,0.524686809137804,356,501,144
141,500,0.3,0.4,0.395048439181916,0.734,0.5136459062281316,367,562,133
141,500,0.3,0.3,0.507227332457293,0.772,0.612212529738303,386,375,114
141,500,0.4,0.6,0.4101326899879373,0.68,0.5116629044394281,340,489,160
141,500,0.5,0.3,0.5292652552926526,0.85,0.6523407521105141,425,378,75
141,500,0.5,0.4,0.49189814814814814,0.85,0.62316715542522,425,439,75
141,500,0.5,0.5,0.47651006711409394,0.852,0.6111908177905307,426,468,74
141,500,0.4,0.7,0.38163716814159293,0.69,0.4914529914529915,345,559,155
141,500,0.6,0.7,0.4672330097087379,0.77,0.581570996978852,385,439,115
141,500,0.7,0.5,0.47505668934240364,0.838,0.6063675832127352,419,463,81
141,500,0.7,0.4,0.4976798143851508,0.858,0.6299559471365639,429,433,71
141,500,0.7,0.3,0.6101449275362318,0.842,0.7075630252100839,421,269,79
141,500,0.6,0.6,0.47520184544405997,0.824,0.6027798098024872,412,455,88
141,100,0.3,0.6,0.0638481449525453,0.74,0.1175536139793487,74,1085,26
141,100,0.3,0.7,0.07447864945382324,0.75,0.13550135501355015,75,932,25
141,100,0.4,0.5,0.12597200622083982,0.81,0.21803499327052492,81,562,19
141,100,0.5,0.7,0.10596026490066225,0.8,0.1871345029239766,80,675,20
141,100,0.5,0.6,0.10116731517509728,0.78,0.17910447761194032,78,693,22
141,100,0.4,0.4,0.13043478260869565,0.87,0.22685788787483702,87,580,13
141,100,0.4,0.3,0.11292517006802721,0.83,0.19880239520958085,83,652,17
141,100,0.6,0.3,0.19172113289760348,0.88,0.3148479427549195,88,371,12
141,100,0.6,0.4,0.13285714285714287,0.93,0.2325,93,607,7
141,100,0.7,0.6,0.125948406676783,0.83,0.21870882740447958,83,576,17
141,100,0.7,0.7,0.13078149920255183,0.82,0.22558459422283356,82,545,18
141,100,0.6,0.5,0.12268188302425106,0.86,0.21473158551810234,86,615,14
141,100,0.3,0.5,0.08140610545790934,0.88,0.14902624894157493,88,993,12
141,100,0.3,0.4,0.09726775956284153,0.89,0.17536945812807883,89,826,11
141,100,0.3,0.3,0.1267175572519084,0.83,0.21986754966887417,83,572,17
141,100,0.4,0.6,0.125193199381762,0.81,0.21686746987951808,81,566,19
141,100,0.5,0.3,0.12951807228915663,0.86,0.22513089005235604,86,578,14
141,100,0.5,0.4,0.11833550065019506,0.91,0.2094361334867664,91,678,9
141,100,0.5,0.5,0.1293759512937595,0.85,0.22457067371202113,85,572,15
141,100,0.4,0.7,0.08185404339250493,0.83,0.14901256732495513,83,931,17
141,100,0.6,0.7,0.12552301255230125,0.9,0.2203182374541004,90,627,10
141,100,0.7,0.5,0.11278195488721804,0.9,0.20044543429844094,90,708,10
141,100,0.7,0.4,0.12917933130699089,0.85,0.22427440633245382,85,573,15
141,100,0.7,0.3,0.19772727272727272,0.87,0.32222222222222224,87,353,13
141,100,0.6,0.6,0.1290824261275272,0.83,0.2234185733512786,83,560,17
