Host,Virus,HostTaxID,VirusTaxID,HostNCBIResolved,VirusNCBIResolved,ICTVRatified,HostGenus,HostFamily,HostOrder,HostClass,HostOriginal,VirusGenus,VirusFamily,VirusOrder,VirusClass,VirusOriginal,HostFlagID,DetectionMethod,DetectionOriginal,Database,DatabaseVersion,PublicationYear,ReferenceText,PMID,ReleaseYear,ReleaseMonth,ReleaseDay,CollectionYear,CollectionMonth,CollectionDay,AssocID,DatabaseDOI,Release_Date,Collection_Date,NCBIAccession
,bat betacoronavirus,109484,1805463,TRUE,TRUE,FALSE,hypsugo,vespertilionidae,chiroptera,mammalia,Hypsugo,betacoronavirus,coronaviridae,nidovirales,pisoniviricetes,Bat betacoronavirus,FALSE,PCR/Sequencing,GenBank,GenBank,https://ftp.ncbi.nlm.nih.gov/genomes/Viruses/AllNuclMetadata/ accessed on 2025-09-16,,,,2020,6,1,,,,,,2020-06-01,,"MN312647.1, MN312851.1"
,bat betacoronavirus,27671,1805463,TRUE,TRUE,FALSE,pipistrellus,vespertilionidae,chiroptera,mammalia,Pipistrellus,betacoronavirus,coronaviridae,nidovirales,pisoniviricetes,Bat betacoronavirus,FALSE,PCR/Sequencing,GenBank,GenBank,https://ftp.ncbi.nlm.nih.gov/genomes/Viruses/AllNuclMetadata/ accessed on 2025-09-16,,,,2020,6,1,,,,,,2020-06-01,,MN312676.1
,bat betacoronavirus,49442,1805463,TRUE,TRUE,FALSE,rhinolophus,rhinolophidae,chiroptera,mammalia,Rhinolophus,betacoronavirus,coronaviridae,nidovirales,pisoniviricetes,Bat betacoronavirus,FALSE,PCR/Sequencing,GenBank,GenBank,https://ftp.ncbi.nlm.nih.gov/genomes/Viruses/AllNuclMetadata/ accessed on 2025-09-16,,,,2020,6,1,,,,,,2020-06-01,,"MN312632.1, MN312633.1, MN312635.1, MN312636.1, MN312671.1, MN312672.1, MN312673.1"
,bat betacoronavirus,9397,1805463,TRUE,TRUE,FALSE,,,chiroptera,mammalia,Chiroptera,betacoronavirus,coronaviridae,nidovirales,pisoniviricetes,Bat betacoronavirus,FALSE,PCR/Sequencing,GenBank,GenBank,https://ftp.ncbi.nlm.nih.gov/genomes/Viruses/AllNuclMetadata/ accessed on 2025-09-16,,,,2018,11,21,2016,10,14,,,2018-11-21,2016-10-14,MG310223.1
,bat coronavirus bm48-31/bgr/2008,124754,864596,TRUE,TRUE,FALSE,,Rhinopomatidae,chiroptera,Mammalia,Rhinopomatidae,betacoronavirus,coronaviridae,nidovirales,pisoniviricetes,strain of Bat Coronavirus BM48-31/BGR/2008,FALSE,PCR/Sequencing,PREDICT,PREDICT,March92021FlatFile,,,,2021,3,9,2017,9,1,,,,,
,bat coronavirus bm48-31/bgr/2008,49442,864596,TRUE,TRUE,FALSE,Rhinolophus,Rhinolophidae,chiroptera,Mammalia,Rhinolophus,betacoronavirus,coronaviridae,nidovirales,pisoniviricetes,strain of Bat Coronavirus BM48-31/BGR/2008,FALSE,PCR/Sequencing,PREDICT,PREDICT,March92021FlatFile,,,,2021,3,9,2017,7,1,,,,,
,bat coronavirus bm48-31/bgr/2008,9397,864596,TRUE,TRUE,FALSE,,,chiroptera,Mammalia,Chiroptera,betacoronavirus,coronaviridae,nidovirales,pisoniviricetes,strain of Bat Coronavirus BM48-31/BGR/2008,FALSE,PCR/Sequencing,PREDICT,PREDICT,March92021FlatFile,,,,2021,3,9,2016,11,1,,,,,
,betacoronavirus 1,49442,694003,TRUE,TRUE,FALSE,Rhinolophus,Rhinolophidae,chiroptera,Mammalia,Rhinolophus,betacoronavirus,coronaviridae,nidovirales,pisoniviricetes,strain of Betacoronavirus 1 (bat),FALSE,PCR/Sequencing,PREDICT,PREDICT,March92021FlatFile,,,,2021,3,9,2017,8,1,,,,,
,betacoronavirus cameli,109484,3433633,TRUE,TRUE,TRUE,hypsugo,vespertilionidae,chiroptera,mammalia,Hypsugo,betacoronavirus,coronaviridae,nidovirales,pisoniviricetes,Betacoronavirus cameli,FALSE,PCR/Sequencing,GenBank,GenBank,https://ftp.ncbi.nlm.nih.gov/genomes/Viruses/AllNuclMetadata/ accessed on 2025-09-16,,,,2020,6,1,,,,,,2020-06-01,,MN312850.1
,betacoronavirus cameli,27671,3433633,TRUE,TRUE,TRUE,pipistrellus,vespertilionidae,chiroptera,mammalia,Pipistrellus,betacoronavirus,coronaviridae,nidovirales,pisoniviricetes,Betacoronavirus cameli,FALSE,PCR/Sequencing,GenBank,GenBank,https://ftp.ncbi.nlm.nih.gov/genomes/Viruses/AllNuclMetadata/ accessed on 2025-09-16,,,,2017,11,14,2013,2,19,,,2017-11-14,2013-02-19,KX285225.1
,betacoronavirus cameli,9397,3433633,TRUE,TRUE,TRUE,,,chiroptera,mammalia,Chiroptera,betacoronavirus,coronaviridae,nidovirales,pisoniviricetes,Betacoronavirus cameli,FALSE,PCR/Sequencing,GenBank,GenBank,https://ftp.ncbi.nlm.nih.gov/genomes/Viruses/AllNuclMetadata/ accessed on 2025-09-16,,,,2022,12,1,2020,3,,,,2022-12-01,2020-03,"OM103587.1, OM103588.1, OM103589.1, OM103590.1"
,betacoronavirus cororeum,9397,3418613,TRUE,TRUE,TRUE,,,chiroptera,mammalia,Chiroptera,betacoronavirus,coronaviridae,nidovirales,pisoniviricetes,Betacoronavirus cororeum,FALSE,PCR/Sequencing,GenBank,GenBank,https://ftp.ncbi.nlm.nih.gov/genomes/Viruses/AllNuclMetadata/ accessed on 2025-09-16,,,,2024,8,9,2015,,,,,2024-08-09,2015,PP273174.1
,betacoronavirus gravedinis,77236,3433757,TRUE,TRUE,TRUE,myonycteris,pteropodidae,chiroptera,mammalia,Myonycteris,betacoronavirus,coronaviridae,nidovirales,pisoniviricetes,Betacoronavirus gravedinis,FALSE,PCR/Sequencing,GenBank,GenBank,https://ftp.ncbi.nlm.nih.gov/genomes/Viruses/AllNuclMetadata/ accessed on 2025-09-16,,,,2022,5,1,2016,2,28,,,2022-05-01,2016-02-28,ON313744.1
,betacoronavirus pandemicum,49442,3418604,TRUE,TRUE,TRUE,rhinolophus,rhinolophidae,chiroptera,mammalia,Rhinolophus,betacoronavirus,coronaviridae,nidovirales,pisoniviricetes,Betacoronavirus pandemicum,FALSE,PCR/Sequencing,GenBank,GenBank,https://ftp.ncbi.nlm.nih.gov/genomes/Viruses/AllNuclMetadata/ accessed on 2025-09-16,,,,2018,12,31,2007,8,,,,2018-12-31,2007-08,KY352407.1
,betacoronavirus pandemicum,49442,3418604,TRUE,TRUE,TRUE,rhinolophus,rhinolophidae,chiroptera,mammalia,Rhinolophus,betacoronavirus,coronaviridae,nidovirales,pisoniviricetes,Betacoronavirus pandemicum,FALSE,PCR/Sequencing,GenBank,GenBank,https://ftp.ncbi.nlm.nih.gov/genomes/Viruses/AllNuclMetadata/ accessed on 2025-09-16,,,,2020,6,1,,,,,,2020-06-01,,"MN312651.1, MN312655.1"
,betacoronavirus pandemicum,58068,3418604,TRUE,TRUE,TRUE,hipposideros,hipposideridae,chiroptera,mammalia,Hipposideros,betacoronavirus,coronaviridae,nidovirales,pisoniviricetes,Betacoronavirus pandemicum,FALSE,PCR/Sequencing,GenBank,GenBank,https://ftp.ncbi.nlm.nih.gov/genomes/Viruses/AllNuclMetadata/ accessed on 2025-09-16,,,,2018,2,3,2016,6,17,,,2018-02-03,2016-06-17,MG000872.1
,betacoronavirus pandemicum,9397,3418604,TRUE,TRUE,TRUE,,,chiroptera,mammalia,Chiroptera,betacoronavirus,coronaviridae,nidovirales,pisoniviricetes,Betacoronavirus pandemicum,FALSE,PCR/Sequencing,GenBank,GenBank,https://ftp.ncbi.nlm.nih.gov/genomes/Viruses/AllNuclMetadata/ accessed on 2025-09-16,,,,2005,10,5,,,,,,2005-10-05,,"DQ071613.1, DQ071614.1, DQ071615.1"
,betacoronavirus pandemicum,9397,3418604,TRUE,TRUE,TRUE,,,chiroptera,mammalia,Chiroptera,betacoronavirus,coronaviridae,nidovirales,pisoniviricetes,Betacoronavirus pandemicum,FALSE,PCR/Sequencing,GenBank,GenBank,https://ftp.ncbi.nlm.nih.gov/genomes/Viruses/AllNuclMetadata/ accessed on 2025-09-16,,,,2017,5,10,2012,,,,,2017-05-10,2012,"KU973686.1, KU973687.1, KU973688.1, KU973690.1, KU973692.1"
,betacoronavirus pandemicum,9397,3418604,TRUE,TRUE,TRUE,,,chiroptera,mammalia,Chiroptera,betacoronavirus,coronaviridae,nidovirales,pisoniviricetes,Betacoronavirus pandemicum,FALSE,PCR/Sequencing,GenBank,GenBank,https://ftp.ncbi.nlm.nih.gov/genomes/Viruses/AllNuclMetadata/ accessed on 2025-09-16,,,,2022,12,28,2021,8,14,,,2022-12-28,2021-08-14,"OQ135136.1, OQ135137.1, OQ135138.1"
,betacoronavirus pandemicum,9397,3418604,TRUE,TRUE,TRUE,,,chiroptera,mammalia,Chiroptera,betacoronavirus,coronaviridae,nidovirales,pisoniviricetes,Betacoronavirus pandemicum,FALSE,PCR/Sequencing,GenBank,GenBank,https://ftp.ncbi.nlm.nih.gov/genomes/Viruses/AllNuclMetadata/ accessed on 2025-09-16,,,,2022,12,28,2021,8,23,,,2022-12-28,2021-08-23,OQ135139.1
,betacoronavirus pandemicum,9397,3418604,TRUE,TRUE,TRUE,,,chiroptera,mammalia,Chiroptera,betacoronavirus,coronaviridae,nidovirales,pisoniviricetes,Betacoronavirus pandemicum,FALSE,PCR/Sequencing,GenBank,GenBank,https://ftp.ncbi.nlm.nih.gov/genomes/Viruses/AllNuclMetadata/ accessed on 2025-09-16,,,,2023,5,10,2021,8,14,,,2023-05-10,2021-08-14,OQ946980.1
,betacoronavirus pipistrelli,9397,3433775,TRUE,TRUE,TRUE,,,chiroptera,mammalia,Chiroptera,betacoronavirus,coronaviridae,nidovirales,pisoniviricetes,Betacoronavirus pipistrelli,FALSE,PCR/Sequencing,GenBank,GenBank,https://ftp.ncbi.nlm.nih.gov/genomes/Viruses/AllNuclMetadata/ accessed on 2025-09-16,,,,2007,2,21,,,,,,2007-02-21,,NC_009020.1
,betacoronavirus pipistrelli,9397,3433775,TRUE,TRUE,TRUE,,,chiroptera,mammalia,Chiroptera,betacoronavirus,coronaviridae,nidovirales,pisoniviricetes,Betacoronavirus pipistrelli,FALSE,PCR/Sequencing,GenBank,GenBank,https://ftp.ncbi.nlm.nih.gov/genomes/Viruses/AllNuclMetadata/ accessed on 2025-09-16,,,,2007,2,7,,,,,,2007-02-07,,"EF065509.1, EF065510.1, EF065511.1, EF065512.1"
,betacoronavirus pipistrelli,9397,3433775,TRUE,TRUE,TRUE,,,chiroptera,mammalia,Chiroptera,betacoronavirus,coronaviridae,nidovirales,pisoniviricetes,Betacoronavirus pipistrelli,FALSE,PCR/Sequencing,GenBank,GenBank,https://ftp.ncbi.nlm.nih.gov/genomes/Viruses/AllNuclMetadata/ accessed on 2025-09-16,,,,2013,7,8,2007,10,30,,,2013-07-08,2007-10-30,"KC522077.1, KC522078.1, KC522079.1, KC522080.1, KC522092.1, KC522093.1, KC522094.1, KC522095.1, KC522107.1, KC522108.1, KC522109.1, KC522110.1"
,betacoronavirus pipistrelli,9397,3433775,TRUE,TRUE,TRUE,,,chiroptera,mammalia,Chiroptera,betacoronavirus,coronaviridae,nidovirales,pisoniviricetes,Betacoronavirus pipistrelli,FALSE,PCR/Sequencing,GenBank,GenBank,https://ftp.ncbi.nlm.nih.gov/genomes/Viruses/AllNuclMetadata/ accessed on 2025-09-16,,,,2013,7,8,2007,10,8,,,2013-07-08,2007-10-08,"KC522076.1, KC522091.1, KC522106.1"
,betacoronavirus pipistrelli,9397,3433775,TRUE,TRUE,TRUE,,,chiroptera,mammalia,Chiroptera,betacoronavirus,coronaviridae,nidovirales,pisoniviricetes,Betacoronavirus pipistrelli,FALSE,PCR/Sequencing,GenBank,GenBank,https://ftp.ncbi.nlm.nih.gov/genomes/Viruses/AllNuclMetadata/ accessed on 2025-09-16,,,,2013,7,8,2007,7,12,,,2013-07-08,2007-07-12,"KC522075.1, KC522090.1, KC522105.1"
,betacoronavirus pipistrelli,9397,3433775,TRUE,TRUE,TRUE,,,chiroptera,mammalia,Chiroptera,betacoronavirus,coronaviridae,nidovirales,pisoniviricetes,Betacoronavirus pipistrelli,FALSE,PCR/Sequencing,GenBank,GenBank,https://ftp.ncbi.nlm.nih.gov/genomes/Viruses/AllNuclMetadata/ accessed on 2025-09-16,,,,2013,7,8,2008,9,10,,,2013-07-08,2008-09-10,"KC522081.1, KC522096.1, KC522111.1"
,betacoronavirus pipistrelli,9397,3433775,TRUE,TRUE,TRUE,,,chiroptera,mammalia,Chiroptera,betacoronavirus,coronaviridae,nidovirales,pisoniviricetes,Betacoronavirus pipistrelli,FALSE,PCR/Sequencing,GenBank,GenBank,https://ftp.ncbi.nlm.nih.gov/genomes/Viruses/AllNuclMetadata/ accessed on 2025-09-16,,,,2013,7,8,2009,4,24,,,2013-07-08,2009-04-24,"KC522082.1, KC522097.1, KC522112.1"
,betacoronavirus pipistrelli,9397,3433775,TRUE,TRUE,TRUE,,,chiroptera,mammalia,Chiroptera,betacoronavirus,coronaviridae,nidovirales,pisoniviricetes,Betacoronavirus pipistrelli,FALSE,PCR/Sequencing,GenBank,GenBank,https://ftp.ncbi.nlm.nih.gov/genomes/Viruses/AllNuclMetadata/ accessed on 2025-09-16,,,,2013,7,8,2009,7,14,,,2013-07-08,2009-07-14,"KC522083.1, KC522084.1, KC522085.1, KC522098.1, KC522099.1, KC522100.1, KC522113.1, KC522114.1, KC522115.1"
,betacoronavirus pipistrelli,9397,3433775,TRUE,TRUE,TRUE,,,chiroptera,mammalia,Chiroptera,betacoronavirus,coronaviridae,nidovirales,pisoniviricetes,Betacoronavirus pipistrelli,FALSE,PCR/Sequencing,GenBank,GenBank,https://ftp.ncbi.nlm.nih.gov/genomes/Viruses/AllNuclMetadata/ accessed on 2025-09-16,,,,2013,7,8,2010,10,14,,,2013-07-08,2010-10-14,"KC522086.1, KC522101.1, KC522116.1"
,betacoronavirus pipistrelli,9397,3433775,TRUE,TRUE,TRUE,,,chiroptera,mammalia,Chiroptera,betacoronavirus,coronaviridae,nidovirales,pisoniviricetes,Betacoronavirus pipistrelli,FALSE,PCR/Sequencing,GenBank,GenBank,https://ftp.ncbi.nlm.nih.gov/genomes/Viruses/AllNuclMetadata/ accessed on 2025-09-16,,,,2013,7,8,2012,8,2,,,2013-07-08,2012-08-02,"KC522087.1, KC522088.1, KC522089.1, KC522102.1, KC522103.1, KC522104.1, KC522117.1, KC522118.1, KC522119.1"
,betacoronavirus rousetti,29075,3418615,TRUE,TRUE,TRUE,macroglossus,pteropodidae,chiroptera,mammalia,Macroglossus,betacoronavirus,coronaviridae,nidovirales,pisoniviricetes,Betacoronavirus rousetti,FALSE,PCR/Sequencing,GenBank,GenBank,https://ftp.ncbi.nlm.nih.gov/genomes/Viruses/AllNuclMetadata/ accessed on 2025-09-16,,,,2017,11,14,2013,11,28,,,2017-11-14,2013-11-28,"KX285758.1, KX285761.1"
,betacoronavirus rousetti,9397,3418615,TRUE,TRUE,TRUE,,,chiroptera,mammalia,Chiroptera,betacoronavirus,coronaviridae,nidovirales,pisoniviricetes,Betacoronavirus rousetti,FALSE,PCR/Sequencing,GenBank,GenBank,https://ftp.ncbi.nlm.nih.gov/genomes/Viruses/AllNuclMetadata/ accessed on 2025-09-16,,,,2007,2,21,,,,,,2007-02-21,,NC_009021.1
,betacoronavirus rousetti,9397,3418615,TRUE,TRUE,TRUE,,,chiroptera,mammalia,Chiroptera,betacoronavirus,coronaviridae,nidovirales,pisoniviricetes,Betacoronavirus rousetti,FALSE,PCR/Sequencing,GenBank,GenBank,https://ftp.ncbi.nlm.nih.gov/genomes/Viruses/AllNuclMetadata/ accessed on 2025-09-16,,,,2007,2,7,,,,,,2007-02-07,,"EF065513.1, EF065514.1, EF065515.1, EF065516.1"
,betacoronavirus rousetti,9397,3418615,TRUE,TRUE,TRUE,,,chiroptera,mammalia,Chiroptera,betacoronavirus,coronaviridae,nidovirales,pisoniviricetes,Betacoronavirus rousetti,FALSE,PCR/Sequencing,GenBank,GenBank,https://ftp.ncbi.nlm.nih.gov/genomes/Viruses/AllNuclMetadata/ accessed on 2025-09-16,,,,2010,8,30,2005,12,11,,,2010-08-30,2005-12-11,"HM211098.1, HM211099.1"
,betacoronavirus rousetti,9397,3418615,TRUE,TRUE,TRUE,,,chiroptera,mammalia,Chiroptera,betacoronavirus,coronaviridae,nidovirales,pisoniviricetes,Betacoronavirus rousetti,FALSE,PCR/Sequencing,GenBank,GenBank,https://ftp.ncbi.nlm.nih.gov/genomes/Viruses/AllNuclMetadata/ accessed on 2025-09-16,,,,2010,8,30,2006,4,10,,,2010-08-30,2006-04-10,"HM211100.1, HM211101.1"
,betacoronavirus rousetti,9397,3418615,TRUE,TRUE,TRUE,,,chiroptera,mammalia,Chiroptera,betacoronavirus,coronaviridae,nidovirales,pisoniviricetes,Betacoronavirus rousetti,FALSE,PCR/Sequencing,GenBank,GenBank,https://ftp.ncbi.nlm.nih.gov/genomes/Viruses/AllNuclMetadata/ accessed on 2025-09-16,,,,2012,4,10,2007,9,27,,,2012-04-10,2007-09-27,"JN857311.1, JN857312.1, JN857313.1, JN857314.1, JN857315.1, JN857316.1, JN857317.1, JN857318.1"
,betacoronavirus rousetti,9406,3418615,TRUE,TRUE,TRUE,rousettus,pteropodidae,chiroptera,mammalia,Rousettus,betacoronavirus,coronaviridae,nidovirales,pisoniviricetes,Betacoronavirus rousetti,FALSE,PCR/Sequencing,GenBank,GenBank,https://ftp.ncbi.nlm.nih.gov/genomes/Viruses/AllNuclMetadata/ accessed on 2025-09-16,,,,2020,5,5,2019,6,11,,,2020-05-05,2019-06-11,MT350584.1
,betacoronavirus rousetti,9406,3418615,TRUE,TRUE,TRUE,rousettus,pteropodidae,chiroptera,mammalia,Rousettus,betacoronavirus,coronaviridae,nidovirales,pisoniviricetes,Betacoronavirus rousetti,FALSE,PCR/Sequencing,GenBank,GenBank,https://ftp.ncbi.nlm.nih.gov/genomes/Viruses/AllNuclMetadata/ accessed on 2025-09-16,,,,2020,5,5,2020,1,7,,,2020-05-05,2020-01-07,MT350585.1
,betacoronavirus sp.,9397,1928434,TRUE,TRUE,FALSE,,,chiroptera,mammalia,Chiroptera,betacoronavirus,coronaviridae,nidovirales,pisoniviricetes,Betacoronavirus sp.,FALSE,PCR/Sequencing,GenBank,GenBank,https://ftp.ncbi.nlm.nih.gov/genomes/Viruses/AllNuclMetadata/ accessed on 2025-09-16,,,,2023,5,5,2021,3,,,,2023-05-05,2021-03,OK017908.1
,betacoronavirus tylonycteridis,9397,3433776,TRUE,TRUE,TRUE,,,chiroptera,mammalia,Chiroptera,betacoronavirus,coronaviridae,nidovirales,pisoniviricetes,Betacoronavirus tylonycteridis,FALSE,PCR/Sequencing,GenBank,GenBank,https://ftp.ncbi.nlm.nih.gov/genomes/Viruses/AllNuclMetadata/ accessed on 2025-09-16,,,,2007,2,21,,,,,,2007-02-21,,NC_009019.1
,betacoronavirus tylonycteridis,9397,3433776,TRUE,TRUE,TRUE,,,chiroptera,mammalia,Chiroptera,betacoronavirus,coronaviridae,nidovirales,pisoniviricetes,Betacoronavirus tylonycteridis,FALSE,PCR/Sequencing,GenBank,GenBank,https://ftp.ncbi.nlm.nih.gov/genomes/Viruses/AllNuclMetadata/ accessed on 2025-09-16,,,,2007,2,7,,,,,,2007-02-07,,"EF065505.1, EF065506.1, EF065507.1, EF065508.1"
,betacoronavirus tylonycteridis,9397,3433776,TRUE,TRUE,TRUE,,,chiroptera,mammalia,Chiroptera,betacoronavirus,coronaviridae,nidovirales,pisoniviricetes,Betacoronavirus tylonycteridis,FALSE,PCR/Sequencing,GenBank,GenBank,https://ftp.ncbi.nlm.nih.gov/genomes/Viruses/AllNuclMetadata/ accessed on 2025-09-16,,,,2013,7,8,2008,12,19,,,2013-07-08,2008-12-19,"KC522036.1, KC522049.1, KC522062.1"
,betacoronavirus tylonycteridis,9397,3433776,TRUE,TRUE,TRUE,,,chiroptera,mammalia,Chiroptera,betacoronavirus,coronaviridae,nidovirales,pisoniviricetes,Betacoronavirus tylonycteridis,FALSE,PCR/Sequencing,GenBank,GenBank,https://ftp.ncbi.nlm.nih.gov/genomes/Viruses/AllNuclMetadata/ accessed on 2025-09-16,,,,2013,7,8,2010,8,16,,,2013-07-08,2010-08-16,"KC522037.1, KC522038.1, KC522039.1, KC522040.1, KC522041.1, KC522042.1, KC522043.1, KC522044.1, KC522045.1, KC522046.1, KC522047.1, KC522048.1, KC522050.1, KC522051.1, KC522052.1, KC522053.1, KC522054.1, KC522055.1, KC522056.1, KC522057.1, KC522058.1, KC522059.1, KC522060.1, KC522061.1, KC522063.1, KC522064.1, KC522065.1, KC522066.1, KC522067.1, KC522068.1, KC522069.1, KC522070.1, KC522071.1, KC522072.1, KC522073.1, KC522074.1"
,coronavirus predict cov-17,9397,2042543,TRUE,TRUE,FALSE,,,chiroptera,Mammalia,Chiroptera,betacoronavirus,coronaviridae,nidovirales,pisoniviricetes,PREDICT_CoV-17,FALSE,PCR/Sequencing,PREDICT,PREDICT,March92021FlatFile,,,,2021,3,9,2013,10,1,,,,,KX285605
,coronavirus predict cov-17,9401,2042543,TRUE,TRUE,FALSE,Pteropus,Pteropodidae,chiroptera,Mammalia,Pteropus,betacoronavirus,coronaviridae,nidovirales,pisoniviricetes,PREDICT_CoV-17,FALSE,PCR/Sequencing,PREDICT,PREDICT,March92021FlatFile,,,,2021,3,9,2013,10,1,,,,,"KX285719, KX285720, KX286038"
,coronavirus predict cov-19,9415,2042545,TRUE,TRUE,FALSE,,Phyllostomidae,chiroptera,Mammalia,Phyllostomidae,betacoronavirus,coronaviridae,nidovirales,pisoniviricetes,PREDICT_CoV-19,FALSE,PCR/Sequencing,PREDICT,PREDICT,March92021FlatFile,,,,2021,3,9,2010,10,1,,,,,"KX285064, KX285793"
,coronavirus predict cov-22,29075,2042549,TRUE,TRUE,FALSE,Macroglossus,Pteropodidae,chiroptera,Mammalia,Macroglossus,betacoronavirus,coronaviridae,nidovirales,pisoniviricetes,PREDICT_CoV-22,FALSE,PCR/Sequencing,PREDICT,PREDICT,March92021FlatFile,,,,2021,3,9,2013,11,1,,,,,"KX285759, KX285760"
,coronavirus predict cov-23,9406,2042550,TRUE,TRUE,FALSE,Rousettus,Pteropodidae,chiroptera,Mammalia,Rousettus,betacoronavirus,coronaviridae,nidovirales,pisoniviricetes,PREDICT_CoV-23,FALSE,PCR/Sequencing,PREDICT,PREDICT,March92021FlatFile,,,,2021,3,9,2011,9,1,,,,,KX284916
,coronavirus predict cov-23,9406,2042550,TRUE,TRUE,FALSE,Rousettus,Pteropodidae,chiroptera,Mammalia,Rousettus,betacoronavirus,coronaviridae,nidovirales,pisoniviricetes,PREDICT_CoV-23,FALSE,PCR/Sequencing,PREDICT,PREDICT,March92021FlatFile,,,,2021,3,9,2012,1,1,,,,,"KX284918, KX284921, KX284922, KX284923, KX284926"
,coronavirus predict cov-23,9406,2042550,TRUE,TRUE,FALSE,Rousettus,Pteropodidae,chiroptera,Mammalia,Rousettus,betacoronavirus,coronaviridae,nidovirales,pisoniviricetes,PREDICT_CoV-23,FALSE,PCR/Sequencing,PREDICT,PREDICT,March92021FlatFile,,,,2021,3,9,2012,2,1,,,,,KX284934
,coronavirus predict cov-23,9406,2042550,TRUE,TRUE,FALSE,Rousettus,Pteropodidae,chiroptera,Mammalia,Rousettus,betacoronavirus,coronaviridae,nidovirales,pisoniviricetes,PREDICT_CoV-23,FALSE,PCR/Sequencing,PREDICT,PREDICT,March92021FlatFile,,,,2021,3,9,2013,2,1,,,,,KX285067
,coronavirus predict cov-24,9399,2042551,TRUE,TRUE,FALSE,Cynopterus,Pteropodidae,chiroptera,Mammalia,Cynopterus,betacoronavirus,coronaviridae,nidovirales,pisoniviricetes,PREDICT_CoV-24,FALSE,PCR/Sequencing,PREDICT,PREDICT,March92021FlatFile,,,,2021,3,9,2010,12,1,,,,,KX285783
,coronavirus predict cov-24,9399,2042551,TRUE,TRUE,FALSE,Cynopterus,Pteropodidae,chiroptera,Mammalia,Cynopterus,betacoronavirus,coronaviridae,nidovirales,pisoniviricetes,PREDICT_CoV-24,FALSE,PCR/Sequencing,PREDICT,PREDICT,March92021FlatFile,,,,2021,3,9,2011,11,1,,,,,"KX285729, KX285730"
,coronavirus predict cov-24,9399,2042551,TRUE,TRUE,FALSE,Cynopterus,Pteropodidae,chiroptera,Mammalia,Cynopterus,betacoronavirus,coronaviridae,nidovirales,pisoniviricetes,PREDICT_CoV-24,FALSE,PCR/Sequencing,PREDICT,PREDICT,March92021FlatFile,,,,2021,3,9,2013,11,1,,,,,KX285762
,coronavirus predict cov-24,9406,2042551,TRUE,TRUE,FALSE,Rousettus,Pteropodidae,chiroptera,Mammalia,Rousettus,betacoronavirus,coronaviridae,nidovirales,pisoniviricetes,PREDICT_CoV-24,FALSE,PCR/Sequencing,PREDICT,PREDICT,March92021FlatFile,,,,2021,3,9,2010,12,1,,,,,KX285784
,coronavirus predict cov-41,9397,2042567,TRUE,TRUE,FALSE,,,chiroptera,Mammalia,Chiroptera,betacoronavirus,coronaviridae,nidovirales,pisoniviricetes,PREDICT_CoV-41,FALSE,PCR/Sequencing,PREDICT,PREDICT,March92021FlatFile,,,,2021,3,9,2006,8,1,,,,,"KX285496, KX285498, KX285495"
,coronavirus predict cov-43,49442,2042569,TRUE,TRUE,FALSE,Rhinolophus,Rhinolophidae,chiroptera,Mammalia,Rhinolophus,betacoronavirus,coronaviridae,nidovirales,pisoniviricetes,PREDICT_CoV-43,FALSE,PCR/Sequencing,PREDICT,PREDICT,March92021FlatFile,,,,2021,3,9,2011,9,1,,,,,"KX286325, KX286326"
,coronavirus predict cov-44,49442,2042570,TRUE,TRUE,FALSE,Rhinolophus,Rhinolophidae,chiroptera,Mammalia,Rhinolophus,betacoronavirus,coronaviridae,nidovirales,pisoniviricetes,PREDICT_CoV-44,FALSE,PCR/Sequencing,PREDICT,PREDICT,March92021FlatFile,,,,2021,3,9,2011,9,1,,,,,KX286327
,coronavirus predict cov-56,9399,2042580,TRUE,TRUE,FALSE,Cynopterus,Pteropodidae,chiroptera,Mammalia,Cynopterus,betacoronavirus,coronaviridae,nidovirales,pisoniviricetes,PREDICT_CoV-56,FALSE,PCR/Sequencing,PREDICT,PREDICT,March92021FlatFile,,,,2021,3,9,2012,8,1,,,,,KX286290
,kenya bat coronavirus/btky56/btky55,49442,2042604,TRUE,TRUE,FALSE,Rhinolophus,Rhinolophidae,chiroptera,Mammalia,Rhinolophus,betacoronavirus,coronaviridae,nidovirales,pisoniviricetes,strain of Kenya bat coronavirus/BtKY56/BtKY55,FALSE,PCR/Sequencing,PREDICT,PREDICT,March92021FlatFile,,,,2021,3,9,2014,3,1,,,,,KX285105
,kenya bat coronavirus/btky56/btky55,58066,2042604,TRUE,TRUE,FALSE,Epomophorus,Pteropodidae,chiroptera,Mammalia,Epomophorus,betacoronavirus,coronaviridae,nidovirales,pisoniviricetes,strain of Kenya bat coronavirus/BtKY56/BtKY55,TRUE,PCR/Sequencing,PREDICT,PREDICT,March92021FlatFile,,,,2021,3,9,2013,6,1,,,,,"KX285299, KX285941"
,kenya bat coronavirus/btky56/btky55,58066,2042604,TRUE,TRUE,FALSE,Epomophorus,Pteropodidae,chiroptera,Mammalia,Epomophorus,betacoronavirus,coronaviridae,nidovirales,pisoniviricetes,strain of Kenya bat coronavirus/BtKY56/BtKY55,TRUE,PCR/Sequencing,PREDICT,PREDICT,March92021FlatFile,,,,2021,3,9,2013,9,1,,,,,KX285857
,kenya bat coronavirus/btky56/btky55,77236,2042604,TRUE,TRUE,FALSE,Myonycteris,Pteropodidae,chiroptera,Mammalia,Myonycteris,betacoronavirus,coronaviridae,nidovirales,pisoniviricetes,strain of Kenya bat coronavirus/BtKY56/BtKY55,TRUE,PCR/Sequencing,PREDICT,PREDICT,March92021FlatFile,,,,2021,3,9,2015,12,1,,,,,
,kenya bat coronavirus/btky56/btky55,9432,2042604,TRUE,TRUE,FALSE,Miniopterus,Miniopteridae,chiroptera,Mammalia,Miniopterus,betacoronavirus,coronaviridae,nidovirales,pisoniviricetes,strain of Kenya bat coronavirus/BtKY56/BtKY55,TRUE,PCR/Sequencing,PREDICT,PREDICT,March92021FlatFile,,,,2021,3,9,2018,1,1,,,,,
,philippines/diliman1525g2/2008,58086,,TRUE,FALSE,FALSE,Thoopterus,Pteropodidae,chiroptera,Mammalia,Thoopterus,betacoronavirus,coronaviridae,nidovirales,,philippines/diliman1525g2/2008,FALSE,PCR/Sequencing,PREDICT,PREDICT,June282021PCRTests,,,,2021,8,28,2017,3,1,,,,,"MT064819, MT083059"
,philippines/diliman1525g2/2008,9399,,TRUE,FALSE,FALSE,Cynopterus,Pteropodidae,chiroptera,Mammalia,Cynopterus,betacoronavirus,coronaviridae,nidovirales,,philippines/diliman1525g2/2008,FALSE,PCR/Sequencing,PREDICT,PREDICT,June282021PCRTests,,,,2021,8,28,2017,2,26,,,,,MT083060
,philippines/diliman1525g2/2008,9399,,TRUE,FALSE,FALSE,Cynopterus,Pteropodidae,chiroptera,Mammalia,Cynopterus,betacoronavirus,coronaviridae,nidovirales,,philippines/diliman1525g2/2008,FALSE,PCR/Sequencing,PREDICT,PREDICT,June282021PCRTests,,,,2021,8,28,2017,2,27,,,,,"MT064818, MT083058"
,philippines/diliman1525g2/2008,9399,,TRUE,FALSE,FALSE,Cynopterus,Pteropodidae,chiroptera,Mammalia,Cynopterus,betacoronavirus,coronaviridae,nidovirales,,philippines/diliman1525g2/2008,FALSE,PCR/Sequencing,PREDICT,PREDICT,June282021PCRTests,,,,2021,8,28,2018,4,13,,,,,"MT064820, MT083061"
,predict_cov-17,9401,,TRUE,FALSE,FALSE,Pteropus,Pteropodidae,chiroptera,Mammalia,Pteropus,betacoronavirus,coronaviridae,nidovirales,,PREDICT_CoV-17,FALSE,PCR/Sequencing,PREDICT,PREDICT,March92021FlatFile,,,,2021,3,9,2013,1,1,,,,,
,predict_cov-91,49442,,TRUE,FALSE,FALSE,Rhinolophus,Rhinolophidae,chiroptera,Mammalia,Rhinolophus,betacoronavirus,coronaviridae,nidovirales,,PREDICT_CoV-91,FALSE,PCR/Sequencing,PREDICT,PREDICT,March92021FlatFile,,,,2021,3,9,2017,8,1,,,,,
,predict_cov-92,58068,,TRUE,FALSE,FALSE,Hipposideros,Hipposideridae,chiroptera,Mammalia,Hipposideros,betacoronavirus,coronaviridae,nidovirales,,PREDICT_CoV-92,TRUE,PCR/Sequencing,PREDICT,PREDICT,March92021FlatFile,,,,2021,3,9,2017,3,1,,,,,
,predict_cov-99,9397,,TRUE,FALSE,FALSE,,,chiroptera,Mammalia,Chiroptera,betacoronavirus,coronaviridae,nidovirales,,PREDICT_CoV-99,FALSE,PCR/Sequencing,PREDICT,PREDICT,March92021FlatFile,,,,2021,3,9,2017,4,1,,,,,
,rousettus bat coronavirus hku9,29075,694006,TRUE,TRUE,FALSE,Macroglossus,Pteropodidae,chiroptera,Mammalia,Macroglossus,betacoronavirus,coronaviridae,nidovirales,pisoniviricetes,strain of Bat coronavirus HKU9,FALSE,PCR/Sequencing,PREDICT,PREDICT,March92021FlatFile,,,,2021,3,9,2013,11,1,,,,,"KX285758, KX285761"
,rousettus bat coronavirus hku9,49442,694006,TRUE,TRUE,FALSE,Rhinolophus,Rhinolophidae,chiroptera,Mammalia,Rhinolophus,betacoronavirus,coronaviridae,nidovirales,pisoniviricetes,strain of Bat coronavirus HKU9,FALSE,PCR/Sequencing,PREDICT,PREDICT,March92021FlatFile,,,,2021,3,9,2016,11,1,,,,,
,rousettus bat coronavirus hku9,9406,694006,TRUE,TRUE,FALSE,Rousettus,Pteropodidae,chiroptera,Mammalia,Rousettus,betacoronavirus,coronaviridae,nidovirales,pisoniviricetes,strain of Bat coronavirus HKU9,FALSE,PCR/Sequencing,PREDICT,PREDICT,March92021FlatFile,,,,2021,3,9,2011,2,1,,,,,"KX284907, KX284902, KX284903, KX284904, KX284905"
,rousettus bat coronavirus hku9,9406,694006,TRUE,TRUE,FALSE,Rousettus,Pteropodidae,chiroptera,Mammalia,Rousettus,betacoronavirus,coronaviridae,nidovirales,pisoniviricetes,strain of Bat coronavirus HKU9,FALSE,PCR/Sequencing,PREDICT,PREDICT,March92021FlatFile,,,,2021,3,9,2011,9,1,,,,,"KX284915, KX284917"
,rousettus bat coronavirus hku9,9406,694006,TRUE,TRUE,FALSE,Rousettus,Pteropodidae,chiroptera,Mammalia,Rousettus,betacoronavirus,coronaviridae,nidovirales,pisoniviricetes,strain of Bat coronavirus HKU9,FALSE,PCR/Sequencing,PREDICT,PREDICT,March92021FlatFile,,,,2021,3,9,2012,1,1,,,,,"KX284920, KX284924, KX284925, KX284931"
,rousettus bat coronavirus hku9,9406,694006,TRUE,TRUE,FALSE,Rousettus,Pteropodidae,chiroptera,Mammalia,Rousettus,betacoronavirus,coronaviridae,nidovirales,pisoniviricetes,strain of Bat coronavirus HKU9,FALSE,PCR/Sequencing,PREDICT,PREDICT,March92021FlatFile,,,,2021,3,9,2012,2,1,,,,,"KX284933, KX284935, KX284938"
,rousettus bat coronavirus hku9,9406,694006,TRUE,TRUE,FALSE,Rousettus,Pteropodidae,chiroptera,Mammalia,Rousettus,betacoronavirus,coronaviridae,nidovirales,pisoniviricetes,strain of Bat coronavirus HKU9,FALSE,PCR/Sequencing,PREDICT,PREDICT,March92021FlatFile,,,,2021,3,9,2012,6,1,,,,,"KX285065, KX285066, KX286293, KX286294"
,sarbecovirus sp.,49442,2833184,TRUE,TRUE,FALSE,rhinolophus,rhinolophidae,chiroptera,mammalia,Rhinolophus,betacoronavirus,coronaviridae,nidovirales,pisoniviricetes,Sarbecovirus sp.,FALSE,PCR/Sequencing,GenBank,GenBank,https://ftp.ncbi.nlm.nih.gov/genomes/Viruses/AllNuclMetadata/ accessed on 2025-09-16,,,,2021,4,6,2011,9,27,,,2021-04-06,2011-09-27,MT726045.1
,sarbecovirus sp.,49442,2833184,TRUE,TRUE,FALSE,rhinolophus,rhinolophidae,chiroptera,mammalia,Rhinolophus,betacoronavirus,coronaviridae,nidovirales,pisoniviricetes,Sarbecovirus sp.,FALSE,PCR/Sequencing,GenBank,GenBank,https://ftp.ncbi.nlm.nih.gov/genomes/Viruses/AllNuclMetadata/ accessed on 2025-09-16,,,,2021,4,6,2013,5,30,,,2021-04-06,2013-05-30,MT726043.1
,sarbecovirus sp.,49442,2833184,TRUE,TRUE,FALSE,rhinolophus,rhinolophidae,chiroptera,mammalia,Rhinolophus,betacoronavirus,coronaviridae,nidovirales,pisoniviricetes,Sarbecovirus sp.,FALSE,PCR/Sequencing,GenBank,GenBank,https://ftp.ncbi.nlm.nih.gov/genomes/Viruses/AllNuclMetadata/ accessed on 2025-09-16,,,,2021,9,22,2020,7,,,,2021-09-22,2020-07,"OK017801.1, OK017802.1"
,zaria bat coronavirus,9397,989337,TRUE,TRUE,FALSE,,,chiroptera,mammalia,Chiroptera,betacoronavirus,coronaviridae,nidovirales,pisoniviricetes,Zaria bat coronavirus,FALSE,PCR/Sequencing,GenBank,GenBank,https://ftp.ncbi.nlm.nih.gov/genomes/Viruses/AllNuclMetadata/ accessed on 2025-09-16,,,,2024,11,12,2024,7,,,,2024-11-12,2024-07,"PQ550131.1, PQ550132.1, PQ550133.1, PQ550134.1"
,zaria bat coronavirus,9397,989337,TRUE,TRUE,FALSE,,,chiroptera,mammalia,Chiroptera,betacoronavirus,coronaviridae,nidovirales,pisoniviricetes,Zaria bat coronavirus,FALSE,PCR/Sequencing,GenBank,GenBank,https://ftp.ncbi.nlm.nih.gov/genomes/Viruses/AllNuclMetadata/ accessed on 2025-09-16,,,,2025,2,19,2024,7,16,,,2025-02-19,2024-07-16,PQ880115.1
Acerodon celebensis,predict_cov-73,58057,,TRUE,FALSE,FALSE,Acerodon,Pteropodidae,chiroptera,Mammalia,Acerodon celebensis,betacoronavirus,coronaviridae,nidovirales,,predict_cov-73,FALSE,PCR/Sequencing,PREDICT,PREDICT,June282021PCRTests,,,,2021,8,28,2016,12,27,,,,,"MT064664, MT083145"
Acerodon celebensis,predict_cov-73,58057,,TRUE,FALSE,FALSE,Acerodon,Pteropodidae,chiroptera,Mammalia,Acerodon celebensis,betacoronavirus,coronaviridae,nidovirales,,predict_cov-73,FALSE,PCR/Sequencing,PREDICT,PREDICT,June282021PCRTests,,,,2021,8,28,2016,12,28,,,,,MT064665
Acerodon celebensis,predict_cov-73,58057,,TRUE,FALSE,FALSE,Acerodon,Pteropodidae,chiroptera,Mammalia,Acerodon celebensis,betacoronavirus,coronaviridae,nidovirales,,predict_cov-73,FALSE,PCR/Sequencing,PREDICT,PREDICT,June282021PCRTests,,,,2021,8,28,2016,3,5,,,,,"MT083135, MT083066"
Acerodon celebensis,predict_cov-73,58057,,TRUE,FALSE,FALSE,Acerodon,Pteropodidae,chiroptera,Mammalia,Acerodon celebensis,betacoronavirus,coronaviridae,nidovirales,,predict_cov-73,FALSE,PCR/Sequencing,PREDICT,PREDICT,June282021PCRTests,,,,2021,8,28,2016,3,6,,,,,MT083134
Acerodon celebensis,predict_cov-73,58057,,TRUE,FALSE,FALSE,Acerodon,Pteropodidae,chiroptera,Mammalia,Acerodon celebensis,betacoronavirus,coronaviridae,nidovirales,,predict_cov-73,FALSE,PCR/Sequencing,PREDICT,PREDICT,June282021PCRTests,,,,2021,8,28,2016,3,7,,,,,MT083067
Acerodon celebensis,predict_cov-73,58057,,TRUE,FALSE,FALSE,Acerodon,Pteropodidae,chiroptera,Mammalia,Acerodon celebensis,betacoronavirus,coronaviridae,nidovirales,,predict_cov-73,FALSE,PCR/Sequencing,PREDICT,PREDICT,June282021PCRTests,,,,2021,8,28,2016,9,4,,,,,MT083099
Acerodon celebensis,predict_cov-73,58057,,TRUE,FALSE,FALSE,Acerodon,Pteropodidae,chiroptera,Mammalia,Acerodon celebensis,betacoronavirus,coronaviridae,nidovirales,,predict_cov-73,FALSE,PCR/Sequencing,PREDICT,PREDICT,June282021PCRTests,,,,2021,8,28,2016,9,5,,,,,MT083105
Acerodon celebensis,predict_cov-73,58057,,TRUE,FALSE,FALSE,Acerodon,Pteropodidae,chiroptera,Mammalia,Acerodon celebensis,betacoronavirus,coronaviridae,nidovirales,,predict_cov-73,FALSE,PCR/Sequencing,PREDICT,PREDICT,June282021PCRTests,,,,2021,8,28,2017,11,15,,,,,"MT083191, MT083192"
Acerodon celebensis,predict_cov-73,58057,,TRUE,FALSE,FALSE,Acerodon,Pteropodidae,chiroptera,Mammalia,Acerodon celebensis,betacoronavirus,coronaviridae,nidovirales,,predict_cov-73,FALSE,PCR/Sequencing,PREDICT,PREDICT,June282021PCRTests,,,,2021,8,28,2017,2,21,,,,,"MT083148, MT083149, MT083150"
Acerodon celebensis,predict_cov-73,58057,,TRUE,FALSE,FALSE,Acerodon,Pteropodidae,chiroptera,Mammalia,Acerodon celebensis,betacoronavirus,coronaviridae,nidovirales,,predict_cov-73,FALSE,PCR/Sequencing,PREDICT,PREDICT,June282021PCRTests,,,,2021,8,28,2017,2,28,,,,,MT083141
Acerodon celebensis,predict_cov-73,58057,,TRUE,FALSE,FALSE,Acerodon,Pteropodidae,chiroptera,Mammalia,Acerodon celebensis,betacoronavirus,coronaviridae,nidovirales,,predict_cov-73,FALSE,PCR/Sequencing,PREDICT,PREDICT,June282021PCRTests,,,,2021,8,28,2018,4,13,,,,,MT083185
Acerodon celebensis,predict_cov-73,58057,,TRUE,FALSE,FALSE,Acerodon,Pteropodidae,chiroptera,Mammalia,Acerodon celebensis,betacoronavirus,coronaviridae,nidovirales,,predict_cov-73,FALSE,PCR/Sequencing,PREDICT,PREDICT,June282021PCRTests,,,,2021,8,28,2018,4,14,,,,,"MT083184, MT083183, MT083182"
Acerodon celebensis,predict_cov-83,58057,,TRUE,FALSE,FALSE,Acerodon,Pteropodidae,chiroptera,Mammalia,Acerodon celebensis,betacoronavirus,coronaviridae,nidovirales,,predict_cov-83,FALSE,PCR/Sequencing,PREDICT,PREDICT,June282021PCRTests,,,,2021,8,28,2016,9,5,,,,,MT083106
Acerodon celebensis,rousettus bat coronavirus hku9,58057,694006,TRUE,TRUE,FALSE,Acerodon,Pteropodidae,chiroptera,Mammalia,Acerodon celebensis,betacoronavirus,coronaviridae,nidovirales,pisoniviricetes,bat coronavirus hku9,FALSE,PCR/Sequencing,PREDICT,PREDICT,June282021PCRTests,,,,2021,8,28,2018,1,19,,,,,MT064734
Artibeus lituratus,coronavirus mex_cov-11a,27634,1289546,TRUE,TRUE,FALSE,Artibeus,Phyllostomidae,chiroptera,Mammalia,Artibeus lituratus,betacoronavirus,coronaviridae,nidovirales,pisoniviricetes,PREDICT_CoV-11,FALSE,PCR/Sequencing,PREDICT,PREDICT,March92021FlatFile,,,,2021,3,9,2010,11,1,,,,,KC117207
Artibeus obscurus,coronavirus predict cov-11,40228,2042538,TRUE,TRUE,FALSE,Artibeus,Phyllostomidae,chiroptera,Mammalia,Artibeus obscurus,betacoronavirus,coronaviridae,nidovirales,pisoniviricetes,PREDICT_CoV-11,FALSE,PCR/Sequencing,PREDICT,PREDICT,March92021FlatFile,,,,2021,3,9,2013,6,1,,,,,KX285802
Cynopterus brachyotis,coronavirus predict cov-24,58060,2042551,TRUE,TRUE,FALSE,Cynopterus,Pteropodidae,chiroptera,Mammalia,Cynopterus brachyotis,betacoronavirus,coronaviridae,nidovirales,pisoniviricetes,PREDICT_CoV-24,FALSE,PCR/Sequencing,PREDICT,PREDICT,March92021FlatFile,,,,2021,3,9,2011,3,1,,,,,KX285051
Cynopterus brachyotis,coronavirus predict cov-24,58060,2042551,TRUE,TRUE,FALSE,Cynopterus,Pteropodidae,chiroptera,Mammalia,Cynopterus brachyotis,betacoronavirus,coronaviridae,nidovirales,pisoniviricetes,PREDICT_CoV-24,FALSE,PCR/Sequencing,PREDICT,PREDICT,March92021FlatFile,,,,2021,3,9,2011,9,1,,,,,"KX285731, KX285732, KX285733, KX285734, KX285735, KX285736, KX285727, KX285728"
Cynopterus horsfieldii,bat coronavirus philippines/diliman1525g2/2008,298109,702734,TRUE,TRUE,FALSE,Cynopterus,Pteropodidae,chiroptera,Mammalia,Cynopterus horsfieldii,betacoronavirus,coronaviridae,nidovirales,pisoniviricetes,strain of Philippines/Diliman1525G2/2008,FALSE,PCR/Sequencing,PREDICT,PREDICT,March92021FlatFile,,,,2021,3,9,2013,12,1,,,,,"KX285114, KX285113"
Cynopterus horsfieldii,philippines/diliman1525g2/2008,298109,,TRUE,FALSE,FALSE,Cynopterus,Pteropodidae,chiroptera,Mammalia,Cynopterus horsfieldii,betacoronavirus,coronaviridae,nidovirales,,strain of Philippines/Diliman1525G2/2008,TRUE,PCR/Sequencing,PREDICT,PREDICT,March92021FlatFile,,,,2021,3,9,2018,11,1,,,,,
Cynopterus sphinx,coronavirus predict cov-24,9400,2042551,TRUE,TRUE,FALSE,Cynopterus,Pteropodidae,chiroptera,Mammalia,Cynopterus sphinx,betacoronavirus,coronaviridae,nidovirales,pisoniviricetes,PREDICT_CoV-24,FALSE,PCR/Sequencing,PREDICT,PREDICT,March92021FlatFile,,,,2021,3,9,2011,9,1,,,,,"KX285737, KX285738, KX285725, KX285726"
Cynopterus sphinx,predict_cov-24,9400,,TRUE,FALSE,FALSE,Cynopterus,Pteropodidae,chiroptera,Mammalia,Cynopterus sphinx,betacoronavirus,coronaviridae,nidovirales,,PREDICT_CoV-24,TRUE,PCR/Sequencing,PREDICT,PREDICT,March92021FlatFile,,,,2021,3,9,2016,6,1,,,,,
Dermanura phaeotis,coronavirus mex_cov-11a,40229,1289546,TRUE,TRUE,FALSE,Dermanura,Phyllostomidae,chiroptera,Mammalia,Artibeus phaeotis,betacoronavirus,coronaviridae,nidovirales,pisoniviricetes,PREDICT_CoV-11,FALSE,PCR/Sequencing,PREDICT,PREDICT,March92021FlatFile,,,,2021,3,9,2010,7,1,,,,,KC117185
Dermanura phaeotis,coronavirus mex_cov-11b,40229,1289556,TRUE,TRUE,FALSE,Dermanura,Phyllostomidae,chiroptera,Mammalia,Artibeus phaeotis,betacoronavirus,coronaviridae,nidovirales,pisoniviricetes,PREDICT_CoV-11,FALSE,PCR/Sequencing,PREDICT,PREDICT,March92021FlatFile,,,,2021,3,9,2010,11,1,,,,,KC117199
Dermanura phaeotis,coronavirus mex_cov-11b,40229,1289556,TRUE,TRUE,FALSE,Dermanura,Phyllostomidae,chiroptera,Mammalia,Artibeus phaeotis,betacoronavirus,coronaviridae,nidovirales,pisoniviricetes,PREDICT_CoV-11,FALSE,PCR/Sequencing,PREDICT,PREDICT,March92021FlatFile,,,,2021,3,9,2011,1,1,,,,,KC117187
Dyacopterus spadiceus,bat coronavirus philippines/diliman1525g2/2008,326081,702734,TRUE,TRUE,FALSE,Dyacopterus,Pteropodidae,chiroptera,Mammalia,Dyacopterus spadiceus,betacoronavirus,coronaviridae,nidovirales,pisoniviricetes,strain of Philippines/Diliman1525G2/2008,FALSE,PCR/Sequencing,PREDICT,PREDICT,March92021FlatFile,,,,2021,3,9,2013,12,1,,,,,"KX285787, KX285112"
Eidolon helvum,eidolon bat coronavirus,77214,,TRUE,FALSE,FALSE,Eidolon,Pteropodidae,chiroptera,Mammalia,Eidolon helvum,betacoronavirus,coronaviridae,nidovirales,,strain of Eidolon bat coronavirus,FALSE,PCR/Sequencing,PREDICT,PREDICT,March92021FlatFile,,,,2021,3,9,2012,9,1,,,,,
Eidolon helvum,eidolon bat coronavirus,77214,,TRUE,FALSE,FALSE,Eidolon,Pteropodidae,chiroptera,Mammalia,Eidolon helvum,betacoronavirus,coronaviridae,nidovirales,,strain of Eidolon bat coronavirus,FALSE,PCR/Sequencing,PREDICT,PREDICT,March92021FlatFile,,,,2021,3,9,2013,8,1,,,,,KX285373
Eidolon helvum,eidolon bat coronavirus/kenya/ky24/2006,77214,983924,TRUE,TRUE,FALSE,Eidolon,Pteropodidae,chiroptera,Mammalia,Eidolon helvum,betacoronavirus,coronaviridae,nidovirales,pisoniviricetes,strain of Eidolon bat coronavirus,FALSE,PCR/Sequencing,PREDICT,PREDICT,March92021FlatFile,,,,2021,3,9,2012,10,1,,,,,KX286323
Eidolon helvum,eidolon bat coronavirus/kenya/ky24/2006,77214,983924,TRUE,TRUE,FALSE,Eidolon,Pteropodidae,chiroptera,Mammalia,Eidolon helvum,betacoronavirus,coronaviridae,nidovirales,pisoniviricetes,strain of Eidolon bat coronavirus,FALSE,PCR/Sequencing,PREDICT,PREDICT,March92021FlatFile,,,,2021,3,9,2012,9,1,,,,,"KX284962, KX284963, KX284964, KX284965, KX284966, KX284967, KX284968, KX284969, KX284970, KX284971, KX284972, KX284973"
Eidolon helvum,eidolon bat coronavirus/kenya/ky24/2006,77214,983924,TRUE,TRUE,FALSE,Eidolon,Pteropodidae,chiroptera,Mammalia,Eidolon helvum,betacoronavirus,coronaviridae,nidovirales,pisoniviricetes,strain of Eidolon bat coronavirus,FALSE,PCR/Sequencing,PREDICT,PREDICT,March92021FlatFile,,,,2021,3,9,2013,1,1,,,,,"KX285364, KX285365, KX285366, KX285841"
Eidolon helvum,eidolon bat coronavirus/kenya/ky24/2006,77214,983924,TRUE,TRUE,FALSE,Eidolon,Pteropodidae,chiroptera,Mammalia,Eidolon helvum,betacoronavirus,coronaviridae,nidovirales,pisoniviricetes,strain of Eidolon bat coronavirus,FALSE,PCR/Sequencing,PREDICT,PREDICT,March92021FlatFile,,,,2021,3,9,2013,2,1,,,,,"KX285106, KX285107"
Eidolon helvum,eidolon bat coronavirus/kenya/ky24/2006,77214,983924,TRUE,TRUE,FALSE,Eidolon,Pteropodidae,chiroptera,Mammalia,Eidolon helvum,betacoronavirus,coronaviridae,nidovirales,pisoniviricetes,strain of Eidolon bat coronavirus,FALSE,PCR/Sequencing,PREDICT,PREDICT,March92021FlatFile,,,,2021,3,9,2013,4,1,,,,,"KX285398, KX285399, KX285400, KX285868, KX285869, KX285870, KX285871, KX285872, KX285888, KX285889, KX285890, KX285891, KX285990, KX285108, KX285109, KX285110, KX285401, KX285402, KX285403, KX285404, KX285405, KX285406, KX285407, KX285408, KX285409, KX285410, KX285844, KX285845, KX285846, KX285847, KX285848, KX285849, KX285850, KX285851, KX285852, KX285853, KX285411, KX285412, KX285413, KX285414, KX285415, KX285416, KX285417, KX285418, KX285842, KX285843"
Eidolon helvum,eidolon bat coronavirus/kenya/ky24/2006,77214,983924,TRUE,TRUE,FALSE,Eidolon,Pteropodidae,chiroptera,Mammalia,Eidolon helvum,betacoronavirus,coronaviridae,nidovirales,pisoniviricetes,strain of Eidolon bat coronavirus,FALSE,PCR/Sequencing,PREDICT,PREDICT,March92021FlatFile,,,,2021,3,9,2013,5,1,,,,,"KX285420, KX285422, KX285423, KX285820, KX285823, KX285825, KX285827"
Eidolon helvum,eidolon bat coronavirus/kenya/ky24/2006,77214,983924,TRUE,TRUE,FALSE,Eidolon,Pteropodidae,chiroptera,Mammalia,Eidolon helvum,betacoronavirus,coronaviridae,nidovirales,pisoniviricetes,strain of Eidolon bat coronavirus,FALSE,PCR/Sequencing,PREDICT,PREDICT,March92021FlatFile,,,,2021,3,9,2013,6,1,,,,,"KX285263, KX285264, KX285265, KX285266, KX285267, KX285268, KX285269, KX285270, KX285271, KX285292, KX285293, KX285294, KX285295, KX285296, KX285297, KX285298, KX285300, KX285301, KX285302, KX285323, KX285324, KX285325, KX285326, KX285327, KX285328, KX285329, KX285330, KX285331, KX285332, KX285900, KX285901, KX285902, KX285903, KX285904, KX285905, KX285906, KX285907, KX285908, KX285909, KX285930, KX285931, KX285932, KX285933, KX285934, KX285935, KX285936, KX285937, KX285938, KX285939, KX285961, KX285962, KX285963, KX285964, KX285965, KX285966, KX285967, KX285968, KX286002, KX286003, KX285910, KX285911, KX285912, KX285913, KX285914, KX285915, KX285916, KX285917, KX285918, KX285919, KX285920, KX285921, KX285922, KX285923, KX285924, KX285925, KX285926, KX285927, KX285928, KX285929, KX285940, KX285942, KX285943, KX285944, KX285945, KX285946, KX285947, KX285948, KX285949, KX285950, KX285951, KX285952, KX285953, KX285954, KX285955, KX285956, KX285957, KX285958, KX285959, KX285960, KX286004, KX286005, KX286006, KX286007, KX286008, KX286009, KX286010, KX286011, KX285272, KX285273, KX285274, KX285275, KX285276, KX285277, KX285278, KX285279, KX285280, KX285281, KX285282, KX285283, KX285284, KX285285, KX285286, KX285287, KX285288, KX285289, KX285290, KX285291, KX285303, KX285304, KX285305, KX285306, KX285307, KX285308, KX285309, KX285310, KX285311, KX285312, KX285313, KX285314, KX285315, KX285316, KX285317, KX285318, KX285319, KX285320, KX285321, KX285322, KX285333, KX285334, KX285335, KX285336, KX285337, KX285338, KX285339, KX285340, KX285341, KX285342, KX285343, KX285344, KX285345, KX285346, KX285347, KX285895, KX285896, KX285897, KX285898, KX285899, KX285430"
Eidolon helvum,eidolon bat coronavirus/kenya/ky24/2006,77214,983924,TRUE,TRUE,FALSE,Eidolon,Pteropodidae,chiroptera,Mammalia,Eidolon helvum,betacoronavirus,coronaviridae,nidovirales,pisoniviricetes,strain of Eidolon bat coronavirus,FALSE,PCR/Sequencing,PREDICT,PREDICT,March92021FlatFile,,,,2021,3,9,2013,8,1,,,,,"KX285969, KX285970, KX285971, KX285972, KX285973, KX285974, KX285975, KX285976, KX285977, KX285978, KX285370, KX285371, KX285372, KX285374, KX285375, KX285376, KX285387, KX285388, KX285389, KX285390, KX285391, KX285392, KX285393, KX285394, KX285395, KX285396, KX285979, KX285983, KX285984, KX285985, KX285986, KX285987, KX285988, KX285989, KX285992, KX285993, KX285994, KX285995, KX285377, KX285378, KX285379, KX285380, KX285381, KX285382, KX285383, KX285384, KX285385, KX285386"
Eidolon helvum,eidolon bat coronavirus/kenya/ky24/2006,77214,983924,TRUE,TRUE,FALSE,Eidolon,Pteropodidae,chiroptera,Mammalia,Eidolon helvum,betacoronavirus,coronaviridae,nidovirales,pisoniviricetes,strain of Eidolon bat coronavirus,FALSE,PCR/Sequencing,PREDICT,PREDICT,March92021FlatFile,,,,2021,3,9,2013,9,1,,,,,"KX285859, KX285860, KX285862, KX285863, KX285864, KX285356, KX285357, KX285358, KX285359, KX285360, KX285361, KX285362, KX285363, KX285856, KX285858"
Eidolon helvum,eidolon bat coronavirus/kenya/ky24/2006,77214,983924,TRUE,TRUE,FALSE,Eidolon,Pteropodidae,chiroptera,Mammalia,Eidolon helvum,betacoronavirus,coronaviridae,nidovirales,pisoniviricetes,strain of Eidolon bat coronavirus,FALSE,PCR/Sequencing,PREDICT,PREDICT,March92021FlatFile,,,,2021,3,9,2014,2,1,,,,,"KX285509, KX285510, KX285511, KX286264, KX286265, KX286266, KX286267"
Eidolon helvum,eidolon bat coronavirus/kenya/ky24/2006,77214,983924,TRUE,TRUE,FALSE,Eidolon,Pteropodidae,chiroptera,Mammalia,Eidolon helvum,betacoronavirus,coronaviridae,nidovirales,pisoniviricetes,strain of Eidolon bat coronavirus,FALSE,PCR/Sequencing,PREDICT,PREDICT,March92021FlatFile,,,,2021,3,9,2014,3,1,,,,,"KX286273, KX286277, KX286279, KX286280, KX286281, KX286270, KX286271, KX286272, KX286282, KX286283"
Eidolon helvum,eidolon bat coronavirus/kenya/ky24/2006,77214,983924,TRUE,TRUE,FALSE,Eidolon,Pteropodidae,chiroptera,Mammalia,Eidolon helvum,betacoronavirus,coronaviridae,nidovirales,pisoniviricetes,strain of Eidolon bat coronavirus,TRUE,PCR/Sequencing,PREDICT,PREDICT,March92021FlatFile,,,,2021,3,9,2013,5,1,,,,,"KX285419, KX285421, KX285822, KX285824"
Eidolon helvum,eidolon bat coronavirus/kenya/ky24/2006,77214,983924,TRUE,TRUE,FALSE,Eidolon,Pteropodidae,chiroptera,Mammalia,Eidolon helvum,betacoronavirus,coronaviridae,nidovirales,pisoniviricetes,strain of Eidolon bat coronavirus,TRUE,PCR/Sequencing,PREDICT,PREDICT,March92021FlatFile,,,,2021,3,9,2013,8,1,,,,,"KX285367, KX285368, KX285369, KX285980, KX285981, KX285982"
Eidolon helvum,eidolon bat coronavirus/kenya/ky24/2006,77214,983924,TRUE,TRUE,FALSE,Eidolon,Pteropodidae,chiroptera,Mammalia,Eidolon helvum,betacoronavirus,coronaviridae,nidovirales,pisoniviricetes,strain of Eidolon bat coronavirus,TRUE,PCR/Sequencing,PREDICT,PREDICT,March92021FlatFile,,,,2021,3,9,2013,9,1,,,,,KX285861
Eidolon helvum,kenya bat coronavirus/btky56/btky55,77214,2042604,TRUE,TRUE,FALSE,Eidolon,Pteropodidae,chiroptera,Mammalia,Eidolon helvum,betacoronavirus,coronaviridae,nidovirales,pisoniviricetes,strain of Kenya bat coronavirus/BtKY56/BtKY55,FALSE,PCR/Sequencing,PREDICT,PREDICT,March92021FlatFile,,,,2021,3,9,2014,3,1,,,,,KX285513
Eidolon helvum,kenya bat coronavirus/btky56/btky55,77214,2042604,TRUE,TRUE,FALSE,Eidolon,Pteropodidae,chiroptera,Mammalia,Eidolon helvum,betacoronavirus,coronaviridae,nidovirales,pisoniviricetes,strain of Kenya bat coronavirus/BtKY56/BtKY55,TRUE,PCR/Sequencing,PREDICT,PREDICT,March92021FlatFile,,,,2021,3,9,2017,9,1,,,,,
Eidolon helvum,rousettus bat coronavirus hku9,77214,694006,TRUE,TRUE,FALSE,Eidolon,Pteropodidae,chiroptera,Mammalia,Eidolon helvum,betacoronavirus,coronaviridae,nidovirales,pisoniviricetes,strain of Bat coronavirus HKU9,FALSE,PCR/Sequencing,PREDICT,PREDICT,March92021FlatFile,,,,2021,3,9,2012,9,1,,,,,KX284961
Eonycteris spelaea,coronavirus predict cov-22,58065,2042549,TRUE,TRUE,FALSE,Eonycteris,Pteropodidae,chiroptera,Mammalia,Eonycteris spelaea,betacoronavirus,coronaviridae,nidovirales,pisoniviricetes,PREDICT_CoV-22,FALSE,PCR/Sequencing,PREDICT,PREDICT,March92021FlatFile,,,,2021,3,9,2011,2,1,,,,,KX284906
Eonycteris spelaea,predict_cov-22,58065,,TRUE,FALSE,FALSE,Eonycteris,Pteropodidae,chiroptera,Mammalia,Eonycteris spelaea,betacoronavirus,coronaviridae,nidovirales,,PREDICT_CoV-22,FALSE,PCR/Sequencing,PREDICT,PREDICT,March92021FlatFile,,,,2021,3,9,2015,10,1,,,,,
Eonycteris spelaea,rousettus bat coronavirus hku9,58065,694006,TRUE,TRUE,FALSE,Eonycteris,Pteropodidae,chiroptera,Mammalia,Eonycteris spelaea,betacoronavirus,coronaviridae,nidovirales,pisoniviricetes,strain of Bat coronavirus HKU9,FALSE,PCR/Sequencing,PREDICT,PREDICT,March92021FlatFile,,,,2021,3,9,2011,8,1,,,,,"KX284908, KX284911, KX284912"
Eonycteris spelaea,rousettus bat coronavirus hku9,58065,694006,TRUE,TRUE,FALSE,Eonycteris,Pteropodidae,chiroptera,Mammalia,Eonycteris spelaea,betacoronavirus,coronaviridae,nidovirales,pisoniviricetes,strain of Bat coronavirus HKU9,FALSE,PCR/Sequencing,PREDICT,PREDICT,March92021FlatFile,,,,2021,3,9,2012,1,1,,,,,KX284919
Eonycteris spelaea,rousettus bat coronavirus hku9,58065,694006,TRUE,TRUE,FALSE,Eonycteris,Pteropodidae,chiroptera,Mammalia,Eonycteris spelaea,betacoronavirus,coronaviridae,nidovirales,pisoniviricetes,strain of Bat coronavirus HKU9,FALSE,PCR/Sequencing,PREDICT,PREDICT,March92021FlatFile,,,,2021,3,9,2012,2,1,,,,,KX284932
Eonycteris spelaea,rousettus bat coronavirus hku9,58065,694006,TRUE,TRUE,FALSE,Eonycteris,Pteropodidae,chiroptera,Mammalia,Eonycteris spelaea,betacoronavirus,coronaviridae,nidovirales,pisoniviricetes,strain of Bat coronavirus HKU9,FALSE,PCR/Sequencing,PREDICT,PREDICT,March92021FlatFile,,,,2021,3,9,2017,8,1,,,,,
Epomophorus gambianus,eidolon bat coronavirus,372077,,TRUE,FALSE,FALSE,Epomophorus,Pteropodidae,chiroptera,Mammalia,Epomophorus gambianus,betacoronavirus,coronaviridae,nidovirales,,strain of Eidolon bat coronavirus,TRUE,PCR/Sequencing,PREDICT,PREDICT,March92021FlatFile,,,,2021,3,9,2017,3,1,,,,,
Epomophorus gambianus,kenya bat coronavirus/btky56/btky55,372077,2042604,TRUE,TRUE,FALSE,Epomophorus,Pteropodidae,chiroptera,Mammalia,Epomophorus gambianus,betacoronavirus,coronaviridae,nidovirales,pisoniviricetes,strain of Kenya bat coronavirus/BtKY56/BtKY55,FALSE,PCR/Sequencing,PREDICT,PREDICT,March92021FlatFile,,,,2021,3,9,2013,7,1,,,,,", KX285023, KX285024, KX285025, KX285027, KX285028, KX285029, KX284993, KX284994, KX284998, KX284999, KX285006, KX285007, KX285008, KX285009, KX285012, KX285013"
Epomophorus gambianus,kenya bat coronavirus/btky56/btky55,372077,2042604,TRUE,TRUE,FALSE,Epomophorus,Pteropodidae,chiroptera,Mammalia,Epomophorus gambianus,betacoronavirus,coronaviridae,nidovirales,pisoniviricetes,strain of Kenya bat coronavirus/BtKY56/BtKY55,TRUE,PCR/Sequencing,PREDICT,PREDICT,March92021FlatFile,,,,2021,3,9,2017,2,1,,,,,
Epomophorus labiatus,kenya bat coronavirus/btky56/btky55,903567,2042604,TRUE,TRUE,FALSE,Epomophorus,Pteropodidae,chiroptera,Mammalia,Epomophorus labiatus,betacoronavirus,coronaviridae,nidovirales,pisoniviricetes,strain of Kenya bat coronavirus/BtKY56/BtKY55,FALSE,PCR/Sequencing,PREDICT,PREDICT,March92021FlatFile,,,,2021,3,9,2014,4,1,,,,,"KX285431, KX285830"
Epomophorus pusillus,kenya bat coronavirus/btky56/btky55,2853157,2042604,TRUE,TRUE,FALSE,Epomophorus,Pteropodidae,chiroptera,Mammalia,Micropteropus pusillus,betacoronavirus,coronaviridae,nidovirales,pisoniviricetes,strain of Kenya bat coronavirus/BtKY56/BtKY55,FALSE,PCR/Sequencing,PREDICT,PREDICT,March92021FlatFile,,,,2021,3,9,2010,6,1,,,,,KX284951
Epomophorus pusillus,kenya bat coronavirus/btky56/btky55,2853157,2042604,TRUE,TRUE,FALSE,Epomophorus,Pteropodidae,chiroptera,Mammalia,Micropteropus pusillus,betacoronavirus,coronaviridae,nidovirales,pisoniviricetes,strain of Kenya bat coronavirus/BtKY56/BtKY55,FALSE,PCR/Sequencing,PREDICT,PREDICT,March92021FlatFile,,,,2021,3,9,2011,6,1,,,,,KX284954
Epomophorus pusillus,kenya bat coronavirus/btky56/btky55,2853157,2042604,TRUE,TRUE,FALSE,Epomophorus,Pteropodidae,chiroptera,Mammalia,Micropteropus pusillus,betacoronavirus,coronaviridae,nidovirales,pisoniviricetes,strain of Kenya bat coronavirus/BtKY56/BtKY55,FALSE,PCR/Sequencing,PREDICT,PREDICT,March92021FlatFile,,,,2021,3,9,2012,10,1,,,,,KX285070
Epomophorus pusillus,kenya bat coronavirus/btky56/btky55,2853157,2042604,TRUE,TRUE,FALSE,Epomophorus,Pteropodidae,chiroptera,Mammalia,Micropteropus pusillus,betacoronavirus,coronaviridae,nidovirales,pisoniviricetes,strain of Kenya bat coronavirus/BtKY56/BtKY55,FALSE,PCR/Sequencing,PREDICT,PREDICT,March92021FlatFile,,,,2021,3,9,2012,12,1,,,,,KX285071
Epomophorus pusillus,kenya bat coronavirus/btky56/btky55,2853157,2042604,TRUE,TRUE,FALSE,Epomophorus,Pteropodidae,chiroptera,Mammalia,Micropteropus pusillus,betacoronavirus,coronaviridae,nidovirales,pisoniviricetes,strain of Kenya bat coronavirus/BtKY56/BtKY55,FALSE,PCR/Sequencing,PREDICT,PREDICT,March92021FlatFile,,,,2021,3,9,2013,4,1,,,,,KX284985
Epomophorus pusillus,kenya bat coronavirus/btky56/btky55,2853157,2042604,TRUE,TRUE,FALSE,Epomophorus,Pteropodidae,chiroptera,Mammalia,Micropteropus pusillus,betacoronavirus,coronaviridae,nidovirales,pisoniviricetes,strain of Kenya bat coronavirus/BtKY56/BtKY55,FALSE,PCR/Sequencing,PREDICT,PREDICT,March92021FlatFile,,,,2021,3,9,2013,5,1,,,,,"KX284986, KX284987, KX284989, KX284990"
Epomophorus pusillus,kenya bat coronavirus/btky56/btky55,2853157,2042604,TRUE,TRUE,FALSE,Epomophorus,Pteropodidae,chiroptera,Mammalia,Micropteropus pusillus,betacoronavirus,coronaviridae,nidovirales,pisoniviricetes,strain of Kenya bat coronavirus/BtKY56/BtKY55,FALSE,PCR/Sequencing,PREDICT,PREDICT,March92021FlatFile,,,,2021,3,9,2014,2,1,,,,,"KX286309, KX286313, KX285075, KX285076, KX286320, KX286321, KX285087, KX285088, KX285089, KX285090, KX285091, KX285092, KX285093, KX285094, KX286310, KX286311, KX286312, KX286314, KX286315, KX286316, KX286317, KX286319, KX285077, KX285078, KX285079, KX285080, KX285081, KX285082, KX285083, KX285084, KX285085, KX286302, KX286303, KX286304, KX286305, KX286306, KX286307, KX286308"
Epomophorus pusillus,kenya bat coronavirus/btky56/btky55,2853157,2042604,TRUE,TRUE,FALSE,Epomophorus,Pteropodidae,chiroptera,Mammalia,Micropteropus pusillus,betacoronavirus,coronaviridae,nidovirales,pisoniviricetes,strain of Kenya bat coronavirus/BtKY56/BtKY55,TRUE,PCR/Sequencing,PREDICT,PREDICT,March92021FlatFile,,,,2021,3,9,2015,12,1,,,,,
Epomops buettikoferi,kenya bat coronavirus/btky56/btky55,1410044,2042604,TRUE,TRUE,FALSE,Epomops,Pteropodidae,chiroptera,Mammalia,Epomops buettikoferi,betacoronavirus,coronaviridae,nidovirales,pisoniviricetes,strain of Kenya bat coronavirus/BtKY56/BtKY55,FALSE,PCR/Sequencing,PREDICT,PREDICT,March92021FlatFile,,,,2021,3,9,2018,9,1,,,,,
Epomops franqueti,coronavirus predict cov-30,77231,2042556,TRUE,TRUE,FALSE,Epomops,Pteropodidae,chiroptera,Mammalia,Epomops franqueti,betacoronavirus,coronaviridae,nidovirales,pisoniviricetes,PREDICT_CoV-30,FALSE,PCR/Sequencing,PREDICT,PREDICT,March92021FlatFile,,,,2021,3,9,2010,10,1,,,,,KX284953
Epomops franqueti,eidolon bat coronavirus/kenya/ky24/2006,77231,983924,TRUE,TRUE,FALSE,Epomops,Pteropodidae,chiroptera,Mammalia,Epomops franqueti,betacoronavirus,coronaviridae,nidovirales,pisoniviricetes,strain of Eidolon bat coronavirus,FALSE,PCR/Sequencing,PREDICT,PREDICT,March92021FlatFile,,,,2021,3,9,2014,3,1,,,,,"KX286274, KX286275, KX286276, KX286278, KX286286"
Epomops franqueti,kenya bat coronavirus/btky56/btky55,77231,2042604,TRUE,TRUE,FALSE,Epomops,Pteropodidae,chiroptera,Mammalia,Epomops franqueti,betacoronavirus,coronaviridae,nidovirales,pisoniviricetes,strain of Kenya bat coronavirus/BtKY56/BtKY55,FALSE,PCR/Sequencing,PREDICT,PREDICT,March92021FlatFile,,,,2021,3,9,2013,1,1,,,,,"KX284957, KX284958"
Epomops franqueti,kenya bat coronavirus/btky56/btky55,77231,2042604,TRUE,TRUE,FALSE,Epomops,Pteropodidae,chiroptera,Mammalia,Epomops franqueti,betacoronavirus,coronaviridae,nidovirales,pisoniviricetes,strain of Kenya bat coronavirus/BtKY56/BtKY55,FALSE,PCR/Sequencing,PREDICT,PREDICT,March92021FlatFile,,,,2021,3,9,2014,1,1,,,,,"KX285499, KX285500, KX285501, KX285506, KX286268, KX286269"
Epomops franqueti,kenya bat coronavirus/btky56/btky55,77231,2042604,TRUE,TRUE,FALSE,Epomops,Pteropodidae,chiroptera,Mammalia,Epomops franqueti,betacoronavirus,coronaviridae,nidovirales,pisoniviricetes,strain of Kenya bat coronavirus/BtKY56/BtKY55,FALSE,PCR/Sequencing,PREDICT,PREDICT,March92021FlatFile,,,,2021,3,9,2014,2,1,,,,,KX285086
Epomops franqueti,kenya bat coronavirus/btky56/btky55,77231,2042604,TRUE,TRUE,FALSE,Epomops,Pteropodidae,chiroptera,Mammalia,Epomops franqueti,betacoronavirus,coronaviridae,nidovirales,pisoniviricetes,strain of Kenya bat coronavirus/BtKY56/BtKY55,FALSE,PCR/Sequencing,PREDICT,PREDICT,March92021FlatFile,,,,2021,3,9,2014,3,1,,,,,"KX285095, KX285097, KX285098, KX285099, KX285100, KX285101, KX285102, KX285103, KX285104, KX286301, KX286318, KX286322, KX285512, KX286285"
Epomops franqueti,kenya bat coronavirus/btky56/btky55,77231,2042604,TRUE,TRUE,FALSE,Epomops,Pteropodidae,chiroptera,Mammalia,Epomops franqueti,betacoronavirus,coronaviridae,nidovirales,pisoniviricetes,strain of Kenya bat coronavirus/BtKY56/BtKY55,TRUE,PCR/Sequencing,PREDICT,PREDICT,March92021FlatFile,,,,2021,3,9,2018,6,1,,,,,
Epomops franqueti,predict_cov-30,77231,,TRUE,FALSE,FALSE,Epomops,Pteropodidae,chiroptera,Mammalia,Epomops franqueti,betacoronavirus,coronaviridae,nidovirales,,PREDICT_CoV-30,TRUE,PCR/Sequencing,PREDICT,PREDICT,March92021FlatFile,,,,2021,3,9,2016,7,1,,,,,
Glauconycteris variegata,bat coronavirus hipposideros,909369,,TRUE,FALSE,FALSE,Glauconycteris,Vespertilionidae,chiroptera,Mammalia,Glauconycteris variegata,betacoronavirus,coronaviridae,nidovirales,,strain of Bat coronavirus Hipposideros,TRUE,PCR/Sequencing,PREDICT,PREDICT,March92021FlatFile,,,,2021,3,9,2018,2,1,,,,,
Hipposideros armiger,severe acute respiratory syndrome-related coronavirus,186990,694009,TRUE,TRUE,FALSE,Hipposideros,Hipposideridae,chiroptera,Mammalia,Hipposideros armiger,betacoronavirus,coronaviridae,nidovirales,pisoniviricetes,strain of SARS-related betacoronavirus Rp3/2004,FALSE,PCR/Sequencing,PREDICT,PREDICT,March92021FlatFile,,,,2021,3,9,2013,3,1,,,,,"KX285135, KX285136"
Hipposideros armiger,vespertilionid betacoronavirus,186990,2042701,TRUE,TRUE,FALSE,Hipposideros,Hipposideridae,chiroptera,Mammalia,Hipposideros armiger,betacoronavirus,coronaviridae,nidovirales,pisoniviricetes,strain of Vespertilionid betacoronavirus,FALSE,PCR/Sequencing,PREDICT,PREDICT,March92021FlatFile,,,,2021,3,9,2013,7,1,,,,,KX285185
Hipposideros caffer,bat coronavirus hipposideros,302402,,TRUE,FALSE,FALSE,Hipposideros,Hipposideridae,chiroptera,Mammalia,Hipposideros caffer,betacoronavirus,coronaviridae,nidovirales,,strain of Bat coronavirus Hipposideros,TRUE,PCR/Sequencing,PREDICT,PREDICT,March92021FlatFile,,,,2021,3,9,2018,3,1,,,,,
Hipposideros caffer,coronavirus predict cov-32,302402,2042557,TRUE,TRUE,FALSE,Hipposideros,Hipposideridae,chiroptera,Mammalia,Hipposideros caffer,betacoronavirus,coronaviridae,nidovirales,pisoniviricetes,PREDICT_CoV-32,FALSE,PCR/Sequencing,PREDICT,PREDICT,March92021FlatFile,,,,2021,3,9,2013,3,1,,,,,KX284981
Hipposideros caffer,coronavirus predict cov-43,302402,2042569,TRUE,TRUE,FALSE,Hipposideros,Hipposideridae,chiroptera,Mammalia,Hipposideros caffer,betacoronavirus,coronaviridae,nidovirales,pisoniviricetes,PREDICT_CoV-43,FALSE,PCR/Sequencing,PREDICT,PREDICT,March92021FlatFile,,,,2021,3,9,2011,9,1,,,,,KX286324
Hipposideros caffer,coronavirus predict cov-62,302402,2042586,TRUE,TRUE,FALSE,Hipposideros,Hipposideridae,chiroptera,Mammalia,Hipposideros caffer,betacoronavirus,coronaviridae,nidovirales,pisoniviricetes,PREDICT_CoV-62,TRUE,PCR/Sequencing,PREDICT,PREDICT,March92021FlatFile,,,,2021,3,9,2013,8,1,,,,,"KX285253, KX285866"
Hipposideros cervinus,predict_cov-76,170233,,TRUE,FALSE,FALSE,Hipposideros,Hipposideridae,chiroptera,Mammalia,Hipposideros cervinus,betacoronavirus,coronaviridae,nidovirales,,PREDICT_CoV-76,TRUE,PCR/Sequencing,PREDICT,PREDICT,March92021FlatFile,,,,2021,3,9,2015,11,1,,,,,
Hipposideros fuliginosus,predict_cov-81,584995,,TRUE,FALSE,FALSE,Hipposideros,Hipposideridae,chiroptera,Mammalia,Hipposideros fuliginosus,betacoronavirus,coronaviridae,nidovirales,,PREDICT_CoV-81,FALSE,PCR/Sequencing,PREDICT,PREDICT,March92021FlatFile,,,,2021,3,9,2017,12,1,,,,,
Hipposideros galeritus,coronavirus predict cov-51,58069,2042575,TRUE,TRUE,FALSE,Hipposideros,Hipposideridae,chiroptera,Mammalia,Hipposideros galeritus,betacoronavirus,coronaviridae,nidovirales,pisoniviricetes,PREDICT_CoV-51,FALSE,PCR/Sequencing,PREDICT,PREDICT,March92021FlatFile,,,,2021,3,9,2012,12,1,,,,,"KX284939, KX286262"
Hipposideros larvatus,bat coronavirus hipposideros/kt/thailand/2007,175524,890398,TRUE,TRUE,FALSE,Hipposideros,Hipposideridae,chiroptera,Mammalia,Hipposideros larvatus,betacoronavirus,coronaviridae,nidovirales,pisoniviricetes,strain of Bat coronavirus Hipposideros/KT/Thailand/2007,FALSE,PCR/Sequencing,PREDICT,PREDICT,March92021FlatFile,,,,2021,3,9,2013,11,1,,,,,KX285472
Hipposideros larvatus,rousettus bat coronavirus hku9,175524,694006,TRUE,TRUE,FALSE,Hipposideros,Hipposideridae,chiroptera,Mammalia,Hipposideros larvatus,betacoronavirus,coronaviridae,nidovirales,pisoniviricetes,strain of Bat coronavirus HKU9,FALSE,PCR/Sequencing,PREDICT,PREDICT,March92021FlatFile,,,,2021,3,9,2017,4,1,,,,,
Hipposideros lekaguli,predict_cov-22,1207989,,TRUE,FALSE,FALSE,Hipposideros,Hipposideridae,chiroptera,Mammalia,Hipposideros lekaguli,betacoronavirus,coronaviridae,nidovirales,,PREDICT_CoV-22,FALSE,PCR/Sequencing,PREDICT,PREDICT,March92021FlatFile,,,,2021,3,9,2012,5,1,,,,,
Hipposideros ruber,bat coronavirus hipposideros,463808,,TRUE,FALSE,FALSE,Hipposideros,Hipposideridae,chiroptera,Mammalia,Hipposideros ruber,betacoronavirus,coronaviridae,nidovirales,,strain of Bat coronavirus Hipposideros,TRUE,PCR/Sequencing,PREDICT,PREDICT,March92021FlatFile,,,,2021,3,9,2016,11,1,,,,,
Hipposideros ruber,coronavirus predict cov-20,463808,2042547,TRUE,TRUE,FALSE,Hipposideros,Hipposideridae,chiroptera,Mammalia,Hipposideros ruber,betacoronavirus,coronaviridae,nidovirales,pisoniviricetes,PREDICT_CoV-20,FALSE,PCR/Sequencing,PREDICT,PREDICT,March92021FlatFile,,,,2021,3,9,2012,7,1,,,,,KX286249
Hipposideros ruber,coronavirus predict cov-44,463808,2042570,TRUE,TRUE,FALSE,Hipposideros,Hipposideridae,chiroptera,Mammalia,Hipposideros ruber,betacoronavirus,coronaviridae,nidovirales,pisoniviricetes,PREDICT_CoV-44,TRUE,PCR/Sequencing,PREDICT,PREDICT,March92021FlatFile,,,,2021,3,9,2013,5,1,,,,,KX285826
Hipposideros ruber,kenya bat coronavirus/btky56/btky55,463808,2042604,TRUE,TRUE,FALSE,Hipposideros,Hipposideridae,chiroptera,Mammalia,Hipposideros ruber,betacoronavirus,coronaviridae,nidovirales,pisoniviricetes,strain of Kenya bat coronavirus/BtKY56/BtKY55,TRUE,PCR/Sequencing,PREDICT,PREDICT,March92021FlatFile,,,,2021,3,9,2018,1,1,,,,,
Ia io,vespertilionid betacoronavirus,360967,2042701,TRUE,TRUE,FALSE,Ia,Vespertilionidae,chiroptera,Mammalia,Ia io,betacoronavirus,coronaviridae,nidovirales,pisoniviricetes,strain of Vespertilionid betacoronavirus,FALSE,PCR/Sequencing,PREDICT,PREDICT,March92021FlatFile,,,,2021,3,9,2013,7,1,,,,,"KX285196, KX285195"
Macronycteris gigas,zaria bat coronavirus,584996,989337,TRUE,TRUE,FALSE,Macronycteris,Hipposideridae,chiroptera,Mammalia,Macronycteris gigas,betacoronavirus,coronaviridae,nidovirales,pisoniviricetes,strain of Zaria Bat Coronavirus,TRUE,PCR/Sequencing,PREDICT,PREDICT,March92021FlatFile,,,,2021,3,9,2017,1,1,,,,,
Megaerops ecaudatus,philippines/diliman1525g2/2008,298110,,TRUE,FALSE,FALSE,Megaerops,Pteropodidae,chiroptera,Mammalia,Megaerops ecaudatus,betacoronavirus,coronaviridae,nidovirales,,strain of Philippines/Diliman1525G2/2008,TRUE,PCR/Sequencing,PREDICT,PREDICT,March92021FlatFile,,,,2021,3,9,2017,9,1,,,,,
Megaerops niphanae,coronavirus predict cov-24,77233,2042551,TRUE,TRUE,FALSE,Megaerops,Pteropodidae,chiroptera,Mammalia,Megaerops niphanae,betacoronavirus,coronaviridae,nidovirales,pisoniviricetes,PREDICT_CoV-24,FALSE,PCR/Sequencing,PREDICT,PREDICT,March92021FlatFile,,,,2021,3,9,2012,9,1,,,,,KX285755
Megaloglossus woermanni,coronavirus predict cov-30,58073,2042556,TRUE,TRUE,FALSE,Megaloglossus,Pteropodidae,chiroptera,Mammalia,Megaloglossus woermanni,betacoronavirus,coronaviridae,nidovirales,pisoniviricetes,PREDICT_CoV-30,FALSE,PCR/Sequencing,PREDICT,PREDICT,March92021FlatFile,,,,2021,3,9,2012,12,1,,,,,KX284956
Megaloglossus woermanni,coronavirus predict cov-30,58073,2042556,TRUE,TRUE,FALSE,Megaloglossus,Pteropodidae,chiroptera,Mammalia,Megaloglossus woermanni,betacoronavirus,coronaviridae,nidovirales,pisoniviricetes,PREDICT_CoV-30,FALSE,PCR/Sequencing,PREDICT,PREDICT,March92021FlatFile,,,,2021,3,9,2013,12,1,,,,,KX285072
Megaloglossus woermanni,coronavirus predict cov-30,58073,2042556,TRUE,TRUE,FALSE,Megaloglossus,Pteropodidae,chiroptera,Mammalia,Megaloglossus woermanni,betacoronavirus,coronaviridae,nidovirales,pisoniviricetes,PREDICT_CoV-30,FALSE,PCR/Sequencing,PREDICT,PREDICT,March92021FlatFile,,,,2021,3,9,2013,4,1,,,,,KX284984
Megaloglossus woermanni,coronavirus predict cov-30,58073,2042556,TRUE,TRUE,FALSE,Megaloglossus,Pteropodidae,chiroptera,Mammalia,Megaloglossus woermanni,betacoronavirus,coronaviridae,nidovirales,pisoniviricetes,PREDICT_CoV-30,FALSE,PCR/Sequencing,PREDICT,PREDICT,March92021FlatFile,,,,2021,3,9,2013,5,1,,,,,KX284988
Megaloglossus woermanni,coronavirus predict cov-30,58073,2042556,TRUE,TRUE,FALSE,Megaloglossus,Pteropodidae,chiroptera,Mammalia,Megaloglossus woermanni,betacoronavirus,coronaviridae,nidovirales,pisoniviricetes,PREDICT_CoV-30,FALSE,PCR/Sequencing,PREDICT,PREDICT,March92021FlatFile,,,,2021,3,9,2014,1,1,,,,,KX285073
Megaloglossus woermanni,coronavirus predict cov-30,58073,2042556,TRUE,TRUE,FALSE,Megaloglossus,Pteropodidae,chiroptera,Mammalia,Megaloglossus woermanni,betacoronavirus,coronaviridae,nidovirales,pisoniviricetes,PREDICT_CoV-30,FALSE,PCR/Sequencing,PREDICT,PREDICT,March92021FlatFile,,,,2021,3,9,2014,2,1,,,,,"KX285037, KX285036"
Megaloglossus woermanni,eidolon bat coronavirus/kenya/ky24/2006,58073,983924,TRUE,TRUE,FALSE,Megaloglossus,Pteropodidae,chiroptera,Mammalia,Megaloglossus woermanni,betacoronavirus,coronaviridae,nidovirales,pisoniviricetes,strain of Eidolon bat coronavirus,FALSE,PCR/Sequencing,PREDICT,PREDICT,March92021FlatFile,,,,2021,3,9,2013,12,1,,,,,"KX286300, KX286296"
Megaloglossus woermanni,eidolon bat coronavirus/kenya/ky24/2006,58073,983924,TRUE,TRUE,FALSE,Megaloglossus,Pteropodidae,chiroptera,Mammalia,Megaloglossus woermanni,betacoronavirus,coronaviridae,nidovirales,pisoniviricetes,strain of Eidolon bat coronavirus,FALSE,PCR/Sequencing,PREDICT,PREDICT,March92021FlatFile,,,,2021,3,9,2014,3,1,,,,,KX286284
Megaloglossus woermanni,kenya bat coronavirus/btky56/btky55,58073,2042604,TRUE,TRUE,FALSE,Megaloglossus,Pteropodidae,chiroptera,Mammalia,Megaloglossus woermanni,betacoronavirus,coronaviridae,nidovirales,pisoniviricetes,strain of Kenya bat coronavirus/BtKY56/BtKY55,FALSE,PCR/Sequencing,PREDICT,PREDICT,March92021FlatFile,,,,2021,3,9,2014,1,1,,,,,"KX285507, "
Megaloglossus woermanni,predict_cov-30,58073,,TRUE,FALSE,FALSE,Megaloglossus,Pteropodidae,chiroptera,Mammalia,Megaloglossus woermanni,betacoronavirus,coronaviridae,nidovirales,,PREDICT_CoV-30,TRUE,PCR/Sequencing,PREDICT,PREDICT,March92021FlatFile,,,,2021,3,9,2015,9,1,,,,,
Miniopterus schreibersii,bat coronavirus bm48-31/bgr/2008,9433,864596,TRUE,TRUE,FALSE,Miniopterus,Miniopteridae,chiroptera,Mammalia,Miniopterus schreibersii,betacoronavirus,coronaviridae,nidovirales,pisoniviricetes,strain of Bat Coronavirus BM48-31/BGR/2008,TRUE,PCR/Sequencing,PREDICT,PREDICT,March92021FlatFile,,,,2021,3,9,2018,1,1,,,,,
Mops condylurus,coronavirus predict cov-30,258863,2042556,TRUE,TRUE,FALSE,Mops,Molossidae,chiroptera,Mammalia,Mops condylurus,betacoronavirus,coronaviridae,nidovirales,pisoniviricetes,PREDICT_CoV-30,FALSE,PCR/Sequencing,PREDICT,PREDICT,March92021FlatFile,,,,2021,3,9,2013,7,1,,,,,KX285016
Mops condylurus,eidolon bat coronavirus/kenya/ky24/2006,258863,983924,TRUE,TRUE,FALSE,Mops,Molossidae,chiroptera,Mammalia,Mops condylurus,betacoronavirus,coronaviridae,nidovirales,pisoniviricetes,strain of Eidolon bat coronavirus,FALSE,PCR/Sequencing,PREDICT,PREDICT,March92021FlatFile,,,,2021,3,9,2013,7,1,,,,,KX285020
Mops condylurus,kenya bat coronavirus/btky56/btky55,258863,2042604,TRUE,TRUE,FALSE,Mops,Molossidae,chiroptera,Mammalia,Mops condylurus,betacoronavirus,coronaviridae,nidovirales,pisoniviricetes,strain of Kenya bat coronavirus/BtKY56/BtKY55,TRUE,PCR/Sequencing,PREDICT,PREDICT,March92021FlatFile,,,,2021,3,9,2015,12,1,,,,,
Mops condylurus,predict_cov-106,258863,,TRUE,FALSE,FALSE,Mops,Molossidae,chiroptera,Mammalia,Mops condylurus,betacoronavirus,coronaviridae,nidovirales,,PREDICT_CoV-106,TRUE,PCR/Sequencing,PREDICT,PREDICT,March92021FlatFile,,,,2021,3,9,2017,8,1,,,,,
Mops condylurus,rousettus bat coronavirus hku9,258863,694006,TRUE,TRUE,FALSE,Mops,Molossidae,chiroptera,Mammalia,Mops condylurus,betacoronavirus,coronaviridae,nidovirales,pisoniviricetes,strain of Bat coronavirus HKU9,TRUE,PCR/Sequencing,PREDICT,PREDICT,March92021FlatFile,,,,2021,3,9,2018,8,1,,,,,
Mops plicatus,predict_cov-41,3370289,,TRUE,FALSE,FALSE,Mops,Molossidae,chiroptera,Mammalia,Chaerephon plicatus,betacoronavirus,coronaviridae,nidovirales,,PREDICT_CoV-41,TRUE,PCR/Sequencing,PREDICT,PREDICT,March92021FlatFile,,,,2021,3,9,2017,6,1,,,,,
Mops pumilus,eidolon bat coronavirus,242384,,TRUE,FALSE,FALSE,Mops,Molossidae,chiroptera,Mammalia,Chaerephon pumilus,betacoronavirus,coronaviridae,nidovirales,,strain of Eidolon bat coronavirus,TRUE,PCR/Sequencing,PREDICT,PREDICT,March92021FlatFile,,,,2021,3,9,2018,5,1,,,,,
Mops pumilus,eidolon bat coronavirus/kenya/ky24/2006,242384,983924,TRUE,TRUE,FALSE,Mops,Molossidae,chiroptera,Mammalia,Chaerephon pumilus,betacoronavirus,coronaviridae,nidovirales,pisoniviricetes,strain of Eidolon bat coronavirus,TRUE,PCR/Sequencing,PREDICT,PREDICT,March92021FlatFile,,,,2021,3,9,2013,11,1,,,,,KX285397
Mops pumilus,eidolon bat coronavirus/kenya/ky24/2006,242384,983924,TRUE,TRUE,FALSE,Mops,Molossidae,chiroptera,Mammalia,Chaerephon pumilus,betacoronavirus,coronaviridae,nidovirales,pisoniviricetes,strain of Eidolon bat coronavirus,TRUE,PCR/Sequencing,PREDICT,PREDICT,March92021FlatFile,,,,2021,3,9,2013,4,1,,,,,KX285353
Myonycteris torquata,predict_cov-66,77243,,TRUE,FALSE,FALSE,Myonycteris,Pteropodidae,chiroptera,Mammalia,Myonycteris torquata,betacoronavirus,coronaviridae,nidovirales,,PREDICT_CoV-66,TRUE,PCR/Sequencing,PREDICT,PREDICT,March92021FlatFile,,,,2021,3,9,2015,10,1,,,,,
Myotis pilosus,coronavirus predict cov-57,203696,2042581,TRUE,TRUE,FALSE,Myotis,Vespertilionidae,chiroptera,Mammalia,Myotis ricketti,betacoronavirus,coronaviridae,nidovirales,pisoniviricetes,PREDICT_CoV-57,FALSE,PCR/Sequencing,PREDICT,PREDICT,March92021FlatFile,,,,2021,3,9,2013,7,1,,,,,KX285219
Neoromicia somalicus,eidolon bat coronavirus,258944,,TRUE,FALSE,FALSE,Neoromicia,Vespertilionidae,chiroptera,Mammalia,Neoromicia somalicus,betacoronavirus,coronaviridae,nidovirales,,strain of Eidolon bat coronavirus,TRUE,PCR/Sequencing,PREDICT,PREDICT,March92021FlatFile,,,,2021,3,9,2018,5,1,,,,,
Nyctinomops laticaudatus,coronavirus mex_cov-9,27627,1289555,TRUE,TRUE,FALSE,Nyctinomops,Molossidae,chiroptera,Mammalia,Nyctinomops laticaudatus,betacoronavirus,coronaviridae,nidovirales,pisoniviricetes,PREDICT_CoV-9,FALSE,PCR/Sequencing,PREDICT,PREDICT,March92021FlatFile,,,,2021,3,9,2010,8,1,,,,,KC117195
Pipistrellus coromandra,coronavirus predict cov-34,258946,2042559,TRUE,TRUE,FALSE,Pipistrellus,Vespertilionidae,chiroptera,Mammalia,Pipistrellus coromandra,betacoronavirus,coronaviridae,nidovirales,pisoniviricetes,PREDICT_CoV-34,FALSE,PCR/Sequencing,PREDICT,PREDICT,March92021FlatFile,,,,2021,3,9,2013,2,1,,,,,KX285763
Pipistrellus hesperidus,middle east respiratory syndrome-related coronavirus,294653,1335626,TRUE,TRUE,FALSE,Pipistrellus,Vespertilionidae,chiroptera,Mammalia,Pipistrellus hesperidus,betacoronavirus,coronaviridae,nidovirales,pisoniviricetes,MERS-like Coronovirus,TRUE,PCR/Sequencing,PREDICT,PREDICT,March92021FlatFile,,,,2021,3,9,2013,2,1,,,,,"KX285225, "
Pipistrellus pipistrellus,coronavirus predict cov-57,59474,2042581,TRUE,TRUE,FALSE,Pipistrellus,Vespertilionidae,chiroptera,Mammalia,Pipistrellus pipistrellus,betacoronavirus,coronaviridae,nidovirales,pisoniviricetes,PREDICT_CoV-57,FALSE,PCR/Sequencing,PREDICT,PREDICT,March92021FlatFile,,,,2021,3,9,2013,7,1,,,,,"KX285209, KX285207, KX285208"
Pipistrellus pipistrellus,pipistrellus bat coronavirus hku5,59474,694008,TRUE,TRUE,FALSE,Pipistrellus,Vespertilionidae,chiroptera,Mammalia,Pipistrellus pipistrellus,betacoronavirus,coronaviridae,nidovirales,pisoniviricetes,strain of Bat coronavirus HKU5,FALSE,PCR/Sequencing,PREDICT,PREDICT,March92021FlatFile,,,,2021,3,9,2013,7,1,,,,,"KX285197, KX285199, KX285200"
Pteronotus parnellii,coronavirus mex_cov-10,59476,1289545,TRUE,TRUE,FALSE,Pteronotus,Mormoopidae,chiroptera,Mammalia,Pteronotus parnellii,betacoronavirus,coronaviridae,nidovirales,pisoniviricetes,PREDICT_CoV-10,FALSE,PCR/Sequencing,PREDICT,PREDICT,March92021FlatFile,,,,2021,3,9,2010,11,1,,,,,KC117198
Pteronotus parnellii,coronavirus predict cov-10,59476,2042537,TRUE,TRUE,FALSE,Pteronotus,Mormoopidae,chiroptera,Mammalia,Pteronotus parnellii,betacoronavirus,coronaviridae,nidovirales,pisoniviricetes,PREDICT_CoV-10,FALSE,PCR/Sequencing,PREDICT,PREDICT,March92021FlatFile,,,,2021,3,9,2012,12,1,,,,,"KX285801, KX285799, KX285800"
Pteronotus personatus,coronavirus mex_cov-11b,118856,1289556,TRUE,TRUE,FALSE,Pteronotus,Mormoopidae,chiroptera,Mammalia,Pteronotus personatus,betacoronavirus,coronaviridae,nidovirales,pisoniviricetes,PREDICT_CoV-11,FALSE,PCR/Sequencing,PREDICT,PREDICT,March92021FlatFile,,,,2021,3,9,2010,11,1,,,,,KC117200
Pteropus alecto,betacoronavirus 1,9402,694003,TRUE,TRUE,FALSE,Pteropus,Pteropodidae,chiroptera,Mammalia,Pteropus alecto,betacoronavirus,coronaviridae,nidovirales,pisoniviricetes,strain of Betacoronavirus 1 (bat),FALSE,PCR/Sequencing,PREDICT,PREDICT,March92021FlatFile,,,,2021,3,9,2013,8,1,,,,,KX285045
Pteropus alecto,coronavirus predict cov-67,9402,2042591,TRUE,TRUE,FALSE,Pteropus,Pteropodidae,chiroptera,Mammalia,Pteropus alecto,betacoronavirus,coronaviridae,nidovirales,pisoniviricetes,PREDICT_CoV-67,FALSE,PCR/Sequencing,PREDICT,PREDICT,March92021FlatFile,,,,2021,3,9,2013,8,1,,,,,"KX285038, KX285039, KX285042"
Pteropus alecto,coronavirus predict cov-68,9402,2042592,TRUE,TRUE,FALSE,Pteropus,Pteropodidae,chiroptera,Mammalia,Pteropus alecto,betacoronavirus,coronaviridae,nidovirales,pisoniviricetes,PREDICT_CoV-68,FALSE,PCR/Sequencing,PREDICT,PREDICT,March92021FlatFile,,,,2021,3,9,2013,8,1,,,,,"KX285040, KX285041, KX285043, KX285044, KX285046"
Pteropus alecto,predict_cov-16,9402,,TRUE,FALSE,FALSE,Pteropus,Pteropodidae,chiroptera,Mammalia,Pteropus alecto,betacoronavirus,coronaviridae,nidovirales,,predict_cov-16,FALSE,PCR/Sequencing,PREDICT,PREDICT,June282021PCRTests,,,,2021,8,28,2016,9,17,,,,,MT064816
Pteropus alecto,predict_cov-16,9402,,TRUE,FALSE,FALSE,Pteropus,Pteropodidae,chiroptera,Mammalia,Pteropus alecto,betacoronavirus,coronaviridae,nidovirales,,predict_cov-16,FALSE,PCR/Sequencing,PREDICT,PREDICT,June282021PCRTests,,,,2021,8,28,2016,9,2,,,,,MT064810
Pteropus alecto,predict_cov-16,9402,,TRUE,FALSE,FALSE,Pteropus,Pteropodidae,chiroptera,Mammalia,Pteropus alecto,betacoronavirus,coronaviridae,nidovirales,,predict_cov-16,FALSE,PCR/Sequencing,PREDICT,PREDICT,June282021PCRTests,,,,2021,8,28,2016,9,4,,,,,"MT064811, MT064812"
Pteropus alecto,predict_cov-16,9402,,TRUE,FALSE,FALSE,Pteropus,Pteropodidae,chiroptera,Mammalia,Pteropus alecto,betacoronavirus,coronaviridae,nidovirales,,predict_cov-16,FALSE,PCR/Sequencing,PREDICT,PREDICT,June282021PCRTests,,,,2021,8,28,2016,9,5,,,,,"MT064813, MT064814, MT064815"
Pteropus alecto,predict_cov-16,9402,,TRUE,FALSE,FALSE,Pteropus,Pteropodidae,chiroptera,Mammalia,Pteropus alecto,betacoronavirus,coronaviridae,nidovirales,,predict_cov-16,FALSE,PCR/Sequencing,PREDICT,PREDICT,June282021PCRTests,,,,2021,8,28,2017,2,21,,,,,"MT064667, MT064668"
Pteropus alecto,predict_cov-16,9402,,TRUE,FALSE,FALSE,Pteropus,Pteropodidae,chiroptera,Mammalia,Pteropus alecto,betacoronavirus,coronaviridae,nidovirales,,predict_cov-16,FALSE,PCR/Sequencing,PREDICT,PREDICT,June282021PCRTests,,,,2021,8,28,2017,7,23,,,,,MT064714
Pteropus alecto,predict_cov-16,9402,,TRUE,FALSE,FALSE,Pteropus,Pteropodidae,chiroptera,Mammalia,Pteropus alecto,betacoronavirus,coronaviridae,nidovirales,,predict_cov-16,FALSE,PCR/Sequencing,PREDICT,PREDICT,June282021PCRTests,,,,2021,8,28,2017,7,29,,,,,MT064713
Pteropus alecto,predict_cov-16,9402,,TRUE,FALSE,FALSE,Pteropus,Pteropodidae,chiroptera,Mammalia,Pteropus alecto,betacoronavirus,coronaviridae,nidovirales,,predict_cov-16,FALSE,PCR/Sequencing,PREDICT,PREDICT,June282021PCRTests,,,,2021,8,28,2017,7,30,,,,,"MT064712, MT064711"
Pteropus alecto,predict_cov-16,9402,,TRUE,FALSE,FALSE,Pteropus,Pteropodidae,chiroptera,Mammalia,Pteropus alecto,betacoronavirus,coronaviridae,nidovirales,,predict_cov-16,FALSE,PCR/Sequencing,PREDICT,PREDICT,June282021PCRTests,,,,2021,8,28,2017,7,31,,,,,MT064710
Pteropus alecto,predict_cov-16,9402,,TRUE,FALSE,FALSE,Pteropus,Pteropodidae,chiroptera,Mammalia,Pteropus alecto,betacoronavirus,coronaviridae,nidovirales,,predict_cov-16,FALSE,PCR/Sequencing,PREDICT,PREDICT,June282021PCRTests,,,,2021,8,28,2018,1,16,,,,,MT064737
Pteropus alecto,predict_cov-16,9402,,TRUE,FALSE,FALSE,Pteropus,Pteropodidae,chiroptera,Mammalia,Pteropus alecto,betacoronavirus,coronaviridae,nidovirales,,predict_cov-16,FALSE,PCR/Sequencing,PREDICT,PREDICT,June282021PCRTests,,,,2021,8,28,2018,7,14,,,,,MT064738
Pteropus alecto,predict_cov-73,9402,,TRUE,FALSE,FALSE,Pteropus,Pteropodidae,chiroptera,Mammalia,Pteropus alecto,betacoronavirus,coronaviridae,nidovirales,,predict_cov-73,FALSE,PCR/Sequencing,PREDICT,PREDICT,June282021PCRTests,,,,2021,8,28,2016,12,18,,,,,MT083144
Pteropus alecto,predict_cov-83,9402,,TRUE,FALSE,FALSE,Pteropus,Pteropodidae,chiroptera,Mammalia,Pteropus alecto,betacoronavirus,coronaviridae,nidovirales,,predict_cov-83,FALSE,PCR/Sequencing,PREDICT,PREDICT,June282021PCRTests,,,,2021,8,28,2017,2,21,,,,,"MT083197, MT083162"
Pteropus alecto,rousettus bat coronavirus hku9,9402,694006,TRUE,TRUE,FALSE,Pteropus,Pteropodidae,chiroptera,Mammalia,Pteropus alecto,betacoronavirus,coronaviridae,nidovirales,pisoniviricetes,bat coronavirus hku9,FALSE,PCR/Sequencing,PREDICT,PREDICT,June282021PCRTests,,,,2021,8,28,2016,12,28,,,,,MT083146
Pteropus conspicillatus,predict_cov-67,328804,,TRUE,FALSE,FALSE,Pteropus,Pteropodidae,chiroptera,Mammalia,Pteropus conspicillatus,betacoronavirus,coronaviridae,nidovirales,,predict_cov-67,FALSE,PCR/Sequencing,PREDICT,PREDICT,June282021PCRTests,,,,2021,8,28,2018,1,17,,,,,"MT083195, MT083193, MT083196"
Pteropus conspicillatus,predict_cov-67,328804,,TRUE,FALSE,FALSE,Pteropus,Pteropodidae,chiroptera,Mammalia,Pteropus conspicillatus,betacoronavirus,coronaviridae,nidovirales,,predict_cov-67,FALSE,PCR/Sequencing,PREDICT,PREDICT,June282021PCRTests,,,,2021,8,28,2018,7,6,,,,,MT083187
Pteropus lylei,predict_cov-16,166054,,TRUE,FALSE,FALSE,Pteropus,Pteropodidae,chiroptera,Mammalia,Pteropus lylei,betacoronavirus,coronaviridae,nidovirales,,PREDICT_CoV-16,FALSE,PCR/Sequencing,PREDICT,PREDICT,March92021FlatFile,,,,2021,3,9,2016,11,1,,,,,
Pteropus vampyrus,betacoronavirus 1,132908,694003,TRUE,TRUE,FALSE,Pteropus,Pteropodidae,chiroptera,Mammalia,Pteropus giganteus,betacoronavirus,coronaviridae,nidovirales,pisoniviricetes,strain of Betacoronavirus 1 (bat),FALSE,PCR/Sequencing,PREDICT,PREDICT,March92021FlatFile,,,,2021,3,9,2009,12,1,,,,,KC692414
Pteropus vampyrus,coronavirus pgcov-1,132908,1403203,TRUE,TRUE,FALSE,Pteropus,Pteropodidae,chiroptera,Mammalia,Pteropus giganteus,betacoronavirus,coronaviridae,nidovirales,pisoniviricetes,PREDICT_CoV-16,FALSE,PCR/Sequencing,PREDICT,PREDICT,March92021FlatFile,,,,2021,3,9,2009,12,1,,,,,KC692415
Pteropus vampyrus,coronavirus pgcov-2,132908,1403204,TRUE,TRUE,FALSE,Pteropus,Pteropodidae,chiroptera,Mammalia,Pteropus giganteus,betacoronavirus,coronaviridae,nidovirales,pisoniviricetes,PREDICT_CoV-17,FALSE,PCR/Sequencing,PREDICT,PREDICT,March92021FlatFile,,,,2021,3,9,2006,1,1,,,,,KC692416
Pteropus vampyrus,coronavirus predict cov-17,132908,2042543,TRUE,TRUE,FALSE,Pteropus,Pteropodidae,chiroptera,Mammalia,Pteropus giganteus,betacoronavirus,coronaviridae,nidovirales,pisoniviricetes,PREDICT_CoV-17,FALSE,PCR/Sequencing,PREDICT,PREDICT,March92021FlatFile,,,,2021,3,9,2013,9,1,,,,,"KX284941, KX284942, KX286016"
Pteropus vampyrus,predict_cov-16,132908,,TRUE,FALSE,FALSE,Pteropus,Pteropodidae,chiroptera,Mammalia,Pteropus giganteus,betacoronavirus,coronaviridae,nidovirales,,PREDICT_CoV-16,TRUE,PCR/Sequencing,PREDICT,PREDICT,March92021FlatFile,,,,2021,3,9,2017,11,1,,,,,
Rhinolophus affinis,sars-related betacoronavirus rsshc014,59477,,TRUE,FALSE,FALSE,Rhinolophus,Rhinolophidae,chiroptera,Mammalia,Rhinolophus affinis,betacoronavirus,coronaviridae,nidovirales,,strain of SARS-related betacoronavirus RsSHC014,FALSE,PCR/Sequencing,PREDICT,PREDICT,March92021FlatFile,,,,2021,3,9,2016,5,1,,,,,
Rhinolophus affinis,severe acute respiratory syndrome-related coronavirus,59477,694009,TRUE,TRUE,FALSE,Rhinolophus,Rhinolophidae,chiroptera,Mammalia,Rhinolophus affinis,betacoronavirus,coronaviridae,nidovirales,pisoniviricetes,strain of SARS-related betacoronavirus Rp3/2004,FALSE,PCR/Sequencing,PREDICT,PREDICT,March92021FlatFile,,,,2021,3,9,2016,5,1,,,,,
Rhinolophus clivosus,coronavirus predict cov-43,59478,2042569,TRUE,TRUE,FALSE,Rhinolophus,Rhinolophidae,chiroptera,Mammalia,Rhinolophus clivosus,betacoronavirus,coronaviridae,nidovirales,pisoniviricetes,PREDICT_CoV-43,TRUE,PCR/Sequencing,PREDICT,PREDICT,March92021FlatFile,,,,2021,3,9,2013,5,1,,,,,"KX285821, KX285808, KX285811, KX285813, KX285814, KX285815, KX285816"
Rhinolophus clivosus,coronavirus predict cov-44,59478,2042570,TRUE,TRUE,FALSE,Rhinolophus,Rhinolophidae,chiroptera,Mammalia,Rhinolophus clivosus,betacoronavirus,coronaviridae,nidovirales,pisoniviricetes,PREDICT_CoV-43,TRUE,PCR/Sequencing,PREDICT,PREDICT,March92021FlatFile,,,,2021,3,9,2013,5,1,,,,,KX285810
Rhinolophus creaghi,coronavirus predict cov-51,178895,2042575,TRUE,TRUE,FALSE,Rhinolophus,Rhinolophidae,chiroptera,Mammalia,Rhinolophus creaghi,betacoronavirus,coronaviridae,nidovirales,pisoniviricetes,PREDICT_CoV-51,FALSE,PCR/Sequencing,PREDICT,PREDICT,March92021FlatFile,,,,2021,3,9,2012,12,1,,,,,KX286261
Rhinolophus creaghi,predict_cov-105,178895,,TRUE,FALSE,FALSE,Rhinolophus,Rhinolophidae,chiroptera,Mammalia,Rhinolophus creaghi,betacoronavirus,coronaviridae,nidovirales,,PREDICT_CoV-105,TRUE,PCR/Sequencing,PREDICT,PREDICT,March92021FlatFile,,,,2021,3,9,2018,10,1,,,,,
Rhinolophus euryale,bat coronavirus bm48-31/bgr/2008,109476,864596,TRUE,TRUE,FALSE,Rhinolophus,Rhinolophidae,chiroptera,Mammalia,Rhinolophus euryale,betacoronavirus,coronaviridae,nidovirales,pisoniviricetes,strain of Bat Coronavirus BM48-31/BGR/2008,TRUE,PCR/Sequencing,PREDICT,PREDICT,March92021FlatFile,,,,2021,3,9,2017,8,1,,,,,
Rhinolophus euryale,rousettus bat coronavirus hku9,109476,694006,TRUE,TRUE,FALSE,Rhinolophus,Rhinolophidae,chiroptera,Mammalia,Rhinolophus euryale,betacoronavirus,coronaviridae,nidovirales,pisoniviricetes,strain of Bat coronavirus HKU9,TRUE,PCR/Sequencing,PREDICT,PREDICT,March92021FlatFile,,,,2021,3,9,2018,1,1,,,,,
Rhinolophus ferrumequinum,severe acute respiratory syndrome-related coronavirus,59479,694009,TRUE,TRUE,FALSE,Rhinolophus,Rhinolophidae,chiroptera,Mammalia,Rhinolophus ferrumequinum,betacoronavirus,coronaviridae,nidovirales,pisoniviricetes,strain of SARS-related betacoronavirus Rp3/2004,FALSE,PCR/Sequencing,PREDICT,PREDICT,March92021FlatFile,,,,2021,3,9,2013,2,1,,,,,KX285156
Rhinolophus mehelyi,bat coronavirus bm48-31/bgr/2008,342862,864596,TRUE,TRUE,FALSE,Rhinolophus,Rhinolophidae,chiroptera,Mammalia,Rhinolophus mehelyi,betacoronavirus,coronaviridae,nidovirales,pisoniviricetes,strain of Bat Coronavirus BM48-31/BGR/2008,TRUE,PCR/Sequencing,PREDICT,PREDICT,March92021FlatFile,,,,2021,3,9,2017,8,1,,,,,
Rhinolophus sinicus,bat coronavirus bm48-31/bgr/2008,89399,864596,TRUE,TRUE,FALSE,Rhinolophus,Rhinolophidae,chiroptera,Mammalia,Rhinolophus sinicus,betacoronavirus,coronaviridae,nidovirales,pisoniviricetes,strain of Bat Coronavirus BM48-31/BGR/2008,TRUE,PCR/Sequencing,PREDICT,PREDICT,March92021FlatFile,,,,2021,3,9,2018,1,1,,,,,
Rhinolophus sinicus,rousettus bat coronavirus gccdc1/346/356,89399,,TRUE,FALSE,FALSE,Rhinolophus,Rhinolophidae,chiroptera,Mammalia,Rhinolophus sinicus,betacoronavirus,coronaviridae,nidovirales,,Rousettus Bat Coronavirus GCCDC1/346/356,FALSE,PCR/Sequencing,PREDICT,PREDICT,March92021FlatFile,,,,2021,3,9,2017,8,1,,,,,
Rhinolophus sinicus,severe acute respiratory syndrome-related coronavirus,89399,694009,TRUE,TRUE,FALSE,Rhinolophus,Rhinolophidae,chiroptera,Mammalia,Rhinolophus sinicus,betacoronavirus,coronaviridae,nidovirales,pisoniviricetes,SARS-related bat coronavirus RsSHC014,FALSE,PCR/Sequencing,PREDICT,PREDICT,March92021FlatFile,,,,2021,3,9,2011,4,1,,,,,KX285134
Rhinolophus sinicus,severe acute respiratory syndrome-related coronavirus,89399,694009,TRUE,TRUE,FALSE,Rhinolophus,Rhinolophidae,chiroptera,Mammalia,Rhinolophus sinicus,betacoronavirus,coronaviridae,nidovirales,pisoniviricetes,strain of SARS-related bat coronavirus HKU3,FALSE,PCR/Sequencing,PREDICT,PREDICT,March92021FlatFile,,,,2021,3,9,2011,4,1,,,,,KX285125
Rhinolophus sinicus,severe acute respiratory syndrome-related coronavirus,89399,694009,TRUE,TRUE,FALSE,Rhinolophus,Rhinolophidae,chiroptera,Mammalia,Rhinolophus sinicus,betacoronavirus,coronaviridae,nidovirales,pisoniviricetes,strain of SARS-related betacoronavirus Rp3/2004,FALSE,PCR/Sequencing,PREDICT,PREDICT,March92021FlatFile,,,,2021,3,9,2013,6,1,,,,,"KX285180, KX285181, KX285182"
Rhinolophus sinicus,severe acute respiratory syndrome-related coronavirus,89399,694009,TRUE,TRUE,FALSE,Rhinolophus,Rhinolophidae,chiroptera,Mammalia,Rhinolophus sinicus,betacoronavirus,coronaviridae,nidovirales,pisoniviricetes,strain of SARS-related betacoronavirus Rp3/2004,FALSE,PCR/Sequencing,PREDICT,PREDICT,March92021FlatFile,,,,2021,3,9,2013,7,1,,,,,KX285220
Rhinolophus sinicus,severe acute respiratory syndrome-related coronavirus,89399,694009,TRUE,TRUE,FALSE,Rhinolophus,Rhinolophidae,chiroptera,Mammalia,Rhinolophus sinicus,betacoronavirus,coronaviridae,nidovirales,pisoniviricetes,strain of SARS-related betacoronavirus Rp3/2004,FALSE,PCR/Sequencing,PREDICT,PREDICT,March92021FlatFile,,,,2021,3,9,2017,8,1,,,,,
Rhinolophus thomasi,severe acute respiratory syndrome-related coronavirus,476589,694009,TRUE,TRUE,FALSE,Rhinolophus,Rhinolophidae,chiroptera,Mammalia,Rhinolophus thomasi,betacoronavirus,coronaviridae,nidovirales,pisoniviricetes,strain of SARS-related betacoronavirus Rp3/2004,TRUE,PCR/Sequencing,PREDICT,PREDICT,March92021FlatFile,,,,2021,3,9,2018,7,1,,,,,
Rhinopoma hardwickii,bat coronavirus bm48-31/bgr/2008,124756,864596,TRUE,TRUE,FALSE,Rhinopoma,Rhinopomatidae,chiroptera,Mammalia,Rhinopoma hardwickii,betacoronavirus,coronaviridae,nidovirales,pisoniviricetes,strain of Bat Coronavirus BM48-31/BGR/2008,TRUE,PCR/Sequencing,PREDICT,PREDICT,March92021FlatFile,,,,2021,3,9,2017,9,1,,,,,
Rhinopoma hardwickii,eidolon bat coronavirus,124756,,TRUE,FALSE,FALSE,Rhinopoma,Rhinopomatidae,chiroptera,Mammalia,Rhinopoma hardwickii,betacoronavirus,coronaviridae,nidovirales,,strain of Eidolon bat coronavirus,TRUE,PCR/Sequencing,PREDICT,PREDICT,March92021FlatFile,,,,2021,3,9,2018,8,1,,,,,
Rhinopoma hardwickii,rousettus bat coronavirus hku9,124756,694006,TRUE,TRUE,FALSE,Rhinopoma,Rhinopomatidae,chiroptera,Mammalia,Rhinopoma hardwickii,betacoronavirus,coronaviridae,nidovirales,pisoniviricetes,strain of Bat coronavirus HKU9,TRUE,PCR/Sequencing,PREDICT,PREDICT,March92021FlatFile,,,,2021,3,9,2017,8,1,,,,,
Rousettus aegyptiacus,bat coronavirus bm48-31/bgr/2008,9407,864596,TRUE,TRUE,FALSE,Rousettus,Pteropodidae,chiroptera,Mammalia,Rousettus aegyptiacus,betacoronavirus,coronaviridae,nidovirales,pisoniviricetes,strain of Bat Coronavirus BM48-31/BGR/2008,FALSE,PCR/Sequencing,PREDICT,PREDICT,March92021FlatFile,,,,2021,3,9,2018,4,1,,,,,
Rousettus aegyptiacus,bat coronavirus hipposideros,9407,,TRUE,FALSE,FALSE,Rousettus,Pteropodidae,chiroptera,Mammalia,Rousettus aegyptiacus,betacoronavirus,coronaviridae,nidovirales,,strain of Bat coronavirus Hipposideros,TRUE,PCR/Sequencing,PREDICT,PREDICT,March92021FlatFile,,,,2021,3,9,2018,9,1,,,,,
Rousettus aegyptiacus,coronavirus predict cov-30,9407,2042556,TRUE,TRUE,FALSE,Rousettus,Pteropodidae,chiroptera,Mammalia,Rousettus aegyptiacus,betacoronavirus,coronaviridae,nidovirales,pisoniviricetes,PREDICT_CoV-30,FALSE,PCR/Sequencing,PREDICT,PREDICT,March92021FlatFile,,,,2021,3,9,2010,6,1,,,,,"KX284949, KX284950"
Rousettus aegyptiacus,eidolon bat coronavirus/kenya/ky24/2006,9407,983924,TRUE,TRUE,FALSE,Rousettus,Pteropodidae,chiroptera,Mammalia,Rousettus aegyptiacus,betacoronavirus,coronaviridae,nidovirales,pisoniviricetes,strain of Eidolon bat coronavirus,FALSE,PCR/Sequencing,PREDICT,PREDICT,March92021FlatFile,,,,2021,3,9,2013,1,1,,,,,KX284960
Rousettus aegyptiacus,kenya bat coronavirus/btky56/btky55,9407,2042604,TRUE,TRUE,FALSE,Rousettus,Pteropodidae,chiroptera,Mammalia,Rousettus aegyptiacus,betacoronavirus,coronaviridae,nidovirales,pisoniviricetes,strain of Kenya bat coronavirus/BtKY56/BtKY55,FALSE,PCR/Sequencing,PREDICT,PREDICT,March92021FlatFile,,,,2021,3,9,2013,5,1,,,,,"KX285427, KX285428, KX285429, KX285818, KX285819, KX285829"
Rousettus aegyptiacus,rousettus bat coronavirus hku9,9407,694006,TRUE,TRUE,FALSE,Rousettus,Pteropodidae,chiroptera,Mammalia,Rousettus aegyptiacus,betacoronavirus,coronaviridae,nidovirales,pisoniviricetes,strain of Bat coronavirus HKU9,FALSE,PCR/Sequencing,PREDICT,PREDICT,March92021FlatFile,,,,2021,3,9,2013,1,1,,,,,KX284959
Rousettus aegyptiacus,rousettus bat coronavirus hku9,9407,694006,TRUE,TRUE,FALSE,Rousettus,Pteropodidae,chiroptera,Mammalia,Rousettus aegyptiacus,betacoronavirus,coronaviridae,nidovirales,pisoniviricetes,strain of Bat coronavirus HKU9,FALSE,PCR/Sequencing,PREDICT,PREDICT,March92021FlatFile,,,,2021,3,9,2013,5,1,,,,,"KX285425, KX286259"
Rousettus aegyptiacus,rousettus bat coronavirus hku9,9407,694006,TRUE,TRUE,FALSE,Rousettus,Pteropodidae,chiroptera,Mammalia,Rousettus aegyptiacus,betacoronavirus,coronaviridae,nidovirales,pisoniviricetes,strain of Bat coronavirus HKU9,FALSE,PCR/Sequencing,PREDICT,PREDICT,March92021FlatFile,,,,2021,3,9,2017,12,1,,,,,
Rousettus aegyptiacus,rousettus bat coronavirus hku9,9407,694006,TRUE,TRUE,FALSE,Rousettus,Pteropodidae,chiroptera,Mammalia,Rousettus aegyptiacus,betacoronavirus,coronaviridae,nidovirales,pisoniviricetes,strain of Bat coronavirus HKU9,TRUE,PCR/Sequencing,PREDICT,PREDICT,March92021FlatFile,,,,2021,3,9,2013,5,1,,,,,KX285424
Rousettus amplexicaudatus,rousettus bat coronavirus hku9,58083,694006,TRUE,TRUE,FALSE,Rousettus,Pteropodidae,chiroptera,Mammalia,Rousettus amplexicaudatus,betacoronavirus,coronaviridae,nidovirales,pisoniviricetes,strain of Bat coronavirus HKU9,FALSE,PCR/Sequencing,PREDICT,PREDICT,March92021FlatFile,,,,2021,3,9,2011,8,1,,,,,"KX284910, KX284913, KX284914"
Rousettus leschenaultii,predict_cov-22,9408,,TRUE,FALSE,FALSE,Rousettus,Pteropodidae,chiroptera,Mammalia,Rousettus leschenaultii,betacoronavirus,coronaviridae,nidovirales,,PREDICT_CoV-22,FALSE,PCR/Sequencing,PREDICT,PREDICT,March92021FlatFile,,,,2021,3,9,2017,8,1,,,,,
Rousettus leschenaultii,rousettus bat coronavirus hku9,9408,694006,TRUE,TRUE,FALSE,Rousettus,Pteropodidae,chiroptera,Mammalia,Rousettus leschenaultii,betacoronavirus,coronaviridae,nidovirales,pisoniviricetes,strain of Bat coronavirus HKU9,FALSE,PCR/Sequencing,PREDICT,PREDICT,March92021FlatFile,,,,2021,3,9,2011,8,1,,,,,KX284909
Rousettus leschenaultii,rousettus bat coronavirus hku9,9408,694006,TRUE,TRUE,FALSE,Rousettus,Pteropodidae,chiroptera,Mammalia,Rousettus leschenaultii,betacoronavirus,coronaviridae,nidovirales,pisoniviricetes,strain of Bat coronavirus HKU9,FALSE,PCR/Sequencing,PREDICT,PREDICT,March92021FlatFile,,,,2021,3,9,2017,8,1,,,,,
Scotophilus dinganii,eidolon bat coronavirus/kenya/ky24/2006,258952,983924,TRUE,TRUE,FALSE,Scotophilus,Vespertilionidae,chiroptera,Mammalia,Scotophilus dinganii,betacoronavirus,coronaviridae,nidovirales,pisoniviricetes,strain of Eidolon bat coronavirus,FALSE,PCR/Sequencing,PREDICT,PREDICT,March92021FlatFile,,,,2021,3,9,2013,7,1,,,,,"KX285002, KX285003"
Scotophilus leucogaster,kenya bat coronavirus/btky56/btky55,249034,2042604,TRUE,TRUE,FALSE,Scotophilus,Vespertilionidae,chiroptera,Mammalia,Scotophilus leucogaster,betacoronavirus,coronaviridae,nidovirales,pisoniviricetes,strain of Kenya bat coronavirus/BtKY56/BtKY55,FALSE,PCR/Sequencing,PREDICT,PREDICT,March92021FlatFile,,,,2021,3,9,2013,7,1,,,,,"KX285000, KX285001"
Triaenops persicus,eidolon bat coronavirus/kenya/ky24/2006,329870,983924,TRUE,TRUE,FALSE,Triaenops,Rhinonycteridae,chiroptera,Mammalia,Triaenops persicus,betacoronavirus,coronaviridae,nidovirales,pisoniviricetes,strain of Eidolon bat coronavirus,FALSE,PCR/Sequencing,PREDICT,PREDICT,March92021FlatFile,,,,2021,3,9,2013,6,1,,,,,"KX285226, KX285228, KX285236, KX285996, KX285998"
Tylonycteris pachypus,predict_cov-86,258959,,TRUE,FALSE,FALSE,Tylonycteris,Vespertilionidae,chiroptera,Mammalia,Tylonycteris pachypus,betacoronavirus,coronaviridae,nidovirales,,PREDICT_CoV-86,FALSE,PCR/Sequencing,PREDICT,PREDICT,March92021FlatFile,,,,2021,3,9,2016,8,1,,,,,
Tylonycteris pachypus,tylonycteris bat coronavirus hku4,258959,694007,TRUE,TRUE,FALSE,Tylonycteris,Vespertilionidae,chiroptera,Mammalia,Tylonycteris pachypus,betacoronavirus,coronaviridae,nidovirales,pisoniviricetes,strain of Bat coronavirus HKU4,FALSE,PCR/Sequencing,PREDICT,PREDICT,March92021FlatFile,,,,2021,3,9,2012,11,1,,,,,"KX285157, KX285158, KX285159, KX285160, KX285161, KX285162, KX285163, KX285164, KX285165, KX285166, KX285167"
Vespertilio sinensis,middle east respiratory syndrome-related coronavirus,105273,1335626,TRUE,TRUE,FALSE,Vespertilio,Vespertilionidae,chiroptera,Mammalia,Vespertilio sinensis,betacoronavirus,coronaviridae,nidovirales,pisoniviricetes,strain of BtVs-BetaCoV/SC2013,FALSE,PCR/Sequencing,PREDICT,PREDICT,March92021FlatFile,,,,2021,3,9,2013,6,1,,,,,KX285223
acerodon celebensis,betacoronavirus rousetti,58057,3418615,TRUE,TRUE,TRUE,acerodon,pteropodidae,chiroptera,mammalia,Acerodon celebensis,betacoronavirus,coronaviridae,nidovirales,pisoniviricetes,Betacoronavirus rousetti,FALSE,PCR/Sequencing,GenBank,GenBank,https://ftp.ncbi.nlm.nih.gov/genomes/Viruses/AllNuclMetadata/ accessed on 2025-09-16,,,,2022,5,29,2018,1,19,,,2022-05-29,2018-01-19,MT064734.1
artibeus jamaicensis,bat betacoronavirus,9417,1805463,TRUE,TRUE,FALSE,artibeus,phyllostomidae,chiroptera,mammalia,Artibeus jamaicensis,betacoronavirus,coronaviridae,nidovirales,pisoniviricetes,Bat betacoronavirus,FALSE,PCR/Sequencing,GenBank,GenBank,https://ftp.ncbi.nlm.nih.gov/genomes/Viruses/AllNuclMetadata/ accessed on 2025-09-16,,,,2024,8,14,2015,2,16,,,2024-08-14,2015-02-16,PQ115128.1
artibeus jamaicensis,bat betacoronavirus,9417,1805463,TRUE,TRUE,FALSE,artibeus,phyllostomidae,chiroptera,mammalia,Artibeus jamaicensis,betacoronavirus,coronaviridae,nidovirales,pisoniviricetes,Bat betacoronavirus,FALSE,PCR/Sequencing,GenBank,GenBank,https://ftp.ncbi.nlm.nih.gov/genomes/Viruses/AllNuclMetadata/ accessed on 2025-09-16,,,,2025,8,5,2023,6,20,,,2025-08-05,2023-06-20,"PV975110.1, PV975111.1"
artibeus planirostris,bat betacoronavirus,40230,1805463,TRUE,TRUE,FALSE,artibeus,phyllostomidae,chiroptera,mammalia,Artibeus planirostris,betacoronavirus,coronaviridae,nidovirales,pisoniviricetes,Bat betacoronavirus,FALSE,PCR/Sequencing,GenBank,GenBank,https://ftp.ncbi.nlm.nih.gov/genomes/Viruses/AllNuclMetadata/ accessed on 2025-09-16,,,,2024,5,20,2022,3,18,,,2024-05-20,2022-03-18,OR805824.1
aselliscus stoliczkanus,betacoronavirus pandemicum,188568,3418604,TRUE,TRUE,TRUE,aselliscus,hipposideridae,chiroptera,mammalia,Aselliscus stoliczkanus,betacoronavirus,coronaviridae,nidovirales,pisoniviricetes,Betacoronavirus pandemicum,FALSE,PCR/Sequencing,GenBank,GenBank,https://ftp.ncbi.nlm.nih.gov/genomes/Viruses/AllNuclMetadata/ accessed on 2025-09-16,,,,2017,11,1,2014,5,12,,,2017-11-01,2014-05-12,KY417142.1
aselliscus stoliczkanus,betacoronavirus pandemicum,188568,3418604,TRUE,TRUE,TRUE,aselliscus,hipposideridae,chiroptera,mammalia,Aselliscus stoliczkanus,betacoronavirus,coronaviridae,nidovirales,pisoniviricetes,Betacoronavirus pandemicum,FALSE,PCR/Sequencing,GenBank,GenBank,https://ftp.ncbi.nlm.nih.gov/genomes/Viruses/AllNuclMetadata/ accessed on 2025-09-16,,,,2020,6,1,,,,,,2020-06-01,,"MN312601.1, MN312603.1, MN312607.1"
cnephaeus japonensis,merbecovirus sp.,3371014,2832974,TRUE,TRUE,FALSE,cnephaeus,vespertilionidae,chiroptera,mammalia,Eptesicus japonensis,betacoronavirus,coronaviridae,nidovirales,pisoniviricetes,Merbecovirus sp.,FALSE,PCR/Sequencing,GenBank,GenBank,https://ftp.ncbi.nlm.nih.gov/genomes/Viruses/AllNuclMetadata/ accessed on 2025-09-16,,,,2022,11,3,2015,7,4,,,2022-11-03,2015-07-04,LC663783.1
cnephaeus japonensis,merbecovirus sp.,3371014,2832974,TRUE,TRUE,FALSE,cnephaeus,vespertilionidae,chiroptera,mammalia,Eptesicus japonensis,betacoronavirus,coronaviridae,nidovirales,pisoniviricetes,Merbecovirus sp.,FALSE,PCR/Sequencing,GenBank,GenBank,https://ftp.ncbi.nlm.nih.gov/genomes/Viruses/AllNuclMetadata/ accessed on 2025-09-16,,,,2022,9,21,2016,7,,,,2022-09-21,2016-07,LC706865.1
cnephaeus nilssonii,bat betacoronavirus,3371016,1805463,TRUE,TRUE,FALSE,cnephaeus,vespertilionidae,chiroptera,mammalia,Eptesicus nilssonii,betacoronavirus,coronaviridae,nidovirales,pisoniviricetes,Bat betacoronavirus,FALSE,PCR/Sequencing,GenBank,GenBank,https://ftp.ncbi.nlm.nih.gov/genomes/Viruses/AllNuclMetadata/ accessed on 2025-09-16,,,,2018,10,16,2014,7,25,,,2018-10-16,2014-07-25,MG923570.1
cnephaeus serotinus,merbecovirus sp.,3371021,2832974,TRUE,TRUE,FALSE,cnephaeus,vespertilionidae,chiroptera,mammalia,Eptesicus serotinus,betacoronavirus,coronaviridae,nidovirales,pisoniviricetes,Merbecovirus sp.,FALSE,PCR/Sequencing,GenBank,GenBank,https://ftp.ncbi.nlm.nih.gov/genomes/Viruses/AllNuclMetadata/ accessed on 2025-09-16,,,,2021,9,22,2020,5,,,,2021-09-22,2020-05,OK017772.1
cynopterus brachyotis,bat betacoronavirus,58060,1805463,TRUE,TRUE,FALSE,cynopterus,pteropodidae,chiroptera,mammalia,Cynopterus brachyotis,betacoronavirus,coronaviridae,nidovirales,pisoniviricetes,Bat betacoronavirus,FALSE,PCR/Sequencing,GenBank,GenBank,https://ftp.ncbi.nlm.nih.gov/genomes/Viruses/AllNuclMetadata/ accessed on 2025-09-16,,,,2020,11,15,2018,11,16,,,2020-11-15,2018-11-16,"MT467447.1, MT467448.1, MT467449.1, MT467450.1, MT467451.1, MT467452.1, MT467453.1"
cynopterus sp.,betacoronavirus sp.,1898386,1928434,TRUE,TRUE,FALSE,cynopterus,pteropodidae,chiroptera,mammalia,Cynopterus sp.,betacoronavirus,coronaviridae,nidovirales,pisoniviricetes,Betacoronavirus sp.,FALSE,PCR/Sequencing,GenBank,GenBank,https://ftp.ncbi.nlm.nih.gov/genomes/Viruses/AllNuclMetadata/ accessed on 2025-09-16,,,,2016,12,20,,,,,,2016-12-20,,"KY010640.1, KY010641.1, KY010642.1"
cynopterus sphinx,bat betacoronavirus,9400,1805463,TRUE,TRUE,FALSE,cynopterus,pteropodidae,chiroptera,mammalia,Cynopterus sphinx,betacoronavirus,coronaviridae,nidovirales,pisoniviricetes,Bat betacoronavirus,FALSE,PCR/Sequencing,GenBank,GenBank,https://ftp.ncbi.nlm.nih.gov/genomes/Viruses/AllNuclMetadata/ accessed on 2025-09-16,,,,2020,6,1,,,,,,2020-06-01,,"MN312827.1, MN312828.1, MN312836.1, MN312837.1, MN312838.1, MN312839.1, MN312840.1, MN312841.1"
cynopterus sphinx,betacoronavirus sp.,9400,1928434,TRUE,TRUE,FALSE,cynopterus,pteropodidae,chiroptera,mammalia,Cynopterus sphinx,betacoronavirus,coronaviridae,nidovirales,pisoniviricetes,Betacoronavirus sp.,FALSE,PCR/Sequencing,GenBank,GenBank,https://ftp.ncbi.nlm.nih.gov/genomes/Viruses/AllNuclMetadata/ accessed on 2025-09-16,,,,2016,12,20,,,,,,2016-12-20,,KY010639.1
cynopterus sphinx,betacoronavirus tylonycteridis,9400,3433776,TRUE,TRUE,TRUE,cynopterus,pteropodidae,chiroptera,mammalia,Cynopterus sphinx,betacoronavirus,coronaviridae,nidovirales,pisoniviricetes,Betacoronavirus tylonycteridis,FALSE,PCR/Sequencing,GenBank,GenBank,https://ftp.ncbi.nlm.nih.gov/genomes/Viruses/AllNuclMetadata/ accessed on 2025-09-16,,,,2020,6,1,,,,,,2020-06-01,,MN312674.1
eidolon dupreanum,eidolon dupreanum nobecovirus,58063,2913442,TRUE,TRUE,FALSE,eidolon,pteropodidae,chiroptera,mammalia,Eidolon dupreanum,betacoronavirus,coronaviridae,nidovirales,pisoniviricetes,Eidolon dupreanum nobecovirus,FALSE,PCR/Sequencing,GenBank,GenBank,https://ftp.ncbi.nlm.nih.gov/genomes/Viruses/AllNuclMetadata/ accessed on 2025-09-16,,,,2022,2,5,2019,1,6,,,2022-02-05,2019-01-06,OK020086.1
eidolon helvum,bat betacoronavirus,77214,1805463,TRUE,TRUE,FALSE,eidolon,pteropodidae,chiroptera,mammalia,Eidolon helvum,betacoronavirus,coronaviridae,nidovirales,pisoniviricetes,Bat betacoronavirus,FALSE,PCR/Sequencing,GenBank,GenBank,https://ftp.ncbi.nlm.nih.gov/genomes/Viruses/AllNuclMetadata/ accessed on 2025-09-16,,,,2016,4,20,2011,,,,,2016-04-20,2011,"KU131210.1, KU131211.1, KU131212.1, KU131213.1, KU131214.1, KU131215.1"
eidolon helvum,betacoronavirus eidoli,77214,3418614,TRUE,TRUE,TRUE,eidolon,pteropodidae,chiroptera,mammalia,Eidolon helvum,betacoronavirus,coronaviridae,nidovirales,pisoniviricetes,Betacoronavirus eidoli,FALSE,PCR/Sequencing,GenBank,GenBank,https://ftp.ncbi.nlm.nih.gov/genomes/Viruses/AllNuclMetadata/ accessed on 2025-09-16,,,,2018,6,24,2013,12,,,,2018-06-24,2013-12,MG693168.1
eidolon helvum,betacoronavirus gravedinis,77214,3433757,TRUE,TRUE,TRUE,eidolon,pteropodidae,chiroptera,mammalia,Eidolon helvum,betacoronavirus,coronaviridae,nidovirales,pisoniviricetes,Betacoronavirus gravedinis,FALSE,PCR/Sequencing,GenBank,GenBank,https://ftp.ncbi.nlm.nih.gov/genomes/Viruses/AllNuclMetadata/ accessed on 2025-09-16,,,,2022,5,1,2016,12,29,,,2022-05-01,2016-12-29,ON313745.1
eidolon helvum,betacoronavirus gravedinis,77214,3433757,TRUE,TRUE,TRUE,eidolon,pteropodidae,chiroptera,mammalia,Eidolon helvum,betacoronavirus,coronaviridae,nidovirales,pisoniviricetes,Betacoronavirus gravedinis,FALSE,PCR/Sequencing,GenBank,GenBank,https://ftp.ncbi.nlm.nih.gov/genomes/Viruses/AllNuclMetadata/ accessed on 2025-09-16,,,,2022,5,1,2016,12,30,,,2022-05-01,2016-12-30,ON313746.1
eidolon helvum,betacoronavirus rousetti,77214,3418615,TRUE,TRUE,TRUE,eidolon,pteropodidae,chiroptera,mammalia,Eidolon helvum,betacoronavirus,coronaviridae,nidovirales,pisoniviricetes,Betacoronavirus rousetti,FALSE,PCR/Sequencing,GenBank,GenBank,https://ftp.ncbi.nlm.nih.gov/genomes/Viruses/AllNuclMetadata/ accessed on 2025-09-16,,,,2017,11,14,2012,9,9,,,2017-11-14,2012-09-09,KX284961.1
eonycteris spelaea,bat betacoronavirus,58065,1805463,TRUE,TRUE,FALSE,eonycteris,pteropodidae,chiroptera,mammalia,Eonycteris spelaea,betacoronavirus,coronaviridae,nidovirales,pisoniviricetes,Bat betacoronavirus,FALSE,PCR/Sequencing,GenBank,GenBank,https://ftp.ncbi.nlm.nih.gov/genomes/Viruses/AllNuclMetadata/ accessed on 2025-09-16,,,,2016,9,27,2013,,,,,2016-09-27,2013,"KX452686.1, KX452687.1, KX452688.1, KX452689.1"
eonycteris spelaea,betacoronavirus cororeum,58065,3418613,TRUE,TRUE,TRUE,eonycteris,pteropodidae,chiroptera,mammalia,Eonycteris spelaea,betacoronavirus,coronaviridae,nidovirales,pisoniviricetes,Betacoronavirus cororeum,FALSE,PCR/Sequencing,GenBank,GenBank,https://ftp.ncbi.nlm.nih.gov/genomes/Viruses/AllNuclMetadata/ accessed on 2025-09-16,,,,2020,6,6,2016,10,,,,2020-06-06,2016-10,MT350598.1
eonycteris spelaea,betacoronavirus rousetti,58065,3418615,TRUE,TRUE,TRUE,eonycteris,pteropodidae,chiroptera,mammalia,Eonycteris spelaea,betacoronavirus,coronaviridae,nidovirales,pisoniviricetes,Betacoronavirus rousetti,FALSE,PCR/Sequencing,GenBank,GenBank,https://ftp.ncbi.nlm.nih.gov/genomes/Viruses/AllNuclMetadata/ accessed on 2025-09-16,,,,2016,12,20,,,,,,2016-12-20,,"KY010633.1, KY010636.1, KY010637.1"
eonycteris spelaea,betacoronavirus rousetti,58065,3418615,TRUE,TRUE,TRUE,eonycteris,pteropodidae,chiroptera,mammalia,Eonycteris spelaea,betacoronavirus,coronaviridae,nidovirales,pisoniviricetes,Betacoronavirus rousetti,FALSE,PCR/Sequencing,GenBank,GenBank,https://ftp.ncbi.nlm.nih.gov/genomes/Viruses/AllNuclMetadata/ accessed on 2025-09-16,,,,2017,11,14,2011,8,2,,,2017-11-14,2011-08-02,KX284908.1
eonycteris spelaea,betacoronavirus rousetti,58065,3418615,TRUE,TRUE,TRUE,eonycteris,pteropodidae,chiroptera,mammalia,Eonycteris spelaea,betacoronavirus,coronaviridae,nidovirales,pisoniviricetes,Betacoronavirus rousetti,FALSE,PCR/Sequencing,GenBank,GenBank,https://ftp.ncbi.nlm.nih.gov/genomes/Viruses/AllNuclMetadata/ accessed on 2025-09-16,,,,2017,11,14,2011,8,6,,,2017-11-14,2011-08-06,"KX284911.1, KX284912.1"
eonycteris spelaea,betacoronavirus rousetti,58065,3418615,TRUE,TRUE,TRUE,eonycteris,pteropodidae,chiroptera,mammalia,Eonycteris spelaea,betacoronavirus,coronaviridae,nidovirales,pisoniviricetes,Betacoronavirus rousetti,FALSE,PCR/Sequencing,GenBank,GenBank,https://ftp.ncbi.nlm.nih.gov/genomes/Viruses/AllNuclMetadata/ accessed on 2025-09-16,,,,2017,11,14,2012,1,7,,,2017-11-14,2012-01-07,KX284919.1
eonycteris spelaea,betacoronavirus rousetti,58065,3418615,TRUE,TRUE,TRUE,eonycteris,pteropodidae,chiroptera,mammalia,Eonycteris spelaea,betacoronavirus,coronaviridae,nidovirales,pisoniviricetes,Betacoronavirus rousetti,FALSE,PCR/Sequencing,GenBank,GenBank,https://ftp.ncbi.nlm.nih.gov/genomes/Viruses/AllNuclMetadata/ accessed on 2025-09-16,,,,2017,11,14,2012,2,1,,,2017-11-14,2012-02-01,KX284932.1
eonycteris spelaea,betacoronavirus rousetti,58065,3418615,TRUE,TRUE,TRUE,eonycteris,pteropodidae,chiroptera,mammalia,Eonycteris spelaea,betacoronavirus,coronaviridae,nidovirales,pisoniviricetes,Betacoronavirus rousetti,FALSE,PCR/Sequencing,GenBank,GenBank,https://ftp.ncbi.nlm.nih.gov/genomes/Viruses/AllNuclMetadata/ accessed on 2025-09-16,,,,2020,6,1,,,,,,2020-06-01,,"MN312616.1, MN312619.1, MN312666.1, MN312668.1, MN312669.1, MN312670.1"
eonycteris spelaea,betacoronavirus rousetti,58065,3418615,TRUE,TRUE,TRUE,eonycteris,pteropodidae,chiroptera,mammalia,Eonycteris spelaea,betacoronavirus,coronaviridae,nidovirales,pisoniviricetes,Betacoronavirus rousetti,FALSE,PCR/Sequencing,GenBank,GenBank,https://ftp.ncbi.nlm.nih.gov/genomes/Viruses/AllNuclMetadata/ accessed on 2025-09-16,,,,2022,5,24,2012,2,1,,,2022-05-24,2012-02-01,MW300915.1
eonycteris spelaea,betacoronavirus sp.,58065,1928434,TRUE,TRUE,FALSE,eonycteris,pteropodidae,chiroptera,mammalia,Eonycteris spelaea,betacoronavirus,coronaviridae,nidovirales,pisoniviricetes,Betacoronavirus sp.,FALSE,PCR/Sequencing,GenBank,GenBank,https://ftp.ncbi.nlm.nih.gov/genomes/Viruses/AllNuclMetadata/ accessed on 2025-09-16,,,,2016,12,20,,,,,,2016-12-20,,KY010638.1
eonycteris spelaea,betacoronavirus sp.,58065,1928434,TRUE,TRUE,FALSE,eonycteris,pteropodidae,chiroptera,mammalia,Eonycteris spelaea,betacoronavirus,coronaviridae,nidovirales,pisoniviricetes,Betacoronavirus sp.,FALSE,PCR/Sequencing,GenBank,GenBank,https://ftp.ncbi.nlm.nih.gov/genomes/Viruses/AllNuclMetadata/ accessed on 2025-09-16,,,,2025,7,1,2020,11,26,,,2025-07-01,2020-11-26,"PP150837.1, PP150838.1"
eonycteris spelaea,nobecovirus sp.,58065,2833022,TRUE,TRUE,FALSE,eonycteris,pteropodidae,chiroptera,mammalia,Eonycteris spelaea,betacoronavirus,coronaviridae,nidovirales,pisoniviricetes,Nobecovirus sp.,FALSE,PCR/Sequencing,GenBank,GenBank,https://ftp.ncbi.nlm.nih.gov/genomes/Viruses/AllNuclMetadata/ accessed on 2025-09-16,,,,2021,9,22,2016,5,,,,2021-09-22,2016-05,OK017778.1
eonycteris spelaea,nobecovirus sp.,58065,2833022,TRUE,TRUE,FALSE,eonycteris,pteropodidae,chiroptera,mammalia,Eonycteris spelaea,betacoronavirus,coronaviridae,nidovirales,pisoniviricetes,Nobecovirus sp.,FALSE,PCR/Sequencing,GenBank,GenBank,https://ftp.ncbi.nlm.nih.gov/genomes/Viruses/AllNuclMetadata/ accessed on 2025-09-16,,,,2021,9,22,2020,6,,,,2021-09-22,2020-06,"OK017776.1, OK017777.1"
epomophorus pusillus,betacoronavirus gravedinis,2853157,3433757,TRUE,TRUE,TRUE,epomophorus,pteropodidae,chiroptera,mammalia,Epomophorus pusillus,betacoronavirus,coronaviridae,nidovirales,pisoniviricetes,Betacoronavirus gravedinis,FALSE,PCR/Sequencing,GenBank,GenBank,https://ftp.ncbi.nlm.nih.gov/genomes/Viruses/AllNuclMetadata/ accessed on 2025-09-16,,,,2022,5,1,2015,8,26,,,2022-05-01,2015-08-26,ON313743.1
epomophorus wahlbergi,nobecovirus sp.,58067,2833022,TRUE,TRUE,FALSE,epomophorus,pteropodidae,chiroptera,mammalia,Epomophorus wahlbergi,betacoronavirus,coronaviridae,nidovirales,pisoniviricetes,Nobecovirus sp.,FALSE,PCR/Sequencing,GenBank,GenBank,https://ftp.ncbi.nlm.nih.gov/genomes/Viruses/AllNuclMetadata/ accessed on 2025-09-16,,,,2025,5,9,2023,8,22,,,2025-05-09,2023-08-22,PQ179293.1
glossophaga leachii,bat betacoronavirus,177160,1805463,TRUE,TRUE,FALSE,glossophaga,phyllostomidae,chiroptera,mammalia,Glossophaga leachii,betacoronavirus,coronaviridae,nidovirales,pisoniviricetes,Bat betacoronavirus,FALSE,PCR/Sequencing,GenBank,GenBank,https://ftp.ncbi.nlm.nih.gov/genomes/Viruses/AllNuclMetadata/ accessed on 2025-09-16,,,,2024,8,14,2015,2,17,,,2024-08-14,2015-02-17,PQ115129.1
hipposideros abae,betacoronavirus sp.,249020,1928434,TRUE,TRUE,FALSE,hipposideros,hipposideridae,chiroptera,mammalia,Hipposideros abae,betacoronavirus,coronaviridae,nidovirales,pisoniviricetes,Betacoronavirus sp.,FALSE,PCR/Sequencing,GenBank,GenBank,https://ftp.ncbi.nlm.nih.gov/genomes/Viruses/AllNuclMetadata/ accessed on 2025-09-16,,,,2023,9,4,2011,,,,,2023-09-04,2011,"OR482957.1, OR482961.1, OR482963.1"
hipposideros armiger,bat betacoronavirus,186990,1805463,TRUE,TRUE,FALSE,hipposideros,hipposideridae,chiroptera,mammalia,Hipposideros armiger,betacoronavirus,coronaviridae,nidovirales,pisoniviricetes,Bat betacoronavirus,FALSE,PCR/Sequencing,GenBank,GenBank,https://ftp.ncbi.nlm.nih.gov/genomes/Viruses/AllNuclMetadata/ accessed on 2025-09-16,,,,2020,6,1,,,,,,2020-06-01,,"MN312817.1, MN312861.1"
hipposideros armiger,bat betacoronavirus,186991,1805463,TRUE,TRUE,FALSE,hipposideros,hipposideridae,chiroptera,mammalia,Hipposideros terasensis,betacoronavirus,coronaviridae,nidovirales,pisoniviricetes,Bat betacoronavirus,FALSE,PCR/Sequencing,GenBank,GenBank,https://ftp.ncbi.nlm.nih.gov/genomes/Viruses/AllNuclMetadata/ accessed on 2025-09-16,,,,2020,6,1,,,,,,2020-06-01,,MN312860.1
hipposideros armiger,betacoronavirus pandemicum,186990,3418604,TRUE,TRUE,TRUE,hipposideros,hipposideridae,chiroptera,mammalia,Hipposideros armiger,betacoronavirus,coronaviridae,nidovirales,pisoniviricetes,Betacoronavirus pandemicum,FALSE,PCR/Sequencing,GenBank,GenBank,https://ftp.ncbi.nlm.nih.gov/genomes/Viruses/AllNuclMetadata/ accessed on 2025-09-16,,,,2017,11,14,2013,3,12,,,2017-11-14,2013-03-12,"KX285135.1, KX285136.1"
hipposideros armiger,betacoronavirus pandemicum,186990,3418604,TRUE,TRUE,TRUE,hipposideros,hipposideridae,chiroptera,mammalia,Hipposideros armiger,betacoronavirus,coronaviridae,nidovirales,pisoniviricetes,Betacoronavirus pandemicum,FALSE,PCR/Sequencing,GenBank,GenBank,https://ftp.ncbi.nlm.nih.gov/genomes/Viruses/AllNuclMetadata/ accessed on 2025-09-16,,,,2020,6,1,,,,,,2020-06-01,,"MN312598.1, MN312856.1"
hipposideros armiger,betacoronavirus pandemicum,186991,3418604,TRUE,TRUE,TRUE,hipposideros,hipposideridae,chiroptera,mammalia,Hipposideros armiger terasensis,betacoronavirus,coronaviridae,nidovirales,pisoniviricetes,Betacoronavirus pandemicum,FALSE,PCR/Sequencing,GenBank,GenBank,https://ftp.ncbi.nlm.nih.gov/genomes/Viruses/AllNuclMetadata/ accessed on 2025-09-16,,,,2024,5,14,2021,10,11,,,2024-05-14,2021-10-11,PP768625.1
hipposideros armiger,betacoronavirus sp.,186990,1928434,TRUE,TRUE,FALSE,hipposideros,hipposideridae,chiroptera,mammalia,Hipposideros armiger,betacoronavirus,coronaviridae,nidovirales,pisoniviricetes,Betacoronavirus sp.,FALSE,PCR/Sequencing,GenBank,GenBank,https://ftp.ncbi.nlm.nih.gov/genomes/Viruses/AllNuclMetadata/ accessed on 2025-09-16,,,,2025,7,1,2020,10,1,,,2025-07-01,2020-10-01,PP150834.1
hipposideros armiger,betacoronavirus sp.,186990,1928434,TRUE,TRUE,FALSE,hipposideros,hipposideridae,chiroptera,mammalia,Hipposideros armiger,betacoronavirus,coronaviridae,nidovirales,pisoniviricetes,Betacoronavirus sp.,FALSE,PCR/Sequencing,GenBank,GenBank,https://ftp.ncbi.nlm.nih.gov/genomes/Viruses/AllNuclMetadata/ accessed on 2025-09-16,,,,2025,7,1,2020,9,24,,,2025-07-01,2020-09-24,PP150833.1
hipposideros armiger,vespertilionid betacoronavirus,186990,2042701,TRUE,TRUE,FALSE,hipposideros,hipposideridae,chiroptera,mammalia,Hipposideros armiger,betacoronavirus,coronaviridae,nidovirales,pisoniviricetes,Vespertilionid betacoronavirus,FALSE,PCR/Sequencing,GenBank,GenBank,https://ftp.ncbi.nlm.nih.gov/genomes/Viruses/AllNuclMetadata/ accessed on 2025-09-16,,,,2017,11,14,2013,7,28,,,2017-11-14,2013-07-28,KX285185.1
hipposideros cf. ruber,betacoronavirus sp.,1536428,1928434,TRUE,TRUE,FALSE,hipposideros,hipposideridae,chiroptera,mammalia,Hipposideros cf. ruber,betacoronavirus,coronaviridae,nidovirales,pisoniviricetes,Betacoronavirus sp.,TRUE,PCR/Sequencing,GenBank,GenBank,https://ftp.ncbi.nlm.nih.gov/genomes/Viruses/AllNuclMetadata/ accessed on 2025-09-16,,,,2023,9,4,2010,,,,,2023-09-04,2010,"OR482956.1, OR482964.1"
hipposideros cf. ruber,betacoronavirus sp.,1536428,1928434,TRUE,TRUE,FALSE,hipposideros,hipposideridae,chiroptera,mammalia,Hipposideros cf. ruber,betacoronavirus,coronaviridae,nidovirales,pisoniviricetes,Betacoronavirus sp.,TRUE,PCR/Sequencing,GenBank,GenBank,https://ftp.ncbi.nlm.nih.gov/genomes/Viruses/AllNuclMetadata/ accessed on 2025-09-16,,,,2023,9,4,2011,,,,,2023-09-04,2011,"OR482958.1, OR482959.1, OR482960.1, OR482962.1, OR482965.1"
hipposideros diadema,betacoronavirus sp.,59453,1928434,TRUE,TRUE,FALSE,hipposideros,hipposideridae,chiroptera,mammalia,Hipposideros diadema,betacoronavirus,coronaviridae,nidovirales,pisoniviricetes,Betacoronavirus sp.,FALSE,PCR/Sequencing,GenBank,GenBank,https://ftp.ncbi.nlm.nih.gov/genomes/Viruses/AllNuclMetadata/ accessed on 2025-09-16,,,,2025,5,25,2023,6,15,,,2025-05-25,2023-06-15,"OZ250967.1, OZ251046.1"
hipposideros diadema,betacoronavirus sp.,59453,1928434,TRUE,TRUE,FALSE,hipposideros,hipposideridae,chiroptera,mammalia,Hipposideros diadema,betacoronavirus,coronaviridae,nidovirales,pisoniviricetes,Betacoronavirus sp.,FALSE,PCR/Sequencing,GenBank,GenBank,https://ftp.ncbi.nlm.nih.gov/genomes/Viruses/AllNuclMetadata/ accessed on 2025-09-16,,,,2025,6,14,2023,6,15,,,2025-06-14,2023-06-15,"PV711219.1, PV711298.1"
hipposideros larvatus,betacoronavirus sp.,175524,1928434,TRUE,TRUE,FALSE,hipposideros,hipposideridae,chiroptera,mammalia,Hipposideros larvatus,betacoronavirus,coronaviridae,nidovirales,pisoniviricetes,Betacoronavirus sp.,FALSE,PCR/Sequencing,GenBank,GenBank,https://ftp.ncbi.nlm.nih.gov/genomes/Viruses/AllNuclMetadata/ accessed on 2025-09-16,,,,2025,5,25,2023,6,12,,,2025-05-25,2023-06-12,"OZ250950.1, OZ250951.1, OZ250952.1, OZ251029.1, OZ251030.1, OZ251031.1"
hipposideros larvatus,betacoronavirus sp.,175524,1928434,TRUE,TRUE,FALSE,hipposideros,hipposideridae,chiroptera,mammalia,Hipposideros larvatus,betacoronavirus,coronaviridae,nidovirales,pisoniviricetes,Betacoronavirus sp.,FALSE,PCR/Sequencing,GenBank,GenBank,https://ftp.ncbi.nlm.nih.gov/genomes/Viruses/AllNuclMetadata/ accessed on 2025-09-16,,,,2025,5,25,2023,6,13,,,2025-05-25,2023-06-13,"OZ250954.1, OZ251033.1"
hipposideros larvatus,betacoronavirus sp.,175524,1928434,TRUE,TRUE,FALSE,hipposideros,hipposideridae,chiroptera,mammalia,Hipposideros larvatus,betacoronavirus,coronaviridae,nidovirales,pisoniviricetes,Betacoronavirus sp.,FALSE,PCR/Sequencing,GenBank,GenBank,https://ftp.ncbi.nlm.nih.gov/genomes/Viruses/AllNuclMetadata/ accessed on 2025-09-16,,,,2025,5,25,2023,6,14,,,2025-05-25,2023-06-14,OZ250957.1
hipposideros larvatus,betacoronavirus sp.,175524,1928434,TRUE,TRUE,FALSE,hipposideros,hipposideridae,chiroptera,mammalia,Hipposideros larvatus,betacoronavirus,coronaviridae,nidovirales,pisoniviricetes,Betacoronavirus sp.,FALSE,PCR/Sequencing,GenBank,GenBank,https://ftp.ncbi.nlm.nih.gov/genomes/Viruses/AllNuclMetadata/ accessed on 2025-09-16,,,,2025,5,25,2023,6,15,,,2025-05-25,2023-06-15,OZ250962.1
hipposideros larvatus,betacoronavirus sp.,175524,1928434,TRUE,TRUE,FALSE,hipposideros,hipposideridae,chiroptera,mammalia,Hipposideros larvatus,betacoronavirus,coronaviridae,nidovirales,pisoniviricetes,Betacoronavirus sp.,FALSE,PCR/Sequencing,GenBank,GenBank,https://ftp.ncbi.nlm.nih.gov/genomes/Viruses/AllNuclMetadata/ accessed on 2025-09-16,,,,2025,6,14,2023,6,12,,,2025-06-14,2023-06-12,"PV711202.1, PV711203.1, PV711204.1, PV711281.1, PV711282.1, PV711283.1"
hipposideros larvatus,betacoronavirus sp.,175524,1928434,TRUE,TRUE,FALSE,hipposideros,hipposideridae,chiroptera,mammalia,Hipposideros larvatus,betacoronavirus,coronaviridae,nidovirales,pisoniviricetes,Betacoronavirus sp.,FALSE,PCR/Sequencing,GenBank,GenBank,https://ftp.ncbi.nlm.nih.gov/genomes/Viruses/AllNuclMetadata/ accessed on 2025-09-16,,,,2025,6,14,2023,6,13,,,2025-06-14,2023-06-13,"PV711206.1, PV711285.1"
hipposideros larvatus,betacoronavirus sp.,175524,1928434,TRUE,TRUE,FALSE,hipposideros,hipposideridae,chiroptera,mammalia,Hipposideros larvatus,betacoronavirus,coronaviridae,nidovirales,pisoniviricetes,Betacoronavirus sp.,FALSE,PCR/Sequencing,GenBank,GenBank,https://ftp.ncbi.nlm.nih.gov/genomes/Viruses/AllNuclMetadata/ accessed on 2025-09-16,,,,2025,6,14,2023,6,14,,,2025-06-14,2023-06-14,PV711209.1
hipposideros larvatus,betacoronavirus sp.,175524,1928434,TRUE,TRUE,FALSE,hipposideros,hipposideridae,chiroptera,mammalia,Hipposideros larvatus,betacoronavirus,coronaviridae,nidovirales,pisoniviricetes,Betacoronavirus sp.,FALSE,PCR/Sequencing,GenBank,GenBank,https://ftp.ncbi.nlm.nih.gov/genomes/Viruses/AllNuclMetadata/ accessed on 2025-09-16,,,,2025,6,14,2023,6,15,,,2025-06-14,2023-06-15,PV711214.1
hipposideros larvatus,sarbecovirus sp.,175524,2833184,TRUE,TRUE,FALSE,hipposideros,hipposideridae,chiroptera,mammalia,Hipposideros larvatus,betacoronavirus,coronaviridae,nidovirales,pisoniviricetes,Sarbecovirus sp.,FALSE,PCR/Sequencing,GenBank,GenBank,https://ftp.ncbi.nlm.nih.gov/genomes/Viruses/AllNuclMetadata/ accessed on 2025-09-16,,,,2025,8,1,2023,7,,,,2025-08-01,2023-07,"PQ189499.1, PQ189553.1, PQ189565.1, PQ189581.1, PQ189585.1"
hipposideros larvatus,sarbecovirus sp.,175524,2833184,TRUE,TRUE,FALSE,hipposideros,hipposideridae,chiroptera,mammalia,Hipposideros larvatus,betacoronavirus,coronaviridae,nidovirales,pisoniviricetes,Sarbecovirus sp.,FALSE,PCR/Sequencing,GenBank,GenBank,https://ftp.ncbi.nlm.nih.gov/genomes/Viruses/AllNuclMetadata/ accessed on 2025-09-16,,,,2025,8,1,2023,8,,,,2025-08-01,2023-08,PQ189501.1
hipposideros pomona,bat betacoronavirus,334201,1805463,TRUE,TRUE,FALSE,hipposideros,hipposideridae,chiroptera,mammalia,Hipposideros pomona,betacoronavirus,coronaviridae,nidovirales,pisoniviricetes,Bat betacoronavirus,FALSE,PCR/Sequencing,GenBank,GenBank,https://ftp.ncbi.nlm.nih.gov/genomes/Viruses/AllNuclMetadata/ accessed on 2025-09-16,,,,2020,6,1,,,,,,2020-06-01,,"MN312608.1, MN312609.1, MN312625.1"
hipposideros pomona,betacoronavirus pandemicum,334201,3418604,TRUE,TRUE,TRUE,hipposideros,hipposideridae,chiroptera,mammalia,Hipposideros pomona,betacoronavirus,coronaviridae,nidovirales,pisoniviricetes,Betacoronavirus pandemicum,FALSE,PCR/Sequencing,GenBank,GenBank,https://ftp.ncbi.nlm.nih.gov/genomes/Viruses/AllNuclMetadata/ accessed on 2025-09-16,,,,2020,6,1,,,,,,2020-06-01,,"MN312658.1, MN312659.1, MN312661.1"
hipposideros pratti,bat betacoronavirus,188569,1805463,TRUE,TRUE,FALSE,hipposideros,hipposideridae,chiroptera,mammalia,Hipposideros pratti,betacoronavirus,coronaviridae,nidovirales,pisoniviricetes,Bat betacoronavirus,FALSE,PCR/Sequencing,GenBank,GenBank,https://ftp.ncbi.nlm.nih.gov/genomes/Viruses/AllNuclMetadata/ accessed on 2025-09-16,,,,2020,6,1,,,,,,2020-06-01,,"MN312789.1, MN312790.1, MN312791.1, MN312792.1, MN312793.1, MN312794.1, MN312795.1, MN312796.1, MN312797.1, MN312798.1, MN312799.1, MN312800.1, MN312801.1, MN312802.1, MN312803.1, MN312804.1, MN312805.1, MN312806.1, MN312807.1, MN312808.1, MN312809.1, MN312810.1, MN312811.1, MN312812.1, MN312863.1, MN312864.1, MN312865.1"
hipposideros pratti,betacoronavirus hipposideri,188569,3433764,TRUE,TRUE,TRUE,hipposideros,hipposideridae,chiroptera,mammalia,Hipposideros pratti,betacoronavirus,coronaviridae,nidovirales,pisoniviricetes,Betacoronavirus hipposideri,FALSE,PCR/Sequencing,GenBank,GenBank,https://ftp.ncbi.nlm.nih.gov/genomes/Viruses/AllNuclMetadata/ accessed on 2025-09-16,,,,2014,10,1,2013,4,29,,,2014-10-01,2013-04-29,KF636752.1
hipposideros pratti,betacoronavirus hipposideri,188569,3433764,TRUE,TRUE,TRUE,hipposideros,hipposideridae,chiroptera,mammalia,Hipposideros pratti,betacoronavirus,coronaviridae,nidovirales,pisoniviricetes,Betacoronavirus hipposideri,FALSE,PCR/Sequencing,GenBank,GenBank,https://ftp.ncbi.nlm.nih.gov/genomes/Viruses/AllNuclMetadata/ accessed on 2025-09-16,,,,2014,10,3,2013,4,29,,,2014-10-03,2013-04-29,NC_025217.1
hipposideros pratti,betacoronavirus pandemicum,188569,3418604,TRUE,TRUE,TRUE,hipposideros,hipposideridae,chiroptera,mammalia,Hipposideros pratti,betacoronavirus,coronaviridae,nidovirales,pisoniviricetes,Betacoronavirus pandemicum,FALSE,PCR/Sequencing,GenBank,GenBank,https://ftp.ncbi.nlm.nih.gov/genomes/Viruses/AllNuclMetadata/ accessed on 2025-09-16,,,,2020,6,1,,,,,,2020-06-01,,MN312855.1
hipposideros ruber,buhirugu virus 1,463808,3036518,TRUE,TRUE,FALSE,hipposideros,hipposideridae,chiroptera,mammalia,Hipposideros ruber,betacoronavirus,coronaviridae,nidovirales,pisoniviricetes,Buhirugu virus 1,FALSE,PCR/Sequencing,GenBank,GenBank,https://ftp.ncbi.nlm.nih.gov/genomes/Viruses/AllNuclMetadata/ accessed on 2025-09-16,,,,2023,4,1,2019,3,24,,,2023-04-01,2019-03-24,OP199247.1
hypsugo pulveratus,bat betacoronavirus,867834,1805463,TRUE,TRUE,FALSE,hypsugo,vespertilionidae,chiroptera,mammalia,Hypsugo pulveratus,betacoronavirus,coronaviridae,nidovirales,pisoniviricetes,Bat betacoronavirus,FALSE,PCR/Sequencing,GenBank,GenBank,https://ftp.ncbi.nlm.nih.gov/genomes/Viruses/AllNuclMetadata/ accessed on 2025-09-16,,,,2020,6,1,,,,,,2020-06-01,,"MN312848.1, MN312854.1"
hypsugo pulveratus,betacoronavirus cameli,867834,3433633,TRUE,TRUE,TRUE,hypsugo,vespertilionidae,chiroptera,mammalia,Hypsugo pulveratus,betacoronavirus,coronaviridae,nidovirales,pisoniviricetes,Betacoronavirus cameli,FALSE,PCR/Sequencing,GenBank,GenBank,https://ftp.ncbi.nlm.nih.gov/genomes/Viruses/AllNuclMetadata/ accessed on 2025-09-16,,,,2020,6,1,,,,,,2020-06-01,,"MN312842.1, MN312849.1, MN312852.1, MN312853.1"
hypsugo savii,betacoronavirus cameli,109485,3433633,TRUE,TRUE,TRUE,hypsugo,vespertilionidae,chiroptera,mammalia,Hypsugo savii,betacoronavirus,coronaviridae,nidovirales,pisoniviricetes,Betacoronavirus cameli,FALSE,PCR/Sequencing,GenBank,GenBank,https://ftp.ncbi.nlm.nih.gov/genomes/Viruses/AllNuclMetadata/ accessed on 2025-09-16,,,,2018,1,10,2011,,,,,2018-01-10,2011,MG596802.1
ia io,betacoronavirus cameli,360967,3433633,TRUE,TRUE,TRUE,ia,vespertilionidae,chiroptera,mammalia,Ia io,betacoronavirus,coronaviridae,nidovirales,pisoniviricetes,Betacoronavirus cameli,FALSE,PCR/Sequencing,GenBank,GenBank,https://ftp.ncbi.nlm.nih.gov/genomes/Viruses/AllNuclMetadata/ accessed on 2025-09-16,,,,2020,6,1,,,,,,2020-06-01,,MN312847.1
ia io,betacoronavirus cameli,360967,3433633,TRUE,TRUE,TRUE,ia,vespertilionidae,chiroptera,mammalia,Ia io,betacoronavirus,coronaviridae,nidovirales,pisoniviricetes,Betacoronavirus cameli,FALSE,PCR/Sequencing,GenBank,GenBank,https://ftp.ncbi.nlm.nih.gov/genomes/Viruses/AllNuclMetadata/ accessed on 2025-09-16,,,,2023,3,30,2022,8,,,,2023-03-30,2022-08,OQ297692.1
ia io,vespertilionid betacoronavirus,360967,2042701,TRUE,TRUE,FALSE,ia,vespertilionidae,chiroptera,mammalia,Ia io,betacoronavirus,coronaviridae,nidovirales,pisoniviricetes,Vespertilionid betacoronavirus,FALSE,PCR/Sequencing,GenBank,GenBank,https://ftp.ncbi.nlm.nih.gov/genomes/Viruses/AllNuclMetadata/ accessed on 2025-09-16,,,,2017,11,14,2013,7,17,,,2017-11-14,2013-07-17,"KX285195.1, KX285196.1"
kerivoula furva,betacoronavirus pandemicum,2015597,3418604,TRUE,TRUE,TRUE,kerivoula,vespertilionidae,chiroptera,mammalia,Kerivoula furva,betacoronavirus,coronaviridae,nidovirales,pisoniviricetes,Betacoronavirus pandemicum,FALSE,PCR/Sequencing,GenBank,GenBank,https://ftp.ncbi.nlm.nih.gov/genomes/Viruses/AllNuclMetadata/ accessed on 2025-09-16,,,,2024,4,2,2021,9,15,,,2024-04-02,2021-09-15,PP542820.1
laephotis capensis,bat betacoronavirus,110938,1805463,TRUE,TRUE,FALSE,laephotis,vespertilionidae,chiroptera,mammalia,Laephotis capensis,betacoronavirus,coronaviridae,nidovirales,pisoniviricetes,Bat betacoronavirus,FALSE,PCR/Sequencing,GenBank,GenBank,https://ftp.ncbi.nlm.nih.gov/genomes/Viruses/AllNuclMetadata/ accessed on 2025-09-16,,,,2018,11,21,2014,10,22,,,2018-11-21,2014-10-22,MG310225.1
laephotis capensis,bat betacoronavirus,110938,1805463,TRUE,TRUE,FALSE,laephotis,vespertilionidae,chiroptera,mammalia,Laephotis capensis,betacoronavirus,coronaviridae,nidovirales,pisoniviricetes,Bat betacoronavirus,FALSE,PCR/Sequencing,GenBank,GenBank,https://ftp.ncbi.nlm.nih.gov/genomes/Viruses/AllNuclMetadata/ accessed on 2025-09-16,,,,2018,11,21,2015,1,5,,,2018-11-21,2015-01-05,MG310226.1
laephotis capensis,bat betacoronavirus,110938,1805463,TRUE,TRUE,FALSE,laephotis,vespertilionidae,chiroptera,mammalia,Laephotis capensis,betacoronavirus,coronaviridae,nidovirales,pisoniviricetes,Bat betacoronavirus,FALSE,PCR/Sequencing,GenBank,GenBank,https://ftp.ncbi.nlm.nih.gov/genomes/Viruses/AllNuclMetadata/ accessed on 2025-09-16,,,,2018,11,21,2015,1,6,,,2018-11-21,2015-01-06,MG205591.1
laephotis capensis,bat betacoronavirus,110938,1805463,TRUE,TRUE,FALSE,laephotis,vespertilionidae,chiroptera,mammalia,Laephotis capensis,betacoronavirus,coronaviridae,nidovirales,pisoniviricetes,Bat betacoronavirus,FALSE,PCR/Sequencing,GenBank,GenBank,https://ftp.ncbi.nlm.nih.gov/genomes/Viruses/AllNuclMetadata/ accessed on 2025-09-16,,,,2018,11,21,2015,1,7,,,2018-11-21,2015-01-07,MG310227.1
laephotis capensis,bat betacoronavirus,110938,1805463,TRUE,TRUE,FALSE,laephotis,vespertilionidae,chiroptera,mammalia,Laephotis capensis,betacoronavirus,coronaviridae,nidovirales,pisoniviricetes,Bat betacoronavirus,FALSE,PCR/Sequencing,GenBank,GenBank,https://ftp.ncbi.nlm.nih.gov/genomes/Viruses/AllNuclMetadata/ accessed on 2025-09-16,,,,2018,11,21,2015,1,8,,,2018-11-21,2015-01-08,"MG252864.1, MG310228.1"
laephotis capensis,bat betacoronavirus,110938,1805463,TRUE,TRUE,FALSE,laephotis,vespertilionidae,chiroptera,mammalia,Laephotis capensis,betacoronavirus,coronaviridae,nidovirales,pisoniviricetes,Bat betacoronavirus,FALSE,PCR/Sequencing,GenBank,GenBank,https://ftp.ncbi.nlm.nih.gov/genomes/Viruses/AllNuclMetadata/ accessed on 2025-09-16,,,,2018,11,21,2015,7,20,,,2018-11-21,2015-07-20,"MG205593.1, MG310245.1"
laephotis capensis,bat betacoronavirus,110938,1805463,TRUE,TRUE,FALSE,laephotis,vespertilionidae,chiroptera,mammalia,Laephotis capensis,betacoronavirus,coronaviridae,nidovirales,pisoniviricetes,Bat betacoronavirus,FALSE,PCR/Sequencing,GenBank,GenBank,https://ftp.ncbi.nlm.nih.gov/genomes/Viruses/AllNuclMetadata/ accessed on 2025-09-16,,,,2018,11,21,2015,8,15,,,2018-11-21,2015-08-15,MG205594.1
laephotis capensis,bat betacoronavirus,110938,1805463,TRUE,TRUE,FALSE,laephotis,vespertilionidae,chiroptera,mammalia,Laephotis capensis,betacoronavirus,coronaviridae,nidovirales,pisoniviricetes,Bat betacoronavirus,FALSE,PCR/Sequencing,GenBank,GenBank,https://ftp.ncbi.nlm.nih.gov/genomes/Viruses/AllNuclMetadata/ accessed on 2025-09-16,,,,2018,11,21,2015,8,16,,,2018-11-21,2015-08-16,"MG205595.1, MG205596.1, MG205597.1, MG310243.1"
laephotis capensis,bat betacoronavirus,110938,1805463,TRUE,TRUE,FALSE,laephotis,vespertilionidae,chiroptera,mammalia,Laephotis capensis,betacoronavirus,coronaviridae,nidovirales,pisoniviricetes,Bat betacoronavirus,FALSE,PCR/Sequencing,GenBank,GenBank,https://ftp.ncbi.nlm.nih.gov/genomes/Viruses/AllNuclMetadata/ accessed on 2025-09-16,,,,2018,11,21,2015,8,19,,,2018-11-21,2015-08-19,MG310229.1
laephotis capensis,bat betacoronavirus,110938,1805463,TRUE,TRUE,FALSE,laephotis,vespertilionidae,chiroptera,mammalia,Laephotis capensis,betacoronavirus,coronaviridae,nidovirales,pisoniviricetes,Bat betacoronavirus,FALSE,PCR/Sequencing,GenBank,GenBank,https://ftp.ncbi.nlm.nih.gov/genomes/Viruses/AllNuclMetadata/ accessed on 2025-09-16,,,,2018,11,21,2015,9,19,,,2018-11-21,2015-09-19,MG252862.1
laephotis capensis,bat betacoronavirus,110938,1805463,TRUE,TRUE,FALSE,laephotis,vespertilionidae,chiroptera,mammalia,Laephotis capensis,betacoronavirus,coronaviridae,nidovirales,pisoniviricetes,Bat betacoronavirus,FALSE,PCR/Sequencing,GenBank,GenBank,https://ftp.ncbi.nlm.nih.gov/genomes/Viruses/AllNuclMetadata/ accessed on 2025-09-16,,,,2018,11,21,2015,9,20,,,2018-11-21,2015-09-20,MG252859.1
laephotis capensis,bat betacoronavirus,110938,1805463,TRUE,TRUE,FALSE,laephotis,vespertilionidae,chiroptera,mammalia,Laephotis capensis,betacoronavirus,coronaviridae,nidovirales,pisoniviricetes,Bat betacoronavirus,FALSE,PCR/Sequencing,GenBank,GenBank,https://ftp.ncbi.nlm.nih.gov/genomes/Viruses/AllNuclMetadata/ accessed on 2025-09-16,,,,2018,11,21,2015,9,23,,,2018-11-21,2015-09-23,"MG193604.1, MG310238.1"
laephotis capensis,bat betacoronavirus,110938,1805463,TRUE,TRUE,FALSE,laephotis,vespertilionidae,chiroptera,mammalia,Laephotis capensis,betacoronavirus,coronaviridae,nidovirales,pisoniviricetes,Bat betacoronavirus,FALSE,PCR/Sequencing,GenBank,GenBank,https://ftp.ncbi.nlm.nih.gov/genomes/Viruses/AllNuclMetadata/ accessed on 2025-09-16,,,,2018,11,21,2016,10,11,,,2018-11-21,2016-10-11,MG310233.1
laephotis capensis,bat betacoronavirus,110938,1805463,TRUE,TRUE,FALSE,laephotis,vespertilionidae,chiroptera,mammalia,Laephotis capensis,betacoronavirus,coronaviridae,nidovirales,pisoniviricetes,Bat betacoronavirus,FALSE,PCR/Sequencing,GenBank,GenBank,https://ftp.ncbi.nlm.nih.gov/genomes/Viruses/AllNuclMetadata/ accessed on 2025-09-16,,,,2018,11,21,2016,10,14,,,2018-11-21,2016-10-14,"MG193617.1, MG252876.1"
laephotis capensis,bat betacoronavirus,110938,1805463,TRUE,TRUE,FALSE,laephotis,vespertilionidae,chiroptera,mammalia,Laephotis capensis,betacoronavirus,coronaviridae,nidovirales,pisoniviricetes,Bat betacoronavirus,FALSE,PCR/Sequencing,GenBank,GenBank,https://ftp.ncbi.nlm.nih.gov/genomes/Viruses/AllNuclMetadata/ accessed on 2025-09-16,,,,2018,11,21,2016,3,3,,,2018-11-21,2016-03-03,MG252869.1
laephotis capensis,bat betacoronavirus,110938,1805463,TRUE,TRUE,FALSE,laephotis,vespertilionidae,chiroptera,mammalia,Laephotis capensis,betacoronavirus,coronaviridae,nidovirales,pisoniviricetes,Bat betacoronavirus,FALSE,PCR/Sequencing,GenBank,GenBank,https://ftp.ncbi.nlm.nih.gov/genomes/Viruses/AllNuclMetadata/ accessed on 2025-09-16,,,,2018,11,21,2016,3,4,,,2018-11-21,2016-03-04,"MG252872.1, MG252873.1"
laephotis capensis,bat betacoronavirus,110938,1805463,TRUE,TRUE,FALSE,laephotis,vespertilionidae,chiroptera,mammalia,Laephotis capensis,betacoronavirus,coronaviridae,nidovirales,pisoniviricetes,Bat betacoronavirus,FALSE,PCR/Sequencing,GenBank,GenBank,https://ftp.ncbi.nlm.nih.gov/genomes/Viruses/AllNuclMetadata/ accessed on 2025-09-16,,,,2019,11,21,2014,1,27,,,2019-11-21,2014-01-27,MG817483.1
laephotis capensis,bat betacoronavirus,110938,1805463,TRUE,TRUE,FALSE,laephotis,vespertilionidae,chiroptera,mammalia,Laephotis capensis,betacoronavirus,coronaviridae,nidovirales,pisoniviricetes,Bat betacoronavirus,FALSE,PCR/Sequencing,GenBank,GenBank,https://ftp.ncbi.nlm.nih.gov/genomes/Viruses/AllNuclMetadata/ accessed on 2025-09-16,,,,2019,11,21,2014,11,3,,,2019-11-21,2014-11-03,MG817484.1
laephotis capensis,bat betacoronavirus,110938,1805463,TRUE,TRUE,FALSE,laephotis,vespertilionidae,chiroptera,mammalia,Laephotis capensis,betacoronavirus,coronaviridae,nidovirales,pisoniviricetes,Bat betacoronavirus,FALSE,PCR/Sequencing,GenBank,GenBank,https://ftp.ncbi.nlm.nih.gov/genomes/Viruses/AllNuclMetadata/ accessed on 2025-09-16,,,,2019,11,21,2015,1,5,,,2019-11-21,2015-01-05,"MG817485.1, MG817486.1"
laephotis capensis,bat betacoronavirus,110938,1805463,TRUE,TRUE,FALSE,laephotis,vespertilionidae,chiroptera,mammalia,Laephotis capensis,betacoronavirus,coronaviridae,nidovirales,pisoniviricetes,Bat betacoronavirus,FALSE,PCR/Sequencing,GenBank,GenBank,https://ftp.ncbi.nlm.nih.gov/genomes/Viruses/AllNuclMetadata/ accessed on 2025-09-16,,,,2019,11,21,2015,1,7,,,2019-11-21,2015-01-07,"MG817488.1, MG817489.1"
laephotis capensis,bat betacoronavirus,110938,1805463,TRUE,TRUE,FALSE,laephotis,vespertilionidae,chiroptera,mammalia,Laephotis capensis,betacoronavirus,coronaviridae,nidovirales,pisoniviricetes,Bat betacoronavirus,FALSE,PCR/Sequencing,GenBank,GenBank,https://ftp.ncbi.nlm.nih.gov/genomes/Viruses/AllNuclMetadata/ accessed on 2025-09-16,,,,2019,11,21,2015,1,8,,,2019-11-21,2015-01-08,MG817490.1
laephotis capensis,bat betacoronavirus,110938,1805463,TRUE,TRUE,FALSE,laephotis,vespertilionidae,chiroptera,mammalia,Laephotis capensis,betacoronavirus,coronaviridae,nidovirales,pisoniviricetes,Bat betacoronavirus,FALSE,PCR/Sequencing,GenBank,GenBank,https://ftp.ncbi.nlm.nih.gov/genomes/Viruses/AllNuclMetadata/ accessed on 2025-09-16,,,,2019,11,21,2015,9,19,,,2019-11-21,2015-09-19,MG817496.1
laephotis capensis,bat betacoronavirus,110938,1805463,TRUE,TRUE,FALSE,laephotis,vespertilionidae,chiroptera,mammalia,Laephotis capensis,betacoronavirus,coronaviridae,nidovirales,pisoniviricetes,Bat betacoronavirus,FALSE,PCR/Sequencing,GenBank,GenBank,https://ftp.ncbi.nlm.nih.gov/genomes/Viruses/AllNuclMetadata/ accessed on 2025-09-16,,,,2019,11,21,2015,9,20,,,2019-11-21,2015-09-20,"MG817492.1, MG817493.1, MG817494.1"
laephotis capensis,betacoronavirus cameli,110938,3433633,TRUE,TRUE,TRUE,laephotis,vespertilionidae,chiroptera,mammalia,Laephotis capensis,betacoronavirus,coronaviridae,nidovirales,pisoniviricetes,Betacoronavirus cameli,FALSE,PCR/Sequencing,GenBank,GenBank,https://ftp.ncbi.nlm.nih.gov/genomes/Viruses/AllNuclMetadata/ accessed on 2025-09-16,,,,2013,7,30,2011,,,,,2013-07-30,2011,KC869678.4
laephotis capensis,betacoronavirus cameli,110938,3433633,TRUE,TRUE,TRUE,laephotis,vespertilionidae,chiroptera,mammalia,Laephotis capensis,betacoronavirus,coronaviridae,nidovirales,pisoniviricetes,Betacoronavirus cameli,FALSE,PCR/Sequencing,GenBank,GenBank,https://ftp.ncbi.nlm.nih.gov/genomes/Viruses/AllNuclMetadata/ accessed on 2025-09-16,,,,2018,4,4,2015,4,20,,,2018-04-04,2015-04-20,MF593268.1
lasiurus borealis,betacoronavirus pandemicum,258930,3418604,TRUE,TRUE,TRUE,lasiurus,vespertilionidae,chiroptera,mammalia,Lasiurus borealis,betacoronavirus,coronaviridae,nidovirales,pisoniviricetes,Betacoronavirus pandemicum,FALSE,PCR/Sequencing,GenBank,GenBank,https://ftp.ncbi.nlm.nih.gov/genomes/Viruses/AllNuclMetadata/ accessed on 2025-09-16,,,,2024,4,1,2023,8,21,,,2024-04-01,2023-08-21,"OR867072.1, OR871756.1, OR872533.1"
macroglossus minimus,bat betacoronavirus,29076,1805463,TRUE,TRUE,FALSE,macroglossus,pteropodidae,chiroptera,mammalia,Macroglossus minimus,betacoronavirus,coronaviridae,nidovirales,pisoniviricetes,Bat betacoronavirus,FALSE,PCR/Sequencing,GenBank,GenBank,https://ftp.ncbi.nlm.nih.gov/genomes/Viruses/AllNuclMetadata/ accessed on 2025-09-16,,,,2020,11,15,2017,7,,,,2020-11-15,2017-07,MT490247.1
macronycteris commersonii,zaria bat coronavirus,110941,989337,TRUE,TRUE,FALSE,macronycteris,hipposideridae,chiroptera,mammalia,Macronycteris commersoni,betacoronavirus,coronaviridae,nidovirales,pisoniviricetes,Zaria bat coronavirus,FALSE,PCR/Sequencing,GenBank,GenBank,https://ftp.ncbi.nlm.nih.gov/genomes/Viruses/AllNuclMetadata/ accessed on 2025-09-16,,,,2011,3,2,2008,,,,,2011-03-02,2008,HQ166910.1
macronycteris gigas,zaria bat coronavirus,584996,989337,TRUE,TRUE,FALSE,macronycteris,hipposideridae,chiroptera,mammalia,Macronycteris gigas,betacoronavirus,coronaviridae,nidovirales,pisoniviricetes,Zaria bat coronavirus,FALSE,PCR/Sequencing,GenBank,GenBank,https://ftp.ncbi.nlm.nih.gov/genomes/Viruses/AllNuclMetadata/ accessed on 2025-09-16,,,,2022,5,29,2017,1,19,,,2022-05-29,2017-01-19,"MT063976.1, MT063995.1"
macronycteris gigas,zaria bat coronavirus,584996,989337,TRUE,TRUE,FALSE,macronycteris,hipposideridae,chiroptera,mammalia,Macronycteris gigas,betacoronavirus,coronaviridae,nidovirales,pisoniviricetes,Zaria bat coronavirus,FALSE,PCR/Sequencing,GenBank,GenBank,https://ftp.ncbi.nlm.nih.gov/genomes/Viruses/AllNuclMetadata/ accessed on 2025-09-16,,,,2022,5,29,2017,6,13,,,2022-05-29,2017-06-13,"MT063970.1, MT063971.1, MT063973.1, MT063998.1, MT082054.1"
macronycteris gigas,zaria bat coronavirus,584996,989337,TRUE,TRUE,FALSE,macronycteris,hipposideridae,chiroptera,mammalia,Macronycteris gigas,betacoronavirus,coronaviridae,nidovirales,pisoniviricetes,Zaria bat coronavirus,FALSE,PCR/Sequencing,GenBank,GenBank,https://ftp.ncbi.nlm.nih.gov/genomes/Viruses/AllNuclMetadata/ accessed on 2025-09-16,,,,2022,5,29,2017,6,14,,,2022-05-29,2017-06-14,"MT063969.1, MT064003.1, MT082024.1"
megaderma spasma,betacoronavirus sp.,9414,1928434,TRUE,TRUE,FALSE,megaderma,megadermatidae,chiroptera,mammalia,Megaderma spasma,betacoronavirus,coronaviridae,nidovirales,pisoniviricetes,Betacoronavirus sp.,FALSE,PCR/Sequencing,GenBank,GenBank,https://ftp.ncbi.nlm.nih.gov/genomes/Viruses/AllNuclMetadata/ accessed on 2025-09-16,,,,2025,4,1,2020,11,30,,,2025-04-01,2020-11-30,PQ305310.1
megaderma spasma,betacoronavirus sp.,9414,1928434,TRUE,TRUE,FALSE,megaderma,megadermatidae,chiroptera,mammalia,Megaderma spasma,betacoronavirus,coronaviridae,nidovirales,pisoniviricetes,Betacoronavirus sp.,FALSE,PCR/Sequencing,GenBank,GenBank,https://ftp.ncbi.nlm.nih.gov/genomes/Viruses/AllNuclMetadata/ accessed on 2025-09-16,,,,2025,5,25,2023,6,16,,,2025-05-25,2023-06-16,OZ250901.1
megaderma spasma,betacoronavirus sp.,9414,1928434,TRUE,TRUE,FALSE,megaderma,megadermatidae,chiroptera,mammalia,Megaderma spasma,betacoronavirus,coronaviridae,nidovirales,pisoniviricetes,Betacoronavirus sp.,FALSE,PCR/Sequencing,GenBank,GenBank,https://ftp.ncbi.nlm.nih.gov/genomes/Viruses/AllNuclMetadata/ accessed on 2025-09-16,,,,2025,6,14,2023,6,16,,,2025-06-14,2023-06-16,PV711153.1
miniopterus fuliginosus,sarbecovirus sp.,187007,2833184,TRUE,TRUE,FALSE,miniopterus,miniopteridae,chiroptera,mammalia,Miniopterus fuliginosus,betacoronavirus,coronaviridae,nidovirales,pisoniviricetes,Sarbecovirus sp.,FALSE,PCR/Sequencing,GenBank,GenBank,https://ftp.ncbi.nlm.nih.gov/genomes/Viruses/AllNuclMetadata/ accessed on 2025-09-16,,,,2025,8,1,2023,9,,,,2025-08-01,2023-09,"PQ189510.1, PQ189522.1, PQ189575.1"
miniopterus natalensis,betacoronavirus sp.,291302,1928434,TRUE,TRUE,FALSE,miniopterus,miniopteridae,chiroptera,mammalia,Miniopterus natalensis,betacoronavirus,coronaviridae,nidovirales,pisoniviricetes,Betacoronavirus sp.,FALSE,PCR/Sequencing,GenBank,GenBank,https://ftp.ncbi.nlm.nih.gov/genomes/Viruses/AllNuclMetadata/ accessed on 2025-09-16,,,,2021,7,1,2017,11,21,,,2021-07-01,2017-11-21,MK569443.1
miniopterus natalensis,betacoronavirus sp.,291302,1928434,TRUE,TRUE,FALSE,miniopterus,miniopteridae,chiroptera,mammalia,Miniopterus natalensis,betacoronavirus,coronaviridae,nidovirales,pisoniviricetes,Betacoronavirus sp.,FALSE,PCR/Sequencing,GenBank,GenBank,https://ftp.ncbi.nlm.nih.gov/genomes/Viruses/AllNuclMetadata/ accessed on 2025-09-16,,,,2021,7,1,2017,3,23,,,2021-07-01,2017-03-23,MK569432.1
miniopterus schreibersii,betacoronavirus pandemicum,9433,3418604,TRUE,TRUE,TRUE,miniopterus,miniopteridae,chiroptera,mammalia,Miniopterus schreibersii,betacoronavirus,coronaviridae,nidovirales,pisoniviricetes,Betacoronavirus pandemicum,FALSE,PCR/Sequencing,GenBank,GenBank,https://ftp.ncbi.nlm.nih.gov/genomes/Viruses/AllNuclMetadata/ accessed on 2025-09-16,,,,2014,10,30,2012,,,,,2014-10-30,2012,KF294439.1
molossus molossus,betacoronavirus cameli,27622,3433633,TRUE,TRUE,TRUE,molossus,molossidae,chiroptera,mammalia,Molossus molossus,betacoronavirus,coronaviridae,nidovirales,pisoniviricetes,Betacoronavirus cameli,FALSE,PCR/Sequencing,GenBank,GenBank,https://ftp.ncbi.nlm.nih.gov/genomes/Viruses/AllNuclMetadata/ accessed on 2025-09-16,,,,2025,6,7,2022,,,,,2025-06-07,2022,PV694190.1
molossus molossus,betacoronavirus cameli,27622,3433633,TRUE,TRUE,TRUE,molossus,molossidae,chiroptera,mammalia,Molossus molossus,betacoronavirus,coronaviridae,nidovirales,pisoniviricetes,Betacoronavirus cameli,FALSE,PCR/Sequencing,GenBank,GenBank,https://ftp.ncbi.nlm.nih.gov/genomes/Viruses/AllNuclMetadata/ accessed on 2025-09-16,,,,2025,8,26,2022,,,,,2025-08-26,2022,PX116150.1
molossus molossus,betacoronavirus cameli,27622,3433633,TRUE,TRUE,TRUE,molossus,molossidae,chiroptera,mammalia,Molossus molossus,betacoronavirus,coronaviridae,nidovirales,pisoniviricetes,Betacoronavirus cameli,FALSE,PCR/Sequencing,GenBank,GenBank,https://ftp.ncbi.nlm.nih.gov/genomes/Viruses/AllNuclMetadata/ accessed on 2025-09-16,,,,2025,9,2,2022,,,,,2025-09-02,2022,"PX132326.1, PX139707.1, PX210929.1"
mops condylurus,betacoronavirus rousetti,258863,3418615,TRUE,TRUE,TRUE,mops,molossidae,chiroptera,mammalia,Mops condylurus,betacoronavirus,coronaviridae,nidovirales,pisoniviricetes,Betacoronavirus rousetti,FALSE,PCR/Sequencing,GenBank,GenBank,https://ftp.ncbi.nlm.nih.gov/genomes/Viruses/AllNuclMetadata/ accessed on 2025-09-16,,,,2022,5,29,2018,8,31,,,2022-05-29,2018-08-31,MT125420.1
mops plicatus,betacoronavirus pandemicum,3370289,3418604,TRUE,TRUE,TRUE,mops,molossidae,chiroptera,mammalia,Chaerephon plicatus,betacoronavirus,coronaviridae,nidovirales,pisoniviricetes,Betacoronavirus pandemicum,FALSE,PCR/Sequencing,GenBank,GenBank,https://ftp.ncbi.nlm.nih.gov/genomes/Viruses/AllNuclMetadata/ accessed on 2025-09-16,,,,2013,6,10,2011,,,,,2013-06-10,2011,JX993988.1
mops plicatus,betacoronavirus pandemicum,3370289,694009,TRUE,TRUE,TRUE,mops,molossidae,chiroptera,mammalia,Chaerephon plicatus,betacoronavirus,coronaviridae,nidovirales,pisoniviricetes,Severe acute respiratory syndrome-related coronavirus,FALSE,Isolation/Observation,Isolation,Shaw,Shaw et al. 2020 Mol Ecol,,ViPR,,,,,,,,173379,https://doi.org/10.1111/mec.15463,,,
mops plicatus,betacoronavirus sp.,3370289,1928434,TRUE,TRUE,FALSE,mops,molossidae,chiroptera,mammalia,Mops plicatus,betacoronavirus,coronaviridae,nidovirales,pisoniviricetes,Betacoronavirus sp.,FALSE,PCR/Sequencing,GenBank,GenBank,https://ftp.ncbi.nlm.nih.gov/genomes/Viruses/AllNuclMetadata/ accessed on 2025-09-16,,,,2025,7,29,2022,,,,,2025-07-29,2022,"PV577294.1, PV577296.1, PV577299.1, PV577300.1, PV577301.1, PV577302.1, PV577304.1, PV577305.1, PV577312.1"
mops plicatus,betacoronavirus sp.,3370289,1928434,TRUE,TRUE,FALSE,mops,molossidae,chiroptera,mammalia,Mops plicatus,betacoronavirus,coronaviridae,nidovirales,pisoniviricetes,Betacoronavirus sp.,FALSE,PCR/Sequencing,GenBank,GenBank,https://ftp.ncbi.nlm.nih.gov/genomes/Viruses/AllNuclMetadata/ accessed on 2025-09-16,,,,2025,7,29,2023,,,,,2025-07-29,2023,"PV577291.1, PV577292.1, PV577293.1, PV577295.1, PV577297.1, PV577298.1, PV577303.1, PV577306.1, PV577307.1, PV577308.1, PV577309.1, PV577310.1, PV577311.1"
myotis blythii,merbecovirus sp.,109482,2832974,TRUE,TRUE,FALSE,myotis,vespertilionidae,chiroptera,mammalia,Myotis blythii,betacoronavirus,coronaviridae,nidovirales,pisoniviricetes,Merbecovirus sp.,FALSE,PCR/Sequencing,GenBank,GenBank,https://ftp.ncbi.nlm.nih.gov/genomes/Viruses/AllNuclMetadata/ accessed on 2025-09-16,,,,2021,12,25,2014,7,24,,,2021-12-25,2014-07-24,"OL791344.1, OL791345.1, OL791346.1"
myotis blythii,sarbecovirus sp.,109482,2833184,TRUE,TRUE,FALSE,myotis,vespertilionidae,chiroptera,mammalia,Myotis blythii,betacoronavirus,coronaviridae,nidovirales,pisoniviricetes,Sarbecovirus sp.,FALSE,PCR/Sequencing,GenBank,GenBank,https://ftp.ncbi.nlm.nih.gov/genomes/Viruses/AllNuclMetadata/ accessed on 2025-09-16,,,,2021,12,25,2014,7,24,,,2021-12-25,2014-07-24,"OL791350.1, OL791351.1, OL791355.1, OL791360.1, OL791361.1, OL791362.1, OL791363.1"
myotis davidii,betacoronavirus sp.,225400,1928434,TRUE,TRUE,FALSE,myotis,vespertilionidae,chiroptera,mammalia,Myotis davidii,betacoronavirus,coronaviridae,nidovirales,pisoniviricetes,Betacoronavirus sp.,FALSE,PCR/Sequencing,GenBank,GenBank,https://ftp.ncbi.nlm.nih.gov/genomes/Viruses/AllNuclMetadata/ accessed on 2025-09-16,,,,2025,2,26,2022,,,,,2025-02-26,2022,PV126589.1
myotis emarginatus,betacoronavirus gravedinis,109480,3433757,TRUE,TRUE,TRUE,myotis,vespertilionidae,chiroptera,mammalia,Myotis emarginatus,betacoronavirus,coronaviridae,nidovirales,pisoniviricetes,Betacoronavirus gravedinis,FALSE,PCR/Sequencing,GenBank,GenBank,https://ftp.ncbi.nlm.nih.gov/genomes/Viruses/AllNuclMetadata/ accessed on 2025-09-16,,,,2017,7,19,2015,,,,,2017-07-19,2015,"KY502388.1, KY502392.1"
myotis emarginatus,betacoronavirus gravedinis,109480,3433757,TRUE,TRUE,TRUE,myotis,vespertilionidae,chiroptera,mammalia,Myotis emarginatus,betacoronavirus,coronaviridae,nidovirales,pisoniviricetes,Betacoronavirus gravedinis,FALSE,PCR/Sequencing,GenBank,GenBank,https://ftp.ncbi.nlm.nih.gov/genomes/Viruses/AllNuclMetadata/ accessed on 2025-09-16,,,,2017,7,19,2016,,,,,2017-07-19,2016,"KY502398.1, KY707827.1"
myotis emarginatus,sarbecovirus sp.,109480,2833184,TRUE,TRUE,FALSE,myotis,vespertilionidae,chiroptera,mammalia,Myotis emarginatus,betacoronavirus,coronaviridae,nidovirales,pisoniviricetes,Sarbecovirus sp.,FALSE,PCR/Sequencing,GenBank,GenBank,https://ftp.ncbi.nlm.nih.gov/genomes/Viruses/AllNuclMetadata/ accessed on 2025-09-16,,,,2021,12,25,2014,7,15,,,2021-12-25,2014-07-15,OL791366.1
myotis horsfieldii,bat betacoronavirus,138977,1805463,TRUE,TRUE,FALSE,myotis,vespertilionidae,chiroptera,mammalia,Myotis horsfieldii,betacoronavirus,coronaviridae,nidovirales,pisoniviricetes,Bat betacoronavirus,FALSE,PCR/Sequencing,GenBank,GenBank,https://ftp.ncbi.nlm.nih.gov/genomes/Viruses/AllNuclMetadata/ accessed on 2025-09-16,,,,2020,6,1,,,,,,2020-06-01,,MN312680.1
myotis laniger,betacoronavirus sp.,452654,1928434,TRUE,TRUE,FALSE,myotis,vespertilionidae,chiroptera,mammalia,Myotis laniger,betacoronavirus,coronaviridae,nidovirales,pisoniviricetes,Betacoronavirus sp.,FALSE,PCR/Sequencing,GenBank,GenBank,https://ftp.ncbi.nlm.nih.gov/genomes/Viruses/AllNuclMetadata/ accessed on 2025-09-16,,,,2025,7,1,2020,10,1,,,2025-07-01,2020-10-01,PP150762.1
myotis punicus,betacoronavirus sp.,386774,1928434,TRUE,TRUE,FALSE,myotis,vespertilionidae,chiroptera,mammalia,Myotis punicus,betacoronavirus,coronaviridae,nidovirales,pisoniviricetes,Betacoronavirus sp.,FALSE,PCR/Sequencing,GenBank,GenBank,https://ftp.ncbi.nlm.nih.gov/genomes/Viruses/AllNuclMetadata/ accessed on 2025-09-16,,,,2020,9,26,2017,,,,,2020-09-26,2017,MN823619.1
myotis siligorensis,betacoronavirus sp.,258940,1928434,TRUE,TRUE,FALSE,myotis,vespertilionidae,chiroptera,mammalia,Myotis siligorensis,betacoronavirus,coronaviridae,nidovirales,pisoniviricetes,Betacoronavirus sp.,FALSE,PCR/Sequencing,GenBank,GenBank,https://ftp.ncbi.nlm.nih.gov/genomes/Viruses/AllNuclMetadata/ accessed on 2025-09-16,,,,2025,7,1,2020,9,21,,,2025-07-01,2020-09-21,PP150832.1
nycteris macrotis,betacoronavirus sp.,175523,1928434,TRUE,TRUE,FALSE,nycteris,nycteridae,chiroptera,mammalia,Nycteris macrotis,betacoronavirus,coronaviridae,nidovirales,pisoniviricetes,Betacoronavirus sp.,FALSE,PCR/Sequencing,GenBank,GenBank,https://ftp.ncbi.nlm.nih.gov/genomes/Viruses/AllNuclMetadata/ accessed on 2025-09-16,,,,2025,8,1,2021,3,,,,2025-08-01,2021-03,PV536206.1
nycteris thebaica,betacoronavirus sp.,59467,1928434,TRUE,TRUE,FALSE,nycteris,nycteridae,chiroptera,mammalia,Nycteris thebaica,betacoronavirus,coronaviridae,nidovirales,pisoniviricetes,Betacoronavirus sp.,FALSE,PCR/Sequencing,GenBank,GenBank,https://ftp.ncbi.nlm.nih.gov/genomes/Viruses/AllNuclMetadata/ accessed on 2025-09-16,,,,2021,7,1,2016,1,18,,,2021-07-01,2016-01-18,MK569453.1
pipistrellus abramus,bat betacoronavirus,105295,1805463,TRUE,TRUE,FALSE,pipistrellus,vespertilionidae,chiroptera,mammalia,Pipistrellus abramus,betacoronavirus,coronaviridae,nidovirales,pisoniviricetes,Bat betacoronavirus,FALSE,PCR/Sequencing,GenBank,GenBank,https://ftp.ncbi.nlm.nih.gov/genomes/Viruses/AllNuclMetadata/ accessed on 2025-09-16,,,,2020,6,1,,,,,,2020-06-01,,"MN312675.1, MN312677.1, MN312684.1"
pipistrellus abramus,betacoronavirus pipistrelli,105295,3433775,TRUE,TRUE,TRUE,pipistrellus,vespertilionidae,chiroptera,mammalia,Pipistrellus abramus,betacoronavirus,coronaviridae,nidovirales,pisoniviricetes,Betacoronavirus pipistrelli,FALSE,PCR/Sequencing,GenBank,GenBank,https://ftp.ncbi.nlm.nih.gov/genomes/Viruses/AllNuclMetadata/ accessed on 2025-09-16,,,,2015,12,31,2013,,,,,2015-12-31,2013,KJ473820.1
pipistrellus abramus,betacoronavirus pipistrelli,105295,3433775,TRUE,TRUE,TRUE,pipistrellus,vespertilionidae,chiroptera,mammalia,Pipistrellus abramus,betacoronavirus,coronaviridae,nidovirales,pisoniviricetes,Betacoronavirus pipistrelli,FALSE,PCR/Sequencing,GenBank,GenBank,https://ftp.ncbi.nlm.nih.gov/genomes/Viruses/AllNuclMetadata/ accessed on 2025-09-16,,,,2020,6,1,,,,,,2020-06-01,,"MN312646.1, MN312648.1, MN312649.1, MN312665.1, MN312678.1, MN312679.1, MN312681.1, MN312682.1, MN312683.1, MN312685.1, MN312686.1, MN312687.1, MN312866.1"
pipistrellus abramus,betacoronavirus pipistrelli,105295,3433775,TRUE,TRUE,TRUE,pipistrellus,vespertilionidae,chiroptera,mammalia,Pipistrellus abramus,betacoronavirus,coronaviridae,nidovirales,pisoniviricetes,Betacoronavirus pipistrelli,FALSE,PCR/Sequencing,GenBank,GenBank,https://ftp.ncbi.nlm.nih.gov/genomes/Viruses/AllNuclMetadata/ accessed on 2025-09-16,,,,2022,3,26,2018,7,25,,,2022-03-26,2018-07-25,OK663613.1
pipistrellus abramus,betacoronavirus pipistrelli,105295,3433775,TRUE,TRUE,TRUE,pipistrellus,vespertilionidae,chiroptera,mammalia,Pipistrellus abramus,betacoronavirus,coronaviridae,nidovirales,pisoniviricetes,Betacoronavirus pipistrelli,FALSE,PCR/Sequencing,GenBank,GenBank,https://ftp.ncbi.nlm.nih.gov/genomes/Viruses/AllNuclMetadata/ accessed on 2025-09-16,,,,2022,3,26,2018,7,27,,,2022-03-26,2018-07-27,"OK663611.1, OK663612.1"
pipistrellus abramus,betacoronavirus pipistrelli,105295,3433775,TRUE,TRUE,TRUE,pipistrellus,vespertilionidae,chiroptera,mammalia,Pipistrellus abramus,betacoronavirus,coronaviridae,nidovirales,pisoniviricetes,Betacoronavirus pipistrelli,FALSE,PCR/Sequencing,GenBank,GenBank,https://ftp.ncbi.nlm.nih.gov/genomes/Viruses/AllNuclMetadata/ accessed on 2025-09-16,,,,2024,4,2,2021,8,23,,,2024-04-02,2021-08-23,PP542829.1
pipistrellus abramus,betacoronavirus pipistrelli,105295,3433775,TRUE,TRUE,TRUE,pipistrellus,vespertilionidae,chiroptera,mammalia,Pipistrellus abramus,betacoronavirus,coronaviridae,nidovirales,pisoniviricetes,Betacoronavirus pipistrelli,FALSE,PCR/Sequencing,GenBank,GenBank,https://ftp.ncbi.nlm.nih.gov/genomes/Viruses/AllNuclMetadata/ accessed on 2025-09-16,,,,2024,5,14,2021,8,23,,,2024-05-14,2021-08-23,PP768623.1
pipistrellus abramus,betacoronavirus pipistrelli,105295,3433775,TRUE,TRUE,TRUE,pipistrellus,vespertilionidae,chiroptera,mammalia,Pipistrellus abramus,betacoronavirus,coronaviridae,nidovirales,pisoniviricetes,Betacoronavirus pipistrelli,FALSE,PCR/Sequencing,GenBank,GenBank,https://ftp.ncbi.nlm.nih.gov/genomes/Viruses/AllNuclMetadata/ accessed on 2025-09-16,,,,2025,4,23,2024,4,27,,,2025-04-23,2024-04-27,PV533968.1
pipistrellus abramus,betacoronavirus pipistrelli,105295,694008,TRUE,TRUE,TRUE,pipistrellus,vespertilionidae,chiroptera,mammalia,Pipistrellus abramus,betacoronavirus,coronaviridae,nidovirales,pisoniviricetes,Pipistrellus bat coronavirus hku5,FALSE,Isolation/Observation,Isolation,Shaw,Shaw et al. 2020 Mol Ecol,2006,"Woo PC, 2006, Virology, 351",16647731,,,,,,,209592,https://doi.org/10.1111/mec.15463,,,
pipistrellus abramus,merbecovirus sp.,105295,2832974,TRUE,TRUE,FALSE,pipistrellus,vespertilionidae,chiroptera,mammalia,Pipistrellus abramus,betacoronavirus,coronaviridae,nidovirales,pisoniviricetes,Merbecovirus sp.,FALSE,PCR/Sequencing,GenBank,GenBank,https://ftp.ncbi.nlm.nih.gov/genomes/Viruses/AllNuclMetadata/ accessed on 2025-09-16,,,,2021,9,22,2018,4,,,,2021-09-22,2018-04,OK017769.1
pipistrellus abramus,merbecovirus sp.,105295,2832974,TRUE,TRUE,FALSE,pipistrellus,vespertilionidae,chiroptera,mammalia,Pipistrellus abramus,betacoronavirus,coronaviridae,nidovirales,pisoniviricetes,Merbecovirus sp.,FALSE,PCR/Sequencing,GenBank,GenBank,https://ftp.ncbi.nlm.nih.gov/genomes/Viruses/AllNuclMetadata/ accessed on 2025-09-16,,,,2021,9,22,2020,5,,,,2021-09-22,2020-05,"OK017770.1, OK017771.1"
pipistrellus hesperidus,bat betacoronavirus,294653,1805463,TRUE,TRUE,FALSE,pipistrellus,vespertilionidae,chiroptera,mammalia,Pipistrellus hesperidus,betacoronavirus,coronaviridae,nidovirales,pisoniviricetes,Bat betacoronavirus,FALSE,PCR/Sequencing,GenBank,GenBank,https://ftp.ncbi.nlm.nih.gov/genomes/Viruses/AllNuclMetadata/ accessed on 2025-09-16,,,,2018,11,21,2014,1,22,,,2018-11-21,2014-01-22,"MG252861.1, MG310224.1"
pipistrellus hesperidus,bat betacoronavirus,294653,1805463,TRUE,TRUE,FALSE,pipistrellus,vespertilionidae,chiroptera,mammalia,Pipistrellus hesperidus,betacoronavirus,coronaviridae,nidovirales,pisoniviricetes,Bat betacoronavirus,FALSE,PCR/Sequencing,GenBank,GenBank,https://ftp.ncbi.nlm.nih.gov/genomes/Viruses/AllNuclMetadata/ accessed on 2025-09-16,,,,2018,11,21,2014,10,21,,,2018-11-21,2014-10-21,MG310254.1
pipistrellus hesperidus,bat betacoronavirus,294653,1805463,TRUE,TRUE,FALSE,pipistrellus,vespertilionidae,chiroptera,mammalia,Pipistrellus hesperidus,betacoronavirus,coronaviridae,nidovirales,pisoniviricetes,Bat betacoronavirus,FALSE,PCR/Sequencing,GenBank,GenBank,https://ftp.ncbi.nlm.nih.gov/genomes/Viruses/AllNuclMetadata/ accessed on 2025-09-16,,,,2018,11,21,2015,3,12,,,2018-11-21,2015-03-12,MG310230.1
pipistrellus kuhlii,betacoronavirus cameli,59472,3433633,TRUE,TRUE,TRUE,pipistrellus,vespertilionidae,chiroptera,mammalia,Pipistrellus kuhlii,betacoronavirus,coronaviridae,nidovirales,pisoniviricetes,Betacoronavirus cameli,FALSE,PCR/Sequencing,GenBank,GenBank,https://ftp.ncbi.nlm.nih.gov/genomes/Viruses/AllNuclMetadata/ accessed on 2025-09-16,,,,2018,1,10,2011,,,,,2018-01-10,2011,MG596803.1
pipistrellus nathusii,betacoronavirus cameli,59473,3433633,TRUE,TRUE,TRUE,pipistrellus,vespertilionidae,chiroptera,mammalia,Pipistrellus nathusii,betacoronavirus,coronaviridae,nidovirales,pisoniviricetes,Betacoronavirus cameli,FALSE,PCR/Sequencing,GenBank,GenBank,https://ftp.ncbi.nlm.nih.gov/genomes/Viruses/AllNuclMetadata/ accessed on 2025-09-16,,,,2022,6,27,2015,8,15,,,2022-06-27,2015-08-15,"ON325306.1, ON676527.1, ON676528.1"
pipistrellus nathusii,betacoronavirus sp.,59473,1928434,TRUE,TRUE,FALSE,pipistrellus,vespertilionidae,chiroptera,mammalia,Pipistrellus nathusii,betacoronavirus,coronaviridae,nidovirales,pisoniviricetes,Betacoronavirus sp.,FALSE,PCR/Sequencing,GenBank,GenBank,https://ftp.ncbi.nlm.nih.gov/genomes/Viruses/AllNuclMetadata/ accessed on 2025-09-16,,,,2023,2,21,2018,,,,,2023-02-21,2018,"OQ405399.1, OQ405401.1"
pipistrellus pipistrellus,betacoronavirus pipistrelli,59474,3433775,TRUE,TRUE,TRUE,pipistrellus,vespertilionidae,chiroptera,mammalia,Pipistrellus pipistrellus,betacoronavirus,coronaviridae,nidovirales,pisoniviricetes,Betacoronavirus pipistrelli,FALSE,PCR/Sequencing,GenBank,GenBank,https://ftp.ncbi.nlm.nih.gov/genomes/Viruses/AllNuclMetadata/ accessed on 2025-09-16,,,,2017,11,14,2013,7,18,,,2017-11-14,2013-07-18,"KX285197.1, KX285199.1, KX285200.1"
pipistrellus pipistrellus,betacoronavirus pipistrelli,59474,694008,TRUE,TRUE,TRUE,pipistrellus,vespertilionidae,chiroptera,mammalia,Pipistrellus pipistrellus,betacoronavirus,coronaviridae,nidovirales,pisoniviricetes,Pipistrellus bat coronavirus hku5,FALSE,PCR/Sequencing,PCR,Shaw,Shaw et al. 2020 Mol Ecol,2007,"Cui J, 2007, Emerg Infect Dis, 13",18258002,,,,,,,209627,https://doi.org/10.1111/mec.15463,,,
pipistrellus sp.,betacoronavirus cameli,3075051,3433633,TRUE,TRUE,TRUE,pipistrellus,vespertilionidae,chiroptera,mammalia,Pipistrellus sp.,betacoronavirus,coronaviridae,nidovirales,pisoniviricetes,Betacoronavirus cameli,FALSE,PCR/Sequencing,GenBank,GenBank,https://ftp.ncbi.nlm.nih.gov/genomes/Viruses/AllNuclMetadata/ accessed on 2025-09-16,,,,2024,5,14,2023,4,13,,,2024-05-14,2023-04-13,PP768626.1
plecotus sp.,betacoronavirus sp.,232091,1928434,TRUE,TRUE,FALSE,plecotus,vespertilionidae,chiroptera,mammalia,Plecotus sp.,betacoronavirus,coronaviridae,nidovirales,pisoniviricetes,Betacoronavirus sp.,FALSE,PCR/Sequencing,GenBank,GenBank,https://ftp.ncbi.nlm.nih.gov/genomes/Viruses/AllNuclMetadata/ accessed on 2025-09-16,,,,2025,2,26,2022,,,,,2025-02-26,2022,"PV126580.1, PV126581.1, PV126582.1, PV126583.1, PV126584.1, PV126585.1, PV126586.1, PV126587.1, PV126588.1, PV126590.1"
pteronotus davyi,bat betacoronavirus,94956,1805463,TRUE,TRUE,FALSE,pteronotus,mormoopidae,chiroptera,mammalia,Pteronotus davyi,betacoronavirus,coronaviridae,nidovirales,pisoniviricetes,Bat betacoronavirus,FALSE,PCR/Sequencing,GenBank,GenBank,https://ftp.ncbi.nlm.nih.gov/genomes/Viruses/AllNuclMetadata/ accessed on 2025-09-16,,,,2024,8,14,2014,7,7,,,2024-08-14,2014-07-07,PQ115133.1
pteronotus mesoamericanus,bat betacoronavirus,1884717,1805463,TRUE,TRUE,FALSE,pteronotus,mormoopidae,chiroptera,mammalia,Pteronotus mesoamericanus,betacoronavirus,coronaviridae,nidovirales,pisoniviricetes,Bat betacoronavirus,FALSE,PCR/Sequencing,GenBank,GenBank,https://ftp.ncbi.nlm.nih.gov/genomes/Viruses/AllNuclMetadata/ accessed on 2025-09-16,,,,2025,8,5,2023,4,25,,,2025-08-05,2023-04-25,"PV975108.1, PV975109.1"
pteronotus parnellii,bat betacoronavirus,59476,1805463,TRUE,TRUE,FALSE,pteronotus,mormoopidae,chiroptera,mammalia,Pteronotus parnellii,betacoronavirus,coronaviridae,nidovirales,pisoniviricetes,Bat betacoronavirus,FALSE,PCR/Sequencing,GenBank,GenBank,https://ftp.ncbi.nlm.nih.gov/genomes/Viruses/AllNuclMetadata/ accessed on 2025-09-16,,,,2024,8,14,2014,7,7,,,2024-08-14,2014-07-07,PQ115126.1
pteronotus parnellii,bat betacoronavirus,59476,1805463,TRUE,TRUE,FALSE,pteronotus,mormoopidae,chiroptera,mammalia,Pteronotus parnellii,betacoronavirus,coronaviridae,nidovirales,pisoniviricetes,Bat betacoronavirus,FALSE,PCR/Sequencing,GenBank,GenBank,https://ftp.ncbi.nlm.nih.gov/genomes/Viruses/AllNuclMetadata/ accessed on 2025-09-16,,,,2024,8,14,2015,2,16,,,2024-08-14,2015-02-16,PQ115127.1
pteronotus personatus,bat betacoronavirus,118856,1805463,TRUE,TRUE,FALSE,pteronotus,mormoopidae,chiroptera,mammalia,Pteronotus personatus,betacoronavirus,coronaviridae,nidovirales,pisoniviricetes,Bat betacoronavirus,FALSE,PCR/Sequencing,GenBank,GenBank,https://ftp.ncbi.nlm.nih.gov/genomes/Viruses/AllNuclMetadata/ accessed on 2025-09-16,,,,2024,8,14,2014,7,7,,,2024-08-14,2014-07-07,PQ115132.1
pteropus alecto,betacoronavirus gravedinis,9402,3433757,TRUE,TRUE,TRUE,pteropus,pteropodidae,chiroptera,mammalia,Pteropus alecto,betacoronavirus,coronaviridae,nidovirales,pisoniviricetes,Betacoronavirus gravedinis,FALSE,PCR/Sequencing,GenBank,GenBank,https://ftp.ncbi.nlm.nih.gov/genomes/Viruses/AllNuclMetadata/ accessed on 2025-09-16,,,,2017,11,14,2013,8,21,,,2017-11-14,2013-08-21,KX285045.1
pteropus alecto,betacoronavirus rousetti,9402,3418615,TRUE,TRUE,TRUE,pteropus,pteropodidae,chiroptera,mammalia,Pteropus alecto,betacoronavirus,coronaviridae,nidovirales,pisoniviricetes,Betacoronavirus rousetti,FALSE,PCR/Sequencing,GenBank,GenBank,https://ftp.ncbi.nlm.nih.gov/genomes/Viruses/AllNuclMetadata/ accessed on 2025-09-16,,,,2022,5,29,2016,12,28,,,2022-05-29,2016-12-28,MT083146.1
pteropus alecto,betacoronavirus sp.,9402,1928434,TRUE,TRUE,FALSE,pteropus,pteropodidae,chiroptera,mammalia,Pteropus alecto,betacoronavirus,coronaviridae,nidovirales,pisoniviricetes,Betacoronavirus sp.,FALSE,PCR/Sequencing,GenBank,GenBank,https://ftp.ncbi.nlm.nih.gov/genomes/Viruses/AllNuclMetadata/ accessed on 2025-09-16,,,,2025,6,7,2018,4,21,,,2025-06-07,2018-04-21,PV683364.1
pteropus alecto,betacoronavirus sp.,9402,1928434,TRUE,TRUE,FALSE,pteropus,pteropodidae,chiroptera,mammalia,Pteropus alecto,betacoronavirus,coronaviridae,nidovirales,pisoniviricetes,Betacoronavirus sp.,FALSE,PCR/Sequencing,GenBank,GenBank,https://ftp.ncbi.nlm.nih.gov/genomes/Viruses/AllNuclMetadata/ accessed on 2025-09-16,,,,2025,6,7,2019,2,14,,,2025-06-07,2019-02-14,PV683366.1
pteropus alecto,betacoronavirus sp.,9402,1928434,TRUE,TRUE,FALSE,pteropus,pteropodidae,chiroptera,mammalia,Pteropus alecto,betacoronavirus,coronaviridae,nidovirales,pisoniviricetes,Betacoronavirus sp.,FALSE,PCR/Sequencing,GenBank,GenBank,https://ftp.ncbi.nlm.nih.gov/genomes/Viruses/AllNuclMetadata/ accessed on 2025-09-16,,,,2025,6,7,2019,8,30,,,2025-06-07,2019-08-30,PV683367.1
pteropus alecto,betacoronavirus sp.,9402,1928434,TRUE,TRUE,FALSE,pteropus,pteropodidae,chiroptera,mammalia,Pteropus alecto,betacoronavirus,coronaviridae,nidovirales,pisoniviricetes,Betacoronavirus sp.,FALSE,PCR/Sequencing,GenBank,GenBank,https://ftp.ncbi.nlm.nih.gov/genomes/Viruses/AllNuclMetadata/ accessed on 2025-09-16,,,,2025,6,7,2019,9,4,,,2025-06-07,2019-09-04,PV683362.1
pteropus alecto,betacoronavirus sp.,9402,1928434,TRUE,TRUE,FALSE,pteropus,pteropodidae,chiroptera,mammalia,Pteropus alecto,betacoronavirus,coronaviridae,nidovirales,pisoniviricetes,Betacoronavirus sp.,FALSE,PCR/Sequencing,GenBank,GenBank,https://ftp.ncbi.nlm.nih.gov/genomes/Viruses/AllNuclMetadata/ accessed on 2025-09-16,,,,2025,6,7,2020,3,6,,,2025-06-07,2020-03-06,PV683361.1
pteropus dasymallus,betacoronavirus rousetti,385575,3418615,TRUE,TRUE,TRUE,pteropus,pteropodidae,chiroptera,mammalia,Pteropus dasymallus formosus,betacoronavirus,coronaviridae,nidovirales,pisoniviricetes,Betacoronavirus rousetti,FALSE,PCR/Sequencing,GenBank,GenBank,https://ftp.ncbi.nlm.nih.gov/genomes/Viruses/AllNuclMetadata/ accessed on 2025-09-16,,,,2024,6,30,2022,8,17,,,2024-06-30,2022-08-17,"PP934446.1, PP934447.1"
pteropus poliocephalus,betacoronavirus sp.,9403,1928434,TRUE,TRUE,FALSE,pteropus,pteropodidae,chiroptera,mammalia,Pteropus poliocephalus,betacoronavirus,coronaviridae,nidovirales,pisoniviricetes,Betacoronavirus sp.,FALSE,PCR/Sequencing,GenBank,GenBank,https://ftp.ncbi.nlm.nih.gov/genomes/Viruses/AllNuclMetadata/ accessed on 2025-09-16,,,,2025,6,7,2018,7,27,,,2025-06-07,2018-07-27,PV683359.1
pteropus poliocephalus,betacoronavirus sp.,9403,1928434,TRUE,TRUE,FALSE,pteropus,pteropodidae,chiroptera,mammalia,Pteropus poliocephalus,betacoronavirus,coronaviridae,nidovirales,pisoniviricetes,Betacoronavirus sp.,FALSE,PCR/Sequencing,GenBank,GenBank,https://ftp.ncbi.nlm.nih.gov/genomes/Viruses/AllNuclMetadata/ accessed on 2025-09-16,,,,2025,6,7,2018,7,29,,,2025-06-07,2018-07-29,PV683360.1
pteropus rufus,pteropus rufus nobecovirus,196297,2913443,TRUE,TRUE,FALSE,pteropus,pteropodidae,chiroptera,mammalia,Pteropus rufus,betacoronavirus,coronaviridae,nidovirales,pisoniviricetes,Pteropus rufus nobecovirus,FALSE,PCR/Sequencing,GenBank,GenBank,https://ftp.ncbi.nlm.nih.gov/genomes/Viruses/AllNuclMetadata/ accessed on 2025-09-16,,,,2022,2,5,2018,2,26,,,2022-02-05,2018-02-26,OK067319.1
pteropus rufus,pteropus rufus nobecovirus,196297,2913443,TRUE,TRUE,FALSE,pteropus,pteropodidae,chiroptera,mammalia,Pteropus rufus,betacoronavirus,coronaviridae,nidovirales,pisoniviricetes,Pteropus rufus nobecovirus,FALSE,PCR/Sequencing,GenBank,GenBank,https://ftp.ncbi.nlm.nih.gov/genomes/Viruses/AllNuclMetadata/ accessed on 2025-09-16,,,,2022,2,5,2018,4,16,,,2022-02-05,2018-04-16,OK020087.1
pteropus sp.,betacoronavirus sp.,1562770,1928434,TRUE,TRUE,FALSE,pteropus,pteropodidae,chiroptera,mammalia,Pteropus sp.,betacoronavirus,coronaviridae,nidovirales,pisoniviricetes,Betacoronavirus sp.,FALSE,PCR/Sequencing,GenBank,GenBank,https://ftp.ncbi.nlm.nih.gov/genomes/Viruses/AllNuclMetadata/ accessed on 2025-09-16,,,,2025,6,7,2019,10,24,,,2025-06-07,2019-10-24,PV683363.1
pteropus sp.,betacoronavirus sp.,1562770,1928434,TRUE,TRUE,FALSE,pteropus,pteropodidae,chiroptera,mammalia,Pteropus sp.,betacoronavirus,coronaviridae,nidovirales,pisoniviricetes,Betacoronavirus sp.,FALSE,PCR/Sequencing,GenBank,GenBank,https://ftp.ncbi.nlm.nih.gov/genomes/Viruses/AllNuclMetadata/ accessed on 2025-09-16,,,,2025,6,7,2019,2,14,,,2025-06-07,2019-02-14,PV683365.1
pteropus vampyrus,bat betacoronavirus,132908,1805463,TRUE,TRUE,FALSE,pteropus,pteropodidae,chiroptera,mammalia,Pteropus vampyrus,betacoronavirus,coronaviridae,nidovirales,pisoniviricetes,Bat betacoronavirus,FALSE,PCR/Sequencing,GenBank,GenBank,https://ftp.ncbi.nlm.nih.gov/genomes/Viruses/AllNuclMetadata/ accessed on 2025-09-16,,,,2022,11,18,2013,2,16,,,2022-11-18,2013-02-16,OM964877.1
rhinolophus acuminatus,betacoronavirus sp.,320431,1928434,TRUE,TRUE,FALSE,rhinolophus,rhinolophidae,chiroptera,mammalia,Rhinolophus acuminatus,betacoronavirus,coronaviridae,nidovirales,pisoniviricetes,Betacoronavirus sp.,FALSE,PCR/Sequencing,GenBank,GenBank,https://ftp.ncbi.nlm.nih.gov/genomes/Viruses/AllNuclMetadata/ accessed on 2025-09-16,,,,2025,5,25,2023,5,5,,,2025-05-25,2023-05-05,"OZ250941.1, OZ250942.1, OZ250945.1, OZ250946.1, OZ250947.1, OZ251020.1, OZ251021.1, OZ251024.1, OZ251025.1, OZ251026.1"
rhinolophus acuminatus,betacoronavirus sp.,320431,1928434,TRUE,TRUE,FALSE,rhinolophus,rhinolophidae,chiroptera,mammalia,Rhinolophus acuminatus,betacoronavirus,coronaviridae,nidovirales,pisoniviricetes,Betacoronavirus sp.,FALSE,PCR/Sequencing,GenBank,GenBank,https://ftp.ncbi.nlm.nih.gov/genomes/Viruses/AllNuclMetadata/ accessed on 2025-09-16,,,,2025,6,14,2023,5,5,,,2025-06-14,2023-05-05,"PV711193.1, PV711194.1, PV711197.1, PV711198.1, PV711199.1, PV711272.1, PV711273.1, PV711276.1, PV711277.1, PV711278.1"
rhinolophus affinis,bat betacoronavirus,59477,1805463,TRUE,TRUE,FALSE,rhinolophus,rhinolophidae,chiroptera,mammalia,Rhinolophus affinis,betacoronavirus,coronaviridae,nidovirales,pisoniviricetes,Bat betacoronavirus,FALSE,PCR/Sequencing,GenBank,GenBank,https://ftp.ncbi.nlm.nih.gov/genomes/Viruses/AllNuclMetadata/ accessed on 2025-09-16,,,,2020,6,1,,,,,,2020-06-01,,MN312634.1
rhinolophus affinis,bat betacoronavirus,59477,1805463,TRUE,TRUE,FALSE,rhinolophus,rhinolophidae,chiroptera,mammalia,Rhinolophus affinis,betacoronavirus,coronaviridae,nidovirales,pisoniviricetes,Bat betacoronavirus,FALSE,PCR/Sequencing,GenBank,GenBank,https://ftp.ncbi.nlm.nih.gov/genomes/Viruses/AllNuclMetadata/ accessed on 2025-09-16,,,,2022,3,27,2020,9,17,,,2022-03-27,2020-09-17,OM240725.1
rhinolophus affinis,betacoronavirus pandemicum,59477,3418604,TRUE,TRUE,TRUE,rhinolophus,rhinolophidae,chiroptera,mammalia,Rhinolophus affinis,betacoronavirus,coronaviridae,nidovirales,pisoniviricetes,Betacoronavirus pandemicum,FALSE,PCR/Sequencing,GenBank,GenBank,https://ftp.ncbi.nlm.nih.gov/genomes/Viruses/AllNuclMetadata/ accessed on 2025-09-16,,,,2014,4,26,2011,,,,,2014-04-26,2011,"KF569973.1, KF569996.1, KF569997.1"
rhinolophus affinis,betacoronavirus pandemicum,59477,3418604,TRUE,TRUE,TRUE,rhinolophus,rhinolophidae,chiroptera,mammalia,Rhinolophus affinis,betacoronavirus,coronaviridae,nidovirales,pisoniviricetes,Betacoronavirus pandemicum,FALSE,PCR/Sequencing,GenBank,GenBank,https://ftp.ncbi.nlm.nih.gov/genomes/Viruses/AllNuclMetadata/ accessed on 2025-09-16,,,,2020,1,29,2013,7,24,,,2020-01-29,2013-07-24,MN996532.2
rhinolophus affinis,betacoronavirus pandemicum,59477,3418604,TRUE,TRUE,TRUE,rhinolophus,rhinolophidae,chiroptera,mammalia,Rhinolophus affinis,betacoronavirus,coronaviridae,nidovirales,pisoniviricetes,Betacoronavirus pandemicum,FALSE,PCR/Sequencing,GenBank,GenBank,https://ftp.ncbi.nlm.nih.gov/genomes/Viruses/AllNuclMetadata/ accessed on 2025-09-16,,,,2020,6,1,,,,,,2020-06-01,,MN312602.1
rhinolophus affinis,betacoronavirus pandemicum,59477,3418604,TRUE,TRUE,TRUE,rhinolophus,rhinolophidae,chiroptera,mammalia,Rhinolophus affinis,betacoronavirus,coronaviridae,nidovirales,pisoniviricetes,Betacoronavirus pandemicum,FALSE,PCR/Sequencing,GenBank,GenBank,https://ftp.ncbi.nlm.nih.gov/genomes/Viruses/AllNuclMetadata/ accessed on 2025-09-16,,,,2021,12,5,2015,5,29,,,2021-12-05,2015-05-29,OL674077.1
rhinolophus affinis,betacoronavirus pandemicum,59477,3418604,TRUE,TRUE,TRUE,rhinolophus,rhinolophidae,chiroptera,mammalia,Rhinolophus affinis,betacoronavirus,coronaviridae,nidovirales,pisoniviricetes,Betacoronavirus pandemicum,FALSE,PCR/Sequencing,GenBank,GenBank,https://ftp.ncbi.nlm.nih.gov/genomes/Viruses/AllNuclMetadata/ accessed on 2025-09-16,,,,2022,3,21,2013,5,20,,,2022-03-21,2013-05-20,OM263332.1
rhinolophus affinis,betacoronavirus pandemicum,59477,3418604,TRUE,TRUE,TRUE,rhinolophus,rhinolophidae,chiroptera,mammalia,Rhinolophus affinis,betacoronavirus,coronaviridae,nidovirales,pisoniviricetes,Betacoronavirus pandemicum,FALSE,PCR/Sequencing,GenBank,GenBank,https://ftp.ncbi.nlm.nih.gov/genomes/Viruses/AllNuclMetadata/ accessed on 2025-09-16,,,,2022,3,21,2021,3,20,,,2022-03-21,2021-03-20,"OM263353.1, OM263354.1"
rhinolophus affinis,betacoronavirus pandemicum,59477,3418604,TRUE,TRUE,TRUE,rhinolophus,rhinolophidae,chiroptera,mammalia,Rhinolophus affinis,betacoronavirus,coronaviridae,nidovirales,pisoniviricetes,Betacoronavirus pandemicum,FALSE,PCR/Sequencing,GenBank,GenBank,https://ftp.ncbi.nlm.nih.gov/genomes/Viruses/AllNuclMetadata/ accessed on 2025-09-16,,,,2022,3,21,2021,9,17,,,2022-03-21,2021-09-17,"OM263346.1, OM263347.1, OM263348.1"
rhinolophus affinis,betacoronavirus pandemicum,59477,3418604,TRUE,TRUE,TRUE,rhinolophus,rhinolophidae,chiroptera,mammalia,Rhinolophus affinis,betacoronavirus,coronaviridae,nidovirales,pisoniviricetes,Betacoronavirus pandemicum,FALSE,PCR/Sequencing,GenBank,GenBank,https://ftp.ncbi.nlm.nih.gov/genomes/Viruses/AllNuclMetadata/ accessed on 2025-09-16,,,,2022,3,27,2020,9,17,,,2022-03-27,2020-09-17,"OM222061.1, OM222062.1, OM222063.1"
rhinolophus affinis,betacoronavirus pandemicum,59477,3418604,TRUE,TRUE,TRUE,rhinolophus,rhinolophidae,chiroptera,mammalia,Rhinolophus affinis,betacoronavirus,coronaviridae,nidovirales,pisoniviricetes,Betacoronavirus pandemicum,FALSE,PCR/Sequencing,GenBank,GenBank,https://ftp.ncbi.nlm.nih.gov/genomes/Viruses/AllNuclMetadata/ accessed on 2025-09-16,,,,2022,7,31,2013,7,24,,,2022-07-31,2013-07-24,"MH615843.1, MH615898.1"
rhinolophus affinis,betacoronavirus pandemicum,59477,3418604,TRUE,TRUE,TRUE,rhinolophus,rhinolophidae,chiroptera,mammalia,Rhinolophus affinis,betacoronavirus,coronaviridae,nidovirales,pisoniviricetes,Betacoronavirus pandemicum,FALSE,PCR/Sequencing,GenBank,GenBank,https://ftp.ncbi.nlm.nih.gov/genomes/Viruses/AllNuclMetadata/ accessed on 2025-09-16,,,,2023,3,30,2022,7,,,,2023-03-30,2022-07,"OQ297706.1, OQ297732.1"
rhinolophus affinis,horseshoe bat sarbecovirus,59477,3068538,TRUE,TRUE,FALSE,rhinolophus,rhinolophidae,chiroptera,mammalia,Rhinolophus affinis,betacoronavirus,coronaviridae,nidovirales,pisoniviricetes,Horseshoe bat sarbecovirus,FALSE,PCR/Sequencing,GenBank,GenBank,https://ftp.ncbi.nlm.nih.gov/genomes/Viruses/AllNuclMetadata/ accessed on 2025-09-16,,,,2023,8,14,2021,12,10,,,2023-08-14,2021-12-10,OR233291.1
rhinolophus affinis,horseshoe bat sarbecovirus,59477,3068538,TRUE,TRUE,FALSE,rhinolophus,rhinolophidae,chiroptera,mammalia,Rhinolophus affinis,betacoronavirus,coronaviridae,nidovirales,pisoniviricetes,Horseshoe bat sarbecovirus,FALSE,PCR/Sequencing,GenBank,GenBank,https://ftp.ncbi.nlm.nih.gov/genomes/Viruses/AllNuclMetadata/ accessed on 2025-09-16,,,,2023,8,14,2022,11,1,,,2023-08-14,2022-11-01,OR233315.1
rhinolophus affinis,horseshoe bat sarbecovirus,59477,3068538,TRUE,TRUE,FALSE,rhinolophus,rhinolophidae,chiroptera,mammalia,Rhinolophus affinis,betacoronavirus,coronaviridae,nidovirales,pisoniviricetes,Horseshoe bat sarbecovirus,FALSE,PCR/Sequencing,GenBank,GenBank,https://ftp.ncbi.nlm.nih.gov/genomes/Viruses/AllNuclMetadata/ accessed on 2025-09-16,,,,2023,8,14,2022,11,3,,,2023-08-14,2022-11-03,"OR233322.1, OR233324.1"
rhinolophus affinis,horseshoe bat sarbecovirus,59477,3068538,TRUE,TRUE,FALSE,rhinolophus,rhinolophidae,chiroptera,mammalia,Rhinolophus affinis,betacoronavirus,coronaviridae,nidovirales,pisoniviricetes,Horseshoe bat sarbecovirus,FALSE,PCR/Sequencing,GenBank,GenBank,https://ftp.ncbi.nlm.nih.gov/genomes/Viruses/AllNuclMetadata/ accessed on 2025-09-16,,,,2023,8,14,2022,11,4,,,2023-08-14,2022-11-04,"OR233323.1, OR233328.1"
rhinolophus affinis,horseshoe bat sarbecovirus,59477,3068538,TRUE,TRUE,FALSE,rhinolophus,rhinolophidae,chiroptera,mammalia,Rhinolophus affinis,betacoronavirus,coronaviridae,nidovirales,pisoniviricetes,Horseshoe bat sarbecovirus,FALSE,PCR/Sequencing,GenBank,GenBank,https://ftp.ncbi.nlm.nih.gov/genomes/Viruses/AllNuclMetadata/ accessed on 2025-09-16,,,,2023,8,14,2022,6,24,,,2023-08-14,2022-06-24,OR233292.1
rhinolophus affinis,horseshoe bat sarbecovirus,59477,3068538,TRUE,TRUE,FALSE,rhinolophus,rhinolophidae,chiroptera,mammalia,Rhinolophus affinis,betacoronavirus,coronaviridae,nidovirales,pisoniviricetes,Horseshoe bat sarbecovirus,FALSE,PCR/Sequencing,GenBank,GenBank,https://ftp.ncbi.nlm.nih.gov/genomes/Viruses/AllNuclMetadata/ accessed on 2025-09-16,,,,2023,8,14,2022,6,26,,,2023-08-14,2022-06-26,"OR233325.1, OR233327.1"
rhinolophus affinis,horseshoe bat sarbecovirus,59477,3068538,TRUE,TRUE,FALSE,rhinolophus,rhinolophidae,chiroptera,mammalia,Rhinolophus affinis,betacoronavirus,coronaviridae,nidovirales,pisoniviricetes,Horseshoe bat sarbecovirus,FALSE,PCR/Sequencing,GenBank,GenBank,https://ftp.ncbi.nlm.nih.gov/genomes/Viruses/AllNuclMetadata/ accessed on 2025-09-16,,,,2023,8,14,2022,6,27,,,2023-08-14,2022-06-27,OR233326.1
rhinolophus affinis,horseshoe bat sarbecovirus,59477,3068538,TRUE,TRUE,FALSE,rhinolophus,rhinolophidae,chiroptera,mammalia,Rhinolophus affinis,betacoronavirus,coronaviridae,nidovirales,pisoniviricetes,Horseshoe bat sarbecovirus,FALSE,PCR/Sequencing,GenBank,GenBank,https://ftp.ncbi.nlm.nih.gov/genomes/Viruses/AllNuclMetadata/ accessed on 2025-09-16,,,,2023,8,14,2022,6,28,,,2023-08-14,2022-06-28,OR233304.1
rhinolophus affinis,sarbecovirus sp.,59477,2833184,TRUE,TRUE,FALSE,rhinolophus,rhinolophidae,chiroptera,mammalia,Rhinolophus affinis,betacoronavirus,coronaviridae,nidovirales,pisoniviricetes,Sarbecovirus sp.,FALSE,PCR/Sequencing,GenBank,GenBank,https://ftp.ncbi.nlm.nih.gov/genomes/Viruses/AllNuclMetadata/ accessed on 2025-09-16,,,,2021,9,22,2017,4,,,,2021-09-22,2017-04,"OK017610.1, OK017611.1"
rhinolophus affinis,sarbecovirus sp.,59477,2833184,TRUE,TRUE,FALSE,rhinolophus,rhinolophidae,chiroptera,mammalia,Rhinolophus affinis,betacoronavirus,coronaviridae,nidovirales,pisoniviricetes,Sarbecovirus sp.,FALSE,PCR/Sequencing,GenBank,GenBank,https://ftp.ncbi.nlm.nih.gov/genomes/Viruses/AllNuclMetadata/ accessed on 2025-09-16,,,,2021,9,22,2017,5,,,,2021-09-22,2017-05,"OK017612.1, OK017613.1"
rhinolophus affinis,sarbecovirus sp.,59477,2833184,TRUE,TRUE,FALSE,rhinolophus,rhinolophidae,chiroptera,mammalia,Rhinolophus affinis,betacoronavirus,coronaviridae,nidovirales,pisoniviricetes,Sarbecovirus sp.,FALSE,PCR/Sequencing,GenBank,GenBank,https://ftp.ncbi.nlm.nih.gov/genomes/Viruses/AllNuclMetadata/ accessed on 2025-09-16,,,,2021,9,22,2017,8,,,,2021-09-22,2017-08,"OK017614.1, OK017792.1"
rhinolophus affinis,sarbecovirus sp.,59477,2833184,TRUE,TRUE,FALSE,rhinolophus,rhinolophidae,chiroptera,mammalia,Rhinolophus affinis,betacoronavirus,coronaviridae,nidovirales,pisoniviricetes,Sarbecovirus sp.,FALSE,PCR/Sequencing,GenBank,GenBank,https://ftp.ncbi.nlm.nih.gov/genomes/Viruses/AllNuclMetadata/ accessed on 2025-09-16,,,,2021,9,22,2020,9,,,,2021-09-22,2020-09,OK017793.1
rhinolophus affinis,sarbecovirus sp.,59477,2833184,TRUE,TRUE,FALSE,rhinolophus,rhinolophidae,chiroptera,mammalia,Rhinolophus affinis,betacoronavirus,coronaviridae,nidovirales,pisoniviricetes,Sarbecovirus sp.,FALSE,PCR/Sequencing,GenBank,GenBank,https://ftp.ncbi.nlm.nih.gov/genomes/Viruses/AllNuclMetadata/ accessed on 2025-09-16,,,,2021,9,22,2021,3,,,,2021-09-22,2021-03,OK017640.1
rhinolophus affinis,sarbecovirus sp.,59477,2833184,TRUE,TRUE,FALSE,rhinolophus,rhinolophidae,chiroptera,mammalia,Rhinolophus affinis,betacoronavirus,coronaviridae,nidovirales,pisoniviricetes,Sarbecovirus sp.,FALSE,PCR/Sequencing,GenBank,GenBank,https://ftp.ncbi.nlm.nih.gov/genomes/Viruses/AllNuclMetadata/ accessed on 2025-09-16,,,,2021,9,22,2021,5,,,,2021-09-22,2021-05,"OK017650.1, OK017651.1"
rhinolophus affinis,sarbecovirus sp.,59477,2833184,TRUE,TRUE,FALSE,rhinolophus,rhinolophidae,chiroptera,mammalia,Rhinolophus affinis,betacoronavirus,coronaviridae,nidovirales,pisoniviricetes,Sarbecovirus sp.,FALSE,PCR/Sequencing,GenBank,GenBank,https://ftp.ncbi.nlm.nih.gov/genomes/Viruses/AllNuclMetadata/ accessed on 2025-09-16,,,,2021,9,22,2021,7,,,,2021-09-22,2021-07,OK017654.1
rhinolophus affinis,sarbecovirus sp.,59477,2833184,TRUE,TRUE,FALSE,rhinolophus,rhinolophidae,chiroptera,mammalia,Rhinolophus affinis,betacoronavirus,coronaviridae,nidovirales,pisoniviricetes,Sarbecovirus sp.,FALSE,PCR/Sequencing,GenBank,GenBank,https://ftp.ncbi.nlm.nih.gov/genomes/Viruses/AllNuclMetadata/ accessed on 2025-09-16,,,,2025,8,1,2023,9,,,,2025-08-01,2023-09,PQ189573.1
rhinolophus blasii,betacoronavirus pandemicum,519037,694009,TRUE,TRUE,TRUE,rhinolophus,rhinolophidae,chiroptera,mammalia,Rhinolophus blasii,betacoronavirus,coronaviridae,nidovirales,pisoniviricetes,Severe acute respiratory syndrome-related coronavirus,FALSE,PCR/Sequencing,PCR,HP3,Olival et al. 2017 Nature,2010,Drexler et al. 2010,,,,,,,,211370,https://doi.org/10.5281/zenodo.596810,,,
rhinolophus cornutus,betacoronavirus pandemicum,196296,3418604,TRUE,TRUE,TRUE,rhinolophus,rhinolophidae,chiroptera,mammalia,Rhinolophus cornutus,betacoronavirus,coronaviridae,nidovirales,pisoniviricetes,Betacoronavirus pandemicum,FALSE,PCR/Sequencing,GenBank,GenBank,https://ftp.ncbi.nlm.nih.gov/genomes/Viruses/AllNuclMetadata/ accessed on 2025-09-16,,,,2013,12,3,2013,,,,,2013-12-03,2013,"AB889995.1, AB889996.1, AB889997.1, AB889998.1, AB889999.1, AB890000.1"
rhinolophus cornutus,betacoronavirus pandemicum,196296,3418604,TRUE,TRUE,TRUE,rhinolophus,rhinolophidae,chiroptera,mammalia,Rhinolophus cornutus,betacoronavirus,coronaviridae,nidovirales,pisoniviricetes,Betacoronavirus pandemicum,FALSE,PCR/Sequencing,GenBank,GenBank,https://ftp.ncbi.nlm.nih.gov/genomes/Viruses/AllNuclMetadata/ accessed on 2025-09-16,,,,2020,11,5,2013,,,,,2020-11-05,2013,LC556375.1
rhinolophus cornutus,betacoronavirus pandemicum,196296,694009,TRUE,TRUE,TRUE,rhinolophus,rhinolophidae,chiroptera,mammalia,Rhinolophus cornutus,betacoronavirus,coronaviridae,nidovirales,pisoniviricetes,Severe acute respiratory syndrome-related coronavirus,FALSE,PCR/Sequencing,PCR,Shaw,Shaw et al. 2020 Mol Ecol,,http://www.ncbi.nlm.nih.gov/nuccore/AB890000.1,,,,,,,,211372,https://doi.org/10.1111/mec.15463,,,
rhinolophus cornutus,sarbecovirus sp.,196296,2833184,TRUE,TRUE,FALSE,rhinolophus,rhinolophidae,chiroptera,mammalia,Rhinolophus cornutus,betacoronavirus,coronaviridae,nidovirales,pisoniviricetes,Sarbecovirus sp.,FALSE,PCR/Sequencing,GenBank,GenBank,https://ftp.ncbi.nlm.nih.gov/genomes/Viruses/AllNuclMetadata/ accessed on 2025-09-16,,,,2022,10,1,2020,6,,,,2022-10-01,2020-06,LC663958.1
rhinolophus cornutus,sarbecovirus sp.,196296,2833184,TRUE,TRUE,FALSE,rhinolophus,rhinolophidae,chiroptera,mammalia,Rhinolophus cornutus,betacoronavirus,coronaviridae,nidovirales,pisoniviricetes,Sarbecovirus sp.,FALSE,PCR/Sequencing,GenBank,GenBank,https://ftp.ncbi.nlm.nih.gov/genomes/Viruses/AllNuclMetadata/ accessed on 2025-09-16,,,,2022,10,1,2020,9,,,,2022-10-01,2020-09,LC663959.1
rhinolophus cornutus,sarbecovirus sp.,196296,2833184,TRUE,TRUE,FALSE,rhinolophus,rhinolophidae,chiroptera,mammalia,Rhinolophus cornutus,betacoronavirus,coronaviridae,nidovirales,pisoniviricetes,Sarbecovirus sp.,FALSE,PCR/Sequencing,GenBank,GenBank,https://ftp.ncbi.nlm.nih.gov/genomes/Viruses/AllNuclMetadata/ accessed on 2025-09-16,,,,2022,9,3,2020,9,,,,2022-09-03,2020-09,LC663793.1
rhinolophus euryale,betacoronavirus pandemicum,109476,694009,TRUE,TRUE,TRUE,rhinolophus,rhinolophidae,chiroptera,mammalia,Rhinolophus euryale,betacoronavirus,coronaviridae,nidovirales,pisoniviricetes,Severe acute respiratory syndrome-related coronavirus,FALSE,PCR/Sequencing,PCR,HP3,Olival et al. 2017 Nature,2010,Drexler et al. 2010,,,,,,,,211376,https://doi.org/10.5281/zenodo.596810,,,
rhinolophus euryale,sarbecovirus sp.,109476,2833184,TRUE,TRUE,FALSE,rhinolophus,rhinolophidae,chiroptera,mammalia,Rhinolophus euryale,betacoronavirus,coronaviridae,nidovirales,pisoniviricetes,Sarbecovirus sp.,FALSE,PCR/Sequencing,GenBank,GenBank,https://ftp.ncbi.nlm.nih.gov/genomes/Viruses/AllNuclMetadata/ accessed on 2025-09-16,,,,2021,12,25,2014,7,23,,,2021-12-25,2014-07-23,"OL791347.1, OL791348.1, OL791349.1, OL791352.1, OL791353.1, OL791354.1"
rhinolophus euryale,sarbecovirus sp.,109476,2833184,TRUE,TRUE,FALSE,rhinolophus,rhinolophidae,chiroptera,mammalia,Rhinolophus euryale,betacoronavirus,coronaviridae,nidovirales,pisoniviricetes,Sarbecovirus sp.,FALSE,PCR/Sequencing,GenBank,GenBank,https://ftp.ncbi.nlm.nih.gov/genomes/Viruses/AllNuclMetadata/ accessed on 2025-09-16,,,,2021,12,25,2014,7,24,,,2021-12-25,2014-07-24,"OL791356.1, OL791357.1, OL791358.1, OL791359.1"
rhinolophus ferrumequinum,betacoronavirus cameli,59479,3433633,TRUE,TRUE,TRUE,rhinolophus,rhinolophidae,chiroptera,mammalia,Rhinolophus ferrumequinum,betacoronavirus,coronaviridae,nidovirales,pisoniviricetes,Betacoronavirus cameli,FALSE,PCR/Sequencing,GenBank,GenBank,https://ftp.ncbi.nlm.nih.gov/genomes/Viruses/AllNuclMetadata/ accessed on 2025-09-16,,,,2022,5,23,2020,9,21,,,2022-05-23,2020-09-21,ON378807.1
rhinolophus ferrumequinum,betacoronavirus pandemicum,59479,3418604,TRUE,TRUE,TRUE,rhinolophus,rhinolophidae,chiroptera,mammalia,Rhinolophus ferrumequinum,betacoronavirus,coronaviridae,nidovirales,pisoniviricetes,Betacoronavirus pandemicum,FALSE,PCR/Sequencing,GenBank,GenBank,https://ftp.ncbi.nlm.nih.gov/genomes/Viruses/AllNuclMetadata/ accessed on 2025-09-16,,,,2006,7,13,,,,,,2006-07-13,,DQ412042.1
rhinolophus ferrumequinum,betacoronavirus pandemicum,59479,3418604,TRUE,TRUE,TRUE,rhinolophus,rhinolophidae,chiroptera,mammalia,Rhinolophus ferrumequinum,betacoronavirus,coronaviridae,nidovirales,pisoniviricetes,Betacoronavirus pandemicum,FALSE,PCR/Sequencing,GenBank,GenBank,https://ftp.ncbi.nlm.nih.gov/genomes/Viruses/AllNuclMetadata/ accessed on 2025-09-16,,,,2014,10,30,2012,,,,,2014-10-30,2012,KF294456.1
rhinolophus ferrumequinum,betacoronavirus pandemicum,59479,3418604,TRUE,TRUE,TRUE,rhinolophus,rhinolophidae,chiroptera,mammalia,Rhinolophus ferrumequinum,betacoronavirus,coronaviridae,nidovirales,pisoniviricetes,Betacoronavirus pandemicum,FALSE,PCR/Sequencing,GenBank,GenBank,https://ftp.ncbi.nlm.nih.gov/genomes/Viruses/AllNuclMetadata/ accessed on 2025-09-16,,,,2015,12,31,2012,,,,,2015-12-31,2012,KJ473811.1
rhinolophus ferrumequinum,betacoronavirus pandemicum,59479,3418604,TRUE,TRUE,TRUE,rhinolophus,rhinolophidae,chiroptera,mammalia,Rhinolophus ferrumequinum,betacoronavirus,coronaviridae,nidovirales,pisoniviricetes,Betacoronavirus pandemicum,FALSE,PCR/Sequencing,GenBank,GenBank,https://ftp.ncbi.nlm.nih.gov/genomes/Viruses/AllNuclMetadata/ accessed on 2025-09-16,,,,2015,12,31,2013,,,,,2015-12-31,2013,"KJ473812.1, KJ473813.1"
rhinolophus ferrumequinum,betacoronavirus pandemicum,59479,3418604,TRUE,TRUE,TRUE,rhinolophus,rhinolophidae,chiroptera,mammalia,Rhinolophus ferrumequinum,betacoronavirus,coronaviridae,nidovirales,pisoniviricetes,Betacoronavirus pandemicum,FALSE,PCR/Sequencing,GenBank,GenBank,https://ftp.ncbi.nlm.nih.gov/genomes/Viruses/AllNuclMetadata/ accessed on 2025-09-16,,,,2015,8,19,2013,5,23,,,2015-08-19,2013-05-23,"KP886808.1, KP886809.1"
rhinolophus ferrumequinum,betacoronavirus pandemicum,59479,3418604,TRUE,TRUE,TRUE,rhinolophus,rhinolophidae,chiroptera,mammalia,Rhinolophus ferrumequinum,betacoronavirus,coronaviridae,nidovirales,pisoniviricetes,Betacoronavirus pandemicum,FALSE,PCR/Sequencing,GenBank,GenBank,https://ftp.ncbi.nlm.nih.gov/genomes/Viruses/AllNuclMetadata/ accessed on 2025-09-16,,,,2017,11,1,2012,9,18,,,2017-11-01,2012-09-18,KY417145.1
rhinolophus ferrumequinum,betacoronavirus pandemicum,59479,3418604,TRUE,TRUE,TRUE,rhinolophus,rhinolophidae,chiroptera,mammalia,Rhinolophus ferrumequinum,betacoronavirus,coronaviridae,nidovirales,pisoniviricetes,Betacoronavirus pandemicum,FALSE,PCR/Sequencing,GenBank,GenBank,https://ftp.ncbi.nlm.nih.gov/genomes/Viruses/AllNuclMetadata/ accessed on 2025-09-16,,,,2017,11,14,2013,2,21,,,2017-11-14,2013-02-21,KX285156.1
rhinolophus ferrumequinum,betacoronavirus pandemicum,59479,3418604,TRUE,TRUE,TRUE,rhinolophus,rhinolophidae,chiroptera,mammalia,Rhinolophus ferrumequinum,betacoronavirus,coronaviridae,nidovirales,pisoniviricetes,Betacoronavirus pandemicum,FALSE,PCR/Sequencing,GenBank,GenBank,https://ftp.ncbi.nlm.nih.gov/genomes/Viruses/AllNuclMetadata/ accessed on 2025-09-16,,,,2017,7,19,2016,,,,,2017-07-19,2016,"KY502395.1, KY502396.1"
rhinolophus ferrumequinum,betacoronavirus pandemicum,59479,3418604,TRUE,TRUE,TRUE,rhinolophus,rhinolophidae,chiroptera,mammalia,Rhinolophus ferrumequinum,betacoronavirus,coronaviridae,nidovirales,pisoniviricetes,Betacoronavirus pandemicum,FALSE,PCR/Sequencing,GenBank,GenBank,https://ftp.ncbi.nlm.nih.gov/genomes/Viruses/AllNuclMetadata/ accessed on 2025-09-16,,,,2020,6,1,,,,,,2020-06-01,,"MN312832.1, MN312833.1, MN312834.1, MN312835.1, MN312857.1, MN312867.1, MN312868.1, MN312869.1"
rhinolophus ferrumequinum,betacoronavirus pandemicum,59479,3418604,TRUE,TRUE,TRUE,rhinolophus,rhinolophidae,chiroptera,mammalia,Rhinolophus ferrumequinum,betacoronavirus,coronaviridae,nidovirales,pisoniviricetes,Betacoronavirus pandemicum,FALSE,PCR/Sequencing,GenBank,GenBank,https://ftp.ncbi.nlm.nih.gov/genomes/Viruses/AllNuclMetadata/ accessed on 2025-09-16,,,,2021,12,7,,,,,,2021-12-07,,OL405720.1
rhinolophus ferrumequinum,betacoronavirus pandemicum,59479,3418604,TRUE,TRUE,TRUE,rhinolophus,rhinolophidae,chiroptera,mammalia,Rhinolophus ferrumequinum,betacoronavirus,coronaviridae,nidovirales,pisoniviricetes,Betacoronavirus pandemicum,FALSE,PCR/Sequencing,GenBank,GenBank,https://ftp.ncbi.nlm.nih.gov/genomes/Viruses/AllNuclMetadata/ accessed on 2025-09-16,,,,2022,3,26,2018,7,4,,,2022-03-26,2018-07-04,OK663615.1
rhinolophus ferrumequinum,betacoronavirus pandemicum,59479,3418604,TRUE,TRUE,TRUE,rhinolophus,rhinolophidae,chiroptera,mammalia,Rhinolophus ferrumequinum,betacoronavirus,coronaviridae,nidovirales,pisoniviricetes,Betacoronavirus pandemicum,FALSE,PCR/Sequencing,GenBank,GenBank,https://ftp.ncbi.nlm.nih.gov/genomes/Viruses/AllNuclMetadata/ accessed on 2025-09-16,,,,2022,5,23,2020,3,20,,,2022-05-23,2020-03-20,ON378802.1
rhinolophus ferrumequinum,betacoronavirus pandemicum,59479,694009,TRUE,TRUE,TRUE,rhinolophus,rhinolophidae,chiroptera,mammalia,Rhinolophus ferrumequinum,betacoronavirus,coronaviridae,nidovirales,pisoniviricetes,Severe acute respiratory syndrome-related coronavirus,FALSE,Isolation/Observation,Isolation,HP3,Olival et al. 2017 Nature,2006,Calisher et al. 2006,,,,,,,,211396,https://doi.org/10.5281/zenodo.596810,,,
rhinolophus ferrumequinum,betacoronavirus pandemicum,59479,694009,TRUE,TRUE,TRUE,rhinolophus,rhinolophidae,chiroptera,mammalia,Rhinolophus ferrumequinum,betacoronavirus,coronaviridae,nidovirales,pisoniviricetes,Severe acute respiratory syndrome-related coronavirus,FALSE,PCR/Sequencing,NCBI Nucleotide,EID2,Wardeh et al. 2015 Sci Data,,NCBI Nucleotide,,2006,,,,,,211395,https://doi.org/10.1038/sdata.2015.49,,,89514809
rhinolophus ferrumequinum,betacoronavirus sp.,59479,1928434,TRUE,TRUE,FALSE,rhinolophus,rhinolophidae,chiroptera,mammalia,Rhinolophus ferrumequinum,betacoronavirus,coronaviridae,nidovirales,pisoniviricetes,Betacoronavirus sp.,FALSE,PCR/Sequencing,GenBank,GenBank,https://ftp.ncbi.nlm.nih.gov/genomes/Viruses/AllNuclMetadata/ accessed on 2025-09-16,,,,2018,3,19,2014,8,1,,,2018-03-19,2014-08-01,"KY423375.1, KY423379.1, KY423381.1, KY423383.1, KY423388.1, KY423389.1, KY423390.1, KY423391.1, KY423392.1, KY423393.1, KY423394.1, KY423403.1"
rhinolophus ferrumequinum,betacoronavirus sp.,59479,1928434,TRUE,TRUE,FALSE,rhinolophus,rhinolophidae,chiroptera,mammalia,Rhinolophus ferrumequinum,betacoronavirus,coronaviridae,nidovirales,pisoniviricetes,Betacoronavirus sp.,FALSE,PCR/Sequencing,GenBank,GenBank,https://ftp.ncbi.nlm.nih.gov/genomes/Viruses/AllNuclMetadata/ accessed on 2025-09-16,,,,2018,3,19,2015,3,5,,,2018-03-19,2015-03-05,KY423376.1
rhinolophus ferrumequinum,betacoronavirus sp.,59479,1928434,TRUE,TRUE,FALSE,rhinolophus,rhinolophidae,chiroptera,mammalia,Rhinolophus ferrumequinum,betacoronavirus,coronaviridae,nidovirales,pisoniviricetes,Betacoronavirus sp.,FALSE,PCR/Sequencing,GenBank,GenBank,https://ftp.ncbi.nlm.nih.gov/genomes/Viruses/AllNuclMetadata/ accessed on 2025-09-16,,,,2018,3,19,2015,6,19,,,2018-03-19,2015-06-19,KY423411.1
rhinolophus ferrumequinum,betacoronavirus sp.,59479,1928434,TRUE,TRUE,FALSE,rhinolophus,rhinolophidae,chiroptera,mammalia,Rhinolophus ferrumequinum,betacoronavirus,coronaviridae,nidovirales,pisoniviricetes,Betacoronavirus sp.,FALSE,PCR/Sequencing,GenBank,GenBank,https://ftp.ncbi.nlm.nih.gov/genomes/Viruses/AllNuclMetadata/ accessed on 2025-09-16,,,,2018,3,19,2015,6,21,,,2018-03-19,2015-06-21,"KY423380.1, KY423382.1, KY423384.1, KY423385.1, KY423386.1, KY423387.1"
rhinolophus ferrumequinum,betacoronavirus sp.,59479,1928434,TRUE,TRUE,FALSE,rhinolophus,rhinolophidae,chiroptera,mammalia,Rhinolophus ferrumequinum,betacoronavirus,coronaviridae,nidovirales,pisoniviricetes,Betacoronavirus sp.,FALSE,PCR/Sequencing,GenBank,GenBank,https://ftp.ncbi.nlm.nih.gov/genomes/Viruses/AllNuclMetadata/ accessed on 2025-09-16,,,,2018,3,19,2015,6,5,,,2018-03-19,2015-06-05,"KY423412.1, KY423413.1, KY423435.1, KY423436.1"
rhinolophus ferrumequinum,betacoronavirus sp.,59479,1928434,TRUE,TRUE,FALSE,rhinolophus,rhinolophidae,chiroptera,mammalia,Rhinolophus ferrumequinum,betacoronavirus,coronaviridae,nidovirales,pisoniviricetes,Betacoronavirus sp.,FALSE,PCR/Sequencing,GenBank,GenBank,https://ftp.ncbi.nlm.nih.gov/genomes/Viruses/AllNuclMetadata/ accessed on 2025-09-16,,,,2018,3,19,2015,8,17,,,2018-03-19,2015-08-17,"KY423377.1, KY423378.1, KY423395.1, KY423396.1, KY423397.1, KY423398.1, KY423399.1, KY423400.1, KY423401.1, KY423402.1, KY423404.1, KY423405.1, KY423406.1, KY423407.1, KY423408.1, KY423409.1, KY423414.1, KY423415.1, KY423416.1, KY423417.1, KY423418.1, KY423419.1, KY423420.1, KY423421.1, KY423422.1, KY423423.1, KY423424.1, KY423425.1, KY423426.1, KY423427.1, KY423428.1, KY423429.1, KY423430.1, KY423431.1, KY423432.1, KY423433.1, KY423434.1, KY423437.1, KY423438.1"
rhinolophus ferrumequinum,betacoronavirus sp.,59479,1928434,TRUE,TRUE,FALSE,rhinolophus,rhinolophidae,chiroptera,mammalia,Rhinolophus ferrumequinum,betacoronavirus,coronaviridae,nidovirales,pisoniviricetes,Betacoronavirus sp.,FALSE,PCR/Sequencing,GenBank,GenBank,https://ftp.ncbi.nlm.nih.gov/genomes/Viruses/AllNuclMetadata/ accessed on 2025-09-16,,,,2018,3,19,2015,8,8,,,2018-03-19,2015-08-08,KY423410.1
rhinolophus ferrumequinum,betacoronavirus sp.,59479,1928434,TRUE,TRUE,FALSE,rhinolophus,rhinolophidae,chiroptera,mammalia,Rhinolophus ferrumequinum,betacoronavirus,coronaviridae,nidovirales,pisoniviricetes,Betacoronavirus sp.,FALSE,PCR/Sequencing,GenBank,GenBank,https://ftp.ncbi.nlm.nih.gov/genomes/Viruses/AllNuclMetadata/ accessed on 2025-09-16,,,,2020,9,26,2017,,,,,2020-09-26,2017,MN823618.1
rhinolophus ferrumequinum,sarbecovirus sp.,59479,2833184,TRUE,TRUE,FALSE,rhinolophus,rhinolophidae,chiroptera,mammalia,Rhinolophus ferrumequinum,betacoronavirus,coronaviridae,nidovirales,pisoniviricetes,Sarbecovirus sp.,FALSE,PCR/Sequencing,GenBank,GenBank,https://ftp.ncbi.nlm.nih.gov/genomes/Viruses/AllNuclMetadata/ accessed on 2025-09-16,,,,2016,4,28,2013,8,,,,2016-04-28,2013-08,KU182964.1
rhinolophus ferrumequinum,sarbecovirus sp.,59479,2833184,TRUE,TRUE,FALSE,rhinolophus,rhinolophidae,chiroptera,mammalia,Rhinolophus ferrumequinum,betacoronavirus,coronaviridae,nidovirales,pisoniviricetes,Sarbecovirus sp.,FALSE,PCR/Sequencing,GenBank,GenBank,https://ftp.ncbi.nlm.nih.gov/genomes/Viruses/AllNuclMetadata/ accessed on 2025-09-16,,,,2017,4,19,2012,,,,,2017-04-19,2012,KY770860.1
rhinolophus ferrumequinum,sarbecovirus sp.,59479,2833184,TRUE,TRUE,FALSE,rhinolophus,rhinolophidae,chiroptera,mammalia,Rhinolophus ferrumequinum,betacoronavirus,coronaviridae,nidovirales,pisoniviricetes,Sarbecovirus sp.,FALSE,PCR/Sequencing,GenBank,GenBank,https://ftp.ncbi.nlm.nih.gov/genomes/Viruses/AllNuclMetadata/ accessed on 2025-09-16,,,,2017,7,31,2016,4,17,,,2017-07-31,2016-04-17,KY938558.1
rhinolophus ferrumequinum,sarbecovirus sp.,59479,2833184,TRUE,TRUE,FALSE,rhinolophus,rhinolophidae,chiroptera,mammalia,Rhinolophus ferrumequinum,betacoronavirus,coronaviridae,nidovirales,pisoniviricetes,Sarbecovirus sp.,FALSE,PCR/Sequencing,GenBank,GenBank,https://ftp.ncbi.nlm.nih.gov/genomes/Viruses/AllNuclMetadata/ accessed on 2025-09-16,,,,2021,12,25,2014,7,16,,,2021-12-25,2014-07-16,"OL791364.1, OL791365.1, OL791367.1, OL791368.1, OL791369.1, OL791370.1"
rhinolophus ferrumequinum,sarbecovirus sp.,59479,2833184,TRUE,TRUE,FALSE,rhinolophus,rhinolophidae,chiroptera,mammalia,Rhinolophus ferrumequinum,betacoronavirus,coronaviridae,nidovirales,pisoniviricetes,Sarbecovirus sp.,FALSE,PCR/Sequencing,GenBank,GenBank,https://ftp.ncbi.nlm.nih.gov/genomes/Viruses/AllNuclMetadata/ accessed on 2025-09-16,,,,2021,9,22,2020,7,,,,2021-09-22,2020-07,"OK017630.1, OK017631.1, OK017632.1"
rhinolophus ferrumequinum,sarbecovirus sp.,59479,2833184,TRUE,TRUE,FALSE,rhinolophus,rhinolophidae,chiroptera,mammalia,Rhinolophus ferrumequinum,betacoronavirus,coronaviridae,nidovirales,pisoniviricetes,Sarbecovirus sp.,FALSE,PCR/Sequencing,GenBank,GenBank,https://ftp.ncbi.nlm.nih.gov/genomes/Viruses/AllNuclMetadata/ accessed on 2025-09-16,,,,2021,9,22,2020,9,,,,2021-09-22,2020-09,"OK017633.1, OK017634.1, OK017794.1, OK017795.1, OK017796.1, OK017797.1, OK017798.1, OK017799.1, OK017800.1"
rhinolophus hipposideros,sarbecovirus sp.,77218,2833184,TRUE,TRUE,FALSE,rhinolophus,rhinolophidae,chiroptera,mammalia,Rhinolophus hipposideros,betacoronavirus,coronaviridae,nidovirales,pisoniviricetes,Sarbecovirus sp.,FALSE,PCR/Sequencing,GenBank,GenBank,https://ftp.ncbi.nlm.nih.gov/genomes/Viruses/AllNuclMetadata/ accessed on 2025-09-16,,,,2022,12,14,2021,6,25,,,2022-12-14,2021-06-25,OP837780.1
rhinolophus hipposideros,sarbecovirus sp.,77218,2833184,TRUE,TRUE,FALSE,rhinolophus,rhinolophidae,chiroptera,mammalia,Rhinolophus hipposideros,betacoronavirus,coronaviridae,nidovirales,pisoniviricetes,Sarbecovirus sp.,FALSE,PCR/Sequencing,GenBank,GenBank,https://ftp.ncbi.nlm.nih.gov/genomes/Viruses/AllNuclMetadata/ accessed on 2025-09-16,,,,2022,12,14,2021,7,1,,,2022-12-14,2021-07-01,OP837781.1
rhinolophus hipposideros,sarbecovirus sp.,77218,2833184,TRUE,TRUE,FALSE,rhinolophus,rhinolophidae,chiroptera,mammalia,Rhinolophus hipposideros,betacoronavirus,coronaviridae,nidovirales,pisoniviricetes,Sarbecovirus sp.,FALSE,PCR/Sequencing,GenBank,GenBank,https://ftp.ncbi.nlm.nih.gov/genomes/Viruses/AllNuclMetadata/ accessed on 2025-09-16,,,,2023,2,6,2021,6,24,,,2023-02-06,2021-06-24,OP776338.1
rhinolophus hipposideros,sarbecovirus sp.,77218,2833184,TRUE,TRUE,FALSE,rhinolophus,rhinolophidae,chiroptera,mammalia,Rhinolophus hipposideros,betacoronavirus,coronaviridae,nidovirales,pisoniviricetes,Sarbecovirus sp.,FALSE,PCR/Sequencing,GenBank,GenBank,https://ftp.ncbi.nlm.nih.gov/genomes/Viruses/AllNuclMetadata/ accessed on 2025-09-16,,,,2023,2,6,2021,8,30,,,2023-02-06,2021-08-30,OP776340.1
rhinolophus hipposideros,sarbecovirus sp.,77218,2833184,TRUE,TRUE,FALSE,rhinolophus,rhinolophidae,chiroptera,mammalia,Rhinolophus hipposideros,betacoronavirus,coronaviridae,nidovirales,pisoniviricetes,Sarbecovirus sp.,FALSE,PCR/Sequencing,GenBank,GenBank,https://ftp.ncbi.nlm.nih.gov/genomes/Viruses/AllNuclMetadata/ accessed on 2025-09-16,,,,2023,2,6,2021,9,10,,,2023-02-06,2021-09-10,OP776339.1
rhinolophus hipposideros,sarbecovirus sp.,77218,2833184,TRUE,TRUE,FALSE,rhinolophus,rhinolophidae,chiroptera,mammalia,Rhinolophus hipposideros,betacoronavirus,coronaviridae,nidovirales,pisoniviricetes,Sarbecovirus sp.,FALSE,PCR/Sequencing,GenBank,GenBank,https://ftp.ncbi.nlm.nih.gov/genomes/Viruses/AllNuclMetadata/ accessed on 2025-09-16,,,,2025,7,18,2022,,,,,2025-07-18,2022,PQ611137.1
rhinolophus luctus,sarbecovirus sp.,337453,2833184,TRUE,TRUE,FALSE,rhinolophus,rhinolophidae,chiroptera,mammalia,Rhinolophus luctus,betacoronavirus,coronaviridae,nidovirales,pisoniviricetes,Sarbecovirus sp.,FALSE,PCR/Sequencing,GenBank,GenBank,https://ftp.ncbi.nlm.nih.gov/genomes/Viruses/AllNuclMetadata/ accessed on 2025-09-16,,,,2021,9,22,2017,7,,,,2021-09-22,2017-07,OK017615.1
rhinolophus macrotis,betacoronavirus pandemicum,196889,3418604,TRUE,TRUE,TRUE,rhinolophus,rhinolophidae,chiroptera,mammalia,Rhinolophus macrotis,betacoronavirus,coronaviridae,nidovirales,pisoniviricetes,Betacoronavirus pandemicum,FALSE,PCR/Sequencing,GenBank,GenBank,https://ftp.ncbi.nlm.nih.gov/genomes/Viruses/AllNuclMetadata/ accessed on 2025-09-16,,,,2006,7,13,,,,,,2006-07-13,,DQ412043.1
rhinolophus macrotis,betacoronavirus pandemicum,196889,3418604,TRUE,TRUE,TRUE,rhinolophus,rhinolophidae,chiroptera,mammalia,Rhinolophus macrotis,betacoronavirus,coronaviridae,nidovirales,pisoniviricetes,Betacoronavirus pandemicum,FALSE,PCR/Sequencing,GenBank,GenBank,https://ftp.ncbi.nlm.nih.gov/genomes/Viruses/AllNuclMetadata/ accessed on 2025-09-16,,,,2021,12,7,,,,,,2021-12-07,,OL405721.1
rhinolophus macrotis,betacoronavirus pandemicum,196889,3418604,TRUE,TRUE,TRUE,rhinolophus,rhinolophidae,chiroptera,mammalia,Rhinolophus macrotis,betacoronavirus,coronaviridae,nidovirales,pisoniviricetes,Betacoronavirus pandemicum,FALSE,PCR/Sequencing,GenBank,GenBank,https://ftp.ncbi.nlm.nih.gov/genomes/Viruses/AllNuclMetadata/ accessed on 2025-09-16,,,,2023,5,9,2018,,,,,2023-05-09,2018,OQ934007.1
rhinolophus macrotis,betacoronavirus pandemicum,196889,694009,TRUE,TRUE,TRUE,rhinolophus,rhinolophidae,chiroptera,mammalia,Rhinolophus macrotis,betacoronavirus,coronaviridae,nidovirales,pisoniviricetes,Severe acute respiratory syndrome-related coronavirus,FALSE,Isolation/Observation,Isolation,HP3,Olival et al. 2017 Nature,2006,Calisher et al. 2006,,,,,,,,211408,https://doi.org/10.5281/zenodo.596810,,,
rhinolophus macrotis,betacoronavirus pandemicum,196889,694009,TRUE,TRUE,TRUE,rhinolophus,rhinolophidae,chiroptera,mammalia,Rhinolophus macrotis,betacoronavirus,coronaviridae,nidovirales,pisoniviricetes,Severe acute respiratory syndrome-related coronavirus,FALSE,PCR/Sequencing,NCBI Nucleotide,EID2,Wardeh et al. 2015 Sci Data,,NCBI Nucleotide,,2006,,,,,,211407,https://doi.org/10.1038/sdata.2015.49,,,89514824
rhinolophus macrotis,sarbecovirus sp.,196889,2833184,TRUE,TRUE,FALSE,rhinolophus,rhinolophidae,chiroptera,mammalia,Rhinolophus macrotis,betacoronavirus,coronaviridae,nidovirales,pisoniviricetes,Sarbecovirus sp.,FALSE,PCR/Sequencing,GenBank,GenBank,https://ftp.ncbi.nlm.nih.gov/genomes/Viruses/AllNuclMetadata/ accessed on 2025-09-16,,,,2025,8,1,2023,5,,,,2025-08-01,2023-05,PQ189558.1
rhinolophus macrotis,sarbecovirus sp.,196889,2833184,TRUE,TRUE,FALSE,rhinolophus,rhinolophidae,chiroptera,mammalia,Rhinolophus macrotis,betacoronavirus,coronaviridae,nidovirales,pisoniviricetes,Sarbecovirus sp.,FALSE,PCR/Sequencing,GenBank,GenBank,https://ftp.ncbi.nlm.nih.gov/genomes/Viruses/AllNuclMetadata/ accessed on 2025-09-16,,,,2025,8,1,2023,8,,,,2025-08-01,2023-08,"PQ189577.1, PQ189578.1, PQ189583.1"
rhinolophus macrotis,sarbecovirus sp.,196889,2833184,TRUE,TRUE,FALSE,rhinolophus,rhinolophidae,chiroptera,mammalia,Rhinolophus macrotis,betacoronavirus,coronaviridae,nidovirales,pisoniviricetes,Sarbecovirus sp.,FALSE,PCR/Sequencing,GenBank,GenBank,https://ftp.ncbi.nlm.nih.gov/genomes/Viruses/AllNuclMetadata/ accessed on 2025-09-16,,,,2025,8,1,2023,9,,,,2025-08-01,2023-09,PQ189533.1
rhinolophus malayanus,betacoronavirus sp.,608659,1928434,TRUE,TRUE,FALSE,rhinolophus,rhinolophidae,chiroptera,mammalia,Rhinolophus malayanus,betacoronavirus,coronaviridae,nidovirales,pisoniviricetes,Betacoronavirus sp.,FALSE,PCR/Sequencing,GenBank,GenBank,https://ftp.ncbi.nlm.nih.gov/genomes/Viruses/AllNuclMetadata/ accessed on 2025-09-16,,,,2022,3,9,2020,5,25,,,2022-03-09,2020-05-25,"MZ197847.1, MZ197853.1, MZ197859.1, MZ197860.1"
rhinolophus malayanus,betacoronavirus sp.,608659,1928434,TRUE,TRUE,FALSE,rhinolophus,rhinolophidae,chiroptera,mammalia,Rhinolophus malayanus,betacoronavirus,coronaviridae,nidovirales,pisoniviricetes,Betacoronavirus sp.,FALSE,PCR/Sequencing,GenBank,GenBank,https://ftp.ncbi.nlm.nih.gov/genomes/Viruses/AllNuclMetadata/ accessed on 2025-09-16,,,,2022,3,9,2020,6,3,,,2022-03-09,2020-06-03,"MZ197844.1, MZ197854.1"
rhinolophus malayanus,betacoronavirus sp.,608659,1928434,TRUE,TRUE,FALSE,rhinolophus,rhinolophidae,chiroptera,mammalia,Rhinolophus malayanus,betacoronavirus,coronaviridae,nidovirales,pisoniviricetes,Betacoronavirus sp.,FALSE,PCR/Sequencing,GenBank,GenBank,https://ftp.ncbi.nlm.nih.gov/genomes/Viruses/AllNuclMetadata/ accessed on 2025-09-16,,,,2022,3,9,2020,7,14,,,2022-03-09,2020-07-14,"MZ197846.1, MZ197851.1, MZ197858.1"
rhinolophus malayanus,betacoronavirus sp.,608659,1928434,TRUE,TRUE,FALSE,rhinolophus,rhinolophidae,chiroptera,mammalia,Rhinolophus malayanus,betacoronavirus,coronaviridae,nidovirales,pisoniviricetes,Betacoronavirus sp.,FALSE,PCR/Sequencing,GenBank,GenBank,https://ftp.ncbi.nlm.nih.gov/genomes/Viruses/AllNuclMetadata/ accessed on 2025-09-16,,,,2025,5,25,2023,6,15,,,2025-05-25,2023-06-15,"OZ250959.1, OZ251038.1"
rhinolophus malayanus,betacoronavirus sp.,608659,1928434,TRUE,TRUE,FALSE,rhinolophus,rhinolophidae,chiroptera,mammalia,Rhinolophus malayanus,betacoronavirus,coronaviridae,nidovirales,pisoniviricetes,Betacoronavirus sp.,FALSE,PCR/Sequencing,GenBank,GenBank,https://ftp.ncbi.nlm.nih.gov/genomes/Viruses/AllNuclMetadata/ accessed on 2025-09-16,,,,2025,6,14,2023,6,15,,,2025-06-14,2023-06-15,"PV711211.1, PV711290.1"
rhinolophus mehelyi,betacoronavirus pandemicum,342862,694009,TRUE,TRUE,TRUE,rhinolophus,rhinolophidae,chiroptera,mammalia,Rhinolophus mehelyi,betacoronavirus,coronaviridae,nidovirales,pisoniviricetes,Severe acute respiratory syndrome-related coronavirus,FALSE,PCR/Sequencing,PCR,HP3,Olival et al. 2017 Nature,2010,Drexler et al. 2010,,,,,,,,211411,https://doi.org/10.5281/zenodo.596810,,,
rhinolophus microglobosus,betacoronavirus sp.,3344654,1928434,TRUE,TRUE,FALSE,rhinolophus,rhinolophidae,chiroptera,mammalia,Rhinolophus microglobosus,betacoronavirus,coronaviridae,nidovirales,pisoniviricetes,Betacoronavirus sp.,FALSE,PCR/Sequencing,GenBank,GenBank,https://ftp.ncbi.nlm.nih.gov/genomes/Viruses/AllNuclMetadata/ accessed on 2025-09-16,,,,2025,5,25,2023,5,3,,,2025-05-25,2023-05-03,"OZ250914.1, OZ250916.1, OZ250993.1, OZ250995.1"
rhinolophus microglobosus,betacoronavirus sp.,3344654,1928434,TRUE,TRUE,FALSE,rhinolophus,rhinolophidae,chiroptera,mammalia,Rhinolophus microglobosus,betacoronavirus,coronaviridae,nidovirales,pisoniviricetes,Betacoronavirus sp.,FALSE,PCR/Sequencing,GenBank,GenBank,https://ftp.ncbi.nlm.nih.gov/genomes/Viruses/AllNuclMetadata/ accessed on 2025-09-16,,,,2025,6,14,2023,5,3,,,2025-06-14,2023-05-03,"PV711166.1, PV711168.1, PV711245.1, PV711247.1"
rhinolophus monoceros,betacoronavirus pandemicum,169756,3418604,TRUE,TRUE,TRUE,rhinolophus,rhinolophidae,chiroptera,mammalia,Rhinolophus monoceros,betacoronavirus,coronaviridae,nidovirales,pisoniviricetes,Betacoronavirus pandemicum,FALSE,PCR/Sequencing,GenBank,GenBank,https://ftp.ncbi.nlm.nih.gov/genomes/Viruses/AllNuclMetadata/ accessed on 2025-09-16,,,,2014,10,30,2012,,,,,2014-10-30,2012,"KF294420.1, KF294422.1, KF294423.1, KF294424.1, KF294426.1, KF294427.1, KF294428.1, KF294429.1, KF294430.1, KF294431.1, KF294434.1, KF294435.1, KF294436.1, KF294437.1, KF294438.1, KF294442.1, KF294444.1, KF294445.1, KF294446.1, KF294447.1, KF294448.1, KF294449.1, KF294450.1, KF294451.1, KF294452.1, KF294453.1, KF294454.1, KF294457.1"
rhinolophus monoceros,betacoronavirus pandemicum,169756,3418604,TRUE,TRUE,TRUE,rhinolophus,rhinolophidae,chiroptera,mammalia,Rhinolophus monoceros,betacoronavirus,coronaviridae,nidovirales,pisoniviricetes,Betacoronavirus pandemicum,FALSE,PCR/Sequencing,GenBank,GenBank,https://ftp.ncbi.nlm.nih.gov/genomes/Viruses/AllNuclMetadata/ accessed on 2025-09-16,,,,2024,4,24,2021,9,15,,,2024-04-24,2021-09-15,PP681137.1
rhinolophus monoceros,betacoronavirus pandemicum,169756,3418604,TRUE,TRUE,TRUE,rhinolophus,rhinolophidae,chiroptera,mammalia,Rhinolophus monoceros,betacoronavirus,coronaviridae,nidovirales,pisoniviricetes,Betacoronavirus pandemicum,FALSE,PCR/Sequencing,GenBank,GenBank,https://ftp.ncbi.nlm.nih.gov/genomes/Viruses/AllNuclMetadata/ accessed on 2025-09-16,,,,2024,5,18,2022,4,23,,,2024-05-18,2022-04-23,PP776542.1
rhinolophus pearsonii,betacoronavirus pandemicum,188571,3418604,TRUE,TRUE,TRUE,rhinolophus,rhinolophidae,chiroptera,mammalia,Rhinolophus pearsonii,betacoronavirus,coronaviridae,nidovirales,pisoniviricetes,Betacoronavirus pandemicum,FALSE,PCR/Sequencing,GenBank,GenBank,https://ftp.ncbi.nlm.nih.gov/genomes/Viruses/AllNuclMetadata/ accessed on 2025-09-16,,,,2014,10,30,2012,,,,,2014-10-30,2012,KF294443.1
rhinolophus pearsonii,betacoronavirus pandemicum,188571,694009,TRUE,TRUE,TRUE,rhinolophus,rhinolophidae,chiroptera,mammalia,Rhinolophus pearsonii,betacoronavirus,coronaviridae,nidovirales,pisoniviricetes,Severe acute respiratory syndrome-related coronavirus,FALSE,Isolation/Observation,Isolation,HP3,Olival et al. 2017 Nature,2006,Calisher et al. 2006,,,,,,,,211415,https://doi.org/10.5281/zenodo.596810,,,
rhinolophus pearsonii,sarbecovirus sp.,188571,2833184,TRUE,TRUE,FALSE,rhinolophus,rhinolophidae,chiroptera,mammalia,Rhinolophus pearsonii,betacoronavirus,coronaviridae,nidovirales,pisoniviricetes,Sarbecovirus sp.,FALSE,PCR/Sequencing,GenBank,GenBank,https://ftp.ncbi.nlm.nih.gov/genomes/Viruses/AllNuclMetadata/ accessed on 2025-09-16,,,,2025,8,1,2023,5,,,,2025-08-01,2023-05,PQ189536.1
rhinolophus pearsonii,sarbecovirus sp.,188571,2833184,TRUE,TRUE,FALSE,rhinolophus,rhinolophidae,chiroptera,mammalia,Rhinolophus pearsonii,betacoronavirus,coronaviridae,nidovirales,pisoniviricetes,Sarbecovirus sp.,FALSE,PCR/Sequencing,GenBank,GenBank,https://ftp.ncbi.nlm.nih.gov/genomes/Viruses/AllNuclMetadata/ accessed on 2025-09-16,,,,2025,8,1,2023,6,,,,2025-08-01,2023-06,"PQ189504.1, PQ189512.1, PQ189517.1, PQ189525.1, PQ189526.1, PQ189527.1, PQ189534.1, PQ189542.1, PQ189543.1, PQ189546.1, PQ189588.1"
rhinolophus pearsonii,sarbecovirus sp.,188571,2833184,TRUE,TRUE,FALSE,rhinolophus,rhinolophidae,chiroptera,mammalia,Rhinolophus pearsonii,betacoronavirus,coronaviridae,nidovirales,pisoniviricetes,Sarbecovirus sp.,FALSE,PCR/Sequencing,GenBank,GenBank,https://ftp.ncbi.nlm.nih.gov/genomes/Viruses/AllNuclMetadata/ accessed on 2025-09-16,,,,2025,8,1,2023,7,,,,2025-08-01,2023-07,"PQ189516.1, PQ189537.1, PQ189539.1, PQ189584.1"
rhinolophus pearsonii,sarbecovirus sp.,188571,2833184,TRUE,TRUE,FALSE,rhinolophus,rhinolophidae,chiroptera,mammalia,Rhinolophus pearsonii,betacoronavirus,coronaviridae,nidovirales,pisoniviricetes,Sarbecovirus sp.,FALSE,PCR/Sequencing,GenBank,GenBank,https://ftp.ncbi.nlm.nih.gov/genomes/Viruses/AllNuclMetadata/ accessed on 2025-09-16,,,,2025,8,1,2023,8,,,,2025-08-01,2023-08,"PQ189514.1, PQ189515.1, PQ189520.1, PQ189549.1, PQ189560.1, PQ189563.1"
rhinolophus pearsonii,sarbecovirus sp.,188571,2833184,TRUE,TRUE,FALSE,rhinolophus,rhinolophidae,chiroptera,mammalia,Rhinolophus pearsonii,betacoronavirus,coronaviridae,nidovirales,pisoniviricetes,Sarbecovirus sp.,FALSE,PCR/Sequencing,GenBank,GenBank,https://ftp.ncbi.nlm.nih.gov/genomes/Viruses/AllNuclMetadata/ accessed on 2025-09-16,,,,2025,8,1,2023,9,,,,2025-08-01,2023-09,"PQ189507.1, PQ189513.1, PQ189518.1, PQ189524.1, PQ189532.1, PQ189555.1, PQ189570.1, PQ189580.1, PQ189582.1"
rhinolophus pusillus,betacoronavirus pandemicum,159858,3418604,TRUE,TRUE,TRUE,rhinolophus,rhinolophidae,chiroptera,mammalia,Rhinolophus pusillus,betacoronavirus,coronaviridae,nidovirales,pisoniviricetes,Betacoronavirus pandemicum,FALSE,PCR/Sequencing,GenBank,GenBank,https://ftp.ncbi.nlm.nih.gov/genomes/Viruses/AllNuclMetadata/ accessed on 2025-09-16,,,,2013,6,10,2011,9,,,,2013-06-10,2011-09,JX993987.1
rhinolophus pusillus,betacoronavirus pandemicum,159858,3418604,TRUE,TRUE,TRUE,rhinolophus,rhinolophidae,chiroptera,mammalia,Rhinolophus pusillus,betacoronavirus,coronaviridae,nidovirales,pisoniviricetes,Betacoronavirus pandemicum,FALSE,PCR/Sequencing,GenBank,GenBank,https://ftp.ncbi.nlm.nih.gov/genomes/Viruses/AllNuclMetadata/ accessed on 2025-09-16,,,,2018,3,28,2015,7,,,,2018-03-28,2015-07,"MG772892.1, MG772893.1, MG772894.1, MG772895.1, MG772896.1, MG772897.1, MG772898.1, MG772899.1, MG772900.1, MG772901.1, MG772902.1, MG772934.1"
rhinolophus pusillus,betacoronavirus pandemicum,159858,3418604,TRUE,TRUE,TRUE,rhinolophus,rhinolophidae,chiroptera,mammalia,Rhinolophus pusillus,betacoronavirus,coronaviridae,nidovirales,pisoniviricetes,Betacoronavirus pandemicum,FALSE,PCR/Sequencing,GenBank,GenBank,https://ftp.ncbi.nlm.nih.gov/genomes/Viruses/AllNuclMetadata/ accessed on 2025-09-16,,,,2018,3,28,2016,1,,,,2018-03-28,2016-01,"MG772862.1, MG772863.1, MG772864.1, MG772865.1, MG772866.1, MG772867.1, MG772868.1, MG772869.1, MG772870.1, MG772871.1, MG772872.1, MG772873.1, MG772874.1, MG772875.1, MG772876.1, MG772877.1, MG772878.1, MG772879.1, MG772880.1, MG772881.1, MG772882.1, MG772883.1, MG772884.1, MG772885.1, MG772886.1, MG772887.1, MG772888.1, MG772889.1, MG772890.1, MG772891.1"
rhinolophus pusillus,betacoronavirus pandemicum,159858,3418604,TRUE,TRUE,TRUE,rhinolophus,rhinolophidae,chiroptera,mammalia,Rhinolophus pusillus,betacoronavirus,coronaviridae,nidovirales,pisoniviricetes,Betacoronavirus pandemicum,FALSE,PCR/Sequencing,GenBank,GenBank,https://ftp.ncbi.nlm.nih.gov/genomes/Viruses/AllNuclMetadata/ accessed on 2025-09-16,,,,2018,3,28,2016,10,,,,2018-03-28,2016-10,"MG772844.1, MG772845.1, MG772846.1, MG772847.1, MG772848.1, MG772849.1, MG772850.1, MG772851.1, MG772852.1, MG772853.1, MG772854.1, MG772855.1, MG772856.1, MG772857.1, MG772858.1, MG772859.1, MG772860.1, MG772861.1"
rhinolophus pusillus,betacoronavirus pandemicum,159858,3418604,TRUE,TRUE,TRUE,rhinolophus,rhinolophidae,chiroptera,mammalia,Rhinolophus pusillus,betacoronavirus,coronaviridae,nidovirales,pisoniviricetes,Betacoronavirus pandemicum,FALSE,PCR/Sequencing,GenBank,GenBank,https://ftp.ncbi.nlm.nih.gov/genomes/Viruses/AllNuclMetadata/ accessed on 2025-09-16,,,,2018,3,28,2017,2,,,,2018-03-28,2017-02,"MG772903.1, MG772904.1, MG772905.1, MG772906.1, MG772907.1, MG772908.1, MG772909.1, MG772910.1, MG772911.1, MG772912.1, MG772913.1, MG772914.1, MG772915.1, MG772916.1, MG772917.1, MG772918.1, MG772919.1, MG772920.1, MG772921.1, MG772922.1, MG772923.1, MG772924.1, MG772925.1, MG772926.1, MG772927.1, MG772928.1, MG772929.1, MG772930.1, MG772931.1, MG772932.1, MG772933.1"
rhinolophus pusillus,betacoronavirus pandemicum,159858,3418604,TRUE,TRUE,TRUE,rhinolophus,rhinolophidae,chiroptera,mammalia,Rhinolophus pusillus,betacoronavirus,coronaviridae,nidovirales,pisoniviricetes,Betacoronavirus pandemicum,FALSE,PCR/Sequencing,GenBank,GenBank,https://ftp.ncbi.nlm.nih.gov/genomes/Viruses/AllNuclMetadata/ accessed on 2025-09-16,,,,2020,6,1,,,,,,2020-06-01,,"MN312652.1, MN312656.1, MN312660.1, MN312662.1, MN312663.1, MN312664.1, MN312843.1, MN312844.1"
rhinolophus pusillus,betacoronavirus pandemicum,159858,3418604,TRUE,TRUE,TRUE,rhinolophus,rhinolophidae,chiroptera,mammalia,Rhinolophus pusillus,betacoronavirus,coronaviridae,nidovirales,pisoniviricetes,Betacoronavirus pandemicum,FALSE,PCR/Sequencing,GenBank,GenBank,https://ftp.ncbi.nlm.nih.gov/genomes/Viruses/AllNuclMetadata/ accessed on 2025-09-16,,,,2022,5,18,2020,,,,,2022-05-18,2020,"ON012454.1, ON012456.1, ON012457.1, ON012458.1, ON012459.1, ON012461.1, ON012462.1, ON012463.1, ON012465.1, ON012466.1, ON012467.1, ON012468.1, ON012470.1, ON012471.1"
rhinolophus pusillus,betacoronavirus pandemicum,159858,3418604,TRUE,TRUE,TRUE,rhinolophus,rhinolophidae,chiroptera,mammalia,Rhinolophus pusillus,betacoronavirus,coronaviridae,nidovirales,pisoniviricetes,Betacoronavirus pandemicum,FALSE,PCR/Sequencing,GenBank,GenBank,https://ftp.ncbi.nlm.nih.gov/genomes/Viruses/AllNuclMetadata/ accessed on 2025-09-16,,,,2023,5,9,2018,,,,,2023-05-09,2018,OQ934005.1
rhinolophus pusillus,betacoronavirus pandemicum,159858,694009,TRUE,TRUE,TRUE,rhinolophus,rhinolophidae,chiroptera,mammalia,Rhinolophus pusillus,betacoronavirus,coronaviridae,nidovirales,pisoniviricetes,Severe acute respiratory syndrome-related coronavirus,FALSE,Antibodies,Antibodies,HP3,Olival et al. 2017 Nature,2005,Li et al. 2005,,,,,,,,211424,https://doi.org/10.5281/zenodo.596810,,,
rhinolophus pusillus,betacoronavirus sp.,159858,1928434,TRUE,TRUE,FALSE,rhinolophus,rhinolophidae,chiroptera,mammalia,Rhinolophus pusillus,betacoronavirus,coronaviridae,nidovirales,pisoniviricetes,Betacoronavirus sp.,FALSE,PCR/Sequencing,GenBank,GenBank,https://ftp.ncbi.nlm.nih.gov/genomes/Viruses/AllNuclMetadata/ accessed on 2025-09-16,,,,2022,3,9,2020,5,25,,,2022-03-09,2020-05-25,"MZ197848.1, MZ197852.1, MZ197857.1"
rhinolophus pusillus,betacoronavirus sp.,159858,1928434,TRUE,TRUE,FALSE,rhinolophus,rhinolophidae,chiroptera,mammalia,Rhinolophus pusillus,betacoronavirus,coronaviridae,nidovirales,pisoniviricetes,Betacoronavirus sp.,FALSE,PCR/Sequencing,GenBank,GenBank,https://ftp.ncbi.nlm.nih.gov/genomes/Viruses/AllNuclMetadata/ accessed on 2025-09-16,,,,2022,9,1,2020,,,,,2022-09-01,2020,"MZ491835.1, MZ491846.1"
rhinolophus pusillus,betacoronavirus sp.,159858,1928434,TRUE,TRUE,FALSE,rhinolophus,rhinolophidae,chiroptera,mammalia,Rhinolophus pusillus,betacoronavirus,coronaviridae,nidovirales,pisoniviricetes,Betacoronavirus sp.,FALSE,PCR/Sequencing,GenBank,GenBank,https://ftp.ncbi.nlm.nih.gov/genomes/Viruses/AllNuclMetadata/ accessed on 2025-09-16,,,,2025,5,25,2023,5,6,,,2025-05-25,2023-05-06,"OZ250948.1, OZ251027.1"
rhinolophus pusillus,betacoronavirus sp.,159858,1928434,TRUE,TRUE,FALSE,rhinolophus,rhinolophidae,chiroptera,mammalia,Rhinolophus pusillus,betacoronavirus,coronaviridae,nidovirales,pisoniviricetes,Betacoronavirus sp.,FALSE,PCR/Sequencing,GenBank,GenBank,https://ftp.ncbi.nlm.nih.gov/genomes/Viruses/AllNuclMetadata/ accessed on 2025-09-16,,,,2025,6,14,2023,5,6,,,2025-06-14,2023-05-06,"PV711200.1, PV711279.1"
rhinolophus pusillus,horseshoe bat sarbecovirus,159858,3068538,TRUE,TRUE,FALSE,rhinolophus,rhinolophidae,chiroptera,mammalia,Rhinolophus pusillus,betacoronavirus,coronaviridae,nidovirales,pisoniviricetes,Horseshoe bat sarbecovirus,FALSE,PCR/Sequencing,GenBank,GenBank,https://ftp.ncbi.nlm.nih.gov/genomes/Viruses/AllNuclMetadata/ accessed on 2025-09-16,,,,2023,8,14,2022,6,26,,,2023-08-14,2022-06-26,OR233302.1
rhinolophus pusillus,sarbecovirus sp.,159858,2833184,TRUE,TRUE,FALSE,rhinolophus,rhinolophidae,chiroptera,mammalia,Rhinolophus pusillus,betacoronavirus,coronaviridae,nidovirales,pisoniviricetes,Sarbecovirus sp.,FALSE,PCR/Sequencing,GenBank,GenBank,https://ftp.ncbi.nlm.nih.gov/genomes/Viruses/AllNuclMetadata/ accessed on 2025-09-16,,,,2021,9,22,2021,2,,,,2021-09-22,2021-02,"OK017803.1, OK017804.1"
rhinolophus pusillus,sarbecovirus sp.,159858,2833184,TRUE,TRUE,FALSE,rhinolophus,rhinolophidae,chiroptera,mammalia,Rhinolophus pusillus,betacoronavirus,coronaviridae,nidovirales,pisoniviricetes,Sarbecovirus sp.,FALSE,PCR/Sequencing,GenBank,GenBank,https://ftp.ncbi.nlm.nih.gov/genomes/Viruses/AllNuclMetadata/ accessed on 2025-09-16,,,,2021,9,22,2021,3,,,,2021-09-22,2021-03,OK017805.1
rhinolophus pusillus,sarbecovirus sp.,159858,2833184,TRUE,TRUE,FALSE,rhinolophus,rhinolophidae,chiroptera,mammalia,Rhinolophus pusillus,betacoronavirus,coronaviridae,nidovirales,pisoniviricetes,Sarbecovirus sp.,FALSE,PCR/Sequencing,GenBank,GenBank,https://ftp.ncbi.nlm.nih.gov/genomes/Viruses/AllNuclMetadata/ accessed on 2025-09-16,,,,2021,9,22,2021,4,,,,2021-09-22,2021-04,OK017806.1
rhinolophus pusillus,sarbecovirus sp.,159858,2833184,TRUE,TRUE,FALSE,rhinolophus,rhinolophidae,chiroptera,mammalia,Rhinolophus pusillus,betacoronavirus,coronaviridae,nidovirales,pisoniviricetes,Sarbecovirus sp.,FALSE,PCR/Sequencing,GenBank,GenBank,https://ftp.ncbi.nlm.nih.gov/genomes/Viruses/AllNuclMetadata/ accessed on 2025-09-16,,,,2025,8,1,2023,6,,,,2025-08-01,2023-06,PQ189587.1
rhinolophus pusillus,sarbecovirus sp.,159858,2833184,TRUE,TRUE,FALSE,rhinolophus,rhinolophidae,chiroptera,mammalia,Rhinolophus pusillus,betacoronavirus,coronaviridae,nidovirales,pisoniviricetes,Sarbecovirus sp.,FALSE,PCR/Sequencing,GenBank,GenBank,https://ftp.ncbi.nlm.nih.gov/genomes/Viruses/AllNuclMetadata/ accessed on 2025-09-16,,,,2025,8,1,2023,7,,,,2025-08-01,2023-07,PQ189586.1
rhinolophus pusillus,sarbecovirus sp.,159858,2833184,TRUE,TRUE,FALSE,rhinolophus,rhinolophidae,chiroptera,mammalia,Rhinolophus pusillus,betacoronavirus,coronaviridae,nidovirales,pisoniviricetes,Sarbecovirus sp.,FALSE,PCR/Sequencing,GenBank,GenBank,https://ftp.ncbi.nlm.nih.gov/genomes/Viruses/AllNuclMetadata/ accessed on 2025-09-16,,,,2025,8,1,2023,8,,,,2025-08-01,2023-08,PQ189523.1
rhinolophus pusillus,sarbecovirus sp.,159858,2833184,TRUE,TRUE,FALSE,rhinolophus,rhinolophidae,chiroptera,mammalia,Rhinolophus pusillus,betacoronavirus,coronaviridae,nidovirales,pisoniviricetes,Sarbecovirus sp.,FALSE,PCR/Sequencing,GenBank,GenBank,https://ftp.ncbi.nlm.nih.gov/genomes/Viruses/AllNuclMetadata/ accessed on 2025-09-16,,,,2025,8,1,2023,9,,,,2025-08-01,2023-09,PQ189500.1
rhinolophus pusillus,sarbecovirus sp.,376555,2833184,TRUE,TRUE,FALSE,rhinolophus,rhinolophidae,chiroptera,mammalia,Rhinolophus blythi,betacoronavirus,coronaviridae,nidovirales,pisoniviricetes,Sarbecovirus sp.,FALSE,PCR/Sequencing,GenBank,GenBank,https://ftp.ncbi.nlm.nih.gov/genomes/Viruses/AllNuclMetadata/ accessed on 2025-09-16,,,,2021,3,13,2018,8,,,,2021-03-13,2018-08,MW703458.1
rhinolophus pusillus,sarbecovirus sp.,376555,2833184,TRUE,TRUE,FALSE,rhinolophus,rhinolophidae,chiroptera,mammalia,Rhinolophus blythi,betacoronavirus,coronaviridae,nidovirales,pisoniviricetes,Sarbecovirus sp.,FALSE,PCR/Sequencing,GenBank,GenBank,https://ftp.ncbi.nlm.nih.gov/genomes/Viruses/AllNuclMetadata/ accessed on 2025-09-16,,,,2022,8,20,2020,3,,,,2022-08-20,2020-03,OK287355.1
rhinolophus rex,betacoronavirus pandemicum,188572,3418604,TRUE,TRUE,TRUE,rhinolophus,rhinolophidae,chiroptera,mammalia,Rhinolophus rex,betacoronavirus,coronaviridae,nidovirales,pisoniviricetes,Betacoronavirus pandemicum,FALSE,PCR/Sequencing,GenBank,GenBank,https://ftp.ncbi.nlm.nih.gov/genomes/Viruses/AllNuclMetadata/ accessed on 2025-09-16,,,,2014,10,30,2012,,,,,2014-10-30,2012,KF294455.1
rhinolophus rex,betacoronavirus pandemicum,188572,3418604,TRUE,TRUE,TRUE,rhinolophus,rhinolophidae,chiroptera,mammalia,Rhinolophus rex,betacoronavirus,coronaviridae,nidovirales,pisoniviricetes,Betacoronavirus pandemicum,FALSE,PCR/Sequencing,GenBank,GenBank,https://ftp.ncbi.nlm.nih.gov/genomes/Viruses/AllNuclMetadata/ accessed on 2025-09-16,,,,2023,3,30,2021,12,,,,2023-03-30,2021-12,OQ297705.1
rhinolophus rex,sarbecovirus sp.,188572,2833184,TRUE,TRUE,FALSE,rhinolophus,rhinolophidae,chiroptera,mammalia,Rhinolophus rex,betacoronavirus,coronaviridae,nidovirales,pisoniviricetes,Sarbecovirus sp.,FALSE,PCR/Sequencing,GenBank,GenBank,https://ftp.ncbi.nlm.nih.gov/genomes/Viruses/AllNuclMetadata/ accessed on 2025-09-16,,,,2021,9,22,2017,4,,,,2021-09-22,2017-04,OK017616.1
rhinolophus rex,sarbecovirus sp.,188572,2833184,TRUE,TRUE,FALSE,rhinolophus,rhinolophidae,chiroptera,mammalia,Rhinolophus rex,betacoronavirus,coronaviridae,nidovirales,pisoniviricetes,Sarbecovirus sp.,FALSE,PCR/Sequencing,GenBank,GenBank,https://ftp.ncbi.nlm.nih.gov/genomes/Viruses/AllNuclMetadata/ accessed on 2025-09-16,,,,2021,9,22,2019,9,,,,2021-09-22,2019-09,OK017617.1
rhinolophus shameli,betacoronavirus sp.,608708,1928434,TRUE,TRUE,FALSE,rhinolophus,rhinolophidae,chiroptera,mammalia,Rhinolophus shameli,betacoronavirus,coronaviridae,nidovirales,pisoniviricetes,Betacoronavirus sp.,FALSE,PCR/Sequencing,GenBank,GenBank,https://ftp.ncbi.nlm.nih.gov/genomes/Viruses/AllNuclMetadata/ accessed on 2025-09-16,,,,2025,4,1,2020,12,2,,,2025-04-01,2020-12-02,PQ305312.1
rhinolophus shameli,betacoronavirus sp.,608708,1928434,TRUE,TRUE,FALSE,rhinolophus,rhinolophidae,chiroptera,mammalia,Rhinolophus shameli,betacoronavirus,coronaviridae,nidovirales,pisoniviricetes,Betacoronavirus sp.,FALSE,PCR/Sequencing,GenBank,GenBank,https://ftp.ncbi.nlm.nih.gov/genomes/Viruses/AllNuclMetadata/ accessed on 2025-09-16,,,,2025,4,1,2020,12,6,,,2025-04-01,2020-12-06,"PQ305313.1, PQ305314.1, PQ305315.1"
rhinolophus shameli,betacoronavirus sp.,608708,1928434,TRUE,TRUE,FALSE,rhinolophus,rhinolophidae,chiroptera,mammalia,Rhinolophus shameli,betacoronavirus,coronaviridae,nidovirales,pisoniviricetes,Betacoronavirus sp.,FALSE,PCR/Sequencing,GenBank,GenBank,https://ftp.ncbi.nlm.nih.gov/genomes/Viruses/AllNuclMetadata/ accessed on 2025-09-16,,,,2025,4,1,2020,3,15,,,2025-04-01,2020-03-15,PQ305309.1
rhinolophus shameli,betacoronavirus sp.,608708,1928434,TRUE,TRUE,FALSE,rhinolophus,rhinolophidae,chiroptera,mammalia,Rhinolophus shameli,betacoronavirus,coronaviridae,nidovirales,pisoniviricetes,Betacoronavirus sp.,FALSE,PCR/Sequencing,GenBank,GenBank,https://ftp.ncbi.nlm.nih.gov/genomes/Viruses/AllNuclMetadata/ accessed on 2025-09-16,,,,2025,4,1,2020,8,18,,,2025-04-01,2020-08-18,PQ305308.1
rhinolophus shameli,betacoronavirus sp.,608708,1928434,TRUE,TRUE,FALSE,rhinolophus,rhinolophidae,chiroptera,mammalia,Rhinolophus shameli,betacoronavirus,coronaviridae,nidovirales,pisoniviricetes,Betacoronavirus sp.,FALSE,PCR/Sequencing,GenBank,GenBank,https://ftp.ncbi.nlm.nih.gov/genomes/Viruses/AllNuclMetadata/ accessed on 2025-09-16,,,,2025,5,25,2023,5,2,,,2025-05-25,2023-05-02,"OZ250910.1, OZ250911.1, OZ250989.1, OZ250990.1"
rhinolophus shameli,betacoronavirus sp.,608708,1928434,TRUE,TRUE,FALSE,rhinolophus,rhinolophidae,chiroptera,mammalia,Rhinolophus shameli,betacoronavirus,coronaviridae,nidovirales,pisoniviricetes,Betacoronavirus sp.,FALSE,PCR/Sequencing,GenBank,GenBank,https://ftp.ncbi.nlm.nih.gov/genomes/Viruses/AllNuclMetadata/ accessed on 2025-09-16,,,,2025,5,25,2023,5,3,,,2025-05-25,2023-05-03,"OZ250884.1, OZ250913.1, OZ250915.1, OZ250917.1, OZ250992.1, OZ250994.1, OZ250996.1"
rhinolophus shameli,betacoronavirus sp.,608708,1928434,TRUE,TRUE,FALSE,rhinolophus,rhinolophidae,chiroptera,mammalia,Rhinolophus shameli,betacoronavirus,coronaviridae,nidovirales,pisoniviricetes,Betacoronavirus sp.,FALSE,PCR/Sequencing,GenBank,GenBank,https://ftp.ncbi.nlm.nih.gov/genomes/Viruses/AllNuclMetadata/ accessed on 2025-09-16,,,,2025,5,25,2023,5,4,,,2025-05-25,2023-05-04,"OZ250885.1, OZ250887.1, OZ250888.1, OZ250889.1, OZ250918.1, OZ250919.1, OZ250922.1, OZ250923.1, OZ250924.1, OZ250925.1, OZ250927.1, OZ250928.1, OZ250929.1, OZ250997.1, OZ250998.1, OZ251001.1, OZ251002.1, OZ251003.1, OZ251004.1, OZ251006.1, OZ251007.1, OZ251008.1"
rhinolophus shameli,betacoronavirus sp.,608708,1928434,TRUE,TRUE,FALSE,rhinolophus,rhinolophidae,chiroptera,mammalia,Rhinolophus shameli,betacoronavirus,coronaviridae,nidovirales,pisoniviricetes,Betacoronavirus sp.,FALSE,PCR/Sequencing,GenBank,GenBank,https://ftp.ncbi.nlm.nih.gov/genomes/Viruses/AllNuclMetadata/ accessed on 2025-09-16,,,,2025,5,25,2023,5,5,,,2025-05-25,2023-05-05,"OZ250890.1, OZ250932.1, OZ250934.1, OZ250935.1, OZ250936.1, OZ250937.1, OZ250939.1, OZ250940.1, OZ250943.1, OZ250944.1, OZ251011.1, OZ251013.1, OZ251014.1, OZ251015.1, OZ251016.1, OZ251018.1, OZ251019.1, OZ251022.1, OZ251023.1"
rhinolophus shameli,betacoronavirus sp.,608708,1928434,TRUE,TRUE,FALSE,rhinolophus,rhinolophidae,chiroptera,mammalia,Rhinolophus shameli,betacoronavirus,coronaviridae,nidovirales,pisoniviricetes,Betacoronavirus sp.,FALSE,PCR/Sequencing,GenBank,GenBank,https://ftp.ncbi.nlm.nih.gov/genomes/Viruses/AllNuclMetadata/ accessed on 2025-09-16,,,,2025,5,25,2023,6,12,,,2025-05-25,2023-06-12,"OZ250949.1, OZ250953.1, OZ251028.1, OZ251032.1"
rhinolophus shameli,betacoronavirus sp.,608708,1928434,TRUE,TRUE,FALSE,rhinolophus,rhinolophidae,chiroptera,mammalia,Rhinolophus shameli,betacoronavirus,coronaviridae,nidovirales,pisoniviricetes,Betacoronavirus sp.,FALSE,PCR/Sequencing,GenBank,GenBank,https://ftp.ncbi.nlm.nih.gov/genomes/Viruses/AllNuclMetadata/ accessed on 2025-09-16,,,,2025,5,25,2023,6,13,,,2025-05-25,2023-06-13,OZ250892.1
rhinolophus shameli,betacoronavirus sp.,608708,1928434,TRUE,TRUE,FALSE,rhinolophus,rhinolophidae,chiroptera,mammalia,Rhinolophus shameli,betacoronavirus,coronaviridae,nidovirales,pisoniviricetes,Betacoronavirus sp.,FALSE,PCR/Sequencing,GenBank,GenBank,https://ftp.ncbi.nlm.nih.gov/genomes/Viruses/AllNuclMetadata/ accessed on 2025-09-16,,,,2025,5,25,2023,6,14,,,2025-05-25,2023-06-14,"OZ250894.1, OZ250978.1"
rhinolophus shameli,betacoronavirus sp.,608708,1928434,TRUE,TRUE,FALSE,rhinolophus,rhinolophidae,chiroptera,mammalia,Rhinolophus shameli,betacoronavirus,coronaviridae,nidovirales,pisoniviricetes,Betacoronavirus sp.,FALSE,PCR/Sequencing,GenBank,GenBank,https://ftp.ncbi.nlm.nih.gov/genomes/Viruses/AllNuclMetadata/ accessed on 2025-09-16,,,,2025,5,25,2023,6,15,,,2025-05-25,2023-06-15,"OZ250896.1, OZ250898.1, OZ250900.1, OZ250958.1, OZ250960.1, OZ250963.1, OZ250964.1, OZ250965.1, OZ250966.1, OZ250979.1, OZ251037.1, OZ251039.1, OZ251042.1, OZ251043.1, OZ251044.1, OZ251045.1"
rhinolophus shameli,betacoronavirus sp.,608708,1928434,TRUE,TRUE,FALSE,rhinolophus,rhinolophidae,chiroptera,mammalia,Rhinolophus shameli,betacoronavirus,coronaviridae,nidovirales,pisoniviricetes,Betacoronavirus sp.,FALSE,PCR/Sequencing,GenBank,GenBank,https://ftp.ncbi.nlm.nih.gov/genomes/Viruses/AllNuclMetadata/ accessed on 2025-09-16,,,,2025,5,25,2023,6,16,,,2025-05-25,2023-06-16,"OZ250968.1, OZ250969.1, OZ250970.1, OZ251047.1, OZ251048.1, OZ251049.1"
rhinolophus shameli,betacoronavirus sp.,608708,1928434,TRUE,TRUE,FALSE,rhinolophus,rhinolophidae,chiroptera,mammalia,Rhinolophus shameli,betacoronavirus,coronaviridae,nidovirales,pisoniviricetes,Betacoronavirus sp.,FALSE,PCR/Sequencing,GenBank,GenBank,https://ftp.ncbi.nlm.nih.gov/genomes/Viruses/AllNuclMetadata/ accessed on 2025-09-16,,,,2025,5,25,2023,6,17,,,2025-05-25,2023-06-17,"OZ250971.1, OZ250973.1, OZ250974.1, OZ250975.1, OZ250977.1, OZ251050.1, OZ251052.1, OZ251053.1, OZ251054.1, OZ251056.1"
rhinolophus shameli,betacoronavirus sp.,608708,1928434,TRUE,TRUE,FALSE,rhinolophus,rhinolophidae,chiroptera,mammalia,Rhinolophus shameli,betacoronavirus,coronaviridae,nidovirales,pisoniviricetes,Betacoronavirus sp.,FALSE,PCR/Sequencing,GenBank,GenBank,https://ftp.ncbi.nlm.nih.gov/genomes/Viruses/AllNuclMetadata/ accessed on 2025-09-16,,,,2025,6,14,2023,5,2,,,2025-06-14,2023-05-02,"PV711162.1, PV711163.1, PV711241.1, PV711242.1"
rhinolophus shameli,betacoronavirus sp.,608708,1928434,TRUE,TRUE,FALSE,rhinolophus,rhinolophidae,chiroptera,mammalia,Rhinolophus shameli,betacoronavirus,coronaviridae,nidovirales,pisoniviricetes,Betacoronavirus sp.,FALSE,PCR/Sequencing,GenBank,GenBank,https://ftp.ncbi.nlm.nih.gov/genomes/Viruses/AllNuclMetadata/ accessed on 2025-09-16,,,,2025,6,14,2023,5,3,,,2025-06-14,2023-05-03,"PV711136.1, PV711165.1, PV711167.1, PV711169.1, PV711244.1, PV711246.1, PV711248.1"
rhinolophus shameli,betacoronavirus sp.,608708,1928434,TRUE,TRUE,FALSE,rhinolophus,rhinolophidae,chiroptera,mammalia,Rhinolophus shameli,betacoronavirus,coronaviridae,nidovirales,pisoniviricetes,Betacoronavirus sp.,FALSE,PCR/Sequencing,GenBank,GenBank,https://ftp.ncbi.nlm.nih.gov/genomes/Viruses/AllNuclMetadata/ accessed on 2025-09-16,,,,2025,6,14,2023,5,4,,,2025-06-14,2023-05-04,"PV711137.1, PV711139.1, PV711140.1, PV711141.1, PV711170.1, PV711171.1, PV711174.1, PV711175.1, PV711176.1, PV711177.1, PV711179.1, PV711180.1, PV711181.1, PV711249.1, PV711250.1, PV711253.1, PV711254.1, PV711255.1, PV711256.1, PV711258.1, PV711259.1, PV711260.1"
rhinolophus shameli,betacoronavirus sp.,608708,1928434,TRUE,TRUE,FALSE,rhinolophus,rhinolophidae,chiroptera,mammalia,Rhinolophus shameli,betacoronavirus,coronaviridae,nidovirales,pisoniviricetes,Betacoronavirus sp.,FALSE,PCR/Sequencing,GenBank,GenBank,https://ftp.ncbi.nlm.nih.gov/genomes/Viruses/AllNuclMetadata/ accessed on 2025-09-16,,,,2025,6,14,2023,5,5,,,2025-06-14,2023-05-05,"PV711142.1, PV711184.1, PV711186.1, PV711187.1, PV711188.1, PV711189.1, PV711191.1, PV711192.1, PV711195.1, PV711196.1, PV711263.1, PV711265.1, PV711266.1, PV711267.1, PV711268.1, PV711270.1, PV711271.1, PV711274.1, PV711275.1"
rhinolophus shameli,betacoronavirus sp.,608708,1928434,TRUE,TRUE,FALSE,rhinolophus,rhinolophidae,chiroptera,mammalia,Rhinolophus shameli,betacoronavirus,coronaviridae,nidovirales,pisoniviricetes,Betacoronavirus sp.,FALSE,PCR/Sequencing,GenBank,GenBank,https://ftp.ncbi.nlm.nih.gov/genomes/Viruses/AllNuclMetadata/ accessed on 2025-09-16,,,,2025,6,14,2023,6,12,,,2025-06-14,2023-06-12,"PV711201.1, PV711205.1, PV711280.1, PV711284.1"
rhinolophus shameli,betacoronavirus sp.,608708,1928434,TRUE,TRUE,FALSE,rhinolophus,rhinolophidae,chiroptera,mammalia,Rhinolophus shameli,betacoronavirus,coronaviridae,nidovirales,pisoniviricetes,Betacoronavirus sp.,FALSE,PCR/Sequencing,GenBank,GenBank,https://ftp.ncbi.nlm.nih.gov/genomes/Viruses/AllNuclMetadata/ accessed on 2025-09-16,,,,2025,6,14,2023,6,13,,,2025-06-14,2023-06-13,PV711144.1
rhinolophus shameli,betacoronavirus sp.,608708,1928434,TRUE,TRUE,FALSE,rhinolophus,rhinolophidae,chiroptera,mammalia,Rhinolophus shameli,betacoronavirus,coronaviridae,nidovirales,pisoniviricetes,Betacoronavirus sp.,FALSE,PCR/Sequencing,GenBank,GenBank,https://ftp.ncbi.nlm.nih.gov/genomes/Viruses/AllNuclMetadata/ accessed on 2025-09-16,,,,2025,6,14,2023,6,14,,,2025-06-14,2023-06-14,"PV711146.1, PV711230.1"
rhinolophus shameli,betacoronavirus sp.,608708,1928434,TRUE,TRUE,FALSE,rhinolophus,rhinolophidae,chiroptera,mammalia,Rhinolophus shameli,betacoronavirus,coronaviridae,nidovirales,pisoniviricetes,Betacoronavirus sp.,FALSE,PCR/Sequencing,GenBank,GenBank,https://ftp.ncbi.nlm.nih.gov/genomes/Viruses/AllNuclMetadata/ accessed on 2025-09-16,,,,2025,6,14,2023,6,15,,,2025-06-14,2023-06-15,"PV711148.1, PV711150.1, PV711152.1, PV711210.1, PV711212.1, PV711215.1, PV711216.1, PV711217.1, PV711218.1, PV711231.1, PV711289.1, PV711291.1, PV711294.1, PV711295.1, PV711296.1, PV711297.1"
rhinolophus shameli,betacoronavirus sp.,608708,1928434,TRUE,TRUE,FALSE,rhinolophus,rhinolophidae,chiroptera,mammalia,Rhinolophus shameli,betacoronavirus,coronaviridae,nidovirales,pisoniviricetes,Betacoronavirus sp.,FALSE,PCR/Sequencing,GenBank,GenBank,https://ftp.ncbi.nlm.nih.gov/genomes/Viruses/AllNuclMetadata/ accessed on 2025-09-16,,,,2025,6,14,2023,6,16,,,2025-06-14,2023-06-16,"PV711220.1, PV711221.1, PV711222.1, PV711299.1, PV711300.1, PV711301.1"
rhinolophus shameli,betacoronavirus sp.,608708,1928434,TRUE,TRUE,FALSE,rhinolophus,rhinolophidae,chiroptera,mammalia,Rhinolophus shameli,betacoronavirus,coronaviridae,nidovirales,pisoniviricetes,Betacoronavirus sp.,FALSE,PCR/Sequencing,GenBank,GenBank,https://ftp.ncbi.nlm.nih.gov/genomes/Viruses/AllNuclMetadata/ accessed on 2025-09-16,,,,2025,6,14,2023,6,17,,,2025-06-14,2023-06-17,"PV711223.1, PV711225.1, PV711226.1, PV711227.1, PV711229.1, PV711302.1, PV711304.1, PV711305.1, PV711306.1, PV711308.1"
rhinolophus siamensis,betacoronavirus sp.,867892,1928434,TRUE,TRUE,FALSE,rhinolophus,rhinolophidae,chiroptera,mammalia,Rhinolophus siamensis,betacoronavirus,coronaviridae,nidovirales,pisoniviricetes,Betacoronavirus sp.,FALSE,PCR/Sequencing,GenBank,GenBank,https://ftp.ncbi.nlm.nih.gov/genomes/Viruses/AllNuclMetadata/ accessed on 2025-09-16,,,,2025,7,1,2020,9,24,,,2025-07-01,2020-09-24,PP150769.1
rhinolophus siamensis,rhinolophus siamensis bat sarbecovirus,867892,3068888,TRUE,TRUE,FALSE,rhinolophus,rhinolophidae,chiroptera,mammalia,Rhinolophus siamensis,betacoronavirus,coronaviridae,nidovirales,pisoniviricetes,Rhinolophus siamensis bat sarbecovirus,FALSE,PCR/Sequencing,GenBank,GenBank,https://ftp.ncbi.nlm.nih.gov/genomes/Viruses/AllNuclMetadata/ accessed on 2025-09-16,,,,2023,10,4,2021,7,,,,2023-10-04,2021-07,OR261265.1
rhinolophus siamensis,sarbecovirus sp.,867892,2833184,TRUE,TRUE,FALSE,rhinolophus,rhinolophidae,chiroptera,mammalia,Rhinolophus siamensis,betacoronavirus,coronaviridae,nidovirales,pisoniviricetes,Sarbecovirus sp.,FALSE,PCR/Sequencing,GenBank,GenBank,https://ftp.ncbi.nlm.nih.gov/genomes/Viruses/AllNuclMetadata/ accessed on 2025-09-16,,,,2021,9,22,2019,9,,,,2021-09-22,2019-09,OK017859.1
rhinolophus siamensis,sarbecovirus sp.,867892,2833184,TRUE,TRUE,FALSE,rhinolophus,rhinolophidae,chiroptera,mammalia,Rhinolophus siamensis,betacoronavirus,coronaviridae,nidovirales,pisoniviricetes,Sarbecovirus sp.,FALSE,PCR/Sequencing,GenBank,GenBank,https://ftp.ncbi.nlm.nih.gov/genomes/Viruses/AllNuclMetadata/ accessed on 2025-09-16,,,,2021,9,22,2021,7,,,,2021-09-22,2021-07,OK017860.1
rhinolophus siamensis,sarbecovirus sp.,867892,2833184,TRUE,TRUE,FALSE,rhinolophus,rhinolophidae,chiroptera,mammalia,Rhinolophus siamensis,betacoronavirus,coronaviridae,nidovirales,pisoniviricetes,Sarbecovirus sp.,FALSE,PCR/Sequencing,GenBank,GenBank,https://ftp.ncbi.nlm.nih.gov/genomes/Viruses/AllNuclMetadata/ accessed on 2025-09-16,,,,2025,8,1,2023,6,,,,2025-08-01,2023-06,PQ189561.1
rhinolophus siamensis,sarbecovirus sp.,867892,2833184,TRUE,TRUE,FALSE,rhinolophus,rhinolophidae,chiroptera,mammalia,Rhinolophus siamensis,betacoronavirus,coronaviridae,nidovirales,pisoniviricetes,Sarbecovirus sp.,FALSE,PCR/Sequencing,GenBank,GenBank,https://ftp.ncbi.nlm.nih.gov/genomes/Viruses/AllNuclMetadata/ accessed on 2025-09-16,,,,2025,8,1,2023,7,,,,2025-08-01,2023-07,"PQ189505.1, PQ189511.1, PQ189541.1, PQ189552.1"
rhinolophus siamensis,sarbecovirus sp.,867892,2833184,TRUE,TRUE,FALSE,rhinolophus,rhinolophidae,chiroptera,mammalia,Rhinolophus siamensis,betacoronavirus,coronaviridae,nidovirales,pisoniviricetes,Sarbecovirus sp.,FALSE,PCR/Sequencing,GenBank,GenBank,https://ftp.ncbi.nlm.nih.gov/genomes/Viruses/AllNuclMetadata/ accessed on 2025-09-16,,,,2025,8,1,2023,8,,,,2025-08-01,2023-08,"PQ189566.1, PQ189579.1"
rhinolophus simulator,betacoronavirus sp.,519041,1928434,TRUE,TRUE,FALSE,rhinolophus,rhinolophidae,chiroptera,mammalia,Rhinolophus simulator,betacoronavirus,coronaviridae,nidovirales,pisoniviricetes,Betacoronavirus sp.,FALSE,PCR/Sequencing,GenBank,GenBank,https://ftp.ncbi.nlm.nih.gov/genomes/Viruses/AllNuclMetadata/ accessed on 2025-09-16,,,,2025,8,1,2020,,,,,2025-08-01,2020,"PV536208.1, PV536209.1, PV536210.1"
rhinolophus simulator,betacoronavirus sp.,519041,1928434,TRUE,TRUE,FALSE,rhinolophus,rhinolophidae,chiroptera,mammalia,Rhinolophus simulator,betacoronavirus,coronaviridae,nidovirales,pisoniviricetes,Betacoronavirus sp.,FALSE,PCR/Sequencing,GenBank,GenBank,https://ftp.ncbi.nlm.nih.gov/genomes/Viruses/AllNuclMetadata/ accessed on 2025-09-16,,,,2025,8,1,2021,,,,,2025-08-01,2021,PV536207.1
rhinolophus sinicus,betacoronavirus pandemicum,89399,3418604,TRUE,TRUE,TRUE,rhinolophus,rhinolophidae,chiroptera,mammalia,Rhinolophus sinicus,betacoronavirus,coronaviridae,nidovirales,pisoniviricetes,Betacoronavirus pandemicum,FALSE,PCR/Sequencing,GenBank,GenBank,https://ftp.ncbi.nlm.nih.gov/genomes/Viruses/AllNuclMetadata/ accessed on 2025-09-16,,,,2009,12,19,2006,,,,,2009-12-19,2006,FJ588686.1
rhinolophus sinicus,betacoronavirus pandemicum,89399,3418604,TRUE,TRUE,TRUE,rhinolophus,rhinolophidae,chiroptera,mammalia,Rhinolophus sinicus,betacoronavirus,coronaviridae,nidovirales,pisoniviricetes,Betacoronavirus pandemicum,FALSE,PCR/Sequencing,GenBank,GenBank,https://ftp.ncbi.nlm.nih.gov/genomes/Viruses/AllNuclMetadata/ accessed on 2025-09-16,,,,2010,2,28,2006,5,,,,2010-02-28,2006-05,GQ870287.1
rhinolophus sinicus,betacoronavirus pandemicum,89399,3418604,TRUE,TRUE,TRUE,rhinolophus,rhinolophidae,chiroptera,mammalia,Rhinolophus sinicus,betacoronavirus,coronaviridae,nidovirales,pisoniviricetes,Betacoronavirus pandemicum,FALSE,PCR/Sequencing,GenBank,GenBank,https://ftp.ncbi.nlm.nih.gov/genomes/Viruses/AllNuclMetadata/ accessed on 2025-09-16,,,,2013,11,6,2011,4,17,,,2013-11-06,2011-04-17,KC881005.1
rhinolophus sinicus,betacoronavirus pandemicum,89399,3418604,TRUE,TRUE,TRUE,rhinolophus,rhinolophidae,chiroptera,mammalia,Rhinolophus sinicus,betacoronavirus,coronaviridae,nidovirales,pisoniviricetes,Betacoronavirus pandemicum,FALSE,PCR/Sequencing,GenBank,GenBank,https://ftp.ncbi.nlm.nih.gov/genomes/Viruses/AllNuclMetadata/ accessed on 2025-09-16,,,,2013,11,6,2012,3,19,,,2013-11-06,2012-03-19,KC881006.1
rhinolophus sinicus,betacoronavirus pandemicum,89399,3418604,TRUE,TRUE,TRUE,rhinolophus,rhinolophidae,chiroptera,mammalia,Rhinolophus sinicus,betacoronavirus,coronaviridae,nidovirales,pisoniviricetes,Betacoronavirus pandemicum,FALSE,PCR/Sequencing,GenBank,GenBank,https://ftp.ncbi.nlm.nih.gov/genomes/Viruses/AllNuclMetadata/ accessed on 2025-09-16,,,,2013,11,6,2012,9,,,,2013-11-06,2012-09,KF367457.1
rhinolophus sinicus,betacoronavirus pandemicum,89399,3418604,TRUE,TRUE,TRUE,rhinolophus,rhinolophidae,chiroptera,mammalia,Rhinolophus sinicus,betacoronavirus,coronaviridae,nidovirales,pisoniviricetes,Betacoronavirus pandemicum,FALSE,PCR/Sequencing,GenBank,GenBank,https://ftp.ncbi.nlm.nih.gov/genomes/Viruses/AllNuclMetadata/ accessed on 2025-09-16,,,,2013,11,6,2012,9,18,,,2013-11-06,2012-09-18,KC881007.1
rhinolophus sinicus,betacoronavirus pandemicum,89399,3418604,TRUE,TRUE,TRUE,rhinolophus,rhinolophidae,chiroptera,mammalia,Rhinolophus sinicus,betacoronavirus,coronaviridae,nidovirales,pisoniviricetes,Betacoronavirus pandemicum,FALSE,PCR/Sequencing,GenBank,GenBank,https://ftp.ncbi.nlm.nih.gov/genomes/Viruses/AllNuclMetadata/ accessed on 2025-09-16,,,,2014,10,30,2012,,,,,2014-10-30,2012,"KF294421.1, KF294432.1, KF294433.1, KF294440.1, KF294441.1"
rhinolophus sinicus,betacoronavirus pandemicum,89399,3418604,TRUE,TRUE,TRUE,rhinolophus,rhinolophidae,chiroptera,mammalia,Rhinolophus sinicus,betacoronavirus,coronaviridae,nidovirales,pisoniviricetes,Betacoronavirus pandemicum,FALSE,PCR/Sequencing,GenBank,GenBank,https://ftp.ncbi.nlm.nih.gov/genomes/Viruses/AllNuclMetadata/ accessed on 2025-09-16,,,,2015,12,31,2013,,,,,2015-12-31,2013,"KJ473814.1, KJ473815.1, KJ473816.1"
rhinolophus sinicus,betacoronavirus pandemicum,89399,3418604,TRUE,TRUE,TRUE,rhinolophus,rhinolophidae,chiroptera,mammalia,Rhinolophus sinicus,betacoronavirus,coronaviridae,nidovirales,pisoniviricetes,Betacoronavirus pandemicum,FALSE,PCR/Sequencing,GenBank,GenBank,https://ftp.ncbi.nlm.nih.gov/genomes/Viruses/AllNuclMetadata/ accessed on 2025-09-16,,,,2017,11,1,2012,9,18,,,2017-11-01,2012-09-18,"KY417143.1, KY417144.1"
rhinolophus sinicus,betacoronavirus pandemicum,89399,3418604,TRUE,TRUE,TRUE,rhinolophus,rhinolophidae,chiroptera,mammalia,Rhinolophus sinicus,betacoronavirus,coronaviridae,nidovirales,pisoniviricetes,Betacoronavirus pandemicum,FALSE,PCR/Sequencing,GenBank,GenBank,https://ftp.ncbi.nlm.nih.gov/genomes/Viruses/AllNuclMetadata/ accessed on 2025-09-16,,,,2017,11,1,2013,4,17,,,2017-11-01,2013-04-17,"KY417146.1, KY417147.1, KY417148.1, KY417149.1"
rhinolophus sinicus,betacoronavirus pandemicum,89399,3418604,TRUE,TRUE,TRUE,rhinolophus,rhinolophidae,chiroptera,mammalia,Rhinolophus sinicus,betacoronavirus,coronaviridae,nidovirales,pisoniviricetes,Betacoronavirus pandemicum,FALSE,PCR/Sequencing,GenBank,GenBank,https://ftp.ncbi.nlm.nih.gov/genomes/Viruses/AllNuclMetadata/ accessed on 2025-09-16,,,,2017,11,1,2013,7,21,,,2017-11-01,2013-07-21,KY417150.1
rhinolophus sinicus,betacoronavirus pandemicum,89399,3418604,TRUE,TRUE,TRUE,rhinolophus,rhinolophidae,chiroptera,mammalia,Rhinolophus sinicus,betacoronavirus,coronaviridae,nidovirales,pisoniviricetes,Betacoronavirus pandemicum,FALSE,PCR/Sequencing,GenBank,GenBank,https://ftp.ncbi.nlm.nih.gov/genomes/Viruses/AllNuclMetadata/ accessed on 2025-09-16,,,,2017,11,1,2014,10,24,,,2017-11-01,2014-10-24,KY417151.1
rhinolophus sinicus,betacoronavirus pandemicum,89399,3418604,TRUE,TRUE,TRUE,rhinolophus,rhinolophidae,chiroptera,mammalia,Rhinolophus sinicus,betacoronavirus,coronaviridae,nidovirales,pisoniviricetes,Betacoronavirus pandemicum,FALSE,PCR/Sequencing,GenBank,GenBank,https://ftp.ncbi.nlm.nih.gov/genomes/Viruses/AllNuclMetadata/ accessed on 2025-09-16,,,,2017,11,1,2015,10,16,,,2017-11-01,2015-10-16,KY417152.1
rhinolophus sinicus,betacoronavirus pandemicum,89399,3418604,TRUE,TRUE,TRUE,rhinolophus,rhinolophidae,chiroptera,mammalia,Rhinolophus sinicus,betacoronavirus,coronaviridae,nidovirales,pisoniviricetes,Betacoronavirus pandemicum,FALSE,PCR/Sequencing,GenBank,GenBank,https://ftp.ncbi.nlm.nih.gov/genomes/Viruses/AllNuclMetadata/ accessed on 2025-09-16,,,,2017,11,14,2011,4,18,,,2017-11-14,2011-04-18,KX285134.1
rhinolophus sinicus,betacoronavirus pandemicum,89399,3418604,TRUE,TRUE,TRUE,rhinolophus,rhinolophidae,chiroptera,mammalia,Rhinolophus sinicus,betacoronavirus,coronaviridae,nidovirales,pisoniviricetes,Betacoronavirus pandemicum,FALSE,PCR/Sequencing,GenBank,GenBank,https://ftp.ncbi.nlm.nih.gov/genomes/Viruses/AllNuclMetadata/ accessed on 2025-09-16,,,,2017,11,14,2011,4,8,,,2017-11-14,2011-04-08,KX285125.1
rhinolophus sinicus,betacoronavirus pandemicum,89399,3418604,TRUE,TRUE,TRUE,rhinolophus,rhinolophidae,chiroptera,mammalia,Rhinolophus sinicus,betacoronavirus,coronaviridae,nidovirales,pisoniviricetes,Betacoronavirus pandemicum,FALSE,PCR/Sequencing,GenBank,GenBank,https://ftp.ncbi.nlm.nih.gov/genomes/Viruses/AllNuclMetadata/ accessed on 2025-09-16,,,,2017,11,14,2013,6,6,,,2017-11-14,2013-06-06,"KX285180.1, KX285181.1, KX285182.1"
rhinolophus sinicus,betacoronavirus pandemicum,89399,3418604,TRUE,TRUE,TRUE,rhinolophus,rhinolophidae,chiroptera,mammalia,Rhinolophus sinicus,betacoronavirus,coronaviridae,nidovirales,pisoniviricetes,Betacoronavirus pandemicum,FALSE,PCR/Sequencing,GenBank,GenBank,https://ftp.ncbi.nlm.nih.gov/genomes/Viruses/AllNuclMetadata/ accessed on 2025-09-16,,,,2017,11,14,2013,7,24,,,2017-11-14,2013-07-24,KX285220.1
rhinolophus sinicus,betacoronavirus pandemicum,89399,3418604,TRUE,TRUE,TRUE,rhinolophus,rhinolophidae,chiroptera,mammalia,Rhinolophus sinicus,betacoronavirus,coronaviridae,nidovirales,pisoniviricetes,Betacoronavirus pandemicum,FALSE,PCR/Sequencing,GenBank,GenBank,https://ftp.ncbi.nlm.nih.gov/genomes/Viruses/AllNuclMetadata/ accessed on 2025-09-16,,,,2018,1,23,2015,9,19,,,2018-01-23,2015-09-19,"KX447563.1, KX447564.1, KX447565.1"
rhinolophus sinicus,betacoronavirus pandemicum,89399,3418604,TRUE,TRUE,TRUE,rhinolophus,rhinolophidae,chiroptera,mammalia,Rhinolophus sinicus,betacoronavirus,coronaviridae,nidovirales,pisoniviricetes,Betacoronavirus pandemicum,FALSE,PCR/Sequencing,GenBank,GenBank,https://ftp.ncbi.nlm.nih.gov/genomes/Viruses/AllNuclMetadata/ accessed on 2025-09-16,,,,2020,6,1,,,,,,2020-06-01,,"MN312595.1, MN312596.1, MN312600.1, MN312604.1, MN312605.1, MN312606.1, MN312637.1, MN312638.1, MN312639.1, MN312640.1, MN312641.1, MN312642.1, MN312643.1, MN312644.1, MN312645.1, MN312650.1, MN312653.1, MN312654.1, MN312657.1, MN312688.1, MN312691.1, MN312692.1, MN312693.1, MN312694.1, MN312695.1, MN312696.1, MN312697.1, MN312698.1, MN312699.1, MN312700.1, MN312701.1, MN312702.1, MN312703.1, MN312704.1, MN312705.1, MN312706.1, MN312707.1, MN312708.1, MN312709.1, MN312710.1, MN312711.1, MN312738.1, MN312739.1, MN312740.1, MN312741.1, MN312742.1, MN312814.1, MN312815.1, MN312816.1, MN312818.1, MN312819.1, MN312820.1, MN312821.1, MN312826.1, MN312829.1, MN312830.1, MN312831.1, MN312845.1, MN312846.1, MN312858.1, MN312859.1"
rhinolophus sinicus,betacoronavirus pandemicum,89399,3418604,TRUE,TRUE,TRUE,rhinolophus,rhinolophidae,chiroptera,mammalia,Rhinolophus sinicus,betacoronavirus,coronaviridae,nidovirales,pisoniviricetes,Betacoronavirus pandemicum,FALSE,PCR/Sequencing,GenBank,GenBank,https://ftp.ncbi.nlm.nih.gov/genomes/Viruses/AllNuclMetadata/ accessed on 2025-09-16,,,,2021,12,7,,,,,,2021-12-07,,"OL405719.2, OL405722.1"
rhinolophus sinicus,betacoronavirus pandemicum,89399,3418604,TRUE,TRUE,TRUE,rhinolophus,rhinolophidae,chiroptera,mammalia,Rhinolophus sinicus,betacoronavirus,coronaviridae,nidovirales,pisoniviricetes,Betacoronavirus pandemicum,FALSE,PCR/Sequencing,GenBank,GenBank,https://ftp.ncbi.nlm.nih.gov/genomes/Viruses/AllNuclMetadata/ accessed on 2025-09-16,,,,2022,3,15,2020,4,29,,,2022-03-15,2020-04-29,MW681002.1
rhinolophus sinicus,betacoronavirus pandemicum,89399,3418604,TRUE,TRUE,TRUE,rhinolophus,rhinolophidae,chiroptera,mammalia,Rhinolophus sinicus,betacoronavirus,coronaviridae,nidovirales,pisoniviricetes,Betacoronavirus pandemicum,FALSE,PCR/Sequencing,GenBank,GenBank,https://ftp.ncbi.nlm.nih.gov/genomes/Viruses/AllNuclMetadata/ accessed on 2025-09-16,,,,2022,3,21,2009,11,8,,,2022-03-21,2009-11-08,"OM263333.1, OM263334.1"
rhinolophus sinicus,betacoronavirus pandemicum,89399,3418604,TRUE,TRUE,TRUE,rhinolophus,rhinolophidae,chiroptera,mammalia,Rhinolophus sinicus,betacoronavirus,coronaviridae,nidovirales,pisoniviricetes,Betacoronavirus pandemicum,FALSE,PCR/Sequencing,GenBank,GenBank,https://ftp.ncbi.nlm.nih.gov/genomes/Viruses/AllNuclMetadata/ accessed on 2025-09-16,,,,2022,3,21,2020,4,29,,,2022-03-21,2020-04-29,"OM263335.1, OM263336.1, OM263337.1, OM263338.1, OM263339.1, OM263340.1, OM263341.1, OM263342.1, OM263343.1, OM263344.1"
rhinolophus sinicus,betacoronavirus pandemicum,89399,3418604,TRUE,TRUE,TRUE,rhinolophus,rhinolophidae,chiroptera,mammalia,Rhinolophus sinicus,betacoronavirus,coronaviridae,nidovirales,pisoniviricetes,Betacoronavirus pandemicum,FALSE,PCR/Sequencing,GenBank,GenBank,https://ftp.ncbi.nlm.nih.gov/genomes/Viruses/AllNuclMetadata/ accessed on 2025-09-16,,,,2022,3,21,2021,3,20,,,2022-03-21,2021-03-20,"OM263352.1, OM263355.1, OM263356.1, OM263357.1, OM263358.1, OM263359.1"
rhinolophus sinicus,betacoronavirus pandemicum,89399,3418604,TRUE,TRUE,TRUE,rhinolophus,rhinolophidae,chiroptera,mammalia,Rhinolophus sinicus,betacoronavirus,coronaviridae,nidovirales,pisoniviricetes,Betacoronavirus pandemicum,FALSE,PCR/Sequencing,GenBank,GenBank,https://ftp.ncbi.nlm.nih.gov/genomes/Viruses/AllNuclMetadata/ accessed on 2025-09-16,,,,2022,3,21,2021,9,17,,,2022-03-21,2021-09-17,"OM263345.1, OM263349.1, OM263350.1, OM263351.1"
rhinolophus sinicus,betacoronavirus pandemicum,89399,3418604,TRUE,TRUE,TRUE,rhinolophus,rhinolophidae,chiroptera,mammalia,Rhinolophus sinicus,betacoronavirus,coronaviridae,nidovirales,pisoniviricetes,Betacoronavirus pandemicum,FALSE,PCR/Sequencing,GenBank,GenBank,https://ftp.ncbi.nlm.nih.gov/genomes/Viruses/AllNuclMetadata/ accessed on 2025-09-16,,,,2022,3,26,2018,9,5,,,2022-03-26,2018-09-05,OK663614.1
rhinolophus sinicus,betacoronavirus pandemicum,89399,3418604,TRUE,TRUE,TRUE,rhinolophus,rhinolophidae,chiroptera,mammalia,Rhinolophus sinicus,betacoronavirus,coronaviridae,nidovirales,pisoniviricetes,Betacoronavirus pandemicum,FALSE,PCR/Sequencing,GenBank,GenBank,https://ftp.ncbi.nlm.nih.gov/genomes/Viruses/AllNuclMetadata/ accessed on 2025-09-16,,,,2022,3,27,2020,4,29,,,2022-03-27,2020-04-29,"OM222057.1, OM222058.1, OM222059.1, OM222060.1"
rhinolophus sinicus,betacoronavirus pandemicum,89399,3418604,TRUE,TRUE,TRUE,rhinolophus,rhinolophidae,chiroptera,mammalia,Rhinolophus sinicus,betacoronavirus,coronaviridae,nidovirales,pisoniviricetes,Betacoronavirus pandemicum,FALSE,PCR/Sequencing,GenBank,GenBank,https://ftp.ncbi.nlm.nih.gov/genomes/Viruses/AllNuclMetadata/ accessed on 2025-09-16,,,,2022,3,27,2020,5,24,,,2022-03-27,2020-05-24,OM222064.1
rhinolophus sinicus,betacoronavirus pandemicum,89399,3418604,TRUE,TRUE,TRUE,rhinolophus,rhinolophidae,chiroptera,mammalia,Rhinolophus sinicus,betacoronavirus,coronaviridae,nidovirales,pisoniviricetes,Betacoronavirus pandemicum,FALSE,PCR/Sequencing,GenBank,GenBank,https://ftp.ncbi.nlm.nih.gov/genomes/Viruses/AllNuclMetadata/ accessed on 2025-09-16,,,,2022,5,18,2020,,,,,2022-05-18,2020,"ON012455.1, ON012460.1, ON012464.1, ON012469.1"
rhinolophus sinicus,betacoronavirus pandemicum,89399,3418604,TRUE,TRUE,TRUE,rhinolophus,rhinolophidae,chiroptera,mammalia,Rhinolophus sinicus,betacoronavirus,coronaviridae,nidovirales,pisoniviricetes,Betacoronavirus pandemicum,FALSE,PCR/Sequencing,GenBank,GenBank,https://ftp.ncbi.nlm.nih.gov/genomes/Viruses/AllNuclMetadata/ accessed on 2025-09-16,,,,2023,11,13,2017,2,21,,,2023-11-13,2017-02-21,"OR762900.1, OR762901.1, OR762921.1, OR762922.1"
rhinolophus sinicus,betacoronavirus pandemicum,89399,3418604,TRUE,TRUE,TRUE,rhinolophus,rhinolophidae,chiroptera,mammalia,Rhinolophus sinicus,betacoronavirus,coronaviridae,nidovirales,pisoniviricetes,Betacoronavirus pandemicum,FALSE,PCR/Sequencing,GenBank,GenBank,https://ftp.ncbi.nlm.nih.gov/genomes/Viruses/AllNuclMetadata/ accessed on 2025-09-16,,,,2023,11,13,2017,8,9,,,2023-11-13,2017-08-09,"OR762902.1, OR762903.1, OR762904.1, OR762905.1, OR762906.1, OR762907.1, OR762923.1, OR762924.1, OR762925.1, OR762926.1, OR762927.1, OR762928.1"
rhinolophus sinicus,betacoronavirus pandemicum,89399,3418604,TRUE,TRUE,TRUE,rhinolophus,rhinolophidae,chiroptera,mammalia,Rhinolophus sinicus,betacoronavirus,coronaviridae,nidovirales,pisoniviricetes,Betacoronavirus pandemicum,FALSE,PCR/Sequencing,GenBank,GenBank,https://ftp.ncbi.nlm.nih.gov/genomes/Viruses/AllNuclMetadata/ accessed on 2025-09-16,,,,2023,11,13,2018,3,7,,,2023-11-13,2018-03-07,"OR762908.1, OR762909.1, OR762910.1, OR762929.1, OR762930.1, OR762931.1"
rhinolophus sinicus,betacoronavirus pandemicum,89399,3418604,TRUE,TRUE,TRUE,rhinolophus,rhinolophidae,chiroptera,mammalia,Rhinolophus sinicus,betacoronavirus,coronaviridae,nidovirales,pisoniviricetes,Betacoronavirus pandemicum,FALSE,PCR/Sequencing,GenBank,GenBank,https://ftp.ncbi.nlm.nih.gov/genomes/Viruses/AllNuclMetadata/ accessed on 2025-09-16,,,,2023,11,13,2018,8,21,,,2023-11-13,2018-08-21,"OR762911.1, OR762912.1, OR762932.1, OR762933.1"
rhinolophus sinicus,betacoronavirus pandemicum,89399,3418604,TRUE,TRUE,TRUE,rhinolophus,rhinolophidae,chiroptera,mammalia,Rhinolophus sinicus,betacoronavirus,coronaviridae,nidovirales,pisoniviricetes,Betacoronavirus pandemicum,FALSE,PCR/Sequencing,GenBank,GenBank,https://ftp.ncbi.nlm.nih.gov/genomes/Viruses/AllNuclMetadata/ accessed on 2025-09-16,,,,2023,11,13,2019,11,27,,,2023-11-13,2019-11-27,"OR762913.1, OR762914.1, OR762915.1, OR762916.1, OR762917.1, OR762918.1, OR762919.1, OR762920.1, OR762934.1, OR762935.1, OR762936.1, OR762937.1, OR762938.1, OR762939.1, OR762940.1"
rhinolophus sinicus,betacoronavirus pandemicum,89399,3418604,TRUE,TRUE,TRUE,rhinolophus,rhinolophidae,chiroptera,mammalia,Rhinolophus sinicus,betacoronavirus,coronaviridae,nidovirales,pisoniviricetes,Betacoronavirus pandemicum,FALSE,PCR/Sequencing,GenBank,GenBank,https://ftp.ncbi.nlm.nih.gov/genomes/Viruses/AllNuclMetadata/ accessed on 2025-09-16,,,,2023,3,30,2020,11,,,,2023-03-30,2020-11,"OQ297701.1, OQ297702.1, OQ297703.1"
rhinolophus sinicus,betacoronavirus pandemicum,89399,3418604,TRUE,TRUE,TRUE,rhinolophus,rhinolophidae,chiroptera,mammalia,Rhinolophus sinicus,betacoronavirus,coronaviridae,nidovirales,pisoniviricetes,Betacoronavirus pandemicum,FALSE,PCR/Sequencing,GenBank,GenBank,https://ftp.ncbi.nlm.nih.gov/genomes/Viruses/AllNuclMetadata/ accessed on 2025-09-16,,,,2023,6,22,2012,9,18,,,2023-06-22,2012-09-18,OQ503500.1
rhinolophus sinicus,betacoronavirus pandemicum,89399,3418604,TRUE,TRUE,TRUE,rhinolophus,rhinolophidae,chiroptera,mammalia,Rhinolophus sinicus,betacoronavirus,coronaviridae,nidovirales,pisoniviricetes,Betacoronavirus pandemicum,FALSE,PCR/Sequencing,GenBank,GenBank,https://ftp.ncbi.nlm.nih.gov/genomes/Viruses/AllNuclMetadata/ accessed on 2025-09-16,,,,2023,6,22,2013,4,17,,,2023-06-22,2013-04-17,OQ503501.1
rhinolophus sinicus,betacoronavirus pandemicum,89399,3418604,TRUE,TRUE,TRUE,rhinolophus,rhinolophidae,chiroptera,mammalia,Rhinolophus sinicus,betacoronavirus,coronaviridae,nidovirales,pisoniviricetes,Betacoronavirus pandemicum,FALSE,PCR/Sequencing,GenBank,GenBank,https://ftp.ncbi.nlm.nih.gov/genomes/Viruses/AllNuclMetadata/ accessed on 2025-09-16,,,,2023,6,22,2014,5,7,,,2023-06-22,2014-05-07,OQ503502.1
rhinolophus sinicus,betacoronavirus pandemicum,89399,3418604,TRUE,TRUE,TRUE,rhinolophus,rhinolophidae,chiroptera,mammalia,Rhinolophus sinicus,betacoronavirus,coronaviridae,nidovirales,pisoniviricetes,Betacoronavirus pandemicum,FALSE,PCR/Sequencing,GenBank,GenBank,https://ftp.ncbi.nlm.nih.gov/genomes/Viruses/AllNuclMetadata/ accessed on 2025-09-16,,,,2023,6,22,2014,9,2,,,2023-06-22,2014-09-02,"OQ503495.1, OQ503496.1"
rhinolophus sinicus,betacoronavirus pandemicum,89399,3418604,TRUE,TRUE,TRUE,rhinolophus,rhinolophidae,chiroptera,mammalia,Rhinolophus sinicus,betacoronavirus,coronaviridae,nidovirales,pisoniviricetes,Betacoronavirus pandemicum,FALSE,PCR/Sequencing,GenBank,GenBank,https://ftp.ncbi.nlm.nih.gov/genomes/Viruses/AllNuclMetadata/ accessed on 2025-09-16,,,,2023,6,22,2015,8,29,,,2023-06-22,2015-08-29,OQ503497.1
rhinolophus sinicus,betacoronavirus pandemicum,89399,3418604,TRUE,TRUE,TRUE,rhinolophus,rhinolophidae,chiroptera,mammalia,Rhinolophus sinicus,betacoronavirus,coronaviridae,nidovirales,pisoniviricetes,Betacoronavirus pandemicum,FALSE,PCR/Sequencing,GenBank,GenBank,https://ftp.ncbi.nlm.nih.gov/genomes/Viruses/AllNuclMetadata/ accessed on 2025-09-16,,,,2023,6,22,2016,8,13,,,2023-06-22,2016-08-13,"OQ503503.1, OQ503504.1, OQ503505.1"
rhinolophus sinicus,betacoronavirus pandemicum,89399,3418604,TRUE,TRUE,TRUE,rhinolophus,rhinolophidae,chiroptera,mammalia,Rhinolophus sinicus,betacoronavirus,coronaviridae,nidovirales,pisoniviricetes,Betacoronavirus pandemicum,FALSE,PCR/Sequencing,GenBank,GenBank,https://ftp.ncbi.nlm.nih.gov/genomes/Viruses/AllNuclMetadata/ accessed on 2025-09-16,,,,2023,6,22,2019,4,19,,,2023-06-22,2019-04-19,"OQ503498.1, OQ503499.1"
rhinolophus sinicus,betacoronavirus pandemicum,89399,3418604,TRUE,TRUE,TRUE,rhinolophus,rhinolophidae,chiroptera,mammalia,Rhinolophus sinicus,betacoronavirus,coronaviridae,nidovirales,pisoniviricetes,Betacoronavirus pandemicum,FALSE,PCR/Sequencing,GenBank,GenBank,https://ftp.ncbi.nlm.nih.gov/genomes/Viruses/AllNuclMetadata/ accessed on 2025-09-16,,,,2023,8,5,2016,,,,,2023-08-05,2016,"OR364995.1, OR364996.1"
rhinolophus sinicus,betacoronavirus pandemicum,89399,694009,TRUE,TRUE,TRUE,rhinolophus,rhinolophidae,chiroptera,mammalia,Rhinolophus sinicus,betacoronavirus,coronaviridae,nidovirales,pisoniviricetes,Severe acute respiratory syndrome-related coronavirus,FALSE,PCR/Sequencing,NCBI Nucleotide,EID2,Wardeh et al. 2015 Sci Data,,NCBI Nucleotide,,2009,,,,,,211438,https://doi.org/10.1038/sdata.2015.49,,,255733149
rhinolophus sinicus,betacoronavirus pandemicum,89399,694009,TRUE,TRUE,TRUE,rhinolophus,rhinolophidae,chiroptera,mammalia,Rhinolophus sinicus,betacoronavirus,coronaviridae,nidovirales,pisoniviricetes,Severe acute respiratory syndrome-related coronavirus,FALSE,PCR/Sequencing,NCBI Nucleotide,EID2,Wardeh et al. 2015 Sci Data,,NCBI Nucleotide,,2010,,,,,,211439,https://doi.org/10.1038/sdata.2015.49,,,289495933
rhinolophus sinicus,betacoronavirus sp.,89399,1928434,TRUE,TRUE,FALSE,rhinolophus,rhinolophidae,chiroptera,mammalia,Rhinolophus sinicus,betacoronavirus,coronaviridae,nidovirales,pisoniviricetes,Betacoronavirus sp.,FALSE,PCR/Sequencing,GenBank,GenBank,https://ftp.ncbi.nlm.nih.gov/genomes/Viruses/AllNuclMetadata/ accessed on 2025-09-16,,,,2022,3,9,2019,10,22,,,2022-03-09,2019-10-22,"MZ197849.1, MZ197855.1"
rhinolophus sinicus,betacoronavirus sp.,89399,1928434,TRUE,TRUE,FALSE,rhinolophus,rhinolophidae,chiroptera,mammalia,Rhinolophus sinicus,betacoronavirus,coronaviridae,nidovirales,pisoniviricetes,Betacoronavirus sp.,FALSE,PCR/Sequencing,GenBank,GenBank,https://ftp.ncbi.nlm.nih.gov/genomes/Viruses/AllNuclMetadata/ accessed on 2025-09-16,,,,2024,11,19,2013,6,19,,,2024-11-19,2013-06-19,PQ577578.1
rhinolophus sinicus,betacoronavirus sp.,89399,1928434,TRUE,TRUE,FALSE,rhinolophus,rhinolophidae,chiroptera,mammalia,Rhinolophus sinicus,betacoronavirus,coronaviridae,nidovirales,pisoniviricetes,Betacoronavirus sp.,FALSE,PCR/Sequencing,GenBank,GenBank,https://ftp.ncbi.nlm.nih.gov/genomes/Viruses/AllNuclMetadata/ accessed on 2025-09-16,,,,2024,11,19,2020,4,29,,,2024-11-19,2020-04-29,"PQ577584.1, PQ577585.1, PQ577586.1, PQ577587.1, PQ577588.1, PQ577589.1"
rhinolophus sinicus,betacoronavirus sp.,89399,1928434,TRUE,TRUE,FALSE,rhinolophus,rhinolophidae,chiroptera,mammalia,Rhinolophus sinicus,betacoronavirus,coronaviridae,nidovirales,pisoniviricetes,Betacoronavirus sp.,FALSE,PCR/Sequencing,GenBank,GenBank,https://ftp.ncbi.nlm.nih.gov/genomes/Viruses/AllNuclMetadata/ accessed on 2025-09-16,,,,2024,11,19,2020,8,11,,,2024-11-19,2020-08-11,PQ577590.1
rhinolophus sinicus,betacoronavirus sp.,89399,1928434,TRUE,TRUE,FALSE,rhinolophus,rhinolophidae,chiroptera,mammalia,Rhinolophus sinicus,betacoronavirus,coronaviridae,nidovirales,pisoniviricetes,Betacoronavirus sp.,FALSE,PCR/Sequencing,GenBank,GenBank,https://ftp.ncbi.nlm.nih.gov/genomes/Viruses/AllNuclMetadata/ accessed on 2025-09-16,,,,2024,11,19,2020,9,17,,,2024-11-19,2020-09-17,"PQ577581.1, PQ577582.1, PQ577583.1"
rhinolophus sinicus,betacoronavirus sp.,89399,1928434,TRUE,TRUE,FALSE,rhinolophus,rhinolophidae,chiroptera,mammalia,Rhinolophus sinicus,betacoronavirus,coronaviridae,nidovirales,pisoniviricetes,Betacoronavirus sp.,FALSE,PCR/Sequencing,GenBank,GenBank,https://ftp.ncbi.nlm.nih.gov/genomes/Viruses/AllNuclMetadata/ accessed on 2025-09-16,,,,2024,11,19,2021,3,20,,,2024-11-19,2021-03-20,"PQ577579.1, PQ577580.1"
rhinolophus sinicus,betacoronavirus sp.,89399,1928434,TRUE,TRUE,FALSE,rhinolophus,rhinolophidae,chiroptera,mammalia,Rhinolophus sinicus,betacoronavirus,coronaviridae,nidovirales,pisoniviricetes,Betacoronavirus sp.,FALSE,PCR/Sequencing,GenBank,GenBank,https://ftp.ncbi.nlm.nih.gov/genomes/Viruses/AllNuclMetadata/ accessed on 2025-09-16,,,,2025,7,1,2020,10,1,,,2025-07-01,2020-10-01,"PP150761.1, PP150823.1, PP150824.1"
rhinolophus sinicus,betacoronavirus sp.,89399,1928434,TRUE,TRUE,FALSE,rhinolophus,rhinolophidae,chiroptera,mammalia,Rhinolophus sinicus,betacoronavirus,coronaviridae,nidovirales,pisoniviricetes,Betacoronavirus sp.,FALSE,PCR/Sequencing,GenBank,GenBank,https://ftp.ncbi.nlm.nih.gov/genomes/Viruses/AllNuclMetadata/ accessed on 2025-09-16,,,,2025,7,1,2020,9,19,,,2025-07-01,2020-09-19,PP150760.1
rhinolophus sinicus,betacoronavirus sp.,89399,1928434,TRUE,TRUE,FALSE,rhinolophus,rhinolophidae,chiroptera,mammalia,Rhinolophus sinicus,betacoronavirus,coronaviridae,nidovirales,pisoniviricetes,Betacoronavirus sp.,FALSE,PCR/Sequencing,GenBank,GenBank,https://ftp.ncbi.nlm.nih.gov/genomes/Viruses/AllNuclMetadata/ accessed on 2025-09-16,,,,2025,7,1,2020,9,21,,,2025-07-01,2020-09-21,"PP150814.1, PP150815.1, PP150816.1, PP150817.1, PP150826.1, PP150827.1, PP150828.1, PP150829.1, PP150830.1, PP150831.1, PP150835.1"
rhinolophus sinicus,betacoronavirus sp.,89399,1928434,TRUE,TRUE,FALSE,rhinolophus,rhinolophidae,chiroptera,mammalia,Rhinolophus sinicus,betacoronavirus,coronaviridae,nidovirales,pisoniviricetes,Betacoronavirus sp.,FALSE,PCR/Sequencing,GenBank,GenBank,https://ftp.ncbi.nlm.nih.gov/genomes/Viruses/AllNuclMetadata/ accessed on 2025-09-16,,,,2025,7,1,2020,9,24,,,2025-07-01,2020-09-24,"PP150765.1, PP150767.1, PP150768.1, PP150770.1, PP150818.1, PP150820.1, PP150821.1, PP150825.1"
rhinolophus sinicus,betacoronavirus sp.,89399,1928434,TRUE,TRUE,FALSE,rhinolophus,rhinolophidae,chiroptera,mammalia,Rhinolophus sinicus,betacoronavirus,coronaviridae,nidovirales,pisoniviricetes,Betacoronavirus sp.,FALSE,PCR/Sequencing,GenBank,GenBank,https://ftp.ncbi.nlm.nih.gov/genomes/Viruses/AllNuclMetadata/ accessed on 2025-09-16,,,,2025,7,1,2020,9,28,,,2025-07-01,2020-09-28,"PP150764.1, PP150822.1"
rhinolophus sinicus,betacoronavirus sp.,89399,1928434,TRUE,TRUE,FALSE,rhinolophus,rhinolophidae,chiroptera,mammalia,Rhinolophus sinicus,betacoronavirus,coronaviridae,nidovirales,pisoniviricetes,Betacoronavirus sp.,FALSE,PCR/Sequencing,GenBank,GenBank,https://ftp.ncbi.nlm.nih.gov/genomes/Viruses/AllNuclMetadata/ accessed on 2025-09-16,,,,2025,7,1,2020,9,30,,,2025-07-01,2020-09-30,"PP150763.1, PP150819.1"
rhinolophus sinicus,sarbecovirus sp.,89399,2833184,TRUE,TRUE,FALSE,rhinolophus,rhinolophidae,chiroptera,mammalia,Rhinolophus sinicus,betacoronavirus,coronaviridae,nidovirales,pisoniviricetes,Sarbecovirus sp.,FALSE,PCR/Sequencing,GenBank,GenBank,https://ftp.ncbi.nlm.nih.gov/genomes/Viruses/AllNuclMetadata/ accessed on 2025-09-16,,,,2016,4,28,2012,7,,,,2016-04-28,2012-07,KU182963.1
rhinolophus sinicus,sarbecovirus sp.,89399,2833184,TRUE,TRUE,FALSE,rhinolophus,rhinolophidae,chiroptera,mammalia,Rhinolophus sinicus,betacoronavirus,coronaviridae,nidovirales,pisoniviricetes,Sarbecovirus sp.,FALSE,PCR/Sequencing,GenBank,GenBank,https://ftp.ncbi.nlm.nih.gov/genomes/Viruses/AllNuclMetadata/ accessed on 2025-09-16,,,,2017,4,19,2013,,,,,2017-04-19,2013,"KY770858.1, KY770859.1"
rhinolophus sinicus,sarbecovirus sp.,89399,2833184,TRUE,TRUE,FALSE,rhinolophus,rhinolophidae,chiroptera,mammalia,Rhinolophus sinicus,betacoronavirus,coronaviridae,nidovirales,pisoniviricetes,Sarbecovirus sp.,FALSE,PCR/Sequencing,GenBank,GenBank,https://ftp.ncbi.nlm.nih.gov/genomes/Viruses/AllNuclMetadata/ accessed on 2025-09-16,,,,2021,9,22,2016,7,,,,2021-09-22,2016-07,"OK017595.1, OK017812.1"
rhinolophus sinicus,sarbecovirus sp.,89399,2833184,TRUE,TRUE,FALSE,rhinolophus,rhinolophidae,chiroptera,mammalia,Rhinolophus sinicus,betacoronavirus,coronaviridae,nidovirales,pisoniviricetes,Sarbecovirus sp.,FALSE,PCR/Sequencing,GenBank,GenBank,https://ftp.ncbi.nlm.nih.gov/genomes/Viruses/AllNuclMetadata/ accessed on 2025-09-16,,,,2021,9,22,2016,8,,,,2021-09-22,2016-08,"OK017846.1, OK017847.1, OK017848.1, OK017849.1, OK017850.1, OK017851.1"
rhinolophus sinicus,sarbecovirus sp.,89399,2833184,TRUE,TRUE,FALSE,rhinolophus,rhinolophidae,chiroptera,mammalia,Rhinolophus sinicus,betacoronavirus,coronaviridae,nidovirales,pisoniviricetes,Sarbecovirus sp.,FALSE,PCR/Sequencing,GenBank,GenBank,https://ftp.ncbi.nlm.nih.gov/genomes/Viruses/AllNuclMetadata/ accessed on 2025-09-16,,,,2021,9,22,2017,6,,,,2021-09-22,2017-06,"OK017605.1, OK017606.1, OK017607.1"
rhinolophus sinicus,sarbecovirus sp.,89399,2833184,TRUE,TRUE,FALSE,rhinolophus,rhinolophidae,chiroptera,mammalia,Rhinolophus sinicus,betacoronavirus,coronaviridae,nidovirales,pisoniviricetes,Sarbecovirus sp.,FALSE,PCR/Sequencing,GenBank,GenBank,https://ftp.ncbi.nlm.nih.gov/genomes/Viruses/AllNuclMetadata/ accessed on 2025-09-16,,,,2021,9,22,2017,8,,,,2021-09-22,2017-08,"OK017608.1, OK017609.1"
rhinolophus sinicus,sarbecovirus sp.,89399,2833184,TRUE,TRUE,FALSE,rhinolophus,rhinolophidae,chiroptera,mammalia,Rhinolophus sinicus,betacoronavirus,coronaviridae,nidovirales,pisoniviricetes,Sarbecovirus sp.,FALSE,PCR/Sequencing,GenBank,GenBank,https://ftp.ncbi.nlm.nih.gov/genomes/Viruses/AllNuclMetadata/ accessed on 2025-09-16,,,,2021,9,22,2017,9,,,,2021-09-22,2017-09,"OK017596.1, OK017597.1, OK017598.1, OK017599.1, OK017600.1, OK017601.1, OK017602.1, OK017603.1, OK017813.1, OK017814.1, OK017815.1, OK017816.1, OK017817.1, OK017818.1, OK017819.1, OK017820.1, OK017821.1, OK017822.1, OK017823.1, OK017824.1"
rhinolophus sinicus,sarbecovirus sp.,89399,2833184,TRUE,TRUE,FALSE,rhinolophus,rhinolophidae,chiroptera,mammalia,Rhinolophus sinicus,betacoronavirus,coronaviridae,nidovirales,pisoniviricetes,Sarbecovirus sp.,FALSE,PCR/Sequencing,GenBank,GenBank,https://ftp.ncbi.nlm.nih.gov/genomes/Viruses/AllNuclMetadata/ accessed on 2025-09-16,,,,2021,9,22,2019,8,,,,2021-09-22,2019-08,"OK017604.1, OK017825.1, OK017826.1"
rhinolophus sinicus,sarbecovirus sp.,89399,2833184,TRUE,TRUE,FALSE,rhinolophus,rhinolophidae,chiroptera,mammalia,Rhinolophus sinicus,betacoronavirus,coronaviridae,nidovirales,pisoniviricetes,Sarbecovirus sp.,FALSE,PCR/Sequencing,GenBank,GenBank,https://ftp.ncbi.nlm.nih.gov/genomes/Viruses/AllNuclMetadata/ accessed on 2025-09-16,,,,2021,9,22,2019,9,,,,2021-09-22,2019-09,"OK017827.1, OK017828.1"
rhinolophus sinicus,sarbecovirus sp.,89399,2833184,TRUE,TRUE,FALSE,rhinolophus,rhinolophidae,chiroptera,mammalia,Rhinolophus sinicus,betacoronavirus,coronaviridae,nidovirales,pisoniviricetes,Sarbecovirus sp.,FALSE,PCR/Sequencing,GenBank,GenBank,https://ftp.ncbi.nlm.nih.gov/genomes/Viruses/AllNuclMetadata/ accessed on 2025-09-16,,,,2021,9,22,2020,6,,,,2021-09-22,2020-06,"OK017618.1, OK017852.1, OK017853.1, OK017854.1, OK017855.1, OK017856.1, OK017857.1, OK017858.1"
rhinolophus sinicus,sarbecovirus sp.,89399,2833184,TRUE,TRUE,FALSE,rhinolophus,rhinolophidae,chiroptera,mammalia,Rhinolophus sinicus,betacoronavirus,coronaviridae,nidovirales,pisoniviricetes,Sarbecovirus sp.,FALSE,PCR/Sequencing,GenBank,GenBank,https://ftp.ncbi.nlm.nih.gov/genomes/Viruses/AllNuclMetadata/ accessed on 2025-09-16,,,,2021,9,22,2020,7,,,,2021-09-22,2020-07,"OK017594.1, OK017619.1, OK017620.1, OK017621.1, OK017622.1, OK017623.1, OK017624.1, OK017625.1, OK017626.1, OK017627.1, OK017628.1, OK017629.1"
rhinolophus sinicus,sarbecovirus sp.,89399,2833184,TRUE,TRUE,FALSE,rhinolophus,rhinolophidae,chiroptera,mammalia,Rhinolophus sinicus,betacoronavirus,coronaviridae,nidovirales,pisoniviricetes,Sarbecovirus sp.,FALSE,PCR/Sequencing,GenBank,GenBank,https://ftp.ncbi.nlm.nih.gov/genomes/Viruses/AllNuclMetadata/ accessed on 2025-09-16,,,,2021,9,22,2021,2,,,,2021-09-22,2021-02,"OK017832.1, OK017833.1"
rhinolophus sinicus,sarbecovirus sp.,89399,2833184,TRUE,TRUE,FALSE,rhinolophus,rhinolophidae,chiroptera,mammalia,Rhinolophus sinicus,betacoronavirus,coronaviridae,nidovirales,pisoniviricetes,Sarbecovirus sp.,FALSE,PCR/Sequencing,GenBank,GenBank,https://ftp.ncbi.nlm.nih.gov/genomes/Viruses/AllNuclMetadata/ accessed on 2025-09-16,,,,2021,9,22,2021,3,,,,2021-09-22,2021-03,"OK017635.1, OK017636.1, OK017637.1, OK017638.1, OK017639.1, OK017829.1, OK017830.1, OK017831.1, OK017834.1, OK017835.1"
rhinolophus sinicus,sarbecovirus sp.,89399,2833184,TRUE,TRUE,FALSE,rhinolophus,rhinolophidae,chiroptera,mammalia,Rhinolophus sinicus,betacoronavirus,coronaviridae,nidovirales,pisoniviricetes,Sarbecovirus sp.,FALSE,PCR/Sequencing,GenBank,GenBank,https://ftp.ncbi.nlm.nih.gov/genomes/Viruses/AllNuclMetadata/ accessed on 2025-09-16,,,,2021,9,22,2021,5,,,,2021-09-22,2021-05,"OK017641.1, OK017642.1, OK017643.1, OK017644.1, OK017645.1, OK017646.1, OK017647.1, OK017648.1, OK017649.1, OK017808.1, OK017809.1, OK017810.1, OK017811.1"
rhinolophus sinicus,sarbecovirus sp.,89399,2833184,TRUE,TRUE,FALSE,rhinolophus,rhinolophidae,chiroptera,mammalia,Rhinolophus sinicus,betacoronavirus,coronaviridae,nidovirales,pisoniviricetes,Sarbecovirus sp.,FALSE,PCR/Sequencing,GenBank,GenBank,https://ftp.ncbi.nlm.nih.gov/genomes/Viruses/AllNuclMetadata/ accessed on 2025-09-16,,,,2021,9,22,2021,7,,,,2021-09-22,2021-07,"OK017652.1, OK017653.1, OK017655.1, OK017656.1, OK017657.1, OK017658.1, OK017659.1, OK017660.1, OK017661.1, OK017662.1, OK017663.1, OK017664.1, OK017665.1, OK017666.1, OK017667.1, OK017668.1, OK017669.1, OK017670.1, OK017807.1, OK017836.1, OK017837.1, OK017838.1, OK017839.1, OK017840.1, OK017841.1, OK017842.1, OK017843.1, OK017844.1, OK017845.1"
rhinolophus sinicus,sarbecovirus sp.,89399,2833184,TRUE,TRUE,FALSE,rhinolophus,rhinolophidae,chiroptera,mammalia,Rhinolophus sinicus,betacoronavirus,coronaviridae,nidovirales,pisoniviricetes,Sarbecovirus sp.,FALSE,PCR/Sequencing,GenBank,GenBank,https://ftp.ncbi.nlm.nih.gov/genomes/Viruses/AllNuclMetadata/ accessed on 2025-09-16,,,,2022,8,20,2020,10,,,,2022-08-20,2020-10,OK287354.1
rhinolophus sinicus,sarbecovirus sp.,89399,2833184,TRUE,TRUE,FALSE,rhinolophus,rhinolophidae,chiroptera,mammalia,Rhinolophus sinicus,betacoronavirus,coronaviridae,nidovirales,pisoniviricetes,Sarbecovirus sp.,FALSE,PCR/Sequencing,GenBank,GenBank,https://ftp.ncbi.nlm.nih.gov/genomes/Viruses/AllNuclMetadata/ accessed on 2025-09-16,,,,2025,8,1,2023,5,,,,2025-08-01,2023-05,"PQ189535.1, PQ189562.1, PQ189568.1, PQ189572.1"
rhinolophus sinicus,sarbecovirus sp.,89399,2833184,TRUE,TRUE,FALSE,rhinolophus,rhinolophidae,chiroptera,mammalia,Rhinolophus sinicus,betacoronavirus,coronaviridae,nidovirales,pisoniviricetes,Sarbecovirus sp.,FALSE,PCR/Sequencing,GenBank,GenBank,https://ftp.ncbi.nlm.nih.gov/genomes/Viruses/AllNuclMetadata/ accessed on 2025-09-16,,,,2025,8,1,2023,6,,,,2025-08-01,2023-06,"PQ189529.1, PQ189540.1, PQ189550.1, PQ189567.1, PQ189574.1"
rhinolophus sinicus,sarbecovirus sp.,89399,2833184,TRUE,TRUE,FALSE,rhinolophus,rhinolophidae,chiroptera,mammalia,Rhinolophus sinicus,betacoronavirus,coronaviridae,nidovirales,pisoniviricetes,Sarbecovirus sp.,FALSE,PCR/Sequencing,GenBank,GenBank,https://ftp.ncbi.nlm.nih.gov/genomes/Viruses/AllNuclMetadata/ accessed on 2025-09-16,,,,2025,8,1,2023,7,,,,2025-08-01,2023-07,"PQ189498.1, PQ189502.1, PQ189503.1, PQ189509.1, PQ189547.1, PQ189551.1, PQ189556.1, PQ189559.1, PQ189569.1, PQ189571.1, PQ189576.1"
rhinolophus sinicus,sarbecovirus sp.,89399,2833184,TRUE,TRUE,FALSE,rhinolophus,rhinolophidae,chiroptera,mammalia,Rhinolophus sinicus,betacoronavirus,coronaviridae,nidovirales,pisoniviricetes,Sarbecovirus sp.,FALSE,PCR/Sequencing,GenBank,GenBank,https://ftp.ncbi.nlm.nih.gov/genomes/Viruses/AllNuclMetadata/ accessed on 2025-09-16,,,,2025,8,1,2023,8,,,,2025-08-01,2023-08,"PQ189508.1, PQ189521.1, PQ189531.1, PQ189545.1, PQ189554.1, PQ189564.1"
rhinolophus sinicus,sarbecovirus sp.,89399,2833184,TRUE,TRUE,FALSE,rhinolophus,rhinolophidae,chiroptera,mammalia,Rhinolophus sinicus,betacoronavirus,coronaviridae,nidovirales,pisoniviricetes,Sarbecovirus sp.,FALSE,PCR/Sequencing,GenBank,GenBank,https://ftp.ncbi.nlm.nih.gov/genomes/Viruses/AllNuclMetadata/ accessed on 2025-09-16,,,,2025,8,1,2023,9,,,,2025-08-01,2023-09,"PQ189506.1, PQ189519.1, PQ189528.1, PQ189530.1, PQ189538.1, PQ189544.1, PQ189548.1, PQ189557.1"
rhinolophus sp.,betacoronavirus gravedinis,3075052,3433757,TRUE,TRUE,TRUE,rhinolophus,rhinolophidae,chiroptera,mammalia,Rhinolophus sp.,betacoronavirus,coronaviridae,nidovirales,pisoniviricetes,Betacoronavirus gravedinis,FALSE,PCR/Sequencing,GenBank,GenBank,https://ftp.ncbi.nlm.nih.gov/genomes/Viruses/AllNuclMetadata/ accessed on 2025-09-16,,,,2022,5,29,2017,8,4,,,2022-05-29,2017-08-04,MT063811.1
rhinolophus sp.,betacoronavirus pandemicum,3075052,3418604,TRUE,TRUE,TRUE,rhinolophus,rhinolophidae,chiroptera,mammalia,Rhinolophus sp.,betacoronavirus,coronaviridae,nidovirales,pisoniviricetes,Betacoronavirus pandemicum,FALSE,PCR/Sequencing,GenBank,GenBank,https://ftp.ncbi.nlm.nih.gov/genomes/Viruses/AllNuclMetadata/ accessed on 2025-09-16,,,,2023,3,30,2021,12,,,,2023-03-30,2021-12,OQ297704.1
rhinolophus sp.,betacoronavirus rousetti,3075052,3418615,TRUE,TRUE,TRUE,rhinolophus,rhinolophidae,chiroptera,mammalia,Rhinolophus sp.,betacoronavirus,coronaviridae,nidovirales,pisoniviricetes,Betacoronavirus rousetti,FALSE,PCR/Sequencing,GenBank,GenBank,https://ftp.ncbi.nlm.nih.gov/genomes/Viruses/AllNuclMetadata/ accessed on 2025-09-16,,,,2022,5,29,2016,11,18,,,2022-05-29,2016-11-18,MT063944.1
rhinolophus sp.,betacoronavirus rousetti,3075052,3418615,TRUE,TRUE,TRUE,rhinolophus,rhinolophidae,chiroptera,mammalia,Rhinolophus sp.,betacoronavirus,coronaviridae,nidovirales,pisoniviricetes,Betacoronavirus rousetti,FALSE,PCR/Sequencing,GenBank,GenBank,https://ftp.ncbi.nlm.nih.gov/genomes/Viruses/AllNuclMetadata/ accessed on 2025-09-16,,,,2022,5,29,2018,1,15,,,2022-05-29,2018-01-15,"MT063914.1, MT063915.1"
rhinolophus sp.,betacoronavirus sp.,3075052,1928434,TRUE,TRUE,FALSE,rhinolophus,rhinolophidae,chiroptera,mammalia,Rhinolophus sp.,betacoronavirus,coronaviridae,nidovirales,pisoniviricetes,Betacoronavirus sp.,FALSE,PCR/Sequencing,GenBank,GenBank,https://ftp.ncbi.nlm.nih.gov/genomes/Viruses/AllNuclMetadata/ accessed on 2025-09-16,,,,2024,3,26,2021,3,,,,2024-03-26,2021-03,"PP453724.1, PP453725.1, PP453726.1, PP453727.1"
rhinolophus stheno,betacoronavirus pandemicum,430491,3418604,TRUE,TRUE,TRUE,rhinolophus,rhinolophidae,chiroptera,mammalia,Rhinolophus stheno,betacoronavirus,coronaviridae,nidovirales,pisoniviricetes,Betacoronavirus pandemicum,FALSE,PCR/Sequencing,GenBank,GenBank,https://ftp.ncbi.nlm.nih.gov/genomes/Viruses/AllNuclMetadata/ accessed on 2025-09-16,,,,2021,12,5,2015,5,29,,,2021-12-05,2015-05-29,"OL674074.1, OL674075.1, OL674076.1, OL674078.1, OL674079.1, OL674080.1, OL674081.1"
rhinolophus stheno,betacoronavirus sp.,430491,1928434,TRUE,TRUE,FALSE,rhinolophus,rhinolophidae,chiroptera,mammalia,Rhinolophus stheno,betacoronavirus,coronaviridae,nidovirales,pisoniviricetes,Betacoronavirus sp.,FALSE,PCR/Sequencing,GenBank,GenBank,https://ftp.ncbi.nlm.nih.gov/genomes/Viruses/AllNuclMetadata/ accessed on 2025-09-16,,,,2022,3,9,2020,4,18,,,2022-03-09,2020-04-18,"MZ197845.1, MZ197850.1, MZ197856.1"
rhinolophus thomasi,betacoronavirus pandemicum,476589,3418604,TRUE,TRUE,TRUE,rhinolophus,rhinolophidae,chiroptera,mammalia,Rhinolophus thomasi,betacoronavirus,coronaviridae,nidovirales,pisoniviricetes,Betacoronavirus pandemicum,FALSE,PCR/Sequencing,GenBank,GenBank,https://ftp.ncbi.nlm.nih.gov/genomes/Viruses/AllNuclMetadata/ accessed on 2025-09-16,,,,2014,10,30,2012,,,,,2014-10-30,2012,KF294425.1
rhinolophus thomasi,betacoronavirus pandemicum,476589,3418604,TRUE,TRUE,TRUE,rhinolophus,rhinolophidae,chiroptera,mammalia,Rhinolophus thomasi,betacoronavirus,coronaviridae,nidovirales,pisoniviricetes,Betacoronavirus pandemicum,FALSE,PCR/Sequencing,GenBank,GenBank,https://ftp.ncbi.nlm.nih.gov/genomes/Viruses/AllNuclMetadata/ accessed on 2025-09-16,,,,2023,5,9,2018,,,,,2023-05-09,2018,OQ934006.1
rhinolophus thomasi,betacoronavirus pandemicum,476589,3418604,TRUE,TRUE,TRUE,rhinolophus,rhinolophidae,chiroptera,mammalia,Rhinolophus thomasi,betacoronavirus,coronaviridae,nidovirales,pisoniviricetes,Betacoronavirus pandemicum,FALSE,PCR/Sequencing,GenBank,GenBank,https://ftp.ncbi.nlm.nih.gov/genomes/Viruses/AllNuclMetadata/ accessed on 2025-09-16,,,,2023,6,22,2018,7,3,,,2023-06-22,2018-07-03,OQ503506.1
rhinolophus thomasi,horseshoe bat sarbecovirus,476589,3068538,TRUE,TRUE,FALSE,rhinolophus,rhinolophidae,chiroptera,mammalia,Rhinolophus thomasi,betacoronavirus,coronaviridae,nidovirales,pisoniviricetes,Horseshoe bat sarbecovirus,FALSE,PCR/Sequencing,GenBank,GenBank,https://ftp.ncbi.nlm.nih.gov/genomes/Viruses/AllNuclMetadata/ accessed on 2025-09-16,,,,2023,8,14,2017,6,4,,,2023-08-14,2017-06-04,OR233295.1
rhinolophus thomasi,horseshoe bat sarbecovirus,476589,3068538,TRUE,TRUE,FALSE,rhinolophus,rhinolophidae,chiroptera,mammalia,Rhinolophus thomasi,betacoronavirus,coronaviridae,nidovirales,pisoniviricetes,Horseshoe bat sarbecovirus,FALSE,PCR/Sequencing,GenBank,GenBank,https://ftp.ncbi.nlm.nih.gov/genomes/Viruses/AllNuclMetadata/ accessed on 2025-09-16,,,,2023,8,14,2021,11,12,,,2023-08-14,2021-11-12,"OR233297.1, OR233308.1"
rhinolophus thomasi,horseshoe bat sarbecovirus,476589,3068538,TRUE,TRUE,FALSE,rhinolophus,rhinolophidae,chiroptera,mammalia,Rhinolophus thomasi,betacoronavirus,coronaviridae,nidovirales,pisoniviricetes,Horseshoe bat sarbecovirus,FALSE,PCR/Sequencing,GenBank,GenBank,https://ftp.ncbi.nlm.nih.gov/genomes/Viruses/AllNuclMetadata/ accessed on 2025-09-16,,,,2023,8,14,2021,11,14,,,2023-08-14,2021-11-14,OR233305.1
rhinolophus thomasi,horseshoe bat sarbecovirus,476589,3068538,TRUE,TRUE,FALSE,rhinolophus,rhinolophidae,chiroptera,mammalia,Rhinolophus thomasi,betacoronavirus,coronaviridae,nidovirales,pisoniviricetes,Horseshoe bat sarbecovirus,FALSE,PCR/Sequencing,GenBank,GenBank,https://ftp.ncbi.nlm.nih.gov/genomes/Viruses/AllNuclMetadata/ accessed on 2025-09-16,,,,2023,8,14,2022,11,1,,,2023-08-14,2022-11-01,OR233318.1
rhinolophus thomasi,horseshoe bat sarbecovirus,476589,3068538,TRUE,TRUE,FALSE,rhinolophus,rhinolophidae,chiroptera,mammalia,Rhinolophus thomasi,betacoronavirus,coronaviridae,nidovirales,pisoniviricetes,Horseshoe bat sarbecovirus,FALSE,PCR/Sequencing,GenBank,GenBank,https://ftp.ncbi.nlm.nih.gov/genomes/Viruses/AllNuclMetadata/ accessed on 2025-09-16,,,,2023,8,14,2022,11,10,,,2023-08-14,2022-11-10,OR233298.1
rhinolophus thomasi,horseshoe bat sarbecovirus,476589,3068538,TRUE,TRUE,FALSE,rhinolophus,rhinolophidae,chiroptera,mammalia,Rhinolophus thomasi,betacoronavirus,coronaviridae,nidovirales,pisoniviricetes,Horseshoe bat sarbecovirus,FALSE,PCR/Sequencing,GenBank,GenBank,https://ftp.ncbi.nlm.nih.gov/genomes/Viruses/AllNuclMetadata/ accessed on 2025-09-16,,,,2023,8,14,2022,11,2,,,2023-08-14,2022-11-02,"OR233319.1, OR233320.1, OR233321.1"
rhinolophus thomasi,horseshoe bat sarbecovirus,476589,3068538,TRUE,TRUE,FALSE,rhinolophus,rhinolophidae,chiroptera,mammalia,Rhinolophus thomasi,betacoronavirus,coronaviridae,nidovirales,pisoniviricetes,Horseshoe bat sarbecovirus,FALSE,PCR/Sequencing,GenBank,GenBank,https://ftp.ncbi.nlm.nih.gov/genomes/Viruses/AllNuclMetadata/ accessed on 2025-09-16,,,,2023,8,14,2022,11,4,,,2023-08-14,2022-11-04,OR233300.1
rhinolophus thomasi,horseshoe bat sarbecovirus,476589,3068538,TRUE,TRUE,FALSE,rhinolophus,rhinolophidae,chiroptera,mammalia,Rhinolophus thomasi,betacoronavirus,coronaviridae,nidovirales,pisoniviricetes,Horseshoe bat sarbecovirus,FALSE,PCR/Sequencing,GenBank,GenBank,https://ftp.ncbi.nlm.nih.gov/genomes/Viruses/AllNuclMetadata/ accessed on 2025-09-16,,,,2023,8,14,2022,11,5,,,2023-08-14,2022-11-05,"OR233316.1, OR233317.1"
rhinolophus thomasi,horseshoe bat sarbecovirus,476589,3068538,TRUE,TRUE,FALSE,rhinolophus,rhinolophidae,chiroptera,mammalia,Rhinolophus thomasi,betacoronavirus,coronaviridae,nidovirales,pisoniviricetes,Horseshoe bat sarbecovirus,FALSE,PCR/Sequencing,GenBank,GenBank,https://ftp.ncbi.nlm.nih.gov/genomes/Viruses/AllNuclMetadata/ accessed on 2025-09-16,,,,2023,8,14,2022,11,7,,,2023-08-14,2022-11-07,OR233299.1
rhinolophus thomasi,horseshoe bat sarbecovirus,476589,3068538,TRUE,TRUE,FALSE,rhinolophus,rhinolophidae,chiroptera,mammalia,Rhinolophus thomasi,betacoronavirus,coronaviridae,nidovirales,pisoniviricetes,Horseshoe bat sarbecovirus,FALSE,PCR/Sequencing,GenBank,GenBank,https://ftp.ncbi.nlm.nih.gov/genomes/Viruses/AllNuclMetadata/ accessed on 2025-09-16,,,,2023,8,14,2022,2,28,,,2023-08-14,2022-02-28,OR233293.1
rhinolophus thomasi,horseshoe bat sarbecovirus,476589,3068538,TRUE,TRUE,FALSE,rhinolophus,rhinolophidae,chiroptera,mammalia,Rhinolophus thomasi,betacoronavirus,coronaviridae,nidovirales,pisoniviricetes,Horseshoe bat sarbecovirus,FALSE,PCR/Sequencing,GenBank,GenBank,https://ftp.ncbi.nlm.nih.gov/genomes/Viruses/AllNuclMetadata/ accessed on 2025-09-16,,,,2023,8,14,2022,3,6,,,2023-08-14,2022-03-06,"OR233296.1, OR233306.1, OR233307.1"
rhinolophus thomasi,horseshoe bat sarbecovirus,476589,3068538,TRUE,TRUE,FALSE,rhinolophus,rhinolophidae,chiroptera,mammalia,Rhinolophus thomasi,betacoronavirus,coronaviridae,nidovirales,pisoniviricetes,Horseshoe bat sarbecovirus,FALSE,PCR/Sequencing,GenBank,GenBank,https://ftp.ncbi.nlm.nih.gov/genomes/Viruses/AllNuclMetadata/ accessed on 2025-09-16,,,,2023,8,14,2022,6,18,,,2023-08-14,2022-06-18,"OR233294.1, OR233310.1"
rhinolophus thomasi,horseshoe bat sarbecovirus,476589,3068538,TRUE,TRUE,FALSE,rhinolophus,rhinolophidae,chiroptera,mammalia,Rhinolophus thomasi,betacoronavirus,coronaviridae,nidovirales,pisoniviricetes,Horseshoe bat sarbecovirus,FALSE,PCR/Sequencing,GenBank,GenBank,https://ftp.ncbi.nlm.nih.gov/genomes/Viruses/AllNuclMetadata/ accessed on 2025-09-16,,,,2023,8,14,2022,7,1,,,2023-08-14,2022-07-01,OR233303.1
rhinolophus thomasi,horseshoe bat sarbecovirus,476589,3068538,TRUE,TRUE,FALSE,rhinolophus,rhinolophidae,chiroptera,mammalia,Rhinolophus thomasi,betacoronavirus,coronaviridae,nidovirales,pisoniviricetes,Horseshoe bat sarbecovirus,FALSE,PCR/Sequencing,GenBank,GenBank,https://ftp.ncbi.nlm.nih.gov/genomes/Viruses/AllNuclMetadata/ accessed on 2025-09-16,,,,2023,8,14,2022,7,3,,,2023-08-14,2022-07-03,"OR233301.1, OR233309.1, OR233312.1, OR233313.1, OR233314.1"
rhinolophus thomasi,horseshoe bat sarbecovirus,476589,3068538,TRUE,TRUE,FALSE,rhinolophus,rhinolophidae,chiroptera,mammalia,Rhinolophus thomasi,betacoronavirus,coronaviridae,nidovirales,pisoniviricetes,Horseshoe bat sarbecovirus,FALSE,PCR/Sequencing,GenBank,GenBank,https://ftp.ncbi.nlm.nih.gov/genomes/Viruses/AllNuclMetadata/ accessed on 2025-09-16,,,,2023,8,14,2022,7,4,,,2023-08-14,2022-07-04,OR233311.1
rhinolophus thomasi,rhinolophus thomasi bat coronavirus,476589,3061635,TRUE,TRUE,FALSE,rhinolophus,rhinolophidae,chiroptera,mammalia,Rhinolophus thomasi,betacoronavirus,coronaviridae,nidovirales,pisoniviricetes,Rhinolophus thomasi bat coronavirus,FALSE,PCR/Sequencing,GenBank,GenBank,https://ftp.ncbi.nlm.nih.gov/genomes/Viruses/AllNuclMetadata/ accessed on 2025-09-16,,,,2023,10,4,2021,3,,,,2023-10-04,2021-03,OR261262.1
rhinolophus thomasi,rhinolophus thomasi bat coronavirus,476589,3061635,TRUE,TRUE,FALSE,rhinolophus,rhinolophidae,chiroptera,mammalia,Rhinolophus thomasi,betacoronavirus,coronaviridae,nidovirales,pisoniviricetes,Rhinolophus thomasi bat coronavirus,FALSE,PCR/Sequencing,GenBank,GenBank,https://ftp.ncbi.nlm.nih.gov/genomes/Viruses/AllNuclMetadata/ accessed on 2025-09-16,,,,2023,10,4,2021,7,,,,2023-10-04,2021-07,"OR261263.1, OR261264.1, OR261266.1, OR261267.1, OR261268.1"
rhinopoma hardwickii,betacoronavirus rousetti,124756,3418615,TRUE,TRUE,TRUE,rhinopoma,rhinopomatidae,chiroptera,mammalia,Rhinopoma hardwickii,betacoronavirus,coronaviridae,nidovirales,pisoniviricetes,Betacoronavirus rousetti,FALSE,PCR/Sequencing,GenBank,GenBank,https://ftp.ncbi.nlm.nih.gov/genomes/Viruses/AllNuclMetadata/ accessed on 2025-09-16,,,,2022,5,29,2017,8,29,,,2022-05-29,2017-08-29,MT222032.1
rousettus aegyptiacus,betacoronavirus cororeum,9407,3418613,TRUE,TRUE,TRUE,rousettus,pteropodidae,chiroptera,mammalia,Rousettus aegyptiacus,betacoronavirus,coronaviridae,nidovirales,pisoniviricetes,Betacoronavirus cororeum,FALSE,PCR/Sequencing,GenBank,GenBank,https://ftp.ncbi.nlm.nih.gov/genomes/Viruses/AllNuclMetadata/ accessed on 2025-09-16,,,,2022,5,29,2013,5,10,,,2022-05-29,2013-05-10,MZ293739.1
rousettus aegyptiacus,betacoronavirus rousetti,9407,3418615,TRUE,TRUE,TRUE,rousettus,pteropodidae,chiroptera,mammalia,Rousettus aegyptiacus,betacoronavirus,coronaviridae,nidovirales,pisoniviricetes,Betacoronavirus rousetti,FALSE,PCR/Sequencing,GenBank,GenBank,https://ftp.ncbi.nlm.nih.gov/genomes/Viruses/AllNuclMetadata/ accessed on 2025-09-16,,,,2017,11,14,2013,1,29,,,2017-11-14,2013-01-29,KX284959.1
rousettus aegyptiacus,betacoronavirus rousetti,9407,3418615,TRUE,TRUE,TRUE,rousettus,pteropodidae,chiroptera,mammalia,Rousettus aegyptiacus,betacoronavirus,coronaviridae,nidovirales,pisoniviricetes,Betacoronavirus rousetti,FALSE,PCR/Sequencing,GenBank,GenBank,https://ftp.ncbi.nlm.nih.gov/genomes/Viruses/AllNuclMetadata/ accessed on 2025-09-16,,,,2017,11,14,2013,5,10,,,2017-11-14,2013-05-10,"KX285424.1, KX285425.1, KX286259.1"
rousettus aegyptiacus,betacoronavirus rousetti,9407,3418615,TRUE,TRUE,TRUE,rousettus,pteropodidae,chiroptera,mammalia,Rousettus aegyptiacus,betacoronavirus,coronaviridae,nidovirales,pisoniviricetes,Betacoronavirus rousetti,FALSE,PCR/Sequencing,GenBank,GenBank,https://ftp.ncbi.nlm.nih.gov/genomes/Viruses/AllNuclMetadata/ accessed on 2025-09-16,,,,2022,5,29,2016,11,16,,,2022-05-29,2016-11-16,"MT125335.1, MT125556.1, MT125557.1, MT125558.1, MT125559.1"
rousettus aegyptiacus,betacoronavirus rousetti,9407,3418615,TRUE,TRUE,TRUE,rousettus,pteropodidae,chiroptera,mammalia,Rousettus aegyptiacus,betacoronavirus,coronaviridae,nidovirales,pisoniviricetes,Betacoronavirus rousetti,FALSE,PCR/Sequencing,GenBank,GenBank,https://ftp.ncbi.nlm.nih.gov/genomes/Viruses/AllNuclMetadata/ accessed on 2025-09-16,,,,2022,5,29,2016,11,21,,,2022-05-29,2016-11-21,"MT125363.1, MT125560.1"
rousettus aegyptiacus,betacoronavirus rousetti,9407,3418615,TRUE,TRUE,TRUE,rousettus,pteropodidae,chiroptera,mammalia,Rousettus aegyptiacus,betacoronavirus,coronaviridae,nidovirales,pisoniviricetes,Betacoronavirus rousetti,FALSE,PCR/Sequencing,GenBank,GenBank,https://ftp.ncbi.nlm.nih.gov/genomes/Viruses/AllNuclMetadata/ accessed on 2025-09-16,,,,2022,5,29,2016,7,4,,,2022-05-29,2016-07-04,MT082118.1
rousettus aegyptiacus,betacoronavirus rousetti,9407,3418615,TRUE,TRUE,TRUE,rousettus,pteropodidae,chiroptera,mammalia,Rousettus aegyptiacus,betacoronavirus,coronaviridae,nidovirales,pisoniviricetes,Betacoronavirus rousetti,FALSE,PCR/Sequencing,GenBank,GenBank,https://ftp.ncbi.nlm.nih.gov/genomes/Viruses/AllNuclMetadata/ accessed on 2025-09-16,,,,2022,5,29,2016,7,5,,,2022-05-29,2016-07-05,MT082108.1
rousettus aegyptiacus,betacoronavirus rousetti,9407,3418615,TRUE,TRUE,TRUE,rousettus,pteropodidae,chiroptera,mammalia,Rousettus aegyptiacus,betacoronavirus,coronaviridae,nidovirales,pisoniviricetes,Betacoronavirus rousetti,FALSE,PCR/Sequencing,GenBank,GenBank,https://ftp.ncbi.nlm.nih.gov/genomes/Viruses/AllNuclMetadata/ accessed on 2025-09-16,,,,2022,5,29,2016,7,6,,,2022-05-29,2016-07-06,MT064044.1
rousettus aegyptiacus,betacoronavirus rousetti,9407,3418615,TRUE,TRUE,TRUE,rousettus,pteropodidae,chiroptera,mammalia,Rousettus aegyptiacus,betacoronavirus,coronaviridae,nidovirales,pisoniviricetes,Betacoronavirus rousetti,FALSE,PCR/Sequencing,GenBank,GenBank,https://ftp.ncbi.nlm.nih.gov/genomes/Viruses/AllNuclMetadata/ accessed on 2025-09-16,,,,2022,5,29,2017,1,24,,,2022-05-29,2017-01-24,MT125277.1
rousettus aegyptiacus,betacoronavirus rousetti,9407,3418615,TRUE,TRUE,TRUE,rousettus,pteropodidae,chiroptera,mammalia,Rousettus aegyptiacus,betacoronavirus,coronaviridae,nidovirales,pisoniviricetes,Betacoronavirus rousetti,FALSE,PCR/Sequencing,GenBank,GenBank,https://ftp.ncbi.nlm.nih.gov/genomes/Viruses/AllNuclMetadata/ accessed on 2025-09-16,,,,2022,5,29,2017,12,13,,,2022-05-29,2017-12-13,"MT082158.1, MT082159.1"
rousettus aegyptiacus,betacoronavirus rousetti,9407,3418615,TRUE,TRUE,TRUE,rousettus,pteropodidae,chiroptera,mammalia,Rousettus aegyptiacus,betacoronavirus,coronaviridae,nidovirales,pisoniviricetes,Betacoronavirus rousetti,FALSE,PCR/Sequencing,GenBank,GenBank,https://ftp.ncbi.nlm.nih.gov/genomes/Viruses/AllNuclMetadata/ accessed on 2025-09-16,,,,2022,5,29,2017,12,14,,,2022-05-29,2017-12-14,MT082160.1
rousettus aegyptiacus,betacoronavirus rousetti,9407,3418615,TRUE,TRUE,TRUE,rousettus,pteropodidae,chiroptera,mammalia,Rousettus aegyptiacus,betacoronavirus,coronaviridae,nidovirales,pisoniviricetes,Betacoronavirus rousetti,FALSE,PCR/Sequencing,GenBank,GenBank,https://ftp.ncbi.nlm.nih.gov/genomes/Viruses/AllNuclMetadata/ accessed on 2025-09-16,,,,2022,5,29,2017,3,13,,,2022-05-29,2017-03-13,MT082113.1
rousettus aegyptiacus,betacoronavirus rousetti,9407,3418615,TRUE,TRUE,TRUE,rousettus,pteropodidae,chiroptera,mammalia,Rousettus aegyptiacus,betacoronavirus,coronaviridae,nidovirales,pisoniviricetes,Betacoronavirus rousetti,FALSE,PCR/Sequencing,GenBank,GenBank,https://ftp.ncbi.nlm.nih.gov/genomes/Viruses/AllNuclMetadata/ accessed on 2025-09-16,,,,2022,5,29,2017,3,14,,,2022-05-29,2017-03-14,MT082114.1
rousettus aegyptiacus,betacoronavirus rousetti,9407,3418615,TRUE,TRUE,TRUE,rousettus,pteropodidae,chiroptera,mammalia,Rousettus aegyptiacus,betacoronavirus,coronaviridae,nidovirales,pisoniviricetes,Betacoronavirus rousetti,FALSE,PCR/Sequencing,GenBank,GenBank,https://ftp.ncbi.nlm.nih.gov/genomes/Viruses/AllNuclMetadata/ accessed on 2025-09-16,,,,2022,5,29,2017,3,15,,,2022-05-29,2017-03-15,"MT064042.1, MT082115.1, MT082116.1, MT082117.1"
rousettus aegyptiacus,betacoronavirus rousetti,9407,3418615,TRUE,TRUE,TRUE,rousettus,pteropodidae,chiroptera,mammalia,Rousettus aegyptiacus,betacoronavirus,coronaviridae,nidovirales,pisoniviricetes,Betacoronavirus rousetti,FALSE,PCR/Sequencing,GenBank,GenBank,https://ftp.ncbi.nlm.nih.gov/genomes/Viruses/AllNuclMetadata/ accessed on 2025-09-16,,,,2022,5,29,2017,3,19,,,2022-05-29,2017-03-19,"MT082036.1, MT082038.1, MT082039.1"
rousettus aegyptiacus,betacoronavirus rousetti,9407,3418615,TRUE,TRUE,TRUE,rousettus,pteropodidae,chiroptera,mammalia,Rousettus aegyptiacus,betacoronavirus,coronaviridae,nidovirales,pisoniviricetes,Betacoronavirus rousetti,FALSE,PCR/Sequencing,GenBank,GenBank,https://ftp.ncbi.nlm.nih.gov/genomes/Viruses/AllNuclMetadata/ accessed on 2025-09-16,,,,2022,5,29,2017,3,20,,,2022-05-29,2017-03-20,"MT082033.1, MT082034.1, MT082035.1"
rousettus aegyptiacus,betacoronavirus rousetti,9407,3418615,TRUE,TRUE,TRUE,rousettus,pteropodidae,chiroptera,mammalia,Rousettus aegyptiacus,betacoronavirus,coronaviridae,nidovirales,pisoniviricetes,Betacoronavirus rousetti,FALSE,PCR/Sequencing,GenBank,GenBank,https://ftp.ncbi.nlm.nih.gov/genomes/Viruses/AllNuclMetadata/ accessed on 2025-09-16,,,,2022,5,29,2017,3,9,,,2022-05-29,2017-03-09,MT064043.1
rousettus aegyptiacus,betacoronavirus rousetti,9407,3418615,TRUE,TRUE,TRUE,rousettus,pteropodidae,chiroptera,mammalia,Rousettus aegyptiacus,betacoronavirus,coronaviridae,nidovirales,pisoniviricetes,Betacoronavirus rousetti,FALSE,PCR/Sequencing,GenBank,GenBank,https://ftp.ncbi.nlm.nih.gov/genomes/Viruses/AllNuclMetadata/ accessed on 2025-09-16,,,,2022,5,29,2017,8,29,,,2022-05-29,2017-08-29,MT063807.1
rousettus aegyptiacus,betacoronavirus rousetti,9407,3418615,TRUE,TRUE,TRUE,rousettus,pteropodidae,chiroptera,mammalia,Rousettus aegyptiacus,betacoronavirus,coronaviridae,nidovirales,pisoniviricetes,Betacoronavirus rousetti,FALSE,PCR/Sequencing,GenBank,GenBank,https://ftp.ncbi.nlm.nih.gov/genomes/Viruses/AllNuclMetadata/ accessed on 2025-09-16,,,,2022,5,29,2018,11,1,,,2022-05-29,2018-11-01,"MT125374.1, MT125375.1, MT125442.1"
rousettus aegyptiacus,betacoronavirus rousetti,9407,3418615,TRUE,TRUE,TRUE,rousettus,pteropodidae,chiroptera,mammalia,Rousettus aegyptiacus,betacoronavirus,coronaviridae,nidovirales,pisoniviricetes,Betacoronavirus rousetti,FALSE,PCR/Sequencing,GenBank,GenBank,https://ftp.ncbi.nlm.nih.gov/genomes/Viruses/AllNuclMetadata/ accessed on 2025-09-16,,,,2022,5,29,2018,5,16,,,2022-05-29,2018-05-16,MT082087.1
rousettus aegyptiacus,betacoronavirus rousetti,9407,3418615,TRUE,TRUE,TRUE,rousettus,pteropodidae,chiroptera,mammalia,Rousettus aegyptiacus,betacoronavirus,coronaviridae,nidovirales,pisoniviricetes,Betacoronavirus rousetti,FALSE,PCR/Sequencing,GenBank,GenBank,https://ftp.ncbi.nlm.nih.gov/genomes/Viruses/AllNuclMetadata/ accessed on 2025-09-16,,,,2022,5,29,2018,5,26,,,2022-05-29,2018-05-26,"MT125400.1, MT125404.1"
rousettus aegyptiacus,betacoronavirus rousetti,9407,3418615,TRUE,TRUE,TRUE,rousettus,pteropodidae,chiroptera,mammalia,Rousettus aegyptiacus,betacoronavirus,coronaviridae,nidovirales,pisoniviricetes,Betacoronavirus rousetti,FALSE,PCR/Sequencing,GenBank,GenBank,https://ftp.ncbi.nlm.nih.gov/genomes/Viruses/AllNuclMetadata/ accessed on 2025-09-16,,,,2022,5,29,2018,5,28,,,2022-05-29,2018-05-28,"MT064020.1, MT082088.1"
rousettus aegyptiacus,betacoronavirus rousetti,9407,3418615,TRUE,TRUE,TRUE,rousettus,pteropodidae,chiroptera,mammalia,Rousettus aegyptiacus,betacoronavirus,coronaviridae,nidovirales,pisoniviricetes,Betacoronavirus rousetti,FALSE,PCR/Sequencing,GenBank,GenBank,https://ftp.ncbi.nlm.nih.gov/genomes/Viruses/AllNuclMetadata/ accessed on 2025-09-16,,,,2022,5,29,2018,5,29,,,2022-05-29,2018-05-29,"MT064021.1, MT082089.1, MT125405.1, MT125407.1"
rousettus aegyptiacus,betacoronavirus rousetti,9407,3418615,TRUE,TRUE,TRUE,rousettus,pteropodidae,chiroptera,mammalia,Rousettus aegyptiacus,betacoronavirus,coronaviridae,nidovirales,pisoniviricetes,Betacoronavirus rousetti,FALSE,PCR/Sequencing,GenBank,GenBank,https://ftp.ncbi.nlm.nih.gov/genomes/Viruses/AllNuclMetadata/ accessed on 2025-09-16,,,,2022,5,29,2018,5,30,,,2022-05-29,2018-05-30,MT125408.1
rousettus amplexicaudatus,betacoronavirus rousetti,58083,3418615,TRUE,TRUE,TRUE,rousettus,pteropodidae,chiroptera,mammalia,Rousettus amplexicaudatus,betacoronavirus,coronaviridae,nidovirales,pisoniviricetes,Betacoronavirus rousetti,FALSE,PCR/Sequencing,GenBank,GenBank,https://ftp.ncbi.nlm.nih.gov/genomes/Viruses/AllNuclMetadata/ accessed on 2025-09-16,,,,2016,12,20,,,,,,2016-12-20,,KY010635.1
rousettus amplexicaudatus,betacoronavirus rousetti,58083,3418615,TRUE,TRUE,TRUE,rousettus,pteropodidae,chiroptera,mammalia,Rousettus amplexicaudatus,betacoronavirus,coronaviridae,nidovirales,pisoniviricetes,Betacoronavirus rousetti,FALSE,PCR/Sequencing,GenBank,GenBank,https://ftp.ncbi.nlm.nih.gov/genomes/Viruses/AllNuclMetadata/ accessed on 2025-09-16,,,,2017,11,14,2011,8,2,,,2017-11-14,2011-08-02,KX284910.1
rousettus amplexicaudatus,betacoronavirus rousetti,58083,3418615,TRUE,TRUE,TRUE,rousettus,pteropodidae,chiroptera,mammalia,Rousettus amplexicaudatus,betacoronavirus,coronaviridae,nidovirales,pisoniviricetes,Betacoronavirus rousetti,FALSE,PCR/Sequencing,GenBank,GenBank,https://ftp.ncbi.nlm.nih.gov/genomes/Viruses/AllNuclMetadata/ accessed on 2025-09-16,,,,2017,11,14,2011,8,6,,,2017-11-14,2011-08-06,"KX284913.1, KX284914.1"
rousettus amplexicaudatus,betacoronavirus rousetti,58083,3418615,TRUE,TRUE,TRUE,rousettus,pteropodidae,chiroptera,mammalia,Rousettus amplexicaudatus,betacoronavirus,coronaviridae,nidovirales,pisoniviricetes,Betacoronavirus rousetti,FALSE,PCR/Sequencing,GenBank,GenBank,https://ftp.ncbi.nlm.nih.gov/genomes/Viruses/AllNuclMetadata/ accessed on 2025-09-16,,,,2022,5,29,2017,2,26,,,2022-05-29,2017-02-26,"MT083140.1, MT083142.1"
rousettus amplexicaudatus,betacoronavirus rousetti,58083,3418615,TRUE,TRUE,TRUE,rousettus,pteropodidae,chiroptera,mammalia,Rousettus amplexicaudatus,betacoronavirus,coronaviridae,nidovirales,pisoniviricetes,Betacoronavirus rousetti,FALSE,PCR/Sequencing,GenBank,GenBank,https://ftp.ncbi.nlm.nih.gov/genomes/Viruses/AllNuclMetadata/ accessed on 2025-09-16,,,,2022,5,29,2017,2,27,,,2022-05-29,2017-02-27,"MT083138.1, MT083139.1"
rousettus amplexicaudatus,betacoronavirus rousetti,58083,3418615,TRUE,TRUE,TRUE,rousettus,pteropodidae,chiroptera,mammalia,Rousettus amplexicaudatus,betacoronavirus,coronaviridae,nidovirales,pisoniviricetes,Betacoronavirus rousetti,FALSE,PCR/Sequencing,GenBank,GenBank,https://ftp.ncbi.nlm.nih.gov/genomes/Viruses/AllNuclMetadata/ accessed on 2025-09-16,,,,2022,5,29,2018,1,18,,,2022-05-29,2018-01-18,MT083186.1
rousettus amplexicaudatus,betacoronavirus sp.,58083,1928434,TRUE,TRUE,FALSE,rousettus,pteropodidae,chiroptera,mammalia,Rousettus amplexicaudatus,betacoronavirus,coronaviridae,nidovirales,pisoniviricetes,Betacoronavirus sp.,FALSE,PCR/Sequencing,GenBank,GenBank,https://ftp.ncbi.nlm.nih.gov/genomes/Viruses/AllNuclMetadata/ accessed on 2025-09-16,,,,2025,4,1,2021,12,7,,,2025-04-01,2021-12-07,"PQ305321.1, PQ305322.1, PQ305342.1"
rousettus amplexicaudatus,betacoronavirus sp.,58083,1928434,TRUE,TRUE,FALSE,rousettus,pteropodidae,chiroptera,mammalia,Rousettus amplexicaudatus,betacoronavirus,coronaviridae,nidovirales,pisoniviricetes,Betacoronavirus sp.,FALSE,PCR/Sequencing,GenBank,GenBank,https://ftp.ncbi.nlm.nih.gov/genomes/Viruses/AllNuclMetadata/ accessed on 2025-09-16,,,,2025,7,1,2020,11,26,,,2025-07-01,2020-11-26,PP150836.1
rousettus leschenaultii,betacoronavirus cororeum,9408,3418613,TRUE,TRUE,TRUE,rousettus,pteropodidae,chiroptera,mammalia,Rousettus leschenaultii,betacoronavirus,coronaviridae,nidovirales,pisoniviricetes,Betacoronavirus cororeum,FALSE,PCR/Sequencing,GenBank,GenBank,https://ftp.ncbi.nlm.nih.gov/genomes/Viruses/AllNuclMetadata/ accessed on 2025-09-16,,,,2016,8,30,2014,5,28,,,2016-08-30,2014-05-28,"KX652379.1, KX652380.1, KX652381.1, KX652382.1, KX652383.1, KX652384.1, KX652385.1, KX652386.1, KX652387.1, KX652388.1, KX652389.1, KX652390.1, KX652391.1, KX652392.1, KX652393.1, KX652394.1, KX652395.1, KX652396.1, KX652397.1, KX652398.1, KX652399.1, KX652400.1, KX652401.1, KX652402.1"
rousettus leschenaultii,betacoronavirus cororeum,9408,3418613,TRUE,TRUE,TRUE,rousettus,pteropodidae,chiroptera,mammalia,Rousettus leschenaultii,betacoronavirus,coronaviridae,nidovirales,pisoniviricetes,Betacoronavirus cororeum,FALSE,PCR/Sequencing,GenBank,GenBank,https://ftp.ncbi.nlm.nih.gov/genomes/Viruses/AllNuclMetadata/ accessed on 2025-09-16,,,,2016,9,12,2014,5,28,,,2016-09-12,2014-05-28,NC_030886.1
rousettus leschenaultii,betacoronavirus cororeum,9408,3418613,TRUE,TRUE,TRUE,rousettus,pteropodidae,chiroptera,mammalia,Rousettus leschenaultii,betacoronavirus,coronaviridae,nidovirales,pisoniviricetes,Betacoronavirus cororeum,FALSE,PCR/Sequencing,GenBank,GenBank,https://ftp.ncbi.nlm.nih.gov/genomes/Viruses/AllNuclMetadata/ accessed on 2025-09-16,,,,2016,9,3,2014,5,28,,,2016-09-03,2014-05-28,"KU762337.1, KU762338.1"
rousettus leschenaultii,betacoronavirus cororeum,9408,3418613,TRUE,TRUE,TRUE,rousettus,pteropodidae,chiroptera,mammalia,Rousettus leschenaultii,betacoronavirus,coronaviridae,nidovirales,pisoniviricetes,Betacoronavirus cororeum,FALSE,PCR/Sequencing,GenBank,GenBank,https://ftp.ncbi.nlm.nih.gov/genomes/Viruses/AllNuclMetadata/ accessed on 2025-09-16,,,,2022,5,29,2008,10,2,,,2022-05-29,2008-10-02,"MZ293754.1, MZ293755.1"
rousettus leschenaultii,betacoronavirus cororeum,9408,3418613,TRUE,TRUE,TRUE,rousettus,pteropodidae,chiroptera,mammalia,Rousettus leschenaultii,betacoronavirus,coronaviridae,nidovirales,pisoniviricetes,Betacoronavirus cororeum,FALSE,PCR/Sequencing,GenBank,GenBank,https://ftp.ncbi.nlm.nih.gov/genomes/Viruses/AllNuclMetadata/ accessed on 2025-09-16,,,,2022,5,29,2008,9,5,,,2022-05-29,2008-09-05,MZ293753.1
rousettus leschenaultii,betacoronavirus cororeum,9408,3418613,TRUE,TRUE,TRUE,rousettus,pteropodidae,chiroptera,mammalia,Rousettus leschenaultii,betacoronavirus,coronaviridae,nidovirales,pisoniviricetes,Betacoronavirus cororeum,FALSE,PCR/Sequencing,GenBank,GenBank,https://ftp.ncbi.nlm.nih.gov/genomes/Viruses/AllNuclMetadata/ accessed on 2025-09-16,,,,2022,5,29,2012,7,14,,,2022-05-29,2012-07-14,MZ293752.1
rousettus leschenaultii,betacoronavirus cororeum,9408,3418613,TRUE,TRUE,TRUE,rousettus,pteropodidae,chiroptera,mammalia,Rousettus leschenaultii,betacoronavirus,coronaviridae,nidovirales,pisoniviricetes,Betacoronavirus cororeum,FALSE,PCR/Sequencing,GenBank,GenBank,https://ftp.ncbi.nlm.nih.gov/genomes/Viruses/AllNuclMetadata/ accessed on 2025-09-16,,,,2022,5,29,2012,8,27,,,2022-05-29,2012-08-27,MZ293756.1
rousettus leschenaultii,betacoronavirus pandemicum,9408,694009,TRUE,TRUE,TRUE,rousettus,pteropodidae,chiroptera,mammalia,Rousettus leschenaultii,betacoronavirus,coronaviridae,nidovirales,pisoniviricetes,Severe acute respiratory syndrome-related coronavirus,FALSE,Antibodies,Antibodies,HP3,Olival et al. 2017 Nature,2005,Li et al. 2005,,,,,,,,211593,https://doi.org/10.5281/zenodo.596810,,,
rousettus leschenaultii,betacoronavirus rousetti,9408,3418615,TRUE,TRUE,TRUE,rousettus,pteropodidae,chiroptera,mammalia,Rousettus leschenaultii,betacoronavirus,coronaviridae,nidovirales,pisoniviricetes,Betacoronavirus rousetti,FALSE,PCR/Sequencing,GenBank,GenBank,https://ftp.ncbi.nlm.nih.gov/genomes/Viruses/AllNuclMetadata/ accessed on 2025-09-16,,,,2016,12,20,,,,,,2016-12-20,,KY010634.1
rousettus leschenaultii,betacoronavirus rousetti,9408,3418615,TRUE,TRUE,TRUE,rousettus,pteropodidae,chiroptera,mammalia,Rousettus leschenaultii,betacoronavirus,coronaviridae,nidovirales,pisoniviricetes,Betacoronavirus rousetti,FALSE,PCR/Sequencing,GenBank,GenBank,https://ftp.ncbi.nlm.nih.gov/genomes/Viruses/AllNuclMetadata/ accessed on 2025-09-16,,,,2017,11,14,2011,8,2,,,2017-11-14,2011-08-02,KX284909.1
rousettus leschenaultii,betacoronavirus rousetti,9408,3418615,TRUE,TRUE,TRUE,rousettus,pteropodidae,chiroptera,mammalia,Rousettus leschenaultii,betacoronavirus,coronaviridae,nidovirales,pisoniviricetes,Betacoronavirus rousetti,FALSE,PCR/Sequencing,GenBank,GenBank,https://ftp.ncbi.nlm.nih.gov/genomes/Viruses/AllNuclMetadata/ accessed on 2025-09-16,,,,2018,3,24,,,,,,2018-03-24,,"MG762626.1, MG762627.1, MG762628.1, MG762629.1, MG762630.1, MG762631.1, MG762632.1, MG762633.1, MG762634.1, MG762635.1, MG762636.1, MG762637.1, MG762638.1, MG762639.1, MG762640.1, MG762641.1, MG762642.1, MG762643.1, MG762644.1, MG762645.1, MG762646.1, MG762647.1, MG762648.1, MG762649.1, MG762650.1, MG762651.1, MG762652.1, MG762653.1, MG762654.1, MG762655.1, MG762656.1, MG762657.1, MG762658.1, MG762666.1, MG762667.1, MG762670.1, MG762671.1, MG762672.1, MG762673.1"
rousettus leschenaultii,betacoronavirus rousetti,9408,3418615,TRUE,TRUE,TRUE,rousettus,pteropodidae,chiroptera,mammalia,Rousettus leschenaultii,betacoronavirus,coronaviridae,nidovirales,pisoniviricetes,Betacoronavirus rousetti,FALSE,PCR/Sequencing,GenBank,GenBank,https://ftp.ncbi.nlm.nih.gov/genomes/Viruses/AllNuclMetadata/ accessed on 2025-09-16,,,,2023,1,24,2017,,,,,2023-01-24,2017,OP963669.1
rousettus leschenaultii,betacoronavirus rousetti,9408,3418615,TRUE,TRUE,TRUE,rousettus,pteropodidae,chiroptera,mammalia,Rousettus leschenaultii,betacoronavirus,coronaviridae,nidovirales,pisoniviricetes,Betacoronavirus rousetti,FALSE,PCR/Sequencing,GenBank,GenBank,https://ftp.ncbi.nlm.nih.gov/genomes/Viruses/AllNuclMetadata/ accessed on 2025-09-16,,,,2023,3,30,2022,7,,,,2023-03-30,2022-07,OQ297709.1
rousettus leschenaultii,betacoronavirus sp.,9408,1928434,TRUE,TRUE,FALSE,rousettus,pteropodidae,chiroptera,mammalia,Rousettus leschenaultii,betacoronavirus,coronaviridae,nidovirales,pisoniviricetes,Betacoronavirus sp.,FALSE,PCR/Sequencing,GenBank,GenBank,https://ftp.ncbi.nlm.nih.gov/genomes/Viruses/AllNuclMetadata/ accessed on 2025-09-16,,,,2025,4,25,2023,3,15,,,2025-04-25,2023-03-15,"PP938167.1, PP938168.1, PP938169.1, PP938170.1, PP938171.1, PP938172.1, PP938173.1, PP938174.1, PP938175.1, PP938176.1"
rousettus leschenaultii,betacoronavirus sp.,9408,1928434,TRUE,TRUE,FALSE,rousettus,pteropodidae,chiroptera,mammalia,Rousettus leschenaultii,betacoronavirus,coronaviridae,nidovirales,pisoniviricetes,Betacoronavirus sp.,FALSE,PCR/Sequencing,GenBank,GenBank,https://ftp.ncbi.nlm.nih.gov/genomes/Viruses/AllNuclMetadata/ accessed on 2025-09-16,,,,2025,4,25,2023,3,23,,,2025-04-25,2023-03-23,"PP938177.1, PP938178.1, PP938179.1, PP938180.1, PP938181.1"
rousettus leschenaultii,betacoronavirus sp.,9408,1928434,TRUE,TRUE,FALSE,rousettus,pteropodidae,chiroptera,mammalia,Rousettus leschenaultii,betacoronavirus,coronaviridae,nidovirales,pisoniviricetes,Betacoronavirus sp.,FALSE,PCR/Sequencing,GenBank,GenBank,https://ftp.ncbi.nlm.nih.gov/genomes/Viruses/AllNuclMetadata/ accessed on 2025-09-16,,,,2025,4,25,2023,3,29,,,2025-04-25,2023-03-29,"PP938182.1, PP938183.1, PP938184.1, PP938185.1, PP938186.1, PP938187.1, PP938188.1, PP938189.1, PP938190.1"
rousettus madagascariensis,rousettus madagascariensis nobecovirus,77223,2913444,TRUE,TRUE,FALSE,rousettus,pteropodidae,chiroptera,mammalia,Rousettus madagascariensis,betacoronavirus,coronaviridae,nidovirales,pisoniviricetes,Rousettus madagascariensis nobecovirus,FALSE,PCR/Sequencing,GenBank,GenBank,https://ftp.ncbi.nlm.nih.gov/genomes/Viruses/AllNuclMetadata/ accessed on 2025-09-16,,,,2022,2,5,2018,4,13,,,2022-02-05,2018-04-13,OK020088.1
rousettus madagascariensis,rousettus madagascariensis nobecovirus,77223,2913444,TRUE,TRUE,FALSE,rousettus,pteropodidae,chiroptera,mammalia,Rousettus madagascariensis,betacoronavirus,coronaviridae,nidovirales,pisoniviricetes,Rousettus madagascariensis nobecovirus,FALSE,PCR/Sequencing,GenBank,GenBank,https://ftp.ncbi.nlm.nih.gov/genomes/Viruses/AllNuclMetadata/ accessed on 2025-09-16,,,,2022,2,5,2018,4,14,,,2022-02-05,2018-04-14,"OK020089.1, OK067320.1"
rousettus madagascariensis,rousettus madagascariensis nobecovirus,77223,2913444,TRUE,TRUE,FALSE,rousettus,pteropodidae,chiroptera,mammalia,Rousettus madagascariensis,betacoronavirus,coronaviridae,nidovirales,pisoniviricetes,Rousettus madagascariensis nobecovirus,FALSE,PCR/Sequencing,GenBank,GenBank,https://ftp.ncbi.nlm.nih.gov/genomes/Viruses/AllNuclMetadata/ accessed on 2025-09-16,,,,2022,2,5,2018,9,11,,,2022-02-05,2018-09-11,OK067321.1
rousettus sp.,betacoronavirus rousetti,1898393,3418615,TRUE,TRUE,TRUE,rousettus,pteropodidae,chiroptera,mammalia,Rousettus sp.,betacoronavirus,coronaviridae,nidovirales,pisoniviricetes,Betacoronavirus rousetti,FALSE,PCR/Sequencing,GenBank,GenBank,https://ftp.ncbi.nlm.nih.gov/genomes/Viruses/AllNuclMetadata/ accessed on 2025-09-16,,,,2016,12,20,,,,,,2016-12-20,,"KY010629.1, KY010630.1, KY010631.1, KY010632.1"
rousettus sp.,betacoronavirus rousetti,1898393,3418615,TRUE,TRUE,TRUE,rousettus,pteropodidae,chiroptera,mammalia,Rousettus sp.,betacoronavirus,coronaviridae,nidovirales,pisoniviricetes,Betacoronavirus rousetti,FALSE,PCR/Sequencing,GenBank,GenBank,https://ftp.ncbi.nlm.nih.gov/genomes/Viruses/AllNuclMetadata/ accessed on 2025-09-16,,,,2017,11,14,2011,2,27,,,2017-11-14,2011-02-27,KX284907.1
rousettus sp.,betacoronavirus rousetti,1898393,3418615,TRUE,TRUE,TRUE,rousettus,pteropodidae,chiroptera,mammalia,Rousettus sp.,betacoronavirus,coronaviridae,nidovirales,pisoniviricetes,Betacoronavirus rousetti,FALSE,PCR/Sequencing,GenBank,GenBank,https://ftp.ncbi.nlm.nih.gov/genomes/Viruses/AllNuclMetadata/ accessed on 2025-09-16,,,,2017,11,14,2011,2,4,,,2017-11-14,2011-02-04,KX284902.1
rousettus sp.,betacoronavirus rousetti,1898393,3418615,TRUE,TRUE,TRUE,rousettus,pteropodidae,chiroptera,mammalia,Rousettus sp.,betacoronavirus,coronaviridae,nidovirales,pisoniviricetes,Betacoronavirus rousetti,FALSE,PCR/Sequencing,GenBank,GenBank,https://ftp.ncbi.nlm.nih.gov/genomes/Viruses/AllNuclMetadata/ accessed on 2025-09-16,,,,2017,11,14,2011,2,5,,,2017-11-14,2011-02-05,"KX284903.1, KX284904.1, KX284905.1"
rousettus sp.,betacoronavirus rousetti,1898393,3418615,TRUE,TRUE,TRUE,rousettus,pteropodidae,chiroptera,mammalia,Rousettus sp.,betacoronavirus,coronaviridae,nidovirales,pisoniviricetes,Betacoronavirus rousetti,FALSE,PCR/Sequencing,GenBank,GenBank,https://ftp.ncbi.nlm.nih.gov/genomes/Viruses/AllNuclMetadata/ accessed on 2025-09-16,,,,2017,11,14,2011,9,15,,,2017-11-14,2011-09-15,"KX284915.1, KX284917.1"
rousettus sp.,betacoronavirus rousetti,1898393,3418615,TRUE,TRUE,TRUE,rousettus,pteropodidae,chiroptera,mammalia,Rousettus sp.,betacoronavirus,coronaviridae,nidovirales,pisoniviricetes,Betacoronavirus rousetti,FALSE,PCR/Sequencing,GenBank,GenBank,https://ftp.ncbi.nlm.nih.gov/genomes/Viruses/AllNuclMetadata/ accessed on 2025-09-16,,,,2017,11,14,2012,1,28,,,2017-11-14,2012-01-28,KX284931.1
rousettus sp.,betacoronavirus rousetti,1898393,3418615,TRUE,TRUE,TRUE,rousettus,pteropodidae,chiroptera,mammalia,Rousettus sp.,betacoronavirus,coronaviridae,nidovirales,pisoniviricetes,Betacoronavirus rousetti,FALSE,PCR/Sequencing,GenBank,GenBank,https://ftp.ncbi.nlm.nih.gov/genomes/Viruses/AllNuclMetadata/ accessed on 2025-09-16,,,,2017,11,14,2012,1,7,,,2017-11-14,2012-01-07,"KX284920.1, KX284924.1, KX284925.1"
rousettus sp.,betacoronavirus rousetti,1898393,3418615,TRUE,TRUE,TRUE,rousettus,pteropodidae,chiroptera,mammalia,Rousettus sp.,betacoronavirus,coronaviridae,nidovirales,pisoniviricetes,Betacoronavirus rousetti,FALSE,PCR/Sequencing,GenBank,GenBank,https://ftp.ncbi.nlm.nih.gov/genomes/Viruses/AllNuclMetadata/ accessed on 2025-09-16,,,,2017,11,14,2012,2,1,,,2017-11-14,2012-02-01,"KX284933.1, KX284935.1"
rousettus sp.,betacoronavirus rousetti,1898393,3418615,TRUE,TRUE,TRUE,rousettus,pteropodidae,chiroptera,mammalia,Rousettus sp.,betacoronavirus,coronaviridae,nidovirales,pisoniviricetes,Betacoronavirus rousetti,FALSE,PCR/Sequencing,GenBank,GenBank,https://ftp.ncbi.nlm.nih.gov/genomes/Viruses/AllNuclMetadata/ accessed on 2025-09-16,,,,2017,11,14,2012,2,20,,,2017-11-14,2012-02-20,KX284938.1
rousettus sp.,betacoronavirus rousetti,1898393,3418615,TRUE,TRUE,TRUE,rousettus,pteropodidae,chiroptera,mammalia,Rousettus sp.,betacoronavirus,coronaviridae,nidovirales,pisoniviricetes,Betacoronavirus rousetti,FALSE,PCR/Sequencing,GenBank,GenBank,https://ftp.ncbi.nlm.nih.gov/genomes/Viruses/AllNuclMetadata/ accessed on 2025-09-16,,,,2017,11,14,2012,6,3,,,2017-11-14,2012-06-03,"KX285065.1, KX285066.1, KX286293.1"
rousettus sp.,betacoronavirus rousetti,1898393,3418615,TRUE,TRUE,TRUE,rousettus,pteropodidae,chiroptera,mammalia,Rousettus sp.,betacoronavirus,coronaviridae,nidovirales,pisoniviricetes,Betacoronavirus rousetti,FALSE,PCR/Sequencing,GenBank,GenBank,https://ftp.ncbi.nlm.nih.gov/genomes/Viruses/AllNuclMetadata/ accessed on 2025-09-16,,,,2017,11,14,2012,6,8,,,2017-11-14,2012-06-08,KX286294.1
rousettus sp.,betacoronavirus rousetti,1898393,3418615,TRUE,TRUE,TRUE,rousettus,pteropodidae,chiroptera,mammalia,Rousettus sp.,betacoronavirus,coronaviridae,nidovirales,pisoniviricetes,Betacoronavirus rousetti,FALSE,PCR/Sequencing,GenBank,GenBank,https://ftp.ncbi.nlm.nih.gov/genomes/Viruses/AllNuclMetadata/ accessed on 2025-09-16,,,,2018,3,24,,,,,,2018-03-24,,"MG762619.1, MG762620.1, MG762621.1, MG762622.1, MG762623.1, MG762624.1, MG762625.1, MG762659.1, MG762660.1, MG762661.1, MG762662.1, MG762663.1, MG762664.1, MG762665.1, MG762668.1, MG762669.1"
rousettus sp.,betacoronavirus rousetti,1898393,3418615,TRUE,TRUE,TRUE,rousettus,pteropodidae,chiroptera,mammalia,Rousettus sp.,betacoronavirus,coronaviridae,nidovirales,pisoniviricetes,Betacoronavirus rousetti,FALSE,PCR/Sequencing,GenBank,GenBank,https://ftp.ncbi.nlm.nih.gov/genomes/Viruses/AllNuclMetadata/ accessed on 2025-09-16,,,,2018,3,24,2009,11,1,,,2018-03-24,2009-11-01,MG762674.1
rousettus sp.,betacoronavirus rousetti,1898393,3418615,TRUE,TRUE,TRUE,rousettus,pteropodidae,chiroptera,mammalia,Rousettus sp.,betacoronavirus,coronaviridae,nidovirales,pisoniviricetes,Betacoronavirus rousetti,FALSE,PCR/Sequencing,GenBank,GenBank,https://ftp.ncbi.nlm.nih.gov/genomes/Viruses/AllNuclMetadata/ accessed on 2025-09-16,,,,2020,5,26,2020,,,,,2020-05-26,2020,MT337384.1
rousettus sp.,betacoronavirus rousetti,1898393,3418615,TRUE,TRUE,TRUE,rousettus,pteropodidae,chiroptera,mammalia,Rousettus sp.,betacoronavirus,coronaviridae,nidovirales,pisoniviricetes,Betacoronavirus rousetti,FALSE,PCR/Sequencing,GenBank,GenBank,https://ftp.ncbi.nlm.nih.gov/genomes/Viruses/AllNuclMetadata/ accessed on 2025-09-16,,,,2020,6,1,,,,,,2020-06-01,,"MN312610.1, MN312614.1, MN312615.1, MN312617.1, MN312618.1, MN312620.1, MN312621.1, MN312624.1, MN312627.1, MN312628.1, MN312629.1, MN312630.1, MN312631.1"
rousettus sp.,betacoronavirus rousetti,1898393,3418615,TRUE,TRUE,TRUE,rousettus,pteropodidae,chiroptera,mammalia,Rousettus sp.,betacoronavirus,coronaviridae,nidovirales,pisoniviricetes,Betacoronavirus rousetti,FALSE,PCR/Sequencing,GenBank,GenBank,https://ftp.ncbi.nlm.nih.gov/genomes/Viruses/AllNuclMetadata/ accessed on 2025-09-16,,,,2022,5,24,2012,2,1,,,2022-05-24,2012-02-01,MW300916.1
rousettus sp.,betacoronavirus sp.,1898393,1928434,TRUE,TRUE,FALSE,rousettus,pteropodidae,chiroptera,mammalia,Rousettus sp.,betacoronavirus,coronaviridae,nidovirales,pisoniviricetes,Betacoronavirus sp.,FALSE,PCR/Sequencing,GenBank,GenBank,https://ftp.ncbi.nlm.nih.gov/genomes/Viruses/AllNuclMetadata/ accessed on 2025-09-16,,,,2016,12,20,,,,,,2016-12-20,,"KY010643.1, KY010644.1, KY010645.1, KY010646.1"
rousettus sp.,betacoronavirus sp.,1898393,1928434,TRUE,TRUE,FALSE,rousettus,pteropodidae,chiroptera,mammalia,Rousettus sp.,betacoronavirus,coronaviridae,nidovirales,pisoniviricetes,Betacoronavirus sp.,FALSE,PCR/Sequencing,GenBank,GenBank,https://ftp.ncbi.nlm.nih.gov/genomes/Viruses/AllNuclMetadata/ accessed on 2025-09-16,,,,2025,4,1,2021,12,7,,,2025-04-01,2021-12-07,"PQ305320.1, PQ305341.1, PQ305343.1, PQ305344.1, PQ305345.1, PQ305346.1, PQ305347.1, PQ305348.1, PQ305349.1"
submyotodon latirostris,betacoronavirus pandemicum,385037,3418604,TRUE,TRUE,TRUE,submyotodon,vespertilionidae,chiroptera,mammalia,Submyotodon latirostris,betacoronavirus,coronaviridae,nidovirales,pisoniviricetes,Betacoronavirus pandemicum,FALSE,PCR/Sequencing,GenBank,GenBank,https://ftp.ncbi.nlm.nih.gov/genomes/Viruses/AllNuclMetadata/ accessed on 2025-09-16,,,,2024,4,2,2021,10,2,,,2024-04-02,2021-10-02,PP542821.1
tadarida brasiliensis,betacoronavirus pandemicum,9438,3418604,TRUE,TRUE,TRUE,tadarida,molossidae,chiroptera,mammalia,Tadarida brasiliensis,betacoronavirus,coronaviridae,nidovirales,pisoniviricetes,Betacoronavirus pandemicum,FALSE,PCR/Sequencing,GenBank,GenBank,https://ftp.ncbi.nlm.nih.gov/genomes/Viruses/AllNuclMetadata/ accessed on 2025-09-16,,,,2022,12,7,2022,1,12,,,2022-12-07,2022-01-12,OM995890.1
tadarida brasiliensis,betacoronavirus pandemicum,9438,3418604,TRUE,TRUE,TRUE,tadarida,molossidae,chiroptera,mammalia,Tadarida brasiliensis,betacoronavirus,coronaviridae,nidovirales,pisoniviricetes,Betacoronavirus pandemicum,FALSE,PCR/Sequencing,GenBank,GenBank,https://ftp.ncbi.nlm.nih.gov/genomes/Viruses/AllNuclMetadata/ accessed on 2025-09-16,,,,2022,12,7,2022,1,25,,,2022-12-07,2022-01-25,OM995891.1
tadarida brasiliensis,betacoronavirus sp.,9438,1928434,TRUE,TRUE,FALSE,tadarida,molossidae,chiroptera,mammalia,Tadarida brasiliensis,betacoronavirus,coronaviridae,nidovirales,pisoniviricetes,Betacoronavirus sp.,FALSE,PCR/Sequencing,GenBank,GenBank,https://ftp.ncbi.nlm.nih.gov/genomes/Viruses/AllNuclMetadata/ accessed on 2025-09-16,,,,2025,4,27,2021,3,,,,2025-04-27,2021-03,"PV540128.1, PV540131.1"
taphozous melanopogon,betacoronavirus sp.,187003,1928434,TRUE,TRUE,FALSE,taphozous,emballonuridae,chiroptera,mammalia,Taphozous melanopogon,betacoronavirus,coronaviridae,nidovirales,pisoniviricetes,Betacoronavirus sp.,FALSE,PCR/Sequencing,GenBank,GenBank,https://ftp.ncbi.nlm.nih.gov/genomes/Viruses/AllNuclMetadata/ accessed on 2025-09-16,,,,2025,4,1,2020,10,15,,,2025-04-01,2020-10-15,PQ305339.1
taphozous melanopogon,betacoronavirus sp.,187003,1928434,TRUE,TRUE,FALSE,taphozous,emballonuridae,chiroptera,mammalia,Taphozous melanopogon,betacoronavirus,coronaviridae,nidovirales,pisoniviricetes,Betacoronavirus sp.,FALSE,PCR/Sequencing,GenBank,GenBank,https://ftp.ncbi.nlm.nih.gov/genomes/Viruses/AllNuclMetadata/ accessed on 2025-09-16,,,,2025,4,1,2021,12,1,,,2025-04-01,2021-12-01,PQ305311.1
taphozous melanopogon,betacoronavirus sp.,187003,1928434,TRUE,TRUE,FALSE,taphozous,emballonuridae,chiroptera,mammalia,Taphozous melanopogon,betacoronavirus,coronaviridae,nidovirales,pisoniviricetes,Betacoronavirus sp.,FALSE,PCR/Sequencing,GenBank,GenBank,https://ftp.ncbi.nlm.nih.gov/genomes/Viruses/AllNuclMetadata/ accessed on 2025-09-16,,,,2025,5,25,2023,6,15,,,2025-05-25,2023-06-15,OZ250899.1
taphozous melanopogon,betacoronavirus sp.,187003,1928434,TRUE,TRUE,FALSE,taphozous,emballonuridae,chiroptera,mammalia,Taphozous melanopogon,betacoronavirus,coronaviridae,nidovirales,pisoniviricetes,Betacoronavirus sp.,FALSE,PCR/Sequencing,GenBank,GenBank,https://ftp.ncbi.nlm.nih.gov/genomes/Viruses/AllNuclMetadata/ accessed on 2025-09-16,,,,2025,6,14,2023,6,15,,,2025-06-14,2023-06-15,PV711151.1
tylonycteris pachypus,betacoronavirus tylonycteridis,258959,3433776,TRUE,TRUE,TRUE,tylonycteris,vespertilionidae,chiroptera,mammalia,Tylonycteris pachypus,betacoronavirus,coronaviridae,nidovirales,pisoniviricetes,Betacoronavirus tylonycteridis,FALSE,PCR/Sequencing,GenBank,GenBank,https://ftp.ncbi.nlm.nih.gov/genomes/Viruses/AllNuclMetadata/ accessed on 2025-09-16,,,,2015,12,31,2012,,,,,2015-12-31,2012,KJ473822.1
tylonycteris pachypus,betacoronavirus tylonycteridis,258959,3433776,TRUE,TRUE,TRUE,tylonycteris,vespertilionidae,chiroptera,mammalia,Tylonycteris pachypus,betacoronavirus,coronaviridae,nidovirales,pisoniviricetes,Betacoronavirus tylonycteridis,FALSE,PCR/Sequencing,GenBank,GenBank,https://ftp.ncbi.nlm.nih.gov/genomes/Viruses/AllNuclMetadata/ accessed on 2025-09-16,,,,2017,11,14,2012,11,19,,,2017-11-14,2012-11-19,"KX285157.1, KX285158.1, KX285159.1, KX285160.1, KX285161.1, KX285162.1, KX285163.1, KX285164.1, KX285165.1, KX285166.1, KX285167.1"
tylonycteris pachypus,betacoronavirus tylonycteridis,258959,3433776,TRUE,TRUE,TRUE,tylonycteris,vespertilionidae,chiroptera,mammalia,Tylonycteris pachypus,betacoronavirus,coronaviridae,nidovirales,pisoniviricetes,Betacoronavirus tylonycteridis,FALSE,PCR/Sequencing,GenBank,GenBank,https://ftp.ncbi.nlm.nih.gov/genomes/Viruses/AllNuclMetadata/ accessed on 2025-09-16,,,,2018,1,23,2015,9,7,,,2018-01-23,2015-09-07,"KX447544.1, KX447545.1, KX447546.1"
tylonycteris pachypus,betacoronavirus tylonycteridis,258959,3433776,TRUE,TRUE,TRUE,tylonycteris,vespertilionidae,chiroptera,mammalia,Tylonycteris pachypus,betacoronavirus,coronaviridae,nidovirales,pisoniviricetes,Betacoronavirus tylonycteridis,FALSE,PCR/Sequencing,GenBank,GenBank,https://ftp.ncbi.nlm.nih.gov/genomes/Viruses/AllNuclMetadata/ accessed on 2025-09-16,,,,2018,1,23,2015,9,9,,,2018-01-23,2015-09-09,"KX447547.1, KX447548.1, KX447549.1, KX447550.1, KX447551.1, KX447552.1, KX447553.1, KX447554.1, KX447555.1, KX447556.1, KX447557.1, KX447558.1, KX447560.1, KX447561.1, KX447562.1"
tylonycteris pachypus,betacoronavirus tylonycteridis,258959,3433776,TRUE,TRUE,TRUE,tylonycteris,vespertilionidae,chiroptera,mammalia,Tylonycteris pachypus,betacoronavirus,coronaviridae,nidovirales,pisoniviricetes,Betacoronavirus tylonycteridis,FALSE,PCR/Sequencing,GenBank,GenBank,https://ftp.ncbi.nlm.nih.gov/genomes/Viruses/AllNuclMetadata/ accessed on 2025-09-16,,,,2020,12,20,2015,9,7,,,2020-12-20,2015-09-07,"MW218377.1, MW218378.1, MW218379.1"
tylonycteris pachypus,betacoronavirus tylonycteridis,258959,3433776,TRUE,TRUE,TRUE,tylonycteris,vespertilionidae,chiroptera,mammalia,Tylonycteris pachypus,betacoronavirus,coronaviridae,nidovirales,pisoniviricetes,Betacoronavirus tylonycteridis,FALSE,PCR/Sequencing,GenBank,GenBank,https://ftp.ncbi.nlm.nih.gov/genomes/Viruses/AllNuclMetadata/ accessed on 2025-09-16,,,,2020,12,20,2015,9,9,,,2020-12-20,2015-09-09,"MW218380.1, MW218381.1, MW218382.1, MW218383.1, MW218384.1, MW218385.1, MW218386.1, MW218387.1, MW218388.1, MW218389.1, MW218390.1, MW218391.1, MW218392.1, MW218393.1, MW218394.1"
tylonycteris pachypus,betacoronavirus tylonycteridis,258959,3433776,TRUE,TRUE,TRUE,tylonycteris,vespertilionidae,chiroptera,mammalia,Tylonycteris pachypus,betacoronavirus,coronaviridae,nidovirales,pisoniviricetes,Betacoronavirus tylonycteridis,FALSE,PCR/Sequencing,GenBank,GenBank,https://ftp.ncbi.nlm.nih.gov/genomes/Viruses/AllNuclMetadata/ accessed on 2025-09-16,,,,2020,12,20,2016,5,12,,,2020-12-20,2016-05-12,MW218376.1
tylonycteris pachypus,betacoronavirus tylonycteridis,258959,3433776,TRUE,TRUE,TRUE,tylonycteris,vespertilionidae,chiroptera,mammalia,Tylonycteris pachypus,betacoronavirus,coronaviridae,nidovirales,pisoniviricetes,Betacoronavirus tylonycteridis,FALSE,PCR/Sequencing,GenBank,GenBank,https://ftp.ncbi.nlm.nih.gov/genomes/Viruses/AllNuclMetadata/ accessed on 2025-09-16,,,,2020,12,27,2010,8,16,,,2020-12-27,2010-08-16,MW218395.1
tylonycteris pachypus,betacoronavirus tylonycteridis,258959,3433776,TRUE,TRUE,TRUE,tylonycteris,vespertilionidae,chiroptera,mammalia,Tylonycteris pachypus,betacoronavirus,coronaviridae,nidovirales,pisoniviricetes,Betacoronavirus tylonycteridis,FALSE,PCR/Sequencing,GenBank,GenBank,https://ftp.ncbi.nlm.nih.gov/genomes/Viruses/AllNuclMetadata/ accessed on 2025-09-16,,,,2020,6,1,,,,,,2020-06-01,,"MN312689.1, MN312690.1, MN312712.1, MN312713.1, MN312714.1, MN312715.1, MN312716.1, MN312717.1, MN312718.1, MN312719.1, MN312720.1, MN312721.1, MN312722.1, MN312723.1, MN312724.1, MN312725.1, MN312726.1, MN312727.1, MN312728.1, MN312729.1, MN312730.1, MN312731.1, MN312732.1, MN312733.1, MN312734.1, MN312735.1, MN312736.1, MN312737.1, MN312743.1, MN312744.1, MN312745.1, MN312746.1, MN312747.1, MN312748.1, MN312822.1, MN312823.1, MN312824.1, MN312825.1, MN312862.1"
tylonycteris pachypus,betacoronavirus tylonycteridis,258959,694007,TRUE,TRUE,TRUE,tylonycteris,vespertilionidae,chiroptera,mammalia,Tylonycteris pachypus,betacoronavirus,coronaviridae,nidovirales,pisoniviricetes,Tylonycteris bat coronavirus hku4,FALSE,Isolation/Observation,Isolation,Shaw,Shaw et al. 2020 Mol Ecol,2006,"Woo PC, 2006, Virology, 351",16647731,,,,,,,218674,https://doi.org/10.1111/mec.15463,,,
tylonycteris pachypus,merbecovirus sp.,258959,2832974,TRUE,TRUE,FALSE,tylonycteris,vespertilionidae,chiroptera,mammalia,Tylonycteris pachypus,betacoronavirus,coronaviridae,nidovirales,pisoniviricetes,Merbecovirus sp.,FALSE,PCR/Sequencing,GenBank,GenBank,https://ftp.ncbi.nlm.nih.gov/genomes/Viruses/AllNuclMetadata/ accessed on 2025-09-16,,,,2021,9,22,2016,5,,,,2021-09-22,2016-05,OK017768.1
tylonycteris pachypus,merbecovirus sp.,258959,2832974,TRUE,TRUE,FALSE,tylonycteris,vespertilionidae,chiroptera,mammalia,Tylonycteris pachypus,betacoronavirus,coronaviridae,nidovirales,pisoniviricetes,Merbecovirus sp.,FALSE,PCR/Sequencing,GenBank,GenBank,https://ftp.ncbi.nlm.nih.gov/genomes/Viruses/AllNuclMetadata/ accessed on 2025-09-16,,,,2021,9,22,2016,6,,,,2021-09-22,2016-06,OK017765.1
tylonycteris pachypus,merbecovirus sp.,258959,2832974,TRUE,TRUE,FALSE,tylonycteris,vespertilionidae,chiroptera,mammalia,Tylonycteris pachypus,betacoronavirus,coronaviridae,nidovirales,pisoniviricetes,Merbecovirus sp.,FALSE,PCR/Sequencing,GenBank,GenBank,https://ftp.ncbi.nlm.nih.gov/genomes/Viruses/AllNuclMetadata/ accessed on 2025-09-16,,,,2021,9,22,2017,10,,,,2021-09-22,2017-10,OK017766.1
tylonycteris pachypus,merbecovirus sp.,258959,2832974,TRUE,TRUE,FALSE,tylonycteris,vespertilionidae,chiroptera,mammalia,Tylonycteris pachypus,betacoronavirus,coronaviridae,nidovirales,pisoniviricetes,Merbecovirus sp.,FALSE,PCR/Sequencing,GenBank,GenBank,https://ftp.ncbi.nlm.nih.gov/genomes/Viruses/AllNuclMetadata/ accessed on 2025-09-16,,,,2021,9,22,2018,5,,,,2021-09-22,2018-05,OK017767.1
tylonycteris robustula,betacoronavirus tylonycteridis,526822,3433776,TRUE,TRUE,TRUE,tylonycteris,vespertilionidae,chiroptera,mammalia,Tylonycteris robustula,betacoronavirus,coronaviridae,nidovirales,pisoniviricetes,Betacoronavirus tylonycteridis,FALSE,PCR/Sequencing,GenBank,GenBank,https://ftp.ncbi.nlm.nih.gov/genomes/Viruses/AllNuclMetadata/ accessed on 2025-09-16,,,,2022,6,19,2016,8,18,,,2022-06-19,2016-08-18,OM045061.1
vespertilio murinus,betacoronavirus cameli,59485,3433633,TRUE,TRUE,TRUE,vespertilio,vespertilionidae,chiroptera,mammalia,Vespertilio murinus,betacoronavirus,coronaviridae,nidovirales,pisoniviricetes,Betacoronavirus cameli,FALSE,PCR/Sequencing,GenBank,GenBank,https://ftp.ncbi.nlm.nih.gov/genomes/Viruses/AllNuclMetadata/ accessed on 2025-09-16,,,,2021,1,30,2019,5,30,,,2021-01-30,2019-05-30,MT818221.1
vespertilio murinus,betacoronavirus cameli,59485,3433633,TRUE,TRUE,TRUE,vespertilio,vespertilionidae,chiroptera,mammalia,Vespertilio murinus,betacoronavirus,coronaviridae,nidovirales,pisoniviricetes,Betacoronavirus cameli,FALSE,PCR/Sequencing,GenBank,GenBank,https://ftp.ncbi.nlm.nih.gov/genomes/Viruses/AllNuclMetadata/ accessed on 2025-09-16,,,,2022,6,21,2020,,,,,2022-06-21,2020,ON325307.1
vespertilio murinus,betacoronavirus cameli,59485,3433633,TRUE,TRUE,TRUE,vespertilio,vespertilionidae,chiroptera,mammalia,Vespertilio murinus,betacoronavirus,coronaviridae,nidovirales,pisoniviricetes,Betacoronavirus cameli,FALSE,PCR/Sequencing,GenBank,GenBank,https://ftp.ncbi.nlm.nih.gov/genomes/Viruses/AllNuclMetadata/ accessed on 2025-09-16,,,,2022,6,21,2021,,,,,2022-06-21,2021,ON325308.1
vespertilio sinensis,bat betacoronavirus,105273,1805463,TRUE,TRUE,FALSE,vespertilio,vespertilionidae,chiroptera,mammalia,Vespertilio sinensis,betacoronavirus,coronaviridae,nidovirales,pisoniviricetes,Bat betacoronavirus,FALSE,PCR/Sequencing,GenBank,GenBank,https://ftp.ncbi.nlm.nih.gov/genomes/Viruses/AllNuclMetadata/ accessed on 2025-09-16,,,,2020,6,1,,,,,,2020-06-01,,"MN312754.1, MN312755.1, MN312756.1"
vespertilio sinensis,betacoronavirus cameli,105273,3433633,TRUE,TRUE,TRUE,vespertilio,vespertilionidae,chiroptera,mammalia,Vespertilio sinensis,betacoronavirus,coronaviridae,nidovirales,pisoniviricetes,Betacoronavirus cameli,FALSE,PCR/Sequencing,GenBank,GenBank,https://ftp.ncbi.nlm.nih.gov/genomes/Viruses/AllNuclMetadata/ accessed on 2025-09-16,,,,2014,5,6,,,,,,2014-05-06,,KJ473821.1
vespertilio sinensis,betacoronavirus cameli,105273,3433633,TRUE,TRUE,TRUE,vespertilio,vespertilionidae,chiroptera,mammalia,Vespertilio sinensis,betacoronavirus,coronaviridae,nidovirales,pisoniviricetes,Betacoronavirus cameli,FALSE,PCR/Sequencing,GenBank,GenBank,https://ftp.ncbi.nlm.nih.gov/genomes/Viruses/AllNuclMetadata/ accessed on 2025-09-16,,,,2017,11,14,2013,6,23,,,2017-11-14,2013-06-23,KX285223.1
vespertilio sinensis,betacoronavirus cameli,105273,3433633,TRUE,TRUE,TRUE,vespertilio,vespertilionidae,chiroptera,mammalia,Vespertilio sinensis,betacoronavirus,coronaviridae,nidovirales,pisoniviricetes,Betacoronavirus cameli,FALSE,PCR/Sequencing,GenBank,GenBank,https://ftp.ncbi.nlm.nih.gov/genomes/Viruses/AllNuclMetadata/ accessed on 2025-09-16,,,,2020,6,1,,,,,,2020-06-01,,"MN312749.1, MN312750.1, MN312751.1, MN312752.1, MN312753.1, MN312757.1, MN312758.1, MN312759.1, MN312760.1, MN312761.1, MN312762.1, MN312763.1, MN312764.1, MN312765.1, MN312766.1, MN312767.1, MN312768.1, MN312769.1, MN312770.1, MN312771.1, MN312772.1, MN312773.1, MN312774.1, MN312775.1, MN312776.1, MN312777.1, MN312778.1, MN312779.1, MN312780.1, MN312781.1, MN312782.1, MN312783.1, MN312784.1, MN312785.1, MN312786.1, MN312787.1, MN312788.1"
vespertilio sinensis,betacoronavirus cameli,105273,3433633,TRUE,TRUE,TRUE,vespertilio,vespertilionidae,chiroptera,mammalia,Vespertilio sinensis,betacoronavirus,coronaviridae,nidovirales,pisoniviricetes,Betacoronavirus cameli,FALSE,PCR/Sequencing,GenBank,GenBank,https://ftp.ncbi.nlm.nih.gov/genomes/Viruses/AllNuclMetadata/ accessed on 2025-09-16,,,,2024,4,24,2021,8,3,,,2024-04-24,2021-08-03,PP681138.1
vespertilio sinensis,merbecovirus sp.,105273,2832974,TRUE,TRUE,FALSE,vespertilio,vespertilionidae,chiroptera,mammalia,Vespertilio sinensis,betacoronavirus,coronaviridae,nidovirales,pisoniviricetes,Merbecovirus sp.,FALSE,PCR/Sequencing,GenBank,GenBank,https://ftp.ncbi.nlm.nih.gov/genomes/Viruses/AllNuclMetadata/ accessed on 2025-09-16,,,,2022,9,21,2016,,,,,2022-09-21,2016,LC706864.1
vespertilio sinensis,merbecovirus sp.,105273,2832974,TRUE,TRUE,FALSE,vespertilio,vespertilionidae,chiroptera,mammalia,Vespertilio sinensis,betacoronavirus,coronaviridae,nidovirales,pisoniviricetes,Merbecovirus sp.,FALSE,PCR/Sequencing,GenBank,GenBank,https://ftp.ncbi.nlm.nih.gov/genomes/Viruses/AllNuclMetadata/ accessed on 2025-09-16,,,,2022,9,21,2021,6,,,,2022-09-21,2021-06,LC706863.1
