[iter 0] λ=0.5000 → flips=1298
[iter 1] λ=0.7500 → flips=9758
[iter 2] λ=0.6250 → flips=6571
[iter 3] λ=0.5625 → flips=4697
[iter 4] λ=0.5312 → flips=3941
[iter 5] λ=0.5469 → flips=4141
[iter 6] λ=0.5547 → flips=4242
[iter 7] λ=0.5586 → flips=4618
[iter 8] λ=0.5566 → flips=4300
[iter 9] λ=0.5576 → flips=4477
[iter 10] λ=0.5571 → flips=4336
[iter 11] λ=0.5574 → flips=4351
[iter 12] λ=0.5575 → flips=4351
[iter 13] λ=0.5576 → flips=4477
[iter 14] λ=0.5575 → flips=4351
[iter 15] λ=0.5575 → flips=4351
[iter 16] λ=0.5575 → flips=4351
[iter 17] λ=0.5576 → flips=4351
[iter 18] λ=0.5576 → flips=4477
[iter 19] λ=0.5576 → flips=4351

Best λ=0.5574 → flips=4351, correct=1944/4395
Number of flips performed: 4351
Cell (virus_11137,host_105273): 0 -> 1
Cell (virus_11137,host_294653): 0 -> 1
Cell (virus_11137,host_3380546): 0 -> 1
Cell (virus_11137,host_9435): 0 -> 1
Cell (virus_11137,host_2528591): 0 -> 1
Cell (virus_11137,host_225399): 0 -> 1
Cell (virus_11137,host_386774): 0 -> 1
Cell (virus_11137,host_392318): 0 -> 1
Cell (virus_11137,host_98922): 0 -> 1
Cell (virus_11137,host_138979): 0 -> 1
Cell (virus_11137,host_225400): 0 -> 1
Cell (virus_11137,host_2015597): 0 -> 1
Cell (virus_11137,host_633648): 0 -> 1
Cell (virus_11137,host_258925): 0 -> 1
Cell (virus_11137,host_685731): 0 -> 1
Cell (virus_11137,host_188568): 0 -> 1
Cell (virus_11137,host_188569): 0 -> 1
Cell (virus_11137,host_170233): 0 -> 1
Cell (virus_11137,host_337452): 0 -> 1
Cell (virus_11137,host_76834): 0 -> 1
Cell (virus_11137,host_608708): 0 -> 1
Cell (virus_11137,host_249024): 0 -> 1
Cell (virus_11137,host_329870): 0 -> 1
Cell (virus_11137,host_549403): 0 -> 1
Cell (virus_11137,host_58065): 0 -> 1
Cell (virus_11137,host_58063): 0 -> 1
Cell (virus_11137,host_27634): 0 -> 1
Cell (virus_11137,host_51012): 0 -> 1
Cell (virus_11137,host_291302): 0 -> 1
Cell (virus_11137,host_221087): 0 -> 1
Cell (virus_11137,host_2218597): 0 -> 1
Cell (virus_11137,host_258867): 0 -> 1
Cell (virus_11137,host_61862): 0 -> 1
Cell (virus_11137,host_258909): 0 -> 1
Cell (virus_11137,host_3371016): 0 -> 1
Cell (virus_11137,host_360967): 0 -> 1
Cell (virus_11137,host_109485): 0 -> 1
Cell (virus_1244203,host_105273): 0 -> 1
Cell (virus_1244203,host_294653): 0 -> 1
Cell (virus_1244203,host_9435): 0 -> 1
Cell (virus_1244203,host_2528591): 0 -> 1
Cell (virus_1244203,host_386774): 0 -> 1
Cell (virus_1244203,host_392318): 0 -> 1
Cell (virus_1244203,host_98922): 0 -> 1
Cell (virus_1244203,host_138979): 0 -> 1
Cell (virus_1244203,host_155915): 0 -> 1
Cell (virus_1244203,host_225400): 0 -> 1
Cell (virus_1244203,host_2015597): 0 -> 1
Cell (virus_1244203,host_258925): 0 -> 1
Cell (virus_1244203,host_685731): 0 -> 1
Cell (virus_1244203,host_188568): 0 -> 1
Cell (virus_1244203,host_170233): 0 -> 1
Cell (virus_1244203,host_76834): 0 -> 1
Cell (virus_1244203,host_608708): 0 -> 1
Cell (virus_1244203,host_430491): 0 -> 1
Cell (virus_1244203,host_89399): 0 -> 1
Cell (virus_1244203,host_188571): 0 -> 1
Cell (virus_1244203,host_249024): 0 -> 1
Cell (virus_1244203,host_2603866): 0 -> 1
Cell (virus_1244203,host_302408): 0 -> 1
Cell (virus_1244203,host_329870): 0 -> 1
Cell (virus_1244203,host_549403): 0 -> 1
Cell (virus_1244203,host_903567): 0 -> 1
Cell (virus_1244203,host_58067): 0 -> 1
Cell (virus_1244203,host_58065): 0 -> 1
Cell (virus_1244203,host_58063): 0 -> 1
Cell (virus_1244203,host_138695): 0 -> 1
Cell (virus_1244203,host_148094): 0 -> 1
Cell (virus_1244203,host_410852): 0 -> 1
Cell (virus_1244203,host_27634): 0 -> 1
Cell (virus_1244203,host_40228): 0 -> 1
Cell (virus_1244203,host_51012): 0 -> 1
Cell (virus_1244203,host_177160): 0 -> 1
Cell (virus_1244203,host_291302): 0 -> 1
Cell (virus_1244203,host_221087): 0 -> 1
Cell (virus_1244203,host_258867): 0 -> 1
Cell (virus_1244203,host_242384): 0 -> 1
Cell (virus_1244203,host_452595): 0 -> 1
Cell (virus_1244203,host_61862): 0 -> 1
Cell (virus_1244203,host_258909): 0 -> 1
Cell (virus_1244203,host_909369): 0 -> 1
Cell (virus_1244203,host_2969767): 0 -> 1
Cell (virus_1244203,host_3371016): 0 -> 1
Cell (virus_1244203,host_360967): 0 -> 1
Cell (virus_1244203,host_109485): 0 -> 1
Cell (virus_1244203,host_143942): 0 -> 1
Cell (virus_3433754,host_105273): 0 -> 1
Cell (virus_3433754,host_294653): 0 -> 1
Cell (virus_3433754,host_9435): 0 -> 1
Cell (virus_3433754,host_2528591): 0 -> 1
Cell (virus_3433754,host_386774): 0 -> 1
Cell (virus_3433754,host_392318): 0 -> 1
Cell (virus_3433754,host_98922): 0 -> 1
Cell (virus_3433754,host_138979): 0 -> 1
Cell (virus_3433754,host_155915): 0 -> 1
Cell (virus_3433754,host_225400): 0 -> 1
Cell (virus_3433754,host_2015597): 0 -> 1
Cell (virus_3433754,host_258925): 0 -> 1
Cell (virus_3433754,host_685731): 0 -> 1
Cell (virus_3433754,host_188568): 0 -> 1
Cell (virus_3433754,host_170233): 0 -> 1
Cell (virus_3433754,host_76834): 0 -> 1
Cell (virus_3433754,host_608708): 0 -> 1
Cell (virus_3433754,host_430491): 0 -> 1
Cell (virus_3433754,host_89399): 0 -> 1
Cell (virus_3433754,host_188571): 0 -> 1
Cell (virus_3433754,host_249024): 0 -> 1
Cell (virus_3433754,host_2603866): 0 -> 1
Cell (virus_3433754,host_302408): 0 -> 1
Cell (virus_3433754,host_329870): 0 -> 1
Cell (virus_3433754,host_549403): 0 -> 1
Cell (virus_3433754,host_903567): 0 -> 1
Cell (virus_3433754,host_58067): 0 -> 1
Cell (virus_3433754,host_58065): 0 -> 1
Cell (virus_3433754,host_58063): 0 -> 1
Cell (virus_3433754,host_138695): 0 -> 1
Cell (virus_3433754,host_148094): 0 -> 1
Cell (virus_3433754,host_410852): 0 -> 1
Cell (virus_3433754,host_27634): 0 -> 1
Cell (virus_3433754,host_40228): 0 -> 1
Cell (virus_3433754,host_51012): 0 -> 1
Cell (virus_3433754,host_177160): 0 -> 1
Cell (virus_3433754,host_291302): 0 -> 1
Cell (virus_3433754,host_221087): 0 -> 1
Cell (virus_3433754,host_258867): 0 -> 1
Cell (virus_3433754,host_242384): 0 -> 1
Cell (virus_3433754,host_452595): 0 -> 1
Cell (virus_3433754,host_61862): 0 -> 1
Cell (virus_3433754,host_258909): 0 -> 1
Cell (virus_3433754,host_909369): 0 -> 1
Cell (virus_3433754,host_2969767): 0 -> 1
Cell (virus_3433754,host_3371016): 0 -> 1
Cell (virus_3433754,host_360967): 0 -> 1
Cell (virus_3433754,host_109485): 0 -> 1
Cell (virus_3433754,host_143942): 0 -> 1
Cell (virus_3433753,host_294653): 0 -> 1
Cell (virus_3433753,host_9435): 0 -> 1
Cell (virus_3433753,host_2528591): 0 -> 1
Cell (virus_3433753,host_386774): 0 -> 1
Cell (virus_3433753,host_392318): 0 -> 1
Cell (virus_3433753,host_526407): 0 -> 1
Cell (virus_3433753,host_98922): 0 -> 1
Cell (virus_3433753,host_138979): 0 -> 1
Cell (virus_3433753,host_225400): 0 -> 1
Cell (virus_3433753,host_2015597): 0 -> 1
Cell (virus_3433753,host_258925): 0 -> 1
Cell (virus_3433753,host_685731): 0 -> 1
Cell (virus_3433753,host_188568): 0 -> 1
Cell (virus_3433753,host_59453): 0 -> 1
Cell (virus_3433753,host_170233): 0 -> 1
Cell (virus_3433753,host_76834): 0 -> 1
Cell (virus_3433753,host_608708): 0 -> 1
Cell (virus_3433753,host_59477): 0 -> 1
Cell (virus_3433753,host_430491): 0 -> 1
Cell (virus_3433753,host_89399): 0 -> 1
Cell (virus_3433753,host_188571): 0 -> 1
Cell (virus_3433753,host_249024): 0 -> 1
Cell (virus_3433753,host_329870): 0 -> 1
Cell (virus_3433753,host_549403): 0 -> 1
Cell (virus_3433753,host_903567): 0 -> 1
Cell (virus_3433753,host_58067): 0 -> 1
Cell (virus_3433753,host_58065): 0 -> 1
Cell (virus_3433753,host_58063): 0 -> 1
Cell (virus_3433753,host_326083): 0 -> 1
Cell (virus_3433753,host_138695): 0 -> 1
Cell (virus_3433753,host_148094): 0 -> 1
Cell (virus_3433753,host_410852): 0 -> 1
Cell (virus_3433753,host_27634): 0 -> 1
Cell (virus_3433753,host_40228): 0 -> 1
Cell (virus_3433753,host_51012): 0 -> 1
Cell (virus_3433753,host_177160): 0 -> 1
Cell (virus_3433753,host_2994998): 0 -> 1
Cell (virus_3433753,host_291302): 0 -> 1
Cell (virus_3433753,host_221087): 0 -> 1
Cell (virus_3433753,host_258867): 0 -> 1
Cell (virus_3433753,host_452595): 0 -> 1
Cell (virus_3433753,host_61862): 0 -> 1
Cell (virus_3433753,host_258909): 0 -> 1
Cell (virus_3433753,host_909369): 0 -> 1
Cell (virus_3433753,host_3371016): 0 -> 1
Cell (virus_3433753,host_360967): 0 -> 1
Cell (virus_3433753,host_143942): 0 -> 1
Cell (virus_3119326,host_105273): 0 -> 1
Cell (virus_3119326,host_258946): 0 -> 1
Cell (virus_3119326,host_294653): 0 -> 1
Cell (virus_3119326,host_9435): 0 -> 1
Cell (virus_3119326,host_2528591): 0 -> 1
Cell (virus_3119326,host_386774): 0 -> 1
Cell (virus_3119326,host_392318): 0 -> 1
Cell (virus_3119326,host_526407): 0 -> 1
Cell (virus_3119326,host_98922): 0 -> 1
Cell (virus_3119326,host_138979): 0 -> 1
Cell (virus_3119326,host_225400): 0 -> 1
Cell (virus_3119326,host_2015597): 0 -> 1
Cell (virus_3119326,host_258925): 0 -> 1
Cell (virus_3119326,host_685731): 0 -> 1
Cell (virus_3119326,host_188568): 0 -> 1
Cell (virus_3119326,host_188569): 0 -> 1
Cell (virus_3119326,host_170233): 0 -> 1
Cell (virus_3119326,host_867892): 0 -> 1
Cell (virus_3119326,host_76834): 0 -> 1
Cell (virus_3119326,host_608708): 0 -> 1
Cell (virus_3119326,host_89399): 0 -> 1
Cell (virus_3119326,host_249024): 0 -> 1
Cell (virus_3119326,host_329870): 0 -> 1
Cell (virus_3119326,host_549403): 0 -> 1
Cell (virus_3119326,host_903567): 0 -> 1
Cell (virus_3119326,host_58067): 0 -> 1
Cell (virus_3119326,host_58065): 0 -> 1
Cell (virus_3119326,host_58063): 0 -> 1
Cell (virus_3119326,host_907075): 0 -> 1
Cell (virus_3119326,host_138695): 0 -> 1
Cell (virus_3119326,host_40233): 0 -> 1
Cell (virus_3119326,host_148094): 0 -> 1
Cell (virus_3119326,host_410852): 0 -> 1
Cell (virus_3119326,host_27634): 0 -> 1
Cell (virus_3119326,host_40228): 0 -> 1
Cell (virus_3119326,host_51012): 0 -> 1
Cell (virus_3119326,host_40224): 0 -> 1
Cell (virus_3119326,host_177160): 0 -> 1
Cell (virus_3119326,host_177162): 0 -> 1
Cell (virus_3119326,host_2994998): 0 -> 1
Cell (virus_3119326,host_291302): 0 -> 1
Cell (virus_3119326,host_221087): 0 -> 1
Cell (virus_3119326,host_258867): 0 -> 1
Cell (virus_3119326,host_242384): 0 -> 1
Cell (virus_3119326,host_452595): 0 -> 1
Cell (virus_3119326,host_249033): 0 -> 1
Cell (virus_3119326,host_61862): 0 -> 1
Cell (virus_3119326,host_258909): 0 -> 1
Cell (virus_3119326,host_3371014): 0 -> 1
Cell (virus_3119326,host_3371016): 0 -> 1
Cell (virus_3119326,host_360967): 0 -> 1
Cell (virus_3119326,host_109485): 0 -> 1
Cell (virus_3433752,host_294653): 0 -> 1
Cell (virus_3433752,host_9435): 0 -> 1
Cell (virus_3433752,host_2528591): 0 -> 1
Cell (virus_3433752,host_386774): 0 -> 1
Cell (virus_3433752,host_392318): 0 -> 1
Cell (virus_3433752,host_526407): 0 -> 1
Cell (virus_3433752,host_98922): 0 -> 1
Cell (virus_3433752,host_138979): 0 -> 1
Cell (virus_3433752,host_225400): 0 -> 1
Cell (virus_3433752,host_2015597): 0 -> 1
Cell (virus_3433752,host_685731): 0 -> 1
Cell (virus_3433752,host_188568): 0 -> 1
Cell (virus_3433752,host_188569): 0 -> 1
Cell (virus_3433752,host_170233): 0 -> 1
Cell (virus_3433752,host_169756): 0 -> 1
Cell (virus_3433752,host_196889): 0 -> 1
Cell (virus_3433752,host_76834): 0 -> 1
Cell (virus_3433752,host_608708): 0 -> 1
Cell (virus_3433752,host_476589): 0 -> 1
Cell (virus_3433752,host_89399): 0 -> 1
Cell (virus_3433752,host_249024): 0 -> 1
Cell (virus_3433752,host_329870): 0 -> 1
Cell (virus_3433752,host_549403): 0 -> 1
Cell (virus_3433752,host_903567): 0 -> 1
Cell (virus_3433752,host_58067): 0 -> 1
Cell (virus_3433752,host_58065): 0 -> 1
Cell (virus_3433752,host_58063): 0 -> 1
Cell (virus_3433752,host_907075): 0 -> 1
Cell (virus_3433752,host_138695): 0 -> 1
Cell (virus_3433752,host_40233): 0 -> 1
Cell (virus_3433752,host_148094): 0 -> 1
Cell (virus_3433752,host_410852): 0 -> 1
Cell (virus_3433752,host_27634): 0 -> 1
Cell (virus_3433752,host_40228): 0 -> 1
Cell (virus_3433752,host_51012): 0 -> 1
Cell (virus_3433752,host_177160): 0 -> 1
Cell (virus_3433752,host_291302): 0 -> 1
Cell (virus_3433752,host_221087): 0 -> 1
Cell (virus_3433752,host_258867): 0 -> 1
Cell (virus_3433752,host_242384): 0 -> 1
Cell (virus_3433752,host_452595): 0 -> 1
Cell (virus_3433752,host_61862): 0 -> 1
Cell (virus_3433752,host_258909): 0 -> 1
Cell (virus_3433752,host_909369): 0 -> 1
Cell (virus_3433752,host_3371016): 0 -> 1
Cell (virus_3433752,host_360967): 0 -> 1
Cell (virus_3433752,host_109485): 0 -> 1
Cell (virus_3433752,host_110938): 0 -> 1
Cell (virus_1906673,host_105273): 0 -> 1
Cell (virus_1906673,host_294653): 0 -> 1
Cell (virus_1906673,host_9435): 0 -> 1
Cell (virus_1906673,host_2528591): 0 -> 1
Cell (virus_1906673,host_386774): 0 -> 1
Cell (virus_1906673,host_392318): 0 -> 1
Cell (virus_1906673,host_526407): 0 -> 1
Cell (virus_1906673,host_98922): 0 -> 1
Cell (virus_1906673,host_138979): 0 -> 1
Cell (virus_1906673,host_225400): 0 -> 1
Cell (virus_1906673,host_2015597): 0 -> 1
Cell (virus_1906673,host_258925): 0 -> 1
Cell (virus_1906673,host_685731): 0 -> 1
Cell (virus_1906673,host_76834): 0 -> 1
Cell (virus_1906673,host_608708): 0 -> 1
Cell (virus_1906673,host_249024): 0 -> 1
Cell (virus_1906673,host_903567): 0 -> 1
Cell (virus_1906673,host_58067): 0 -> 1
Cell (virus_1906673,host_498220): 0 -> 1
Cell (virus_1906673,host_58065): 0 -> 1
Cell (virus_1906673,host_138695): 0 -> 1
Cell (virus_1906673,host_148094): 0 -> 1
Cell (virus_1906673,host_410852): 0 -> 1
Cell (virus_1906673,host_27634): 0 -> 1
Cell (virus_1906673,host_51012): 0 -> 1
Cell (virus_1906673,host_177160): 0 -> 1
Cell (virus_1906673,host_2994998): 0 -> 1
Cell (virus_1906673,host_291302): 0 -> 1
Cell (virus_1906673,host_221087): 0 -> 1
Cell (virus_1906673,host_258867): 0 -> 1
Cell (virus_1906673,host_61862): 0 -> 1
Cell (virus_1906673,host_258909): 0 -> 1
Cell (virus_1906673,host_3371016): 0 -> 1
Cell (virus_1906673,host_360967): 0 -> 1
Cell (virus_1906673,host_109485): 0 -> 1
Cell (virus_1906673,host_143942): 0 -> 1
Cell (virus_3433785,host_105273): 0 -> 1
Cell (virus_3433785,host_294653): 0 -> 1
Cell (virus_3433785,host_9435): 0 -> 1
Cell (virus_3433785,host_2528591): 0 -> 1
Cell (virus_3433785,host_386774): 0 -> 1
Cell (virus_3433785,host_392318): 0 -> 1
Cell (virus_3433785,host_526407): 0 -> 1
Cell (virus_3433785,host_98922): 0 -> 1
Cell (virus_3433785,host_138979): 0 -> 1
Cell (virus_3433785,host_225400): 0 -> 1
Cell (virus_3433785,host_2015597): 0 -> 1
Cell (virus_3433785,host_258925): 0 -> 1
Cell (virus_3433785,host_685731): 0 -> 1
Cell (virus_3433785,host_76834): 0 -> 1
Cell (virus_3433785,host_608708): 0 -> 1
Cell (virus_3433785,host_249024): 0 -> 1
Cell (virus_3433785,host_903567): 0 -> 1
Cell (virus_3433785,host_58067): 0 -> 1
Cell (virus_3433785,host_498220): 0 -> 1
Cell (virus_3433785,host_58065): 0 -> 1
Cell (virus_3433785,host_138695): 0 -> 1
Cell (virus_3433785,host_148094): 0 -> 1
Cell (virus_3433785,host_410852): 0 -> 1
Cell (virus_3433785,host_27634): 0 -> 1
Cell (virus_3433785,host_51012): 0 -> 1
Cell (virus_3433785,host_177160): 0 -> 1
Cell (virus_3433785,host_2994998): 0 -> 1
Cell (virus_3433785,host_291302): 0 -> 1
Cell (virus_3433785,host_221087): 0 -> 1
Cell (virus_3433785,host_258867): 0 -> 1
Cell (virus_3433785,host_61862): 0 -> 1
Cell (virus_3433785,host_258909): 0 -> 1
Cell (virus_3433785,host_3371016): 0 -> 1
Cell (virus_3433785,host_360967): 0 -> 1
Cell (virus_3433785,host_109485): 0 -> 1
Cell (virus_3433785,host_143942): 0 -> 1
Cell (virus_2971263,host_105273): 0 -> 1
Cell (virus_2971263,host_294653): 0 -> 1
Cell (virus_2971263,host_9435): 0 -> 1
Cell (virus_2971263,host_2528591): 0 -> 1
Cell (virus_2971263,host_386774): 0 -> 1
Cell (virus_2971263,host_392318): 0 -> 1
Cell (virus_2971263,host_98922): 0 -> 1
Cell (virus_2971263,host_138979): 0 -> 1
Cell (virus_2971263,host_225400): 0 -> 1
Cell (virus_2971263,host_2015597): 0 -> 1
Cell (virus_2971263,host_258925): 0 -> 1
Cell (virus_2971263,host_685731): 0 -> 1
Cell (virus_2971263,host_476588): 0 -> 1
Cell (virus_2971263,host_76834): 0 -> 1
Cell (virus_2971263,host_608708): 0 -> 1
Cell (virus_2971263,host_903567): 0 -> 1
Cell (virus_2971263,host_58067): 0 -> 1
Cell (virus_2971263,host_58065): 0 -> 1
Cell (virus_2971263,host_138695): 0 -> 1
Cell (virus_2971263,host_148094): 0 -> 1
Cell (virus_2971263,host_27634): 0 -> 1
Cell (virus_2971263,host_51012): 0 -> 1
Cell (virus_2971263,host_177160): 0 -> 1
Cell (virus_2971263,host_2994998): 0 -> 1
Cell (virus_2971263,host_291302): 0 -> 1
Cell (virus_2971263,host_221087): 0 -> 1
Cell (virus_2971263,host_258867): 0 -> 1
Cell (virus_2971263,host_61862): 0 -> 1
Cell (virus_2971263,host_258909): 0 -> 1
Cell (virus_2971263,host_3371016): 0 -> 1
Cell (virus_2971263,host_360967): 0 -> 1
Cell (virus_2971263,host_109485): 0 -> 1
Cell (virus_2971263,host_143942): 0 -> 1
Cell (virus_3433786,host_105273): 0 -> 1
Cell (virus_3433786,host_294653): 0 -> 1
Cell (virus_3433786,host_9435): 0 -> 1
Cell (virus_3433786,host_2528591): 0 -> 1
Cell (virus_3433786,host_386774): 0 -> 1
Cell (virus_3433786,host_392318): 0 -> 1
Cell (virus_3433786,host_98922): 0 -> 1
Cell (virus_3433786,host_138979): 0 -> 1
Cell (virus_3433786,host_225400): 0 -> 1
Cell (virus_3433786,host_2015597): 0 -> 1
Cell (virus_3433786,host_258925): 0 -> 1
Cell (virus_3433786,host_685731): 0 -> 1
Cell (virus_3433786,host_476588): 0 -> 1
Cell (virus_3433786,host_76834): 0 -> 1
Cell (virus_3433786,host_608708): 0 -> 1
Cell (virus_3433786,host_903567): 0 -> 1
Cell (virus_3433786,host_58067): 0 -> 1
Cell (virus_3433786,host_58065): 0 -> 1
Cell (virus_3433786,host_138695): 0 -> 1
Cell (virus_3433786,host_148094): 0 -> 1
Cell (virus_3433786,host_27634): 0 -> 1
Cell (virus_3433786,host_51012): 0 -> 1
Cell (virus_3433786,host_177160): 0 -> 1
Cell (virus_3433786,host_2994998): 0 -> 1
Cell (virus_3433786,host_291302): 0 -> 1
Cell (virus_3433786,host_221087): 0 -> 1
Cell (virus_3433786,host_258867): 0 -> 1
Cell (virus_3433786,host_61862): 0 -> 1
Cell (virus_3433786,host_258909): 0 -> 1
Cell (virus_3433786,host_3371016): 0 -> 1
Cell (virus_3433786,host_360967): 0 -> 1
Cell (virus_3433786,host_109485): 0 -> 1
Cell (virus_3433786,host_143942): 0 -> 1
Cell (virus_2989482,host_294653): 0 -> 1
Cell (virus_2989482,host_9435): 0 -> 1
Cell (virus_2989482,host_2528591): 0 -> 1
Cell (virus_2989482,host_386774): 0 -> 1
Cell (virus_2989482,host_138979): 0 -> 1
Cell (virus_2989482,host_225400): 0 -> 1
Cell (virus_2989482,host_2015597): 0 -> 1
Cell (virus_2989482,host_258925): 0 -> 1
Cell (virus_2989482,host_685731): 0 -> 1
Cell (virus_2989482,host_476588): 0 -> 1
Cell (virus_2989482,host_76834): 0 -> 1
Cell (virus_2989482,host_608708): 0 -> 1
Cell (virus_2989482,host_903567): 0 -> 1
Cell (virus_2989482,host_58067): 0 -> 1
Cell (virus_2989482,host_498220): 0 -> 1
Cell (virus_2989482,host_58073): 0 -> 1
Cell (virus_2989482,host_138695): 0 -> 1
Cell (virus_2989482,host_148094): 0 -> 1
Cell (virus_2989482,host_410852): 0 -> 1
Cell (virus_2989482,host_27634): 0 -> 1
Cell (virus_2989482,host_51012): 0 -> 1
Cell (virus_2989482,host_177160): 0 -> 1
Cell (virus_2989482,host_2994998): 0 -> 1
Cell (virus_2989482,host_291302): 0 -> 1
Cell (virus_2989482,host_221087): 0 -> 1
Cell (virus_2989482,host_258867): 0 -> 1
Cell (virus_2989482,host_61862): 0 -> 1
Cell (virus_2989482,host_258909): 0 -> 1
Cell (virus_2989482,host_2969767): 0 -> 1
Cell (virus_2989482,host_3371016): 0 -> 1
Cell (virus_2989482,host_360967): 0 -> 1
Cell (virus_2989482,host_109485): 0 -> 1
Cell (virus_2989482,host_143942): 0 -> 1
Cell (virus_3433784,host_105273): 0 -> 1
Cell (virus_3433784,host_294653): 0 -> 1
Cell (virus_3433784,host_9435): 0 -> 1
Cell (virus_3433784,host_2528591): 0 -> 1
Cell (virus_3433784,host_109482): 0 -> 1
Cell (virus_3433784,host_386774): 0 -> 1
Cell (virus_3433784,host_392318): 0 -> 1
Cell (virus_3433784,host_98922): 0 -> 1
Cell (virus_3433784,host_138979): 0 -> 1
Cell (virus_3433784,host_225400): 0 -> 1
Cell (virus_3433784,host_2015597): 0 -> 1
Cell (virus_3433784,host_258925): 0 -> 1
Cell (virus_3433784,host_685731): 0 -> 1
Cell (virus_3433784,host_76834): 0 -> 1
Cell (virus_3433784,host_608708): 0 -> 1
Cell (virus_3433784,host_903567): 0 -> 1
Cell (virus_3433784,host_58067): 0 -> 1
Cell (virus_3433784,host_498220): 0 -> 1
Cell (virus_3433784,host_58065): 0 -> 1
Cell (virus_3433784,host_138695): 0 -> 1
Cell (virus_3433784,host_148094): 0 -> 1
Cell (virus_3433784,host_410852): 0 -> 1
Cell (virus_3433784,host_27634): 0 -> 1
Cell (virus_3433784,host_51012): 0 -> 1
Cell (virus_3433784,host_177160): 0 -> 1
Cell (virus_3433784,host_2994998): 0 -> 1
Cell (virus_3433784,host_291302): 0 -> 1
Cell (virus_3433784,host_221087): 0 -> 1
Cell (virus_3433784,host_258867): 0 -> 1
Cell (virus_3433784,host_61862): 0 -> 1
Cell (virus_3433784,host_258909): 0 -> 1
Cell (virus_3433784,host_3371016): 0 -> 1
Cell (virus_3433784,host_360967): 0 -> 1
Cell (virus_3433784,host_109485): 0 -> 1
Cell (virus_3433784,host_143942): 0 -> 1
Cell (virus_2691588,host_105273): 0 -> 1
Cell (virus_2691588,host_294653): 0 -> 1
Cell (virus_2691588,host_3380546): 0 -> 1
Cell (virus_2691588,host_9435): 0 -> 1
Cell (virus_2691588,host_257882): 0 -> 1
Cell (virus_2691588,host_2528591): 0 -> 1
Cell (virus_2691588,host_109482): 0 -> 1
Cell (virus_2691588,host_386774): 0 -> 1
Cell (virus_2691588,host_526407): 0 -> 1
Cell (virus_2691588,host_98922): 0 -> 1
Cell (virus_2691588,host_2015597): 0 -> 1
Cell (virus_2691588,host_258925): 0 -> 1
Cell (virus_2691588,host_685731): 0 -> 1
Cell (virus_2691588,host_188568): 0 -> 1
Cell (virus_2691588,host_188569): 0 -> 1
Cell (virus_2691588,host_170233): 0 -> 1
Cell (virus_2691588,host_196296): 0 -> 1
Cell (virus_2691588,host_76834): 0 -> 1
Cell (virus_2691588,host_608708): 0 -> 1
Cell (virus_2691588,host_249024): 0 -> 1
Cell (virus_2691588,host_329870): 0 -> 1
Cell (virus_2691588,host_549403): 0 -> 1
Cell (virus_2691588,host_58065): 0 -> 1
Cell (virus_2691588,host_58063): 0 -> 1
Cell (virus_2691588,host_187003): 0 -> 1
Cell (virus_2691588,host_138695): 0 -> 1
Cell (virus_2691588,host_148094): 0 -> 1
Cell (virus_2691588,host_410852): 0 -> 1
Cell (virus_2691588,host_51012): 0 -> 1
Cell (virus_2691588,host_177160): 0 -> 1
Cell (virus_2691588,host_2994998): 0 -> 1
Cell (virus_2691588,host_291302): 0 -> 1
Cell (virus_2691588,host_221087): 0 -> 1
Cell (virus_2691588,host_249033): 0 -> 1
Cell (virus_2691588,host_61862): 0 -> 1
Cell (virus_2691588,host_258909): 0 -> 1
Cell (virus_2691588,host_360967): 0 -> 1
Cell (virus_2691588,host_109485): 0 -> 1
Cell (virus_2691588,host_143942): 0 -> 1
Cell (virus_3433780,host_105273): 0 -> 1
Cell (virus_3433780,host_294653): 0 -> 1
Cell (virus_3433780,host_3380546): 0 -> 1
Cell (virus_3433780,host_9435): 0 -> 1
Cell (virus_3433780,host_257882): 0 -> 1
Cell (virus_3433780,host_2528591): 0 -> 1
Cell (virus_3433780,host_109482): 0 -> 1
Cell (virus_3433780,host_386774): 0 -> 1
Cell (virus_3433780,host_526407): 0 -> 1
Cell (virus_3433780,host_98922): 0 -> 1
Cell (virus_3433780,host_2015597): 0 -> 1
Cell (virus_3433780,host_258925): 0 -> 1
Cell (virus_3433780,host_685731): 0 -> 1
Cell (virus_3433780,host_188568): 0 -> 1
Cell (virus_3433780,host_188569): 0 -> 1
Cell (virus_3433780,host_170233): 0 -> 1
Cell (virus_3433780,host_196296): 0 -> 1
Cell (virus_3433780,host_76834): 0 -> 1
Cell (virus_3433780,host_608708): 0 -> 1
Cell (virus_3433780,host_249024): 0 -> 1
Cell (virus_3433780,host_329870): 0 -> 1
Cell (virus_3433780,host_549403): 0 -> 1
Cell (virus_3433780,host_58065): 0 -> 1
Cell (virus_3433780,host_58063): 0 -> 1
Cell (virus_3433780,host_187003): 0 -> 1
Cell (virus_3433780,host_138695): 0 -> 1
Cell (virus_3433780,host_148094): 0 -> 1
Cell (virus_3433780,host_410852): 0 -> 1
Cell (virus_3433780,host_51012): 0 -> 1
Cell (virus_3433780,host_177160): 0 -> 1
Cell (virus_3433780,host_2994998): 0 -> 1
Cell (virus_3433780,host_291302): 0 -> 1
Cell (virus_3433780,host_221087): 0 -> 1
Cell (virus_3433780,host_249033): 0 -> 1
Cell (virus_3433780,host_61862): 0 -> 1
Cell (virus_3433780,host_258909): 0 -> 1
Cell (virus_3433780,host_360967): 0 -> 1
Cell (virus_3433780,host_109485): 0 -> 1
Cell (virus_3433780,host_143942): 0 -> 1
Cell (virus_694000,host_105273): 0 -> 1
Cell (virus_694000,host_294653): 0 -> 1
Cell (virus_694000,host_3380546): 0 -> 1
Cell (virus_694000,host_9435): 0 -> 1
Cell (virus_694000,host_257882): 0 -> 1
Cell (virus_694000,host_2528591): 0 -> 1
Cell (virus_694000,host_109482): 0 -> 1
Cell (virus_694000,host_386774): 0 -> 1
Cell (virus_694000,host_526407): 0 -> 1
Cell (virus_694000,host_98922): 0 -> 1
Cell (virus_694000,host_2015597): 0 -> 1
Cell (virus_694000,host_258925): 0 -> 1
Cell (virus_694000,host_685731): 0 -> 1
Cell (virus_694000,host_188568): 0 -> 1
Cell (virus_694000,host_188569): 0 -> 1
Cell (virus_694000,host_170233): 0 -> 1
Cell (virus_694000,host_196296): 0 -> 1
Cell (virus_694000,host_76834): 0 -> 1
Cell (virus_694000,host_608708): 0 -> 1
Cell (virus_694000,host_249024): 0 -> 1
Cell (virus_694000,host_329870): 0 -> 1
Cell (virus_694000,host_549403): 0 -> 1
Cell (virus_694000,host_58065): 0 -> 1
Cell (virus_694000,host_58063): 0 -> 1
Cell (virus_694000,host_187003): 0 -> 1
Cell (virus_694000,host_138695): 0 -> 1
Cell (virus_694000,host_148094): 0 -> 1
Cell (virus_694000,host_410852): 0 -> 1
Cell (virus_694000,host_51012): 0 -> 1
Cell (virus_694000,host_177160): 0 -> 1
Cell (virus_694000,host_2994998): 0 -> 1
Cell (virus_694000,host_291302): 0 -> 1
Cell (virus_694000,host_221087): 0 -> 1
Cell (virus_694000,host_249033): 0 -> 1
Cell (virus_694000,host_61862): 0 -> 1
Cell (virus_694000,host_258909): 0 -> 1
Cell (virus_694000,host_360967): 0 -> 1
Cell (virus_694000,host_109485): 0 -> 1
Cell (virus_694000,host_143942): 0 -> 1
Cell (virus_3119327,host_105273): 0 -> 1
Cell (virus_3119327,host_294653): 0 -> 1
Cell (virus_3119327,host_9435): 0 -> 1
Cell (virus_3119327,host_257882): 0 -> 1
Cell (virus_3119327,host_2528591): 0 -> 1
Cell (virus_3119327,host_109482): 0 -> 1
Cell (virus_3119327,host_386774): 0 -> 1
Cell (virus_3119327,host_452653): 0 -> 1
Cell (virus_3119327,host_98922): 0 -> 1
Cell (virus_3119327,host_2015597): 0 -> 1
Cell (virus_3119327,host_258925): 0 -> 1
Cell (virus_3119327,host_685731): 0 -> 1
Cell (virus_3119327,host_110941): 0 -> 1
Cell (virus_3119327,host_188568): 0 -> 1
Cell (virus_3119327,host_188569): 0 -> 1
Cell (virus_3119327,host_170233): 0 -> 1
Cell (virus_3119327,host_76834): 0 -> 1
Cell (virus_3119327,host_608708): 0 -> 1
Cell (virus_3119327,host_249024): 0 -> 1
Cell (virus_3119327,host_329870): 0 -> 1
Cell (virus_3119327,host_549403): 0 -> 1
Cell (virus_3119327,host_58065): 0 -> 1
Cell (virus_3119327,host_58063): 0 -> 1
Cell (virus_3119327,host_187003): 0 -> 1
Cell (virus_3119327,host_138695): 0 -> 1
Cell (virus_3119327,host_148094): 0 -> 1
Cell (virus_3119327,host_410852): 0 -> 1
Cell (virus_3119327,host_51012): 0 -> 1
Cell (virus_3119327,host_177160): 0 -> 1
Cell (virus_3119327,host_2994998): 0 -> 1
Cell (virus_3119327,host_291302): 0 -> 1
Cell (virus_3119327,host_221087): 0 -> 1
Cell (virus_3119327,host_249033): 0 -> 1
Cell (virus_3119327,host_61862): 0 -> 1
Cell (virus_3119327,host_258909): 0 -> 1
Cell (virus_3119327,host_360967): 0 -> 1
Cell (virus_3119327,host_109485): 0 -> 1
Cell (virus_3119327,host_143942): 0 -> 1
Cell (virus_2809631,host_105273): 0 -> 1
Cell (virus_2809631,host_294653): 0 -> 1
Cell (virus_2809631,host_9435): 0 -> 1
Cell (virus_2809631,host_257882): 0 -> 1
Cell (virus_2809631,host_2528591): 0 -> 1
Cell (virus_2809631,host_109482): 0 -> 1
Cell (virus_2809631,host_386774): 0 -> 1
Cell (virus_2809631,host_2015597): 0 -> 1
Cell (virus_2809631,host_258925): 0 -> 1
Cell (virus_2809631,host_685731): 0 -> 1
Cell (virus_2809631,host_188568): 0 -> 1
Cell (virus_2809631,host_188569): 0 -> 1
Cell (virus_2809631,host_170233): 0 -> 1
Cell (virus_2809631,host_76834): 0 -> 1
Cell (virus_2809631,host_608708): 0 -> 1
Cell (virus_2809631,host_249024): 0 -> 1
Cell (virus_2809631,host_519041): 0 -> 1
Cell (virus_2809631,host_329870): 0 -> 1
Cell (virus_2809631,host_549403): 0 -> 1
Cell (virus_2809631,host_58065): 0 -> 1
Cell (virus_2809631,host_58063): 0 -> 1
Cell (virus_2809631,host_187003): 0 -> 1
Cell (virus_2809631,host_138695): 0 -> 1
Cell (virus_2809631,host_148094): 0 -> 1
Cell (virus_2809631,host_410852): 0 -> 1
Cell (virus_2809631,host_51012): 0 -> 1
Cell (virus_2809631,host_177160): 0 -> 1
Cell (virus_2809631,host_2994998): 0 -> 1
Cell (virus_2809631,host_291302): 0 -> 1
Cell (virus_2809631,host_221087): 0 -> 1
Cell (virus_2809631,host_249033): 0 -> 1
Cell (virus_2809631,host_61862): 0 -> 1
Cell (virus_2809631,host_258909): 0 -> 1
Cell (virus_2809631,host_360967): 0 -> 1
Cell (virus_2809631,host_109485): 0 -> 1
Cell (virus_2809631,host_143942): 0 -> 1
Cell (virus_3433779,host_294653): 0 -> 1
Cell (virus_3433779,host_9435): 0 -> 1
Cell (virus_3433779,host_257882): 0 -> 1
Cell (virus_3433779,host_2528591): 0 -> 1
Cell (virus_3433779,host_109482): 0 -> 1
Cell (virus_3433779,host_386774): 0 -> 1
Cell (virus_3433779,host_2015597): 0 -> 1
Cell (virus_3433779,host_258925): 0 -> 1
Cell (virus_3433779,host_685731): 0 -> 1
Cell (virus_3433779,host_188568): 0 -> 1
Cell (virus_3433779,host_188569): 0 -> 1
Cell (virus_3433779,host_170233): 0 -> 1
Cell (virus_3433779,host_76834): 0 -> 1
Cell (virus_3433779,host_608708): 0 -> 1
Cell (virus_3433779,host_249024): 0 -> 1
Cell (virus_3433779,host_519041): 0 -> 1
Cell (virus_3433779,host_329870): 0 -> 1
Cell (virus_3433779,host_549403): 0 -> 1
Cell (virus_3433779,host_58065): 0 -> 1
Cell (virus_3433779,host_58063): 0 -> 1
Cell (virus_3433779,host_187003): 0 -> 1
Cell (virus_3433779,host_138695): 0 -> 1
Cell (virus_3433779,host_148094): 0 -> 1
Cell (virus_3433779,host_410852): 0 -> 1
Cell (virus_3433779,host_51012): 0 -> 1
Cell (virus_3433779,host_177160): 0 -> 1
Cell (virus_3433779,host_2994998): 0 -> 1
Cell (virus_3433779,host_291302): 0 -> 1
Cell (virus_3433779,host_221087): 0 -> 1
Cell (virus_3433779,host_249033): 0 -> 1
Cell (virus_3433779,host_61862): 0 -> 1
Cell (virus_3433779,host_258909): 0 -> 1
Cell (virus_3433779,host_3371016): 0 -> 1
Cell (virus_3433779,host_360967): 0 -> 1
Cell (virus_3433779,host_109485): 0 -> 1
Cell (virus_3433779,host_143942): 0 -> 1
Cell (virus_694001,host_294653): 0 -> 1
Cell (virus_694001,host_9435): 0 -> 1
Cell (virus_694001,host_257882): 0 -> 1
Cell (virus_694001,host_2528591): 0 -> 1
Cell (virus_694001,host_109482): 0 -> 1
Cell (virus_694001,host_386774): 0 -> 1
Cell (virus_694001,host_2015597): 0 -> 1
Cell (virus_694001,host_258925): 0 -> 1
Cell (virus_694001,host_685731): 0 -> 1
Cell (virus_694001,host_188568): 0 -> 1
Cell (virus_694001,host_188569): 0 -> 1
Cell (virus_694001,host_170233): 0 -> 1
Cell (virus_694001,host_76834): 0 -> 1
Cell (virus_694001,host_608708): 0 -> 1
Cell (virus_694001,host_249024): 0 -> 1
Cell (virus_694001,host_519041): 0 -> 1
Cell (virus_694001,host_329870): 0 -> 1
Cell (virus_694001,host_549403): 0 -> 1
Cell (virus_694001,host_58065): 0 -> 1
Cell (virus_694001,host_58063): 0 -> 1
Cell (virus_694001,host_187003): 0 -> 1
Cell (virus_694001,host_138695): 0 -> 1
Cell (virus_694001,host_148094): 0 -> 1
Cell (virus_694001,host_410852): 0 -> 1
Cell (virus_694001,host_51012): 0 -> 1
Cell (virus_694001,host_177160): 0 -> 1
Cell (virus_694001,host_2994998): 0 -> 1
Cell (virus_694001,host_291302): 0 -> 1
Cell (virus_694001,host_221087): 0 -> 1
Cell (virus_694001,host_249033): 0 -> 1
Cell (virus_694001,host_61862): 0 -> 1
Cell (virus_694001,host_258909): 0 -> 1
Cell (virus_694001,host_3371016): 0 -> 1
Cell (virus_694001,host_360967): 0 -> 1
Cell (virus_694001,host_109485): 0 -> 1
Cell (virus_694001,host_143942): 0 -> 1
Cell (virus_3027594,host_105273): 0 -> 1
Cell (virus_3027594,host_294653): 0 -> 1
Cell (virus_3027594,host_9435): 0 -> 1
Cell (virus_3027594,host_257882): 0 -> 1
Cell (virus_3027594,host_2528591): 0 -> 1
Cell (virus_3027594,host_386774): 0 -> 1
Cell (virus_3027594,host_526407): 0 -> 1
Cell (virus_3027594,host_98922): 0 -> 1
Cell (virus_3027594,host_138979): 0 -> 1
Cell (virus_3027594,host_2015597): 0 -> 1
Cell (virus_3027594,host_258925): 0 -> 1
Cell (virus_3027594,host_685731): 0 -> 1
Cell (virus_3027594,host_188568): 0 -> 1
Cell (virus_3027594,host_188569): 0 -> 1
Cell (virus_3027594,host_170233): 0 -> 1
Cell (virus_3027594,host_76834): 0 -> 1
Cell (virus_3027594,host_608708): 0 -> 1
Cell (virus_3027594,host_249024): 0 -> 1
Cell (virus_3027594,host_519041): 0 -> 1
Cell (virus_3027594,host_329870): 0 -> 1
Cell (virus_3027594,host_549403): 0 -> 1
Cell (virus_3027594,host_58065): 0 -> 1
Cell (virus_3027594,host_58063): 0 -> 1
Cell (virus_3027594,host_187003): 0 -> 1
Cell (virus_3027594,host_138695): 0 -> 1
Cell (virus_3027594,host_40233): 0 -> 1
Cell (virus_3027594,host_148094): 0 -> 1
Cell (virus_3027594,host_410852): 0 -> 1
Cell (virus_3027594,host_51012): 0 -> 1
Cell (virus_3027594,host_177160): 0 -> 1
Cell (virus_3027594,host_2994998): 0 -> 1
Cell (virus_3027594,host_291302): 0 -> 1
Cell (virus_3027594,host_221087): 0 -> 1
Cell (virus_3027594,host_258867): 0 -> 1
Cell (virus_3027594,host_999964): 0 -> 1
Cell (virus_3027594,host_249033): 0 -> 1
Cell (virus_3027594,host_61862): 0 -> 1
Cell (virus_3027594,host_258909): 0 -> 1
Cell (virus_3027594,host_3371016): 0 -> 1
Cell (virus_3027594,host_360967): 0 -> 1
Cell (virus_3027594,host_143942): 0 -> 1
Cell (virus_3433782,host_105273): 0 -> 1
Cell (virus_3433782,host_294653): 0 -> 1
Cell (virus_3433782,host_9435): 0 -> 1
Cell (virus_3433782,host_257882): 0 -> 1
Cell (virus_3433782,host_2528591): 0 -> 1
Cell (virus_3433782,host_386774): 0 -> 1
Cell (virus_3433782,host_526407): 0 -> 1
Cell (virus_3433782,host_98922): 0 -> 1
Cell (virus_3433782,host_138979): 0 -> 1
Cell (virus_3433782,host_2015597): 0 -> 1
Cell (virus_3433782,host_258925): 0 -> 1
Cell (virus_3433782,host_685731): 0 -> 1
Cell (virus_3433782,host_188568): 0 -> 1
Cell (virus_3433782,host_188569): 0 -> 1
Cell (virus_3433782,host_170233): 0 -> 1
Cell (virus_3433782,host_76834): 0 -> 1
Cell (virus_3433782,host_608708): 0 -> 1
Cell (virus_3433782,host_249024): 0 -> 1
Cell (virus_3433782,host_519041): 0 -> 1
Cell (virus_3433782,host_329870): 0 -> 1
Cell (virus_3433782,host_549403): 0 -> 1
Cell (virus_3433782,host_58065): 0 -> 1
Cell (virus_3433782,host_58063): 0 -> 1
Cell (virus_3433782,host_187003): 0 -> 1
Cell (virus_3433782,host_138695): 0 -> 1
Cell (virus_3433782,host_40233): 0 -> 1
Cell (virus_3433782,host_148094): 0 -> 1
Cell (virus_3433782,host_410852): 0 -> 1
Cell (virus_3433782,host_51012): 0 -> 1
Cell (virus_3433782,host_177160): 0 -> 1
Cell (virus_3433782,host_2994998): 0 -> 1
Cell (virus_3433782,host_291302): 0 -> 1
Cell (virus_3433782,host_221087): 0 -> 1
Cell (virus_3433782,host_258867): 0 -> 1
Cell (virus_3433782,host_999964): 0 -> 1
Cell (virus_3433782,host_249033): 0 -> 1
Cell (virus_3433782,host_61862): 0 -> 1
Cell (virus_3433782,host_258909): 0 -> 1
Cell (virus_3433782,host_360967): 0 -> 1
Cell (virus_3433782,host_143942): 0 -> 1
Cell (virus_3027595,host_105273): 0 -> 1
Cell (virus_3027595,host_294653): 0 -> 1
Cell (virus_3027595,host_9435): 0 -> 1
Cell (virus_3027595,host_257882): 0 -> 1
Cell (virus_3027595,host_2528591): 0 -> 1
Cell (virus_3027595,host_386774): 0 -> 1
Cell (virus_3027595,host_392004): 0 -> 1
Cell (virus_3027595,host_526407): 0 -> 1
Cell (virus_3027595,host_98922): 0 -> 1
Cell (virus_3027595,host_138979): 0 -> 1
Cell (virus_3027595,host_2015597): 0 -> 1
Cell (virus_3027595,host_633648): 0 -> 1
Cell (virus_3027595,host_258925): 0 -> 1
Cell (virus_3027595,host_685731): 0 -> 1
Cell (virus_3027595,host_188568): 0 -> 1
Cell (virus_3027595,host_188569): 0 -> 1
Cell (virus_3027595,host_170233): 0 -> 1
Cell (virus_3027595,host_169756): 0 -> 1
Cell (virus_3027595,host_76834): 0 -> 1
Cell (virus_3027595,host_608708): 0 -> 1
Cell (virus_3027595,host_249024): 0 -> 1
Cell (virus_3027595,host_519041): 0 -> 1
Cell (virus_3027595,host_329870): 0 -> 1
Cell (virus_3027595,host_549403): 0 -> 1
Cell (virus_3027595,host_124756): 0 -> 1
Cell (virus_3027595,host_58065): 0 -> 1
Cell (virus_3027595,host_326151): 0 -> 1
Cell (virus_3027595,host_187003): 0 -> 1
Cell (virus_3027595,host_138695): 0 -> 1
Cell (virus_3027595,host_40233): 0 -> 1
Cell (virus_3027595,host_148094): 0 -> 1
Cell (virus_3027595,host_410852): 0 -> 1
Cell (virus_3027595,host_51012): 0 -> 1
Cell (virus_3027595,host_177160): 0 -> 1
Cell (virus_3027595,host_2994998): 0 -> 1
Cell (virus_3027595,host_291302): 0 -> 1
Cell (virus_3027595,host_221087): 0 -> 1
Cell (virus_3027595,host_479723): 0 -> 1
Cell (virus_3027595,host_258867): 0 -> 1
Cell (virus_3027595,host_999964): 0 -> 1
Cell (virus_3027595,host_249033): 0 -> 1
Cell (virus_3027595,host_61862): 0 -> 1
Cell (virus_3027595,host_258909): 0 -> 1
Cell (virus_3027595,host_3371016): 0 -> 1
Cell (virus_3027595,host_360967): 0 -> 1
Cell (virus_3027595,host_143942): 0 -> 1
Cell (virus_2917968,host_294653): 0 -> 1
Cell (virus_2917968,host_9435): 0 -> 1
Cell (virus_2917968,host_2528591): 0 -> 1
Cell (virus_2917968,host_386774): 0 -> 1
Cell (virus_2917968,host_392318): 0 -> 1
Cell (virus_2917968,host_526407): 0 -> 1
Cell (virus_2917968,host_2015597): 0 -> 1
Cell (virus_2917968,host_258925): 0 -> 1
Cell (virus_2917968,host_685731): 0 -> 1
Cell (virus_2917968,host_188568): 0 -> 1
Cell (virus_2917968,host_188569): 0 -> 1
Cell (virus_2917968,host_170233): 0 -> 1
Cell (virus_2917968,host_76834): 0 -> 1
Cell (virus_2917968,host_608708): 0 -> 1
Cell (virus_2917968,host_249024): 0 -> 1
Cell (virus_2917968,host_329870): 0 -> 1
Cell (virus_2917968,host_549403): 0 -> 1
Cell (virus_2917968,host_77223): 0 -> 1
Cell (virus_2917968,host_58065): 0 -> 1
Cell (virus_2917968,host_58063): 0 -> 1
Cell (virus_2917968,host_326151): 0 -> 1
Cell (virus_2917968,host_187003): 0 -> 1
Cell (virus_2917968,host_138695): 0 -> 1
Cell (virus_2917968,host_148094): 0 -> 1
Cell (virus_2917968,host_410852): 0 -> 1
Cell (virus_2917968,host_27634): 0 -> 1
Cell (virus_2917968,host_177160): 0 -> 1
Cell (virus_2917968,host_2994998): 0 -> 1
Cell (virus_2917968,host_27642): 0 -> 1
Cell (virus_2917968,host_291302): 0 -> 1
Cell (virus_2917968,host_221087): 0 -> 1
Cell (virus_2917968,host_258867): 0 -> 1
Cell (virus_2917968,host_258863): 0 -> 1
Cell (virus_2917968,host_452595): 0 -> 1
Cell (virus_2917968,host_249033): 0 -> 1
Cell (virus_2917968,host_258930): 0 -> 1
Cell (virus_2917968,host_61862): 0 -> 1
Cell (virus_2917968,host_258909): 0 -> 1
Cell (virus_2917968,host_29078): 0 -> 1
Cell (virus_2917968,host_3371016): 0 -> 1
Cell (virus_2917968,host_360967): 0 -> 1
Cell (virus_2917968,host_109485): 0 -> 1
Cell (virus_2917968,host_143942): 0 -> 1
Cell (virus_3119328,host_294653): 0 -> 1
Cell (virus_3119328,host_9435): 0 -> 1
Cell (virus_3119328,host_2528591): 0 -> 1
Cell (virus_3119328,host_386774): 0 -> 1
Cell (virus_3119328,host_392318): 0 -> 1
Cell (virus_3119328,host_526407): 0 -> 1
Cell (virus_3119328,host_98922): 0 -> 1
Cell (virus_3119328,host_2015597): 0 -> 1
Cell (virus_3119328,host_258925): 0 -> 1
Cell (virus_3119328,host_188568): 0 -> 1
Cell (virus_3119328,host_188569): 0 -> 1
Cell (virus_3119328,host_170233): 0 -> 1
Cell (virus_3119328,host_76834): 0 -> 1
Cell (virus_3119328,host_608708): 0 -> 1
Cell (virus_3119328,host_249024): 0 -> 1
Cell (virus_3119328,host_329870): 0 -> 1
Cell (virus_3119328,host_549403): 0 -> 1
Cell (virus_3119328,host_58065): 0 -> 1
Cell (virus_3119328,host_58063): 0 -> 1
Cell (virus_3119328,host_187003): 0 -> 1
Cell (virus_3119328,host_138695): 0 -> 1
Cell (virus_3119328,host_40233): 0 -> 1
Cell (virus_3119328,host_148094): 0 -> 1
Cell (virus_3119328,host_410852): 0 -> 1
Cell (virus_3119328,host_27634): 0 -> 1
Cell (virus_3119328,host_51012): 0 -> 1
Cell (virus_3119328,host_177160): 0 -> 1
Cell (virus_3119328,host_2994998): 0 -> 1
Cell (virus_3119328,host_27642): 0 -> 1
Cell (virus_3119328,host_291302): 0 -> 1
Cell (virus_3119328,host_221087): 0 -> 1
Cell (virus_3119328,host_124751): 0 -> 1
Cell (virus_3119328,host_258867): 0 -> 1
Cell (virus_3119328,host_452595): 0 -> 1
Cell (virus_3119328,host_249033): 0 -> 1
Cell (virus_3119328,host_258930): 0 -> 1
Cell (virus_3119328,host_61862): 0 -> 1
Cell (virus_3119328,host_258909): 0 -> 1
Cell (virus_3119328,host_29078): 0 -> 1
Cell (virus_3119328,host_3371016): 0 -> 1
Cell (virus_3119328,host_360967): 0 -> 1
Cell (virus_3119328,host_109485): 0 -> 1
Cell (virus_3119328,host_143942): 0 -> 1
Cell (virus_3119329,host_105273): 0 -> 1
Cell (virus_3119329,host_294653): 0 -> 1
Cell (virus_3119329,host_9435): 0 -> 1
Cell (virus_3119329,host_2528591): 0 -> 1
Cell (virus_3119329,host_386774): 0 -> 1
Cell (virus_3119329,host_392004): 0 -> 1
Cell (virus_3119329,host_392318): 0 -> 1
Cell (virus_3119329,host_526407): 0 -> 1
Cell (virus_3119329,host_98922): 0 -> 1
Cell (virus_3119329,host_138979): 0 -> 1
Cell (virus_3119329,host_2015597): 0 -> 1
Cell (virus_3119329,host_258925): 0 -> 1
Cell (virus_3119329,host_685731): 0 -> 1
Cell (virus_3119329,host_188568): 0 -> 1
Cell (virus_3119329,host_188569): 0 -> 1
Cell (virus_3119329,host_170233): 0 -> 1
Cell (virus_3119329,host_76834): 0 -> 1
Cell (virus_3119329,host_608708): 0 -> 1
Cell (virus_3119329,host_249024): 0 -> 1
Cell (virus_3119329,host_329870): 0 -> 1
Cell (virus_3119329,host_549403): 0 -> 1
Cell (virus_3119329,host_372077): 0 -> 1
Cell (virus_3119329,host_58065): 0 -> 1
Cell (virus_3119329,host_58063): 0 -> 1
Cell (virus_3119329,host_138695): 0 -> 1
Cell (virus_3119329,host_148094): 0 -> 1
Cell (virus_3119329,host_410852): 0 -> 1
Cell (virus_3119329,host_27634): 0 -> 1
Cell (virus_3119329,host_51012): 0 -> 1
Cell (virus_3119329,host_177160): 0 -> 1
Cell (virus_3119329,host_2994998): 0 -> 1
Cell (virus_3119329,host_1434095): 0 -> 1
Cell (virus_3119329,host_291302): 0 -> 1
Cell (virus_3119329,host_221087): 0 -> 1
Cell (virus_3119329,host_258867): 0 -> 1
Cell (virus_3119329,host_452595): 0 -> 1
Cell (virus_3119329,host_249033): 0 -> 1
Cell (virus_3119329,host_61862): 0 -> 1
Cell (virus_3119329,host_258909): 0 -> 1
Cell (virus_3119329,host_29078): 0 -> 1
Cell (virus_3119329,host_3371016): 0 -> 1
Cell (virus_3119329,host_360967): 0 -> 1
Cell (virus_3119329,host_109485): 0 -> 1
Cell (virus_2991941,host_105273): 0 -> 1
Cell (virus_2991941,host_294653): 0 -> 1
Cell (virus_2991941,host_9435): 0 -> 1
Cell (virus_2991941,host_2528591): 0 -> 1
Cell (virus_2991941,host_386774): 0 -> 1
Cell (virus_2991941,host_392318): 0 -> 1
Cell (virus_2991941,host_526407): 0 -> 1
Cell (virus_2991941,host_98922): 0 -> 1
Cell (virus_2991941,host_138979): 0 -> 1
Cell (virus_2991941,host_2015597): 0 -> 1
Cell (virus_2991941,host_258925): 0 -> 1
Cell (virus_2991941,host_685731): 0 -> 1
Cell (virus_2991941,host_188568): 0 -> 1
Cell (virus_2991941,host_170233): 0 -> 1
Cell (virus_2991941,host_76834): 0 -> 1
Cell (virus_2991941,host_608708): 0 -> 1
Cell (virus_2991941,host_249024): 0 -> 1
Cell (virus_2991941,host_329870): 0 -> 1
Cell (virus_2991941,host_549403): 0 -> 1
Cell (virus_2991941,host_58065): 0 -> 1
Cell (virus_2991941,host_58063): 0 -> 1
Cell (virus_2991941,host_138695): 0 -> 1
Cell (virus_2991941,host_148094): 0 -> 1
Cell (virus_2991941,host_410852): 0 -> 1
Cell (virus_2991941,host_27634): 0 -> 1
Cell (virus_2991941,host_51012): 0 -> 1
Cell (virus_2991941,host_177160): 0 -> 1
Cell (virus_2991941,host_2994998): 0 -> 1
Cell (virus_2991941,host_291302): 0 -> 1
Cell (virus_2991941,host_221087): 0 -> 1
Cell (virus_2991941,host_479723): 0 -> 1
Cell (virus_2991941,host_258867): 0 -> 1
Cell (virus_2991941,host_242384): 0 -> 1
Cell (virus_2991941,host_452595): 0 -> 1
Cell (virus_2991941,host_249033): 0 -> 1
Cell (virus_2991941,host_61862): 0 -> 1
Cell (virus_2991941,host_258909): 0 -> 1
Cell (virus_2991941,host_3371016): 0 -> 1
Cell (virus_2991941,host_360967): 0 -> 1
Cell (virus_2991941,host_109485): 0 -> 1
Cell (virus_2991941,host_143942): 0 -> 1
Cell (virus_2993504,host_105273): 0 -> 1
Cell (virus_2993504,host_294653): 0 -> 1
Cell (virus_2993504,host_9435): 0 -> 1
Cell (virus_2993504,host_2528591): 0 -> 1
Cell (virus_2993504,host_386774): 0 -> 1
Cell (virus_2993504,host_392318): 0 -> 1
Cell (virus_2993504,host_526407): 0 -> 1
Cell (virus_2993504,host_98922): 0 -> 1
Cell (virus_2993504,host_138979): 0 -> 1
Cell (virus_2993504,host_2015597): 0 -> 1
Cell (virus_2993504,host_258925): 0 -> 1
Cell (virus_2993504,host_685731): 0 -> 1
Cell (virus_2993504,host_188568): 0 -> 1
Cell (virus_2993504,host_170233): 0 -> 1
Cell (virus_2993504,host_76834): 0 -> 1
Cell (virus_2993504,host_608708): 0 -> 1
Cell (virus_2993504,host_249024): 0 -> 1
Cell (virus_2993504,host_329870): 0 -> 1
Cell (virus_2993504,host_549403): 0 -> 1
Cell (virus_2993504,host_58065): 0 -> 1
Cell (virus_2993504,host_58063): 0 -> 1
Cell (virus_2993504,host_138695): 0 -> 1
Cell (virus_2993504,host_148094): 0 -> 1
Cell (virus_2993504,host_410852): 0 -> 1
Cell (virus_2993504,host_27634): 0 -> 1
Cell (virus_2993504,host_51012): 0 -> 1
Cell (virus_2993504,host_177160): 0 -> 1
Cell (virus_2993504,host_2994998): 0 -> 1
Cell (virus_2993504,host_291302): 0 -> 1
Cell (virus_2993504,host_221087): 0 -> 1
Cell (virus_2993504,host_479723): 0 -> 1
Cell (virus_2993504,host_258867): 0 -> 1
Cell (virus_2993504,host_242384): 0 -> 1
Cell (virus_2993504,host_452595): 0 -> 1
Cell (virus_2993504,host_249033): 0 -> 1
Cell (virus_2993504,host_61862): 0 -> 1
Cell (virus_2993504,host_258909): 0 -> 1
Cell (virus_2993504,host_3371016): 0 -> 1
Cell (virus_2993504,host_360967): 0 -> 1
Cell (virus_2993504,host_109485): 0 -> 1
Cell (virus_2993504,host_143942): 0 -> 1
Cell (virus_1335626,host_105273): 0 -> 1
Cell (virus_1335626,host_294653): 0 -> 1
Cell (virus_1335626,host_3380546): 0 -> 1
Cell (virus_1335626,host_9435): 0 -> 1
Cell (virus_1335626,host_59463): 0 -> 1
Cell (virus_1335626,host_109480): 0 -> 1
Cell (virus_1335626,host_160974): 0 -> 1
Cell (virus_1335626,host_412095): 0 -> 1
Cell (virus_1335626,host_138979): 0 -> 1
Cell (virus_1335626,host_258940): 0 -> 1
Cell (virus_1335626,host_587652): 0 -> 1
Cell (virus_1335626,host_225400): 0 -> 1
Cell (virus_1335626,host_2015597): 0 -> 1
Cell (virus_1335626,host_685731): 0 -> 1
Cell (virus_1335626,host_188568): 0 -> 1
Cell (virus_1335626,host_249020): 0 -> 1
Cell (virus_1335626,host_463808): 0 -> 1
Cell (virus_1335626,host_170233): 0 -> 1
Cell (virus_1335626,host_188570): 0 -> 1
Cell (virus_1335626,host_196296): 0 -> 1
Cell (virus_1335626,host_188572): 0 -> 1
Cell (virus_1335626,host_196889): 0 -> 1
Cell (virus_1335626,host_76834): 0 -> 1
Cell (virus_1335626,host_608708): 0 -> 1
Cell (virus_1335626,host_476589): 0 -> 1
Cell (virus_1335626,host_188571): 0 -> 1
Cell (virus_1335626,host_249024): 0 -> 1
Cell (virus_1335626,host_519037): 0 -> 1
Cell (virus_1335626,host_385575): 0 -> 1
Cell (virus_1335626,host_328804): 0 -> 1
Cell (virus_1335626,host_9403): 0 -> 1
Cell (virus_1335626,host_58057): 0 -> 1
Cell (virus_1335626,host_58073): 0 -> 1
Cell (virus_1335626,host_58065): 0 -> 1
Cell (virus_1335626,host_58063): 0 -> 1
Cell (virus_1335626,host_1898386): 0 -> 1
Cell (virus_1335626,host_374419): 0 -> 1
Cell (virus_1335626,host_138695): 0 -> 1
Cell (virus_1335626,host_148094): 0 -> 1
Cell (virus_1335626,host_410852): 0 -> 1
Cell (virus_1335626,host_27634): 0 -> 1
Cell (virus_1335626,host_9417): 0 -> 1
Cell (virus_1335626,host_51012): 0 -> 1
Cell (virus_1335626,host_40224): 0 -> 1
Cell (virus_1335626,host_192403): 0 -> 1
Cell (virus_1335626,host_196700): 0 -> 1
Cell (virus_1335626,host_177160): 0 -> 1
Cell (virus_1335626,host_2994998): 0 -> 1
Cell (virus_1335626,host_148061): 0 -> 1
Cell (virus_1335626,host_148089): 0 -> 1
Cell (virus_1335626,host_94961): 0 -> 1
Cell (virus_1335626,host_59472): 0 -> 1
Cell (virus_1335626,host_61862): 0 -> 1
Cell (virus_1335626,host_3371016): 0 -> 1
Cell (virus_1335626,host_3371021): 0 -> 1
Cell (virus_1335626,host_360967): 0 -> 1
Cell (virus_1335626,host_109485): 0 -> 1
Cell (virus_1335626,host_999321): 0 -> 1
Cell (virus_1335626,host_143942): 0 -> 1
Cell (virus_1335626,host_258889): 0 -> 1
Cell (virus_3433633,host_105273): 0 -> 1
Cell (virus_3433633,host_294653): 0 -> 1
Cell (virus_3433633,host_3380546): 0 -> 1
Cell (virus_3433633,host_9435): 0 -> 1
Cell (virus_3433633,host_59463): 0 -> 1
Cell (virus_3433633,host_109480): 0 -> 1
Cell (virus_3433633,host_160974): 0 -> 1
Cell (virus_3433633,host_412095): 0 -> 1
Cell (virus_3433633,host_138979): 0 -> 1
Cell (virus_3433633,host_258940): 0 -> 1
Cell (virus_3433633,host_587652): 0 -> 1
Cell (virus_3433633,host_225400): 0 -> 1
Cell (virus_3433633,host_2015597): 0 -> 1
Cell (virus_3433633,host_685731): 0 -> 1
Cell (virus_3433633,host_188568): 0 -> 1
Cell (virus_3433633,host_249020): 0 -> 1
Cell (virus_3433633,host_463808): 0 -> 1
Cell (virus_3433633,host_170233): 0 -> 1
Cell (virus_3433633,host_188570): 0 -> 1
Cell (virus_3433633,host_196296): 0 -> 1
Cell (virus_3433633,host_188572): 0 -> 1
Cell (virus_3433633,host_196889): 0 -> 1
Cell (virus_3433633,host_76834): 0 -> 1
Cell (virus_3433633,host_608708): 0 -> 1
Cell (virus_3433633,host_476589): 0 -> 1
Cell (virus_3433633,host_188571): 0 -> 1
Cell (virus_3433633,host_249024): 0 -> 1
Cell (virus_3433633,host_519037): 0 -> 1
Cell (virus_3433633,host_385575): 0 -> 1
Cell (virus_3433633,host_328804): 0 -> 1
Cell (virus_3433633,host_9403): 0 -> 1
Cell (virus_3433633,host_58057): 0 -> 1
Cell (virus_3433633,host_58073): 0 -> 1
Cell (virus_3433633,host_58065): 0 -> 1
Cell (virus_3433633,host_58063): 0 -> 1
Cell (virus_3433633,host_1898386): 0 -> 1
Cell (virus_3433633,host_374419): 0 -> 1
Cell (virus_3433633,host_138695): 0 -> 1
Cell (virus_3433633,host_148094): 0 -> 1
Cell (virus_3433633,host_410852): 0 -> 1
Cell (virus_3433633,host_27634): 0 -> 1
Cell (virus_3433633,host_9417): 0 -> 1
Cell (virus_3433633,host_51012): 0 -> 1
Cell (virus_3433633,host_40224): 0 -> 1
Cell (virus_3433633,host_192403): 0 -> 1
Cell (virus_3433633,host_196700): 0 -> 1
Cell (virus_3433633,host_177160): 0 -> 1
Cell (virus_3433633,host_2994998): 0 -> 1
Cell (virus_3433633,host_148061): 0 -> 1
Cell (virus_3433633,host_148089): 0 -> 1
Cell (virus_3433633,host_94961): 0 -> 1
Cell (virus_3433633,host_59472): 0 -> 1
Cell (virus_3433633,host_61862): 0 -> 1
Cell (virus_3433633,host_3371016): 0 -> 1
Cell (virus_3433633,host_3371021): 0 -> 1
Cell (virus_3433633,host_360967): 0 -> 1
Cell (virus_3433633,host_109485): 0 -> 1
Cell (virus_3433633,host_999321): 0 -> 1
Cell (virus_3433633,host_143942): 0 -> 1
Cell (virus_3433633,host_258889): 0 -> 1
Cell (virus_1508220,host_105273): 0 -> 1
Cell (virus_1508220,host_294653): 0 -> 1
Cell (virus_1508220,host_3380546): 0 -> 1
Cell (virus_1508220,host_9435): 0 -> 1
Cell (virus_1508220,host_109480): 0 -> 1
Cell (virus_1508220,host_160974): 0 -> 1
Cell (virus_1508220,host_138979): 0 -> 1
Cell (virus_1508220,host_159330): 0 -> 1
Cell (virus_1508220,host_258940): 0 -> 1
Cell (virus_1508220,host_587652): 0 -> 1
Cell (virus_1508220,host_225400): 0 -> 1
Cell (virus_1508220,host_2015597): 0 -> 1
Cell (virus_1508220,host_258925): 0 -> 1
Cell (virus_1508220,host_685731): 0 -> 1
Cell (virus_1508220,host_188568): 0 -> 1
Cell (virus_1508220,host_59453): 0 -> 1
Cell (virus_1508220,host_249020): 0 -> 1
Cell (virus_1508220,host_463808): 0 -> 1
Cell (virus_1508220,host_170233): 0 -> 1
Cell (virus_1508220,host_196296): 0 -> 1
Cell (virus_1508220,host_196889): 0 -> 1
Cell (virus_1508220,host_76837): 0 -> 1
Cell (virus_1508220,host_608708): 0 -> 1
Cell (virus_1508220,host_476589): 0 -> 1
Cell (virus_1508220,host_188571): 0 -> 1
Cell (virus_1508220,host_249024): 0 -> 1
Cell (virus_1508220,host_519037): 0 -> 1
Cell (virus_1508220,host_166054): 0 -> 1
Cell (virus_1508220,host_385575): 0 -> 1
Cell (virus_1508220,host_328804): 0 -> 1
Cell (virus_1508220,host_9403): 0 -> 1
Cell (virus_1508220,host_58057): 0 -> 1
Cell (virus_1508220,host_58073): 0 -> 1
Cell (virus_1508220,host_58065): 0 -> 1
Cell (virus_1508220,host_58063): 0 -> 1
Cell (virus_1508220,host_1898386): 0 -> 1
Cell (virus_1508220,host_374419): 0 -> 1
Cell (virus_1508220,host_138695): 0 -> 1
Cell (virus_1508220,host_148094): 0 -> 1
Cell (virus_1508220,host_410852): 0 -> 1
Cell (virus_1508220,host_27634): 0 -> 1
Cell (virus_1508220,host_9417): 0 -> 1
Cell (virus_1508220,host_51012): 0 -> 1
Cell (virus_1508220,host_40224): 0 -> 1
Cell (virus_1508220,host_192403): 0 -> 1
Cell (virus_1508220,host_196700): 0 -> 1
Cell (virus_1508220,host_177160): 0 -> 1
Cell (virus_1508220,host_2994998): 0 -> 1
Cell (virus_1508220,host_148061): 0 -> 1
Cell (virus_1508220,host_94961): 0 -> 1
Cell (virus_1508220,host_59472): 0 -> 1
Cell (virus_1508220,host_61862): 0 -> 1
Cell (virus_1508220,host_3371016): 0 -> 1
Cell (virus_1508220,host_360967): 0 -> 1
Cell (virus_1508220,host_109485): 0 -> 1
Cell (virus_1508220,host_143942): 0 -> 1
Cell (virus_1508220,host_258889): 0 -> 1
Cell (virus_3433775,host_105273): 0 -> 1
Cell (virus_3433775,host_294653): 0 -> 1
Cell (virus_3433775,host_3380546): 0 -> 1
Cell (virus_3433775,host_9435): 0 -> 1
Cell (virus_3433775,host_109480): 0 -> 1
Cell (virus_3433775,host_160974): 0 -> 1
Cell (virus_3433775,host_138979): 0 -> 1
Cell (virus_3433775,host_159330): 0 -> 1
Cell (virus_3433775,host_258940): 0 -> 1
Cell (virus_3433775,host_587652): 0 -> 1
Cell (virus_3433775,host_225400): 0 -> 1
Cell (virus_3433775,host_258925): 0 -> 1
Cell (virus_3433775,host_685731): 0 -> 1
Cell (virus_3433775,host_188568): 0 -> 1
Cell (virus_3433775,host_59453): 0 -> 1
Cell (virus_3433775,host_249020): 0 -> 1
Cell (virus_3433775,host_463808): 0 -> 1
Cell (virus_3433775,host_170233): 0 -> 1
Cell (virus_3433775,host_196296): 0 -> 1
Cell (virus_3433775,host_196889): 0 -> 1
Cell (virus_3433775,host_76837): 0 -> 1
Cell (virus_3433775,host_608708): 0 -> 1
Cell (virus_3433775,host_476589): 0 -> 1
Cell (virus_3433775,host_188571): 0 -> 1
Cell (virus_3433775,host_249024): 0 -> 1
Cell (virus_3433775,host_519037): 0 -> 1
Cell (virus_3433775,host_166054): 0 -> 1
Cell (virus_3433775,host_385575): 0 -> 1
Cell (virus_3433775,host_328804): 0 -> 1
Cell (virus_3433775,host_9403): 0 -> 1
Cell (virus_3433775,host_58057): 0 -> 1
Cell (virus_3433775,host_58073): 0 -> 1
Cell (virus_3433775,host_58065): 0 -> 1
Cell (virus_3433775,host_58063): 0 -> 1
Cell (virus_3433775,host_1898386): 0 -> 1
Cell (virus_3433775,host_374419): 0 -> 1
Cell (virus_3433775,host_138695): 0 -> 1
Cell (virus_3433775,host_148094): 0 -> 1
Cell (virus_3433775,host_410852): 0 -> 1
Cell (virus_3433775,host_27634): 0 -> 1
Cell (virus_3433775,host_9417): 0 -> 1
Cell (virus_3433775,host_51012): 0 -> 1
Cell (virus_3433775,host_40224): 0 -> 1
Cell (virus_3433775,host_192403): 0 -> 1
Cell (virus_3433775,host_196700): 0 -> 1
Cell (virus_3433775,host_177160): 0 -> 1
Cell (virus_3433775,host_2994998): 0 -> 1
Cell (virus_3433775,host_148061): 0 -> 1
Cell (virus_3433775,host_94961): 0 -> 1
Cell (virus_3433775,host_59472): 0 -> 1
Cell (virus_3433775,host_61862): 0 -> 1
Cell (virus_3433775,host_3371016): 0 -> 1
Cell (virus_3433775,host_3371021): 0 -> 1
Cell (virus_3433775,host_360967): 0 -> 1
Cell (virus_3433775,host_109485): 0 -> 1
Cell (virus_3433775,host_143942): 0 -> 1
Cell (virus_3433775,host_258889): 0 -> 1
Cell (virus_694008,host_105273): 0 -> 1
Cell (virus_694008,host_294653): 0 -> 1
Cell (virus_694008,host_3380546): 0 -> 1
Cell (virus_694008,host_9435): 0 -> 1
Cell (virus_694008,host_109480): 0 -> 1
Cell (virus_694008,host_160974): 0 -> 1
Cell (virus_694008,host_138979): 0 -> 1
Cell (virus_694008,host_159330): 0 -> 1
Cell (virus_694008,host_258940): 0 -> 1
Cell (virus_694008,host_587652): 0 -> 1
Cell (virus_694008,host_225400): 0 -> 1
Cell (virus_694008,host_258925): 0 -> 1
Cell (virus_694008,host_685731): 0 -> 1
Cell (virus_694008,host_188568): 0 -> 1
Cell (virus_694008,host_59453): 0 -> 1
Cell (virus_694008,host_249020): 0 -> 1
Cell (virus_694008,host_463808): 0 -> 1
Cell (virus_694008,host_170233): 0 -> 1
Cell (virus_694008,host_196296): 0 -> 1
Cell (virus_694008,host_196889): 0 -> 1
Cell (virus_694008,host_76837): 0 -> 1
Cell (virus_694008,host_608708): 0 -> 1
Cell (virus_694008,host_476589): 0 -> 1
Cell (virus_694008,host_188571): 0 -> 1
Cell (virus_694008,host_249024): 0 -> 1
Cell (virus_694008,host_519037): 0 -> 1
Cell (virus_694008,host_166054): 0 -> 1
Cell (virus_694008,host_385575): 0 -> 1
Cell (virus_694008,host_328804): 0 -> 1
Cell (virus_694008,host_9403): 0 -> 1
Cell (virus_694008,host_58057): 0 -> 1
Cell (virus_694008,host_58073): 0 -> 1
Cell (virus_694008,host_58065): 0 -> 1
Cell (virus_694008,host_58063): 0 -> 1
Cell (virus_694008,host_1898386): 0 -> 1
Cell (virus_694008,host_374419): 0 -> 1
Cell (virus_694008,host_138695): 0 -> 1
Cell (virus_694008,host_148094): 0 -> 1
Cell (virus_694008,host_410852): 0 -> 1
Cell (virus_694008,host_27634): 0 -> 1
Cell (virus_694008,host_9417): 0 -> 1
Cell (virus_694008,host_51012): 0 -> 1
Cell (virus_694008,host_40224): 0 -> 1
Cell (virus_694008,host_192403): 0 -> 1
Cell (virus_694008,host_196700): 0 -> 1
Cell (virus_694008,host_177160): 0 -> 1
Cell (virus_694008,host_2994998): 0 -> 1
Cell (virus_694008,host_148061): 0 -> 1
Cell (virus_694008,host_94961): 0 -> 1
Cell (virus_694008,host_59472): 0 -> 1
Cell (virus_694008,host_61862): 0 -> 1
Cell (virus_694008,host_3371016): 0 -> 1
Cell (virus_694008,host_3371021): 0 -> 1
Cell (virus_694008,host_360967): 0 -> 1
Cell (virus_694008,host_109485): 0 -> 1
Cell (virus_694008,host_143942): 0 -> 1
Cell (virus_694008,host_258889): 0 -> 1
Cell (virus_2832974,host_105273): 0 -> 1
Cell (virus_2832974,host_294653): 0 -> 1
Cell (virus_2832974,host_3380546): 0 -> 1
Cell (virus_2832974,host_9435): 0 -> 1
Cell (virus_2832974,host_109480): 0 -> 1
Cell (virus_2832974,host_160974): 0 -> 1
Cell (virus_2832974,host_138979): 0 -> 1
Cell (virus_2832974,host_159330): 0 -> 1
Cell (virus_2832974,host_258940): 0 -> 1
Cell (virus_2832974,host_587652): 0 -> 1
Cell (virus_2832974,host_225400): 0 -> 1
Cell (virus_2832974,host_2015597): 0 -> 1
Cell (virus_2832974,host_685731): 0 -> 1
Cell (virus_2832974,host_188568): 0 -> 1
Cell (virus_2832974,host_59453): 0 -> 1
Cell (virus_2832974,host_249020): 0 -> 1
Cell (virus_2832974,host_463808): 0 -> 1
Cell (virus_2832974,host_170233): 0 -> 1
Cell (virus_2832974,host_196296): 0 -> 1
Cell (virus_2832974,host_188572): 0 -> 1
Cell (virus_2832974,host_196889): 0 -> 1
Cell (virus_2832974,host_76837): 0 -> 1
Cell (virus_2832974,host_76834): 0 -> 1
Cell (virus_2832974,host_608708): 0 -> 1
Cell (virus_2832974,host_476589): 0 -> 1
Cell (virus_2832974,host_249024): 0 -> 1
Cell (virus_2832974,host_519037): 0 -> 1
Cell (virus_2832974,host_166054): 0 -> 1
Cell (virus_2832974,host_385575): 0 -> 1
Cell (virus_2832974,host_328804): 0 -> 1
Cell (virus_2832974,host_9403): 0 -> 1
Cell (virus_2832974,host_58057): 0 -> 1
Cell (virus_2832974,host_58073): 0 -> 1
Cell (virus_2832974,host_58065): 0 -> 1
Cell (virus_2832974,host_58063): 0 -> 1
Cell (virus_2832974,host_1898386): 0 -> 1
Cell (virus_2832974,host_374419): 0 -> 1
Cell (virus_2832974,host_138695): 0 -> 1
Cell (virus_2832974,host_148094): 0 -> 1
Cell (virus_2832974,host_410852): 0 -> 1
Cell (virus_2832974,host_27634): 0 -> 1
Cell (virus_2832974,host_9417): 0 -> 1
Cell (virus_2832974,host_51012): 0 -> 1
Cell (virus_2832974,host_40224): 0 -> 1
Cell (virus_2832974,host_192403): 0 -> 1
Cell (virus_2832974,host_196700): 0 -> 1
Cell (virus_2832974,host_177160): 0 -> 1
Cell (virus_2832974,host_2994998): 0 -> 1
Cell (virus_2832974,host_148061): 0 -> 1
Cell (virus_2832974,host_94961): 0 -> 1
Cell (virus_2832974,host_59472): 0 -> 1
Cell (virus_2832974,host_61862): 0 -> 1
Cell (virus_2832974,host_3371016): 0 -> 1
Cell (virus_2832974,host_3371021): 0 -> 1
Cell (virus_2832974,host_360967): 0 -> 1
Cell (virus_2832974,host_109485): 0 -> 1
Cell (virus_2832974,host_258889): 0 -> 1
Cell (virus_1928434,host_294653): 0 -> 1
Cell (virus_1928434,host_3380546): 0 -> 1
Cell (virus_1928434,host_9435): 0 -> 1
Cell (virus_1928434,host_257882): 0 -> 1
Cell (virus_1928434,host_109480): 0 -> 1
Cell (virus_1928434,host_160974): 0 -> 1
Cell (virus_1928434,host_412095): 0 -> 1
Cell (virus_1928434,host_386774): 0 -> 1
Cell (virus_1928434,host_258940): 0 -> 1
Cell (virus_1928434,host_587652): 0 -> 1
Cell (virus_1928434,host_155915): 0 -> 1
Cell (virus_1928434,host_2015597): 0 -> 1
Cell (virus_1928434,host_685731): 0 -> 1
Cell (virus_1928434,host_188568): 0 -> 1
Cell (virus_1928434,host_249020): 0 -> 1
Cell (virus_1928434,host_170233): 0 -> 1
Cell (virus_1928434,host_196296): 0 -> 1
Cell (virus_1928434,host_188572): 0 -> 1
Cell (virus_1928434,host_196889): 0 -> 1
Cell (virus_1928434,host_76837): 0 -> 1
Cell (virus_1928434,host_608708): 0 -> 1
Cell (virus_1928434,host_476589): 0 -> 1
Cell (virus_1928434,host_249024): 0 -> 1
Cell (virus_1928434,host_519037): 0 -> 1
Cell (virus_1928434,host_196297): 0 -> 1
Cell (virus_1928434,host_385575): 0 -> 1
Cell (virus_1928434,host_328804): 0 -> 1
Cell (virus_1928434,host_9403): 0 -> 1
Cell (virus_1928434,host_77223): 0 -> 1
Cell (virus_1928434,host_58065): 0 -> 1
Cell (virus_1928434,host_58063): 0 -> 1
Cell (virus_1928434,host_1898386): 0 -> 1
Cell (virus_1928434,host_9400): 0 -> 1
Cell (virus_1928434,host_374419): 0 -> 1
Cell (virus_1928434,host_138695): 0 -> 1
Cell (virus_1928434,host_148094): 0 -> 1
Cell (virus_1928434,host_410852): 0 -> 1
Cell (virus_1928434,host_27634): 0 -> 1
Cell (virus_1928434,host_51012): 0 -> 1
Cell (virus_1928434,host_40224): 0 -> 1
Cell (virus_1928434,host_192403): 0 -> 1
Cell (virus_1928434,host_196700): 0 -> 1
Cell (virus_1928434,host_177160): 0 -> 1
Cell (virus_1928434,host_177162): 0 -> 1
Cell (virus_1928434,host_148061): 0 -> 1
Cell (virus_1928434,host_94961): 0 -> 1
Cell (virus_1928434,host_3371013): 0 -> 1
Cell (virus_1928434,host_59472): 0 -> 1
Cell (virus_1928434,host_2218597): 0 -> 1
Cell (virus_1928434,host_61862): 0 -> 1
Cell (virus_1928434,host_258909): 0 -> 1
Cell (virus_1928434,host_3371016): 0 -> 1
Cell (virus_1928434,host_360967): 0 -> 1
Cell (virus_1928434,host_59474): 0 -> 1
Cell (virus_1928434,host_2491053): 0 -> 1
Cell (virus_1928434,host_110938): 0 -> 1
Cell (virus_3433757,host_294653): 0 -> 1
Cell (virus_3433757,host_3380546): 0 -> 1
Cell (virus_3433757,host_9435): 0 -> 1
Cell (virus_3433757,host_257882): 0 -> 1
Cell (virus_3433757,host_59463): 0 -> 1
Cell (virus_3433757,host_109480): 0 -> 1
Cell (virus_3433757,host_160974): 0 -> 1
Cell (virus_3433757,host_412095): 0 -> 1
Cell (virus_3433757,host_386774): 0 -> 1
Cell (virus_3433757,host_258940): 0 -> 1
Cell (virus_3433757,host_587652): 0 -> 1
Cell (virus_3433757,host_155915): 0 -> 1
Cell (virus_3433757,host_2015597): 0 -> 1
Cell (virus_3433757,host_685731): 0 -> 1
Cell (virus_3433757,host_188568): 0 -> 1
Cell (virus_3433757,host_249020): 0 -> 1
Cell (virus_3433757,host_170233): 0 -> 1
Cell (virus_3433757,host_196296): 0 -> 1
Cell (virus_3433757,host_188572): 0 -> 1
Cell (virus_3433757,host_196889): 0 -> 1
Cell (virus_3433757,host_76837): 0 -> 1
Cell (virus_3433757,host_608708): 0 -> 1
Cell (virus_3433757,host_476589): 0 -> 1
Cell (virus_3433757,host_249024): 0 -> 1
Cell (virus_3433757,host_519037): 0 -> 1
Cell (virus_3433757,host_196297): 0 -> 1
Cell (virus_3433757,host_385575): 0 -> 1
Cell (virus_3433757,host_328804): 0 -> 1
Cell (virus_3433757,host_9403): 0 -> 1
Cell (virus_3433757,host_77223): 0 -> 1
Cell (virus_3433757,host_58065): 0 -> 1
Cell (virus_3433757,host_58063): 0 -> 1
Cell (virus_3433757,host_1898386): 0 -> 1
Cell (virus_3433757,host_9400): 0 -> 1
Cell (virus_3433757,host_374419): 0 -> 1
Cell (virus_3433757,host_138695): 0 -> 1
Cell (virus_3433757,host_148094): 0 -> 1
Cell (virus_3433757,host_410852): 0 -> 1
Cell (virus_3433757,host_27634): 0 -> 1
Cell (virus_3433757,host_51012): 0 -> 1
Cell (virus_3433757,host_40224): 0 -> 1
Cell (virus_3433757,host_192403): 0 -> 1
Cell (virus_3433757,host_196700): 0 -> 1
Cell (virus_3433757,host_177160): 0 -> 1
Cell (virus_3433757,host_177162): 0 -> 1
Cell (virus_3433757,host_148061): 0 -> 1
Cell (virus_3433757,host_94961): 0 -> 1
Cell (virus_3433757,host_3371013): 0 -> 1
Cell (virus_3433757,host_59472): 0 -> 1
Cell (virus_3433757,host_2218597): 0 -> 1
Cell (virus_3433757,host_61862): 0 -> 1
Cell (virus_3433757,host_258909): 0 -> 1
Cell (virus_3433757,host_3371016): 0 -> 1
Cell (virus_3433757,host_360967): 0 -> 1
Cell (virus_3433757,host_59474): 0 -> 1
Cell (virus_3433757,host_2491053): 0 -> 1
Cell (virus_3433757,host_110938): 0 -> 1
Cell (virus_694003,host_294653): 0 -> 1
Cell (virus_694003,host_3380546): 0 -> 1
Cell (virus_694003,host_9435): 0 -> 1
Cell (virus_694003,host_257882): 0 -> 1
Cell (virus_694003,host_59463): 0 -> 1
Cell (virus_694003,host_109480): 0 -> 1
Cell (virus_694003,host_160974): 0 -> 1
Cell (virus_694003,host_412095): 0 -> 1
Cell (virus_694003,host_386774): 0 -> 1
Cell (virus_694003,host_258940): 0 -> 1
Cell (virus_694003,host_587652): 0 -> 1
Cell (virus_694003,host_155915): 0 -> 1
Cell (virus_694003,host_2015597): 0 -> 1
Cell (virus_694003,host_685731): 0 -> 1
Cell (virus_694003,host_188568): 0 -> 1
Cell (virus_694003,host_249020): 0 -> 1
Cell (virus_694003,host_170233): 0 -> 1
Cell (virus_694003,host_196296): 0 -> 1
Cell (virus_694003,host_188572): 0 -> 1
Cell (virus_694003,host_196889): 0 -> 1
Cell (virus_694003,host_76837): 0 -> 1
Cell (virus_694003,host_608708): 0 -> 1
Cell (virus_694003,host_476589): 0 -> 1
Cell (virus_694003,host_249024): 0 -> 1
Cell (virus_694003,host_519037): 0 -> 1
Cell (virus_694003,host_196297): 0 -> 1
Cell (virus_694003,host_385575): 0 -> 1
Cell (virus_694003,host_328804): 0 -> 1
Cell (virus_694003,host_9403): 0 -> 1
Cell (virus_694003,host_77223): 0 -> 1
Cell (virus_694003,host_58065): 0 -> 1
Cell (virus_694003,host_58063): 0 -> 1
Cell (virus_694003,host_1898386): 0 -> 1
Cell (virus_694003,host_9400): 0 -> 1
Cell (virus_694003,host_374419): 0 -> 1
Cell (virus_694003,host_138695): 0 -> 1
Cell (virus_694003,host_148094): 0 -> 1
Cell (virus_694003,host_410852): 0 -> 1
Cell (virus_694003,host_27634): 0 -> 1
Cell (virus_694003,host_51012): 0 -> 1
Cell (virus_694003,host_40224): 0 -> 1
Cell (virus_694003,host_192403): 0 -> 1
Cell (virus_694003,host_196700): 0 -> 1
Cell (virus_694003,host_177160): 0 -> 1
Cell (virus_694003,host_177162): 0 -> 1
Cell (virus_694003,host_148061): 0 -> 1
Cell (virus_694003,host_94961): 0 -> 1
Cell (virus_694003,host_3371013): 0 -> 1
Cell (virus_694003,host_59472): 0 -> 1
Cell (virus_694003,host_2218597): 0 -> 1
Cell (virus_694003,host_61862): 0 -> 1
Cell (virus_694003,host_258909): 0 -> 1
Cell (virus_694003,host_3371016): 0 -> 1
Cell (virus_694003,host_360967): 0 -> 1
Cell (virus_694003,host_59474): 0 -> 1
Cell (virus_694003,host_2491053): 0 -> 1
Cell (virus_694003,host_110938): 0 -> 1
Cell (virus_2717680,host_105273): 0 -> 1
Cell (virus_2717680,host_294653): 0 -> 1
Cell (virus_2717680,host_9435): 0 -> 1
Cell (virus_2717680,host_257882): 0 -> 1
Cell (virus_2717680,host_160974): 0 -> 1
Cell (virus_2717680,host_386774): 0 -> 1
Cell (virus_2717680,host_526407): 0 -> 1
Cell (virus_2717680,host_138979): 0 -> 1
Cell (virus_2717680,host_587652): 0 -> 1
Cell (virus_2717680,host_225400): 0 -> 1
Cell (virus_2717680,host_258925): 0 -> 1
Cell (virus_2717680,host_685731): 0 -> 1
Cell (virus_2717680,host_188568): 0 -> 1
Cell (virus_2717680,host_170233): 0 -> 1
Cell (virus_2717680,host_188572): 0 -> 1
Cell (virus_2717680,host_196889): 0 -> 1
Cell (virus_2717680,host_76837): 0 -> 1
Cell (virus_2717680,host_76834): 0 -> 1
Cell (virus_2717680,host_608708): 0 -> 1
Cell (virus_2717680,host_89399): 0 -> 1
Cell (virus_2717680,host_249024): 0 -> 1
Cell (virus_2717680,host_519037): 0 -> 1
Cell (virus_2717680,host_329870): 0 -> 1
Cell (virus_2717680,host_549403): 0 -> 1
Cell (virus_2717680,host_166054): 0 -> 1
Cell (virus_2717680,host_385575): 0 -> 1
Cell (virus_2717680,host_58065): 0 -> 1
Cell (virus_2717680,host_58063): 0 -> 1
Cell (virus_2717680,host_1898386): 0 -> 1
Cell (virus_2717680,host_9400): 0 -> 1
Cell (virus_2717680,host_374419): 0 -> 1
Cell (virus_2717680,host_326151): 0 -> 1
Cell (virus_2717680,host_94956): 0 -> 1
Cell (virus_2717680,host_1884717): 0 -> 1
Cell (virus_2717680,host_138695): 0 -> 1
Cell (virus_2717680,host_148094): 0 -> 1
Cell (virus_2717680,host_410852): 0 -> 1
Cell (virus_2717680,host_27634): 0 -> 1
Cell (virus_2717680,host_9417): 0 -> 1
Cell (virus_2717680,host_51012): 0 -> 1
Cell (virus_2717680,host_192403): 0 -> 1
Cell (virus_2717680,host_196700): 0 -> 1
Cell (virus_2717680,host_148061): 0 -> 1
Cell (virus_2717680,host_94961): 0 -> 1
Cell (virus_2717680,host_3371013): 0 -> 1
Cell (virus_2717680,host_59472): 0 -> 1
Cell (virus_2717680,host_258867): 0 -> 1
Cell (virus_2717680,host_452595): 0 -> 1
Cell (virus_2717680,host_3370289): 0 -> 1
Cell (virus_2717680,host_61862): 0 -> 1
Cell (virus_2717680,host_258909): 0 -> 1
Cell (virus_2717680,host_3371016): 0 -> 1
Cell (virus_2717680,host_360967): 0 -> 1
Cell (virus_2717680,host_109485): 0 -> 1
Cell (virus_2717680,host_258889): 0 -> 1
Cell (virus_2717680,host_2491053): 0 -> 1
Cell (virus_2833022,host_105273): 0 -> 1
Cell (virus_2833022,host_294653): 0 -> 1
Cell (virus_2833022,host_9435): 0 -> 1
Cell (virus_2833022,host_160974): 0 -> 1
Cell (virus_2833022,host_386774): 0 -> 1
Cell (virus_2833022,host_526407): 0 -> 1
Cell (virus_2833022,host_138979): 0 -> 1
Cell (virus_2833022,host_587652): 0 -> 1
Cell (virus_2833022,host_225400): 0 -> 1
Cell (virus_2833022,host_258925): 0 -> 1
Cell (virus_2833022,host_685731): 0 -> 1
Cell (virus_2833022,host_188568): 0 -> 1
Cell (virus_2833022,host_170233): 0 -> 1
Cell (virus_2833022,host_188572): 0 -> 1
Cell (virus_2833022,host_196889): 0 -> 1
Cell (virus_2833022,host_76837): 0 -> 1
Cell (virus_2833022,host_76834): 0 -> 1
Cell (virus_2833022,host_608708): 0 -> 1
Cell (virus_2833022,host_89399): 0 -> 1
Cell (virus_2833022,host_249024): 0 -> 1
Cell (virus_2833022,host_519037): 0 -> 1
Cell (virus_2833022,host_329870): 0 -> 1
Cell (virus_2833022,host_549403): 0 -> 1
Cell (virus_2833022,host_385575): 0 -> 1
Cell (virus_2833022,host_1898393): 0 -> 1
Cell (virus_2833022,host_58065): 0 -> 1
Cell (virus_2833022,host_58063): 0 -> 1
Cell (virus_2833022,host_1898386): 0 -> 1
Cell (virus_2833022,host_9400): 0 -> 1
Cell (virus_2833022,host_374419): 0 -> 1
Cell (virus_2833022,host_94956): 0 -> 1
Cell (virus_2833022,host_1884717): 0 -> 1
Cell (virus_2833022,host_138695): 0 -> 1
Cell (virus_2833022,host_148094): 0 -> 1
Cell (virus_2833022,host_410852): 0 -> 1
Cell (virus_2833022,host_27634): 0 -> 1
Cell (virus_2833022,host_40228): 0 -> 1
Cell (virus_2833022,host_9417): 0 -> 1
Cell (virus_2833022,host_51012): 0 -> 1
Cell (virus_2833022,host_196700): 0 -> 1
Cell (virus_2833022,host_148061): 0 -> 1
Cell (virus_2833022,host_94961): 0 -> 1
Cell (virus_2833022,host_3371013): 0 -> 1
Cell (virus_2833022,host_59472): 0 -> 1
Cell (virus_2833022,host_258867): 0 -> 1
Cell (virus_2833022,host_452595): 0 -> 1
Cell (virus_2833022,host_3370289): 0 -> 1
Cell (virus_2833022,host_61862): 0 -> 1
Cell (virus_2833022,host_258909): 0 -> 1
Cell (virus_2833022,host_3371016): 0 -> 1
Cell (virus_2833022,host_360967): 0 -> 1
Cell (virus_2833022,host_109485): 0 -> 1
Cell (virus_2833022,host_258889): 0 -> 1
Cell (virus_2833022,host_2491053): 0 -> 1
Cell (virus_2913444,host_105273): 0 -> 1
Cell (virus_2913444,host_294653): 0 -> 1
Cell (virus_2913444,host_59473): 0 -> 1
Cell (virus_2913444,host_9435): 0 -> 1
Cell (virus_2913444,host_109480): 0 -> 1
Cell (virus_2913444,host_160974): 0 -> 1
Cell (virus_2913444,host_386774): 0 -> 1
Cell (virus_2913444,host_526407): 0 -> 1
Cell (virus_2913444,host_138979): 0 -> 1
Cell (virus_2913444,host_587652): 0 -> 1
Cell (virus_2913444,host_225400): 0 -> 1
Cell (virus_2913444,host_258925): 0 -> 1
Cell (virus_2913444,host_685731): 0 -> 1
Cell (virus_2913444,host_188568): 0 -> 1
Cell (virus_2913444,host_170233): 0 -> 1
Cell (virus_2913444,host_188572): 0 -> 1
Cell (virus_2913444,host_196889): 0 -> 1
Cell (virus_2913444,host_76837): 0 -> 1
Cell (virus_2913444,host_76834): 0 -> 1
Cell (virus_2913444,host_608708): 0 -> 1
Cell (virus_2913444,host_89399): 0 -> 1
Cell (virus_2913444,host_249024): 0 -> 1
Cell (virus_2913444,host_519037): 0 -> 1
Cell (virus_2913444,host_329870): 0 -> 1
Cell (virus_2913444,host_549403): 0 -> 1
Cell (virus_2913444,host_385575): 0 -> 1
Cell (virus_2913444,host_1898393): 0 -> 1
Cell (virus_2913444,host_58065): 0 -> 1
Cell (virus_2913444,host_58063): 0 -> 1
Cell (virus_2913444,host_1898386): 0 -> 1
Cell (virus_2913444,host_9400): 0 -> 1
Cell (virus_2913444,host_374419): 0 -> 1
Cell (virus_2913444,host_94956): 0 -> 1
Cell (virus_2913444,host_1884717): 0 -> 1
Cell (virus_2913444,host_138695): 0 -> 1
Cell (virus_2913444,host_148094): 0 -> 1
Cell (virus_2913444,host_410852): 0 -> 1
Cell (virus_2913444,host_27634): 0 -> 1
Cell (virus_2913444,host_9417): 0 -> 1
Cell (virus_2913444,host_51012): 0 -> 1
Cell (virus_2913444,host_192403): 0 -> 1
Cell (virus_2913444,host_196700): 0 -> 1
Cell (virus_2913444,host_148061): 0 -> 1
Cell (virus_2913444,host_94961): 0 -> 1
Cell (virus_2913444,host_3371013): 0 -> 1
Cell (virus_2913444,host_59472): 0 -> 1
Cell (virus_2913444,host_258867): 0 -> 1
Cell (virus_2913444,host_452595): 0 -> 1
Cell (virus_2913444,host_3370289): 0 -> 1
Cell (virus_2913444,host_61862): 0 -> 1
Cell (virus_2913444,host_258909): 0 -> 1
Cell (virus_2913444,host_3371016): 0 -> 1
Cell (virus_2913444,host_360967): 0 -> 1
Cell (virus_2913444,host_109485): 0 -> 1
Cell (virus_2913444,host_258889): 0 -> 1
Cell (virus_2913444,host_2491053): 0 -> 1
Cell (virus_3418614,host_105273): 0 -> 1
Cell (virus_3418614,host_294653): 0 -> 1
Cell (virus_3418614,host_9435): 0 -> 1
Cell (virus_3418614,host_160974): 0 -> 1
Cell (virus_3418614,host_138979): 0 -> 1
Cell (virus_3418614,host_258940): 0 -> 1
Cell (virus_3418614,host_587652): 0 -> 1
Cell (virus_3418614,host_225400): 0 -> 1
Cell (virus_3418614,host_258925): 0 -> 1
Cell (virus_3418614,host_685731): 0 -> 1
Cell (virus_3418614,host_188568): 0 -> 1
Cell (virus_3418614,host_170233): 0 -> 1
Cell (virus_3418614,host_188572): 0 -> 1
Cell (virus_3418614,host_196889): 0 -> 1
Cell (virus_3418614,host_476588): 0 -> 1
Cell (virus_3418614,host_76837): 0 -> 1
Cell (virus_3418614,host_76834): 0 -> 1
Cell (virus_3418614,host_608708): 0 -> 1
Cell (virus_3418614,host_89399): 0 -> 1
Cell (virus_3418614,host_249024): 0 -> 1
Cell (virus_3418614,host_519037): 0 -> 1
Cell (virus_3418614,host_329870): 0 -> 1
Cell (virus_3418614,host_549403): 0 -> 1
Cell (virus_3418614,host_166054): 0 -> 1
Cell (virus_3418614,host_385575): 0 -> 1
Cell (virus_3418614,host_58065): 0 -> 1
Cell (virus_3418614,host_58063): 0 -> 1
Cell (virus_3418614,host_1898386): 0 -> 1
Cell (virus_3418614,host_9400): 0 -> 1
Cell (virus_3418614,host_374419): 0 -> 1
Cell (virus_3418614,host_187003): 0 -> 1
Cell (virus_3418614,host_94956): 0 -> 1
Cell (virus_3418614,host_1884717): 0 -> 1
Cell (virus_3418614,host_59476): 0 -> 1
Cell (virus_3418614,host_138695): 0 -> 1
Cell (virus_3418614,host_148094): 0 -> 1
Cell (virus_3418614,host_410852): 0 -> 1
Cell (virus_3418614,host_27634): 0 -> 1
Cell (virus_3418614,host_9417): 0 -> 1
Cell (virus_3418614,host_51012): 0 -> 1
Cell (virus_3418614,host_192403): 0 -> 1
Cell (virus_3418614,host_196700): 0 -> 1
Cell (virus_3418614,host_148061): 0 -> 1
Cell (virus_3418614,host_94961): 0 -> 1
Cell (virus_3418614,host_3371013): 0 -> 1
Cell (virus_3418614,host_59472): 0 -> 1
Cell (virus_3418614,host_258867): 0 -> 1
Cell (virus_3418614,host_452595): 0 -> 1
Cell (virus_3418614,host_3370289): 0 -> 1
Cell (virus_3418614,host_61862): 0 -> 1
Cell (virus_3418614,host_258909): 0 -> 1
Cell (virus_3418614,host_3371016): 0 -> 1
Cell (virus_3418614,host_360967): 0 -> 1
Cell (virus_3418614,host_109485): 0 -> 1
Cell (virus_3418614,host_258889): 0 -> 1
Cell (virus_2913379,host_105273): 0 -> 1
Cell (virus_2913379,host_294653): 0 -> 1
Cell (virus_2913379,host_9435): 0 -> 1
Cell (virus_2913379,host_160974): 0 -> 1
Cell (virus_2913379,host_386774): 0 -> 1
Cell (virus_2913379,host_138979): 0 -> 1
Cell (virus_2913379,host_587652): 0 -> 1
Cell (virus_2913379,host_225400): 0 -> 1
Cell (virus_2913379,host_258925): 0 -> 1
Cell (virus_2913379,host_170233): 0 -> 1
Cell (virus_2913379,host_188572): 0 -> 1
Cell (virus_2913379,host_196889): 0 -> 1
Cell (virus_2913379,host_76837): 0 -> 1
Cell (virus_2913379,host_76834): 0 -> 1
Cell (virus_2913379,host_608708): 0 -> 1
Cell (virus_2913379,host_476589): 0 -> 1
Cell (virus_2913379,host_89399): 0 -> 1
Cell (virus_2913379,host_249024): 0 -> 1
Cell (virus_2913379,host_519037): 0 -> 1
Cell (virus_2913379,host_329870): 0 -> 1
Cell (virus_2913379,host_549403): 0 -> 1
Cell (virus_2913379,host_166054): 0 -> 1
Cell (virus_2913379,host_385575): 0 -> 1
Cell (virus_2913379,host_58065): 0 -> 1
Cell (virus_2913379,host_58063): 0 -> 1
Cell (virus_2913379,host_1898386): 0 -> 1
Cell (virus_2913379,host_374419): 0 -> 1
Cell (virus_2913379,host_1884717): 0 -> 1
Cell (virus_2913379,host_138695): 0 -> 1
Cell (virus_2913379,host_148094): 0 -> 1
Cell (virus_2913379,host_410852): 0 -> 1
Cell (virus_2913379,host_27634): 0 -> 1
Cell (virus_2913379,host_51012): 0 -> 1
Cell (virus_2913379,host_40229): 0 -> 1
Cell (virus_2913379,host_192403): 0 -> 1
Cell (virus_2913379,host_196700): 0 -> 1
Cell (virus_2913379,host_94961): 0 -> 1
Cell (virus_2913379,host_3371013): 0 -> 1
Cell (virus_2913379,host_59472): 0 -> 1
Cell (virus_2913379,host_258867): 0 -> 1
Cell (virus_2913379,host_452595): 0 -> 1
Cell (virus_2913379,host_3370289): 0 -> 1
Cell (virus_2913379,host_61862): 0 -> 1
Cell (virus_2913379,host_258909): 0 -> 1
Cell (virus_2913379,host_3371016): 0 -> 1
Cell (virus_2913379,host_360967): 0 -> 1
Cell (virus_2913379,host_109485): 0 -> 1
Cell (virus_2913379,host_258889): 0 -> 1
Cell (virus_2913381,host_105273): 0 -> 1
Cell (virus_2913381,host_294653): 0 -> 1
Cell (virus_2913381,host_9435): 0 -> 1
Cell (virus_2913381,host_160974): 0 -> 1
Cell (virus_2913381,host_386774): 0 -> 1
Cell (virus_2913381,host_138979): 0 -> 1
Cell (virus_2913381,host_587652): 0 -> 1
Cell (virus_2913381,host_225400): 0 -> 1
Cell (virus_2913381,host_258925): 0 -> 1
Cell (virus_2913381,host_170233): 0 -> 1
Cell (virus_2913381,host_188572): 0 -> 1
Cell (virus_2913381,host_196889): 0 -> 1
Cell (virus_2913381,host_476588): 0 -> 1
Cell (virus_2913381,host_76837): 0 -> 1
Cell (virus_2913381,host_76834): 0 -> 1
Cell (virus_2913381,host_608708): 0 -> 1
Cell (virus_2913381,host_89399): 0 -> 1
Cell (virus_2913381,host_249024): 0 -> 1
Cell (virus_2913381,host_302408): 0 -> 1
Cell (virus_2913381,host_519037): 0 -> 1
Cell (virus_2913381,host_329870): 0 -> 1
Cell (virus_2913381,host_549403): 0 -> 1
Cell (virus_2913381,host_166054): 0 -> 1
Cell (virus_2913381,host_385575): 0 -> 1
Cell (virus_2913381,host_58065): 0 -> 1
Cell (virus_2913381,host_58063): 0 -> 1
Cell (virus_2913381,host_1898386): 0 -> 1
Cell (virus_2913381,host_374419): 0 -> 1
Cell (virus_2913381,host_1884717): 0 -> 1
Cell (virus_2913381,host_138695): 0 -> 1
Cell (virus_2913381,host_148094): 0 -> 1
Cell (virus_2913381,host_410852): 0 -> 1
Cell (virus_2913381,host_27634): 0 -> 1
Cell (virus_2913381,host_51012): 0 -> 1
Cell (virus_2913381,host_192403): 0 -> 1
Cell (virus_2913381,host_196700): 0 -> 1
Cell (virus_2913381,host_94961): 0 -> 1
Cell (virus_2913381,host_3371013): 0 -> 1
Cell (virus_2913381,host_59472): 0 -> 1
Cell (virus_2913381,host_258867): 0 -> 1
Cell (virus_2913381,host_452595): 0 -> 1
Cell (virus_2913381,host_3370289): 0 -> 1
Cell (virus_2913381,host_61862): 0 -> 1
Cell (virus_2913381,host_258909): 0 -> 1
Cell (virus_2913381,host_3371016): 0 -> 1
Cell (virus_2913381,host_360967): 0 -> 1
Cell (virus_2913381,host_109485): 0 -> 1
Cell (virus_2913381,host_258889): 0 -> 1
Cell (virus_3418613,host_105273): 0 -> 1
Cell (virus_3418613,host_294653): 0 -> 1
Cell (virus_3418613,host_59473): 0 -> 1
Cell (virus_3418613,host_9435): 0 -> 1
Cell (virus_3418613,host_160974): 0 -> 1
Cell (virus_3418613,host_386774): 0 -> 1
Cell (virus_3418613,host_138979): 0 -> 1
Cell (virus_3418613,host_587652): 0 -> 1
Cell (virus_3418613,host_225400): 0 -> 1
Cell (virus_3418613,host_258925): 0 -> 1
Cell (virus_3418613,host_188568): 0 -> 1
Cell (virus_3418613,host_170233): 0 -> 1
Cell (virus_3418613,host_188572): 0 -> 1
Cell (virus_3418613,host_196889): 0 -> 1
Cell (virus_3418613,host_76837): 0 -> 1
Cell (virus_3418613,host_320431): 0 -> 1
Cell (virus_3418613,host_76834): 0 -> 1
Cell (virus_3418613,host_608708): 0 -> 1
Cell (virus_3418613,host_476589): 0 -> 1
Cell (virus_3418613,host_89399): 0 -> 1
Cell (virus_3418613,host_249024): 0 -> 1
Cell (virus_3418613,host_49443): 0 -> 1
Cell (virus_3418613,host_519037): 0 -> 1
Cell (virus_3418613,host_329870): 0 -> 1
Cell (virus_3418613,host_549403): 0 -> 1
Cell (virus_3418613,host_166054): 0 -> 1
Cell (virus_3418613,host_385575): 0 -> 1
Cell (virus_3418613,host_58065): 0 -> 1
Cell (virus_3418613,host_58063): 0 -> 1
Cell (virus_3418613,host_9400): 0 -> 1
Cell (virus_3418613,host_298110): 0 -> 1
Cell (virus_3418613,host_374419): 0 -> 1
Cell (virus_3418613,host_1884717): 0 -> 1
Cell (virus_3418613,host_138695): 0 -> 1
Cell (virus_3418613,host_148094): 0 -> 1
Cell (virus_3418613,host_410852): 0 -> 1
Cell (virus_3418613,host_40230): 0 -> 1
Cell (virus_3418613,host_51012): 0 -> 1
Cell (virus_3418613,host_192403): 0 -> 1
Cell (virus_3418613,host_196700): 0 -> 1
Cell (virus_3418613,host_94961): 0 -> 1
Cell (virus_3418613,host_3371013): 0 -> 1
Cell (virus_3418613,host_59472): 0 -> 1
Cell (virus_3418613,host_258867): 0 -> 1
Cell (virus_3418613,host_242384): 0 -> 1
Cell (virus_3418613,host_452595): 0 -> 1
Cell (virus_3418613,host_3370289): 0 -> 1
Cell (virus_3418613,host_61862): 0 -> 1
Cell (virus_3418613,host_258909): 0 -> 1
Cell (virus_3418613,host_3371016): 0 -> 1
Cell (virus_3418613,host_360967): 0 -> 1
Cell (virus_3418613,host_109485): 0 -> 1
Cell (virus_3418613,host_258889): 0 -> 1
Cell (virus_2913443,host_105273): 0 -> 1
Cell (virus_2913443,host_294653): 0 -> 1
Cell (virus_2913443,host_9435): 0 -> 1
Cell (virus_2913443,host_59463): 0 -> 1
Cell (virus_2913443,host_160974): 0 -> 1
Cell (virus_2913443,host_386774): 0 -> 1
Cell (virus_2913443,host_526407): 0 -> 1
Cell (virus_2913443,host_138979): 0 -> 1
Cell (virus_2913443,host_587652): 0 -> 1
Cell (virus_2913443,host_258925): 0 -> 1
Cell (virus_2913443,host_685731): 0 -> 1
Cell (virus_2913443,host_188568): 0 -> 1
Cell (virus_2913443,host_170233): 0 -> 1
Cell (virus_2913443,host_188572): 0 -> 1
Cell (virus_2913443,host_196889): 0 -> 1
Cell (virus_2913443,host_76837): 0 -> 1
Cell (virus_2913443,host_76834): 0 -> 1
Cell (virus_2913443,host_608708): 0 -> 1
Cell (virus_2913443,host_476589): 0 -> 1
Cell (virus_2913443,host_89399): 0 -> 1
Cell (virus_2913443,host_249024): 0 -> 1
Cell (virus_2913443,host_519041): 0 -> 1
Cell (virus_2913443,host_519037): 0 -> 1
Cell (virus_2913443,host_329870): 0 -> 1
Cell (virus_2913443,host_549403): 0 -> 1
Cell (virus_2913443,host_166054): 0 -> 1
Cell (virus_2913443,host_385575): 0 -> 1
Cell (virus_2913443,host_9408): 0 -> 1
Cell (virus_2913443,host_58065): 0 -> 1
Cell (virus_2913443,host_58063): 0 -> 1
Cell (virus_2913443,host_1898386): 0 -> 1
Cell (virus_2913443,host_374419): 0 -> 1
Cell (virus_2913443,host_326083): 0 -> 1
Cell (virus_2913443,host_1884717): 0 -> 1
Cell (virus_2913443,host_138695): 0 -> 1
Cell (virus_2913443,host_148094): 0 -> 1
Cell (virus_2913443,host_410852): 0 -> 1
Cell (virus_2913443,host_27634): 0 -> 1
Cell (virus_2913443,host_51012): 0 -> 1
Cell (virus_2913443,host_192403): 0 -> 1
Cell (virus_2913443,host_196700): 0 -> 1
Cell (virus_2913443,host_2994998): 0 -> 1
Cell (virus_2913443,host_148061): 0 -> 1
Cell (virus_2913443,host_94961): 0 -> 1
Cell (virus_2913443,host_3371013): 0 -> 1
Cell (virus_2913443,host_59472): 0 -> 1
Cell (virus_2913443,host_2218597): 0 -> 1
Cell (virus_2913443,host_258867): 0 -> 1
Cell (virus_2913443,host_258863): 0 -> 1
Cell (virus_2913443,host_452595): 0 -> 1
Cell (virus_2913443,host_3370289): 0 -> 1
Cell (virus_2913443,host_61862): 0 -> 1
Cell (virus_2913443,host_258909): 0 -> 1
Cell (virus_2913443,host_3371016): 0 -> 1
Cell (virus_2913443,host_360967): 0 -> 1
Cell (virus_2913443,host_109485): 0 -> 1
Cell (virus_2972746,host_105273): 0 -> 1
Cell (virus_2972746,host_294653): 0 -> 1
Cell (virus_2972746,host_9435): 0 -> 1
Cell (virus_2972746,host_59463): 0 -> 1
Cell (virus_2972746,host_160974): 0 -> 1
Cell (virus_2972746,host_386774): 0 -> 1
Cell (virus_2972746,host_526407): 0 -> 1
Cell (virus_2972746,host_138979): 0 -> 1
Cell (virus_2972746,host_587652): 0 -> 1
Cell (virus_2972746,host_258925): 0 -> 1
Cell (virus_2972746,host_685731): 0 -> 1
Cell (virus_2972746,host_188568): 0 -> 1
Cell (virus_2972746,host_170233): 0 -> 1
Cell (virus_2972746,host_188572): 0 -> 1
Cell (virus_2972746,host_196889): 0 -> 1
Cell (virus_2972746,host_76837): 0 -> 1
Cell (virus_2972746,host_76834): 0 -> 1
Cell (virus_2972746,host_608708): 0 -> 1
Cell (virus_2972746,host_476589): 0 -> 1
Cell (virus_2972746,host_89399): 0 -> 1
Cell (virus_2972746,host_249024): 0 -> 1
Cell (virus_2972746,host_519037): 0 -> 1
Cell (virus_2972746,host_77218): 0 -> 1
Cell (virus_2972746,host_329870): 0 -> 1
Cell (virus_2972746,host_549403): 0 -> 1
Cell (virus_2972746,host_166054): 0 -> 1
Cell (virus_2972746,host_385575): 0 -> 1
Cell (virus_2972746,host_9408): 0 -> 1
Cell (virus_2972746,host_58065): 0 -> 1
Cell (virus_2972746,host_58063): 0 -> 1
Cell (virus_2972746,host_374419): 0 -> 1
Cell (virus_2972746,host_326083): 0 -> 1
Cell (virus_2972746,host_1884717): 0 -> 1
Cell (virus_2972746,host_59476): 0 -> 1
Cell (virus_2972746,host_138695): 0 -> 1
Cell (virus_2972746,host_148094): 0 -> 1
Cell (virus_2972746,host_410852): 0 -> 1
Cell (virus_2972746,host_27634): 0 -> 1
Cell (virus_2972746,host_51012): 0 -> 1
Cell (virus_2972746,host_192403): 0 -> 1
Cell (virus_2972746,host_196700): 0 -> 1
Cell (virus_2972746,host_2994998): 0 -> 1
Cell (virus_2972746,host_148061): 0 -> 1
Cell (virus_2972746,host_94961): 0 -> 1
Cell (virus_2972746,host_3371013): 0 -> 1
Cell (virus_2972746,host_59472): 0 -> 1
Cell (virus_2972746,host_2218597): 0 -> 1
Cell (virus_2972746,host_258867): 0 -> 1
Cell (virus_2972746,host_258863): 0 -> 1
Cell (virus_2972746,host_452595): 0 -> 1
Cell (virus_2972746,host_3370289): 0 -> 1
Cell (virus_2972746,host_61862): 0 -> 1
Cell (virus_2972746,host_258909): 0 -> 1
Cell (virus_2972746,host_3371016): 0 -> 1
Cell (virus_2972746,host_360967): 0 -> 1
Cell (virus_2972746,host_109485): 0 -> 1
Cell (virus_2972746,host_258889): 0 -> 1
Cell (virus_1805463,host_294653): 0 -> 1
Cell (virus_1805463,host_9435): 0 -> 1
Cell (virus_1805463,host_109480): 0 -> 1
Cell (virus_1805463,host_160974): 0 -> 1
Cell (virus_1805463,host_412095): 0 -> 1
Cell (virus_1805463,host_225399): 0 -> 1
Cell (virus_1805463,host_386774): 0 -> 1
Cell (virus_1805463,host_392004): 0 -> 1
Cell (virus_1805463,host_138979): 0 -> 1
Cell (virus_1805463,host_159330): 0 -> 1
Cell (virus_1805463,host_258940): 0 -> 1
Cell (virus_1805463,host_587652): 0 -> 1
Cell (virus_1805463,host_685731): 0 -> 1
Cell (virus_1805463,host_188568): 0 -> 1
Cell (virus_1805463,host_188572): 0 -> 1
Cell (virus_1805463,host_196889): 0 -> 1
Cell (virus_1805463,host_608659): 0 -> 1
Cell (virus_1805463,host_89399): 0 -> 1
Cell (virus_1805463,host_249024): 0 -> 1
Cell (virus_1805463,host_519037): 0 -> 1
Cell (virus_1805463,host_329870): 0 -> 1
Cell (virus_1805463,host_549403): 0 -> 1
Cell (virus_1805463,host_77243): 0 -> 1
Cell (virus_1805463,host_58065): 0 -> 1
Cell (virus_1805463,host_58063): 0 -> 1
Cell (virus_1805463,host_1898386): 0 -> 1
Cell (virus_1805463,host_9400): 0 -> 1
Cell (virus_1805463,host_374419): 0 -> 1
Cell (virus_1805463,host_326081): 0 -> 1
Cell (virus_1805463,host_138695): 0 -> 1
Cell (virus_1805463,host_148094): 0 -> 1
Cell (virus_1805463,host_410852): 0 -> 1
Cell (virus_1805463,host_27634): 0 -> 1
Cell (virus_1805463,host_51012): 0 -> 1
Cell (virus_1805463,host_40224): 0 -> 1
Cell (virus_1805463,host_196700): 0 -> 1
Cell (virus_1805463,host_177160): 0 -> 1
Cell (virus_1805463,host_2994998): 0 -> 1
Cell (virus_1805463,host_3371013): 0 -> 1
Cell (virus_1805463,host_59472): 0 -> 1
Cell (virus_1805463,host_27622): 0 -> 1
Cell (virus_1805463,host_258867): 0 -> 1
Cell (virus_1805463,host_61862): 0 -> 1
Cell (virus_1805463,host_258909): 0 -> 1
Cell (virus_1805463,host_3371016): 0 -> 1
Cell (virus_1805463,host_360967): 0 -> 1
Cell (virus_1805463,host_143942): 0 -> 1
Cell (virus_1805463,host_258959): 0 -> 1
Cell (virus_3061635,host_294653): 0 -> 1
Cell (virus_3061635,host_9435): 0 -> 1
Cell (virus_3061635,host_109480): 0 -> 1
Cell (virus_3061635,host_160974): 0 -> 1
Cell (virus_3061635,host_412095): 0 -> 1
Cell (virus_3061635,host_225399): 0 -> 1
Cell (virus_3061635,host_386774): 0 -> 1
Cell (virus_3061635,host_392004): 0 -> 1
Cell (virus_3061635,host_138979): 0 -> 1
Cell (virus_3061635,host_159330): 0 -> 1
Cell (virus_3061635,host_587652): 0 -> 1
Cell (virus_3061635,host_685731): 0 -> 1
Cell (virus_3061635,host_188568): 0 -> 1
Cell (virus_3061635,host_188572): 0 -> 1
Cell (virus_3061635,host_196889): 0 -> 1
Cell (virus_3061635,host_608659): 0 -> 1
Cell (virus_3061635,host_89399): 0 -> 1
Cell (virus_3061635,host_249024): 0 -> 1
Cell (virus_3061635,host_519037): 0 -> 1
Cell (virus_3061635,host_329870): 0 -> 1
Cell (virus_3061635,host_549403): 0 -> 1
Cell (virus_3061635,host_77243): 0 -> 1
Cell (virus_3061635,host_58065): 0 -> 1
Cell (virus_3061635,host_58063): 0 -> 1
Cell (virus_3061635,host_1898386): 0 -> 1
Cell (virus_3061635,host_9400): 0 -> 1
Cell (virus_3061635,host_374419): 0 -> 1
Cell (virus_3061635,host_326081): 0 -> 1
Cell (virus_3061635,host_138695): 0 -> 1
Cell (virus_3061635,host_148094): 0 -> 1
Cell (virus_3061635,host_410852): 0 -> 1
Cell (virus_3061635,host_27634): 0 -> 1
Cell (virus_3061635,host_51012): 0 -> 1
Cell (virus_3061635,host_40224): 0 -> 1
Cell (virus_3061635,host_196700): 0 -> 1
Cell (virus_3061635,host_177160): 0 -> 1
Cell (virus_3061635,host_2994998): 0 -> 1
Cell (virus_3061635,host_3371013): 0 -> 1
Cell (virus_3061635,host_59472): 0 -> 1
Cell (virus_3061635,host_27622): 0 -> 1
Cell (virus_3061635,host_258867): 0 -> 1
Cell (virus_3061635,host_61862): 0 -> 1
Cell (virus_3061635,host_258909): 0 -> 1
Cell (virus_3061635,host_3371016): 0 -> 1
Cell (virus_3061635,host_360967): 0 -> 1
Cell (virus_3061635,host_143942): 0 -> 1
Cell (virus_3061635,host_258959): 0 -> 1
Cell (virus_3068888,host_294653): 0 -> 1
Cell (virus_3068888,host_9435): 0 -> 1
Cell (virus_3068888,host_109480): 0 -> 1
Cell (virus_3068888,host_160974): 0 -> 1
Cell (virus_3068888,host_412095): 0 -> 1
Cell (virus_3068888,host_225399): 0 -> 1
Cell (virus_3068888,host_386774): 0 -> 1
Cell (virus_3068888,host_392004): 0 -> 1
Cell (virus_3068888,host_138979): 0 -> 1
Cell (virus_3068888,host_159330): 0 -> 1
Cell (virus_3068888,host_587652): 0 -> 1
Cell (virus_3068888,host_685731): 0 -> 1
Cell (virus_3068888,host_188568): 0 -> 1
Cell (virus_3068888,host_188572): 0 -> 1
Cell (virus_3068888,host_196889): 0 -> 1
Cell (virus_3068888,host_608659): 0 -> 1
Cell (virus_3068888,host_89399): 0 -> 1
Cell (virus_3068888,host_249024): 0 -> 1
Cell (virus_3068888,host_519037): 0 -> 1
Cell (virus_3068888,host_329870): 0 -> 1
Cell (virus_3068888,host_549403): 0 -> 1
Cell (virus_3068888,host_58065): 0 -> 1
Cell (virus_3068888,host_58063): 0 -> 1
Cell (virus_3068888,host_1898386): 0 -> 1
Cell (virus_3068888,host_9400): 0 -> 1
Cell (virus_3068888,host_374419): 0 -> 1
Cell (virus_3068888,host_326081): 0 -> 1
Cell (virus_3068888,host_138695): 0 -> 1
Cell (virus_3068888,host_148094): 0 -> 1
Cell (virus_3068888,host_410852): 0 -> 1
Cell (virus_3068888,host_27634): 0 -> 1
Cell (virus_3068888,host_51012): 0 -> 1
Cell (virus_3068888,host_40224): 0 -> 1
Cell (virus_3068888,host_196700): 0 -> 1
Cell (virus_3068888,host_177160): 0 -> 1
Cell (virus_3068888,host_3371013): 0 -> 1
Cell (virus_3068888,host_59472): 0 -> 1
Cell (virus_3068888,host_27622): 0 -> 1
Cell (virus_3068888,host_258867): 0 -> 1
Cell (virus_3068888,host_61862): 0 -> 1
Cell (virus_3068888,host_258909): 0 -> 1
Cell (virus_3068888,host_3371016): 0 -> 1
Cell (virus_3068888,host_360967): 0 -> 1
Cell (virus_3068888,host_143942): 0 -> 1
Cell (virus_3068888,host_2491053): 0 -> 1
Cell (virus_3068888,host_258959): 0 -> 1
Cell (virus_3068888,host_526822): 0 -> 1
Cell (virus_2833184,host_294653): 0 -> 1
Cell (virus_2833184,host_9435): 0 -> 1
Cell (virus_2833184,host_109480): 0 -> 1
Cell (virus_2833184,host_160974): 0 -> 1
Cell (virus_2833184,host_412095): 0 -> 1
Cell (virus_2833184,host_225399): 0 -> 1
Cell (virus_2833184,host_138979): 0 -> 1
Cell (virus_2833184,host_159330): 0 -> 1
Cell (virus_2833184,host_587652): 0 -> 1
Cell (virus_2833184,host_685731): 0 -> 1
Cell (virus_2833184,host_188568): 0 -> 1
Cell (virus_2833184,host_188572): 0 -> 1
Cell (virus_2833184,host_196889): 0 -> 1
Cell (virus_2833184,host_608659): 0 -> 1
Cell (virus_2833184,host_430491): 0 -> 1
Cell (virus_2833184,host_89399): 0 -> 1
Cell (virus_2833184,host_249024): 0 -> 1
Cell (virus_2833184,host_519037): 0 -> 1
Cell (virus_2833184,host_329870): 0 -> 1
Cell (virus_2833184,host_549403): 0 -> 1
Cell (virus_2833184,host_58065): 0 -> 1
Cell (virus_2833184,host_58063): 0 -> 1
Cell (virus_2833184,host_1898386): 0 -> 1
Cell (virus_2833184,host_9400): 0 -> 1
Cell (virus_2833184,host_374419): 0 -> 1
Cell (virus_2833184,host_326081): 0 -> 1
Cell (virus_2833184,host_138695): 0 -> 1
Cell (virus_2833184,host_148094): 0 -> 1
Cell (virus_2833184,host_410852): 0 -> 1
Cell (virus_2833184,host_27634): 0 -> 1
Cell (virus_2833184,host_51012): 0 -> 1
Cell (virus_2833184,host_40224): 0 -> 1
Cell (virus_2833184,host_40229): 0 -> 1
Cell (virus_2833184,host_196700): 0 -> 1
Cell (virus_2833184,host_177160): 0 -> 1
Cell (virus_2833184,host_2994998): 0 -> 1
Cell (virus_2833184,host_3371013): 0 -> 1
Cell (virus_2833184,host_59472): 0 -> 1
Cell (virus_2833184,host_27622): 0 -> 1
Cell (virus_2833184,host_258867): 0 -> 1
Cell (virus_2833184,host_61862): 0 -> 1
Cell (virus_2833184,host_258909): 0 -> 1
Cell (virus_2833184,host_3371016): 0 -> 1
Cell (virus_2833184,host_3371021): 0 -> 1
Cell (virus_2833184,host_360967): 0 -> 1
Cell (virus_2833184,host_143942): 0 -> 1
Cell (virus_2833184,host_258959): 0 -> 1
Cell (virus_864596,host_294653): 0 -> 1
Cell (virus_864596,host_9435): 0 -> 1
Cell (virus_864596,host_109480): 0 -> 1
Cell (virus_864596,host_160974): 0 -> 1
Cell (virus_864596,host_412095): 0 -> 1
Cell (virus_864596,host_225399): 0 -> 1
Cell (virus_864596,host_392004): 0 -> 1
Cell (virus_864596,host_138979): 0 -> 1
Cell (virus_864596,host_159330): 0 -> 1
Cell (virus_864596,host_587652): 0 -> 1
Cell (virus_864596,host_685731): 0 -> 1
Cell (virus_864596,host_188568): 0 -> 1
Cell (virus_864596,host_188572): 0 -> 1
Cell (virus_864596,host_196889): 0 -> 1
Cell (virus_864596,host_476588): 0 -> 1
Cell (virus_864596,host_608659): 0 -> 1
Cell (virus_864596,host_430491): 0 -> 1
Cell (virus_864596,host_89399): 0 -> 1
Cell (virus_864596,host_249024): 0 -> 1
Cell (virus_864596,host_519037): 0 -> 1
Cell (virus_864596,host_329870): 0 -> 1
Cell (virus_864596,host_549403): 0 -> 1
Cell (virus_864596,host_58065): 0 -> 1
Cell (virus_864596,host_58063): 0 -> 1
Cell (virus_864596,host_77214): 0 -> 1
Cell (virus_864596,host_1898386): 0 -> 1
Cell (virus_864596,host_9400): 0 -> 1
Cell (virus_864596,host_374419): 0 -> 1
Cell (virus_864596,host_326081): 0 -> 1
Cell (virus_864596,host_138695): 0 -> 1
Cell (virus_864596,host_148094): 0 -> 1
Cell (virus_864596,host_410852): 0 -> 1
Cell (virus_864596,host_27634): 0 -> 1
Cell (virus_864596,host_51012): 0 -> 1
Cell (virus_864596,host_40224): 0 -> 1
Cell (virus_864596,host_196700): 0 -> 1
Cell (virus_864596,host_177160): 0 -> 1
Cell (virus_864596,host_2994998): 0 -> 1
Cell (virus_864596,host_3371013): 0 -> 1
Cell (virus_864596,host_59472): 0 -> 1
Cell (virus_864596,host_27622): 0 -> 1
Cell (virus_864596,host_258867): 0 -> 1
Cell (virus_864596,host_61862): 0 -> 1
Cell (virus_864596,host_3371016): 0 -> 1
Cell (virus_864596,host_360967): 0 -> 1
Cell (virus_864596,host_143942): 0 -> 1
Cell (virus_864596,host_258959): 0 -> 1
Cell (virus_3068538,host_258946): 0 -> 1
Cell (virus_3068538,host_294653): 0 -> 1
Cell (virus_3068538,host_9435): 0 -> 1
Cell (virus_3068538,host_109480): 0 -> 1
Cell (virus_3068538,host_160974): 0 -> 1
Cell (virus_3068538,host_412095): 0 -> 1
Cell (virus_3068538,host_225399): 0 -> 1
Cell (virus_3068538,host_392004): 0 -> 1
Cell (virus_3068538,host_138979): 0 -> 1
Cell (virus_3068538,host_159330): 0 -> 1
Cell (virus_3068538,host_587652): 0 -> 1
Cell (virus_3068538,host_685731): 0 -> 1
Cell (virus_3068538,host_188568): 0 -> 1
Cell (virus_3068538,host_188572): 0 -> 1
Cell (virus_3068538,host_196889): 0 -> 1
Cell (virus_3068538,host_608659): 0 -> 1
Cell (virus_3068538,host_89399): 0 -> 1
Cell (virus_3068538,host_249024): 0 -> 1
Cell (virus_3068538,host_519037): 0 -> 1
Cell (virus_3068538,host_329870): 0 -> 1
Cell (virus_3068538,host_549403): 0 -> 1
Cell (virus_3068538,host_58065): 0 -> 1
Cell (virus_3068538,host_58063): 0 -> 1
Cell (virus_3068538,host_1898386): 0 -> 1
Cell (virus_3068538,host_9400): 0 -> 1
Cell (virus_3068538,host_374419): 0 -> 1
Cell (virus_3068538,host_326081): 0 -> 1
Cell (virus_3068538,host_138695): 0 -> 1
Cell (virus_3068538,host_148094): 0 -> 1
Cell (virus_3068538,host_410852): 0 -> 1
Cell (virus_3068538,host_27634): 0 -> 1
Cell (virus_3068538,host_51012): 0 -> 1
Cell (virus_3068538,host_40224): 0 -> 1
Cell (virus_3068538,host_196700): 0 -> 1
Cell (virus_3068538,host_177160): 0 -> 1
Cell (virus_3068538,host_2994998): 0 -> 1
Cell (virus_3068538,host_3371013): 0 -> 1
Cell (virus_3068538,host_59472): 0 -> 1
Cell (virus_3068538,host_27622): 0 -> 1
Cell (virus_3068538,host_258867): 0 -> 1
Cell (virus_3068538,host_61862): 0 -> 1
Cell (virus_3068538,host_258909): 0 -> 1
Cell (virus_3068538,host_3371016): 0 -> 1
Cell (virus_3068538,host_360967): 0 -> 1
Cell (virus_3068538,host_143942): 0 -> 1
Cell (virus_3068538,host_258959): 0 -> 1
Cell (virus_694009,host_258946): 0 -> 1
Cell (virus_694009,host_294653): 0 -> 1
Cell (virus_694009,host_9435): 0 -> 1
Cell (virus_694009,host_109480): 0 -> 1
Cell (virus_694009,host_160974): 0 -> 1
Cell (virus_694009,host_412095): 0 -> 1
Cell (virus_694009,host_225399): 0 -> 1
Cell (virus_694009,host_392004): 0 -> 1
Cell (virus_694009,host_138979): 0 -> 1
Cell (virus_694009,host_159330): 0 -> 1
Cell (virus_694009,host_587652): 0 -> 1
Cell (virus_694009,host_685731): 0 -> 1
Cell (virus_694009,host_188568): 0 -> 1
Cell (virus_694009,host_188572): 0 -> 1
Cell (virus_694009,host_196889): 0 -> 1
Cell (virus_694009,host_608659): 0 -> 1
Cell (virus_694009,host_89399): 0 -> 1
Cell (virus_694009,host_249024): 0 -> 1
Cell (virus_694009,host_519037): 0 -> 1
Cell (virus_694009,host_329870): 0 -> 1
Cell (virus_694009,host_549403): 0 -> 1
Cell (virus_694009,host_58065): 0 -> 1
Cell (virus_694009,host_58063): 0 -> 1
Cell (virus_694009,host_1898386): 0 -> 1
Cell (virus_694009,host_9400): 0 -> 1
Cell (virus_694009,host_374419): 0 -> 1
Cell (virus_694009,host_326081): 0 -> 1
Cell (virus_694009,host_138695): 0 -> 1
Cell (virus_694009,host_148094): 0 -> 1
Cell (virus_694009,host_410852): 0 -> 1
Cell (virus_694009,host_27634): 0 -> 1
Cell (virus_694009,host_51012): 0 -> 1
Cell (virus_694009,host_40224): 0 -> 1
Cell (virus_694009,host_196700): 0 -> 1
Cell (virus_694009,host_177160): 0 -> 1
Cell (virus_694009,host_2994998): 0 -> 1
Cell (virus_694009,host_3371013): 0 -> 1
Cell (virus_694009,host_59472): 0 -> 1
Cell (virus_694009,host_27622): 0 -> 1
Cell (virus_694009,host_258867): 0 -> 1
Cell (virus_694009,host_61862): 0 -> 1
Cell (virus_694009,host_258909): 0 -> 1
Cell (virus_694009,host_3371016): 0 -> 1
Cell (virus_694009,host_360967): 0 -> 1
Cell (virus_694009,host_143942): 0 -> 1
Cell (virus_694009,host_258959): 0 -> 1
Cell (virus_3418604,host_258946): 0 -> 1
Cell (virus_3418604,host_294653): 0 -> 1
Cell (virus_3418604,host_9435): 0 -> 1
Cell (virus_3418604,host_109480): 0 -> 1
Cell (virus_3418604,host_160974): 0 -> 1
Cell (virus_3418604,host_412095): 0 -> 1
Cell (virus_3418604,host_225399): 0 -> 1
Cell (virus_3418604,host_392004): 0 -> 1
Cell (virus_3418604,host_138979): 0 -> 1
Cell (virus_3418604,host_159330): 0 -> 1
Cell (virus_3418604,host_587652): 0 -> 1
Cell (virus_3418604,host_685731): 0 -> 1
Cell (virus_3418604,host_188568): 0 -> 1
Cell (virus_3418604,host_188572): 0 -> 1
Cell (virus_3418604,host_196889): 0 -> 1
Cell (virus_3418604,host_608659): 0 -> 1
Cell (virus_3418604,host_89399): 0 -> 1
Cell (virus_3418604,host_249024): 0 -> 1
Cell (virus_3418604,host_519037): 0 -> 1
Cell (virus_3418604,host_329870): 0 -> 1
Cell (virus_3418604,host_549403): 0 -> 1
Cell (virus_3418604,host_58065): 0 -> 1
Cell (virus_3418604,host_58063): 0 -> 1
Cell (virus_3418604,host_1898386): 0 -> 1
Cell (virus_3418604,host_9400): 0 -> 1
Cell (virus_3418604,host_374419): 0 -> 1
Cell (virus_3418604,host_326081): 0 -> 1
Cell (virus_3418604,host_138695): 0 -> 1
Cell (virus_3418604,host_148094): 0 -> 1
Cell (virus_3418604,host_410852): 0 -> 1
Cell (virus_3418604,host_27634): 0 -> 1
Cell (virus_3418604,host_51012): 0 -> 1
Cell (virus_3418604,host_40224): 0 -> 1
Cell (virus_3418604,host_196700): 0 -> 1
Cell (virus_3418604,host_177160): 0 -> 1
Cell (virus_3418604,host_2994998): 0 -> 1
Cell (virus_3418604,host_3371013): 0 -> 1
Cell (virus_3418604,host_59472): 0 -> 1
Cell (virus_3418604,host_27622): 0 -> 1
Cell (virus_3418604,host_258867): 0 -> 1
Cell (virus_3418604,host_61862): 0 -> 1
Cell (virus_3418604,host_258909): 0 -> 1
Cell (virus_3418604,host_3371016): 0 -> 1
Cell (virus_3418604,host_360967): 0 -> 1
Cell (virus_3418604,host_143942): 0 -> 1
Cell (virus_3418604,host_258959): 0 -> 1
Cell (virus_2913380,host_105273): 0 -> 1
Cell (virus_2913380,host_258946): 0 -> 1
Cell (virus_2913380,host_294653): 0 -> 1
Cell (virus_2913380,host_9435): 0 -> 1
Cell (virus_2913380,host_109480): 0 -> 1
Cell (virus_2913380,host_160974): 0 -> 1
Cell (virus_2913380,host_412095): 0 -> 1
Cell (virus_2913380,host_225399): 0 -> 1
Cell (virus_2913380,host_392004): 0 -> 1
Cell (virus_2913380,host_138979): 0 -> 1
Cell (virus_2913380,host_159330): 0 -> 1
Cell (virus_2913380,host_587652): 0 -> 1
Cell (virus_2913380,host_155915): 0 -> 1
Cell (virus_2913380,host_225400): 0 -> 1
Cell (virus_2913380,host_2015597): 0 -> 1
Cell (virus_2913380,host_177185): 0 -> 1
Cell (virus_2913380,host_685731): 0 -> 1
Cell (virus_2913380,host_188568): 0 -> 1
Cell (virus_2913380,host_188569): 0 -> 1
Cell (virus_2913380,host_188572): 0 -> 1
Cell (virus_2913380,host_196889): 0 -> 1
Cell (virus_2913380,host_608659): 0 -> 1
Cell (virus_2913380,host_76834): 0 -> 1
Cell (virus_2913380,host_608708): 0 -> 1
Cell (virus_2913380,host_476589): 0 -> 1
Cell (virus_2913380,host_89399): 0 -> 1
Cell (virus_2913380,host_249024): 0 -> 1
Cell (virus_2913380,host_49443): 0 -> 1
Cell (virus_2913380,host_519037): 0 -> 1
Cell (virus_2913380,host_58065): 0 -> 1
Cell (virus_2913380,host_58063): 0 -> 1
Cell (virus_2913380,host_1898386): 0 -> 1
Cell (virus_2913380,host_9400): 0 -> 1
Cell (virus_2913380,host_374419): 0 -> 1
Cell (virus_2913380,host_138695): 0 -> 1
Cell (virus_2913380,host_148094): 0 -> 1
Cell (virus_2913380,host_410852): 0 -> 1
Cell (virus_2913380,host_27634): 0 -> 1
Cell (virus_2913380,host_51012): 0 -> 1
Cell (virus_2913380,host_196700): 0 -> 1
Cell (virus_2913380,host_177160): 0 -> 1
Cell (virus_2913380,host_2994998): 0 -> 1
Cell (virus_2913380,host_3371013): 0 -> 1
Cell (virus_2913380,host_59472): 0 -> 1
Cell (virus_2913380,host_3041509): 0 -> 1
Cell (virus_2913380,host_258867): 0 -> 1
Cell (virus_2913380,host_61862): 0 -> 1
Cell (virus_2913380,host_258909): 0 -> 1
Cell (virus_2913380,host_3371016): 0 -> 1
Cell (virus_2913380,host_360967): 0 -> 1
Cell (virus_2913380,host_109485): 0 -> 1
Cell (virus_989337,host_105273): 0 -> 1
Cell (virus_989337,host_258946): 0 -> 1
Cell (virus_989337,host_294653): 0 -> 1
Cell (virus_989337,host_9435): 0 -> 1
Cell (virus_989337,host_109480): 0 -> 1
Cell (virus_989337,host_160974): 0 -> 1
Cell (virus_989337,host_225399): 0 -> 1
Cell (virus_989337,host_386774): 0 -> 1
Cell (virus_989337,host_392004): 0 -> 1
Cell (virus_989337,host_187014): 0 -> 1
Cell (virus_989337,host_138979): 0 -> 1
Cell (virus_989337,host_159330): 0 -> 1
Cell (virus_989337,host_587652): 0 -> 1
Cell (virus_989337,host_225400): 0 -> 1
Cell (virus_989337,host_2015597): 0 -> 1
Cell (virus_989337,host_177185): 0 -> 1
Cell (virus_989337,host_685731): 0 -> 1
Cell (virus_989337,host_188568): 0 -> 1
Cell (virus_989337,host_188569): 0 -> 1
Cell (virus_989337,host_188572): 0 -> 1
Cell (virus_989337,host_196889): 0 -> 1
Cell (virus_989337,host_476588): 0 -> 1
Cell (virus_989337,host_608659): 0 -> 1
Cell (virus_989337,host_76834): 0 -> 1
Cell (virus_989337,host_608708): 0 -> 1
Cell (virus_989337,host_476589): 0 -> 1
Cell (virus_989337,host_89399): 0 -> 1
Cell (virus_989337,host_249024): 0 -> 1
Cell (virus_989337,host_302408): 0 -> 1
Cell (virus_989337,host_519037): 0 -> 1
Cell (virus_989337,host_58065): 0 -> 1
Cell (virus_989337,host_58063): 0 -> 1
Cell (virus_989337,host_1898386): 0 -> 1
Cell (virus_989337,host_9400): 0 -> 1
Cell (virus_989337,host_77233): 0 -> 1
Cell (virus_989337,host_374419): 0 -> 1
Cell (virus_989337,host_138695): 0 -> 1
Cell (virus_989337,host_208969): 0 -> 1
Cell (virus_989337,host_148094): 0 -> 1
Cell (virus_989337,host_410852): 0 -> 1
Cell (virus_989337,host_574064): 0 -> 1
Cell (virus_989337,host_27634): 0 -> 1
Cell (virus_989337,host_51012): 0 -> 1
Cell (virus_989337,host_40224): 0 -> 1
Cell (virus_989337,host_40229): 0 -> 1
Cell (virus_989337,host_196700): 0 -> 1
Cell (virus_989337,host_177160): 0 -> 1
Cell (virus_989337,host_2994998): 0 -> 1
Cell (virus_989337,host_3371013): 0 -> 1
Cell (virus_989337,host_59472): 0 -> 1
Cell (virus_989337,host_27622): 0 -> 1
Cell (virus_989337,host_2218597): 0 -> 1
Cell (virus_989337,host_258867): 0 -> 1
Cell (virus_989337,host_61862): 0 -> 1
Cell (virus_989337,host_258909): 0 -> 1
Cell (virus_989337,host_29078): 0 -> 1
Cell (virus_989337,host_3371016): 0 -> 1
Cell (virus_989337,host_360967): 0 -> 1
Cell (virus_989337,host_109485): 0 -> 1
Cell (virus_989337,host_258959): 0 -> 1
Cell (virus_989337,host_526822): 0 -> 1
Cell (virus_3433764,host_105273): 0 -> 1
Cell (virus_3433764,host_294653): 0 -> 1
Cell (virus_3433764,host_59473): 0 -> 1
Cell (virus_3433764,host_109480): 0 -> 1
Cell (virus_3433764,host_160974): 0 -> 1
Cell (virus_3433764,host_109482): 0 -> 1
Cell (virus_3433764,host_412095): 0 -> 1
Cell (virus_3433764,host_225399): 0 -> 1
Cell (virus_3433764,host_386774): 0 -> 1
Cell (virus_3433764,host_392004): 0 -> 1
Cell (virus_3433764,host_138979): 0 -> 1
Cell (virus_3433764,host_159330): 0 -> 1
Cell (virus_3433764,host_587652): 0 -> 1
Cell (virus_3433764,host_225400): 0 -> 1
Cell (virus_3433764,host_177185): 0 -> 1
Cell (virus_3433764,host_685731): 0 -> 1
Cell (virus_3433764,host_188568): 0 -> 1
Cell (virus_3433764,host_188569): 0 -> 1
Cell (virus_3433764,host_188572): 0 -> 1
Cell (virus_3433764,host_608659): 0 -> 1
Cell (virus_3433764,host_76834): 0 -> 1
Cell (virus_3433764,host_608708): 0 -> 1
Cell (virus_3433764,host_476589): 0 -> 1
Cell (virus_3433764,host_89399): 0 -> 1
Cell (virus_3433764,host_249024): 0 -> 1
Cell (virus_3433764,host_49443): 0 -> 1
Cell (virus_3433764,host_519037): 0 -> 1
Cell (virus_3433764,host_58065): 0 -> 1
Cell (virus_3433764,host_58063): 0 -> 1
Cell (virus_3433764,host_1898386): 0 -> 1
Cell (virus_3433764,host_9400): 0 -> 1
Cell (virus_3433764,host_374419): 0 -> 1
Cell (virus_3433764,host_138695): 0 -> 1
Cell (virus_3433764,host_148094): 0 -> 1
Cell (virus_3433764,host_410852): 0 -> 1
Cell (virus_3433764,host_27634): 0 -> 1
Cell (virus_3433764,host_51012): 0 -> 1
Cell (virus_3433764,host_196700): 0 -> 1
Cell (virus_3433764,host_177160): 0 -> 1
Cell (virus_3433764,host_2994998): 0 -> 1
Cell (virus_3433764,host_59472): 0 -> 1
Cell (virus_3433764,host_124751): 0 -> 1
Cell (virus_3433764,host_27622): 0 -> 1
Cell (virus_3433764,host_258867): 0 -> 1
Cell (virus_3433764,host_61862): 0 -> 1
Cell (virus_3433764,host_258909): 0 -> 1
Cell (virus_3433764,host_3371016): 0 -> 1
Cell (virus_3433764,host_360967): 0 -> 1
Cell (virus_3433764,host_109485): 0 -> 1
Cell (virus_3433764,host_258959): 0 -> 1
Cell (virus_3433764,host_526822): 0 -> 1
Cell (virus_2115988,host_105273): 0 -> 1
Cell (virus_2115988,host_9435): 0 -> 1
Cell (virus_2115988,host_412095): 0 -> 1
Cell (virus_2115988,host_386774): 0 -> 1
Cell (virus_2115988,host_138979): 0 -> 1
Cell (virus_2115988,host_2015597): 0 -> 1
Cell (virus_2115988,host_258925): 0 -> 1
Cell (virus_2115988,host_188568): 0 -> 1
Cell (virus_2115988,host_170233): 0 -> 1
Cell (virus_2115988,host_76834): 0 -> 1
Cell (virus_2115988,host_608708): 0 -> 1
Cell (virus_2115988,host_249024): 0 -> 1
Cell (virus_2115988,host_519037): 0 -> 1
Cell (virus_2115988,host_329870): 0 -> 1
Cell (virus_2115988,host_549403): 0 -> 1
Cell (virus_2115988,host_166054): 0 -> 1
Cell (virus_2115988,host_385575): 0 -> 1
Cell (virus_2115988,host_9403): 0 -> 1
Cell (virus_2115988,host_58083): 0 -> 1
Cell (virus_2115988,host_9408): 0 -> 1
Cell (virus_2115988,host_58065): 0 -> 1
Cell (virus_2115988,host_58063): 0 -> 1
Cell (virus_2115988,host_9400): 0 -> 1
Cell (virus_2115988,host_187003): 0 -> 1
Cell (virus_2115988,host_148094): 0 -> 1
Cell (virus_2115988,host_410852): 0 -> 1
Cell (virus_2115988,host_27634): 0 -> 1
Cell (virus_2115988,host_40230): 0 -> 1
Cell (virus_2115988,host_51012): 0 -> 1
Cell (virus_2115988,host_3371013): 0 -> 1
Cell (virus_2115988,host_59472): 0 -> 1
Cell (virus_2115988,host_258867): 0 -> 1
Cell (virus_2115988,host_258930): 0 -> 1
Cell (virus_2115988,host_61862): 0 -> 1
Cell (virus_2115988,host_258909): 0 -> 1
Cell (virus_2115988,host_3371016): 0 -> 1
Cell (virus_2115988,host_360967): 0 -> 1
Cell (virus_2115988,host_143942): 0 -> 1
Cell (virus_2115988,host_258944): 0 -> 1
Cell (virus_2115988,host_258959): 0 -> 1
Cell (virus_2833151,host_105273): 0 -> 1
Cell (virus_2833151,host_294653): 0 -> 1
Cell (virus_2833151,host_9435): 0 -> 1
Cell (virus_2833151,host_412095): 0 -> 1
Cell (virus_2833151,host_386774): 0 -> 1
Cell (virus_2833151,host_138979): 0 -> 1
Cell (virus_2833151,host_2015597): 0 -> 1
Cell (virus_2833151,host_258925): 0 -> 1
Cell (virus_2833151,host_188568): 0 -> 1
Cell (virus_2833151,host_59453): 0 -> 1
Cell (virus_2833151,host_170233): 0 -> 1
Cell (virus_2833151,host_76834): 0 -> 1
Cell (virus_2833151,host_608708): 0 -> 1
Cell (virus_2833151,host_249024): 0 -> 1
Cell (virus_2833151,host_519037): 0 -> 1
Cell (virus_2833151,host_329870): 0 -> 1
Cell (virus_2833151,host_549403): 0 -> 1
Cell (virus_2833151,host_166054): 0 -> 1
Cell (virus_2833151,host_385575): 0 -> 1
Cell (virus_2833151,host_9403): 0 -> 1
Cell (virus_2833151,host_58083): 0 -> 1
Cell (virus_2833151,host_9408): 0 -> 1
Cell (virus_2833151,host_58065): 0 -> 1
Cell (virus_2833151,host_58063): 0 -> 1
Cell (virus_2833151,host_9400): 0 -> 1
Cell (virus_2833151,host_187003): 0 -> 1
Cell (virus_2833151,host_148094): 0 -> 1
Cell (virus_2833151,host_410852): 0 -> 1
Cell (virus_2833151,host_27634): 0 -> 1
Cell (virus_2833151,host_40230): 0 -> 1
Cell (virus_2833151,host_51012): 0 -> 1
Cell (virus_2833151,host_3371013): 0 -> 1
Cell (virus_2833151,host_59472): 0 -> 1
Cell (virus_2833151,host_258867): 0 -> 1
Cell (virus_2833151,host_258930): 0 -> 1
Cell (virus_2833151,host_61862): 0 -> 1
Cell (virus_2833151,host_258909): 0 -> 1
Cell (virus_2833151,host_3371016): 0 -> 1
Cell (virus_2833151,host_360967): 0 -> 1
Cell (virus_2833151,host_143942): 0 -> 1
Cell (virus_2833151,host_258944): 0 -> 1
Cell (virus_2833151,host_258959): 0 -> 1
Cell (virus_2833151,host_526822): 0 -> 1
Cell (virus_3433795,host_105273): 0 -> 1
Cell (virus_3433795,host_294653): 0 -> 1
Cell (virus_3433795,host_9435): 0 -> 1
Cell (virus_3433795,host_412095): 0 -> 1
Cell (virus_3433795,host_386774): 0 -> 1
Cell (virus_3433795,host_138979): 0 -> 1
Cell (virus_3433795,host_2015597): 0 -> 1
Cell (virus_3433795,host_258925): 0 -> 1
Cell (virus_3433795,host_188568): 0 -> 1
Cell (virus_3433795,host_170233): 0 -> 1
Cell (virus_3433795,host_76834): 0 -> 1
Cell (virus_3433795,host_608708): 0 -> 1
Cell (virus_3433795,host_249024): 0 -> 1
Cell (virus_3433795,host_519037): 0 -> 1
Cell (virus_3433795,host_329870): 0 -> 1
Cell (virus_3433795,host_549403): 0 -> 1
Cell (virus_3433795,host_166054): 0 -> 1
Cell (virus_3433795,host_385575): 0 -> 1
Cell (virus_3433795,host_9403): 0 -> 1
Cell (virus_3433795,host_58083): 0 -> 1
Cell (virus_3433795,host_9408): 0 -> 1
Cell (virus_3433795,host_58065): 0 -> 1
Cell (virus_3433795,host_58063): 0 -> 1
Cell (virus_3433795,host_9400): 0 -> 1
Cell (virus_3433795,host_187003): 0 -> 1
Cell (virus_3433795,host_148094): 0 -> 1
Cell (virus_3433795,host_410852): 0 -> 1
Cell (virus_3433795,host_27634): 0 -> 1
Cell (virus_3433795,host_40230): 0 -> 1
Cell (virus_3433795,host_51012): 0 -> 1
Cell (virus_3433795,host_3371013): 0 -> 1
Cell (virus_3433795,host_59472): 0 -> 1
Cell (virus_3433795,host_258867): 0 -> 1
Cell (virus_3433795,host_258930): 0 -> 1
Cell (virus_3433795,host_61862): 0 -> 1
Cell (virus_3433795,host_258909): 0 -> 1
Cell (virus_3433795,host_3371016): 0 -> 1
Cell (virus_3433795,host_360967): 0 -> 1
Cell (virus_3433795,host_143942): 0 -> 1
Cell (virus_3433795,host_258944): 0 -> 1
Cell (virus_3433795,host_258959): 0 -> 1
Cell (virus_693998,host_105273): 0 -> 1
Cell (virus_693998,host_294653): 0 -> 1
Cell (virus_693998,host_9435): 0 -> 1
Cell (virus_693998,host_412095): 0 -> 1
Cell (virus_693998,host_386774): 0 -> 1
Cell (virus_693998,host_138979): 0 -> 1
Cell (virus_693998,host_2015597): 0 -> 1
Cell (virus_693998,host_258925): 0 -> 1
Cell (virus_693998,host_188568): 0 -> 1
Cell (virus_693998,host_170233): 0 -> 1
Cell (virus_693998,host_76834): 0 -> 1
Cell (virus_693998,host_608708): 0 -> 1
Cell (virus_693998,host_249024): 0 -> 1
Cell (virus_693998,host_519037): 0 -> 1
Cell (virus_693998,host_329870): 0 -> 1
Cell (virus_693998,host_549403): 0 -> 1
Cell (virus_693998,host_166054): 0 -> 1
Cell (virus_693998,host_385575): 0 -> 1
Cell (virus_693998,host_9403): 0 -> 1
Cell (virus_693998,host_58083): 0 -> 1
Cell (virus_693998,host_9408): 0 -> 1
Cell (virus_693998,host_58065): 0 -> 1
Cell (virus_693998,host_58063): 0 -> 1
Cell (virus_693998,host_9400): 0 -> 1
Cell (virus_693998,host_187003): 0 -> 1
Cell (virus_693998,host_148094): 0 -> 1
Cell (virus_693998,host_410852): 0 -> 1
Cell (virus_693998,host_27634): 0 -> 1
Cell (virus_693998,host_40230): 0 -> 1
Cell (virus_693998,host_51012): 0 -> 1
Cell (virus_693998,host_3371013): 0 -> 1
Cell (virus_693998,host_59472): 0 -> 1
Cell (virus_693998,host_258867): 0 -> 1
Cell (virus_693998,host_258930): 0 -> 1
Cell (virus_693998,host_61862): 0 -> 1
Cell (virus_693998,host_258909): 0 -> 1
Cell (virus_693998,host_3371016): 0 -> 1
Cell (virus_693998,host_360967): 0 -> 1
Cell (virus_693998,host_143942): 0 -> 1
Cell (virus_693998,host_258944): 0 -> 1
Cell (virus_693998,host_258959): 0 -> 1
Cell (virus_2913382,host_9435): 0 -> 1
Cell (virus_2913382,host_412095): 0 -> 1
Cell (virus_2913382,host_386774): 0 -> 1
Cell (virus_2913382,host_138979): 0 -> 1
Cell (virus_2913382,host_2015597): 0 -> 1
Cell (virus_2913382,host_258925): 0 -> 1
Cell (virus_2913382,host_188568): 0 -> 1
Cell (virus_2913382,host_175524): 0 -> 1
Cell (virus_2913382,host_170233): 0 -> 1
Cell (virus_2913382,host_76834): 0 -> 1
Cell (virus_2913382,host_608708): 0 -> 1
Cell (virus_2913382,host_249024): 0 -> 1
Cell (virus_2913382,host_519041): 0 -> 1
Cell (virus_2913382,host_519037): 0 -> 1
Cell (virus_2913382,host_329870): 0 -> 1
Cell (virus_2913382,host_549403): 0 -> 1
Cell (virus_2913382,host_166054): 0 -> 1
Cell (virus_2913382,host_385575): 0 -> 1
Cell (virus_2913382,host_9403): 0 -> 1
Cell (virus_2913382,host_58083): 0 -> 1
Cell (virus_2913382,host_9408): 0 -> 1
Cell (virus_2913382,host_58065): 0 -> 1
Cell (virus_2913382,host_58063): 0 -> 1
Cell (virus_2913382,host_9400): 0 -> 1
Cell (virus_2913382,host_77233): 0 -> 1
Cell (virus_2913382,host_187003): 0 -> 1
Cell (virus_2913382,host_138695): 0 -> 1
Cell (virus_2913382,host_148094): 0 -> 1
Cell (virus_2913382,host_410852): 0 -> 1
Cell (virus_2913382,host_27634): 0 -> 1
Cell (virus_2913382,host_40230): 0 -> 1
Cell (virus_2913382,host_51012): 0 -> 1
Cell (virus_2913382,host_177160): 0 -> 1
Cell (virus_2913382,host_3371013): 0 -> 1
Cell (virus_2913382,host_59472): 0 -> 1
Cell (virus_2913382,host_3041509): 0 -> 1
Cell (virus_2913382,host_258867): 0 -> 1
Cell (virus_2913382,host_61862): 0 -> 1
Cell (virus_2913382,host_258909): 0 -> 1
Cell (virus_2913382,host_3371016): 0 -> 1
Cell (virus_2913382,host_360967): 0 -> 1
Cell (virus_2913382,host_143942): 0 -> 1
Cell (virus_2913382,host_258944): 0 -> 1
Cell (virus_2913382,host_258959): 0 -> 1
Cell (virus_3433766,host_105273): 0 -> 1
Cell (virus_3433766,host_294653): 0 -> 1
Cell (virus_3433766,host_9435): 0 -> 1
Cell (virus_3433766,host_2528591): 0 -> 1
Cell (virus_3433766,host_386774): 0 -> 1
Cell (virus_3433766,host_392004): 0 -> 1
Cell (virus_3433766,host_526407): 0 -> 1
Cell (virus_3433766,host_98922): 0 -> 1
Cell (virus_3433766,host_138979): 0 -> 1
Cell (virus_3433766,host_225400): 0 -> 1
Cell (virus_3433766,host_2015597): 0 -> 1
Cell (virus_3433766,host_258925): 0 -> 1
Cell (virus_3433766,host_685731): 0 -> 1
Cell (virus_3433766,host_188568): 0 -> 1
Cell (virus_3433766,host_170233): 0 -> 1
Cell (virus_3433766,host_76834): 0 -> 1
Cell (virus_3433766,host_608708): 0 -> 1
Cell (virus_3433766,host_249024): 0 -> 1
Cell (virus_3433766,host_2603866): 0 -> 1
Cell (virus_3433766,host_519037): 0 -> 1
Cell (virus_3433766,host_329870): 0 -> 1
Cell (virus_3433766,host_549403): 0 -> 1
Cell (virus_3433766,host_166054): 0 -> 1
Cell (virus_3433766,host_58057): 0 -> 1
Cell (virus_3433766,host_58065): 0 -> 1
Cell (virus_3433766,host_58063): 0 -> 1
Cell (virus_3433766,host_58060): 0 -> 1
Cell (virus_3433766,host_9400): 0 -> 1
Cell (virus_3433766,host_374419): 0 -> 1
Cell (virus_3433766,host_326081): 0 -> 1
Cell (virus_3433766,host_138695): 0 -> 1
Cell (virus_3433766,host_148094): 0 -> 1
Cell (virus_3433766,host_410852): 0 -> 1
Cell (virus_3433766,host_27634): 0 -> 1
Cell (virus_3433766,host_40228): 0 -> 1
Cell (virus_3433766,host_9417): 0 -> 1
Cell (virus_3433766,host_51012): 0 -> 1
Cell (virus_3433766,host_40224): 0 -> 1
Cell (virus_3433766,host_192403): 0 -> 1
Cell (virus_3433766,host_177160): 0 -> 1
Cell (virus_3433766,host_27638): 0 -> 1
Cell (virus_3433766,host_2994998): 0 -> 1
Cell (virus_3433766,host_3041509): 0 -> 1
Cell (virus_3433766,host_258867): 0 -> 1
Cell (virus_3433766,host_999964): 0 -> 1
Cell (virus_3433766,host_272799): 0 -> 1
Cell (virus_3433766,host_61862): 0 -> 1
Cell (virus_3433766,host_258909): 0 -> 1
Cell (virus_3433766,host_2969767): 0 -> 1
Cell (virus_3433766,host_3371016): 0 -> 1
Cell (virus_3433766,host_360967): 0 -> 1
Cell (virus_3433766,host_109485): 0 -> 1
Cell (virus_3433766,host_143942): 0 -> 1
Cell (virus_3433766,host_258959): 0 -> 1
Cell (virus_694014,host_105273): 0 -> 1
Cell (virus_694014,host_294653): 0 -> 1
Cell (virus_694014,host_9435): 0 -> 1
Cell (virus_694014,host_2528591): 0 -> 1
Cell (virus_694014,host_386774): 0 -> 1
Cell (virus_694014,host_392004): 0 -> 1
Cell (virus_694014,host_526407): 0 -> 1
Cell (virus_694014,host_98922): 0 -> 1
Cell (virus_694014,host_138979): 0 -> 1
Cell (virus_694014,host_225400): 0 -> 1
Cell (virus_694014,host_2015597): 0 -> 1
Cell (virus_694014,host_258925): 0 -> 1
Cell (virus_694014,host_685731): 0 -> 1
Cell (virus_694014,host_188568): 0 -> 1
Cell (virus_694014,host_170233): 0 -> 1
Cell (virus_694014,host_76834): 0 -> 1
Cell (virus_694014,host_608708): 0 -> 1
Cell (virus_694014,host_249024): 0 -> 1
Cell (virus_694014,host_2603866): 0 -> 1
Cell (virus_694014,host_519037): 0 -> 1
Cell (virus_694014,host_329870): 0 -> 1
Cell (virus_694014,host_549403): 0 -> 1
Cell (virus_694014,host_166054): 0 -> 1
Cell (virus_694014,host_58057): 0 -> 1
Cell (virus_694014,host_58065): 0 -> 1
Cell (virus_694014,host_58063): 0 -> 1
Cell (virus_694014,host_58060): 0 -> 1
Cell (virus_694014,host_9400): 0 -> 1
Cell (virus_694014,host_374419): 0 -> 1
Cell (virus_694014,host_326081): 0 -> 1
Cell (virus_694014,host_138695): 0 -> 1
Cell (virus_694014,host_148094): 0 -> 1
Cell (virus_694014,host_410852): 0 -> 1
Cell (virus_694014,host_27634): 0 -> 1
Cell (virus_694014,host_40228): 0 -> 1
Cell (virus_694014,host_9417): 0 -> 1
Cell (virus_694014,host_51012): 0 -> 1
Cell (virus_694014,host_40224): 0 -> 1
Cell (virus_694014,host_192403): 0 -> 1
Cell (virus_694014,host_177160): 0 -> 1
Cell (virus_694014,host_27638): 0 -> 1
Cell (virus_694014,host_2994998): 0 -> 1
Cell (virus_694014,host_3041509): 0 -> 1
Cell (virus_694014,host_258867): 0 -> 1
Cell (virus_694014,host_999964): 0 -> 1
Cell (virus_694014,host_272799): 0 -> 1
Cell (virus_694014,host_61862): 0 -> 1
Cell (virus_694014,host_258909): 0 -> 1
Cell (virus_694014,host_2969767): 0 -> 1
Cell (virus_694014,host_3371016): 0 -> 1
Cell (virus_694014,host_360967): 0 -> 1
Cell (virus_694014,host_109485): 0 -> 1
Cell (virus_694014,host_143942): 0 -> 1
Cell (virus_694014,host_258959): 0 -> 1
Cell (virus_2917966,host_51300): 0 -> 1
Cell (virus_2917966,host_246814): 0 -> 1
Cell (virus_2917966,host_294653): 0 -> 1
Cell (virus_2917966,host_9435): 0 -> 1
Cell (virus_2917966,host_257882): 0 -> 1
Cell (virus_2917966,host_59463): 0 -> 1
Cell (virus_2917966,host_412095): 0 -> 1
Cell (virus_2917966,host_386774): 0 -> 1
Cell (virus_2917966,host_392004): 0 -> 1
Cell (virus_2917966,host_526407): 0 -> 1
Cell (virus_2917966,host_138979): 0 -> 1
Cell (virus_2917966,host_225400): 0 -> 1
Cell (virus_2917966,host_155035): 0 -> 1
Cell (virus_2917966,host_2015597): 0 -> 1
Cell (virus_2917966,host_258925): 0 -> 1
Cell (virus_2917966,host_685731): 0 -> 1
Cell (virus_2917966,host_2603869): 0 -> 1
Cell (virus_2917966,host_188568): 0 -> 1
Cell (virus_2917966,host_1207989): 0 -> 1
Cell (virus_2917966,host_175524): 0 -> 1
Cell (virus_2917966,host_170233): 0 -> 1
Cell (virus_2917966,host_376555): 0 -> 1
Cell (virus_2917966,host_320431): 0 -> 1
Cell (virus_2917966,host_608708): 0 -> 1
Cell (virus_2917966,host_430491): 0 -> 1
Cell (virus_2917966,host_249024): 0 -> 1
Cell (virus_2917966,host_2603865): 0 -> 1
Cell (virus_2917966,host_77218): 0 -> 1
Cell (virus_2917966,host_329870): 0 -> 1
Cell (virus_2917966,host_58073): 0 -> 1
Cell (virus_2917966,host_9407): 0 -> 1
Cell (virus_2917966,host_58065): 0 -> 1
Cell (virus_2917966,host_1381355): 0 -> 1
Cell (virus_2917966,host_138695): 0 -> 1
Cell (virus_2917966,host_148094): 0 -> 1
Cell (virus_2917966,host_27663): 0 -> 1
Cell (virus_2917966,host_410852): 0 -> 1
Cell (virus_2917966,host_574064): 0 -> 1
Cell (virus_2917966,host_192403): 0 -> 1
Cell (virus_2917966,host_196700): 0 -> 1
Cell (virus_2917966,host_177160): 0 -> 1
Cell (virus_2917966,host_148061): 0 -> 1
Cell (virus_2917966,host_3371013): 0 -> 1
Cell (virus_2917966,host_258867): 0 -> 1
Cell (virus_2917966,host_9438): 0 -> 1
Cell (virus_2917966,host_61862): 0 -> 1
Cell (virus_2917966,host_29078): 0 -> 1
Cell (virus_2917966,host_3371014): 0 -> 1
Cell (virus_2917966,host_360967): 0 -> 1
Cell (virus_2917966,host_109485): 0 -> 1
Cell (virus_2917966,host_143942): 0 -> 1
Cell (virus_3158245,host_105273): 0 -> 1
Cell (virus_3158245,host_258946): 0 -> 1
Cell (virus_3158245,host_51300): 0 -> 1
Cell (virus_3158245,host_246814): 0 -> 1
Cell (virus_3158245,host_294653): 0 -> 1
Cell (virus_3158245,host_9435): 0 -> 1
Cell (virus_3158245,host_59463): 0 -> 1
Cell (virus_3158245,host_386774): 0 -> 1
Cell (virus_3158245,host_138979): 0 -> 1
Cell (virus_3158245,host_225400): 0 -> 1
Cell (virus_3158245,host_2015597): 0 -> 1
Cell (virus_3158245,host_177185): 0 -> 1
Cell (virus_3158245,host_1207989): 0 -> 1
Cell (virus_3158245,host_170233): 0 -> 1
Cell (virus_3158245,host_376555): 0 -> 1
Cell (virus_3158245,host_249024): 0 -> 1
Cell (virus_3158245,host_519037): 0 -> 1
Cell (virus_3158245,host_329870): 0 -> 1
Cell (virus_3158245,host_549403): 0 -> 1
Cell (virus_3158245,host_124756): 0 -> 1
Cell (virus_3158245,host_77243): 0 -> 1
Cell (virus_3158245,host_58083): 0 -> 1
Cell (virus_3158245,host_58065): 0 -> 1
Cell (virus_3158245,host_58063): 0 -> 1
Cell (virus_3158245,host_77214): 0 -> 1
Cell (virus_3158245,host_148094): 0 -> 1
Cell (virus_3158245,host_410852): 0 -> 1
Cell (virus_3158245,host_40228): 0 -> 1
Cell (virus_3158245,host_51012): 0 -> 1
Cell (virus_3158245,host_192403): 0 -> 1
Cell (virus_3158245,host_196700): 0 -> 1
Cell (virus_3158245,host_177160): 0 -> 1
Cell (virus_3158245,host_2994998): 0 -> 1
Cell (virus_3158245,host_148061): 0 -> 1
Cell (virus_3158245,host_3042450): 0 -> 1
Cell (virus_3158245,host_3371013): 0 -> 1
Cell (virus_3158245,host_59472): 0 -> 1
Cell (virus_3158245,host_1434095): 0 -> 1
Cell (virus_3158245,host_258867): 0 -> 1
Cell (virus_3158245,host_61862): 0 -> 1
Cell (virus_3158245,host_258909): 0 -> 1
Cell (virus_3158245,host_3371014): 0 -> 1
Cell (virus_3158245,host_3371016): 0 -> 1
Cell (virus_3158245,host_360967): 0 -> 1
Cell (virus_3158245,host_109485): 0 -> 1
Cell (virus_3158245,host_999321): 0 -> 1
Cell (virus_3158245,host_143942): 0 -> 1
Cell (virus_3158245,host_110938): 0 -> 1
Cell (virus_693999,host_105273): 0 -> 1
Cell (virus_693999,host_258946): 0 -> 1
Cell (virus_693999,host_51300): 0 -> 1
Cell (virus_693999,host_246814): 0 -> 1
Cell (virus_693999,host_294653): 0 -> 1
Cell (virus_693999,host_9435): 0 -> 1
Cell (virus_693999,host_59463): 0 -> 1
Cell (virus_693999,host_386774): 0 -> 1
Cell (virus_693999,host_138979): 0 -> 1
Cell (virus_693999,host_225400): 0 -> 1
Cell (virus_693999,host_2015597): 0 -> 1
Cell (virus_693999,host_177185): 0 -> 1
Cell (virus_693999,host_1207989): 0 -> 1
Cell (virus_693999,host_170233): 0 -> 1
Cell (virus_693999,host_376555): 0 -> 1
Cell (virus_693999,host_249024): 0 -> 1
Cell (virus_693999,host_519037): 0 -> 1
Cell (virus_693999,host_329870): 0 -> 1
Cell (virus_693999,host_549403): 0 -> 1
Cell (virus_693999,host_124756): 0 -> 1
Cell (virus_693999,host_77243): 0 -> 1
Cell (virus_693999,host_58083): 0 -> 1
Cell (virus_693999,host_58065): 0 -> 1
Cell (virus_693999,host_58063): 0 -> 1
Cell (virus_693999,host_77214): 0 -> 1
Cell (virus_693999,host_148094): 0 -> 1
Cell (virus_693999,host_410852): 0 -> 1
Cell (virus_693999,host_40228): 0 -> 1
Cell (virus_693999,host_51012): 0 -> 1
Cell (virus_693999,host_192403): 0 -> 1
Cell (virus_693999,host_196700): 0 -> 1
Cell (virus_693999,host_177160): 0 -> 1
Cell (virus_693999,host_2994998): 0 -> 1
Cell (virus_693999,host_148061): 0 -> 1
Cell (virus_693999,host_3042450): 0 -> 1
Cell (virus_693999,host_3371013): 0 -> 1
Cell (virus_693999,host_59472): 0 -> 1
Cell (virus_693999,host_1434095): 0 -> 1
Cell (virus_693999,host_258867): 0 -> 1
Cell (virus_693999,host_61862): 0 -> 1
Cell (virus_693999,host_258909): 0 -> 1
Cell (virus_693999,host_3371014): 0 -> 1
Cell (virus_693999,host_3371016): 0 -> 1
Cell (virus_693999,host_360967): 0 -> 1
Cell (virus_693999,host_109485): 0 -> 1
Cell (virus_693999,host_999321): 0 -> 1
Cell (virus_693999,host_143942): 0 -> 1
Cell (virus_693999,host_110938): 0 -> 1
Cell (virus_3418615,host_105273): 0 -> 1
Cell (virus_3418615,host_51300): 0 -> 1
Cell (virus_3418615,host_246814): 0 -> 1
Cell (virus_3418615,host_294653): 0 -> 1
Cell (virus_3418615,host_9435): 0 -> 1
Cell (virus_3418615,host_386774): 0 -> 1
Cell (virus_3418615,host_526407): 0 -> 1
Cell (virus_3418615,host_138979): 0 -> 1
Cell (virus_3418615,host_2015597): 0 -> 1
Cell (virus_3418615,host_187017): 0 -> 1
Cell (virus_3418615,host_1207989): 0 -> 1
Cell (virus_3418615,host_170233): 0 -> 1
Cell (virus_3418615,host_376555): 0 -> 1
Cell (virus_3418615,host_188570): 0 -> 1
Cell (virus_3418615,host_249024): 0 -> 1
Cell (virus_3418615,host_329870): 0 -> 1
Cell (virus_3418615,host_549403): 0 -> 1
Cell (virus_3418615,host_124756): 0 -> 1
Cell (virus_3418615,host_77243): 0 -> 1
Cell (virus_3418615,host_1898393): 0 -> 1
Cell (virus_3418615,host_58083): 0 -> 1
Cell (virus_3418615,host_58065): 0 -> 1
Cell (virus_3418615,host_58063): 0 -> 1
Cell (virus_3418615,host_148094): 0 -> 1
Cell (virus_3418615,host_410852): 0 -> 1
Cell (virus_3418615,host_40228): 0 -> 1
Cell (virus_3418615,host_51012): 0 -> 1
Cell (virus_3418615,host_192403): 0 -> 1
Cell (virus_3418615,host_196700): 0 -> 1
Cell (virus_3418615,host_177160): 0 -> 1
Cell (virus_3418615,host_2994998): 0 -> 1
Cell (virus_3418615,host_148061): 0 -> 1
Cell (virus_3418615,host_3371013): 0 -> 1
Cell (virus_3418615,host_59472): 0 -> 1
Cell (virus_3418615,host_258867): 0 -> 1
Cell (virus_3418615,host_61862): 0 -> 1
Cell (virus_3418615,host_258909): 0 -> 1
Cell (virus_3418615,host_3371016): 0 -> 1
Cell (virus_3418615,host_999321): 0 -> 1
Cell (virus_3418615,host_110938): 0 -> 1
Cell (virus_694006,host_105273): 0 -> 1
Cell (virus_694006,host_51300): 0 -> 1
Cell (virus_694006,host_246814): 0 -> 1
Cell (virus_694006,host_294653): 0 -> 1
Cell (virus_694006,host_9435): 0 -> 1
Cell (virus_694006,host_386774): 0 -> 1
Cell (virus_694006,host_526407): 0 -> 1
Cell (virus_694006,host_138979): 0 -> 1
Cell (virus_694006,host_2015597): 0 -> 1
Cell (virus_694006,host_187017): 0 -> 1
Cell (virus_694006,host_1207989): 0 -> 1
Cell (virus_694006,host_170233): 0 -> 1
Cell (virus_694006,host_376555): 0 -> 1
Cell (virus_694006,host_188570): 0 -> 1
Cell (virus_694006,host_249024): 0 -> 1
Cell (virus_694006,host_329870): 0 -> 1
Cell (virus_694006,host_549403): 0 -> 1
Cell (virus_694006,host_124756): 0 -> 1
Cell (virus_694006,host_77243): 0 -> 1
Cell (virus_694006,host_1898393): 0 -> 1
Cell (virus_694006,host_58083): 0 -> 1
Cell (virus_694006,host_58065): 0 -> 1
Cell (virus_694006,host_58063): 0 -> 1
Cell (virus_694006,host_148094): 0 -> 1
Cell (virus_694006,host_410852): 0 -> 1
Cell (virus_694006,host_40228): 0 -> 1
Cell (virus_694006,host_51012): 0 -> 1
Cell (virus_694006,host_192403): 0 -> 1
Cell (virus_694006,host_196700): 0 -> 1
Cell (virus_694006,host_177160): 0 -> 1
Cell (virus_694006,host_2994998): 0 -> 1
Cell (virus_694006,host_148061): 0 -> 1
Cell (virus_694006,host_3371013): 0 -> 1
Cell (virus_694006,host_59472): 0 -> 1
Cell (virus_694006,host_258867): 0 -> 1
Cell (virus_694006,host_61862): 0 -> 1
Cell (virus_694006,host_258909): 0 -> 1
Cell (virus_694006,host_3371016): 0 -> 1
Cell (virus_694006,host_999321): 0 -> 1
Cell (virus_694006,host_110938): 0 -> 1
Cell (virus_3433776,host_105273): 0 -> 1
Cell (virus_3433776,host_258946): 0 -> 1
Cell (virus_3433776,host_51300): 0 -> 1
Cell (virus_3433776,host_246814): 0 -> 1
Cell (virus_3433776,host_294653): 0 -> 1
Cell (virus_3433776,host_9435): 0 -> 1
Cell (virus_3433776,host_386774): 0 -> 1
Cell (virus_3433776,host_526407): 0 -> 1
Cell (virus_3433776,host_138979): 0 -> 1
Cell (virus_3433776,host_225400): 0 -> 1
Cell (virus_3433776,host_2015597): 0 -> 1
Cell (virus_3433776,host_187017): 0 -> 1
Cell (virus_3433776,host_1207989): 0 -> 1
Cell (virus_3433776,host_170233): 0 -> 1
Cell (virus_3433776,host_376555): 0 -> 1
Cell (virus_3433776,host_249024): 0 -> 1
Cell (virus_3433776,host_329870): 0 -> 1
Cell (virus_3433776,host_549403): 0 -> 1
Cell (virus_3433776,host_124756): 0 -> 1
Cell (virus_3433776,host_77243): 0 -> 1
Cell (virus_3433776,host_58083): 0 -> 1
Cell (virus_3433776,host_58065): 0 -> 1
Cell (virus_3433776,host_58063): 0 -> 1
Cell (virus_3433776,host_148094): 0 -> 1
Cell (virus_3433776,host_410852): 0 -> 1
Cell (virus_3433776,host_40228): 0 -> 1
Cell (virus_3433776,host_51012): 0 -> 1
Cell (virus_3433776,host_192403): 0 -> 1
Cell (virus_3433776,host_196700): 0 -> 1
Cell (virus_3433776,host_177160): 0 -> 1
Cell (virus_3433776,host_2994998): 0 -> 1
Cell (virus_3433776,host_148061): 0 -> 1
Cell (virus_3433776,host_3371013): 0 -> 1
Cell (virus_3433776,host_59472): 0 -> 1
Cell (virus_3433776,host_258867): 0 -> 1
Cell (virus_3433776,host_999964): 0 -> 1
Cell (virus_3433776,host_61862): 0 -> 1
Cell (virus_3433776,host_258909): 0 -> 1
Cell (virus_3433776,host_29078): 0 -> 1
Cell (virus_3433776,host_3371014): 0 -> 1
Cell (virus_3433776,host_3371016): 0 -> 1
Cell (virus_3433776,host_360967): 0 -> 1
Cell (virus_3433776,host_109485): 0 -> 1
Cell (virus_3433776,host_999321): 0 -> 1
Cell (virus_3433776,host_143942): 0 -> 1
Cell (virus_3433776,host_110938): 0 -> 1
Cell (virus_3433776,host_258944): 0 -> 1
Cell (virus_694007,host_105273): 0 -> 1
Cell (virus_694007,host_258946): 0 -> 1
Cell (virus_694007,host_51300): 0 -> 1
Cell (virus_694007,host_246814): 0 -> 1
Cell (virus_694007,host_294653): 0 -> 1
Cell (virus_694007,host_9435): 0 -> 1
Cell (virus_694007,host_386774): 0 -> 1
Cell (virus_694007,host_526407): 0 -> 1
Cell (virus_694007,host_138979): 0 -> 1
Cell (virus_694007,host_225400): 0 -> 1
Cell (virus_694007,host_2015597): 0 -> 1
Cell (virus_694007,host_187017): 0 -> 1
Cell (virus_694007,host_1207989): 0 -> 1
Cell (virus_694007,host_170233): 0 -> 1
Cell (virus_694007,host_376555): 0 -> 1
Cell (virus_694007,host_249024): 0 -> 1
Cell (virus_694007,host_329870): 0 -> 1
Cell (virus_694007,host_549403): 0 -> 1
Cell (virus_694007,host_124756): 0 -> 1
Cell (virus_694007,host_77243): 0 -> 1
Cell (virus_694007,host_58083): 0 -> 1
Cell (virus_694007,host_58065): 0 -> 1
Cell (virus_694007,host_58063): 0 -> 1
Cell (virus_694007,host_148094): 0 -> 1
Cell (virus_694007,host_410852): 0 -> 1
Cell (virus_694007,host_40228): 0 -> 1
Cell (virus_694007,host_51012): 0 -> 1
Cell (virus_694007,host_192403): 0 -> 1
Cell (virus_694007,host_196700): 0 -> 1
Cell (virus_694007,host_177160): 0 -> 1
Cell (virus_694007,host_2994998): 0 -> 1
Cell (virus_694007,host_148061): 0 -> 1
Cell (virus_694007,host_3371013): 0 -> 1
Cell (virus_694007,host_59472): 0 -> 1
Cell (virus_694007,host_258867): 0 -> 1
Cell (virus_694007,host_999964): 0 -> 1
Cell (virus_694007,host_61862): 0 -> 1
Cell (virus_694007,host_258909): 0 -> 1
Cell (virus_694007,host_29078): 0 -> 1
Cell (virus_694007,host_3371014): 0 -> 1
Cell (virus_694007,host_3371016): 0 -> 1
Cell (virus_694007,host_360967): 0 -> 1
Cell (virus_694007,host_109485): 0 -> 1
Cell (virus_694007,host_999321): 0 -> 1
Cell (virus_694007,host_143942): 0 -> 1
Cell (virus_694007,host_110938): 0 -> 1
Cell (virus_694007,host_258944): 0 -> 1
Cell (virus_1881051,host_258946): 0 -> 1
Cell (virus_1881051,host_3380546): 0 -> 1
Cell (virus_1881051,host_9435): 0 -> 1
Cell (virus_1881051,host_2528591): 0 -> 1
Cell (virus_1881051,host_412095): 0 -> 1
Cell (virus_1881051,host_526407): 0 -> 1
Cell (virus_1881051,host_138979): 0 -> 1
Cell (virus_1881051,host_225400): 0 -> 1
Cell (virus_1881051,host_2015597): 0 -> 1
Cell (virus_1881051,host_685731): 0 -> 1
Cell (virus_1881051,host_188568): 0 -> 1
Cell (virus_1881051,host_188569): 0 -> 1
Cell (virus_1881051,host_170233): 0 -> 1
Cell (virus_1881051,host_608659): 0 -> 1
Cell (virus_1881051,host_76834): 0 -> 1
Cell (virus_1881051,host_608708): 0 -> 1
Cell (virus_1881051,host_249024): 0 -> 1
Cell (virus_1881051,host_519037): 0 -> 1
Cell (virus_1881051,host_329870): 0 -> 1
Cell (virus_1881051,host_549403): 0 -> 1
Cell (virus_1881051,host_166054): 0 -> 1
Cell (virus_1881051,host_903567): 0 -> 1
Cell (virus_1881051,host_58067): 0 -> 1
Cell (virus_1881051,host_58063): 0 -> 1
Cell (virus_1881051,host_94956): 0 -> 1
Cell (virus_1881051,host_1884717): 0 -> 1
Cell (virus_1881051,host_138695): 0 -> 1
Cell (virus_1881051,host_148094): 0 -> 1
Cell (virus_1881051,host_410852): 0 -> 1
Cell (virus_1881051,host_27634): 0 -> 1
Cell (virus_1881051,host_51012): 0 -> 1
Cell (virus_1881051,host_192403): 0 -> 1
Cell (virus_1881051,host_196700): 0 -> 1
Cell (virus_1881051,host_177160): 0 -> 1
Cell (virus_1881051,host_2994998): 0 -> 1
Cell (virus_1881051,host_148061): 0 -> 1
Cell (virus_1881051,host_94961): 0 -> 1
Cell (virus_1881051,host_3371013): 0 -> 1
Cell (virus_1881051,host_291302): 0 -> 1
Cell (virus_1881051,host_221087): 0 -> 1
Cell (virus_1881051,host_258867): 0 -> 1
Cell (virus_1881051,host_61862): 0 -> 1
Cell (virus_1881051,host_258909): 0 -> 1
Cell (virus_1881051,host_3371016): 0 -> 1
Cell (virus_1881051,host_360967): 0 -> 1
Cell (virus_1881051,host_109485): 0 -> 1
Cell (virus_1881051,host_143942): 0 -> 1
Cell (virus_2913387,host_258946): 0 -> 1
Cell (virus_2913387,host_9435): 0 -> 1
Cell (virus_2913387,host_2528591): 0 -> 1
Cell (virus_2913387,host_412095): 0 -> 1
Cell (virus_2913387,host_526407): 0 -> 1
Cell (virus_2913387,host_138979): 0 -> 1
Cell (virus_2913387,host_225400): 0 -> 1
Cell (virus_2913387,host_685731): 0 -> 1
Cell (virus_2913387,host_188568): 0 -> 1
Cell (virus_2913387,host_188569): 0 -> 1
Cell (virus_2913387,host_170233): 0 -> 1
Cell (virus_2913387,host_608659): 0 -> 1
Cell (virus_2913387,host_76834): 0 -> 1
Cell (virus_2913387,host_608708): 0 -> 1
Cell (virus_2913387,host_249024): 0 -> 1
Cell (virus_2913387,host_519037): 0 -> 1
Cell (virus_2913387,host_329870): 0 -> 1
Cell (virus_2913387,host_549403): 0 -> 1
Cell (virus_2913387,host_166054): 0 -> 1
Cell (virus_2913387,host_903567): 0 -> 1
Cell (virus_2913387,host_58067): 0 -> 1
Cell (virus_2913387,host_58063): 0 -> 1
Cell (virus_2913387,host_94956): 0 -> 1
Cell (virus_2913387,host_1884717): 0 -> 1
Cell (virus_2913387,host_138695): 0 -> 1
Cell (virus_2913387,host_148094): 0 -> 1
Cell (virus_2913387,host_410852): 0 -> 1
Cell (virus_2913387,host_27634): 0 -> 1
Cell (virus_2913387,host_51012): 0 -> 1
Cell (virus_2913387,host_192403): 0 -> 1
Cell (virus_2913387,host_196700): 0 -> 1
Cell (virus_2913387,host_177160): 0 -> 1
Cell (virus_2913387,host_2994998): 0 -> 1
Cell (virus_2913387,host_148061): 0 -> 1
Cell (virus_2913387,host_94961): 0 -> 1
Cell (virus_2913387,host_3371013): 0 -> 1
Cell (virus_2913387,host_291302): 0 -> 1
Cell (virus_2913387,host_221087): 0 -> 1
Cell (virus_2913387,host_258867): 0 -> 1
Cell (virus_2913387,host_61862): 0 -> 1
Cell (virus_2913387,host_258909): 0 -> 1
Cell (virus_2913387,host_3371016): 0 -> 1
Cell (virus_2913387,host_360967): 0 -> 1
Cell (virus_2913387,host_109485): 0 -> 1
Cell (virus_2913387,host_143942): 0 -> 1
Cell (virus_2691592,host_258946): 0 -> 1
Cell (virus_2691592,host_9435): 0 -> 1
Cell (virus_2691592,host_2528591): 0 -> 1
Cell (virus_2691592,host_412095): 0 -> 1
Cell (virus_2691592,host_98922): 0 -> 1
Cell (virus_2691592,host_138979): 0 -> 1
Cell (virus_2691592,host_225400): 0 -> 1
Cell (virus_2691592,host_385037): 0 -> 1
Cell (virus_2691592,host_2015597): 0 -> 1
Cell (virus_2691592,host_685731): 0 -> 1
Cell (virus_2691592,host_188568): 0 -> 1
Cell (virus_2691592,host_188569): 0 -> 1
Cell (virus_2691592,host_170233): 0 -> 1
Cell (virus_2691592,host_608659): 0 -> 1
Cell (virus_2691592,host_76834): 0 -> 1
Cell (virus_2691592,host_608708): 0 -> 1
Cell (virus_2691592,host_249024): 0 -> 1
Cell (virus_2691592,host_519037): 0 -> 1
Cell (virus_2691592,host_329870): 0 -> 1
Cell (virus_2691592,host_549403): 0 -> 1
Cell (virus_2691592,host_166054): 0 -> 1
Cell (virus_2691592,host_903567): 0 -> 1
Cell (virus_2691592,host_58067): 0 -> 1
Cell (virus_2691592,host_58083): 0 -> 1
Cell (virus_2691592,host_58063): 0 -> 1
Cell (virus_2691592,host_94956): 0 -> 1
Cell (virus_2691592,host_1884717): 0 -> 1
Cell (virus_2691592,host_138695): 0 -> 1
Cell (virus_2691592,host_148094): 0 -> 1
Cell (virus_2691592,host_410852): 0 -> 1
Cell (virus_2691592,host_27634): 0 -> 1
Cell (virus_2691592,host_51012): 0 -> 1
Cell (virus_2691592,host_192403): 0 -> 1
Cell (virus_2691592,host_196700): 0 -> 1
Cell (virus_2691592,host_177160): 0 -> 1
Cell (virus_2691592,host_2994998): 0 -> 1
Cell (virus_2691592,host_148061): 0 -> 1
Cell (virus_2691592,host_94961): 0 -> 1
Cell (virus_2691592,host_3371013): 0 -> 1
Cell (virus_2691592,host_291302): 0 -> 1
Cell (virus_2691592,host_221087): 0 -> 1
Cell (virus_2691592,host_258867): 0 -> 1
Cell (virus_2691592,host_61862): 0 -> 1
Cell (virus_2691592,host_258909): 0 -> 1
Cell (virus_2691592,host_3371016): 0 -> 1
Cell (virus_2691592,host_360967): 0 -> 1
Cell (virus_2691592,host_109485): 0 -> 1
Cell (virus_2691592,host_143942): 0 -> 1
Cell (virus_28295,host_105273): 0 -> 1
Cell (virus_28295,host_9435): 0 -> 1
Cell (virus_28295,host_2528591): 0 -> 1
Cell (virus_28295,host_526407): 0 -> 1
Cell (virus_28295,host_98922): 0 -> 1
Cell (virus_28295,host_138979): 0 -> 1
Cell (virus_28295,host_225400): 0 -> 1
Cell (virus_28295,host_2015597): 0 -> 1
Cell (virus_28295,host_685731): 0 -> 1
Cell (virus_28295,host_188568): 0 -> 1
Cell (virus_28295,host_188569): 0 -> 1
Cell (virus_28295,host_170233): 0 -> 1
Cell (virus_28295,host_76834): 0 -> 1
Cell (virus_28295,host_608708): 0 -> 1
Cell (virus_28295,host_89399): 0 -> 1
Cell (virus_28295,host_249024): 0 -> 1
Cell (virus_28295,host_302408): 0 -> 1
Cell (virus_28295,host_519037): 0 -> 1
Cell (virus_28295,host_329870): 0 -> 1
Cell (virus_28295,host_549403): 0 -> 1
Cell (virus_28295,host_166054): 0 -> 1
Cell (virus_28295,host_903567): 0 -> 1
Cell (virus_28295,host_58067): 0 -> 1
Cell (virus_28295,host_58063): 0 -> 1
Cell (virus_28295,host_94956): 0 -> 1
Cell (virus_28295,host_1884717): 0 -> 1
Cell (virus_28295,host_138695): 0 -> 1
Cell (virus_28295,host_148094): 0 -> 1
Cell (virus_28295,host_410852): 0 -> 1
Cell (virus_28295,host_27634): 0 -> 1
Cell (virus_28295,host_51012): 0 -> 1
Cell (virus_28295,host_192403): 0 -> 1
Cell (virus_28295,host_196700): 0 -> 1
Cell (virus_28295,host_177160): 0 -> 1
Cell (virus_28295,host_2994998): 0 -> 1
Cell (virus_28295,host_148061): 0 -> 1
Cell (virus_28295,host_3371013): 0 -> 1
Cell (virus_28295,host_291302): 0 -> 1
Cell (virus_28295,host_221087): 0 -> 1
Cell (virus_28295,host_3041509): 0 -> 1
Cell (virus_28295,host_258867): 0 -> 1
Cell (virus_28295,host_61862): 0 -> 1
Cell (virus_28295,host_258909): 0 -> 1
Cell (virus_28295,host_360967): 0 -> 1
Cell (virus_28295,host_109485): 0 -> 1
Cell (virus_28295,host_143942): 0 -> 1
Cell (virus_3433789,host_105273): 0 -> 1
Cell (virus_3433789,host_9435): 0 -> 1
Cell (virus_3433789,host_2528591): 0 -> 1
Cell (virus_3433789,host_526407): 0 -> 1
Cell (virus_3433789,host_98922): 0 -> 1
Cell (virus_3433789,host_138979): 0 -> 1
Cell (virus_3433789,host_225400): 0 -> 1
Cell (virus_3433789,host_2015597): 0 -> 1
Cell (virus_3433789,host_685731): 0 -> 1
Cell (virus_3433789,host_188568): 0 -> 1
Cell (virus_3433789,host_188569): 0 -> 1
Cell (virus_3433789,host_170233): 0 -> 1
Cell (virus_3433789,host_76834): 0 -> 1
Cell (virus_3433789,host_608708): 0 -> 1
Cell (virus_3433789,host_89399): 0 -> 1
Cell (virus_3433789,host_249024): 0 -> 1
Cell (virus_3433789,host_302408): 0 -> 1
Cell (virus_3433789,host_519037): 0 -> 1
Cell (virus_3433789,host_329870): 0 -> 1
Cell (virus_3433789,host_549403): 0 -> 1
Cell (virus_3433789,host_166054): 0 -> 1
Cell (virus_3433789,host_903567): 0 -> 1
Cell (virus_3433789,host_58067): 0 -> 1
Cell (virus_3433789,host_58063): 0 -> 1
Cell (virus_3433789,host_94956): 0 -> 1
Cell (virus_3433789,host_1884717): 0 -> 1
Cell (virus_3433789,host_138695): 0 -> 1
Cell (virus_3433789,host_148094): 0 -> 1
Cell (virus_3433789,host_410852): 0 -> 1
Cell (virus_3433789,host_27634): 0 -> 1
Cell (virus_3433789,host_51012): 0 -> 1
Cell (virus_3433789,host_192403): 0 -> 1
Cell (virus_3433789,host_196700): 0 -> 1
Cell (virus_3433789,host_177160): 0 -> 1
Cell (virus_3433789,host_2994998): 0 -> 1
Cell (virus_3433789,host_148061): 0 -> 1
Cell (virus_3433789,host_3371013): 0 -> 1
Cell (virus_3433789,host_291302): 0 -> 1
Cell (virus_3433789,host_221087): 0 -> 1
Cell (virus_3433789,host_3041509): 0 -> 1
Cell (virus_3433789,host_258867): 0 -> 1
Cell (virus_3433789,host_61862): 0 -> 1
Cell (virus_3433789,host_258909): 0 -> 1
Cell (virus_3433789,host_360967): 0 -> 1
Cell (virus_3433789,host_109485): 0 -> 1
Cell (virus_3433789,host_143942): 0 -> 1
Cell (virus_2913385,host_105273): 0 -> 1
Cell (virus_2913385,host_9435): 0 -> 1
Cell (virus_2913385,host_2528591): 0 -> 1
Cell (virus_2913385,host_526407): 0 -> 1
Cell (virus_2913385,host_98922): 0 -> 1
Cell (virus_2913385,host_138979): 0 -> 1
Cell (virus_2913385,host_225400): 0 -> 1
Cell (virus_2913385,host_2015597): 0 -> 1
Cell (virus_2913385,host_685731): 0 -> 1
Cell (virus_2913385,host_188568): 0 -> 1
Cell (virus_2913385,host_188569): 0 -> 1
Cell (virus_2913385,host_170233): 0 -> 1
Cell (virus_2913385,host_76834): 0 -> 1
Cell (virus_2913385,host_608708): 0 -> 1
Cell (virus_2913385,host_476589): 0 -> 1
Cell (virus_2913385,host_89399): 0 -> 1
Cell (virus_2913385,host_249024): 0 -> 1
Cell (virus_2913385,host_302408): 0 -> 1
Cell (virus_2913385,host_519037): 0 -> 1
Cell (virus_2913385,host_329870): 0 -> 1
Cell (virus_2913385,host_549403): 0 -> 1
Cell (virus_2913385,host_166054): 0 -> 1
Cell (virus_2913385,host_903567): 0 -> 1
Cell (virus_2913385,host_58067): 0 -> 1
Cell (virus_2913385,host_58063): 0 -> 1
Cell (virus_2913385,host_94956): 0 -> 1
Cell (virus_2913385,host_1884717): 0 -> 1
Cell (virus_2913385,host_138695): 0 -> 1
Cell (virus_2913385,host_148094): 0 -> 1
Cell (virus_2913385,host_410852): 0 -> 1
Cell (virus_2913385,host_27634): 0 -> 1
Cell (virus_2913385,host_51012): 0 -> 1
Cell (virus_2913385,host_192403): 0 -> 1
Cell (virus_2913385,host_196700): 0 -> 1
Cell (virus_2913385,host_27660): 0 -> 1
Cell (virus_2913385,host_177160): 0 -> 1
Cell (virus_2913385,host_2994998): 0 -> 1
Cell (virus_2913385,host_148061): 0 -> 1
Cell (virus_2913385,host_3371013): 0 -> 1
Cell (virus_2913385,host_291302): 0 -> 1
Cell (virus_2913385,host_221087): 0 -> 1
Cell (virus_2913385,host_3041509): 0 -> 1
Cell (virus_2913385,host_258867): 0 -> 1
Cell (virus_2913385,host_61862): 0 -> 1
Cell (virus_2913385,host_258909): 0 -> 1
Cell (virus_2913385,host_360967): 0 -> 1
Cell (virus_2913385,host_109485): 0 -> 1
Cell (virus_2913385,host_143942): 0 -> 1
Cell (virus_3077579,host_105273): 0 -> 1
Cell (virus_3077579,host_258946): 0 -> 1
Cell (virus_3077579,host_9435): 0 -> 1
Cell (virus_3077579,host_2528591): 0 -> 1
Cell (virus_3077579,host_412095): 0 -> 1
Cell (virus_3077579,host_526407): 0 -> 1
Cell (virus_3077579,host_98922): 0 -> 1
Cell (virus_3077579,host_138979): 0 -> 1
Cell (virus_3077579,host_225400): 0 -> 1
Cell (virus_3077579,host_2015597): 0 -> 1
Cell (virus_3077579,host_685731): 0 -> 1
Cell (virus_3077579,host_188568): 0 -> 1
Cell (virus_3077579,host_188569): 0 -> 1
Cell (virus_3077579,host_170233): 0 -> 1
Cell (virus_3077579,host_608659): 0 -> 1
Cell (virus_3077579,host_76834): 0 -> 1
Cell (virus_3077579,host_608708): 0 -> 1
Cell (virus_3077579,host_249024): 0 -> 1
Cell (virus_3077579,host_519037): 0 -> 1
Cell (virus_3077579,host_329870): 0 -> 1
Cell (virus_3077579,host_549403): 0 -> 1
Cell (virus_3077579,host_166054): 0 -> 1
Cell (virus_3077579,host_903567): 0 -> 1
Cell (virus_3077579,host_58067): 0 -> 1
Cell (virus_3077579,host_58063): 0 -> 1
Cell (virus_3077579,host_1884717): 0 -> 1
Cell (virus_3077579,host_138695): 0 -> 1
Cell (virus_3077579,host_148094): 0 -> 1
Cell (virus_3077579,host_410852): 0 -> 1
Cell (virus_3077579,host_27634): 0 -> 1
Cell (virus_3077579,host_51012): 0 -> 1
Cell (virus_3077579,host_192403): 0 -> 1
Cell (virus_3077579,host_196700): 0 -> 1
Cell (virus_3077579,host_177160): 0 -> 1
Cell (virus_3077579,host_2994998): 0 -> 1
Cell (virus_3077579,host_148061): 0 -> 1
Cell (virus_3077579,host_3371013): 0 -> 1
Cell (virus_3077579,host_291302): 0 -> 1
Cell (virus_3077579,host_221087): 0 -> 1
Cell (virus_3077579,host_3041509): 0 -> 1
Cell (virus_3077579,host_258867): 0 -> 1
Cell (virus_3077579,host_61862): 0 -> 1
Cell (virus_3077579,host_258909): 0 -> 1
Cell (virus_3077579,host_3371016): 0 -> 1
Cell (virus_3077579,host_360967): 0 -> 1
Cell (virus_3077579,host_109485): 0 -> 1
Cell (virus_3077579,host_143942): 0 -> 1
Cell (virus_3077580,host_105273): 0 -> 1
Cell (virus_3077580,host_258946): 0 -> 1
Cell (virus_3077580,host_9435): 0 -> 1
Cell (virus_3077580,host_2528591): 0 -> 1
Cell (virus_3077580,host_412095): 0 -> 1
Cell (virus_3077580,host_526407): 0 -> 1
Cell (virus_3077580,host_98922): 0 -> 1
Cell (virus_3077580,host_138979): 0 -> 1
Cell (virus_3077580,host_225400): 0 -> 1
Cell (virus_3077580,host_2015597): 0 -> 1
Cell (virus_3077580,host_685731): 0 -> 1
Cell (virus_3077580,host_188568): 0 -> 1
Cell (virus_3077580,host_188569): 0 -> 1
Cell (virus_3077580,host_170233): 0 -> 1
Cell (virus_3077580,host_608659): 0 -> 1
Cell (virus_3077580,host_76834): 0 -> 1
Cell (virus_3077580,host_608708): 0 -> 1
Cell (virus_3077580,host_249024): 0 -> 1
Cell (virus_3077580,host_519037): 0 -> 1
Cell (virus_3077580,host_329870): 0 -> 1
Cell (virus_3077580,host_549403): 0 -> 1
Cell (virus_3077580,host_166054): 0 -> 1
Cell (virus_3077580,host_903567): 0 -> 1
Cell (virus_3077580,host_58067): 0 -> 1
Cell (virus_3077580,host_58063): 0 -> 1
Cell (virus_3077580,host_1884717): 0 -> 1
Cell (virus_3077580,host_138695): 0 -> 1
Cell (virus_3077580,host_148094): 0 -> 1
Cell (virus_3077580,host_410852): 0 -> 1
Cell (virus_3077580,host_27634): 0 -> 1
Cell (virus_3077580,host_51012): 0 -> 1
Cell (virus_3077580,host_192403): 0 -> 1
Cell (virus_3077580,host_196700): 0 -> 1
Cell (virus_3077580,host_177160): 0 -> 1
Cell (virus_3077580,host_2994998): 0 -> 1
Cell (virus_3077580,host_148061): 0 -> 1
Cell (virus_3077580,host_3371013): 0 -> 1
Cell (virus_3077580,host_291302): 0 -> 1
Cell (virus_3077580,host_221087): 0 -> 1
Cell (virus_3077580,host_3041509): 0 -> 1
Cell (virus_3077580,host_258867): 0 -> 1
Cell (virus_3077580,host_61862): 0 -> 1
Cell (virus_3077580,host_258909): 0 -> 1
Cell (virus_3077580,host_3371016): 0 -> 1
Cell (virus_3077580,host_360967): 0 -> 1
Cell (virus_3077580,host_109485): 0 -> 1
Cell (virus_3077580,host_143942): 0 -> 1
Cell (virus_2419667,host_9435): 0 -> 1
Cell (virus_2419667,host_2528591): 0 -> 1
Cell (virus_2419667,host_412095): 0 -> 1
Cell (virus_2419667,host_386774): 0 -> 1
Cell (virus_2419667,host_526407): 0 -> 1
Cell (virus_2419667,host_98922): 0 -> 1
Cell (virus_2419667,host_138979): 0 -> 1
Cell (virus_2419667,host_225400): 0 -> 1
Cell (virus_2419667,host_2015597): 0 -> 1
Cell (virus_2419667,host_685731): 0 -> 1
Cell (virus_2419667,host_188568): 0 -> 1
Cell (virus_2419667,host_188569): 0 -> 1
Cell (virus_2419667,host_170233): 0 -> 1
Cell (virus_2419667,host_608708): 0 -> 1
Cell (virus_2419667,host_249024): 0 -> 1
Cell (virus_2419667,host_519037): 0 -> 1
Cell (virus_2419667,host_329870): 0 -> 1
Cell (virus_2419667,host_549403): 0 -> 1
Cell (virus_2419667,host_166054): 0 -> 1
Cell (virus_2419667,host_372077): 0 -> 1
Cell (virus_2419667,host_903567): 0 -> 1
Cell (virus_2419667,host_58067): 0 -> 1
Cell (virus_2419667,host_58065): 0 -> 1
Cell (virus_2419667,host_58063): 0 -> 1
Cell (virus_2419667,host_94956): 0 -> 1
Cell (virus_2419667,host_1884717): 0 -> 1
Cell (virus_2419667,host_148094): 0 -> 1
Cell (virus_2419667,host_410852): 0 -> 1
Cell (virus_2419667,host_27634): 0 -> 1
Cell (virus_2419667,host_51012): 0 -> 1
Cell (virus_2419667,host_177160): 0 -> 1
Cell (virus_2419667,host_2994998): 0 -> 1
Cell (virus_2419667,host_148061): 0 -> 1
Cell (virus_2419667,host_94961): 0 -> 1
Cell (virus_2419667,host_3371013): 0 -> 1
Cell (virus_2419667,host_291302): 0 -> 1
Cell (virus_2419667,host_221087): 0 -> 1
Cell (virus_2419667,host_258867): 0 -> 1
Cell (virus_2419667,host_61862): 0 -> 1
Cell (virus_2419667,host_258909): 0 -> 1
Cell (virus_2419667,host_3371016): 0 -> 1
Cell (virus_2419667,host_360967): 0 -> 1
Cell (virus_2419667,host_867834): 0 -> 1
Cell (virus_2419667,host_143942): 0 -> 1
Cell (virus_2419667,host_110938): 0 -> 1
Cell (virus_3433787,host_9435): 0 -> 1
Cell (virus_3433787,host_2528591): 0 -> 1
Cell (virus_3433787,host_412095): 0 -> 1
Cell (virus_3433787,host_386774): 0 -> 1
Cell (virus_3433787,host_526407): 0 -> 1
Cell (virus_3433787,host_98922): 0 -> 1
Cell (virus_3433787,host_138979): 0 -> 1
Cell (virus_3433787,host_225400): 0 -> 1
Cell (virus_3433787,host_2015597): 0 -> 1
Cell (virus_3433787,host_685731): 0 -> 1
Cell (virus_3433787,host_188568): 0 -> 1
Cell (virus_3433787,host_188569): 0 -> 1
Cell (virus_3433787,host_170233): 0 -> 1
Cell (virus_3433787,host_608708): 0 -> 1
Cell (virus_3433787,host_249024): 0 -> 1
Cell (virus_3433787,host_519037): 0 -> 1
Cell (virus_3433787,host_329870): 0 -> 1
Cell (virus_3433787,host_549403): 0 -> 1
Cell (virus_3433787,host_166054): 0 -> 1
Cell (virus_3433787,host_372077): 0 -> 1
Cell (virus_3433787,host_903567): 0 -> 1
Cell (virus_3433787,host_58067): 0 -> 1
Cell (virus_3433787,host_58065): 0 -> 1
Cell (virus_3433787,host_58063): 0 -> 1
Cell (virus_3433787,host_94956): 0 -> 1
Cell (virus_3433787,host_1884717): 0 -> 1
Cell (virus_3433787,host_148094): 0 -> 1
Cell (virus_3433787,host_410852): 0 -> 1
Cell (virus_3433787,host_27634): 0 -> 1
Cell (virus_3433787,host_51012): 0 -> 1
Cell (virus_3433787,host_177160): 0 -> 1
Cell (virus_3433787,host_2994998): 0 -> 1
Cell (virus_3433787,host_148061): 0 -> 1
Cell (virus_3433787,host_94961): 0 -> 1
Cell (virus_3433787,host_3371013): 0 -> 1
Cell (virus_3433787,host_291302): 0 -> 1
Cell (virus_3433787,host_221087): 0 -> 1
Cell (virus_3433787,host_258867): 0 -> 1
Cell (virus_3433787,host_61862): 0 -> 1
Cell (virus_3433787,host_258909): 0 -> 1
Cell (virus_3433787,host_3371016): 0 -> 1
Cell (virus_3433787,host_360967): 0 -> 1
Cell (virus_3433787,host_867834): 0 -> 1
Cell (virus_3433787,host_143942): 0 -> 1
Cell (virus_3433787,host_110938): 0 -> 1
Cell (virus_3027593,host_105273): 0 -> 1
Cell (virus_3027593,host_258946): 0 -> 1
Cell (virus_3027593,host_9435): 0 -> 1
Cell (virus_3027593,host_2528591): 0 -> 1
Cell (virus_3027593,host_386774): 0 -> 1
Cell (virus_3027593,host_392318): 0 -> 1
Cell (virus_3027593,host_526407): 0 -> 1
Cell (virus_3027593,host_98922): 0 -> 1
Cell (virus_3027593,host_138979): 0 -> 1
Cell (virus_3027593,host_225400): 0 -> 1
Cell (virus_3027593,host_2015597): 0 -> 1
Cell (virus_3027593,host_685731): 0 -> 1
Cell (virus_3027593,host_188568): 0 -> 1
Cell (virus_3027593,host_188569): 0 -> 1
Cell (virus_3027593,host_175524): 0 -> 1
Cell (virus_3027593,host_170233): 0 -> 1
Cell (virus_3027593,host_76834): 0 -> 1
Cell (virus_3027593,host_608708): 0 -> 1
Cell (virus_3027593,host_430491): 0 -> 1
Cell (virus_3027593,host_249024): 0 -> 1
Cell (virus_3027593,host_519037): 0 -> 1
Cell (virus_3027593,host_329870): 0 -> 1
Cell (virus_3027593,host_549403): 0 -> 1
Cell (virus_3027593,host_166054): 0 -> 1
Cell (virus_3027593,host_903567): 0 -> 1
Cell (virus_3027593,host_58067): 0 -> 1
Cell (virus_3027593,host_58065): 0 -> 1
Cell (virus_3027593,host_58063): 0 -> 1
Cell (virus_3027593,host_94956): 0 -> 1
Cell (virus_3027593,host_1884717): 0 -> 1
Cell (virus_3027593,host_148094): 0 -> 1
Cell (virus_3027593,host_410852): 0 -> 1
Cell (virus_3027593,host_51012): 0 -> 1
Cell (virus_3027593,host_177160): 0 -> 1
Cell (virus_3027593,host_2994998): 0 -> 1
Cell (virus_3027593,host_148061): 0 -> 1
Cell (virus_3027593,host_94961): 0 -> 1
Cell (virus_3027593,host_3371013): 0 -> 1
Cell (virus_3027593,host_291302): 0 -> 1
Cell (virus_3027593,host_221087): 0 -> 1
Cell (virus_3027593,host_258867): 0 -> 1
Cell (virus_3027593,host_61862): 0 -> 1
Cell (virus_3027593,host_258909): 0 -> 1
Cell (virus_3027593,host_3371016): 0 -> 1
Cell (virus_3027593,host_360967): 0 -> 1
Cell (virus_3027593,host_109485): 0 -> 1
Cell (virus_3027593,host_867834): 0 -> 1
Cell (virus_3027593,host_143942): 0 -> 1
Cell (virus_2991261,host_105273): 0 -> 1
Cell (virus_2991261,host_258946): 0 -> 1
Cell (virus_2991261,host_9435): 0 -> 1
Cell (virus_2991261,host_2528591): 0 -> 1
Cell (virus_2991261,host_386774): 0 -> 1
Cell (virus_2991261,host_98922): 0 -> 1
Cell (virus_2991261,host_138979): 0 -> 1
Cell (virus_2991261,host_225400): 0 -> 1
Cell (virus_2991261,host_2015597): 0 -> 1
Cell (virus_2991261,host_258925): 0 -> 1
Cell (virus_2991261,host_177185): 0 -> 1
Cell (virus_2991261,host_685731): 0 -> 1
Cell (virus_2991261,host_188568): 0 -> 1
Cell (virus_2991261,host_188569): 0 -> 1
Cell (virus_2991261,host_170233): 0 -> 1
Cell (virus_2991261,host_76834): 0 -> 1
Cell (virus_2991261,host_608708): 0 -> 1
Cell (virus_2991261,host_249024): 0 -> 1
Cell (virus_2991261,host_519037): 0 -> 1
Cell (virus_2991261,host_329870): 0 -> 1
Cell (virus_2991261,host_549403): 0 -> 1
Cell (virus_2991261,host_166054): 0 -> 1
Cell (virus_2991261,host_903567): 0 -> 1
Cell (virus_2991261,host_58067): 0 -> 1
Cell (virus_2991261,host_77223): 0 -> 1
Cell (virus_2991261,host_58065): 0 -> 1
Cell (virus_2991261,host_58063): 0 -> 1
Cell (virus_2991261,host_94956): 0 -> 1
Cell (virus_2991261,host_1884717): 0 -> 1
Cell (virus_2991261,host_148094): 0 -> 1
Cell (virus_2991261,host_27663): 0 -> 1
Cell (virus_2991261,host_410852): 0 -> 1
Cell (virus_2991261,host_27634): 0 -> 1
Cell (virus_2991261,host_51012): 0 -> 1
Cell (virus_2991261,host_177160): 0 -> 1
Cell (virus_2991261,host_2994998): 0 -> 1
Cell (virus_2991261,host_148061): 0 -> 1
Cell (virus_2991261,host_291302): 0 -> 1
Cell (virus_2991261,host_221087): 0 -> 1
Cell (virus_2991261,host_258867): 0 -> 1
Cell (virus_2991261,host_61862): 0 -> 1
Cell (virus_2991261,host_258909): 0 -> 1
Cell (virus_2991261,host_909369): 0 -> 1
Cell (virus_2991261,host_3371016): 0 -> 1
Cell (virus_2991261,host_360967): 0 -> 1
Cell (virus_2991261,host_109485): 0 -> 1
Cell (virus_2991261,host_143942): 0 -> 1
Cell (virus_2991261,host_258944): 0 -> 1
Cell (virus_983923,host_105273): 0 -> 1
Cell (virus_983923,host_258946): 0 -> 1
Cell (virus_983923,host_9435): 0 -> 1
Cell (virus_983923,host_2528591): 0 -> 1
Cell (virus_983923,host_386774): 0 -> 1
Cell (virus_983923,host_98922): 0 -> 1
Cell (virus_983923,host_138979): 0 -> 1
Cell (virus_983923,host_225400): 0 -> 1
Cell (virus_983923,host_2015597): 0 -> 1
Cell (virus_983923,host_258925): 0 -> 1
Cell (virus_983923,host_177185): 0 -> 1
Cell (virus_983923,host_685731): 0 -> 1
Cell (virus_983923,host_188568): 0 -> 1
Cell (virus_983923,host_188569): 0 -> 1
Cell (virus_983923,host_170233): 0 -> 1
Cell (virus_983923,host_76834): 0 -> 1
Cell (virus_983923,host_608708): 0 -> 1
Cell (virus_983923,host_249024): 0 -> 1
Cell (virus_983923,host_519037): 0 -> 1
Cell (virus_983923,host_329870): 0 -> 1
Cell (virus_983923,host_549403): 0 -> 1
Cell (virus_983923,host_166054): 0 -> 1
Cell (virus_983923,host_903567): 0 -> 1
Cell (virus_983923,host_58067): 0 -> 1
Cell (virus_983923,host_77223): 0 -> 1
Cell (virus_983923,host_58065): 0 -> 1
Cell (virus_983923,host_58063): 0 -> 1
Cell (virus_983923,host_94956): 0 -> 1
Cell (virus_983923,host_1884717): 0 -> 1
Cell (virus_983923,host_148094): 0 -> 1
Cell (virus_983923,host_27663): 0 -> 1
Cell (virus_983923,host_410852): 0 -> 1
Cell (virus_983923,host_27634): 0 -> 1
Cell (virus_983923,host_51012): 0 -> 1
Cell (virus_983923,host_177160): 0 -> 1
Cell (virus_983923,host_2994998): 0 -> 1
Cell (virus_983923,host_148061): 0 -> 1
Cell (virus_983923,host_291302): 0 -> 1
Cell (virus_983923,host_221087): 0 -> 1
Cell (virus_983923,host_258867): 0 -> 1
Cell (virus_983923,host_61862): 0 -> 1
Cell (virus_983923,host_258909): 0 -> 1
Cell (virus_983923,host_909369): 0 -> 1
Cell (virus_983923,host_3371016): 0 -> 1
Cell (virus_983923,host_360967): 0 -> 1
Cell (virus_983923,host_109485): 0 -> 1
Cell (virus_983923,host_143942): 0 -> 1
Cell (virus_983923,host_258944): 0 -> 1
Cell (virus_3433749,host_105273): 0 -> 1
Cell (virus_3433749,host_258946): 0 -> 1
Cell (virus_3433749,host_294653): 0 -> 1
Cell (virus_3433749,host_9435): 0 -> 1
Cell (virus_3433749,host_2528591): 0 -> 1
Cell (virus_3433749,host_386774): 0 -> 1
Cell (virus_3433749,host_392004): 0 -> 1
Cell (virus_3433749,host_392318): 0 -> 1
Cell (virus_3433749,host_526407): 0 -> 1
Cell (virus_3433749,host_98922): 0 -> 1
Cell (virus_3433749,host_138979): 0 -> 1
Cell (virus_3433749,host_225400): 0 -> 1
Cell (virus_3433749,host_2015597): 0 -> 1
Cell (virus_3433749,host_258925): 0 -> 1
Cell (virus_3433749,host_685731): 0 -> 1
Cell (virus_3433749,host_188568): 0 -> 1
Cell (virus_3433749,host_188569): 0 -> 1
Cell (virus_3433749,host_170233): 0 -> 1
Cell (virus_3433749,host_320431): 0 -> 1
Cell (virus_3433749,host_76834): 0 -> 1
Cell (virus_3433749,host_608708): 0 -> 1
Cell (virus_3433749,host_249024): 0 -> 1
Cell (virus_3433749,host_49443): 0 -> 1
Cell (virus_3433749,host_519037): 0 -> 1
Cell (virus_3433749,host_329870): 0 -> 1
Cell (virus_3433749,host_549403): 0 -> 1
Cell (virus_3433749,host_448084): 0 -> 1
Cell (virus_3433749,host_58065): 0 -> 1
Cell (virus_3433749,host_58063): 0 -> 1
Cell (virus_3433749,host_94956): 0 -> 1
Cell (virus_3433749,host_1884717): 0 -> 1
Cell (virus_3433749,host_148094): 0 -> 1
Cell (virus_3433749,host_410852): 0 -> 1
Cell (virus_3433749,host_27634): 0 -> 1
Cell (virus_3433749,host_51012): 0 -> 1
Cell (virus_3433749,host_177160): 0 -> 1
Cell (virus_3433749,host_2994998): 0 -> 1
Cell (virus_3433749,host_148061): 0 -> 1
Cell (virus_3433749,host_94961): 0 -> 1
Cell (virus_3433749,host_291302): 0 -> 1
Cell (virus_3433749,host_221087): 0 -> 1
Cell (virus_3433749,host_258867): 0 -> 1
Cell (virus_3433749,host_999964): 0 -> 1
Cell (virus_3433749,host_61862): 0 -> 1
Cell (virus_3433749,host_258909): 0 -> 1
Cell (virus_3433749,host_3371016): 0 -> 1
Cell (virus_3433749,host_360967): 0 -> 1
Cell (virus_3433749,host_109485): 0 -> 1
Cell (virus_3433749,host_143942): 0 -> 1
Cell (virus_1986198,host_105273): 0 -> 1
Cell (virus_1986198,host_294653): 0 -> 1
Cell (virus_1986198,host_3380546): 0 -> 1
Cell (virus_1986198,host_9435): 0 -> 1
Cell (virus_1986198,host_2528591): 0 -> 1
Cell (virus_1986198,host_386774): 0 -> 1
Cell (virus_1986198,host_392318): 0 -> 1
Cell (virus_1986198,host_187014): 0 -> 1
Cell (virus_1986198,host_526407): 0 -> 1
Cell (virus_1986198,host_98922): 0 -> 1
Cell (virus_1986198,host_138979): 0 -> 1
Cell (virus_1986198,host_225400): 0 -> 1
Cell (virus_1986198,host_2015597): 0 -> 1
Cell (virus_1986198,host_258925): 0 -> 1
Cell (virus_1986198,host_187017): 0 -> 1
Cell (virus_1986198,host_685731): 0 -> 1
Cell (virus_1986198,host_188568): 0 -> 1
Cell (virus_1986198,host_188569): 0 -> 1
Cell (virus_1986198,host_170233): 0 -> 1
Cell (virus_1986198,host_320431): 0 -> 1
Cell (virus_1986198,host_608659): 0 -> 1
Cell (virus_1986198,host_178895): 0 -> 1
Cell (virus_1986198,host_76834): 0 -> 1
Cell (virus_1986198,host_608708): 0 -> 1
Cell (virus_1986198,host_249024): 0 -> 1
Cell (virus_1986198,host_329870): 0 -> 1
Cell (virus_1986198,host_549403): 0 -> 1
Cell (virus_1986198,host_77243): 0 -> 1
Cell (virus_1986198,host_58065): 0 -> 1
Cell (virus_1986198,host_58063): 0 -> 1
Cell (virus_1986198,host_94956): 0 -> 1
Cell (virus_1986198,host_148094): 0 -> 1
Cell (virus_1986198,host_410852): 0 -> 1
Cell (virus_1986198,host_51012): 0 -> 1
Cell (virus_1986198,host_177160): 0 -> 1
Cell (virus_1986198,host_2994998): 0 -> 1
Cell (virus_1986198,host_148061): 0 -> 1
Cell (virus_1986198,host_94961): 0 -> 1
Cell (virus_1986198,host_221086): 0 -> 1
Cell (virus_1986198,host_291302): 0 -> 1
Cell (virus_1986198,host_221087): 0 -> 1
Cell (virus_1986198,host_258867): 0 -> 1
Cell (virus_1986198,host_242384): 0 -> 1
Cell (virus_1986198,host_452595): 0 -> 1
Cell (virus_1986198,host_61862): 0 -> 1
Cell (virus_1986198,host_258909): 0 -> 1
Cell (virus_1986198,host_3371016): 0 -> 1
Cell (virus_1986198,host_360967): 0 -> 1
Cell (virus_1986198,host_109485): 0 -> 1
Cell (virus_1986198,host_143942): 0 -> 1
Cell (virus_1986198,host_59485): 0 -> 1
Cell (virus_3433814,host_3380546): 0 -> 1
Cell (virus_3433814,host_9435): 0 -> 1
Cell (virus_3433814,host_2528591): 0 -> 1
Cell (virus_3433814,host_386774): 0 -> 1
Cell (virus_3433814,host_392318): 0 -> 1
Cell (virus_3433814,host_526407): 0 -> 1
Cell (virus_3433814,host_98922): 0 -> 1
Cell (virus_3433814,host_138979): 0 -> 1
Cell (virus_3433814,host_225400): 0 -> 1
Cell (virus_3433814,host_2015597): 0 -> 1
Cell (virus_3433814,host_258925): 0 -> 1
Cell (virus_3433814,host_685731): 0 -> 1
Cell (virus_3433814,host_188568): 0 -> 1
Cell (virus_3433814,host_188569): 0 -> 1
Cell (virus_3433814,host_170233): 0 -> 1
Cell (virus_3433814,host_76834): 0 -> 1
Cell (virus_3433814,host_608708): 0 -> 1
Cell (virus_3433814,host_249024): 0 -> 1
Cell (virus_3433814,host_329870): 0 -> 1
Cell (virus_3433814,host_549403): 0 -> 1
Cell (virus_3433814,host_77243): 0 -> 1
Cell (virus_3433814,host_58063): 0 -> 1
Cell (virus_3433814,host_148094): 0 -> 1
Cell (virus_3433814,host_410852): 0 -> 1
Cell (virus_3433814,host_27634): 0 -> 1
Cell (virus_3433814,host_51012): 0 -> 1
Cell (virus_3433814,host_177160): 0 -> 1
Cell (virus_3433814,host_2994998): 0 -> 1
Cell (virus_3433814,host_148061): 0 -> 1
Cell (virus_3433814,host_94961): 0 -> 1
Cell (virus_3433814,host_3371013): 0 -> 1
Cell (virus_3433814,host_291302): 0 -> 1
Cell (virus_3433814,host_221087): 0 -> 1
Cell (virus_3433814,host_258867): 0 -> 1
Cell (virus_3433814,host_242384): 0 -> 1
Cell (virus_3433814,host_452595): 0 -> 1
Cell (virus_3433814,host_61862): 0 -> 1
Cell (virus_3433814,host_258909): 0 -> 1
Cell (virus_3433814,host_3371016): 0 -> 1
Cell (virus_3433814,host_360967): 0 -> 1
Cell (virus_3433814,host_109485): 0 -> 1
Cell (virus_3433814,host_143942): 0 -> 1
Cell (virus_693997,host_3380546): 0 -> 1
Cell (virus_693997,host_9435): 0 -> 1
Cell (virus_693997,host_2528591): 0 -> 1
Cell (virus_693997,host_386774): 0 -> 1
Cell (virus_693997,host_392318): 0 -> 1
Cell (virus_693997,host_526407): 0 -> 1
Cell (virus_693997,host_98922): 0 -> 1
Cell (virus_693997,host_138979): 0 -> 1
Cell (virus_693997,host_225400): 0 -> 1
Cell (virus_693997,host_2015597): 0 -> 1
Cell (virus_693997,host_258925): 0 -> 1
Cell (virus_693997,host_685731): 0 -> 1
Cell (virus_693997,host_188568): 0 -> 1
Cell (virus_693997,host_188569): 0 -> 1
Cell (virus_693997,host_170233): 0 -> 1
Cell (virus_693997,host_76834): 0 -> 1
Cell (virus_693997,host_608708): 0 -> 1
Cell (virus_693997,host_249024): 0 -> 1
Cell (virus_693997,host_329870): 0 -> 1
Cell (virus_693997,host_549403): 0 -> 1
Cell (virus_693997,host_77243): 0 -> 1
Cell (virus_693997,host_58063): 0 -> 1
Cell (virus_693997,host_148094): 0 -> 1
Cell (virus_693997,host_410852): 0 -> 1
Cell (virus_693997,host_27634): 0 -> 1
Cell (virus_693997,host_51012): 0 -> 1
Cell (virus_693997,host_177160): 0 -> 1
Cell (virus_693997,host_2994998): 0 -> 1
Cell (virus_693997,host_148061): 0 -> 1
Cell (virus_693997,host_94961): 0 -> 1
Cell (virus_693997,host_3371013): 0 -> 1
Cell (virus_693997,host_291302): 0 -> 1
Cell (virus_693997,host_221087): 0 -> 1
Cell (virus_693997,host_258867): 0 -> 1
Cell (virus_693997,host_242384): 0 -> 1
Cell (virus_693997,host_452595): 0 -> 1
Cell (virus_693997,host_61862): 0 -> 1
Cell (virus_693997,host_258909): 0 -> 1
Cell (virus_693997,host_3371016): 0 -> 1
Cell (virus_693997,host_360967): 0 -> 1
Cell (virus_693997,host_109485): 0 -> 1
Cell (virus_693997,host_143942): 0 -> 1
Cell (virus_2913386,host_294653): 0 -> 1
Cell (virus_2913386,host_9435): 0 -> 1
Cell (virus_2913386,host_257882): 0 -> 1
Cell (virus_2913386,host_2528591): 0 -> 1
Cell (virus_2913386,host_386774): 0 -> 1
Cell (virus_2913386,host_392318): 0 -> 1
Cell (virus_2913386,host_98922): 0 -> 1
Cell (virus_2913386,host_138979): 0 -> 1
Cell (virus_2913386,host_225400): 0 -> 1
Cell (virus_2913386,host_2015597): 0 -> 1
Cell (virus_2913386,host_685731): 0 -> 1
Cell (virus_2913386,host_2603869): 0 -> 1
Cell (virus_2913386,host_188568): 0 -> 1
Cell (virus_2913386,host_170233): 0 -> 1
Cell (virus_2913386,host_178895): 0 -> 1
Cell (virus_2913386,host_76834): 0 -> 1
Cell (virus_2913386,host_608708): 0 -> 1
Cell (virus_2913386,host_430491): 0 -> 1
Cell (virus_2913386,host_249024): 0 -> 1
Cell (virus_2913386,host_519041): 0 -> 1
Cell (virus_2913386,host_329870): 0 -> 1
Cell (virus_2913386,host_77243): 0 -> 1
Cell (virus_2913386,host_58065): 0 -> 1
Cell (virus_2913386,host_58063): 0 -> 1
Cell (virus_2913386,host_148094): 0 -> 1
Cell (virus_2913386,host_27663): 0 -> 1
Cell (virus_2913386,host_410852): 0 -> 1
Cell (virus_2913386,host_27634): 0 -> 1
Cell (virus_2913386,host_51012): 0 -> 1
Cell (virus_2913386,host_177160): 0 -> 1
Cell (virus_2913386,host_148061): 0 -> 1
Cell (virus_2913386,host_3371013): 0 -> 1
Cell (virus_2913386,host_291302): 0 -> 1
Cell (virus_2913386,host_221087): 0 -> 1
Cell (virus_2913386,host_258867): 0 -> 1
Cell (virus_2913386,host_258863): 0 -> 1
Cell (virus_2913386,host_452595): 0 -> 1
Cell (virus_2913386,host_61862): 0 -> 1
Cell (virus_2913386,host_258909): 0 -> 1
Cell (virus_2913386,host_3371016): 0 -> 1
Cell (virus_2913386,host_360967): 0 -> 1
Cell (virus_2913386,host_999321): 0 -> 1
Cell (virus_2913386,host_143942): 0 -> 1
Cell (virus_2925879,host_294653): 0 -> 1
Cell (virus_2925879,host_9435): 0 -> 1
Cell (virus_2925879,host_257882): 0 -> 1
Cell (virus_2925879,host_2528591): 0 -> 1
Cell (virus_2925879,host_386774): 0 -> 1
Cell (virus_2925879,host_392318): 0 -> 1
Cell (virus_2925879,host_98922): 0 -> 1
Cell (virus_2925879,host_138979): 0 -> 1
Cell (virus_2925879,host_225400): 0 -> 1
Cell (virus_2925879,host_2015597): 0 -> 1
Cell (virus_2925879,host_685731): 0 -> 1
Cell (virus_2925879,host_2603869): 0 -> 1
Cell (virus_2925879,host_188568): 0 -> 1
Cell (virus_2925879,host_170233): 0 -> 1
Cell (virus_2925879,host_178895): 0 -> 1
Cell (virus_2925879,host_76834): 0 -> 1
Cell (virus_2925879,host_608708): 0 -> 1
Cell (virus_2925879,host_249024): 0 -> 1
Cell (virus_2925879,host_329870): 0 -> 1
Cell (virus_2925879,host_77243): 0 -> 1
Cell (virus_2925879,host_58065): 0 -> 1
Cell (virus_2925879,host_58063): 0 -> 1
Cell (virus_2925879,host_148094): 0 -> 1
Cell (virus_2925879,host_27663): 0 -> 1
Cell (virus_2925879,host_410852): 0 -> 1
Cell (virus_2925879,host_27634): 0 -> 1
Cell (virus_2925879,host_51012): 0 -> 1
Cell (virus_2925879,host_177160): 0 -> 1
Cell (virus_2925879,host_148061): 0 -> 1
Cell (virus_2925879,host_3371013): 0 -> 1
Cell (virus_2925879,host_291302): 0 -> 1
Cell (virus_2925879,host_221087): 0 -> 1
Cell (virus_2925879,host_258867): 0 -> 1
Cell (virus_2925879,host_258863): 0 -> 1
Cell (virus_2925879,host_452595): 0 -> 1
Cell (virus_2925879,host_61862): 0 -> 1
Cell (virus_2925879,host_258909): 0 -> 1
Cell (virus_2925879,host_3371016): 0 -> 1
Cell (virus_2925879,host_360967): 0 -> 1
Cell (virus_2925879,host_999321): 0 -> 1
Cell (virus_2925879,host_143942): 0 -> 1
Cell (virus_2993505,host_294653): 0 -> 1
Cell (virus_2993505,host_9435): 0 -> 1
Cell (virus_2993505,host_257882): 0 -> 1
Cell (virus_2993505,host_2528591): 0 -> 1
Cell (virus_2993505,host_386774): 0 -> 1
Cell (virus_2993505,host_392318): 0 -> 1
Cell (virus_2993505,host_98922): 0 -> 1
Cell (virus_2993505,host_138979): 0 -> 1
Cell (virus_2993505,host_225400): 0 -> 1
Cell (virus_2993505,host_2015597): 0 -> 1
Cell (virus_2993505,host_685731): 0 -> 1
Cell (virus_2993505,host_2603869): 0 -> 1
Cell (virus_2993505,host_188568): 0 -> 1
Cell (virus_2993505,host_170233): 0 -> 1
Cell (virus_2993505,host_178895): 0 -> 1
Cell (virus_2993505,host_608708): 0 -> 1
Cell (virus_2993505,host_430491): 0 -> 1
Cell (virus_2993505,host_249024): 0 -> 1
Cell (virus_2993505,host_329870): 0 -> 1
Cell (virus_2993505,host_77243): 0 -> 1
Cell (virus_2993505,host_58065): 0 -> 1
Cell (virus_2993505,host_58063): 0 -> 1
Cell (virus_2993505,host_94956): 0 -> 1
Cell (virus_2993505,host_148094): 0 -> 1
Cell (virus_2993505,host_27663): 0 -> 1
Cell (virus_2993505,host_410852): 0 -> 1
Cell (virus_2993505,host_27634): 0 -> 1
Cell (virus_2993505,host_51012): 0 -> 1
Cell (virus_2993505,host_177160): 0 -> 1
Cell (virus_2993505,host_148061): 0 -> 1
Cell (virus_2993505,host_3371013): 0 -> 1
Cell (virus_2993505,host_291302): 0 -> 1
Cell (virus_2993505,host_221087): 0 -> 1
Cell (virus_2993505,host_258867): 0 -> 1
Cell (virus_2993505,host_258863): 0 -> 1
Cell (virus_2993505,host_452595): 0 -> 1
Cell (virus_2993505,host_61862): 0 -> 1
Cell (virus_2993505,host_258909): 0 -> 1
Cell (virus_2993505,host_3371016): 0 -> 1
Cell (virus_2993505,host_360967): 0 -> 1
Cell (virus_2993505,host_999321): 0 -> 1
Cell (virus_2993505,host_143942): 0 -> 1
Cell (virus_3433731,host_294653): 0 -> 1
Cell (virus_3433731,host_9435): 0 -> 1
Cell (virus_3433731,host_59463): 0 -> 1
Cell (virus_3433731,host_2528591): 0 -> 1
Cell (virus_3433731,host_412095): 0 -> 1
Cell (virus_3433731,host_386774): 0 -> 1
Cell (virus_3433731,host_526407): 0 -> 1
Cell (virus_3433731,host_98922): 0 -> 1
Cell (virus_3433731,host_138979): 0 -> 1
Cell (virus_3433731,host_225400): 0 -> 1
Cell (virus_3433731,host_2015597): 0 -> 1
Cell (virus_3433731,host_258925): 0 -> 1
Cell (virus_3433731,host_685731): 0 -> 1
Cell (virus_3433731,host_2603869): 0 -> 1
Cell (virus_3433731,host_188568): 0 -> 1
Cell (virus_3433731,host_188569): 0 -> 1
Cell (virus_3433731,host_170233): 0 -> 1
Cell (virus_3433731,host_178895): 0 -> 1
Cell (virus_3433731,host_76834): 0 -> 1
Cell (virus_3433731,host_608708): 0 -> 1
Cell (virus_3433731,host_59477): 0 -> 1
Cell (virus_3433731,host_249024): 0 -> 1
Cell (virus_3433731,host_77218): 0 -> 1
Cell (virus_3433731,host_329870): 0 -> 1
Cell (virus_3433731,host_549403): 0 -> 1
Cell (virus_3433731,host_77243): 0 -> 1
Cell (virus_3433731,host_58073): 0 -> 1
Cell (virus_3433731,host_58065): 0 -> 1
Cell (virus_3433731,host_58063): 0 -> 1
Cell (virus_3433731,host_94956): 0 -> 1
Cell (virus_3433731,host_148094): 0 -> 1
Cell (virus_3433731,host_410852): 0 -> 1
Cell (virus_3433731,host_51012): 0 -> 1
Cell (virus_3433731,host_177160): 0 -> 1
Cell (virus_3433731,host_2994998): 0 -> 1
Cell (virus_3433731,host_148061): 0 -> 1
Cell (virus_3433731,host_291302): 0 -> 1
Cell (virus_3433731,host_221087): 0 -> 1
Cell (virus_3433731,host_258867): 0 -> 1
Cell (virus_3433731,host_242384): 0 -> 1
Cell (virus_3433731,host_258863): 0 -> 1
Cell (virus_3433731,host_452595): 0 -> 1
Cell (virus_3433731,host_61862): 0 -> 1
Cell (virus_3433731,host_258909): 0 -> 1
Cell (virus_3433731,host_3371016): 0 -> 1
Cell (virus_3433731,host_360967): 0 -> 1
Cell (virus_3433731,host_109485): 0 -> 1
Cell (virus_3433731,host_143942): 0 -> 1
Cell (virus_3433731,host_258889): 0 -> 1
Cell (virus_3433731,host_59485): 0 -> 1
Cell (virus_3433810,host_105273): 0 -> 1
Cell (virus_3433810,host_294653): 0 -> 1
Cell (virus_3433810,host_3380546): 0 -> 1
Cell (virus_3433810,host_9435): 0 -> 1
Cell (virus_3433810,host_2528591): 0 -> 1
Cell (virus_3433810,host_412095): 0 -> 1
Cell (virus_3433810,host_386774): 0 -> 1
Cell (virus_3433810,host_526407): 0 -> 1
Cell (virus_3433810,host_98922): 0 -> 1
Cell (virus_3433810,host_138979): 0 -> 1
Cell (virus_3433810,host_225400): 0 -> 1
Cell (virus_3433810,host_2015597): 0 -> 1
Cell (virus_3433810,host_258925): 0 -> 1
Cell (virus_3433810,host_685731): 0 -> 1
Cell (virus_3433810,host_188568): 0 -> 1
Cell (virus_3433810,host_1207989): 0 -> 1
Cell (virus_3433810,host_188569): 0 -> 1
Cell (virus_3433810,host_170233): 0 -> 1
Cell (virus_3433810,host_608708): 0 -> 1
Cell (virus_3433810,host_249024): 0 -> 1
Cell (virus_3433810,host_1195082): 0 -> 1
Cell (virus_3433810,host_329870): 0 -> 1
Cell (virus_3433810,host_549403): 0 -> 1
Cell (virus_3433810,host_58065): 0 -> 1
Cell (virus_3433810,host_58063): 0 -> 1
Cell (virus_3433810,host_148094): 0 -> 1
Cell (virus_3433810,host_410852): 0 -> 1
Cell (virus_3433810,host_27634): 0 -> 1
Cell (virus_3433810,host_51012): 0 -> 1
Cell (virus_3433810,host_177160): 0 -> 1
Cell (virus_3433810,host_2994998): 0 -> 1
Cell (virus_3433810,host_291302): 0 -> 1
Cell (virus_3433810,host_221087): 0 -> 1
Cell (virus_3433810,host_258867): 0 -> 1
Cell (virus_3433810,host_61862): 0 -> 1
Cell (virus_3433810,host_258909): 0 -> 1
Cell (virus_3433810,host_3371016): 0 -> 1
Cell (virus_3433810,host_360967): 0 -> 1
Cell (virus_3433810,host_109485): 0 -> 1
Cell (virus_3433810,host_59474): 0 -> 1
Cell (virus_3433810,host_143942): 0 -> 1
Cell (virus_2913388,host_105273): 0 -> 1
Cell (virus_2913388,host_258946): 0 -> 1
Cell (virus_2913388,host_294653): 0 -> 1
Cell (virus_2913388,host_3380546): 0 -> 1
Cell (virus_2913388,host_9435): 0 -> 1
Cell (virus_2913388,host_2528591): 0 -> 1
Cell (virus_2913388,host_386774): 0 -> 1
Cell (virus_2913388,host_392318): 0 -> 1
Cell (virus_2913388,host_98922): 0 -> 1
Cell (virus_2913388,host_138979): 0 -> 1
Cell (virus_2913388,host_225400): 0 -> 1
Cell (virus_2913388,host_2015597): 0 -> 1
Cell (virus_2913388,host_633648): 0 -> 1
Cell (virus_2913388,host_258925): 0 -> 1
Cell (virus_2913388,host_685731): 0 -> 1
Cell (virus_2913388,host_188568): 0 -> 1
Cell (virus_2913388,host_188569): 0 -> 1
Cell (virus_2913388,host_170233): 0 -> 1
Cell (virus_2913388,host_337452): 0 -> 1
Cell (virus_2913388,host_76834): 0 -> 1
Cell (virus_2913388,host_608708): 0 -> 1
Cell (virus_2913388,host_249024): 0 -> 1
Cell (virus_2913388,host_519041): 0 -> 1
Cell (virus_2913388,host_329870): 0 -> 1
Cell (virus_2913388,host_549403): 0 -> 1
Cell (virus_2913388,host_9408): 0 -> 1
Cell (virus_2913388,host_58065): 0 -> 1
Cell (virus_2913388,host_58063): 0 -> 1
Cell (virus_2913388,host_51012): 0 -> 1
Cell (virus_2913388,host_291302): 0 -> 1
Cell (virus_2913388,host_221087): 0 -> 1
Cell (virus_2913388,host_2218597): 0 -> 1
Cell (virus_2913388,host_258867): 0 -> 1
Cell (virus_2913388,host_61862): 0 -> 1
Cell (virus_2913388,host_258909): 0 -> 1
Cell (virus_2913388,host_3371016): 0 -> 1
Cell (virus_2913388,host_360967): 0 -> 1
Cell (virus_2913388,host_109485): 0 -> 1
Cell (virus_2913388,host_143942): 0 -> 1
Cell (virus_2913388,host_110938): 0 -> 1
Cell (virus_3433756,host_105273): 0 -> 1
Cell (virus_3433756,host_294653): 0 -> 1
Cell (virus_3433756,host_3380546): 0 -> 1
Cell (virus_3433756,host_9435): 0 -> 1
Cell (virus_3433756,host_2528591): 0 -> 1
Cell (virus_3433756,host_225399): 0 -> 1
Cell (virus_3433756,host_386774): 0 -> 1
Cell (virus_3433756,host_392318): 0 -> 1
Cell (virus_3433756,host_98922): 0 -> 1
Cell (virus_3433756,host_138979): 0 -> 1
Cell (virus_3433756,host_225400): 0 -> 1
Cell (virus_3433756,host_2015597): 0 -> 1
Cell (virus_3433756,host_633648): 0 -> 1
Cell (virus_3433756,host_258925): 0 -> 1
Cell (virus_3433756,host_685731): 0 -> 1
Cell (virus_3433756,host_188568): 0 -> 1
Cell (virus_3433756,host_188569): 0 -> 1
Cell (virus_3433756,host_170233): 0 -> 1
Cell (virus_3433756,host_337452): 0 -> 1
Cell (virus_3433756,host_76834): 0 -> 1
Cell (virus_3433756,host_608708): 0 -> 1
Cell (virus_3433756,host_249024): 0 -> 1
Cell (virus_3433756,host_329870): 0 -> 1
Cell (virus_3433756,host_549403): 0 -> 1
Cell (virus_3433756,host_58065): 0 -> 1
Cell (virus_3433756,host_58063): 0 -> 1
Cell (virus_3433756,host_27634): 0 -> 1
Cell (virus_3433756,host_51012): 0 -> 1
Cell (virus_3433756,host_291302): 0 -> 1
Cell (virus_3433756,host_221087): 0 -> 1
Cell (virus_3433756,host_2218597): 0 -> 1
Cell (virus_3433756,host_258867): 0 -> 1
Cell (virus_3433756,host_61862): 0 -> 1
Cell (virus_3433756,host_258909): 0 -> 1
Cell (virus_3433756,host_3371016): 0 -> 1
Cell (virus_3433756,host_360967): 0 -> 1
Cell (virus_3433756,host_109485): 0 -> 1
Metrics: {'precision': 0.4467938404964376, 'recall': 0.442320819112628, 'f1': 0.44454607820718045, 'TP': 1944, 'FP': 2407, 'FN': 2451}
[Elbow detection] flip ≈ 4833, λ ≈ 0.5714285714285714
Number of flips performed (elbow): 4833
Cell (virus_11137,host_105273): 0 -> 1
Cell (virus_11137,host_294653): 0 -> 1
Cell (virus_11137,host_3380546): 0 -> 1
Cell (virus_11137,host_9435): 0 -> 1
Cell (virus_11137,host_2528591): 0 -> 1
Cell (virus_11137,host_225399): 0 -> 1
Cell (virus_11137,host_386774): 0 -> 1
Cell (virus_11137,host_392318): 0 -> 1
Cell (virus_11137,host_98922): 0 -> 1
Cell (virus_11137,host_138979): 0 -> 1
Cell (virus_11137,host_225400): 0 -> 1
Cell (virus_11137,host_2015597): 0 -> 1
Cell (virus_11137,host_633648): 0 -> 1
Cell (virus_11137,host_258925): 0 -> 1
Cell (virus_11137,host_685731): 0 -> 1
Cell (virus_11137,host_188568): 0 -> 1
Cell (virus_11137,host_188569): 0 -> 1
Cell (virus_11137,host_170233): 0 -> 1
Cell (virus_11137,host_337452): 0 -> 1
Cell (virus_11137,host_76834): 0 -> 1
Cell (virus_11137,host_608708): 0 -> 1
Cell (virus_11137,host_249024): 0 -> 1
Cell (virus_11137,host_329870): 0 -> 1
Cell (virus_11137,host_549403): 0 -> 1
Cell (virus_11137,host_58065): 0 -> 1
Cell (virus_11137,host_58063): 0 -> 1
Cell (virus_11137,host_1898386): 0 -> 1
Cell (virus_11137,host_9400): 0 -> 1
Cell (virus_11137,host_298110): 0 -> 1
Cell (virus_11137,host_374419): 0 -> 1
Cell (virus_11137,host_326081): 0 -> 1
Cell (virus_11137,host_94956): 0 -> 1
Cell (virus_11137,host_148094): 0 -> 1
Cell (virus_11137,host_27663): 0 -> 1
Cell (virus_11137,host_410852): 0 -> 1
Cell (virus_11137,host_27634): 0 -> 1
Cell (virus_11137,host_51012): 0 -> 1
Cell (virus_11137,host_177160): 0 -> 1
Cell (virus_11137,host_27638): 0 -> 1
Cell (virus_11137,host_2994998): 0 -> 1
Cell (virus_11137,host_148061): 0 -> 1
Cell (virus_11137,host_94961): 0 -> 1
Cell (virus_11137,host_291302): 0 -> 1
Cell (virus_11137,host_221087): 0 -> 1
Cell (virus_11137,host_2218597): 0 -> 1
Cell (virus_11137,host_258867): 0 -> 1
Cell (virus_11137,host_61862): 0 -> 1
Cell (virus_11137,host_258909): 0 -> 1
Cell (virus_11137,host_3371016): 0 -> 1
Cell (virus_11137,host_360967): 0 -> 1
Cell (virus_11137,host_109485): 0 -> 1
Cell (virus_1244203,host_105273): 0 -> 1
Cell (virus_1244203,host_294653): 0 -> 1
Cell (virus_1244203,host_9435): 0 -> 1
Cell (virus_1244203,host_2528591): 0 -> 1
Cell (virus_1244203,host_386774): 0 -> 1
Cell (virus_1244203,host_392318): 0 -> 1
Cell (virus_1244203,host_98922): 0 -> 1
Cell (virus_1244203,host_138979): 0 -> 1
Cell (virus_1244203,host_155915): 0 -> 1
Cell (virus_1244203,host_225400): 0 -> 1
Cell (virus_1244203,host_2015597): 0 -> 1
Cell (virus_1244203,host_258925): 0 -> 1
Cell (virus_1244203,host_685731): 0 -> 1
Cell (virus_1244203,host_188568): 0 -> 1
Cell (virus_1244203,host_170233): 0 -> 1
Cell (virus_1244203,host_76834): 0 -> 1
Cell (virus_1244203,host_608708): 0 -> 1
Cell (virus_1244203,host_430491): 0 -> 1
Cell (virus_1244203,host_89399): 0 -> 1
Cell (virus_1244203,host_188571): 0 -> 1
Cell (virus_1244203,host_249024): 0 -> 1
Cell (virus_1244203,host_2603866): 0 -> 1
Cell (virus_1244203,host_302408): 0 -> 1
Cell (virus_1244203,host_329870): 0 -> 1
Cell (virus_1244203,host_549403): 0 -> 1
Cell (virus_1244203,host_903567): 0 -> 1
Cell (virus_1244203,host_58067): 0 -> 1
Cell (virus_1244203,host_58065): 0 -> 1
Cell (virus_1244203,host_58063): 0 -> 1
Cell (virus_1244203,host_1898386): 0 -> 1
Cell (virus_1244203,host_9400): 0 -> 1
Cell (virus_1244203,host_298110): 0 -> 1
Cell (virus_1244203,host_374419): 0 -> 1
Cell (virus_1244203,host_138695): 0 -> 1
Cell (virus_1244203,host_148094): 0 -> 1
Cell (virus_1244203,host_410852): 0 -> 1
Cell (virus_1244203,host_27634): 0 -> 1
Cell (virus_1244203,host_40228): 0 -> 1
Cell (virus_1244203,host_51012): 0 -> 1
Cell (virus_1244203,host_177160): 0 -> 1
Cell (virus_1244203,host_291302): 0 -> 1
Cell (virus_1244203,host_221087): 0 -> 1
Cell (virus_1244203,host_258867): 0 -> 1
Cell (virus_1244203,host_242384): 0 -> 1
Cell (virus_1244203,host_452595): 0 -> 1
Cell (virus_1244203,host_61862): 0 -> 1
Cell (virus_1244203,host_258909): 0 -> 1
Cell (virus_1244203,host_909369): 0 -> 1
Cell (virus_1244203,host_2969767): 0 -> 1
Cell (virus_1244203,host_3371016): 0 -> 1
Cell (virus_1244203,host_360967): 0 -> 1
Cell (virus_1244203,host_109485): 0 -> 1
Cell (virus_1244203,host_143942): 0 -> 1
Cell (virus_3433754,host_105273): 0 -> 1
Cell (virus_3433754,host_294653): 0 -> 1
Cell (virus_3433754,host_9435): 0 -> 1
Cell (virus_3433754,host_2528591): 0 -> 1
Cell (virus_3433754,host_386774): 0 -> 1
Cell (virus_3433754,host_392318): 0 -> 1
Cell (virus_3433754,host_98922): 0 -> 1
Cell (virus_3433754,host_138979): 0 -> 1
Cell (virus_3433754,host_155915): 0 -> 1
Cell (virus_3433754,host_225400): 0 -> 1
Cell (virus_3433754,host_2015597): 0 -> 1
Cell (virus_3433754,host_258925): 0 -> 1
Cell (virus_3433754,host_685731): 0 -> 1
Cell (virus_3433754,host_188568): 0 -> 1
Cell (virus_3433754,host_170233): 0 -> 1
Cell (virus_3433754,host_76834): 0 -> 1
Cell (virus_3433754,host_608708): 0 -> 1
Cell (virus_3433754,host_430491): 0 -> 1
Cell (virus_3433754,host_89399): 0 -> 1
Cell (virus_3433754,host_188571): 0 -> 1
Cell (virus_3433754,host_249024): 0 -> 1
Cell (virus_3433754,host_2603866): 0 -> 1
Cell (virus_3433754,host_302408): 0 -> 1
Cell (virus_3433754,host_329870): 0 -> 1
Cell (virus_3433754,host_549403): 0 -> 1
Cell (virus_3433754,host_903567): 0 -> 1
Cell (virus_3433754,host_58067): 0 -> 1
Cell (virus_3433754,host_58065): 0 -> 1
Cell (virus_3433754,host_58063): 0 -> 1
Cell (virus_3433754,host_1898386): 0 -> 1
Cell (virus_3433754,host_9400): 0 -> 1
Cell (virus_3433754,host_298110): 0 -> 1
Cell (virus_3433754,host_374419): 0 -> 1
Cell (virus_3433754,host_138695): 0 -> 1
Cell (virus_3433754,host_148094): 0 -> 1
Cell (virus_3433754,host_410852): 0 -> 1
Cell (virus_3433754,host_27634): 0 -> 1
Cell (virus_3433754,host_40228): 0 -> 1
Cell (virus_3433754,host_51012): 0 -> 1
Cell (virus_3433754,host_177160): 0 -> 1
Cell (virus_3433754,host_291302): 0 -> 1
Cell (virus_3433754,host_221087): 0 -> 1
Cell (virus_3433754,host_258867): 0 -> 1
Cell (virus_3433754,host_242384): 0 -> 1
Cell (virus_3433754,host_452595): 0 -> 1
Cell (virus_3433754,host_61862): 0 -> 1
Cell (virus_3433754,host_258909): 0 -> 1
Cell (virus_3433754,host_909369): 0 -> 1
Cell (virus_3433754,host_2969767): 0 -> 1
Cell (virus_3433754,host_3371016): 0 -> 1
Cell (virus_3433754,host_360967): 0 -> 1
Cell (virus_3433754,host_109485): 0 -> 1
Cell (virus_3433754,host_143942): 0 -> 1
Cell (virus_3433753,host_294653): 0 -> 1
Cell (virus_3433753,host_9435): 0 -> 1
Cell (virus_3433753,host_2528591): 0 -> 1
Cell (virus_3433753,host_386774): 0 -> 1
Cell (virus_3433753,host_392318): 0 -> 1
Cell (virus_3433753,host_526407): 0 -> 1
Cell (virus_3433753,host_98922): 0 -> 1
Cell (virus_3433753,host_138979): 0 -> 1
Cell (virus_3433753,host_225400): 0 -> 1
Cell (virus_3433753,host_2015597): 0 -> 1
Cell (virus_3433753,host_258925): 0 -> 1
Cell (virus_3433753,host_685731): 0 -> 1
Cell (virus_3433753,host_188568): 0 -> 1
Cell (virus_3433753,host_59453): 0 -> 1
Cell (virus_3433753,host_170233): 0 -> 1
Cell (virus_3433753,host_76834): 0 -> 1
Cell (virus_3433753,host_608708): 0 -> 1
Cell (virus_3433753,host_59477): 0 -> 1
Cell (virus_3433753,host_430491): 0 -> 1
Cell (virus_3433753,host_89399): 0 -> 1
Cell (virus_3433753,host_188571): 0 -> 1
Cell (virus_3433753,host_249024): 0 -> 1
Cell (virus_3433753,host_329870): 0 -> 1
Cell (virus_3433753,host_549403): 0 -> 1
Cell (virus_3433753,host_903567): 0 -> 1
Cell (virus_3433753,host_58067): 0 -> 1
Cell (virus_3433753,host_58065): 0 -> 1
Cell (virus_3433753,host_58063): 0 -> 1
Cell (virus_3433753,host_1898386): 0 -> 1
Cell (virus_3433753,host_9400): 0 -> 1
Cell (virus_3433753,host_298110): 0 -> 1
Cell (virus_3433753,host_374419): 0 -> 1
Cell (virus_3433753,host_326083): 0 -> 1
Cell (virus_3433753,host_138695): 0 -> 1
Cell (virus_3433753,host_148094): 0 -> 1
Cell (virus_3433753,host_410852): 0 -> 1
Cell (virus_3433753,host_27634): 0 -> 1
Cell (virus_3433753,host_40228): 0 -> 1
Cell (virus_3433753,host_51012): 0 -> 1
Cell (virus_3433753,host_177160): 0 -> 1
Cell (virus_3433753,host_2994998): 0 -> 1
Cell (virus_3433753,host_291302): 0 -> 1
Cell (virus_3433753,host_221087): 0 -> 1
Cell (virus_3433753,host_258867): 0 -> 1
Cell (virus_3433753,host_452595): 0 -> 1
Cell (virus_3433753,host_61862): 0 -> 1
Cell (virus_3433753,host_258909): 0 -> 1
Cell (virus_3433753,host_909369): 0 -> 1
Cell (virus_3433753,host_3371016): 0 -> 1
Cell (virus_3433753,host_360967): 0 -> 1
Cell (virus_3433753,host_143942): 0 -> 1
Cell (virus_3119326,host_105273): 0 -> 1
Cell (virus_3119326,host_258946): 0 -> 1
Cell (virus_3119326,host_294653): 0 -> 1
Cell (virus_3119326,host_9435): 0 -> 1
Cell (virus_3119326,host_2528591): 0 -> 1
Cell (virus_3119326,host_386774): 0 -> 1
Cell (virus_3119326,host_392318): 0 -> 1
Cell (virus_3119326,host_526407): 0 -> 1
Cell (virus_3119326,host_98922): 0 -> 1
Cell (virus_3119326,host_138979): 0 -> 1
Cell (virus_3119326,host_225400): 0 -> 1
Cell (virus_3119326,host_2015597): 0 -> 1
Cell (virus_3119326,host_258925): 0 -> 1
Cell (virus_3119326,host_685731): 0 -> 1
Cell (virus_3119326,host_188568): 0 -> 1
Cell (virus_3119326,host_188569): 0 -> 1
Cell (virus_3119326,host_170233): 0 -> 1
Cell (virus_3119326,host_867892): 0 -> 1
Cell (virus_3119326,host_76834): 0 -> 1
Cell (virus_3119326,host_608708): 0 -> 1
Cell (virus_3119326,host_89399): 0 -> 1
Cell (virus_3119326,host_249024): 0 -> 1
Cell (virus_3119326,host_329870): 0 -> 1
Cell (virus_3119326,host_549403): 0 -> 1
Cell (virus_3119326,host_903567): 0 -> 1
Cell (virus_3119326,host_58067): 0 -> 1
Cell (virus_3119326,host_58065): 0 -> 1
Cell (virus_3119326,host_58063): 0 -> 1
Cell (virus_3119326,host_1898386): 0 -> 1
Cell (virus_3119326,host_9400): 0 -> 1
Cell (virus_3119326,host_298110): 0 -> 1
Cell (virus_3119326,host_77233): 0 -> 1
Cell (virus_3119326,host_374419): 0 -> 1
Cell (virus_3119326,host_907075): 0 -> 1
Cell (virus_3119326,host_138695): 0 -> 1
Cell (virus_3119326,host_40233): 0 -> 1
Cell (virus_3119326,host_148094): 0 -> 1
Cell (virus_3119326,host_410852): 0 -> 1
Cell (virus_3119326,host_27634): 0 -> 1
Cell (virus_3119326,host_40228): 0 -> 1
Cell (virus_3119326,host_51012): 0 -> 1
Cell (virus_3119326,host_40224): 0 -> 1
Cell (virus_3119326,host_177160): 0 -> 1
Cell (virus_3119326,host_177162): 0 -> 1
Cell (virus_3119326,host_2994998): 0 -> 1
Cell (virus_3119326,host_291302): 0 -> 1
Cell (virus_3119326,host_221087): 0 -> 1
Cell (virus_3119326,host_258867): 0 -> 1
Cell (virus_3119326,host_242384): 0 -> 1
Cell (virus_3119326,host_452595): 0 -> 1
Cell (virus_3119326,host_249033): 0 -> 1
Cell (virus_3119326,host_61862): 0 -> 1
Cell (virus_3119326,host_258909): 0 -> 1
Cell (virus_3119326,host_3371014): 0 -> 1
Cell (virus_3119326,host_3371016): 0 -> 1
Cell (virus_3119326,host_360967): 0 -> 1
Cell (virus_3119326,host_109485): 0 -> 1
Cell (virus_3433752,host_294653): 0 -> 1
Cell (virus_3433752,host_9435): 0 -> 1
Cell (virus_3433752,host_2528591): 0 -> 1
Cell (virus_3433752,host_386774): 0 -> 1
Cell (virus_3433752,host_392318): 0 -> 1
Cell (virus_3433752,host_526407): 0 -> 1
Cell (virus_3433752,host_98922): 0 -> 1
Cell (virus_3433752,host_138979): 0 -> 1
Cell (virus_3433752,host_225400): 0 -> 1
Cell (virus_3433752,host_2015597): 0 -> 1
Cell (virus_3433752,host_685731): 0 -> 1
Cell (virus_3433752,host_188568): 0 -> 1
Cell (virus_3433752,host_188569): 0 -> 1
Cell (virus_3433752,host_170233): 0 -> 1
Cell (virus_3433752,host_169756): 0 -> 1
Cell (virus_3433752,host_196889): 0 -> 1
Cell (virus_3433752,host_76834): 0 -> 1
Cell (virus_3433752,host_608708): 0 -> 1
Cell (virus_3433752,host_476589): 0 -> 1
Cell (virus_3433752,host_89399): 0 -> 1
Cell (virus_3433752,host_249024): 0 -> 1
Cell (virus_3433752,host_329870): 0 -> 1
Cell (virus_3433752,host_549403): 0 -> 1
Cell (virus_3433752,host_903567): 0 -> 1
Cell (virus_3433752,host_58067): 0 -> 1
Cell (virus_3433752,host_58065): 0 -> 1
Cell (virus_3433752,host_58063): 0 -> 1
Cell (virus_3433752,host_1898386): 0 -> 1
Cell (virus_3433752,host_9400): 0 -> 1
Cell (virus_3433752,host_298110): 0 -> 1
Cell (virus_3433752,host_374419): 0 -> 1
Cell (virus_3433752,host_907075): 0 -> 1
Cell (virus_3433752,host_138695): 0 -> 1
Cell (virus_3433752,host_40233): 0 -> 1
Cell (virus_3433752,host_148094): 0 -> 1
Cell (virus_3433752,host_410852): 0 -> 1
Cell (virus_3433752,host_27634): 0 -> 1
Cell (virus_3433752,host_40228): 0 -> 1
Cell (virus_3433752,host_51012): 0 -> 1
Cell (virus_3433752,host_177160): 0 -> 1
Cell (virus_3433752,host_291302): 0 -> 1
Cell (virus_3433752,host_221087): 0 -> 1
Cell (virus_3433752,host_258867): 0 -> 1
Cell (virus_3433752,host_242384): 0 -> 1
Cell (virus_3433752,host_452595): 0 -> 1
Cell (virus_3433752,host_61862): 0 -> 1
Cell (virus_3433752,host_258909): 0 -> 1
Cell (virus_3433752,host_909369): 0 -> 1
Cell (virus_3433752,host_3371016): 0 -> 1
Cell (virus_3433752,host_360967): 0 -> 1
Cell (virus_3433752,host_109485): 0 -> 1
Cell (virus_3433752,host_110938): 0 -> 1
Cell (virus_1906673,host_105273): 0 -> 1
Cell (virus_1906673,host_294653): 0 -> 1
Cell (virus_1906673,host_9435): 0 -> 1
Cell (virus_1906673,host_2528591): 0 -> 1
Cell (virus_1906673,host_386774): 0 -> 1
Cell (virus_1906673,host_392318): 0 -> 1
Cell (virus_1906673,host_526407): 0 -> 1
Cell (virus_1906673,host_98922): 0 -> 1
Cell (virus_1906673,host_138979): 0 -> 1
Cell (virus_1906673,host_225400): 0 -> 1
Cell (virus_1906673,host_2015597): 0 -> 1
Cell (virus_1906673,host_258925): 0 -> 1
Cell (virus_1906673,host_685731): 0 -> 1
Cell (virus_1906673,host_188568): 0 -> 1
Cell (virus_1906673,host_188569): 0 -> 1
Cell (virus_1906673,host_59453): 0 -> 1
Cell (virus_1906673,host_170233): 0 -> 1
Cell (virus_1906673,host_76834): 0 -> 1
Cell (virus_1906673,host_608708): 0 -> 1
Cell (virus_1906673,host_249024): 0 -> 1
Cell (virus_1906673,host_329870): 0 -> 1
Cell (virus_1906673,host_549403): 0 -> 1
Cell (virus_1906673,host_903567): 0 -> 1
Cell (virus_1906673,host_58067): 0 -> 1
Cell (virus_1906673,host_498220): 0 -> 1
Cell (virus_1906673,host_58065): 0 -> 1
Cell (virus_1906673,host_1898386): 0 -> 1
Cell (virus_1906673,host_9400): 0 -> 1
Cell (virus_1906673,host_298110): 0 -> 1
Cell (virus_1906673,host_374419): 0 -> 1
Cell (virus_1906673,host_138695): 0 -> 1
Cell (virus_1906673,host_148094): 0 -> 1
Cell (virus_1906673,host_410852): 0 -> 1
Cell (virus_1906673,host_27634): 0 -> 1
Cell (virus_1906673,host_51012): 0 -> 1
Cell (virus_1906673,host_177160): 0 -> 1
Cell (virus_1906673,host_2994998): 0 -> 1
Cell (virus_1906673,host_291302): 0 -> 1
Cell (virus_1906673,host_221087): 0 -> 1
Cell (virus_1906673,host_258867): 0 -> 1
Cell (virus_1906673,host_61862): 0 -> 1
Cell (virus_1906673,host_258909): 0 -> 1
Cell (virus_1906673,host_3371016): 0 -> 1
Cell (virus_1906673,host_360967): 0 -> 1
Cell (virus_1906673,host_109485): 0 -> 1
Cell (virus_1906673,host_143942): 0 -> 1
Cell (virus_3433785,host_105273): 0 -> 1
Cell (virus_3433785,host_294653): 0 -> 1
Cell (virus_3433785,host_9435): 0 -> 1
Cell (virus_3433785,host_2528591): 0 -> 1
Cell (virus_3433785,host_386774): 0 -> 1
Cell (virus_3433785,host_392318): 0 -> 1
Cell (virus_3433785,host_526407): 0 -> 1
Cell (virus_3433785,host_98922): 0 -> 1
Cell (virus_3433785,host_138979): 0 -> 1
Cell (virus_3433785,host_225400): 0 -> 1
Cell (virus_3433785,host_2015597): 0 -> 1
Cell (virus_3433785,host_258925): 0 -> 1
Cell (virus_3433785,host_685731): 0 -> 1
Cell (virus_3433785,host_188568): 0 -> 1
Cell (virus_3433785,host_188569): 0 -> 1
Cell (virus_3433785,host_59453): 0 -> 1
Cell (virus_3433785,host_170233): 0 -> 1
Cell (virus_3433785,host_76834): 0 -> 1
Cell (virus_3433785,host_608708): 0 -> 1
Cell (virus_3433785,host_249024): 0 -> 1
Cell (virus_3433785,host_329870): 0 -> 1
Cell (virus_3433785,host_549403): 0 -> 1
Cell (virus_3433785,host_903567): 0 -> 1
Cell (virus_3433785,host_58067): 0 -> 1
Cell (virus_3433785,host_498220): 0 -> 1
Cell (virus_3433785,host_58065): 0 -> 1
Cell (virus_3433785,host_1898386): 0 -> 1
Cell (virus_3433785,host_9400): 0 -> 1
Cell (virus_3433785,host_298110): 0 -> 1
Cell (virus_3433785,host_374419): 0 -> 1
Cell (virus_3433785,host_138695): 0 -> 1
Cell (virus_3433785,host_148094): 0 -> 1
Cell (virus_3433785,host_410852): 0 -> 1
Cell (virus_3433785,host_27634): 0 -> 1
Cell (virus_3433785,host_51012): 0 -> 1
Cell (virus_3433785,host_177160): 0 -> 1
Cell (virus_3433785,host_2994998): 0 -> 1
Cell (virus_3433785,host_291302): 0 -> 1
Cell (virus_3433785,host_221087): 0 -> 1
Cell (virus_3433785,host_258867): 0 -> 1
Cell (virus_3433785,host_61862): 0 -> 1
Cell (virus_3433785,host_258909): 0 -> 1
Cell (virus_3433785,host_3371016): 0 -> 1
Cell (virus_3433785,host_360967): 0 -> 1
Cell (virus_3433785,host_109485): 0 -> 1
Cell (virus_3433785,host_143942): 0 -> 1
Cell (virus_2971263,host_105273): 0 -> 1
Cell (virus_2971263,host_294653): 0 -> 1
Cell (virus_2971263,host_9435): 0 -> 1
Cell (virus_2971263,host_2528591): 0 -> 1
Cell (virus_2971263,host_386774): 0 -> 1
Cell (virus_2971263,host_392318): 0 -> 1
Cell (virus_2971263,host_98922): 0 -> 1
Cell (virus_2971263,host_138979): 0 -> 1
Cell (virus_2971263,host_225400): 0 -> 1
Cell (virus_2971263,host_2015597): 0 -> 1
Cell (virus_2971263,host_258925): 0 -> 1
Cell (virus_2971263,host_685731): 0 -> 1
Cell (virus_2971263,host_188568): 0 -> 1
Cell (virus_2971263,host_188569): 0 -> 1
Cell (virus_2971263,host_59453): 0 -> 1
Cell (virus_2971263,host_170233): 0 -> 1
Cell (virus_2971263,host_476588): 0 -> 1
Cell (virus_2971263,host_76834): 0 -> 1
Cell (virus_2971263,host_608708): 0 -> 1
Cell (virus_2971263,host_249024): 0 -> 1
Cell (virus_2971263,host_329870): 0 -> 1
Cell (virus_2971263,host_549403): 0 -> 1
Cell (virus_2971263,host_903567): 0 -> 1
Cell (virus_2971263,host_58067): 0 -> 1
Cell (virus_2971263,host_58065): 0 -> 1
Cell (virus_2971263,host_1898386): 0 -> 1
Cell (virus_2971263,host_9400): 0 -> 1
Cell (virus_2971263,host_298110): 0 -> 1
Cell (virus_2971263,host_374419): 0 -> 1
Cell (virus_2971263,host_138695): 0 -> 1
Cell (virus_2971263,host_148094): 0 -> 1
Cell (virus_2971263,host_27634): 0 -> 1
Cell (virus_2971263,host_51012): 0 -> 1
Cell (virus_2971263,host_177160): 0 -> 1
Cell (virus_2971263,host_2994998): 0 -> 1
Cell (virus_2971263,host_291302): 0 -> 1
Cell (virus_2971263,host_221087): 0 -> 1
Cell (virus_2971263,host_258867): 0 -> 1
Cell (virus_2971263,host_61862): 0 -> 1
Cell (virus_2971263,host_258909): 0 -> 1
Cell (virus_2971263,host_3371016): 0 -> 1
Cell (virus_2971263,host_360967): 0 -> 1
Cell (virus_2971263,host_109485): 0 -> 1
Cell (virus_2971263,host_143942): 0 -> 1
Cell (virus_3433786,host_105273): 0 -> 1
Cell (virus_3433786,host_294653): 0 -> 1
Cell (virus_3433786,host_9435): 0 -> 1
Cell (virus_3433786,host_2528591): 0 -> 1
Cell (virus_3433786,host_386774): 0 -> 1
Cell (virus_3433786,host_392318): 0 -> 1
Cell (virus_3433786,host_98922): 0 -> 1
Cell (virus_3433786,host_138979): 0 -> 1
Cell (virus_3433786,host_225400): 0 -> 1
Cell (virus_3433786,host_2015597): 0 -> 1
Cell (virus_3433786,host_258925): 0 -> 1
Cell (virus_3433786,host_685731): 0 -> 1
Cell (virus_3433786,host_188568): 0 -> 1
Cell (virus_3433786,host_188569): 0 -> 1
Cell (virus_3433786,host_59453): 0 -> 1
Cell (virus_3433786,host_170233): 0 -> 1
Cell (virus_3433786,host_476588): 0 -> 1
Cell (virus_3433786,host_76834): 0 -> 1
Cell (virus_3433786,host_608708): 0 -> 1
Cell (virus_3433786,host_249024): 0 -> 1
Cell (virus_3433786,host_329870): 0 -> 1
Cell (virus_3433786,host_549403): 0 -> 1
Cell (virus_3433786,host_903567): 0 -> 1
Cell (virus_3433786,host_58067): 0 -> 1
Cell (virus_3433786,host_58065): 0 -> 1
Cell (virus_3433786,host_1898386): 0 -> 1
Cell (virus_3433786,host_9400): 0 -> 1
Cell (virus_3433786,host_298110): 0 -> 1
Cell (virus_3433786,host_374419): 0 -> 1
Cell (virus_3433786,host_138695): 0 -> 1
Cell (virus_3433786,host_148094): 0 -> 1
Cell (virus_3433786,host_27634): 0 -> 1
Cell (virus_3433786,host_51012): 0 -> 1
Cell (virus_3433786,host_177160): 0 -> 1
Cell (virus_3433786,host_2994998): 0 -> 1
Cell (virus_3433786,host_291302): 0 -> 1
Cell (virus_3433786,host_221087): 0 -> 1
Cell (virus_3433786,host_258867): 0 -> 1
Cell (virus_3433786,host_61862): 0 -> 1
Cell (virus_3433786,host_258909): 0 -> 1
Cell (virus_3433786,host_3371016): 0 -> 1
Cell (virus_3433786,host_360967): 0 -> 1
Cell (virus_3433786,host_109485): 0 -> 1
Cell (virus_3433786,host_143942): 0 -> 1
Cell (virus_2989482,host_294653): 0 -> 1
Cell (virus_2989482,host_9435): 0 -> 1
Cell (virus_2989482,host_2528591): 0 -> 1
Cell (virus_2989482,host_386774): 0 -> 1
Cell (virus_2989482,host_138979): 0 -> 1
Cell (virus_2989482,host_225400): 0 -> 1
Cell (virus_2989482,host_2015597): 0 -> 1
Cell (virus_2989482,host_258925): 0 -> 1
Cell (virus_2989482,host_685731): 0 -> 1
Cell (virus_2989482,host_188568): 0 -> 1
Cell (virus_2989482,host_188569): 0 -> 1
Cell (virus_2989482,host_59453): 0 -> 1
Cell (virus_2989482,host_170233): 0 -> 1
Cell (virus_2989482,host_476588): 0 -> 1
Cell (virus_2989482,host_76834): 0 -> 1
Cell (virus_2989482,host_608708): 0 -> 1
Cell (virus_2989482,host_249024): 0 -> 1
Cell (virus_2989482,host_329870): 0 -> 1
Cell (virus_2989482,host_549403): 0 -> 1
Cell (virus_2989482,host_903567): 0 -> 1
Cell (virus_2989482,host_58067): 0 -> 1
Cell (virus_2989482,host_498220): 0 -> 1
Cell (virus_2989482,host_58073): 0 -> 1
Cell (virus_2989482,host_1898386): 0 -> 1
Cell (virus_2989482,host_9400): 0 -> 1
Cell (virus_2989482,host_298110): 0 -> 1
Cell (virus_2989482,host_374419): 0 -> 1
Cell (virus_2989482,host_138695): 0 -> 1
Cell (virus_2989482,host_148094): 0 -> 1
Cell (virus_2989482,host_410852): 0 -> 1
Cell (virus_2989482,host_27634): 0 -> 1
Cell (virus_2989482,host_51012): 0 -> 1
Cell (virus_2989482,host_177160): 0 -> 1
Cell (virus_2989482,host_2994998): 0 -> 1
Cell (virus_2989482,host_291302): 0 -> 1
Cell (virus_2989482,host_221087): 0 -> 1
Cell (virus_2989482,host_258867): 0 -> 1
Cell (virus_2989482,host_61862): 0 -> 1
Cell (virus_2989482,host_258909): 0 -> 1
Cell (virus_2989482,host_2969767): 0 -> 1
Cell (virus_2989482,host_3371016): 0 -> 1
Cell (virus_2989482,host_360967): 0 -> 1
Cell (virus_2989482,host_109485): 0 -> 1
Cell (virus_2989482,host_143942): 0 -> 1
Cell (virus_3433784,host_105273): 0 -> 1
Cell (virus_3433784,host_294653): 0 -> 1
Cell (virus_3433784,host_9435): 0 -> 1
Cell (virus_3433784,host_2528591): 0 -> 1
Cell (virus_3433784,host_109482): 0 -> 1
Cell (virus_3433784,host_386774): 0 -> 1
Cell (virus_3433784,host_392318): 0 -> 1
Cell (virus_3433784,host_98922): 0 -> 1
Cell (virus_3433784,host_138979): 0 -> 1
Cell (virus_3433784,host_225400): 0 -> 1
Cell (virus_3433784,host_2015597): 0 -> 1
Cell (virus_3433784,host_258925): 0 -> 1
Cell (virus_3433784,host_685731): 0 -> 1
Cell (virus_3433784,host_188568): 0 -> 1
Cell (virus_3433784,host_1207989): 0 -> 1
Cell (virus_3433784,host_188569): 0 -> 1
Cell (virus_3433784,host_59453): 0 -> 1
Cell (virus_3433784,host_170233): 0 -> 1
Cell (virus_3433784,host_76834): 0 -> 1
Cell (virus_3433784,host_608708): 0 -> 1
Cell (virus_3433784,host_249024): 0 -> 1
Cell (virus_3433784,host_49443): 0 -> 1
Cell (virus_3433784,host_329870): 0 -> 1
Cell (virus_3433784,host_549403): 0 -> 1
Cell (virus_3433784,host_903567): 0 -> 1
Cell (virus_3433784,host_58067): 0 -> 1
Cell (virus_3433784,host_498220): 0 -> 1
Cell (virus_3433784,host_58065): 0 -> 1
Cell (virus_3433784,host_1898386): 0 -> 1
Cell (virus_3433784,host_9400): 0 -> 1
Cell (virus_3433784,host_298110): 0 -> 1
Cell (virus_3433784,host_374419): 0 -> 1
Cell (virus_3433784,host_138695): 0 -> 1
Cell (virus_3433784,host_148094): 0 -> 1
Cell (virus_3433784,host_410852): 0 -> 1
Cell (virus_3433784,host_27634): 0 -> 1
Cell (virus_3433784,host_51012): 0 -> 1
Cell (virus_3433784,host_177160): 0 -> 1
Cell (virus_3433784,host_2994998): 0 -> 1
Cell (virus_3433784,host_291302): 0 -> 1
Cell (virus_3433784,host_221087): 0 -> 1
Cell (virus_3433784,host_258867): 0 -> 1
Cell (virus_3433784,host_61862): 0 -> 1
Cell (virus_3433784,host_258909): 0 -> 1
Cell (virus_3433784,host_3371016): 0 -> 1
Cell (virus_3433784,host_360967): 0 -> 1
Cell (virus_3433784,host_109485): 0 -> 1
Cell (virus_3433784,host_143942): 0 -> 1
Cell (virus_2691588,host_105273): 0 -> 1
Cell (virus_2691588,host_294653): 0 -> 1
Cell (virus_2691588,host_3380546): 0 -> 1
Cell (virus_2691588,host_9435): 0 -> 1
Cell (virus_2691588,host_257882): 0 -> 1
Cell (virus_2691588,host_2528591): 0 -> 1
Cell (virus_2691588,host_109482): 0 -> 1
Cell (virus_2691588,host_386774): 0 -> 1
Cell (virus_2691588,host_526407): 0 -> 1
Cell (virus_2691588,host_98922): 0 -> 1
Cell (virus_2691588,host_2015597): 0 -> 1
Cell (virus_2691588,host_258925): 0 -> 1
Cell (virus_2691588,host_685731): 0 -> 1
Cell (virus_2691588,host_188568): 0 -> 1
Cell (virus_2691588,host_188569): 0 -> 1
Cell (virus_2691588,host_170233): 0 -> 1
Cell (virus_2691588,host_196296): 0 -> 1
Cell (virus_2691588,host_76834): 0 -> 1
Cell (virus_2691588,host_608708): 0 -> 1
Cell (virus_2691588,host_249024): 0 -> 1
Cell (virus_2691588,host_329870): 0 -> 1
Cell (virus_2691588,host_549403): 0 -> 1
Cell (virus_2691588,host_58065): 0 -> 1
Cell (virus_2691588,host_58063): 0 -> 1
Cell (virus_2691588,host_1898386): 0 -> 1
Cell (virus_2691588,host_9400): 0 -> 1
Cell (virus_2691588,host_374419): 0 -> 1
Cell (virus_2691588,host_326081): 0 -> 1
Cell (virus_2691588,host_187003): 0 -> 1
Cell (virus_2691588,host_138695): 0 -> 1
Cell (virus_2691588,host_148094): 0 -> 1
Cell (virus_2691588,host_410852): 0 -> 1
Cell (virus_2691588,host_51012): 0 -> 1
Cell (virus_2691588,host_177160): 0 -> 1
Cell (virus_2691588,host_2994998): 0 -> 1
Cell (virus_2691588,host_291302): 0 -> 1
Cell (virus_2691588,host_221087): 0 -> 1
Cell (virus_2691588,host_2218597): 0 -> 1
Cell (virus_2691588,host_258867): 0 -> 1
Cell (virus_2691588,host_249033): 0 -> 1
Cell (virus_2691588,host_61862): 0 -> 1
Cell (virus_2691588,host_258909): 0 -> 1
Cell (virus_2691588,host_360967): 0 -> 1
Cell (virus_2691588,host_109485): 0 -> 1
Cell (virus_2691588,host_143942): 0 -> 1
Cell (virus_3433780,host_105273): 0 -> 1
Cell (virus_3433780,host_294653): 0 -> 1
Cell (virus_3433780,host_3380546): 0 -> 1
Cell (virus_3433780,host_9435): 0 -> 1
Cell (virus_3433780,host_257882): 0 -> 1
Cell (virus_3433780,host_2528591): 0 -> 1
Cell (virus_3433780,host_109482): 0 -> 1
Cell (virus_3433780,host_386774): 0 -> 1
Cell (virus_3433780,host_526407): 0 -> 1
Cell (virus_3433780,host_98922): 0 -> 1
Cell (virus_3433780,host_2015597): 0 -> 1
Cell (virus_3433780,host_258925): 0 -> 1
Cell (virus_3433780,host_685731): 0 -> 1
Cell (virus_3433780,host_188568): 0 -> 1
Cell (virus_3433780,host_188569): 0 -> 1
Cell (virus_3433780,host_170233): 0 -> 1
Cell (virus_3433780,host_196296): 0 -> 1
Cell (virus_3433780,host_76834): 0 -> 1
Cell (virus_3433780,host_608708): 0 -> 1
Cell (virus_3433780,host_249024): 0 -> 1
Cell (virus_3433780,host_329870): 0 -> 1
Cell (virus_3433780,host_549403): 0 -> 1
Cell (virus_3433780,host_58065): 0 -> 1
Cell (virus_3433780,host_58063): 0 -> 1
Cell (virus_3433780,host_1898386): 0 -> 1
Cell (virus_3433780,host_9400): 0 -> 1
Cell (virus_3433780,host_374419): 0 -> 1
Cell (virus_3433780,host_326081): 0 -> 1
Cell (virus_3433780,host_187003): 0 -> 1
Cell (virus_3433780,host_138695): 0 -> 1
Cell (virus_3433780,host_148094): 0 -> 1
Cell (virus_3433780,host_410852): 0 -> 1
Cell (virus_3433780,host_51012): 0 -> 1
Cell (virus_3433780,host_177160): 0 -> 1
Cell (virus_3433780,host_2994998): 0 -> 1
Cell (virus_3433780,host_291302): 0 -> 1
Cell (virus_3433780,host_221087): 0 -> 1
Cell (virus_3433780,host_2218597): 0 -> 1
Cell (virus_3433780,host_258867): 0 -> 1
Cell (virus_3433780,host_249033): 0 -> 1
Cell (virus_3433780,host_61862): 0 -> 1
Cell (virus_3433780,host_258909): 0 -> 1
Cell (virus_3433780,host_360967): 0 -> 1
Cell (virus_3433780,host_109485): 0 -> 1
Cell (virus_3433780,host_143942): 0 -> 1
Cell (virus_694000,host_105273): 0 -> 1
Cell (virus_694000,host_294653): 0 -> 1
Cell (virus_694000,host_3380546): 0 -> 1
Cell (virus_694000,host_9435): 0 -> 1
Cell (virus_694000,host_257882): 0 -> 1
Cell (virus_694000,host_2528591): 0 -> 1
Cell (virus_694000,host_109482): 0 -> 1
Cell (virus_694000,host_386774): 0 -> 1
Cell (virus_694000,host_526407): 0 -> 1
Cell (virus_694000,host_98922): 0 -> 1
Cell (virus_694000,host_2015597): 0 -> 1
Cell (virus_694000,host_258925): 0 -> 1
Cell (virus_694000,host_685731): 0 -> 1
Cell (virus_694000,host_188568): 0 -> 1
Cell (virus_694000,host_188569): 0 -> 1
Cell (virus_694000,host_170233): 0 -> 1
Cell (virus_694000,host_196296): 0 -> 1
Cell (virus_694000,host_76834): 0 -> 1
Cell (virus_694000,host_608708): 0 -> 1
Cell (virus_694000,host_249024): 0 -> 1
Cell (virus_694000,host_329870): 0 -> 1
Cell (virus_694000,host_549403): 0 -> 1
Cell (virus_694000,host_58065): 0 -> 1
Cell (virus_694000,host_58063): 0 -> 1
Cell (virus_694000,host_1898386): 0 -> 1
Cell (virus_694000,host_9400): 0 -> 1
Cell (virus_694000,host_374419): 0 -> 1
Cell (virus_694000,host_326081): 0 -> 1
Cell (virus_694000,host_187003): 0 -> 1
Cell (virus_694000,host_138695): 0 -> 1
Cell (virus_694000,host_148094): 0 -> 1
Cell (virus_694000,host_410852): 0 -> 1
Cell (virus_694000,host_51012): 0 -> 1
Cell (virus_694000,host_177160): 0 -> 1
Cell (virus_694000,host_2994998): 0 -> 1
Cell (virus_694000,host_291302): 0 -> 1
Cell (virus_694000,host_221087): 0 -> 1
Cell (virus_694000,host_2218597): 0 -> 1
Cell (virus_694000,host_258867): 0 -> 1
Cell (virus_694000,host_249033): 0 -> 1
Cell (virus_694000,host_61862): 0 -> 1
Cell (virus_694000,host_258909): 0 -> 1
Cell (virus_694000,host_360967): 0 -> 1
Cell (virus_694000,host_109485): 0 -> 1
Cell (virus_694000,host_143942): 0 -> 1
Cell (virus_3119327,host_105273): 0 -> 1
Cell (virus_3119327,host_294653): 0 -> 1
Cell (virus_3119327,host_9435): 0 -> 1
Cell (virus_3119327,host_257882): 0 -> 1
Cell (virus_3119327,host_2528591): 0 -> 1
Cell (virus_3119327,host_109482): 0 -> 1
Cell (virus_3119327,host_386774): 0 -> 1
Cell (virus_3119327,host_452653): 0 -> 1
Cell (virus_3119327,host_98922): 0 -> 1
Cell (virus_3119327,host_2015597): 0 -> 1
Cell (virus_3119327,host_258925): 0 -> 1
Cell (virus_3119327,host_685731): 0 -> 1
Cell (virus_3119327,host_110941): 0 -> 1
Cell (virus_3119327,host_188568): 0 -> 1
Cell (virus_3119327,host_188569): 0 -> 1
Cell (virus_3119327,host_170233): 0 -> 1
Cell (virus_3119327,host_76834): 0 -> 1
Cell (virus_3119327,host_608708): 0 -> 1
Cell (virus_3119327,host_249024): 0 -> 1
Cell (virus_3119327,host_329870): 0 -> 1
Cell (virus_3119327,host_549403): 0 -> 1
Cell (virus_3119327,host_58065): 0 -> 1
Cell (virus_3119327,host_58063): 0 -> 1
Cell (virus_3119327,host_1898386): 0 -> 1
Cell (virus_3119327,host_9400): 0 -> 1
Cell (virus_3119327,host_374419): 0 -> 1
Cell (virus_3119327,host_326081): 0 -> 1
Cell (virus_3119327,host_187003): 0 -> 1
Cell (virus_3119327,host_138695): 0 -> 1
Cell (virus_3119327,host_148094): 0 -> 1
Cell (virus_3119327,host_410852): 0 -> 1
Cell (virus_3119327,host_51012): 0 -> 1
Cell (virus_3119327,host_177160): 0 -> 1
Cell (virus_3119327,host_2994998): 0 -> 1
Cell (virus_3119327,host_291302): 0 -> 1
Cell (virus_3119327,host_221087): 0 -> 1
Cell (virus_3119327,host_258867): 0 -> 1
Cell (virus_3119327,host_249033): 0 -> 1
Cell (virus_3119327,host_61862): 0 -> 1
Cell (virus_3119327,host_258909): 0 -> 1
Cell (virus_3119327,host_360967): 0 -> 1
Cell (virus_3119327,host_109485): 0 -> 1
Cell (virus_3119327,host_143942): 0 -> 1
Cell (virus_2809631,host_105273): 0 -> 1
Cell (virus_2809631,host_294653): 0 -> 1
Cell (virus_2809631,host_9435): 0 -> 1
Cell (virus_2809631,host_257882): 0 -> 1
Cell (virus_2809631,host_2528591): 0 -> 1
Cell (virus_2809631,host_109482): 0 -> 1
Cell (virus_2809631,host_386774): 0 -> 1
Cell (virus_2809631,host_2015597): 0 -> 1
Cell (virus_2809631,host_258925): 0 -> 1
Cell (virus_2809631,host_685731): 0 -> 1
Cell (virus_2809631,host_188568): 0 -> 1
Cell (virus_2809631,host_188569): 0 -> 1
Cell (virus_2809631,host_170233): 0 -> 1
Cell (virus_2809631,host_76834): 0 -> 1
Cell (virus_2809631,host_608708): 0 -> 1
Cell (virus_2809631,host_249024): 0 -> 1
Cell (virus_2809631,host_519041): 0 -> 1
Cell (virus_2809631,host_329870): 0 -> 1
Cell (virus_2809631,host_549403): 0 -> 1
Cell (virus_2809631,host_58065): 0 -> 1
Cell (virus_2809631,host_58063): 0 -> 1
Cell (virus_2809631,host_1898386): 0 -> 1
Cell (virus_2809631,host_9400): 0 -> 1
Cell (virus_2809631,host_374419): 0 -> 1
Cell (virus_2809631,host_326081): 0 -> 1
Cell (virus_2809631,host_187003): 0 -> 1
Cell (virus_2809631,host_138695): 0 -> 1
Cell (virus_2809631,host_148094): 0 -> 1
Cell (virus_2809631,host_410852): 0 -> 1
Cell (virus_2809631,host_51012): 0 -> 1
Cell (virus_2809631,host_177160): 0 -> 1
Cell (virus_2809631,host_2994998): 0 -> 1
Cell (virus_2809631,host_291302): 0 -> 1
Cell (virus_2809631,host_221087): 0 -> 1
Cell (virus_2809631,host_2218597): 0 -> 1
Cell (virus_2809631,host_258867): 0 -> 1
Cell (virus_2809631,host_249033): 0 -> 1
Cell (virus_2809631,host_61862): 0 -> 1
Cell (virus_2809631,host_258909): 0 -> 1
Cell (virus_2809631,host_360967): 0 -> 1
Cell (virus_2809631,host_109485): 0 -> 1
Cell (virus_2809631,host_143942): 0 -> 1
Cell (virus_3433779,host_294653): 0 -> 1
Cell (virus_3433779,host_9435): 0 -> 1
Cell (virus_3433779,host_257882): 0 -> 1
Cell (virus_3433779,host_2528591): 0 -> 1
Cell (virus_3433779,host_109482): 0 -> 1
Cell (virus_3433779,host_386774): 0 -> 1
Cell (virus_3433779,host_2015597): 0 -> 1
Cell (virus_3433779,host_258925): 0 -> 1
Cell (virus_3433779,host_685731): 0 -> 1
Cell (virus_3433779,host_188568): 0 -> 1
Cell (virus_3433779,host_188569): 0 -> 1
Cell (virus_3433779,host_170233): 0 -> 1
Cell (virus_3433779,host_76834): 0 -> 1
Cell (virus_3433779,host_608708): 0 -> 1
Cell (virus_3433779,host_249024): 0 -> 1
Cell (virus_3433779,host_519041): 0 -> 1
Cell (virus_3433779,host_329870): 0 -> 1
Cell (virus_3433779,host_549403): 0 -> 1
Cell (virus_3433779,host_58065): 0 -> 1
Cell (virus_3433779,host_58063): 0 -> 1
Cell (virus_3433779,host_1898386): 0 -> 1
Cell (virus_3433779,host_9400): 0 -> 1
Cell (virus_3433779,host_374419): 0 -> 1
Cell (virus_3433779,host_326081): 0 -> 1
Cell (virus_3433779,host_187003): 0 -> 1
Cell (virus_3433779,host_138695): 0 -> 1
Cell (virus_3433779,host_148094): 0 -> 1
Cell (virus_3433779,host_410852): 0 -> 1
Cell (virus_3433779,host_51012): 0 -> 1
Cell (virus_3433779,host_177160): 0 -> 1
Cell (virus_3433779,host_2994998): 0 -> 1
Cell (virus_3433779,host_291302): 0 -> 1
Cell (virus_3433779,host_221087): 0 -> 1
Cell (virus_3433779,host_2218597): 0 -> 1
Cell (virus_3433779,host_258867): 0 -> 1
Cell (virus_3433779,host_249033): 0 -> 1
Cell (virus_3433779,host_61862): 0 -> 1
Cell (virus_3433779,host_258909): 0 -> 1
Cell (virus_3433779,host_3371016): 0 -> 1
Cell (virus_3433779,host_360967): 0 -> 1
Cell (virus_3433779,host_109485): 0 -> 1
Cell (virus_3433779,host_143942): 0 -> 1
Cell (virus_694001,host_294653): 0 -> 1
Cell (virus_694001,host_9435): 0 -> 1
Cell (virus_694001,host_257882): 0 -> 1
Cell (virus_694001,host_2528591): 0 -> 1
Cell (virus_694001,host_109482): 0 -> 1
Cell (virus_694001,host_386774): 0 -> 1
Cell (virus_694001,host_2015597): 0 -> 1
Cell (virus_694001,host_258925): 0 -> 1
Cell (virus_694001,host_685731): 0 -> 1
Cell (virus_694001,host_188568): 0 -> 1
Cell (virus_694001,host_188569): 0 -> 1
Cell (virus_694001,host_170233): 0 -> 1
Cell (virus_694001,host_76834): 0 -> 1
Cell (virus_694001,host_608708): 0 -> 1
Cell (virus_694001,host_249024): 0 -> 1
Cell (virus_694001,host_519041): 0 -> 1
Cell (virus_694001,host_329870): 0 -> 1
Cell (virus_694001,host_549403): 0 -> 1
Cell (virus_694001,host_58065): 0 -> 1
Cell (virus_694001,host_58063): 0 -> 1
Cell (virus_694001,host_1898386): 0 -> 1
Cell (virus_694001,host_9400): 0 -> 1
Cell (virus_694001,host_374419): 0 -> 1
Cell (virus_694001,host_326081): 0 -> 1
Cell (virus_694001,host_187003): 0 -> 1
Cell (virus_694001,host_138695): 0 -> 1
Cell (virus_694001,host_148094): 0 -> 1
Cell (virus_694001,host_410852): 0 -> 1
Cell (virus_694001,host_51012): 0 -> 1
Cell (virus_694001,host_177160): 0 -> 1
Cell (virus_694001,host_2994998): 0 -> 1
Cell (virus_694001,host_291302): 0 -> 1
Cell (virus_694001,host_221087): 0 -> 1
Cell (virus_694001,host_2218597): 0 -> 1
Cell (virus_694001,host_258867): 0 -> 1
Cell (virus_694001,host_249033): 0 -> 1
Cell (virus_694001,host_61862): 0 -> 1
Cell (virus_694001,host_258909): 0 -> 1
Cell (virus_694001,host_3371016): 0 -> 1
Cell (virus_694001,host_360967): 0 -> 1
Cell (virus_694001,host_109485): 0 -> 1
Cell (virus_694001,host_143942): 0 -> 1
Cell (virus_3027594,host_105273): 0 -> 1
Cell (virus_3027594,host_294653): 0 -> 1
Cell (virus_3027594,host_9435): 0 -> 1
Cell (virus_3027594,host_257882): 0 -> 1
Cell (virus_3027594,host_2528591): 0 -> 1
Cell (virus_3027594,host_386774): 0 -> 1
Cell (virus_3027594,host_526407): 0 -> 1
Cell (virus_3027594,host_98922): 0 -> 1
Cell (virus_3027594,host_138979): 0 -> 1
Cell (virus_3027594,host_225400): 0 -> 1
Cell (virus_3027594,host_2015597): 0 -> 1
Cell (virus_3027594,host_258925): 0 -> 1
Cell (virus_3027594,host_685731): 0 -> 1
Cell (virus_3027594,host_188568): 0 -> 1
Cell (virus_3027594,host_188569): 0 -> 1
Cell (virus_3027594,host_170233): 0 -> 1
Cell (virus_3027594,host_76834): 0 -> 1
Cell (virus_3027594,host_608708): 0 -> 1
Cell (virus_3027594,host_249024): 0 -> 1
Cell (virus_3027594,host_519041): 0 -> 1
Cell (virus_3027594,host_329870): 0 -> 1
Cell (virus_3027594,host_549403): 0 -> 1
Cell (virus_3027594,host_58065): 0 -> 1
Cell (virus_3027594,host_58063): 0 -> 1
Cell (virus_3027594,host_1898386): 0 -> 1
Cell (virus_3027594,host_9400): 0 -> 1
Cell (virus_3027594,host_374419): 0 -> 1
Cell (virus_3027594,host_326081): 0 -> 1
Cell (virus_3027594,host_326151): 0 -> 1
Cell (virus_3027594,host_187003): 0 -> 1
Cell (virus_3027594,host_138695): 0 -> 1
Cell (virus_3027594,host_40233): 0 -> 1
Cell (virus_3027594,host_148094): 0 -> 1
Cell (virus_3027594,host_410852): 0 -> 1
Cell (virus_3027594,host_51012): 0 -> 1
Cell (virus_3027594,host_177160): 0 -> 1
Cell (virus_3027594,host_2994998): 0 -> 1
Cell (virus_3027594,host_291302): 0 -> 1
Cell (virus_3027594,host_221087): 0 -> 1
Cell (virus_3027594,host_258867): 0 -> 1
Cell (virus_3027594,host_999964): 0 -> 1
Cell (virus_3027594,host_249033): 0 -> 1
Cell (virus_3027594,host_61862): 0 -> 1
Cell (virus_3027594,host_258909): 0 -> 1
Cell (virus_3027594,host_3371016): 0 -> 1
Cell (virus_3027594,host_360967): 0 -> 1
Cell (virus_3027594,host_143942): 0 -> 1
Cell (virus_3433782,host_105273): 0 -> 1
Cell (virus_3433782,host_294653): 0 -> 1
Cell (virus_3433782,host_9435): 0 -> 1
Cell (virus_3433782,host_257882): 0 -> 1
Cell (virus_3433782,host_2528591): 0 -> 1
Cell (virus_3433782,host_386774): 0 -> 1
Cell (virus_3433782,host_526407): 0 -> 1
Cell (virus_3433782,host_98922): 0 -> 1
Cell (virus_3433782,host_138979): 0 -> 1
Cell (virus_3433782,host_225400): 0 -> 1
Cell (virus_3433782,host_2015597): 0 -> 1
Cell (virus_3433782,host_258925): 0 -> 1
Cell (virus_3433782,host_685731): 0 -> 1
Cell (virus_3433782,host_188568): 0 -> 1
Cell (virus_3433782,host_188569): 0 -> 1
Cell (virus_3433782,host_170233): 0 -> 1
Cell (virus_3433782,host_76834): 0 -> 1
Cell (virus_3433782,host_608708): 0 -> 1
Cell (virus_3433782,host_249024): 0 -> 1
Cell (virus_3433782,host_519041): 0 -> 1
Cell (virus_3433782,host_329870): 0 -> 1
Cell (virus_3433782,host_549403): 0 -> 1
Cell (virus_3433782,host_58065): 0 -> 1
Cell (virus_3433782,host_58063): 0 -> 1
Cell (virus_3433782,host_1898386): 0 -> 1
Cell (virus_3433782,host_9400): 0 -> 1
Cell (virus_3433782,host_374419): 0 -> 1
Cell (virus_3433782,host_326081): 0 -> 1
Cell (virus_3433782,host_326151): 0 -> 1
Cell (virus_3433782,host_187003): 0 -> 1
Cell (virus_3433782,host_138695): 0 -> 1
Cell (virus_3433782,host_40233): 0 -> 1
Cell (virus_3433782,host_148094): 0 -> 1
Cell (virus_3433782,host_410852): 0 -> 1
Cell (virus_3433782,host_51012): 0 -> 1
Cell (virus_3433782,host_177160): 0 -> 1
Cell (virus_3433782,host_2994998): 0 -> 1
Cell (virus_3433782,host_291302): 0 -> 1
Cell (virus_3433782,host_221087): 0 -> 1
Cell (virus_3433782,host_258867): 0 -> 1
Cell (virus_3433782,host_999964): 0 -> 1
Cell (virus_3433782,host_249033): 0 -> 1
Cell (virus_3433782,host_61862): 0 -> 1
Cell (virus_3433782,host_258909): 0 -> 1
Cell (virus_3433782,host_360967): 0 -> 1
Cell (virus_3433782,host_143942): 0 -> 1
Cell (virus_3027595,host_105273): 0 -> 1
Cell (virus_3027595,host_294653): 0 -> 1
Cell (virus_3027595,host_9435): 0 -> 1
Cell (virus_3027595,host_257882): 0 -> 1
Cell (virus_3027595,host_2528591): 0 -> 1
Cell (virus_3027595,host_386774): 0 -> 1
Cell (virus_3027595,host_392004): 0 -> 1
Cell (virus_3027595,host_526407): 0 -> 1
Cell (virus_3027595,host_98922): 0 -> 1
Cell (virus_3027595,host_138979): 0 -> 1
Cell (virus_3027595,host_225400): 0 -> 1
Cell (virus_3027595,host_2015597): 0 -> 1
Cell (virus_3027595,host_633648): 0 -> 1
Cell (virus_3027595,host_258925): 0 -> 1
Cell (virus_3027595,host_685731): 0 -> 1
Cell (virus_3027595,host_188568): 0 -> 1
Cell (virus_3027595,host_188569): 0 -> 1
Cell (virus_3027595,host_170233): 0 -> 1
Cell (virus_3027595,host_169756): 0 -> 1
Cell (virus_3027595,host_76834): 0 -> 1
Cell (virus_3027595,host_608708): 0 -> 1
Cell (virus_3027595,host_249024): 0 -> 1
Cell (virus_3027595,host_519041): 0 -> 1
Cell (virus_3027595,host_329870): 0 -> 1
Cell (virus_3027595,host_549403): 0 -> 1
Cell (virus_3027595,host_124756): 0 -> 1
Cell (virus_3027595,host_58065): 0 -> 1
Cell (virus_3027595,host_1898386): 0 -> 1
Cell (virus_3027595,host_9400): 0 -> 1
Cell (virus_3027595,host_374419): 0 -> 1
Cell (virus_3027595,host_326151): 0 -> 1
Cell (virus_3027595,host_187003): 0 -> 1
Cell (virus_3027595,host_138695): 0 -> 1
Cell (virus_3027595,host_40233): 0 -> 1
Cell (virus_3027595,host_148094): 0 -> 1
Cell (virus_3027595,host_410852): 0 -> 1
Cell (virus_3027595,host_51012): 0 -> 1
Cell (virus_3027595,host_177160): 0 -> 1
Cell (virus_3027595,host_2994998): 0 -> 1
Cell (virus_3027595,host_291302): 0 -> 1
Cell (virus_3027595,host_221087): 0 -> 1
Cell (virus_3027595,host_479723): 0 -> 1
Cell (virus_3027595,host_258867): 0 -> 1
Cell (virus_3027595,host_999964): 0 -> 1
Cell (virus_3027595,host_249033): 0 -> 1
Cell (virus_3027595,host_61862): 0 -> 1
Cell (virus_3027595,host_258909): 0 -> 1
Cell (virus_3027595,host_3371016): 0 -> 1
Cell (virus_3027595,host_360967): 0 -> 1
Cell (virus_3027595,host_143942): 0 -> 1
Cell (virus_2917968,host_294653): 0 -> 1
Cell (virus_2917968,host_9435): 0 -> 1
Cell (virus_2917968,host_2528591): 0 -> 1
Cell (virus_2917968,host_386774): 0 -> 1
Cell (virus_2917968,host_392318): 0 -> 1
Cell (virus_2917968,host_526407): 0 -> 1
Cell (virus_2917968,host_138979): 0 -> 1
Cell (virus_2917968,host_155915): 0 -> 1
Cell (virus_2917968,host_225400): 0 -> 1
Cell (virus_2917968,host_2015597): 0 -> 1
Cell (virus_2917968,host_258925): 0 -> 1
Cell (virus_2917968,host_685731): 0 -> 1
Cell (virus_2917968,host_188568): 0 -> 1
Cell (virus_2917968,host_188569): 0 -> 1
Cell (virus_2917968,host_170233): 0 -> 1
Cell (virus_2917968,host_76834): 0 -> 1
Cell (virus_2917968,host_608708): 0 -> 1
Cell (virus_2917968,host_249024): 0 -> 1
Cell (virus_2917968,host_329870): 0 -> 1
Cell (virus_2917968,host_549403): 0 -> 1
Cell (virus_2917968,host_77223): 0 -> 1
Cell (virus_2917968,host_58065): 0 -> 1
Cell (virus_2917968,host_58063): 0 -> 1
Cell (virus_2917968,host_1898386): 0 -> 1
Cell (virus_2917968,host_9400): 0 -> 1
Cell (virus_2917968,host_374419): 0 -> 1
Cell (virus_2917968,host_326151): 0 -> 1
Cell (virus_2917968,host_187003): 0 -> 1
Cell (virus_2917968,host_138695): 0 -> 1
Cell (virus_2917968,host_148094): 0 -> 1
Cell (virus_2917968,host_410852): 0 -> 1
Cell (virus_2917968,host_27634): 0 -> 1
Cell (virus_2917968,host_177160): 0 -> 1
Cell (virus_2917968,host_2994998): 0 -> 1
Cell (virus_2917968,host_27642): 0 -> 1
Cell (virus_2917968,host_291302): 0 -> 1
Cell (virus_2917968,host_221087): 0 -> 1
Cell (virus_2917968,host_258867): 0 -> 1
Cell (virus_2917968,host_258863): 0 -> 1
Cell (virus_2917968,host_452595): 0 -> 1
Cell (virus_2917968,host_249033): 0 -> 1
Cell (virus_2917968,host_258930): 0 -> 1
Cell (virus_2917968,host_61862): 0 -> 1
Cell (virus_2917968,host_258909): 0 -> 1
Cell (virus_2917968,host_29078): 0 -> 1
Cell (virus_2917968,host_3371016): 0 -> 1
Cell (virus_2917968,host_360967): 0 -> 1
Cell (virus_2917968,host_109485): 0 -> 1
Cell (virus_2917968,host_143942): 0 -> 1
Cell (virus_3119328,host_294653): 0 -> 1
Cell (virus_3119328,host_9435): 0 -> 1
Cell (virus_3119328,host_2528591): 0 -> 1
Cell (virus_3119328,host_386774): 0 -> 1
Cell (virus_3119328,host_392318): 0 -> 1
Cell (virus_3119328,host_526407): 0 -> 1
Cell (virus_3119328,host_98922): 0 -> 1
Cell (virus_3119328,host_138979): 0 -> 1
Cell (virus_3119328,host_155915): 0 -> 1
Cell (virus_3119328,host_225400): 0 -> 1
Cell (virus_3119328,host_2015597): 0 -> 1
Cell (virus_3119328,host_258925): 0 -> 1
Cell (virus_3119328,host_188568): 0 -> 1
Cell (virus_3119328,host_188569): 0 -> 1
Cell (virus_3119328,host_170233): 0 -> 1
Cell (virus_3119328,host_76834): 0 -> 1
Cell (virus_3119328,host_608708): 0 -> 1
Cell (virus_3119328,host_249024): 0 -> 1
Cell (virus_3119328,host_329870): 0 -> 1
Cell (virus_3119328,host_549403): 0 -> 1
Cell (virus_3119328,host_58065): 0 -> 1
Cell (virus_3119328,host_58063): 0 -> 1
Cell (virus_3119328,host_1898386): 0 -> 1
Cell (virus_3119328,host_9400): 0 -> 1
Cell (virus_3119328,host_374419): 0 -> 1
Cell (virus_3119328,host_187003): 0 -> 1
Cell (virus_3119328,host_138695): 0 -> 1
Cell (virus_3119328,host_40233): 0 -> 1
Cell (virus_3119328,host_148094): 0 -> 1
Cell (virus_3119328,host_410852): 0 -> 1
Cell (virus_3119328,host_27634): 0 -> 1
Cell (virus_3119328,host_51012): 0 -> 1
Cell (virus_3119328,host_177160): 0 -> 1
Cell (virus_3119328,host_2994998): 0 -> 1
Cell (virus_3119328,host_27642): 0 -> 1
Cell (virus_3119328,host_291302): 0 -> 1
Cell (virus_3119328,host_221087): 0 -> 1
Cell (virus_3119328,host_124751): 0 -> 1
Cell (virus_3119328,host_258867): 0 -> 1
Cell (virus_3119328,host_452595): 0 -> 1
Cell (virus_3119328,host_249033): 0 -> 1
Cell (virus_3119328,host_258930): 0 -> 1
Cell (virus_3119328,host_61862): 0 -> 1
Cell (virus_3119328,host_258909): 0 -> 1
Cell (virus_3119328,host_29078): 0 -> 1
Cell (virus_3119328,host_3371016): 0 -> 1
Cell (virus_3119328,host_360967): 0 -> 1
Cell (virus_3119328,host_109485): 0 -> 1
Cell (virus_3119328,host_143942): 0 -> 1
Cell (virus_3119329,host_105273): 0 -> 1
Cell (virus_3119329,host_294653): 0 -> 1
Cell (virus_3119329,host_9435): 0 -> 1
Cell (virus_3119329,host_2528591): 0 -> 1
Cell (virus_3119329,host_386774): 0 -> 1
Cell (virus_3119329,host_392004): 0 -> 1
Cell (virus_3119329,host_392318): 0 -> 1
Cell (virus_3119329,host_526407): 0 -> 1
Cell (virus_3119329,host_98922): 0 -> 1
Cell (virus_3119329,host_138979): 0 -> 1
Cell (virus_3119329,host_225400): 0 -> 1
Cell (virus_3119329,host_2015597): 0 -> 1
Cell (virus_3119329,host_258925): 0 -> 1
Cell (virus_3119329,host_685731): 0 -> 1
Cell (virus_3119329,host_188568): 0 -> 1
Cell (virus_3119329,host_188569): 0 -> 1
Cell (virus_3119329,host_170233): 0 -> 1
Cell (virus_3119329,host_76834): 0 -> 1
Cell (virus_3119329,host_608708): 0 -> 1
Cell (virus_3119329,host_249024): 0 -> 1
Cell (virus_3119329,host_329870): 0 -> 1
Cell (virus_3119329,host_549403): 0 -> 1
Cell (virus_3119329,host_372077): 0 -> 1
Cell (virus_3119329,host_58065): 0 -> 1
Cell (virus_3119329,host_58063): 0 -> 1
Cell (virus_3119329,host_1898386): 0 -> 1
Cell (virus_3119329,host_9400): 0 -> 1
Cell (virus_3119329,host_298110): 0 -> 1
Cell (virus_3119329,host_374419): 0 -> 1
Cell (virus_3119329,host_138695): 0 -> 1
Cell (virus_3119329,host_148094): 0 -> 1
Cell (virus_3119329,host_410852): 0 -> 1
Cell (virus_3119329,host_27634): 0 -> 1
Cell (virus_3119329,host_51012): 0 -> 1
Cell (virus_3119329,host_177160): 0 -> 1
Cell (virus_3119329,host_2994998): 0 -> 1
Cell (virus_3119329,host_1434095): 0 -> 1
Cell (virus_3119329,host_291302): 0 -> 1
Cell (virus_3119329,host_221087): 0 -> 1
Cell (virus_3119329,host_258867): 0 -> 1
Cell (virus_3119329,host_452595): 0 -> 1
Cell (virus_3119329,host_249033): 0 -> 1
Cell (virus_3119329,host_61862): 0 -> 1
Cell (virus_3119329,host_258909): 0 -> 1
Cell (virus_3119329,host_29078): 0 -> 1
Cell (virus_3119329,host_3371016): 0 -> 1
Cell (virus_3119329,host_360967): 0 -> 1
Cell (virus_3119329,host_109485): 0 -> 1
Cell (virus_2991941,host_105273): 0 -> 1
Cell (virus_2991941,host_294653): 0 -> 1
Cell (virus_2991941,host_9435): 0 -> 1
Cell (virus_2991941,host_2528591): 0 -> 1
Cell (virus_2991941,host_386774): 0 -> 1
Cell (virus_2991941,host_392318): 0 -> 1
Cell (virus_2991941,host_526407): 0 -> 1
Cell (virus_2991941,host_98922): 0 -> 1
Cell (virus_2991941,host_138979): 0 -> 1
Cell (virus_2991941,host_155915): 0 -> 1
Cell (virus_2991941,host_225400): 0 -> 1
Cell (virus_2991941,host_2015597): 0 -> 1
Cell (virus_2991941,host_258925): 0 -> 1
Cell (virus_2991941,host_685731): 0 -> 1
Cell (virus_2991941,host_188568): 0 -> 1
Cell (virus_2991941,host_170233): 0 -> 1
Cell (virus_2991941,host_76834): 0 -> 1
Cell (virus_2991941,host_608708): 0 -> 1
Cell (virus_2991941,host_249024): 0 -> 1
Cell (virus_2991941,host_329870): 0 -> 1
Cell (virus_2991941,host_549403): 0 -> 1
Cell (virus_2991941,host_58065): 0 -> 1
Cell (virus_2991941,host_58063): 0 -> 1
Cell (virus_2991941,host_1898386): 0 -> 1
Cell (virus_2991941,host_9400): 0 -> 1
Cell (virus_2991941,host_298110): 0 -> 1
Cell (virus_2991941,host_374419): 0 -> 1
Cell (virus_2991941,host_326081): 0 -> 1
Cell (virus_2991941,host_138695): 0 -> 1
Cell (virus_2991941,host_148094): 0 -> 1
Cell (virus_2991941,host_410852): 0 -> 1
Cell (virus_2991941,host_27634): 0 -> 1
Cell (virus_2991941,host_51012): 0 -> 1
Cell (virus_2991941,host_177160): 0 -> 1
Cell (virus_2991941,host_2994998): 0 -> 1
Cell (virus_2991941,host_291302): 0 -> 1
Cell (virus_2991941,host_221087): 0 -> 1
Cell (virus_2991941,host_479723): 0 -> 1
Cell (virus_2991941,host_258867): 0 -> 1
Cell (virus_2991941,host_242384): 0 -> 1
Cell (virus_2991941,host_452595): 0 -> 1
Cell (virus_2991941,host_249033): 0 -> 1
Cell (virus_2991941,host_61862): 0 -> 1
Cell (virus_2991941,host_258909): 0 -> 1
Cell (virus_2991941,host_3371016): 0 -> 1
Cell (virus_2991941,host_360967): 0 -> 1
Cell (virus_2991941,host_109485): 0 -> 1
Cell (virus_2991941,host_143942): 0 -> 1
Cell (virus_2993504,host_105273): 0 -> 1
Cell (virus_2993504,host_294653): 0 -> 1
Cell (virus_2993504,host_9435): 0 -> 1
Cell (virus_2993504,host_2528591): 0 -> 1
Cell (virus_2993504,host_386774): 0 -> 1
Cell (virus_2993504,host_392318): 0 -> 1
Cell (virus_2993504,host_526407): 0 -> 1
Cell (virus_2993504,host_98922): 0 -> 1
Cell (virus_2993504,host_138979): 0 -> 1
Cell (virus_2993504,host_155915): 0 -> 1
Cell (virus_2993504,host_225400): 0 -> 1
Cell (virus_2993504,host_2015597): 0 -> 1
Cell (virus_2993504,host_258925): 0 -> 1
Cell (virus_2993504,host_685731): 0 -> 1
Cell (virus_2993504,host_188568): 0 -> 1
Cell (virus_2993504,host_170233): 0 -> 1
Cell (virus_2993504,host_76834): 0 -> 1
Cell (virus_2993504,host_608708): 0 -> 1
Cell (virus_2993504,host_249024): 0 -> 1
Cell (virus_2993504,host_329870): 0 -> 1
Cell (virus_2993504,host_549403): 0 -> 1
Cell (virus_2993504,host_58065): 0 -> 1
Cell (virus_2993504,host_58063): 0 -> 1
Cell (virus_2993504,host_1898386): 0 -> 1
Cell (virus_2993504,host_9400): 0 -> 1
Cell (virus_2993504,host_298110): 0 -> 1
Cell (virus_2993504,host_374419): 0 -> 1
Cell (virus_2993504,host_326081): 0 -> 1
Cell (virus_2993504,host_138695): 0 -> 1
Cell (virus_2993504,host_148094): 0 -> 1
Cell (virus_2993504,host_410852): 0 -> 1
Cell (virus_2993504,host_27634): 0 -> 1
Cell (virus_2993504,host_51012): 0 -> 1
Cell (virus_2993504,host_177160): 0 -> 1
Cell (virus_2993504,host_2994998): 0 -> 1
Cell (virus_2993504,host_291302): 0 -> 1
Cell (virus_2993504,host_221087): 0 -> 1
Cell (virus_2993504,host_479723): 0 -> 1
Cell (virus_2993504,host_258867): 0 -> 1
Cell (virus_2993504,host_242384): 0 -> 1
Cell (virus_2993504,host_452595): 0 -> 1
Cell (virus_2993504,host_249033): 0 -> 1
Cell (virus_2993504,host_61862): 0 -> 1
Cell (virus_2993504,host_258909): 0 -> 1
Cell (virus_2993504,host_3371016): 0 -> 1
Cell (virus_2993504,host_360967): 0 -> 1
Cell (virus_2993504,host_109485): 0 -> 1
Cell (virus_2993504,host_143942): 0 -> 1
Cell (virus_1335626,host_105273): 0 -> 1
Cell (virus_1335626,host_294653): 0 -> 1
Cell (virus_1335626,host_3380546): 0 -> 1
Cell (virus_1335626,host_9435): 0 -> 1
Cell (virus_1335626,host_59463): 0 -> 1
Cell (virus_1335626,host_109480): 0 -> 1
Cell (virus_1335626,host_160974): 0 -> 1
Cell (virus_1335626,host_412095): 0 -> 1
Cell (virus_1335626,host_526407): 0 -> 1
Cell (virus_1335626,host_138979): 0 -> 1
Cell (virus_1335626,host_258940): 0 -> 1
Cell (virus_1335626,host_587652): 0 -> 1
Cell (virus_1335626,host_225400): 0 -> 1
Cell (virus_1335626,host_2015597): 0 -> 1
Cell (virus_1335626,host_685731): 0 -> 1
Cell (virus_1335626,host_188568): 0 -> 1
Cell (virus_1335626,host_249020): 0 -> 1
Cell (virus_1335626,host_463808): 0 -> 1
Cell (virus_1335626,host_170233): 0 -> 1
Cell (virus_1335626,host_188570): 0 -> 1
Cell (virus_1335626,host_196296): 0 -> 1
Cell (virus_1335626,host_188572): 0 -> 1
Cell (virus_1335626,host_196889): 0 -> 1
Cell (virus_1335626,host_76834): 0 -> 1
Cell (virus_1335626,host_608708): 0 -> 1
Cell (virus_1335626,host_476589): 0 -> 1
Cell (virus_1335626,host_188571): 0 -> 1
Cell (virus_1335626,host_249024): 0 -> 1
Cell (virus_1335626,host_519037): 0 -> 1
Cell (virus_1335626,host_385575): 0 -> 1
Cell (virus_1335626,host_328804): 0 -> 1
Cell (virus_1335626,host_9403): 0 -> 1
Cell (virus_1335626,host_58057): 0 -> 1
Cell (virus_1335626,host_58073): 0 -> 1
Cell (virus_1335626,host_58065): 0 -> 1
Cell (virus_1335626,host_58063): 0 -> 1
Cell (virus_1335626,host_1898386): 0 -> 1
Cell (virus_1335626,host_374419): 0 -> 1
Cell (virus_1335626,host_138695): 0 -> 1
Cell (virus_1335626,host_148094): 0 -> 1
Cell (virus_1335626,host_410852): 0 -> 1
Cell (virus_1335626,host_27634): 0 -> 1
Cell (virus_1335626,host_9417): 0 -> 1
Cell (virus_1335626,host_51012): 0 -> 1
Cell (virus_1335626,host_40224): 0 -> 1
Cell (virus_1335626,host_192403): 0 -> 1
Cell (virus_1335626,host_196700): 0 -> 1
Cell (virus_1335626,host_177160): 0 -> 1
Cell (virus_1335626,host_2994998): 0 -> 1
Cell (virus_1335626,host_148061): 0 -> 1
Cell (virus_1335626,host_148089): 0 -> 1
Cell (virus_1335626,host_94961): 0 -> 1
Cell (virus_1335626,host_59472): 0 -> 1
Cell (virus_1335626,host_258863): 0 -> 1
Cell (virus_1335626,host_452595): 0 -> 1
Cell (virus_1335626,host_3370289): 0 -> 1
Cell (virus_1335626,host_61862): 0 -> 1
Cell (virus_1335626,host_3371016): 0 -> 1
Cell (virus_1335626,host_3371021): 0 -> 1
Cell (virus_1335626,host_360967): 0 -> 1
Cell (virus_1335626,host_109485): 0 -> 1
Cell (virus_1335626,host_999321): 0 -> 1
Cell (virus_1335626,host_143942): 0 -> 1
Cell (virus_1335626,host_258889): 0 -> 1
Cell (virus_3433633,host_105273): 0 -> 1
Cell (virus_3433633,host_294653): 0 -> 1
Cell (virus_3433633,host_3380546): 0 -> 1
Cell (virus_3433633,host_9435): 0 -> 1
Cell (virus_3433633,host_59463): 0 -> 1
Cell (virus_3433633,host_109480): 0 -> 1
Cell (virus_3433633,host_160974): 0 -> 1
Cell (virus_3433633,host_412095): 0 -> 1
Cell (virus_3433633,host_526407): 0 -> 1
Cell (virus_3433633,host_138979): 0 -> 1
Cell (virus_3433633,host_258940): 0 -> 1
Cell (virus_3433633,host_587652): 0 -> 1
Cell (virus_3433633,host_225400): 0 -> 1
Cell (virus_3433633,host_2015597): 0 -> 1
Cell (virus_3433633,host_685731): 0 -> 1
Cell (virus_3433633,host_188568): 0 -> 1
Cell (virus_3433633,host_249020): 0 -> 1
Cell (virus_3433633,host_463808): 0 -> 1
Cell (virus_3433633,host_170233): 0 -> 1
Cell (virus_3433633,host_188570): 0 -> 1
Cell (virus_3433633,host_196296): 0 -> 1
Cell (virus_3433633,host_188572): 0 -> 1
Cell (virus_3433633,host_196889): 0 -> 1
Cell (virus_3433633,host_76834): 0 -> 1
Cell (virus_3433633,host_608708): 0 -> 1
Cell (virus_3433633,host_476589): 0 -> 1
Cell (virus_3433633,host_188571): 0 -> 1
Cell (virus_3433633,host_249024): 0 -> 1
Cell (virus_3433633,host_519037): 0 -> 1
Cell (virus_3433633,host_385575): 0 -> 1
Cell (virus_3433633,host_328804): 0 -> 1
Cell (virus_3433633,host_9403): 0 -> 1
Cell (virus_3433633,host_58057): 0 -> 1
Cell (virus_3433633,host_58073): 0 -> 1
Cell (virus_3433633,host_58065): 0 -> 1
Cell (virus_3433633,host_58063): 0 -> 1
Cell (virus_3433633,host_1898386): 0 -> 1
Cell (virus_3433633,host_374419): 0 -> 1
Cell (virus_3433633,host_138695): 0 -> 1
Cell (virus_3433633,host_148094): 0 -> 1
Cell (virus_3433633,host_410852): 0 -> 1
Cell (virus_3433633,host_27634): 0 -> 1
Cell (virus_3433633,host_9417): 0 -> 1
Cell (virus_3433633,host_51012): 0 -> 1
Cell (virus_3433633,host_40224): 0 -> 1
Cell (virus_3433633,host_192403): 0 -> 1
Cell (virus_3433633,host_196700): 0 -> 1
Cell (virus_3433633,host_177160): 0 -> 1
Cell (virus_3433633,host_2994998): 0 -> 1
Cell (virus_3433633,host_148061): 0 -> 1
Cell (virus_3433633,host_148089): 0 -> 1
Cell (virus_3433633,host_94961): 0 -> 1
Cell (virus_3433633,host_59472): 0 -> 1
Cell (virus_3433633,host_258863): 0 -> 1
Cell (virus_3433633,host_452595): 0 -> 1
Cell (virus_3433633,host_3370289): 0 -> 1
Cell (virus_3433633,host_61862): 0 -> 1
Cell (virus_3433633,host_3371016): 0 -> 1
Cell (virus_3433633,host_3371021): 0 -> 1
Cell (virus_3433633,host_360967): 0 -> 1
Cell (virus_3433633,host_109485): 0 -> 1
Cell (virus_3433633,host_999321): 0 -> 1
Cell (virus_3433633,host_143942): 0 -> 1
Cell (virus_3433633,host_258889): 0 -> 1
Cell (virus_1508220,host_105273): 0 -> 1
Cell (virus_1508220,host_294653): 0 -> 1
Cell (virus_1508220,host_3380546): 0 -> 1
Cell (virus_1508220,host_9435): 0 -> 1
Cell (virus_1508220,host_109480): 0 -> 1
Cell (virus_1508220,host_160974): 0 -> 1
Cell (virus_1508220,host_187014): 0 -> 1
Cell (virus_1508220,host_526407): 0 -> 1
Cell (virus_1508220,host_138979): 0 -> 1
Cell (virus_1508220,host_159330): 0 -> 1
Cell (virus_1508220,host_258940): 0 -> 1
Cell (virus_1508220,host_587652): 0 -> 1
Cell (virus_1508220,host_225400): 0 -> 1
Cell (virus_1508220,host_2015597): 0 -> 1
Cell (virus_1508220,host_258925): 0 -> 1
Cell (virus_1508220,host_685731): 0 -> 1
Cell (virus_1508220,host_188568): 0 -> 1
Cell (virus_1508220,host_59453): 0 -> 1
Cell (virus_1508220,host_249020): 0 -> 1
Cell (virus_1508220,host_463808): 0 -> 1
Cell (virus_1508220,host_170233): 0 -> 1
Cell (virus_1508220,host_196296): 0 -> 1
Cell (virus_1508220,host_196889): 0 -> 1
Cell (virus_1508220,host_76837): 0 -> 1
Cell (virus_1508220,host_608708): 0 -> 1
Cell (virus_1508220,host_476589): 0 -> 1
Cell (virus_1508220,host_188571): 0 -> 1
Cell (virus_1508220,host_249024): 0 -> 1
Cell (virus_1508220,host_519037): 0 -> 1
Cell (virus_1508220,host_166054): 0 -> 1
Cell (virus_1508220,host_385575): 0 -> 1
Cell (virus_1508220,host_328804): 0 -> 1
Cell (virus_1508220,host_9403): 0 -> 1
Cell (virus_1508220,host_58057): 0 -> 1
Cell (virus_1508220,host_903567): 0 -> 1
Cell (virus_1508220,host_58067): 0 -> 1
Cell (virus_1508220,host_58073): 0 -> 1
Cell (virus_1508220,host_58065): 0 -> 1
Cell (virus_1508220,host_58063): 0 -> 1
Cell (virus_1508220,host_1898386): 0 -> 1
Cell (virus_1508220,host_374419): 0 -> 1
Cell (virus_1508220,host_138695): 0 -> 1
Cell (virus_1508220,host_148094): 0 -> 1
Cell (virus_1508220,host_410852): 0 -> 1
Cell (virus_1508220,host_27634): 0 -> 1
Cell (virus_1508220,host_9417): 0 -> 1
Cell (virus_1508220,host_51012): 0 -> 1
Cell (virus_1508220,host_40224): 0 -> 1
Cell (virus_1508220,host_192403): 0 -> 1
Cell (virus_1508220,host_196700): 0 -> 1
Cell (virus_1508220,host_177160): 0 -> 1
Cell (virus_1508220,host_2994998): 0 -> 1
Cell (virus_1508220,host_148061): 0 -> 1
Cell (virus_1508220,host_94961): 0 -> 1
Cell (virus_1508220,host_59472): 0 -> 1
Cell (virus_1508220,host_258863): 0 -> 1
Cell (virus_1508220,host_452595): 0 -> 1
Cell (virus_1508220,host_3370289): 0 -> 1
Cell (virus_1508220,host_258952): 0 -> 1
Cell (virus_1508220,host_61862): 0 -> 1
Cell (virus_1508220,host_3371016): 0 -> 1
Cell (virus_1508220,host_360967): 0 -> 1
Cell (virus_1508220,host_109485): 0 -> 1
Cell (virus_1508220,host_143942): 0 -> 1
Cell (virus_1508220,host_258889): 0 -> 1
Cell (virus_3433775,host_105273): 0 -> 1
Cell (virus_3433775,host_294653): 0 -> 1
Cell (virus_3433775,host_3380546): 0 -> 1
Cell (virus_3433775,host_9435): 0 -> 1
Cell (virus_3433775,host_109480): 0 -> 1
Cell (virus_3433775,host_160974): 0 -> 1
Cell (virus_3433775,host_187014): 0 -> 1
Cell (virus_3433775,host_526407): 0 -> 1
Cell (virus_3433775,host_138979): 0 -> 1
Cell (virus_3433775,host_159330): 0 -> 1
Cell (virus_3433775,host_258940): 0 -> 1
Cell (virus_3433775,host_587652): 0 -> 1
Cell (virus_3433775,host_225400): 0 -> 1
Cell (virus_3433775,host_258925): 0 -> 1
Cell (virus_3433775,host_685731): 0 -> 1
Cell (virus_3433775,host_188568): 0 -> 1
Cell (virus_3433775,host_59453): 0 -> 1
Cell (virus_3433775,host_249020): 0 -> 1
Cell (virus_3433775,host_463808): 0 -> 1
Cell (virus_3433775,host_170233): 0 -> 1
Cell (virus_3433775,host_196296): 0 -> 1
Cell (virus_3433775,host_196889): 0 -> 1
Cell (virus_3433775,host_76837): 0 -> 1
Cell (virus_3433775,host_608708): 0 -> 1
Cell (virus_3433775,host_476589): 0 -> 1
Cell (virus_3433775,host_188571): 0 -> 1
Cell (virus_3433775,host_249024): 0 -> 1
Cell (virus_3433775,host_519037): 0 -> 1
Cell (virus_3433775,host_166054): 0 -> 1
Cell (virus_3433775,host_385575): 0 -> 1
Cell (virus_3433775,host_328804): 0 -> 1
Cell (virus_3433775,host_9403): 0 -> 1
Cell (virus_3433775,host_58057): 0 -> 1
Cell (virus_3433775,host_903567): 0 -> 1
Cell (virus_3433775,host_58067): 0 -> 1
Cell (virus_3433775,host_58073): 0 -> 1
Cell (virus_3433775,host_58065): 0 -> 1
Cell (virus_3433775,host_58063): 0 -> 1
Cell (virus_3433775,host_1898386): 0 -> 1
Cell (virus_3433775,host_374419): 0 -> 1
Cell (virus_3433775,host_138695): 0 -> 1
Cell (virus_3433775,host_148094): 0 -> 1
Cell (virus_3433775,host_410852): 0 -> 1
Cell (virus_3433775,host_27634): 0 -> 1
Cell (virus_3433775,host_9417): 0 -> 1
Cell (virus_3433775,host_51012): 0 -> 1
Cell (virus_3433775,host_40224): 0 -> 1
Cell (virus_3433775,host_192403): 0 -> 1
Cell (virus_3433775,host_196700): 0 -> 1
Cell (virus_3433775,host_177160): 0 -> 1
Cell (virus_3433775,host_2994998): 0 -> 1
Cell (virus_3433775,host_148061): 0 -> 1
Cell (virus_3433775,host_94961): 0 -> 1
Cell (virus_3433775,host_59472): 0 -> 1
Cell (virus_3433775,host_258863): 0 -> 1
Cell (virus_3433775,host_452595): 0 -> 1
Cell (virus_3433775,host_3370289): 0 -> 1
Cell (virus_3433775,host_258952): 0 -> 1
Cell (virus_3433775,host_61862): 0 -> 1
Cell (virus_3433775,host_3371016): 0 -> 1
Cell (virus_3433775,host_3371021): 0 -> 1
Cell (virus_3433775,host_360967): 0 -> 1
Cell (virus_3433775,host_109485): 0 -> 1
Cell (virus_3433775,host_143942): 0 -> 1
Cell (virus_3433775,host_258889): 0 -> 1
Cell (virus_694008,host_105273): 0 -> 1
Cell (virus_694008,host_294653): 0 -> 1
Cell (virus_694008,host_3380546): 0 -> 1
Cell (virus_694008,host_9435): 0 -> 1
Cell (virus_694008,host_109480): 0 -> 1
Cell (virus_694008,host_160974): 0 -> 1
Cell (virus_694008,host_187014): 0 -> 1
Cell (virus_694008,host_526407): 0 -> 1
Cell (virus_694008,host_138979): 0 -> 1
Cell (virus_694008,host_159330): 0 -> 1
Cell (virus_694008,host_258940): 0 -> 1
Cell (virus_694008,host_587652): 0 -> 1
Cell (virus_694008,host_225400): 0 -> 1
Cell (virus_694008,host_258925): 0 -> 1
Cell (virus_694008,host_685731): 0 -> 1
Cell (virus_694008,host_188568): 0 -> 1
Cell (virus_694008,host_59453): 0 -> 1
Cell (virus_694008,host_249020): 0 -> 1
Cell (virus_694008,host_463808): 0 -> 1
Cell (virus_694008,host_170233): 0 -> 1
Cell (virus_694008,host_196296): 0 -> 1
Cell (virus_694008,host_196889): 0 -> 1
Cell (virus_694008,host_76837): 0 -> 1
Cell (virus_694008,host_608708): 0 -> 1
Cell (virus_694008,host_476589): 0 -> 1
Cell (virus_694008,host_188571): 0 -> 1
Cell (virus_694008,host_249024): 0 -> 1
Cell (virus_694008,host_519037): 0 -> 1
Cell (virus_694008,host_166054): 0 -> 1
Cell (virus_694008,host_385575): 0 -> 1
Cell (virus_694008,host_328804): 0 -> 1
Cell (virus_694008,host_9403): 0 -> 1
Cell (virus_694008,host_58057): 0 -> 1
Cell (virus_694008,host_903567): 0 -> 1
Cell (virus_694008,host_58067): 0 -> 1
Cell (virus_694008,host_58073): 0 -> 1
Cell (virus_694008,host_58065): 0 -> 1
Cell (virus_694008,host_58063): 0 -> 1
Cell (virus_694008,host_1898386): 0 -> 1
Cell (virus_694008,host_374419): 0 -> 1
Cell (virus_694008,host_138695): 0 -> 1
Cell (virus_694008,host_148094): 0 -> 1
Cell (virus_694008,host_410852): 0 -> 1
Cell (virus_694008,host_27634): 0 -> 1
Cell (virus_694008,host_9417): 0 -> 1
Cell (virus_694008,host_51012): 0 -> 1
Cell (virus_694008,host_40224): 0 -> 1
Cell (virus_694008,host_192403): 0 -> 1
Cell (virus_694008,host_196700): 0 -> 1
Cell (virus_694008,host_177160): 0 -> 1
Cell (virus_694008,host_2994998): 0 -> 1
Cell (virus_694008,host_148061): 0 -> 1
Cell (virus_694008,host_94961): 0 -> 1
Cell (virus_694008,host_59472): 0 -> 1
Cell (virus_694008,host_258863): 0 -> 1
Cell (virus_694008,host_452595): 0 -> 1
Cell (virus_694008,host_3370289): 0 -> 1
Cell (virus_694008,host_258952): 0 -> 1
Cell (virus_694008,host_61862): 0 -> 1
Cell (virus_694008,host_3371016): 0 -> 1
Cell (virus_694008,host_3371021): 0 -> 1
Cell (virus_694008,host_360967): 0 -> 1
Cell (virus_694008,host_109485): 0 -> 1
Cell (virus_694008,host_143942): 0 -> 1
Cell (virus_694008,host_258889): 0 -> 1
Cell (virus_2832974,host_105273): 0 -> 1
Cell (virus_2832974,host_294653): 0 -> 1
Cell (virus_2832974,host_3380546): 0 -> 1
Cell (virus_2832974,host_9435): 0 -> 1
Cell (virus_2832974,host_109480): 0 -> 1
Cell (virus_2832974,host_160974): 0 -> 1
Cell (virus_2832974,host_526407): 0 -> 1
Cell (virus_2832974,host_138979): 0 -> 1
Cell (virus_2832974,host_159330): 0 -> 1
Cell (virus_2832974,host_258940): 0 -> 1
Cell (virus_2832974,host_587652): 0 -> 1
Cell (virus_2832974,host_225400): 0 -> 1
Cell (virus_2832974,host_2015597): 0 -> 1
Cell (virus_2832974,host_685731): 0 -> 1
Cell (virus_2832974,host_188568): 0 -> 1
Cell (virus_2832974,host_59453): 0 -> 1
Cell (virus_2832974,host_249020): 0 -> 1
Cell (virus_2832974,host_463808): 0 -> 1
Cell (virus_2832974,host_170233): 0 -> 1
Cell (virus_2832974,host_196296): 0 -> 1
Cell (virus_2832974,host_188572): 0 -> 1
Cell (virus_2832974,host_196889): 0 -> 1
Cell (virus_2832974,host_76837): 0 -> 1
Cell (virus_2832974,host_76834): 0 -> 1
Cell (virus_2832974,host_608708): 0 -> 1
Cell (virus_2832974,host_476589): 0 -> 1
Cell (virus_2832974,host_249024): 0 -> 1
Cell (virus_2832974,host_519037): 0 -> 1
Cell (virus_2832974,host_166054): 0 -> 1
Cell (virus_2832974,host_385575): 0 -> 1
Cell (virus_2832974,host_328804): 0 -> 1
Cell (virus_2832974,host_9403): 0 -> 1
Cell (virus_2832974,host_58057): 0 -> 1
Cell (virus_2832974,host_903567): 0 -> 1
Cell (virus_2832974,host_58067): 0 -> 1
Cell (virus_2832974,host_58073): 0 -> 1
Cell (virus_2832974,host_58065): 0 -> 1
Cell (virus_2832974,host_58063): 0 -> 1
Cell (virus_2832974,host_1898386): 0 -> 1
Cell (virus_2832974,host_374419): 0 -> 1
Cell (virus_2832974,host_138695): 0 -> 1
Cell (virus_2832974,host_148094): 0 -> 1
Cell (virus_2832974,host_410852): 0 -> 1
Cell (virus_2832974,host_27634): 0 -> 1
Cell (virus_2832974,host_9417): 0 -> 1
Cell (virus_2832974,host_51012): 0 -> 1
Cell (virus_2832974,host_40224): 0 -> 1
Cell (virus_2832974,host_192403): 0 -> 1
Cell (virus_2832974,host_196700): 0 -> 1
Cell (virus_2832974,host_177160): 0 -> 1
Cell (virus_2832974,host_2994998): 0 -> 1
Cell (virus_2832974,host_148061): 0 -> 1
Cell (virus_2832974,host_94961): 0 -> 1
Cell (virus_2832974,host_59472): 0 -> 1
Cell (virus_2832974,host_258863): 0 -> 1
Cell (virus_2832974,host_452595): 0 -> 1
Cell (virus_2832974,host_258952): 0 -> 1
Cell (virus_2832974,host_61862): 0 -> 1
Cell (virus_2832974,host_3371016): 0 -> 1
Cell (virus_2832974,host_3371021): 0 -> 1
Cell (virus_2832974,host_360967): 0 -> 1
Cell (virus_2832974,host_109485): 0 -> 1
Cell (virus_2832974,host_258889): 0 -> 1
Cell (virus_1928434,host_294653): 0 -> 1
Cell (virus_1928434,host_3380546): 0 -> 1
Cell (virus_1928434,host_9435): 0 -> 1
Cell (virus_1928434,host_257882): 0 -> 1
Cell (virus_1928434,host_109480): 0 -> 1
Cell (virus_1928434,host_160974): 0 -> 1
Cell (virus_1928434,host_412095): 0 -> 1
Cell (virus_1928434,host_386774): 0 -> 1
Cell (virus_1928434,host_187014): 0 -> 1
Cell (virus_1928434,host_526407): 0 -> 1
Cell (virus_1928434,host_258940): 0 -> 1
Cell (virus_1928434,host_587652): 0 -> 1
Cell (virus_1928434,host_155915): 0 -> 1
Cell (virus_1928434,host_2015597): 0 -> 1
Cell (virus_1928434,host_685731): 0 -> 1
Cell (virus_1928434,host_188568): 0 -> 1
Cell (virus_1928434,host_249020): 0 -> 1
Cell (virus_1928434,host_170233): 0 -> 1
Cell (virus_1928434,host_196296): 0 -> 1
Cell (virus_1928434,host_188572): 0 -> 1
Cell (virus_1928434,host_196889): 0 -> 1
Cell (virus_1928434,host_76837): 0 -> 1
Cell (virus_1928434,host_608708): 0 -> 1
Cell (virus_1928434,host_476589): 0 -> 1
Cell (virus_1928434,host_249024): 0 -> 1
Cell (virus_1928434,host_519037): 0 -> 1
Cell (virus_1928434,host_196297): 0 -> 1
Cell (virus_1928434,host_385575): 0 -> 1
Cell (virus_1928434,host_328804): 0 -> 1
Cell (virus_1928434,host_9403): 0 -> 1
Cell (virus_1928434,host_77223): 0 -> 1
Cell (virus_1928434,host_58065): 0 -> 1
Cell (virus_1928434,host_58063): 0 -> 1
Cell (virus_1928434,host_1898386): 0 -> 1
Cell (virus_1928434,host_9400): 0 -> 1
Cell (virus_1928434,host_374419): 0 -> 1
Cell (virus_1928434,host_138695): 0 -> 1
Cell (virus_1928434,host_148094): 0 -> 1
Cell (virus_1928434,host_410852): 0 -> 1
Cell (virus_1928434,host_27634): 0 -> 1
Cell (virus_1928434,host_51012): 0 -> 1
Cell (virus_1928434,host_40224): 0 -> 1
Cell (virus_1928434,host_192403): 0 -> 1
Cell (virus_1928434,host_196700): 0 -> 1
Cell (virus_1928434,host_177160): 0 -> 1
Cell (virus_1928434,host_177162): 0 -> 1
Cell (virus_1928434,host_148061): 0 -> 1
Cell (virus_1928434,host_94961): 0 -> 1
Cell (virus_1928434,host_3371013): 0 -> 1
Cell (virus_1928434,host_59472): 0 -> 1
Cell (virus_1928434,host_2218597): 0 -> 1
Cell (virus_1928434,host_61862): 0 -> 1
Cell (virus_1928434,host_258909): 0 -> 1
Cell (virus_1928434,host_3371016): 0 -> 1
Cell (virus_1928434,host_360967): 0 -> 1
Cell (virus_1928434,host_59474): 0 -> 1
Cell (virus_1928434,host_2491053): 0 -> 1
Cell (virus_1928434,host_110938): 0 -> 1
Cell (virus_3433757,host_294653): 0 -> 1
Cell (virus_3433757,host_3380546): 0 -> 1
Cell (virus_3433757,host_9435): 0 -> 1
Cell (virus_3433757,host_257882): 0 -> 1
Cell (virus_3433757,host_59463): 0 -> 1
Cell (virus_3433757,host_109480): 0 -> 1
Cell (virus_3433757,host_160974): 0 -> 1
Cell (virus_3433757,host_412095): 0 -> 1
Cell (virus_3433757,host_386774): 0 -> 1
Cell (virus_3433757,host_187014): 0 -> 1
Cell (virus_3433757,host_526407): 0 -> 1
Cell (virus_3433757,host_258940): 0 -> 1
Cell (virus_3433757,host_587652): 0 -> 1
Cell (virus_3433757,host_155915): 0 -> 1
Cell (virus_3433757,host_2015597): 0 -> 1
Cell (virus_3433757,host_685731): 0 -> 1
Cell (virus_3433757,host_188568): 0 -> 1
Cell (virus_3433757,host_249020): 0 -> 1
Cell (virus_3433757,host_170233): 0 -> 1
Cell (virus_3433757,host_196296): 0 -> 1
Cell (virus_3433757,host_188572): 0 -> 1
Cell (virus_3433757,host_196889): 0 -> 1
Cell (virus_3433757,host_76837): 0 -> 1
Cell (virus_3433757,host_608708): 0 -> 1
Cell (virus_3433757,host_476589): 0 -> 1
Cell (virus_3433757,host_249024): 0 -> 1
Cell (virus_3433757,host_519037): 0 -> 1
Cell (virus_3433757,host_196297): 0 -> 1
Cell (virus_3433757,host_385575): 0 -> 1
Cell (virus_3433757,host_328804): 0 -> 1
Cell (virus_3433757,host_9403): 0 -> 1
Cell (virus_3433757,host_77223): 0 -> 1
Cell (virus_3433757,host_58065): 0 -> 1
Cell (virus_3433757,host_58063): 0 -> 1
Cell (virus_3433757,host_1898386): 0 -> 1
Cell (virus_3433757,host_9400): 0 -> 1
Cell (virus_3433757,host_374419): 0 -> 1
Cell (virus_3433757,host_138695): 0 -> 1
Cell (virus_3433757,host_148094): 0 -> 1
Cell (virus_3433757,host_410852): 0 -> 1
Cell (virus_3433757,host_27634): 0 -> 1
Cell (virus_3433757,host_51012): 0 -> 1
Cell (virus_3433757,host_40224): 0 -> 1
Cell (virus_3433757,host_192403): 0 -> 1
Cell (virus_3433757,host_196700): 0 -> 1
Cell (virus_3433757,host_177160): 0 -> 1
Cell (virus_3433757,host_177162): 0 -> 1
Cell (virus_3433757,host_148061): 0 -> 1
Cell (virus_3433757,host_94961): 0 -> 1
Cell (virus_3433757,host_3371013): 0 -> 1
Cell (virus_3433757,host_59472): 0 -> 1
Cell (virus_3433757,host_2218597): 0 -> 1
Cell (virus_3433757,host_61862): 0 -> 1
Cell (virus_3433757,host_258909): 0 -> 1
Cell (virus_3433757,host_3371016): 0 -> 1
Cell (virus_3433757,host_360967): 0 -> 1
Cell (virus_3433757,host_59474): 0 -> 1
Cell (virus_3433757,host_2491053): 0 -> 1
Cell (virus_3433757,host_110938): 0 -> 1
Cell (virus_694003,host_294653): 0 -> 1
Cell (virus_694003,host_3380546): 0 -> 1
Cell (virus_694003,host_9435): 0 -> 1
Cell (virus_694003,host_257882): 0 -> 1
Cell (virus_694003,host_59463): 0 -> 1
Cell (virus_694003,host_109480): 0 -> 1
Cell (virus_694003,host_160974): 0 -> 1
Cell (virus_694003,host_412095): 0 -> 1
Cell (virus_694003,host_386774): 0 -> 1
Cell (virus_694003,host_187014): 0 -> 1
Cell (virus_694003,host_526407): 0 -> 1
Cell (virus_694003,host_258940): 0 -> 1
Cell (virus_694003,host_587652): 0 -> 1
Cell (virus_694003,host_155915): 0 -> 1
Cell (virus_694003,host_2015597): 0 -> 1
Cell (virus_694003,host_685731): 0 -> 1
Cell (virus_694003,host_188568): 0 -> 1
Cell (virus_694003,host_249020): 0 -> 1
Cell (virus_694003,host_170233): 0 -> 1
Cell (virus_694003,host_196296): 0 -> 1
Cell (virus_694003,host_188572): 0 -> 1
Cell (virus_694003,host_196889): 0 -> 1
Cell (virus_694003,host_76837): 0 -> 1
Cell (virus_694003,host_608708): 0 -> 1
Cell (virus_694003,host_476589): 0 -> 1
Cell (virus_694003,host_249024): 0 -> 1
Cell (virus_694003,host_519037): 0 -> 1
Cell (virus_694003,host_196297): 0 -> 1
Cell (virus_694003,host_385575): 0 -> 1
Cell (virus_694003,host_328804): 0 -> 1
Cell (virus_694003,host_9403): 0 -> 1
Cell (virus_694003,host_77223): 0 -> 1
Cell (virus_694003,host_58065): 0 -> 1
Cell (virus_694003,host_58063): 0 -> 1
Cell (virus_694003,host_1898386): 0 -> 1
Cell (virus_694003,host_9400): 0 -> 1
Cell (virus_694003,host_374419): 0 -> 1
Cell (virus_694003,host_138695): 0 -> 1
Cell (virus_694003,host_148094): 0 -> 1
Cell (virus_694003,host_410852): 0 -> 1
Cell (virus_694003,host_27634): 0 -> 1
Cell (virus_694003,host_51012): 0 -> 1
Cell (virus_694003,host_40224): 0 -> 1
Cell (virus_694003,host_192403): 0 -> 1
Cell (virus_694003,host_196700): 0 -> 1
Cell (virus_694003,host_177160): 0 -> 1
Cell (virus_694003,host_177162): 0 -> 1
Cell (virus_694003,host_148061): 0 -> 1
Cell (virus_694003,host_94961): 0 -> 1
Cell (virus_694003,host_3371013): 0 -> 1
Cell (virus_694003,host_59472): 0 -> 1
Cell (virus_694003,host_2218597): 0 -> 1
Cell (virus_694003,host_61862): 0 -> 1
Cell (virus_694003,host_258909): 0 -> 1
Cell (virus_694003,host_3371016): 0 -> 1
Cell (virus_694003,host_360967): 0 -> 1
Cell (virus_694003,host_59474): 0 -> 1
Cell (virus_694003,host_2491053): 0 -> 1
Cell (virus_694003,host_110938): 0 -> 1
Cell (virus_2717680,host_105273): 0 -> 1
Cell (virus_2717680,host_294653): 0 -> 1
Cell (virus_2717680,host_9435): 0 -> 1
Cell (virus_2717680,host_257882): 0 -> 1
Cell (virus_2717680,host_160974): 0 -> 1
Cell (virus_2717680,host_386774): 0 -> 1
Cell (virus_2717680,host_526407): 0 -> 1
Cell (virus_2717680,host_138979): 0 -> 1
Cell (virus_2717680,host_587652): 0 -> 1
Cell (virus_2717680,host_225400): 0 -> 1
Cell (virus_2717680,host_258925): 0 -> 1
Cell (virus_2717680,host_685731): 0 -> 1
Cell (virus_2717680,host_188568): 0 -> 1
Cell (virus_2717680,host_170233): 0 -> 1
Cell (virus_2717680,host_188572): 0 -> 1
Cell (virus_2717680,host_196889): 0 -> 1
Cell (virus_2717680,host_76837): 0 -> 1
Cell (virus_2717680,host_76834): 0 -> 1
Cell (virus_2717680,host_608708): 0 -> 1
Cell (virus_2717680,host_89399): 0 -> 1
Cell (virus_2717680,host_249024): 0 -> 1
Cell (virus_2717680,host_519037): 0 -> 1
Cell (virus_2717680,host_329870): 0 -> 1
Cell (virus_2717680,host_549403): 0 -> 1
Cell (virus_2717680,host_166054): 0 -> 1
Cell (virus_2717680,host_385575): 0 -> 1
Cell (virus_2717680,host_58065): 0 -> 1
Cell (virus_2717680,host_58063): 0 -> 1
Cell (virus_2717680,host_1898386): 0 -> 1
Cell (virus_2717680,host_9400): 0 -> 1
Cell (virus_2717680,host_374419): 0 -> 1
Cell (virus_2717680,host_326151): 0 -> 1
Cell (virus_2717680,host_94956): 0 -> 1
Cell (virus_2717680,host_1884717): 0 -> 1
Cell (virus_2717680,host_138695): 0 -> 1
Cell (virus_2717680,host_148094): 0 -> 1
Cell (virus_2717680,host_410852): 0 -> 1
Cell (virus_2717680,host_27634): 0 -> 1
Cell (virus_2717680,host_9417): 0 -> 1
Cell (virus_2717680,host_51012): 0 -> 1
Cell (virus_2717680,host_192403): 0 -> 1
Cell (virus_2717680,host_196700): 0 -> 1
Cell (virus_2717680,host_148061): 0 -> 1
Cell (virus_2717680,host_94961): 0 -> 1
Cell (virus_2717680,host_3371013): 0 -> 1
Cell (virus_2717680,host_59472): 0 -> 1
Cell (virus_2717680,host_258867): 0 -> 1
Cell (virus_2717680,host_452595): 0 -> 1
Cell (virus_2717680,host_3370289): 0 -> 1
Cell (virus_2717680,host_61862): 0 -> 1
Cell (virus_2717680,host_258909): 0 -> 1
Cell (virus_2717680,host_3371016): 0 -> 1
Cell (virus_2717680,host_360967): 0 -> 1
Cell (virus_2717680,host_109485): 0 -> 1
Cell (virus_2717680,host_258889): 0 -> 1
Cell (virus_2717680,host_2491053): 0 -> 1
Cell (virus_2833022,host_105273): 0 -> 1
Cell (virus_2833022,host_294653): 0 -> 1
Cell (virus_2833022,host_9435): 0 -> 1
Cell (virus_2833022,host_160974): 0 -> 1
Cell (virus_2833022,host_386774): 0 -> 1
Cell (virus_2833022,host_526407): 0 -> 1
Cell (virus_2833022,host_138979): 0 -> 1
Cell (virus_2833022,host_587652): 0 -> 1
Cell (virus_2833022,host_225400): 0 -> 1
Cell (virus_2833022,host_258925): 0 -> 1
Cell (virus_2833022,host_685731): 0 -> 1
Cell (virus_2833022,host_188568): 0 -> 1
Cell (virus_2833022,host_170233): 0 -> 1
Cell (virus_2833022,host_188572): 0 -> 1
Cell (virus_2833022,host_196889): 0 -> 1
Cell (virus_2833022,host_76837): 0 -> 1
Cell (virus_2833022,host_76834): 0 -> 1
Cell (virus_2833022,host_608708): 0 -> 1
Cell (virus_2833022,host_89399): 0 -> 1
Cell (virus_2833022,host_249024): 0 -> 1
Cell (virus_2833022,host_519037): 0 -> 1
Cell (virus_2833022,host_329870): 0 -> 1
Cell (virus_2833022,host_549403): 0 -> 1
Cell (virus_2833022,host_385575): 0 -> 1
Cell (virus_2833022,host_1898393): 0 -> 1
Cell (virus_2833022,host_58065): 0 -> 1
Cell (virus_2833022,host_58063): 0 -> 1
Cell (virus_2833022,host_1898386): 0 -> 1
Cell (virus_2833022,host_9400): 0 -> 1
Cell (virus_2833022,host_374419): 0 -> 1
Cell (virus_2833022,host_94956): 0 -> 1
Cell (virus_2833022,host_1884717): 0 -> 1
Cell (virus_2833022,host_138695): 0 -> 1
Cell (virus_2833022,host_148094): 0 -> 1
Cell (virus_2833022,host_410852): 0 -> 1
Cell (virus_2833022,host_27634): 0 -> 1
Cell (virus_2833022,host_40228): 0 -> 1
Cell (virus_2833022,host_9417): 0 -> 1
Cell (virus_2833022,host_51012): 0 -> 1
Cell (virus_2833022,host_196700): 0 -> 1
Cell (virus_2833022,host_148061): 0 -> 1
Cell (virus_2833022,host_94961): 0 -> 1
Cell (virus_2833022,host_3371013): 0 -> 1
Cell (virus_2833022,host_59472): 0 -> 1
Cell (virus_2833022,host_258867): 0 -> 1
Cell (virus_2833022,host_452595): 0 -> 1
Cell (virus_2833022,host_3370289): 0 -> 1
Cell (virus_2833022,host_61862): 0 -> 1
Cell (virus_2833022,host_258909): 0 -> 1
Cell (virus_2833022,host_3371016): 0 -> 1
Cell (virus_2833022,host_360967): 0 -> 1
Cell (virus_2833022,host_109485): 0 -> 1
Cell (virus_2833022,host_258889): 0 -> 1
Cell (virus_2833022,host_2491053): 0 -> 1
Cell (virus_2913444,host_105273): 0 -> 1
Cell (virus_2913444,host_294653): 0 -> 1
Cell (virus_2913444,host_59473): 0 -> 1
Cell (virus_2913444,host_9435): 0 -> 1
Cell (virus_2913444,host_109480): 0 -> 1
Cell (virus_2913444,host_160974): 0 -> 1
Cell (virus_2913444,host_386774): 0 -> 1
Cell (virus_2913444,host_526407): 0 -> 1
Cell (virus_2913444,host_138979): 0 -> 1
Cell (virus_2913444,host_587652): 0 -> 1
Cell (virus_2913444,host_225400): 0 -> 1
Cell (virus_2913444,host_258925): 0 -> 1
Cell (virus_2913444,host_685731): 0 -> 1
Cell (virus_2913444,host_188568): 0 -> 1
Cell (virus_2913444,host_170233): 0 -> 1
Cell (virus_2913444,host_188572): 0 -> 1
Cell (virus_2913444,host_196889): 0 -> 1
Cell (virus_2913444,host_76837): 0 -> 1
Cell (virus_2913444,host_76834): 0 -> 1
Cell (virus_2913444,host_608708): 0 -> 1
Cell (virus_2913444,host_89399): 0 -> 1
Cell (virus_2913444,host_249024): 0 -> 1
Cell (virus_2913444,host_519037): 0 -> 1
Cell (virus_2913444,host_329870): 0 -> 1
Cell (virus_2913444,host_549403): 0 -> 1
Cell (virus_2913444,host_385575): 0 -> 1
Cell (virus_2913444,host_1898393): 0 -> 1
Cell (virus_2913444,host_58065): 0 -> 1
Cell (virus_2913444,host_58063): 0 -> 1
Cell (virus_2913444,host_1898386): 0 -> 1
Cell (virus_2913444,host_9400): 0 -> 1
Cell (virus_2913444,host_374419): 0 -> 1
Cell (virus_2913444,host_94956): 0 -> 1
Cell (virus_2913444,host_1884717): 0 -> 1
Cell (virus_2913444,host_138695): 0 -> 1
Cell (virus_2913444,host_148094): 0 -> 1
Cell (virus_2913444,host_410852): 0 -> 1
Cell (virus_2913444,host_27634): 0 -> 1
Cell (virus_2913444,host_9417): 0 -> 1
Cell (virus_2913444,host_51012): 0 -> 1
Cell (virus_2913444,host_192403): 0 -> 1
Cell (virus_2913444,host_196700): 0 -> 1
Cell (virus_2913444,host_148061): 0 -> 1
Cell (virus_2913444,host_94961): 0 -> 1
Cell (virus_2913444,host_3371013): 0 -> 1
Cell (virus_2913444,host_59472): 0 -> 1
Cell (virus_2913444,host_258867): 0 -> 1
Cell (virus_2913444,host_452595): 0 -> 1
Cell (virus_2913444,host_3370289): 0 -> 1
Cell (virus_2913444,host_61862): 0 -> 1
Cell (virus_2913444,host_258909): 0 -> 1
Cell (virus_2913444,host_3371016): 0 -> 1
Cell (virus_2913444,host_360967): 0 -> 1
Cell (virus_2913444,host_109485): 0 -> 1
Cell (virus_2913444,host_258889): 0 -> 1
Cell (virus_2913444,host_2491053): 0 -> 1
Cell (virus_3418614,host_105273): 0 -> 1
Cell (virus_3418614,host_294653): 0 -> 1
Cell (virus_3418614,host_9435): 0 -> 1
Cell (virus_3418614,host_160974): 0 -> 1
Cell (virus_3418614,host_138979): 0 -> 1
Cell (virus_3418614,host_258940): 0 -> 1
Cell (virus_3418614,host_587652): 0 -> 1
Cell (virus_3418614,host_225400): 0 -> 1
Cell (virus_3418614,host_258925): 0 -> 1
Cell (virus_3418614,host_685731): 0 -> 1
Cell (virus_3418614,host_188568): 0 -> 1
Cell (virus_3418614,host_170233): 0 -> 1
Cell (virus_3418614,host_188572): 0 -> 1
Cell (virus_3418614,host_196889): 0 -> 1
Cell (virus_3418614,host_476588): 0 -> 1
Cell (virus_3418614,host_76837): 0 -> 1
Cell (virus_3418614,host_76834): 0 -> 1
Cell (virus_3418614,host_608708): 0 -> 1
Cell (virus_3418614,host_89399): 0 -> 1
Cell (virus_3418614,host_249024): 0 -> 1
Cell (virus_3418614,host_519037): 0 -> 1
Cell (virus_3418614,host_329870): 0 -> 1
Cell (virus_3418614,host_549403): 0 -> 1
Cell (virus_3418614,host_166054): 0 -> 1
Cell (virus_3418614,host_385575): 0 -> 1
Cell (virus_3418614,host_58065): 0 -> 1
Cell (virus_3418614,host_58063): 0 -> 1
Cell (virus_3418614,host_1898386): 0 -> 1
Cell (virus_3418614,host_9400): 0 -> 1
Cell (virus_3418614,host_374419): 0 -> 1
Cell (virus_3418614,host_187003): 0 -> 1
Cell (virus_3418614,host_94956): 0 -> 1
Cell (virus_3418614,host_1884717): 0 -> 1
Cell (virus_3418614,host_59476): 0 -> 1
Cell (virus_3418614,host_138695): 0 -> 1
Cell (virus_3418614,host_148094): 0 -> 1
Cell (virus_3418614,host_410852): 0 -> 1
Cell (virus_3418614,host_27634): 0 -> 1
Cell (virus_3418614,host_9417): 0 -> 1
Cell (virus_3418614,host_51012): 0 -> 1
Cell (virus_3418614,host_192403): 0 -> 1
Cell (virus_3418614,host_196700): 0 -> 1
Cell (virus_3418614,host_148061): 0 -> 1
Cell (virus_3418614,host_94961): 0 -> 1
Cell (virus_3418614,host_3371013): 0 -> 1
Cell (virus_3418614,host_59472): 0 -> 1
Cell (virus_3418614,host_258867): 0 -> 1
Cell (virus_3418614,host_452595): 0 -> 1
Cell (virus_3418614,host_3370289): 0 -> 1
Cell (virus_3418614,host_61862): 0 -> 1
Cell (virus_3418614,host_258909): 0 -> 1
Cell (virus_3418614,host_3371016): 0 -> 1
Cell (virus_3418614,host_360967): 0 -> 1
Cell (virus_3418614,host_109485): 0 -> 1
Cell (virus_3418614,host_258889): 0 -> 1
Cell (virus_2913379,host_105273): 0 -> 1
Cell (virus_2913379,host_294653): 0 -> 1
Cell (virus_2913379,host_9435): 0 -> 1
Cell (virus_2913379,host_160974): 0 -> 1
Cell (virus_2913379,host_386774): 0 -> 1
Cell (virus_2913379,host_138979): 0 -> 1
Cell (virus_2913379,host_587652): 0 -> 1
Cell (virus_2913379,host_225400): 0 -> 1
Cell (virus_2913379,host_258925): 0 -> 1
Cell (virus_2913379,host_170233): 0 -> 1
Cell (virus_2913379,host_188572): 0 -> 1
Cell (virus_2913379,host_196889): 0 -> 1
Cell (virus_2913379,host_76837): 0 -> 1
Cell (virus_2913379,host_76834): 0 -> 1
Cell (virus_2913379,host_608708): 0 -> 1
Cell (virus_2913379,host_476589): 0 -> 1
Cell (virus_2913379,host_89399): 0 -> 1
Cell (virus_2913379,host_249024): 0 -> 1
Cell (virus_2913379,host_519037): 0 -> 1
Cell (virus_2913379,host_329870): 0 -> 1
Cell (virus_2913379,host_549403): 0 -> 1
Cell (virus_2913379,host_166054): 0 -> 1
Cell (virus_2913379,host_385575): 0 -> 1
Cell (virus_2913379,host_58065): 0 -> 1
Cell (virus_2913379,host_58063): 0 -> 1
Cell (virus_2913379,host_1898386): 0 -> 1
Cell (virus_2913379,host_374419): 0 -> 1
Cell (virus_2913379,host_1884717): 0 -> 1
Cell (virus_2913379,host_138695): 0 -> 1
Cell (virus_2913379,host_148094): 0 -> 1
Cell (virus_2913379,host_410852): 0 -> 1
Cell (virus_2913379,host_27634): 0 -> 1
Cell (virus_2913379,host_51012): 0 -> 1
Cell (virus_2913379,host_40229): 0 -> 1
Cell (virus_2913379,host_192403): 0 -> 1
Cell (virus_2913379,host_196700): 0 -> 1
Cell (virus_2913379,host_94961): 0 -> 1
Cell (virus_2913379,host_3371013): 0 -> 1
Cell (virus_2913379,host_59472): 0 -> 1
Cell (virus_2913379,host_258867): 0 -> 1
Cell (virus_2913379,host_452595): 0 -> 1
Cell (virus_2913379,host_3370289): 0 -> 1
Cell (virus_2913379,host_61862): 0 -> 1
Cell (virus_2913379,host_258909): 0 -> 1
Cell (virus_2913379,host_3371016): 0 -> 1
Cell (virus_2913379,host_360967): 0 -> 1
Cell (virus_2913379,host_109485): 0 -> 1
Cell (virus_2913379,host_258889): 0 -> 1
Cell (virus_2913381,host_105273): 0 -> 1
Cell (virus_2913381,host_294653): 0 -> 1
Cell (virus_2913381,host_9435): 0 -> 1
Cell (virus_2913381,host_160974): 0 -> 1
Cell (virus_2913381,host_386774): 0 -> 1
Cell (virus_2913381,host_138979): 0 -> 1
Cell (virus_2913381,host_587652): 0 -> 1
Cell (virus_2913381,host_225400): 0 -> 1
Cell (virus_2913381,host_258925): 0 -> 1
Cell (virus_2913381,host_170233): 0 -> 1
Cell (virus_2913381,host_188572): 0 -> 1
Cell (virus_2913381,host_196889): 0 -> 1
Cell (virus_2913381,host_476588): 0 -> 1
Cell (virus_2913381,host_76837): 0 -> 1
Cell (virus_2913381,host_76834): 0 -> 1
Cell (virus_2913381,host_608708): 0 -> 1
Cell (virus_2913381,host_89399): 0 -> 1
Cell (virus_2913381,host_249024): 0 -> 1
Cell (virus_2913381,host_302408): 0 -> 1
Cell (virus_2913381,host_519037): 0 -> 1
Cell (virus_2913381,host_329870): 0 -> 1
Cell (virus_2913381,host_549403): 0 -> 1
Cell (virus_2913381,host_166054): 0 -> 1
Cell (virus_2913381,host_385575): 0 -> 1
Cell (virus_2913381,host_58065): 0 -> 1
Cell (virus_2913381,host_58063): 0 -> 1
Cell (virus_2913381,host_1898386): 0 -> 1
Cell (virus_2913381,host_374419): 0 -> 1
Cell (virus_2913381,host_1884717): 0 -> 1
Cell (virus_2913381,host_138695): 0 -> 1
Cell (virus_2913381,host_148094): 0 -> 1
Cell (virus_2913381,host_410852): 0 -> 1
Cell (virus_2913381,host_27634): 0 -> 1
Cell (virus_2913381,host_51012): 0 -> 1
Cell (virus_2913381,host_192403): 0 -> 1
Cell (virus_2913381,host_196700): 0 -> 1
Cell (virus_2913381,host_94961): 0 -> 1
Cell (virus_2913381,host_3371013): 0 -> 1
Cell (virus_2913381,host_59472): 0 -> 1
Cell (virus_2913381,host_258867): 0 -> 1
Cell (virus_2913381,host_452595): 0 -> 1
Cell (virus_2913381,host_3370289): 0 -> 1
Cell (virus_2913381,host_61862): 0 -> 1
Cell (virus_2913381,host_258909): 0 -> 1
Cell (virus_2913381,host_3371016): 0 -> 1
Cell (virus_2913381,host_360967): 0 -> 1
Cell (virus_2913381,host_109485): 0 -> 1
Cell (virus_2913381,host_258889): 0 -> 1
Cell (virus_3418613,host_105273): 0 -> 1
Cell (virus_3418613,host_294653): 0 -> 1
Cell (virus_3418613,host_59473): 0 -> 1
Cell (virus_3418613,host_9435): 0 -> 1
Cell (virus_3418613,host_160974): 0 -> 1
Cell (virus_3418613,host_386774): 0 -> 1
Cell (virus_3418613,host_138979): 0 -> 1
Cell (virus_3418613,host_587652): 0 -> 1
Cell (virus_3418613,host_225400): 0 -> 1
Cell (virus_3418613,host_258925): 0 -> 1
Cell (virus_3418613,host_188568): 0 -> 1
Cell (virus_3418613,host_170233): 0 -> 1
Cell (virus_3418613,host_188572): 0 -> 1
Cell (virus_3418613,host_196889): 0 -> 1
Cell (virus_3418613,host_76837): 0 -> 1
Cell (virus_3418613,host_320431): 0 -> 1
Cell (virus_3418613,host_76834): 0 -> 1
Cell (virus_3418613,host_608708): 0 -> 1
Cell (virus_3418613,host_476589): 0 -> 1
Cell (virus_3418613,host_89399): 0 -> 1
Cell (virus_3418613,host_249024): 0 -> 1
Cell (virus_3418613,host_49443): 0 -> 1
Cell (virus_3418613,host_519037): 0 -> 1
Cell (virus_3418613,host_329870): 0 -> 1
Cell (virus_3418613,host_549403): 0 -> 1
Cell (virus_3418613,host_166054): 0 -> 1
Cell (virus_3418613,host_385575): 0 -> 1
Cell (virus_3418613,host_58065): 0 -> 1
Cell (virus_3418613,host_58063): 0 -> 1
Cell (virus_3418613,host_9400): 0 -> 1
Cell (virus_3418613,host_298110): 0 -> 1
Cell (virus_3418613,host_374419): 0 -> 1
Cell (virus_3418613,host_1884717): 0 -> 1
Cell (virus_3418613,host_138695): 0 -> 1
Cell (virus_3418613,host_148094): 0 -> 1
Cell (virus_3418613,host_410852): 0 -> 1
Cell (virus_3418613,host_40230): 0 -> 1
Cell (virus_3418613,host_51012): 0 -> 1
Cell (virus_3418613,host_192403): 0 -> 1
Cell (virus_3418613,host_196700): 0 -> 1
Cell (virus_3418613,host_94961): 0 -> 1
Cell (virus_3418613,host_3371013): 0 -> 1
Cell (virus_3418613,host_59472): 0 -> 1
Cell (virus_3418613,host_258867): 0 -> 1
Cell (virus_3418613,host_242384): 0 -> 1
Cell (virus_3418613,host_452595): 0 -> 1
Cell (virus_3418613,host_3370289): 0 -> 1
Cell (virus_3418613,host_61862): 0 -> 1
Cell (virus_3418613,host_258909): 0 -> 1
Cell (virus_3418613,host_3371016): 0 -> 1
Cell (virus_3418613,host_360967): 0 -> 1
Cell (virus_3418613,host_109485): 0 -> 1
Cell (virus_3418613,host_258889): 0 -> 1
Cell (virus_2913443,host_105273): 0 -> 1
Cell (virus_2913443,host_294653): 0 -> 1
Cell (virus_2913443,host_9435): 0 -> 1
Cell (virus_2913443,host_59463): 0 -> 1
Cell (virus_2913443,host_160974): 0 -> 1
Cell (virus_2913443,host_386774): 0 -> 1
Cell (virus_2913443,host_526407): 0 -> 1
Cell (virus_2913443,host_138979): 0 -> 1
Cell (virus_2913443,host_587652): 0 -> 1
Cell (virus_2913443,host_258925): 0 -> 1
Cell (virus_2913443,host_685731): 0 -> 1
Cell (virus_2913443,host_188568): 0 -> 1
Cell (virus_2913443,host_170233): 0 -> 1
Cell (virus_2913443,host_188572): 0 -> 1
Cell (virus_2913443,host_196889): 0 -> 1
Cell (virus_2913443,host_76837): 0 -> 1
Cell (virus_2913443,host_76834): 0 -> 1
Cell (virus_2913443,host_608708): 0 -> 1
Cell (virus_2913443,host_476589): 0 -> 1
Cell (virus_2913443,host_89399): 0 -> 1
Cell (virus_2913443,host_249024): 0 -> 1
Cell (virus_2913443,host_519041): 0 -> 1
Cell (virus_2913443,host_519037): 0 -> 1
Cell (virus_2913443,host_329870): 0 -> 1
Cell (virus_2913443,host_549403): 0 -> 1
Cell (virus_2913443,host_166054): 0 -> 1
Cell (virus_2913443,host_385575): 0 -> 1
Cell (virus_2913443,host_9408): 0 -> 1
Cell (virus_2913443,host_58065): 0 -> 1
Cell (virus_2913443,host_58063): 0 -> 1
Cell (virus_2913443,host_1898386): 0 -> 1
Cell (virus_2913443,host_374419): 0 -> 1
Cell (virus_2913443,host_326083): 0 -> 1
Cell (virus_2913443,host_1884717): 0 -> 1
Cell (virus_2913443,host_138695): 0 -> 1
Cell (virus_2913443,host_148094): 0 -> 1
Cell (virus_2913443,host_410852): 0 -> 1
Cell (virus_2913443,host_27634): 0 -> 1
Cell (virus_2913443,host_51012): 0 -> 1
Cell (virus_2913443,host_192403): 0 -> 1
Cell (virus_2913443,host_196700): 0 -> 1
Cell (virus_2913443,host_2994998): 0 -> 1
Cell (virus_2913443,host_148061): 0 -> 1
Cell (virus_2913443,host_94961): 0 -> 1
Cell (virus_2913443,host_3371013): 0 -> 1
Cell (virus_2913443,host_59472): 0 -> 1
Cell (virus_2913443,host_2218597): 0 -> 1
Cell (virus_2913443,host_258867): 0 -> 1
Cell (virus_2913443,host_258863): 0 -> 1
Cell (virus_2913443,host_452595): 0 -> 1
Cell (virus_2913443,host_3370289): 0 -> 1
Cell (virus_2913443,host_61862): 0 -> 1
Cell (virus_2913443,host_258909): 0 -> 1
Cell (virus_2913443,host_3371016): 0 -> 1
Cell (virus_2913443,host_360967): 0 -> 1
Cell (virus_2913443,host_109485): 0 -> 1
Cell (virus_2972746,host_105273): 0 -> 1
Cell (virus_2972746,host_294653): 0 -> 1
Cell (virus_2972746,host_9435): 0 -> 1
Cell (virus_2972746,host_59463): 0 -> 1
Cell (virus_2972746,host_160974): 0 -> 1
Cell (virus_2972746,host_386774): 0 -> 1
Cell (virus_2972746,host_526407): 0 -> 1
Cell (virus_2972746,host_138979): 0 -> 1
Cell (virus_2972746,host_587652): 0 -> 1
Cell (virus_2972746,host_258925): 0 -> 1
Cell (virus_2972746,host_685731): 0 -> 1
Cell (virus_2972746,host_188568): 0 -> 1
Cell (virus_2972746,host_170233): 0 -> 1
Cell (virus_2972746,host_188572): 0 -> 1
Cell (virus_2972746,host_196889): 0 -> 1
Cell (virus_2972746,host_76837): 0 -> 1
Cell (virus_2972746,host_76834): 0 -> 1
Cell (virus_2972746,host_608708): 0 -> 1
Cell (virus_2972746,host_476589): 0 -> 1
Cell (virus_2972746,host_89399): 0 -> 1
Cell (virus_2972746,host_249024): 0 -> 1
Cell (virus_2972746,host_519037): 0 -> 1
Cell (virus_2972746,host_77218): 0 -> 1
Cell (virus_2972746,host_329870): 0 -> 1
Cell (virus_2972746,host_549403): 0 -> 1
Cell (virus_2972746,host_166054): 0 -> 1
Cell (virus_2972746,host_385575): 0 -> 1
Cell (virus_2972746,host_9408): 0 -> 1
Cell (virus_2972746,host_58065): 0 -> 1
Cell (virus_2972746,host_58063): 0 -> 1
Cell (virus_2972746,host_374419): 0 -> 1
Cell (virus_2972746,host_326083): 0 -> 1
Cell (virus_2972746,host_1884717): 0 -> 1
Cell (virus_2972746,host_59476): 0 -> 1
Cell (virus_2972746,host_138695): 0 -> 1
Cell (virus_2972746,host_148094): 0 -> 1
Cell (virus_2972746,host_410852): 0 -> 1
Cell (virus_2972746,host_27634): 0 -> 1
Cell (virus_2972746,host_51012): 0 -> 1
Cell (virus_2972746,host_192403): 0 -> 1
Cell (virus_2972746,host_196700): 0 -> 1
Cell (virus_2972746,host_2994998): 0 -> 1
Cell (virus_2972746,host_148061): 0 -> 1
Cell (virus_2972746,host_94961): 0 -> 1
Cell (virus_2972746,host_3371013): 0 -> 1
Cell (virus_2972746,host_59472): 0 -> 1
Cell (virus_2972746,host_2218597): 0 -> 1
Cell (virus_2972746,host_258867): 0 -> 1
Cell (virus_2972746,host_258863): 0 -> 1
Cell (virus_2972746,host_452595): 0 -> 1
Cell (virus_2972746,host_3370289): 0 -> 1
Cell (virus_2972746,host_61862): 0 -> 1
Cell (virus_2972746,host_258909): 0 -> 1
Cell (virus_2972746,host_3371016): 0 -> 1
Cell (virus_2972746,host_360967): 0 -> 1
Cell (virus_2972746,host_109485): 0 -> 1
Cell (virus_2972746,host_258889): 0 -> 1
Cell (virus_1805463,host_294653): 0 -> 1
Cell (virus_1805463,host_9435): 0 -> 1
Cell (virus_1805463,host_109480): 0 -> 1
Cell (virus_1805463,host_160974): 0 -> 1
Cell (virus_1805463,host_412095): 0 -> 1
Cell (virus_1805463,host_225399): 0 -> 1
Cell (virus_1805463,host_386774): 0 -> 1
Cell (virus_1805463,host_392004): 0 -> 1
Cell (virus_1805463,host_138979): 0 -> 1
Cell (virus_1805463,host_159330): 0 -> 1
Cell (virus_1805463,host_258940): 0 -> 1
Cell (virus_1805463,host_587652): 0 -> 1
Cell (virus_1805463,host_2015597): 0 -> 1
Cell (virus_1805463,host_633648): 0 -> 1
Cell (virus_1805463,host_258925): 0 -> 1
Cell (virus_1805463,host_685731): 0 -> 1
Cell (virus_1805463,host_188568): 0 -> 1
Cell (virus_1805463,host_188572): 0 -> 1
Cell (virus_1805463,host_196889): 0 -> 1
Cell (virus_1805463,host_608659): 0 -> 1
Cell (virus_1805463,host_89399): 0 -> 1
Cell (virus_1805463,host_249024): 0 -> 1
Cell (virus_1805463,host_519037): 0 -> 1
Cell (virus_1805463,host_329870): 0 -> 1
Cell (virus_1805463,host_549403): 0 -> 1
Cell (virus_1805463,host_77243): 0 -> 1
Cell (virus_1805463,host_58065): 0 -> 1
Cell (virus_1805463,host_58063): 0 -> 1
Cell (virus_1805463,host_1898386): 0 -> 1
Cell (virus_1805463,host_9400): 0 -> 1
Cell (virus_1805463,host_374419): 0 -> 1
Cell (virus_1805463,host_326081): 0 -> 1
Cell (virus_1805463,host_138695): 0 -> 1
Cell (virus_1805463,host_148094): 0 -> 1
Cell (virus_1805463,host_410852): 0 -> 1
Cell (virus_1805463,host_27634): 0 -> 1
Cell (virus_1805463,host_51012): 0 -> 1
Cell (virus_1805463,host_40224): 0 -> 1
Cell (virus_1805463,host_196700): 0 -> 1
Cell (virus_1805463,host_177160): 0 -> 1
Cell (virus_1805463,host_2994998): 0 -> 1
Cell (virus_1805463,host_3371013): 0 -> 1
Cell (virus_1805463,host_59472): 0 -> 1
Cell (virus_1805463,host_27622): 0 -> 1
Cell (virus_1805463,host_258867): 0 -> 1
Cell (virus_1805463,host_61862): 0 -> 1
Cell (virus_1805463,host_258909): 0 -> 1
Cell (virus_1805463,host_3371016): 0 -> 1
Cell (virus_1805463,host_360967): 0 -> 1
Cell (virus_1805463,host_143942): 0 -> 1
Cell (virus_1805463,host_258959): 0 -> 1
Cell (virus_3061635,host_294653): 0 -> 1
Cell (virus_3061635,host_9435): 0 -> 1
Cell (virus_3061635,host_109480): 0 -> 1
Cell (virus_3061635,host_160974): 0 -> 1
Cell (virus_3061635,host_412095): 0 -> 1
Cell (virus_3061635,host_225399): 0 -> 1
Cell (virus_3061635,host_386774): 0 -> 1
Cell (virus_3061635,host_392004): 0 -> 1
Cell (virus_3061635,host_138979): 0 -> 1
Cell (virus_3061635,host_159330): 0 -> 1
Cell (virus_3061635,host_587652): 0 -> 1
Cell (virus_3061635,host_2015597): 0 -> 1
Cell (virus_3061635,host_633648): 0 -> 1
Cell (virus_3061635,host_258925): 0 -> 1
Cell (virus_3061635,host_685731): 0 -> 1
Cell (virus_3061635,host_188568): 0 -> 1
Cell (virus_3061635,host_188572): 0 -> 1
Cell (virus_3061635,host_196889): 0 -> 1
Cell (virus_3061635,host_608659): 0 -> 1
Cell (virus_3061635,host_89399): 0 -> 1
Cell (virus_3061635,host_249024): 0 -> 1
Cell (virus_3061635,host_519037): 0 -> 1
Cell (virus_3061635,host_329870): 0 -> 1
Cell (virus_3061635,host_549403): 0 -> 1
Cell (virus_3061635,host_77243): 0 -> 1
Cell (virus_3061635,host_58065): 0 -> 1
Cell (virus_3061635,host_58063): 0 -> 1
Cell (virus_3061635,host_1898386): 0 -> 1
Cell (virus_3061635,host_9400): 0 -> 1
Cell (virus_3061635,host_374419): 0 -> 1
Cell (virus_3061635,host_326081): 0 -> 1
Cell (virus_3061635,host_138695): 0 -> 1
Cell (virus_3061635,host_148094): 0 -> 1
Cell (virus_3061635,host_410852): 0 -> 1
Cell (virus_3061635,host_27634): 0 -> 1
Cell (virus_3061635,host_51012): 0 -> 1
Cell (virus_3061635,host_40224): 0 -> 1
Cell (virus_3061635,host_196700): 0 -> 1
Cell (virus_3061635,host_177160): 0 -> 1
Cell (virus_3061635,host_2994998): 0 -> 1
Cell (virus_3061635,host_3371013): 0 -> 1
Cell (virus_3061635,host_59472): 0 -> 1
Cell (virus_3061635,host_27622): 0 -> 1
Cell (virus_3061635,host_258867): 0 -> 1
Cell (virus_3061635,host_61862): 0 -> 1
Cell (virus_3061635,host_258909): 0 -> 1
Cell (virus_3061635,host_3371016): 0 -> 1
Cell (virus_3061635,host_360967): 0 -> 1
Cell (virus_3061635,host_143942): 0 -> 1
Cell (virus_3061635,host_258959): 0 -> 1
Cell (virus_3068888,host_294653): 0 -> 1
Cell (virus_3068888,host_9435): 0 -> 1
Cell (virus_3068888,host_109480): 0 -> 1
Cell (virus_3068888,host_160974): 0 -> 1
Cell (virus_3068888,host_412095): 0 -> 1
Cell (virus_3068888,host_225399): 0 -> 1
Cell (virus_3068888,host_386774): 0 -> 1
Cell (virus_3068888,host_392004): 0 -> 1
Cell (virus_3068888,host_138979): 0 -> 1
Cell (virus_3068888,host_159330): 0 -> 1
Cell (virus_3068888,host_587652): 0 -> 1
Cell (virus_3068888,host_2015597): 0 -> 1
Cell (virus_3068888,host_633648): 0 -> 1
Cell (virus_3068888,host_258925): 0 -> 1
Cell (virus_3068888,host_685731): 0 -> 1
Cell (virus_3068888,host_188568): 0 -> 1
Cell (virus_3068888,host_188572): 0 -> 1
Cell (virus_3068888,host_196889): 0 -> 1
Cell (virus_3068888,host_608659): 0 -> 1
Cell (virus_3068888,host_89399): 0 -> 1
Cell (virus_3068888,host_249024): 0 -> 1
Cell (virus_3068888,host_519037): 0 -> 1
Cell (virus_3068888,host_329870): 0 -> 1
Cell (virus_3068888,host_549403): 0 -> 1
Cell (virus_3068888,host_58065): 0 -> 1
Cell (virus_3068888,host_58063): 0 -> 1
Cell (virus_3068888,host_1898386): 0 -> 1
Cell (virus_3068888,host_9400): 0 -> 1
Cell (virus_3068888,host_374419): 0 -> 1
Cell (virus_3068888,host_326081): 0 -> 1
Cell (virus_3068888,host_138695): 0 -> 1
Cell (virus_3068888,host_148094): 0 -> 1
Cell (virus_3068888,host_410852): 0 -> 1
Cell (virus_3068888,host_27634): 0 -> 1
Cell (virus_3068888,host_51012): 0 -> 1
Cell (virus_3068888,host_40224): 0 -> 1
Cell (virus_3068888,host_196700): 0 -> 1
Cell (virus_3068888,host_177160): 0 -> 1
Cell (virus_3068888,host_3371013): 0 -> 1
Cell (virus_3068888,host_59472): 0 -> 1
Cell (virus_3068888,host_27622): 0 -> 1
Cell (virus_3068888,host_258867): 0 -> 1
Cell (virus_3068888,host_61862): 0 -> 1
Cell (virus_3068888,host_258909): 0 -> 1
Cell (virus_3068888,host_3371016): 0 -> 1
Cell (virus_3068888,host_360967): 0 -> 1
Cell (virus_3068888,host_143942): 0 -> 1
Cell (virus_3068888,host_2491053): 0 -> 1
Cell (virus_3068888,host_258959): 0 -> 1
Cell (virus_3068888,host_526822): 0 -> 1
Cell (virus_2833184,host_294653): 0 -> 1
Cell (virus_2833184,host_9435): 0 -> 1
Cell (virus_2833184,host_109480): 0 -> 1
Cell (virus_2833184,host_160974): 0 -> 1
Cell (virus_2833184,host_412095): 0 -> 1
Cell (virus_2833184,host_225399): 0 -> 1
Cell (virus_2833184,host_138979): 0 -> 1
Cell (virus_2833184,host_159330): 0 -> 1
Cell (virus_2833184,host_587652): 0 -> 1
Cell (virus_2833184,host_2015597): 0 -> 1
Cell (virus_2833184,host_633648): 0 -> 1
Cell (virus_2833184,host_258925): 0 -> 1
Cell (virus_2833184,host_685731): 0 -> 1
Cell (virus_2833184,host_188568): 0 -> 1
Cell (virus_2833184,host_188572): 0 -> 1
Cell (virus_2833184,host_196889): 0 -> 1
Cell (virus_2833184,host_608659): 0 -> 1
Cell (virus_2833184,host_430491): 0 -> 1
Cell (virus_2833184,host_89399): 0 -> 1
Cell (virus_2833184,host_249024): 0 -> 1
Cell (virus_2833184,host_519037): 0 -> 1
Cell (virus_2833184,host_329870): 0 -> 1
Cell (virus_2833184,host_549403): 0 -> 1
Cell (virus_2833184,host_58065): 0 -> 1
Cell (virus_2833184,host_58063): 0 -> 1
Cell (virus_2833184,host_1898386): 0 -> 1
Cell (virus_2833184,host_9400): 0 -> 1
Cell (virus_2833184,host_374419): 0 -> 1
Cell (virus_2833184,host_326081): 0 -> 1
Cell (virus_2833184,host_138695): 0 -> 1
Cell (virus_2833184,host_148094): 0 -> 1
Cell (virus_2833184,host_410852): 0 -> 1
Cell (virus_2833184,host_27634): 0 -> 1
Cell (virus_2833184,host_51012): 0 -> 1
Cell (virus_2833184,host_40224): 0 -> 1
Cell (virus_2833184,host_40229): 0 -> 1
Cell (virus_2833184,host_196700): 0 -> 1
Cell (virus_2833184,host_177160): 0 -> 1
Cell (virus_2833184,host_2994998): 0 -> 1
Cell (virus_2833184,host_3371013): 0 -> 1
Cell (virus_2833184,host_59472): 0 -> 1
Cell (virus_2833184,host_27622): 0 -> 1
Cell (virus_2833184,host_258867): 0 -> 1
Cell (virus_2833184,host_61862): 0 -> 1
Cell (virus_2833184,host_258909): 0 -> 1
Cell (virus_2833184,host_3371016): 0 -> 1
Cell (virus_2833184,host_3371021): 0 -> 1
Cell (virus_2833184,host_360967): 0 -> 1
Cell (virus_2833184,host_143942): 0 -> 1
Cell (virus_2833184,host_258959): 0 -> 1
Cell (virus_864596,host_294653): 0 -> 1
Cell (virus_864596,host_9435): 0 -> 1
Cell (virus_864596,host_109480): 0 -> 1
Cell (virus_864596,host_160974): 0 -> 1
Cell (virus_864596,host_412095): 0 -> 1
Cell (virus_864596,host_225399): 0 -> 1
Cell (virus_864596,host_392004): 0 -> 1
Cell (virus_864596,host_138979): 0 -> 1
Cell (virus_864596,host_159330): 0 -> 1
Cell (virus_864596,host_587652): 0 -> 1
Cell (virus_864596,host_2015597): 0 -> 1
Cell (virus_864596,host_633648): 0 -> 1
Cell (virus_864596,host_258925): 0 -> 1
Cell (virus_864596,host_685731): 0 -> 1
Cell (virus_864596,host_188568): 0 -> 1
Cell (virus_864596,host_188572): 0 -> 1
Cell (virus_864596,host_196889): 0 -> 1
Cell (virus_864596,host_476588): 0 -> 1
Cell (virus_864596,host_608659): 0 -> 1
Cell (virus_864596,host_430491): 0 -> 1
Cell (virus_864596,host_89399): 0 -> 1
Cell (virus_864596,host_249024): 0 -> 1
Cell (virus_864596,host_519037): 0 -> 1
Cell (virus_864596,host_329870): 0 -> 1
Cell (virus_864596,host_549403): 0 -> 1
Cell (virus_864596,host_58065): 0 -> 1
Cell (virus_864596,host_58063): 0 -> 1
Cell (virus_864596,host_77214): 0 -> 1
Cell (virus_864596,host_1898386): 0 -> 1
Cell (virus_864596,host_9400): 0 -> 1
Cell (virus_864596,host_374419): 0 -> 1
Cell (virus_864596,host_326081): 0 -> 1
Cell (virus_864596,host_138695): 0 -> 1
Cell (virus_864596,host_148094): 0 -> 1
Cell (virus_864596,host_410852): 0 -> 1
Cell (virus_864596,host_27634): 0 -> 1
Cell (virus_864596,host_51012): 0 -> 1
Cell (virus_864596,host_40224): 0 -> 1
Cell (virus_864596,host_196700): 0 -> 1
Cell (virus_864596,host_177160): 0 -> 1
Cell (virus_864596,host_2994998): 0 -> 1
Cell (virus_864596,host_3371013): 0 -> 1
Cell (virus_864596,host_59472): 0 -> 1
Cell (virus_864596,host_27622): 0 -> 1
Cell (virus_864596,host_258867): 0 -> 1
Cell (virus_864596,host_61862): 0 -> 1
Cell (virus_864596,host_3371016): 0 -> 1
Cell (virus_864596,host_360967): 0 -> 1
Cell (virus_864596,host_143942): 0 -> 1
Cell (virus_864596,host_258959): 0 -> 1
Cell (virus_3068538,host_258946): 0 -> 1
Cell (virus_3068538,host_294653): 0 -> 1
Cell (virus_3068538,host_9435): 0 -> 1
Cell (virus_3068538,host_109480): 0 -> 1
Cell (virus_3068538,host_160974): 0 -> 1
Cell (virus_3068538,host_412095): 0 -> 1
Cell (virus_3068538,host_225399): 0 -> 1
Cell (virus_3068538,host_392004): 0 -> 1
Cell (virus_3068538,host_138979): 0 -> 1
Cell (virus_3068538,host_159330): 0 -> 1
Cell (virus_3068538,host_587652): 0 -> 1
Cell (virus_3068538,host_2015597): 0 -> 1
Cell (virus_3068538,host_633648): 0 -> 1
Cell (virus_3068538,host_258925): 0 -> 1
Cell (virus_3068538,host_685731): 0 -> 1
Cell (virus_3068538,host_188568): 0 -> 1
Cell (virus_3068538,host_188572): 0 -> 1
Cell (virus_3068538,host_196889): 0 -> 1
Cell (virus_3068538,host_608659): 0 -> 1
Cell (virus_3068538,host_89399): 0 -> 1
Cell (virus_3068538,host_249024): 0 -> 1
Cell (virus_3068538,host_519037): 0 -> 1
Cell (virus_3068538,host_329870): 0 -> 1
Cell (virus_3068538,host_549403): 0 -> 1
Cell (virus_3068538,host_58065): 0 -> 1
Cell (virus_3068538,host_58063): 0 -> 1
Cell (virus_3068538,host_1898386): 0 -> 1
Cell (virus_3068538,host_9400): 0 -> 1
Cell (virus_3068538,host_374419): 0 -> 1
Cell (virus_3068538,host_326081): 0 -> 1
Cell (virus_3068538,host_138695): 0 -> 1
Cell (virus_3068538,host_148094): 0 -> 1
Cell (virus_3068538,host_410852): 0 -> 1
Cell (virus_3068538,host_27634): 0 -> 1
Cell (virus_3068538,host_51012): 0 -> 1
Cell (virus_3068538,host_40224): 0 -> 1
Cell (virus_3068538,host_196700): 0 -> 1
Cell (virus_3068538,host_177160): 0 -> 1
Cell (virus_3068538,host_2994998): 0 -> 1
Cell (virus_3068538,host_3371013): 0 -> 1
Cell (virus_3068538,host_59472): 0 -> 1
Cell (virus_3068538,host_27622): 0 -> 1
Cell (virus_3068538,host_258867): 0 -> 1
Cell (virus_3068538,host_61862): 0 -> 1
Cell (virus_3068538,host_258909): 0 -> 1
Cell (virus_3068538,host_3371016): 0 -> 1
Cell (virus_3068538,host_360967): 0 -> 1
Cell (virus_3068538,host_143942): 0 -> 1
Cell (virus_3068538,host_258959): 0 -> 1
Cell (virus_694009,host_258946): 0 -> 1
Cell (virus_694009,host_294653): 0 -> 1
Cell (virus_694009,host_9435): 0 -> 1
Cell (virus_694009,host_109480): 0 -> 1
Cell (virus_694009,host_160974): 0 -> 1
Cell (virus_694009,host_412095): 0 -> 1
Cell (virus_694009,host_225399): 0 -> 1
Cell (virus_694009,host_392004): 0 -> 1
Cell (virus_694009,host_138979): 0 -> 1
Cell (virus_694009,host_159330): 0 -> 1
Cell (virus_694009,host_587652): 0 -> 1
Cell (virus_694009,host_2015597): 0 -> 1
Cell (virus_694009,host_633648): 0 -> 1
Cell (virus_694009,host_258925): 0 -> 1
Cell (virus_694009,host_685731): 0 -> 1
Cell (virus_694009,host_188568): 0 -> 1
Cell (virus_694009,host_188572): 0 -> 1
Cell (virus_694009,host_196889): 0 -> 1
Cell (virus_694009,host_608659): 0 -> 1
Cell (virus_694009,host_89399): 0 -> 1
Cell (virus_694009,host_249024): 0 -> 1
Cell (virus_694009,host_519037): 0 -> 1
Cell (virus_694009,host_329870): 0 -> 1
Cell (virus_694009,host_549403): 0 -> 1
Cell (virus_694009,host_58065): 0 -> 1
Cell (virus_694009,host_58063): 0 -> 1
Cell (virus_694009,host_1898386): 0 -> 1
Cell (virus_694009,host_9400): 0 -> 1
Cell (virus_694009,host_374419): 0 -> 1
Cell (virus_694009,host_326081): 0 -> 1
Cell (virus_694009,host_138695): 0 -> 1
Cell (virus_694009,host_148094): 0 -> 1
Cell (virus_694009,host_410852): 0 -> 1
Cell (virus_694009,host_27634): 0 -> 1
Cell (virus_694009,host_51012): 0 -> 1
Cell (virus_694009,host_40224): 0 -> 1
Cell (virus_694009,host_196700): 0 -> 1
Cell (virus_694009,host_177160): 0 -> 1
Cell (virus_694009,host_2994998): 0 -> 1
Cell (virus_694009,host_3371013): 0 -> 1
Cell (virus_694009,host_59472): 0 -> 1
Cell (virus_694009,host_27622): 0 -> 1
Cell (virus_694009,host_258867): 0 -> 1
Cell (virus_694009,host_61862): 0 -> 1
Cell (virus_694009,host_258909): 0 -> 1
Cell (virus_694009,host_3371016): 0 -> 1
Cell (virus_694009,host_360967): 0 -> 1
Cell (virus_694009,host_143942): 0 -> 1
Cell (virus_694009,host_258959): 0 -> 1
Cell (virus_3418604,host_258946): 0 -> 1
Cell (virus_3418604,host_294653): 0 -> 1
Cell (virus_3418604,host_9435): 0 -> 1
Cell (virus_3418604,host_109480): 0 -> 1
Cell (virus_3418604,host_160974): 0 -> 1
Cell (virus_3418604,host_412095): 0 -> 1
Cell (virus_3418604,host_225399): 0 -> 1
Cell (virus_3418604,host_392004): 0 -> 1
Cell (virus_3418604,host_138979): 0 -> 1
Cell (virus_3418604,host_159330): 0 -> 1
Cell (virus_3418604,host_587652): 0 -> 1
Cell (virus_3418604,host_2015597): 0 -> 1
Cell (virus_3418604,host_633648): 0 -> 1
Cell (virus_3418604,host_258925): 0 -> 1
Cell (virus_3418604,host_685731): 0 -> 1
Cell (virus_3418604,host_188568): 0 -> 1
Cell (virus_3418604,host_188572): 0 -> 1
Cell (virus_3418604,host_196889): 0 -> 1
Cell (virus_3418604,host_608659): 0 -> 1
Cell (virus_3418604,host_89399): 0 -> 1
Cell (virus_3418604,host_249024): 0 -> 1
Cell (virus_3418604,host_519037): 0 -> 1
Cell (virus_3418604,host_329870): 0 -> 1
Cell (virus_3418604,host_549403): 0 -> 1
Cell (virus_3418604,host_58065): 0 -> 1
Cell (virus_3418604,host_58063): 0 -> 1
Cell (virus_3418604,host_1898386): 0 -> 1
Cell (virus_3418604,host_9400): 0 -> 1
Cell (virus_3418604,host_374419): 0 -> 1
Cell (virus_3418604,host_326081): 0 -> 1
Cell (virus_3418604,host_138695): 0 -> 1
Cell (virus_3418604,host_148094): 0 -> 1
Cell (virus_3418604,host_410852): 0 -> 1
Cell (virus_3418604,host_27634): 0 -> 1
Cell (virus_3418604,host_51012): 0 -> 1
Cell (virus_3418604,host_40224): 0 -> 1
Cell (virus_3418604,host_196700): 0 -> 1
Cell (virus_3418604,host_177160): 0 -> 1
Cell (virus_3418604,host_2994998): 0 -> 1
Cell (virus_3418604,host_3371013): 0 -> 1
Cell (virus_3418604,host_59472): 0 -> 1
Cell (virus_3418604,host_27622): 0 -> 1
Cell (virus_3418604,host_258867): 0 -> 1
Cell (virus_3418604,host_61862): 0 -> 1
Cell (virus_3418604,host_258909): 0 -> 1
Cell (virus_3418604,host_3371016): 0 -> 1
Cell (virus_3418604,host_360967): 0 -> 1
Cell (virus_3418604,host_143942): 0 -> 1
Cell (virus_3418604,host_258959): 0 -> 1
Cell (virus_2913380,host_105273): 0 -> 1
Cell (virus_2913380,host_258946): 0 -> 1
Cell (virus_2913380,host_294653): 0 -> 1
Cell (virus_2913380,host_9435): 0 -> 1
Cell (virus_2913380,host_109480): 0 -> 1
Cell (virus_2913380,host_160974): 0 -> 1
Cell (virus_2913380,host_412095): 0 -> 1
Cell (virus_2913380,host_225399): 0 -> 1
Cell (virus_2913380,host_392004): 0 -> 1
Cell (virus_2913380,host_138979): 0 -> 1
Cell (virus_2913380,host_159330): 0 -> 1
Cell (virus_2913380,host_587652): 0 -> 1
Cell (virus_2913380,host_155915): 0 -> 1
Cell (virus_2913380,host_225400): 0 -> 1
Cell (virus_2913380,host_2015597): 0 -> 1
Cell (virus_2913380,host_177185): 0 -> 1
Cell (virus_2913380,host_685731): 0 -> 1
Cell (virus_2913380,host_188568): 0 -> 1
Cell (virus_2913380,host_188569): 0 -> 1
Cell (virus_2913380,host_188572): 0 -> 1
Cell (virus_2913380,host_196889): 0 -> 1
Cell (virus_2913380,host_608659): 0 -> 1
Cell (virus_2913380,host_76834): 0 -> 1
Cell (virus_2913380,host_608708): 0 -> 1
Cell (virus_2913380,host_476589): 0 -> 1
Cell (virus_2913380,host_89399): 0 -> 1
Cell (virus_2913380,host_249024): 0 -> 1
Cell (virus_2913380,host_49443): 0 -> 1
Cell (virus_2913380,host_519037): 0 -> 1
Cell (virus_2913380,host_58065): 0 -> 1
Cell (virus_2913380,host_58063): 0 -> 1
Cell (virus_2913380,host_1898386): 0 -> 1
Cell (virus_2913380,host_9400): 0 -> 1
Cell (virus_2913380,host_374419): 0 -> 1
Cell (virus_2913380,host_138695): 0 -> 1
Cell (virus_2913380,host_148094): 0 -> 1
Cell (virus_2913380,host_410852): 0 -> 1
Cell (virus_2913380,host_27634): 0 -> 1
Cell (virus_2913380,host_51012): 0 -> 1
Cell (virus_2913380,host_196700): 0 -> 1
Cell (virus_2913380,host_177160): 0 -> 1
Cell (virus_2913380,host_2994998): 0 -> 1
Cell (virus_2913380,host_3371013): 0 -> 1
Cell (virus_2913380,host_59472): 0 -> 1
Cell (virus_2913380,host_3041509): 0 -> 1
Cell (virus_2913380,host_258867): 0 -> 1
Cell (virus_2913380,host_61862): 0 -> 1
Cell (virus_2913380,host_258909): 0 -> 1
Cell (virus_2913380,host_3371016): 0 -> 1
Cell (virus_2913380,host_360967): 0 -> 1
Cell (virus_2913380,host_109485): 0 -> 1
Cell (virus_989337,host_105273): 0 -> 1
Cell (virus_989337,host_258946): 0 -> 1
Cell (virus_989337,host_294653): 0 -> 1
Cell (virus_989337,host_9435): 0 -> 1
Cell (virus_989337,host_109480): 0 -> 1
Cell (virus_989337,host_160974): 0 -> 1
Cell (virus_989337,host_225399): 0 -> 1
Cell (virus_989337,host_386774): 0 -> 1
Cell (virus_989337,host_392004): 0 -> 1
Cell (virus_989337,host_187014): 0 -> 1
Cell (virus_989337,host_138979): 0 -> 1
Cell (virus_989337,host_159330): 0 -> 1
Cell (virus_989337,host_587652): 0 -> 1
Cell (virus_989337,host_225400): 0 -> 1
Cell (virus_989337,host_2015597): 0 -> 1
Cell (virus_989337,host_177185): 0 -> 1
Cell (virus_989337,host_685731): 0 -> 1
Cell (virus_989337,host_188568): 0 -> 1
Cell (virus_989337,host_188569): 0 -> 1
Cell (virus_989337,host_188572): 0 -> 1
Cell (virus_989337,host_196889): 0 -> 1
Cell (virus_989337,host_476588): 0 -> 1
Cell (virus_989337,host_608659): 0 -> 1
Cell (virus_989337,host_76834): 0 -> 1
Cell (virus_989337,host_608708): 0 -> 1
Cell (virus_989337,host_476589): 0 -> 1
Cell (virus_989337,host_89399): 0 -> 1
Cell (virus_989337,host_249024): 0 -> 1
Cell (virus_989337,host_302408): 0 -> 1
Cell (virus_989337,host_519037): 0 -> 1
Cell (virus_989337,host_58065): 0 -> 1
Cell (virus_989337,host_58063): 0 -> 1
Cell (virus_989337,host_1898386): 0 -> 1
Cell (virus_989337,host_9400): 0 -> 1
Cell (virus_989337,host_77233): 0 -> 1
Cell (virus_989337,host_374419): 0 -> 1
Cell (virus_989337,host_138695): 0 -> 1
Cell (virus_989337,host_208969): 0 -> 1
Cell (virus_989337,host_148094): 0 -> 1
Cell (virus_989337,host_410852): 0 -> 1
Cell (virus_989337,host_574064): 0 -> 1
Cell (virus_989337,host_27634): 0 -> 1
Cell (virus_989337,host_51012): 0 -> 1
Cell (virus_989337,host_40224): 0 -> 1
Cell (virus_989337,host_40229): 0 -> 1
Cell (virus_989337,host_196700): 0 -> 1
Cell (virus_989337,host_177160): 0 -> 1
Cell (virus_989337,host_2994998): 0 -> 1
Cell (virus_989337,host_3371013): 0 -> 1
Cell (virus_989337,host_59472): 0 -> 1
Cell (virus_989337,host_27622): 0 -> 1
Cell (virus_989337,host_2218597): 0 -> 1
Cell (virus_989337,host_258867): 0 -> 1
Cell (virus_989337,host_61862): 0 -> 1
Cell (virus_989337,host_258909): 0 -> 1
Cell (virus_989337,host_29078): 0 -> 1
Cell (virus_989337,host_3371016): 0 -> 1
Cell (virus_989337,host_360967): 0 -> 1
Cell (virus_989337,host_109485): 0 -> 1
Cell (virus_989337,host_258959): 0 -> 1
Cell (virus_989337,host_526822): 0 -> 1
Cell (virus_3433764,host_105273): 0 -> 1
Cell (virus_3433764,host_294653): 0 -> 1
Cell (virus_3433764,host_59473): 0 -> 1
Cell (virus_3433764,host_109480): 0 -> 1
Cell (virus_3433764,host_160974): 0 -> 1
Cell (virus_3433764,host_109482): 0 -> 1
Cell (virus_3433764,host_412095): 0 -> 1
Cell (virus_3433764,host_225399): 0 -> 1
Cell (virus_3433764,host_386774): 0 -> 1
Cell (virus_3433764,host_392004): 0 -> 1
Cell (virus_3433764,host_138979): 0 -> 1
Cell (virus_3433764,host_159330): 0 -> 1
Cell (virus_3433764,host_587652): 0 -> 1
Cell (virus_3433764,host_225400): 0 -> 1
Cell (virus_3433764,host_177185): 0 -> 1
Cell (virus_3433764,host_685731): 0 -> 1
Cell (virus_3433764,host_188568): 0 -> 1
Cell (virus_3433764,host_188569): 0 -> 1
Cell (virus_3433764,host_188572): 0 -> 1
Cell (virus_3433764,host_608659): 0 -> 1
Cell (virus_3433764,host_76834): 0 -> 1
Cell (virus_3433764,host_608708): 0 -> 1
Cell (virus_3433764,host_476589): 0 -> 1
Cell (virus_3433764,host_89399): 0 -> 1
Cell (virus_3433764,host_249024): 0 -> 1
Cell (virus_3433764,host_49443): 0 -> 1
Cell (virus_3433764,host_519037): 0 -> 1
Cell (virus_3433764,host_58065): 0 -> 1
Cell (virus_3433764,host_58063): 0 -> 1
Cell (virus_3433764,host_1898386): 0 -> 1
Cell (virus_3433764,host_9400): 0 -> 1
Cell (virus_3433764,host_374419): 0 -> 1
Cell (virus_3433764,host_138695): 0 -> 1
Cell (virus_3433764,host_148094): 0 -> 1
Cell (virus_3433764,host_410852): 0 -> 1
Cell (virus_3433764,host_27634): 0 -> 1
Cell (virus_3433764,host_51012): 0 -> 1
Cell (virus_3433764,host_196700): 0 -> 1
Cell (virus_3433764,host_177160): 0 -> 1
Cell (virus_3433764,host_2994998): 0 -> 1
Cell (virus_3433764,host_59472): 0 -> 1
Cell (virus_3433764,host_124751): 0 -> 1
Cell (virus_3433764,host_27622): 0 -> 1
Cell (virus_3433764,host_258867): 0 -> 1
Cell (virus_3433764,host_61862): 0 -> 1
Cell (virus_3433764,host_258909): 0 -> 1
Cell (virus_3433764,host_3371016): 0 -> 1
Cell (virus_3433764,host_360967): 0 -> 1
Cell (virus_3433764,host_109485): 0 -> 1
Cell (virus_3433764,host_258959): 0 -> 1
Cell (virus_3433764,host_526822): 0 -> 1
Cell (virus_2115988,host_105273): 0 -> 1
Cell (virus_2115988,host_9435): 0 -> 1
Cell (virus_2115988,host_109480): 0 -> 1
Cell (virus_2115988,host_160974): 0 -> 1
Cell (virus_2115988,host_519446): 0 -> 1
Cell (virus_2115988,host_412095): 0 -> 1
Cell (virus_2115988,host_386774): 0 -> 1
Cell (virus_2115988,host_138979): 0 -> 1
Cell (virus_2115988,host_2015597): 0 -> 1
Cell (virus_2115988,host_258925): 0 -> 1
Cell (virus_2115988,host_188568): 0 -> 1
Cell (virus_2115988,host_170233): 0 -> 1
Cell (virus_2115988,host_76834): 0 -> 1
Cell (virus_2115988,host_608708): 0 -> 1
Cell (virus_2115988,host_249024): 0 -> 1
Cell (virus_2115988,host_519037): 0 -> 1
Cell (virus_2115988,host_329870): 0 -> 1
Cell (virus_2115988,host_549403): 0 -> 1
Cell (virus_2115988,host_166054): 0 -> 1
Cell (virus_2115988,host_385575): 0 -> 1
Cell (virus_2115988,host_9403): 0 -> 1
Cell (virus_2115988,host_58083): 0 -> 1
Cell (virus_2115988,host_9408): 0 -> 1
Cell (virus_2115988,host_58065): 0 -> 1
Cell (virus_2115988,host_58063): 0 -> 1
Cell (virus_2115988,host_9400): 0 -> 1
Cell (virus_2115988,host_187003): 0 -> 1
Cell (virus_2115988,host_148094): 0 -> 1
Cell (virus_2115988,host_410852): 0 -> 1
Cell (virus_2115988,host_27634): 0 -> 1
Cell (virus_2115988,host_40230): 0 -> 1
Cell (virus_2115988,host_51012): 0 -> 1
Cell (virus_2115988,host_3371013): 0 -> 1
Cell (virus_2115988,host_59472): 0 -> 1
Cell (virus_2115988,host_291302): 0 -> 1
Cell (virus_2115988,host_258867): 0 -> 1
Cell (virus_2115988,host_242384): 0 -> 1
Cell (virus_2115988,host_452595): 0 -> 1
Cell (virus_2115988,host_3370289): 0 -> 1
Cell (virus_2115988,host_258930): 0 -> 1
Cell (virus_2115988,host_61862): 0 -> 1
Cell (virus_2115988,host_258909): 0 -> 1
Cell (virus_2115988,host_3371016): 0 -> 1
Cell (virus_2115988,host_360967): 0 -> 1
Cell (virus_2115988,host_143942): 0 -> 1
Cell (virus_2115988,host_258944): 0 -> 1
Cell (virus_2115988,host_258959): 0 -> 1
Cell (virus_2833151,host_105273): 0 -> 1
Cell (virus_2833151,host_294653): 0 -> 1
Cell (virus_2833151,host_9435): 0 -> 1
Cell (virus_2833151,host_109480): 0 -> 1
Cell (virus_2833151,host_160974): 0 -> 1
Cell (virus_2833151,host_519446): 0 -> 1
Cell (virus_2833151,host_412095): 0 -> 1
Cell (virus_2833151,host_386774): 0 -> 1
Cell (virus_2833151,host_138979): 0 -> 1
Cell (virus_2833151,host_2015597): 0 -> 1
Cell (virus_2833151,host_258925): 0 -> 1
Cell (virus_2833151,host_188568): 0 -> 1
Cell (virus_2833151,host_59453): 0 -> 1
Cell (virus_2833151,host_170233): 0 -> 1
Cell (virus_2833151,host_76834): 0 -> 1
Cell (virus_2833151,host_608708): 0 -> 1
Cell (virus_2833151,host_249024): 0 -> 1
Cell (virus_2833151,host_519037): 0 -> 1
Cell (virus_2833151,host_329870): 0 -> 1
Cell (virus_2833151,host_549403): 0 -> 1
Cell (virus_2833151,host_166054): 0 -> 1
Cell (virus_2833151,host_385575): 0 -> 1
Cell (virus_2833151,host_9403): 0 -> 1
Cell (virus_2833151,host_58083): 0 -> 1
Cell (virus_2833151,host_9408): 0 -> 1
Cell (virus_2833151,host_58065): 0 -> 1
Cell (virus_2833151,host_58063): 0 -> 1
Cell (virus_2833151,host_9400): 0 -> 1
Cell (virus_2833151,host_187003): 0 -> 1
Cell (virus_2833151,host_148094): 0 -> 1
Cell (virus_2833151,host_410852): 0 -> 1
Cell (virus_2833151,host_27634): 0 -> 1
Cell (virus_2833151,host_40230): 0 -> 1
Cell (virus_2833151,host_51012): 0 -> 1
Cell (virus_2833151,host_3371013): 0 -> 1
Cell (virus_2833151,host_59472): 0 -> 1
Cell (virus_2833151,host_291302): 0 -> 1
Cell (virus_2833151,host_258867): 0 -> 1
Cell (virus_2833151,host_242384): 0 -> 1
Cell (virus_2833151,host_452595): 0 -> 1
Cell (virus_2833151,host_258930): 0 -> 1
Cell (virus_2833151,host_61862): 0 -> 1
Cell (virus_2833151,host_258909): 0 -> 1
Cell (virus_2833151,host_3371016): 0 -> 1
Cell (virus_2833151,host_360967): 0 -> 1
Cell (virus_2833151,host_143942): 0 -> 1
Cell (virus_2833151,host_258944): 0 -> 1
Cell (virus_2833151,host_258959): 0 -> 1
Cell (virus_2833151,host_526822): 0 -> 1
Cell (virus_3433795,host_105273): 0 -> 1
Cell (virus_3433795,host_294653): 0 -> 1
Cell (virus_3433795,host_9435): 0 -> 1
Cell (virus_3433795,host_109480): 0 -> 1
Cell (virus_3433795,host_160974): 0 -> 1
Cell (virus_3433795,host_519446): 0 -> 1
Cell (virus_3433795,host_412095): 0 -> 1
Cell (virus_3433795,host_386774): 0 -> 1
Cell (virus_3433795,host_138979): 0 -> 1
Cell (virus_3433795,host_2015597): 0 -> 1
Cell (virus_3433795,host_258925): 0 -> 1
Cell (virus_3433795,host_188568): 0 -> 1
Cell (virus_3433795,host_170233): 0 -> 1
Cell (virus_3433795,host_76834): 0 -> 1
Cell (virus_3433795,host_608708): 0 -> 1
Cell (virus_3433795,host_249024): 0 -> 1
Cell (virus_3433795,host_519037): 0 -> 1
Cell (virus_3433795,host_329870): 0 -> 1
Cell (virus_3433795,host_549403): 0 -> 1
Cell (virus_3433795,host_166054): 0 -> 1
Cell (virus_3433795,host_385575): 0 -> 1
Cell (virus_3433795,host_9403): 0 -> 1
Cell (virus_3433795,host_58083): 0 -> 1
Cell (virus_3433795,host_9408): 0 -> 1
Cell (virus_3433795,host_58065): 0 -> 1
Cell (virus_3433795,host_58063): 0 -> 1
Cell (virus_3433795,host_9400): 0 -> 1
Cell (virus_3433795,host_187003): 0 -> 1
Cell (virus_3433795,host_148094): 0 -> 1
Cell (virus_3433795,host_410852): 0 -> 1
Cell (virus_3433795,host_27634): 0 -> 1
Cell (virus_3433795,host_40230): 0 -> 1
Cell (virus_3433795,host_51012): 0 -> 1
Cell (virus_3433795,host_3371013): 0 -> 1
Cell (virus_3433795,host_59472): 0 -> 1
Cell (virus_3433795,host_291302): 0 -> 1
Cell (virus_3433795,host_258867): 0 -> 1
Cell (virus_3433795,host_242384): 0 -> 1
Cell (virus_3433795,host_452595): 0 -> 1
Cell (virus_3433795,host_3370289): 0 -> 1
Cell (virus_3433795,host_258930): 0 -> 1
Cell (virus_3433795,host_61862): 0 -> 1
Cell (virus_3433795,host_258909): 0 -> 1
Cell (virus_3433795,host_3371016): 0 -> 1
Cell (virus_3433795,host_360967): 0 -> 1
Cell (virus_3433795,host_143942): 0 -> 1
Cell (virus_3433795,host_258944): 0 -> 1
Cell (virus_3433795,host_258959): 0 -> 1
Cell (virus_693998,host_105273): 0 -> 1
Cell (virus_693998,host_294653): 0 -> 1
Cell (virus_693998,host_9435): 0 -> 1
Cell (virus_693998,host_109480): 0 -> 1
Cell (virus_693998,host_160974): 0 -> 1
Cell (virus_693998,host_519446): 0 -> 1
Cell (virus_693998,host_412095): 0 -> 1
Cell (virus_693998,host_386774): 0 -> 1
Cell (virus_693998,host_138979): 0 -> 1
Cell (virus_693998,host_2015597): 0 -> 1
Cell (virus_693998,host_258925): 0 -> 1
Cell (virus_693998,host_188568): 0 -> 1
Cell (virus_693998,host_170233): 0 -> 1
Cell (virus_693998,host_76834): 0 -> 1
Cell (virus_693998,host_608708): 0 -> 1
Cell (virus_693998,host_249024): 0 -> 1
Cell (virus_693998,host_519037): 0 -> 1
Cell (virus_693998,host_329870): 0 -> 1
Cell (virus_693998,host_549403): 0 -> 1
Cell (virus_693998,host_166054): 0 -> 1
Cell (virus_693998,host_385575): 0 -> 1
Cell (virus_693998,host_9403): 0 -> 1
Cell (virus_693998,host_58083): 0 -> 1
Cell (virus_693998,host_9408): 0 -> 1
Cell (virus_693998,host_58065): 0 -> 1
Cell (virus_693998,host_58063): 0 -> 1
Cell (virus_693998,host_9400): 0 -> 1
Cell (virus_693998,host_187003): 0 -> 1
Cell (virus_693998,host_148094): 0 -> 1
Cell (virus_693998,host_410852): 0 -> 1
Cell (virus_693998,host_27634): 0 -> 1
Cell (virus_693998,host_40230): 0 -> 1
Cell (virus_693998,host_51012): 0 -> 1
Cell (virus_693998,host_3371013): 0 -> 1
Cell (virus_693998,host_59472): 0 -> 1
Cell (virus_693998,host_291302): 0 -> 1
Cell (virus_693998,host_258867): 0 -> 1
Cell (virus_693998,host_242384): 0 -> 1
Cell (virus_693998,host_452595): 0 -> 1
Cell (virus_693998,host_3370289): 0 -> 1
Cell (virus_693998,host_258930): 0 -> 1
Cell (virus_693998,host_61862): 0 -> 1
Cell (virus_693998,host_258909): 0 -> 1
Cell (virus_693998,host_3371016): 0 -> 1
Cell (virus_693998,host_360967): 0 -> 1
Cell (virus_693998,host_143942): 0 -> 1
Cell (virus_693998,host_258944): 0 -> 1
Cell (virus_693998,host_258959): 0 -> 1
Cell (virus_2913382,host_9435): 0 -> 1
Cell (virus_2913382,host_109480): 0 -> 1
Cell (virus_2913382,host_160974): 0 -> 1
Cell (virus_2913382,host_519446): 0 -> 1
Cell (virus_2913382,host_412095): 0 -> 1
Cell (virus_2913382,host_386774): 0 -> 1
Cell (virus_2913382,host_138979): 0 -> 1
Cell (virus_2913382,host_2015597): 0 -> 1
Cell (virus_2913382,host_258925): 0 -> 1
Cell (virus_2913382,host_188568): 0 -> 1
Cell (virus_2913382,host_175524): 0 -> 1
Cell (virus_2913382,host_170233): 0 -> 1
Cell (virus_2913382,host_76834): 0 -> 1
Cell (virus_2913382,host_608708): 0 -> 1
Cell (virus_2913382,host_249024): 0 -> 1
Cell (virus_2913382,host_519041): 0 -> 1
Cell (virus_2913382,host_519037): 0 -> 1
Cell (virus_2913382,host_329870): 0 -> 1
Cell (virus_2913382,host_549403): 0 -> 1
Cell (virus_2913382,host_166054): 0 -> 1
Cell (virus_2913382,host_385575): 0 -> 1
Cell (virus_2913382,host_9403): 0 -> 1
Cell (virus_2913382,host_58083): 0 -> 1
Cell (virus_2913382,host_9408): 0 -> 1
Cell (virus_2913382,host_58065): 0 -> 1
Cell (virus_2913382,host_58063): 0 -> 1
Cell (virus_2913382,host_9400): 0 -> 1
Cell (virus_2913382,host_77233): 0 -> 1
Cell (virus_2913382,host_187003): 0 -> 1
Cell (virus_2913382,host_138695): 0 -> 1
Cell (virus_2913382,host_148094): 0 -> 1
Cell (virus_2913382,host_410852): 0 -> 1
Cell (virus_2913382,host_27634): 0 -> 1
Cell (virus_2913382,host_40230): 0 -> 1
Cell (virus_2913382,host_51012): 0 -> 1
Cell (virus_2913382,host_177160): 0 -> 1
Cell (virus_2913382,host_3371013): 0 -> 1
Cell (virus_2913382,host_59472): 0 -> 1
Cell (virus_2913382,host_3041509): 0 -> 1
Cell (virus_2913382,host_258867): 0 -> 1
Cell (virus_2913382,host_242384): 0 -> 1
Cell (virus_2913382,host_452595): 0 -> 1
Cell (virus_2913382,host_3370289): 0 -> 1
Cell (virus_2913382,host_61862): 0 -> 1
Cell (virus_2913382,host_258909): 0 -> 1
Cell (virus_2913382,host_3371016): 0 -> 1
Cell (virus_2913382,host_360967): 0 -> 1
Cell (virus_2913382,host_143942): 0 -> 1
Cell (virus_2913382,host_258944): 0 -> 1
Cell (virus_2913382,host_258959): 0 -> 1
Cell (virus_3433766,host_105273): 0 -> 1
Cell (virus_3433766,host_294653): 0 -> 1
Cell (virus_3433766,host_9435): 0 -> 1
Cell (virus_3433766,host_2528591): 0 -> 1
Cell (virus_3433766,host_386774): 0 -> 1
Cell (virus_3433766,host_392004): 0 -> 1
Cell (virus_3433766,host_526407): 0 -> 1
Cell (virus_3433766,host_98922): 0 -> 1
Cell (virus_3433766,host_138979): 0 -> 1
Cell (virus_3433766,host_225400): 0 -> 1
Cell (virus_3433766,host_2015597): 0 -> 1
Cell (virus_3433766,host_258925): 0 -> 1
Cell (virus_3433766,host_685731): 0 -> 1
Cell (virus_3433766,host_188568): 0 -> 1
Cell (virus_3433766,host_170233): 0 -> 1
Cell (virus_3433766,host_76834): 0 -> 1
Cell (virus_3433766,host_608708): 0 -> 1
Cell (virus_3433766,host_249024): 0 -> 1
Cell (virus_3433766,host_2603866): 0 -> 1
Cell (virus_3433766,host_519037): 0 -> 1
Cell (virus_3433766,host_329870): 0 -> 1
Cell (virus_3433766,host_549403): 0 -> 1
Cell (virus_3433766,host_166054): 0 -> 1
Cell (virus_3433766,host_58057): 0 -> 1
Cell (virus_3433766,host_58065): 0 -> 1
Cell (virus_3433766,host_58063): 0 -> 1
Cell (virus_3433766,host_58060): 0 -> 1
Cell (virus_3433766,host_9400): 0 -> 1
Cell (virus_3433766,host_374419): 0 -> 1
Cell (virus_3433766,host_326081): 0 -> 1
Cell (virus_3433766,host_138695): 0 -> 1
Cell (virus_3433766,host_148094): 0 -> 1
Cell (virus_3433766,host_410852): 0 -> 1
Cell (virus_3433766,host_27634): 0 -> 1
Cell (virus_3433766,host_40228): 0 -> 1
Cell (virus_3433766,host_9417): 0 -> 1
Cell (virus_3433766,host_51012): 0 -> 1
Cell (virus_3433766,host_40224): 0 -> 1
Cell (virus_3433766,host_192403): 0 -> 1
Cell (virus_3433766,host_177160): 0 -> 1
Cell (virus_3433766,host_27638): 0 -> 1
Cell (virus_3433766,host_2994998): 0 -> 1
Cell (virus_3433766,host_3042450): 0 -> 1
Cell (virus_3433766,host_3371013): 0 -> 1
Cell (virus_3433766,host_59472): 0 -> 1
Cell (virus_3433766,host_3041509): 0 -> 1
Cell (virus_3433766,host_258867): 0 -> 1
Cell (virus_3433766,host_258863): 0 -> 1
Cell (virus_3433766,host_452595): 0 -> 1
Cell (virus_3433766,host_999964): 0 -> 1
Cell (virus_3433766,host_272799): 0 -> 1
Cell (virus_3433766,host_61862): 0 -> 1
Cell (virus_3433766,host_258909): 0 -> 1
Cell (virus_3433766,host_2969767): 0 -> 1
Cell (virus_3433766,host_3371016): 0 -> 1
Cell (virus_3433766,host_360967): 0 -> 1
Cell (virus_3433766,host_109485): 0 -> 1
Cell (virus_3433766,host_143942): 0 -> 1
Cell (virus_3433766,host_258959): 0 -> 1
Cell (virus_694014,host_105273): 0 -> 1
Cell (virus_694014,host_294653): 0 -> 1
Cell (virus_694014,host_9435): 0 -> 1
Cell (virus_694014,host_2528591): 0 -> 1
Cell (virus_694014,host_386774): 0 -> 1
Cell (virus_694014,host_392004): 0 -> 1
Cell (virus_694014,host_526407): 0 -> 1
Cell (virus_694014,host_98922): 0 -> 1
Cell (virus_694014,host_138979): 0 -> 1
Cell (virus_694014,host_225400): 0 -> 1
Cell (virus_694014,host_2015597): 0 -> 1
Cell (virus_694014,host_258925): 0 -> 1
Cell (virus_694014,host_685731): 0 -> 1
Cell (virus_694014,host_188568): 0 -> 1
Cell (virus_694014,host_170233): 0 -> 1
Cell (virus_694014,host_76834): 0 -> 1
Cell (virus_694014,host_608708): 0 -> 1
Cell (virus_694014,host_249024): 0 -> 1
Cell (virus_694014,host_2603866): 0 -> 1
Cell (virus_694014,host_519037): 0 -> 1
Cell (virus_694014,host_329870): 0 -> 1
Cell (virus_694014,host_549403): 0 -> 1
Cell (virus_694014,host_166054): 0 -> 1
Cell (virus_694014,host_58057): 0 -> 1
Cell (virus_694014,host_58065): 0 -> 1
Cell (virus_694014,host_58063): 0 -> 1
Cell (virus_694014,host_58060): 0 -> 1
Cell (virus_694014,host_9400): 0 -> 1
Cell (virus_694014,host_374419): 0 -> 1
Cell (virus_694014,host_326081): 0 -> 1
Cell (virus_694014,host_138695): 0 -> 1
Cell (virus_694014,host_148094): 0 -> 1
Cell (virus_694014,host_410852): 0 -> 1
Cell (virus_694014,host_27634): 0 -> 1
Cell (virus_694014,host_40228): 0 -> 1
Cell (virus_694014,host_9417): 0 -> 1
Cell (virus_694014,host_51012): 0 -> 1
Cell (virus_694014,host_40224): 0 -> 1
Cell (virus_694014,host_192403): 0 -> 1
Cell (virus_694014,host_177160): 0 -> 1
Cell (virus_694014,host_27638): 0 -> 1
Cell (virus_694014,host_2994998): 0 -> 1
Cell (virus_694014,host_3042450): 0 -> 1
Cell (virus_694014,host_3371013): 0 -> 1
Cell (virus_694014,host_59472): 0 -> 1
Cell (virus_694014,host_3041509): 0 -> 1
Cell (virus_694014,host_258867): 0 -> 1
Cell (virus_694014,host_258863): 0 -> 1
Cell (virus_694014,host_452595): 0 -> 1
Cell (virus_694014,host_999964): 0 -> 1
Cell (virus_694014,host_272799): 0 -> 1
Cell (virus_694014,host_61862): 0 -> 1
Cell (virus_694014,host_258909): 0 -> 1
Cell (virus_694014,host_2969767): 0 -> 1
Cell (virus_694014,host_3371016): 0 -> 1
Cell (virus_694014,host_360967): 0 -> 1
Cell (virus_694014,host_109485): 0 -> 1
Cell (virus_694014,host_143942): 0 -> 1
Cell (virus_694014,host_258959): 0 -> 1
Cell (virus_2917966,host_51300): 0 -> 1
Cell (virus_2917966,host_246814): 0 -> 1
Cell (virus_2917966,host_294653): 0 -> 1
Cell (virus_2917966,host_9435): 0 -> 1
Cell (virus_2917966,host_257882): 0 -> 1
Cell (virus_2917966,host_59463): 0 -> 1
Cell (virus_2917966,host_412095): 0 -> 1
Cell (virus_2917966,host_386774): 0 -> 1
Cell (virus_2917966,host_392004): 0 -> 1
Cell (virus_2917966,host_526407): 0 -> 1
Cell (virus_2917966,host_138979): 0 -> 1
Cell (virus_2917966,host_225400): 0 -> 1
Cell (virus_2917966,host_155035): 0 -> 1
Cell (virus_2917966,host_2015597): 0 -> 1
Cell (virus_2917966,host_258925): 0 -> 1
Cell (virus_2917966,host_685731): 0 -> 1
Cell (virus_2917966,host_2603869): 0 -> 1
Cell (virus_2917966,host_188568): 0 -> 1
Cell (virus_2917966,host_1207989): 0 -> 1
Cell (virus_2917966,host_175524): 0 -> 1
Cell (virus_2917966,host_170233): 0 -> 1
Cell (virus_2917966,host_376555): 0 -> 1
Cell (virus_2917966,host_320431): 0 -> 1
Cell (virus_2917966,host_608708): 0 -> 1
Cell (virus_2917966,host_430491): 0 -> 1
Cell (virus_2917966,host_249024): 0 -> 1
Cell (virus_2917966,host_2603865): 0 -> 1
Cell (virus_2917966,host_77218): 0 -> 1
Cell (virus_2917966,host_329870): 0 -> 1
Cell (virus_2917966,host_58073): 0 -> 1
Cell (virus_2917966,host_9407): 0 -> 1
Cell (virus_2917966,host_58065): 0 -> 1
Cell (virus_2917966,host_1898386): 0 -> 1
Cell (virus_2917966,host_58060): 0 -> 1
Cell (virus_2917966,host_9400): 0 -> 1
Cell (virus_2917966,host_298110): 0 -> 1
Cell (virus_2917966,host_374419): 0 -> 1
Cell (virus_2917966,host_1381355): 0 -> 1
Cell (virus_2917966,host_138695): 0 -> 1
Cell (virus_2917966,host_148094): 0 -> 1
Cell (virus_2917966,host_27663): 0 -> 1
Cell (virus_2917966,host_410852): 0 -> 1
Cell (virus_2917966,host_574064): 0 -> 1
Cell (virus_2917966,host_192403): 0 -> 1
Cell (virus_2917966,host_196700): 0 -> 1
Cell (virus_2917966,host_177160): 0 -> 1
Cell (virus_2917966,host_148061): 0 -> 1
Cell (virus_2917966,host_3371013): 0 -> 1
Cell (virus_2917966,host_59472): 0 -> 1
Cell (virus_2917966,host_9414): 0 -> 1
Cell (virus_2917966,host_221086): 0 -> 1
Cell (virus_2917966,host_291302): 0 -> 1
Cell (virus_2917966,host_221087): 0 -> 1
Cell (virus_2917966,host_258867): 0 -> 1
Cell (virus_2917966,host_9438): 0 -> 1
Cell (virus_2917966,host_61862): 0 -> 1
Cell (virus_2917966,host_29078): 0 -> 1
Cell (virus_2917966,host_3371014): 0 -> 1
Cell (virus_2917966,host_360967): 0 -> 1
Cell (virus_2917966,host_109485): 0 -> 1
Cell (virus_2917966,host_143942): 0 -> 1
Cell (virus_2917966,host_258959): 0 -> 1
Cell (virus_3158245,host_105273): 0 -> 1
Cell (virus_3158245,host_258946): 0 -> 1
Cell (virus_3158245,host_51300): 0 -> 1
Cell (virus_3158245,host_246814): 0 -> 1
Cell (virus_3158245,host_294653): 0 -> 1
Cell (virus_3158245,host_9435): 0 -> 1
Cell (virus_3158245,host_59463): 0 -> 1
Cell (virus_3158245,host_386774): 0 -> 1
Cell (virus_3158245,host_138979): 0 -> 1
Cell (virus_3158245,host_225400): 0 -> 1
Cell (virus_3158245,host_2015597): 0 -> 1
Cell (virus_3158245,host_177185): 0 -> 1
Cell (virus_3158245,host_1207989): 0 -> 1
Cell (virus_3158245,host_170233): 0 -> 1
Cell (virus_3158245,host_376555): 0 -> 1
Cell (virus_3158245,host_249024): 0 -> 1
Cell (virus_3158245,host_519037): 0 -> 1
Cell (virus_3158245,host_329870): 0 -> 1
Cell (virus_3158245,host_549403): 0 -> 1
Cell (virus_3158245,host_124756): 0 -> 1
Cell (virus_3158245,host_77243): 0 -> 1
Cell (virus_3158245,host_58083): 0 -> 1
Cell (virus_3158245,host_58065): 0 -> 1
Cell (virus_3158245,host_58063): 0 -> 1
Cell (virus_3158245,host_77214): 0 -> 1
Cell (virus_3158245,host_1898386): 0 -> 1
Cell (virus_3158245,host_9400): 0 -> 1
Cell (virus_3158245,host_298110): 0 -> 1
Cell (virus_3158245,host_374419): 0 -> 1
Cell (virus_3158245,host_326081): 0 -> 1
Cell (virus_3158245,host_148094): 0 -> 1
Cell (virus_3158245,host_410852): 0 -> 1
Cell (virus_3158245,host_40228): 0 -> 1
Cell (virus_3158245,host_51012): 0 -> 1
Cell (virus_3158245,host_192403): 0 -> 1
Cell (virus_3158245,host_196700): 0 -> 1
Cell (virus_3158245,host_177160): 0 -> 1
Cell (virus_3158245,host_2994998): 0 -> 1
Cell (virus_3158245,host_148061): 0 -> 1
Cell (virus_3158245,host_3042450): 0 -> 1
Cell (virus_3158245,host_3371013): 0 -> 1
Cell (virus_3158245,host_59472): 0 -> 1
Cell (virus_3158245,host_1434095): 0 -> 1
Cell (virus_3158245,host_291302): 0 -> 1
Cell (virus_3158245,host_258867): 0 -> 1
Cell (virus_3158245,host_61862): 0 -> 1
Cell (virus_3158245,host_258909): 0 -> 1
Cell (virus_3158245,host_3371014): 0 -> 1
Cell (virus_3158245,host_3371016): 0 -> 1
Cell (virus_3158245,host_360967): 0 -> 1
Cell (virus_3158245,host_109485): 0 -> 1
Cell (virus_3158245,host_999321): 0 -> 1
Cell (virus_3158245,host_143942): 0 -> 1
Cell (virus_3158245,host_110938): 0 -> 1
Cell (virus_3158245,host_258959): 0 -> 1
Cell (virus_3158245,host_526822): 0 -> 1
Cell (virus_693999,host_105273): 0 -> 1
Cell (virus_693999,host_258946): 0 -> 1
Cell (virus_693999,host_51300): 0 -> 1
Cell (virus_693999,host_246814): 0 -> 1
Cell (virus_693999,host_294653): 0 -> 1
Cell (virus_693999,host_9435): 0 -> 1
Cell (virus_693999,host_59463): 0 -> 1
Cell (virus_693999,host_386774): 0 -> 1
Cell (virus_693999,host_138979): 0 -> 1
Cell (virus_693999,host_225400): 0 -> 1
Cell (virus_693999,host_2015597): 0 -> 1
Cell (virus_693999,host_177185): 0 -> 1
Cell (virus_693999,host_1207989): 0 -> 1
Cell (virus_693999,host_170233): 0 -> 1
Cell (virus_693999,host_376555): 0 -> 1
Cell (virus_693999,host_249024): 0 -> 1
Cell (virus_693999,host_519037): 0 -> 1
Cell (virus_693999,host_329870): 0 -> 1
Cell (virus_693999,host_549403): 0 -> 1
Cell (virus_693999,host_124756): 0 -> 1
Cell (virus_693999,host_77243): 0 -> 1
Cell (virus_693999,host_58083): 0 -> 1
Cell (virus_693999,host_58065): 0 -> 1
Cell (virus_693999,host_58063): 0 -> 1
Cell (virus_693999,host_77214): 0 -> 1
Cell (virus_693999,host_1898386): 0 -> 1
Cell (virus_693999,host_9400): 0 -> 1
Cell (virus_693999,host_298110): 0 -> 1
Cell (virus_693999,host_374419): 0 -> 1
Cell (virus_693999,host_326081): 0 -> 1
Cell (virus_693999,host_148094): 0 -> 1
Cell (virus_693999,host_410852): 0 -> 1
Cell (virus_693999,host_40228): 0 -> 1
Cell (virus_693999,host_51012): 0 -> 1
Cell (virus_693999,host_192403): 0 -> 1
Cell (virus_693999,host_196700): 0 -> 1
Cell (virus_693999,host_177160): 0 -> 1
Cell (virus_693999,host_2994998): 0 -> 1
Cell (virus_693999,host_148061): 0 -> 1
Cell (virus_693999,host_3042450): 0 -> 1
Cell (virus_693999,host_3371013): 0 -> 1
Cell (virus_693999,host_59472): 0 -> 1
Cell (virus_693999,host_1434095): 0 -> 1
Cell (virus_693999,host_291302): 0 -> 1
Cell (virus_693999,host_258867): 0 -> 1
Cell (virus_693999,host_61862): 0 -> 1
Cell (virus_693999,host_258909): 0 -> 1
Cell (virus_693999,host_3371014): 0 -> 1
Cell (virus_693999,host_3371016): 0 -> 1
Cell (virus_693999,host_360967): 0 -> 1
Cell (virus_693999,host_109485): 0 -> 1
Cell (virus_693999,host_999321): 0 -> 1
Cell (virus_693999,host_143942): 0 -> 1
Cell (virus_693999,host_110938): 0 -> 1
Cell (virus_693999,host_258959): 0 -> 1
Cell (virus_693999,host_526822): 0 -> 1
Cell (virus_3418615,host_105273): 0 -> 1
Cell (virus_3418615,host_51300): 0 -> 1
Cell (virus_3418615,host_246814): 0 -> 1
Cell (virus_3418615,host_294653): 0 -> 1
Cell (virus_3418615,host_9435): 0 -> 1
Cell (virus_3418615,host_386774): 0 -> 1
Cell (virus_3418615,host_526407): 0 -> 1
Cell (virus_3418615,host_138979): 0 -> 1
Cell (virus_3418615,host_2015597): 0 -> 1
Cell (virus_3418615,host_187017): 0 -> 1
Cell (virus_3418615,host_1207989): 0 -> 1
Cell (virus_3418615,host_170233): 0 -> 1
Cell (virus_3418615,host_376555): 0 -> 1
Cell (virus_3418615,host_188570): 0 -> 1
Cell (virus_3418615,host_249024): 0 -> 1
Cell (virus_3418615,host_329870): 0 -> 1
Cell (virus_3418615,host_549403): 0 -> 1
Cell (virus_3418615,host_124756): 0 -> 1
Cell (virus_3418615,host_77243): 0 -> 1
Cell (virus_3418615,host_1898393): 0 -> 1
Cell (virus_3418615,host_58083): 0 -> 1
Cell (virus_3418615,host_58065): 0 -> 1
Cell (virus_3418615,host_58063): 0 -> 1
Cell (virus_3418615,host_1898386): 0 -> 1
Cell (virus_3418615,host_9400): 0 -> 1
Cell (virus_3418615,host_298110): 0 -> 1
Cell (virus_3418615,host_148094): 0 -> 1
Cell (virus_3418615,host_410852): 0 -> 1
Cell (virus_3418615,host_40228): 0 -> 1
Cell (virus_3418615,host_51012): 0 -> 1
Cell (virus_3418615,host_192403): 0 -> 1
Cell (virus_3418615,host_196700): 0 -> 1
Cell (virus_3418615,host_177160): 0 -> 1
Cell (virus_3418615,host_2994998): 0 -> 1
Cell (virus_3418615,host_148061): 0 -> 1
Cell (virus_3418615,host_3371013): 0 -> 1
Cell (virus_3418615,host_59472): 0 -> 1
Cell (virus_3418615,host_291302): 0 -> 1
Cell (virus_3418615,host_221087): 0 -> 1
Cell (virus_3418615,host_258867): 0 -> 1
Cell (virus_3418615,host_61862): 0 -> 1
Cell (virus_3418615,host_258909): 0 -> 1
Cell (virus_3418615,host_3371016): 0 -> 1
Cell (virus_3418615,host_999321): 0 -> 1
Cell (virus_3418615,host_110938): 0 -> 1
Cell (virus_3418615,host_258959): 0 -> 1
Cell (virus_694006,host_105273): 0 -> 1
Cell (virus_694006,host_51300): 0 -> 1
Cell (virus_694006,host_246814): 0 -> 1
Cell (virus_694006,host_294653): 0 -> 1
Cell (virus_694006,host_9435): 0 -> 1
Cell (virus_694006,host_386774): 0 -> 1
Cell (virus_694006,host_526407): 0 -> 1
Cell (virus_694006,host_138979): 0 -> 1
Cell (virus_694006,host_2015597): 0 -> 1
Cell (virus_694006,host_187017): 0 -> 1
Cell (virus_694006,host_1207989): 0 -> 1
Cell (virus_694006,host_170233): 0 -> 1
Cell (virus_694006,host_376555): 0 -> 1
Cell (virus_694006,host_188570): 0 -> 1
Cell (virus_694006,host_249024): 0 -> 1
Cell (virus_694006,host_329870): 0 -> 1
Cell (virus_694006,host_549403): 0 -> 1
Cell (virus_694006,host_124756): 0 -> 1
Cell (virus_694006,host_77243): 0 -> 1
Cell (virus_694006,host_1898393): 0 -> 1
Cell (virus_694006,host_58083): 0 -> 1
Cell (virus_694006,host_58065): 0 -> 1
Cell (virus_694006,host_58063): 0 -> 1
Cell (virus_694006,host_1898386): 0 -> 1
Cell (virus_694006,host_9400): 0 -> 1
Cell (virus_694006,host_298110): 0 -> 1
Cell (virus_694006,host_148094): 0 -> 1
Cell (virus_694006,host_410852): 0 -> 1
Cell (virus_694006,host_40228): 0 -> 1
Cell (virus_694006,host_51012): 0 -> 1
Cell (virus_694006,host_192403): 0 -> 1
Cell (virus_694006,host_196700): 0 -> 1
Cell (virus_694006,host_177160): 0 -> 1
Cell (virus_694006,host_2994998): 0 -> 1
Cell (virus_694006,host_148061): 0 -> 1
Cell (virus_694006,host_3371013): 0 -> 1
Cell (virus_694006,host_59472): 0 -> 1
Cell (virus_694006,host_291302): 0 -> 1
Cell (virus_694006,host_221087): 0 -> 1
Cell (virus_694006,host_258867): 0 -> 1
Cell (virus_694006,host_61862): 0 -> 1
Cell (virus_694006,host_258909): 0 -> 1
Cell (virus_694006,host_3371016): 0 -> 1
Cell (virus_694006,host_999321): 0 -> 1
Cell (virus_694006,host_110938): 0 -> 1
Cell (virus_694006,host_258959): 0 -> 1
Cell (virus_3433776,host_105273): 0 -> 1
Cell (virus_3433776,host_258946): 0 -> 1
Cell (virus_3433776,host_51300): 0 -> 1
Cell (virus_3433776,host_246814): 0 -> 1
Cell (virus_3433776,host_294653): 0 -> 1
Cell (virus_3433776,host_9435): 0 -> 1
Cell (virus_3433776,host_386774): 0 -> 1
Cell (virus_3433776,host_526407): 0 -> 1
Cell (virus_3433776,host_138979): 0 -> 1
Cell (virus_3433776,host_225400): 0 -> 1
Cell (virus_3433776,host_2015597): 0 -> 1
Cell (virus_3433776,host_187017): 0 -> 1
Cell (virus_3433776,host_1207989): 0 -> 1
Cell (virus_3433776,host_170233): 0 -> 1
Cell (virus_3433776,host_376555): 0 -> 1
Cell (virus_3433776,host_249024): 0 -> 1
Cell (virus_3433776,host_329870): 0 -> 1
Cell (virus_3433776,host_549403): 0 -> 1
Cell (virus_3433776,host_124756): 0 -> 1
Cell (virus_3433776,host_77243): 0 -> 1
Cell (virus_3433776,host_58083): 0 -> 1
Cell (virus_3433776,host_58065): 0 -> 1
Cell (virus_3433776,host_58063): 0 -> 1
Cell (virus_3433776,host_1898386): 0 -> 1
Cell (virus_3433776,host_9400): 0 -> 1
Cell (virus_3433776,host_298110): 0 -> 1
Cell (virus_3433776,host_374419): 0 -> 1
Cell (virus_3433776,host_148094): 0 -> 1
Cell (virus_3433776,host_410852): 0 -> 1
Cell (virus_3433776,host_40228): 0 -> 1
Cell (virus_3433776,host_51012): 0 -> 1
Cell (virus_3433776,host_192403): 0 -> 1
Cell (virus_3433776,host_196700): 0 -> 1
Cell (virus_3433776,host_177160): 0 -> 1
Cell (virus_3433776,host_2994998): 0 -> 1
Cell (virus_3433776,host_148061): 0 -> 1
Cell (virus_3433776,host_3371013): 0 -> 1
Cell (virus_3433776,host_59472): 0 -> 1
Cell (virus_3433776,host_258867): 0 -> 1
Cell (virus_3433776,host_999964): 0 -> 1
Cell (virus_3433776,host_61862): 0 -> 1
Cell (virus_3433776,host_258909): 0 -> 1
Cell (virus_3433776,host_29078): 0 -> 1
Cell (virus_3433776,host_3371014): 0 -> 1
Cell (virus_3433776,host_3371016): 0 -> 1
Cell (virus_3433776,host_360967): 0 -> 1
Cell (virus_3433776,host_109485): 0 -> 1
Cell (virus_3433776,host_999321): 0 -> 1
Cell (virus_3433776,host_143942): 0 -> 1
Cell (virus_3433776,host_110938): 0 -> 1
Cell (virus_3433776,host_258944): 0 -> 1
Cell (virus_3433776,host_258959): 0 -> 1
Cell (virus_3433776,host_526822): 0 -> 1
Cell (virus_694007,host_105273): 0 -> 1
Cell (virus_694007,host_258946): 0 -> 1
Cell (virus_694007,host_51300): 0 -> 1
Cell (virus_694007,host_246814): 0 -> 1
Cell (virus_694007,host_294653): 0 -> 1
Cell (virus_694007,host_9435): 0 -> 1
Cell (virus_694007,host_386774): 0 -> 1
Cell (virus_694007,host_526407): 0 -> 1
Cell (virus_694007,host_138979): 0 -> 1
Cell (virus_694007,host_225400): 0 -> 1
Cell (virus_694007,host_2015597): 0 -> 1
Cell (virus_694007,host_187017): 0 -> 1
Cell (virus_694007,host_1207989): 0 -> 1
Cell (virus_694007,host_170233): 0 -> 1
Cell (virus_694007,host_376555): 0 -> 1
Cell (virus_694007,host_249024): 0 -> 1
Cell (virus_694007,host_329870): 0 -> 1
Cell (virus_694007,host_549403): 0 -> 1
Cell (virus_694007,host_124756): 0 -> 1
Cell (virus_694007,host_77243): 0 -> 1
Cell (virus_694007,host_58083): 0 -> 1
Cell (virus_694007,host_58065): 0 -> 1
Cell (virus_694007,host_58063): 0 -> 1
Cell (virus_694007,host_1898386): 0 -> 1
Cell (virus_694007,host_9400): 0 -> 1
Cell (virus_694007,host_298110): 0 -> 1
Cell (virus_694007,host_374419): 0 -> 1
Cell (virus_694007,host_148094): 0 -> 1
Cell (virus_694007,host_410852): 0 -> 1
Cell (virus_694007,host_40228): 0 -> 1
Cell (virus_694007,host_51012): 0 -> 1
Cell (virus_694007,host_192403): 0 -> 1
Cell (virus_694007,host_196700): 0 -> 1
Cell (virus_694007,host_177160): 0 -> 1
Cell (virus_694007,host_2994998): 0 -> 1
Cell (virus_694007,host_148061): 0 -> 1
Cell (virus_694007,host_3371013): 0 -> 1
Cell (virus_694007,host_59472): 0 -> 1
Cell (virus_694007,host_258867): 0 -> 1
Cell (virus_694007,host_999964): 0 -> 1
Cell (virus_694007,host_61862): 0 -> 1
Cell (virus_694007,host_258909): 0 -> 1
Cell (virus_694007,host_29078): 0 -> 1
Cell (virus_694007,host_3371014): 0 -> 1
Cell (virus_694007,host_3371016): 0 -> 1
Cell (virus_694007,host_360967): 0 -> 1
Cell (virus_694007,host_109485): 0 -> 1
Cell (virus_694007,host_999321): 0 -> 1
Cell (virus_694007,host_143942): 0 -> 1
Cell (virus_694007,host_110938): 0 -> 1
Cell (virus_694007,host_258944): 0 -> 1
Cell (virus_694007,host_258959): 0 -> 1
Cell (virus_694007,host_526822): 0 -> 1
Cell (virus_1881051,host_258946): 0 -> 1
Cell (virus_1881051,host_3380546): 0 -> 1
Cell (virus_1881051,host_9435): 0 -> 1
Cell (virus_1881051,host_2528591): 0 -> 1
Cell (virus_1881051,host_412095): 0 -> 1
Cell (virus_1881051,host_526407): 0 -> 1
Cell (virus_1881051,host_138979): 0 -> 1
Cell (virus_1881051,host_225400): 0 -> 1
Cell (virus_1881051,host_2015597): 0 -> 1
Cell (virus_1881051,host_685731): 0 -> 1
Cell (virus_1881051,host_188568): 0 -> 1
Cell (virus_1881051,host_188569): 0 -> 1
Cell (virus_1881051,host_170233): 0 -> 1
Cell (virus_1881051,host_608659): 0 -> 1
Cell (virus_1881051,host_76834): 0 -> 1
Cell (virus_1881051,host_608708): 0 -> 1
Cell (virus_1881051,host_249024): 0 -> 1
Cell (virus_1881051,host_519037): 0 -> 1
Cell (virus_1881051,host_329870): 0 -> 1
Cell (virus_1881051,host_549403): 0 -> 1
Cell (virus_1881051,host_166054): 0 -> 1
Cell (virus_1881051,host_903567): 0 -> 1
Cell (virus_1881051,host_58067): 0 -> 1
Cell (virus_1881051,host_58063): 0 -> 1
Cell (virus_1881051,host_9400): 0 -> 1
Cell (virus_1881051,host_298110): 0 -> 1
Cell (virus_1881051,host_374419): 0 -> 1
Cell (virus_1881051,host_94956): 0 -> 1
Cell (virus_1881051,host_1884717): 0 -> 1
Cell (virus_1881051,host_138695): 0 -> 1
Cell (virus_1881051,host_148094): 0 -> 1
Cell (virus_1881051,host_410852): 0 -> 1
Cell (virus_1881051,host_27634): 0 -> 1
Cell (virus_1881051,host_51012): 0 -> 1
Cell (virus_1881051,host_192403): 0 -> 1
Cell (virus_1881051,host_196700): 0 -> 1
Cell (virus_1881051,host_177160): 0 -> 1
Cell (virus_1881051,host_2994998): 0 -> 1
Cell (virus_1881051,host_148061): 0 -> 1
Cell (virus_1881051,host_94961): 0 -> 1
Cell (virus_1881051,host_3371013): 0 -> 1
Cell (virus_1881051,host_291302): 0 -> 1
Cell (virus_1881051,host_221087): 0 -> 1
Cell (virus_1881051,host_27622): 0 -> 1
Cell (virus_1881051,host_3041509): 0 -> 1
Cell (virus_1881051,host_258867): 0 -> 1
Cell (virus_1881051,host_61862): 0 -> 1
Cell (virus_1881051,host_258909): 0 -> 1
Cell (virus_1881051,host_3371016): 0 -> 1
Cell (virus_1881051,host_360967): 0 -> 1
Cell (virus_1881051,host_109485): 0 -> 1
Cell (virus_1881051,host_143942): 0 -> 1
Cell (virus_2913387,host_258946): 0 -> 1
Cell (virus_2913387,host_9435): 0 -> 1
Cell (virus_2913387,host_2528591): 0 -> 1
Cell (virus_2913387,host_412095): 0 -> 1
Cell (virus_2913387,host_526407): 0 -> 1
Cell (virus_2913387,host_138979): 0 -> 1
Cell (virus_2913387,host_225400): 0 -> 1
Cell (virus_2913387,host_685731): 0 -> 1
Cell (virus_2913387,host_188568): 0 -> 1
Cell (virus_2913387,host_188569): 0 -> 1
Cell (virus_2913387,host_170233): 0 -> 1
Cell (virus_2913387,host_608659): 0 -> 1
Cell (virus_2913387,host_76834): 0 -> 1
Cell (virus_2913387,host_608708): 0 -> 1
Cell (virus_2913387,host_249024): 0 -> 1
Cell (virus_2913387,host_519037): 0 -> 1
Cell (virus_2913387,host_329870): 0 -> 1
Cell (virus_2913387,host_549403): 0 -> 1
Cell (virus_2913387,host_166054): 0 -> 1
Cell (virus_2913387,host_903567): 0 -> 1
Cell (virus_2913387,host_58067): 0 -> 1
Cell (virus_2913387,host_58063): 0 -> 1
Cell (virus_2913387,host_9400): 0 -> 1
Cell (virus_2913387,host_298110): 0 -> 1
Cell (virus_2913387,host_374419): 0 -> 1
Cell (virus_2913387,host_94956): 0 -> 1
Cell (virus_2913387,host_1884717): 0 -> 1
Cell (virus_2913387,host_138695): 0 -> 1
Cell (virus_2913387,host_148094): 0 -> 1
Cell (virus_2913387,host_410852): 0 -> 1
Cell (virus_2913387,host_27634): 0 -> 1
Cell (virus_2913387,host_51012): 0 -> 1
Cell (virus_2913387,host_192403): 0 -> 1
Cell (virus_2913387,host_196700): 0 -> 1
Cell (virus_2913387,host_177160): 0 -> 1
Cell (virus_2913387,host_2994998): 0 -> 1
Cell (virus_2913387,host_148061): 0 -> 1
Cell (virus_2913387,host_94961): 0 -> 1
Cell (virus_2913387,host_3371013): 0 -> 1
Cell (virus_2913387,host_291302): 0 -> 1
Cell (virus_2913387,host_221087): 0 -> 1
Cell (virus_2913387,host_27622): 0 -> 1
Cell (virus_2913387,host_3041509): 0 -> 1
Cell (virus_2913387,host_258867): 0 -> 1
Cell (virus_2913387,host_61862): 0 -> 1
Cell (virus_2913387,host_258909): 0 -> 1
Cell (virus_2913387,host_3371016): 0 -> 1
Cell (virus_2913387,host_360967): 0 -> 1
Cell (virus_2913387,host_109485): 0 -> 1
Cell (virus_2913387,host_143942): 0 -> 1
Cell (virus_2691592,host_258946): 0 -> 1
Cell (virus_2691592,host_9435): 0 -> 1
Cell (virus_2691592,host_2528591): 0 -> 1
Cell (virus_2691592,host_412095): 0 -> 1
Cell (virus_2691592,host_98922): 0 -> 1
Cell (virus_2691592,host_138979): 0 -> 1
Cell (virus_2691592,host_225400): 0 -> 1
Cell (virus_2691592,host_385037): 0 -> 1
Cell (virus_2691592,host_2015597): 0 -> 1
Cell (virus_2691592,host_685731): 0 -> 1
Cell (virus_2691592,host_188568): 0 -> 1
Cell (virus_2691592,host_188569): 0 -> 1
Cell (virus_2691592,host_170233): 0 -> 1
Cell (virus_2691592,host_608659): 0 -> 1
Cell (virus_2691592,host_76834): 0 -> 1
Cell (virus_2691592,host_608708): 0 -> 1
Cell (virus_2691592,host_249024): 0 -> 1
Cell (virus_2691592,host_519037): 0 -> 1
Cell (virus_2691592,host_329870): 0 -> 1
Cell (virus_2691592,host_549403): 0 -> 1
Cell (virus_2691592,host_166054): 0 -> 1
Cell (virus_2691592,host_903567): 0 -> 1
Cell (virus_2691592,host_58067): 0 -> 1
Cell (virus_2691592,host_58083): 0 -> 1
Cell (virus_2691592,host_58063): 0 -> 1
Cell (virus_2691592,host_1898386): 0 -> 1
Cell (virus_2691592,host_9400): 0 -> 1
Cell (virus_2691592,host_298110): 0 -> 1
Cell (virus_2691592,host_374419): 0 -> 1
Cell (virus_2691592,host_94956): 0 -> 1
Cell (virus_2691592,host_1884717): 0 -> 1
Cell (virus_2691592,host_138695): 0 -> 1
Cell (virus_2691592,host_148094): 0 -> 1
Cell (virus_2691592,host_410852): 0 -> 1
Cell (virus_2691592,host_27634): 0 -> 1
Cell (virus_2691592,host_51012): 0 -> 1
Cell (virus_2691592,host_192403): 0 -> 1
Cell (virus_2691592,host_196700): 0 -> 1
Cell (virus_2691592,host_177160): 0 -> 1
Cell (virus_2691592,host_2994998): 0 -> 1
Cell (virus_2691592,host_148061): 0 -> 1
Cell (virus_2691592,host_94961): 0 -> 1
Cell (virus_2691592,host_3371013): 0 -> 1
Cell (virus_2691592,host_291302): 0 -> 1
Cell (virus_2691592,host_221087): 0 -> 1
Cell (virus_2691592,host_27622): 0 -> 1
Cell (virus_2691592,host_3041509): 0 -> 1
Cell (virus_2691592,host_258867): 0 -> 1
Cell (virus_2691592,host_61862): 0 -> 1
Cell (virus_2691592,host_258909): 0 -> 1
Cell (virus_2691592,host_3371016): 0 -> 1
Cell (virus_2691592,host_360967): 0 -> 1
Cell (virus_2691592,host_109485): 0 -> 1
Cell (virus_2691592,host_143942): 0 -> 1
Cell (virus_28295,host_105273): 0 -> 1
Cell (virus_28295,host_9435): 0 -> 1
Cell (virus_28295,host_2528591): 0 -> 1
Cell (virus_28295,host_526407): 0 -> 1
Cell (virus_28295,host_98922): 0 -> 1
Cell (virus_28295,host_138979): 0 -> 1
Cell (virus_28295,host_225400): 0 -> 1
Cell (virus_28295,host_2015597): 0 -> 1
Cell (virus_28295,host_685731): 0 -> 1
Cell (virus_28295,host_188568): 0 -> 1
Cell (virus_28295,host_188569): 0 -> 1
Cell (virus_28295,host_170233): 0 -> 1
Cell (virus_28295,host_76834): 0 -> 1
Cell (virus_28295,host_608708): 0 -> 1
Cell (virus_28295,host_89399): 0 -> 1
Cell (virus_28295,host_249024): 0 -> 1
Cell (virus_28295,host_302408): 0 -> 1
Cell (virus_28295,host_519037): 0 -> 1
Cell (virus_28295,host_329870): 0 -> 1
Cell (virus_28295,host_549403): 0 -> 1
Cell (virus_28295,host_166054): 0 -> 1
Cell (virus_28295,host_903567): 0 -> 1
Cell (virus_28295,host_58067): 0 -> 1
Cell (virus_28295,host_58063): 0 -> 1
Cell (virus_28295,host_1898386): 0 -> 1
Cell (virus_28295,host_9400): 0 -> 1
Cell (virus_28295,host_298110): 0 -> 1
Cell (virus_28295,host_374419): 0 -> 1
Cell (virus_28295,host_94956): 0 -> 1
Cell (virus_28295,host_1884717): 0 -> 1
Cell (virus_28295,host_138695): 0 -> 1
Cell (virus_28295,host_148094): 0 -> 1
Cell (virus_28295,host_410852): 0 -> 1
Cell (virus_28295,host_27634): 0 -> 1
Cell (virus_28295,host_51012): 0 -> 1
Cell (virus_28295,host_192403): 0 -> 1
Cell (virus_28295,host_196700): 0 -> 1
Cell (virus_28295,host_177160): 0 -> 1
Cell (virus_28295,host_2994998): 0 -> 1
Cell (virus_28295,host_148061): 0 -> 1
Cell (virus_28295,host_3371013): 0 -> 1
Cell (virus_28295,host_291302): 0 -> 1
Cell (virus_28295,host_221087): 0 -> 1
Cell (virus_28295,host_3041509): 0 -> 1
Cell (virus_28295,host_258867): 0 -> 1
Cell (virus_28295,host_61862): 0 -> 1
Cell (virus_28295,host_258909): 0 -> 1
Cell (virus_28295,host_360967): 0 -> 1
Cell (virus_28295,host_109485): 0 -> 1
Cell (virus_28295,host_143942): 0 -> 1
Cell (virus_3433789,host_105273): 0 -> 1
Cell (virus_3433789,host_9435): 0 -> 1
Cell (virus_3433789,host_2528591): 0 -> 1
Cell (virus_3433789,host_526407): 0 -> 1
Cell (virus_3433789,host_98922): 0 -> 1
Cell (virus_3433789,host_138979): 0 -> 1
Cell (virus_3433789,host_225400): 0 -> 1
Cell (virus_3433789,host_2015597): 0 -> 1
Cell (virus_3433789,host_685731): 0 -> 1
Cell (virus_3433789,host_188568): 0 -> 1
Cell (virus_3433789,host_188569): 0 -> 1
Cell (virus_3433789,host_170233): 0 -> 1
Cell (virus_3433789,host_76834): 0 -> 1
Cell (virus_3433789,host_608708): 0 -> 1
Cell (virus_3433789,host_89399): 0 -> 1
Cell (virus_3433789,host_249024): 0 -> 1
Cell (virus_3433789,host_302408): 0 -> 1
Cell (virus_3433789,host_519037): 0 -> 1
Cell (virus_3433789,host_329870): 0 -> 1
Cell (virus_3433789,host_549403): 0 -> 1
Cell (virus_3433789,host_166054): 0 -> 1
Cell (virus_3433789,host_903567): 0 -> 1
Cell (virus_3433789,host_58067): 0 -> 1
Cell (virus_3433789,host_58063): 0 -> 1
Cell (virus_3433789,host_1898386): 0 -> 1
Cell (virus_3433789,host_9400): 0 -> 1
Cell (virus_3433789,host_298110): 0 -> 1
Cell (virus_3433789,host_374419): 0 -> 1
Cell (virus_3433789,host_94956): 0 -> 1
Cell (virus_3433789,host_1884717): 0 -> 1
Cell (virus_3433789,host_138695): 0 -> 1
Cell (virus_3433789,host_148094): 0 -> 1
Cell (virus_3433789,host_410852): 0 -> 1
Cell (virus_3433789,host_27634): 0 -> 1
Cell (virus_3433789,host_51012): 0 -> 1
Cell (virus_3433789,host_192403): 0 -> 1
Cell (virus_3433789,host_196700): 0 -> 1
Cell (virus_3433789,host_177160): 0 -> 1
Cell (virus_3433789,host_2994998): 0 -> 1
Cell (virus_3433789,host_148061): 0 -> 1
Cell (virus_3433789,host_3371013): 0 -> 1
Cell (virus_3433789,host_291302): 0 -> 1
Cell (virus_3433789,host_221087): 0 -> 1
Cell (virus_3433789,host_3041509): 0 -> 1
Cell (virus_3433789,host_258867): 0 -> 1
Cell (virus_3433789,host_61862): 0 -> 1
Cell (virus_3433789,host_258909): 0 -> 1
Cell (virus_3433789,host_360967): 0 -> 1
Cell (virus_3433789,host_109485): 0 -> 1
Cell (virus_3433789,host_143942): 0 -> 1
Cell (virus_2913385,host_105273): 0 -> 1
Cell (virus_2913385,host_9435): 0 -> 1
Cell (virus_2913385,host_2528591): 0 -> 1
Cell (virus_2913385,host_526407): 0 -> 1
Cell (virus_2913385,host_98922): 0 -> 1
Cell (virus_2913385,host_138979): 0 -> 1
Cell (virus_2913385,host_225400): 0 -> 1
Cell (virus_2913385,host_2015597): 0 -> 1
Cell (virus_2913385,host_685731): 0 -> 1
Cell (virus_2913385,host_188568): 0 -> 1
Cell (virus_2913385,host_188569): 0 -> 1
Cell (virus_2913385,host_170233): 0 -> 1
Cell (virus_2913385,host_76834): 0 -> 1
Cell (virus_2913385,host_608708): 0 -> 1
Cell (virus_2913385,host_476589): 0 -> 1
Cell (virus_2913385,host_89399): 0 -> 1
Cell (virus_2913385,host_249024): 0 -> 1
Cell (virus_2913385,host_302408): 0 -> 1
Cell (virus_2913385,host_519037): 0 -> 1
Cell (virus_2913385,host_329870): 0 -> 1
Cell (virus_2913385,host_549403): 0 -> 1
Cell (virus_2913385,host_166054): 0 -> 1
Cell (virus_2913385,host_903567): 0 -> 1
Cell (virus_2913385,host_58067): 0 -> 1
Cell (virus_2913385,host_58063): 0 -> 1
Cell (virus_2913385,host_1898386): 0 -> 1
Cell (virus_2913385,host_9400): 0 -> 1
Cell (virus_2913385,host_298110): 0 -> 1
Cell (virus_2913385,host_374419): 0 -> 1
Cell (virus_2913385,host_94956): 0 -> 1
Cell (virus_2913385,host_1884717): 0 -> 1
Cell (virus_2913385,host_138695): 0 -> 1
Cell (virus_2913385,host_148094): 0 -> 1
Cell (virus_2913385,host_410852): 0 -> 1
Cell (virus_2913385,host_27634): 0 -> 1
Cell (virus_2913385,host_51012): 0 -> 1
Cell (virus_2913385,host_192403): 0 -> 1
Cell (virus_2913385,host_196700): 0 -> 1
Cell (virus_2913385,host_27660): 0 -> 1
Cell (virus_2913385,host_177160): 0 -> 1
Cell (virus_2913385,host_2994998): 0 -> 1
Cell (virus_2913385,host_148061): 0 -> 1
Cell (virus_2913385,host_3371013): 0 -> 1
Cell (virus_2913385,host_291302): 0 -> 1
Cell (virus_2913385,host_221087): 0 -> 1
Cell (virus_2913385,host_3041509): 0 -> 1
Cell (virus_2913385,host_258867): 0 -> 1
Cell (virus_2913385,host_61862): 0 -> 1
Cell (virus_2913385,host_258909): 0 -> 1
Cell (virus_2913385,host_360967): 0 -> 1
Cell (virus_2913385,host_109485): 0 -> 1
Cell (virus_2913385,host_143942): 0 -> 1
Cell (virus_3077579,host_105273): 0 -> 1
Cell (virus_3077579,host_258946): 0 -> 1
Cell (virus_3077579,host_9435): 0 -> 1
Cell (virus_3077579,host_2528591): 0 -> 1
Cell (virus_3077579,host_412095): 0 -> 1
Cell (virus_3077579,host_526407): 0 -> 1
Cell (virus_3077579,host_98922): 0 -> 1
Cell (virus_3077579,host_138979): 0 -> 1
Cell (virus_3077579,host_225400): 0 -> 1
Cell (virus_3077579,host_2015597): 0 -> 1
Cell (virus_3077579,host_685731): 0 -> 1
Cell (virus_3077579,host_188568): 0 -> 1
Cell (virus_3077579,host_188569): 0 -> 1
Cell (virus_3077579,host_170233): 0 -> 1
Cell (virus_3077579,host_608659): 0 -> 1
Cell (virus_3077579,host_76834): 0 -> 1
Cell (virus_3077579,host_608708): 0 -> 1
Cell (virus_3077579,host_249024): 0 -> 1
Cell (virus_3077579,host_519037): 0 -> 1
Cell (virus_3077579,host_329870): 0 -> 1
Cell (virus_3077579,host_549403): 0 -> 1
Cell (virus_3077579,host_166054): 0 -> 1
Cell (virus_3077579,host_903567): 0 -> 1
Cell (virus_3077579,host_58067): 0 -> 1
Cell (virus_3077579,host_58063): 0 -> 1
Cell (virus_3077579,host_1898386): 0 -> 1
Cell (virus_3077579,host_9400): 0 -> 1
Cell (virus_3077579,host_298110): 0 -> 1
Cell (virus_3077579,host_374419): 0 -> 1
Cell (virus_3077579,host_1884717): 0 -> 1
Cell (virus_3077579,host_138695): 0 -> 1
Cell (virus_3077579,host_148094): 0 -> 1
Cell (virus_3077579,host_410852): 0 -> 1
Cell (virus_3077579,host_27634): 0 -> 1
Cell (virus_3077579,host_51012): 0 -> 1
Cell (virus_3077579,host_192403): 0 -> 1
Cell (virus_3077579,host_196700): 0 -> 1
Cell (virus_3077579,host_177160): 0 -> 1
Cell (virus_3077579,host_2994998): 0 -> 1
Cell (virus_3077579,host_148061): 0 -> 1
Cell (virus_3077579,host_3371013): 0 -> 1
Cell (virus_3077579,host_291302): 0 -> 1
Cell (virus_3077579,host_221087): 0 -> 1
Cell (virus_3077579,host_3041509): 0 -> 1
Cell (virus_3077579,host_258867): 0 -> 1
Cell (virus_3077579,host_61862): 0 -> 1
Cell (virus_3077579,host_258909): 0 -> 1
Cell (virus_3077579,host_3371016): 0 -> 1
Cell (virus_3077579,host_360967): 0 -> 1
Cell (virus_3077579,host_109485): 0 -> 1
Cell (virus_3077579,host_143942): 0 -> 1
Cell (virus_3077580,host_105273): 0 -> 1
Cell (virus_3077580,host_258946): 0 -> 1
Cell (virus_3077580,host_9435): 0 -> 1
Cell (virus_3077580,host_2528591): 0 -> 1
Cell (virus_3077580,host_412095): 0 -> 1
Cell (virus_3077580,host_526407): 0 -> 1
Cell (virus_3077580,host_98922): 0 -> 1
Cell (virus_3077580,host_138979): 0 -> 1
Cell (virus_3077580,host_225400): 0 -> 1
Cell (virus_3077580,host_2015597): 0 -> 1
Cell (virus_3077580,host_685731): 0 -> 1
Cell (virus_3077580,host_188568): 0 -> 1
Cell (virus_3077580,host_188569): 0 -> 1
Cell (virus_3077580,host_170233): 0 -> 1
Cell (virus_3077580,host_608659): 0 -> 1
Cell (virus_3077580,host_76834): 0 -> 1
Cell (virus_3077580,host_608708): 0 -> 1
Cell (virus_3077580,host_249024): 0 -> 1
Cell (virus_3077580,host_519037): 0 -> 1
Cell (virus_3077580,host_329870): 0 -> 1
Cell (virus_3077580,host_549403): 0 -> 1
Cell (virus_3077580,host_166054): 0 -> 1
Cell (virus_3077580,host_903567): 0 -> 1
Cell (virus_3077580,host_58067): 0 -> 1
Cell (virus_3077580,host_58063): 0 -> 1
Cell (virus_3077580,host_1898386): 0 -> 1
Cell (virus_3077580,host_9400): 0 -> 1
Cell (virus_3077580,host_298110): 0 -> 1
Cell (virus_3077580,host_374419): 0 -> 1
Cell (virus_3077580,host_1884717): 0 -> 1
Cell (virus_3077580,host_138695): 0 -> 1
Cell (virus_3077580,host_148094): 0 -> 1
Cell (virus_3077580,host_410852): 0 -> 1
Cell (virus_3077580,host_27634): 0 -> 1
Cell (virus_3077580,host_51012): 0 -> 1
Cell (virus_3077580,host_192403): 0 -> 1
Cell (virus_3077580,host_196700): 0 -> 1
Cell (virus_3077580,host_177160): 0 -> 1
Cell (virus_3077580,host_2994998): 0 -> 1
Cell (virus_3077580,host_148061): 0 -> 1
Cell (virus_3077580,host_3371013): 0 -> 1
Cell (virus_3077580,host_291302): 0 -> 1
Cell (virus_3077580,host_221087): 0 -> 1
Cell (virus_3077580,host_3041509): 0 -> 1
Cell (virus_3077580,host_258867): 0 -> 1
Cell (virus_3077580,host_61862): 0 -> 1
Cell (virus_3077580,host_258909): 0 -> 1
Cell (virus_3077580,host_3371016): 0 -> 1
Cell (virus_3077580,host_360967): 0 -> 1
Cell (virus_3077580,host_109485): 0 -> 1
Cell (virus_3077580,host_143942): 0 -> 1
Cell (virus_2419667,host_9435): 0 -> 1
Cell (virus_2419667,host_2528591): 0 -> 1
Cell (virus_2419667,host_412095): 0 -> 1
Cell (virus_2419667,host_386774): 0 -> 1
Cell (virus_2419667,host_526407): 0 -> 1
Cell (virus_2419667,host_98922): 0 -> 1
Cell (virus_2419667,host_138979): 0 -> 1
Cell (virus_2419667,host_225400): 0 -> 1
Cell (virus_2419667,host_2015597): 0 -> 1
Cell (virus_2419667,host_685731): 0 -> 1
Cell (virus_2419667,host_188568): 0 -> 1
Cell (virus_2419667,host_188569): 0 -> 1
Cell (virus_2419667,host_170233): 0 -> 1
Cell (virus_2419667,host_608708): 0 -> 1
Cell (virus_2419667,host_249024): 0 -> 1
Cell (virus_2419667,host_519037): 0 -> 1
Cell (virus_2419667,host_329870): 0 -> 1
Cell (virus_2419667,host_549403): 0 -> 1
Cell (virus_2419667,host_166054): 0 -> 1
Cell (virus_2419667,host_372077): 0 -> 1
Cell (virus_2419667,host_903567): 0 -> 1
Cell (virus_2419667,host_58067): 0 -> 1
Cell (virus_2419667,host_58065): 0 -> 1
Cell (virus_2419667,host_58063): 0 -> 1
Cell (virus_2419667,host_1898386): 0 -> 1
Cell (virus_2419667,host_9400): 0 -> 1
Cell (virus_2419667,host_298110): 0 -> 1
Cell (virus_2419667,host_374419): 0 -> 1
Cell (virus_2419667,host_94956): 0 -> 1
Cell (virus_2419667,host_1884717): 0 -> 1
Cell (virus_2419667,host_148094): 0 -> 1
Cell (virus_2419667,host_410852): 0 -> 1
Cell (virus_2419667,host_27634): 0 -> 1
Cell (virus_2419667,host_51012): 0 -> 1
Cell (virus_2419667,host_177160): 0 -> 1
Cell (virus_2419667,host_2994998): 0 -> 1
Cell (virus_2419667,host_148061): 0 -> 1
Cell (virus_2419667,host_94961): 0 -> 1
Cell (virus_2419667,host_3371013): 0 -> 1
Cell (virus_2419667,host_291302): 0 -> 1
Cell (virus_2419667,host_221087): 0 -> 1
Cell (virus_2419667,host_27622): 0 -> 1
Cell (virus_2419667,host_3041509): 0 -> 1
Cell (virus_2419667,host_258867): 0 -> 1
Cell (virus_2419667,host_61862): 0 -> 1
Cell (virus_2419667,host_258909): 0 -> 1
Cell (virus_2419667,host_3371016): 0 -> 1
Cell (virus_2419667,host_360967): 0 -> 1
Cell (virus_2419667,host_867834): 0 -> 1
Cell (virus_2419667,host_143942): 0 -> 1
Cell (virus_2419667,host_110938): 0 -> 1
Cell (virus_3433787,host_9435): 0 -> 1
Cell (virus_3433787,host_2528591): 0 -> 1
Cell (virus_3433787,host_412095): 0 -> 1
Cell (virus_3433787,host_386774): 0 -> 1
Cell (virus_3433787,host_526407): 0 -> 1
Cell (virus_3433787,host_98922): 0 -> 1
Cell (virus_3433787,host_138979): 0 -> 1
Cell (virus_3433787,host_225400): 0 -> 1
Cell (virus_3433787,host_2015597): 0 -> 1
Cell (virus_3433787,host_685731): 0 -> 1
Cell (virus_3433787,host_188568): 0 -> 1
Cell (virus_3433787,host_188569): 0 -> 1
Cell (virus_3433787,host_170233): 0 -> 1
Cell (virus_3433787,host_608708): 0 -> 1
Cell (virus_3433787,host_249024): 0 -> 1
Cell (virus_3433787,host_519037): 0 -> 1
Cell (virus_3433787,host_329870): 0 -> 1
Cell (virus_3433787,host_549403): 0 -> 1
Cell (virus_3433787,host_166054): 0 -> 1
Cell (virus_3433787,host_372077): 0 -> 1
Cell (virus_3433787,host_903567): 0 -> 1
Cell (virus_3433787,host_58067): 0 -> 1
Cell (virus_3433787,host_58065): 0 -> 1
Cell (virus_3433787,host_58063): 0 -> 1
Cell (virus_3433787,host_1898386): 0 -> 1
Cell (virus_3433787,host_9400): 0 -> 1
Cell (virus_3433787,host_298110): 0 -> 1
Cell (virus_3433787,host_374419): 0 -> 1
Cell (virus_3433787,host_94956): 0 -> 1
Cell (virus_3433787,host_1884717): 0 -> 1
Cell (virus_3433787,host_148094): 0 -> 1
Cell (virus_3433787,host_410852): 0 -> 1
Cell (virus_3433787,host_27634): 0 -> 1
Cell (virus_3433787,host_51012): 0 -> 1
Cell (virus_3433787,host_177160): 0 -> 1
Cell (virus_3433787,host_2994998): 0 -> 1
Cell (virus_3433787,host_148061): 0 -> 1
Cell (virus_3433787,host_94961): 0 -> 1
Cell (virus_3433787,host_3371013): 0 -> 1
Cell (virus_3433787,host_291302): 0 -> 1
Cell (virus_3433787,host_221087): 0 -> 1
Cell (virus_3433787,host_27622): 0 -> 1
Cell (virus_3433787,host_3041509): 0 -> 1
Cell (virus_3433787,host_258867): 0 -> 1
Cell (virus_3433787,host_61862): 0 -> 1
Cell (virus_3433787,host_258909): 0 -> 1
Cell (virus_3433787,host_3371016): 0 -> 1
Cell (virus_3433787,host_360967): 0 -> 1
Cell (virus_3433787,host_867834): 0 -> 1
Cell (virus_3433787,host_143942): 0 -> 1
Cell (virus_3433787,host_110938): 0 -> 1
Cell (virus_3027593,host_105273): 0 -> 1
Cell (virus_3027593,host_258946): 0 -> 1
Cell (virus_3027593,host_9435): 0 -> 1
Cell (virus_3027593,host_2528591): 0 -> 1
Cell (virus_3027593,host_386774): 0 -> 1
Cell (virus_3027593,host_392318): 0 -> 1
Cell (virus_3027593,host_526407): 0 -> 1
Cell (virus_3027593,host_98922): 0 -> 1
Cell (virus_3027593,host_138979): 0 -> 1
Cell (virus_3027593,host_225400): 0 -> 1
Cell (virus_3027593,host_2015597): 0 -> 1
Cell (virus_3027593,host_685731): 0 -> 1
Cell (virus_3027593,host_188568): 0 -> 1
Cell (virus_3027593,host_188569): 0 -> 1
Cell (virus_3027593,host_175524): 0 -> 1
Cell (virus_3027593,host_170233): 0 -> 1
Cell (virus_3027593,host_76834): 0 -> 1
Cell (virus_3027593,host_608708): 0 -> 1
Cell (virus_3027593,host_430491): 0 -> 1
Cell (virus_3027593,host_249024): 0 -> 1
Cell (virus_3027593,host_519037): 0 -> 1
Cell (virus_3027593,host_329870): 0 -> 1
Cell (virus_3027593,host_549403): 0 -> 1
Cell (virus_3027593,host_166054): 0 -> 1
Cell (virus_3027593,host_903567): 0 -> 1
Cell (virus_3027593,host_58067): 0 -> 1
Cell (virus_3027593,host_58065): 0 -> 1
Cell (virus_3027593,host_58063): 0 -> 1
Cell (virus_3027593,host_1898386): 0 -> 1
Cell (virus_3027593,host_9400): 0 -> 1
Cell (virus_3027593,host_298110): 0 -> 1
Cell (virus_3027593,host_374419): 0 -> 1
Cell (virus_3027593,host_94956): 0 -> 1
Cell (virus_3027593,host_1884717): 0 -> 1
Cell (virus_3027593,host_148094): 0 -> 1
Cell (virus_3027593,host_410852): 0 -> 1
Cell (virus_3027593,host_51012): 0 -> 1
Cell (virus_3027593,host_177160): 0 -> 1
Cell (virus_3027593,host_2994998): 0 -> 1
Cell (virus_3027593,host_148061): 0 -> 1
Cell (virus_3027593,host_94961): 0 -> 1
Cell (virus_3027593,host_3371013): 0 -> 1
Cell (virus_3027593,host_291302): 0 -> 1
Cell (virus_3027593,host_221087): 0 -> 1
Cell (virus_3027593,host_3041509): 0 -> 1
Cell (virus_3027593,host_258867): 0 -> 1
Cell (virus_3027593,host_61862): 0 -> 1
Cell (virus_3027593,host_258909): 0 -> 1
Cell (virus_3027593,host_3371016): 0 -> 1
Cell (virus_3027593,host_360967): 0 -> 1
Cell (virus_3027593,host_109485): 0 -> 1
Cell (virus_3027593,host_867834): 0 -> 1
Cell (virus_3027593,host_143942): 0 -> 1
Cell (virus_2991261,host_105273): 0 -> 1
Cell (virus_2991261,host_258946): 0 -> 1
Cell (virus_2991261,host_9435): 0 -> 1
Cell (virus_2991261,host_2528591): 0 -> 1
Cell (virus_2991261,host_386774): 0 -> 1
Cell (virus_2991261,host_98922): 0 -> 1
Cell (virus_2991261,host_138979): 0 -> 1
Cell (virus_2991261,host_225400): 0 -> 1
Cell (virus_2991261,host_2015597): 0 -> 1
Cell (virus_2991261,host_258925): 0 -> 1
Cell (virus_2991261,host_177185): 0 -> 1
Cell (virus_2991261,host_685731): 0 -> 1
Cell (virus_2991261,host_188568): 0 -> 1
Cell (virus_2991261,host_188569): 0 -> 1
Cell (virus_2991261,host_170233): 0 -> 1
Cell (virus_2991261,host_76834): 0 -> 1
Cell (virus_2991261,host_608708): 0 -> 1
Cell (virus_2991261,host_249024): 0 -> 1
Cell (virus_2991261,host_519037): 0 -> 1
Cell (virus_2991261,host_329870): 0 -> 1
Cell (virus_2991261,host_549403): 0 -> 1
Cell (virus_2991261,host_166054): 0 -> 1
Cell (virus_2991261,host_903567): 0 -> 1
Cell (virus_2991261,host_58067): 0 -> 1
Cell (virus_2991261,host_77223): 0 -> 1
Cell (virus_2991261,host_58065): 0 -> 1
Cell (virus_2991261,host_58063): 0 -> 1
Cell (virus_2991261,host_1898386): 0 -> 1
Cell (virus_2991261,host_9400): 0 -> 1
Cell (virus_2991261,host_298110): 0 -> 1
Cell (virus_2991261,host_374419): 0 -> 1
Cell (virus_2991261,host_94956): 0 -> 1
Cell (virus_2991261,host_1884717): 0 -> 1
Cell (virus_2991261,host_148094): 0 -> 1
Cell (virus_2991261,host_27663): 0 -> 1
Cell (virus_2991261,host_410852): 0 -> 1
Cell (virus_2991261,host_27634): 0 -> 1
Cell (virus_2991261,host_51012): 0 -> 1
Cell (virus_2991261,host_177160): 0 -> 1
Cell (virus_2991261,host_2994998): 0 -> 1
Cell (virus_2991261,host_148061): 0 -> 1
Cell (virus_2991261,host_291302): 0 -> 1
Cell (virus_2991261,host_221087): 0 -> 1
Cell (virus_2991261,host_27622): 0 -> 1
Cell (virus_2991261,host_258867): 0 -> 1
Cell (virus_2991261,host_61862): 0 -> 1
Cell (virus_2991261,host_258909): 0 -> 1
Cell (virus_2991261,host_909369): 0 -> 1
Cell (virus_2991261,host_3371016): 0 -> 1
Cell (virus_2991261,host_360967): 0 -> 1
Cell (virus_2991261,host_109485): 0 -> 1
Cell (virus_2991261,host_143942): 0 -> 1
Cell (virus_2991261,host_258944): 0 -> 1
Cell (virus_983923,host_105273): 0 -> 1
Cell (virus_983923,host_258946): 0 -> 1
Cell (virus_983923,host_9435): 0 -> 1
Cell (virus_983923,host_2528591): 0 -> 1
Cell (virus_983923,host_386774): 0 -> 1
Cell (virus_983923,host_98922): 0 -> 1
Cell (virus_983923,host_138979): 0 -> 1
Cell (virus_983923,host_225400): 0 -> 1
Cell (virus_983923,host_2015597): 0 -> 1
Cell (virus_983923,host_258925): 0 -> 1
Cell (virus_983923,host_177185): 0 -> 1
Cell (virus_983923,host_685731): 0 -> 1
Cell (virus_983923,host_188568): 0 -> 1
Cell (virus_983923,host_188569): 0 -> 1
Cell (virus_983923,host_170233): 0 -> 1
Cell (virus_983923,host_76834): 0 -> 1
Cell (virus_983923,host_608708): 0 -> 1
Cell (virus_983923,host_249024): 0 -> 1
Cell (virus_983923,host_519037): 0 -> 1
Cell (virus_983923,host_329870): 0 -> 1
Cell (virus_983923,host_549403): 0 -> 1
Cell (virus_983923,host_166054): 0 -> 1
Cell (virus_983923,host_903567): 0 -> 1
Cell (virus_983923,host_58067): 0 -> 1
Cell (virus_983923,host_77223): 0 -> 1
Cell (virus_983923,host_58065): 0 -> 1
Cell (virus_983923,host_58063): 0 -> 1
Cell (virus_983923,host_1898386): 0 -> 1
Cell (virus_983923,host_9400): 0 -> 1
Cell (virus_983923,host_298110): 0 -> 1
Cell (virus_983923,host_374419): 0 -> 1
Cell (virus_983923,host_94956): 0 -> 1
Cell (virus_983923,host_1884717): 0 -> 1
Cell (virus_983923,host_148094): 0 -> 1
Cell (virus_983923,host_27663): 0 -> 1
Cell (virus_983923,host_410852): 0 -> 1
Cell (virus_983923,host_27634): 0 -> 1
Cell (virus_983923,host_51012): 0 -> 1
Cell (virus_983923,host_177160): 0 -> 1
Cell (virus_983923,host_2994998): 0 -> 1
Cell (virus_983923,host_148061): 0 -> 1
Cell (virus_983923,host_291302): 0 -> 1
Cell (virus_983923,host_221087): 0 -> 1
Cell (virus_983923,host_27622): 0 -> 1
Cell (virus_983923,host_258867): 0 -> 1
Cell (virus_983923,host_61862): 0 -> 1
Cell (virus_983923,host_258909): 0 -> 1
Cell (virus_983923,host_909369): 0 -> 1
Cell (virus_983923,host_3371016): 0 -> 1
Cell (virus_983923,host_360967): 0 -> 1
Cell (virus_983923,host_109485): 0 -> 1
Cell (virus_983923,host_143942): 0 -> 1
Cell (virus_983923,host_258944): 0 -> 1
Cell (virus_3433749,host_105273): 0 -> 1
Cell (virus_3433749,host_258946): 0 -> 1
Cell (virus_3433749,host_294653): 0 -> 1
Cell (virus_3433749,host_9435): 0 -> 1
Cell (virus_3433749,host_2528591): 0 -> 1
Cell (virus_3433749,host_386774): 0 -> 1
Cell (virus_3433749,host_392004): 0 -> 1
Cell (virus_3433749,host_392318): 0 -> 1
Cell (virus_3433749,host_526407): 0 -> 1
Cell (virus_3433749,host_98922): 0 -> 1
Cell (virus_3433749,host_138979): 0 -> 1
Cell (virus_3433749,host_225400): 0 -> 1
Cell (virus_3433749,host_2015597): 0 -> 1
Cell (virus_3433749,host_258925): 0 -> 1
Cell (virus_3433749,host_685731): 0 -> 1
Cell (virus_3433749,host_188568): 0 -> 1
Cell (virus_3433749,host_188569): 0 -> 1
Cell (virus_3433749,host_170233): 0 -> 1
Cell (virus_3433749,host_320431): 0 -> 1
Cell (virus_3433749,host_76834): 0 -> 1
Cell (virus_3433749,host_608708): 0 -> 1
Cell (virus_3433749,host_249024): 0 -> 1
Cell (virus_3433749,host_49443): 0 -> 1
Cell (virus_3433749,host_519037): 0 -> 1
Cell (virus_3433749,host_329870): 0 -> 1
Cell (virus_3433749,host_549403): 0 -> 1
Cell (virus_3433749,host_448084): 0 -> 1
Cell (virus_3433749,host_58065): 0 -> 1
Cell (virus_3433749,host_58063): 0 -> 1
Cell (virus_3433749,host_1898386): 0 -> 1
Cell (virus_3433749,host_9400): 0 -> 1
Cell (virus_3433749,host_298110): 0 -> 1
Cell (virus_3433749,host_374419): 0 -> 1
Cell (virus_3433749,host_94956): 0 -> 1
Cell (virus_3433749,host_1884717): 0 -> 1
Cell (virus_3433749,host_148094): 0 -> 1
Cell (virus_3433749,host_410852): 0 -> 1
Cell (virus_3433749,host_27634): 0 -> 1
Cell (virus_3433749,host_51012): 0 -> 1
Cell (virus_3433749,host_177160): 0 -> 1
Cell (virus_3433749,host_2994998): 0 -> 1
Cell (virus_3433749,host_148061): 0 -> 1
Cell (virus_3433749,host_94961): 0 -> 1
Cell (virus_3433749,host_291302): 0 -> 1
Cell (virus_3433749,host_221087): 0 -> 1
Cell (virus_3433749,host_258867): 0 -> 1
Cell (virus_3433749,host_999964): 0 -> 1
Cell (virus_3433749,host_61862): 0 -> 1
Cell (virus_3433749,host_258909): 0 -> 1
Cell (virus_3433749,host_3371016): 0 -> 1
Cell (virus_3433749,host_360967): 0 -> 1
Cell (virus_3433749,host_109485): 0 -> 1
Cell (virus_3433749,host_143942): 0 -> 1
Cell (virus_1986198,host_105273): 0 -> 1
Cell (virus_1986198,host_294653): 0 -> 1
Cell (virus_1986198,host_3380546): 0 -> 1
Cell (virus_1986198,host_9435): 0 -> 1
Cell (virus_1986198,host_2528591): 0 -> 1
Cell (virus_1986198,host_386774): 0 -> 1
Cell (virus_1986198,host_392318): 0 -> 1
Cell (virus_1986198,host_187014): 0 -> 1
Cell (virus_1986198,host_526407): 0 -> 1
Cell (virus_1986198,host_98922): 0 -> 1
Cell (virus_1986198,host_138979): 0 -> 1
Cell (virus_1986198,host_225400): 0 -> 1
Cell (virus_1986198,host_2015597): 0 -> 1
Cell (virus_1986198,host_258925): 0 -> 1
Cell (virus_1986198,host_187017): 0 -> 1
Cell (virus_1986198,host_685731): 0 -> 1
Cell (virus_1986198,host_188568): 0 -> 1
Cell (virus_1986198,host_188569): 0 -> 1
Cell (virus_1986198,host_170233): 0 -> 1
Cell (virus_1986198,host_320431): 0 -> 1
Cell (virus_1986198,host_608659): 0 -> 1
Cell (virus_1986198,host_178895): 0 -> 1
Cell (virus_1986198,host_76834): 0 -> 1
Cell (virus_1986198,host_608708): 0 -> 1
Cell (virus_1986198,host_249024): 0 -> 1
Cell (virus_1986198,host_329870): 0 -> 1
Cell (virus_1986198,host_549403): 0 -> 1
Cell (virus_1986198,host_77243): 0 -> 1
Cell (virus_1986198,host_58065): 0 -> 1
Cell (virus_1986198,host_58063): 0 -> 1
Cell (virus_1986198,host_1898386): 0 -> 1
Cell (virus_1986198,host_9400): 0 -> 1
Cell (virus_1986198,host_298110): 0 -> 1
Cell (virus_1986198,host_374419): 0 -> 1
Cell (virus_1986198,host_94956): 0 -> 1
Cell (virus_1986198,host_148094): 0 -> 1
Cell (virus_1986198,host_410852): 0 -> 1
Cell (virus_1986198,host_51012): 0 -> 1
Cell (virus_1986198,host_177160): 0 -> 1
Cell (virus_1986198,host_2994998): 0 -> 1
Cell (virus_1986198,host_148061): 0 -> 1
Cell (virus_1986198,host_94961): 0 -> 1
Cell (virus_1986198,host_221086): 0 -> 1
Cell (virus_1986198,host_291302): 0 -> 1
Cell (virus_1986198,host_221087): 0 -> 1
Cell (virus_1986198,host_258867): 0 -> 1
Cell (virus_1986198,host_242384): 0 -> 1
Cell (virus_1986198,host_452595): 0 -> 1
Cell (virus_1986198,host_61862): 0 -> 1
Cell (virus_1986198,host_258909): 0 -> 1
Cell (virus_1986198,host_3371016): 0 -> 1
Cell (virus_1986198,host_360967): 0 -> 1
Cell (virus_1986198,host_109485): 0 -> 1
Cell (virus_1986198,host_143942): 0 -> 1
Cell (virus_1986198,host_59485): 0 -> 1
Cell (virus_3433814,host_3380546): 0 -> 1
Cell (virus_3433814,host_9435): 0 -> 1
Cell (virus_3433814,host_2528591): 0 -> 1
Cell (virus_3433814,host_386774): 0 -> 1
Cell (virus_3433814,host_392318): 0 -> 1
Cell (virus_3433814,host_526407): 0 -> 1
Cell (virus_3433814,host_98922): 0 -> 1
Cell (virus_3433814,host_138979): 0 -> 1
Cell (virus_3433814,host_225400): 0 -> 1
Cell (virus_3433814,host_2015597): 0 -> 1
Cell (virus_3433814,host_258925): 0 -> 1
Cell (virus_3433814,host_685731): 0 -> 1
Cell (virus_3433814,host_188568): 0 -> 1
Cell (virus_3433814,host_188569): 0 -> 1
Cell (virus_3433814,host_170233): 0 -> 1
Cell (virus_3433814,host_76834): 0 -> 1
Cell (virus_3433814,host_608708): 0 -> 1
Cell (virus_3433814,host_249024): 0 -> 1
Cell (virus_3433814,host_329870): 0 -> 1
Cell (virus_3433814,host_549403): 0 -> 1
Cell (virus_3433814,host_77243): 0 -> 1
Cell (virus_3433814,host_58063): 0 -> 1
Cell (virus_3433814,host_1898386): 0 -> 1
Cell (virus_3433814,host_9400): 0 -> 1
Cell (virus_3433814,host_298110): 0 -> 1
Cell (virus_3433814,host_374419): 0 -> 1
Cell (virus_3433814,host_148094): 0 -> 1
Cell (virus_3433814,host_410852): 0 -> 1
Cell (virus_3433814,host_27634): 0 -> 1
Cell (virus_3433814,host_51012): 0 -> 1
Cell (virus_3433814,host_177160): 0 -> 1
Cell (virus_3433814,host_2994998): 0 -> 1
Cell (virus_3433814,host_148061): 0 -> 1
Cell (virus_3433814,host_94961): 0 -> 1
Cell (virus_3433814,host_3371013): 0 -> 1
Cell (virus_3433814,host_291302): 0 -> 1
Cell (virus_3433814,host_221087): 0 -> 1
Cell (virus_3433814,host_258867): 0 -> 1
Cell (virus_3433814,host_242384): 0 -> 1
Cell (virus_3433814,host_452595): 0 -> 1
Cell (virus_3433814,host_61862): 0 -> 1
Cell (virus_3433814,host_258909): 0 -> 1
Cell (virus_3433814,host_3371016): 0 -> 1
Cell (virus_3433814,host_360967): 0 -> 1
Cell (virus_3433814,host_109485): 0 -> 1
Cell (virus_3433814,host_143942): 0 -> 1
Cell (virus_693997,host_3380546): 0 -> 1
Cell (virus_693997,host_9435): 0 -> 1
Cell (virus_693997,host_2528591): 0 -> 1
Cell (virus_693997,host_386774): 0 -> 1
Cell (virus_693997,host_392318): 0 -> 1
Cell (virus_693997,host_526407): 0 -> 1
Cell (virus_693997,host_98922): 0 -> 1
Cell (virus_693997,host_138979): 0 -> 1
Cell (virus_693997,host_225400): 0 -> 1
Cell (virus_693997,host_2015597): 0 -> 1
Cell (virus_693997,host_258925): 0 -> 1
Cell (virus_693997,host_685731): 0 -> 1
Cell (virus_693997,host_188568): 0 -> 1
Cell (virus_693997,host_188569): 0 -> 1
Cell (virus_693997,host_170233): 0 -> 1
Cell (virus_693997,host_76834): 0 -> 1
Cell (virus_693997,host_608708): 0 -> 1
Cell (virus_693997,host_249024): 0 -> 1
Cell (virus_693997,host_329870): 0 -> 1
Cell (virus_693997,host_549403): 0 -> 1
Cell (virus_693997,host_77243): 0 -> 1
Cell (virus_693997,host_58063): 0 -> 1
Cell (virus_693997,host_1898386): 0 -> 1
Cell (virus_693997,host_9400): 0 -> 1
Cell (virus_693997,host_298110): 0 -> 1
Cell (virus_693997,host_374419): 0 -> 1
Cell (virus_693997,host_148094): 0 -> 1
Cell (virus_693997,host_410852): 0 -> 1
Cell (virus_693997,host_27634): 0 -> 1
Cell (virus_693997,host_51012): 0 -> 1
Cell (virus_693997,host_177160): 0 -> 1
Cell (virus_693997,host_2994998): 0 -> 1
Cell (virus_693997,host_148061): 0 -> 1
Cell (virus_693997,host_94961): 0 -> 1
Cell (virus_693997,host_3371013): 0 -> 1
Cell (virus_693997,host_291302): 0 -> 1
Cell (virus_693997,host_221087): 0 -> 1
Cell (virus_693997,host_258867): 0 -> 1
Cell (virus_693997,host_242384): 0 -> 1
Cell (virus_693997,host_452595): 0 -> 1
Cell (virus_693997,host_61862): 0 -> 1
Cell (virus_693997,host_258909): 0 -> 1
Cell (virus_693997,host_3371016): 0 -> 1
Cell (virus_693997,host_360967): 0 -> 1
Cell (virus_693997,host_109485): 0 -> 1
Cell (virus_693997,host_143942): 0 -> 1
Cell (virus_2913386,host_294653): 0 -> 1
Cell (virus_2913386,host_9435): 0 -> 1
Cell (virus_2913386,host_257882): 0 -> 1
Cell (virus_2913386,host_2528591): 0 -> 1
Cell (virus_2913386,host_386774): 0 -> 1
Cell (virus_2913386,host_392318): 0 -> 1
Cell (virus_2913386,host_98922): 0 -> 1
Cell (virus_2913386,host_138979): 0 -> 1
Cell (virus_2913386,host_225400): 0 -> 1
Cell (virus_2913386,host_2015597): 0 -> 1
Cell (virus_2913386,host_685731): 0 -> 1
Cell (virus_2913386,host_2603869): 0 -> 1
Cell (virus_2913386,host_188568): 0 -> 1
Cell (virus_2913386,host_170233): 0 -> 1
Cell (virus_2913386,host_178895): 0 -> 1
Cell (virus_2913386,host_76834): 0 -> 1
Cell (virus_2913386,host_608708): 0 -> 1
Cell (virus_2913386,host_430491): 0 -> 1
Cell (virus_2913386,host_249024): 0 -> 1
Cell (virus_2913386,host_519041): 0 -> 1
Cell (virus_2913386,host_329870): 0 -> 1
Cell (virus_2913386,host_77243): 0 -> 1
Cell (virus_2913386,host_58065): 0 -> 1
Cell (virus_2913386,host_58063): 0 -> 1
Cell (virus_2913386,host_1898386): 0 -> 1
Cell (virus_2913386,host_9400): 0 -> 1
Cell (virus_2913386,host_298110): 0 -> 1
Cell (virus_2913386,host_374419): 0 -> 1
Cell (virus_2913386,host_148094): 0 -> 1
Cell (virus_2913386,host_27663): 0 -> 1
Cell (virus_2913386,host_410852): 0 -> 1
Cell (virus_2913386,host_27634): 0 -> 1
Cell (virus_2913386,host_51012): 0 -> 1
Cell (virus_2913386,host_177160): 0 -> 1
Cell (virus_2913386,host_148061): 0 -> 1
Cell (virus_2913386,host_3371013): 0 -> 1
Cell (virus_2913386,host_291302): 0 -> 1
Cell (virus_2913386,host_221087): 0 -> 1
Cell (virus_2913386,host_258867): 0 -> 1
Cell (virus_2913386,host_258863): 0 -> 1
Cell (virus_2913386,host_452595): 0 -> 1
Cell (virus_2913386,host_61862): 0 -> 1
Cell (virus_2913386,host_258909): 0 -> 1
Cell (virus_2913386,host_3371016): 0 -> 1
Cell (virus_2913386,host_360967): 0 -> 1
Cell (virus_2913386,host_999321): 0 -> 1
Cell (virus_2913386,host_143942): 0 -> 1
Cell (virus_2925879,host_294653): 0 -> 1
Cell (virus_2925879,host_9435): 0 -> 1
Cell (virus_2925879,host_257882): 0 -> 1
Cell (virus_2925879,host_2528591): 0 -> 1
Cell (virus_2925879,host_386774): 0 -> 1
Cell (virus_2925879,host_392318): 0 -> 1
Cell (virus_2925879,host_98922): 0 -> 1
Cell (virus_2925879,host_138979): 0 -> 1
Cell (virus_2925879,host_225400): 0 -> 1
Cell (virus_2925879,host_2015597): 0 -> 1
Cell (virus_2925879,host_685731): 0 -> 1
Cell (virus_2925879,host_2603869): 0 -> 1
Cell (virus_2925879,host_188568): 0 -> 1
Cell (virus_2925879,host_170233): 0 -> 1
Cell (virus_2925879,host_178895): 0 -> 1
Cell (virus_2925879,host_76834): 0 -> 1
Cell (virus_2925879,host_608708): 0 -> 1
Cell (virus_2925879,host_249024): 0 -> 1
Cell (virus_2925879,host_329870): 0 -> 1
Cell (virus_2925879,host_77243): 0 -> 1
Cell (virus_2925879,host_58065): 0 -> 1
Cell (virus_2925879,host_58063): 0 -> 1
Cell (virus_2925879,host_1898386): 0 -> 1
Cell (virus_2925879,host_9400): 0 -> 1
Cell (virus_2925879,host_298110): 0 -> 1
Cell (virus_2925879,host_374419): 0 -> 1
Cell (virus_2925879,host_148094): 0 -> 1
Cell (virus_2925879,host_27663): 0 -> 1
Cell (virus_2925879,host_410852): 0 -> 1
Cell (virus_2925879,host_27634): 0 -> 1
Cell (virus_2925879,host_51012): 0 -> 1
Cell (virus_2925879,host_177160): 0 -> 1
Cell (virus_2925879,host_148061): 0 -> 1
Cell (virus_2925879,host_3371013): 0 -> 1
Cell (virus_2925879,host_291302): 0 -> 1
Cell (virus_2925879,host_221087): 0 -> 1
Cell (virus_2925879,host_258867): 0 -> 1
Cell (virus_2925879,host_258863): 0 -> 1
Cell (virus_2925879,host_452595): 0 -> 1
Cell (virus_2925879,host_61862): 0 -> 1
Cell (virus_2925879,host_258909): 0 -> 1
Cell (virus_2925879,host_3371016): 0 -> 1
Cell (virus_2925879,host_360967): 0 -> 1
Cell (virus_2925879,host_999321): 0 -> 1
Cell (virus_2925879,host_143942): 0 -> 1
Cell (virus_2993505,host_294653): 0 -> 1
Cell (virus_2993505,host_9435): 0 -> 1
Cell (virus_2993505,host_257882): 0 -> 1
Cell (virus_2993505,host_2528591): 0 -> 1
Cell (virus_2993505,host_386774): 0 -> 1
Cell (virus_2993505,host_392318): 0 -> 1
Cell (virus_2993505,host_98922): 0 -> 1
Cell (virus_2993505,host_138979): 0 -> 1
Cell (virus_2993505,host_225400): 0 -> 1
Cell (virus_2993505,host_2015597): 0 -> 1
Cell (virus_2993505,host_685731): 0 -> 1
Cell (virus_2993505,host_2603869): 0 -> 1
Cell (virus_2993505,host_188568): 0 -> 1
Cell (virus_2993505,host_170233): 0 -> 1
Cell (virus_2993505,host_178895): 0 -> 1
Cell (virus_2993505,host_608708): 0 -> 1
Cell (virus_2993505,host_430491): 0 -> 1
Cell (virus_2993505,host_249024): 0 -> 1
Cell (virus_2993505,host_329870): 0 -> 1
Cell (virus_2993505,host_77243): 0 -> 1
Cell (virus_2993505,host_58065): 0 -> 1
Cell (virus_2993505,host_58063): 0 -> 1
Cell (virus_2993505,host_1898386): 0 -> 1
Cell (virus_2993505,host_9400): 0 -> 1
Cell (virus_2993505,host_298110): 0 -> 1
Cell (virus_2993505,host_374419): 0 -> 1
Cell (virus_2993505,host_94956): 0 -> 1
Cell (virus_2993505,host_148094): 0 -> 1
Cell (virus_2993505,host_27663): 0 -> 1
Cell (virus_2993505,host_410852): 0 -> 1
Cell (virus_2993505,host_27634): 0 -> 1
Cell (virus_2993505,host_51012): 0 -> 1
Cell (virus_2993505,host_177160): 0 -> 1
Cell (virus_2993505,host_148061): 0 -> 1
Cell (virus_2993505,host_3371013): 0 -> 1
Cell (virus_2993505,host_291302): 0 -> 1
Cell (virus_2993505,host_221087): 0 -> 1
Cell (virus_2993505,host_258867): 0 -> 1
Cell (virus_2993505,host_258863): 0 -> 1
Cell (virus_2993505,host_452595): 0 -> 1
Cell (virus_2993505,host_61862): 0 -> 1
Cell (virus_2993505,host_258909): 0 -> 1
Cell (virus_2993505,host_3371016): 0 -> 1
Cell (virus_2993505,host_360967): 0 -> 1
Cell (virus_2993505,host_999321): 0 -> 1
Cell (virus_2993505,host_143942): 0 -> 1
Cell (virus_3433731,host_294653): 0 -> 1
Cell (virus_3433731,host_9435): 0 -> 1
Cell (virus_3433731,host_59463): 0 -> 1
Cell (virus_3433731,host_2528591): 0 -> 1
Cell (virus_3433731,host_412095): 0 -> 1
Cell (virus_3433731,host_386774): 0 -> 1
Cell (virus_3433731,host_526407): 0 -> 1
Cell (virus_3433731,host_98922): 0 -> 1
Cell (virus_3433731,host_138979): 0 -> 1
Cell (virus_3433731,host_225400): 0 -> 1
Cell (virus_3433731,host_2015597): 0 -> 1
Cell (virus_3433731,host_258925): 0 -> 1
Cell (virus_3433731,host_685731): 0 -> 1
Cell (virus_3433731,host_2603869): 0 -> 1
Cell (virus_3433731,host_188568): 0 -> 1
Cell (virus_3433731,host_188569): 0 -> 1
Cell (virus_3433731,host_170233): 0 -> 1
Cell (virus_3433731,host_178895): 0 -> 1
Cell (virus_3433731,host_76834): 0 -> 1
Cell (virus_3433731,host_608708): 0 -> 1
Cell (virus_3433731,host_59477): 0 -> 1
Cell (virus_3433731,host_249024): 0 -> 1
Cell (virus_3433731,host_77218): 0 -> 1
Cell (virus_3433731,host_329870): 0 -> 1
Cell (virus_3433731,host_549403): 0 -> 1
Cell (virus_3433731,host_77243): 0 -> 1
Cell (virus_3433731,host_58073): 0 -> 1
Cell (virus_3433731,host_58065): 0 -> 1
Cell (virus_3433731,host_58063): 0 -> 1
Cell (virus_3433731,host_9400): 0 -> 1
Cell (virus_3433731,host_298110): 0 -> 1
Cell (virus_3433731,host_374419): 0 -> 1
Cell (virus_3433731,host_94956): 0 -> 1
Cell (virus_3433731,host_148094): 0 -> 1
Cell (virus_3433731,host_410852): 0 -> 1
Cell (virus_3433731,host_51012): 0 -> 1
Cell (virus_3433731,host_177160): 0 -> 1
Cell (virus_3433731,host_2994998): 0 -> 1
Cell (virus_3433731,host_148061): 0 -> 1
Cell (virus_3433731,host_291302): 0 -> 1
Cell (virus_3433731,host_221087): 0 -> 1
Cell (virus_3433731,host_258867): 0 -> 1
Cell (virus_3433731,host_242384): 0 -> 1
Cell (virus_3433731,host_258863): 0 -> 1
Cell (virus_3433731,host_452595): 0 -> 1
Cell (virus_3433731,host_61862): 0 -> 1
Cell (virus_3433731,host_258909): 0 -> 1
Cell (virus_3433731,host_3371016): 0 -> 1
Cell (virus_3433731,host_360967): 0 -> 1
Cell (virus_3433731,host_109485): 0 -> 1
Cell (virus_3433731,host_143942): 0 -> 1
Cell (virus_3433731,host_258889): 0 -> 1
Cell (virus_3433731,host_59485): 0 -> 1
Cell (virus_3433810,host_105273): 0 -> 1
Cell (virus_3433810,host_294653): 0 -> 1
Cell (virus_3433810,host_3380546): 0 -> 1
Cell (virus_3433810,host_9435): 0 -> 1
Cell (virus_3433810,host_2528591): 0 -> 1
Cell (virus_3433810,host_412095): 0 -> 1
Cell (virus_3433810,host_386774): 0 -> 1
Cell (virus_3433810,host_526407): 0 -> 1
Cell (virus_3433810,host_98922): 0 -> 1
Cell (virus_3433810,host_138979): 0 -> 1
Cell (virus_3433810,host_225400): 0 -> 1
Cell (virus_3433810,host_2015597): 0 -> 1
Cell (virus_3433810,host_258925): 0 -> 1
Cell (virus_3433810,host_685731): 0 -> 1
Cell (virus_3433810,host_188568): 0 -> 1
Cell (virus_3433810,host_1207989): 0 -> 1
Cell (virus_3433810,host_188569): 0 -> 1
Cell (virus_3433810,host_170233): 0 -> 1
Cell (virus_3433810,host_608708): 0 -> 1
Cell (virus_3433810,host_249024): 0 -> 1
Cell (virus_3433810,host_1195082): 0 -> 1
Cell (virus_3433810,host_329870): 0 -> 1
Cell (virus_3433810,host_549403): 0 -> 1
Cell (virus_3433810,host_58065): 0 -> 1
Cell (virus_3433810,host_58063): 0 -> 1
Cell (virus_3433810,host_1898386): 0 -> 1
Cell (virus_3433810,host_58060): 0 -> 1
Cell (virus_3433810,host_9400): 0 -> 1
Cell (virus_3433810,host_298110): 0 -> 1
Cell (virus_3433810,host_374419): 0 -> 1
Cell (virus_3433810,host_326081): 0 -> 1
Cell (virus_3433810,host_94956): 0 -> 1
Cell (virus_3433810,host_148094): 0 -> 1
Cell (virus_3433810,host_410852): 0 -> 1
Cell (virus_3433810,host_27634): 0 -> 1
Cell (virus_3433810,host_51012): 0 -> 1
Cell (virus_3433810,host_177160): 0 -> 1
Cell (virus_3433810,host_2994998): 0 -> 1
Cell (virus_3433810,host_148061): 0 -> 1
Cell (virus_3433810,host_94961): 0 -> 1
Cell (virus_3433810,host_291302): 0 -> 1
Cell (virus_3433810,host_221087): 0 -> 1
Cell (virus_3433810,host_258867): 0 -> 1
Cell (virus_3433810,host_61862): 0 -> 1
Cell (virus_3433810,host_258909): 0 -> 1
Cell (virus_3433810,host_3371016): 0 -> 1
Cell (virus_3433810,host_360967): 0 -> 1
Cell (virus_3433810,host_109485): 0 -> 1
Cell (virus_3433810,host_59474): 0 -> 1
Cell (virus_3433810,host_143942): 0 -> 1
Cell (virus_2913388,host_105273): 0 -> 1
Cell (virus_2913388,host_258946): 0 -> 1
Cell (virus_2913388,host_294653): 0 -> 1
Cell (virus_2913388,host_3380546): 0 -> 1
Cell (virus_2913388,host_9435): 0 -> 1
Cell (virus_2913388,host_2528591): 0 -> 1
Cell (virus_2913388,host_386774): 0 -> 1
Cell (virus_2913388,host_392318): 0 -> 1
Cell (virus_2913388,host_98922): 0 -> 1
Cell (virus_2913388,host_138979): 0 -> 1
Cell (virus_2913388,host_225400): 0 -> 1
Cell (virus_2913388,host_2015597): 0 -> 1
Cell (virus_2913388,host_633648): 0 -> 1
Cell (virus_2913388,host_258925): 0 -> 1
Cell (virus_2913388,host_685731): 0 -> 1
Cell (virus_2913388,host_188568): 0 -> 1
Cell (virus_2913388,host_188569): 0 -> 1
Cell (virus_2913388,host_170233): 0 -> 1
Cell (virus_2913388,host_337452): 0 -> 1
Cell (virus_2913388,host_76834): 0 -> 1
Cell (virus_2913388,host_608708): 0 -> 1
Cell (virus_2913388,host_249024): 0 -> 1
Cell (virus_2913388,host_519041): 0 -> 1
Cell (virus_2913388,host_329870): 0 -> 1
Cell (virus_2913388,host_549403): 0 -> 1
Cell (virus_2913388,host_9408): 0 -> 1
Cell (virus_2913388,host_58065): 0 -> 1
Cell (virus_2913388,host_58063): 0 -> 1
Cell (virus_2913388,host_1898386): 0 -> 1
Cell (virus_2913388,host_9400): 0 -> 1
Cell (virus_2913388,host_298110): 0 -> 1
Cell (virus_2913388,host_374419): 0 -> 1
Cell (virus_2913388,host_326081): 0 -> 1
Cell (virus_2913388,host_94956): 0 -> 1
Cell (virus_2913388,host_148094): 0 -> 1
Cell (virus_2913388,host_27663): 0 -> 1
Cell (virus_2913388,host_410852): 0 -> 1
Cell (virus_2913388,host_51012): 0 -> 1
Cell (virus_2913388,host_177160): 0 -> 1
Cell (virus_2913388,host_27638): 0 -> 1
Cell (virus_2913388,host_2994998): 0 -> 1
Cell (virus_2913388,host_148061): 0 -> 1
Cell (virus_2913388,host_94961): 0 -> 1
Cell (virus_2913388,host_291302): 0 -> 1
Cell (virus_2913388,host_221087): 0 -> 1
Cell (virus_2913388,host_2218597): 0 -> 1
Cell (virus_2913388,host_258867): 0 -> 1
Cell (virus_2913388,host_61862): 0 -> 1
Cell (virus_2913388,host_258909): 0 -> 1
Cell (virus_2913388,host_3371016): 0 -> 1
Cell (virus_2913388,host_360967): 0 -> 1
Cell (virus_2913388,host_109485): 0 -> 1
Cell (virus_2913388,host_143942): 0 -> 1
Cell (virus_2913388,host_110938): 0 -> 1
Cell (virus_3433756,host_105273): 0 -> 1
Cell (virus_3433756,host_294653): 0 -> 1
Cell (virus_3433756,host_3380546): 0 -> 1
Cell (virus_3433756,host_9435): 0 -> 1
Cell (virus_3433756,host_2528591): 0 -> 1
Cell (virus_3433756,host_225399): 0 -> 1
Cell (virus_3433756,host_386774): 0 -> 1
Cell (virus_3433756,host_392318): 0 -> 1
Cell (virus_3433756,host_98922): 0 -> 1
Cell (virus_3433756,host_138979): 0 -> 1
Cell (virus_3433756,host_225400): 0 -> 1
Cell (virus_3433756,host_2015597): 0 -> 1
Cell (virus_3433756,host_633648): 0 -> 1
Cell (virus_3433756,host_258925): 0 -> 1
Cell (virus_3433756,host_685731): 0 -> 1
Cell (virus_3433756,host_188568): 0 -> 1
Cell (virus_3433756,host_188569): 0 -> 1
Cell (virus_3433756,host_170233): 0 -> 1
Cell (virus_3433756,host_337452): 0 -> 1
Cell (virus_3433756,host_76834): 0 -> 1
Cell (virus_3433756,host_608708): 0 -> 1
Cell (virus_3433756,host_249024): 0 -> 1
Cell (virus_3433756,host_329870): 0 -> 1
Cell (virus_3433756,host_549403): 0 -> 1
Cell (virus_3433756,host_58065): 0 -> 1
Cell (virus_3433756,host_58063): 0 -> 1
Cell (virus_3433756,host_1898386): 0 -> 1
Cell (virus_3433756,host_9400): 0 -> 1
Cell (virus_3433756,host_298110): 0 -> 1
Cell (virus_3433756,host_374419): 0 -> 1
Cell (virus_3433756,host_326081): 0 -> 1
Cell (virus_3433756,host_94956): 0 -> 1
Cell (virus_3433756,host_148094): 0 -> 1
Cell (virus_3433756,host_27663): 0 -> 1
Cell (virus_3433756,host_410852): 0 -> 1
Cell (virus_3433756,host_27634): 0 -> 1
Cell (virus_3433756,host_51012): 0 -> 1
Cell (virus_3433756,host_177160): 0 -> 1
Cell (virus_3433756,host_27638): 0 -> 1
Cell (virus_3433756,host_2994998): 0 -> 1
Cell (virus_3433756,host_148061): 0 -> 1
Cell (virus_3433756,host_94961): 0 -> 1
Cell (virus_3433756,host_291302): 0 -> 1
Cell (virus_3433756,host_221087): 0 -> 1
Cell (virus_3433756,host_2218597): 0 -> 1
Cell (virus_3433756,host_258867): 0 -> 1
Cell (virus_3433756,host_61862): 0 -> 1
Cell (virus_3433756,host_258909): 0 -> 1
Cell (virus_3433756,host_3371016): 0 -> 1
Cell (virus_3433756,host_360967): 0 -> 1
Cell (virus_3433756,host_109485): 0 -> 1
Elbow Metrics: {'precision': 0.4545830746948065, 'recall': 0.4998862343572241, 'f1': 0.47615951452102295, 'TP': 2197, 'FP': 2636, 'FN': 2198}
