[iter 0] λ=0.5000 → flips=832
[iter 1] λ=0.7500 → flips=12347
[iter 2] λ=0.6250 → flips=5831
[iter 3] λ=0.5625 → flips=3606
[iter 4] λ=0.5938 → flips=5177
[iter 5] λ=0.5781 → flips=4587
[iter 6] λ=0.5703 → flips=4181
[iter 7] λ=0.5742 → flips=4353
[iter 8] λ=0.5762 → flips=4381
[iter 9] λ=0.5771 → flips=4566
[iter 10] λ=0.5767 → flips=4455
[iter 11] λ=0.5769 → flips=4455
[iter 12] λ=0.5770 → flips=4515
[iter 13] λ=0.5771 → flips=4515
[iter 14] λ=0.5771 → flips=4566
[iter 15] λ=0.5771 → flips=4566
[iter 16] λ=0.5771 → flips=4558
[iter 17] λ=0.5771 → flips=4515
[iter 18] λ=0.5771 → flips=4558
[iter 19] λ=0.5771 → flips=4515

Best λ=0.5770 → flips=4515, correct=1939/4530
Number of flips performed: 4515
Cell (virus_11137,host_257882): 0 -> 1
Cell (virus_11137,host_2015597): 0 -> 1
Cell (virus_11137,host_258925): 0 -> 1
Cell (virus_11137,host_329870): 0 -> 1
Cell (virus_11137,host_2853157): 0 -> 1
Cell (virus_11137,host_498220): 0 -> 1
Cell (virus_11137,host_58060): 0 -> 1
Cell (virus_11137,host_1381355): 0 -> 1
Cell (virus_11137,host_118856): 0 -> 1
Cell (virus_11137,host_94956): 0 -> 1
Cell (virus_11137,host_59476): 0 -> 1
Cell (virus_11137,host_138695): 0 -> 1
Cell (virus_11137,host_410852): 0 -> 1
Cell (virus_11137,host_574064): 0 -> 1
Cell (virus_11137,host_27634): 0 -> 1
Cell (virus_11137,host_51012): 0 -> 1
Cell (virus_11137,host_40229): 0 -> 1
Cell (virus_11137,host_9423): 0 -> 1
Cell (virus_11137,host_148061): 0 -> 1
Cell (virus_11137,host_148089): 0 -> 1
Cell (virus_11137,host_94961): 0 -> 1
Cell (virus_11137,host_3042450): 0 -> 1
Cell (virus_11137,host_9414): 0 -> 1
Cell (virus_11137,host_9433): 0 -> 1
Cell (virus_11137,host_438766): 0 -> 1
Cell (virus_11137,host_258934): 0 -> 1
Cell (virus_11137,host_479723): 0 -> 1
Cell (virus_11137,host_258863): 0 -> 1
Cell (virus_11137,host_999964): 0 -> 1
Cell (virus_11137,host_258953): 0 -> 1
Cell (virus_11137,host_109485): 0 -> 1
Cell (virus_1244203,host_2015597): 0 -> 1
Cell (virus_1244203,host_329870): 0 -> 1
Cell (virus_1244203,host_3371112): 0 -> 1
Cell (virus_1244203,host_2853157): 0 -> 1
Cell (virus_1244203,host_58063): 0 -> 1
Cell (virus_1244203,host_9400): 0 -> 1
Cell (virus_1244203,host_298110): 0 -> 1
Cell (virus_1244203,host_374419): 0 -> 1
Cell (virus_1244203,host_326081): 0 -> 1
Cell (virus_1244203,host_326083): 0 -> 1
Cell (virus_1244203,host_1381355): 0 -> 1
Cell (virus_1244203,host_94956): 0 -> 1
Cell (virus_1244203,host_138695): 0 -> 1
Cell (virus_1244203,host_27663): 0 -> 1
Cell (virus_1244203,host_410852): 0 -> 1
Cell (virus_1244203,host_40229): 0 -> 1
Cell (virus_1244203,host_192403): 0 -> 1
Cell (virus_1244203,host_409031): 0 -> 1
Cell (virus_1244203,host_9423): 0 -> 1
Cell (virus_1244203,host_148089): 0 -> 1
Cell (virus_1244203,host_94961): 0 -> 1
Cell (virus_1244203,host_3042450): 0 -> 1
Cell (virus_1244203,host_3371013): 0 -> 1
Cell (virus_1244203,host_9414): 0 -> 1
Cell (virus_1244203,host_1434095): 0 -> 1
Cell (virus_1244203,host_221086): 0 -> 1
Cell (virus_1244203,host_221087): 0 -> 1
Cell (virus_1244203,host_187007): 0 -> 1
Cell (virus_1244203,host_9433): 0 -> 1
Cell (virus_1244203,host_438766): 0 -> 1
Cell (virus_1244203,host_258934): 0 -> 1
Cell (virus_1244203,host_124751): 0 -> 1
Cell (virus_1244203,host_27622): 0 -> 1
Cell (virus_1244203,host_2218597): 0 -> 1
Cell (virus_1244203,host_242384): 0 -> 1
Cell (virus_1244203,host_258863): 0 -> 1
Cell (virus_1244203,host_999964): 0 -> 1
Cell (virus_1244203,host_249034): 0 -> 1
Cell (virus_1244203,host_258953): 0 -> 1
Cell (virus_1244203,host_109485): 0 -> 1
Cell (virus_3433754,host_2015597): 0 -> 1
Cell (virus_3433754,host_329870): 0 -> 1
Cell (virus_3433754,host_3371112): 0 -> 1
Cell (virus_3433754,host_2853157): 0 -> 1
Cell (virus_3433754,host_58063): 0 -> 1
Cell (virus_3433754,host_9400): 0 -> 1
Cell (virus_3433754,host_298110): 0 -> 1
Cell (virus_3433754,host_374419): 0 -> 1
Cell (virus_3433754,host_326081): 0 -> 1
Cell (virus_3433754,host_326083): 0 -> 1
Cell (virus_3433754,host_1381355): 0 -> 1
Cell (virus_3433754,host_94956): 0 -> 1
Cell (virus_3433754,host_138695): 0 -> 1
Cell (virus_3433754,host_27663): 0 -> 1
Cell (virus_3433754,host_410852): 0 -> 1
Cell (virus_3433754,host_40229): 0 -> 1
Cell (virus_3433754,host_192403): 0 -> 1
Cell (virus_3433754,host_409031): 0 -> 1
Cell (virus_3433754,host_9423): 0 -> 1
Cell (virus_3433754,host_148089): 0 -> 1
Cell (virus_3433754,host_94961): 0 -> 1
Cell (virus_3433754,host_3042450): 0 -> 1
Cell (virus_3433754,host_3371013): 0 -> 1
Cell (virus_3433754,host_9414): 0 -> 1
Cell (virus_3433754,host_1434095): 0 -> 1
Cell (virus_3433754,host_221086): 0 -> 1
Cell (virus_3433754,host_221087): 0 -> 1
Cell (virus_3433754,host_187007): 0 -> 1
Cell (virus_3433754,host_9433): 0 -> 1
Cell (virus_3433754,host_438766): 0 -> 1
Cell (virus_3433754,host_258934): 0 -> 1
Cell (virus_3433754,host_124751): 0 -> 1
Cell (virus_3433754,host_27622): 0 -> 1
Cell (virus_3433754,host_2218597): 0 -> 1
Cell (virus_3433754,host_242384): 0 -> 1
Cell (virus_3433754,host_258863): 0 -> 1
Cell (virus_3433754,host_999964): 0 -> 1
Cell (virus_3433754,host_249034): 0 -> 1
Cell (virus_3433754,host_258953): 0 -> 1
Cell (virus_3433754,host_109485): 0 -> 1
Cell (virus_3433753,host_2015597): 0 -> 1
Cell (virus_3433753,host_157961): 0 -> 1
Cell (virus_3433753,host_584995): 0 -> 1
Cell (virus_3433753,host_329870): 0 -> 1
Cell (virus_3433753,host_3371112): 0 -> 1
Cell (virus_3433753,host_132908): 0 -> 1
Cell (virus_3433753,host_196297): 0 -> 1
Cell (virus_3433753,host_58057): 0 -> 1
Cell (virus_3433753,host_1898389): 0 -> 1
Cell (virus_3433753,host_2853157): 0 -> 1
Cell (virus_3433753,host_58063): 0 -> 1
Cell (virus_3433753,host_77214): 0 -> 1
Cell (virus_3433753,host_1898386): 0 -> 1
Cell (virus_3433753,host_326081): 0 -> 1
Cell (virus_3433753,host_326083): 0 -> 1
Cell (virus_3433753,host_1381355): 0 -> 1
Cell (virus_3433753,host_94956): 0 -> 1
Cell (virus_3433753,host_40233): 0 -> 1
Cell (virus_3433753,host_27663): 0 -> 1
Cell (virus_3433753,host_410852): 0 -> 1
Cell (virus_3433753,host_27634): 0 -> 1
Cell (virus_3433753,host_9417): 0 -> 1
Cell (virus_3433753,host_40229): 0 -> 1
Cell (virus_3433753,host_9423): 0 -> 1
Cell (virus_3433753,host_148089): 0 -> 1
Cell (virus_3433753,host_3042450): 0 -> 1
Cell (virus_3433753,host_3371013): 0 -> 1
Cell (virus_3433753,host_9414): 0 -> 1
Cell (virus_3433753,host_1434095): 0 -> 1
Cell (virus_3433753,host_221087): 0 -> 1
Cell (virus_3433753,host_187007): 0 -> 1
Cell (virus_3433753,host_9433): 0 -> 1
Cell (virus_3433753,host_438766): 0 -> 1
Cell (virus_3433753,host_258934): 0 -> 1
Cell (virus_3433753,host_124751): 0 -> 1
Cell (virus_3433753,host_27622): 0 -> 1
Cell (virus_3433753,host_2218597): 0 -> 1
Cell (virus_3433753,host_242384): 0 -> 1
Cell (virus_3433753,host_999964): 0 -> 1
Cell (virus_3433753,host_258953): 0 -> 1
Cell (virus_3433753,host_29078): 0 -> 1
Cell (virus_3433753,host_59474): 0 -> 1
Cell (virus_3119326,host_59461): 0 -> 1
Cell (virus_3119326,host_2015597): 0 -> 1
Cell (virus_3119326,host_334201): 0 -> 1
Cell (virus_3119326,host_249020): 0 -> 1
Cell (virus_3119326,host_584995): 0 -> 1
Cell (virus_3119326,host_329870): 0 -> 1
Cell (virus_3119326,host_3371112): 0 -> 1
Cell (virus_3119326,host_132908): 0 -> 1
Cell (virus_3119326,host_196297): 0 -> 1
Cell (virus_3119326,host_385575): 0 -> 1
Cell (virus_3119326,host_9403): 0 -> 1
Cell (virus_3119326,host_58057): 0 -> 1
Cell (virus_3119326,host_2853157): 0 -> 1
Cell (virus_3119326,host_903567): 0 -> 1
Cell (virus_3119326,host_58063): 0 -> 1
Cell (virus_3119326,host_58060): 0 -> 1
Cell (virus_3119326,host_298110): 0 -> 1
Cell (virus_3119326,host_77233): 0 -> 1
Cell (virus_3119326,host_374419): 0 -> 1
Cell (virus_3119326,host_326081): 0 -> 1
Cell (virus_3119326,host_326083): 0 -> 1
Cell (virus_3119326,host_1381355): 0 -> 1
Cell (virus_3119326,host_187003): 0 -> 1
Cell (virus_3119326,host_94956): 0 -> 1
Cell (virus_3119326,host_138695): 0 -> 1
Cell (virus_3119326,host_148094): 0 -> 1
Cell (virus_3119326,host_410852): 0 -> 1
Cell (virus_3119326,host_27634): 0 -> 1
Cell (virus_3119326,host_40228): 0 -> 1
Cell (virus_3119326,host_40230): 0 -> 1
Cell (virus_3119326,host_40229): 0 -> 1
Cell (virus_3119326,host_192403): 0 -> 1
Cell (virus_3119326,host_148089): 0 -> 1
Cell (virus_3119326,host_9430): 0 -> 1
Cell (virus_3119326,host_94961): 0 -> 1
Cell (virus_3119326,host_3042450): 0 -> 1
Cell (virus_3119326,host_59472): 0 -> 1
Cell (virus_3119326,host_9414): 0 -> 1
Cell (virus_3119326,host_1434095): 0 -> 1
Cell (virus_3119326,host_9433): 0 -> 1
Cell (virus_3119326,host_438766): 0 -> 1
Cell (virus_3119326,host_258934): 0 -> 1
Cell (virus_3119326,host_124751): 0 -> 1
Cell (virus_3119326,host_27622): 0 -> 1
Cell (virus_3119326,host_2218597): 0 -> 1
Cell (virus_3119326,host_242384): 0 -> 1
Cell (virus_3119326,host_258863): 0 -> 1
Cell (virus_3119326,host_999964): 0 -> 1
Cell (virus_3119326,host_153297): 0 -> 1
Cell (virus_3119326,host_258953): 0 -> 1
Cell (virus_3433752,host_160974): 0 -> 1
Cell (virus_3433752,host_2015597): 0 -> 1
Cell (virus_3433752,host_270698): 0 -> 1
Cell (virus_3433752,host_584995): 0 -> 1
Cell (virus_3433752,host_476589): 0 -> 1
Cell (virus_3433752,host_329870): 0 -> 1
Cell (virus_3433752,host_3371112): 0 -> 1
Cell (virus_3433752,host_124756): 0 -> 1
Cell (virus_3433752,host_196297): 0 -> 1
Cell (virus_3433752,host_9403): 0 -> 1
Cell (virus_3433752,host_58057): 0 -> 1
Cell (virus_3433752,host_1410044): 0 -> 1
Cell (virus_3433752,host_2853157): 0 -> 1
Cell (virus_3433752,host_58063): 0 -> 1
Cell (virus_3433752,host_58060): 0 -> 1
Cell (virus_3433752,host_77233): 0 -> 1
Cell (virus_3433752,host_326081): 0 -> 1
Cell (virus_3433752,host_326083): 0 -> 1
Cell (virus_3433752,host_1381355): 0 -> 1
Cell (virus_3433752,host_187003): 0 -> 1
Cell (virus_3433752,host_94956): 0 -> 1
Cell (virus_3433752,host_59476): 0 -> 1
Cell (virus_3433752,host_138695): 0 -> 1
Cell (virus_3433752,host_40233): 0 -> 1
Cell (virus_3433752,host_27663): 0 -> 1
Cell (virus_3433752,host_410852): 0 -> 1
Cell (virus_3433752,host_574064): 0 -> 1
Cell (virus_3433752,host_27634): 0 -> 1
Cell (virus_3433752,host_40230): 0 -> 1
Cell (virus_3433752,host_40229): 0 -> 1
Cell (virus_3433752,host_192403): 0 -> 1
Cell (virus_3433752,host_196700): 0 -> 1
Cell (virus_3433752,host_27660): 0 -> 1
Cell (virus_3433752,host_9423): 0 -> 1
Cell (virus_3433752,host_148089): 0 -> 1
Cell (virus_3433752,host_94961): 0 -> 1
Cell (virus_3433752,host_3042450): 0 -> 1
Cell (virus_3433752,host_9414): 0 -> 1
Cell (virus_3433752,host_1434095): 0 -> 1
Cell (virus_3433752,host_221086): 0 -> 1
Cell (virus_3433752,host_291302): 0 -> 1
Cell (virus_3433752,host_9433): 0 -> 1
Cell (virus_3433752,host_187008): 0 -> 1
Cell (virus_3433752,host_438766): 0 -> 1
Cell (virus_3433752,host_258934): 0 -> 1
Cell (virus_3433752,host_124751): 0 -> 1
Cell (virus_3433752,host_27622): 0 -> 1
Cell (virus_3433752,host_2218597): 0 -> 1
Cell (virus_3433752,host_242384): 0 -> 1
Cell (virus_3433752,host_258863): 0 -> 1
Cell (virus_3433752,host_999964): 0 -> 1
Cell (virus_3433752,host_153297): 0 -> 1
Cell (virus_3433752,host_258953): 0 -> 1
Cell (virus_1906673,host_155035): 0 -> 1
Cell (virus_1906673,host_2015597): 0 -> 1
Cell (virus_1906673,host_334201): 0 -> 1
Cell (virus_1906673,host_584995): 0 -> 1
Cell (virus_1906673,host_329870): 0 -> 1
Cell (virus_1906673,host_3371112): 0 -> 1
Cell (virus_1906673,host_132908): 0 -> 1
Cell (virus_1906673,host_196297): 0 -> 1
Cell (virus_1906673,host_385575): 0 -> 1
Cell (virus_1906673,host_2853157): 0 -> 1
Cell (virus_1906673,host_58063): 0 -> 1
Cell (virus_1906673,host_58060): 0 -> 1
Cell (virus_1906673,host_9400): 0 -> 1
Cell (virus_1906673,host_374419): 0 -> 1
Cell (virus_1906673,host_326081): 0 -> 1
Cell (virus_1906673,host_326083): 0 -> 1
Cell (virus_1906673,host_1381355): 0 -> 1
Cell (virus_1906673,host_94956): 0 -> 1
Cell (virus_1906673,host_138695): 0 -> 1
Cell (virus_1906673,host_40233): 0 -> 1
Cell (virus_1906673,host_410852): 0 -> 1
Cell (virus_1906673,host_27634): 0 -> 1
Cell (virus_1906673,host_40230): 0 -> 1
Cell (virus_1906673,host_40229): 0 -> 1
Cell (virus_1906673,host_9423): 0 -> 1
Cell (virus_1906673,host_148061): 0 -> 1
Cell (virus_1906673,host_148089): 0 -> 1
Cell (virus_1906673,host_94961): 0 -> 1
Cell (virus_1906673,host_3042450): 0 -> 1
Cell (virus_1906673,host_59472): 0 -> 1
Cell (virus_1906673,host_9414): 0 -> 1
Cell (virus_1906673,host_1434095): 0 -> 1
Cell (virus_1906673,host_221086): 0 -> 1
Cell (virus_1906673,host_221087): 0 -> 1
Cell (virus_1906673,host_9433): 0 -> 1
Cell (virus_1906673,host_438766): 0 -> 1
Cell (virus_1906673,host_258934): 0 -> 1
Cell (virus_1906673,host_479723): 0 -> 1
Cell (virus_1906673,host_258863): 0 -> 1
Cell (virus_1906673,host_452595): 0 -> 1
Cell (virus_1906673,host_999964): 0 -> 1
Cell (virus_1906673,host_258953): 0 -> 1
Cell (virus_1906673,host_3371014): 0 -> 1
Cell (virus_1906673,host_3371021): 0 -> 1
Cell (virus_3433785,host_155035): 0 -> 1
Cell (virus_3433785,host_2015597): 0 -> 1
Cell (virus_3433785,host_334201): 0 -> 1
Cell (virus_3433785,host_584995): 0 -> 1
Cell (virus_3433785,host_329870): 0 -> 1
Cell (virus_3433785,host_3371112): 0 -> 1
Cell (virus_3433785,host_132908): 0 -> 1
Cell (virus_3433785,host_196297): 0 -> 1
Cell (virus_3433785,host_385575): 0 -> 1
Cell (virus_3433785,host_2853157): 0 -> 1
Cell (virus_3433785,host_58063): 0 -> 1
Cell (virus_3433785,host_58060): 0 -> 1
Cell (virus_3433785,host_9400): 0 -> 1
Cell (virus_3433785,host_374419): 0 -> 1
Cell (virus_3433785,host_326081): 0 -> 1
Cell (virus_3433785,host_326083): 0 -> 1
Cell (virus_3433785,host_1381355): 0 -> 1
Cell (virus_3433785,host_94956): 0 -> 1
Cell (virus_3433785,host_138695): 0 -> 1
Cell (virus_3433785,host_40233): 0 -> 1
Cell (virus_3433785,host_410852): 0 -> 1
Cell (virus_3433785,host_27634): 0 -> 1
Cell (virus_3433785,host_40230): 0 -> 1
Cell (virus_3433785,host_40229): 0 -> 1
Cell (virus_3433785,host_9423): 0 -> 1
Cell (virus_3433785,host_148061): 0 -> 1
Cell (virus_3433785,host_148089): 0 -> 1
Cell (virus_3433785,host_94961): 0 -> 1
Cell (virus_3433785,host_3042450): 0 -> 1
Cell (virus_3433785,host_59472): 0 -> 1
Cell (virus_3433785,host_9414): 0 -> 1
Cell (virus_3433785,host_1434095): 0 -> 1
Cell (virus_3433785,host_221086): 0 -> 1
Cell (virus_3433785,host_221087): 0 -> 1
Cell (virus_3433785,host_9433): 0 -> 1
Cell (virus_3433785,host_438766): 0 -> 1
Cell (virus_3433785,host_258934): 0 -> 1
Cell (virus_3433785,host_479723): 0 -> 1
Cell (virus_3433785,host_258863): 0 -> 1
Cell (virus_3433785,host_452595): 0 -> 1
Cell (virus_3433785,host_999964): 0 -> 1
Cell (virus_3433785,host_258953): 0 -> 1
Cell (virus_3433785,host_3371014): 0 -> 1
Cell (virus_3433785,host_3371021): 0 -> 1
Cell (virus_2971263,host_1633875): 0 -> 1
Cell (virus_2971263,host_109482): 0 -> 1
Cell (virus_2971263,host_155035): 0 -> 1
Cell (virus_2971263,host_157961): 0 -> 1
Cell (virus_2971263,host_329870): 0 -> 1
Cell (virus_2971263,host_3371112): 0 -> 1
Cell (virus_2971263,host_166054): 0 -> 1
Cell (virus_2971263,host_196297): 0 -> 1
Cell (virus_2971263,host_385575): 0 -> 1
Cell (virus_2971263,host_2853157): 0 -> 1
Cell (virus_2971263,host_58063): 0 -> 1
Cell (virus_2971263,host_58060): 0 -> 1
Cell (virus_2971263,host_9400): 0 -> 1
Cell (virus_2971263,host_374419): 0 -> 1
Cell (virus_2971263,host_326081): 0 -> 1
Cell (virus_2971263,host_326083): 0 -> 1
Cell (virus_2971263,host_1381355): 0 -> 1
Cell (virus_2971263,host_1884717): 0 -> 1
Cell (virus_2971263,host_138695): 0 -> 1
Cell (virus_2971263,host_40233): 0 -> 1
Cell (virus_2971263,host_410852): 0 -> 1
Cell (virus_2971263,host_27634): 0 -> 1
Cell (virus_2971263,host_9417): 0 -> 1
Cell (virus_2971263,host_51012): 0 -> 1
Cell (virus_2971263,host_27660): 0 -> 1
Cell (virus_2971263,host_9423): 0 -> 1
Cell (virus_2971263,host_148061): 0 -> 1
Cell (virus_2971263,host_148089): 0 -> 1
Cell (virus_2971263,host_94961): 0 -> 1
Cell (virus_2971263,host_3042450): 0 -> 1
Cell (virus_2971263,host_9414): 0 -> 1
Cell (virus_2971263,host_1434095): 0 -> 1
Cell (virus_2971263,host_221086): 0 -> 1
Cell (virus_2971263,host_9433): 0 -> 1
Cell (virus_2971263,host_438766): 0 -> 1
Cell (virus_2971263,host_258934): 0 -> 1
Cell (virus_2971263,host_258863): 0 -> 1
Cell (virus_2971263,host_452595): 0 -> 1
Cell (virus_2971263,host_999964): 0 -> 1
Cell (virus_2971263,host_9438): 0 -> 1
Cell (virus_2971263,host_258952): 0 -> 1
Cell (virus_2971263,host_258953): 0 -> 1
Cell (virus_2971263,host_3371014): 0 -> 1
Cell (virus_2971263,host_3371021): 0 -> 1
Cell (virus_3433786,host_1633875): 0 -> 1
Cell (virus_3433786,host_109482): 0 -> 1
Cell (virus_3433786,host_155035): 0 -> 1
Cell (virus_3433786,host_2015597): 0 -> 1
Cell (virus_3433786,host_157961): 0 -> 1
Cell (virus_3433786,host_329870): 0 -> 1
Cell (virus_3433786,host_3371112): 0 -> 1
Cell (virus_3433786,host_166054): 0 -> 1
Cell (virus_3433786,host_196297): 0 -> 1
Cell (virus_3433786,host_385575): 0 -> 1
Cell (virus_3433786,host_2853157): 0 -> 1
Cell (virus_3433786,host_58063): 0 -> 1
Cell (virus_3433786,host_58060): 0 -> 1
Cell (virus_3433786,host_9400): 0 -> 1
Cell (virus_3433786,host_374419): 0 -> 1
Cell (virus_3433786,host_326081): 0 -> 1
Cell (virus_3433786,host_326083): 0 -> 1
Cell (virus_3433786,host_1381355): 0 -> 1
Cell (virus_3433786,host_1884717): 0 -> 1
Cell (virus_3433786,host_138695): 0 -> 1
Cell (virus_3433786,host_40233): 0 -> 1
Cell (virus_3433786,host_410852): 0 -> 1
Cell (virus_3433786,host_27634): 0 -> 1
Cell (virus_3433786,host_9417): 0 -> 1
Cell (virus_3433786,host_51012): 0 -> 1
Cell (virus_3433786,host_27660): 0 -> 1
Cell (virus_3433786,host_9423): 0 -> 1
Cell (virus_3433786,host_148061): 0 -> 1
Cell (virus_3433786,host_148089): 0 -> 1
Cell (virus_3433786,host_94961): 0 -> 1
Cell (virus_3433786,host_3042450): 0 -> 1
Cell (virus_3433786,host_9414): 0 -> 1
Cell (virus_3433786,host_1434095): 0 -> 1
Cell (virus_3433786,host_221086): 0 -> 1
Cell (virus_3433786,host_9433): 0 -> 1
Cell (virus_3433786,host_438766): 0 -> 1
Cell (virus_3433786,host_258934): 0 -> 1
Cell (virus_3433786,host_258863): 0 -> 1
Cell (virus_3433786,host_452595): 0 -> 1
Cell (virus_3433786,host_999964): 0 -> 1
Cell (virus_3433786,host_9438): 0 -> 1
Cell (virus_3433786,host_258952): 0 -> 1
Cell (virus_3433786,host_258953): 0 -> 1
Cell (virus_3433786,host_3371014): 0 -> 1
Cell (virus_3433786,host_3371021): 0 -> 1
Cell (virus_2989482,host_1633875): 0 -> 1
Cell (virus_2989482,host_109482): 0 -> 1
Cell (virus_2989482,host_412095): 0 -> 1
Cell (virus_2989482,host_155035): 0 -> 1
Cell (virus_2989482,host_270698): 0 -> 1
Cell (virus_2989482,host_329870): 0 -> 1
Cell (virus_2989482,host_3371112): 0 -> 1
Cell (virus_2989482,host_132908): 0 -> 1
Cell (virus_2989482,host_166054): 0 -> 1
Cell (virus_2989482,host_196297): 0 -> 1
Cell (virus_2989482,host_9403): 0 -> 1
Cell (virus_2989482,host_1410044): 0 -> 1
Cell (virus_2989482,host_77231): 0 -> 1
Cell (virus_2989482,host_58063): 0 -> 1
Cell (virus_2989482,host_77214): 0 -> 1
Cell (virus_2989482,host_58060): 0 -> 1
Cell (virus_2989482,host_9400): 0 -> 1
Cell (virus_2989482,host_374419): 0 -> 1
Cell (virus_2989482,host_326081): 0 -> 1
Cell (virus_2989482,host_326083): 0 -> 1
Cell (virus_2989482,host_1381355): 0 -> 1
Cell (virus_2989482,host_138695): 0 -> 1
Cell (virus_2989482,host_40233): 0 -> 1
Cell (virus_2989482,host_410852): 0 -> 1
Cell (virus_2989482,host_27634): 0 -> 1
Cell (virus_2989482,host_9417): 0 -> 1
Cell (virus_2989482,host_51012): 0 -> 1
Cell (virus_2989482,host_27660): 0 -> 1
Cell (virus_2989482,host_9423): 0 -> 1
Cell (virus_2989482,host_148089): 0 -> 1
Cell (virus_2989482,host_9430): 0 -> 1
Cell (virus_2989482,host_94961): 0 -> 1
Cell (virus_2989482,host_3042450): 0 -> 1
Cell (virus_2989482,host_9414): 0 -> 1
Cell (virus_2989482,host_1434095): 0 -> 1
Cell (virus_2989482,host_221086): 0 -> 1
Cell (virus_2989482,host_221087): 0 -> 1
Cell (virus_2989482,host_9433): 0 -> 1
Cell (virus_2989482,host_438766): 0 -> 1
Cell (virus_2989482,host_258934): 0 -> 1
Cell (virus_2989482,host_479723): 0 -> 1
Cell (virus_2989482,host_452595): 0 -> 1
Cell (virus_2989482,host_999964): 0 -> 1
Cell (virus_2989482,host_258952): 0 -> 1
Cell (virus_2989482,host_258953): 0 -> 1
Cell (virus_2989482,host_2969767): 0 -> 1
Cell (virus_2989482,host_3371014): 0 -> 1
Cell (virus_2989482,host_3371021): 0 -> 1
Cell (virus_3433784,host_1633875): 0 -> 1
Cell (virus_3433784,host_412095): 0 -> 1
Cell (virus_3433784,host_2015597): 0 -> 1
Cell (virus_3433784,host_476589): 0 -> 1
Cell (virus_3433784,host_519041): 0 -> 1
Cell (virus_3433784,host_329870): 0 -> 1
Cell (virus_3433784,host_549403): 0 -> 1
Cell (virus_3433784,host_3371112): 0 -> 1
Cell (virus_3433784,host_132908): 0 -> 1
Cell (virus_3433784,host_166054): 0 -> 1
Cell (virus_3433784,host_196297): 0 -> 1
Cell (virus_3433784,host_385575): 0 -> 1
Cell (virus_3433784,host_1410044): 0 -> 1
Cell (virus_3433784,host_2853157): 0 -> 1
Cell (virus_3433784,host_58065): 0 -> 1
Cell (virus_3433784,host_58063): 0 -> 1
Cell (virus_3433784,host_77214): 0 -> 1
Cell (virus_3433784,host_1898386): 0 -> 1
Cell (virus_3433784,host_58060): 0 -> 1
Cell (virus_3433784,host_9400): 0 -> 1
Cell (virus_3433784,host_374419): 0 -> 1
Cell (virus_3433784,host_326081): 0 -> 1
Cell (virus_3433784,host_326151): 0 -> 1
Cell (virus_3433784,host_326083): 0 -> 1
Cell (virus_3433784,host_1381355): 0 -> 1
Cell (virus_3433784,host_40233): 0 -> 1
Cell (virus_3433784,host_410852): 0 -> 1
Cell (virus_3433784,host_27634): 0 -> 1
Cell (virus_3433784,host_51012): 0 -> 1
Cell (virus_3433784,host_40229): 0 -> 1
Cell (virus_3433784,host_27660): 0 -> 1
Cell (virus_3433784,host_9423): 0 -> 1
Cell (virus_3433784,host_148061): 0 -> 1
Cell (virus_3433784,host_148089): 0 -> 1
Cell (virus_3433784,host_94961): 0 -> 1
Cell (virus_3433784,host_3042450): 0 -> 1
Cell (virus_3433784,host_9414): 0 -> 1
Cell (virus_3433784,host_1434095): 0 -> 1
Cell (virus_3433784,host_221086): 0 -> 1
Cell (virus_3433784,host_221087): 0 -> 1
Cell (virus_3433784,host_9433): 0 -> 1
Cell (virus_3433784,host_187008): 0 -> 1
Cell (virus_3433784,host_438766): 0 -> 1
Cell (virus_3433784,host_258934): 0 -> 1
Cell (virus_3433784,host_479723): 0 -> 1
Cell (virus_3433784,host_258863): 0 -> 1
Cell (virus_3433784,host_452595): 0 -> 1
Cell (virus_3433784,host_999964): 0 -> 1
Cell (virus_3433784,host_258953): 0 -> 1
Cell (virus_3433784,host_3371014): 0 -> 1
Cell (virus_3433784,host_3371016): 0 -> 1
Cell (virus_3433784,host_3371021): 0 -> 1
Cell (virus_2691588,host_160974): 0 -> 1
Cell (virus_2691588,host_2015597): 0 -> 1
Cell (virus_2691588,host_188569): 0 -> 1
Cell (virus_2691588,host_196297): 0 -> 1
Cell (virus_2691588,host_385575): 0 -> 1
Cell (virus_2691588,host_2853157): 0 -> 1
Cell (virus_2691588,host_58063): 0 -> 1
Cell (virus_2691588,host_138695): 0 -> 1
Cell (virus_2691588,host_410852): 0 -> 1
Cell (virus_2691588,host_27634): 0 -> 1
Cell (virus_2691588,host_9417): 0 -> 1
Cell (virus_2691588,host_51012): 0 -> 1
Cell (virus_2691588,host_40229): 0 -> 1
Cell (virus_2691588,host_27660): 0 -> 1
Cell (virus_2691588,host_89673): 0 -> 1
Cell (virus_2691588,host_9423): 0 -> 1
Cell (virus_2691588,host_148089): 0 -> 1
Cell (virus_2691588,host_9433): 0 -> 1
Cell (virus_2691588,host_258934): 0 -> 1
Cell (virus_2691588,host_3370289): 0 -> 1
Cell (virus_2691588,host_999964): 0 -> 1
Cell (virus_2691588,host_29078): 0 -> 1
Cell (virus_3433780,host_160974): 0 -> 1
Cell (virus_3433780,host_2015597): 0 -> 1
Cell (virus_3433780,host_188569): 0 -> 1
Cell (virus_3433780,host_166054): 0 -> 1
Cell (virus_3433780,host_196297): 0 -> 1
Cell (virus_3433780,host_385575): 0 -> 1
Cell (virus_3433780,host_2853157): 0 -> 1
Cell (virus_3433780,host_58063): 0 -> 1
Cell (virus_3433780,host_138695): 0 -> 1
Cell (virus_3433780,host_410852): 0 -> 1
Cell (virus_3433780,host_27634): 0 -> 1
Cell (virus_3433780,host_40230): 0 -> 1
Cell (virus_3433780,host_9417): 0 -> 1
Cell (virus_3433780,host_51012): 0 -> 1
Cell (virus_3433780,host_40229): 0 -> 1
Cell (virus_3433780,host_27660): 0 -> 1
Cell (virus_3433780,host_89673): 0 -> 1
Cell (virus_3433780,host_9423): 0 -> 1
Cell (virus_3433780,host_148089): 0 -> 1
Cell (virus_3433780,host_9433): 0 -> 1
Cell (virus_3433780,host_258934): 0 -> 1
Cell (virus_3433780,host_3370289): 0 -> 1
Cell (virus_3433780,host_999964): 0 -> 1
Cell (virus_694000,host_160974): 0 -> 1
Cell (virus_694000,host_2015597): 0 -> 1
Cell (virus_694000,host_188569): 0 -> 1
Cell (virus_694000,host_166054): 0 -> 1
Cell (virus_694000,host_196297): 0 -> 1
Cell (virus_694000,host_385575): 0 -> 1
Cell (virus_694000,host_2853157): 0 -> 1
Cell (virus_694000,host_58063): 0 -> 1
Cell (virus_694000,host_138695): 0 -> 1
Cell (virus_694000,host_410852): 0 -> 1
Cell (virus_694000,host_27634): 0 -> 1
Cell (virus_694000,host_40230): 0 -> 1
Cell (virus_694000,host_9417): 0 -> 1
Cell (virus_694000,host_51012): 0 -> 1
Cell (virus_694000,host_40229): 0 -> 1
Cell (virus_694000,host_27660): 0 -> 1
Cell (virus_694000,host_89673): 0 -> 1
Cell (virus_694000,host_9423): 0 -> 1
Cell (virus_694000,host_148089): 0 -> 1
Cell (virus_694000,host_9433): 0 -> 1
Cell (virus_694000,host_258934): 0 -> 1
Cell (virus_694000,host_3370289): 0 -> 1
Cell (virus_694000,host_999964): 0 -> 1
Cell (virus_3119327,host_160974): 0 -> 1
Cell (virus_3119327,host_155035): 0 -> 1
Cell (virus_3119327,host_2015597): 0 -> 1
Cell (virus_3119327,host_188569): 0 -> 1
Cell (virus_3119327,host_196297): 0 -> 1
Cell (virus_3119327,host_385575): 0 -> 1
Cell (virus_3119327,host_2853157): 0 -> 1
Cell (virus_3119327,host_58063): 0 -> 1
Cell (virus_3119327,host_9400): 0 -> 1
Cell (virus_3119327,host_77233): 0 -> 1
Cell (virus_3119327,host_326081): 0 -> 1
Cell (virus_3119327,host_94956): 0 -> 1
Cell (virus_3119327,host_138695): 0 -> 1
Cell (virus_3119327,host_27634): 0 -> 1
Cell (virus_3119327,host_9417): 0 -> 1
Cell (virus_3119327,host_40229): 0 -> 1
Cell (virus_3119327,host_27660): 0 -> 1
Cell (virus_3119327,host_89673): 0 -> 1
Cell (virus_3119327,host_9423): 0 -> 1
Cell (virus_3119327,host_148089): 0 -> 1
Cell (virus_3119327,host_9433): 0 -> 1
Cell (virus_3119327,host_438766): 0 -> 1
Cell (virus_3119327,host_258934): 0 -> 1
Cell (virus_3119327,host_452595): 0 -> 1
Cell (virus_3119327,host_999964): 0 -> 1
Cell (virus_2809631,host_160974): 0 -> 1
Cell (virus_2809631,host_188569): 0 -> 1
Cell (virus_2809631,host_196297): 0 -> 1
Cell (virus_2809631,host_385575): 0 -> 1
Cell (virus_2809631,host_2853157): 0 -> 1
Cell (virus_2809631,host_58063): 0 -> 1
Cell (virus_2809631,host_77233): 0 -> 1
Cell (virus_2809631,host_326081): 0 -> 1
Cell (virus_2809631,host_94956): 0 -> 1
Cell (virus_2809631,host_138695): 0 -> 1
Cell (virus_2809631,host_27663): 0 -> 1
Cell (virus_2809631,host_410852): 0 -> 1
Cell (virus_2809631,host_27634): 0 -> 1
Cell (virus_2809631,host_27660): 0 -> 1
Cell (virus_2809631,host_27642): 0 -> 1
Cell (virus_2809631,host_89673): 0 -> 1
Cell (virus_2809631,host_148089): 0 -> 1
Cell (virus_2809631,host_9433): 0 -> 1
Cell (virus_2809631,host_438766): 0 -> 1
Cell (virus_2809631,host_999964): 0 -> 1
Cell (virus_3433779,host_160974): 0 -> 1
Cell (virus_3433779,host_2015597): 0 -> 1
Cell (virus_3433779,host_188569): 0 -> 1
Cell (virus_3433779,host_196297): 0 -> 1
Cell (virus_3433779,host_385575): 0 -> 1
Cell (virus_3433779,host_2853157): 0 -> 1
Cell (virus_3433779,host_58063): 0 -> 1
Cell (virus_3433779,host_77233): 0 -> 1
Cell (virus_3433779,host_326081): 0 -> 1
Cell (virus_3433779,host_94956): 0 -> 1
Cell (virus_3433779,host_138695): 0 -> 1
Cell (virus_3433779,host_27663): 0 -> 1
Cell (virus_3433779,host_410852): 0 -> 1
Cell (virus_3433779,host_27634): 0 -> 1
Cell (virus_3433779,host_40228): 0 -> 1
Cell (virus_3433779,host_27660): 0 -> 1
Cell (virus_3433779,host_27642): 0 -> 1
Cell (virus_3433779,host_89673): 0 -> 1
Cell (virus_3433779,host_148089): 0 -> 1
Cell (virus_3433779,host_9433): 0 -> 1
Cell (virus_3433779,host_438766): 0 -> 1
Cell (virus_3433779,host_258863): 0 -> 1
Cell (virus_3433779,host_999964): 0 -> 1
Cell (virus_694001,host_160974): 0 -> 1
Cell (virus_694001,host_2015597): 0 -> 1
Cell (virus_694001,host_188569): 0 -> 1
Cell (virus_694001,host_196297): 0 -> 1
Cell (virus_694001,host_385575): 0 -> 1
Cell (virus_694001,host_2853157): 0 -> 1
Cell (virus_694001,host_58063): 0 -> 1
Cell (virus_694001,host_77233): 0 -> 1
Cell (virus_694001,host_326081): 0 -> 1
Cell (virus_694001,host_94956): 0 -> 1
Cell (virus_694001,host_138695): 0 -> 1
Cell (virus_694001,host_27663): 0 -> 1
Cell (virus_694001,host_410852): 0 -> 1
Cell (virus_694001,host_27634): 0 -> 1
Cell (virus_694001,host_40228): 0 -> 1
Cell (virus_694001,host_27660): 0 -> 1
Cell (virus_694001,host_27642): 0 -> 1
Cell (virus_694001,host_89673): 0 -> 1
Cell (virus_694001,host_148089): 0 -> 1
Cell (virus_694001,host_9433): 0 -> 1
Cell (virus_694001,host_438766): 0 -> 1
Cell (virus_694001,host_258863): 0 -> 1
Cell (virus_694001,host_999964): 0 -> 1
Cell (virus_3027594,host_196297): 0 -> 1
Cell (virus_3027594,host_385575): 0 -> 1
Cell (virus_3027594,host_2853157): 0 -> 1
Cell (virus_3027594,host_903567): 0 -> 1
Cell (virus_3027594,host_58063): 0 -> 1
Cell (virus_3027594,host_326081): 0 -> 1
Cell (virus_3027594,host_326083): 0 -> 1
Cell (virus_3027594,host_1381355): 0 -> 1
Cell (virus_3027594,host_187003): 0 -> 1
Cell (virus_3027594,host_94956): 0 -> 1
Cell (virus_3027594,host_59476): 0 -> 1
Cell (virus_3027594,host_138695): 0 -> 1
Cell (virus_3027594,host_40233): 0 -> 1
Cell (virus_3027594,host_27663): 0 -> 1
Cell (virus_3027594,host_410852): 0 -> 1
Cell (virus_3027594,host_574064): 0 -> 1
Cell (virus_3027594,host_27634): 0 -> 1
Cell (virus_3027594,host_40228): 0 -> 1
Cell (virus_3027594,host_9417): 0 -> 1
Cell (virus_3027594,host_40224): 0 -> 1
Cell (virus_3027594,host_40229): 0 -> 1
Cell (virus_3027594,host_27660): 0 -> 1
Cell (virus_3027594,host_27638): 0 -> 1
Cell (virus_3027594,host_9423): 0 -> 1
Cell (virus_3027594,host_148089): 0 -> 1
Cell (virus_3027594,host_94961): 0 -> 1
Cell (virus_3027594,host_3042450): 0 -> 1
Cell (virus_3027594,host_9414): 0 -> 1
Cell (virus_3027594,host_9433): 0 -> 1
Cell (virus_3027594,host_438766): 0 -> 1
Cell (virus_3027594,host_258934): 0 -> 1
Cell (virus_3027594,host_242384): 0 -> 1
Cell (virus_3027594,host_258863): 0 -> 1
Cell (virus_3027594,host_3370289): 0 -> 1
Cell (virus_3027594,host_999964): 0 -> 1
Cell (virus_3027594,host_258953): 0 -> 1
Cell (virus_3433782,host_187011): 0 -> 1
Cell (virus_3433782,host_196297): 0 -> 1
Cell (virus_3433782,host_385575): 0 -> 1
Cell (virus_3433782,host_2853157): 0 -> 1
Cell (virus_3433782,host_58063): 0 -> 1
Cell (virus_3433782,host_326081): 0 -> 1
Cell (virus_3433782,host_326083): 0 -> 1
Cell (virus_3433782,host_1381355): 0 -> 1
Cell (virus_3433782,host_187003): 0 -> 1
Cell (virus_3433782,host_59476): 0 -> 1
Cell (virus_3433782,host_138695): 0 -> 1
Cell (virus_3433782,host_40233): 0 -> 1
Cell (virus_3433782,host_27663): 0 -> 1
Cell (virus_3433782,host_410852): 0 -> 1
Cell (virus_3433782,host_27634): 0 -> 1
Cell (virus_3433782,host_40228): 0 -> 1
Cell (virus_3433782,host_40224): 0 -> 1
Cell (virus_3433782,host_40229): 0 -> 1
Cell (virus_3433782,host_27660): 0 -> 1
Cell (virus_3433782,host_27638): 0 -> 1
Cell (virus_3433782,host_27642): 0 -> 1
Cell (virus_3433782,host_89673): 0 -> 1
Cell (virus_3433782,host_9423): 0 -> 1
Cell (virus_3433782,host_148061): 0 -> 1
Cell (virus_3433782,host_148089): 0 -> 1
Cell (virus_3433782,host_94961): 0 -> 1
Cell (virus_3433782,host_3042450): 0 -> 1
Cell (virus_3433782,host_9414): 0 -> 1
Cell (virus_3433782,host_9433): 0 -> 1
Cell (virus_3433782,host_438766): 0 -> 1
Cell (virus_3433782,host_258934): 0 -> 1
Cell (virus_3433782,host_242384): 0 -> 1
Cell (virus_3433782,host_999964): 0 -> 1
Cell (virus_3433782,host_258953): 0 -> 1
Cell (virus_3027595,host_157961): 0 -> 1
Cell (virus_3027595,host_196297): 0 -> 1
Cell (virus_3027595,host_385575): 0 -> 1
Cell (virus_3027595,host_2853157): 0 -> 1
Cell (virus_3027595,host_58063): 0 -> 1
Cell (virus_3027595,host_77214): 0 -> 1
Cell (virus_3027595,host_298110): 0 -> 1
Cell (virus_3027595,host_326081): 0 -> 1
Cell (virus_3027595,host_326083): 0 -> 1
Cell (virus_3027595,host_1381355): 0 -> 1
Cell (virus_3027595,host_94956): 0 -> 1
Cell (virus_3027595,host_1884717): 0 -> 1
Cell (virus_3027595,host_40233): 0 -> 1
Cell (virus_3027595,host_410852): 0 -> 1
Cell (virus_3027595,host_574064): 0 -> 1
Cell (virus_3027595,host_27634): 0 -> 1
Cell (virus_3027595,host_9417): 0 -> 1
Cell (virus_3027595,host_40224): 0 -> 1
Cell (virus_3027595,host_40229): 0 -> 1
Cell (virus_3027595,host_27660): 0 -> 1
Cell (virus_3027595,host_27638): 0 -> 1
Cell (virus_3027595,host_2994998): 0 -> 1
Cell (virus_3027595,host_89673): 0 -> 1
Cell (virus_3027595,host_9423): 0 -> 1
Cell (virus_3027595,host_148061): 0 -> 1
Cell (virus_3027595,host_148089): 0 -> 1
Cell (virus_3027595,host_94961): 0 -> 1
Cell (virus_3027595,host_3042450): 0 -> 1
Cell (virus_3027595,host_9414): 0 -> 1
Cell (virus_3027595,host_9433): 0 -> 1
Cell (virus_3027595,host_438766): 0 -> 1
Cell (virus_3027595,host_258934): 0 -> 1
Cell (virus_3027595,host_242384): 0 -> 1
Cell (virus_3027595,host_258863): 0 -> 1
Cell (virus_3027595,host_999964): 0 -> 1
Cell (virus_3027595,host_258953): 0 -> 1
Cell (virus_2917968,host_2015597): 0 -> 1
Cell (virus_2917968,host_270698): 0 -> 1
Cell (virus_2917968,host_132908): 0 -> 1
Cell (virus_2917968,host_166054): 0 -> 1
Cell (virus_2917968,host_196297): 0 -> 1
Cell (virus_2917968,host_1898389): 0 -> 1
Cell (virus_2917968,host_2853157): 0 -> 1
Cell (virus_2917968,host_1898393): 0 -> 1
Cell (virus_2917968,host_58063): 0 -> 1
Cell (virus_2917968,host_58060): 0 -> 1
Cell (virus_2917968,host_9400): 0 -> 1
Cell (virus_2917968,host_298110): 0 -> 1
Cell (virus_2917968,host_326083): 0 -> 1
Cell (virus_2917968,host_1381355): 0 -> 1
Cell (virus_2917968,host_40233): 0 -> 1
Cell (virus_2917968,host_410852): 0 -> 1
Cell (virus_2917968,host_574064): 0 -> 1
Cell (virus_2917968,host_27634): 0 -> 1
Cell (virus_2917968,host_40229): 0 -> 1
Cell (virus_2917968,host_192403): 0 -> 1
Cell (virus_2917968,host_27660): 0 -> 1
Cell (virus_2917968,host_27638): 0 -> 1
Cell (virus_2917968,host_9423): 0 -> 1
Cell (virus_2917968,host_148089): 0 -> 1
Cell (virus_2917968,host_9430): 0 -> 1
Cell (virus_2917968,host_94961): 0 -> 1
Cell (virus_2917968,host_3042450): 0 -> 1
Cell (virus_2917968,host_9414): 0 -> 1
Cell (virus_2917968,host_9433): 0 -> 1
Cell (virus_2917968,host_258934): 0 -> 1
Cell (virus_2917968,host_242384): 0 -> 1
Cell (virus_2917968,host_258863): 0 -> 1
Cell (virus_2917968,host_109485): 0 -> 1
Cell (virus_3119328,host_375553): 0 -> 1
Cell (virus_3119328,host_2015597): 0 -> 1
Cell (virus_3119328,host_188569): 0 -> 1
Cell (virus_3119328,host_157961): 0 -> 1
Cell (virus_3119328,host_132908): 0 -> 1
Cell (virus_3119328,host_385575): 0 -> 1
Cell (virus_3119328,host_1898389): 0 -> 1
Cell (virus_3119328,host_2853157): 0 -> 1
Cell (virus_3119328,host_1898393): 0 -> 1
Cell (virus_3119328,host_58063): 0 -> 1
Cell (virus_3119328,host_1898386): 0 -> 1
Cell (virus_3119328,host_58060): 0 -> 1
Cell (virus_3119328,host_298110): 0 -> 1
Cell (virus_3119328,host_326081): 0 -> 1
Cell (virus_3119328,host_326083): 0 -> 1
Cell (virus_3119328,host_1381355): 0 -> 1
Cell (virus_3119328,host_907075): 0 -> 1
Cell (virus_3119328,host_94956): 0 -> 1
Cell (virus_3119328,host_1884717): 0 -> 1
Cell (virus_3119328,host_40233): 0 -> 1
Cell (virus_3119328,host_148094): 0 -> 1
Cell (virus_3119328,host_27663): 0 -> 1
Cell (virus_3119328,host_410852): 0 -> 1
Cell (virus_3119328,host_27634): 0 -> 1
Cell (virus_3119328,host_40228): 0 -> 1
Cell (virus_3119328,host_40229): 0 -> 1
Cell (virus_3119328,host_27660): 0 -> 1
Cell (virus_3119328,host_27638): 0 -> 1
Cell (virus_3119328,host_9423): 0 -> 1
Cell (virus_3119328,host_148089): 0 -> 1
Cell (virus_3119328,host_9430): 0 -> 1
Cell (virus_3119328,host_94961): 0 -> 1
Cell (virus_3119328,host_3042450): 0 -> 1
Cell (virus_3119328,host_59472): 0 -> 1
Cell (virus_3119328,host_9414): 0 -> 1
Cell (virus_3119328,host_9433): 0 -> 1
Cell (virus_3119328,host_258934): 0 -> 1
Cell (virus_3119328,host_242384): 0 -> 1
Cell (virus_3119328,host_109485): 0 -> 1
Cell (virus_3119328,host_59474): 0 -> 1
Cell (virus_3119329,host_59461): 0 -> 1
Cell (virus_3119329,host_2015597): 0 -> 1
Cell (virus_3119329,host_633648): 0 -> 1
Cell (virus_3119329,host_157961): 0 -> 1
Cell (virus_3119329,host_89399): 0 -> 1
Cell (virus_3119329,host_132908): 0 -> 1
Cell (virus_3119329,host_166054): 0 -> 1
Cell (virus_3119329,host_196297): 0 -> 1
Cell (virus_3119329,host_1410044): 0 -> 1
Cell (virus_3119329,host_2853157): 0 -> 1
Cell (virus_3119329,host_903567): 0 -> 1
Cell (virus_3119329,host_1898393): 0 -> 1
Cell (virus_3119329,host_58063): 0 -> 1
Cell (virus_3119329,host_1898386): 0 -> 1
Cell (virus_3119329,host_58060): 0 -> 1
Cell (virus_3119329,host_9400): 0 -> 1
Cell (virus_3119329,host_77233): 0 -> 1
Cell (virus_3119329,host_326083): 0 -> 1
Cell (virus_3119329,host_1381355): 0 -> 1
Cell (virus_3119329,host_907075): 0 -> 1
Cell (virus_3119329,host_94956): 0 -> 1
Cell (virus_3119329,host_1884717): 0 -> 1
Cell (virus_3119329,host_40233): 0 -> 1
Cell (virus_3119329,host_410852): 0 -> 1
Cell (virus_3119329,host_27634): 0 -> 1
Cell (virus_3119329,host_9417): 0 -> 1
Cell (virus_3119329,host_51012): 0 -> 1
Cell (virus_3119329,host_27660): 0 -> 1
Cell (virus_3119329,host_27638): 0 -> 1
Cell (virus_3119329,host_27642): 0 -> 1
Cell (virus_3119329,host_9423): 0 -> 1
Cell (virus_3119329,host_148089): 0 -> 1
Cell (virus_3119329,host_9430): 0 -> 1
Cell (virus_3119329,host_94961): 0 -> 1
Cell (virus_3119329,host_3042450): 0 -> 1
Cell (virus_3119329,host_9414): 0 -> 1
Cell (virus_3119329,host_9433): 0 -> 1
Cell (virus_3119329,host_258934): 0 -> 1
Cell (virus_3119329,host_258863): 0 -> 1
Cell (virus_3119329,host_452595): 0 -> 1
Cell (virus_3119329,host_999964): 0 -> 1
Cell (virus_3119329,host_109485): 0 -> 1
Cell (virus_2991941,host_160974): 0 -> 1
Cell (virus_2991941,host_155035): 0 -> 1
Cell (virus_2991941,host_2015597): 0 -> 1
Cell (virus_2991941,host_519041): 0 -> 1
Cell (virus_2991941,host_337453): 0 -> 1
Cell (virus_2991941,host_132908): 0 -> 1
Cell (virus_2991941,host_166054): 0 -> 1
Cell (virus_2991941,host_196297): 0 -> 1
Cell (virus_2991941,host_2853157): 0 -> 1
Cell (virus_2991941,host_1898393): 0 -> 1
Cell (virus_2991941,host_58063): 0 -> 1
Cell (virus_2991941,host_58060): 0 -> 1
Cell (virus_2991941,host_326083): 0 -> 1
Cell (virus_2991941,host_1381355): 0 -> 1
Cell (virus_2991941,host_94956): 0 -> 1
Cell (virus_2991941,host_1884717): 0 -> 1
Cell (virus_2991941,host_138695): 0 -> 1
Cell (virus_2991941,host_208969): 0 -> 1
Cell (virus_2991941,host_40233): 0 -> 1
Cell (virus_2991941,host_148094): 0 -> 1
Cell (virus_2991941,host_410852): 0 -> 1
Cell (virus_2991941,host_27634): 0 -> 1
Cell (virus_2991941,host_40230): 0 -> 1
Cell (virus_2991941,host_9417): 0 -> 1
Cell (virus_2991941,host_27660): 0 -> 1
Cell (virus_2991941,host_27638): 0 -> 1
Cell (virus_2991941,host_9423): 0 -> 1
Cell (virus_2991941,host_148089): 0 -> 1
Cell (virus_2991941,host_94961): 0 -> 1
Cell (virus_2991941,host_3042450): 0 -> 1
Cell (virus_2991941,host_3371013): 0 -> 1
Cell (virus_2991941,host_59472): 0 -> 1
Cell (virus_2991941,host_9414): 0 -> 1
Cell (virus_2991941,host_9433): 0 -> 1
Cell (virus_2991941,host_187008): 0 -> 1
Cell (virus_2991941,host_258934): 0 -> 1
Cell (virus_2991941,host_258863): 0 -> 1
Cell (virus_2991941,host_452595): 0 -> 1
Cell (virus_2991941,host_999964): 0 -> 1
Cell (virus_2991941,host_258952): 0 -> 1
Cell (virus_2991941,host_258953): 0 -> 1
Cell (virus_2991941,host_109485): 0 -> 1
Cell (virus_2991941,host_59474): 0 -> 1
Cell (virus_2993504,host_160974): 0 -> 1
Cell (virus_2993504,host_155035): 0 -> 1
Cell (virus_2993504,host_2015597): 0 -> 1
Cell (virus_2993504,host_270698): 0 -> 1
Cell (virus_2993504,host_166054): 0 -> 1
Cell (virus_2993504,host_196297): 0 -> 1
Cell (virus_2993504,host_2853157): 0 -> 1
Cell (virus_2993504,host_1898393): 0 -> 1
Cell (virus_2993504,host_58063): 0 -> 1
Cell (virus_2993504,host_58060): 0 -> 1
Cell (virus_2993504,host_326083): 0 -> 1
Cell (virus_2993504,host_1381355): 0 -> 1
Cell (virus_2993504,host_94956): 0 -> 1
Cell (virus_2993504,host_138695): 0 -> 1
Cell (virus_2993504,host_208969): 0 -> 1
Cell (virus_2993504,host_40233): 0 -> 1
Cell (virus_2993504,host_148094): 0 -> 1
Cell (virus_2993504,host_410852): 0 -> 1
Cell (virus_2993504,host_27634): 0 -> 1
Cell (virus_2993504,host_40230): 0 -> 1
Cell (virus_2993504,host_9417): 0 -> 1
Cell (virus_2993504,host_51012): 0 -> 1
Cell (virus_2993504,host_40229): 0 -> 1
Cell (virus_2993504,host_196700): 0 -> 1
Cell (virus_2993504,host_27660): 0 -> 1
Cell (virus_2993504,host_27638): 0 -> 1
Cell (virus_2993504,host_409031): 0 -> 1
Cell (virus_2993504,host_9423): 0 -> 1
Cell (virus_2993504,host_148089): 0 -> 1
Cell (virus_2993504,host_94961): 0 -> 1
Cell (virus_2993504,host_3042450): 0 -> 1
Cell (virus_2993504,host_3371013): 0 -> 1
Cell (virus_2993504,host_9414): 0 -> 1
Cell (virus_2993504,host_9433): 0 -> 1
Cell (virus_2993504,host_258934): 0 -> 1
Cell (virus_2993504,host_258863): 0 -> 1
Cell (virus_2993504,host_452595): 0 -> 1
Cell (virus_2993504,host_999964): 0 -> 1
Cell (virus_2993504,host_249034): 0 -> 1
Cell (virus_2993504,host_258952): 0 -> 1
Cell (virus_2993504,host_258953): 0 -> 1
Cell (virus_2993504,host_59474): 0 -> 1
Cell (virus_1335626,host_257882): 0 -> 1
Cell (virus_1335626,host_2528591): 0 -> 1
Cell (virus_1335626,host_109482): 0 -> 1
Cell (virus_1335626,host_51298): 0 -> 1
Cell (virus_1335626,host_225399): 0 -> 1
Cell (virus_1335626,host_386774): 0 -> 1
Cell (virus_1335626,host_392318): 0 -> 1
Cell (virus_1335626,host_526407): 0 -> 1
Cell (virus_1335626,host_59461): 0 -> 1
Cell (virus_1335626,host_98922): 0 -> 1
Cell (virus_1335626,host_155915): 0 -> 1
Cell (virus_1335626,host_2015597): 0 -> 1
Cell (virus_1335626,host_633648): 0 -> 1
Cell (virus_1335626,host_188569): 0 -> 1
Cell (virus_1335626,host_249024): 0 -> 1
Cell (virus_1335626,host_302408): 0 -> 1
Cell (virus_1335626,host_59478): 0 -> 1
Cell (virus_1335626,host_342862): 0 -> 1
Cell (virus_1335626,host_519037): 0 -> 1
Cell (virus_1335626,host_124756): 0 -> 1
Cell (virus_1335626,host_196297): 0 -> 1
Cell (virus_1335626,host_385575): 0 -> 1
Cell (virus_1335626,host_328804): 0 -> 1
Cell (virus_1335626,host_58063): 0 -> 1
Cell (virus_1335626,host_9400): 0 -> 1
Cell (virus_1335626,host_77233): 0 -> 1
Cell (virus_1335626,host_326083): 0 -> 1
Cell (virus_1335626,host_94956): 0 -> 1
Cell (virus_1335626,host_40233): 0 -> 1
Cell (virus_1335626,host_410852): 0 -> 1
Cell (virus_1335626,host_27634): 0 -> 1
Cell (virus_1335626,host_40228): 0 -> 1
Cell (virus_1335626,host_40230): 0 -> 1
Cell (virus_1335626,host_27660): 0 -> 1
Cell (virus_1335626,host_27638): 0 -> 1
Cell (virus_1335626,host_89673): 0 -> 1
Cell (virus_1335626,host_148061): 0 -> 1
Cell (virus_1335626,host_94961): 0 -> 1
Cell (virus_1335626,host_3042450): 0 -> 1
Cell (virus_1335626,host_9414): 0 -> 1
Cell (virus_1335626,host_1434095): 0 -> 1
Cell (virus_1335626,host_221087): 0 -> 1
Cell (virus_1335626,host_9433): 0 -> 1
Cell (virus_1335626,host_438766): 0 -> 1
Cell (virus_1335626,host_258934): 0 -> 1
Cell (virus_1335626,host_124751): 0 -> 1
Cell (virus_1335626,host_27622): 0 -> 1
Cell (virus_1335626,host_2218597): 0 -> 1
Cell (virus_1335626,host_452595): 0 -> 1
Cell (virus_1335626,host_999964): 0 -> 1
Cell (virus_1335626,host_258952): 0 -> 1
Cell (virus_1335626,host_258953): 0 -> 1
Cell (virus_1335626,host_29078): 0 -> 1
Cell (virus_1335626,host_3371016): 0 -> 1
Cell (virus_3433633,host_257882): 0 -> 1
Cell (virus_3433633,host_2528591): 0 -> 1
Cell (virus_3433633,host_109482): 0 -> 1
Cell (virus_3433633,host_51298): 0 -> 1
Cell (virus_3433633,host_225399): 0 -> 1
Cell (virus_3433633,host_386774): 0 -> 1
Cell (virus_3433633,host_392318): 0 -> 1
Cell (virus_3433633,host_526407): 0 -> 1
Cell (virus_3433633,host_59461): 0 -> 1
Cell (virus_3433633,host_98922): 0 -> 1
Cell (virus_3433633,host_155915): 0 -> 1
Cell (virus_3433633,host_2015597): 0 -> 1
Cell (virus_3433633,host_633648): 0 -> 1
Cell (virus_3433633,host_188569): 0 -> 1
Cell (virus_3433633,host_249024): 0 -> 1
Cell (virus_3433633,host_302408): 0 -> 1
Cell (virus_3433633,host_59478): 0 -> 1
Cell (virus_3433633,host_342862): 0 -> 1
Cell (virus_3433633,host_519037): 0 -> 1
Cell (virus_3433633,host_124756): 0 -> 1
Cell (virus_3433633,host_196297): 0 -> 1
Cell (virus_3433633,host_385575): 0 -> 1
Cell (virus_3433633,host_328804): 0 -> 1
Cell (virus_3433633,host_58063): 0 -> 1
Cell (virus_3433633,host_9400): 0 -> 1
Cell (virus_3433633,host_77233): 0 -> 1
Cell (virus_3433633,host_326083): 0 -> 1
Cell (virus_3433633,host_94956): 0 -> 1
Cell (virus_3433633,host_40233): 0 -> 1
Cell (virus_3433633,host_410852): 0 -> 1
Cell (virus_3433633,host_27634): 0 -> 1
Cell (virus_3433633,host_40228): 0 -> 1
Cell (virus_3433633,host_40230): 0 -> 1
Cell (virus_3433633,host_27660): 0 -> 1
Cell (virus_3433633,host_27638): 0 -> 1
Cell (virus_3433633,host_89673): 0 -> 1
Cell (virus_3433633,host_148061): 0 -> 1
Cell (virus_3433633,host_94961): 0 -> 1
Cell (virus_3433633,host_3042450): 0 -> 1
Cell (virus_3433633,host_9414): 0 -> 1
Cell (virus_3433633,host_1434095): 0 -> 1
Cell (virus_3433633,host_221087): 0 -> 1
Cell (virus_3433633,host_9433): 0 -> 1
Cell (virus_3433633,host_438766): 0 -> 1
Cell (virus_3433633,host_258934): 0 -> 1
Cell (virus_3433633,host_124751): 0 -> 1
Cell (virus_3433633,host_27622): 0 -> 1
Cell (virus_3433633,host_2218597): 0 -> 1
Cell (virus_3433633,host_452595): 0 -> 1
Cell (virus_3433633,host_999964): 0 -> 1
Cell (virus_3433633,host_258952): 0 -> 1
Cell (virus_3433633,host_258953): 0 -> 1
Cell (virus_3433633,host_29078): 0 -> 1
Cell (virus_3433633,host_3371016): 0 -> 1
Cell (virus_1508220,host_257882): 0 -> 1
Cell (virus_1508220,host_59463): 0 -> 1
Cell (virus_1508220,host_109480): 0 -> 1
Cell (virus_1508220,host_519446): 0 -> 1
Cell (virus_1508220,host_2528591): 0 -> 1
Cell (virus_1508220,host_109482): 0 -> 1
Cell (virus_1508220,host_51298): 0 -> 1
Cell (virus_1508220,host_386774): 0 -> 1
Cell (virus_1508220,host_392318): 0 -> 1
Cell (virus_1508220,host_526407): 0 -> 1
Cell (virus_1508220,host_59461): 0 -> 1
Cell (virus_1508220,host_98922): 0 -> 1
Cell (virus_1508220,host_159330): 0 -> 1
Cell (virus_1508220,host_452654): 0 -> 1
Cell (virus_1508220,host_155915): 0 -> 1
Cell (virus_1508220,host_2015597): 0 -> 1
Cell (virus_1508220,host_633648): 0 -> 1
Cell (virus_1508220,host_188569): 0 -> 1
Cell (virus_1508220,host_249024): 0 -> 1
Cell (virus_1508220,host_302408): 0 -> 1
Cell (virus_1508220,host_59478): 0 -> 1
Cell (virus_1508220,host_519037): 0 -> 1
Cell (virus_1508220,host_77218): 0 -> 1
Cell (virus_1508220,host_1195082): 0 -> 1
Cell (virus_1508220,host_124756): 0 -> 1
Cell (virus_1508220,host_166054): 0 -> 1
Cell (virus_1508220,host_196297): 0 -> 1
Cell (virus_1508220,host_385575): 0 -> 1
Cell (virus_1508220,host_328804): 0 -> 1
Cell (virus_1508220,host_1410044): 0 -> 1
Cell (virus_1508220,host_77233): 0 -> 1
Cell (virus_1508220,host_326083): 0 -> 1
Cell (virus_1508220,host_94956): 0 -> 1
Cell (virus_1508220,host_40233): 0 -> 1
Cell (virus_1508220,host_148094): 0 -> 1
Cell (virus_1508220,host_410852): 0 -> 1
Cell (virus_1508220,host_27634): 0 -> 1
Cell (virus_1508220,host_27660): 0 -> 1
Cell (virus_1508220,host_27638): 0 -> 1
Cell (virus_1508220,host_89673): 0 -> 1
Cell (virus_1508220,host_148089): 0 -> 1
Cell (virus_1508220,host_94961): 0 -> 1
Cell (virus_1508220,host_3042450): 0 -> 1
Cell (virus_1508220,host_1434095): 0 -> 1
Cell (virus_1508220,host_187007): 0 -> 1
Cell (virus_1508220,host_9433): 0 -> 1
Cell (virus_1508220,host_438766): 0 -> 1
Cell (virus_1508220,host_258934): 0 -> 1
Cell (virus_1508220,host_479723): 0 -> 1
Cell (virus_1508220,host_124751): 0 -> 1
Cell (virus_1508220,host_27622): 0 -> 1
Cell (virus_1508220,host_2218597): 0 -> 1
Cell (virus_1508220,host_452595): 0 -> 1
Cell (virus_1508220,host_999964): 0 -> 1
Cell (virus_1508220,host_258953): 0 -> 1
Cell (virus_1508220,host_29078): 0 -> 1
Cell (virus_1508220,host_3371014): 0 -> 1
Cell (virus_3433775,host_257882): 0 -> 1
Cell (virus_3433775,host_59463): 0 -> 1
Cell (virus_3433775,host_109480): 0 -> 1
Cell (virus_3433775,host_519446): 0 -> 1
Cell (virus_3433775,host_2528591): 0 -> 1
Cell (virus_3433775,host_109482): 0 -> 1
Cell (virus_3433775,host_51298): 0 -> 1
Cell (virus_3433775,host_386774): 0 -> 1
Cell (virus_3433775,host_392318): 0 -> 1
Cell (virus_3433775,host_526407): 0 -> 1
Cell (virus_3433775,host_59461): 0 -> 1
Cell (virus_3433775,host_98922): 0 -> 1
Cell (virus_3433775,host_159330): 0 -> 1
Cell (virus_3433775,host_452654): 0 -> 1
Cell (virus_3433775,host_587652): 0 -> 1
Cell (virus_3433775,host_155915): 0 -> 1
Cell (virus_3433775,host_2015597): 0 -> 1
Cell (virus_3433775,host_633648): 0 -> 1
Cell (virus_3433775,host_188569): 0 -> 1
Cell (virus_3433775,host_249024): 0 -> 1
Cell (virus_3433775,host_302408): 0 -> 1
Cell (virus_3433775,host_59478): 0 -> 1
Cell (virus_3433775,host_519037): 0 -> 1
Cell (virus_3433775,host_77218): 0 -> 1
Cell (virus_3433775,host_1195082): 0 -> 1
Cell (virus_3433775,host_124756): 0 -> 1
Cell (virus_3433775,host_166054): 0 -> 1
Cell (virus_3433775,host_196297): 0 -> 1
Cell (virus_3433775,host_385575): 0 -> 1
Cell (virus_3433775,host_328804): 0 -> 1
Cell (virus_3433775,host_1410044): 0 -> 1
Cell (virus_3433775,host_77233): 0 -> 1
Cell (virus_3433775,host_326083): 0 -> 1
Cell (virus_3433775,host_94956): 0 -> 1
Cell (virus_3433775,host_40233): 0 -> 1
Cell (virus_3433775,host_148094): 0 -> 1
Cell (virus_3433775,host_410852): 0 -> 1
Cell (virus_3433775,host_27634): 0 -> 1
Cell (virus_3433775,host_27660): 0 -> 1
Cell (virus_3433775,host_27638): 0 -> 1
Cell (virus_3433775,host_89673): 0 -> 1
Cell (virus_3433775,host_148089): 0 -> 1
Cell (virus_3433775,host_94961): 0 -> 1
Cell (virus_3433775,host_3042450): 0 -> 1
Cell (virus_3433775,host_1434095): 0 -> 1
Cell (virus_3433775,host_187007): 0 -> 1
Cell (virus_3433775,host_9433): 0 -> 1
Cell (virus_3433775,host_438766): 0 -> 1
Cell (virus_3433775,host_258934): 0 -> 1
Cell (virus_3433775,host_479723): 0 -> 1
Cell (virus_3433775,host_124751): 0 -> 1
Cell (virus_3433775,host_27622): 0 -> 1
Cell (virus_3433775,host_2218597): 0 -> 1
Cell (virus_3433775,host_452595): 0 -> 1
Cell (virus_3433775,host_999964): 0 -> 1
Cell (virus_3433775,host_258953): 0 -> 1
Cell (virus_3433775,host_29078): 0 -> 1
Cell (virus_3433775,host_3371014): 0 -> 1
Cell (virus_694008,host_257882): 0 -> 1
Cell (virus_694008,host_59463): 0 -> 1
Cell (virus_694008,host_109480): 0 -> 1
Cell (virus_694008,host_519446): 0 -> 1
Cell (virus_694008,host_2528591): 0 -> 1
Cell (virus_694008,host_109482): 0 -> 1
Cell (virus_694008,host_51298): 0 -> 1
Cell (virus_694008,host_386774): 0 -> 1
Cell (virus_694008,host_392318): 0 -> 1
Cell (virus_694008,host_526407): 0 -> 1
Cell (virus_694008,host_59461): 0 -> 1
Cell (virus_694008,host_98922): 0 -> 1
Cell (virus_694008,host_159330): 0 -> 1
Cell (virus_694008,host_452654): 0 -> 1
Cell (virus_694008,host_587652): 0 -> 1
Cell (virus_694008,host_155915): 0 -> 1
Cell (virus_694008,host_2015597): 0 -> 1
Cell (virus_694008,host_633648): 0 -> 1
Cell (virus_694008,host_188569): 0 -> 1
Cell (virus_694008,host_249024): 0 -> 1
Cell (virus_694008,host_302408): 0 -> 1
Cell (virus_694008,host_59478): 0 -> 1
Cell (virus_694008,host_519037): 0 -> 1
Cell (virus_694008,host_77218): 0 -> 1
Cell (virus_694008,host_1195082): 0 -> 1
Cell (virus_694008,host_124756): 0 -> 1
Cell (virus_694008,host_166054): 0 -> 1
Cell (virus_694008,host_196297): 0 -> 1
Cell (virus_694008,host_385575): 0 -> 1
Cell (virus_694008,host_328804): 0 -> 1
Cell (virus_694008,host_1410044): 0 -> 1
Cell (virus_694008,host_77233): 0 -> 1
Cell (virus_694008,host_326083): 0 -> 1
Cell (virus_694008,host_94956): 0 -> 1
Cell (virus_694008,host_40233): 0 -> 1
Cell (virus_694008,host_148094): 0 -> 1
Cell (virus_694008,host_410852): 0 -> 1
Cell (virus_694008,host_27634): 0 -> 1
Cell (virus_694008,host_27660): 0 -> 1
Cell (virus_694008,host_27638): 0 -> 1
Cell (virus_694008,host_89673): 0 -> 1
Cell (virus_694008,host_148089): 0 -> 1
Cell (virus_694008,host_94961): 0 -> 1
Cell (virus_694008,host_3042450): 0 -> 1
Cell (virus_694008,host_1434095): 0 -> 1
Cell (virus_694008,host_187007): 0 -> 1
Cell (virus_694008,host_9433): 0 -> 1
Cell (virus_694008,host_438766): 0 -> 1
Cell (virus_694008,host_258934): 0 -> 1
Cell (virus_694008,host_479723): 0 -> 1
Cell (virus_694008,host_124751): 0 -> 1
Cell (virus_694008,host_27622): 0 -> 1
Cell (virus_694008,host_2218597): 0 -> 1
Cell (virus_694008,host_452595): 0 -> 1
Cell (virus_694008,host_999964): 0 -> 1
Cell (virus_694008,host_258953): 0 -> 1
Cell (virus_694008,host_29078): 0 -> 1
Cell (virus_694008,host_3371014): 0 -> 1
Cell (virus_2832974,host_59463): 0 -> 1
Cell (virus_2832974,host_519446): 0 -> 1
Cell (virus_2832974,host_2528591): 0 -> 1
Cell (virus_2832974,host_109482): 0 -> 1
Cell (virus_2832974,host_51298): 0 -> 1
Cell (virus_2832974,host_225399): 0 -> 1
Cell (virus_2832974,host_386774): 0 -> 1
Cell (virus_2832974,host_392318): 0 -> 1
Cell (virus_2832974,host_187014): 0 -> 1
Cell (virus_2832974,host_526407): 0 -> 1
Cell (virus_2832974,host_59461): 0 -> 1
Cell (virus_2832974,host_98922): 0 -> 1
Cell (virus_2832974,host_159330): 0 -> 1
Cell (virus_2832974,host_452654): 0 -> 1
Cell (virus_2832974,host_155915): 0 -> 1
Cell (virus_2832974,host_2015597): 0 -> 1
Cell (virus_2832974,host_633648): 0 -> 1
Cell (virus_2832974,host_188569): 0 -> 1
Cell (virus_2832974,host_584995): 0 -> 1
Cell (virus_2832974,host_76834): 0 -> 1
Cell (virus_2832974,host_249024): 0 -> 1
Cell (virus_2832974,host_302408): 0 -> 1
Cell (virus_2832974,host_49443): 0 -> 1
Cell (virus_2832974,host_59478): 0 -> 1
Cell (virus_2832974,host_342862): 0 -> 1
Cell (virus_2832974,host_519037): 0 -> 1
Cell (virus_2832974,host_77218): 0 -> 1
Cell (virus_2832974,host_124756): 0 -> 1
Cell (virus_2832974,host_196297): 0 -> 1
Cell (virus_2832974,host_385575): 0 -> 1
Cell (virus_2832974,host_328804): 0 -> 1
Cell (virus_2832974,host_1410044): 0 -> 1
Cell (virus_2832974,host_77231): 0 -> 1
Cell (virus_2832974,host_372077): 0 -> 1
Cell (virus_2832974,host_298110): 0 -> 1
Cell (virus_2832974,host_77233): 0 -> 1
Cell (virus_2832974,host_326083): 0 -> 1
Cell (virus_2832974,host_1381355): 0 -> 1
Cell (virus_2832974,host_94956): 0 -> 1
Cell (virus_2832974,host_40233): 0 -> 1
Cell (virus_2832974,host_148094): 0 -> 1
Cell (virus_2832974,host_410852): 0 -> 1
Cell (virus_2832974,host_27634): 0 -> 1
Cell (virus_2832974,host_27638): 0 -> 1
Cell (virus_2832974,host_89673): 0 -> 1
Cell (virus_2832974,host_148061): 0 -> 1
Cell (virus_2832974,host_148089): 0 -> 1
Cell (virus_2832974,host_94961): 0 -> 1
Cell (virus_2832974,host_3042450): 0 -> 1
Cell (virus_2832974,host_3371013): 0 -> 1
Cell (virus_2832974,host_1434095): 0 -> 1
Cell (virus_2832974,host_221087): 0 -> 1
Cell (virus_2832974,host_187007): 0 -> 1
Cell (virus_2832974,host_9433): 0 -> 1
Cell (virus_2832974,host_438766): 0 -> 1
Cell (virus_2832974,host_258934): 0 -> 1
Cell (virus_2832974,host_124751): 0 -> 1
Cell (virus_2832974,host_27622): 0 -> 1
Cell (virus_2832974,host_2218597): 0 -> 1
Cell (virus_2832974,host_452595): 0 -> 1
Cell (virus_2832974,host_999964): 0 -> 1
Cell (virus_2832974,host_258952): 0 -> 1
Cell (virus_2832974,host_258953): 0 -> 1
Cell (virus_2832974,host_29078): 0 -> 1
Cell (virus_2832974,host_3371014): 0 -> 1
Cell (virus_1928434,host_160974): 0 -> 1
Cell (virus_1928434,host_519446): 0 -> 1
Cell (virus_1928434,host_109481): 0 -> 1
Cell (virus_1928434,host_109482): 0 -> 1
Cell (virus_1928434,host_412095): 0 -> 1
Cell (virus_1928434,host_225399): 0 -> 1
Cell (virus_1928434,host_386774): 0 -> 1
Cell (virus_1928434,host_392318): 0 -> 1
Cell (virus_1928434,host_187014): 0 -> 1
Cell (virus_1928434,host_526407): 0 -> 1
Cell (virus_1928434,host_1911917): 0 -> 1
Cell (virus_1928434,host_59461): 0 -> 1
Cell (virus_1928434,host_98922): 0 -> 1
Cell (virus_1928434,host_587652): 0 -> 1
Cell (virus_1928434,host_155915): 0 -> 1
Cell (virus_1928434,host_385037): 0 -> 1
Cell (virus_1928434,host_2015597): 0 -> 1
Cell (virus_1928434,host_633648): 0 -> 1
Cell (virus_1928434,host_270698): 0 -> 1
Cell (virus_1928434,host_249024): 0 -> 1
Cell (virus_1928434,host_302408): 0 -> 1
Cell (virus_1928434,host_59478): 0 -> 1
Cell (virus_1928434,host_519037): 0 -> 1
Cell (virus_1928434,host_329870): 0 -> 1
Cell (virus_1928434,host_196297): 0 -> 1
Cell (virus_1928434,host_58063): 0 -> 1
Cell (virus_1928434,host_77233): 0 -> 1
Cell (virus_1928434,host_374419): 0 -> 1
Cell (virus_1928434,host_326081): 0 -> 1
Cell (virus_1928434,host_326083): 0 -> 1
Cell (virus_1928434,host_907075): 0 -> 1
Cell (virus_1928434,host_94956): 0 -> 1
Cell (virus_1928434,host_40233): 0 -> 1
Cell (virus_1928434,host_410852): 0 -> 1
Cell (virus_1928434,host_27634): 0 -> 1
Cell (virus_1928434,host_40228): 0 -> 1
Cell (virus_1928434,host_40229): 0 -> 1
Cell (virus_1928434,host_27638): 0 -> 1
Cell (virus_1928434,host_89673): 0 -> 1
Cell (virus_1928434,host_94961): 0 -> 1
Cell (virus_1928434,host_3042450): 0 -> 1
Cell (virus_1928434,host_9414): 0 -> 1
Cell (virus_1928434,host_1434095): 0 -> 1
Cell (virus_1928434,host_9433): 0 -> 1
Cell (virus_1928434,host_258934): 0 -> 1
Cell (virus_1928434,host_2218597): 0 -> 1
Cell (virus_1928434,host_242384): 0 -> 1
Cell (virus_1928434,host_452595): 0 -> 1
Cell (virus_1928434,host_999964): 0 -> 1
Cell (virus_1928434,host_258953): 0 -> 1
Cell (virus_1928434,host_29078): 0 -> 1
Cell (virus_1928434,host_3371014): 0 -> 1
Cell (virus_1928434,host_3371016): 0 -> 1
Cell (virus_3433757,host_160974): 0 -> 1
Cell (virus_3433757,host_519446): 0 -> 1
Cell (virus_3433757,host_109481): 0 -> 1
Cell (virus_3433757,host_109482): 0 -> 1
Cell (virus_3433757,host_412095): 0 -> 1
Cell (virus_3433757,host_225399): 0 -> 1
Cell (virus_3433757,host_386774): 0 -> 1
Cell (virus_3433757,host_392318): 0 -> 1
Cell (virus_3433757,host_187014): 0 -> 1
Cell (virus_3433757,host_526407): 0 -> 1
Cell (virus_3433757,host_1911917): 0 -> 1
Cell (virus_3433757,host_59461): 0 -> 1
Cell (virus_3433757,host_98922): 0 -> 1
Cell (virus_3433757,host_587652): 0 -> 1
Cell (virus_3433757,host_155915): 0 -> 1
Cell (virus_3433757,host_385037): 0 -> 1
Cell (virus_3433757,host_2015597): 0 -> 1
Cell (virus_3433757,host_633648): 0 -> 1
Cell (virus_3433757,host_270698): 0 -> 1
Cell (virus_3433757,host_249024): 0 -> 1
Cell (virus_3433757,host_302408): 0 -> 1
Cell (virus_3433757,host_59478): 0 -> 1
Cell (virus_3433757,host_519037): 0 -> 1
Cell (virus_3433757,host_196297): 0 -> 1
Cell (virus_3433757,host_58063): 0 -> 1
Cell (virus_3433757,host_77233): 0 -> 1
Cell (virus_3433757,host_374419): 0 -> 1
Cell (virus_3433757,host_326081): 0 -> 1
Cell (virus_3433757,host_326083): 0 -> 1
Cell (virus_3433757,host_907075): 0 -> 1
Cell (virus_3433757,host_94956): 0 -> 1
Cell (virus_3433757,host_40233): 0 -> 1
Cell (virus_3433757,host_410852): 0 -> 1
Cell (virus_3433757,host_27634): 0 -> 1
Cell (virus_3433757,host_40228): 0 -> 1
Cell (virus_3433757,host_40229): 0 -> 1
Cell (virus_3433757,host_27638): 0 -> 1
Cell (virus_3433757,host_2994998): 0 -> 1
Cell (virus_3433757,host_89673): 0 -> 1
Cell (virus_3433757,host_94961): 0 -> 1
Cell (virus_3433757,host_3042450): 0 -> 1
Cell (virus_3433757,host_9414): 0 -> 1
Cell (virus_3433757,host_1434095): 0 -> 1
Cell (virus_3433757,host_9433): 0 -> 1
Cell (virus_3433757,host_258934): 0 -> 1
Cell (virus_3433757,host_2218597): 0 -> 1
Cell (virus_3433757,host_242384): 0 -> 1
Cell (virus_3433757,host_452595): 0 -> 1
Cell (virus_3433757,host_999964): 0 -> 1
Cell (virus_3433757,host_258953): 0 -> 1
Cell (virus_3433757,host_29078): 0 -> 1
Cell (virus_3433757,host_3371014): 0 -> 1
Cell (virus_3433757,host_3371016): 0 -> 1
Cell (virus_694003,host_160974): 0 -> 1
Cell (virus_694003,host_519446): 0 -> 1
Cell (virus_694003,host_109481): 0 -> 1
Cell (virus_694003,host_109482): 0 -> 1
Cell (virus_694003,host_412095): 0 -> 1
Cell (virus_694003,host_225399): 0 -> 1
Cell (virus_694003,host_386774): 0 -> 1
Cell (virus_694003,host_392318): 0 -> 1
Cell (virus_694003,host_187014): 0 -> 1
Cell (virus_694003,host_526407): 0 -> 1
Cell (virus_694003,host_1911917): 0 -> 1
Cell (virus_694003,host_59461): 0 -> 1
Cell (virus_694003,host_98922): 0 -> 1
Cell (virus_694003,host_587652): 0 -> 1
Cell (virus_694003,host_155915): 0 -> 1
Cell (virus_694003,host_385037): 0 -> 1
Cell (virus_694003,host_2015597): 0 -> 1
Cell (virus_694003,host_633648): 0 -> 1
Cell (virus_694003,host_270698): 0 -> 1
Cell (virus_694003,host_249024): 0 -> 1
Cell (virus_694003,host_302408): 0 -> 1
Cell (virus_694003,host_59478): 0 -> 1
Cell (virus_694003,host_519037): 0 -> 1
Cell (virus_694003,host_196297): 0 -> 1
Cell (virus_694003,host_58063): 0 -> 1
Cell (virus_694003,host_77233): 0 -> 1
Cell (virus_694003,host_374419): 0 -> 1
Cell (virus_694003,host_326081): 0 -> 1
Cell (virus_694003,host_326083): 0 -> 1
Cell (virus_694003,host_907075): 0 -> 1
Cell (virus_694003,host_94956): 0 -> 1
Cell (virus_694003,host_40233): 0 -> 1
Cell (virus_694003,host_410852): 0 -> 1
Cell (virus_694003,host_27634): 0 -> 1
Cell (virus_694003,host_40228): 0 -> 1
Cell (virus_694003,host_40229): 0 -> 1
Cell (virus_694003,host_27638): 0 -> 1
Cell (virus_694003,host_2994998): 0 -> 1
Cell (virus_694003,host_89673): 0 -> 1
Cell (virus_694003,host_94961): 0 -> 1
Cell (virus_694003,host_3042450): 0 -> 1
Cell (virus_694003,host_9414): 0 -> 1
Cell (virus_694003,host_1434095): 0 -> 1
Cell (virus_694003,host_9433): 0 -> 1
Cell (virus_694003,host_258934): 0 -> 1
Cell (virus_694003,host_2218597): 0 -> 1
Cell (virus_694003,host_242384): 0 -> 1
Cell (virus_694003,host_452595): 0 -> 1
Cell (virus_694003,host_999964): 0 -> 1
Cell (virus_694003,host_258953): 0 -> 1
Cell (virus_694003,host_29078): 0 -> 1
Cell (virus_694003,host_3371014): 0 -> 1
Cell (virus_694003,host_3371016): 0 -> 1
Cell (virus_2717680,host_257882): 0 -> 1
Cell (virus_2717680,host_109480): 0 -> 1
Cell (virus_2717680,host_519446): 0 -> 1
Cell (virus_2717680,host_109481): 0 -> 1
Cell (virus_2717680,host_109482): 0 -> 1
Cell (virus_2717680,host_225399): 0 -> 1
Cell (virus_2717680,host_386774): 0 -> 1
Cell (virus_2717680,host_526407): 0 -> 1
Cell (virus_2717680,host_59461): 0 -> 1
Cell (virus_2717680,host_98922): 0 -> 1
Cell (virus_2717680,host_452654): 0 -> 1
Cell (virus_2717680,host_587652): 0 -> 1
Cell (virus_2717680,host_155915): 0 -> 1
Cell (virus_2717680,host_385037): 0 -> 1
Cell (virus_2717680,host_584995): 0 -> 1
Cell (virus_2717680,host_196889): 0 -> 1
Cell (virus_2717680,host_178895): 0 -> 1
Cell (virus_2717680,host_430491): 0 -> 1
Cell (virus_2717680,host_2603865): 0 -> 1
Cell (virus_2717680,host_302408): 0 -> 1
Cell (virus_2717680,host_59478): 0 -> 1
Cell (virus_2717680,host_342862): 0 -> 1
Cell (virus_2717680,host_519037): 0 -> 1
Cell (virus_2717680,host_329870): 0 -> 1
Cell (virus_2717680,host_549403): 0 -> 1
Cell (virus_2717680,host_124756): 0 -> 1
Cell (virus_2717680,host_196297): 0 -> 1
Cell (virus_2717680,host_328804): 0 -> 1
Cell (virus_2717680,host_9402): 0 -> 1
Cell (virus_2717680,host_1410044): 0 -> 1
Cell (virus_2717680,host_372077): 0 -> 1
Cell (virus_2717680,host_58063): 0 -> 1
Cell (virus_2717680,host_77214): 0 -> 1
Cell (virus_2717680,host_58060): 0 -> 1
Cell (virus_2717680,host_77233): 0 -> 1
Cell (virus_2717680,host_326083): 0 -> 1
Cell (virus_2717680,host_1381355): 0 -> 1
Cell (virus_2717680,host_410852): 0 -> 1
Cell (virus_2717680,host_27634): 0 -> 1
Cell (virus_2717680,host_40228): 0 -> 1
Cell (virus_2717680,host_51012): 0 -> 1
Cell (virus_2717680,host_40224): 0 -> 1
Cell (virus_2717680,host_27638): 0 -> 1
Cell (virus_2717680,host_2994998): 0 -> 1
Cell (virus_2717680,host_89673): 0 -> 1
Cell (virus_2717680,host_94961): 0 -> 1
Cell (virus_2717680,host_3042450): 0 -> 1
Cell (virus_2717680,host_3371013): 0 -> 1
Cell (virus_2717680,host_59472): 0 -> 1
Cell (virus_2717680,host_9414): 0 -> 1
Cell (virus_2717680,host_1434095): 0 -> 1
Cell (virus_2717680,host_221086): 0 -> 1
Cell (virus_2717680,host_9433): 0 -> 1
Cell (virus_2717680,host_258934): 0 -> 1
Cell (virus_2717680,host_479723): 0 -> 1
Cell (virus_2717680,host_258863): 0 -> 1
Cell (virus_2717680,host_999964): 0 -> 1
Cell (virus_2717680,host_9438): 0 -> 1
Cell (virus_2717680,host_153297): 0 -> 1
Cell (virus_2717680,host_258953): 0 -> 1
Cell (virus_2717680,host_249033): 0 -> 1
Cell (virus_2717680,host_61862): 0 -> 1
Cell (virus_2833022,host_109480): 0 -> 1
Cell (virus_2833022,host_519446): 0 -> 1
Cell (virus_2833022,host_109481): 0 -> 1
Cell (virus_2833022,host_109482): 0 -> 1
Cell (virus_2833022,host_225399): 0 -> 1
Cell (virus_2833022,host_386774): 0 -> 1
Cell (virus_2833022,host_392318): 0 -> 1
Cell (virus_2833022,host_526407): 0 -> 1
Cell (virus_2833022,host_59461): 0 -> 1
Cell (virus_2833022,host_98922): 0 -> 1
Cell (virus_2833022,host_159330): 0 -> 1
Cell (virus_2833022,host_452654): 0 -> 1
Cell (virus_2833022,host_155915): 0 -> 1
Cell (virus_2833022,host_385037): 0 -> 1
Cell (virus_2833022,host_1207989): 0 -> 1
Cell (virus_2833022,host_302402): 0 -> 1
Cell (virus_2833022,host_867892): 0 -> 1
Cell (virus_2833022,host_178895): 0 -> 1
Cell (virus_2833022,host_430491): 0 -> 1
Cell (virus_2833022,host_2603865): 0 -> 1
Cell (virus_2833022,host_2603866): 0 -> 1
Cell (virus_2833022,host_519041): 0 -> 1
Cell (virus_2833022,host_302408): 0 -> 1
Cell (virus_2833022,host_59478): 0 -> 1
Cell (virus_2833022,host_519037): 0 -> 1
Cell (virus_2833022,host_329870): 0 -> 1
Cell (virus_2833022,host_549403): 0 -> 1
Cell (virus_2833022,host_124756): 0 -> 1
Cell (virus_2833022,host_132908): 0 -> 1
Cell (virus_2833022,host_166054): 0 -> 1
Cell (virus_2833022,host_196297): 0 -> 1
Cell (virus_2833022,host_328804): 0 -> 1
Cell (virus_2833022,host_9402): 0 -> 1
Cell (virus_2833022,host_1410044): 0 -> 1
Cell (virus_2833022,host_2853157): 0 -> 1
Cell (virus_2833022,host_58063): 0 -> 1
Cell (virus_2833022,host_58060): 0 -> 1
Cell (virus_2833022,host_77233): 0 -> 1
Cell (virus_2833022,host_326081): 0 -> 1
Cell (virus_2833022,host_326083): 0 -> 1
Cell (virus_2833022,host_1381355): 0 -> 1
Cell (virus_2833022,host_94956): 0 -> 1
Cell (virus_2833022,host_138695): 0 -> 1
Cell (virus_2833022,host_410852): 0 -> 1
Cell (virus_2833022,host_40224): 0 -> 1
Cell (virus_2833022,host_40229): 0 -> 1
Cell (virus_2833022,host_27638): 0 -> 1
Cell (virus_2833022,host_89673): 0 -> 1
Cell (virus_2833022,host_148061): 0 -> 1
Cell (virus_2833022,host_9430): 0 -> 1
Cell (virus_2833022,host_94961): 0 -> 1
Cell (virus_2833022,host_3042450): 0 -> 1
Cell (virus_2833022,host_9414): 0 -> 1
Cell (virus_2833022,host_1434095): 0 -> 1
Cell (virus_2833022,host_9433): 0 -> 1
Cell (virus_2833022,host_187008): 0 -> 1
Cell (virus_2833022,host_258934): 0 -> 1
Cell (virus_2833022,host_999964): 0 -> 1
Cell (virus_2833022,host_9438): 0 -> 1
Cell (virus_2833022,host_258952): 0 -> 1
Cell (virus_2833022,host_258953): 0 -> 1
Cell (virus_2833022,host_61862): 0 -> 1
Cell (virus_2913444,host_109480): 0 -> 1
Cell (virus_2913444,host_519446): 0 -> 1
Cell (virus_2913444,host_109481): 0 -> 1
Cell (virus_2913444,host_109482): 0 -> 1
Cell (virus_2913444,host_412095): 0 -> 1
Cell (virus_2913444,host_225399): 0 -> 1
Cell (virus_2913444,host_386774): 0 -> 1
Cell (virus_2913444,host_526407): 0 -> 1
Cell (virus_2913444,host_59461): 0 -> 1
Cell (virus_2913444,host_98922): 0 -> 1
Cell (virus_2913444,host_159330): 0 -> 1
Cell (virus_2913444,host_452654): 0 -> 1
Cell (virus_2913444,host_155915): 0 -> 1
Cell (virus_2913444,host_385037): 0 -> 1
Cell (virus_2913444,host_302402): 0 -> 1
Cell (virus_2913444,host_178895): 0 -> 1
Cell (virus_2913444,host_76834): 0 -> 1
Cell (virus_2913444,host_430491): 0 -> 1
Cell (virus_2913444,host_2603865): 0 -> 1
Cell (virus_2913444,host_519041): 0 -> 1
Cell (virus_2913444,host_302408): 0 -> 1
Cell (virus_2913444,host_59478): 0 -> 1
Cell (virus_2913444,host_519037): 0 -> 1
Cell (virus_2913444,host_329870): 0 -> 1
Cell (virus_2913444,host_549403): 0 -> 1
Cell (virus_2913444,host_124756): 0 -> 1
Cell (virus_2913444,host_196297): 0 -> 1
Cell (virus_2913444,host_328804): 0 -> 1
Cell (virus_2913444,host_2853157): 0 -> 1
Cell (virus_2913444,host_58063): 0 -> 1
Cell (virus_2913444,host_58060): 0 -> 1
Cell (virus_2913444,host_77233): 0 -> 1
Cell (virus_2913444,host_326081): 0 -> 1
Cell (virus_2913444,host_326083): 0 -> 1
Cell (virus_2913444,host_1381355): 0 -> 1
Cell (virus_2913444,host_40233): 0 -> 1
Cell (virus_2913444,host_410852): 0 -> 1
Cell (virus_2913444,host_574064): 0 -> 1
Cell (virus_2913444,host_27634): 0 -> 1
Cell (virus_2913444,host_51012): 0 -> 1
Cell (virus_2913444,host_40229): 0 -> 1
Cell (virus_2913444,host_27660): 0 -> 1
Cell (virus_2913444,host_27638): 0 -> 1
Cell (virus_2913444,host_89673): 0 -> 1
Cell (virus_2913444,host_9430): 0 -> 1
Cell (virus_2913444,host_94961): 0 -> 1
Cell (virus_2913444,host_3042450): 0 -> 1
Cell (virus_2913444,host_3371013): 0 -> 1
Cell (virus_2913444,host_9414): 0 -> 1
Cell (virus_2913444,host_1434095): 0 -> 1
Cell (virus_2913444,host_9433): 0 -> 1
Cell (virus_2913444,host_187008): 0 -> 1
Cell (virus_2913444,host_258934): 0 -> 1
Cell (virus_2913444,host_999964): 0 -> 1
Cell (virus_2913444,host_9438): 0 -> 1
Cell (virus_2913444,host_258953): 0 -> 1
Cell (virus_2913444,host_61862): 0 -> 1
Cell (virus_3418614,host_257882): 0 -> 1
Cell (virus_3418614,host_109480): 0 -> 1
Cell (virus_3418614,host_519446): 0 -> 1
Cell (virus_3418614,host_109481): 0 -> 1
Cell (virus_3418614,host_2528591): 0 -> 1
Cell (virus_3418614,host_109482): 0 -> 1
Cell (virus_3418614,host_225399): 0 -> 1
Cell (virus_3418614,host_386774): 0 -> 1
Cell (virus_3418614,host_526407): 0 -> 1
Cell (virus_3418614,host_59461): 0 -> 1
Cell (virus_3418614,host_452653): 0 -> 1
Cell (virus_3418614,host_98922): 0 -> 1
Cell (virus_3418614,host_159330): 0 -> 1
Cell (virus_3418614,host_452654): 0 -> 1
Cell (virus_3418614,host_155915): 0 -> 1
Cell (virus_3418614,host_385037): 0 -> 1
Cell (virus_3418614,host_157961): 0 -> 1
Cell (virus_3418614,host_334201): 0 -> 1
Cell (virus_3418614,host_196889): 0 -> 1
Cell (virus_3418614,host_178895): 0 -> 1
Cell (virus_3418614,host_76834): 0 -> 1
Cell (virus_3418614,host_430491): 0 -> 1
Cell (virus_3418614,host_476589): 0 -> 1
Cell (virus_3418614,host_2603866): 0 -> 1
Cell (virus_3418614,host_302408): 0 -> 1
Cell (virus_3418614,host_59478): 0 -> 1
Cell (virus_3418614,host_519037): 0 -> 1
Cell (virus_3418614,host_329870): 0 -> 1
Cell (virus_3418614,host_3371112): 0 -> 1
Cell (virus_3418614,host_124756): 0 -> 1
Cell (virus_3418614,host_196297): 0 -> 1
Cell (virus_3418614,host_328804): 0 -> 1
Cell (virus_3418614,host_9402): 0 -> 1
Cell (virus_3418614,host_9403): 0 -> 1
Cell (virus_3418614,host_1898389): 0 -> 1
Cell (virus_3418614,host_77231): 0 -> 1
Cell (virus_3418614,host_58063): 0 -> 1
Cell (virus_3418614,host_58060): 0 -> 1
Cell (virus_3418614,host_77233): 0 -> 1
Cell (virus_3418614,host_326083): 0 -> 1
Cell (virus_3418614,host_118856): 0 -> 1
Cell (virus_3418614,host_138695): 0 -> 1
Cell (virus_3418614,host_40233): 0 -> 1
Cell (virus_3418614,host_410852): 0 -> 1
Cell (virus_3418614,host_574064): 0 -> 1
Cell (virus_3418614,host_27634): 0 -> 1
Cell (virus_3418614,host_27638): 0 -> 1
Cell (virus_3418614,host_89673): 0 -> 1
Cell (virus_3418614,host_9430): 0 -> 1
Cell (virus_3418614,host_94961): 0 -> 1
Cell (virus_3418614,host_3042450): 0 -> 1
Cell (virus_3418614,host_3371013): 0 -> 1
Cell (virus_3418614,host_9414): 0 -> 1
Cell (virus_3418614,host_1434095): 0 -> 1
Cell (virus_3418614,host_291302): 0 -> 1
Cell (virus_3418614,host_187007): 0 -> 1
Cell (virus_3418614,host_9433): 0 -> 1
Cell (virus_3418614,host_187008): 0 -> 1
Cell (virus_3418614,host_258934): 0 -> 1
Cell (virus_3418614,host_999964): 0 -> 1
Cell (virus_3418614,host_9438): 0 -> 1
Cell (virus_3418614,host_258953): 0 -> 1
Cell (virus_3418614,host_249033): 0 -> 1
Cell (virus_3418614,host_61862): 0 -> 1
Cell (virus_3418614,host_109485): 0 -> 1
Cell (virus_3418614,host_258889): 0 -> 1
Cell (virus_2913379,host_257882): 0 -> 1
Cell (virus_2913379,host_109480): 0 -> 1
Cell (virus_2913379,host_519446): 0 -> 1
Cell (virus_2913379,host_109481): 0 -> 1
Cell (virus_2913379,host_2528591): 0 -> 1
Cell (virus_2913379,host_109482): 0 -> 1
Cell (virus_2913379,host_225399): 0 -> 1
Cell (virus_2913379,host_386774): 0 -> 1
Cell (virus_2913379,host_187014): 0 -> 1
Cell (virus_2913379,host_526407): 0 -> 1
Cell (virus_2913379,host_59461): 0 -> 1
Cell (virus_2913379,host_159330): 0 -> 1
Cell (virus_2913379,host_452654): 0 -> 1
Cell (virus_2913379,host_155915): 0 -> 1
Cell (virus_2913379,host_155035): 0 -> 1
Cell (virus_2913379,host_2015597): 0 -> 1
Cell (virus_2913379,host_633648): 0 -> 1
Cell (virus_2913379,host_1207989): 0 -> 1
Cell (virus_2913379,host_59453): 0 -> 1
Cell (virus_2913379,host_302402): 0 -> 1
Cell (virus_2913379,host_867892): 0 -> 1
Cell (virus_2913379,host_178895): 0 -> 1
Cell (virus_2913379,host_430491): 0 -> 1
Cell (virus_2913379,host_2603865): 0 -> 1
Cell (virus_2913379,host_2603866): 0 -> 1
Cell (virus_2913379,host_519041): 0 -> 1
Cell (virus_2913379,host_302408): 0 -> 1
Cell (virus_2913379,host_49443): 0 -> 1
Cell (virus_2913379,host_59478): 0 -> 1
Cell (virus_2913379,host_519037): 0 -> 1
Cell (virus_2913379,host_329870): 0 -> 1
Cell (virus_2913379,host_549403): 0 -> 1
Cell (virus_2913379,host_124756): 0 -> 1
Cell (virus_2913379,host_196297): 0 -> 1
Cell (virus_2913379,host_328804): 0 -> 1
Cell (virus_2913379,host_9402): 0 -> 1
Cell (virus_2913379,host_9403): 0 -> 1
Cell (virus_2913379,host_372077): 0 -> 1
Cell (virus_2913379,host_58063): 0 -> 1
Cell (virus_2913379,host_77214): 0 -> 1
Cell (virus_2913379,host_1898386): 0 -> 1
Cell (virus_2913379,host_58060): 0 -> 1
Cell (virus_2913379,host_77233): 0 -> 1
Cell (virus_2913379,host_326083): 0 -> 1
Cell (virus_2913379,host_1381355): 0 -> 1
Cell (virus_2913379,host_40233): 0 -> 1
Cell (virus_2913379,host_410852): 0 -> 1
Cell (virus_2913379,host_574064): 0 -> 1
Cell (virus_2913379,host_27634): 0 -> 1
Cell (virus_2913379,host_27638): 0 -> 1
Cell (virus_2913379,host_89673): 0 -> 1
Cell (virus_2913379,host_94961): 0 -> 1
Cell (virus_2913379,host_3042450): 0 -> 1
Cell (virus_2913379,host_9414): 0 -> 1
Cell (virus_2913379,host_1434095): 0 -> 1
Cell (virus_2913379,host_221086): 0 -> 1
Cell (virus_2913379,host_9433): 0 -> 1
Cell (virus_2913379,host_258934): 0 -> 1
Cell (virus_2913379,host_124751): 0 -> 1
Cell (virus_2913379,host_27622): 0 -> 1
Cell (virus_2913379,host_3041509): 0 -> 1
Cell (virus_2913379,host_258867): 0 -> 1
Cell (virus_2913379,host_999964): 0 -> 1
Cell (virus_2913379,host_9438): 0 -> 1
Cell (virus_2913379,host_258953): 0 -> 1
Cell (virus_2913379,host_61862): 0 -> 1
Cell (virus_2913379,host_29078): 0 -> 1
Cell (virus_2913379,host_3371014): 0 -> 1
Cell (virus_2913381,host_9435): 0 -> 1
Cell (virus_2913381,host_257882): 0 -> 1
Cell (virus_2913381,host_109480): 0 -> 1
Cell (virus_2913381,host_519446): 0 -> 1
Cell (virus_2913381,host_109482): 0 -> 1
Cell (virus_2913381,host_412095): 0 -> 1
Cell (virus_2913381,host_225399): 0 -> 1
Cell (virus_2913381,host_386774): 0 -> 1
Cell (virus_2913381,host_187014): 0 -> 1
Cell (virus_2913381,host_526407): 0 -> 1
Cell (virus_2913381,host_1911917): 0 -> 1
Cell (virus_2913381,host_59461): 0 -> 1
Cell (virus_2913381,host_452653): 0 -> 1
Cell (virus_2913381,host_258940): 0 -> 1
Cell (virus_2913381,host_452654): 0 -> 1
Cell (virus_2913381,host_155915): 0 -> 1
Cell (virus_2913381,host_2015597): 0 -> 1
Cell (virus_2913381,host_633648): 0 -> 1
Cell (virus_2913381,host_249020): 0 -> 1
Cell (virus_2913381,host_302402): 0 -> 1
Cell (virus_2913381,host_463808): 0 -> 1
Cell (virus_2913381,host_178895): 0 -> 1
Cell (virus_2913381,host_430491): 0 -> 1
Cell (virus_2913381,host_2603866): 0 -> 1
Cell (virus_2913381,host_302408): 0 -> 1
Cell (virus_2913381,host_59478): 0 -> 1
Cell (virus_2913381,host_342862): 0 -> 1
Cell (virus_2913381,host_329870): 0 -> 1
Cell (virus_2913381,host_3371112): 0 -> 1
Cell (virus_2913381,host_124756): 0 -> 1
Cell (virus_2913381,host_385575): 0 -> 1
Cell (virus_2913381,host_328804): 0 -> 1
Cell (virus_2913381,host_9402): 0 -> 1
Cell (virus_2913381,host_2853157): 0 -> 1
Cell (virus_2913381,host_58071): 0 -> 1
Cell (virus_2913381,host_58063): 0 -> 1
Cell (virus_2913381,host_77214): 0 -> 1
Cell (virus_2913381,host_1898386): 0 -> 1
Cell (virus_2913381,host_58060): 0 -> 1
Cell (virus_2913381,host_77233): 0 -> 1
Cell (virus_2913381,host_326083): 0 -> 1
Cell (virus_2913381,host_208969): 0 -> 1
Cell (virus_2913381,host_40233): 0 -> 1
Cell (virus_2913381,host_410852): 0 -> 1
Cell (virus_2913381,host_574064): 0 -> 1
Cell (virus_2913381,host_27634): 0 -> 1
Cell (virus_2913381,host_27660): 0 -> 1
Cell (virus_2913381,host_27638): 0 -> 1
Cell (virus_2913381,host_89673): 0 -> 1
Cell (virus_2913381,host_9430): 0 -> 1
Cell (virus_2913381,host_94961): 0 -> 1
Cell (virus_2913381,host_3042450): 0 -> 1
Cell (virus_2913381,host_9414): 0 -> 1
Cell (virus_2913381,host_1434095): 0 -> 1
Cell (virus_2913381,host_221086): 0 -> 1
Cell (virus_2913381,host_187007): 0 -> 1
Cell (virus_2913381,host_9433): 0 -> 1
Cell (virus_2913381,host_258934): 0 -> 1
Cell (virus_2913381,host_124751): 0 -> 1
Cell (virus_2913381,host_27622): 0 -> 1
Cell (virus_2913381,host_999964): 0 -> 1
Cell (virus_2913381,host_9438): 0 -> 1
Cell (virus_2913381,host_249033): 0 -> 1
Cell (virus_2913381,host_61862): 0 -> 1
Cell (virus_2913381,host_29078): 0 -> 1
Cell (virus_2913381,host_3371014): 0 -> 1
Cell (virus_3418613,host_109480): 0 -> 1
Cell (virus_3418613,host_519446): 0 -> 1
Cell (virus_3418613,host_2528591): 0 -> 1
Cell (virus_3418613,host_109482): 0 -> 1
Cell (virus_3418613,host_225399): 0 -> 1
Cell (virus_3418613,host_386774): 0 -> 1
Cell (virus_3418613,host_187014): 0 -> 1
Cell (virus_3418613,host_526407): 0 -> 1
Cell (virus_3418613,host_59461): 0 -> 1
Cell (virus_3418613,host_203696): 0 -> 1
Cell (virus_3418613,host_98922): 0 -> 1
Cell (virus_3418613,host_138979): 0 -> 1
Cell (virus_3418613,host_452654): 0 -> 1
Cell (virus_3418613,host_155915): 0 -> 1
Cell (virus_3418613,host_2015597): 0 -> 1
Cell (virus_3418613,host_633648): 0 -> 1
Cell (virus_3418613,host_270698): 0 -> 1
Cell (virus_3418613,host_302402): 0 -> 1
Cell (virus_3418613,host_196889): 0 -> 1
Cell (virus_3418613,host_867892): 0 -> 1
Cell (virus_3418613,host_178895): 0 -> 1
Cell (virus_3418613,host_608708): 0 -> 1
Cell (virus_3418613,host_430491): 0 -> 1
Cell (virus_3418613,host_302408): 0 -> 1
Cell (virus_3418613,host_49443): 0 -> 1
Cell (virus_3418613,host_59478): 0 -> 1
Cell (virus_3418613,host_342862): 0 -> 1
Cell (virus_3418613,host_519037): 0 -> 1
Cell (virus_3418613,host_329870): 0 -> 1
Cell (virus_3418613,host_124756): 0 -> 1
Cell (virus_3418613,host_196297): 0 -> 1
Cell (virus_3418613,host_385575): 0 -> 1
Cell (virus_3418613,host_328804): 0 -> 1
Cell (virus_3418613,host_9402): 0 -> 1
Cell (virus_3418613,host_372077): 0 -> 1
Cell (virus_3418613,host_903567): 0 -> 1
Cell (virus_3418613,host_58063): 0 -> 1
Cell (virus_3418613,host_1898386): 0 -> 1
Cell (virus_3418613,host_58060): 0 -> 1
Cell (virus_3418613,host_9400): 0 -> 1
Cell (virus_3418613,host_77233): 0 -> 1
Cell (virus_3418613,host_326083): 0 -> 1
Cell (virus_3418613,host_40233): 0 -> 1
Cell (virus_3418613,host_410852): 0 -> 1
Cell (virus_3418613,host_574064): 0 -> 1
Cell (virus_3418613,host_27634): 0 -> 1
Cell (virus_3418613,host_40228): 0 -> 1
Cell (virus_3418613,host_40229): 0 -> 1
Cell (virus_3418613,host_27638): 0 -> 1
Cell (virus_3418613,host_89673): 0 -> 1
Cell (virus_3418613,host_94961): 0 -> 1
Cell (virus_3418613,host_3042450): 0 -> 1
Cell (virus_3418613,host_9414): 0 -> 1
Cell (virus_3418613,host_1434095): 0 -> 1
Cell (virus_3418613,host_187007): 0 -> 1
Cell (virus_3418613,host_9433): 0 -> 1
Cell (virus_3418613,host_187008): 0 -> 1
Cell (virus_3418613,host_258934): 0 -> 1
Cell (virus_3418613,host_124751): 0 -> 1
Cell (virus_3418613,host_27622): 0 -> 1
Cell (virus_3418613,host_2218597): 0 -> 1
Cell (virus_3418613,host_258863): 0 -> 1
Cell (virus_3418613,host_999964): 0 -> 1
Cell (virus_3418613,host_9438): 0 -> 1
Cell (virus_3418613,host_249033): 0 -> 1
Cell (virus_3418613,host_61862): 0 -> 1
Cell (virus_3418613,host_29078): 0 -> 1
Cell (virus_3418613,host_2969767): 0 -> 1
Cell (virus_3418613,host_3371014): 0 -> 1
Cell (virus_2913443,host_257882): 0 -> 1
Cell (virus_2913443,host_109480): 0 -> 1
Cell (virus_2913443,host_519446): 0 -> 1
Cell (virus_2913443,host_109481): 0 -> 1
Cell (virus_2913443,host_109482): 0 -> 1
Cell (virus_2913443,host_412095): 0 -> 1
Cell (virus_2913443,host_51298): 0 -> 1
Cell (virus_2913443,host_225399): 0 -> 1
Cell (virus_2913443,host_386774): 0 -> 1
Cell (virus_2913443,host_187014): 0 -> 1
Cell (virus_2913443,host_526407): 0 -> 1
Cell (virus_2913443,host_59461): 0 -> 1
Cell (virus_2913443,host_98922): 0 -> 1
Cell (virus_2913443,host_452654): 0 -> 1
Cell (virus_2913443,host_155915): 0 -> 1
Cell (virus_2913443,host_2015597): 0 -> 1
Cell (virus_2913443,host_633648): 0 -> 1
Cell (virus_2913443,host_157961): 0 -> 1
Cell (virus_2913443,host_249020): 0 -> 1
Cell (virus_2913443,host_302402): 0 -> 1
Cell (virus_2913443,host_178895): 0 -> 1
Cell (virus_2913443,host_430491): 0 -> 1
Cell (virus_2913443,host_89399): 0 -> 1
Cell (virus_2913443,host_2603865): 0 -> 1
Cell (virus_2913443,host_302408): 0 -> 1
Cell (virus_2913443,host_49443): 0 -> 1
Cell (virus_2913443,host_59478): 0 -> 1
Cell (virus_2913443,host_59479): 0 -> 1
Cell (virus_2913443,host_342862): 0 -> 1
Cell (virus_2913443,host_519037): 0 -> 1
Cell (virus_2913443,host_329870): 0 -> 1
Cell (virus_2913443,host_549403): 0 -> 1
Cell (virus_2913443,host_124756): 0 -> 1
Cell (virus_2913443,host_196297): 0 -> 1
Cell (virus_2913443,host_328804): 0 -> 1
Cell (virus_2913443,host_1898389): 0 -> 1
Cell (virus_2913443,host_58060): 0 -> 1
Cell (virus_2913443,host_77233): 0 -> 1
Cell (virus_2913443,host_326083): 0 -> 1
Cell (virus_2913443,host_907075): 0 -> 1
Cell (virus_2913443,host_148094): 0 -> 1
Cell (virus_2913443,host_410852): 0 -> 1
Cell (virus_2913443,host_27634): 0 -> 1
Cell (virus_2913443,host_9417): 0 -> 1
Cell (virus_2913443,host_27638): 0 -> 1
Cell (virus_2913443,host_89673): 0 -> 1
Cell (virus_2913443,host_148061): 0 -> 1
Cell (virus_2913443,host_9430): 0 -> 1
Cell (virus_2913443,host_94961): 0 -> 1
Cell (virus_2913443,host_3042450): 0 -> 1
Cell (virus_2913443,host_3371013): 0 -> 1
Cell (virus_2913443,host_9414): 0 -> 1
Cell (virus_2913443,host_1434095): 0 -> 1
Cell (virus_2913443,host_291302): 0 -> 1
Cell (virus_2913443,host_187007): 0 -> 1
Cell (virus_2913443,host_9433): 0 -> 1
Cell (virus_2913443,host_187008): 0 -> 1
Cell (virus_2913443,host_258934): 0 -> 1
Cell (virus_2913443,host_124751): 0 -> 1
Cell (virus_2913443,host_27622): 0 -> 1
Cell (virus_2913443,host_452595): 0 -> 1
Cell (virus_2913443,host_3370289): 0 -> 1
Cell (virus_2913443,host_999964): 0 -> 1
Cell (virus_2913443,host_9438): 0 -> 1
Cell (virus_2913443,host_258953): 0 -> 1
Cell (virus_2913443,host_29078): 0 -> 1
Cell (virus_2913443,host_3371014): 0 -> 1
Cell (virus_2913443,host_3371021): 0 -> 1
Cell (virus_2972746,host_9435): 0 -> 1
Cell (virus_2972746,host_257882): 0 -> 1
Cell (virus_2972746,host_1633875): 0 -> 1
Cell (virus_2972746,host_519446): 0 -> 1
Cell (virus_2972746,host_109481): 0 -> 1
Cell (virus_2972746,host_109482): 0 -> 1
Cell (virus_2972746,host_51298): 0 -> 1
Cell (virus_2972746,host_225399): 0 -> 1
Cell (virus_2972746,host_386774): 0 -> 1
Cell (virus_2972746,host_526407): 0 -> 1
Cell (virus_2972746,host_1911917): 0 -> 1
Cell (virus_2972746,host_59461): 0 -> 1
Cell (virus_2972746,host_98922): 0 -> 1
Cell (virus_2972746,host_452654): 0 -> 1
Cell (virus_2972746,host_155915): 0 -> 1
Cell (virus_2972746,host_225400): 0 -> 1
Cell (virus_2972746,host_385037): 0 -> 1
Cell (virus_2972746,host_2015597): 0 -> 1
Cell (virus_2972746,host_633648): 0 -> 1
Cell (virus_2972746,host_334201): 0 -> 1
Cell (virus_2972746,host_463808): 0 -> 1
Cell (virus_2972746,host_178895): 0 -> 1
Cell (virus_2972746,host_59477): 0 -> 1
Cell (virus_2972746,host_430491): 0 -> 1
Cell (virus_2972746,host_89399): 0 -> 1
Cell (virus_2972746,host_2603866): 0 -> 1
Cell (virus_2972746,host_302408): 0 -> 1
Cell (virus_2972746,host_49443): 0 -> 1
Cell (virus_2972746,host_59478): 0 -> 1
Cell (virus_2972746,host_342862): 0 -> 1
Cell (virus_2972746,host_519037): 0 -> 1
Cell (virus_2972746,host_329870): 0 -> 1
Cell (virus_2972746,host_549403): 0 -> 1
Cell (virus_2972746,host_124756): 0 -> 1
Cell (virus_2972746,host_196297): 0 -> 1
Cell (virus_2972746,host_328804): 0 -> 1
Cell (virus_2972746,host_58065): 0 -> 1
Cell (virus_2972746,host_1898386): 0 -> 1
Cell (virus_2972746,host_58060): 0 -> 1
Cell (virus_2972746,host_77233): 0 -> 1
Cell (virus_2972746,host_326083): 0 -> 1
Cell (virus_2972746,host_187003): 0 -> 1
Cell (virus_2972746,host_118856): 0 -> 1
Cell (virus_2972746,host_40233): 0 -> 1
Cell (virus_2972746,host_410852): 0 -> 1
Cell (virus_2972746,host_27634): 0 -> 1
Cell (virus_2972746,host_40228): 0 -> 1
Cell (virus_2972746,host_9417): 0 -> 1
Cell (virus_2972746,host_51012): 0 -> 1
Cell (virus_2972746,host_27660): 0 -> 1
Cell (virus_2972746,host_27638): 0 -> 1
Cell (virus_2972746,host_89673): 0 -> 1
Cell (virus_2972746,host_148061): 0 -> 1
Cell (virus_2972746,host_9430): 0 -> 1
Cell (virus_2972746,host_94961): 0 -> 1
Cell (virus_2972746,host_3042450): 0 -> 1
Cell (virus_2972746,host_3371013): 0 -> 1
Cell (virus_2972746,host_9414): 0 -> 1
Cell (virus_2972746,host_1434095): 0 -> 1
Cell (virus_2972746,host_187007): 0 -> 1
Cell (virus_2972746,host_9433): 0 -> 1
Cell (virus_2972746,host_258934): 0 -> 1
Cell (virus_2972746,host_124751): 0 -> 1
Cell (virus_2972746,host_27622): 0 -> 1
Cell (virus_2972746,host_3370289): 0 -> 1
Cell (virus_2972746,host_999964): 0 -> 1
Cell (virus_2972746,host_9438): 0 -> 1
Cell (virus_2972746,host_258953): 0 -> 1
Cell (virus_2972746,host_29078): 0 -> 1
Cell (virus_2972746,host_3371014): 0 -> 1
Cell (virus_2972746,host_3371021): 0 -> 1
Cell (virus_2972746,host_59474): 0 -> 1
Cell (virus_1805463,host_258946): 0 -> 1
Cell (virus_1805463,host_109478): 0 -> 1
Cell (virus_1805463,host_3380546): 0 -> 1
Cell (virus_1805463,host_9435): 0 -> 1
Cell (virus_1805463,host_519446): 0 -> 1
Cell (virus_1805463,host_59461): 0 -> 1
Cell (virus_1805463,host_98922): 0 -> 1
Cell (virus_1805463,host_452654): 0 -> 1
Cell (virus_1805463,host_155915): 0 -> 1
Cell (virus_1805463,host_385037): 0 -> 1
Cell (virus_1805463,host_155035): 0 -> 1
Cell (virus_1805463,host_2015597): 0 -> 1
Cell (virus_1805463,host_633648): 0 -> 1
Cell (virus_1805463,host_249020): 0 -> 1
Cell (virus_1805463,host_584995): 0 -> 1
Cell (virus_1805463,host_463808): 0 -> 1
Cell (virus_1805463,host_178895): 0 -> 1
Cell (virus_1805463,host_76834): 0 -> 1
Cell (virus_1805463,host_59477): 0 -> 1
Cell (virus_1805463,host_329870): 0 -> 1
Cell (virus_1805463,host_385575): 0 -> 1
Cell (virus_1805463,host_328804): 0 -> 1
Cell (virus_1805463,host_9403): 0 -> 1
Cell (virus_1805463,host_58057): 0 -> 1
Cell (virus_1805463,host_58063): 0 -> 1
Cell (virus_1805463,host_58060): 0 -> 1
Cell (virus_1805463,host_77233): 0 -> 1
Cell (virus_1805463,host_326151): 0 -> 1
Cell (virus_1805463,host_326083): 0 -> 1
Cell (virus_1805463,host_1381355): 0 -> 1
Cell (virus_1805463,host_187003): 0 -> 1
Cell (virus_1805463,host_94956): 0 -> 1
Cell (virus_1805463,host_410852): 0 -> 1
Cell (virus_1805463,host_27634): 0 -> 1
Cell (virus_1805463,host_9417): 0 -> 1
Cell (virus_1805463,host_196700): 0 -> 1
Cell (virus_1805463,host_27660): 0 -> 1
Cell (virus_1805463,host_3042450): 0 -> 1
Cell (virus_1805463,host_9414): 0 -> 1
Cell (virus_1805463,host_1434095): 0 -> 1
Cell (virus_1805463,host_9433): 0 -> 1
Cell (virus_1805463,host_187008): 0 -> 1
Cell (virus_1805463,host_258934): 0 -> 1
Cell (virus_1805463,host_124751): 0 -> 1
Cell (virus_1805463,host_27622): 0 -> 1
Cell (virus_1805463,host_2218597): 0 -> 1
Cell (virus_1805463,host_999964): 0 -> 1
Cell (virus_1805463,host_258953): 0 -> 1
Cell (virus_1805463,host_249033): 0 -> 1
Cell (virus_1805463,host_61862): 0 -> 1
Cell (virus_1805463,host_29078): 0 -> 1
Cell (virus_1805463,host_3371014): 0 -> 1
Cell (virus_1805463,host_3371021): 0 -> 1
Cell (virus_1805463,host_360967): 0 -> 1
Cell (virus_1805463,host_109485): 0 -> 1
Cell (virus_1805463,host_867834): 0 -> 1
Cell (virus_1805463,host_143942): 0 -> 1
Cell (virus_1805463,host_258889): 0 -> 1
Cell (virus_1805463,host_2491053): 0 -> 1
Cell (virus_1805463,host_258944): 0 -> 1
Cell (virus_3061635,host_258946): 0 -> 1
Cell (virus_3061635,host_109478): 0 -> 1
Cell (virus_3061635,host_9435): 0 -> 1
Cell (virus_3061635,host_1633875): 0 -> 1
Cell (virus_3061635,host_519446): 0 -> 1
Cell (virus_3061635,host_59461): 0 -> 1
Cell (virus_3061635,host_98922): 0 -> 1
Cell (virus_3061635,host_452654): 0 -> 1
Cell (virus_3061635,host_155915): 0 -> 1
Cell (virus_3061635,host_385037): 0 -> 1
Cell (virus_3061635,host_2015597): 0 -> 1
Cell (virus_3061635,host_633648): 0 -> 1
Cell (virus_3061635,host_249020): 0 -> 1
Cell (virus_3061635,host_584995): 0 -> 1
Cell (virus_3061635,host_463808): 0 -> 1
Cell (virus_3061635,host_178895): 0 -> 1
Cell (virus_3061635,host_76834): 0 -> 1
Cell (virus_3061635,host_59477): 0 -> 1
Cell (virus_3061635,host_329870): 0 -> 1
Cell (virus_3061635,host_385575): 0 -> 1
Cell (virus_3061635,host_328804): 0 -> 1
Cell (virus_3061635,host_9403): 0 -> 1
Cell (virus_3061635,host_58057): 0 -> 1
Cell (virus_3061635,host_58063): 0 -> 1
Cell (virus_3061635,host_58060): 0 -> 1
Cell (virus_3061635,host_77233): 0 -> 1
Cell (virus_3061635,host_326151): 0 -> 1
Cell (virus_3061635,host_326083): 0 -> 1
Cell (virus_3061635,host_1381355): 0 -> 1
Cell (virus_3061635,host_187003): 0 -> 1
Cell (virus_3061635,host_94956): 0 -> 1
Cell (virus_3061635,host_410852): 0 -> 1
Cell (virus_3061635,host_27634): 0 -> 1
Cell (virus_3061635,host_9417): 0 -> 1
Cell (virus_3061635,host_196700): 0 -> 1
Cell (virus_3061635,host_27660): 0 -> 1
Cell (virus_3061635,host_3042450): 0 -> 1
Cell (virus_3061635,host_9414): 0 -> 1
Cell (virus_3061635,host_1434095): 0 -> 1
Cell (virus_3061635,host_9433): 0 -> 1
Cell (virus_3061635,host_187008): 0 -> 1
Cell (virus_3061635,host_258934): 0 -> 1
Cell (virus_3061635,host_124751): 0 -> 1
Cell (virus_3061635,host_27622): 0 -> 1
Cell (virus_3061635,host_2218597): 0 -> 1
Cell (virus_3061635,host_999964): 0 -> 1
Cell (virus_3061635,host_153297): 0 -> 1
Cell (virus_3061635,host_258953): 0 -> 1
Cell (virus_3061635,host_249033): 0 -> 1
Cell (virus_3061635,host_61862): 0 -> 1
Cell (virus_3061635,host_29078): 0 -> 1
Cell (virus_3061635,host_3371014): 0 -> 1
Cell (virus_3061635,host_3371021): 0 -> 1
Cell (virus_3061635,host_360967): 0 -> 1
Cell (virus_3061635,host_109485): 0 -> 1
Cell (virus_3061635,host_867834): 0 -> 1
Cell (virus_3061635,host_258889): 0 -> 1
Cell (virus_3061635,host_2491053): 0 -> 1
Cell (virus_3061635,host_258944): 0 -> 1
Cell (virus_3068888,host_258946): 0 -> 1
Cell (virus_3068888,host_109478): 0 -> 1
Cell (virus_3068888,host_9435): 0 -> 1
Cell (virus_3068888,host_519446): 0 -> 1
Cell (virus_3068888,host_59461): 0 -> 1
Cell (virus_3068888,host_98922): 0 -> 1
Cell (virus_3068888,host_452654): 0 -> 1
Cell (virus_3068888,host_155915): 0 -> 1
Cell (virus_3068888,host_385037): 0 -> 1
Cell (virus_3068888,host_155035): 0 -> 1
Cell (virus_3068888,host_2015597): 0 -> 1
Cell (virus_3068888,host_633648): 0 -> 1
Cell (virus_3068888,host_249020): 0 -> 1
Cell (virus_3068888,host_463808): 0 -> 1
Cell (virus_3068888,host_178895): 0 -> 1
Cell (virus_3068888,host_76834): 0 -> 1
Cell (virus_3068888,host_59477): 0 -> 1
Cell (virus_3068888,host_329870): 0 -> 1
Cell (virus_3068888,host_385575): 0 -> 1
Cell (virus_3068888,host_328804): 0 -> 1
Cell (virus_3068888,host_9403): 0 -> 1
Cell (virus_3068888,host_58063): 0 -> 1
Cell (virus_3068888,host_58060): 0 -> 1
Cell (virus_3068888,host_77233): 0 -> 1
Cell (virus_3068888,host_326083): 0 -> 1
Cell (virus_3068888,host_1381355): 0 -> 1
Cell (virus_3068888,host_187003): 0 -> 1
Cell (virus_3068888,host_94956): 0 -> 1
Cell (virus_3068888,host_410852): 0 -> 1
Cell (virus_3068888,host_27634): 0 -> 1
Cell (virus_3068888,host_9417): 0 -> 1
Cell (virus_3068888,host_27660): 0 -> 1
Cell (virus_3068888,host_3042450): 0 -> 1
Cell (virus_3068888,host_9414): 0 -> 1
Cell (virus_3068888,host_1434095): 0 -> 1
Cell (virus_3068888,host_9433): 0 -> 1
Cell (virus_3068888,host_187008): 0 -> 1
Cell (virus_3068888,host_258934): 0 -> 1
Cell (virus_3068888,host_479723): 0 -> 1
Cell (virus_3068888,host_124751): 0 -> 1
Cell (virus_3068888,host_27622): 0 -> 1
Cell (virus_3068888,host_2218597): 0 -> 1
Cell (virus_3068888,host_999964): 0 -> 1
Cell (virus_3068888,host_9438): 0 -> 1
Cell (virus_3068888,host_258953): 0 -> 1
Cell (virus_3068888,host_249033): 0 -> 1
Cell (virus_3068888,host_61862): 0 -> 1
Cell (virus_3068888,host_29078): 0 -> 1
Cell (virus_3068888,host_3371014): 0 -> 1
Cell (virus_3068888,host_3371021): 0 -> 1
Cell (virus_3068888,host_109485): 0 -> 1
Cell (virus_3068888,host_867834): 0 -> 1
Cell (virus_3068888,host_143942): 0 -> 1
Cell (virus_3068888,host_258889): 0 -> 1
Cell (virus_3068888,host_2491053): 0 -> 1
Cell (virus_3068888,host_258944): 0 -> 1
Cell (virus_2833184,host_258946): 0 -> 1
Cell (virus_2833184,host_109478): 0 -> 1
Cell (virus_2833184,host_9435): 0 -> 1
Cell (virus_2833184,host_519446): 0 -> 1
Cell (virus_2833184,host_109482): 0 -> 1
Cell (virus_2833184,host_59461): 0 -> 1
Cell (virus_2833184,host_98922): 0 -> 1
Cell (virus_2833184,host_452654): 0 -> 1
Cell (virus_2833184,host_155915): 0 -> 1
Cell (virus_2833184,host_2015597): 0 -> 1
Cell (virus_2833184,host_633648): 0 -> 1
Cell (virus_2833184,host_270698): 0 -> 1
Cell (virus_2833184,host_463808): 0 -> 1
Cell (virus_2833184,host_178895): 0 -> 1
Cell (virus_2833184,host_329870): 0 -> 1
Cell (virus_2833184,host_132908): 0 -> 1
Cell (virus_2833184,host_385575): 0 -> 1
Cell (virus_2833184,host_328804): 0 -> 1
Cell (virus_2833184,host_9403): 0 -> 1
Cell (virus_2833184,host_58057): 0 -> 1
Cell (virus_2833184,host_1410044): 0 -> 1
Cell (virus_2833184,host_58063): 0 -> 1
Cell (virus_2833184,host_58060): 0 -> 1
Cell (virus_2833184,host_77233): 0 -> 1
Cell (virus_2833184,host_326083): 0 -> 1
Cell (virus_2833184,host_94956): 0 -> 1
Cell (virus_2833184,host_410852): 0 -> 1
Cell (virus_2833184,host_27634): 0 -> 1
Cell (virus_2833184,host_9417): 0 -> 1
Cell (virus_2833184,host_40229): 0 -> 1
Cell (virus_2833184,host_3042450): 0 -> 1
Cell (virus_2833184,host_9414): 0 -> 1
Cell (virus_2833184,host_1434095): 0 -> 1
Cell (virus_2833184,host_9433): 0 -> 1
Cell (virus_2833184,host_187008): 0 -> 1
Cell (virus_2833184,host_258934): 0 -> 1
Cell (virus_2833184,host_124751): 0 -> 1
Cell (virus_2833184,host_27622): 0 -> 1
Cell (virus_2833184,host_2218597): 0 -> 1
Cell (virus_2833184,host_258863): 0 -> 1
Cell (virus_2833184,host_999964): 0 -> 1
Cell (virus_2833184,host_258953): 0 -> 1
Cell (virus_2833184,host_249033): 0 -> 1
Cell (virus_2833184,host_61862): 0 -> 1
Cell (virus_2833184,host_29078): 0 -> 1
Cell (virus_2833184,host_3371014): 0 -> 1
Cell (virus_2833184,host_360967): 0 -> 1
Cell (virus_2833184,host_59474): 0 -> 1
Cell (virus_2833184,host_867834): 0 -> 1
Cell (virus_2833184,host_143942): 0 -> 1
Cell (virus_2833184,host_2491053): 0 -> 1
Cell (virus_2833184,host_258944): 0 -> 1
Cell (virus_864596,host_258946): 0 -> 1
Cell (virus_864596,host_294653): 0 -> 1
Cell (virus_864596,host_109478): 0 -> 1
Cell (virus_864596,host_9435): 0 -> 1
Cell (virus_864596,host_519446): 0 -> 1
Cell (virus_864596,host_109482): 0 -> 1
Cell (virus_864596,host_1911917): 0 -> 1
Cell (virus_864596,host_59461): 0 -> 1
Cell (virus_864596,host_98922): 0 -> 1
Cell (virus_864596,host_138977): 0 -> 1
Cell (virus_864596,host_258940): 0 -> 1
Cell (virus_864596,host_452654): 0 -> 1
Cell (virus_864596,host_155915): 0 -> 1
Cell (virus_864596,host_2015597): 0 -> 1
Cell (virus_864596,host_633648): 0 -> 1
Cell (virus_864596,host_270698): 0 -> 1
Cell (virus_864596,host_463808): 0 -> 1
Cell (virus_864596,host_178895): 0 -> 1
Cell (virus_864596,host_329870): 0 -> 1
Cell (virus_864596,host_132908): 0 -> 1
Cell (virus_864596,host_196297): 0 -> 1
Cell (virus_864596,host_385575): 0 -> 1
Cell (virus_864596,host_328804): 0 -> 1
Cell (virus_864596,host_9403): 0 -> 1
Cell (virus_864596,host_58057): 0 -> 1
Cell (virus_864596,host_1410044): 0 -> 1
Cell (virus_864596,host_2853157): 0 -> 1
Cell (virus_864596,host_58063): 0 -> 1
Cell (virus_864596,host_58060): 0 -> 1
Cell (virus_864596,host_77233): 0 -> 1
Cell (virus_864596,host_326083): 0 -> 1
Cell (virus_864596,host_1381355): 0 -> 1
Cell (virus_864596,host_94956): 0 -> 1
Cell (virus_864596,host_410852): 0 -> 1
Cell (virus_864596,host_27634): 0 -> 1
Cell (virus_864596,host_40229): 0 -> 1
Cell (virus_864596,host_27660): 0 -> 1
Cell (virus_864596,host_3042450): 0 -> 1
Cell (virus_864596,host_9414): 0 -> 1
Cell (virus_864596,host_1434095): 0 -> 1
Cell (virus_864596,host_9433): 0 -> 1
Cell (virus_864596,host_258934): 0 -> 1
Cell (virus_864596,host_124751): 0 -> 1
Cell (virus_864596,host_27622): 0 -> 1
Cell (virus_864596,host_2218597): 0 -> 1
Cell (virus_864596,host_452595): 0 -> 1
Cell (virus_864596,host_999964): 0 -> 1
Cell (virus_864596,host_258953): 0 -> 1
Cell (virus_864596,host_249033): 0 -> 1
Cell (virus_864596,host_258930): 0 -> 1
Cell (virus_864596,host_61862): 0 -> 1
Cell (virus_864596,host_29078): 0 -> 1
Cell (virus_864596,host_2969767): 0 -> 1
Cell (virus_864596,host_3371014): 0 -> 1
Cell (virus_864596,host_109485): 0 -> 1
Cell (virus_864596,host_59474): 0 -> 1
Cell (virus_864596,host_867834): 0 -> 1
Cell (virus_864596,host_143942): 0 -> 1
Cell (virus_864596,host_2491053): 0 -> 1
Cell (virus_864596,host_258944): 0 -> 1
Cell (virus_3068538,host_258946): 0 -> 1
Cell (virus_3068538,host_109478): 0 -> 1
Cell (virus_3068538,host_9435): 0 -> 1
Cell (virus_3068538,host_160974): 0 -> 1
Cell (virus_3068538,host_519446): 0 -> 1
Cell (virus_3068538,host_59461): 0 -> 1
Cell (virus_3068538,host_98922): 0 -> 1
Cell (virus_3068538,host_452654): 0 -> 1
Cell (virus_3068538,host_587652): 0 -> 1
Cell (virus_3068538,host_155915): 0 -> 1
Cell (virus_3068538,host_2015597): 0 -> 1
Cell (virus_3068538,host_633648): 0 -> 1
Cell (virus_3068538,host_270698): 0 -> 1
Cell (virus_3068538,host_249020): 0 -> 1
Cell (virus_3068538,host_463808): 0 -> 1
Cell (virus_3068538,host_178895): 0 -> 1
Cell (virus_3068538,host_76834): 0 -> 1
Cell (virus_3068538,host_329870): 0 -> 1
Cell (virus_3068538,host_385575): 0 -> 1
Cell (virus_3068538,host_328804): 0 -> 1
Cell (virus_3068538,host_9403): 0 -> 1
Cell (virus_3068538,host_58057): 0 -> 1
Cell (virus_3068538,host_58063): 0 -> 1
Cell (virus_3068538,host_58060): 0 -> 1
Cell (virus_3068538,host_298110): 0 -> 1
Cell (virus_3068538,host_77233): 0 -> 1
Cell (virus_3068538,host_374419): 0 -> 1
Cell (virus_3068538,host_326083): 0 -> 1
Cell (virus_3068538,host_187003): 0 -> 1
Cell (virus_3068538,host_94956): 0 -> 1
Cell (virus_3068538,host_410852): 0 -> 1
Cell (virus_3068538,host_27634): 0 -> 1
Cell (virus_3068538,host_27660): 0 -> 1
Cell (virus_3068538,host_148061): 0 -> 1
Cell (virus_3068538,host_148089): 0 -> 1
Cell (virus_3068538,host_3042450): 0 -> 1
Cell (virus_3068538,host_9414): 0 -> 1
Cell (virus_3068538,host_1434095): 0 -> 1
Cell (virus_3068538,host_221087): 0 -> 1
Cell (virus_3068538,host_9433): 0 -> 1
Cell (virus_3068538,host_187008): 0 -> 1
Cell (virus_3068538,host_258934): 0 -> 1
Cell (virus_3068538,host_124751): 0 -> 1
Cell (virus_3068538,host_27622): 0 -> 1
Cell (virus_3068538,host_2218597): 0 -> 1
Cell (virus_3068538,host_999964): 0 -> 1
Cell (virus_3068538,host_249034): 0 -> 1
Cell (virus_3068538,host_258953): 0 -> 1
Cell (virus_3068538,host_249033): 0 -> 1
Cell (virus_3068538,host_61862): 0 -> 1
Cell (virus_3068538,host_29078): 0 -> 1
Cell (virus_3068538,host_3371014): 0 -> 1
Cell (virus_3068538,host_3371021): 0 -> 1
Cell (virus_3068538,host_360967): 0 -> 1
Cell (virus_3068538,host_258944): 0 -> 1
Cell (virus_694009,host_258946): 0 -> 1
Cell (virus_694009,host_109478): 0 -> 1
Cell (virus_694009,host_9435): 0 -> 1
Cell (virus_694009,host_519446): 0 -> 1
Cell (virus_694009,host_59461): 0 -> 1
Cell (virus_694009,host_98922): 0 -> 1
Cell (virus_694009,host_452654): 0 -> 1
Cell (virus_694009,host_587652): 0 -> 1
Cell (virus_694009,host_155915): 0 -> 1
Cell (virus_694009,host_2015597): 0 -> 1
Cell (virus_694009,host_633648): 0 -> 1
Cell (virus_694009,host_270698): 0 -> 1
Cell (virus_694009,host_249020): 0 -> 1
Cell (virus_694009,host_463808): 0 -> 1
Cell (virus_694009,host_178895): 0 -> 1
Cell (virus_694009,host_76834): 0 -> 1
Cell (virus_694009,host_329870): 0 -> 1
Cell (virus_694009,host_385575): 0 -> 1
Cell (virus_694009,host_328804): 0 -> 1
Cell (virus_694009,host_9403): 0 -> 1
Cell (virus_694009,host_58057): 0 -> 1
Cell (virus_694009,host_58063): 0 -> 1
Cell (virus_694009,host_58060): 0 -> 1
Cell (virus_694009,host_77233): 0 -> 1
Cell (virus_694009,host_374419): 0 -> 1
Cell (virus_694009,host_326083): 0 -> 1
Cell (virus_694009,host_187003): 0 -> 1
Cell (virus_694009,host_94956): 0 -> 1
Cell (virus_694009,host_410852): 0 -> 1
Cell (virus_694009,host_27634): 0 -> 1
Cell (virus_694009,host_9417): 0 -> 1
Cell (virus_694009,host_27660): 0 -> 1
Cell (virus_694009,host_148061): 0 -> 1
Cell (virus_694009,host_3042450): 0 -> 1
Cell (virus_694009,host_9414): 0 -> 1
Cell (virus_694009,host_1434095): 0 -> 1
Cell (virus_694009,host_221087): 0 -> 1
Cell (virus_694009,host_9433): 0 -> 1
Cell (virus_694009,host_187008): 0 -> 1
Cell (virus_694009,host_258934): 0 -> 1
Cell (virus_694009,host_124751): 0 -> 1
Cell (virus_694009,host_27622): 0 -> 1
Cell (virus_694009,host_2218597): 0 -> 1
Cell (virus_694009,host_999964): 0 -> 1
Cell (virus_694009,host_249034): 0 -> 1
Cell (virus_694009,host_258953): 0 -> 1
Cell (virus_694009,host_249033): 0 -> 1
Cell (virus_694009,host_61862): 0 -> 1
Cell (virus_694009,host_29078): 0 -> 1
Cell (virus_694009,host_3371014): 0 -> 1
Cell (virus_694009,host_3371021): 0 -> 1
Cell (virus_694009,host_258944): 0 -> 1
Cell (virus_3418604,host_258946): 0 -> 1
Cell (virus_3418604,host_109478): 0 -> 1
Cell (virus_3418604,host_9435): 0 -> 1
Cell (virus_3418604,host_519446): 0 -> 1
Cell (virus_3418604,host_59461): 0 -> 1
Cell (virus_3418604,host_98922): 0 -> 1
Cell (virus_3418604,host_452654): 0 -> 1
Cell (virus_3418604,host_587652): 0 -> 1
Cell (virus_3418604,host_155915): 0 -> 1
Cell (virus_3418604,host_2015597): 0 -> 1
Cell (virus_3418604,host_633648): 0 -> 1
Cell (virus_3418604,host_270698): 0 -> 1
Cell (virus_3418604,host_249020): 0 -> 1
Cell (virus_3418604,host_463808): 0 -> 1
Cell (virus_3418604,host_178895): 0 -> 1
Cell (virus_3418604,host_76834): 0 -> 1
Cell (virus_3418604,host_329870): 0 -> 1
Cell (virus_3418604,host_385575): 0 -> 1
Cell (virus_3418604,host_328804): 0 -> 1
Cell (virus_3418604,host_9403): 0 -> 1
Cell (virus_3418604,host_58057): 0 -> 1
Cell (virus_3418604,host_58063): 0 -> 1
Cell (virus_3418604,host_58060): 0 -> 1
Cell (virus_3418604,host_77233): 0 -> 1
Cell (virus_3418604,host_374419): 0 -> 1
Cell (virus_3418604,host_326083): 0 -> 1
Cell (virus_3418604,host_187003): 0 -> 1
Cell (virus_3418604,host_94956): 0 -> 1
Cell (virus_3418604,host_410852): 0 -> 1
Cell (virus_3418604,host_27634): 0 -> 1
Cell (virus_3418604,host_27660): 0 -> 1
Cell (virus_3418604,host_148061): 0 -> 1
Cell (virus_3418604,host_3042450): 0 -> 1
Cell (virus_3418604,host_9414): 0 -> 1
Cell (virus_3418604,host_1434095): 0 -> 1
Cell (virus_3418604,host_221087): 0 -> 1
Cell (virus_3418604,host_9433): 0 -> 1
Cell (virus_3418604,host_187008): 0 -> 1
Cell (virus_3418604,host_258934): 0 -> 1
Cell (virus_3418604,host_124751): 0 -> 1
Cell (virus_3418604,host_27622): 0 -> 1
Cell (virus_3418604,host_2218597): 0 -> 1
Cell (virus_3418604,host_999964): 0 -> 1
Cell (virus_3418604,host_249034): 0 -> 1
Cell (virus_3418604,host_258953): 0 -> 1
Cell (virus_3418604,host_249033): 0 -> 1
Cell (virus_3418604,host_61862): 0 -> 1
Cell (virus_3418604,host_29078): 0 -> 1
Cell (virus_3418604,host_3371014): 0 -> 1
Cell (virus_3418604,host_3371021): 0 -> 1
Cell (virus_3418604,host_360967): 0 -> 1
Cell (virus_3418604,host_258944): 0 -> 1
Cell (virus_2913380,host_258946): 0 -> 1
Cell (virus_2913380,host_59463): 0 -> 1
Cell (virus_2913380,host_109480): 0 -> 1
Cell (virus_2913380,host_519446): 0 -> 1
Cell (virus_2913380,host_51298): 0 -> 1
Cell (virus_2913380,host_187014): 0 -> 1
Cell (virus_2913380,host_526407): 0 -> 1
Cell (virus_2913380,host_59461): 0 -> 1
Cell (virus_2913380,host_452653): 0 -> 1
Cell (virus_2913380,host_98922): 0 -> 1
Cell (virus_2913380,host_138979): 0 -> 1
Cell (virus_2913380,host_452654): 0 -> 1
Cell (virus_2913380,host_155915): 0 -> 1
Cell (virus_2913380,host_385037): 0 -> 1
Cell (virus_2913380,host_155035): 0 -> 1
Cell (virus_2913380,host_2015597): 0 -> 1
Cell (virus_2913380,host_633648): 0 -> 1
Cell (virus_2913380,host_334201): 0 -> 1
Cell (virus_2913380,host_463808): 0 -> 1
Cell (virus_2913380,host_178895): 0 -> 1
Cell (virus_2913380,host_608708): 0 -> 1
Cell (virus_2913380,host_302408): 0 -> 1
Cell (virus_2913380,host_49443): 0 -> 1
Cell (virus_2913380,host_59478): 0 -> 1
Cell (virus_2913380,host_519037): 0 -> 1
Cell (virus_2913380,host_329870): 0 -> 1
Cell (virus_2913380,host_549403): 0 -> 1
Cell (virus_2913380,host_3371112): 0 -> 1
Cell (virus_2913380,host_132908): 0 -> 1
Cell (virus_2913380,host_196297): 0 -> 1
Cell (virus_2913380,host_328804): 0 -> 1
Cell (virus_2913380,host_9403): 0 -> 1
Cell (virus_2913380,host_2853157): 0 -> 1
Cell (virus_2913380,host_58063): 0 -> 1
Cell (virus_2913380,host_58060): 0 -> 1
Cell (virus_2913380,host_77233): 0 -> 1
Cell (virus_2913380,host_374419): 0 -> 1
Cell (virus_2913380,host_326083): 0 -> 1
Cell (virus_2913380,host_118856): 0 -> 1
Cell (virus_2913380,host_94956): 0 -> 1
Cell (virus_2913380,host_410852): 0 -> 1
Cell (virus_2913380,host_27634): 0 -> 1
Cell (virus_2913380,host_40230): 0 -> 1
Cell (virus_2913380,host_27638): 0 -> 1
Cell (virus_2913380,host_409031): 0 -> 1
Cell (virus_2913380,host_89673): 0 -> 1
Cell (virus_2913380,host_9423): 0 -> 1
Cell (virus_2913380,host_148061): 0 -> 1
Cell (virus_2913380,host_148089): 0 -> 1
Cell (virus_2913380,host_3042450): 0 -> 1
Cell (virus_2913380,host_3371013): 0 -> 1
Cell (virus_2913380,host_9414): 0 -> 1
Cell (virus_2913380,host_1434095): 0 -> 1
Cell (virus_2913380,host_221086): 0 -> 1
Cell (virus_2913380,host_221087): 0 -> 1
Cell (virus_2913380,host_9433): 0 -> 1
Cell (virus_2913380,host_258934): 0 -> 1
Cell (virus_2913380,host_124751): 0 -> 1
Cell (virus_2913380,host_27622): 0 -> 1
Cell (virus_2913380,host_3041509): 0 -> 1
Cell (virus_2913380,host_2218597): 0 -> 1
Cell (virus_2913380,host_999964): 0 -> 1
Cell (virus_2913380,host_258953): 0 -> 1
Cell (virus_2913380,host_249033): 0 -> 1
Cell (virus_2913380,host_61862): 0 -> 1
Cell (virus_2913380,host_29078): 0 -> 1
Cell (virus_2913380,host_3371014): 0 -> 1
Cell (virus_2913380,host_3371016): 0 -> 1
Cell (virus_2913380,host_360967): 0 -> 1
Cell (virus_2913380,host_143942): 0 -> 1
Cell (virus_2913380,host_258944): 0 -> 1
Cell (virus_989337,host_105295): 0 -> 1
Cell (virus_989337,host_258946): 0 -> 1
Cell (virus_989337,host_519446): 0 -> 1
Cell (virus_989337,host_109481): 0 -> 1
Cell (virus_989337,host_109482): 0 -> 1
Cell (virus_989337,host_412095): 0 -> 1
Cell (virus_989337,host_51298): 0 -> 1
Cell (virus_989337,host_526407): 0 -> 1
Cell (virus_989337,host_59461): 0 -> 1
Cell (virus_989337,host_98922): 0 -> 1
Cell (virus_989337,host_138979): 0 -> 1
Cell (virus_989337,host_258940): 0 -> 1
Cell (virus_989337,host_452654): 0 -> 1
Cell (virus_989337,host_587652): 0 -> 1
Cell (virus_989337,host_155915): 0 -> 1
Cell (virus_989337,host_385037): 0 -> 1
Cell (virus_989337,host_2015597): 0 -> 1
Cell (virus_989337,host_633648): 0 -> 1
Cell (virus_989337,host_334201): 0 -> 1
Cell (virus_989337,host_249020): 0 -> 1
Cell (virus_989337,host_584995): 0 -> 1
Cell (virus_989337,host_302402): 0 -> 1
Cell (virus_989337,host_463808): 0 -> 1
Cell (virus_989337,host_178895): 0 -> 1
Cell (virus_989337,host_608708): 0 -> 1
Cell (virus_989337,host_430491): 0 -> 1
Cell (virus_989337,host_302408): 0 -> 1
Cell (virus_989337,host_59478): 0 -> 1
Cell (virus_989337,host_59479): 0 -> 1
Cell (virus_989337,host_519037): 0 -> 1
Cell (virus_989337,host_329870): 0 -> 1
Cell (virus_989337,host_549403): 0 -> 1
Cell (virus_989337,host_385575): 0 -> 1
Cell (virus_989337,host_328804): 0 -> 1
Cell (virus_989337,host_9403): 0 -> 1
Cell (virus_989337,host_58057): 0 -> 1
Cell (virus_989337,host_372077): 0 -> 1
Cell (virus_989337,host_58065): 0 -> 1
Cell (virus_989337,host_58063): 0 -> 1
Cell (virus_989337,host_58060): 0 -> 1
Cell (virus_989337,host_77233): 0 -> 1
Cell (virus_989337,host_326083): 0 -> 1
Cell (virus_989337,host_1381355): 0 -> 1
Cell (virus_989337,host_94956): 0 -> 1
Cell (virus_989337,host_208969): 0 -> 1
Cell (virus_989337,host_410852): 0 -> 1
Cell (virus_989337,host_27634): 0 -> 1
Cell (virus_989337,host_40228): 0 -> 1
Cell (virus_989337,host_9417): 0 -> 1
Cell (virus_989337,host_40224): 0 -> 1
Cell (virus_989337,host_27638): 0 -> 1
Cell (virus_989337,host_89673): 0 -> 1
Cell (virus_989337,host_9423): 0 -> 1
Cell (virus_989337,host_148061): 0 -> 1
Cell (virus_989337,host_148089): 0 -> 1
Cell (virus_989337,host_94961): 0 -> 1
Cell (virus_989337,host_3042450): 0 -> 1
Cell (virus_989337,host_59472): 0 -> 1
Cell (virus_989337,host_9414): 0 -> 1
Cell (virus_989337,host_221086): 0 -> 1
Cell (virus_989337,host_9433): 0 -> 1
Cell (virus_989337,host_258934): 0 -> 1
Cell (virus_989337,host_124751): 0 -> 1
Cell (virus_989337,host_27622): 0 -> 1
Cell (virus_989337,host_2218597): 0 -> 1
Cell (virus_989337,host_258863): 0 -> 1
Cell (virus_989337,host_999964): 0 -> 1
Cell (virus_989337,host_9438): 0 -> 1
Cell (virus_989337,host_258953): 0 -> 1
Cell (virus_989337,host_249033): 0 -> 1
Cell (virus_989337,host_61862): 0 -> 1
Cell (virus_989337,host_29078): 0 -> 1
Cell (virus_989337,host_3371014): 0 -> 1
Cell (virus_989337,host_3371016): 0 -> 1
Cell (virus_989337,host_143942): 0 -> 1
Cell (virus_989337,host_110938): 0 -> 1
Cell (virus_989337,host_258944): 0 -> 1
Cell (virus_989337,host_258959): 0 -> 1
Cell (virus_3433764,host_258946): 0 -> 1
Cell (virus_3433764,host_109480): 0 -> 1
Cell (virus_3433764,host_1633875): 0 -> 1
Cell (virus_3433764,host_519446): 0 -> 1
Cell (virus_3433764,host_109482): 0 -> 1
Cell (virus_3433764,host_526407): 0 -> 1
Cell (virus_3433764,host_59461): 0 -> 1
Cell (virus_3433764,host_203696): 0 -> 1
Cell (virus_3433764,host_98922): 0 -> 1
Cell (virus_3433764,host_138979): 0 -> 1
Cell (virus_3433764,host_258940): 0 -> 1
Cell (virus_3433764,host_452654): 0 -> 1
Cell (virus_3433764,host_155915): 0 -> 1
Cell (virus_3433764,host_225400): 0 -> 1
Cell (virus_3433764,host_385037): 0 -> 1
Cell (virus_3433764,host_2015597): 0 -> 1
Cell (virus_3433764,host_633648): 0 -> 1
Cell (virus_3433764,host_270698): 0 -> 1
Cell (virus_3433764,host_334201): 0 -> 1
Cell (virus_3433764,host_249020): 0 -> 1
Cell (virus_3433764,host_302402): 0 -> 1
Cell (virus_3433764,host_463808): 0 -> 1
Cell (virus_3433764,host_178895): 0 -> 1
Cell (virus_3433764,host_76834): 0 -> 1
Cell (virus_3433764,host_608708): 0 -> 1
Cell (virus_3433764,host_476589): 0 -> 1
Cell (virus_3433764,host_2603865): 0 -> 1
Cell (virus_3433764,host_302408): 0 -> 1
Cell (virus_3433764,host_59478): 0 -> 1
Cell (virus_3433764,host_519037): 0 -> 1
Cell (virus_3433764,host_329870): 0 -> 1
Cell (virus_3433764,host_549403): 0 -> 1
Cell (virus_3433764,host_196297): 0 -> 1
Cell (virus_3433764,host_328804): 0 -> 1
Cell (virus_3433764,host_9403): 0 -> 1
Cell (virus_3433764,host_58057): 0 -> 1
Cell (virus_3433764,host_1410044): 0 -> 1
Cell (virus_3433764,host_2853157): 0 -> 1
Cell (virus_3433764,host_58065): 0 -> 1
Cell (virus_3433764,host_58063): 0 -> 1
Cell (virus_3433764,host_77214): 0 -> 1
Cell (virus_3433764,host_58060): 0 -> 1
Cell (virus_3433764,host_77233): 0 -> 1
Cell (virus_3433764,host_1381355): 0 -> 1
Cell (virus_3433764,host_94956): 0 -> 1
Cell (virus_3433764,host_148094): 0 -> 1
Cell (virus_3433764,host_27663): 0 -> 1
Cell (virus_3433764,host_410852): 0 -> 1
Cell (virus_3433764,host_27634): 0 -> 1
Cell (virus_3433764,host_27638): 0 -> 1
Cell (virus_3433764,host_9423): 0 -> 1
Cell (virus_3433764,host_148061): 0 -> 1
Cell (virus_3433764,host_94961): 0 -> 1
Cell (virus_3433764,host_3042450): 0 -> 1
Cell (virus_3433764,host_3371013): 0 -> 1
Cell (virus_3433764,host_59472): 0 -> 1
Cell (virus_3433764,host_9414): 0 -> 1
Cell (virus_3433764,host_1434095): 0 -> 1
Cell (virus_3433764,host_221086): 0 -> 1
Cell (virus_3433764,host_291302): 0 -> 1
Cell (virus_3433764,host_221087): 0 -> 1
Cell (virus_3433764,host_9433): 0 -> 1
Cell (virus_3433764,host_258934): 0 -> 1
Cell (virus_3433764,host_124751): 0 -> 1
Cell (virus_3433764,host_27622): 0 -> 1
Cell (virus_3433764,host_2218597): 0 -> 1
Cell (virus_3433764,host_258863): 0 -> 1
Cell (virus_3433764,host_452595): 0 -> 1
Cell (virus_3433764,host_3370289): 0 -> 1
Cell (virus_3433764,host_999964): 0 -> 1
Cell (virus_3433764,host_258952): 0 -> 1
Cell (virus_3433764,host_258953): 0 -> 1
Cell (virus_3433764,host_249033): 0 -> 1
Cell (virus_3433764,host_272799): 0 -> 1
Cell (virus_3433764,host_61862): 0 -> 1
Cell (virus_3433764,host_29078): 0 -> 1
Cell (virus_3433764,host_3371014): 0 -> 1
Cell (virus_3433764,host_3371016): 0 -> 1
Cell (virus_3433764,host_258944): 0 -> 1
Cell (virus_3433764,host_258959): 0 -> 1
Cell (virus_2115988,host_187011): 0 -> 1
Cell (virus_2115988,host_51300): 0 -> 1
Cell (virus_2115988,host_246814): 0 -> 1
Cell (virus_2115988,host_59473): 0 -> 1
Cell (virus_2115988,host_519446): 0 -> 1
Cell (virus_2115988,host_2528591): 0 -> 1
Cell (virus_2115988,host_187014): 0 -> 1
Cell (virus_2115988,host_526407): 0 -> 1
Cell (virus_2115988,host_59461): 0 -> 1
Cell (virus_2115988,host_98922): 0 -> 1
Cell (virus_2115988,host_138979): 0 -> 1
Cell (virus_2115988,host_155915): 0 -> 1
Cell (virus_2115988,host_175524): 0 -> 1
Cell (virus_2115988,host_186991): 0 -> 1
Cell (virus_2115988,host_157961): 0 -> 1
Cell (virus_2115988,host_337452): 0 -> 1
Cell (virus_2115988,host_178895): 0 -> 1
Cell (virus_2115988,host_430491): 0 -> 1
Cell (virus_2115988,host_188571): 0 -> 1
Cell (virus_2115988,host_2603865): 0 -> 1
Cell (virus_2115988,host_302408): 0 -> 1
Cell (virus_2115988,host_59478): 0 -> 1
Cell (virus_2115988,host_519037): 0 -> 1
Cell (virus_2115988,host_329870): 0 -> 1
Cell (virus_2115988,host_124756): 0 -> 1
Cell (virus_2115988,host_196297): 0 -> 1
Cell (virus_2115988,host_328804): 0 -> 1
Cell (virus_2115988,host_58067): 0 -> 1
Cell (virus_2115988,host_498220): 0 -> 1
Cell (virus_2115988,host_448084): 0 -> 1
Cell (virus_2115988,host_58071): 0 -> 1
Cell (virus_2115988,host_326083): 0 -> 1
Cell (virus_2115988,host_94956): 0 -> 1
Cell (virus_2115988,host_208969): 0 -> 1
Cell (virus_2115988,host_410852): 0 -> 1
Cell (virus_2115988,host_27634): 0 -> 1
Cell (virus_2115988,host_40228): 0 -> 1
Cell (virus_2115988,host_40224): 0 -> 1
Cell (virus_2115988,host_27660): 0 -> 1
Cell (virus_2115988,host_27638): 0 -> 1
Cell (virus_2115988,host_9423): 0 -> 1
Cell (virus_2115988,host_9430): 0 -> 1
Cell (virus_2115988,host_94961): 0 -> 1
Cell (virus_2115988,host_3042450): 0 -> 1
Cell (virus_2115988,host_9414): 0 -> 1
Cell (virus_2115988,host_1434095): 0 -> 1
Cell (virus_2115988,host_9433): 0 -> 1
Cell (virus_2115988,host_438766): 0 -> 1
Cell (virus_2115988,host_258934): 0 -> 1
Cell (virus_2115988,host_124751): 0 -> 1
Cell (virus_2115988,host_27622): 0 -> 1
Cell (virus_2115988,host_2218597): 0 -> 1
Cell (virus_2115988,host_452595): 0 -> 1
Cell (virus_2115988,host_249034): 0 -> 1
Cell (virus_2115988,host_258952): 0 -> 1
Cell (virus_2115988,host_249033): 0 -> 1
Cell (virus_2115988,host_61862): 0 -> 1
Cell (virus_2115988,host_258909): 0 -> 1
Cell (virus_2115988,host_29078): 0 -> 1
Cell (virus_2115988,host_109485): 0 -> 1
Cell (virus_2115988,host_867834): 0 -> 1
Cell (virus_2115988,host_143942): 0 -> 1
Cell (virus_2115988,host_2491053): 0 -> 1
Cell (virus_2115988,host_258944): 0 -> 1
Cell (virus_2833151,host_105295): 0 -> 1
Cell (virus_2833151,host_187011): 0 -> 1
Cell (virus_2833151,host_246814): 0 -> 1
Cell (virus_2833151,host_294653): 0 -> 1
Cell (virus_2833151,host_59473): 0 -> 1
Cell (virus_2833151,host_519446): 0 -> 1
Cell (virus_2833151,host_187014): 0 -> 1
Cell (virus_2833151,host_59461): 0 -> 1
Cell (virus_2833151,host_98922): 0 -> 1
Cell (virus_2833151,host_138979): 0 -> 1
Cell (virus_2833151,host_155915): 0 -> 1
Cell (virus_2833151,host_175524): 0 -> 1
Cell (virus_2833151,host_186991): 0 -> 1
Cell (virus_2833151,host_157961): 0 -> 1
Cell (virus_2833151,host_334201): 0 -> 1
Cell (virus_2833151,host_337452): 0 -> 1
Cell (virus_2833151,host_178895): 0 -> 1
Cell (virus_2833151,host_430491): 0 -> 1
Cell (virus_2833151,host_188571): 0 -> 1
Cell (virus_2833151,host_249024): 0 -> 1
Cell (virus_2833151,host_2603865): 0 -> 1
Cell (virus_2833151,host_302408): 0 -> 1
Cell (virus_2833151,host_59478): 0 -> 1
Cell (virus_2833151,host_519037): 0 -> 1
Cell (virus_2833151,host_77218): 0 -> 1
Cell (virus_2833151,host_329870): 0 -> 1
Cell (virus_2833151,host_124756): 0 -> 1
Cell (virus_2833151,host_196297): 0 -> 1
Cell (virus_2833151,host_328804): 0 -> 1
Cell (virus_2833151,host_1898389): 0 -> 1
Cell (virus_2833151,host_58067): 0 -> 1
Cell (virus_2833151,host_498220): 0 -> 1
Cell (virus_2833151,host_448084): 0 -> 1
Cell (virus_2833151,host_58071): 0 -> 1
Cell (virus_2833151,host_326083): 0 -> 1
Cell (virus_2833151,host_94956): 0 -> 1
Cell (virus_2833151,host_138695): 0 -> 1
Cell (virus_2833151,host_208969): 0 -> 1
Cell (virus_2833151,host_410852): 0 -> 1
Cell (virus_2833151,host_40228): 0 -> 1
Cell (virus_2833151,host_27638): 0 -> 1
Cell (virus_2833151,host_9423): 0 -> 1
Cell (virus_2833151,host_94961): 0 -> 1
Cell (virus_2833151,host_3042450): 0 -> 1
Cell (virus_2833151,host_9414): 0 -> 1
Cell (virus_2833151,host_1434095): 0 -> 1
Cell (virus_2833151,host_9433): 0 -> 1
Cell (virus_2833151,host_438766): 0 -> 1
Cell (virus_2833151,host_258934): 0 -> 1
Cell (virus_2833151,host_124751): 0 -> 1
Cell (virus_2833151,host_2218597): 0 -> 1
Cell (virus_2833151,host_999964): 0 -> 1
Cell (virus_2833151,host_249034): 0 -> 1
Cell (virus_2833151,host_61862): 0 -> 1
Cell (virus_2833151,host_258909): 0 -> 1
Cell (virus_2833151,host_29078): 0 -> 1
Cell (virus_2833151,host_109485): 0 -> 1
Cell (virus_2833151,host_867834): 0 -> 1
Cell (virus_2833151,host_258889): 0 -> 1
Cell (virus_2833151,host_2491053): 0 -> 1
Cell (virus_2833151,host_258944): 0 -> 1
Cell (virus_3433795,host_105295): 0 -> 1
Cell (virus_3433795,host_187011): 0 -> 1
Cell (virus_3433795,host_246814): 0 -> 1
Cell (virus_3433795,host_294653): 0 -> 1
Cell (virus_3433795,host_519446): 0 -> 1
Cell (virus_3433795,host_2528591): 0 -> 1
Cell (virus_3433795,host_187014): 0 -> 1
Cell (virus_3433795,host_59461): 0 -> 1
Cell (virus_3433795,host_98922): 0 -> 1
Cell (virus_3433795,host_138979): 0 -> 1
Cell (virus_3433795,host_155915): 0 -> 1
Cell (virus_3433795,host_258925): 0 -> 1
Cell (virus_3433795,host_175524): 0 -> 1
Cell (virus_3433795,host_186991): 0 -> 1
Cell (virus_3433795,host_334201): 0 -> 1
Cell (virus_3433795,host_337452): 0 -> 1
Cell (virus_3433795,host_178895): 0 -> 1
Cell (virus_3433795,host_76834): 0 -> 1
Cell (virus_3433795,host_430491): 0 -> 1
Cell (virus_3433795,host_476589): 0 -> 1
Cell (virus_3433795,host_188571): 0 -> 1
Cell (virus_3433795,host_249024): 0 -> 1
Cell (virus_3433795,host_2603865): 0 -> 1
Cell (virus_3433795,host_302408): 0 -> 1
Cell (virus_3433795,host_59478): 0 -> 1
Cell (virus_3433795,host_519037): 0 -> 1
Cell (virus_3433795,host_77218): 0 -> 1
Cell (virus_3433795,host_329870): 0 -> 1
Cell (virus_3433795,host_549403): 0 -> 1
Cell (virus_3433795,host_124756): 0 -> 1
Cell (virus_3433795,host_196297): 0 -> 1
Cell (virus_3433795,host_385575): 0 -> 1
Cell (virus_3433795,host_328804): 0 -> 1
Cell (virus_3433795,host_58067): 0 -> 1
Cell (virus_3433795,host_498220): 0 -> 1
Cell (virus_3433795,host_448084): 0 -> 1
Cell (virus_3433795,host_58071): 0 -> 1
Cell (virus_3433795,host_326083): 0 -> 1
Cell (virus_3433795,host_94956): 0 -> 1
Cell (virus_3433795,host_138695): 0 -> 1
Cell (virus_3433795,host_208969): 0 -> 1
Cell (virus_3433795,host_410852): 0 -> 1
Cell (virus_3433795,host_27634): 0 -> 1
Cell (virus_3433795,host_40228): 0 -> 1
Cell (virus_3433795,host_40224): 0 -> 1
Cell (virus_3433795,host_27638): 0 -> 1
Cell (virus_3433795,host_9423): 0 -> 1
Cell (virus_3433795,host_94961): 0 -> 1
Cell (virus_3433795,host_3042450): 0 -> 1
Cell (virus_3433795,host_9414): 0 -> 1
Cell (virus_3433795,host_1434095): 0 -> 1
Cell (virus_3433795,host_187007): 0 -> 1
Cell (virus_3433795,host_9433): 0 -> 1
Cell (virus_3433795,host_258934): 0 -> 1
Cell (virus_3433795,host_124751): 0 -> 1
Cell (virus_3433795,host_2218597): 0 -> 1
Cell (virus_3433795,host_999964): 0 -> 1
Cell (virus_3433795,host_249034): 0 -> 1
Cell (virus_3433795,host_249033): 0 -> 1
Cell (virus_3433795,host_61862): 0 -> 1
Cell (virus_3433795,host_258909): 0 -> 1
Cell (virus_3433795,host_29078): 0 -> 1
Cell (virus_3433795,host_109485): 0 -> 1
Cell (virus_3433795,host_867834): 0 -> 1
Cell (virus_3433795,host_143942): 0 -> 1
Cell (virus_3433795,host_2491053): 0 -> 1
Cell (virus_3433795,host_258944): 0 -> 1
Cell (virus_693998,host_105295): 0 -> 1
Cell (virus_693998,host_187011): 0 -> 1
Cell (virus_693998,host_246814): 0 -> 1
Cell (virus_693998,host_294653): 0 -> 1
Cell (virus_693998,host_519446): 0 -> 1
Cell (virus_693998,host_2528591): 0 -> 1
Cell (virus_693998,host_187014): 0 -> 1
Cell (virus_693998,host_59461): 0 -> 1
Cell (virus_693998,host_98922): 0 -> 1
Cell (virus_693998,host_138979): 0 -> 1
Cell (virus_693998,host_155915): 0 -> 1
Cell (virus_693998,host_258925): 0 -> 1
Cell (virus_693998,host_175524): 0 -> 1
Cell (virus_693998,host_186991): 0 -> 1
Cell (virus_693998,host_334201): 0 -> 1
Cell (virus_693998,host_337452): 0 -> 1
Cell (virus_693998,host_178895): 0 -> 1
Cell (virus_693998,host_76834): 0 -> 1
Cell (virus_693998,host_430491): 0 -> 1
Cell (virus_693998,host_476589): 0 -> 1
Cell (virus_693998,host_188571): 0 -> 1
Cell (virus_693998,host_249024): 0 -> 1
Cell (virus_693998,host_2603865): 0 -> 1
Cell (virus_693998,host_302408): 0 -> 1
Cell (virus_693998,host_59478): 0 -> 1
Cell (virus_693998,host_519037): 0 -> 1
Cell (virus_693998,host_77218): 0 -> 1
Cell (virus_693998,host_329870): 0 -> 1
Cell (virus_693998,host_549403): 0 -> 1
Cell (virus_693998,host_124756): 0 -> 1
Cell (virus_693998,host_196297): 0 -> 1
Cell (virus_693998,host_385575): 0 -> 1
Cell (virus_693998,host_328804): 0 -> 1
Cell (virus_693998,host_58067): 0 -> 1
Cell (virus_693998,host_498220): 0 -> 1
Cell (virus_693998,host_448084): 0 -> 1
Cell (virus_693998,host_58071): 0 -> 1
Cell (virus_693998,host_326083): 0 -> 1
Cell (virus_693998,host_94956): 0 -> 1
Cell (virus_693998,host_138695): 0 -> 1
Cell (virus_693998,host_208969): 0 -> 1
Cell (virus_693998,host_410852): 0 -> 1
Cell (virus_693998,host_27634): 0 -> 1
Cell (virus_693998,host_40228): 0 -> 1
Cell (virus_693998,host_40224): 0 -> 1
Cell (virus_693998,host_27638): 0 -> 1
Cell (virus_693998,host_9423): 0 -> 1
Cell (virus_693998,host_94961): 0 -> 1
Cell (virus_693998,host_3042450): 0 -> 1
Cell (virus_693998,host_9414): 0 -> 1
Cell (virus_693998,host_1434095): 0 -> 1
Cell (virus_693998,host_187007): 0 -> 1
Cell (virus_693998,host_9433): 0 -> 1
Cell (virus_693998,host_258934): 0 -> 1
Cell (virus_693998,host_124751): 0 -> 1
Cell (virus_693998,host_2218597): 0 -> 1
Cell (virus_693998,host_999964): 0 -> 1
Cell (virus_693998,host_249034): 0 -> 1
Cell (virus_693998,host_249033): 0 -> 1
Cell (virus_693998,host_61862): 0 -> 1
Cell (virus_693998,host_258909): 0 -> 1
Cell (virus_693998,host_29078): 0 -> 1
Cell (virus_693998,host_109485): 0 -> 1
Cell (virus_693998,host_867834): 0 -> 1
Cell (virus_693998,host_143942): 0 -> 1
Cell (virus_693998,host_2491053): 0 -> 1
Cell (virus_693998,host_258944): 0 -> 1
Cell (virus_2913382,host_105295): 0 -> 1
Cell (virus_2913382,host_187011): 0 -> 1
Cell (virus_2913382,host_51300): 0 -> 1
Cell (virus_2913382,host_246814): 0 -> 1
Cell (virus_2913382,host_294653): 0 -> 1
Cell (virus_2913382,host_59473): 0 -> 1
Cell (virus_2913382,host_257882): 0 -> 1
Cell (virus_2913382,host_59463): 0 -> 1
Cell (virus_2913382,host_1633875): 0 -> 1
Cell (virus_2913382,host_2528591): 0 -> 1
Cell (virus_2913382,host_187014): 0 -> 1
Cell (virus_2913382,host_526407): 0 -> 1
Cell (virus_2913382,host_59461): 0 -> 1
Cell (virus_2913382,host_98922): 0 -> 1
Cell (virus_2913382,host_138979): 0 -> 1
Cell (virus_2913382,host_155915): 0 -> 1
Cell (virus_2913382,host_225400): 0 -> 1
Cell (virus_2913382,host_175524): 0 -> 1
Cell (virus_2913382,host_186991): 0 -> 1
Cell (virus_2913382,host_157961): 0 -> 1
Cell (virus_2913382,host_334201): 0 -> 1
Cell (virus_2913382,host_463808): 0 -> 1
Cell (virus_2913382,host_430491): 0 -> 1
Cell (virus_2913382,host_188571): 0 -> 1
Cell (virus_2913382,host_2603865): 0 -> 1
Cell (virus_2913382,host_519041): 0 -> 1
Cell (virus_2913382,host_302408): 0 -> 1
Cell (virus_2913382,host_59478): 0 -> 1
Cell (virus_2913382,host_342862): 0 -> 1
Cell (virus_2913382,host_519037): 0 -> 1
Cell (virus_2913382,host_77218): 0 -> 1
Cell (virus_2913382,host_329870): 0 -> 1
Cell (virus_2913382,host_549403): 0 -> 1
Cell (virus_2913382,host_124756): 0 -> 1
Cell (virus_2913382,host_196297): 0 -> 1
Cell (virus_2913382,host_328804): 0 -> 1
Cell (virus_2913382,host_9402): 0 -> 1
Cell (virus_2913382,host_2853157): 0 -> 1
Cell (virus_2913382,host_372077): 0 -> 1
Cell (virus_2913382,host_58063): 0 -> 1
Cell (virus_2913382,host_9400): 0 -> 1
Cell (virus_2913382,host_326083): 0 -> 1
Cell (virus_2913382,host_94956): 0 -> 1
Cell (virus_2913382,host_208969): 0 -> 1
Cell (virus_2913382,host_40233): 0 -> 1
Cell (virus_2913382,host_410852): 0 -> 1
Cell (virus_2913382,host_27634): 0 -> 1
Cell (virus_2913382,host_40228): 0 -> 1
Cell (virus_2913382,host_27638): 0 -> 1
Cell (virus_2913382,host_9423): 0 -> 1
Cell (virus_2913382,host_94961): 0 -> 1
Cell (virus_2913382,host_3042450): 0 -> 1
Cell (virus_2913382,host_9414): 0 -> 1
Cell (virus_2913382,host_1434095): 0 -> 1
Cell (virus_2913382,host_187007): 0 -> 1
Cell (virus_2913382,host_9433): 0 -> 1
Cell (virus_2913382,host_187008): 0 -> 1
Cell (virus_2913382,host_438766): 0 -> 1
Cell (virus_2913382,host_258934): 0 -> 1
Cell (virus_2913382,host_479723): 0 -> 1
Cell (virus_2913382,host_124751): 0 -> 1
Cell (virus_2913382,host_27622): 0 -> 1
Cell (virus_2913382,host_2218597): 0 -> 1
Cell (virus_2913382,host_999964): 0 -> 1
Cell (virus_2913382,host_61862): 0 -> 1
Cell (virus_2913382,host_3371021): 0 -> 1
Cell (virus_2913382,host_109485): 0 -> 1
Cell (virus_2913382,host_867834): 0 -> 1
Cell (virus_2913382,host_2491053): 0 -> 1
Cell (virus_2913382,host_110938): 0 -> 1
Cell (virus_2913382,host_258944): 0 -> 1
Cell (virus_3433766,host_109481): 0 -> 1
Cell (virus_3433766,host_412095): 0 -> 1
Cell (virus_3433766,host_2015597): 0 -> 1
Cell (virus_3433766,host_188569): 0 -> 1
Cell (virus_3433766,host_270698): 0 -> 1
Cell (virus_3433766,host_334201): 0 -> 1
Cell (virus_3433766,host_249020): 0 -> 1
Cell (virus_3433766,host_463808): 0 -> 1
Cell (virus_3433766,host_178895): 0 -> 1
Cell (virus_3433766,host_59477): 0 -> 1
Cell (virus_3433766,host_188571): 0 -> 1
Cell (virus_3433766,host_249024): 0 -> 1
Cell (virus_3433766,host_519041): 0 -> 1
Cell (virus_3433766,host_302408): 0 -> 1
Cell (virus_3433766,host_59478): 0 -> 1
Cell (virus_3433766,host_59479): 0 -> 1
Cell (virus_3433766,host_519037): 0 -> 1
Cell (virus_3433766,host_77218): 0 -> 1
Cell (virus_3433766,host_329870): 0 -> 1
Cell (virus_3433766,host_549403): 0 -> 1
Cell (virus_3433766,host_124756): 0 -> 1
Cell (virus_3433766,host_132908): 0 -> 1
Cell (virus_3433766,host_196297): 0 -> 1
Cell (virus_3433766,host_385575): 0 -> 1
Cell (virus_3433766,host_328804): 0 -> 1
Cell (virus_3433766,host_9403): 0 -> 1
Cell (virus_3433766,host_1410044): 0 -> 1
Cell (virus_3433766,host_58063): 0 -> 1
Cell (virus_3433766,host_1898386): 0 -> 1
Cell (virus_3433766,host_58060): 0 -> 1
Cell (virus_3433766,host_77233): 0 -> 1
Cell (virus_3433766,host_326083): 0 -> 1
Cell (virus_3433766,host_1381355): 0 -> 1
Cell (virus_3433766,host_187003): 0 -> 1
Cell (virus_3433766,host_118856): 0 -> 1
Cell (virus_3433766,host_94956): 0 -> 1
Cell (virus_3433766,host_410852): 0 -> 1
Cell (virus_3433766,host_40224): 0 -> 1
Cell (virus_3433766,host_40229): 0 -> 1
Cell (virus_3433766,host_27660): 0 -> 1
Cell (virus_3433766,host_27638): 0 -> 1
Cell (virus_3433766,host_89673): 0 -> 1
Cell (virus_3433766,host_9423): 0 -> 1
Cell (virus_3433766,host_148089): 0 -> 1
Cell (virus_3433766,host_94961): 0 -> 1
Cell (virus_3433766,host_3042450): 0 -> 1
Cell (virus_3433766,host_9414): 0 -> 1
Cell (virus_3433766,host_1434095): 0 -> 1
Cell (virus_3433766,host_221087): 0 -> 1
Cell (virus_3433766,host_9433): 0 -> 1
Cell (virus_3433766,host_479723): 0 -> 1
Cell (virus_3433766,host_124751): 0 -> 1
Cell (virus_3433766,host_27622): 0 -> 1
Cell (virus_3433766,host_2218597): 0 -> 1
Cell (virus_3433766,host_999964): 0 -> 1
Cell (virus_3433766,host_249034): 0 -> 1
Cell (virus_3433766,host_258953): 0 -> 1
Cell (virus_3433766,host_29078): 0 -> 1
Cell (virus_694014,host_109481): 0 -> 1
Cell (virus_694014,host_412095): 0 -> 1
Cell (virus_694014,host_2015597): 0 -> 1
Cell (virus_694014,host_188569): 0 -> 1
Cell (virus_694014,host_270698): 0 -> 1
Cell (virus_694014,host_334201): 0 -> 1
Cell (virus_694014,host_249020): 0 -> 1
Cell (virus_694014,host_463808): 0 -> 1
Cell (virus_694014,host_178895): 0 -> 1
Cell (virus_694014,host_59477): 0 -> 1
Cell (virus_694014,host_188571): 0 -> 1
Cell (virus_694014,host_249024): 0 -> 1
Cell (virus_694014,host_519041): 0 -> 1
Cell (virus_694014,host_302408): 0 -> 1
Cell (virus_694014,host_59478): 0 -> 1
Cell (virus_694014,host_59479): 0 -> 1
Cell (virus_694014,host_519037): 0 -> 1
Cell (virus_694014,host_77218): 0 -> 1
Cell (virus_694014,host_329870): 0 -> 1
Cell (virus_694014,host_549403): 0 -> 1
Cell (virus_694014,host_124756): 0 -> 1
Cell (virus_694014,host_132908): 0 -> 1
Cell (virus_694014,host_196297): 0 -> 1
Cell (virus_694014,host_385575): 0 -> 1
Cell (virus_694014,host_328804): 0 -> 1
Cell (virus_694014,host_9403): 0 -> 1
Cell (virus_694014,host_1410044): 0 -> 1
Cell (virus_694014,host_58063): 0 -> 1
Cell (virus_694014,host_1898386): 0 -> 1
Cell (virus_694014,host_58060): 0 -> 1
Cell (virus_694014,host_77233): 0 -> 1
Cell (virus_694014,host_326083): 0 -> 1
Cell (virus_694014,host_1381355): 0 -> 1
Cell (virus_694014,host_187003): 0 -> 1
Cell (virus_694014,host_118856): 0 -> 1
Cell (virus_694014,host_94956): 0 -> 1
Cell (virus_694014,host_410852): 0 -> 1
Cell (virus_694014,host_40224): 0 -> 1
Cell (virus_694014,host_40229): 0 -> 1
Cell (virus_694014,host_27660): 0 -> 1
Cell (virus_694014,host_27638): 0 -> 1
Cell (virus_694014,host_89673): 0 -> 1
Cell (virus_694014,host_9423): 0 -> 1
Cell (virus_694014,host_148089): 0 -> 1
Cell (virus_694014,host_94961): 0 -> 1
Cell (virus_694014,host_3042450): 0 -> 1
Cell (virus_694014,host_9414): 0 -> 1
Cell (virus_694014,host_1434095): 0 -> 1
Cell (virus_694014,host_221087): 0 -> 1
Cell (virus_694014,host_9433): 0 -> 1
Cell (virus_694014,host_479723): 0 -> 1
Cell (virus_694014,host_124751): 0 -> 1
Cell (virus_694014,host_27622): 0 -> 1
Cell (virus_694014,host_2218597): 0 -> 1
Cell (virus_694014,host_999964): 0 -> 1
Cell (virus_694014,host_249034): 0 -> 1
Cell (virus_694014,host_258953): 0 -> 1
Cell (virus_694014,host_29078): 0 -> 1
Cell (virus_2917966,host_187011): 0 -> 1
Cell (virus_2917966,host_1633875): 0 -> 1
Cell (virus_2917966,host_519446): 0 -> 1
Cell (virus_2917966,host_2528591): 0 -> 1
Cell (virus_2917966,host_51298): 0 -> 1
Cell (virus_2917966,host_59461): 0 -> 1
Cell (virus_2917966,host_258940): 0 -> 1
Cell (virus_2917966,host_385037): 0 -> 1
Cell (virus_2917966,host_2015597): 0 -> 1
Cell (virus_2917966,host_59453): 0 -> 1
Cell (virus_2917966,host_270698): 0 -> 1
Cell (virus_2917966,host_249020): 0 -> 1
Cell (virus_2917966,host_584995): 0 -> 1
Cell (virus_2917966,host_463808): 0 -> 1
Cell (virus_2917966,host_608659): 0 -> 1
Cell (virus_2917966,host_178895): 0 -> 1
Cell (virus_2917966,host_59477): 0 -> 1
Cell (virus_2917966,host_430491): 0 -> 1
Cell (virus_2917966,host_188571): 0 -> 1
Cell (virus_2917966,host_249024): 0 -> 1
Cell (virus_2917966,host_302408): 0 -> 1
Cell (virus_2917966,host_49443): 0 -> 1
Cell (virus_2917966,host_59478): 0 -> 1
Cell (virus_2917966,host_519037): 0 -> 1
Cell (virus_2917966,host_549403): 0 -> 1
Cell (virus_2917966,host_3371112): 0 -> 1
Cell (virus_2917966,host_124756): 0 -> 1
Cell (virus_2917966,host_385575): 0 -> 1
Cell (virus_2917966,host_328804): 0 -> 1
Cell (virus_2917966,host_58057): 0 -> 1
Cell (virus_2917966,host_1898389): 0 -> 1
Cell (virus_2917966,host_2853157): 0 -> 1
Cell (virus_2917966,host_58063): 0 -> 1
Cell (virus_2917966,host_1898386): 0 -> 1
Cell (virus_2917966,host_374419): 0 -> 1
Cell (virus_2917966,host_326151): 0 -> 1
Cell (virus_2917966,host_1381355): 0 -> 1
Cell (virus_2917966,host_907075): 0 -> 1
Cell (virus_2917966,host_94956): 0 -> 1
Cell (virus_2917966,host_40233): 0 -> 1
Cell (virus_2917966,host_410852): 0 -> 1
Cell (virus_2917966,host_27634): 0 -> 1
Cell (virus_2917966,host_40229): 0 -> 1
Cell (virus_2917966,host_192403): 0 -> 1
Cell (virus_2917966,host_196700): 0 -> 1
Cell (virus_2917966,host_27638): 0 -> 1
Cell (virus_2917966,host_9423): 0 -> 1
Cell (virus_2917966,host_148061): 0 -> 1
Cell (virus_2917966,host_94961): 0 -> 1
Cell (virus_2917966,host_3042450): 0 -> 1
Cell (virus_2917966,host_3371013): 0 -> 1
Cell (virus_2917966,host_9414): 0 -> 1
Cell (virus_2917966,host_1434095): 0 -> 1
Cell (virus_2917966,host_9433): 0 -> 1
Cell (virus_2917966,host_438766): 0 -> 1
Cell (virus_2917966,host_258934): 0 -> 1
Cell (virus_2917966,host_2218597): 0 -> 1
Cell (virus_2917966,host_9438): 0 -> 1
Cell (virus_2917966,host_153297): 0 -> 1
Cell (virus_2917966,host_258953): 0 -> 1
Cell (virus_2917966,host_3371014): 0 -> 1
Cell (virus_2917966,host_3371021): 0 -> 1
Cell (virus_2917966,host_109485): 0 -> 1
Cell (virus_2917966,host_59474): 0 -> 1
Cell (virus_3158245,host_246814): 0 -> 1
Cell (virus_3158245,host_294653): 0 -> 1
Cell (virus_3158245,host_3380546): 0 -> 1
Cell (virus_3158245,host_160974): 0 -> 1
Cell (virus_3158245,host_1633875): 0 -> 1
Cell (virus_3158245,host_109482): 0 -> 1
Cell (virus_3158245,host_412095): 0 -> 1
Cell (virus_3158245,host_203696): 0 -> 1
Cell (virus_3158245,host_452653): 0 -> 1
Cell (virus_3158245,host_138979): 0 -> 1
Cell (virus_3158245,host_155915): 0 -> 1
Cell (virus_3158245,host_155035): 0 -> 1
Cell (virus_3158245,host_2015597): 0 -> 1
Cell (virus_3158245,host_258925): 0 -> 1
Cell (virus_3158245,host_270698): 0 -> 1
Cell (virus_3158245,host_584995): 0 -> 1
Cell (virus_3158245,host_463808): 0 -> 1
Cell (virus_3158245,host_608659): 0 -> 1
Cell (virus_3158245,host_430491): 0 -> 1
Cell (virus_3158245,host_89399): 0 -> 1
Cell (virus_3158245,host_188571): 0 -> 1
Cell (virus_3158245,host_249024): 0 -> 1
Cell (virus_3158245,host_302408): 0 -> 1
Cell (virus_3158245,host_49443): 0 -> 1
Cell (virus_3158245,host_59478): 0 -> 1
Cell (virus_3158245,host_519037): 0 -> 1
Cell (virus_3158245,host_77218): 0 -> 1
Cell (virus_3158245,host_3371112): 0 -> 1
Cell (virus_3158245,host_132908): 0 -> 1
Cell (virus_3158245,host_328804): 0 -> 1
Cell (virus_3158245,host_9403): 0 -> 1
Cell (virus_3158245,host_2853157): 0 -> 1
Cell (virus_3158245,host_58063): 0 -> 1
Cell (virus_3158245,host_58060): 0 -> 1
Cell (virus_3158245,host_9400): 0 -> 1
Cell (virus_3158245,host_374419): 0 -> 1
Cell (virus_3158245,host_94956): 0 -> 1
Cell (virus_3158245,host_1884717): 0 -> 1
Cell (virus_3158245,host_148094): 0 -> 1
Cell (virus_3158245,host_410852): 0 -> 1
Cell (virus_3158245,host_27634): 0 -> 1
Cell (virus_3158245,host_27660): 0 -> 1
Cell (virus_3158245,host_148089): 0 -> 1
Cell (virus_3158245,host_94961): 0 -> 1
Cell (virus_3158245,host_3042450): 0 -> 1
Cell (virus_3158245,host_1434095): 0 -> 1
Cell (virus_3158245,host_9433): 0 -> 1
Cell (virus_3158245,host_438766): 0 -> 1
Cell (virus_3158245,host_258934): 0 -> 1
Cell (virus_3158245,host_2218597): 0 -> 1
Cell (virus_3158245,host_999964): 0 -> 1
Cell (virus_3158245,host_258953): 0 -> 1
Cell (virus_3158245,host_258909): 0 -> 1
Cell (virus_3158245,host_3371016): 0 -> 1
Cell (virus_3158245,host_3371021): 0 -> 1
Cell (virus_3158245,host_109485): 0 -> 1
Cell (virus_3158245,host_867834): 0 -> 1
Cell (virus_3158245,host_2491053): 0 -> 1
Cell (virus_3158245,host_258944): 0 -> 1
Cell (virus_693999,host_246814): 0 -> 1
Cell (virus_693999,host_294653): 0 -> 1
Cell (virus_693999,host_3380546): 0 -> 1
Cell (virus_693999,host_160974): 0 -> 1
Cell (virus_693999,host_1633875): 0 -> 1
Cell (virus_693999,host_109482): 0 -> 1
Cell (virus_693999,host_412095): 0 -> 1
Cell (virus_693999,host_203696): 0 -> 1
Cell (virus_693999,host_452653): 0 -> 1
Cell (virus_693999,host_138979): 0 -> 1
Cell (virus_693999,host_155915): 0 -> 1
Cell (virus_693999,host_155035): 0 -> 1
Cell (virus_693999,host_2015597): 0 -> 1
Cell (virus_693999,host_258925): 0 -> 1
Cell (virus_693999,host_270698): 0 -> 1
Cell (virus_693999,host_584995): 0 -> 1
Cell (virus_693999,host_463808): 0 -> 1
Cell (virus_693999,host_608659): 0 -> 1
Cell (virus_693999,host_430491): 0 -> 1
Cell (virus_693999,host_89399): 0 -> 1
Cell (virus_693999,host_188571): 0 -> 1
Cell (virus_693999,host_249024): 0 -> 1
Cell (virus_693999,host_302408): 0 -> 1
Cell (virus_693999,host_49443): 0 -> 1
Cell (virus_693999,host_59478): 0 -> 1
Cell (virus_693999,host_519037): 0 -> 1
Cell (virus_693999,host_77218): 0 -> 1
Cell (virus_693999,host_3371112): 0 -> 1
Cell (virus_693999,host_132908): 0 -> 1
Cell (virus_693999,host_328804): 0 -> 1
Cell (virus_693999,host_9403): 0 -> 1
Cell (virus_693999,host_2853157): 0 -> 1
Cell (virus_693999,host_58063): 0 -> 1
Cell (virus_693999,host_58060): 0 -> 1
Cell (virus_693999,host_9400): 0 -> 1
Cell (virus_693999,host_374419): 0 -> 1
Cell (virus_693999,host_94956): 0 -> 1
Cell (virus_693999,host_1884717): 0 -> 1
Cell (virus_693999,host_148094): 0 -> 1
Cell (virus_693999,host_410852): 0 -> 1
Cell (virus_693999,host_27634): 0 -> 1
Cell (virus_693999,host_27660): 0 -> 1
Cell (virus_693999,host_148089): 0 -> 1
Cell (virus_693999,host_94961): 0 -> 1
Cell (virus_693999,host_3042450): 0 -> 1
Cell (virus_693999,host_1434095): 0 -> 1
Cell (virus_693999,host_9433): 0 -> 1
Cell (virus_693999,host_438766): 0 -> 1
Cell (virus_693999,host_258934): 0 -> 1
Cell (virus_693999,host_2218597): 0 -> 1
Cell (virus_693999,host_999964): 0 -> 1
Cell (virus_693999,host_258953): 0 -> 1
Cell (virus_693999,host_258909): 0 -> 1
Cell (virus_693999,host_3371016): 0 -> 1
Cell (virus_693999,host_3371021): 0 -> 1
Cell (virus_693999,host_109485): 0 -> 1
Cell (virus_693999,host_867834): 0 -> 1
Cell (virus_693999,host_2491053): 0 -> 1
Cell (virus_693999,host_258944): 0 -> 1
Cell (virus_3418615,host_105295): 0 -> 1
Cell (virus_3418615,host_246814): 0 -> 1
Cell (virus_3418615,host_294653): 0 -> 1
Cell (virus_3418615,host_59463): 0 -> 1
Cell (virus_3418615,host_160974): 0 -> 1
Cell (virus_3418615,host_1633875): 0 -> 1
Cell (virus_3418615,host_2528591): 0 -> 1
Cell (virus_3418615,host_203696): 0 -> 1
Cell (virus_3418615,host_452653): 0 -> 1
Cell (virus_3418615,host_138979): 0 -> 1
Cell (virus_3418615,host_155915): 0 -> 1
Cell (virus_3418615,host_258925): 0 -> 1
Cell (virus_3418615,host_270698): 0 -> 1
Cell (virus_3418615,host_463808): 0 -> 1
Cell (virus_3418615,host_608659): 0 -> 1
Cell (virus_3418615,host_430491): 0 -> 1
Cell (virus_3418615,host_188571): 0 -> 1
Cell (virus_3418615,host_249024): 0 -> 1
Cell (virus_3418615,host_519041): 0 -> 1
Cell (virus_3418615,host_302408): 0 -> 1
Cell (virus_3418615,host_59478): 0 -> 1
Cell (virus_3418615,host_519037): 0 -> 1
Cell (virus_3418615,host_77218): 0 -> 1
Cell (virus_3418615,host_3371112): 0 -> 1
Cell (virus_3418615,host_124756): 0 -> 1
Cell (virus_3418615,host_132908): 0 -> 1
Cell (virus_3418615,host_328804): 0 -> 1
Cell (virus_3418615,host_1410044): 0 -> 1
Cell (virus_3418615,host_1898389): 0 -> 1
Cell (virus_3418615,host_2853157): 0 -> 1
Cell (virus_3418615,host_58067): 0 -> 1
Cell (virus_3418615,host_448084): 0 -> 1
Cell (virus_3418615,host_58071): 0 -> 1
Cell (virus_3418615,host_58073): 0 -> 1
Cell (virus_3418615,host_1898393): 0 -> 1
Cell (virus_3418615,host_58063): 0 -> 1
Cell (virus_3418615,host_77214): 0 -> 1
Cell (virus_3418615,host_58060): 0 -> 1
Cell (virus_3418615,host_9400): 0 -> 1
Cell (virus_3418615,host_326151): 0 -> 1
Cell (virus_3418615,host_326083): 0 -> 1
Cell (virus_3418615,host_1381355): 0 -> 1
Cell (virus_3418615,host_907075): 0 -> 1
Cell (virus_3418615,host_94956): 0 -> 1
Cell (virus_3418615,host_1884717): 0 -> 1
Cell (virus_3418615,host_138695): 0 -> 1
Cell (virus_3418615,host_410852): 0 -> 1
Cell (virus_3418615,host_574064): 0 -> 1
Cell (virus_3418615,host_27634): 0 -> 1
Cell (virus_3418615,host_40229): 0 -> 1
Cell (virus_3418615,host_192403): 0 -> 1
Cell (virus_3418615,host_27660): 0 -> 1
Cell (virus_3418615,host_27638): 0 -> 1
Cell (virus_3418615,host_409031): 0 -> 1
Cell (virus_3418615,host_9423): 0 -> 1
Cell (virus_3418615,host_148061): 0 -> 1
Cell (virus_3418615,host_148089): 0 -> 1
Cell (virus_3418615,host_9430): 0 -> 1
Cell (virus_3418615,host_94961): 0 -> 1
Cell (virus_3418615,host_3042450): 0 -> 1
Cell (virus_3418615,host_1434095): 0 -> 1
Cell (virus_3418615,host_221086): 0 -> 1
Cell (virus_3418615,host_9433): 0 -> 1
Cell (virus_3418615,host_258934): 0 -> 1
Cell (virus_3418615,host_2218597): 0 -> 1
Cell (virus_3418615,host_242384): 0 -> 1
Cell (virus_3418615,host_999964): 0 -> 1
Cell (virus_3418615,host_249033): 0 -> 1
Cell (virus_3418615,host_258909): 0 -> 1
Cell (virus_3418615,host_2969767): 0 -> 1
Cell (virus_3418615,host_3371021): 0 -> 1
Cell (virus_3418615,host_109485): 0 -> 1
Cell (virus_3418615,host_59474): 0 -> 1
Cell (virus_3418615,host_867834): 0 -> 1
Cell (virus_3418615,host_2491053): 0 -> 1
Cell (virus_3418615,host_258944): 0 -> 1
Cell (virus_3418615,host_258959): 0 -> 1
Cell (virus_694006,host_105295): 0 -> 1
Cell (virus_694006,host_246814): 0 -> 1
Cell (virus_694006,host_294653): 0 -> 1
Cell (virus_694006,host_59463): 0 -> 1
Cell (virus_694006,host_160974): 0 -> 1
Cell (virus_694006,host_1633875): 0 -> 1
Cell (virus_694006,host_2528591): 0 -> 1
Cell (virus_694006,host_203696): 0 -> 1
Cell (virus_694006,host_452653): 0 -> 1
Cell (virus_694006,host_138979): 0 -> 1
Cell (virus_694006,host_155915): 0 -> 1
Cell (virus_694006,host_258925): 0 -> 1
Cell (virus_694006,host_270698): 0 -> 1
Cell (virus_694006,host_463808): 0 -> 1
Cell (virus_694006,host_608659): 0 -> 1
Cell (virus_694006,host_430491): 0 -> 1
Cell (virus_694006,host_188571): 0 -> 1
Cell (virus_694006,host_249024): 0 -> 1
Cell (virus_694006,host_519041): 0 -> 1
Cell (virus_694006,host_302408): 0 -> 1
Cell (virus_694006,host_59478): 0 -> 1
Cell (virus_694006,host_519037): 0 -> 1
Cell (virus_694006,host_77218): 0 -> 1
Cell (virus_694006,host_3371112): 0 -> 1
Cell (virus_694006,host_124756): 0 -> 1
Cell (virus_694006,host_132908): 0 -> 1
Cell (virus_694006,host_328804): 0 -> 1
Cell (virus_694006,host_1410044): 0 -> 1
Cell (virus_694006,host_1898389): 0 -> 1
Cell (virus_694006,host_2853157): 0 -> 1
Cell (virus_694006,host_58067): 0 -> 1
Cell (virus_694006,host_448084): 0 -> 1
Cell (virus_694006,host_58071): 0 -> 1
Cell (virus_694006,host_58073): 0 -> 1
Cell (virus_694006,host_1898393): 0 -> 1
Cell (virus_694006,host_58063): 0 -> 1
Cell (virus_694006,host_77214): 0 -> 1
Cell (virus_694006,host_58060): 0 -> 1
Cell (virus_694006,host_9400): 0 -> 1
Cell (virus_694006,host_326151): 0 -> 1
Cell (virus_694006,host_326083): 0 -> 1
Cell (virus_694006,host_1381355): 0 -> 1
Cell (virus_694006,host_907075): 0 -> 1
Cell (virus_694006,host_94956): 0 -> 1
Cell (virus_694006,host_1884717): 0 -> 1
Cell (virus_694006,host_138695): 0 -> 1
Cell (virus_694006,host_410852): 0 -> 1
Cell (virus_694006,host_574064): 0 -> 1
Cell (virus_694006,host_27634): 0 -> 1
Cell (virus_694006,host_40229): 0 -> 1
Cell (virus_694006,host_192403): 0 -> 1
Cell (virus_694006,host_27660): 0 -> 1
Cell (virus_694006,host_27638): 0 -> 1
Cell (virus_694006,host_409031): 0 -> 1
Cell (virus_694006,host_9423): 0 -> 1
Cell (virus_694006,host_148061): 0 -> 1
Cell (virus_694006,host_148089): 0 -> 1
Cell (virus_694006,host_9430): 0 -> 1
Cell (virus_694006,host_94961): 0 -> 1
Cell (virus_694006,host_3042450): 0 -> 1
Cell (virus_694006,host_1434095): 0 -> 1
Cell (virus_694006,host_221086): 0 -> 1
Cell (virus_694006,host_9433): 0 -> 1
Cell (virus_694006,host_258934): 0 -> 1
Cell (virus_694006,host_2218597): 0 -> 1
Cell (virus_694006,host_242384): 0 -> 1
Cell (virus_694006,host_999964): 0 -> 1
Cell (virus_694006,host_249033): 0 -> 1
Cell (virus_694006,host_258909): 0 -> 1
Cell (virus_694006,host_2969767): 0 -> 1
Cell (virus_694006,host_3371021): 0 -> 1
Cell (virus_694006,host_109485): 0 -> 1
Cell (virus_694006,host_59474): 0 -> 1
Cell (virus_694006,host_867834): 0 -> 1
Cell (virus_694006,host_2491053): 0 -> 1
Cell (virus_694006,host_258944): 0 -> 1
Cell (virus_694006,host_258959): 0 -> 1
Cell (virus_3433776,host_105295): 0 -> 1
Cell (virus_3433776,host_51300): 0 -> 1
Cell (virus_3433776,host_246814): 0 -> 1
Cell (virus_3433776,host_294653): 0 -> 1
Cell (virus_3433776,host_257882): 0 -> 1
Cell (virus_3433776,host_59461): 0 -> 1
Cell (virus_3433776,host_203696): 0 -> 1
Cell (virus_3433776,host_138979): 0 -> 1
Cell (virus_3433776,host_155915): 0 -> 1
Cell (virus_3433776,host_2015597): 0 -> 1
Cell (virus_3433776,host_258925): 0 -> 1
Cell (virus_3433776,host_157961): 0 -> 1
Cell (virus_3433776,host_584995): 0 -> 1
Cell (virus_3433776,host_463808): 0 -> 1
Cell (virus_3433776,host_608659): 0 -> 1
Cell (virus_3433776,host_178895): 0 -> 1
Cell (virus_3433776,host_430491): 0 -> 1
Cell (virus_3433776,host_188571): 0 -> 1
Cell (virus_3433776,host_249024): 0 -> 1
Cell (virus_3433776,host_302408): 0 -> 1
Cell (virus_3433776,host_59478): 0 -> 1
Cell (virus_3433776,host_519037): 0 -> 1
Cell (virus_3433776,host_430492): 0 -> 1
Cell (virus_3433776,host_77218): 0 -> 1
Cell (virus_3433776,host_329870): 0 -> 1
Cell (virus_3433776,host_3371112): 0 -> 1
Cell (virus_3433776,host_132908): 0 -> 1
Cell (virus_3433776,host_166054): 0 -> 1
Cell (virus_3433776,host_328804): 0 -> 1
Cell (virus_3433776,host_1898389): 0 -> 1
Cell (virus_3433776,host_77231): 0 -> 1
Cell (virus_3433776,host_2853157): 0 -> 1
Cell (virus_3433776,host_58067): 0 -> 1
Cell (virus_3433776,host_448084): 0 -> 1
Cell (virus_3433776,host_58071): 0 -> 1
Cell (virus_3433776,host_58073): 0 -> 1
Cell (virus_3433776,host_1898393): 0 -> 1
Cell (virus_3433776,host_58063): 0 -> 1
Cell (virus_3433776,host_58060): 0 -> 1
Cell (virus_3433776,host_9400): 0 -> 1
Cell (virus_3433776,host_374419): 0 -> 1
Cell (virus_3433776,host_326151): 0 -> 1
Cell (virus_3433776,host_326083): 0 -> 1
Cell (virus_3433776,host_1381355): 0 -> 1
Cell (virus_3433776,host_94956): 0 -> 1
Cell (virus_3433776,host_1884717): 0 -> 1
Cell (virus_3433776,host_410852): 0 -> 1
Cell (virus_3433776,host_27634): 0 -> 1
Cell (virus_3433776,host_192403): 0 -> 1
Cell (virus_3433776,host_27638): 0 -> 1
Cell (virus_3433776,host_89673): 0 -> 1
Cell (virus_3433776,host_9423): 0 -> 1
Cell (virus_3433776,host_148061): 0 -> 1
Cell (virus_3433776,host_148089): 0 -> 1
Cell (virus_3433776,host_9430): 0 -> 1
Cell (virus_3433776,host_94961): 0 -> 1
Cell (virus_3433776,host_3042450): 0 -> 1
Cell (virus_3433776,host_9414): 0 -> 1
Cell (virus_3433776,host_1434095): 0 -> 1
Cell (virus_3433776,host_187007): 0 -> 1
Cell (virus_3433776,host_9433): 0 -> 1
Cell (virus_3433776,host_187008): 0 -> 1
Cell (virus_3433776,host_258934): 0 -> 1
Cell (virus_3433776,host_3370289): 0 -> 1
Cell (virus_3433776,host_999964): 0 -> 1
Cell (virus_3433776,host_258953): 0 -> 1
Cell (virus_3433776,host_249033): 0 -> 1
Cell (virus_3433776,host_258909): 0 -> 1
Cell (virus_3433776,host_2969767): 0 -> 1
Cell (virus_3433776,host_3371021): 0 -> 1
Cell (virus_3433776,host_109485): 0 -> 1
Cell (virus_3433776,host_867834): 0 -> 1
Cell (virus_3433776,host_143942): 0 -> 1
Cell (virus_3433776,host_2491053): 0 -> 1
Cell (virus_3433776,host_258944): 0 -> 1
Cell (virus_3433776,host_258959): 0 -> 1
Cell (virus_694007,host_105295): 0 -> 1
Cell (virus_694007,host_51300): 0 -> 1
Cell (virus_694007,host_246814): 0 -> 1
Cell (virus_694007,host_294653): 0 -> 1
Cell (virus_694007,host_257882): 0 -> 1
Cell (virus_694007,host_59461): 0 -> 1
Cell (virus_694007,host_203696): 0 -> 1
Cell (virus_694007,host_138979): 0 -> 1
Cell (virus_694007,host_155915): 0 -> 1
Cell (virus_694007,host_2015597): 0 -> 1
Cell (virus_694007,host_258925): 0 -> 1
Cell (virus_694007,host_157961): 0 -> 1
Cell (virus_694007,host_584995): 0 -> 1
Cell (virus_694007,host_463808): 0 -> 1
Cell (virus_694007,host_608659): 0 -> 1
Cell (virus_694007,host_178895): 0 -> 1
Cell (virus_694007,host_430491): 0 -> 1
Cell (virus_694007,host_188571): 0 -> 1
Cell (virus_694007,host_249024): 0 -> 1
Cell (virus_694007,host_302408): 0 -> 1
Cell (virus_694007,host_59478): 0 -> 1
Cell (virus_694007,host_519037): 0 -> 1
Cell (virus_694007,host_430492): 0 -> 1
Cell (virus_694007,host_77218): 0 -> 1
Cell (virus_694007,host_329870): 0 -> 1
Cell (virus_694007,host_3371112): 0 -> 1
Cell (virus_694007,host_132908): 0 -> 1
Cell (virus_694007,host_166054): 0 -> 1
Cell (virus_694007,host_328804): 0 -> 1
Cell (virus_694007,host_1898389): 0 -> 1
Cell (virus_694007,host_77231): 0 -> 1
Cell (virus_694007,host_2853157): 0 -> 1
Cell (virus_694007,host_58067): 0 -> 1
Cell (virus_694007,host_448084): 0 -> 1
Cell (virus_694007,host_58071): 0 -> 1
Cell (virus_694007,host_58073): 0 -> 1
Cell (virus_694007,host_1898393): 0 -> 1
Cell (virus_694007,host_58063): 0 -> 1
Cell (virus_694007,host_58060): 0 -> 1
Cell (virus_694007,host_9400): 0 -> 1
Cell (virus_694007,host_374419): 0 -> 1
Cell (virus_694007,host_326151): 0 -> 1
Cell (virus_694007,host_326083): 0 -> 1
Cell (virus_694007,host_1381355): 0 -> 1
Cell (virus_694007,host_94956): 0 -> 1
Cell (virus_694007,host_1884717): 0 -> 1
Cell (virus_694007,host_410852): 0 -> 1
Cell (virus_694007,host_27634): 0 -> 1
Cell (virus_694007,host_192403): 0 -> 1
Cell (virus_694007,host_27638): 0 -> 1
Cell (virus_694007,host_89673): 0 -> 1
Cell (virus_694007,host_9423): 0 -> 1
Cell (virus_694007,host_148061): 0 -> 1
Cell (virus_694007,host_148089): 0 -> 1
Cell (virus_694007,host_9430): 0 -> 1
Cell (virus_694007,host_94961): 0 -> 1
Cell (virus_694007,host_3042450): 0 -> 1
Cell (virus_694007,host_9414): 0 -> 1
Cell (virus_694007,host_1434095): 0 -> 1
Cell (virus_694007,host_187007): 0 -> 1
Cell (virus_694007,host_9433): 0 -> 1
Cell (virus_694007,host_187008): 0 -> 1
Cell (virus_694007,host_258934): 0 -> 1
Cell (virus_694007,host_3370289): 0 -> 1
Cell (virus_694007,host_999964): 0 -> 1
Cell (virus_694007,host_258953): 0 -> 1
Cell (virus_694007,host_249033): 0 -> 1
Cell (virus_694007,host_258909): 0 -> 1
Cell (virus_694007,host_2969767): 0 -> 1
Cell (virus_694007,host_3371021): 0 -> 1
Cell (virus_694007,host_109485): 0 -> 1
Cell (virus_694007,host_867834): 0 -> 1
Cell (virus_694007,host_143942): 0 -> 1
Cell (virus_694007,host_2491053): 0 -> 1
Cell (virus_694007,host_258944): 0 -> 1
Cell (virus_694007,host_258959): 0 -> 1
Cell (virus_1881051,host_1381355): 0 -> 1
Cell (virus_1881051,host_94956): 0 -> 1
Cell (virus_1881051,host_27663): 0 -> 1
Cell (virus_1881051,host_410852): 0 -> 1
Cell (virus_1881051,host_574064): 0 -> 1
Cell (virus_1881051,host_27634): 0 -> 1
Cell (virus_1881051,host_9417): 0 -> 1
Cell (virus_1881051,host_40224): 0 -> 1
Cell (virus_1881051,host_40229): 0 -> 1
Cell (virus_1881051,host_27660): 0 -> 1
Cell (virus_1881051,host_27638): 0 -> 1
Cell (virus_1881051,host_9423): 0 -> 1
Cell (virus_1881051,host_148089): 0 -> 1
Cell (virus_1881051,host_94961): 0 -> 1
Cell (virus_1881051,host_3042450): 0 -> 1
Cell (virus_1881051,host_9414): 0 -> 1
Cell (virus_1881051,host_1434095): 0 -> 1
Cell (virus_1881051,host_221086): 0 -> 1
Cell (virus_1881051,host_221087): 0 -> 1
Cell (virus_1881051,host_9433): 0 -> 1
Cell (virus_1881051,host_187008): 0 -> 1
Cell (virus_1881051,host_258934): 0 -> 1
Cell (virus_1881051,host_452595): 0 -> 1
Cell (virus_1881051,host_999964): 0 -> 1
Cell (virus_1881051,host_153297): 0 -> 1
Cell (virus_1881051,host_258952): 0 -> 1
Cell (virus_1881051,host_258953): 0 -> 1
Cell (virus_2913387,host_1381355): 0 -> 1
Cell (virus_2913387,host_94956): 0 -> 1
Cell (virus_2913387,host_208969): 0 -> 1
Cell (virus_2913387,host_27663): 0 -> 1
Cell (virus_2913387,host_410852): 0 -> 1
Cell (virus_2913387,host_574064): 0 -> 1
Cell (virus_2913387,host_27634): 0 -> 1
Cell (virus_2913387,host_9417): 0 -> 1
Cell (virus_2913387,host_40224): 0 -> 1
Cell (virus_2913387,host_40229): 0 -> 1
Cell (virus_2913387,host_27660): 0 -> 1
Cell (virus_2913387,host_27638): 0 -> 1
Cell (virus_2913387,host_9423): 0 -> 1
Cell (virus_2913387,host_148089): 0 -> 1
Cell (virus_2913387,host_94961): 0 -> 1
Cell (virus_2913387,host_3042450): 0 -> 1
Cell (virus_2913387,host_9414): 0 -> 1
Cell (virus_2913387,host_1434095): 0 -> 1
Cell (virus_2913387,host_221086): 0 -> 1
Cell (virus_2913387,host_221087): 0 -> 1
Cell (virus_2913387,host_9433): 0 -> 1
Cell (virus_2913387,host_258934): 0 -> 1
Cell (virus_2913387,host_452595): 0 -> 1
Cell (virus_2913387,host_999964): 0 -> 1
Cell (virus_2913387,host_153297): 0 -> 1
Cell (virus_2913387,host_258952): 0 -> 1
Cell (virus_2913387,host_258953): 0 -> 1
Cell (virus_2691592,host_187011): 0 -> 1
Cell (virus_2691592,host_109480): 0 -> 1
Cell (virus_2691592,host_157961): 0 -> 1
Cell (virus_2691592,host_77231): 0 -> 1
Cell (virus_2691592,host_1381355): 0 -> 1
Cell (virus_2691592,host_410852): 0 -> 1
Cell (virus_2691592,host_27634): 0 -> 1
Cell (virus_2691592,host_40228): 0 -> 1
Cell (virus_2691592,host_9417): 0 -> 1
Cell (virus_2691592,host_27638): 0 -> 1
Cell (virus_2691592,host_27642): 0 -> 1
Cell (virus_2691592,host_89673): 0 -> 1
Cell (virus_2691592,host_9423): 0 -> 1
Cell (virus_2691592,host_148061): 0 -> 1
Cell (virus_2691592,host_148089): 0 -> 1
Cell (virus_2691592,host_94961): 0 -> 1
Cell (virus_2691592,host_3042450): 0 -> 1
Cell (virus_2691592,host_9414): 0 -> 1
Cell (virus_2691592,host_1434095): 0 -> 1
Cell (virus_2691592,host_221086): 0 -> 1
Cell (virus_2691592,host_291302): 0 -> 1
Cell (virus_2691592,host_9433): 0 -> 1
Cell (virus_2691592,host_258934): 0 -> 1
Cell (virus_2691592,host_999964): 0 -> 1
Cell (virus_2691592,host_258952): 0 -> 1
Cell (virus_2691592,host_258953): 0 -> 1
Cell (virus_28295,host_2015597): 0 -> 1
Cell (virus_28295,host_1898389): 0 -> 1
Cell (virus_28295,host_1381355): 0 -> 1
Cell (virus_28295,host_907075): 0 -> 1
Cell (virus_28295,host_94956): 0 -> 1
Cell (virus_28295,host_40233): 0 -> 1
Cell (virus_28295,host_410852): 0 -> 1
Cell (virus_28295,host_27634): 0 -> 1
Cell (virus_28295,host_9417): 0 -> 1
Cell (virus_28295,host_27660): 0 -> 1
Cell (virus_28295,host_27638): 0 -> 1
Cell (virus_28295,host_9423): 0 -> 1
Cell (virus_28295,host_148061): 0 -> 1
Cell (virus_28295,host_148089): 0 -> 1
Cell (virus_28295,host_94961): 0 -> 1
Cell (virus_28295,host_3042450): 0 -> 1
Cell (virus_28295,host_9414): 0 -> 1
Cell (virus_28295,host_1434095): 0 -> 1
Cell (virus_28295,host_221086): 0 -> 1
Cell (virus_28295,host_221087): 0 -> 1
Cell (virus_28295,host_9433): 0 -> 1
Cell (virus_28295,host_187008): 0 -> 1
Cell (virus_28295,host_258934): 0 -> 1
Cell (virus_28295,host_3370289): 0 -> 1
Cell (virus_28295,host_999964): 0 -> 1
Cell (virus_28295,host_258952): 0 -> 1
Cell (virus_28295,host_258953): 0 -> 1
Cell (virus_3433789,host_2015597): 0 -> 1
Cell (virus_3433789,host_1898389): 0 -> 1
Cell (virus_3433789,host_1381355): 0 -> 1
Cell (virus_3433789,host_907075): 0 -> 1
Cell (virus_3433789,host_94956): 0 -> 1
Cell (virus_3433789,host_40233): 0 -> 1
Cell (virus_3433789,host_410852): 0 -> 1
Cell (virus_3433789,host_27634): 0 -> 1
Cell (virus_3433789,host_9417): 0 -> 1
Cell (virus_3433789,host_27660): 0 -> 1
Cell (virus_3433789,host_27638): 0 -> 1
Cell (virus_3433789,host_9423): 0 -> 1
Cell (virus_3433789,host_148061): 0 -> 1
Cell (virus_3433789,host_148089): 0 -> 1
Cell (virus_3433789,host_94961): 0 -> 1
Cell (virus_3433789,host_3042450): 0 -> 1
Cell (virus_3433789,host_9414): 0 -> 1
Cell (virus_3433789,host_1434095): 0 -> 1
Cell (virus_3433789,host_221086): 0 -> 1
Cell (virus_3433789,host_221087): 0 -> 1
Cell (virus_3433789,host_9433): 0 -> 1
Cell (virus_3433789,host_187008): 0 -> 1
Cell (virus_3433789,host_258934): 0 -> 1
Cell (virus_3433789,host_3370289): 0 -> 1
Cell (virus_3433789,host_999964): 0 -> 1
Cell (virus_3433789,host_258952): 0 -> 1
Cell (virus_3433789,host_258953): 0 -> 1
Cell (virus_2913385,host_155035): 0 -> 1
Cell (virus_2913385,host_2015597): 0 -> 1
Cell (virus_2913385,host_1898389): 0 -> 1
Cell (virus_2913385,host_1381355): 0 -> 1
Cell (virus_2913385,host_907075): 0 -> 1
Cell (virus_2913385,host_94956): 0 -> 1
Cell (virus_2913385,host_59476): 0 -> 1
Cell (virus_2913385,host_40233): 0 -> 1
Cell (virus_2913385,host_410852): 0 -> 1
Cell (virus_2913385,host_27634): 0 -> 1
Cell (virus_2913385,host_40230): 0 -> 1
Cell (virus_2913385,host_9417): 0 -> 1
Cell (virus_2913385,host_27660): 0 -> 1
Cell (virus_2913385,host_27638): 0 -> 1
Cell (virus_2913385,host_9423): 0 -> 1
Cell (virus_2913385,host_148061): 0 -> 1
Cell (virus_2913385,host_148089): 0 -> 1
Cell (virus_2913385,host_94961): 0 -> 1
Cell (virus_2913385,host_3042450): 0 -> 1
Cell (virus_2913385,host_9414): 0 -> 1
Cell (virus_2913385,host_1434095): 0 -> 1
Cell (virus_2913385,host_221086): 0 -> 1
Cell (virus_2913385,host_221087): 0 -> 1
Cell (virus_2913385,host_9433): 0 -> 1
Cell (virus_2913385,host_187008): 0 -> 1
Cell (virus_2913385,host_258934): 0 -> 1
Cell (virus_2913385,host_3370289): 0 -> 1
Cell (virus_2913385,host_999964): 0 -> 1
Cell (virus_2913385,host_258952): 0 -> 1
Cell (virus_2913385,host_258953): 0 -> 1
Cell (virus_3077579,host_155035): 0 -> 1
Cell (virus_3077579,host_2015597): 0 -> 1
Cell (virus_3077579,host_1381355): 0 -> 1
Cell (virus_3077579,host_1884717): 0 -> 1
Cell (virus_3077579,host_59476): 0 -> 1
Cell (virus_3077579,host_410852): 0 -> 1
Cell (virus_3077579,host_27634): 0 -> 1
Cell (virus_3077579,host_40228): 0 -> 1
Cell (virus_3077579,host_40230): 0 -> 1
Cell (virus_3077579,host_192403): 0 -> 1
Cell (virus_3077579,host_27660): 0 -> 1
Cell (virus_3077579,host_27638): 0 -> 1
Cell (virus_3077579,host_409031): 0 -> 1
Cell (virus_3077579,host_89673): 0 -> 1
Cell (virus_3077579,host_9423): 0 -> 1
Cell (virus_3077579,host_148089): 0 -> 1
Cell (virus_3077579,host_94961): 0 -> 1
Cell (virus_3077579,host_3042450): 0 -> 1
Cell (virus_3077579,host_9414): 0 -> 1
Cell (virus_3077579,host_1434095): 0 -> 1
Cell (virus_3077579,host_221086): 0 -> 1
Cell (virus_3077579,host_221087): 0 -> 1
Cell (virus_3077579,host_9433): 0 -> 1
Cell (virus_3077579,host_258934): 0 -> 1
Cell (virus_3077579,host_999964): 0 -> 1
Cell (virus_3077579,host_258952): 0 -> 1
Cell (virus_3077579,host_258953): 0 -> 1
Cell (virus_3077580,host_155035): 0 -> 1
Cell (virus_3077580,host_2015597): 0 -> 1
Cell (virus_3077580,host_1381355): 0 -> 1
Cell (virus_3077580,host_1884717): 0 -> 1
Cell (virus_3077580,host_59476): 0 -> 1
Cell (virus_3077580,host_410852): 0 -> 1
Cell (virus_3077580,host_27634): 0 -> 1
Cell (virus_3077580,host_40228): 0 -> 1
Cell (virus_3077580,host_40230): 0 -> 1
Cell (virus_3077580,host_192403): 0 -> 1
Cell (virus_3077580,host_27660): 0 -> 1
Cell (virus_3077580,host_27638): 0 -> 1
Cell (virus_3077580,host_409031): 0 -> 1
Cell (virus_3077580,host_89673): 0 -> 1
Cell (virus_3077580,host_9423): 0 -> 1
Cell (virus_3077580,host_148089): 0 -> 1
Cell (virus_3077580,host_94961): 0 -> 1
Cell (virus_3077580,host_3042450): 0 -> 1
Cell (virus_3077580,host_9414): 0 -> 1
Cell (virus_3077580,host_1434095): 0 -> 1
Cell (virus_3077580,host_221086): 0 -> 1
Cell (virus_3077580,host_221087): 0 -> 1
Cell (virus_3077580,host_9433): 0 -> 1
Cell (virus_3077580,host_258934): 0 -> 1
Cell (virus_3077580,host_999964): 0 -> 1
Cell (virus_3077580,host_258952): 0 -> 1
Cell (virus_3077580,host_258953): 0 -> 1
Cell (virus_2419667,host_257882): 0 -> 1
Cell (virus_2419667,host_109481): 0 -> 1
Cell (virus_2419667,host_2015597): 0 -> 1
Cell (virus_2419667,host_1381355): 0 -> 1
Cell (virus_2419667,host_187003): 0 -> 1
Cell (virus_2419667,host_118856): 0 -> 1
Cell (virus_2419667,host_59476): 0 -> 1
Cell (virus_2419667,host_27663): 0 -> 1
Cell (virus_2419667,host_410852): 0 -> 1
Cell (virus_2419667,host_27634): 0 -> 1
Cell (virus_2419667,host_9417): 0 -> 1
Cell (virus_2419667,host_51012): 0 -> 1
Cell (virus_2419667,host_27660): 0 -> 1
Cell (virus_2419667,host_27638): 0 -> 1
Cell (virus_2419667,host_409031): 0 -> 1
Cell (virus_2419667,host_9423): 0 -> 1
Cell (virus_2419667,host_148061): 0 -> 1
Cell (virus_2419667,host_148089): 0 -> 1
Cell (virus_2419667,host_94961): 0 -> 1
Cell (virus_2419667,host_3042450): 0 -> 1
Cell (virus_2419667,host_3371013): 0 -> 1
Cell (virus_2419667,host_9414): 0 -> 1
Cell (virus_2419667,host_1434095): 0 -> 1
Cell (virus_2419667,host_221086): 0 -> 1
Cell (virus_2419667,host_221087): 0 -> 1
Cell (virus_2419667,host_9433): 0 -> 1
Cell (virus_2419667,host_258934): 0 -> 1
Cell (virus_2419667,host_258953): 0 -> 1
Cell (virus_3433787,host_257882): 0 -> 1
Cell (virus_3433787,host_109481): 0 -> 1
Cell (virus_3433787,host_2015597): 0 -> 1
Cell (virus_3433787,host_1381355): 0 -> 1
Cell (virus_3433787,host_187003): 0 -> 1
Cell (virus_3433787,host_118856): 0 -> 1
Cell (virus_3433787,host_59476): 0 -> 1
Cell (virus_3433787,host_27663): 0 -> 1
Cell (virus_3433787,host_410852): 0 -> 1
Cell (virus_3433787,host_27634): 0 -> 1
Cell (virus_3433787,host_9417): 0 -> 1
Cell (virus_3433787,host_51012): 0 -> 1
Cell (virus_3433787,host_27660): 0 -> 1
Cell (virus_3433787,host_27638): 0 -> 1
Cell (virus_3433787,host_409031): 0 -> 1
Cell (virus_3433787,host_9423): 0 -> 1
Cell (virus_3433787,host_148061): 0 -> 1
Cell (virus_3433787,host_148089): 0 -> 1
Cell (virus_3433787,host_94961): 0 -> 1
Cell (virus_3433787,host_3042450): 0 -> 1
Cell (virus_3433787,host_3371013): 0 -> 1
Cell (virus_3433787,host_9414): 0 -> 1
Cell (virus_3433787,host_1434095): 0 -> 1
Cell (virus_3433787,host_221086): 0 -> 1
Cell (virus_3433787,host_221087): 0 -> 1
Cell (virus_3433787,host_9433): 0 -> 1
Cell (virus_3433787,host_258934): 0 -> 1
Cell (virus_3433787,host_258953): 0 -> 1
Cell (virus_3027593,host_257882): 0 -> 1
Cell (virus_3027593,host_2015597): 0 -> 1
Cell (virus_3027593,host_519041): 0 -> 1
Cell (virus_3027593,host_1898389): 0 -> 1
Cell (virus_3027593,host_77231): 0 -> 1
Cell (virus_3027593,host_1381355): 0 -> 1
Cell (virus_3027593,host_94956): 0 -> 1
Cell (virus_3027593,host_59476): 0 -> 1
Cell (virus_3027593,host_208969): 0 -> 1
Cell (virus_3027593,host_148094): 0 -> 1
Cell (virus_3027593,host_27663): 0 -> 1
Cell (virus_3027593,host_410852): 0 -> 1
Cell (virus_3027593,host_27634): 0 -> 1
Cell (virus_3027593,host_40230): 0 -> 1
Cell (virus_3027593,host_9417): 0 -> 1
Cell (virus_3027593,host_192403): 0 -> 1
Cell (virus_3027593,host_27660): 0 -> 1
Cell (virus_3027593,host_27638): 0 -> 1
Cell (virus_3027593,host_2994998): 0 -> 1
Cell (virus_3027593,host_9423): 0 -> 1
Cell (virus_3027593,host_148061): 0 -> 1
Cell (virus_3027593,host_148089): 0 -> 1
Cell (virus_3027593,host_94961): 0 -> 1
Cell (virus_3027593,host_3042450): 0 -> 1
Cell (virus_3027593,host_9414): 0 -> 1
Cell (virus_3027593,host_1434095): 0 -> 1
Cell (virus_3027593,host_221086): 0 -> 1
Cell (virus_3027593,host_221087): 0 -> 1
Cell (virus_3027593,host_9433): 0 -> 1
Cell (virus_3027593,host_258934): 0 -> 1
Cell (virus_3027593,host_999964): 0 -> 1
Cell (virus_3027593,host_258953): 0 -> 1
Cell (virus_2991261,host_257882): 0 -> 1
Cell (virus_2991261,host_155035): 0 -> 1
Cell (virus_2991261,host_2015597): 0 -> 1
Cell (virus_2991261,host_58063): 0 -> 1
Cell (virus_2991261,host_326081): 0 -> 1
Cell (virus_2991261,host_326083): 0 -> 1
Cell (virus_2991261,host_1381355): 0 -> 1
Cell (virus_2991261,host_187003): 0 -> 1
Cell (virus_2991261,host_118856): 0 -> 1
Cell (virus_2991261,host_94956): 0 -> 1
Cell (virus_2991261,host_138695): 0 -> 1
Cell (virus_2991261,host_40233): 0 -> 1
Cell (virus_2991261,host_148094): 0 -> 1
Cell (virus_2991261,host_410852): 0 -> 1
Cell (virus_2991261,host_574064): 0 -> 1
Cell (virus_2991261,host_27634): 0 -> 1
Cell (virus_2991261,host_9417): 0 -> 1
Cell (virus_2991261,host_192403): 0 -> 1
Cell (virus_2991261,host_27660): 0 -> 1
Cell (virus_2991261,host_27638): 0 -> 1
Cell (virus_2991261,host_9423): 0 -> 1
Cell (virus_2991261,host_148061): 0 -> 1
Cell (virus_2991261,host_148089): 0 -> 1
Cell (virus_2991261,host_94961): 0 -> 1
Cell (virus_2991261,host_3042450): 0 -> 1
Cell (virus_2991261,host_9414): 0 -> 1
Cell (virus_2991261,host_1434095): 0 -> 1
Cell (virus_2991261,host_221086): 0 -> 1
Cell (virus_2991261,host_291302): 0 -> 1
Cell (virus_2991261,host_9433): 0 -> 1
Cell (virus_2991261,host_187008): 0 -> 1
Cell (virus_2991261,host_258934): 0 -> 1
Cell (virus_2991261,host_999964): 0 -> 1
Cell (virus_2991261,host_9438): 0 -> 1
Cell (virus_2991261,host_249034): 0 -> 1
Cell (virus_2991261,host_258953): 0 -> 1
Cell (virus_2991261,host_109485): 0 -> 1
Cell (virus_983923,host_257882): 0 -> 1
Cell (virus_983923,host_155035): 0 -> 1
Cell (virus_983923,host_2015597): 0 -> 1
Cell (virus_983923,host_58063): 0 -> 1
Cell (virus_983923,host_326081): 0 -> 1
Cell (virus_983923,host_326083): 0 -> 1
Cell (virus_983923,host_1381355): 0 -> 1
Cell (virus_983923,host_187003): 0 -> 1
Cell (virus_983923,host_118856): 0 -> 1
Cell (virus_983923,host_94956): 0 -> 1
Cell (virus_983923,host_138695): 0 -> 1
Cell (virus_983923,host_40233): 0 -> 1
Cell (virus_983923,host_148094): 0 -> 1
Cell (virus_983923,host_410852): 0 -> 1
Cell (virus_983923,host_574064): 0 -> 1
Cell (virus_983923,host_27634): 0 -> 1
Cell (virus_983923,host_9417): 0 -> 1
Cell (virus_983923,host_192403): 0 -> 1
Cell (virus_983923,host_27660): 0 -> 1
Cell (virus_983923,host_27638): 0 -> 1
Cell (virus_983923,host_9423): 0 -> 1
Cell (virus_983923,host_148061): 0 -> 1
Cell (virus_983923,host_148089): 0 -> 1
Cell (virus_983923,host_94961): 0 -> 1
Cell (virus_983923,host_3042450): 0 -> 1
Cell (virus_983923,host_9414): 0 -> 1
Cell (virus_983923,host_1434095): 0 -> 1
Cell (virus_983923,host_221086): 0 -> 1
Cell (virus_983923,host_291302): 0 -> 1
Cell (virus_983923,host_9433): 0 -> 1
Cell (virus_983923,host_187008): 0 -> 1
Cell (virus_983923,host_258934): 0 -> 1
Cell (virus_983923,host_999964): 0 -> 1
Cell (virus_983923,host_249034): 0 -> 1
Cell (virus_983923,host_258953): 0 -> 1
Cell (virus_983923,host_109485): 0 -> 1
Cell (virus_3433749,host_187011): 0 -> 1
Cell (virus_3433749,host_257882): 0 -> 1
Cell (virus_3433749,host_2015597): 0 -> 1
Cell (virus_3433749,host_633648): 0 -> 1
Cell (virus_3433749,host_519041): 0 -> 1
Cell (virus_3433749,host_9403): 0 -> 1
Cell (virus_3433749,host_2853157): 0 -> 1
Cell (virus_3433749,host_58063): 0 -> 1
Cell (virus_3433749,host_58060): 0 -> 1
Cell (virus_3433749,host_9400): 0 -> 1
Cell (virus_3433749,host_326083): 0 -> 1
Cell (virus_3433749,host_1381355): 0 -> 1
Cell (virus_3433749,host_208969): 0 -> 1
Cell (virus_3433749,host_410852): 0 -> 1
Cell (virus_3433749,host_574064): 0 -> 1
Cell (virus_3433749,host_27634): 0 -> 1
Cell (virus_3433749,host_40224): 0 -> 1
Cell (virus_3433749,host_192403): 0 -> 1
Cell (virus_3433749,host_27660): 0 -> 1
Cell (virus_3433749,host_27642): 0 -> 1
Cell (virus_3433749,host_409031): 0 -> 1
Cell (virus_3433749,host_9423): 0 -> 1
Cell (virus_3433749,host_148061): 0 -> 1
Cell (virus_3433749,host_148089): 0 -> 1
Cell (virus_3433749,host_94961): 0 -> 1
Cell (virus_3433749,host_3042450): 0 -> 1
Cell (virus_3433749,host_3371013): 0 -> 1
Cell (virus_3433749,host_9414): 0 -> 1
Cell (virus_3433749,host_1434095): 0 -> 1
Cell (virus_3433749,host_221086): 0 -> 1
Cell (virus_3433749,host_9433): 0 -> 1
Cell (virus_3433749,host_258934): 0 -> 1
Cell (virus_3433749,host_479723): 0 -> 1
Cell (virus_3433749,host_999964): 0 -> 1
Cell (virus_3433749,host_9438): 0 -> 1
Cell (virus_3433749,host_153297): 0 -> 1
Cell (virus_3433749,host_249034): 0 -> 1
Cell (virus_3433749,host_258953): 0 -> 1
Cell (virus_1986198,host_109480): 0 -> 1
Cell (virus_1986198,host_196297): 0 -> 1
Cell (virus_1986198,host_385575): 0 -> 1
Cell (virus_1986198,host_328804): 0 -> 1
Cell (virus_1986198,host_58057): 0 -> 1
Cell (virus_1986198,host_1410044): 0 -> 1
Cell (virus_1986198,host_2853157): 0 -> 1
Cell (virus_1986198,host_58063): 0 -> 1
Cell (virus_1986198,host_77214): 0 -> 1
Cell (virus_1986198,host_58060): 0 -> 1
Cell (virus_1986198,host_326081): 0 -> 1
Cell (virus_1986198,host_326083): 0 -> 1
Cell (virus_1986198,host_1381355): 0 -> 1
Cell (virus_1986198,host_187003): 0 -> 1
Cell (virus_1986198,host_118856): 0 -> 1
Cell (virus_1986198,host_59476): 0 -> 1
Cell (virus_1986198,host_148094): 0 -> 1
Cell (virus_1986198,host_27663): 0 -> 1
Cell (virus_1986198,host_410852): 0 -> 1
Cell (virus_1986198,host_27634): 0 -> 1
Cell (virus_1986198,host_40228): 0 -> 1
Cell (virus_1986198,host_40230): 0 -> 1
Cell (virus_1986198,host_196700): 0 -> 1
Cell (virus_1986198,host_409031): 0 -> 1
Cell (virus_1986198,host_9423): 0 -> 1
Cell (virus_1986198,host_148061): 0 -> 1
Cell (virus_1986198,host_148089): 0 -> 1
Cell (virus_1986198,host_94961): 0 -> 1
Cell (virus_1986198,host_3042450): 0 -> 1
Cell (virus_1986198,host_1434095): 0 -> 1
Cell (virus_1986198,host_221086): 0 -> 1
Cell (virus_1986198,host_291302): 0 -> 1
Cell (virus_1986198,host_9433): 0 -> 1
Cell (virus_1986198,host_187008): 0 -> 1
Cell (virus_1986198,host_258934): 0 -> 1
Cell (virus_1986198,host_242384): 0 -> 1
Cell (virus_1986198,host_258953): 0 -> 1
Cell (virus_1986198,host_59474): 0 -> 1
Cell (virus_1986198,host_999321): 0 -> 1
Cell (virus_3433814,host_132908): 0 -> 1
Cell (virus_3433814,host_196297): 0 -> 1
Cell (virus_3433814,host_385575): 0 -> 1
Cell (virus_3433814,host_328804): 0 -> 1
Cell (virus_3433814,host_9402): 0 -> 1
Cell (virus_3433814,host_1898389): 0 -> 1
Cell (virus_3433814,host_2853157): 0 -> 1
Cell (virus_3433814,host_58063): 0 -> 1
Cell (virus_3433814,host_1898386): 0 -> 1
Cell (virus_3433814,host_9400): 0 -> 1
Cell (virus_3433814,host_298110): 0 -> 1
Cell (virus_3433814,host_374419): 0 -> 1
Cell (virus_3433814,host_326081): 0 -> 1
Cell (virus_3433814,host_326083): 0 -> 1
Cell (virus_3433814,host_1381355): 0 -> 1
Cell (virus_3433814,host_118856): 0 -> 1
Cell (virus_3433814,host_94956): 0 -> 1
Cell (virus_3433814,host_208969): 0 -> 1
Cell (virus_3433814,host_148094): 0 -> 1
Cell (virus_3433814,host_27663): 0 -> 1
Cell (virus_3433814,host_410852): 0 -> 1
Cell (virus_3433814,host_27634): 0 -> 1
Cell (virus_3433814,host_9417): 0 -> 1
Cell (virus_3433814,host_192403): 0 -> 1
Cell (virus_3433814,host_27660): 0 -> 1
Cell (virus_3433814,host_9423): 0 -> 1
Cell (virus_3433814,host_148089): 0 -> 1
Cell (virus_3433814,host_94961): 0 -> 1
Cell (virus_3433814,host_3042450): 0 -> 1
Cell (virus_3433814,host_1434095): 0 -> 1
Cell (virus_3433814,host_221086): 0 -> 1
Cell (virus_3433814,host_187007): 0 -> 1
Cell (virus_3433814,host_438766): 0 -> 1
Cell (virus_3433814,host_258934): 0 -> 1
Cell (virus_3433814,host_242384): 0 -> 1
Cell (virus_3433814,host_258863): 0 -> 1
Cell (virus_3433814,host_109485): 0 -> 1
Cell (virus_693997,host_132908): 0 -> 1
Cell (virus_693997,host_196297): 0 -> 1
Cell (virus_693997,host_385575): 0 -> 1
Cell (virus_693997,host_328804): 0 -> 1
Cell (virus_693997,host_9402): 0 -> 1
Cell (virus_693997,host_1898389): 0 -> 1
Cell (virus_693997,host_2853157): 0 -> 1
Cell (virus_693997,host_58063): 0 -> 1
Cell (virus_693997,host_1898386): 0 -> 1
Cell (virus_693997,host_9400): 0 -> 1
Cell (virus_693997,host_298110): 0 -> 1
Cell (virus_693997,host_374419): 0 -> 1
Cell (virus_693997,host_326081): 0 -> 1
Cell (virus_693997,host_326083): 0 -> 1
Cell (virus_693997,host_1381355): 0 -> 1
Cell (virus_693997,host_118856): 0 -> 1
Cell (virus_693997,host_94956): 0 -> 1
Cell (virus_693997,host_208969): 0 -> 1
Cell (virus_693997,host_148094): 0 -> 1
Cell (virus_693997,host_27663): 0 -> 1
Cell (virus_693997,host_410852): 0 -> 1
Cell (virus_693997,host_27634): 0 -> 1
Cell (virus_693997,host_9417): 0 -> 1
Cell (virus_693997,host_192403): 0 -> 1
Cell (virus_693997,host_27660): 0 -> 1
Cell (virus_693997,host_9423): 0 -> 1
Cell (virus_693997,host_148089): 0 -> 1
Cell (virus_693997,host_94961): 0 -> 1
Cell (virus_693997,host_3042450): 0 -> 1
Cell (virus_693997,host_1434095): 0 -> 1
Cell (virus_693997,host_221086): 0 -> 1
Cell (virus_693997,host_187007): 0 -> 1
Cell (virus_693997,host_438766): 0 -> 1
Cell (virus_693997,host_258934): 0 -> 1
Cell (virus_693997,host_242384): 0 -> 1
Cell (virus_693997,host_258863): 0 -> 1
Cell (virus_693997,host_109485): 0 -> 1
Cell (virus_2913386,host_109481): 0 -> 1
Cell (virus_2913386,host_51298): 0 -> 1
Cell (virus_2913386,host_1207989): 0 -> 1
Cell (virus_2913386,host_334201): 0 -> 1
Cell (virus_2913386,host_463808): 0 -> 1
Cell (virus_2913386,host_196297): 0 -> 1
Cell (virus_2913386,host_328804): 0 -> 1
Cell (virus_2913386,host_9403): 0 -> 1
Cell (virus_2913386,host_58057): 0 -> 1
Cell (virus_2913386,host_58063): 0 -> 1
Cell (virus_2913386,host_1898386): 0 -> 1
Cell (virus_2913386,host_58060): 0 -> 1
Cell (virus_2913386,host_326083): 0 -> 1
Cell (virus_2913386,host_1381355): 0 -> 1
Cell (virus_2913386,host_59476): 0 -> 1
Cell (virus_2913386,host_27663): 0 -> 1
Cell (virus_2913386,host_410852): 0 -> 1
Cell (virus_2913386,host_27634): 0 -> 1
Cell (virus_2913386,host_40230): 0 -> 1
Cell (virus_2913386,host_51012): 0 -> 1
Cell (virus_2913386,host_40229): 0 -> 1
Cell (virus_2913386,host_192403): 0 -> 1
Cell (virus_2913386,host_196700): 0 -> 1
Cell (virus_2913386,host_27660): 0 -> 1
Cell (virus_2913386,host_9423): 0 -> 1
Cell (virus_2913386,host_148089): 0 -> 1
Cell (virus_2913386,host_9430): 0 -> 1
Cell (virus_2913386,host_94961): 0 -> 1
Cell (virus_2913386,host_3042450): 0 -> 1
Cell (virus_2913386,host_59472): 0 -> 1
Cell (virus_2913386,host_9414): 0 -> 1
Cell (virus_2913386,host_1434095): 0 -> 1
Cell (virus_2913386,host_221086): 0 -> 1
Cell (virus_2913386,host_221087): 0 -> 1
Cell (virus_2913386,host_9433): 0 -> 1
Cell (virus_2913386,host_438766): 0 -> 1
Cell (virus_2913386,host_258934): 0 -> 1
Cell (virus_2913386,host_242384): 0 -> 1
Cell (virus_2913386,host_999964): 0 -> 1
Cell (virus_2913386,host_258953): 0 -> 1
Cell (virus_2913386,host_109485): 0 -> 1
Cell (virus_2913386,host_999321): 0 -> 1
Cell (virus_2925879,host_109481): 0 -> 1
Cell (virus_2925879,host_51298): 0 -> 1
Cell (virus_2925879,host_1207989): 0 -> 1
Cell (virus_2925879,host_334201): 0 -> 1
Cell (virus_2925879,host_463808): 0 -> 1
Cell (virus_2925879,host_430492): 0 -> 1
Cell (virus_2925879,host_196297): 0 -> 1
Cell (virus_2925879,host_328804): 0 -> 1
Cell (virus_2925879,host_9403): 0 -> 1
Cell (virus_2925879,host_58057): 0 -> 1
Cell (virus_2925879,host_58063): 0 -> 1
Cell (virus_2925879,host_1898386): 0 -> 1
Cell (virus_2925879,host_58060): 0 -> 1
Cell (virus_2925879,host_326083): 0 -> 1
Cell (virus_2925879,host_1381355): 0 -> 1
Cell (virus_2925879,host_59476): 0 -> 1
Cell (virus_2925879,host_208969): 0 -> 1
Cell (virus_2925879,host_27663): 0 -> 1
Cell (virus_2925879,host_410852): 0 -> 1
Cell (virus_2925879,host_27634): 0 -> 1
Cell (virus_2925879,host_40230): 0 -> 1
Cell (virus_2925879,host_9417): 0 -> 1
Cell (virus_2925879,host_51012): 0 -> 1
Cell (virus_2925879,host_40229): 0 -> 1
Cell (virus_2925879,host_192403): 0 -> 1
Cell (virus_2925879,host_196700): 0 -> 1
Cell (virus_2925879,host_27660): 0 -> 1
Cell (virus_2925879,host_9423): 0 -> 1
Cell (virus_2925879,host_148089): 0 -> 1
Cell (virus_2925879,host_9430): 0 -> 1
Cell (virus_2925879,host_94961): 0 -> 1
Cell (virus_2925879,host_3042450): 0 -> 1
Cell (virus_2925879,host_59472): 0 -> 1
Cell (virus_2925879,host_9414): 0 -> 1
Cell (virus_2925879,host_1434095): 0 -> 1
Cell (virus_2925879,host_221086): 0 -> 1
Cell (virus_2925879,host_221087): 0 -> 1
Cell (virus_2925879,host_9433): 0 -> 1
Cell (virus_2925879,host_438766): 0 -> 1
Cell (virus_2925879,host_258934): 0 -> 1
Cell (virus_2925879,host_242384): 0 -> 1
Cell (virus_2925879,host_999964): 0 -> 1
Cell (virus_2925879,host_258953): 0 -> 1
Cell (virus_2925879,host_109485): 0 -> 1
Cell (virus_2993505,host_109481): 0 -> 1
Cell (virus_2993505,host_51298): 0 -> 1
Cell (virus_2993505,host_59453): 0 -> 1
Cell (virus_2993505,host_334201): 0 -> 1
Cell (virus_2993505,host_463808): 0 -> 1
Cell (virus_2993505,host_337453): 0 -> 1
Cell (virus_2993505,host_196297): 0 -> 1
Cell (virus_2993505,host_328804): 0 -> 1
Cell (virus_2993505,host_9403): 0 -> 1
Cell (virus_2993505,host_58057): 0 -> 1
Cell (virus_2993505,host_1898389): 0 -> 1
Cell (virus_2993505,host_58063): 0 -> 1
Cell (virus_2993505,host_58060): 0 -> 1
Cell (virus_2993505,host_326083): 0 -> 1
Cell (virus_2993505,host_1381355): 0 -> 1
Cell (virus_2993505,host_59476): 0 -> 1
Cell (virus_2993505,host_27663): 0 -> 1
Cell (virus_2993505,host_410852): 0 -> 1
Cell (virus_2993505,host_574064): 0 -> 1
Cell (virus_2993505,host_27634): 0 -> 1
Cell (virus_2993505,host_40230): 0 -> 1
Cell (virus_2993505,host_9417): 0 -> 1
Cell (virus_2993505,host_51012): 0 -> 1
Cell (virus_2993505,host_40229): 0 -> 1
Cell (virus_2993505,host_192403): 0 -> 1
Cell (virus_2993505,host_196700): 0 -> 1
Cell (virus_2993505,host_9423): 0 -> 1
Cell (virus_2993505,host_148089): 0 -> 1
Cell (virus_2993505,host_9430): 0 -> 1
Cell (virus_2993505,host_94961): 0 -> 1
Cell (virus_2993505,host_3042450): 0 -> 1
Cell (virus_2993505,host_9414): 0 -> 1
Cell (virus_2993505,host_1434095): 0 -> 1
Cell (virus_2993505,host_221086): 0 -> 1
Cell (virus_2993505,host_221087): 0 -> 1
Cell (virus_2993505,host_9433): 0 -> 1
Cell (virus_2993505,host_438766): 0 -> 1
Cell (virus_2993505,host_258934): 0 -> 1
Cell (virus_2993505,host_242384): 0 -> 1
Cell (virus_2993505,host_999964): 0 -> 1
Cell (virus_2993505,host_258953): 0 -> 1
Cell (virus_2993505,host_109485): 0 -> 1
Cell (virus_3433731,host_375553): 0 -> 1
Cell (virus_3433731,host_51298): 0 -> 1
Cell (virus_3433731,host_1911917): 0 -> 1
Cell (virus_3433731,host_203696): 0 -> 1
Cell (virus_3433731,host_157961): 0 -> 1
Cell (virus_3433731,host_334201): 0 -> 1
Cell (virus_3433731,host_249020): 0 -> 1
Cell (virus_3433731,host_463808): 0 -> 1
Cell (virus_3433731,host_2603866): 0 -> 1
Cell (virus_3433731,host_519041): 0 -> 1
Cell (virus_3433731,host_196297): 0 -> 1
Cell (virus_3433731,host_328804): 0 -> 1
Cell (virus_3433731,host_9403): 0 -> 1
Cell (virus_3433731,host_1410044): 0 -> 1
Cell (virus_3433731,host_2853157): 0 -> 1
Cell (virus_3433731,host_58063): 0 -> 1
Cell (virus_3433731,host_58060): 0 -> 1
Cell (virus_3433731,host_9400): 0 -> 1
Cell (virus_3433731,host_326151): 0 -> 1
Cell (virus_3433731,host_326083): 0 -> 1
Cell (virus_3433731,host_1381355): 0 -> 1
Cell (virus_3433731,host_94956): 0 -> 1
Cell (virus_3433731,host_410852): 0 -> 1
Cell (virus_3433731,host_574064): 0 -> 1
Cell (virus_3433731,host_27634): 0 -> 1
Cell (virus_3433731,host_51012): 0 -> 1
Cell (virus_3433731,host_196700): 0 -> 1
Cell (virus_3433731,host_27660): 0 -> 1
Cell (virus_3433731,host_409031): 0 -> 1
Cell (virus_3433731,host_9423): 0 -> 1
Cell (virus_3433731,host_148089): 0 -> 1
Cell (virus_3433731,host_94961): 0 -> 1
Cell (virus_3433731,host_3042450): 0 -> 1
Cell (virus_3433731,host_1434095): 0 -> 1
Cell (virus_3433731,host_221087): 0 -> 1
Cell (virus_3433731,host_9433): 0 -> 1
Cell (virus_3433731,host_258934): 0 -> 1
Cell (virus_3433731,host_242384): 0 -> 1
Cell (virus_3433731,host_999964): 0 -> 1
Cell (virus_3433731,host_153297): 0 -> 1
Cell (virus_3433731,host_258953): 0 -> 1
Cell (virus_3433810,host_257882): 0 -> 1
Cell (virus_3433810,host_155035): 0 -> 1
Cell (virus_3433810,host_2015597): 0 -> 1
Cell (virus_3433810,host_633648): 0 -> 1
Cell (virus_3433810,host_258925): 0 -> 1
Cell (virus_3433810,host_270698): 0 -> 1
Cell (virus_3433810,host_430492): 0 -> 1
Cell (virus_3433810,host_329870): 0 -> 1
Cell (virus_3433810,host_549403): 0 -> 1
Cell (virus_3433810,host_124756): 0 -> 1
Cell (virus_3433810,host_132908): 0 -> 1
Cell (virus_3433810,host_196297): 0 -> 1
Cell (virus_3433810,host_1410044): 0 -> 1
Cell (virus_3433810,host_1898389): 0 -> 1
Cell (virus_3433810,host_2853157): 0 -> 1
Cell (virus_3433810,host_372077): 0 -> 1
Cell (virus_3433810,host_498220): 0 -> 1
Cell (virus_3433810,host_58063): 0 -> 1
Cell (virus_3433810,host_58060): 0 -> 1
Cell (virus_3433810,host_326083): 0 -> 1
Cell (virus_3433810,host_1381355): 0 -> 1
Cell (virus_3433810,host_148094): 0 -> 1
Cell (virus_3433810,host_27663): 0 -> 1
Cell (virus_3433810,host_410852): 0 -> 1
Cell (virus_3433810,host_574064): 0 -> 1
Cell (virus_3433810,host_27634): 0 -> 1
Cell (virus_3433810,host_40228): 0 -> 1
Cell (virus_3433810,host_40230): 0 -> 1
Cell (virus_3433810,host_9417): 0 -> 1
Cell (virus_3433810,host_51012): 0 -> 1
Cell (virus_3433810,host_40229): 0 -> 1
Cell (virus_3433810,host_27660): 0 -> 1
Cell (virus_3433810,host_9423): 0 -> 1
Cell (virus_3433810,host_148061): 0 -> 1
Cell (virus_3433810,host_148089): 0 -> 1
Cell (virus_3433810,host_94961): 0 -> 1
Cell (virus_3433810,host_3042450): 0 -> 1
Cell (virus_3433810,host_9414): 0 -> 1
Cell (virus_3433810,host_9433): 0 -> 1
Cell (virus_3433810,host_258934): 0 -> 1
Cell (virus_3433810,host_242384): 0 -> 1
Cell (virus_3433810,host_258863): 0 -> 1
Cell (virus_3433810,host_999964): 0 -> 1
Cell (virus_3433810,host_258953): 0 -> 1
Cell (virus_3433810,host_2969767): 0 -> 1
Cell (virus_2913388,host_9435): 0 -> 1
Cell (virus_2913388,host_257882): 0 -> 1
Cell (virus_2913388,host_2015597): 0 -> 1
Cell (virus_2913388,host_337453): 0 -> 1
Cell (virus_2913388,host_329870): 0 -> 1
Cell (virus_2913388,host_1410044): 0 -> 1
Cell (virus_2913388,host_2853157): 0 -> 1
Cell (virus_2913388,host_372077): 0 -> 1
Cell (virus_2913388,host_58067): 0 -> 1
Cell (virus_2913388,host_498220): 0 -> 1
Cell (virus_2913388,host_1898386): 0 -> 1
Cell (virus_2913388,host_58060): 0 -> 1
Cell (virus_2913388,host_9400): 0 -> 1
Cell (virus_2913388,host_326081): 0 -> 1
Cell (virus_2913388,host_1381355): 0 -> 1
Cell (virus_2913388,host_118856): 0 -> 1
Cell (virus_2913388,host_94956): 0 -> 1
Cell (virus_2913388,host_27663): 0 -> 1
Cell (virus_2913388,host_410852): 0 -> 1
Cell (virus_2913388,host_27634): 0 -> 1
Cell (virus_2913388,host_9417): 0 -> 1
Cell (virus_2913388,host_51012): 0 -> 1
Cell (virus_2913388,host_9423): 0 -> 1
Cell (virus_2913388,host_148061): 0 -> 1
Cell (virus_2913388,host_148089): 0 -> 1
Cell (virus_2913388,host_94961): 0 -> 1
Cell (virus_2913388,host_3042450): 0 -> 1
Cell (virus_2913388,host_9414): 0 -> 1
Cell (virus_2913388,host_9433): 0 -> 1
Cell (virus_2913388,host_258934): 0 -> 1
Cell (virus_2913388,host_479723): 0 -> 1
Cell (virus_2913388,host_258863): 0 -> 1
Cell (virus_2913388,host_999964): 0 -> 1
Cell (virus_2913388,host_9438): 0 -> 1
Cell (virus_2913388,host_258953): 0 -> 1
Cell (virus_2913388,host_2969767): 0 -> 1
Cell (virus_2913388,host_109485): 0 -> 1
Cell (virus_2913388,host_59474): 0 -> 1
Cell (virus_3433756,host_257882): 0 -> 1
Cell (virus_3433756,host_2015597): 0 -> 1
Cell (virus_3433756,host_258925): 0 -> 1
Cell (virus_3433756,host_329870): 0 -> 1
Cell (virus_3433756,host_2853157): 0 -> 1
Cell (virus_3433756,host_498220): 0 -> 1
Cell (virus_3433756,host_58060): 0 -> 1
Cell (virus_3433756,host_1381355): 0 -> 1
Cell (virus_3433756,host_118856): 0 -> 1
Cell (virus_3433756,host_94956): 0 -> 1
Cell (virus_3433756,host_59476): 0 -> 1
Cell (virus_3433756,host_138695): 0 -> 1
Cell (virus_3433756,host_410852): 0 -> 1
Cell (virus_3433756,host_574064): 0 -> 1
Cell (virus_3433756,host_27634): 0 -> 1
Cell (virus_3433756,host_51012): 0 -> 1
Cell (virus_3433756,host_40229): 0 -> 1
Cell (virus_3433756,host_9423): 0 -> 1
Cell (virus_3433756,host_148061): 0 -> 1
Cell (virus_3433756,host_148089): 0 -> 1
Cell (virus_3433756,host_94961): 0 -> 1
Cell (virus_3433756,host_3042450): 0 -> 1
Cell (virus_3433756,host_9414): 0 -> 1
Cell (virus_3433756,host_9433): 0 -> 1
Cell (virus_3433756,host_438766): 0 -> 1
Cell (virus_3433756,host_258934): 0 -> 1
Cell (virus_3433756,host_479723): 0 -> 1
Cell (virus_3433756,host_258863): 0 -> 1
Cell (virus_3433756,host_999964): 0 -> 1
Cell (virus_3433756,host_258953): 0 -> 1
Cell (virus_3433756,host_109485): 0 -> 1
Metrics: {'precision': 0.4294573643410853, 'recall': 0.4280353200883002, 'f1': 0.42874516307352123, 'TP': 1939, 'FP': 2576, 'FN': 2591}
[Elbow detection] flip ≈ 5616, λ ≈ 0.6122448979591836
Number of flips performed (elbow): 5616
Cell (virus_11137,host_257882): 0 -> 1
Cell (virus_11137,host_160974): 0 -> 1
Cell (virus_11137,host_1633875): 0 -> 1
Cell (virus_11137,host_519446): 0 -> 1
Cell (virus_11137,host_51298): 0 -> 1
Cell (virus_11137,host_155915): 0 -> 1
Cell (virus_11137,host_2015597): 0 -> 1
Cell (virus_11137,host_258925): 0 -> 1
Cell (virus_11137,host_329870): 0 -> 1
Cell (virus_11137,host_3371112): 0 -> 1
Cell (virus_11137,host_124756): 0 -> 1
Cell (virus_11137,host_132908): 0 -> 1
Cell (virus_11137,host_196297): 0 -> 1
Cell (virus_11137,host_385575): 0 -> 1
Cell (virus_11137,host_328804): 0 -> 1
Cell (virus_11137,host_9402): 0 -> 1
Cell (virus_11137,host_58057): 0 -> 1
Cell (virus_11137,host_2853157): 0 -> 1
Cell (virus_11137,host_498220): 0 -> 1
Cell (virus_11137,host_58060): 0 -> 1
Cell (virus_11137,host_298110): 0 -> 1
Cell (virus_11137,host_77233): 0 -> 1
Cell (virus_11137,host_326151): 0 -> 1
Cell (virus_11137,host_326083): 0 -> 1
Cell (virus_11137,host_1381355): 0 -> 1
Cell (virus_11137,host_118856): 0 -> 1
Cell (virus_11137,host_94956): 0 -> 1
Cell (virus_11137,host_59476): 0 -> 1
Cell (virus_11137,host_138695): 0 -> 1
Cell (virus_11137,host_410852): 0 -> 1
Cell (virus_11137,host_574064): 0 -> 1
Cell (virus_11137,host_27634): 0 -> 1
Cell (virus_11137,host_51012): 0 -> 1
Cell (virus_11137,host_40229): 0 -> 1
Cell (virus_11137,host_9423): 0 -> 1
Cell (virus_11137,host_148061): 0 -> 1
Cell (virus_11137,host_148089): 0 -> 1
Cell (virus_11137,host_94961): 0 -> 1
Cell (virus_11137,host_3042450): 0 -> 1
Cell (virus_11137,host_9414): 0 -> 1
Cell (virus_11137,host_1434095): 0 -> 1
Cell (virus_11137,host_221086): 0 -> 1
Cell (virus_11137,host_291302): 0 -> 1
Cell (virus_11137,host_221087): 0 -> 1
Cell (virus_11137,host_9433): 0 -> 1
Cell (virus_11137,host_438766): 0 -> 1
Cell (virus_11137,host_258934): 0 -> 1
Cell (virus_11137,host_479723): 0 -> 1
Cell (virus_11137,host_258863): 0 -> 1
Cell (virus_11137,host_999964): 0 -> 1
Cell (virus_11137,host_258953): 0 -> 1
Cell (virus_11137,host_109485): 0 -> 1
Cell (virus_1244203,host_2015597): 0 -> 1
Cell (virus_1244203,host_334201): 0 -> 1
Cell (virus_1244203,host_249020): 0 -> 1
Cell (virus_1244203,host_584995): 0 -> 1
Cell (virus_1244203,host_463808): 0 -> 1
Cell (virus_1244203,host_329870): 0 -> 1
Cell (virus_1244203,host_3371112): 0 -> 1
Cell (virus_1244203,host_132908): 0 -> 1
Cell (virus_1244203,host_166054): 0 -> 1
Cell (virus_1244203,host_196297): 0 -> 1
Cell (virus_1244203,host_385575): 0 -> 1
Cell (virus_1244203,host_328804): 0 -> 1
Cell (virus_1244203,host_9402): 0 -> 1
Cell (virus_1244203,host_58057): 0 -> 1
Cell (virus_1244203,host_2853157): 0 -> 1
Cell (virus_1244203,host_58063): 0 -> 1
Cell (virus_1244203,host_9400): 0 -> 1
Cell (virus_1244203,host_298110): 0 -> 1
Cell (virus_1244203,host_374419): 0 -> 1
Cell (virus_1244203,host_326081): 0 -> 1
Cell (virus_1244203,host_326083): 0 -> 1
Cell (virus_1244203,host_1381355): 0 -> 1
Cell (virus_1244203,host_94956): 0 -> 1
Cell (virus_1244203,host_138695): 0 -> 1
Cell (virus_1244203,host_27663): 0 -> 1
Cell (virus_1244203,host_410852): 0 -> 1
Cell (virus_1244203,host_27634): 0 -> 1
Cell (virus_1244203,host_40228): 0 -> 1
Cell (virus_1244203,host_40230): 0 -> 1
Cell (virus_1244203,host_9417): 0 -> 1
Cell (virus_1244203,host_40229): 0 -> 1
Cell (virus_1244203,host_192403): 0 -> 1
Cell (virus_1244203,host_27638): 0 -> 1
Cell (virus_1244203,host_409031): 0 -> 1
Cell (virus_1244203,host_9423): 0 -> 1
Cell (virus_1244203,host_148089): 0 -> 1
Cell (virus_1244203,host_94961): 0 -> 1
Cell (virus_1244203,host_3042450): 0 -> 1
Cell (virus_1244203,host_3371013): 0 -> 1
Cell (virus_1244203,host_9414): 0 -> 1
Cell (virus_1244203,host_1434095): 0 -> 1
Cell (virus_1244203,host_221086): 0 -> 1
Cell (virus_1244203,host_221087): 0 -> 1
Cell (virus_1244203,host_187007): 0 -> 1
Cell (virus_1244203,host_9433): 0 -> 1
Cell (virus_1244203,host_438766): 0 -> 1
Cell (virus_1244203,host_258934): 0 -> 1
Cell (virus_1244203,host_124751): 0 -> 1
Cell (virus_1244203,host_27622): 0 -> 1
Cell (virus_1244203,host_2218597): 0 -> 1
Cell (virus_1244203,host_242384): 0 -> 1
Cell (virus_1244203,host_258863): 0 -> 1
Cell (virus_1244203,host_999964): 0 -> 1
Cell (virus_1244203,host_249034): 0 -> 1
Cell (virus_1244203,host_258953): 0 -> 1
Cell (virus_1244203,host_109485): 0 -> 1
Cell (virus_3433754,host_2015597): 0 -> 1
Cell (virus_3433754,host_334201): 0 -> 1
Cell (virus_3433754,host_249020): 0 -> 1
Cell (virus_3433754,host_584995): 0 -> 1
Cell (virus_3433754,host_463808): 0 -> 1
Cell (virus_3433754,host_329870): 0 -> 1
Cell (virus_3433754,host_3371112): 0 -> 1
Cell (virus_3433754,host_132908): 0 -> 1
Cell (virus_3433754,host_166054): 0 -> 1
Cell (virus_3433754,host_196297): 0 -> 1
Cell (virus_3433754,host_385575): 0 -> 1
Cell (virus_3433754,host_328804): 0 -> 1
Cell (virus_3433754,host_9402): 0 -> 1
Cell (virus_3433754,host_58057): 0 -> 1
Cell (virus_3433754,host_2853157): 0 -> 1
Cell (virus_3433754,host_58063): 0 -> 1
Cell (virus_3433754,host_9400): 0 -> 1
Cell (virus_3433754,host_298110): 0 -> 1
Cell (virus_3433754,host_374419): 0 -> 1
Cell (virus_3433754,host_326081): 0 -> 1
Cell (virus_3433754,host_326083): 0 -> 1
Cell (virus_3433754,host_1381355): 0 -> 1
Cell (virus_3433754,host_94956): 0 -> 1
Cell (virus_3433754,host_138695): 0 -> 1
Cell (virus_3433754,host_27663): 0 -> 1
Cell (virus_3433754,host_410852): 0 -> 1
Cell (virus_3433754,host_27634): 0 -> 1
Cell (virus_3433754,host_40228): 0 -> 1
Cell (virus_3433754,host_40230): 0 -> 1
Cell (virus_3433754,host_9417): 0 -> 1
Cell (virus_3433754,host_40229): 0 -> 1
Cell (virus_3433754,host_192403): 0 -> 1
Cell (virus_3433754,host_27638): 0 -> 1
Cell (virus_3433754,host_409031): 0 -> 1
Cell (virus_3433754,host_9423): 0 -> 1
Cell (virus_3433754,host_148089): 0 -> 1
Cell (virus_3433754,host_94961): 0 -> 1
Cell (virus_3433754,host_3042450): 0 -> 1
Cell (virus_3433754,host_3371013): 0 -> 1
Cell (virus_3433754,host_9414): 0 -> 1
Cell (virus_3433754,host_1434095): 0 -> 1
Cell (virus_3433754,host_221086): 0 -> 1
Cell (virus_3433754,host_221087): 0 -> 1
Cell (virus_3433754,host_187007): 0 -> 1
Cell (virus_3433754,host_9433): 0 -> 1
Cell (virus_3433754,host_438766): 0 -> 1
Cell (virus_3433754,host_258934): 0 -> 1
Cell (virus_3433754,host_124751): 0 -> 1
Cell (virus_3433754,host_27622): 0 -> 1
Cell (virus_3433754,host_2218597): 0 -> 1
Cell (virus_3433754,host_242384): 0 -> 1
Cell (virus_3433754,host_258863): 0 -> 1
Cell (virus_3433754,host_999964): 0 -> 1
Cell (virus_3433754,host_249034): 0 -> 1
Cell (virus_3433754,host_258953): 0 -> 1
Cell (virus_3433754,host_109485): 0 -> 1
Cell (virus_3433753,host_2015597): 0 -> 1
Cell (virus_3433753,host_157961): 0 -> 1
Cell (virus_3433753,host_584995): 0 -> 1
Cell (virus_3433753,host_463808): 0 -> 1
Cell (virus_3433753,host_329870): 0 -> 1
Cell (virus_3433753,host_3371112): 0 -> 1
Cell (virus_3433753,host_132908): 0 -> 1
Cell (virus_3433753,host_196297): 0 -> 1
Cell (virus_3433753,host_328804): 0 -> 1
Cell (virus_3433753,host_58057): 0 -> 1
Cell (virus_3433753,host_1898389): 0 -> 1
Cell (virus_3433753,host_2853157): 0 -> 1
Cell (virus_3433753,host_58063): 0 -> 1
Cell (virus_3433753,host_77214): 0 -> 1
Cell (virus_3433753,host_1898386): 0 -> 1
Cell (virus_3433753,host_326081): 0 -> 1
Cell (virus_3433753,host_326083): 0 -> 1
Cell (virus_3433753,host_1381355): 0 -> 1
Cell (virus_3433753,host_94956): 0 -> 1
Cell (virus_3433753,host_40233): 0 -> 1
Cell (virus_3433753,host_27663): 0 -> 1
Cell (virus_3433753,host_410852): 0 -> 1
Cell (virus_3433753,host_27634): 0 -> 1
Cell (virus_3433753,host_9417): 0 -> 1
Cell (virus_3433753,host_40229): 0 -> 1
Cell (virus_3433753,host_27638): 0 -> 1
Cell (virus_3433753,host_9423): 0 -> 1
Cell (virus_3433753,host_148089): 0 -> 1
Cell (virus_3433753,host_3042450): 0 -> 1
Cell (virus_3433753,host_3371013): 0 -> 1
Cell (virus_3433753,host_9414): 0 -> 1
Cell (virus_3433753,host_1434095): 0 -> 1
Cell (virus_3433753,host_221087): 0 -> 1
Cell (virus_3433753,host_187007): 0 -> 1
Cell (virus_3433753,host_9433): 0 -> 1
Cell (virus_3433753,host_438766): 0 -> 1
Cell (virus_3433753,host_258934): 0 -> 1
Cell (virus_3433753,host_124751): 0 -> 1
Cell (virus_3433753,host_27622): 0 -> 1
Cell (virus_3433753,host_2218597): 0 -> 1
Cell (virus_3433753,host_242384): 0 -> 1
Cell (virus_3433753,host_999964): 0 -> 1
Cell (virus_3433753,host_258953): 0 -> 1
Cell (virus_3433753,host_29078): 0 -> 1
Cell (virus_3433753,host_59474): 0 -> 1
Cell (virus_3119326,host_59461): 0 -> 1
Cell (virus_3119326,host_2015597): 0 -> 1
Cell (virus_3119326,host_334201): 0 -> 1
Cell (virus_3119326,host_249020): 0 -> 1
Cell (virus_3119326,host_584995): 0 -> 1
Cell (virus_3119326,host_463808): 0 -> 1
Cell (virus_3119326,host_329870): 0 -> 1
Cell (virus_3119326,host_3371112): 0 -> 1
Cell (virus_3119326,host_132908): 0 -> 1
Cell (virus_3119326,host_196297): 0 -> 1
Cell (virus_3119326,host_385575): 0 -> 1
Cell (virus_3119326,host_328804): 0 -> 1
Cell (virus_3119326,host_9403): 0 -> 1
Cell (virus_3119326,host_58057): 0 -> 1
Cell (virus_3119326,host_2853157): 0 -> 1
Cell (virus_3119326,host_903567): 0 -> 1
Cell (virus_3119326,host_58063): 0 -> 1
Cell (virus_3119326,host_58060): 0 -> 1
Cell (virus_3119326,host_298110): 0 -> 1
Cell (virus_3119326,host_77233): 0 -> 1
Cell (virus_3119326,host_374419): 0 -> 1
Cell (virus_3119326,host_326081): 0 -> 1
Cell (virus_3119326,host_326083): 0 -> 1
Cell (virus_3119326,host_1381355): 0 -> 1
Cell (virus_3119326,host_187003): 0 -> 1
Cell (virus_3119326,host_94956): 0 -> 1
Cell (virus_3119326,host_138695): 0 -> 1
Cell (virus_3119326,host_148094): 0 -> 1
Cell (virus_3119326,host_410852): 0 -> 1
Cell (virus_3119326,host_27634): 0 -> 1
Cell (virus_3119326,host_40228): 0 -> 1
Cell (virus_3119326,host_40230): 0 -> 1
Cell (virus_3119326,host_40229): 0 -> 1
Cell (virus_3119326,host_192403): 0 -> 1
Cell (virus_3119326,host_148089): 0 -> 1
Cell (virus_3119326,host_9430): 0 -> 1
Cell (virus_3119326,host_94961): 0 -> 1
Cell (virus_3119326,host_3042450): 0 -> 1
Cell (virus_3119326,host_59472): 0 -> 1
Cell (virus_3119326,host_9414): 0 -> 1
Cell (virus_3119326,host_1434095): 0 -> 1
Cell (virus_3119326,host_9433): 0 -> 1
Cell (virus_3119326,host_438766): 0 -> 1
Cell (virus_3119326,host_258934): 0 -> 1
Cell (virus_3119326,host_124751): 0 -> 1
Cell (virus_3119326,host_27622): 0 -> 1
Cell (virus_3119326,host_2218597): 0 -> 1
Cell (virus_3119326,host_242384): 0 -> 1
Cell (virus_3119326,host_258863): 0 -> 1
Cell (virus_3119326,host_999964): 0 -> 1
Cell (virus_3119326,host_153297): 0 -> 1
Cell (virus_3119326,host_258953): 0 -> 1
Cell (virus_3433752,host_160974): 0 -> 1
Cell (virus_3433752,host_2015597): 0 -> 1
Cell (virus_3433752,host_270698): 0 -> 1
Cell (virus_3433752,host_584995): 0 -> 1
Cell (virus_3433752,host_463808): 0 -> 1
Cell (virus_3433752,host_476589): 0 -> 1
Cell (virus_3433752,host_329870): 0 -> 1
Cell (virus_3433752,host_3371112): 0 -> 1
Cell (virus_3433752,host_124756): 0 -> 1
Cell (virus_3433752,host_196297): 0 -> 1
Cell (virus_3433752,host_328804): 0 -> 1
Cell (virus_3433752,host_9402): 0 -> 1
Cell (virus_3433752,host_9403): 0 -> 1
Cell (virus_3433752,host_58057): 0 -> 1
Cell (virus_3433752,host_1410044): 0 -> 1
Cell (virus_3433752,host_2853157): 0 -> 1
Cell (virus_3433752,host_58063): 0 -> 1
Cell (virus_3433752,host_58060): 0 -> 1
Cell (virus_3433752,host_77233): 0 -> 1
Cell (virus_3433752,host_326081): 0 -> 1
Cell (virus_3433752,host_326083): 0 -> 1
Cell (virus_3433752,host_1381355): 0 -> 1
Cell (virus_3433752,host_187003): 0 -> 1
Cell (virus_3433752,host_94956): 0 -> 1
Cell (virus_3433752,host_59476): 0 -> 1
Cell (virus_3433752,host_138695): 0 -> 1
Cell (virus_3433752,host_40233): 0 -> 1
Cell (virus_3433752,host_27663): 0 -> 1
Cell (virus_3433752,host_410852): 0 -> 1
Cell (virus_3433752,host_574064): 0 -> 1
Cell (virus_3433752,host_27634): 0 -> 1
Cell (virus_3433752,host_40230): 0 -> 1
Cell (virus_3433752,host_40229): 0 -> 1
Cell (virus_3433752,host_192403): 0 -> 1
Cell (virus_3433752,host_196700): 0 -> 1
Cell (virus_3433752,host_27660): 0 -> 1
Cell (virus_3433752,host_9423): 0 -> 1
Cell (virus_3433752,host_148089): 0 -> 1
Cell (virus_3433752,host_94961): 0 -> 1
Cell (virus_3433752,host_3042450): 0 -> 1
Cell (virus_3433752,host_9414): 0 -> 1
Cell (virus_3433752,host_1434095): 0 -> 1
Cell (virus_3433752,host_221086): 0 -> 1
Cell (virus_3433752,host_291302): 0 -> 1
Cell (virus_3433752,host_9433): 0 -> 1
Cell (virus_3433752,host_187008): 0 -> 1
Cell (virus_3433752,host_438766): 0 -> 1
Cell (virus_3433752,host_258934): 0 -> 1
Cell (virus_3433752,host_124751): 0 -> 1
Cell (virus_3433752,host_27622): 0 -> 1
Cell (virus_3433752,host_2218597): 0 -> 1
Cell (virus_3433752,host_242384): 0 -> 1
Cell (virus_3433752,host_258863): 0 -> 1
Cell (virus_3433752,host_999964): 0 -> 1
Cell (virus_3433752,host_153297): 0 -> 1
Cell (virus_3433752,host_258953): 0 -> 1
Cell (virus_1906673,host_109481): 0 -> 1
Cell (virus_1906673,host_109482): 0 -> 1
Cell (virus_1906673,host_155035): 0 -> 1
Cell (virus_1906673,host_2015597): 0 -> 1
Cell (virus_1906673,host_334201): 0 -> 1
Cell (virus_1906673,host_584995): 0 -> 1
Cell (virus_1906673,host_329870): 0 -> 1
Cell (virus_1906673,host_3371112): 0 -> 1
Cell (virus_1906673,host_132908): 0 -> 1
Cell (virus_1906673,host_196297): 0 -> 1
Cell (virus_1906673,host_385575): 0 -> 1
Cell (virus_1906673,host_328804): 0 -> 1
Cell (virus_1906673,host_9402): 0 -> 1
Cell (virus_1906673,host_2853157): 0 -> 1
Cell (virus_1906673,host_58063): 0 -> 1
Cell (virus_1906673,host_58060): 0 -> 1
Cell (virus_1906673,host_9400): 0 -> 1
Cell (virus_1906673,host_374419): 0 -> 1
Cell (virus_1906673,host_326081): 0 -> 1
Cell (virus_1906673,host_326083): 0 -> 1
Cell (virus_1906673,host_1381355): 0 -> 1
Cell (virus_1906673,host_94956): 0 -> 1
Cell (virus_1906673,host_138695): 0 -> 1
Cell (virus_1906673,host_40233): 0 -> 1
Cell (virus_1906673,host_410852): 0 -> 1
Cell (virus_1906673,host_27634): 0 -> 1
Cell (virus_1906673,host_40230): 0 -> 1
Cell (virus_1906673,host_40229): 0 -> 1
Cell (virus_1906673,host_9423): 0 -> 1
Cell (virus_1906673,host_148061): 0 -> 1
Cell (virus_1906673,host_148089): 0 -> 1
Cell (virus_1906673,host_94961): 0 -> 1
Cell (virus_1906673,host_3042450): 0 -> 1
Cell (virus_1906673,host_59472): 0 -> 1
Cell (virus_1906673,host_9414): 0 -> 1
Cell (virus_1906673,host_1434095): 0 -> 1
Cell (virus_1906673,host_221086): 0 -> 1
Cell (virus_1906673,host_221087): 0 -> 1
Cell (virus_1906673,host_9433): 0 -> 1
Cell (virus_1906673,host_438766): 0 -> 1
Cell (virus_1906673,host_258934): 0 -> 1
Cell (virus_1906673,host_479723): 0 -> 1
Cell (virus_1906673,host_258863): 0 -> 1
Cell (virus_1906673,host_452595): 0 -> 1
Cell (virus_1906673,host_999964): 0 -> 1
Cell (virus_1906673,host_258953): 0 -> 1
Cell (virus_1906673,host_3371014): 0 -> 1
Cell (virus_1906673,host_3371021): 0 -> 1
Cell (virus_3433785,host_109481): 0 -> 1
Cell (virus_3433785,host_109482): 0 -> 1
Cell (virus_3433785,host_155035): 0 -> 1
Cell (virus_3433785,host_2015597): 0 -> 1
Cell (virus_3433785,host_334201): 0 -> 1
Cell (virus_3433785,host_584995): 0 -> 1
Cell (virus_3433785,host_329870): 0 -> 1
Cell (virus_3433785,host_3371112): 0 -> 1
Cell (virus_3433785,host_132908): 0 -> 1
Cell (virus_3433785,host_196297): 0 -> 1
Cell (virus_3433785,host_385575): 0 -> 1
Cell (virus_3433785,host_328804): 0 -> 1
Cell (virus_3433785,host_9402): 0 -> 1
Cell (virus_3433785,host_2853157): 0 -> 1
Cell (virus_3433785,host_58063): 0 -> 1
Cell (virus_3433785,host_58060): 0 -> 1
Cell (virus_3433785,host_9400): 0 -> 1
Cell (virus_3433785,host_374419): 0 -> 1
Cell (virus_3433785,host_326081): 0 -> 1
Cell (virus_3433785,host_326083): 0 -> 1
Cell (virus_3433785,host_1381355): 0 -> 1
Cell (virus_3433785,host_94956): 0 -> 1
Cell (virus_3433785,host_138695): 0 -> 1
Cell (virus_3433785,host_40233): 0 -> 1
Cell (virus_3433785,host_410852): 0 -> 1
Cell (virus_3433785,host_27634): 0 -> 1
Cell (virus_3433785,host_40230): 0 -> 1
Cell (virus_3433785,host_40229): 0 -> 1
Cell (virus_3433785,host_9423): 0 -> 1
Cell (virus_3433785,host_148061): 0 -> 1
Cell (virus_3433785,host_148089): 0 -> 1
Cell (virus_3433785,host_94961): 0 -> 1
Cell (virus_3433785,host_3042450): 0 -> 1
Cell (virus_3433785,host_59472): 0 -> 1
Cell (virus_3433785,host_9414): 0 -> 1
Cell (virus_3433785,host_1434095): 0 -> 1
Cell (virus_3433785,host_221086): 0 -> 1
Cell (virus_3433785,host_221087): 0 -> 1
Cell (virus_3433785,host_9433): 0 -> 1
Cell (virus_3433785,host_438766): 0 -> 1
Cell (virus_3433785,host_258934): 0 -> 1
Cell (virus_3433785,host_479723): 0 -> 1
Cell (virus_3433785,host_258863): 0 -> 1
Cell (virus_3433785,host_452595): 0 -> 1
Cell (virus_3433785,host_999964): 0 -> 1
Cell (virus_3433785,host_258953): 0 -> 1
Cell (virus_3433785,host_3371014): 0 -> 1
Cell (virus_3433785,host_3371021): 0 -> 1
Cell (virus_2971263,host_1633875): 0 -> 1
Cell (virus_2971263,host_109482): 0 -> 1
Cell (virus_2971263,host_155035): 0 -> 1
Cell (virus_2971263,host_157961): 0 -> 1
Cell (virus_2971263,host_329870): 0 -> 1
Cell (virus_2971263,host_3371112): 0 -> 1
Cell (virus_2971263,host_166054): 0 -> 1
Cell (virus_2971263,host_196297): 0 -> 1
Cell (virus_2971263,host_385575): 0 -> 1
Cell (virus_2971263,host_328804): 0 -> 1
Cell (virus_2971263,host_9402): 0 -> 1
Cell (virus_2971263,host_2853157): 0 -> 1
Cell (virus_2971263,host_58063): 0 -> 1
Cell (virus_2971263,host_58060): 0 -> 1
Cell (virus_2971263,host_9400): 0 -> 1
Cell (virus_2971263,host_374419): 0 -> 1
Cell (virus_2971263,host_326081): 0 -> 1
Cell (virus_2971263,host_326083): 0 -> 1
Cell (virus_2971263,host_1381355): 0 -> 1
Cell (virus_2971263,host_1884717): 0 -> 1
Cell (virus_2971263,host_138695): 0 -> 1
Cell (virus_2971263,host_40233): 0 -> 1
Cell (virus_2971263,host_410852): 0 -> 1
Cell (virus_2971263,host_27634): 0 -> 1
Cell (virus_2971263,host_9417): 0 -> 1
Cell (virus_2971263,host_51012): 0 -> 1
Cell (virus_2971263,host_27660): 0 -> 1
Cell (virus_2971263,host_9423): 0 -> 1
Cell (virus_2971263,host_148061): 0 -> 1
Cell (virus_2971263,host_148089): 0 -> 1
Cell (virus_2971263,host_94961): 0 -> 1
Cell (virus_2971263,host_3042450): 0 -> 1
Cell (virus_2971263,host_9414): 0 -> 1
Cell (virus_2971263,host_1434095): 0 -> 1
Cell (virus_2971263,host_221086): 0 -> 1
Cell (virus_2971263,host_9433): 0 -> 1
Cell (virus_2971263,host_438766): 0 -> 1
Cell (virus_2971263,host_258934): 0 -> 1
Cell (virus_2971263,host_258863): 0 -> 1
Cell (virus_2971263,host_452595): 0 -> 1
Cell (virus_2971263,host_999964): 0 -> 1
Cell (virus_2971263,host_9438): 0 -> 1
Cell (virus_2971263,host_258952): 0 -> 1
Cell (virus_2971263,host_258953): 0 -> 1
Cell (virus_2971263,host_3371014): 0 -> 1
Cell (virus_2971263,host_3371021): 0 -> 1
Cell (virus_3433786,host_1633875): 0 -> 1
Cell (virus_3433786,host_109482): 0 -> 1
Cell (virus_3433786,host_155035): 0 -> 1
Cell (virus_3433786,host_2015597): 0 -> 1
Cell (virus_3433786,host_157961): 0 -> 1
Cell (virus_3433786,host_329870): 0 -> 1
Cell (virus_3433786,host_3371112): 0 -> 1
Cell (virus_3433786,host_166054): 0 -> 1
Cell (virus_3433786,host_196297): 0 -> 1
Cell (virus_3433786,host_385575): 0 -> 1
Cell (virus_3433786,host_328804): 0 -> 1
Cell (virus_3433786,host_9402): 0 -> 1
Cell (virus_3433786,host_2853157): 0 -> 1
Cell (virus_3433786,host_58063): 0 -> 1
Cell (virus_3433786,host_58060): 0 -> 1
Cell (virus_3433786,host_9400): 0 -> 1
Cell (virus_3433786,host_374419): 0 -> 1
Cell (virus_3433786,host_326081): 0 -> 1
Cell (virus_3433786,host_326083): 0 -> 1
Cell (virus_3433786,host_1381355): 0 -> 1
Cell (virus_3433786,host_1884717): 0 -> 1
Cell (virus_3433786,host_138695): 0 -> 1
Cell (virus_3433786,host_40233): 0 -> 1
Cell (virus_3433786,host_410852): 0 -> 1
Cell (virus_3433786,host_27634): 0 -> 1
Cell (virus_3433786,host_9417): 0 -> 1
Cell (virus_3433786,host_51012): 0 -> 1
Cell (virus_3433786,host_27660): 0 -> 1
Cell (virus_3433786,host_9423): 0 -> 1
Cell (virus_3433786,host_148061): 0 -> 1
Cell (virus_3433786,host_148089): 0 -> 1
Cell (virus_3433786,host_94961): 0 -> 1
Cell (virus_3433786,host_3042450): 0 -> 1
Cell (virus_3433786,host_9414): 0 -> 1
Cell (virus_3433786,host_1434095): 0 -> 1
Cell (virus_3433786,host_221086): 0 -> 1
Cell (virus_3433786,host_9433): 0 -> 1
Cell (virus_3433786,host_438766): 0 -> 1
Cell (virus_3433786,host_258934): 0 -> 1
Cell (virus_3433786,host_258863): 0 -> 1
Cell (virus_3433786,host_452595): 0 -> 1
Cell (virus_3433786,host_999964): 0 -> 1
Cell (virus_3433786,host_9438): 0 -> 1
Cell (virus_3433786,host_258952): 0 -> 1
Cell (virus_3433786,host_258953): 0 -> 1
Cell (virus_3433786,host_3371014): 0 -> 1
Cell (virus_3433786,host_3371021): 0 -> 1
Cell (virus_2989482,host_1633875): 0 -> 1
Cell (virus_2989482,host_109482): 0 -> 1
Cell (virus_2989482,host_412095): 0 -> 1
Cell (virus_2989482,host_155035): 0 -> 1
Cell (virus_2989482,host_270698): 0 -> 1
Cell (virus_2989482,host_329870): 0 -> 1
Cell (virus_2989482,host_3371112): 0 -> 1
Cell (virus_2989482,host_132908): 0 -> 1
Cell (virus_2989482,host_166054): 0 -> 1
Cell (virus_2989482,host_196297): 0 -> 1
Cell (virus_2989482,host_328804): 0 -> 1
Cell (virus_2989482,host_9402): 0 -> 1
Cell (virus_2989482,host_9403): 0 -> 1
Cell (virus_2989482,host_1410044): 0 -> 1
Cell (virus_2989482,host_77231): 0 -> 1
Cell (virus_2989482,host_2853157): 0 -> 1
Cell (virus_2989482,host_372077): 0 -> 1
Cell (virus_2989482,host_903567): 0 -> 1
Cell (virus_2989482,host_58063): 0 -> 1
Cell (virus_2989482,host_77214): 0 -> 1
Cell (virus_2989482,host_58060): 0 -> 1
Cell (virus_2989482,host_9400): 0 -> 1
Cell (virus_2989482,host_374419): 0 -> 1
Cell (virus_2989482,host_326081): 0 -> 1
Cell (virus_2989482,host_326083): 0 -> 1
Cell (virus_2989482,host_1381355): 0 -> 1
Cell (virus_2989482,host_138695): 0 -> 1
Cell (virus_2989482,host_40233): 0 -> 1
Cell (virus_2989482,host_410852): 0 -> 1
Cell (virus_2989482,host_27634): 0 -> 1
Cell (virus_2989482,host_9417): 0 -> 1
Cell (virus_2989482,host_51012): 0 -> 1
Cell (virus_2989482,host_27660): 0 -> 1
Cell (virus_2989482,host_9423): 0 -> 1
Cell (virus_2989482,host_148089): 0 -> 1
Cell (virus_2989482,host_9430): 0 -> 1
Cell (virus_2989482,host_94961): 0 -> 1
Cell (virus_2989482,host_3042450): 0 -> 1
Cell (virus_2989482,host_9414): 0 -> 1
Cell (virus_2989482,host_1434095): 0 -> 1
Cell (virus_2989482,host_221086): 0 -> 1
Cell (virus_2989482,host_221087): 0 -> 1
Cell (virus_2989482,host_9433): 0 -> 1
Cell (virus_2989482,host_438766): 0 -> 1
Cell (virus_2989482,host_258934): 0 -> 1
Cell (virus_2989482,host_479723): 0 -> 1
Cell (virus_2989482,host_452595): 0 -> 1
Cell (virus_2989482,host_999964): 0 -> 1
Cell (virus_2989482,host_258952): 0 -> 1
Cell (virus_2989482,host_258953): 0 -> 1
Cell (virus_2989482,host_2969767): 0 -> 1
Cell (virus_2989482,host_3371014): 0 -> 1
Cell (virus_2989482,host_3371021): 0 -> 1
Cell (virus_3433784,host_1633875): 0 -> 1
Cell (virus_3433784,host_109481): 0 -> 1
Cell (virus_3433784,host_2528591): 0 -> 1
Cell (virus_3433784,host_412095): 0 -> 1
Cell (virus_3433784,host_2015597): 0 -> 1
Cell (virus_3433784,host_476589): 0 -> 1
Cell (virus_3433784,host_519041): 0 -> 1
Cell (virus_3433784,host_329870): 0 -> 1
Cell (virus_3433784,host_549403): 0 -> 1
Cell (virus_3433784,host_3371112): 0 -> 1
Cell (virus_3433784,host_132908): 0 -> 1
Cell (virus_3433784,host_166054): 0 -> 1
Cell (virus_3433784,host_196297): 0 -> 1
Cell (virus_3433784,host_385575): 0 -> 1
Cell (virus_3433784,host_328804): 0 -> 1
Cell (virus_3433784,host_9402): 0 -> 1
Cell (virus_3433784,host_1410044): 0 -> 1
Cell (virus_3433784,host_2853157): 0 -> 1
Cell (virus_3433784,host_58065): 0 -> 1
Cell (virus_3433784,host_58063): 0 -> 1
Cell (virus_3433784,host_77214): 0 -> 1
Cell (virus_3433784,host_1898386): 0 -> 1
Cell (virus_3433784,host_58060): 0 -> 1
Cell (virus_3433784,host_9400): 0 -> 1
Cell (virus_3433784,host_374419): 0 -> 1
Cell (virus_3433784,host_326081): 0 -> 1
Cell (virus_3433784,host_326151): 0 -> 1
Cell (virus_3433784,host_326083): 0 -> 1
Cell (virus_3433784,host_1381355): 0 -> 1
Cell (virus_3433784,host_40233): 0 -> 1
Cell (virus_3433784,host_410852): 0 -> 1
Cell (virus_3433784,host_27634): 0 -> 1
Cell (virus_3433784,host_51012): 0 -> 1
Cell (virus_3433784,host_40229): 0 -> 1
Cell (virus_3433784,host_27660): 0 -> 1
Cell (virus_3433784,host_9423): 0 -> 1
Cell (virus_3433784,host_148061): 0 -> 1
Cell (virus_3433784,host_148089): 0 -> 1
Cell (virus_3433784,host_94961): 0 -> 1
Cell (virus_3433784,host_3042450): 0 -> 1
Cell (virus_3433784,host_9414): 0 -> 1
Cell (virus_3433784,host_1434095): 0 -> 1
Cell (virus_3433784,host_221086): 0 -> 1
Cell (virus_3433784,host_221087): 0 -> 1
Cell (virus_3433784,host_9433): 0 -> 1
Cell (virus_3433784,host_187008): 0 -> 1
Cell (virus_3433784,host_438766): 0 -> 1
Cell (virus_3433784,host_258934): 0 -> 1
Cell (virus_3433784,host_479723): 0 -> 1
Cell (virus_3433784,host_258863): 0 -> 1
Cell (virus_3433784,host_452595): 0 -> 1
Cell (virus_3433784,host_999964): 0 -> 1
Cell (virus_3433784,host_258953): 0 -> 1
Cell (virus_3433784,host_3371014): 0 -> 1
Cell (virus_3433784,host_3371016): 0 -> 1
Cell (virus_3433784,host_3371021): 0 -> 1
Cell (virus_2691588,host_160974): 0 -> 1
Cell (virus_2691588,host_2015597): 0 -> 1
Cell (virus_2691588,host_188569): 0 -> 1
Cell (virus_2691588,host_329870): 0 -> 1
Cell (virus_2691588,host_196297): 0 -> 1
Cell (virus_2691588,host_385575): 0 -> 1
Cell (virus_2691588,host_2853157): 0 -> 1
Cell (virus_2691588,host_1898393): 0 -> 1
Cell (virus_2691588,host_58063): 0 -> 1
Cell (virus_2691588,host_298110): 0 -> 1
Cell (virus_2691588,host_77233): 0 -> 1
Cell (virus_2691588,host_326081): 0 -> 1
Cell (virus_2691588,host_138695): 0 -> 1
Cell (virus_2691588,host_410852): 0 -> 1
Cell (virus_2691588,host_27634): 0 -> 1
Cell (virus_2691588,host_9417): 0 -> 1
Cell (virus_2691588,host_51012): 0 -> 1
Cell (virus_2691588,host_40229): 0 -> 1
Cell (virus_2691588,host_27660): 0 -> 1
Cell (virus_2691588,host_89673): 0 -> 1
Cell (virus_2691588,host_9423): 0 -> 1
Cell (virus_2691588,host_148089): 0 -> 1
Cell (virus_2691588,host_9433): 0 -> 1
Cell (virus_2691588,host_258934): 0 -> 1
Cell (virus_2691588,host_3370289): 0 -> 1
Cell (virus_2691588,host_999964): 0 -> 1
Cell (virus_2691588,host_258952): 0 -> 1
Cell (virus_2691588,host_258953): 0 -> 1
Cell (virus_2691588,host_29078): 0 -> 1
Cell (virus_3433780,host_160974): 0 -> 1
Cell (virus_3433780,host_2015597): 0 -> 1
Cell (virus_3433780,host_188569): 0 -> 1
Cell (virus_3433780,host_329870): 0 -> 1
Cell (virus_3433780,host_166054): 0 -> 1
Cell (virus_3433780,host_196297): 0 -> 1
Cell (virus_3433780,host_385575): 0 -> 1
Cell (virus_3433780,host_2853157): 0 -> 1
Cell (virus_3433780,host_1898393): 0 -> 1
Cell (virus_3433780,host_58063): 0 -> 1
Cell (virus_3433780,host_298110): 0 -> 1
Cell (virus_3433780,host_77233): 0 -> 1
Cell (virus_3433780,host_326081): 0 -> 1
Cell (virus_3433780,host_138695): 0 -> 1
Cell (virus_3433780,host_410852): 0 -> 1
Cell (virus_3433780,host_27634): 0 -> 1
Cell (virus_3433780,host_40230): 0 -> 1
Cell (virus_3433780,host_9417): 0 -> 1
Cell (virus_3433780,host_51012): 0 -> 1
Cell (virus_3433780,host_40229): 0 -> 1
Cell (virus_3433780,host_27660): 0 -> 1
Cell (virus_3433780,host_89673): 0 -> 1
Cell (virus_3433780,host_9423): 0 -> 1
Cell (virus_3433780,host_148089): 0 -> 1
Cell (virus_3433780,host_9433): 0 -> 1
Cell (virus_3433780,host_258934): 0 -> 1
Cell (virus_3433780,host_3370289): 0 -> 1
Cell (virus_3433780,host_999964): 0 -> 1
Cell (virus_3433780,host_258952): 0 -> 1
Cell (virus_3433780,host_258953): 0 -> 1
Cell (virus_694000,host_160974): 0 -> 1
Cell (virus_694000,host_2015597): 0 -> 1
Cell (virus_694000,host_188569): 0 -> 1
Cell (virus_694000,host_329870): 0 -> 1
Cell (virus_694000,host_166054): 0 -> 1
Cell (virus_694000,host_196297): 0 -> 1
Cell (virus_694000,host_385575): 0 -> 1
Cell (virus_694000,host_2853157): 0 -> 1
Cell (virus_694000,host_1898393): 0 -> 1
Cell (virus_694000,host_58063): 0 -> 1
Cell (virus_694000,host_298110): 0 -> 1
Cell (virus_694000,host_77233): 0 -> 1
Cell (virus_694000,host_326081): 0 -> 1
Cell (virus_694000,host_138695): 0 -> 1
Cell (virus_694000,host_410852): 0 -> 1
Cell (virus_694000,host_27634): 0 -> 1
Cell (virus_694000,host_40230): 0 -> 1
Cell (virus_694000,host_9417): 0 -> 1
Cell (virus_694000,host_51012): 0 -> 1
Cell (virus_694000,host_40229): 0 -> 1
Cell (virus_694000,host_27660): 0 -> 1
Cell (virus_694000,host_89673): 0 -> 1
Cell (virus_694000,host_9423): 0 -> 1
Cell (virus_694000,host_148089): 0 -> 1
Cell (virus_694000,host_9433): 0 -> 1
Cell (virus_694000,host_258934): 0 -> 1
Cell (virus_694000,host_3370289): 0 -> 1
Cell (virus_694000,host_999964): 0 -> 1
Cell (virus_694000,host_258952): 0 -> 1
Cell (virus_694000,host_258953): 0 -> 1
Cell (virus_3119327,host_160974): 0 -> 1
Cell (virus_3119327,host_155035): 0 -> 1
Cell (virus_3119327,host_2015597): 0 -> 1
Cell (virus_3119327,host_188569): 0 -> 1
Cell (virus_3119327,host_196297): 0 -> 1
Cell (virus_3119327,host_385575): 0 -> 1
Cell (virus_3119327,host_2853157): 0 -> 1
Cell (virus_3119327,host_58063): 0 -> 1
Cell (virus_3119327,host_9400): 0 -> 1
Cell (virus_3119327,host_77233): 0 -> 1
Cell (virus_3119327,host_326081): 0 -> 1
Cell (virus_3119327,host_326083): 0 -> 1
Cell (virus_3119327,host_1381355): 0 -> 1
Cell (virus_3119327,host_94956): 0 -> 1
Cell (virus_3119327,host_138695): 0 -> 1
Cell (virus_3119327,host_27634): 0 -> 1
Cell (virus_3119327,host_9417): 0 -> 1
Cell (virus_3119327,host_40229): 0 -> 1
Cell (virus_3119327,host_27660): 0 -> 1
Cell (virus_3119327,host_89673): 0 -> 1
Cell (virus_3119327,host_9423): 0 -> 1
Cell (virus_3119327,host_148089): 0 -> 1
Cell (virus_3119327,host_94961): 0 -> 1
Cell (virus_3119327,host_3042450): 0 -> 1
Cell (virus_3119327,host_9414): 0 -> 1
Cell (virus_3119327,host_221087): 0 -> 1
Cell (virus_3119327,host_9433): 0 -> 1
Cell (virus_3119327,host_438766): 0 -> 1
Cell (virus_3119327,host_258934): 0 -> 1
Cell (virus_3119327,host_479723): 0 -> 1
Cell (virus_3119327,host_452595): 0 -> 1
Cell (virus_3119327,host_999964): 0 -> 1
Cell (virus_3119327,host_258952): 0 -> 1
Cell (virus_3119327,host_258953): 0 -> 1
Cell (virus_2809631,host_160974): 0 -> 1
Cell (virus_2809631,host_155035): 0 -> 1
Cell (virus_2809631,host_2015597): 0 -> 1
Cell (virus_2809631,host_633648): 0 -> 1
Cell (virus_2809631,host_188569): 0 -> 1
Cell (virus_2809631,host_178895): 0 -> 1
Cell (virus_2809631,host_196297): 0 -> 1
Cell (virus_2809631,host_385575): 0 -> 1
Cell (virus_2809631,host_2853157): 0 -> 1
Cell (virus_2809631,host_58063): 0 -> 1
Cell (virus_2809631,host_77233): 0 -> 1
Cell (virus_2809631,host_326081): 0 -> 1
Cell (virus_2809631,host_326083): 0 -> 1
Cell (virus_2809631,host_1381355): 0 -> 1
Cell (virus_2809631,host_94956): 0 -> 1
Cell (virus_2809631,host_138695): 0 -> 1
Cell (virus_2809631,host_27663): 0 -> 1
Cell (virus_2809631,host_410852): 0 -> 1
Cell (virus_2809631,host_27634): 0 -> 1
Cell (virus_2809631,host_27660): 0 -> 1
Cell (virus_2809631,host_27642): 0 -> 1
Cell (virus_2809631,host_89673): 0 -> 1
Cell (virus_2809631,host_148089): 0 -> 1
Cell (virus_2809631,host_94961): 0 -> 1
Cell (virus_2809631,host_3042450): 0 -> 1
Cell (virus_2809631,host_3371013): 0 -> 1
Cell (virus_2809631,host_9414): 0 -> 1
Cell (virus_2809631,host_9433): 0 -> 1
Cell (virus_2809631,host_438766): 0 -> 1
Cell (virus_2809631,host_258934): 0 -> 1
Cell (virus_2809631,host_999964): 0 -> 1
Cell (virus_2809631,host_153297): 0 -> 1
Cell (virus_2809631,host_249034): 0 -> 1
Cell (virus_2809631,host_258952): 0 -> 1
Cell (virus_2809631,host_258953): 0 -> 1
Cell (virus_3433779,host_160974): 0 -> 1
Cell (virus_3433779,host_2015597): 0 -> 1
Cell (virus_3433779,host_188569): 0 -> 1
Cell (virus_3433779,host_178895): 0 -> 1
Cell (virus_3433779,host_196297): 0 -> 1
Cell (virus_3433779,host_385575): 0 -> 1
Cell (virus_3433779,host_2853157): 0 -> 1
Cell (virus_3433779,host_58063): 0 -> 1
Cell (virus_3433779,host_77233): 0 -> 1
Cell (virus_3433779,host_326081): 0 -> 1
Cell (virus_3433779,host_326083): 0 -> 1
Cell (virus_3433779,host_1381355): 0 -> 1
Cell (virus_3433779,host_187003): 0 -> 1
Cell (virus_3433779,host_94956): 0 -> 1
Cell (virus_3433779,host_138695): 0 -> 1
Cell (virus_3433779,host_27663): 0 -> 1
Cell (virus_3433779,host_410852): 0 -> 1
Cell (virus_3433779,host_27634): 0 -> 1
Cell (virus_3433779,host_40228): 0 -> 1
Cell (virus_3433779,host_27660): 0 -> 1
Cell (virus_3433779,host_27642): 0 -> 1
Cell (virus_3433779,host_89673): 0 -> 1
Cell (virus_3433779,host_148089): 0 -> 1
Cell (virus_3433779,host_94961): 0 -> 1
Cell (virus_3433779,host_3042450): 0 -> 1
Cell (virus_3433779,host_3371013): 0 -> 1
Cell (virus_3433779,host_9414): 0 -> 1
Cell (virus_3433779,host_9433): 0 -> 1
Cell (virus_3433779,host_438766): 0 -> 1
Cell (virus_3433779,host_258934): 0 -> 1
Cell (virus_3433779,host_258863): 0 -> 1
Cell (virus_3433779,host_999964): 0 -> 1
Cell (virus_3433779,host_258952): 0 -> 1
Cell (virus_3433779,host_258953): 0 -> 1
Cell (virus_694001,host_160974): 0 -> 1
Cell (virus_694001,host_2015597): 0 -> 1
Cell (virus_694001,host_188569): 0 -> 1
Cell (virus_694001,host_178895): 0 -> 1
Cell (virus_694001,host_196297): 0 -> 1
Cell (virus_694001,host_385575): 0 -> 1
Cell (virus_694001,host_2853157): 0 -> 1
Cell (virus_694001,host_58063): 0 -> 1
Cell (virus_694001,host_77233): 0 -> 1
Cell (virus_694001,host_326081): 0 -> 1
Cell (virus_694001,host_326083): 0 -> 1
Cell (virus_694001,host_1381355): 0 -> 1
Cell (virus_694001,host_187003): 0 -> 1
Cell (virus_694001,host_94956): 0 -> 1
Cell (virus_694001,host_138695): 0 -> 1
Cell (virus_694001,host_27663): 0 -> 1
Cell (virus_694001,host_410852): 0 -> 1
Cell (virus_694001,host_27634): 0 -> 1
Cell (virus_694001,host_40228): 0 -> 1
Cell (virus_694001,host_27660): 0 -> 1
Cell (virus_694001,host_27642): 0 -> 1
Cell (virus_694001,host_89673): 0 -> 1
Cell (virus_694001,host_148089): 0 -> 1
Cell (virus_694001,host_94961): 0 -> 1
Cell (virus_694001,host_3042450): 0 -> 1
Cell (virus_694001,host_3371013): 0 -> 1
Cell (virus_694001,host_9414): 0 -> 1
Cell (virus_694001,host_9433): 0 -> 1
Cell (virus_694001,host_438766): 0 -> 1
Cell (virus_694001,host_258934): 0 -> 1
Cell (virus_694001,host_258863): 0 -> 1
Cell (virus_694001,host_999964): 0 -> 1
Cell (virus_694001,host_258952): 0 -> 1
Cell (virus_694001,host_258953): 0 -> 1
Cell (virus_3027594,host_155035): 0 -> 1
Cell (virus_3027594,host_2015597): 0 -> 1
Cell (virus_3027594,host_196297): 0 -> 1
Cell (virus_3027594,host_385575): 0 -> 1
Cell (virus_3027594,host_2853157): 0 -> 1
Cell (virus_3027594,host_903567): 0 -> 1
Cell (virus_3027594,host_58063): 0 -> 1
Cell (virus_3027594,host_326081): 0 -> 1
Cell (virus_3027594,host_326083): 0 -> 1
Cell (virus_3027594,host_1381355): 0 -> 1
Cell (virus_3027594,host_187003): 0 -> 1
Cell (virus_3027594,host_94956): 0 -> 1
Cell (virus_3027594,host_59476): 0 -> 1
Cell (virus_3027594,host_138695): 0 -> 1
Cell (virus_3027594,host_40233): 0 -> 1
Cell (virus_3027594,host_27663): 0 -> 1
Cell (virus_3027594,host_410852): 0 -> 1
Cell (virus_3027594,host_574064): 0 -> 1
Cell (virus_3027594,host_27634): 0 -> 1
Cell (virus_3027594,host_40228): 0 -> 1
Cell (virus_3027594,host_9417): 0 -> 1
Cell (virus_3027594,host_40224): 0 -> 1
Cell (virus_3027594,host_40229): 0 -> 1
Cell (virus_3027594,host_27660): 0 -> 1
Cell (virus_3027594,host_27638): 0 -> 1
Cell (virus_3027594,host_9423): 0 -> 1
Cell (virus_3027594,host_148089): 0 -> 1
Cell (virus_3027594,host_94961): 0 -> 1
Cell (virus_3027594,host_3042450): 0 -> 1
Cell (virus_3027594,host_9414): 0 -> 1
Cell (virus_3027594,host_221087): 0 -> 1
Cell (virus_3027594,host_9433): 0 -> 1
Cell (virus_3027594,host_438766): 0 -> 1
Cell (virus_3027594,host_258934): 0 -> 1
Cell (virus_3027594,host_242384): 0 -> 1
Cell (virus_3027594,host_258863): 0 -> 1
Cell (virus_3027594,host_3370289): 0 -> 1
Cell (virus_3027594,host_999964): 0 -> 1
Cell (virus_3027594,host_258953): 0 -> 1
Cell (virus_3433782,host_187011): 0 -> 1
Cell (virus_3433782,host_2015597): 0 -> 1
Cell (virus_3433782,host_196297): 0 -> 1
Cell (virus_3433782,host_385575): 0 -> 1
Cell (virus_3433782,host_2853157): 0 -> 1
Cell (virus_3433782,host_58063): 0 -> 1
Cell (virus_3433782,host_326081): 0 -> 1
Cell (virus_3433782,host_326083): 0 -> 1
Cell (virus_3433782,host_1381355): 0 -> 1
Cell (virus_3433782,host_187003): 0 -> 1
Cell (virus_3433782,host_59476): 0 -> 1
Cell (virus_3433782,host_138695): 0 -> 1
Cell (virus_3433782,host_40233): 0 -> 1
Cell (virus_3433782,host_27663): 0 -> 1
Cell (virus_3433782,host_410852): 0 -> 1
Cell (virus_3433782,host_27634): 0 -> 1
Cell (virus_3433782,host_40228): 0 -> 1
Cell (virus_3433782,host_40224): 0 -> 1
Cell (virus_3433782,host_40229): 0 -> 1
Cell (virus_3433782,host_27660): 0 -> 1
Cell (virus_3433782,host_27638): 0 -> 1
Cell (virus_3433782,host_27642): 0 -> 1
Cell (virus_3433782,host_89673): 0 -> 1
Cell (virus_3433782,host_9423): 0 -> 1
Cell (virus_3433782,host_148061): 0 -> 1
Cell (virus_3433782,host_148089): 0 -> 1
Cell (virus_3433782,host_94961): 0 -> 1
Cell (virus_3433782,host_3042450): 0 -> 1
Cell (virus_3433782,host_9414): 0 -> 1
Cell (virus_3433782,host_9433): 0 -> 1
Cell (virus_3433782,host_438766): 0 -> 1
Cell (virus_3433782,host_258934): 0 -> 1
Cell (virus_3433782,host_242384): 0 -> 1
Cell (virus_3433782,host_999964): 0 -> 1
Cell (virus_3433782,host_258953): 0 -> 1
Cell (virus_3027595,host_155035): 0 -> 1
Cell (virus_3027595,host_2015597): 0 -> 1
Cell (virus_3027595,host_633648): 0 -> 1
Cell (virus_3027595,host_157961): 0 -> 1
Cell (virus_3027595,host_196297): 0 -> 1
Cell (virus_3027595,host_385575): 0 -> 1
Cell (virus_3027595,host_2853157): 0 -> 1
Cell (virus_3027595,host_58063): 0 -> 1
Cell (virus_3027595,host_77214): 0 -> 1
Cell (virus_3027595,host_298110): 0 -> 1
Cell (virus_3027595,host_326081): 0 -> 1
Cell (virus_3027595,host_326083): 0 -> 1
Cell (virus_3027595,host_1381355): 0 -> 1
Cell (virus_3027595,host_94956): 0 -> 1
Cell (virus_3027595,host_1884717): 0 -> 1
Cell (virus_3027595,host_40233): 0 -> 1
Cell (virus_3027595,host_410852): 0 -> 1
Cell (virus_3027595,host_574064): 0 -> 1
Cell (virus_3027595,host_27634): 0 -> 1
Cell (virus_3027595,host_9417): 0 -> 1
Cell (virus_3027595,host_40224): 0 -> 1
Cell (virus_3027595,host_40229): 0 -> 1
Cell (virus_3027595,host_27660): 0 -> 1
Cell (virus_3027595,host_27638): 0 -> 1
Cell (virus_3027595,host_2994998): 0 -> 1
Cell (virus_3027595,host_89673): 0 -> 1
Cell (virus_3027595,host_9423): 0 -> 1
Cell (virus_3027595,host_148061): 0 -> 1
Cell (virus_3027595,host_148089): 0 -> 1
Cell (virus_3027595,host_94961): 0 -> 1
Cell (virus_3027595,host_3042450): 0 -> 1
Cell (virus_3027595,host_9414): 0 -> 1
Cell (virus_3027595,host_221087): 0 -> 1
Cell (virus_3027595,host_9433): 0 -> 1
Cell (virus_3027595,host_438766): 0 -> 1
Cell (virus_3027595,host_258934): 0 -> 1
Cell (virus_3027595,host_242384): 0 -> 1
Cell (virus_3027595,host_258863): 0 -> 1
Cell (virus_3027595,host_999964): 0 -> 1
Cell (virus_3027595,host_258953): 0 -> 1
Cell (virus_2917968,host_2015597): 0 -> 1
Cell (virus_2917968,host_270698): 0 -> 1
Cell (virus_2917968,host_334201): 0 -> 1
Cell (virus_2917968,host_249020): 0 -> 1
Cell (virus_2917968,host_463808): 0 -> 1
Cell (virus_2917968,host_178895): 0 -> 1
Cell (virus_2917968,host_249024): 0 -> 1
Cell (virus_2917968,host_302408): 0 -> 1
Cell (virus_2917968,host_59478): 0 -> 1
Cell (virus_2917968,host_519037): 0 -> 1
Cell (virus_2917968,host_132908): 0 -> 1
Cell (virus_2917968,host_166054): 0 -> 1
Cell (virus_2917968,host_196297): 0 -> 1
Cell (virus_2917968,host_328804): 0 -> 1
Cell (virus_2917968,host_1898389): 0 -> 1
Cell (virus_2917968,host_2853157): 0 -> 1
Cell (virus_2917968,host_1898393): 0 -> 1
Cell (virus_2917968,host_58063): 0 -> 1
Cell (virus_2917968,host_58060): 0 -> 1
Cell (virus_2917968,host_9400): 0 -> 1
Cell (virus_2917968,host_298110): 0 -> 1
Cell (virus_2917968,host_326083): 0 -> 1
Cell (virus_2917968,host_1381355): 0 -> 1
Cell (virus_2917968,host_40233): 0 -> 1
Cell (virus_2917968,host_410852): 0 -> 1
Cell (virus_2917968,host_574064): 0 -> 1
Cell (virus_2917968,host_27634): 0 -> 1
Cell (virus_2917968,host_40229): 0 -> 1
Cell (virus_2917968,host_192403): 0 -> 1
Cell (virus_2917968,host_27660): 0 -> 1
Cell (virus_2917968,host_27638): 0 -> 1
Cell (virus_2917968,host_9423): 0 -> 1
Cell (virus_2917968,host_148089): 0 -> 1
Cell (virus_2917968,host_9430): 0 -> 1
Cell (virus_2917968,host_94961): 0 -> 1
Cell (virus_2917968,host_3042450): 0 -> 1
Cell (virus_2917968,host_9414): 0 -> 1
Cell (virus_2917968,host_1434095): 0 -> 1
Cell (virus_2917968,host_291302): 0 -> 1
Cell (virus_2917968,host_221087): 0 -> 1
Cell (virus_2917968,host_9433): 0 -> 1
Cell (virus_2917968,host_258934): 0 -> 1
Cell (virus_2917968,host_242384): 0 -> 1
Cell (virus_2917968,host_258863): 0 -> 1
Cell (virus_2917968,host_109485): 0 -> 1
Cell (virus_3119328,host_375553): 0 -> 1
Cell (virus_3119328,host_109481): 0 -> 1
Cell (virus_3119328,host_2015597): 0 -> 1
Cell (virus_3119328,host_188569): 0 -> 1
Cell (virus_3119328,host_157961): 0 -> 1
Cell (virus_3119328,host_334201): 0 -> 1
Cell (virus_3119328,host_249020): 0 -> 1
Cell (virus_3119328,host_463808): 0 -> 1
Cell (virus_3119328,host_178895): 0 -> 1
Cell (virus_3119328,host_249024): 0 -> 1
Cell (virus_3119328,host_302408): 0 -> 1
Cell (virus_3119328,host_59478): 0 -> 1
Cell (virus_3119328,host_519037): 0 -> 1
Cell (virus_3119328,host_132908): 0 -> 1
Cell (virus_3119328,host_385575): 0 -> 1
Cell (virus_3119328,host_328804): 0 -> 1
Cell (virus_3119328,host_1898389): 0 -> 1
Cell (virus_3119328,host_2853157): 0 -> 1
Cell (virus_3119328,host_1898393): 0 -> 1
Cell (virus_3119328,host_58063): 0 -> 1
Cell (virus_3119328,host_1898386): 0 -> 1
Cell (virus_3119328,host_58060): 0 -> 1
Cell (virus_3119328,host_298110): 0 -> 1
Cell (virus_3119328,host_326081): 0 -> 1
Cell (virus_3119328,host_326083): 0 -> 1
Cell (virus_3119328,host_1381355): 0 -> 1
Cell (virus_3119328,host_907075): 0 -> 1
Cell (virus_3119328,host_94956): 0 -> 1
Cell (virus_3119328,host_1884717): 0 -> 1
Cell (virus_3119328,host_40233): 0 -> 1
Cell (virus_3119328,host_148094): 0 -> 1
Cell (virus_3119328,host_27663): 0 -> 1
Cell (virus_3119328,host_410852): 0 -> 1
Cell (virus_3119328,host_27634): 0 -> 1
Cell (virus_3119328,host_40228): 0 -> 1
Cell (virus_3119328,host_40229): 0 -> 1
Cell (virus_3119328,host_27660): 0 -> 1
Cell (virus_3119328,host_27638): 0 -> 1
Cell (virus_3119328,host_9423): 0 -> 1
Cell (virus_3119328,host_148089): 0 -> 1
Cell (virus_3119328,host_9430): 0 -> 1
Cell (virus_3119328,host_94961): 0 -> 1
Cell (virus_3119328,host_3042450): 0 -> 1
Cell (virus_3119328,host_59472): 0 -> 1
Cell (virus_3119328,host_9414): 0 -> 1
Cell (virus_3119328,host_1434095): 0 -> 1
Cell (virus_3119328,host_291302): 0 -> 1
Cell (virus_3119328,host_221087): 0 -> 1
Cell (virus_3119328,host_9433): 0 -> 1
Cell (virus_3119328,host_258934): 0 -> 1
Cell (virus_3119328,host_242384): 0 -> 1
Cell (virus_3119328,host_109485): 0 -> 1
Cell (virus_3119328,host_59474): 0 -> 1
Cell (virus_3119329,host_109481): 0 -> 1
Cell (virus_3119329,host_59461): 0 -> 1
Cell (virus_3119329,host_2015597): 0 -> 1
Cell (virus_3119329,host_633648): 0 -> 1
Cell (virus_3119329,host_157961): 0 -> 1
Cell (virus_3119329,host_334201): 0 -> 1
Cell (virus_3119329,host_249020): 0 -> 1
Cell (virus_3119329,host_302402): 0 -> 1
Cell (virus_3119329,host_463808): 0 -> 1
Cell (virus_3119329,host_178895): 0 -> 1
Cell (virus_3119329,host_89399): 0 -> 1
Cell (virus_3119329,host_249024): 0 -> 1
Cell (virus_3119329,host_302408): 0 -> 1
Cell (virus_3119329,host_59478): 0 -> 1
Cell (virus_3119329,host_59479): 0 -> 1
Cell (virus_3119329,host_519037): 0 -> 1
Cell (virus_3119329,host_132908): 0 -> 1
Cell (virus_3119329,host_166054): 0 -> 1
Cell (virus_3119329,host_196297): 0 -> 1
Cell (virus_3119329,host_328804): 0 -> 1
Cell (virus_3119329,host_1410044): 0 -> 1
Cell (virus_3119329,host_2853157): 0 -> 1
Cell (virus_3119329,host_903567): 0 -> 1
Cell (virus_3119329,host_1898393): 0 -> 1
Cell (virus_3119329,host_58063): 0 -> 1
Cell (virus_3119329,host_1898386): 0 -> 1
Cell (virus_3119329,host_58060): 0 -> 1
Cell (virus_3119329,host_9400): 0 -> 1
Cell (virus_3119329,host_77233): 0 -> 1
Cell (virus_3119329,host_326083): 0 -> 1
Cell (virus_3119329,host_1381355): 0 -> 1
Cell (virus_3119329,host_907075): 0 -> 1
Cell (virus_3119329,host_94956): 0 -> 1
Cell (virus_3119329,host_1884717): 0 -> 1
Cell (virus_3119329,host_40233): 0 -> 1
Cell (virus_3119329,host_410852): 0 -> 1
Cell (virus_3119329,host_27634): 0 -> 1
Cell (virus_3119329,host_9417): 0 -> 1
Cell (virus_3119329,host_51012): 0 -> 1
Cell (virus_3119329,host_27660): 0 -> 1
Cell (virus_3119329,host_27638): 0 -> 1
Cell (virus_3119329,host_27642): 0 -> 1
Cell (virus_3119329,host_9423): 0 -> 1
Cell (virus_3119329,host_148089): 0 -> 1
Cell (virus_3119329,host_9430): 0 -> 1
Cell (virus_3119329,host_94961): 0 -> 1
Cell (virus_3119329,host_3042450): 0 -> 1
Cell (virus_3119329,host_9414): 0 -> 1
Cell (virus_3119329,host_1434095): 0 -> 1
Cell (virus_3119329,host_221086): 0 -> 1
Cell (virus_3119329,host_291302): 0 -> 1
Cell (virus_3119329,host_221087): 0 -> 1
Cell (virus_3119329,host_9433): 0 -> 1
Cell (virus_3119329,host_258934): 0 -> 1
Cell (virus_3119329,host_258863): 0 -> 1
Cell (virus_3119329,host_452595): 0 -> 1
Cell (virus_3119329,host_999964): 0 -> 1
Cell (virus_3119329,host_109485): 0 -> 1
Cell (virus_2991941,host_160974): 0 -> 1
Cell (virus_2991941,host_155035): 0 -> 1
Cell (virus_2991941,host_2015597): 0 -> 1
Cell (virus_2991941,host_249020): 0 -> 1
Cell (virus_2991941,host_584995): 0 -> 1
Cell (virus_2991941,host_463808): 0 -> 1
Cell (virus_2991941,host_249024): 0 -> 1
Cell (virus_2991941,host_519041): 0 -> 1
Cell (virus_2991941,host_302408): 0 -> 1
Cell (virus_2991941,host_59478): 0 -> 1
Cell (virus_2991941,host_519037): 0 -> 1
Cell (virus_2991941,host_337453): 0 -> 1
Cell (virus_2991941,host_132908): 0 -> 1
Cell (virus_2991941,host_166054): 0 -> 1
Cell (virus_2991941,host_196297): 0 -> 1
Cell (virus_2991941,host_328804): 0 -> 1
Cell (virus_2991941,host_9402): 0 -> 1
Cell (virus_2991941,host_2853157): 0 -> 1
Cell (virus_2991941,host_1898393): 0 -> 1
Cell (virus_2991941,host_58063): 0 -> 1
Cell (virus_2991941,host_58060): 0 -> 1
Cell (virus_2991941,host_326083): 0 -> 1
Cell (virus_2991941,host_1381355): 0 -> 1
Cell (virus_2991941,host_94956): 0 -> 1
Cell (virus_2991941,host_1884717): 0 -> 1
Cell (virus_2991941,host_138695): 0 -> 1
Cell (virus_2991941,host_208969): 0 -> 1
Cell (virus_2991941,host_40233): 0 -> 1
Cell (virus_2991941,host_148094): 0 -> 1
Cell (virus_2991941,host_410852): 0 -> 1
Cell (virus_2991941,host_27634): 0 -> 1
Cell (virus_2991941,host_40230): 0 -> 1
Cell (virus_2991941,host_9417): 0 -> 1
Cell (virus_2991941,host_27660): 0 -> 1
Cell (virus_2991941,host_27638): 0 -> 1
Cell (virus_2991941,host_9423): 0 -> 1
Cell (virus_2991941,host_148089): 0 -> 1
Cell (virus_2991941,host_94961): 0 -> 1
Cell (virus_2991941,host_3042450): 0 -> 1
Cell (virus_2991941,host_3371013): 0 -> 1
Cell (virus_2991941,host_59472): 0 -> 1
Cell (virus_2991941,host_9414): 0 -> 1
Cell (virus_2991941,host_1434095): 0 -> 1
Cell (virus_2991941,host_221086): 0 -> 1
Cell (virus_2991941,host_291302): 0 -> 1
Cell (virus_2991941,host_9433): 0 -> 1
Cell (virus_2991941,host_187008): 0 -> 1
Cell (virus_2991941,host_258934): 0 -> 1
Cell (virus_2991941,host_258863): 0 -> 1
Cell (virus_2991941,host_452595): 0 -> 1
Cell (virus_2991941,host_999964): 0 -> 1
Cell (virus_2991941,host_258952): 0 -> 1
Cell (virus_2991941,host_258953): 0 -> 1
Cell (virus_2991941,host_109485): 0 -> 1
Cell (virus_2991941,host_59474): 0 -> 1
Cell (virus_2993504,host_160974): 0 -> 1
Cell (virus_2993504,host_155035): 0 -> 1
Cell (virus_2993504,host_2015597): 0 -> 1
Cell (virus_2993504,host_270698): 0 -> 1
Cell (virus_2993504,host_249020): 0 -> 1
Cell (virus_2993504,host_584995): 0 -> 1
Cell (virus_2993504,host_463808): 0 -> 1
Cell (virus_2993504,host_249024): 0 -> 1
Cell (virus_2993504,host_302408): 0 -> 1
Cell (virus_2993504,host_49443): 0 -> 1
Cell (virus_2993504,host_59478): 0 -> 1
Cell (virus_2993504,host_519037): 0 -> 1
Cell (virus_2993504,host_166054): 0 -> 1
Cell (virus_2993504,host_196297): 0 -> 1
Cell (virus_2993504,host_328804): 0 -> 1
Cell (virus_2993504,host_9402): 0 -> 1
Cell (virus_2993504,host_2853157): 0 -> 1
Cell (virus_2993504,host_1898393): 0 -> 1
Cell (virus_2993504,host_58063): 0 -> 1
Cell (virus_2993504,host_58060): 0 -> 1
Cell (virus_2993504,host_326083): 0 -> 1
Cell (virus_2993504,host_1381355): 0 -> 1
Cell (virus_2993504,host_94956): 0 -> 1
Cell (virus_2993504,host_138695): 0 -> 1
Cell (virus_2993504,host_208969): 0 -> 1
Cell (virus_2993504,host_40233): 0 -> 1
Cell (virus_2993504,host_148094): 0 -> 1
Cell (virus_2993504,host_410852): 0 -> 1
Cell (virus_2993504,host_27634): 0 -> 1
Cell (virus_2993504,host_40230): 0 -> 1
Cell (virus_2993504,host_9417): 0 -> 1
Cell (virus_2993504,host_51012): 0 -> 1
Cell (virus_2993504,host_40229): 0 -> 1
Cell (virus_2993504,host_196700): 0 -> 1
Cell (virus_2993504,host_27660): 0 -> 1
Cell (virus_2993504,host_27638): 0 -> 1
Cell (virus_2993504,host_409031): 0 -> 1
Cell (virus_2993504,host_9423): 0 -> 1
Cell (virus_2993504,host_148089): 0 -> 1
Cell (virus_2993504,host_94961): 0 -> 1
Cell (virus_2993504,host_3042450): 0 -> 1
Cell (virus_2993504,host_3371013): 0 -> 1
Cell (virus_2993504,host_9414): 0 -> 1
Cell (virus_2993504,host_1434095): 0 -> 1
Cell (virus_2993504,host_291302): 0 -> 1
Cell (virus_2993504,host_9433): 0 -> 1
Cell (virus_2993504,host_258934): 0 -> 1
Cell (virus_2993504,host_258863): 0 -> 1
Cell (virus_2993504,host_452595): 0 -> 1
Cell (virus_2993504,host_999964): 0 -> 1
Cell (virus_2993504,host_249034): 0 -> 1
Cell (virus_2993504,host_258952): 0 -> 1
Cell (virus_2993504,host_258953): 0 -> 1
Cell (virus_2993504,host_59474): 0 -> 1
Cell (virus_1335626,host_257882): 0 -> 1
Cell (virus_1335626,host_2528591): 0 -> 1
Cell (virus_1335626,host_109482): 0 -> 1
Cell (virus_1335626,host_51298): 0 -> 1
Cell (virus_1335626,host_225399): 0 -> 1
Cell (virus_1335626,host_386774): 0 -> 1
Cell (virus_1335626,host_392318): 0 -> 1
Cell (virus_1335626,host_526407): 0 -> 1
Cell (virus_1335626,host_59461): 0 -> 1
Cell (virus_1335626,host_98922): 0 -> 1
Cell (virus_1335626,host_155915): 0 -> 1
Cell (virus_1335626,host_2015597): 0 -> 1
Cell (virus_1335626,host_633648): 0 -> 1
Cell (virus_1335626,host_188569): 0 -> 1
Cell (virus_1335626,host_249020): 0 -> 1
Cell (virus_1335626,host_463808): 0 -> 1
Cell (virus_1335626,host_178895): 0 -> 1
Cell (virus_1335626,host_76834): 0 -> 1
Cell (virus_1335626,host_608708): 0 -> 1
Cell (virus_1335626,host_59477): 0 -> 1
Cell (virus_1335626,host_430491): 0 -> 1
Cell (virus_1335626,host_188571): 0 -> 1
Cell (virus_1335626,host_249024): 0 -> 1
Cell (virus_1335626,host_302408): 0 -> 1
Cell (virus_1335626,host_59478): 0 -> 1
Cell (virus_1335626,host_342862): 0 -> 1
Cell (virus_1335626,host_519037): 0 -> 1
Cell (virus_1335626,host_430492): 0 -> 1
Cell (virus_1335626,host_77218): 0 -> 1
Cell (virus_1335626,host_124756): 0 -> 1
Cell (virus_1335626,host_196297): 0 -> 1
Cell (virus_1335626,host_385575): 0 -> 1
Cell (virus_1335626,host_328804): 0 -> 1
Cell (virus_1335626,host_1410044): 0 -> 1
Cell (virus_1335626,host_77231): 0 -> 1
Cell (virus_1335626,host_903567): 0 -> 1
Cell (virus_1335626,host_58067): 0 -> 1
Cell (virus_1335626,host_498220): 0 -> 1
Cell (virus_1335626,host_448084): 0 -> 1
Cell (virus_1335626,host_58063): 0 -> 1
Cell (virus_1335626,host_9400): 0 -> 1
Cell (virus_1335626,host_77233): 0 -> 1
Cell (virus_1335626,host_326083): 0 -> 1
Cell (virus_1335626,host_94956): 0 -> 1
Cell (virus_1335626,host_40233): 0 -> 1
Cell (virus_1335626,host_410852): 0 -> 1
Cell (virus_1335626,host_27634): 0 -> 1
Cell (virus_1335626,host_40228): 0 -> 1
Cell (virus_1335626,host_40230): 0 -> 1
Cell (virus_1335626,host_27660): 0 -> 1
Cell (virus_1335626,host_27638): 0 -> 1
Cell (virus_1335626,host_89673): 0 -> 1
Cell (virus_1335626,host_148061): 0 -> 1
Cell (virus_1335626,host_94961): 0 -> 1
Cell (virus_1335626,host_3042450): 0 -> 1
Cell (virus_1335626,host_9414): 0 -> 1
Cell (virus_1335626,host_1434095): 0 -> 1
Cell (virus_1335626,host_221087): 0 -> 1
Cell (virus_1335626,host_9433): 0 -> 1
Cell (virus_1335626,host_438766): 0 -> 1
Cell (virus_1335626,host_258934): 0 -> 1
Cell (virus_1335626,host_124751): 0 -> 1
Cell (virus_1335626,host_27622): 0 -> 1
Cell (virus_1335626,host_2218597): 0 -> 1
Cell (virus_1335626,host_452595): 0 -> 1
Cell (virus_1335626,host_999964): 0 -> 1
Cell (virus_1335626,host_258952): 0 -> 1
Cell (virus_1335626,host_258953): 0 -> 1
Cell (virus_1335626,host_249033): 0 -> 1
Cell (virus_1335626,host_258930): 0 -> 1
Cell (virus_1335626,host_61862): 0 -> 1
Cell (virus_1335626,host_29078): 0 -> 1
Cell (virus_1335626,host_3371016): 0 -> 1
Cell (virus_3433633,host_257882): 0 -> 1
Cell (virus_3433633,host_2528591): 0 -> 1
Cell (virus_3433633,host_109482): 0 -> 1
Cell (virus_3433633,host_51298): 0 -> 1
Cell (virus_3433633,host_225399): 0 -> 1
Cell (virus_3433633,host_386774): 0 -> 1
Cell (virus_3433633,host_392318): 0 -> 1
Cell (virus_3433633,host_526407): 0 -> 1
Cell (virus_3433633,host_59461): 0 -> 1
Cell (virus_3433633,host_98922): 0 -> 1
Cell (virus_3433633,host_155915): 0 -> 1
Cell (virus_3433633,host_2015597): 0 -> 1
Cell (virus_3433633,host_633648): 0 -> 1
Cell (virus_3433633,host_188569): 0 -> 1
Cell (virus_3433633,host_249020): 0 -> 1
Cell (virus_3433633,host_463808): 0 -> 1
Cell (virus_3433633,host_178895): 0 -> 1
Cell (virus_3433633,host_76834): 0 -> 1
Cell (virus_3433633,host_608708): 0 -> 1
Cell (virus_3433633,host_59477): 0 -> 1
Cell (virus_3433633,host_430491): 0 -> 1
Cell (virus_3433633,host_188571): 0 -> 1
Cell (virus_3433633,host_249024): 0 -> 1
Cell (virus_3433633,host_302408): 0 -> 1
Cell (virus_3433633,host_59478): 0 -> 1
Cell (virus_3433633,host_342862): 0 -> 1
Cell (virus_3433633,host_519037): 0 -> 1
Cell (virus_3433633,host_430492): 0 -> 1
Cell (virus_3433633,host_77218): 0 -> 1
Cell (virus_3433633,host_124756): 0 -> 1
Cell (virus_3433633,host_196297): 0 -> 1
Cell (virus_3433633,host_385575): 0 -> 1
Cell (virus_3433633,host_328804): 0 -> 1
Cell (virus_3433633,host_1410044): 0 -> 1
Cell (virus_3433633,host_77231): 0 -> 1
Cell (virus_3433633,host_903567): 0 -> 1
Cell (virus_3433633,host_58067): 0 -> 1
Cell (virus_3433633,host_498220): 0 -> 1
Cell (virus_3433633,host_448084): 0 -> 1
Cell (virus_3433633,host_58063): 0 -> 1
Cell (virus_3433633,host_9400): 0 -> 1
Cell (virus_3433633,host_77233): 0 -> 1
Cell (virus_3433633,host_326083): 0 -> 1
Cell (virus_3433633,host_94956): 0 -> 1
Cell (virus_3433633,host_40233): 0 -> 1
Cell (virus_3433633,host_410852): 0 -> 1
Cell (virus_3433633,host_27634): 0 -> 1
Cell (virus_3433633,host_40228): 0 -> 1
Cell (virus_3433633,host_40230): 0 -> 1
Cell (virus_3433633,host_27660): 0 -> 1
Cell (virus_3433633,host_27638): 0 -> 1
Cell (virus_3433633,host_89673): 0 -> 1
Cell (virus_3433633,host_148061): 0 -> 1
Cell (virus_3433633,host_94961): 0 -> 1
Cell (virus_3433633,host_3042450): 0 -> 1
Cell (virus_3433633,host_9414): 0 -> 1
Cell (virus_3433633,host_1434095): 0 -> 1
Cell (virus_3433633,host_221087): 0 -> 1
Cell (virus_3433633,host_9433): 0 -> 1
Cell (virus_3433633,host_438766): 0 -> 1
Cell (virus_3433633,host_258934): 0 -> 1
Cell (virus_3433633,host_124751): 0 -> 1
Cell (virus_3433633,host_27622): 0 -> 1
Cell (virus_3433633,host_2218597): 0 -> 1
Cell (virus_3433633,host_452595): 0 -> 1
Cell (virus_3433633,host_999964): 0 -> 1
Cell (virus_3433633,host_258952): 0 -> 1
Cell (virus_3433633,host_258953): 0 -> 1
Cell (virus_3433633,host_249033): 0 -> 1
Cell (virus_3433633,host_258930): 0 -> 1
Cell (virus_3433633,host_61862): 0 -> 1
Cell (virus_3433633,host_29078): 0 -> 1
Cell (virus_3433633,host_3371016): 0 -> 1
Cell (virus_1508220,host_257882): 0 -> 1
Cell (virus_1508220,host_59463): 0 -> 1
Cell (virus_1508220,host_109480): 0 -> 1
Cell (virus_1508220,host_519446): 0 -> 1
Cell (virus_1508220,host_2528591): 0 -> 1
Cell (virus_1508220,host_109482): 0 -> 1
Cell (virus_1508220,host_51298): 0 -> 1
Cell (virus_1508220,host_386774): 0 -> 1
Cell (virus_1508220,host_392318): 0 -> 1
Cell (virus_1508220,host_526407): 0 -> 1
Cell (virus_1508220,host_59461): 0 -> 1
Cell (virus_1508220,host_98922): 0 -> 1
Cell (virus_1508220,host_159330): 0 -> 1
Cell (virus_1508220,host_452654): 0 -> 1
Cell (virus_1508220,host_155915): 0 -> 1
Cell (virus_1508220,host_2015597): 0 -> 1
Cell (virus_1508220,host_633648): 0 -> 1
Cell (virus_1508220,host_188569): 0 -> 1
Cell (virus_1508220,host_178895): 0 -> 1
Cell (virus_1508220,host_608708): 0 -> 1
Cell (virus_1508220,host_430491): 0 -> 1
Cell (virus_1508220,host_476589): 0 -> 1
Cell (virus_1508220,host_188571): 0 -> 1
Cell (virus_1508220,host_249024): 0 -> 1
Cell (virus_1508220,host_302408): 0 -> 1
Cell (virus_1508220,host_59478): 0 -> 1
Cell (virus_1508220,host_519037): 0 -> 1
Cell (virus_1508220,host_77218): 0 -> 1
Cell (virus_1508220,host_1195082): 0 -> 1
Cell (virus_1508220,host_124756): 0 -> 1
Cell (virus_1508220,host_166054): 0 -> 1
Cell (virus_1508220,host_196297): 0 -> 1
Cell (virus_1508220,host_385575): 0 -> 1
Cell (virus_1508220,host_328804): 0 -> 1
Cell (virus_1508220,host_1410044): 0 -> 1
Cell (virus_1508220,host_903567): 0 -> 1
Cell (virus_1508220,host_58067): 0 -> 1
Cell (virus_1508220,host_498220): 0 -> 1
Cell (virus_1508220,host_77233): 0 -> 1
Cell (virus_1508220,host_326083): 0 -> 1
Cell (virus_1508220,host_94956): 0 -> 1
Cell (virus_1508220,host_40233): 0 -> 1
Cell (virus_1508220,host_148094): 0 -> 1
Cell (virus_1508220,host_410852): 0 -> 1
Cell (virus_1508220,host_27634): 0 -> 1
Cell (virus_1508220,host_27660): 0 -> 1
Cell (virus_1508220,host_27638): 0 -> 1
Cell (virus_1508220,host_89673): 0 -> 1
Cell (virus_1508220,host_148089): 0 -> 1
Cell (virus_1508220,host_94961): 0 -> 1
Cell (virus_1508220,host_3042450): 0 -> 1
Cell (virus_1508220,host_59472): 0 -> 1
Cell (virus_1508220,host_9414): 0 -> 1
Cell (virus_1508220,host_1434095): 0 -> 1
Cell (virus_1508220,host_187007): 0 -> 1
Cell (virus_1508220,host_9433): 0 -> 1
Cell (virus_1508220,host_438766): 0 -> 1
Cell (virus_1508220,host_258934): 0 -> 1
Cell (virus_1508220,host_479723): 0 -> 1
Cell (virus_1508220,host_124751): 0 -> 1
Cell (virus_1508220,host_27622): 0 -> 1
Cell (virus_1508220,host_2218597): 0 -> 1
Cell (virus_1508220,host_452595): 0 -> 1
Cell (virus_1508220,host_999964): 0 -> 1
Cell (virus_1508220,host_258953): 0 -> 1
Cell (virus_1508220,host_249033): 0 -> 1
Cell (virus_1508220,host_61862): 0 -> 1
Cell (virus_1508220,host_29078): 0 -> 1
Cell (virus_1508220,host_3371014): 0 -> 1
Cell (virus_3433775,host_257882): 0 -> 1
Cell (virus_3433775,host_59463): 0 -> 1
Cell (virus_3433775,host_109480): 0 -> 1
Cell (virus_3433775,host_519446): 0 -> 1
Cell (virus_3433775,host_2528591): 0 -> 1
Cell (virus_3433775,host_109482): 0 -> 1
Cell (virus_3433775,host_51298): 0 -> 1
Cell (virus_3433775,host_386774): 0 -> 1
Cell (virus_3433775,host_392318): 0 -> 1
Cell (virus_3433775,host_526407): 0 -> 1
Cell (virus_3433775,host_59461): 0 -> 1
Cell (virus_3433775,host_98922): 0 -> 1
Cell (virus_3433775,host_159330): 0 -> 1
Cell (virus_3433775,host_452654): 0 -> 1
Cell (virus_3433775,host_587652): 0 -> 1
Cell (virus_3433775,host_155915): 0 -> 1
Cell (virus_3433775,host_2015597): 0 -> 1
Cell (virus_3433775,host_633648): 0 -> 1
Cell (virus_3433775,host_188569): 0 -> 1
Cell (virus_3433775,host_178895): 0 -> 1
Cell (virus_3433775,host_608708): 0 -> 1
Cell (virus_3433775,host_430491): 0 -> 1
Cell (virus_3433775,host_476589): 0 -> 1
Cell (virus_3433775,host_188571): 0 -> 1
Cell (virus_3433775,host_249024): 0 -> 1
Cell (virus_3433775,host_302408): 0 -> 1
Cell (virus_3433775,host_59478): 0 -> 1
Cell (virus_3433775,host_519037): 0 -> 1
Cell (virus_3433775,host_77218): 0 -> 1
Cell (virus_3433775,host_1195082): 0 -> 1
Cell (virus_3433775,host_124756): 0 -> 1
Cell (virus_3433775,host_166054): 0 -> 1
Cell (virus_3433775,host_196297): 0 -> 1
Cell (virus_3433775,host_385575): 0 -> 1
Cell (virus_3433775,host_328804): 0 -> 1
Cell (virus_3433775,host_1410044): 0 -> 1
Cell (virus_3433775,host_903567): 0 -> 1
Cell (virus_3433775,host_58067): 0 -> 1
Cell (virus_3433775,host_498220): 0 -> 1
Cell (virus_3433775,host_77233): 0 -> 1
Cell (virus_3433775,host_326083): 0 -> 1
Cell (virus_3433775,host_94956): 0 -> 1
Cell (virus_3433775,host_40233): 0 -> 1
Cell (virus_3433775,host_148094): 0 -> 1
Cell (virus_3433775,host_410852): 0 -> 1
Cell (virus_3433775,host_27634): 0 -> 1
Cell (virus_3433775,host_27660): 0 -> 1
Cell (virus_3433775,host_27638): 0 -> 1
Cell (virus_3433775,host_89673): 0 -> 1
Cell (virus_3433775,host_148089): 0 -> 1
Cell (virus_3433775,host_94961): 0 -> 1
Cell (virus_3433775,host_3042450): 0 -> 1
Cell (virus_3433775,host_59472): 0 -> 1
Cell (virus_3433775,host_9414): 0 -> 1
Cell (virus_3433775,host_1434095): 0 -> 1
Cell (virus_3433775,host_187007): 0 -> 1
Cell (virus_3433775,host_9433): 0 -> 1
Cell (virus_3433775,host_438766): 0 -> 1
Cell (virus_3433775,host_258934): 0 -> 1
Cell (virus_3433775,host_479723): 0 -> 1
Cell (virus_3433775,host_124751): 0 -> 1
Cell (virus_3433775,host_27622): 0 -> 1
Cell (virus_3433775,host_2218597): 0 -> 1
Cell (virus_3433775,host_452595): 0 -> 1
Cell (virus_3433775,host_999964): 0 -> 1
Cell (virus_3433775,host_258953): 0 -> 1
Cell (virus_3433775,host_249033): 0 -> 1
Cell (virus_3433775,host_61862): 0 -> 1
Cell (virus_3433775,host_29078): 0 -> 1
Cell (virus_3433775,host_3371014): 0 -> 1
Cell (virus_694008,host_257882): 0 -> 1
Cell (virus_694008,host_59463): 0 -> 1
Cell (virus_694008,host_109480): 0 -> 1
Cell (virus_694008,host_519446): 0 -> 1
Cell (virus_694008,host_2528591): 0 -> 1
Cell (virus_694008,host_109482): 0 -> 1
Cell (virus_694008,host_51298): 0 -> 1
Cell (virus_694008,host_386774): 0 -> 1
Cell (virus_694008,host_392318): 0 -> 1
Cell (virus_694008,host_526407): 0 -> 1
Cell (virus_694008,host_59461): 0 -> 1
Cell (virus_694008,host_98922): 0 -> 1
Cell (virus_694008,host_159330): 0 -> 1
Cell (virus_694008,host_452654): 0 -> 1
Cell (virus_694008,host_587652): 0 -> 1
Cell (virus_694008,host_155915): 0 -> 1
Cell (virus_694008,host_2015597): 0 -> 1
Cell (virus_694008,host_633648): 0 -> 1
Cell (virus_694008,host_188569): 0 -> 1
Cell (virus_694008,host_178895): 0 -> 1
Cell (virus_694008,host_608708): 0 -> 1
Cell (virus_694008,host_430491): 0 -> 1
Cell (virus_694008,host_476589): 0 -> 1
Cell (virus_694008,host_188571): 0 -> 1
Cell (virus_694008,host_249024): 0 -> 1
Cell (virus_694008,host_302408): 0 -> 1
Cell (virus_694008,host_59478): 0 -> 1
Cell (virus_694008,host_519037): 0 -> 1
Cell (virus_694008,host_77218): 0 -> 1
Cell (virus_694008,host_1195082): 0 -> 1
Cell (virus_694008,host_124756): 0 -> 1
Cell (virus_694008,host_166054): 0 -> 1
Cell (virus_694008,host_196297): 0 -> 1
Cell (virus_694008,host_385575): 0 -> 1
Cell (virus_694008,host_328804): 0 -> 1
Cell (virus_694008,host_1410044): 0 -> 1
Cell (virus_694008,host_903567): 0 -> 1
Cell (virus_694008,host_58067): 0 -> 1
Cell (virus_694008,host_498220): 0 -> 1
Cell (virus_694008,host_77233): 0 -> 1
Cell (virus_694008,host_326083): 0 -> 1
Cell (virus_694008,host_94956): 0 -> 1
Cell (virus_694008,host_40233): 0 -> 1
Cell (virus_694008,host_148094): 0 -> 1
Cell (virus_694008,host_410852): 0 -> 1
Cell (virus_694008,host_27634): 0 -> 1
Cell (virus_694008,host_27660): 0 -> 1
Cell (virus_694008,host_27638): 0 -> 1
Cell (virus_694008,host_89673): 0 -> 1
Cell (virus_694008,host_148089): 0 -> 1
Cell (virus_694008,host_94961): 0 -> 1
Cell (virus_694008,host_3042450): 0 -> 1
Cell (virus_694008,host_59472): 0 -> 1
Cell (virus_694008,host_9414): 0 -> 1
Cell (virus_694008,host_1434095): 0 -> 1
Cell (virus_694008,host_187007): 0 -> 1
Cell (virus_694008,host_9433): 0 -> 1
Cell (virus_694008,host_438766): 0 -> 1
Cell (virus_694008,host_258934): 0 -> 1
Cell (virus_694008,host_479723): 0 -> 1
Cell (virus_694008,host_124751): 0 -> 1
Cell (virus_694008,host_27622): 0 -> 1
Cell (virus_694008,host_2218597): 0 -> 1
Cell (virus_694008,host_452595): 0 -> 1
Cell (virus_694008,host_999964): 0 -> 1
Cell (virus_694008,host_258953): 0 -> 1
Cell (virus_694008,host_249033): 0 -> 1
Cell (virus_694008,host_61862): 0 -> 1
Cell (virus_694008,host_29078): 0 -> 1
Cell (virus_694008,host_3371014): 0 -> 1
Cell (virus_2832974,host_59463): 0 -> 1
Cell (virus_2832974,host_519446): 0 -> 1
Cell (virus_2832974,host_2528591): 0 -> 1
Cell (virus_2832974,host_109482): 0 -> 1
Cell (virus_2832974,host_51298): 0 -> 1
Cell (virus_2832974,host_225399): 0 -> 1
Cell (virus_2832974,host_386774): 0 -> 1
Cell (virus_2832974,host_392318): 0 -> 1
Cell (virus_2832974,host_187014): 0 -> 1
Cell (virus_2832974,host_526407): 0 -> 1
Cell (virus_2832974,host_59461): 0 -> 1
Cell (virus_2832974,host_98922): 0 -> 1
Cell (virus_2832974,host_159330): 0 -> 1
Cell (virus_2832974,host_452654): 0 -> 1
Cell (virus_2832974,host_155915): 0 -> 1
Cell (virus_2832974,host_2015597): 0 -> 1
Cell (virus_2832974,host_633648): 0 -> 1
Cell (virus_2832974,host_188569): 0 -> 1
Cell (virus_2832974,host_584995): 0 -> 1
Cell (virus_2832974,host_178895): 0 -> 1
Cell (virus_2832974,host_76834): 0 -> 1
Cell (virus_2832974,host_430491): 0 -> 1
Cell (virus_2832974,host_188571): 0 -> 1
Cell (virus_2832974,host_249024): 0 -> 1
Cell (virus_2832974,host_302408): 0 -> 1
Cell (virus_2832974,host_49443): 0 -> 1
Cell (virus_2832974,host_59478): 0 -> 1
Cell (virus_2832974,host_342862): 0 -> 1
Cell (virus_2832974,host_519037): 0 -> 1
Cell (virus_2832974,host_77218): 0 -> 1
Cell (virus_2832974,host_124756): 0 -> 1
Cell (virus_2832974,host_196297): 0 -> 1
Cell (virus_2832974,host_385575): 0 -> 1
Cell (virus_2832974,host_328804): 0 -> 1
Cell (virus_2832974,host_1410044): 0 -> 1
Cell (virus_2832974,host_77231): 0 -> 1
Cell (virus_2832974,host_372077): 0 -> 1
Cell (virus_2832974,host_58067): 0 -> 1
Cell (virus_2832974,host_498220): 0 -> 1
Cell (virus_2832974,host_298110): 0 -> 1
Cell (virus_2832974,host_77233): 0 -> 1
Cell (virus_2832974,host_326083): 0 -> 1
Cell (virus_2832974,host_1381355): 0 -> 1
Cell (virus_2832974,host_94956): 0 -> 1
Cell (virus_2832974,host_40233): 0 -> 1
Cell (virus_2832974,host_148094): 0 -> 1
Cell (virus_2832974,host_410852): 0 -> 1
Cell (virus_2832974,host_27634): 0 -> 1
Cell (virus_2832974,host_27638): 0 -> 1
Cell (virus_2832974,host_89673): 0 -> 1
Cell (virus_2832974,host_148061): 0 -> 1
Cell (virus_2832974,host_148089): 0 -> 1
Cell (virus_2832974,host_94961): 0 -> 1
Cell (virus_2832974,host_3042450): 0 -> 1
Cell (virus_2832974,host_3371013): 0 -> 1
Cell (virus_2832974,host_59472): 0 -> 1
Cell (virus_2832974,host_9414): 0 -> 1
Cell (virus_2832974,host_1434095): 0 -> 1
Cell (virus_2832974,host_221087): 0 -> 1
Cell (virus_2832974,host_187007): 0 -> 1
Cell (virus_2832974,host_9433): 0 -> 1
Cell (virus_2832974,host_438766): 0 -> 1
Cell (virus_2832974,host_258934): 0 -> 1
Cell (virus_2832974,host_124751): 0 -> 1
Cell (virus_2832974,host_27622): 0 -> 1
Cell (virus_2832974,host_2218597): 0 -> 1
Cell (virus_2832974,host_452595): 0 -> 1
Cell (virus_2832974,host_999964): 0 -> 1
Cell (virus_2832974,host_258952): 0 -> 1
Cell (virus_2832974,host_258953): 0 -> 1
Cell (virus_2832974,host_249033): 0 -> 1
Cell (virus_2832974,host_258930): 0 -> 1
Cell (virus_2832974,host_61862): 0 -> 1
Cell (virus_2832974,host_29078): 0 -> 1
Cell (virus_2832974,host_3371014): 0 -> 1
Cell (virus_1928434,host_160974): 0 -> 1
Cell (virus_1928434,host_519446): 0 -> 1
Cell (virus_1928434,host_109481): 0 -> 1
Cell (virus_1928434,host_109482): 0 -> 1
Cell (virus_1928434,host_412095): 0 -> 1
Cell (virus_1928434,host_225399): 0 -> 1
Cell (virus_1928434,host_386774): 0 -> 1
Cell (virus_1928434,host_392318): 0 -> 1
Cell (virus_1928434,host_187014): 0 -> 1
Cell (virus_1928434,host_526407): 0 -> 1
Cell (virus_1928434,host_1911917): 0 -> 1
Cell (virus_1928434,host_59461): 0 -> 1
Cell (virus_1928434,host_98922): 0 -> 1
Cell (virus_1928434,host_587652): 0 -> 1
Cell (virus_1928434,host_155915): 0 -> 1
Cell (virus_1928434,host_385037): 0 -> 1
Cell (virus_1928434,host_2015597): 0 -> 1
Cell (virus_1928434,host_633648): 0 -> 1
Cell (virus_1928434,host_1207989): 0 -> 1
Cell (virus_1928434,host_188569): 0 -> 1
Cell (virus_1928434,host_175524): 0 -> 1
Cell (virus_1928434,host_186991): 0 -> 1
Cell (virus_1928434,host_270698): 0 -> 1
Cell (virus_1928434,host_302402): 0 -> 1
Cell (virus_1928434,host_463808): 0 -> 1
Cell (virus_1928434,host_476588): 0 -> 1
Cell (virus_1928434,host_337452): 0 -> 1
Cell (virus_1928434,host_608659): 0 -> 1
Cell (virus_1928434,host_178895): 0 -> 1
Cell (virus_1928434,host_608708): 0 -> 1
Cell (virus_1928434,host_430491): 0 -> 1
Cell (virus_1928434,host_89399): 0 -> 1
Cell (virus_1928434,host_188571): 0 -> 1
Cell (virus_1928434,host_249024): 0 -> 1
Cell (virus_1928434,host_302408): 0 -> 1
Cell (virus_1928434,host_59478): 0 -> 1
Cell (virus_1928434,host_519037): 0 -> 1
Cell (virus_1928434,host_329870): 0 -> 1
Cell (virus_1928434,host_3371112): 0 -> 1
Cell (virus_1928434,host_124756): 0 -> 1
Cell (virus_1928434,host_196297): 0 -> 1
Cell (virus_1928434,host_58067): 0 -> 1
Cell (virus_1928434,host_498220): 0 -> 1
Cell (virus_1928434,host_58063): 0 -> 1
Cell (virus_1928434,host_77233): 0 -> 1
Cell (virus_1928434,host_374419): 0 -> 1
Cell (virus_1928434,host_326081): 0 -> 1
Cell (virus_1928434,host_326083): 0 -> 1
Cell (virus_1928434,host_907075): 0 -> 1
Cell (virus_1928434,host_94956): 0 -> 1
Cell (virus_1928434,host_40233): 0 -> 1
Cell (virus_1928434,host_410852): 0 -> 1
Cell (virus_1928434,host_27634): 0 -> 1
Cell (virus_1928434,host_40228): 0 -> 1
Cell (virus_1928434,host_40229): 0 -> 1
Cell (virus_1928434,host_177162): 0 -> 1
Cell (virus_1928434,host_27638): 0 -> 1
Cell (virus_1928434,host_89673): 0 -> 1
Cell (virus_1928434,host_94961): 0 -> 1
Cell (virus_1928434,host_3042450): 0 -> 1
Cell (virus_1928434,host_9414): 0 -> 1
Cell (virus_1928434,host_1434095): 0 -> 1
Cell (virus_1928434,host_9433): 0 -> 1
Cell (virus_1928434,host_258934): 0 -> 1
Cell (virus_1928434,host_2218597): 0 -> 1
Cell (virus_1928434,host_242384): 0 -> 1
Cell (virus_1928434,host_452595): 0 -> 1
Cell (virus_1928434,host_999964): 0 -> 1
Cell (virus_1928434,host_258953): 0 -> 1
Cell (virus_1928434,host_29078): 0 -> 1
Cell (virus_1928434,host_3371014): 0 -> 1
Cell (virus_1928434,host_3371016): 0 -> 1
Cell (virus_3433757,host_160974): 0 -> 1
Cell (virus_3433757,host_519446): 0 -> 1
Cell (virus_3433757,host_109481): 0 -> 1
Cell (virus_3433757,host_109482): 0 -> 1
Cell (virus_3433757,host_412095): 0 -> 1
Cell (virus_3433757,host_225399): 0 -> 1
Cell (virus_3433757,host_386774): 0 -> 1
Cell (virus_3433757,host_392318): 0 -> 1
Cell (virus_3433757,host_187014): 0 -> 1
Cell (virus_3433757,host_526407): 0 -> 1
Cell (virus_3433757,host_1911917): 0 -> 1
Cell (virus_3433757,host_59461): 0 -> 1
Cell (virus_3433757,host_98922): 0 -> 1
Cell (virus_3433757,host_587652): 0 -> 1
Cell (virus_3433757,host_155915): 0 -> 1
Cell (virus_3433757,host_385037): 0 -> 1
Cell (virus_3433757,host_2015597): 0 -> 1
Cell (virus_3433757,host_633648): 0 -> 1
Cell (virus_3433757,host_1207989): 0 -> 1
Cell (virus_3433757,host_188569): 0 -> 1
Cell (virus_3433757,host_175524): 0 -> 1
Cell (virus_3433757,host_186991): 0 -> 1
Cell (virus_3433757,host_270698): 0 -> 1
Cell (virus_3433757,host_302402): 0 -> 1
Cell (virus_3433757,host_463808): 0 -> 1
Cell (virus_3433757,host_476588): 0 -> 1
Cell (virus_3433757,host_337452): 0 -> 1
Cell (virus_3433757,host_608659): 0 -> 1
Cell (virus_3433757,host_178895): 0 -> 1
Cell (virus_3433757,host_608708): 0 -> 1
Cell (virus_3433757,host_430491): 0 -> 1
Cell (virus_3433757,host_89399): 0 -> 1
Cell (virus_3433757,host_188571): 0 -> 1
Cell (virus_3433757,host_249024): 0 -> 1
Cell (virus_3433757,host_302408): 0 -> 1
Cell (virus_3433757,host_59478): 0 -> 1
Cell (virus_3433757,host_519037): 0 -> 1
Cell (virus_3433757,host_1195082): 0 -> 1
Cell (virus_3433757,host_329870): 0 -> 1
Cell (virus_3433757,host_3371112): 0 -> 1
Cell (virus_3433757,host_124756): 0 -> 1
Cell (virus_3433757,host_196297): 0 -> 1
Cell (virus_3433757,host_58067): 0 -> 1
Cell (virus_3433757,host_498220): 0 -> 1
Cell (virus_3433757,host_58063): 0 -> 1
Cell (virus_3433757,host_77233): 0 -> 1
Cell (virus_3433757,host_374419): 0 -> 1
Cell (virus_3433757,host_326081): 0 -> 1
Cell (virus_3433757,host_326083): 0 -> 1
Cell (virus_3433757,host_907075): 0 -> 1
Cell (virus_3433757,host_94956): 0 -> 1
Cell (virus_3433757,host_40233): 0 -> 1
Cell (virus_3433757,host_410852): 0 -> 1
Cell (virus_3433757,host_27634): 0 -> 1
Cell (virus_3433757,host_40228): 0 -> 1
Cell (virus_3433757,host_40229): 0 -> 1
Cell (virus_3433757,host_177162): 0 -> 1
Cell (virus_3433757,host_27638): 0 -> 1
Cell (virus_3433757,host_2994998): 0 -> 1
Cell (virus_3433757,host_89673): 0 -> 1
Cell (virus_3433757,host_94961): 0 -> 1
Cell (virus_3433757,host_3042450): 0 -> 1
Cell (virus_3433757,host_9414): 0 -> 1
Cell (virus_3433757,host_1434095): 0 -> 1
Cell (virus_3433757,host_9433): 0 -> 1
Cell (virus_3433757,host_258934): 0 -> 1
Cell (virus_3433757,host_2218597): 0 -> 1
Cell (virus_3433757,host_242384): 0 -> 1
Cell (virus_3433757,host_452595): 0 -> 1
Cell (virus_3433757,host_999964): 0 -> 1
Cell (virus_3433757,host_258953): 0 -> 1
Cell (virus_3433757,host_29078): 0 -> 1
Cell (virus_3433757,host_3371014): 0 -> 1
Cell (virus_3433757,host_3371016): 0 -> 1
Cell (virus_694003,host_160974): 0 -> 1
Cell (virus_694003,host_519446): 0 -> 1
Cell (virus_694003,host_109481): 0 -> 1
Cell (virus_694003,host_109482): 0 -> 1
Cell (virus_694003,host_412095): 0 -> 1
Cell (virus_694003,host_225399): 0 -> 1
Cell (virus_694003,host_386774): 0 -> 1
Cell (virus_694003,host_392318): 0 -> 1
Cell (virus_694003,host_187014): 0 -> 1
Cell (virus_694003,host_526407): 0 -> 1
Cell (virus_694003,host_1911917): 0 -> 1
Cell (virus_694003,host_59461): 0 -> 1
Cell (virus_694003,host_98922): 0 -> 1
Cell (virus_694003,host_587652): 0 -> 1
Cell (virus_694003,host_155915): 0 -> 1
Cell (virus_694003,host_385037): 0 -> 1
Cell (virus_694003,host_2015597): 0 -> 1
Cell (virus_694003,host_633648): 0 -> 1
Cell (virus_694003,host_1207989): 0 -> 1
Cell (virus_694003,host_188569): 0 -> 1
Cell (virus_694003,host_175524): 0 -> 1
Cell (virus_694003,host_186991): 0 -> 1
Cell (virus_694003,host_270698): 0 -> 1
Cell (virus_694003,host_302402): 0 -> 1
Cell (virus_694003,host_463808): 0 -> 1
Cell (virus_694003,host_476588): 0 -> 1
Cell (virus_694003,host_337452): 0 -> 1
Cell (virus_694003,host_608659): 0 -> 1
Cell (virus_694003,host_178895): 0 -> 1
Cell (virus_694003,host_608708): 0 -> 1
Cell (virus_694003,host_430491): 0 -> 1
Cell (virus_694003,host_89399): 0 -> 1
Cell (virus_694003,host_188571): 0 -> 1
Cell (virus_694003,host_249024): 0 -> 1
Cell (virus_694003,host_302408): 0 -> 1
Cell (virus_694003,host_59478): 0 -> 1
Cell (virus_694003,host_519037): 0 -> 1
Cell (virus_694003,host_1195082): 0 -> 1
Cell (virus_694003,host_329870): 0 -> 1
Cell (virus_694003,host_3371112): 0 -> 1
Cell (virus_694003,host_124756): 0 -> 1
Cell (virus_694003,host_196297): 0 -> 1
Cell (virus_694003,host_58067): 0 -> 1
Cell (virus_694003,host_498220): 0 -> 1
Cell (virus_694003,host_58063): 0 -> 1
Cell (virus_694003,host_77233): 0 -> 1
Cell (virus_694003,host_374419): 0 -> 1
Cell (virus_694003,host_326081): 0 -> 1
Cell (virus_694003,host_326083): 0 -> 1
Cell (virus_694003,host_907075): 0 -> 1
Cell (virus_694003,host_94956): 0 -> 1
Cell (virus_694003,host_40233): 0 -> 1
Cell (virus_694003,host_410852): 0 -> 1
Cell (virus_694003,host_27634): 0 -> 1
Cell (virus_694003,host_40228): 0 -> 1
Cell (virus_694003,host_40229): 0 -> 1
Cell (virus_694003,host_177162): 0 -> 1
Cell (virus_694003,host_27638): 0 -> 1
Cell (virus_694003,host_2994998): 0 -> 1
Cell (virus_694003,host_89673): 0 -> 1
Cell (virus_694003,host_94961): 0 -> 1
Cell (virus_694003,host_3042450): 0 -> 1
Cell (virus_694003,host_9414): 0 -> 1
Cell (virus_694003,host_1434095): 0 -> 1
Cell (virus_694003,host_9433): 0 -> 1
Cell (virus_694003,host_258934): 0 -> 1
Cell (virus_694003,host_2218597): 0 -> 1
Cell (virus_694003,host_242384): 0 -> 1
Cell (virus_694003,host_452595): 0 -> 1
Cell (virus_694003,host_999964): 0 -> 1
Cell (virus_694003,host_258953): 0 -> 1
Cell (virus_694003,host_29078): 0 -> 1
Cell (virus_694003,host_3371014): 0 -> 1
Cell (virus_694003,host_3371016): 0 -> 1
Cell (virus_2717680,host_257882): 0 -> 1
Cell (virus_2717680,host_109480): 0 -> 1
Cell (virus_2717680,host_519446): 0 -> 1
Cell (virus_2717680,host_109481): 0 -> 1
Cell (virus_2717680,host_109482): 0 -> 1
Cell (virus_2717680,host_225399): 0 -> 1
Cell (virus_2717680,host_386774): 0 -> 1
Cell (virus_2717680,host_526407): 0 -> 1
Cell (virus_2717680,host_59461): 0 -> 1
Cell (virus_2717680,host_98922): 0 -> 1
Cell (virus_2717680,host_452654): 0 -> 1
Cell (virus_2717680,host_587652): 0 -> 1
Cell (virus_2717680,host_155915): 0 -> 1
Cell (virus_2717680,host_385037): 0 -> 1
Cell (virus_2717680,host_1207989): 0 -> 1
Cell (virus_2717680,host_188569): 0 -> 1
Cell (virus_2717680,host_59453): 0 -> 1
Cell (virus_2717680,host_175524): 0 -> 1
Cell (virus_2717680,host_186990): 0 -> 1
Cell (virus_2717680,host_186991): 0 -> 1
Cell (virus_2717680,host_584995): 0 -> 1
Cell (virus_2717680,host_196889): 0 -> 1
Cell (virus_2717680,host_476588): 0 -> 1
Cell (virus_2717680,host_337452): 0 -> 1
Cell (virus_2717680,host_608659): 0 -> 1
Cell (virus_2717680,host_178895): 0 -> 1
Cell (virus_2717680,host_430491): 0 -> 1
Cell (virus_2717680,host_188571): 0 -> 1
Cell (virus_2717680,host_2603865): 0 -> 1
Cell (virus_2717680,host_302408): 0 -> 1
Cell (virus_2717680,host_59478): 0 -> 1
Cell (virus_2717680,host_342862): 0 -> 1
Cell (virus_2717680,host_519037): 0 -> 1
Cell (virus_2717680,host_430492): 0 -> 1
Cell (virus_2717680,host_77218): 0 -> 1
Cell (virus_2717680,host_329870): 0 -> 1
Cell (virus_2717680,host_549403): 0 -> 1
Cell (virus_2717680,host_124756): 0 -> 1
Cell (virus_2717680,host_196297): 0 -> 1
Cell (virus_2717680,host_328804): 0 -> 1
Cell (virus_2717680,host_9402): 0 -> 1
Cell (virus_2717680,host_1410044): 0 -> 1
Cell (virus_2717680,host_372077): 0 -> 1
Cell (virus_2717680,host_58067): 0 -> 1
Cell (virus_2717680,host_498220): 0 -> 1
Cell (virus_2717680,host_448084): 0 -> 1
Cell (virus_2717680,host_58071): 0 -> 1
Cell (virus_2717680,host_77243): 0 -> 1
Cell (virus_2717680,host_58073): 0 -> 1
Cell (virus_2717680,host_58083): 0 -> 1
Cell (virus_2717680,host_9408): 0 -> 1
Cell (virus_2717680,host_58063): 0 -> 1
Cell (virus_2717680,host_77214): 0 -> 1
Cell (virus_2717680,host_58060): 0 -> 1
Cell (virus_2717680,host_77233): 0 -> 1
Cell (virus_2717680,host_326083): 0 -> 1
Cell (virus_2717680,host_1381355): 0 -> 1
Cell (virus_2717680,host_410852): 0 -> 1
Cell (virus_2717680,host_27634): 0 -> 1
Cell (virus_2717680,host_40228): 0 -> 1
Cell (virus_2717680,host_51012): 0 -> 1
Cell (virus_2717680,host_40224): 0 -> 1
Cell (virus_2717680,host_27638): 0 -> 1
Cell (virus_2717680,host_2994998): 0 -> 1
Cell (virus_2717680,host_89673): 0 -> 1
Cell (virus_2717680,host_94961): 0 -> 1
Cell (virus_2717680,host_3042450): 0 -> 1
Cell (virus_2717680,host_3371013): 0 -> 1
Cell (virus_2717680,host_59472): 0 -> 1
Cell (virus_2717680,host_9414): 0 -> 1
Cell (virus_2717680,host_1434095): 0 -> 1
Cell (virus_2717680,host_221086): 0 -> 1
Cell (virus_2717680,host_9433): 0 -> 1
Cell (virus_2717680,host_258934): 0 -> 1
Cell (virus_2717680,host_479723): 0 -> 1
Cell (virus_2717680,host_258863): 0 -> 1
Cell (virus_2717680,host_999964): 0 -> 1
Cell (virus_2717680,host_9438): 0 -> 1
Cell (virus_2717680,host_153297): 0 -> 1
Cell (virus_2717680,host_258953): 0 -> 1
Cell (virus_2717680,host_249033): 0 -> 1
Cell (virus_2717680,host_61862): 0 -> 1
Cell (virus_2717680,host_29078): 0 -> 1
Cell (virus_2717680,host_2969767): 0 -> 1
Cell (virus_2717680,host_3371014): 0 -> 1
Cell (virus_2833022,host_109480): 0 -> 1
Cell (virus_2833022,host_519446): 0 -> 1
Cell (virus_2833022,host_109481): 0 -> 1
Cell (virus_2833022,host_109482): 0 -> 1
Cell (virus_2833022,host_225399): 0 -> 1
Cell (virus_2833022,host_386774): 0 -> 1
Cell (virus_2833022,host_392318): 0 -> 1
Cell (virus_2833022,host_526407): 0 -> 1
Cell (virus_2833022,host_59461): 0 -> 1
Cell (virus_2833022,host_98922): 0 -> 1
Cell (virus_2833022,host_159330): 0 -> 1
Cell (virus_2833022,host_452654): 0 -> 1
Cell (virus_2833022,host_155915): 0 -> 1
Cell (virus_2833022,host_385037): 0 -> 1
Cell (virus_2833022,host_1207989): 0 -> 1
Cell (virus_2833022,host_175524): 0 -> 1
Cell (virus_2833022,host_186991): 0 -> 1
Cell (virus_2833022,host_302402): 0 -> 1
Cell (virus_2833022,host_867892): 0 -> 1
Cell (virus_2833022,host_476588): 0 -> 1
Cell (virus_2833022,host_337452): 0 -> 1
Cell (virus_2833022,host_608659): 0 -> 1
Cell (virus_2833022,host_178895): 0 -> 1
Cell (virus_2833022,host_430491): 0 -> 1
Cell (virus_2833022,host_188571): 0 -> 1
Cell (virus_2833022,host_2603865): 0 -> 1
Cell (virus_2833022,host_2603866): 0 -> 1
Cell (virus_2833022,host_519041): 0 -> 1
Cell (virus_2833022,host_302408): 0 -> 1
Cell (virus_2833022,host_59478): 0 -> 1
Cell (virus_2833022,host_519037): 0 -> 1
Cell (virus_2833022,host_337453): 0 -> 1
Cell (virus_2833022,host_430492): 0 -> 1
Cell (virus_2833022,host_77218): 0 -> 1
Cell (virus_2833022,host_329870): 0 -> 1
Cell (virus_2833022,host_549403): 0 -> 1
Cell (virus_2833022,host_124756): 0 -> 1
Cell (virus_2833022,host_132908): 0 -> 1
Cell (virus_2833022,host_166054): 0 -> 1
Cell (virus_2833022,host_196297): 0 -> 1
Cell (virus_2833022,host_328804): 0 -> 1
Cell (virus_2833022,host_9402): 0 -> 1
Cell (virus_2833022,host_1410044): 0 -> 1
Cell (virus_2833022,host_2853157): 0 -> 1
Cell (virus_2833022,host_58067): 0 -> 1
Cell (virus_2833022,host_498220): 0 -> 1
Cell (virus_2833022,host_448084): 0 -> 1
Cell (virus_2833022,host_58073): 0 -> 1
Cell (virus_2833022,host_58083): 0 -> 1
Cell (virus_2833022,host_9408): 0 -> 1
Cell (virus_2833022,host_58063): 0 -> 1
Cell (virus_2833022,host_58060): 0 -> 1
Cell (virus_2833022,host_77233): 0 -> 1
Cell (virus_2833022,host_326081): 0 -> 1
Cell (virus_2833022,host_326083): 0 -> 1
Cell (virus_2833022,host_1381355): 0 -> 1
Cell (virus_2833022,host_94956): 0 -> 1
Cell (virus_2833022,host_138695): 0 -> 1
Cell (virus_2833022,host_410852): 0 -> 1
Cell (virus_2833022,host_40224): 0 -> 1
Cell (virus_2833022,host_40229): 0 -> 1
Cell (virus_2833022,host_27638): 0 -> 1
Cell (virus_2833022,host_89673): 0 -> 1
Cell (virus_2833022,host_148061): 0 -> 1
Cell (virus_2833022,host_9430): 0 -> 1
Cell (virus_2833022,host_94961): 0 -> 1
Cell (virus_2833022,host_3042450): 0 -> 1
Cell (virus_2833022,host_9414): 0 -> 1
Cell (virus_2833022,host_1434095): 0 -> 1
Cell (virus_2833022,host_9433): 0 -> 1
Cell (virus_2833022,host_187008): 0 -> 1
Cell (virus_2833022,host_258934): 0 -> 1
Cell (virus_2833022,host_999964): 0 -> 1
Cell (virus_2833022,host_9438): 0 -> 1
Cell (virus_2833022,host_258952): 0 -> 1
Cell (virus_2833022,host_258953): 0 -> 1
Cell (virus_2833022,host_61862): 0 -> 1
Cell (virus_2833022,host_29078): 0 -> 1
Cell (virus_2833022,host_2969767): 0 -> 1
Cell (virus_2833022,host_3371014): 0 -> 1
Cell (virus_2913444,host_109480): 0 -> 1
Cell (virus_2913444,host_519446): 0 -> 1
Cell (virus_2913444,host_109481): 0 -> 1
Cell (virus_2913444,host_109482): 0 -> 1
Cell (virus_2913444,host_412095): 0 -> 1
Cell (virus_2913444,host_225399): 0 -> 1
Cell (virus_2913444,host_386774): 0 -> 1
Cell (virus_2913444,host_526407): 0 -> 1
Cell (virus_2913444,host_59461): 0 -> 1
Cell (virus_2913444,host_98922): 0 -> 1
Cell (virus_2913444,host_159330): 0 -> 1
Cell (virus_2913444,host_452654): 0 -> 1
Cell (virus_2913444,host_155915): 0 -> 1
Cell (virus_2913444,host_385037): 0 -> 1
Cell (virus_2913444,host_175524): 0 -> 1
Cell (virus_2913444,host_186991): 0 -> 1
Cell (virus_2913444,host_302402): 0 -> 1
Cell (virus_2913444,host_476588): 0 -> 1
Cell (virus_2913444,host_337452): 0 -> 1
Cell (virus_2913444,host_320431): 0 -> 1
Cell (virus_2913444,host_608659): 0 -> 1
Cell (virus_2913444,host_178895): 0 -> 1
Cell (virus_2913444,host_76834): 0 -> 1
Cell (virus_2913444,host_430491): 0 -> 1
Cell (virus_2913444,host_188571): 0 -> 1
Cell (virus_2913444,host_2603865): 0 -> 1
Cell (virus_2913444,host_519041): 0 -> 1
Cell (virus_2913444,host_302408): 0 -> 1
Cell (virus_2913444,host_59478): 0 -> 1
Cell (virus_2913444,host_519037): 0 -> 1
Cell (virus_2913444,host_337453): 0 -> 1
Cell (virus_2913444,host_430492): 0 -> 1
Cell (virus_2913444,host_77218): 0 -> 1
Cell (virus_2913444,host_329870): 0 -> 1
Cell (virus_2913444,host_549403): 0 -> 1
Cell (virus_2913444,host_124756): 0 -> 1
Cell (virus_2913444,host_196297): 0 -> 1
Cell (virus_2913444,host_328804): 0 -> 1
Cell (virus_2913444,host_2853157): 0 -> 1
Cell (virus_2913444,host_58067): 0 -> 1
Cell (virus_2913444,host_498220): 0 -> 1
Cell (virus_2913444,host_448084): 0 -> 1
Cell (virus_2913444,host_58073): 0 -> 1
Cell (virus_2913444,host_58083): 0 -> 1
Cell (virus_2913444,host_58063): 0 -> 1
Cell (virus_2913444,host_58060): 0 -> 1
Cell (virus_2913444,host_77233): 0 -> 1
Cell (virus_2913444,host_326081): 0 -> 1
Cell (virus_2913444,host_326083): 0 -> 1
Cell (virus_2913444,host_1381355): 0 -> 1
Cell (virus_2913444,host_40233): 0 -> 1
Cell (virus_2913444,host_410852): 0 -> 1
Cell (virus_2913444,host_574064): 0 -> 1
Cell (virus_2913444,host_27634): 0 -> 1
Cell (virus_2913444,host_51012): 0 -> 1
Cell (virus_2913444,host_40229): 0 -> 1
Cell (virus_2913444,host_27660): 0 -> 1
Cell (virus_2913444,host_27638): 0 -> 1
Cell (virus_2913444,host_89673): 0 -> 1
Cell (virus_2913444,host_9430): 0 -> 1
Cell (virus_2913444,host_94961): 0 -> 1
Cell (virus_2913444,host_3042450): 0 -> 1
Cell (virus_2913444,host_3371013): 0 -> 1
Cell (virus_2913444,host_9414): 0 -> 1
Cell (virus_2913444,host_1434095): 0 -> 1
Cell (virus_2913444,host_9433): 0 -> 1
Cell (virus_2913444,host_187008): 0 -> 1
Cell (virus_2913444,host_258934): 0 -> 1
Cell (virus_2913444,host_999964): 0 -> 1
Cell (virus_2913444,host_9438): 0 -> 1
Cell (virus_2913444,host_258953): 0 -> 1
Cell (virus_2913444,host_61862): 0 -> 1
Cell (virus_2913444,host_29078): 0 -> 1
Cell (virus_2913444,host_2969767): 0 -> 1
Cell (virus_2913444,host_3371014): 0 -> 1
Cell (virus_3418614,host_257882): 0 -> 1
Cell (virus_3418614,host_109480): 0 -> 1
Cell (virus_3418614,host_519446): 0 -> 1
Cell (virus_3418614,host_109481): 0 -> 1
Cell (virus_3418614,host_2528591): 0 -> 1
Cell (virus_3418614,host_109482): 0 -> 1
Cell (virus_3418614,host_225399): 0 -> 1
Cell (virus_3418614,host_386774): 0 -> 1
Cell (virus_3418614,host_526407): 0 -> 1
Cell (virus_3418614,host_59461): 0 -> 1
Cell (virus_3418614,host_452653): 0 -> 1
Cell (virus_3418614,host_98922): 0 -> 1
Cell (virus_3418614,host_159330): 0 -> 1
Cell (virus_3418614,host_452654): 0 -> 1
Cell (virus_3418614,host_155915): 0 -> 1
Cell (virus_3418614,host_385037): 0 -> 1
Cell (virus_3418614,host_175524): 0 -> 1
Cell (virus_3418614,host_186990): 0 -> 1
Cell (virus_3418614,host_186991): 0 -> 1
Cell (virus_3418614,host_157961): 0 -> 1
Cell (virus_3418614,host_334201): 0 -> 1
Cell (virus_3418614,host_196889): 0 -> 1
Cell (virus_3418614,host_476588): 0 -> 1
Cell (virus_3418614,host_337452): 0 -> 1
Cell (virus_3418614,host_608659): 0 -> 1
Cell (virus_3418614,host_178895): 0 -> 1
Cell (virus_3418614,host_76834): 0 -> 1
Cell (virus_3418614,host_430491): 0 -> 1
Cell (virus_3418614,host_476589): 0 -> 1
Cell (virus_3418614,host_188571): 0 -> 1
Cell (virus_3418614,host_2603866): 0 -> 1
Cell (virus_3418614,host_302408): 0 -> 1
Cell (virus_3418614,host_59478): 0 -> 1
Cell (virus_3418614,host_519037): 0 -> 1
Cell (virus_3418614,host_430492): 0 -> 1
Cell (virus_3418614,host_77218): 0 -> 1
Cell (virus_3418614,host_329870): 0 -> 1
Cell (virus_3418614,host_3371112): 0 -> 1
Cell (virus_3418614,host_124756): 0 -> 1
Cell (virus_3418614,host_196297): 0 -> 1
Cell (virus_3418614,host_328804): 0 -> 1
Cell (virus_3418614,host_9402): 0 -> 1
Cell (virus_3418614,host_9403): 0 -> 1
Cell (virus_3418614,host_1898389): 0 -> 1
Cell (virus_3418614,host_77231): 0 -> 1
Cell (virus_3418614,host_58067): 0 -> 1
Cell (virus_3418614,host_498220): 0 -> 1
Cell (virus_3418614,host_448084): 0 -> 1
Cell (virus_3418614,host_58073): 0 -> 1
Cell (virus_3418614,host_58083): 0 -> 1
Cell (virus_3418614,host_9408): 0 -> 1
Cell (virus_3418614,host_58063): 0 -> 1
Cell (virus_3418614,host_58060): 0 -> 1
Cell (virus_3418614,host_77233): 0 -> 1
Cell (virus_3418614,host_326083): 0 -> 1
Cell (virus_3418614,host_118856): 0 -> 1
Cell (virus_3418614,host_138695): 0 -> 1
Cell (virus_3418614,host_40233): 0 -> 1
Cell (virus_3418614,host_410852): 0 -> 1
Cell (virus_3418614,host_574064): 0 -> 1
Cell (virus_3418614,host_27634): 0 -> 1
Cell (virus_3418614,host_27638): 0 -> 1
Cell (virus_3418614,host_89673): 0 -> 1
Cell (virus_3418614,host_9430): 0 -> 1
Cell (virus_3418614,host_94961): 0 -> 1
Cell (virus_3418614,host_3042450): 0 -> 1
Cell (virus_3418614,host_3371013): 0 -> 1
Cell (virus_3418614,host_9414): 0 -> 1
Cell (virus_3418614,host_1434095): 0 -> 1
Cell (virus_3418614,host_291302): 0 -> 1
Cell (virus_3418614,host_187007): 0 -> 1
Cell (virus_3418614,host_9433): 0 -> 1
Cell (virus_3418614,host_187008): 0 -> 1
Cell (virus_3418614,host_258934): 0 -> 1
Cell (virus_3418614,host_999964): 0 -> 1
Cell (virus_3418614,host_9438): 0 -> 1
Cell (virus_3418614,host_258953): 0 -> 1
Cell (virus_3418614,host_249033): 0 -> 1
Cell (virus_3418614,host_61862): 0 -> 1
Cell (virus_3418614,host_29078): 0 -> 1
Cell (virus_3418614,host_3371014): 0 -> 1
Cell (virus_3418614,host_360967): 0 -> 1
Cell (virus_3418614,host_109485): 0 -> 1
Cell (virus_3418614,host_258889): 0 -> 1
Cell (virus_2913379,host_257882): 0 -> 1
Cell (virus_2913379,host_109480): 0 -> 1
Cell (virus_2913379,host_519446): 0 -> 1
Cell (virus_2913379,host_109481): 0 -> 1
Cell (virus_2913379,host_2528591): 0 -> 1
Cell (virus_2913379,host_109482): 0 -> 1
Cell (virus_2913379,host_225399): 0 -> 1
Cell (virus_2913379,host_386774): 0 -> 1
Cell (virus_2913379,host_187014): 0 -> 1
Cell (virus_2913379,host_526407): 0 -> 1
Cell (virus_2913379,host_59461): 0 -> 1
Cell (virus_2913379,host_159330): 0 -> 1
Cell (virus_2913379,host_452654): 0 -> 1
Cell (virus_2913379,host_155915): 0 -> 1
Cell (virus_2913379,host_155035): 0 -> 1
Cell (virus_2913379,host_2015597): 0 -> 1
Cell (virus_2913379,host_633648): 0 -> 1
Cell (virus_2913379,host_1207989): 0 -> 1
Cell (virus_2913379,host_59453): 0 -> 1
Cell (virus_2913379,host_175524): 0 -> 1
Cell (virus_2913379,host_186990): 0 -> 1
Cell (virus_2913379,host_186991): 0 -> 1
Cell (virus_2913379,host_302402): 0 -> 1
Cell (virus_2913379,host_867892): 0 -> 1
Cell (virus_2913379,host_476588): 0 -> 1
Cell (virus_2913379,host_337452): 0 -> 1
Cell (virus_2913379,host_76837): 0 -> 1
Cell (virus_2913379,host_608659): 0 -> 1
Cell (virus_2913379,host_178895): 0 -> 1
Cell (virus_2913379,host_430491): 0 -> 1
Cell (virus_2913379,host_188571): 0 -> 1
Cell (virus_2913379,host_2603865): 0 -> 1
Cell (virus_2913379,host_2603866): 0 -> 1
Cell (virus_2913379,host_519041): 0 -> 1
Cell (virus_2913379,host_302408): 0 -> 1
Cell (virus_2913379,host_49443): 0 -> 1
Cell (virus_2913379,host_59478): 0 -> 1
Cell (virus_2913379,host_519037): 0 -> 1
Cell (virus_2913379,host_430492): 0 -> 1
Cell (virus_2913379,host_77218): 0 -> 1
Cell (virus_2913379,host_329870): 0 -> 1
Cell (virus_2913379,host_549403): 0 -> 1
Cell (virus_2913379,host_124756): 0 -> 1
Cell (virus_2913379,host_196297): 0 -> 1
Cell (virus_2913379,host_328804): 0 -> 1
Cell (virus_2913379,host_9402): 0 -> 1
Cell (virus_2913379,host_9403): 0 -> 1
Cell (virus_2913379,host_372077): 0 -> 1
Cell (virus_2913379,host_58067): 0 -> 1
Cell (virus_2913379,host_498220): 0 -> 1
Cell (virus_2913379,host_448084): 0 -> 1
Cell (virus_2913379,host_58073): 0 -> 1
Cell (virus_2913379,host_58063): 0 -> 1
Cell (virus_2913379,host_77214): 0 -> 1
Cell (virus_2913379,host_1898386): 0 -> 1
Cell (virus_2913379,host_58060): 0 -> 1
Cell (virus_2913379,host_77233): 0 -> 1
Cell (virus_2913379,host_326083): 0 -> 1
Cell (virus_2913379,host_1381355): 0 -> 1
Cell (virus_2913379,host_40233): 0 -> 1
Cell (virus_2913379,host_410852): 0 -> 1
Cell (virus_2913379,host_574064): 0 -> 1
Cell (virus_2913379,host_27634): 0 -> 1
Cell (virus_2913379,host_27638): 0 -> 1
Cell (virus_2913379,host_89673): 0 -> 1
Cell (virus_2913379,host_94961): 0 -> 1
Cell (virus_2913379,host_3042450): 0 -> 1
Cell (virus_2913379,host_9414): 0 -> 1
Cell (virus_2913379,host_1434095): 0 -> 1
Cell (virus_2913379,host_221086): 0 -> 1
Cell (virus_2913379,host_9433): 0 -> 1
Cell (virus_2913379,host_258934): 0 -> 1
Cell (virus_2913379,host_124751): 0 -> 1
Cell (virus_2913379,host_27622): 0 -> 1
Cell (virus_2913379,host_3041509): 0 -> 1
Cell (virus_2913379,host_258867): 0 -> 1
Cell (virus_2913379,host_999964): 0 -> 1
Cell (virus_2913379,host_9438): 0 -> 1
Cell (virus_2913379,host_258953): 0 -> 1
Cell (virus_2913379,host_61862): 0 -> 1
Cell (virus_2913379,host_29078): 0 -> 1
Cell (virus_2913379,host_3371014): 0 -> 1
Cell (virus_2913381,host_9435): 0 -> 1
Cell (virus_2913381,host_257882): 0 -> 1
Cell (virus_2913381,host_109480): 0 -> 1
Cell (virus_2913381,host_519446): 0 -> 1
Cell (virus_2913381,host_109482): 0 -> 1
Cell (virus_2913381,host_412095): 0 -> 1
Cell (virus_2913381,host_225399): 0 -> 1
Cell (virus_2913381,host_386774): 0 -> 1
Cell (virus_2913381,host_187014): 0 -> 1
Cell (virus_2913381,host_526407): 0 -> 1
Cell (virus_2913381,host_1911917): 0 -> 1
Cell (virus_2913381,host_59461): 0 -> 1
Cell (virus_2913381,host_452653): 0 -> 1
Cell (virus_2913381,host_258940): 0 -> 1
Cell (virus_2913381,host_452654): 0 -> 1
Cell (virus_2913381,host_155915): 0 -> 1
Cell (virus_2913381,host_2015597): 0 -> 1
Cell (virus_2913381,host_633648): 0 -> 1
Cell (virus_2913381,host_175524): 0 -> 1
Cell (virus_2913381,host_186991): 0 -> 1
Cell (virus_2913381,host_249020): 0 -> 1
Cell (virus_2913381,host_302402): 0 -> 1
Cell (virus_2913381,host_463808): 0 -> 1
Cell (virus_2913381,host_476588): 0 -> 1
Cell (virus_2913381,host_337452): 0 -> 1
Cell (virus_2913381,host_608659): 0 -> 1
Cell (virus_2913381,host_178895): 0 -> 1
Cell (virus_2913381,host_430491): 0 -> 1
Cell (virus_2913381,host_188571): 0 -> 1
Cell (virus_2913381,host_2603866): 0 -> 1
Cell (virus_2913381,host_302408): 0 -> 1
Cell (virus_2913381,host_59478): 0 -> 1
Cell (virus_2913381,host_342862): 0 -> 1
Cell (virus_2913381,host_430492): 0 -> 1
Cell (virus_2913381,host_77218): 0 -> 1
Cell (virus_2913381,host_329870): 0 -> 1
Cell (virus_2913381,host_3371112): 0 -> 1
Cell (virus_2913381,host_124756): 0 -> 1
Cell (virus_2913381,host_385575): 0 -> 1
Cell (virus_2913381,host_328804): 0 -> 1
Cell (virus_2913381,host_9402): 0 -> 1
Cell (virus_2913381,host_2853157): 0 -> 1
Cell (virus_2913381,host_58067): 0 -> 1
Cell (virus_2913381,host_448084): 0 -> 1
Cell (virus_2913381,host_58071): 0 -> 1
Cell (virus_2913381,host_58073): 0 -> 1
Cell (virus_2913381,host_58063): 0 -> 1
Cell (virus_2913381,host_77214): 0 -> 1
Cell (virus_2913381,host_1898386): 0 -> 1
Cell (virus_2913381,host_58060): 0 -> 1
Cell (virus_2913381,host_77233): 0 -> 1
Cell (virus_2913381,host_326083): 0 -> 1
Cell (virus_2913381,host_208969): 0 -> 1
Cell (virus_2913381,host_40233): 0 -> 1
Cell (virus_2913381,host_410852): 0 -> 1
Cell (virus_2913381,host_574064): 0 -> 1
Cell (virus_2913381,host_27634): 0 -> 1
Cell (virus_2913381,host_27660): 0 -> 1
Cell (virus_2913381,host_27638): 0 -> 1
Cell (virus_2913381,host_89673): 0 -> 1
Cell (virus_2913381,host_9430): 0 -> 1
Cell (virus_2913381,host_94961): 0 -> 1
Cell (virus_2913381,host_3042450): 0 -> 1
Cell (virus_2913381,host_9414): 0 -> 1
Cell (virus_2913381,host_1434095): 0 -> 1
Cell (virus_2913381,host_221086): 0 -> 1
Cell (virus_2913381,host_187007): 0 -> 1
Cell (virus_2913381,host_9433): 0 -> 1
Cell (virus_2913381,host_258934): 0 -> 1
Cell (virus_2913381,host_124751): 0 -> 1
Cell (virus_2913381,host_27622): 0 -> 1
Cell (virus_2913381,host_999964): 0 -> 1
Cell (virus_2913381,host_9438): 0 -> 1
Cell (virus_2913381,host_249033): 0 -> 1
Cell (virus_2913381,host_61862): 0 -> 1
Cell (virus_2913381,host_29078): 0 -> 1
Cell (virus_2913381,host_3371014): 0 -> 1
Cell (virus_3418613,host_109480): 0 -> 1
Cell (virus_3418613,host_519446): 0 -> 1
Cell (virus_3418613,host_2528591): 0 -> 1
Cell (virus_3418613,host_109482): 0 -> 1
Cell (virus_3418613,host_225399): 0 -> 1
Cell (virus_3418613,host_386774): 0 -> 1
Cell (virus_3418613,host_187014): 0 -> 1
Cell (virus_3418613,host_526407): 0 -> 1
Cell (virus_3418613,host_59461): 0 -> 1
Cell (virus_3418613,host_203696): 0 -> 1
Cell (virus_3418613,host_98922): 0 -> 1
Cell (virus_3418613,host_138979): 0 -> 1
Cell (virus_3418613,host_452654): 0 -> 1
Cell (virus_3418613,host_155915): 0 -> 1
Cell (virus_3418613,host_2015597): 0 -> 1
Cell (virus_3418613,host_633648): 0 -> 1
Cell (virus_3418613,host_175524): 0 -> 1
Cell (virus_3418613,host_186991): 0 -> 1
Cell (virus_3418613,host_270698): 0 -> 1
Cell (virus_3418613,host_302402): 0 -> 1
Cell (virus_3418613,host_196889): 0 -> 1
Cell (virus_3418613,host_867892): 0 -> 1
Cell (virus_3418613,host_476588): 0 -> 1
Cell (virus_3418613,host_337452): 0 -> 1
Cell (virus_3418613,host_76837): 0 -> 1
Cell (virus_3418613,host_608659): 0 -> 1
Cell (virus_3418613,host_178895): 0 -> 1
Cell (virus_3418613,host_608708): 0 -> 1
Cell (virus_3418613,host_430491): 0 -> 1
Cell (virus_3418613,host_188571): 0 -> 1
Cell (virus_3418613,host_302408): 0 -> 1
Cell (virus_3418613,host_49443): 0 -> 1
Cell (virus_3418613,host_59478): 0 -> 1
Cell (virus_3418613,host_342862): 0 -> 1
Cell (virus_3418613,host_519037): 0 -> 1
Cell (virus_3418613,host_430492): 0 -> 1
Cell (virus_3418613,host_77218): 0 -> 1
Cell (virus_3418613,host_329870): 0 -> 1
Cell (virus_3418613,host_124756): 0 -> 1
Cell (virus_3418613,host_196297): 0 -> 1
Cell (virus_3418613,host_385575): 0 -> 1
Cell (virus_3418613,host_328804): 0 -> 1
Cell (virus_3418613,host_9402): 0 -> 1
Cell (virus_3418613,host_372077): 0 -> 1
Cell (virus_3418613,host_903567): 0 -> 1
Cell (virus_3418613,host_58067): 0 -> 1
Cell (virus_3418613,host_498220): 0 -> 1
Cell (virus_3418613,host_448084): 0 -> 1
Cell (virus_3418613,host_58073): 0 -> 1
Cell (virus_3418613,host_58063): 0 -> 1
Cell (virus_3418613,host_1898386): 0 -> 1
Cell (virus_3418613,host_58060): 0 -> 1
Cell (virus_3418613,host_9400): 0 -> 1
Cell (virus_3418613,host_77233): 0 -> 1
Cell (virus_3418613,host_326083): 0 -> 1
Cell (virus_3418613,host_40233): 0 -> 1
Cell (virus_3418613,host_410852): 0 -> 1
Cell (virus_3418613,host_574064): 0 -> 1
Cell (virus_3418613,host_27634): 0 -> 1
Cell (virus_3418613,host_40228): 0 -> 1
Cell (virus_3418613,host_40229): 0 -> 1
Cell (virus_3418613,host_27638): 0 -> 1
Cell (virus_3418613,host_89673): 0 -> 1
Cell (virus_3418613,host_94961): 0 -> 1
Cell (virus_3418613,host_3042450): 0 -> 1
Cell (virus_3418613,host_9414): 0 -> 1
Cell (virus_3418613,host_1434095): 0 -> 1
Cell (virus_3418613,host_187007): 0 -> 1
Cell (virus_3418613,host_9433): 0 -> 1
Cell (virus_3418613,host_187008): 0 -> 1
Cell (virus_3418613,host_258934): 0 -> 1
Cell (virus_3418613,host_124751): 0 -> 1
Cell (virus_3418613,host_27622): 0 -> 1
Cell (virus_3418613,host_2218597): 0 -> 1
Cell (virus_3418613,host_258863): 0 -> 1
Cell (virus_3418613,host_999964): 0 -> 1
Cell (virus_3418613,host_9438): 0 -> 1
Cell (virus_3418613,host_249033): 0 -> 1
Cell (virus_3418613,host_61862): 0 -> 1
Cell (virus_3418613,host_29078): 0 -> 1
Cell (virus_3418613,host_2969767): 0 -> 1
Cell (virus_3418613,host_3371014): 0 -> 1
Cell (virus_2913443,host_257882): 0 -> 1
Cell (virus_2913443,host_109480): 0 -> 1
Cell (virus_2913443,host_519446): 0 -> 1
Cell (virus_2913443,host_109481): 0 -> 1
Cell (virus_2913443,host_109482): 0 -> 1
Cell (virus_2913443,host_412095): 0 -> 1
Cell (virus_2913443,host_51298): 0 -> 1
Cell (virus_2913443,host_225399): 0 -> 1
Cell (virus_2913443,host_386774): 0 -> 1
Cell (virus_2913443,host_187014): 0 -> 1
Cell (virus_2913443,host_526407): 0 -> 1
Cell (virus_2913443,host_59461): 0 -> 1
Cell (virus_2913443,host_98922): 0 -> 1
Cell (virus_2913443,host_452654): 0 -> 1
Cell (virus_2913443,host_155915): 0 -> 1
Cell (virus_2913443,host_2015597): 0 -> 1
Cell (virus_2913443,host_633648): 0 -> 1
Cell (virus_2913443,host_175524): 0 -> 1
Cell (virus_2913443,host_186990): 0 -> 1
Cell (virus_2913443,host_186991): 0 -> 1
Cell (virus_2913443,host_157961): 0 -> 1
Cell (virus_2913443,host_249020): 0 -> 1
Cell (virus_2913443,host_302402): 0 -> 1
Cell (virus_2913443,host_196889): 0 -> 1
Cell (virus_2913443,host_867892): 0 -> 1
Cell (virus_2913443,host_476588): 0 -> 1
Cell (virus_2913443,host_337452): 0 -> 1
Cell (virus_2913443,host_608659): 0 -> 1
Cell (virus_2913443,host_178895): 0 -> 1
Cell (virus_2913443,host_430491): 0 -> 1
Cell (virus_2913443,host_89399): 0 -> 1
Cell (virus_2913443,host_188571): 0 -> 1
Cell (virus_2913443,host_2603865): 0 -> 1
Cell (virus_2913443,host_302408): 0 -> 1
Cell (virus_2913443,host_49443): 0 -> 1
Cell (virus_2913443,host_59478): 0 -> 1
Cell (virus_2913443,host_59479): 0 -> 1
Cell (virus_2913443,host_342862): 0 -> 1
Cell (virus_2913443,host_519037): 0 -> 1
Cell (virus_2913443,host_430492): 0 -> 1
Cell (virus_2913443,host_77218): 0 -> 1
Cell (virus_2913443,host_329870): 0 -> 1
Cell (virus_2913443,host_549403): 0 -> 1
Cell (virus_2913443,host_124756): 0 -> 1
Cell (virus_2913443,host_196297): 0 -> 1
Cell (virus_2913443,host_328804): 0 -> 1
Cell (virus_2913443,host_1898389): 0 -> 1
Cell (virus_2913443,host_77231): 0 -> 1
Cell (virus_2913443,host_2853157): 0 -> 1
Cell (virus_2913443,host_372077): 0 -> 1
Cell (virus_2913443,host_903567): 0 -> 1
Cell (virus_2913443,host_58067): 0 -> 1
Cell (virus_2913443,host_498220): 0 -> 1
Cell (virus_2913443,host_58071): 0 -> 1
Cell (virus_2913443,host_77243): 0 -> 1
Cell (virus_2913443,host_58073): 0 -> 1
Cell (virus_2913443,host_58060): 0 -> 1
Cell (virus_2913443,host_77233): 0 -> 1
Cell (virus_2913443,host_326083): 0 -> 1
Cell (virus_2913443,host_907075): 0 -> 1
Cell (virus_2913443,host_148094): 0 -> 1
Cell (virus_2913443,host_410852): 0 -> 1
Cell (virus_2913443,host_27634): 0 -> 1
Cell (virus_2913443,host_9417): 0 -> 1
Cell (virus_2913443,host_27638): 0 -> 1
Cell (virus_2913443,host_89673): 0 -> 1
Cell (virus_2913443,host_148061): 0 -> 1
Cell (virus_2913443,host_9430): 0 -> 1
Cell (virus_2913443,host_94961): 0 -> 1
Cell (virus_2913443,host_3042450): 0 -> 1
Cell (virus_2913443,host_3371013): 0 -> 1
Cell (virus_2913443,host_9414): 0 -> 1
Cell (virus_2913443,host_1434095): 0 -> 1
Cell (virus_2913443,host_291302): 0 -> 1
Cell (virus_2913443,host_187007): 0 -> 1
Cell (virus_2913443,host_9433): 0 -> 1
Cell (virus_2913443,host_187008): 0 -> 1
Cell (virus_2913443,host_258934): 0 -> 1
Cell (virus_2913443,host_124751): 0 -> 1
Cell (virus_2913443,host_27622): 0 -> 1
Cell (virus_2913443,host_452595): 0 -> 1
Cell (virus_2913443,host_3370289): 0 -> 1
Cell (virus_2913443,host_999964): 0 -> 1
Cell (virus_2913443,host_9438): 0 -> 1
Cell (virus_2913443,host_258953): 0 -> 1
Cell (virus_2913443,host_249033): 0 -> 1
Cell (virus_2913443,host_258930): 0 -> 1
Cell (virus_2913443,host_272799): 0 -> 1
Cell (virus_2913443,host_61862): 0 -> 1
Cell (virus_2913443,host_29078): 0 -> 1
Cell (virus_2913443,host_3371014): 0 -> 1
Cell (virus_2913443,host_3371021): 0 -> 1
Cell (virus_2972746,host_9435): 0 -> 1
Cell (virus_2972746,host_257882): 0 -> 1
Cell (virus_2972746,host_1633875): 0 -> 1
Cell (virus_2972746,host_519446): 0 -> 1
Cell (virus_2972746,host_109481): 0 -> 1
Cell (virus_2972746,host_109482): 0 -> 1
Cell (virus_2972746,host_51298): 0 -> 1
Cell (virus_2972746,host_225399): 0 -> 1
Cell (virus_2972746,host_386774): 0 -> 1
Cell (virus_2972746,host_526407): 0 -> 1
Cell (virus_2972746,host_1911917): 0 -> 1
Cell (virus_2972746,host_59461): 0 -> 1
Cell (virus_2972746,host_98922): 0 -> 1
Cell (virus_2972746,host_452654): 0 -> 1
Cell (virus_2972746,host_155915): 0 -> 1
Cell (virus_2972746,host_225400): 0 -> 1
Cell (virus_2972746,host_385037): 0 -> 1
Cell (virus_2972746,host_2015597): 0 -> 1
Cell (virus_2972746,host_633648): 0 -> 1
Cell (virus_2972746,host_175524): 0 -> 1
Cell (virus_2972746,host_186990): 0 -> 1
Cell (virus_2972746,host_186991): 0 -> 1
Cell (virus_2972746,host_334201): 0 -> 1
Cell (virus_2972746,host_463808): 0 -> 1
Cell (virus_2972746,host_196889): 0 -> 1
Cell (virus_2972746,host_867892): 0 -> 1
Cell (virus_2972746,host_476588): 0 -> 1
Cell (virus_2972746,host_337452): 0 -> 1
Cell (virus_2972746,host_320431): 0 -> 1
Cell (virus_2972746,host_608659): 0 -> 1
Cell (virus_2972746,host_178895): 0 -> 1
Cell (virus_2972746,host_59477): 0 -> 1
Cell (virus_2972746,host_430491): 0 -> 1
Cell (virus_2972746,host_89399): 0 -> 1
Cell (virus_2972746,host_188571): 0 -> 1
Cell (virus_2972746,host_2603866): 0 -> 1
Cell (virus_2972746,host_302408): 0 -> 1
Cell (virus_2972746,host_49443): 0 -> 1
Cell (virus_2972746,host_59478): 0 -> 1
Cell (virus_2972746,host_342862): 0 -> 1
Cell (virus_2972746,host_519037): 0 -> 1
Cell (virus_2972746,host_430492): 0 -> 1
Cell (virus_2972746,host_77218): 0 -> 1
Cell (virus_2972746,host_329870): 0 -> 1
Cell (virus_2972746,host_549403): 0 -> 1
Cell (virus_2972746,host_124756): 0 -> 1
Cell (virus_2972746,host_196297): 0 -> 1
Cell (virus_2972746,host_328804): 0 -> 1
Cell (virus_2972746,host_77231): 0 -> 1
Cell (virus_2972746,host_903567): 0 -> 1
Cell (virus_2972746,host_58067): 0 -> 1
Cell (virus_2972746,host_498220): 0 -> 1
Cell (virus_2972746,host_58071): 0 -> 1
Cell (virus_2972746,host_58073): 0 -> 1
Cell (virus_2972746,host_58065): 0 -> 1
Cell (virus_2972746,host_1898386): 0 -> 1
Cell (virus_2972746,host_58060): 0 -> 1
Cell (virus_2972746,host_77233): 0 -> 1
Cell (virus_2972746,host_326083): 0 -> 1
Cell (virus_2972746,host_187003): 0 -> 1
Cell (virus_2972746,host_118856): 0 -> 1
Cell (virus_2972746,host_40233): 0 -> 1
Cell (virus_2972746,host_410852): 0 -> 1
Cell (virus_2972746,host_27634): 0 -> 1
Cell (virus_2972746,host_40228): 0 -> 1
Cell (virus_2972746,host_9417): 0 -> 1
Cell (virus_2972746,host_51012): 0 -> 1
Cell (virus_2972746,host_27660): 0 -> 1
Cell (virus_2972746,host_27638): 0 -> 1
Cell (virus_2972746,host_89673): 0 -> 1
Cell (virus_2972746,host_148061): 0 -> 1
Cell (virus_2972746,host_9430): 0 -> 1
Cell (virus_2972746,host_94961): 0 -> 1
Cell (virus_2972746,host_3042450): 0 -> 1
Cell (virus_2972746,host_3371013): 0 -> 1
Cell (virus_2972746,host_9414): 0 -> 1
Cell (virus_2972746,host_1434095): 0 -> 1
Cell (virus_2972746,host_187007): 0 -> 1
Cell (virus_2972746,host_9433): 0 -> 1
Cell (virus_2972746,host_258934): 0 -> 1
Cell (virus_2972746,host_124751): 0 -> 1
Cell (virus_2972746,host_27622): 0 -> 1
Cell (virus_2972746,host_3370289): 0 -> 1
Cell (virus_2972746,host_999964): 0 -> 1
Cell (virus_2972746,host_9438): 0 -> 1
Cell (virus_2972746,host_258953): 0 -> 1
Cell (virus_2972746,host_249033): 0 -> 1
Cell (virus_2972746,host_272799): 0 -> 1
Cell (virus_2972746,host_61862): 0 -> 1
Cell (virus_2972746,host_29078): 0 -> 1
Cell (virus_2972746,host_3371014): 0 -> 1
Cell (virus_2972746,host_3371021): 0 -> 1
Cell (virus_2972746,host_59474): 0 -> 1
Cell (virus_1805463,host_258946): 0 -> 1
Cell (virus_1805463,host_109478): 0 -> 1
Cell (virus_1805463,host_3380546): 0 -> 1
Cell (virus_1805463,host_9435): 0 -> 1
Cell (virus_1805463,host_519446): 0 -> 1
Cell (virus_1805463,host_109481): 0 -> 1
Cell (virus_1805463,host_2528591): 0 -> 1
Cell (virus_1805463,host_225399): 0 -> 1
Cell (virus_1805463,host_386774): 0 -> 1
Cell (virus_1805463,host_392318): 0 -> 1
Cell (virus_1805463,host_59461): 0 -> 1
Cell (virus_1805463,host_98922): 0 -> 1
Cell (virus_1805463,host_452654): 0 -> 1
Cell (virus_1805463,host_155915): 0 -> 1
Cell (virus_1805463,host_385037): 0 -> 1
Cell (virus_1805463,host_155035): 0 -> 1
Cell (virus_1805463,host_2015597): 0 -> 1
Cell (virus_1805463,host_633648): 0 -> 1
Cell (virus_1805463,host_175524): 0 -> 1
Cell (virus_1805463,host_186991): 0 -> 1
Cell (virus_1805463,host_249020): 0 -> 1
Cell (virus_1805463,host_584995): 0 -> 1
Cell (virus_1805463,host_463808): 0 -> 1
Cell (virus_1805463,host_608659): 0 -> 1
Cell (virus_1805463,host_178895): 0 -> 1
Cell (virus_1805463,host_76834): 0 -> 1
Cell (virus_1805463,host_59477): 0 -> 1
Cell (virus_1805463,host_188571): 0 -> 1
Cell (virus_1805463,host_2603866): 0 -> 1
Cell (virus_1805463,host_302408): 0 -> 1
Cell (virus_1805463,host_519037): 0 -> 1
Cell (virus_1805463,host_329870): 0 -> 1
Cell (virus_1805463,host_385575): 0 -> 1
Cell (virus_1805463,host_328804): 0 -> 1
Cell (virus_1805463,host_9403): 0 -> 1
Cell (virus_1805463,host_58057): 0 -> 1
Cell (virus_1805463,host_58063): 0 -> 1
Cell (virus_1805463,host_58060): 0 -> 1
Cell (virus_1805463,host_77233): 0 -> 1
Cell (virus_1805463,host_326151): 0 -> 1
Cell (virus_1805463,host_326083): 0 -> 1
Cell (virus_1805463,host_1381355): 0 -> 1
Cell (virus_1805463,host_187003): 0 -> 1
Cell (virus_1805463,host_94956): 0 -> 1
Cell (virus_1805463,host_410852): 0 -> 1
Cell (virus_1805463,host_27634): 0 -> 1
Cell (virus_1805463,host_9417): 0 -> 1
Cell (virus_1805463,host_196700): 0 -> 1
Cell (virus_1805463,host_27660): 0 -> 1
Cell (virus_1805463,host_3042450): 0 -> 1
Cell (virus_1805463,host_9414): 0 -> 1
Cell (virus_1805463,host_1434095): 0 -> 1
Cell (virus_1805463,host_9433): 0 -> 1
Cell (virus_1805463,host_187008): 0 -> 1
Cell (virus_1805463,host_258934): 0 -> 1
Cell (virus_1805463,host_124751): 0 -> 1
Cell (virus_1805463,host_27622): 0 -> 1
Cell (virus_1805463,host_2218597): 0 -> 1
Cell (virus_1805463,host_999964): 0 -> 1
Cell (virus_1805463,host_258953): 0 -> 1
Cell (virus_1805463,host_249033): 0 -> 1
Cell (virus_1805463,host_61862): 0 -> 1
Cell (virus_1805463,host_29078): 0 -> 1
Cell (virus_1805463,host_3371014): 0 -> 1
Cell (virus_1805463,host_3371021): 0 -> 1
Cell (virus_1805463,host_360967): 0 -> 1
Cell (virus_1805463,host_109485): 0 -> 1
Cell (virus_1805463,host_867834): 0 -> 1
Cell (virus_1805463,host_143942): 0 -> 1
Cell (virus_1805463,host_258889): 0 -> 1
Cell (virus_1805463,host_2491053): 0 -> 1
Cell (virus_1805463,host_258944): 0 -> 1
Cell (virus_3061635,host_258946): 0 -> 1
Cell (virus_3061635,host_109478): 0 -> 1
Cell (virus_3061635,host_9435): 0 -> 1
Cell (virus_3061635,host_1633875): 0 -> 1
Cell (virus_3061635,host_519446): 0 -> 1
Cell (virus_3061635,host_109481): 0 -> 1
Cell (virus_3061635,host_2528591): 0 -> 1
Cell (virus_3061635,host_225399): 0 -> 1
Cell (virus_3061635,host_386774): 0 -> 1
Cell (virus_3061635,host_392318): 0 -> 1
Cell (virus_3061635,host_59461): 0 -> 1
Cell (virus_3061635,host_98922): 0 -> 1
Cell (virus_3061635,host_452654): 0 -> 1
Cell (virus_3061635,host_155915): 0 -> 1
Cell (virus_3061635,host_385037): 0 -> 1
Cell (virus_3061635,host_2015597): 0 -> 1
Cell (virus_3061635,host_633648): 0 -> 1
Cell (virus_3061635,host_175524): 0 -> 1
Cell (virus_3061635,host_186991): 0 -> 1
Cell (virus_3061635,host_249020): 0 -> 1
Cell (virus_3061635,host_584995): 0 -> 1
Cell (virus_3061635,host_463808): 0 -> 1
Cell (virus_3061635,host_608659): 0 -> 1
Cell (virus_3061635,host_178895): 0 -> 1
Cell (virus_3061635,host_76834): 0 -> 1
Cell (virus_3061635,host_59477): 0 -> 1
Cell (virus_3061635,host_188571): 0 -> 1
Cell (virus_3061635,host_2603866): 0 -> 1
Cell (virus_3061635,host_302408): 0 -> 1
Cell (virus_3061635,host_519037): 0 -> 1
Cell (virus_3061635,host_329870): 0 -> 1
Cell (virus_3061635,host_385575): 0 -> 1
Cell (virus_3061635,host_328804): 0 -> 1
Cell (virus_3061635,host_9403): 0 -> 1
Cell (virus_3061635,host_58057): 0 -> 1
Cell (virus_3061635,host_58063): 0 -> 1
Cell (virus_3061635,host_58060): 0 -> 1
Cell (virus_3061635,host_77233): 0 -> 1
Cell (virus_3061635,host_326151): 0 -> 1
Cell (virus_3061635,host_326083): 0 -> 1
Cell (virus_3061635,host_1381355): 0 -> 1
Cell (virus_3061635,host_187003): 0 -> 1
Cell (virus_3061635,host_94956): 0 -> 1
Cell (virus_3061635,host_410852): 0 -> 1
Cell (virus_3061635,host_27634): 0 -> 1
Cell (virus_3061635,host_9417): 0 -> 1
Cell (virus_3061635,host_196700): 0 -> 1
Cell (virus_3061635,host_27660): 0 -> 1
Cell (virus_3061635,host_3042450): 0 -> 1
Cell (virus_3061635,host_9414): 0 -> 1
Cell (virus_3061635,host_1434095): 0 -> 1
Cell (virus_3061635,host_9433): 0 -> 1
Cell (virus_3061635,host_187008): 0 -> 1
Cell (virus_3061635,host_258934): 0 -> 1
Cell (virus_3061635,host_124751): 0 -> 1
Cell (virus_3061635,host_27622): 0 -> 1
Cell (virus_3061635,host_2218597): 0 -> 1
Cell (virus_3061635,host_999964): 0 -> 1
Cell (virus_3061635,host_153297): 0 -> 1
Cell (virus_3061635,host_258953): 0 -> 1
Cell (virus_3061635,host_249033): 0 -> 1
Cell (virus_3061635,host_61862): 0 -> 1
Cell (virus_3061635,host_29078): 0 -> 1
Cell (virus_3061635,host_3371014): 0 -> 1
Cell (virus_3061635,host_3371021): 0 -> 1
Cell (virus_3061635,host_360967): 0 -> 1
Cell (virus_3061635,host_109485): 0 -> 1
Cell (virus_3061635,host_867834): 0 -> 1
Cell (virus_3061635,host_258889): 0 -> 1
Cell (virus_3061635,host_2491053): 0 -> 1
Cell (virus_3061635,host_258944): 0 -> 1
Cell (virus_3068888,host_258946): 0 -> 1
Cell (virus_3068888,host_109478): 0 -> 1
Cell (virus_3068888,host_9435): 0 -> 1
Cell (virus_3068888,host_519446): 0 -> 1
Cell (virus_3068888,host_109481): 0 -> 1
Cell (virus_3068888,host_2528591): 0 -> 1
Cell (virus_3068888,host_225399): 0 -> 1
Cell (virus_3068888,host_386774): 0 -> 1
Cell (virus_3068888,host_392318): 0 -> 1
Cell (virus_3068888,host_59461): 0 -> 1
Cell (virus_3068888,host_98922): 0 -> 1
Cell (virus_3068888,host_452654): 0 -> 1
Cell (virus_3068888,host_155915): 0 -> 1
Cell (virus_3068888,host_385037): 0 -> 1
Cell (virus_3068888,host_155035): 0 -> 1
Cell (virus_3068888,host_2015597): 0 -> 1
Cell (virus_3068888,host_633648): 0 -> 1
Cell (virus_3068888,host_175524): 0 -> 1
Cell (virus_3068888,host_186991): 0 -> 1
Cell (virus_3068888,host_249020): 0 -> 1
Cell (virus_3068888,host_463808): 0 -> 1
Cell (virus_3068888,host_608659): 0 -> 1
Cell (virus_3068888,host_178895): 0 -> 1
Cell (virus_3068888,host_76834): 0 -> 1
Cell (virus_3068888,host_59477): 0 -> 1
Cell (virus_3068888,host_188571): 0 -> 1
Cell (virus_3068888,host_2603866): 0 -> 1
Cell (virus_3068888,host_519041): 0 -> 1
Cell (virus_3068888,host_302408): 0 -> 1
Cell (virus_3068888,host_519037): 0 -> 1
Cell (virus_3068888,host_329870): 0 -> 1
Cell (virus_3068888,host_385575): 0 -> 1
Cell (virus_3068888,host_328804): 0 -> 1
Cell (virus_3068888,host_9403): 0 -> 1
Cell (virus_3068888,host_58063): 0 -> 1
Cell (virus_3068888,host_58060): 0 -> 1
Cell (virus_3068888,host_77233): 0 -> 1
Cell (virus_3068888,host_326083): 0 -> 1
Cell (virus_3068888,host_1381355): 0 -> 1
Cell (virus_3068888,host_187003): 0 -> 1
Cell (virus_3068888,host_94956): 0 -> 1
Cell (virus_3068888,host_410852): 0 -> 1
Cell (virus_3068888,host_27634): 0 -> 1
Cell (virus_3068888,host_9417): 0 -> 1
Cell (virus_3068888,host_27660): 0 -> 1
Cell (virus_3068888,host_27638): 0 -> 1
Cell (virus_3068888,host_3042450): 0 -> 1
Cell (virus_3068888,host_9414): 0 -> 1
Cell (virus_3068888,host_1434095): 0 -> 1
Cell (virus_3068888,host_9433): 0 -> 1
Cell (virus_3068888,host_187008): 0 -> 1
Cell (virus_3068888,host_258934): 0 -> 1
Cell (virus_3068888,host_479723): 0 -> 1
Cell (virus_3068888,host_124751): 0 -> 1
Cell (virus_3068888,host_27622): 0 -> 1
Cell (virus_3068888,host_2218597): 0 -> 1
Cell (virus_3068888,host_999964): 0 -> 1
Cell (virus_3068888,host_9438): 0 -> 1
Cell (virus_3068888,host_258953): 0 -> 1
Cell (virus_3068888,host_249033): 0 -> 1
Cell (virus_3068888,host_61862): 0 -> 1
Cell (virus_3068888,host_29078): 0 -> 1
Cell (virus_3068888,host_3371014): 0 -> 1
Cell (virus_3068888,host_3371021): 0 -> 1
Cell (virus_3068888,host_109485): 0 -> 1
Cell (virus_3068888,host_867834): 0 -> 1
Cell (virus_3068888,host_143942): 0 -> 1
Cell (virus_3068888,host_258889): 0 -> 1
Cell (virus_3068888,host_2491053): 0 -> 1
Cell (virus_3068888,host_258944): 0 -> 1
Cell (virus_2833184,host_258946): 0 -> 1
Cell (virus_2833184,host_109478): 0 -> 1
Cell (virus_2833184,host_9435): 0 -> 1
Cell (virus_2833184,host_519446): 0 -> 1
Cell (virus_2833184,host_109481): 0 -> 1
Cell (virus_2833184,host_2528591): 0 -> 1
Cell (virus_2833184,host_109482): 0 -> 1
Cell (virus_2833184,host_225399): 0 -> 1
Cell (virus_2833184,host_386774): 0 -> 1
Cell (virus_2833184,host_392318): 0 -> 1
Cell (virus_2833184,host_59461): 0 -> 1
Cell (virus_2833184,host_98922): 0 -> 1
Cell (virus_2833184,host_452654): 0 -> 1
Cell (virus_2833184,host_155915): 0 -> 1
Cell (virus_2833184,host_2015597): 0 -> 1
Cell (virus_2833184,host_633648): 0 -> 1
Cell (virus_2833184,host_175524): 0 -> 1
Cell (virus_2833184,host_186991): 0 -> 1
Cell (virus_2833184,host_270698): 0 -> 1
Cell (virus_2833184,host_463808): 0 -> 1
Cell (virus_2833184,host_608659): 0 -> 1
Cell (virus_2833184,host_178895): 0 -> 1
Cell (virus_2833184,host_188571): 0 -> 1
Cell (virus_2833184,host_302408): 0 -> 1
Cell (virus_2833184,host_519037): 0 -> 1
Cell (virus_2833184,host_329870): 0 -> 1
Cell (virus_2833184,host_132908): 0 -> 1
Cell (virus_2833184,host_385575): 0 -> 1
Cell (virus_2833184,host_328804): 0 -> 1
Cell (virus_2833184,host_9403): 0 -> 1
Cell (virus_2833184,host_58057): 0 -> 1
Cell (virus_2833184,host_1410044): 0 -> 1
Cell (virus_2833184,host_58063): 0 -> 1
Cell (virus_2833184,host_58060): 0 -> 1
Cell (virus_2833184,host_77233): 0 -> 1
Cell (virus_2833184,host_326083): 0 -> 1
Cell (virus_2833184,host_94956): 0 -> 1
Cell (virus_2833184,host_410852): 0 -> 1
Cell (virus_2833184,host_27634): 0 -> 1
Cell (virus_2833184,host_9417): 0 -> 1
Cell (virus_2833184,host_40229): 0 -> 1
Cell (virus_2833184,host_27638): 0 -> 1
Cell (virus_2833184,host_3042450): 0 -> 1
Cell (virus_2833184,host_9414): 0 -> 1
Cell (virus_2833184,host_1434095): 0 -> 1
Cell (virus_2833184,host_9433): 0 -> 1
Cell (virus_2833184,host_187008): 0 -> 1
Cell (virus_2833184,host_258934): 0 -> 1
Cell (virus_2833184,host_124751): 0 -> 1
Cell (virus_2833184,host_27622): 0 -> 1
Cell (virus_2833184,host_2218597): 0 -> 1
Cell (virus_2833184,host_258863): 0 -> 1
Cell (virus_2833184,host_999964): 0 -> 1
Cell (virus_2833184,host_258953): 0 -> 1
Cell (virus_2833184,host_249033): 0 -> 1
Cell (virus_2833184,host_61862): 0 -> 1
Cell (virus_2833184,host_29078): 0 -> 1
Cell (virus_2833184,host_3371014): 0 -> 1
Cell (virus_2833184,host_360967): 0 -> 1
Cell (virus_2833184,host_59474): 0 -> 1
Cell (virus_2833184,host_867834): 0 -> 1
Cell (virus_2833184,host_143942): 0 -> 1
Cell (virus_2833184,host_2491053): 0 -> 1
Cell (virus_2833184,host_258944): 0 -> 1
Cell (virus_864596,host_258946): 0 -> 1
Cell (virus_864596,host_294653): 0 -> 1
Cell (virus_864596,host_109478): 0 -> 1
Cell (virus_864596,host_9435): 0 -> 1
Cell (virus_864596,host_519446): 0 -> 1
Cell (virus_864596,host_2528591): 0 -> 1
Cell (virus_864596,host_109482): 0 -> 1
Cell (virus_864596,host_225399): 0 -> 1
Cell (virus_864596,host_386774): 0 -> 1
Cell (virus_864596,host_392318): 0 -> 1
Cell (virus_864596,host_1911917): 0 -> 1
Cell (virus_864596,host_59461): 0 -> 1
Cell (virus_864596,host_98922): 0 -> 1
Cell (virus_864596,host_138977): 0 -> 1
Cell (virus_864596,host_258940): 0 -> 1
Cell (virus_864596,host_452654): 0 -> 1
Cell (virus_864596,host_155915): 0 -> 1
Cell (virus_864596,host_2015597): 0 -> 1
Cell (virus_864596,host_633648): 0 -> 1
Cell (virus_864596,host_175524): 0 -> 1
Cell (virus_864596,host_186991): 0 -> 1
Cell (virus_864596,host_270698): 0 -> 1
Cell (virus_864596,host_463808): 0 -> 1
Cell (virus_864596,host_608659): 0 -> 1
Cell (virus_864596,host_178895): 0 -> 1
Cell (virus_864596,host_188571): 0 -> 1
Cell (virus_864596,host_302408): 0 -> 1
Cell (virus_864596,host_519037): 0 -> 1
Cell (virus_864596,host_329870): 0 -> 1
Cell (virus_864596,host_132908): 0 -> 1
Cell (virus_864596,host_196297): 0 -> 1
Cell (virus_864596,host_385575): 0 -> 1
Cell (virus_864596,host_328804): 0 -> 1
Cell (virus_864596,host_9403): 0 -> 1
Cell (virus_864596,host_58057): 0 -> 1
Cell (virus_864596,host_1410044): 0 -> 1
Cell (virus_864596,host_2853157): 0 -> 1
Cell (virus_864596,host_58063): 0 -> 1
Cell (virus_864596,host_58060): 0 -> 1
Cell (virus_864596,host_77233): 0 -> 1
Cell (virus_864596,host_326083): 0 -> 1
Cell (virus_864596,host_1381355): 0 -> 1
Cell (virus_864596,host_94956): 0 -> 1
Cell (virus_864596,host_410852): 0 -> 1
Cell (virus_864596,host_27634): 0 -> 1
Cell (virus_864596,host_40229): 0 -> 1
Cell (virus_864596,host_27660): 0 -> 1
Cell (virus_864596,host_27638): 0 -> 1
Cell (virus_864596,host_3042450): 0 -> 1
Cell (virus_864596,host_9414): 0 -> 1
Cell (virus_864596,host_1434095): 0 -> 1
Cell (virus_864596,host_9433): 0 -> 1
Cell (virus_864596,host_258934): 0 -> 1
Cell (virus_864596,host_124751): 0 -> 1
Cell (virus_864596,host_27622): 0 -> 1
Cell (virus_864596,host_2218597): 0 -> 1
Cell (virus_864596,host_452595): 0 -> 1
Cell (virus_864596,host_999964): 0 -> 1
Cell (virus_864596,host_258953): 0 -> 1
Cell (virus_864596,host_249033): 0 -> 1
Cell (virus_864596,host_258930): 0 -> 1
Cell (virus_864596,host_61862): 0 -> 1
Cell (virus_864596,host_29078): 0 -> 1
Cell (virus_864596,host_2969767): 0 -> 1
Cell (virus_864596,host_3371014): 0 -> 1
Cell (virus_864596,host_109485): 0 -> 1
Cell (virus_864596,host_59474): 0 -> 1
Cell (virus_864596,host_867834): 0 -> 1
Cell (virus_864596,host_143942): 0 -> 1
Cell (virus_864596,host_2491053): 0 -> 1
Cell (virus_864596,host_258944): 0 -> 1
Cell (virus_3068538,host_258946): 0 -> 1
Cell (virus_3068538,host_109478): 0 -> 1
Cell (virus_3068538,host_9435): 0 -> 1
Cell (virus_3068538,host_160974): 0 -> 1
Cell (virus_3068538,host_519446): 0 -> 1
Cell (virus_3068538,host_109481): 0 -> 1
Cell (virus_3068538,host_2528591): 0 -> 1
Cell (virus_3068538,host_109482): 0 -> 1
Cell (virus_3068538,host_225399): 0 -> 1
Cell (virus_3068538,host_386774): 0 -> 1
Cell (virus_3068538,host_392318): 0 -> 1
Cell (virus_3068538,host_59461): 0 -> 1
Cell (virus_3068538,host_98922): 0 -> 1
Cell (virus_3068538,host_452654): 0 -> 1
Cell (virus_3068538,host_587652): 0 -> 1
Cell (virus_3068538,host_155915): 0 -> 1
Cell (virus_3068538,host_2015597): 0 -> 1
Cell (virus_3068538,host_633648): 0 -> 1
Cell (virus_3068538,host_175524): 0 -> 1
Cell (virus_3068538,host_186991): 0 -> 1
Cell (virus_3068538,host_270698): 0 -> 1
Cell (virus_3068538,host_249020): 0 -> 1
Cell (virus_3068538,host_463808): 0 -> 1
Cell (virus_3068538,host_608659): 0 -> 1
Cell (virus_3068538,host_178895): 0 -> 1
Cell (virus_3068538,host_76834): 0 -> 1
Cell (virus_3068538,host_188571): 0 -> 1
Cell (virus_3068538,host_2603866): 0 -> 1
Cell (virus_3068538,host_302408): 0 -> 1
Cell (virus_3068538,host_519037): 0 -> 1
Cell (virus_3068538,host_329870): 0 -> 1
Cell (virus_3068538,host_385575): 0 -> 1
Cell (virus_3068538,host_328804): 0 -> 1
Cell (virus_3068538,host_9403): 0 -> 1
Cell (virus_3068538,host_58057): 0 -> 1
Cell (virus_3068538,host_58063): 0 -> 1
Cell (virus_3068538,host_58060): 0 -> 1
Cell (virus_3068538,host_298110): 0 -> 1
Cell (virus_3068538,host_77233): 0 -> 1
Cell (virus_3068538,host_374419): 0 -> 1
Cell (virus_3068538,host_326083): 0 -> 1
Cell (virus_3068538,host_187003): 0 -> 1
Cell (virus_3068538,host_94956): 0 -> 1
Cell (virus_3068538,host_410852): 0 -> 1
Cell (virus_3068538,host_27634): 0 -> 1
Cell (virus_3068538,host_27660): 0 -> 1
Cell (virus_3068538,host_148061): 0 -> 1
Cell (virus_3068538,host_148089): 0 -> 1
Cell (virus_3068538,host_3042450): 0 -> 1
Cell (virus_3068538,host_9414): 0 -> 1
Cell (virus_3068538,host_1434095): 0 -> 1
Cell (virus_3068538,host_221087): 0 -> 1
Cell (virus_3068538,host_9433): 0 -> 1
Cell (virus_3068538,host_187008): 0 -> 1
Cell (virus_3068538,host_258934): 0 -> 1
Cell (virus_3068538,host_124751): 0 -> 1
Cell (virus_3068538,host_27622): 0 -> 1
Cell (virus_3068538,host_2218597): 0 -> 1
Cell (virus_3068538,host_999964): 0 -> 1
Cell (virus_3068538,host_249034): 0 -> 1
Cell (virus_3068538,host_258953): 0 -> 1
Cell (virus_3068538,host_249033): 0 -> 1
Cell (virus_3068538,host_61862): 0 -> 1
Cell (virus_3068538,host_29078): 0 -> 1
Cell (virus_3068538,host_3371014): 0 -> 1
Cell (virus_3068538,host_3371021): 0 -> 1
Cell (virus_3068538,host_360967): 0 -> 1
Cell (virus_3068538,host_109485): 0 -> 1
Cell (virus_3068538,host_59474): 0 -> 1
Cell (virus_3068538,host_867834): 0 -> 1
Cell (virus_3068538,host_143942): 0 -> 1
Cell (virus_3068538,host_258889): 0 -> 1
Cell (virus_3068538,host_2491053): 0 -> 1
Cell (virus_3068538,host_258944): 0 -> 1
Cell (virus_694009,host_258946): 0 -> 1
Cell (virus_694009,host_109478): 0 -> 1
Cell (virus_694009,host_9435): 0 -> 1
Cell (virus_694009,host_519446): 0 -> 1
Cell (virus_694009,host_109481): 0 -> 1
Cell (virus_694009,host_2528591): 0 -> 1
Cell (virus_694009,host_109482): 0 -> 1
Cell (virus_694009,host_225399): 0 -> 1
Cell (virus_694009,host_386774): 0 -> 1
Cell (virus_694009,host_392318): 0 -> 1
Cell (virus_694009,host_59461): 0 -> 1
Cell (virus_694009,host_98922): 0 -> 1
Cell (virus_694009,host_452654): 0 -> 1
Cell (virus_694009,host_587652): 0 -> 1
Cell (virus_694009,host_155915): 0 -> 1
Cell (virus_694009,host_2015597): 0 -> 1
Cell (virus_694009,host_633648): 0 -> 1
Cell (virus_694009,host_175524): 0 -> 1
Cell (virus_694009,host_186991): 0 -> 1
Cell (virus_694009,host_270698): 0 -> 1
Cell (virus_694009,host_249020): 0 -> 1
Cell (virus_694009,host_463808): 0 -> 1
Cell (virus_694009,host_608659): 0 -> 1
Cell (virus_694009,host_178895): 0 -> 1
Cell (virus_694009,host_76834): 0 -> 1
Cell (virus_694009,host_188571): 0 -> 1
Cell (virus_694009,host_2603866): 0 -> 1
Cell (virus_694009,host_302408): 0 -> 1
Cell (virus_694009,host_519037): 0 -> 1
Cell (virus_694009,host_329870): 0 -> 1
Cell (virus_694009,host_385575): 0 -> 1
Cell (virus_694009,host_328804): 0 -> 1
Cell (virus_694009,host_9403): 0 -> 1
Cell (virus_694009,host_58057): 0 -> 1
Cell (virus_694009,host_58063): 0 -> 1
Cell (virus_694009,host_58060): 0 -> 1
Cell (virus_694009,host_77233): 0 -> 1
Cell (virus_694009,host_374419): 0 -> 1
Cell (virus_694009,host_326083): 0 -> 1
Cell (virus_694009,host_187003): 0 -> 1
Cell (virus_694009,host_94956): 0 -> 1
Cell (virus_694009,host_410852): 0 -> 1
Cell (virus_694009,host_27634): 0 -> 1
Cell (virus_694009,host_9417): 0 -> 1
Cell (virus_694009,host_27660): 0 -> 1
Cell (virus_694009,host_148061): 0 -> 1
Cell (virus_694009,host_3042450): 0 -> 1
Cell (virus_694009,host_9414): 0 -> 1
Cell (virus_694009,host_1434095): 0 -> 1
Cell (virus_694009,host_221087): 0 -> 1
Cell (virus_694009,host_9433): 0 -> 1
Cell (virus_694009,host_187008): 0 -> 1
Cell (virus_694009,host_258934): 0 -> 1
Cell (virus_694009,host_124751): 0 -> 1
Cell (virus_694009,host_27622): 0 -> 1
Cell (virus_694009,host_2218597): 0 -> 1
Cell (virus_694009,host_999964): 0 -> 1
Cell (virus_694009,host_249034): 0 -> 1
Cell (virus_694009,host_258953): 0 -> 1
Cell (virus_694009,host_249033): 0 -> 1
Cell (virus_694009,host_61862): 0 -> 1
Cell (virus_694009,host_29078): 0 -> 1
Cell (virus_694009,host_3371014): 0 -> 1
Cell (virus_694009,host_3371021): 0 -> 1
Cell (virus_694009,host_109485): 0 -> 1
Cell (virus_694009,host_59474): 0 -> 1
Cell (virus_694009,host_867834): 0 -> 1
Cell (virus_694009,host_143942): 0 -> 1
Cell (virus_694009,host_258889): 0 -> 1
Cell (virus_694009,host_2491053): 0 -> 1
Cell (virus_694009,host_258944): 0 -> 1
Cell (virus_3418604,host_258946): 0 -> 1
Cell (virus_3418604,host_109478): 0 -> 1
Cell (virus_3418604,host_9435): 0 -> 1
Cell (virus_3418604,host_519446): 0 -> 1
Cell (virus_3418604,host_109481): 0 -> 1
Cell (virus_3418604,host_2528591): 0 -> 1
Cell (virus_3418604,host_109482): 0 -> 1
Cell (virus_3418604,host_225399): 0 -> 1
Cell (virus_3418604,host_386774): 0 -> 1
Cell (virus_3418604,host_392318): 0 -> 1
Cell (virus_3418604,host_59461): 0 -> 1
Cell (virus_3418604,host_98922): 0 -> 1
Cell (virus_3418604,host_452654): 0 -> 1
Cell (virus_3418604,host_587652): 0 -> 1
Cell (virus_3418604,host_155915): 0 -> 1
Cell (virus_3418604,host_2015597): 0 -> 1
Cell (virus_3418604,host_633648): 0 -> 1
Cell (virus_3418604,host_175524): 0 -> 1
Cell (virus_3418604,host_186991): 0 -> 1
Cell (virus_3418604,host_270698): 0 -> 1
Cell (virus_3418604,host_249020): 0 -> 1
Cell (virus_3418604,host_463808): 0 -> 1
Cell (virus_3418604,host_320431): 0 -> 1
Cell (virus_3418604,host_608659): 0 -> 1
Cell (virus_3418604,host_178895): 0 -> 1
Cell (virus_3418604,host_76834): 0 -> 1
Cell (virus_3418604,host_188571): 0 -> 1
Cell (virus_3418604,host_2603866): 0 -> 1
Cell (virus_3418604,host_302408): 0 -> 1
Cell (virus_3418604,host_519037): 0 -> 1
Cell (virus_3418604,host_329870): 0 -> 1
Cell (virus_3418604,host_385575): 0 -> 1
Cell (virus_3418604,host_328804): 0 -> 1
Cell (virus_3418604,host_9403): 0 -> 1
Cell (virus_3418604,host_58057): 0 -> 1
Cell (virus_3418604,host_58063): 0 -> 1
Cell (virus_3418604,host_58060): 0 -> 1
Cell (virus_3418604,host_77233): 0 -> 1
Cell (virus_3418604,host_374419): 0 -> 1
Cell (virus_3418604,host_326083): 0 -> 1
Cell (virus_3418604,host_187003): 0 -> 1
Cell (virus_3418604,host_94956): 0 -> 1
Cell (virus_3418604,host_410852): 0 -> 1
Cell (virus_3418604,host_27634): 0 -> 1
Cell (virus_3418604,host_27660): 0 -> 1
Cell (virus_3418604,host_148061): 0 -> 1
Cell (virus_3418604,host_3042450): 0 -> 1
Cell (virus_3418604,host_9414): 0 -> 1
Cell (virus_3418604,host_1434095): 0 -> 1
Cell (virus_3418604,host_221087): 0 -> 1
Cell (virus_3418604,host_9433): 0 -> 1
Cell (virus_3418604,host_187008): 0 -> 1
Cell (virus_3418604,host_258934): 0 -> 1
Cell (virus_3418604,host_124751): 0 -> 1
Cell (virus_3418604,host_27622): 0 -> 1
Cell (virus_3418604,host_2218597): 0 -> 1
Cell (virus_3418604,host_999964): 0 -> 1
Cell (virus_3418604,host_249034): 0 -> 1
Cell (virus_3418604,host_258953): 0 -> 1
Cell (virus_3418604,host_249033): 0 -> 1
Cell (virus_3418604,host_61862): 0 -> 1
Cell (virus_3418604,host_29078): 0 -> 1
Cell (virus_3418604,host_3371014): 0 -> 1
Cell (virus_3418604,host_3371021): 0 -> 1
Cell (virus_3418604,host_360967): 0 -> 1
Cell (virus_3418604,host_109485): 0 -> 1
Cell (virus_3418604,host_59474): 0 -> 1
Cell (virus_3418604,host_867834): 0 -> 1
Cell (virus_3418604,host_143942): 0 -> 1
Cell (virus_3418604,host_258889): 0 -> 1
Cell (virus_3418604,host_2491053): 0 -> 1
Cell (virus_3418604,host_258944): 0 -> 1
Cell (virus_2913380,host_258946): 0 -> 1
Cell (virus_2913380,host_59463): 0 -> 1
Cell (virus_2913380,host_109480): 0 -> 1
Cell (virus_2913380,host_519446): 0 -> 1
Cell (virus_2913380,host_51298): 0 -> 1
Cell (virus_2913380,host_225399): 0 -> 1
Cell (virus_2913380,host_386774): 0 -> 1
Cell (virus_2913380,host_392318): 0 -> 1
Cell (virus_2913380,host_187014): 0 -> 1
Cell (virus_2913380,host_526407): 0 -> 1
Cell (virus_2913380,host_59461): 0 -> 1
Cell (virus_2913380,host_452653): 0 -> 1
Cell (virus_2913380,host_98922): 0 -> 1
Cell (virus_2913380,host_138979): 0 -> 1
Cell (virus_2913380,host_452654): 0 -> 1
Cell (virus_2913380,host_155915): 0 -> 1
Cell (virus_2913380,host_385037): 0 -> 1
Cell (virus_2913380,host_155035): 0 -> 1
Cell (virus_2913380,host_2015597): 0 -> 1
Cell (virus_2913380,host_633648): 0 -> 1
Cell (virus_2913380,host_175524): 0 -> 1
Cell (virus_2913380,host_186991): 0 -> 1
Cell (virus_2913380,host_334201): 0 -> 1
Cell (virus_2913380,host_463808): 0 -> 1
Cell (virus_2913380,host_608659): 0 -> 1
Cell (virus_2913380,host_178895): 0 -> 1
Cell (virus_2913380,host_608708): 0 -> 1
Cell (virus_2913380,host_188571): 0 -> 1
Cell (virus_2913380,host_302408): 0 -> 1
Cell (virus_2913380,host_49443): 0 -> 1
Cell (virus_2913380,host_59478): 0 -> 1
Cell (virus_2913380,host_519037): 0 -> 1
Cell (virus_2913380,host_337453): 0 -> 1
Cell (virus_2913380,host_77218): 0 -> 1
Cell (virus_2913380,host_329870): 0 -> 1
Cell (virus_2913380,host_549403): 0 -> 1
Cell (virus_2913380,host_3371112): 0 -> 1
Cell (virus_2913380,host_132908): 0 -> 1
Cell (virus_2913380,host_196297): 0 -> 1
Cell (virus_2913380,host_328804): 0 -> 1
Cell (virus_2913380,host_9403): 0 -> 1
Cell (virus_2913380,host_2853157): 0 -> 1
Cell (virus_2913380,host_58067): 0 -> 1
Cell (virus_2913380,host_498220): 0 -> 1
Cell (virus_2913380,host_448084): 0 -> 1
Cell (virus_2913380,host_58063): 0 -> 1
Cell (virus_2913380,host_58060): 0 -> 1
Cell (virus_2913380,host_77233): 0 -> 1
Cell (virus_2913380,host_374419): 0 -> 1
Cell (virus_2913380,host_326083): 0 -> 1
Cell (virus_2913380,host_118856): 0 -> 1
Cell (virus_2913380,host_94956): 0 -> 1
Cell (virus_2913380,host_410852): 0 -> 1
Cell (virus_2913380,host_27634): 0 -> 1
Cell (virus_2913380,host_40230): 0 -> 1
Cell (virus_2913380,host_27638): 0 -> 1
Cell (virus_2913380,host_409031): 0 -> 1
Cell (virus_2913380,host_89673): 0 -> 1
Cell (virus_2913380,host_9423): 0 -> 1
Cell (virus_2913380,host_148061): 0 -> 1
Cell (virus_2913380,host_148089): 0 -> 1
Cell (virus_2913380,host_3042450): 0 -> 1
Cell (virus_2913380,host_3371013): 0 -> 1
Cell (virus_2913380,host_9414): 0 -> 1
Cell (virus_2913380,host_1434095): 0 -> 1
Cell (virus_2913380,host_221086): 0 -> 1
Cell (virus_2913380,host_221087): 0 -> 1
Cell (virus_2913380,host_9433): 0 -> 1
Cell (virus_2913380,host_258934): 0 -> 1
Cell (virus_2913380,host_124751): 0 -> 1
Cell (virus_2913380,host_27622): 0 -> 1
Cell (virus_2913380,host_3041509): 0 -> 1
Cell (virus_2913380,host_2218597): 0 -> 1
Cell (virus_2913380,host_999964): 0 -> 1
Cell (virus_2913380,host_258953): 0 -> 1
Cell (virus_2913380,host_249033): 0 -> 1
Cell (virus_2913380,host_61862): 0 -> 1
Cell (virus_2913380,host_29078): 0 -> 1
Cell (virus_2913380,host_3371014): 0 -> 1
Cell (virus_2913380,host_3371016): 0 -> 1
Cell (virus_2913380,host_360967): 0 -> 1
Cell (virus_2913380,host_867834): 0 -> 1
Cell (virus_2913380,host_143942): 0 -> 1
Cell (virus_2913380,host_2491053): 0 -> 1
Cell (virus_2913380,host_258944): 0 -> 1
Cell (virus_989337,host_105295): 0 -> 1
Cell (virus_989337,host_258946): 0 -> 1
Cell (virus_989337,host_519446): 0 -> 1
Cell (virus_989337,host_109481): 0 -> 1
Cell (virus_989337,host_109482): 0 -> 1
Cell (virus_989337,host_412095): 0 -> 1
Cell (virus_989337,host_51298): 0 -> 1
Cell (virus_989337,host_225399): 0 -> 1
Cell (virus_989337,host_386774): 0 -> 1
Cell (virus_989337,host_392318): 0 -> 1
Cell (virus_989337,host_526407): 0 -> 1
Cell (virus_989337,host_59461): 0 -> 1
Cell (virus_989337,host_98922): 0 -> 1
Cell (virus_989337,host_138979): 0 -> 1
Cell (virus_989337,host_258940): 0 -> 1
Cell (virus_989337,host_452654): 0 -> 1
Cell (virus_989337,host_587652): 0 -> 1
Cell (virus_989337,host_155915): 0 -> 1
Cell (virus_989337,host_385037): 0 -> 1
Cell (virus_989337,host_2015597): 0 -> 1
Cell (virus_989337,host_633648): 0 -> 1
Cell (virus_989337,host_175524): 0 -> 1
Cell (virus_989337,host_186991): 0 -> 1
Cell (virus_989337,host_334201): 0 -> 1
Cell (virus_989337,host_249020): 0 -> 1
Cell (virus_989337,host_584995): 0 -> 1
Cell (virus_989337,host_302402): 0 -> 1
Cell (virus_989337,host_463808): 0 -> 1
Cell (virus_989337,host_320431): 0 -> 1
Cell (virus_989337,host_608659): 0 -> 1
Cell (virus_989337,host_178895): 0 -> 1
Cell (virus_989337,host_608708): 0 -> 1
Cell (virus_989337,host_430491): 0 -> 1
Cell (virus_989337,host_188571): 0 -> 1
Cell (virus_989337,host_302408): 0 -> 1
Cell (virus_989337,host_59478): 0 -> 1
Cell (virus_989337,host_59479): 0 -> 1
Cell (virus_989337,host_519037): 0 -> 1
Cell (virus_989337,host_337453): 0 -> 1
Cell (virus_989337,host_77218): 0 -> 1
Cell (virus_989337,host_329870): 0 -> 1
Cell (virus_989337,host_549403): 0 -> 1
Cell (virus_989337,host_385575): 0 -> 1
Cell (virus_989337,host_328804): 0 -> 1
Cell (virus_989337,host_9403): 0 -> 1
Cell (virus_989337,host_58057): 0 -> 1
Cell (virus_989337,host_372077): 0 -> 1
Cell (virus_989337,host_58067): 0 -> 1
Cell (virus_989337,host_498220): 0 -> 1
Cell (virus_989337,host_448084): 0 -> 1
Cell (virus_989337,host_58073): 0 -> 1
Cell (virus_989337,host_58065): 0 -> 1
Cell (virus_989337,host_58063): 0 -> 1
Cell (virus_989337,host_58060): 0 -> 1
Cell (virus_989337,host_77233): 0 -> 1
Cell (virus_989337,host_326083): 0 -> 1
Cell (virus_989337,host_1381355): 0 -> 1
Cell (virus_989337,host_94956): 0 -> 1
Cell (virus_989337,host_208969): 0 -> 1
Cell (virus_989337,host_410852): 0 -> 1
Cell (virus_989337,host_27634): 0 -> 1
Cell (virus_989337,host_40228): 0 -> 1
Cell (virus_989337,host_9417): 0 -> 1
Cell (virus_989337,host_40224): 0 -> 1
Cell (virus_989337,host_27638): 0 -> 1
Cell (virus_989337,host_89673): 0 -> 1
Cell (virus_989337,host_9423): 0 -> 1
Cell (virus_989337,host_148061): 0 -> 1
Cell (virus_989337,host_148089): 0 -> 1
Cell (virus_989337,host_94961): 0 -> 1
Cell (virus_989337,host_3042450): 0 -> 1
Cell (virus_989337,host_59472): 0 -> 1
Cell (virus_989337,host_9414): 0 -> 1
Cell (virus_989337,host_221086): 0 -> 1
Cell (virus_989337,host_9433): 0 -> 1
Cell (virus_989337,host_258934): 0 -> 1
Cell (virus_989337,host_124751): 0 -> 1
Cell (virus_989337,host_27622): 0 -> 1
Cell (virus_989337,host_2218597): 0 -> 1
Cell (virus_989337,host_258863): 0 -> 1
Cell (virus_989337,host_999964): 0 -> 1
Cell (virus_989337,host_9438): 0 -> 1
Cell (virus_989337,host_258953): 0 -> 1
Cell (virus_989337,host_249033): 0 -> 1
Cell (virus_989337,host_61862): 0 -> 1
Cell (virus_989337,host_29078): 0 -> 1
Cell (virus_989337,host_3371014): 0 -> 1
Cell (virus_989337,host_3371016): 0 -> 1
Cell (virus_989337,host_867834): 0 -> 1
Cell (virus_989337,host_143942): 0 -> 1
Cell (virus_989337,host_2491053): 0 -> 1
Cell (virus_989337,host_110938): 0 -> 1
Cell (virus_989337,host_258944): 0 -> 1
Cell (virus_989337,host_258959): 0 -> 1
Cell (virus_3433764,host_258946): 0 -> 1
Cell (virus_3433764,host_109480): 0 -> 1
Cell (virus_3433764,host_1633875): 0 -> 1
Cell (virus_3433764,host_519446): 0 -> 1
Cell (virus_3433764,host_109482): 0 -> 1
Cell (virus_3433764,host_225399): 0 -> 1
Cell (virus_3433764,host_386774): 0 -> 1
Cell (virus_3433764,host_392318): 0 -> 1
Cell (virus_3433764,host_526407): 0 -> 1
Cell (virus_3433764,host_59461): 0 -> 1
Cell (virus_3433764,host_203696): 0 -> 1
Cell (virus_3433764,host_98922): 0 -> 1
Cell (virus_3433764,host_138979): 0 -> 1
Cell (virus_3433764,host_258940): 0 -> 1
Cell (virus_3433764,host_452654): 0 -> 1
Cell (virus_3433764,host_155915): 0 -> 1
Cell (virus_3433764,host_225400): 0 -> 1
Cell (virus_3433764,host_385037): 0 -> 1
Cell (virus_3433764,host_2015597): 0 -> 1
Cell (virus_3433764,host_633648): 0 -> 1
Cell (virus_3433764,host_175524): 0 -> 1
Cell (virus_3433764,host_186991): 0 -> 1
Cell (virus_3433764,host_270698): 0 -> 1
Cell (virus_3433764,host_334201): 0 -> 1
Cell (virus_3433764,host_249020): 0 -> 1
Cell (virus_3433764,host_302402): 0 -> 1
Cell (virus_3433764,host_463808): 0 -> 1
Cell (virus_3433764,host_608659): 0 -> 1
Cell (virus_3433764,host_178895): 0 -> 1
Cell (virus_3433764,host_76834): 0 -> 1
Cell (virus_3433764,host_608708): 0 -> 1
Cell (virus_3433764,host_476589): 0 -> 1
Cell (virus_3433764,host_188571): 0 -> 1
Cell (virus_3433764,host_2603865): 0 -> 1
Cell (virus_3433764,host_302408): 0 -> 1
Cell (virus_3433764,host_59478): 0 -> 1
Cell (virus_3433764,host_519037): 0 -> 1
Cell (virus_3433764,host_77218): 0 -> 1
Cell (virus_3433764,host_329870): 0 -> 1
Cell (virus_3433764,host_549403): 0 -> 1
Cell (virus_3433764,host_196297): 0 -> 1
Cell (virus_3433764,host_328804): 0 -> 1
Cell (virus_3433764,host_9403): 0 -> 1
Cell (virus_3433764,host_58057): 0 -> 1
Cell (virus_3433764,host_1410044): 0 -> 1
Cell (virus_3433764,host_2853157): 0 -> 1
Cell (virus_3433764,host_58067): 0 -> 1
Cell (virus_3433764,host_498220): 0 -> 1
Cell (virus_3433764,host_448084): 0 -> 1
Cell (virus_3433764,host_58065): 0 -> 1
Cell (virus_3433764,host_58063): 0 -> 1
Cell (virus_3433764,host_77214): 0 -> 1
Cell (virus_3433764,host_58060): 0 -> 1
Cell (virus_3433764,host_77233): 0 -> 1
Cell (virus_3433764,host_1381355): 0 -> 1
Cell (virus_3433764,host_94956): 0 -> 1
Cell (virus_3433764,host_148094): 0 -> 1
Cell (virus_3433764,host_27663): 0 -> 1
Cell (virus_3433764,host_410852): 0 -> 1
Cell (virus_3433764,host_27634): 0 -> 1
Cell (virus_3433764,host_27638): 0 -> 1
Cell (virus_3433764,host_9423): 0 -> 1
Cell (virus_3433764,host_148061): 0 -> 1
Cell (virus_3433764,host_94961): 0 -> 1
Cell (virus_3433764,host_3042450): 0 -> 1
Cell (virus_3433764,host_3371013): 0 -> 1
Cell (virus_3433764,host_59472): 0 -> 1
Cell (virus_3433764,host_9414): 0 -> 1
Cell (virus_3433764,host_1434095): 0 -> 1
Cell (virus_3433764,host_221086): 0 -> 1
Cell (virus_3433764,host_291302): 0 -> 1
Cell (virus_3433764,host_221087): 0 -> 1
Cell (virus_3433764,host_9433): 0 -> 1
Cell (virus_3433764,host_258934): 0 -> 1
Cell (virus_3433764,host_124751): 0 -> 1
Cell (virus_3433764,host_27622): 0 -> 1
Cell (virus_3433764,host_2218597): 0 -> 1
Cell (virus_3433764,host_258863): 0 -> 1
Cell (virus_3433764,host_452595): 0 -> 1
Cell (virus_3433764,host_3370289): 0 -> 1
Cell (virus_3433764,host_999964): 0 -> 1
Cell (virus_3433764,host_258952): 0 -> 1
Cell (virus_3433764,host_258953): 0 -> 1
Cell (virus_3433764,host_249033): 0 -> 1
Cell (virus_3433764,host_272799): 0 -> 1
Cell (virus_3433764,host_61862): 0 -> 1
Cell (virus_3433764,host_29078): 0 -> 1
Cell (virus_3433764,host_3371014): 0 -> 1
Cell (virus_3433764,host_3371016): 0 -> 1
Cell (virus_3433764,host_867834): 0 -> 1
Cell (virus_3433764,host_2491053): 0 -> 1
Cell (virus_3433764,host_258944): 0 -> 1
Cell (virus_3433764,host_258959): 0 -> 1
Cell (virus_2115988,host_187011): 0 -> 1
Cell (virus_2115988,host_51300): 0 -> 1
Cell (virus_2115988,host_246814): 0 -> 1
Cell (virus_2115988,host_59473): 0 -> 1
Cell (virus_2115988,host_519446): 0 -> 1
Cell (virus_2115988,host_2528591): 0 -> 1
Cell (virus_2115988,host_225399): 0 -> 1
Cell (virus_2115988,host_386774): 0 -> 1
Cell (virus_2115988,host_392318): 0 -> 1
Cell (virus_2115988,host_187014): 0 -> 1
Cell (virus_2115988,host_526407): 0 -> 1
Cell (virus_2115988,host_59461): 0 -> 1
Cell (virus_2115988,host_98922): 0 -> 1
Cell (virus_2115988,host_138979): 0 -> 1
Cell (virus_2115988,host_159330): 0 -> 1
Cell (virus_2115988,host_258940): 0 -> 1
Cell (virus_2115988,host_452654): 0 -> 1
Cell (virus_2115988,host_587652): 0 -> 1
Cell (virus_2115988,host_155915): 0 -> 1
Cell (virus_2115988,host_175524): 0 -> 1
Cell (virus_2115988,host_186991): 0 -> 1
Cell (virus_2115988,host_157961): 0 -> 1
Cell (virus_2115988,host_337452): 0 -> 1
Cell (virus_2115988,host_608659): 0 -> 1
Cell (virus_2115988,host_178895): 0 -> 1
Cell (virus_2115988,host_430491): 0 -> 1
Cell (virus_2115988,host_188571): 0 -> 1
Cell (virus_2115988,host_2603865): 0 -> 1
Cell (virus_2115988,host_302408): 0 -> 1
Cell (virus_2115988,host_59478): 0 -> 1
Cell (virus_2115988,host_519037): 0 -> 1
Cell (virus_2115988,host_329870): 0 -> 1
Cell (virus_2115988,host_124756): 0 -> 1
Cell (virus_2115988,host_196297): 0 -> 1
Cell (virus_2115988,host_328804): 0 -> 1
Cell (virus_2115988,host_58067): 0 -> 1
Cell (virus_2115988,host_498220): 0 -> 1
Cell (virus_2115988,host_448084): 0 -> 1
Cell (virus_2115988,host_58071): 0 -> 1
Cell (virus_2115988,host_326083): 0 -> 1
Cell (virus_2115988,host_94956): 0 -> 1
Cell (virus_2115988,host_208969): 0 -> 1
Cell (virus_2115988,host_410852): 0 -> 1
Cell (virus_2115988,host_27634): 0 -> 1
Cell (virus_2115988,host_40228): 0 -> 1
Cell (virus_2115988,host_40224): 0 -> 1
Cell (virus_2115988,host_27660): 0 -> 1
Cell (virus_2115988,host_27638): 0 -> 1
Cell (virus_2115988,host_9423): 0 -> 1
Cell (virus_2115988,host_9430): 0 -> 1
Cell (virus_2115988,host_94961): 0 -> 1
Cell (virus_2115988,host_3042450): 0 -> 1
Cell (virus_2115988,host_9414): 0 -> 1
Cell (virus_2115988,host_1434095): 0 -> 1
Cell (virus_2115988,host_9433): 0 -> 1
Cell (virus_2115988,host_438766): 0 -> 1
Cell (virus_2115988,host_258934): 0 -> 1
Cell (virus_2115988,host_124751): 0 -> 1
Cell (virus_2115988,host_27622): 0 -> 1
Cell (virus_2115988,host_2218597): 0 -> 1
Cell (virus_2115988,host_452595): 0 -> 1
Cell (virus_2115988,host_249034): 0 -> 1
Cell (virus_2115988,host_258952): 0 -> 1
Cell (virus_2115988,host_249033): 0 -> 1
Cell (virus_2115988,host_61862): 0 -> 1
Cell (virus_2115988,host_258909): 0 -> 1
Cell (virus_2115988,host_29078): 0 -> 1
Cell (virus_2115988,host_109485): 0 -> 1
Cell (virus_2115988,host_867834): 0 -> 1
Cell (virus_2115988,host_143942): 0 -> 1
Cell (virus_2115988,host_2491053): 0 -> 1
Cell (virus_2115988,host_258944): 0 -> 1
Cell (virus_2833151,host_105295): 0 -> 1
Cell (virus_2833151,host_187011): 0 -> 1
Cell (virus_2833151,host_246814): 0 -> 1
Cell (virus_2833151,host_294653): 0 -> 1
Cell (virus_2833151,host_59473): 0 -> 1
Cell (virus_2833151,host_519446): 0 -> 1
Cell (virus_2833151,host_225399): 0 -> 1
Cell (virus_2833151,host_392318): 0 -> 1
Cell (virus_2833151,host_187014): 0 -> 1
Cell (virus_2833151,host_59461): 0 -> 1
Cell (virus_2833151,host_98922): 0 -> 1
Cell (virus_2833151,host_138979): 0 -> 1
Cell (virus_2833151,host_159330): 0 -> 1
Cell (virus_2833151,host_452654): 0 -> 1
Cell (virus_2833151,host_587652): 0 -> 1
Cell (virus_2833151,host_155915): 0 -> 1
Cell (virus_2833151,host_175524): 0 -> 1
Cell (virus_2833151,host_186991): 0 -> 1
Cell (virus_2833151,host_157961): 0 -> 1
Cell (virus_2833151,host_334201): 0 -> 1
Cell (virus_2833151,host_337452): 0 -> 1
Cell (virus_2833151,host_320431): 0 -> 1
Cell (virus_2833151,host_608659): 0 -> 1
Cell (virus_2833151,host_178895): 0 -> 1
Cell (virus_2833151,host_430491): 0 -> 1
Cell (virus_2833151,host_188571): 0 -> 1
Cell (virus_2833151,host_249024): 0 -> 1
Cell (virus_2833151,host_2603865): 0 -> 1
Cell (virus_2833151,host_302408): 0 -> 1
Cell (virus_2833151,host_59478): 0 -> 1
Cell (virus_2833151,host_519037): 0 -> 1
Cell (virus_2833151,host_77218): 0 -> 1
Cell (virus_2833151,host_329870): 0 -> 1
Cell (virus_2833151,host_124756): 0 -> 1
Cell (virus_2833151,host_196297): 0 -> 1
Cell (virus_2833151,host_328804): 0 -> 1
Cell (virus_2833151,host_1898389): 0 -> 1
Cell (virus_2833151,host_58067): 0 -> 1
Cell (virus_2833151,host_498220): 0 -> 1
Cell (virus_2833151,host_448084): 0 -> 1
Cell (virus_2833151,host_58071): 0 -> 1
Cell (virus_2833151,host_326083): 0 -> 1
Cell (virus_2833151,host_94956): 0 -> 1
Cell (virus_2833151,host_138695): 0 -> 1
Cell (virus_2833151,host_208969): 0 -> 1
Cell (virus_2833151,host_410852): 0 -> 1
Cell (virus_2833151,host_40228): 0 -> 1
Cell (virus_2833151,host_27638): 0 -> 1
Cell (virus_2833151,host_9423): 0 -> 1
Cell (virus_2833151,host_94961): 0 -> 1
Cell (virus_2833151,host_3042450): 0 -> 1
Cell (virus_2833151,host_9414): 0 -> 1
Cell (virus_2833151,host_1434095): 0 -> 1
Cell (virus_2833151,host_9433): 0 -> 1
Cell (virus_2833151,host_438766): 0 -> 1
Cell (virus_2833151,host_258934): 0 -> 1
Cell (virus_2833151,host_124751): 0 -> 1
Cell (virus_2833151,host_2218597): 0 -> 1
Cell (virus_2833151,host_999964): 0 -> 1
Cell (virus_2833151,host_249034): 0 -> 1
Cell (virus_2833151,host_61862): 0 -> 1
Cell (virus_2833151,host_258909): 0 -> 1
Cell (virus_2833151,host_29078): 0 -> 1
Cell (virus_2833151,host_109485): 0 -> 1
Cell (virus_2833151,host_867834): 0 -> 1
Cell (virus_2833151,host_258889): 0 -> 1
Cell (virus_2833151,host_2491053): 0 -> 1
Cell (virus_2833151,host_258944): 0 -> 1
Cell (virus_3433795,host_105295): 0 -> 1
Cell (virus_3433795,host_187011): 0 -> 1
Cell (virus_3433795,host_246814): 0 -> 1
Cell (virus_3433795,host_294653): 0 -> 1
Cell (virus_3433795,host_519446): 0 -> 1
Cell (virus_3433795,host_2528591): 0 -> 1
Cell (virus_3433795,host_225399): 0 -> 1
Cell (virus_3433795,host_392318): 0 -> 1
Cell (virus_3433795,host_187014): 0 -> 1
Cell (virus_3433795,host_59461): 0 -> 1
Cell (virus_3433795,host_98922): 0 -> 1
Cell (virus_3433795,host_138979): 0 -> 1
Cell (virus_3433795,host_159330): 0 -> 1
Cell (virus_3433795,host_452654): 0 -> 1
Cell (virus_3433795,host_587652): 0 -> 1
Cell (virus_3433795,host_155915): 0 -> 1
Cell (virus_3433795,host_258925): 0 -> 1
Cell (virus_3433795,host_175524): 0 -> 1
Cell (virus_3433795,host_186991): 0 -> 1
Cell (virus_3433795,host_334201): 0 -> 1
Cell (virus_3433795,host_337452): 0 -> 1
Cell (virus_3433795,host_320431): 0 -> 1
Cell (virus_3433795,host_608659): 0 -> 1
Cell (virus_3433795,host_178895): 0 -> 1
Cell (virus_3433795,host_76834): 0 -> 1
Cell (virus_3433795,host_430491): 0 -> 1
Cell (virus_3433795,host_476589): 0 -> 1
Cell (virus_3433795,host_188571): 0 -> 1
Cell (virus_3433795,host_249024): 0 -> 1
Cell (virus_3433795,host_2603865): 0 -> 1
Cell (virus_3433795,host_302408): 0 -> 1
Cell (virus_3433795,host_59478): 0 -> 1
Cell (virus_3433795,host_519037): 0 -> 1
Cell (virus_3433795,host_77218): 0 -> 1
Cell (virus_3433795,host_329870): 0 -> 1
Cell (virus_3433795,host_549403): 0 -> 1
Cell (virus_3433795,host_124756): 0 -> 1
Cell (virus_3433795,host_196297): 0 -> 1
Cell (virus_3433795,host_385575): 0 -> 1
Cell (virus_3433795,host_328804): 0 -> 1
Cell (virus_3433795,host_58067): 0 -> 1
Cell (virus_3433795,host_498220): 0 -> 1
Cell (virus_3433795,host_448084): 0 -> 1
Cell (virus_3433795,host_58071): 0 -> 1
Cell (virus_3433795,host_326083): 0 -> 1
Cell (virus_3433795,host_94956): 0 -> 1
Cell (virus_3433795,host_138695): 0 -> 1
Cell (virus_3433795,host_208969): 0 -> 1
Cell (virus_3433795,host_410852): 0 -> 1
Cell (virus_3433795,host_27634): 0 -> 1
Cell (virus_3433795,host_40228): 0 -> 1
Cell (virus_3433795,host_40224): 0 -> 1
Cell (virus_3433795,host_27638): 0 -> 1
Cell (virus_3433795,host_9423): 0 -> 1
Cell (virus_3433795,host_94961): 0 -> 1
Cell (virus_3433795,host_3042450): 0 -> 1
Cell (virus_3433795,host_9414): 0 -> 1
Cell (virus_3433795,host_1434095): 0 -> 1
Cell (virus_3433795,host_187007): 0 -> 1
Cell (virus_3433795,host_9433): 0 -> 1
Cell (virus_3433795,host_258934): 0 -> 1
Cell (virus_3433795,host_124751): 0 -> 1
Cell (virus_3433795,host_2218597): 0 -> 1
Cell (virus_3433795,host_999964): 0 -> 1
Cell (virus_3433795,host_249034): 0 -> 1
Cell (virus_3433795,host_249033): 0 -> 1
Cell (virus_3433795,host_61862): 0 -> 1
Cell (virus_3433795,host_258909): 0 -> 1
Cell (virus_3433795,host_29078): 0 -> 1
Cell (virus_3433795,host_109485): 0 -> 1
Cell (virus_3433795,host_867834): 0 -> 1
Cell (virus_3433795,host_143942): 0 -> 1
Cell (virus_3433795,host_2491053): 0 -> 1
Cell (virus_3433795,host_258944): 0 -> 1
Cell (virus_693998,host_105295): 0 -> 1
Cell (virus_693998,host_187011): 0 -> 1
Cell (virus_693998,host_246814): 0 -> 1
Cell (virus_693998,host_294653): 0 -> 1
Cell (virus_693998,host_519446): 0 -> 1
Cell (virus_693998,host_2528591): 0 -> 1
Cell (virus_693998,host_225399): 0 -> 1
Cell (virus_693998,host_392318): 0 -> 1
Cell (virus_693998,host_187014): 0 -> 1
Cell (virus_693998,host_59461): 0 -> 1
Cell (virus_693998,host_98922): 0 -> 1
Cell (virus_693998,host_138979): 0 -> 1
Cell (virus_693998,host_159330): 0 -> 1
Cell (virus_693998,host_452654): 0 -> 1
Cell (virus_693998,host_587652): 0 -> 1
Cell (virus_693998,host_155915): 0 -> 1
Cell (virus_693998,host_258925): 0 -> 1
Cell (virus_693998,host_175524): 0 -> 1
Cell (virus_693998,host_186991): 0 -> 1
Cell (virus_693998,host_334201): 0 -> 1
Cell (virus_693998,host_337452): 0 -> 1
Cell (virus_693998,host_320431): 0 -> 1
Cell (virus_693998,host_608659): 0 -> 1
Cell (virus_693998,host_178895): 0 -> 1
Cell (virus_693998,host_76834): 0 -> 1
Cell (virus_693998,host_430491): 0 -> 1
Cell (virus_693998,host_476589): 0 -> 1
Cell (virus_693998,host_188571): 0 -> 1
Cell (virus_693998,host_249024): 0 -> 1
Cell (virus_693998,host_2603865): 0 -> 1
Cell (virus_693998,host_302408): 0 -> 1
Cell (virus_693998,host_59478): 0 -> 1
Cell (virus_693998,host_519037): 0 -> 1
Cell (virus_693998,host_77218): 0 -> 1
Cell (virus_693998,host_329870): 0 -> 1
Cell (virus_693998,host_549403): 0 -> 1
Cell (virus_693998,host_124756): 0 -> 1
Cell (virus_693998,host_196297): 0 -> 1
Cell (virus_693998,host_385575): 0 -> 1
Cell (virus_693998,host_328804): 0 -> 1
Cell (virus_693998,host_58067): 0 -> 1
Cell (virus_693998,host_498220): 0 -> 1
Cell (virus_693998,host_448084): 0 -> 1
Cell (virus_693998,host_58071): 0 -> 1
Cell (virus_693998,host_326083): 0 -> 1
Cell (virus_693998,host_94956): 0 -> 1
Cell (virus_693998,host_138695): 0 -> 1
Cell (virus_693998,host_208969): 0 -> 1
Cell (virus_693998,host_410852): 0 -> 1
Cell (virus_693998,host_27634): 0 -> 1
Cell (virus_693998,host_40228): 0 -> 1
Cell (virus_693998,host_40224): 0 -> 1
Cell (virus_693998,host_27638): 0 -> 1
Cell (virus_693998,host_9423): 0 -> 1
Cell (virus_693998,host_94961): 0 -> 1
Cell (virus_693998,host_3042450): 0 -> 1
Cell (virus_693998,host_9414): 0 -> 1
Cell (virus_693998,host_1434095): 0 -> 1
Cell (virus_693998,host_187007): 0 -> 1
Cell (virus_693998,host_9433): 0 -> 1
Cell (virus_693998,host_258934): 0 -> 1
Cell (virus_693998,host_124751): 0 -> 1
Cell (virus_693998,host_2218597): 0 -> 1
Cell (virus_693998,host_999964): 0 -> 1
Cell (virus_693998,host_249034): 0 -> 1
Cell (virus_693998,host_249033): 0 -> 1
Cell (virus_693998,host_61862): 0 -> 1
Cell (virus_693998,host_258909): 0 -> 1
Cell (virus_693998,host_29078): 0 -> 1
Cell (virus_693998,host_109485): 0 -> 1
Cell (virus_693998,host_867834): 0 -> 1
Cell (virus_693998,host_143942): 0 -> 1
Cell (virus_693998,host_2491053): 0 -> 1
Cell (virus_693998,host_258944): 0 -> 1
Cell (virus_2913382,host_105295): 0 -> 1
Cell (virus_2913382,host_187011): 0 -> 1
Cell (virus_2913382,host_51300): 0 -> 1
Cell (virus_2913382,host_246814): 0 -> 1
Cell (virus_2913382,host_294653): 0 -> 1
Cell (virus_2913382,host_59473): 0 -> 1
Cell (virus_2913382,host_257882): 0 -> 1
Cell (virus_2913382,host_59463): 0 -> 1
Cell (virus_2913382,host_1633875): 0 -> 1
Cell (virus_2913382,host_2528591): 0 -> 1
Cell (virus_2913382,host_225399): 0 -> 1
Cell (virus_2913382,host_386774): 0 -> 1
Cell (virus_2913382,host_392318): 0 -> 1
Cell (virus_2913382,host_187014): 0 -> 1
Cell (virus_2913382,host_526407): 0 -> 1
Cell (virus_2913382,host_59461): 0 -> 1
Cell (virus_2913382,host_98922): 0 -> 1
Cell (virus_2913382,host_138979): 0 -> 1
Cell (virus_2913382,host_159330): 0 -> 1
Cell (virus_2913382,host_258940): 0 -> 1
Cell (virus_2913382,host_452654): 0 -> 1
Cell (virus_2913382,host_587652): 0 -> 1
Cell (virus_2913382,host_155915): 0 -> 1
Cell (virus_2913382,host_225400): 0 -> 1
Cell (virus_2913382,host_175524): 0 -> 1
Cell (virus_2913382,host_186991): 0 -> 1
Cell (virus_2913382,host_157961): 0 -> 1
Cell (virus_2913382,host_334201): 0 -> 1
Cell (virus_2913382,host_463808): 0 -> 1
Cell (virus_2913382,host_188572): 0 -> 1
Cell (virus_2913382,host_476588): 0 -> 1
Cell (virus_2913382,host_337452): 0 -> 1
Cell (virus_2913382,host_608659): 0 -> 1
Cell (virus_2913382,host_430491): 0 -> 1
Cell (virus_2913382,host_188571): 0 -> 1
Cell (virus_2913382,host_2603865): 0 -> 1
Cell (virus_2913382,host_519041): 0 -> 1
Cell (virus_2913382,host_302408): 0 -> 1
Cell (virus_2913382,host_59478): 0 -> 1
Cell (virus_2913382,host_342862): 0 -> 1
Cell (virus_2913382,host_519037): 0 -> 1
Cell (virus_2913382,host_77218): 0 -> 1
Cell (virus_2913382,host_329870): 0 -> 1
Cell (virus_2913382,host_549403): 0 -> 1
Cell (virus_2913382,host_124756): 0 -> 1
Cell (virus_2913382,host_196297): 0 -> 1
Cell (virus_2913382,host_328804): 0 -> 1
Cell (virus_2913382,host_9402): 0 -> 1
Cell (virus_2913382,host_2853157): 0 -> 1
Cell (virus_2913382,host_372077): 0 -> 1
Cell (virus_2913382,host_58067): 0 -> 1
Cell (virus_2913382,host_498220): 0 -> 1
Cell (virus_2913382,host_448084): 0 -> 1
Cell (virus_2913382,host_58071): 0 -> 1
Cell (virus_2913382,host_58073): 0 -> 1
Cell (virus_2913382,host_58063): 0 -> 1
Cell (virus_2913382,host_9400): 0 -> 1
Cell (virus_2913382,host_326083): 0 -> 1
Cell (virus_2913382,host_94956): 0 -> 1
Cell (virus_2913382,host_208969): 0 -> 1
Cell (virus_2913382,host_40233): 0 -> 1
Cell (virus_2913382,host_410852): 0 -> 1
Cell (virus_2913382,host_27634): 0 -> 1
Cell (virus_2913382,host_40228): 0 -> 1
Cell (virus_2913382,host_27638): 0 -> 1
Cell (virus_2913382,host_9423): 0 -> 1
Cell (virus_2913382,host_94961): 0 -> 1
Cell (virus_2913382,host_3042450): 0 -> 1
Cell (virus_2913382,host_9414): 0 -> 1
Cell (virus_2913382,host_1434095): 0 -> 1
Cell (virus_2913382,host_187007): 0 -> 1
Cell (virus_2913382,host_9433): 0 -> 1
Cell (virus_2913382,host_187008): 0 -> 1
Cell (virus_2913382,host_438766): 0 -> 1
Cell (virus_2913382,host_258934): 0 -> 1
Cell (virus_2913382,host_479723): 0 -> 1
Cell (virus_2913382,host_124751): 0 -> 1
Cell (virus_2913382,host_27622): 0 -> 1
Cell (virus_2913382,host_2218597): 0 -> 1
Cell (virus_2913382,host_999964): 0 -> 1
Cell (virus_2913382,host_61862): 0 -> 1
Cell (virus_2913382,host_3371021): 0 -> 1
Cell (virus_2913382,host_109485): 0 -> 1
Cell (virus_2913382,host_867834): 0 -> 1
Cell (virus_2913382,host_2491053): 0 -> 1
Cell (virus_2913382,host_110938): 0 -> 1
Cell (virus_2913382,host_258944): 0 -> 1
Cell (virus_3433766,host_59463): 0 -> 1
Cell (virus_3433766,host_109480): 0 -> 1
Cell (virus_3433766,host_1633875): 0 -> 1
Cell (virus_3433766,host_519446): 0 -> 1
Cell (virus_3433766,host_109481): 0 -> 1
Cell (virus_3433766,host_412095): 0 -> 1
Cell (virus_3433766,host_225399): 0 -> 1
Cell (virus_3433766,host_386774): 0 -> 1
Cell (virus_3433766,host_392318): 0 -> 1
Cell (virus_3433766,host_1911917): 0 -> 1
Cell (virus_3433766,host_59461): 0 -> 1
Cell (virus_3433766,host_452653): 0 -> 1
Cell (virus_3433766,host_98922): 0 -> 1
Cell (virus_3433766,host_138979): 0 -> 1
Cell (virus_3433766,host_452654): 0 -> 1
Cell (virus_3433766,host_587652): 0 -> 1
Cell (virus_3433766,host_155915): 0 -> 1
Cell (virus_3433766,host_225400): 0 -> 1
Cell (virus_3433766,host_385037): 0 -> 1
Cell (virus_3433766,host_2015597): 0 -> 1
Cell (virus_3433766,host_188569): 0 -> 1
Cell (virus_3433766,host_186990): 0 -> 1
Cell (virus_3433766,host_186991): 0 -> 1
Cell (virus_3433766,host_270698): 0 -> 1
Cell (virus_3433766,host_334201): 0 -> 1
Cell (virus_3433766,host_249020): 0 -> 1
Cell (virus_3433766,host_463808): 0 -> 1
Cell (virus_3433766,host_608659): 0 -> 1
Cell (virus_3433766,host_178895): 0 -> 1
Cell (virus_3433766,host_59477): 0 -> 1
Cell (virus_3433766,host_188571): 0 -> 1
Cell (virus_3433766,host_249024): 0 -> 1
Cell (virus_3433766,host_519041): 0 -> 1
Cell (virus_3433766,host_302408): 0 -> 1
Cell (virus_3433766,host_59478): 0 -> 1
Cell (virus_3433766,host_59479): 0 -> 1
Cell (virus_3433766,host_519037): 0 -> 1
Cell (virus_3433766,host_77218): 0 -> 1
Cell (virus_3433766,host_329870): 0 -> 1
Cell (virus_3433766,host_549403): 0 -> 1
Cell (virus_3433766,host_124756): 0 -> 1
Cell (virus_3433766,host_132908): 0 -> 1
Cell (virus_3433766,host_196297): 0 -> 1
Cell (virus_3433766,host_385575): 0 -> 1
Cell (virus_3433766,host_328804): 0 -> 1
Cell (virus_3433766,host_9403): 0 -> 1
Cell (virus_3433766,host_1410044): 0 -> 1
Cell (virus_3433766,host_2853157): 0 -> 1
Cell (virus_3433766,host_372077): 0 -> 1
Cell (virus_3433766,host_58067): 0 -> 1
Cell (virus_3433766,host_498220): 0 -> 1
Cell (virus_3433766,host_58063): 0 -> 1
Cell (virus_3433766,host_1898386): 0 -> 1
Cell (virus_3433766,host_58060): 0 -> 1
Cell (virus_3433766,host_77233): 0 -> 1
Cell (virus_3433766,host_326083): 0 -> 1
Cell (virus_3433766,host_1381355): 0 -> 1
Cell (virus_3433766,host_187003): 0 -> 1
Cell (virus_3433766,host_118856): 0 -> 1
Cell (virus_3433766,host_94956): 0 -> 1
Cell (virus_3433766,host_410852): 0 -> 1
Cell (virus_3433766,host_40224): 0 -> 1
Cell (virus_3433766,host_40229): 0 -> 1
Cell (virus_3433766,host_27660): 0 -> 1
Cell (virus_3433766,host_27638): 0 -> 1
Cell (virus_3433766,host_89673): 0 -> 1
Cell (virus_3433766,host_9423): 0 -> 1
Cell (virus_3433766,host_148089): 0 -> 1
Cell (virus_3433766,host_94961): 0 -> 1
Cell (virus_3433766,host_3042450): 0 -> 1
Cell (virus_3433766,host_9414): 0 -> 1
Cell (virus_3433766,host_1434095): 0 -> 1
Cell (virus_3433766,host_221087): 0 -> 1
Cell (virus_3433766,host_9433): 0 -> 1
Cell (virus_3433766,host_479723): 0 -> 1
Cell (virus_3433766,host_124751): 0 -> 1
Cell (virus_3433766,host_27622): 0 -> 1
Cell (virus_3433766,host_2218597): 0 -> 1
Cell (virus_3433766,host_999964): 0 -> 1
Cell (virus_3433766,host_249034): 0 -> 1
Cell (virus_3433766,host_258953): 0 -> 1
Cell (virus_3433766,host_29078): 0 -> 1
Cell (virus_3433766,host_109485): 0 -> 1
Cell (virus_3433766,host_999321): 0 -> 1
Cell (virus_3433766,host_867834): 0 -> 1
Cell (virus_3433766,host_258889): 0 -> 1
Cell (virus_3433766,host_2491053): 0 -> 1
Cell (virus_3433766,host_258944): 0 -> 1
Cell (virus_694014,host_59463): 0 -> 1
Cell (virus_694014,host_109480): 0 -> 1
Cell (virus_694014,host_1633875): 0 -> 1
Cell (virus_694014,host_519446): 0 -> 1
Cell (virus_694014,host_109481): 0 -> 1
Cell (virus_694014,host_412095): 0 -> 1
Cell (virus_694014,host_225399): 0 -> 1
Cell (virus_694014,host_386774): 0 -> 1
Cell (virus_694014,host_392318): 0 -> 1
Cell (virus_694014,host_1911917): 0 -> 1
Cell (virus_694014,host_59461): 0 -> 1
Cell (virus_694014,host_452653): 0 -> 1
Cell (virus_694014,host_98922): 0 -> 1
Cell (virus_694014,host_138979): 0 -> 1
Cell (virus_694014,host_452654): 0 -> 1
Cell (virus_694014,host_587652): 0 -> 1
Cell (virus_694014,host_155915): 0 -> 1
Cell (virus_694014,host_225400): 0 -> 1
Cell (virus_694014,host_385037): 0 -> 1
Cell (virus_694014,host_2015597): 0 -> 1
Cell (virus_694014,host_188569): 0 -> 1
Cell (virus_694014,host_186990): 0 -> 1
Cell (virus_694014,host_186991): 0 -> 1
Cell (virus_694014,host_270698): 0 -> 1
Cell (virus_694014,host_334201): 0 -> 1
Cell (virus_694014,host_249020): 0 -> 1
Cell (virus_694014,host_463808): 0 -> 1
Cell (virus_694014,host_608659): 0 -> 1
Cell (virus_694014,host_178895): 0 -> 1
Cell (virus_694014,host_59477): 0 -> 1
Cell (virus_694014,host_188571): 0 -> 1
Cell (virus_694014,host_249024): 0 -> 1
Cell (virus_694014,host_519041): 0 -> 1
Cell (virus_694014,host_302408): 0 -> 1
Cell (virus_694014,host_59478): 0 -> 1
Cell (virus_694014,host_59479): 0 -> 1
Cell (virus_694014,host_519037): 0 -> 1
Cell (virus_694014,host_77218): 0 -> 1
Cell (virus_694014,host_329870): 0 -> 1
Cell (virus_694014,host_549403): 0 -> 1
Cell (virus_694014,host_124756): 0 -> 1
Cell (virus_694014,host_132908): 0 -> 1
Cell (virus_694014,host_196297): 0 -> 1
Cell (virus_694014,host_385575): 0 -> 1
Cell (virus_694014,host_328804): 0 -> 1
Cell (virus_694014,host_9403): 0 -> 1
Cell (virus_694014,host_1410044): 0 -> 1
Cell (virus_694014,host_2853157): 0 -> 1
Cell (virus_694014,host_372077): 0 -> 1
Cell (virus_694014,host_58067): 0 -> 1
Cell (virus_694014,host_498220): 0 -> 1
Cell (virus_694014,host_58063): 0 -> 1
Cell (virus_694014,host_1898386): 0 -> 1
Cell (virus_694014,host_58060): 0 -> 1
Cell (virus_694014,host_77233): 0 -> 1
Cell (virus_694014,host_326083): 0 -> 1
Cell (virus_694014,host_1381355): 0 -> 1
Cell (virus_694014,host_187003): 0 -> 1
Cell (virus_694014,host_118856): 0 -> 1
Cell (virus_694014,host_94956): 0 -> 1
Cell (virus_694014,host_410852): 0 -> 1
Cell (virus_694014,host_40224): 0 -> 1
Cell (virus_694014,host_40229): 0 -> 1
Cell (virus_694014,host_27660): 0 -> 1
Cell (virus_694014,host_27638): 0 -> 1
Cell (virus_694014,host_89673): 0 -> 1
Cell (virus_694014,host_9423): 0 -> 1
Cell (virus_694014,host_148089): 0 -> 1
Cell (virus_694014,host_94961): 0 -> 1
Cell (virus_694014,host_3042450): 0 -> 1
Cell (virus_694014,host_9414): 0 -> 1
Cell (virus_694014,host_1434095): 0 -> 1
Cell (virus_694014,host_221087): 0 -> 1
Cell (virus_694014,host_9433): 0 -> 1
Cell (virus_694014,host_479723): 0 -> 1
Cell (virus_694014,host_124751): 0 -> 1
Cell (virus_694014,host_27622): 0 -> 1
Cell (virus_694014,host_2218597): 0 -> 1
Cell (virus_694014,host_999964): 0 -> 1
Cell (virus_694014,host_249034): 0 -> 1
Cell (virus_694014,host_258953): 0 -> 1
Cell (virus_694014,host_29078): 0 -> 1
Cell (virus_694014,host_109485): 0 -> 1
Cell (virus_694014,host_999321): 0 -> 1
Cell (virus_694014,host_867834): 0 -> 1
Cell (virus_694014,host_258889): 0 -> 1
Cell (virus_694014,host_2491053): 0 -> 1
Cell (virus_694014,host_258944): 0 -> 1
Cell (virus_2917966,host_187011): 0 -> 1
Cell (virus_2917966,host_1633875): 0 -> 1
Cell (virus_2917966,host_519446): 0 -> 1
Cell (virus_2917966,host_2528591): 0 -> 1
Cell (virus_2917966,host_51298): 0 -> 1
Cell (virus_2917966,host_59461): 0 -> 1
Cell (virus_2917966,host_98922): 0 -> 1
Cell (virus_2917966,host_138977): 0 -> 1
Cell (virus_2917966,host_138979): 0 -> 1
Cell (virus_2917966,host_258940): 0 -> 1
Cell (virus_2917966,host_452654): 0 -> 1
Cell (virus_2917966,host_155915): 0 -> 1
Cell (virus_2917966,host_225400): 0 -> 1
Cell (virus_2917966,host_385037): 0 -> 1
Cell (virus_2917966,host_2015597): 0 -> 1
Cell (virus_2917966,host_59453): 0 -> 1
Cell (virus_2917966,host_270698): 0 -> 1
Cell (virus_2917966,host_249020): 0 -> 1
Cell (virus_2917966,host_584995): 0 -> 1
Cell (virus_2917966,host_463808): 0 -> 1
Cell (virus_2917966,host_608659): 0 -> 1
Cell (virus_2917966,host_178895): 0 -> 1
Cell (virus_2917966,host_59477): 0 -> 1
Cell (virus_2917966,host_430491): 0 -> 1
Cell (virus_2917966,host_188571): 0 -> 1
Cell (virus_2917966,host_249024): 0 -> 1
Cell (virus_2917966,host_302408): 0 -> 1
Cell (virus_2917966,host_49443): 0 -> 1
Cell (virus_2917966,host_59478): 0 -> 1
Cell (virus_2917966,host_519037): 0 -> 1
Cell (virus_2917966,host_549403): 0 -> 1
Cell (virus_2917966,host_3371112): 0 -> 1
Cell (virus_2917966,host_124756): 0 -> 1
Cell (virus_2917966,host_385575): 0 -> 1
Cell (virus_2917966,host_328804): 0 -> 1
Cell (virus_2917966,host_58057): 0 -> 1
Cell (virus_2917966,host_1898389): 0 -> 1
Cell (virus_2917966,host_2853157): 0 -> 1
Cell (virus_2917966,host_498220): 0 -> 1
Cell (virus_2917966,host_58063): 0 -> 1
Cell (virus_2917966,host_1898386): 0 -> 1
Cell (virus_2917966,host_374419): 0 -> 1
Cell (virus_2917966,host_326151): 0 -> 1
Cell (virus_2917966,host_1381355): 0 -> 1
Cell (virus_2917966,host_907075): 0 -> 1
Cell (virus_2917966,host_94956): 0 -> 1
Cell (virus_2917966,host_40233): 0 -> 1
Cell (virus_2917966,host_410852): 0 -> 1
Cell (virus_2917966,host_27634): 0 -> 1
Cell (virus_2917966,host_40229): 0 -> 1
Cell (virus_2917966,host_192403): 0 -> 1
Cell (virus_2917966,host_196700): 0 -> 1
Cell (virus_2917966,host_27638): 0 -> 1
Cell (virus_2917966,host_9423): 0 -> 1
Cell (virus_2917966,host_148061): 0 -> 1
Cell (virus_2917966,host_94961): 0 -> 1
Cell (virus_2917966,host_3042450): 0 -> 1
Cell (virus_2917966,host_3371013): 0 -> 1
Cell (virus_2917966,host_9414): 0 -> 1
Cell (virus_2917966,host_1434095): 0 -> 1
Cell (virus_2917966,host_9433): 0 -> 1
Cell (virus_2917966,host_438766): 0 -> 1
Cell (virus_2917966,host_258934): 0 -> 1
Cell (virus_2917966,host_2218597): 0 -> 1
Cell (virus_2917966,host_9438): 0 -> 1
Cell (virus_2917966,host_153297): 0 -> 1
Cell (virus_2917966,host_258953): 0 -> 1
Cell (virus_2917966,host_3371014): 0 -> 1
Cell (virus_2917966,host_3371021): 0 -> 1
Cell (virus_2917966,host_109485): 0 -> 1
Cell (virus_2917966,host_59474): 0 -> 1
Cell (virus_2917966,host_867834): 0 -> 1
Cell (virus_2917966,host_143942): 0 -> 1
Cell (virus_2917966,host_258889): 0 -> 1
Cell (virus_2917966,host_258944): 0 -> 1
Cell (virus_3158245,host_246814): 0 -> 1
Cell (virus_3158245,host_294653): 0 -> 1
Cell (virus_3158245,host_3380546): 0 -> 1
Cell (virus_3158245,host_160974): 0 -> 1
Cell (virus_3158245,host_1633875): 0 -> 1
Cell (virus_3158245,host_109482): 0 -> 1
Cell (virus_3158245,host_412095): 0 -> 1
Cell (virus_3158245,host_203696): 0 -> 1
Cell (virus_3158245,host_452653): 0 -> 1
Cell (virus_3158245,host_138979): 0 -> 1
Cell (virus_3158245,host_452654): 0 -> 1
Cell (virus_3158245,host_587652): 0 -> 1
Cell (virus_3158245,host_155915): 0 -> 1
Cell (virus_3158245,host_155035): 0 -> 1
Cell (virus_3158245,host_2015597): 0 -> 1
Cell (virus_3158245,host_258925): 0 -> 1
Cell (virus_3158245,host_270698): 0 -> 1
Cell (virus_3158245,host_584995): 0 -> 1
Cell (virus_3158245,host_463808): 0 -> 1
Cell (virus_3158245,host_608659): 0 -> 1
Cell (virus_3158245,host_430491): 0 -> 1
Cell (virus_3158245,host_89399): 0 -> 1
Cell (virus_3158245,host_188571): 0 -> 1
Cell (virus_3158245,host_249024): 0 -> 1
Cell (virus_3158245,host_302408): 0 -> 1
Cell (virus_3158245,host_49443): 0 -> 1
Cell (virus_3158245,host_59478): 0 -> 1
Cell (virus_3158245,host_519037): 0 -> 1
Cell (virus_3158245,host_77218): 0 -> 1
Cell (virus_3158245,host_3371112): 0 -> 1
Cell (virus_3158245,host_132908): 0 -> 1
Cell (virus_3158245,host_328804): 0 -> 1
Cell (virus_3158245,host_9403): 0 -> 1
Cell (virus_3158245,host_1410044): 0 -> 1
Cell (virus_3158245,host_1898389): 0 -> 1
Cell (virus_3158245,host_2853157): 0 -> 1
Cell (virus_3158245,host_498220): 0 -> 1
Cell (virus_3158245,host_58063): 0 -> 1
Cell (virus_3158245,host_58060): 0 -> 1
Cell (virus_3158245,host_9400): 0 -> 1
Cell (virus_3158245,host_374419): 0 -> 1
Cell (virus_3158245,host_94956): 0 -> 1
Cell (virus_3158245,host_1884717): 0 -> 1
Cell (virus_3158245,host_148094): 0 -> 1
Cell (virus_3158245,host_410852): 0 -> 1
Cell (virus_3158245,host_27634): 0 -> 1
Cell (virus_3158245,host_27660): 0 -> 1
Cell (virus_3158245,host_409031): 0 -> 1
Cell (virus_3158245,host_89673): 0 -> 1
Cell (virus_3158245,host_9423): 0 -> 1
Cell (virus_3158245,host_148061): 0 -> 1
Cell (virus_3158245,host_148089): 0 -> 1
Cell (virus_3158245,host_94961): 0 -> 1
Cell (virus_3158245,host_3042450): 0 -> 1
Cell (virus_3158245,host_1434095): 0 -> 1
Cell (virus_3158245,host_9433): 0 -> 1
Cell (virus_3158245,host_438766): 0 -> 1
Cell (virus_3158245,host_258934): 0 -> 1
Cell (virus_3158245,host_2218597): 0 -> 1
Cell (virus_3158245,host_999964): 0 -> 1
Cell (virus_3158245,host_258953): 0 -> 1
Cell (virus_3158245,host_258909): 0 -> 1
Cell (virus_3158245,host_3371016): 0 -> 1
Cell (virus_3158245,host_3371021): 0 -> 1
Cell (virus_3158245,host_109485): 0 -> 1
Cell (virus_3158245,host_867834): 0 -> 1
Cell (virus_3158245,host_2491053): 0 -> 1
Cell (virus_3158245,host_258944): 0 -> 1
Cell (virus_693999,host_246814): 0 -> 1
Cell (virus_693999,host_294653): 0 -> 1
Cell (virus_693999,host_3380546): 0 -> 1
Cell (virus_693999,host_160974): 0 -> 1
Cell (virus_693999,host_1633875): 0 -> 1
Cell (virus_693999,host_109482): 0 -> 1
Cell (virus_693999,host_412095): 0 -> 1
Cell (virus_693999,host_203696): 0 -> 1
Cell (virus_693999,host_452653): 0 -> 1
Cell (virus_693999,host_138979): 0 -> 1
Cell (virus_693999,host_452654): 0 -> 1
Cell (virus_693999,host_587652): 0 -> 1
Cell (virus_693999,host_155915): 0 -> 1
Cell (virus_693999,host_155035): 0 -> 1
Cell (virus_693999,host_2015597): 0 -> 1
Cell (virus_693999,host_258925): 0 -> 1
Cell (virus_693999,host_270698): 0 -> 1
Cell (virus_693999,host_584995): 0 -> 1
Cell (virus_693999,host_463808): 0 -> 1
Cell (virus_693999,host_608659): 0 -> 1
Cell (virus_693999,host_430491): 0 -> 1
Cell (virus_693999,host_89399): 0 -> 1
Cell (virus_693999,host_188571): 0 -> 1
Cell (virus_693999,host_249024): 0 -> 1
Cell (virus_693999,host_302408): 0 -> 1
Cell (virus_693999,host_49443): 0 -> 1
Cell (virus_693999,host_59478): 0 -> 1
Cell (virus_693999,host_519037): 0 -> 1
Cell (virus_693999,host_77218): 0 -> 1
Cell (virus_693999,host_3371112): 0 -> 1
Cell (virus_693999,host_132908): 0 -> 1
Cell (virus_693999,host_328804): 0 -> 1
Cell (virus_693999,host_9403): 0 -> 1
Cell (virus_693999,host_1410044): 0 -> 1
Cell (virus_693999,host_1898389): 0 -> 1
Cell (virus_693999,host_2853157): 0 -> 1
Cell (virus_693999,host_498220): 0 -> 1
Cell (virus_693999,host_58063): 0 -> 1
Cell (virus_693999,host_58060): 0 -> 1
Cell (virus_693999,host_9400): 0 -> 1
Cell (virus_693999,host_374419): 0 -> 1
Cell (virus_693999,host_94956): 0 -> 1
Cell (virus_693999,host_1884717): 0 -> 1
Cell (virus_693999,host_148094): 0 -> 1
Cell (virus_693999,host_410852): 0 -> 1
Cell (virus_693999,host_27634): 0 -> 1
Cell (virus_693999,host_27660): 0 -> 1
Cell (virus_693999,host_409031): 0 -> 1
Cell (virus_693999,host_89673): 0 -> 1
Cell (virus_693999,host_9423): 0 -> 1
Cell (virus_693999,host_148061): 0 -> 1
Cell (virus_693999,host_148089): 0 -> 1
Cell (virus_693999,host_94961): 0 -> 1
Cell (virus_693999,host_3042450): 0 -> 1
Cell (virus_693999,host_1434095): 0 -> 1
Cell (virus_693999,host_9433): 0 -> 1
Cell (virus_693999,host_438766): 0 -> 1
Cell (virus_693999,host_258934): 0 -> 1
Cell (virus_693999,host_2218597): 0 -> 1
Cell (virus_693999,host_999964): 0 -> 1
Cell (virus_693999,host_258953): 0 -> 1
Cell (virus_693999,host_258909): 0 -> 1
Cell (virus_693999,host_3371016): 0 -> 1
Cell (virus_693999,host_3371021): 0 -> 1
Cell (virus_693999,host_109485): 0 -> 1
Cell (virus_693999,host_867834): 0 -> 1
Cell (virus_693999,host_2491053): 0 -> 1
Cell (virus_693999,host_258944): 0 -> 1
Cell (virus_3418615,host_105295): 0 -> 1
Cell (virus_3418615,host_246814): 0 -> 1
Cell (virus_3418615,host_294653): 0 -> 1
Cell (virus_3418615,host_59463): 0 -> 1
Cell (virus_3418615,host_160974): 0 -> 1
Cell (virus_3418615,host_1633875): 0 -> 1
Cell (virus_3418615,host_2528591): 0 -> 1
Cell (virus_3418615,host_203696): 0 -> 1
Cell (virus_3418615,host_452653): 0 -> 1
Cell (virus_3418615,host_138979): 0 -> 1
Cell (virus_3418615,host_258940): 0 -> 1
Cell (virus_3418615,host_452654): 0 -> 1
Cell (virus_3418615,host_587652): 0 -> 1
Cell (virus_3418615,host_155915): 0 -> 1
Cell (virus_3418615,host_258925): 0 -> 1
Cell (virus_3418615,host_270698): 0 -> 1
Cell (virus_3418615,host_463808): 0 -> 1
Cell (virus_3418615,host_608659): 0 -> 1
Cell (virus_3418615,host_430491): 0 -> 1
Cell (virus_3418615,host_188571): 0 -> 1
Cell (virus_3418615,host_249024): 0 -> 1
Cell (virus_3418615,host_519041): 0 -> 1
Cell (virus_3418615,host_302408): 0 -> 1
Cell (virus_3418615,host_59478): 0 -> 1
Cell (virus_3418615,host_519037): 0 -> 1
Cell (virus_3418615,host_77218): 0 -> 1
Cell (virus_3418615,host_3371112): 0 -> 1
Cell (virus_3418615,host_124756): 0 -> 1
Cell (virus_3418615,host_132908): 0 -> 1
Cell (virus_3418615,host_328804): 0 -> 1
Cell (virus_3418615,host_1410044): 0 -> 1
Cell (virus_3418615,host_1898389): 0 -> 1
Cell (virus_3418615,host_2853157): 0 -> 1
Cell (virus_3418615,host_58067): 0 -> 1
Cell (virus_3418615,host_448084): 0 -> 1
Cell (virus_3418615,host_58071): 0 -> 1
Cell (virus_3418615,host_58073): 0 -> 1
Cell (virus_3418615,host_1898393): 0 -> 1
Cell (virus_3418615,host_58063): 0 -> 1
Cell (virus_3418615,host_77214): 0 -> 1
Cell (virus_3418615,host_58060): 0 -> 1
Cell (virus_3418615,host_9400): 0 -> 1
Cell (virus_3418615,host_326151): 0 -> 1
Cell (virus_3418615,host_326083): 0 -> 1
Cell (virus_3418615,host_1381355): 0 -> 1
Cell (virus_3418615,host_907075): 0 -> 1
Cell (virus_3418615,host_94956): 0 -> 1
Cell (virus_3418615,host_1884717): 0 -> 1
Cell (virus_3418615,host_138695): 0 -> 1
Cell (virus_3418615,host_410852): 0 -> 1
Cell (virus_3418615,host_574064): 0 -> 1
Cell (virus_3418615,host_27634): 0 -> 1
Cell (virus_3418615,host_40229): 0 -> 1
Cell (virus_3418615,host_192403): 0 -> 1
Cell (virus_3418615,host_27660): 0 -> 1
Cell (virus_3418615,host_27638): 0 -> 1
Cell (virus_3418615,host_409031): 0 -> 1
Cell (virus_3418615,host_9423): 0 -> 1
Cell (virus_3418615,host_148061): 0 -> 1
Cell (virus_3418615,host_148089): 0 -> 1
Cell (virus_3418615,host_9430): 0 -> 1
Cell (virus_3418615,host_94961): 0 -> 1
Cell (virus_3418615,host_3042450): 0 -> 1
Cell (virus_3418615,host_1434095): 0 -> 1
Cell (virus_3418615,host_221086): 0 -> 1
Cell (virus_3418615,host_9433): 0 -> 1
Cell (virus_3418615,host_258934): 0 -> 1
Cell (virus_3418615,host_2218597): 0 -> 1
Cell (virus_3418615,host_242384): 0 -> 1
Cell (virus_3418615,host_999964): 0 -> 1
Cell (virus_3418615,host_153297): 0 -> 1
Cell (virus_3418615,host_249034): 0 -> 1
Cell (virus_3418615,host_258952): 0 -> 1
Cell (virus_3418615,host_258953): 0 -> 1
Cell (virus_3418615,host_249033): 0 -> 1
Cell (virus_3418615,host_258909): 0 -> 1
Cell (virus_3418615,host_2969767): 0 -> 1
Cell (virus_3418615,host_3371021): 0 -> 1
Cell (virus_3418615,host_109485): 0 -> 1
Cell (virus_3418615,host_59474): 0 -> 1
Cell (virus_3418615,host_867834): 0 -> 1
Cell (virus_3418615,host_2491053): 0 -> 1
Cell (virus_3418615,host_258944): 0 -> 1
Cell (virus_3418615,host_258959): 0 -> 1
Cell (virus_694006,host_105295): 0 -> 1
Cell (virus_694006,host_246814): 0 -> 1
Cell (virus_694006,host_294653): 0 -> 1
Cell (virus_694006,host_59463): 0 -> 1
Cell (virus_694006,host_160974): 0 -> 1
Cell (virus_694006,host_1633875): 0 -> 1
Cell (virus_694006,host_2528591): 0 -> 1
Cell (virus_694006,host_203696): 0 -> 1
Cell (virus_694006,host_452653): 0 -> 1
Cell (virus_694006,host_138979): 0 -> 1
Cell (virus_694006,host_258940): 0 -> 1
Cell (virus_694006,host_452654): 0 -> 1
Cell (virus_694006,host_587652): 0 -> 1
Cell (virus_694006,host_155915): 0 -> 1
Cell (virus_694006,host_258925): 0 -> 1
Cell (virus_694006,host_270698): 0 -> 1
Cell (virus_694006,host_463808): 0 -> 1
Cell (virus_694006,host_608659): 0 -> 1
Cell (virus_694006,host_430491): 0 -> 1
Cell (virus_694006,host_188571): 0 -> 1
Cell (virus_694006,host_249024): 0 -> 1
Cell (virus_694006,host_519041): 0 -> 1
Cell (virus_694006,host_302408): 0 -> 1
Cell (virus_694006,host_59478): 0 -> 1
Cell (virus_694006,host_519037): 0 -> 1
Cell (virus_694006,host_77218): 0 -> 1
Cell (virus_694006,host_3371112): 0 -> 1
Cell (virus_694006,host_124756): 0 -> 1
Cell (virus_694006,host_132908): 0 -> 1
Cell (virus_694006,host_328804): 0 -> 1
Cell (virus_694006,host_1410044): 0 -> 1
Cell (virus_694006,host_1898389): 0 -> 1
Cell (virus_694006,host_2853157): 0 -> 1
Cell (virus_694006,host_58067): 0 -> 1
Cell (virus_694006,host_448084): 0 -> 1
Cell (virus_694006,host_58071): 0 -> 1
Cell (virus_694006,host_58073): 0 -> 1
Cell (virus_694006,host_1898393): 0 -> 1
Cell (virus_694006,host_58063): 0 -> 1
Cell (virus_694006,host_77214): 0 -> 1
Cell (virus_694006,host_58060): 0 -> 1
Cell (virus_694006,host_9400): 0 -> 1
Cell (virus_694006,host_326151): 0 -> 1
Cell (virus_694006,host_326083): 0 -> 1
Cell (virus_694006,host_1381355): 0 -> 1
Cell (virus_694006,host_907075): 0 -> 1
Cell (virus_694006,host_94956): 0 -> 1
Cell (virus_694006,host_1884717): 0 -> 1
Cell (virus_694006,host_138695): 0 -> 1
Cell (virus_694006,host_410852): 0 -> 1
Cell (virus_694006,host_574064): 0 -> 1
Cell (virus_694006,host_27634): 0 -> 1
Cell (virus_694006,host_40229): 0 -> 1
Cell (virus_694006,host_192403): 0 -> 1
Cell (virus_694006,host_27660): 0 -> 1
Cell (virus_694006,host_27638): 0 -> 1
Cell (virus_694006,host_409031): 0 -> 1
Cell (virus_694006,host_9423): 0 -> 1
Cell (virus_694006,host_148061): 0 -> 1
Cell (virus_694006,host_148089): 0 -> 1
Cell (virus_694006,host_9430): 0 -> 1
Cell (virus_694006,host_94961): 0 -> 1
Cell (virus_694006,host_3042450): 0 -> 1
Cell (virus_694006,host_1434095): 0 -> 1
Cell (virus_694006,host_221086): 0 -> 1
Cell (virus_694006,host_9433): 0 -> 1
Cell (virus_694006,host_258934): 0 -> 1
Cell (virus_694006,host_2218597): 0 -> 1
Cell (virus_694006,host_242384): 0 -> 1
Cell (virus_694006,host_999964): 0 -> 1
Cell (virus_694006,host_153297): 0 -> 1
Cell (virus_694006,host_249034): 0 -> 1
Cell (virus_694006,host_258952): 0 -> 1
Cell (virus_694006,host_258953): 0 -> 1
Cell (virus_694006,host_249033): 0 -> 1
Cell (virus_694006,host_258909): 0 -> 1
Cell (virus_694006,host_2969767): 0 -> 1
Cell (virus_694006,host_3371021): 0 -> 1
Cell (virus_694006,host_109485): 0 -> 1
Cell (virus_694006,host_59474): 0 -> 1
Cell (virus_694006,host_867834): 0 -> 1
Cell (virus_694006,host_2491053): 0 -> 1
Cell (virus_694006,host_258944): 0 -> 1
Cell (virus_694006,host_258959): 0 -> 1
Cell (virus_3433776,host_105295): 0 -> 1
Cell (virus_3433776,host_51300): 0 -> 1
Cell (virus_3433776,host_246814): 0 -> 1
Cell (virus_3433776,host_294653): 0 -> 1
Cell (virus_3433776,host_257882): 0 -> 1
Cell (virus_3433776,host_59461): 0 -> 1
Cell (virus_3433776,host_203696): 0 -> 1
Cell (virus_3433776,host_138979): 0 -> 1
Cell (virus_3433776,host_452654): 0 -> 1
Cell (virus_3433776,host_587652): 0 -> 1
Cell (virus_3433776,host_155915): 0 -> 1
Cell (virus_3433776,host_2015597): 0 -> 1
Cell (virus_3433776,host_258925): 0 -> 1
Cell (virus_3433776,host_157961): 0 -> 1
Cell (virus_3433776,host_584995): 0 -> 1
Cell (virus_3433776,host_463808): 0 -> 1
Cell (virus_3433776,host_608659): 0 -> 1
Cell (virus_3433776,host_178895): 0 -> 1
Cell (virus_3433776,host_430491): 0 -> 1
Cell (virus_3433776,host_188571): 0 -> 1
Cell (virus_3433776,host_249024): 0 -> 1
Cell (virus_3433776,host_302408): 0 -> 1
Cell (virus_3433776,host_59478): 0 -> 1
Cell (virus_3433776,host_519037): 0 -> 1
Cell (virus_3433776,host_430492): 0 -> 1
Cell (virus_3433776,host_77218): 0 -> 1
Cell (virus_3433776,host_329870): 0 -> 1
Cell (virus_3433776,host_3371112): 0 -> 1
Cell (virus_3433776,host_132908): 0 -> 1
Cell (virus_3433776,host_166054): 0 -> 1
Cell (virus_3433776,host_328804): 0 -> 1
Cell (virus_3433776,host_1898389): 0 -> 1
Cell (virus_3433776,host_77231): 0 -> 1
Cell (virus_3433776,host_2853157): 0 -> 1
Cell (virus_3433776,host_58067): 0 -> 1
Cell (virus_3433776,host_448084): 0 -> 1
Cell (virus_3433776,host_58071): 0 -> 1
Cell (virus_3433776,host_58073): 0 -> 1
Cell (virus_3433776,host_1898393): 0 -> 1
Cell (virus_3433776,host_58063): 0 -> 1
Cell (virus_3433776,host_58060): 0 -> 1
Cell (virus_3433776,host_9400): 0 -> 1
Cell (virus_3433776,host_374419): 0 -> 1
Cell (virus_3433776,host_326151): 0 -> 1
Cell (virus_3433776,host_326083): 0 -> 1
Cell (virus_3433776,host_1381355): 0 -> 1
Cell (virus_3433776,host_94956): 0 -> 1
Cell (virus_3433776,host_1884717): 0 -> 1
Cell (virus_3433776,host_410852): 0 -> 1
Cell (virus_3433776,host_27634): 0 -> 1
Cell (virus_3433776,host_192403): 0 -> 1
Cell (virus_3433776,host_27638): 0 -> 1
Cell (virus_3433776,host_89673): 0 -> 1
Cell (virus_3433776,host_9423): 0 -> 1
Cell (virus_3433776,host_148061): 0 -> 1
Cell (virus_3433776,host_148089): 0 -> 1
Cell (virus_3433776,host_9430): 0 -> 1
Cell (virus_3433776,host_94961): 0 -> 1
Cell (virus_3433776,host_3042450): 0 -> 1
Cell (virus_3433776,host_9414): 0 -> 1
Cell (virus_3433776,host_1434095): 0 -> 1
Cell (virus_3433776,host_187007): 0 -> 1
Cell (virus_3433776,host_9433): 0 -> 1
Cell (virus_3433776,host_187008): 0 -> 1
Cell (virus_3433776,host_258934): 0 -> 1
Cell (virus_3433776,host_3370289): 0 -> 1
Cell (virus_3433776,host_999964): 0 -> 1
Cell (virus_3433776,host_258953): 0 -> 1
Cell (virus_3433776,host_249033): 0 -> 1
Cell (virus_3433776,host_258909): 0 -> 1
Cell (virus_3433776,host_2969767): 0 -> 1
Cell (virus_3433776,host_3371021): 0 -> 1
Cell (virus_3433776,host_109485): 0 -> 1
Cell (virus_3433776,host_867834): 0 -> 1
Cell (virus_3433776,host_143942): 0 -> 1
Cell (virus_3433776,host_2491053): 0 -> 1
Cell (virus_3433776,host_258944): 0 -> 1
Cell (virus_3433776,host_258959): 0 -> 1
Cell (virus_694007,host_105295): 0 -> 1
Cell (virus_694007,host_51300): 0 -> 1
Cell (virus_694007,host_246814): 0 -> 1
Cell (virus_694007,host_294653): 0 -> 1
Cell (virus_694007,host_257882): 0 -> 1
Cell (virus_694007,host_59461): 0 -> 1
Cell (virus_694007,host_203696): 0 -> 1
Cell (virus_694007,host_138979): 0 -> 1
Cell (virus_694007,host_452654): 0 -> 1
Cell (virus_694007,host_587652): 0 -> 1
Cell (virus_694007,host_155915): 0 -> 1
Cell (virus_694007,host_2015597): 0 -> 1
Cell (virus_694007,host_258925): 0 -> 1
Cell (virus_694007,host_157961): 0 -> 1
Cell (virus_694007,host_584995): 0 -> 1
Cell (virus_694007,host_463808): 0 -> 1
Cell (virus_694007,host_608659): 0 -> 1
Cell (virus_694007,host_178895): 0 -> 1
Cell (virus_694007,host_430491): 0 -> 1
Cell (virus_694007,host_188571): 0 -> 1
Cell (virus_694007,host_249024): 0 -> 1
Cell (virus_694007,host_302408): 0 -> 1
Cell (virus_694007,host_59478): 0 -> 1
Cell (virus_694007,host_519037): 0 -> 1
Cell (virus_694007,host_430492): 0 -> 1
Cell (virus_694007,host_77218): 0 -> 1
Cell (virus_694007,host_329870): 0 -> 1
Cell (virus_694007,host_3371112): 0 -> 1
Cell (virus_694007,host_132908): 0 -> 1
Cell (virus_694007,host_166054): 0 -> 1
Cell (virus_694007,host_328804): 0 -> 1
Cell (virus_694007,host_1898389): 0 -> 1
Cell (virus_694007,host_77231): 0 -> 1
Cell (virus_694007,host_2853157): 0 -> 1
Cell (virus_694007,host_58067): 0 -> 1
Cell (virus_694007,host_448084): 0 -> 1
Cell (virus_694007,host_58071): 0 -> 1
Cell (virus_694007,host_58073): 0 -> 1
Cell (virus_694007,host_1898393): 0 -> 1
Cell (virus_694007,host_58063): 0 -> 1
Cell (virus_694007,host_58060): 0 -> 1
Cell (virus_694007,host_9400): 0 -> 1
Cell (virus_694007,host_374419): 0 -> 1
Cell (virus_694007,host_326151): 0 -> 1
Cell (virus_694007,host_326083): 0 -> 1
Cell (virus_694007,host_1381355): 0 -> 1
Cell (virus_694007,host_94956): 0 -> 1
Cell (virus_694007,host_1884717): 0 -> 1
Cell (virus_694007,host_410852): 0 -> 1
Cell (virus_694007,host_27634): 0 -> 1
Cell (virus_694007,host_192403): 0 -> 1
Cell (virus_694007,host_27638): 0 -> 1
Cell (virus_694007,host_89673): 0 -> 1
Cell (virus_694007,host_9423): 0 -> 1
Cell (virus_694007,host_148061): 0 -> 1
Cell (virus_694007,host_148089): 0 -> 1
Cell (virus_694007,host_9430): 0 -> 1
Cell (virus_694007,host_94961): 0 -> 1
Cell (virus_694007,host_3042450): 0 -> 1
Cell (virus_694007,host_9414): 0 -> 1
Cell (virus_694007,host_1434095): 0 -> 1
Cell (virus_694007,host_187007): 0 -> 1
Cell (virus_694007,host_9433): 0 -> 1
Cell (virus_694007,host_187008): 0 -> 1
Cell (virus_694007,host_258934): 0 -> 1
Cell (virus_694007,host_3370289): 0 -> 1
Cell (virus_694007,host_999964): 0 -> 1
Cell (virus_694007,host_258953): 0 -> 1
Cell (virus_694007,host_249033): 0 -> 1
Cell (virus_694007,host_258909): 0 -> 1
Cell (virus_694007,host_2969767): 0 -> 1
Cell (virus_694007,host_3371021): 0 -> 1
Cell (virus_694007,host_109485): 0 -> 1
Cell (virus_694007,host_867834): 0 -> 1
Cell (virus_694007,host_143942): 0 -> 1
Cell (virus_694007,host_2491053): 0 -> 1
Cell (virus_694007,host_258944): 0 -> 1
Cell (virus_694007,host_258959): 0 -> 1
Cell (virus_1881051,host_519446): 0 -> 1
Cell (virus_1881051,host_138979): 0 -> 1
Cell (virus_1881051,host_159330): 0 -> 1
Cell (virus_1881051,host_452654): 0 -> 1
Cell (virus_1881051,host_587652): 0 -> 1
Cell (virus_1881051,host_155915): 0 -> 1
Cell (virus_1881051,host_225400): 0 -> 1
Cell (virus_1881051,host_155035): 0 -> 1
Cell (virus_1881051,host_2015597): 0 -> 1
Cell (virus_1881051,host_59478): 0 -> 1
Cell (virus_1881051,host_328804): 0 -> 1
Cell (virus_1881051,host_2853157): 0 -> 1
Cell (virus_1881051,host_58067): 0 -> 1
Cell (virus_1881051,host_498220): 0 -> 1
Cell (virus_1881051,host_58063): 0 -> 1
Cell (virus_1881051,host_326083): 0 -> 1
Cell (virus_1881051,host_1381355): 0 -> 1
Cell (virus_1881051,host_94956): 0 -> 1
Cell (virus_1881051,host_27663): 0 -> 1
Cell (virus_1881051,host_410852): 0 -> 1
Cell (virus_1881051,host_574064): 0 -> 1
Cell (virus_1881051,host_27634): 0 -> 1
Cell (virus_1881051,host_9417): 0 -> 1
Cell (virus_1881051,host_40224): 0 -> 1
Cell (virus_1881051,host_40229): 0 -> 1
Cell (virus_1881051,host_27660): 0 -> 1
Cell (virus_1881051,host_27638): 0 -> 1
Cell (virus_1881051,host_9423): 0 -> 1
Cell (virus_1881051,host_148089): 0 -> 1
Cell (virus_1881051,host_94961): 0 -> 1
Cell (virus_1881051,host_3042450): 0 -> 1
Cell (virus_1881051,host_9414): 0 -> 1
Cell (virus_1881051,host_1434095): 0 -> 1
Cell (virus_1881051,host_221086): 0 -> 1
Cell (virus_1881051,host_221087): 0 -> 1
Cell (virus_1881051,host_9433): 0 -> 1
Cell (virus_1881051,host_187008): 0 -> 1
Cell (virus_1881051,host_258934): 0 -> 1
Cell (virus_1881051,host_452595): 0 -> 1
Cell (virus_1881051,host_999964): 0 -> 1
Cell (virus_1881051,host_153297): 0 -> 1
Cell (virus_1881051,host_258952): 0 -> 1
Cell (virus_1881051,host_258953): 0 -> 1
Cell (virus_2913387,host_519446): 0 -> 1
Cell (virus_2913387,host_138979): 0 -> 1
Cell (virus_2913387,host_159330): 0 -> 1
Cell (virus_2913387,host_452654): 0 -> 1
Cell (virus_2913387,host_587652): 0 -> 1
Cell (virus_2913387,host_155915): 0 -> 1
Cell (virus_2913387,host_225400): 0 -> 1
Cell (virus_2913387,host_155035): 0 -> 1
Cell (virus_2913387,host_2015597): 0 -> 1
Cell (virus_2913387,host_59478): 0 -> 1
Cell (virus_2913387,host_328804): 0 -> 1
Cell (virus_2913387,host_2853157): 0 -> 1
Cell (virus_2913387,host_58067): 0 -> 1
Cell (virus_2913387,host_498220): 0 -> 1
Cell (virus_2913387,host_58063): 0 -> 1
Cell (virus_2913387,host_326083): 0 -> 1
Cell (virus_2913387,host_1381355): 0 -> 1
Cell (virus_2913387,host_94956): 0 -> 1
Cell (virus_2913387,host_208969): 0 -> 1
Cell (virus_2913387,host_27663): 0 -> 1
Cell (virus_2913387,host_410852): 0 -> 1
Cell (virus_2913387,host_574064): 0 -> 1
Cell (virus_2913387,host_27634): 0 -> 1
Cell (virus_2913387,host_9417): 0 -> 1
Cell (virus_2913387,host_40224): 0 -> 1
Cell (virus_2913387,host_40229): 0 -> 1
Cell (virus_2913387,host_27660): 0 -> 1
Cell (virus_2913387,host_27638): 0 -> 1
Cell (virus_2913387,host_9423): 0 -> 1
Cell (virus_2913387,host_148089): 0 -> 1
Cell (virus_2913387,host_94961): 0 -> 1
Cell (virus_2913387,host_3042450): 0 -> 1
Cell (virus_2913387,host_9414): 0 -> 1
Cell (virus_2913387,host_1434095): 0 -> 1
Cell (virus_2913387,host_221086): 0 -> 1
Cell (virus_2913387,host_221087): 0 -> 1
Cell (virus_2913387,host_9433): 0 -> 1
Cell (virus_2913387,host_258934): 0 -> 1
Cell (virus_2913387,host_452595): 0 -> 1
Cell (virus_2913387,host_999964): 0 -> 1
Cell (virus_2913387,host_153297): 0 -> 1
Cell (virus_2913387,host_258952): 0 -> 1
Cell (virus_2913387,host_258953): 0 -> 1
Cell (virus_2691592,host_187011): 0 -> 1
Cell (virus_2691592,host_257882): 0 -> 1
Cell (virus_2691592,host_59463): 0 -> 1
Cell (virus_2691592,host_109480): 0 -> 1
Cell (virus_2691592,host_519446): 0 -> 1
Cell (virus_2691592,host_138979): 0 -> 1
Cell (virus_2691592,host_452654): 0 -> 1
Cell (virus_2691592,host_587652): 0 -> 1
Cell (virus_2691592,host_155915): 0 -> 1
Cell (virus_2691592,host_385037): 0 -> 1
Cell (virus_2691592,host_155035): 0 -> 1
Cell (virus_2691592,host_2015597): 0 -> 1
Cell (virus_2691592,host_633648): 0 -> 1
Cell (virus_2691592,host_157961): 0 -> 1
Cell (virus_2691592,host_59478): 0 -> 1
Cell (virus_2691592,host_328804): 0 -> 1
Cell (virus_2691592,host_77231): 0 -> 1
Cell (virus_2691592,host_2853157): 0 -> 1
Cell (virus_2691592,host_58067): 0 -> 1
Cell (virus_2691592,host_498220): 0 -> 1
Cell (virus_2691592,host_58063): 0 -> 1
Cell (virus_2691592,host_326083): 0 -> 1
Cell (virus_2691592,host_1381355): 0 -> 1
Cell (virus_2691592,host_410852): 0 -> 1
Cell (virus_2691592,host_27634): 0 -> 1
Cell (virus_2691592,host_40228): 0 -> 1
Cell (virus_2691592,host_9417): 0 -> 1
Cell (virus_2691592,host_27638): 0 -> 1
Cell (virus_2691592,host_27642): 0 -> 1
Cell (virus_2691592,host_89673): 0 -> 1
Cell (virus_2691592,host_9423): 0 -> 1
Cell (virus_2691592,host_148061): 0 -> 1
Cell (virus_2691592,host_148089): 0 -> 1
Cell (virus_2691592,host_94961): 0 -> 1
Cell (virus_2691592,host_3042450): 0 -> 1
Cell (virus_2691592,host_9414): 0 -> 1
Cell (virus_2691592,host_1434095): 0 -> 1
Cell (virus_2691592,host_221086): 0 -> 1
Cell (virus_2691592,host_291302): 0 -> 1
Cell (virus_2691592,host_9433): 0 -> 1
Cell (virus_2691592,host_258934): 0 -> 1
Cell (virus_2691592,host_999964): 0 -> 1
Cell (virus_2691592,host_258952): 0 -> 1
Cell (virus_2691592,host_258953): 0 -> 1
Cell (virus_28295,host_257882): 0 -> 1
Cell (virus_28295,host_519446): 0 -> 1
Cell (virus_28295,host_138979): 0 -> 1
Cell (virus_28295,host_452654): 0 -> 1
Cell (virus_28295,host_587652): 0 -> 1
Cell (virus_28295,host_155915): 0 -> 1
Cell (virus_28295,host_385037): 0 -> 1
Cell (virus_28295,host_2015597): 0 -> 1
Cell (virus_28295,host_1898389): 0 -> 1
Cell (virus_28295,host_2853157): 0 -> 1
Cell (virus_28295,host_372077): 0 -> 1
Cell (virus_28295,host_58067): 0 -> 1
Cell (virus_28295,host_498220): 0 -> 1
Cell (virus_28295,host_1381355): 0 -> 1
Cell (virus_28295,host_907075): 0 -> 1
Cell (virus_28295,host_94956): 0 -> 1
Cell (virus_28295,host_40233): 0 -> 1
Cell (virus_28295,host_410852): 0 -> 1
Cell (virus_28295,host_27634): 0 -> 1
Cell (virus_28295,host_9417): 0 -> 1
Cell (virus_28295,host_27660): 0 -> 1
Cell (virus_28295,host_27638): 0 -> 1
Cell (virus_28295,host_9423): 0 -> 1
Cell (virus_28295,host_148061): 0 -> 1
Cell (virus_28295,host_148089): 0 -> 1
Cell (virus_28295,host_94961): 0 -> 1
Cell (virus_28295,host_3042450): 0 -> 1
Cell (virus_28295,host_9414): 0 -> 1
Cell (virus_28295,host_1434095): 0 -> 1
Cell (virus_28295,host_221086): 0 -> 1
Cell (virus_28295,host_221087): 0 -> 1
Cell (virus_28295,host_9433): 0 -> 1
Cell (virus_28295,host_187008): 0 -> 1
Cell (virus_28295,host_258934): 0 -> 1
Cell (virus_28295,host_3370289): 0 -> 1
Cell (virus_28295,host_999964): 0 -> 1
Cell (virus_28295,host_258952): 0 -> 1
Cell (virus_28295,host_258953): 0 -> 1
Cell (virus_3433789,host_257882): 0 -> 1
Cell (virus_3433789,host_519446): 0 -> 1
Cell (virus_3433789,host_138979): 0 -> 1
Cell (virus_3433789,host_452654): 0 -> 1
Cell (virus_3433789,host_587652): 0 -> 1
Cell (virus_3433789,host_155915): 0 -> 1
Cell (virus_3433789,host_385037): 0 -> 1
Cell (virus_3433789,host_2015597): 0 -> 1
Cell (virus_3433789,host_1898389): 0 -> 1
Cell (virus_3433789,host_2853157): 0 -> 1
Cell (virus_3433789,host_372077): 0 -> 1
Cell (virus_3433789,host_58067): 0 -> 1
Cell (virus_3433789,host_498220): 0 -> 1
Cell (virus_3433789,host_1381355): 0 -> 1
Cell (virus_3433789,host_907075): 0 -> 1
Cell (virus_3433789,host_94956): 0 -> 1
Cell (virus_3433789,host_40233): 0 -> 1
Cell (virus_3433789,host_410852): 0 -> 1
Cell (virus_3433789,host_27634): 0 -> 1
Cell (virus_3433789,host_9417): 0 -> 1
Cell (virus_3433789,host_27660): 0 -> 1
Cell (virus_3433789,host_27638): 0 -> 1
Cell (virus_3433789,host_9423): 0 -> 1
Cell (virus_3433789,host_148061): 0 -> 1
Cell (virus_3433789,host_148089): 0 -> 1
Cell (virus_3433789,host_94961): 0 -> 1
Cell (virus_3433789,host_3042450): 0 -> 1
Cell (virus_3433789,host_9414): 0 -> 1
Cell (virus_3433789,host_1434095): 0 -> 1
Cell (virus_3433789,host_221086): 0 -> 1
Cell (virus_3433789,host_221087): 0 -> 1
Cell (virus_3433789,host_9433): 0 -> 1
Cell (virus_3433789,host_187008): 0 -> 1
Cell (virus_3433789,host_258934): 0 -> 1
Cell (virus_3433789,host_3370289): 0 -> 1
Cell (virus_3433789,host_999964): 0 -> 1
Cell (virus_3433789,host_258952): 0 -> 1
Cell (virus_3433789,host_258953): 0 -> 1
Cell (virus_2913385,host_257882): 0 -> 1
Cell (virus_2913385,host_519446): 0 -> 1
Cell (virus_2913385,host_138979): 0 -> 1
Cell (virus_2913385,host_452654): 0 -> 1
Cell (virus_2913385,host_587652): 0 -> 1
Cell (virus_2913385,host_155915): 0 -> 1
Cell (virus_2913385,host_385037): 0 -> 1
Cell (virus_2913385,host_155035): 0 -> 1
Cell (virus_2913385,host_2015597): 0 -> 1
Cell (virus_2913385,host_1898389): 0 -> 1
Cell (virus_2913385,host_2853157): 0 -> 1
Cell (virus_2913385,host_372077): 0 -> 1
Cell (virus_2913385,host_58067): 0 -> 1
Cell (virus_2913385,host_498220): 0 -> 1
Cell (virus_2913385,host_1381355): 0 -> 1
Cell (virus_2913385,host_907075): 0 -> 1
Cell (virus_2913385,host_94956): 0 -> 1
Cell (virus_2913385,host_59476): 0 -> 1
Cell (virus_2913385,host_40233): 0 -> 1
Cell (virus_2913385,host_410852): 0 -> 1
Cell (virus_2913385,host_27634): 0 -> 1
Cell (virus_2913385,host_40230): 0 -> 1
Cell (virus_2913385,host_9417): 0 -> 1
Cell (virus_2913385,host_27660): 0 -> 1
Cell (virus_2913385,host_27638): 0 -> 1
Cell (virus_2913385,host_9423): 0 -> 1
Cell (virus_2913385,host_148061): 0 -> 1
Cell (virus_2913385,host_148089): 0 -> 1
Cell (virus_2913385,host_94961): 0 -> 1
Cell (virus_2913385,host_3042450): 0 -> 1
Cell (virus_2913385,host_9414): 0 -> 1
Cell (virus_2913385,host_1434095): 0 -> 1
Cell (virus_2913385,host_221086): 0 -> 1
Cell (virus_2913385,host_221087): 0 -> 1
Cell (virus_2913385,host_9433): 0 -> 1
Cell (virus_2913385,host_187008): 0 -> 1
Cell (virus_2913385,host_258934): 0 -> 1
Cell (virus_2913385,host_3370289): 0 -> 1
Cell (virus_2913385,host_999964): 0 -> 1
Cell (virus_2913385,host_258952): 0 -> 1
Cell (virus_2913385,host_258953): 0 -> 1
Cell (virus_3077579,host_257882): 0 -> 1
Cell (virus_3077579,host_519446): 0 -> 1
Cell (virus_3077579,host_138979): 0 -> 1
Cell (virus_3077579,host_452654): 0 -> 1
Cell (virus_3077579,host_587652): 0 -> 1
Cell (virus_3077579,host_155915): 0 -> 1
Cell (virus_3077579,host_385037): 0 -> 1
Cell (virus_3077579,host_155035): 0 -> 1
Cell (virus_3077579,host_2015597): 0 -> 1
Cell (virus_3077579,host_1410044): 0 -> 1
Cell (virus_3077579,host_1898389): 0 -> 1
Cell (virus_3077579,host_2853157): 0 -> 1
Cell (virus_3077579,host_58067): 0 -> 1
Cell (virus_3077579,host_498220): 0 -> 1
Cell (virus_3077579,host_1381355): 0 -> 1
Cell (virus_3077579,host_1884717): 0 -> 1
Cell (virus_3077579,host_59476): 0 -> 1
Cell (virus_3077579,host_410852): 0 -> 1
Cell (virus_3077579,host_27634): 0 -> 1
Cell (virus_3077579,host_40228): 0 -> 1
Cell (virus_3077579,host_40230): 0 -> 1
Cell (virus_3077579,host_192403): 0 -> 1
Cell (virus_3077579,host_27660): 0 -> 1
Cell (virus_3077579,host_27638): 0 -> 1
Cell (virus_3077579,host_409031): 0 -> 1
Cell (virus_3077579,host_89673): 0 -> 1
Cell (virus_3077579,host_9423): 0 -> 1
Cell (virus_3077579,host_148089): 0 -> 1
Cell (virus_3077579,host_94961): 0 -> 1
Cell (virus_3077579,host_3042450): 0 -> 1
Cell (virus_3077579,host_9414): 0 -> 1
Cell (virus_3077579,host_1434095): 0 -> 1
Cell (virus_3077579,host_221086): 0 -> 1
Cell (virus_3077579,host_221087): 0 -> 1
Cell (virus_3077579,host_9433): 0 -> 1
Cell (virus_3077579,host_258934): 0 -> 1
Cell (virus_3077579,host_999964): 0 -> 1
Cell (virus_3077579,host_258952): 0 -> 1
Cell (virus_3077579,host_258953): 0 -> 1
Cell (virus_3077580,host_257882): 0 -> 1
Cell (virus_3077580,host_519446): 0 -> 1
Cell (virus_3077580,host_138979): 0 -> 1
Cell (virus_3077580,host_452654): 0 -> 1
Cell (virus_3077580,host_587652): 0 -> 1
Cell (virus_3077580,host_155915): 0 -> 1
Cell (virus_3077580,host_385037): 0 -> 1
Cell (virus_3077580,host_155035): 0 -> 1
Cell (virus_3077580,host_2015597): 0 -> 1
Cell (virus_3077580,host_1410044): 0 -> 1
Cell (virus_3077580,host_1898389): 0 -> 1
Cell (virus_3077580,host_2853157): 0 -> 1
Cell (virus_3077580,host_58067): 0 -> 1
Cell (virus_3077580,host_498220): 0 -> 1
Cell (virus_3077580,host_1381355): 0 -> 1
Cell (virus_3077580,host_1884717): 0 -> 1
Cell (virus_3077580,host_59476): 0 -> 1
Cell (virus_3077580,host_410852): 0 -> 1
Cell (virus_3077580,host_27634): 0 -> 1
Cell (virus_3077580,host_40228): 0 -> 1
Cell (virus_3077580,host_40230): 0 -> 1
Cell (virus_3077580,host_192403): 0 -> 1
Cell (virus_3077580,host_27660): 0 -> 1
Cell (virus_3077580,host_27638): 0 -> 1
Cell (virus_3077580,host_409031): 0 -> 1
Cell (virus_3077580,host_89673): 0 -> 1
Cell (virus_3077580,host_9423): 0 -> 1
Cell (virus_3077580,host_148089): 0 -> 1
Cell (virus_3077580,host_94961): 0 -> 1
Cell (virus_3077580,host_3042450): 0 -> 1
Cell (virus_3077580,host_9414): 0 -> 1
Cell (virus_3077580,host_1434095): 0 -> 1
Cell (virus_3077580,host_221086): 0 -> 1
Cell (virus_3077580,host_221087): 0 -> 1
Cell (virus_3077580,host_9433): 0 -> 1
Cell (virus_3077580,host_258934): 0 -> 1
Cell (virus_3077580,host_999964): 0 -> 1
Cell (virus_3077580,host_258952): 0 -> 1
Cell (virus_3077580,host_258953): 0 -> 1
Cell (virus_2419667,host_257882): 0 -> 1
Cell (virus_2419667,host_519446): 0 -> 1
Cell (virus_2419667,host_109481): 0 -> 1
Cell (virus_2419667,host_138979): 0 -> 1
Cell (virus_2419667,host_155915): 0 -> 1
Cell (virus_2419667,host_2015597): 0 -> 1
Cell (virus_2419667,host_2853157): 0 -> 1
Cell (virus_2419667,host_372077): 0 -> 1
Cell (virus_2419667,host_58067): 0 -> 1
Cell (virus_2419667,host_498220): 0 -> 1
Cell (virus_2419667,host_1381355): 0 -> 1
Cell (virus_2419667,host_187003): 0 -> 1
Cell (virus_2419667,host_118856): 0 -> 1
Cell (virus_2419667,host_59476): 0 -> 1
Cell (virus_2419667,host_27663): 0 -> 1
Cell (virus_2419667,host_410852): 0 -> 1
Cell (virus_2419667,host_27634): 0 -> 1
Cell (virus_2419667,host_9417): 0 -> 1
Cell (virus_2419667,host_51012): 0 -> 1
Cell (virus_2419667,host_27660): 0 -> 1
Cell (virus_2419667,host_27638): 0 -> 1
Cell (virus_2419667,host_409031): 0 -> 1
Cell (virus_2419667,host_9423): 0 -> 1
Cell (virus_2419667,host_148061): 0 -> 1
Cell (virus_2419667,host_148089): 0 -> 1
Cell (virus_2419667,host_94961): 0 -> 1
Cell (virus_2419667,host_3042450): 0 -> 1
Cell (virus_2419667,host_3371013): 0 -> 1
Cell (virus_2419667,host_9414): 0 -> 1
Cell (virus_2419667,host_1434095): 0 -> 1
Cell (virus_2419667,host_221086): 0 -> 1
Cell (virus_2419667,host_221087): 0 -> 1
Cell (virus_2419667,host_9433): 0 -> 1
Cell (virus_2419667,host_258934): 0 -> 1
Cell (virus_2419667,host_258953): 0 -> 1
Cell (virus_3433787,host_257882): 0 -> 1
Cell (virus_3433787,host_519446): 0 -> 1
Cell (virus_3433787,host_109481): 0 -> 1
Cell (virus_3433787,host_138979): 0 -> 1
Cell (virus_3433787,host_155915): 0 -> 1
Cell (virus_3433787,host_2015597): 0 -> 1
Cell (virus_3433787,host_2853157): 0 -> 1
Cell (virus_3433787,host_372077): 0 -> 1
Cell (virus_3433787,host_58067): 0 -> 1
Cell (virus_3433787,host_498220): 0 -> 1
Cell (virus_3433787,host_1381355): 0 -> 1
Cell (virus_3433787,host_187003): 0 -> 1
Cell (virus_3433787,host_118856): 0 -> 1
Cell (virus_3433787,host_59476): 0 -> 1
Cell (virus_3433787,host_27663): 0 -> 1
Cell (virus_3433787,host_410852): 0 -> 1
Cell (virus_3433787,host_27634): 0 -> 1
Cell (virus_3433787,host_9417): 0 -> 1
Cell (virus_3433787,host_51012): 0 -> 1
Cell (virus_3433787,host_27660): 0 -> 1
Cell (virus_3433787,host_27638): 0 -> 1
Cell (virus_3433787,host_409031): 0 -> 1
Cell (virus_3433787,host_9423): 0 -> 1
Cell (virus_3433787,host_148061): 0 -> 1
Cell (virus_3433787,host_148089): 0 -> 1
Cell (virus_3433787,host_94961): 0 -> 1
Cell (virus_3433787,host_3042450): 0 -> 1
Cell (virus_3433787,host_3371013): 0 -> 1
Cell (virus_3433787,host_9414): 0 -> 1
Cell (virus_3433787,host_1434095): 0 -> 1
Cell (virus_3433787,host_221086): 0 -> 1
Cell (virus_3433787,host_221087): 0 -> 1
Cell (virus_3433787,host_9433): 0 -> 1
Cell (virus_3433787,host_258934): 0 -> 1
Cell (virus_3433787,host_258953): 0 -> 1
Cell (virus_3027593,host_257882): 0 -> 1
Cell (virus_3027593,host_519446): 0 -> 1
Cell (virus_3027593,host_138979): 0 -> 1
Cell (virus_3027593,host_155915): 0 -> 1
Cell (virus_3027593,host_225400): 0 -> 1
Cell (virus_3027593,host_2015597): 0 -> 1
Cell (virus_3027593,host_519041): 0 -> 1
Cell (virus_3027593,host_1898389): 0 -> 1
Cell (virus_3027593,host_77231): 0 -> 1
Cell (virus_3027593,host_2853157): 0 -> 1
Cell (virus_3027593,host_58067): 0 -> 1
Cell (virus_3027593,host_498220): 0 -> 1
Cell (virus_3027593,host_448084): 0 -> 1
Cell (virus_3027593,host_1381355): 0 -> 1
Cell (virus_3027593,host_94956): 0 -> 1
Cell (virus_3027593,host_59476): 0 -> 1
Cell (virus_3027593,host_208969): 0 -> 1
Cell (virus_3027593,host_148094): 0 -> 1
Cell (virus_3027593,host_27663): 0 -> 1
Cell (virus_3027593,host_410852): 0 -> 1
Cell (virus_3027593,host_27634): 0 -> 1
Cell (virus_3027593,host_40230): 0 -> 1
Cell (virus_3027593,host_9417): 0 -> 1
Cell (virus_3027593,host_192403): 0 -> 1
Cell (virus_3027593,host_27660): 0 -> 1
Cell (virus_3027593,host_27638): 0 -> 1
Cell (virus_3027593,host_2994998): 0 -> 1
Cell (virus_3027593,host_9423): 0 -> 1
Cell (virus_3027593,host_148061): 0 -> 1
Cell (virus_3027593,host_148089): 0 -> 1
Cell (virus_3027593,host_94961): 0 -> 1
Cell (virus_3027593,host_3042450): 0 -> 1
Cell (virus_3027593,host_9414): 0 -> 1
Cell (virus_3027593,host_1434095): 0 -> 1
Cell (virus_3027593,host_221086): 0 -> 1
Cell (virus_3027593,host_221087): 0 -> 1
Cell (virus_3027593,host_9433): 0 -> 1
Cell (virus_3027593,host_258934): 0 -> 1
Cell (virus_3027593,host_999964): 0 -> 1
Cell (virus_3027593,host_258953): 0 -> 1
Cell (virus_2991261,host_257882): 0 -> 1
Cell (virus_2991261,host_109480): 0 -> 1
Cell (virus_2991261,host_519446): 0 -> 1
Cell (virus_2991261,host_138979): 0 -> 1
Cell (virus_2991261,host_155915): 0 -> 1
Cell (virus_2991261,host_225400): 0 -> 1
Cell (virus_2991261,host_155035): 0 -> 1
Cell (virus_2991261,host_2015597): 0 -> 1
Cell (virus_2991261,host_328804): 0 -> 1
Cell (virus_2991261,host_77231): 0 -> 1
Cell (virus_2991261,host_2853157): 0 -> 1
Cell (virus_2991261,host_372077): 0 -> 1
Cell (virus_2991261,host_58067): 0 -> 1
Cell (virus_2991261,host_498220): 0 -> 1
Cell (virus_2991261,host_58063): 0 -> 1
Cell (virus_2991261,host_326081): 0 -> 1
Cell (virus_2991261,host_326083): 0 -> 1
Cell (virus_2991261,host_1381355): 0 -> 1
Cell (virus_2991261,host_187003): 0 -> 1
Cell (virus_2991261,host_118856): 0 -> 1
Cell (virus_2991261,host_94956): 0 -> 1
Cell (virus_2991261,host_138695): 0 -> 1
Cell (virus_2991261,host_40233): 0 -> 1
Cell (virus_2991261,host_148094): 0 -> 1
Cell (virus_2991261,host_410852): 0 -> 1
Cell (virus_2991261,host_574064): 0 -> 1
Cell (virus_2991261,host_27634): 0 -> 1
Cell (virus_2991261,host_9417): 0 -> 1
Cell (virus_2991261,host_192403): 0 -> 1
Cell (virus_2991261,host_27660): 0 -> 1
Cell (virus_2991261,host_27638): 0 -> 1
Cell (virus_2991261,host_9423): 0 -> 1
Cell (virus_2991261,host_148061): 0 -> 1
Cell (virus_2991261,host_148089): 0 -> 1
Cell (virus_2991261,host_94961): 0 -> 1
Cell (virus_2991261,host_3042450): 0 -> 1
Cell (virus_2991261,host_9414): 0 -> 1
Cell (virus_2991261,host_1434095): 0 -> 1
Cell (virus_2991261,host_221086): 0 -> 1
Cell (virus_2991261,host_291302): 0 -> 1
Cell (virus_2991261,host_9433): 0 -> 1
Cell (virus_2991261,host_187008): 0 -> 1
Cell (virus_2991261,host_258934): 0 -> 1
Cell (virus_2991261,host_999964): 0 -> 1
Cell (virus_2991261,host_9438): 0 -> 1
Cell (virus_2991261,host_249034): 0 -> 1
Cell (virus_2991261,host_258953): 0 -> 1
Cell (virus_2991261,host_109485): 0 -> 1
Cell (virus_983923,host_257882): 0 -> 1
Cell (virus_983923,host_109480): 0 -> 1
Cell (virus_983923,host_519446): 0 -> 1
Cell (virus_983923,host_138979): 0 -> 1
Cell (virus_983923,host_155915): 0 -> 1
Cell (virus_983923,host_225400): 0 -> 1
Cell (virus_983923,host_155035): 0 -> 1
Cell (virus_983923,host_2015597): 0 -> 1
Cell (virus_983923,host_328804): 0 -> 1
Cell (virus_983923,host_77231): 0 -> 1
Cell (virus_983923,host_2853157): 0 -> 1
Cell (virus_983923,host_372077): 0 -> 1
Cell (virus_983923,host_58067): 0 -> 1
Cell (virus_983923,host_498220): 0 -> 1
Cell (virus_983923,host_58063): 0 -> 1
Cell (virus_983923,host_326081): 0 -> 1
Cell (virus_983923,host_326083): 0 -> 1
Cell (virus_983923,host_1381355): 0 -> 1
Cell (virus_983923,host_187003): 0 -> 1
Cell (virus_983923,host_118856): 0 -> 1
Cell (virus_983923,host_94956): 0 -> 1
Cell (virus_983923,host_138695): 0 -> 1
Cell (virus_983923,host_40233): 0 -> 1
Cell (virus_983923,host_148094): 0 -> 1
Cell (virus_983923,host_410852): 0 -> 1
Cell (virus_983923,host_574064): 0 -> 1
Cell (virus_983923,host_27634): 0 -> 1
Cell (virus_983923,host_9417): 0 -> 1
Cell (virus_983923,host_192403): 0 -> 1
Cell (virus_983923,host_27660): 0 -> 1
Cell (virus_983923,host_27638): 0 -> 1
Cell (virus_983923,host_9423): 0 -> 1
Cell (virus_983923,host_148061): 0 -> 1
Cell (virus_983923,host_148089): 0 -> 1
Cell (virus_983923,host_94961): 0 -> 1
Cell (virus_983923,host_3042450): 0 -> 1
Cell (virus_983923,host_9414): 0 -> 1
Cell (virus_983923,host_1434095): 0 -> 1
Cell (virus_983923,host_221086): 0 -> 1
Cell (virus_983923,host_291302): 0 -> 1
Cell (virus_983923,host_9433): 0 -> 1
Cell (virus_983923,host_187008): 0 -> 1
Cell (virus_983923,host_258934): 0 -> 1
Cell (virus_983923,host_999964): 0 -> 1
Cell (virus_983923,host_249034): 0 -> 1
Cell (virus_983923,host_258953): 0 -> 1
Cell (virus_983923,host_109485): 0 -> 1
Cell (virus_3433749,host_187011): 0 -> 1
Cell (virus_3433749,host_257882): 0 -> 1
Cell (virus_3433749,host_519446): 0 -> 1
Cell (virus_3433749,host_138979): 0 -> 1
Cell (virus_3433749,host_155915): 0 -> 1
Cell (virus_3433749,host_2015597): 0 -> 1
Cell (virus_3433749,host_633648): 0 -> 1
Cell (virus_3433749,host_519041): 0 -> 1
Cell (virus_3433749,host_132908): 0 -> 1
Cell (virus_3433749,host_196297): 0 -> 1
Cell (virus_3433749,host_385575): 0 -> 1
Cell (virus_3433749,host_328804): 0 -> 1
Cell (virus_3433749,host_9403): 0 -> 1
Cell (virus_3433749,host_2853157): 0 -> 1
Cell (virus_3433749,host_58067): 0 -> 1
Cell (virus_3433749,host_498220): 0 -> 1
Cell (virus_3433749,host_58063): 0 -> 1
Cell (virus_3433749,host_58060): 0 -> 1
Cell (virus_3433749,host_9400): 0 -> 1
Cell (virus_3433749,host_326083): 0 -> 1
Cell (virus_3433749,host_1381355): 0 -> 1
Cell (virus_3433749,host_208969): 0 -> 1
Cell (virus_3433749,host_410852): 0 -> 1
Cell (virus_3433749,host_574064): 0 -> 1
Cell (virus_3433749,host_27634): 0 -> 1
Cell (virus_3433749,host_40224): 0 -> 1
Cell (virus_3433749,host_192403): 0 -> 1
Cell (virus_3433749,host_27660): 0 -> 1
Cell (virus_3433749,host_27642): 0 -> 1
Cell (virus_3433749,host_409031): 0 -> 1
Cell (virus_3433749,host_9423): 0 -> 1
Cell (virus_3433749,host_148061): 0 -> 1
Cell (virus_3433749,host_148089): 0 -> 1
Cell (virus_3433749,host_94961): 0 -> 1
Cell (virus_3433749,host_3042450): 0 -> 1
Cell (virus_3433749,host_3371013): 0 -> 1
Cell (virus_3433749,host_9414): 0 -> 1
Cell (virus_3433749,host_1434095): 0 -> 1
Cell (virus_3433749,host_221086): 0 -> 1
Cell (virus_3433749,host_9433): 0 -> 1
Cell (virus_3433749,host_258934): 0 -> 1
Cell (virus_3433749,host_479723): 0 -> 1
Cell (virus_3433749,host_999964): 0 -> 1
Cell (virus_3433749,host_9438): 0 -> 1
Cell (virus_3433749,host_153297): 0 -> 1
Cell (virus_3433749,host_249034): 0 -> 1
Cell (virus_3433749,host_258953): 0 -> 1
Cell (virus_1986198,host_109480): 0 -> 1
Cell (virus_1986198,host_109481): 0 -> 1
Cell (virus_1986198,host_109482): 0 -> 1
Cell (virus_1986198,host_51298): 0 -> 1
Cell (virus_1986198,host_188569): 0 -> 1
Cell (virus_1986198,host_196297): 0 -> 1
Cell (virus_1986198,host_385575): 0 -> 1
Cell (virus_1986198,host_328804): 0 -> 1
Cell (virus_1986198,host_58057): 0 -> 1
Cell (virus_1986198,host_1410044): 0 -> 1
Cell (virus_1986198,host_2853157): 0 -> 1
Cell (virus_1986198,host_58063): 0 -> 1
Cell (virus_1986198,host_77214): 0 -> 1
Cell (virus_1986198,host_58060): 0 -> 1
Cell (virus_1986198,host_326081): 0 -> 1
Cell (virus_1986198,host_326083): 0 -> 1
Cell (virus_1986198,host_1381355): 0 -> 1
Cell (virus_1986198,host_187003): 0 -> 1
Cell (virus_1986198,host_118856): 0 -> 1
Cell (virus_1986198,host_59476): 0 -> 1
Cell (virus_1986198,host_148094): 0 -> 1
Cell (virus_1986198,host_27663): 0 -> 1
Cell (virus_1986198,host_410852): 0 -> 1
Cell (virus_1986198,host_27634): 0 -> 1
Cell (virus_1986198,host_40228): 0 -> 1
Cell (virus_1986198,host_40230): 0 -> 1
Cell (virus_1986198,host_196700): 0 -> 1
Cell (virus_1986198,host_409031): 0 -> 1
Cell (virus_1986198,host_9423): 0 -> 1
Cell (virus_1986198,host_148061): 0 -> 1
Cell (virus_1986198,host_148089): 0 -> 1
Cell (virus_1986198,host_94961): 0 -> 1
Cell (virus_1986198,host_3042450): 0 -> 1
Cell (virus_1986198,host_59472): 0 -> 1
Cell (virus_1986198,host_9414): 0 -> 1
Cell (virus_1986198,host_1434095): 0 -> 1
Cell (virus_1986198,host_221086): 0 -> 1
Cell (virus_1986198,host_291302): 0 -> 1
Cell (virus_1986198,host_9433): 0 -> 1
Cell (virus_1986198,host_187008): 0 -> 1
Cell (virus_1986198,host_258934): 0 -> 1
Cell (virus_1986198,host_242384): 0 -> 1
Cell (virus_1986198,host_999964): 0 -> 1
Cell (virus_1986198,host_9438): 0 -> 1
Cell (virus_1986198,host_258953): 0 -> 1
Cell (virus_1986198,host_59474): 0 -> 1
Cell (virus_1986198,host_999321): 0 -> 1
Cell (virus_3433814,host_109481): 0 -> 1
Cell (virus_3433814,host_109482): 0 -> 1
Cell (virus_3433814,host_51298): 0 -> 1
Cell (virus_3433814,host_188569): 0 -> 1
Cell (virus_3433814,host_132908): 0 -> 1
Cell (virus_3433814,host_196297): 0 -> 1
Cell (virus_3433814,host_385575): 0 -> 1
Cell (virus_3433814,host_328804): 0 -> 1
Cell (virus_3433814,host_9402): 0 -> 1
Cell (virus_3433814,host_1898389): 0 -> 1
Cell (virus_3433814,host_2853157): 0 -> 1
Cell (virus_3433814,host_58063): 0 -> 1
Cell (virus_3433814,host_1898386): 0 -> 1
Cell (virus_3433814,host_9400): 0 -> 1
Cell (virus_3433814,host_298110): 0 -> 1
Cell (virus_3433814,host_374419): 0 -> 1
Cell (virus_3433814,host_326081): 0 -> 1
Cell (virus_3433814,host_326083): 0 -> 1
Cell (virus_3433814,host_1381355): 0 -> 1
Cell (virus_3433814,host_118856): 0 -> 1
Cell (virus_3433814,host_94956): 0 -> 1
Cell (virus_3433814,host_208969): 0 -> 1
Cell (virus_3433814,host_148094): 0 -> 1
Cell (virus_3433814,host_27663): 0 -> 1
Cell (virus_3433814,host_410852): 0 -> 1
Cell (virus_3433814,host_27634): 0 -> 1
Cell (virus_3433814,host_9417): 0 -> 1
Cell (virus_3433814,host_192403): 0 -> 1
Cell (virus_3433814,host_27660): 0 -> 1
Cell (virus_3433814,host_9423): 0 -> 1
Cell (virus_3433814,host_148089): 0 -> 1
Cell (virus_3433814,host_94961): 0 -> 1
Cell (virus_3433814,host_3042450): 0 -> 1
Cell (virus_3433814,host_59472): 0 -> 1
Cell (virus_3433814,host_9414): 0 -> 1
Cell (virus_3433814,host_1434095): 0 -> 1
Cell (virus_3433814,host_221086): 0 -> 1
Cell (virus_3433814,host_187007): 0 -> 1
Cell (virus_3433814,host_438766): 0 -> 1
Cell (virus_3433814,host_258934): 0 -> 1
Cell (virus_3433814,host_242384): 0 -> 1
Cell (virus_3433814,host_258863): 0 -> 1
Cell (virus_3433814,host_999964): 0 -> 1
Cell (virus_3433814,host_9438): 0 -> 1
Cell (virus_3433814,host_153297): 0 -> 1
Cell (virus_3433814,host_258953): 0 -> 1
Cell (virus_3433814,host_109485): 0 -> 1
Cell (virus_693997,host_109481): 0 -> 1
Cell (virus_693997,host_109482): 0 -> 1
Cell (virus_693997,host_51298): 0 -> 1
Cell (virus_693997,host_188569): 0 -> 1
Cell (virus_693997,host_132908): 0 -> 1
Cell (virus_693997,host_196297): 0 -> 1
Cell (virus_693997,host_385575): 0 -> 1
Cell (virus_693997,host_328804): 0 -> 1
Cell (virus_693997,host_9402): 0 -> 1
Cell (virus_693997,host_1898389): 0 -> 1
Cell (virus_693997,host_2853157): 0 -> 1
Cell (virus_693997,host_58063): 0 -> 1
Cell (virus_693997,host_1898386): 0 -> 1
Cell (virus_693997,host_9400): 0 -> 1
Cell (virus_693997,host_298110): 0 -> 1
Cell (virus_693997,host_374419): 0 -> 1
Cell (virus_693997,host_326081): 0 -> 1
Cell (virus_693997,host_326083): 0 -> 1
Cell (virus_693997,host_1381355): 0 -> 1
Cell (virus_693997,host_118856): 0 -> 1
Cell (virus_693997,host_94956): 0 -> 1
Cell (virus_693997,host_208969): 0 -> 1
Cell (virus_693997,host_148094): 0 -> 1
Cell (virus_693997,host_27663): 0 -> 1
Cell (virus_693997,host_410852): 0 -> 1
Cell (virus_693997,host_27634): 0 -> 1
Cell (virus_693997,host_9417): 0 -> 1
Cell (virus_693997,host_192403): 0 -> 1
Cell (virus_693997,host_27660): 0 -> 1
Cell (virus_693997,host_9423): 0 -> 1
Cell (virus_693997,host_148089): 0 -> 1
Cell (virus_693997,host_94961): 0 -> 1
Cell (virus_693997,host_3042450): 0 -> 1
Cell (virus_693997,host_59472): 0 -> 1
Cell (virus_693997,host_9414): 0 -> 1
Cell (virus_693997,host_1434095): 0 -> 1
Cell (virus_693997,host_221086): 0 -> 1
Cell (virus_693997,host_187007): 0 -> 1
Cell (virus_693997,host_438766): 0 -> 1
Cell (virus_693997,host_258934): 0 -> 1
Cell (virus_693997,host_242384): 0 -> 1
Cell (virus_693997,host_258863): 0 -> 1
Cell (virus_693997,host_999964): 0 -> 1
Cell (virus_693997,host_9438): 0 -> 1
Cell (virus_693997,host_153297): 0 -> 1
Cell (virus_693997,host_258953): 0 -> 1
Cell (virus_693997,host_109485): 0 -> 1
Cell (virus_2913386,host_51300): 0 -> 1
Cell (virus_2913386,host_109481): 0 -> 1
Cell (virus_2913386,host_51298): 0 -> 1
Cell (virus_2913386,host_1207989): 0 -> 1
Cell (virus_2913386,host_334201): 0 -> 1
Cell (virus_2913386,host_463808): 0 -> 1
Cell (virus_2913386,host_178895): 0 -> 1
Cell (virus_2913386,host_329870): 0 -> 1
Cell (virus_2913386,host_196297): 0 -> 1
Cell (virus_2913386,host_328804): 0 -> 1
Cell (virus_2913386,host_9403): 0 -> 1
Cell (virus_2913386,host_58057): 0 -> 1
Cell (virus_2913386,host_58063): 0 -> 1
Cell (virus_2913386,host_1898386): 0 -> 1
Cell (virus_2913386,host_58060): 0 -> 1
Cell (virus_2913386,host_298110): 0 -> 1
Cell (virus_2913386,host_77233): 0 -> 1
Cell (virus_2913386,host_326083): 0 -> 1
Cell (virus_2913386,host_1381355): 0 -> 1
Cell (virus_2913386,host_59476): 0 -> 1
Cell (virus_2913386,host_27663): 0 -> 1
Cell (virus_2913386,host_410852): 0 -> 1
Cell (virus_2913386,host_27634): 0 -> 1
Cell (virus_2913386,host_40230): 0 -> 1
Cell (virus_2913386,host_51012): 0 -> 1
Cell (virus_2913386,host_40229): 0 -> 1
Cell (virus_2913386,host_192403): 0 -> 1
Cell (virus_2913386,host_196700): 0 -> 1
Cell (virus_2913386,host_27660): 0 -> 1
Cell (virus_2913386,host_9423): 0 -> 1
Cell (virus_2913386,host_148089): 0 -> 1
Cell (virus_2913386,host_9430): 0 -> 1
Cell (virus_2913386,host_94961): 0 -> 1
Cell (virus_2913386,host_3042450): 0 -> 1
Cell (virus_2913386,host_59472): 0 -> 1
Cell (virus_2913386,host_9414): 0 -> 1
Cell (virus_2913386,host_1434095): 0 -> 1
Cell (virus_2913386,host_221086): 0 -> 1
Cell (virus_2913386,host_221087): 0 -> 1
Cell (virus_2913386,host_9433): 0 -> 1
Cell (virus_2913386,host_438766): 0 -> 1
Cell (virus_2913386,host_258934): 0 -> 1
Cell (virus_2913386,host_242384): 0 -> 1
Cell (virus_2913386,host_999964): 0 -> 1
Cell (virus_2913386,host_258953): 0 -> 1
Cell (virus_2913386,host_109485): 0 -> 1
Cell (virus_2913386,host_999321): 0 -> 1
Cell (virus_2925879,host_51300): 0 -> 1
Cell (virus_2925879,host_109481): 0 -> 1
Cell (virus_2925879,host_51298): 0 -> 1
Cell (virus_2925879,host_1207989): 0 -> 1
Cell (virus_2925879,host_334201): 0 -> 1
Cell (virus_2925879,host_463808): 0 -> 1
Cell (virus_2925879,host_178895): 0 -> 1
Cell (virus_2925879,host_430492): 0 -> 1
Cell (virus_2925879,host_329870): 0 -> 1
Cell (virus_2925879,host_196297): 0 -> 1
Cell (virus_2925879,host_328804): 0 -> 1
Cell (virus_2925879,host_9403): 0 -> 1
Cell (virus_2925879,host_58057): 0 -> 1
Cell (virus_2925879,host_58063): 0 -> 1
Cell (virus_2925879,host_1898386): 0 -> 1
Cell (virus_2925879,host_58060): 0 -> 1
Cell (virus_2925879,host_298110): 0 -> 1
Cell (virus_2925879,host_77233): 0 -> 1
Cell (virus_2925879,host_326083): 0 -> 1
Cell (virus_2925879,host_1381355): 0 -> 1
Cell (virus_2925879,host_59476): 0 -> 1
Cell (virus_2925879,host_208969): 0 -> 1
Cell (virus_2925879,host_27663): 0 -> 1
Cell (virus_2925879,host_410852): 0 -> 1
Cell (virus_2925879,host_27634): 0 -> 1
Cell (virus_2925879,host_40230): 0 -> 1
Cell (virus_2925879,host_9417): 0 -> 1
Cell (virus_2925879,host_51012): 0 -> 1
Cell (virus_2925879,host_40229): 0 -> 1
Cell (virus_2925879,host_192403): 0 -> 1
Cell (virus_2925879,host_196700): 0 -> 1
Cell (virus_2925879,host_27660): 0 -> 1
Cell (virus_2925879,host_9423): 0 -> 1
Cell (virus_2925879,host_148089): 0 -> 1
Cell (virus_2925879,host_9430): 0 -> 1
Cell (virus_2925879,host_94961): 0 -> 1
Cell (virus_2925879,host_3042450): 0 -> 1
Cell (virus_2925879,host_59472): 0 -> 1
Cell (virus_2925879,host_9414): 0 -> 1
Cell (virus_2925879,host_1434095): 0 -> 1
Cell (virus_2925879,host_221086): 0 -> 1
Cell (virus_2925879,host_221087): 0 -> 1
Cell (virus_2925879,host_9433): 0 -> 1
Cell (virus_2925879,host_438766): 0 -> 1
Cell (virus_2925879,host_258934): 0 -> 1
Cell (virus_2925879,host_242384): 0 -> 1
Cell (virus_2925879,host_999964): 0 -> 1
Cell (virus_2925879,host_258953): 0 -> 1
Cell (virus_2925879,host_109485): 0 -> 1
Cell (virus_2993505,host_51300): 0 -> 1
Cell (virus_2993505,host_109481): 0 -> 1
Cell (virus_2993505,host_51298): 0 -> 1
Cell (virus_2993505,host_59453): 0 -> 1
Cell (virus_2993505,host_334201): 0 -> 1
Cell (virus_2993505,host_463808): 0 -> 1
Cell (virus_2993505,host_178895): 0 -> 1
Cell (virus_2993505,host_337453): 0 -> 1
Cell (virus_2993505,host_329870): 0 -> 1
Cell (virus_2993505,host_196297): 0 -> 1
Cell (virus_2993505,host_328804): 0 -> 1
Cell (virus_2993505,host_9403): 0 -> 1
Cell (virus_2993505,host_58057): 0 -> 1
Cell (virus_2993505,host_1898389): 0 -> 1
Cell (virus_2993505,host_58063): 0 -> 1
Cell (virus_2993505,host_58060): 0 -> 1
Cell (virus_2993505,host_298110): 0 -> 1
Cell (virus_2993505,host_77233): 0 -> 1
Cell (virus_2993505,host_326083): 0 -> 1
Cell (virus_2993505,host_1381355): 0 -> 1
Cell (virus_2993505,host_59476): 0 -> 1
Cell (virus_2993505,host_27663): 0 -> 1
Cell (virus_2993505,host_410852): 0 -> 1
Cell (virus_2993505,host_574064): 0 -> 1
Cell (virus_2993505,host_27634): 0 -> 1
Cell (virus_2993505,host_40230): 0 -> 1
Cell (virus_2993505,host_9417): 0 -> 1
Cell (virus_2993505,host_51012): 0 -> 1
Cell (virus_2993505,host_40229): 0 -> 1
Cell (virus_2993505,host_192403): 0 -> 1
Cell (virus_2993505,host_196700): 0 -> 1
Cell (virus_2993505,host_9423): 0 -> 1
Cell (virus_2993505,host_148089): 0 -> 1
Cell (virus_2993505,host_9430): 0 -> 1
Cell (virus_2993505,host_94961): 0 -> 1
Cell (virus_2993505,host_3042450): 0 -> 1
Cell (virus_2993505,host_9414): 0 -> 1
Cell (virus_2993505,host_1434095): 0 -> 1
Cell (virus_2993505,host_221086): 0 -> 1
Cell (virus_2993505,host_221087): 0 -> 1
Cell (virus_2993505,host_9433): 0 -> 1
Cell (virus_2993505,host_438766): 0 -> 1
Cell (virus_2993505,host_258934): 0 -> 1
Cell (virus_2993505,host_242384): 0 -> 1
Cell (virus_2993505,host_999964): 0 -> 1
Cell (virus_2993505,host_258953): 0 -> 1
Cell (virus_2993505,host_109485): 0 -> 1
Cell (virus_3433731,host_375553): 0 -> 1
Cell (virus_3433731,host_51298): 0 -> 1
Cell (virus_3433731,host_1911917): 0 -> 1
Cell (virus_3433731,host_203696): 0 -> 1
Cell (virus_3433731,host_157961): 0 -> 1
Cell (virus_3433731,host_334201): 0 -> 1
Cell (virus_3433731,host_249020): 0 -> 1
Cell (virus_3433731,host_463808): 0 -> 1
Cell (virus_3433731,host_2603866): 0 -> 1
Cell (virus_3433731,host_519041): 0 -> 1
Cell (virus_3433731,host_196297): 0 -> 1
Cell (virus_3433731,host_328804): 0 -> 1
Cell (virus_3433731,host_9403): 0 -> 1
Cell (virus_3433731,host_1410044): 0 -> 1
Cell (virus_3433731,host_2853157): 0 -> 1
Cell (virus_3433731,host_58063): 0 -> 1
Cell (virus_3433731,host_58060): 0 -> 1
Cell (virus_3433731,host_9400): 0 -> 1
Cell (virus_3433731,host_298110): 0 -> 1
Cell (virus_3433731,host_77233): 0 -> 1
Cell (virus_3433731,host_326151): 0 -> 1
Cell (virus_3433731,host_326083): 0 -> 1
Cell (virus_3433731,host_1381355): 0 -> 1
Cell (virus_3433731,host_94956): 0 -> 1
Cell (virus_3433731,host_410852): 0 -> 1
Cell (virus_3433731,host_574064): 0 -> 1
Cell (virus_3433731,host_27634): 0 -> 1
Cell (virus_3433731,host_51012): 0 -> 1
Cell (virus_3433731,host_196700): 0 -> 1
Cell (virus_3433731,host_27660): 0 -> 1
Cell (virus_3433731,host_409031): 0 -> 1
Cell (virus_3433731,host_9423): 0 -> 1
Cell (virus_3433731,host_148089): 0 -> 1
Cell (virus_3433731,host_94961): 0 -> 1
Cell (virus_3433731,host_3042450): 0 -> 1
Cell (virus_3433731,host_1434095): 0 -> 1
Cell (virus_3433731,host_221087): 0 -> 1
Cell (virus_3433731,host_9433): 0 -> 1
Cell (virus_3433731,host_258934): 0 -> 1
Cell (virus_3433731,host_242384): 0 -> 1
Cell (virus_3433731,host_999964): 0 -> 1
Cell (virus_3433731,host_153297): 0 -> 1
Cell (virus_3433731,host_258953): 0 -> 1
Cell (virus_3433810,host_257882): 0 -> 1
Cell (virus_3433810,host_519446): 0 -> 1
Cell (virus_3433810,host_109481): 0 -> 1
Cell (virus_3433810,host_109482): 0 -> 1
Cell (virus_3433810,host_412095): 0 -> 1
Cell (virus_3433810,host_51298): 0 -> 1
Cell (virus_3433810,host_155915): 0 -> 1
Cell (virus_3433810,host_155035): 0 -> 1
Cell (virus_3433810,host_2015597): 0 -> 1
Cell (virus_3433810,host_633648): 0 -> 1
Cell (virus_3433810,host_258925): 0 -> 1
Cell (virus_3433810,host_270698): 0 -> 1
Cell (virus_3433810,host_430492): 0 -> 1
Cell (virus_3433810,host_329870): 0 -> 1
Cell (virus_3433810,host_549403): 0 -> 1
Cell (virus_3433810,host_3371112): 0 -> 1
Cell (virus_3433810,host_124756): 0 -> 1
Cell (virus_3433810,host_132908): 0 -> 1
Cell (virus_3433810,host_196297): 0 -> 1
Cell (virus_3433810,host_328804): 0 -> 1
Cell (virus_3433810,host_9402): 0 -> 1
Cell (virus_3433810,host_1410044): 0 -> 1
Cell (virus_3433810,host_1898389): 0 -> 1
Cell (virus_3433810,host_2853157): 0 -> 1
Cell (virus_3433810,host_372077): 0 -> 1
Cell (virus_3433810,host_498220): 0 -> 1
Cell (virus_3433810,host_58063): 0 -> 1
Cell (virus_3433810,host_58060): 0 -> 1
Cell (virus_3433810,host_77233): 0 -> 1
Cell (virus_3433810,host_326083): 0 -> 1
Cell (virus_3433810,host_1381355): 0 -> 1
Cell (virus_3433810,host_148094): 0 -> 1
Cell (virus_3433810,host_27663): 0 -> 1
Cell (virus_3433810,host_410852): 0 -> 1
Cell (virus_3433810,host_574064): 0 -> 1
Cell (virus_3433810,host_27634): 0 -> 1
Cell (virus_3433810,host_40228): 0 -> 1
Cell (virus_3433810,host_40230): 0 -> 1
Cell (virus_3433810,host_9417): 0 -> 1
Cell (virus_3433810,host_51012): 0 -> 1
Cell (virus_3433810,host_40229): 0 -> 1
Cell (virus_3433810,host_27660): 0 -> 1
Cell (virus_3433810,host_9423): 0 -> 1
Cell (virus_3433810,host_148061): 0 -> 1
Cell (virus_3433810,host_148089): 0 -> 1
Cell (virus_3433810,host_94961): 0 -> 1
Cell (virus_3433810,host_3042450): 0 -> 1
Cell (virus_3433810,host_9414): 0 -> 1
Cell (virus_3433810,host_1434095): 0 -> 1
Cell (virus_3433810,host_221086): 0 -> 1
Cell (virus_3433810,host_221087): 0 -> 1
Cell (virus_3433810,host_9433): 0 -> 1
Cell (virus_3433810,host_258934): 0 -> 1
Cell (virus_3433810,host_242384): 0 -> 1
Cell (virus_3433810,host_258863): 0 -> 1
Cell (virus_3433810,host_999964): 0 -> 1
Cell (virus_3433810,host_258953): 0 -> 1
Cell (virus_3433810,host_2969767): 0 -> 1
Cell (virus_3433810,host_258889): 0 -> 1
Cell (virus_2913388,host_9435): 0 -> 1
Cell (virus_2913388,host_257882): 0 -> 1
Cell (virus_2913388,host_160974): 0 -> 1
Cell (virus_2913388,host_1633875): 0 -> 1
Cell (virus_2913388,host_519446): 0 -> 1
Cell (virus_2913388,host_51298): 0 -> 1
Cell (virus_2913388,host_155915): 0 -> 1
Cell (virus_2913388,host_2015597): 0 -> 1
Cell (virus_2913388,host_337453): 0 -> 1
Cell (virus_2913388,host_329870): 0 -> 1
Cell (virus_2913388,host_3371112): 0 -> 1
Cell (virus_2913388,host_132908): 0 -> 1
Cell (virus_2913388,host_196297): 0 -> 1
Cell (virus_2913388,host_385575): 0 -> 1
Cell (virus_2913388,host_328804): 0 -> 1
Cell (virus_2913388,host_9402): 0 -> 1
Cell (virus_2913388,host_9403): 0 -> 1
Cell (virus_2913388,host_58057): 0 -> 1
Cell (virus_2913388,host_1410044): 0 -> 1
Cell (virus_2913388,host_2853157): 0 -> 1
Cell (virus_2913388,host_372077): 0 -> 1
Cell (virus_2913388,host_58067): 0 -> 1
Cell (virus_2913388,host_498220): 0 -> 1
Cell (virus_2913388,host_58063): 0 -> 1
Cell (virus_2913388,host_1898386): 0 -> 1
Cell (virus_2913388,host_58060): 0 -> 1
Cell (virus_2913388,host_9400): 0 -> 1
Cell (virus_2913388,host_298110): 0 -> 1
Cell (virus_2913388,host_77233): 0 -> 1
Cell (virus_2913388,host_326081): 0 -> 1
Cell (virus_2913388,host_326083): 0 -> 1
Cell (virus_2913388,host_1381355): 0 -> 1
Cell (virus_2913388,host_118856): 0 -> 1
Cell (virus_2913388,host_94956): 0 -> 1
Cell (virus_2913388,host_27663): 0 -> 1
Cell (virus_2913388,host_410852): 0 -> 1
Cell (virus_2913388,host_27634): 0 -> 1
Cell (virus_2913388,host_9417): 0 -> 1
Cell (virus_2913388,host_51012): 0 -> 1
Cell (virus_2913388,host_9423): 0 -> 1
Cell (virus_2913388,host_148061): 0 -> 1
Cell (virus_2913388,host_148089): 0 -> 1
Cell (virus_2913388,host_94961): 0 -> 1
Cell (virus_2913388,host_3042450): 0 -> 1
Cell (virus_2913388,host_9414): 0 -> 1
Cell (virus_2913388,host_1434095): 0 -> 1
Cell (virus_2913388,host_221086): 0 -> 1
Cell (virus_2913388,host_221087): 0 -> 1
Cell (virus_2913388,host_9433): 0 -> 1
Cell (virus_2913388,host_258934): 0 -> 1
Cell (virus_2913388,host_479723): 0 -> 1
Cell (virus_2913388,host_258863): 0 -> 1
Cell (virus_2913388,host_999964): 0 -> 1
Cell (virus_2913388,host_9438): 0 -> 1
Cell (virus_2913388,host_258953): 0 -> 1
Cell (virus_2913388,host_2969767): 0 -> 1
Cell (virus_2913388,host_109485): 0 -> 1
Cell (virus_2913388,host_59474): 0 -> 1
Cell (virus_3433756,host_257882): 0 -> 1
Cell (virus_3433756,host_160974): 0 -> 1
Cell (virus_3433756,host_1633875): 0 -> 1
Cell (virus_3433756,host_519446): 0 -> 1
Cell (virus_3433756,host_51298): 0 -> 1
Cell (virus_3433756,host_155915): 0 -> 1
Cell (virus_3433756,host_2015597): 0 -> 1
Cell (virus_3433756,host_258925): 0 -> 1
Cell (virus_3433756,host_329870): 0 -> 1
Cell (virus_3433756,host_3371112): 0 -> 1
Cell (virus_3433756,host_124756): 0 -> 1
Cell (virus_3433756,host_132908): 0 -> 1
Cell (virus_3433756,host_196297): 0 -> 1
Cell (virus_3433756,host_385575): 0 -> 1
Cell (virus_3433756,host_328804): 0 -> 1
Cell (virus_3433756,host_9402): 0 -> 1
Cell (virus_3433756,host_58057): 0 -> 1
Cell (virus_3433756,host_2853157): 0 -> 1
Cell (virus_3433756,host_498220): 0 -> 1
Cell (virus_3433756,host_58060): 0 -> 1
Cell (virus_3433756,host_298110): 0 -> 1
Cell (virus_3433756,host_77233): 0 -> 1
Cell (virus_3433756,host_326151): 0 -> 1
Cell (virus_3433756,host_326083): 0 -> 1
Cell (virus_3433756,host_1381355): 0 -> 1
Cell (virus_3433756,host_118856): 0 -> 1
Cell (virus_3433756,host_94956): 0 -> 1
Cell (virus_3433756,host_59476): 0 -> 1
Cell (virus_3433756,host_138695): 0 -> 1
Cell (virus_3433756,host_410852): 0 -> 1
Cell (virus_3433756,host_574064): 0 -> 1
Cell (virus_3433756,host_27634): 0 -> 1
Cell (virus_3433756,host_51012): 0 -> 1
Cell (virus_3433756,host_40229): 0 -> 1
Cell (virus_3433756,host_9423): 0 -> 1
Cell (virus_3433756,host_148061): 0 -> 1
Cell (virus_3433756,host_148089): 0 -> 1
Cell (virus_3433756,host_94961): 0 -> 1
Cell (virus_3433756,host_3042450): 0 -> 1
Cell (virus_3433756,host_9414): 0 -> 1
Cell (virus_3433756,host_1434095): 0 -> 1
Cell (virus_3433756,host_221086): 0 -> 1
Cell (virus_3433756,host_291302): 0 -> 1
Cell (virus_3433756,host_221087): 0 -> 1
Cell (virus_3433756,host_9433): 0 -> 1
Cell (virus_3433756,host_438766): 0 -> 1
Cell (virus_3433756,host_258934): 0 -> 1
Cell (virus_3433756,host_479723): 0 -> 1
Cell (virus_3433756,host_258863): 0 -> 1
Cell (virus_3433756,host_999964): 0 -> 1
Cell (virus_3433756,host_258953): 0 -> 1
Cell (virus_3433756,host_109485): 0 -> 1
Elbow Metrics: {'precision': 0.41203703703703703, 'recall': 0.5108167770419426, 'f1': 0.45614035087719296, 'TP': 2314, 'FP': 3302, 'FN': 2216}
