[iter 0] λ=0.5000 → flips=43
[iter 1] λ=0.7500 → flips=5217
[iter 2] λ=0.8750 → flips=16734
[iter 3] λ=0.8125 → flips=13444
[iter 4] λ=0.7812 → flips=10042
[iter 5] λ=0.7656 → flips=6570
[iter 6] λ=0.7734 → flips=7203
[iter 7] λ=0.7773 → flips=7575
[iter 8] λ=0.7793 → flips=9911
[iter 9] λ=0.7783 → flips=9770
[iter 10] λ=0.7778 → flips=9770
[iter 11] λ=0.7776 → flips=7575
[iter 12] λ=0.7777 → flips=9770
[iter 13] λ=0.7776 → flips=9770
[iter 14] λ=0.7776 → flips=7575
[iter 15] λ=0.7776 → flips=9770
[iter 16] λ=0.7776 → flips=9770
[iter 17] λ=0.7776 → flips=9770
[iter 18] λ=0.7776 → flips=9770
[iter 19] λ=0.7776 → flips=9770

Best λ=0.7773 → flips=7575, correct=3706/7639
Number of flips performed: 7575
Cell (virus_11137,host_105273): 0 -> 1
Cell (virus_11137,host_105295): 0 -> 1
Cell (virus_11137,host_258946): 0 -> 1
Cell (virus_11137,host_187011): 0 -> 1
Cell (virus_11137,host_375553): 0 -> 1
Cell (virus_11137,host_51300): 0 -> 1
Cell (virus_11137,host_246814): 0 -> 1
Cell (virus_11137,host_59473): 0 -> 1
Cell (virus_11137,host_2528591): 0 -> 1
Cell (virus_11137,host_633648): 0 -> 1
Cell (virus_11137,host_258925): 0 -> 1
Cell (virus_11137,host_177185): 0 -> 1
Cell (virus_11137,host_685731): 0 -> 1
Cell (virus_11137,host_1207989): 0 -> 1
Cell (virus_11137,host_188569): 0 -> 1
Cell (virus_11137,host_157961): 0 -> 1
Cell (virus_11137,host_2603865): 0 -> 1
Cell (virus_11137,host_166054): 0 -> 1
Cell (virus_11137,host_9402): 0 -> 1
Cell (virus_11137,host_9403): 0 -> 1
Cell (virus_11137,host_1410044): 0 -> 1
Cell (virus_11137,host_1898389): 0 -> 1
Cell (virus_11137,host_77231): 0 -> 1
Cell (virus_11137,host_2853157): 0 -> 1
Cell (virus_11137,host_58067): 0 -> 1
Cell (virus_11137,host_498220): 0 -> 1
Cell (virus_11137,host_448084): 0 -> 1
Cell (virus_11137,host_58071): 0 -> 1
Cell (virus_11137,host_77243): 0 -> 1
Cell (virus_11137,host_58073): 0 -> 1
Cell (virus_11137,host_58083): 0 -> 1
Cell (virus_11137,host_77223): 0 -> 1
Cell (virus_11137,host_9407): 0 -> 1
Cell (virus_11137,host_9408): 0 -> 1
Cell (virus_11137,host_58065): 0 -> 1
Cell (virus_11137,host_1898386): 0 -> 1
Cell (virus_11137,host_58060): 0 -> 1
Cell (virus_11137,host_9400): 0 -> 1
Cell (virus_11137,host_298110): 0 -> 1
Cell (virus_11137,host_374419): 0 -> 1
Cell (virus_11137,host_326081): 0 -> 1
Cell (virus_11137,host_326083): 0 -> 1
Cell (virus_11137,host_1381355): 0 -> 1
Cell (virus_11137,host_187003): 0 -> 1
Cell (virus_11137,host_907075): 0 -> 1
Cell (virus_11137,host_40230): 0 -> 1
Cell (virus_11137,host_177160): 0 -> 1
Cell (virus_11137,host_177162): 0 -> 1
Cell (virus_11137,host_89673): 0 -> 1
Cell (virus_11137,host_148061): 0 -> 1
Cell (virus_11137,host_148089): 0 -> 1
Cell (virus_11137,host_9430): 0 -> 1
Cell (virus_11137,host_94961): 0 -> 1
Cell (virus_11137,host_3042450): 0 -> 1
Cell (virus_11137,host_1434095): 0 -> 1
Cell (virus_11137,host_221086): 0 -> 1
Cell (virus_11137,host_291302): 0 -> 1
Cell (virus_11137,host_187007): 0 -> 1
Cell (virus_11137,host_187008): 0 -> 1
Cell (virus_11137,host_438766): 0 -> 1
Cell (virus_11137,host_258934): 0 -> 1
Cell (virus_11137,host_258867): 0 -> 1
Cell (virus_11137,host_258863): 0 -> 1
Cell (virus_11137,host_452595): 0 -> 1
Cell (virus_11137,host_3370289): 0 -> 1
Cell (virus_11137,host_999964): 0 -> 1
Cell (virus_11137,host_153297): 0 -> 1
Cell (virus_11137,host_258952): 0 -> 1
Cell (virus_11137,host_258953): 0 -> 1
Cell (virus_11137,host_249033): 0 -> 1
Cell (virus_11137,host_258930): 0 -> 1
Cell (virus_11137,host_272799): 0 -> 1
Cell (virus_11137,host_258909): 0 -> 1
Cell (virus_11137,host_909369): 0 -> 1
Cell (virus_11137,host_29078): 0 -> 1
Cell (virus_11137,host_2969767): 0 -> 1
Cell (virus_11137,host_3371014): 0 -> 1
Cell (virus_11137,host_3371016): 0 -> 1
Cell (virus_11137,host_360967): 0 -> 1
Cell (virus_11137,host_258959): 0 -> 1
Cell (virus_1244203,host_105273): 0 -> 1
Cell (virus_1244203,host_105295): 0 -> 1
Cell (virus_1244203,host_187011): 0 -> 1
Cell (virus_1244203,host_51300): 0 -> 1
Cell (virus_1244203,host_246814): 0 -> 1
Cell (virus_1244203,host_59473): 0 -> 1
Cell (virus_1244203,host_59461): 0 -> 1
Cell (virus_1244203,host_633648): 0 -> 1
Cell (virus_1244203,host_258925): 0 -> 1
Cell (virus_1244203,host_177185): 0 -> 1
Cell (virus_1244203,host_685731): 0 -> 1
Cell (virus_1244203,host_1207989): 0 -> 1
Cell (virus_1244203,host_59453): 0 -> 1
Cell (virus_1244203,host_157961): 0 -> 1
Cell (virus_1244203,host_166054): 0 -> 1
Cell (virus_1244203,host_328804): 0 -> 1
Cell (virus_1244203,host_9403): 0 -> 1
Cell (virus_1244203,host_1410044): 0 -> 1
Cell (virus_1244203,host_1898389): 0 -> 1
Cell (virus_1244203,host_77231): 0 -> 1
Cell (virus_1244203,host_2853157): 0 -> 1
Cell (virus_1244203,host_372077): 0 -> 1
Cell (virus_1244203,host_58067): 0 -> 1
Cell (virus_1244203,host_498220): 0 -> 1
Cell (virus_1244203,host_58071): 0 -> 1
Cell (virus_1244203,host_77243): 0 -> 1
Cell (virus_1244203,host_58073): 0 -> 1
Cell (virus_1244203,host_77223): 0 -> 1
Cell (virus_1244203,host_9407): 0 -> 1
Cell (virus_1244203,host_9408): 0 -> 1
Cell (virus_1244203,host_58065): 0 -> 1
Cell (virus_1244203,host_77214): 0 -> 1
Cell (virus_1244203,host_1898386): 0 -> 1
Cell (virus_1244203,host_58060): 0 -> 1
Cell (virus_1244203,host_9400): 0 -> 1
Cell (virus_1244203,host_298110): 0 -> 1
Cell (virus_1244203,host_374419): 0 -> 1
Cell (virus_1244203,host_326081): 0 -> 1
Cell (virus_1244203,host_326083): 0 -> 1
Cell (virus_1244203,host_1381355): 0 -> 1
Cell (virus_1244203,host_187003): 0 -> 1
Cell (virus_1244203,host_907075): 0 -> 1
Cell (virus_1244203,host_40228): 0 -> 1
Cell (virus_1244203,host_40230): 0 -> 1
Cell (virus_1244203,host_89673): 0 -> 1
Cell (virus_1244203,host_3042450): 0 -> 1
Cell (virus_1244203,host_1434095): 0 -> 1
Cell (virus_1244203,host_221086): 0 -> 1
Cell (virus_1244203,host_291302): 0 -> 1
Cell (virus_1244203,host_187007): 0 -> 1
Cell (virus_1244203,host_187008): 0 -> 1
Cell (virus_1244203,host_438766): 0 -> 1
Cell (virus_1244203,host_258934): 0 -> 1
Cell (virus_1244203,host_479723): 0 -> 1
Cell (virus_1244203,host_3041509): 0 -> 1
Cell (virus_1244203,host_258867): 0 -> 1
Cell (virus_1244203,host_242384): 0 -> 1
Cell (virus_1244203,host_258863): 0 -> 1
Cell (virus_1244203,host_452595): 0 -> 1
Cell (virus_1244203,host_3370289): 0 -> 1
Cell (virus_1244203,host_999964): 0 -> 1
Cell (virus_1244203,host_153297): 0 -> 1
Cell (virus_1244203,host_258952): 0 -> 1
Cell (virus_1244203,host_258953): 0 -> 1
Cell (virus_1244203,host_249033): 0 -> 1
Cell (virus_1244203,host_258930): 0 -> 1
Cell (virus_1244203,host_272799): 0 -> 1
Cell (virus_1244203,host_258909): 0 -> 1
Cell (virus_1244203,host_909369): 0 -> 1
Cell (virus_1244203,host_29078): 0 -> 1
Cell (virus_1244203,host_3371014): 0 -> 1
Cell (virus_1244203,host_258959): 0 -> 1
Cell (virus_1244203,host_59485): 0 -> 1
Cell (virus_3433754,host_105273): 0 -> 1
Cell (virus_3433754,host_105295): 0 -> 1
Cell (virus_3433754,host_187011): 0 -> 1
Cell (virus_3433754,host_51300): 0 -> 1
Cell (virus_3433754,host_246814): 0 -> 1
Cell (virus_3433754,host_59473): 0 -> 1
Cell (virus_3433754,host_59461): 0 -> 1
Cell (virus_3433754,host_633648): 0 -> 1
Cell (virus_3433754,host_258925): 0 -> 1
Cell (virus_3433754,host_177185): 0 -> 1
Cell (virus_3433754,host_685731): 0 -> 1
Cell (virus_3433754,host_1207989): 0 -> 1
Cell (virus_3433754,host_59453): 0 -> 1
Cell (virus_3433754,host_157961): 0 -> 1
Cell (virus_3433754,host_166054): 0 -> 1
Cell (virus_3433754,host_328804): 0 -> 1
Cell (virus_3433754,host_9403): 0 -> 1
Cell (virus_3433754,host_1410044): 0 -> 1
Cell (virus_3433754,host_1898389): 0 -> 1
Cell (virus_3433754,host_77231): 0 -> 1
Cell (virus_3433754,host_2853157): 0 -> 1
Cell (virus_3433754,host_372077): 0 -> 1
Cell (virus_3433754,host_58067): 0 -> 1
Cell (virus_3433754,host_498220): 0 -> 1
Cell (virus_3433754,host_58071): 0 -> 1
Cell (virus_3433754,host_77243): 0 -> 1
Cell (virus_3433754,host_58073): 0 -> 1
Cell (virus_3433754,host_77223): 0 -> 1
Cell (virus_3433754,host_9407): 0 -> 1
Cell (virus_3433754,host_9408): 0 -> 1
Cell (virus_3433754,host_58065): 0 -> 1
Cell (virus_3433754,host_77214): 0 -> 1
Cell (virus_3433754,host_1898386): 0 -> 1
Cell (virus_3433754,host_58060): 0 -> 1
Cell (virus_3433754,host_9400): 0 -> 1
Cell (virus_3433754,host_298110): 0 -> 1
Cell (virus_3433754,host_374419): 0 -> 1
Cell (virus_3433754,host_326081): 0 -> 1
Cell (virus_3433754,host_326083): 0 -> 1
Cell (virus_3433754,host_1381355): 0 -> 1
Cell (virus_3433754,host_187003): 0 -> 1
Cell (virus_3433754,host_907075): 0 -> 1
Cell (virus_3433754,host_40228): 0 -> 1
Cell (virus_3433754,host_40230): 0 -> 1
Cell (virus_3433754,host_89673): 0 -> 1
Cell (virus_3433754,host_3042450): 0 -> 1
Cell (virus_3433754,host_1434095): 0 -> 1
Cell (virus_3433754,host_221086): 0 -> 1
Cell (virus_3433754,host_291302): 0 -> 1
Cell (virus_3433754,host_187007): 0 -> 1
Cell (virus_3433754,host_187008): 0 -> 1
Cell (virus_3433754,host_438766): 0 -> 1
Cell (virus_3433754,host_258934): 0 -> 1
Cell (virus_3433754,host_479723): 0 -> 1
Cell (virus_3433754,host_3041509): 0 -> 1
Cell (virus_3433754,host_258867): 0 -> 1
Cell (virus_3433754,host_242384): 0 -> 1
Cell (virus_3433754,host_258863): 0 -> 1
Cell (virus_3433754,host_452595): 0 -> 1
Cell (virus_3433754,host_3370289): 0 -> 1
Cell (virus_3433754,host_999964): 0 -> 1
Cell (virus_3433754,host_153297): 0 -> 1
Cell (virus_3433754,host_258952): 0 -> 1
Cell (virus_3433754,host_258953): 0 -> 1
Cell (virus_3433754,host_249033): 0 -> 1
Cell (virus_3433754,host_258930): 0 -> 1
Cell (virus_3433754,host_272799): 0 -> 1
Cell (virus_3433754,host_258909): 0 -> 1
Cell (virus_3433754,host_909369): 0 -> 1
Cell (virus_3433754,host_29078): 0 -> 1
Cell (virus_3433754,host_3371014): 0 -> 1
Cell (virus_3433754,host_258959): 0 -> 1
Cell (virus_3433754,host_59485): 0 -> 1
Cell (virus_3433753,host_105273): 0 -> 1
Cell (virus_3433753,host_105295): 0 -> 1
Cell (virus_3433753,host_187011): 0 -> 1
Cell (virus_3433753,host_51300): 0 -> 1
Cell (virus_3433753,host_246814): 0 -> 1
Cell (virus_3433753,host_59473): 0 -> 1
Cell (virus_3433753,host_59461): 0 -> 1
Cell (virus_3433753,host_633648): 0 -> 1
Cell (virus_3433753,host_258925): 0 -> 1
Cell (virus_3433753,host_177185): 0 -> 1
Cell (virus_3433753,host_685731): 0 -> 1
Cell (virus_3433753,host_1207989): 0 -> 1
Cell (virus_3433753,host_157961): 0 -> 1
Cell (virus_3433753,host_166054): 0 -> 1
Cell (virus_3433753,host_328804): 0 -> 1
Cell (virus_3433753,host_9403): 0 -> 1
Cell (virus_3433753,host_1410044): 0 -> 1
Cell (virus_3433753,host_1898389): 0 -> 1
Cell (virus_3433753,host_77231): 0 -> 1
Cell (virus_3433753,host_2853157): 0 -> 1
Cell (virus_3433753,host_372077): 0 -> 1
Cell (virus_3433753,host_58067): 0 -> 1
Cell (virus_3433753,host_498220): 0 -> 1
Cell (virus_3433753,host_448084): 0 -> 1
Cell (virus_3433753,host_58071): 0 -> 1
Cell (virus_3433753,host_77243): 0 -> 1
Cell (virus_3433753,host_58073): 0 -> 1
Cell (virus_3433753,host_77223): 0 -> 1
Cell (virus_3433753,host_9407): 0 -> 1
Cell (virus_3433753,host_9408): 0 -> 1
Cell (virus_3433753,host_58065): 0 -> 1
Cell (virus_3433753,host_1898386): 0 -> 1
Cell (virus_3433753,host_58060): 0 -> 1
Cell (virus_3433753,host_9400): 0 -> 1
Cell (virus_3433753,host_298110): 0 -> 1
Cell (virus_3433753,host_374419): 0 -> 1
Cell (virus_3433753,host_326081): 0 -> 1
Cell (virus_3433753,host_326083): 0 -> 1
Cell (virus_3433753,host_1381355): 0 -> 1
Cell (virus_3433753,host_187003): 0 -> 1
Cell (virus_3433753,host_907075): 0 -> 1
Cell (virus_3433753,host_40228): 0 -> 1
Cell (virus_3433753,host_40230): 0 -> 1
Cell (virus_3433753,host_89673): 0 -> 1
Cell (virus_3433753,host_3042450): 0 -> 1
Cell (virus_3433753,host_1434095): 0 -> 1
Cell (virus_3433753,host_221086): 0 -> 1
Cell (virus_3433753,host_291302): 0 -> 1
Cell (virus_3433753,host_187007): 0 -> 1
Cell (virus_3433753,host_187008): 0 -> 1
Cell (virus_3433753,host_438766): 0 -> 1
Cell (virus_3433753,host_258934): 0 -> 1
Cell (virus_3433753,host_479723): 0 -> 1
Cell (virus_3433753,host_3041509): 0 -> 1
Cell (virus_3433753,host_258867): 0 -> 1
Cell (virus_3433753,host_242384): 0 -> 1
Cell (virus_3433753,host_258863): 0 -> 1
Cell (virus_3433753,host_452595): 0 -> 1
Cell (virus_3433753,host_3370289): 0 -> 1
Cell (virus_3433753,host_999964): 0 -> 1
Cell (virus_3433753,host_153297): 0 -> 1
Cell (virus_3433753,host_258952): 0 -> 1
Cell (virus_3433753,host_258953): 0 -> 1
Cell (virus_3433753,host_249033): 0 -> 1
Cell (virus_3433753,host_258930): 0 -> 1
Cell (virus_3433753,host_272799): 0 -> 1
Cell (virus_3433753,host_258909): 0 -> 1
Cell (virus_3433753,host_909369): 0 -> 1
Cell (virus_3433753,host_29078): 0 -> 1
Cell (virus_3433753,host_3371014): 0 -> 1
Cell (virus_3433753,host_360967): 0 -> 1
Cell (virus_3433753,host_258959): 0 -> 1
Cell (virus_3433753,host_59485): 0 -> 1
Cell (virus_3119326,host_105273): 0 -> 1
Cell (virus_3119326,host_105295): 0 -> 1
Cell (virus_3119326,host_187011): 0 -> 1
Cell (virus_3119326,host_51300): 0 -> 1
Cell (virus_3119326,host_246814): 0 -> 1
Cell (virus_3119326,host_59473): 0 -> 1
Cell (virus_3119326,host_633648): 0 -> 1
Cell (virus_3119326,host_258925): 0 -> 1
Cell (virus_3119326,host_177185): 0 -> 1
Cell (virus_3119326,host_685731): 0 -> 1
Cell (virus_3119326,host_1207989): 0 -> 1
Cell (virus_3119326,host_157961): 0 -> 1
Cell (virus_3119326,host_132908): 0 -> 1
Cell (virus_3119326,host_166054): 0 -> 1
Cell (virus_3119326,host_328804): 0 -> 1
Cell (virus_3119326,host_9403): 0 -> 1
Cell (virus_3119326,host_1410044): 0 -> 1
Cell (virus_3119326,host_1898389): 0 -> 1
Cell (virus_3119326,host_77231): 0 -> 1
Cell (virus_3119326,host_2853157): 0 -> 1
Cell (virus_3119326,host_372077): 0 -> 1
Cell (virus_3119326,host_58067): 0 -> 1
Cell (virus_3119326,host_498220): 0 -> 1
Cell (virus_3119326,host_448084): 0 -> 1
Cell (virus_3119326,host_58071): 0 -> 1
Cell (virus_3119326,host_77243): 0 -> 1
Cell (virus_3119326,host_58073): 0 -> 1
Cell (virus_3119326,host_58083): 0 -> 1
Cell (virus_3119326,host_77223): 0 -> 1
Cell (virus_3119326,host_9407): 0 -> 1
Cell (virus_3119326,host_9408): 0 -> 1
Cell (virus_3119326,host_58065): 0 -> 1
Cell (virus_3119326,host_1898386): 0 -> 1
Cell (virus_3119326,host_58060): 0 -> 1
Cell (virus_3119326,host_9400): 0 -> 1
Cell (virus_3119326,host_298110): 0 -> 1
Cell (virus_3119326,host_374419): 0 -> 1
Cell (virus_3119326,host_326081): 0 -> 1
Cell (virus_3119326,host_326083): 0 -> 1
Cell (virus_3119326,host_1381355): 0 -> 1
Cell (virus_3119326,host_187003): 0 -> 1
Cell (virus_3119326,host_907075): 0 -> 1
Cell (virus_3119326,host_40228): 0 -> 1
Cell (virus_3119326,host_40230): 0 -> 1
Cell (virus_3119326,host_9417): 0 -> 1
Cell (virus_3119326,host_89673): 0 -> 1
Cell (virus_3119326,host_3042450): 0 -> 1
Cell (virus_3119326,host_9414): 0 -> 1
Cell (virus_3119326,host_1434095): 0 -> 1
Cell (virus_3119326,host_221086): 0 -> 1
Cell (virus_3119326,host_291302): 0 -> 1
Cell (virus_3119326,host_187007): 0 -> 1
Cell (virus_3119326,host_187008): 0 -> 1
Cell (virus_3119326,host_438766): 0 -> 1
Cell (virus_3119326,host_258934): 0 -> 1
Cell (virus_3119326,host_479723): 0 -> 1
Cell (virus_3119326,host_2218597): 0 -> 1
Cell (virus_3119326,host_258867): 0 -> 1
Cell (virus_3119326,host_242384): 0 -> 1
Cell (virus_3119326,host_258863): 0 -> 1
Cell (virus_3119326,host_452595): 0 -> 1
Cell (virus_3119326,host_3370289): 0 -> 1
Cell (virus_3119326,host_999964): 0 -> 1
Cell (virus_3119326,host_153297): 0 -> 1
Cell (virus_3119326,host_258952): 0 -> 1
Cell (virus_3119326,host_258953): 0 -> 1
Cell (virus_3119326,host_249033): 0 -> 1
Cell (virus_3119326,host_258930): 0 -> 1
Cell (virus_3119326,host_272799): 0 -> 1
Cell (virus_3119326,host_258909): 0 -> 1
Cell (virus_3119326,host_29078): 0 -> 1
Cell (virus_3119326,host_3371014): 0 -> 1
Cell (virus_3119326,host_3371016): 0 -> 1
Cell (virus_3119326,host_360967): 0 -> 1
Cell (virus_3119326,host_258959): 0 -> 1
Cell (virus_3433752,host_105273): 0 -> 1
Cell (virus_3433752,host_105295): 0 -> 1
Cell (virus_3433752,host_187011): 0 -> 1
Cell (virus_3433752,host_51300): 0 -> 1
Cell (virus_3433752,host_59473): 0 -> 1
Cell (virus_3433752,host_633648): 0 -> 1
Cell (virus_3433752,host_258925): 0 -> 1
Cell (virus_3433752,host_177185): 0 -> 1
Cell (virus_3433752,host_685731): 0 -> 1
Cell (virus_3433752,host_1207989): 0 -> 1
Cell (virus_3433752,host_59453): 0 -> 1
Cell (virus_3433752,host_157961): 0 -> 1
Cell (virus_3433752,host_132908): 0 -> 1
Cell (virus_3433752,host_166054): 0 -> 1
Cell (virus_3433752,host_328804): 0 -> 1
Cell (virus_3433752,host_9403): 0 -> 1
Cell (virus_3433752,host_1410044): 0 -> 1
Cell (virus_3433752,host_1898389): 0 -> 1
Cell (virus_3433752,host_77231): 0 -> 1
Cell (virus_3433752,host_2853157): 0 -> 1
Cell (virus_3433752,host_372077): 0 -> 1
Cell (virus_3433752,host_58067): 0 -> 1
Cell (virus_3433752,host_498220): 0 -> 1
Cell (virus_3433752,host_58071): 0 -> 1
Cell (virus_3433752,host_77243): 0 -> 1
Cell (virus_3433752,host_58073): 0 -> 1
Cell (virus_3433752,host_58083): 0 -> 1
Cell (virus_3433752,host_9407): 0 -> 1
Cell (virus_3433752,host_9408): 0 -> 1
Cell (virus_3433752,host_58065): 0 -> 1
Cell (virus_3433752,host_1898386): 0 -> 1
Cell (virus_3433752,host_58060): 0 -> 1
Cell (virus_3433752,host_9400): 0 -> 1
Cell (virus_3433752,host_298110): 0 -> 1
Cell (virus_3433752,host_374419): 0 -> 1
Cell (virus_3433752,host_326081): 0 -> 1
Cell (virus_3433752,host_326083): 0 -> 1
Cell (virus_3433752,host_1381355): 0 -> 1
Cell (virus_3433752,host_187003): 0 -> 1
Cell (virus_3433752,host_907075): 0 -> 1
Cell (virus_3433752,host_40230): 0 -> 1
Cell (virus_3433752,host_89673): 0 -> 1
Cell (virus_3433752,host_94961): 0 -> 1
Cell (virus_3433752,host_3042450): 0 -> 1
Cell (virus_3433752,host_1434095): 0 -> 1
Cell (virus_3433752,host_221086): 0 -> 1
Cell (virus_3433752,host_291302): 0 -> 1
Cell (virus_3433752,host_187007): 0 -> 1
Cell (virus_3433752,host_187008): 0 -> 1
Cell (virus_3433752,host_438766): 0 -> 1
Cell (virus_3433752,host_258934): 0 -> 1
Cell (virus_3433752,host_479723): 0 -> 1
Cell (virus_3433752,host_3041509): 0 -> 1
Cell (virus_3433752,host_2218597): 0 -> 1
Cell (virus_3433752,host_258867): 0 -> 1
Cell (virus_3433752,host_242384): 0 -> 1
Cell (virus_3433752,host_258863): 0 -> 1
Cell (virus_3433752,host_452595): 0 -> 1
Cell (virus_3433752,host_3370289): 0 -> 1
Cell (virus_3433752,host_999964): 0 -> 1
Cell (virus_3433752,host_153297): 0 -> 1
Cell (virus_3433752,host_258952): 0 -> 1
Cell (virus_3433752,host_258953): 0 -> 1
Cell (virus_3433752,host_249033): 0 -> 1
Cell (virus_3433752,host_258930): 0 -> 1
Cell (virus_3433752,host_272799): 0 -> 1
Cell (virus_3433752,host_258909): 0 -> 1
Cell (virus_3433752,host_909369): 0 -> 1
Cell (virus_3433752,host_29078): 0 -> 1
Cell (virus_3433752,host_2969767): 0 -> 1
Cell (virus_3433752,host_3371014): 0 -> 1
Cell (virus_3433752,host_3371016): 0 -> 1
Cell (virus_3433752,host_360967): 0 -> 1
Cell (virus_3433752,host_258959): 0 -> 1
Cell (virus_1906673,host_105273): 0 -> 1
Cell (virus_1906673,host_105295): 0 -> 1
Cell (virus_1906673,host_187011): 0 -> 1
Cell (virus_1906673,host_51300): 0 -> 1
Cell (virus_1906673,host_246814): 0 -> 1
Cell (virus_1906673,host_59473): 0 -> 1
Cell (virus_1906673,host_633648): 0 -> 1
Cell (virus_1906673,host_258925): 0 -> 1
Cell (virus_1906673,host_177185): 0 -> 1
Cell (virus_1906673,host_685731): 0 -> 1
Cell (virus_1906673,host_157961): 0 -> 1
Cell (virus_1906673,host_166054): 0 -> 1
Cell (virus_1906673,host_328804): 0 -> 1
Cell (virus_1906673,host_9403): 0 -> 1
Cell (virus_1906673,host_1410044): 0 -> 1
Cell (virus_1906673,host_77231): 0 -> 1
Cell (virus_1906673,host_2853157): 0 -> 1
Cell (virus_1906673,host_372077): 0 -> 1
Cell (virus_1906673,host_58067): 0 -> 1
Cell (virus_1906673,host_448084): 0 -> 1
Cell (virus_1906673,host_58071): 0 -> 1
Cell (virus_1906673,host_77243): 0 -> 1
Cell (virus_1906673,host_58073): 0 -> 1
Cell (virus_1906673,host_77223): 0 -> 1
Cell (virus_1906673,host_9408): 0 -> 1
Cell (virus_1906673,host_58065): 0 -> 1
Cell (virus_1906673,host_1898386): 0 -> 1
Cell (virus_1906673,host_58060): 0 -> 1
Cell (virus_1906673,host_9400): 0 -> 1
Cell (virus_1906673,host_298110): 0 -> 1
Cell (virus_1906673,host_374419): 0 -> 1
Cell (virus_1906673,host_326081): 0 -> 1
Cell (virus_1906673,host_326083): 0 -> 1
Cell (virus_1906673,host_1381355): 0 -> 1
Cell (virus_1906673,host_187003): 0 -> 1
Cell (virus_1906673,host_907075): 0 -> 1
Cell (virus_1906673,host_40228): 0 -> 1
Cell (virus_1906673,host_40230): 0 -> 1
Cell (virus_1906673,host_89673): 0 -> 1
Cell (virus_1906673,host_3042450): 0 -> 1
Cell (virus_1906673,host_1434095): 0 -> 1
Cell (virus_1906673,host_221086): 0 -> 1
Cell (virus_1906673,host_291302): 0 -> 1
Cell (virus_1906673,host_187007): 0 -> 1
Cell (virus_1906673,host_187008): 0 -> 1
Cell (virus_1906673,host_438766): 0 -> 1
Cell (virus_1906673,host_479723): 0 -> 1
Cell (virus_1906673,host_3041509): 0 -> 1
Cell (virus_1906673,host_258867): 0 -> 1
Cell (virus_1906673,host_242384): 0 -> 1
Cell (virus_1906673,host_258863): 0 -> 1
Cell (virus_1906673,host_452595): 0 -> 1
Cell (virus_1906673,host_3370289): 0 -> 1
Cell (virus_1906673,host_999964): 0 -> 1
Cell (virus_1906673,host_9438): 0 -> 1
Cell (virus_1906673,host_153297): 0 -> 1
Cell (virus_1906673,host_258952): 0 -> 1
Cell (virus_1906673,host_258953): 0 -> 1
Cell (virus_1906673,host_249033): 0 -> 1
Cell (virus_1906673,host_258930): 0 -> 1
Cell (virus_1906673,host_272799): 0 -> 1
Cell (virus_1906673,host_258909): 0 -> 1
Cell (virus_1906673,host_909369): 0 -> 1
Cell (virus_1906673,host_29078): 0 -> 1
Cell (virus_1906673,host_3371014): 0 -> 1
Cell (virus_1906673,host_3371016): 0 -> 1
Cell (virus_1906673,host_360967): 0 -> 1
Cell (virus_1906673,host_258959): 0 -> 1
Cell (virus_1906673,host_526822): 0 -> 1
Cell (virus_3433785,host_105273): 0 -> 1
Cell (virus_3433785,host_105295): 0 -> 1
Cell (virus_3433785,host_187011): 0 -> 1
Cell (virus_3433785,host_51300): 0 -> 1
Cell (virus_3433785,host_246814): 0 -> 1
Cell (virus_3433785,host_59473): 0 -> 1
Cell (virus_3433785,host_633648): 0 -> 1
Cell (virus_3433785,host_258925): 0 -> 1
Cell (virus_3433785,host_177185): 0 -> 1
Cell (virus_3433785,host_685731): 0 -> 1
Cell (virus_3433785,host_157961): 0 -> 1
Cell (virus_3433785,host_166054): 0 -> 1
Cell (virus_3433785,host_328804): 0 -> 1
Cell (virus_3433785,host_9403): 0 -> 1
Cell (virus_3433785,host_1410044): 0 -> 1
Cell (virus_3433785,host_77231): 0 -> 1
Cell (virus_3433785,host_2853157): 0 -> 1
Cell (virus_3433785,host_372077): 0 -> 1
Cell (virus_3433785,host_58067): 0 -> 1
Cell (virus_3433785,host_448084): 0 -> 1
Cell (virus_3433785,host_58071): 0 -> 1
Cell (virus_3433785,host_77243): 0 -> 1
Cell (virus_3433785,host_58073): 0 -> 1
Cell (virus_3433785,host_77223): 0 -> 1
Cell (virus_3433785,host_9408): 0 -> 1
Cell (virus_3433785,host_58065): 0 -> 1
Cell (virus_3433785,host_1898386): 0 -> 1
Cell (virus_3433785,host_58060): 0 -> 1
Cell (virus_3433785,host_9400): 0 -> 1
Cell (virus_3433785,host_298110): 0 -> 1
Cell (virus_3433785,host_374419): 0 -> 1
Cell (virus_3433785,host_326081): 0 -> 1
Cell (virus_3433785,host_326083): 0 -> 1
Cell (virus_3433785,host_1381355): 0 -> 1
Cell (virus_3433785,host_187003): 0 -> 1
Cell (virus_3433785,host_907075): 0 -> 1
Cell (virus_3433785,host_40228): 0 -> 1
Cell (virus_3433785,host_40230): 0 -> 1
Cell (virus_3433785,host_89673): 0 -> 1
Cell (virus_3433785,host_3042450): 0 -> 1
Cell (virus_3433785,host_1434095): 0 -> 1
Cell (virus_3433785,host_221086): 0 -> 1
Cell (virus_3433785,host_291302): 0 -> 1
Cell (virus_3433785,host_187007): 0 -> 1
Cell (virus_3433785,host_187008): 0 -> 1
Cell (virus_3433785,host_438766): 0 -> 1
Cell (virus_3433785,host_479723): 0 -> 1
Cell (virus_3433785,host_3041509): 0 -> 1
Cell (virus_3433785,host_258867): 0 -> 1
Cell (virus_3433785,host_242384): 0 -> 1
Cell (virus_3433785,host_258863): 0 -> 1
Cell (virus_3433785,host_452595): 0 -> 1
Cell (virus_3433785,host_3370289): 0 -> 1
Cell (virus_3433785,host_999964): 0 -> 1
Cell (virus_3433785,host_9438): 0 -> 1
Cell (virus_3433785,host_153297): 0 -> 1
Cell (virus_3433785,host_258952): 0 -> 1
Cell (virus_3433785,host_258953): 0 -> 1
Cell (virus_3433785,host_249033): 0 -> 1
Cell (virus_3433785,host_258930): 0 -> 1
Cell (virus_3433785,host_272799): 0 -> 1
Cell (virus_3433785,host_258909): 0 -> 1
Cell (virus_3433785,host_909369): 0 -> 1
Cell (virus_3433785,host_29078): 0 -> 1
Cell (virus_3433785,host_3371014): 0 -> 1
Cell (virus_3433785,host_3371016): 0 -> 1
Cell (virus_3433785,host_360967): 0 -> 1
Cell (virus_3433785,host_258959): 0 -> 1
Cell (virus_3433785,host_526822): 0 -> 1
Cell (virus_2971263,host_105273): 0 -> 1
Cell (virus_2971263,host_105295): 0 -> 1
Cell (virus_2971263,host_187011): 0 -> 1
Cell (virus_2971263,host_51300): 0 -> 1
Cell (virus_2971263,host_246814): 0 -> 1
Cell (virus_2971263,host_59473): 0 -> 1
Cell (virus_2971263,host_633648): 0 -> 1
Cell (virus_2971263,host_258925): 0 -> 1
Cell (virus_2971263,host_177185): 0 -> 1
Cell (virus_2971263,host_685731): 0 -> 1
Cell (virus_2971263,host_157961): 0 -> 1
Cell (virus_2971263,host_124756): 0 -> 1
Cell (virus_2971263,host_166054): 0 -> 1
Cell (virus_2971263,host_328804): 0 -> 1
Cell (virus_2971263,host_9403): 0 -> 1
Cell (virus_2971263,host_1410044): 0 -> 1
Cell (virus_2971263,host_77231): 0 -> 1
Cell (virus_2971263,host_58067): 0 -> 1
Cell (virus_2971263,host_498220): 0 -> 1
Cell (virus_2971263,host_448084): 0 -> 1
Cell (virus_2971263,host_58071): 0 -> 1
Cell (virus_2971263,host_77243): 0 -> 1
Cell (virus_2971263,host_58073): 0 -> 1
Cell (virus_2971263,host_77223): 0 -> 1
Cell (virus_2971263,host_9408): 0 -> 1
Cell (virus_2971263,host_58065): 0 -> 1
Cell (virus_2971263,host_1898386): 0 -> 1
Cell (virus_2971263,host_58060): 0 -> 1
Cell (virus_2971263,host_9400): 0 -> 1
Cell (virus_2971263,host_298110): 0 -> 1
Cell (virus_2971263,host_374419): 0 -> 1
Cell (virus_2971263,host_1381355): 0 -> 1
Cell (virus_2971263,host_187003): 0 -> 1
Cell (virus_2971263,host_907075): 0 -> 1
Cell (virus_2971263,host_40228): 0 -> 1
Cell (virus_2971263,host_40230): 0 -> 1
Cell (virus_2971263,host_409031): 0 -> 1
Cell (virus_2971263,host_89673): 0 -> 1
Cell (virus_2971263,host_3042450): 0 -> 1
Cell (virus_2971263,host_1434095): 0 -> 1
Cell (virus_2971263,host_221086): 0 -> 1
Cell (virus_2971263,host_291302): 0 -> 1
Cell (virus_2971263,host_187007): 0 -> 1
Cell (virus_2971263,host_187008): 0 -> 1
Cell (virus_2971263,host_438766): 0 -> 1
Cell (virus_2971263,host_258934): 0 -> 1
Cell (virus_2971263,host_479723): 0 -> 1
Cell (virus_2971263,host_3041509): 0 -> 1
Cell (virus_2971263,host_258867): 0 -> 1
Cell (virus_2971263,host_452595): 0 -> 1
Cell (virus_2971263,host_3370289): 0 -> 1
Cell (virus_2971263,host_999964): 0 -> 1
Cell (virus_2971263,host_153297): 0 -> 1
Cell (virus_2971263,host_258952): 0 -> 1
Cell (virus_2971263,host_258953): 0 -> 1
Cell (virus_2971263,host_258930): 0 -> 1
Cell (virus_2971263,host_272799): 0 -> 1
Cell (virus_2971263,host_258909): 0 -> 1
Cell (virus_2971263,host_909369): 0 -> 1
Cell (virus_2971263,host_29078): 0 -> 1
Cell (virus_2971263,host_3371014): 0 -> 1
Cell (virus_2971263,host_3371016): 0 -> 1
Cell (virus_2971263,host_360967): 0 -> 1
Cell (virus_2971263,host_258959): 0 -> 1
Cell (virus_3433786,host_105273): 0 -> 1
Cell (virus_3433786,host_105295): 0 -> 1
Cell (virus_3433786,host_187011): 0 -> 1
Cell (virus_3433786,host_51300): 0 -> 1
Cell (virus_3433786,host_246814): 0 -> 1
Cell (virus_3433786,host_59473): 0 -> 1
Cell (virus_3433786,host_633648): 0 -> 1
Cell (virus_3433786,host_258925): 0 -> 1
Cell (virus_3433786,host_177185): 0 -> 1
Cell (virus_3433786,host_685731): 0 -> 1
Cell (virus_3433786,host_157961): 0 -> 1
Cell (virus_3433786,host_124756): 0 -> 1
Cell (virus_3433786,host_166054): 0 -> 1
Cell (virus_3433786,host_328804): 0 -> 1
Cell (virus_3433786,host_9403): 0 -> 1
Cell (virus_3433786,host_1410044): 0 -> 1
Cell (virus_3433786,host_77231): 0 -> 1
Cell (virus_3433786,host_58067): 0 -> 1
Cell (virus_3433786,host_498220): 0 -> 1
Cell (virus_3433786,host_448084): 0 -> 1
Cell (virus_3433786,host_58071): 0 -> 1
Cell (virus_3433786,host_77243): 0 -> 1
Cell (virus_3433786,host_58073): 0 -> 1
Cell (virus_3433786,host_77223): 0 -> 1
Cell (virus_3433786,host_9408): 0 -> 1
Cell (virus_3433786,host_58065): 0 -> 1
Cell (virus_3433786,host_1898386): 0 -> 1
Cell (virus_3433786,host_58060): 0 -> 1
Cell (virus_3433786,host_9400): 0 -> 1
Cell (virus_3433786,host_298110): 0 -> 1
Cell (virus_3433786,host_374419): 0 -> 1
Cell (virus_3433786,host_1381355): 0 -> 1
Cell (virus_3433786,host_187003): 0 -> 1
Cell (virus_3433786,host_907075): 0 -> 1
Cell (virus_3433786,host_40228): 0 -> 1
Cell (virus_3433786,host_40230): 0 -> 1
Cell (virus_3433786,host_409031): 0 -> 1
Cell (virus_3433786,host_89673): 0 -> 1
Cell (virus_3433786,host_3042450): 0 -> 1
Cell (virus_3433786,host_1434095): 0 -> 1
Cell (virus_3433786,host_221086): 0 -> 1
Cell (virus_3433786,host_291302): 0 -> 1
Cell (virus_3433786,host_187007): 0 -> 1
Cell (virus_3433786,host_187008): 0 -> 1
Cell (virus_3433786,host_438766): 0 -> 1
Cell (virus_3433786,host_258934): 0 -> 1
Cell (virus_3433786,host_479723): 0 -> 1
Cell (virus_3433786,host_3041509): 0 -> 1
Cell (virus_3433786,host_258867): 0 -> 1
Cell (virus_3433786,host_452595): 0 -> 1
Cell (virus_3433786,host_3370289): 0 -> 1
Cell (virus_3433786,host_999964): 0 -> 1
Cell (virus_3433786,host_153297): 0 -> 1
Cell (virus_3433786,host_258952): 0 -> 1
Cell (virus_3433786,host_258953): 0 -> 1
Cell (virus_3433786,host_258930): 0 -> 1
Cell (virus_3433786,host_272799): 0 -> 1
Cell (virus_3433786,host_258909): 0 -> 1
Cell (virus_3433786,host_909369): 0 -> 1
Cell (virus_3433786,host_29078): 0 -> 1
Cell (virus_3433786,host_3371014): 0 -> 1
Cell (virus_3433786,host_3371016): 0 -> 1
Cell (virus_3433786,host_360967): 0 -> 1
Cell (virus_3433786,host_258959): 0 -> 1
Cell (virus_2989482,host_105273): 0 -> 1
Cell (virus_2989482,host_105295): 0 -> 1
Cell (virus_2989482,host_187011): 0 -> 1
Cell (virus_2989482,host_51300): 0 -> 1
Cell (virus_2989482,host_246814): 0 -> 1
Cell (virus_2989482,host_59473): 0 -> 1
Cell (virus_2989482,host_633648): 0 -> 1
Cell (virus_2989482,host_258925): 0 -> 1
Cell (virus_2989482,host_177185): 0 -> 1
Cell (virus_2989482,host_685731): 0 -> 1
Cell (virus_2989482,host_157961): 0 -> 1
Cell (virus_2989482,host_166054): 0 -> 1
Cell (virus_2989482,host_196297): 0 -> 1
Cell (virus_2989482,host_328804): 0 -> 1
Cell (virus_2989482,host_9403): 0 -> 1
Cell (virus_2989482,host_58057): 0 -> 1
Cell (virus_2989482,host_1410044): 0 -> 1
Cell (virus_2989482,host_77231): 0 -> 1
Cell (virus_2989482,host_2853157): 0 -> 1
Cell (virus_2989482,host_372077): 0 -> 1
Cell (virus_2989482,host_58067): 0 -> 1
Cell (virus_2989482,host_498220): 0 -> 1
Cell (virus_2989482,host_448084): 0 -> 1
Cell (virus_2989482,host_58071): 0 -> 1
Cell (virus_2989482,host_77243): 0 -> 1
Cell (virus_2989482,host_58073): 0 -> 1
Cell (virus_2989482,host_77223): 0 -> 1
Cell (virus_2989482,host_9408): 0 -> 1
Cell (virus_2989482,host_58065): 0 -> 1
Cell (virus_2989482,host_1898386): 0 -> 1
Cell (virus_2989482,host_58060): 0 -> 1
Cell (virus_2989482,host_9400): 0 -> 1
Cell (virus_2989482,host_298110): 0 -> 1
Cell (virus_2989482,host_374419): 0 -> 1
Cell (virus_2989482,host_326081): 0 -> 1
Cell (virus_2989482,host_326083): 0 -> 1
Cell (virus_2989482,host_1381355): 0 -> 1
Cell (virus_2989482,host_187003): 0 -> 1
Cell (virus_2989482,host_907075): 0 -> 1
Cell (virus_2989482,host_40228): 0 -> 1
Cell (virus_2989482,host_40230): 0 -> 1
Cell (virus_2989482,host_409031): 0 -> 1
Cell (virus_2989482,host_89673): 0 -> 1
Cell (virus_2989482,host_3042450): 0 -> 1
Cell (virus_2989482,host_59472): 0 -> 1
Cell (virus_2989482,host_9414): 0 -> 1
Cell (virus_2989482,host_1434095): 0 -> 1
Cell (virus_2989482,host_221086): 0 -> 1
Cell (virus_2989482,host_291302): 0 -> 1
Cell (virus_2989482,host_187007): 0 -> 1
Cell (virus_2989482,host_187008): 0 -> 1
Cell (virus_2989482,host_438766): 0 -> 1
Cell (virus_2989482,host_258934): 0 -> 1
Cell (virus_2989482,host_479723): 0 -> 1
Cell (virus_2989482,host_3041509): 0 -> 1
Cell (virus_2989482,host_258867): 0 -> 1
Cell (virus_2989482,host_242384): 0 -> 1
Cell (virus_2989482,host_452595): 0 -> 1
Cell (virus_2989482,host_3370289): 0 -> 1
Cell (virus_2989482,host_999964): 0 -> 1
Cell (virus_2989482,host_153297): 0 -> 1
Cell (virus_2989482,host_258952): 0 -> 1
Cell (virus_2989482,host_258953): 0 -> 1
Cell (virus_2989482,host_258930): 0 -> 1
Cell (virus_2989482,host_272799): 0 -> 1
Cell (virus_2989482,host_258909): 0 -> 1
Cell (virus_2989482,host_909369): 0 -> 1
Cell (virus_2989482,host_29078): 0 -> 1
Cell (virus_2989482,host_3371014): 0 -> 1
Cell (virus_2989482,host_3371016): 0 -> 1
Cell (virus_2989482,host_3371021): 0 -> 1
Cell (virus_2989482,host_360967): 0 -> 1
Cell (virus_2989482,host_258959): 0 -> 1
Cell (virus_3433784,host_105273): 0 -> 1
Cell (virus_3433784,host_105295): 0 -> 1
Cell (virus_3433784,host_187011): 0 -> 1
Cell (virus_3433784,host_51300): 0 -> 1
Cell (virus_3433784,host_246814): 0 -> 1
Cell (virus_3433784,host_59473): 0 -> 1
Cell (virus_3433784,host_633648): 0 -> 1
Cell (virus_3433784,host_258925): 0 -> 1
Cell (virus_3433784,host_177185): 0 -> 1
Cell (virus_3433784,host_685731): 0 -> 1
Cell (virus_3433784,host_157961): 0 -> 1
Cell (virus_3433784,host_166054): 0 -> 1
Cell (virus_3433784,host_328804): 0 -> 1
Cell (virus_3433784,host_9403): 0 -> 1
Cell (virus_3433784,host_1410044): 0 -> 1
Cell (virus_3433784,host_77231): 0 -> 1
Cell (virus_3433784,host_2853157): 0 -> 1
Cell (virus_3433784,host_58067): 0 -> 1
Cell (virus_3433784,host_498220): 0 -> 1
Cell (virus_3433784,host_448084): 0 -> 1
Cell (virus_3433784,host_58071): 0 -> 1
Cell (virus_3433784,host_77243): 0 -> 1
Cell (virus_3433784,host_58073): 0 -> 1
Cell (virus_3433784,host_77223): 0 -> 1
Cell (virus_3433784,host_9408): 0 -> 1
Cell (virus_3433784,host_58065): 0 -> 1
Cell (virus_3433784,host_58063): 0 -> 1
Cell (virus_3433784,host_1898386): 0 -> 1
Cell (virus_3433784,host_58060): 0 -> 1
Cell (virus_3433784,host_9400): 0 -> 1
Cell (virus_3433784,host_298110): 0 -> 1
Cell (virus_3433784,host_374419): 0 -> 1
Cell (virus_3433784,host_326081): 0 -> 1
Cell (virus_3433784,host_326083): 0 -> 1
Cell (virus_3433784,host_1381355): 0 -> 1
Cell (virus_3433784,host_187003): 0 -> 1
Cell (virus_3433784,host_907075): 0 -> 1
Cell (virus_3433784,host_40228): 0 -> 1
Cell (virus_3433784,host_40230): 0 -> 1
Cell (virus_3433784,host_89673): 0 -> 1
Cell (virus_3433784,host_3042450): 0 -> 1
Cell (virus_3433784,host_1434095): 0 -> 1
Cell (virus_3433784,host_221086): 0 -> 1
Cell (virus_3433784,host_291302): 0 -> 1
Cell (virus_3433784,host_187007): 0 -> 1
Cell (virus_3433784,host_187008): 0 -> 1
Cell (virus_3433784,host_438766): 0 -> 1
Cell (virus_3433784,host_258934): 0 -> 1
Cell (virus_3433784,host_479723): 0 -> 1
Cell (virus_3433784,host_3041509): 0 -> 1
Cell (virus_3433784,host_258867): 0 -> 1
Cell (virus_3433784,host_242384): 0 -> 1
Cell (virus_3433784,host_258863): 0 -> 1
Cell (virus_3433784,host_452595): 0 -> 1
Cell (virus_3433784,host_3370289): 0 -> 1
Cell (virus_3433784,host_999964): 0 -> 1
Cell (virus_3433784,host_153297): 0 -> 1
Cell (virus_3433784,host_258952): 0 -> 1
Cell (virus_3433784,host_258953): 0 -> 1
Cell (virus_3433784,host_258930): 0 -> 1
Cell (virus_3433784,host_272799): 0 -> 1
Cell (virus_3433784,host_258909): 0 -> 1
Cell (virus_3433784,host_909369): 0 -> 1
Cell (virus_3433784,host_29078): 0 -> 1
Cell (virus_3433784,host_3371014): 0 -> 1
Cell (virus_3433784,host_3371016): 0 -> 1
Cell (virus_3433784,host_360967): 0 -> 1
Cell (virus_3433784,host_258959): 0 -> 1
Cell (virus_2691588,host_105273): 0 -> 1
Cell (virus_2691588,host_105295): 0 -> 1
Cell (virus_2691588,host_187011): 0 -> 1
Cell (virus_2691588,host_51300): 0 -> 1
Cell (virus_2691588,host_246814): 0 -> 1
Cell (virus_2691588,host_59473): 0 -> 1
Cell (virus_2691588,host_633648): 0 -> 1
Cell (virus_2691588,host_258925): 0 -> 1
Cell (virus_2691588,host_177185): 0 -> 1
Cell (virus_2691588,host_685731): 0 -> 1
Cell (virus_2691588,host_175524): 0 -> 1
Cell (virus_2691588,host_186991): 0 -> 1
Cell (virus_2691588,host_157961): 0 -> 1
Cell (virus_2691588,host_170233): 0 -> 1
Cell (virus_2691588,host_166054): 0 -> 1
Cell (virus_2691588,host_328804): 0 -> 1
Cell (virus_2691588,host_9403): 0 -> 1
Cell (virus_2691588,host_1410044): 0 -> 1
Cell (virus_2691588,host_1898389): 0 -> 1
Cell (virus_2691588,host_77231): 0 -> 1
Cell (virus_2691588,host_2853157): 0 -> 1
Cell (virus_2691588,host_58067): 0 -> 1
Cell (virus_2691588,host_498220): 0 -> 1
Cell (virus_2691588,host_448084): 0 -> 1
Cell (virus_2691588,host_58071): 0 -> 1
Cell (virus_2691588,host_58073): 0 -> 1
Cell (virus_2691588,host_1898393): 0 -> 1
Cell (virus_2691588,host_9407): 0 -> 1
Cell (virus_2691588,host_9408): 0 -> 1
Cell (virus_2691588,host_58065): 0 -> 1
Cell (virus_2691588,host_58063): 0 -> 1
Cell (virus_2691588,host_1898386): 0 -> 1
Cell (virus_2691588,host_58060): 0 -> 1
Cell (virus_2691588,host_9400): 0 -> 1
Cell (virus_2691588,host_298110): 0 -> 1
Cell (virus_2691588,host_77233): 0 -> 1
Cell (virus_2691588,host_374419): 0 -> 1
Cell (virus_2691588,host_326083): 0 -> 1
Cell (virus_2691588,host_1381355): 0 -> 1
Cell (virus_2691588,host_187003): 0 -> 1
Cell (virus_2691588,host_907075): 0 -> 1
Cell (virus_2691588,host_27634): 0 -> 1
Cell (virus_2691588,host_40228): 0 -> 1
Cell (virus_2691588,host_40230): 0 -> 1
Cell (virus_2691588,host_3042450): 0 -> 1
Cell (virus_2691588,host_1434095): 0 -> 1
Cell (virus_2691588,host_221086): 0 -> 1
Cell (virus_2691588,host_291302): 0 -> 1
Cell (virus_2691588,host_221087): 0 -> 1
Cell (virus_2691588,host_187007): 0 -> 1
Cell (virus_2691588,host_187008): 0 -> 1
Cell (virus_2691588,host_438766): 0 -> 1
Cell (virus_2691588,host_258934): 0 -> 1
Cell (virus_2691588,host_479723): 0 -> 1
Cell (virus_2691588,host_124751): 0 -> 1
Cell (virus_2691588,host_3041509): 0 -> 1
Cell (virus_2691588,host_258867): 0 -> 1
Cell (virus_2691588,host_242384): 0 -> 1
Cell (virus_2691588,host_258863): 0 -> 1
Cell (virus_2691588,host_452595): 0 -> 1
Cell (virus_2691588,host_3370289): 0 -> 1
Cell (virus_2691588,host_999964): 0 -> 1
Cell (virus_2691588,host_9438): 0 -> 1
Cell (virus_2691588,host_258952): 0 -> 1
Cell (virus_2691588,host_258953): 0 -> 1
Cell (virus_2691588,host_249033): 0 -> 1
Cell (virus_2691588,host_258930): 0 -> 1
Cell (virus_2691588,host_272799): 0 -> 1
Cell (virus_2691588,host_61862): 0 -> 1
Cell (virus_2691588,host_258909): 0 -> 1
Cell (virus_2691588,host_909369): 0 -> 1
Cell (virus_2691588,host_29078): 0 -> 1
Cell (virus_2691588,host_3371014): 0 -> 1
Cell (virus_2691588,host_3371016): 0 -> 1
Cell (virus_2691588,host_360967): 0 -> 1
Cell (virus_2691588,host_258959): 0 -> 1
Cell (virus_3433780,host_105273): 0 -> 1
Cell (virus_3433780,host_105295): 0 -> 1
Cell (virus_3433780,host_187011): 0 -> 1
Cell (virus_3433780,host_51300): 0 -> 1
Cell (virus_3433780,host_246814): 0 -> 1
Cell (virus_3433780,host_59473): 0 -> 1
Cell (virus_3433780,host_633648): 0 -> 1
Cell (virus_3433780,host_258925): 0 -> 1
Cell (virus_3433780,host_177185): 0 -> 1
Cell (virus_3433780,host_685731): 0 -> 1
Cell (virus_3433780,host_175524): 0 -> 1
Cell (virus_3433780,host_186991): 0 -> 1
Cell (virus_3433780,host_157961): 0 -> 1
Cell (virus_3433780,host_170233): 0 -> 1
Cell (virus_3433780,host_132908): 0 -> 1
Cell (virus_3433780,host_166054): 0 -> 1
Cell (virus_3433780,host_328804): 0 -> 1
Cell (virus_3433780,host_9403): 0 -> 1
Cell (virus_3433780,host_1410044): 0 -> 1
Cell (virus_3433780,host_1898389): 0 -> 1
Cell (virus_3433780,host_77231): 0 -> 1
Cell (virus_3433780,host_2853157): 0 -> 1
Cell (virus_3433780,host_58067): 0 -> 1
Cell (virus_3433780,host_498220): 0 -> 1
Cell (virus_3433780,host_448084): 0 -> 1
Cell (virus_3433780,host_58071): 0 -> 1
Cell (virus_3433780,host_58073): 0 -> 1
Cell (virus_3433780,host_1898393): 0 -> 1
Cell (virus_3433780,host_77223): 0 -> 1
Cell (virus_3433780,host_9407): 0 -> 1
Cell (virus_3433780,host_9408): 0 -> 1
Cell (virus_3433780,host_58065): 0 -> 1
Cell (virus_3433780,host_58063): 0 -> 1
Cell (virus_3433780,host_77214): 0 -> 1
Cell (virus_3433780,host_1898386): 0 -> 1
Cell (virus_3433780,host_58060): 0 -> 1
Cell (virus_3433780,host_9400): 0 -> 1
Cell (virus_3433780,host_298110): 0 -> 1
Cell (virus_3433780,host_77233): 0 -> 1
Cell (virus_3433780,host_374419): 0 -> 1
Cell (virus_3433780,host_326083): 0 -> 1
Cell (virus_3433780,host_1381355): 0 -> 1
Cell (virus_3433780,host_187003): 0 -> 1
Cell (virus_3433780,host_907075): 0 -> 1
Cell (virus_3433780,host_27634): 0 -> 1
Cell (virus_3433780,host_40228): 0 -> 1
Cell (virus_3433780,host_40230): 0 -> 1
Cell (virus_3433780,host_3042450): 0 -> 1
Cell (virus_3433780,host_1434095): 0 -> 1
Cell (virus_3433780,host_221086): 0 -> 1
Cell (virus_3433780,host_291302): 0 -> 1
Cell (virus_3433780,host_221087): 0 -> 1
Cell (virus_3433780,host_187007): 0 -> 1
Cell (virus_3433780,host_187008): 0 -> 1
Cell (virus_3433780,host_438766): 0 -> 1
Cell (virus_3433780,host_258934): 0 -> 1
Cell (virus_3433780,host_479723): 0 -> 1
Cell (virus_3433780,host_124751): 0 -> 1
Cell (virus_3433780,host_3041509): 0 -> 1
Cell (virus_3433780,host_258867): 0 -> 1
Cell (virus_3433780,host_242384): 0 -> 1
Cell (virus_3433780,host_258863): 0 -> 1
Cell (virus_3433780,host_452595): 0 -> 1
Cell (virus_3433780,host_3370289): 0 -> 1
Cell (virus_3433780,host_999964): 0 -> 1
Cell (virus_3433780,host_9438): 0 -> 1
Cell (virus_3433780,host_249034): 0 -> 1
Cell (virus_3433780,host_258952): 0 -> 1
Cell (virus_3433780,host_258953): 0 -> 1
Cell (virus_3433780,host_249033): 0 -> 1
Cell (virus_3433780,host_258930): 0 -> 1
Cell (virus_3433780,host_272799): 0 -> 1
Cell (virus_3433780,host_61862): 0 -> 1
Cell (virus_3433780,host_258909): 0 -> 1
Cell (virus_3433780,host_909369): 0 -> 1
Cell (virus_3433780,host_29078): 0 -> 1
Cell (virus_3433780,host_3371014): 0 -> 1
Cell (virus_3433780,host_3371016): 0 -> 1
Cell (virus_3433780,host_360967): 0 -> 1
Cell (virus_3433780,host_258959): 0 -> 1
Cell (virus_694000,host_105273): 0 -> 1
Cell (virus_694000,host_105295): 0 -> 1
Cell (virus_694000,host_187011): 0 -> 1
Cell (virus_694000,host_51300): 0 -> 1
Cell (virus_694000,host_246814): 0 -> 1
Cell (virus_694000,host_59473): 0 -> 1
Cell (virus_694000,host_633648): 0 -> 1
Cell (virus_694000,host_258925): 0 -> 1
Cell (virus_694000,host_177185): 0 -> 1
Cell (virus_694000,host_685731): 0 -> 1
Cell (virus_694000,host_175524): 0 -> 1
Cell (virus_694000,host_186991): 0 -> 1
Cell (virus_694000,host_157961): 0 -> 1
Cell (virus_694000,host_170233): 0 -> 1
Cell (virus_694000,host_132908): 0 -> 1
Cell (virus_694000,host_166054): 0 -> 1
Cell (virus_694000,host_328804): 0 -> 1
Cell (virus_694000,host_9403): 0 -> 1
Cell (virus_694000,host_1410044): 0 -> 1
Cell (virus_694000,host_1898389): 0 -> 1
Cell (virus_694000,host_77231): 0 -> 1
Cell (virus_694000,host_2853157): 0 -> 1
Cell (virus_694000,host_58067): 0 -> 1
Cell (virus_694000,host_498220): 0 -> 1
Cell (virus_694000,host_448084): 0 -> 1
Cell (virus_694000,host_58071): 0 -> 1
Cell (virus_694000,host_58073): 0 -> 1
Cell (virus_694000,host_1898393): 0 -> 1
Cell (virus_694000,host_77223): 0 -> 1
Cell (virus_694000,host_9407): 0 -> 1
Cell (virus_694000,host_9408): 0 -> 1
Cell (virus_694000,host_58065): 0 -> 1
Cell (virus_694000,host_58063): 0 -> 1
Cell (virus_694000,host_77214): 0 -> 1
Cell (virus_694000,host_1898386): 0 -> 1
Cell (virus_694000,host_58060): 0 -> 1
Cell (virus_694000,host_9400): 0 -> 1
Cell (virus_694000,host_298110): 0 -> 1
Cell (virus_694000,host_77233): 0 -> 1
Cell (virus_694000,host_374419): 0 -> 1
Cell (virus_694000,host_326083): 0 -> 1
Cell (virus_694000,host_1381355): 0 -> 1
Cell (virus_694000,host_187003): 0 -> 1
Cell (virus_694000,host_907075): 0 -> 1
Cell (virus_694000,host_27634): 0 -> 1
Cell (virus_694000,host_40228): 0 -> 1
Cell (virus_694000,host_40230): 0 -> 1
Cell (virus_694000,host_3042450): 0 -> 1
Cell (virus_694000,host_1434095): 0 -> 1
Cell (virus_694000,host_221086): 0 -> 1
Cell (virus_694000,host_291302): 0 -> 1
Cell (virus_694000,host_221087): 0 -> 1
Cell (virus_694000,host_187007): 0 -> 1
Cell (virus_694000,host_187008): 0 -> 1
Cell (virus_694000,host_438766): 0 -> 1
Cell (virus_694000,host_258934): 0 -> 1
Cell (virus_694000,host_479723): 0 -> 1
Cell (virus_694000,host_124751): 0 -> 1
Cell (virus_694000,host_3041509): 0 -> 1
Cell (virus_694000,host_258867): 0 -> 1
Cell (virus_694000,host_242384): 0 -> 1
Cell (virus_694000,host_258863): 0 -> 1
Cell (virus_694000,host_452595): 0 -> 1
Cell (virus_694000,host_3370289): 0 -> 1
Cell (virus_694000,host_999964): 0 -> 1
Cell (virus_694000,host_9438): 0 -> 1
Cell (virus_694000,host_249034): 0 -> 1
Cell (virus_694000,host_258952): 0 -> 1
Cell (virus_694000,host_258953): 0 -> 1
Cell (virus_694000,host_249033): 0 -> 1
Cell (virus_694000,host_258930): 0 -> 1
Cell (virus_694000,host_272799): 0 -> 1
Cell (virus_694000,host_61862): 0 -> 1
Cell (virus_694000,host_258909): 0 -> 1
Cell (virus_694000,host_909369): 0 -> 1
Cell (virus_694000,host_29078): 0 -> 1
Cell (virus_694000,host_3371014): 0 -> 1
Cell (virus_694000,host_3371016): 0 -> 1
Cell (virus_694000,host_360967): 0 -> 1
Cell (virus_694000,host_258959): 0 -> 1
Cell (virus_3119327,host_105295): 0 -> 1
Cell (virus_3119327,host_187011): 0 -> 1
Cell (virus_3119327,host_51300): 0 -> 1
Cell (virus_3119327,host_246814): 0 -> 1
Cell (virus_3119327,host_59473): 0 -> 1
Cell (virus_3119327,host_633648): 0 -> 1
Cell (virus_3119327,host_258925): 0 -> 1
Cell (virus_3119327,host_177185): 0 -> 1
Cell (virus_3119327,host_685731): 0 -> 1
Cell (virus_3119327,host_1207989): 0 -> 1
Cell (virus_3119327,host_175524): 0 -> 1
Cell (virus_3119327,host_186991): 0 -> 1
Cell (virus_3119327,host_157961): 0 -> 1
Cell (virus_3119327,host_170233): 0 -> 1
Cell (virus_3119327,host_166054): 0 -> 1
Cell (virus_3119327,host_196297): 0 -> 1
Cell (virus_3119327,host_328804): 0 -> 1
Cell (virus_3119327,host_9403): 0 -> 1
Cell (virus_3119327,host_1410044): 0 -> 1
Cell (virus_3119327,host_1898389): 0 -> 1
Cell (virus_3119327,host_77231): 0 -> 1
Cell (virus_3119327,host_2853157): 0 -> 1
Cell (virus_3119327,host_58067): 0 -> 1
Cell (virus_3119327,host_498220): 0 -> 1
Cell (virus_3119327,host_448084): 0 -> 1
Cell (virus_3119327,host_58071): 0 -> 1
Cell (virus_3119327,host_58073): 0 -> 1
Cell (virus_3119327,host_77223): 0 -> 1
Cell (virus_3119327,host_9407): 0 -> 1
Cell (virus_3119327,host_9408): 0 -> 1
Cell (virus_3119327,host_58065): 0 -> 1
Cell (virus_3119327,host_58063): 0 -> 1
Cell (virus_3119327,host_1898386): 0 -> 1
Cell (virus_3119327,host_58060): 0 -> 1
Cell (virus_3119327,host_9400): 0 -> 1
Cell (virus_3119327,host_298110): 0 -> 1
Cell (virus_3119327,host_374419): 0 -> 1
Cell (virus_3119327,host_326081): 0 -> 1
Cell (virus_3119327,host_326083): 0 -> 1
Cell (virus_3119327,host_1381355): 0 -> 1
Cell (virus_3119327,host_187003): 0 -> 1
Cell (virus_3119327,host_907075): 0 -> 1
Cell (virus_3119327,host_27634): 0 -> 1
Cell (virus_3119327,host_40228): 0 -> 1
Cell (virus_3119327,host_40230): 0 -> 1
Cell (virus_3119327,host_3042450): 0 -> 1
Cell (virus_3119327,host_1434095): 0 -> 1
Cell (virus_3119327,host_221086): 0 -> 1
Cell (virus_3119327,host_291302): 0 -> 1
Cell (virus_3119327,host_221087): 0 -> 1
Cell (virus_3119327,host_187007): 0 -> 1
Cell (virus_3119327,host_187008): 0 -> 1
Cell (virus_3119327,host_438766): 0 -> 1
Cell (virus_3119327,host_258934): 0 -> 1
Cell (virus_3119327,host_479723): 0 -> 1
Cell (virus_3119327,host_124751): 0 -> 1
Cell (virus_3119327,host_3041509): 0 -> 1
Cell (virus_3119327,host_258867): 0 -> 1
Cell (virus_3119327,host_242384): 0 -> 1
Cell (virus_3119327,host_258863): 0 -> 1
Cell (virus_3119327,host_452595): 0 -> 1
Cell (virus_3119327,host_3370289): 0 -> 1
Cell (virus_3119327,host_999964): 0 -> 1
Cell (virus_3119327,host_9438): 0 -> 1
Cell (virus_3119327,host_258952): 0 -> 1
Cell (virus_3119327,host_258953): 0 -> 1
Cell (virus_3119327,host_249033): 0 -> 1
Cell (virus_3119327,host_258930): 0 -> 1
Cell (virus_3119327,host_272799): 0 -> 1
Cell (virus_3119327,host_258909): 0 -> 1
Cell (virus_3119327,host_909369): 0 -> 1
Cell (virus_3119327,host_29078): 0 -> 1
Cell (virus_3119327,host_3371014): 0 -> 1
Cell (virus_3119327,host_3371016): 0 -> 1
Cell (virus_3119327,host_360967): 0 -> 1
Cell (virus_3119327,host_258959): 0 -> 1
Cell (virus_2809631,host_105273): 0 -> 1
Cell (virus_2809631,host_105295): 0 -> 1
Cell (virus_2809631,host_187011): 0 -> 1
Cell (virus_2809631,host_51300): 0 -> 1
Cell (virus_2809631,host_246814): 0 -> 1
Cell (virus_2809631,host_294653): 0 -> 1
Cell (virus_2809631,host_59473): 0 -> 1
Cell (virus_2809631,host_633648): 0 -> 1
Cell (virus_2809631,host_258925): 0 -> 1
Cell (virus_2809631,host_177185): 0 -> 1
Cell (virus_2809631,host_685731): 0 -> 1
Cell (virus_2809631,host_1207989): 0 -> 1
Cell (virus_2809631,host_175524): 0 -> 1
Cell (virus_2809631,host_186991): 0 -> 1
Cell (virus_2809631,host_157961): 0 -> 1
Cell (virus_2809631,host_270698): 0 -> 1
Cell (virus_2809631,host_170233): 0 -> 1
Cell (virus_2809631,host_166054): 0 -> 1
Cell (virus_2809631,host_196297): 0 -> 1
Cell (virus_2809631,host_328804): 0 -> 1
Cell (virus_2809631,host_9403): 0 -> 1
Cell (virus_2809631,host_1410044): 0 -> 1
Cell (virus_2809631,host_1898389): 0 -> 1
Cell (virus_2809631,host_77231): 0 -> 1
Cell (virus_2809631,host_2853157): 0 -> 1
Cell (virus_2809631,host_58067): 0 -> 1
Cell (virus_2809631,host_498220): 0 -> 1
Cell (virus_2809631,host_448084): 0 -> 1
Cell (virus_2809631,host_58071): 0 -> 1
Cell (virus_2809631,host_58073): 0 -> 1
Cell (virus_2809631,host_77223): 0 -> 1
Cell (virus_2809631,host_9407): 0 -> 1
Cell (virus_2809631,host_9408): 0 -> 1
Cell (virus_2809631,host_58065): 0 -> 1
Cell (virus_2809631,host_58063): 0 -> 1
Cell (virus_2809631,host_1898386): 0 -> 1
Cell (virus_2809631,host_58060): 0 -> 1
Cell (virus_2809631,host_9400): 0 -> 1
Cell (virus_2809631,host_298110): 0 -> 1
Cell (virus_2809631,host_374419): 0 -> 1
Cell (virus_2809631,host_326081): 0 -> 1
Cell (virus_2809631,host_326083): 0 -> 1
Cell (virus_2809631,host_1381355): 0 -> 1
Cell (virus_2809631,host_187003): 0 -> 1
Cell (virus_2809631,host_907075): 0 -> 1
Cell (virus_2809631,host_40228): 0 -> 1
Cell (virus_2809631,host_40230): 0 -> 1
Cell (virus_2809631,host_3042450): 0 -> 1
Cell (virus_2809631,host_1434095): 0 -> 1
Cell (virus_2809631,host_221086): 0 -> 1
Cell (virus_2809631,host_291302): 0 -> 1
Cell (virus_2809631,host_221087): 0 -> 1
Cell (virus_2809631,host_187007): 0 -> 1
Cell (virus_2809631,host_187008): 0 -> 1
Cell (virus_2809631,host_438766): 0 -> 1
Cell (virus_2809631,host_258934): 0 -> 1
Cell (virus_2809631,host_3041509): 0 -> 1
Cell (virus_2809631,host_258867): 0 -> 1
Cell (virus_2809631,host_258863): 0 -> 1
Cell (virus_2809631,host_452595): 0 -> 1
Cell (virus_2809631,host_3370289): 0 -> 1
Cell (virus_2809631,host_999964): 0 -> 1
Cell (virus_2809631,host_9438): 0 -> 1
Cell (virus_2809631,host_258952): 0 -> 1
Cell (virus_2809631,host_258953): 0 -> 1
Cell (virus_2809631,host_249033): 0 -> 1
Cell (virus_2809631,host_258930): 0 -> 1
Cell (virus_2809631,host_272799): 0 -> 1
Cell (virus_2809631,host_258909): 0 -> 1
Cell (virus_2809631,host_909369): 0 -> 1
Cell (virus_2809631,host_29078): 0 -> 1
Cell (virus_2809631,host_3371014): 0 -> 1
Cell (virus_2809631,host_3371016): 0 -> 1
Cell (virus_2809631,host_360967): 0 -> 1
Cell (virus_2809631,host_258959): 0 -> 1
Cell (virus_2809631,host_59485): 0 -> 1
Cell (virus_3433779,host_105273): 0 -> 1
Cell (virus_3433779,host_105295): 0 -> 1
Cell (virus_3433779,host_187011): 0 -> 1
Cell (virus_3433779,host_51300): 0 -> 1
Cell (virus_3433779,host_246814): 0 -> 1
Cell (virus_3433779,host_294653): 0 -> 1
Cell (virus_3433779,host_59473): 0 -> 1
Cell (virus_3433779,host_633648): 0 -> 1
Cell (virus_3433779,host_258925): 0 -> 1
Cell (virus_3433779,host_177185): 0 -> 1
Cell (virus_3433779,host_685731): 0 -> 1
Cell (virus_3433779,host_1207989): 0 -> 1
Cell (virus_3433779,host_188569): 0 -> 1
Cell (virus_3433779,host_175524): 0 -> 1
Cell (virus_3433779,host_186991): 0 -> 1
Cell (virus_3433779,host_157961): 0 -> 1
Cell (virus_3433779,host_170233): 0 -> 1
Cell (virus_3433779,host_166054): 0 -> 1
Cell (virus_3433779,host_196297): 0 -> 1
Cell (virus_3433779,host_328804): 0 -> 1
Cell (virus_3433779,host_9403): 0 -> 1
Cell (virus_3433779,host_1410044): 0 -> 1
Cell (virus_3433779,host_1898389): 0 -> 1
Cell (virus_3433779,host_77231): 0 -> 1
Cell (virus_3433779,host_2853157): 0 -> 1
Cell (virus_3433779,host_58067): 0 -> 1
Cell (virus_3433779,host_498220): 0 -> 1
Cell (virus_3433779,host_448084): 0 -> 1
Cell (virus_3433779,host_58071): 0 -> 1
Cell (virus_3433779,host_58073): 0 -> 1
Cell (virus_3433779,host_77223): 0 -> 1
Cell (virus_3433779,host_9407): 0 -> 1
Cell (virus_3433779,host_9408): 0 -> 1
Cell (virus_3433779,host_58065): 0 -> 1
Cell (virus_3433779,host_58063): 0 -> 1
Cell (virus_3433779,host_1898386): 0 -> 1
Cell (virus_3433779,host_58060): 0 -> 1
Cell (virus_3433779,host_9400): 0 -> 1
Cell (virus_3433779,host_298110): 0 -> 1
Cell (virus_3433779,host_374419): 0 -> 1
Cell (virus_3433779,host_326081): 0 -> 1
Cell (virus_3433779,host_326083): 0 -> 1
Cell (virus_3433779,host_1381355): 0 -> 1
Cell (virus_3433779,host_187003): 0 -> 1
Cell (virus_3433779,host_907075): 0 -> 1
Cell (virus_3433779,host_40228): 0 -> 1
Cell (virus_3433779,host_40230): 0 -> 1
Cell (virus_3433779,host_40224): 0 -> 1
Cell (virus_3433779,host_3042450): 0 -> 1
Cell (virus_3433779,host_1434095): 0 -> 1
Cell (virus_3433779,host_221086): 0 -> 1
Cell (virus_3433779,host_291302): 0 -> 1
Cell (virus_3433779,host_221087): 0 -> 1
Cell (virus_3433779,host_187007): 0 -> 1
Cell (virus_3433779,host_187008): 0 -> 1
Cell (virus_3433779,host_438766): 0 -> 1
Cell (virus_3433779,host_258934): 0 -> 1
Cell (virus_3433779,host_3041509): 0 -> 1
Cell (virus_3433779,host_258867): 0 -> 1
Cell (virus_3433779,host_258863): 0 -> 1
Cell (virus_3433779,host_452595): 0 -> 1
Cell (virus_3433779,host_3370289): 0 -> 1
Cell (virus_3433779,host_999964): 0 -> 1
Cell (virus_3433779,host_9438): 0 -> 1
Cell (virus_3433779,host_258952): 0 -> 1
Cell (virus_3433779,host_258953): 0 -> 1
Cell (virus_3433779,host_249033): 0 -> 1
Cell (virus_3433779,host_258930): 0 -> 1
Cell (virus_3433779,host_272799): 0 -> 1
Cell (virus_3433779,host_258909): 0 -> 1
Cell (virus_3433779,host_909369): 0 -> 1
Cell (virus_3433779,host_29078): 0 -> 1
Cell (virus_3433779,host_3371014): 0 -> 1
Cell (virus_3433779,host_3371016): 0 -> 1
Cell (virus_3433779,host_360967): 0 -> 1
Cell (virus_3433779,host_258959): 0 -> 1
Cell (virus_3433779,host_59485): 0 -> 1
Cell (virus_694001,host_105273): 0 -> 1
Cell (virus_694001,host_105295): 0 -> 1
Cell (virus_694001,host_187011): 0 -> 1
Cell (virus_694001,host_51300): 0 -> 1
Cell (virus_694001,host_246814): 0 -> 1
Cell (virus_694001,host_294653): 0 -> 1
Cell (virus_694001,host_59473): 0 -> 1
Cell (virus_694001,host_633648): 0 -> 1
Cell (virus_694001,host_258925): 0 -> 1
Cell (virus_694001,host_177185): 0 -> 1
Cell (virus_694001,host_685731): 0 -> 1
Cell (virus_694001,host_1207989): 0 -> 1
Cell (virus_694001,host_188569): 0 -> 1
Cell (virus_694001,host_175524): 0 -> 1
Cell (virus_694001,host_186991): 0 -> 1
Cell (virus_694001,host_157961): 0 -> 1
Cell (virus_694001,host_170233): 0 -> 1
Cell (virus_694001,host_166054): 0 -> 1
Cell (virus_694001,host_196297): 0 -> 1
Cell (virus_694001,host_328804): 0 -> 1
Cell (virus_694001,host_9403): 0 -> 1
Cell (virus_694001,host_1410044): 0 -> 1
Cell (virus_694001,host_1898389): 0 -> 1
Cell (virus_694001,host_77231): 0 -> 1
Cell (virus_694001,host_2853157): 0 -> 1
Cell (virus_694001,host_58067): 0 -> 1
Cell (virus_694001,host_498220): 0 -> 1
Cell (virus_694001,host_448084): 0 -> 1
Cell (virus_694001,host_58071): 0 -> 1
Cell (virus_694001,host_58073): 0 -> 1
Cell (virus_694001,host_77223): 0 -> 1
Cell (virus_694001,host_9407): 0 -> 1
Cell (virus_694001,host_9408): 0 -> 1
Cell (virus_694001,host_58065): 0 -> 1
Cell (virus_694001,host_58063): 0 -> 1
Cell (virus_694001,host_1898386): 0 -> 1
Cell (virus_694001,host_58060): 0 -> 1
Cell (virus_694001,host_9400): 0 -> 1
Cell (virus_694001,host_298110): 0 -> 1
Cell (virus_694001,host_374419): 0 -> 1
Cell (virus_694001,host_326081): 0 -> 1
Cell (virus_694001,host_326083): 0 -> 1
Cell (virus_694001,host_1381355): 0 -> 1
Cell (virus_694001,host_187003): 0 -> 1
Cell (virus_694001,host_907075): 0 -> 1
Cell (virus_694001,host_40228): 0 -> 1
Cell (virus_694001,host_40230): 0 -> 1
Cell (virus_694001,host_40224): 0 -> 1
Cell (virus_694001,host_3042450): 0 -> 1
Cell (virus_694001,host_1434095): 0 -> 1
Cell (virus_694001,host_221086): 0 -> 1
Cell (virus_694001,host_291302): 0 -> 1
Cell (virus_694001,host_221087): 0 -> 1
Cell (virus_694001,host_187007): 0 -> 1
Cell (virus_694001,host_187008): 0 -> 1
Cell (virus_694001,host_438766): 0 -> 1
Cell (virus_694001,host_258934): 0 -> 1
Cell (virus_694001,host_3041509): 0 -> 1
Cell (virus_694001,host_258867): 0 -> 1
Cell (virus_694001,host_258863): 0 -> 1
Cell (virus_694001,host_452595): 0 -> 1
Cell (virus_694001,host_3370289): 0 -> 1
Cell (virus_694001,host_999964): 0 -> 1
Cell (virus_694001,host_9438): 0 -> 1
Cell (virus_694001,host_258952): 0 -> 1
Cell (virus_694001,host_258953): 0 -> 1
Cell (virus_694001,host_249033): 0 -> 1
Cell (virus_694001,host_258930): 0 -> 1
Cell (virus_694001,host_272799): 0 -> 1
Cell (virus_694001,host_258909): 0 -> 1
Cell (virus_694001,host_909369): 0 -> 1
Cell (virus_694001,host_29078): 0 -> 1
Cell (virus_694001,host_3371014): 0 -> 1
Cell (virus_694001,host_3371016): 0 -> 1
Cell (virus_694001,host_360967): 0 -> 1
Cell (virus_694001,host_258959): 0 -> 1
Cell (virus_694001,host_59485): 0 -> 1
Cell (virus_3027594,host_105273): 0 -> 1
Cell (virus_3027594,host_105295): 0 -> 1
Cell (virus_3027594,host_187011): 0 -> 1
Cell (virus_3027594,host_51300): 0 -> 1
Cell (virus_3027594,host_246814): 0 -> 1
Cell (virus_3027594,host_59473): 0 -> 1
Cell (virus_3027594,host_633648): 0 -> 1
Cell (virus_3027594,host_258925): 0 -> 1
Cell (virus_3027594,host_177185): 0 -> 1
Cell (virus_3027594,host_187017): 0 -> 1
Cell (virus_3027594,host_1207989): 0 -> 1
Cell (virus_3027594,host_188569): 0 -> 1
Cell (virus_3027594,host_175524): 0 -> 1
Cell (virus_3027594,host_186991): 0 -> 1
Cell (virus_3027594,host_157961): 0 -> 1
Cell (virus_3027594,host_170233): 0 -> 1
Cell (virus_3027594,host_166054): 0 -> 1
Cell (virus_3027594,host_328804): 0 -> 1
Cell (virus_3027594,host_9403): 0 -> 1
Cell (virus_3027594,host_1410044): 0 -> 1
Cell (virus_3027594,host_1898389): 0 -> 1
Cell (virus_3027594,host_77231): 0 -> 1
Cell (virus_3027594,host_2853157): 0 -> 1
Cell (virus_3027594,host_58067): 0 -> 1
Cell (virus_3027594,host_498220): 0 -> 1
Cell (virus_3027594,host_448084): 0 -> 1
Cell (virus_3027594,host_58071): 0 -> 1
Cell (virus_3027594,host_77243): 0 -> 1
Cell (virus_3027594,host_58073): 0 -> 1
Cell (virus_3027594,host_77223): 0 -> 1
Cell (virus_3027594,host_9407): 0 -> 1
Cell (virus_3027594,host_9408): 0 -> 1
Cell (virus_3027594,host_58065): 0 -> 1
Cell (virus_3027594,host_58063): 0 -> 1
Cell (virus_3027594,host_1898386): 0 -> 1
Cell (virus_3027594,host_58060): 0 -> 1
Cell (virus_3027594,host_9400): 0 -> 1
Cell (virus_3027594,host_298110): 0 -> 1
Cell (virus_3027594,host_374419): 0 -> 1
Cell (virus_3027594,host_326081): 0 -> 1
Cell (virus_3027594,host_1381355): 0 -> 1
Cell (virus_3027594,host_187003): 0 -> 1
Cell (virus_3027594,host_907075): 0 -> 1
Cell (virus_3027594,host_27634): 0 -> 1
Cell (virus_3027594,host_40230): 0 -> 1
Cell (virus_3027594,host_3042450): 0 -> 1
Cell (virus_3027594,host_9414): 0 -> 1
Cell (virus_3027594,host_1434095): 0 -> 1
Cell (virus_3027594,host_221086): 0 -> 1
Cell (virus_3027594,host_291302): 0 -> 1
Cell (virus_3027594,host_221087): 0 -> 1
Cell (virus_3027594,host_187007): 0 -> 1
Cell (virus_3027594,host_187008): 0 -> 1
Cell (virus_3027594,host_438766): 0 -> 1
Cell (virus_3027594,host_258934): 0 -> 1
Cell (virus_3027594,host_124751): 0 -> 1
Cell (virus_3027594,host_3041509): 0 -> 1
Cell (virus_3027594,host_258867): 0 -> 1
Cell (virus_3027594,host_242384): 0 -> 1
Cell (virus_3027594,host_258863): 0 -> 1
Cell (virus_3027594,host_452595): 0 -> 1
Cell (virus_3027594,host_3370289): 0 -> 1
Cell (virus_3027594,host_999964): 0 -> 1
Cell (virus_3027594,host_9438): 0 -> 1
Cell (virus_3027594,host_249034): 0 -> 1
Cell (virus_3027594,host_258952): 0 -> 1
Cell (virus_3027594,host_258953): 0 -> 1
Cell (virus_3027594,host_258930): 0 -> 1
Cell (virus_3027594,host_272799): 0 -> 1
Cell (virus_3027594,host_258909): 0 -> 1
Cell (virus_3027594,host_909369): 0 -> 1
Cell (virus_3027594,host_29078): 0 -> 1
Cell (virus_3027594,host_3371014): 0 -> 1
Cell (virus_3027594,host_3371016): 0 -> 1
Cell (virus_3027594,host_360967): 0 -> 1
Cell (virus_3027594,host_258959): 0 -> 1
Cell (virus_3433782,host_105273): 0 -> 1
Cell (virus_3433782,host_105295): 0 -> 1
Cell (virus_3433782,host_187011): 0 -> 1
Cell (virus_3433782,host_51300): 0 -> 1
Cell (virus_3433782,host_246814): 0 -> 1
Cell (virus_3433782,host_59473): 0 -> 1
Cell (virus_3433782,host_633648): 0 -> 1
Cell (virus_3433782,host_258925): 0 -> 1
Cell (virus_3433782,host_177185): 0 -> 1
Cell (virus_3433782,host_187017): 0 -> 1
Cell (virus_3433782,host_685731): 0 -> 1
Cell (virus_3433782,host_1207989): 0 -> 1
Cell (virus_3433782,host_188569): 0 -> 1
Cell (virus_3433782,host_175524): 0 -> 1
Cell (virus_3433782,host_186991): 0 -> 1
Cell (virus_3433782,host_157961): 0 -> 1
Cell (virus_3433782,host_170233): 0 -> 1
Cell (virus_3433782,host_166054): 0 -> 1
Cell (virus_3433782,host_196297): 0 -> 1
Cell (virus_3433782,host_328804): 0 -> 1
Cell (virus_3433782,host_9403): 0 -> 1
Cell (virus_3433782,host_1410044): 0 -> 1
Cell (virus_3433782,host_1898389): 0 -> 1
Cell (virus_3433782,host_77231): 0 -> 1
Cell (virus_3433782,host_2853157): 0 -> 1
Cell (virus_3433782,host_58067): 0 -> 1
Cell (virus_3433782,host_498220): 0 -> 1
Cell (virus_3433782,host_448084): 0 -> 1
Cell (virus_3433782,host_58071): 0 -> 1
Cell (virus_3433782,host_77243): 0 -> 1
Cell (virus_3433782,host_58073): 0 -> 1
Cell (virus_3433782,host_77223): 0 -> 1
Cell (virus_3433782,host_9407): 0 -> 1
Cell (virus_3433782,host_9408): 0 -> 1
Cell (virus_3433782,host_58065): 0 -> 1
Cell (virus_3433782,host_58063): 0 -> 1
Cell (virus_3433782,host_1898386): 0 -> 1
Cell (virus_3433782,host_58060): 0 -> 1
Cell (virus_3433782,host_9400): 0 -> 1
Cell (virus_3433782,host_298110): 0 -> 1
Cell (virus_3433782,host_374419): 0 -> 1
Cell (virus_3433782,host_326081): 0 -> 1
Cell (virus_3433782,host_1381355): 0 -> 1
Cell (virus_3433782,host_187003): 0 -> 1
Cell (virus_3433782,host_907075): 0 -> 1
Cell (virus_3433782,host_27634): 0 -> 1
Cell (virus_3433782,host_40230): 0 -> 1
Cell (virus_3433782,host_3042450): 0 -> 1
Cell (virus_3433782,host_1434095): 0 -> 1
Cell (virus_3433782,host_221086): 0 -> 1
Cell (virus_3433782,host_291302): 0 -> 1
Cell (virus_3433782,host_221087): 0 -> 1
Cell (virus_3433782,host_187007): 0 -> 1
Cell (virus_3433782,host_187008): 0 -> 1
Cell (virus_3433782,host_438766): 0 -> 1
Cell (virus_3433782,host_258934): 0 -> 1
Cell (virus_3433782,host_124751): 0 -> 1
Cell (virus_3433782,host_3041509): 0 -> 1
Cell (virus_3433782,host_258867): 0 -> 1
Cell (virus_3433782,host_242384): 0 -> 1
Cell (virus_3433782,host_258863): 0 -> 1
Cell (virus_3433782,host_452595): 0 -> 1
Cell (virus_3433782,host_3370289): 0 -> 1
Cell (virus_3433782,host_999964): 0 -> 1
Cell (virus_3433782,host_9438): 0 -> 1
Cell (virus_3433782,host_249034): 0 -> 1
Cell (virus_3433782,host_258952): 0 -> 1
Cell (virus_3433782,host_258953): 0 -> 1
Cell (virus_3433782,host_258930): 0 -> 1
Cell (virus_3433782,host_272799): 0 -> 1
Cell (virus_3433782,host_258909): 0 -> 1
Cell (virus_3433782,host_909369): 0 -> 1
Cell (virus_3433782,host_29078): 0 -> 1
Cell (virus_3433782,host_3371014): 0 -> 1
Cell (virus_3433782,host_3371016): 0 -> 1
Cell (virus_3433782,host_360967): 0 -> 1
Cell (virus_3433782,host_258959): 0 -> 1
Cell (virus_3027595,host_105273): 0 -> 1
Cell (virus_3027595,host_105295): 0 -> 1
Cell (virus_3027595,host_187011): 0 -> 1
Cell (virus_3027595,host_375553): 0 -> 1
Cell (virus_3027595,host_51300): 0 -> 1
Cell (virus_3027595,host_246814): 0 -> 1
Cell (virus_3027595,host_59473): 0 -> 1
Cell (virus_3027595,host_633648): 0 -> 1
Cell (virus_3027595,host_258925): 0 -> 1
Cell (virus_3027595,host_177185): 0 -> 1
Cell (virus_3027595,host_685731): 0 -> 1
Cell (virus_3027595,host_1207989): 0 -> 1
Cell (virus_3027595,host_188569): 0 -> 1
Cell (virus_3027595,host_175524): 0 -> 1
Cell (virus_3027595,host_186991): 0 -> 1
Cell (virus_3027595,host_157961): 0 -> 1
Cell (virus_3027595,host_170233): 0 -> 1
Cell (virus_3027595,host_2603865): 0 -> 1
Cell (virus_3027595,host_166054): 0 -> 1
Cell (virus_3027595,host_328804): 0 -> 1
Cell (virus_3027595,host_9403): 0 -> 1
Cell (virus_3027595,host_1410044): 0 -> 1
Cell (virus_3027595,host_1898389): 0 -> 1
Cell (virus_3027595,host_77231): 0 -> 1
Cell (virus_3027595,host_2853157): 0 -> 1
Cell (virus_3027595,host_58067): 0 -> 1
Cell (virus_3027595,host_498220): 0 -> 1
Cell (virus_3027595,host_448084): 0 -> 1
Cell (virus_3027595,host_58071): 0 -> 1
Cell (virus_3027595,host_58073): 0 -> 1
Cell (virus_3027595,host_77223): 0 -> 1
Cell (virus_3027595,host_9407): 0 -> 1
Cell (virus_3027595,host_9408): 0 -> 1
Cell (virus_3027595,host_58065): 0 -> 1
Cell (virus_3027595,host_1898386): 0 -> 1
Cell (virus_3027595,host_58060): 0 -> 1
Cell (virus_3027595,host_9400): 0 -> 1
Cell (virus_3027595,host_298110): 0 -> 1
Cell (virus_3027595,host_374419): 0 -> 1
Cell (virus_3027595,host_326081): 0 -> 1
Cell (virus_3027595,host_1381355): 0 -> 1
Cell (virus_3027595,host_187003): 0 -> 1
Cell (virus_3027595,host_907075): 0 -> 1
Cell (virus_3027595,host_27634): 0 -> 1
Cell (virus_3027595,host_40230): 0 -> 1
Cell (virus_3027595,host_3042450): 0 -> 1
Cell (virus_3027595,host_1434095): 0 -> 1
Cell (virus_3027595,host_221086): 0 -> 1
Cell (virus_3027595,host_291302): 0 -> 1
Cell (virus_3027595,host_221087): 0 -> 1
Cell (virus_3027595,host_187007): 0 -> 1
Cell (virus_3027595,host_187008): 0 -> 1
Cell (virus_3027595,host_438766): 0 -> 1
Cell (virus_3027595,host_258934): 0 -> 1
Cell (virus_3027595,host_124751): 0 -> 1
Cell (virus_3027595,host_3041509): 0 -> 1
Cell (virus_3027595,host_258867): 0 -> 1
Cell (virus_3027595,host_242384): 0 -> 1
Cell (virus_3027595,host_258863): 0 -> 1
Cell (virus_3027595,host_452595): 0 -> 1
Cell (virus_3027595,host_3370289): 0 -> 1
Cell (virus_3027595,host_999964): 0 -> 1
Cell (virus_3027595,host_9438): 0 -> 1
Cell (virus_3027595,host_249034): 0 -> 1
Cell (virus_3027595,host_258952): 0 -> 1
Cell (virus_3027595,host_258953): 0 -> 1
Cell (virus_3027595,host_249033): 0 -> 1
Cell (virus_3027595,host_258930): 0 -> 1
Cell (virus_3027595,host_272799): 0 -> 1
Cell (virus_3027595,host_258909): 0 -> 1
Cell (virus_3027595,host_909369): 0 -> 1
Cell (virus_3027595,host_29078): 0 -> 1
Cell (virus_3027595,host_3371014): 0 -> 1
Cell (virus_3027595,host_3371016): 0 -> 1
Cell (virus_3027595,host_360967): 0 -> 1
Cell (virus_3027595,host_258959): 0 -> 1
Cell (virus_2917968,host_105273): 0 -> 1
Cell (virus_2917968,host_105295): 0 -> 1
Cell (virus_2917968,host_187011): 0 -> 1
Cell (virus_2917968,host_51300): 0 -> 1
Cell (virus_2917968,host_59473): 0 -> 1
Cell (virus_2917968,host_633648): 0 -> 1
Cell (virus_2917968,host_258925): 0 -> 1
Cell (virus_2917968,host_177185): 0 -> 1
Cell (virus_2917968,host_685731): 0 -> 1
Cell (virus_2917968,host_1207989): 0 -> 1
Cell (virus_2917968,host_59453): 0 -> 1
Cell (virus_2917968,host_334201): 0 -> 1
Cell (virus_2917968,host_2603865): 0 -> 1
Cell (virus_2917968,host_132908): 0 -> 1
Cell (virus_2917968,host_166054): 0 -> 1
Cell (virus_2917968,host_328804): 0 -> 1
Cell (virus_2917968,host_9403): 0 -> 1
Cell (virus_2917968,host_1898389): 0 -> 1
Cell (virus_2917968,host_77231): 0 -> 1
Cell (virus_2917968,host_372077): 0 -> 1
Cell (virus_2917968,host_58067): 0 -> 1
Cell (virus_2917968,host_498220): 0 -> 1
Cell (virus_2917968,host_448084): 0 -> 1
Cell (virus_2917968,host_58071): 0 -> 1
Cell (virus_2917968,host_77243): 0 -> 1
Cell (virus_2917968,host_58073): 0 -> 1
Cell (virus_2917968,host_77223): 0 -> 1
Cell (virus_2917968,host_9407): 0 -> 1
Cell (virus_2917968,host_9408): 0 -> 1
Cell (virus_2917968,host_58065): 0 -> 1
Cell (virus_2917968,host_1898386): 0 -> 1
Cell (virus_2917968,host_58060): 0 -> 1
Cell (virus_2917968,host_9400): 0 -> 1
Cell (virus_2917968,host_298110): 0 -> 1
Cell (virus_2917968,host_77233): 0 -> 1
Cell (virus_2917968,host_374419): 0 -> 1
Cell (virus_2917968,host_326081): 0 -> 1
Cell (virus_2917968,host_1381355): 0 -> 1
Cell (virus_2917968,host_187003): 0 -> 1
Cell (virus_2917968,host_907075): 0 -> 1
Cell (virus_2917968,host_40230): 0 -> 1
Cell (virus_2917968,host_409031): 0 -> 1
Cell (virus_2917968,host_89673): 0 -> 1
Cell (virus_2917968,host_3042450): 0 -> 1
Cell (virus_2917968,host_1434095): 0 -> 1
Cell (virus_2917968,host_221086): 0 -> 1
Cell (virus_2917968,host_291302): 0 -> 1
Cell (virus_2917968,host_187007): 0 -> 1
Cell (virus_2917968,host_187008): 0 -> 1
Cell (virus_2917968,host_438766): 0 -> 1
Cell (virus_2917968,host_258934): 0 -> 1
Cell (virus_2917968,host_479723): 0 -> 1
Cell (virus_2917968,host_124751): 0 -> 1
Cell (virus_2917968,host_3041509): 0 -> 1
Cell (virus_2917968,host_258867): 0 -> 1
Cell (virus_2917968,host_242384): 0 -> 1
Cell (virus_2917968,host_258863): 0 -> 1
Cell (virus_2917968,host_452595): 0 -> 1
Cell (virus_2917968,host_3370289): 0 -> 1
Cell (virus_2917968,host_999964): 0 -> 1
Cell (virus_2917968,host_9438): 0 -> 1
Cell (virus_2917968,host_153297): 0 -> 1
Cell (virus_2917968,host_258952): 0 -> 1
Cell (virus_2917968,host_258953): 0 -> 1
Cell (virus_2917968,host_249033): 0 -> 1
Cell (virus_2917968,host_258930): 0 -> 1
Cell (virus_2917968,host_272799): 0 -> 1
Cell (virus_2917968,host_61862): 0 -> 1
Cell (virus_2917968,host_258909): 0 -> 1
Cell (virus_2917968,host_909369): 0 -> 1
Cell (virus_2917968,host_29078): 0 -> 1
Cell (virus_2917968,host_3371014): 0 -> 1
Cell (virus_2917968,host_3371016): 0 -> 1
Cell (virus_2917968,host_360967): 0 -> 1
Cell (virus_2917968,host_258959): 0 -> 1
Cell (virus_2917968,host_59485): 0 -> 1
Cell (virus_3119328,host_105273): 0 -> 1
Cell (virus_3119328,host_105295): 0 -> 1
Cell (virus_3119328,host_258946): 0 -> 1
Cell (virus_3119328,host_187011): 0 -> 1
Cell (virus_3119328,host_51300): 0 -> 1
Cell (virus_3119328,host_246814): 0 -> 1
Cell (virus_3119328,host_59473): 0 -> 1
Cell (virus_3119328,host_633648): 0 -> 1
Cell (virus_3119328,host_258925): 0 -> 1
Cell (virus_3119328,host_177185): 0 -> 1
Cell (virus_3119328,host_685731): 0 -> 1
Cell (virus_3119328,host_1207989): 0 -> 1
Cell (virus_3119328,host_59453): 0 -> 1
Cell (virus_3119328,host_334201): 0 -> 1
Cell (virus_3119328,host_2603865): 0 -> 1
Cell (virus_3119328,host_166054): 0 -> 1
Cell (virus_3119328,host_328804): 0 -> 1
Cell (virus_3119328,host_9403): 0 -> 1
Cell (virus_3119328,host_1410044): 0 -> 1
Cell (virus_3119328,host_1898389): 0 -> 1
Cell (virus_3119328,host_77231): 0 -> 1
Cell (virus_3119328,host_2853157): 0 -> 1
Cell (virus_3119328,host_372077): 0 -> 1
Cell (virus_3119328,host_903567): 0 -> 1
Cell (virus_3119328,host_58067): 0 -> 1
Cell (virus_3119328,host_498220): 0 -> 1
Cell (virus_3119328,host_448084): 0 -> 1
Cell (virus_3119328,host_58071): 0 -> 1
Cell (virus_3119328,host_58073): 0 -> 1
Cell (virus_3119328,host_77223): 0 -> 1
Cell (virus_3119328,host_9407): 0 -> 1
Cell (virus_3119328,host_9408): 0 -> 1
Cell (virus_3119328,host_58065): 0 -> 1
Cell (virus_3119328,host_1898386): 0 -> 1
Cell (virus_3119328,host_58060): 0 -> 1
Cell (virus_3119328,host_9400): 0 -> 1
Cell (virus_3119328,host_298110): 0 -> 1
Cell (virus_3119328,host_374419): 0 -> 1
Cell (virus_3119328,host_326081): 0 -> 1
Cell (virus_3119328,host_1381355): 0 -> 1
Cell (virus_3119328,host_187003): 0 -> 1
Cell (virus_3119328,host_907075): 0 -> 1
Cell (virus_3119328,host_40230): 0 -> 1
Cell (virus_3119328,host_409031): 0 -> 1
Cell (virus_3119328,host_89673): 0 -> 1
Cell (virus_3119328,host_3042450): 0 -> 1
Cell (virus_3119328,host_1434095): 0 -> 1
Cell (virus_3119328,host_221086): 0 -> 1
Cell (virus_3119328,host_291302): 0 -> 1
Cell (virus_3119328,host_187007): 0 -> 1
Cell (virus_3119328,host_187008): 0 -> 1
Cell (virus_3119328,host_438766): 0 -> 1
Cell (virus_3119328,host_258934): 0 -> 1
Cell (virus_3119328,host_479723): 0 -> 1
Cell (virus_3119328,host_124751): 0 -> 1
Cell (virus_3119328,host_3041509): 0 -> 1
Cell (virus_3119328,host_258867): 0 -> 1
Cell (virus_3119328,host_242384): 0 -> 1
Cell (virus_3119328,host_258863): 0 -> 1
Cell (virus_3119328,host_452595): 0 -> 1
Cell (virus_3119328,host_3370289): 0 -> 1
Cell (virus_3119328,host_999964): 0 -> 1
Cell (virus_3119328,host_9438): 0 -> 1
Cell (virus_3119328,host_153297): 0 -> 1
Cell (virus_3119328,host_258952): 0 -> 1
Cell (virus_3119328,host_258953): 0 -> 1
Cell (virus_3119328,host_249033): 0 -> 1
Cell (virus_3119328,host_258930): 0 -> 1
Cell (virus_3119328,host_272799): 0 -> 1
Cell (virus_3119328,host_61862): 0 -> 1
Cell (virus_3119328,host_258909): 0 -> 1
Cell (virus_3119328,host_909369): 0 -> 1
Cell (virus_3119328,host_29078): 0 -> 1
Cell (virus_3119328,host_3371014): 0 -> 1
Cell (virus_3119328,host_3371016): 0 -> 1
Cell (virus_3119328,host_360967): 0 -> 1
Cell (virus_3119328,host_258959): 0 -> 1
Cell (virus_3119328,host_59485): 0 -> 1
Cell (virus_3119329,host_105273): 0 -> 1
Cell (virus_3119329,host_105295): 0 -> 1
Cell (virus_3119329,host_187011): 0 -> 1
Cell (virus_3119329,host_51300): 0 -> 1
Cell (virus_3119329,host_246814): 0 -> 1
Cell (virus_3119329,host_59473): 0 -> 1
Cell (virus_3119329,host_633648): 0 -> 1
Cell (virus_3119329,host_258925): 0 -> 1
Cell (virus_3119329,host_177185): 0 -> 1
Cell (virus_3119329,host_685731): 0 -> 1
Cell (virus_3119329,host_1207989): 0 -> 1
Cell (virus_3119329,host_59453): 0 -> 1
Cell (virus_3119329,host_157961): 0 -> 1
Cell (virus_3119329,host_334201): 0 -> 1
Cell (virus_3119329,host_2603865): 0 -> 1
Cell (virus_3119329,host_124756): 0 -> 1
Cell (virus_3119329,host_132908): 0 -> 1
Cell (virus_3119329,host_166054): 0 -> 1
Cell (virus_3119329,host_328804): 0 -> 1
Cell (virus_3119329,host_9403): 0 -> 1
Cell (virus_3119329,host_1410044): 0 -> 1
Cell (virus_3119329,host_1898389): 0 -> 1
Cell (virus_3119329,host_77231): 0 -> 1
Cell (virus_3119329,host_2853157): 0 -> 1
Cell (virus_3119329,host_372077): 0 -> 1
Cell (virus_3119329,host_58067): 0 -> 1
Cell (virus_3119329,host_498220): 0 -> 1
Cell (virus_3119329,host_448084): 0 -> 1
Cell (virus_3119329,host_58071): 0 -> 1
Cell (virus_3119329,host_77243): 0 -> 1
Cell (virus_3119329,host_77223): 0 -> 1
Cell (virus_3119329,host_9407): 0 -> 1
Cell (virus_3119329,host_9408): 0 -> 1
Cell (virus_3119329,host_58065): 0 -> 1
Cell (virus_3119329,host_1898386): 0 -> 1
Cell (virus_3119329,host_58060): 0 -> 1
Cell (virus_3119329,host_9400): 0 -> 1
Cell (virus_3119329,host_298110): 0 -> 1
Cell (virus_3119329,host_77233): 0 -> 1
Cell (virus_3119329,host_374419): 0 -> 1
Cell (virus_3119329,host_326081): 0 -> 1
Cell (virus_3119329,host_326083): 0 -> 1
Cell (virus_3119329,host_1381355): 0 -> 1
Cell (virus_3119329,host_187003): 0 -> 1
Cell (virus_3119329,host_907075): 0 -> 1
Cell (virus_3119329,host_40230): 0 -> 1
Cell (virus_3119329,host_409031): 0 -> 1
Cell (virus_3119329,host_89673): 0 -> 1
Cell (virus_3119329,host_3042450): 0 -> 1
Cell (virus_3119329,host_1434095): 0 -> 1
Cell (virus_3119329,host_221086): 0 -> 1
Cell (virus_3119329,host_291302): 0 -> 1
Cell (virus_3119329,host_187007): 0 -> 1
Cell (virus_3119329,host_187008): 0 -> 1
Cell (virus_3119329,host_438766): 0 -> 1
Cell (virus_3119329,host_258934): 0 -> 1
Cell (virus_3119329,host_479723): 0 -> 1
Cell (virus_3119329,host_124751): 0 -> 1
Cell (virus_3119329,host_3041509): 0 -> 1
Cell (virus_3119329,host_258867): 0 -> 1
Cell (virus_3119329,host_242384): 0 -> 1
Cell (virus_3119329,host_258863): 0 -> 1
Cell (virus_3119329,host_452595): 0 -> 1
Cell (virus_3119329,host_3370289): 0 -> 1
Cell (virus_3119329,host_999964): 0 -> 1
Cell (virus_3119329,host_9438): 0 -> 1
Cell (virus_3119329,host_153297): 0 -> 1
Cell (virus_3119329,host_258952): 0 -> 1
Cell (virus_3119329,host_258953): 0 -> 1
Cell (virus_3119329,host_249033): 0 -> 1
Cell (virus_3119329,host_258930): 0 -> 1
Cell (virus_3119329,host_272799): 0 -> 1
Cell (virus_3119329,host_61862): 0 -> 1
Cell (virus_3119329,host_258909): 0 -> 1
Cell (virus_3119329,host_909369): 0 -> 1
Cell (virus_3119329,host_29078): 0 -> 1
Cell (virus_3119329,host_2969767): 0 -> 1
Cell (virus_3119329,host_3371014): 0 -> 1
Cell (virus_3119329,host_3371016): 0 -> 1
Cell (virus_3119329,host_360967): 0 -> 1
Cell (virus_3119329,host_258959): 0 -> 1
Cell (virus_2991941,host_105273): 0 -> 1
Cell (virus_2991941,host_105295): 0 -> 1
Cell (virus_2991941,host_187011): 0 -> 1
Cell (virus_2991941,host_51300): 0 -> 1
Cell (virus_2991941,host_246814): 0 -> 1
Cell (virus_2991941,host_294653): 0 -> 1
Cell (virus_2991941,host_59473): 0 -> 1
Cell (virus_2991941,host_633648): 0 -> 1
Cell (virus_2991941,host_258925): 0 -> 1
Cell (virus_2991941,host_177185): 0 -> 1
Cell (virus_2991941,host_685731): 0 -> 1
Cell (virus_2991941,host_1207989): 0 -> 1
Cell (virus_2991941,host_157961): 0 -> 1
Cell (virus_2991941,host_132908): 0 -> 1
Cell (virus_2991941,host_166054): 0 -> 1
Cell (virus_2991941,host_328804): 0 -> 1
Cell (virus_2991941,host_9402): 0 -> 1
Cell (virus_2991941,host_9403): 0 -> 1
Cell (virus_2991941,host_77231): 0 -> 1
Cell (virus_2991941,host_2853157): 0 -> 1
Cell (virus_2991941,host_372077): 0 -> 1
Cell (virus_2991941,host_58067): 0 -> 1
Cell (virus_2991941,host_498220): 0 -> 1
Cell (virus_2991941,host_448084): 0 -> 1
Cell (virus_2991941,host_58071): 0 -> 1
Cell (virus_2991941,host_77243): 0 -> 1
Cell (virus_2991941,host_58073): 0 -> 1
Cell (virus_2991941,host_77223): 0 -> 1
Cell (virus_2991941,host_9407): 0 -> 1
Cell (virus_2991941,host_9408): 0 -> 1
Cell (virus_2991941,host_58065): 0 -> 1
Cell (virus_2991941,host_1898386): 0 -> 1
Cell (virus_2991941,host_58060): 0 -> 1
Cell (virus_2991941,host_9400): 0 -> 1
Cell (virus_2991941,host_298110): 0 -> 1
Cell (virus_2991941,host_77233): 0 -> 1
Cell (virus_2991941,host_374419): 0 -> 1
Cell (virus_2991941,host_326081): 0 -> 1
Cell (virus_2991941,host_326083): 0 -> 1
Cell (virus_2991941,host_1381355): 0 -> 1
Cell (virus_2991941,host_187003): 0 -> 1
Cell (virus_2991941,host_907075): 0 -> 1
Cell (virus_2991941,host_89673): 0 -> 1
Cell (virus_2991941,host_3042450): 0 -> 1
Cell (virus_2991941,host_1434095): 0 -> 1
Cell (virus_2991941,host_221086): 0 -> 1
Cell (virus_2991941,host_291302): 0 -> 1
Cell (virus_2991941,host_221087): 0 -> 1
Cell (virus_2991941,host_187007): 0 -> 1
Cell (virus_2991941,host_187008): 0 -> 1
Cell (virus_2991941,host_438766): 0 -> 1
Cell (virus_2991941,host_258934): 0 -> 1
Cell (virus_2991941,host_479723): 0 -> 1
Cell (virus_2991941,host_3041509): 0 -> 1
Cell (virus_2991941,host_258867): 0 -> 1
Cell (virus_2991941,host_242384): 0 -> 1
Cell (virus_2991941,host_258863): 0 -> 1
Cell (virus_2991941,host_452595): 0 -> 1
Cell (virus_2991941,host_3370289): 0 -> 1
Cell (virus_2991941,host_999964): 0 -> 1
Cell (virus_2991941,host_9438): 0 -> 1
Cell (virus_2991941,host_153297): 0 -> 1
Cell (virus_2991941,host_258952): 0 -> 1
Cell (virus_2991941,host_258953): 0 -> 1
Cell (virus_2991941,host_249033): 0 -> 1
Cell (virus_2991941,host_258930): 0 -> 1
Cell (virus_2991941,host_272799): 0 -> 1
Cell (virus_2991941,host_258909): 0 -> 1
Cell (virus_2991941,host_29078): 0 -> 1
Cell (virus_2991941,host_3371014): 0 -> 1
Cell (virus_2991941,host_3371016): 0 -> 1
Cell (virus_2991941,host_360967): 0 -> 1
Cell (virus_2991941,host_258959): 0 -> 1
Cell (virus_2993504,host_105273): 0 -> 1
Cell (virus_2993504,host_105295): 0 -> 1
Cell (virus_2993504,host_187011): 0 -> 1
Cell (virus_2993504,host_51300): 0 -> 1
Cell (virus_2993504,host_59473): 0 -> 1
Cell (virus_2993504,host_633648): 0 -> 1
Cell (virus_2993504,host_258925): 0 -> 1
Cell (virus_2993504,host_177185): 0 -> 1
Cell (virus_2993504,host_685731): 0 -> 1
Cell (virus_2993504,host_1207989): 0 -> 1
Cell (virus_2993504,host_157961): 0 -> 1
Cell (virus_2993504,host_132908): 0 -> 1
Cell (virus_2993504,host_166054): 0 -> 1
Cell (virus_2993504,host_328804): 0 -> 1
Cell (virus_2993504,host_9402): 0 -> 1
Cell (virus_2993504,host_9403): 0 -> 1
Cell (virus_2993504,host_77231): 0 -> 1
Cell (virus_2993504,host_2853157): 0 -> 1
Cell (virus_2993504,host_372077): 0 -> 1
Cell (virus_2993504,host_58067): 0 -> 1
Cell (virus_2993504,host_498220): 0 -> 1
Cell (virus_2993504,host_448084): 0 -> 1
Cell (virus_2993504,host_58071): 0 -> 1
Cell (virus_2993504,host_77243): 0 -> 1
Cell (virus_2993504,host_58073): 0 -> 1
Cell (virus_2993504,host_77223): 0 -> 1
Cell (virus_2993504,host_9407): 0 -> 1
Cell (virus_2993504,host_9408): 0 -> 1
Cell (virus_2993504,host_58065): 0 -> 1
Cell (virus_2993504,host_1898386): 0 -> 1
Cell (virus_2993504,host_58060): 0 -> 1
Cell (virus_2993504,host_9400): 0 -> 1
Cell (virus_2993504,host_298110): 0 -> 1
Cell (virus_2993504,host_77233): 0 -> 1
Cell (virus_2993504,host_374419): 0 -> 1
Cell (virus_2993504,host_326081): 0 -> 1
Cell (virus_2993504,host_1381355): 0 -> 1
Cell (virus_2993504,host_187003): 0 -> 1
Cell (virus_2993504,host_907075): 0 -> 1
Cell (virus_2993504,host_89673): 0 -> 1
Cell (virus_2993504,host_3042450): 0 -> 1
Cell (virus_2993504,host_1434095): 0 -> 1
Cell (virus_2993504,host_221086): 0 -> 1
Cell (virus_2993504,host_291302): 0 -> 1
Cell (virus_2993504,host_187007): 0 -> 1
Cell (virus_2993504,host_187008): 0 -> 1
Cell (virus_2993504,host_438766): 0 -> 1
Cell (virus_2993504,host_258934): 0 -> 1
Cell (virus_2993504,host_479723): 0 -> 1
Cell (virus_2993504,host_3041509): 0 -> 1
Cell (virus_2993504,host_258867): 0 -> 1
Cell (virus_2993504,host_242384): 0 -> 1
Cell (virus_2993504,host_258863): 0 -> 1
Cell (virus_2993504,host_452595): 0 -> 1
Cell (virus_2993504,host_3370289): 0 -> 1
Cell (virus_2993504,host_999964): 0 -> 1
Cell (virus_2993504,host_9438): 0 -> 1
Cell (virus_2993504,host_153297): 0 -> 1
Cell (virus_2993504,host_258952): 0 -> 1
Cell (virus_2993504,host_258953): 0 -> 1
Cell (virus_2993504,host_249033): 0 -> 1
Cell (virus_2993504,host_258930): 0 -> 1
Cell (virus_2993504,host_272799): 0 -> 1
Cell (virus_2993504,host_258909): 0 -> 1
Cell (virus_2993504,host_29078): 0 -> 1
Cell (virus_2993504,host_3371014): 0 -> 1
Cell (virus_2993504,host_3371016): 0 -> 1
Cell (virus_2993504,host_360967): 0 -> 1
Cell (virus_2993504,host_258959): 0 -> 1
Cell (virus_1335626,host_105273): 0 -> 1
Cell (virus_1335626,host_105295): 0 -> 1
Cell (virus_1335626,host_187011): 0 -> 1
Cell (virus_1335626,host_375553): 0 -> 1
Cell (virus_1335626,host_59473): 0 -> 1
Cell (virus_1335626,host_2015597): 0 -> 1
Cell (virus_1335626,host_633648): 0 -> 1
Cell (virus_1335626,host_258925): 0 -> 1
Cell (virus_1335626,host_177185): 0 -> 1
Cell (virus_1335626,host_110941): 0 -> 1
Cell (virus_1335626,host_2603869): 0 -> 1
Cell (virus_1335626,host_188568): 0 -> 1
Cell (virus_1335626,host_1207989): 0 -> 1
Cell (virus_1335626,host_188569): 0 -> 1
Cell (virus_1335626,host_59453): 0 -> 1
Cell (virus_1335626,host_175524): 0 -> 1
Cell (virus_1335626,host_186990): 0 -> 1
Cell (virus_1335626,host_186991): 0 -> 1
Cell (virus_1335626,host_157961): 0 -> 1
Cell (virus_1335626,host_270698): 0 -> 1
Cell (virus_1335626,host_430492): 0 -> 1
Cell (virus_1335626,host_77218): 0 -> 1
Cell (virus_1335626,host_1195082): 0 -> 1
Cell (virus_1335626,host_329870): 0 -> 1
Cell (virus_1335626,host_549403): 0 -> 1
Cell (virus_1335626,host_3371112): 0 -> 1
Cell (virus_1335626,host_166054): 0 -> 1
Cell (virus_1335626,host_9402): 0 -> 1
Cell (virus_1335626,host_9403): 0 -> 1
Cell (virus_1335626,host_1410044): 0 -> 1
Cell (virus_1335626,host_1898389): 0 -> 1
Cell (virus_1335626,host_77231): 0 -> 1
Cell (virus_1335626,host_372077): 0 -> 1
Cell (virus_1335626,host_58067): 0 -> 1
Cell (virus_1335626,host_58071): 0 -> 1
Cell (virus_1335626,host_77243): 0 -> 1
Cell (virus_1335626,host_58073): 0 -> 1
Cell (virus_1335626,host_1898393): 0 -> 1
Cell (virus_1335626,host_77223): 0 -> 1
Cell (virus_1335626,host_9407): 0 -> 1
Cell (virus_1335626,host_9408): 0 -> 1
Cell (virus_1335626,host_58065): 0 -> 1
Cell (virus_1335626,host_326083): 0 -> 1
Cell (virus_1335626,host_1381355): 0 -> 1
Cell (virus_1335626,host_187003): 0 -> 1
Cell (virus_1335626,host_907075): 0 -> 1
Cell (virus_1335626,host_208969): 0 -> 1
Cell (virus_1335626,host_40233): 0 -> 1
Cell (virus_1335626,host_27634): 0 -> 1
Cell (virus_1335626,host_40228): 0 -> 1
Cell (virus_1335626,host_40230): 0 -> 1
Cell (virus_1335626,host_40224): 0 -> 1
Cell (virus_1335626,host_196700): 0 -> 1
Cell (virus_1335626,host_27660): 0 -> 1
Cell (virus_1335626,host_409031): 0 -> 1
Cell (virus_1335626,host_89673): 0 -> 1
Cell (virus_1335626,host_9423): 0 -> 1
Cell (virus_1335626,host_148061): 0 -> 1
Cell (virus_1335626,host_148089): 0 -> 1
Cell (virus_1335626,host_94961): 0 -> 1
Cell (virus_1335626,host_3042450): 0 -> 1
Cell (virus_1335626,host_59472): 0 -> 1
Cell (virus_1335626,host_9414): 0 -> 1
Cell (virus_1335626,host_1434095): 0 -> 1
Cell (virus_1335626,host_221086): 0 -> 1
Cell (virus_1335626,host_291302): 0 -> 1
Cell (virus_1335626,host_187007): 0 -> 1
Cell (virus_1335626,host_187008): 0 -> 1
Cell (virus_1335626,host_438766): 0 -> 1
Cell (virus_1335626,host_258934): 0 -> 1
Cell (virus_1335626,host_124751): 0 -> 1
Cell (virus_1335626,host_3041509): 0 -> 1
Cell (virus_1335626,host_258867): 0 -> 1
Cell (virus_1335626,host_258952): 0 -> 1
Cell (virus_1335626,host_258953): 0 -> 1
Cell (virus_1335626,host_258930): 0 -> 1
Cell (virus_1335626,host_272799): 0 -> 1
Cell (virus_1335626,host_258909): 0 -> 1
Cell (virus_1335626,host_29078): 0 -> 1
Cell (virus_1335626,host_2969767): 0 -> 1
Cell (virus_1335626,host_3371014): 0 -> 1
Cell (virus_1335626,host_3371016): 0 -> 1
Cell (virus_1335626,host_3371021): 0 -> 1
Cell (virus_1335626,host_360967): 0 -> 1
Cell (virus_1335626,host_258959): 0 -> 1
Cell (virus_3433633,host_105273): 0 -> 1
Cell (virus_3433633,host_105295): 0 -> 1
Cell (virus_3433633,host_187011): 0 -> 1
Cell (virus_3433633,host_375553): 0 -> 1
Cell (virus_3433633,host_59473): 0 -> 1
Cell (virus_3433633,host_2015597): 0 -> 1
Cell (virus_3433633,host_633648): 0 -> 1
Cell (virus_3433633,host_258925): 0 -> 1
Cell (virus_3433633,host_177185): 0 -> 1
Cell (virus_3433633,host_110941): 0 -> 1
Cell (virus_3433633,host_2603869): 0 -> 1
Cell (virus_3433633,host_188568): 0 -> 1
Cell (virus_3433633,host_1207989): 0 -> 1
Cell (virus_3433633,host_188569): 0 -> 1
Cell (virus_3433633,host_59453): 0 -> 1
Cell (virus_3433633,host_175524): 0 -> 1
Cell (virus_3433633,host_186990): 0 -> 1
Cell (virus_3433633,host_186991): 0 -> 1
Cell (virus_3433633,host_157961): 0 -> 1
Cell (virus_3433633,host_270698): 0 -> 1
Cell (virus_3433633,host_430492): 0 -> 1
Cell (virus_3433633,host_77218): 0 -> 1
Cell (virus_3433633,host_1195082): 0 -> 1
Cell (virus_3433633,host_329870): 0 -> 1
Cell (virus_3433633,host_549403): 0 -> 1
Cell (virus_3433633,host_3371112): 0 -> 1
Cell (virus_3433633,host_166054): 0 -> 1
Cell (virus_3433633,host_9402): 0 -> 1
Cell (virus_3433633,host_9403): 0 -> 1
Cell (virus_3433633,host_1410044): 0 -> 1
Cell (virus_3433633,host_1898389): 0 -> 1
Cell (virus_3433633,host_77231): 0 -> 1
Cell (virus_3433633,host_372077): 0 -> 1
Cell (virus_3433633,host_58067): 0 -> 1
Cell (virus_3433633,host_58071): 0 -> 1
Cell (virus_3433633,host_77243): 0 -> 1
Cell (virus_3433633,host_58073): 0 -> 1
Cell (virus_3433633,host_1898393): 0 -> 1
Cell (virus_3433633,host_77223): 0 -> 1
Cell (virus_3433633,host_9407): 0 -> 1
Cell (virus_3433633,host_9408): 0 -> 1
Cell (virus_3433633,host_58065): 0 -> 1
Cell (virus_3433633,host_326083): 0 -> 1
Cell (virus_3433633,host_1381355): 0 -> 1
Cell (virus_3433633,host_187003): 0 -> 1
Cell (virus_3433633,host_907075): 0 -> 1
Cell (virus_3433633,host_208969): 0 -> 1
Cell (virus_3433633,host_40233): 0 -> 1
Cell (virus_3433633,host_27634): 0 -> 1
Cell (virus_3433633,host_40228): 0 -> 1
Cell (virus_3433633,host_40230): 0 -> 1
Cell (virus_3433633,host_40224): 0 -> 1
Cell (virus_3433633,host_196700): 0 -> 1
Cell (virus_3433633,host_27660): 0 -> 1
Cell (virus_3433633,host_409031): 0 -> 1
Cell (virus_3433633,host_89673): 0 -> 1
Cell (virus_3433633,host_9423): 0 -> 1
Cell (virus_3433633,host_148061): 0 -> 1
Cell (virus_3433633,host_148089): 0 -> 1
Cell (virus_3433633,host_94961): 0 -> 1
Cell (virus_3433633,host_3042450): 0 -> 1
Cell (virus_3433633,host_59472): 0 -> 1
Cell (virus_3433633,host_9414): 0 -> 1
Cell (virus_3433633,host_1434095): 0 -> 1
Cell (virus_3433633,host_221086): 0 -> 1
Cell (virus_3433633,host_291302): 0 -> 1
Cell (virus_3433633,host_187007): 0 -> 1
Cell (virus_3433633,host_187008): 0 -> 1
Cell (virus_3433633,host_438766): 0 -> 1
Cell (virus_3433633,host_258934): 0 -> 1
Cell (virus_3433633,host_124751): 0 -> 1
Cell (virus_3433633,host_3041509): 0 -> 1
Cell (virus_3433633,host_258867): 0 -> 1
Cell (virus_3433633,host_258952): 0 -> 1
Cell (virus_3433633,host_258953): 0 -> 1
Cell (virus_3433633,host_258930): 0 -> 1
Cell (virus_3433633,host_272799): 0 -> 1
Cell (virus_3433633,host_258909): 0 -> 1
Cell (virus_3433633,host_29078): 0 -> 1
Cell (virus_3433633,host_2969767): 0 -> 1
Cell (virus_3433633,host_3371014): 0 -> 1
Cell (virus_3433633,host_3371016): 0 -> 1
Cell (virus_3433633,host_3371021): 0 -> 1
Cell (virus_3433633,host_360967): 0 -> 1
Cell (virus_3433633,host_258959): 0 -> 1
Cell (virus_1508220,host_105273): 0 -> 1
Cell (virus_1508220,host_105295): 0 -> 1
Cell (virus_1508220,host_187011): 0 -> 1
Cell (virus_1508220,host_375553): 0 -> 1
Cell (virus_1508220,host_59473): 0 -> 1
Cell (virus_1508220,host_2015597): 0 -> 1
Cell (virus_1508220,host_633648): 0 -> 1
Cell (virus_1508220,host_258925): 0 -> 1
Cell (virus_1508220,host_177185): 0 -> 1
Cell (virus_1508220,host_187017): 0 -> 1
Cell (virus_1508220,host_110941): 0 -> 1
Cell (virus_1508220,host_2603869): 0 -> 1
Cell (virus_1508220,host_188568): 0 -> 1
Cell (virus_1508220,host_1207989): 0 -> 1
Cell (virus_1508220,host_188569): 0 -> 1
Cell (virus_1508220,host_59453): 0 -> 1
Cell (virus_1508220,host_175524): 0 -> 1
Cell (virus_1508220,host_186991): 0 -> 1
Cell (virus_1508220,host_157961): 0 -> 1
Cell (virus_1508220,host_270698): 0 -> 1
Cell (virus_1508220,host_2603865): 0 -> 1
Cell (virus_1508220,host_430492): 0 -> 1
Cell (virus_1508220,host_1195082): 0 -> 1
Cell (virus_1508220,host_329870): 0 -> 1
Cell (virus_1508220,host_549403): 0 -> 1
Cell (virus_1508220,host_3371112): 0 -> 1
Cell (virus_1508220,host_166054): 0 -> 1
Cell (virus_1508220,host_9402): 0 -> 1
Cell (virus_1508220,host_9403): 0 -> 1
Cell (virus_1508220,host_1410044): 0 -> 1
Cell (virus_1508220,host_1898389): 0 -> 1
Cell (virus_1508220,host_77231): 0 -> 1
Cell (virus_1508220,host_372077): 0 -> 1
Cell (virus_1508220,host_58067): 0 -> 1
Cell (virus_1508220,host_58071): 0 -> 1
Cell (virus_1508220,host_77243): 0 -> 1
Cell (virus_1508220,host_58073): 0 -> 1
Cell (virus_1508220,host_77223): 0 -> 1
Cell (virus_1508220,host_9407): 0 -> 1
Cell (virus_1508220,host_9408): 0 -> 1
Cell (virus_1508220,host_58065): 0 -> 1
Cell (virus_1508220,host_326083): 0 -> 1
Cell (virus_1508220,host_1381355): 0 -> 1
Cell (virus_1508220,host_187003): 0 -> 1
Cell (virus_1508220,host_907075): 0 -> 1
Cell (virus_1508220,host_208969): 0 -> 1
Cell (virus_1508220,host_40233): 0 -> 1
Cell (virus_1508220,host_410852): 0 -> 1
Cell (virus_1508220,host_27634): 0 -> 1
Cell (virus_1508220,host_40228): 0 -> 1
Cell (virus_1508220,host_40230): 0 -> 1
Cell (virus_1508220,host_40224): 0 -> 1
Cell (virus_1508220,host_196700): 0 -> 1
Cell (virus_1508220,host_27660): 0 -> 1
Cell (virus_1508220,host_409031): 0 -> 1
Cell (virus_1508220,host_89673): 0 -> 1
Cell (virus_1508220,host_9423): 0 -> 1
Cell (virus_1508220,host_148061): 0 -> 1
Cell (virus_1508220,host_148089): 0 -> 1
Cell (virus_1508220,host_94961): 0 -> 1
Cell (virus_1508220,host_3042450): 0 -> 1
Cell (virus_1508220,host_59472): 0 -> 1
Cell (virus_1508220,host_9414): 0 -> 1
Cell (virus_1508220,host_1434095): 0 -> 1
Cell (virus_1508220,host_221086): 0 -> 1
Cell (virus_1508220,host_291302): 0 -> 1
Cell (virus_1508220,host_187007): 0 -> 1
Cell (virus_1508220,host_9433): 0 -> 1
Cell (virus_1508220,host_187008): 0 -> 1
Cell (virus_1508220,host_438766): 0 -> 1
Cell (virus_1508220,host_258934): 0 -> 1
Cell (virus_1508220,host_124751): 0 -> 1
Cell (virus_1508220,host_3041509): 0 -> 1
Cell (virus_1508220,host_258867): 0 -> 1
Cell (virus_1508220,host_258952): 0 -> 1
Cell (virus_1508220,host_258953): 0 -> 1
Cell (virus_1508220,host_258930): 0 -> 1
Cell (virus_1508220,host_272799): 0 -> 1
Cell (virus_1508220,host_258909): 0 -> 1
Cell (virus_1508220,host_29078): 0 -> 1
Cell (virus_1508220,host_2969767): 0 -> 1
Cell (virus_1508220,host_3371014): 0 -> 1
Cell (virus_1508220,host_3371016): 0 -> 1
Cell (virus_1508220,host_3371021): 0 -> 1
Cell (virus_1508220,host_360967): 0 -> 1
Cell (virus_1508220,host_258959): 0 -> 1
Cell (virus_3433775,host_105273): 0 -> 1
Cell (virus_3433775,host_105295): 0 -> 1
Cell (virus_3433775,host_187011): 0 -> 1
Cell (virus_3433775,host_375553): 0 -> 1
Cell (virus_3433775,host_59473): 0 -> 1
Cell (virus_3433775,host_2015597): 0 -> 1
Cell (virus_3433775,host_633648): 0 -> 1
Cell (virus_3433775,host_258925): 0 -> 1
Cell (virus_3433775,host_177185): 0 -> 1
Cell (virus_3433775,host_187017): 0 -> 1
Cell (virus_3433775,host_110941): 0 -> 1
Cell (virus_3433775,host_2603869): 0 -> 1
Cell (virus_3433775,host_188568): 0 -> 1
Cell (virus_3433775,host_1207989): 0 -> 1
Cell (virus_3433775,host_188569): 0 -> 1
Cell (virus_3433775,host_59453): 0 -> 1
Cell (virus_3433775,host_175524): 0 -> 1
Cell (virus_3433775,host_186991): 0 -> 1
Cell (virus_3433775,host_157961): 0 -> 1
Cell (virus_3433775,host_270698): 0 -> 1
Cell (virus_3433775,host_2603865): 0 -> 1
Cell (virus_3433775,host_430492): 0 -> 1
Cell (virus_3433775,host_1195082): 0 -> 1
Cell (virus_3433775,host_329870): 0 -> 1
Cell (virus_3433775,host_549403): 0 -> 1
Cell (virus_3433775,host_3371112): 0 -> 1
Cell (virus_3433775,host_166054): 0 -> 1
Cell (virus_3433775,host_9402): 0 -> 1
Cell (virus_3433775,host_9403): 0 -> 1
Cell (virus_3433775,host_1410044): 0 -> 1
Cell (virus_3433775,host_1898389): 0 -> 1
Cell (virus_3433775,host_77231): 0 -> 1
Cell (virus_3433775,host_372077): 0 -> 1
Cell (virus_3433775,host_58067): 0 -> 1
Cell (virus_3433775,host_58071): 0 -> 1
Cell (virus_3433775,host_77243): 0 -> 1
Cell (virus_3433775,host_58073): 0 -> 1
Cell (virus_3433775,host_77223): 0 -> 1
Cell (virus_3433775,host_9407): 0 -> 1
Cell (virus_3433775,host_9408): 0 -> 1
Cell (virus_3433775,host_58065): 0 -> 1
Cell (virus_3433775,host_326083): 0 -> 1
Cell (virus_3433775,host_1381355): 0 -> 1
Cell (virus_3433775,host_187003): 0 -> 1
Cell (virus_3433775,host_907075): 0 -> 1
Cell (virus_3433775,host_208969): 0 -> 1
Cell (virus_3433775,host_40233): 0 -> 1
Cell (virus_3433775,host_410852): 0 -> 1
Cell (virus_3433775,host_27634): 0 -> 1
Cell (virus_3433775,host_40228): 0 -> 1
Cell (virus_3433775,host_40230): 0 -> 1
Cell (virus_3433775,host_40224): 0 -> 1
Cell (virus_3433775,host_196700): 0 -> 1
Cell (virus_3433775,host_27660): 0 -> 1
Cell (virus_3433775,host_409031): 0 -> 1
Cell (virus_3433775,host_89673): 0 -> 1
Cell (virus_3433775,host_9423): 0 -> 1
Cell (virus_3433775,host_148061): 0 -> 1
Cell (virus_3433775,host_148089): 0 -> 1
Cell (virus_3433775,host_94961): 0 -> 1
Cell (virus_3433775,host_3042450): 0 -> 1
Cell (virus_3433775,host_59472): 0 -> 1
Cell (virus_3433775,host_9414): 0 -> 1
Cell (virus_3433775,host_1434095): 0 -> 1
Cell (virus_3433775,host_221086): 0 -> 1
Cell (virus_3433775,host_291302): 0 -> 1
Cell (virus_3433775,host_187007): 0 -> 1
Cell (virus_3433775,host_9433): 0 -> 1
Cell (virus_3433775,host_187008): 0 -> 1
Cell (virus_3433775,host_438766): 0 -> 1
Cell (virus_3433775,host_258934): 0 -> 1
Cell (virus_3433775,host_124751): 0 -> 1
Cell (virus_3433775,host_3041509): 0 -> 1
Cell (virus_3433775,host_258867): 0 -> 1
Cell (virus_3433775,host_258952): 0 -> 1
Cell (virus_3433775,host_258953): 0 -> 1
Cell (virus_3433775,host_258930): 0 -> 1
Cell (virus_3433775,host_272799): 0 -> 1
Cell (virus_3433775,host_258909): 0 -> 1
Cell (virus_3433775,host_29078): 0 -> 1
Cell (virus_3433775,host_2969767): 0 -> 1
Cell (virus_3433775,host_3371014): 0 -> 1
Cell (virus_3433775,host_3371016): 0 -> 1
Cell (virus_3433775,host_3371021): 0 -> 1
Cell (virus_3433775,host_360967): 0 -> 1
Cell (virus_3433775,host_258944): 0 -> 1
Cell (virus_3433775,host_258959): 0 -> 1
Cell (virus_694008,host_105273): 0 -> 1
Cell (virus_694008,host_105295): 0 -> 1
Cell (virus_694008,host_187011): 0 -> 1
Cell (virus_694008,host_375553): 0 -> 1
Cell (virus_694008,host_59473): 0 -> 1
Cell (virus_694008,host_2015597): 0 -> 1
Cell (virus_694008,host_633648): 0 -> 1
Cell (virus_694008,host_258925): 0 -> 1
Cell (virus_694008,host_177185): 0 -> 1
Cell (virus_694008,host_187017): 0 -> 1
Cell (virus_694008,host_110941): 0 -> 1
Cell (virus_694008,host_2603869): 0 -> 1
Cell (virus_694008,host_188568): 0 -> 1
Cell (virus_694008,host_1207989): 0 -> 1
Cell (virus_694008,host_188569): 0 -> 1
Cell (virus_694008,host_59453): 0 -> 1
Cell (virus_694008,host_175524): 0 -> 1
Cell (virus_694008,host_186991): 0 -> 1
Cell (virus_694008,host_157961): 0 -> 1
Cell (virus_694008,host_270698): 0 -> 1
Cell (virus_694008,host_2603865): 0 -> 1
Cell (virus_694008,host_430492): 0 -> 1
Cell (virus_694008,host_1195082): 0 -> 1
Cell (virus_694008,host_329870): 0 -> 1
Cell (virus_694008,host_549403): 0 -> 1
Cell (virus_694008,host_3371112): 0 -> 1
Cell (virus_694008,host_166054): 0 -> 1
Cell (virus_694008,host_9402): 0 -> 1
Cell (virus_694008,host_9403): 0 -> 1
Cell (virus_694008,host_1410044): 0 -> 1
Cell (virus_694008,host_1898389): 0 -> 1
Cell (virus_694008,host_77231): 0 -> 1
Cell (virus_694008,host_372077): 0 -> 1
Cell (virus_694008,host_58067): 0 -> 1
Cell (virus_694008,host_58071): 0 -> 1
Cell (virus_694008,host_77243): 0 -> 1
Cell (virus_694008,host_58073): 0 -> 1
Cell (virus_694008,host_77223): 0 -> 1
Cell (virus_694008,host_9407): 0 -> 1
Cell (virus_694008,host_9408): 0 -> 1
Cell (virus_694008,host_58065): 0 -> 1
Cell (virus_694008,host_326083): 0 -> 1
Cell (virus_694008,host_1381355): 0 -> 1
Cell (virus_694008,host_187003): 0 -> 1
Cell (virus_694008,host_907075): 0 -> 1
Cell (virus_694008,host_208969): 0 -> 1
Cell (virus_694008,host_40233): 0 -> 1
Cell (virus_694008,host_410852): 0 -> 1
Cell (virus_694008,host_27634): 0 -> 1
Cell (virus_694008,host_40228): 0 -> 1
Cell (virus_694008,host_40230): 0 -> 1
Cell (virus_694008,host_40224): 0 -> 1
Cell (virus_694008,host_196700): 0 -> 1
Cell (virus_694008,host_27660): 0 -> 1
Cell (virus_694008,host_409031): 0 -> 1
Cell (virus_694008,host_89673): 0 -> 1
Cell (virus_694008,host_9423): 0 -> 1
Cell (virus_694008,host_148061): 0 -> 1
Cell (virus_694008,host_148089): 0 -> 1
Cell (virus_694008,host_94961): 0 -> 1
Cell (virus_694008,host_3042450): 0 -> 1
Cell (virus_694008,host_59472): 0 -> 1
Cell (virus_694008,host_9414): 0 -> 1
Cell (virus_694008,host_1434095): 0 -> 1
Cell (virus_694008,host_221086): 0 -> 1
Cell (virus_694008,host_291302): 0 -> 1
Cell (virus_694008,host_187007): 0 -> 1
Cell (virus_694008,host_9433): 0 -> 1
Cell (virus_694008,host_187008): 0 -> 1
Cell (virus_694008,host_438766): 0 -> 1
Cell (virus_694008,host_258934): 0 -> 1
Cell (virus_694008,host_124751): 0 -> 1
Cell (virus_694008,host_3041509): 0 -> 1
Cell (virus_694008,host_258867): 0 -> 1
Cell (virus_694008,host_258952): 0 -> 1
Cell (virus_694008,host_258953): 0 -> 1
Cell (virus_694008,host_258930): 0 -> 1
Cell (virus_694008,host_272799): 0 -> 1
Cell (virus_694008,host_258909): 0 -> 1
Cell (virus_694008,host_29078): 0 -> 1
Cell (virus_694008,host_2969767): 0 -> 1
Cell (virus_694008,host_3371014): 0 -> 1
Cell (virus_694008,host_3371016): 0 -> 1
Cell (virus_694008,host_3371021): 0 -> 1
Cell (virus_694008,host_360967): 0 -> 1
Cell (virus_694008,host_258944): 0 -> 1
Cell (virus_694008,host_258959): 0 -> 1
Cell (virus_2832974,host_105273): 0 -> 1
Cell (virus_2832974,host_105295): 0 -> 1
Cell (virus_2832974,host_187011): 0 -> 1
Cell (virus_2832974,host_375553): 0 -> 1
Cell (virus_2832974,host_59473): 0 -> 1
Cell (virus_2832974,host_2015597): 0 -> 1
Cell (virus_2832974,host_633648): 0 -> 1
Cell (virus_2832974,host_258925): 0 -> 1
Cell (virus_2832974,host_177185): 0 -> 1
Cell (virus_2832974,host_187017): 0 -> 1
Cell (virus_2832974,host_110941): 0 -> 1
Cell (virus_2832974,host_2603869): 0 -> 1
Cell (virus_2832974,host_188568): 0 -> 1
Cell (virus_2832974,host_1207989): 0 -> 1
Cell (virus_2832974,host_188569): 0 -> 1
Cell (virus_2832974,host_59453): 0 -> 1
Cell (virus_2832974,host_175524): 0 -> 1
Cell (virus_2832974,host_186990): 0 -> 1
Cell (virus_2832974,host_186991): 0 -> 1
Cell (virus_2832974,host_157961): 0 -> 1
Cell (virus_2832974,host_270698): 0 -> 1
Cell (virus_2832974,host_2603865): 0 -> 1
Cell (virus_2832974,host_430492): 0 -> 1
Cell (virus_2832974,host_1195082): 0 -> 1
Cell (virus_2832974,host_329870): 0 -> 1
Cell (virus_2832974,host_549403): 0 -> 1
Cell (virus_2832974,host_3371112): 0 -> 1
Cell (virus_2832974,host_166054): 0 -> 1
Cell (virus_2832974,host_9402): 0 -> 1
Cell (virus_2832974,host_9403): 0 -> 1
Cell (virus_2832974,host_1410044): 0 -> 1
Cell (virus_2832974,host_1898389): 0 -> 1
Cell (virus_2832974,host_77231): 0 -> 1
Cell (virus_2832974,host_372077): 0 -> 1
Cell (virus_2832974,host_58067): 0 -> 1
Cell (virus_2832974,host_58071): 0 -> 1
Cell (virus_2832974,host_77243): 0 -> 1
Cell (virus_2832974,host_58073): 0 -> 1
Cell (virus_2832974,host_1898393): 0 -> 1
Cell (virus_2832974,host_77223): 0 -> 1
Cell (virus_2832974,host_9407): 0 -> 1
Cell (virus_2832974,host_9408): 0 -> 1
Cell (virus_2832974,host_58065): 0 -> 1
Cell (virus_2832974,host_326083): 0 -> 1
Cell (virus_2832974,host_1381355): 0 -> 1
Cell (virus_2832974,host_187003): 0 -> 1
Cell (virus_2832974,host_907075): 0 -> 1
Cell (virus_2832974,host_208969): 0 -> 1
Cell (virus_2832974,host_40233): 0 -> 1
Cell (virus_2832974,host_40228): 0 -> 1
Cell (virus_2832974,host_40230): 0 -> 1
Cell (virus_2832974,host_40224): 0 -> 1
Cell (virus_2832974,host_196700): 0 -> 1
Cell (virus_2832974,host_27660): 0 -> 1
Cell (virus_2832974,host_409031): 0 -> 1
Cell (virus_2832974,host_89673): 0 -> 1
Cell (virus_2832974,host_9423): 0 -> 1
Cell (virus_2832974,host_148061): 0 -> 1
Cell (virus_2832974,host_148089): 0 -> 1
Cell (virus_2832974,host_94961): 0 -> 1
Cell (virus_2832974,host_3042450): 0 -> 1
Cell (virus_2832974,host_59472): 0 -> 1
Cell (virus_2832974,host_9414): 0 -> 1
Cell (virus_2832974,host_1434095): 0 -> 1
Cell (virus_2832974,host_221086): 0 -> 1
Cell (virus_2832974,host_291302): 0 -> 1
Cell (virus_2832974,host_187007): 0 -> 1
Cell (virus_2832974,host_187008): 0 -> 1
Cell (virus_2832974,host_438766): 0 -> 1
Cell (virus_2832974,host_258934): 0 -> 1
Cell (virus_2832974,host_124751): 0 -> 1
Cell (virus_2832974,host_3041509): 0 -> 1
Cell (virus_2832974,host_258867): 0 -> 1
Cell (virus_2832974,host_258952): 0 -> 1
Cell (virus_2832974,host_258953): 0 -> 1
Cell (virus_2832974,host_258930): 0 -> 1
Cell (virus_2832974,host_272799): 0 -> 1
Cell (virus_2832974,host_258909): 0 -> 1
Cell (virus_2832974,host_29078): 0 -> 1
Cell (virus_2832974,host_2969767): 0 -> 1
Cell (virus_2832974,host_3371014): 0 -> 1
Cell (virus_2832974,host_3371016): 0 -> 1
Cell (virus_2832974,host_3371021): 0 -> 1
Cell (virus_2832974,host_360967): 0 -> 1
Cell (virus_2832974,host_258959): 0 -> 1
Cell (virus_1928434,host_105273): 0 -> 1
Cell (virus_1928434,host_105295): 0 -> 1
Cell (virus_1928434,host_187011): 0 -> 1
Cell (virus_1928434,host_375553): 0 -> 1
Cell (virus_1928434,host_51300): 0 -> 1
Cell (virus_1928434,host_59473): 0 -> 1
Cell (virus_1928434,host_155035): 0 -> 1
Cell (virus_1928434,host_633648): 0 -> 1
Cell (virus_1928434,host_258925): 0 -> 1
Cell (virus_1928434,host_177185): 0 -> 1
Cell (virus_1928434,host_187017): 0 -> 1
Cell (virus_1928434,host_685731): 0 -> 1
Cell (virus_1928434,host_2603869): 0 -> 1
Cell (virus_1928434,host_1207989): 0 -> 1
Cell (virus_1928434,host_175524): 0 -> 1
Cell (virus_1928434,host_186990): 0 -> 1
Cell (virus_1928434,host_186991): 0 -> 1
Cell (virus_1928434,host_157961): 0 -> 1
Cell (virus_1928434,host_270698): 0 -> 1
Cell (virus_1928434,host_334201): 0 -> 1
Cell (virus_1928434,host_58069): 0 -> 1
Cell (virus_1928434,host_188571): 0 -> 1
Cell (virus_1928434,host_337453): 0 -> 1
Cell (virus_1928434,host_430492): 0 -> 1
Cell (virus_1928434,host_77218): 0 -> 1
Cell (virus_1928434,host_1195082): 0 -> 1
Cell (virus_1928434,host_329870): 0 -> 1
Cell (virus_1928434,host_549403): 0 -> 1
Cell (virus_1928434,host_3371112): 0 -> 1
Cell (virus_1928434,host_132908): 0 -> 1
Cell (virus_1928434,host_166054): 0 -> 1
Cell (virus_1928434,host_9402): 0 -> 1
Cell (virus_1928434,host_9403): 0 -> 1
Cell (virus_1928434,host_1410044): 0 -> 1
Cell (virus_1928434,host_1898389): 0 -> 1
Cell (virus_1928434,host_77231): 0 -> 1
Cell (virus_1928434,host_2853157): 0 -> 1
Cell (virus_1928434,host_903567): 0 -> 1
Cell (virus_1928434,host_58067): 0 -> 1
Cell (virus_1928434,host_58071): 0 -> 1
Cell (virus_1928434,host_77243): 0 -> 1
Cell (virus_1928434,host_58073): 0 -> 1
Cell (virus_1928434,host_77223): 0 -> 1
Cell (virus_1928434,host_9407): 0 -> 1
Cell (virus_1928434,host_9408): 0 -> 1
Cell (virus_1928434,host_58065): 0 -> 1
Cell (virus_1928434,host_326083): 0 -> 1
Cell (virus_1928434,host_1381355): 0 -> 1
Cell (virus_1928434,host_187003): 0 -> 1
Cell (virus_1928434,host_907075): 0 -> 1
Cell (virus_1928434,host_27634): 0 -> 1
Cell (virus_1928434,host_40228): 0 -> 1
Cell (virus_1928434,host_40230): 0 -> 1
Cell (virus_1928434,host_409031): 0 -> 1
Cell (virus_1928434,host_9423): 0 -> 1
Cell (virus_1928434,host_148061): 0 -> 1
Cell (virus_1928434,host_148089): 0 -> 1
Cell (virus_1928434,host_94961): 0 -> 1
Cell (virus_1928434,host_3042450): 0 -> 1
Cell (virus_1928434,host_3371013): 0 -> 1
Cell (virus_1928434,host_59472): 0 -> 1
Cell (virus_1928434,host_9414): 0 -> 1
Cell (virus_1928434,host_221086): 0 -> 1
Cell (virus_1928434,host_291302): 0 -> 1
Cell (virus_1928434,host_221087): 0 -> 1
Cell (virus_1928434,host_187007): 0 -> 1
Cell (virus_1928434,host_187008): 0 -> 1
Cell (virus_1928434,host_438766): 0 -> 1
Cell (virus_1928434,host_258934): 0 -> 1
Cell (virus_1928434,host_479723): 0 -> 1
Cell (virus_1928434,host_124751): 0 -> 1
Cell (virus_1928434,host_3041509): 0 -> 1
Cell (virus_1928434,host_258867): 0 -> 1
Cell (virus_1928434,host_249034): 0 -> 1
Cell (virus_1928434,host_258952): 0 -> 1
Cell (virus_1928434,host_258953): 0 -> 1
Cell (virus_1928434,host_258930): 0 -> 1
Cell (virus_1928434,host_272799): 0 -> 1
Cell (virus_1928434,host_258909): 0 -> 1
Cell (virus_1928434,host_909369): 0 -> 1
Cell (virus_1928434,host_29078): 0 -> 1
Cell (virus_1928434,host_3371014): 0 -> 1
Cell (virus_1928434,host_3371016): 0 -> 1
Cell (virus_1928434,host_360967): 0 -> 1
Cell (virus_1928434,host_258959): 0 -> 1
Cell (virus_1928434,host_526822): 0 -> 1
Cell (virus_3433757,host_105273): 0 -> 1
Cell (virus_3433757,host_105295): 0 -> 1
Cell (virus_3433757,host_187011): 0 -> 1
Cell (virus_3433757,host_375553): 0 -> 1
Cell (virus_3433757,host_51300): 0 -> 1
Cell (virus_3433757,host_59473): 0 -> 1
Cell (virus_3433757,host_155035): 0 -> 1
Cell (virus_3433757,host_633648): 0 -> 1
Cell (virus_3433757,host_258925): 0 -> 1
Cell (virus_3433757,host_177185): 0 -> 1
Cell (virus_3433757,host_187017): 0 -> 1
Cell (virus_3433757,host_685731): 0 -> 1
Cell (virus_3433757,host_2603869): 0 -> 1
Cell (virus_3433757,host_1207989): 0 -> 1
Cell (virus_3433757,host_175524): 0 -> 1
Cell (virus_3433757,host_186990): 0 -> 1
Cell (virus_3433757,host_186991): 0 -> 1
Cell (virus_3433757,host_157961): 0 -> 1
Cell (virus_3433757,host_270698): 0 -> 1
Cell (virus_3433757,host_334201): 0 -> 1
Cell (virus_3433757,host_58069): 0 -> 1
Cell (virus_3433757,host_188571): 0 -> 1
Cell (virus_3433757,host_337453): 0 -> 1
Cell (virus_3433757,host_430492): 0 -> 1
Cell (virus_3433757,host_77218): 0 -> 1
Cell (virus_3433757,host_1195082): 0 -> 1
Cell (virus_3433757,host_329870): 0 -> 1
Cell (virus_3433757,host_549403): 0 -> 1
Cell (virus_3433757,host_3371112): 0 -> 1
Cell (virus_3433757,host_132908): 0 -> 1
Cell (virus_3433757,host_166054): 0 -> 1
Cell (virus_3433757,host_9402): 0 -> 1
Cell (virus_3433757,host_9403): 0 -> 1
Cell (virus_3433757,host_1410044): 0 -> 1
Cell (virus_3433757,host_1898389): 0 -> 1
Cell (virus_3433757,host_77231): 0 -> 1
Cell (virus_3433757,host_2853157): 0 -> 1
Cell (virus_3433757,host_903567): 0 -> 1
Cell (virus_3433757,host_58067): 0 -> 1
Cell (virus_3433757,host_58071): 0 -> 1
Cell (virus_3433757,host_77243): 0 -> 1
Cell (virus_3433757,host_58073): 0 -> 1
Cell (virus_3433757,host_77223): 0 -> 1
Cell (virus_3433757,host_9407): 0 -> 1
Cell (virus_3433757,host_9408): 0 -> 1
Cell (virus_3433757,host_58065): 0 -> 1
Cell (virus_3433757,host_326083): 0 -> 1
Cell (virus_3433757,host_1381355): 0 -> 1
Cell (virus_3433757,host_187003): 0 -> 1
Cell (virus_3433757,host_907075): 0 -> 1
Cell (virus_3433757,host_27634): 0 -> 1
Cell (virus_3433757,host_40228): 0 -> 1
Cell (virus_3433757,host_40230): 0 -> 1
Cell (virus_3433757,host_409031): 0 -> 1
Cell (virus_3433757,host_9423): 0 -> 1
Cell (virus_3433757,host_148061): 0 -> 1
Cell (virus_3433757,host_148089): 0 -> 1
Cell (virus_3433757,host_94961): 0 -> 1
Cell (virus_3433757,host_3042450): 0 -> 1
Cell (virus_3433757,host_3371013): 0 -> 1
Cell (virus_3433757,host_59472): 0 -> 1
Cell (virus_3433757,host_9414): 0 -> 1
Cell (virus_3433757,host_221086): 0 -> 1
Cell (virus_3433757,host_291302): 0 -> 1
Cell (virus_3433757,host_221087): 0 -> 1
Cell (virus_3433757,host_187007): 0 -> 1
Cell (virus_3433757,host_187008): 0 -> 1
Cell (virus_3433757,host_438766): 0 -> 1
Cell (virus_3433757,host_258934): 0 -> 1
Cell (virus_3433757,host_479723): 0 -> 1
Cell (virus_3433757,host_3041509): 0 -> 1
Cell (virus_3433757,host_258867): 0 -> 1
Cell (virus_3433757,host_249034): 0 -> 1
Cell (virus_3433757,host_258952): 0 -> 1
Cell (virus_3433757,host_258953): 0 -> 1
Cell (virus_3433757,host_258930): 0 -> 1
Cell (virus_3433757,host_272799): 0 -> 1
Cell (virus_3433757,host_258909): 0 -> 1
Cell (virus_3433757,host_909369): 0 -> 1
Cell (virus_3433757,host_29078): 0 -> 1
Cell (virus_3433757,host_3371014): 0 -> 1
Cell (virus_3433757,host_3371016): 0 -> 1
Cell (virus_3433757,host_360967): 0 -> 1
Cell (virus_3433757,host_258959): 0 -> 1
Cell (virus_3433757,host_526822): 0 -> 1
Cell (virus_694003,host_105273): 0 -> 1
Cell (virus_694003,host_105295): 0 -> 1
Cell (virus_694003,host_187011): 0 -> 1
Cell (virus_694003,host_375553): 0 -> 1
Cell (virus_694003,host_51300): 0 -> 1
Cell (virus_694003,host_59473): 0 -> 1
Cell (virus_694003,host_155035): 0 -> 1
Cell (virus_694003,host_633648): 0 -> 1
Cell (virus_694003,host_258925): 0 -> 1
Cell (virus_694003,host_177185): 0 -> 1
Cell (virus_694003,host_187017): 0 -> 1
Cell (virus_694003,host_685731): 0 -> 1
Cell (virus_694003,host_2603869): 0 -> 1
Cell (virus_694003,host_1207989): 0 -> 1
Cell (virus_694003,host_175524): 0 -> 1
Cell (virus_694003,host_186990): 0 -> 1
Cell (virus_694003,host_186991): 0 -> 1
Cell (virus_694003,host_157961): 0 -> 1
Cell (virus_694003,host_270698): 0 -> 1
Cell (virus_694003,host_334201): 0 -> 1
Cell (virus_694003,host_58069): 0 -> 1
Cell (virus_694003,host_188571): 0 -> 1
Cell (virus_694003,host_337453): 0 -> 1
Cell (virus_694003,host_430492): 0 -> 1
Cell (virus_694003,host_77218): 0 -> 1
Cell (virus_694003,host_1195082): 0 -> 1
Cell (virus_694003,host_329870): 0 -> 1
Cell (virus_694003,host_549403): 0 -> 1
Cell (virus_694003,host_3371112): 0 -> 1
Cell (virus_694003,host_132908): 0 -> 1
Cell (virus_694003,host_166054): 0 -> 1
Cell (virus_694003,host_9402): 0 -> 1
Cell (virus_694003,host_9403): 0 -> 1
Cell (virus_694003,host_1410044): 0 -> 1
Cell (virus_694003,host_1898389): 0 -> 1
Cell (virus_694003,host_77231): 0 -> 1
Cell (virus_694003,host_2853157): 0 -> 1
Cell (virus_694003,host_903567): 0 -> 1
Cell (virus_694003,host_58067): 0 -> 1
Cell (virus_694003,host_58071): 0 -> 1
Cell (virus_694003,host_77243): 0 -> 1
Cell (virus_694003,host_58073): 0 -> 1
Cell (virus_694003,host_77223): 0 -> 1
Cell (virus_694003,host_9407): 0 -> 1
Cell (virus_694003,host_9408): 0 -> 1
Cell (virus_694003,host_58065): 0 -> 1
Cell (virus_694003,host_326083): 0 -> 1
Cell (virus_694003,host_1381355): 0 -> 1
Cell (virus_694003,host_187003): 0 -> 1
Cell (virus_694003,host_907075): 0 -> 1
Cell (virus_694003,host_27634): 0 -> 1
Cell (virus_694003,host_40228): 0 -> 1
Cell (virus_694003,host_40230): 0 -> 1
Cell (virus_694003,host_409031): 0 -> 1
Cell (virus_694003,host_9423): 0 -> 1
Cell (virus_694003,host_148061): 0 -> 1
Cell (virus_694003,host_148089): 0 -> 1
Cell (virus_694003,host_94961): 0 -> 1
Cell (virus_694003,host_3042450): 0 -> 1
Cell (virus_694003,host_3371013): 0 -> 1
Cell (virus_694003,host_59472): 0 -> 1
Cell (virus_694003,host_9414): 0 -> 1
Cell (virus_694003,host_221086): 0 -> 1
Cell (virus_694003,host_291302): 0 -> 1
Cell (virus_694003,host_221087): 0 -> 1
Cell (virus_694003,host_187007): 0 -> 1
Cell (virus_694003,host_187008): 0 -> 1
Cell (virus_694003,host_438766): 0 -> 1
Cell (virus_694003,host_258934): 0 -> 1
Cell (virus_694003,host_479723): 0 -> 1
Cell (virus_694003,host_3041509): 0 -> 1
Cell (virus_694003,host_258867): 0 -> 1
Cell (virus_694003,host_249034): 0 -> 1
Cell (virus_694003,host_258952): 0 -> 1
Cell (virus_694003,host_258953): 0 -> 1
Cell (virus_694003,host_258930): 0 -> 1
Cell (virus_694003,host_272799): 0 -> 1
Cell (virus_694003,host_258909): 0 -> 1
Cell (virus_694003,host_909369): 0 -> 1
Cell (virus_694003,host_29078): 0 -> 1
Cell (virus_694003,host_3371014): 0 -> 1
Cell (virus_694003,host_3371016): 0 -> 1
Cell (virus_694003,host_360967): 0 -> 1
Cell (virus_694003,host_258959): 0 -> 1
Cell (virus_694003,host_526822): 0 -> 1
Cell (virus_2717680,host_105273): 0 -> 1
Cell (virus_2717680,host_105295): 0 -> 1
Cell (virus_2717680,host_187011): 0 -> 1
Cell (virus_2717680,host_375553): 0 -> 1
Cell (virus_2717680,host_51300): 0 -> 1
Cell (virus_2717680,host_59473): 0 -> 1
Cell (virus_2717680,host_155035): 0 -> 1
Cell (virus_2717680,host_2015597): 0 -> 1
Cell (virus_2717680,host_633648): 0 -> 1
Cell (virus_2717680,host_258925): 0 -> 1
Cell (virus_2717680,host_177185): 0 -> 1
Cell (virus_2717680,host_187017): 0 -> 1
Cell (virus_2717680,host_685731): 0 -> 1
Cell (virus_2717680,host_2603869): 0 -> 1
Cell (virus_2717680,host_1207989): 0 -> 1
Cell (virus_2717680,host_188569): 0 -> 1
Cell (virus_2717680,host_175524): 0 -> 1
Cell (virus_2717680,host_186990): 0 -> 1
Cell (virus_2717680,host_186991): 0 -> 1
Cell (virus_2717680,host_58069): 0 -> 1
Cell (virus_2717680,host_376555): 0 -> 1
Cell (virus_2717680,host_188570): 0 -> 1
Cell (virus_2717680,host_196296): 0 -> 1
Cell (virus_2717680,host_188572): 0 -> 1
Cell (virus_2717680,host_196889): 0 -> 1
Cell (virus_2717680,host_867892): 0 -> 1
Cell (virus_2717680,host_476588): 0 -> 1
Cell (virus_2717680,host_337452): 0 -> 1
Cell (virus_2717680,host_76837): 0 -> 1
Cell (virus_2717680,host_608659): 0 -> 1
Cell (virus_2717680,host_89399): 0 -> 1
Cell (virus_2717680,host_249024): 0 -> 1
Cell (virus_2717680,host_337453): 0 -> 1
Cell (virus_2717680,host_77218): 0 -> 1
Cell (virus_2717680,host_1195082): 0 -> 1
Cell (virus_2717680,host_329870): 0 -> 1
Cell (virus_2717680,host_549403): 0 -> 1
Cell (virus_2717680,host_3371112): 0 -> 1
Cell (virus_2717680,host_166054): 0 -> 1
Cell (virus_2717680,host_385575): 0 -> 1
Cell (virus_2717680,host_328804): 0 -> 1
Cell (virus_2717680,host_9402): 0 -> 1
Cell (virus_2717680,host_9403): 0 -> 1
Cell (virus_2717680,host_1410044): 0 -> 1
Cell (virus_2717680,host_1898389): 0 -> 1
Cell (virus_2717680,host_77231): 0 -> 1
Cell (virus_2717680,host_372077): 0 -> 1
Cell (virus_2717680,host_58067): 0 -> 1
Cell (virus_2717680,host_448084): 0 -> 1
Cell (virus_2717680,host_58071): 0 -> 1
Cell (virus_2717680,host_77243): 0 -> 1
Cell (virus_2717680,host_58073): 0 -> 1
Cell (virus_2717680,host_77223): 0 -> 1
Cell (virus_2717680,host_9407): 0 -> 1
Cell (virus_2717680,host_9408): 0 -> 1
Cell (virus_2717680,host_326083): 0 -> 1
Cell (virus_2717680,host_1381355): 0 -> 1
Cell (virus_2717680,host_187003): 0 -> 1
Cell (virus_2717680,host_907075): 0 -> 1
Cell (virus_2717680,host_89673): 0 -> 1
Cell (virus_2717680,host_148061): 0 -> 1
Cell (virus_2717680,host_148089): 0 -> 1
Cell (virus_2717680,host_94961): 0 -> 1
Cell (virus_2717680,host_3042450): 0 -> 1
Cell (virus_2717680,host_59472): 0 -> 1
Cell (virus_2717680,host_9414): 0 -> 1
Cell (virus_2717680,host_1434095): 0 -> 1
Cell (virus_2717680,host_221086): 0 -> 1
Cell (virus_2717680,host_291302): 0 -> 1
Cell (virus_2717680,host_187007): 0 -> 1
Cell (virus_2717680,host_187008): 0 -> 1
Cell (virus_2717680,host_438766): 0 -> 1
Cell (virus_2717680,host_258934): 0 -> 1
Cell (virus_2717680,host_479723): 0 -> 1
Cell (virus_2717680,host_3041509): 0 -> 1
Cell (virus_2717680,host_258867): 0 -> 1
Cell (virus_2717680,host_153297): 0 -> 1
Cell (virus_2717680,host_258952): 0 -> 1
Cell (virus_2717680,host_258953): 0 -> 1
Cell (virus_2717680,host_249033): 0 -> 1
Cell (virus_2717680,host_258930): 0 -> 1
Cell (virus_2717680,host_272799): 0 -> 1
Cell (virus_2717680,host_258909): 0 -> 1
Cell (virus_2717680,host_909369): 0 -> 1
Cell (virus_2717680,host_29078): 0 -> 1
Cell (virus_2717680,host_3371014): 0 -> 1
Cell (virus_2717680,host_3371016): 0 -> 1
Cell (virus_2717680,host_360967): 0 -> 1
Cell (virus_2717680,host_258959): 0 -> 1
Cell (virus_2833022,host_105273): 0 -> 1
Cell (virus_2833022,host_105295): 0 -> 1
Cell (virus_2833022,host_187011): 0 -> 1
Cell (virus_2833022,host_375553): 0 -> 1
Cell (virus_2833022,host_59473): 0 -> 1
Cell (virus_2833022,host_160974): 0 -> 1
Cell (virus_2833022,host_155035): 0 -> 1
Cell (virus_2833022,host_2015597): 0 -> 1
Cell (virus_2833022,host_633648): 0 -> 1
Cell (virus_2833022,host_258925): 0 -> 1
Cell (virus_2833022,host_177185): 0 -> 1
Cell (virus_2833022,host_685731): 0 -> 1
Cell (virus_2833022,host_2603869): 0 -> 1
Cell (virus_2833022,host_1207989): 0 -> 1
Cell (virus_2833022,host_188569): 0 -> 1
Cell (virus_2833022,host_59453): 0 -> 1
Cell (virus_2833022,host_175524): 0 -> 1
Cell (virus_2833022,host_186990): 0 -> 1
Cell (virus_2833022,host_186991): 0 -> 1
Cell (virus_2833022,host_58069): 0 -> 1
Cell (virus_2833022,host_376555): 0 -> 1
Cell (virus_2833022,host_188570): 0 -> 1
Cell (virus_2833022,host_196296): 0 -> 1
Cell (virus_2833022,host_188572): 0 -> 1
Cell (virus_2833022,host_196889): 0 -> 1
Cell (virus_2833022,host_867892): 0 -> 1
Cell (virus_2833022,host_476588): 0 -> 1
Cell (virus_2833022,host_337452): 0 -> 1
Cell (virus_2833022,host_76837): 0 -> 1
Cell (virus_2833022,host_608659): 0 -> 1
Cell (virus_2833022,host_89399): 0 -> 1
Cell (virus_2833022,host_337453): 0 -> 1
Cell (virus_2833022,host_77218): 0 -> 1
Cell (virus_2833022,host_1195082): 0 -> 1
Cell (virus_2833022,host_329870): 0 -> 1
Cell (virus_2833022,host_549403): 0 -> 1
Cell (virus_2833022,host_3371112): 0 -> 1
Cell (virus_2833022,host_166054): 0 -> 1
Cell (virus_2833022,host_385575): 0 -> 1
Cell (virus_2833022,host_328804): 0 -> 1
Cell (virus_2833022,host_9402): 0 -> 1
Cell (virus_2833022,host_9403): 0 -> 1
Cell (virus_2833022,host_1410044): 0 -> 1
Cell (virus_2833022,host_1898389): 0 -> 1
Cell (virus_2833022,host_77231): 0 -> 1
Cell (virus_2833022,host_372077): 0 -> 1
Cell (virus_2833022,host_58067): 0 -> 1
Cell (virus_2833022,host_58071): 0 -> 1
Cell (virus_2833022,host_77243): 0 -> 1
Cell (virus_2833022,host_58073): 0 -> 1
Cell (virus_2833022,host_77223): 0 -> 1
Cell (virus_2833022,host_9407): 0 -> 1
Cell (virus_2833022,host_9408): 0 -> 1
Cell (virus_2833022,host_58063): 0 -> 1
Cell (virus_2833022,host_326083): 0 -> 1
Cell (virus_2833022,host_1381355): 0 -> 1
Cell (virus_2833022,host_187003): 0 -> 1
Cell (virus_2833022,host_907075): 0 -> 1
Cell (virus_2833022,host_89673): 0 -> 1
Cell (virus_2833022,host_148089): 0 -> 1
Cell (virus_2833022,host_94961): 0 -> 1
Cell (virus_2833022,host_3042450): 0 -> 1
Cell (virus_2833022,host_3371013): 0 -> 1
Cell (virus_2833022,host_59472): 0 -> 1
Cell (virus_2833022,host_9414): 0 -> 1
Cell (virus_2833022,host_1434095): 0 -> 1
Cell (virus_2833022,host_221086): 0 -> 1
Cell (virus_2833022,host_291302): 0 -> 1
Cell (virus_2833022,host_221087): 0 -> 1
Cell (virus_2833022,host_187007): 0 -> 1
Cell (virus_2833022,host_187008): 0 -> 1
Cell (virus_2833022,host_438766): 0 -> 1
Cell (virus_2833022,host_258934): 0 -> 1
Cell (virus_2833022,host_479723): 0 -> 1
Cell (virus_2833022,host_3041509): 0 -> 1
Cell (virus_2833022,host_258867): 0 -> 1
Cell (virus_2833022,host_153297): 0 -> 1
Cell (virus_2833022,host_249034): 0 -> 1
Cell (virus_2833022,host_258952): 0 -> 1
Cell (virus_2833022,host_258953): 0 -> 1
Cell (virus_2833022,host_249033): 0 -> 1
Cell (virus_2833022,host_258930): 0 -> 1
Cell (virus_2833022,host_272799): 0 -> 1
Cell (virus_2833022,host_258909): 0 -> 1
Cell (virus_2833022,host_909369): 0 -> 1
Cell (virus_2833022,host_29078): 0 -> 1
Cell (virus_2833022,host_3371014): 0 -> 1
Cell (virus_2833022,host_3371016): 0 -> 1
Cell (virus_2833022,host_360967): 0 -> 1
Cell (virus_2833022,host_258944): 0 -> 1
Cell (virus_2833022,host_258959): 0 -> 1
Cell (virus_2913444,host_105273): 0 -> 1
Cell (virus_2913444,host_105295): 0 -> 1
Cell (virus_2913444,host_187011): 0 -> 1
Cell (virus_2913444,host_375553): 0 -> 1
Cell (virus_2913444,host_59473): 0 -> 1
Cell (virus_2913444,host_160974): 0 -> 1
Cell (virus_2913444,host_155035): 0 -> 1
Cell (virus_2913444,host_2015597): 0 -> 1
Cell (virus_2913444,host_633648): 0 -> 1
Cell (virus_2913444,host_258925): 0 -> 1
Cell (virus_2913444,host_177185): 0 -> 1
Cell (virus_2913444,host_685731): 0 -> 1
Cell (virus_2913444,host_2603869): 0 -> 1
Cell (virus_2913444,host_1207989): 0 -> 1
Cell (virus_2913444,host_188569): 0 -> 1
Cell (virus_2913444,host_59453): 0 -> 1
Cell (virus_2913444,host_175524): 0 -> 1
Cell (virus_2913444,host_186990): 0 -> 1
Cell (virus_2913444,host_186991): 0 -> 1
Cell (virus_2913444,host_58069): 0 -> 1
Cell (virus_2913444,host_376555): 0 -> 1
Cell (virus_2913444,host_188570): 0 -> 1
Cell (virus_2913444,host_196296): 0 -> 1
Cell (virus_2913444,host_188572): 0 -> 1
Cell (virus_2913444,host_196889): 0 -> 1
Cell (virus_2913444,host_867892): 0 -> 1
Cell (virus_2913444,host_476588): 0 -> 1
Cell (virus_2913444,host_337452): 0 -> 1
Cell (virus_2913444,host_76837): 0 -> 1
Cell (virus_2913444,host_608659): 0 -> 1
Cell (virus_2913444,host_89399): 0 -> 1
Cell (virus_2913444,host_337453): 0 -> 1
Cell (virus_2913444,host_77218): 0 -> 1
Cell (virus_2913444,host_1195082): 0 -> 1
Cell (virus_2913444,host_329870): 0 -> 1
Cell (virus_2913444,host_549403): 0 -> 1
Cell (virus_2913444,host_3371112): 0 -> 1
Cell (virus_2913444,host_166054): 0 -> 1
Cell (virus_2913444,host_385575): 0 -> 1
Cell (virus_2913444,host_328804): 0 -> 1
Cell (virus_2913444,host_9402): 0 -> 1
Cell (virus_2913444,host_9403): 0 -> 1
Cell (virus_2913444,host_1410044): 0 -> 1
Cell (virus_2913444,host_1898389): 0 -> 1
Cell (virus_2913444,host_77231): 0 -> 1
Cell (virus_2913444,host_372077): 0 -> 1
Cell (virus_2913444,host_58067): 0 -> 1
Cell (virus_2913444,host_498220): 0 -> 1
Cell (virus_2913444,host_58071): 0 -> 1
Cell (virus_2913444,host_77243): 0 -> 1
Cell (virus_2913444,host_58073): 0 -> 1
Cell (virus_2913444,host_77223): 0 -> 1
Cell (virus_2913444,host_9407): 0 -> 1
Cell (virus_2913444,host_9408): 0 -> 1
Cell (virus_2913444,host_326083): 0 -> 1
Cell (virus_2913444,host_1381355): 0 -> 1
Cell (virus_2913444,host_187003): 0 -> 1
Cell (virus_2913444,host_907075): 0 -> 1
Cell (virus_2913444,host_89673): 0 -> 1
Cell (virus_2913444,host_148089): 0 -> 1
Cell (virus_2913444,host_94961): 0 -> 1
Cell (virus_2913444,host_3042450): 0 -> 1
Cell (virus_2913444,host_59472): 0 -> 1
Cell (virus_2913444,host_9414): 0 -> 1
Cell (virus_2913444,host_1434095): 0 -> 1
Cell (virus_2913444,host_221086): 0 -> 1
Cell (virus_2913444,host_291302): 0 -> 1
Cell (virus_2913444,host_221087): 0 -> 1
Cell (virus_2913444,host_187007): 0 -> 1
Cell (virus_2913444,host_187008): 0 -> 1
Cell (virus_2913444,host_438766): 0 -> 1
Cell (virus_2913444,host_258934): 0 -> 1
Cell (virus_2913444,host_479723): 0 -> 1
Cell (virus_2913444,host_3041509): 0 -> 1
Cell (virus_2913444,host_2218597): 0 -> 1
Cell (virus_2913444,host_258867): 0 -> 1
Cell (virus_2913444,host_153297): 0 -> 1
Cell (virus_2913444,host_258952): 0 -> 1
Cell (virus_2913444,host_258953): 0 -> 1
Cell (virus_2913444,host_249033): 0 -> 1
Cell (virus_2913444,host_258930): 0 -> 1
Cell (virus_2913444,host_272799): 0 -> 1
Cell (virus_2913444,host_258909): 0 -> 1
Cell (virus_2913444,host_909369): 0 -> 1
Cell (virus_2913444,host_29078): 0 -> 1
Cell (virus_2913444,host_3371014): 0 -> 1
Cell (virus_2913444,host_3371016): 0 -> 1
Cell (virus_2913444,host_360967): 0 -> 1
Cell (virus_2913444,host_258944): 0 -> 1
Cell (virus_2913444,host_258959): 0 -> 1
Cell (virus_3418614,host_105273): 0 -> 1
Cell (virus_3418614,host_105295): 0 -> 1
Cell (virus_3418614,host_187011): 0 -> 1
Cell (virus_3418614,host_375553): 0 -> 1
Cell (virus_3418614,host_51300): 0 -> 1
Cell (virus_3418614,host_294653): 0 -> 1
Cell (virus_3418614,host_59473): 0 -> 1
Cell (virus_3418614,host_155035): 0 -> 1
Cell (virus_3418614,host_2015597): 0 -> 1
Cell (virus_3418614,host_633648): 0 -> 1
Cell (virus_3418614,host_258925): 0 -> 1
Cell (virus_3418614,host_177185): 0 -> 1
Cell (virus_3418614,host_685731): 0 -> 1
Cell (virus_3418614,host_2603869): 0 -> 1
Cell (virus_3418614,host_1207989): 0 -> 1
Cell (virus_3418614,host_188569): 0 -> 1
Cell (virus_3418614,host_175524): 0 -> 1
Cell (virus_3418614,host_186990): 0 -> 1
Cell (virus_3418614,host_186991): 0 -> 1
Cell (virus_3418614,host_58069): 0 -> 1
Cell (virus_3418614,host_376555): 0 -> 1
Cell (virus_3418614,host_188570): 0 -> 1
Cell (virus_3418614,host_196296): 0 -> 1
Cell (virus_3418614,host_188572): 0 -> 1
Cell (virus_3418614,host_867892): 0 -> 1
Cell (virus_3418614,host_476588): 0 -> 1
Cell (virus_3418614,host_337452): 0 -> 1
Cell (virus_3418614,host_76837): 0 -> 1
Cell (virus_3418614,host_320431): 0 -> 1
Cell (virus_3418614,host_608659): 0 -> 1
Cell (virus_3418614,host_89399): 0 -> 1
Cell (virus_3418614,host_249024): 0 -> 1
Cell (virus_3418614,host_337453): 0 -> 1
Cell (virus_3418614,host_77218): 0 -> 1
Cell (virus_3418614,host_1195082): 0 -> 1
Cell (virus_3418614,host_329870): 0 -> 1
Cell (virus_3418614,host_549403): 0 -> 1
Cell (virus_3418614,host_3371112): 0 -> 1
Cell (virus_3418614,host_166054): 0 -> 1
Cell (virus_3418614,host_385575): 0 -> 1
Cell (virus_3418614,host_328804): 0 -> 1
Cell (virus_3418614,host_9402): 0 -> 1
Cell (virus_3418614,host_9403): 0 -> 1
Cell (virus_3418614,host_1410044): 0 -> 1
Cell (virus_3418614,host_1898389): 0 -> 1
Cell (virus_3418614,host_77231): 0 -> 1
Cell (virus_3418614,host_372077): 0 -> 1
Cell (virus_3418614,host_58067): 0 -> 1
Cell (virus_3418614,host_58071): 0 -> 1
Cell (virus_3418614,host_77243): 0 -> 1
Cell (virus_3418614,host_58073): 0 -> 1
Cell (virus_3418614,host_77223): 0 -> 1
Cell (virus_3418614,host_9407): 0 -> 1
Cell (virus_3418614,host_9408): 0 -> 1
Cell (virus_3418614,host_1381355): 0 -> 1
Cell (virus_3418614,host_187003): 0 -> 1
Cell (virus_3418614,host_907075): 0 -> 1
Cell (virus_3418614,host_89673): 0 -> 1
Cell (virus_3418614,host_148089): 0 -> 1
Cell (virus_3418614,host_94961): 0 -> 1
Cell (virus_3418614,host_3042450): 0 -> 1
Cell (virus_3418614,host_59472): 0 -> 1
Cell (virus_3418614,host_9414): 0 -> 1
Cell (virus_3418614,host_221086): 0 -> 1
Cell (virus_3418614,host_291302): 0 -> 1
Cell (virus_3418614,host_187007): 0 -> 1
Cell (virus_3418614,host_187008): 0 -> 1
Cell (virus_3418614,host_438766): 0 -> 1
Cell (virus_3418614,host_258934): 0 -> 1
Cell (virus_3418614,host_479723): 0 -> 1
Cell (virus_3418614,host_3041509): 0 -> 1
Cell (virus_3418614,host_258867): 0 -> 1
Cell (virus_3418614,host_153297): 0 -> 1
Cell (virus_3418614,host_258952): 0 -> 1
Cell (virus_3418614,host_258953): 0 -> 1
Cell (virus_3418614,host_249033): 0 -> 1
Cell (virus_3418614,host_258930): 0 -> 1
Cell (virus_3418614,host_272799): 0 -> 1
Cell (virus_3418614,host_258909): 0 -> 1
Cell (virus_3418614,host_909369): 0 -> 1
Cell (virus_3418614,host_29078): 0 -> 1
Cell (virus_3418614,host_3371014): 0 -> 1
Cell (virus_3418614,host_3371016): 0 -> 1
Cell (virus_3418614,host_360967): 0 -> 1
Cell (virus_3418614,host_258959): 0 -> 1
Cell (virus_3418614,host_59485): 0 -> 1
Cell (virus_2913379,host_105273): 0 -> 1
Cell (virus_2913379,host_105295): 0 -> 1
Cell (virus_2913379,host_375553): 0 -> 1
Cell (virus_2913379,host_51300): 0 -> 1
Cell (virus_2913379,host_59473): 0 -> 1
Cell (virus_2913379,host_155035): 0 -> 1
Cell (virus_2913379,host_2015597): 0 -> 1
Cell (virus_2913379,host_633648): 0 -> 1
Cell (virus_2913379,host_258925): 0 -> 1
Cell (virus_2913379,host_177185): 0 -> 1
Cell (virus_2913379,host_187017): 0 -> 1
Cell (virus_2913379,host_685731): 0 -> 1
Cell (virus_2913379,host_2603869): 0 -> 1
Cell (virus_2913379,host_1207989): 0 -> 1
Cell (virus_2913379,host_188569): 0 -> 1
Cell (virus_2913379,host_59453): 0 -> 1
Cell (virus_2913379,host_186990): 0 -> 1
Cell (virus_2913379,host_186991): 0 -> 1
Cell (virus_2913379,host_58069): 0 -> 1
Cell (virus_2913379,host_376555): 0 -> 1
Cell (virus_2913379,host_188570): 0 -> 1
Cell (virus_2913379,host_196296): 0 -> 1
Cell (virus_2913379,host_188572): 0 -> 1
Cell (virus_2913379,host_867892): 0 -> 1
Cell (virus_2913379,host_476588): 0 -> 1
Cell (virus_2913379,host_337452): 0 -> 1
Cell (virus_2913379,host_76837): 0 -> 1
Cell (virus_2913379,host_608659): 0 -> 1
Cell (virus_2913379,host_89399): 0 -> 1
Cell (virus_2913379,host_337453): 0 -> 1
Cell (virus_2913379,host_77218): 0 -> 1
Cell (virus_2913379,host_1195082): 0 -> 1
Cell (virus_2913379,host_329870): 0 -> 1
Cell (virus_2913379,host_549403): 0 -> 1
Cell (virus_2913379,host_3371112): 0 -> 1
Cell (virus_2913379,host_166054): 0 -> 1
Cell (virus_2913379,host_385575): 0 -> 1
Cell (virus_2913379,host_328804): 0 -> 1
Cell (virus_2913379,host_9402): 0 -> 1
Cell (virus_2913379,host_9403): 0 -> 1
Cell (virus_2913379,host_1410044): 0 -> 1
Cell (virus_2913379,host_77231): 0 -> 1
Cell (virus_2913379,host_58067): 0 -> 1
Cell (virus_2913379,host_58071): 0 -> 1
Cell (virus_2913379,host_77243): 0 -> 1
Cell (virus_2913379,host_58073): 0 -> 1
Cell (virus_2913379,host_77223): 0 -> 1
Cell (virus_2913379,host_9407): 0 -> 1
Cell (virus_2913379,host_9408): 0 -> 1
Cell (virus_2913379,host_58065): 0 -> 1
Cell (virus_2913379,host_326083): 0 -> 1
Cell (virus_2913379,host_1381355): 0 -> 1
Cell (virus_2913379,host_187003): 0 -> 1
Cell (virus_2913379,host_907075): 0 -> 1
Cell (virus_2913379,host_409031): 0 -> 1
Cell (virus_2913379,host_89673): 0 -> 1
Cell (virus_2913379,host_148089): 0 -> 1
Cell (virus_2913379,host_94961): 0 -> 1
Cell (virus_2913379,host_3042450): 0 -> 1
Cell (virus_2913379,host_59472): 0 -> 1
Cell (virus_2913379,host_9414): 0 -> 1
Cell (virus_2913379,host_1434095): 0 -> 1
Cell (virus_2913379,host_221086): 0 -> 1
Cell (virus_2913379,host_291302): 0 -> 1
Cell (virus_2913379,host_187007): 0 -> 1
Cell (virus_2913379,host_187008): 0 -> 1
Cell (virus_2913379,host_438766): 0 -> 1
Cell (virus_2913379,host_258934): 0 -> 1
Cell (virus_2913379,host_479723): 0 -> 1
Cell (virus_2913379,host_3041509): 0 -> 1
Cell (virus_2913379,host_258867): 0 -> 1
Cell (virus_2913379,host_153297): 0 -> 1
Cell (virus_2913379,host_258952): 0 -> 1
Cell (virus_2913379,host_258953): 0 -> 1
Cell (virus_2913379,host_249033): 0 -> 1
Cell (virus_2913379,host_258930): 0 -> 1
Cell (virus_2913379,host_272799): 0 -> 1
Cell (virus_2913379,host_258909): 0 -> 1
Cell (virus_2913379,host_909369): 0 -> 1
Cell (virus_2913379,host_29078): 0 -> 1
Cell (virus_2913379,host_3371014): 0 -> 1
Cell (virus_2913379,host_3371016): 0 -> 1
Cell (virus_2913379,host_258959): 0 -> 1
Cell (virus_2913381,host_105273): 0 -> 1
Cell (virus_2913381,host_105295): 0 -> 1
Cell (virus_2913381,host_187011): 0 -> 1
Cell (virus_2913381,host_375553): 0 -> 1
Cell (virus_2913381,host_51300): 0 -> 1
Cell (virus_2913381,host_246814): 0 -> 1
Cell (virus_2913381,host_59473): 0 -> 1
Cell (virus_2913381,host_155035): 0 -> 1
Cell (virus_2913381,host_633648): 0 -> 1
Cell (virus_2913381,host_258925): 0 -> 1
Cell (virus_2913381,host_177185): 0 -> 1
Cell (virus_2913381,host_187017): 0 -> 1
Cell (virus_2913381,host_685731): 0 -> 1
Cell (virus_2913381,host_2603869): 0 -> 1
Cell (virus_2913381,host_1207989): 0 -> 1
Cell (virus_2913381,host_188569): 0 -> 1
Cell (virus_2913381,host_59453): 0 -> 1
Cell (virus_2913381,host_186990): 0 -> 1
Cell (virus_2913381,host_186991): 0 -> 1
Cell (virus_2913381,host_58069): 0 -> 1
Cell (virus_2913381,host_376555): 0 -> 1
Cell (virus_2913381,host_188570): 0 -> 1
Cell (virus_2913381,host_196296): 0 -> 1
Cell (virus_2913381,host_188572): 0 -> 1
Cell (virus_2913381,host_867892): 0 -> 1
Cell (virus_2913381,host_476588): 0 -> 1
Cell (virus_2913381,host_337452): 0 -> 1
Cell (virus_2913381,host_76837): 0 -> 1
Cell (virus_2913381,host_608659): 0 -> 1
Cell (virus_2913381,host_89399): 0 -> 1
Cell (virus_2913381,host_77218): 0 -> 1
Cell (virus_2913381,host_1195082): 0 -> 1
Cell (virus_2913381,host_329870): 0 -> 1
Cell (virus_2913381,host_549403): 0 -> 1
Cell (virus_2913381,host_3371112): 0 -> 1
Cell (virus_2913381,host_166054): 0 -> 1
Cell (virus_2913381,host_385575): 0 -> 1
Cell (virus_2913381,host_328804): 0 -> 1
Cell (virus_2913381,host_9402): 0 -> 1
Cell (virus_2913381,host_9403): 0 -> 1
Cell (virus_2913381,host_1410044): 0 -> 1
Cell (virus_2913381,host_77231): 0 -> 1
Cell (virus_2913381,host_2853157): 0 -> 1
Cell (virus_2913381,host_58067): 0 -> 1
Cell (virus_2913381,host_58071): 0 -> 1
Cell (virus_2913381,host_77243): 0 -> 1
Cell (virus_2913381,host_58073): 0 -> 1
Cell (virus_2913381,host_1898393): 0 -> 1
Cell (virus_2913381,host_77223): 0 -> 1
Cell (virus_2913381,host_9407): 0 -> 1
Cell (virus_2913381,host_9408): 0 -> 1
Cell (virus_2913381,host_58065): 0 -> 1
Cell (virus_2913381,host_326083): 0 -> 1
Cell (virus_2913381,host_1381355): 0 -> 1
Cell (virus_2913381,host_187003): 0 -> 1
Cell (virus_2913381,host_907075): 0 -> 1
Cell (virus_2913381,host_409031): 0 -> 1
Cell (virus_2913381,host_89673): 0 -> 1
Cell (virus_2913381,host_148089): 0 -> 1
Cell (virus_2913381,host_94961): 0 -> 1
Cell (virus_2913381,host_3042450): 0 -> 1
Cell (virus_2913381,host_59472): 0 -> 1
Cell (virus_2913381,host_9414): 0 -> 1
Cell (virus_2913381,host_1434095): 0 -> 1
Cell (virus_2913381,host_221086): 0 -> 1
Cell (virus_2913381,host_291302): 0 -> 1
Cell (virus_2913381,host_187007): 0 -> 1
Cell (virus_2913381,host_187008): 0 -> 1
Cell (virus_2913381,host_438766): 0 -> 1
Cell (virus_2913381,host_258934): 0 -> 1
Cell (virus_2913381,host_479723): 0 -> 1
Cell (virus_2913381,host_3041509): 0 -> 1
Cell (virus_2913381,host_258867): 0 -> 1
Cell (virus_2913381,host_249034): 0 -> 1
Cell (virus_2913381,host_258952): 0 -> 1
Cell (virus_2913381,host_258953): 0 -> 1
Cell (virus_2913381,host_249033): 0 -> 1
Cell (virus_2913381,host_258930): 0 -> 1
Cell (virus_2913381,host_272799): 0 -> 1
Cell (virus_2913381,host_258909): 0 -> 1
Cell (virus_2913381,host_909369): 0 -> 1
Cell (virus_2913381,host_29078): 0 -> 1
Cell (virus_2913381,host_3371014): 0 -> 1
Cell (virus_2913381,host_360967): 0 -> 1
Cell (virus_2913381,host_258959): 0 -> 1
Cell (virus_3418613,host_105273): 0 -> 1
Cell (virus_3418613,host_105295): 0 -> 1
Cell (virus_3418613,host_187011): 0 -> 1
Cell (virus_3418613,host_375553): 0 -> 1
Cell (virus_3418613,host_51300): 0 -> 1
Cell (virus_3418613,host_59473): 0 -> 1
Cell (virus_3418613,host_155035): 0 -> 1
Cell (virus_3418613,host_2015597): 0 -> 1
Cell (virus_3418613,host_633648): 0 -> 1
Cell (virus_3418613,host_258925): 0 -> 1
Cell (virus_3418613,host_177185): 0 -> 1
Cell (virus_3418613,host_187017): 0 -> 1
Cell (virus_3418613,host_2603869): 0 -> 1
Cell (virus_3418613,host_1207989): 0 -> 1
Cell (virus_3418613,host_188569): 0 -> 1
Cell (virus_3418613,host_186990): 0 -> 1
Cell (virus_3418613,host_186991): 0 -> 1
Cell (virus_3418613,host_58069): 0 -> 1
Cell (virus_3418613,host_376555): 0 -> 1
Cell (virus_3418613,host_188570): 0 -> 1
Cell (virus_3418613,host_196296): 0 -> 1
Cell (virus_3418613,host_188572): 0 -> 1
Cell (virus_3418613,host_867892): 0 -> 1
Cell (virus_3418613,host_476588): 0 -> 1
Cell (virus_3418613,host_337452): 0 -> 1
Cell (virus_3418613,host_76837): 0 -> 1
Cell (virus_3418613,host_608659): 0 -> 1
Cell (virus_3418613,host_89399): 0 -> 1
Cell (virus_3418613,host_337453): 0 -> 1
Cell (virus_3418613,host_77218): 0 -> 1
Cell (virus_3418613,host_1195082): 0 -> 1
Cell (virus_3418613,host_329870): 0 -> 1
Cell (virus_3418613,host_549403): 0 -> 1
Cell (virus_3418613,host_3371112): 0 -> 1
Cell (virus_3418613,host_166054): 0 -> 1
Cell (virus_3418613,host_385575): 0 -> 1
Cell (virus_3418613,host_328804): 0 -> 1
Cell (virus_3418613,host_9402): 0 -> 1
Cell (virus_3418613,host_9403): 0 -> 1
Cell (virus_3418613,host_1410044): 0 -> 1
Cell (virus_3418613,host_77231): 0 -> 1
Cell (virus_3418613,host_58067): 0 -> 1
Cell (virus_3418613,host_58071): 0 -> 1
Cell (virus_3418613,host_77243): 0 -> 1
Cell (virus_3418613,host_58073): 0 -> 1
Cell (virus_3418613,host_77223): 0 -> 1
Cell (virus_3418613,host_9407): 0 -> 1
Cell (virus_3418613,host_9408): 0 -> 1
Cell (virus_3418613,host_58065): 0 -> 1
Cell (virus_3418613,host_326083): 0 -> 1
Cell (virus_3418613,host_1381355): 0 -> 1
Cell (virus_3418613,host_187003): 0 -> 1
Cell (virus_3418613,host_907075): 0 -> 1
Cell (virus_3418613,host_409031): 0 -> 1
Cell (virus_3418613,host_89673): 0 -> 1
Cell (virus_3418613,host_148089): 0 -> 1
Cell (virus_3418613,host_94961): 0 -> 1
Cell (virus_3418613,host_3042450): 0 -> 1
Cell (virus_3418613,host_59472): 0 -> 1
Cell (virus_3418613,host_9414): 0 -> 1
Cell (virus_3418613,host_1434095): 0 -> 1
Cell (virus_3418613,host_221086): 0 -> 1
Cell (virus_3418613,host_291302): 0 -> 1
Cell (virus_3418613,host_187007): 0 -> 1
Cell (virus_3418613,host_187008): 0 -> 1
Cell (virus_3418613,host_438766): 0 -> 1
Cell (virus_3418613,host_479723): 0 -> 1
Cell (virus_3418613,host_3041509): 0 -> 1
Cell (virus_3418613,host_258867): 0 -> 1
Cell (virus_3418613,host_153297): 0 -> 1
Cell (virus_3418613,host_258952): 0 -> 1
Cell (virus_3418613,host_258953): 0 -> 1
Cell (virus_3418613,host_249033): 0 -> 1
Cell (virus_3418613,host_258930): 0 -> 1
Cell (virus_3418613,host_272799): 0 -> 1
Cell (virus_3418613,host_258909): 0 -> 1
Cell (virus_3418613,host_909369): 0 -> 1
Cell (virus_3418613,host_29078): 0 -> 1
Cell (virus_3418613,host_3371014): 0 -> 1
Cell (virus_3418613,host_3371016): 0 -> 1
Cell (virus_3418613,host_258959): 0 -> 1
Cell (virus_2913443,host_105273): 0 -> 1
Cell (virus_2913443,host_105295): 0 -> 1
Cell (virus_2913443,host_187011): 0 -> 1
Cell (virus_2913443,host_375553): 0 -> 1
Cell (virus_2913443,host_51300): 0 -> 1
Cell (virus_2913443,host_59473): 0 -> 1
Cell (virus_2913443,host_155035): 0 -> 1
Cell (virus_2913443,host_633648): 0 -> 1
Cell (virus_2913443,host_258925): 0 -> 1
Cell (virus_2913443,host_177185): 0 -> 1
Cell (virus_2913443,host_685731): 0 -> 1
Cell (virus_2913443,host_110941): 0 -> 1
Cell (virus_2913443,host_2603869): 0 -> 1
Cell (virus_2913443,host_1207989): 0 -> 1
Cell (virus_2913443,host_188569): 0 -> 1
Cell (virus_2913443,host_186990): 0 -> 1
Cell (virus_2913443,host_186991): 0 -> 1
Cell (virus_2913443,host_58069): 0 -> 1
Cell (virus_2913443,host_376555): 0 -> 1
Cell (virus_2913443,host_188570): 0 -> 1
Cell (virus_2913443,host_196296): 0 -> 1
Cell (virus_2913443,host_867892): 0 -> 1
Cell (virus_2913443,host_476588): 0 -> 1
Cell (virus_2913443,host_337452): 0 -> 1
Cell (virus_2913443,host_76837): 0 -> 1
Cell (virus_2913443,host_608659): 0 -> 1
Cell (virus_2913443,host_89399): 0 -> 1
Cell (virus_2913443,host_337453): 0 -> 1
Cell (virus_2913443,host_77218): 0 -> 1
Cell (virus_2913443,host_1195082): 0 -> 1
Cell (virus_2913443,host_329870): 0 -> 1
Cell (virus_2913443,host_549403): 0 -> 1
Cell (virus_2913443,host_3371112): 0 -> 1
Cell (virus_2913443,host_166054): 0 -> 1
Cell (virus_2913443,host_385575): 0 -> 1
Cell (virus_2913443,host_328804): 0 -> 1
Cell (virus_2913443,host_9402): 0 -> 1
Cell (virus_2913443,host_9403): 0 -> 1
Cell (virus_2913443,host_1410044): 0 -> 1
Cell (virus_2913443,host_1898389): 0 -> 1
Cell (virus_2913443,host_77231): 0 -> 1
Cell (virus_2913443,host_2853157): 0 -> 1
Cell (virus_2913443,host_58067): 0 -> 1
Cell (virus_2913443,host_58071): 0 -> 1
Cell (virus_2913443,host_77243): 0 -> 1
Cell (virus_2913443,host_58073): 0 -> 1
Cell (virus_2913443,host_58083): 0 -> 1
Cell (virus_2913443,host_77223): 0 -> 1
Cell (virus_2913443,host_9407): 0 -> 1
Cell (virus_2913443,host_9408): 0 -> 1
Cell (virus_2913443,host_58065): 0 -> 1
Cell (virus_2913443,host_326083): 0 -> 1
Cell (virus_2913443,host_1381355): 0 -> 1
Cell (virus_2913443,host_187003): 0 -> 1
Cell (virus_2913443,host_907075): 0 -> 1
Cell (virus_2913443,host_89673): 0 -> 1
Cell (virus_2913443,host_148089): 0 -> 1
Cell (virus_2913443,host_94961): 0 -> 1
Cell (virus_2913443,host_3042450): 0 -> 1
Cell (virus_2913443,host_59472): 0 -> 1
Cell (virus_2913443,host_9414): 0 -> 1
Cell (virus_2913443,host_1434095): 0 -> 1
Cell (virus_2913443,host_221086): 0 -> 1
Cell (virus_2913443,host_291302): 0 -> 1
Cell (virus_2913443,host_187007): 0 -> 1
Cell (virus_2913443,host_187008): 0 -> 1
Cell (virus_2913443,host_438766): 0 -> 1
Cell (virus_2913443,host_258934): 0 -> 1
Cell (virus_2913443,host_479723): 0 -> 1
Cell (virus_2913443,host_3041509): 0 -> 1
Cell (virus_2913443,host_2218597): 0 -> 1
Cell (virus_2913443,host_258867): 0 -> 1
Cell (virus_2913443,host_9438): 0 -> 1
Cell (virus_2913443,host_258952): 0 -> 1
Cell (virus_2913443,host_258953): 0 -> 1
Cell (virus_2913443,host_249033): 0 -> 1
Cell (virus_2913443,host_258930): 0 -> 1
Cell (virus_2913443,host_272799): 0 -> 1
Cell (virus_2913443,host_258909): 0 -> 1
Cell (virus_2913443,host_909369): 0 -> 1
Cell (virus_2913443,host_29078): 0 -> 1
Cell (virus_2913443,host_2969767): 0 -> 1
Cell (virus_2913443,host_3371014): 0 -> 1
Cell (virus_2913443,host_3371016): 0 -> 1
Cell (virus_2913443,host_360967): 0 -> 1
Cell (virus_2913443,host_258959): 0 -> 1
Cell (virus_2913443,host_59485): 0 -> 1
Cell (virus_2972746,host_105273): 0 -> 1
Cell (virus_2972746,host_105295): 0 -> 1
Cell (virus_2972746,host_187011): 0 -> 1
Cell (virus_2972746,host_375553): 0 -> 1
Cell (virus_2972746,host_51300): 0 -> 1
Cell (virus_2972746,host_59473): 0 -> 1
Cell (virus_2972746,host_155035): 0 -> 1
Cell (virus_2972746,host_633648): 0 -> 1
Cell (virus_2972746,host_258925): 0 -> 1
Cell (virus_2972746,host_177185): 0 -> 1
Cell (virus_2972746,host_685731): 0 -> 1
Cell (virus_2972746,host_110941): 0 -> 1
Cell (virus_2972746,host_2603869): 0 -> 1
Cell (virus_2972746,host_1207989): 0 -> 1
Cell (virus_2972746,host_188569): 0 -> 1
Cell (virus_2972746,host_175524): 0 -> 1
Cell (virus_2972746,host_186990): 0 -> 1
Cell (virus_2972746,host_186991): 0 -> 1
Cell (virus_2972746,host_58069): 0 -> 1
Cell (virus_2972746,host_376555): 0 -> 1
Cell (virus_2972746,host_188570): 0 -> 1
Cell (virus_2972746,host_196296): 0 -> 1
Cell (virus_2972746,host_196889): 0 -> 1
Cell (virus_2972746,host_867892): 0 -> 1
Cell (virus_2972746,host_476588): 0 -> 1
Cell (virus_2972746,host_337452): 0 -> 1
Cell (virus_2972746,host_76837): 0 -> 1
Cell (virus_2972746,host_608659): 0 -> 1
Cell (virus_2972746,host_89399): 0 -> 1
Cell (virus_2972746,host_337453): 0 -> 1
Cell (virus_2972746,host_77218): 0 -> 1
Cell (virus_2972746,host_1195082): 0 -> 1
Cell (virus_2972746,host_329870): 0 -> 1
Cell (virus_2972746,host_3371112): 0 -> 1
Cell (virus_2972746,host_166054): 0 -> 1
Cell (virus_2972746,host_385575): 0 -> 1
Cell (virus_2972746,host_328804): 0 -> 1
Cell (virus_2972746,host_9402): 0 -> 1
Cell (virus_2972746,host_9403): 0 -> 1
Cell (virus_2972746,host_1410044): 0 -> 1
Cell (virus_2972746,host_1898389): 0 -> 1
Cell (virus_2972746,host_77231): 0 -> 1
Cell (virus_2972746,host_2853157): 0 -> 1
Cell (virus_2972746,host_58067): 0 -> 1
Cell (virus_2972746,host_58071): 0 -> 1
Cell (virus_2972746,host_77243): 0 -> 1
Cell (virus_2972746,host_58073): 0 -> 1
Cell (virus_2972746,host_58083): 0 -> 1
Cell (virus_2972746,host_77223): 0 -> 1
Cell (virus_2972746,host_9407): 0 -> 1
Cell (virus_2972746,host_9408): 0 -> 1
Cell (virus_2972746,host_58065): 0 -> 1
Cell (virus_2972746,host_326083): 0 -> 1
Cell (virus_2972746,host_1381355): 0 -> 1
Cell (virus_2972746,host_187003): 0 -> 1
Cell (virus_2972746,host_907075): 0 -> 1
Cell (virus_2972746,host_89673): 0 -> 1
Cell (virus_2972746,host_148089): 0 -> 1
Cell (virus_2972746,host_94961): 0 -> 1
Cell (virus_2972746,host_3042450): 0 -> 1
Cell (virus_2972746,host_59472): 0 -> 1
Cell (virus_2972746,host_9414): 0 -> 1
Cell (virus_2972746,host_1434095): 0 -> 1
Cell (virus_2972746,host_221086): 0 -> 1
Cell (virus_2972746,host_291302): 0 -> 1
Cell (virus_2972746,host_187007): 0 -> 1
Cell (virus_2972746,host_187008): 0 -> 1
Cell (virus_2972746,host_438766): 0 -> 1
Cell (virus_2972746,host_258934): 0 -> 1
Cell (virus_2972746,host_479723): 0 -> 1
Cell (virus_2972746,host_3041509): 0 -> 1
Cell (virus_2972746,host_2218597): 0 -> 1
Cell (virus_2972746,host_258867): 0 -> 1
Cell (virus_2972746,host_9438): 0 -> 1
Cell (virus_2972746,host_153297): 0 -> 1
Cell (virus_2972746,host_258952): 0 -> 1
Cell (virus_2972746,host_258953): 0 -> 1
Cell (virus_2972746,host_249033): 0 -> 1
Cell (virus_2972746,host_258930): 0 -> 1
Cell (virus_2972746,host_272799): 0 -> 1
Cell (virus_2972746,host_258909): 0 -> 1
Cell (virus_2972746,host_909369): 0 -> 1
Cell (virus_2972746,host_29078): 0 -> 1
Cell (virus_2972746,host_3371014): 0 -> 1
Cell (virus_2972746,host_360967): 0 -> 1
Cell (virus_2972746,host_258959): 0 -> 1
Cell (virus_2972746,host_59485): 0 -> 1
Cell (virus_1805463,host_375553): 0 -> 1
Cell (virus_1805463,host_51300): 0 -> 1
Cell (virus_1805463,host_246814): 0 -> 1
Cell (virus_1805463,host_59473): 0 -> 1
Cell (virus_1805463,host_2603869): 0 -> 1
Cell (virus_1805463,host_1207989): 0 -> 1
Cell (virus_1805463,host_188569): 0 -> 1
Cell (virus_1805463,host_59453): 0 -> 1
Cell (virus_1805463,host_175524): 0 -> 1
Cell (virus_1805463,host_186990): 0 -> 1
Cell (virus_1805463,host_186991): 0 -> 1
Cell (virus_1805463,host_157961): 0 -> 1
Cell (virus_1805463,host_270698): 0 -> 1
Cell (virus_1805463,host_58069): 0 -> 1
Cell (virus_1805463,host_337453): 0 -> 1
Cell (virus_1805463,host_77218): 0 -> 1
Cell (virus_1805463,host_1195082): 0 -> 1
Cell (virus_1805463,host_329870): 0 -> 1
Cell (virus_1805463,host_549403): 0 -> 1
Cell (virus_1805463,host_3371112): 0 -> 1
Cell (virus_1805463,host_132908): 0 -> 1
Cell (virus_1805463,host_166054): 0 -> 1
Cell (virus_1805463,host_9403): 0 -> 1
Cell (virus_1805463,host_58057): 0 -> 1
Cell (virus_1805463,host_1410044): 0 -> 1
Cell (virus_1805463,host_1898389): 0 -> 1
Cell (virus_1805463,host_77231): 0 -> 1
Cell (virus_1805463,host_58067): 0 -> 1
Cell (virus_1805463,host_58071): 0 -> 1
Cell (virus_1805463,host_77243): 0 -> 1
Cell (virus_1805463,host_58073): 0 -> 1
Cell (virus_1805463,host_1898393): 0 -> 1
Cell (virus_1805463,host_77223): 0 -> 1
Cell (virus_1805463,host_9408): 0 -> 1
Cell (virus_1805463,host_58065): 0 -> 1
Cell (virus_1805463,host_326083): 0 -> 1
Cell (virus_1805463,host_1381355): 0 -> 1
Cell (virus_1805463,host_187003): 0 -> 1
Cell (virus_1805463,host_907075): 0 -> 1
Cell (virus_1805463,host_208969): 0 -> 1
Cell (virus_1805463,host_40233): 0 -> 1
Cell (virus_1805463,host_27634): 0 -> 1
Cell (virus_1805463,host_40228): 0 -> 1
Cell (virus_1805463,host_40230): 0 -> 1
Cell (virus_1805463,host_40224): 0 -> 1
Cell (virus_1805463,host_40229): 0 -> 1
Cell (virus_1805463,host_196700): 0 -> 1
Cell (virus_1805463,host_27660): 0 -> 1
Cell (virus_1805463,host_177160): 0 -> 1
Cell (virus_1805463,host_177162): 0 -> 1
Cell (virus_1805463,host_27638): 0 -> 1
Cell (virus_1805463,host_27642): 0 -> 1
Cell (virus_1805463,host_89673): 0 -> 1
Cell (virus_1805463,host_9423): 0 -> 1
Cell (virus_1805463,host_148061): 0 -> 1
Cell (virus_1805463,host_148089): 0 -> 1
Cell (virus_1805463,host_94961): 0 -> 1
Cell (virus_1805463,host_59472): 0 -> 1
Cell (virus_1805463,host_9414): 0 -> 1
Cell (virus_1805463,host_1434095): 0 -> 1
Cell (virus_1805463,host_221086): 0 -> 1
Cell (virus_1805463,host_291302): 0 -> 1
Cell (virus_1805463,host_187007): 0 -> 1
Cell (virus_1805463,host_187008): 0 -> 1
Cell (virus_1805463,host_438766): 0 -> 1
Cell (virus_1805463,host_258934): 0 -> 1
Cell (virus_1805463,host_479723): 0 -> 1
Cell (virus_1805463,host_124751): 0 -> 1
Cell (virus_1805463,host_3041509): 0 -> 1
Cell (virus_1805463,host_258867): 0 -> 1
Cell (virus_1805463,host_258863): 0 -> 1
Cell (virus_1805463,host_452595): 0 -> 1
Cell (virus_1805463,host_3370289): 0 -> 1
Cell (virus_1805463,host_999964): 0 -> 1
Cell (virus_1805463,host_29078): 0 -> 1
Cell (virus_1805463,host_3371014): 0 -> 1
Cell (virus_1805463,host_3371016): 0 -> 1
Cell (virus_3061635,host_375553): 0 -> 1
Cell (virus_3061635,host_51300): 0 -> 1
Cell (virus_3061635,host_246814): 0 -> 1
Cell (virus_3061635,host_59473): 0 -> 1
Cell (virus_3061635,host_2603869): 0 -> 1
Cell (virus_3061635,host_1207989): 0 -> 1
Cell (virus_3061635,host_188569): 0 -> 1
Cell (virus_3061635,host_59453): 0 -> 1
Cell (virus_3061635,host_175524): 0 -> 1
Cell (virus_3061635,host_186990): 0 -> 1
Cell (virus_3061635,host_186991): 0 -> 1
Cell (virus_3061635,host_157961): 0 -> 1
Cell (virus_3061635,host_270698): 0 -> 1
Cell (virus_3061635,host_58069): 0 -> 1
Cell (virus_3061635,host_337453): 0 -> 1
Cell (virus_3061635,host_77218): 0 -> 1
Cell (virus_3061635,host_1195082): 0 -> 1
Cell (virus_3061635,host_329870): 0 -> 1
Cell (virus_3061635,host_549403): 0 -> 1
Cell (virus_3061635,host_3371112): 0 -> 1
Cell (virus_3061635,host_132908): 0 -> 1
Cell (virus_3061635,host_166054): 0 -> 1
Cell (virus_3061635,host_9403): 0 -> 1
Cell (virus_3061635,host_58057): 0 -> 1
Cell (virus_3061635,host_1410044): 0 -> 1
Cell (virus_3061635,host_1898389): 0 -> 1
Cell (virus_3061635,host_77231): 0 -> 1
Cell (virus_3061635,host_58067): 0 -> 1
Cell (virus_3061635,host_58071): 0 -> 1
Cell (virus_3061635,host_77243): 0 -> 1
Cell (virus_3061635,host_58073): 0 -> 1
Cell (virus_3061635,host_1898393): 0 -> 1
Cell (virus_3061635,host_77223): 0 -> 1
Cell (virus_3061635,host_9408): 0 -> 1
Cell (virus_3061635,host_58065): 0 -> 1
Cell (virus_3061635,host_326083): 0 -> 1
Cell (virus_3061635,host_1381355): 0 -> 1
Cell (virus_3061635,host_187003): 0 -> 1
Cell (virus_3061635,host_907075): 0 -> 1
Cell (virus_3061635,host_208969): 0 -> 1
Cell (virus_3061635,host_40233): 0 -> 1
Cell (virus_3061635,host_27634): 0 -> 1
Cell (virus_3061635,host_40228): 0 -> 1
Cell (virus_3061635,host_40230): 0 -> 1
Cell (virus_3061635,host_40224): 0 -> 1
Cell (virus_3061635,host_40229): 0 -> 1
Cell (virus_3061635,host_196700): 0 -> 1
Cell (virus_3061635,host_27660): 0 -> 1
Cell (virus_3061635,host_177160): 0 -> 1
Cell (virus_3061635,host_177162): 0 -> 1
Cell (virus_3061635,host_27638): 0 -> 1
Cell (virus_3061635,host_27642): 0 -> 1
Cell (virus_3061635,host_89673): 0 -> 1
Cell (virus_3061635,host_9423): 0 -> 1
Cell (virus_3061635,host_148061): 0 -> 1
Cell (virus_3061635,host_148089): 0 -> 1
Cell (virus_3061635,host_94961): 0 -> 1
Cell (virus_3061635,host_59472): 0 -> 1
Cell (virus_3061635,host_9414): 0 -> 1
Cell (virus_3061635,host_1434095): 0 -> 1
Cell (virus_3061635,host_221086): 0 -> 1
Cell (virus_3061635,host_291302): 0 -> 1
Cell (virus_3061635,host_187007): 0 -> 1
Cell (virus_3061635,host_187008): 0 -> 1
Cell (virus_3061635,host_438766): 0 -> 1
Cell (virus_3061635,host_258934): 0 -> 1
Cell (virus_3061635,host_479723): 0 -> 1
Cell (virus_3061635,host_124751): 0 -> 1
Cell (virus_3061635,host_3041509): 0 -> 1
Cell (virus_3061635,host_258867): 0 -> 1
Cell (virus_3061635,host_258863): 0 -> 1
Cell (virus_3061635,host_452595): 0 -> 1
Cell (virus_3061635,host_3370289): 0 -> 1
Cell (virus_3061635,host_999964): 0 -> 1
Cell (virus_3061635,host_29078): 0 -> 1
Cell (virus_3061635,host_3371014): 0 -> 1
Cell (virus_3061635,host_3371016): 0 -> 1
Cell (virus_3068888,host_375553): 0 -> 1
Cell (virus_3068888,host_51300): 0 -> 1
Cell (virus_3068888,host_246814): 0 -> 1
Cell (virus_3068888,host_59473): 0 -> 1
Cell (virus_3068888,host_2603869): 0 -> 1
Cell (virus_3068888,host_1207989): 0 -> 1
Cell (virus_3068888,host_188569): 0 -> 1
Cell (virus_3068888,host_59453): 0 -> 1
Cell (virus_3068888,host_175524): 0 -> 1
Cell (virus_3068888,host_186990): 0 -> 1
Cell (virus_3068888,host_186991): 0 -> 1
Cell (virus_3068888,host_157961): 0 -> 1
Cell (virus_3068888,host_270698): 0 -> 1
Cell (virus_3068888,host_58069): 0 -> 1
Cell (virus_3068888,host_337453): 0 -> 1
Cell (virus_3068888,host_77218): 0 -> 1
Cell (virus_3068888,host_1195082): 0 -> 1
Cell (virus_3068888,host_329870): 0 -> 1
Cell (virus_3068888,host_549403): 0 -> 1
Cell (virus_3068888,host_3371112): 0 -> 1
Cell (virus_3068888,host_132908): 0 -> 1
Cell (virus_3068888,host_166054): 0 -> 1
Cell (virus_3068888,host_385575): 0 -> 1
Cell (virus_3068888,host_9403): 0 -> 1
Cell (virus_3068888,host_58057): 0 -> 1
Cell (virus_3068888,host_1410044): 0 -> 1
Cell (virus_3068888,host_1898389): 0 -> 1
Cell (virus_3068888,host_77231): 0 -> 1
Cell (virus_3068888,host_58067): 0 -> 1
Cell (virus_3068888,host_58071): 0 -> 1
Cell (virus_3068888,host_77243): 0 -> 1
Cell (virus_3068888,host_58073): 0 -> 1
Cell (virus_3068888,host_1898393): 0 -> 1
Cell (virus_3068888,host_77223): 0 -> 1
Cell (virus_3068888,host_9408): 0 -> 1
Cell (virus_3068888,host_58065): 0 -> 1
Cell (virus_3068888,host_326083): 0 -> 1
Cell (virus_3068888,host_1381355): 0 -> 1
Cell (virus_3068888,host_187003): 0 -> 1
Cell (virus_3068888,host_907075): 0 -> 1
Cell (virus_3068888,host_208969): 0 -> 1
Cell (virus_3068888,host_40233): 0 -> 1
Cell (virus_3068888,host_27634): 0 -> 1
Cell (virus_3068888,host_40228): 0 -> 1
Cell (virus_3068888,host_40230): 0 -> 1
Cell (virus_3068888,host_40224): 0 -> 1
Cell (virus_3068888,host_40229): 0 -> 1
Cell (virus_3068888,host_196700): 0 -> 1
Cell (virus_3068888,host_27660): 0 -> 1
Cell (virus_3068888,host_177160): 0 -> 1
Cell (virus_3068888,host_177162): 0 -> 1
Cell (virus_3068888,host_27638): 0 -> 1
Cell (virus_3068888,host_27642): 0 -> 1
Cell (virus_3068888,host_89673): 0 -> 1
Cell (virus_3068888,host_9423): 0 -> 1
Cell (virus_3068888,host_148061): 0 -> 1
Cell (virus_3068888,host_148089): 0 -> 1
Cell (virus_3068888,host_94961): 0 -> 1
Cell (virus_3068888,host_59472): 0 -> 1
Cell (virus_3068888,host_9414): 0 -> 1
Cell (virus_3068888,host_1434095): 0 -> 1
Cell (virus_3068888,host_221086): 0 -> 1
Cell (virus_3068888,host_291302): 0 -> 1
Cell (virus_3068888,host_187007): 0 -> 1
Cell (virus_3068888,host_187008): 0 -> 1
Cell (virus_3068888,host_438766): 0 -> 1
Cell (virus_3068888,host_258934): 0 -> 1
Cell (virus_3068888,host_479723): 0 -> 1
Cell (virus_3068888,host_3041509): 0 -> 1
Cell (virus_3068888,host_258867): 0 -> 1
Cell (virus_3068888,host_258863): 0 -> 1
Cell (virus_3068888,host_452595): 0 -> 1
Cell (virus_3068888,host_3370289): 0 -> 1
Cell (virus_3068888,host_999964): 0 -> 1
Cell (virus_3068888,host_29078): 0 -> 1
Cell (virus_3068888,host_3371014): 0 -> 1
Cell (virus_3068888,host_3371016): 0 -> 1
Cell (virus_2833184,host_187011): 0 -> 1
Cell (virus_2833184,host_375553): 0 -> 1
Cell (virus_2833184,host_51300): 0 -> 1
Cell (virus_2833184,host_59473): 0 -> 1
Cell (virus_2833184,host_2603869): 0 -> 1
Cell (virus_2833184,host_1207989): 0 -> 1
Cell (virus_2833184,host_188569): 0 -> 1
Cell (virus_2833184,host_175524): 0 -> 1
Cell (virus_2833184,host_186990): 0 -> 1
Cell (virus_2833184,host_186991): 0 -> 1
Cell (virus_2833184,host_157961): 0 -> 1
Cell (virus_2833184,host_270698): 0 -> 1
Cell (virus_2833184,host_58069): 0 -> 1
Cell (virus_2833184,host_337453): 0 -> 1
Cell (virus_2833184,host_77218): 0 -> 1
Cell (virus_2833184,host_1195082): 0 -> 1
Cell (virus_2833184,host_329870): 0 -> 1
Cell (virus_2833184,host_549403): 0 -> 1
Cell (virus_2833184,host_3371112): 0 -> 1
Cell (virus_2833184,host_124756): 0 -> 1
Cell (virus_2833184,host_132908): 0 -> 1
Cell (virus_2833184,host_166054): 0 -> 1
Cell (virus_2833184,host_9403): 0 -> 1
Cell (virus_2833184,host_58057): 0 -> 1
Cell (virus_2833184,host_1410044): 0 -> 1
Cell (virus_2833184,host_1898389): 0 -> 1
Cell (virus_2833184,host_77231): 0 -> 1
Cell (virus_2833184,host_58067): 0 -> 1
Cell (virus_2833184,host_58071): 0 -> 1
Cell (virus_2833184,host_58073): 0 -> 1
Cell (virus_2833184,host_1898393): 0 -> 1
Cell (virus_2833184,host_77223): 0 -> 1
Cell (virus_2833184,host_9407): 0 -> 1
Cell (virus_2833184,host_9408): 0 -> 1
Cell (virus_2833184,host_58065): 0 -> 1
Cell (virus_2833184,host_326083): 0 -> 1
Cell (virus_2833184,host_1381355): 0 -> 1
Cell (virus_2833184,host_187003): 0 -> 1
Cell (virus_2833184,host_907075): 0 -> 1
Cell (virus_2833184,host_208969): 0 -> 1
Cell (virus_2833184,host_40233): 0 -> 1
Cell (virus_2833184,host_27634): 0 -> 1
Cell (virus_2833184,host_40228): 0 -> 1
Cell (virus_2833184,host_40230): 0 -> 1
Cell (virus_2833184,host_9417): 0 -> 1
Cell (virus_2833184,host_40224): 0 -> 1
Cell (virus_2833184,host_40229): 0 -> 1
Cell (virus_2833184,host_196700): 0 -> 1
Cell (virus_2833184,host_27660): 0 -> 1
Cell (virus_2833184,host_177160): 0 -> 1
Cell (virus_2833184,host_177162): 0 -> 1
Cell (virus_2833184,host_27638): 0 -> 1
Cell (virus_2833184,host_27642): 0 -> 1
Cell (virus_2833184,host_409031): 0 -> 1
Cell (virus_2833184,host_89673): 0 -> 1
Cell (virus_2833184,host_9423): 0 -> 1
Cell (virus_2833184,host_148061): 0 -> 1
Cell (virus_2833184,host_148089): 0 -> 1
Cell (virus_2833184,host_94961): 0 -> 1
Cell (virus_2833184,host_59472): 0 -> 1
Cell (virus_2833184,host_9414): 0 -> 1
Cell (virus_2833184,host_1434095): 0 -> 1
Cell (virus_2833184,host_221086): 0 -> 1
Cell (virus_2833184,host_291302): 0 -> 1
Cell (virus_2833184,host_187007): 0 -> 1
Cell (virus_2833184,host_187008): 0 -> 1
Cell (virus_2833184,host_438766): 0 -> 1
Cell (virus_2833184,host_258934): 0 -> 1
Cell (virus_2833184,host_479723): 0 -> 1
Cell (virus_2833184,host_3041509): 0 -> 1
Cell (virus_2833184,host_258867): 0 -> 1
Cell (virus_2833184,host_258863): 0 -> 1
Cell (virus_2833184,host_452595): 0 -> 1
Cell (virus_2833184,host_3370289): 0 -> 1
Cell (virus_2833184,host_999964): 0 -> 1
Cell (virus_2833184,host_29078): 0 -> 1
Cell (virus_2833184,host_3371014): 0 -> 1
Cell (virus_2833184,host_3371016): 0 -> 1
Cell (virus_864596,host_375553): 0 -> 1
Cell (virus_864596,host_51300): 0 -> 1
Cell (virus_864596,host_59473): 0 -> 1
Cell (virus_864596,host_2603869): 0 -> 1
Cell (virus_864596,host_1207989): 0 -> 1
Cell (virus_864596,host_188569): 0 -> 1
Cell (virus_864596,host_175524): 0 -> 1
Cell (virus_864596,host_186990): 0 -> 1
Cell (virus_864596,host_186991): 0 -> 1
Cell (virus_864596,host_157961): 0 -> 1
Cell (virus_864596,host_270698): 0 -> 1
Cell (virus_864596,host_58069): 0 -> 1
Cell (virus_864596,host_337453): 0 -> 1
Cell (virus_864596,host_77218): 0 -> 1
Cell (virus_864596,host_1195082): 0 -> 1
Cell (virus_864596,host_329870): 0 -> 1
Cell (virus_864596,host_549403): 0 -> 1
Cell (virus_864596,host_3371112): 0 -> 1
Cell (virus_864596,host_124756): 0 -> 1
Cell (virus_864596,host_132908): 0 -> 1
Cell (virus_864596,host_166054): 0 -> 1
Cell (virus_864596,host_9403): 0 -> 1
Cell (virus_864596,host_58057): 0 -> 1
Cell (virus_864596,host_1410044): 0 -> 1
Cell (virus_864596,host_1898389): 0 -> 1
Cell (virus_864596,host_77231): 0 -> 1
Cell (virus_864596,host_372077): 0 -> 1
Cell (virus_864596,host_58067): 0 -> 1
Cell (virus_864596,host_58071): 0 -> 1
Cell (virus_864596,host_77243): 0 -> 1
Cell (virus_864596,host_58073): 0 -> 1
Cell (virus_864596,host_1898393): 0 -> 1
Cell (virus_864596,host_77223): 0 -> 1
Cell (virus_864596,host_9407): 0 -> 1
Cell (virus_864596,host_9408): 0 -> 1
Cell (virus_864596,host_58065): 0 -> 1
Cell (virus_864596,host_326083): 0 -> 1
Cell (virus_864596,host_1381355): 0 -> 1
Cell (virus_864596,host_187003): 0 -> 1
Cell (virus_864596,host_907075): 0 -> 1
Cell (virus_864596,host_208969): 0 -> 1
Cell (virus_864596,host_40233): 0 -> 1
Cell (virus_864596,host_27634): 0 -> 1
Cell (virus_864596,host_40228): 0 -> 1
Cell (virus_864596,host_40230): 0 -> 1
Cell (virus_864596,host_40224): 0 -> 1
Cell (virus_864596,host_40229): 0 -> 1
Cell (virus_864596,host_196700): 0 -> 1
Cell (virus_864596,host_27660): 0 -> 1
Cell (virus_864596,host_177160): 0 -> 1
Cell (virus_864596,host_177162): 0 -> 1
Cell (virus_864596,host_27638): 0 -> 1
Cell (virus_864596,host_27642): 0 -> 1
Cell (virus_864596,host_89673): 0 -> 1
Cell (virus_864596,host_9423): 0 -> 1
Cell (virus_864596,host_148061): 0 -> 1
Cell (virus_864596,host_148089): 0 -> 1
Cell (virus_864596,host_94961): 0 -> 1
Cell (virus_864596,host_59472): 0 -> 1
Cell (virus_864596,host_9414): 0 -> 1
Cell (virus_864596,host_1434095): 0 -> 1
Cell (virus_864596,host_221086): 0 -> 1
Cell (virus_864596,host_291302): 0 -> 1
Cell (virus_864596,host_187007): 0 -> 1
Cell (virus_864596,host_187008): 0 -> 1
Cell (virus_864596,host_438766): 0 -> 1
Cell (virus_864596,host_258934): 0 -> 1
Cell (virus_864596,host_479723): 0 -> 1
Cell (virus_864596,host_124751): 0 -> 1
Cell (virus_864596,host_27622): 0 -> 1
Cell (virus_864596,host_3041509): 0 -> 1
Cell (virus_864596,host_258867): 0 -> 1
Cell (virus_864596,host_258863): 0 -> 1
Cell (virus_864596,host_452595): 0 -> 1
Cell (virus_864596,host_3370289): 0 -> 1
Cell (virus_864596,host_999964): 0 -> 1
Cell (virus_864596,host_29078): 0 -> 1
Cell (virus_864596,host_3371014): 0 -> 1
Cell (virus_864596,host_3371016): 0 -> 1
Cell (virus_864596,host_3371021): 0 -> 1
Cell (virus_3068538,host_375553): 0 -> 1
Cell (virus_3068538,host_51300): 0 -> 1
Cell (virus_3068538,host_246814): 0 -> 1
Cell (virus_3068538,host_59473): 0 -> 1
Cell (virus_3068538,host_2603869): 0 -> 1
Cell (virus_3068538,host_1207989): 0 -> 1
Cell (virus_3068538,host_188569): 0 -> 1
Cell (virus_3068538,host_175524): 0 -> 1
Cell (virus_3068538,host_186990): 0 -> 1
Cell (virus_3068538,host_186991): 0 -> 1
Cell (virus_3068538,host_157961): 0 -> 1
Cell (virus_3068538,host_270698): 0 -> 1
Cell (virus_3068538,host_58069): 0 -> 1
Cell (virus_3068538,host_337453): 0 -> 1
Cell (virus_3068538,host_77218): 0 -> 1
Cell (virus_3068538,host_1195082): 0 -> 1
Cell (virus_3068538,host_329870): 0 -> 1
Cell (virus_3068538,host_549403): 0 -> 1
Cell (virus_3068538,host_3371112): 0 -> 1
Cell (virus_3068538,host_132908): 0 -> 1
Cell (virus_3068538,host_166054): 0 -> 1
Cell (virus_3068538,host_9403): 0 -> 1
Cell (virus_3068538,host_58057): 0 -> 1
Cell (virus_3068538,host_1410044): 0 -> 1
Cell (virus_3068538,host_1898389): 0 -> 1
Cell (virus_3068538,host_77231): 0 -> 1
Cell (virus_3068538,host_2853157): 0 -> 1
Cell (virus_3068538,host_58067): 0 -> 1
Cell (virus_3068538,host_58071): 0 -> 1
Cell (virus_3068538,host_77243): 0 -> 1
Cell (virus_3068538,host_58073): 0 -> 1
Cell (virus_3068538,host_1898393): 0 -> 1
Cell (virus_3068538,host_77223): 0 -> 1
Cell (virus_3068538,host_9407): 0 -> 1
Cell (virus_3068538,host_9408): 0 -> 1
Cell (virus_3068538,host_58065): 0 -> 1
Cell (virus_3068538,host_326083): 0 -> 1
Cell (virus_3068538,host_1381355): 0 -> 1
Cell (virus_3068538,host_187003): 0 -> 1
Cell (virus_3068538,host_907075): 0 -> 1
Cell (virus_3068538,host_208969): 0 -> 1
Cell (virus_3068538,host_40233): 0 -> 1
Cell (virus_3068538,host_27634): 0 -> 1
Cell (virus_3068538,host_40228): 0 -> 1
Cell (virus_3068538,host_40230): 0 -> 1
Cell (virus_3068538,host_40224): 0 -> 1
Cell (virus_3068538,host_40229): 0 -> 1
Cell (virus_3068538,host_196700): 0 -> 1
Cell (virus_3068538,host_27660): 0 -> 1
Cell (virus_3068538,host_177160): 0 -> 1
Cell (virus_3068538,host_177162): 0 -> 1
Cell (virus_3068538,host_27638): 0 -> 1
Cell (virus_3068538,host_27642): 0 -> 1
Cell (virus_3068538,host_89673): 0 -> 1
Cell (virus_3068538,host_9423): 0 -> 1
Cell (virus_3068538,host_148061): 0 -> 1
Cell (virus_3068538,host_148089): 0 -> 1
Cell (virus_3068538,host_94961): 0 -> 1
Cell (virus_3068538,host_59472): 0 -> 1
Cell (virus_3068538,host_9414): 0 -> 1
Cell (virus_3068538,host_1434095): 0 -> 1
Cell (virus_3068538,host_221086): 0 -> 1
Cell (virus_3068538,host_291302): 0 -> 1
Cell (virus_3068538,host_187007): 0 -> 1
Cell (virus_3068538,host_187008): 0 -> 1
Cell (virus_3068538,host_438766): 0 -> 1
Cell (virus_3068538,host_258934): 0 -> 1
Cell (virus_3068538,host_479723): 0 -> 1
Cell (virus_3068538,host_3041509): 0 -> 1
Cell (virus_3068538,host_258867): 0 -> 1
Cell (virus_3068538,host_258863): 0 -> 1
Cell (virus_3068538,host_452595): 0 -> 1
Cell (virus_3068538,host_3370289): 0 -> 1
Cell (virus_3068538,host_999964): 0 -> 1
Cell (virus_3068538,host_29078): 0 -> 1
Cell (virus_3068538,host_3371014): 0 -> 1
Cell (virus_3068538,host_3371016): 0 -> 1
Cell (virus_694009,host_375553): 0 -> 1
Cell (virus_694009,host_51300): 0 -> 1
Cell (virus_694009,host_246814): 0 -> 1
Cell (virus_694009,host_59473): 0 -> 1
Cell (virus_694009,host_2603869): 0 -> 1
Cell (virus_694009,host_1207989): 0 -> 1
Cell (virus_694009,host_188569): 0 -> 1
Cell (virus_694009,host_175524): 0 -> 1
Cell (virus_694009,host_186990): 0 -> 1
Cell (virus_694009,host_186991): 0 -> 1
Cell (virus_694009,host_157961): 0 -> 1
Cell (virus_694009,host_270698): 0 -> 1
Cell (virus_694009,host_58069): 0 -> 1
Cell (virus_694009,host_337453): 0 -> 1
Cell (virus_694009,host_77218): 0 -> 1
Cell (virus_694009,host_1195082): 0 -> 1
Cell (virus_694009,host_329870): 0 -> 1
Cell (virus_694009,host_549403): 0 -> 1
Cell (virus_694009,host_3371112): 0 -> 1
Cell (virus_694009,host_132908): 0 -> 1
Cell (virus_694009,host_166054): 0 -> 1
Cell (virus_694009,host_9403): 0 -> 1
Cell (virus_694009,host_58057): 0 -> 1
Cell (virus_694009,host_1410044): 0 -> 1
Cell (virus_694009,host_1898389): 0 -> 1
Cell (virus_694009,host_77231): 0 -> 1
Cell (virus_694009,host_2853157): 0 -> 1
Cell (virus_694009,host_58067): 0 -> 1
Cell (virus_694009,host_58071): 0 -> 1
Cell (virus_694009,host_77243): 0 -> 1
Cell (virus_694009,host_58073): 0 -> 1
Cell (virus_694009,host_1898393): 0 -> 1
Cell (virus_694009,host_77223): 0 -> 1
Cell (virus_694009,host_9407): 0 -> 1
Cell (virus_694009,host_9408): 0 -> 1
Cell (virus_694009,host_58065): 0 -> 1
Cell (virus_694009,host_326083): 0 -> 1
Cell (virus_694009,host_1381355): 0 -> 1
Cell (virus_694009,host_187003): 0 -> 1
Cell (virus_694009,host_907075): 0 -> 1
Cell (virus_694009,host_208969): 0 -> 1
Cell (virus_694009,host_40233): 0 -> 1
Cell (virus_694009,host_27634): 0 -> 1
Cell (virus_694009,host_40228): 0 -> 1
Cell (virus_694009,host_40230): 0 -> 1
Cell (virus_694009,host_40224): 0 -> 1
Cell (virus_694009,host_40229): 0 -> 1
Cell (virus_694009,host_196700): 0 -> 1
Cell (virus_694009,host_27660): 0 -> 1
Cell (virus_694009,host_177160): 0 -> 1
Cell (virus_694009,host_177162): 0 -> 1
Cell (virus_694009,host_27638): 0 -> 1
Cell (virus_694009,host_27642): 0 -> 1
Cell (virus_694009,host_89673): 0 -> 1
Cell (virus_694009,host_9423): 0 -> 1
Cell (virus_694009,host_148061): 0 -> 1
Cell (virus_694009,host_148089): 0 -> 1
Cell (virus_694009,host_94961): 0 -> 1
Cell (virus_694009,host_59472): 0 -> 1
Cell (virus_694009,host_9414): 0 -> 1
Cell (virus_694009,host_1434095): 0 -> 1
Cell (virus_694009,host_221086): 0 -> 1
Cell (virus_694009,host_291302): 0 -> 1
Cell (virus_694009,host_187007): 0 -> 1
Cell (virus_694009,host_187008): 0 -> 1
Cell (virus_694009,host_438766): 0 -> 1
Cell (virus_694009,host_258934): 0 -> 1
Cell (virus_694009,host_479723): 0 -> 1
Cell (virus_694009,host_3041509): 0 -> 1
Cell (virus_694009,host_258867): 0 -> 1
Cell (virus_694009,host_258863): 0 -> 1
Cell (virus_694009,host_452595): 0 -> 1
Cell (virus_694009,host_3370289): 0 -> 1
Cell (virus_694009,host_999964): 0 -> 1
Cell (virus_694009,host_29078): 0 -> 1
Cell (virus_694009,host_3371014): 0 -> 1
Cell (virus_694009,host_3371016): 0 -> 1
Cell (virus_3418604,host_375553): 0 -> 1
Cell (virus_3418604,host_51300): 0 -> 1
Cell (virus_3418604,host_246814): 0 -> 1
Cell (virus_3418604,host_59473): 0 -> 1
Cell (virus_3418604,host_2603869): 0 -> 1
Cell (virus_3418604,host_1207989): 0 -> 1
Cell (virus_3418604,host_188569): 0 -> 1
Cell (virus_3418604,host_175524): 0 -> 1
Cell (virus_3418604,host_186990): 0 -> 1
Cell (virus_3418604,host_186991): 0 -> 1
Cell (virus_3418604,host_157961): 0 -> 1
Cell (virus_3418604,host_270698): 0 -> 1
Cell (virus_3418604,host_58069): 0 -> 1
Cell (virus_3418604,host_337453): 0 -> 1
Cell (virus_3418604,host_77218): 0 -> 1
Cell (virus_3418604,host_1195082): 0 -> 1
Cell (virus_3418604,host_329870): 0 -> 1
Cell (virus_3418604,host_549403): 0 -> 1
Cell (virus_3418604,host_3371112): 0 -> 1
Cell (virus_3418604,host_132908): 0 -> 1
Cell (virus_3418604,host_166054): 0 -> 1
Cell (virus_3418604,host_9403): 0 -> 1
Cell (virus_3418604,host_58057): 0 -> 1
Cell (virus_3418604,host_1410044): 0 -> 1
Cell (virus_3418604,host_1898389): 0 -> 1
Cell (virus_3418604,host_77231): 0 -> 1
Cell (virus_3418604,host_2853157): 0 -> 1
Cell (virus_3418604,host_58067): 0 -> 1
Cell (virus_3418604,host_58071): 0 -> 1
Cell (virus_3418604,host_77243): 0 -> 1
Cell (virus_3418604,host_58073): 0 -> 1
Cell (virus_3418604,host_1898393): 0 -> 1
Cell (virus_3418604,host_77223): 0 -> 1
Cell (virus_3418604,host_9407): 0 -> 1
Cell (virus_3418604,host_9408): 0 -> 1
Cell (virus_3418604,host_58065): 0 -> 1
Cell (virus_3418604,host_326083): 0 -> 1
Cell (virus_3418604,host_1381355): 0 -> 1
Cell (virus_3418604,host_187003): 0 -> 1
Cell (virus_3418604,host_907075): 0 -> 1
Cell (virus_3418604,host_208969): 0 -> 1
Cell (virus_3418604,host_40233): 0 -> 1
Cell (virus_3418604,host_27634): 0 -> 1
Cell (virus_3418604,host_40228): 0 -> 1
Cell (virus_3418604,host_40230): 0 -> 1
Cell (virus_3418604,host_40224): 0 -> 1
Cell (virus_3418604,host_40229): 0 -> 1
Cell (virus_3418604,host_196700): 0 -> 1
Cell (virus_3418604,host_27660): 0 -> 1
Cell (virus_3418604,host_177160): 0 -> 1
Cell (virus_3418604,host_177162): 0 -> 1
Cell (virus_3418604,host_27638): 0 -> 1
Cell (virus_3418604,host_27642): 0 -> 1
Cell (virus_3418604,host_89673): 0 -> 1
Cell (virus_3418604,host_9423): 0 -> 1
Cell (virus_3418604,host_148061): 0 -> 1
Cell (virus_3418604,host_148089): 0 -> 1
Cell (virus_3418604,host_94961): 0 -> 1
Cell (virus_3418604,host_59472): 0 -> 1
Cell (virus_3418604,host_9414): 0 -> 1
Cell (virus_3418604,host_1434095): 0 -> 1
Cell (virus_3418604,host_221086): 0 -> 1
Cell (virus_3418604,host_291302): 0 -> 1
Cell (virus_3418604,host_187007): 0 -> 1
Cell (virus_3418604,host_187008): 0 -> 1
Cell (virus_3418604,host_438766): 0 -> 1
Cell (virus_3418604,host_258934): 0 -> 1
Cell (virus_3418604,host_479723): 0 -> 1
Cell (virus_3418604,host_3041509): 0 -> 1
Cell (virus_3418604,host_258867): 0 -> 1
Cell (virus_3418604,host_258863): 0 -> 1
Cell (virus_3418604,host_452595): 0 -> 1
Cell (virus_3418604,host_3370289): 0 -> 1
Cell (virus_3418604,host_999964): 0 -> 1
Cell (virus_3418604,host_29078): 0 -> 1
Cell (virus_3418604,host_3371014): 0 -> 1
Cell (virus_3418604,host_3371016): 0 -> 1
Cell (virus_2913380,host_105273): 0 -> 1
Cell (virus_2913380,host_105295): 0 -> 1
Cell (virus_2913380,host_51300): 0 -> 1
Cell (virus_2913380,host_294653): 0 -> 1
Cell (virus_2913380,host_59473): 0 -> 1
Cell (virus_2913380,host_2015597): 0 -> 1
Cell (virus_2913380,host_633648): 0 -> 1
Cell (virus_2913380,host_258925): 0 -> 1
Cell (virus_2913380,host_177185): 0 -> 1
Cell (virus_2913380,host_187017): 0 -> 1
Cell (virus_2913380,host_685731): 0 -> 1
Cell (virus_2913380,host_2603869): 0 -> 1
Cell (virus_2913380,host_59453): 0 -> 1
Cell (virus_2913380,host_175524): 0 -> 1
Cell (virus_2913380,host_186990): 0 -> 1
Cell (virus_2913380,host_186991): 0 -> 1
Cell (virus_2913380,host_157961): 0 -> 1
Cell (virus_2913380,host_58069): 0 -> 1
Cell (virus_2913380,host_2603865): 0 -> 1
Cell (virus_2913380,host_337453): 0 -> 1
Cell (virus_2913380,host_430492): 0 -> 1
Cell (virus_2913380,host_77218): 0 -> 1
Cell (virus_2913380,host_1195082): 0 -> 1
Cell (virus_2913380,host_329870): 0 -> 1
Cell (virus_2913380,host_549403): 0 -> 1
Cell (virus_2913380,host_3371112): 0 -> 1
Cell (virus_2913380,host_166054): 0 -> 1
Cell (virus_2913380,host_385575): 0 -> 1
Cell (virus_2913380,host_9403): 0 -> 1
Cell (virus_2913380,host_58057): 0 -> 1
Cell (virus_2913380,host_1410044): 0 -> 1
Cell (virus_2913380,host_1898389): 0 -> 1
Cell (virus_2913380,host_77231): 0 -> 1
Cell (virus_2913380,host_372077): 0 -> 1
Cell (virus_2913380,host_58067): 0 -> 1
Cell (virus_2913380,host_498220): 0 -> 1
Cell (virus_2913380,host_58071): 0 -> 1
Cell (virus_2913380,host_58073): 0 -> 1
Cell (virus_2913380,host_1898393): 0 -> 1
Cell (virus_2913380,host_77223): 0 -> 1
Cell (virus_2913380,host_9407): 0 -> 1
Cell (virus_2913380,host_9408): 0 -> 1
Cell (virus_2913380,host_58065): 0 -> 1
Cell (virus_2913380,host_326083): 0 -> 1
Cell (virus_2913380,host_1381355): 0 -> 1
Cell (virus_2913380,host_187003): 0 -> 1
Cell (virus_2913380,host_907075): 0 -> 1
Cell (virus_2913380,host_208969): 0 -> 1
Cell (virus_2913380,host_40233): 0 -> 1
Cell (virus_2913380,host_27634): 0 -> 1
Cell (virus_2913380,host_40228): 0 -> 1
Cell (virus_2913380,host_40230): 0 -> 1
Cell (virus_2913380,host_177160): 0 -> 1
Cell (virus_2913380,host_177162): 0 -> 1
Cell (virus_2913380,host_27638): 0 -> 1
Cell (virus_2913380,host_2994998): 0 -> 1
Cell (virus_2913380,host_27642): 0 -> 1
Cell (virus_2913380,host_9423): 0 -> 1
Cell (virus_2913380,host_148061): 0 -> 1
Cell (virus_2913380,host_148089): 0 -> 1
Cell (virus_2913380,host_59472): 0 -> 1
Cell (virus_2913380,host_9414): 0 -> 1
Cell (virus_2913380,host_1434095): 0 -> 1
Cell (virus_2913380,host_221086): 0 -> 1
Cell (virus_2913380,host_291302): 0 -> 1
Cell (virus_2913380,host_187007): 0 -> 1
Cell (virus_2913380,host_187008): 0 -> 1
Cell (virus_2913380,host_438766): 0 -> 1
Cell (virus_2913380,host_258934): 0 -> 1
Cell (virus_2913380,host_258867): 0 -> 1
Cell (virus_2913380,host_242384): 0 -> 1
Cell (virus_2913380,host_258863): 0 -> 1
Cell (virus_2913380,host_452595): 0 -> 1
Cell (virus_2913380,host_3370289): 0 -> 1
Cell (virus_2913380,host_999964): 0 -> 1
Cell (virus_2913380,host_9438): 0 -> 1
Cell (virus_2913380,host_249033): 0 -> 1
Cell (virus_2913380,host_258930): 0 -> 1
Cell (virus_2913380,host_272799): 0 -> 1
Cell (virus_2913380,host_258909): 0 -> 1
Cell (virus_2913380,host_909369): 0 -> 1
Cell (virus_2913380,host_29078): 0 -> 1
Cell (virus_2913380,host_2969767): 0 -> 1
Cell (virus_2913380,host_3371014): 0 -> 1
Cell (virus_2913380,host_3371016): 0 -> 1
Cell (virus_2913380,host_360967): 0 -> 1
Cell (virus_2913380,host_258959): 0 -> 1
Cell (virus_2913380,host_526822): 0 -> 1
Cell (virus_989337,host_105273): 0 -> 1
Cell (virus_989337,host_105295): 0 -> 1
Cell (virus_989337,host_51300): 0 -> 1
Cell (virus_989337,host_294653): 0 -> 1
Cell (virus_989337,host_59473): 0 -> 1
Cell (virus_989337,host_2015597): 0 -> 1
Cell (virus_989337,host_633648): 0 -> 1
Cell (virus_989337,host_258925): 0 -> 1
Cell (virus_989337,host_177185): 0 -> 1
Cell (virus_989337,host_187017): 0 -> 1
Cell (virus_989337,host_685731): 0 -> 1
Cell (virus_989337,host_2603869): 0 -> 1
Cell (virus_989337,host_188568): 0 -> 1
Cell (virus_989337,host_188569): 0 -> 1
Cell (virus_989337,host_59453): 0 -> 1
Cell (virus_989337,host_175524): 0 -> 1
Cell (virus_989337,host_186990): 0 -> 1
Cell (virus_989337,host_186991): 0 -> 1
Cell (virus_989337,host_157961): 0 -> 1
Cell (virus_989337,host_270698): 0 -> 1
Cell (virus_989337,host_58069): 0 -> 1
Cell (virus_989337,host_337453): 0 -> 1
Cell (virus_989337,host_430492): 0 -> 1
Cell (virus_989337,host_77218): 0 -> 1
Cell (virus_989337,host_1195082): 0 -> 1
Cell (virus_989337,host_329870): 0 -> 1
Cell (virus_989337,host_549403): 0 -> 1
Cell (virus_989337,host_3371112): 0 -> 1
Cell (virus_989337,host_166054): 0 -> 1
Cell (virus_989337,host_385575): 0 -> 1
Cell (virus_989337,host_9403): 0 -> 1
Cell (virus_989337,host_58057): 0 -> 1
Cell (virus_989337,host_1410044): 0 -> 1
Cell (virus_989337,host_1898389): 0 -> 1
Cell (virus_989337,host_77231): 0 -> 1
Cell (virus_989337,host_58067): 0 -> 1
Cell (virus_989337,host_498220): 0 -> 1
Cell (virus_989337,host_58071): 0 -> 1
Cell (virus_989337,host_77243): 0 -> 1
Cell (virus_989337,host_58073): 0 -> 1
Cell (virus_989337,host_77223): 0 -> 1
Cell (virus_989337,host_9407): 0 -> 1
Cell (virus_989337,host_9408): 0 -> 1
Cell (virus_989337,host_58065): 0 -> 1
Cell (virus_989337,host_58063): 0 -> 1
Cell (virus_989337,host_77214): 0 -> 1
Cell (virus_989337,host_326083): 0 -> 1
Cell (virus_989337,host_1381355): 0 -> 1
Cell (virus_989337,host_187003): 0 -> 1
Cell (virus_989337,host_907075): 0 -> 1
Cell (virus_989337,host_208969): 0 -> 1
Cell (virus_989337,host_40233): 0 -> 1
Cell (virus_989337,host_27634): 0 -> 1
Cell (virus_989337,host_40228): 0 -> 1
Cell (virus_989337,host_40230): 0 -> 1
Cell (virus_989337,host_177160): 0 -> 1
Cell (virus_989337,host_177162): 0 -> 1
Cell (virus_989337,host_27638): 0 -> 1
Cell (virus_989337,host_2994998): 0 -> 1
Cell (virus_989337,host_27642): 0 -> 1
Cell (virus_989337,host_89673): 0 -> 1
Cell (virus_989337,host_9423): 0 -> 1
Cell (virus_989337,host_148061): 0 -> 1
Cell (virus_989337,host_148089): 0 -> 1
Cell (virus_989337,host_94961): 0 -> 1
Cell (virus_989337,host_59472): 0 -> 1
Cell (virus_989337,host_9414): 0 -> 1
Cell (virus_989337,host_1434095): 0 -> 1
Cell (virus_989337,host_221086): 0 -> 1
Cell (virus_989337,host_291302): 0 -> 1
Cell (virus_989337,host_187007): 0 -> 1
Cell (virus_989337,host_9433): 0 -> 1
Cell (virus_989337,host_187008): 0 -> 1
Cell (virus_989337,host_438766): 0 -> 1
Cell (virus_989337,host_258934): 0 -> 1
Cell (virus_989337,host_2218597): 0 -> 1
Cell (virus_989337,host_258867): 0 -> 1
Cell (virus_989337,host_242384): 0 -> 1
Cell (virus_989337,host_258863): 0 -> 1
Cell (virus_989337,host_452595): 0 -> 1
Cell (virus_989337,host_3370289): 0 -> 1
Cell (virus_989337,host_999964): 0 -> 1
Cell (virus_989337,host_9438): 0 -> 1
Cell (virus_989337,host_249033): 0 -> 1
Cell (virus_989337,host_258930): 0 -> 1
Cell (virus_989337,host_272799): 0 -> 1
Cell (virus_989337,host_258909): 0 -> 1
Cell (virus_989337,host_909369): 0 -> 1
Cell (virus_989337,host_29078): 0 -> 1
Cell (virus_989337,host_2969767): 0 -> 1
Cell (virus_989337,host_3371014): 0 -> 1
Cell (virus_989337,host_3371016): 0 -> 1
Cell (virus_989337,host_360967): 0 -> 1
Cell (virus_989337,host_258959): 0 -> 1
Cell (virus_989337,host_526822): 0 -> 1
Cell (virus_3433764,host_105273): 0 -> 1
Cell (virus_3433764,host_105295): 0 -> 1
Cell (virus_3433764,host_258946): 0 -> 1
Cell (virus_3433764,host_187011): 0 -> 1
Cell (virus_3433764,host_51300): 0 -> 1
Cell (virus_3433764,host_294653): 0 -> 1
Cell (virus_3433764,host_59473): 0 -> 1
Cell (virus_3433764,host_2015597): 0 -> 1
Cell (virus_3433764,host_633648): 0 -> 1
Cell (virus_3433764,host_258925): 0 -> 1
Cell (virus_3433764,host_177185): 0 -> 1
Cell (virus_3433764,host_187017): 0 -> 1
Cell (virus_3433764,host_2603869): 0 -> 1
Cell (virus_3433764,host_188568): 0 -> 1
Cell (virus_3433764,host_1207989): 0 -> 1
Cell (virus_3433764,host_188569): 0 -> 1
Cell (virus_3433764,host_59453): 0 -> 1
Cell (virus_3433764,host_175524): 0 -> 1
Cell (virus_3433764,host_186990): 0 -> 1
Cell (virus_3433764,host_186991): 0 -> 1
Cell (virus_3433764,host_157961): 0 -> 1
Cell (virus_3433764,host_270698): 0 -> 1
Cell (virus_3433764,host_334201): 0 -> 1
Cell (virus_3433764,host_58069): 0 -> 1
Cell (virus_3433764,host_188571): 0 -> 1
Cell (virus_3433764,host_2603865): 0 -> 1
Cell (virus_3433764,host_337453): 0 -> 1
Cell (virus_3433764,host_430492): 0 -> 1
Cell (virus_3433764,host_77218): 0 -> 1
Cell (virus_3433764,host_1195082): 0 -> 1
Cell (virus_3433764,host_329870): 0 -> 1
Cell (virus_3433764,host_549403): 0 -> 1
Cell (virus_3433764,host_3371112): 0 -> 1
Cell (virus_3433764,host_166054): 0 -> 1
Cell (virus_3433764,host_385575): 0 -> 1
Cell (virus_3433764,host_9403): 0 -> 1
Cell (virus_3433764,host_58057): 0 -> 1
Cell (virus_3433764,host_1410044): 0 -> 1
Cell (virus_3433764,host_1898389): 0 -> 1
Cell (virus_3433764,host_77231): 0 -> 1
Cell (virus_3433764,host_372077): 0 -> 1
Cell (virus_3433764,host_58067): 0 -> 1
Cell (virus_3433764,host_448084): 0 -> 1
Cell (virus_3433764,host_58071): 0 -> 1
Cell (virus_3433764,host_77243): 0 -> 1
Cell (virus_3433764,host_58073): 0 -> 1
Cell (virus_3433764,host_1898393): 0 -> 1
Cell (virus_3433764,host_77223): 0 -> 1
Cell (virus_3433764,host_9407): 0 -> 1
Cell (virus_3433764,host_9408): 0 -> 1
Cell (virus_3433764,host_58065): 0 -> 1
Cell (virus_3433764,host_326083): 0 -> 1
Cell (virus_3433764,host_1381355): 0 -> 1
Cell (virus_3433764,host_187003): 0 -> 1
Cell (virus_3433764,host_907075): 0 -> 1
Cell (virus_3433764,host_208969): 0 -> 1
Cell (virus_3433764,host_40233): 0 -> 1
Cell (virus_3433764,host_27634): 0 -> 1
Cell (virus_3433764,host_40228): 0 -> 1
Cell (virus_3433764,host_40230): 0 -> 1
Cell (virus_3433764,host_177160): 0 -> 1
Cell (virus_3433764,host_177162): 0 -> 1
Cell (virus_3433764,host_27638): 0 -> 1
Cell (virus_3433764,host_2994998): 0 -> 1
Cell (virus_3433764,host_27642): 0 -> 1
Cell (virus_3433764,host_89673): 0 -> 1
Cell (virus_3433764,host_9423): 0 -> 1
Cell (virus_3433764,host_148061): 0 -> 1
Cell (virus_3433764,host_148089): 0 -> 1
Cell (virus_3433764,host_94961): 0 -> 1
Cell (virus_3433764,host_59472): 0 -> 1
Cell (virus_3433764,host_9414): 0 -> 1
Cell (virus_3433764,host_1434095): 0 -> 1
Cell (virus_3433764,host_221086): 0 -> 1
Cell (virus_3433764,host_291302): 0 -> 1
Cell (virus_3433764,host_187007): 0 -> 1
Cell (virus_3433764,host_187008): 0 -> 1
Cell (virus_3433764,host_438766): 0 -> 1
Cell (virus_3433764,host_258934): 0 -> 1
Cell (virus_3433764,host_479723): 0 -> 1
Cell (virus_3433764,host_258867): 0 -> 1
Cell (virus_3433764,host_242384): 0 -> 1
Cell (virus_3433764,host_258863): 0 -> 1
Cell (virus_3433764,host_452595): 0 -> 1
Cell (virus_3433764,host_3370289): 0 -> 1
Cell (virus_3433764,host_999964): 0 -> 1
Cell (virus_3433764,host_249033): 0 -> 1
Cell (virus_3433764,host_258930): 0 -> 1
Cell (virus_3433764,host_272799): 0 -> 1
Cell (virus_3433764,host_258909): 0 -> 1
Cell (virus_3433764,host_29078): 0 -> 1
Cell (virus_3433764,host_2969767): 0 -> 1
Cell (virus_3433764,host_3371014): 0 -> 1
Cell (virus_3433764,host_3371016): 0 -> 1
Cell (virus_3433764,host_360967): 0 -> 1
Cell (virus_3433764,host_258959): 0 -> 1
Cell (virus_3433764,host_526822): 0 -> 1
Cell (virus_2115988,host_105295): 0 -> 1
Cell (virus_2115988,host_187011): 0 -> 1
Cell (virus_2115988,host_375553): 0 -> 1
Cell (virus_2115988,host_51300): 0 -> 1
Cell (virus_2115988,host_59473): 0 -> 1
Cell (virus_2115988,host_258940): 0 -> 1
Cell (virus_2115988,host_452654): 0 -> 1
Cell (virus_2115988,host_2015597): 0 -> 1
Cell (virus_2115988,host_633648): 0 -> 1
Cell (virus_2115988,host_258925): 0 -> 1
Cell (virus_2115988,host_177185): 0 -> 1
Cell (virus_2115988,host_187017): 0 -> 1
Cell (virus_2115988,host_110941): 0 -> 1
Cell (virus_2115988,host_2603869): 0 -> 1
Cell (virus_2115988,host_188568): 0 -> 1
Cell (virus_2115988,host_1207989): 0 -> 1
Cell (virus_2115988,host_59453): 0 -> 1
Cell (virus_2115988,host_175524): 0 -> 1
Cell (virus_2115988,host_186990): 0 -> 1
Cell (virus_2115988,host_186991): 0 -> 1
Cell (virus_2115988,host_157961): 0 -> 1
Cell (virus_2115988,host_584995): 0 -> 1
Cell (virus_2115988,host_302402): 0 -> 1
Cell (virus_2115988,host_463808): 0 -> 1
Cell (virus_2115988,host_58069): 0 -> 1
Cell (virus_2115988,host_89399): 0 -> 1
Cell (virus_2115988,host_188571): 0 -> 1
Cell (virus_2115988,host_430492): 0 -> 1
Cell (virus_2115988,host_1195082): 0 -> 1
Cell (virus_2115988,host_329870): 0 -> 1
Cell (virus_2115988,host_549403): 0 -> 1
Cell (virus_2115988,host_3371112): 0 -> 1
Cell (virus_2115988,host_124756): 0 -> 1
Cell (virus_2115988,host_166054): 0 -> 1
Cell (virus_2115988,host_196297): 0 -> 1
Cell (virus_2115988,host_328804): 0 -> 1
Cell (virus_2115988,host_9403): 0 -> 1
Cell (virus_2115988,host_58057): 0 -> 1
Cell (virus_2115988,host_1410044): 0 -> 1
Cell (virus_2115988,host_1898389): 0 -> 1
Cell (virus_2115988,host_77231): 0 -> 1
Cell (virus_2115988,host_2853157): 0 -> 1
Cell (virus_2115988,host_58067): 0 -> 1
Cell (virus_2115988,host_58071): 0 -> 1
Cell (virus_2115988,host_77243): 0 -> 1
Cell (virus_2115988,host_58073): 0 -> 1
Cell (virus_2115988,host_77223): 0 -> 1
Cell (virus_2115988,host_9407): 0 -> 1
Cell (virus_2115988,host_9408): 0 -> 1
Cell (virus_2115988,host_58065): 0 -> 1
Cell (virus_2115988,host_77214): 0 -> 1
Cell (virus_2115988,host_1381355): 0 -> 1
Cell (virus_2115988,host_187003): 0 -> 1
Cell (virus_2115988,host_907075): 0 -> 1
Cell (virus_2115988,host_40230): 0 -> 1
Cell (virus_2115988,host_51012): 0 -> 1
Cell (virus_2115988,host_40224): 0 -> 1
Cell (virus_2115988,host_177160): 0 -> 1
Cell (virus_2115988,host_177162): 0 -> 1
Cell (virus_2115988,host_2994998): 0 -> 1
Cell (virus_2115988,host_89673): 0 -> 1
Cell (virus_2115988,host_9423): 0 -> 1
Cell (virus_2115988,host_148061): 0 -> 1
Cell (virus_2115988,host_148089): 0 -> 1
Cell (virus_2115988,host_1434095): 0 -> 1
Cell (virus_2115988,host_221086): 0 -> 1
Cell (virus_2115988,host_291302): 0 -> 1
Cell (virus_2115988,host_221087): 0 -> 1
Cell (virus_2115988,host_187007): 0 -> 1
Cell (virus_2115988,host_187008): 0 -> 1
Cell (virus_2115988,host_438766): 0 -> 1
Cell (virus_2115988,host_258934): 0 -> 1
Cell (virus_2115988,host_479723): 0 -> 1
Cell (virus_2115988,host_124751): 0 -> 1
Cell (virus_2115988,host_3041509): 0 -> 1
Cell (virus_2115988,host_258867): 0 -> 1
Cell (virus_2115988,host_258863): 0 -> 1
Cell (virus_2115988,host_452595): 0 -> 1
Cell (virus_2115988,host_3370289): 0 -> 1
Cell (virus_2115988,host_999964): 0 -> 1
Cell (virus_2115988,host_9438): 0 -> 1
Cell (virus_2115988,host_153297): 0 -> 1
Cell (virus_2115988,host_258952): 0 -> 1
Cell (virus_2115988,host_258953): 0 -> 1
Cell (virus_2115988,host_249033): 0 -> 1
Cell (virus_2115988,host_258930): 0 -> 1
Cell (virus_2115988,host_272799): 0 -> 1
Cell (virus_2115988,host_258909): 0 -> 1
Cell (virus_2115988,host_29078): 0 -> 1
Cell (virus_2115988,host_3371014): 0 -> 1
Cell (virus_2115988,host_3371016): 0 -> 1
Cell (virus_2115988,host_360967): 0 -> 1
Cell (virus_2115988,host_258959): 0 -> 1
Cell (virus_2115988,host_526822): 0 -> 1
Cell (virus_2833151,host_105295): 0 -> 1
Cell (virus_2833151,host_187011): 0 -> 1
Cell (virus_2833151,host_51300): 0 -> 1
Cell (virus_2833151,host_59473): 0 -> 1
Cell (virus_2833151,host_258940): 0 -> 1
Cell (virus_2833151,host_452654): 0 -> 1
Cell (virus_2833151,host_2015597): 0 -> 1
Cell (virus_2833151,host_633648): 0 -> 1
Cell (virus_2833151,host_258925): 0 -> 1
Cell (virus_2833151,host_177185): 0 -> 1
Cell (virus_2833151,host_110941): 0 -> 1
Cell (virus_2833151,host_2603869): 0 -> 1
Cell (virus_2833151,host_188568): 0 -> 1
Cell (virus_2833151,host_1207989): 0 -> 1
Cell (virus_2833151,host_188569): 0 -> 1
Cell (virus_2833151,host_59453): 0 -> 1
Cell (virus_2833151,host_175524): 0 -> 1
Cell (virus_2833151,host_186990): 0 -> 1
Cell (virus_2833151,host_186991): 0 -> 1
Cell (virus_2833151,host_157961): 0 -> 1
Cell (virus_2833151,host_270698): 0 -> 1
Cell (virus_2833151,host_584995): 0 -> 1
Cell (virus_2833151,host_302402): 0 -> 1
Cell (virus_2833151,host_463808): 0 -> 1
Cell (virus_2833151,host_89399): 0 -> 1
Cell (virus_2833151,host_188571): 0 -> 1
Cell (virus_2833151,host_337453): 0 -> 1
Cell (virus_2833151,host_430492): 0 -> 1
Cell (virus_2833151,host_1195082): 0 -> 1
Cell (virus_2833151,host_329870): 0 -> 1
Cell (virus_2833151,host_549403): 0 -> 1
Cell (virus_2833151,host_3371112): 0 -> 1
Cell (virus_2833151,host_124756): 0 -> 1
Cell (virus_2833151,host_166054): 0 -> 1
Cell (virus_2833151,host_196297): 0 -> 1
Cell (virus_2833151,host_328804): 0 -> 1
Cell (virus_2833151,host_9403): 0 -> 1
Cell (virus_2833151,host_58057): 0 -> 1
Cell (virus_2833151,host_1410044): 0 -> 1
Cell (virus_2833151,host_1898389): 0 -> 1
Cell (virus_2833151,host_77231): 0 -> 1
Cell (virus_2833151,host_2853157): 0 -> 1
Cell (virus_2833151,host_58067): 0 -> 1
Cell (virus_2833151,host_448084): 0 -> 1
Cell (virus_2833151,host_58071): 0 -> 1
Cell (virus_2833151,host_77243): 0 -> 1
Cell (virus_2833151,host_58073): 0 -> 1
Cell (virus_2833151,host_77223): 0 -> 1
Cell (virus_2833151,host_9407): 0 -> 1
Cell (virus_2833151,host_9408): 0 -> 1
Cell (virus_2833151,host_58065): 0 -> 1
Cell (virus_2833151,host_77214): 0 -> 1
Cell (virus_2833151,host_1381355): 0 -> 1
Cell (virus_2833151,host_187003): 0 -> 1
Cell (virus_2833151,host_907075): 0 -> 1
Cell (virus_2833151,host_40230): 0 -> 1
Cell (virus_2833151,host_51012): 0 -> 1
Cell (virus_2833151,host_40224): 0 -> 1
Cell (virus_2833151,host_177160): 0 -> 1
Cell (virus_2833151,host_177162): 0 -> 1
Cell (virus_2833151,host_2994998): 0 -> 1
Cell (virus_2833151,host_89673): 0 -> 1
Cell (virus_2833151,host_9423): 0 -> 1
Cell (virus_2833151,host_148061): 0 -> 1
Cell (virus_2833151,host_148089): 0 -> 1
Cell (virus_2833151,host_1434095): 0 -> 1
Cell (virus_2833151,host_221086): 0 -> 1
Cell (virus_2833151,host_291302): 0 -> 1
Cell (virus_2833151,host_221087): 0 -> 1
Cell (virus_2833151,host_187007): 0 -> 1
Cell (virus_2833151,host_187008): 0 -> 1
Cell (virus_2833151,host_438766): 0 -> 1
Cell (virus_2833151,host_258934): 0 -> 1
Cell (virus_2833151,host_479723): 0 -> 1
Cell (virus_2833151,host_3041509): 0 -> 1
Cell (virus_2833151,host_258867): 0 -> 1
Cell (virus_2833151,host_258863): 0 -> 1
Cell (virus_2833151,host_452595): 0 -> 1
Cell (virus_2833151,host_3370289): 0 -> 1
Cell (virus_2833151,host_999964): 0 -> 1
Cell (virus_2833151,host_9438): 0 -> 1
Cell (virus_2833151,host_258952): 0 -> 1
Cell (virus_2833151,host_258953): 0 -> 1
Cell (virus_2833151,host_249033): 0 -> 1
Cell (virus_2833151,host_258930): 0 -> 1
Cell (virus_2833151,host_272799): 0 -> 1
Cell (virus_2833151,host_258909): 0 -> 1
Cell (virus_2833151,host_909369): 0 -> 1
Cell (virus_2833151,host_29078): 0 -> 1
Cell (virus_2833151,host_3371014): 0 -> 1
Cell (virus_2833151,host_3371016): 0 -> 1
Cell (virus_2833151,host_360967): 0 -> 1
Cell (virus_2833151,host_258959): 0 -> 1
Cell (virus_2833151,host_526822): 0 -> 1
Cell (virus_3433795,host_105295): 0 -> 1
Cell (virus_3433795,host_258946): 0 -> 1
Cell (virus_3433795,host_187011): 0 -> 1
Cell (virus_3433795,host_51300): 0 -> 1
Cell (virus_3433795,host_59473): 0 -> 1
Cell (virus_3433795,host_258940): 0 -> 1
Cell (virus_3433795,host_452654): 0 -> 1
Cell (virus_3433795,host_2015597): 0 -> 1
Cell (virus_3433795,host_633648): 0 -> 1
Cell (virus_3433795,host_258925): 0 -> 1
Cell (virus_3433795,host_177185): 0 -> 1
Cell (virus_3433795,host_110941): 0 -> 1
Cell (virus_3433795,host_2603869): 0 -> 1
Cell (virus_3433795,host_188568): 0 -> 1
Cell (virus_3433795,host_1207989): 0 -> 1
Cell (virus_3433795,host_188569): 0 -> 1
Cell (virus_3433795,host_59453): 0 -> 1
Cell (virus_3433795,host_175524): 0 -> 1
Cell (virus_3433795,host_186990): 0 -> 1
Cell (virus_3433795,host_186991): 0 -> 1
Cell (virus_3433795,host_157961): 0 -> 1
Cell (virus_3433795,host_270698): 0 -> 1
Cell (virus_3433795,host_584995): 0 -> 1
Cell (virus_3433795,host_302402): 0 -> 1
Cell (virus_3433795,host_463808): 0 -> 1
Cell (virus_3433795,host_58069): 0 -> 1
Cell (virus_3433795,host_89399): 0 -> 1
Cell (virus_3433795,host_188571): 0 -> 1
Cell (virus_3433795,host_337453): 0 -> 1
Cell (virus_3433795,host_430492): 0 -> 1
Cell (virus_3433795,host_1195082): 0 -> 1
Cell (virus_3433795,host_329870): 0 -> 1
Cell (virus_3433795,host_549403): 0 -> 1
Cell (virus_3433795,host_3371112): 0 -> 1
Cell (virus_3433795,host_124756): 0 -> 1
Cell (virus_3433795,host_166054): 0 -> 1
Cell (virus_3433795,host_196297): 0 -> 1
Cell (virus_3433795,host_328804): 0 -> 1
Cell (virus_3433795,host_9402): 0 -> 1
Cell (virus_3433795,host_9403): 0 -> 1
Cell (virus_3433795,host_58057): 0 -> 1
Cell (virus_3433795,host_1410044): 0 -> 1
Cell (virus_3433795,host_1898389): 0 -> 1
Cell (virus_3433795,host_77231): 0 -> 1
Cell (virus_3433795,host_2853157): 0 -> 1
Cell (virus_3433795,host_58067): 0 -> 1
Cell (virus_3433795,host_58071): 0 -> 1
Cell (virus_3433795,host_77243): 0 -> 1
Cell (virus_3433795,host_58073): 0 -> 1
Cell (virus_3433795,host_77223): 0 -> 1
Cell (virus_3433795,host_9407): 0 -> 1
Cell (virus_3433795,host_9408): 0 -> 1
Cell (virus_3433795,host_58065): 0 -> 1
Cell (virus_3433795,host_77214): 0 -> 1
Cell (virus_3433795,host_1381355): 0 -> 1
Cell (virus_3433795,host_187003): 0 -> 1
Cell (virus_3433795,host_907075): 0 -> 1
Cell (virus_3433795,host_40230): 0 -> 1
Cell (virus_3433795,host_51012): 0 -> 1
Cell (virus_3433795,host_40224): 0 -> 1
Cell (virus_3433795,host_177160): 0 -> 1
Cell (virus_3433795,host_177162): 0 -> 1
Cell (virus_3433795,host_2994998): 0 -> 1
Cell (virus_3433795,host_89673): 0 -> 1
Cell (virus_3433795,host_9423): 0 -> 1
Cell (virus_3433795,host_148061): 0 -> 1
Cell (virus_3433795,host_148089): 0 -> 1
Cell (virus_3433795,host_1434095): 0 -> 1
Cell (virus_3433795,host_221086): 0 -> 1
Cell (virus_3433795,host_291302): 0 -> 1
Cell (virus_3433795,host_221087): 0 -> 1
Cell (virus_3433795,host_187007): 0 -> 1
Cell (virus_3433795,host_187008): 0 -> 1
Cell (virus_3433795,host_438766): 0 -> 1
Cell (virus_3433795,host_479723): 0 -> 1
Cell (virus_3433795,host_124751): 0 -> 1
Cell (virus_3433795,host_3041509): 0 -> 1
Cell (virus_3433795,host_258867): 0 -> 1
Cell (virus_3433795,host_258863): 0 -> 1
Cell (virus_3433795,host_452595): 0 -> 1
Cell (virus_3433795,host_3370289): 0 -> 1
Cell (virus_3433795,host_999964): 0 -> 1
Cell (virus_3433795,host_9438): 0 -> 1
Cell (virus_3433795,host_258952): 0 -> 1
Cell (virus_3433795,host_258953): 0 -> 1
Cell (virus_3433795,host_249033): 0 -> 1
Cell (virus_3433795,host_258930): 0 -> 1
Cell (virus_3433795,host_272799): 0 -> 1
Cell (virus_3433795,host_258909): 0 -> 1
Cell (virus_3433795,host_29078): 0 -> 1
Cell (virus_3433795,host_3371014): 0 -> 1
Cell (virus_3433795,host_3371016): 0 -> 1
Cell (virus_3433795,host_360967): 0 -> 1
Cell (virus_3433795,host_258959): 0 -> 1
Cell (virus_3433795,host_526822): 0 -> 1
Cell (virus_693998,host_105295): 0 -> 1
Cell (virus_693998,host_258946): 0 -> 1
Cell (virus_693998,host_187011): 0 -> 1
Cell (virus_693998,host_51300): 0 -> 1
Cell (virus_693998,host_59473): 0 -> 1
Cell (virus_693998,host_258940): 0 -> 1
Cell (virus_693998,host_452654): 0 -> 1
Cell (virus_693998,host_2015597): 0 -> 1
Cell (virus_693998,host_633648): 0 -> 1
Cell (virus_693998,host_258925): 0 -> 1
Cell (virus_693998,host_177185): 0 -> 1
Cell (virus_693998,host_110941): 0 -> 1
Cell (virus_693998,host_2603869): 0 -> 1
Cell (virus_693998,host_188568): 0 -> 1
Cell (virus_693998,host_1207989): 0 -> 1
Cell (virus_693998,host_188569): 0 -> 1
Cell (virus_693998,host_59453): 0 -> 1
Cell (virus_693998,host_175524): 0 -> 1
Cell (virus_693998,host_186990): 0 -> 1
Cell (virus_693998,host_186991): 0 -> 1
Cell (virus_693998,host_157961): 0 -> 1
Cell (virus_693998,host_270698): 0 -> 1
Cell (virus_693998,host_584995): 0 -> 1
Cell (virus_693998,host_302402): 0 -> 1
Cell (virus_693998,host_463808): 0 -> 1
Cell (virus_693998,host_58069): 0 -> 1
Cell (virus_693998,host_89399): 0 -> 1
Cell (virus_693998,host_188571): 0 -> 1
Cell (virus_693998,host_337453): 0 -> 1
Cell (virus_693998,host_430492): 0 -> 1
Cell (virus_693998,host_1195082): 0 -> 1
Cell (virus_693998,host_329870): 0 -> 1
Cell (virus_693998,host_549403): 0 -> 1
Cell (virus_693998,host_3371112): 0 -> 1
Cell (virus_693998,host_124756): 0 -> 1
Cell (virus_693998,host_166054): 0 -> 1
Cell (virus_693998,host_196297): 0 -> 1
Cell (virus_693998,host_328804): 0 -> 1
Cell (virus_693998,host_9402): 0 -> 1
Cell (virus_693998,host_9403): 0 -> 1
Cell (virus_693998,host_58057): 0 -> 1
Cell (virus_693998,host_1410044): 0 -> 1
Cell (virus_693998,host_1898389): 0 -> 1
Cell (virus_693998,host_77231): 0 -> 1
Cell (virus_693998,host_2853157): 0 -> 1
Cell (virus_693998,host_58067): 0 -> 1
Cell (virus_693998,host_58071): 0 -> 1
Cell (virus_693998,host_77243): 0 -> 1
Cell (virus_693998,host_58073): 0 -> 1
Cell (virus_693998,host_77223): 0 -> 1
Cell (virus_693998,host_9407): 0 -> 1
Cell (virus_693998,host_9408): 0 -> 1
Cell (virus_693998,host_58065): 0 -> 1
Cell (virus_693998,host_77214): 0 -> 1
Cell (virus_693998,host_1381355): 0 -> 1
Cell (virus_693998,host_187003): 0 -> 1
Cell (virus_693998,host_907075): 0 -> 1
Cell (virus_693998,host_40230): 0 -> 1
Cell (virus_693998,host_51012): 0 -> 1
Cell (virus_693998,host_40224): 0 -> 1
Cell (virus_693998,host_177160): 0 -> 1
Cell (virus_693998,host_177162): 0 -> 1
Cell (virus_693998,host_2994998): 0 -> 1
Cell (virus_693998,host_89673): 0 -> 1
Cell (virus_693998,host_9423): 0 -> 1
Cell (virus_693998,host_148061): 0 -> 1
Cell (virus_693998,host_148089): 0 -> 1
Cell (virus_693998,host_1434095): 0 -> 1
Cell (virus_693998,host_221086): 0 -> 1
Cell (virus_693998,host_291302): 0 -> 1
Cell (virus_693998,host_221087): 0 -> 1
Cell (virus_693998,host_187007): 0 -> 1
Cell (virus_693998,host_187008): 0 -> 1
Cell (virus_693998,host_438766): 0 -> 1
Cell (virus_693998,host_479723): 0 -> 1
Cell (virus_693998,host_124751): 0 -> 1
Cell (virus_693998,host_3041509): 0 -> 1
Cell (virus_693998,host_258867): 0 -> 1
Cell (virus_693998,host_258863): 0 -> 1
Cell (virus_693998,host_452595): 0 -> 1
Cell (virus_693998,host_3370289): 0 -> 1
Cell (virus_693998,host_999964): 0 -> 1
Cell (virus_693998,host_9438): 0 -> 1
Cell (virus_693998,host_258952): 0 -> 1
Cell (virus_693998,host_258953): 0 -> 1
Cell (virus_693998,host_249033): 0 -> 1
Cell (virus_693998,host_258930): 0 -> 1
Cell (virus_693998,host_272799): 0 -> 1
Cell (virus_693998,host_258909): 0 -> 1
Cell (virus_693998,host_29078): 0 -> 1
Cell (virus_693998,host_3371014): 0 -> 1
Cell (virus_693998,host_3371016): 0 -> 1
Cell (virus_693998,host_360967): 0 -> 1
Cell (virus_693998,host_258959): 0 -> 1
Cell (virus_693998,host_526822): 0 -> 1
Cell (virus_2913382,host_105273): 0 -> 1
Cell (virus_2913382,host_105295): 0 -> 1
Cell (virus_2913382,host_187011): 0 -> 1
Cell (virus_2913382,host_51300): 0 -> 1
Cell (virus_2913382,host_59473): 0 -> 1
Cell (virus_2913382,host_258940): 0 -> 1
Cell (virus_2913382,host_452654): 0 -> 1
Cell (virus_2913382,host_2015597): 0 -> 1
Cell (virus_2913382,host_633648): 0 -> 1
Cell (virus_2913382,host_258925): 0 -> 1
Cell (virus_2913382,host_177185): 0 -> 1
Cell (virus_2913382,host_110941): 0 -> 1
Cell (virus_2913382,host_2603869): 0 -> 1
Cell (virus_2913382,host_188568): 0 -> 1
Cell (virus_2913382,host_1207989): 0 -> 1
Cell (virus_2913382,host_188569): 0 -> 1
Cell (virus_2913382,host_59453): 0 -> 1
Cell (virus_2913382,host_175524): 0 -> 1
Cell (virus_2913382,host_186990): 0 -> 1
Cell (virus_2913382,host_186991): 0 -> 1
Cell (virus_2913382,host_157961): 0 -> 1
Cell (virus_2913382,host_270698): 0 -> 1
Cell (virus_2913382,host_249020): 0 -> 1
Cell (virus_2913382,host_584995): 0 -> 1
Cell (virus_2913382,host_302402): 0 -> 1
Cell (virus_2913382,host_463808): 0 -> 1
Cell (virus_2913382,host_58069): 0 -> 1
Cell (virus_2913382,host_89399): 0 -> 1
Cell (virus_2913382,host_188571): 0 -> 1
Cell (virus_2913382,host_337453): 0 -> 1
Cell (virus_2913382,host_430492): 0 -> 1
Cell (virus_2913382,host_1195082): 0 -> 1
Cell (virus_2913382,host_329870): 0 -> 1
Cell (virus_2913382,host_549403): 0 -> 1
Cell (virus_2913382,host_3371112): 0 -> 1
Cell (virus_2913382,host_124756): 0 -> 1
Cell (virus_2913382,host_166054): 0 -> 1
Cell (virus_2913382,host_196297): 0 -> 1
Cell (virus_2913382,host_328804): 0 -> 1
Cell (virus_2913382,host_9402): 0 -> 1
Cell (virus_2913382,host_9403): 0 -> 1
Cell (virus_2913382,host_58057): 0 -> 1
Cell (virus_2913382,host_1410044): 0 -> 1
Cell (virus_2913382,host_1898389): 0 -> 1
Cell (virus_2913382,host_77231): 0 -> 1
Cell (virus_2913382,host_2853157): 0 -> 1
Cell (virus_2913382,host_58067): 0 -> 1
Cell (virus_2913382,host_58071): 0 -> 1
Cell (virus_2913382,host_77243): 0 -> 1
Cell (virus_2913382,host_58073): 0 -> 1
Cell (virus_2913382,host_77223): 0 -> 1
Cell (virus_2913382,host_9407): 0 -> 1
Cell (virus_2913382,host_9408): 0 -> 1
Cell (virus_2913382,host_58065): 0 -> 1
Cell (virus_2913382,host_77214): 0 -> 1
Cell (virus_2913382,host_1381355): 0 -> 1
Cell (virus_2913382,host_187003): 0 -> 1
Cell (virus_2913382,host_907075): 0 -> 1
Cell (virus_2913382,host_40230): 0 -> 1
Cell (virus_2913382,host_51012): 0 -> 1
Cell (virus_2913382,host_40224): 0 -> 1
Cell (virus_2913382,host_177160): 0 -> 1
Cell (virus_2913382,host_177162): 0 -> 1
Cell (virus_2913382,host_2994998): 0 -> 1
Cell (virus_2913382,host_89673): 0 -> 1
Cell (virus_2913382,host_9423): 0 -> 1
Cell (virus_2913382,host_148061): 0 -> 1
Cell (virus_2913382,host_148089): 0 -> 1
Cell (virus_2913382,host_221086): 0 -> 1
Cell (virus_2913382,host_291302): 0 -> 1
Cell (virus_2913382,host_221087): 0 -> 1
Cell (virus_2913382,host_187007): 0 -> 1
Cell (virus_2913382,host_187008): 0 -> 1
Cell (virus_2913382,host_438766): 0 -> 1
Cell (virus_2913382,host_258934): 0 -> 1
Cell (virus_2913382,host_479723): 0 -> 1
Cell (virus_2913382,host_124751): 0 -> 1
Cell (virus_2913382,host_3041509): 0 -> 1
Cell (virus_2913382,host_258867): 0 -> 1
Cell (virus_2913382,host_258863): 0 -> 1
Cell (virus_2913382,host_452595): 0 -> 1
Cell (virus_2913382,host_3370289): 0 -> 1
Cell (virus_2913382,host_999964): 0 -> 1
Cell (virus_2913382,host_9438): 0 -> 1
Cell (virus_2913382,host_153297): 0 -> 1
Cell (virus_2913382,host_258952): 0 -> 1
Cell (virus_2913382,host_258953): 0 -> 1
Cell (virus_2913382,host_249033): 0 -> 1
Cell (virus_2913382,host_258930): 0 -> 1
Cell (virus_2913382,host_272799): 0 -> 1
Cell (virus_2913382,host_258909): 0 -> 1
Cell (virus_2913382,host_29078): 0 -> 1
Cell (virus_2913382,host_3371014): 0 -> 1
Cell (virus_2913382,host_3371016): 0 -> 1
Cell (virus_2913382,host_360967): 0 -> 1
Cell (virus_2913382,host_258959): 0 -> 1
Cell (virus_2913382,host_526822): 0 -> 1
Cell (virus_3433766,host_105273): 0 -> 1
Cell (virus_3433766,host_105295): 0 -> 1
Cell (virus_3433766,host_258946): 0 -> 1
Cell (virus_3433766,host_187011): 0 -> 1
Cell (virus_3433766,host_375553): 0 -> 1
Cell (virus_3433766,host_51300): 0 -> 1
Cell (virus_3433766,host_59473): 0 -> 1
Cell (virus_3433766,host_633648): 0 -> 1
Cell (virus_3433766,host_258925): 0 -> 1
Cell (virus_3433766,host_177185): 0 -> 1
Cell (virus_3433766,host_685731): 0 -> 1
Cell (virus_3433766,host_2603869): 0 -> 1
Cell (virus_3433766,host_175524): 0 -> 1
Cell (virus_3433766,host_186990): 0 -> 1
Cell (virus_3433766,host_186991): 0 -> 1
Cell (virus_3433766,host_157961): 0 -> 1
Cell (virus_3433766,host_334201): 0 -> 1
Cell (virus_3433766,host_249020): 0 -> 1
Cell (virus_3433766,host_302402): 0 -> 1
Cell (virus_3433766,host_463808): 0 -> 1
Cell (virus_3433766,host_376555): 0 -> 1
Cell (virus_3433766,host_249024): 0 -> 1
Cell (virus_3433766,host_1195082): 0 -> 1
Cell (virus_3433766,host_329870): 0 -> 1
Cell (virus_3433766,host_549403): 0 -> 1
Cell (virus_3433766,host_124756): 0 -> 1
Cell (virus_3433766,host_166054): 0 -> 1
Cell (virus_3433766,host_9403): 0 -> 1
Cell (virus_3433766,host_58057): 0 -> 1
Cell (virus_3433766,host_1410044): 0 -> 1
Cell (virus_3433766,host_1898389): 0 -> 1
Cell (virus_3433766,host_77231): 0 -> 1
Cell (virus_3433766,host_2853157): 0 -> 1
Cell (virus_3433766,host_58067): 0 -> 1
Cell (virus_3433766,host_498220): 0 -> 1
Cell (virus_3433766,host_448084): 0 -> 1
Cell (virus_3433766,host_58071): 0 -> 1
Cell (virus_3433766,host_58073): 0 -> 1
Cell (virus_3433766,host_77223): 0 -> 1
Cell (virus_3433766,host_9407): 0 -> 1
Cell (virus_3433766,host_9408): 0 -> 1
Cell (virus_3433766,host_58065): 0 -> 1
Cell (virus_3433766,host_58063): 0 -> 1
Cell (virus_3433766,host_326083): 0 -> 1
Cell (virus_3433766,host_1381355): 0 -> 1
Cell (virus_3433766,host_187003): 0 -> 1
Cell (virus_3433766,host_907075): 0 -> 1
Cell (virus_3433766,host_27634): 0 -> 1
Cell (virus_3433766,host_40228): 0 -> 1
Cell (virus_3433766,host_40230): 0 -> 1
Cell (virus_3433766,host_51012): 0 -> 1
Cell (virus_3433766,host_177160): 0 -> 1
Cell (virus_3433766,host_177162): 0 -> 1
Cell (virus_3433766,host_2994998): 0 -> 1
Cell (virus_3433766,host_27642): 0 -> 1
Cell (virus_3433766,host_89673): 0 -> 1
Cell (virus_3433766,host_9423): 0 -> 1
Cell (virus_3433766,host_148061): 0 -> 1
Cell (virus_3433766,host_148089): 0 -> 1
Cell (virus_3433766,host_9430): 0 -> 1
Cell (virus_3433766,host_9414): 0 -> 1
Cell (virus_3433766,host_1434095): 0 -> 1
Cell (virus_3433766,host_221086): 0 -> 1
Cell (virus_3433766,host_291302): 0 -> 1
Cell (virus_3433766,host_187007): 0 -> 1
Cell (virus_3433766,host_9433): 0 -> 1
Cell (virus_3433766,host_187008): 0 -> 1
Cell (virus_3433766,host_438766): 0 -> 1
Cell (virus_3433766,host_258934): 0 -> 1
Cell (virus_3433766,host_479723): 0 -> 1
Cell (virus_3433766,host_124751): 0 -> 1
Cell (virus_3433766,host_27622): 0 -> 1
Cell (virus_3433766,host_3041509): 0 -> 1
Cell (virus_3433766,host_2218597): 0 -> 1
Cell (virus_3433766,host_258867): 0 -> 1
Cell (virus_3433766,host_242384): 0 -> 1
Cell (virus_3433766,host_258863): 0 -> 1
Cell (virus_3433766,host_452595): 0 -> 1
Cell (virus_3433766,host_3370289): 0 -> 1
Cell (virus_3433766,host_999964): 0 -> 1
Cell (virus_3433766,host_153297): 0 -> 1
Cell (virus_3433766,host_258952): 0 -> 1
Cell (virus_3433766,host_258953): 0 -> 1
Cell (virus_3433766,host_249033): 0 -> 1
Cell (virus_3433766,host_258930): 0 -> 1
Cell (virus_3433766,host_272799): 0 -> 1
Cell (virus_3433766,host_258909): 0 -> 1
Cell (virus_3433766,host_909369): 0 -> 1
Cell (virus_3433766,host_29078): 0 -> 1
Cell (virus_3433766,host_3371014): 0 -> 1
Cell (virus_3433766,host_3371016): 0 -> 1
Cell (virus_3433766,host_360967): 0 -> 1
Cell (virus_3433766,host_110938): 0 -> 1
Cell (virus_3433766,host_258959): 0 -> 1
Cell (virus_3433766,host_526822): 0 -> 1
Cell (virus_694014,host_105273): 0 -> 1
Cell (virus_694014,host_105295): 0 -> 1
Cell (virus_694014,host_258946): 0 -> 1
Cell (virus_694014,host_187011): 0 -> 1
Cell (virus_694014,host_375553): 0 -> 1
Cell (virus_694014,host_51300): 0 -> 1
Cell (virus_694014,host_59473): 0 -> 1
Cell (virus_694014,host_633648): 0 -> 1
Cell (virus_694014,host_258925): 0 -> 1
Cell (virus_694014,host_177185): 0 -> 1
Cell (virus_694014,host_685731): 0 -> 1
Cell (virus_694014,host_2603869): 0 -> 1
Cell (virus_694014,host_175524): 0 -> 1
Cell (virus_694014,host_186990): 0 -> 1
Cell (virus_694014,host_186991): 0 -> 1
Cell (virus_694014,host_157961): 0 -> 1
Cell (virus_694014,host_334201): 0 -> 1
Cell (virus_694014,host_249020): 0 -> 1
Cell (virus_694014,host_302402): 0 -> 1
Cell (virus_694014,host_463808): 0 -> 1
Cell (virus_694014,host_376555): 0 -> 1
Cell (virus_694014,host_249024): 0 -> 1
Cell (virus_694014,host_1195082): 0 -> 1
Cell (virus_694014,host_329870): 0 -> 1
Cell (virus_694014,host_549403): 0 -> 1
Cell (virus_694014,host_124756): 0 -> 1
Cell (virus_694014,host_166054): 0 -> 1
Cell (virus_694014,host_9403): 0 -> 1
Cell (virus_694014,host_58057): 0 -> 1
Cell (virus_694014,host_1410044): 0 -> 1
Cell (virus_694014,host_1898389): 0 -> 1
Cell (virus_694014,host_77231): 0 -> 1
Cell (virus_694014,host_2853157): 0 -> 1
Cell (virus_694014,host_58067): 0 -> 1
Cell (virus_694014,host_498220): 0 -> 1
Cell (virus_694014,host_448084): 0 -> 1
Cell (virus_694014,host_58071): 0 -> 1
Cell (virus_694014,host_58073): 0 -> 1
Cell (virus_694014,host_77223): 0 -> 1
Cell (virus_694014,host_9407): 0 -> 1
Cell (virus_694014,host_9408): 0 -> 1
Cell (virus_694014,host_58065): 0 -> 1
Cell (virus_694014,host_58063): 0 -> 1
Cell (virus_694014,host_326083): 0 -> 1
Cell (virus_694014,host_1381355): 0 -> 1
Cell (virus_694014,host_187003): 0 -> 1
Cell (virus_694014,host_907075): 0 -> 1
Cell (virus_694014,host_27634): 0 -> 1
Cell (virus_694014,host_40228): 0 -> 1
Cell (virus_694014,host_40230): 0 -> 1
Cell (virus_694014,host_51012): 0 -> 1
Cell (virus_694014,host_177160): 0 -> 1
Cell (virus_694014,host_177162): 0 -> 1
Cell (virus_694014,host_2994998): 0 -> 1
Cell (virus_694014,host_27642): 0 -> 1
Cell (virus_694014,host_89673): 0 -> 1
Cell (virus_694014,host_9423): 0 -> 1
Cell (virus_694014,host_148061): 0 -> 1
Cell (virus_694014,host_148089): 0 -> 1
Cell (virus_694014,host_9430): 0 -> 1
Cell (virus_694014,host_9414): 0 -> 1
Cell (virus_694014,host_1434095): 0 -> 1
Cell (virus_694014,host_221086): 0 -> 1
Cell (virus_694014,host_291302): 0 -> 1
Cell (virus_694014,host_187007): 0 -> 1
Cell (virus_694014,host_9433): 0 -> 1
Cell (virus_694014,host_187008): 0 -> 1
Cell (virus_694014,host_438766): 0 -> 1
Cell (virus_694014,host_258934): 0 -> 1
Cell (virus_694014,host_479723): 0 -> 1
Cell (virus_694014,host_124751): 0 -> 1
Cell (virus_694014,host_27622): 0 -> 1
Cell (virus_694014,host_3041509): 0 -> 1
Cell (virus_694014,host_2218597): 0 -> 1
Cell (virus_694014,host_258867): 0 -> 1
Cell (virus_694014,host_242384): 0 -> 1
Cell (virus_694014,host_258863): 0 -> 1
Cell (virus_694014,host_452595): 0 -> 1
Cell (virus_694014,host_3370289): 0 -> 1
Cell (virus_694014,host_999964): 0 -> 1
Cell (virus_694014,host_153297): 0 -> 1
Cell (virus_694014,host_258952): 0 -> 1
Cell (virus_694014,host_258953): 0 -> 1
Cell (virus_694014,host_249033): 0 -> 1
Cell (virus_694014,host_258930): 0 -> 1
Cell (virus_694014,host_272799): 0 -> 1
Cell (virus_694014,host_258909): 0 -> 1
Cell (virus_694014,host_909369): 0 -> 1
Cell (virus_694014,host_29078): 0 -> 1
Cell (virus_694014,host_3371014): 0 -> 1
Cell (virus_694014,host_3371016): 0 -> 1
Cell (virus_694014,host_360967): 0 -> 1
Cell (virus_694014,host_110938): 0 -> 1
Cell (virus_694014,host_258959): 0 -> 1
Cell (virus_694014,host_526822): 0 -> 1
Cell (virus_2917966,host_105273): 0 -> 1
Cell (virus_2917966,host_105295): 0 -> 1
Cell (virus_2917966,host_187011): 0 -> 1
Cell (virus_2917966,host_375553): 0 -> 1
Cell (virus_2917966,host_51300): 0 -> 1
Cell (virus_2917966,host_59473): 0 -> 1
Cell (virus_2917966,host_187014): 0 -> 1
Cell (virus_2917966,host_59461): 0 -> 1
Cell (virus_2917966,host_452653): 0 -> 1
Cell (virus_2917966,host_633648): 0 -> 1
Cell (virus_2917966,host_258925): 0 -> 1
Cell (virus_2917966,host_177185): 0 -> 1
Cell (virus_2917966,host_685731): 0 -> 1
Cell (virus_2917966,host_2603869): 0 -> 1
Cell (virus_2917966,host_188568): 0 -> 1
Cell (virus_2917966,host_1207989): 0 -> 1
Cell (virus_2917966,host_188569): 0 -> 1
Cell (virus_2917966,host_175524): 0 -> 1
Cell (virus_2917966,host_186991): 0 -> 1
Cell (virus_2917966,host_334201): 0 -> 1
Cell (virus_2917966,host_249020): 0 -> 1
Cell (virus_2917966,host_584995): 0 -> 1
Cell (virus_2917966,host_302402): 0 -> 1
Cell (virus_2917966,host_463808): 0 -> 1
Cell (virus_2917966,host_170233): 0 -> 1
Cell (virus_2917966,host_58069): 0 -> 1
Cell (virus_2917966,host_1195082): 0 -> 1
Cell (virus_2917966,host_329870): 0 -> 1
Cell (virus_2917966,host_549403): 0 -> 1
Cell (virus_2917966,host_3371112): 0 -> 1
Cell (virus_2917966,host_124756): 0 -> 1
Cell (virus_2917966,host_166054): 0 -> 1
Cell (virus_2917966,host_196297): 0 -> 1
Cell (virus_2917966,host_328804): 0 -> 1
Cell (virus_2917966,host_9403): 0 -> 1
Cell (virus_2917966,host_1410044): 0 -> 1
Cell (virus_2917966,host_1898389): 0 -> 1
Cell (virus_2917966,host_77231): 0 -> 1
Cell (virus_2917966,host_2853157): 0 -> 1
Cell (virus_2917966,host_58067): 0 -> 1
Cell (virus_2917966,host_448084): 0 -> 1
Cell (virus_2917966,host_58071): 0 -> 1
Cell (virus_2917966,host_58073): 0 -> 1
Cell (virus_2917966,host_58083): 0 -> 1
Cell (virus_2917966,host_77223): 0 -> 1
Cell (virus_2917966,host_9407): 0 -> 1
Cell (virus_2917966,host_9408): 0 -> 1
Cell (virus_2917966,host_58065): 0 -> 1
Cell (virus_2917966,host_58063): 0 -> 1
Cell (virus_2917966,host_77214): 0 -> 1
Cell (virus_2917966,host_1898386): 0 -> 1
Cell (virus_2917966,host_58060): 0 -> 1
Cell (virus_2917966,host_9400): 0 -> 1
Cell (virus_2917966,host_298110): 0 -> 1
Cell (virus_2917966,host_77233): 0 -> 1
Cell (virus_2917966,host_374419): 0 -> 1
Cell (virus_2917966,host_326083): 0 -> 1
Cell (virus_2917966,host_1381355): 0 -> 1
Cell (virus_2917966,host_187003): 0 -> 1
Cell (virus_2917966,host_907075): 0 -> 1
Cell (virus_2917966,host_40228): 0 -> 1
Cell (virus_2917966,host_40230): 0 -> 1
Cell (virus_2917966,host_9417): 0 -> 1
Cell (virus_2917966,host_177160): 0 -> 1
Cell (virus_2917966,host_177162): 0 -> 1
Cell (virus_2917966,host_2994998): 0 -> 1
Cell (virus_2917966,host_409031): 0 -> 1
Cell (virus_2917966,host_9423): 0 -> 1
Cell (virus_2917966,host_148089): 0 -> 1
Cell (virus_2917966,host_94961): 0 -> 1
Cell (virus_2917966,host_59472): 0 -> 1
Cell (virus_2917966,host_1434095): 0 -> 1
Cell (virus_2917966,host_221086): 0 -> 1
Cell (virus_2917966,host_291302): 0 -> 1
Cell (virus_2917966,host_187007): 0 -> 1
Cell (virus_2917966,host_9433): 0 -> 1
Cell (virus_2917966,host_187008): 0 -> 1
Cell (virus_2917966,host_438766): 0 -> 1
Cell (virus_2917966,host_258934): 0 -> 1
Cell (virus_2917966,host_479723): 0 -> 1
Cell (virus_2917966,host_124751): 0 -> 1
Cell (virus_2917966,host_2218597): 0 -> 1
Cell (virus_2917966,host_258867): 0 -> 1
Cell (virus_2917966,host_242384): 0 -> 1
Cell (virus_2917966,host_258863): 0 -> 1
Cell (virus_2917966,host_452595): 0 -> 1
Cell (virus_2917966,host_3370289): 0 -> 1
Cell (virus_2917966,host_999964): 0 -> 1
Cell (virus_2917966,host_9438): 0 -> 1
Cell (virus_2917966,host_258952): 0 -> 1
Cell (virus_2917966,host_258953): 0 -> 1
Cell (virus_2917966,host_249033): 0 -> 1
Cell (virus_2917966,host_258930): 0 -> 1
Cell (virus_2917966,host_272799): 0 -> 1
Cell (virus_2917966,host_61862): 0 -> 1
Cell (virus_2917966,host_258909): 0 -> 1
Cell (virus_2917966,host_29078): 0 -> 1
Cell (virus_2917966,host_3371014): 0 -> 1
Cell (virus_2917966,host_3371016): 0 -> 1
Cell (virus_2917966,host_360967): 0 -> 1
Cell (virus_2917966,host_258959): 0 -> 1
Cell (virus_2917966,host_59485): 0 -> 1
Cell (virus_3158245,host_105273): 0 -> 1
Cell (virus_3158245,host_109481): 0 -> 1
Cell (virus_3158245,host_109482): 0 -> 1
Cell (virus_3158245,host_412095): 0 -> 1
Cell (virus_3158245,host_51298): 0 -> 1
Cell (virus_3158245,host_386774): 0 -> 1
Cell (virus_3158245,host_187014): 0 -> 1
Cell (virus_3158245,host_526407): 0 -> 1
Cell (virus_3158245,host_59461): 0 -> 1
Cell (virus_3158245,host_203696): 0 -> 1
Cell (virus_3158245,host_633648): 0 -> 1
Cell (virus_3158245,host_258925): 0 -> 1
Cell (virus_3158245,host_177185): 0 -> 1
Cell (virus_3158245,host_685731): 0 -> 1
Cell (virus_3158245,host_110941): 0 -> 1
Cell (virus_3158245,host_2603869): 0 -> 1
Cell (virus_3158245,host_1207989): 0 -> 1
Cell (virus_3158245,host_188569): 0 -> 1
Cell (virus_3158245,host_59453): 0 -> 1
Cell (virus_3158245,host_175524): 0 -> 1
Cell (virus_3158245,host_186990): 0 -> 1
Cell (virus_3158245,host_186991): 0 -> 1
Cell (virus_3158245,host_157961): 0 -> 1
Cell (virus_3158245,host_302402): 0 -> 1
Cell (virus_3158245,host_463808): 0 -> 1
Cell (virus_3158245,host_1195082): 0 -> 1
Cell (virus_3158245,host_329870): 0 -> 1
Cell (virus_3158245,host_166054): 0 -> 1
Cell (virus_3158245,host_385575): 0 -> 1
Cell (virus_3158245,host_9403): 0 -> 1
Cell (virus_3158245,host_77231): 0 -> 1
Cell (virus_3158245,host_2853157): 0 -> 1
Cell (virus_3158245,host_372077): 0 -> 1
Cell (virus_3158245,host_58067): 0 -> 1
Cell (virus_3158245,host_498220): 0 -> 1
Cell (virus_3158245,host_448084): 0 -> 1
Cell (virus_3158245,host_58071): 0 -> 1
Cell (virus_3158245,host_58073): 0 -> 1
Cell (virus_3158245,host_1898393): 0 -> 1
Cell (virus_3158245,host_58083): 0 -> 1
Cell (virus_3158245,host_77223): 0 -> 1
Cell (virus_3158245,host_9407): 0 -> 1
Cell (virus_3158245,host_9408): 0 -> 1
Cell (virus_3158245,host_58065): 0 -> 1
Cell (virus_3158245,host_77214): 0 -> 1
Cell (virus_3158245,host_1898386): 0 -> 1
Cell (virus_3158245,host_58060): 0 -> 1
Cell (virus_3158245,host_9400): 0 -> 1
Cell (virus_3158245,host_298110): 0 -> 1
Cell (virus_3158245,host_374419): 0 -> 1
Cell (virus_3158245,host_326081): 0 -> 1
Cell (virus_3158245,host_326151): 0 -> 1
Cell (virus_3158245,host_1381355): 0 -> 1
Cell (virus_3158245,host_187003): 0 -> 1
Cell (virus_3158245,host_907075): 0 -> 1
Cell (virus_3158245,host_118856): 0 -> 1
Cell (virus_3158245,host_94956): 0 -> 1
Cell (virus_3158245,host_59476): 0 -> 1
Cell (virus_3158245,host_148094): 0 -> 1
Cell (virus_3158245,host_410852): 0 -> 1
Cell (virus_3158245,host_574064): 0 -> 1
Cell (virus_3158245,host_40230): 0 -> 1
Cell (virus_3158245,host_51012): 0 -> 1
Cell (virus_3158245,host_40224): 0 -> 1
Cell (virus_3158245,host_40229): 0 -> 1
Cell (virus_3158245,host_192403): 0 -> 1
Cell (virus_3158245,host_196700): 0 -> 1
Cell (virus_3158245,host_27660): 0 -> 1
Cell (virus_3158245,host_177160): 0 -> 1
Cell (virus_3158245,host_177162): 0 -> 1
Cell (virus_3158245,host_27642): 0 -> 1
Cell (virus_3158245,host_89673): 0 -> 1
Cell (virus_3158245,host_148061): 0 -> 1
Cell (virus_3158245,host_148089): 0 -> 1
Cell (virus_3158245,host_59472): 0 -> 1
Cell (virus_3158245,host_221086): 0 -> 1
Cell (virus_3158245,host_291302): 0 -> 1
Cell (virus_3158245,host_221087): 0 -> 1
Cell (virus_3158245,host_187007): 0 -> 1
Cell (virus_3158245,host_187008): 0 -> 1
Cell (virus_3158245,host_438766): 0 -> 1
Cell (virus_3158245,host_258934): 0 -> 1
Cell (virus_3158245,host_479723): 0 -> 1
Cell (virus_3158245,host_124751): 0 -> 1
Cell (virus_3158245,host_258867): 0 -> 1
Cell (virus_3158245,host_242384): 0 -> 1
Cell (virus_3158245,host_258863): 0 -> 1
Cell (virus_3158245,host_452595): 0 -> 1
Cell (virus_3158245,host_3370289): 0 -> 1
Cell (virus_3158245,host_999964): 0 -> 1
Cell (virus_3158245,host_258959): 0 -> 1
Cell (virus_693999,host_105273): 0 -> 1
Cell (virus_693999,host_109481): 0 -> 1
Cell (virus_693999,host_109482): 0 -> 1
Cell (virus_693999,host_412095): 0 -> 1
Cell (virus_693999,host_51298): 0 -> 1
Cell (virus_693999,host_386774): 0 -> 1
Cell (virus_693999,host_187014): 0 -> 1
Cell (virus_693999,host_526407): 0 -> 1
Cell (virus_693999,host_59461): 0 -> 1
Cell (virus_693999,host_203696): 0 -> 1
Cell (virus_693999,host_633648): 0 -> 1
Cell (virus_693999,host_258925): 0 -> 1
Cell (virus_693999,host_177185): 0 -> 1
Cell (virus_693999,host_685731): 0 -> 1
Cell (virus_693999,host_110941): 0 -> 1
Cell (virus_693999,host_2603869): 0 -> 1
Cell (virus_693999,host_1207989): 0 -> 1
Cell (virus_693999,host_188569): 0 -> 1
Cell (virus_693999,host_59453): 0 -> 1
Cell (virus_693999,host_175524): 0 -> 1
Cell (virus_693999,host_186990): 0 -> 1
Cell (virus_693999,host_186991): 0 -> 1
Cell (virus_693999,host_157961): 0 -> 1
Cell (virus_693999,host_302402): 0 -> 1
Cell (virus_693999,host_463808): 0 -> 1
Cell (virus_693999,host_1195082): 0 -> 1
Cell (virus_693999,host_329870): 0 -> 1
Cell (virus_693999,host_166054): 0 -> 1
Cell (virus_693999,host_385575): 0 -> 1
Cell (virus_693999,host_9403): 0 -> 1
Cell (virus_693999,host_77231): 0 -> 1
Cell (virus_693999,host_2853157): 0 -> 1
Cell (virus_693999,host_372077): 0 -> 1
Cell (virus_693999,host_58067): 0 -> 1
Cell (virus_693999,host_498220): 0 -> 1
Cell (virus_693999,host_448084): 0 -> 1
Cell (virus_693999,host_58071): 0 -> 1
Cell (virus_693999,host_58073): 0 -> 1
Cell (virus_693999,host_1898393): 0 -> 1
Cell (virus_693999,host_58083): 0 -> 1
Cell (virus_693999,host_77223): 0 -> 1
Cell (virus_693999,host_9407): 0 -> 1
Cell (virus_693999,host_9408): 0 -> 1
Cell (virus_693999,host_58065): 0 -> 1
Cell (virus_693999,host_77214): 0 -> 1
Cell (virus_693999,host_1898386): 0 -> 1
Cell (virus_693999,host_58060): 0 -> 1
Cell (virus_693999,host_9400): 0 -> 1
Cell (virus_693999,host_298110): 0 -> 1
Cell (virus_693999,host_374419): 0 -> 1
Cell (virus_693999,host_326081): 0 -> 1
Cell (virus_693999,host_326151): 0 -> 1
Cell (virus_693999,host_1381355): 0 -> 1
Cell (virus_693999,host_187003): 0 -> 1
Cell (virus_693999,host_907075): 0 -> 1
Cell (virus_693999,host_118856): 0 -> 1
Cell (virus_693999,host_94956): 0 -> 1
Cell (virus_693999,host_59476): 0 -> 1
Cell (virus_693999,host_148094): 0 -> 1
Cell (virus_693999,host_410852): 0 -> 1
Cell (virus_693999,host_574064): 0 -> 1
Cell (virus_693999,host_40230): 0 -> 1
Cell (virus_693999,host_51012): 0 -> 1
Cell (virus_693999,host_40224): 0 -> 1
Cell (virus_693999,host_40229): 0 -> 1
Cell (virus_693999,host_192403): 0 -> 1
Cell (virus_693999,host_196700): 0 -> 1
Cell (virus_693999,host_27660): 0 -> 1
Cell (virus_693999,host_177160): 0 -> 1
Cell (virus_693999,host_177162): 0 -> 1
Cell (virus_693999,host_27642): 0 -> 1
Cell (virus_693999,host_89673): 0 -> 1
Cell (virus_693999,host_148061): 0 -> 1
Cell (virus_693999,host_148089): 0 -> 1
Cell (virus_693999,host_59472): 0 -> 1
Cell (virus_693999,host_221086): 0 -> 1
Cell (virus_693999,host_291302): 0 -> 1
Cell (virus_693999,host_221087): 0 -> 1
Cell (virus_693999,host_187007): 0 -> 1
Cell (virus_693999,host_187008): 0 -> 1
Cell (virus_693999,host_438766): 0 -> 1
Cell (virus_693999,host_258934): 0 -> 1
Cell (virus_693999,host_479723): 0 -> 1
Cell (virus_693999,host_124751): 0 -> 1
Cell (virus_693999,host_258867): 0 -> 1
Cell (virus_693999,host_242384): 0 -> 1
Cell (virus_693999,host_258863): 0 -> 1
Cell (virus_693999,host_452595): 0 -> 1
Cell (virus_693999,host_3370289): 0 -> 1
Cell (virus_693999,host_999964): 0 -> 1
Cell (virus_693999,host_258959): 0 -> 1
Cell (virus_3418615,host_109481): 0 -> 1
Cell (virus_3418615,host_412095): 0 -> 1
Cell (virus_3418615,host_51298): 0 -> 1
Cell (virus_3418615,host_386774): 0 -> 1
Cell (virus_3418615,host_392004): 0 -> 1
Cell (virus_3418615,host_187014): 0 -> 1
Cell (virus_3418615,host_526407): 0 -> 1
Cell (virus_3418615,host_59461): 0 -> 1
Cell (virus_3418615,host_203696): 0 -> 1
Cell (virus_3418615,host_452653): 0 -> 1
Cell (virus_3418615,host_633648): 0 -> 1
Cell (virus_3418615,host_258925): 0 -> 1
Cell (virus_3418615,host_177185): 0 -> 1
Cell (virus_3418615,host_685731): 0 -> 1
Cell (virus_3418615,host_110941): 0 -> 1
Cell (virus_3418615,host_2603869): 0 -> 1
Cell (virus_3418615,host_1207989): 0 -> 1
Cell (virus_3418615,host_188569): 0 -> 1
Cell (virus_3418615,host_59453): 0 -> 1
Cell (virus_3418615,host_175524): 0 -> 1
Cell (virus_3418615,host_186990): 0 -> 1
Cell (virus_3418615,host_186991): 0 -> 1
Cell (virus_3418615,host_157961): 0 -> 1
Cell (virus_3418615,host_302402): 0 -> 1
Cell (virus_3418615,host_463808): 0 -> 1
Cell (virus_3418615,host_1195082): 0 -> 1
Cell (virus_3418615,host_329870): 0 -> 1
Cell (virus_3418615,host_3371112): 0 -> 1
Cell (virus_3418615,host_166054): 0 -> 1
Cell (virus_3418615,host_328804): 0 -> 1
Cell (virus_3418615,host_9402): 0 -> 1
Cell (virus_3418615,host_9403): 0 -> 1
Cell (virus_3418615,host_1410044): 0 -> 1
Cell (virus_3418615,host_77231): 0 -> 1
Cell (virus_3418615,host_2853157): 0 -> 1
Cell (virus_3418615,host_372077): 0 -> 1
Cell (virus_3418615,host_58067): 0 -> 1
Cell (virus_3418615,host_498220): 0 -> 1
Cell (virus_3418615,host_448084): 0 -> 1
Cell (virus_3418615,host_58071): 0 -> 1
Cell (virus_3418615,host_58073): 0 -> 1
Cell (virus_3418615,host_77223): 0 -> 1
Cell (virus_3418615,host_9407): 0 -> 1
Cell (virus_3418615,host_9408): 0 -> 1
Cell (virus_3418615,host_77214): 0 -> 1
Cell (virus_3418615,host_1898386): 0 -> 1
Cell (virus_3418615,host_58060): 0 -> 1
Cell (virus_3418615,host_9400): 0 -> 1
Cell (virus_3418615,host_298110): 0 -> 1
Cell (virus_3418615,host_374419): 0 -> 1
Cell (virus_3418615,host_326081): 0 -> 1
Cell (virus_3418615,host_326151): 0 -> 1
Cell (virus_3418615,host_1381355): 0 -> 1
Cell (virus_3418615,host_187003): 0 -> 1
Cell (virus_3418615,host_907075): 0 -> 1
Cell (virus_3418615,host_118856): 0 -> 1
Cell (virus_3418615,host_94956): 0 -> 1
Cell (virus_3418615,host_59476): 0 -> 1
Cell (virus_3418615,host_148094): 0 -> 1
Cell (virus_3418615,host_410852): 0 -> 1
Cell (virus_3418615,host_40230): 0 -> 1
Cell (virus_3418615,host_51012): 0 -> 1
Cell (virus_3418615,host_40224): 0 -> 1
Cell (virus_3418615,host_40229): 0 -> 1
Cell (virus_3418615,host_196700): 0 -> 1
Cell (virus_3418615,host_27660): 0 -> 1
Cell (virus_3418615,host_177160): 0 -> 1
Cell (virus_3418615,host_177162): 0 -> 1
Cell (virus_3418615,host_27638): 0 -> 1
Cell (virus_3418615,host_2994998): 0 -> 1
Cell (virus_3418615,host_27642): 0 -> 1
Cell (virus_3418615,host_89673): 0 -> 1
Cell (virus_3418615,host_148061): 0 -> 1
Cell (virus_3418615,host_148089): 0 -> 1
Cell (virus_3418615,host_9430): 0 -> 1
Cell (virus_3418615,host_221086): 0 -> 1
Cell (virus_3418615,host_291302): 0 -> 1
Cell (virus_3418615,host_187007): 0 -> 1
Cell (virus_3418615,host_187008): 0 -> 1
Cell (virus_3418615,host_438766): 0 -> 1
Cell (virus_3418615,host_479723): 0 -> 1
Cell (virus_3418615,host_124751): 0 -> 1
Cell (virus_3418615,host_3041509): 0 -> 1
Cell (virus_3418615,host_2218597): 0 -> 1
Cell (virus_3418615,host_258867): 0 -> 1
Cell (virus_3418615,host_258863): 0 -> 1
Cell (virus_3418615,host_452595): 0 -> 1
Cell (virus_3418615,host_3370289): 0 -> 1
Cell (virus_3418615,host_999964): 0 -> 1
Cell (virus_694006,host_109481): 0 -> 1
Cell (virus_694006,host_412095): 0 -> 1
Cell (virus_694006,host_51298): 0 -> 1
Cell (virus_694006,host_386774): 0 -> 1
Cell (virus_694006,host_392004): 0 -> 1
Cell (virus_694006,host_187014): 0 -> 1
Cell (virus_694006,host_526407): 0 -> 1
Cell (virus_694006,host_59461): 0 -> 1
Cell (virus_694006,host_203696): 0 -> 1
Cell (virus_694006,host_452653): 0 -> 1
Cell (virus_694006,host_633648): 0 -> 1
Cell (virus_694006,host_258925): 0 -> 1
Cell (virus_694006,host_177185): 0 -> 1
Cell (virus_694006,host_685731): 0 -> 1
Cell (virus_694006,host_110941): 0 -> 1
Cell (virus_694006,host_2603869): 0 -> 1
Cell (virus_694006,host_1207989): 0 -> 1
Cell (virus_694006,host_188569): 0 -> 1
Cell (virus_694006,host_59453): 0 -> 1
Cell (virus_694006,host_175524): 0 -> 1
Cell (virus_694006,host_186990): 0 -> 1
Cell (virus_694006,host_186991): 0 -> 1
Cell (virus_694006,host_157961): 0 -> 1
Cell (virus_694006,host_302402): 0 -> 1
Cell (virus_694006,host_463808): 0 -> 1
Cell (virus_694006,host_1195082): 0 -> 1
Cell (virus_694006,host_329870): 0 -> 1
Cell (virus_694006,host_3371112): 0 -> 1
Cell (virus_694006,host_166054): 0 -> 1
Cell (virus_694006,host_328804): 0 -> 1
Cell (virus_694006,host_9402): 0 -> 1
Cell (virus_694006,host_9403): 0 -> 1
Cell (virus_694006,host_1410044): 0 -> 1
Cell (virus_694006,host_77231): 0 -> 1
Cell (virus_694006,host_2853157): 0 -> 1
Cell (virus_694006,host_372077): 0 -> 1
Cell (virus_694006,host_58067): 0 -> 1
Cell (virus_694006,host_498220): 0 -> 1
Cell (virus_694006,host_448084): 0 -> 1
Cell (virus_694006,host_58071): 0 -> 1
Cell (virus_694006,host_58073): 0 -> 1
Cell (virus_694006,host_77223): 0 -> 1
Cell (virus_694006,host_9407): 0 -> 1
Cell (virus_694006,host_9408): 0 -> 1
Cell (virus_694006,host_77214): 0 -> 1
Cell (virus_694006,host_1898386): 0 -> 1
Cell (virus_694006,host_58060): 0 -> 1
Cell (virus_694006,host_9400): 0 -> 1
Cell (virus_694006,host_298110): 0 -> 1
Cell (virus_694006,host_374419): 0 -> 1
Cell (virus_694006,host_326081): 0 -> 1
Cell (virus_694006,host_326151): 0 -> 1
Cell (virus_694006,host_1381355): 0 -> 1
Cell (virus_694006,host_187003): 0 -> 1
Cell (virus_694006,host_907075): 0 -> 1
Cell (virus_694006,host_118856): 0 -> 1
Cell (virus_694006,host_94956): 0 -> 1
Cell (virus_694006,host_59476): 0 -> 1
Cell (virus_694006,host_148094): 0 -> 1
Cell (virus_694006,host_410852): 0 -> 1
Cell (virus_694006,host_40230): 0 -> 1
Cell (virus_694006,host_51012): 0 -> 1
Cell (virus_694006,host_40224): 0 -> 1
Cell (virus_694006,host_40229): 0 -> 1
Cell (virus_694006,host_196700): 0 -> 1
Cell (virus_694006,host_27660): 0 -> 1
Cell (virus_694006,host_177160): 0 -> 1
Cell (virus_694006,host_177162): 0 -> 1
Cell (virus_694006,host_27638): 0 -> 1
Cell (virus_694006,host_2994998): 0 -> 1
Cell (virus_694006,host_27642): 0 -> 1
Cell (virus_694006,host_89673): 0 -> 1
Cell (virus_694006,host_148061): 0 -> 1
Cell (virus_694006,host_148089): 0 -> 1
Cell (virus_694006,host_9430): 0 -> 1
Cell (virus_694006,host_221086): 0 -> 1
Cell (virus_694006,host_291302): 0 -> 1
Cell (virus_694006,host_187007): 0 -> 1
Cell (virus_694006,host_187008): 0 -> 1
Cell (virus_694006,host_438766): 0 -> 1
Cell (virus_694006,host_479723): 0 -> 1
Cell (virus_694006,host_124751): 0 -> 1
Cell (virus_694006,host_3041509): 0 -> 1
Cell (virus_694006,host_2218597): 0 -> 1
Cell (virus_694006,host_258867): 0 -> 1
Cell (virus_694006,host_258863): 0 -> 1
Cell (virus_694006,host_452595): 0 -> 1
Cell (virus_694006,host_3370289): 0 -> 1
Cell (virus_694006,host_999964): 0 -> 1
Cell (virus_3433776,host_109481): 0 -> 1
Cell (virus_3433776,host_412095): 0 -> 1
Cell (virus_3433776,host_51298): 0 -> 1
Cell (virus_3433776,host_386774): 0 -> 1
Cell (virus_3433776,host_187014): 0 -> 1
Cell (virus_3433776,host_526407): 0 -> 1
Cell (virus_3433776,host_59461): 0 -> 1
Cell (virus_3433776,host_203696): 0 -> 1
Cell (virus_3433776,host_452653): 0 -> 1
Cell (virus_3433776,host_633648): 0 -> 1
Cell (virus_3433776,host_258925): 0 -> 1
Cell (virus_3433776,host_177185): 0 -> 1
Cell (virus_3433776,host_685731): 0 -> 1
Cell (virus_3433776,host_110941): 0 -> 1
Cell (virus_3433776,host_2603869): 0 -> 1
Cell (virus_3433776,host_1207989): 0 -> 1
Cell (virus_3433776,host_188569): 0 -> 1
Cell (virus_3433776,host_59453): 0 -> 1
Cell (virus_3433776,host_175524): 0 -> 1
Cell (virus_3433776,host_186990): 0 -> 1
Cell (virus_3433776,host_186991): 0 -> 1
Cell (virus_3433776,host_157961): 0 -> 1
Cell (virus_3433776,host_270698): 0 -> 1
Cell (virus_3433776,host_334201): 0 -> 1
Cell (virus_3433776,host_302402): 0 -> 1
Cell (virus_3433776,host_463808): 0 -> 1
Cell (virus_3433776,host_58069): 0 -> 1
Cell (virus_3433776,host_1195082): 0 -> 1
Cell (virus_3433776,host_329870): 0 -> 1
Cell (virus_3433776,host_166054): 0 -> 1
Cell (virus_3433776,host_385575): 0 -> 1
Cell (virus_3433776,host_9403): 0 -> 1
Cell (virus_3433776,host_58057): 0 -> 1
Cell (virus_3433776,host_1410044): 0 -> 1
Cell (virus_3433776,host_1898389): 0 -> 1
Cell (virus_3433776,host_77231): 0 -> 1
Cell (virus_3433776,host_2853157): 0 -> 1
Cell (virus_3433776,host_372077): 0 -> 1
Cell (virus_3433776,host_58067): 0 -> 1
Cell (virus_3433776,host_498220): 0 -> 1
Cell (virus_3433776,host_448084): 0 -> 1
Cell (virus_3433776,host_58071): 0 -> 1
Cell (virus_3433776,host_58073): 0 -> 1
Cell (virus_3433776,host_58083): 0 -> 1
Cell (virus_3433776,host_9407): 0 -> 1
Cell (virus_3433776,host_9408): 0 -> 1
Cell (virus_3433776,host_77214): 0 -> 1
Cell (virus_3433776,host_1898386): 0 -> 1
Cell (virus_3433776,host_58060): 0 -> 1
Cell (virus_3433776,host_9400): 0 -> 1
Cell (virus_3433776,host_298110): 0 -> 1
Cell (virus_3433776,host_374419): 0 -> 1
Cell (virus_3433776,host_326081): 0 -> 1
Cell (virus_3433776,host_326151): 0 -> 1
Cell (virus_3433776,host_326083): 0 -> 1
Cell (virus_3433776,host_1381355): 0 -> 1
Cell (virus_3433776,host_187003): 0 -> 1
Cell (virus_3433776,host_907075): 0 -> 1
Cell (virus_3433776,host_118856): 0 -> 1
Cell (virus_3433776,host_94956): 0 -> 1
Cell (virus_3433776,host_59476): 0 -> 1
Cell (virus_3433776,host_148094): 0 -> 1
Cell (virus_3433776,host_410852): 0 -> 1
Cell (virus_3433776,host_574064): 0 -> 1
Cell (virus_3433776,host_40230): 0 -> 1
Cell (virus_3433776,host_51012): 0 -> 1
Cell (virus_3433776,host_40224): 0 -> 1
Cell (virus_3433776,host_40229): 0 -> 1
Cell (virus_3433776,host_196700): 0 -> 1
Cell (virus_3433776,host_27660): 0 -> 1
Cell (virus_3433776,host_177160): 0 -> 1
Cell (virus_3433776,host_177162): 0 -> 1
Cell (virus_3433776,host_27642): 0 -> 1
Cell (virus_3433776,host_89673): 0 -> 1
Cell (virus_3433776,host_148061): 0 -> 1
Cell (virus_3433776,host_148089): 0 -> 1
Cell (virus_3433776,host_3042450): 0 -> 1
Cell (virus_3433776,host_1434095): 0 -> 1
Cell (virus_3433776,host_221086): 0 -> 1
Cell (virus_3433776,host_291302): 0 -> 1
Cell (virus_3433776,host_221087): 0 -> 1
Cell (virus_3433776,host_187007): 0 -> 1
Cell (virus_3433776,host_187008): 0 -> 1
Cell (virus_3433776,host_438766): 0 -> 1
Cell (virus_3433776,host_479723): 0 -> 1
Cell (virus_3433776,host_124751): 0 -> 1
Cell (virus_3433776,host_2218597): 0 -> 1
Cell (virus_3433776,host_258867): 0 -> 1
Cell (virus_3433776,host_258863): 0 -> 1
Cell (virus_3433776,host_452595): 0 -> 1
Cell (virus_3433776,host_3370289): 0 -> 1
Cell (virus_3433776,host_999964): 0 -> 1
Cell (virus_694007,host_109481): 0 -> 1
Cell (virus_694007,host_412095): 0 -> 1
Cell (virus_694007,host_51298): 0 -> 1
Cell (virus_694007,host_386774): 0 -> 1
Cell (virus_694007,host_187014): 0 -> 1
Cell (virus_694007,host_526407): 0 -> 1
Cell (virus_694007,host_59461): 0 -> 1
Cell (virus_694007,host_203696): 0 -> 1
Cell (virus_694007,host_452653): 0 -> 1
Cell (virus_694007,host_633648): 0 -> 1
Cell (virus_694007,host_258925): 0 -> 1
Cell (virus_694007,host_177185): 0 -> 1
Cell (virus_694007,host_685731): 0 -> 1
Cell (virus_694007,host_110941): 0 -> 1
Cell (virus_694007,host_2603869): 0 -> 1
Cell (virus_694007,host_1207989): 0 -> 1
Cell (virus_694007,host_188569): 0 -> 1
Cell (virus_694007,host_59453): 0 -> 1
Cell (virus_694007,host_175524): 0 -> 1
Cell (virus_694007,host_186990): 0 -> 1
Cell (virus_694007,host_186991): 0 -> 1
Cell (virus_694007,host_157961): 0 -> 1
Cell (virus_694007,host_270698): 0 -> 1
Cell (virus_694007,host_334201): 0 -> 1
Cell (virus_694007,host_302402): 0 -> 1
Cell (virus_694007,host_463808): 0 -> 1
Cell (virus_694007,host_58069): 0 -> 1
Cell (virus_694007,host_1195082): 0 -> 1
Cell (virus_694007,host_329870): 0 -> 1
Cell (virus_694007,host_166054): 0 -> 1
Cell (virus_694007,host_385575): 0 -> 1
Cell (virus_694007,host_9403): 0 -> 1
Cell (virus_694007,host_58057): 0 -> 1
Cell (virus_694007,host_1410044): 0 -> 1
Cell (virus_694007,host_1898389): 0 -> 1
Cell (virus_694007,host_77231): 0 -> 1
Cell (virus_694007,host_2853157): 0 -> 1
Cell (virus_694007,host_372077): 0 -> 1
Cell (virus_694007,host_58067): 0 -> 1
Cell (virus_694007,host_498220): 0 -> 1
Cell (virus_694007,host_448084): 0 -> 1
Cell (virus_694007,host_58071): 0 -> 1
Cell (virus_694007,host_58073): 0 -> 1
Cell (virus_694007,host_58083): 0 -> 1
Cell (virus_694007,host_9407): 0 -> 1
Cell (virus_694007,host_9408): 0 -> 1
Cell (virus_694007,host_77214): 0 -> 1
Cell (virus_694007,host_1898386): 0 -> 1
Cell (virus_694007,host_58060): 0 -> 1
Cell (virus_694007,host_9400): 0 -> 1
Cell (virus_694007,host_298110): 0 -> 1
Cell (virus_694007,host_374419): 0 -> 1
Cell (virus_694007,host_326081): 0 -> 1
Cell (virus_694007,host_326151): 0 -> 1
Cell (virus_694007,host_326083): 0 -> 1
Cell (virus_694007,host_1381355): 0 -> 1
Cell (virus_694007,host_187003): 0 -> 1
Cell (virus_694007,host_907075): 0 -> 1
Cell (virus_694007,host_118856): 0 -> 1
Cell (virus_694007,host_94956): 0 -> 1
Cell (virus_694007,host_59476): 0 -> 1
Cell (virus_694007,host_148094): 0 -> 1
Cell (virus_694007,host_410852): 0 -> 1
Cell (virus_694007,host_574064): 0 -> 1
Cell (virus_694007,host_40230): 0 -> 1
Cell (virus_694007,host_51012): 0 -> 1
Cell (virus_694007,host_40224): 0 -> 1
Cell (virus_694007,host_40229): 0 -> 1
Cell (virus_694007,host_196700): 0 -> 1
Cell (virus_694007,host_27660): 0 -> 1
Cell (virus_694007,host_177160): 0 -> 1
Cell (virus_694007,host_177162): 0 -> 1
Cell (virus_694007,host_27642): 0 -> 1
Cell (virus_694007,host_89673): 0 -> 1
Cell (virus_694007,host_148061): 0 -> 1
Cell (virus_694007,host_148089): 0 -> 1
Cell (virus_694007,host_3042450): 0 -> 1
Cell (virus_694007,host_1434095): 0 -> 1
Cell (virus_694007,host_221086): 0 -> 1
Cell (virus_694007,host_291302): 0 -> 1
Cell (virus_694007,host_221087): 0 -> 1
Cell (virus_694007,host_187007): 0 -> 1
Cell (virus_694007,host_187008): 0 -> 1
Cell (virus_694007,host_438766): 0 -> 1
Cell (virus_694007,host_479723): 0 -> 1
Cell (virus_694007,host_124751): 0 -> 1
Cell (virus_694007,host_2218597): 0 -> 1
Cell (virus_694007,host_258867): 0 -> 1
Cell (virus_694007,host_258863): 0 -> 1
Cell (virus_694007,host_452595): 0 -> 1
Cell (virus_694007,host_3370289): 0 -> 1
Cell (virus_694007,host_999964): 0 -> 1
Cell (virus_1881051,host_105273): 0 -> 1
Cell (virus_1881051,host_105295): 0 -> 1
Cell (virus_1881051,host_258946): 0 -> 1
Cell (virus_1881051,host_187011): 0 -> 1
Cell (virus_1881051,host_375553): 0 -> 1
Cell (virus_1881051,host_51300): 0 -> 1
Cell (virus_1881051,host_246814): 0 -> 1
Cell (virus_1881051,host_59473): 0 -> 1
Cell (virus_1881051,host_188569): 0 -> 1
Cell (virus_1881051,host_157961): 0 -> 1
Cell (virus_1881051,host_2603865): 0 -> 1
Cell (virus_1881051,host_124756): 0 -> 1
Cell (virus_1881051,host_166054): 0 -> 1
Cell (virus_1881051,host_328804): 0 -> 1
Cell (virus_1881051,host_9403): 0 -> 1
Cell (virus_1881051,host_1410044): 0 -> 1
Cell (virus_1881051,host_1898389): 0 -> 1
Cell (virus_1881051,host_77231): 0 -> 1
Cell (virus_1881051,host_2853157): 0 -> 1
Cell (virus_1881051,host_372077): 0 -> 1
Cell (virus_1881051,host_58067): 0 -> 1
Cell (virus_1881051,host_498220): 0 -> 1
Cell (virus_1881051,host_58071): 0 -> 1
Cell (virus_1881051,host_77243): 0 -> 1
Cell (virus_1881051,host_58083): 0 -> 1
Cell (virus_1881051,host_77223): 0 -> 1
Cell (virus_1881051,host_9407): 0 -> 1
Cell (virus_1881051,host_9408): 0 -> 1
Cell (virus_1881051,host_58063): 0 -> 1
Cell (virus_1881051,host_77214): 0 -> 1
Cell (virus_1881051,host_1898386): 0 -> 1
Cell (virus_1881051,host_58060): 0 -> 1
Cell (virus_1881051,host_9400): 0 -> 1
Cell (virus_1881051,host_298110): 0 -> 1
Cell (virus_1881051,host_374419): 0 -> 1
Cell (virus_1881051,host_326081): 0 -> 1
Cell (virus_1881051,host_326083): 0 -> 1
Cell (virus_1881051,host_1381355): 0 -> 1
Cell (virus_1881051,host_187003): 0 -> 1
Cell (virus_1881051,host_907075): 0 -> 1
Cell (virus_1881051,host_40230): 0 -> 1
Cell (virus_1881051,host_3042450): 0 -> 1
Cell (virus_1881051,host_1434095): 0 -> 1
Cell (virus_1881051,host_221086): 0 -> 1
Cell (virus_1881051,host_291302): 0 -> 1
Cell (virus_1881051,host_187007): 0 -> 1
Cell (virus_1881051,host_187008): 0 -> 1
Cell (virus_1881051,host_438766): 0 -> 1
Cell (virus_1881051,host_258934): 0 -> 1
Cell (virus_1881051,host_479723): 0 -> 1
Cell (virus_1881051,host_3041509): 0 -> 1
Cell (virus_1881051,host_258867): 0 -> 1
Cell (virus_1881051,host_258863): 0 -> 1
Cell (virus_1881051,host_452595): 0 -> 1
Cell (virus_1881051,host_3370289): 0 -> 1
Cell (virus_1881051,host_999964): 0 -> 1
Cell (virus_1881051,host_153297): 0 -> 1
Cell (virus_1881051,host_258952): 0 -> 1
Cell (virus_1881051,host_258953): 0 -> 1
Cell (virus_1881051,host_249033): 0 -> 1
Cell (virus_1881051,host_258930): 0 -> 1
Cell (virus_1881051,host_272799): 0 -> 1
Cell (virus_1881051,host_258909): 0 -> 1
Cell (virus_1881051,host_909369): 0 -> 1
Cell (virus_1881051,host_29078): 0 -> 1
Cell (virus_1881051,host_3371014): 0 -> 1
Cell (virus_1881051,host_3371021): 0 -> 1
Cell (virus_1881051,host_258944): 0 -> 1
Cell (virus_1881051,host_258959): 0 -> 1
Cell (virus_2913387,host_105273): 0 -> 1
Cell (virus_2913387,host_105295): 0 -> 1
Cell (virus_2913387,host_258946): 0 -> 1
Cell (virus_2913387,host_187011): 0 -> 1
Cell (virus_2913387,host_375553): 0 -> 1
Cell (virus_2913387,host_51300): 0 -> 1
Cell (virus_2913387,host_246814): 0 -> 1
Cell (virus_2913387,host_59473): 0 -> 1
Cell (virus_2913387,host_1207989): 0 -> 1
Cell (virus_2913387,host_188569): 0 -> 1
Cell (virus_2913387,host_157961): 0 -> 1
Cell (virus_2913387,host_2603865): 0 -> 1
Cell (virus_2913387,host_124756): 0 -> 1
Cell (virus_2913387,host_166054): 0 -> 1
Cell (virus_2913387,host_328804): 0 -> 1
Cell (virus_2913387,host_9403): 0 -> 1
Cell (virus_2913387,host_1410044): 0 -> 1
Cell (virus_2913387,host_1898389): 0 -> 1
Cell (virus_2913387,host_77231): 0 -> 1
Cell (virus_2913387,host_2853157): 0 -> 1
Cell (virus_2913387,host_372077): 0 -> 1
Cell (virus_2913387,host_58067): 0 -> 1
Cell (virus_2913387,host_498220): 0 -> 1
Cell (virus_2913387,host_58071): 0 -> 1
Cell (virus_2913387,host_77243): 0 -> 1
Cell (virus_2913387,host_58083): 0 -> 1
Cell (virus_2913387,host_77223): 0 -> 1
Cell (virus_2913387,host_9407): 0 -> 1
Cell (virus_2913387,host_9408): 0 -> 1
Cell (virus_2913387,host_58063): 0 -> 1
Cell (virus_2913387,host_1898386): 0 -> 1
Cell (virus_2913387,host_58060): 0 -> 1
Cell (virus_2913387,host_9400): 0 -> 1
Cell (virus_2913387,host_298110): 0 -> 1
Cell (virus_2913387,host_374419): 0 -> 1
Cell (virus_2913387,host_326081): 0 -> 1
Cell (virus_2913387,host_326083): 0 -> 1
Cell (virus_2913387,host_1381355): 0 -> 1
Cell (virus_2913387,host_187003): 0 -> 1
Cell (virus_2913387,host_907075): 0 -> 1
Cell (virus_2913387,host_40230): 0 -> 1
Cell (virus_2913387,host_3042450): 0 -> 1
Cell (virus_2913387,host_1434095): 0 -> 1
Cell (virus_2913387,host_221086): 0 -> 1
Cell (virus_2913387,host_291302): 0 -> 1
Cell (virus_2913387,host_187007): 0 -> 1
Cell (virus_2913387,host_187008): 0 -> 1
Cell (virus_2913387,host_438766): 0 -> 1
Cell (virus_2913387,host_258934): 0 -> 1
Cell (virus_2913387,host_479723): 0 -> 1
Cell (virus_2913387,host_3041509): 0 -> 1
Cell (virus_2913387,host_258867): 0 -> 1
Cell (virus_2913387,host_258863): 0 -> 1
Cell (virus_2913387,host_452595): 0 -> 1
Cell (virus_2913387,host_3370289): 0 -> 1
Cell (virus_2913387,host_999964): 0 -> 1
Cell (virus_2913387,host_153297): 0 -> 1
Cell (virus_2913387,host_258952): 0 -> 1
Cell (virus_2913387,host_258953): 0 -> 1
Cell (virus_2913387,host_249033): 0 -> 1
Cell (virus_2913387,host_258930): 0 -> 1
Cell (virus_2913387,host_272799): 0 -> 1
Cell (virus_2913387,host_258909): 0 -> 1
Cell (virus_2913387,host_909369): 0 -> 1
Cell (virus_2913387,host_29078): 0 -> 1
Cell (virus_2913387,host_3371014): 0 -> 1
Cell (virus_2913387,host_3371021): 0 -> 1
Cell (virus_2913387,host_258944): 0 -> 1
Cell (virus_2913387,host_258959): 0 -> 1
Cell (virus_2691592,host_105273): 0 -> 1
Cell (virus_2691592,host_105295): 0 -> 1
Cell (virus_2691592,host_258946): 0 -> 1
Cell (virus_2691592,host_187011): 0 -> 1
Cell (virus_2691592,host_375553): 0 -> 1
Cell (virus_2691592,host_51300): 0 -> 1
Cell (virus_2691592,host_246814): 0 -> 1
Cell (virus_2691592,host_59473): 0 -> 1
Cell (virus_2691592,host_1207989): 0 -> 1
Cell (virus_2691592,host_188569): 0 -> 1
Cell (virus_2691592,host_157961): 0 -> 1
Cell (virus_2691592,host_334201): 0 -> 1
Cell (virus_2691592,host_166054): 0 -> 1
Cell (virus_2691592,host_328804): 0 -> 1
Cell (virus_2691592,host_9403): 0 -> 1
Cell (virus_2691592,host_1410044): 0 -> 1
Cell (virus_2691592,host_1898389): 0 -> 1
Cell (virus_2691592,host_77231): 0 -> 1
Cell (virus_2691592,host_372077): 0 -> 1
Cell (virus_2691592,host_903567): 0 -> 1
Cell (virus_2691592,host_58067): 0 -> 1
Cell (virus_2691592,host_498220): 0 -> 1
Cell (virus_2691592,host_448084): 0 -> 1
Cell (virus_2691592,host_58071): 0 -> 1
Cell (virus_2691592,host_58083): 0 -> 1
Cell (virus_2691592,host_77223): 0 -> 1
Cell (virus_2691592,host_9407): 0 -> 1
Cell (virus_2691592,host_9408): 0 -> 1
Cell (virus_2691592,host_58063): 0 -> 1
Cell (virus_2691592,host_1898386): 0 -> 1
Cell (virus_2691592,host_58060): 0 -> 1
Cell (virus_2691592,host_9400): 0 -> 1
Cell (virus_2691592,host_298110): 0 -> 1
Cell (virus_2691592,host_374419): 0 -> 1
Cell (virus_2691592,host_326081): 0 -> 1
Cell (virus_2691592,host_326083): 0 -> 1
Cell (virus_2691592,host_1381355): 0 -> 1
Cell (virus_2691592,host_187003): 0 -> 1
Cell (virus_2691592,host_907075): 0 -> 1
Cell (virus_2691592,host_40228): 0 -> 1
Cell (virus_2691592,host_40230): 0 -> 1
Cell (virus_2691592,host_89673): 0 -> 1
Cell (virus_2691592,host_3042450): 0 -> 1
Cell (virus_2691592,host_1434095): 0 -> 1
Cell (virus_2691592,host_221086): 0 -> 1
Cell (virus_2691592,host_291302): 0 -> 1
Cell (virus_2691592,host_187007): 0 -> 1
Cell (virus_2691592,host_187008): 0 -> 1
Cell (virus_2691592,host_438766): 0 -> 1
Cell (virus_2691592,host_258934): 0 -> 1
Cell (virus_2691592,host_479723): 0 -> 1
Cell (virus_2691592,host_3041509): 0 -> 1
Cell (virus_2691592,host_258867): 0 -> 1
Cell (virus_2691592,host_242384): 0 -> 1
Cell (virus_2691592,host_258863): 0 -> 1
Cell (virus_2691592,host_452595): 0 -> 1
Cell (virus_2691592,host_3370289): 0 -> 1
Cell (virus_2691592,host_999964): 0 -> 1
Cell (virus_2691592,host_153297): 0 -> 1
Cell (virus_2691592,host_258952): 0 -> 1
Cell (virus_2691592,host_258953): 0 -> 1
Cell (virus_2691592,host_249033): 0 -> 1
Cell (virus_2691592,host_258930): 0 -> 1
Cell (virus_2691592,host_272799): 0 -> 1
Cell (virus_2691592,host_258909): 0 -> 1
Cell (virus_2691592,host_909369): 0 -> 1
Cell (virus_2691592,host_29078): 0 -> 1
Cell (virus_2691592,host_2969767): 0 -> 1
Cell (virus_2691592,host_3371014): 0 -> 1
Cell (virus_2691592,host_3371021): 0 -> 1
Cell (virus_2691592,host_258959): 0 -> 1
Cell (virus_28295,host_105273): 0 -> 1
Cell (virus_28295,host_105295): 0 -> 1
Cell (virus_28295,host_258946): 0 -> 1
Cell (virus_28295,host_187011): 0 -> 1
Cell (virus_28295,host_375553): 0 -> 1
Cell (virus_28295,host_51300): 0 -> 1
Cell (virus_28295,host_246814): 0 -> 1
Cell (virus_28295,host_294653): 0 -> 1
Cell (virus_28295,host_59473): 0 -> 1
Cell (virus_28295,host_157961): 0 -> 1
Cell (virus_28295,host_166054): 0 -> 1
Cell (virus_28295,host_328804): 0 -> 1
Cell (virus_28295,host_9403): 0 -> 1
Cell (virus_28295,host_1410044): 0 -> 1
Cell (virus_28295,host_1898389): 0 -> 1
Cell (virus_28295,host_77231): 0 -> 1
Cell (virus_28295,host_2853157): 0 -> 1
Cell (virus_28295,host_372077): 0 -> 1
Cell (virus_28295,host_58067): 0 -> 1
Cell (virus_28295,host_498220): 0 -> 1
Cell (virus_28295,host_448084): 0 -> 1
Cell (virus_28295,host_58071): 0 -> 1
Cell (virus_28295,host_77243): 0 -> 1
Cell (virus_28295,host_58083): 0 -> 1
Cell (virus_28295,host_77223): 0 -> 1
Cell (virus_28295,host_9407): 0 -> 1
Cell (virus_28295,host_9408): 0 -> 1
Cell (virus_28295,host_58063): 0 -> 1
Cell (virus_28295,host_1898386): 0 -> 1
Cell (virus_28295,host_58060): 0 -> 1
Cell (virus_28295,host_9400): 0 -> 1
Cell (virus_28295,host_298110): 0 -> 1
Cell (virus_28295,host_374419): 0 -> 1
Cell (virus_28295,host_326081): 0 -> 1
Cell (virus_28295,host_326083): 0 -> 1
Cell (virus_28295,host_1381355): 0 -> 1
Cell (virus_28295,host_187003): 0 -> 1
Cell (virus_28295,host_907075): 0 -> 1
Cell (virus_28295,host_40230): 0 -> 1
Cell (virus_28295,host_89673): 0 -> 1
Cell (virus_28295,host_3042450): 0 -> 1
Cell (virus_28295,host_1434095): 0 -> 1
Cell (virus_28295,host_221086): 0 -> 1
Cell (virus_28295,host_291302): 0 -> 1
Cell (virus_28295,host_187007): 0 -> 1
Cell (virus_28295,host_187008): 0 -> 1
Cell (virus_28295,host_438766): 0 -> 1
Cell (virus_28295,host_258934): 0 -> 1
Cell (virus_28295,host_479723): 0 -> 1
Cell (virus_28295,host_3041509): 0 -> 1
Cell (virus_28295,host_258867): 0 -> 1
Cell (virus_28295,host_242384): 0 -> 1
Cell (virus_28295,host_452595): 0 -> 1
Cell (virus_28295,host_3370289): 0 -> 1
Cell (virus_28295,host_999964): 0 -> 1
Cell (virus_28295,host_153297): 0 -> 1
Cell (virus_28295,host_258952): 0 -> 1
Cell (virus_28295,host_258953): 0 -> 1
Cell (virus_28295,host_249033): 0 -> 1
Cell (virus_28295,host_258930): 0 -> 1
Cell (virus_28295,host_272799): 0 -> 1
Cell (virus_28295,host_258909): 0 -> 1
Cell (virus_28295,host_909369): 0 -> 1
Cell (virus_28295,host_29078): 0 -> 1
Cell (virus_28295,host_3371014): 0 -> 1
Cell (virus_28295,host_3371021): 0 -> 1
Cell (virus_28295,host_258959): 0 -> 1
Cell (virus_3433789,host_105273): 0 -> 1
Cell (virus_3433789,host_105295): 0 -> 1
Cell (virus_3433789,host_258946): 0 -> 1
Cell (virus_3433789,host_187011): 0 -> 1
Cell (virus_3433789,host_375553): 0 -> 1
Cell (virus_3433789,host_51300): 0 -> 1
Cell (virus_3433789,host_246814): 0 -> 1
Cell (virus_3433789,host_294653): 0 -> 1
Cell (virus_3433789,host_59473): 0 -> 1
Cell (virus_3433789,host_157961): 0 -> 1
Cell (virus_3433789,host_166054): 0 -> 1
Cell (virus_3433789,host_328804): 0 -> 1
Cell (virus_3433789,host_9403): 0 -> 1
Cell (virus_3433789,host_1410044): 0 -> 1
Cell (virus_3433789,host_1898389): 0 -> 1
Cell (virus_3433789,host_77231): 0 -> 1
Cell (virus_3433789,host_2853157): 0 -> 1
Cell (virus_3433789,host_372077): 0 -> 1
Cell (virus_3433789,host_58067): 0 -> 1
Cell (virus_3433789,host_498220): 0 -> 1
Cell (virus_3433789,host_448084): 0 -> 1
Cell (virus_3433789,host_58071): 0 -> 1
Cell (virus_3433789,host_77243): 0 -> 1
Cell (virus_3433789,host_58083): 0 -> 1
Cell (virus_3433789,host_77223): 0 -> 1
Cell (virus_3433789,host_9407): 0 -> 1
Cell (virus_3433789,host_9408): 0 -> 1
Cell (virus_3433789,host_58063): 0 -> 1
Cell (virus_3433789,host_1898386): 0 -> 1
Cell (virus_3433789,host_58060): 0 -> 1
Cell (virus_3433789,host_9400): 0 -> 1
Cell (virus_3433789,host_298110): 0 -> 1
Cell (virus_3433789,host_374419): 0 -> 1
Cell (virus_3433789,host_326081): 0 -> 1
Cell (virus_3433789,host_326083): 0 -> 1
Cell (virus_3433789,host_1381355): 0 -> 1
Cell (virus_3433789,host_187003): 0 -> 1
Cell (virus_3433789,host_907075): 0 -> 1
Cell (virus_3433789,host_40230): 0 -> 1
Cell (virus_3433789,host_89673): 0 -> 1
Cell (virus_3433789,host_3042450): 0 -> 1
Cell (virus_3433789,host_1434095): 0 -> 1
Cell (virus_3433789,host_221086): 0 -> 1
Cell (virus_3433789,host_291302): 0 -> 1
Cell (virus_3433789,host_187007): 0 -> 1
Cell (virus_3433789,host_187008): 0 -> 1
Cell (virus_3433789,host_438766): 0 -> 1
Cell (virus_3433789,host_258934): 0 -> 1
Cell (virus_3433789,host_479723): 0 -> 1
Cell (virus_3433789,host_3041509): 0 -> 1
Cell (virus_3433789,host_258867): 0 -> 1
Cell (virus_3433789,host_242384): 0 -> 1
Cell (virus_3433789,host_452595): 0 -> 1
Cell (virus_3433789,host_3370289): 0 -> 1
Cell (virus_3433789,host_999964): 0 -> 1
Cell (virus_3433789,host_153297): 0 -> 1
Cell (virus_3433789,host_258952): 0 -> 1
Cell (virus_3433789,host_258953): 0 -> 1
Cell (virus_3433789,host_249033): 0 -> 1
Cell (virus_3433789,host_258930): 0 -> 1
Cell (virus_3433789,host_272799): 0 -> 1
Cell (virus_3433789,host_258909): 0 -> 1
Cell (virus_3433789,host_909369): 0 -> 1
Cell (virus_3433789,host_29078): 0 -> 1
Cell (virus_3433789,host_3371014): 0 -> 1
Cell (virus_3433789,host_3371021): 0 -> 1
Cell (virus_3433789,host_258959): 0 -> 1
Cell (virus_2913385,host_105273): 0 -> 1
Cell (virus_2913385,host_105295): 0 -> 1
Cell (virus_2913385,host_258946): 0 -> 1
Cell (virus_2913385,host_187011): 0 -> 1
Cell (virus_2913385,host_375553): 0 -> 1
Cell (virus_2913385,host_51300): 0 -> 1
Cell (virus_2913385,host_246814): 0 -> 1
Cell (virus_2913385,host_294653): 0 -> 1
Cell (virus_2913385,host_59473): 0 -> 1
Cell (virus_2913385,host_157961): 0 -> 1
Cell (virus_2913385,host_166054): 0 -> 1
Cell (virus_2913385,host_328804): 0 -> 1
Cell (virus_2913385,host_9403): 0 -> 1
Cell (virus_2913385,host_1410044): 0 -> 1
Cell (virus_2913385,host_1898389): 0 -> 1
Cell (virus_2913385,host_77231): 0 -> 1
Cell (virus_2913385,host_2853157): 0 -> 1
Cell (virus_2913385,host_372077): 0 -> 1
Cell (virus_2913385,host_58067): 0 -> 1
Cell (virus_2913385,host_498220): 0 -> 1
Cell (virus_2913385,host_448084): 0 -> 1
Cell (virus_2913385,host_58071): 0 -> 1
Cell (virus_2913385,host_77243): 0 -> 1
Cell (virus_2913385,host_58083): 0 -> 1
Cell (virus_2913385,host_77223): 0 -> 1
Cell (virus_2913385,host_9407): 0 -> 1
Cell (virus_2913385,host_9408): 0 -> 1
Cell (virus_2913385,host_58063): 0 -> 1
Cell (virus_2913385,host_1898386): 0 -> 1
Cell (virus_2913385,host_58060): 0 -> 1
Cell (virus_2913385,host_9400): 0 -> 1
Cell (virus_2913385,host_298110): 0 -> 1
Cell (virus_2913385,host_374419): 0 -> 1
Cell (virus_2913385,host_326081): 0 -> 1
Cell (virus_2913385,host_326083): 0 -> 1
Cell (virus_2913385,host_1381355): 0 -> 1
Cell (virus_2913385,host_187003): 0 -> 1
Cell (virus_2913385,host_907075): 0 -> 1
Cell (virus_2913385,host_40230): 0 -> 1
Cell (virus_2913385,host_409031): 0 -> 1
Cell (virus_2913385,host_89673): 0 -> 1
Cell (virus_2913385,host_3042450): 0 -> 1
Cell (virus_2913385,host_1434095): 0 -> 1
Cell (virus_2913385,host_221086): 0 -> 1
Cell (virus_2913385,host_291302): 0 -> 1
Cell (virus_2913385,host_187007): 0 -> 1
Cell (virus_2913385,host_187008): 0 -> 1
Cell (virus_2913385,host_438766): 0 -> 1
Cell (virus_2913385,host_258934): 0 -> 1
Cell (virus_2913385,host_479723): 0 -> 1
Cell (virus_2913385,host_3041509): 0 -> 1
Cell (virus_2913385,host_258867): 0 -> 1
Cell (virus_2913385,host_242384): 0 -> 1
Cell (virus_2913385,host_452595): 0 -> 1
Cell (virus_2913385,host_3370289): 0 -> 1
Cell (virus_2913385,host_999964): 0 -> 1
Cell (virus_2913385,host_153297): 0 -> 1
Cell (virus_2913385,host_258952): 0 -> 1
Cell (virus_2913385,host_258953): 0 -> 1
Cell (virus_2913385,host_249033): 0 -> 1
Cell (virus_2913385,host_258930): 0 -> 1
Cell (virus_2913385,host_272799): 0 -> 1
Cell (virus_2913385,host_258909): 0 -> 1
Cell (virus_2913385,host_909369): 0 -> 1
Cell (virus_2913385,host_29078): 0 -> 1
Cell (virus_2913385,host_3371014): 0 -> 1
Cell (virus_2913385,host_3371021): 0 -> 1
Cell (virus_2913385,host_258959): 0 -> 1
Cell (virus_3077579,host_105273): 0 -> 1
Cell (virus_3077579,host_105295): 0 -> 1
Cell (virus_3077579,host_258946): 0 -> 1
Cell (virus_3077579,host_375553): 0 -> 1
Cell (virus_3077579,host_51300): 0 -> 1
Cell (virus_3077579,host_246814): 0 -> 1
Cell (virus_3077579,host_294653): 0 -> 1
Cell (virus_3077579,host_59473): 0 -> 1
Cell (virus_3077579,host_157961): 0 -> 1
Cell (virus_3077579,host_166054): 0 -> 1
Cell (virus_3077579,host_328804): 0 -> 1
Cell (virus_3077579,host_9403): 0 -> 1
Cell (virus_3077579,host_1410044): 0 -> 1
Cell (virus_3077579,host_1898389): 0 -> 1
Cell (virus_3077579,host_77231): 0 -> 1
Cell (virus_3077579,host_2853157): 0 -> 1
Cell (virus_3077579,host_372077): 0 -> 1
Cell (virus_3077579,host_58067): 0 -> 1
Cell (virus_3077579,host_498220): 0 -> 1
Cell (virus_3077579,host_448084): 0 -> 1
Cell (virus_3077579,host_58071): 0 -> 1
Cell (virus_3077579,host_77243): 0 -> 1
Cell (virus_3077579,host_58083): 0 -> 1
Cell (virus_3077579,host_77223): 0 -> 1
Cell (virus_3077579,host_9407): 0 -> 1
Cell (virus_3077579,host_9408): 0 -> 1
Cell (virus_3077579,host_58063): 0 -> 1
Cell (virus_3077579,host_1898386): 0 -> 1
Cell (virus_3077579,host_58060): 0 -> 1
Cell (virus_3077579,host_9400): 0 -> 1
Cell (virus_3077579,host_298110): 0 -> 1
Cell (virus_3077579,host_374419): 0 -> 1
Cell (virus_3077579,host_326081): 0 -> 1
Cell (virus_3077579,host_326083): 0 -> 1
Cell (virus_3077579,host_1381355): 0 -> 1
Cell (virus_3077579,host_187003): 0 -> 1
Cell (virus_3077579,host_907075): 0 -> 1
Cell (virus_3077579,host_40230): 0 -> 1
Cell (virus_3077579,host_89673): 0 -> 1
Cell (virus_3077579,host_3042450): 0 -> 1
Cell (virus_3077579,host_3371013): 0 -> 1
Cell (virus_3077579,host_1434095): 0 -> 1
Cell (virus_3077579,host_221086): 0 -> 1
Cell (virus_3077579,host_291302): 0 -> 1
Cell (virus_3077579,host_187007): 0 -> 1
Cell (virus_3077579,host_187008): 0 -> 1
Cell (virus_3077579,host_438766): 0 -> 1
Cell (virus_3077579,host_258934): 0 -> 1
Cell (virus_3077579,host_479723): 0 -> 1
Cell (virus_3077579,host_3041509): 0 -> 1
Cell (virus_3077579,host_258867): 0 -> 1
Cell (virus_3077579,host_452595): 0 -> 1
Cell (virus_3077579,host_3370289): 0 -> 1
Cell (virus_3077579,host_999964): 0 -> 1
Cell (virus_3077579,host_153297): 0 -> 1
Cell (virus_3077579,host_258952): 0 -> 1
Cell (virus_3077579,host_258953): 0 -> 1
Cell (virus_3077579,host_249033): 0 -> 1
Cell (virus_3077579,host_258930): 0 -> 1
Cell (virus_3077579,host_272799): 0 -> 1
Cell (virus_3077579,host_258909): 0 -> 1
Cell (virus_3077579,host_909369): 0 -> 1
Cell (virus_3077579,host_29078): 0 -> 1
Cell (virus_3077579,host_3371014): 0 -> 1
Cell (virus_3077579,host_3371021): 0 -> 1
Cell (virus_3077579,host_258959): 0 -> 1
Cell (virus_3077580,host_105273): 0 -> 1
Cell (virus_3077580,host_105295): 0 -> 1
Cell (virus_3077580,host_258946): 0 -> 1
Cell (virus_3077580,host_375553): 0 -> 1
Cell (virus_3077580,host_51300): 0 -> 1
Cell (virus_3077580,host_246814): 0 -> 1
Cell (virus_3077580,host_294653): 0 -> 1
Cell (virus_3077580,host_59473): 0 -> 1
Cell (virus_3077580,host_157961): 0 -> 1
Cell (virus_3077580,host_166054): 0 -> 1
Cell (virus_3077580,host_328804): 0 -> 1
Cell (virus_3077580,host_9403): 0 -> 1
Cell (virus_3077580,host_1410044): 0 -> 1
Cell (virus_3077580,host_1898389): 0 -> 1
Cell (virus_3077580,host_77231): 0 -> 1
Cell (virus_3077580,host_2853157): 0 -> 1
Cell (virus_3077580,host_372077): 0 -> 1
Cell (virus_3077580,host_58067): 0 -> 1
Cell (virus_3077580,host_498220): 0 -> 1
Cell (virus_3077580,host_448084): 0 -> 1
Cell (virus_3077580,host_58071): 0 -> 1
Cell (virus_3077580,host_77243): 0 -> 1
Cell (virus_3077580,host_58083): 0 -> 1
Cell (virus_3077580,host_77223): 0 -> 1
Cell (virus_3077580,host_9407): 0 -> 1
Cell (virus_3077580,host_9408): 0 -> 1
Cell (virus_3077580,host_58063): 0 -> 1
Cell (virus_3077580,host_1898386): 0 -> 1
Cell (virus_3077580,host_58060): 0 -> 1
Cell (virus_3077580,host_9400): 0 -> 1
Cell (virus_3077580,host_298110): 0 -> 1
Cell (virus_3077580,host_374419): 0 -> 1
Cell (virus_3077580,host_326081): 0 -> 1
Cell (virus_3077580,host_326083): 0 -> 1
Cell (virus_3077580,host_1381355): 0 -> 1
Cell (virus_3077580,host_187003): 0 -> 1
Cell (virus_3077580,host_907075): 0 -> 1
Cell (virus_3077580,host_40230): 0 -> 1
Cell (virus_3077580,host_89673): 0 -> 1
Cell (virus_3077580,host_3042450): 0 -> 1
Cell (virus_3077580,host_3371013): 0 -> 1
Cell (virus_3077580,host_1434095): 0 -> 1
Cell (virus_3077580,host_221086): 0 -> 1
Cell (virus_3077580,host_291302): 0 -> 1
Cell (virus_3077580,host_187007): 0 -> 1
Cell (virus_3077580,host_187008): 0 -> 1
Cell (virus_3077580,host_438766): 0 -> 1
Cell (virus_3077580,host_258934): 0 -> 1
Cell (virus_3077580,host_479723): 0 -> 1
Cell (virus_3077580,host_3041509): 0 -> 1
Cell (virus_3077580,host_258867): 0 -> 1
Cell (virus_3077580,host_452595): 0 -> 1
Cell (virus_3077580,host_3370289): 0 -> 1
Cell (virus_3077580,host_999964): 0 -> 1
Cell (virus_3077580,host_153297): 0 -> 1
Cell (virus_3077580,host_258952): 0 -> 1
Cell (virus_3077580,host_258953): 0 -> 1
Cell (virus_3077580,host_249033): 0 -> 1
Cell (virus_3077580,host_258930): 0 -> 1
Cell (virus_3077580,host_272799): 0 -> 1
Cell (virus_3077580,host_258909): 0 -> 1
Cell (virus_3077580,host_909369): 0 -> 1
Cell (virus_3077580,host_29078): 0 -> 1
Cell (virus_3077580,host_3371014): 0 -> 1
Cell (virus_3077580,host_3371021): 0 -> 1
Cell (virus_3077580,host_258959): 0 -> 1
Cell (virus_2419667,host_105273): 0 -> 1
Cell (virus_2419667,host_105295): 0 -> 1
Cell (virus_2419667,host_187011): 0 -> 1
Cell (virus_2419667,host_375553): 0 -> 1
Cell (virus_2419667,host_51300): 0 -> 1
Cell (virus_2419667,host_246814): 0 -> 1
Cell (virus_2419667,host_59473): 0 -> 1
Cell (virus_2419667,host_155035): 0 -> 1
Cell (virus_2419667,host_633648): 0 -> 1
Cell (virus_2419667,host_258925): 0 -> 1
Cell (virus_2419667,host_177185): 0 -> 1
Cell (virus_2419667,host_685731): 0 -> 1
Cell (virus_2419667,host_1207989): 0 -> 1
Cell (virus_2419667,host_59453): 0 -> 1
Cell (virus_2419667,host_157961): 0 -> 1
Cell (virus_2419667,host_124756): 0 -> 1
Cell (virus_2419667,host_166054): 0 -> 1
Cell (virus_2419667,host_385575): 0 -> 1
Cell (virus_2419667,host_328804): 0 -> 1
Cell (virus_2419667,host_9403): 0 -> 1
Cell (virus_2419667,host_1410044): 0 -> 1
Cell (virus_2419667,host_1898389): 0 -> 1
Cell (virus_2419667,host_77231): 0 -> 1
Cell (virus_2419667,host_2853157): 0 -> 1
Cell (virus_2419667,host_903567): 0 -> 1
Cell (virus_2419667,host_58067): 0 -> 1
Cell (virus_2419667,host_498220): 0 -> 1
Cell (virus_2419667,host_448084): 0 -> 1
Cell (virus_2419667,host_58071): 0 -> 1
Cell (virus_2419667,host_77243): 0 -> 1
Cell (virus_2419667,host_58073): 0 -> 1
Cell (virus_2419667,host_58083): 0 -> 1
Cell (virus_2419667,host_77223): 0 -> 1
Cell (virus_2419667,host_9407): 0 -> 1
Cell (virus_2419667,host_9408): 0 -> 1
Cell (virus_2419667,host_58063): 0 -> 1
Cell (virus_2419667,host_1898386): 0 -> 1
Cell (virus_2419667,host_58060): 0 -> 1
Cell (virus_2419667,host_9400): 0 -> 1
Cell (virus_2419667,host_298110): 0 -> 1
Cell (virus_2419667,host_374419): 0 -> 1
Cell (virus_2419667,host_326081): 0 -> 1
Cell (virus_2419667,host_326083): 0 -> 1
Cell (virus_2419667,host_1381355): 0 -> 1
Cell (virus_2419667,host_187003): 0 -> 1
Cell (virus_2419667,host_907075): 0 -> 1
Cell (virus_2419667,host_40228): 0 -> 1
Cell (virus_2419667,host_40230): 0 -> 1
Cell (virus_2419667,host_3042450): 0 -> 1
Cell (virus_2419667,host_3371013): 0 -> 1
Cell (virus_2419667,host_1434095): 0 -> 1
Cell (virus_2419667,host_221086): 0 -> 1
Cell (virus_2419667,host_291302): 0 -> 1
Cell (virus_2419667,host_187007): 0 -> 1
Cell (virus_2419667,host_187008): 0 -> 1
Cell (virus_2419667,host_438766): 0 -> 1
Cell (virus_2419667,host_258934): 0 -> 1
Cell (virus_2419667,host_479723): 0 -> 1
Cell (virus_2419667,host_3041509): 0 -> 1
Cell (virus_2419667,host_258867): 0 -> 1
Cell (virus_2419667,host_242384): 0 -> 1
Cell (virus_2419667,host_258863): 0 -> 1
Cell (virus_2419667,host_452595): 0 -> 1
Cell (virus_2419667,host_3370289): 0 -> 1
Cell (virus_2419667,host_999964): 0 -> 1
Cell (virus_2419667,host_153297): 0 -> 1
Cell (virus_2419667,host_258952): 0 -> 1
Cell (virus_2419667,host_258953): 0 -> 1
Cell (virus_2419667,host_249033): 0 -> 1
Cell (virus_2419667,host_258930): 0 -> 1
Cell (virus_2419667,host_272799): 0 -> 1
Cell (virus_2419667,host_258909): 0 -> 1
Cell (virus_2419667,host_909369): 0 -> 1
Cell (virus_2419667,host_29078): 0 -> 1
Cell (virus_2419667,host_3371014): 0 -> 1
Cell (virus_2419667,host_3371021): 0 -> 1
Cell (virus_2419667,host_360967): 0 -> 1
Cell (virus_2419667,host_258959): 0 -> 1
Cell (virus_3433787,host_105273): 0 -> 1
Cell (virus_3433787,host_105295): 0 -> 1
Cell (virus_3433787,host_187011): 0 -> 1
Cell (virus_3433787,host_375553): 0 -> 1
Cell (virus_3433787,host_51300): 0 -> 1
Cell (virus_3433787,host_246814): 0 -> 1
Cell (virus_3433787,host_59473): 0 -> 1
Cell (virus_3433787,host_155035): 0 -> 1
Cell (virus_3433787,host_633648): 0 -> 1
Cell (virus_3433787,host_258925): 0 -> 1
Cell (virus_3433787,host_177185): 0 -> 1
Cell (virus_3433787,host_685731): 0 -> 1
Cell (virus_3433787,host_1207989): 0 -> 1
Cell (virus_3433787,host_59453): 0 -> 1
Cell (virus_3433787,host_157961): 0 -> 1
Cell (virus_3433787,host_124756): 0 -> 1
Cell (virus_3433787,host_166054): 0 -> 1
Cell (virus_3433787,host_385575): 0 -> 1
Cell (virus_3433787,host_328804): 0 -> 1
Cell (virus_3433787,host_9403): 0 -> 1
Cell (virus_3433787,host_1410044): 0 -> 1
Cell (virus_3433787,host_1898389): 0 -> 1
Cell (virus_3433787,host_77231): 0 -> 1
Cell (virus_3433787,host_2853157): 0 -> 1
Cell (virus_3433787,host_903567): 0 -> 1
Cell (virus_3433787,host_58067): 0 -> 1
Cell (virus_3433787,host_498220): 0 -> 1
Cell (virus_3433787,host_448084): 0 -> 1
Cell (virus_3433787,host_58071): 0 -> 1
Cell (virus_3433787,host_77243): 0 -> 1
Cell (virus_3433787,host_58073): 0 -> 1
Cell (virus_3433787,host_58083): 0 -> 1
Cell (virus_3433787,host_77223): 0 -> 1
Cell (virus_3433787,host_9407): 0 -> 1
Cell (virus_3433787,host_9408): 0 -> 1
Cell (virus_3433787,host_58063): 0 -> 1
Cell (virus_3433787,host_1898386): 0 -> 1
Cell (virus_3433787,host_58060): 0 -> 1
Cell (virus_3433787,host_9400): 0 -> 1
Cell (virus_3433787,host_298110): 0 -> 1
Cell (virus_3433787,host_374419): 0 -> 1
Cell (virus_3433787,host_326081): 0 -> 1
Cell (virus_3433787,host_326083): 0 -> 1
Cell (virus_3433787,host_1381355): 0 -> 1
Cell (virus_3433787,host_187003): 0 -> 1
Cell (virus_3433787,host_907075): 0 -> 1
Cell (virus_3433787,host_40228): 0 -> 1
Cell (virus_3433787,host_40230): 0 -> 1
Cell (virus_3433787,host_3042450): 0 -> 1
Cell (virus_3433787,host_3371013): 0 -> 1
Cell (virus_3433787,host_1434095): 0 -> 1
Cell (virus_3433787,host_221086): 0 -> 1
Cell (virus_3433787,host_291302): 0 -> 1
Cell (virus_3433787,host_187007): 0 -> 1
Cell (virus_3433787,host_187008): 0 -> 1
Cell (virus_3433787,host_438766): 0 -> 1
Cell (virus_3433787,host_258934): 0 -> 1
Cell (virus_3433787,host_479723): 0 -> 1
Cell (virus_3433787,host_3041509): 0 -> 1
Cell (virus_3433787,host_258867): 0 -> 1
Cell (virus_3433787,host_242384): 0 -> 1
Cell (virus_3433787,host_258863): 0 -> 1
Cell (virus_3433787,host_452595): 0 -> 1
Cell (virus_3433787,host_3370289): 0 -> 1
Cell (virus_3433787,host_999964): 0 -> 1
Cell (virus_3433787,host_153297): 0 -> 1
Cell (virus_3433787,host_258952): 0 -> 1
Cell (virus_3433787,host_258953): 0 -> 1
Cell (virus_3433787,host_249033): 0 -> 1
Cell (virus_3433787,host_258930): 0 -> 1
Cell (virus_3433787,host_272799): 0 -> 1
Cell (virus_3433787,host_258909): 0 -> 1
Cell (virus_3433787,host_909369): 0 -> 1
Cell (virus_3433787,host_29078): 0 -> 1
Cell (virus_3433787,host_3371014): 0 -> 1
Cell (virus_3433787,host_3371021): 0 -> 1
Cell (virus_3433787,host_360967): 0 -> 1
Cell (virus_3433787,host_258959): 0 -> 1
Cell (virus_3027593,host_105273): 0 -> 1
Cell (virus_3027593,host_105295): 0 -> 1
Cell (virus_3027593,host_187011): 0 -> 1
Cell (virus_3027593,host_375553): 0 -> 1
Cell (virus_3027593,host_51300): 0 -> 1
Cell (virus_3027593,host_246814): 0 -> 1
Cell (virus_3027593,host_59473): 0 -> 1
Cell (virus_3027593,host_155035): 0 -> 1
Cell (virus_3027593,host_633648): 0 -> 1
Cell (virus_3027593,host_258925): 0 -> 1
Cell (virus_3027593,host_177185): 0 -> 1
Cell (virus_3027593,host_685731): 0 -> 1
Cell (virus_3027593,host_1207989): 0 -> 1
Cell (virus_3027593,host_188569): 0 -> 1
Cell (virus_3027593,host_157961): 0 -> 1
Cell (virus_3027593,host_249024): 0 -> 1
Cell (virus_3027593,host_166054): 0 -> 1
Cell (virus_3027593,host_385575): 0 -> 1
Cell (virus_3027593,host_328804): 0 -> 1
Cell (virus_3027593,host_9403): 0 -> 1
Cell (virus_3027593,host_1410044): 0 -> 1
Cell (virus_3027593,host_1898389): 0 -> 1
Cell (virus_3027593,host_77231): 0 -> 1
Cell (virus_3027593,host_2853157): 0 -> 1
Cell (virus_3027593,host_372077): 0 -> 1
Cell (virus_3027593,host_58067): 0 -> 1
Cell (virus_3027593,host_498220): 0 -> 1
Cell (virus_3027593,host_448084): 0 -> 1
Cell (virus_3027593,host_58071): 0 -> 1
Cell (virus_3027593,host_77243): 0 -> 1
Cell (virus_3027593,host_58073): 0 -> 1
Cell (virus_3027593,host_58083): 0 -> 1
Cell (virus_3027593,host_77223): 0 -> 1
Cell (virus_3027593,host_9407): 0 -> 1
Cell (virus_3027593,host_9408): 0 -> 1
Cell (virus_3027593,host_58063): 0 -> 1
Cell (virus_3027593,host_1898386): 0 -> 1
Cell (virus_3027593,host_58060): 0 -> 1
Cell (virus_3027593,host_9400): 0 -> 1
Cell (virus_3027593,host_298110): 0 -> 1
Cell (virus_3027593,host_374419): 0 -> 1
Cell (virus_3027593,host_326081): 0 -> 1
Cell (virus_3027593,host_326083): 0 -> 1
Cell (virus_3027593,host_1381355): 0 -> 1
Cell (virus_3027593,host_187003): 0 -> 1
Cell (virus_3027593,host_907075): 0 -> 1
Cell (virus_3027593,host_40228): 0 -> 1
Cell (virus_3027593,host_40230): 0 -> 1
Cell (virus_3027593,host_89673): 0 -> 1
Cell (virus_3027593,host_3042450): 0 -> 1
Cell (virus_3027593,host_1434095): 0 -> 1
Cell (virus_3027593,host_221086): 0 -> 1
Cell (virus_3027593,host_291302): 0 -> 1
Cell (virus_3027593,host_187007): 0 -> 1
Cell (virus_3027593,host_187008): 0 -> 1
Cell (virus_3027593,host_438766): 0 -> 1
Cell (virus_3027593,host_258934): 0 -> 1
Cell (virus_3027593,host_479723): 0 -> 1
Cell (virus_3027593,host_3041509): 0 -> 1
Cell (virus_3027593,host_258867): 0 -> 1
Cell (virus_3027593,host_242384): 0 -> 1
Cell (virus_3027593,host_258863): 0 -> 1
Cell (virus_3027593,host_452595): 0 -> 1
Cell (virus_3027593,host_3370289): 0 -> 1
Cell (virus_3027593,host_999964): 0 -> 1
Cell (virus_3027593,host_153297): 0 -> 1
Cell (virus_3027593,host_249034): 0 -> 1
Cell (virus_3027593,host_258952): 0 -> 1
Cell (virus_3027593,host_258953): 0 -> 1
Cell (virus_3027593,host_249033): 0 -> 1
Cell (virus_3027593,host_258930): 0 -> 1
Cell (virus_3027593,host_272799): 0 -> 1
Cell (virus_3027593,host_258909): 0 -> 1
Cell (virus_3027593,host_29078): 0 -> 1
Cell (virus_3027593,host_3371014): 0 -> 1
Cell (virus_3027593,host_3371021): 0 -> 1
Cell (virus_3027593,host_360967): 0 -> 1
Cell (virus_3027593,host_258959): 0 -> 1
Cell (virus_2991261,host_105273): 0 -> 1
Cell (virus_2991261,host_105295): 0 -> 1
Cell (virus_2991261,host_187011): 0 -> 1
Cell (virus_2991261,host_375553): 0 -> 1
Cell (virus_2991261,host_51300): 0 -> 1
Cell (virus_2991261,host_246814): 0 -> 1
Cell (virus_2991261,host_59473): 0 -> 1
Cell (virus_2991261,host_155035): 0 -> 1
Cell (virus_2991261,host_633648): 0 -> 1
Cell (virus_2991261,host_258925): 0 -> 1
Cell (virus_2991261,host_177185): 0 -> 1
Cell (virus_2991261,host_685731): 0 -> 1
Cell (virus_2991261,host_1207989): 0 -> 1
Cell (virus_2991261,host_157961): 0 -> 1
Cell (virus_2991261,host_334201): 0 -> 1
Cell (virus_2991261,host_249024): 0 -> 1
Cell (virus_2991261,host_166054): 0 -> 1
Cell (virus_2991261,host_196297): 0 -> 1
Cell (virus_2991261,host_385575): 0 -> 1
Cell (virus_2991261,host_9403): 0 -> 1
Cell (virus_2991261,host_1410044): 0 -> 1
Cell (virus_2991261,host_1898389): 0 -> 1
Cell (virus_2991261,host_77231): 0 -> 1
Cell (virus_2991261,host_2853157): 0 -> 1
Cell (virus_2991261,host_58067): 0 -> 1
Cell (virus_2991261,host_498220): 0 -> 1
Cell (virus_2991261,host_448084): 0 -> 1
Cell (virus_2991261,host_58071): 0 -> 1
Cell (virus_2991261,host_77243): 0 -> 1
Cell (virus_2991261,host_58073): 0 -> 1
Cell (virus_2991261,host_1898393): 0 -> 1
Cell (virus_2991261,host_77223): 0 -> 1
Cell (virus_2991261,host_9407): 0 -> 1
Cell (virus_2991261,host_9408): 0 -> 1
Cell (virus_2991261,host_58065): 0 -> 1
Cell (virus_2991261,host_58063): 0 -> 1
Cell (virus_2991261,host_1898386): 0 -> 1
Cell (virus_2991261,host_58060): 0 -> 1
Cell (virus_2991261,host_9400): 0 -> 1
Cell (virus_2991261,host_298110): 0 -> 1
Cell (virus_2991261,host_374419): 0 -> 1
Cell (virus_2991261,host_326081): 0 -> 1
Cell (virus_2991261,host_326151): 0 -> 1
Cell (virus_2991261,host_326083): 0 -> 1
Cell (virus_2991261,host_1381355): 0 -> 1
Cell (virus_2991261,host_187003): 0 -> 1
Cell (virus_2991261,host_907075): 0 -> 1
Cell (virus_2991261,host_40228): 0 -> 1
Cell (virus_2991261,host_40230): 0 -> 1
Cell (virus_2991261,host_9417): 0 -> 1
Cell (virus_2991261,host_89673): 0 -> 1
Cell (virus_2991261,host_3042450): 0 -> 1
Cell (virus_2991261,host_3371013): 0 -> 1
Cell (virus_2991261,host_1434095): 0 -> 1
Cell (virus_2991261,host_221086): 0 -> 1
Cell (virus_2991261,host_291302): 0 -> 1
Cell (virus_2991261,host_187007): 0 -> 1
Cell (virus_2991261,host_187008): 0 -> 1
Cell (virus_2991261,host_438766): 0 -> 1
Cell (virus_2991261,host_258934): 0 -> 1
Cell (virus_2991261,host_479723): 0 -> 1
Cell (virus_2991261,host_27622): 0 -> 1
Cell (virus_2991261,host_3041509): 0 -> 1
Cell (virus_2991261,host_258867): 0 -> 1
Cell (virus_2991261,host_242384): 0 -> 1
Cell (virus_2991261,host_258863): 0 -> 1
Cell (virus_2991261,host_452595): 0 -> 1
Cell (virus_2991261,host_3370289): 0 -> 1
Cell (virus_2991261,host_999964): 0 -> 1
Cell (virus_2991261,host_153297): 0 -> 1
Cell (virus_2991261,host_258952): 0 -> 1
Cell (virus_2991261,host_258953): 0 -> 1
Cell (virus_2991261,host_249033): 0 -> 1
Cell (virus_2991261,host_258930): 0 -> 1
Cell (virus_2991261,host_272799): 0 -> 1
Cell (virus_2991261,host_258909): 0 -> 1
Cell (virus_2991261,host_909369): 0 -> 1
Cell (virus_2991261,host_29078): 0 -> 1
Cell (virus_2991261,host_3371014): 0 -> 1
Cell (virus_2991261,host_3371021): 0 -> 1
Cell (virus_2991261,host_258959): 0 -> 1
Cell (virus_983923,host_105273): 0 -> 1
Cell (virus_983923,host_105295): 0 -> 1
Cell (virus_983923,host_187011): 0 -> 1
Cell (virus_983923,host_375553): 0 -> 1
Cell (virus_983923,host_51300): 0 -> 1
Cell (virus_983923,host_246814): 0 -> 1
Cell (virus_983923,host_59473): 0 -> 1
Cell (virus_983923,host_155035): 0 -> 1
Cell (virus_983923,host_633648): 0 -> 1
Cell (virus_983923,host_258925): 0 -> 1
Cell (virus_983923,host_177185): 0 -> 1
Cell (virus_983923,host_685731): 0 -> 1
Cell (virus_983923,host_1207989): 0 -> 1
Cell (virus_983923,host_157961): 0 -> 1
Cell (virus_983923,host_334201): 0 -> 1
Cell (virus_983923,host_249024): 0 -> 1
Cell (virus_983923,host_166054): 0 -> 1
Cell (virus_983923,host_196297): 0 -> 1
Cell (virus_983923,host_385575): 0 -> 1
Cell (virus_983923,host_9403): 0 -> 1
Cell (virus_983923,host_1410044): 0 -> 1
Cell (virus_983923,host_1898389): 0 -> 1
Cell (virus_983923,host_77231): 0 -> 1
Cell (virus_983923,host_2853157): 0 -> 1
Cell (virus_983923,host_58067): 0 -> 1
Cell (virus_983923,host_498220): 0 -> 1
Cell (virus_983923,host_448084): 0 -> 1
Cell (virus_983923,host_58071): 0 -> 1
Cell (virus_983923,host_77243): 0 -> 1
Cell (virus_983923,host_58073): 0 -> 1
Cell (virus_983923,host_1898393): 0 -> 1
Cell (virus_983923,host_77223): 0 -> 1
Cell (virus_983923,host_9407): 0 -> 1
Cell (virus_983923,host_9408): 0 -> 1
Cell (virus_983923,host_58065): 0 -> 1
Cell (virus_983923,host_58063): 0 -> 1
Cell (virus_983923,host_1898386): 0 -> 1
Cell (virus_983923,host_58060): 0 -> 1
Cell (virus_983923,host_9400): 0 -> 1
Cell (virus_983923,host_298110): 0 -> 1
Cell (virus_983923,host_374419): 0 -> 1
Cell (virus_983923,host_326081): 0 -> 1
Cell (virus_983923,host_326151): 0 -> 1
Cell (virus_983923,host_326083): 0 -> 1
Cell (virus_983923,host_1381355): 0 -> 1
Cell (virus_983923,host_187003): 0 -> 1
Cell (virus_983923,host_907075): 0 -> 1
Cell (virus_983923,host_40228): 0 -> 1
Cell (virus_983923,host_40230): 0 -> 1
Cell (virus_983923,host_9417): 0 -> 1
Cell (virus_983923,host_89673): 0 -> 1
Cell (virus_983923,host_3042450): 0 -> 1
Cell (virus_983923,host_3371013): 0 -> 1
Cell (virus_983923,host_1434095): 0 -> 1
Cell (virus_983923,host_221086): 0 -> 1
Cell (virus_983923,host_291302): 0 -> 1
Cell (virus_983923,host_187007): 0 -> 1
Cell (virus_983923,host_187008): 0 -> 1
Cell (virus_983923,host_438766): 0 -> 1
Cell (virus_983923,host_258934): 0 -> 1
Cell (virus_983923,host_479723): 0 -> 1
Cell (virus_983923,host_27622): 0 -> 1
Cell (virus_983923,host_3041509): 0 -> 1
Cell (virus_983923,host_258867): 0 -> 1
Cell (virus_983923,host_242384): 0 -> 1
Cell (virus_983923,host_258863): 0 -> 1
Cell (virus_983923,host_452595): 0 -> 1
Cell (virus_983923,host_3370289): 0 -> 1
Cell (virus_983923,host_999964): 0 -> 1
Cell (virus_983923,host_153297): 0 -> 1
Cell (virus_983923,host_258952): 0 -> 1
Cell (virus_983923,host_258953): 0 -> 1
Cell (virus_983923,host_249033): 0 -> 1
Cell (virus_983923,host_258930): 0 -> 1
Cell (virus_983923,host_272799): 0 -> 1
Cell (virus_983923,host_258909): 0 -> 1
Cell (virus_983923,host_909369): 0 -> 1
Cell (virus_983923,host_29078): 0 -> 1
Cell (virus_983923,host_3371014): 0 -> 1
Cell (virus_983923,host_3371021): 0 -> 1
Cell (virus_983923,host_258959): 0 -> 1
Cell (virus_3433749,host_105273): 0 -> 1
Cell (virus_3433749,host_105295): 0 -> 1
Cell (virus_3433749,host_187011): 0 -> 1
Cell (virus_3433749,host_375553): 0 -> 1
Cell (virus_3433749,host_51300): 0 -> 1
Cell (virus_3433749,host_246814): 0 -> 1
Cell (virus_3433749,host_59473): 0 -> 1
Cell (virus_3433749,host_155035): 0 -> 1
Cell (virus_3433749,host_2015597): 0 -> 1
Cell (virus_3433749,host_633648): 0 -> 1
Cell (virus_3433749,host_258925): 0 -> 1
Cell (virus_3433749,host_177185): 0 -> 1
Cell (virus_3433749,host_187017): 0 -> 1
Cell (virus_3433749,host_685731): 0 -> 1
Cell (virus_3433749,host_157961): 0 -> 1
Cell (virus_3433749,host_132908): 0 -> 1
Cell (virus_3433749,host_166054): 0 -> 1
Cell (virus_3433749,host_385575): 0 -> 1
Cell (virus_3433749,host_328804): 0 -> 1
Cell (virus_3433749,host_9403): 0 -> 1
Cell (virus_3433749,host_1410044): 0 -> 1
Cell (virus_3433749,host_1898389): 0 -> 1
Cell (virus_3433749,host_77231): 0 -> 1
Cell (virus_3433749,host_2853157): 0 -> 1
Cell (virus_3433749,host_58067): 0 -> 1
Cell (virus_3433749,host_498220): 0 -> 1
Cell (virus_3433749,host_448084): 0 -> 1
Cell (virus_3433749,host_58071): 0 -> 1
Cell (virus_3433749,host_77243): 0 -> 1
Cell (virus_3433749,host_58073): 0 -> 1
Cell (virus_3433749,host_9407): 0 -> 1
Cell (virus_3433749,host_9408): 0 -> 1
Cell (virus_3433749,host_77214): 0 -> 1
Cell (virus_3433749,host_1898386): 0 -> 1
Cell (virus_3433749,host_58060): 0 -> 1
Cell (virus_3433749,host_9400): 0 -> 1
Cell (virus_3433749,host_298110): 0 -> 1
Cell (virus_3433749,host_374419): 0 -> 1
Cell (virus_3433749,host_326081): 0 -> 1
Cell (virus_3433749,host_326083): 0 -> 1
Cell (virus_3433749,host_1381355): 0 -> 1
Cell (virus_3433749,host_187003): 0 -> 1
Cell (virus_3433749,host_907075): 0 -> 1
Cell (virus_3433749,host_40228): 0 -> 1
Cell (virus_3433749,host_40230): 0 -> 1
Cell (virus_3433749,host_89673): 0 -> 1
Cell (virus_3433749,host_3042450): 0 -> 1
Cell (virus_3433749,host_1434095): 0 -> 1
Cell (virus_3433749,host_221086): 0 -> 1
Cell (virus_3433749,host_291302): 0 -> 1
Cell (virus_3433749,host_187007): 0 -> 1
Cell (virus_3433749,host_187008): 0 -> 1
Cell (virus_3433749,host_438766): 0 -> 1
Cell (virus_3433749,host_258934): 0 -> 1
Cell (virus_3433749,host_479723): 0 -> 1
Cell (virus_3433749,host_3041509): 0 -> 1
Cell (virus_3433749,host_258867): 0 -> 1
Cell (virus_3433749,host_242384): 0 -> 1
Cell (virus_3433749,host_258863): 0 -> 1
Cell (virus_3433749,host_452595): 0 -> 1
Cell (virus_3433749,host_3370289): 0 -> 1
Cell (virus_3433749,host_999964): 0 -> 1
Cell (virus_3433749,host_258952): 0 -> 1
Cell (virus_3433749,host_258953): 0 -> 1
Cell (virus_3433749,host_249033): 0 -> 1
Cell (virus_3433749,host_258930): 0 -> 1
Cell (virus_3433749,host_272799): 0 -> 1
Cell (virus_3433749,host_258909): 0 -> 1
Cell (virus_3433749,host_909369): 0 -> 1
Cell (virus_3433749,host_29078): 0 -> 1
Cell (virus_3433749,host_3371014): 0 -> 1
Cell (virus_3433749,host_3371021): 0 -> 1
Cell (virus_3433749,host_360967): 0 -> 1
Cell (virus_3433749,host_258959): 0 -> 1
Cell (virus_1986198,host_105273): 0 -> 1
Cell (virus_1986198,host_105295): 0 -> 1
Cell (virus_1986198,host_187011): 0 -> 1
Cell (virus_1986198,host_375553): 0 -> 1
Cell (virus_1986198,host_51300): 0 -> 1
Cell (virus_1986198,host_246814): 0 -> 1
Cell (virus_1986198,host_59473): 0 -> 1
Cell (virus_1986198,host_633648): 0 -> 1
Cell (virus_1986198,host_258925): 0 -> 1
Cell (virus_1986198,host_177185): 0 -> 1
Cell (virus_1986198,host_685731): 0 -> 1
Cell (virus_1986198,host_157961): 0 -> 1
Cell (virus_1986198,host_2603865): 0 -> 1
Cell (virus_1986198,host_166054): 0 -> 1
Cell (virus_1986198,host_328804): 0 -> 1
Cell (virus_1986198,host_9403): 0 -> 1
Cell (virus_1986198,host_58057): 0 -> 1
Cell (virus_1986198,host_1410044): 0 -> 1
Cell (virus_1986198,host_1898389): 0 -> 1
Cell (virus_1986198,host_77231): 0 -> 1
Cell (virus_1986198,host_2853157): 0 -> 1
Cell (virus_1986198,host_372077): 0 -> 1
Cell (virus_1986198,host_58067): 0 -> 1
Cell (virus_1986198,host_448084): 0 -> 1
Cell (virus_1986198,host_58071): 0 -> 1
Cell (virus_1986198,host_77243): 0 -> 1
Cell (virus_1986198,host_58073): 0 -> 1
Cell (virus_1986198,host_77223): 0 -> 1
Cell (virus_1986198,host_9407): 0 -> 1
Cell (virus_1986198,host_9408): 0 -> 1
Cell (virus_1986198,host_1898386): 0 -> 1
Cell (virus_1986198,host_58060): 0 -> 1
Cell (virus_1986198,host_9400): 0 -> 1
Cell (virus_1986198,host_298110): 0 -> 1
Cell (virus_1986198,host_374419): 0 -> 1
Cell (virus_1986198,host_326081): 0 -> 1
Cell (virus_1986198,host_326083): 0 -> 1
Cell (virus_1986198,host_1381355): 0 -> 1
Cell (virus_1986198,host_187003): 0 -> 1
Cell (virus_1986198,host_907075): 0 -> 1
Cell (virus_1986198,host_27634): 0 -> 1
Cell (virus_1986198,host_40230): 0 -> 1
Cell (virus_1986198,host_177160): 0 -> 1
Cell (virus_1986198,host_177162): 0 -> 1
Cell (virus_1986198,host_27638): 0 -> 1
Cell (virus_1986198,host_2994998): 0 -> 1
Cell (virus_1986198,host_409031): 0 -> 1
Cell (virus_1986198,host_89673): 0 -> 1
Cell (virus_1986198,host_148061): 0 -> 1
Cell (virus_1986198,host_148089): 0 -> 1
Cell (virus_1986198,host_9430): 0 -> 1
Cell (virus_1986198,host_3042450): 0 -> 1
Cell (virus_1986198,host_221086): 0 -> 1
Cell (virus_1986198,host_291302): 0 -> 1
Cell (virus_1986198,host_187007): 0 -> 1
Cell (virus_1986198,host_187008): 0 -> 1
Cell (virus_1986198,host_438766): 0 -> 1
Cell (virus_1986198,host_258934): 0 -> 1
Cell (virus_1986198,host_479723): 0 -> 1
Cell (virus_1986198,host_3041509): 0 -> 1
Cell (virus_1986198,host_258867): 0 -> 1
Cell (virus_1986198,host_242384): 0 -> 1
Cell (virus_1986198,host_452595): 0 -> 1
Cell (virus_1986198,host_3370289): 0 -> 1
Cell (virus_1986198,host_999964): 0 -> 1
Cell (virus_1986198,host_153297): 0 -> 1
Cell (virus_1986198,host_258952): 0 -> 1
Cell (virus_1986198,host_258953): 0 -> 1
Cell (virus_1986198,host_249033): 0 -> 1
Cell (virus_1986198,host_258930): 0 -> 1
Cell (virus_1986198,host_272799): 0 -> 1
Cell (virus_1986198,host_258909): 0 -> 1
Cell (virus_1986198,host_909369): 0 -> 1
Cell (virus_1986198,host_29078): 0 -> 1
Cell (virus_1986198,host_3371014): 0 -> 1
Cell (virus_1986198,host_3371021): 0 -> 1
Cell (virus_1986198,host_360967): 0 -> 1
Cell (virus_1986198,host_258959): 0 -> 1
Cell (virus_3433814,host_105273): 0 -> 1
Cell (virus_3433814,host_105295): 0 -> 1
Cell (virus_3433814,host_187011): 0 -> 1
Cell (virus_3433814,host_51300): 0 -> 1
Cell (virus_3433814,host_246814): 0 -> 1
Cell (virus_3433814,host_59473): 0 -> 1
Cell (virus_3433814,host_155035): 0 -> 1
Cell (virus_3433814,host_633648): 0 -> 1
Cell (virus_3433814,host_258925): 0 -> 1
Cell (virus_3433814,host_177185): 0 -> 1
Cell (virus_3433814,host_685731): 0 -> 1
Cell (virus_3433814,host_1207989): 0 -> 1
Cell (virus_3433814,host_157961): 0 -> 1
Cell (virus_3433814,host_376555): 0 -> 1
Cell (virus_3433814,host_867892): 0 -> 1
Cell (virus_3433814,host_2603865): 0 -> 1
Cell (virus_3433814,host_166054): 0 -> 1
Cell (virus_3433814,host_328804): 0 -> 1
Cell (virus_3433814,host_9403): 0 -> 1
Cell (virus_3433814,host_58057): 0 -> 1
Cell (virus_3433814,host_1410044): 0 -> 1
Cell (virus_3433814,host_1898389): 0 -> 1
Cell (virus_3433814,host_77231): 0 -> 1
Cell (virus_3433814,host_2853157): 0 -> 1
Cell (virus_3433814,host_58067): 0 -> 1
Cell (virus_3433814,host_498220): 0 -> 1
Cell (virus_3433814,host_448084): 0 -> 1
Cell (virus_3433814,host_58071): 0 -> 1
Cell (virus_3433814,host_77243): 0 -> 1
Cell (virus_3433814,host_58073): 0 -> 1
Cell (virus_3433814,host_1898393): 0 -> 1
Cell (virus_3433814,host_77223): 0 -> 1
Cell (virus_3433814,host_9408): 0 -> 1
Cell (virus_3433814,host_1898386): 0 -> 1
Cell (virus_3433814,host_58060): 0 -> 1
Cell (virus_3433814,host_9400): 0 -> 1
Cell (virus_3433814,host_298110): 0 -> 1
Cell (virus_3433814,host_374419): 0 -> 1
Cell (virus_3433814,host_326081): 0 -> 1
Cell (virus_3433814,host_326083): 0 -> 1
Cell (virus_3433814,host_1381355): 0 -> 1
Cell (virus_3433814,host_187003): 0 -> 1
Cell (virus_3433814,host_907075): 0 -> 1
Cell (virus_3433814,host_40228): 0 -> 1
Cell (virus_3433814,host_40230): 0 -> 1
Cell (virus_3433814,host_177160): 0 -> 1
Cell (virus_3433814,host_177162): 0 -> 1
Cell (virus_3433814,host_2994998): 0 -> 1
Cell (virus_3433814,host_148061): 0 -> 1
Cell (virus_3433814,host_148089): 0 -> 1
Cell (virus_3433814,host_9430): 0 -> 1
Cell (virus_3433814,host_1434095): 0 -> 1
Cell (virus_3433814,host_221086): 0 -> 1
Cell (virus_3433814,host_291302): 0 -> 1
Cell (virus_3433814,host_187007): 0 -> 1
Cell (virus_3433814,host_187008): 0 -> 1
Cell (virus_3433814,host_438766): 0 -> 1
Cell (virus_3433814,host_258934): 0 -> 1
Cell (virus_3433814,host_479723): 0 -> 1
Cell (virus_3433814,host_3041509): 0 -> 1
Cell (virus_3433814,host_258867): 0 -> 1
Cell (virus_3433814,host_258863): 0 -> 1
Cell (virus_3433814,host_452595): 0 -> 1
Cell (virus_3433814,host_3370289): 0 -> 1
Cell (virus_3433814,host_999964): 0 -> 1
Cell (virus_3433814,host_153297): 0 -> 1
Cell (virus_3433814,host_249034): 0 -> 1
Cell (virus_3433814,host_258952): 0 -> 1
Cell (virus_3433814,host_258953): 0 -> 1
Cell (virus_3433814,host_249033): 0 -> 1
Cell (virus_3433814,host_258930): 0 -> 1
Cell (virus_3433814,host_272799): 0 -> 1
Cell (virus_3433814,host_258909): 0 -> 1
Cell (virus_3433814,host_909369): 0 -> 1
Cell (virus_3433814,host_29078): 0 -> 1
Cell (virus_3433814,host_3371014): 0 -> 1
Cell (virus_3433814,host_360967): 0 -> 1
Cell (virus_3433814,host_258944): 0 -> 1
Cell (virus_3433814,host_258959): 0 -> 1
Cell (virus_693997,host_105273): 0 -> 1
Cell (virus_693997,host_105295): 0 -> 1
Cell (virus_693997,host_187011): 0 -> 1
Cell (virus_693997,host_51300): 0 -> 1
Cell (virus_693997,host_246814): 0 -> 1
Cell (virus_693997,host_59473): 0 -> 1
Cell (virus_693997,host_155035): 0 -> 1
Cell (virus_693997,host_633648): 0 -> 1
Cell (virus_693997,host_258925): 0 -> 1
Cell (virus_693997,host_177185): 0 -> 1
Cell (virus_693997,host_685731): 0 -> 1
Cell (virus_693997,host_1207989): 0 -> 1
Cell (virus_693997,host_157961): 0 -> 1
Cell (virus_693997,host_376555): 0 -> 1
Cell (virus_693997,host_867892): 0 -> 1
Cell (virus_693997,host_2603865): 0 -> 1
Cell (virus_693997,host_166054): 0 -> 1
Cell (virus_693997,host_328804): 0 -> 1
Cell (virus_693997,host_9403): 0 -> 1
Cell (virus_693997,host_58057): 0 -> 1
Cell (virus_693997,host_1410044): 0 -> 1
Cell (virus_693997,host_1898389): 0 -> 1
Cell (virus_693997,host_77231): 0 -> 1
Cell (virus_693997,host_2853157): 0 -> 1
Cell (virus_693997,host_58067): 0 -> 1
Cell (virus_693997,host_498220): 0 -> 1
Cell (virus_693997,host_448084): 0 -> 1
Cell (virus_693997,host_58071): 0 -> 1
Cell (virus_693997,host_77243): 0 -> 1
Cell (virus_693997,host_58073): 0 -> 1
Cell (virus_693997,host_1898393): 0 -> 1
Cell (virus_693997,host_77223): 0 -> 1
Cell (virus_693997,host_9408): 0 -> 1
Cell (virus_693997,host_1898386): 0 -> 1
Cell (virus_693997,host_58060): 0 -> 1
Cell (virus_693997,host_9400): 0 -> 1
Cell (virus_693997,host_298110): 0 -> 1
Cell (virus_693997,host_374419): 0 -> 1
Cell (virus_693997,host_326081): 0 -> 1
Cell (virus_693997,host_326083): 0 -> 1
Cell (virus_693997,host_1381355): 0 -> 1
Cell (virus_693997,host_187003): 0 -> 1
Cell (virus_693997,host_907075): 0 -> 1
Cell (virus_693997,host_40228): 0 -> 1
Cell (virus_693997,host_40230): 0 -> 1
Cell (virus_693997,host_177160): 0 -> 1
Cell (virus_693997,host_177162): 0 -> 1
Cell (virus_693997,host_2994998): 0 -> 1
Cell (virus_693997,host_148061): 0 -> 1
Cell (virus_693997,host_148089): 0 -> 1
Cell (virus_693997,host_9430): 0 -> 1
Cell (virus_693997,host_1434095): 0 -> 1
Cell (virus_693997,host_221086): 0 -> 1
Cell (virus_693997,host_291302): 0 -> 1
Cell (virus_693997,host_187007): 0 -> 1
Cell (virus_693997,host_187008): 0 -> 1
Cell (virus_693997,host_438766): 0 -> 1
Cell (virus_693997,host_258934): 0 -> 1
Cell (virus_693997,host_479723): 0 -> 1
Cell (virus_693997,host_3041509): 0 -> 1
Cell (virus_693997,host_258867): 0 -> 1
Cell (virus_693997,host_258863): 0 -> 1
Cell (virus_693997,host_452595): 0 -> 1
Cell (virus_693997,host_3370289): 0 -> 1
Cell (virus_693997,host_999964): 0 -> 1
Cell (virus_693997,host_153297): 0 -> 1
Cell (virus_693997,host_249034): 0 -> 1
Cell (virus_693997,host_258952): 0 -> 1
Cell (virus_693997,host_258953): 0 -> 1
Cell (virus_693997,host_249033): 0 -> 1
Cell (virus_693997,host_258930): 0 -> 1
Cell (virus_693997,host_272799): 0 -> 1
Cell (virus_693997,host_258909): 0 -> 1
Cell (virus_693997,host_909369): 0 -> 1
Cell (virus_693997,host_29078): 0 -> 1
Cell (virus_693997,host_3371014): 0 -> 1
Cell (virus_693997,host_360967): 0 -> 1
Cell (virus_693997,host_258944): 0 -> 1
Cell (virus_693997,host_258959): 0 -> 1
Cell (virus_2913386,host_105273): 0 -> 1
Cell (virus_2913386,host_105295): 0 -> 1
Cell (virus_2913386,host_187011): 0 -> 1
Cell (virus_2913386,host_375553): 0 -> 1
Cell (virus_2913386,host_51300): 0 -> 1
Cell (virus_2913386,host_246814): 0 -> 1
Cell (virus_2913386,host_59473): 0 -> 1
Cell (virus_2913386,host_258940): 0 -> 1
Cell (virus_2913386,host_155035): 0 -> 1
Cell (virus_2913386,host_633648): 0 -> 1
Cell (virus_2913386,host_258925): 0 -> 1
Cell (virus_2913386,host_177185): 0 -> 1
Cell (virus_2913386,host_188569): 0 -> 1
Cell (virus_2913386,host_157961): 0 -> 1
Cell (virus_2913386,host_166054): 0 -> 1
Cell (virus_2913386,host_328804): 0 -> 1
Cell (virus_2913386,host_9403): 0 -> 1
Cell (virus_2913386,host_1410044): 0 -> 1
Cell (virus_2913386,host_1898389): 0 -> 1
Cell (virus_2913386,host_77231): 0 -> 1
Cell (virus_2913386,host_2853157): 0 -> 1
Cell (virus_2913386,host_58067): 0 -> 1
Cell (virus_2913386,host_498220): 0 -> 1
Cell (virus_2913386,host_448084): 0 -> 1
Cell (virus_2913386,host_58071): 0 -> 1
Cell (virus_2913386,host_77243): 0 -> 1
Cell (virus_2913386,host_58083): 0 -> 1
Cell (virus_2913386,host_77223): 0 -> 1
Cell (virus_2913386,host_9407): 0 -> 1
Cell (virus_2913386,host_9408): 0 -> 1
Cell (virus_2913386,host_1898386): 0 -> 1
Cell (virus_2913386,host_58060): 0 -> 1
Cell (virus_2913386,host_9400): 0 -> 1
Cell (virus_2913386,host_298110): 0 -> 1
Cell (virus_2913386,host_374419): 0 -> 1
Cell (virus_2913386,host_326081): 0 -> 1
Cell (virus_2913386,host_326083): 0 -> 1
Cell (virus_2913386,host_1381355): 0 -> 1
Cell (virus_2913386,host_187003): 0 -> 1
Cell (virus_2913386,host_907075): 0 -> 1
Cell (virus_2913386,host_40228): 0 -> 1
Cell (virus_2913386,host_40230): 0 -> 1
Cell (virus_2913386,host_177160): 0 -> 1
Cell (virus_2913386,host_177162): 0 -> 1
Cell (virus_2913386,host_27638): 0 -> 1
Cell (virus_2913386,host_2994998): 0 -> 1
Cell (virus_2913386,host_89673): 0 -> 1
Cell (virus_2913386,host_9423): 0 -> 1
Cell (virus_2913386,host_148061): 0 -> 1
Cell (virus_2913386,host_148089): 0 -> 1
Cell (virus_2913386,host_3042450): 0 -> 1
Cell (virus_2913386,host_59472): 0 -> 1
Cell (virus_2913386,host_1434095): 0 -> 1
Cell (virus_2913386,host_221086): 0 -> 1
Cell (virus_2913386,host_291302): 0 -> 1
Cell (virus_2913386,host_187007): 0 -> 1
Cell (virus_2913386,host_187008): 0 -> 1
Cell (virus_2913386,host_438766): 0 -> 1
Cell (virus_2913386,host_258934): 0 -> 1
Cell (virus_2913386,host_479723): 0 -> 1
Cell (virus_2913386,host_3041509): 0 -> 1
Cell (virus_2913386,host_258867): 0 -> 1
Cell (virus_2913386,host_242384): 0 -> 1
Cell (virus_2913386,host_258863): 0 -> 1
Cell (virus_2913386,host_452595): 0 -> 1
Cell (virus_2913386,host_3370289): 0 -> 1
Cell (virus_2913386,host_999964): 0 -> 1
Cell (virus_2913386,host_258952): 0 -> 1
Cell (virus_2913386,host_258953): 0 -> 1
Cell (virus_2913386,host_249033): 0 -> 1
Cell (virus_2913386,host_258930): 0 -> 1
Cell (virus_2913386,host_272799): 0 -> 1
Cell (virus_2913386,host_258909): 0 -> 1
Cell (virus_2913386,host_909369): 0 -> 1
Cell (virus_2913386,host_29078): 0 -> 1
Cell (virus_2913386,host_3371014): 0 -> 1
Cell (virus_2913386,host_3371021): 0 -> 1
Cell (virus_2913386,host_360967): 0 -> 1
Cell (virus_2913386,host_258959): 0 -> 1
Cell (virus_2925879,host_105273): 0 -> 1
Cell (virus_2925879,host_105295): 0 -> 1
Cell (virus_2925879,host_187011): 0 -> 1
Cell (virus_2925879,host_375553): 0 -> 1
Cell (virus_2925879,host_51300): 0 -> 1
Cell (virus_2925879,host_246814): 0 -> 1
Cell (virus_2925879,host_59473): 0 -> 1
Cell (virus_2925879,host_258940): 0 -> 1
Cell (virus_2925879,host_155035): 0 -> 1
Cell (virus_2925879,host_633648): 0 -> 1
Cell (virus_2925879,host_258925): 0 -> 1
Cell (virus_2925879,host_177185): 0 -> 1
Cell (virus_2925879,host_188569): 0 -> 1
Cell (virus_2925879,host_157961): 0 -> 1
Cell (virus_2925879,host_166054): 0 -> 1
Cell (virus_2925879,host_328804): 0 -> 1
Cell (virus_2925879,host_9403): 0 -> 1
Cell (virus_2925879,host_1410044): 0 -> 1
Cell (virus_2925879,host_1898389): 0 -> 1
Cell (virus_2925879,host_77231): 0 -> 1
Cell (virus_2925879,host_2853157): 0 -> 1
Cell (virus_2925879,host_58067): 0 -> 1
Cell (virus_2925879,host_498220): 0 -> 1
Cell (virus_2925879,host_448084): 0 -> 1
Cell (virus_2925879,host_58071): 0 -> 1
Cell (virus_2925879,host_77243): 0 -> 1
Cell (virus_2925879,host_58083): 0 -> 1
Cell (virus_2925879,host_77223): 0 -> 1
Cell (virus_2925879,host_9407): 0 -> 1
Cell (virus_2925879,host_9408): 0 -> 1
Cell (virus_2925879,host_1898386): 0 -> 1
Cell (virus_2925879,host_58060): 0 -> 1
Cell (virus_2925879,host_9400): 0 -> 1
Cell (virus_2925879,host_298110): 0 -> 1
Cell (virus_2925879,host_374419): 0 -> 1
Cell (virus_2925879,host_326081): 0 -> 1
Cell (virus_2925879,host_326083): 0 -> 1
Cell (virus_2925879,host_1381355): 0 -> 1
Cell (virus_2925879,host_187003): 0 -> 1
Cell (virus_2925879,host_907075): 0 -> 1
Cell (virus_2925879,host_40228): 0 -> 1
Cell (virus_2925879,host_40230): 0 -> 1
Cell (virus_2925879,host_177160): 0 -> 1
Cell (virus_2925879,host_177162): 0 -> 1
Cell (virus_2925879,host_27638): 0 -> 1
Cell (virus_2925879,host_2994998): 0 -> 1
Cell (virus_2925879,host_89673): 0 -> 1
Cell (virus_2925879,host_9423): 0 -> 1
Cell (virus_2925879,host_148089): 0 -> 1
Cell (virus_2925879,host_3042450): 0 -> 1
Cell (virus_2925879,host_59472): 0 -> 1
Cell (virus_2925879,host_1434095): 0 -> 1
Cell (virus_2925879,host_221086): 0 -> 1
Cell (virus_2925879,host_291302): 0 -> 1
Cell (virus_2925879,host_187007): 0 -> 1
Cell (virus_2925879,host_9433): 0 -> 1
Cell (virus_2925879,host_187008): 0 -> 1
Cell (virus_2925879,host_438766): 0 -> 1
Cell (virus_2925879,host_258934): 0 -> 1
Cell (virus_2925879,host_479723): 0 -> 1
Cell (virus_2925879,host_124751): 0 -> 1
Cell (virus_2925879,host_3041509): 0 -> 1
Cell (virus_2925879,host_258867): 0 -> 1
Cell (virus_2925879,host_242384): 0 -> 1
Cell (virus_2925879,host_258863): 0 -> 1
Cell (virus_2925879,host_452595): 0 -> 1
Cell (virus_2925879,host_3370289): 0 -> 1
Cell (virus_2925879,host_999964): 0 -> 1
Cell (virus_2925879,host_153297): 0 -> 1
Cell (virus_2925879,host_249034): 0 -> 1
Cell (virus_2925879,host_258952): 0 -> 1
Cell (virus_2925879,host_258953): 0 -> 1
Cell (virus_2925879,host_249033): 0 -> 1
Cell (virus_2925879,host_258930): 0 -> 1
Cell (virus_2925879,host_272799): 0 -> 1
Cell (virus_2925879,host_258909): 0 -> 1
Cell (virus_2925879,host_909369): 0 -> 1
Cell (virus_2925879,host_29078): 0 -> 1
Cell (virus_2925879,host_3371014): 0 -> 1
Cell (virus_2925879,host_3371021): 0 -> 1
Cell (virus_2925879,host_360967): 0 -> 1
Cell (virus_2925879,host_258959): 0 -> 1
Cell (virus_2993505,host_105273): 0 -> 1
Cell (virus_2993505,host_105295): 0 -> 1
Cell (virus_2993505,host_187011): 0 -> 1
Cell (virus_2993505,host_375553): 0 -> 1
Cell (virus_2993505,host_51300): 0 -> 1
Cell (virus_2993505,host_246814): 0 -> 1
Cell (virus_2993505,host_59473): 0 -> 1
Cell (virus_2993505,host_155035): 0 -> 1
Cell (virus_2993505,host_633648): 0 -> 1
Cell (virus_2993505,host_258925): 0 -> 1
Cell (virus_2993505,host_177185): 0 -> 1
Cell (virus_2993505,host_685731): 0 -> 1
Cell (virus_2993505,host_157961): 0 -> 1
Cell (virus_2993505,host_166054): 0 -> 1
Cell (virus_2993505,host_328804): 0 -> 1
Cell (virus_2993505,host_9403): 0 -> 1
Cell (virus_2993505,host_1410044): 0 -> 1
Cell (virus_2993505,host_1898389): 0 -> 1
Cell (virus_2993505,host_77231): 0 -> 1
Cell (virus_2993505,host_2853157): 0 -> 1
Cell (virus_2993505,host_58067): 0 -> 1
Cell (virus_2993505,host_498220): 0 -> 1
Cell (virus_2993505,host_448084): 0 -> 1
Cell (virus_2993505,host_58071): 0 -> 1
Cell (virus_2993505,host_77243): 0 -> 1
Cell (virus_2993505,host_58083): 0 -> 1
Cell (virus_2993505,host_77223): 0 -> 1
Cell (virus_2993505,host_9407): 0 -> 1
Cell (virus_2993505,host_9408): 0 -> 1
Cell (virus_2993505,host_1898386): 0 -> 1
Cell (virus_2993505,host_58060): 0 -> 1
Cell (virus_2993505,host_9400): 0 -> 1
Cell (virus_2993505,host_298110): 0 -> 1
Cell (virus_2993505,host_374419): 0 -> 1
Cell (virus_2993505,host_326081): 0 -> 1
Cell (virus_2993505,host_326083): 0 -> 1
Cell (virus_2993505,host_1381355): 0 -> 1
Cell (virus_2993505,host_187003): 0 -> 1
Cell (virus_2993505,host_907075): 0 -> 1
Cell (virus_2993505,host_40228): 0 -> 1
Cell (virus_2993505,host_40230): 0 -> 1
Cell (virus_2993505,host_177160): 0 -> 1
Cell (virus_2993505,host_177162): 0 -> 1
Cell (virus_2993505,host_27638): 0 -> 1
Cell (virus_2993505,host_2994998): 0 -> 1
Cell (virus_2993505,host_89673): 0 -> 1
Cell (virus_2993505,host_9423): 0 -> 1
Cell (virus_2993505,host_148061): 0 -> 1
Cell (virus_2993505,host_148089): 0 -> 1
Cell (virus_2993505,host_3042450): 0 -> 1
Cell (virus_2993505,host_59472): 0 -> 1
Cell (virus_2993505,host_1434095): 0 -> 1
Cell (virus_2993505,host_221086): 0 -> 1
Cell (virus_2993505,host_291302): 0 -> 1
Cell (virus_2993505,host_187007): 0 -> 1
Cell (virus_2993505,host_187008): 0 -> 1
Cell (virus_2993505,host_438766): 0 -> 1
Cell (virus_2993505,host_258934): 0 -> 1
Cell (virus_2993505,host_479723): 0 -> 1
Cell (virus_2993505,host_3041509): 0 -> 1
Cell (virus_2993505,host_258867): 0 -> 1
Cell (virus_2993505,host_242384): 0 -> 1
Cell (virus_2993505,host_258863): 0 -> 1
Cell (virus_2993505,host_452595): 0 -> 1
Cell (virus_2993505,host_3370289): 0 -> 1
Cell (virus_2993505,host_999964): 0 -> 1
Cell (virus_2993505,host_153297): 0 -> 1
Cell (virus_2993505,host_258952): 0 -> 1
Cell (virus_2993505,host_258953): 0 -> 1
Cell (virus_2993505,host_249033): 0 -> 1
Cell (virus_2993505,host_258930): 0 -> 1
Cell (virus_2993505,host_272799): 0 -> 1
Cell (virus_2993505,host_258909): 0 -> 1
Cell (virus_2993505,host_909369): 0 -> 1
Cell (virus_2993505,host_29078): 0 -> 1
Cell (virus_2993505,host_3371014): 0 -> 1
Cell (virus_2993505,host_3371021): 0 -> 1
Cell (virus_2993505,host_360967): 0 -> 1
Cell (virus_2993505,host_258959): 0 -> 1
Cell (virus_3433731,host_105295): 0 -> 1
Cell (virus_3433731,host_187011): 0 -> 1
Cell (virus_3433731,host_375553): 0 -> 1
Cell (virus_3433731,host_246814): 0 -> 1
Cell (virus_3433731,host_294653): 0 -> 1
Cell (virus_3433731,host_59473): 0 -> 1
Cell (virus_3433731,host_258940): 0 -> 1
Cell (virus_3433731,host_155035): 0 -> 1
Cell (virus_3433731,host_633648): 0 -> 1
Cell (virus_3433731,host_258925): 0 -> 1
Cell (virus_3433731,host_177185): 0 -> 1
Cell (virus_3433731,host_685731): 0 -> 1
Cell (virus_3433731,host_1207989): 0 -> 1
Cell (virus_3433731,host_157961): 0 -> 1
Cell (virus_3433731,host_249024): 0 -> 1
Cell (virus_3433731,host_166054): 0 -> 1
Cell (virus_3433731,host_328804): 0 -> 1
Cell (virus_3433731,host_9403): 0 -> 1
Cell (virus_3433731,host_1898389): 0 -> 1
Cell (virus_3433731,host_77231): 0 -> 1
Cell (virus_3433731,host_2853157): 0 -> 1
Cell (virus_3433731,host_903567): 0 -> 1
Cell (virus_3433731,host_58067): 0 -> 1
Cell (virus_3433731,host_498220): 0 -> 1
Cell (virus_3433731,host_448084): 0 -> 1
Cell (virus_3433731,host_58071): 0 -> 1
Cell (virus_3433731,host_77243): 0 -> 1
Cell (virus_3433731,host_77223): 0 -> 1
Cell (virus_3433731,host_9407): 0 -> 1
Cell (virus_3433731,host_9408): 0 -> 1
Cell (virus_3433731,host_1898386): 0 -> 1
Cell (virus_3433731,host_58060): 0 -> 1
Cell (virus_3433731,host_9400): 0 -> 1
Cell (virus_3433731,host_298110): 0 -> 1
Cell (virus_3433731,host_374419): 0 -> 1
Cell (virus_3433731,host_326081): 0 -> 1
Cell (virus_3433731,host_326083): 0 -> 1
Cell (virus_3433731,host_1381355): 0 -> 1
Cell (virus_3433731,host_187003): 0 -> 1
Cell (virus_3433731,host_907075): 0 -> 1
Cell (virus_3433731,host_27634): 0 -> 1
Cell (virus_3433731,host_40228): 0 -> 1
Cell (virus_3433731,host_40230): 0 -> 1
Cell (virus_3433731,host_177160): 0 -> 1
Cell (virus_3433731,host_177162): 0 -> 1
Cell (virus_3433731,host_2994998): 0 -> 1
Cell (virus_3433731,host_89673): 0 -> 1
Cell (virus_3433731,host_148061): 0 -> 1
Cell (virus_3433731,host_148089): 0 -> 1
Cell (virus_3433731,host_9430): 0 -> 1
Cell (virus_3433731,host_94961): 0 -> 1
Cell (virus_3433731,host_3042450): 0 -> 1
Cell (virus_3433731,host_3371013): 0 -> 1
Cell (virus_3433731,host_221086): 0 -> 1
Cell (virus_3433731,host_291302): 0 -> 1
Cell (virus_3433731,host_221087): 0 -> 1
Cell (virus_3433731,host_187007): 0 -> 1
Cell (virus_3433731,host_187008): 0 -> 1
Cell (virus_3433731,host_438766): 0 -> 1
Cell (virus_3433731,host_258934): 0 -> 1
Cell (virus_3433731,host_479723): 0 -> 1
Cell (virus_3433731,host_3041509): 0 -> 1
Cell (virus_3433731,host_258867): 0 -> 1
Cell (virus_3433731,host_242384): 0 -> 1
Cell (virus_3433731,host_258863): 0 -> 1
Cell (virus_3433731,host_452595): 0 -> 1
Cell (virus_3433731,host_3370289): 0 -> 1
Cell (virus_3433731,host_999964): 0 -> 1
Cell (virus_3433731,host_153297): 0 -> 1
Cell (virus_3433731,host_258952): 0 -> 1
Cell (virus_3433731,host_258953): 0 -> 1
Cell (virus_3433731,host_249033): 0 -> 1
Cell (virus_3433731,host_258930): 0 -> 1
Cell (virus_3433731,host_272799): 0 -> 1
Cell (virus_3433731,host_258909): 0 -> 1
Cell (virus_3433731,host_909369): 0 -> 1
Cell (virus_3433731,host_29078): 0 -> 1
Cell (virus_3433731,host_3371014): 0 -> 1
Cell (virus_3433731,host_360967): 0 -> 1
Cell (virus_3433731,host_258959): 0 -> 1
Cell (virus_3433810,host_105295): 0 -> 1
Cell (virus_3433810,host_187011): 0 -> 1
Cell (virus_3433810,host_375553): 0 -> 1
Cell (virus_3433810,host_51300): 0 -> 1
Cell (virus_3433810,host_246814): 0 -> 1
Cell (virus_3433810,host_59473): 0 -> 1
Cell (virus_3433810,host_633648): 0 -> 1
Cell (virus_3433810,host_258925): 0 -> 1
Cell (virus_3433810,host_177185): 0 -> 1
Cell (virus_3433810,host_685731): 0 -> 1
Cell (virus_3433810,host_1207989): 0 -> 1
Cell (virus_3433810,host_157961): 0 -> 1
Cell (virus_3433810,host_166054): 0 -> 1
Cell (virus_3433810,host_328804): 0 -> 1
Cell (virus_3433810,host_9403): 0 -> 1
Cell (virus_3433810,host_1410044): 0 -> 1
Cell (virus_3433810,host_1898389): 0 -> 1
Cell (virus_3433810,host_77231): 0 -> 1
Cell (virus_3433810,host_2853157): 0 -> 1
Cell (virus_3433810,host_58067): 0 -> 1
Cell (virus_3433810,host_498220): 0 -> 1
Cell (virus_3433810,host_448084): 0 -> 1
Cell (virus_3433810,host_58071): 0 -> 1
Cell (virus_3433810,host_58073): 0 -> 1
Cell (virus_3433810,host_77223): 0 -> 1
Cell (virus_3433810,host_9407): 0 -> 1
Cell (virus_3433810,host_9408): 0 -> 1
Cell (virus_3433810,host_1898386): 0 -> 1
Cell (virus_3433810,host_58060): 0 -> 1
Cell (virus_3433810,host_9400): 0 -> 1
Cell (virus_3433810,host_298110): 0 -> 1
Cell (virus_3433810,host_374419): 0 -> 1
Cell (virus_3433810,host_326081): 0 -> 1
Cell (virus_3433810,host_326083): 0 -> 1
Cell (virus_3433810,host_1381355): 0 -> 1
Cell (virus_3433810,host_187003): 0 -> 1
Cell (virus_3433810,host_907075): 0 -> 1
Cell (virus_3433810,host_27634): 0 -> 1
Cell (virus_3433810,host_40228): 0 -> 1
Cell (virus_3433810,host_40230): 0 -> 1
Cell (virus_3433810,host_177160): 0 -> 1
Cell (virus_3433810,host_177162): 0 -> 1
Cell (virus_3433810,host_2994998): 0 -> 1
Cell (virus_3433810,host_89673): 0 -> 1
Cell (virus_3433810,host_148061): 0 -> 1
Cell (virus_3433810,host_148089): 0 -> 1
Cell (virus_3433810,host_9430): 0 -> 1
Cell (virus_3433810,host_1434095): 0 -> 1
Cell (virus_3433810,host_221086): 0 -> 1
Cell (virus_3433810,host_291302): 0 -> 1
Cell (virus_3433810,host_187007): 0 -> 1
Cell (virus_3433810,host_9433): 0 -> 1
Cell (virus_3433810,host_187008): 0 -> 1
Cell (virus_3433810,host_438766): 0 -> 1
Cell (virus_3433810,host_258934): 0 -> 1
Cell (virus_3433810,host_479723): 0 -> 1
Cell (virus_3433810,host_3041509): 0 -> 1
Cell (virus_3433810,host_258867): 0 -> 1
Cell (virus_3433810,host_242384): 0 -> 1
Cell (virus_3433810,host_258863): 0 -> 1
Cell (virus_3433810,host_452595): 0 -> 1
Cell (virus_3433810,host_3370289): 0 -> 1
Cell (virus_3433810,host_999964): 0 -> 1
Cell (virus_3433810,host_153297): 0 -> 1
Cell (virus_3433810,host_258952): 0 -> 1
Cell (virus_3433810,host_258953): 0 -> 1
Cell (virus_3433810,host_249033): 0 -> 1
Cell (virus_3433810,host_258930): 0 -> 1
Cell (virus_3433810,host_272799): 0 -> 1
Cell (virus_3433810,host_61862): 0 -> 1
Cell (virus_3433810,host_258909): 0 -> 1
Cell (virus_3433810,host_29078): 0 -> 1
Cell (virus_3433810,host_3371014): 0 -> 1
Cell (virus_3433810,host_3371016): 0 -> 1
Cell (virus_3433810,host_360967): 0 -> 1
Cell (virus_3433810,host_258959): 0 -> 1
Cell (virus_2913388,host_105273): 0 -> 1
Cell (virus_2913388,host_105295): 0 -> 1
Cell (virus_2913388,host_258946): 0 -> 1
Cell (virus_2913388,host_187011): 0 -> 1
Cell (virus_2913388,host_375553): 0 -> 1
Cell (virus_2913388,host_51300): 0 -> 1
Cell (virus_2913388,host_246814): 0 -> 1
Cell (virus_2913388,host_59473): 0 -> 1
Cell (virus_2913388,host_633648): 0 -> 1
Cell (virus_2913388,host_258925): 0 -> 1
Cell (virus_2913388,host_177185): 0 -> 1
Cell (virus_2913388,host_1207989): 0 -> 1
Cell (virus_2913388,host_188569): 0 -> 1
Cell (virus_2913388,host_157961): 0 -> 1
Cell (virus_2913388,host_2603865): 0 -> 1
Cell (virus_2913388,host_132908): 0 -> 1
Cell (virus_2913388,host_166054): 0 -> 1
Cell (virus_2913388,host_328804): 0 -> 1
Cell (virus_2913388,host_9402): 0 -> 1
Cell (virus_2913388,host_9403): 0 -> 1
Cell (virus_2913388,host_1410044): 0 -> 1
Cell (virus_2913388,host_1898389): 0 -> 1
Cell (virus_2913388,host_77231): 0 -> 1
Cell (virus_2913388,host_2853157): 0 -> 1
Cell (virus_2913388,host_58067): 0 -> 1
Cell (virus_2913388,host_498220): 0 -> 1
Cell (virus_2913388,host_448084): 0 -> 1
Cell (virus_2913388,host_58071): 0 -> 1
Cell (virus_2913388,host_77243): 0 -> 1
Cell (virus_2913388,host_58073): 0 -> 1
Cell (virus_2913388,host_58083): 0 -> 1
Cell (virus_2913388,host_77223): 0 -> 1
Cell (virus_2913388,host_9407): 0 -> 1
Cell (virus_2913388,host_9408): 0 -> 1
Cell (virus_2913388,host_58065): 0 -> 1
Cell (virus_2913388,host_1898386): 0 -> 1
Cell (virus_2913388,host_58060): 0 -> 1
Cell (virus_2913388,host_9400): 0 -> 1
Cell (virus_2913388,host_298110): 0 -> 1
Cell (virus_2913388,host_374419): 0 -> 1
Cell (virus_2913388,host_326081): 0 -> 1
Cell (virus_2913388,host_326083): 0 -> 1
Cell (virus_2913388,host_1381355): 0 -> 1
Cell (virus_2913388,host_187003): 0 -> 1
Cell (virus_2913388,host_907075): 0 -> 1
Cell (virus_2913388,host_40230): 0 -> 1
Cell (virus_2913388,host_9417): 0 -> 1
Cell (virus_2913388,host_177160): 0 -> 1
Cell (virus_2913388,host_177162): 0 -> 1
Cell (virus_2913388,host_27638): 0 -> 1
Cell (virus_2913388,host_2994998): 0 -> 1
Cell (virus_2913388,host_89673): 0 -> 1
Cell (virus_2913388,host_148061): 0 -> 1
Cell (virus_2913388,host_148089): 0 -> 1
Cell (virus_2913388,host_9430): 0 -> 1
Cell (virus_2913388,host_3042450): 0 -> 1
Cell (virus_2913388,host_59472): 0 -> 1
Cell (virus_2913388,host_1434095): 0 -> 1
Cell (virus_2913388,host_221086): 0 -> 1
Cell (virus_2913388,host_291302): 0 -> 1
Cell (virus_2913388,host_187007): 0 -> 1
Cell (virus_2913388,host_187008): 0 -> 1
Cell (virus_2913388,host_438766): 0 -> 1
Cell (virus_2913388,host_258934): 0 -> 1
Cell (virus_2913388,host_3041509): 0 -> 1
Cell (virus_2913388,host_258867): 0 -> 1
Cell (virus_2913388,host_242384): 0 -> 1
Cell (virus_2913388,host_258863): 0 -> 1
Cell (virus_2913388,host_452595): 0 -> 1
Cell (virus_2913388,host_3370289): 0 -> 1
Cell (virus_2913388,host_999964): 0 -> 1
Cell (virus_2913388,host_153297): 0 -> 1
Cell (virus_2913388,host_249034): 0 -> 1
Cell (virus_2913388,host_258952): 0 -> 1
Cell (virus_2913388,host_258953): 0 -> 1
Cell (virus_2913388,host_249033): 0 -> 1
Cell (virus_2913388,host_258930): 0 -> 1
Cell (virus_2913388,host_272799): 0 -> 1
Cell (virus_2913388,host_258909): 0 -> 1
Cell (virus_2913388,host_909369): 0 -> 1
Cell (virus_2913388,host_29078): 0 -> 1
Cell (virus_2913388,host_2969767): 0 -> 1
Cell (virus_2913388,host_3371014): 0 -> 1
Cell (virus_2913388,host_3371016): 0 -> 1
Cell (virus_2913388,host_360967): 0 -> 1
Cell (virus_2913388,host_258959): 0 -> 1
Cell (virus_3433756,host_105273): 0 -> 1
Cell (virus_3433756,host_105295): 0 -> 1
Cell (virus_3433756,host_258946): 0 -> 1
Cell (virus_3433756,host_187011): 0 -> 1
Cell (virus_3433756,host_375553): 0 -> 1
Cell (virus_3433756,host_51300): 0 -> 1
Cell (virus_3433756,host_246814): 0 -> 1
Cell (virus_3433756,host_59473): 0 -> 1
Cell (virus_3433756,host_2528591): 0 -> 1
Cell (virus_3433756,host_633648): 0 -> 1
Cell (virus_3433756,host_258925): 0 -> 1
Cell (virus_3433756,host_177185): 0 -> 1
Cell (virus_3433756,host_685731): 0 -> 1
Cell (virus_3433756,host_1207989): 0 -> 1
Cell (virus_3433756,host_188569): 0 -> 1
Cell (virus_3433756,host_157961): 0 -> 1
Cell (virus_3433756,host_2603865): 0 -> 1
Cell (virus_3433756,host_166054): 0 -> 1
Cell (virus_3433756,host_9402): 0 -> 1
Cell (virus_3433756,host_9403): 0 -> 1
Cell (virus_3433756,host_1410044): 0 -> 1
Cell (virus_3433756,host_1898389): 0 -> 1
Cell (virus_3433756,host_77231): 0 -> 1
Cell (virus_3433756,host_2853157): 0 -> 1
Cell (virus_3433756,host_58067): 0 -> 1
Cell (virus_3433756,host_498220): 0 -> 1
Cell (virus_3433756,host_448084): 0 -> 1
Cell (virus_3433756,host_58071): 0 -> 1
Cell (virus_3433756,host_77243): 0 -> 1
Cell (virus_3433756,host_58073): 0 -> 1
Cell (virus_3433756,host_58083): 0 -> 1
Cell (virus_3433756,host_77223): 0 -> 1
Cell (virus_3433756,host_9407): 0 -> 1
Cell (virus_3433756,host_9408): 0 -> 1
Cell (virus_3433756,host_58065): 0 -> 1
Cell (virus_3433756,host_1898386): 0 -> 1
Cell (virus_3433756,host_58060): 0 -> 1
Cell (virus_3433756,host_9400): 0 -> 1
Cell (virus_3433756,host_298110): 0 -> 1
Cell (virus_3433756,host_374419): 0 -> 1
Cell (virus_3433756,host_326081): 0 -> 1
Cell (virus_3433756,host_326083): 0 -> 1
Cell (virus_3433756,host_1381355): 0 -> 1
Cell (virus_3433756,host_187003): 0 -> 1
Cell (virus_3433756,host_907075): 0 -> 1
Cell (virus_3433756,host_40230): 0 -> 1
Cell (virus_3433756,host_177160): 0 -> 1
Cell (virus_3433756,host_177162): 0 -> 1
Cell (virus_3433756,host_89673): 0 -> 1
Cell (virus_3433756,host_148061): 0 -> 1
Cell (virus_3433756,host_148089): 0 -> 1
Cell (virus_3433756,host_9430): 0 -> 1
Cell (virus_3433756,host_94961): 0 -> 1
Cell (virus_3433756,host_3042450): 0 -> 1
Cell (virus_3433756,host_1434095): 0 -> 1
Cell (virus_3433756,host_221086): 0 -> 1
Cell (virus_3433756,host_291302): 0 -> 1
Cell (virus_3433756,host_187007): 0 -> 1
Cell (virus_3433756,host_187008): 0 -> 1
Cell (virus_3433756,host_438766): 0 -> 1
Cell (virus_3433756,host_258934): 0 -> 1
Cell (virus_3433756,host_258867): 0 -> 1
Cell (virus_3433756,host_258863): 0 -> 1
Cell (virus_3433756,host_452595): 0 -> 1
Cell (virus_3433756,host_3370289): 0 -> 1
Cell (virus_3433756,host_999964): 0 -> 1
Cell (virus_3433756,host_153297): 0 -> 1
Cell (virus_3433756,host_258952): 0 -> 1
Cell (virus_3433756,host_258953): 0 -> 1
Cell (virus_3433756,host_249033): 0 -> 1
Cell (virus_3433756,host_258930): 0 -> 1
Cell (virus_3433756,host_272799): 0 -> 1
Cell (virus_3433756,host_258909): 0 -> 1
Cell (virus_3433756,host_909369): 0 -> 1
Cell (virus_3433756,host_29078): 0 -> 1
Cell (virus_3433756,host_2969767): 0 -> 1
Cell (virus_3433756,host_3371014): 0 -> 1
Cell (virus_3433756,host_3371016): 0 -> 1
Cell (virus_3433756,host_360967): 0 -> 1
Cell (virus_3433756,host_258959): 0 -> 1
Metrics: {'precision': 0.48924092409240927, 'recall': 0.48514203429768293, 'f1': 0.4871828578940449, 'TP': 3706, 'FP': 3869, 'FN': 3933}
[Elbow detection] flip ≈ 5256, λ ≈ 0.7551020408163265
Number of flips performed (elbow): 5256
Cell (virus_11137,host_105273): 0 -> 1
Cell (virus_11137,host_105295): 0 -> 1
Cell (virus_11137,host_258946): 0 -> 1
Cell (virus_11137,host_187011): 0 -> 1
Cell (virus_11137,host_375553): 0 -> 1
Cell (virus_11137,host_51300): 0 -> 1
Cell (virus_11137,host_246814): 0 -> 1
Cell (virus_11137,host_59473): 0 -> 1
Cell (virus_11137,host_2528591): 0 -> 1
Cell (virus_11137,host_633648): 0 -> 1
Cell (virus_11137,host_258925): 0 -> 1
Cell (virus_11137,host_177185): 0 -> 1
Cell (virus_11137,host_685731): 0 -> 1
Cell (virus_11137,host_157961): 0 -> 1
Cell (virus_11137,host_166054): 0 -> 1
Cell (virus_11137,host_9402): 0 -> 1
Cell (virus_11137,host_9403): 0 -> 1
Cell (virus_11137,host_1410044): 0 -> 1
Cell (virus_11137,host_1898389): 0 -> 1
Cell (virus_11137,host_77231): 0 -> 1
Cell (virus_11137,host_2853157): 0 -> 1
Cell (virus_11137,host_58067): 0 -> 1
Cell (virus_11137,host_498220): 0 -> 1
Cell (virus_11137,host_448084): 0 -> 1
Cell (virus_11137,host_58071): 0 -> 1
Cell (virus_11137,host_77243): 0 -> 1
Cell (virus_11137,host_58073): 0 -> 1
Cell (virus_11137,host_58083): 0 -> 1
Cell (virus_11137,host_77223): 0 -> 1
Cell (virus_11137,host_9407): 0 -> 1
Cell (virus_11137,host_9408): 0 -> 1
Cell (virus_11137,host_58065): 0 -> 1
Cell (virus_11137,host_326083): 0 -> 1
Cell (virus_11137,host_40230): 0 -> 1
Cell (virus_11137,host_89673): 0 -> 1
Cell (virus_11137,host_94961): 0 -> 1
Cell (virus_11137,host_3042450): 0 -> 1
Cell (virus_11137,host_1434095): 0 -> 1
Cell (virus_11137,host_221086): 0 -> 1
Cell (virus_11137,host_291302): 0 -> 1
Cell (virus_11137,host_187007): 0 -> 1
Cell (virus_11137,host_187008): 0 -> 1
Cell (virus_11137,host_438766): 0 -> 1
Cell (virus_11137,host_258934): 0 -> 1
Cell (virus_11137,host_258867): 0 -> 1
Cell (virus_11137,host_153297): 0 -> 1
Cell (virus_11137,host_258952): 0 -> 1
Cell (virus_11137,host_258953): 0 -> 1
Cell (virus_11137,host_249033): 0 -> 1
Cell (virus_11137,host_258930): 0 -> 1
Cell (virus_11137,host_272799): 0 -> 1
Cell (virus_11137,host_258909): 0 -> 1
Cell (virus_11137,host_909369): 0 -> 1
Cell (virus_11137,host_29078): 0 -> 1
Cell (virus_11137,host_2969767): 0 -> 1
Cell (virus_11137,host_3371014): 0 -> 1
Cell (virus_11137,host_3371016): 0 -> 1
Cell (virus_11137,host_360967): 0 -> 1
Cell (virus_11137,host_258959): 0 -> 1
Cell (virus_1244203,host_105273): 0 -> 1
Cell (virus_1244203,host_105295): 0 -> 1
Cell (virus_1244203,host_187011): 0 -> 1
Cell (virus_1244203,host_51300): 0 -> 1
Cell (virus_1244203,host_246814): 0 -> 1
Cell (virus_1244203,host_59473): 0 -> 1
Cell (virus_1244203,host_59461): 0 -> 1
Cell (virus_1244203,host_633648): 0 -> 1
Cell (virus_1244203,host_258925): 0 -> 1
Cell (virus_1244203,host_177185): 0 -> 1
Cell (virus_1244203,host_685731): 0 -> 1
Cell (virus_1244203,host_1207989): 0 -> 1
Cell (virus_1244203,host_59453): 0 -> 1
Cell (virus_1244203,host_157961): 0 -> 1
Cell (virus_1244203,host_166054): 0 -> 1
Cell (virus_1244203,host_328804): 0 -> 1
Cell (virus_1244203,host_9403): 0 -> 1
Cell (virus_1244203,host_1410044): 0 -> 1
Cell (virus_1244203,host_1898389): 0 -> 1
Cell (virus_1244203,host_77231): 0 -> 1
Cell (virus_1244203,host_2853157): 0 -> 1
Cell (virus_1244203,host_372077): 0 -> 1
Cell (virus_1244203,host_58067): 0 -> 1
Cell (virus_1244203,host_498220): 0 -> 1
Cell (virus_1244203,host_58071): 0 -> 1
Cell (virus_1244203,host_77243): 0 -> 1
Cell (virus_1244203,host_58073): 0 -> 1
Cell (virus_1244203,host_77223): 0 -> 1
Cell (virus_1244203,host_9407): 0 -> 1
Cell (virus_1244203,host_9408): 0 -> 1
Cell (virus_1244203,host_58065): 0 -> 1
Cell (virus_1244203,host_77214): 0 -> 1
Cell (virus_1244203,host_326083): 0 -> 1
Cell (virus_1244203,host_40228): 0 -> 1
Cell (virus_1244203,host_40230): 0 -> 1
Cell (virus_1244203,host_89673): 0 -> 1
Cell (virus_1244203,host_3042450): 0 -> 1
Cell (virus_1244203,host_1434095): 0 -> 1
Cell (virus_1244203,host_221086): 0 -> 1
Cell (virus_1244203,host_291302): 0 -> 1
Cell (virus_1244203,host_187007): 0 -> 1
Cell (virus_1244203,host_187008): 0 -> 1
Cell (virus_1244203,host_438766): 0 -> 1
Cell (virus_1244203,host_258934): 0 -> 1
Cell (virus_1244203,host_479723): 0 -> 1
Cell (virus_1244203,host_3041509): 0 -> 1
Cell (virus_1244203,host_258867): 0 -> 1
Cell (virus_1244203,host_153297): 0 -> 1
Cell (virus_1244203,host_258952): 0 -> 1
Cell (virus_1244203,host_258953): 0 -> 1
Cell (virus_1244203,host_249033): 0 -> 1
Cell (virus_1244203,host_258930): 0 -> 1
Cell (virus_1244203,host_272799): 0 -> 1
Cell (virus_1244203,host_258909): 0 -> 1
Cell (virus_1244203,host_909369): 0 -> 1
Cell (virus_1244203,host_29078): 0 -> 1
Cell (virus_1244203,host_3371014): 0 -> 1
Cell (virus_1244203,host_258959): 0 -> 1
Cell (virus_1244203,host_59485): 0 -> 1
Cell (virus_3433754,host_105273): 0 -> 1
Cell (virus_3433754,host_105295): 0 -> 1
Cell (virus_3433754,host_187011): 0 -> 1
Cell (virus_3433754,host_51300): 0 -> 1
Cell (virus_3433754,host_246814): 0 -> 1
Cell (virus_3433754,host_59473): 0 -> 1
Cell (virus_3433754,host_59461): 0 -> 1
Cell (virus_3433754,host_633648): 0 -> 1
Cell (virus_3433754,host_258925): 0 -> 1
Cell (virus_3433754,host_177185): 0 -> 1
Cell (virus_3433754,host_685731): 0 -> 1
Cell (virus_3433754,host_1207989): 0 -> 1
Cell (virus_3433754,host_59453): 0 -> 1
Cell (virus_3433754,host_157961): 0 -> 1
Cell (virus_3433754,host_166054): 0 -> 1
Cell (virus_3433754,host_328804): 0 -> 1
Cell (virus_3433754,host_9403): 0 -> 1
Cell (virus_3433754,host_1410044): 0 -> 1
Cell (virus_3433754,host_1898389): 0 -> 1
Cell (virus_3433754,host_77231): 0 -> 1
Cell (virus_3433754,host_2853157): 0 -> 1
Cell (virus_3433754,host_372077): 0 -> 1
Cell (virus_3433754,host_58067): 0 -> 1
Cell (virus_3433754,host_498220): 0 -> 1
Cell (virus_3433754,host_58071): 0 -> 1
Cell (virus_3433754,host_77243): 0 -> 1
Cell (virus_3433754,host_58073): 0 -> 1
Cell (virus_3433754,host_77223): 0 -> 1
Cell (virus_3433754,host_9407): 0 -> 1
Cell (virus_3433754,host_9408): 0 -> 1
Cell (virus_3433754,host_58065): 0 -> 1
Cell (virus_3433754,host_77214): 0 -> 1
Cell (virus_3433754,host_326083): 0 -> 1
Cell (virus_3433754,host_40228): 0 -> 1
Cell (virus_3433754,host_40230): 0 -> 1
Cell (virus_3433754,host_89673): 0 -> 1
Cell (virus_3433754,host_3042450): 0 -> 1
Cell (virus_3433754,host_1434095): 0 -> 1
Cell (virus_3433754,host_221086): 0 -> 1
Cell (virus_3433754,host_291302): 0 -> 1
Cell (virus_3433754,host_187007): 0 -> 1
Cell (virus_3433754,host_187008): 0 -> 1
Cell (virus_3433754,host_438766): 0 -> 1
Cell (virus_3433754,host_258934): 0 -> 1
Cell (virus_3433754,host_479723): 0 -> 1
Cell (virus_3433754,host_3041509): 0 -> 1
Cell (virus_3433754,host_258867): 0 -> 1
Cell (virus_3433754,host_153297): 0 -> 1
Cell (virus_3433754,host_258952): 0 -> 1
Cell (virus_3433754,host_258953): 0 -> 1
Cell (virus_3433754,host_249033): 0 -> 1
Cell (virus_3433754,host_258930): 0 -> 1
Cell (virus_3433754,host_272799): 0 -> 1
Cell (virus_3433754,host_258909): 0 -> 1
Cell (virus_3433754,host_909369): 0 -> 1
Cell (virus_3433754,host_29078): 0 -> 1
Cell (virus_3433754,host_3371014): 0 -> 1
Cell (virus_3433754,host_258959): 0 -> 1
Cell (virus_3433754,host_59485): 0 -> 1
Cell (virus_3433753,host_105273): 0 -> 1
Cell (virus_3433753,host_105295): 0 -> 1
Cell (virus_3433753,host_187011): 0 -> 1
Cell (virus_3433753,host_51300): 0 -> 1
Cell (virus_3433753,host_246814): 0 -> 1
Cell (virus_3433753,host_59473): 0 -> 1
Cell (virus_3433753,host_59461): 0 -> 1
Cell (virus_3433753,host_633648): 0 -> 1
Cell (virus_3433753,host_258925): 0 -> 1
Cell (virus_3433753,host_177185): 0 -> 1
Cell (virus_3433753,host_685731): 0 -> 1
Cell (virus_3433753,host_1207989): 0 -> 1
Cell (virus_3433753,host_157961): 0 -> 1
Cell (virus_3433753,host_166054): 0 -> 1
Cell (virus_3433753,host_328804): 0 -> 1
Cell (virus_3433753,host_9403): 0 -> 1
Cell (virus_3433753,host_1410044): 0 -> 1
Cell (virus_3433753,host_1898389): 0 -> 1
Cell (virus_3433753,host_77231): 0 -> 1
Cell (virus_3433753,host_2853157): 0 -> 1
Cell (virus_3433753,host_372077): 0 -> 1
Cell (virus_3433753,host_58067): 0 -> 1
Cell (virus_3433753,host_498220): 0 -> 1
Cell (virus_3433753,host_448084): 0 -> 1
Cell (virus_3433753,host_58071): 0 -> 1
Cell (virus_3433753,host_77243): 0 -> 1
Cell (virus_3433753,host_58073): 0 -> 1
Cell (virus_3433753,host_77223): 0 -> 1
Cell (virus_3433753,host_9407): 0 -> 1
Cell (virus_3433753,host_9408): 0 -> 1
Cell (virus_3433753,host_58065): 0 -> 1
Cell (virus_3433753,host_326083): 0 -> 1
Cell (virus_3433753,host_40228): 0 -> 1
Cell (virus_3433753,host_40230): 0 -> 1
Cell (virus_3433753,host_89673): 0 -> 1
Cell (virus_3433753,host_3042450): 0 -> 1
Cell (virus_3433753,host_1434095): 0 -> 1
Cell (virus_3433753,host_221086): 0 -> 1
Cell (virus_3433753,host_291302): 0 -> 1
Cell (virus_3433753,host_187007): 0 -> 1
Cell (virus_3433753,host_187008): 0 -> 1
Cell (virus_3433753,host_438766): 0 -> 1
Cell (virus_3433753,host_258934): 0 -> 1
Cell (virus_3433753,host_479723): 0 -> 1
Cell (virus_3433753,host_3041509): 0 -> 1
Cell (virus_3433753,host_258867): 0 -> 1
Cell (virus_3433753,host_153297): 0 -> 1
Cell (virus_3433753,host_258952): 0 -> 1
Cell (virus_3433753,host_258953): 0 -> 1
Cell (virus_3433753,host_249033): 0 -> 1
Cell (virus_3433753,host_258930): 0 -> 1
Cell (virus_3433753,host_272799): 0 -> 1
Cell (virus_3433753,host_258909): 0 -> 1
Cell (virus_3433753,host_909369): 0 -> 1
Cell (virus_3433753,host_29078): 0 -> 1
Cell (virus_3433753,host_3371014): 0 -> 1
Cell (virus_3433753,host_360967): 0 -> 1
Cell (virus_3433753,host_258959): 0 -> 1
Cell (virus_3433753,host_59485): 0 -> 1
Cell (virus_3119326,host_105273): 0 -> 1
Cell (virus_3119326,host_105295): 0 -> 1
Cell (virus_3119326,host_187011): 0 -> 1
Cell (virus_3119326,host_51300): 0 -> 1
Cell (virus_3119326,host_246814): 0 -> 1
Cell (virus_3119326,host_59473): 0 -> 1
Cell (virus_3119326,host_633648): 0 -> 1
Cell (virus_3119326,host_258925): 0 -> 1
Cell (virus_3119326,host_177185): 0 -> 1
Cell (virus_3119326,host_685731): 0 -> 1
Cell (virus_3119326,host_1207989): 0 -> 1
Cell (virus_3119326,host_157961): 0 -> 1
Cell (virus_3119326,host_132908): 0 -> 1
Cell (virus_3119326,host_166054): 0 -> 1
Cell (virus_3119326,host_328804): 0 -> 1
Cell (virus_3119326,host_9403): 0 -> 1
Cell (virus_3119326,host_1410044): 0 -> 1
Cell (virus_3119326,host_1898389): 0 -> 1
Cell (virus_3119326,host_77231): 0 -> 1
Cell (virus_3119326,host_2853157): 0 -> 1
Cell (virus_3119326,host_372077): 0 -> 1
Cell (virus_3119326,host_58067): 0 -> 1
Cell (virus_3119326,host_498220): 0 -> 1
Cell (virus_3119326,host_448084): 0 -> 1
Cell (virus_3119326,host_58071): 0 -> 1
Cell (virus_3119326,host_77243): 0 -> 1
Cell (virus_3119326,host_58073): 0 -> 1
Cell (virus_3119326,host_58083): 0 -> 1
Cell (virus_3119326,host_77223): 0 -> 1
Cell (virus_3119326,host_9407): 0 -> 1
Cell (virus_3119326,host_9408): 0 -> 1
Cell (virus_3119326,host_58065): 0 -> 1
Cell (virus_3119326,host_326083): 0 -> 1
Cell (virus_3119326,host_40228): 0 -> 1
Cell (virus_3119326,host_40230): 0 -> 1
Cell (virus_3119326,host_9417): 0 -> 1
Cell (virus_3119326,host_89673): 0 -> 1
Cell (virus_3119326,host_3042450): 0 -> 1
Cell (virus_3119326,host_9414): 0 -> 1
Cell (virus_3119326,host_1434095): 0 -> 1
Cell (virus_3119326,host_221086): 0 -> 1
Cell (virus_3119326,host_291302): 0 -> 1
Cell (virus_3119326,host_187007): 0 -> 1
Cell (virus_3119326,host_187008): 0 -> 1
Cell (virus_3119326,host_438766): 0 -> 1
Cell (virus_3119326,host_258934): 0 -> 1
Cell (virus_3119326,host_479723): 0 -> 1
Cell (virus_3119326,host_2218597): 0 -> 1
Cell (virus_3119326,host_258867): 0 -> 1
Cell (virus_3119326,host_153297): 0 -> 1
Cell (virus_3119326,host_258952): 0 -> 1
Cell (virus_3119326,host_258953): 0 -> 1
Cell (virus_3119326,host_249033): 0 -> 1
Cell (virus_3119326,host_258930): 0 -> 1
Cell (virus_3119326,host_272799): 0 -> 1
Cell (virus_3119326,host_258909): 0 -> 1
Cell (virus_3119326,host_29078): 0 -> 1
Cell (virus_3119326,host_3371014): 0 -> 1
Cell (virus_3119326,host_3371016): 0 -> 1
Cell (virus_3119326,host_360967): 0 -> 1
Cell (virus_3119326,host_258959): 0 -> 1
Cell (virus_3433752,host_105273): 0 -> 1
Cell (virus_3433752,host_105295): 0 -> 1
Cell (virus_3433752,host_187011): 0 -> 1
Cell (virus_3433752,host_51300): 0 -> 1
Cell (virus_3433752,host_59473): 0 -> 1
Cell (virus_3433752,host_633648): 0 -> 1
Cell (virus_3433752,host_258925): 0 -> 1
Cell (virus_3433752,host_177185): 0 -> 1
Cell (virus_3433752,host_685731): 0 -> 1
Cell (virus_3433752,host_1207989): 0 -> 1
Cell (virus_3433752,host_59453): 0 -> 1
Cell (virus_3433752,host_157961): 0 -> 1
Cell (virus_3433752,host_132908): 0 -> 1
Cell (virus_3433752,host_166054): 0 -> 1
Cell (virus_3433752,host_328804): 0 -> 1
Cell (virus_3433752,host_9403): 0 -> 1
Cell (virus_3433752,host_1410044): 0 -> 1
Cell (virus_3433752,host_1898389): 0 -> 1
Cell (virus_3433752,host_77231): 0 -> 1
Cell (virus_3433752,host_2853157): 0 -> 1
Cell (virus_3433752,host_372077): 0 -> 1
Cell (virus_3433752,host_58067): 0 -> 1
Cell (virus_3433752,host_498220): 0 -> 1
Cell (virus_3433752,host_58071): 0 -> 1
Cell (virus_3433752,host_77243): 0 -> 1
Cell (virus_3433752,host_58073): 0 -> 1
Cell (virus_3433752,host_58083): 0 -> 1
Cell (virus_3433752,host_9407): 0 -> 1
Cell (virus_3433752,host_9408): 0 -> 1
Cell (virus_3433752,host_58065): 0 -> 1
Cell (virus_3433752,host_326083): 0 -> 1
Cell (virus_3433752,host_40230): 0 -> 1
Cell (virus_3433752,host_89673): 0 -> 1
Cell (virus_3433752,host_94961): 0 -> 1
Cell (virus_3433752,host_3042450): 0 -> 1
Cell (virus_3433752,host_1434095): 0 -> 1
Cell (virus_3433752,host_221086): 0 -> 1
Cell (virus_3433752,host_291302): 0 -> 1
Cell (virus_3433752,host_187007): 0 -> 1
Cell (virus_3433752,host_187008): 0 -> 1
Cell (virus_3433752,host_438766): 0 -> 1
Cell (virus_3433752,host_258934): 0 -> 1
Cell (virus_3433752,host_479723): 0 -> 1
Cell (virus_3433752,host_3041509): 0 -> 1
Cell (virus_3433752,host_2218597): 0 -> 1
Cell (virus_3433752,host_258867): 0 -> 1
Cell (virus_3433752,host_153297): 0 -> 1
Cell (virus_3433752,host_258952): 0 -> 1
Cell (virus_3433752,host_258953): 0 -> 1
Cell (virus_3433752,host_249033): 0 -> 1
Cell (virus_3433752,host_258930): 0 -> 1
Cell (virus_3433752,host_272799): 0 -> 1
Cell (virus_3433752,host_258909): 0 -> 1
Cell (virus_3433752,host_909369): 0 -> 1
Cell (virus_3433752,host_29078): 0 -> 1
Cell (virus_3433752,host_2969767): 0 -> 1
Cell (virus_3433752,host_3371014): 0 -> 1
Cell (virus_3433752,host_3371016): 0 -> 1
Cell (virus_3433752,host_360967): 0 -> 1
Cell (virus_3433752,host_258959): 0 -> 1
Cell (virus_1906673,host_105273): 0 -> 1
Cell (virus_1906673,host_105295): 0 -> 1
Cell (virus_1906673,host_187011): 0 -> 1
Cell (virus_1906673,host_51300): 0 -> 1
Cell (virus_1906673,host_246814): 0 -> 1
Cell (virus_1906673,host_59473): 0 -> 1
Cell (virus_1906673,host_633648): 0 -> 1
Cell (virus_1906673,host_258925): 0 -> 1
Cell (virus_1906673,host_177185): 0 -> 1
Cell (virus_1906673,host_685731): 0 -> 1
Cell (virus_1906673,host_157961): 0 -> 1
Cell (virus_1906673,host_166054): 0 -> 1
Cell (virus_1906673,host_328804): 0 -> 1
Cell (virus_1906673,host_9403): 0 -> 1
Cell (virus_1906673,host_1410044): 0 -> 1
Cell (virus_1906673,host_77231): 0 -> 1
Cell (virus_1906673,host_2853157): 0 -> 1
Cell (virus_1906673,host_372077): 0 -> 1
Cell (virus_1906673,host_58067): 0 -> 1
Cell (virus_1906673,host_448084): 0 -> 1
Cell (virus_1906673,host_58071): 0 -> 1
Cell (virus_1906673,host_77243): 0 -> 1
Cell (virus_1906673,host_58073): 0 -> 1
Cell (virus_1906673,host_77223): 0 -> 1
Cell (virus_1906673,host_9408): 0 -> 1
Cell (virus_1906673,host_58065): 0 -> 1
Cell (virus_1906673,host_326083): 0 -> 1
Cell (virus_1906673,host_40228): 0 -> 1
Cell (virus_1906673,host_40230): 0 -> 1
Cell (virus_1906673,host_89673): 0 -> 1
Cell (virus_1906673,host_3042450): 0 -> 1
Cell (virus_1906673,host_1434095): 0 -> 1
Cell (virus_1906673,host_221086): 0 -> 1
Cell (virus_1906673,host_291302): 0 -> 1
Cell (virus_1906673,host_187007): 0 -> 1
Cell (virus_1906673,host_187008): 0 -> 1
Cell (virus_1906673,host_438766): 0 -> 1
Cell (virus_1906673,host_479723): 0 -> 1
Cell (virus_1906673,host_3041509): 0 -> 1
Cell (virus_1906673,host_258867): 0 -> 1
Cell (virus_1906673,host_9438): 0 -> 1
Cell (virus_1906673,host_153297): 0 -> 1
Cell (virus_1906673,host_258952): 0 -> 1
Cell (virus_1906673,host_258953): 0 -> 1
Cell (virus_1906673,host_249033): 0 -> 1
Cell (virus_1906673,host_258930): 0 -> 1
Cell (virus_1906673,host_272799): 0 -> 1
Cell (virus_1906673,host_258909): 0 -> 1
Cell (virus_1906673,host_909369): 0 -> 1
Cell (virus_1906673,host_29078): 0 -> 1
Cell (virus_1906673,host_3371014): 0 -> 1
Cell (virus_1906673,host_3371016): 0 -> 1
Cell (virus_1906673,host_360967): 0 -> 1
Cell (virus_1906673,host_258959): 0 -> 1
Cell (virus_1906673,host_526822): 0 -> 1
Cell (virus_3433785,host_105273): 0 -> 1
Cell (virus_3433785,host_105295): 0 -> 1
Cell (virus_3433785,host_187011): 0 -> 1
Cell (virus_3433785,host_51300): 0 -> 1
Cell (virus_3433785,host_246814): 0 -> 1
Cell (virus_3433785,host_59473): 0 -> 1
Cell (virus_3433785,host_633648): 0 -> 1
Cell (virus_3433785,host_258925): 0 -> 1
Cell (virus_3433785,host_177185): 0 -> 1
Cell (virus_3433785,host_685731): 0 -> 1
Cell (virus_3433785,host_157961): 0 -> 1
Cell (virus_3433785,host_166054): 0 -> 1
Cell (virus_3433785,host_328804): 0 -> 1
Cell (virus_3433785,host_9403): 0 -> 1
Cell (virus_3433785,host_1410044): 0 -> 1
Cell (virus_3433785,host_77231): 0 -> 1
Cell (virus_3433785,host_2853157): 0 -> 1
Cell (virus_3433785,host_372077): 0 -> 1
Cell (virus_3433785,host_58067): 0 -> 1
Cell (virus_3433785,host_448084): 0 -> 1
Cell (virus_3433785,host_58071): 0 -> 1
Cell (virus_3433785,host_77243): 0 -> 1
Cell (virus_3433785,host_58073): 0 -> 1
Cell (virus_3433785,host_77223): 0 -> 1
Cell (virus_3433785,host_9408): 0 -> 1
Cell (virus_3433785,host_58065): 0 -> 1
Cell (virus_3433785,host_326083): 0 -> 1
Cell (virus_3433785,host_40228): 0 -> 1
Cell (virus_3433785,host_40230): 0 -> 1
Cell (virus_3433785,host_89673): 0 -> 1
Cell (virus_3433785,host_3042450): 0 -> 1
Cell (virus_3433785,host_1434095): 0 -> 1
Cell (virus_3433785,host_221086): 0 -> 1
Cell (virus_3433785,host_291302): 0 -> 1
Cell (virus_3433785,host_187007): 0 -> 1
Cell (virus_3433785,host_187008): 0 -> 1
Cell (virus_3433785,host_438766): 0 -> 1
Cell (virus_3433785,host_479723): 0 -> 1
Cell (virus_3433785,host_3041509): 0 -> 1
Cell (virus_3433785,host_258867): 0 -> 1
Cell (virus_3433785,host_9438): 0 -> 1
Cell (virus_3433785,host_153297): 0 -> 1
Cell (virus_3433785,host_258952): 0 -> 1
Cell (virus_3433785,host_258953): 0 -> 1
Cell (virus_3433785,host_249033): 0 -> 1
Cell (virus_3433785,host_258930): 0 -> 1
Cell (virus_3433785,host_272799): 0 -> 1
Cell (virus_3433785,host_258909): 0 -> 1
Cell (virus_3433785,host_909369): 0 -> 1
Cell (virus_3433785,host_29078): 0 -> 1
Cell (virus_3433785,host_3371014): 0 -> 1
Cell (virus_3433785,host_3371016): 0 -> 1
Cell (virus_3433785,host_360967): 0 -> 1
Cell (virus_3433785,host_258959): 0 -> 1
Cell (virus_3433785,host_526822): 0 -> 1
Cell (virus_2971263,host_105273): 0 -> 1
Cell (virus_2971263,host_105295): 0 -> 1
Cell (virus_2971263,host_187011): 0 -> 1
Cell (virus_2971263,host_51300): 0 -> 1
Cell (virus_2971263,host_246814): 0 -> 1
Cell (virus_2971263,host_59473): 0 -> 1
Cell (virus_2971263,host_633648): 0 -> 1
Cell (virus_2971263,host_258925): 0 -> 1
Cell (virus_2971263,host_177185): 0 -> 1
Cell (virus_2971263,host_685731): 0 -> 1
Cell (virus_2971263,host_157961): 0 -> 1
Cell (virus_2971263,host_124756): 0 -> 1
Cell (virus_2971263,host_166054): 0 -> 1
Cell (virus_2971263,host_328804): 0 -> 1
Cell (virus_2971263,host_9403): 0 -> 1
Cell (virus_2971263,host_1410044): 0 -> 1
Cell (virus_2971263,host_77231): 0 -> 1
Cell (virus_2971263,host_58067): 0 -> 1
Cell (virus_2971263,host_498220): 0 -> 1
Cell (virus_2971263,host_448084): 0 -> 1
Cell (virus_2971263,host_58071): 0 -> 1
Cell (virus_2971263,host_77243): 0 -> 1
Cell (virus_2971263,host_58073): 0 -> 1
Cell (virus_2971263,host_77223): 0 -> 1
Cell (virus_2971263,host_9408): 0 -> 1
Cell (virus_2971263,host_58065): 0 -> 1
Cell (virus_2971263,host_40228): 0 -> 1
Cell (virus_2971263,host_40230): 0 -> 1
Cell (virus_2971263,host_409031): 0 -> 1
Cell (virus_2971263,host_89673): 0 -> 1
Cell (virus_2971263,host_3042450): 0 -> 1
Cell (virus_2971263,host_1434095): 0 -> 1
Cell (virus_2971263,host_221086): 0 -> 1
Cell (virus_2971263,host_291302): 0 -> 1
Cell (virus_2971263,host_187007): 0 -> 1
Cell (virus_2971263,host_187008): 0 -> 1
Cell (virus_2971263,host_438766): 0 -> 1
Cell (virus_2971263,host_258934): 0 -> 1
Cell (virus_2971263,host_479723): 0 -> 1
Cell (virus_2971263,host_3041509): 0 -> 1
Cell (virus_2971263,host_258867): 0 -> 1
Cell (virus_2971263,host_153297): 0 -> 1
Cell (virus_2971263,host_258952): 0 -> 1
Cell (virus_2971263,host_258953): 0 -> 1
Cell (virus_2971263,host_258930): 0 -> 1
Cell (virus_2971263,host_272799): 0 -> 1
Cell (virus_2971263,host_258909): 0 -> 1
Cell (virus_2971263,host_909369): 0 -> 1
Cell (virus_2971263,host_29078): 0 -> 1
Cell (virus_2971263,host_3371014): 0 -> 1
Cell (virus_2971263,host_3371016): 0 -> 1
Cell (virus_2971263,host_360967): 0 -> 1
Cell (virus_2971263,host_258959): 0 -> 1
Cell (virus_3433786,host_105273): 0 -> 1
Cell (virus_3433786,host_105295): 0 -> 1
Cell (virus_3433786,host_187011): 0 -> 1
Cell (virus_3433786,host_51300): 0 -> 1
Cell (virus_3433786,host_246814): 0 -> 1
Cell (virus_3433786,host_59473): 0 -> 1
Cell (virus_3433786,host_633648): 0 -> 1
Cell (virus_3433786,host_258925): 0 -> 1
Cell (virus_3433786,host_177185): 0 -> 1
Cell (virus_3433786,host_685731): 0 -> 1
Cell (virus_3433786,host_157961): 0 -> 1
Cell (virus_3433786,host_124756): 0 -> 1
Cell (virus_3433786,host_166054): 0 -> 1
Cell (virus_3433786,host_328804): 0 -> 1
Cell (virus_3433786,host_9403): 0 -> 1
Cell (virus_3433786,host_1410044): 0 -> 1
Cell (virus_3433786,host_77231): 0 -> 1
Cell (virus_3433786,host_58067): 0 -> 1
Cell (virus_3433786,host_498220): 0 -> 1
Cell (virus_3433786,host_448084): 0 -> 1
Cell (virus_3433786,host_58071): 0 -> 1
Cell (virus_3433786,host_77243): 0 -> 1
Cell (virus_3433786,host_58073): 0 -> 1
Cell (virus_3433786,host_77223): 0 -> 1
Cell (virus_3433786,host_9408): 0 -> 1
Cell (virus_3433786,host_58065): 0 -> 1
Cell (virus_3433786,host_40228): 0 -> 1
Cell (virus_3433786,host_40230): 0 -> 1
Cell (virus_3433786,host_409031): 0 -> 1
Cell (virus_3433786,host_89673): 0 -> 1
Cell (virus_3433786,host_3042450): 0 -> 1
Cell (virus_3433786,host_1434095): 0 -> 1
Cell (virus_3433786,host_221086): 0 -> 1
Cell (virus_3433786,host_291302): 0 -> 1
Cell (virus_3433786,host_187007): 0 -> 1
Cell (virus_3433786,host_187008): 0 -> 1
Cell (virus_3433786,host_438766): 0 -> 1
Cell (virus_3433786,host_258934): 0 -> 1
Cell (virus_3433786,host_479723): 0 -> 1
Cell (virus_3433786,host_3041509): 0 -> 1
Cell (virus_3433786,host_258867): 0 -> 1
Cell (virus_3433786,host_153297): 0 -> 1
Cell (virus_3433786,host_258952): 0 -> 1
Cell (virus_3433786,host_258953): 0 -> 1
Cell (virus_3433786,host_258930): 0 -> 1
Cell (virus_3433786,host_272799): 0 -> 1
Cell (virus_3433786,host_258909): 0 -> 1
Cell (virus_3433786,host_909369): 0 -> 1
Cell (virus_3433786,host_29078): 0 -> 1
Cell (virus_3433786,host_3371014): 0 -> 1
Cell (virus_3433786,host_3371016): 0 -> 1
Cell (virus_3433786,host_360967): 0 -> 1
Cell (virus_3433786,host_258959): 0 -> 1
Cell (virus_2989482,host_105273): 0 -> 1
Cell (virus_2989482,host_105295): 0 -> 1
Cell (virus_2989482,host_187011): 0 -> 1
Cell (virus_2989482,host_51300): 0 -> 1
Cell (virus_2989482,host_246814): 0 -> 1
Cell (virus_2989482,host_59473): 0 -> 1
Cell (virus_2989482,host_633648): 0 -> 1
Cell (virus_2989482,host_258925): 0 -> 1
Cell (virus_2989482,host_177185): 0 -> 1
Cell (virus_2989482,host_685731): 0 -> 1
Cell (virus_2989482,host_157961): 0 -> 1
Cell (virus_2989482,host_166054): 0 -> 1
Cell (virus_2989482,host_196297): 0 -> 1
Cell (virus_2989482,host_328804): 0 -> 1
Cell (virus_2989482,host_9403): 0 -> 1
Cell (virus_2989482,host_58057): 0 -> 1
Cell (virus_2989482,host_1410044): 0 -> 1
Cell (virus_2989482,host_77231): 0 -> 1
Cell (virus_2989482,host_2853157): 0 -> 1
Cell (virus_2989482,host_372077): 0 -> 1
Cell (virus_2989482,host_58067): 0 -> 1
Cell (virus_2989482,host_498220): 0 -> 1
Cell (virus_2989482,host_448084): 0 -> 1
Cell (virus_2989482,host_58071): 0 -> 1
Cell (virus_2989482,host_77243): 0 -> 1
Cell (virus_2989482,host_58073): 0 -> 1
Cell (virus_2989482,host_77223): 0 -> 1
Cell (virus_2989482,host_9408): 0 -> 1
Cell (virus_2989482,host_58065): 0 -> 1
Cell (virus_2989482,host_326083): 0 -> 1
Cell (virus_2989482,host_40228): 0 -> 1
Cell (virus_2989482,host_40230): 0 -> 1
Cell (virus_2989482,host_409031): 0 -> 1
Cell (virus_2989482,host_89673): 0 -> 1
Cell (virus_2989482,host_3042450): 0 -> 1
Cell (virus_2989482,host_59472): 0 -> 1
Cell (virus_2989482,host_9414): 0 -> 1
Cell (virus_2989482,host_1434095): 0 -> 1
Cell (virus_2989482,host_221086): 0 -> 1
Cell (virus_2989482,host_291302): 0 -> 1
Cell (virus_2989482,host_187007): 0 -> 1
Cell (virus_2989482,host_187008): 0 -> 1
Cell (virus_2989482,host_438766): 0 -> 1
Cell (virus_2989482,host_258934): 0 -> 1
Cell (virus_2989482,host_479723): 0 -> 1
Cell (virus_2989482,host_3041509): 0 -> 1
Cell (virus_2989482,host_258867): 0 -> 1
Cell (virus_2989482,host_153297): 0 -> 1
Cell (virus_2989482,host_258952): 0 -> 1
Cell (virus_2989482,host_258953): 0 -> 1
Cell (virus_2989482,host_258930): 0 -> 1
Cell (virus_2989482,host_272799): 0 -> 1
Cell (virus_2989482,host_258909): 0 -> 1
Cell (virus_2989482,host_909369): 0 -> 1
Cell (virus_2989482,host_29078): 0 -> 1
Cell (virus_2989482,host_3371014): 0 -> 1
Cell (virus_2989482,host_3371016): 0 -> 1
Cell (virus_2989482,host_3371021): 0 -> 1
Cell (virus_2989482,host_360967): 0 -> 1
Cell (virus_2989482,host_258959): 0 -> 1
Cell (virus_3433784,host_105273): 0 -> 1
Cell (virus_3433784,host_105295): 0 -> 1
Cell (virus_3433784,host_187011): 0 -> 1
Cell (virus_3433784,host_51300): 0 -> 1
Cell (virus_3433784,host_246814): 0 -> 1
Cell (virus_3433784,host_59473): 0 -> 1
Cell (virus_3433784,host_633648): 0 -> 1
Cell (virus_3433784,host_258925): 0 -> 1
Cell (virus_3433784,host_177185): 0 -> 1
Cell (virus_3433784,host_685731): 0 -> 1
Cell (virus_3433784,host_157961): 0 -> 1
Cell (virus_3433784,host_166054): 0 -> 1
Cell (virus_3433784,host_328804): 0 -> 1
Cell (virus_3433784,host_9403): 0 -> 1
Cell (virus_3433784,host_1410044): 0 -> 1
Cell (virus_3433784,host_77231): 0 -> 1
Cell (virus_3433784,host_2853157): 0 -> 1
Cell (virus_3433784,host_58067): 0 -> 1
Cell (virus_3433784,host_498220): 0 -> 1
Cell (virus_3433784,host_448084): 0 -> 1
Cell (virus_3433784,host_58071): 0 -> 1
Cell (virus_3433784,host_77243): 0 -> 1
Cell (virus_3433784,host_58073): 0 -> 1
Cell (virus_3433784,host_77223): 0 -> 1
Cell (virus_3433784,host_9408): 0 -> 1
Cell (virus_3433784,host_58065): 0 -> 1
Cell (virus_3433784,host_58063): 0 -> 1
Cell (virus_3433784,host_326083): 0 -> 1
Cell (virus_3433784,host_40228): 0 -> 1
Cell (virus_3433784,host_40230): 0 -> 1
Cell (virus_3433784,host_89673): 0 -> 1
Cell (virus_3433784,host_3042450): 0 -> 1
Cell (virus_3433784,host_1434095): 0 -> 1
Cell (virus_3433784,host_221086): 0 -> 1
Cell (virus_3433784,host_291302): 0 -> 1
Cell (virus_3433784,host_187007): 0 -> 1
Cell (virus_3433784,host_187008): 0 -> 1
Cell (virus_3433784,host_438766): 0 -> 1
Cell (virus_3433784,host_258934): 0 -> 1
Cell (virus_3433784,host_479723): 0 -> 1
Cell (virus_3433784,host_3041509): 0 -> 1
Cell (virus_3433784,host_258867): 0 -> 1
Cell (virus_3433784,host_153297): 0 -> 1
Cell (virus_3433784,host_258952): 0 -> 1
Cell (virus_3433784,host_258953): 0 -> 1
Cell (virus_3433784,host_258930): 0 -> 1
Cell (virus_3433784,host_272799): 0 -> 1
Cell (virus_3433784,host_258909): 0 -> 1
Cell (virus_3433784,host_909369): 0 -> 1
Cell (virus_3433784,host_29078): 0 -> 1
Cell (virus_3433784,host_3371014): 0 -> 1
Cell (virus_3433784,host_3371016): 0 -> 1
Cell (virus_3433784,host_360967): 0 -> 1
Cell (virus_3433784,host_258959): 0 -> 1
Cell (virus_2691588,host_105273): 0 -> 1
Cell (virus_2691588,host_105295): 0 -> 1
Cell (virus_2691588,host_187011): 0 -> 1
Cell (virus_2691588,host_51300): 0 -> 1
Cell (virus_2691588,host_246814): 0 -> 1
Cell (virus_2691588,host_59473): 0 -> 1
Cell (virus_2691588,host_633648): 0 -> 1
Cell (virus_2691588,host_258925): 0 -> 1
Cell (virus_2691588,host_177185): 0 -> 1
Cell (virus_2691588,host_685731): 0 -> 1
Cell (virus_2691588,host_175524): 0 -> 1
Cell (virus_2691588,host_186991): 0 -> 1
Cell (virus_2691588,host_157961): 0 -> 1
Cell (virus_2691588,host_170233): 0 -> 1
Cell (virus_2691588,host_166054): 0 -> 1
Cell (virus_2691588,host_328804): 0 -> 1
Cell (virus_2691588,host_9403): 0 -> 1
Cell (virus_2691588,host_1410044): 0 -> 1
Cell (virus_2691588,host_1898389): 0 -> 1
Cell (virus_2691588,host_77231): 0 -> 1
Cell (virus_2691588,host_2853157): 0 -> 1
Cell (virus_2691588,host_58067): 0 -> 1
Cell (virus_2691588,host_498220): 0 -> 1
Cell (virus_2691588,host_448084): 0 -> 1
Cell (virus_2691588,host_58071): 0 -> 1
Cell (virus_2691588,host_58073): 0 -> 1
Cell (virus_2691588,host_1898393): 0 -> 1
Cell (virus_2691588,host_9407): 0 -> 1
Cell (virus_2691588,host_9408): 0 -> 1
Cell (virus_2691588,host_58065): 0 -> 1
Cell (virus_2691588,host_58063): 0 -> 1
Cell (virus_2691588,host_326083): 0 -> 1
Cell (virus_2691588,host_27634): 0 -> 1
Cell (virus_2691588,host_40228): 0 -> 1
Cell (virus_2691588,host_40230): 0 -> 1
Cell (virus_2691588,host_3042450): 0 -> 1
Cell (virus_2691588,host_1434095): 0 -> 1
Cell (virus_2691588,host_221086): 0 -> 1
Cell (virus_2691588,host_291302): 0 -> 1
Cell (virus_2691588,host_221087): 0 -> 1
Cell (virus_2691588,host_187007): 0 -> 1
Cell (virus_2691588,host_187008): 0 -> 1
Cell (virus_2691588,host_438766): 0 -> 1
Cell (virus_2691588,host_258934): 0 -> 1
Cell (virus_2691588,host_479723): 0 -> 1
Cell (virus_2691588,host_124751): 0 -> 1
Cell (virus_2691588,host_3041509): 0 -> 1
Cell (virus_2691588,host_258867): 0 -> 1
Cell (virus_2691588,host_258952): 0 -> 1
Cell (virus_2691588,host_258953): 0 -> 1
Cell (virus_2691588,host_249033): 0 -> 1
Cell (virus_2691588,host_258930): 0 -> 1
Cell (virus_2691588,host_272799): 0 -> 1
Cell (virus_2691588,host_61862): 0 -> 1
Cell (virus_2691588,host_258909): 0 -> 1
Cell (virus_2691588,host_909369): 0 -> 1
Cell (virus_2691588,host_29078): 0 -> 1
Cell (virus_2691588,host_3371014): 0 -> 1
Cell (virus_2691588,host_3371016): 0 -> 1
Cell (virus_2691588,host_360967): 0 -> 1
Cell (virus_2691588,host_258959): 0 -> 1
Cell (virus_3433780,host_105273): 0 -> 1
Cell (virus_3433780,host_105295): 0 -> 1
Cell (virus_3433780,host_187011): 0 -> 1
Cell (virus_3433780,host_51300): 0 -> 1
Cell (virus_3433780,host_246814): 0 -> 1
Cell (virus_3433780,host_59473): 0 -> 1
Cell (virus_3433780,host_633648): 0 -> 1
Cell (virus_3433780,host_258925): 0 -> 1
Cell (virus_3433780,host_177185): 0 -> 1
Cell (virus_3433780,host_685731): 0 -> 1
Cell (virus_3433780,host_175524): 0 -> 1
Cell (virus_3433780,host_186991): 0 -> 1
Cell (virus_3433780,host_157961): 0 -> 1
Cell (virus_3433780,host_170233): 0 -> 1
Cell (virus_3433780,host_132908): 0 -> 1
Cell (virus_3433780,host_166054): 0 -> 1
Cell (virus_3433780,host_328804): 0 -> 1
Cell (virus_3433780,host_9403): 0 -> 1
Cell (virus_3433780,host_1410044): 0 -> 1
Cell (virus_3433780,host_1898389): 0 -> 1
Cell (virus_3433780,host_77231): 0 -> 1
Cell (virus_3433780,host_2853157): 0 -> 1
Cell (virus_3433780,host_58067): 0 -> 1
Cell (virus_3433780,host_498220): 0 -> 1
Cell (virus_3433780,host_448084): 0 -> 1
Cell (virus_3433780,host_58071): 0 -> 1
Cell (virus_3433780,host_58073): 0 -> 1
Cell (virus_3433780,host_1898393): 0 -> 1
Cell (virus_3433780,host_77223): 0 -> 1
Cell (virus_3433780,host_9407): 0 -> 1
Cell (virus_3433780,host_9408): 0 -> 1
Cell (virus_3433780,host_58065): 0 -> 1
Cell (virus_3433780,host_58063): 0 -> 1
Cell (virus_3433780,host_77214): 0 -> 1
Cell (virus_3433780,host_326083): 0 -> 1
Cell (virus_3433780,host_27634): 0 -> 1
Cell (virus_3433780,host_40228): 0 -> 1
Cell (virus_3433780,host_40230): 0 -> 1
Cell (virus_3433780,host_3042450): 0 -> 1
Cell (virus_3433780,host_1434095): 0 -> 1
Cell (virus_3433780,host_221086): 0 -> 1
Cell (virus_3433780,host_291302): 0 -> 1
Cell (virus_3433780,host_221087): 0 -> 1
Cell (virus_3433780,host_187007): 0 -> 1
Cell (virus_3433780,host_187008): 0 -> 1
Cell (virus_3433780,host_438766): 0 -> 1
Cell (virus_3433780,host_258934): 0 -> 1
Cell (virus_3433780,host_479723): 0 -> 1
Cell (virus_3433780,host_124751): 0 -> 1
Cell (virus_3433780,host_3041509): 0 -> 1
Cell (virus_3433780,host_258867): 0 -> 1
Cell (virus_3433780,host_249034): 0 -> 1
Cell (virus_3433780,host_258952): 0 -> 1
Cell (virus_3433780,host_258953): 0 -> 1
Cell (virus_3433780,host_249033): 0 -> 1
Cell (virus_3433780,host_258930): 0 -> 1
Cell (virus_3433780,host_272799): 0 -> 1
Cell (virus_3433780,host_61862): 0 -> 1
Cell (virus_3433780,host_258909): 0 -> 1
Cell (virus_3433780,host_909369): 0 -> 1
Cell (virus_3433780,host_29078): 0 -> 1
Cell (virus_3433780,host_3371014): 0 -> 1
Cell (virus_3433780,host_3371016): 0 -> 1
Cell (virus_3433780,host_360967): 0 -> 1
Cell (virus_3433780,host_258959): 0 -> 1
Cell (virus_694000,host_105273): 0 -> 1
Cell (virus_694000,host_105295): 0 -> 1
Cell (virus_694000,host_187011): 0 -> 1
Cell (virus_694000,host_51300): 0 -> 1
Cell (virus_694000,host_246814): 0 -> 1
Cell (virus_694000,host_59473): 0 -> 1
Cell (virus_694000,host_633648): 0 -> 1
Cell (virus_694000,host_258925): 0 -> 1
Cell (virus_694000,host_177185): 0 -> 1
Cell (virus_694000,host_685731): 0 -> 1
Cell (virus_694000,host_175524): 0 -> 1
Cell (virus_694000,host_186991): 0 -> 1
Cell (virus_694000,host_157961): 0 -> 1
Cell (virus_694000,host_170233): 0 -> 1
Cell (virus_694000,host_132908): 0 -> 1
Cell (virus_694000,host_166054): 0 -> 1
Cell (virus_694000,host_328804): 0 -> 1
Cell (virus_694000,host_9403): 0 -> 1
Cell (virus_694000,host_1410044): 0 -> 1
Cell (virus_694000,host_1898389): 0 -> 1
Cell (virus_694000,host_77231): 0 -> 1
Cell (virus_694000,host_2853157): 0 -> 1
Cell (virus_694000,host_58067): 0 -> 1
Cell (virus_694000,host_498220): 0 -> 1
Cell (virus_694000,host_448084): 0 -> 1
Cell (virus_694000,host_58071): 0 -> 1
Cell (virus_694000,host_58073): 0 -> 1
Cell (virus_694000,host_1898393): 0 -> 1
Cell (virus_694000,host_77223): 0 -> 1
Cell (virus_694000,host_9407): 0 -> 1
Cell (virus_694000,host_9408): 0 -> 1
Cell (virus_694000,host_58065): 0 -> 1
Cell (virus_694000,host_58063): 0 -> 1
Cell (virus_694000,host_77214): 0 -> 1
Cell (virus_694000,host_326083): 0 -> 1
Cell (virus_694000,host_27634): 0 -> 1
Cell (virus_694000,host_40228): 0 -> 1
Cell (virus_694000,host_40230): 0 -> 1
Cell (virus_694000,host_3042450): 0 -> 1
Cell (virus_694000,host_1434095): 0 -> 1
Cell (virus_694000,host_221086): 0 -> 1
Cell (virus_694000,host_291302): 0 -> 1
Cell (virus_694000,host_221087): 0 -> 1
Cell (virus_694000,host_187007): 0 -> 1
Cell (virus_694000,host_187008): 0 -> 1
Cell (virus_694000,host_438766): 0 -> 1
Cell (virus_694000,host_258934): 0 -> 1
Cell (virus_694000,host_479723): 0 -> 1
Cell (virus_694000,host_124751): 0 -> 1
Cell (virus_694000,host_3041509): 0 -> 1
Cell (virus_694000,host_258867): 0 -> 1
Cell (virus_694000,host_249034): 0 -> 1
Cell (virus_694000,host_258952): 0 -> 1
Cell (virus_694000,host_258953): 0 -> 1
Cell (virus_694000,host_249033): 0 -> 1
Cell (virus_694000,host_258930): 0 -> 1
Cell (virus_694000,host_272799): 0 -> 1
Cell (virus_694000,host_61862): 0 -> 1
Cell (virus_694000,host_258909): 0 -> 1
Cell (virus_694000,host_909369): 0 -> 1
Cell (virus_694000,host_29078): 0 -> 1
Cell (virus_694000,host_3371014): 0 -> 1
Cell (virus_694000,host_3371016): 0 -> 1
Cell (virus_694000,host_360967): 0 -> 1
Cell (virus_694000,host_258959): 0 -> 1
Cell (virus_3119327,host_105295): 0 -> 1
Cell (virus_3119327,host_187011): 0 -> 1
Cell (virus_3119327,host_51300): 0 -> 1
Cell (virus_3119327,host_246814): 0 -> 1
Cell (virus_3119327,host_59473): 0 -> 1
Cell (virus_3119327,host_633648): 0 -> 1
Cell (virus_3119327,host_258925): 0 -> 1
Cell (virus_3119327,host_177185): 0 -> 1
Cell (virus_3119327,host_685731): 0 -> 1
Cell (virus_3119327,host_1207989): 0 -> 1
Cell (virus_3119327,host_175524): 0 -> 1
Cell (virus_3119327,host_186991): 0 -> 1
Cell (virus_3119327,host_157961): 0 -> 1
Cell (virus_3119327,host_170233): 0 -> 1
Cell (virus_3119327,host_166054): 0 -> 1
Cell (virus_3119327,host_196297): 0 -> 1
Cell (virus_3119327,host_328804): 0 -> 1
Cell (virus_3119327,host_9403): 0 -> 1
Cell (virus_3119327,host_1410044): 0 -> 1
Cell (virus_3119327,host_1898389): 0 -> 1
Cell (virus_3119327,host_77231): 0 -> 1
Cell (virus_3119327,host_2853157): 0 -> 1
Cell (virus_3119327,host_58067): 0 -> 1
Cell (virus_3119327,host_498220): 0 -> 1
Cell (virus_3119327,host_448084): 0 -> 1
Cell (virus_3119327,host_58071): 0 -> 1
Cell (virus_3119327,host_58073): 0 -> 1
Cell (virus_3119327,host_77223): 0 -> 1
Cell (virus_3119327,host_9407): 0 -> 1
Cell (virus_3119327,host_9408): 0 -> 1
Cell (virus_3119327,host_58065): 0 -> 1
Cell (virus_3119327,host_58063): 0 -> 1
Cell (virus_3119327,host_326083): 0 -> 1
Cell (virus_3119327,host_27634): 0 -> 1
Cell (virus_3119327,host_40228): 0 -> 1
Cell (virus_3119327,host_40230): 0 -> 1
Cell (virus_3119327,host_3042450): 0 -> 1
Cell (virus_3119327,host_1434095): 0 -> 1
Cell (virus_3119327,host_221086): 0 -> 1
Cell (virus_3119327,host_291302): 0 -> 1
Cell (virus_3119327,host_221087): 0 -> 1
Cell (virus_3119327,host_187007): 0 -> 1
Cell (virus_3119327,host_187008): 0 -> 1
Cell (virus_3119327,host_438766): 0 -> 1
Cell (virus_3119327,host_258934): 0 -> 1
Cell (virus_3119327,host_479723): 0 -> 1
Cell (virus_3119327,host_124751): 0 -> 1
Cell (virus_3119327,host_3041509): 0 -> 1
Cell (virus_3119327,host_258867): 0 -> 1
Cell (virus_3119327,host_258952): 0 -> 1
Cell (virus_3119327,host_258953): 0 -> 1
Cell (virus_3119327,host_249033): 0 -> 1
Cell (virus_3119327,host_258930): 0 -> 1
Cell (virus_3119327,host_272799): 0 -> 1
Cell (virus_3119327,host_258909): 0 -> 1
Cell (virus_3119327,host_909369): 0 -> 1
Cell (virus_3119327,host_29078): 0 -> 1
Cell (virus_3119327,host_3371014): 0 -> 1
Cell (virus_3119327,host_3371016): 0 -> 1
Cell (virus_3119327,host_360967): 0 -> 1
Cell (virus_3119327,host_258959): 0 -> 1
Cell (virus_2809631,host_105273): 0 -> 1
Cell (virus_2809631,host_105295): 0 -> 1
Cell (virus_2809631,host_187011): 0 -> 1
Cell (virus_2809631,host_51300): 0 -> 1
Cell (virus_2809631,host_246814): 0 -> 1
Cell (virus_2809631,host_294653): 0 -> 1
Cell (virus_2809631,host_59473): 0 -> 1
Cell (virus_2809631,host_633648): 0 -> 1
Cell (virus_2809631,host_258925): 0 -> 1
Cell (virus_2809631,host_177185): 0 -> 1
Cell (virus_2809631,host_685731): 0 -> 1
Cell (virus_2809631,host_1207989): 0 -> 1
Cell (virus_2809631,host_175524): 0 -> 1
Cell (virus_2809631,host_186991): 0 -> 1
Cell (virus_2809631,host_157961): 0 -> 1
Cell (virus_2809631,host_270698): 0 -> 1
Cell (virus_2809631,host_170233): 0 -> 1
Cell (virus_2809631,host_166054): 0 -> 1
Cell (virus_2809631,host_196297): 0 -> 1
Cell (virus_2809631,host_328804): 0 -> 1
Cell (virus_2809631,host_9403): 0 -> 1
Cell (virus_2809631,host_1410044): 0 -> 1
Cell (virus_2809631,host_1898389): 0 -> 1
Cell (virus_2809631,host_77231): 0 -> 1
Cell (virus_2809631,host_2853157): 0 -> 1
Cell (virus_2809631,host_58067): 0 -> 1
Cell (virus_2809631,host_498220): 0 -> 1
Cell (virus_2809631,host_448084): 0 -> 1
Cell (virus_2809631,host_58071): 0 -> 1
Cell (virus_2809631,host_58073): 0 -> 1
Cell (virus_2809631,host_77223): 0 -> 1
Cell (virus_2809631,host_9407): 0 -> 1
Cell (virus_2809631,host_9408): 0 -> 1
Cell (virus_2809631,host_58065): 0 -> 1
Cell (virus_2809631,host_58063): 0 -> 1
Cell (virus_2809631,host_326083): 0 -> 1
Cell (virus_2809631,host_40228): 0 -> 1
Cell (virus_2809631,host_40230): 0 -> 1
Cell (virus_2809631,host_3042450): 0 -> 1
Cell (virus_2809631,host_1434095): 0 -> 1
Cell (virus_2809631,host_221086): 0 -> 1
Cell (virus_2809631,host_291302): 0 -> 1
Cell (virus_2809631,host_221087): 0 -> 1
Cell (virus_2809631,host_187007): 0 -> 1
Cell (virus_2809631,host_187008): 0 -> 1
Cell (virus_2809631,host_438766): 0 -> 1
Cell (virus_2809631,host_258934): 0 -> 1
Cell (virus_2809631,host_3041509): 0 -> 1
Cell (virus_2809631,host_258867): 0 -> 1
Cell (virus_2809631,host_258952): 0 -> 1
Cell (virus_2809631,host_258953): 0 -> 1
Cell (virus_2809631,host_249033): 0 -> 1
Cell (virus_2809631,host_258930): 0 -> 1
Cell (virus_2809631,host_272799): 0 -> 1
Cell (virus_2809631,host_258909): 0 -> 1
Cell (virus_2809631,host_909369): 0 -> 1
Cell (virus_2809631,host_29078): 0 -> 1
Cell (virus_2809631,host_3371014): 0 -> 1
Cell (virus_2809631,host_3371016): 0 -> 1
Cell (virus_2809631,host_360967): 0 -> 1
Cell (virus_2809631,host_258959): 0 -> 1
Cell (virus_2809631,host_59485): 0 -> 1
Cell (virus_3433779,host_105273): 0 -> 1
Cell (virus_3433779,host_105295): 0 -> 1
Cell (virus_3433779,host_187011): 0 -> 1
Cell (virus_3433779,host_51300): 0 -> 1
Cell (virus_3433779,host_246814): 0 -> 1
Cell (virus_3433779,host_294653): 0 -> 1
Cell (virus_3433779,host_59473): 0 -> 1
Cell (virus_3433779,host_633648): 0 -> 1
Cell (virus_3433779,host_258925): 0 -> 1
Cell (virus_3433779,host_177185): 0 -> 1
Cell (virus_3433779,host_685731): 0 -> 1
Cell (virus_3433779,host_1207989): 0 -> 1
Cell (virus_3433779,host_188569): 0 -> 1
Cell (virus_3433779,host_175524): 0 -> 1
Cell (virus_3433779,host_186991): 0 -> 1
Cell (virus_3433779,host_157961): 0 -> 1
Cell (virus_3433779,host_170233): 0 -> 1
Cell (virus_3433779,host_166054): 0 -> 1
Cell (virus_3433779,host_196297): 0 -> 1
Cell (virus_3433779,host_328804): 0 -> 1
Cell (virus_3433779,host_9403): 0 -> 1
Cell (virus_3433779,host_1410044): 0 -> 1
Cell (virus_3433779,host_1898389): 0 -> 1
Cell (virus_3433779,host_77231): 0 -> 1
Cell (virus_3433779,host_2853157): 0 -> 1
Cell (virus_3433779,host_58067): 0 -> 1
Cell (virus_3433779,host_498220): 0 -> 1
Cell (virus_3433779,host_448084): 0 -> 1
Cell (virus_3433779,host_58071): 0 -> 1
Cell (virus_3433779,host_58073): 0 -> 1
Cell (virus_3433779,host_77223): 0 -> 1
Cell (virus_3433779,host_9407): 0 -> 1
Cell (virus_3433779,host_9408): 0 -> 1
Cell (virus_3433779,host_58065): 0 -> 1
Cell (virus_3433779,host_58063): 0 -> 1
Cell (virus_3433779,host_326083): 0 -> 1
Cell (virus_3433779,host_40228): 0 -> 1
Cell (virus_3433779,host_40230): 0 -> 1
Cell (virus_3433779,host_40224): 0 -> 1
Cell (virus_3433779,host_3042450): 0 -> 1
Cell (virus_3433779,host_1434095): 0 -> 1
Cell (virus_3433779,host_221086): 0 -> 1
Cell (virus_3433779,host_291302): 0 -> 1
Cell (virus_3433779,host_221087): 0 -> 1
Cell (virus_3433779,host_187007): 0 -> 1
Cell (virus_3433779,host_187008): 0 -> 1
Cell (virus_3433779,host_438766): 0 -> 1
Cell (virus_3433779,host_258934): 0 -> 1
Cell (virus_3433779,host_3041509): 0 -> 1
Cell (virus_3433779,host_258867): 0 -> 1
Cell (virus_3433779,host_258952): 0 -> 1
Cell (virus_3433779,host_258953): 0 -> 1
Cell (virus_3433779,host_249033): 0 -> 1
Cell (virus_3433779,host_258930): 0 -> 1
Cell (virus_3433779,host_272799): 0 -> 1
Cell (virus_3433779,host_258909): 0 -> 1
Cell (virus_3433779,host_909369): 0 -> 1
Cell (virus_3433779,host_29078): 0 -> 1
Cell (virus_3433779,host_3371014): 0 -> 1
Cell (virus_3433779,host_3371016): 0 -> 1
Cell (virus_3433779,host_360967): 0 -> 1
Cell (virus_3433779,host_258959): 0 -> 1
Cell (virus_3433779,host_59485): 0 -> 1
Cell (virus_694001,host_105273): 0 -> 1
Cell (virus_694001,host_105295): 0 -> 1
Cell (virus_694001,host_187011): 0 -> 1
Cell (virus_694001,host_51300): 0 -> 1
Cell (virus_694001,host_246814): 0 -> 1
Cell (virus_694001,host_294653): 0 -> 1
Cell (virus_694001,host_59473): 0 -> 1
Cell (virus_694001,host_633648): 0 -> 1
Cell (virus_694001,host_258925): 0 -> 1
Cell (virus_694001,host_177185): 0 -> 1
Cell (virus_694001,host_685731): 0 -> 1
Cell (virus_694001,host_1207989): 0 -> 1
Cell (virus_694001,host_188569): 0 -> 1
Cell (virus_694001,host_175524): 0 -> 1
Cell (virus_694001,host_186991): 0 -> 1
Cell (virus_694001,host_157961): 0 -> 1
Cell (virus_694001,host_170233): 0 -> 1
Cell (virus_694001,host_166054): 0 -> 1
Cell (virus_694001,host_196297): 0 -> 1
Cell (virus_694001,host_328804): 0 -> 1
Cell (virus_694001,host_9403): 0 -> 1
Cell (virus_694001,host_1410044): 0 -> 1
Cell (virus_694001,host_1898389): 0 -> 1
Cell (virus_694001,host_77231): 0 -> 1
Cell (virus_694001,host_2853157): 0 -> 1
Cell (virus_694001,host_58067): 0 -> 1
Cell (virus_694001,host_498220): 0 -> 1
Cell (virus_694001,host_448084): 0 -> 1
Cell (virus_694001,host_58071): 0 -> 1
Cell (virus_694001,host_58073): 0 -> 1
Cell (virus_694001,host_77223): 0 -> 1
Cell (virus_694001,host_9407): 0 -> 1
Cell (virus_694001,host_9408): 0 -> 1
Cell (virus_694001,host_58065): 0 -> 1
Cell (virus_694001,host_58063): 0 -> 1
Cell (virus_694001,host_326083): 0 -> 1
Cell (virus_694001,host_40228): 0 -> 1
Cell (virus_694001,host_40230): 0 -> 1
Cell (virus_694001,host_40224): 0 -> 1
Cell (virus_694001,host_3042450): 0 -> 1
Cell (virus_694001,host_1434095): 0 -> 1
Cell (virus_694001,host_221086): 0 -> 1
Cell (virus_694001,host_291302): 0 -> 1
Cell (virus_694001,host_221087): 0 -> 1
Cell (virus_694001,host_187007): 0 -> 1
Cell (virus_694001,host_187008): 0 -> 1
Cell (virus_694001,host_438766): 0 -> 1
Cell (virus_694001,host_258934): 0 -> 1
Cell (virus_694001,host_3041509): 0 -> 1
Cell (virus_694001,host_258867): 0 -> 1
Cell (virus_694001,host_258952): 0 -> 1
Cell (virus_694001,host_258953): 0 -> 1
Cell (virus_694001,host_249033): 0 -> 1
Cell (virus_694001,host_258930): 0 -> 1
Cell (virus_694001,host_272799): 0 -> 1
Cell (virus_694001,host_258909): 0 -> 1
Cell (virus_694001,host_909369): 0 -> 1
Cell (virus_694001,host_29078): 0 -> 1
Cell (virus_694001,host_3371014): 0 -> 1
Cell (virus_694001,host_3371016): 0 -> 1
Cell (virus_694001,host_360967): 0 -> 1
Cell (virus_694001,host_258959): 0 -> 1
Cell (virus_694001,host_59485): 0 -> 1
Cell (virus_3027594,host_105273): 0 -> 1
Cell (virus_3027594,host_105295): 0 -> 1
Cell (virus_3027594,host_187011): 0 -> 1
Cell (virus_3027594,host_51300): 0 -> 1
Cell (virus_3027594,host_246814): 0 -> 1
Cell (virus_3027594,host_59473): 0 -> 1
Cell (virus_3027594,host_633648): 0 -> 1
Cell (virus_3027594,host_258925): 0 -> 1
Cell (virus_3027594,host_177185): 0 -> 1
Cell (virus_3027594,host_187017): 0 -> 1
Cell (virus_3027594,host_1207989): 0 -> 1
Cell (virus_3027594,host_188569): 0 -> 1
Cell (virus_3027594,host_175524): 0 -> 1
Cell (virus_3027594,host_186991): 0 -> 1
Cell (virus_3027594,host_157961): 0 -> 1
Cell (virus_3027594,host_170233): 0 -> 1
Cell (virus_3027594,host_166054): 0 -> 1
Cell (virus_3027594,host_328804): 0 -> 1
Cell (virus_3027594,host_9403): 0 -> 1
Cell (virus_3027594,host_1410044): 0 -> 1
Cell (virus_3027594,host_1898389): 0 -> 1
Cell (virus_3027594,host_77231): 0 -> 1
Cell (virus_3027594,host_2853157): 0 -> 1
Cell (virus_3027594,host_58067): 0 -> 1
Cell (virus_3027594,host_498220): 0 -> 1
Cell (virus_3027594,host_448084): 0 -> 1
Cell (virus_3027594,host_58071): 0 -> 1
Cell (virus_3027594,host_77243): 0 -> 1
Cell (virus_3027594,host_58073): 0 -> 1
Cell (virus_3027594,host_77223): 0 -> 1
Cell (virus_3027594,host_9407): 0 -> 1
Cell (virus_3027594,host_9408): 0 -> 1
Cell (virus_3027594,host_58065): 0 -> 1
Cell (virus_3027594,host_58063): 0 -> 1
Cell (virus_3027594,host_27634): 0 -> 1
Cell (virus_3027594,host_40230): 0 -> 1
Cell (virus_3027594,host_3042450): 0 -> 1
Cell (virus_3027594,host_9414): 0 -> 1
Cell (virus_3027594,host_1434095): 0 -> 1
Cell (virus_3027594,host_221086): 0 -> 1
Cell (virus_3027594,host_291302): 0 -> 1
Cell (virus_3027594,host_221087): 0 -> 1
Cell (virus_3027594,host_187007): 0 -> 1
Cell (virus_3027594,host_187008): 0 -> 1
Cell (virus_3027594,host_438766): 0 -> 1
Cell (virus_3027594,host_258934): 0 -> 1
Cell (virus_3027594,host_124751): 0 -> 1
Cell (virus_3027594,host_3041509): 0 -> 1
Cell (virus_3027594,host_258867): 0 -> 1
Cell (virus_3027594,host_249034): 0 -> 1
Cell (virus_3027594,host_258952): 0 -> 1
Cell (virus_3027594,host_258953): 0 -> 1
Cell (virus_3027594,host_258930): 0 -> 1
Cell (virus_3027594,host_272799): 0 -> 1
Cell (virus_3027594,host_258909): 0 -> 1
Cell (virus_3027594,host_909369): 0 -> 1
Cell (virus_3027594,host_29078): 0 -> 1
Cell (virus_3027594,host_3371014): 0 -> 1
Cell (virus_3027594,host_3371016): 0 -> 1
Cell (virus_3027594,host_360967): 0 -> 1
Cell (virus_3027594,host_258959): 0 -> 1
Cell (virus_3433782,host_105273): 0 -> 1
Cell (virus_3433782,host_105295): 0 -> 1
Cell (virus_3433782,host_187011): 0 -> 1
Cell (virus_3433782,host_51300): 0 -> 1
Cell (virus_3433782,host_246814): 0 -> 1
Cell (virus_3433782,host_59473): 0 -> 1
Cell (virus_3433782,host_633648): 0 -> 1
Cell (virus_3433782,host_258925): 0 -> 1
Cell (virus_3433782,host_177185): 0 -> 1
Cell (virus_3433782,host_187017): 0 -> 1
Cell (virus_3433782,host_685731): 0 -> 1
Cell (virus_3433782,host_1207989): 0 -> 1
Cell (virus_3433782,host_188569): 0 -> 1
Cell (virus_3433782,host_175524): 0 -> 1
Cell (virus_3433782,host_186991): 0 -> 1
Cell (virus_3433782,host_157961): 0 -> 1
Cell (virus_3433782,host_170233): 0 -> 1
Cell (virus_3433782,host_166054): 0 -> 1
Cell (virus_3433782,host_196297): 0 -> 1
Cell (virus_3433782,host_328804): 0 -> 1
Cell (virus_3433782,host_9403): 0 -> 1
Cell (virus_3433782,host_1410044): 0 -> 1
Cell (virus_3433782,host_1898389): 0 -> 1
Cell (virus_3433782,host_77231): 0 -> 1
Cell (virus_3433782,host_2853157): 0 -> 1
Cell (virus_3433782,host_58067): 0 -> 1
Cell (virus_3433782,host_498220): 0 -> 1
Cell (virus_3433782,host_448084): 0 -> 1
Cell (virus_3433782,host_58071): 0 -> 1
Cell (virus_3433782,host_77243): 0 -> 1
Cell (virus_3433782,host_58073): 0 -> 1
Cell (virus_3433782,host_77223): 0 -> 1
Cell (virus_3433782,host_9407): 0 -> 1
Cell (virus_3433782,host_9408): 0 -> 1
Cell (virus_3433782,host_58065): 0 -> 1
Cell (virus_3433782,host_58063): 0 -> 1
Cell (virus_3433782,host_27634): 0 -> 1
Cell (virus_3433782,host_40230): 0 -> 1
Cell (virus_3433782,host_3042450): 0 -> 1
Cell (virus_3433782,host_1434095): 0 -> 1
Cell (virus_3433782,host_221086): 0 -> 1
Cell (virus_3433782,host_291302): 0 -> 1
Cell (virus_3433782,host_221087): 0 -> 1
Cell (virus_3433782,host_187007): 0 -> 1
Cell (virus_3433782,host_187008): 0 -> 1
Cell (virus_3433782,host_438766): 0 -> 1
Cell (virus_3433782,host_258934): 0 -> 1
Cell (virus_3433782,host_124751): 0 -> 1
Cell (virus_3433782,host_3041509): 0 -> 1
Cell (virus_3433782,host_258867): 0 -> 1
Cell (virus_3433782,host_249034): 0 -> 1
Cell (virus_3433782,host_258952): 0 -> 1
Cell (virus_3433782,host_258953): 0 -> 1
Cell (virus_3433782,host_258930): 0 -> 1
Cell (virus_3433782,host_272799): 0 -> 1
Cell (virus_3433782,host_258909): 0 -> 1
Cell (virus_3433782,host_909369): 0 -> 1
Cell (virus_3433782,host_29078): 0 -> 1
Cell (virus_3433782,host_3371014): 0 -> 1
Cell (virus_3433782,host_3371016): 0 -> 1
Cell (virus_3433782,host_360967): 0 -> 1
Cell (virus_3433782,host_258959): 0 -> 1
Cell (virus_3027595,host_105273): 0 -> 1
Cell (virus_3027595,host_105295): 0 -> 1
Cell (virus_3027595,host_187011): 0 -> 1
Cell (virus_3027595,host_375553): 0 -> 1
Cell (virus_3027595,host_51300): 0 -> 1
Cell (virus_3027595,host_246814): 0 -> 1
Cell (virus_3027595,host_59473): 0 -> 1
Cell (virus_3027595,host_633648): 0 -> 1
Cell (virus_3027595,host_258925): 0 -> 1
Cell (virus_3027595,host_177185): 0 -> 1
Cell (virus_3027595,host_685731): 0 -> 1
Cell (virus_3027595,host_1207989): 0 -> 1
Cell (virus_3027595,host_188569): 0 -> 1
Cell (virus_3027595,host_175524): 0 -> 1
Cell (virus_3027595,host_186991): 0 -> 1
Cell (virus_3027595,host_157961): 0 -> 1
Cell (virus_3027595,host_170233): 0 -> 1
Cell (virus_3027595,host_2603865): 0 -> 1
Cell (virus_3027595,host_166054): 0 -> 1
Cell (virus_3027595,host_328804): 0 -> 1
Cell (virus_3027595,host_9403): 0 -> 1
Cell (virus_3027595,host_1410044): 0 -> 1
Cell (virus_3027595,host_1898389): 0 -> 1
Cell (virus_3027595,host_77231): 0 -> 1
Cell (virus_3027595,host_2853157): 0 -> 1
Cell (virus_3027595,host_58067): 0 -> 1
Cell (virus_3027595,host_498220): 0 -> 1
Cell (virus_3027595,host_448084): 0 -> 1
Cell (virus_3027595,host_58071): 0 -> 1
Cell (virus_3027595,host_58073): 0 -> 1
Cell (virus_3027595,host_77223): 0 -> 1
Cell (virus_3027595,host_9407): 0 -> 1
Cell (virus_3027595,host_9408): 0 -> 1
Cell (virus_3027595,host_58065): 0 -> 1
Cell (virus_3027595,host_27634): 0 -> 1
Cell (virus_3027595,host_40230): 0 -> 1
Cell (virus_3027595,host_3042450): 0 -> 1
Cell (virus_3027595,host_1434095): 0 -> 1
Cell (virus_3027595,host_221086): 0 -> 1
Cell (virus_3027595,host_291302): 0 -> 1
Cell (virus_3027595,host_221087): 0 -> 1
Cell (virus_3027595,host_187007): 0 -> 1
Cell (virus_3027595,host_187008): 0 -> 1
Cell (virus_3027595,host_438766): 0 -> 1
Cell (virus_3027595,host_258934): 0 -> 1
Cell (virus_3027595,host_124751): 0 -> 1
Cell (virus_3027595,host_3041509): 0 -> 1
Cell (virus_3027595,host_258867): 0 -> 1
Cell (virus_3027595,host_249034): 0 -> 1
Cell (virus_3027595,host_258952): 0 -> 1
Cell (virus_3027595,host_258953): 0 -> 1
Cell (virus_3027595,host_249033): 0 -> 1
Cell (virus_3027595,host_258930): 0 -> 1
Cell (virus_3027595,host_272799): 0 -> 1
Cell (virus_3027595,host_258909): 0 -> 1
Cell (virus_3027595,host_909369): 0 -> 1
Cell (virus_3027595,host_29078): 0 -> 1
Cell (virus_3027595,host_3371014): 0 -> 1
Cell (virus_3027595,host_3371016): 0 -> 1
Cell (virus_3027595,host_360967): 0 -> 1
Cell (virus_3027595,host_258959): 0 -> 1
Cell (virus_2917968,host_105273): 0 -> 1
Cell (virus_2917968,host_105295): 0 -> 1
Cell (virus_2917968,host_187011): 0 -> 1
Cell (virus_2917968,host_51300): 0 -> 1
Cell (virus_2917968,host_59473): 0 -> 1
Cell (virus_2917968,host_633648): 0 -> 1
Cell (virus_2917968,host_258925): 0 -> 1
Cell (virus_2917968,host_177185): 0 -> 1
Cell (virus_2917968,host_685731): 0 -> 1
Cell (virus_2917968,host_1207989): 0 -> 1
Cell (virus_2917968,host_59453): 0 -> 1
Cell (virus_2917968,host_334201): 0 -> 1
Cell (virus_2917968,host_2603865): 0 -> 1
Cell (virus_2917968,host_132908): 0 -> 1
Cell (virus_2917968,host_166054): 0 -> 1
Cell (virus_2917968,host_328804): 0 -> 1
Cell (virus_2917968,host_9403): 0 -> 1
Cell (virus_2917968,host_1898389): 0 -> 1
Cell (virus_2917968,host_77231): 0 -> 1
Cell (virus_2917968,host_372077): 0 -> 1
Cell (virus_2917968,host_58067): 0 -> 1
Cell (virus_2917968,host_498220): 0 -> 1
Cell (virus_2917968,host_448084): 0 -> 1
Cell (virus_2917968,host_58071): 0 -> 1
Cell (virus_2917968,host_77243): 0 -> 1
Cell (virus_2917968,host_58073): 0 -> 1
Cell (virus_2917968,host_77223): 0 -> 1
Cell (virus_2917968,host_9407): 0 -> 1
Cell (virus_2917968,host_9408): 0 -> 1
Cell (virus_2917968,host_58065): 0 -> 1
Cell (virus_2917968,host_40230): 0 -> 1
Cell (virus_2917968,host_409031): 0 -> 1
Cell (virus_2917968,host_89673): 0 -> 1
Cell (virus_2917968,host_3042450): 0 -> 1
Cell (virus_2917968,host_1434095): 0 -> 1
Cell (virus_2917968,host_221086): 0 -> 1
Cell (virus_2917968,host_291302): 0 -> 1
Cell (virus_2917968,host_187007): 0 -> 1
Cell (virus_2917968,host_187008): 0 -> 1
Cell (virus_2917968,host_438766): 0 -> 1
Cell (virus_2917968,host_258934): 0 -> 1
Cell (virus_2917968,host_479723): 0 -> 1
Cell (virus_2917968,host_124751): 0 -> 1
Cell (virus_2917968,host_3041509): 0 -> 1
Cell (virus_2917968,host_258867): 0 -> 1
Cell (virus_2917968,host_153297): 0 -> 1
Cell (virus_2917968,host_258952): 0 -> 1
Cell (virus_2917968,host_258953): 0 -> 1
Cell (virus_2917968,host_249033): 0 -> 1
Cell (virus_2917968,host_258930): 0 -> 1
Cell (virus_2917968,host_272799): 0 -> 1
Cell (virus_2917968,host_61862): 0 -> 1
Cell (virus_2917968,host_258909): 0 -> 1
Cell (virus_2917968,host_909369): 0 -> 1
Cell (virus_2917968,host_29078): 0 -> 1
Cell (virus_2917968,host_3371014): 0 -> 1
Cell (virus_2917968,host_3371016): 0 -> 1
Cell (virus_2917968,host_360967): 0 -> 1
Cell (virus_2917968,host_258959): 0 -> 1
Cell (virus_2917968,host_59485): 0 -> 1
Cell (virus_3119328,host_105273): 0 -> 1
Cell (virus_3119328,host_105295): 0 -> 1
Cell (virus_3119328,host_258946): 0 -> 1
Cell (virus_3119328,host_187011): 0 -> 1
Cell (virus_3119328,host_51300): 0 -> 1
Cell (virus_3119328,host_246814): 0 -> 1
Cell (virus_3119328,host_59473): 0 -> 1
Cell (virus_3119328,host_633648): 0 -> 1
Cell (virus_3119328,host_258925): 0 -> 1
Cell (virus_3119328,host_177185): 0 -> 1
Cell (virus_3119328,host_685731): 0 -> 1
Cell (virus_3119328,host_1207989): 0 -> 1
Cell (virus_3119328,host_59453): 0 -> 1
Cell (virus_3119328,host_334201): 0 -> 1
Cell (virus_3119328,host_2603865): 0 -> 1
Cell (virus_3119328,host_166054): 0 -> 1
Cell (virus_3119328,host_328804): 0 -> 1
Cell (virus_3119328,host_9403): 0 -> 1
Cell (virus_3119328,host_1410044): 0 -> 1
Cell (virus_3119328,host_1898389): 0 -> 1
Cell (virus_3119328,host_77231): 0 -> 1
Cell (virus_3119328,host_2853157): 0 -> 1
Cell (virus_3119328,host_372077): 0 -> 1
Cell (virus_3119328,host_903567): 0 -> 1
Cell (virus_3119328,host_58067): 0 -> 1
Cell (virus_3119328,host_498220): 0 -> 1
Cell (virus_3119328,host_448084): 0 -> 1
Cell (virus_3119328,host_58071): 0 -> 1
Cell (virus_3119328,host_58073): 0 -> 1
Cell (virus_3119328,host_77223): 0 -> 1
Cell (virus_3119328,host_9407): 0 -> 1
Cell (virus_3119328,host_9408): 0 -> 1
Cell (virus_3119328,host_58065): 0 -> 1
Cell (virus_3119328,host_40230): 0 -> 1
Cell (virus_3119328,host_409031): 0 -> 1
Cell (virus_3119328,host_89673): 0 -> 1
Cell (virus_3119328,host_3042450): 0 -> 1
Cell (virus_3119328,host_1434095): 0 -> 1
Cell (virus_3119328,host_221086): 0 -> 1
Cell (virus_3119328,host_291302): 0 -> 1
Cell (virus_3119328,host_187007): 0 -> 1
Cell (virus_3119328,host_187008): 0 -> 1
Cell (virus_3119328,host_438766): 0 -> 1
Cell (virus_3119328,host_258934): 0 -> 1
Cell (virus_3119328,host_479723): 0 -> 1
Cell (virus_3119328,host_124751): 0 -> 1
Cell (virus_3119328,host_3041509): 0 -> 1
Cell (virus_3119328,host_258867): 0 -> 1
Cell (virus_3119328,host_153297): 0 -> 1
Cell (virus_3119328,host_258952): 0 -> 1
Cell (virus_3119328,host_258953): 0 -> 1
Cell (virus_3119328,host_249033): 0 -> 1
Cell (virus_3119328,host_258930): 0 -> 1
Cell (virus_3119328,host_272799): 0 -> 1
Cell (virus_3119328,host_61862): 0 -> 1
Cell (virus_3119328,host_258909): 0 -> 1
Cell (virus_3119328,host_909369): 0 -> 1
Cell (virus_3119328,host_29078): 0 -> 1
Cell (virus_3119328,host_3371014): 0 -> 1
Cell (virus_3119328,host_3371016): 0 -> 1
Cell (virus_3119328,host_360967): 0 -> 1
Cell (virus_3119328,host_258959): 0 -> 1
Cell (virus_3119328,host_59485): 0 -> 1
Cell (virus_3119329,host_105273): 0 -> 1
Cell (virus_3119329,host_105295): 0 -> 1
Cell (virus_3119329,host_187011): 0 -> 1
Cell (virus_3119329,host_51300): 0 -> 1
Cell (virus_3119329,host_246814): 0 -> 1
Cell (virus_3119329,host_59473): 0 -> 1
Cell (virus_3119329,host_633648): 0 -> 1
Cell (virus_3119329,host_258925): 0 -> 1
Cell (virus_3119329,host_177185): 0 -> 1
Cell (virus_3119329,host_685731): 0 -> 1
Cell (virus_3119329,host_1207989): 0 -> 1
Cell (virus_3119329,host_59453): 0 -> 1
Cell (virus_3119329,host_157961): 0 -> 1
Cell (virus_3119329,host_334201): 0 -> 1
Cell (virus_3119329,host_2603865): 0 -> 1
Cell (virus_3119329,host_124756): 0 -> 1
Cell (virus_3119329,host_132908): 0 -> 1
Cell (virus_3119329,host_166054): 0 -> 1
Cell (virus_3119329,host_328804): 0 -> 1
Cell (virus_3119329,host_9403): 0 -> 1
Cell (virus_3119329,host_1410044): 0 -> 1
Cell (virus_3119329,host_1898389): 0 -> 1
Cell (virus_3119329,host_77231): 0 -> 1
Cell (virus_3119329,host_2853157): 0 -> 1
Cell (virus_3119329,host_372077): 0 -> 1
Cell (virus_3119329,host_58067): 0 -> 1
Cell (virus_3119329,host_498220): 0 -> 1
Cell (virus_3119329,host_448084): 0 -> 1
Cell (virus_3119329,host_58071): 0 -> 1
Cell (virus_3119329,host_77243): 0 -> 1
Cell (virus_3119329,host_77223): 0 -> 1
Cell (virus_3119329,host_9407): 0 -> 1
Cell (virus_3119329,host_9408): 0 -> 1
Cell (virus_3119329,host_58065): 0 -> 1
Cell (virus_3119329,host_326083): 0 -> 1
Cell (virus_3119329,host_40230): 0 -> 1
Cell (virus_3119329,host_409031): 0 -> 1
Cell (virus_3119329,host_89673): 0 -> 1
Cell (virus_3119329,host_3042450): 0 -> 1
Cell (virus_3119329,host_1434095): 0 -> 1
Cell (virus_3119329,host_221086): 0 -> 1
Cell (virus_3119329,host_291302): 0 -> 1
Cell (virus_3119329,host_187007): 0 -> 1
Cell (virus_3119329,host_187008): 0 -> 1
Cell (virus_3119329,host_438766): 0 -> 1
Cell (virus_3119329,host_258934): 0 -> 1
Cell (virus_3119329,host_479723): 0 -> 1
Cell (virus_3119329,host_124751): 0 -> 1
Cell (virus_3119329,host_3041509): 0 -> 1
Cell (virus_3119329,host_258867): 0 -> 1
Cell (virus_3119329,host_153297): 0 -> 1
Cell (virus_3119329,host_258952): 0 -> 1
Cell (virus_3119329,host_258953): 0 -> 1
Cell (virus_3119329,host_249033): 0 -> 1
Cell (virus_3119329,host_258930): 0 -> 1
Cell (virus_3119329,host_272799): 0 -> 1
Cell (virus_3119329,host_61862): 0 -> 1
Cell (virus_3119329,host_258909): 0 -> 1
Cell (virus_3119329,host_909369): 0 -> 1
Cell (virus_3119329,host_29078): 0 -> 1
Cell (virus_3119329,host_2969767): 0 -> 1
Cell (virus_3119329,host_3371014): 0 -> 1
Cell (virus_3119329,host_3371016): 0 -> 1
Cell (virus_3119329,host_360967): 0 -> 1
Cell (virus_3119329,host_258959): 0 -> 1
Cell (virus_2991941,host_105273): 0 -> 1
Cell (virus_2991941,host_105295): 0 -> 1
Cell (virus_2991941,host_187011): 0 -> 1
Cell (virus_2991941,host_51300): 0 -> 1
Cell (virus_2991941,host_246814): 0 -> 1
Cell (virus_2991941,host_294653): 0 -> 1
Cell (virus_2991941,host_59473): 0 -> 1
Cell (virus_2991941,host_633648): 0 -> 1
Cell (virus_2991941,host_258925): 0 -> 1
Cell (virus_2991941,host_177185): 0 -> 1
Cell (virus_2991941,host_685731): 0 -> 1
Cell (virus_2991941,host_1207989): 0 -> 1
Cell (virus_2991941,host_157961): 0 -> 1
Cell (virus_2991941,host_132908): 0 -> 1
Cell (virus_2991941,host_166054): 0 -> 1
Cell (virus_2991941,host_328804): 0 -> 1
Cell (virus_2991941,host_9402): 0 -> 1
Cell (virus_2991941,host_9403): 0 -> 1
Cell (virus_2991941,host_77231): 0 -> 1
Cell (virus_2991941,host_2853157): 0 -> 1
Cell (virus_2991941,host_372077): 0 -> 1
Cell (virus_2991941,host_58067): 0 -> 1
Cell (virus_2991941,host_498220): 0 -> 1
Cell (virus_2991941,host_448084): 0 -> 1
Cell (virus_2991941,host_58071): 0 -> 1
Cell (virus_2991941,host_77243): 0 -> 1
Cell (virus_2991941,host_58073): 0 -> 1
Cell (virus_2991941,host_77223): 0 -> 1
Cell (virus_2991941,host_9407): 0 -> 1
Cell (virus_2991941,host_9408): 0 -> 1
Cell (virus_2991941,host_58065): 0 -> 1
Cell (virus_2991941,host_326083): 0 -> 1
Cell (virus_2991941,host_89673): 0 -> 1
Cell (virus_2991941,host_3042450): 0 -> 1
Cell (virus_2991941,host_1434095): 0 -> 1
Cell (virus_2991941,host_221086): 0 -> 1
Cell (virus_2991941,host_291302): 0 -> 1
Cell (virus_2991941,host_221087): 0 -> 1
Cell (virus_2991941,host_187007): 0 -> 1
Cell (virus_2991941,host_187008): 0 -> 1
Cell (virus_2991941,host_438766): 0 -> 1
Cell (virus_2991941,host_258934): 0 -> 1
Cell (virus_2991941,host_479723): 0 -> 1
Cell (virus_2991941,host_3041509): 0 -> 1
Cell (virus_2991941,host_258867): 0 -> 1
Cell (virus_2991941,host_153297): 0 -> 1
Cell (virus_2991941,host_258952): 0 -> 1
Cell (virus_2991941,host_258953): 0 -> 1
Cell (virus_2991941,host_249033): 0 -> 1
Cell (virus_2991941,host_258930): 0 -> 1
Cell (virus_2991941,host_272799): 0 -> 1
Cell (virus_2991941,host_258909): 0 -> 1
Cell (virus_2991941,host_29078): 0 -> 1
Cell (virus_2991941,host_3371014): 0 -> 1
Cell (virus_2991941,host_3371016): 0 -> 1
Cell (virus_2991941,host_360967): 0 -> 1
Cell (virus_2991941,host_258959): 0 -> 1
Cell (virus_2993504,host_105273): 0 -> 1
Cell (virus_2993504,host_105295): 0 -> 1
Cell (virus_2993504,host_187011): 0 -> 1
Cell (virus_2993504,host_51300): 0 -> 1
Cell (virus_2993504,host_59473): 0 -> 1
Cell (virus_2993504,host_633648): 0 -> 1
Cell (virus_2993504,host_258925): 0 -> 1
Cell (virus_2993504,host_177185): 0 -> 1
Cell (virus_2993504,host_685731): 0 -> 1
Cell (virus_2993504,host_1207989): 0 -> 1
Cell (virus_2993504,host_157961): 0 -> 1
Cell (virus_2993504,host_132908): 0 -> 1
Cell (virus_2993504,host_166054): 0 -> 1
Cell (virus_2993504,host_328804): 0 -> 1
Cell (virus_2993504,host_9402): 0 -> 1
Cell (virus_2993504,host_9403): 0 -> 1
Cell (virus_2993504,host_77231): 0 -> 1
Cell (virus_2993504,host_2853157): 0 -> 1
Cell (virus_2993504,host_372077): 0 -> 1
Cell (virus_2993504,host_58067): 0 -> 1
Cell (virus_2993504,host_498220): 0 -> 1
Cell (virus_2993504,host_448084): 0 -> 1
Cell (virus_2993504,host_58071): 0 -> 1
Cell (virus_2993504,host_77243): 0 -> 1
Cell (virus_2993504,host_58073): 0 -> 1
Cell (virus_2993504,host_77223): 0 -> 1
Cell (virus_2993504,host_9407): 0 -> 1
Cell (virus_2993504,host_9408): 0 -> 1
Cell (virus_2993504,host_58065): 0 -> 1
Cell (virus_2993504,host_89673): 0 -> 1
Cell (virus_2993504,host_3042450): 0 -> 1
Cell (virus_2993504,host_1434095): 0 -> 1
Cell (virus_2993504,host_221086): 0 -> 1
Cell (virus_2993504,host_291302): 0 -> 1
Cell (virus_2993504,host_187007): 0 -> 1
Cell (virus_2993504,host_187008): 0 -> 1
Cell (virus_2993504,host_438766): 0 -> 1
Cell (virus_2993504,host_258934): 0 -> 1
Cell (virus_2993504,host_479723): 0 -> 1
Cell (virus_2993504,host_3041509): 0 -> 1
Cell (virus_2993504,host_258867): 0 -> 1
Cell (virus_2993504,host_153297): 0 -> 1
Cell (virus_2993504,host_258952): 0 -> 1
Cell (virus_2993504,host_258953): 0 -> 1
Cell (virus_2993504,host_249033): 0 -> 1
Cell (virus_2993504,host_258930): 0 -> 1
Cell (virus_2993504,host_272799): 0 -> 1
Cell (virus_2993504,host_258909): 0 -> 1
Cell (virus_2993504,host_29078): 0 -> 1
Cell (virus_2993504,host_3371014): 0 -> 1
Cell (virus_2993504,host_3371016): 0 -> 1
Cell (virus_2993504,host_360967): 0 -> 1
Cell (virus_2993504,host_258959): 0 -> 1
Cell (virus_1335626,host_105273): 0 -> 1
Cell (virus_1335626,host_105295): 0 -> 1
Cell (virus_1335626,host_187011): 0 -> 1
Cell (virus_1335626,host_375553): 0 -> 1
Cell (virus_1335626,host_59473): 0 -> 1
Cell (virus_1335626,host_2015597): 0 -> 1
Cell (virus_1335626,host_633648): 0 -> 1
Cell (virus_1335626,host_258925): 0 -> 1
Cell (virus_1335626,host_177185): 0 -> 1
Cell (virus_1335626,host_166054): 0 -> 1
Cell (virus_1335626,host_9402): 0 -> 1
Cell (virus_1335626,host_9403): 0 -> 1
Cell (virus_1335626,host_1410044): 0 -> 1
Cell (virus_1335626,host_1898389): 0 -> 1
Cell (virus_1335626,host_77231): 0 -> 1
Cell (virus_1335626,host_372077): 0 -> 1
Cell (virus_1335626,host_58067): 0 -> 1
Cell (virus_1335626,host_58071): 0 -> 1
Cell (virus_1335626,host_77243): 0 -> 1
Cell (virus_1335626,host_58073): 0 -> 1
Cell (virus_1335626,host_1898393): 0 -> 1
Cell (virus_1335626,host_77223): 0 -> 1
Cell (virus_1335626,host_9407): 0 -> 1
Cell (virus_1335626,host_9408): 0 -> 1
Cell (virus_1335626,host_58065): 0 -> 1
Cell (virus_1335626,host_27634): 0 -> 1
Cell (virus_1335626,host_40228): 0 -> 1
Cell (virus_1335626,host_40230): 0 -> 1
Cell (virus_1335626,host_40224): 0 -> 1
Cell (virus_1335626,host_1434095): 0 -> 1
Cell (virus_1335626,host_221086): 0 -> 1
Cell (virus_1335626,host_291302): 0 -> 1
Cell (virus_1335626,host_187007): 0 -> 1
Cell (virus_1335626,host_187008): 0 -> 1
Cell (virus_1335626,host_438766): 0 -> 1
Cell (virus_1335626,host_258934): 0 -> 1
Cell (virus_1335626,host_124751): 0 -> 1
Cell (virus_1335626,host_3041509): 0 -> 1
Cell (virus_1335626,host_258867): 0 -> 1
Cell (virus_1335626,host_258952): 0 -> 1
Cell (virus_1335626,host_258953): 0 -> 1
Cell (virus_1335626,host_258930): 0 -> 1
Cell (virus_1335626,host_272799): 0 -> 1
Cell (virus_1335626,host_258909): 0 -> 1
Cell (virus_1335626,host_258959): 0 -> 1
Cell (virus_3433633,host_105273): 0 -> 1
Cell (virus_3433633,host_105295): 0 -> 1
Cell (virus_3433633,host_187011): 0 -> 1
Cell (virus_3433633,host_375553): 0 -> 1
Cell (virus_3433633,host_59473): 0 -> 1
Cell (virus_3433633,host_2015597): 0 -> 1
Cell (virus_3433633,host_633648): 0 -> 1
Cell (virus_3433633,host_258925): 0 -> 1
Cell (virus_3433633,host_177185): 0 -> 1
Cell (virus_3433633,host_166054): 0 -> 1
Cell (virus_3433633,host_9402): 0 -> 1
Cell (virus_3433633,host_9403): 0 -> 1
Cell (virus_3433633,host_1410044): 0 -> 1
Cell (virus_3433633,host_1898389): 0 -> 1
Cell (virus_3433633,host_77231): 0 -> 1
Cell (virus_3433633,host_372077): 0 -> 1
Cell (virus_3433633,host_58067): 0 -> 1
Cell (virus_3433633,host_58071): 0 -> 1
Cell (virus_3433633,host_77243): 0 -> 1
Cell (virus_3433633,host_58073): 0 -> 1
Cell (virus_3433633,host_1898393): 0 -> 1
Cell (virus_3433633,host_77223): 0 -> 1
Cell (virus_3433633,host_9407): 0 -> 1
Cell (virus_3433633,host_9408): 0 -> 1
Cell (virus_3433633,host_58065): 0 -> 1
Cell (virus_3433633,host_27634): 0 -> 1
Cell (virus_3433633,host_40228): 0 -> 1
Cell (virus_3433633,host_40230): 0 -> 1
Cell (virus_3433633,host_40224): 0 -> 1
Cell (virus_3433633,host_1434095): 0 -> 1
Cell (virus_3433633,host_221086): 0 -> 1
Cell (virus_3433633,host_291302): 0 -> 1
Cell (virus_3433633,host_187007): 0 -> 1
Cell (virus_3433633,host_187008): 0 -> 1
Cell (virus_3433633,host_438766): 0 -> 1
Cell (virus_3433633,host_258934): 0 -> 1
Cell (virus_3433633,host_124751): 0 -> 1
Cell (virus_3433633,host_3041509): 0 -> 1
Cell (virus_3433633,host_258867): 0 -> 1
Cell (virus_3433633,host_258952): 0 -> 1
Cell (virus_3433633,host_258953): 0 -> 1
Cell (virus_3433633,host_258930): 0 -> 1
Cell (virus_3433633,host_272799): 0 -> 1
Cell (virus_3433633,host_258909): 0 -> 1
Cell (virus_3433633,host_258959): 0 -> 1
Cell (virus_1508220,host_105273): 0 -> 1
Cell (virus_1508220,host_105295): 0 -> 1
Cell (virus_1508220,host_187011): 0 -> 1
Cell (virus_1508220,host_375553): 0 -> 1
Cell (virus_1508220,host_59473): 0 -> 1
Cell (virus_1508220,host_2015597): 0 -> 1
Cell (virus_1508220,host_633648): 0 -> 1
Cell (virus_1508220,host_258925): 0 -> 1
Cell (virus_1508220,host_177185): 0 -> 1
Cell (virus_1508220,host_187017): 0 -> 1
Cell (virus_1508220,host_430492): 0 -> 1
Cell (virus_1508220,host_166054): 0 -> 1
Cell (virus_1508220,host_9402): 0 -> 1
Cell (virus_1508220,host_9403): 0 -> 1
Cell (virus_1508220,host_1410044): 0 -> 1
Cell (virus_1508220,host_1898389): 0 -> 1
Cell (virus_1508220,host_77231): 0 -> 1
Cell (virus_1508220,host_372077): 0 -> 1
Cell (virus_1508220,host_58067): 0 -> 1
Cell (virus_1508220,host_58071): 0 -> 1
Cell (virus_1508220,host_77243): 0 -> 1
Cell (virus_1508220,host_58073): 0 -> 1
Cell (virus_1508220,host_77223): 0 -> 1
Cell (virus_1508220,host_9407): 0 -> 1
Cell (virus_1508220,host_9408): 0 -> 1
Cell (virus_1508220,host_58065): 0 -> 1
Cell (virus_1508220,host_27634): 0 -> 1
Cell (virus_1508220,host_40228): 0 -> 1
Cell (virus_1508220,host_40230): 0 -> 1
Cell (virus_1508220,host_40224): 0 -> 1
Cell (virus_1508220,host_1434095): 0 -> 1
Cell (virus_1508220,host_221086): 0 -> 1
Cell (virus_1508220,host_291302): 0 -> 1
Cell (virus_1508220,host_187007): 0 -> 1
Cell (virus_1508220,host_9433): 0 -> 1
Cell (virus_1508220,host_187008): 0 -> 1
Cell (virus_1508220,host_438766): 0 -> 1
Cell (virus_1508220,host_258934): 0 -> 1
Cell (virus_1508220,host_124751): 0 -> 1
Cell (virus_1508220,host_3041509): 0 -> 1
Cell (virus_1508220,host_258867): 0 -> 1
Cell (virus_1508220,host_258952): 0 -> 1
Cell (virus_1508220,host_258953): 0 -> 1
Cell (virus_1508220,host_258930): 0 -> 1
Cell (virus_1508220,host_272799): 0 -> 1
Cell (virus_1508220,host_258909): 0 -> 1
Cell (virus_1508220,host_258959): 0 -> 1
Cell (virus_3433775,host_105273): 0 -> 1
Cell (virus_3433775,host_105295): 0 -> 1
Cell (virus_3433775,host_187011): 0 -> 1
Cell (virus_3433775,host_375553): 0 -> 1
Cell (virus_3433775,host_59473): 0 -> 1
Cell (virus_3433775,host_2015597): 0 -> 1
Cell (virus_3433775,host_633648): 0 -> 1
Cell (virus_3433775,host_258925): 0 -> 1
Cell (virus_3433775,host_177185): 0 -> 1
Cell (virus_3433775,host_187017): 0 -> 1
Cell (virus_3433775,host_430492): 0 -> 1
Cell (virus_3433775,host_166054): 0 -> 1
Cell (virus_3433775,host_9402): 0 -> 1
Cell (virus_3433775,host_9403): 0 -> 1
Cell (virus_3433775,host_1410044): 0 -> 1
Cell (virus_3433775,host_1898389): 0 -> 1
Cell (virus_3433775,host_77231): 0 -> 1
Cell (virus_3433775,host_372077): 0 -> 1
Cell (virus_3433775,host_58067): 0 -> 1
Cell (virus_3433775,host_58071): 0 -> 1
Cell (virus_3433775,host_77243): 0 -> 1
Cell (virus_3433775,host_58073): 0 -> 1
Cell (virus_3433775,host_77223): 0 -> 1
Cell (virus_3433775,host_9407): 0 -> 1
Cell (virus_3433775,host_9408): 0 -> 1
Cell (virus_3433775,host_58065): 0 -> 1
Cell (virus_3433775,host_27634): 0 -> 1
Cell (virus_3433775,host_40228): 0 -> 1
Cell (virus_3433775,host_40230): 0 -> 1
Cell (virus_3433775,host_40224): 0 -> 1
Cell (virus_3433775,host_1434095): 0 -> 1
Cell (virus_3433775,host_221086): 0 -> 1
Cell (virus_3433775,host_291302): 0 -> 1
Cell (virus_3433775,host_187007): 0 -> 1
Cell (virus_3433775,host_9433): 0 -> 1
Cell (virus_3433775,host_187008): 0 -> 1
Cell (virus_3433775,host_438766): 0 -> 1
Cell (virus_3433775,host_258934): 0 -> 1
Cell (virus_3433775,host_124751): 0 -> 1
Cell (virus_3433775,host_3041509): 0 -> 1
Cell (virus_3433775,host_258867): 0 -> 1
Cell (virus_3433775,host_258952): 0 -> 1
Cell (virus_3433775,host_258953): 0 -> 1
Cell (virus_3433775,host_258930): 0 -> 1
Cell (virus_3433775,host_272799): 0 -> 1
Cell (virus_3433775,host_258909): 0 -> 1
Cell (virus_3433775,host_258944): 0 -> 1
Cell (virus_3433775,host_258959): 0 -> 1
Cell (virus_694008,host_105273): 0 -> 1
Cell (virus_694008,host_105295): 0 -> 1
Cell (virus_694008,host_187011): 0 -> 1
Cell (virus_694008,host_375553): 0 -> 1
Cell (virus_694008,host_59473): 0 -> 1
Cell (virus_694008,host_2015597): 0 -> 1
Cell (virus_694008,host_633648): 0 -> 1
Cell (virus_694008,host_258925): 0 -> 1
Cell (virus_694008,host_177185): 0 -> 1
Cell (virus_694008,host_187017): 0 -> 1
Cell (virus_694008,host_430492): 0 -> 1
Cell (virus_694008,host_166054): 0 -> 1
Cell (virus_694008,host_9402): 0 -> 1
Cell (virus_694008,host_9403): 0 -> 1
Cell (virus_694008,host_1410044): 0 -> 1
Cell (virus_694008,host_1898389): 0 -> 1
Cell (virus_694008,host_77231): 0 -> 1
Cell (virus_694008,host_372077): 0 -> 1
Cell (virus_694008,host_58067): 0 -> 1
Cell (virus_694008,host_58071): 0 -> 1
Cell (virus_694008,host_77243): 0 -> 1
Cell (virus_694008,host_58073): 0 -> 1
Cell (virus_694008,host_77223): 0 -> 1
Cell (virus_694008,host_9407): 0 -> 1
Cell (virus_694008,host_9408): 0 -> 1
Cell (virus_694008,host_58065): 0 -> 1
Cell (virus_694008,host_27634): 0 -> 1
Cell (virus_694008,host_40228): 0 -> 1
Cell (virus_694008,host_40230): 0 -> 1
Cell (virus_694008,host_40224): 0 -> 1
Cell (virus_694008,host_1434095): 0 -> 1
Cell (virus_694008,host_221086): 0 -> 1
Cell (virus_694008,host_291302): 0 -> 1
Cell (virus_694008,host_187007): 0 -> 1
Cell (virus_694008,host_9433): 0 -> 1
Cell (virus_694008,host_187008): 0 -> 1
Cell (virus_694008,host_438766): 0 -> 1
Cell (virus_694008,host_258934): 0 -> 1
Cell (virus_694008,host_124751): 0 -> 1
Cell (virus_694008,host_3041509): 0 -> 1
Cell (virus_694008,host_258867): 0 -> 1
Cell (virus_694008,host_258952): 0 -> 1
Cell (virus_694008,host_258953): 0 -> 1
Cell (virus_694008,host_258930): 0 -> 1
Cell (virus_694008,host_272799): 0 -> 1
Cell (virus_694008,host_258909): 0 -> 1
Cell (virus_694008,host_258944): 0 -> 1
Cell (virus_694008,host_258959): 0 -> 1
Cell (virus_2832974,host_105273): 0 -> 1
Cell (virus_2832974,host_105295): 0 -> 1
Cell (virus_2832974,host_187011): 0 -> 1
Cell (virus_2832974,host_375553): 0 -> 1
Cell (virus_2832974,host_59473): 0 -> 1
Cell (virus_2832974,host_2015597): 0 -> 1
Cell (virus_2832974,host_633648): 0 -> 1
Cell (virus_2832974,host_258925): 0 -> 1
Cell (virus_2832974,host_177185): 0 -> 1
Cell (virus_2832974,host_187017): 0 -> 1
Cell (virus_2832974,host_430492): 0 -> 1
Cell (virus_2832974,host_166054): 0 -> 1
Cell (virus_2832974,host_9402): 0 -> 1
Cell (virus_2832974,host_9403): 0 -> 1
Cell (virus_2832974,host_1410044): 0 -> 1
Cell (virus_2832974,host_1898389): 0 -> 1
Cell (virus_2832974,host_77231): 0 -> 1
Cell (virus_2832974,host_372077): 0 -> 1
Cell (virus_2832974,host_58067): 0 -> 1
Cell (virus_2832974,host_58071): 0 -> 1
Cell (virus_2832974,host_77243): 0 -> 1
Cell (virus_2832974,host_58073): 0 -> 1
Cell (virus_2832974,host_1898393): 0 -> 1
Cell (virus_2832974,host_77223): 0 -> 1
Cell (virus_2832974,host_9407): 0 -> 1
Cell (virus_2832974,host_9408): 0 -> 1
Cell (virus_2832974,host_58065): 0 -> 1
Cell (virus_2832974,host_40228): 0 -> 1
Cell (virus_2832974,host_40230): 0 -> 1
Cell (virus_2832974,host_40224): 0 -> 1
Cell (virus_2832974,host_1434095): 0 -> 1
Cell (virus_2832974,host_221086): 0 -> 1
Cell (virus_2832974,host_291302): 0 -> 1
Cell (virus_2832974,host_187007): 0 -> 1
Cell (virus_2832974,host_187008): 0 -> 1
Cell (virus_2832974,host_438766): 0 -> 1
Cell (virus_2832974,host_258934): 0 -> 1
Cell (virus_2832974,host_124751): 0 -> 1
Cell (virus_2832974,host_3041509): 0 -> 1
Cell (virus_2832974,host_258867): 0 -> 1
Cell (virus_2832974,host_258952): 0 -> 1
Cell (virus_2832974,host_258953): 0 -> 1
Cell (virus_2832974,host_258930): 0 -> 1
Cell (virus_2832974,host_272799): 0 -> 1
Cell (virus_2832974,host_258909): 0 -> 1
Cell (virus_2832974,host_258959): 0 -> 1
Cell (virus_1928434,host_105273): 0 -> 1
Cell (virus_1928434,host_105295): 0 -> 1
Cell (virus_1928434,host_187011): 0 -> 1
Cell (virus_1928434,host_375553): 0 -> 1
Cell (virus_1928434,host_51300): 0 -> 1
Cell (virus_1928434,host_59473): 0 -> 1
Cell (virus_1928434,host_2603869): 0 -> 1
Cell (virus_1928434,host_1207989): 0 -> 1
Cell (virus_1928434,host_132908): 0 -> 1
Cell (virus_1928434,host_166054): 0 -> 1
Cell (virus_1928434,host_9402): 0 -> 1
Cell (virus_1928434,host_9403): 0 -> 1
Cell (virus_1928434,host_1410044): 0 -> 1
Cell (virus_1928434,host_1898389): 0 -> 1
Cell (virus_1928434,host_77231): 0 -> 1
Cell (virus_1928434,host_2853157): 0 -> 1
Cell (virus_1928434,host_903567): 0 -> 1
Cell (virus_1928434,host_58067): 0 -> 1
Cell (virus_1928434,host_58071): 0 -> 1
Cell (virus_1928434,host_77243): 0 -> 1
Cell (virus_1928434,host_58073): 0 -> 1
Cell (virus_1928434,host_77223): 0 -> 1
Cell (virus_1928434,host_9407): 0 -> 1
Cell (virus_1928434,host_9408): 0 -> 1
Cell (virus_1928434,host_58065): 0 -> 1
Cell (virus_1928434,host_27634): 0 -> 1
Cell (virus_1928434,host_40228): 0 -> 1
Cell (virus_1928434,host_40230): 0 -> 1
Cell (virus_1928434,host_221086): 0 -> 1
Cell (virus_1928434,host_291302): 0 -> 1
Cell (virus_1928434,host_221087): 0 -> 1
Cell (virus_1928434,host_187007): 0 -> 1
Cell (virus_1928434,host_187008): 0 -> 1
Cell (virus_1928434,host_438766): 0 -> 1
Cell (virus_1928434,host_258934): 0 -> 1
Cell (virus_1928434,host_479723): 0 -> 1
Cell (virus_1928434,host_124751): 0 -> 1
Cell (virus_1928434,host_3041509): 0 -> 1
Cell (virus_1928434,host_258867): 0 -> 1
Cell (virus_1928434,host_249034): 0 -> 1
Cell (virus_1928434,host_258952): 0 -> 1
Cell (virus_1928434,host_258953): 0 -> 1
Cell (virus_1928434,host_258930): 0 -> 1
Cell (virus_1928434,host_272799): 0 -> 1
Cell (virus_1928434,host_258909): 0 -> 1
Cell (virus_1928434,host_909369): 0 -> 1
Cell (virus_1928434,host_29078): 0 -> 1
Cell (virus_1928434,host_3371014): 0 -> 1
Cell (virus_1928434,host_3371016): 0 -> 1
Cell (virus_1928434,host_360967): 0 -> 1
Cell (virus_1928434,host_258959): 0 -> 1
Cell (virus_1928434,host_526822): 0 -> 1
Cell (virus_3433757,host_105273): 0 -> 1
Cell (virus_3433757,host_105295): 0 -> 1
Cell (virus_3433757,host_187011): 0 -> 1
Cell (virus_3433757,host_375553): 0 -> 1
Cell (virus_3433757,host_51300): 0 -> 1
Cell (virus_3433757,host_59473): 0 -> 1
Cell (virus_3433757,host_2603869): 0 -> 1
Cell (virus_3433757,host_1207989): 0 -> 1
Cell (virus_3433757,host_132908): 0 -> 1
Cell (virus_3433757,host_166054): 0 -> 1
Cell (virus_3433757,host_9402): 0 -> 1
Cell (virus_3433757,host_9403): 0 -> 1
Cell (virus_3433757,host_1410044): 0 -> 1
Cell (virus_3433757,host_1898389): 0 -> 1
Cell (virus_3433757,host_77231): 0 -> 1
Cell (virus_3433757,host_2853157): 0 -> 1
Cell (virus_3433757,host_903567): 0 -> 1
Cell (virus_3433757,host_58067): 0 -> 1
Cell (virus_3433757,host_58071): 0 -> 1
Cell (virus_3433757,host_77243): 0 -> 1
Cell (virus_3433757,host_58073): 0 -> 1
Cell (virus_3433757,host_77223): 0 -> 1
Cell (virus_3433757,host_9407): 0 -> 1
Cell (virus_3433757,host_9408): 0 -> 1
Cell (virus_3433757,host_58065): 0 -> 1
Cell (virus_3433757,host_27634): 0 -> 1
Cell (virus_3433757,host_40228): 0 -> 1
Cell (virus_3433757,host_40230): 0 -> 1
Cell (virus_3433757,host_221086): 0 -> 1
Cell (virus_3433757,host_291302): 0 -> 1
Cell (virus_3433757,host_221087): 0 -> 1
Cell (virus_3433757,host_187007): 0 -> 1
Cell (virus_3433757,host_187008): 0 -> 1
Cell (virus_3433757,host_438766): 0 -> 1
Cell (virus_3433757,host_258934): 0 -> 1
Cell (virus_3433757,host_479723): 0 -> 1
Cell (virus_3433757,host_3041509): 0 -> 1
Cell (virus_3433757,host_258867): 0 -> 1
Cell (virus_3433757,host_249034): 0 -> 1
Cell (virus_3433757,host_258952): 0 -> 1
Cell (virus_3433757,host_258953): 0 -> 1
Cell (virus_3433757,host_258930): 0 -> 1
Cell (virus_3433757,host_272799): 0 -> 1
Cell (virus_3433757,host_258909): 0 -> 1
Cell (virus_3433757,host_909369): 0 -> 1
Cell (virus_3433757,host_29078): 0 -> 1
Cell (virus_3433757,host_3371014): 0 -> 1
Cell (virus_3433757,host_3371016): 0 -> 1
Cell (virus_3433757,host_360967): 0 -> 1
Cell (virus_3433757,host_258959): 0 -> 1
Cell (virus_3433757,host_526822): 0 -> 1
Cell (virus_694003,host_105273): 0 -> 1
Cell (virus_694003,host_105295): 0 -> 1
Cell (virus_694003,host_187011): 0 -> 1
Cell (virus_694003,host_375553): 0 -> 1
Cell (virus_694003,host_51300): 0 -> 1
Cell (virus_694003,host_59473): 0 -> 1
Cell (virus_694003,host_2603869): 0 -> 1
Cell (virus_694003,host_1207989): 0 -> 1
Cell (virus_694003,host_132908): 0 -> 1
Cell (virus_694003,host_166054): 0 -> 1
Cell (virus_694003,host_9402): 0 -> 1
Cell (virus_694003,host_9403): 0 -> 1
Cell (virus_694003,host_1410044): 0 -> 1
Cell (virus_694003,host_1898389): 0 -> 1
Cell (virus_694003,host_77231): 0 -> 1
Cell (virus_694003,host_2853157): 0 -> 1
Cell (virus_694003,host_903567): 0 -> 1
Cell (virus_694003,host_58067): 0 -> 1
Cell (virus_694003,host_58071): 0 -> 1
Cell (virus_694003,host_77243): 0 -> 1
Cell (virus_694003,host_58073): 0 -> 1
Cell (virus_694003,host_77223): 0 -> 1
Cell (virus_694003,host_9407): 0 -> 1
Cell (virus_694003,host_9408): 0 -> 1
Cell (virus_694003,host_58065): 0 -> 1
Cell (virus_694003,host_27634): 0 -> 1
Cell (virus_694003,host_40228): 0 -> 1
Cell (virus_694003,host_40230): 0 -> 1
Cell (virus_694003,host_221086): 0 -> 1
Cell (virus_694003,host_291302): 0 -> 1
Cell (virus_694003,host_221087): 0 -> 1
Cell (virus_694003,host_187007): 0 -> 1
Cell (virus_694003,host_187008): 0 -> 1
Cell (virus_694003,host_438766): 0 -> 1
Cell (virus_694003,host_258934): 0 -> 1
Cell (virus_694003,host_479723): 0 -> 1
Cell (virus_694003,host_3041509): 0 -> 1
Cell (virus_694003,host_258867): 0 -> 1
Cell (virus_694003,host_249034): 0 -> 1
Cell (virus_694003,host_258952): 0 -> 1
Cell (virus_694003,host_258953): 0 -> 1
Cell (virus_694003,host_258930): 0 -> 1
Cell (virus_694003,host_272799): 0 -> 1
Cell (virus_694003,host_258909): 0 -> 1
Cell (virus_694003,host_909369): 0 -> 1
Cell (virus_694003,host_29078): 0 -> 1
Cell (virus_694003,host_3371014): 0 -> 1
Cell (virus_694003,host_3371016): 0 -> 1
Cell (virus_694003,host_360967): 0 -> 1
Cell (virus_694003,host_258959): 0 -> 1
Cell (virus_694003,host_526822): 0 -> 1
Cell (virus_2717680,host_105273): 0 -> 1
Cell (virus_2717680,host_105295): 0 -> 1
Cell (virus_2717680,host_187011): 0 -> 1
Cell (virus_2717680,host_375553): 0 -> 1
Cell (virus_2717680,host_51300): 0 -> 1
Cell (virus_2717680,host_59473): 0 -> 1
Cell (virus_2717680,host_2603869): 0 -> 1
Cell (virus_2717680,host_376555): 0 -> 1
Cell (virus_2717680,host_188570): 0 -> 1
Cell (virus_2717680,host_196296): 0 -> 1
Cell (virus_2717680,host_608659): 0 -> 1
Cell (virus_2717680,host_89399): 0 -> 1
Cell (virus_2717680,host_249024): 0 -> 1
Cell (virus_2717680,host_337453): 0 -> 1
Cell (virus_2717680,host_77218): 0 -> 1
Cell (virus_2717680,host_3371112): 0 -> 1
Cell (virus_2717680,host_166054): 0 -> 1
Cell (virus_2717680,host_385575): 0 -> 1
Cell (virus_2717680,host_328804): 0 -> 1
Cell (virus_2717680,host_9402): 0 -> 1
Cell (virus_2717680,host_9403): 0 -> 1
Cell (virus_2717680,host_1410044): 0 -> 1
Cell (virus_2717680,host_1898389): 0 -> 1
Cell (virus_2717680,host_77231): 0 -> 1
Cell (virus_2717680,host_372077): 0 -> 1
Cell (virus_2717680,host_58067): 0 -> 1
Cell (virus_2717680,host_448084): 0 -> 1
Cell (virus_2717680,host_58071): 0 -> 1
Cell (virus_2717680,host_77243): 0 -> 1
Cell (virus_2717680,host_58073): 0 -> 1
Cell (virus_2717680,host_77223): 0 -> 1
Cell (virus_2717680,host_9407): 0 -> 1
Cell (virus_2717680,host_9408): 0 -> 1
Cell (virus_2717680,host_326083): 0 -> 1
Cell (virus_2717680,host_89673): 0 -> 1
Cell (virus_2717680,host_148061): 0 -> 1
Cell (virus_2717680,host_148089): 0 -> 1
Cell (virus_2717680,host_94961): 0 -> 1
Cell (virus_2717680,host_3042450): 0 -> 1
Cell (virus_2717680,host_1434095): 0 -> 1
Cell (virus_2717680,host_221086): 0 -> 1
Cell (virus_2717680,host_291302): 0 -> 1
Cell (virus_2717680,host_187007): 0 -> 1
Cell (virus_2717680,host_187008): 0 -> 1
Cell (virus_2717680,host_438766): 0 -> 1
Cell (virus_2717680,host_258934): 0 -> 1
Cell (virus_2717680,host_479723): 0 -> 1
Cell (virus_2717680,host_3041509): 0 -> 1
Cell (virus_2717680,host_258867): 0 -> 1
Cell (virus_2717680,host_153297): 0 -> 1
Cell (virus_2717680,host_258952): 0 -> 1
Cell (virus_2717680,host_258953): 0 -> 1
Cell (virus_2717680,host_249033): 0 -> 1
Cell (virus_2717680,host_258930): 0 -> 1
Cell (virus_2717680,host_272799): 0 -> 1
Cell (virus_2717680,host_258909): 0 -> 1
Cell (virus_2717680,host_909369): 0 -> 1
Cell (virus_2717680,host_29078): 0 -> 1
Cell (virus_2717680,host_3371014): 0 -> 1
Cell (virus_2717680,host_3371016): 0 -> 1
Cell (virus_2717680,host_360967): 0 -> 1
Cell (virus_2717680,host_258959): 0 -> 1
Cell (virus_2833022,host_105273): 0 -> 1
Cell (virus_2833022,host_105295): 0 -> 1
Cell (virus_2833022,host_187011): 0 -> 1
Cell (virus_2833022,host_375553): 0 -> 1
Cell (virus_2833022,host_59473): 0 -> 1
Cell (virus_2833022,host_160974): 0 -> 1
Cell (virus_2833022,host_2603869): 0 -> 1
Cell (virus_2833022,host_376555): 0 -> 1
Cell (virus_2833022,host_188570): 0 -> 1
Cell (virus_2833022,host_196296): 0 -> 1
Cell (virus_2833022,host_608659): 0 -> 1
Cell (virus_2833022,host_89399): 0 -> 1
Cell (virus_2833022,host_337453): 0 -> 1
Cell (virus_2833022,host_77218): 0 -> 1
Cell (virus_2833022,host_3371112): 0 -> 1
Cell (virus_2833022,host_166054): 0 -> 1
Cell (virus_2833022,host_385575): 0 -> 1
Cell (virus_2833022,host_328804): 0 -> 1
Cell (virus_2833022,host_9402): 0 -> 1
Cell (virus_2833022,host_9403): 0 -> 1
Cell (virus_2833022,host_1410044): 0 -> 1
Cell (virus_2833022,host_1898389): 0 -> 1
Cell (virus_2833022,host_77231): 0 -> 1
Cell (virus_2833022,host_372077): 0 -> 1
Cell (virus_2833022,host_58067): 0 -> 1
Cell (virus_2833022,host_58071): 0 -> 1
Cell (virus_2833022,host_77243): 0 -> 1
Cell (virus_2833022,host_58073): 0 -> 1
Cell (virus_2833022,host_77223): 0 -> 1
Cell (virus_2833022,host_9407): 0 -> 1
Cell (virus_2833022,host_9408): 0 -> 1
Cell (virus_2833022,host_58063): 0 -> 1
Cell (virus_2833022,host_326083): 0 -> 1
Cell (virus_2833022,host_89673): 0 -> 1
Cell (virus_2833022,host_148089): 0 -> 1
Cell (virus_2833022,host_94961): 0 -> 1
Cell (virus_2833022,host_3042450): 0 -> 1
Cell (virus_2833022,host_3371013): 0 -> 1
Cell (virus_2833022,host_1434095): 0 -> 1
Cell (virus_2833022,host_221086): 0 -> 1
Cell (virus_2833022,host_291302): 0 -> 1
Cell (virus_2833022,host_221087): 0 -> 1
Cell (virus_2833022,host_187007): 0 -> 1
Cell (virus_2833022,host_187008): 0 -> 1
Cell (virus_2833022,host_438766): 0 -> 1
Cell (virus_2833022,host_258934): 0 -> 1
Cell (virus_2833022,host_479723): 0 -> 1
Cell (virus_2833022,host_3041509): 0 -> 1
Cell (virus_2833022,host_258867): 0 -> 1
Cell (virus_2833022,host_153297): 0 -> 1
Cell (virus_2833022,host_249034): 0 -> 1
Cell (virus_2833022,host_258952): 0 -> 1
Cell (virus_2833022,host_258953): 0 -> 1
Cell (virus_2833022,host_249033): 0 -> 1
Cell (virus_2833022,host_258930): 0 -> 1
Cell (virus_2833022,host_272799): 0 -> 1
Cell (virus_2833022,host_258909): 0 -> 1
Cell (virus_2833022,host_909369): 0 -> 1
Cell (virus_2833022,host_29078): 0 -> 1
Cell (virus_2833022,host_3371014): 0 -> 1
Cell (virus_2833022,host_3371016): 0 -> 1
Cell (virus_2833022,host_360967): 0 -> 1
Cell (virus_2833022,host_258944): 0 -> 1
Cell (virus_2833022,host_258959): 0 -> 1
Cell (virus_2913444,host_105273): 0 -> 1
Cell (virus_2913444,host_105295): 0 -> 1
Cell (virus_2913444,host_187011): 0 -> 1
Cell (virus_2913444,host_375553): 0 -> 1
Cell (virus_2913444,host_59473): 0 -> 1
Cell (virus_2913444,host_160974): 0 -> 1
Cell (virus_2913444,host_2603869): 0 -> 1
Cell (virus_2913444,host_376555): 0 -> 1
Cell (virus_2913444,host_188570): 0 -> 1
Cell (virus_2913444,host_196296): 0 -> 1
Cell (virus_2913444,host_608659): 0 -> 1
Cell (virus_2913444,host_89399): 0 -> 1
Cell (virus_2913444,host_337453): 0 -> 1
Cell (virus_2913444,host_77218): 0 -> 1
Cell (virus_2913444,host_3371112): 0 -> 1
Cell (virus_2913444,host_166054): 0 -> 1
Cell (virus_2913444,host_385575): 0 -> 1
Cell (virus_2913444,host_328804): 0 -> 1
Cell (virus_2913444,host_9402): 0 -> 1
Cell (virus_2913444,host_9403): 0 -> 1
Cell (virus_2913444,host_1410044): 0 -> 1
Cell (virus_2913444,host_1898389): 0 -> 1
Cell (virus_2913444,host_77231): 0 -> 1
Cell (virus_2913444,host_372077): 0 -> 1
Cell (virus_2913444,host_58067): 0 -> 1
Cell (virus_2913444,host_498220): 0 -> 1
Cell (virus_2913444,host_58071): 0 -> 1
Cell (virus_2913444,host_77243): 0 -> 1
Cell (virus_2913444,host_58073): 0 -> 1
Cell (virus_2913444,host_77223): 0 -> 1
Cell (virus_2913444,host_9407): 0 -> 1
Cell (virus_2913444,host_9408): 0 -> 1
Cell (virus_2913444,host_326083): 0 -> 1
Cell (virus_2913444,host_89673): 0 -> 1
Cell (virus_2913444,host_148089): 0 -> 1
Cell (virus_2913444,host_94961): 0 -> 1
Cell (virus_2913444,host_3042450): 0 -> 1
Cell (virus_2913444,host_1434095): 0 -> 1
Cell (virus_2913444,host_221086): 0 -> 1
Cell (virus_2913444,host_291302): 0 -> 1
Cell (virus_2913444,host_221087): 0 -> 1
Cell (virus_2913444,host_187007): 0 -> 1
Cell (virus_2913444,host_187008): 0 -> 1
Cell (virus_2913444,host_438766): 0 -> 1
Cell (virus_2913444,host_258934): 0 -> 1
Cell (virus_2913444,host_479723): 0 -> 1
Cell (virus_2913444,host_3041509): 0 -> 1
Cell (virus_2913444,host_2218597): 0 -> 1
Cell (virus_2913444,host_258867): 0 -> 1
Cell (virus_2913444,host_153297): 0 -> 1
Cell (virus_2913444,host_258952): 0 -> 1
Cell (virus_2913444,host_258953): 0 -> 1
Cell (virus_2913444,host_249033): 0 -> 1
Cell (virus_2913444,host_258930): 0 -> 1
Cell (virus_2913444,host_272799): 0 -> 1
Cell (virus_2913444,host_258909): 0 -> 1
Cell (virus_2913444,host_909369): 0 -> 1
Cell (virus_2913444,host_29078): 0 -> 1
Cell (virus_2913444,host_3371014): 0 -> 1
Cell (virus_2913444,host_3371016): 0 -> 1
Cell (virus_2913444,host_360967): 0 -> 1
Cell (virus_2913444,host_258944): 0 -> 1
Cell (virus_2913444,host_258959): 0 -> 1
Cell (virus_3418614,host_105273): 0 -> 1
Cell (virus_3418614,host_105295): 0 -> 1
Cell (virus_3418614,host_187011): 0 -> 1
Cell (virus_3418614,host_375553): 0 -> 1
Cell (virus_3418614,host_51300): 0 -> 1
Cell (virus_3418614,host_294653): 0 -> 1
Cell (virus_3418614,host_59473): 0 -> 1
Cell (virus_3418614,host_2603869): 0 -> 1
Cell (virus_3418614,host_376555): 0 -> 1
Cell (virus_3418614,host_188570): 0 -> 1
Cell (virus_3418614,host_196296): 0 -> 1
Cell (virus_3418614,host_320431): 0 -> 1
Cell (virus_3418614,host_608659): 0 -> 1
Cell (virus_3418614,host_89399): 0 -> 1
Cell (virus_3418614,host_249024): 0 -> 1
Cell (virus_3418614,host_337453): 0 -> 1
Cell (virus_3418614,host_77218): 0 -> 1
Cell (virus_3418614,host_3371112): 0 -> 1
Cell (virus_3418614,host_166054): 0 -> 1
Cell (virus_3418614,host_385575): 0 -> 1
Cell (virus_3418614,host_328804): 0 -> 1
Cell (virus_3418614,host_9402): 0 -> 1
Cell (virus_3418614,host_9403): 0 -> 1
Cell (virus_3418614,host_1410044): 0 -> 1
Cell (virus_3418614,host_1898389): 0 -> 1
Cell (virus_3418614,host_77231): 0 -> 1
Cell (virus_3418614,host_372077): 0 -> 1
Cell (virus_3418614,host_58067): 0 -> 1
Cell (virus_3418614,host_58071): 0 -> 1
Cell (virus_3418614,host_77243): 0 -> 1
Cell (virus_3418614,host_58073): 0 -> 1
Cell (virus_3418614,host_77223): 0 -> 1
Cell (virus_3418614,host_9407): 0 -> 1
Cell (virus_3418614,host_9408): 0 -> 1
Cell (virus_3418614,host_89673): 0 -> 1
Cell (virus_3418614,host_148089): 0 -> 1
Cell (virus_3418614,host_94961): 0 -> 1
Cell (virus_3418614,host_3042450): 0 -> 1
Cell (virus_3418614,host_221086): 0 -> 1
Cell (virus_3418614,host_291302): 0 -> 1
Cell (virus_3418614,host_187007): 0 -> 1
Cell (virus_3418614,host_187008): 0 -> 1
Cell (virus_3418614,host_438766): 0 -> 1
Cell (virus_3418614,host_258934): 0 -> 1
Cell (virus_3418614,host_479723): 0 -> 1
Cell (virus_3418614,host_3041509): 0 -> 1
Cell (virus_3418614,host_258867): 0 -> 1
Cell (virus_3418614,host_153297): 0 -> 1
Cell (virus_3418614,host_258952): 0 -> 1
Cell (virus_3418614,host_258953): 0 -> 1
Cell (virus_3418614,host_249033): 0 -> 1
Cell (virus_3418614,host_258930): 0 -> 1
Cell (virus_3418614,host_272799): 0 -> 1
Cell (virus_3418614,host_258909): 0 -> 1
Cell (virus_3418614,host_909369): 0 -> 1
Cell (virus_3418614,host_29078): 0 -> 1
Cell (virus_3418614,host_3371014): 0 -> 1
Cell (virus_3418614,host_3371016): 0 -> 1
Cell (virus_3418614,host_360967): 0 -> 1
Cell (virus_3418614,host_258959): 0 -> 1
Cell (virus_3418614,host_59485): 0 -> 1
Cell (virus_2913379,host_105273): 0 -> 1
Cell (virus_2913379,host_105295): 0 -> 1
Cell (virus_2913379,host_375553): 0 -> 1
Cell (virus_2913379,host_51300): 0 -> 1
Cell (virus_2913379,host_59473): 0 -> 1
Cell (virus_2913379,host_2603869): 0 -> 1
Cell (virus_2913379,host_376555): 0 -> 1
Cell (virus_2913379,host_188570): 0 -> 1
Cell (virus_2913379,host_196296): 0 -> 1
Cell (virus_2913379,host_608659): 0 -> 1
Cell (virus_2913379,host_89399): 0 -> 1
Cell (virus_2913379,host_337453): 0 -> 1
Cell (virus_2913379,host_77218): 0 -> 1
Cell (virus_2913379,host_3371112): 0 -> 1
Cell (virus_2913379,host_166054): 0 -> 1
Cell (virus_2913379,host_385575): 0 -> 1
Cell (virus_2913379,host_328804): 0 -> 1
Cell (virus_2913379,host_9402): 0 -> 1
Cell (virus_2913379,host_9403): 0 -> 1
Cell (virus_2913379,host_1410044): 0 -> 1
Cell (virus_2913379,host_77231): 0 -> 1
Cell (virus_2913379,host_58067): 0 -> 1
Cell (virus_2913379,host_58071): 0 -> 1
Cell (virus_2913379,host_77243): 0 -> 1
Cell (virus_2913379,host_58073): 0 -> 1
Cell (virus_2913379,host_77223): 0 -> 1
Cell (virus_2913379,host_9407): 0 -> 1
Cell (virus_2913379,host_9408): 0 -> 1
Cell (virus_2913379,host_58065): 0 -> 1
Cell (virus_2913379,host_326083): 0 -> 1
Cell (virus_2913379,host_409031): 0 -> 1
Cell (virus_2913379,host_89673): 0 -> 1
Cell (virus_2913379,host_148089): 0 -> 1
Cell (virus_2913379,host_94961): 0 -> 1
Cell (virus_2913379,host_3042450): 0 -> 1
Cell (virus_2913379,host_1434095): 0 -> 1
Cell (virus_2913379,host_221086): 0 -> 1
Cell (virus_2913379,host_291302): 0 -> 1
Cell (virus_2913379,host_187007): 0 -> 1
Cell (virus_2913379,host_187008): 0 -> 1
Cell (virus_2913379,host_438766): 0 -> 1
Cell (virus_2913379,host_258934): 0 -> 1
Cell (virus_2913379,host_479723): 0 -> 1
Cell (virus_2913379,host_3041509): 0 -> 1
Cell (virus_2913379,host_258867): 0 -> 1
Cell (virus_2913379,host_153297): 0 -> 1
Cell (virus_2913379,host_258952): 0 -> 1
Cell (virus_2913379,host_258953): 0 -> 1
Cell (virus_2913379,host_249033): 0 -> 1
Cell (virus_2913379,host_258930): 0 -> 1
Cell (virus_2913379,host_272799): 0 -> 1
Cell (virus_2913379,host_258909): 0 -> 1
Cell (virus_2913379,host_909369): 0 -> 1
Cell (virus_2913379,host_29078): 0 -> 1
Cell (virus_2913379,host_3371014): 0 -> 1
Cell (virus_2913379,host_3371016): 0 -> 1
Cell (virus_2913379,host_258959): 0 -> 1
Cell (virus_2913381,host_105273): 0 -> 1
Cell (virus_2913381,host_105295): 0 -> 1
Cell (virus_2913381,host_187011): 0 -> 1
Cell (virus_2913381,host_375553): 0 -> 1
Cell (virus_2913381,host_51300): 0 -> 1
Cell (virus_2913381,host_246814): 0 -> 1
Cell (virus_2913381,host_59473): 0 -> 1
Cell (virus_2913381,host_2603869): 0 -> 1
Cell (virus_2913381,host_376555): 0 -> 1
Cell (virus_2913381,host_188570): 0 -> 1
Cell (virus_2913381,host_196296): 0 -> 1
Cell (virus_2913381,host_608659): 0 -> 1
Cell (virus_2913381,host_89399): 0 -> 1
Cell (virus_2913381,host_77218): 0 -> 1
Cell (virus_2913381,host_3371112): 0 -> 1
Cell (virus_2913381,host_166054): 0 -> 1
Cell (virus_2913381,host_385575): 0 -> 1
Cell (virus_2913381,host_328804): 0 -> 1
Cell (virus_2913381,host_9402): 0 -> 1
Cell (virus_2913381,host_9403): 0 -> 1
Cell (virus_2913381,host_1410044): 0 -> 1
Cell (virus_2913381,host_77231): 0 -> 1
Cell (virus_2913381,host_2853157): 0 -> 1
Cell (virus_2913381,host_58067): 0 -> 1
Cell (virus_2913381,host_58071): 0 -> 1
Cell (virus_2913381,host_77243): 0 -> 1
Cell (virus_2913381,host_58073): 0 -> 1
Cell (virus_2913381,host_1898393): 0 -> 1
Cell (virus_2913381,host_77223): 0 -> 1
Cell (virus_2913381,host_9407): 0 -> 1
Cell (virus_2913381,host_9408): 0 -> 1
Cell (virus_2913381,host_58065): 0 -> 1
Cell (virus_2913381,host_326083): 0 -> 1
Cell (virus_2913381,host_409031): 0 -> 1
Cell (virus_2913381,host_89673): 0 -> 1
Cell (virus_2913381,host_148089): 0 -> 1
Cell (virus_2913381,host_94961): 0 -> 1
Cell (virus_2913381,host_3042450): 0 -> 1
Cell (virus_2913381,host_1434095): 0 -> 1
Cell (virus_2913381,host_221086): 0 -> 1
Cell (virus_2913381,host_291302): 0 -> 1
Cell (virus_2913381,host_187007): 0 -> 1
Cell (virus_2913381,host_187008): 0 -> 1
Cell (virus_2913381,host_438766): 0 -> 1
Cell (virus_2913381,host_258934): 0 -> 1
Cell (virus_2913381,host_479723): 0 -> 1
Cell (virus_2913381,host_3041509): 0 -> 1
Cell (virus_2913381,host_258867): 0 -> 1
Cell (virus_2913381,host_249034): 0 -> 1
Cell (virus_2913381,host_258952): 0 -> 1
Cell (virus_2913381,host_258953): 0 -> 1
Cell (virus_2913381,host_249033): 0 -> 1
Cell (virus_2913381,host_258930): 0 -> 1
Cell (virus_2913381,host_272799): 0 -> 1
Cell (virus_2913381,host_258909): 0 -> 1
Cell (virus_2913381,host_909369): 0 -> 1
Cell (virus_2913381,host_29078): 0 -> 1
Cell (virus_2913381,host_3371014): 0 -> 1
Cell (virus_2913381,host_360967): 0 -> 1
Cell (virus_2913381,host_258959): 0 -> 1
Cell (virus_3418613,host_105273): 0 -> 1
Cell (virus_3418613,host_105295): 0 -> 1
Cell (virus_3418613,host_187011): 0 -> 1
Cell (virus_3418613,host_375553): 0 -> 1
Cell (virus_3418613,host_51300): 0 -> 1
Cell (virus_3418613,host_59473): 0 -> 1
Cell (virus_3418613,host_2603869): 0 -> 1
Cell (virus_3418613,host_376555): 0 -> 1
Cell (virus_3418613,host_188570): 0 -> 1
Cell (virus_3418613,host_196296): 0 -> 1
Cell (virus_3418613,host_608659): 0 -> 1
Cell (virus_3418613,host_89399): 0 -> 1
Cell (virus_3418613,host_337453): 0 -> 1
Cell (virus_3418613,host_77218): 0 -> 1
Cell (virus_3418613,host_3371112): 0 -> 1
Cell (virus_3418613,host_166054): 0 -> 1
Cell (virus_3418613,host_385575): 0 -> 1
Cell (virus_3418613,host_328804): 0 -> 1
Cell (virus_3418613,host_9402): 0 -> 1
Cell (virus_3418613,host_9403): 0 -> 1
Cell (virus_3418613,host_1410044): 0 -> 1
Cell (virus_3418613,host_77231): 0 -> 1
Cell (virus_3418613,host_58067): 0 -> 1
Cell (virus_3418613,host_58071): 0 -> 1
Cell (virus_3418613,host_77243): 0 -> 1
Cell (virus_3418613,host_58073): 0 -> 1
Cell (virus_3418613,host_77223): 0 -> 1
Cell (virus_3418613,host_9407): 0 -> 1
Cell (virus_3418613,host_9408): 0 -> 1
Cell (virus_3418613,host_58065): 0 -> 1
Cell (virus_3418613,host_326083): 0 -> 1
Cell (virus_3418613,host_409031): 0 -> 1
Cell (virus_3418613,host_89673): 0 -> 1
Cell (virus_3418613,host_148089): 0 -> 1
Cell (virus_3418613,host_94961): 0 -> 1
Cell (virus_3418613,host_3042450): 0 -> 1
Cell (virus_3418613,host_1434095): 0 -> 1
Cell (virus_3418613,host_221086): 0 -> 1
Cell (virus_3418613,host_291302): 0 -> 1
Cell (virus_3418613,host_187007): 0 -> 1
Cell (virus_3418613,host_187008): 0 -> 1
Cell (virus_3418613,host_438766): 0 -> 1
Cell (virus_3418613,host_479723): 0 -> 1
Cell (virus_3418613,host_3041509): 0 -> 1
Cell (virus_3418613,host_258867): 0 -> 1
Cell (virus_3418613,host_153297): 0 -> 1
Cell (virus_3418613,host_258952): 0 -> 1
Cell (virus_3418613,host_258953): 0 -> 1
Cell (virus_3418613,host_249033): 0 -> 1
Cell (virus_3418613,host_258930): 0 -> 1
Cell (virus_3418613,host_272799): 0 -> 1
Cell (virus_3418613,host_258909): 0 -> 1
Cell (virus_3418613,host_909369): 0 -> 1
Cell (virus_3418613,host_29078): 0 -> 1
Cell (virus_3418613,host_3371014): 0 -> 1
Cell (virus_3418613,host_3371016): 0 -> 1
Cell (virus_3418613,host_258959): 0 -> 1
Cell (virus_2913443,host_105273): 0 -> 1
Cell (virus_2913443,host_105295): 0 -> 1
Cell (virus_2913443,host_187011): 0 -> 1
Cell (virus_2913443,host_375553): 0 -> 1
Cell (virus_2913443,host_51300): 0 -> 1
Cell (virus_2913443,host_59473): 0 -> 1
Cell (virus_2913443,host_110941): 0 -> 1
Cell (virus_2913443,host_2603869): 0 -> 1
Cell (virus_2913443,host_376555): 0 -> 1
Cell (virus_2913443,host_188570): 0 -> 1
Cell (virus_2913443,host_196296): 0 -> 1
Cell (virus_2913443,host_867892): 0 -> 1
Cell (virus_2913443,host_476588): 0 -> 1
Cell (virus_2913443,host_608659): 0 -> 1
Cell (virus_2913443,host_89399): 0 -> 1
Cell (virus_2913443,host_337453): 0 -> 1
Cell (virus_2913443,host_77218): 0 -> 1
Cell (virus_2913443,host_3371112): 0 -> 1
Cell (virus_2913443,host_166054): 0 -> 1
Cell (virus_2913443,host_385575): 0 -> 1
Cell (virus_2913443,host_328804): 0 -> 1
Cell (virus_2913443,host_9402): 0 -> 1
Cell (virus_2913443,host_9403): 0 -> 1
Cell (virus_2913443,host_1410044): 0 -> 1
Cell (virus_2913443,host_1898389): 0 -> 1
Cell (virus_2913443,host_77231): 0 -> 1
Cell (virus_2913443,host_2853157): 0 -> 1
Cell (virus_2913443,host_58067): 0 -> 1
Cell (virus_2913443,host_58071): 0 -> 1
Cell (virus_2913443,host_77243): 0 -> 1
Cell (virus_2913443,host_58073): 0 -> 1
Cell (virus_2913443,host_58083): 0 -> 1
Cell (virus_2913443,host_77223): 0 -> 1
Cell (virus_2913443,host_9407): 0 -> 1
Cell (virus_2913443,host_9408): 0 -> 1
Cell (virus_2913443,host_58065): 0 -> 1
Cell (virus_2913443,host_326083): 0 -> 1
Cell (virus_2913443,host_89673): 0 -> 1
Cell (virus_2913443,host_148089): 0 -> 1
Cell (virus_2913443,host_94961): 0 -> 1
Cell (virus_2913443,host_3042450): 0 -> 1
Cell (virus_2913443,host_1434095): 0 -> 1
Cell (virus_2913443,host_221086): 0 -> 1
Cell (virus_2913443,host_291302): 0 -> 1
Cell (virus_2913443,host_187007): 0 -> 1
Cell (virus_2913443,host_187008): 0 -> 1
Cell (virus_2913443,host_438766): 0 -> 1
Cell (virus_2913443,host_258934): 0 -> 1
Cell (virus_2913443,host_479723): 0 -> 1
Cell (virus_2913443,host_3041509): 0 -> 1
Cell (virus_2913443,host_2218597): 0 -> 1
Cell (virus_2913443,host_258867): 0 -> 1
Cell (virus_2913443,host_9438): 0 -> 1
Cell (virus_2913443,host_258952): 0 -> 1
Cell (virus_2913443,host_258953): 0 -> 1
Cell (virus_2913443,host_249033): 0 -> 1
Cell (virus_2913443,host_258930): 0 -> 1
Cell (virus_2913443,host_272799): 0 -> 1
Cell (virus_2913443,host_258909): 0 -> 1
Cell (virus_2913443,host_909369): 0 -> 1
Cell (virus_2913443,host_29078): 0 -> 1
Cell (virus_2913443,host_2969767): 0 -> 1
Cell (virus_2913443,host_3371014): 0 -> 1
Cell (virus_2913443,host_3371016): 0 -> 1
Cell (virus_2913443,host_360967): 0 -> 1
Cell (virus_2913443,host_258959): 0 -> 1
Cell (virus_2913443,host_59485): 0 -> 1
Cell (virus_2972746,host_105273): 0 -> 1
Cell (virus_2972746,host_105295): 0 -> 1
Cell (virus_2972746,host_187011): 0 -> 1
Cell (virus_2972746,host_375553): 0 -> 1
Cell (virus_2972746,host_51300): 0 -> 1
Cell (virus_2972746,host_59473): 0 -> 1
Cell (virus_2972746,host_110941): 0 -> 1
Cell (virus_2972746,host_2603869): 0 -> 1
Cell (virus_2972746,host_376555): 0 -> 1
Cell (virus_2972746,host_188570): 0 -> 1
Cell (virus_2972746,host_196296): 0 -> 1
Cell (virus_2972746,host_196889): 0 -> 1
Cell (virus_2972746,host_867892): 0 -> 1
Cell (virus_2972746,host_476588): 0 -> 1
Cell (virus_2972746,host_608659): 0 -> 1
Cell (virus_2972746,host_89399): 0 -> 1
Cell (virus_2972746,host_337453): 0 -> 1
Cell (virus_2972746,host_77218): 0 -> 1
Cell (virus_2972746,host_3371112): 0 -> 1
Cell (virus_2972746,host_166054): 0 -> 1
Cell (virus_2972746,host_385575): 0 -> 1
Cell (virus_2972746,host_328804): 0 -> 1
Cell (virus_2972746,host_9402): 0 -> 1
Cell (virus_2972746,host_9403): 0 -> 1
Cell (virus_2972746,host_1410044): 0 -> 1
Cell (virus_2972746,host_1898389): 0 -> 1
Cell (virus_2972746,host_77231): 0 -> 1
Cell (virus_2972746,host_2853157): 0 -> 1
Cell (virus_2972746,host_58067): 0 -> 1
Cell (virus_2972746,host_58071): 0 -> 1
Cell (virus_2972746,host_77243): 0 -> 1
Cell (virus_2972746,host_58073): 0 -> 1
Cell (virus_2972746,host_58083): 0 -> 1
Cell (virus_2972746,host_77223): 0 -> 1
Cell (virus_2972746,host_9407): 0 -> 1
Cell (virus_2972746,host_9408): 0 -> 1
Cell (virus_2972746,host_58065): 0 -> 1
Cell (virus_2972746,host_326083): 0 -> 1
Cell (virus_2972746,host_89673): 0 -> 1
Cell (virus_2972746,host_148089): 0 -> 1
Cell (virus_2972746,host_94961): 0 -> 1
Cell (virus_2972746,host_3042450): 0 -> 1
Cell (virus_2972746,host_1434095): 0 -> 1
Cell (virus_2972746,host_221086): 0 -> 1
Cell (virus_2972746,host_291302): 0 -> 1
Cell (virus_2972746,host_187007): 0 -> 1
Cell (virus_2972746,host_187008): 0 -> 1
Cell (virus_2972746,host_438766): 0 -> 1
Cell (virus_2972746,host_258934): 0 -> 1
Cell (virus_2972746,host_479723): 0 -> 1
Cell (virus_2972746,host_3041509): 0 -> 1
Cell (virus_2972746,host_2218597): 0 -> 1
Cell (virus_2972746,host_258867): 0 -> 1
Cell (virus_2972746,host_9438): 0 -> 1
Cell (virus_2972746,host_153297): 0 -> 1
Cell (virus_2972746,host_258952): 0 -> 1
Cell (virus_2972746,host_258953): 0 -> 1
Cell (virus_2972746,host_249033): 0 -> 1
Cell (virus_2972746,host_258930): 0 -> 1
Cell (virus_2972746,host_272799): 0 -> 1
Cell (virus_2972746,host_258909): 0 -> 1
Cell (virus_2972746,host_909369): 0 -> 1
Cell (virus_2972746,host_29078): 0 -> 1
Cell (virus_2972746,host_3371014): 0 -> 1
Cell (virus_2972746,host_360967): 0 -> 1
Cell (virus_2972746,host_258959): 0 -> 1
Cell (virus_2972746,host_59485): 0 -> 1
Cell (virus_1805463,host_375553): 0 -> 1
Cell (virus_1805463,host_51300): 0 -> 1
Cell (virus_1805463,host_246814): 0 -> 1
Cell (virus_1805463,host_59473): 0 -> 1
Cell (virus_1805463,host_2603869): 0 -> 1
Cell (virus_1805463,host_132908): 0 -> 1
Cell (virus_1805463,host_166054): 0 -> 1
Cell (virus_1805463,host_9403): 0 -> 1
Cell (virus_1805463,host_1410044): 0 -> 1
Cell (virus_1805463,host_1898389): 0 -> 1
Cell (virus_1805463,host_77231): 0 -> 1
Cell (virus_1805463,host_58067): 0 -> 1
Cell (virus_1805463,host_58071): 0 -> 1
Cell (virus_1805463,host_77243): 0 -> 1
Cell (virus_1805463,host_58073): 0 -> 1
Cell (virus_1805463,host_1898393): 0 -> 1
Cell (virus_1805463,host_77223): 0 -> 1
Cell (virus_1805463,host_9408): 0 -> 1
Cell (virus_1805463,host_58065): 0 -> 1
Cell (virus_1805463,host_27634): 0 -> 1
Cell (virus_1805463,host_40228): 0 -> 1
Cell (virus_1805463,host_40230): 0 -> 1
Cell (virus_1805463,host_124751): 0 -> 1
Cell (virus_1805463,host_3041509): 0 -> 1
Cell (virus_1805463,host_258867): 0 -> 1
Cell (virus_1805463,host_258863): 0 -> 1
Cell (virus_1805463,host_452595): 0 -> 1
Cell (virus_1805463,host_3370289): 0 -> 1
Cell (virus_1805463,host_999964): 0 -> 1
Cell (virus_3061635,host_375553): 0 -> 1
Cell (virus_3061635,host_51300): 0 -> 1
Cell (virus_3061635,host_246814): 0 -> 1
Cell (virus_3061635,host_59473): 0 -> 1
Cell (virus_3061635,host_2603869): 0 -> 1
Cell (virus_3061635,host_132908): 0 -> 1
Cell (virus_3061635,host_166054): 0 -> 1
Cell (virus_3061635,host_9403): 0 -> 1
Cell (virus_3061635,host_1410044): 0 -> 1
Cell (virus_3061635,host_1898389): 0 -> 1
Cell (virus_3061635,host_77231): 0 -> 1
Cell (virus_3061635,host_58067): 0 -> 1
Cell (virus_3061635,host_58071): 0 -> 1
Cell (virus_3061635,host_77243): 0 -> 1
Cell (virus_3061635,host_58073): 0 -> 1
Cell (virus_3061635,host_1898393): 0 -> 1
Cell (virus_3061635,host_77223): 0 -> 1
Cell (virus_3061635,host_9408): 0 -> 1
Cell (virus_3061635,host_58065): 0 -> 1
Cell (virus_3061635,host_27634): 0 -> 1
Cell (virus_3061635,host_40228): 0 -> 1
Cell (virus_3061635,host_40230): 0 -> 1
Cell (virus_3061635,host_124751): 0 -> 1
Cell (virus_3061635,host_3041509): 0 -> 1
Cell (virus_3061635,host_258867): 0 -> 1
Cell (virus_3061635,host_258863): 0 -> 1
Cell (virus_3061635,host_452595): 0 -> 1
Cell (virus_3061635,host_3370289): 0 -> 1
Cell (virus_3061635,host_999964): 0 -> 1
Cell (virus_3068888,host_375553): 0 -> 1
Cell (virus_3068888,host_51300): 0 -> 1
Cell (virus_3068888,host_246814): 0 -> 1
Cell (virus_3068888,host_59473): 0 -> 1
Cell (virus_3068888,host_2603869): 0 -> 1
Cell (virus_3068888,host_132908): 0 -> 1
Cell (virus_3068888,host_166054): 0 -> 1
Cell (virus_3068888,host_385575): 0 -> 1
Cell (virus_3068888,host_9403): 0 -> 1
Cell (virus_3068888,host_1410044): 0 -> 1
Cell (virus_3068888,host_1898389): 0 -> 1
Cell (virus_3068888,host_77231): 0 -> 1
Cell (virus_3068888,host_58067): 0 -> 1
Cell (virus_3068888,host_58071): 0 -> 1
Cell (virus_3068888,host_77243): 0 -> 1
Cell (virus_3068888,host_58073): 0 -> 1
Cell (virus_3068888,host_1898393): 0 -> 1
Cell (virus_3068888,host_77223): 0 -> 1
Cell (virus_3068888,host_9408): 0 -> 1
Cell (virus_3068888,host_58065): 0 -> 1
Cell (virus_3068888,host_27634): 0 -> 1
Cell (virus_3068888,host_40228): 0 -> 1
Cell (virus_3068888,host_40230): 0 -> 1
Cell (virus_3068888,host_3041509): 0 -> 1
Cell (virus_3068888,host_258867): 0 -> 1
Cell (virus_3068888,host_258863): 0 -> 1
Cell (virus_3068888,host_452595): 0 -> 1
Cell (virus_3068888,host_3370289): 0 -> 1
Cell (virus_3068888,host_999964): 0 -> 1
Cell (virus_2833184,host_187011): 0 -> 1
Cell (virus_2833184,host_375553): 0 -> 1
Cell (virus_2833184,host_51300): 0 -> 1
Cell (virus_2833184,host_59473): 0 -> 1
Cell (virus_2833184,host_2603869): 0 -> 1
Cell (virus_2833184,host_132908): 0 -> 1
Cell (virus_2833184,host_166054): 0 -> 1
Cell (virus_2833184,host_9403): 0 -> 1
Cell (virus_2833184,host_1410044): 0 -> 1
Cell (virus_2833184,host_1898389): 0 -> 1
Cell (virus_2833184,host_77231): 0 -> 1
Cell (virus_2833184,host_58067): 0 -> 1
Cell (virus_2833184,host_58071): 0 -> 1
Cell (virus_2833184,host_58073): 0 -> 1
Cell (virus_2833184,host_1898393): 0 -> 1
Cell (virus_2833184,host_77223): 0 -> 1
Cell (virus_2833184,host_9407): 0 -> 1
Cell (virus_2833184,host_9408): 0 -> 1
Cell (virus_2833184,host_58065): 0 -> 1
Cell (virus_2833184,host_27634): 0 -> 1
Cell (virus_2833184,host_40228): 0 -> 1
Cell (virus_2833184,host_40230): 0 -> 1
Cell (virus_2833184,host_9417): 0 -> 1
Cell (virus_2833184,host_3041509): 0 -> 1
Cell (virus_2833184,host_258867): 0 -> 1
Cell (virus_2833184,host_258863): 0 -> 1
Cell (virus_2833184,host_452595): 0 -> 1
Cell (virus_2833184,host_3370289): 0 -> 1
Cell (virus_2833184,host_999964): 0 -> 1
Cell (virus_864596,host_375553): 0 -> 1
Cell (virus_864596,host_51300): 0 -> 1
Cell (virus_864596,host_59473): 0 -> 1
Cell (virus_864596,host_2603869): 0 -> 1
Cell (virus_864596,host_132908): 0 -> 1
Cell (virus_864596,host_166054): 0 -> 1
Cell (virus_864596,host_9403): 0 -> 1
Cell (virus_864596,host_1410044): 0 -> 1
Cell (virus_864596,host_1898389): 0 -> 1
Cell (virus_864596,host_77231): 0 -> 1
Cell (virus_864596,host_372077): 0 -> 1
Cell (virus_864596,host_58067): 0 -> 1
Cell (virus_864596,host_58071): 0 -> 1
Cell (virus_864596,host_77243): 0 -> 1
Cell (virus_864596,host_58073): 0 -> 1
Cell (virus_864596,host_1898393): 0 -> 1
Cell (virus_864596,host_77223): 0 -> 1
Cell (virus_864596,host_9407): 0 -> 1
Cell (virus_864596,host_9408): 0 -> 1
Cell (virus_864596,host_58065): 0 -> 1
Cell (virus_864596,host_27634): 0 -> 1
Cell (virus_864596,host_40228): 0 -> 1
Cell (virus_864596,host_40230): 0 -> 1
Cell (virus_864596,host_124751): 0 -> 1
Cell (virus_864596,host_27622): 0 -> 1
Cell (virus_864596,host_3041509): 0 -> 1
Cell (virus_864596,host_258867): 0 -> 1
Cell (virus_864596,host_258863): 0 -> 1
Cell (virus_864596,host_452595): 0 -> 1
Cell (virus_864596,host_3370289): 0 -> 1
Cell (virus_864596,host_999964): 0 -> 1
Cell (virus_3068538,host_375553): 0 -> 1
Cell (virus_3068538,host_51300): 0 -> 1
Cell (virus_3068538,host_246814): 0 -> 1
Cell (virus_3068538,host_59473): 0 -> 1
Cell (virus_3068538,host_2603869): 0 -> 1
Cell (virus_3068538,host_132908): 0 -> 1
Cell (virus_3068538,host_166054): 0 -> 1
Cell (virus_3068538,host_9403): 0 -> 1
Cell (virus_3068538,host_1410044): 0 -> 1
Cell (virus_3068538,host_1898389): 0 -> 1
Cell (virus_3068538,host_77231): 0 -> 1
Cell (virus_3068538,host_2853157): 0 -> 1
Cell (virus_3068538,host_58067): 0 -> 1
Cell (virus_3068538,host_58071): 0 -> 1
Cell (virus_3068538,host_77243): 0 -> 1
Cell (virus_3068538,host_58073): 0 -> 1
Cell (virus_3068538,host_1898393): 0 -> 1
Cell (virus_3068538,host_77223): 0 -> 1
Cell (virus_3068538,host_9407): 0 -> 1
Cell (virus_3068538,host_9408): 0 -> 1
Cell (virus_3068538,host_58065): 0 -> 1
Cell (virus_3068538,host_27634): 0 -> 1
Cell (virus_3068538,host_40228): 0 -> 1
Cell (virus_3068538,host_40230): 0 -> 1
Cell (virus_3068538,host_3041509): 0 -> 1
Cell (virus_3068538,host_258867): 0 -> 1
Cell (virus_3068538,host_258863): 0 -> 1
Cell (virus_3068538,host_452595): 0 -> 1
Cell (virus_3068538,host_3370289): 0 -> 1
Cell (virus_3068538,host_999964): 0 -> 1
Cell (virus_694009,host_375553): 0 -> 1
Cell (virus_694009,host_51300): 0 -> 1
Cell (virus_694009,host_246814): 0 -> 1
Cell (virus_694009,host_59473): 0 -> 1
Cell (virus_694009,host_2603869): 0 -> 1
Cell (virus_694009,host_132908): 0 -> 1
Cell (virus_694009,host_166054): 0 -> 1
Cell (virus_694009,host_9403): 0 -> 1
Cell (virus_694009,host_1410044): 0 -> 1
Cell (virus_694009,host_1898389): 0 -> 1
Cell (virus_694009,host_77231): 0 -> 1
Cell (virus_694009,host_2853157): 0 -> 1
Cell (virus_694009,host_58067): 0 -> 1
Cell (virus_694009,host_58071): 0 -> 1
Cell (virus_694009,host_77243): 0 -> 1
Cell (virus_694009,host_58073): 0 -> 1
Cell (virus_694009,host_1898393): 0 -> 1
Cell (virus_694009,host_77223): 0 -> 1
Cell (virus_694009,host_9407): 0 -> 1
Cell (virus_694009,host_9408): 0 -> 1
Cell (virus_694009,host_58065): 0 -> 1
Cell (virus_694009,host_27634): 0 -> 1
Cell (virus_694009,host_40228): 0 -> 1
Cell (virus_694009,host_40230): 0 -> 1
Cell (virus_694009,host_3041509): 0 -> 1
Cell (virus_694009,host_258867): 0 -> 1
Cell (virus_694009,host_258863): 0 -> 1
Cell (virus_694009,host_452595): 0 -> 1
Cell (virus_694009,host_3370289): 0 -> 1
Cell (virus_694009,host_999964): 0 -> 1
Cell (virus_3418604,host_375553): 0 -> 1
Cell (virus_3418604,host_51300): 0 -> 1
Cell (virus_3418604,host_246814): 0 -> 1
Cell (virus_3418604,host_59473): 0 -> 1
Cell (virus_3418604,host_2603869): 0 -> 1
Cell (virus_3418604,host_132908): 0 -> 1
Cell (virus_3418604,host_166054): 0 -> 1
Cell (virus_3418604,host_9403): 0 -> 1
Cell (virus_3418604,host_1410044): 0 -> 1
Cell (virus_3418604,host_1898389): 0 -> 1
Cell (virus_3418604,host_77231): 0 -> 1
Cell (virus_3418604,host_2853157): 0 -> 1
Cell (virus_3418604,host_58067): 0 -> 1
Cell (virus_3418604,host_58071): 0 -> 1
Cell (virus_3418604,host_77243): 0 -> 1
Cell (virus_3418604,host_58073): 0 -> 1
Cell (virus_3418604,host_1898393): 0 -> 1
Cell (virus_3418604,host_77223): 0 -> 1
Cell (virus_3418604,host_9407): 0 -> 1
Cell (virus_3418604,host_9408): 0 -> 1
Cell (virus_3418604,host_58065): 0 -> 1
Cell (virus_3418604,host_27634): 0 -> 1
Cell (virus_3418604,host_40228): 0 -> 1
Cell (virus_3418604,host_40230): 0 -> 1
Cell (virus_3418604,host_3041509): 0 -> 1
Cell (virus_3418604,host_258867): 0 -> 1
Cell (virus_3418604,host_258863): 0 -> 1
Cell (virus_3418604,host_452595): 0 -> 1
Cell (virus_3418604,host_3370289): 0 -> 1
Cell (virus_3418604,host_999964): 0 -> 1
Cell (virus_2913380,host_105295): 0 -> 1
Cell (virus_2913380,host_51300): 0 -> 1
Cell (virus_2913380,host_294653): 0 -> 1
Cell (virus_2913380,host_59473): 0 -> 1
Cell (virus_2913380,host_2603869): 0 -> 1
Cell (virus_2913380,host_2603865): 0 -> 1
Cell (virus_2913380,host_166054): 0 -> 1
Cell (virus_2913380,host_385575): 0 -> 1
Cell (virus_2913380,host_9403): 0 -> 1
Cell (virus_2913380,host_1410044): 0 -> 1
Cell (virus_2913380,host_1898389): 0 -> 1
Cell (virus_2913380,host_77231): 0 -> 1
Cell (virus_2913380,host_372077): 0 -> 1
Cell (virus_2913380,host_58067): 0 -> 1
Cell (virus_2913380,host_498220): 0 -> 1
Cell (virus_2913380,host_58071): 0 -> 1
Cell (virus_2913380,host_58073): 0 -> 1
Cell (virus_2913380,host_1898393): 0 -> 1
Cell (virus_2913380,host_77223): 0 -> 1
Cell (virus_2913380,host_9407): 0 -> 1
Cell (virus_2913380,host_9408): 0 -> 1
Cell (virus_2913380,host_58065): 0 -> 1
Cell (virus_2913380,host_27634): 0 -> 1
Cell (virus_2913380,host_40228): 0 -> 1
Cell (virus_2913380,host_40230): 0 -> 1
Cell (virus_2913380,host_258867): 0 -> 1
Cell (virus_989337,host_105295): 0 -> 1
Cell (virus_989337,host_51300): 0 -> 1
Cell (virus_989337,host_294653): 0 -> 1
Cell (virus_989337,host_59473): 0 -> 1
Cell (virus_989337,host_2603869): 0 -> 1
Cell (virus_989337,host_188568): 0 -> 1
Cell (virus_989337,host_166054): 0 -> 1
Cell (virus_989337,host_385575): 0 -> 1
Cell (virus_989337,host_9403): 0 -> 1
Cell (virus_989337,host_1410044): 0 -> 1
Cell (virus_989337,host_1898389): 0 -> 1
Cell (virus_989337,host_77231): 0 -> 1
Cell (virus_989337,host_58067): 0 -> 1
Cell (virus_989337,host_498220): 0 -> 1
Cell (virus_989337,host_58071): 0 -> 1
Cell (virus_989337,host_77243): 0 -> 1
Cell (virus_989337,host_58073): 0 -> 1
Cell (virus_989337,host_77223): 0 -> 1
Cell (virus_989337,host_9407): 0 -> 1
Cell (virus_989337,host_9408): 0 -> 1
Cell (virus_989337,host_58065): 0 -> 1
Cell (virus_989337,host_58063): 0 -> 1
Cell (virus_989337,host_77214): 0 -> 1
Cell (virus_989337,host_27634): 0 -> 1
Cell (virus_989337,host_40228): 0 -> 1
Cell (virus_989337,host_40230): 0 -> 1
Cell (virus_989337,host_2218597): 0 -> 1
Cell (virus_989337,host_258867): 0 -> 1
Cell (virus_3433764,host_105295): 0 -> 1
Cell (virus_3433764,host_258946): 0 -> 1
Cell (virus_3433764,host_187011): 0 -> 1
Cell (virus_3433764,host_51300): 0 -> 1
Cell (virus_3433764,host_294653): 0 -> 1
Cell (virus_3433764,host_59473): 0 -> 1
Cell (virus_3433764,host_2603869): 0 -> 1
Cell (virus_3433764,host_188568): 0 -> 1
Cell (virus_3433764,host_2603865): 0 -> 1
Cell (virus_3433764,host_166054): 0 -> 1
Cell (virus_3433764,host_385575): 0 -> 1
Cell (virus_3433764,host_9403): 0 -> 1
Cell (virus_3433764,host_1410044): 0 -> 1
Cell (virus_3433764,host_1898389): 0 -> 1
Cell (virus_3433764,host_77231): 0 -> 1
Cell (virus_3433764,host_372077): 0 -> 1
Cell (virus_3433764,host_58067): 0 -> 1
Cell (virus_3433764,host_448084): 0 -> 1
Cell (virus_3433764,host_58071): 0 -> 1
Cell (virus_3433764,host_77243): 0 -> 1
Cell (virus_3433764,host_58073): 0 -> 1
Cell (virus_3433764,host_1898393): 0 -> 1
Cell (virus_3433764,host_77223): 0 -> 1
Cell (virus_3433764,host_9407): 0 -> 1
Cell (virus_3433764,host_9408): 0 -> 1
Cell (virus_3433764,host_58065): 0 -> 1
Cell (virus_3433764,host_27634): 0 -> 1
Cell (virus_3433764,host_40228): 0 -> 1
Cell (virus_3433764,host_40230): 0 -> 1
Cell (virus_3433764,host_258867): 0 -> 1
Cell (virus_2115988,host_105295): 0 -> 1
Cell (virus_2115988,host_187011): 0 -> 1
Cell (virus_2115988,host_375553): 0 -> 1
Cell (virus_2115988,host_51300): 0 -> 1
Cell (virus_2115988,host_59473): 0 -> 1
Cell (virus_2115988,host_2015597): 0 -> 1
Cell (virus_2115988,host_633648): 0 -> 1
Cell (virus_2115988,host_258925): 0 -> 1
Cell (virus_2115988,host_177185): 0 -> 1
Cell (virus_2115988,host_187017): 0 -> 1
Cell (virus_2115988,host_157961): 0 -> 1
Cell (virus_2115988,host_584995): 0 -> 1
Cell (virus_2115988,host_302402): 0 -> 1
Cell (virus_2115988,host_463808): 0 -> 1
Cell (virus_2115988,host_58069): 0 -> 1
Cell (virus_2115988,host_166054): 0 -> 1
Cell (virus_2115988,host_196297): 0 -> 1
Cell (virus_2115988,host_328804): 0 -> 1
Cell (virus_2115988,host_9403): 0 -> 1
Cell (virus_2115988,host_58057): 0 -> 1
Cell (virus_2115988,host_1410044): 0 -> 1
Cell (virus_2115988,host_1898389): 0 -> 1
Cell (virus_2115988,host_77231): 0 -> 1
Cell (virus_2115988,host_2853157): 0 -> 1
Cell (virus_2115988,host_58067): 0 -> 1
Cell (virus_2115988,host_58071): 0 -> 1
Cell (virus_2115988,host_77243): 0 -> 1
Cell (virus_2115988,host_58073): 0 -> 1
Cell (virus_2115988,host_77223): 0 -> 1
Cell (virus_2115988,host_9407): 0 -> 1
Cell (virus_2115988,host_9408): 0 -> 1
Cell (virus_2115988,host_58065): 0 -> 1
Cell (virus_2115988,host_77214): 0 -> 1
Cell (virus_2115988,host_40230): 0 -> 1
Cell (virus_2115988,host_51012): 0 -> 1
Cell (virus_2115988,host_40224): 0 -> 1
Cell (virus_2115988,host_1434095): 0 -> 1
Cell (virus_2115988,host_221086): 0 -> 1
Cell (virus_2115988,host_291302): 0 -> 1
Cell (virus_2115988,host_221087): 0 -> 1
Cell (virus_2115988,host_187007): 0 -> 1
Cell (virus_2115988,host_187008): 0 -> 1
Cell (virus_2115988,host_438766): 0 -> 1
Cell (virus_2115988,host_258934): 0 -> 1
Cell (virus_2115988,host_479723): 0 -> 1
Cell (virus_2115988,host_124751): 0 -> 1
Cell (virus_2115988,host_3041509): 0 -> 1
Cell (virus_2115988,host_258867): 0 -> 1
Cell (virus_2115988,host_153297): 0 -> 1
Cell (virus_2115988,host_258952): 0 -> 1
Cell (virus_2115988,host_258953): 0 -> 1
Cell (virus_2115988,host_249033): 0 -> 1
Cell (virus_2115988,host_258930): 0 -> 1
Cell (virus_2115988,host_272799): 0 -> 1
Cell (virus_2115988,host_258909): 0 -> 1
Cell (virus_2115988,host_29078): 0 -> 1
Cell (virus_2115988,host_3371014): 0 -> 1
Cell (virus_2115988,host_3371016): 0 -> 1
Cell (virus_2115988,host_360967): 0 -> 1
Cell (virus_2115988,host_258959): 0 -> 1
Cell (virus_2115988,host_526822): 0 -> 1
Cell (virus_2833151,host_105295): 0 -> 1
Cell (virus_2833151,host_187011): 0 -> 1
Cell (virus_2833151,host_51300): 0 -> 1
Cell (virus_2833151,host_59473): 0 -> 1
Cell (virus_2833151,host_2015597): 0 -> 1
Cell (virus_2833151,host_633648): 0 -> 1
Cell (virus_2833151,host_258925): 0 -> 1
Cell (virus_2833151,host_177185): 0 -> 1
Cell (virus_2833151,host_157961): 0 -> 1
Cell (virus_2833151,host_270698): 0 -> 1
Cell (virus_2833151,host_584995): 0 -> 1
Cell (virus_2833151,host_302402): 0 -> 1
Cell (virus_2833151,host_463808): 0 -> 1
Cell (virus_2833151,host_166054): 0 -> 1
Cell (virus_2833151,host_196297): 0 -> 1
Cell (virus_2833151,host_328804): 0 -> 1
Cell (virus_2833151,host_9403): 0 -> 1
Cell (virus_2833151,host_58057): 0 -> 1
Cell (virus_2833151,host_1410044): 0 -> 1
Cell (virus_2833151,host_1898389): 0 -> 1
Cell (virus_2833151,host_77231): 0 -> 1
Cell (virus_2833151,host_2853157): 0 -> 1
Cell (virus_2833151,host_58067): 0 -> 1
Cell (virus_2833151,host_448084): 0 -> 1
Cell (virus_2833151,host_58071): 0 -> 1
Cell (virus_2833151,host_77243): 0 -> 1
Cell (virus_2833151,host_58073): 0 -> 1
Cell (virus_2833151,host_77223): 0 -> 1
Cell (virus_2833151,host_9407): 0 -> 1
Cell (virus_2833151,host_9408): 0 -> 1
Cell (virus_2833151,host_58065): 0 -> 1
Cell (virus_2833151,host_77214): 0 -> 1
Cell (virus_2833151,host_40230): 0 -> 1
Cell (virus_2833151,host_51012): 0 -> 1
Cell (virus_2833151,host_40224): 0 -> 1
Cell (virus_2833151,host_1434095): 0 -> 1
Cell (virus_2833151,host_221086): 0 -> 1
Cell (virus_2833151,host_291302): 0 -> 1
Cell (virus_2833151,host_221087): 0 -> 1
Cell (virus_2833151,host_187007): 0 -> 1
Cell (virus_2833151,host_187008): 0 -> 1
Cell (virus_2833151,host_438766): 0 -> 1
Cell (virus_2833151,host_258934): 0 -> 1
Cell (virus_2833151,host_479723): 0 -> 1
Cell (virus_2833151,host_3041509): 0 -> 1
Cell (virus_2833151,host_258867): 0 -> 1
Cell (virus_2833151,host_258952): 0 -> 1
Cell (virus_2833151,host_258953): 0 -> 1
Cell (virus_2833151,host_249033): 0 -> 1
Cell (virus_2833151,host_258930): 0 -> 1
Cell (virus_2833151,host_272799): 0 -> 1
Cell (virus_2833151,host_258909): 0 -> 1
Cell (virus_2833151,host_909369): 0 -> 1
Cell (virus_2833151,host_29078): 0 -> 1
Cell (virus_2833151,host_3371014): 0 -> 1
Cell (virus_2833151,host_3371016): 0 -> 1
Cell (virus_2833151,host_360967): 0 -> 1
Cell (virus_2833151,host_258959): 0 -> 1
Cell (virus_2833151,host_526822): 0 -> 1
Cell (virus_3433795,host_105295): 0 -> 1
Cell (virus_3433795,host_258946): 0 -> 1
Cell (virus_3433795,host_187011): 0 -> 1
Cell (virus_3433795,host_51300): 0 -> 1
Cell (virus_3433795,host_59473): 0 -> 1
Cell (virus_3433795,host_2015597): 0 -> 1
Cell (virus_3433795,host_633648): 0 -> 1
Cell (virus_3433795,host_258925): 0 -> 1
Cell (virus_3433795,host_177185): 0 -> 1
Cell (virus_3433795,host_157961): 0 -> 1
Cell (virus_3433795,host_270698): 0 -> 1
Cell (virus_3433795,host_584995): 0 -> 1
Cell (virus_3433795,host_302402): 0 -> 1
Cell (virus_3433795,host_463808): 0 -> 1
Cell (virus_3433795,host_58069): 0 -> 1
Cell (virus_3433795,host_166054): 0 -> 1
Cell (virus_3433795,host_196297): 0 -> 1
Cell (virus_3433795,host_328804): 0 -> 1
Cell (virus_3433795,host_9402): 0 -> 1
Cell (virus_3433795,host_9403): 0 -> 1
Cell (virus_3433795,host_58057): 0 -> 1
Cell (virus_3433795,host_1410044): 0 -> 1
Cell (virus_3433795,host_1898389): 0 -> 1
Cell (virus_3433795,host_77231): 0 -> 1
Cell (virus_3433795,host_2853157): 0 -> 1
Cell (virus_3433795,host_58067): 0 -> 1
Cell (virus_3433795,host_58071): 0 -> 1
Cell (virus_3433795,host_77243): 0 -> 1
Cell (virus_3433795,host_58073): 0 -> 1
Cell (virus_3433795,host_77223): 0 -> 1
Cell (virus_3433795,host_9407): 0 -> 1
Cell (virus_3433795,host_9408): 0 -> 1
Cell (virus_3433795,host_58065): 0 -> 1
Cell (virus_3433795,host_77214): 0 -> 1
Cell (virus_3433795,host_40230): 0 -> 1
Cell (virus_3433795,host_51012): 0 -> 1
Cell (virus_3433795,host_40224): 0 -> 1
Cell (virus_3433795,host_1434095): 0 -> 1
Cell (virus_3433795,host_221086): 0 -> 1
Cell (virus_3433795,host_291302): 0 -> 1
Cell (virus_3433795,host_221087): 0 -> 1
Cell (virus_3433795,host_187007): 0 -> 1
Cell (virus_3433795,host_187008): 0 -> 1
Cell (virus_3433795,host_438766): 0 -> 1
Cell (virus_3433795,host_479723): 0 -> 1
Cell (virus_3433795,host_124751): 0 -> 1
Cell (virus_3433795,host_3041509): 0 -> 1
Cell (virus_3433795,host_258867): 0 -> 1
Cell (virus_3433795,host_258952): 0 -> 1
Cell (virus_3433795,host_258953): 0 -> 1
Cell (virus_3433795,host_249033): 0 -> 1
Cell (virus_3433795,host_258930): 0 -> 1
Cell (virus_3433795,host_272799): 0 -> 1
Cell (virus_3433795,host_258909): 0 -> 1
Cell (virus_3433795,host_29078): 0 -> 1
Cell (virus_3433795,host_3371014): 0 -> 1
Cell (virus_3433795,host_3371016): 0 -> 1
Cell (virus_3433795,host_360967): 0 -> 1
Cell (virus_3433795,host_258959): 0 -> 1
Cell (virus_3433795,host_526822): 0 -> 1
Cell (virus_693998,host_105295): 0 -> 1
Cell (virus_693998,host_258946): 0 -> 1
Cell (virus_693998,host_187011): 0 -> 1
Cell (virus_693998,host_51300): 0 -> 1
Cell (virus_693998,host_59473): 0 -> 1
Cell (virus_693998,host_2015597): 0 -> 1
Cell (virus_693998,host_633648): 0 -> 1
Cell (virus_693998,host_258925): 0 -> 1
Cell (virus_693998,host_177185): 0 -> 1
Cell (virus_693998,host_157961): 0 -> 1
Cell (virus_693998,host_270698): 0 -> 1
Cell (virus_693998,host_584995): 0 -> 1
Cell (virus_693998,host_302402): 0 -> 1
Cell (virus_693998,host_463808): 0 -> 1
Cell (virus_693998,host_58069): 0 -> 1
Cell (virus_693998,host_166054): 0 -> 1
Cell (virus_693998,host_196297): 0 -> 1
Cell (virus_693998,host_328804): 0 -> 1
Cell (virus_693998,host_9402): 0 -> 1
Cell (virus_693998,host_9403): 0 -> 1
Cell (virus_693998,host_58057): 0 -> 1
Cell (virus_693998,host_1410044): 0 -> 1
Cell (virus_693998,host_1898389): 0 -> 1
Cell (virus_693998,host_77231): 0 -> 1
Cell (virus_693998,host_2853157): 0 -> 1
Cell (virus_693998,host_58067): 0 -> 1
Cell (virus_693998,host_58071): 0 -> 1
Cell (virus_693998,host_77243): 0 -> 1
Cell (virus_693998,host_58073): 0 -> 1
Cell (virus_693998,host_77223): 0 -> 1
Cell (virus_693998,host_9407): 0 -> 1
Cell (virus_693998,host_9408): 0 -> 1
Cell (virus_693998,host_58065): 0 -> 1
Cell (virus_693998,host_77214): 0 -> 1
Cell (virus_693998,host_40230): 0 -> 1
Cell (virus_693998,host_51012): 0 -> 1
Cell (virus_693998,host_40224): 0 -> 1
Cell (virus_693998,host_1434095): 0 -> 1
Cell (virus_693998,host_221086): 0 -> 1
Cell (virus_693998,host_291302): 0 -> 1
Cell (virus_693998,host_221087): 0 -> 1
Cell (virus_693998,host_187007): 0 -> 1
Cell (virus_693998,host_187008): 0 -> 1
Cell (virus_693998,host_438766): 0 -> 1
Cell (virus_693998,host_479723): 0 -> 1
Cell (virus_693998,host_124751): 0 -> 1
Cell (virus_693998,host_3041509): 0 -> 1
Cell (virus_693998,host_258867): 0 -> 1
Cell (virus_693998,host_258952): 0 -> 1
Cell (virus_693998,host_258953): 0 -> 1
Cell (virus_693998,host_249033): 0 -> 1
Cell (virus_693998,host_258930): 0 -> 1
Cell (virus_693998,host_272799): 0 -> 1
Cell (virus_693998,host_258909): 0 -> 1
Cell (virus_693998,host_29078): 0 -> 1
Cell (virus_693998,host_3371014): 0 -> 1
Cell (virus_693998,host_3371016): 0 -> 1
Cell (virus_693998,host_360967): 0 -> 1
Cell (virus_693998,host_258959): 0 -> 1
Cell (virus_693998,host_526822): 0 -> 1
Cell (virus_2913382,host_105273): 0 -> 1
Cell (virus_2913382,host_105295): 0 -> 1
Cell (virus_2913382,host_187011): 0 -> 1
Cell (virus_2913382,host_51300): 0 -> 1
Cell (virus_2913382,host_59473): 0 -> 1
Cell (virus_2913382,host_2015597): 0 -> 1
Cell (virus_2913382,host_633648): 0 -> 1
Cell (virus_2913382,host_258925): 0 -> 1
Cell (virus_2913382,host_177185): 0 -> 1
Cell (virus_2913382,host_157961): 0 -> 1
Cell (virus_2913382,host_270698): 0 -> 1
Cell (virus_2913382,host_249020): 0 -> 1
Cell (virus_2913382,host_584995): 0 -> 1
Cell (virus_2913382,host_302402): 0 -> 1
Cell (virus_2913382,host_463808): 0 -> 1
Cell (virus_2913382,host_58069): 0 -> 1
Cell (virus_2913382,host_166054): 0 -> 1
Cell (virus_2913382,host_196297): 0 -> 1
Cell (virus_2913382,host_328804): 0 -> 1
Cell (virus_2913382,host_9402): 0 -> 1
Cell (virus_2913382,host_9403): 0 -> 1
Cell (virus_2913382,host_58057): 0 -> 1
Cell (virus_2913382,host_1410044): 0 -> 1
Cell (virus_2913382,host_1898389): 0 -> 1
Cell (virus_2913382,host_77231): 0 -> 1
Cell (virus_2913382,host_2853157): 0 -> 1
Cell (virus_2913382,host_58067): 0 -> 1
Cell (virus_2913382,host_58071): 0 -> 1
Cell (virus_2913382,host_77243): 0 -> 1
Cell (virus_2913382,host_58073): 0 -> 1
Cell (virus_2913382,host_77223): 0 -> 1
Cell (virus_2913382,host_9407): 0 -> 1
Cell (virus_2913382,host_9408): 0 -> 1
Cell (virus_2913382,host_58065): 0 -> 1
Cell (virus_2913382,host_77214): 0 -> 1
Cell (virus_2913382,host_40230): 0 -> 1
Cell (virus_2913382,host_51012): 0 -> 1
Cell (virus_2913382,host_40224): 0 -> 1
Cell (virus_2913382,host_221086): 0 -> 1
Cell (virus_2913382,host_291302): 0 -> 1
Cell (virus_2913382,host_221087): 0 -> 1
Cell (virus_2913382,host_187007): 0 -> 1
Cell (virus_2913382,host_187008): 0 -> 1
Cell (virus_2913382,host_438766): 0 -> 1
Cell (virus_2913382,host_258934): 0 -> 1
Cell (virus_2913382,host_479723): 0 -> 1
Cell (virus_2913382,host_124751): 0 -> 1
Cell (virus_2913382,host_3041509): 0 -> 1
Cell (virus_2913382,host_258867): 0 -> 1
Cell (virus_2913382,host_153297): 0 -> 1
Cell (virus_2913382,host_258952): 0 -> 1
Cell (virus_2913382,host_258953): 0 -> 1
Cell (virus_2913382,host_249033): 0 -> 1
Cell (virus_2913382,host_258930): 0 -> 1
Cell (virus_2913382,host_272799): 0 -> 1
Cell (virus_2913382,host_258909): 0 -> 1
Cell (virus_2913382,host_29078): 0 -> 1
Cell (virus_2913382,host_3371014): 0 -> 1
Cell (virus_2913382,host_3371016): 0 -> 1
Cell (virus_2913382,host_360967): 0 -> 1
Cell (virus_2913382,host_258959): 0 -> 1
Cell (virus_2913382,host_526822): 0 -> 1
Cell (virus_3433766,host_105273): 0 -> 1
Cell (virus_3433766,host_105295): 0 -> 1
Cell (virus_3433766,host_258946): 0 -> 1
Cell (virus_3433766,host_187011): 0 -> 1
Cell (virus_3433766,host_375553): 0 -> 1
Cell (virus_3433766,host_51300): 0 -> 1
Cell (virus_3433766,host_59473): 0 -> 1
Cell (virus_3433766,host_633648): 0 -> 1
Cell (virus_3433766,host_258925): 0 -> 1
Cell (virus_3433766,host_177185): 0 -> 1
Cell (virus_3433766,host_685731): 0 -> 1
Cell (virus_3433766,host_2603869): 0 -> 1
Cell (virus_3433766,host_157961): 0 -> 1
Cell (virus_3433766,host_334201): 0 -> 1
Cell (virus_3433766,host_249020): 0 -> 1
Cell (virus_3433766,host_302402): 0 -> 1
Cell (virus_3433766,host_463808): 0 -> 1
Cell (virus_3433766,host_376555): 0 -> 1
Cell (virus_3433766,host_249024): 0 -> 1
Cell (virus_3433766,host_124756): 0 -> 1
Cell (virus_3433766,host_166054): 0 -> 1
Cell (virus_3433766,host_9403): 0 -> 1
Cell (virus_3433766,host_58057): 0 -> 1
Cell (virus_3433766,host_1410044): 0 -> 1
Cell (virus_3433766,host_1898389): 0 -> 1
Cell (virus_3433766,host_77231): 0 -> 1
Cell (virus_3433766,host_2853157): 0 -> 1
Cell (virus_3433766,host_58067): 0 -> 1
Cell (virus_3433766,host_498220): 0 -> 1
Cell (virus_3433766,host_448084): 0 -> 1
Cell (virus_3433766,host_58071): 0 -> 1
Cell (virus_3433766,host_58073): 0 -> 1
Cell (virus_3433766,host_77223): 0 -> 1
Cell (virus_3433766,host_9407): 0 -> 1
Cell (virus_3433766,host_9408): 0 -> 1
Cell (virus_3433766,host_58065): 0 -> 1
Cell (virus_3433766,host_58063): 0 -> 1
Cell (virus_3433766,host_326083): 0 -> 1
Cell (virus_3433766,host_27634): 0 -> 1
Cell (virus_3433766,host_40228): 0 -> 1
Cell (virus_3433766,host_40230): 0 -> 1
Cell (virus_3433766,host_9414): 0 -> 1
Cell (virus_3433766,host_1434095): 0 -> 1
Cell (virus_3433766,host_221086): 0 -> 1
Cell (virus_3433766,host_291302): 0 -> 1
Cell (virus_3433766,host_187007): 0 -> 1
Cell (virus_3433766,host_9433): 0 -> 1
Cell (virus_3433766,host_187008): 0 -> 1
Cell (virus_3433766,host_438766): 0 -> 1
Cell (virus_3433766,host_258934): 0 -> 1
Cell (virus_3433766,host_479723): 0 -> 1
Cell (virus_3433766,host_124751): 0 -> 1
Cell (virus_3433766,host_27622): 0 -> 1
Cell (virus_3433766,host_3041509): 0 -> 1
Cell (virus_3433766,host_2218597): 0 -> 1
Cell (virus_3433766,host_258867): 0 -> 1
Cell (virus_3433766,host_153297): 0 -> 1
Cell (virus_3433766,host_258952): 0 -> 1
Cell (virus_3433766,host_258953): 0 -> 1
Cell (virus_3433766,host_249033): 0 -> 1
Cell (virus_3433766,host_258930): 0 -> 1
Cell (virus_3433766,host_272799): 0 -> 1
Cell (virus_3433766,host_258909): 0 -> 1
Cell (virus_3433766,host_909369): 0 -> 1
Cell (virus_3433766,host_29078): 0 -> 1
Cell (virus_3433766,host_3371014): 0 -> 1
Cell (virus_3433766,host_3371016): 0 -> 1
Cell (virus_3433766,host_360967): 0 -> 1
Cell (virus_3433766,host_110938): 0 -> 1
Cell (virus_3433766,host_258959): 0 -> 1
Cell (virus_3433766,host_526822): 0 -> 1
Cell (virus_694014,host_105273): 0 -> 1
Cell (virus_694014,host_105295): 0 -> 1
Cell (virus_694014,host_258946): 0 -> 1
Cell (virus_694014,host_187011): 0 -> 1
Cell (virus_694014,host_375553): 0 -> 1
Cell (virus_694014,host_51300): 0 -> 1
Cell (virus_694014,host_59473): 0 -> 1
Cell (virus_694014,host_633648): 0 -> 1
Cell (virus_694014,host_258925): 0 -> 1
Cell (virus_694014,host_177185): 0 -> 1
Cell (virus_694014,host_685731): 0 -> 1
Cell (virus_694014,host_2603869): 0 -> 1
Cell (virus_694014,host_157961): 0 -> 1
Cell (virus_694014,host_334201): 0 -> 1
Cell (virus_694014,host_249020): 0 -> 1
Cell (virus_694014,host_302402): 0 -> 1
Cell (virus_694014,host_463808): 0 -> 1
Cell (virus_694014,host_376555): 0 -> 1
Cell (virus_694014,host_249024): 0 -> 1
Cell (virus_694014,host_124756): 0 -> 1
Cell (virus_694014,host_166054): 0 -> 1
Cell (virus_694014,host_9403): 0 -> 1
Cell (virus_694014,host_58057): 0 -> 1
Cell (virus_694014,host_1410044): 0 -> 1
Cell (virus_694014,host_1898389): 0 -> 1
Cell (virus_694014,host_77231): 0 -> 1
Cell (virus_694014,host_2853157): 0 -> 1
Cell (virus_694014,host_58067): 0 -> 1
Cell (virus_694014,host_498220): 0 -> 1
Cell (virus_694014,host_448084): 0 -> 1
Cell (virus_694014,host_58071): 0 -> 1
Cell (virus_694014,host_58073): 0 -> 1
Cell (virus_694014,host_77223): 0 -> 1
Cell (virus_694014,host_9407): 0 -> 1
Cell (virus_694014,host_9408): 0 -> 1
Cell (virus_694014,host_58065): 0 -> 1
Cell (virus_694014,host_58063): 0 -> 1
Cell (virus_694014,host_326083): 0 -> 1
Cell (virus_694014,host_27634): 0 -> 1
Cell (virus_694014,host_40228): 0 -> 1
Cell (virus_694014,host_40230): 0 -> 1
Cell (virus_694014,host_9414): 0 -> 1
Cell (virus_694014,host_1434095): 0 -> 1
Cell (virus_694014,host_221086): 0 -> 1
Cell (virus_694014,host_291302): 0 -> 1
Cell (virus_694014,host_187007): 0 -> 1
Cell (virus_694014,host_9433): 0 -> 1
Cell (virus_694014,host_187008): 0 -> 1
Cell (virus_694014,host_438766): 0 -> 1
Cell (virus_694014,host_258934): 0 -> 1
Cell (virus_694014,host_479723): 0 -> 1
Cell (virus_694014,host_124751): 0 -> 1
Cell (virus_694014,host_27622): 0 -> 1
Cell (virus_694014,host_3041509): 0 -> 1
Cell (virus_694014,host_2218597): 0 -> 1
Cell (virus_694014,host_258867): 0 -> 1
Cell (virus_694014,host_153297): 0 -> 1
Cell (virus_694014,host_258952): 0 -> 1
Cell (virus_694014,host_258953): 0 -> 1
Cell (virus_694014,host_249033): 0 -> 1
Cell (virus_694014,host_258930): 0 -> 1
Cell (virus_694014,host_272799): 0 -> 1
Cell (virus_694014,host_258909): 0 -> 1
Cell (virus_694014,host_909369): 0 -> 1
Cell (virus_694014,host_29078): 0 -> 1
Cell (virus_694014,host_3371014): 0 -> 1
Cell (virus_694014,host_3371016): 0 -> 1
Cell (virus_694014,host_360967): 0 -> 1
Cell (virus_694014,host_110938): 0 -> 1
Cell (virus_694014,host_258959): 0 -> 1
Cell (virus_694014,host_526822): 0 -> 1
Cell (virus_2917966,host_105273): 0 -> 1
Cell (virus_2917966,host_105295): 0 -> 1
Cell (virus_2917966,host_187011): 0 -> 1
Cell (virus_2917966,host_375553): 0 -> 1
Cell (virus_2917966,host_51300): 0 -> 1
Cell (virus_2917966,host_59473): 0 -> 1
Cell (virus_2917966,host_187014): 0 -> 1
Cell (virus_2917966,host_59461): 0 -> 1
Cell (virus_2917966,host_452653): 0 -> 1
Cell (virus_2917966,host_633648): 0 -> 1
Cell (virus_2917966,host_258925): 0 -> 1
Cell (virus_2917966,host_177185): 0 -> 1
Cell (virus_2917966,host_685731): 0 -> 1
Cell (virus_2917966,host_2603869): 0 -> 1
Cell (virus_2917966,host_188568): 0 -> 1
Cell (virus_2917966,host_1207989): 0 -> 1
Cell (virus_2917966,host_188569): 0 -> 1
Cell (virus_2917966,host_334201): 0 -> 1
Cell (virus_2917966,host_249020): 0 -> 1
Cell (virus_2917966,host_584995): 0 -> 1
Cell (virus_2917966,host_302402): 0 -> 1
Cell (virus_2917966,host_463808): 0 -> 1
Cell (virus_2917966,host_170233): 0 -> 1
Cell (virus_2917966,host_58069): 0 -> 1
Cell (virus_2917966,host_3371112): 0 -> 1
Cell (virus_2917966,host_124756): 0 -> 1
Cell (virus_2917966,host_166054): 0 -> 1
Cell (virus_2917966,host_196297): 0 -> 1
Cell (virus_2917966,host_328804): 0 -> 1
Cell (virus_2917966,host_9403): 0 -> 1
Cell (virus_2917966,host_1410044): 0 -> 1
Cell (virus_2917966,host_1898389): 0 -> 1
Cell (virus_2917966,host_77231): 0 -> 1
Cell (virus_2917966,host_2853157): 0 -> 1
Cell (virus_2917966,host_58067): 0 -> 1
Cell (virus_2917966,host_448084): 0 -> 1
Cell (virus_2917966,host_58071): 0 -> 1
Cell (virus_2917966,host_58073): 0 -> 1
Cell (virus_2917966,host_58083): 0 -> 1
Cell (virus_2917966,host_77223): 0 -> 1
Cell (virus_2917966,host_9407): 0 -> 1
Cell (virus_2917966,host_9408): 0 -> 1
Cell (virus_2917966,host_58065): 0 -> 1
Cell (virus_2917966,host_58063): 0 -> 1
Cell (virus_2917966,host_77214): 0 -> 1
Cell (virus_2917966,host_326083): 0 -> 1
Cell (virus_2917966,host_40228): 0 -> 1
Cell (virus_2917966,host_40230): 0 -> 1
Cell (virus_2917966,host_9417): 0 -> 1
Cell (virus_2917966,host_2994998): 0 -> 1
Cell (virus_2917966,host_409031): 0 -> 1
Cell (virus_2917966,host_9423): 0 -> 1
Cell (virus_2917966,host_148089): 0 -> 1
Cell (virus_2917966,host_94961): 0 -> 1
Cell (virus_2917966,host_59472): 0 -> 1
Cell (virus_2917966,host_1434095): 0 -> 1
Cell (virus_2917966,host_221086): 0 -> 1
Cell (virus_2917966,host_291302): 0 -> 1
Cell (virus_2917966,host_187007): 0 -> 1
Cell (virus_2917966,host_9433): 0 -> 1
Cell (virus_2917966,host_187008): 0 -> 1
Cell (virus_2917966,host_438766): 0 -> 1
Cell (virus_2917966,host_258934): 0 -> 1
Cell (virus_2917966,host_479723): 0 -> 1
Cell (virus_2917966,host_124751): 0 -> 1
Cell (virus_2917966,host_2218597): 0 -> 1
Cell (virus_2917966,host_258867): 0 -> 1
Cell (virus_2917966,host_9438): 0 -> 1
Cell (virus_2917966,host_258952): 0 -> 1
Cell (virus_2917966,host_258953): 0 -> 1
Cell (virus_2917966,host_249033): 0 -> 1
Cell (virus_2917966,host_258930): 0 -> 1
Cell (virus_2917966,host_272799): 0 -> 1
Cell (virus_2917966,host_61862): 0 -> 1
Cell (virus_2917966,host_258909): 0 -> 1
Cell (virus_2917966,host_29078): 0 -> 1
Cell (virus_2917966,host_3371014): 0 -> 1
Cell (virus_2917966,host_3371016): 0 -> 1
Cell (virus_2917966,host_360967): 0 -> 1
Cell (virus_2917966,host_258959): 0 -> 1
Cell (virus_2917966,host_59485): 0 -> 1
Cell (virus_3158245,host_105273): 0 -> 1
Cell (virus_3158245,host_109481): 0 -> 1
Cell (virus_3158245,host_109482): 0 -> 1
Cell (virus_3158245,host_412095): 0 -> 1
Cell (virus_3158245,host_51298): 0 -> 1
Cell (virus_3158245,host_386774): 0 -> 1
Cell (virus_3158245,host_187014): 0 -> 1
Cell (virus_3158245,host_526407): 0 -> 1
Cell (virus_3158245,host_59461): 0 -> 1
Cell (virus_3158245,host_203696): 0 -> 1
Cell (virus_3158245,host_633648): 0 -> 1
Cell (virus_3158245,host_258925): 0 -> 1
Cell (virus_3158245,host_177185): 0 -> 1
Cell (virus_3158245,host_685731): 0 -> 1
Cell (virus_3158245,host_110941): 0 -> 1
Cell (virus_3158245,host_2603869): 0 -> 1
Cell (virus_3158245,host_157961): 0 -> 1
Cell (virus_3158245,host_302402): 0 -> 1
Cell (virus_3158245,host_463808): 0 -> 1
Cell (virus_3158245,host_1195082): 0 -> 1
Cell (virus_3158245,host_329870): 0 -> 1
Cell (virus_3158245,host_166054): 0 -> 1
Cell (virus_3158245,host_385575): 0 -> 1
Cell (virus_3158245,host_9403): 0 -> 1
Cell (virus_3158245,host_77231): 0 -> 1
Cell (virus_3158245,host_2853157): 0 -> 1
Cell (virus_3158245,host_372077): 0 -> 1
Cell (virus_3158245,host_58067): 0 -> 1
Cell (virus_3158245,host_498220): 0 -> 1
Cell (virus_3158245,host_448084): 0 -> 1
Cell (virus_3158245,host_58071): 0 -> 1
Cell (virus_3158245,host_58073): 0 -> 1
Cell (virus_3158245,host_1898393): 0 -> 1
Cell (virus_3158245,host_58083): 0 -> 1
Cell (virus_3158245,host_77223): 0 -> 1
Cell (virus_3158245,host_9407): 0 -> 1
Cell (virus_3158245,host_9408): 0 -> 1
Cell (virus_3158245,host_58065): 0 -> 1
Cell (virus_3158245,host_77214): 0 -> 1
Cell (virus_3158245,host_118856): 0 -> 1
Cell (virus_3158245,host_94956): 0 -> 1
Cell (virus_3158245,host_59476): 0 -> 1
Cell (virus_3158245,host_40230): 0 -> 1
Cell (virus_3158245,host_89673): 0 -> 1
Cell (virus_3158245,host_148061): 0 -> 1
Cell (virus_3158245,host_148089): 0 -> 1
Cell (virus_3158245,host_59472): 0 -> 1
Cell (virus_3158245,host_221086): 0 -> 1
Cell (virus_3158245,host_291302): 0 -> 1
Cell (virus_3158245,host_221087): 0 -> 1
Cell (virus_3158245,host_187007): 0 -> 1
Cell (virus_3158245,host_187008): 0 -> 1
Cell (virus_3158245,host_438766): 0 -> 1
Cell (virus_3158245,host_258934): 0 -> 1
Cell (virus_3158245,host_479723): 0 -> 1
Cell (virus_3158245,host_124751): 0 -> 1
Cell (virus_3158245,host_258867): 0 -> 1
Cell (virus_3158245,host_258959): 0 -> 1
Cell (virus_693999,host_105273): 0 -> 1
Cell (virus_693999,host_109481): 0 -> 1
Cell (virus_693999,host_109482): 0 -> 1
Cell (virus_693999,host_412095): 0 -> 1
Cell (virus_693999,host_51298): 0 -> 1
Cell (virus_693999,host_386774): 0 -> 1
Cell (virus_693999,host_187014): 0 -> 1
Cell (virus_693999,host_526407): 0 -> 1
Cell (virus_693999,host_59461): 0 -> 1
Cell (virus_693999,host_203696): 0 -> 1
Cell (virus_693999,host_633648): 0 -> 1
Cell (virus_693999,host_258925): 0 -> 1
Cell (virus_693999,host_177185): 0 -> 1
Cell (virus_693999,host_685731): 0 -> 1
Cell (virus_693999,host_110941): 0 -> 1
Cell (virus_693999,host_2603869): 0 -> 1
Cell (virus_693999,host_157961): 0 -> 1
Cell (virus_693999,host_302402): 0 -> 1
Cell (virus_693999,host_463808): 0 -> 1
Cell (virus_693999,host_1195082): 0 -> 1
Cell (virus_693999,host_329870): 0 -> 1
Cell (virus_693999,host_166054): 0 -> 1
Cell (virus_693999,host_385575): 0 -> 1
Cell (virus_693999,host_9403): 0 -> 1
Cell (virus_693999,host_77231): 0 -> 1
Cell (virus_693999,host_2853157): 0 -> 1
Cell (virus_693999,host_372077): 0 -> 1
Cell (virus_693999,host_58067): 0 -> 1
Cell (virus_693999,host_498220): 0 -> 1
Cell (virus_693999,host_448084): 0 -> 1
Cell (virus_693999,host_58071): 0 -> 1
Cell (virus_693999,host_58073): 0 -> 1
Cell (virus_693999,host_1898393): 0 -> 1
Cell (virus_693999,host_58083): 0 -> 1
Cell (virus_693999,host_77223): 0 -> 1
Cell (virus_693999,host_9407): 0 -> 1
Cell (virus_693999,host_9408): 0 -> 1
Cell (virus_693999,host_58065): 0 -> 1
Cell (virus_693999,host_77214): 0 -> 1
Cell (virus_693999,host_118856): 0 -> 1
Cell (virus_693999,host_94956): 0 -> 1
Cell (virus_693999,host_59476): 0 -> 1
Cell (virus_693999,host_40230): 0 -> 1
Cell (virus_693999,host_89673): 0 -> 1
Cell (virus_693999,host_148061): 0 -> 1
Cell (virus_693999,host_148089): 0 -> 1
Cell (virus_693999,host_59472): 0 -> 1
Cell (virus_693999,host_221086): 0 -> 1
Cell (virus_693999,host_291302): 0 -> 1
Cell (virus_693999,host_221087): 0 -> 1
Cell (virus_693999,host_187007): 0 -> 1
Cell (virus_693999,host_187008): 0 -> 1
Cell (virus_693999,host_438766): 0 -> 1
Cell (virus_693999,host_258934): 0 -> 1
Cell (virus_693999,host_479723): 0 -> 1
Cell (virus_693999,host_124751): 0 -> 1
Cell (virus_693999,host_258867): 0 -> 1
Cell (virus_693999,host_258959): 0 -> 1
Cell (virus_3418615,host_109481): 0 -> 1
Cell (virus_3418615,host_412095): 0 -> 1
Cell (virus_3418615,host_51298): 0 -> 1
Cell (virus_3418615,host_386774): 0 -> 1
Cell (virus_3418615,host_392004): 0 -> 1
Cell (virus_3418615,host_187014): 0 -> 1
Cell (virus_3418615,host_526407): 0 -> 1
Cell (virus_3418615,host_59461): 0 -> 1
Cell (virus_3418615,host_203696): 0 -> 1
Cell (virus_3418615,host_452653): 0 -> 1
Cell (virus_3418615,host_633648): 0 -> 1
Cell (virus_3418615,host_258925): 0 -> 1
Cell (virus_3418615,host_177185): 0 -> 1
Cell (virus_3418615,host_685731): 0 -> 1
Cell (virus_3418615,host_110941): 0 -> 1
Cell (virus_3418615,host_2603869): 0 -> 1
Cell (virus_3418615,host_157961): 0 -> 1
Cell (virus_3418615,host_302402): 0 -> 1
Cell (virus_3418615,host_463808): 0 -> 1
Cell (virus_3418615,host_1195082): 0 -> 1
Cell (virus_3418615,host_329870): 0 -> 1
Cell (virus_3418615,host_3371112): 0 -> 1
Cell (virus_3418615,host_166054): 0 -> 1
Cell (virus_3418615,host_328804): 0 -> 1
Cell (virus_3418615,host_9402): 0 -> 1
Cell (virus_3418615,host_9403): 0 -> 1
Cell (virus_3418615,host_1410044): 0 -> 1
Cell (virus_3418615,host_77231): 0 -> 1
Cell (virus_3418615,host_2853157): 0 -> 1
Cell (virus_3418615,host_372077): 0 -> 1
Cell (virus_3418615,host_58067): 0 -> 1
Cell (virus_3418615,host_498220): 0 -> 1
Cell (virus_3418615,host_448084): 0 -> 1
Cell (virus_3418615,host_58071): 0 -> 1
Cell (virus_3418615,host_58073): 0 -> 1
Cell (virus_3418615,host_77223): 0 -> 1
Cell (virus_3418615,host_9407): 0 -> 1
Cell (virus_3418615,host_9408): 0 -> 1
Cell (virus_3418615,host_77214): 0 -> 1
Cell (virus_3418615,host_118856): 0 -> 1
Cell (virus_3418615,host_94956): 0 -> 1
Cell (virus_3418615,host_59476): 0 -> 1
Cell (virus_3418615,host_40230): 0 -> 1
Cell (virus_3418615,host_89673): 0 -> 1
Cell (virus_3418615,host_148061): 0 -> 1
Cell (virus_3418615,host_148089): 0 -> 1
Cell (virus_3418615,host_9430): 0 -> 1
Cell (virus_3418615,host_221086): 0 -> 1
Cell (virus_3418615,host_291302): 0 -> 1
Cell (virus_3418615,host_187007): 0 -> 1
Cell (virus_3418615,host_187008): 0 -> 1
Cell (virus_3418615,host_438766): 0 -> 1
Cell (virus_3418615,host_479723): 0 -> 1
Cell (virus_3418615,host_124751): 0 -> 1
Cell (virus_3418615,host_3041509): 0 -> 1
Cell (virus_3418615,host_2218597): 0 -> 1
Cell (virus_3418615,host_258867): 0 -> 1
Cell (virus_694006,host_109481): 0 -> 1
Cell (virus_694006,host_412095): 0 -> 1
Cell (virus_694006,host_51298): 0 -> 1
Cell (virus_694006,host_386774): 0 -> 1
Cell (virus_694006,host_392004): 0 -> 1
Cell (virus_694006,host_187014): 0 -> 1
Cell (virus_694006,host_526407): 0 -> 1
Cell (virus_694006,host_59461): 0 -> 1
Cell (virus_694006,host_203696): 0 -> 1
Cell (virus_694006,host_452653): 0 -> 1
Cell (virus_694006,host_633648): 0 -> 1
Cell (virus_694006,host_258925): 0 -> 1
Cell (virus_694006,host_177185): 0 -> 1
Cell (virus_694006,host_685731): 0 -> 1
Cell (virus_694006,host_110941): 0 -> 1
Cell (virus_694006,host_2603869): 0 -> 1
Cell (virus_694006,host_157961): 0 -> 1
Cell (virus_694006,host_302402): 0 -> 1
Cell (virus_694006,host_463808): 0 -> 1
Cell (virus_694006,host_1195082): 0 -> 1
Cell (virus_694006,host_329870): 0 -> 1
Cell (virus_694006,host_3371112): 0 -> 1
Cell (virus_694006,host_166054): 0 -> 1
Cell (virus_694006,host_328804): 0 -> 1
Cell (virus_694006,host_9402): 0 -> 1
Cell (virus_694006,host_9403): 0 -> 1
Cell (virus_694006,host_1410044): 0 -> 1
Cell (virus_694006,host_77231): 0 -> 1
Cell (virus_694006,host_2853157): 0 -> 1
Cell (virus_694006,host_372077): 0 -> 1
Cell (virus_694006,host_58067): 0 -> 1
Cell (virus_694006,host_498220): 0 -> 1
Cell (virus_694006,host_448084): 0 -> 1
Cell (virus_694006,host_58071): 0 -> 1
Cell (virus_694006,host_58073): 0 -> 1
Cell (virus_694006,host_77223): 0 -> 1
Cell (virus_694006,host_9407): 0 -> 1
Cell (virus_694006,host_9408): 0 -> 1
Cell (virus_694006,host_77214): 0 -> 1
Cell (virus_694006,host_118856): 0 -> 1
Cell (virus_694006,host_94956): 0 -> 1
Cell (virus_694006,host_59476): 0 -> 1
Cell (virus_694006,host_40230): 0 -> 1
Cell (virus_694006,host_89673): 0 -> 1
Cell (virus_694006,host_148061): 0 -> 1
Cell (virus_694006,host_148089): 0 -> 1
Cell (virus_694006,host_9430): 0 -> 1
Cell (virus_694006,host_221086): 0 -> 1
Cell (virus_694006,host_291302): 0 -> 1
Cell (virus_694006,host_187007): 0 -> 1
Cell (virus_694006,host_187008): 0 -> 1
Cell (virus_694006,host_438766): 0 -> 1
Cell (virus_694006,host_479723): 0 -> 1
Cell (virus_694006,host_124751): 0 -> 1
Cell (virus_694006,host_3041509): 0 -> 1
Cell (virus_694006,host_2218597): 0 -> 1
Cell (virus_694006,host_258867): 0 -> 1
Cell (virus_3433776,host_109481): 0 -> 1
Cell (virus_3433776,host_412095): 0 -> 1
Cell (virus_3433776,host_51298): 0 -> 1
Cell (virus_3433776,host_386774): 0 -> 1
Cell (virus_3433776,host_187014): 0 -> 1
Cell (virus_3433776,host_526407): 0 -> 1
Cell (virus_3433776,host_59461): 0 -> 1
Cell (virus_3433776,host_203696): 0 -> 1
Cell (virus_3433776,host_452653): 0 -> 1
Cell (virus_3433776,host_633648): 0 -> 1
Cell (virus_3433776,host_258925): 0 -> 1
Cell (virus_3433776,host_177185): 0 -> 1
Cell (virus_3433776,host_685731): 0 -> 1
Cell (virus_3433776,host_110941): 0 -> 1
Cell (virus_3433776,host_2603869): 0 -> 1
Cell (virus_3433776,host_157961): 0 -> 1
Cell (virus_3433776,host_270698): 0 -> 1
Cell (virus_3433776,host_334201): 0 -> 1
Cell (virus_3433776,host_302402): 0 -> 1
Cell (virus_3433776,host_463808): 0 -> 1
Cell (virus_3433776,host_58069): 0 -> 1
Cell (virus_3433776,host_1195082): 0 -> 1
Cell (virus_3433776,host_329870): 0 -> 1
Cell (virus_3433776,host_166054): 0 -> 1
Cell (virus_3433776,host_385575): 0 -> 1
Cell (virus_3433776,host_9403): 0 -> 1
Cell (virus_3433776,host_58057): 0 -> 1
Cell (virus_3433776,host_1410044): 0 -> 1
Cell (virus_3433776,host_1898389): 0 -> 1
Cell (virus_3433776,host_77231): 0 -> 1
Cell (virus_3433776,host_2853157): 0 -> 1
Cell (virus_3433776,host_372077): 0 -> 1
Cell (virus_3433776,host_58067): 0 -> 1
Cell (virus_3433776,host_498220): 0 -> 1
Cell (virus_3433776,host_448084): 0 -> 1
Cell (virus_3433776,host_58071): 0 -> 1
Cell (virus_3433776,host_58073): 0 -> 1
Cell (virus_3433776,host_58083): 0 -> 1
Cell (virus_3433776,host_9407): 0 -> 1
Cell (virus_3433776,host_9408): 0 -> 1
Cell (virus_3433776,host_77214): 0 -> 1
Cell (virus_3433776,host_326083): 0 -> 1
Cell (virus_3433776,host_118856): 0 -> 1
Cell (virus_3433776,host_94956): 0 -> 1
Cell (virus_3433776,host_59476): 0 -> 1
Cell (virus_3433776,host_40230): 0 -> 1
Cell (virus_3433776,host_89673): 0 -> 1
Cell (virus_3433776,host_148061): 0 -> 1
Cell (virus_3433776,host_148089): 0 -> 1
Cell (virus_3433776,host_3042450): 0 -> 1
Cell (virus_3433776,host_1434095): 0 -> 1
Cell (virus_3433776,host_221086): 0 -> 1
Cell (virus_3433776,host_291302): 0 -> 1
Cell (virus_3433776,host_221087): 0 -> 1
Cell (virus_3433776,host_187007): 0 -> 1
Cell (virus_3433776,host_187008): 0 -> 1
Cell (virus_3433776,host_438766): 0 -> 1
Cell (virus_3433776,host_479723): 0 -> 1
Cell (virus_3433776,host_124751): 0 -> 1
Cell (virus_3433776,host_2218597): 0 -> 1
Cell (virus_3433776,host_258867): 0 -> 1
Cell (virus_694007,host_109481): 0 -> 1
Cell (virus_694007,host_412095): 0 -> 1
Cell (virus_694007,host_51298): 0 -> 1
Cell (virus_694007,host_386774): 0 -> 1
Cell (virus_694007,host_187014): 0 -> 1
Cell (virus_694007,host_526407): 0 -> 1
Cell (virus_694007,host_59461): 0 -> 1
Cell (virus_694007,host_203696): 0 -> 1
Cell (virus_694007,host_452653): 0 -> 1
Cell (virus_694007,host_633648): 0 -> 1
Cell (virus_694007,host_258925): 0 -> 1
Cell (virus_694007,host_177185): 0 -> 1
Cell (virus_694007,host_685731): 0 -> 1
Cell (virus_694007,host_110941): 0 -> 1
Cell (virus_694007,host_2603869): 0 -> 1
Cell (virus_694007,host_157961): 0 -> 1
Cell (virus_694007,host_270698): 0 -> 1
Cell (virus_694007,host_334201): 0 -> 1
Cell (virus_694007,host_302402): 0 -> 1
Cell (virus_694007,host_463808): 0 -> 1
Cell (virus_694007,host_58069): 0 -> 1
Cell (virus_694007,host_1195082): 0 -> 1
Cell (virus_694007,host_329870): 0 -> 1
Cell (virus_694007,host_166054): 0 -> 1
Cell (virus_694007,host_385575): 0 -> 1
Cell (virus_694007,host_9403): 0 -> 1
Cell (virus_694007,host_58057): 0 -> 1
Cell (virus_694007,host_1410044): 0 -> 1
Cell (virus_694007,host_1898389): 0 -> 1
Cell (virus_694007,host_77231): 0 -> 1
Cell (virus_694007,host_2853157): 0 -> 1
Cell (virus_694007,host_372077): 0 -> 1
Cell (virus_694007,host_58067): 0 -> 1
Cell (virus_694007,host_498220): 0 -> 1
Cell (virus_694007,host_448084): 0 -> 1
Cell (virus_694007,host_58071): 0 -> 1
Cell (virus_694007,host_58073): 0 -> 1
Cell (virus_694007,host_58083): 0 -> 1
Cell (virus_694007,host_9407): 0 -> 1
Cell (virus_694007,host_9408): 0 -> 1
Cell (virus_694007,host_77214): 0 -> 1
Cell (virus_694007,host_326083): 0 -> 1
Cell (virus_694007,host_118856): 0 -> 1
Cell (virus_694007,host_94956): 0 -> 1
Cell (virus_694007,host_59476): 0 -> 1
Cell (virus_694007,host_40230): 0 -> 1
Cell (virus_694007,host_89673): 0 -> 1
Cell (virus_694007,host_148061): 0 -> 1
Cell (virus_694007,host_148089): 0 -> 1
Cell (virus_694007,host_3042450): 0 -> 1
Cell (virus_694007,host_1434095): 0 -> 1
Cell (virus_694007,host_221086): 0 -> 1
Cell (virus_694007,host_291302): 0 -> 1
Cell (virus_694007,host_221087): 0 -> 1
Cell (virus_694007,host_187007): 0 -> 1
Cell (virus_694007,host_187008): 0 -> 1
Cell (virus_694007,host_438766): 0 -> 1
Cell (virus_694007,host_479723): 0 -> 1
Cell (virus_694007,host_124751): 0 -> 1
Cell (virus_694007,host_2218597): 0 -> 1
Cell (virus_694007,host_258867): 0 -> 1
Cell (virus_1881051,host_105273): 0 -> 1
Cell (virus_1881051,host_105295): 0 -> 1
Cell (virus_1881051,host_258946): 0 -> 1
Cell (virus_1881051,host_187011): 0 -> 1
Cell (virus_1881051,host_375553): 0 -> 1
Cell (virus_1881051,host_51300): 0 -> 1
Cell (virus_1881051,host_246814): 0 -> 1
Cell (virus_1881051,host_59473): 0 -> 1
Cell (virus_1881051,host_188569): 0 -> 1
Cell (virus_1881051,host_157961): 0 -> 1
Cell (virus_1881051,host_2603865): 0 -> 1
Cell (virus_1881051,host_124756): 0 -> 1
Cell (virus_1881051,host_166054): 0 -> 1
Cell (virus_1881051,host_328804): 0 -> 1
Cell (virus_1881051,host_9403): 0 -> 1
Cell (virus_1881051,host_1410044): 0 -> 1
Cell (virus_1881051,host_1898389): 0 -> 1
Cell (virus_1881051,host_77231): 0 -> 1
Cell (virus_1881051,host_2853157): 0 -> 1
Cell (virus_1881051,host_372077): 0 -> 1
Cell (virus_1881051,host_58067): 0 -> 1
Cell (virus_1881051,host_498220): 0 -> 1
Cell (virus_1881051,host_58071): 0 -> 1
Cell (virus_1881051,host_77243): 0 -> 1
Cell (virus_1881051,host_58083): 0 -> 1
Cell (virus_1881051,host_77223): 0 -> 1
Cell (virus_1881051,host_9407): 0 -> 1
Cell (virus_1881051,host_9408): 0 -> 1
Cell (virus_1881051,host_58063): 0 -> 1
Cell (virus_1881051,host_77214): 0 -> 1
Cell (virus_1881051,host_326083): 0 -> 1
Cell (virus_1881051,host_40230): 0 -> 1
Cell (virus_1881051,host_3042450): 0 -> 1
Cell (virus_1881051,host_1434095): 0 -> 1
Cell (virus_1881051,host_221086): 0 -> 1
Cell (virus_1881051,host_291302): 0 -> 1
Cell (virus_1881051,host_187007): 0 -> 1
Cell (virus_1881051,host_187008): 0 -> 1
Cell (virus_1881051,host_438766): 0 -> 1
Cell (virus_1881051,host_258934): 0 -> 1
Cell (virus_1881051,host_479723): 0 -> 1
Cell (virus_1881051,host_3041509): 0 -> 1
Cell (virus_1881051,host_258867): 0 -> 1
Cell (virus_1881051,host_258863): 0 -> 1
Cell (virus_1881051,host_452595): 0 -> 1
Cell (virus_1881051,host_3370289): 0 -> 1
Cell (virus_1881051,host_999964): 0 -> 1
Cell (virus_1881051,host_153297): 0 -> 1
Cell (virus_1881051,host_258952): 0 -> 1
Cell (virus_1881051,host_258953): 0 -> 1
Cell (virus_1881051,host_249033): 0 -> 1
Cell (virus_1881051,host_258930): 0 -> 1
Cell (virus_1881051,host_272799): 0 -> 1
Cell (virus_1881051,host_258909): 0 -> 1
Cell (virus_1881051,host_909369): 0 -> 1
Cell (virus_1881051,host_29078): 0 -> 1
Cell (virus_1881051,host_3371014): 0 -> 1
Cell (virus_1881051,host_3371021): 0 -> 1
Cell (virus_1881051,host_258944): 0 -> 1
Cell (virus_1881051,host_258959): 0 -> 1
Cell (virus_2913387,host_105273): 0 -> 1
Cell (virus_2913387,host_105295): 0 -> 1
Cell (virus_2913387,host_258946): 0 -> 1
Cell (virus_2913387,host_187011): 0 -> 1
Cell (virus_2913387,host_375553): 0 -> 1
Cell (virus_2913387,host_51300): 0 -> 1
Cell (virus_2913387,host_246814): 0 -> 1
Cell (virus_2913387,host_59473): 0 -> 1
Cell (virus_2913387,host_1207989): 0 -> 1
Cell (virus_2913387,host_188569): 0 -> 1
Cell (virus_2913387,host_157961): 0 -> 1
Cell (virus_2913387,host_2603865): 0 -> 1
Cell (virus_2913387,host_124756): 0 -> 1
Cell (virus_2913387,host_166054): 0 -> 1
Cell (virus_2913387,host_328804): 0 -> 1
Cell (virus_2913387,host_9403): 0 -> 1
Cell (virus_2913387,host_1410044): 0 -> 1
Cell (virus_2913387,host_1898389): 0 -> 1
Cell (virus_2913387,host_77231): 0 -> 1
Cell (virus_2913387,host_2853157): 0 -> 1
Cell (virus_2913387,host_372077): 0 -> 1
Cell (virus_2913387,host_58067): 0 -> 1
Cell (virus_2913387,host_498220): 0 -> 1
Cell (virus_2913387,host_58071): 0 -> 1
Cell (virus_2913387,host_77243): 0 -> 1
Cell (virus_2913387,host_58083): 0 -> 1
Cell (virus_2913387,host_77223): 0 -> 1
Cell (virus_2913387,host_9407): 0 -> 1
Cell (virus_2913387,host_9408): 0 -> 1
Cell (virus_2913387,host_58063): 0 -> 1
Cell (virus_2913387,host_326083): 0 -> 1
Cell (virus_2913387,host_40230): 0 -> 1
Cell (virus_2913387,host_3042450): 0 -> 1
Cell (virus_2913387,host_1434095): 0 -> 1
Cell (virus_2913387,host_221086): 0 -> 1
Cell (virus_2913387,host_291302): 0 -> 1
Cell (virus_2913387,host_187007): 0 -> 1
Cell (virus_2913387,host_187008): 0 -> 1
Cell (virus_2913387,host_438766): 0 -> 1
Cell (virus_2913387,host_258934): 0 -> 1
Cell (virus_2913387,host_479723): 0 -> 1
Cell (virus_2913387,host_3041509): 0 -> 1
Cell (virus_2913387,host_258867): 0 -> 1
Cell (virus_2913387,host_258863): 0 -> 1
Cell (virus_2913387,host_452595): 0 -> 1
Cell (virus_2913387,host_3370289): 0 -> 1
Cell (virus_2913387,host_999964): 0 -> 1
Cell (virus_2913387,host_153297): 0 -> 1
Cell (virus_2913387,host_258952): 0 -> 1
Cell (virus_2913387,host_258953): 0 -> 1
Cell (virus_2913387,host_249033): 0 -> 1
Cell (virus_2913387,host_258930): 0 -> 1
Cell (virus_2913387,host_272799): 0 -> 1
Cell (virus_2913387,host_258909): 0 -> 1
Cell (virus_2913387,host_909369): 0 -> 1
Cell (virus_2913387,host_29078): 0 -> 1
Cell (virus_2913387,host_3371014): 0 -> 1
Cell (virus_2913387,host_3371021): 0 -> 1
Cell (virus_2913387,host_258944): 0 -> 1
Cell (virus_2913387,host_258959): 0 -> 1
Cell (virus_2691592,host_105273): 0 -> 1
Cell (virus_2691592,host_105295): 0 -> 1
Cell (virus_2691592,host_258946): 0 -> 1
Cell (virus_2691592,host_187011): 0 -> 1
Cell (virus_2691592,host_375553): 0 -> 1
Cell (virus_2691592,host_51300): 0 -> 1
Cell (virus_2691592,host_246814): 0 -> 1
Cell (virus_2691592,host_59473): 0 -> 1
Cell (virus_2691592,host_1207989): 0 -> 1
Cell (virus_2691592,host_188569): 0 -> 1
Cell (virus_2691592,host_157961): 0 -> 1
Cell (virus_2691592,host_334201): 0 -> 1
Cell (virus_2691592,host_166054): 0 -> 1
Cell (virus_2691592,host_328804): 0 -> 1
Cell (virus_2691592,host_9403): 0 -> 1
Cell (virus_2691592,host_1410044): 0 -> 1
Cell (virus_2691592,host_1898389): 0 -> 1
Cell (virus_2691592,host_77231): 0 -> 1
Cell (virus_2691592,host_372077): 0 -> 1
Cell (virus_2691592,host_903567): 0 -> 1
Cell (virus_2691592,host_58067): 0 -> 1
Cell (virus_2691592,host_498220): 0 -> 1
Cell (virus_2691592,host_448084): 0 -> 1
Cell (virus_2691592,host_58071): 0 -> 1
Cell (virus_2691592,host_58083): 0 -> 1
Cell (virus_2691592,host_77223): 0 -> 1
Cell (virus_2691592,host_9407): 0 -> 1
Cell (virus_2691592,host_9408): 0 -> 1
Cell (virus_2691592,host_58063): 0 -> 1
Cell (virus_2691592,host_326083): 0 -> 1
Cell (virus_2691592,host_40228): 0 -> 1
Cell (virus_2691592,host_40230): 0 -> 1
Cell (virus_2691592,host_89673): 0 -> 1
Cell (virus_2691592,host_3042450): 0 -> 1
Cell (virus_2691592,host_1434095): 0 -> 1
Cell (virus_2691592,host_221086): 0 -> 1
Cell (virus_2691592,host_291302): 0 -> 1
Cell (virus_2691592,host_187007): 0 -> 1
Cell (virus_2691592,host_187008): 0 -> 1
Cell (virus_2691592,host_438766): 0 -> 1
Cell (virus_2691592,host_258934): 0 -> 1
Cell (virus_2691592,host_479723): 0 -> 1
Cell (virus_2691592,host_3041509): 0 -> 1
Cell (virus_2691592,host_258867): 0 -> 1
Cell (virus_2691592,host_242384): 0 -> 1
Cell (virus_2691592,host_258863): 0 -> 1
Cell (virus_2691592,host_452595): 0 -> 1
Cell (virus_2691592,host_3370289): 0 -> 1
Cell (virus_2691592,host_999964): 0 -> 1
Cell (virus_2691592,host_153297): 0 -> 1
Cell (virus_2691592,host_258952): 0 -> 1
Cell (virus_2691592,host_258953): 0 -> 1
Cell (virus_2691592,host_249033): 0 -> 1
Cell (virus_2691592,host_258930): 0 -> 1
Cell (virus_2691592,host_272799): 0 -> 1
Cell (virus_2691592,host_258909): 0 -> 1
Cell (virus_2691592,host_909369): 0 -> 1
Cell (virus_2691592,host_29078): 0 -> 1
Cell (virus_2691592,host_2969767): 0 -> 1
Cell (virus_2691592,host_3371014): 0 -> 1
Cell (virus_2691592,host_3371021): 0 -> 1
Cell (virus_2691592,host_258959): 0 -> 1
Cell (virus_28295,host_105273): 0 -> 1
Cell (virus_28295,host_105295): 0 -> 1
Cell (virus_28295,host_258946): 0 -> 1
Cell (virus_28295,host_187011): 0 -> 1
Cell (virus_28295,host_375553): 0 -> 1
Cell (virus_28295,host_51300): 0 -> 1
Cell (virus_28295,host_246814): 0 -> 1
Cell (virus_28295,host_294653): 0 -> 1
Cell (virus_28295,host_59473): 0 -> 1
Cell (virus_28295,host_157961): 0 -> 1
Cell (virus_28295,host_166054): 0 -> 1
Cell (virus_28295,host_328804): 0 -> 1
Cell (virus_28295,host_9403): 0 -> 1
Cell (virus_28295,host_1410044): 0 -> 1
Cell (virus_28295,host_1898389): 0 -> 1
Cell (virus_28295,host_77231): 0 -> 1
Cell (virus_28295,host_2853157): 0 -> 1
Cell (virus_28295,host_372077): 0 -> 1
Cell (virus_28295,host_58067): 0 -> 1
Cell (virus_28295,host_498220): 0 -> 1
Cell (virus_28295,host_448084): 0 -> 1
Cell (virus_28295,host_58071): 0 -> 1
Cell (virus_28295,host_77243): 0 -> 1
Cell (virus_28295,host_58083): 0 -> 1
Cell (virus_28295,host_77223): 0 -> 1
Cell (virus_28295,host_9407): 0 -> 1
Cell (virus_28295,host_9408): 0 -> 1
Cell (virus_28295,host_58063): 0 -> 1
Cell (virus_28295,host_326083): 0 -> 1
Cell (virus_28295,host_40230): 0 -> 1
Cell (virus_28295,host_89673): 0 -> 1
Cell (virus_28295,host_3042450): 0 -> 1
Cell (virus_28295,host_1434095): 0 -> 1
Cell (virus_28295,host_221086): 0 -> 1
Cell (virus_28295,host_291302): 0 -> 1
Cell (virus_28295,host_187007): 0 -> 1
Cell (virus_28295,host_187008): 0 -> 1
Cell (virus_28295,host_438766): 0 -> 1
Cell (virus_28295,host_258934): 0 -> 1
Cell (virus_28295,host_479723): 0 -> 1
Cell (virus_28295,host_3041509): 0 -> 1
Cell (virus_28295,host_258867): 0 -> 1
Cell (virus_28295,host_242384): 0 -> 1
Cell (virus_28295,host_452595): 0 -> 1
Cell (virus_28295,host_3370289): 0 -> 1
Cell (virus_28295,host_999964): 0 -> 1
Cell (virus_28295,host_153297): 0 -> 1
Cell (virus_28295,host_258952): 0 -> 1
Cell (virus_28295,host_258953): 0 -> 1
Cell (virus_28295,host_249033): 0 -> 1
Cell (virus_28295,host_258930): 0 -> 1
Cell (virus_28295,host_272799): 0 -> 1
Cell (virus_28295,host_258909): 0 -> 1
Cell (virus_28295,host_909369): 0 -> 1
Cell (virus_28295,host_29078): 0 -> 1
Cell (virus_28295,host_3371014): 0 -> 1
Cell (virus_28295,host_3371021): 0 -> 1
Cell (virus_28295,host_258959): 0 -> 1
Cell (virus_3433789,host_105273): 0 -> 1
Cell (virus_3433789,host_105295): 0 -> 1
Cell (virus_3433789,host_258946): 0 -> 1
Cell (virus_3433789,host_187011): 0 -> 1
Cell (virus_3433789,host_375553): 0 -> 1
Cell (virus_3433789,host_51300): 0 -> 1
Cell (virus_3433789,host_246814): 0 -> 1
Cell (virus_3433789,host_294653): 0 -> 1
Cell (virus_3433789,host_59473): 0 -> 1
Cell (virus_3433789,host_157961): 0 -> 1
Cell (virus_3433789,host_166054): 0 -> 1
Cell (virus_3433789,host_328804): 0 -> 1
Cell (virus_3433789,host_9403): 0 -> 1
Cell (virus_3433789,host_1410044): 0 -> 1
Cell (virus_3433789,host_1898389): 0 -> 1
Cell (virus_3433789,host_77231): 0 -> 1
Cell (virus_3433789,host_2853157): 0 -> 1
Cell (virus_3433789,host_372077): 0 -> 1
Cell (virus_3433789,host_58067): 0 -> 1
Cell (virus_3433789,host_498220): 0 -> 1
Cell (virus_3433789,host_448084): 0 -> 1
Cell (virus_3433789,host_58071): 0 -> 1
Cell (virus_3433789,host_77243): 0 -> 1
Cell (virus_3433789,host_58083): 0 -> 1
Cell (virus_3433789,host_77223): 0 -> 1
Cell (virus_3433789,host_9407): 0 -> 1
Cell (virus_3433789,host_9408): 0 -> 1
Cell (virus_3433789,host_58063): 0 -> 1
Cell (virus_3433789,host_326083): 0 -> 1
Cell (virus_3433789,host_40230): 0 -> 1
Cell (virus_3433789,host_89673): 0 -> 1
Cell (virus_3433789,host_3042450): 0 -> 1
Cell (virus_3433789,host_1434095): 0 -> 1
Cell (virus_3433789,host_221086): 0 -> 1
Cell (virus_3433789,host_291302): 0 -> 1
Cell (virus_3433789,host_187007): 0 -> 1
Cell (virus_3433789,host_187008): 0 -> 1
Cell (virus_3433789,host_438766): 0 -> 1
Cell (virus_3433789,host_258934): 0 -> 1
Cell (virus_3433789,host_479723): 0 -> 1
Cell (virus_3433789,host_3041509): 0 -> 1
Cell (virus_3433789,host_258867): 0 -> 1
Cell (virus_3433789,host_242384): 0 -> 1
Cell (virus_3433789,host_452595): 0 -> 1
Cell (virus_3433789,host_3370289): 0 -> 1
Cell (virus_3433789,host_999964): 0 -> 1
Cell (virus_3433789,host_153297): 0 -> 1
Cell (virus_3433789,host_258952): 0 -> 1
Cell (virus_3433789,host_258953): 0 -> 1
Cell (virus_3433789,host_249033): 0 -> 1
Cell (virus_3433789,host_258930): 0 -> 1
Cell (virus_3433789,host_272799): 0 -> 1
Cell (virus_3433789,host_258909): 0 -> 1
Cell (virus_3433789,host_909369): 0 -> 1
Cell (virus_3433789,host_29078): 0 -> 1
Cell (virus_3433789,host_3371014): 0 -> 1
Cell (virus_3433789,host_3371021): 0 -> 1
Cell (virus_3433789,host_258959): 0 -> 1
Cell (virus_2913385,host_105273): 0 -> 1
Cell (virus_2913385,host_105295): 0 -> 1
Cell (virus_2913385,host_258946): 0 -> 1
Cell (virus_2913385,host_187011): 0 -> 1
Cell (virus_2913385,host_375553): 0 -> 1
Cell (virus_2913385,host_51300): 0 -> 1
Cell (virus_2913385,host_246814): 0 -> 1
Cell (virus_2913385,host_294653): 0 -> 1
Cell (virus_2913385,host_59473): 0 -> 1
Cell (virus_2913385,host_157961): 0 -> 1
Cell (virus_2913385,host_166054): 0 -> 1
Cell (virus_2913385,host_328804): 0 -> 1
Cell (virus_2913385,host_9403): 0 -> 1
Cell (virus_2913385,host_1410044): 0 -> 1
Cell (virus_2913385,host_1898389): 0 -> 1
Cell (virus_2913385,host_77231): 0 -> 1
Cell (virus_2913385,host_2853157): 0 -> 1
Cell (virus_2913385,host_372077): 0 -> 1
Cell (virus_2913385,host_58067): 0 -> 1
Cell (virus_2913385,host_498220): 0 -> 1
Cell (virus_2913385,host_448084): 0 -> 1
Cell (virus_2913385,host_58071): 0 -> 1
Cell (virus_2913385,host_77243): 0 -> 1
Cell (virus_2913385,host_58083): 0 -> 1
Cell (virus_2913385,host_77223): 0 -> 1
Cell (virus_2913385,host_9407): 0 -> 1
Cell (virus_2913385,host_9408): 0 -> 1
Cell (virus_2913385,host_58063): 0 -> 1
Cell (virus_2913385,host_326083): 0 -> 1
Cell (virus_2913385,host_40230): 0 -> 1
Cell (virus_2913385,host_409031): 0 -> 1
Cell (virus_2913385,host_89673): 0 -> 1
Cell (virus_2913385,host_3042450): 0 -> 1
Cell (virus_2913385,host_1434095): 0 -> 1
Cell (virus_2913385,host_221086): 0 -> 1
Cell (virus_2913385,host_291302): 0 -> 1
Cell (virus_2913385,host_187007): 0 -> 1
Cell (virus_2913385,host_187008): 0 -> 1
Cell (virus_2913385,host_438766): 0 -> 1
Cell (virus_2913385,host_258934): 0 -> 1
Cell (virus_2913385,host_479723): 0 -> 1
Cell (virus_2913385,host_3041509): 0 -> 1
Cell (virus_2913385,host_258867): 0 -> 1
Cell (virus_2913385,host_242384): 0 -> 1
Cell (virus_2913385,host_452595): 0 -> 1
Cell (virus_2913385,host_3370289): 0 -> 1
Cell (virus_2913385,host_999964): 0 -> 1
Cell (virus_2913385,host_153297): 0 -> 1
Cell (virus_2913385,host_258952): 0 -> 1
Cell (virus_2913385,host_258953): 0 -> 1
Cell (virus_2913385,host_249033): 0 -> 1
Cell (virus_2913385,host_258930): 0 -> 1
Cell (virus_2913385,host_272799): 0 -> 1
Cell (virus_2913385,host_258909): 0 -> 1
Cell (virus_2913385,host_909369): 0 -> 1
Cell (virus_2913385,host_29078): 0 -> 1
Cell (virus_2913385,host_3371014): 0 -> 1
Cell (virus_2913385,host_3371021): 0 -> 1
Cell (virus_2913385,host_258959): 0 -> 1
Cell (virus_3077579,host_105273): 0 -> 1
Cell (virus_3077579,host_105295): 0 -> 1
Cell (virus_3077579,host_258946): 0 -> 1
Cell (virus_3077579,host_375553): 0 -> 1
Cell (virus_3077579,host_51300): 0 -> 1
Cell (virus_3077579,host_246814): 0 -> 1
Cell (virus_3077579,host_294653): 0 -> 1
Cell (virus_3077579,host_59473): 0 -> 1
Cell (virus_3077579,host_157961): 0 -> 1
Cell (virus_3077579,host_166054): 0 -> 1
Cell (virus_3077579,host_328804): 0 -> 1
Cell (virus_3077579,host_9403): 0 -> 1
Cell (virus_3077579,host_1410044): 0 -> 1
Cell (virus_3077579,host_1898389): 0 -> 1
Cell (virus_3077579,host_77231): 0 -> 1
Cell (virus_3077579,host_2853157): 0 -> 1
Cell (virus_3077579,host_372077): 0 -> 1
Cell (virus_3077579,host_58067): 0 -> 1
Cell (virus_3077579,host_498220): 0 -> 1
Cell (virus_3077579,host_448084): 0 -> 1
Cell (virus_3077579,host_58071): 0 -> 1
Cell (virus_3077579,host_77243): 0 -> 1
Cell (virus_3077579,host_58083): 0 -> 1
Cell (virus_3077579,host_77223): 0 -> 1
Cell (virus_3077579,host_9407): 0 -> 1
Cell (virus_3077579,host_9408): 0 -> 1
Cell (virus_3077579,host_58063): 0 -> 1
Cell (virus_3077579,host_326083): 0 -> 1
Cell (virus_3077579,host_40230): 0 -> 1
Cell (virus_3077579,host_89673): 0 -> 1
Cell (virus_3077579,host_3042450): 0 -> 1
Cell (virus_3077579,host_3371013): 0 -> 1
Cell (virus_3077579,host_1434095): 0 -> 1
Cell (virus_3077579,host_221086): 0 -> 1
Cell (virus_3077579,host_291302): 0 -> 1
Cell (virus_3077579,host_187007): 0 -> 1
Cell (virus_3077579,host_187008): 0 -> 1
Cell (virus_3077579,host_438766): 0 -> 1
Cell (virus_3077579,host_258934): 0 -> 1
Cell (virus_3077579,host_479723): 0 -> 1
Cell (virus_3077579,host_3041509): 0 -> 1
Cell (virus_3077579,host_258867): 0 -> 1
Cell (virus_3077579,host_452595): 0 -> 1
Cell (virus_3077579,host_3370289): 0 -> 1
Cell (virus_3077579,host_999964): 0 -> 1
Cell (virus_3077579,host_153297): 0 -> 1
Cell (virus_3077579,host_258952): 0 -> 1
Cell (virus_3077579,host_258953): 0 -> 1
Cell (virus_3077579,host_249033): 0 -> 1
Cell (virus_3077579,host_258930): 0 -> 1
Cell (virus_3077579,host_272799): 0 -> 1
Cell (virus_3077579,host_258909): 0 -> 1
Cell (virus_3077579,host_909369): 0 -> 1
Cell (virus_3077579,host_29078): 0 -> 1
Cell (virus_3077579,host_3371014): 0 -> 1
Cell (virus_3077579,host_3371021): 0 -> 1
Cell (virus_3077579,host_258959): 0 -> 1
Cell (virus_3077580,host_105273): 0 -> 1
Cell (virus_3077580,host_105295): 0 -> 1
Cell (virus_3077580,host_258946): 0 -> 1
Cell (virus_3077580,host_375553): 0 -> 1
Cell (virus_3077580,host_51300): 0 -> 1
Cell (virus_3077580,host_246814): 0 -> 1
Cell (virus_3077580,host_294653): 0 -> 1
Cell (virus_3077580,host_59473): 0 -> 1
Cell (virus_3077580,host_157961): 0 -> 1
Cell (virus_3077580,host_166054): 0 -> 1
Cell (virus_3077580,host_328804): 0 -> 1
Cell (virus_3077580,host_9403): 0 -> 1
Cell (virus_3077580,host_1410044): 0 -> 1
Cell (virus_3077580,host_1898389): 0 -> 1
Cell (virus_3077580,host_77231): 0 -> 1
Cell (virus_3077580,host_2853157): 0 -> 1
Cell (virus_3077580,host_372077): 0 -> 1
Cell (virus_3077580,host_58067): 0 -> 1
Cell (virus_3077580,host_498220): 0 -> 1
Cell (virus_3077580,host_448084): 0 -> 1
Cell (virus_3077580,host_58071): 0 -> 1
Cell (virus_3077580,host_77243): 0 -> 1
Cell (virus_3077580,host_58083): 0 -> 1
Cell (virus_3077580,host_77223): 0 -> 1
Cell (virus_3077580,host_9407): 0 -> 1
Cell (virus_3077580,host_9408): 0 -> 1
Cell (virus_3077580,host_58063): 0 -> 1
Cell (virus_3077580,host_326083): 0 -> 1
Cell (virus_3077580,host_40230): 0 -> 1
Cell (virus_3077580,host_89673): 0 -> 1
Cell (virus_3077580,host_3042450): 0 -> 1
Cell (virus_3077580,host_3371013): 0 -> 1
Cell (virus_3077580,host_1434095): 0 -> 1
Cell (virus_3077580,host_221086): 0 -> 1
Cell (virus_3077580,host_291302): 0 -> 1
Cell (virus_3077580,host_187007): 0 -> 1
Cell (virus_3077580,host_187008): 0 -> 1
Cell (virus_3077580,host_438766): 0 -> 1
Cell (virus_3077580,host_258934): 0 -> 1
Cell (virus_3077580,host_479723): 0 -> 1
Cell (virus_3077580,host_3041509): 0 -> 1
Cell (virus_3077580,host_258867): 0 -> 1
Cell (virus_3077580,host_452595): 0 -> 1
Cell (virus_3077580,host_3370289): 0 -> 1
Cell (virus_3077580,host_999964): 0 -> 1
Cell (virus_3077580,host_153297): 0 -> 1
Cell (virus_3077580,host_258952): 0 -> 1
Cell (virus_3077580,host_258953): 0 -> 1
Cell (virus_3077580,host_249033): 0 -> 1
Cell (virus_3077580,host_258930): 0 -> 1
Cell (virus_3077580,host_272799): 0 -> 1
Cell (virus_3077580,host_258909): 0 -> 1
Cell (virus_3077580,host_909369): 0 -> 1
Cell (virus_3077580,host_29078): 0 -> 1
Cell (virus_3077580,host_3371014): 0 -> 1
Cell (virus_3077580,host_3371021): 0 -> 1
Cell (virus_3077580,host_258959): 0 -> 1
Cell (virus_2419667,host_105273): 0 -> 1
Cell (virus_2419667,host_105295): 0 -> 1
Cell (virus_2419667,host_187011): 0 -> 1
Cell (virus_2419667,host_375553): 0 -> 1
Cell (virus_2419667,host_51300): 0 -> 1
Cell (virus_2419667,host_246814): 0 -> 1
Cell (virus_2419667,host_59473): 0 -> 1
Cell (virus_2419667,host_155035): 0 -> 1
Cell (virus_2419667,host_633648): 0 -> 1
Cell (virus_2419667,host_258925): 0 -> 1
Cell (virus_2419667,host_177185): 0 -> 1
Cell (virus_2419667,host_685731): 0 -> 1
Cell (virus_2419667,host_1207989): 0 -> 1
Cell (virus_2419667,host_59453): 0 -> 1
Cell (virus_2419667,host_157961): 0 -> 1
Cell (virus_2419667,host_124756): 0 -> 1
Cell (virus_2419667,host_166054): 0 -> 1
Cell (virus_2419667,host_385575): 0 -> 1
Cell (virus_2419667,host_328804): 0 -> 1
Cell (virus_2419667,host_9403): 0 -> 1
Cell (virus_2419667,host_1410044): 0 -> 1
Cell (virus_2419667,host_1898389): 0 -> 1
Cell (virus_2419667,host_77231): 0 -> 1
Cell (virus_2419667,host_2853157): 0 -> 1
Cell (virus_2419667,host_903567): 0 -> 1
Cell (virus_2419667,host_58067): 0 -> 1
Cell (virus_2419667,host_498220): 0 -> 1
Cell (virus_2419667,host_448084): 0 -> 1
Cell (virus_2419667,host_58071): 0 -> 1
Cell (virus_2419667,host_77243): 0 -> 1
Cell (virus_2419667,host_58073): 0 -> 1
Cell (virus_2419667,host_58083): 0 -> 1
Cell (virus_2419667,host_77223): 0 -> 1
Cell (virus_2419667,host_9407): 0 -> 1
Cell (virus_2419667,host_9408): 0 -> 1
Cell (virus_2419667,host_58063): 0 -> 1
Cell (virus_2419667,host_326083): 0 -> 1
Cell (virus_2419667,host_40228): 0 -> 1
Cell (virus_2419667,host_40230): 0 -> 1
Cell (virus_2419667,host_3042450): 0 -> 1
Cell (virus_2419667,host_3371013): 0 -> 1
Cell (virus_2419667,host_1434095): 0 -> 1
Cell (virus_2419667,host_221086): 0 -> 1
Cell (virus_2419667,host_291302): 0 -> 1
Cell (virus_2419667,host_187007): 0 -> 1
Cell (virus_2419667,host_187008): 0 -> 1
Cell (virus_2419667,host_438766): 0 -> 1
Cell (virus_2419667,host_258934): 0 -> 1
Cell (virus_2419667,host_479723): 0 -> 1
Cell (virus_2419667,host_3041509): 0 -> 1
Cell (virus_2419667,host_258867): 0 -> 1
Cell (virus_2419667,host_153297): 0 -> 1
Cell (virus_2419667,host_258952): 0 -> 1
Cell (virus_2419667,host_258953): 0 -> 1
Cell (virus_2419667,host_249033): 0 -> 1
Cell (virus_2419667,host_258930): 0 -> 1
Cell (virus_2419667,host_272799): 0 -> 1
Cell (virus_2419667,host_258909): 0 -> 1
Cell (virus_2419667,host_909369): 0 -> 1
Cell (virus_2419667,host_29078): 0 -> 1
Cell (virus_2419667,host_3371014): 0 -> 1
Cell (virus_2419667,host_3371021): 0 -> 1
Cell (virus_2419667,host_360967): 0 -> 1
Cell (virus_2419667,host_258959): 0 -> 1
Cell (virus_3433787,host_105273): 0 -> 1
Cell (virus_3433787,host_105295): 0 -> 1
Cell (virus_3433787,host_187011): 0 -> 1
Cell (virus_3433787,host_375553): 0 -> 1
Cell (virus_3433787,host_51300): 0 -> 1
Cell (virus_3433787,host_246814): 0 -> 1
Cell (virus_3433787,host_59473): 0 -> 1
Cell (virus_3433787,host_155035): 0 -> 1
Cell (virus_3433787,host_633648): 0 -> 1
Cell (virus_3433787,host_258925): 0 -> 1
Cell (virus_3433787,host_177185): 0 -> 1
Cell (virus_3433787,host_685731): 0 -> 1
Cell (virus_3433787,host_1207989): 0 -> 1
Cell (virus_3433787,host_59453): 0 -> 1
Cell (virus_3433787,host_157961): 0 -> 1
Cell (virus_3433787,host_124756): 0 -> 1
Cell (virus_3433787,host_166054): 0 -> 1
Cell (virus_3433787,host_385575): 0 -> 1
Cell (virus_3433787,host_328804): 0 -> 1
Cell (virus_3433787,host_9403): 0 -> 1
Cell (virus_3433787,host_1410044): 0 -> 1
Cell (virus_3433787,host_1898389): 0 -> 1
Cell (virus_3433787,host_77231): 0 -> 1
Cell (virus_3433787,host_2853157): 0 -> 1
Cell (virus_3433787,host_903567): 0 -> 1
Cell (virus_3433787,host_58067): 0 -> 1
Cell (virus_3433787,host_498220): 0 -> 1
Cell (virus_3433787,host_448084): 0 -> 1
Cell (virus_3433787,host_58071): 0 -> 1
Cell (virus_3433787,host_77243): 0 -> 1
Cell (virus_3433787,host_58073): 0 -> 1
Cell (virus_3433787,host_58083): 0 -> 1
Cell (virus_3433787,host_77223): 0 -> 1
Cell (virus_3433787,host_9407): 0 -> 1
Cell (virus_3433787,host_9408): 0 -> 1
Cell (virus_3433787,host_58063): 0 -> 1
Cell (virus_3433787,host_326083): 0 -> 1
Cell (virus_3433787,host_40228): 0 -> 1
Cell (virus_3433787,host_40230): 0 -> 1
Cell (virus_3433787,host_3042450): 0 -> 1
Cell (virus_3433787,host_3371013): 0 -> 1
Cell (virus_3433787,host_1434095): 0 -> 1
Cell (virus_3433787,host_221086): 0 -> 1
Cell (virus_3433787,host_291302): 0 -> 1
Cell (virus_3433787,host_187007): 0 -> 1
Cell (virus_3433787,host_187008): 0 -> 1
Cell (virus_3433787,host_438766): 0 -> 1
Cell (virus_3433787,host_258934): 0 -> 1
Cell (virus_3433787,host_479723): 0 -> 1
Cell (virus_3433787,host_3041509): 0 -> 1
Cell (virus_3433787,host_258867): 0 -> 1
Cell (virus_3433787,host_153297): 0 -> 1
Cell (virus_3433787,host_258952): 0 -> 1
Cell (virus_3433787,host_258953): 0 -> 1
Cell (virus_3433787,host_249033): 0 -> 1
Cell (virus_3433787,host_258930): 0 -> 1
Cell (virus_3433787,host_272799): 0 -> 1
Cell (virus_3433787,host_258909): 0 -> 1
Cell (virus_3433787,host_909369): 0 -> 1
Cell (virus_3433787,host_29078): 0 -> 1
Cell (virus_3433787,host_3371014): 0 -> 1
Cell (virus_3433787,host_3371021): 0 -> 1
Cell (virus_3433787,host_360967): 0 -> 1
Cell (virus_3433787,host_258959): 0 -> 1
Cell (virus_3027593,host_105273): 0 -> 1
Cell (virus_3027593,host_105295): 0 -> 1
Cell (virus_3027593,host_187011): 0 -> 1
Cell (virus_3027593,host_375553): 0 -> 1
Cell (virus_3027593,host_51300): 0 -> 1
Cell (virus_3027593,host_246814): 0 -> 1
Cell (virus_3027593,host_59473): 0 -> 1
Cell (virus_3027593,host_155035): 0 -> 1
Cell (virus_3027593,host_633648): 0 -> 1
Cell (virus_3027593,host_258925): 0 -> 1
Cell (virus_3027593,host_177185): 0 -> 1
Cell (virus_3027593,host_685731): 0 -> 1
Cell (virus_3027593,host_1207989): 0 -> 1
Cell (virus_3027593,host_188569): 0 -> 1
Cell (virus_3027593,host_157961): 0 -> 1
Cell (virus_3027593,host_249024): 0 -> 1
Cell (virus_3027593,host_166054): 0 -> 1
Cell (virus_3027593,host_385575): 0 -> 1
Cell (virus_3027593,host_328804): 0 -> 1
Cell (virus_3027593,host_9403): 0 -> 1
Cell (virus_3027593,host_1410044): 0 -> 1
Cell (virus_3027593,host_1898389): 0 -> 1
Cell (virus_3027593,host_77231): 0 -> 1
Cell (virus_3027593,host_2853157): 0 -> 1
Cell (virus_3027593,host_372077): 0 -> 1
Cell (virus_3027593,host_58067): 0 -> 1
Cell (virus_3027593,host_498220): 0 -> 1
Cell (virus_3027593,host_448084): 0 -> 1
Cell (virus_3027593,host_58071): 0 -> 1
Cell (virus_3027593,host_77243): 0 -> 1
Cell (virus_3027593,host_58073): 0 -> 1
Cell (virus_3027593,host_58083): 0 -> 1
Cell (virus_3027593,host_77223): 0 -> 1
Cell (virus_3027593,host_9407): 0 -> 1
Cell (virus_3027593,host_9408): 0 -> 1
Cell (virus_3027593,host_58063): 0 -> 1
Cell (virus_3027593,host_326083): 0 -> 1
Cell (virus_3027593,host_40228): 0 -> 1
Cell (virus_3027593,host_40230): 0 -> 1
Cell (virus_3027593,host_89673): 0 -> 1
Cell (virus_3027593,host_3042450): 0 -> 1
Cell (virus_3027593,host_1434095): 0 -> 1
Cell (virus_3027593,host_221086): 0 -> 1
Cell (virus_3027593,host_291302): 0 -> 1
Cell (virus_3027593,host_187007): 0 -> 1
Cell (virus_3027593,host_187008): 0 -> 1
Cell (virus_3027593,host_438766): 0 -> 1
Cell (virus_3027593,host_258934): 0 -> 1
Cell (virus_3027593,host_479723): 0 -> 1
Cell (virus_3027593,host_3041509): 0 -> 1
Cell (virus_3027593,host_258867): 0 -> 1
Cell (virus_3027593,host_153297): 0 -> 1
Cell (virus_3027593,host_249034): 0 -> 1
Cell (virus_3027593,host_258952): 0 -> 1
Cell (virus_3027593,host_258953): 0 -> 1
Cell (virus_3027593,host_249033): 0 -> 1
Cell (virus_3027593,host_258930): 0 -> 1
Cell (virus_3027593,host_272799): 0 -> 1
Cell (virus_3027593,host_258909): 0 -> 1
Cell (virus_3027593,host_29078): 0 -> 1
Cell (virus_3027593,host_3371014): 0 -> 1
Cell (virus_3027593,host_3371021): 0 -> 1
Cell (virus_3027593,host_360967): 0 -> 1
Cell (virus_3027593,host_258959): 0 -> 1
Cell (virus_2991261,host_105273): 0 -> 1
Cell (virus_2991261,host_105295): 0 -> 1
Cell (virus_2991261,host_187011): 0 -> 1
Cell (virus_2991261,host_375553): 0 -> 1
Cell (virus_2991261,host_51300): 0 -> 1
Cell (virus_2991261,host_246814): 0 -> 1
Cell (virus_2991261,host_59473): 0 -> 1
Cell (virus_2991261,host_155035): 0 -> 1
Cell (virus_2991261,host_633648): 0 -> 1
Cell (virus_2991261,host_258925): 0 -> 1
Cell (virus_2991261,host_177185): 0 -> 1
Cell (virus_2991261,host_685731): 0 -> 1
Cell (virus_2991261,host_1207989): 0 -> 1
Cell (virus_2991261,host_157961): 0 -> 1
Cell (virus_2991261,host_334201): 0 -> 1
Cell (virus_2991261,host_249024): 0 -> 1
Cell (virus_2991261,host_166054): 0 -> 1
Cell (virus_2991261,host_196297): 0 -> 1
Cell (virus_2991261,host_385575): 0 -> 1
Cell (virus_2991261,host_9403): 0 -> 1
Cell (virus_2991261,host_1410044): 0 -> 1
Cell (virus_2991261,host_1898389): 0 -> 1
Cell (virus_2991261,host_77231): 0 -> 1
Cell (virus_2991261,host_2853157): 0 -> 1
Cell (virus_2991261,host_58067): 0 -> 1
Cell (virus_2991261,host_498220): 0 -> 1
Cell (virus_2991261,host_448084): 0 -> 1
Cell (virus_2991261,host_58071): 0 -> 1
Cell (virus_2991261,host_77243): 0 -> 1
Cell (virus_2991261,host_58073): 0 -> 1
Cell (virus_2991261,host_1898393): 0 -> 1
Cell (virus_2991261,host_77223): 0 -> 1
Cell (virus_2991261,host_9407): 0 -> 1
Cell (virus_2991261,host_9408): 0 -> 1
Cell (virus_2991261,host_58065): 0 -> 1
Cell (virus_2991261,host_58063): 0 -> 1
Cell (virus_2991261,host_326151): 0 -> 1
Cell (virus_2991261,host_326083): 0 -> 1
Cell (virus_2991261,host_40228): 0 -> 1
Cell (virus_2991261,host_40230): 0 -> 1
Cell (virus_2991261,host_9417): 0 -> 1
Cell (virus_2991261,host_89673): 0 -> 1
Cell (virus_2991261,host_3042450): 0 -> 1
Cell (virus_2991261,host_3371013): 0 -> 1
Cell (virus_2991261,host_1434095): 0 -> 1
Cell (virus_2991261,host_221086): 0 -> 1
Cell (virus_2991261,host_291302): 0 -> 1
Cell (virus_2991261,host_187007): 0 -> 1
Cell (virus_2991261,host_187008): 0 -> 1
Cell (virus_2991261,host_438766): 0 -> 1
Cell (virus_2991261,host_258934): 0 -> 1
Cell (virus_2991261,host_479723): 0 -> 1
Cell (virus_2991261,host_27622): 0 -> 1
Cell (virus_2991261,host_3041509): 0 -> 1
Cell (virus_2991261,host_258867): 0 -> 1
Cell (virus_2991261,host_153297): 0 -> 1
Cell (virus_2991261,host_258952): 0 -> 1
Cell (virus_2991261,host_258953): 0 -> 1
Cell (virus_2991261,host_249033): 0 -> 1
Cell (virus_2991261,host_258930): 0 -> 1
Cell (virus_2991261,host_272799): 0 -> 1
Cell (virus_2991261,host_258909): 0 -> 1
Cell (virus_2991261,host_909369): 0 -> 1
Cell (virus_2991261,host_29078): 0 -> 1
Cell (virus_2991261,host_3371014): 0 -> 1
Cell (virus_2991261,host_3371021): 0 -> 1
Cell (virus_2991261,host_258959): 0 -> 1
Cell (virus_983923,host_105273): 0 -> 1
Cell (virus_983923,host_105295): 0 -> 1
Cell (virus_983923,host_187011): 0 -> 1
Cell (virus_983923,host_375553): 0 -> 1
Cell (virus_983923,host_51300): 0 -> 1
Cell (virus_983923,host_246814): 0 -> 1
Cell (virus_983923,host_59473): 0 -> 1
Cell (virus_983923,host_155035): 0 -> 1
Cell (virus_983923,host_633648): 0 -> 1
Cell (virus_983923,host_258925): 0 -> 1
Cell (virus_983923,host_177185): 0 -> 1
Cell (virus_983923,host_685731): 0 -> 1
Cell (virus_983923,host_1207989): 0 -> 1
Cell (virus_983923,host_157961): 0 -> 1
Cell (virus_983923,host_334201): 0 -> 1
Cell (virus_983923,host_249024): 0 -> 1
Cell (virus_983923,host_166054): 0 -> 1
Cell (virus_983923,host_196297): 0 -> 1
Cell (virus_983923,host_385575): 0 -> 1
Cell (virus_983923,host_9403): 0 -> 1
Cell (virus_983923,host_1410044): 0 -> 1
Cell (virus_983923,host_1898389): 0 -> 1
Cell (virus_983923,host_77231): 0 -> 1
Cell (virus_983923,host_2853157): 0 -> 1
Cell (virus_983923,host_58067): 0 -> 1
Cell (virus_983923,host_498220): 0 -> 1
Cell (virus_983923,host_448084): 0 -> 1
Cell (virus_983923,host_58071): 0 -> 1
Cell (virus_983923,host_77243): 0 -> 1
Cell (virus_983923,host_58073): 0 -> 1
Cell (virus_983923,host_1898393): 0 -> 1
Cell (virus_983923,host_77223): 0 -> 1
Cell (virus_983923,host_9407): 0 -> 1
Cell (virus_983923,host_9408): 0 -> 1
Cell (virus_983923,host_58065): 0 -> 1
Cell (virus_983923,host_58063): 0 -> 1
Cell (virus_983923,host_326151): 0 -> 1
Cell (virus_983923,host_326083): 0 -> 1
Cell (virus_983923,host_40228): 0 -> 1
Cell (virus_983923,host_40230): 0 -> 1
Cell (virus_983923,host_9417): 0 -> 1
Cell (virus_983923,host_89673): 0 -> 1
Cell (virus_983923,host_3042450): 0 -> 1
Cell (virus_983923,host_3371013): 0 -> 1
Cell (virus_983923,host_1434095): 0 -> 1
Cell (virus_983923,host_221086): 0 -> 1
Cell (virus_983923,host_291302): 0 -> 1
Cell (virus_983923,host_187007): 0 -> 1
Cell (virus_983923,host_187008): 0 -> 1
Cell (virus_983923,host_438766): 0 -> 1
Cell (virus_983923,host_258934): 0 -> 1
Cell (virus_983923,host_479723): 0 -> 1
Cell (virus_983923,host_27622): 0 -> 1
Cell (virus_983923,host_3041509): 0 -> 1
Cell (virus_983923,host_258867): 0 -> 1
Cell (virus_983923,host_153297): 0 -> 1
Cell (virus_983923,host_258952): 0 -> 1
Cell (virus_983923,host_258953): 0 -> 1
Cell (virus_983923,host_249033): 0 -> 1
Cell (virus_983923,host_258930): 0 -> 1
Cell (virus_983923,host_272799): 0 -> 1
Cell (virus_983923,host_258909): 0 -> 1
Cell (virus_983923,host_909369): 0 -> 1
Cell (virus_983923,host_29078): 0 -> 1
Cell (virus_983923,host_3371014): 0 -> 1
Cell (virus_983923,host_3371021): 0 -> 1
Cell (virus_983923,host_258959): 0 -> 1
Cell (virus_3433749,host_105273): 0 -> 1
Cell (virus_3433749,host_105295): 0 -> 1
Cell (virus_3433749,host_187011): 0 -> 1
Cell (virus_3433749,host_375553): 0 -> 1
Cell (virus_3433749,host_51300): 0 -> 1
Cell (virus_3433749,host_246814): 0 -> 1
Cell (virus_3433749,host_59473): 0 -> 1
Cell (virus_3433749,host_155035): 0 -> 1
Cell (virus_3433749,host_2015597): 0 -> 1
Cell (virus_3433749,host_633648): 0 -> 1
Cell (virus_3433749,host_258925): 0 -> 1
Cell (virus_3433749,host_177185): 0 -> 1
Cell (virus_3433749,host_187017): 0 -> 1
Cell (virus_3433749,host_685731): 0 -> 1
Cell (virus_3433749,host_157961): 0 -> 1
Cell (virus_3433749,host_132908): 0 -> 1
Cell (virus_3433749,host_166054): 0 -> 1
Cell (virus_3433749,host_385575): 0 -> 1
Cell (virus_3433749,host_328804): 0 -> 1
Cell (virus_3433749,host_9403): 0 -> 1
Cell (virus_3433749,host_1410044): 0 -> 1
Cell (virus_3433749,host_1898389): 0 -> 1
Cell (virus_3433749,host_77231): 0 -> 1
Cell (virus_3433749,host_2853157): 0 -> 1
Cell (virus_3433749,host_58067): 0 -> 1
Cell (virus_3433749,host_498220): 0 -> 1
Cell (virus_3433749,host_448084): 0 -> 1
Cell (virus_3433749,host_58071): 0 -> 1
Cell (virus_3433749,host_77243): 0 -> 1
Cell (virus_3433749,host_58073): 0 -> 1
Cell (virus_3433749,host_9407): 0 -> 1
Cell (virus_3433749,host_9408): 0 -> 1
Cell (virus_3433749,host_77214): 0 -> 1
Cell (virus_3433749,host_326083): 0 -> 1
Cell (virus_3433749,host_40228): 0 -> 1
Cell (virus_3433749,host_40230): 0 -> 1
Cell (virus_3433749,host_89673): 0 -> 1
Cell (virus_3433749,host_3042450): 0 -> 1
Cell (virus_3433749,host_1434095): 0 -> 1
Cell (virus_3433749,host_221086): 0 -> 1
Cell (virus_3433749,host_291302): 0 -> 1
Cell (virus_3433749,host_187007): 0 -> 1
Cell (virus_3433749,host_187008): 0 -> 1
Cell (virus_3433749,host_438766): 0 -> 1
Cell (virus_3433749,host_258934): 0 -> 1
Cell (virus_3433749,host_479723): 0 -> 1
Cell (virus_3433749,host_3041509): 0 -> 1
Cell (virus_3433749,host_258867): 0 -> 1
Cell (virus_3433749,host_258952): 0 -> 1
Cell (virus_3433749,host_258953): 0 -> 1
Cell (virus_3433749,host_249033): 0 -> 1
Cell (virus_3433749,host_258930): 0 -> 1
Cell (virus_3433749,host_272799): 0 -> 1
Cell (virus_3433749,host_258909): 0 -> 1
Cell (virus_3433749,host_909369): 0 -> 1
Cell (virus_3433749,host_29078): 0 -> 1
Cell (virus_3433749,host_3371014): 0 -> 1
Cell (virus_3433749,host_3371021): 0 -> 1
Cell (virus_3433749,host_360967): 0 -> 1
Cell (virus_3433749,host_258959): 0 -> 1
Cell (virus_1986198,host_105273): 0 -> 1
Cell (virus_1986198,host_105295): 0 -> 1
Cell (virus_1986198,host_187011): 0 -> 1
Cell (virus_1986198,host_375553): 0 -> 1
Cell (virus_1986198,host_51300): 0 -> 1
Cell (virus_1986198,host_246814): 0 -> 1
Cell (virus_1986198,host_59473): 0 -> 1
Cell (virus_1986198,host_633648): 0 -> 1
Cell (virus_1986198,host_258925): 0 -> 1
Cell (virus_1986198,host_177185): 0 -> 1
Cell (virus_1986198,host_685731): 0 -> 1
Cell (virus_1986198,host_157961): 0 -> 1
Cell (virus_1986198,host_2603865): 0 -> 1
Cell (virus_1986198,host_166054): 0 -> 1
Cell (virus_1986198,host_328804): 0 -> 1
Cell (virus_1986198,host_9403): 0 -> 1
Cell (virus_1986198,host_58057): 0 -> 1
Cell (virus_1986198,host_1410044): 0 -> 1
Cell (virus_1986198,host_1898389): 0 -> 1
Cell (virus_1986198,host_77231): 0 -> 1
Cell (virus_1986198,host_2853157): 0 -> 1
Cell (virus_1986198,host_372077): 0 -> 1
Cell (virus_1986198,host_58067): 0 -> 1
Cell (virus_1986198,host_448084): 0 -> 1
Cell (virus_1986198,host_58071): 0 -> 1
Cell (virus_1986198,host_77243): 0 -> 1
Cell (virus_1986198,host_58073): 0 -> 1
Cell (virus_1986198,host_77223): 0 -> 1
Cell (virus_1986198,host_9407): 0 -> 1
Cell (virus_1986198,host_9408): 0 -> 1
Cell (virus_1986198,host_326083): 0 -> 1
Cell (virus_1986198,host_27634): 0 -> 1
Cell (virus_1986198,host_40230): 0 -> 1
Cell (virus_1986198,host_409031): 0 -> 1
Cell (virus_1986198,host_89673): 0 -> 1
Cell (virus_1986198,host_3042450): 0 -> 1
Cell (virus_1986198,host_221086): 0 -> 1
Cell (virus_1986198,host_291302): 0 -> 1
Cell (virus_1986198,host_187007): 0 -> 1
Cell (virus_1986198,host_187008): 0 -> 1
Cell (virus_1986198,host_438766): 0 -> 1
Cell (virus_1986198,host_258934): 0 -> 1
Cell (virus_1986198,host_479723): 0 -> 1
Cell (virus_1986198,host_3041509): 0 -> 1
Cell (virus_1986198,host_258867): 0 -> 1
Cell (virus_1986198,host_153297): 0 -> 1
Cell (virus_1986198,host_258952): 0 -> 1
Cell (virus_1986198,host_258953): 0 -> 1
Cell (virus_1986198,host_249033): 0 -> 1
Cell (virus_1986198,host_258930): 0 -> 1
Cell (virus_1986198,host_272799): 0 -> 1
Cell (virus_1986198,host_258909): 0 -> 1
Cell (virus_1986198,host_909369): 0 -> 1
Cell (virus_1986198,host_29078): 0 -> 1
Cell (virus_1986198,host_3371014): 0 -> 1
Cell (virus_1986198,host_3371021): 0 -> 1
Cell (virus_1986198,host_360967): 0 -> 1
Cell (virus_1986198,host_258959): 0 -> 1
Cell (virus_3433814,host_105273): 0 -> 1
Cell (virus_3433814,host_105295): 0 -> 1
Cell (virus_3433814,host_187011): 0 -> 1
Cell (virus_3433814,host_51300): 0 -> 1
Cell (virus_3433814,host_246814): 0 -> 1
Cell (virus_3433814,host_59473): 0 -> 1
Cell (virus_3433814,host_155035): 0 -> 1
Cell (virus_3433814,host_633648): 0 -> 1
Cell (virus_3433814,host_258925): 0 -> 1
Cell (virus_3433814,host_177185): 0 -> 1
Cell (virus_3433814,host_685731): 0 -> 1
Cell (virus_3433814,host_1207989): 0 -> 1
Cell (virus_3433814,host_157961): 0 -> 1
Cell (virus_3433814,host_376555): 0 -> 1
Cell (virus_3433814,host_867892): 0 -> 1
Cell (virus_3433814,host_2603865): 0 -> 1
Cell (virus_3433814,host_166054): 0 -> 1
Cell (virus_3433814,host_328804): 0 -> 1
Cell (virus_3433814,host_9403): 0 -> 1
Cell (virus_3433814,host_58057): 0 -> 1
Cell (virus_3433814,host_1410044): 0 -> 1
Cell (virus_3433814,host_1898389): 0 -> 1
Cell (virus_3433814,host_77231): 0 -> 1
Cell (virus_3433814,host_2853157): 0 -> 1
Cell (virus_3433814,host_58067): 0 -> 1
Cell (virus_3433814,host_498220): 0 -> 1
Cell (virus_3433814,host_448084): 0 -> 1
Cell (virus_3433814,host_58071): 0 -> 1
Cell (virus_3433814,host_77243): 0 -> 1
Cell (virus_3433814,host_58073): 0 -> 1
Cell (virus_3433814,host_1898393): 0 -> 1
Cell (virus_3433814,host_77223): 0 -> 1
Cell (virus_3433814,host_9408): 0 -> 1
Cell (virus_3433814,host_326083): 0 -> 1
Cell (virus_3433814,host_40228): 0 -> 1
Cell (virus_3433814,host_40230): 0 -> 1
Cell (virus_3433814,host_1434095): 0 -> 1
Cell (virus_3433814,host_221086): 0 -> 1
Cell (virus_3433814,host_291302): 0 -> 1
Cell (virus_3433814,host_187007): 0 -> 1
Cell (virus_3433814,host_187008): 0 -> 1
Cell (virus_3433814,host_438766): 0 -> 1
Cell (virus_3433814,host_258934): 0 -> 1
Cell (virus_3433814,host_479723): 0 -> 1
Cell (virus_3433814,host_3041509): 0 -> 1
Cell (virus_3433814,host_258867): 0 -> 1
Cell (virus_3433814,host_153297): 0 -> 1
Cell (virus_3433814,host_249034): 0 -> 1
Cell (virus_3433814,host_258952): 0 -> 1
Cell (virus_3433814,host_258953): 0 -> 1
Cell (virus_3433814,host_249033): 0 -> 1
Cell (virus_3433814,host_258930): 0 -> 1
Cell (virus_3433814,host_272799): 0 -> 1
Cell (virus_3433814,host_258909): 0 -> 1
Cell (virus_3433814,host_909369): 0 -> 1
Cell (virus_3433814,host_29078): 0 -> 1
Cell (virus_3433814,host_3371014): 0 -> 1
Cell (virus_3433814,host_360967): 0 -> 1
Cell (virus_3433814,host_258944): 0 -> 1
Cell (virus_3433814,host_258959): 0 -> 1
Cell (virus_693997,host_105273): 0 -> 1
Cell (virus_693997,host_105295): 0 -> 1
Cell (virus_693997,host_187011): 0 -> 1
Cell (virus_693997,host_51300): 0 -> 1
Cell (virus_693997,host_246814): 0 -> 1
Cell (virus_693997,host_59473): 0 -> 1
Cell (virus_693997,host_155035): 0 -> 1
Cell (virus_693997,host_633648): 0 -> 1
Cell (virus_693997,host_258925): 0 -> 1
Cell (virus_693997,host_177185): 0 -> 1
Cell (virus_693997,host_685731): 0 -> 1
Cell (virus_693997,host_1207989): 0 -> 1
Cell (virus_693997,host_157961): 0 -> 1
Cell (virus_693997,host_376555): 0 -> 1
Cell (virus_693997,host_867892): 0 -> 1
Cell (virus_693997,host_2603865): 0 -> 1
Cell (virus_693997,host_166054): 0 -> 1
Cell (virus_693997,host_328804): 0 -> 1
Cell (virus_693997,host_9403): 0 -> 1
Cell (virus_693997,host_58057): 0 -> 1
Cell (virus_693997,host_1410044): 0 -> 1
Cell (virus_693997,host_1898389): 0 -> 1
Cell (virus_693997,host_77231): 0 -> 1
Cell (virus_693997,host_2853157): 0 -> 1
Cell (virus_693997,host_58067): 0 -> 1
Cell (virus_693997,host_498220): 0 -> 1
Cell (virus_693997,host_448084): 0 -> 1
Cell (virus_693997,host_58071): 0 -> 1
Cell (virus_693997,host_77243): 0 -> 1
Cell (virus_693997,host_58073): 0 -> 1
Cell (virus_693997,host_1898393): 0 -> 1
Cell (virus_693997,host_77223): 0 -> 1
Cell (virus_693997,host_9408): 0 -> 1
Cell (virus_693997,host_326083): 0 -> 1
Cell (virus_693997,host_40228): 0 -> 1
Cell (virus_693997,host_40230): 0 -> 1
Cell (virus_693997,host_1434095): 0 -> 1
Cell (virus_693997,host_221086): 0 -> 1
Cell (virus_693997,host_291302): 0 -> 1
Cell (virus_693997,host_187007): 0 -> 1
Cell (virus_693997,host_187008): 0 -> 1
Cell (virus_693997,host_438766): 0 -> 1
Cell (virus_693997,host_258934): 0 -> 1
Cell (virus_693997,host_479723): 0 -> 1
Cell (virus_693997,host_3041509): 0 -> 1
Cell (virus_693997,host_258867): 0 -> 1
Cell (virus_693997,host_153297): 0 -> 1
Cell (virus_693997,host_249034): 0 -> 1
Cell (virus_693997,host_258952): 0 -> 1
Cell (virus_693997,host_258953): 0 -> 1
Cell (virus_693997,host_249033): 0 -> 1
Cell (virus_693997,host_258930): 0 -> 1
Cell (virus_693997,host_272799): 0 -> 1
Cell (virus_693997,host_258909): 0 -> 1
Cell (virus_693997,host_909369): 0 -> 1
Cell (virus_693997,host_29078): 0 -> 1
Cell (virus_693997,host_3371014): 0 -> 1
Cell (virus_693997,host_360967): 0 -> 1
Cell (virus_693997,host_258944): 0 -> 1
Cell (virus_693997,host_258959): 0 -> 1
Cell (virus_2913386,host_105273): 0 -> 1
Cell (virus_2913386,host_105295): 0 -> 1
Cell (virus_2913386,host_187011): 0 -> 1
Cell (virus_2913386,host_375553): 0 -> 1
Cell (virus_2913386,host_51300): 0 -> 1
Cell (virus_2913386,host_246814): 0 -> 1
Cell (virus_2913386,host_59473): 0 -> 1
Cell (virus_2913386,host_258940): 0 -> 1
Cell (virus_2913386,host_155035): 0 -> 1
Cell (virus_2913386,host_633648): 0 -> 1
Cell (virus_2913386,host_258925): 0 -> 1
Cell (virus_2913386,host_177185): 0 -> 1
Cell (virus_2913386,host_188569): 0 -> 1
Cell (virus_2913386,host_157961): 0 -> 1
Cell (virus_2913386,host_166054): 0 -> 1
Cell (virus_2913386,host_328804): 0 -> 1
Cell (virus_2913386,host_9403): 0 -> 1
Cell (virus_2913386,host_1410044): 0 -> 1
Cell (virus_2913386,host_1898389): 0 -> 1
Cell (virus_2913386,host_77231): 0 -> 1
Cell (virus_2913386,host_2853157): 0 -> 1
Cell (virus_2913386,host_58067): 0 -> 1
Cell (virus_2913386,host_498220): 0 -> 1
Cell (virus_2913386,host_448084): 0 -> 1
Cell (virus_2913386,host_58071): 0 -> 1
Cell (virus_2913386,host_77243): 0 -> 1
Cell (virus_2913386,host_58083): 0 -> 1
Cell (virus_2913386,host_77223): 0 -> 1
Cell (virus_2913386,host_9407): 0 -> 1
Cell (virus_2913386,host_9408): 0 -> 1
Cell (virus_2913386,host_326083): 0 -> 1
Cell (virus_2913386,host_40228): 0 -> 1
Cell (virus_2913386,host_40230): 0 -> 1
Cell (virus_2913386,host_89673): 0 -> 1
Cell (virus_2913386,host_9423): 0 -> 1
Cell (virus_2913386,host_148061): 0 -> 1
Cell (virus_2913386,host_148089): 0 -> 1
Cell (virus_2913386,host_3042450): 0 -> 1
Cell (virus_2913386,host_59472): 0 -> 1
Cell (virus_2913386,host_1434095): 0 -> 1
Cell (virus_2913386,host_221086): 0 -> 1
Cell (virus_2913386,host_291302): 0 -> 1
Cell (virus_2913386,host_187007): 0 -> 1
Cell (virus_2913386,host_187008): 0 -> 1
Cell (virus_2913386,host_438766): 0 -> 1
Cell (virus_2913386,host_258934): 0 -> 1
Cell (virus_2913386,host_479723): 0 -> 1
Cell (virus_2913386,host_3041509): 0 -> 1
Cell (virus_2913386,host_258867): 0 -> 1
Cell (virus_2913386,host_258952): 0 -> 1
Cell (virus_2913386,host_258953): 0 -> 1
Cell (virus_2913386,host_249033): 0 -> 1
Cell (virus_2913386,host_258930): 0 -> 1
Cell (virus_2913386,host_272799): 0 -> 1
Cell (virus_2913386,host_258909): 0 -> 1
Cell (virus_2913386,host_909369): 0 -> 1
Cell (virus_2913386,host_29078): 0 -> 1
Cell (virus_2913386,host_3371014): 0 -> 1
Cell (virus_2913386,host_3371021): 0 -> 1
Cell (virus_2913386,host_360967): 0 -> 1
Cell (virus_2913386,host_258959): 0 -> 1
Cell (virus_2925879,host_105273): 0 -> 1
Cell (virus_2925879,host_105295): 0 -> 1
Cell (virus_2925879,host_187011): 0 -> 1
Cell (virus_2925879,host_375553): 0 -> 1
Cell (virus_2925879,host_51300): 0 -> 1
Cell (virus_2925879,host_246814): 0 -> 1
Cell (virus_2925879,host_59473): 0 -> 1
Cell (virus_2925879,host_258940): 0 -> 1
Cell (virus_2925879,host_155035): 0 -> 1
Cell (virus_2925879,host_633648): 0 -> 1
Cell (virus_2925879,host_258925): 0 -> 1
Cell (virus_2925879,host_177185): 0 -> 1
Cell (virus_2925879,host_188569): 0 -> 1
Cell (virus_2925879,host_157961): 0 -> 1
Cell (virus_2925879,host_166054): 0 -> 1
Cell (virus_2925879,host_328804): 0 -> 1
Cell (virus_2925879,host_9403): 0 -> 1
Cell (virus_2925879,host_1410044): 0 -> 1
Cell (virus_2925879,host_1898389): 0 -> 1
Cell (virus_2925879,host_77231): 0 -> 1
Cell (virus_2925879,host_2853157): 0 -> 1
Cell (virus_2925879,host_58067): 0 -> 1
Cell (virus_2925879,host_498220): 0 -> 1
Cell (virus_2925879,host_448084): 0 -> 1
Cell (virus_2925879,host_58071): 0 -> 1
Cell (virus_2925879,host_77243): 0 -> 1
Cell (virus_2925879,host_58083): 0 -> 1
Cell (virus_2925879,host_77223): 0 -> 1
Cell (virus_2925879,host_9407): 0 -> 1
Cell (virus_2925879,host_9408): 0 -> 1
Cell (virus_2925879,host_326083): 0 -> 1
Cell (virus_2925879,host_40228): 0 -> 1
Cell (virus_2925879,host_40230): 0 -> 1
Cell (virus_2925879,host_89673): 0 -> 1
Cell (virus_2925879,host_9423): 0 -> 1
Cell (virus_2925879,host_148089): 0 -> 1
Cell (virus_2925879,host_3042450): 0 -> 1
Cell (virus_2925879,host_59472): 0 -> 1
Cell (virus_2925879,host_1434095): 0 -> 1
Cell (virus_2925879,host_221086): 0 -> 1
Cell (virus_2925879,host_291302): 0 -> 1
Cell (virus_2925879,host_187007): 0 -> 1
Cell (virus_2925879,host_9433): 0 -> 1
Cell (virus_2925879,host_187008): 0 -> 1
Cell (virus_2925879,host_438766): 0 -> 1
Cell (virus_2925879,host_258934): 0 -> 1
Cell (virus_2925879,host_479723): 0 -> 1
Cell (virus_2925879,host_124751): 0 -> 1
Cell (virus_2925879,host_3041509): 0 -> 1
Cell (virus_2925879,host_258867): 0 -> 1
Cell (virus_2925879,host_153297): 0 -> 1
Cell (virus_2925879,host_249034): 0 -> 1
Cell (virus_2925879,host_258952): 0 -> 1
Cell (virus_2925879,host_258953): 0 -> 1
Cell (virus_2925879,host_249033): 0 -> 1
Cell (virus_2925879,host_258930): 0 -> 1
Cell (virus_2925879,host_272799): 0 -> 1
Cell (virus_2925879,host_258909): 0 -> 1
Cell (virus_2925879,host_909369): 0 -> 1
Cell (virus_2925879,host_29078): 0 -> 1
Cell (virus_2925879,host_3371014): 0 -> 1
Cell (virus_2925879,host_3371021): 0 -> 1
Cell (virus_2925879,host_360967): 0 -> 1
Cell (virus_2925879,host_258959): 0 -> 1
Cell (virus_2993505,host_105273): 0 -> 1
Cell (virus_2993505,host_105295): 0 -> 1
Cell (virus_2993505,host_187011): 0 -> 1
Cell (virus_2993505,host_375553): 0 -> 1
Cell (virus_2993505,host_51300): 0 -> 1
Cell (virus_2993505,host_246814): 0 -> 1
Cell (virus_2993505,host_59473): 0 -> 1
Cell (virus_2993505,host_155035): 0 -> 1
Cell (virus_2993505,host_633648): 0 -> 1
Cell (virus_2993505,host_258925): 0 -> 1
Cell (virus_2993505,host_177185): 0 -> 1
Cell (virus_2993505,host_685731): 0 -> 1
Cell (virus_2993505,host_157961): 0 -> 1
Cell (virus_2993505,host_166054): 0 -> 1
Cell (virus_2993505,host_328804): 0 -> 1
Cell (virus_2993505,host_9403): 0 -> 1
Cell (virus_2993505,host_1410044): 0 -> 1
Cell (virus_2993505,host_1898389): 0 -> 1
Cell (virus_2993505,host_77231): 0 -> 1
Cell (virus_2993505,host_2853157): 0 -> 1
Cell (virus_2993505,host_58067): 0 -> 1
Cell (virus_2993505,host_498220): 0 -> 1
Cell (virus_2993505,host_448084): 0 -> 1
Cell (virus_2993505,host_58071): 0 -> 1
Cell (virus_2993505,host_77243): 0 -> 1
Cell (virus_2993505,host_58083): 0 -> 1
Cell (virus_2993505,host_77223): 0 -> 1
Cell (virus_2993505,host_9407): 0 -> 1
Cell (virus_2993505,host_9408): 0 -> 1
Cell (virus_2993505,host_326083): 0 -> 1
Cell (virus_2993505,host_40228): 0 -> 1
Cell (virus_2993505,host_40230): 0 -> 1
Cell (virus_2993505,host_89673): 0 -> 1
Cell (virus_2993505,host_9423): 0 -> 1
Cell (virus_2993505,host_148061): 0 -> 1
Cell (virus_2993505,host_148089): 0 -> 1
Cell (virus_2993505,host_3042450): 0 -> 1
Cell (virus_2993505,host_59472): 0 -> 1
Cell (virus_2993505,host_1434095): 0 -> 1
Cell (virus_2993505,host_221086): 0 -> 1
Cell (virus_2993505,host_291302): 0 -> 1
Cell (virus_2993505,host_187007): 0 -> 1
Cell (virus_2993505,host_187008): 0 -> 1
Cell (virus_2993505,host_438766): 0 -> 1
Cell (virus_2993505,host_258934): 0 -> 1
Cell (virus_2993505,host_479723): 0 -> 1
Cell (virus_2993505,host_3041509): 0 -> 1
Cell (virus_2993505,host_258867): 0 -> 1
Cell (virus_2993505,host_153297): 0 -> 1
Cell (virus_2993505,host_258952): 0 -> 1
Cell (virus_2993505,host_258953): 0 -> 1
Cell (virus_2993505,host_249033): 0 -> 1
Cell (virus_2993505,host_258930): 0 -> 1
Cell (virus_2993505,host_272799): 0 -> 1
Cell (virus_2993505,host_258909): 0 -> 1
Cell (virus_2993505,host_909369): 0 -> 1
Cell (virus_2993505,host_29078): 0 -> 1
Cell (virus_2993505,host_3371014): 0 -> 1
Cell (virus_2993505,host_3371021): 0 -> 1
Cell (virus_2993505,host_360967): 0 -> 1
Cell (virus_2993505,host_258959): 0 -> 1
Cell (virus_3433731,host_105295): 0 -> 1
Cell (virus_3433731,host_187011): 0 -> 1
Cell (virus_3433731,host_375553): 0 -> 1
Cell (virus_3433731,host_246814): 0 -> 1
Cell (virus_3433731,host_294653): 0 -> 1
Cell (virus_3433731,host_59473): 0 -> 1
Cell (virus_3433731,host_258940): 0 -> 1
Cell (virus_3433731,host_155035): 0 -> 1
Cell (virus_3433731,host_633648): 0 -> 1
Cell (virus_3433731,host_258925): 0 -> 1
Cell (virus_3433731,host_177185): 0 -> 1
Cell (virus_3433731,host_685731): 0 -> 1
Cell (virus_3433731,host_1207989): 0 -> 1
Cell (virus_3433731,host_157961): 0 -> 1
Cell (virus_3433731,host_249024): 0 -> 1
Cell (virus_3433731,host_166054): 0 -> 1
Cell (virus_3433731,host_328804): 0 -> 1
Cell (virus_3433731,host_9403): 0 -> 1
Cell (virus_3433731,host_1898389): 0 -> 1
Cell (virus_3433731,host_77231): 0 -> 1
Cell (virus_3433731,host_2853157): 0 -> 1
Cell (virus_3433731,host_903567): 0 -> 1
Cell (virus_3433731,host_58067): 0 -> 1
Cell (virus_3433731,host_498220): 0 -> 1
Cell (virus_3433731,host_448084): 0 -> 1
Cell (virus_3433731,host_58071): 0 -> 1
Cell (virus_3433731,host_77243): 0 -> 1
Cell (virus_3433731,host_77223): 0 -> 1
Cell (virus_3433731,host_9407): 0 -> 1
Cell (virus_3433731,host_9408): 0 -> 1
Cell (virus_3433731,host_326083): 0 -> 1
Cell (virus_3433731,host_27634): 0 -> 1
Cell (virus_3433731,host_40228): 0 -> 1
Cell (virus_3433731,host_40230): 0 -> 1
Cell (virus_3433731,host_89673): 0 -> 1
Cell (virus_3433731,host_94961): 0 -> 1
Cell (virus_3433731,host_3042450): 0 -> 1
Cell (virus_3433731,host_3371013): 0 -> 1
Cell (virus_3433731,host_221086): 0 -> 1
Cell (virus_3433731,host_291302): 0 -> 1
Cell (virus_3433731,host_221087): 0 -> 1
Cell (virus_3433731,host_187007): 0 -> 1
Cell (virus_3433731,host_187008): 0 -> 1
Cell (virus_3433731,host_438766): 0 -> 1
Cell (virus_3433731,host_258934): 0 -> 1
Cell (virus_3433731,host_479723): 0 -> 1
Cell (virus_3433731,host_3041509): 0 -> 1
Cell (virus_3433731,host_258867): 0 -> 1
Cell (virus_3433731,host_153297): 0 -> 1
Cell (virus_3433731,host_258952): 0 -> 1
Cell (virus_3433731,host_258953): 0 -> 1
Cell (virus_3433731,host_249033): 0 -> 1
Cell (virus_3433731,host_258930): 0 -> 1
Cell (virus_3433731,host_272799): 0 -> 1
Cell (virus_3433731,host_258909): 0 -> 1
Cell (virus_3433731,host_909369): 0 -> 1
Cell (virus_3433731,host_29078): 0 -> 1
Cell (virus_3433731,host_3371014): 0 -> 1
Cell (virus_3433731,host_360967): 0 -> 1
Cell (virus_3433731,host_258959): 0 -> 1
Cell (virus_3433810,host_105295): 0 -> 1
Cell (virus_3433810,host_187011): 0 -> 1
Cell (virus_3433810,host_375553): 0 -> 1
Cell (virus_3433810,host_51300): 0 -> 1
Cell (virus_3433810,host_246814): 0 -> 1
Cell (virus_3433810,host_59473): 0 -> 1
Cell (virus_3433810,host_633648): 0 -> 1
Cell (virus_3433810,host_258925): 0 -> 1
Cell (virus_3433810,host_177185): 0 -> 1
Cell (virus_3433810,host_685731): 0 -> 1
Cell (virus_3433810,host_1207989): 0 -> 1
Cell (virus_3433810,host_157961): 0 -> 1
Cell (virus_3433810,host_166054): 0 -> 1
Cell (virus_3433810,host_328804): 0 -> 1
Cell (virus_3433810,host_9403): 0 -> 1
Cell (virus_3433810,host_1410044): 0 -> 1
Cell (virus_3433810,host_1898389): 0 -> 1
Cell (virus_3433810,host_77231): 0 -> 1
Cell (virus_3433810,host_2853157): 0 -> 1
Cell (virus_3433810,host_58067): 0 -> 1
Cell (virus_3433810,host_498220): 0 -> 1
Cell (virus_3433810,host_448084): 0 -> 1
Cell (virus_3433810,host_58071): 0 -> 1
Cell (virus_3433810,host_58073): 0 -> 1
Cell (virus_3433810,host_77223): 0 -> 1
Cell (virus_3433810,host_9407): 0 -> 1
Cell (virus_3433810,host_9408): 0 -> 1
Cell (virus_3433810,host_326083): 0 -> 1
Cell (virus_3433810,host_27634): 0 -> 1
Cell (virus_3433810,host_40228): 0 -> 1
Cell (virus_3433810,host_40230): 0 -> 1
Cell (virus_3433810,host_89673): 0 -> 1
Cell (virus_3433810,host_1434095): 0 -> 1
Cell (virus_3433810,host_221086): 0 -> 1
Cell (virus_3433810,host_291302): 0 -> 1
Cell (virus_3433810,host_187007): 0 -> 1
Cell (virus_3433810,host_9433): 0 -> 1
Cell (virus_3433810,host_187008): 0 -> 1
Cell (virus_3433810,host_438766): 0 -> 1
Cell (virus_3433810,host_258934): 0 -> 1
Cell (virus_3433810,host_479723): 0 -> 1
Cell (virus_3433810,host_3041509): 0 -> 1
Cell (virus_3433810,host_258867): 0 -> 1
Cell (virus_3433810,host_153297): 0 -> 1
Cell (virus_3433810,host_258952): 0 -> 1
Cell (virus_3433810,host_258953): 0 -> 1
Cell (virus_3433810,host_249033): 0 -> 1
Cell (virus_3433810,host_258930): 0 -> 1
Cell (virus_3433810,host_272799): 0 -> 1
Cell (virus_3433810,host_61862): 0 -> 1
Cell (virus_3433810,host_258909): 0 -> 1
Cell (virus_3433810,host_29078): 0 -> 1
Cell (virus_3433810,host_3371014): 0 -> 1
Cell (virus_3433810,host_3371016): 0 -> 1
Cell (virus_3433810,host_360967): 0 -> 1
Cell (virus_3433810,host_258959): 0 -> 1
Cell (virus_2913388,host_105273): 0 -> 1
Cell (virus_2913388,host_105295): 0 -> 1
Cell (virus_2913388,host_258946): 0 -> 1
Cell (virus_2913388,host_187011): 0 -> 1
Cell (virus_2913388,host_375553): 0 -> 1
Cell (virus_2913388,host_51300): 0 -> 1
Cell (virus_2913388,host_246814): 0 -> 1
Cell (virus_2913388,host_59473): 0 -> 1
Cell (virus_2913388,host_633648): 0 -> 1
Cell (virus_2913388,host_258925): 0 -> 1
Cell (virus_2913388,host_177185): 0 -> 1
Cell (virus_2913388,host_157961): 0 -> 1
Cell (virus_2913388,host_132908): 0 -> 1
Cell (virus_2913388,host_166054): 0 -> 1
Cell (virus_2913388,host_328804): 0 -> 1
Cell (virus_2913388,host_9402): 0 -> 1
Cell (virus_2913388,host_9403): 0 -> 1
Cell (virus_2913388,host_1410044): 0 -> 1
Cell (virus_2913388,host_1898389): 0 -> 1
Cell (virus_2913388,host_77231): 0 -> 1
Cell (virus_2913388,host_2853157): 0 -> 1
Cell (virus_2913388,host_58067): 0 -> 1
Cell (virus_2913388,host_498220): 0 -> 1
Cell (virus_2913388,host_448084): 0 -> 1
Cell (virus_2913388,host_58071): 0 -> 1
Cell (virus_2913388,host_77243): 0 -> 1
Cell (virus_2913388,host_58073): 0 -> 1
Cell (virus_2913388,host_58083): 0 -> 1
Cell (virus_2913388,host_77223): 0 -> 1
Cell (virus_2913388,host_9407): 0 -> 1
Cell (virus_2913388,host_9408): 0 -> 1
Cell (virus_2913388,host_58065): 0 -> 1
Cell (virus_2913388,host_326083): 0 -> 1
Cell (virus_2913388,host_40230): 0 -> 1
Cell (virus_2913388,host_9417): 0 -> 1
Cell (virus_2913388,host_89673): 0 -> 1
Cell (virus_2913388,host_3042450): 0 -> 1
Cell (virus_2913388,host_59472): 0 -> 1
Cell (virus_2913388,host_1434095): 0 -> 1
Cell (virus_2913388,host_221086): 0 -> 1
Cell (virus_2913388,host_291302): 0 -> 1
Cell (virus_2913388,host_187007): 0 -> 1
Cell (virus_2913388,host_187008): 0 -> 1
Cell (virus_2913388,host_438766): 0 -> 1
Cell (virus_2913388,host_258934): 0 -> 1
Cell (virus_2913388,host_3041509): 0 -> 1
Cell (virus_2913388,host_258867): 0 -> 1
Cell (virus_2913388,host_153297): 0 -> 1
Cell (virus_2913388,host_249034): 0 -> 1
Cell (virus_2913388,host_258952): 0 -> 1
Cell (virus_2913388,host_258953): 0 -> 1
Cell (virus_2913388,host_249033): 0 -> 1
Cell (virus_2913388,host_258930): 0 -> 1
Cell (virus_2913388,host_272799): 0 -> 1
Cell (virus_2913388,host_258909): 0 -> 1
Cell (virus_2913388,host_909369): 0 -> 1
Cell (virus_2913388,host_29078): 0 -> 1
Cell (virus_2913388,host_2969767): 0 -> 1
Cell (virus_2913388,host_3371014): 0 -> 1
Cell (virus_2913388,host_3371016): 0 -> 1
Cell (virus_2913388,host_360967): 0 -> 1
Cell (virus_2913388,host_258959): 0 -> 1
Cell (virus_3433756,host_105273): 0 -> 1
Cell (virus_3433756,host_105295): 0 -> 1
Cell (virus_3433756,host_258946): 0 -> 1
Cell (virus_3433756,host_187011): 0 -> 1
Cell (virus_3433756,host_375553): 0 -> 1
Cell (virus_3433756,host_51300): 0 -> 1
Cell (virus_3433756,host_246814): 0 -> 1
Cell (virus_3433756,host_59473): 0 -> 1
Cell (virus_3433756,host_2528591): 0 -> 1
Cell (virus_3433756,host_633648): 0 -> 1
Cell (virus_3433756,host_258925): 0 -> 1
Cell (virus_3433756,host_177185): 0 -> 1
Cell (virus_3433756,host_685731): 0 -> 1
Cell (virus_3433756,host_157961): 0 -> 1
Cell (virus_3433756,host_166054): 0 -> 1
Cell (virus_3433756,host_9402): 0 -> 1
Cell (virus_3433756,host_9403): 0 -> 1
Cell (virus_3433756,host_1410044): 0 -> 1
Cell (virus_3433756,host_1898389): 0 -> 1
Cell (virus_3433756,host_77231): 0 -> 1
Cell (virus_3433756,host_2853157): 0 -> 1
Cell (virus_3433756,host_58067): 0 -> 1
Cell (virus_3433756,host_498220): 0 -> 1
Cell (virus_3433756,host_448084): 0 -> 1
Cell (virus_3433756,host_58071): 0 -> 1
Cell (virus_3433756,host_77243): 0 -> 1
Cell (virus_3433756,host_58073): 0 -> 1
Cell (virus_3433756,host_58083): 0 -> 1
Cell (virus_3433756,host_77223): 0 -> 1
Cell (virus_3433756,host_9407): 0 -> 1
Cell (virus_3433756,host_9408): 0 -> 1
Cell (virus_3433756,host_58065): 0 -> 1
Cell (virus_3433756,host_326083): 0 -> 1
Cell (virus_3433756,host_40230): 0 -> 1
Cell (virus_3433756,host_89673): 0 -> 1
Cell (virus_3433756,host_94961): 0 -> 1
Cell (virus_3433756,host_3042450): 0 -> 1
Cell (virus_3433756,host_1434095): 0 -> 1
Cell (virus_3433756,host_221086): 0 -> 1
Cell (virus_3433756,host_291302): 0 -> 1
Cell (virus_3433756,host_187007): 0 -> 1
Cell (virus_3433756,host_187008): 0 -> 1
Cell (virus_3433756,host_438766): 0 -> 1
Cell (virus_3433756,host_258934): 0 -> 1
Cell (virus_3433756,host_258867): 0 -> 1
Cell (virus_3433756,host_153297): 0 -> 1
Cell (virus_3433756,host_258952): 0 -> 1
Cell (virus_3433756,host_258953): 0 -> 1
Cell (virus_3433756,host_249033): 0 -> 1
Cell (virus_3433756,host_258930): 0 -> 1
Cell (virus_3433756,host_272799): 0 -> 1
Cell (virus_3433756,host_258909): 0 -> 1
Cell (virus_3433756,host_909369): 0 -> 1
Cell (virus_3433756,host_29078): 0 -> 1
Cell (virus_3433756,host_2969767): 0 -> 1
Cell (virus_3433756,host_3371014): 0 -> 1
Cell (virus_3433756,host_3371016): 0 -> 1
Cell (virus_3433756,host_360967): 0 -> 1
Cell (virus_3433756,host_258959): 0 -> 1
Elbow Metrics: {'precision': 0.5072298325722984, 'recall': 0.34899856002094515, 'f1': 0.41349360217138426, 'TP': 2666, 'FP': 2590, 'FN': 4973}
