[iter 0] λ=0.5000 → flips=1039
[iter 1] λ=0.7500 → flips=9008
[iter 2] λ=0.6250 → flips=4382
[iter 3] λ=0.6875 → flips=8098
[iter 4] λ=0.6562 → flips=5648
[iter 5] λ=0.6719 → flips=6974
[iter 6] λ=0.6797 → flips=7046
[iter 7] λ=0.6836 → flips=7046
[iter 8] λ=0.6855 → flips=7224
[iter 9] λ=0.6846 → flips=7098
[iter 10] λ=0.6851 → flips=7098
[iter 11] λ=0.6853 → flips=7224
[iter 12] λ=0.6852 → flips=7098
[iter 13] λ=0.6852 → flips=7098
[iter 14] λ=0.6853 → flips=7224
[iter 15] λ=0.6853 → flips=7098
[iter 16] λ=0.6853 → flips=7098
[iter 17] λ=0.6853 → flips=7224
[iter 18] λ=0.6853 → flips=7098
[iter 19] λ=0.6853 → flips=7224

Best λ=0.6855 → flips=7224, correct=4045/7222
Number of flips performed: 7224
Cell (virus_11137,host_187011): 0 -> 1
Cell (virus_11137,host_375553): 0 -> 1
Cell (virus_11137,host_294653): 0 -> 1
Cell (virus_11137,host_59463): 0 -> 1
Cell (virus_11137,host_109480): 0 -> 1
Cell (virus_11137,host_1633875): 0 -> 1
Cell (virus_11137,host_2528591): 0 -> 1
Cell (virus_11137,host_51298): 0 -> 1
Cell (virus_11137,host_225399): 0 -> 1
Cell (virus_11137,host_392004): 0 -> 1
Cell (virus_11137,host_392318): 0 -> 1
Cell (virus_11137,host_187014): 0 -> 1
Cell (virus_11137,host_526407): 0 -> 1
Cell (virus_11137,host_1911917): 0 -> 1
Cell (virus_11137,host_452654): 0 -> 1
Cell (virus_11137,host_587652): 0 -> 1
Cell (virus_11137,host_225400): 0 -> 1
Cell (virus_11137,host_385037): 0 -> 1
Cell (virus_11137,host_155035): 0 -> 1
Cell (virus_11137,host_258925): 0 -> 1
Cell (virus_11137,host_177185): 0 -> 1
Cell (virus_11137,host_196889): 0 -> 1
Cell (virus_11137,host_196297): 0 -> 1
Cell (virus_11137,host_9402): 0 -> 1
Cell (virus_11137,host_9403): 0 -> 1
Cell (virus_11137,host_58057): 0 -> 1
Cell (virus_11137,host_1898389): 0 -> 1
Cell (virus_11137,host_372077): 0 -> 1
Cell (virus_11137,host_903567): 0 -> 1
Cell (virus_11137,host_58067): 0 -> 1
Cell (virus_11137,host_448084): 0 -> 1
Cell (virus_11137,host_58071): 0 -> 1
Cell (virus_11137,host_58073): 0 -> 1
Cell (virus_11137,host_1898393): 0 -> 1
Cell (virus_11137,host_77223): 0 -> 1
Cell (virus_11137,host_58063): 0 -> 1
Cell (virus_11137,host_9400): 0 -> 1
Cell (virus_11137,host_298110): 0 -> 1
Cell (virus_11137,host_374419): 0 -> 1
Cell (virus_11137,host_326081): 0 -> 1
Cell (virus_11137,host_326083): 0 -> 1
Cell (virus_11137,host_1381355): 0 -> 1
Cell (virus_11137,host_187003): 0 -> 1
Cell (virus_11137,host_138695): 0 -> 1
Cell (virus_11137,host_208969): 0 -> 1
Cell (virus_11137,host_27663): 0 -> 1
Cell (virus_11137,host_574064): 0 -> 1
Cell (virus_11137,host_27660): 0 -> 1
Cell (virus_11137,host_27638): 0 -> 1
Cell (virus_11137,host_2994998): 0 -> 1
Cell (virus_11137,host_409031): 0 -> 1
Cell (virus_11137,host_89673): 0 -> 1
Cell (virus_11137,host_1434095): 0 -> 1
Cell (virus_11137,host_221086): 0 -> 1
Cell (virus_11137,host_221087): 0 -> 1
Cell (virus_11137,host_187007): 0 -> 1
Cell (virus_11137,host_438766): 0 -> 1
Cell (virus_11137,host_258934): 0 -> 1
Cell (virus_11137,host_479723): 0 -> 1
Cell (virus_11137,host_27622): 0 -> 1
Cell (virus_11137,host_3041509): 0 -> 1
Cell (virus_11137,host_2218597): 0 -> 1
Cell (virus_11137,host_242384): 0 -> 1
Cell (virus_11137,host_452595): 0 -> 1
Cell (virus_11137,host_3370289): 0 -> 1
Cell (virus_11137,host_9438): 0 -> 1
Cell (virus_11137,host_153297): 0 -> 1
Cell (virus_11137,host_249034): 0 -> 1
Cell (virus_11137,host_249033): 0 -> 1
Cell (virus_11137,host_258930): 0 -> 1
Cell (virus_1244203,host_105295): 0 -> 1
Cell (virus_1244203,host_258946): 0 -> 1
Cell (virus_1244203,host_187011): 0 -> 1
Cell (virus_1244203,host_375553): 0 -> 1
Cell (virus_1244203,host_294653): 0 -> 1
Cell (virus_1244203,host_59463): 0 -> 1
Cell (virus_1244203,host_109480): 0 -> 1
Cell (virus_1244203,host_1633875): 0 -> 1
Cell (virus_1244203,host_2528591): 0 -> 1
Cell (virus_1244203,host_51298): 0 -> 1
Cell (virus_1244203,host_225399): 0 -> 1
Cell (virus_1244203,host_392004): 0 -> 1
Cell (virus_1244203,host_392318): 0 -> 1
Cell (virus_1244203,host_187014): 0 -> 1
Cell (virus_1244203,host_526407): 0 -> 1
Cell (virus_1244203,host_452654): 0 -> 1
Cell (virus_1244203,host_587652): 0 -> 1
Cell (virus_1244203,host_225400): 0 -> 1
Cell (virus_1244203,host_385037): 0 -> 1
Cell (virus_1244203,host_155035): 0 -> 1
Cell (virus_1244203,host_258925): 0 -> 1
Cell (virus_1244203,host_177185): 0 -> 1
Cell (virus_1244203,host_159858): 0 -> 1
Cell (virus_1244203,host_376555): 0 -> 1
Cell (virus_1244203,host_196296): 0 -> 1
Cell (virus_1244203,host_196889): 0 -> 1
Cell (virus_1244203,host_337452): 0 -> 1
Cell (virus_1244203,host_76837): 0 -> 1
Cell (virus_1244203,host_196297): 0 -> 1
Cell (virus_1244203,host_9402): 0 -> 1
Cell (virus_1244203,host_9403): 0 -> 1
Cell (virus_1244203,host_58057): 0 -> 1
Cell (virus_1244203,host_1898389): 0 -> 1
Cell (virus_1244203,host_372077): 0 -> 1
Cell (virus_1244203,host_903567): 0 -> 1
Cell (virus_1244203,host_58067): 0 -> 1
Cell (virus_1244203,host_448084): 0 -> 1
Cell (virus_1244203,host_58071): 0 -> 1
Cell (virus_1244203,host_58073): 0 -> 1
Cell (virus_1244203,host_1898393): 0 -> 1
Cell (virus_1244203,host_77223): 0 -> 1
Cell (virus_1244203,host_58063): 0 -> 1
Cell (virus_1244203,host_9400): 0 -> 1
Cell (virus_1244203,host_298110): 0 -> 1
Cell (virus_1244203,host_374419): 0 -> 1
Cell (virus_1244203,host_326081): 0 -> 1
Cell (virus_1244203,host_326083): 0 -> 1
Cell (virus_1244203,host_1381355): 0 -> 1
Cell (virus_1244203,host_187003): 0 -> 1
Cell (virus_1244203,host_94956): 0 -> 1
Cell (virus_1244203,host_138695): 0 -> 1
Cell (virus_1244203,host_208969): 0 -> 1
Cell (virus_1244203,host_27663): 0 -> 1
Cell (virus_1244203,host_574064): 0 -> 1
Cell (virus_1244203,host_27660): 0 -> 1
Cell (virus_1244203,host_27638): 0 -> 1
Cell (virus_1244203,host_2994998): 0 -> 1
Cell (virus_1244203,host_409031): 0 -> 1
Cell (virus_1244203,host_89673): 0 -> 1
Cell (virus_1244203,host_148061): 0 -> 1
Cell (virus_1244203,host_94961): 0 -> 1
Cell (virus_1244203,host_1434095): 0 -> 1
Cell (virus_1244203,host_221086): 0 -> 1
Cell (virus_1244203,host_221087): 0 -> 1
Cell (virus_1244203,host_187007): 0 -> 1
Cell (virus_1244203,host_438766): 0 -> 1
Cell (virus_1244203,host_258934): 0 -> 1
Cell (virus_1244203,host_479723): 0 -> 1
Cell (virus_1244203,host_3041509): 0 -> 1
Cell (virus_1244203,host_2218597): 0 -> 1
Cell (virus_1244203,host_242384): 0 -> 1
Cell (virus_1244203,host_452595): 0 -> 1
Cell (virus_1244203,host_3370289): 0 -> 1
Cell (virus_1244203,host_9438): 0 -> 1
Cell (virus_1244203,host_153297): 0 -> 1
Cell (virus_1244203,host_249034): 0 -> 1
Cell (virus_1244203,host_249033): 0 -> 1
Cell (virus_1244203,host_258930): 0 -> 1
Cell (virus_1244203,host_258909): 0 -> 1
Cell (virus_1244203,host_909369): 0 -> 1
Cell (virus_1244203,host_2969767): 0 -> 1
Cell (virus_1244203,host_3371014): 0 -> 1
Cell (virus_1244203,host_143942): 0 -> 1
Cell (virus_1244203,host_258889): 0 -> 1
Cell (virus_3433754,host_105295): 0 -> 1
Cell (virus_3433754,host_258946): 0 -> 1
Cell (virus_3433754,host_187011): 0 -> 1
Cell (virus_3433754,host_375553): 0 -> 1
Cell (virus_3433754,host_294653): 0 -> 1
Cell (virus_3433754,host_59463): 0 -> 1
Cell (virus_3433754,host_109480): 0 -> 1
Cell (virus_3433754,host_1633875): 0 -> 1
Cell (virus_3433754,host_2528591): 0 -> 1
Cell (virus_3433754,host_51298): 0 -> 1
Cell (virus_3433754,host_225399): 0 -> 1
Cell (virus_3433754,host_392004): 0 -> 1
Cell (virus_3433754,host_392318): 0 -> 1
Cell (virus_3433754,host_187014): 0 -> 1
Cell (virus_3433754,host_526407): 0 -> 1
Cell (virus_3433754,host_452654): 0 -> 1
Cell (virus_3433754,host_587652): 0 -> 1
Cell (virus_3433754,host_225400): 0 -> 1
Cell (virus_3433754,host_385037): 0 -> 1
Cell (virus_3433754,host_155035): 0 -> 1
Cell (virus_3433754,host_258925): 0 -> 1
Cell (virus_3433754,host_177185): 0 -> 1
Cell (virus_3433754,host_159858): 0 -> 1
Cell (virus_3433754,host_376555): 0 -> 1
Cell (virus_3433754,host_196296): 0 -> 1
Cell (virus_3433754,host_196889): 0 -> 1
Cell (virus_3433754,host_337452): 0 -> 1
Cell (virus_3433754,host_76837): 0 -> 1
Cell (virus_3433754,host_196297): 0 -> 1
Cell (virus_3433754,host_9402): 0 -> 1
Cell (virus_3433754,host_9403): 0 -> 1
Cell (virus_3433754,host_58057): 0 -> 1
Cell (virus_3433754,host_1898389): 0 -> 1
Cell (virus_3433754,host_372077): 0 -> 1
Cell (virus_3433754,host_903567): 0 -> 1
Cell (virus_3433754,host_58067): 0 -> 1
Cell (virus_3433754,host_448084): 0 -> 1
Cell (virus_3433754,host_58071): 0 -> 1
Cell (virus_3433754,host_58073): 0 -> 1
Cell (virus_3433754,host_1898393): 0 -> 1
Cell (virus_3433754,host_77223): 0 -> 1
Cell (virus_3433754,host_58063): 0 -> 1
Cell (virus_3433754,host_9400): 0 -> 1
Cell (virus_3433754,host_298110): 0 -> 1
Cell (virus_3433754,host_374419): 0 -> 1
Cell (virus_3433754,host_326081): 0 -> 1
Cell (virus_3433754,host_326083): 0 -> 1
Cell (virus_3433754,host_1381355): 0 -> 1
Cell (virus_3433754,host_187003): 0 -> 1
Cell (virus_3433754,host_94956): 0 -> 1
Cell (virus_3433754,host_138695): 0 -> 1
Cell (virus_3433754,host_208969): 0 -> 1
Cell (virus_3433754,host_27663): 0 -> 1
Cell (virus_3433754,host_574064): 0 -> 1
Cell (virus_3433754,host_27660): 0 -> 1
Cell (virus_3433754,host_27638): 0 -> 1
Cell (virus_3433754,host_2994998): 0 -> 1
Cell (virus_3433754,host_409031): 0 -> 1
Cell (virus_3433754,host_89673): 0 -> 1
Cell (virus_3433754,host_148061): 0 -> 1
Cell (virus_3433754,host_94961): 0 -> 1
Cell (virus_3433754,host_1434095): 0 -> 1
Cell (virus_3433754,host_221086): 0 -> 1
Cell (virus_3433754,host_221087): 0 -> 1
Cell (virus_3433754,host_187007): 0 -> 1
Cell (virus_3433754,host_438766): 0 -> 1
Cell (virus_3433754,host_258934): 0 -> 1
Cell (virus_3433754,host_479723): 0 -> 1
Cell (virus_3433754,host_3041509): 0 -> 1
Cell (virus_3433754,host_2218597): 0 -> 1
Cell (virus_3433754,host_242384): 0 -> 1
Cell (virus_3433754,host_452595): 0 -> 1
Cell (virus_3433754,host_3370289): 0 -> 1
Cell (virus_3433754,host_9438): 0 -> 1
Cell (virus_3433754,host_153297): 0 -> 1
Cell (virus_3433754,host_249034): 0 -> 1
Cell (virus_3433754,host_249033): 0 -> 1
Cell (virus_3433754,host_258930): 0 -> 1
Cell (virus_3433754,host_258909): 0 -> 1
Cell (virus_3433754,host_909369): 0 -> 1
Cell (virus_3433754,host_2969767): 0 -> 1
Cell (virus_3433754,host_3371014): 0 -> 1
Cell (virus_3433754,host_143942): 0 -> 1
Cell (virus_3433754,host_258889): 0 -> 1
Cell (virus_3433753,host_105295): 0 -> 1
Cell (virus_3433753,host_258946): 0 -> 1
Cell (virus_3433753,host_187011): 0 -> 1
Cell (virus_3433753,host_375553): 0 -> 1
Cell (virus_3433753,host_294653): 0 -> 1
Cell (virus_3433753,host_59463): 0 -> 1
Cell (virus_3433753,host_109480): 0 -> 1
Cell (virus_3433753,host_1633875): 0 -> 1
Cell (virus_3433753,host_2528591): 0 -> 1
Cell (virus_3433753,host_51298): 0 -> 1
Cell (virus_3433753,host_225399): 0 -> 1
Cell (virus_3433753,host_392004): 0 -> 1
Cell (virus_3433753,host_392318): 0 -> 1
Cell (virus_3433753,host_187014): 0 -> 1
Cell (virus_3433753,host_526407): 0 -> 1
Cell (virus_3433753,host_1911917): 0 -> 1
Cell (virus_3433753,host_452654): 0 -> 1
Cell (virus_3433753,host_587652): 0 -> 1
Cell (virus_3433753,host_225400): 0 -> 1
Cell (virus_3433753,host_385037): 0 -> 1
Cell (virus_3433753,host_155035): 0 -> 1
Cell (virus_3433753,host_258925): 0 -> 1
Cell (virus_3433753,host_177185): 0 -> 1
Cell (virus_3433753,host_159858): 0 -> 1
Cell (virus_3433753,host_376555): 0 -> 1
Cell (virus_3433753,host_196296): 0 -> 1
Cell (virus_3433753,host_196889): 0 -> 1
Cell (virus_3433753,host_337452): 0 -> 1
Cell (virus_3433753,host_76837): 0 -> 1
Cell (virus_3433753,host_196297): 0 -> 1
Cell (virus_3433753,host_9402): 0 -> 1
Cell (virus_3433753,host_9403): 0 -> 1
Cell (virus_3433753,host_58057): 0 -> 1
Cell (virus_3433753,host_1898389): 0 -> 1
Cell (virus_3433753,host_372077): 0 -> 1
Cell (virus_3433753,host_903567): 0 -> 1
Cell (virus_3433753,host_58067): 0 -> 1
Cell (virus_3433753,host_448084): 0 -> 1
Cell (virus_3433753,host_58071): 0 -> 1
Cell (virus_3433753,host_58073): 0 -> 1
Cell (virus_3433753,host_1898393): 0 -> 1
Cell (virus_3433753,host_77223): 0 -> 1
Cell (virus_3433753,host_58063): 0 -> 1
Cell (virus_3433753,host_9400): 0 -> 1
Cell (virus_3433753,host_298110): 0 -> 1
Cell (virus_3433753,host_374419): 0 -> 1
Cell (virus_3433753,host_326081): 0 -> 1
Cell (virus_3433753,host_326083): 0 -> 1
Cell (virus_3433753,host_1381355): 0 -> 1
Cell (virus_3433753,host_187003): 0 -> 1
Cell (virus_3433753,host_94956): 0 -> 1
Cell (virus_3433753,host_138695): 0 -> 1
Cell (virus_3433753,host_208969): 0 -> 1
Cell (virus_3433753,host_27663): 0 -> 1
Cell (virus_3433753,host_574064): 0 -> 1
Cell (virus_3433753,host_27660): 0 -> 1
Cell (virus_3433753,host_27638): 0 -> 1
Cell (virus_3433753,host_2994998): 0 -> 1
Cell (virus_3433753,host_409031): 0 -> 1
Cell (virus_3433753,host_89673): 0 -> 1
Cell (virus_3433753,host_148061): 0 -> 1
Cell (virus_3433753,host_94961): 0 -> 1
Cell (virus_3433753,host_1434095): 0 -> 1
Cell (virus_3433753,host_221086): 0 -> 1
Cell (virus_3433753,host_221087): 0 -> 1
Cell (virus_3433753,host_187007): 0 -> 1
Cell (virus_3433753,host_438766): 0 -> 1
Cell (virus_3433753,host_258934): 0 -> 1
Cell (virus_3433753,host_479723): 0 -> 1
Cell (virus_3433753,host_3041509): 0 -> 1
Cell (virus_3433753,host_2218597): 0 -> 1
Cell (virus_3433753,host_242384): 0 -> 1
Cell (virus_3433753,host_452595): 0 -> 1
Cell (virus_3433753,host_3370289): 0 -> 1
Cell (virus_3433753,host_9438): 0 -> 1
Cell (virus_3433753,host_153297): 0 -> 1
Cell (virus_3433753,host_249034): 0 -> 1
Cell (virus_3433753,host_249033): 0 -> 1
Cell (virus_3433753,host_258930): 0 -> 1
Cell (virus_3433753,host_258909): 0 -> 1
Cell (virus_3433753,host_909369): 0 -> 1
Cell (virus_3433753,host_2969767): 0 -> 1
Cell (virus_3433753,host_3371014): 0 -> 1
Cell (virus_3433753,host_143942): 0 -> 1
Cell (virus_3119326,host_105295): 0 -> 1
Cell (virus_3119326,host_258946): 0 -> 1
Cell (virus_3119326,host_187011): 0 -> 1
Cell (virus_3119326,host_375553): 0 -> 1
Cell (virus_3119326,host_294653): 0 -> 1
Cell (virus_3119326,host_59463): 0 -> 1
Cell (virus_3119326,host_109480): 0 -> 1
Cell (virus_3119326,host_1633875): 0 -> 1
Cell (virus_3119326,host_2528591): 0 -> 1
Cell (virus_3119326,host_51298): 0 -> 1
Cell (virus_3119326,host_225399): 0 -> 1
Cell (virus_3119326,host_392004): 0 -> 1
Cell (virus_3119326,host_392318): 0 -> 1
Cell (virus_3119326,host_187014): 0 -> 1
Cell (virus_3119326,host_526407): 0 -> 1
Cell (virus_3119326,host_1911917): 0 -> 1
Cell (virus_3119326,host_452654): 0 -> 1
Cell (virus_3119326,host_587652): 0 -> 1
Cell (virus_3119326,host_225400): 0 -> 1
Cell (virus_3119326,host_385037): 0 -> 1
Cell (virus_3119326,host_155035): 0 -> 1
Cell (virus_3119326,host_258925): 0 -> 1
Cell (virus_3119326,host_177185): 0 -> 1
Cell (virus_3119326,host_159858): 0 -> 1
Cell (virus_3119326,host_376555): 0 -> 1
Cell (virus_3119326,host_196296): 0 -> 1
Cell (virus_3119326,host_196889): 0 -> 1
Cell (virus_3119326,host_337452): 0 -> 1
Cell (virus_3119326,host_76837): 0 -> 1
Cell (virus_3119326,host_196297): 0 -> 1
Cell (virus_3119326,host_9402): 0 -> 1
Cell (virus_3119326,host_9403): 0 -> 1
Cell (virus_3119326,host_58057): 0 -> 1
Cell (virus_3119326,host_1898389): 0 -> 1
Cell (virus_3119326,host_372077): 0 -> 1
Cell (virus_3119326,host_903567): 0 -> 1
Cell (virus_3119326,host_58067): 0 -> 1
Cell (virus_3119326,host_448084): 0 -> 1
Cell (virus_3119326,host_58071): 0 -> 1
Cell (virus_3119326,host_58073): 0 -> 1
Cell (virus_3119326,host_1898393): 0 -> 1
Cell (virus_3119326,host_77223): 0 -> 1
Cell (virus_3119326,host_58063): 0 -> 1
Cell (virus_3119326,host_9400): 0 -> 1
Cell (virus_3119326,host_298110): 0 -> 1
Cell (virus_3119326,host_374419): 0 -> 1
Cell (virus_3119326,host_326081): 0 -> 1
Cell (virus_3119326,host_326083): 0 -> 1
Cell (virus_3119326,host_1381355): 0 -> 1
Cell (virus_3119326,host_187003): 0 -> 1
Cell (virus_3119326,host_94956): 0 -> 1
Cell (virus_3119326,host_138695): 0 -> 1
Cell (virus_3119326,host_208969): 0 -> 1
Cell (virus_3119326,host_27663): 0 -> 1
Cell (virus_3119326,host_574064): 0 -> 1
Cell (virus_3119326,host_27660): 0 -> 1
Cell (virus_3119326,host_27638): 0 -> 1
Cell (virus_3119326,host_2994998): 0 -> 1
Cell (virus_3119326,host_409031): 0 -> 1
Cell (virus_3119326,host_89673): 0 -> 1
Cell (virus_3119326,host_148061): 0 -> 1
Cell (virus_3119326,host_94961): 0 -> 1
Cell (virus_3119326,host_1434095): 0 -> 1
Cell (virus_3119326,host_221086): 0 -> 1
Cell (virus_3119326,host_221087): 0 -> 1
Cell (virus_3119326,host_187007): 0 -> 1
Cell (virus_3119326,host_438766): 0 -> 1
Cell (virus_3119326,host_258934): 0 -> 1
Cell (virus_3119326,host_479723): 0 -> 1
Cell (virus_3119326,host_3041509): 0 -> 1
Cell (virus_3119326,host_2218597): 0 -> 1
Cell (virus_3119326,host_242384): 0 -> 1
Cell (virus_3119326,host_452595): 0 -> 1
Cell (virus_3119326,host_3370289): 0 -> 1
Cell (virus_3119326,host_9438): 0 -> 1
Cell (virus_3119326,host_153297): 0 -> 1
Cell (virus_3119326,host_249034): 0 -> 1
Cell (virus_3119326,host_249033): 0 -> 1
Cell (virus_3119326,host_258930): 0 -> 1
Cell (virus_3119326,host_258909): 0 -> 1
Cell (virus_3119326,host_2969767): 0 -> 1
Cell (virus_3119326,host_3371014): 0 -> 1
Cell (virus_3119326,host_143942): 0 -> 1
Cell (virus_3119326,host_258889): 0 -> 1
Cell (virus_3433752,host_105295): 0 -> 1
Cell (virus_3433752,host_258946): 0 -> 1
Cell (virus_3433752,host_187011): 0 -> 1
Cell (virus_3433752,host_375553): 0 -> 1
Cell (virus_3433752,host_294653): 0 -> 1
Cell (virus_3433752,host_59463): 0 -> 1
Cell (virus_3433752,host_109480): 0 -> 1
Cell (virus_3433752,host_1633875): 0 -> 1
Cell (virus_3433752,host_2528591): 0 -> 1
Cell (virus_3433752,host_51298): 0 -> 1
Cell (virus_3433752,host_225399): 0 -> 1
Cell (virus_3433752,host_392004): 0 -> 1
Cell (virus_3433752,host_392318): 0 -> 1
Cell (virus_3433752,host_187014): 0 -> 1
Cell (virus_3433752,host_526407): 0 -> 1
Cell (virus_3433752,host_1911917): 0 -> 1
Cell (virus_3433752,host_452654): 0 -> 1
Cell (virus_3433752,host_587652): 0 -> 1
Cell (virus_3433752,host_225400): 0 -> 1
Cell (virus_3433752,host_385037): 0 -> 1
Cell (virus_3433752,host_155035): 0 -> 1
Cell (virus_3433752,host_258925): 0 -> 1
Cell (virus_3433752,host_177185): 0 -> 1
Cell (virus_3433752,host_159858): 0 -> 1
Cell (virus_3433752,host_376555): 0 -> 1
Cell (virus_3433752,host_196296): 0 -> 1
Cell (virus_3433752,host_196889): 0 -> 1
Cell (virus_3433752,host_337452): 0 -> 1
Cell (virus_3433752,host_76837): 0 -> 1
Cell (virus_3433752,host_9402): 0 -> 1
Cell (virus_3433752,host_9403): 0 -> 1
Cell (virus_3433752,host_58057): 0 -> 1
Cell (virus_3433752,host_1898389): 0 -> 1
Cell (virus_3433752,host_372077): 0 -> 1
Cell (virus_3433752,host_903567): 0 -> 1
Cell (virus_3433752,host_58067): 0 -> 1
Cell (virus_3433752,host_448084): 0 -> 1
Cell (virus_3433752,host_58071): 0 -> 1
Cell (virus_3433752,host_58073): 0 -> 1
Cell (virus_3433752,host_1898393): 0 -> 1
Cell (virus_3433752,host_77223): 0 -> 1
Cell (virus_3433752,host_58063): 0 -> 1
Cell (virus_3433752,host_9400): 0 -> 1
Cell (virus_3433752,host_298110): 0 -> 1
Cell (virus_3433752,host_374419): 0 -> 1
Cell (virus_3433752,host_326081): 0 -> 1
Cell (virus_3433752,host_326083): 0 -> 1
Cell (virus_3433752,host_1381355): 0 -> 1
Cell (virus_3433752,host_187003): 0 -> 1
Cell (virus_3433752,host_94956): 0 -> 1
Cell (virus_3433752,host_138695): 0 -> 1
Cell (virus_3433752,host_208969): 0 -> 1
Cell (virus_3433752,host_27663): 0 -> 1
Cell (virus_3433752,host_574064): 0 -> 1
Cell (virus_3433752,host_27660): 0 -> 1
Cell (virus_3433752,host_27638): 0 -> 1
Cell (virus_3433752,host_2994998): 0 -> 1
Cell (virus_3433752,host_409031): 0 -> 1
Cell (virus_3433752,host_89673): 0 -> 1
Cell (virus_3433752,host_148061): 0 -> 1
Cell (virus_3433752,host_94961): 0 -> 1
Cell (virus_3433752,host_1434095): 0 -> 1
Cell (virus_3433752,host_221086): 0 -> 1
Cell (virus_3433752,host_221087): 0 -> 1
Cell (virus_3433752,host_187007): 0 -> 1
Cell (virus_3433752,host_438766): 0 -> 1
Cell (virus_3433752,host_258934): 0 -> 1
Cell (virus_3433752,host_479723): 0 -> 1
Cell (virus_3433752,host_3041509): 0 -> 1
Cell (virus_3433752,host_2218597): 0 -> 1
Cell (virus_3433752,host_242384): 0 -> 1
Cell (virus_3433752,host_452595): 0 -> 1
Cell (virus_3433752,host_9438): 0 -> 1
Cell (virus_3433752,host_153297): 0 -> 1
Cell (virus_3433752,host_249034): 0 -> 1
Cell (virus_3433752,host_258930): 0 -> 1
Cell (virus_3433752,host_258909): 0 -> 1
Cell (virus_3433752,host_909369): 0 -> 1
Cell (virus_3433752,host_2969767): 0 -> 1
Cell (virus_3433752,host_3371014): 0 -> 1
Cell (virus_3433752,host_143942): 0 -> 1
Cell (virus_3433752,host_258889): 0 -> 1
Cell (virus_1906673,host_105295): 0 -> 1
Cell (virus_1906673,host_258946): 0 -> 1
Cell (virus_1906673,host_187011): 0 -> 1
Cell (virus_1906673,host_375553): 0 -> 1
Cell (virus_1906673,host_294653): 0 -> 1
Cell (virus_1906673,host_59463): 0 -> 1
Cell (virus_1906673,host_109480): 0 -> 1
Cell (virus_1906673,host_1633875): 0 -> 1
Cell (virus_1906673,host_2528591): 0 -> 1
Cell (virus_1906673,host_51298): 0 -> 1
Cell (virus_1906673,host_225399): 0 -> 1
Cell (virus_1906673,host_392004): 0 -> 1
Cell (virus_1906673,host_392318): 0 -> 1
Cell (virus_1906673,host_187014): 0 -> 1
Cell (virus_1906673,host_526407): 0 -> 1
Cell (virus_1906673,host_1911917): 0 -> 1
Cell (virus_1906673,host_452654): 0 -> 1
Cell (virus_1906673,host_587652): 0 -> 1
Cell (virus_1906673,host_225400): 0 -> 1
Cell (virus_1906673,host_385037): 0 -> 1
Cell (virus_1906673,host_155035): 0 -> 1
Cell (virus_1906673,host_258925): 0 -> 1
Cell (virus_1906673,host_177185): 0 -> 1
Cell (virus_1906673,host_159858): 0 -> 1
Cell (virus_1906673,host_376555): 0 -> 1
Cell (virus_1906673,host_196296): 0 -> 1
Cell (virus_1906673,host_196889): 0 -> 1
Cell (virus_1906673,host_337452): 0 -> 1
Cell (virus_1906673,host_76837): 0 -> 1
Cell (virus_1906673,host_320431): 0 -> 1
Cell (virus_1906673,host_196297): 0 -> 1
Cell (virus_1906673,host_9402): 0 -> 1
Cell (virus_1906673,host_9403): 0 -> 1
Cell (virus_1906673,host_58057): 0 -> 1
Cell (virus_1906673,host_1898389): 0 -> 1
Cell (virus_1906673,host_372077): 0 -> 1
Cell (virus_1906673,host_903567): 0 -> 1
Cell (virus_1906673,host_58067): 0 -> 1
Cell (virus_1906673,host_448084): 0 -> 1
Cell (virus_1906673,host_58071): 0 -> 1
Cell (virus_1906673,host_58073): 0 -> 1
Cell (virus_1906673,host_1898393): 0 -> 1
Cell (virus_1906673,host_77223): 0 -> 1
Cell (virus_1906673,host_58063): 0 -> 1
Cell (virus_1906673,host_9400): 0 -> 1
Cell (virus_1906673,host_298110): 0 -> 1
Cell (virus_1906673,host_374419): 0 -> 1
Cell (virus_1906673,host_326081): 0 -> 1
Cell (virus_1906673,host_326083): 0 -> 1
Cell (virus_1906673,host_1381355): 0 -> 1
Cell (virus_1906673,host_187003): 0 -> 1
Cell (virus_1906673,host_94956): 0 -> 1
Cell (virus_1906673,host_138695): 0 -> 1
Cell (virus_1906673,host_208969): 0 -> 1
Cell (virus_1906673,host_27663): 0 -> 1
Cell (virus_1906673,host_574064): 0 -> 1
Cell (virus_1906673,host_27660): 0 -> 1
Cell (virus_1906673,host_27638): 0 -> 1
Cell (virus_1906673,host_2994998): 0 -> 1
Cell (virus_1906673,host_409031): 0 -> 1
Cell (virus_1906673,host_89673): 0 -> 1
Cell (virus_1906673,host_148061): 0 -> 1
Cell (virus_1906673,host_94961): 0 -> 1
Cell (virus_1906673,host_1434095): 0 -> 1
Cell (virus_1906673,host_221086): 0 -> 1
Cell (virus_1906673,host_221087): 0 -> 1
Cell (virus_1906673,host_187007): 0 -> 1
Cell (virus_1906673,host_438766): 0 -> 1
Cell (virus_1906673,host_258934): 0 -> 1
Cell (virus_1906673,host_479723): 0 -> 1
Cell (virus_1906673,host_3041509): 0 -> 1
Cell (virus_1906673,host_2218597): 0 -> 1
Cell (virus_1906673,host_242384): 0 -> 1
Cell (virus_1906673,host_452595): 0 -> 1
Cell (virus_1906673,host_3370289): 0 -> 1
Cell (virus_1906673,host_9438): 0 -> 1
Cell (virus_1906673,host_153297): 0 -> 1
Cell (virus_1906673,host_249034): 0 -> 1
Cell (virus_1906673,host_249033): 0 -> 1
Cell (virus_1906673,host_258930): 0 -> 1
Cell (virus_1906673,host_258909): 0 -> 1
Cell (virus_1906673,host_909369): 0 -> 1
Cell (virus_1906673,host_2969767): 0 -> 1
Cell (virus_1906673,host_3371014): 0 -> 1
Cell (virus_1906673,host_3371016): 0 -> 1
Cell (virus_1906673,host_143942): 0 -> 1
Cell (virus_1906673,host_258889): 0 -> 1
Cell (virus_3433785,host_105295): 0 -> 1
Cell (virus_3433785,host_258946): 0 -> 1
Cell (virus_3433785,host_187011): 0 -> 1
Cell (virus_3433785,host_375553): 0 -> 1
Cell (virus_3433785,host_294653): 0 -> 1
Cell (virus_3433785,host_59463): 0 -> 1
Cell (virus_3433785,host_109480): 0 -> 1
Cell (virus_3433785,host_1633875): 0 -> 1
Cell (virus_3433785,host_2528591): 0 -> 1
Cell (virus_3433785,host_51298): 0 -> 1
Cell (virus_3433785,host_225399): 0 -> 1
Cell (virus_3433785,host_392004): 0 -> 1
Cell (virus_3433785,host_392318): 0 -> 1
Cell (virus_3433785,host_187014): 0 -> 1
Cell (virus_3433785,host_526407): 0 -> 1
Cell (virus_3433785,host_1911917): 0 -> 1
Cell (virus_3433785,host_452654): 0 -> 1
Cell (virus_3433785,host_587652): 0 -> 1
Cell (virus_3433785,host_225400): 0 -> 1
Cell (virus_3433785,host_385037): 0 -> 1
Cell (virus_3433785,host_155035): 0 -> 1
Cell (virus_3433785,host_258925): 0 -> 1
Cell (virus_3433785,host_177185): 0 -> 1
Cell (virus_3433785,host_159858): 0 -> 1
Cell (virus_3433785,host_376555): 0 -> 1
Cell (virus_3433785,host_196296): 0 -> 1
Cell (virus_3433785,host_196889): 0 -> 1
Cell (virus_3433785,host_337452): 0 -> 1
Cell (virus_3433785,host_76837): 0 -> 1
Cell (virus_3433785,host_320431): 0 -> 1
Cell (virus_3433785,host_196297): 0 -> 1
Cell (virus_3433785,host_9402): 0 -> 1
Cell (virus_3433785,host_9403): 0 -> 1
Cell (virus_3433785,host_58057): 0 -> 1
Cell (virus_3433785,host_1898389): 0 -> 1
Cell (virus_3433785,host_372077): 0 -> 1
Cell (virus_3433785,host_903567): 0 -> 1
Cell (virus_3433785,host_58067): 0 -> 1
Cell (virus_3433785,host_448084): 0 -> 1
Cell (virus_3433785,host_58071): 0 -> 1
Cell (virus_3433785,host_58073): 0 -> 1
Cell (virus_3433785,host_1898393): 0 -> 1
Cell (virus_3433785,host_77223): 0 -> 1
Cell (virus_3433785,host_58063): 0 -> 1
Cell (virus_3433785,host_9400): 0 -> 1
Cell (virus_3433785,host_298110): 0 -> 1
Cell (virus_3433785,host_374419): 0 -> 1
Cell (virus_3433785,host_326081): 0 -> 1
Cell (virus_3433785,host_326083): 0 -> 1
Cell (virus_3433785,host_1381355): 0 -> 1
Cell (virus_3433785,host_187003): 0 -> 1
Cell (virus_3433785,host_94956): 0 -> 1
Cell (virus_3433785,host_138695): 0 -> 1
Cell (virus_3433785,host_208969): 0 -> 1
Cell (virus_3433785,host_27663): 0 -> 1
Cell (virus_3433785,host_574064): 0 -> 1
Cell (virus_3433785,host_27660): 0 -> 1
Cell (virus_3433785,host_27638): 0 -> 1
Cell (virus_3433785,host_2994998): 0 -> 1
Cell (virus_3433785,host_409031): 0 -> 1
Cell (virus_3433785,host_89673): 0 -> 1
Cell (virus_3433785,host_148061): 0 -> 1
Cell (virus_3433785,host_94961): 0 -> 1
Cell (virus_3433785,host_1434095): 0 -> 1
Cell (virus_3433785,host_221086): 0 -> 1
Cell (virus_3433785,host_221087): 0 -> 1
Cell (virus_3433785,host_187007): 0 -> 1
Cell (virus_3433785,host_438766): 0 -> 1
Cell (virus_3433785,host_258934): 0 -> 1
Cell (virus_3433785,host_479723): 0 -> 1
Cell (virus_3433785,host_3041509): 0 -> 1
Cell (virus_3433785,host_2218597): 0 -> 1
Cell (virus_3433785,host_242384): 0 -> 1
Cell (virus_3433785,host_452595): 0 -> 1
Cell (virus_3433785,host_3370289): 0 -> 1
Cell (virus_3433785,host_9438): 0 -> 1
Cell (virus_3433785,host_153297): 0 -> 1
Cell (virus_3433785,host_249034): 0 -> 1
Cell (virus_3433785,host_249033): 0 -> 1
Cell (virus_3433785,host_258930): 0 -> 1
Cell (virus_3433785,host_258909): 0 -> 1
Cell (virus_3433785,host_909369): 0 -> 1
Cell (virus_3433785,host_2969767): 0 -> 1
Cell (virus_3433785,host_3371014): 0 -> 1
Cell (virus_3433785,host_3371016): 0 -> 1
Cell (virus_3433785,host_143942): 0 -> 1
Cell (virus_3433785,host_258889): 0 -> 1
Cell (virus_2971263,host_105295): 0 -> 1
Cell (virus_2971263,host_258946): 0 -> 1
Cell (virus_2971263,host_187011): 0 -> 1
Cell (virus_2971263,host_375553): 0 -> 1
Cell (virus_2971263,host_294653): 0 -> 1
Cell (virus_2971263,host_59463): 0 -> 1
Cell (virus_2971263,host_109480): 0 -> 1
Cell (virus_2971263,host_1633875): 0 -> 1
Cell (virus_2971263,host_2528591): 0 -> 1
Cell (virus_2971263,host_51298): 0 -> 1
Cell (virus_2971263,host_225399): 0 -> 1
Cell (virus_2971263,host_392004): 0 -> 1
Cell (virus_2971263,host_392318): 0 -> 1
Cell (virus_2971263,host_187014): 0 -> 1
Cell (virus_2971263,host_526407): 0 -> 1
Cell (virus_2971263,host_1911917): 0 -> 1
Cell (virus_2971263,host_452654): 0 -> 1
Cell (virus_2971263,host_587652): 0 -> 1
Cell (virus_2971263,host_225400): 0 -> 1
Cell (virus_2971263,host_385037): 0 -> 1
Cell (virus_2971263,host_155035): 0 -> 1
Cell (virus_2971263,host_258925): 0 -> 1
Cell (virus_2971263,host_177185): 0 -> 1
Cell (virus_2971263,host_159858): 0 -> 1
Cell (virus_2971263,host_376555): 0 -> 1
Cell (virus_2971263,host_196296): 0 -> 1
Cell (virus_2971263,host_196889): 0 -> 1
Cell (virus_2971263,host_337452): 0 -> 1
Cell (virus_2971263,host_76837): 0 -> 1
Cell (virus_2971263,host_320431): 0 -> 1
Cell (virus_2971263,host_196297): 0 -> 1
Cell (virus_2971263,host_9402): 0 -> 1
Cell (virus_2971263,host_9403): 0 -> 1
Cell (virus_2971263,host_58057): 0 -> 1
Cell (virus_2971263,host_1898389): 0 -> 1
Cell (virus_2971263,host_372077): 0 -> 1
Cell (virus_2971263,host_903567): 0 -> 1
Cell (virus_2971263,host_58067): 0 -> 1
Cell (virus_2971263,host_448084): 0 -> 1
Cell (virus_2971263,host_58071): 0 -> 1
Cell (virus_2971263,host_58073): 0 -> 1
Cell (virus_2971263,host_1898393): 0 -> 1
Cell (virus_2971263,host_77223): 0 -> 1
Cell (virus_2971263,host_58063): 0 -> 1
Cell (virus_2971263,host_9400): 0 -> 1
Cell (virus_2971263,host_298110): 0 -> 1
Cell (virus_2971263,host_374419): 0 -> 1
Cell (virus_2971263,host_326081): 0 -> 1
Cell (virus_2971263,host_326083): 0 -> 1
Cell (virus_2971263,host_1381355): 0 -> 1
Cell (virus_2971263,host_187003): 0 -> 1
Cell (virus_2971263,host_94956): 0 -> 1
Cell (virus_2971263,host_138695): 0 -> 1
Cell (virus_2971263,host_208969): 0 -> 1
Cell (virus_2971263,host_27663): 0 -> 1
Cell (virus_2971263,host_574064): 0 -> 1
Cell (virus_2971263,host_27660): 0 -> 1
Cell (virus_2971263,host_27638): 0 -> 1
Cell (virus_2971263,host_2994998): 0 -> 1
Cell (virus_2971263,host_409031): 0 -> 1
Cell (virus_2971263,host_89673): 0 -> 1
Cell (virus_2971263,host_148061): 0 -> 1
Cell (virus_2971263,host_94961): 0 -> 1
Cell (virus_2971263,host_1434095): 0 -> 1
Cell (virus_2971263,host_221086): 0 -> 1
Cell (virus_2971263,host_221087): 0 -> 1
Cell (virus_2971263,host_187007): 0 -> 1
Cell (virus_2971263,host_438766): 0 -> 1
Cell (virus_2971263,host_258934): 0 -> 1
Cell (virus_2971263,host_479723): 0 -> 1
Cell (virus_2971263,host_3041509): 0 -> 1
Cell (virus_2971263,host_2218597): 0 -> 1
Cell (virus_2971263,host_242384): 0 -> 1
Cell (virus_2971263,host_452595): 0 -> 1
Cell (virus_2971263,host_3370289): 0 -> 1
Cell (virus_2971263,host_9438): 0 -> 1
Cell (virus_2971263,host_153297): 0 -> 1
Cell (virus_2971263,host_249034): 0 -> 1
Cell (virus_2971263,host_249033): 0 -> 1
Cell (virus_2971263,host_258930): 0 -> 1
Cell (virus_2971263,host_258909): 0 -> 1
Cell (virus_2971263,host_909369): 0 -> 1
Cell (virus_2971263,host_2969767): 0 -> 1
Cell (virus_2971263,host_3371014): 0 -> 1
Cell (virus_2971263,host_3371016): 0 -> 1
Cell (virus_2971263,host_143942): 0 -> 1
Cell (virus_2971263,host_258889): 0 -> 1
Cell (virus_3433786,host_105295): 0 -> 1
Cell (virus_3433786,host_258946): 0 -> 1
Cell (virus_3433786,host_187011): 0 -> 1
Cell (virus_3433786,host_375553): 0 -> 1
Cell (virus_3433786,host_294653): 0 -> 1
Cell (virus_3433786,host_59463): 0 -> 1
Cell (virus_3433786,host_109480): 0 -> 1
Cell (virus_3433786,host_1633875): 0 -> 1
Cell (virus_3433786,host_2528591): 0 -> 1
Cell (virus_3433786,host_51298): 0 -> 1
Cell (virus_3433786,host_225399): 0 -> 1
Cell (virus_3433786,host_392004): 0 -> 1
Cell (virus_3433786,host_392318): 0 -> 1
Cell (virus_3433786,host_187014): 0 -> 1
Cell (virus_3433786,host_526407): 0 -> 1
Cell (virus_3433786,host_1911917): 0 -> 1
Cell (virus_3433786,host_452654): 0 -> 1
Cell (virus_3433786,host_587652): 0 -> 1
Cell (virus_3433786,host_225400): 0 -> 1
Cell (virus_3433786,host_385037): 0 -> 1
Cell (virus_3433786,host_155035): 0 -> 1
Cell (virus_3433786,host_258925): 0 -> 1
Cell (virus_3433786,host_177185): 0 -> 1
Cell (virus_3433786,host_159858): 0 -> 1
Cell (virus_3433786,host_376555): 0 -> 1
Cell (virus_3433786,host_196296): 0 -> 1
Cell (virus_3433786,host_196889): 0 -> 1
Cell (virus_3433786,host_337452): 0 -> 1
Cell (virus_3433786,host_76837): 0 -> 1
Cell (virus_3433786,host_320431): 0 -> 1
Cell (virus_3433786,host_196297): 0 -> 1
Cell (virus_3433786,host_9402): 0 -> 1
Cell (virus_3433786,host_9403): 0 -> 1
Cell (virus_3433786,host_58057): 0 -> 1
Cell (virus_3433786,host_1898389): 0 -> 1
Cell (virus_3433786,host_372077): 0 -> 1
Cell (virus_3433786,host_903567): 0 -> 1
Cell (virus_3433786,host_58067): 0 -> 1
Cell (virus_3433786,host_448084): 0 -> 1
Cell (virus_3433786,host_58071): 0 -> 1
Cell (virus_3433786,host_58073): 0 -> 1
Cell (virus_3433786,host_1898393): 0 -> 1
Cell (virus_3433786,host_77223): 0 -> 1
Cell (virus_3433786,host_58063): 0 -> 1
Cell (virus_3433786,host_9400): 0 -> 1
Cell (virus_3433786,host_298110): 0 -> 1
Cell (virus_3433786,host_374419): 0 -> 1
Cell (virus_3433786,host_326081): 0 -> 1
Cell (virus_3433786,host_326083): 0 -> 1
Cell (virus_3433786,host_1381355): 0 -> 1
Cell (virus_3433786,host_187003): 0 -> 1
Cell (virus_3433786,host_94956): 0 -> 1
Cell (virus_3433786,host_138695): 0 -> 1
Cell (virus_3433786,host_208969): 0 -> 1
Cell (virus_3433786,host_27663): 0 -> 1
Cell (virus_3433786,host_574064): 0 -> 1
Cell (virus_3433786,host_27660): 0 -> 1
Cell (virus_3433786,host_27638): 0 -> 1
Cell (virus_3433786,host_2994998): 0 -> 1
Cell (virus_3433786,host_409031): 0 -> 1
Cell (virus_3433786,host_89673): 0 -> 1
Cell (virus_3433786,host_148061): 0 -> 1
Cell (virus_3433786,host_94961): 0 -> 1
Cell (virus_3433786,host_1434095): 0 -> 1
Cell (virus_3433786,host_221086): 0 -> 1
Cell (virus_3433786,host_221087): 0 -> 1
Cell (virus_3433786,host_187007): 0 -> 1
Cell (virus_3433786,host_438766): 0 -> 1
Cell (virus_3433786,host_258934): 0 -> 1
Cell (virus_3433786,host_479723): 0 -> 1
Cell (virus_3433786,host_3041509): 0 -> 1
Cell (virus_3433786,host_2218597): 0 -> 1
Cell (virus_3433786,host_242384): 0 -> 1
Cell (virus_3433786,host_452595): 0 -> 1
Cell (virus_3433786,host_3370289): 0 -> 1
Cell (virus_3433786,host_9438): 0 -> 1
Cell (virus_3433786,host_153297): 0 -> 1
Cell (virus_3433786,host_249034): 0 -> 1
Cell (virus_3433786,host_249033): 0 -> 1
Cell (virus_3433786,host_258930): 0 -> 1
Cell (virus_3433786,host_258909): 0 -> 1
Cell (virus_3433786,host_909369): 0 -> 1
Cell (virus_3433786,host_2969767): 0 -> 1
Cell (virus_3433786,host_3371014): 0 -> 1
Cell (virus_3433786,host_3371016): 0 -> 1
Cell (virus_3433786,host_143942): 0 -> 1
Cell (virus_3433786,host_258889): 0 -> 1
Cell (virus_2989482,host_105295): 0 -> 1
Cell (virus_2989482,host_258946): 0 -> 1
Cell (virus_2989482,host_187011): 0 -> 1
Cell (virus_2989482,host_375553): 0 -> 1
Cell (virus_2989482,host_294653): 0 -> 1
Cell (virus_2989482,host_59463): 0 -> 1
Cell (virus_2989482,host_109480): 0 -> 1
Cell (virus_2989482,host_1633875): 0 -> 1
Cell (virus_2989482,host_2528591): 0 -> 1
Cell (virus_2989482,host_51298): 0 -> 1
Cell (virus_2989482,host_225399): 0 -> 1
Cell (virus_2989482,host_392004): 0 -> 1
Cell (virus_2989482,host_392318): 0 -> 1
Cell (virus_2989482,host_187014): 0 -> 1
Cell (virus_2989482,host_526407): 0 -> 1
Cell (virus_2989482,host_1911917): 0 -> 1
Cell (virus_2989482,host_452654): 0 -> 1
Cell (virus_2989482,host_587652): 0 -> 1
Cell (virus_2989482,host_225400): 0 -> 1
Cell (virus_2989482,host_385037): 0 -> 1
Cell (virus_2989482,host_155035): 0 -> 1
Cell (virus_2989482,host_258925): 0 -> 1
Cell (virus_2989482,host_177185): 0 -> 1
Cell (virus_2989482,host_159858): 0 -> 1
Cell (virus_2989482,host_376555): 0 -> 1
Cell (virus_2989482,host_196296): 0 -> 1
Cell (virus_2989482,host_196889): 0 -> 1
Cell (virus_2989482,host_337452): 0 -> 1
Cell (virus_2989482,host_76837): 0 -> 1
Cell (virus_2989482,host_320431): 0 -> 1
Cell (virus_2989482,host_196297): 0 -> 1
Cell (virus_2989482,host_9402): 0 -> 1
Cell (virus_2989482,host_9403): 0 -> 1
Cell (virus_2989482,host_58057): 0 -> 1
Cell (virus_2989482,host_1898389): 0 -> 1
Cell (virus_2989482,host_372077): 0 -> 1
Cell (virus_2989482,host_903567): 0 -> 1
Cell (virus_2989482,host_58067): 0 -> 1
Cell (virus_2989482,host_448084): 0 -> 1
Cell (virus_2989482,host_58071): 0 -> 1
Cell (virus_2989482,host_58073): 0 -> 1
Cell (virus_2989482,host_1898393): 0 -> 1
Cell (virus_2989482,host_77223): 0 -> 1
Cell (virus_2989482,host_58063): 0 -> 1
Cell (virus_2989482,host_298110): 0 -> 1
Cell (virus_2989482,host_374419): 0 -> 1
Cell (virus_2989482,host_326081): 0 -> 1
Cell (virus_2989482,host_326083): 0 -> 1
Cell (virus_2989482,host_1381355): 0 -> 1
Cell (virus_2989482,host_187003): 0 -> 1
Cell (virus_2989482,host_94956): 0 -> 1
Cell (virus_2989482,host_138695): 0 -> 1
Cell (virus_2989482,host_208969): 0 -> 1
Cell (virus_2989482,host_27663): 0 -> 1
Cell (virus_2989482,host_574064): 0 -> 1
Cell (virus_2989482,host_27660): 0 -> 1
Cell (virus_2989482,host_27638): 0 -> 1
Cell (virus_2989482,host_2994998): 0 -> 1
Cell (virus_2989482,host_409031): 0 -> 1
Cell (virus_2989482,host_89673): 0 -> 1
Cell (virus_2989482,host_148061): 0 -> 1
Cell (virus_2989482,host_94961): 0 -> 1
Cell (virus_2989482,host_1434095): 0 -> 1
Cell (virus_2989482,host_221086): 0 -> 1
Cell (virus_2989482,host_221087): 0 -> 1
Cell (virus_2989482,host_187007): 0 -> 1
Cell (virus_2989482,host_438766): 0 -> 1
Cell (virus_2989482,host_258934): 0 -> 1
Cell (virus_2989482,host_479723): 0 -> 1
Cell (virus_2989482,host_3041509): 0 -> 1
Cell (virus_2989482,host_2218597): 0 -> 1
Cell (virus_2989482,host_242384): 0 -> 1
Cell (virus_2989482,host_452595): 0 -> 1
Cell (virus_2989482,host_3370289): 0 -> 1
Cell (virus_2989482,host_9438): 0 -> 1
Cell (virus_2989482,host_153297): 0 -> 1
Cell (virus_2989482,host_249034): 0 -> 1
Cell (virus_2989482,host_249033): 0 -> 1
Cell (virus_2989482,host_258930): 0 -> 1
Cell (virus_2989482,host_258909): 0 -> 1
Cell (virus_2989482,host_909369): 0 -> 1
Cell (virus_2989482,host_2969767): 0 -> 1
Cell (virus_2989482,host_3371014): 0 -> 1
Cell (virus_2989482,host_3371016): 0 -> 1
Cell (virus_2989482,host_143942): 0 -> 1
Cell (virus_2989482,host_258889): 0 -> 1
Cell (virus_3433784,host_105295): 0 -> 1
Cell (virus_3433784,host_258946): 0 -> 1
Cell (virus_3433784,host_187011): 0 -> 1
Cell (virus_3433784,host_375553): 0 -> 1
Cell (virus_3433784,host_294653): 0 -> 1
Cell (virus_3433784,host_59463): 0 -> 1
Cell (virus_3433784,host_109480): 0 -> 1
Cell (virus_3433784,host_1633875): 0 -> 1
Cell (virus_3433784,host_2528591): 0 -> 1
Cell (virus_3433784,host_51298): 0 -> 1
Cell (virus_3433784,host_225399): 0 -> 1
Cell (virus_3433784,host_392004): 0 -> 1
Cell (virus_3433784,host_392318): 0 -> 1
Cell (virus_3433784,host_187014): 0 -> 1
Cell (virus_3433784,host_526407): 0 -> 1
Cell (virus_3433784,host_1911917): 0 -> 1
Cell (virus_3433784,host_452654): 0 -> 1
Cell (virus_3433784,host_587652): 0 -> 1
Cell (virus_3433784,host_225400): 0 -> 1
Cell (virus_3433784,host_385037): 0 -> 1
Cell (virus_3433784,host_155035): 0 -> 1
Cell (virus_3433784,host_258925): 0 -> 1
Cell (virus_3433784,host_177185): 0 -> 1
Cell (virus_3433784,host_159858): 0 -> 1
Cell (virus_3433784,host_376555): 0 -> 1
Cell (virus_3433784,host_196296): 0 -> 1
Cell (virus_3433784,host_196889): 0 -> 1
Cell (virus_3433784,host_337452): 0 -> 1
Cell (virus_3433784,host_76837): 0 -> 1
Cell (virus_3433784,host_320431): 0 -> 1
Cell (virus_3433784,host_196297): 0 -> 1
Cell (virus_3433784,host_9402): 0 -> 1
Cell (virus_3433784,host_58057): 0 -> 1
Cell (virus_3433784,host_1898389): 0 -> 1
Cell (virus_3433784,host_372077): 0 -> 1
Cell (virus_3433784,host_903567): 0 -> 1
Cell (virus_3433784,host_58067): 0 -> 1
Cell (virus_3433784,host_448084): 0 -> 1
Cell (virus_3433784,host_58071): 0 -> 1
Cell (virus_3433784,host_58073): 0 -> 1
Cell (virus_3433784,host_1898393): 0 -> 1
Cell (virus_3433784,host_77223): 0 -> 1
Cell (virus_3433784,host_58063): 0 -> 1
Cell (virus_3433784,host_9400): 0 -> 1
Cell (virus_3433784,host_298110): 0 -> 1
Cell (virus_3433784,host_374419): 0 -> 1
Cell (virus_3433784,host_326081): 0 -> 1
Cell (virus_3433784,host_326083): 0 -> 1
Cell (virus_3433784,host_1381355): 0 -> 1
Cell (virus_3433784,host_187003): 0 -> 1
Cell (virus_3433784,host_94956): 0 -> 1
Cell (virus_3433784,host_138695): 0 -> 1
Cell (virus_3433784,host_208969): 0 -> 1
Cell (virus_3433784,host_27663): 0 -> 1
Cell (virus_3433784,host_574064): 0 -> 1
Cell (virus_3433784,host_27660): 0 -> 1
Cell (virus_3433784,host_27638): 0 -> 1
Cell (virus_3433784,host_2994998): 0 -> 1
Cell (virus_3433784,host_409031): 0 -> 1
Cell (virus_3433784,host_89673): 0 -> 1
Cell (virus_3433784,host_148061): 0 -> 1
Cell (virus_3433784,host_94961): 0 -> 1
Cell (virus_3433784,host_1434095): 0 -> 1
Cell (virus_3433784,host_221086): 0 -> 1
Cell (virus_3433784,host_221087): 0 -> 1
Cell (virus_3433784,host_187007): 0 -> 1
Cell (virus_3433784,host_438766): 0 -> 1
Cell (virus_3433784,host_258934): 0 -> 1
Cell (virus_3433784,host_479723): 0 -> 1
Cell (virus_3433784,host_3041509): 0 -> 1
Cell (virus_3433784,host_2218597): 0 -> 1
Cell (virus_3433784,host_242384): 0 -> 1
Cell (virus_3433784,host_452595): 0 -> 1
Cell (virus_3433784,host_3370289): 0 -> 1
Cell (virus_3433784,host_9438): 0 -> 1
Cell (virus_3433784,host_153297): 0 -> 1
Cell (virus_3433784,host_249034): 0 -> 1
Cell (virus_3433784,host_249033): 0 -> 1
Cell (virus_3433784,host_258930): 0 -> 1
Cell (virus_3433784,host_258909): 0 -> 1
Cell (virus_3433784,host_909369): 0 -> 1
Cell (virus_3433784,host_2969767): 0 -> 1
Cell (virus_3433784,host_3371014): 0 -> 1
Cell (virus_3433784,host_3371016): 0 -> 1
Cell (virus_3433784,host_143942): 0 -> 1
Cell (virus_3433784,host_258889): 0 -> 1
Cell (virus_2691588,host_105295): 0 -> 1
Cell (virus_2691588,host_258946): 0 -> 1
Cell (virus_2691588,host_187011): 0 -> 1
Cell (virus_2691588,host_375553): 0 -> 1
Cell (virus_2691588,host_294653): 0 -> 1
Cell (virus_2691588,host_59463): 0 -> 1
Cell (virus_2691588,host_109480): 0 -> 1
Cell (virus_2691588,host_1633875): 0 -> 1
Cell (virus_2691588,host_2528591): 0 -> 1
Cell (virus_2691588,host_51298): 0 -> 1
Cell (virus_2691588,host_225399): 0 -> 1
Cell (virus_2691588,host_392004): 0 -> 1
Cell (virus_2691588,host_392318): 0 -> 1
Cell (virus_2691588,host_187014): 0 -> 1
Cell (virus_2691588,host_526407): 0 -> 1
Cell (virus_2691588,host_1911917): 0 -> 1
Cell (virus_2691588,host_452654): 0 -> 1
Cell (virus_2691588,host_587652): 0 -> 1
Cell (virus_2691588,host_225400): 0 -> 1
Cell (virus_2691588,host_385037): 0 -> 1
Cell (virus_2691588,host_155035): 0 -> 1
Cell (virus_2691588,host_258925): 0 -> 1
Cell (virus_2691588,host_177185): 0 -> 1
Cell (virus_2691588,host_159858): 0 -> 1
Cell (virus_2691588,host_376555): 0 -> 1
Cell (virus_2691588,host_196296): 0 -> 1
Cell (virus_2691588,host_196889): 0 -> 1
Cell (virus_2691588,host_337452): 0 -> 1
Cell (virus_2691588,host_76837): 0 -> 1
Cell (virus_2691588,host_196297): 0 -> 1
Cell (virus_2691588,host_9402): 0 -> 1
Cell (virus_2691588,host_9403): 0 -> 1
Cell (virus_2691588,host_58057): 0 -> 1
Cell (virus_2691588,host_1898389): 0 -> 1
Cell (virus_2691588,host_372077): 0 -> 1
Cell (virus_2691588,host_903567): 0 -> 1
Cell (virus_2691588,host_58067): 0 -> 1
Cell (virus_2691588,host_448084): 0 -> 1
Cell (virus_2691588,host_58071): 0 -> 1
Cell (virus_2691588,host_58073): 0 -> 1
Cell (virus_2691588,host_1898393): 0 -> 1
Cell (virus_2691588,host_77223): 0 -> 1
Cell (virus_2691588,host_58063): 0 -> 1
Cell (virus_2691588,host_298110): 0 -> 1
Cell (virus_2691588,host_374419): 0 -> 1
Cell (virus_2691588,host_326081): 0 -> 1
Cell (virus_2691588,host_326083): 0 -> 1
Cell (virus_2691588,host_1381355): 0 -> 1
Cell (virus_2691588,host_187003): 0 -> 1
Cell (virus_2691588,host_138695): 0 -> 1
Cell (virus_2691588,host_208969): 0 -> 1
Cell (virus_2691588,host_27663): 0 -> 1
Cell (virus_2691588,host_574064): 0 -> 1
Cell (virus_2691588,host_27660): 0 -> 1
Cell (virus_2691588,host_27638): 0 -> 1
Cell (virus_2691588,host_2994998): 0 -> 1
Cell (virus_2691588,host_409031): 0 -> 1
Cell (virus_2691588,host_89673): 0 -> 1
Cell (virus_2691588,host_1434095): 0 -> 1
Cell (virus_2691588,host_221086): 0 -> 1
Cell (virus_2691588,host_221087): 0 -> 1
Cell (virus_2691588,host_187007): 0 -> 1
Cell (virus_2691588,host_438766): 0 -> 1
Cell (virus_2691588,host_258934): 0 -> 1
Cell (virus_2691588,host_479723): 0 -> 1
Cell (virus_2691588,host_3041509): 0 -> 1
Cell (virus_2691588,host_242384): 0 -> 1
Cell (virus_2691588,host_452595): 0 -> 1
Cell (virus_2691588,host_3370289): 0 -> 1
Cell (virus_2691588,host_9438): 0 -> 1
Cell (virus_2691588,host_153297): 0 -> 1
Cell (virus_2691588,host_249034): 0 -> 1
Cell (virus_2691588,host_249033): 0 -> 1
Cell (virus_2691588,host_258930): 0 -> 1
Cell (virus_2691588,host_258909): 0 -> 1
Cell (virus_2691588,host_909369): 0 -> 1
Cell (virus_2691588,host_2969767): 0 -> 1
Cell (virus_2691588,host_3371014): 0 -> 1
Cell (virus_2691588,host_3371016): 0 -> 1
Cell (virus_2691588,host_143942): 0 -> 1
Cell (virus_2691588,host_258889): 0 -> 1
Cell (virus_3433780,host_105295): 0 -> 1
Cell (virus_3433780,host_258946): 0 -> 1
Cell (virus_3433780,host_187011): 0 -> 1
Cell (virus_3433780,host_375553): 0 -> 1
Cell (virus_3433780,host_294653): 0 -> 1
Cell (virus_3433780,host_59463): 0 -> 1
Cell (virus_3433780,host_109480): 0 -> 1
Cell (virus_3433780,host_1633875): 0 -> 1
Cell (virus_3433780,host_2528591): 0 -> 1
Cell (virus_3433780,host_51298): 0 -> 1
Cell (virus_3433780,host_225399): 0 -> 1
Cell (virus_3433780,host_392004): 0 -> 1
Cell (virus_3433780,host_392318): 0 -> 1
Cell (virus_3433780,host_187014): 0 -> 1
Cell (virus_3433780,host_526407): 0 -> 1
Cell (virus_3433780,host_1911917): 0 -> 1
Cell (virus_3433780,host_452654): 0 -> 1
Cell (virus_3433780,host_587652): 0 -> 1
Cell (virus_3433780,host_225400): 0 -> 1
Cell (virus_3433780,host_385037): 0 -> 1
Cell (virus_3433780,host_155035): 0 -> 1
Cell (virus_3433780,host_258925): 0 -> 1
Cell (virus_3433780,host_177185): 0 -> 1
Cell (virus_3433780,host_159858): 0 -> 1
Cell (virus_3433780,host_376555): 0 -> 1
Cell (virus_3433780,host_196296): 0 -> 1
Cell (virus_3433780,host_196889): 0 -> 1
Cell (virus_3433780,host_337452): 0 -> 1
Cell (virus_3433780,host_76837): 0 -> 1
Cell (virus_3433780,host_196297): 0 -> 1
Cell (virus_3433780,host_9402): 0 -> 1
Cell (virus_3433780,host_9403): 0 -> 1
Cell (virus_3433780,host_58057): 0 -> 1
Cell (virus_3433780,host_1898389): 0 -> 1
Cell (virus_3433780,host_372077): 0 -> 1
Cell (virus_3433780,host_903567): 0 -> 1
Cell (virus_3433780,host_58067): 0 -> 1
Cell (virus_3433780,host_448084): 0 -> 1
Cell (virus_3433780,host_58071): 0 -> 1
Cell (virus_3433780,host_58073): 0 -> 1
Cell (virus_3433780,host_1898393): 0 -> 1
Cell (virus_3433780,host_77223): 0 -> 1
Cell (virus_3433780,host_58063): 0 -> 1
Cell (virus_3433780,host_298110): 0 -> 1
Cell (virus_3433780,host_374419): 0 -> 1
Cell (virus_3433780,host_326081): 0 -> 1
Cell (virus_3433780,host_326083): 0 -> 1
Cell (virus_3433780,host_1381355): 0 -> 1
Cell (virus_3433780,host_187003): 0 -> 1
Cell (virus_3433780,host_138695): 0 -> 1
Cell (virus_3433780,host_208969): 0 -> 1
Cell (virus_3433780,host_27663): 0 -> 1
Cell (virus_3433780,host_574064): 0 -> 1
Cell (virus_3433780,host_27660): 0 -> 1
Cell (virus_3433780,host_27638): 0 -> 1
Cell (virus_3433780,host_2994998): 0 -> 1
Cell (virus_3433780,host_409031): 0 -> 1
Cell (virus_3433780,host_89673): 0 -> 1
Cell (virus_3433780,host_1434095): 0 -> 1
Cell (virus_3433780,host_221086): 0 -> 1
Cell (virus_3433780,host_221087): 0 -> 1
Cell (virus_3433780,host_187007): 0 -> 1
Cell (virus_3433780,host_438766): 0 -> 1
Cell (virus_3433780,host_258934): 0 -> 1
Cell (virus_3433780,host_479723): 0 -> 1
Cell (virus_3433780,host_3041509): 0 -> 1
Cell (virus_3433780,host_242384): 0 -> 1
Cell (virus_3433780,host_452595): 0 -> 1
Cell (virus_3433780,host_3370289): 0 -> 1
Cell (virus_3433780,host_9438): 0 -> 1
Cell (virus_3433780,host_153297): 0 -> 1
Cell (virus_3433780,host_249034): 0 -> 1
Cell (virus_3433780,host_249033): 0 -> 1
Cell (virus_3433780,host_258930): 0 -> 1
Cell (virus_3433780,host_258909): 0 -> 1
Cell (virus_3433780,host_909369): 0 -> 1
Cell (virus_3433780,host_2969767): 0 -> 1
Cell (virus_3433780,host_3371014): 0 -> 1
Cell (virus_3433780,host_3371016): 0 -> 1
Cell (virus_3433780,host_143942): 0 -> 1
Cell (virus_3433780,host_258889): 0 -> 1
Cell (virus_694000,host_105295): 0 -> 1
Cell (virus_694000,host_258946): 0 -> 1
Cell (virus_694000,host_187011): 0 -> 1
Cell (virus_694000,host_375553): 0 -> 1
Cell (virus_694000,host_294653): 0 -> 1
Cell (virus_694000,host_59463): 0 -> 1
Cell (virus_694000,host_109480): 0 -> 1
Cell (virus_694000,host_1633875): 0 -> 1
Cell (virus_694000,host_2528591): 0 -> 1
Cell (virus_694000,host_51298): 0 -> 1
Cell (virus_694000,host_225399): 0 -> 1
Cell (virus_694000,host_392004): 0 -> 1
Cell (virus_694000,host_392318): 0 -> 1
Cell (virus_694000,host_187014): 0 -> 1
Cell (virus_694000,host_526407): 0 -> 1
Cell (virus_694000,host_1911917): 0 -> 1
Cell (virus_694000,host_452654): 0 -> 1
Cell (virus_694000,host_587652): 0 -> 1
Cell (virus_694000,host_225400): 0 -> 1
Cell (virus_694000,host_385037): 0 -> 1
Cell (virus_694000,host_155035): 0 -> 1
Cell (virus_694000,host_258925): 0 -> 1
Cell (virus_694000,host_177185): 0 -> 1
Cell (virus_694000,host_159858): 0 -> 1
Cell (virus_694000,host_376555): 0 -> 1
Cell (virus_694000,host_196296): 0 -> 1
Cell (virus_694000,host_196889): 0 -> 1
Cell (virus_694000,host_337452): 0 -> 1
Cell (virus_694000,host_76837): 0 -> 1
Cell (virus_694000,host_196297): 0 -> 1
Cell (virus_694000,host_9402): 0 -> 1
Cell (virus_694000,host_9403): 0 -> 1
Cell (virus_694000,host_58057): 0 -> 1
Cell (virus_694000,host_1898389): 0 -> 1
Cell (virus_694000,host_372077): 0 -> 1
Cell (virus_694000,host_903567): 0 -> 1
Cell (virus_694000,host_58067): 0 -> 1
Cell (virus_694000,host_448084): 0 -> 1
Cell (virus_694000,host_58071): 0 -> 1
Cell (virus_694000,host_58073): 0 -> 1
Cell (virus_694000,host_1898393): 0 -> 1
Cell (virus_694000,host_77223): 0 -> 1
Cell (virus_694000,host_58063): 0 -> 1
Cell (virus_694000,host_298110): 0 -> 1
Cell (virus_694000,host_374419): 0 -> 1
Cell (virus_694000,host_326081): 0 -> 1
Cell (virus_694000,host_326083): 0 -> 1
Cell (virus_694000,host_1381355): 0 -> 1
Cell (virus_694000,host_187003): 0 -> 1
Cell (virus_694000,host_138695): 0 -> 1
Cell (virus_694000,host_208969): 0 -> 1
Cell (virus_694000,host_27663): 0 -> 1
Cell (virus_694000,host_574064): 0 -> 1
Cell (virus_694000,host_27660): 0 -> 1
Cell (virus_694000,host_27638): 0 -> 1
Cell (virus_694000,host_2994998): 0 -> 1
Cell (virus_694000,host_409031): 0 -> 1
Cell (virus_694000,host_89673): 0 -> 1
Cell (virus_694000,host_1434095): 0 -> 1
Cell (virus_694000,host_221086): 0 -> 1
Cell (virus_694000,host_221087): 0 -> 1
Cell (virus_694000,host_187007): 0 -> 1
Cell (virus_694000,host_438766): 0 -> 1
Cell (virus_694000,host_258934): 0 -> 1
Cell (virus_694000,host_479723): 0 -> 1
Cell (virus_694000,host_3041509): 0 -> 1
Cell (virus_694000,host_242384): 0 -> 1
Cell (virus_694000,host_452595): 0 -> 1
Cell (virus_694000,host_3370289): 0 -> 1
Cell (virus_694000,host_9438): 0 -> 1
Cell (virus_694000,host_153297): 0 -> 1
Cell (virus_694000,host_249034): 0 -> 1
Cell (virus_694000,host_249033): 0 -> 1
Cell (virus_694000,host_258930): 0 -> 1
Cell (virus_694000,host_258909): 0 -> 1
Cell (virus_694000,host_909369): 0 -> 1
Cell (virus_694000,host_2969767): 0 -> 1
Cell (virus_694000,host_3371014): 0 -> 1
Cell (virus_694000,host_3371016): 0 -> 1
Cell (virus_694000,host_143942): 0 -> 1
Cell (virus_694000,host_258889): 0 -> 1
Cell (virus_3119327,host_105295): 0 -> 1
Cell (virus_3119327,host_258946): 0 -> 1
Cell (virus_3119327,host_187011): 0 -> 1
Cell (virus_3119327,host_375553): 0 -> 1
Cell (virus_3119327,host_294653): 0 -> 1
Cell (virus_3119327,host_59463): 0 -> 1
Cell (virus_3119327,host_109480): 0 -> 1
Cell (virus_3119327,host_1633875): 0 -> 1
Cell (virus_3119327,host_2528591): 0 -> 1
Cell (virus_3119327,host_51298): 0 -> 1
Cell (virus_3119327,host_225399): 0 -> 1
Cell (virus_3119327,host_392004): 0 -> 1
Cell (virus_3119327,host_392318): 0 -> 1
Cell (virus_3119327,host_187014): 0 -> 1
Cell (virus_3119327,host_526407): 0 -> 1
Cell (virus_3119327,host_1911917): 0 -> 1
Cell (virus_3119327,host_452654): 0 -> 1
Cell (virus_3119327,host_587652): 0 -> 1
Cell (virus_3119327,host_225400): 0 -> 1
Cell (virus_3119327,host_385037): 0 -> 1
Cell (virus_3119327,host_155035): 0 -> 1
Cell (virus_3119327,host_258925): 0 -> 1
Cell (virus_3119327,host_177185): 0 -> 1
Cell (virus_3119327,host_159858): 0 -> 1
Cell (virus_3119327,host_376555): 0 -> 1
Cell (virus_3119327,host_196296): 0 -> 1
Cell (virus_3119327,host_196889): 0 -> 1
Cell (virus_3119327,host_337452): 0 -> 1
Cell (virus_3119327,host_76837): 0 -> 1
Cell (virus_3119327,host_196297): 0 -> 1
Cell (virus_3119327,host_9402): 0 -> 1
Cell (virus_3119327,host_9403): 0 -> 1
Cell (virus_3119327,host_58057): 0 -> 1
Cell (virus_3119327,host_1898389): 0 -> 1
Cell (virus_3119327,host_372077): 0 -> 1
Cell (virus_3119327,host_903567): 0 -> 1
Cell (virus_3119327,host_58067): 0 -> 1
Cell (virus_3119327,host_448084): 0 -> 1
Cell (virus_3119327,host_58071): 0 -> 1
Cell (virus_3119327,host_58073): 0 -> 1
Cell (virus_3119327,host_1898393): 0 -> 1
Cell (virus_3119327,host_58063): 0 -> 1
Cell (virus_3119327,host_9400): 0 -> 1
Cell (virus_3119327,host_298110): 0 -> 1
Cell (virus_3119327,host_374419): 0 -> 1
Cell (virus_3119327,host_326081): 0 -> 1
Cell (virus_3119327,host_326083): 0 -> 1
Cell (virus_3119327,host_1381355): 0 -> 1
Cell (virus_3119327,host_187003): 0 -> 1
Cell (virus_3119327,host_138695): 0 -> 1
Cell (virus_3119327,host_208969): 0 -> 1
Cell (virus_3119327,host_27663): 0 -> 1
Cell (virus_3119327,host_574064): 0 -> 1
Cell (virus_3119327,host_27660): 0 -> 1
Cell (virus_3119327,host_27638): 0 -> 1
Cell (virus_3119327,host_2994998): 0 -> 1
Cell (virus_3119327,host_409031): 0 -> 1
Cell (virus_3119327,host_89673): 0 -> 1
Cell (virus_3119327,host_1434095): 0 -> 1
Cell (virus_3119327,host_221086): 0 -> 1
Cell (virus_3119327,host_221087): 0 -> 1
Cell (virus_3119327,host_187007): 0 -> 1
Cell (virus_3119327,host_438766): 0 -> 1
Cell (virus_3119327,host_258934): 0 -> 1
Cell (virus_3119327,host_479723): 0 -> 1
Cell (virus_3119327,host_3041509): 0 -> 1
Cell (virus_3119327,host_2218597): 0 -> 1
Cell (virus_3119327,host_242384): 0 -> 1
Cell (virus_3119327,host_452595): 0 -> 1
Cell (virus_3119327,host_3370289): 0 -> 1
Cell (virus_3119327,host_9438): 0 -> 1
Cell (virus_3119327,host_153297): 0 -> 1
Cell (virus_3119327,host_249034): 0 -> 1
Cell (virus_3119327,host_249033): 0 -> 1
Cell (virus_3119327,host_258930): 0 -> 1
Cell (virus_3119327,host_258909): 0 -> 1
Cell (virus_3119327,host_909369): 0 -> 1
Cell (virus_3119327,host_2969767): 0 -> 1
Cell (virus_3119327,host_3371014): 0 -> 1
Cell (virus_3119327,host_3371016): 0 -> 1
Cell (virus_3119327,host_143942): 0 -> 1
Cell (virus_3119327,host_258889): 0 -> 1
Cell (virus_2809631,host_105295): 0 -> 1
Cell (virus_2809631,host_258946): 0 -> 1
Cell (virus_2809631,host_187011): 0 -> 1
Cell (virus_2809631,host_375553): 0 -> 1
Cell (virus_2809631,host_294653): 0 -> 1
Cell (virus_2809631,host_59463): 0 -> 1
Cell (virus_2809631,host_109480): 0 -> 1
Cell (virus_2809631,host_1633875): 0 -> 1
Cell (virus_2809631,host_2528591): 0 -> 1
Cell (virus_2809631,host_51298): 0 -> 1
Cell (virus_2809631,host_225399): 0 -> 1
Cell (virus_2809631,host_392004): 0 -> 1
Cell (virus_2809631,host_392318): 0 -> 1
Cell (virus_2809631,host_187014): 0 -> 1
Cell (virus_2809631,host_526407): 0 -> 1
Cell (virus_2809631,host_1911917): 0 -> 1
Cell (virus_2809631,host_452654): 0 -> 1
Cell (virus_2809631,host_587652): 0 -> 1
Cell (virus_2809631,host_225400): 0 -> 1
Cell (virus_2809631,host_385037): 0 -> 1
Cell (virus_2809631,host_155035): 0 -> 1
Cell (virus_2809631,host_258925): 0 -> 1
Cell (virus_2809631,host_177185): 0 -> 1
Cell (virus_2809631,host_376555): 0 -> 1
Cell (virus_2809631,host_196296): 0 -> 1
Cell (virus_2809631,host_196889): 0 -> 1
Cell (virus_2809631,host_337452): 0 -> 1
Cell (virus_2809631,host_76837): 0 -> 1
Cell (virus_2809631,host_196297): 0 -> 1
Cell (virus_2809631,host_9402): 0 -> 1
Cell (virus_2809631,host_9403): 0 -> 1
Cell (virus_2809631,host_58057): 0 -> 1
Cell (virus_2809631,host_1898389): 0 -> 1
Cell (virus_2809631,host_372077): 0 -> 1
Cell (virus_2809631,host_58067): 0 -> 1
Cell (virus_2809631,host_448084): 0 -> 1
Cell (virus_2809631,host_58071): 0 -> 1
Cell (virus_2809631,host_58073): 0 -> 1
Cell (virus_2809631,host_1898393): 0 -> 1
Cell (virus_2809631,host_77223): 0 -> 1
Cell (virus_2809631,host_58063): 0 -> 1
Cell (virus_2809631,host_9400): 0 -> 1
Cell (virus_2809631,host_298110): 0 -> 1
Cell (virus_2809631,host_374419): 0 -> 1
Cell (virus_2809631,host_326081): 0 -> 1
Cell (virus_2809631,host_326083): 0 -> 1
Cell (virus_2809631,host_1381355): 0 -> 1
Cell (virus_2809631,host_187003): 0 -> 1
Cell (virus_2809631,host_138695): 0 -> 1
Cell (virus_2809631,host_208969): 0 -> 1
Cell (virus_2809631,host_27663): 0 -> 1
Cell (virus_2809631,host_574064): 0 -> 1
Cell (virus_2809631,host_27660): 0 -> 1
Cell (virus_2809631,host_27638): 0 -> 1
Cell (virus_2809631,host_2994998): 0 -> 1
Cell (virus_2809631,host_409031): 0 -> 1
Cell (virus_2809631,host_89673): 0 -> 1
Cell (virus_2809631,host_1434095): 0 -> 1
Cell (virus_2809631,host_221086): 0 -> 1
Cell (virus_2809631,host_221087): 0 -> 1
Cell (virus_2809631,host_187007): 0 -> 1
Cell (virus_2809631,host_438766): 0 -> 1
Cell (virus_2809631,host_258934): 0 -> 1
Cell (virus_2809631,host_479723): 0 -> 1
Cell (virus_2809631,host_3041509): 0 -> 1
Cell (virus_2809631,host_2218597): 0 -> 1
Cell (virus_2809631,host_242384): 0 -> 1
Cell (virus_2809631,host_452595): 0 -> 1
Cell (virus_2809631,host_3370289): 0 -> 1
Cell (virus_2809631,host_9438): 0 -> 1
Cell (virus_2809631,host_153297): 0 -> 1
Cell (virus_2809631,host_249034): 0 -> 1
Cell (virus_2809631,host_249033): 0 -> 1
Cell (virus_2809631,host_258930): 0 -> 1
Cell (virus_2809631,host_258909): 0 -> 1
Cell (virus_2809631,host_909369): 0 -> 1
Cell (virus_2809631,host_2969767): 0 -> 1
Cell (virus_2809631,host_3371014): 0 -> 1
Cell (virus_2809631,host_3371016): 0 -> 1
Cell (virus_2809631,host_143942): 0 -> 1
Cell (virus_2809631,host_258889): 0 -> 1
Cell (virus_3433779,host_105295): 0 -> 1
Cell (virus_3433779,host_258946): 0 -> 1
Cell (virus_3433779,host_187011): 0 -> 1
Cell (virus_3433779,host_375553): 0 -> 1
Cell (virus_3433779,host_294653): 0 -> 1
Cell (virus_3433779,host_59463): 0 -> 1
Cell (virus_3433779,host_109480): 0 -> 1
Cell (virus_3433779,host_1633875): 0 -> 1
Cell (virus_3433779,host_2528591): 0 -> 1
Cell (virus_3433779,host_51298): 0 -> 1
Cell (virus_3433779,host_225399): 0 -> 1
Cell (virus_3433779,host_392004): 0 -> 1
Cell (virus_3433779,host_392318): 0 -> 1
Cell (virus_3433779,host_187014): 0 -> 1
Cell (virus_3433779,host_526407): 0 -> 1
Cell (virus_3433779,host_1911917): 0 -> 1
Cell (virus_3433779,host_452654): 0 -> 1
Cell (virus_3433779,host_587652): 0 -> 1
Cell (virus_3433779,host_225400): 0 -> 1
Cell (virus_3433779,host_385037): 0 -> 1
Cell (virus_3433779,host_155035): 0 -> 1
Cell (virus_3433779,host_258925): 0 -> 1
Cell (virus_3433779,host_177185): 0 -> 1
Cell (virus_3433779,host_376555): 0 -> 1
Cell (virus_3433779,host_196296): 0 -> 1
Cell (virus_3433779,host_196889): 0 -> 1
Cell (virus_3433779,host_337452): 0 -> 1
Cell (virus_3433779,host_76837): 0 -> 1
Cell (virus_3433779,host_196297): 0 -> 1
Cell (virus_3433779,host_9402): 0 -> 1
Cell (virus_3433779,host_9403): 0 -> 1
Cell (virus_3433779,host_58057): 0 -> 1
Cell (virus_3433779,host_1898389): 0 -> 1
Cell (virus_3433779,host_372077): 0 -> 1
Cell (virus_3433779,host_58067): 0 -> 1
Cell (virus_3433779,host_448084): 0 -> 1
Cell (virus_3433779,host_58071): 0 -> 1
Cell (virus_3433779,host_58073): 0 -> 1
Cell (virus_3433779,host_1898393): 0 -> 1
Cell (virus_3433779,host_77223): 0 -> 1
Cell (virus_3433779,host_58063): 0 -> 1
Cell (virus_3433779,host_9400): 0 -> 1
Cell (virus_3433779,host_298110): 0 -> 1
Cell (virus_3433779,host_374419): 0 -> 1
Cell (virus_3433779,host_326081): 0 -> 1
Cell (virus_3433779,host_326083): 0 -> 1
Cell (virus_3433779,host_1381355): 0 -> 1
Cell (virus_3433779,host_187003): 0 -> 1
Cell (virus_3433779,host_138695): 0 -> 1
Cell (virus_3433779,host_208969): 0 -> 1
Cell (virus_3433779,host_27663): 0 -> 1
Cell (virus_3433779,host_574064): 0 -> 1
Cell (virus_3433779,host_27660): 0 -> 1
Cell (virus_3433779,host_27638): 0 -> 1
Cell (virus_3433779,host_2994998): 0 -> 1
Cell (virus_3433779,host_409031): 0 -> 1
Cell (virus_3433779,host_148061): 0 -> 1
Cell (virus_3433779,host_1434095): 0 -> 1
Cell (virus_3433779,host_221086): 0 -> 1
Cell (virus_3433779,host_221087): 0 -> 1
Cell (virus_3433779,host_187007): 0 -> 1
Cell (virus_3433779,host_438766): 0 -> 1
Cell (virus_3433779,host_258934): 0 -> 1
Cell (virus_3433779,host_479723): 0 -> 1
Cell (virus_3433779,host_3041509): 0 -> 1
Cell (virus_3433779,host_2218597): 0 -> 1
Cell (virus_3433779,host_242384): 0 -> 1
Cell (virus_3433779,host_452595): 0 -> 1
Cell (virus_3433779,host_3370289): 0 -> 1
Cell (virus_3433779,host_9438): 0 -> 1
Cell (virus_3433779,host_153297): 0 -> 1
Cell (virus_3433779,host_249034): 0 -> 1
Cell (virus_3433779,host_249033): 0 -> 1
Cell (virus_3433779,host_258930): 0 -> 1
Cell (virus_3433779,host_258909): 0 -> 1
Cell (virus_3433779,host_909369): 0 -> 1
Cell (virus_3433779,host_2969767): 0 -> 1
Cell (virus_3433779,host_3371014): 0 -> 1
Cell (virus_3433779,host_3371016): 0 -> 1
Cell (virus_3433779,host_143942): 0 -> 1
Cell (virus_3433779,host_258889): 0 -> 1
Cell (virus_694001,host_105295): 0 -> 1
Cell (virus_694001,host_258946): 0 -> 1
Cell (virus_694001,host_187011): 0 -> 1
Cell (virus_694001,host_375553): 0 -> 1
Cell (virus_694001,host_294653): 0 -> 1
Cell (virus_694001,host_59463): 0 -> 1
Cell (virus_694001,host_109480): 0 -> 1
Cell (virus_694001,host_1633875): 0 -> 1
Cell (virus_694001,host_2528591): 0 -> 1
Cell (virus_694001,host_51298): 0 -> 1
Cell (virus_694001,host_225399): 0 -> 1
Cell (virus_694001,host_392004): 0 -> 1
Cell (virus_694001,host_392318): 0 -> 1
Cell (virus_694001,host_187014): 0 -> 1
Cell (virus_694001,host_526407): 0 -> 1
Cell (virus_694001,host_1911917): 0 -> 1
Cell (virus_694001,host_452654): 0 -> 1
Cell (virus_694001,host_587652): 0 -> 1
Cell (virus_694001,host_225400): 0 -> 1
Cell (virus_694001,host_385037): 0 -> 1
Cell (virus_694001,host_155035): 0 -> 1
Cell (virus_694001,host_258925): 0 -> 1
Cell (virus_694001,host_177185): 0 -> 1
Cell (virus_694001,host_376555): 0 -> 1
Cell (virus_694001,host_196296): 0 -> 1
Cell (virus_694001,host_196889): 0 -> 1
Cell (virus_694001,host_337452): 0 -> 1
Cell (virus_694001,host_76837): 0 -> 1
Cell (virus_694001,host_196297): 0 -> 1
Cell (virus_694001,host_9402): 0 -> 1
Cell (virus_694001,host_9403): 0 -> 1
Cell (virus_694001,host_58057): 0 -> 1
Cell (virus_694001,host_1898389): 0 -> 1
Cell (virus_694001,host_372077): 0 -> 1
Cell (virus_694001,host_58067): 0 -> 1
Cell (virus_694001,host_448084): 0 -> 1
Cell (virus_694001,host_58071): 0 -> 1
Cell (virus_694001,host_58073): 0 -> 1
Cell (virus_694001,host_1898393): 0 -> 1
Cell (virus_694001,host_77223): 0 -> 1
Cell (virus_694001,host_58063): 0 -> 1
Cell (virus_694001,host_9400): 0 -> 1
Cell (virus_694001,host_298110): 0 -> 1
Cell (virus_694001,host_374419): 0 -> 1
Cell (virus_694001,host_326081): 0 -> 1
Cell (virus_694001,host_326083): 0 -> 1
Cell (virus_694001,host_1381355): 0 -> 1
Cell (virus_694001,host_187003): 0 -> 1
Cell (virus_694001,host_138695): 0 -> 1
Cell (virus_694001,host_208969): 0 -> 1
Cell (virus_694001,host_27663): 0 -> 1
Cell (virus_694001,host_574064): 0 -> 1
Cell (virus_694001,host_27660): 0 -> 1
Cell (virus_694001,host_27638): 0 -> 1
Cell (virus_694001,host_2994998): 0 -> 1
Cell (virus_694001,host_409031): 0 -> 1
Cell (virus_694001,host_148061): 0 -> 1
Cell (virus_694001,host_1434095): 0 -> 1
Cell (virus_694001,host_221086): 0 -> 1
Cell (virus_694001,host_221087): 0 -> 1
Cell (virus_694001,host_187007): 0 -> 1
Cell (virus_694001,host_438766): 0 -> 1
Cell (virus_694001,host_258934): 0 -> 1
Cell (virus_694001,host_479723): 0 -> 1
Cell (virus_694001,host_3041509): 0 -> 1
Cell (virus_694001,host_2218597): 0 -> 1
Cell (virus_694001,host_242384): 0 -> 1
Cell (virus_694001,host_452595): 0 -> 1
Cell (virus_694001,host_3370289): 0 -> 1
Cell (virus_694001,host_9438): 0 -> 1
Cell (virus_694001,host_153297): 0 -> 1
Cell (virus_694001,host_249034): 0 -> 1
Cell (virus_694001,host_249033): 0 -> 1
Cell (virus_694001,host_258930): 0 -> 1
Cell (virus_694001,host_258909): 0 -> 1
Cell (virus_694001,host_909369): 0 -> 1
Cell (virus_694001,host_2969767): 0 -> 1
Cell (virus_694001,host_3371014): 0 -> 1
Cell (virus_694001,host_3371016): 0 -> 1
Cell (virus_694001,host_143942): 0 -> 1
Cell (virus_694001,host_258889): 0 -> 1
Cell (virus_3027594,host_105295): 0 -> 1
Cell (virus_3027594,host_258946): 0 -> 1
Cell (virus_3027594,host_187011): 0 -> 1
Cell (virus_3027594,host_375553): 0 -> 1
Cell (virus_3027594,host_294653): 0 -> 1
Cell (virus_3027594,host_59463): 0 -> 1
Cell (virus_3027594,host_109480): 0 -> 1
Cell (virus_3027594,host_1633875): 0 -> 1
Cell (virus_3027594,host_2528591): 0 -> 1
Cell (virus_3027594,host_51298): 0 -> 1
Cell (virus_3027594,host_225399): 0 -> 1
Cell (virus_3027594,host_392004): 0 -> 1
Cell (virus_3027594,host_392318): 0 -> 1
Cell (virus_3027594,host_187014): 0 -> 1
Cell (virus_3027594,host_526407): 0 -> 1
Cell (virus_3027594,host_1911917): 0 -> 1
Cell (virus_3027594,host_452654): 0 -> 1
Cell (virus_3027594,host_587652): 0 -> 1
Cell (virus_3027594,host_225400): 0 -> 1
Cell (virus_3027594,host_385037): 0 -> 1
Cell (virus_3027594,host_155035): 0 -> 1
Cell (virus_3027594,host_258925): 0 -> 1
Cell (virus_3027594,host_177185): 0 -> 1
Cell (virus_3027594,host_159858): 0 -> 1
Cell (virus_3027594,host_376555): 0 -> 1
Cell (virus_3027594,host_196296): 0 -> 1
Cell (virus_3027594,host_196889): 0 -> 1
Cell (virus_3027594,host_337452): 0 -> 1
Cell (virus_3027594,host_76837): 0 -> 1
Cell (virus_3027594,host_196297): 0 -> 1
Cell (virus_3027594,host_9402): 0 -> 1
Cell (virus_3027594,host_9403): 0 -> 1
Cell (virus_3027594,host_58057): 0 -> 1
Cell (virus_3027594,host_1898389): 0 -> 1
Cell (virus_3027594,host_372077): 0 -> 1
Cell (virus_3027594,host_903567): 0 -> 1
Cell (virus_3027594,host_58067): 0 -> 1
Cell (virus_3027594,host_448084): 0 -> 1
Cell (virus_3027594,host_58071): 0 -> 1
Cell (virus_3027594,host_58073): 0 -> 1
Cell (virus_3027594,host_1898393): 0 -> 1
Cell (virus_3027594,host_77223): 0 -> 1
Cell (virus_3027594,host_58063): 0 -> 1
Cell (virus_3027594,host_9400): 0 -> 1
Cell (virus_3027594,host_298110): 0 -> 1
Cell (virus_3027594,host_374419): 0 -> 1
Cell (virus_3027594,host_326081): 0 -> 1
Cell (virus_3027594,host_326083): 0 -> 1
Cell (virus_3027594,host_1381355): 0 -> 1
Cell (virus_3027594,host_187003): 0 -> 1
Cell (virus_3027594,host_138695): 0 -> 1
Cell (virus_3027594,host_208969): 0 -> 1
Cell (virus_3027594,host_27663): 0 -> 1
Cell (virus_3027594,host_574064): 0 -> 1
Cell (virus_3027594,host_27660): 0 -> 1
Cell (virus_3027594,host_27638): 0 -> 1
Cell (virus_3027594,host_2994998): 0 -> 1
Cell (virus_3027594,host_409031): 0 -> 1
Cell (virus_3027594,host_89673): 0 -> 1
Cell (virus_3027594,host_1434095): 0 -> 1
Cell (virus_3027594,host_221086): 0 -> 1
Cell (virus_3027594,host_221087): 0 -> 1
Cell (virus_3027594,host_187007): 0 -> 1
Cell (virus_3027594,host_438766): 0 -> 1
Cell (virus_3027594,host_258934): 0 -> 1
Cell (virus_3027594,host_479723): 0 -> 1
Cell (virus_3027594,host_3041509): 0 -> 1
Cell (virus_3027594,host_2218597): 0 -> 1
Cell (virus_3027594,host_242384): 0 -> 1
Cell (virus_3027594,host_452595): 0 -> 1
Cell (virus_3027594,host_3370289): 0 -> 1
Cell (virus_3027594,host_9438): 0 -> 1
Cell (virus_3027594,host_153297): 0 -> 1
Cell (virus_3027594,host_249034): 0 -> 1
Cell (virus_3027594,host_249033): 0 -> 1
Cell (virus_3027594,host_258930): 0 -> 1
Cell (virus_3027594,host_258909): 0 -> 1
Cell (virus_3027594,host_909369): 0 -> 1
Cell (virus_3027594,host_2969767): 0 -> 1
Cell (virus_3027594,host_3371014): 0 -> 1
Cell (virus_3027594,host_3371016): 0 -> 1
Cell (virus_3027594,host_143942): 0 -> 1
Cell (virus_3027594,host_258889): 0 -> 1
Cell (virus_3433782,host_105295): 0 -> 1
Cell (virus_3433782,host_258946): 0 -> 1
Cell (virus_3433782,host_187011): 0 -> 1
Cell (virus_3433782,host_375553): 0 -> 1
Cell (virus_3433782,host_294653): 0 -> 1
Cell (virus_3433782,host_59463): 0 -> 1
Cell (virus_3433782,host_109480): 0 -> 1
Cell (virus_3433782,host_1633875): 0 -> 1
Cell (virus_3433782,host_2528591): 0 -> 1
Cell (virus_3433782,host_51298): 0 -> 1
Cell (virus_3433782,host_225399): 0 -> 1
Cell (virus_3433782,host_392004): 0 -> 1
Cell (virus_3433782,host_392318): 0 -> 1
Cell (virus_3433782,host_187014): 0 -> 1
Cell (virus_3433782,host_526407): 0 -> 1
Cell (virus_3433782,host_1911917): 0 -> 1
Cell (virus_3433782,host_452654): 0 -> 1
Cell (virus_3433782,host_587652): 0 -> 1
Cell (virus_3433782,host_225400): 0 -> 1
Cell (virus_3433782,host_385037): 0 -> 1
Cell (virus_3433782,host_155035): 0 -> 1
Cell (virus_3433782,host_258925): 0 -> 1
Cell (virus_3433782,host_177185): 0 -> 1
Cell (virus_3433782,host_159858): 0 -> 1
Cell (virus_3433782,host_376555): 0 -> 1
Cell (virus_3433782,host_196296): 0 -> 1
Cell (virus_3433782,host_196889): 0 -> 1
Cell (virus_3433782,host_337452): 0 -> 1
Cell (virus_3433782,host_76837): 0 -> 1
Cell (virus_3433782,host_196297): 0 -> 1
Cell (virus_3433782,host_9402): 0 -> 1
Cell (virus_3433782,host_9403): 0 -> 1
Cell (virus_3433782,host_58057): 0 -> 1
Cell (virus_3433782,host_1898389): 0 -> 1
Cell (virus_3433782,host_372077): 0 -> 1
Cell (virus_3433782,host_903567): 0 -> 1
Cell (virus_3433782,host_58067): 0 -> 1
Cell (virus_3433782,host_448084): 0 -> 1
Cell (virus_3433782,host_58071): 0 -> 1
Cell (virus_3433782,host_58073): 0 -> 1
Cell (virus_3433782,host_1898393): 0 -> 1
Cell (virus_3433782,host_77223): 0 -> 1
Cell (virus_3433782,host_58063): 0 -> 1
Cell (virus_3433782,host_9400): 0 -> 1
Cell (virus_3433782,host_298110): 0 -> 1
Cell (virus_3433782,host_374419): 0 -> 1
Cell (virus_3433782,host_326081): 0 -> 1
Cell (virus_3433782,host_326083): 0 -> 1
Cell (virus_3433782,host_1381355): 0 -> 1
Cell (virus_3433782,host_187003): 0 -> 1
Cell (virus_3433782,host_138695): 0 -> 1
Cell (virus_3433782,host_208969): 0 -> 1
Cell (virus_3433782,host_27663): 0 -> 1
Cell (virus_3433782,host_574064): 0 -> 1
Cell (virus_3433782,host_27660): 0 -> 1
Cell (virus_3433782,host_27638): 0 -> 1
Cell (virus_3433782,host_2994998): 0 -> 1
Cell (virus_3433782,host_409031): 0 -> 1
Cell (virus_3433782,host_89673): 0 -> 1
Cell (virus_3433782,host_1434095): 0 -> 1
Cell (virus_3433782,host_221086): 0 -> 1
Cell (virus_3433782,host_221087): 0 -> 1
Cell (virus_3433782,host_187007): 0 -> 1
Cell (virus_3433782,host_438766): 0 -> 1
Cell (virus_3433782,host_258934): 0 -> 1
Cell (virus_3433782,host_479723): 0 -> 1
Cell (virus_3433782,host_3041509): 0 -> 1
Cell (virus_3433782,host_2218597): 0 -> 1
Cell (virus_3433782,host_242384): 0 -> 1
Cell (virus_3433782,host_452595): 0 -> 1
Cell (virus_3433782,host_3370289): 0 -> 1
Cell (virus_3433782,host_9438): 0 -> 1
Cell (virus_3433782,host_153297): 0 -> 1
Cell (virus_3433782,host_249034): 0 -> 1
Cell (virus_3433782,host_249033): 0 -> 1
Cell (virus_3433782,host_258930): 0 -> 1
Cell (virus_3433782,host_258909): 0 -> 1
Cell (virus_3433782,host_909369): 0 -> 1
Cell (virus_3433782,host_2969767): 0 -> 1
Cell (virus_3433782,host_3371014): 0 -> 1
Cell (virus_3433782,host_3371016): 0 -> 1
Cell (virus_3433782,host_143942): 0 -> 1
Cell (virus_3433782,host_258889): 0 -> 1
Cell (virus_3027595,host_105295): 0 -> 1
Cell (virus_3027595,host_258946): 0 -> 1
Cell (virus_3027595,host_187011): 0 -> 1
Cell (virus_3027595,host_375553): 0 -> 1
Cell (virus_3027595,host_294653): 0 -> 1
Cell (virus_3027595,host_59463): 0 -> 1
Cell (virus_3027595,host_109480): 0 -> 1
Cell (virus_3027595,host_1633875): 0 -> 1
Cell (virus_3027595,host_2528591): 0 -> 1
Cell (virus_3027595,host_51298): 0 -> 1
Cell (virus_3027595,host_225399): 0 -> 1
Cell (virus_3027595,host_392004): 0 -> 1
Cell (virus_3027595,host_392318): 0 -> 1
Cell (virus_3027595,host_187014): 0 -> 1
Cell (virus_3027595,host_526407): 0 -> 1
Cell (virus_3027595,host_1911917): 0 -> 1
Cell (virus_3027595,host_452654): 0 -> 1
Cell (virus_3027595,host_587652): 0 -> 1
Cell (virus_3027595,host_225400): 0 -> 1
Cell (virus_3027595,host_385037): 0 -> 1
Cell (virus_3027595,host_155035): 0 -> 1
Cell (virus_3027595,host_258925): 0 -> 1
Cell (virus_3027595,host_177185): 0 -> 1
Cell (virus_3027595,host_159858): 0 -> 1
Cell (virus_3027595,host_376555): 0 -> 1
Cell (virus_3027595,host_196296): 0 -> 1
Cell (virus_3027595,host_196889): 0 -> 1
Cell (virus_3027595,host_337452): 0 -> 1
Cell (virus_3027595,host_76837): 0 -> 1
Cell (virus_3027595,host_196297): 0 -> 1
Cell (virus_3027595,host_9402): 0 -> 1
Cell (virus_3027595,host_9403): 0 -> 1
Cell (virus_3027595,host_58057): 0 -> 1
Cell (virus_3027595,host_1898389): 0 -> 1
Cell (virus_3027595,host_372077): 0 -> 1
Cell (virus_3027595,host_903567): 0 -> 1
Cell (virus_3027595,host_58067): 0 -> 1
Cell (virus_3027595,host_448084): 0 -> 1
Cell (virus_3027595,host_58071): 0 -> 1
Cell (virus_3027595,host_58073): 0 -> 1
Cell (virus_3027595,host_1898393): 0 -> 1
Cell (virus_3027595,host_77223): 0 -> 1
Cell (virus_3027595,host_58063): 0 -> 1
Cell (virus_3027595,host_9400): 0 -> 1
Cell (virus_3027595,host_298110): 0 -> 1
Cell (virus_3027595,host_374419): 0 -> 1
Cell (virus_3027595,host_326081): 0 -> 1
Cell (virus_3027595,host_326083): 0 -> 1
Cell (virus_3027595,host_1381355): 0 -> 1
Cell (virus_3027595,host_187003): 0 -> 1
Cell (virus_3027595,host_138695): 0 -> 1
Cell (virus_3027595,host_208969): 0 -> 1
Cell (virus_3027595,host_27663): 0 -> 1
Cell (virus_3027595,host_574064): 0 -> 1
Cell (virus_3027595,host_27660): 0 -> 1
Cell (virus_3027595,host_27638): 0 -> 1
Cell (virus_3027595,host_2994998): 0 -> 1
Cell (virus_3027595,host_409031): 0 -> 1
Cell (virus_3027595,host_89673): 0 -> 1
Cell (virus_3027595,host_1434095): 0 -> 1
Cell (virus_3027595,host_221086): 0 -> 1
Cell (virus_3027595,host_221087): 0 -> 1
Cell (virus_3027595,host_187007): 0 -> 1
Cell (virus_3027595,host_438766): 0 -> 1
Cell (virus_3027595,host_258934): 0 -> 1
Cell (virus_3027595,host_479723): 0 -> 1
Cell (virus_3027595,host_3041509): 0 -> 1
Cell (virus_3027595,host_2218597): 0 -> 1
Cell (virus_3027595,host_242384): 0 -> 1
Cell (virus_3027595,host_452595): 0 -> 1
Cell (virus_3027595,host_3370289): 0 -> 1
Cell (virus_3027595,host_9438): 0 -> 1
Cell (virus_3027595,host_153297): 0 -> 1
Cell (virus_3027595,host_249034): 0 -> 1
Cell (virus_3027595,host_249033): 0 -> 1
Cell (virus_3027595,host_258930): 0 -> 1
Cell (virus_3027595,host_258909): 0 -> 1
Cell (virus_3027595,host_909369): 0 -> 1
Cell (virus_3027595,host_2969767): 0 -> 1
Cell (virus_3027595,host_3371016): 0 -> 1
Cell (virus_3027595,host_143942): 0 -> 1
Cell (virus_3027595,host_258889): 0 -> 1
Cell (virus_2917968,host_105295): 0 -> 1
Cell (virus_2917968,host_258946): 0 -> 1
Cell (virus_2917968,host_187011): 0 -> 1
Cell (virus_2917968,host_375553): 0 -> 1
Cell (virus_2917968,host_294653): 0 -> 1
Cell (virus_2917968,host_59463): 0 -> 1
Cell (virus_2917968,host_109480): 0 -> 1
Cell (virus_2917968,host_1633875): 0 -> 1
Cell (virus_2917968,host_2528591): 0 -> 1
Cell (virus_2917968,host_51298): 0 -> 1
Cell (virus_2917968,host_225399): 0 -> 1
Cell (virus_2917968,host_392004): 0 -> 1
Cell (virus_2917968,host_392318): 0 -> 1
Cell (virus_2917968,host_187014): 0 -> 1
Cell (virus_2917968,host_526407): 0 -> 1
Cell (virus_2917968,host_452654): 0 -> 1
Cell (virus_2917968,host_587652): 0 -> 1
Cell (virus_2917968,host_225400): 0 -> 1
Cell (virus_2917968,host_385037): 0 -> 1
Cell (virus_2917968,host_155035): 0 -> 1
Cell (virus_2917968,host_258925): 0 -> 1
Cell (virus_2917968,host_177185): 0 -> 1
Cell (virus_2917968,host_159858): 0 -> 1
Cell (virus_2917968,host_376555): 0 -> 1
Cell (virus_2917968,host_196889): 0 -> 1
Cell (virus_2917968,host_337452): 0 -> 1
Cell (virus_2917968,host_76837): 0 -> 1
Cell (virus_2917968,host_196297): 0 -> 1
Cell (virus_2917968,host_9402): 0 -> 1
Cell (virus_2917968,host_9403): 0 -> 1
Cell (virus_2917968,host_58057): 0 -> 1
Cell (virus_2917968,host_1898389): 0 -> 1
Cell (virus_2917968,host_372077): 0 -> 1
Cell (virus_2917968,host_58067): 0 -> 1
Cell (virus_2917968,host_58071): 0 -> 1
Cell (virus_2917968,host_58073): 0 -> 1
Cell (virus_2917968,host_1898393): 0 -> 1
Cell (virus_2917968,host_77223): 0 -> 1
Cell (virus_2917968,host_58063): 0 -> 1
Cell (virus_2917968,host_9400): 0 -> 1
Cell (virus_2917968,host_298110): 0 -> 1
Cell (virus_2917968,host_374419): 0 -> 1
Cell (virus_2917968,host_326081): 0 -> 1
Cell (virus_2917968,host_326083): 0 -> 1
Cell (virus_2917968,host_1381355): 0 -> 1
Cell (virus_2917968,host_187003): 0 -> 1
Cell (virus_2917968,host_138695): 0 -> 1
Cell (virus_2917968,host_208969): 0 -> 1
Cell (virus_2917968,host_27663): 0 -> 1
Cell (virus_2917968,host_574064): 0 -> 1
Cell (virus_2917968,host_27660): 0 -> 1
Cell (virus_2917968,host_27638): 0 -> 1
Cell (virus_2917968,host_2994998): 0 -> 1
Cell (virus_2917968,host_409031): 0 -> 1
Cell (virus_2917968,host_89673): 0 -> 1
Cell (virus_2917968,host_1434095): 0 -> 1
Cell (virus_2917968,host_221086): 0 -> 1
Cell (virus_2917968,host_221087): 0 -> 1
Cell (virus_2917968,host_187007): 0 -> 1
Cell (virus_2917968,host_438766): 0 -> 1
Cell (virus_2917968,host_258934): 0 -> 1
Cell (virus_2917968,host_479723): 0 -> 1
Cell (virus_2917968,host_3041509): 0 -> 1
Cell (virus_2917968,host_2218597): 0 -> 1
Cell (virus_2917968,host_242384): 0 -> 1
Cell (virus_2917968,host_452595): 0 -> 1
Cell (virus_2917968,host_3370289): 0 -> 1
Cell (virus_2917968,host_9438): 0 -> 1
Cell (virus_2917968,host_153297): 0 -> 1
Cell (virus_2917968,host_249034): 0 -> 1
Cell (virus_2917968,host_249033): 0 -> 1
Cell (virus_2917968,host_258930): 0 -> 1
Cell (virus_2917968,host_258909): 0 -> 1
Cell (virus_2917968,host_909369): 0 -> 1
Cell (virus_2917968,host_2969767): 0 -> 1
Cell (virus_2917968,host_3371014): 0 -> 1
Cell (virus_2917968,host_3371016): 0 -> 1
Cell (virus_2917968,host_143942): 0 -> 1
Cell (virus_2917968,host_258889): 0 -> 1
Cell (virus_3119328,host_105295): 0 -> 1
Cell (virus_3119328,host_258946): 0 -> 1
Cell (virus_3119328,host_187011): 0 -> 1
Cell (virus_3119328,host_375553): 0 -> 1
Cell (virus_3119328,host_294653): 0 -> 1
Cell (virus_3119328,host_59463): 0 -> 1
Cell (virus_3119328,host_109480): 0 -> 1
Cell (virus_3119328,host_1633875): 0 -> 1
Cell (virus_3119328,host_2528591): 0 -> 1
Cell (virus_3119328,host_51298): 0 -> 1
Cell (virus_3119328,host_225399): 0 -> 1
Cell (virus_3119328,host_392004): 0 -> 1
Cell (virus_3119328,host_392318): 0 -> 1
Cell (virus_3119328,host_187014): 0 -> 1
Cell (virus_3119328,host_526407): 0 -> 1
Cell (virus_3119328,host_452654): 0 -> 1
Cell (virus_3119328,host_587652): 0 -> 1
Cell (virus_3119328,host_225400): 0 -> 1
Cell (virus_3119328,host_385037): 0 -> 1
Cell (virus_3119328,host_155035): 0 -> 1
Cell (virus_3119328,host_258925): 0 -> 1
Cell (virus_3119328,host_177185): 0 -> 1
Cell (virus_3119328,host_159858): 0 -> 1
Cell (virus_3119328,host_376555): 0 -> 1
Cell (virus_3119328,host_196296): 0 -> 1
Cell (virus_3119328,host_196889): 0 -> 1
Cell (virus_3119328,host_337452): 0 -> 1
Cell (virus_3119328,host_76837): 0 -> 1
Cell (virus_3119328,host_196297): 0 -> 1
Cell (virus_3119328,host_9402): 0 -> 1
Cell (virus_3119328,host_9403): 0 -> 1
Cell (virus_3119328,host_58057): 0 -> 1
Cell (virus_3119328,host_1898389): 0 -> 1
Cell (virus_3119328,host_372077): 0 -> 1
Cell (virus_3119328,host_58067): 0 -> 1
Cell (virus_3119328,host_58071): 0 -> 1
Cell (virus_3119328,host_58073): 0 -> 1
Cell (virus_3119328,host_1898393): 0 -> 1
Cell (virus_3119328,host_77223): 0 -> 1
Cell (virus_3119328,host_58063): 0 -> 1
Cell (virus_3119328,host_298110): 0 -> 1
Cell (virus_3119328,host_374419): 0 -> 1
Cell (virus_3119328,host_326081): 0 -> 1
Cell (virus_3119328,host_326083): 0 -> 1
Cell (virus_3119328,host_1381355): 0 -> 1
Cell (virus_3119328,host_187003): 0 -> 1
Cell (virus_3119328,host_138695): 0 -> 1
Cell (virus_3119328,host_208969): 0 -> 1
Cell (virus_3119328,host_27663): 0 -> 1
Cell (virus_3119328,host_574064): 0 -> 1
Cell (virus_3119328,host_27660): 0 -> 1
Cell (virus_3119328,host_27638): 0 -> 1
Cell (virus_3119328,host_2994998): 0 -> 1
Cell (virus_3119328,host_409031): 0 -> 1
Cell (virus_3119328,host_89673): 0 -> 1
Cell (virus_3119328,host_1434095): 0 -> 1
Cell (virus_3119328,host_221086): 0 -> 1
Cell (virus_3119328,host_187007): 0 -> 1
Cell (virus_3119328,host_438766): 0 -> 1
Cell (virus_3119328,host_258934): 0 -> 1
Cell (virus_3119328,host_479723): 0 -> 1
Cell (virus_3119328,host_3041509): 0 -> 1
Cell (virus_3119328,host_2218597): 0 -> 1
Cell (virus_3119328,host_242384): 0 -> 1
Cell (virus_3119328,host_452595): 0 -> 1
Cell (virus_3119328,host_3370289): 0 -> 1
Cell (virus_3119328,host_9438): 0 -> 1
Cell (virus_3119328,host_153297): 0 -> 1
Cell (virus_3119328,host_249034): 0 -> 1
Cell (virus_3119328,host_249033): 0 -> 1
Cell (virus_3119328,host_258930): 0 -> 1
Cell (virus_3119328,host_258909): 0 -> 1
Cell (virus_3119328,host_909369): 0 -> 1
Cell (virus_3119328,host_2969767): 0 -> 1
Cell (virus_3119328,host_3371014): 0 -> 1
Cell (virus_3119328,host_3371016): 0 -> 1
Cell (virus_3119328,host_143942): 0 -> 1
Cell (virus_3119328,host_258889): 0 -> 1
Cell (virus_3119329,host_105295): 0 -> 1
Cell (virus_3119329,host_258946): 0 -> 1
Cell (virus_3119329,host_187011): 0 -> 1
Cell (virus_3119329,host_375553): 0 -> 1
Cell (virus_3119329,host_294653): 0 -> 1
Cell (virus_3119329,host_59463): 0 -> 1
Cell (virus_3119329,host_109480): 0 -> 1
Cell (virus_3119329,host_1633875): 0 -> 1
Cell (virus_3119329,host_2528591): 0 -> 1
Cell (virus_3119329,host_51298): 0 -> 1
Cell (virus_3119329,host_225399): 0 -> 1
Cell (virus_3119329,host_392004): 0 -> 1
Cell (virus_3119329,host_392318): 0 -> 1
Cell (virus_3119329,host_187014): 0 -> 1
Cell (virus_3119329,host_526407): 0 -> 1
Cell (virus_3119329,host_452654): 0 -> 1
Cell (virus_3119329,host_587652): 0 -> 1
Cell (virus_3119329,host_225400): 0 -> 1
Cell (virus_3119329,host_385037): 0 -> 1
Cell (virus_3119329,host_155035): 0 -> 1
Cell (virus_3119329,host_258925): 0 -> 1
Cell (virus_3119329,host_177185): 0 -> 1
Cell (virus_3119329,host_159858): 0 -> 1
Cell (virus_3119329,host_376555): 0 -> 1
Cell (virus_3119329,host_196296): 0 -> 1
Cell (virus_3119329,host_196889): 0 -> 1
Cell (virus_3119329,host_337452): 0 -> 1
Cell (virus_3119329,host_76837): 0 -> 1
Cell (virus_3119329,host_196297): 0 -> 1
Cell (virus_3119329,host_9402): 0 -> 1
Cell (virus_3119329,host_9403): 0 -> 1
Cell (virus_3119329,host_58057): 0 -> 1
Cell (virus_3119329,host_1898389): 0 -> 1
Cell (virus_3119329,host_372077): 0 -> 1
Cell (virus_3119329,host_58067): 0 -> 1
Cell (virus_3119329,host_448084): 0 -> 1
Cell (virus_3119329,host_58071): 0 -> 1
Cell (virus_3119329,host_58073): 0 -> 1
Cell (virus_3119329,host_1898393): 0 -> 1
Cell (virus_3119329,host_77223): 0 -> 1
Cell (virus_3119329,host_58063): 0 -> 1
Cell (virus_3119329,host_9400): 0 -> 1
Cell (virus_3119329,host_298110): 0 -> 1
Cell (virus_3119329,host_374419): 0 -> 1
Cell (virus_3119329,host_326081): 0 -> 1
Cell (virus_3119329,host_326083): 0 -> 1
Cell (virus_3119329,host_1381355): 0 -> 1
Cell (virus_3119329,host_187003): 0 -> 1
Cell (virus_3119329,host_138695): 0 -> 1
Cell (virus_3119329,host_208969): 0 -> 1
Cell (virus_3119329,host_27663): 0 -> 1
Cell (virus_3119329,host_574064): 0 -> 1
Cell (virus_3119329,host_27660): 0 -> 1
Cell (virus_3119329,host_27638): 0 -> 1
Cell (virus_3119329,host_2994998): 0 -> 1
Cell (virus_3119329,host_409031): 0 -> 1
Cell (virus_3119329,host_89673): 0 -> 1
Cell (virus_3119329,host_1434095): 0 -> 1
Cell (virus_3119329,host_221086): 0 -> 1
Cell (virus_3119329,host_221087): 0 -> 1
Cell (virus_3119329,host_187007): 0 -> 1
Cell (virus_3119329,host_438766): 0 -> 1
Cell (virus_3119329,host_258934): 0 -> 1
Cell (virus_3119329,host_479723): 0 -> 1
Cell (virus_3119329,host_3041509): 0 -> 1
Cell (virus_3119329,host_2218597): 0 -> 1
Cell (virus_3119329,host_242384): 0 -> 1
Cell (virus_3119329,host_452595): 0 -> 1
Cell (virus_3119329,host_3370289): 0 -> 1
Cell (virus_3119329,host_9438): 0 -> 1
Cell (virus_3119329,host_153297): 0 -> 1
Cell (virus_3119329,host_249034): 0 -> 1
Cell (virus_3119329,host_249033): 0 -> 1
Cell (virus_3119329,host_258930): 0 -> 1
Cell (virus_3119329,host_258909): 0 -> 1
Cell (virus_3119329,host_909369): 0 -> 1
Cell (virus_3119329,host_2969767): 0 -> 1
Cell (virus_3119329,host_3371014): 0 -> 1
Cell (virus_3119329,host_3371016): 0 -> 1
Cell (virus_3119329,host_143942): 0 -> 1
Cell (virus_2991941,host_105295): 0 -> 1
Cell (virus_2991941,host_258946): 0 -> 1
Cell (virus_2991941,host_187011): 0 -> 1
Cell (virus_2991941,host_375553): 0 -> 1
Cell (virus_2991941,host_294653): 0 -> 1
Cell (virus_2991941,host_59463): 0 -> 1
Cell (virus_2991941,host_109480): 0 -> 1
Cell (virus_2991941,host_1633875): 0 -> 1
Cell (virus_2991941,host_2528591): 0 -> 1
Cell (virus_2991941,host_51298): 0 -> 1
Cell (virus_2991941,host_225399): 0 -> 1
Cell (virus_2991941,host_392004): 0 -> 1
Cell (virus_2991941,host_392318): 0 -> 1
Cell (virus_2991941,host_187014): 0 -> 1
Cell (virus_2991941,host_526407): 0 -> 1
Cell (virus_2991941,host_1911917): 0 -> 1
Cell (virus_2991941,host_452654): 0 -> 1
Cell (virus_2991941,host_587652): 0 -> 1
Cell (virus_2991941,host_225400): 0 -> 1
Cell (virus_2991941,host_385037): 0 -> 1
Cell (virus_2991941,host_155035): 0 -> 1
Cell (virus_2991941,host_258925): 0 -> 1
Cell (virus_2991941,host_177185): 0 -> 1
Cell (virus_2991941,host_159858): 0 -> 1
Cell (virus_2991941,host_376555): 0 -> 1
Cell (virus_2991941,host_196296): 0 -> 1
Cell (virus_2991941,host_196889): 0 -> 1
Cell (virus_2991941,host_337452): 0 -> 1
Cell (virus_2991941,host_76837): 0 -> 1
Cell (virus_2991941,host_196297): 0 -> 1
Cell (virus_2991941,host_9402): 0 -> 1
Cell (virus_2991941,host_9403): 0 -> 1
Cell (virus_2991941,host_58057): 0 -> 1
Cell (virus_2991941,host_1898389): 0 -> 1
Cell (virus_2991941,host_372077): 0 -> 1
Cell (virus_2991941,host_58067): 0 -> 1
Cell (virus_2991941,host_448084): 0 -> 1
Cell (virus_2991941,host_58071): 0 -> 1
Cell (virus_2991941,host_58073): 0 -> 1
Cell (virus_2991941,host_1898393): 0 -> 1
Cell (virus_2991941,host_58063): 0 -> 1
Cell (virus_2991941,host_9400): 0 -> 1
Cell (virus_2991941,host_298110): 0 -> 1
Cell (virus_2991941,host_374419): 0 -> 1
Cell (virus_2991941,host_326081): 0 -> 1
Cell (virus_2991941,host_326083): 0 -> 1
Cell (virus_2991941,host_1381355): 0 -> 1
Cell (virus_2991941,host_187003): 0 -> 1
Cell (virus_2991941,host_138695): 0 -> 1
Cell (virus_2991941,host_208969): 0 -> 1
Cell (virus_2991941,host_27663): 0 -> 1
Cell (virus_2991941,host_574064): 0 -> 1
Cell (virus_2991941,host_27660): 0 -> 1
Cell (virus_2991941,host_27638): 0 -> 1
Cell (virus_2991941,host_2994998): 0 -> 1
Cell (virus_2991941,host_409031): 0 -> 1
Cell (virus_2991941,host_89673): 0 -> 1
Cell (virus_2991941,host_1434095): 0 -> 1
Cell (virus_2991941,host_221086): 0 -> 1
Cell (virus_2991941,host_221087): 0 -> 1
Cell (virus_2991941,host_187007): 0 -> 1
Cell (virus_2991941,host_438766): 0 -> 1
Cell (virus_2991941,host_258934): 0 -> 1
Cell (virus_2991941,host_479723): 0 -> 1
Cell (virus_2991941,host_3041509): 0 -> 1
Cell (virus_2991941,host_2218597): 0 -> 1
Cell (virus_2991941,host_242384): 0 -> 1
Cell (virus_2991941,host_452595): 0 -> 1
Cell (virus_2991941,host_3370289): 0 -> 1
Cell (virus_2991941,host_9438): 0 -> 1
Cell (virus_2991941,host_153297): 0 -> 1
Cell (virus_2991941,host_249034): 0 -> 1
Cell (virus_2991941,host_249033): 0 -> 1
Cell (virus_2991941,host_258930): 0 -> 1
Cell (virus_2991941,host_258909): 0 -> 1
Cell (virus_2991941,host_909369): 0 -> 1
Cell (virus_2991941,host_2969767): 0 -> 1
Cell (virus_2991941,host_3371014): 0 -> 1
Cell (virus_2991941,host_3371016): 0 -> 1
Cell (virus_2991941,host_143942): 0 -> 1
Cell (virus_2991941,host_258889): 0 -> 1
Cell (virus_2993504,host_105295): 0 -> 1
Cell (virus_2993504,host_258946): 0 -> 1
Cell (virus_2993504,host_187011): 0 -> 1
Cell (virus_2993504,host_375553): 0 -> 1
Cell (virus_2993504,host_294653): 0 -> 1
Cell (virus_2993504,host_59463): 0 -> 1
Cell (virus_2993504,host_109480): 0 -> 1
Cell (virus_2993504,host_1633875): 0 -> 1
Cell (virus_2993504,host_2528591): 0 -> 1
Cell (virus_2993504,host_51298): 0 -> 1
Cell (virus_2993504,host_225399): 0 -> 1
Cell (virus_2993504,host_392004): 0 -> 1
Cell (virus_2993504,host_392318): 0 -> 1
Cell (virus_2993504,host_187014): 0 -> 1
Cell (virus_2993504,host_526407): 0 -> 1
Cell (virus_2993504,host_1911917): 0 -> 1
Cell (virus_2993504,host_452654): 0 -> 1
Cell (virus_2993504,host_587652): 0 -> 1
Cell (virus_2993504,host_225400): 0 -> 1
Cell (virus_2993504,host_385037): 0 -> 1
Cell (virus_2993504,host_155035): 0 -> 1
Cell (virus_2993504,host_258925): 0 -> 1
Cell (virus_2993504,host_177185): 0 -> 1
Cell (virus_2993504,host_159858): 0 -> 1
Cell (virus_2993504,host_376555): 0 -> 1
Cell (virus_2993504,host_196296): 0 -> 1
Cell (virus_2993504,host_196889): 0 -> 1
Cell (virus_2993504,host_337452): 0 -> 1
Cell (virus_2993504,host_76837): 0 -> 1
Cell (virus_2993504,host_196297): 0 -> 1
Cell (virus_2993504,host_9402): 0 -> 1
Cell (virus_2993504,host_9403): 0 -> 1
Cell (virus_2993504,host_58057): 0 -> 1
Cell (virus_2993504,host_1898389): 0 -> 1
Cell (virus_2993504,host_372077): 0 -> 1
Cell (virus_2993504,host_58067): 0 -> 1
Cell (virus_2993504,host_448084): 0 -> 1
Cell (virus_2993504,host_58071): 0 -> 1
Cell (virus_2993504,host_58073): 0 -> 1
Cell (virus_2993504,host_1898393): 0 -> 1
Cell (virus_2993504,host_58063): 0 -> 1
Cell (virus_2993504,host_9400): 0 -> 1
Cell (virus_2993504,host_298110): 0 -> 1
Cell (virus_2993504,host_374419): 0 -> 1
Cell (virus_2993504,host_326081): 0 -> 1
Cell (virus_2993504,host_326083): 0 -> 1
Cell (virus_2993504,host_1381355): 0 -> 1
Cell (virus_2993504,host_187003): 0 -> 1
Cell (virus_2993504,host_138695): 0 -> 1
Cell (virus_2993504,host_208969): 0 -> 1
Cell (virus_2993504,host_27663): 0 -> 1
Cell (virus_2993504,host_574064): 0 -> 1
Cell (virus_2993504,host_27660): 0 -> 1
Cell (virus_2993504,host_27638): 0 -> 1
Cell (virus_2993504,host_2994998): 0 -> 1
Cell (virus_2993504,host_409031): 0 -> 1
Cell (virus_2993504,host_89673): 0 -> 1
Cell (virus_2993504,host_1434095): 0 -> 1
Cell (virus_2993504,host_221086): 0 -> 1
Cell (virus_2993504,host_221087): 0 -> 1
Cell (virus_2993504,host_187007): 0 -> 1
Cell (virus_2993504,host_438766): 0 -> 1
Cell (virus_2993504,host_258934): 0 -> 1
Cell (virus_2993504,host_479723): 0 -> 1
Cell (virus_2993504,host_3041509): 0 -> 1
Cell (virus_2993504,host_2218597): 0 -> 1
Cell (virus_2993504,host_242384): 0 -> 1
Cell (virus_2993504,host_452595): 0 -> 1
Cell (virus_2993504,host_3370289): 0 -> 1
Cell (virus_2993504,host_9438): 0 -> 1
Cell (virus_2993504,host_153297): 0 -> 1
Cell (virus_2993504,host_249034): 0 -> 1
Cell (virus_2993504,host_249033): 0 -> 1
Cell (virus_2993504,host_258930): 0 -> 1
Cell (virus_2993504,host_258909): 0 -> 1
Cell (virus_2993504,host_909369): 0 -> 1
Cell (virus_2993504,host_2969767): 0 -> 1
Cell (virus_2993504,host_3371014): 0 -> 1
Cell (virus_2993504,host_3371016): 0 -> 1
Cell (virus_2993504,host_143942): 0 -> 1
Cell (virus_2993504,host_258889): 0 -> 1
Cell (virus_1335626,host_187011): 0 -> 1
Cell (virus_1335626,host_375553): 0 -> 1
Cell (virus_1335626,host_294653): 0 -> 1
Cell (virus_1335626,host_59463): 0 -> 1
Cell (virus_1335626,host_109480): 0 -> 1
Cell (virus_1335626,host_1633875): 0 -> 1
Cell (virus_1335626,host_2528591): 0 -> 1
Cell (virus_1335626,host_51298): 0 -> 1
Cell (virus_1335626,host_225399): 0 -> 1
Cell (virus_1335626,host_392004): 0 -> 1
Cell (virus_1335626,host_392318): 0 -> 1
Cell (virus_1335626,host_187014): 0 -> 1
Cell (virus_1335626,host_526407): 0 -> 1
Cell (virus_1335626,host_1911917): 0 -> 1
Cell (virus_1335626,host_452654): 0 -> 1
Cell (virus_1335626,host_587652): 0 -> 1
Cell (virus_1335626,host_225400): 0 -> 1
Cell (virus_1335626,host_385037): 0 -> 1
Cell (virus_1335626,host_155035): 0 -> 1
Cell (virus_1335626,host_258925): 0 -> 1
Cell (virus_1335626,host_177185): 0 -> 1
Cell (virus_1335626,host_186991): 0 -> 1
Cell (virus_1335626,host_270698): 0 -> 1
Cell (virus_1335626,host_376555): 0 -> 1
Cell (virus_1335626,host_196889): 0 -> 1
Cell (virus_1335626,host_337452): 0 -> 1
Cell (virus_1335626,host_76837): 0 -> 1
Cell (virus_1335626,host_178895): 0 -> 1
Cell (virus_1335626,host_608708): 0 -> 1
Cell (virus_1335626,host_196297): 0 -> 1
Cell (virus_1335626,host_9402): 0 -> 1
Cell (virus_1335626,host_9403): 0 -> 1
Cell (virus_1335626,host_58057): 0 -> 1
Cell (virus_1335626,host_1898389): 0 -> 1
Cell (virus_1335626,host_372077): 0 -> 1
Cell (virus_1335626,host_903567): 0 -> 1
Cell (virus_1335626,host_58067): 0 -> 1
Cell (virus_1335626,host_58071): 0 -> 1
Cell (virus_1335626,host_58073): 0 -> 1
Cell (virus_1335626,host_1898393): 0 -> 1
Cell (virus_1335626,host_77223): 0 -> 1
Cell (virus_1335626,host_9408): 0 -> 1
Cell (virus_1335626,host_58063): 0 -> 1
Cell (virus_1335626,host_9400): 0 -> 1
Cell (virus_1335626,host_298110): 0 -> 1
Cell (virus_1335626,host_326081): 0 -> 1
Cell (virus_1335626,host_1381355): 0 -> 1
Cell (virus_1335626,host_187003): 0 -> 1
Cell (virus_1335626,host_118856): 0 -> 1
Cell (virus_1335626,host_138695): 0 -> 1
Cell (virus_1335626,host_208969): 0 -> 1
Cell (virus_1335626,host_27663): 0 -> 1
Cell (virus_1335626,host_574064): 0 -> 1
Cell (virus_1335626,host_27660): 0 -> 1
Cell (virus_1335626,host_27638): 0 -> 1
Cell (virus_1335626,host_2994998): 0 -> 1
Cell (virus_1335626,host_409031): 0 -> 1
Cell (virus_1335626,host_89673): 0 -> 1
Cell (virus_1335626,host_148061): 0 -> 1
Cell (virus_1335626,host_148089): 0 -> 1
Cell (virus_1335626,host_94961): 0 -> 1
Cell (virus_1335626,host_59472): 0 -> 1
Cell (virus_1335626,host_1434095): 0 -> 1
Cell (virus_1335626,host_221086): 0 -> 1
Cell (virus_1335626,host_221087): 0 -> 1
Cell (virus_1335626,host_187007): 0 -> 1
Cell (virus_1335626,host_438766): 0 -> 1
Cell (virus_1335626,host_258934): 0 -> 1
Cell (virus_1335626,host_479723): 0 -> 1
Cell (virus_1335626,host_3041509): 0 -> 1
Cell (virus_1335626,host_2218597): 0 -> 1
Cell (virus_1335626,host_242384): 0 -> 1
Cell (virus_1335626,host_452595): 0 -> 1
Cell (virus_1335626,host_3370289): 0 -> 1
Cell (virus_1335626,host_9438): 0 -> 1
Cell (virus_1335626,host_153297): 0 -> 1
Cell (virus_1335626,host_249034): 0 -> 1
Cell (virus_1335626,host_249033): 0 -> 1
Cell (virus_1335626,host_258930): 0 -> 1
Cell (virus_1335626,host_2969767): 0 -> 1
Cell (virus_1335626,host_3371014): 0 -> 1
Cell (virus_1335626,host_3371016): 0 -> 1
Cell (virus_3433633,host_187011): 0 -> 1
Cell (virus_3433633,host_375553): 0 -> 1
Cell (virus_3433633,host_294653): 0 -> 1
Cell (virus_3433633,host_59463): 0 -> 1
Cell (virus_3433633,host_109480): 0 -> 1
Cell (virus_3433633,host_1633875): 0 -> 1
Cell (virus_3433633,host_2528591): 0 -> 1
Cell (virus_3433633,host_51298): 0 -> 1
Cell (virus_3433633,host_225399): 0 -> 1
Cell (virus_3433633,host_392004): 0 -> 1
Cell (virus_3433633,host_392318): 0 -> 1
Cell (virus_3433633,host_187014): 0 -> 1
Cell (virus_3433633,host_526407): 0 -> 1
Cell (virus_3433633,host_1911917): 0 -> 1
Cell (virus_3433633,host_452654): 0 -> 1
Cell (virus_3433633,host_587652): 0 -> 1
Cell (virus_3433633,host_225400): 0 -> 1
Cell (virus_3433633,host_385037): 0 -> 1
Cell (virus_3433633,host_155035): 0 -> 1
Cell (virus_3433633,host_258925): 0 -> 1
Cell (virus_3433633,host_177185): 0 -> 1
Cell (virus_3433633,host_186991): 0 -> 1
Cell (virus_3433633,host_270698): 0 -> 1
Cell (virus_3433633,host_376555): 0 -> 1
Cell (virus_3433633,host_196889): 0 -> 1
Cell (virus_3433633,host_337452): 0 -> 1
Cell (virus_3433633,host_76837): 0 -> 1
Cell (virus_3433633,host_178895): 0 -> 1
Cell (virus_3433633,host_608708): 0 -> 1
Cell (virus_3433633,host_196297): 0 -> 1
Cell (virus_3433633,host_9402): 0 -> 1
Cell (virus_3433633,host_9403): 0 -> 1
Cell (virus_3433633,host_58057): 0 -> 1
Cell (virus_3433633,host_1898389): 0 -> 1
Cell (virus_3433633,host_372077): 0 -> 1
Cell (virus_3433633,host_903567): 0 -> 1
Cell (virus_3433633,host_58067): 0 -> 1
Cell (virus_3433633,host_58071): 0 -> 1
Cell (virus_3433633,host_58073): 0 -> 1
Cell (virus_3433633,host_1898393): 0 -> 1
Cell (virus_3433633,host_77223): 0 -> 1
Cell (virus_3433633,host_9408): 0 -> 1
Cell (virus_3433633,host_58063): 0 -> 1
Cell (virus_3433633,host_9400): 0 -> 1
Cell (virus_3433633,host_298110): 0 -> 1
Cell (virus_3433633,host_326081): 0 -> 1
Cell (virus_3433633,host_1381355): 0 -> 1
Cell (virus_3433633,host_187003): 0 -> 1
Cell (virus_3433633,host_118856): 0 -> 1
Cell (virus_3433633,host_138695): 0 -> 1
Cell (virus_3433633,host_208969): 0 -> 1
Cell (virus_3433633,host_27663): 0 -> 1
Cell (virus_3433633,host_574064): 0 -> 1
Cell (virus_3433633,host_27660): 0 -> 1
Cell (virus_3433633,host_27638): 0 -> 1
Cell (virus_3433633,host_2994998): 0 -> 1
Cell (virus_3433633,host_409031): 0 -> 1
Cell (virus_3433633,host_89673): 0 -> 1
Cell (virus_3433633,host_148061): 0 -> 1
Cell (virus_3433633,host_148089): 0 -> 1
Cell (virus_3433633,host_94961): 0 -> 1
Cell (virus_3433633,host_59472): 0 -> 1
Cell (virus_3433633,host_1434095): 0 -> 1
Cell (virus_3433633,host_221086): 0 -> 1
Cell (virus_3433633,host_221087): 0 -> 1
Cell (virus_3433633,host_187007): 0 -> 1
Cell (virus_3433633,host_438766): 0 -> 1
Cell (virus_3433633,host_258934): 0 -> 1
Cell (virus_3433633,host_479723): 0 -> 1
Cell (virus_3433633,host_3041509): 0 -> 1
Cell (virus_3433633,host_2218597): 0 -> 1
Cell (virus_3433633,host_242384): 0 -> 1
Cell (virus_3433633,host_452595): 0 -> 1
Cell (virus_3433633,host_3370289): 0 -> 1
Cell (virus_3433633,host_9438): 0 -> 1
Cell (virus_3433633,host_153297): 0 -> 1
Cell (virus_3433633,host_249034): 0 -> 1
Cell (virus_3433633,host_249033): 0 -> 1
Cell (virus_3433633,host_258930): 0 -> 1
Cell (virus_3433633,host_2969767): 0 -> 1
Cell (virus_3433633,host_3371014): 0 -> 1
Cell (virus_3433633,host_3371016): 0 -> 1
Cell (virus_1508220,host_187011): 0 -> 1
Cell (virus_1508220,host_375553): 0 -> 1
Cell (virus_1508220,host_294653): 0 -> 1
Cell (virus_1508220,host_59463): 0 -> 1
Cell (virus_1508220,host_109480): 0 -> 1
Cell (virus_1508220,host_1633875): 0 -> 1
Cell (virus_1508220,host_2528591): 0 -> 1
Cell (virus_1508220,host_51298): 0 -> 1
Cell (virus_1508220,host_225399): 0 -> 1
Cell (virus_1508220,host_392004): 0 -> 1
Cell (virus_1508220,host_392318): 0 -> 1
Cell (virus_1508220,host_187014): 0 -> 1
Cell (virus_1508220,host_526407): 0 -> 1
Cell (virus_1508220,host_1911917): 0 -> 1
Cell (virus_1508220,host_452654): 0 -> 1
Cell (virus_1508220,host_587652): 0 -> 1
Cell (virus_1508220,host_225400): 0 -> 1
Cell (virus_1508220,host_385037): 0 -> 1
Cell (virus_1508220,host_155035): 0 -> 1
Cell (virus_1508220,host_258925): 0 -> 1
Cell (virus_1508220,host_177185): 0 -> 1
Cell (virus_1508220,host_186991): 0 -> 1
Cell (virus_1508220,host_270698): 0 -> 1
Cell (virus_1508220,host_376555): 0 -> 1
Cell (virus_1508220,host_196889): 0 -> 1
Cell (virus_1508220,host_337452): 0 -> 1
Cell (virus_1508220,host_76837): 0 -> 1
Cell (virus_1508220,host_178895): 0 -> 1
Cell (virus_1508220,host_608708): 0 -> 1
Cell (virus_1508220,host_196297): 0 -> 1
Cell (virus_1508220,host_9402): 0 -> 1
Cell (virus_1508220,host_9403): 0 -> 1
Cell (virus_1508220,host_58057): 0 -> 1
Cell (virus_1508220,host_1898389): 0 -> 1
Cell (virus_1508220,host_372077): 0 -> 1
Cell (virus_1508220,host_903567): 0 -> 1
Cell (virus_1508220,host_58067): 0 -> 1
Cell (virus_1508220,host_58071): 0 -> 1
Cell (virus_1508220,host_58073): 0 -> 1
Cell (virus_1508220,host_1898393): 0 -> 1
Cell (virus_1508220,host_77223): 0 -> 1
Cell (virus_1508220,host_9408): 0 -> 1
Cell (virus_1508220,host_58063): 0 -> 1
Cell (virus_1508220,host_9400): 0 -> 1
Cell (virus_1508220,host_298110): 0 -> 1
Cell (virus_1508220,host_326081): 0 -> 1
Cell (virus_1508220,host_1381355): 0 -> 1
Cell (virus_1508220,host_187003): 0 -> 1
Cell (virus_1508220,host_118856): 0 -> 1
Cell (virus_1508220,host_138695): 0 -> 1
Cell (virus_1508220,host_208969): 0 -> 1
Cell (virus_1508220,host_27663): 0 -> 1
Cell (virus_1508220,host_574064): 0 -> 1
Cell (virus_1508220,host_27660): 0 -> 1
Cell (virus_1508220,host_27638): 0 -> 1
Cell (virus_1508220,host_2994998): 0 -> 1
Cell (virus_1508220,host_409031): 0 -> 1
Cell (virus_1508220,host_89673): 0 -> 1
Cell (virus_1508220,host_148061): 0 -> 1
Cell (virus_1508220,host_148089): 0 -> 1
Cell (virus_1508220,host_94961): 0 -> 1
Cell (virus_1508220,host_59472): 0 -> 1
Cell (virus_1508220,host_1434095): 0 -> 1
Cell (virus_1508220,host_221086): 0 -> 1
Cell (virus_1508220,host_221087): 0 -> 1
Cell (virus_1508220,host_187007): 0 -> 1
Cell (virus_1508220,host_438766): 0 -> 1
Cell (virus_1508220,host_258934): 0 -> 1
Cell (virus_1508220,host_479723): 0 -> 1
Cell (virus_1508220,host_3041509): 0 -> 1
Cell (virus_1508220,host_2218597): 0 -> 1
Cell (virus_1508220,host_242384): 0 -> 1
Cell (virus_1508220,host_452595): 0 -> 1
Cell (virus_1508220,host_3370289): 0 -> 1
Cell (virus_1508220,host_9438): 0 -> 1
Cell (virus_1508220,host_153297): 0 -> 1
Cell (virus_1508220,host_249034): 0 -> 1
Cell (virus_1508220,host_249033): 0 -> 1
Cell (virus_1508220,host_258930): 0 -> 1
Cell (virus_1508220,host_2969767): 0 -> 1
Cell (virus_1508220,host_3371014): 0 -> 1
Cell (virus_1508220,host_3371016): 0 -> 1
Cell (virus_3433775,host_187011): 0 -> 1
Cell (virus_3433775,host_375553): 0 -> 1
Cell (virus_3433775,host_294653): 0 -> 1
Cell (virus_3433775,host_59463): 0 -> 1
Cell (virus_3433775,host_109480): 0 -> 1
Cell (virus_3433775,host_1633875): 0 -> 1
Cell (virus_3433775,host_2528591): 0 -> 1
Cell (virus_3433775,host_51298): 0 -> 1
Cell (virus_3433775,host_225399): 0 -> 1
Cell (virus_3433775,host_392004): 0 -> 1
Cell (virus_3433775,host_392318): 0 -> 1
Cell (virus_3433775,host_187014): 0 -> 1
Cell (virus_3433775,host_526407): 0 -> 1
Cell (virus_3433775,host_1911917): 0 -> 1
Cell (virus_3433775,host_452654): 0 -> 1
Cell (virus_3433775,host_587652): 0 -> 1
Cell (virus_3433775,host_225400): 0 -> 1
Cell (virus_3433775,host_385037): 0 -> 1
Cell (virus_3433775,host_155035): 0 -> 1
Cell (virus_3433775,host_258925): 0 -> 1
Cell (virus_3433775,host_177185): 0 -> 1
Cell (virus_3433775,host_186991): 0 -> 1
Cell (virus_3433775,host_270698): 0 -> 1
Cell (virus_3433775,host_376555): 0 -> 1
Cell (virus_3433775,host_196889): 0 -> 1
Cell (virus_3433775,host_337452): 0 -> 1
Cell (virus_3433775,host_76837): 0 -> 1
Cell (virus_3433775,host_178895): 0 -> 1
Cell (virus_3433775,host_608708): 0 -> 1
Cell (virus_3433775,host_196297): 0 -> 1
Cell (virus_3433775,host_9402): 0 -> 1
Cell (virus_3433775,host_9403): 0 -> 1
Cell (virus_3433775,host_58057): 0 -> 1
Cell (virus_3433775,host_1898389): 0 -> 1
Cell (virus_3433775,host_372077): 0 -> 1
Cell (virus_3433775,host_58067): 0 -> 1
Cell (virus_3433775,host_58071): 0 -> 1
Cell (virus_3433775,host_58073): 0 -> 1
Cell (virus_3433775,host_1898393): 0 -> 1
Cell (virus_3433775,host_77223): 0 -> 1
Cell (virus_3433775,host_9408): 0 -> 1
Cell (virus_3433775,host_58063): 0 -> 1
Cell (virus_3433775,host_9400): 0 -> 1
Cell (virus_3433775,host_298110): 0 -> 1
Cell (virus_3433775,host_326081): 0 -> 1
Cell (virus_3433775,host_1381355): 0 -> 1
Cell (virus_3433775,host_187003): 0 -> 1
Cell (virus_3433775,host_118856): 0 -> 1
Cell (virus_3433775,host_138695): 0 -> 1
Cell (virus_3433775,host_208969): 0 -> 1
Cell (virus_3433775,host_27663): 0 -> 1
Cell (virus_3433775,host_574064): 0 -> 1
Cell (virus_3433775,host_27660): 0 -> 1
Cell (virus_3433775,host_27638): 0 -> 1
Cell (virus_3433775,host_2994998): 0 -> 1
Cell (virus_3433775,host_409031): 0 -> 1
Cell (virus_3433775,host_89673): 0 -> 1
Cell (virus_3433775,host_148061): 0 -> 1
Cell (virus_3433775,host_148089): 0 -> 1
Cell (virus_3433775,host_94961): 0 -> 1
Cell (virus_3433775,host_59472): 0 -> 1
Cell (virus_3433775,host_1434095): 0 -> 1
Cell (virus_3433775,host_221086): 0 -> 1
Cell (virus_3433775,host_221087): 0 -> 1
Cell (virus_3433775,host_187007): 0 -> 1
Cell (virus_3433775,host_438766): 0 -> 1
Cell (virus_3433775,host_258934): 0 -> 1
Cell (virus_3433775,host_479723): 0 -> 1
Cell (virus_3433775,host_3041509): 0 -> 1
Cell (virus_3433775,host_2218597): 0 -> 1
Cell (virus_3433775,host_242384): 0 -> 1
Cell (virus_3433775,host_452595): 0 -> 1
Cell (virus_3433775,host_3370289): 0 -> 1
Cell (virus_3433775,host_9438): 0 -> 1
Cell (virus_3433775,host_153297): 0 -> 1
Cell (virus_3433775,host_249034): 0 -> 1
Cell (virus_3433775,host_249033): 0 -> 1
Cell (virus_3433775,host_258930): 0 -> 1
Cell (virus_3433775,host_2969767): 0 -> 1
Cell (virus_3433775,host_3371014): 0 -> 1
Cell (virus_3433775,host_3371016): 0 -> 1
Cell (virus_694008,host_187011): 0 -> 1
Cell (virus_694008,host_375553): 0 -> 1
Cell (virus_694008,host_294653): 0 -> 1
Cell (virus_694008,host_59463): 0 -> 1
Cell (virus_694008,host_109480): 0 -> 1
Cell (virus_694008,host_1633875): 0 -> 1
Cell (virus_694008,host_2528591): 0 -> 1
Cell (virus_694008,host_51298): 0 -> 1
Cell (virus_694008,host_225399): 0 -> 1
Cell (virus_694008,host_392004): 0 -> 1
Cell (virus_694008,host_392318): 0 -> 1
Cell (virus_694008,host_187014): 0 -> 1
Cell (virus_694008,host_526407): 0 -> 1
Cell (virus_694008,host_1911917): 0 -> 1
Cell (virus_694008,host_452654): 0 -> 1
Cell (virus_694008,host_587652): 0 -> 1
Cell (virus_694008,host_225400): 0 -> 1
Cell (virus_694008,host_385037): 0 -> 1
Cell (virus_694008,host_155035): 0 -> 1
Cell (virus_694008,host_258925): 0 -> 1
Cell (virus_694008,host_177185): 0 -> 1
Cell (virus_694008,host_186991): 0 -> 1
Cell (virus_694008,host_270698): 0 -> 1
Cell (virus_694008,host_376555): 0 -> 1
Cell (virus_694008,host_196889): 0 -> 1
Cell (virus_694008,host_337452): 0 -> 1
Cell (virus_694008,host_76837): 0 -> 1
Cell (virus_694008,host_178895): 0 -> 1
Cell (virus_694008,host_608708): 0 -> 1
Cell (virus_694008,host_196297): 0 -> 1
Cell (virus_694008,host_9402): 0 -> 1
Cell (virus_694008,host_9403): 0 -> 1
Cell (virus_694008,host_58057): 0 -> 1
Cell (virus_694008,host_1898389): 0 -> 1
Cell (virus_694008,host_372077): 0 -> 1
Cell (virus_694008,host_58067): 0 -> 1
Cell (virus_694008,host_58071): 0 -> 1
Cell (virus_694008,host_58073): 0 -> 1
Cell (virus_694008,host_1898393): 0 -> 1
Cell (virus_694008,host_77223): 0 -> 1
Cell (virus_694008,host_9408): 0 -> 1
Cell (virus_694008,host_58063): 0 -> 1
Cell (virus_694008,host_9400): 0 -> 1
Cell (virus_694008,host_298110): 0 -> 1
Cell (virus_694008,host_326081): 0 -> 1
Cell (virus_694008,host_1381355): 0 -> 1
Cell (virus_694008,host_187003): 0 -> 1
Cell (virus_694008,host_118856): 0 -> 1
Cell (virus_694008,host_138695): 0 -> 1
Cell (virus_694008,host_208969): 0 -> 1
Cell (virus_694008,host_27663): 0 -> 1
Cell (virus_694008,host_574064): 0 -> 1
Cell (virus_694008,host_27660): 0 -> 1
Cell (virus_694008,host_27638): 0 -> 1
Cell (virus_694008,host_2994998): 0 -> 1
Cell (virus_694008,host_409031): 0 -> 1
Cell (virus_694008,host_89673): 0 -> 1
Cell (virus_694008,host_148061): 0 -> 1
Cell (virus_694008,host_148089): 0 -> 1
Cell (virus_694008,host_94961): 0 -> 1
Cell (virus_694008,host_59472): 0 -> 1
Cell (virus_694008,host_1434095): 0 -> 1
Cell (virus_694008,host_221086): 0 -> 1
Cell (virus_694008,host_221087): 0 -> 1
Cell (virus_694008,host_187007): 0 -> 1
Cell (virus_694008,host_438766): 0 -> 1
Cell (virus_694008,host_258934): 0 -> 1
Cell (virus_694008,host_479723): 0 -> 1
Cell (virus_694008,host_3041509): 0 -> 1
Cell (virus_694008,host_2218597): 0 -> 1
Cell (virus_694008,host_242384): 0 -> 1
Cell (virus_694008,host_452595): 0 -> 1
Cell (virus_694008,host_3370289): 0 -> 1
Cell (virus_694008,host_9438): 0 -> 1
Cell (virus_694008,host_153297): 0 -> 1
Cell (virus_694008,host_249034): 0 -> 1
Cell (virus_694008,host_249033): 0 -> 1
Cell (virus_694008,host_258930): 0 -> 1
Cell (virus_694008,host_2969767): 0 -> 1
Cell (virus_694008,host_3371014): 0 -> 1
Cell (virus_694008,host_3371016): 0 -> 1
Cell (virus_2832974,host_187011): 0 -> 1
Cell (virus_2832974,host_375553): 0 -> 1
Cell (virus_2832974,host_294653): 0 -> 1
Cell (virus_2832974,host_59463): 0 -> 1
Cell (virus_2832974,host_109480): 0 -> 1
Cell (virus_2832974,host_1633875): 0 -> 1
Cell (virus_2832974,host_2528591): 0 -> 1
Cell (virus_2832974,host_51298): 0 -> 1
Cell (virus_2832974,host_225399): 0 -> 1
Cell (virus_2832974,host_392004): 0 -> 1
Cell (virus_2832974,host_392318): 0 -> 1
Cell (virus_2832974,host_187014): 0 -> 1
Cell (virus_2832974,host_526407): 0 -> 1
Cell (virus_2832974,host_1911917): 0 -> 1
Cell (virus_2832974,host_452654): 0 -> 1
Cell (virus_2832974,host_587652): 0 -> 1
Cell (virus_2832974,host_225400): 0 -> 1
Cell (virus_2832974,host_385037): 0 -> 1
Cell (virus_2832974,host_155035): 0 -> 1
Cell (virus_2832974,host_258925): 0 -> 1
Cell (virus_2832974,host_177185): 0 -> 1
Cell (virus_2832974,host_186991): 0 -> 1
Cell (virus_2832974,host_270698): 0 -> 1
Cell (virus_2832974,host_376555): 0 -> 1
Cell (virus_2832974,host_196889): 0 -> 1
Cell (virus_2832974,host_337452): 0 -> 1
Cell (virus_2832974,host_76837): 0 -> 1
Cell (virus_2832974,host_178895): 0 -> 1
Cell (virus_2832974,host_608708): 0 -> 1
Cell (virus_2832974,host_196297): 0 -> 1
Cell (virus_2832974,host_9402): 0 -> 1
Cell (virus_2832974,host_9403): 0 -> 1
Cell (virus_2832974,host_58057): 0 -> 1
Cell (virus_2832974,host_1898389): 0 -> 1
Cell (virus_2832974,host_372077): 0 -> 1
Cell (virus_2832974,host_903567): 0 -> 1
Cell (virus_2832974,host_58067): 0 -> 1
Cell (virus_2832974,host_58071): 0 -> 1
Cell (virus_2832974,host_58073): 0 -> 1
Cell (virus_2832974,host_1898393): 0 -> 1
Cell (virus_2832974,host_77223): 0 -> 1
Cell (virus_2832974,host_9408): 0 -> 1
Cell (virus_2832974,host_58063): 0 -> 1
Cell (virus_2832974,host_9400): 0 -> 1
Cell (virus_2832974,host_298110): 0 -> 1
Cell (virus_2832974,host_326081): 0 -> 1
Cell (virus_2832974,host_1381355): 0 -> 1
Cell (virus_2832974,host_187003): 0 -> 1
Cell (virus_2832974,host_118856): 0 -> 1
Cell (virus_2832974,host_138695): 0 -> 1
Cell (virus_2832974,host_208969): 0 -> 1
Cell (virus_2832974,host_27663): 0 -> 1
Cell (virus_2832974,host_574064): 0 -> 1
Cell (virus_2832974,host_27660): 0 -> 1
Cell (virus_2832974,host_27638): 0 -> 1
Cell (virus_2832974,host_2994998): 0 -> 1
Cell (virus_2832974,host_409031): 0 -> 1
Cell (virus_2832974,host_89673): 0 -> 1
Cell (virus_2832974,host_148061): 0 -> 1
Cell (virus_2832974,host_148089): 0 -> 1
Cell (virus_2832974,host_94961): 0 -> 1
Cell (virus_2832974,host_59472): 0 -> 1
Cell (virus_2832974,host_1434095): 0 -> 1
Cell (virus_2832974,host_221086): 0 -> 1
Cell (virus_2832974,host_221087): 0 -> 1
Cell (virus_2832974,host_187007): 0 -> 1
Cell (virus_2832974,host_438766): 0 -> 1
Cell (virus_2832974,host_258934): 0 -> 1
Cell (virus_2832974,host_479723): 0 -> 1
Cell (virus_2832974,host_3041509): 0 -> 1
Cell (virus_2832974,host_2218597): 0 -> 1
Cell (virus_2832974,host_242384): 0 -> 1
Cell (virus_2832974,host_452595): 0 -> 1
Cell (virus_2832974,host_3370289): 0 -> 1
Cell (virus_2832974,host_9438): 0 -> 1
Cell (virus_2832974,host_153297): 0 -> 1
Cell (virus_2832974,host_249034): 0 -> 1
Cell (virus_2832974,host_249033): 0 -> 1
Cell (virus_2832974,host_258930): 0 -> 1
Cell (virus_2832974,host_2969767): 0 -> 1
Cell (virus_2832974,host_3371014): 0 -> 1
Cell (virus_2832974,host_3371016): 0 -> 1
Cell (virus_1928434,host_187011): 0 -> 1
Cell (virus_1928434,host_375553): 0 -> 1
Cell (virus_1928434,host_294653): 0 -> 1
Cell (virus_1928434,host_59463): 0 -> 1
Cell (virus_1928434,host_109480): 0 -> 1
Cell (virus_1928434,host_1633875): 0 -> 1
Cell (virus_1928434,host_2528591): 0 -> 1
Cell (virus_1928434,host_51298): 0 -> 1
Cell (virus_1928434,host_225399): 0 -> 1
Cell (virus_1928434,host_392004): 0 -> 1
Cell (virus_1928434,host_392318): 0 -> 1
Cell (virus_1928434,host_187014): 0 -> 1
Cell (virus_1928434,host_526407): 0 -> 1
Cell (virus_1928434,host_1911917): 0 -> 1
Cell (virus_1928434,host_452654): 0 -> 1
Cell (virus_1928434,host_225400): 0 -> 1
Cell (virus_1928434,host_385037): 0 -> 1
Cell (virus_1928434,host_155035): 0 -> 1
Cell (virus_1928434,host_258925): 0 -> 1
Cell (virus_1928434,host_177185): 0 -> 1
Cell (virus_1928434,host_186991): 0 -> 1
Cell (virus_1928434,host_159858): 0 -> 1
Cell (virus_1928434,host_376555): 0 -> 1
Cell (virus_1928434,host_196889): 0 -> 1
Cell (virus_1928434,host_337452): 0 -> 1
Cell (virus_1928434,host_178895): 0 -> 1
Cell (virus_1928434,host_608708): 0 -> 1
Cell (virus_1928434,host_196297): 0 -> 1
Cell (virus_1928434,host_9402): 0 -> 1
Cell (virus_1928434,host_9403): 0 -> 1
Cell (virus_1928434,host_58057): 0 -> 1
Cell (virus_1928434,host_1898389): 0 -> 1
Cell (virus_1928434,host_372077): 0 -> 1
Cell (virus_1928434,host_903567): 0 -> 1
Cell (virus_1928434,host_58067): 0 -> 1
Cell (virus_1928434,host_58071): 0 -> 1
Cell (virus_1928434,host_58073): 0 -> 1
Cell (virus_1928434,host_1898393): 0 -> 1
Cell (virus_1928434,host_77223): 0 -> 1
Cell (virus_1928434,host_9408): 0 -> 1
Cell (virus_1928434,host_58063): 0 -> 1
Cell (virus_1928434,host_9400): 0 -> 1
Cell (virus_1928434,host_298110): 0 -> 1
Cell (virus_1928434,host_374419): 0 -> 1
Cell (virus_1928434,host_326081): 0 -> 1
Cell (virus_1928434,host_1381355): 0 -> 1
Cell (virus_1928434,host_187003): 0 -> 1
Cell (virus_1928434,host_118856): 0 -> 1
Cell (virus_1928434,host_138695): 0 -> 1
Cell (virus_1928434,host_208969): 0 -> 1
Cell (virus_1928434,host_27663): 0 -> 1
Cell (virus_1928434,host_574064): 0 -> 1
Cell (virus_1928434,host_27660): 0 -> 1
Cell (virus_1928434,host_27638): 0 -> 1
Cell (virus_1928434,host_2994998): 0 -> 1
Cell (virus_1928434,host_409031): 0 -> 1
Cell (virus_1928434,host_89673): 0 -> 1
Cell (virus_1928434,host_148061): 0 -> 1
Cell (virus_1928434,host_148089): 0 -> 1
Cell (virus_1928434,host_9430): 0 -> 1
Cell (virus_1928434,host_94961): 0 -> 1
Cell (virus_1928434,host_1434095): 0 -> 1
Cell (virus_1928434,host_221086): 0 -> 1
Cell (virus_1928434,host_221087): 0 -> 1
Cell (virus_1928434,host_187007): 0 -> 1
Cell (virus_1928434,host_438766): 0 -> 1
Cell (virus_1928434,host_258934): 0 -> 1
Cell (virus_1928434,host_479723): 0 -> 1
Cell (virus_1928434,host_3041509): 0 -> 1
Cell (virus_1928434,host_2218597): 0 -> 1
Cell (virus_1928434,host_242384): 0 -> 1
Cell (virus_1928434,host_452595): 0 -> 1
Cell (virus_1928434,host_3370289): 0 -> 1
Cell (virus_1928434,host_9438): 0 -> 1
Cell (virus_1928434,host_153297): 0 -> 1
Cell (virus_1928434,host_249034): 0 -> 1
Cell (virus_1928434,host_249033): 0 -> 1
Cell (virus_1928434,host_258930): 0 -> 1
Cell (virus_3433757,host_187011): 0 -> 1
Cell (virus_3433757,host_375553): 0 -> 1
Cell (virus_3433757,host_294653): 0 -> 1
Cell (virus_3433757,host_59463): 0 -> 1
Cell (virus_3433757,host_109480): 0 -> 1
Cell (virus_3433757,host_1633875): 0 -> 1
Cell (virus_3433757,host_2528591): 0 -> 1
Cell (virus_3433757,host_51298): 0 -> 1
Cell (virus_3433757,host_225399): 0 -> 1
Cell (virus_3433757,host_392004): 0 -> 1
Cell (virus_3433757,host_392318): 0 -> 1
Cell (virus_3433757,host_187014): 0 -> 1
Cell (virus_3433757,host_526407): 0 -> 1
Cell (virus_3433757,host_1911917): 0 -> 1
Cell (virus_3433757,host_452654): 0 -> 1
Cell (virus_3433757,host_225400): 0 -> 1
Cell (virus_3433757,host_385037): 0 -> 1
Cell (virus_3433757,host_155035): 0 -> 1
Cell (virus_3433757,host_258925): 0 -> 1
Cell (virus_3433757,host_177185): 0 -> 1
Cell (virus_3433757,host_186991): 0 -> 1
Cell (virus_3433757,host_159858): 0 -> 1
Cell (virus_3433757,host_376555): 0 -> 1
Cell (virus_3433757,host_196889): 0 -> 1
Cell (virus_3433757,host_337452): 0 -> 1
Cell (virus_3433757,host_178895): 0 -> 1
Cell (virus_3433757,host_608708): 0 -> 1
Cell (virus_3433757,host_196297): 0 -> 1
Cell (virus_3433757,host_9402): 0 -> 1
Cell (virus_3433757,host_9403): 0 -> 1
Cell (virus_3433757,host_58057): 0 -> 1
Cell (virus_3433757,host_1898389): 0 -> 1
Cell (virus_3433757,host_372077): 0 -> 1
Cell (virus_3433757,host_903567): 0 -> 1
Cell (virus_3433757,host_58067): 0 -> 1
Cell (virus_3433757,host_58071): 0 -> 1
Cell (virus_3433757,host_58073): 0 -> 1
Cell (virus_3433757,host_1898393): 0 -> 1
Cell (virus_3433757,host_77223): 0 -> 1
Cell (virus_3433757,host_9408): 0 -> 1
Cell (virus_3433757,host_58063): 0 -> 1
Cell (virus_3433757,host_9400): 0 -> 1
Cell (virus_3433757,host_298110): 0 -> 1
Cell (virus_3433757,host_374419): 0 -> 1
Cell (virus_3433757,host_326081): 0 -> 1
Cell (virus_3433757,host_1381355): 0 -> 1
Cell (virus_3433757,host_187003): 0 -> 1
Cell (virus_3433757,host_118856): 0 -> 1
Cell (virus_3433757,host_138695): 0 -> 1
Cell (virus_3433757,host_208969): 0 -> 1
Cell (virus_3433757,host_27663): 0 -> 1
Cell (virus_3433757,host_574064): 0 -> 1
Cell (virus_3433757,host_27660): 0 -> 1
Cell (virus_3433757,host_27638): 0 -> 1
Cell (virus_3433757,host_2994998): 0 -> 1
Cell (virus_3433757,host_409031): 0 -> 1
Cell (virus_3433757,host_89673): 0 -> 1
Cell (virus_3433757,host_148061): 0 -> 1
Cell (virus_3433757,host_148089): 0 -> 1
Cell (virus_3433757,host_9430): 0 -> 1
Cell (virus_3433757,host_94961): 0 -> 1
Cell (virus_3433757,host_1434095): 0 -> 1
Cell (virus_3433757,host_221086): 0 -> 1
Cell (virus_3433757,host_221087): 0 -> 1
Cell (virus_3433757,host_187007): 0 -> 1
Cell (virus_3433757,host_438766): 0 -> 1
Cell (virus_3433757,host_258934): 0 -> 1
Cell (virus_3433757,host_479723): 0 -> 1
Cell (virus_3433757,host_3041509): 0 -> 1
Cell (virus_3433757,host_2218597): 0 -> 1
Cell (virus_3433757,host_242384): 0 -> 1
Cell (virus_3433757,host_452595): 0 -> 1
Cell (virus_3433757,host_3370289): 0 -> 1
Cell (virus_3433757,host_9438): 0 -> 1
Cell (virus_3433757,host_153297): 0 -> 1
Cell (virus_3433757,host_249034): 0 -> 1
Cell (virus_3433757,host_249033): 0 -> 1
Cell (virus_3433757,host_258930): 0 -> 1
Cell (virus_694003,host_187011): 0 -> 1
Cell (virus_694003,host_375553): 0 -> 1
Cell (virus_694003,host_294653): 0 -> 1
Cell (virus_694003,host_59463): 0 -> 1
Cell (virus_694003,host_109480): 0 -> 1
Cell (virus_694003,host_1633875): 0 -> 1
Cell (virus_694003,host_2528591): 0 -> 1
Cell (virus_694003,host_51298): 0 -> 1
Cell (virus_694003,host_225399): 0 -> 1
Cell (virus_694003,host_392004): 0 -> 1
Cell (virus_694003,host_392318): 0 -> 1
Cell (virus_694003,host_187014): 0 -> 1
Cell (virus_694003,host_526407): 0 -> 1
Cell (virus_694003,host_1911917): 0 -> 1
Cell (virus_694003,host_452654): 0 -> 1
Cell (virus_694003,host_225400): 0 -> 1
Cell (virus_694003,host_385037): 0 -> 1
Cell (virus_694003,host_155035): 0 -> 1
Cell (virus_694003,host_258925): 0 -> 1
Cell (virus_694003,host_177185): 0 -> 1
Cell (virus_694003,host_186991): 0 -> 1
Cell (virus_694003,host_159858): 0 -> 1
Cell (virus_694003,host_376555): 0 -> 1
Cell (virus_694003,host_196889): 0 -> 1
Cell (virus_694003,host_337452): 0 -> 1
Cell (virus_694003,host_178895): 0 -> 1
Cell (virus_694003,host_608708): 0 -> 1
Cell (virus_694003,host_196297): 0 -> 1
Cell (virus_694003,host_9402): 0 -> 1
Cell (virus_694003,host_9403): 0 -> 1
Cell (virus_694003,host_58057): 0 -> 1
Cell (virus_694003,host_1898389): 0 -> 1
Cell (virus_694003,host_372077): 0 -> 1
Cell (virus_694003,host_903567): 0 -> 1
Cell (virus_694003,host_58067): 0 -> 1
Cell (virus_694003,host_58071): 0 -> 1
Cell (virus_694003,host_58073): 0 -> 1
Cell (virus_694003,host_1898393): 0 -> 1
Cell (virus_694003,host_77223): 0 -> 1
Cell (virus_694003,host_9408): 0 -> 1
Cell (virus_694003,host_58063): 0 -> 1
Cell (virus_694003,host_9400): 0 -> 1
Cell (virus_694003,host_298110): 0 -> 1
Cell (virus_694003,host_374419): 0 -> 1
Cell (virus_694003,host_326081): 0 -> 1
Cell (virus_694003,host_1381355): 0 -> 1
Cell (virus_694003,host_187003): 0 -> 1
Cell (virus_694003,host_118856): 0 -> 1
Cell (virus_694003,host_138695): 0 -> 1
Cell (virus_694003,host_208969): 0 -> 1
Cell (virus_694003,host_27663): 0 -> 1
Cell (virus_694003,host_574064): 0 -> 1
Cell (virus_694003,host_27660): 0 -> 1
Cell (virus_694003,host_27638): 0 -> 1
Cell (virus_694003,host_2994998): 0 -> 1
Cell (virus_694003,host_409031): 0 -> 1
Cell (virus_694003,host_89673): 0 -> 1
Cell (virus_694003,host_148061): 0 -> 1
Cell (virus_694003,host_148089): 0 -> 1
Cell (virus_694003,host_9430): 0 -> 1
Cell (virus_694003,host_94961): 0 -> 1
Cell (virus_694003,host_1434095): 0 -> 1
Cell (virus_694003,host_221086): 0 -> 1
Cell (virus_694003,host_221087): 0 -> 1
Cell (virus_694003,host_187007): 0 -> 1
Cell (virus_694003,host_438766): 0 -> 1
Cell (virus_694003,host_258934): 0 -> 1
Cell (virus_694003,host_479723): 0 -> 1
Cell (virus_694003,host_3041509): 0 -> 1
Cell (virus_694003,host_2218597): 0 -> 1
Cell (virus_694003,host_242384): 0 -> 1
Cell (virus_694003,host_452595): 0 -> 1
Cell (virus_694003,host_3370289): 0 -> 1
Cell (virus_694003,host_9438): 0 -> 1
Cell (virus_694003,host_153297): 0 -> 1
Cell (virus_694003,host_249034): 0 -> 1
Cell (virus_694003,host_249033): 0 -> 1
Cell (virus_694003,host_258930): 0 -> 1
Cell (virus_2717680,host_187011): 0 -> 1
Cell (virus_2717680,host_375553): 0 -> 1
Cell (virus_2717680,host_294653): 0 -> 1
Cell (virus_2717680,host_59463): 0 -> 1
Cell (virus_2717680,host_109480): 0 -> 1
Cell (virus_2717680,host_1633875): 0 -> 1
Cell (virus_2717680,host_2528591): 0 -> 1
Cell (virus_2717680,host_51298): 0 -> 1
Cell (virus_2717680,host_392004): 0 -> 1
Cell (virus_2717680,host_392318): 0 -> 1
Cell (virus_2717680,host_187014): 0 -> 1
Cell (virus_2717680,host_526407): 0 -> 1
Cell (virus_2717680,host_1911917): 0 -> 1
Cell (virus_2717680,host_452654): 0 -> 1
Cell (virus_2717680,host_587652): 0 -> 1
Cell (virus_2717680,host_225400): 0 -> 1
Cell (virus_2717680,host_385037): 0 -> 1
Cell (virus_2717680,host_155035): 0 -> 1
Cell (virus_2717680,host_258925): 0 -> 1
Cell (virus_2717680,host_177185): 0 -> 1
Cell (virus_2717680,host_186991): 0 -> 1
Cell (virus_2717680,host_159858): 0 -> 1
Cell (virus_2717680,host_376555): 0 -> 1
Cell (virus_2717680,host_196889): 0 -> 1
Cell (virus_2717680,host_337452): 0 -> 1
Cell (virus_2717680,host_76837): 0 -> 1
Cell (virus_2717680,host_178895): 0 -> 1
Cell (virus_2717680,host_608708): 0 -> 1
Cell (virus_2717680,host_196297): 0 -> 1
Cell (virus_2717680,host_9402): 0 -> 1
Cell (virus_2717680,host_9403): 0 -> 1
Cell (virus_2717680,host_58057): 0 -> 1
Cell (virus_2717680,host_1898389): 0 -> 1
Cell (virus_2717680,host_372077): 0 -> 1
Cell (virus_2717680,host_903567): 0 -> 1
Cell (virus_2717680,host_58067): 0 -> 1
Cell (virus_2717680,host_58071): 0 -> 1
Cell (virus_2717680,host_58073): 0 -> 1
Cell (virus_2717680,host_1898393): 0 -> 1
Cell (virus_2717680,host_77223): 0 -> 1
Cell (virus_2717680,host_9408): 0 -> 1
Cell (virus_2717680,host_58063): 0 -> 1
Cell (virus_2717680,host_9400): 0 -> 1
Cell (virus_2717680,host_298110): 0 -> 1
Cell (virus_2717680,host_374419): 0 -> 1
Cell (virus_2717680,host_326081): 0 -> 1
Cell (virus_2717680,host_1381355): 0 -> 1
Cell (virus_2717680,host_187003): 0 -> 1
Cell (virus_2717680,host_118856): 0 -> 1
Cell (virus_2717680,host_138695): 0 -> 1
Cell (virus_2717680,host_208969): 0 -> 1
Cell (virus_2717680,host_27663): 0 -> 1
Cell (virus_2717680,host_574064): 0 -> 1
Cell (virus_2717680,host_27660): 0 -> 1
Cell (virus_2717680,host_27638): 0 -> 1
Cell (virus_2717680,host_2994998): 0 -> 1
Cell (virus_2717680,host_89673): 0 -> 1
Cell (virus_2717680,host_148061): 0 -> 1
Cell (virus_2717680,host_9430): 0 -> 1
Cell (virus_2717680,host_1434095): 0 -> 1
Cell (virus_2717680,host_221086): 0 -> 1
Cell (virus_2717680,host_221087): 0 -> 1
Cell (virus_2717680,host_187007): 0 -> 1
Cell (virus_2717680,host_438766): 0 -> 1
Cell (virus_2717680,host_258934): 0 -> 1
Cell (virus_2717680,host_479723): 0 -> 1
Cell (virus_2717680,host_3041509): 0 -> 1
Cell (virus_2717680,host_2218597): 0 -> 1
Cell (virus_2717680,host_242384): 0 -> 1
Cell (virus_2717680,host_452595): 0 -> 1
Cell (virus_2717680,host_3370289): 0 -> 1
Cell (virus_2717680,host_9438): 0 -> 1
Cell (virus_2717680,host_153297): 0 -> 1
Cell (virus_2717680,host_249034): 0 -> 1
Cell (virus_2717680,host_249033): 0 -> 1
Cell (virus_2717680,host_258930): 0 -> 1
Cell (virus_2833022,host_187011): 0 -> 1
Cell (virus_2833022,host_375553): 0 -> 1
Cell (virus_2833022,host_294653): 0 -> 1
Cell (virus_2833022,host_59463): 0 -> 1
Cell (virus_2833022,host_109480): 0 -> 1
Cell (virus_2833022,host_1633875): 0 -> 1
Cell (virus_2833022,host_2528591): 0 -> 1
Cell (virus_2833022,host_51298): 0 -> 1
Cell (virus_2833022,host_392004): 0 -> 1
Cell (virus_2833022,host_392318): 0 -> 1
Cell (virus_2833022,host_187014): 0 -> 1
Cell (virus_2833022,host_526407): 0 -> 1
Cell (virus_2833022,host_1911917): 0 -> 1
Cell (virus_2833022,host_452654): 0 -> 1
Cell (virus_2833022,host_587652): 0 -> 1
Cell (virus_2833022,host_225400): 0 -> 1
Cell (virus_2833022,host_385037): 0 -> 1
Cell (virus_2833022,host_155035): 0 -> 1
Cell (virus_2833022,host_258925): 0 -> 1
Cell (virus_2833022,host_177185): 0 -> 1
Cell (virus_2833022,host_175524): 0 -> 1
Cell (virus_2833022,host_186991): 0 -> 1
Cell (virus_2833022,host_159858): 0 -> 1
Cell (virus_2833022,host_376555): 0 -> 1
Cell (virus_2833022,host_196889): 0 -> 1
Cell (virus_2833022,host_337452): 0 -> 1
Cell (virus_2833022,host_76837): 0 -> 1
Cell (virus_2833022,host_178895): 0 -> 1
Cell (virus_2833022,host_608708): 0 -> 1
Cell (virus_2833022,host_196297): 0 -> 1
Cell (virus_2833022,host_9402): 0 -> 1
Cell (virus_2833022,host_9403): 0 -> 1
Cell (virus_2833022,host_58057): 0 -> 1
Cell (virus_2833022,host_1898389): 0 -> 1
Cell (virus_2833022,host_372077): 0 -> 1
Cell (virus_2833022,host_903567): 0 -> 1
Cell (virus_2833022,host_58067): 0 -> 1
Cell (virus_2833022,host_58071): 0 -> 1
Cell (virus_2833022,host_58073): 0 -> 1
Cell (virus_2833022,host_1898393): 0 -> 1
Cell (virus_2833022,host_77223): 0 -> 1
Cell (virus_2833022,host_9408): 0 -> 1
Cell (virus_2833022,host_58063): 0 -> 1
Cell (virus_2833022,host_9400): 0 -> 1
Cell (virus_2833022,host_298110): 0 -> 1
Cell (virus_2833022,host_374419): 0 -> 1
Cell (virus_2833022,host_326081): 0 -> 1
Cell (virus_2833022,host_1381355): 0 -> 1
Cell (virus_2833022,host_187003): 0 -> 1
Cell (virus_2833022,host_118856): 0 -> 1
Cell (virus_2833022,host_138695): 0 -> 1
Cell (virus_2833022,host_208969): 0 -> 1
Cell (virus_2833022,host_27663): 0 -> 1
Cell (virus_2833022,host_574064): 0 -> 1
Cell (virus_2833022,host_27660): 0 -> 1
Cell (virus_2833022,host_27638): 0 -> 1
Cell (virus_2833022,host_2994998): 0 -> 1
Cell (virus_2833022,host_89673): 0 -> 1
Cell (virus_2833022,host_148061): 0 -> 1
Cell (virus_2833022,host_9430): 0 -> 1
Cell (virus_2833022,host_1434095): 0 -> 1
Cell (virus_2833022,host_221086): 0 -> 1
Cell (virus_2833022,host_221087): 0 -> 1
Cell (virus_2833022,host_187007): 0 -> 1
Cell (virus_2833022,host_438766): 0 -> 1
Cell (virus_2833022,host_258934): 0 -> 1
Cell (virus_2833022,host_479723): 0 -> 1
Cell (virus_2833022,host_3041509): 0 -> 1
Cell (virus_2833022,host_2218597): 0 -> 1
Cell (virus_2833022,host_242384): 0 -> 1
Cell (virus_2833022,host_452595): 0 -> 1
Cell (virus_2833022,host_3370289): 0 -> 1
Cell (virus_2833022,host_9438): 0 -> 1
Cell (virus_2833022,host_153297): 0 -> 1
Cell (virus_2833022,host_249034): 0 -> 1
Cell (virus_2833022,host_249033): 0 -> 1
Cell (virus_2833022,host_258930): 0 -> 1
Cell (virus_2833022,host_258909): 0 -> 1
Cell (virus_2913444,host_187011): 0 -> 1
Cell (virus_2913444,host_375553): 0 -> 1
Cell (virus_2913444,host_294653): 0 -> 1
Cell (virus_2913444,host_59463): 0 -> 1
Cell (virus_2913444,host_109480): 0 -> 1
Cell (virus_2913444,host_1633875): 0 -> 1
Cell (virus_2913444,host_2528591): 0 -> 1
Cell (virus_2913444,host_51298): 0 -> 1
Cell (virus_2913444,host_392004): 0 -> 1
Cell (virus_2913444,host_392318): 0 -> 1
Cell (virus_2913444,host_187014): 0 -> 1
Cell (virus_2913444,host_526407): 0 -> 1
Cell (virus_2913444,host_1911917): 0 -> 1
Cell (virus_2913444,host_452654): 0 -> 1
Cell (virus_2913444,host_587652): 0 -> 1
Cell (virus_2913444,host_225400): 0 -> 1
Cell (virus_2913444,host_385037): 0 -> 1
Cell (virus_2913444,host_155035): 0 -> 1
Cell (virus_2913444,host_258925): 0 -> 1
Cell (virus_2913444,host_177185): 0 -> 1
Cell (virus_2913444,host_186991): 0 -> 1
Cell (virus_2913444,host_159858): 0 -> 1
Cell (virus_2913444,host_376555): 0 -> 1
Cell (virus_2913444,host_196889): 0 -> 1
Cell (virus_2913444,host_337452): 0 -> 1
Cell (virus_2913444,host_76837): 0 -> 1
Cell (virus_2913444,host_178895): 0 -> 1
Cell (virus_2913444,host_608708): 0 -> 1
Cell (virus_2913444,host_196297): 0 -> 1
Cell (virus_2913444,host_9402): 0 -> 1
Cell (virus_2913444,host_9403): 0 -> 1
Cell (virus_2913444,host_58057): 0 -> 1
Cell (virus_2913444,host_1898389): 0 -> 1
Cell (virus_2913444,host_372077): 0 -> 1
Cell (virus_2913444,host_903567): 0 -> 1
Cell (virus_2913444,host_58067): 0 -> 1
Cell (virus_2913444,host_58071): 0 -> 1
Cell (virus_2913444,host_58073): 0 -> 1
Cell (virus_2913444,host_1898393): 0 -> 1
Cell (virus_2913444,host_77223): 0 -> 1
Cell (virus_2913444,host_9408): 0 -> 1
Cell (virus_2913444,host_58063): 0 -> 1
Cell (virus_2913444,host_9400): 0 -> 1
Cell (virus_2913444,host_298110): 0 -> 1
Cell (virus_2913444,host_374419): 0 -> 1
Cell (virus_2913444,host_326081): 0 -> 1
Cell (virus_2913444,host_1381355): 0 -> 1
Cell (virus_2913444,host_187003): 0 -> 1
Cell (virus_2913444,host_118856): 0 -> 1
Cell (virus_2913444,host_138695): 0 -> 1
Cell (virus_2913444,host_208969): 0 -> 1
Cell (virus_2913444,host_27663): 0 -> 1
Cell (virus_2913444,host_574064): 0 -> 1
Cell (virus_2913444,host_27660): 0 -> 1
Cell (virus_2913444,host_27638): 0 -> 1
Cell (virus_2913444,host_2994998): 0 -> 1
Cell (virus_2913444,host_89673): 0 -> 1
Cell (virus_2913444,host_148061): 0 -> 1
Cell (virus_2913444,host_9430): 0 -> 1
Cell (virus_2913444,host_1434095): 0 -> 1
Cell (virus_2913444,host_221086): 0 -> 1
Cell (virus_2913444,host_221087): 0 -> 1
Cell (virus_2913444,host_187007): 0 -> 1
Cell (virus_2913444,host_438766): 0 -> 1
Cell (virus_2913444,host_258934): 0 -> 1
Cell (virus_2913444,host_479723): 0 -> 1
Cell (virus_2913444,host_3041509): 0 -> 1
Cell (virus_2913444,host_2218597): 0 -> 1
Cell (virus_2913444,host_242384): 0 -> 1
Cell (virus_2913444,host_452595): 0 -> 1
Cell (virus_2913444,host_3370289): 0 -> 1
Cell (virus_2913444,host_9438): 0 -> 1
Cell (virus_2913444,host_153297): 0 -> 1
Cell (virus_2913444,host_249034): 0 -> 1
Cell (virus_2913444,host_249033): 0 -> 1
Cell (virus_2913444,host_258930): 0 -> 1
Cell (virus_2913444,host_258909): 0 -> 1
Cell (virus_3418614,host_187011): 0 -> 1
Cell (virus_3418614,host_375553): 0 -> 1
Cell (virus_3418614,host_294653): 0 -> 1
Cell (virus_3418614,host_59463): 0 -> 1
Cell (virus_3418614,host_109480): 0 -> 1
Cell (virus_3418614,host_1633875): 0 -> 1
Cell (virus_3418614,host_2528591): 0 -> 1
Cell (virus_3418614,host_51298): 0 -> 1
Cell (virus_3418614,host_225399): 0 -> 1
Cell (virus_3418614,host_392004): 0 -> 1
Cell (virus_3418614,host_392318): 0 -> 1
Cell (virus_3418614,host_187014): 0 -> 1
Cell (virus_3418614,host_526407): 0 -> 1
Cell (virus_3418614,host_1911917): 0 -> 1
Cell (virus_3418614,host_452654): 0 -> 1
Cell (virus_3418614,host_587652): 0 -> 1
Cell (virus_3418614,host_225400): 0 -> 1
Cell (virus_3418614,host_385037): 0 -> 1
Cell (virus_3418614,host_155035): 0 -> 1
Cell (virus_3418614,host_258925): 0 -> 1
Cell (virus_3418614,host_177185): 0 -> 1
Cell (virus_3418614,host_186991): 0 -> 1
Cell (virus_3418614,host_159858): 0 -> 1
Cell (virus_3418614,host_376555): 0 -> 1
Cell (virus_3418614,host_196889): 0 -> 1
Cell (virus_3418614,host_337452): 0 -> 1
Cell (virus_3418614,host_76837): 0 -> 1
Cell (virus_3418614,host_178895): 0 -> 1
Cell (virus_3418614,host_608708): 0 -> 1
Cell (virus_3418614,host_196297): 0 -> 1
Cell (virus_3418614,host_9402): 0 -> 1
Cell (virus_3418614,host_9403): 0 -> 1
Cell (virus_3418614,host_58057): 0 -> 1
Cell (virus_3418614,host_1898389): 0 -> 1
Cell (virus_3418614,host_372077): 0 -> 1
Cell (virus_3418614,host_903567): 0 -> 1
Cell (virus_3418614,host_58067): 0 -> 1
Cell (virus_3418614,host_58071): 0 -> 1
Cell (virus_3418614,host_58073): 0 -> 1
Cell (virus_3418614,host_1898393): 0 -> 1
Cell (virus_3418614,host_77223): 0 -> 1
Cell (virus_3418614,host_9408): 0 -> 1
Cell (virus_3418614,host_58063): 0 -> 1
Cell (virus_3418614,host_9400): 0 -> 1
Cell (virus_3418614,host_298110): 0 -> 1
Cell (virus_3418614,host_374419): 0 -> 1
Cell (virus_3418614,host_326081): 0 -> 1
Cell (virus_3418614,host_1381355): 0 -> 1
Cell (virus_3418614,host_187003): 0 -> 1
Cell (virus_3418614,host_118856): 0 -> 1
Cell (virus_3418614,host_138695): 0 -> 1
Cell (virus_3418614,host_208969): 0 -> 1
Cell (virus_3418614,host_27663): 0 -> 1
Cell (virus_3418614,host_574064): 0 -> 1
Cell (virus_3418614,host_27660): 0 -> 1
Cell (virus_3418614,host_27638): 0 -> 1
Cell (virus_3418614,host_2994998): 0 -> 1
Cell (virus_3418614,host_89673): 0 -> 1
Cell (virus_3418614,host_148061): 0 -> 1
Cell (virus_3418614,host_9430): 0 -> 1
Cell (virus_3418614,host_1434095): 0 -> 1
Cell (virus_3418614,host_221086): 0 -> 1
Cell (virus_3418614,host_221087): 0 -> 1
Cell (virus_3418614,host_187007): 0 -> 1
Cell (virus_3418614,host_438766): 0 -> 1
Cell (virus_3418614,host_258934): 0 -> 1
Cell (virus_3418614,host_479723): 0 -> 1
Cell (virus_3418614,host_3041509): 0 -> 1
Cell (virus_3418614,host_2218597): 0 -> 1
Cell (virus_3418614,host_242384): 0 -> 1
Cell (virus_3418614,host_452595): 0 -> 1
Cell (virus_3418614,host_3370289): 0 -> 1
Cell (virus_3418614,host_9438): 0 -> 1
Cell (virus_3418614,host_153297): 0 -> 1
Cell (virus_3418614,host_249034): 0 -> 1
Cell (virus_3418614,host_249033): 0 -> 1
Cell (virus_3418614,host_258930): 0 -> 1
Cell (virus_2913379,host_187011): 0 -> 1
Cell (virus_2913379,host_375553): 0 -> 1
Cell (virus_2913379,host_294653): 0 -> 1
Cell (virus_2913379,host_59463): 0 -> 1
Cell (virus_2913379,host_109480): 0 -> 1
Cell (virus_2913379,host_1633875): 0 -> 1
Cell (virus_2913379,host_2528591): 0 -> 1
Cell (virus_2913379,host_51298): 0 -> 1
Cell (virus_2913379,host_225399): 0 -> 1
Cell (virus_2913379,host_392004): 0 -> 1
Cell (virus_2913379,host_392318): 0 -> 1
Cell (virus_2913379,host_187014): 0 -> 1
Cell (virus_2913379,host_526407): 0 -> 1
Cell (virus_2913379,host_1911917): 0 -> 1
Cell (virus_2913379,host_452654): 0 -> 1
Cell (virus_2913379,host_587652): 0 -> 1
Cell (virus_2913379,host_225400): 0 -> 1
Cell (virus_2913379,host_385037): 0 -> 1
Cell (virus_2913379,host_155035): 0 -> 1
Cell (virus_2913379,host_258925): 0 -> 1
Cell (virus_2913379,host_177185): 0 -> 1
Cell (virus_2913379,host_186991): 0 -> 1
Cell (virus_2913379,host_159858): 0 -> 1
Cell (virus_2913379,host_376555): 0 -> 1
Cell (virus_2913379,host_196889): 0 -> 1
Cell (virus_2913379,host_337452): 0 -> 1
Cell (virus_2913379,host_76837): 0 -> 1
Cell (virus_2913379,host_178895): 0 -> 1
Cell (virus_2913379,host_608708): 0 -> 1
Cell (virus_2913379,host_196297): 0 -> 1
Cell (virus_2913379,host_9402): 0 -> 1
Cell (virus_2913379,host_9403): 0 -> 1
Cell (virus_2913379,host_58057): 0 -> 1
Cell (virus_2913379,host_1898389): 0 -> 1
Cell (virus_2913379,host_372077): 0 -> 1
Cell (virus_2913379,host_903567): 0 -> 1
Cell (virus_2913379,host_58067): 0 -> 1
Cell (virus_2913379,host_58071): 0 -> 1
Cell (virus_2913379,host_58073): 0 -> 1
Cell (virus_2913379,host_1898393): 0 -> 1
Cell (virus_2913379,host_77223): 0 -> 1
Cell (virus_2913379,host_9408): 0 -> 1
Cell (virus_2913379,host_58063): 0 -> 1
Cell (virus_2913379,host_9400): 0 -> 1
Cell (virus_2913379,host_298110): 0 -> 1
Cell (virus_2913379,host_374419): 0 -> 1
Cell (virus_2913379,host_326081): 0 -> 1
Cell (virus_2913379,host_1381355): 0 -> 1
Cell (virus_2913379,host_187003): 0 -> 1
Cell (virus_2913379,host_118856): 0 -> 1
Cell (virus_2913379,host_138695): 0 -> 1
Cell (virus_2913379,host_208969): 0 -> 1
Cell (virus_2913379,host_27663): 0 -> 1
Cell (virus_2913379,host_574064): 0 -> 1
Cell (virus_2913379,host_27660): 0 -> 1
Cell (virus_2913379,host_27638): 0 -> 1
Cell (virus_2913379,host_2994998): 0 -> 1
Cell (virus_2913379,host_89673): 0 -> 1
Cell (virus_2913379,host_148061): 0 -> 1
Cell (virus_2913379,host_9430): 0 -> 1
Cell (virus_2913379,host_94961): 0 -> 1
Cell (virus_2913379,host_1434095): 0 -> 1
Cell (virus_2913379,host_221086): 0 -> 1
Cell (virus_2913379,host_221087): 0 -> 1
Cell (virus_2913379,host_187007): 0 -> 1
Cell (virus_2913379,host_438766): 0 -> 1
Cell (virus_2913379,host_258934): 0 -> 1
Cell (virus_2913379,host_479723): 0 -> 1
Cell (virus_2913379,host_3041509): 0 -> 1
Cell (virus_2913379,host_242384): 0 -> 1
Cell (virus_2913379,host_452595): 0 -> 1
Cell (virus_2913379,host_3370289): 0 -> 1
Cell (virus_2913379,host_9438): 0 -> 1
Cell (virus_2913379,host_153297): 0 -> 1
Cell (virus_2913379,host_249034): 0 -> 1
Cell (virus_2913379,host_249033): 0 -> 1
Cell (virus_2913379,host_258930): 0 -> 1
Cell (virus_2913381,host_187011): 0 -> 1
Cell (virus_2913381,host_375553): 0 -> 1
Cell (virus_2913381,host_294653): 0 -> 1
Cell (virus_2913381,host_59463): 0 -> 1
Cell (virus_2913381,host_109480): 0 -> 1
Cell (virus_2913381,host_1633875): 0 -> 1
Cell (virus_2913381,host_2528591): 0 -> 1
Cell (virus_2913381,host_51298): 0 -> 1
Cell (virus_2913381,host_225399): 0 -> 1
Cell (virus_2913381,host_392004): 0 -> 1
Cell (virus_2913381,host_392318): 0 -> 1
Cell (virus_2913381,host_187014): 0 -> 1
Cell (virus_2913381,host_526407): 0 -> 1
Cell (virus_2913381,host_1911917): 0 -> 1
Cell (virus_2913381,host_452654): 0 -> 1
Cell (virus_2913381,host_587652): 0 -> 1
Cell (virus_2913381,host_225400): 0 -> 1
Cell (virus_2913381,host_385037): 0 -> 1
Cell (virus_2913381,host_155035): 0 -> 1
Cell (virus_2913381,host_258925): 0 -> 1
Cell (virus_2913381,host_177185): 0 -> 1
Cell (virus_2913381,host_186991): 0 -> 1
Cell (virus_2913381,host_159858): 0 -> 1
Cell (virus_2913381,host_376555): 0 -> 1
Cell (virus_2913381,host_196889): 0 -> 1
Cell (virus_2913381,host_337452): 0 -> 1
Cell (virus_2913381,host_76837): 0 -> 1
Cell (virus_2913381,host_178895): 0 -> 1
Cell (virus_2913381,host_608708): 0 -> 1
Cell (virus_2913381,host_196297): 0 -> 1
Cell (virus_2913381,host_9402): 0 -> 1
Cell (virus_2913381,host_9403): 0 -> 1
Cell (virus_2913381,host_58057): 0 -> 1
Cell (virus_2913381,host_1898389): 0 -> 1
Cell (virus_2913381,host_372077): 0 -> 1
Cell (virus_2913381,host_903567): 0 -> 1
Cell (virus_2913381,host_58067): 0 -> 1
Cell (virus_2913381,host_58071): 0 -> 1
Cell (virus_2913381,host_58073): 0 -> 1
Cell (virus_2913381,host_1898393): 0 -> 1
Cell (virus_2913381,host_77223): 0 -> 1
Cell (virus_2913381,host_9408): 0 -> 1
Cell (virus_2913381,host_58063): 0 -> 1
Cell (virus_2913381,host_9400): 0 -> 1
Cell (virus_2913381,host_298110): 0 -> 1
Cell (virus_2913381,host_374419): 0 -> 1
Cell (virus_2913381,host_326081): 0 -> 1
Cell (virus_2913381,host_1381355): 0 -> 1
Cell (virus_2913381,host_118856): 0 -> 1
Cell (virus_2913381,host_138695): 0 -> 1
Cell (virus_2913381,host_208969): 0 -> 1
Cell (virus_2913381,host_27663): 0 -> 1
Cell (virus_2913381,host_574064): 0 -> 1
Cell (virus_2913381,host_27660): 0 -> 1
Cell (virus_2913381,host_27638): 0 -> 1
Cell (virus_2913381,host_2994998): 0 -> 1
Cell (virus_2913381,host_89673): 0 -> 1
Cell (virus_2913381,host_148061): 0 -> 1
Cell (virus_2913381,host_9430): 0 -> 1
Cell (virus_2913381,host_94961): 0 -> 1
Cell (virus_2913381,host_1434095): 0 -> 1
Cell (virus_2913381,host_221086): 0 -> 1
Cell (virus_2913381,host_221087): 0 -> 1
Cell (virus_2913381,host_187007): 0 -> 1
Cell (virus_2913381,host_438766): 0 -> 1
Cell (virus_2913381,host_258934): 0 -> 1
Cell (virus_2913381,host_479723): 0 -> 1
Cell (virus_2913381,host_3041509): 0 -> 1
Cell (virus_2913381,host_242384): 0 -> 1
Cell (virus_2913381,host_452595): 0 -> 1
Cell (virus_2913381,host_3370289): 0 -> 1
Cell (virus_2913381,host_9438): 0 -> 1
Cell (virus_2913381,host_153297): 0 -> 1
Cell (virus_2913381,host_249034): 0 -> 1
Cell (virus_2913381,host_249033): 0 -> 1
Cell (virus_2913381,host_258930): 0 -> 1
Cell (virus_3418613,host_187011): 0 -> 1
Cell (virus_3418613,host_375553): 0 -> 1
Cell (virus_3418613,host_294653): 0 -> 1
Cell (virus_3418613,host_59463): 0 -> 1
Cell (virus_3418613,host_1633875): 0 -> 1
Cell (virus_3418613,host_2528591): 0 -> 1
Cell (virus_3418613,host_51298): 0 -> 1
Cell (virus_3418613,host_225399): 0 -> 1
Cell (virus_3418613,host_392004): 0 -> 1
Cell (virus_3418613,host_392318): 0 -> 1
Cell (virus_3418613,host_187014): 0 -> 1
Cell (virus_3418613,host_526407): 0 -> 1
Cell (virus_3418613,host_1911917): 0 -> 1
Cell (virus_3418613,host_452654): 0 -> 1
Cell (virus_3418613,host_587652): 0 -> 1
Cell (virus_3418613,host_225400): 0 -> 1
Cell (virus_3418613,host_385037): 0 -> 1
Cell (virus_3418613,host_155035): 0 -> 1
Cell (virus_3418613,host_258925): 0 -> 1
Cell (virus_3418613,host_177185): 0 -> 1
Cell (virus_3418613,host_186991): 0 -> 1
Cell (virus_3418613,host_159858): 0 -> 1
Cell (virus_3418613,host_376555): 0 -> 1
Cell (virus_3418613,host_196889): 0 -> 1
Cell (virus_3418613,host_337452): 0 -> 1
Cell (virus_3418613,host_76837): 0 -> 1
Cell (virus_3418613,host_178895): 0 -> 1
Cell (virus_3418613,host_608708): 0 -> 1
Cell (virus_3418613,host_196297): 0 -> 1
Cell (virus_3418613,host_9402): 0 -> 1
Cell (virus_3418613,host_9403): 0 -> 1
Cell (virus_3418613,host_58057): 0 -> 1
Cell (virus_3418613,host_1898389): 0 -> 1
Cell (virus_3418613,host_372077): 0 -> 1
Cell (virus_3418613,host_903567): 0 -> 1
Cell (virus_3418613,host_58067): 0 -> 1
Cell (virus_3418613,host_58071): 0 -> 1
Cell (virus_3418613,host_58073): 0 -> 1
Cell (virus_3418613,host_1898393): 0 -> 1
Cell (virus_3418613,host_77223): 0 -> 1
Cell (virus_3418613,host_9408): 0 -> 1
Cell (virus_3418613,host_58063): 0 -> 1
Cell (virus_3418613,host_9400): 0 -> 1
Cell (virus_3418613,host_298110): 0 -> 1
Cell (virus_3418613,host_374419): 0 -> 1
Cell (virus_3418613,host_326081): 0 -> 1
Cell (virus_3418613,host_1381355): 0 -> 1
Cell (virus_3418613,host_187003): 0 -> 1
Cell (virus_3418613,host_118856): 0 -> 1
Cell (virus_3418613,host_138695): 0 -> 1
Cell (virus_3418613,host_208969): 0 -> 1
Cell (virus_3418613,host_27663): 0 -> 1
Cell (virus_3418613,host_574064): 0 -> 1
Cell (virus_3418613,host_27660): 0 -> 1
Cell (virus_3418613,host_27638): 0 -> 1
Cell (virus_3418613,host_2994998): 0 -> 1
Cell (virus_3418613,host_89673): 0 -> 1
Cell (virus_3418613,host_148061): 0 -> 1
Cell (virus_3418613,host_9430): 0 -> 1
Cell (virus_3418613,host_94961): 0 -> 1
Cell (virus_3418613,host_1434095): 0 -> 1
Cell (virus_3418613,host_221086): 0 -> 1
Cell (virus_3418613,host_221087): 0 -> 1
Cell (virus_3418613,host_187007): 0 -> 1
Cell (virus_3418613,host_438766): 0 -> 1
Cell (virus_3418613,host_258934): 0 -> 1
Cell (virus_3418613,host_479723): 0 -> 1
Cell (virus_3418613,host_3041509): 0 -> 1
Cell (virus_3418613,host_242384): 0 -> 1
Cell (virus_3418613,host_452595): 0 -> 1
Cell (virus_3418613,host_3370289): 0 -> 1
Cell (virus_3418613,host_9438): 0 -> 1
Cell (virus_3418613,host_153297): 0 -> 1
Cell (virus_3418613,host_249034): 0 -> 1
Cell (virus_3418613,host_249033): 0 -> 1
Cell (virus_3418613,host_258930): 0 -> 1
Cell (virus_2913443,host_187011): 0 -> 1
Cell (virus_2913443,host_375553): 0 -> 1
Cell (virus_2913443,host_294653): 0 -> 1
Cell (virus_2913443,host_59463): 0 -> 1
Cell (virus_2913443,host_109480): 0 -> 1
Cell (virus_2913443,host_1633875): 0 -> 1
Cell (virus_2913443,host_2528591): 0 -> 1
Cell (virus_2913443,host_51298): 0 -> 1
Cell (virus_2913443,host_225399): 0 -> 1
Cell (virus_2913443,host_392004): 0 -> 1
Cell (virus_2913443,host_392318): 0 -> 1
Cell (virus_2913443,host_187014): 0 -> 1
Cell (virus_2913443,host_526407): 0 -> 1
Cell (virus_2913443,host_1911917): 0 -> 1
Cell (virus_2913443,host_452654): 0 -> 1
Cell (virus_2913443,host_587652): 0 -> 1
Cell (virus_2913443,host_225400): 0 -> 1
Cell (virus_2913443,host_385037): 0 -> 1
Cell (virus_2913443,host_155035): 0 -> 1
Cell (virus_2913443,host_258925): 0 -> 1
Cell (virus_2913443,host_177185): 0 -> 1
Cell (virus_2913443,host_186991): 0 -> 1
Cell (virus_2913443,host_159858): 0 -> 1
Cell (virus_2913443,host_376555): 0 -> 1
Cell (virus_2913443,host_196889): 0 -> 1
Cell (virus_2913443,host_337452): 0 -> 1
Cell (virus_2913443,host_76837): 0 -> 1
Cell (virus_2913443,host_178895): 0 -> 1
Cell (virus_2913443,host_608708): 0 -> 1
Cell (virus_2913443,host_196297): 0 -> 1
Cell (virus_2913443,host_9402): 0 -> 1
Cell (virus_2913443,host_58057): 0 -> 1
Cell (virus_2913443,host_1898389): 0 -> 1
Cell (virus_2913443,host_372077): 0 -> 1
Cell (virus_2913443,host_903567): 0 -> 1
Cell (virus_2913443,host_58067): 0 -> 1
Cell (virus_2913443,host_58071): 0 -> 1
Cell (virus_2913443,host_58073): 0 -> 1
Cell (virus_2913443,host_1898393): 0 -> 1
Cell (virus_2913443,host_77223): 0 -> 1
Cell (virus_2913443,host_9408): 0 -> 1
Cell (virus_2913443,host_58063): 0 -> 1
Cell (virus_2913443,host_9400): 0 -> 1
Cell (virus_2913443,host_298110): 0 -> 1
Cell (virus_2913443,host_374419): 0 -> 1
Cell (virus_2913443,host_1381355): 0 -> 1
Cell (virus_2913443,host_187003): 0 -> 1
Cell (virus_2913443,host_118856): 0 -> 1
Cell (virus_2913443,host_138695): 0 -> 1
Cell (virus_2913443,host_208969): 0 -> 1
Cell (virus_2913443,host_27663): 0 -> 1
Cell (virus_2913443,host_574064): 0 -> 1
Cell (virus_2913443,host_27660): 0 -> 1
Cell (virus_2913443,host_27638): 0 -> 1
Cell (virus_2913443,host_2994998): 0 -> 1
Cell (virus_2913443,host_89673): 0 -> 1
Cell (virus_2913443,host_148061): 0 -> 1
Cell (virus_2913443,host_9430): 0 -> 1
Cell (virus_2913443,host_94961): 0 -> 1
Cell (virus_2913443,host_1434095): 0 -> 1
Cell (virus_2913443,host_221086): 0 -> 1
Cell (virus_2913443,host_221087): 0 -> 1
Cell (virus_2913443,host_187007): 0 -> 1
Cell (virus_2913443,host_438766): 0 -> 1
Cell (virus_2913443,host_258934): 0 -> 1
Cell (virus_2913443,host_479723): 0 -> 1
Cell (virus_2913443,host_3041509): 0 -> 1
Cell (virus_2913443,host_2218597): 0 -> 1
Cell (virus_2913443,host_242384): 0 -> 1
Cell (virus_2913443,host_452595): 0 -> 1
Cell (virus_2913443,host_3370289): 0 -> 1
Cell (virus_2913443,host_9438): 0 -> 1
Cell (virus_2913443,host_153297): 0 -> 1
Cell (virus_2913443,host_249034): 0 -> 1
Cell (virus_2913443,host_249033): 0 -> 1
Cell (virus_2913443,host_258930): 0 -> 1
Cell (virus_2972746,host_187011): 0 -> 1
Cell (virus_2972746,host_375553): 0 -> 1
Cell (virus_2972746,host_294653): 0 -> 1
Cell (virus_2972746,host_59463): 0 -> 1
Cell (virus_2972746,host_109480): 0 -> 1
Cell (virus_2972746,host_1633875): 0 -> 1
Cell (virus_2972746,host_2528591): 0 -> 1
Cell (virus_2972746,host_51298): 0 -> 1
Cell (virus_2972746,host_225399): 0 -> 1
Cell (virus_2972746,host_392004): 0 -> 1
Cell (virus_2972746,host_392318): 0 -> 1
Cell (virus_2972746,host_187014): 0 -> 1
Cell (virus_2972746,host_526407): 0 -> 1
Cell (virus_2972746,host_1911917): 0 -> 1
Cell (virus_2972746,host_452654): 0 -> 1
Cell (virus_2972746,host_587652): 0 -> 1
Cell (virus_2972746,host_225400): 0 -> 1
Cell (virus_2972746,host_385037): 0 -> 1
Cell (virus_2972746,host_155035): 0 -> 1
Cell (virus_2972746,host_258925): 0 -> 1
Cell (virus_2972746,host_177185): 0 -> 1
Cell (virus_2972746,host_186991): 0 -> 1
Cell (virus_2972746,host_159858): 0 -> 1
Cell (virus_2972746,host_376555): 0 -> 1
Cell (virus_2972746,host_196889): 0 -> 1
Cell (virus_2972746,host_337452): 0 -> 1
Cell (virus_2972746,host_76837): 0 -> 1
Cell (virus_2972746,host_178895): 0 -> 1
Cell (virus_2972746,host_608708): 0 -> 1
Cell (virus_2972746,host_196297): 0 -> 1
Cell (virus_2972746,host_9402): 0 -> 1
Cell (virus_2972746,host_58057): 0 -> 1
Cell (virus_2972746,host_1898389): 0 -> 1
Cell (virus_2972746,host_372077): 0 -> 1
Cell (virus_2972746,host_903567): 0 -> 1
Cell (virus_2972746,host_58067): 0 -> 1
Cell (virus_2972746,host_58071): 0 -> 1
Cell (virus_2972746,host_58073): 0 -> 1
Cell (virus_2972746,host_1898393): 0 -> 1
Cell (virus_2972746,host_77223): 0 -> 1
Cell (virus_2972746,host_9408): 0 -> 1
Cell (virus_2972746,host_58063): 0 -> 1
Cell (virus_2972746,host_9400): 0 -> 1
Cell (virus_2972746,host_298110): 0 -> 1
Cell (virus_2972746,host_374419): 0 -> 1
Cell (virus_2972746,host_326081): 0 -> 1
Cell (virus_2972746,host_1381355): 0 -> 1
Cell (virus_2972746,host_187003): 0 -> 1
Cell (virus_2972746,host_118856): 0 -> 1
Cell (virus_2972746,host_138695): 0 -> 1
Cell (virus_2972746,host_208969): 0 -> 1
Cell (virus_2972746,host_27663): 0 -> 1
Cell (virus_2972746,host_574064): 0 -> 1
Cell (virus_2972746,host_27660): 0 -> 1
Cell (virus_2972746,host_27638): 0 -> 1
Cell (virus_2972746,host_2994998): 0 -> 1
Cell (virus_2972746,host_89673): 0 -> 1
Cell (virus_2972746,host_148061): 0 -> 1
Cell (virus_2972746,host_9430): 0 -> 1
Cell (virus_2972746,host_94961): 0 -> 1
Cell (virus_2972746,host_1434095): 0 -> 1
Cell (virus_2972746,host_221086): 0 -> 1
Cell (virus_2972746,host_221087): 0 -> 1
Cell (virus_2972746,host_187007): 0 -> 1
Cell (virus_2972746,host_438766): 0 -> 1
Cell (virus_2972746,host_258934): 0 -> 1
Cell (virus_2972746,host_479723): 0 -> 1
Cell (virus_2972746,host_3041509): 0 -> 1
Cell (virus_2972746,host_2218597): 0 -> 1
Cell (virus_2972746,host_242384): 0 -> 1
Cell (virus_2972746,host_452595): 0 -> 1
Cell (virus_2972746,host_3370289): 0 -> 1
Cell (virus_2972746,host_9438): 0 -> 1
Cell (virus_2972746,host_153297): 0 -> 1
Cell (virus_2972746,host_249034): 0 -> 1
Cell (virus_2972746,host_249033): 0 -> 1
Cell (virus_2972746,host_258930): 0 -> 1
Cell (virus_1805463,host_187011): 0 -> 1
Cell (virus_1805463,host_375553): 0 -> 1
Cell (virus_1805463,host_294653): 0 -> 1
Cell (virus_1805463,host_59463): 0 -> 1
Cell (virus_1805463,host_109480): 0 -> 1
Cell (virus_1805463,host_1633875): 0 -> 1
Cell (virus_1805463,host_2528591): 0 -> 1
Cell (virus_1805463,host_51298): 0 -> 1
Cell (virus_1805463,host_225399): 0 -> 1
Cell (virus_1805463,host_392004): 0 -> 1
Cell (virus_1805463,host_392318): 0 -> 1
Cell (virus_1805463,host_187014): 0 -> 1
Cell (virus_1805463,host_526407): 0 -> 1
Cell (virus_1805463,host_1911917): 0 -> 1
Cell (virus_1805463,host_452654): 0 -> 1
Cell (virus_1805463,host_587652): 0 -> 1
Cell (virus_1805463,host_225400): 0 -> 1
Cell (virus_1805463,host_385037): 0 -> 1
Cell (virus_1805463,host_155035): 0 -> 1
Cell (virus_1805463,host_258925): 0 -> 1
Cell (virus_1805463,host_177185): 0 -> 1
Cell (virus_1805463,host_186991): 0 -> 1
Cell (virus_1805463,host_159858): 0 -> 1
Cell (virus_1805463,host_376555): 0 -> 1
Cell (virus_1805463,host_196889): 0 -> 1
Cell (virus_1805463,host_337452): 0 -> 1
Cell (virus_1805463,host_76837): 0 -> 1
Cell (virus_1805463,host_178895): 0 -> 1
Cell (virus_1805463,host_608708): 0 -> 1
Cell (virus_1805463,host_196297): 0 -> 1
Cell (virus_1805463,host_9402): 0 -> 1
Cell (virus_1805463,host_9403): 0 -> 1
Cell (virus_1805463,host_58057): 0 -> 1
Cell (virus_1805463,host_372077): 0 -> 1
Cell (virus_1805463,host_903567): 0 -> 1
Cell (virus_1805463,host_58067): 0 -> 1
Cell (virus_1805463,host_58071): 0 -> 1
Cell (virus_1805463,host_58073): 0 -> 1
Cell (virus_1805463,host_1898393): 0 -> 1
Cell (virus_1805463,host_77223): 0 -> 1
Cell (virus_1805463,host_58063): 0 -> 1
Cell (virus_1805463,host_9400): 0 -> 1
Cell (virus_1805463,host_298110): 0 -> 1
Cell (virus_1805463,host_374419): 0 -> 1
Cell (virus_1805463,host_326081): 0 -> 1
Cell (virus_1805463,host_1381355): 0 -> 1
Cell (virus_1805463,host_187003): 0 -> 1
Cell (virus_1805463,host_118856): 0 -> 1
Cell (virus_1805463,host_94956): 0 -> 1
Cell (virus_1805463,host_138695): 0 -> 1
Cell (virus_1805463,host_208969): 0 -> 1
Cell (virus_1805463,host_27663): 0 -> 1
Cell (virus_1805463,host_574064): 0 -> 1
Cell (virus_1805463,host_27660): 0 -> 1
Cell (virus_1805463,host_27638): 0 -> 1
Cell (virus_1805463,host_2994998): 0 -> 1
Cell (virus_1805463,host_409031): 0 -> 1
Cell (virus_1805463,host_89673): 0 -> 1
Cell (virus_1805463,host_148061): 0 -> 1
Cell (virus_1805463,host_148089): 0 -> 1
Cell (virus_1805463,host_9430): 0 -> 1
Cell (virus_1805463,host_94961): 0 -> 1
Cell (virus_1805463,host_3042450): 0 -> 1
Cell (virus_1805463,host_1434095): 0 -> 1
Cell (virus_1805463,host_221086): 0 -> 1
Cell (virus_1805463,host_221087): 0 -> 1
Cell (virus_1805463,host_187007): 0 -> 1
Cell (virus_1805463,host_438766): 0 -> 1
Cell (virus_1805463,host_258934): 0 -> 1
Cell (virus_1805463,host_479723): 0 -> 1
Cell (virus_1805463,host_3041509): 0 -> 1
Cell (virus_1805463,host_2218597): 0 -> 1
Cell (virus_1805463,host_242384): 0 -> 1
Cell (virus_1805463,host_452595): 0 -> 1
Cell (virus_1805463,host_3370289): 0 -> 1
Cell (virus_1805463,host_9438): 0 -> 1
Cell (virus_1805463,host_153297): 0 -> 1
Cell (virus_1805463,host_249034): 0 -> 1
Cell (virus_1805463,host_249033): 0 -> 1
Cell (virus_1805463,host_258930): 0 -> 1
Cell (virus_3061635,host_187011): 0 -> 1
Cell (virus_3061635,host_375553): 0 -> 1
Cell (virus_3061635,host_294653): 0 -> 1
Cell (virus_3061635,host_59463): 0 -> 1
Cell (virus_3061635,host_109480): 0 -> 1
Cell (virus_3061635,host_1633875): 0 -> 1
Cell (virus_3061635,host_2528591): 0 -> 1
Cell (virus_3061635,host_51298): 0 -> 1
Cell (virus_3061635,host_225399): 0 -> 1
Cell (virus_3061635,host_392004): 0 -> 1
Cell (virus_3061635,host_392318): 0 -> 1
Cell (virus_3061635,host_187014): 0 -> 1
Cell (virus_3061635,host_526407): 0 -> 1
Cell (virus_3061635,host_1911917): 0 -> 1
Cell (virus_3061635,host_452654): 0 -> 1
Cell (virus_3061635,host_587652): 0 -> 1
Cell (virus_3061635,host_225400): 0 -> 1
Cell (virus_3061635,host_385037): 0 -> 1
Cell (virus_3061635,host_155035): 0 -> 1
Cell (virus_3061635,host_258925): 0 -> 1
Cell (virus_3061635,host_177185): 0 -> 1
Cell (virus_3061635,host_186991): 0 -> 1
Cell (virus_3061635,host_159858): 0 -> 1
Cell (virus_3061635,host_376555): 0 -> 1
Cell (virus_3061635,host_196889): 0 -> 1
Cell (virus_3061635,host_337452): 0 -> 1
Cell (virus_3061635,host_76837): 0 -> 1
Cell (virus_3061635,host_178895): 0 -> 1
Cell (virus_3061635,host_608708): 0 -> 1
Cell (virus_3061635,host_196297): 0 -> 1
Cell (virus_3061635,host_9402): 0 -> 1
Cell (virus_3061635,host_9403): 0 -> 1
Cell (virus_3061635,host_58057): 0 -> 1
Cell (virus_3061635,host_372077): 0 -> 1
Cell (virus_3061635,host_903567): 0 -> 1
Cell (virus_3061635,host_58067): 0 -> 1
Cell (virus_3061635,host_58071): 0 -> 1
Cell (virus_3061635,host_58073): 0 -> 1
Cell (virus_3061635,host_1898393): 0 -> 1
Cell (virus_3061635,host_77223): 0 -> 1
Cell (virus_3061635,host_58063): 0 -> 1
Cell (virus_3061635,host_9400): 0 -> 1
Cell (virus_3061635,host_298110): 0 -> 1
Cell (virus_3061635,host_374419): 0 -> 1
Cell (virus_3061635,host_326081): 0 -> 1
Cell (virus_3061635,host_1381355): 0 -> 1
Cell (virus_3061635,host_187003): 0 -> 1
Cell (virus_3061635,host_118856): 0 -> 1
Cell (virus_3061635,host_94956): 0 -> 1
Cell (virus_3061635,host_138695): 0 -> 1
Cell (virus_3061635,host_208969): 0 -> 1
Cell (virus_3061635,host_27663): 0 -> 1
Cell (virus_3061635,host_574064): 0 -> 1
Cell (virus_3061635,host_27660): 0 -> 1
Cell (virus_3061635,host_27638): 0 -> 1
Cell (virus_3061635,host_2994998): 0 -> 1
Cell (virus_3061635,host_409031): 0 -> 1
Cell (virus_3061635,host_89673): 0 -> 1
Cell (virus_3061635,host_148061): 0 -> 1
Cell (virus_3061635,host_148089): 0 -> 1
Cell (virus_3061635,host_9430): 0 -> 1
Cell (virus_3061635,host_94961): 0 -> 1
Cell (virus_3061635,host_3042450): 0 -> 1
Cell (virus_3061635,host_1434095): 0 -> 1
Cell (virus_3061635,host_221086): 0 -> 1
Cell (virus_3061635,host_221087): 0 -> 1
Cell (virus_3061635,host_187007): 0 -> 1
Cell (virus_3061635,host_438766): 0 -> 1
Cell (virus_3061635,host_258934): 0 -> 1
Cell (virus_3061635,host_479723): 0 -> 1
Cell (virus_3061635,host_3041509): 0 -> 1
Cell (virus_3061635,host_2218597): 0 -> 1
Cell (virus_3061635,host_242384): 0 -> 1
Cell (virus_3061635,host_452595): 0 -> 1
Cell (virus_3061635,host_3370289): 0 -> 1
Cell (virus_3061635,host_9438): 0 -> 1
Cell (virus_3061635,host_153297): 0 -> 1
Cell (virus_3061635,host_249034): 0 -> 1
Cell (virus_3061635,host_249033): 0 -> 1
Cell (virus_3061635,host_258930): 0 -> 1
Cell (virus_3068888,host_187011): 0 -> 1
Cell (virus_3068888,host_375553): 0 -> 1
Cell (virus_3068888,host_294653): 0 -> 1
Cell (virus_3068888,host_59463): 0 -> 1
Cell (virus_3068888,host_109480): 0 -> 1
Cell (virus_3068888,host_1633875): 0 -> 1
Cell (virus_3068888,host_2528591): 0 -> 1
Cell (virus_3068888,host_51298): 0 -> 1
Cell (virus_3068888,host_225399): 0 -> 1
Cell (virus_3068888,host_392004): 0 -> 1
Cell (virus_3068888,host_392318): 0 -> 1
Cell (virus_3068888,host_187014): 0 -> 1
Cell (virus_3068888,host_526407): 0 -> 1
Cell (virus_3068888,host_1911917): 0 -> 1
Cell (virus_3068888,host_452654): 0 -> 1
Cell (virus_3068888,host_587652): 0 -> 1
Cell (virus_3068888,host_225400): 0 -> 1
Cell (virus_3068888,host_385037): 0 -> 1
Cell (virus_3068888,host_155035): 0 -> 1
Cell (virus_3068888,host_258925): 0 -> 1
Cell (virus_3068888,host_177185): 0 -> 1
Cell (virus_3068888,host_186991): 0 -> 1
Cell (virus_3068888,host_159858): 0 -> 1
Cell (virus_3068888,host_376555): 0 -> 1
Cell (virus_3068888,host_196889): 0 -> 1
Cell (virus_3068888,host_337452): 0 -> 1
Cell (virus_3068888,host_76837): 0 -> 1
Cell (virus_3068888,host_178895): 0 -> 1
Cell (virus_3068888,host_608708): 0 -> 1
Cell (virus_3068888,host_196297): 0 -> 1
Cell (virus_3068888,host_9402): 0 -> 1
Cell (virus_3068888,host_9403): 0 -> 1
Cell (virus_3068888,host_58057): 0 -> 1
Cell (virus_3068888,host_372077): 0 -> 1
Cell (virus_3068888,host_903567): 0 -> 1
Cell (virus_3068888,host_58067): 0 -> 1
Cell (virus_3068888,host_58071): 0 -> 1
Cell (virus_3068888,host_58073): 0 -> 1
Cell (virus_3068888,host_1898393): 0 -> 1
Cell (virus_3068888,host_77223): 0 -> 1
Cell (virus_3068888,host_58063): 0 -> 1
Cell (virus_3068888,host_9400): 0 -> 1
Cell (virus_3068888,host_298110): 0 -> 1
Cell (virus_3068888,host_374419): 0 -> 1
Cell (virus_3068888,host_326081): 0 -> 1
Cell (virus_3068888,host_1381355): 0 -> 1
Cell (virus_3068888,host_187003): 0 -> 1
Cell (virus_3068888,host_118856): 0 -> 1
Cell (virus_3068888,host_94956): 0 -> 1
Cell (virus_3068888,host_138695): 0 -> 1
Cell (virus_3068888,host_208969): 0 -> 1
Cell (virus_3068888,host_27663): 0 -> 1
Cell (virus_3068888,host_574064): 0 -> 1
Cell (virus_3068888,host_27660): 0 -> 1
Cell (virus_3068888,host_27638): 0 -> 1
Cell (virus_3068888,host_2994998): 0 -> 1
Cell (virus_3068888,host_409031): 0 -> 1
Cell (virus_3068888,host_89673): 0 -> 1
Cell (virus_3068888,host_148061): 0 -> 1
Cell (virus_3068888,host_148089): 0 -> 1
Cell (virus_3068888,host_9430): 0 -> 1
Cell (virus_3068888,host_94961): 0 -> 1
Cell (virus_3068888,host_3042450): 0 -> 1
Cell (virus_3068888,host_1434095): 0 -> 1
Cell (virus_3068888,host_221086): 0 -> 1
Cell (virus_3068888,host_221087): 0 -> 1
Cell (virus_3068888,host_187007): 0 -> 1
Cell (virus_3068888,host_438766): 0 -> 1
Cell (virus_3068888,host_258934): 0 -> 1
Cell (virus_3068888,host_479723): 0 -> 1
Cell (virus_3068888,host_3041509): 0 -> 1
Cell (virus_3068888,host_2218597): 0 -> 1
Cell (virus_3068888,host_242384): 0 -> 1
Cell (virus_3068888,host_452595): 0 -> 1
Cell (virus_3068888,host_3370289): 0 -> 1
Cell (virus_3068888,host_9438): 0 -> 1
Cell (virus_3068888,host_153297): 0 -> 1
Cell (virus_3068888,host_249034): 0 -> 1
Cell (virus_3068888,host_249033): 0 -> 1
Cell (virus_3068888,host_258930): 0 -> 1
Cell (virus_2833184,host_187011): 0 -> 1
Cell (virus_2833184,host_375553): 0 -> 1
Cell (virus_2833184,host_294653): 0 -> 1
Cell (virus_2833184,host_59463): 0 -> 1
Cell (virus_2833184,host_109480): 0 -> 1
Cell (virus_2833184,host_1633875): 0 -> 1
Cell (virus_2833184,host_2528591): 0 -> 1
Cell (virus_2833184,host_51298): 0 -> 1
Cell (virus_2833184,host_225399): 0 -> 1
Cell (virus_2833184,host_392004): 0 -> 1
Cell (virus_2833184,host_392318): 0 -> 1
Cell (virus_2833184,host_187014): 0 -> 1
Cell (virus_2833184,host_526407): 0 -> 1
Cell (virus_2833184,host_1911917): 0 -> 1
Cell (virus_2833184,host_452654): 0 -> 1
Cell (virus_2833184,host_587652): 0 -> 1
Cell (virus_2833184,host_225400): 0 -> 1
Cell (virus_2833184,host_385037): 0 -> 1
Cell (virus_2833184,host_155035): 0 -> 1
Cell (virus_2833184,host_258925): 0 -> 1
Cell (virus_2833184,host_177185): 0 -> 1
Cell (virus_2833184,host_186991): 0 -> 1
Cell (virus_2833184,host_159858): 0 -> 1
Cell (virus_2833184,host_376555): 0 -> 1
Cell (virus_2833184,host_196889): 0 -> 1
Cell (virus_2833184,host_337452): 0 -> 1
Cell (virus_2833184,host_76837): 0 -> 1
Cell (virus_2833184,host_178895): 0 -> 1
Cell (virus_2833184,host_608708): 0 -> 1
Cell (virus_2833184,host_196297): 0 -> 1
Cell (virus_2833184,host_9402): 0 -> 1
Cell (virus_2833184,host_9403): 0 -> 1
Cell (virus_2833184,host_58057): 0 -> 1
Cell (virus_2833184,host_372077): 0 -> 1
Cell (virus_2833184,host_903567): 0 -> 1
Cell (virus_2833184,host_58067): 0 -> 1
Cell (virus_2833184,host_58071): 0 -> 1
Cell (virus_2833184,host_58073): 0 -> 1
Cell (virus_2833184,host_1898393): 0 -> 1
Cell (virus_2833184,host_77223): 0 -> 1
Cell (virus_2833184,host_58063): 0 -> 1
Cell (virus_2833184,host_9400): 0 -> 1
Cell (virus_2833184,host_298110): 0 -> 1
Cell (virus_2833184,host_374419): 0 -> 1
Cell (virus_2833184,host_326081): 0 -> 1
Cell (virus_2833184,host_1381355): 0 -> 1
Cell (virus_2833184,host_187003): 0 -> 1
Cell (virus_2833184,host_118856): 0 -> 1
Cell (virus_2833184,host_94956): 0 -> 1
Cell (virus_2833184,host_138695): 0 -> 1
Cell (virus_2833184,host_208969): 0 -> 1
Cell (virus_2833184,host_27663): 0 -> 1
Cell (virus_2833184,host_574064): 0 -> 1
Cell (virus_2833184,host_27660): 0 -> 1
Cell (virus_2833184,host_27638): 0 -> 1
Cell (virus_2833184,host_2994998): 0 -> 1
Cell (virus_2833184,host_409031): 0 -> 1
Cell (virus_2833184,host_89673): 0 -> 1
Cell (virus_2833184,host_148061): 0 -> 1
Cell (virus_2833184,host_148089): 0 -> 1
Cell (virus_2833184,host_9430): 0 -> 1
Cell (virus_2833184,host_94961): 0 -> 1
Cell (virus_2833184,host_3042450): 0 -> 1
Cell (virus_2833184,host_1434095): 0 -> 1
Cell (virus_2833184,host_221086): 0 -> 1
Cell (virus_2833184,host_221087): 0 -> 1
Cell (virus_2833184,host_187007): 0 -> 1
Cell (virus_2833184,host_438766): 0 -> 1
Cell (virus_2833184,host_258934): 0 -> 1
Cell (virus_2833184,host_479723): 0 -> 1
Cell (virus_2833184,host_3041509): 0 -> 1
Cell (virus_2833184,host_2218597): 0 -> 1
Cell (virus_2833184,host_242384): 0 -> 1
Cell (virus_2833184,host_452595): 0 -> 1
Cell (virus_2833184,host_3370289): 0 -> 1
Cell (virus_2833184,host_9438): 0 -> 1
Cell (virus_2833184,host_153297): 0 -> 1
Cell (virus_2833184,host_249034): 0 -> 1
Cell (virus_2833184,host_249033): 0 -> 1
Cell (virus_2833184,host_258930): 0 -> 1
Cell (virus_864596,host_187011): 0 -> 1
Cell (virus_864596,host_375553): 0 -> 1
Cell (virus_864596,host_294653): 0 -> 1
Cell (virus_864596,host_59463): 0 -> 1
Cell (virus_864596,host_109480): 0 -> 1
Cell (virus_864596,host_1633875): 0 -> 1
Cell (virus_864596,host_2528591): 0 -> 1
Cell (virus_864596,host_51298): 0 -> 1
Cell (virus_864596,host_225399): 0 -> 1
Cell (virus_864596,host_392004): 0 -> 1
Cell (virus_864596,host_392318): 0 -> 1
Cell (virus_864596,host_187014): 0 -> 1
Cell (virus_864596,host_526407): 0 -> 1
Cell (virus_864596,host_1911917): 0 -> 1
Cell (virus_864596,host_452654): 0 -> 1
Cell (virus_864596,host_587652): 0 -> 1
Cell (virus_864596,host_225400): 0 -> 1
Cell (virus_864596,host_385037): 0 -> 1
Cell (virus_864596,host_155035): 0 -> 1
Cell (virus_864596,host_258925): 0 -> 1
Cell (virus_864596,host_177185): 0 -> 1
Cell (virus_864596,host_186991): 0 -> 1
Cell (virus_864596,host_159858): 0 -> 1
Cell (virus_864596,host_376555): 0 -> 1
Cell (virus_864596,host_196889): 0 -> 1
Cell (virus_864596,host_337452): 0 -> 1
Cell (virus_864596,host_76837): 0 -> 1
Cell (virus_864596,host_178895): 0 -> 1
Cell (virus_864596,host_608708): 0 -> 1
Cell (virus_864596,host_196297): 0 -> 1
Cell (virus_864596,host_9402): 0 -> 1
Cell (virus_864596,host_9403): 0 -> 1
Cell (virus_864596,host_58057): 0 -> 1
Cell (virus_864596,host_372077): 0 -> 1
Cell (virus_864596,host_903567): 0 -> 1
Cell (virus_864596,host_58067): 0 -> 1
Cell (virus_864596,host_58071): 0 -> 1
Cell (virus_864596,host_58073): 0 -> 1
Cell (virus_864596,host_1898393): 0 -> 1
Cell (virus_864596,host_77223): 0 -> 1
Cell (virus_864596,host_58063): 0 -> 1
Cell (virus_864596,host_9400): 0 -> 1
Cell (virus_864596,host_298110): 0 -> 1
Cell (virus_864596,host_374419): 0 -> 1
Cell (virus_864596,host_326081): 0 -> 1
Cell (virus_864596,host_1381355): 0 -> 1
Cell (virus_864596,host_187003): 0 -> 1
Cell (virus_864596,host_118856): 0 -> 1
Cell (virus_864596,host_94956): 0 -> 1
Cell (virus_864596,host_138695): 0 -> 1
Cell (virus_864596,host_208969): 0 -> 1
Cell (virus_864596,host_27663): 0 -> 1
Cell (virus_864596,host_574064): 0 -> 1
Cell (virus_864596,host_27660): 0 -> 1
Cell (virus_864596,host_27638): 0 -> 1
Cell (virus_864596,host_2994998): 0 -> 1
Cell (virus_864596,host_409031): 0 -> 1
Cell (virus_864596,host_89673): 0 -> 1
Cell (virus_864596,host_148061): 0 -> 1
Cell (virus_864596,host_148089): 0 -> 1
Cell (virus_864596,host_9430): 0 -> 1
Cell (virus_864596,host_94961): 0 -> 1
Cell (virus_864596,host_3042450): 0 -> 1
Cell (virus_864596,host_1434095): 0 -> 1
Cell (virus_864596,host_221086): 0 -> 1
Cell (virus_864596,host_221087): 0 -> 1
Cell (virus_864596,host_187007): 0 -> 1
Cell (virus_864596,host_438766): 0 -> 1
Cell (virus_864596,host_258934): 0 -> 1
Cell (virus_864596,host_479723): 0 -> 1
Cell (virus_864596,host_3041509): 0 -> 1
Cell (virus_864596,host_2218597): 0 -> 1
Cell (virus_864596,host_242384): 0 -> 1
Cell (virus_864596,host_452595): 0 -> 1
Cell (virus_864596,host_3370289): 0 -> 1
Cell (virus_864596,host_9438): 0 -> 1
Cell (virus_864596,host_153297): 0 -> 1
Cell (virus_864596,host_249034): 0 -> 1
Cell (virus_864596,host_249033): 0 -> 1
Cell (virus_864596,host_258930): 0 -> 1
Cell (virus_3068538,host_187011): 0 -> 1
Cell (virus_3068538,host_375553): 0 -> 1
Cell (virus_3068538,host_294653): 0 -> 1
Cell (virus_3068538,host_59463): 0 -> 1
Cell (virus_3068538,host_109480): 0 -> 1
Cell (virus_3068538,host_1633875): 0 -> 1
Cell (virus_3068538,host_2528591): 0 -> 1
Cell (virus_3068538,host_51298): 0 -> 1
Cell (virus_3068538,host_225399): 0 -> 1
Cell (virus_3068538,host_392004): 0 -> 1
Cell (virus_3068538,host_392318): 0 -> 1
Cell (virus_3068538,host_187014): 0 -> 1
Cell (virus_3068538,host_526407): 0 -> 1
Cell (virus_3068538,host_1911917): 0 -> 1
Cell (virus_3068538,host_452654): 0 -> 1
Cell (virus_3068538,host_587652): 0 -> 1
Cell (virus_3068538,host_225400): 0 -> 1
Cell (virus_3068538,host_385037): 0 -> 1
Cell (virus_3068538,host_155035): 0 -> 1
Cell (virus_3068538,host_258925): 0 -> 1
Cell (virus_3068538,host_177185): 0 -> 1
Cell (virus_3068538,host_186991): 0 -> 1
Cell (virus_3068538,host_159858): 0 -> 1
Cell (virus_3068538,host_376555): 0 -> 1
Cell (virus_3068538,host_196889): 0 -> 1
Cell (virus_3068538,host_337452): 0 -> 1
Cell (virus_3068538,host_76837): 0 -> 1
Cell (virus_3068538,host_178895): 0 -> 1
Cell (virus_3068538,host_608708): 0 -> 1
Cell (virus_3068538,host_196297): 0 -> 1
Cell (virus_3068538,host_9402): 0 -> 1
Cell (virus_3068538,host_9403): 0 -> 1
Cell (virus_3068538,host_58057): 0 -> 1
Cell (virus_3068538,host_372077): 0 -> 1
Cell (virus_3068538,host_903567): 0 -> 1
Cell (virus_3068538,host_58067): 0 -> 1
Cell (virus_3068538,host_58071): 0 -> 1
Cell (virus_3068538,host_58073): 0 -> 1
Cell (virus_3068538,host_1898393): 0 -> 1
Cell (virus_3068538,host_77223): 0 -> 1
Cell (virus_3068538,host_58063): 0 -> 1
Cell (virus_3068538,host_9400): 0 -> 1
Cell (virus_3068538,host_298110): 0 -> 1
Cell (virus_3068538,host_374419): 0 -> 1
Cell (virus_3068538,host_326081): 0 -> 1
Cell (virus_3068538,host_1381355): 0 -> 1
Cell (virus_3068538,host_187003): 0 -> 1
Cell (virus_3068538,host_118856): 0 -> 1
Cell (virus_3068538,host_94956): 0 -> 1
Cell (virus_3068538,host_138695): 0 -> 1
Cell (virus_3068538,host_208969): 0 -> 1
Cell (virus_3068538,host_27663): 0 -> 1
Cell (virus_3068538,host_574064): 0 -> 1
Cell (virus_3068538,host_27660): 0 -> 1
Cell (virus_3068538,host_27638): 0 -> 1
Cell (virus_3068538,host_2994998): 0 -> 1
Cell (virus_3068538,host_409031): 0 -> 1
Cell (virus_3068538,host_89673): 0 -> 1
Cell (virus_3068538,host_148061): 0 -> 1
Cell (virus_3068538,host_148089): 0 -> 1
Cell (virus_3068538,host_9430): 0 -> 1
Cell (virus_3068538,host_3042450): 0 -> 1
Cell (virus_3068538,host_1434095): 0 -> 1
Cell (virus_3068538,host_221086): 0 -> 1
Cell (virus_3068538,host_221087): 0 -> 1
Cell (virus_3068538,host_187007): 0 -> 1
Cell (virus_3068538,host_438766): 0 -> 1
Cell (virus_3068538,host_258934): 0 -> 1
Cell (virus_3068538,host_479723): 0 -> 1
Cell (virus_3068538,host_3041509): 0 -> 1
Cell (virus_3068538,host_2218597): 0 -> 1
Cell (virus_3068538,host_242384): 0 -> 1
Cell (virus_3068538,host_452595): 0 -> 1
Cell (virus_3068538,host_3370289): 0 -> 1
Cell (virus_3068538,host_9438): 0 -> 1
Cell (virus_3068538,host_153297): 0 -> 1
Cell (virus_3068538,host_249034): 0 -> 1
Cell (virus_3068538,host_249033): 0 -> 1
Cell (virus_3068538,host_258930): 0 -> 1
Cell (virus_694009,host_187011): 0 -> 1
Cell (virus_694009,host_375553): 0 -> 1
Cell (virus_694009,host_294653): 0 -> 1
Cell (virus_694009,host_59463): 0 -> 1
Cell (virus_694009,host_109480): 0 -> 1
Cell (virus_694009,host_1633875): 0 -> 1
Cell (virus_694009,host_2528591): 0 -> 1
Cell (virus_694009,host_51298): 0 -> 1
Cell (virus_694009,host_225399): 0 -> 1
Cell (virus_694009,host_392004): 0 -> 1
Cell (virus_694009,host_392318): 0 -> 1
Cell (virus_694009,host_187014): 0 -> 1
Cell (virus_694009,host_526407): 0 -> 1
Cell (virus_694009,host_1911917): 0 -> 1
Cell (virus_694009,host_452654): 0 -> 1
Cell (virus_694009,host_587652): 0 -> 1
Cell (virus_694009,host_225400): 0 -> 1
Cell (virus_694009,host_385037): 0 -> 1
Cell (virus_694009,host_155035): 0 -> 1
Cell (virus_694009,host_258925): 0 -> 1
Cell (virus_694009,host_177185): 0 -> 1
Cell (virus_694009,host_186991): 0 -> 1
Cell (virus_694009,host_159858): 0 -> 1
Cell (virus_694009,host_376555): 0 -> 1
Cell (virus_694009,host_196889): 0 -> 1
Cell (virus_694009,host_337452): 0 -> 1
Cell (virus_694009,host_76837): 0 -> 1
Cell (virus_694009,host_178895): 0 -> 1
Cell (virus_694009,host_608708): 0 -> 1
Cell (virus_694009,host_196297): 0 -> 1
Cell (virus_694009,host_9402): 0 -> 1
Cell (virus_694009,host_9403): 0 -> 1
Cell (virus_694009,host_58057): 0 -> 1
Cell (virus_694009,host_372077): 0 -> 1
Cell (virus_694009,host_903567): 0 -> 1
Cell (virus_694009,host_58067): 0 -> 1
Cell (virus_694009,host_58071): 0 -> 1
Cell (virus_694009,host_58073): 0 -> 1
Cell (virus_694009,host_1898393): 0 -> 1
Cell (virus_694009,host_77223): 0 -> 1
Cell (virus_694009,host_58063): 0 -> 1
Cell (virus_694009,host_9400): 0 -> 1
Cell (virus_694009,host_298110): 0 -> 1
Cell (virus_694009,host_374419): 0 -> 1
Cell (virus_694009,host_326081): 0 -> 1
Cell (virus_694009,host_1381355): 0 -> 1
Cell (virus_694009,host_187003): 0 -> 1
Cell (virus_694009,host_118856): 0 -> 1
Cell (virus_694009,host_94956): 0 -> 1
Cell (virus_694009,host_138695): 0 -> 1
Cell (virus_694009,host_208969): 0 -> 1
Cell (virus_694009,host_27663): 0 -> 1
Cell (virus_694009,host_574064): 0 -> 1
Cell (virus_694009,host_27660): 0 -> 1
Cell (virus_694009,host_27638): 0 -> 1
Cell (virus_694009,host_2994998): 0 -> 1
Cell (virus_694009,host_409031): 0 -> 1
Cell (virus_694009,host_89673): 0 -> 1
Cell (virus_694009,host_148061): 0 -> 1
Cell (virus_694009,host_148089): 0 -> 1
Cell (virus_694009,host_9430): 0 -> 1
Cell (virus_694009,host_3042450): 0 -> 1
Cell (virus_694009,host_1434095): 0 -> 1
Cell (virus_694009,host_221086): 0 -> 1
Cell (virus_694009,host_221087): 0 -> 1
Cell (virus_694009,host_187007): 0 -> 1
Cell (virus_694009,host_438766): 0 -> 1
Cell (virus_694009,host_258934): 0 -> 1
Cell (virus_694009,host_479723): 0 -> 1
Cell (virus_694009,host_3041509): 0 -> 1
Cell (virus_694009,host_2218597): 0 -> 1
Cell (virus_694009,host_242384): 0 -> 1
Cell (virus_694009,host_452595): 0 -> 1
Cell (virus_694009,host_3370289): 0 -> 1
Cell (virus_694009,host_9438): 0 -> 1
Cell (virus_694009,host_153297): 0 -> 1
Cell (virus_694009,host_249034): 0 -> 1
Cell (virus_694009,host_249033): 0 -> 1
Cell (virus_694009,host_258930): 0 -> 1
Cell (virus_3418604,host_187011): 0 -> 1
Cell (virus_3418604,host_375553): 0 -> 1
Cell (virus_3418604,host_294653): 0 -> 1
Cell (virus_3418604,host_59463): 0 -> 1
Cell (virus_3418604,host_109480): 0 -> 1
Cell (virus_3418604,host_1633875): 0 -> 1
Cell (virus_3418604,host_2528591): 0 -> 1
Cell (virus_3418604,host_51298): 0 -> 1
Cell (virus_3418604,host_225399): 0 -> 1
Cell (virus_3418604,host_392004): 0 -> 1
Cell (virus_3418604,host_392318): 0 -> 1
Cell (virus_3418604,host_187014): 0 -> 1
Cell (virus_3418604,host_526407): 0 -> 1
Cell (virus_3418604,host_1911917): 0 -> 1
Cell (virus_3418604,host_452654): 0 -> 1
Cell (virus_3418604,host_587652): 0 -> 1
Cell (virus_3418604,host_225400): 0 -> 1
Cell (virus_3418604,host_385037): 0 -> 1
Cell (virus_3418604,host_155035): 0 -> 1
Cell (virus_3418604,host_258925): 0 -> 1
Cell (virus_3418604,host_177185): 0 -> 1
Cell (virus_3418604,host_186991): 0 -> 1
Cell (virus_3418604,host_159858): 0 -> 1
Cell (virus_3418604,host_376555): 0 -> 1
Cell (virus_3418604,host_196889): 0 -> 1
Cell (virus_3418604,host_337452): 0 -> 1
Cell (virus_3418604,host_76837): 0 -> 1
Cell (virus_3418604,host_178895): 0 -> 1
Cell (virus_3418604,host_608708): 0 -> 1
Cell (virus_3418604,host_196297): 0 -> 1
Cell (virus_3418604,host_9402): 0 -> 1
Cell (virus_3418604,host_9403): 0 -> 1
Cell (virus_3418604,host_58057): 0 -> 1
Cell (virus_3418604,host_372077): 0 -> 1
Cell (virus_3418604,host_903567): 0 -> 1
Cell (virus_3418604,host_58067): 0 -> 1
Cell (virus_3418604,host_58071): 0 -> 1
Cell (virus_3418604,host_58073): 0 -> 1
Cell (virus_3418604,host_1898393): 0 -> 1
Cell (virus_3418604,host_77223): 0 -> 1
Cell (virus_3418604,host_58063): 0 -> 1
Cell (virus_3418604,host_9400): 0 -> 1
Cell (virus_3418604,host_298110): 0 -> 1
Cell (virus_3418604,host_374419): 0 -> 1
Cell (virus_3418604,host_326081): 0 -> 1
Cell (virus_3418604,host_1381355): 0 -> 1
Cell (virus_3418604,host_187003): 0 -> 1
Cell (virus_3418604,host_118856): 0 -> 1
Cell (virus_3418604,host_94956): 0 -> 1
Cell (virus_3418604,host_138695): 0 -> 1
Cell (virus_3418604,host_208969): 0 -> 1
Cell (virus_3418604,host_27663): 0 -> 1
Cell (virus_3418604,host_574064): 0 -> 1
Cell (virus_3418604,host_27660): 0 -> 1
Cell (virus_3418604,host_27638): 0 -> 1
Cell (virus_3418604,host_2994998): 0 -> 1
Cell (virus_3418604,host_409031): 0 -> 1
Cell (virus_3418604,host_89673): 0 -> 1
Cell (virus_3418604,host_148061): 0 -> 1
Cell (virus_3418604,host_148089): 0 -> 1
Cell (virus_3418604,host_9430): 0 -> 1
Cell (virus_3418604,host_94961): 0 -> 1
Cell (virus_3418604,host_3042450): 0 -> 1
Cell (virus_3418604,host_1434095): 0 -> 1
Cell (virus_3418604,host_221086): 0 -> 1
Cell (virus_3418604,host_221087): 0 -> 1
Cell (virus_3418604,host_187007): 0 -> 1
Cell (virus_3418604,host_438766): 0 -> 1
Cell (virus_3418604,host_258934): 0 -> 1
Cell (virus_3418604,host_479723): 0 -> 1
Cell (virus_3418604,host_3041509): 0 -> 1
Cell (virus_3418604,host_2218597): 0 -> 1
Cell (virus_3418604,host_242384): 0 -> 1
Cell (virus_3418604,host_452595): 0 -> 1
Cell (virus_3418604,host_3370289): 0 -> 1
Cell (virus_3418604,host_9438): 0 -> 1
Cell (virus_3418604,host_153297): 0 -> 1
Cell (virus_3418604,host_249034): 0 -> 1
Cell (virus_3418604,host_249033): 0 -> 1
Cell (virus_3418604,host_258930): 0 -> 1
Cell (virus_2913380,host_187011): 0 -> 1
Cell (virus_2913380,host_375553): 0 -> 1
Cell (virus_2913380,host_294653): 0 -> 1
Cell (virus_2913380,host_59463): 0 -> 1
Cell (virus_2913380,host_109480): 0 -> 1
Cell (virus_2913380,host_1633875): 0 -> 1
Cell (virus_2913380,host_2528591): 0 -> 1
Cell (virus_2913380,host_51298): 0 -> 1
Cell (virus_2913380,host_225399): 0 -> 1
Cell (virus_2913380,host_392004): 0 -> 1
Cell (virus_2913380,host_392318): 0 -> 1
Cell (virus_2913380,host_526407): 0 -> 1
Cell (virus_2913380,host_1911917): 0 -> 1
Cell (virus_2913380,host_452654): 0 -> 1
Cell (virus_2913380,host_587652): 0 -> 1
Cell (virus_2913380,host_225400): 0 -> 1
Cell (virus_2913380,host_385037): 0 -> 1
Cell (virus_2913380,host_155035): 0 -> 1
Cell (virus_2913380,host_258925): 0 -> 1
Cell (virus_2913380,host_177185): 0 -> 1
Cell (virus_2913380,host_187017): 0 -> 1
Cell (virus_2913380,host_186991): 0 -> 1
Cell (virus_2913380,host_159858): 0 -> 1
Cell (virus_2913380,host_376555): 0 -> 1
Cell (virus_2913380,host_196889): 0 -> 1
Cell (virus_2913380,host_337452): 0 -> 1
Cell (virus_2913380,host_76837): 0 -> 1
Cell (virus_2913380,host_178895): 0 -> 1
Cell (virus_2913380,host_608708): 0 -> 1
Cell (virus_2913380,host_196297): 0 -> 1
Cell (virus_2913380,host_9402): 0 -> 1
Cell (virus_2913380,host_9403): 0 -> 1
Cell (virus_2913380,host_58057): 0 -> 1
Cell (virus_2913380,host_1898389): 0 -> 1
Cell (virus_2913380,host_372077): 0 -> 1
Cell (virus_2913380,host_903567): 0 -> 1
Cell (virus_2913380,host_58067): 0 -> 1
Cell (virus_2913380,host_58071): 0 -> 1
Cell (virus_2913380,host_58073): 0 -> 1
Cell (virus_2913380,host_1898393): 0 -> 1
Cell (virus_2913380,host_77223): 0 -> 1
Cell (virus_2913380,host_58063): 0 -> 1
Cell (virus_2913380,host_9400): 0 -> 1
Cell (virus_2913380,host_298110): 0 -> 1
Cell (virus_2913380,host_374419): 0 -> 1
Cell (virus_2913380,host_326081): 0 -> 1
Cell (virus_2913380,host_1381355): 0 -> 1
Cell (virus_2913380,host_187003): 0 -> 1
Cell (virus_2913380,host_118856): 0 -> 1
Cell (virus_2913380,host_94956): 0 -> 1
Cell (virus_2913380,host_138695): 0 -> 1
Cell (virus_2913380,host_208969): 0 -> 1
Cell (virus_2913380,host_27663): 0 -> 1
Cell (virus_2913380,host_574064): 0 -> 1
Cell (virus_2913380,host_27660): 0 -> 1
Cell (virus_2913380,host_27638): 0 -> 1
Cell (virus_2913380,host_2994998): 0 -> 1
Cell (virus_2913380,host_409031): 0 -> 1
Cell (virus_2913380,host_89673): 0 -> 1
Cell (virus_2913380,host_148061): 0 -> 1
Cell (virus_2913380,host_148089): 0 -> 1
Cell (virus_2913380,host_9430): 0 -> 1
Cell (virus_2913380,host_94961): 0 -> 1
Cell (virus_2913380,host_3042450): 0 -> 1
Cell (virus_2913380,host_1434095): 0 -> 1
Cell (virus_2913380,host_221086): 0 -> 1
Cell (virus_2913380,host_221087): 0 -> 1
Cell (virus_2913380,host_187007): 0 -> 1
Cell (virus_2913380,host_438766): 0 -> 1
Cell (virus_2913380,host_258934): 0 -> 1
Cell (virus_2913380,host_479723): 0 -> 1
Cell (virus_2913380,host_3041509): 0 -> 1
Cell (virus_2913380,host_2218597): 0 -> 1
Cell (virus_2913380,host_242384): 0 -> 1
Cell (virus_2913380,host_452595): 0 -> 1
Cell (virus_2913380,host_3370289): 0 -> 1
Cell (virus_2913380,host_9438): 0 -> 1
Cell (virus_2913380,host_153297): 0 -> 1
Cell (virus_2913380,host_249034): 0 -> 1
Cell (virus_2913380,host_249033): 0 -> 1
Cell (virus_2913380,host_258930): 0 -> 1
Cell (virus_989337,host_187011): 0 -> 1
Cell (virus_989337,host_375553): 0 -> 1
Cell (virus_989337,host_294653): 0 -> 1
Cell (virus_989337,host_59463): 0 -> 1
Cell (virus_989337,host_109480): 0 -> 1
Cell (virus_989337,host_1633875): 0 -> 1
Cell (virus_989337,host_2528591): 0 -> 1
Cell (virus_989337,host_51298): 0 -> 1
Cell (virus_989337,host_225399): 0 -> 1
Cell (virus_989337,host_392004): 0 -> 1
Cell (virus_989337,host_392318): 0 -> 1
Cell (virus_989337,host_526407): 0 -> 1
Cell (virus_989337,host_1911917): 0 -> 1
Cell (virus_989337,host_452654): 0 -> 1
Cell (virus_989337,host_587652): 0 -> 1
Cell (virus_989337,host_225400): 0 -> 1
Cell (virus_989337,host_385037): 0 -> 1
Cell (virus_989337,host_155035): 0 -> 1
Cell (virus_989337,host_258925): 0 -> 1
Cell (virus_989337,host_177185): 0 -> 1
Cell (virus_989337,host_186991): 0 -> 1
Cell (virus_989337,host_159858): 0 -> 1
Cell (virus_989337,host_376555): 0 -> 1
Cell (virus_989337,host_196889): 0 -> 1
Cell (virus_989337,host_337452): 0 -> 1
Cell (virus_989337,host_76837): 0 -> 1
Cell (virus_989337,host_178895): 0 -> 1
Cell (virus_989337,host_608708): 0 -> 1
Cell (virus_989337,host_196297): 0 -> 1
Cell (virus_989337,host_9402): 0 -> 1
Cell (virus_989337,host_9403): 0 -> 1
Cell (virus_989337,host_58057): 0 -> 1
Cell (virus_989337,host_1898389): 0 -> 1
Cell (virus_989337,host_372077): 0 -> 1
Cell (virus_989337,host_903567): 0 -> 1
Cell (virus_989337,host_58067): 0 -> 1
Cell (virus_989337,host_58071): 0 -> 1
Cell (virus_989337,host_58073): 0 -> 1
Cell (virus_989337,host_1898393): 0 -> 1
Cell (virus_989337,host_77223): 0 -> 1
Cell (virus_989337,host_58063): 0 -> 1
Cell (virus_989337,host_9400): 0 -> 1
Cell (virus_989337,host_298110): 0 -> 1
Cell (virus_989337,host_374419): 0 -> 1
Cell (virus_989337,host_326081): 0 -> 1
Cell (virus_989337,host_1381355): 0 -> 1
Cell (virus_989337,host_187003): 0 -> 1
Cell (virus_989337,host_118856): 0 -> 1
Cell (virus_989337,host_94956): 0 -> 1
Cell (virus_989337,host_138695): 0 -> 1
Cell (virus_989337,host_208969): 0 -> 1
Cell (virus_989337,host_27663): 0 -> 1
Cell (virus_989337,host_574064): 0 -> 1
Cell (virus_989337,host_27660): 0 -> 1
Cell (virus_989337,host_27638): 0 -> 1
Cell (virus_989337,host_2994998): 0 -> 1
Cell (virus_989337,host_409031): 0 -> 1
Cell (virus_989337,host_89673): 0 -> 1
Cell (virus_989337,host_148061): 0 -> 1
Cell (virus_989337,host_148089): 0 -> 1
Cell (virus_989337,host_9430): 0 -> 1
Cell (virus_989337,host_94961): 0 -> 1
Cell (virus_989337,host_3042450): 0 -> 1
Cell (virus_989337,host_1434095): 0 -> 1
Cell (virus_989337,host_221086): 0 -> 1
Cell (virus_989337,host_221087): 0 -> 1
Cell (virus_989337,host_187007): 0 -> 1
Cell (virus_989337,host_438766): 0 -> 1
Cell (virus_989337,host_258934): 0 -> 1
Cell (virus_989337,host_479723): 0 -> 1
Cell (virus_989337,host_3041509): 0 -> 1
Cell (virus_989337,host_2218597): 0 -> 1
Cell (virus_989337,host_242384): 0 -> 1
Cell (virus_989337,host_452595): 0 -> 1
Cell (virus_989337,host_3370289): 0 -> 1
Cell (virus_989337,host_9438): 0 -> 1
Cell (virus_989337,host_153297): 0 -> 1
Cell (virus_989337,host_249034): 0 -> 1
Cell (virus_989337,host_249033): 0 -> 1
Cell (virus_989337,host_258930): 0 -> 1
Cell (virus_3433764,host_187011): 0 -> 1
Cell (virus_3433764,host_375553): 0 -> 1
Cell (virus_3433764,host_294653): 0 -> 1
Cell (virus_3433764,host_59463): 0 -> 1
Cell (virus_3433764,host_109480): 0 -> 1
Cell (virus_3433764,host_1633875): 0 -> 1
Cell (virus_3433764,host_2528591): 0 -> 1
Cell (virus_3433764,host_51298): 0 -> 1
Cell (virus_3433764,host_225399): 0 -> 1
Cell (virus_3433764,host_392004): 0 -> 1
Cell (virus_3433764,host_392318): 0 -> 1
Cell (virus_3433764,host_526407): 0 -> 1
Cell (virus_3433764,host_1911917): 0 -> 1
Cell (virus_3433764,host_452654): 0 -> 1
Cell (virus_3433764,host_587652): 0 -> 1
Cell (virus_3433764,host_225400): 0 -> 1
Cell (virus_3433764,host_385037): 0 -> 1
Cell (virus_3433764,host_155035): 0 -> 1
Cell (virus_3433764,host_258925): 0 -> 1
Cell (virus_3433764,host_177185): 0 -> 1
Cell (virus_3433764,host_186991): 0 -> 1
Cell (virus_3433764,host_159858): 0 -> 1
Cell (virus_3433764,host_376555): 0 -> 1
Cell (virus_3433764,host_196889): 0 -> 1
Cell (virus_3433764,host_337452): 0 -> 1
Cell (virus_3433764,host_76837): 0 -> 1
Cell (virus_3433764,host_178895): 0 -> 1
Cell (virus_3433764,host_608708): 0 -> 1
Cell (virus_3433764,host_196297): 0 -> 1
Cell (virus_3433764,host_9402): 0 -> 1
Cell (virus_3433764,host_9403): 0 -> 1
Cell (virus_3433764,host_58057): 0 -> 1
Cell (virus_3433764,host_1898389): 0 -> 1
Cell (virus_3433764,host_372077): 0 -> 1
Cell (virus_3433764,host_903567): 0 -> 1
Cell (virus_3433764,host_58067): 0 -> 1
Cell (virus_3433764,host_58071): 0 -> 1
Cell (virus_3433764,host_58073): 0 -> 1
Cell (virus_3433764,host_1898393): 0 -> 1
Cell (virus_3433764,host_77223): 0 -> 1
Cell (virus_3433764,host_58063): 0 -> 1
Cell (virus_3433764,host_9400): 0 -> 1
Cell (virus_3433764,host_298110): 0 -> 1
Cell (virus_3433764,host_374419): 0 -> 1
Cell (virus_3433764,host_326081): 0 -> 1
Cell (virus_3433764,host_1381355): 0 -> 1
Cell (virus_3433764,host_187003): 0 -> 1
Cell (virus_3433764,host_118856): 0 -> 1
Cell (virus_3433764,host_94956): 0 -> 1
Cell (virus_3433764,host_138695): 0 -> 1
Cell (virus_3433764,host_208969): 0 -> 1
Cell (virus_3433764,host_27663): 0 -> 1
Cell (virus_3433764,host_574064): 0 -> 1
Cell (virus_3433764,host_27660): 0 -> 1
Cell (virus_3433764,host_27638): 0 -> 1
Cell (virus_3433764,host_2994998): 0 -> 1
Cell (virus_3433764,host_409031): 0 -> 1
Cell (virus_3433764,host_89673): 0 -> 1
Cell (virus_3433764,host_148061): 0 -> 1
Cell (virus_3433764,host_148089): 0 -> 1
Cell (virus_3433764,host_9430): 0 -> 1
Cell (virus_3433764,host_94961): 0 -> 1
Cell (virus_3433764,host_3042450): 0 -> 1
Cell (virus_3433764,host_1434095): 0 -> 1
Cell (virus_3433764,host_221086): 0 -> 1
Cell (virus_3433764,host_221087): 0 -> 1
Cell (virus_3433764,host_187007): 0 -> 1
Cell (virus_3433764,host_438766): 0 -> 1
Cell (virus_3433764,host_258934): 0 -> 1
Cell (virus_3433764,host_479723): 0 -> 1
Cell (virus_3433764,host_3041509): 0 -> 1
Cell (virus_3433764,host_2218597): 0 -> 1
Cell (virus_3433764,host_242384): 0 -> 1
Cell (virus_3433764,host_452595): 0 -> 1
Cell (virus_3433764,host_3370289): 0 -> 1
Cell (virus_3433764,host_9438): 0 -> 1
Cell (virus_3433764,host_153297): 0 -> 1
Cell (virus_3433764,host_249034): 0 -> 1
Cell (virus_3433764,host_249033): 0 -> 1
Cell (virus_3433764,host_258930): 0 -> 1
Cell (virus_2115988,host_187011): 0 -> 1
Cell (virus_2115988,host_375553): 0 -> 1
Cell (virus_2115988,host_294653): 0 -> 1
Cell (virus_2115988,host_59463): 0 -> 1
Cell (virus_2115988,host_109480): 0 -> 1
Cell (virus_2115988,host_1633875): 0 -> 1
Cell (virus_2115988,host_2528591): 0 -> 1
Cell (virus_2115988,host_51298): 0 -> 1
Cell (virus_2115988,host_225399): 0 -> 1
Cell (virus_2115988,host_392004): 0 -> 1
Cell (virus_2115988,host_392318): 0 -> 1
Cell (virus_2115988,host_187014): 0 -> 1
Cell (virus_2115988,host_526407): 0 -> 1
Cell (virus_2115988,host_1911917): 0 -> 1
Cell (virus_2115988,host_452654): 0 -> 1
Cell (virus_2115988,host_587652): 0 -> 1
Cell (virus_2115988,host_225400): 0 -> 1
Cell (virus_2115988,host_385037): 0 -> 1
Cell (virus_2115988,host_155035): 0 -> 1
Cell (virus_2115988,host_258925): 0 -> 1
Cell (virus_2115988,host_177185): 0 -> 1
Cell (virus_2115988,host_186991): 0 -> 1
Cell (virus_2115988,host_159858): 0 -> 1
Cell (virus_2115988,host_376555): 0 -> 1
Cell (virus_2115988,host_196889): 0 -> 1
Cell (virus_2115988,host_337452): 0 -> 1
Cell (virus_2115988,host_76837): 0 -> 1
Cell (virus_2115988,host_178895): 0 -> 1
Cell (virus_2115988,host_608708): 0 -> 1
Cell (virus_2115988,host_196297): 0 -> 1
Cell (virus_2115988,host_9402): 0 -> 1
Cell (virus_2115988,host_9403): 0 -> 1
Cell (virus_2115988,host_58057): 0 -> 1
Cell (virus_2115988,host_1898389): 0 -> 1
Cell (virus_2115988,host_372077): 0 -> 1
Cell (virus_2115988,host_903567): 0 -> 1
Cell (virus_2115988,host_58067): 0 -> 1
Cell (virus_2115988,host_448084): 0 -> 1
Cell (virus_2115988,host_58071): 0 -> 1
Cell (virus_2115988,host_1898393): 0 -> 1
Cell (virus_2115988,host_77223): 0 -> 1
Cell (virus_2115988,host_58063): 0 -> 1
Cell (virus_2115988,host_298110): 0 -> 1
Cell (virus_2115988,host_374419): 0 -> 1
Cell (virus_2115988,host_326081): 0 -> 1
Cell (virus_2115988,host_1381355): 0 -> 1
Cell (virus_2115988,host_187003): 0 -> 1
Cell (virus_2115988,host_118856): 0 -> 1
Cell (virus_2115988,host_94956): 0 -> 1
Cell (virus_2115988,host_138695): 0 -> 1
Cell (virus_2115988,host_208969): 0 -> 1
Cell (virus_2115988,host_27663): 0 -> 1
Cell (virus_2115988,host_27660): 0 -> 1
Cell (virus_2115988,host_27638): 0 -> 1
Cell (virus_2115988,host_2994998): 0 -> 1
Cell (virus_2115988,host_409031): 0 -> 1
Cell (virus_2115988,host_89673): 0 -> 1
Cell (virus_2115988,host_148089): 0 -> 1
Cell (virus_2115988,host_9430): 0 -> 1
Cell (virus_2115988,host_94961): 0 -> 1
Cell (virus_2115988,host_1434095): 0 -> 1
Cell (virus_2115988,host_221086): 0 -> 1
Cell (virus_2115988,host_221087): 0 -> 1
Cell (virus_2115988,host_187007): 0 -> 1
Cell (virus_2115988,host_438766): 0 -> 1
Cell (virus_2115988,host_258934): 0 -> 1
Cell (virus_2115988,host_3041509): 0 -> 1
Cell (virus_2115988,host_2218597): 0 -> 1
Cell (virus_2115988,host_242384): 0 -> 1
Cell (virus_2115988,host_452595): 0 -> 1
Cell (virus_2115988,host_3370289): 0 -> 1
Cell (virus_2115988,host_9438): 0 -> 1
Cell (virus_2115988,host_153297): 0 -> 1
Cell (virus_2115988,host_249034): 0 -> 1
Cell (virus_2115988,host_249033): 0 -> 1
Cell (virus_2115988,host_258930): 0 -> 1
Cell (virus_2833151,host_187011): 0 -> 1
Cell (virus_2833151,host_375553): 0 -> 1
Cell (virus_2833151,host_294653): 0 -> 1
Cell (virus_2833151,host_59463): 0 -> 1
Cell (virus_2833151,host_109480): 0 -> 1
Cell (virus_2833151,host_1633875): 0 -> 1
Cell (virus_2833151,host_2528591): 0 -> 1
Cell (virus_2833151,host_51298): 0 -> 1
Cell (virus_2833151,host_225399): 0 -> 1
Cell (virus_2833151,host_392004): 0 -> 1
Cell (virus_2833151,host_392318): 0 -> 1
Cell (virus_2833151,host_187014): 0 -> 1
Cell (virus_2833151,host_526407): 0 -> 1
Cell (virus_2833151,host_1911917): 0 -> 1
Cell (virus_2833151,host_452654): 0 -> 1
Cell (virus_2833151,host_587652): 0 -> 1
Cell (virus_2833151,host_225400): 0 -> 1
Cell (virus_2833151,host_385037): 0 -> 1
Cell (virus_2833151,host_155035): 0 -> 1
Cell (virus_2833151,host_258925): 0 -> 1
Cell (virus_2833151,host_177185): 0 -> 1
Cell (virus_2833151,host_186991): 0 -> 1
Cell (virus_2833151,host_159858): 0 -> 1
Cell (virus_2833151,host_376555): 0 -> 1
Cell (virus_2833151,host_196889): 0 -> 1
Cell (virus_2833151,host_337452): 0 -> 1
Cell (virus_2833151,host_76837): 0 -> 1
Cell (virus_2833151,host_178895): 0 -> 1
Cell (virus_2833151,host_608708): 0 -> 1
Cell (virus_2833151,host_196297): 0 -> 1
Cell (virus_2833151,host_9402): 0 -> 1
Cell (virus_2833151,host_9403): 0 -> 1
Cell (virus_2833151,host_58057): 0 -> 1
Cell (virus_2833151,host_1898389): 0 -> 1
Cell (virus_2833151,host_372077): 0 -> 1
Cell (virus_2833151,host_903567): 0 -> 1
Cell (virus_2833151,host_58067): 0 -> 1
Cell (virus_2833151,host_448084): 0 -> 1
Cell (virus_2833151,host_58071): 0 -> 1
Cell (virus_2833151,host_1898393): 0 -> 1
Cell (virus_2833151,host_77223): 0 -> 1
Cell (virus_2833151,host_58063): 0 -> 1
Cell (virus_2833151,host_298110): 0 -> 1
Cell (virus_2833151,host_374419): 0 -> 1
Cell (virus_2833151,host_326081): 0 -> 1
Cell (virus_2833151,host_1381355): 0 -> 1
Cell (virus_2833151,host_187003): 0 -> 1
Cell (virus_2833151,host_118856): 0 -> 1
Cell (virus_2833151,host_94956): 0 -> 1
Cell (virus_2833151,host_138695): 0 -> 1
Cell (virus_2833151,host_208969): 0 -> 1
Cell (virus_2833151,host_27663): 0 -> 1
Cell (virus_2833151,host_27660): 0 -> 1
Cell (virus_2833151,host_27638): 0 -> 1
Cell (virus_2833151,host_2994998): 0 -> 1
Cell (virus_2833151,host_409031): 0 -> 1
Cell (virus_2833151,host_89673): 0 -> 1
Cell (virus_2833151,host_148089): 0 -> 1
Cell (virus_2833151,host_9430): 0 -> 1
Cell (virus_2833151,host_94961): 0 -> 1
Cell (virus_2833151,host_1434095): 0 -> 1
Cell (virus_2833151,host_221086): 0 -> 1
Cell (virus_2833151,host_221087): 0 -> 1
Cell (virus_2833151,host_187007): 0 -> 1
Cell (virus_2833151,host_438766): 0 -> 1
Cell (virus_2833151,host_258934): 0 -> 1
Cell (virus_2833151,host_3041509): 0 -> 1
Cell (virus_2833151,host_2218597): 0 -> 1
Cell (virus_2833151,host_242384): 0 -> 1
Cell (virus_2833151,host_452595): 0 -> 1
Cell (virus_2833151,host_3370289): 0 -> 1
Cell (virus_2833151,host_9438): 0 -> 1
Cell (virus_2833151,host_153297): 0 -> 1
Cell (virus_2833151,host_249034): 0 -> 1
Cell (virus_2833151,host_249033): 0 -> 1
Cell (virus_2833151,host_258930): 0 -> 1
Cell (virus_3433795,host_187011): 0 -> 1
Cell (virus_3433795,host_375553): 0 -> 1
Cell (virus_3433795,host_294653): 0 -> 1
Cell (virus_3433795,host_59463): 0 -> 1
Cell (virus_3433795,host_109480): 0 -> 1
Cell (virus_3433795,host_1633875): 0 -> 1
Cell (virus_3433795,host_2528591): 0 -> 1
Cell (virus_3433795,host_51298): 0 -> 1
Cell (virus_3433795,host_225399): 0 -> 1
Cell (virus_3433795,host_392004): 0 -> 1
Cell (virus_3433795,host_392318): 0 -> 1
Cell (virus_3433795,host_187014): 0 -> 1
Cell (virus_3433795,host_526407): 0 -> 1
Cell (virus_3433795,host_1911917): 0 -> 1
Cell (virus_3433795,host_452654): 0 -> 1
Cell (virus_3433795,host_587652): 0 -> 1
Cell (virus_3433795,host_225400): 0 -> 1
Cell (virus_3433795,host_385037): 0 -> 1
Cell (virus_3433795,host_155035): 0 -> 1
Cell (virus_3433795,host_258925): 0 -> 1
Cell (virus_3433795,host_177185): 0 -> 1
Cell (virus_3433795,host_186991): 0 -> 1
Cell (virus_3433795,host_159858): 0 -> 1
Cell (virus_3433795,host_376555): 0 -> 1
Cell (virus_3433795,host_196889): 0 -> 1
Cell (virus_3433795,host_337452): 0 -> 1
Cell (virus_3433795,host_76837): 0 -> 1
Cell (virus_3433795,host_178895): 0 -> 1
Cell (virus_3433795,host_608708): 0 -> 1
Cell (virus_3433795,host_196297): 0 -> 1
Cell (virus_3433795,host_9402): 0 -> 1
Cell (virus_3433795,host_9403): 0 -> 1
Cell (virus_3433795,host_58057): 0 -> 1
Cell (virus_3433795,host_1898389): 0 -> 1
Cell (virus_3433795,host_372077): 0 -> 1
Cell (virus_3433795,host_903567): 0 -> 1
Cell (virus_3433795,host_58067): 0 -> 1
Cell (virus_3433795,host_448084): 0 -> 1
Cell (virus_3433795,host_58071): 0 -> 1
Cell (virus_3433795,host_1898393): 0 -> 1
Cell (virus_3433795,host_77223): 0 -> 1
Cell (virus_3433795,host_58063): 0 -> 1
Cell (virus_3433795,host_298110): 0 -> 1
Cell (virus_3433795,host_374419): 0 -> 1
Cell (virus_3433795,host_326081): 0 -> 1
Cell (virus_3433795,host_1381355): 0 -> 1
Cell (virus_3433795,host_187003): 0 -> 1
Cell (virus_3433795,host_118856): 0 -> 1
Cell (virus_3433795,host_94956): 0 -> 1
Cell (virus_3433795,host_138695): 0 -> 1
Cell (virus_3433795,host_208969): 0 -> 1
Cell (virus_3433795,host_27663): 0 -> 1
Cell (virus_3433795,host_27660): 0 -> 1
Cell (virus_3433795,host_27638): 0 -> 1
Cell (virus_3433795,host_2994998): 0 -> 1
Cell (virus_3433795,host_409031): 0 -> 1
Cell (virus_3433795,host_89673): 0 -> 1
Cell (virus_3433795,host_148089): 0 -> 1
Cell (virus_3433795,host_9430): 0 -> 1
Cell (virus_3433795,host_94961): 0 -> 1
Cell (virus_3433795,host_1434095): 0 -> 1
Cell (virus_3433795,host_221086): 0 -> 1
Cell (virus_3433795,host_221087): 0 -> 1
Cell (virus_3433795,host_187007): 0 -> 1
Cell (virus_3433795,host_438766): 0 -> 1
Cell (virus_3433795,host_258934): 0 -> 1
Cell (virus_3433795,host_3041509): 0 -> 1
Cell (virus_3433795,host_2218597): 0 -> 1
Cell (virus_3433795,host_242384): 0 -> 1
Cell (virus_3433795,host_452595): 0 -> 1
Cell (virus_3433795,host_3370289): 0 -> 1
Cell (virus_3433795,host_9438): 0 -> 1
Cell (virus_3433795,host_153297): 0 -> 1
Cell (virus_3433795,host_249034): 0 -> 1
Cell (virus_3433795,host_249033): 0 -> 1
Cell (virus_3433795,host_258930): 0 -> 1
Cell (virus_693998,host_187011): 0 -> 1
Cell (virus_693998,host_375553): 0 -> 1
Cell (virus_693998,host_294653): 0 -> 1
Cell (virus_693998,host_59463): 0 -> 1
Cell (virus_693998,host_109480): 0 -> 1
Cell (virus_693998,host_1633875): 0 -> 1
Cell (virus_693998,host_2528591): 0 -> 1
Cell (virus_693998,host_51298): 0 -> 1
Cell (virus_693998,host_225399): 0 -> 1
Cell (virus_693998,host_392004): 0 -> 1
Cell (virus_693998,host_392318): 0 -> 1
Cell (virus_693998,host_187014): 0 -> 1
Cell (virus_693998,host_526407): 0 -> 1
Cell (virus_693998,host_1911917): 0 -> 1
Cell (virus_693998,host_452654): 0 -> 1
Cell (virus_693998,host_587652): 0 -> 1
Cell (virus_693998,host_225400): 0 -> 1
Cell (virus_693998,host_385037): 0 -> 1
Cell (virus_693998,host_155035): 0 -> 1
Cell (virus_693998,host_258925): 0 -> 1
Cell (virus_693998,host_177185): 0 -> 1
Cell (virus_693998,host_186991): 0 -> 1
Cell (virus_693998,host_159858): 0 -> 1
Cell (virus_693998,host_376555): 0 -> 1
Cell (virus_693998,host_196889): 0 -> 1
Cell (virus_693998,host_337452): 0 -> 1
Cell (virus_693998,host_76837): 0 -> 1
Cell (virus_693998,host_178895): 0 -> 1
Cell (virus_693998,host_608708): 0 -> 1
Cell (virus_693998,host_196297): 0 -> 1
Cell (virus_693998,host_9402): 0 -> 1
Cell (virus_693998,host_9403): 0 -> 1
Cell (virus_693998,host_58057): 0 -> 1
Cell (virus_693998,host_1898389): 0 -> 1
Cell (virus_693998,host_372077): 0 -> 1
Cell (virus_693998,host_903567): 0 -> 1
Cell (virus_693998,host_58067): 0 -> 1
Cell (virus_693998,host_448084): 0 -> 1
Cell (virus_693998,host_58071): 0 -> 1
Cell (virus_693998,host_1898393): 0 -> 1
Cell (virus_693998,host_77223): 0 -> 1
Cell (virus_693998,host_58063): 0 -> 1
Cell (virus_693998,host_298110): 0 -> 1
Cell (virus_693998,host_374419): 0 -> 1
Cell (virus_693998,host_326081): 0 -> 1
Cell (virus_693998,host_1381355): 0 -> 1
Cell (virus_693998,host_187003): 0 -> 1
Cell (virus_693998,host_118856): 0 -> 1
Cell (virus_693998,host_94956): 0 -> 1
Cell (virus_693998,host_138695): 0 -> 1
Cell (virus_693998,host_208969): 0 -> 1
Cell (virus_693998,host_27663): 0 -> 1
Cell (virus_693998,host_27660): 0 -> 1
Cell (virus_693998,host_27638): 0 -> 1
Cell (virus_693998,host_2994998): 0 -> 1
Cell (virus_693998,host_409031): 0 -> 1
Cell (virus_693998,host_89673): 0 -> 1
Cell (virus_693998,host_148089): 0 -> 1
Cell (virus_693998,host_9430): 0 -> 1
Cell (virus_693998,host_94961): 0 -> 1
Cell (virus_693998,host_1434095): 0 -> 1
Cell (virus_693998,host_221086): 0 -> 1
Cell (virus_693998,host_221087): 0 -> 1
Cell (virus_693998,host_187007): 0 -> 1
Cell (virus_693998,host_438766): 0 -> 1
Cell (virus_693998,host_258934): 0 -> 1
Cell (virus_693998,host_3041509): 0 -> 1
Cell (virus_693998,host_2218597): 0 -> 1
Cell (virus_693998,host_242384): 0 -> 1
Cell (virus_693998,host_452595): 0 -> 1
Cell (virus_693998,host_3370289): 0 -> 1
Cell (virus_693998,host_9438): 0 -> 1
Cell (virus_693998,host_153297): 0 -> 1
Cell (virus_693998,host_249034): 0 -> 1
Cell (virus_693998,host_249033): 0 -> 1
Cell (virus_693998,host_258930): 0 -> 1
Cell (virus_2913382,host_187011): 0 -> 1
Cell (virus_2913382,host_375553): 0 -> 1
Cell (virus_2913382,host_294653): 0 -> 1
Cell (virus_2913382,host_59463): 0 -> 1
Cell (virus_2913382,host_109480): 0 -> 1
Cell (virus_2913382,host_1633875): 0 -> 1
Cell (virus_2913382,host_2528591): 0 -> 1
Cell (virus_2913382,host_51298): 0 -> 1
Cell (virus_2913382,host_225399): 0 -> 1
Cell (virus_2913382,host_392004): 0 -> 1
Cell (virus_2913382,host_392318): 0 -> 1
Cell (virus_2913382,host_187014): 0 -> 1
Cell (virus_2913382,host_526407): 0 -> 1
Cell (virus_2913382,host_1911917): 0 -> 1
Cell (virus_2913382,host_452654): 0 -> 1
Cell (virus_2913382,host_587652): 0 -> 1
Cell (virus_2913382,host_225400): 0 -> 1
Cell (virus_2913382,host_385037): 0 -> 1
Cell (virus_2913382,host_155035): 0 -> 1
Cell (virus_2913382,host_258925): 0 -> 1
Cell (virus_2913382,host_177185): 0 -> 1
Cell (virus_2913382,host_186991): 0 -> 1
Cell (virus_2913382,host_159858): 0 -> 1
Cell (virus_2913382,host_376555): 0 -> 1
Cell (virus_2913382,host_196889): 0 -> 1
Cell (virus_2913382,host_337452): 0 -> 1
Cell (virus_2913382,host_76837): 0 -> 1
Cell (virus_2913382,host_178895): 0 -> 1
Cell (virus_2913382,host_608708): 0 -> 1
Cell (virus_2913382,host_196297): 0 -> 1
Cell (virus_2913382,host_9402): 0 -> 1
Cell (virus_2913382,host_9403): 0 -> 1
Cell (virus_2913382,host_58057): 0 -> 1
Cell (virus_2913382,host_1898389): 0 -> 1
Cell (virus_2913382,host_372077): 0 -> 1
Cell (virus_2913382,host_903567): 0 -> 1
Cell (virus_2913382,host_58067): 0 -> 1
Cell (virus_2913382,host_448084): 0 -> 1
Cell (virus_2913382,host_58071): 0 -> 1
Cell (virus_2913382,host_1898393): 0 -> 1
Cell (virus_2913382,host_77223): 0 -> 1
Cell (virus_2913382,host_58063): 0 -> 1
Cell (virus_2913382,host_298110): 0 -> 1
Cell (virus_2913382,host_374419): 0 -> 1
Cell (virus_2913382,host_326081): 0 -> 1
Cell (virus_2913382,host_1381355): 0 -> 1
Cell (virus_2913382,host_187003): 0 -> 1
Cell (virus_2913382,host_118856): 0 -> 1
Cell (virus_2913382,host_94956): 0 -> 1
Cell (virus_2913382,host_138695): 0 -> 1
Cell (virus_2913382,host_208969): 0 -> 1
Cell (virus_2913382,host_27663): 0 -> 1
Cell (virus_2913382,host_27660): 0 -> 1
Cell (virus_2913382,host_27638): 0 -> 1
Cell (virus_2913382,host_2994998): 0 -> 1
Cell (virus_2913382,host_409031): 0 -> 1
Cell (virus_2913382,host_89673): 0 -> 1
Cell (virus_2913382,host_148089): 0 -> 1
Cell (virus_2913382,host_9430): 0 -> 1
Cell (virus_2913382,host_94961): 0 -> 1
Cell (virus_2913382,host_1434095): 0 -> 1
Cell (virus_2913382,host_221086): 0 -> 1
Cell (virus_2913382,host_221087): 0 -> 1
Cell (virus_2913382,host_187007): 0 -> 1
Cell (virus_2913382,host_438766): 0 -> 1
Cell (virus_2913382,host_258934): 0 -> 1
Cell (virus_2913382,host_3041509): 0 -> 1
Cell (virus_2913382,host_2218597): 0 -> 1
Cell (virus_2913382,host_242384): 0 -> 1
Cell (virus_2913382,host_452595): 0 -> 1
Cell (virus_2913382,host_3370289): 0 -> 1
Cell (virus_2913382,host_9438): 0 -> 1
Cell (virus_2913382,host_153297): 0 -> 1
Cell (virus_2913382,host_249034): 0 -> 1
Cell (virus_2913382,host_249033): 0 -> 1
Cell (virus_2913382,host_258930): 0 -> 1
Cell (virus_3433766,host_187011): 0 -> 1
Cell (virus_3433766,host_375553): 0 -> 1
Cell (virus_3433766,host_294653): 0 -> 1
Cell (virus_3433766,host_59463): 0 -> 1
Cell (virus_3433766,host_109480): 0 -> 1
Cell (virus_3433766,host_1633875): 0 -> 1
Cell (virus_3433766,host_2528591): 0 -> 1
Cell (virus_3433766,host_51298): 0 -> 1
Cell (virus_3433766,host_225399): 0 -> 1
Cell (virus_3433766,host_392004): 0 -> 1
Cell (virus_3433766,host_392318): 0 -> 1
Cell (virus_3433766,host_187014): 0 -> 1
Cell (virus_3433766,host_526407): 0 -> 1
Cell (virus_3433766,host_1911917): 0 -> 1
Cell (virus_3433766,host_452654): 0 -> 1
Cell (virus_3433766,host_587652): 0 -> 1
Cell (virus_3433766,host_225400): 0 -> 1
Cell (virus_3433766,host_385037): 0 -> 1
Cell (virus_3433766,host_258925): 0 -> 1
Cell (virus_3433766,host_177185): 0 -> 1
Cell (virus_3433766,host_186991): 0 -> 1
Cell (virus_3433766,host_159858): 0 -> 1
Cell (virus_3433766,host_376555): 0 -> 1
Cell (virus_3433766,host_196296): 0 -> 1
Cell (virus_3433766,host_196889): 0 -> 1
Cell (virus_3433766,host_337452): 0 -> 1
Cell (virus_3433766,host_76837): 0 -> 1
Cell (virus_3433766,host_178895): 0 -> 1
Cell (virus_3433766,host_608708): 0 -> 1
Cell (virus_3433766,host_196297): 0 -> 1
Cell (virus_3433766,host_9402): 0 -> 1
Cell (virus_3433766,host_9403): 0 -> 1
Cell (virus_3433766,host_58057): 0 -> 1
Cell (virus_3433766,host_1898389): 0 -> 1
Cell (virus_3433766,host_372077): 0 -> 1
Cell (virus_3433766,host_903567): 0 -> 1
Cell (virus_3433766,host_448084): 0 -> 1
Cell (virus_3433766,host_58071): 0 -> 1
Cell (virus_3433766,host_58073): 0 -> 1
Cell (virus_3433766,host_1898393): 0 -> 1
Cell (virus_3433766,host_77223): 0 -> 1
Cell (virus_3433766,host_58063): 0 -> 1
Cell (virus_3433766,host_9400): 0 -> 1
Cell (virus_3433766,host_298110): 0 -> 1
Cell (virus_3433766,host_374419): 0 -> 1
Cell (virus_3433766,host_326081): 0 -> 1
Cell (virus_3433766,host_326083): 0 -> 1
Cell (virus_3433766,host_187003): 0 -> 1
Cell (virus_3433766,host_118856): 0 -> 1
Cell (virus_3433766,host_94956): 0 -> 1
Cell (virus_3433766,host_138695): 0 -> 1
Cell (virus_3433766,host_208969): 0 -> 1
Cell (virus_3433766,host_27663): 0 -> 1
Cell (virus_3433766,host_574064): 0 -> 1
Cell (virus_3433766,host_27660): 0 -> 1
Cell (virus_3433766,host_27638): 0 -> 1
Cell (virus_3433766,host_2994998): 0 -> 1
Cell (virus_3433766,host_409031): 0 -> 1
Cell (virus_3433766,host_89673): 0 -> 1
Cell (virus_3433766,host_148061): 0 -> 1
Cell (virus_3433766,host_148089): 0 -> 1
Cell (virus_3433766,host_9430): 0 -> 1
Cell (virus_3433766,host_94961): 0 -> 1
Cell (virus_3433766,host_1434095): 0 -> 1
Cell (virus_3433766,host_221086): 0 -> 1
Cell (virus_3433766,host_221087): 0 -> 1
Cell (virus_3433766,host_187007): 0 -> 1
Cell (virus_3433766,host_438766): 0 -> 1
Cell (virus_3433766,host_258934): 0 -> 1
Cell (virus_3433766,host_479723): 0 -> 1
Cell (virus_3433766,host_3041509): 0 -> 1
Cell (virus_3433766,host_2218597): 0 -> 1
Cell (virus_3433766,host_242384): 0 -> 1
Cell (virus_3433766,host_452595): 0 -> 1
Cell (virus_3433766,host_3370289): 0 -> 1
Cell (virus_3433766,host_9438): 0 -> 1
Cell (virus_3433766,host_153297): 0 -> 1
Cell (virus_3433766,host_249034): 0 -> 1
Cell (virus_3433766,host_249033): 0 -> 1
Cell (virus_694014,host_187011): 0 -> 1
Cell (virus_694014,host_375553): 0 -> 1
Cell (virus_694014,host_294653): 0 -> 1
Cell (virus_694014,host_59463): 0 -> 1
Cell (virus_694014,host_109480): 0 -> 1
Cell (virus_694014,host_1633875): 0 -> 1
Cell (virus_694014,host_2528591): 0 -> 1
Cell (virus_694014,host_51298): 0 -> 1
Cell (virus_694014,host_225399): 0 -> 1
Cell (virus_694014,host_392004): 0 -> 1
Cell (virus_694014,host_392318): 0 -> 1
Cell (virus_694014,host_187014): 0 -> 1
Cell (virus_694014,host_526407): 0 -> 1
Cell (virus_694014,host_1911917): 0 -> 1
Cell (virus_694014,host_452654): 0 -> 1
Cell (virus_694014,host_587652): 0 -> 1
Cell (virus_694014,host_225400): 0 -> 1
Cell (virus_694014,host_385037): 0 -> 1
Cell (virus_694014,host_258925): 0 -> 1
Cell (virus_694014,host_177185): 0 -> 1
Cell (virus_694014,host_186991): 0 -> 1
Cell (virus_694014,host_159858): 0 -> 1
Cell (virus_694014,host_376555): 0 -> 1
Cell (virus_694014,host_196296): 0 -> 1
Cell (virus_694014,host_196889): 0 -> 1
Cell (virus_694014,host_337452): 0 -> 1
Cell (virus_694014,host_76837): 0 -> 1
Cell (virus_694014,host_178895): 0 -> 1
Cell (virus_694014,host_608708): 0 -> 1
Cell (virus_694014,host_196297): 0 -> 1
Cell (virus_694014,host_9402): 0 -> 1
Cell (virus_694014,host_9403): 0 -> 1
Cell (virus_694014,host_58057): 0 -> 1
Cell (virus_694014,host_1898389): 0 -> 1
Cell (virus_694014,host_372077): 0 -> 1
Cell (virus_694014,host_903567): 0 -> 1
Cell (virus_694014,host_448084): 0 -> 1
Cell (virus_694014,host_58071): 0 -> 1
Cell (virus_694014,host_58073): 0 -> 1
Cell (virus_694014,host_1898393): 0 -> 1
Cell (virus_694014,host_77223): 0 -> 1
Cell (virus_694014,host_58063): 0 -> 1
Cell (virus_694014,host_9400): 0 -> 1
Cell (virus_694014,host_298110): 0 -> 1
Cell (virus_694014,host_374419): 0 -> 1
Cell (virus_694014,host_326081): 0 -> 1
Cell (virus_694014,host_326083): 0 -> 1
Cell (virus_694014,host_187003): 0 -> 1
Cell (virus_694014,host_118856): 0 -> 1
Cell (virus_694014,host_94956): 0 -> 1
Cell (virus_694014,host_138695): 0 -> 1
Cell (virus_694014,host_208969): 0 -> 1
Cell (virus_694014,host_27663): 0 -> 1
Cell (virus_694014,host_574064): 0 -> 1
Cell (virus_694014,host_27660): 0 -> 1
Cell (virus_694014,host_27638): 0 -> 1
Cell (virus_694014,host_2994998): 0 -> 1
Cell (virus_694014,host_409031): 0 -> 1
Cell (virus_694014,host_89673): 0 -> 1
Cell (virus_694014,host_148061): 0 -> 1
Cell (virus_694014,host_148089): 0 -> 1
Cell (virus_694014,host_9430): 0 -> 1
Cell (virus_694014,host_94961): 0 -> 1
Cell (virus_694014,host_1434095): 0 -> 1
Cell (virus_694014,host_221086): 0 -> 1
Cell (virus_694014,host_221087): 0 -> 1
Cell (virus_694014,host_187007): 0 -> 1
Cell (virus_694014,host_438766): 0 -> 1
Cell (virus_694014,host_258934): 0 -> 1
Cell (virus_694014,host_479723): 0 -> 1
Cell (virus_694014,host_3041509): 0 -> 1
Cell (virus_694014,host_2218597): 0 -> 1
Cell (virus_694014,host_242384): 0 -> 1
Cell (virus_694014,host_452595): 0 -> 1
Cell (virus_694014,host_3370289): 0 -> 1
Cell (virus_694014,host_9438): 0 -> 1
Cell (virus_694014,host_153297): 0 -> 1
Cell (virus_694014,host_249034): 0 -> 1
Cell (virus_694014,host_249033): 0 -> 1
Cell (virus_2917966,host_187011): 0 -> 1
Cell (virus_2917966,host_375553): 0 -> 1
Cell (virus_2917966,host_294653): 0 -> 1
Cell (virus_2917966,host_59463): 0 -> 1
Cell (virus_2917966,host_109480): 0 -> 1
Cell (virus_2917966,host_1633875): 0 -> 1
Cell (virus_2917966,host_2528591): 0 -> 1
Cell (virus_2917966,host_51298): 0 -> 1
Cell (virus_2917966,host_225399): 0 -> 1
Cell (virus_2917966,host_392004): 0 -> 1
Cell (virus_2917966,host_392318): 0 -> 1
Cell (virus_2917966,host_187014): 0 -> 1
Cell (virus_2917966,host_526407): 0 -> 1
Cell (virus_2917966,host_1911917): 0 -> 1
Cell (virus_2917966,host_452654): 0 -> 1
Cell (virus_2917966,host_587652): 0 -> 1
Cell (virus_2917966,host_225400): 0 -> 1
Cell (virus_2917966,host_385037): 0 -> 1
Cell (virus_2917966,host_155035): 0 -> 1
Cell (virus_2917966,host_258925): 0 -> 1
Cell (virus_2917966,host_177185): 0 -> 1
Cell (virus_2917966,host_376555): 0 -> 1
Cell (virus_2917966,host_196296): 0 -> 1
Cell (virus_2917966,host_196889): 0 -> 1
Cell (virus_2917966,host_337452): 0 -> 1
Cell (virus_2917966,host_196297): 0 -> 1
Cell (virus_2917966,host_9402): 0 -> 1
Cell (virus_2917966,host_9403): 0 -> 1
Cell (virus_2917966,host_58057): 0 -> 1
Cell (virus_2917966,host_1898389): 0 -> 1
Cell (virus_2917966,host_372077): 0 -> 1
Cell (virus_2917966,host_58067): 0 -> 1
Cell (virus_2917966,host_448084): 0 -> 1
Cell (virus_2917966,host_58071): 0 -> 1
Cell (virus_2917966,host_58073): 0 -> 1
Cell (virus_2917966,host_1898393): 0 -> 1
Cell (virus_2917966,host_77223): 0 -> 1
Cell (virus_2917966,host_58063): 0 -> 1
Cell (virus_2917966,host_9400): 0 -> 1
Cell (virus_2917966,host_298110): 0 -> 1
Cell (virus_2917966,host_374419): 0 -> 1
Cell (virus_2917966,host_326081): 0 -> 1
Cell (virus_2917966,host_326083): 0 -> 1
Cell (virus_2917966,host_1381355): 0 -> 1
Cell (virus_2917966,host_94956): 0 -> 1
Cell (virus_2917966,host_138695): 0 -> 1
Cell (virus_2917966,host_208969): 0 -> 1
Cell (virus_2917966,host_27663): 0 -> 1
Cell (virus_2917966,host_574064): 0 -> 1
Cell (virus_2917966,host_27660): 0 -> 1
Cell (virus_2917966,host_27638): 0 -> 1
Cell (virus_2917966,host_2994998): 0 -> 1
Cell (virus_2917966,host_409031): 0 -> 1
Cell (virus_2917966,host_89673): 0 -> 1
Cell (virus_2917966,host_148061): 0 -> 1
Cell (virus_2917966,host_148089): 0 -> 1
Cell (virus_2917966,host_9430): 0 -> 1
Cell (virus_2917966,host_1434095): 0 -> 1
Cell (virus_2917966,host_221086): 0 -> 1
Cell (virus_2917966,host_221087): 0 -> 1
Cell (virus_2917966,host_187007): 0 -> 1
Cell (virus_2917966,host_438766): 0 -> 1
Cell (virus_2917966,host_258934): 0 -> 1
Cell (virus_2917966,host_479723): 0 -> 1
Cell (virus_2917966,host_3041509): 0 -> 1
Cell (virus_2917966,host_2218597): 0 -> 1
Cell (virus_2917966,host_242384): 0 -> 1
Cell (virus_2917966,host_452595): 0 -> 1
Cell (virus_2917966,host_3370289): 0 -> 1
Cell (virus_2917966,host_9438): 0 -> 1
Cell (virus_2917966,host_153297): 0 -> 1
Cell (virus_2917966,host_249034): 0 -> 1
Cell (virus_2917966,host_249033): 0 -> 1
Cell (virus_2917966,host_258930): 0 -> 1
Cell (virus_3158245,host_187011): 0 -> 1
Cell (virus_3158245,host_375553): 0 -> 1
Cell (virus_3158245,host_294653): 0 -> 1
Cell (virus_3158245,host_59463): 0 -> 1
Cell (virus_3158245,host_109480): 0 -> 1
Cell (virus_3158245,host_1633875): 0 -> 1
Cell (virus_3158245,host_2528591): 0 -> 1
Cell (virus_3158245,host_51298): 0 -> 1
Cell (virus_3158245,host_225399): 0 -> 1
Cell (virus_3158245,host_392004): 0 -> 1
Cell (virus_3158245,host_392318): 0 -> 1
Cell (virus_3158245,host_187014): 0 -> 1
Cell (virus_3158245,host_526407): 0 -> 1
Cell (virus_3158245,host_1911917): 0 -> 1
Cell (virus_3158245,host_452654): 0 -> 1
Cell (virus_3158245,host_587652): 0 -> 1
Cell (virus_3158245,host_225400): 0 -> 1
Cell (virus_3158245,host_385037): 0 -> 1
Cell (virus_3158245,host_155035): 0 -> 1
Cell (virus_3158245,host_258925): 0 -> 1
Cell (virus_3158245,host_177185): 0 -> 1
Cell (virus_3158245,host_376555): 0 -> 1
Cell (virus_3158245,host_196296): 0 -> 1
Cell (virus_3158245,host_196889): 0 -> 1
Cell (virus_3158245,host_337452): 0 -> 1
Cell (virus_3158245,host_76837): 0 -> 1
Cell (virus_3158245,host_196297): 0 -> 1
Cell (virus_3158245,host_9402): 0 -> 1
Cell (virus_3158245,host_9403): 0 -> 1
Cell (virus_3158245,host_58057): 0 -> 1
Cell (virus_3158245,host_1898389): 0 -> 1
Cell (virus_3158245,host_372077): 0 -> 1
Cell (virus_3158245,host_58067): 0 -> 1
Cell (virus_3158245,host_448084): 0 -> 1
Cell (virus_3158245,host_58071): 0 -> 1
Cell (virus_3158245,host_58073): 0 -> 1
Cell (virus_3158245,host_1898393): 0 -> 1
Cell (virus_3158245,host_77223): 0 -> 1
Cell (virus_3158245,host_58063): 0 -> 1
Cell (virus_3158245,host_9400): 0 -> 1
Cell (virus_3158245,host_298110): 0 -> 1
Cell (virus_3158245,host_374419): 0 -> 1
Cell (virus_3158245,host_326081): 0 -> 1
Cell (virus_3158245,host_326083): 0 -> 1
Cell (virus_3158245,host_1381355): 0 -> 1
Cell (virus_3158245,host_187003): 0 -> 1
Cell (virus_3158245,host_118856): 0 -> 1
Cell (virus_3158245,host_94956): 0 -> 1
Cell (virus_3158245,host_138695): 0 -> 1
Cell (virus_3158245,host_208969): 0 -> 1
Cell (virus_3158245,host_27663): 0 -> 1
Cell (virus_3158245,host_27634): 0 -> 1
Cell (virus_3158245,host_40230): 0 -> 1
Cell (virus_3158245,host_51012): 0 -> 1
Cell (virus_3158245,host_27660): 0 -> 1
Cell (virus_3158245,host_27638): 0 -> 1
Cell (virus_3158245,host_2994998): 0 -> 1
Cell (virus_3158245,host_409031): 0 -> 1
Cell (virus_3158245,host_89673): 0 -> 1
Cell (virus_3158245,host_148061): 0 -> 1
Cell (virus_3158245,host_9430): 0 -> 1
Cell (virus_3158245,host_94961): 0 -> 1
Cell (virus_3158245,host_1434095): 0 -> 1
Cell (virus_3158245,host_221087): 0 -> 1
Cell (virus_3158245,host_187007): 0 -> 1
Cell (virus_3158245,host_438766): 0 -> 1
Cell (virus_3158245,host_258934): 0 -> 1
Cell (virus_3158245,host_479723): 0 -> 1
Cell (virus_3158245,host_3041509): 0 -> 1
Cell (virus_3158245,host_2218597): 0 -> 1
Cell (virus_3158245,host_242384): 0 -> 1
Cell (virus_3158245,host_452595): 0 -> 1
Cell (virus_3158245,host_3370289): 0 -> 1
Cell (virus_3158245,host_9438): 0 -> 1
Cell (virus_3158245,host_153297): 0 -> 1
Cell (virus_3158245,host_249034): 0 -> 1
Cell (virus_3158245,host_249033): 0 -> 1
Cell (virus_3158245,host_258930): 0 -> 1
Cell (virus_693999,host_187011): 0 -> 1
Cell (virus_693999,host_375553): 0 -> 1
Cell (virus_693999,host_294653): 0 -> 1
Cell (virus_693999,host_59463): 0 -> 1
Cell (virus_693999,host_109480): 0 -> 1
Cell (virus_693999,host_1633875): 0 -> 1
Cell (virus_693999,host_2528591): 0 -> 1
Cell (virus_693999,host_51298): 0 -> 1
Cell (virus_693999,host_225399): 0 -> 1
Cell (virus_693999,host_392004): 0 -> 1
Cell (virus_693999,host_392318): 0 -> 1
Cell (virus_693999,host_187014): 0 -> 1
Cell (virus_693999,host_526407): 0 -> 1
Cell (virus_693999,host_1911917): 0 -> 1
Cell (virus_693999,host_452654): 0 -> 1
Cell (virus_693999,host_587652): 0 -> 1
Cell (virus_693999,host_225400): 0 -> 1
Cell (virus_693999,host_385037): 0 -> 1
Cell (virus_693999,host_155035): 0 -> 1
Cell (virus_693999,host_258925): 0 -> 1
Cell (virus_693999,host_177185): 0 -> 1
Cell (virus_693999,host_376555): 0 -> 1
Cell (virus_693999,host_196296): 0 -> 1
Cell (virus_693999,host_196889): 0 -> 1
Cell (virus_693999,host_337452): 0 -> 1
Cell (virus_693999,host_76837): 0 -> 1
Cell (virus_693999,host_196297): 0 -> 1
Cell (virus_693999,host_9402): 0 -> 1
Cell (virus_693999,host_9403): 0 -> 1
Cell (virus_693999,host_58057): 0 -> 1
Cell (virus_693999,host_1898389): 0 -> 1
Cell (virus_693999,host_372077): 0 -> 1
Cell (virus_693999,host_58067): 0 -> 1
Cell (virus_693999,host_448084): 0 -> 1
Cell (virus_693999,host_58071): 0 -> 1
Cell (virus_693999,host_58073): 0 -> 1
Cell (virus_693999,host_1898393): 0 -> 1
Cell (virus_693999,host_77223): 0 -> 1
Cell (virus_693999,host_58063): 0 -> 1
Cell (virus_693999,host_9400): 0 -> 1
Cell (virus_693999,host_298110): 0 -> 1
Cell (virus_693999,host_374419): 0 -> 1
Cell (virus_693999,host_326081): 0 -> 1
Cell (virus_693999,host_326083): 0 -> 1
Cell (virus_693999,host_1381355): 0 -> 1
Cell (virus_693999,host_187003): 0 -> 1
Cell (virus_693999,host_118856): 0 -> 1
Cell (virus_693999,host_94956): 0 -> 1
Cell (virus_693999,host_138695): 0 -> 1
Cell (virus_693999,host_208969): 0 -> 1
Cell (virus_693999,host_27663): 0 -> 1
Cell (virus_693999,host_27634): 0 -> 1
Cell (virus_693999,host_40230): 0 -> 1
Cell (virus_693999,host_51012): 0 -> 1
Cell (virus_693999,host_27660): 0 -> 1
Cell (virus_693999,host_27638): 0 -> 1
Cell (virus_693999,host_2994998): 0 -> 1
Cell (virus_693999,host_409031): 0 -> 1
Cell (virus_693999,host_89673): 0 -> 1
Cell (virus_693999,host_148061): 0 -> 1
Cell (virus_693999,host_9430): 0 -> 1
Cell (virus_693999,host_94961): 0 -> 1
Cell (virus_693999,host_1434095): 0 -> 1
Cell (virus_693999,host_221087): 0 -> 1
Cell (virus_693999,host_187007): 0 -> 1
Cell (virus_693999,host_438766): 0 -> 1
Cell (virus_693999,host_258934): 0 -> 1
Cell (virus_693999,host_479723): 0 -> 1
Cell (virus_693999,host_3041509): 0 -> 1
Cell (virus_693999,host_2218597): 0 -> 1
Cell (virus_693999,host_242384): 0 -> 1
Cell (virus_693999,host_452595): 0 -> 1
Cell (virus_693999,host_3370289): 0 -> 1
Cell (virus_693999,host_9438): 0 -> 1
Cell (virus_693999,host_153297): 0 -> 1
Cell (virus_693999,host_249034): 0 -> 1
Cell (virus_693999,host_249033): 0 -> 1
Cell (virus_693999,host_258930): 0 -> 1
Cell (virus_3418615,host_187011): 0 -> 1
Cell (virus_3418615,host_375553): 0 -> 1
Cell (virus_3418615,host_294653): 0 -> 1
Cell (virus_3418615,host_59463): 0 -> 1
Cell (virus_3418615,host_109480): 0 -> 1
Cell (virus_3418615,host_1633875): 0 -> 1
Cell (virus_3418615,host_2528591): 0 -> 1
Cell (virus_3418615,host_51298): 0 -> 1
Cell (virus_3418615,host_225399): 0 -> 1
Cell (virus_3418615,host_392004): 0 -> 1
Cell (virus_3418615,host_392318): 0 -> 1
Cell (virus_3418615,host_187014): 0 -> 1
Cell (virus_3418615,host_526407): 0 -> 1
Cell (virus_3418615,host_1911917): 0 -> 1
Cell (virus_3418615,host_452654): 0 -> 1
Cell (virus_3418615,host_587652): 0 -> 1
Cell (virus_3418615,host_225400): 0 -> 1
Cell (virus_3418615,host_385037): 0 -> 1
Cell (virus_3418615,host_155035): 0 -> 1
Cell (virus_3418615,host_258925): 0 -> 1
Cell (virus_3418615,host_177185): 0 -> 1
Cell (virus_3418615,host_376555): 0 -> 1
Cell (virus_3418615,host_196296): 0 -> 1
Cell (virus_3418615,host_196889): 0 -> 1
Cell (virus_3418615,host_337452): 0 -> 1
Cell (virus_3418615,host_76837): 0 -> 1
Cell (virus_3418615,host_196297): 0 -> 1
Cell (virus_3418615,host_9402): 0 -> 1
Cell (virus_3418615,host_9403): 0 -> 1
Cell (virus_3418615,host_58057): 0 -> 1
Cell (virus_3418615,host_1898389): 0 -> 1
Cell (virus_3418615,host_372077): 0 -> 1
Cell (virus_3418615,host_58067): 0 -> 1
Cell (virus_3418615,host_448084): 0 -> 1
Cell (virus_3418615,host_58071): 0 -> 1
Cell (virus_3418615,host_58073): 0 -> 1
Cell (virus_3418615,host_1898393): 0 -> 1
Cell (virus_3418615,host_77223): 0 -> 1
Cell (virus_3418615,host_58063): 0 -> 1
Cell (virus_3418615,host_9400): 0 -> 1
Cell (virus_3418615,host_298110): 0 -> 1
Cell (virus_3418615,host_374419): 0 -> 1
Cell (virus_3418615,host_326081): 0 -> 1
Cell (virus_3418615,host_326083): 0 -> 1
Cell (virus_3418615,host_1381355): 0 -> 1
Cell (virus_3418615,host_187003): 0 -> 1
Cell (virus_3418615,host_118856): 0 -> 1
Cell (virus_3418615,host_138695): 0 -> 1
Cell (virus_3418615,host_208969): 0 -> 1
Cell (virus_3418615,host_27663): 0 -> 1
Cell (virus_3418615,host_27634): 0 -> 1
Cell (virus_3418615,host_40230): 0 -> 1
Cell (virus_3418615,host_51012): 0 -> 1
Cell (virus_3418615,host_27660): 0 -> 1
Cell (virus_3418615,host_27638): 0 -> 1
Cell (virus_3418615,host_2994998): 0 -> 1
Cell (virus_3418615,host_409031): 0 -> 1
Cell (virus_3418615,host_89673): 0 -> 1
Cell (virus_3418615,host_148061): 0 -> 1
Cell (virus_3418615,host_9430): 0 -> 1
Cell (virus_3418615,host_94961): 0 -> 1
Cell (virus_3418615,host_3042450): 0 -> 1
Cell (virus_3418615,host_1434095): 0 -> 1
Cell (virus_3418615,host_221087): 0 -> 1
Cell (virus_3418615,host_187007): 0 -> 1
Cell (virus_3418615,host_438766): 0 -> 1
Cell (virus_3418615,host_258934): 0 -> 1
Cell (virus_3418615,host_479723): 0 -> 1
Cell (virus_3418615,host_3041509): 0 -> 1
Cell (virus_3418615,host_2218597): 0 -> 1
Cell (virus_3418615,host_242384): 0 -> 1
Cell (virus_3418615,host_452595): 0 -> 1
Cell (virus_3418615,host_3370289): 0 -> 1
Cell (virus_3418615,host_9438): 0 -> 1
Cell (virus_3418615,host_153297): 0 -> 1
Cell (virus_3418615,host_249034): 0 -> 1
Cell (virus_3418615,host_249033): 0 -> 1
Cell (virus_3418615,host_258930): 0 -> 1
Cell (virus_694006,host_187011): 0 -> 1
Cell (virus_694006,host_375553): 0 -> 1
Cell (virus_694006,host_294653): 0 -> 1
Cell (virus_694006,host_59463): 0 -> 1
Cell (virus_694006,host_109480): 0 -> 1
Cell (virus_694006,host_1633875): 0 -> 1
Cell (virus_694006,host_2528591): 0 -> 1
Cell (virus_694006,host_51298): 0 -> 1
Cell (virus_694006,host_225399): 0 -> 1
Cell (virus_694006,host_392004): 0 -> 1
Cell (virus_694006,host_392318): 0 -> 1
Cell (virus_694006,host_187014): 0 -> 1
Cell (virus_694006,host_526407): 0 -> 1
Cell (virus_694006,host_1911917): 0 -> 1
Cell (virus_694006,host_452654): 0 -> 1
Cell (virus_694006,host_587652): 0 -> 1
Cell (virus_694006,host_225400): 0 -> 1
Cell (virus_694006,host_385037): 0 -> 1
Cell (virus_694006,host_155035): 0 -> 1
Cell (virus_694006,host_258925): 0 -> 1
Cell (virus_694006,host_177185): 0 -> 1
Cell (virus_694006,host_376555): 0 -> 1
Cell (virus_694006,host_196296): 0 -> 1
Cell (virus_694006,host_196889): 0 -> 1
Cell (virus_694006,host_337452): 0 -> 1
Cell (virus_694006,host_76837): 0 -> 1
Cell (virus_694006,host_196297): 0 -> 1
Cell (virus_694006,host_9402): 0 -> 1
Cell (virus_694006,host_9403): 0 -> 1
Cell (virus_694006,host_58057): 0 -> 1
Cell (virus_694006,host_1898389): 0 -> 1
Cell (virus_694006,host_372077): 0 -> 1
Cell (virus_694006,host_58067): 0 -> 1
Cell (virus_694006,host_448084): 0 -> 1
Cell (virus_694006,host_58071): 0 -> 1
Cell (virus_694006,host_58073): 0 -> 1
Cell (virus_694006,host_1898393): 0 -> 1
Cell (virus_694006,host_77223): 0 -> 1
Cell (virus_694006,host_58063): 0 -> 1
Cell (virus_694006,host_9400): 0 -> 1
Cell (virus_694006,host_298110): 0 -> 1
Cell (virus_694006,host_374419): 0 -> 1
Cell (virus_694006,host_326081): 0 -> 1
Cell (virus_694006,host_326083): 0 -> 1
Cell (virus_694006,host_1381355): 0 -> 1
Cell (virus_694006,host_187003): 0 -> 1
Cell (virus_694006,host_118856): 0 -> 1
Cell (virus_694006,host_138695): 0 -> 1
Cell (virus_694006,host_208969): 0 -> 1
Cell (virus_694006,host_27663): 0 -> 1
Cell (virus_694006,host_27634): 0 -> 1
Cell (virus_694006,host_40230): 0 -> 1
Cell (virus_694006,host_51012): 0 -> 1
Cell (virus_694006,host_27660): 0 -> 1
Cell (virus_694006,host_27638): 0 -> 1
Cell (virus_694006,host_2994998): 0 -> 1
Cell (virus_694006,host_409031): 0 -> 1
Cell (virus_694006,host_89673): 0 -> 1
Cell (virus_694006,host_148061): 0 -> 1
Cell (virus_694006,host_9430): 0 -> 1
Cell (virus_694006,host_94961): 0 -> 1
Cell (virus_694006,host_3042450): 0 -> 1
Cell (virus_694006,host_1434095): 0 -> 1
Cell (virus_694006,host_221087): 0 -> 1
Cell (virus_694006,host_187007): 0 -> 1
Cell (virus_694006,host_438766): 0 -> 1
Cell (virus_694006,host_258934): 0 -> 1
Cell (virus_694006,host_479723): 0 -> 1
Cell (virus_694006,host_3041509): 0 -> 1
Cell (virus_694006,host_2218597): 0 -> 1
Cell (virus_694006,host_242384): 0 -> 1
Cell (virus_694006,host_452595): 0 -> 1
Cell (virus_694006,host_3370289): 0 -> 1
Cell (virus_694006,host_9438): 0 -> 1
Cell (virus_694006,host_153297): 0 -> 1
Cell (virus_694006,host_249034): 0 -> 1
Cell (virus_694006,host_249033): 0 -> 1
Cell (virus_694006,host_258930): 0 -> 1
Cell (virus_3433776,host_187011): 0 -> 1
Cell (virus_3433776,host_375553): 0 -> 1
Cell (virus_3433776,host_294653): 0 -> 1
Cell (virus_3433776,host_59463): 0 -> 1
Cell (virus_3433776,host_109480): 0 -> 1
Cell (virus_3433776,host_1633875): 0 -> 1
Cell (virus_3433776,host_2528591): 0 -> 1
Cell (virus_3433776,host_51298): 0 -> 1
Cell (virus_3433776,host_225399): 0 -> 1
Cell (virus_3433776,host_392004): 0 -> 1
Cell (virus_3433776,host_392318): 0 -> 1
Cell (virus_3433776,host_187014): 0 -> 1
Cell (virus_3433776,host_526407): 0 -> 1
Cell (virus_3433776,host_1911917): 0 -> 1
Cell (virus_3433776,host_452654): 0 -> 1
Cell (virus_3433776,host_587652): 0 -> 1
Cell (virus_3433776,host_225400): 0 -> 1
Cell (virus_3433776,host_385037): 0 -> 1
Cell (virus_3433776,host_155035): 0 -> 1
Cell (virus_3433776,host_258925): 0 -> 1
Cell (virus_3433776,host_177185): 0 -> 1
Cell (virus_3433776,host_376555): 0 -> 1
Cell (virus_3433776,host_196296): 0 -> 1
Cell (virus_3433776,host_196889): 0 -> 1
Cell (virus_3433776,host_337452): 0 -> 1
Cell (virus_3433776,host_76837): 0 -> 1
Cell (virus_3433776,host_196297): 0 -> 1
Cell (virus_3433776,host_9402): 0 -> 1
Cell (virus_3433776,host_9403): 0 -> 1
Cell (virus_3433776,host_58057): 0 -> 1
Cell (virus_3433776,host_1898389): 0 -> 1
Cell (virus_3433776,host_372077): 0 -> 1
Cell (virus_3433776,host_58067): 0 -> 1
Cell (virus_3433776,host_448084): 0 -> 1
Cell (virus_3433776,host_58071): 0 -> 1
Cell (virus_3433776,host_58073): 0 -> 1
Cell (virus_3433776,host_1898393): 0 -> 1
Cell (virus_3433776,host_77223): 0 -> 1
Cell (virus_3433776,host_58063): 0 -> 1
Cell (virus_3433776,host_9400): 0 -> 1
Cell (virus_3433776,host_298110): 0 -> 1
Cell (virus_3433776,host_374419): 0 -> 1
Cell (virus_3433776,host_326081): 0 -> 1
Cell (virus_3433776,host_326083): 0 -> 1
Cell (virus_3433776,host_1381355): 0 -> 1
Cell (virus_3433776,host_187003): 0 -> 1
Cell (virus_3433776,host_118856): 0 -> 1
Cell (virus_3433776,host_94956): 0 -> 1
Cell (virus_3433776,host_138695): 0 -> 1
Cell (virus_3433776,host_208969): 0 -> 1
Cell (virus_3433776,host_27663): 0 -> 1
Cell (virus_3433776,host_27634): 0 -> 1
Cell (virus_3433776,host_40230): 0 -> 1
Cell (virus_3433776,host_51012): 0 -> 1
Cell (virus_3433776,host_27660): 0 -> 1
Cell (virus_3433776,host_27638): 0 -> 1
Cell (virus_3433776,host_2994998): 0 -> 1
Cell (virus_3433776,host_409031): 0 -> 1
Cell (virus_3433776,host_89673): 0 -> 1
Cell (virus_3433776,host_148061): 0 -> 1
Cell (virus_3433776,host_9430): 0 -> 1
Cell (virus_3433776,host_94961): 0 -> 1
Cell (virus_3433776,host_3042450): 0 -> 1
Cell (virus_3433776,host_1434095): 0 -> 1
Cell (virus_3433776,host_221087): 0 -> 1
Cell (virus_3433776,host_187007): 0 -> 1
Cell (virus_3433776,host_438766): 0 -> 1
Cell (virus_3433776,host_258934): 0 -> 1
Cell (virus_3433776,host_479723): 0 -> 1
Cell (virus_3433776,host_3041509): 0 -> 1
Cell (virus_3433776,host_2218597): 0 -> 1
Cell (virus_3433776,host_242384): 0 -> 1
Cell (virus_3433776,host_452595): 0 -> 1
Cell (virus_3433776,host_3370289): 0 -> 1
Cell (virus_3433776,host_9438): 0 -> 1
Cell (virus_3433776,host_153297): 0 -> 1
Cell (virus_3433776,host_249034): 0 -> 1
Cell (virus_3433776,host_249033): 0 -> 1
Cell (virus_3433776,host_258930): 0 -> 1
Cell (virus_3433776,host_143942): 0 -> 1
Cell (virus_694007,host_187011): 0 -> 1
Cell (virus_694007,host_375553): 0 -> 1
Cell (virus_694007,host_294653): 0 -> 1
Cell (virus_694007,host_59463): 0 -> 1
Cell (virus_694007,host_109480): 0 -> 1
Cell (virus_694007,host_1633875): 0 -> 1
Cell (virus_694007,host_2528591): 0 -> 1
Cell (virus_694007,host_51298): 0 -> 1
Cell (virus_694007,host_225399): 0 -> 1
Cell (virus_694007,host_392004): 0 -> 1
Cell (virus_694007,host_392318): 0 -> 1
Cell (virus_694007,host_187014): 0 -> 1
Cell (virus_694007,host_526407): 0 -> 1
Cell (virus_694007,host_1911917): 0 -> 1
Cell (virus_694007,host_452654): 0 -> 1
Cell (virus_694007,host_587652): 0 -> 1
Cell (virus_694007,host_225400): 0 -> 1
Cell (virus_694007,host_385037): 0 -> 1
Cell (virus_694007,host_155035): 0 -> 1
Cell (virus_694007,host_258925): 0 -> 1
Cell (virus_694007,host_177185): 0 -> 1
Cell (virus_694007,host_376555): 0 -> 1
Cell (virus_694007,host_196296): 0 -> 1
Cell (virus_694007,host_196889): 0 -> 1
Cell (virus_694007,host_337452): 0 -> 1
Cell (virus_694007,host_76837): 0 -> 1
Cell (virus_694007,host_196297): 0 -> 1
Cell (virus_694007,host_9402): 0 -> 1
Cell (virus_694007,host_9403): 0 -> 1
Cell (virus_694007,host_58057): 0 -> 1
Cell (virus_694007,host_1898389): 0 -> 1
Cell (virus_694007,host_372077): 0 -> 1
Cell (virus_694007,host_58067): 0 -> 1
Cell (virus_694007,host_448084): 0 -> 1
Cell (virus_694007,host_58071): 0 -> 1
Cell (virus_694007,host_58073): 0 -> 1
Cell (virus_694007,host_1898393): 0 -> 1
Cell (virus_694007,host_77223): 0 -> 1
Cell (virus_694007,host_58063): 0 -> 1
Cell (virus_694007,host_9400): 0 -> 1
Cell (virus_694007,host_298110): 0 -> 1
Cell (virus_694007,host_374419): 0 -> 1
Cell (virus_694007,host_326081): 0 -> 1
Cell (virus_694007,host_326083): 0 -> 1
Cell (virus_694007,host_1381355): 0 -> 1
Cell (virus_694007,host_187003): 0 -> 1
Cell (virus_694007,host_118856): 0 -> 1
Cell (virus_694007,host_94956): 0 -> 1
Cell (virus_694007,host_138695): 0 -> 1
Cell (virus_694007,host_208969): 0 -> 1
Cell (virus_694007,host_27663): 0 -> 1
Cell (virus_694007,host_27634): 0 -> 1
Cell (virus_694007,host_40230): 0 -> 1
Cell (virus_694007,host_51012): 0 -> 1
Cell (virus_694007,host_27660): 0 -> 1
Cell (virus_694007,host_27638): 0 -> 1
Cell (virus_694007,host_2994998): 0 -> 1
Cell (virus_694007,host_409031): 0 -> 1
Cell (virus_694007,host_89673): 0 -> 1
Cell (virus_694007,host_148061): 0 -> 1
Cell (virus_694007,host_9430): 0 -> 1
Cell (virus_694007,host_94961): 0 -> 1
Cell (virus_694007,host_3042450): 0 -> 1
Cell (virus_694007,host_1434095): 0 -> 1
Cell (virus_694007,host_221087): 0 -> 1
Cell (virus_694007,host_187007): 0 -> 1
Cell (virus_694007,host_438766): 0 -> 1
Cell (virus_694007,host_258934): 0 -> 1
Cell (virus_694007,host_479723): 0 -> 1
Cell (virus_694007,host_3041509): 0 -> 1
Cell (virus_694007,host_2218597): 0 -> 1
Cell (virus_694007,host_242384): 0 -> 1
Cell (virus_694007,host_452595): 0 -> 1
Cell (virus_694007,host_3370289): 0 -> 1
Cell (virus_694007,host_9438): 0 -> 1
Cell (virus_694007,host_153297): 0 -> 1
Cell (virus_694007,host_249034): 0 -> 1
Cell (virus_694007,host_249033): 0 -> 1
Cell (virus_694007,host_258930): 0 -> 1
Cell (virus_694007,host_143942): 0 -> 1
Cell (virus_1881051,host_187011): 0 -> 1
Cell (virus_1881051,host_375553): 0 -> 1
Cell (virus_1881051,host_294653): 0 -> 1
Cell (virus_1881051,host_59463): 0 -> 1
Cell (virus_1881051,host_109480): 0 -> 1
Cell (virus_1881051,host_1633875): 0 -> 1
Cell (virus_1881051,host_2528591): 0 -> 1
Cell (virus_1881051,host_51298): 0 -> 1
Cell (virus_1881051,host_225399): 0 -> 1
Cell (virus_1881051,host_392004): 0 -> 1
Cell (virus_1881051,host_392318): 0 -> 1
Cell (virus_1881051,host_187014): 0 -> 1
Cell (virus_1881051,host_526407): 0 -> 1
Cell (virus_1881051,host_1911917): 0 -> 1
Cell (virus_1881051,host_587652): 0 -> 1
Cell (virus_1881051,host_225400): 0 -> 1
Cell (virus_1881051,host_385037): 0 -> 1
Cell (virus_1881051,host_155035): 0 -> 1
Cell (virus_1881051,host_258925): 0 -> 1
Cell (virus_1881051,host_177185): 0 -> 1
Cell (virus_1881051,host_196889): 0 -> 1
Cell (virus_1881051,host_196297): 0 -> 1
Cell (virus_1881051,host_9402): 0 -> 1
Cell (virus_1881051,host_9403): 0 -> 1
Cell (virus_1881051,host_58057): 0 -> 1
Cell (virus_1881051,host_1898389): 0 -> 1
Cell (virus_1881051,host_372077): 0 -> 1
Cell (virus_1881051,host_903567): 0 -> 1
Cell (virus_1881051,host_58067): 0 -> 1
Cell (virus_1881051,host_448084): 0 -> 1
Cell (virus_1881051,host_58071): 0 -> 1
Cell (virus_1881051,host_58073): 0 -> 1
Cell (virus_1881051,host_1898393): 0 -> 1
Cell (virus_1881051,host_77223): 0 -> 1
Cell (virus_1881051,host_58063): 0 -> 1
Cell (virus_1881051,host_9400): 0 -> 1
Cell (virus_1881051,host_298110): 0 -> 1
Cell (virus_1881051,host_374419): 0 -> 1
Cell (virus_1881051,host_326081): 0 -> 1
Cell (virus_1881051,host_326083): 0 -> 1
Cell (virus_1881051,host_1381355): 0 -> 1
Cell (virus_1881051,host_187003): 0 -> 1
Cell (virus_1881051,host_138695): 0 -> 1
Cell (virus_1881051,host_208969): 0 -> 1
Cell (virus_1881051,host_27663): 0 -> 1
Cell (virus_1881051,host_574064): 0 -> 1
Cell (virus_1881051,host_27660): 0 -> 1
Cell (virus_1881051,host_27638): 0 -> 1
Cell (virus_1881051,host_2994998): 0 -> 1
Cell (virus_1881051,host_409031): 0 -> 1
Cell (virus_1881051,host_89673): 0 -> 1
Cell (virus_1881051,host_1434095): 0 -> 1
Cell (virus_1881051,host_221086): 0 -> 1
Cell (virus_1881051,host_221087): 0 -> 1
Cell (virus_1881051,host_187007): 0 -> 1
Cell (virus_1881051,host_438766): 0 -> 1
Cell (virus_1881051,host_258934): 0 -> 1
Cell (virus_1881051,host_479723): 0 -> 1
Cell (virus_1881051,host_3041509): 0 -> 1
Cell (virus_1881051,host_2218597): 0 -> 1
Cell (virus_1881051,host_242384): 0 -> 1
Cell (virus_1881051,host_452595): 0 -> 1
Cell (virus_1881051,host_3370289): 0 -> 1
Cell (virus_1881051,host_9438): 0 -> 1
Cell (virus_1881051,host_153297): 0 -> 1
Cell (virus_1881051,host_249034): 0 -> 1
Cell (virus_1881051,host_249033): 0 -> 1
Cell (virus_1881051,host_258930): 0 -> 1
Cell (virus_2913387,host_187011): 0 -> 1
Cell (virus_2913387,host_375553): 0 -> 1
Cell (virus_2913387,host_294653): 0 -> 1
Cell (virus_2913387,host_59463): 0 -> 1
Cell (virus_2913387,host_109480): 0 -> 1
Cell (virus_2913387,host_1633875): 0 -> 1
Cell (virus_2913387,host_2528591): 0 -> 1
Cell (virus_2913387,host_51298): 0 -> 1
Cell (virus_2913387,host_225399): 0 -> 1
Cell (virus_2913387,host_392004): 0 -> 1
Cell (virus_2913387,host_392318): 0 -> 1
Cell (virus_2913387,host_187014): 0 -> 1
Cell (virus_2913387,host_526407): 0 -> 1
Cell (virus_2913387,host_1911917): 0 -> 1
Cell (virus_2913387,host_587652): 0 -> 1
Cell (virus_2913387,host_225400): 0 -> 1
Cell (virus_2913387,host_385037): 0 -> 1
Cell (virus_2913387,host_155035): 0 -> 1
Cell (virus_2913387,host_258925): 0 -> 1
Cell (virus_2913387,host_177185): 0 -> 1
Cell (virus_2913387,host_196889): 0 -> 1
Cell (virus_2913387,host_196297): 0 -> 1
Cell (virus_2913387,host_9402): 0 -> 1
Cell (virus_2913387,host_9403): 0 -> 1
Cell (virus_2913387,host_58057): 0 -> 1
Cell (virus_2913387,host_1898389): 0 -> 1
Cell (virus_2913387,host_372077): 0 -> 1
Cell (virus_2913387,host_903567): 0 -> 1
Cell (virus_2913387,host_58067): 0 -> 1
Cell (virus_2913387,host_448084): 0 -> 1
Cell (virus_2913387,host_58071): 0 -> 1
Cell (virus_2913387,host_58073): 0 -> 1
Cell (virus_2913387,host_1898393): 0 -> 1
Cell (virus_2913387,host_77223): 0 -> 1
Cell (virus_2913387,host_58063): 0 -> 1
Cell (virus_2913387,host_9400): 0 -> 1
Cell (virus_2913387,host_298110): 0 -> 1
Cell (virus_2913387,host_374419): 0 -> 1
Cell (virus_2913387,host_326081): 0 -> 1
Cell (virus_2913387,host_326083): 0 -> 1
Cell (virus_2913387,host_1381355): 0 -> 1
Cell (virus_2913387,host_187003): 0 -> 1
Cell (virus_2913387,host_138695): 0 -> 1
Cell (virus_2913387,host_208969): 0 -> 1
Cell (virus_2913387,host_27663): 0 -> 1
Cell (virus_2913387,host_574064): 0 -> 1
Cell (virus_2913387,host_27660): 0 -> 1
Cell (virus_2913387,host_27638): 0 -> 1
Cell (virus_2913387,host_2994998): 0 -> 1
Cell (virus_2913387,host_409031): 0 -> 1
Cell (virus_2913387,host_89673): 0 -> 1
Cell (virus_2913387,host_1434095): 0 -> 1
Cell (virus_2913387,host_221086): 0 -> 1
Cell (virus_2913387,host_221087): 0 -> 1
Cell (virus_2913387,host_187007): 0 -> 1
Cell (virus_2913387,host_438766): 0 -> 1
Cell (virus_2913387,host_258934): 0 -> 1
Cell (virus_2913387,host_479723): 0 -> 1
Cell (virus_2913387,host_3041509): 0 -> 1
Cell (virus_2913387,host_2218597): 0 -> 1
Cell (virus_2913387,host_242384): 0 -> 1
Cell (virus_2913387,host_452595): 0 -> 1
Cell (virus_2913387,host_3370289): 0 -> 1
Cell (virus_2913387,host_9438): 0 -> 1
Cell (virus_2913387,host_153297): 0 -> 1
Cell (virus_2913387,host_249034): 0 -> 1
Cell (virus_2913387,host_249033): 0 -> 1
Cell (virus_2913387,host_258930): 0 -> 1
Cell (virus_2691592,host_187011): 0 -> 1
Cell (virus_2691592,host_375553): 0 -> 1
Cell (virus_2691592,host_294653): 0 -> 1
Cell (virus_2691592,host_59463): 0 -> 1
Cell (virus_2691592,host_109480): 0 -> 1
Cell (virus_2691592,host_1633875): 0 -> 1
Cell (virus_2691592,host_2528591): 0 -> 1
Cell (virus_2691592,host_51298): 0 -> 1
Cell (virus_2691592,host_225399): 0 -> 1
Cell (virus_2691592,host_392004): 0 -> 1
Cell (virus_2691592,host_392318): 0 -> 1
Cell (virus_2691592,host_187014): 0 -> 1
Cell (virus_2691592,host_526407): 0 -> 1
Cell (virus_2691592,host_1911917): 0 -> 1
Cell (virus_2691592,host_587652): 0 -> 1
Cell (virus_2691592,host_225400): 0 -> 1
Cell (virus_2691592,host_385037): 0 -> 1
Cell (virus_2691592,host_155035): 0 -> 1
Cell (virus_2691592,host_258925): 0 -> 1
Cell (virus_2691592,host_177185): 0 -> 1
Cell (virus_2691592,host_196889): 0 -> 1
Cell (virus_2691592,host_196297): 0 -> 1
Cell (virus_2691592,host_9402): 0 -> 1
Cell (virus_2691592,host_9403): 0 -> 1
Cell (virus_2691592,host_58057): 0 -> 1
Cell (virus_2691592,host_1898389): 0 -> 1
Cell (virus_2691592,host_372077): 0 -> 1
Cell (virus_2691592,host_903567): 0 -> 1
Cell (virus_2691592,host_58067): 0 -> 1
Cell (virus_2691592,host_448084): 0 -> 1
Cell (virus_2691592,host_58071): 0 -> 1
Cell (virus_2691592,host_58073): 0 -> 1
Cell (virus_2691592,host_1898393): 0 -> 1
Cell (virus_2691592,host_77223): 0 -> 1
Cell (virus_2691592,host_58063): 0 -> 1
Cell (virus_2691592,host_9400): 0 -> 1
Cell (virus_2691592,host_298110): 0 -> 1
Cell (virus_2691592,host_374419): 0 -> 1
Cell (virus_2691592,host_326081): 0 -> 1
Cell (virus_2691592,host_326083): 0 -> 1
Cell (virus_2691592,host_1381355): 0 -> 1
Cell (virus_2691592,host_187003): 0 -> 1
Cell (virus_2691592,host_138695): 0 -> 1
Cell (virus_2691592,host_208969): 0 -> 1
Cell (virus_2691592,host_27663): 0 -> 1
Cell (virus_2691592,host_574064): 0 -> 1
Cell (virus_2691592,host_27660): 0 -> 1
Cell (virus_2691592,host_27638): 0 -> 1
Cell (virus_2691592,host_2994998): 0 -> 1
Cell (virus_2691592,host_409031): 0 -> 1
Cell (virus_2691592,host_89673): 0 -> 1
Cell (virus_2691592,host_1434095): 0 -> 1
Cell (virus_2691592,host_221086): 0 -> 1
Cell (virus_2691592,host_221087): 0 -> 1
Cell (virus_2691592,host_187007): 0 -> 1
Cell (virus_2691592,host_438766): 0 -> 1
Cell (virus_2691592,host_258934): 0 -> 1
Cell (virus_2691592,host_479723): 0 -> 1
Cell (virus_2691592,host_3041509): 0 -> 1
Cell (virus_2691592,host_2218597): 0 -> 1
Cell (virus_2691592,host_242384): 0 -> 1
Cell (virus_2691592,host_452595): 0 -> 1
Cell (virus_2691592,host_3370289): 0 -> 1
Cell (virus_2691592,host_153297): 0 -> 1
Cell (virus_2691592,host_249034): 0 -> 1
Cell (virus_2691592,host_249033): 0 -> 1
Cell (virus_2691592,host_258930): 0 -> 1
Cell (virus_28295,host_187011): 0 -> 1
Cell (virus_28295,host_375553): 0 -> 1
Cell (virus_28295,host_294653): 0 -> 1
Cell (virus_28295,host_59463): 0 -> 1
Cell (virus_28295,host_109480): 0 -> 1
Cell (virus_28295,host_1633875): 0 -> 1
Cell (virus_28295,host_2528591): 0 -> 1
Cell (virus_28295,host_51298): 0 -> 1
Cell (virus_28295,host_225399): 0 -> 1
Cell (virus_28295,host_392004): 0 -> 1
Cell (virus_28295,host_392318): 0 -> 1
Cell (virus_28295,host_187014): 0 -> 1
Cell (virus_28295,host_526407): 0 -> 1
Cell (virus_28295,host_1911917): 0 -> 1
Cell (virus_28295,host_587652): 0 -> 1
Cell (virus_28295,host_225400): 0 -> 1
Cell (virus_28295,host_385037): 0 -> 1
Cell (virus_28295,host_155035): 0 -> 1
Cell (virus_28295,host_258925): 0 -> 1
Cell (virus_28295,host_177185): 0 -> 1
Cell (virus_28295,host_196889): 0 -> 1
Cell (virus_28295,host_196297): 0 -> 1
Cell (virus_28295,host_9402): 0 -> 1
Cell (virus_28295,host_9403): 0 -> 1
Cell (virus_28295,host_58057): 0 -> 1
Cell (virus_28295,host_1898389): 0 -> 1
Cell (virus_28295,host_372077): 0 -> 1
Cell (virus_28295,host_58067): 0 -> 1
Cell (virus_28295,host_448084): 0 -> 1
Cell (virus_28295,host_58071): 0 -> 1
Cell (virus_28295,host_58073): 0 -> 1
Cell (virus_28295,host_1898393): 0 -> 1
Cell (virus_28295,host_77223): 0 -> 1
Cell (virus_28295,host_58063): 0 -> 1
Cell (virus_28295,host_9400): 0 -> 1
Cell (virus_28295,host_298110): 0 -> 1
Cell (virus_28295,host_374419): 0 -> 1
Cell (virus_28295,host_326081): 0 -> 1
Cell (virus_28295,host_326083): 0 -> 1
Cell (virus_28295,host_1381355): 0 -> 1
Cell (virus_28295,host_187003): 0 -> 1
Cell (virus_28295,host_138695): 0 -> 1
Cell (virus_28295,host_208969): 0 -> 1
Cell (virus_28295,host_27663): 0 -> 1
Cell (virus_28295,host_574064): 0 -> 1
Cell (virus_28295,host_27660): 0 -> 1
Cell (virus_28295,host_27638): 0 -> 1
Cell (virus_28295,host_2994998): 0 -> 1
Cell (virus_28295,host_409031): 0 -> 1
Cell (virus_28295,host_89673): 0 -> 1
Cell (virus_28295,host_1434095): 0 -> 1
Cell (virus_28295,host_221086): 0 -> 1
Cell (virus_28295,host_221087): 0 -> 1
Cell (virus_28295,host_187007): 0 -> 1
Cell (virus_28295,host_438766): 0 -> 1
Cell (virus_28295,host_258934): 0 -> 1
Cell (virus_28295,host_479723): 0 -> 1
Cell (virus_28295,host_3041509): 0 -> 1
Cell (virus_28295,host_2218597): 0 -> 1
Cell (virus_28295,host_242384): 0 -> 1
Cell (virus_28295,host_452595): 0 -> 1
Cell (virus_28295,host_3370289): 0 -> 1
Cell (virus_28295,host_9438): 0 -> 1
Cell (virus_28295,host_153297): 0 -> 1
Cell (virus_28295,host_249034): 0 -> 1
Cell (virus_28295,host_249033): 0 -> 1
Cell (virus_28295,host_258930): 0 -> 1
Cell (virus_3433789,host_187011): 0 -> 1
Cell (virus_3433789,host_375553): 0 -> 1
Cell (virus_3433789,host_294653): 0 -> 1
Cell (virus_3433789,host_59463): 0 -> 1
Cell (virus_3433789,host_109480): 0 -> 1
Cell (virus_3433789,host_1633875): 0 -> 1
Cell (virus_3433789,host_2528591): 0 -> 1
Cell (virus_3433789,host_51298): 0 -> 1
Cell (virus_3433789,host_225399): 0 -> 1
Cell (virus_3433789,host_392004): 0 -> 1
Cell (virus_3433789,host_392318): 0 -> 1
Cell (virus_3433789,host_187014): 0 -> 1
Cell (virus_3433789,host_526407): 0 -> 1
Cell (virus_3433789,host_1911917): 0 -> 1
Cell (virus_3433789,host_587652): 0 -> 1
Cell (virus_3433789,host_225400): 0 -> 1
Cell (virus_3433789,host_385037): 0 -> 1
Cell (virus_3433789,host_155035): 0 -> 1
Cell (virus_3433789,host_258925): 0 -> 1
Cell (virus_3433789,host_177185): 0 -> 1
Cell (virus_3433789,host_196889): 0 -> 1
Cell (virus_3433789,host_196297): 0 -> 1
Cell (virus_3433789,host_9402): 0 -> 1
Cell (virus_3433789,host_9403): 0 -> 1
Cell (virus_3433789,host_58057): 0 -> 1
Cell (virus_3433789,host_1898389): 0 -> 1
Cell (virus_3433789,host_372077): 0 -> 1
Cell (virus_3433789,host_58067): 0 -> 1
Cell (virus_3433789,host_448084): 0 -> 1
Cell (virus_3433789,host_58071): 0 -> 1
Cell (virus_3433789,host_58073): 0 -> 1
Cell (virus_3433789,host_1898393): 0 -> 1
Cell (virus_3433789,host_77223): 0 -> 1
Cell (virus_3433789,host_58063): 0 -> 1
Cell (virus_3433789,host_9400): 0 -> 1
Cell (virus_3433789,host_298110): 0 -> 1
Cell (virus_3433789,host_374419): 0 -> 1
Cell (virus_3433789,host_326081): 0 -> 1
Cell (virus_3433789,host_326083): 0 -> 1
Cell (virus_3433789,host_1381355): 0 -> 1
Cell (virus_3433789,host_187003): 0 -> 1
Cell (virus_3433789,host_138695): 0 -> 1
Cell (virus_3433789,host_208969): 0 -> 1
Cell (virus_3433789,host_27663): 0 -> 1
Cell (virus_3433789,host_574064): 0 -> 1
Cell (virus_3433789,host_27660): 0 -> 1
Cell (virus_3433789,host_27638): 0 -> 1
Cell (virus_3433789,host_2994998): 0 -> 1
Cell (virus_3433789,host_409031): 0 -> 1
Cell (virus_3433789,host_89673): 0 -> 1
Cell (virus_3433789,host_1434095): 0 -> 1
Cell (virus_3433789,host_221086): 0 -> 1
Cell (virus_3433789,host_221087): 0 -> 1
Cell (virus_3433789,host_187007): 0 -> 1
Cell (virus_3433789,host_438766): 0 -> 1
Cell (virus_3433789,host_258934): 0 -> 1
Cell (virus_3433789,host_479723): 0 -> 1
Cell (virus_3433789,host_3041509): 0 -> 1
Cell (virus_3433789,host_2218597): 0 -> 1
Cell (virus_3433789,host_242384): 0 -> 1
Cell (virus_3433789,host_452595): 0 -> 1
Cell (virus_3433789,host_3370289): 0 -> 1
Cell (virus_3433789,host_9438): 0 -> 1
Cell (virus_3433789,host_153297): 0 -> 1
Cell (virus_3433789,host_249034): 0 -> 1
Cell (virus_3433789,host_249033): 0 -> 1
Cell (virus_3433789,host_258930): 0 -> 1
Cell (virus_2913385,host_187011): 0 -> 1
Cell (virus_2913385,host_375553): 0 -> 1
Cell (virus_2913385,host_294653): 0 -> 1
Cell (virus_2913385,host_59463): 0 -> 1
Cell (virus_2913385,host_109480): 0 -> 1
Cell (virus_2913385,host_1633875): 0 -> 1
Cell (virus_2913385,host_2528591): 0 -> 1
Cell (virus_2913385,host_51298): 0 -> 1
Cell (virus_2913385,host_225399): 0 -> 1
Cell (virus_2913385,host_392004): 0 -> 1
Cell (virus_2913385,host_392318): 0 -> 1
Cell (virus_2913385,host_187014): 0 -> 1
Cell (virus_2913385,host_526407): 0 -> 1
Cell (virus_2913385,host_1911917): 0 -> 1
Cell (virus_2913385,host_587652): 0 -> 1
Cell (virus_2913385,host_225400): 0 -> 1
Cell (virus_2913385,host_385037): 0 -> 1
Cell (virus_2913385,host_155035): 0 -> 1
Cell (virus_2913385,host_258925): 0 -> 1
Cell (virus_2913385,host_177185): 0 -> 1
Cell (virus_2913385,host_196889): 0 -> 1
Cell (virus_2913385,host_196297): 0 -> 1
Cell (virus_2913385,host_9402): 0 -> 1
Cell (virus_2913385,host_9403): 0 -> 1
Cell (virus_2913385,host_58057): 0 -> 1
Cell (virus_2913385,host_1898389): 0 -> 1
Cell (virus_2913385,host_372077): 0 -> 1
Cell (virus_2913385,host_903567): 0 -> 1
Cell (virus_2913385,host_58067): 0 -> 1
Cell (virus_2913385,host_448084): 0 -> 1
Cell (virus_2913385,host_58071): 0 -> 1
Cell (virus_2913385,host_58073): 0 -> 1
Cell (virus_2913385,host_1898393): 0 -> 1
Cell (virus_2913385,host_77223): 0 -> 1
Cell (virus_2913385,host_58063): 0 -> 1
Cell (virus_2913385,host_9400): 0 -> 1
Cell (virus_2913385,host_298110): 0 -> 1
Cell (virus_2913385,host_374419): 0 -> 1
Cell (virus_2913385,host_326081): 0 -> 1
Cell (virus_2913385,host_326083): 0 -> 1
Cell (virus_2913385,host_1381355): 0 -> 1
Cell (virus_2913385,host_187003): 0 -> 1
Cell (virus_2913385,host_138695): 0 -> 1
Cell (virus_2913385,host_208969): 0 -> 1
Cell (virus_2913385,host_27663): 0 -> 1
Cell (virus_2913385,host_574064): 0 -> 1
Cell (virus_2913385,host_27660): 0 -> 1
Cell (virus_2913385,host_27638): 0 -> 1
Cell (virus_2913385,host_2994998): 0 -> 1
Cell (virus_2913385,host_409031): 0 -> 1
Cell (virus_2913385,host_89673): 0 -> 1
Cell (virus_2913385,host_1434095): 0 -> 1
Cell (virus_2913385,host_221086): 0 -> 1
Cell (virus_2913385,host_221087): 0 -> 1
Cell (virus_2913385,host_187007): 0 -> 1
Cell (virus_2913385,host_438766): 0 -> 1
Cell (virus_2913385,host_258934): 0 -> 1
Cell (virus_2913385,host_479723): 0 -> 1
Cell (virus_2913385,host_3041509): 0 -> 1
Cell (virus_2913385,host_2218597): 0 -> 1
Cell (virus_2913385,host_242384): 0 -> 1
Cell (virus_2913385,host_452595): 0 -> 1
Cell (virus_2913385,host_3370289): 0 -> 1
Cell (virus_2913385,host_9438): 0 -> 1
Cell (virus_2913385,host_153297): 0 -> 1
Cell (virus_2913385,host_249034): 0 -> 1
Cell (virus_2913385,host_249033): 0 -> 1
Cell (virus_2913385,host_258930): 0 -> 1
Cell (virus_3077579,host_187011): 0 -> 1
Cell (virus_3077579,host_375553): 0 -> 1
Cell (virus_3077579,host_294653): 0 -> 1
Cell (virus_3077579,host_59463): 0 -> 1
Cell (virus_3077579,host_109480): 0 -> 1
Cell (virus_3077579,host_1633875): 0 -> 1
Cell (virus_3077579,host_2528591): 0 -> 1
Cell (virus_3077579,host_51298): 0 -> 1
Cell (virus_3077579,host_225399): 0 -> 1
Cell (virus_3077579,host_392004): 0 -> 1
Cell (virus_3077579,host_392318): 0 -> 1
Cell (virus_3077579,host_187014): 0 -> 1
Cell (virus_3077579,host_526407): 0 -> 1
Cell (virus_3077579,host_1911917): 0 -> 1
Cell (virus_3077579,host_587652): 0 -> 1
Cell (virus_3077579,host_225400): 0 -> 1
Cell (virus_3077579,host_385037): 0 -> 1
Cell (virus_3077579,host_258925): 0 -> 1
Cell (virus_3077579,host_177185): 0 -> 1
Cell (virus_3077579,host_196889): 0 -> 1
Cell (virus_3077579,host_196297): 0 -> 1
Cell (virus_3077579,host_9402): 0 -> 1
Cell (virus_3077579,host_9403): 0 -> 1
Cell (virus_3077579,host_58057): 0 -> 1
Cell (virus_3077579,host_1898389): 0 -> 1
Cell (virus_3077579,host_372077): 0 -> 1
Cell (virus_3077579,host_903567): 0 -> 1
Cell (virus_3077579,host_58067): 0 -> 1
Cell (virus_3077579,host_448084): 0 -> 1
Cell (virus_3077579,host_58071): 0 -> 1
Cell (virus_3077579,host_58073): 0 -> 1
Cell (virus_3077579,host_1898393): 0 -> 1
Cell (virus_3077579,host_77223): 0 -> 1
Cell (virus_3077579,host_58063): 0 -> 1
Cell (virus_3077579,host_9400): 0 -> 1
Cell (virus_3077579,host_298110): 0 -> 1
Cell (virus_3077579,host_374419): 0 -> 1
Cell (virus_3077579,host_326081): 0 -> 1
Cell (virus_3077579,host_326083): 0 -> 1
Cell (virus_3077579,host_1381355): 0 -> 1
Cell (virus_3077579,host_187003): 0 -> 1
Cell (virus_3077579,host_138695): 0 -> 1
Cell (virus_3077579,host_208969): 0 -> 1
Cell (virus_3077579,host_27663): 0 -> 1
Cell (virus_3077579,host_574064): 0 -> 1
Cell (virus_3077579,host_27660): 0 -> 1
Cell (virus_3077579,host_27638): 0 -> 1
Cell (virus_3077579,host_2994998): 0 -> 1
Cell (virus_3077579,host_409031): 0 -> 1
Cell (virus_3077579,host_89673): 0 -> 1
Cell (virus_3077579,host_1434095): 0 -> 1
Cell (virus_3077579,host_221086): 0 -> 1
Cell (virus_3077579,host_221087): 0 -> 1
Cell (virus_3077579,host_187007): 0 -> 1
Cell (virus_3077579,host_438766): 0 -> 1
Cell (virus_3077579,host_258934): 0 -> 1
Cell (virus_3077579,host_479723): 0 -> 1
Cell (virus_3077579,host_3041509): 0 -> 1
Cell (virus_3077579,host_2218597): 0 -> 1
Cell (virus_3077579,host_242384): 0 -> 1
Cell (virus_3077579,host_452595): 0 -> 1
Cell (virus_3077579,host_3370289): 0 -> 1
Cell (virus_3077579,host_153297): 0 -> 1
Cell (virus_3077579,host_249034): 0 -> 1
Cell (virus_3077579,host_249033): 0 -> 1
Cell (virus_3077579,host_258930): 0 -> 1
Cell (virus_3077580,host_187011): 0 -> 1
Cell (virus_3077580,host_375553): 0 -> 1
Cell (virus_3077580,host_294653): 0 -> 1
Cell (virus_3077580,host_59463): 0 -> 1
Cell (virus_3077580,host_109480): 0 -> 1
Cell (virus_3077580,host_1633875): 0 -> 1
Cell (virus_3077580,host_2528591): 0 -> 1
Cell (virus_3077580,host_51298): 0 -> 1
Cell (virus_3077580,host_225399): 0 -> 1
Cell (virus_3077580,host_392004): 0 -> 1
Cell (virus_3077580,host_392318): 0 -> 1
Cell (virus_3077580,host_187014): 0 -> 1
Cell (virus_3077580,host_526407): 0 -> 1
Cell (virus_3077580,host_1911917): 0 -> 1
Cell (virus_3077580,host_587652): 0 -> 1
Cell (virus_3077580,host_225400): 0 -> 1
Cell (virus_3077580,host_385037): 0 -> 1
Cell (virus_3077580,host_258925): 0 -> 1
Cell (virus_3077580,host_177185): 0 -> 1
Cell (virus_3077580,host_196889): 0 -> 1
Cell (virus_3077580,host_196297): 0 -> 1
Cell (virus_3077580,host_9402): 0 -> 1
Cell (virus_3077580,host_9403): 0 -> 1
Cell (virus_3077580,host_58057): 0 -> 1
Cell (virus_3077580,host_1898389): 0 -> 1
Cell (virus_3077580,host_372077): 0 -> 1
Cell (virus_3077580,host_903567): 0 -> 1
Cell (virus_3077580,host_58067): 0 -> 1
Cell (virus_3077580,host_448084): 0 -> 1
Cell (virus_3077580,host_58071): 0 -> 1
Cell (virus_3077580,host_58073): 0 -> 1
Cell (virus_3077580,host_1898393): 0 -> 1
Cell (virus_3077580,host_77223): 0 -> 1
Cell (virus_3077580,host_58063): 0 -> 1
Cell (virus_3077580,host_9400): 0 -> 1
Cell (virus_3077580,host_298110): 0 -> 1
Cell (virus_3077580,host_374419): 0 -> 1
Cell (virus_3077580,host_326081): 0 -> 1
Cell (virus_3077580,host_326083): 0 -> 1
Cell (virus_3077580,host_1381355): 0 -> 1
Cell (virus_3077580,host_187003): 0 -> 1
Cell (virus_3077580,host_138695): 0 -> 1
Cell (virus_3077580,host_208969): 0 -> 1
Cell (virus_3077580,host_27663): 0 -> 1
Cell (virus_3077580,host_574064): 0 -> 1
Cell (virus_3077580,host_27660): 0 -> 1
Cell (virus_3077580,host_27638): 0 -> 1
Cell (virus_3077580,host_2994998): 0 -> 1
Cell (virus_3077580,host_409031): 0 -> 1
Cell (virus_3077580,host_89673): 0 -> 1
Cell (virus_3077580,host_1434095): 0 -> 1
Cell (virus_3077580,host_221086): 0 -> 1
Cell (virus_3077580,host_221087): 0 -> 1
Cell (virus_3077580,host_187007): 0 -> 1
Cell (virus_3077580,host_438766): 0 -> 1
Cell (virus_3077580,host_258934): 0 -> 1
Cell (virus_3077580,host_479723): 0 -> 1
Cell (virus_3077580,host_3041509): 0 -> 1
Cell (virus_3077580,host_2218597): 0 -> 1
Cell (virus_3077580,host_242384): 0 -> 1
Cell (virus_3077580,host_452595): 0 -> 1
Cell (virus_3077580,host_3370289): 0 -> 1
Cell (virus_3077580,host_153297): 0 -> 1
Cell (virus_3077580,host_249034): 0 -> 1
Cell (virus_3077580,host_249033): 0 -> 1
Cell (virus_3077580,host_258930): 0 -> 1
Cell (virus_2419667,host_187011): 0 -> 1
Cell (virus_2419667,host_375553): 0 -> 1
Cell (virus_2419667,host_294653): 0 -> 1
Cell (virus_2419667,host_59463): 0 -> 1
Cell (virus_2419667,host_109480): 0 -> 1
Cell (virus_2419667,host_1633875): 0 -> 1
Cell (virus_2419667,host_2528591): 0 -> 1
Cell (virus_2419667,host_51298): 0 -> 1
Cell (virus_2419667,host_225399): 0 -> 1
Cell (virus_2419667,host_392004): 0 -> 1
Cell (virus_2419667,host_392318): 0 -> 1
Cell (virus_2419667,host_187014): 0 -> 1
Cell (virus_2419667,host_526407): 0 -> 1
Cell (virus_2419667,host_1911917): 0 -> 1
Cell (virus_2419667,host_587652): 0 -> 1
Cell (virus_2419667,host_225400): 0 -> 1
Cell (virus_2419667,host_385037): 0 -> 1
Cell (virus_2419667,host_155035): 0 -> 1
Cell (virus_2419667,host_258925): 0 -> 1
Cell (virus_2419667,host_177185): 0 -> 1
Cell (virus_2419667,host_196889): 0 -> 1
Cell (virus_2419667,host_196297): 0 -> 1
Cell (virus_2419667,host_9403): 0 -> 1
Cell (virus_2419667,host_58057): 0 -> 1
Cell (virus_2419667,host_1898389): 0 -> 1
Cell (virus_2419667,host_372077): 0 -> 1
Cell (virus_2419667,host_903567): 0 -> 1
Cell (virus_2419667,host_58067): 0 -> 1
Cell (virus_2419667,host_448084): 0 -> 1
Cell (virus_2419667,host_58071): 0 -> 1
Cell (virus_2419667,host_58073): 0 -> 1
Cell (virus_2419667,host_1898393): 0 -> 1
Cell (virus_2419667,host_77223): 0 -> 1
Cell (virus_2419667,host_58063): 0 -> 1
Cell (virus_2419667,host_9400): 0 -> 1
Cell (virus_2419667,host_298110): 0 -> 1
Cell (virus_2419667,host_374419): 0 -> 1
Cell (virus_2419667,host_326081): 0 -> 1
Cell (virus_2419667,host_326083): 0 -> 1
Cell (virus_2419667,host_1381355): 0 -> 1
Cell (virus_2419667,host_187003): 0 -> 1
Cell (virus_2419667,host_138695): 0 -> 1
Cell (virus_2419667,host_208969): 0 -> 1
Cell (virus_2419667,host_27663): 0 -> 1
Cell (virus_2419667,host_574064): 0 -> 1
Cell (virus_2419667,host_27660): 0 -> 1
Cell (virus_2419667,host_27638): 0 -> 1
Cell (virus_2419667,host_2994998): 0 -> 1
Cell (virus_2419667,host_409031): 0 -> 1
Cell (virus_2419667,host_89673): 0 -> 1
Cell (virus_2419667,host_1434095): 0 -> 1
Cell (virus_2419667,host_221086): 0 -> 1
Cell (virus_2419667,host_221087): 0 -> 1
Cell (virus_2419667,host_187007): 0 -> 1
Cell (virus_2419667,host_438766): 0 -> 1
Cell (virus_2419667,host_258934): 0 -> 1
Cell (virus_2419667,host_479723): 0 -> 1
Cell (virus_2419667,host_3041509): 0 -> 1
Cell (virus_2419667,host_2218597): 0 -> 1
Cell (virus_2419667,host_242384): 0 -> 1
Cell (virus_2419667,host_452595): 0 -> 1
Cell (virus_2419667,host_3370289): 0 -> 1
Cell (virus_2419667,host_9438): 0 -> 1
Cell (virus_2419667,host_153297): 0 -> 1
Cell (virus_2419667,host_249034): 0 -> 1
Cell (virus_2419667,host_249033): 0 -> 1
Cell (virus_2419667,host_258930): 0 -> 1
Cell (virus_3433787,host_187011): 0 -> 1
Cell (virus_3433787,host_375553): 0 -> 1
Cell (virus_3433787,host_294653): 0 -> 1
Cell (virus_3433787,host_59463): 0 -> 1
Cell (virus_3433787,host_109480): 0 -> 1
Cell (virus_3433787,host_1633875): 0 -> 1
Cell (virus_3433787,host_2528591): 0 -> 1
Cell (virus_3433787,host_51298): 0 -> 1
Cell (virus_3433787,host_225399): 0 -> 1
Cell (virus_3433787,host_392004): 0 -> 1
Cell (virus_3433787,host_392318): 0 -> 1
Cell (virus_3433787,host_187014): 0 -> 1
Cell (virus_3433787,host_526407): 0 -> 1
Cell (virus_3433787,host_1911917): 0 -> 1
Cell (virus_3433787,host_587652): 0 -> 1
Cell (virus_3433787,host_225400): 0 -> 1
Cell (virus_3433787,host_385037): 0 -> 1
Cell (virus_3433787,host_155035): 0 -> 1
Cell (virus_3433787,host_258925): 0 -> 1
Cell (virus_3433787,host_177185): 0 -> 1
Cell (virus_3433787,host_196889): 0 -> 1
Cell (virus_3433787,host_196297): 0 -> 1
Cell (virus_3433787,host_9403): 0 -> 1
Cell (virus_3433787,host_58057): 0 -> 1
Cell (virus_3433787,host_1898389): 0 -> 1
Cell (virus_3433787,host_372077): 0 -> 1
Cell (virus_3433787,host_903567): 0 -> 1
Cell (virus_3433787,host_58067): 0 -> 1
Cell (virus_3433787,host_448084): 0 -> 1
Cell (virus_3433787,host_58071): 0 -> 1
Cell (virus_3433787,host_58073): 0 -> 1
Cell (virus_3433787,host_1898393): 0 -> 1
Cell (virus_3433787,host_77223): 0 -> 1
Cell (virus_3433787,host_58063): 0 -> 1
Cell (virus_3433787,host_9400): 0 -> 1
Cell (virus_3433787,host_298110): 0 -> 1
Cell (virus_3433787,host_374419): 0 -> 1
Cell (virus_3433787,host_326081): 0 -> 1
Cell (virus_3433787,host_326083): 0 -> 1
Cell (virus_3433787,host_1381355): 0 -> 1
Cell (virus_3433787,host_187003): 0 -> 1
Cell (virus_3433787,host_138695): 0 -> 1
Cell (virus_3433787,host_208969): 0 -> 1
Cell (virus_3433787,host_27663): 0 -> 1
Cell (virus_3433787,host_574064): 0 -> 1
Cell (virus_3433787,host_27660): 0 -> 1
Cell (virus_3433787,host_27638): 0 -> 1
Cell (virus_3433787,host_2994998): 0 -> 1
Cell (virus_3433787,host_409031): 0 -> 1
Cell (virus_3433787,host_89673): 0 -> 1
Cell (virus_3433787,host_1434095): 0 -> 1
Cell (virus_3433787,host_221086): 0 -> 1
Cell (virus_3433787,host_221087): 0 -> 1
Cell (virus_3433787,host_187007): 0 -> 1
Cell (virus_3433787,host_438766): 0 -> 1
Cell (virus_3433787,host_258934): 0 -> 1
Cell (virus_3433787,host_479723): 0 -> 1
Cell (virus_3433787,host_3041509): 0 -> 1
Cell (virus_3433787,host_2218597): 0 -> 1
Cell (virus_3433787,host_242384): 0 -> 1
Cell (virus_3433787,host_452595): 0 -> 1
Cell (virus_3433787,host_3370289): 0 -> 1
Cell (virus_3433787,host_9438): 0 -> 1
Cell (virus_3433787,host_153297): 0 -> 1
Cell (virus_3433787,host_249034): 0 -> 1
Cell (virus_3433787,host_249033): 0 -> 1
Cell (virus_3433787,host_258930): 0 -> 1
Cell (virus_3027593,host_187011): 0 -> 1
Cell (virus_3027593,host_375553): 0 -> 1
Cell (virus_3027593,host_294653): 0 -> 1
Cell (virus_3027593,host_59463): 0 -> 1
Cell (virus_3027593,host_109480): 0 -> 1
Cell (virus_3027593,host_1633875): 0 -> 1
Cell (virus_3027593,host_2528591): 0 -> 1
Cell (virus_3027593,host_51298): 0 -> 1
Cell (virus_3027593,host_225399): 0 -> 1
Cell (virus_3027593,host_392004): 0 -> 1
Cell (virus_3027593,host_392318): 0 -> 1
Cell (virus_3027593,host_187014): 0 -> 1
Cell (virus_3027593,host_526407): 0 -> 1
Cell (virus_3027593,host_1911917): 0 -> 1
Cell (virus_3027593,host_587652): 0 -> 1
Cell (virus_3027593,host_225400): 0 -> 1
Cell (virus_3027593,host_385037): 0 -> 1
Cell (virus_3027593,host_155035): 0 -> 1
Cell (virus_3027593,host_258925): 0 -> 1
Cell (virus_3027593,host_177185): 0 -> 1
Cell (virus_3027593,host_196889): 0 -> 1
Cell (virus_3027593,host_196297): 0 -> 1
Cell (virus_3027593,host_9402): 0 -> 1
Cell (virus_3027593,host_9403): 0 -> 1
Cell (virus_3027593,host_58057): 0 -> 1
Cell (virus_3027593,host_372077): 0 -> 1
Cell (virus_3027593,host_903567): 0 -> 1
Cell (virus_3027593,host_58067): 0 -> 1
Cell (virus_3027593,host_448084): 0 -> 1
Cell (virus_3027593,host_58071): 0 -> 1
Cell (virus_3027593,host_58073): 0 -> 1
Cell (virus_3027593,host_1898393): 0 -> 1
Cell (virus_3027593,host_77223): 0 -> 1
Cell (virus_3027593,host_58063): 0 -> 1
Cell (virus_3027593,host_9400): 0 -> 1
Cell (virus_3027593,host_298110): 0 -> 1
Cell (virus_3027593,host_374419): 0 -> 1
Cell (virus_3027593,host_326081): 0 -> 1
Cell (virus_3027593,host_326083): 0 -> 1
Cell (virus_3027593,host_1381355): 0 -> 1
Cell (virus_3027593,host_187003): 0 -> 1
Cell (virus_3027593,host_138695): 0 -> 1
Cell (virus_3027593,host_208969): 0 -> 1
Cell (virus_3027593,host_27663): 0 -> 1
Cell (virus_3027593,host_574064): 0 -> 1
Cell (virus_3027593,host_27660): 0 -> 1
Cell (virus_3027593,host_27638): 0 -> 1
Cell (virus_3027593,host_2994998): 0 -> 1
Cell (virus_3027593,host_409031): 0 -> 1
Cell (virus_3027593,host_89673): 0 -> 1
Cell (virus_3027593,host_1434095): 0 -> 1
Cell (virus_3027593,host_221086): 0 -> 1
Cell (virus_3027593,host_221087): 0 -> 1
Cell (virus_3027593,host_187007): 0 -> 1
Cell (virus_3027593,host_438766): 0 -> 1
Cell (virus_3027593,host_258934): 0 -> 1
Cell (virus_3027593,host_479723): 0 -> 1
Cell (virus_3027593,host_3041509): 0 -> 1
Cell (virus_3027593,host_2218597): 0 -> 1
Cell (virus_3027593,host_242384): 0 -> 1
Cell (virus_3027593,host_452595): 0 -> 1
Cell (virus_3027593,host_3370289): 0 -> 1
Cell (virus_3027593,host_9438): 0 -> 1
Cell (virus_3027593,host_153297): 0 -> 1
Cell (virus_3027593,host_249034): 0 -> 1
Cell (virus_3027593,host_249033): 0 -> 1
Cell (virus_3027593,host_258930): 0 -> 1
Cell (virus_2991261,host_187011): 0 -> 1
Cell (virus_2991261,host_375553): 0 -> 1
Cell (virus_2991261,host_294653): 0 -> 1
Cell (virus_2991261,host_59463): 0 -> 1
Cell (virus_2991261,host_109480): 0 -> 1
Cell (virus_2991261,host_1633875): 0 -> 1
Cell (virus_2991261,host_2528591): 0 -> 1
Cell (virus_2991261,host_51298): 0 -> 1
Cell (virus_2991261,host_392004): 0 -> 1
Cell (virus_2991261,host_392318): 0 -> 1
Cell (virus_2991261,host_187014): 0 -> 1
Cell (virus_2991261,host_526407): 0 -> 1
Cell (virus_2991261,host_1911917): 0 -> 1
Cell (virus_2991261,host_587652): 0 -> 1
Cell (virus_2991261,host_225400): 0 -> 1
Cell (virus_2991261,host_385037): 0 -> 1
Cell (virus_2991261,host_155035): 0 -> 1
Cell (virus_2991261,host_258925): 0 -> 1
Cell (virus_2991261,host_177185): 0 -> 1
Cell (virus_2991261,host_196889): 0 -> 1
Cell (virus_2991261,host_196297): 0 -> 1
Cell (virus_2991261,host_9402): 0 -> 1
Cell (virus_2991261,host_9403): 0 -> 1
Cell (virus_2991261,host_58057): 0 -> 1
Cell (virus_2991261,host_1898389): 0 -> 1
Cell (virus_2991261,host_372077): 0 -> 1
Cell (virus_2991261,host_903567): 0 -> 1
Cell (virus_2991261,host_58067): 0 -> 1
Cell (virus_2991261,host_448084): 0 -> 1
Cell (virus_2991261,host_58071): 0 -> 1
Cell (virus_2991261,host_1898393): 0 -> 1
Cell (virus_2991261,host_77223): 0 -> 1
Cell (virus_2991261,host_58063): 0 -> 1
Cell (virus_2991261,host_9400): 0 -> 1
Cell (virus_2991261,host_298110): 0 -> 1
Cell (virus_2991261,host_374419): 0 -> 1
Cell (virus_2991261,host_326081): 0 -> 1
Cell (virus_2991261,host_326083): 0 -> 1
Cell (virus_2991261,host_1381355): 0 -> 1
Cell (virus_2991261,host_187003): 0 -> 1
Cell (virus_2991261,host_118856): 0 -> 1
Cell (virus_2991261,host_138695): 0 -> 1
Cell (virus_2991261,host_208969): 0 -> 1
Cell (virus_2991261,host_27663): 0 -> 1
Cell (virus_2991261,host_27660): 0 -> 1
Cell (virus_2991261,host_27638): 0 -> 1
Cell (virus_2991261,host_2994998): 0 -> 1
Cell (virus_2991261,host_409031): 0 -> 1
Cell (virus_2991261,host_89673): 0 -> 1
Cell (virus_2991261,host_1434095): 0 -> 1
Cell (virus_2991261,host_221086): 0 -> 1
Cell (virus_2991261,host_221087): 0 -> 1
Cell (virus_2991261,host_187007): 0 -> 1
Cell (virus_2991261,host_438766): 0 -> 1
Cell (virus_2991261,host_258934): 0 -> 1
Cell (virus_2991261,host_479723): 0 -> 1
Cell (virus_2991261,host_3041509): 0 -> 1
Cell (virus_2991261,host_2218597): 0 -> 1
Cell (virus_2991261,host_242384): 0 -> 1
Cell (virus_2991261,host_452595): 0 -> 1
Cell (virus_2991261,host_3370289): 0 -> 1
Cell (virus_2991261,host_9438): 0 -> 1
Cell (virus_2991261,host_153297): 0 -> 1
Cell (virus_2991261,host_249034): 0 -> 1
Cell (virus_2991261,host_249033): 0 -> 1
Cell (virus_983923,host_187011): 0 -> 1
Cell (virus_983923,host_375553): 0 -> 1
Cell (virus_983923,host_294653): 0 -> 1
Cell (virus_983923,host_59463): 0 -> 1
Cell (virus_983923,host_109480): 0 -> 1
Cell (virus_983923,host_1633875): 0 -> 1
Cell (virus_983923,host_2528591): 0 -> 1
Cell (virus_983923,host_51298): 0 -> 1
Cell (virus_983923,host_392004): 0 -> 1
Cell (virus_983923,host_392318): 0 -> 1
Cell (virus_983923,host_187014): 0 -> 1
Cell (virus_983923,host_526407): 0 -> 1
Cell (virus_983923,host_1911917): 0 -> 1
Cell (virus_983923,host_587652): 0 -> 1
Cell (virus_983923,host_225400): 0 -> 1
Cell (virus_983923,host_385037): 0 -> 1
Cell (virus_983923,host_155035): 0 -> 1
Cell (virus_983923,host_258925): 0 -> 1
Cell (virus_983923,host_177185): 0 -> 1
Cell (virus_983923,host_196889): 0 -> 1
Cell (virus_983923,host_196297): 0 -> 1
Cell (virus_983923,host_9402): 0 -> 1
Cell (virus_983923,host_9403): 0 -> 1
Cell (virus_983923,host_58057): 0 -> 1
Cell (virus_983923,host_1898389): 0 -> 1
Cell (virus_983923,host_372077): 0 -> 1
Cell (virus_983923,host_903567): 0 -> 1
Cell (virus_983923,host_58067): 0 -> 1
Cell (virus_983923,host_448084): 0 -> 1
Cell (virus_983923,host_1898393): 0 -> 1
Cell (virus_983923,host_77223): 0 -> 1
Cell (virus_983923,host_58063): 0 -> 1
Cell (virus_983923,host_9400): 0 -> 1
Cell (virus_983923,host_298110): 0 -> 1
Cell (virus_983923,host_374419): 0 -> 1
Cell (virus_983923,host_326081): 0 -> 1
Cell (virus_983923,host_326083): 0 -> 1
Cell (virus_983923,host_1381355): 0 -> 1
Cell (virus_983923,host_187003): 0 -> 1
Cell (virus_983923,host_118856): 0 -> 1
Cell (virus_983923,host_138695): 0 -> 1
Cell (virus_983923,host_208969): 0 -> 1
Cell (virus_983923,host_27663): 0 -> 1
Cell (virus_983923,host_27660): 0 -> 1
Cell (virus_983923,host_27638): 0 -> 1
Cell (virus_983923,host_2994998): 0 -> 1
Cell (virus_983923,host_409031): 0 -> 1
Cell (virus_983923,host_89673): 0 -> 1
Cell (virus_983923,host_1434095): 0 -> 1
Cell (virus_983923,host_221086): 0 -> 1
Cell (virus_983923,host_221087): 0 -> 1
Cell (virus_983923,host_187007): 0 -> 1
Cell (virus_983923,host_438766): 0 -> 1
Cell (virus_983923,host_258934): 0 -> 1
Cell (virus_983923,host_479723): 0 -> 1
Cell (virus_983923,host_3041509): 0 -> 1
Cell (virus_983923,host_2218597): 0 -> 1
Cell (virus_983923,host_242384): 0 -> 1
Cell (virus_983923,host_452595): 0 -> 1
Cell (virus_983923,host_3370289): 0 -> 1
Cell (virus_983923,host_9438): 0 -> 1
Cell (virus_983923,host_153297): 0 -> 1
Cell (virus_983923,host_249034): 0 -> 1
Cell (virus_983923,host_249033): 0 -> 1
Cell (virus_3433749,host_187011): 0 -> 1
Cell (virus_3433749,host_375553): 0 -> 1
Cell (virus_3433749,host_294653): 0 -> 1
Cell (virus_3433749,host_59463): 0 -> 1
Cell (virus_3433749,host_109480): 0 -> 1
Cell (virus_3433749,host_1633875): 0 -> 1
Cell (virus_3433749,host_2528591): 0 -> 1
Cell (virus_3433749,host_51298): 0 -> 1
Cell (virus_3433749,host_225399): 0 -> 1
Cell (virus_3433749,host_392004): 0 -> 1
Cell (virus_3433749,host_392318): 0 -> 1
Cell (virus_3433749,host_187014): 0 -> 1
Cell (virus_3433749,host_526407): 0 -> 1
Cell (virus_3433749,host_1911917): 0 -> 1
Cell (virus_3433749,host_587652): 0 -> 1
Cell (virus_3433749,host_225400): 0 -> 1
Cell (virus_3433749,host_385037): 0 -> 1
Cell (virus_3433749,host_155035): 0 -> 1
Cell (virus_3433749,host_258925): 0 -> 1
Cell (virus_3433749,host_177185): 0 -> 1
Cell (virus_3433749,host_196889): 0 -> 1
Cell (virus_3433749,host_196297): 0 -> 1
Cell (virus_3433749,host_9402): 0 -> 1
Cell (virus_3433749,host_9403): 0 -> 1
Cell (virus_3433749,host_58057): 0 -> 1
Cell (virus_3433749,host_1898389): 0 -> 1
Cell (virus_3433749,host_372077): 0 -> 1
Cell (virus_3433749,host_903567): 0 -> 1
Cell (virus_3433749,host_58067): 0 -> 1
Cell (virus_3433749,host_448084): 0 -> 1
Cell (virus_3433749,host_58071): 0 -> 1
Cell (virus_3433749,host_58073): 0 -> 1
Cell (virus_3433749,host_1898393): 0 -> 1
Cell (virus_3433749,host_77223): 0 -> 1
Cell (virus_3433749,host_58063): 0 -> 1
Cell (virus_3433749,host_9400): 0 -> 1
Cell (virus_3433749,host_298110): 0 -> 1
Cell (virus_3433749,host_374419): 0 -> 1
Cell (virus_3433749,host_326081): 0 -> 1
Cell (virus_3433749,host_326083): 0 -> 1
Cell (virus_3433749,host_1381355): 0 -> 1
Cell (virus_3433749,host_187003): 0 -> 1
Cell (virus_3433749,host_138695): 0 -> 1
Cell (virus_3433749,host_208969): 0 -> 1
Cell (virus_3433749,host_27663): 0 -> 1
Cell (virus_3433749,host_574064): 0 -> 1
Cell (virus_3433749,host_27660): 0 -> 1
Cell (virus_3433749,host_27638): 0 -> 1
Cell (virus_3433749,host_2994998): 0 -> 1
Cell (virus_3433749,host_409031): 0 -> 1
Cell (virus_3433749,host_89673): 0 -> 1
Cell (virus_3433749,host_1434095): 0 -> 1
Cell (virus_3433749,host_221086): 0 -> 1
Cell (virus_3433749,host_221087): 0 -> 1
Cell (virus_3433749,host_187007): 0 -> 1
Cell (virus_3433749,host_438766): 0 -> 1
Cell (virus_3433749,host_258934): 0 -> 1
Cell (virus_3433749,host_479723): 0 -> 1
Cell (virus_3433749,host_3041509): 0 -> 1
Cell (virus_3433749,host_2218597): 0 -> 1
Cell (virus_3433749,host_242384): 0 -> 1
Cell (virus_3433749,host_452595): 0 -> 1
Cell (virus_3433749,host_3370289): 0 -> 1
Cell (virus_3433749,host_9438): 0 -> 1
Cell (virus_3433749,host_153297): 0 -> 1
Cell (virus_3433749,host_249034): 0 -> 1
Cell (virus_3433749,host_249033): 0 -> 1
Cell (virus_3433749,host_258930): 0 -> 1
Cell (virus_1986198,host_187011): 0 -> 1
Cell (virus_1986198,host_375553): 0 -> 1
Cell (virus_1986198,host_294653): 0 -> 1
Cell (virus_1986198,host_3380546): 0 -> 1
Cell (virus_1986198,host_59463): 0 -> 1
Cell (virus_1986198,host_109480): 0 -> 1
Cell (virus_1986198,host_1633875): 0 -> 1
Cell (virus_1986198,host_2528591): 0 -> 1
Cell (virus_1986198,host_51298): 0 -> 1
Cell (virus_1986198,host_225399): 0 -> 1
Cell (virus_1986198,host_392318): 0 -> 1
Cell (virus_1986198,host_187014): 0 -> 1
Cell (virus_1986198,host_526407): 0 -> 1
Cell (virus_1986198,host_1911917): 0 -> 1
Cell (virus_1986198,host_452654): 0 -> 1
Cell (virus_1986198,host_587652): 0 -> 1
Cell (virus_1986198,host_225400): 0 -> 1
Cell (virus_1986198,host_385037): 0 -> 1
Cell (virus_1986198,host_155035): 0 -> 1
Cell (virus_1986198,host_258925): 0 -> 1
Cell (virus_1986198,host_177185): 0 -> 1
Cell (virus_1986198,host_196889): 0 -> 1
Cell (virus_1986198,host_196297): 0 -> 1
Cell (virus_1986198,host_9402): 0 -> 1
Cell (virus_1986198,host_9403): 0 -> 1
Cell (virus_1986198,host_58057): 0 -> 1
Cell (virus_1986198,host_1898389): 0 -> 1
Cell (virus_1986198,host_372077): 0 -> 1
Cell (virus_1986198,host_903567): 0 -> 1
Cell (virus_1986198,host_58067): 0 -> 1
Cell (virus_1986198,host_448084): 0 -> 1
Cell (virus_1986198,host_58071): 0 -> 1
Cell (virus_1986198,host_58073): 0 -> 1
Cell (virus_1986198,host_1898393): 0 -> 1
Cell (virus_1986198,host_77223): 0 -> 1
Cell (virus_1986198,host_58063): 0 -> 1
Cell (virus_1986198,host_9400): 0 -> 1
Cell (virus_1986198,host_298110): 0 -> 1
Cell (virus_1986198,host_374419): 0 -> 1
Cell (virus_1986198,host_326081): 0 -> 1
Cell (virus_1986198,host_326083): 0 -> 1
Cell (virus_1986198,host_1381355): 0 -> 1
Cell (virus_1986198,host_187003): 0 -> 1
Cell (virus_1986198,host_138695): 0 -> 1
Cell (virus_1986198,host_208969): 0 -> 1
Cell (virus_1986198,host_27663): 0 -> 1
Cell (virus_1986198,host_574064): 0 -> 1
Cell (virus_1986198,host_27660): 0 -> 1
Cell (virus_1986198,host_27638): 0 -> 1
Cell (virus_1986198,host_2994998): 0 -> 1
Cell (virus_1986198,host_409031): 0 -> 1
Cell (virus_1986198,host_1434095): 0 -> 1
Cell (virus_1986198,host_221086): 0 -> 1
Cell (virus_1986198,host_221087): 0 -> 1
Cell (virus_1986198,host_187007): 0 -> 1
Cell (virus_1986198,host_438766): 0 -> 1
Cell (virus_1986198,host_258934): 0 -> 1
Cell (virus_1986198,host_479723): 0 -> 1
Cell (virus_1986198,host_3041509): 0 -> 1
Cell (virus_1986198,host_2218597): 0 -> 1
Cell (virus_1986198,host_242384): 0 -> 1
Cell (virus_1986198,host_452595): 0 -> 1
Cell (virus_1986198,host_3370289): 0 -> 1
Cell (virus_1986198,host_9438): 0 -> 1
Cell (virus_1986198,host_153297): 0 -> 1
Cell (virus_1986198,host_249034): 0 -> 1
Cell (virus_1986198,host_249033): 0 -> 1
Cell (virus_1986198,host_258930): 0 -> 1
Cell (virus_3433814,host_187011): 0 -> 1
Cell (virus_3433814,host_375553): 0 -> 1
Cell (virus_3433814,host_294653): 0 -> 1
Cell (virus_3433814,host_59463): 0 -> 1
Cell (virus_3433814,host_109480): 0 -> 1
Cell (virus_3433814,host_1633875): 0 -> 1
Cell (virus_3433814,host_2528591): 0 -> 1
Cell (virus_3433814,host_51298): 0 -> 1
Cell (virus_3433814,host_225399): 0 -> 1
Cell (virus_3433814,host_392318): 0 -> 1
Cell (virus_3433814,host_187014): 0 -> 1
Cell (virus_3433814,host_526407): 0 -> 1
Cell (virus_3433814,host_1911917): 0 -> 1
Cell (virus_3433814,host_452654): 0 -> 1
Cell (virus_3433814,host_587652): 0 -> 1
Cell (virus_3433814,host_225400): 0 -> 1
Cell (virus_3433814,host_385037): 0 -> 1
Cell (virus_3433814,host_155035): 0 -> 1
Cell (virus_3433814,host_258925): 0 -> 1
Cell (virus_3433814,host_177185): 0 -> 1
Cell (virus_3433814,host_196889): 0 -> 1
Cell (virus_3433814,host_196297): 0 -> 1
Cell (virus_3433814,host_9402): 0 -> 1
Cell (virus_3433814,host_9403): 0 -> 1
Cell (virus_3433814,host_58057): 0 -> 1
Cell (virus_3433814,host_1898389): 0 -> 1
Cell (virus_3433814,host_372077): 0 -> 1
Cell (virus_3433814,host_903567): 0 -> 1
Cell (virus_3433814,host_58067): 0 -> 1
Cell (virus_3433814,host_448084): 0 -> 1
Cell (virus_3433814,host_58071): 0 -> 1
Cell (virus_3433814,host_58073): 0 -> 1
Cell (virus_3433814,host_1898393): 0 -> 1
Cell (virus_3433814,host_77223): 0 -> 1
Cell (virus_3433814,host_58063): 0 -> 1
Cell (virus_3433814,host_9400): 0 -> 1
Cell (virus_3433814,host_298110): 0 -> 1
Cell (virus_3433814,host_374419): 0 -> 1
Cell (virus_3433814,host_326081): 0 -> 1
Cell (virus_3433814,host_326083): 0 -> 1
Cell (virus_3433814,host_1381355): 0 -> 1
Cell (virus_3433814,host_187003): 0 -> 1
Cell (virus_3433814,host_138695): 0 -> 1
Cell (virus_3433814,host_208969): 0 -> 1
Cell (virus_3433814,host_27663): 0 -> 1
Cell (virus_3433814,host_574064): 0 -> 1
Cell (virus_3433814,host_27660): 0 -> 1
Cell (virus_3433814,host_27638): 0 -> 1
Cell (virus_3433814,host_2994998): 0 -> 1
Cell (virus_3433814,host_409031): 0 -> 1
Cell (virus_3433814,host_1434095): 0 -> 1
Cell (virus_3433814,host_221086): 0 -> 1
Cell (virus_3433814,host_221087): 0 -> 1
Cell (virus_3433814,host_187007): 0 -> 1
Cell (virus_3433814,host_438766): 0 -> 1
Cell (virus_3433814,host_258934): 0 -> 1
Cell (virus_3433814,host_479723): 0 -> 1
Cell (virus_3433814,host_3041509): 0 -> 1
Cell (virus_3433814,host_2218597): 0 -> 1
Cell (virus_3433814,host_242384): 0 -> 1
Cell (virus_3433814,host_452595): 0 -> 1
Cell (virus_3433814,host_3370289): 0 -> 1
Cell (virus_3433814,host_9438): 0 -> 1
Cell (virus_3433814,host_153297): 0 -> 1
Cell (virus_3433814,host_249034): 0 -> 1
Cell (virus_3433814,host_249033): 0 -> 1
Cell (virus_3433814,host_258930): 0 -> 1
Cell (virus_3433814,host_3371014): 0 -> 1
Cell (virus_3433814,host_143942): 0 -> 1
Cell (virus_693997,host_187011): 0 -> 1
Cell (virus_693997,host_375553): 0 -> 1
Cell (virus_693997,host_294653): 0 -> 1
Cell (virus_693997,host_59463): 0 -> 1
Cell (virus_693997,host_109480): 0 -> 1
Cell (virus_693997,host_1633875): 0 -> 1
Cell (virus_693997,host_2528591): 0 -> 1
Cell (virus_693997,host_51298): 0 -> 1
Cell (virus_693997,host_225399): 0 -> 1
Cell (virus_693997,host_392318): 0 -> 1
Cell (virus_693997,host_187014): 0 -> 1
Cell (virus_693997,host_526407): 0 -> 1
Cell (virus_693997,host_1911917): 0 -> 1
Cell (virus_693997,host_452654): 0 -> 1
Cell (virus_693997,host_587652): 0 -> 1
Cell (virus_693997,host_225400): 0 -> 1
Cell (virus_693997,host_385037): 0 -> 1
Cell (virus_693997,host_155035): 0 -> 1
Cell (virus_693997,host_258925): 0 -> 1
Cell (virus_693997,host_177185): 0 -> 1
Cell (virus_693997,host_196889): 0 -> 1
Cell (virus_693997,host_196297): 0 -> 1
Cell (virus_693997,host_9402): 0 -> 1
Cell (virus_693997,host_9403): 0 -> 1
Cell (virus_693997,host_58057): 0 -> 1
Cell (virus_693997,host_1898389): 0 -> 1
Cell (virus_693997,host_372077): 0 -> 1
Cell (virus_693997,host_903567): 0 -> 1
Cell (virus_693997,host_58067): 0 -> 1
Cell (virus_693997,host_448084): 0 -> 1
Cell (virus_693997,host_58071): 0 -> 1
Cell (virus_693997,host_58073): 0 -> 1
Cell (virus_693997,host_1898393): 0 -> 1
Cell (virus_693997,host_77223): 0 -> 1
Cell (virus_693997,host_58063): 0 -> 1
Cell (virus_693997,host_9400): 0 -> 1
Cell (virus_693997,host_298110): 0 -> 1
Cell (virus_693997,host_374419): 0 -> 1
Cell (virus_693997,host_326081): 0 -> 1
Cell (virus_693997,host_326083): 0 -> 1
Cell (virus_693997,host_1381355): 0 -> 1
Cell (virus_693997,host_187003): 0 -> 1
Cell (virus_693997,host_138695): 0 -> 1
Cell (virus_693997,host_208969): 0 -> 1
Cell (virus_693997,host_27663): 0 -> 1
Cell (virus_693997,host_574064): 0 -> 1
Cell (virus_693997,host_27660): 0 -> 1
Cell (virus_693997,host_27638): 0 -> 1
Cell (virus_693997,host_2994998): 0 -> 1
Cell (virus_693997,host_409031): 0 -> 1
Cell (virus_693997,host_1434095): 0 -> 1
Cell (virus_693997,host_221086): 0 -> 1
Cell (virus_693997,host_221087): 0 -> 1
Cell (virus_693997,host_187007): 0 -> 1
Cell (virus_693997,host_438766): 0 -> 1
Cell (virus_693997,host_258934): 0 -> 1
Cell (virus_693997,host_479723): 0 -> 1
Cell (virus_693997,host_3041509): 0 -> 1
Cell (virus_693997,host_2218597): 0 -> 1
Cell (virus_693997,host_242384): 0 -> 1
Cell (virus_693997,host_452595): 0 -> 1
Cell (virus_693997,host_3370289): 0 -> 1
Cell (virus_693997,host_9438): 0 -> 1
Cell (virus_693997,host_153297): 0 -> 1
Cell (virus_693997,host_249034): 0 -> 1
Cell (virus_693997,host_249033): 0 -> 1
Cell (virus_693997,host_258930): 0 -> 1
Cell (virus_693997,host_3371014): 0 -> 1
Cell (virus_693997,host_143942): 0 -> 1
Cell (virus_2913386,host_187011): 0 -> 1
Cell (virus_2913386,host_375553): 0 -> 1
Cell (virus_2913386,host_294653): 0 -> 1
Cell (virus_2913386,host_59463): 0 -> 1
Cell (virus_2913386,host_109480): 0 -> 1
Cell (virus_2913386,host_1633875): 0 -> 1
Cell (virus_2913386,host_2528591): 0 -> 1
Cell (virus_2913386,host_51298): 0 -> 1
Cell (virus_2913386,host_225399): 0 -> 1
Cell (virus_2913386,host_392004): 0 -> 1
Cell (virus_2913386,host_392318): 0 -> 1
Cell (virus_2913386,host_187014): 0 -> 1
Cell (virus_2913386,host_526407): 0 -> 1
Cell (virus_2913386,host_1911917): 0 -> 1
Cell (virus_2913386,host_452654): 0 -> 1
Cell (virus_2913386,host_587652): 0 -> 1
Cell (virus_2913386,host_225400): 0 -> 1
Cell (virus_2913386,host_385037): 0 -> 1
Cell (virus_2913386,host_155035): 0 -> 1
Cell (virus_2913386,host_258925): 0 -> 1
Cell (virus_2913386,host_177185): 0 -> 1
Cell (virus_2913386,host_196889): 0 -> 1
Cell (virus_2913386,host_196297): 0 -> 1
Cell (virus_2913386,host_9402): 0 -> 1
Cell (virus_2913386,host_9403): 0 -> 1
Cell (virus_2913386,host_58057): 0 -> 1
Cell (virus_2913386,host_1898389): 0 -> 1
Cell (virus_2913386,host_372077): 0 -> 1
Cell (virus_2913386,host_903567): 0 -> 1
Cell (virus_2913386,host_58067): 0 -> 1
Cell (virus_2913386,host_448084): 0 -> 1
Cell (virus_2913386,host_58071): 0 -> 1
Cell (virus_2913386,host_58073): 0 -> 1
Cell (virus_2913386,host_1898393): 0 -> 1
Cell (virus_2913386,host_77223): 0 -> 1
Cell (virus_2913386,host_58063): 0 -> 1
Cell (virus_2913386,host_9400): 0 -> 1
Cell (virus_2913386,host_298110): 0 -> 1
Cell (virus_2913386,host_374419): 0 -> 1
Cell (virus_2913386,host_326081): 0 -> 1
Cell (virus_2913386,host_326083): 0 -> 1
Cell (virus_2913386,host_1381355): 0 -> 1
Cell (virus_2913386,host_187003): 0 -> 1
Cell (virus_2913386,host_138695): 0 -> 1
Cell (virus_2913386,host_208969): 0 -> 1
Cell (virus_2913386,host_27663): 0 -> 1
Cell (virus_2913386,host_574064): 0 -> 1
Cell (virus_2913386,host_27660): 0 -> 1
Cell (virus_2913386,host_27638): 0 -> 1
Cell (virus_2913386,host_2994998): 0 -> 1
Cell (virus_2913386,host_409031): 0 -> 1
Cell (virus_2913386,host_89673): 0 -> 1
Cell (virus_2913386,host_1434095): 0 -> 1
Cell (virus_2913386,host_221086): 0 -> 1
Cell (virus_2913386,host_221087): 0 -> 1
Cell (virus_2913386,host_187007): 0 -> 1
Cell (virus_2913386,host_438766): 0 -> 1
Cell (virus_2913386,host_258934): 0 -> 1
Cell (virus_2913386,host_479723): 0 -> 1
Cell (virus_2913386,host_3041509): 0 -> 1
Cell (virus_2913386,host_2218597): 0 -> 1
Cell (virus_2913386,host_242384): 0 -> 1
Cell (virus_2913386,host_452595): 0 -> 1
Cell (virus_2913386,host_3370289): 0 -> 1
Cell (virus_2913386,host_9438): 0 -> 1
Cell (virus_2913386,host_153297): 0 -> 1
Cell (virus_2913386,host_249034): 0 -> 1
Cell (virus_2913386,host_249033): 0 -> 1
Cell (virus_2913386,host_258930): 0 -> 1
Cell (virus_2925879,host_187011): 0 -> 1
Cell (virus_2925879,host_375553): 0 -> 1
Cell (virus_2925879,host_294653): 0 -> 1
Cell (virus_2925879,host_59463): 0 -> 1
Cell (virus_2925879,host_109480): 0 -> 1
Cell (virus_2925879,host_1633875): 0 -> 1
Cell (virus_2925879,host_2528591): 0 -> 1
Cell (virus_2925879,host_51298): 0 -> 1
Cell (virus_2925879,host_225399): 0 -> 1
Cell (virus_2925879,host_392004): 0 -> 1
Cell (virus_2925879,host_392318): 0 -> 1
Cell (virus_2925879,host_187014): 0 -> 1
Cell (virus_2925879,host_526407): 0 -> 1
Cell (virus_2925879,host_1911917): 0 -> 1
Cell (virus_2925879,host_452654): 0 -> 1
Cell (virus_2925879,host_587652): 0 -> 1
Cell (virus_2925879,host_225400): 0 -> 1
Cell (virus_2925879,host_385037): 0 -> 1
Cell (virus_2925879,host_155035): 0 -> 1
Cell (virus_2925879,host_258925): 0 -> 1
Cell (virus_2925879,host_177185): 0 -> 1
Cell (virus_2925879,host_196889): 0 -> 1
Cell (virus_2925879,host_196297): 0 -> 1
Cell (virus_2925879,host_9402): 0 -> 1
Cell (virus_2925879,host_9403): 0 -> 1
Cell (virus_2925879,host_58057): 0 -> 1
Cell (virus_2925879,host_1898389): 0 -> 1
Cell (virus_2925879,host_372077): 0 -> 1
Cell (virus_2925879,host_903567): 0 -> 1
Cell (virus_2925879,host_58067): 0 -> 1
Cell (virus_2925879,host_448084): 0 -> 1
Cell (virus_2925879,host_58071): 0 -> 1
Cell (virus_2925879,host_58073): 0 -> 1
Cell (virus_2925879,host_1898393): 0 -> 1
Cell (virus_2925879,host_77223): 0 -> 1
Cell (virus_2925879,host_58063): 0 -> 1
Cell (virus_2925879,host_9400): 0 -> 1
Cell (virus_2925879,host_298110): 0 -> 1
Cell (virus_2925879,host_374419): 0 -> 1
Cell (virus_2925879,host_326081): 0 -> 1
Cell (virus_2925879,host_326083): 0 -> 1
Cell (virus_2925879,host_1381355): 0 -> 1
Cell (virus_2925879,host_187003): 0 -> 1
Cell (virus_2925879,host_138695): 0 -> 1
Cell (virus_2925879,host_208969): 0 -> 1
Cell (virus_2925879,host_27663): 0 -> 1
Cell (virus_2925879,host_574064): 0 -> 1
Cell (virus_2925879,host_27660): 0 -> 1
Cell (virus_2925879,host_27638): 0 -> 1
Cell (virus_2925879,host_2994998): 0 -> 1
Cell (virus_2925879,host_409031): 0 -> 1
Cell (virus_2925879,host_89673): 0 -> 1
Cell (virus_2925879,host_1434095): 0 -> 1
Cell (virus_2925879,host_221086): 0 -> 1
Cell (virus_2925879,host_221087): 0 -> 1
Cell (virus_2925879,host_187007): 0 -> 1
Cell (virus_2925879,host_438766): 0 -> 1
Cell (virus_2925879,host_258934): 0 -> 1
Cell (virus_2925879,host_479723): 0 -> 1
Cell (virus_2925879,host_3041509): 0 -> 1
Cell (virus_2925879,host_2218597): 0 -> 1
Cell (virus_2925879,host_242384): 0 -> 1
Cell (virus_2925879,host_452595): 0 -> 1
Cell (virus_2925879,host_3370289): 0 -> 1
Cell (virus_2925879,host_9438): 0 -> 1
Cell (virus_2925879,host_153297): 0 -> 1
Cell (virus_2925879,host_249034): 0 -> 1
Cell (virus_2925879,host_249033): 0 -> 1
Cell (virus_2925879,host_258930): 0 -> 1
Cell (virus_2993505,host_187011): 0 -> 1
Cell (virus_2993505,host_375553): 0 -> 1
Cell (virus_2993505,host_294653): 0 -> 1
Cell (virus_2993505,host_59463): 0 -> 1
Cell (virus_2993505,host_109480): 0 -> 1
Cell (virus_2993505,host_1633875): 0 -> 1
Cell (virus_2993505,host_2528591): 0 -> 1
Cell (virus_2993505,host_51298): 0 -> 1
Cell (virus_2993505,host_225399): 0 -> 1
Cell (virus_2993505,host_392004): 0 -> 1
Cell (virus_2993505,host_392318): 0 -> 1
Cell (virus_2993505,host_187014): 0 -> 1
Cell (virus_2993505,host_526407): 0 -> 1
Cell (virus_2993505,host_1911917): 0 -> 1
Cell (virus_2993505,host_452654): 0 -> 1
Cell (virus_2993505,host_587652): 0 -> 1
Cell (virus_2993505,host_225400): 0 -> 1
Cell (virus_2993505,host_385037): 0 -> 1
Cell (virus_2993505,host_155035): 0 -> 1
Cell (virus_2993505,host_258925): 0 -> 1
Cell (virus_2993505,host_177185): 0 -> 1
Cell (virus_2993505,host_196889): 0 -> 1
Cell (virus_2993505,host_196297): 0 -> 1
Cell (virus_2993505,host_9402): 0 -> 1
Cell (virus_2993505,host_9403): 0 -> 1
Cell (virus_2993505,host_58057): 0 -> 1
Cell (virus_2993505,host_1898389): 0 -> 1
Cell (virus_2993505,host_372077): 0 -> 1
Cell (virus_2993505,host_903567): 0 -> 1
Cell (virus_2993505,host_58067): 0 -> 1
Cell (virus_2993505,host_448084): 0 -> 1
Cell (virus_2993505,host_58071): 0 -> 1
Cell (virus_2993505,host_58073): 0 -> 1
Cell (virus_2993505,host_1898393): 0 -> 1
Cell (virus_2993505,host_77223): 0 -> 1
Cell (virus_2993505,host_58063): 0 -> 1
Cell (virus_2993505,host_9400): 0 -> 1
Cell (virus_2993505,host_298110): 0 -> 1
Cell (virus_2993505,host_374419): 0 -> 1
Cell (virus_2993505,host_326081): 0 -> 1
Cell (virus_2993505,host_326083): 0 -> 1
Cell (virus_2993505,host_1381355): 0 -> 1
Cell (virus_2993505,host_187003): 0 -> 1
Cell (virus_2993505,host_138695): 0 -> 1
Cell (virus_2993505,host_208969): 0 -> 1
Cell (virus_2993505,host_27663): 0 -> 1
Cell (virus_2993505,host_574064): 0 -> 1
Cell (virus_2993505,host_27660): 0 -> 1
Cell (virus_2993505,host_27638): 0 -> 1
Cell (virus_2993505,host_2994998): 0 -> 1
Cell (virus_2993505,host_409031): 0 -> 1
Cell (virus_2993505,host_89673): 0 -> 1
Cell (virus_2993505,host_1434095): 0 -> 1
Cell (virus_2993505,host_221086): 0 -> 1
Cell (virus_2993505,host_221087): 0 -> 1
Cell (virus_2993505,host_187007): 0 -> 1
Cell (virus_2993505,host_438766): 0 -> 1
Cell (virus_2993505,host_258934): 0 -> 1
Cell (virus_2993505,host_479723): 0 -> 1
Cell (virus_2993505,host_3041509): 0 -> 1
Cell (virus_2993505,host_2218597): 0 -> 1
Cell (virus_2993505,host_242384): 0 -> 1
Cell (virus_2993505,host_452595): 0 -> 1
Cell (virus_2993505,host_3370289): 0 -> 1
Cell (virus_2993505,host_9438): 0 -> 1
Cell (virus_2993505,host_153297): 0 -> 1
Cell (virus_2993505,host_249034): 0 -> 1
Cell (virus_2993505,host_249033): 0 -> 1
Cell (virus_2993505,host_258930): 0 -> 1
Cell (virus_3433731,host_187011): 0 -> 1
Cell (virus_3433731,host_375553): 0 -> 1
Cell (virus_3433731,host_294653): 0 -> 1
Cell (virus_3433731,host_59463): 0 -> 1
Cell (virus_3433731,host_109480): 0 -> 1
Cell (virus_3433731,host_1633875): 0 -> 1
Cell (virus_3433731,host_2528591): 0 -> 1
Cell (virus_3433731,host_51298): 0 -> 1
Cell (virus_3433731,host_225399): 0 -> 1
Cell (virus_3433731,host_392004): 0 -> 1
Cell (virus_3433731,host_392318): 0 -> 1
Cell (virus_3433731,host_187014): 0 -> 1
Cell (virus_3433731,host_526407): 0 -> 1
Cell (virus_3433731,host_1911917): 0 -> 1
Cell (virus_3433731,host_452654): 0 -> 1
Cell (virus_3433731,host_587652): 0 -> 1
Cell (virus_3433731,host_225400): 0 -> 1
Cell (virus_3433731,host_385037): 0 -> 1
Cell (virus_3433731,host_155035): 0 -> 1
Cell (virus_3433731,host_258925): 0 -> 1
Cell (virus_3433731,host_177185): 0 -> 1
Cell (virus_3433731,host_196889): 0 -> 1
Cell (virus_3433731,host_196297): 0 -> 1
Cell (virus_3433731,host_9402): 0 -> 1
Cell (virus_3433731,host_9403): 0 -> 1
Cell (virus_3433731,host_58057): 0 -> 1
Cell (virus_3433731,host_1898389): 0 -> 1
Cell (virus_3433731,host_372077): 0 -> 1
Cell (virus_3433731,host_903567): 0 -> 1
Cell (virus_3433731,host_58067): 0 -> 1
Cell (virus_3433731,host_448084): 0 -> 1
Cell (virus_3433731,host_58071): 0 -> 1
Cell (virus_3433731,host_58073): 0 -> 1
Cell (virus_3433731,host_1898393): 0 -> 1
Cell (virus_3433731,host_77223): 0 -> 1
Cell (virus_3433731,host_58063): 0 -> 1
Cell (virus_3433731,host_9400): 0 -> 1
Cell (virus_3433731,host_298110): 0 -> 1
Cell (virus_3433731,host_374419): 0 -> 1
Cell (virus_3433731,host_326081): 0 -> 1
Cell (virus_3433731,host_326083): 0 -> 1
Cell (virus_3433731,host_1381355): 0 -> 1
Cell (virus_3433731,host_187003): 0 -> 1
Cell (virus_3433731,host_138695): 0 -> 1
Cell (virus_3433731,host_208969): 0 -> 1
Cell (virus_3433731,host_27663): 0 -> 1
Cell (virus_3433731,host_574064): 0 -> 1
Cell (virus_3433731,host_27660): 0 -> 1
Cell (virus_3433731,host_27638): 0 -> 1
Cell (virus_3433731,host_2994998): 0 -> 1
Cell (virus_3433731,host_409031): 0 -> 1
Cell (virus_3433731,host_89673): 0 -> 1
Cell (virus_3433731,host_1434095): 0 -> 1
Cell (virus_3433731,host_221086): 0 -> 1
Cell (virus_3433731,host_221087): 0 -> 1
Cell (virus_3433731,host_187007): 0 -> 1
Cell (virus_3433731,host_438766): 0 -> 1
Cell (virus_3433731,host_258934): 0 -> 1
Cell (virus_3433731,host_479723): 0 -> 1
Cell (virus_3433731,host_3041509): 0 -> 1
Cell (virus_3433731,host_2218597): 0 -> 1
Cell (virus_3433731,host_242384): 0 -> 1
Cell (virus_3433731,host_452595): 0 -> 1
Cell (virus_3433731,host_3370289): 0 -> 1
Cell (virus_3433731,host_9438): 0 -> 1
Cell (virus_3433731,host_153297): 0 -> 1
Cell (virus_3433731,host_249034): 0 -> 1
Cell (virus_3433731,host_249033): 0 -> 1
Cell (virus_3433731,host_258930): 0 -> 1
Cell (virus_3433810,host_187011): 0 -> 1
Cell (virus_3433810,host_375553): 0 -> 1
Cell (virus_3433810,host_294653): 0 -> 1
Cell (virus_3433810,host_59463): 0 -> 1
Cell (virus_3433810,host_109480): 0 -> 1
Cell (virus_3433810,host_1633875): 0 -> 1
Cell (virus_3433810,host_2528591): 0 -> 1
Cell (virus_3433810,host_51298): 0 -> 1
Cell (virus_3433810,host_225399): 0 -> 1
Cell (virus_3433810,host_392318): 0 -> 1
Cell (virus_3433810,host_187014): 0 -> 1
Cell (virus_3433810,host_526407): 0 -> 1
Cell (virus_3433810,host_1911917): 0 -> 1
Cell (virus_3433810,host_452654): 0 -> 1
Cell (virus_3433810,host_587652): 0 -> 1
Cell (virus_3433810,host_225400): 0 -> 1
Cell (virus_3433810,host_385037): 0 -> 1
Cell (virus_3433810,host_155035): 0 -> 1
Cell (virus_3433810,host_258925): 0 -> 1
Cell (virus_3433810,host_177185): 0 -> 1
Cell (virus_3433810,host_196889): 0 -> 1
Cell (virus_3433810,host_196297): 0 -> 1
Cell (virus_3433810,host_9402): 0 -> 1
Cell (virus_3433810,host_9403): 0 -> 1
Cell (virus_3433810,host_58057): 0 -> 1
Cell (virus_3433810,host_1898389): 0 -> 1
Cell (virus_3433810,host_372077): 0 -> 1
Cell (virus_3433810,host_58067): 0 -> 1
Cell (virus_3433810,host_448084): 0 -> 1
Cell (virus_3433810,host_58071): 0 -> 1
Cell (virus_3433810,host_58073): 0 -> 1
Cell (virus_3433810,host_1898393): 0 -> 1
Cell (virus_3433810,host_77223): 0 -> 1
Cell (virus_3433810,host_58063): 0 -> 1
Cell (virus_3433810,host_9400): 0 -> 1
Cell (virus_3433810,host_298110): 0 -> 1
Cell (virus_3433810,host_374419): 0 -> 1
Cell (virus_3433810,host_326081): 0 -> 1
Cell (virus_3433810,host_326083): 0 -> 1
Cell (virus_3433810,host_1381355): 0 -> 1
Cell (virus_3433810,host_187003): 0 -> 1
Cell (virus_3433810,host_138695): 0 -> 1
Cell (virus_3433810,host_208969): 0 -> 1
Cell (virus_3433810,host_27663): 0 -> 1
Cell (virus_3433810,host_574064): 0 -> 1
Cell (virus_3433810,host_27660): 0 -> 1
Cell (virus_3433810,host_27638): 0 -> 1
Cell (virus_3433810,host_2994998): 0 -> 1
Cell (virus_3433810,host_409031): 0 -> 1
Cell (virus_3433810,host_89673): 0 -> 1
Cell (virus_3433810,host_1434095): 0 -> 1
Cell (virus_3433810,host_221086): 0 -> 1
Cell (virus_3433810,host_221087): 0 -> 1
Cell (virus_3433810,host_187007): 0 -> 1
Cell (virus_3433810,host_438766): 0 -> 1
Cell (virus_3433810,host_258934): 0 -> 1
Cell (virus_3433810,host_479723): 0 -> 1
Cell (virus_3433810,host_3041509): 0 -> 1
Cell (virus_3433810,host_2218597): 0 -> 1
Cell (virus_3433810,host_242384): 0 -> 1
Cell (virus_3433810,host_452595): 0 -> 1
Cell (virus_3433810,host_3370289): 0 -> 1
Cell (virus_3433810,host_9438): 0 -> 1
Cell (virus_3433810,host_153297): 0 -> 1
Cell (virus_3433810,host_249034): 0 -> 1
Cell (virus_3433810,host_249033): 0 -> 1
Cell (virus_3433810,host_258930): 0 -> 1
Cell (virus_2913388,host_187011): 0 -> 1
Cell (virus_2913388,host_375553): 0 -> 1
Cell (virus_2913388,host_294653): 0 -> 1
Cell (virus_2913388,host_59463): 0 -> 1
Cell (virus_2913388,host_109480): 0 -> 1
Cell (virus_2913388,host_1633875): 0 -> 1
Cell (virus_2913388,host_2528591): 0 -> 1
Cell (virus_2913388,host_51298): 0 -> 1
Cell (virus_2913388,host_225399): 0 -> 1
Cell (virus_2913388,host_392004): 0 -> 1
Cell (virus_2913388,host_392318): 0 -> 1
Cell (virus_2913388,host_187014): 0 -> 1
Cell (virus_2913388,host_526407): 0 -> 1
Cell (virus_2913388,host_1911917): 0 -> 1
Cell (virus_2913388,host_452654): 0 -> 1
Cell (virus_2913388,host_587652): 0 -> 1
Cell (virus_2913388,host_225400): 0 -> 1
Cell (virus_2913388,host_385037): 0 -> 1
Cell (virus_2913388,host_155035): 0 -> 1
Cell (virus_2913388,host_258925): 0 -> 1
Cell (virus_2913388,host_177185): 0 -> 1
Cell (virus_2913388,host_196889): 0 -> 1
Cell (virus_2913388,host_196297): 0 -> 1
Cell (virus_2913388,host_9402): 0 -> 1
Cell (virus_2913388,host_9403): 0 -> 1
Cell (virus_2913388,host_58057): 0 -> 1
Cell (virus_2913388,host_1898389): 0 -> 1
Cell (virus_2913388,host_372077): 0 -> 1
Cell (virus_2913388,host_903567): 0 -> 1
Cell (virus_2913388,host_58067): 0 -> 1
Cell (virus_2913388,host_448084): 0 -> 1
Cell (virus_2913388,host_58071): 0 -> 1
Cell (virus_2913388,host_58073): 0 -> 1
Cell (virus_2913388,host_1898393): 0 -> 1
Cell (virus_2913388,host_77223): 0 -> 1
Cell (virus_2913388,host_58063): 0 -> 1
Cell (virus_2913388,host_9400): 0 -> 1
Cell (virus_2913388,host_298110): 0 -> 1
Cell (virus_2913388,host_374419): 0 -> 1
Cell (virus_2913388,host_326081): 0 -> 1
Cell (virus_2913388,host_326083): 0 -> 1
Cell (virus_2913388,host_1381355): 0 -> 1
Cell (virus_2913388,host_187003): 0 -> 1
Cell (virus_2913388,host_138695): 0 -> 1
Cell (virus_2913388,host_208969): 0 -> 1
Cell (virus_2913388,host_27663): 0 -> 1
Cell (virus_2913388,host_574064): 0 -> 1
Cell (virus_2913388,host_27660): 0 -> 1
Cell (virus_2913388,host_27638): 0 -> 1
Cell (virus_2913388,host_2994998): 0 -> 1
Cell (virus_2913388,host_409031): 0 -> 1
Cell (virus_2913388,host_89673): 0 -> 1
Cell (virus_2913388,host_1434095): 0 -> 1
Cell (virus_2913388,host_221086): 0 -> 1
Cell (virus_2913388,host_221087): 0 -> 1
Cell (virus_2913388,host_187007): 0 -> 1
Cell (virus_2913388,host_438766): 0 -> 1
Cell (virus_2913388,host_258934): 0 -> 1
Cell (virus_2913388,host_479723): 0 -> 1
Cell (virus_2913388,host_27622): 0 -> 1
Cell (virus_2913388,host_3041509): 0 -> 1
Cell (virus_2913388,host_2218597): 0 -> 1
Cell (virus_2913388,host_242384): 0 -> 1
Cell (virus_2913388,host_452595): 0 -> 1
Cell (virus_2913388,host_3370289): 0 -> 1
Cell (virus_2913388,host_9438): 0 -> 1
Cell (virus_2913388,host_153297): 0 -> 1
Cell (virus_2913388,host_249034): 0 -> 1
Cell (virus_2913388,host_249033): 0 -> 1
Cell (virus_2913388,host_258930): 0 -> 1
Cell (virus_3433756,host_187011): 0 -> 1
Cell (virus_3433756,host_375553): 0 -> 1
Cell (virus_3433756,host_294653): 0 -> 1
Cell (virus_3433756,host_59463): 0 -> 1
Cell (virus_3433756,host_109480): 0 -> 1
Cell (virus_3433756,host_1633875): 0 -> 1
Cell (virus_3433756,host_2528591): 0 -> 1
Cell (virus_3433756,host_51298): 0 -> 1
Cell (virus_3433756,host_225399): 0 -> 1
Cell (virus_3433756,host_392004): 0 -> 1
Cell (virus_3433756,host_392318): 0 -> 1
Cell (virus_3433756,host_187014): 0 -> 1
Cell (virus_3433756,host_526407): 0 -> 1
Cell (virus_3433756,host_1911917): 0 -> 1
Cell (virus_3433756,host_452654): 0 -> 1
Cell (virus_3433756,host_587652): 0 -> 1
Cell (virus_3433756,host_225400): 0 -> 1
Cell (virus_3433756,host_385037): 0 -> 1
Cell (virus_3433756,host_155035): 0 -> 1
Cell (virus_3433756,host_258925): 0 -> 1
Cell (virus_3433756,host_177185): 0 -> 1
Cell (virus_3433756,host_196889): 0 -> 1
Cell (virus_3433756,host_196297): 0 -> 1
Cell (virus_3433756,host_9402): 0 -> 1
Cell (virus_3433756,host_9403): 0 -> 1
Cell (virus_3433756,host_58057): 0 -> 1
Cell (virus_3433756,host_1898389): 0 -> 1
Cell (virus_3433756,host_372077): 0 -> 1
Cell (virus_3433756,host_903567): 0 -> 1
Cell (virus_3433756,host_58067): 0 -> 1
Cell (virus_3433756,host_448084): 0 -> 1
Cell (virus_3433756,host_58071): 0 -> 1
Cell (virus_3433756,host_58073): 0 -> 1
Cell (virus_3433756,host_1898393): 0 -> 1
Cell (virus_3433756,host_77223): 0 -> 1
Cell (virus_3433756,host_58063): 0 -> 1
Cell (virus_3433756,host_9400): 0 -> 1
Cell (virus_3433756,host_298110): 0 -> 1
Cell (virus_3433756,host_374419): 0 -> 1
Cell (virus_3433756,host_326081): 0 -> 1
Cell (virus_3433756,host_326083): 0 -> 1
Cell (virus_3433756,host_1381355): 0 -> 1
Cell (virus_3433756,host_187003): 0 -> 1
Cell (virus_3433756,host_138695): 0 -> 1
Cell (virus_3433756,host_208969): 0 -> 1
Cell (virus_3433756,host_27663): 0 -> 1
Cell (virus_3433756,host_574064): 0 -> 1
Cell (virus_3433756,host_27660): 0 -> 1
Cell (virus_3433756,host_27638): 0 -> 1
Cell (virus_3433756,host_2994998): 0 -> 1
Cell (virus_3433756,host_409031): 0 -> 1
Cell (virus_3433756,host_89673): 0 -> 1
Cell (virus_3433756,host_1434095): 0 -> 1
Cell (virus_3433756,host_221086): 0 -> 1
Cell (virus_3433756,host_221087): 0 -> 1
Cell (virus_3433756,host_187007): 0 -> 1
Cell (virus_3433756,host_438766): 0 -> 1
Cell (virus_3433756,host_258934): 0 -> 1
Cell (virus_3433756,host_479723): 0 -> 1
Cell (virus_3433756,host_27622): 0 -> 1
Cell (virus_3433756,host_3041509): 0 -> 1
Cell (virus_3433756,host_2218597): 0 -> 1
Cell (virus_3433756,host_242384): 0 -> 1
Cell (virus_3433756,host_452595): 0 -> 1
Cell (virus_3433756,host_3370289): 0 -> 1
Cell (virus_3433756,host_9438): 0 -> 1
Cell (virus_3433756,host_153297): 0 -> 1
Cell (virus_3433756,host_249034): 0 -> 1
Cell (virus_3433756,host_249033): 0 -> 1
Cell (virus_3433756,host_258930): 0 -> 1
Metrics: {'precision': 0.5599390919158361, 'recall': 0.5600941567432844, 'f1': 0.560016613595459, 'TP': 4045, 'FP': 3179, 'FN': 3177}
[Elbow detection] flip ≈ 4894, λ ≈ 0.6530612244897959
Number of flips performed (elbow): 4894
Cell (virus_11137,host_294653): 0 -> 1
Cell (virus_11137,host_59463): 0 -> 1
Cell (virus_11137,host_109480): 0 -> 1
Cell (virus_11137,host_1633875): 0 -> 1
Cell (virus_11137,host_2528591): 0 -> 1
Cell (virus_11137,host_51298): 0 -> 1
Cell (virus_11137,host_225399): 0 -> 1
Cell (virus_11137,host_392004): 0 -> 1
Cell (virus_11137,host_392318): 0 -> 1
Cell (virus_11137,host_1911917): 0 -> 1
Cell (virus_11137,host_452654): 0 -> 1
Cell (virus_11137,host_587652): 0 -> 1
Cell (virus_11137,host_225400): 0 -> 1
Cell (virus_11137,host_385037): 0 -> 1
Cell (virus_11137,host_155035): 0 -> 1
Cell (virus_11137,host_258925): 0 -> 1
Cell (virus_11137,host_177185): 0 -> 1
Cell (virus_11137,host_196889): 0 -> 1
Cell (virus_11137,host_196297): 0 -> 1
Cell (virus_11137,host_9402): 0 -> 1
Cell (virus_11137,host_9403): 0 -> 1
Cell (virus_11137,host_58057): 0 -> 1
Cell (virus_11137,host_1898389): 0 -> 1
Cell (virus_11137,host_372077): 0 -> 1
Cell (virus_11137,host_903567): 0 -> 1
Cell (virus_11137,host_58067): 0 -> 1
Cell (virus_11137,host_448084): 0 -> 1
Cell (virus_11137,host_58071): 0 -> 1
Cell (virus_11137,host_58073): 0 -> 1
Cell (virus_11137,host_1898393): 0 -> 1
Cell (virus_11137,host_77223): 0 -> 1
Cell (virus_11137,host_58063): 0 -> 1
Cell (virus_11137,host_9400): 0 -> 1
Cell (virus_11137,host_298110): 0 -> 1
Cell (virus_11137,host_374419): 0 -> 1
Cell (virus_11137,host_326081): 0 -> 1
Cell (virus_11137,host_27663): 0 -> 1
Cell (virus_11137,host_574064): 0 -> 1
Cell (virus_11137,host_27660): 0 -> 1
Cell (virus_11137,host_409031): 0 -> 1
Cell (virus_11137,host_89673): 0 -> 1
Cell (virus_11137,host_27622): 0 -> 1
Cell (virus_11137,host_3041509): 0 -> 1
Cell (virus_11137,host_2218597): 0 -> 1
Cell (virus_11137,host_242384): 0 -> 1
Cell (virus_11137,host_452595): 0 -> 1
Cell (virus_11137,host_3370289): 0 -> 1
Cell (virus_11137,host_9438): 0 -> 1
Cell (virus_11137,host_153297): 0 -> 1
Cell (virus_11137,host_249034): 0 -> 1
Cell (virus_1244203,host_294653): 0 -> 1
Cell (virus_1244203,host_59463): 0 -> 1
Cell (virus_1244203,host_109480): 0 -> 1
Cell (virus_1244203,host_1633875): 0 -> 1
Cell (virus_1244203,host_2528591): 0 -> 1
Cell (virus_1244203,host_51298): 0 -> 1
Cell (virus_1244203,host_225399): 0 -> 1
Cell (virus_1244203,host_452654): 0 -> 1
Cell (virus_1244203,host_587652): 0 -> 1
Cell (virus_1244203,host_225400): 0 -> 1
Cell (virus_1244203,host_385037): 0 -> 1
Cell (virus_1244203,host_155035): 0 -> 1
Cell (virus_1244203,host_258925): 0 -> 1
Cell (virus_1244203,host_177185): 0 -> 1
Cell (virus_1244203,host_196889): 0 -> 1
Cell (virus_1244203,host_196297): 0 -> 1
Cell (virus_1244203,host_9402): 0 -> 1
Cell (virus_1244203,host_9403): 0 -> 1
Cell (virus_1244203,host_58057): 0 -> 1
Cell (virus_1244203,host_1898389): 0 -> 1
Cell (virus_1244203,host_372077): 0 -> 1
Cell (virus_1244203,host_903567): 0 -> 1
Cell (virus_1244203,host_58067): 0 -> 1
Cell (virus_1244203,host_448084): 0 -> 1
Cell (virus_1244203,host_58071): 0 -> 1
Cell (virus_1244203,host_58073): 0 -> 1
Cell (virus_1244203,host_1898393): 0 -> 1
Cell (virus_1244203,host_77223): 0 -> 1
Cell (virus_1244203,host_58063): 0 -> 1
Cell (virus_1244203,host_9400): 0 -> 1
Cell (virus_1244203,host_298110): 0 -> 1
Cell (virus_1244203,host_374419): 0 -> 1
Cell (virus_1244203,host_326081): 0 -> 1
Cell (virus_1244203,host_94956): 0 -> 1
Cell (virus_1244203,host_27663): 0 -> 1
Cell (virus_1244203,host_574064): 0 -> 1
Cell (virus_1244203,host_27660): 0 -> 1
Cell (virus_1244203,host_409031): 0 -> 1
Cell (virus_1244203,host_89673): 0 -> 1
Cell (virus_1244203,host_3041509): 0 -> 1
Cell (virus_1244203,host_2218597): 0 -> 1
Cell (virus_1244203,host_242384): 0 -> 1
Cell (virus_1244203,host_452595): 0 -> 1
Cell (virus_1244203,host_3370289): 0 -> 1
Cell (virus_1244203,host_9438): 0 -> 1
Cell (virus_1244203,host_153297): 0 -> 1
Cell (virus_1244203,host_249034): 0 -> 1
Cell (virus_1244203,host_2969767): 0 -> 1
Cell (virus_1244203,host_3371014): 0 -> 1
Cell (virus_3433754,host_294653): 0 -> 1
Cell (virus_3433754,host_59463): 0 -> 1
Cell (virus_3433754,host_109480): 0 -> 1
Cell (virus_3433754,host_1633875): 0 -> 1
Cell (virus_3433754,host_2528591): 0 -> 1
Cell (virus_3433754,host_51298): 0 -> 1
Cell (virus_3433754,host_225399): 0 -> 1
Cell (virus_3433754,host_452654): 0 -> 1
Cell (virus_3433754,host_587652): 0 -> 1
Cell (virus_3433754,host_225400): 0 -> 1
Cell (virus_3433754,host_385037): 0 -> 1
Cell (virus_3433754,host_155035): 0 -> 1
Cell (virus_3433754,host_258925): 0 -> 1
Cell (virus_3433754,host_177185): 0 -> 1
Cell (virus_3433754,host_196889): 0 -> 1
Cell (virus_3433754,host_196297): 0 -> 1
Cell (virus_3433754,host_9402): 0 -> 1
Cell (virus_3433754,host_9403): 0 -> 1
Cell (virus_3433754,host_58057): 0 -> 1
Cell (virus_3433754,host_1898389): 0 -> 1
Cell (virus_3433754,host_372077): 0 -> 1
Cell (virus_3433754,host_903567): 0 -> 1
Cell (virus_3433754,host_58067): 0 -> 1
Cell (virus_3433754,host_448084): 0 -> 1
Cell (virus_3433754,host_58071): 0 -> 1
Cell (virus_3433754,host_58073): 0 -> 1
Cell (virus_3433754,host_1898393): 0 -> 1
Cell (virus_3433754,host_77223): 0 -> 1
Cell (virus_3433754,host_58063): 0 -> 1
Cell (virus_3433754,host_9400): 0 -> 1
Cell (virus_3433754,host_298110): 0 -> 1
Cell (virus_3433754,host_374419): 0 -> 1
Cell (virus_3433754,host_326081): 0 -> 1
Cell (virus_3433754,host_94956): 0 -> 1
Cell (virus_3433754,host_27663): 0 -> 1
Cell (virus_3433754,host_574064): 0 -> 1
Cell (virus_3433754,host_27660): 0 -> 1
Cell (virus_3433754,host_409031): 0 -> 1
Cell (virus_3433754,host_89673): 0 -> 1
Cell (virus_3433754,host_3041509): 0 -> 1
Cell (virus_3433754,host_2218597): 0 -> 1
Cell (virus_3433754,host_242384): 0 -> 1
Cell (virus_3433754,host_452595): 0 -> 1
Cell (virus_3433754,host_3370289): 0 -> 1
Cell (virus_3433754,host_9438): 0 -> 1
Cell (virus_3433754,host_153297): 0 -> 1
Cell (virus_3433754,host_249034): 0 -> 1
Cell (virus_3433754,host_2969767): 0 -> 1
Cell (virus_3433754,host_3371014): 0 -> 1
Cell (virus_3433753,host_294653): 0 -> 1
Cell (virus_3433753,host_59463): 0 -> 1
Cell (virus_3433753,host_109480): 0 -> 1
Cell (virus_3433753,host_1633875): 0 -> 1
Cell (virus_3433753,host_2528591): 0 -> 1
Cell (virus_3433753,host_51298): 0 -> 1
Cell (virus_3433753,host_225399): 0 -> 1
Cell (virus_3433753,host_1911917): 0 -> 1
Cell (virus_3433753,host_452654): 0 -> 1
Cell (virus_3433753,host_587652): 0 -> 1
Cell (virus_3433753,host_225400): 0 -> 1
Cell (virus_3433753,host_385037): 0 -> 1
Cell (virus_3433753,host_155035): 0 -> 1
Cell (virus_3433753,host_258925): 0 -> 1
Cell (virus_3433753,host_177185): 0 -> 1
Cell (virus_3433753,host_196889): 0 -> 1
Cell (virus_3433753,host_196297): 0 -> 1
Cell (virus_3433753,host_9402): 0 -> 1
Cell (virus_3433753,host_9403): 0 -> 1
Cell (virus_3433753,host_58057): 0 -> 1
Cell (virus_3433753,host_1898389): 0 -> 1
Cell (virus_3433753,host_372077): 0 -> 1
Cell (virus_3433753,host_903567): 0 -> 1
Cell (virus_3433753,host_58067): 0 -> 1
Cell (virus_3433753,host_448084): 0 -> 1
Cell (virus_3433753,host_58071): 0 -> 1
Cell (virus_3433753,host_58073): 0 -> 1
Cell (virus_3433753,host_1898393): 0 -> 1
Cell (virus_3433753,host_77223): 0 -> 1
Cell (virus_3433753,host_58063): 0 -> 1
Cell (virus_3433753,host_9400): 0 -> 1
Cell (virus_3433753,host_298110): 0 -> 1
Cell (virus_3433753,host_374419): 0 -> 1
Cell (virus_3433753,host_326081): 0 -> 1
Cell (virus_3433753,host_94956): 0 -> 1
Cell (virus_3433753,host_27663): 0 -> 1
Cell (virus_3433753,host_574064): 0 -> 1
Cell (virus_3433753,host_27660): 0 -> 1
Cell (virus_3433753,host_409031): 0 -> 1
Cell (virus_3433753,host_89673): 0 -> 1
Cell (virus_3433753,host_3041509): 0 -> 1
Cell (virus_3433753,host_2218597): 0 -> 1
Cell (virus_3433753,host_242384): 0 -> 1
Cell (virus_3433753,host_452595): 0 -> 1
Cell (virus_3433753,host_3370289): 0 -> 1
Cell (virus_3433753,host_9438): 0 -> 1
Cell (virus_3433753,host_153297): 0 -> 1
Cell (virus_3433753,host_249034): 0 -> 1
Cell (virus_3433753,host_2969767): 0 -> 1
Cell (virus_3433753,host_3371014): 0 -> 1
Cell (virus_3119326,host_294653): 0 -> 1
Cell (virus_3119326,host_59463): 0 -> 1
Cell (virus_3119326,host_109480): 0 -> 1
Cell (virus_3119326,host_1633875): 0 -> 1
Cell (virus_3119326,host_2528591): 0 -> 1
Cell (virus_3119326,host_51298): 0 -> 1
Cell (virus_3119326,host_225399): 0 -> 1
Cell (virus_3119326,host_1911917): 0 -> 1
Cell (virus_3119326,host_452654): 0 -> 1
Cell (virus_3119326,host_587652): 0 -> 1
Cell (virus_3119326,host_225400): 0 -> 1
Cell (virus_3119326,host_385037): 0 -> 1
Cell (virus_3119326,host_155035): 0 -> 1
Cell (virus_3119326,host_258925): 0 -> 1
Cell (virus_3119326,host_177185): 0 -> 1
Cell (virus_3119326,host_196889): 0 -> 1
Cell (virus_3119326,host_196297): 0 -> 1
Cell (virus_3119326,host_9402): 0 -> 1
Cell (virus_3119326,host_9403): 0 -> 1
Cell (virus_3119326,host_58057): 0 -> 1
Cell (virus_3119326,host_1898389): 0 -> 1
Cell (virus_3119326,host_372077): 0 -> 1
Cell (virus_3119326,host_903567): 0 -> 1
Cell (virus_3119326,host_58067): 0 -> 1
Cell (virus_3119326,host_448084): 0 -> 1
Cell (virus_3119326,host_58071): 0 -> 1
Cell (virus_3119326,host_58073): 0 -> 1
Cell (virus_3119326,host_1898393): 0 -> 1
Cell (virus_3119326,host_77223): 0 -> 1
Cell (virus_3119326,host_58063): 0 -> 1
Cell (virus_3119326,host_9400): 0 -> 1
Cell (virus_3119326,host_298110): 0 -> 1
Cell (virus_3119326,host_374419): 0 -> 1
Cell (virus_3119326,host_326081): 0 -> 1
Cell (virus_3119326,host_94956): 0 -> 1
Cell (virus_3119326,host_27663): 0 -> 1
Cell (virus_3119326,host_574064): 0 -> 1
Cell (virus_3119326,host_27660): 0 -> 1
Cell (virus_3119326,host_409031): 0 -> 1
Cell (virus_3119326,host_89673): 0 -> 1
Cell (virus_3119326,host_3041509): 0 -> 1
Cell (virus_3119326,host_2218597): 0 -> 1
Cell (virus_3119326,host_242384): 0 -> 1
Cell (virus_3119326,host_452595): 0 -> 1
Cell (virus_3119326,host_3370289): 0 -> 1
Cell (virus_3119326,host_9438): 0 -> 1
Cell (virus_3119326,host_153297): 0 -> 1
Cell (virus_3119326,host_249034): 0 -> 1
Cell (virus_3119326,host_2969767): 0 -> 1
Cell (virus_3119326,host_3371014): 0 -> 1
Cell (virus_3433752,host_294653): 0 -> 1
Cell (virus_3433752,host_59463): 0 -> 1
Cell (virus_3433752,host_109480): 0 -> 1
Cell (virus_3433752,host_1633875): 0 -> 1
Cell (virus_3433752,host_2528591): 0 -> 1
Cell (virus_3433752,host_51298): 0 -> 1
Cell (virus_3433752,host_225399): 0 -> 1
Cell (virus_3433752,host_1911917): 0 -> 1
Cell (virus_3433752,host_452654): 0 -> 1
Cell (virus_3433752,host_587652): 0 -> 1
Cell (virus_3433752,host_225400): 0 -> 1
Cell (virus_3433752,host_385037): 0 -> 1
Cell (virus_3433752,host_155035): 0 -> 1
Cell (virus_3433752,host_258925): 0 -> 1
Cell (virus_3433752,host_177185): 0 -> 1
Cell (virus_3433752,host_196889): 0 -> 1
Cell (virus_3433752,host_9402): 0 -> 1
Cell (virus_3433752,host_9403): 0 -> 1
Cell (virus_3433752,host_58057): 0 -> 1
Cell (virus_3433752,host_1898389): 0 -> 1
Cell (virus_3433752,host_372077): 0 -> 1
Cell (virus_3433752,host_903567): 0 -> 1
Cell (virus_3433752,host_58067): 0 -> 1
Cell (virus_3433752,host_448084): 0 -> 1
Cell (virus_3433752,host_58071): 0 -> 1
Cell (virus_3433752,host_58073): 0 -> 1
Cell (virus_3433752,host_1898393): 0 -> 1
Cell (virus_3433752,host_77223): 0 -> 1
Cell (virus_3433752,host_58063): 0 -> 1
Cell (virus_3433752,host_9400): 0 -> 1
Cell (virus_3433752,host_298110): 0 -> 1
Cell (virus_3433752,host_374419): 0 -> 1
Cell (virus_3433752,host_326081): 0 -> 1
Cell (virus_3433752,host_94956): 0 -> 1
Cell (virus_3433752,host_27663): 0 -> 1
Cell (virus_3433752,host_574064): 0 -> 1
Cell (virus_3433752,host_27660): 0 -> 1
Cell (virus_3433752,host_409031): 0 -> 1
Cell (virus_3433752,host_89673): 0 -> 1
Cell (virus_3433752,host_3041509): 0 -> 1
Cell (virus_3433752,host_2218597): 0 -> 1
Cell (virus_3433752,host_242384): 0 -> 1
Cell (virus_3433752,host_452595): 0 -> 1
Cell (virus_3433752,host_9438): 0 -> 1
Cell (virus_3433752,host_153297): 0 -> 1
Cell (virus_3433752,host_249034): 0 -> 1
Cell (virus_3433752,host_2969767): 0 -> 1
Cell (virus_3433752,host_3371014): 0 -> 1
Cell (virus_1906673,host_294653): 0 -> 1
Cell (virus_1906673,host_59463): 0 -> 1
Cell (virus_1906673,host_109480): 0 -> 1
Cell (virus_1906673,host_1633875): 0 -> 1
Cell (virus_1906673,host_2528591): 0 -> 1
Cell (virus_1906673,host_51298): 0 -> 1
Cell (virus_1906673,host_225399): 0 -> 1
Cell (virus_1906673,host_1911917): 0 -> 1
Cell (virus_1906673,host_452654): 0 -> 1
Cell (virus_1906673,host_587652): 0 -> 1
Cell (virus_1906673,host_225400): 0 -> 1
Cell (virus_1906673,host_385037): 0 -> 1
Cell (virus_1906673,host_155035): 0 -> 1
Cell (virus_1906673,host_258925): 0 -> 1
Cell (virus_1906673,host_177185): 0 -> 1
Cell (virus_1906673,host_196889): 0 -> 1
Cell (virus_1906673,host_196297): 0 -> 1
Cell (virus_1906673,host_9402): 0 -> 1
Cell (virus_1906673,host_9403): 0 -> 1
Cell (virus_1906673,host_58057): 0 -> 1
Cell (virus_1906673,host_1898389): 0 -> 1
Cell (virus_1906673,host_372077): 0 -> 1
Cell (virus_1906673,host_903567): 0 -> 1
Cell (virus_1906673,host_58067): 0 -> 1
Cell (virus_1906673,host_448084): 0 -> 1
Cell (virus_1906673,host_58071): 0 -> 1
Cell (virus_1906673,host_58073): 0 -> 1
Cell (virus_1906673,host_1898393): 0 -> 1
Cell (virus_1906673,host_77223): 0 -> 1
Cell (virus_1906673,host_58063): 0 -> 1
Cell (virus_1906673,host_9400): 0 -> 1
Cell (virus_1906673,host_298110): 0 -> 1
Cell (virus_1906673,host_374419): 0 -> 1
Cell (virus_1906673,host_326081): 0 -> 1
Cell (virus_1906673,host_94956): 0 -> 1
Cell (virus_1906673,host_27663): 0 -> 1
Cell (virus_1906673,host_574064): 0 -> 1
Cell (virus_1906673,host_27660): 0 -> 1
Cell (virus_1906673,host_409031): 0 -> 1
Cell (virus_1906673,host_89673): 0 -> 1
Cell (virus_1906673,host_3041509): 0 -> 1
Cell (virus_1906673,host_2218597): 0 -> 1
Cell (virus_1906673,host_242384): 0 -> 1
Cell (virus_1906673,host_452595): 0 -> 1
Cell (virus_1906673,host_3370289): 0 -> 1
Cell (virus_1906673,host_9438): 0 -> 1
Cell (virus_1906673,host_153297): 0 -> 1
Cell (virus_1906673,host_249034): 0 -> 1
Cell (virus_1906673,host_2969767): 0 -> 1
Cell (virus_1906673,host_3371014): 0 -> 1
Cell (virus_1906673,host_3371016): 0 -> 1
Cell (virus_3433785,host_294653): 0 -> 1
Cell (virus_3433785,host_59463): 0 -> 1
Cell (virus_3433785,host_109480): 0 -> 1
Cell (virus_3433785,host_1633875): 0 -> 1
Cell (virus_3433785,host_2528591): 0 -> 1
Cell (virus_3433785,host_51298): 0 -> 1
Cell (virus_3433785,host_225399): 0 -> 1
Cell (virus_3433785,host_1911917): 0 -> 1
Cell (virus_3433785,host_452654): 0 -> 1
Cell (virus_3433785,host_587652): 0 -> 1
Cell (virus_3433785,host_225400): 0 -> 1
Cell (virus_3433785,host_385037): 0 -> 1
Cell (virus_3433785,host_155035): 0 -> 1
Cell (virus_3433785,host_258925): 0 -> 1
Cell (virus_3433785,host_177185): 0 -> 1
Cell (virus_3433785,host_196889): 0 -> 1
Cell (virus_3433785,host_196297): 0 -> 1
Cell (virus_3433785,host_9402): 0 -> 1
Cell (virus_3433785,host_9403): 0 -> 1
Cell (virus_3433785,host_58057): 0 -> 1
Cell (virus_3433785,host_1898389): 0 -> 1
Cell (virus_3433785,host_372077): 0 -> 1
Cell (virus_3433785,host_903567): 0 -> 1
Cell (virus_3433785,host_58067): 0 -> 1
Cell (virus_3433785,host_448084): 0 -> 1
Cell (virus_3433785,host_58071): 0 -> 1
Cell (virus_3433785,host_58073): 0 -> 1
Cell (virus_3433785,host_1898393): 0 -> 1
Cell (virus_3433785,host_77223): 0 -> 1
Cell (virus_3433785,host_58063): 0 -> 1
Cell (virus_3433785,host_9400): 0 -> 1
Cell (virus_3433785,host_298110): 0 -> 1
Cell (virus_3433785,host_374419): 0 -> 1
Cell (virus_3433785,host_326081): 0 -> 1
Cell (virus_3433785,host_94956): 0 -> 1
Cell (virus_3433785,host_27663): 0 -> 1
Cell (virus_3433785,host_574064): 0 -> 1
Cell (virus_3433785,host_27660): 0 -> 1
Cell (virus_3433785,host_409031): 0 -> 1
Cell (virus_3433785,host_89673): 0 -> 1
Cell (virus_3433785,host_3041509): 0 -> 1
Cell (virus_3433785,host_2218597): 0 -> 1
Cell (virus_3433785,host_242384): 0 -> 1
Cell (virus_3433785,host_452595): 0 -> 1
Cell (virus_3433785,host_3370289): 0 -> 1
Cell (virus_3433785,host_9438): 0 -> 1
Cell (virus_3433785,host_153297): 0 -> 1
Cell (virus_3433785,host_249034): 0 -> 1
Cell (virus_3433785,host_2969767): 0 -> 1
Cell (virus_3433785,host_3371014): 0 -> 1
Cell (virus_3433785,host_3371016): 0 -> 1
Cell (virus_2971263,host_294653): 0 -> 1
Cell (virus_2971263,host_59463): 0 -> 1
Cell (virus_2971263,host_109480): 0 -> 1
Cell (virus_2971263,host_1633875): 0 -> 1
Cell (virus_2971263,host_2528591): 0 -> 1
Cell (virus_2971263,host_51298): 0 -> 1
Cell (virus_2971263,host_225399): 0 -> 1
Cell (virus_2971263,host_1911917): 0 -> 1
Cell (virus_2971263,host_452654): 0 -> 1
Cell (virus_2971263,host_587652): 0 -> 1
Cell (virus_2971263,host_225400): 0 -> 1
Cell (virus_2971263,host_385037): 0 -> 1
Cell (virus_2971263,host_155035): 0 -> 1
Cell (virus_2971263,host_258925): 0 -> 1
Cell (virus_2971263,host_177185): 0 -> 1
Cell (virus_2971263,host_196889): 0 -> 1
Cell (virus_2971263,host_196297): 0 -> 1
Cell (virus_2971263,host_9402): 0 -> 1
Cell (virus_2971263,host_9403): 0 -> 1
Cell (virus_2971263,host_58057): 0 -> 1
Cell (virus_2971263,host_1898389): 0 -> 1
Cell (virus_2971263,host_372077): 0 -> 1
Cell (virus_2971263,host_903567): 0 -> 1
Cell (virus_2971263,host_58067): 0 -> 1
Cell (virus_2971263,host_448084): 0 -> 1
Cell (virus_2971263,host_58071): 0 -> 1
Cell (virus_2971263,host_58073): 0 -> 1
Cell (virus_2971263,host_1898393): 0 -> 1
Cell (virus_2971263,host_77223): 0 -> 1
Cell (virus_2971263,host_58063): 0 -> 1
Cell (virus_2971263,host_9400): 0 -> 1
Cell (virus_2971263,host_298110): 0 -> 1
Cell (virus_2971263,host_374419): 0 -> 1
Cell (virus_2971263,host_326081): 0 -> 1
Cell (virus_2971263,host_94956): 0 -> 1
Cell (virus_2971263,host_27663): 0 -> 1
Cell (virus_2971263,host_574064): 0 -> 1
Cell (virus_2971263,host_27660): 0 -> 1
Cell (virus_2971263,host_409031): 0 -> 1
Cell (virus_2971263,host_89673): 0 -> 1
Cell (virus_2971263,host_3041509): 0 -> 1
Cell (virus_2971263,host_2218597): 0 -> 1
Cell (virus_2971263,host_242384): 0 -> 1
Cell (virus_2971263,host_452595): 0 -> 1
Cell (virus_2971263,host_3370289): 0 -> 1
Cell (virus_2971263,host_9438): 0 -> 1
Cell (virus_2971263,host_153297): 0 -> 1
Cell (virus_2971263,host_249034): 0 -> 1
Cell (virus_2971263,host_2969767): 0 -> 1
Cell (virus_2971263,host_3371014): 0 -> 1
Cell (virus_2971263,host_3371016): 0 -> 1
Cell (virus_3433786,host_294653): 0 -> 1
Cell (virus_3433786,host_59463): 0 -> 1
Cell (virus_3433786,host_109480): 0 -> 1
Cell (virus_3433786,host_1633875): 0 -> 1
Cell (virus_3433786,host_2528591): 0 -> 1
Cell (virus_3433786,host_51298): 0 -> 1
Cell (virus_3433786,host_225399): 0 -> 1
Cell (virus_3433786,host_1911917): 0 -> 1
Cell (virus_3433786,host_452654): 0 -> 1
Cell (virus_3433786,host_587652): 0 -> 1
Cell (virus_3433786,host_225400): 0 -> 1
Cell (virus_3433786,host_385037): 0 -> 1
Cell (virus_3433786,host_155035): 0 -> 1
Cell (virus_3433786,host_258925): 0 -> 1
Cell (virus_3433786,host_177185): 0 -> 1
Cell (virus_3433786,host_196889): 0 -> 1
Cell (virus_3433786,host_196297): 0 -> 1
Cell (virus_3433786,host_9402): 0 -> 1
Cell (virus_3433786,host_9403): 0 -> 1
Cell (virus_3433786,host_58057): 0 -> 1
Cell (virus_3433786,host_1898389): 0 -> 1
Cell (virus_3433786,host_372077): 0 -> 1
Cell (virus_3433786,host_903567): 0 -> 1
Cell (virus_3433786,host_58067): 0 -> 1
Cell (virus_3433786,host_448084): 0 -> 1
Cell (virus_3433786,host_58071): 0 -> 1
Cell (virus_3433786,host_58073): 0 -> 1
Cell (virus_3433786,host_1898393): 0 -> 1
Cell (virus_3433786,host_77223): 0 -> 1
Cell (virus_3433786,host_58063): 0 -> 1
Cell (virus_3433786,host_9400): 0 -> 1
Cell (virus_3433786,host_298110): 0 -> 1
Cell (virus_3433786,host_374419): 0 -> 1
Cell (virus_3433786,host_326081): 0 -> 1
Cell (virus_3433786,host_94956): 0 -> 1
Cell (virus_3433786,host_27663): 0 -> 1
Cell (virus_3433786,host_574064): 0 -> 1
Cell (virus_3433786,host_27660): 0 -> 1
Cell (virus_3433786,host_409031): 0 -> 1
Cell (virus_3433786,host_89673): 0 -> 1
Cell (virus_3433786,host_3041509): 0 -> 1
Cell (virus_3433786,host_2218597): 0 -> 1
Cell (virus_3433786,host_242384): 0 -> 1
Cell (virus_3433786,host_452595): 0 -> 1
Cell (virus_3433786,host_3370289): 0 -> 1
Cell (virus_3433786,host_9438): 0 -> 1
Cell (virus_3433786,host_153297): 0 -> 1
Cell (virus_3433786,host_249034): 0 -> 1
Cell (virus_3433786,host_2969767): 0 -> 1
Cell (virus_3433786,host_3371014): 0 -> 1
Cell (virus_3433786,host_3371016): 0 -> 1
Cell (virus_2989482,host_294653): 0 -> 1
Cell (virus_2989482,host_59463): 0 -> 1
Cell (virus_2989482,host_109480): 0 -> 1
Cell (virus_2989482,host_1633875): 0 -> 1
Cell (virus_2989482,host_2528591): 0 -> 1
Cell (virus_2989482,host_51298): 0 -> 1
Cell (virus_2989482,host_225399): 0 -> 1
Cell (virus_2989482,host_1911917): 0 -> 1
Cell (virus_2989482,host_452654): 0 -> 1
Cell (virus_2989482,host_587652): 0 -> 1
Cell (virus_2989482,host_225400): 0 -> 1
Cell (virus_2989482,host_385037): 0 -> 1
Cell (virus_2989482,host_155035): 0 -> 1
Cell (virus_2989482,host_258925): 0 -> 1
Cell (virus_2989482,host_177185): 0 -> 1
Cell (virus_2989482,host_196889): 0 -> 1
Cell (virus_2989482,host_196297): 0 -> 1
Cell (virus_2989482,host_9402): 0 -> 1
Cell (virus_2989482,host_9403): 0 -> 1
Cell (virus_2989482,host_58057): 0 -> 1
Cell (virus_2989482,host_1898389): 0 -> 1
Cell (virus_2989482,host_372077): 0 -> 1
Cell (virus_2989482,host_903567): 0 -> 1
Cell (virus_2989482,host_58067): 0 -> 1
Cell (virus_2989482,host_448084): 0 -> 1
Cell (virus_2989482,host_58071): 0 -> 1
Cell (virus_2989482,host_58073): 0 -> 1
Cell (virus_2989482,host_1898393): 0 -> 1
Cell (virus_2989482,host_77223): 0 -> 1
Cell (virus_2989482,host_58063): 0 -> 1
Cell (virus_2989482,host_298110): 0 -> 1
Cell (virus_2989482,host_374419): 0 -> 1
Cell (virus_2989482,host_326081): 0 -> 1
Cell (virus_2989482,host_94956): 0 -> 1
Cell (virus_2989482,host_27663): 0 -> 1
Cell (virus_2989482,host_574064): 0 -> 1
Cell (virus_2989482,host_27660): 0 -> 1
Cell (virus_2989482,host_409031): 0 -> 1
Cell (virus_2989482,host_89673): 0 -> 1
Cell (virus_2989482,host_3041509): 0 -> 1
Cell (virus_2989482,host_2218597): 0 -> 1
Cell (virus_2989482,host_242384): 0 -> 1
Cell (virus_2989482,host_452595): 0 -> 1
Cell (virus_2989482,host_3370289): 0 -> 1
Cell (virus_2989482,host_9438): 0 -> 1
Cell (virus_2989482,host_153297): 0 -> 1
Cell (virus_2989482,host_249034): 0 -> 1
Cell (virus_2989482,host_2969767): 0 -> 1
Cell (virus_2989482,host_3371014): 0 -> 1
Cell (virus_2989482,host_3371016): 0 -> 1
Cell (virus_3433784,host_294653): 0 -> 1
Cell (virus_3433784,host_59463): 0 -> 1
Cell (virus_3433784,host_109480): 0 -> 1
Cell (virus_3433784,host_1633875): 0 -> 1
Cell (virus_3433784,host_2528591): 0 -> 1
Cell (virus_3433784,host_51298): 0 -> 1
Cell (virus_3433784,host_225399): 0 -> 1
Cell (virus_3433784,host_1911917): 0 -> 1
Cell (virus_3433784,host_452654): 0 -> 1
Cell (virus_3433784,host_587652): 0 -> 1
Cell (virus_3433784,host_225400): 0 -> 1
Cell (virus_3433784,host_385037): 0 -> 1
Cell (virus_3433784,host_155035): 0 -> 1
Cell (virus_3433784,host_258925): 0 -> 1
Cell (virus_3433784,host_177185): 0 -> 1
Cell (virus_3433784,host_196889): 0 -> 1
Cell (virus_3433784,host_196297): 0 -> 1
Cell (virus_3433784,host_9402): 0 -> 1
Cell (virus_3433784,host_58057): 0 -> 1
Cell (virus_3433784,host_1898389): 0 -> 1
Cell (virus_3433784,host_372077): 0 -> 1
Cell (virus_3433784,host_903567): 0 -> 1
Cell (virus_3433784,host_58067): 0 -> 1
Cell (virus_3433784,host_448084): 0 -> 1
Cell (virus_3433784,host_58071): 0 -> 1
Cell (virus_3433784,host_58073): 0 -> 1
Cell (virus_3433784,host_1898393): 0 -> 1
Cell (virus_3433784,host_77223): 0 -> 1
Cell (virus_3433784,host_58063): 0 -> 1
Cell (virus_3433784,host_9400): 0 -> 1
Cell (virus_3433784,host_298110): 0 -> 1
Cell (virus_3433784,host_374419): 0 -> 1
Cell (virus_3433784,host_326081): 0 -> 1
Cell (virus_3433784,host_94956): 0 -> 1
Cell (virus_3433784,host_27663): 0 -> 1
Cell (virus_3433784,host_574064): 0 -> 1
Cell (virus_3433784,host_27660): 0 -> 1
Cell (virus_3433784,host_409031): 0 -> 1
Cell (virus_3433784,host_89673): 0 -> 1
Cell (virus_3433784,host_3041509): 0 -> 1
Cell (virus_3433784,host_2218597): 0 -> 1
Cell (virus_3433784,host_242384): 0 -> 1
Cell (virus_3433784,host_452595): 0 -> 1
Cell (virus_3433784,host_3370289): 0 -> 1
Cell (virus_3433784,host_9438): 0 -> 1
Cell (virus_3433784,host_153297): 0 -> 1
Cell (virus_3433784,host_249034): 0 -> 1
Cell (virus_3433784,host_2969767): 0 -> 1
Cell (virus_3433784,host_3371014): 0 -> 1
Cell (virus_3433784,host_3371016): 0 -> 1
Cell (virus_2691588,host_294653): 0 -> 1
Cell (virus_2691588,host_59463): 0 -> 1
Cell (virus_2691588,host_109480): 0 -> 1
Cell (virus_2691588,host_1633875): 0 -> 1
Cell (virus_2691588,host_2528591): 0 -> 1
Cell (virus_2691588,host_51298): 0 -> 1
Cell (virus_2691588,host_225399): 0 -> 1
Cell (virus_2691588,host_1911917): 0 -> 1
Cell (virus_2691588,host_452654): 0 -> 1
Cell (virus_2691588,host_587652): 0 -> 1
Cell (virus_2691588,host_225400): 0 -> 1
Cell (virus_2691588,host_385037): 0 -> 1
Cell (virus_2691588,host_155035): 0 -> 1
Cell (virus_2691588,host_258925): 0 -> 1
Cell (virus_2691588,host_177185): 0 -> 1
Cell (virus_2691588,host_196889): 0 -> 1
Cell (virus_2691588,host_196297): 0 -> 1
Cell (virus_2691588,host_9402): 0 -> 1
Cell (virus_2691588,host_9403): 0 -> 1
Cell (virus_2691588,host_58057): 0 -> 1
Cell (virus_2691588,host_1898389): 0 -> 1
Cell (virus_2691588,host_372077): 0 -> 1
Cell (virus_2691588,host_903567): 0 -> 1
Cell (virus_2691588,host_58067): 0 -> 1
Cell (virus_2691588,host_448084): 0 -> 1
Cell (virus_2691588,host_58071): 0 -> 1
Cell (virus_2691588,host_58073): 0 -> 1
Cell (virus_2691588,host_1898393): 0 -> 1
Cell (virus_2691588,host_77223): 0 -> 1
Cell (virus_2691588,host_58063): 0 -> 1
Cell (virus_2691588,host_298110): 0 -> 1
Cell (virus_2691588,host_374419): 0 -> 1
Cell (virus_2691588,host_326081): 0 -> 1
Cell (virus_2691588,host_27663): 0 -> 1
Cell (virus_2691588,host_574064): 0 -> 1
Cell (virus_2691588,host_27660): 0 -> 1
Cell (virus_2691588,host_409031): 0 -> 1
Cell (virus_2691588,host_89673): 0 -> 1
Cell (virus_2691588,host_3041509): 0 -> 1
Cell (virus_2691588,host_242384): 0 -> 1
Cell (virus_2691588,host_452595): 0 -> 1
Cell (virus_2691588,host_3370289): 0 -> 1
Cell (virus_2691588,host_9438): 0 -> 1
Cell (virus_2691588,host_153297): 0 -> 1
Cell (virus_2691588,host_249034): 0 -> 1
Cell (virus_2691588,host_2969767): 0 -> 1
Cell (virus_2691588,host_3371014): 0 -> 1
Cell (virus_2691588,host_3371016): 0 -> 1
Cell (virus_3433780,host_294653): 0 -> 1
Cell (virus_3433780,host_59463): 0 -> 1
Cell (virus_3433780,host_109480): 0 -> 1
Cell (virus_3433780,host_1633875): 0 -> 1
Cell (virus_3433780,host_2528591): 0 -> 1
Cell (virus_3433780,host_51298): 0 -> 1
Cell (virus_3433780,host_225399): 0 -> 1
Cell (virus_3433780,host_1911917): 0 -> 1
Cell (virus_3433780,host_452654): 0 -> 1
Cell (virus_3433780,host_587652): 0 -> 1
Cell (virus_3433780,host_225400): 0 -> 1
Cell (virus_3433780,host_385037): 0 -> 1
Cell (virus_3433780,host_155035): 0 -> 1
Cell (virus_3433780,host_258925): 0 -> 1
Cell (virus_3433780,host_177185): 0 -> 1
Cell (virus_3433780,host_196889): 0 -> 1
Cell (virus_3433780,host_196297): 0 -> 1
Cell (virus_3433780,host_9402): 0 -> 1
Cell (virus_3433780,host_9403): 0 -> 1
Cell (virus_3433780,host_58057): 0 -> 1
Cell (virus_3433780,host_1898389): 0 -> 1
Cell (virus_3433780,host_372077): 0 -> 1
Cell (virus_3433780,host_903567): 0 -> 1
Cell (virus_3433780,host_58067): 0 -> 1
Cell (virus_3433780,host_448084): 0 -> 1
Cell (virus_3433780,host_58071): 0 -> 1
Cell (virus_3433780,host_58073): 0 -> 1
Cell (virus_3433780,host_1898393): 0 -> 1
Cell (virus_3433780,host_77223): 0 -> 1
Cell (virus_3433780,host_58063): 0 -> 1
Cell (virus_3433780,host_298110): 0 -> 1
Cell (virus_3433780,host_374419): 0 -> 1
Cell (virus_3433780,host_326081): 0 -> 1
Cell (virus_3433780,host_27663): 0 -> 1
Cell (virus_3433780,host_574064): 0 -> 1
Cell (virus_3433780,host_27660): 0 -> 1
Cell (virus_3433780,host_409031): 0 -> 1
Cell (virus_3433780,host_89673): 0 -> 1
Cell (virus_3433780,host_3041509): 0 -> 1
Cell (virus_3433780,host_242384): 0 -> 1
Cell (virus_3433780,host_452595): 0 -> 1
Cell (virus_3433780,host_3370289): 0 -> 1
Cell (virus_3433780,host_9438): 0 -> 1
Cell (virus_3433780,host_153297): 0 -> 1
Cell (virus_3433780,host_249034): 0 -> 1
Cell (virus_3433780,host_2969767): 0 -> 1
Cell (virus_3433780,host_3371014): 0 -> 1
Cell (virus_3433780,host_3371016): 0 -> 1
Cell (virus_694000,host_294653): 0 -> 1
Cell (virus_694000,host_59463): 0 -> 1
Cell (virus_694000,host_109480): 0 -> 1
Cell (virus_694000,host_1633875): 0 -> 1
Cell (virus_694000,host_2528591): 0 -> 1
Cell (virus_694000,host_51298): 0 -> 1
Cell (virus_694000,host_225399): 0 -> 1
Cell (virus_694000,host_1911917): 0 -> 1
Cell (virus_694000,host_452654): 0 -> 1
Cell (virus_694000,host_587652): 0 -> 1
Cell (virus_694000,host_225400): 0 -> 1
Cell (virus_694000,host_385037): 0 -> 1
Cell (virus_694000,host_155035): 0 -> 1
Cell (virus_694000,host_258925): 0 -> 1
Cell (virus_694000,host_177185): 0 -> 1
Cell (virus_694000,host_196889): 0 -> 1
Cell (virus_694000,host_196297): 0 -> 1
Cell (virus_694000,host_9402): 0 -> 1
Cell (virus_694000,host_9403): 0 -> 1
Cell (virus_694000,host_58057): 0 -> 1
Cell (virus_694000,host_1898389): 0 -> 1
Cell (virus_694000,host_372077): 0 -> 1
Cell (virus_694000,host_903567): 0 -> 1
Cell (virus_694000,host_58067): 0 -> 1
Cell (virus_694000,host_448084): 0 -> 1
Cell (virus_694000,host_58071): 0 -> 1
Cell (virus_694000,host_58073): 0 -> 1
Cell (virus_694000,host_1898393): 0 -> 1
Cell (virus_694000,host_77223): 0 -> 1
Cell (virus_694000,host_58063): 0 -> 1
Cell (virus_694000,host_298110): 0 -> 1
Cell (virus_694000,host_374419): 0 -> 1
Cell (virus_694000,host_326081): 0 -> 1
Cell (virus_694000,host_27663): 0 -> 1
Cell (virus_694000,host_574064): 0 -> 1
Cell (virus_694000,host_27660): 0 -> 1
Cell (virus_694000,host_409031): 0 -> 1
Cell (virus_694000,host_89673): 0 -> 1
Cell (virus_694000,host_3041509): 0 -> 1
Cell (virus_694000,host_242384): 0 -> 1
Cell (virus_694000,host_452595): 0 -> 1
Cell (virus_694000,host_3370289): 0 -> 1
Cell (virus_694000,host_9438): 0 -> 1
Cell (virus_694000,host_153297): 0 -> 1
Cell (virus_694000,host_249034): 0 -> 1
Cell (virus_694000,host_2969767): 0 -> 1
Cell (virus_694000,host_3371014): 0 -> 1
Cell (virus_694000,host_3371016): 0 -> 1
Cell (virus_3119327,host_294653): 0 -> 1
Cell (virus_3119327,host_59463): 0 -> 1
Cell (virus_3119327,host_109480): 0 -> 1
Cell (virus_3119327,host_1633875): 0 -> 1
Cell (virus_3119327,host_2528591): 0 -> 1
Cell (virus_3119327,host_51298): 0 -> 1
Cell (virus_3119327,host_225399): 0 -> 1
Cell (virus_3119327,host_1911917): 0 -> 1
Cell (virus_3119327,host_452654): 0 -> 1
Cell (virus_3119327,host_587652): 0 -> 1
Cell (virus_3119327,host_225400): 0 -> 1
Cell (virus_3119327,host_385037): 0 -> 1
Cell (virus_3119327,host_155035): 0 -> 1
Cell (virus_3119327,host_258925): 0 -> 1
Cell (virus_3119327,host_177185): 0 -> 1
Cell (virus_3119327,host_196889): 0 -> 1
Cell (virus_3119327,host_196297): 0 -> 1
Cell (virus_3119327,host_9402): 0 -> 1
Cell (virus_3119327,host_9403): 0 -> 1
Cell (virus_3119327,host_58057): 0 -> 1
Cell (virus_3119327,host_1898389): 0 -> 1
Cell (virus_3119327,host_372077): 0 -> 1
Cell (virus_3119327,host_903567): 0 -> 1
Cell (virus_3119327,host_58067): 0 -> 1
Cell (virus_3119327,host_448084): 0 -> 1
Cell (virus_3119327,host_58071): 0 -> 1
Cell (virus_3119327,host_58073): 0 -> 1
Cell (virus_3119327,host_1898393): 0 -> 1
Cell (virus_3119327,host_58063): 0 -> 1
Cell (virus_3119327,host_9400): 0 -> 1
Cell (virus_3119327,host_298110): 0 -> 1
Cell (virus_3119327,host_374419): 0 -> 1
Cell (virus_3119327,host_326081): 0 -> 1
Cell (virus_3119327,host_27663): 0 -> 1
Cell (virus_3119327,host_574064): 0 -> 1
Cell (virus_3119327,host_27660): 0 -> 1
Cell (virus_3119327,host_409031): 0 -> 1
Cell (virus_3119327,host_89673): 0 -> 1
Cell (virus_3119327,host_3041509): 0 -> 1
Cell (virus_3119327,host_2218597): 0 -> 1
Cell (virus_3119327,host_242384): 0 -> 1
Cell (virus_3119327,host_452595): 0 -> 1
Cell (virus_3119327,host_3370289): 0 -> 1
Cell (virus_3119327,host_9438): 0 -> 1
Cell (virus_3119327,host_153297): 0 -> 1
Cell (virus_3119327,host_249034): 0 -> 1
Cell (virus_3119327,host_2969767): 0 -> 1
Cell (virus_3119327,host_3371014): 0 -> 1
Cell (virus_3119327,host_3371016): 0 -> 1
Cell (virus_2809631,host_294653): 0 -> 1
Cell (virus_2809631,host_59463): 0 -> 1
Cell (virus_2809631,host_109480): 0 -> 1
Cell (virus_2809631,host_1633875): 0 -> 1
Cell (virus_2809631,host_2528591): 0 -> 1
Cell (virus_2809631,host_51298): 0 -> 1
Cell (virus_2809631,host_225399): 0 -> 1
Cell (virus_2809631,host_1911917): 0 -> 1
Cell (virus_2809631,host_452654): 0 -> 1
Cell (virus_2809631,host_587652): 0 -> 1
Cell (virus_2809631,host_225400): 0 -> 1
Cell (virus_2809631,host_385037): 0 -> 1
Cell (virus_2809631,host_155035): 0 -> 1
Cell (virus_2809631,host_258925): 0 -> 1
Cell (virus_2809631,host_177185): 0 -> 1
Cell (virus_2809631,host_376555): 0 -> 1
Cell (virus_2809631,host_196296): 0 -> 1
Cell (virus_2809631,host_196889): 0 -> 1
Cell (virus_2809631,host_196297): 0 -> 1
Cell (virus_2809631,host_9402): 0 -> 1
Cell (virus_2809631,host_9403): 0 -> 1
Cell (virus_2809631,host_58057): 0 -> 1
Cell (virus_2809631,host_1898389): 0 -> 1
Cell (virus_2809631,host_372077): 0 -> 1
Cell (virus_2809631,host_58067): 0 -> 1
Cell (virus_2809631,host_448084): 0 -> 1
Cell (virus_2809631,host_58071): 0 -> 1
Cell (virus_2809631,host_58073): 0 -> 1
Cell (virus_2809631,host_1898393): 0 -> 1
Cell (virus_2809631,host_77223): 0 -> 1
Cell (virus_2809631,host_58063): 0 -> 1
Cell (virus_2809631,host_9400): 0 -> 1
Cell (virus_2809631,host_298110): 0 -> 1
Cell (virus_2809631,host_374419): 0 -> 1
Cell (virus_2809631,host_326081): 0 -> 1
Cell (virus_2809631,host_27663): 0 -> 1
Cell (virus_2809631,host_574064): 0 -> 1
Cell (virus_2809631,host_27660): 0 -> 1
Cell (virus_2809631,host_409031): 0 -> 1
Cell (virus_2809631,host_89673): 0 -> 1
Cell (virus_2809631,host_3041509): 0 -> 1
Cell (virus_2809631,host_2218597): 0 -> 1
Cell (virus_2809631,host_242384): 0 -> 1
Cell (virus_2809631,host_452595): 0 -> 1
Cell (virus_2809631,host_3370289): 0 -> 1
Cell (virus_2809631,host_9438): 0 -> 1
Cell (virus_2809631,host_153297): 0 -> 1
Cell (virus_2809631,host_249034): 0 -> 1
Cell (virus_2809631,host_2969767): 0 -> 1
Cell (virus_2809631,host_3371014): 0 -> 1
Cell (virus_2809631,host_3371016): 0 -> 1
Cell (virus_3433779,host_294653): 0 -> 1
Cell (virus_3433779,host_59463): 0 -> 1
Cell (virus_3433779,host_109480): 0 -> 1
Cell (virus_3433779,host_1633875): 0 -> 1
Cell (virus_3433779,host_2528591): 0 -> 1
Cell (virus_3433779,host_51298): 0 -> 1
Cell (virus_3433779,host_225399): 0 -> 1
Cell (virus_3433779,host_1911917): 0 -> 1
Cell (virus_3433779,host_452654): 0 -> 1
Cell (virus_3433779,host_587652): 0 -> 1
Cell (virus_3433779,host_225400): 0 -> 1
Cell (virus_3433779,host_385037): 0 -> 1
Cell (virus_3433779,host_155035): 0 -> 1
Cell (virus_3433779,host_258925): 0 -> 1
Cell (virus_3433779,host_177185): 0 -> 1
Cell (virus_3433779,host_376555): 0 -> 1
Cell (virus_3433779,host_196296): 0 -> 1
Cell (virus_3433779,host_196889): 0 -> 1
Cell (virus_3433779,host_196297): 0 -> 1
Cell (virus_3433779,host_9402): 0 -> 1
Cell (virus_3433779,host_9403): 0 -> 1
Cell (virus_3433779,host_58057): 0 -> 1
Cell (virus_3433779,host_1898389): 0 -> 1
Cell (virus_3433779,host_372077): 0 -> 1
Cell (virus_3433779,host_58067): 0 -> 1
Cell (virus_3433779,host_448084): 0 -> 1
Cell (virus_3433779,host_58071): 0 -> 1
Cell (virus_3433779,host_58073): 0 -> 1
Cell (virus_3433779,host_1898393): 0 -> 1
Cell (virus_3433779,host_77223): 0 -> 1
Cell (virus_3433779,host_58063): 0 -> 1
Cell (virus_3433779,host_9400): 0 -> 1
Cell (virus_3433779,host_298110): 0 -> 1
Cell (virus_3433779,host_374419): 0 -> 1
Cell (virus_3433779,host_326081): 0 -> 1
Cell (virus_3433779,host_27663): 0 -> 1
Cell (virus_3433779,host_574064): 0 -> 1
Cell (virus_3433779,host_27660): 0 -> 1
Cell (virus_3433779,host_409031): 0 -> 1
Cell (virus_3433779,host_3041509): 0 -> 1
Cell (virus_3433779,host_2218597): 0 -> 1
Cell (virus_3433779,host_242384): 0 -> 1
Cell (virus_3433779,host_452595): 0 -> 1
Cell (virus_3433779,host_3370289): 0 -> 1
Cell (virus_3433779,host_9438): 0 -> 1
Cell (virus_3433779,host_153297): 0 -> 1
Cell (virus_3433779,host_249034): 0 -> 1
Cell (virus_3433779,host_2969767): 0 -> 1
Cell (virus_3433779,host_3371014): 0 -> 1
Cell (virus_3433779,host_3371016): 0 -> 1
Cell (virus_694001,host_294653): 0 -> 1
Cell (virus_694001,host_59463): 0 -> 1
Cell (virus_694001,host_109480): 0 -> 1
Cell (virus_694001,host_1633875): 0 -> 1
Cell (virus_694001,host_2528591): 0 -> 1
Cell (virus_694001,host_51298): 0 -> 1
Cell (virus_694001,host_225399): 0 -> 1
Cell (virus_694001,host_1911917): 0 -> 1
Cell (virus_694001,host_452654): 0 -> 1
Cell (virus_694001,host_587652): 0 -> 1
Cell (virus_694001,host_225400): 0 -> 1
Cell (virus_694001,host_385037): 0 -> 1
Cell (virus_694001,host_155035): 0 -> 1
Cell (virus_694001,host_258925): 0 -> 1
Cell (virus_694001,host_177185): 0 -> 1
Cell (virus_694001,host_376555): 0 -> 1
Cell (virus_694001,host_196296): 0 -> 1
Cell (virus_694001,host_196889): 0 -> 1
Cell (virus_694001,host_196297): 0 -> 1
Cell (virus_694001,host_9402): 0 -> 1
Cell (virus_694001,host_9403): 0 -> 1
Cell (virus_694001,host_58057): 0 -> 1
Cell (virus_694001,host_1898389): 0 -> 1
Cell (virus_694001,host_372077): 0 -> 1
Cell (virus_694001,host_58067): 0 -> 1
Cell (virus_694001,host_448084): 0 -> 1
Cell (virus_694001,host_58071): 0 -> 1
Cell (virus_694001,host_58073): 0 -> 1
Cell (virus_694001,host_1898393): 0 -> 1
Cell (virus_694001,host_77223): 0 -> 1
Cell (virus_694001,host_58063): 0 -> 1
Cell (virus_694001,host_9400): 0 -> 1
Cell (virus_694001,host_298110): 0 -> 1
Cell (virus_694001,host_374419): 0 -> 1
Cell (virus_694001,host_326081): 0 -> 1
Cell (virus_694001,host_27663): 0 -> 1
Cell (virus_694001,host_574064): 0 -> 1
Cell (virus_694001,host_27660): 0 -> 1
Cell (virus_694001,host_409031): 0 -> 1
Cell (virus_694001,host_3041509): 0 -> 1
Cell (virus_694001,host_2218597): 0 -> 1
Cell (virus_694001,host_242384): 0 -> 1
Cell (virus_694001,host_452595): 0 -> 1
Cell (virus_694001,host_3370289): 0 -> 1
Cell (virus_694001,host_9438): 0 -> 1
Cell (virus_694001,host_153297): 0 -> 1
Cell (virus_694001,host_249034): 0 -> 1
Cell (virus_694001,host_2969767): 0 -> 1
Cell (virus_694001,host_3371014): 0 -> 1
Cell (virus_694001,host_3371016): 0 -> 1
Cell (virus_3027594,host_294653): 0 -> 1
Cell (virus_3027594,host_59463): 0 -> 1
Cell (virus_3027594,host_109480): 0 -> 1
Cell (virus_3027594,host_1633875): 0 -> 1
Cell (virus_3027594,host_2528591): 0 -> 1
Cell (virus_3027594,host_51298): 0 -> 1
Cell (virus_3027594,host_225399): 0 -> 1
Cell (virus_3027594,host_1911917): 0 -> 1
Cell (virus_3027594,host_452654): 0 -> 1
Cell (virus_3027594,host_587652): 0 -> 1
Cell (virus_3027594,host_225400): 0 -> 1
Cell (virus_3027594,host_385037): 0 -> 1
Cell (virus_3027594,host_155035): 0 -> 1
Cell (virus_3027594,host_258925): 0 -> 1
Cell (virus_3027594,host_177185): 0 -> 1
Cell (virus_3027594,host_196889): 0 -> 1
Cell (virus_3027594,host_196297): 0 -> 1
Cell (virus_3027594,host_9402): 0 -> 1
Cell (virus_3027594,host_9403): 0 -> 1
Cell (virus_3027594,host_58057): 0 -> 1
Cell (virus_3027594,host_1898389): 0 -> 1
Cell (virus_3027594,host_372077): 0 -> 1
Cell (virus_3027594,host_903567): 0 -> 1
Cell (virus_3027594,host_58067): 0 -> 1
Cell (virus_3027594,host_448084): 0 -> 1
Cell (virus_3027594,host_58071): 0 -> 1
Cell (virus_3027594,host_58073): 0 -> 1
Cell (virus_3027594,host_1898393): 0 -> 1
Cell (virus_3027594,host_77223): 0 -> 1
Cell (virus_3027594,host_58063): 0 -> 1
Cell (virus_3027594,host_9400): 0 -> 1
Cell (virus_3027594,host_298110): 0 -> 1
Cell (virus_3027594,host_374419): 0 -> 1
Cell (virus_3027594,host_326081): 0 -> 1
Cell (virus_3027594,host_27663): 0 -> 1
Cell (virus_3027594,host_574064): 0 -> 1
Cell (virus_3027594,host_27660): 0 -> 1
Cell (virus_3027594,host_409031): 0 -> 1
Cell (virus_3027594,host_89673): 0 -> 1
Cell (virus_3027594,host_3041509): 0 -> 1
Cell (virus_3027594,host_2218597): 0 -> 1
Cell (virus_3027594,host_242384): 0 -> 1
Cell (virus_3027594,host_452595): 0 -> 1
Cell (virus_3027594,host_3370289): 0 -> 1
Cell (virus_3027594,host_9438): 0 -> 1
Cell (virus_3027594,host_153297): 0 -> 1
Cell (virus_3027594,host_249034): 0 -> 1
Cell (virus_3027594,host_2969767): 0 -> 1
Cell (virus_3027594,host_3371014): 0 -> 1
Cell (virus_3027594,host_3371016): 0 -> 1
Cell (virus_3433782,host_294653): 0 -> 1
Cell (virus_3433782,host_59463): 0 -> 1
Cell (virus_3433782,host_109480): 0 -> 1
Cell (virus_3433782,host_1633875): 0 -> 1
Cell (virus_3433782,host_2528591): 0 -> 1
Cell (virus_3433782,host_51298): 0 -> 1
Cell (virus_3433782,host_225399): 0 -> 1
Cell (virus_3433782,host_1911917): 0 -> 1
Cell (virus_3433782,host_452654): 0 -> 1
Cell (virus_3433782,host_587652): 0 -> 1
Cell (virus_3433782,host_225400): 0 -> 1
Cell (virus_3433782,host_385037): 0 -> 1
Cell (virus_3433782,host_155035): 0 -> 1
Cell (virus_3433782,host_258925): 0 -> 1
Cell (virus_3433782,host_177185): 0 -> 1
Cell (virus_3433782,host_196889): 0 -> 1
Cell (virus_3433782,host_196297): 0 -> 1
Cell (virus_3433782,host_9402): 0 -> 1
Cell (virus_3433782,host_9403): 0 -> 1
Cell (virus_3433782,host_58057): 0 -> 1
Cell (virus_3433782,host_1898389): 0 -> 1
Cell (virus_3433782,host_372077): 0 -> 1
Cell (virus_3433782,host_903567): 0 -> 1
Cell (virus_3433782,host_58067): 0 -> 1
Cell (virus_3433782,host_448084): 0 -> 1
Cell (virus_3433782,host_58071): 0 -> 1
Cell (virus_3433782,host_58073): 0 -> 1
Cell (virus_3433782,host_1898393): 0 -> 1
Cell (virus_3433782,host_77223): 0 -> 1
Cell (virus_3433782,host_58063): 0 -> 1
Cell (virus_3433782,host_9400): 0 -> 1
Cell (virus_3433782,host_298110): 0 -> 1
Cell (virus_3433782,host_374419): 0 -> 1
Cell (virus_3433782,host_326081): 0 -> 1
Cell (virus_3433782,host_27663): 0 -> 1
Cell (virus_3433782,host_574064): 0 -> 1
Cell (virus_3433782,host_27660): 0 -> 1
Cell (virus_3433782,host_409031): 0 -> 1
Cell (virus_3433782,host_89673): 0 -> 1
Cell (virus_3433782,host_3041509): 0 -> 1
Cell (virus_3433782,host_2218597): 0 -> 1
Cell (virus_3433782,host_242384): 0 -> 1
Cell (virus_3433782,host_452595): 0 -> 1
Cell (virus_3433782,host_3370289): 0 -> 1
Cell (virus_3433782,host_9438): 0 -> 1
Cell (virus_3433782,host_153297): 0 -> 1
Cell (virus_3433782,host_249034): 0 -> 1
Cell (virus_3433782,host_2969767): 0 -> 1
Cell (virus_3433782,host_3371014): 0 -> 1
Cell (virus_3433782,host_3371016): 0 -> 1
Cell (virus_3027595,host_294653): 0 -> 1
Cell (virus_3027595,host_59463): 0 -> 1
Cell (virus_3027595,host_109480): 0 -> 1
Cell (virus_3027595,host_1633875): 0 -> 1
Cell (virus_3027595,host_2528591): 0 -> 1
Cell (virus_3027595,host_51298): 0 -> 1
Cell (virus_3027595,host_225399): 0 -> 1
Cell (virus_3027595,host_1911917): 0 -> 1
Cell (virus_3027595,host_452654): 0 -> 1
Cell (virus_3027595,host_587652): 0 -> 1
Cell (virus_3027595,host_225400): 0 -> 1
Cell (virus_3027595,host_385037): 0 -> 1
Cell (virus_3027595,host_155035): 0 -> 1
Cell (virus_3027595,host_258925): 0 -> 1
Cell (virus_3027595,host_177185): 0 -> 1
Cell (virus_3027595,host_196889): 0 -> 1
Cell (virus_3027595,host_196297): 0 -> 1
Cell (virus_3027595,host_9402): 0 -> 1
Cell (virus_3027595,host_9403): 0 -> 1
Cell (virus_3027595,host_58057): 0 -> 1
Cell (virus_3027595,host_1898389): 0 -> 1
Cell (virus_3027595,host_372077): 0 -> 1
Cell (virus_3027595,host_903567): 0 -> 1
Cell (virus_3027595,host_58067): 0 -> 1
Cell (virus_3027595,host_448084): 0 -> 1
Cell (virus_3027595,host_58071): 0 -> 1
Cell (virus_3027595,host_58073): 0 -> 1
Cell (virus_3027595,host_1898393): 0 -> 1
Cell (virus_3027595,host_77223): 0 -> 1
Cell (virus_3027595,host_58063): 0 -> 1
Cell (virus_3027595,host_9400): 0 -> 1
Cell (virus_3027595,host_298110): 0 -> 1
Cell (virus_3027595,host_374419): 0 -> 1
Cell (virus_3027595,host_326081): 0 -> 1
Cell (virus_3027595,host_27663): 0 -> 1
Cell (virus_3027595,host_574064): 0 -> 1
Cell (virus_3027595,host_27660): 0 -> 1
Cell (virus_3027595,host_409031): 0 -> 1
Cell (virus_3027595,host_89673): 0 -> 1
Cell (virus_3027595,host_3041509): 0 -> 1
Cell (virus_3027595,host_2218597): 0 -> 1
Cell (virus_3027595,host_242384): 0 -> 1
Cell (virus_3027595,host_452595): 0 -> 1
Cell (virus_3027595,host_3370289): 0 -> 1
Cell (virus_3027595,host_9438): 0 -> 1
Cell (virus_3027595,host_153297): 0 -> 1
Cell (virus_3027595,host_249034): 0 -> 1
Cell (virus_3027595,host_2969767): 0 -> 1
Cell (virus_3027595,host_3371016): 0 -> 1
Cell (virus_2917968,host_294653): 0 -> 1
Cell (virus_2917968,host_59463): 0 -> 1
Cell (virus_2917968,host_109480): 0 -> 1
Cell (virus_2917968,host_1633875): 0 -> 1
Cell (virus_2917968,host_2528591): 0 -> 1
Cell (virus_2917968,host_51298): 0 -> 1
Cell (virus_2917968,host_225399): 0 -> 1
Cell (virus_2917968,host_452654): 0 -> 1
Cell (virus_2917968,host_587652): 0 -> 1
Cell (virus_2917968,host_225400): 0 -> 1
Cell (virus_2917968,host_385037): 0 -> 1
Cell (virus_2917968,host_155035): 0 -> 1
Cell (virus_2917968,host_258925): 0 -> 1
Cell (virus_2917968,host_177185): 0 -> 1
Cell (virus_2917968,host_196889): 0 -> 1
Cell (virus_2917968,host_196297): 0 -> 1
Cell (virus_2917968,host_9402): 0 -> 1
Cell (virus_2917968,host_9403): 0 -> 1
Cell (virus_2917968,host_58057): 0 -> 1
Cell (virus_2917968,host_1898389): 0 -> 1
Cell (virus_2917968,host_372077): 0 -> 1
Cell (virus_2917968,host_58067): 0 -> 1
Cell (virus_2917968,host_58071): 0 -> 1
Cell (virus_2917968,host_58073): 0 -> 1
Cell (virus_2917968,host_1898393): 0 -> 1
Cell (virus_2917968,host_77223): 0 -> 1
Cell (virus_2917968,host_58063): 0 -> 1
Cell (virus_2917968,host_9400): 0 -> 1
Cell (virus_2917968,host_298110): 0 -> 1
Cell (virus_2917968,host_374419): 0 -> 1
Cell (virus_2917968,host_326081): 0 -> 1
Cell (virus_2917968,host_27663): 0 -> 1
Cell (virus_2917968,host_574064): 0 -> 1
Cell (virus_2917968,host_27660): 0 -> 1
Cell (virus_2917968,host_409031): 0 -> 1
Cell (virus_2917968,host_89673): 0 -> 1
Cell (virus_2917968,host_3041509): 0 -> 1
Cell (virus_2917968,host_2218597): 0 -> 1
Cell (virus_2917968,host_242384): 0 -> 1
Cell (virus_2917968,host_452595): 0 -> 1
Cell (virus_2917968,host_3370289): 0 -> 1
Cell (virus_2917968,host_9438): 0 -> 1
Cell (virus_2917968,host_153297): 0 -> 1
Cell (virus_2917968,host_249034): 0 -> 1
Cell (virus_2917968,host_2969767): 0 -> 1
Cell (virus_2917968,host_3371014): 0 -> 1
Cell (virus_2917968,host_3371016): 0 -> 1
Cell (virus_3119328,host_294653): 0 -> 1
Cell (virus_3119328,host_59463): 0 -> 1
Cell (virus_3119328,host_109480): 0 -> 1
Cell (virus_3119328,host_1633875): 0 -> 1
Cell (virus_3119328,host_2528591): 0 -> 1
Cell (virus_3119328,host_51298): 0 -> 1
Cell (virus_3119328,host_225399): 0 -> 1
Cell (virus_3119328,host_452654): 0 -> 1
Cell (virus_3119328,host_587652): 0 -> 1
Cell (virus_3119328,host_225400): 0 -> 1
Cell (virus_3119328,host_385037): 0 -> 1
Cell (virus_3119328,host_155035): 0 -> 1
Cell (virus_3119328,host_258925): 0 -> 1
Cell (virus_3119328,host_177185): 0 -> 1
Cell (virus_3119328,host_196889): 0 -> 1
Cell (virus_3119328,host_196297): 0 -> 1
Cell (virus_3119328,host_9402): 0 -> 1
Cell (virus_3119328,host_9403): 0 -> 1
Cell (virus_3119328,host_58057): 0 -> 1
Cell (virus_3119328,host_1898389): 0 -> 1
Cell (virus_3119328,host_372077): 0 -> 1
Cell (virus_3119328,host_58067): 0 -> 1
Cell (virus_3119328,host_58071): 0 -> 1
Cell (virus_3119328,host_58073): 0 -> 1
Cell (virus_3119328,host_1898393): 0 -> 1
Cell (virus_3119328,host_77223): 0 -> 1
Cell (virus_3119328,host_58063): 0 -> 1
Cell (virus_3119328,host_298110): 0 -> 1
Cell (virus_3119328,host_374419): 0 -> 1
Cell (virus_3119328,host_326081): 0 -> 1
Cell (virus_3119328,host_27663): 0 -> 1
Cell (virus_3119328,host_574064): 0 -> 1
Cell (virus_3119328,host_27660): 0 -> 1
Cell (virus_3119328,host_409031): 0 -> 1
Cell (virus_3119328,host_89673): 0 -> 1
Cell (virus_3119328,host_3041509): 0 -> 1
Cell (virus_3119328,host_2218597): 0 -> 1
Cell (virus_3119328,host_242384): 0 -> 1
Cell (virus_3119328,host_452595): 0 -> 1
Cell (virus_3119328,host_3370289): 0 -> 1
Cell (virus_3119328,host_9438): 0 -> 1
Cell (virus_3119328,host_153297): 0 -> 1
Cell (virus_3119328,host_249034): 0 -> 1
Cell (virus_3119328,host_2969767): 0 -> 1
Cell (virus_3119328,host_3371014): 0 -> 1
Cell (virus_3119328,host_3371016): 0 -> 1
Cell (virus_3119329,host_294653): 0 -> 1
Cell (virus_3119329,host_59463): 0 -> 1
Cell (virus_3119329,host_109480): 0 -> 1
Cell (virus_3119329,host_1633875): 0 -> 1
Cell (virus_3119329,host_2528591): 0 -> 1
Cell (virus_3119329,host_51298): 0 -> 1
Cell (virus_3119329,host_225399): 0 -> 1
Cell (virus_3119329,host_452654): 0 -> 1
Cell (virus_3119329,host_587652): 0 -> 1
Cell (virus_3119329,host_225400): 0 -> 1
Cell (virus_3119329,host_385037): 0 -> 1
Cell (virus_3119329,host_155035): 0 -> 1
Cell (virus_3119329,host_258925): 0 -> 1
Cell (virus_3119329,host_177185): 0 -> 1
Cell (virus_3119329,host_196889): 0 -> 1
Cell (virus_3119329,host_196297): 0 -> 1
Cell (virus_3119329,host_9402): 0 -> 1
Cell (virus_3119329,host_9403): 0 -> 1
Cell (virus_3119329,host_58057): 0 -> 1
Cell (virus_3119329,host_1898389): 0 -> 1
Cell (virus_3119329,host_372077): 0 -> 1
Cell (virus_3119329,host_58067): 0 -> 1
Cell (virus_3119329,host_448084): 0 -> 1
Cell (virus_3119329,host_58071): 0 -> 1
Cell (virus_3119329,host_58073): 0 -> 1
Cell (virus_3119329,host_1898393): 0 -> 1
Cell (virus_3119329,host_77223): 0 -> 1
Cell (virus_3119329,host_58063): 0 -> 1
Cell (virus_3119329,host_9400): 0 -> 1
Cell (virus_3119329,host_298110): 0 -> 1
Cell (virus_3119329,host_374419): 0 -> 1
Cell (virus_3119329,host_326081): 0 -> 1
Cell (virus_3119329,host_27663): 0 -> 1
Cell (virus_3119329,host_574064): 0 -> 1
Cell (virus_3119329,host_27660): 0 -> 1
Cell (virus_3119329,host_409031): 0 -> 1
Cell (virus_3119329,host_89673): 0 -> 1
Cell (virus_3119329,host_3041509): 0 -> 1
Cell (virus_3119329,host_2218597): 0 -> 1
Cell (virus_3119329,host_242384): 0 -> 1
Cell (virus_3119329,host_452595): 0 -> 1
Cell (virus_3119329,host_3370289): 0 -> 1
Cell (virus_3119329,host_9438): 0 -> 1
Cell (virus_3119329,host_153297): 0 -> 1
Cell (virus_3119329,host_249034): 0 -> 1
Cell (virus_3119329,host_2969767): 0 -> 1
Cell (virus_3119329,host_3371014): 0 -> 1
Cell (virus_3119329,host_3371016): 0 -> 1
Cell (virus_2991941,host_294653): 0 -> 1
Cell (virus_2991941,host_59463): 0 -> 1
Cell (virus_2991941,host_109480): 0 -> 1
Cell (virus_2991941,host_1633875): 0 -> 1
Cell (virus_2991941,host_2528591): 0 -> 1
Cell (virus_2991941,host_51298): 0 -> 1
Cell (virus_2991941,host_225399): 0 -> 1
Cell (virus_2991941,host_1911917): 0 -> 1
Cell (virus_2991941,host_452654): 0 -> 1
Cell (virus_2991941,host_587652): 0 -> 1
Cell (virus_2991941,host_225400): 0 -> 1
Cell (virus_2991941,host_385037): 0 -> 1
Cell (virus_2991941,host_155035): 0 -> 1
Cell (virus_2991941,host_258925): 0 -> 1
Cell (virus_2991941,host_177185): 0 -> 1
Cell (virus_2991941,host_196889): 0 -> 1
Cell (virus_2991941,host_196297): 0 -> 1
Cell (virus_2991941,host_9402): 0 -> 1
Cell (virus_2991941,host_9403): 0 -> 1
Cell (virus_2991941,host_58057): 0 -> 1
Cell (virus_2991941,host_1898389): 0 -> 1
Cell (virus_2991941,host_372077): 0 -> 1
Cell (virus_2991941,host_58067): 0 -> 1
Cell (virus_2991941,host_448084): 0 -> 1
Cell (virus_2991941,host_58071): 0 -> 1
Cell (virus_2991941,host_58073): 0 -> 1
Cell (virus_2991941,host_1898393): 0 -> 1
Cell (virus_2991941,host_58063): 0 -> 1
Cell (virus_2991941,host_9400): 0 -> 1
Cell (virus_2991941,host_298110): 0 -> 1
Cell (virus_2991941,host_374419): 0 -> 1
Cell (virus_2991941,host_326081): 0 -> 1
Cell (virus_2991941,host_27663): 0 -> 1
Cell (virus_2991941,host_574064): 0 -> 1
Cell (virus_2991941,host_27660): 0 -> 1
Cell (virus_2991941,host_409031): 0 -> 1
Cell (virus_2991941,host_89673): 0 -> 1
Cell (virus_2991941,host_3041509): 0 -> 1
Cell (virus_2991941,host_2218597): 0 -> 1
Cell (virus_2991941,host_242384): 0 -> 1
Cell (virus_2991941,host_452595): 0 -> 1
Cell (virus_2991941,host_3370289): 0 -> 1
Cell (virus_2991941,host_9438): 0 -> 1
Cell (virus_2991941,host_153297): 0 -> 1
Cell (virus_2991941,host_249034): 0 -> 1
Cell (virus_2991941,host_2969767): 0 -> 1
Cell (virus_2991941,host_3371014): 0 -> 1
Cell (virus_2991941,host_3371016): 0 -> 1
Cell (virus_2993504,host_294653): 0 -> 1
Cell (virus_2993504,host_59463): 0 -> 1
Cell (virus_2993504,host_109480): 0 -> 1
Cell (virus_2993504,host_1633875): 0 -> 1
Cell (virus_2993504,host_2528591): 0 -> 1
Cell (virus_2993504,host_51298): 0 -> 1
Cell (virus_2993504,host_225399): 0 -> 1
Cell (virus_2993504,host_1911917): 0 -> 1
Cell (virus_2993504,host_452654): 0 -> 1
Cell (virus_2993504,host_587652): 0 -> 1
Cell (virus_2993504,host_225400): 0 -> 1
Cell (virus_2993504,host_385037): 0 -> 1
Cell (virus_2993504,host_155035): 0 -> 1
Cell (virus_2993504,host_258925): 0 -> 1
Cell (virus_2993504,host_177185): 0 -> 1
Cell (virus_2993504,host_196889): 0 -> 1
Cell (virus_2993504,host_196297): 0 -> 1
Cell (virus_2993504,host_9402): 0 -> 1
Cell (virus_2993504,host_9403): 0 -> 1
Cell (virus_2993504,host_58057): 0 -> 1
Cell (virus_2993504,host_1898389): 0 -> 1
Cell (virus_2993504,host_372077): 0 -> 1
Cell (virus_2993504,host_58067): 0 -> 1
Cell (virus_2993504,host_448084): 0 -> 1
Cell (virus_2993504,host_58071): 0 -> 1
Cell (virus_2993504,host_58073): 0 -> 1
Cell (virus_2993504,host_1898393): 0 -> 1
Cell (virus_2993504,host_58063): 0 -> 1
Cell (virus_2993504,host_9400): 0 -> 1
Cell (virus_2993504,host_298110): 0 -> 1
Cell (virus_2993504,host_374419): 0 -> 1
Cell (virus_2993504,host_326081): 0 -> 1
Cell (virus_2993504,host_27663): 0 -> 1
Cell (virus_2993504,host_574064): 0 -> 1
Cell (virus_2993504,host_27660): 0 -> 1
Cell (virus_2993504,host_409031): 0 -> 1
Cell (virus_2993504,host_89673): 0 -> 1
Cell (virus_2993504,host_3041509): 0 -> 1
Cell (virus_2993504,host_2218597): 0 -> 1
Cell (virus_2993504,host_242384): 0 -> 1
Cell (virus_2993504,host_452595): 0 -> 1
Cell (virus_2993504,host_3370289): 0 -> 1
Cell (virus_2993504,host_9438): 0 -> 1
Cell (virus_2993504,host_153297): 0 -> 1
Cell (virus_2993504,host_249034): 0 -> 1
Cell (virus_2993504,host_2969767): 0 -> 1
Cell (virus_2993504,host_3371014): 0 -> 1
Cell (virus_2993504,host_3371016): 0 -> 1
Cell (virus_1335626,host_294653): 0 -> 1
Cell (virus_1335626,host_59463): 0 -> 1
Cell (virus_1335626,host_109480): 0 -> 1
Cell (virus_1335626,host_1633875): 0 -> 1
Cell (virus_1335626,host_2528591): 0 -> 1
Cell (virus_1335626,host_51298): 0 -> 1
Cell (virus_1335626,host_225399): 0 -> 1
Cell (virus_1335626,host_1911917): 0 -> 1
Cell (virus_1335626,host_452654): 0 -> 1
Cell (virus_1335626,host_587652): 0 -> 1
Cell (virus_1335626,host_225400): 0 -> 1
Cell (virus_1335626,host_385037): 0 -> 1
Cell (virus_1335626,host_155035): 0 -> 1
Cell (virus_1335626,host_258925): 0 -> 1
Cell (virus_1335626,host_177185): 0 -> 1
Cell (virus_1335626,host_186991): 0 -> 1
Cell (virus_1335626,host_270698): 0 -> 1
Cell (virus_1335626,host_376555): 0 -> 1
Cell (virus_1335626,host_196889): 0 -> 1
Cell (virus_1335626,host_196297): 0 -> 1
Cell (virus_1335626,host_9402): 0 -> 1
Cell (virus_1335626,host_9403): 0 -> 1
Cell (virus_1335626,host_58057): 0 -> 1
Cell (virus_1335626,host_1898389): 0 -> 1
Cell (virus_1335626,host_372077): 0 -> 1
Cell (virus_1335626,host_903567): 0 -> 1
Cell (virus_1335626,host_58067): 0 -> 1
Cell (virus_1335626,host_58071): 0 -> 1
Cell (virus_1335626,host_58073): 0 -> 1
Cell (virus_1335626,host_1898393): 0 -> 1
Cell (virus_1335626,host_77223): 0 -> 1
Cell (virus_1335626,host_9408): 0 -> 1
Cell (virus_1335626,host_58063): 0 -> 1
Cell (virus_1335626,host_9400): 0 -> 1
Cell (virus_1335626,host_298110): 0 -> 1
Cell (virus_1335626,host_326081): 0 -> 1
Cell (virus_1335626,host_118856): 0 -> 1
Cell (virus_1335626,host_27663): 0 -> 1
Cell (virus_1335626,host_574064): 0 -> 1
Cell (virus_1335626,host_27660): 0 -> 1
Cell (virus_1335626,host_409031): 0 -> 1
Cell (virus_1335626,host_89673): 0 -> 1
Cell (virus_1335626,host_148061): 0 -> 1
Cell (virus_1335626,host_148089): 0 -> 1
Cell (virus_1335626,host_94961): 0 -> 1
Cell (virus_1335626,host_59472): 0 -> 1
Cell (virus_1335626,host_1434095): 0 -> 1
Cell (virus_1335626,host_221086): 0 -> 1
Cell (virus_1335626,host_221087): 0 -> 1
Cell (virus_1335626,host_187007): 0 -> 1
Cell (virus_1335626,host_438766): 0 -> 1
Cell (virus_1335626,host_258934): 0 -> 1
Cell (virus_1335626,host_479723): 0 -> 1
Cell (virus_1335626,host_3041509): 0 -> 1
Cell (virus_1335626,host_2218597): 0 -> 1
Cell (virus_1335626,host_242384): 0 -> 1
Cell (virus_1335626,host_452595): 0 -> 1
Cell (virus_1335626,host_3370289): 0 -> 1
Cell (virus_1335626,host_9438): 0 -> 1
Cell (virus_1335626,host_153297): 0 -> 1
Cell (virus_1335626,host_249034): 0 -> 1
Cell (virus_3433633,host_294653): 0 -> 1
Cell (virus_3433633,host_59463): 0 -> 1
Cell (virus_3433633,host_109480): 0 -> 1
Cell (virus_3433633,host_1633875): 0 -> 1
Cell (virus_3433633,host_2528591): 0 -> 1
Cell (virus_3433633,host_51298): 0 -> 1
Cell (virus_3433633,host_225399): 0 -> 1
Cell (virus_3433633,host_1911917): 0 -> 1
Cell (virus_3433633,host_452654): 0 -> 1
Cell (virus_3433633,host_587652): 0 -> 1
Cell (virus_3433633,host_225400): 0 -> 1
Cell (virus_3433633,host_385037): 0 -> 1
Cell (virus_3433633,host_155035): 0 -> 1
Cell (virus_3433633,host_258925): 0 -> 1
Cell (virus_3433633,host_177185): 0 -> 1
Cell (virus_3433633,host_186991): 0 -> 1
Cell (virus_3433633,host_270698): 0 -> 1
Cell (virus_3433633,host_376555): 0 -> 1
Cell (virus_3433633,host_196889): 0 -> 1
Cell (virus_3433633,host_196297): 0 -> 1
Cell (virus_3433633,host_9402): 0 -> 1
Cell (virus_3433633,host_9403): 0 -> 1
Cell (virus_3433633,host_58057): 0 -> 1
Cell (virus_3433633,host_1898389): 0 -> 1
Cell (virus_3433633,host_372077): 0 -> 1
Cell (virus_3433633,host_903567): 0 -> 1
Cell (virus_3433633,host_58067): 0 -> 1
Cell (virus_3433633,host_58071): 0 -> 1
Cell (virus_3433633,host_58073): 0 -> 1
Cell (virus_3433633,host_1898393): 0 -> 1
Cell (virus_3433633,host_77223): 0 -> 1
Cell (virus_3433633,host_9408): 0 -> 1
Cell (virus_3433633,host_58063): 0 -> 1
Cell (virus_3433633,host_9400): 0 -> 1
Cell (virus_3433633,host_298110): 0 -> 1
Cell (virus_3433633,host_326081): 0 -> 1
Cell (virus_3433633,host_118856): 0 -> 1
Cell (virus_3433633,host_27663): 0 -> 1
Cell (virus_3433633,host_574064): 0 -> 1
Cell (virus_3433633,host_27660): 0 -> 1
Cell (virus_3433633,host_409031): 0 -> 1
Cell (virus_3433633,host_89673): 0 -> 1
Cell (virus_3433633,host_148061): 0 -> 1
Cell (virus_3433633,host_148089): 0 -> 1
Cell (virus_3433633,host_94961): 0 -> 1
Cell (virus_3433633,host_59472): 0 -> 1
Cell (virus_3433633,host_1434095): 0 -> 1
Cell (virus_3433633,host_221086): 0 -> 1
Cell (virus_3433633,host_221087): 0 -> 1
Cell (virus_3433633,host_187007): 0 -> 1
Cell (virus_3433633,host_438766): 0 -> 1
Cell (virus_3433633,host_258934): 0 -> 1
Cell (virus_3433633,host_479723): 0 -> 1
Cell (virus_3433633,host_3041509): 0 -> 1
Cell (virus_3433633,host_2218597): 0 -> 1
Cell (virus_3433633,host_242384): 0 -> 1
Cell (virus_3433633,host_452595): 0 -> 1
Cell (virus_3433633,host_3370289): 0 -> 1
Cell (virus_3433633,host_9438): 0 -> 1
Cell (virus_3433633,host_153297): 0 -> 1
Cell (virus_3433633,host_249034): 0 -> 1
Cell (virus_1508220,host_294653): 0 -> 1
Cell (virus_1508220,host_59463): 0 -> 1
Cell (virus_1508220,host_109480): 0 -> 1
Cell (virus_1508220,host_1633875): 0 -> 1
Cell (virus_1508220,host_2528591): 0 -> 1
Cell (virus_1508220,host_51298): 0 -> 1
Cell (virus_1508220,host_225399): 0 -> 1
Cell (virus_1508220,host_1911917): 0 -> 1
Cell (virus_1508220,host_452654): 0 -> 1
Cell (virus_1508220,host_587652): 0 -> 1
Cell (virus_1508220,host_225400): 0 -> 1
Cell (virus_1508220,host_385037): 0 -> 1
Cell (virus_1508220,host_155035): 0 -> 1
Cell (virus_1508220,host_258925): 0 -> 1
Cell (virus_1508220,host_177185): 0 -> 1
Cell (virus_1508220,host_186991): 0 -> 1
Cell (virus_1508220,host_270698): 0 -> 1
Cell (virus_1508220,host_376555): 0 -> 1
Cell (virus_1508220,host_196889): 0 -> 1
Cell (virus_1508220,host_196297): 0 -> 1
Cell (virus_1508220,host_9402): 0 -> 1
Cell (virus_1508220,host_9403): 0 -> 1
Cell (virus_1508220,host_58057): 0 -> 1
Cell (virus_1508220,host_1898389): 0 -> 1
Cell (virus_1508220,host_372077): 0 -> 1
Cell (virus_1508220,host_903567): 0 -> 1
Cell (virus_1508220,host_58067): 0 -> 1
Cell (virus_1508220,host_58071): 0 -> 1
Cell (virus_1508220,host_58073): 0 -> 1
Cell (virus_1508220,host_1898393): 0 -> 1
Cell (virus_1508220,host_77223): 0 -> 1
Cell (virus_1508220,host_9408): 0 -> 1
Cell (virus_1508220,host_58063): 0 -> 1
Cell (virus_1508220,host_9400): 0 -> 1
Cell (virus_1508220,host_298110): 0 -> 1
Cell (virus_1508220,host_326081): 0 -> 1
Cell (virus_1508220,host_118856): 0 -> 1
Cell (virus_1508220,host_27663): 0 -> 1
Cell (virus_1508220,host_574064): 0 -> 1
Cell (virus_1508220,host_27660): 0 -> 1
Cell (virus_1508220,host_409031): 0 -> 1
Cell (virus_1508220,host_89673): 0 -> 1
Cell (virus_1508220,host_148061): 0 -> 1
Cell (virus_1508220,host_148089): 0 -> 1
Cell (virus_1508220,host_94961): 0 -> 1
Cell (virus_1508220,host_59472): 0 -> 1
Cell (virus_1508220,host_1434095): 0 -> 1
Cell (virus_1508220,host_221086): 0 -> 1
Cell (virus_1508220,host_221087): 0 -> 1
Cell (virus_1508220,host_187007): 0 -> 1
Cell (virus_1508220,host_438766): 0 -> 1
Cell (virus_1508220,host_258934): 0 -> 1
Cell (virus_1508220,host_479723): 0 -> 1
Cell (virus_1508220,host_3041509): 0 -> 1
Cell (virus_1508220,host_2218597): 0 -> 1
Cell (virus_1508220,host_242384): 0 -> 1
Cell (virus_1508220,host_452595): 0 -> 1
Cell (virus_1508220,host_3370289): 0 -> 1
Cell (virus_1508220,host_9438): 0 -> 1
Cell (virus_1508220,host_153297): 0 -> 1
Cell (virus_1508220,host_249034): 0 -> 1
Cell (virus_3433775,host_294653): 0 -> 1
Cell (virus_3433775,host_59463): 0 -> 1
Cell (virus_3433775,host_109480): 0 -> 1
Cell (virus_3433775,host_1633875): 0 -> 1
Cell (virus_3433775,host_2528591): 0 -> 1
Cell (virus_3433775,host_51298): 0 -> 1
Cell (virus_3433775,host_225399): 0 -> 1
Cell (virus_3433775,host_1911917): 0 -> 1
Cell (virus_3433775,host_452654): 0 -> 1
Cell (virus_3433775,host_587652): 0 -> 1
Cell (virus_3433775,host_225400): 0 -> 1
Cell (virus_3433775,host_385037): 0 -> 1
Cell (virus_3433775,host_155035): 0 -> 1
Cell (virus_3433775,host_258925): 0 -> 1
Cell (virus_3433775,host_177185): 0 -> 1
Cell (virus_3433775,host_186991): 0 -> 1
Cell (virus_3433775,host_270698): 0 -> 1
Cell (virus_3433775,host_376555): 0 -> 1
Cell (virus_3433775,host_196889): 0 -> 1
Cell (virus_3433775,host_196297): 0 -> 1
Cell (virus_3433775,host_9402): 0 -> 1
Cell (virus_3433775,host_9403): 0 -> 1
Cell (virus_3433775,host_58057): 0 -> 1
Cell (virus_3433775,host_1898389): 0 -> 1
Cell (virus_3433775,host_372077): 0 -> 1
Cell (virus_3433775,host_58067): 0 -> 1
Cell (virus_3433775,host_58071): 0 -> 1
Cell (virus_3433775,host_58073): 0 -> 1
Cell (virus_3433775,host_1898393): 0 -> 1
Cell (virus_3433775,host_77223): 0 -> 1
Cell (virus_3433775,host_9408): 0 -> 1
Cell (virus_3433775,host_58063): 0 -> 1
Cell (virus_3433775,host_9400): 0 -> 1
Cell (virus_3433775,host_298110): 0 -> 1
Cell (virus_3433775,host_326081): 0 -> 1
Cell (virus_3433775,host_118856): 0 -> 1
Cell (virus_3433775,host_27663): 0 -> 1
Cell (virus_3433775,host_574064): 0 -> 1
Cell (virus_3433775,host_27660): 0 -> 1
Cell (virus_3433775,host_409031): 0 -> 1
Cell (virus_3433775,host_89673): 0 -> 1
Cell (virus_3433775,host_148061): 0 -> 1
Cell (virus_3433775,host_148089): 0 -> 1
Cell (virus_3433775,host_94961): 0 -> 1
Cell (virus_3433775,host_59472): 0 -> 1
Cell (virus_3433775,host_1434095): 0 -> 1
Cell (virus_3433775,host_221086): 0 -> 1
Cell (virus_3433775,host_221087): 0 -> 1
Cell (virus_3433775,host_187007): 0 -> 1
Cell (virus_3433775,host_438766): 0 -> 1
Cell (virus_3433775,host_258934): 0 -> 1
Cell (virus_3433775,host_479723): 0 -> 1
Cell (virus_3433775,host_3041509): 0 -> 1
Cell (virus_3433775,host_2218597): 0 -> 1
Cell (virus_3433775,host_242384): 0 -> 1
Cell (virus_3433775,host_452595): 0 -> 1
Cell (virus_3433775,host_3370289): 0 -> 1
Cell (virus_3433775,host_9438): 0 -> 1
Cell (virus_3433775,host_153297): 0 -> 1
Cell (virus_3433775,host_249034): 0 -> 1
Cell (virus_694008,host_294653): 0 -> 1
Cell (virus_694008,host_59463): 0 -> 1
Cell (virus_694008,host_109480): 0 -> 1
Cell (virus_694008,host_1633875): 0 -> 1
Cell (virus_694008,host_2528591): 0 -> 1
Cell (virus_694008,host_51298): 0 -> 1
Cell (virus_694008,host_225399): 0 -> 1
Cell (virus_694008,host_1911917): 0 -> 1
Cell (virus_694008,host_452654): 0 -> 1
Cell (virus_694008,host_587652): 0 -> 1
Cell (virus_694008,host_225400): 0 -> 1
Cell (virus_694008,host_385037): 0 -> 1
Cell (virus_694008,host_155035): 0 -> 1
Cell (virus_694008,host_258925): 0 -> 1
Cell (virus_694008,host_177185): 0 -> 1
Cell (virus_694008,host_186991): 0 -> 1
Cell (virus_694008,host_270698): 0 -> 1
Cell (virus_694008,host_376555): 0 -> 1
Cell (virus_694008,host_196889): 0 -> 1
Cell (virus_694008,host_196297): 0 -> 1
Cell (virus_694008,host_9402): 0 -> 1
Cell (virus_694008,host_9403): 0 -> 1
Cell (virus_694008,host_58057): 0 -> 1
Cell (virus_694008,host_1898389): 0 -> 1
Cell (virus_694008,host_372077): 0 -> 1
Cell (virus_694008,host_58067): 0 -> 1
Cell (virus_694008,host_58071): 0 -> 1
Cell (virus_694008,host_58073): 0 -> 1
Cell (virus_694008,host_1898393): 0 -> 1
Cell (virus_694008,host_77223): 0 -> 1
Cell (virus_694008,host_9408): 0 -> 1
Cell (virus_694008,host_58063): 0 -> 1
Cell (virus_694008,host_9400): 0 -> 1
Cell (virus_694008,host_298110): 0 -> 1
Cell (virus_694008,host_326081): 0 -> 1
Cell (virus_694008,host_118856): 0 -> 1
Cell (virus_694008,host_27663): 0 -> 1
Cell (virus_694008,host_574064): 0 -> 1
Cell (virus_694008,host_27660): 0 -> 1
Cell (virus_694008,host_409031): 0 -> 1
Cell (virus_694008,host_89673): 0 -> 1
Cell (virus_694008,host_148061): 0 -> 1
Cell (virus_694008,host_148089): 0 -> 1
Cell (virus_694008,host_94961): 0 -> 1
Cell (virus_694008,host_59472): 0 -> 1
Cell (virus_694008,host_1434095): 0 -> 1
Cell (virus_694008,host_221086): 0 -> 1
Cell (virus_694008,host_221087): 0 -> 1
Cell (virus_694008,host_187007): 0 -> 1
Cell (virus_694008,host_438766): 0 -> 1
Cell (virus_694008,host_258934): 0 -> 1
Cell (virus_694008,host_479723): 0 -> 1
Cell (virus_694008,host_3041509): 0 -> 1
Cell (virus_694008,host_2218597): 0 -> 1
Cell (virus_694008,host_242384): 0 -> 1
Cell (virus_694008,host_452595): 0 -> 1
Cell (virus_694008,host_3370289): 0 -> 1
Cell (virus_694008,host_9438): 0 -> 1
Cell (virus_694008,host_153297): 0 -> 1
Cell (virus_694008,host_249034): 0 -> 1
Cell (virus_2832974,host_294653): 0 -> 1
Cell (virus_2832974,host_59463): 0 -> 1
Cell (virus_2832974,host_109480): 0 -> 1
Cell (virus_2832974,host_1633875): 0 -> 1
Cell (virus_2832974,host_2528591): 0 -> 1
Cell (virus_2832974,host_51298): 0 -> 1
Cell (virus_2832974,host_225399): 0 -> 1
Cell (virus_2832974,host_1911917): 0 -> 1
Cell (virus_2832974,host_452654): 0 -> 1
Cell (virus_2832974,host_587652): 0 -> 1
Cell (virus_2832974,host_225400): 0 -> 1
Cell (virus_2832974,host_385037): 0 -> 1
Cell (virus_2832974,host_155035): 0 -> 1
Cell (virus_2832974,host_258925): 0 -> 1
Cell (virus_2832974,host_177185): 0 -> 1
Cell (virus_2832974,host_186991): 0 -> 1
Cell (virus_2832974,host_270698): 0 -> 1
Cell (virus_2832974,host_376555): 0 -> 1
Cell (virus_2832974,host_196889): 0 -> 1
Cell (virus_2832974,host_196297): 0 -> 1
Cell (virus_2832974,host_9402): 0 -> 1
Cell (virus_2832974,host_9403): 0 -> 1
Cell (virus_2832974,host_58057): 0 -> 1
Cell (virus_2832974,host_1898389): 0 -> 1
Cell (virus_2832974,host_372077): 0 -> 1
Cell (virus_2832974,host_903567): 0 -> 1
Cell (virus_2832974,host_58067): 0 -> 1
Cell (virus_2832974,host_58071): 0 -> 1
Cell (virus_2832974,host_58073): 0 -> 1
Cell (virus_2832974,host_1898393): 0 -> 1
Cell (virus_2832974,host_77223): 0 -> 1
Cell (virus_2832974,host_9408): 0 -> 1
Cell (virus_2832974,host_58063): 0 -> 1
Cell (virus_2832974,host_9400): 0 -> 1
Cell (virus_2832974,host_298110): 0 -> 1
Cell (virus_2832974,host_326081): 0 -> 1
Cell (virus_2832974,host_118856): 0 -> 1
Cell (virus_2832974,host_27663): 0 -> 1
Cell (virus_2832974,host_574064): 0 -> 1
Cell (virus_2832974,host_27660): 0 -> 1
Cell (virus_2832974,host_409031): 0 -> 1
Cell (virus_2832974,host_89673): 0 -> 1
Cell (virus_2832974,host_148061): 0 -> 1
Cell (virus_2832974,host_148089): 0 -> 1
Cell (virus_2832974,host_94961): 0 -> 1
Cell (virus_2832974,host_59472): 0 -> 1
Cell (virus_2832974,host_1434095): 0 -> 1
Cell (virus_2832974,host_221086): 0 -> 1
Cell (virus_2832974,host_221087): 0 -> 1
Cell (virus_2832974,host_187007): 0 -> 1
Cell (virus_2832974,host_438766): 0 -> 1
Cell (virus_2832974,host_258934): 0 -> 1
Cell (virus_2832974,host_479723): 0 -> 1
Cell (virus_2832974,host_3041509): 0 -> 1
Cell (virus_2832974,host_2218597): 0 -> 1
Cell (virus_2832974,host_242384): 0 -> 1
Cell (virus_2832974,host_452595): 0 -> 1
Cell (virus_2832974,host_3370289): 0 -> 1
Cell (virus_2832974,host_9438): 0 -> 1
Cell (virus_2832974,host_153297): 0 -> 1
Cell (virus_2832974,host_249034): 0 -> 1
Cell (virus_1928434,host_294653): 0 -> 1
Cell (virus_1928434,host_59463): 0 -> 1
Cell (virus_1928434,host_109480): 0 -> 1
Cell (virus_1928434,host_1633875): 0 -> 1
Cell (virus_1928434,host_2528591): 0 -> 1
Cell (virus_1928434,host_51298): 0 -> 1
Cell (virus_1928434,host_225399): 0 -> 1
Cell (virus_1928434,host_1911917): 0 -> 1
Cell (virus_1928434,host_452654): 0 -> 1
Cell (virus_1928434,host_225400): 0 -> 1
Cell (virus_1928434,host_385037): 0 -> 1
Cell (virus_1928434,host_155035): 0 -> 1
Cell (virus_1928434,host_258925): 0 -> 1
Cell (virus_1928434,host_177185): 0 -> 1
Cell (virus_1928434,host_186991): 0 -> 1
Cell (virus_1928434,host_196889): 0 -> 1
Cell (virus_1928434,host_337452): 0 -> 1
Cell (virus_1928434,host_196297): 0 -> 1
Cell (virus_1928434,host_9402): 0 -> 1
Cell (virus_1928434,host_9403): 0 -> 1
Cell (virus_1928434,host_58057): 0 -> 1
Cell (virus_1928434,host_1898389): 0 -> 1
Cell (virus_1928434,host_372077): 0 -> 1
Cell (virus_1928434,host_903567): 0 -> 1
Cell (virus_1928434,host_58067): 0 -> 1
Cell (virus_1928434,host_58071): 0 -> 1
Cell (virus_1928434,host_58073): 0 -> 1
Cell (virus_1928434,host_1898393): 0 -> 1
Cell (virus_1928434,host_77223): 0 -> 1
Cell (virus_1928434,host_9408): 0 -> 1
Cell (virus_1928434,host_58063): 0 -> 1
Cell (virus_1928434,host_9400): 0 -> 1
Cell (virus_1928434,host_298110): 0 -> 1
Cell (virus_1928434,host_374419): 0 -> 1
Cell (virus_1928434,host_326081): 0 -> 1
Cell (virus_1928434,host_118856): 0 -> 1
Cell (virus_1928434,host_27663): 0 -> 1
Cell (virus_1928434,host_574064): 0 -> 1
Cell (virus_1928434,host_27660): 0 -> 1
Cell (virus_1928434,host_409031): 0 -> 1
Cell (virus_1928434,host_89673): 0 -> 1
Cell (virus_1928434,host_148061): 0 -> 1
Cell (virus_1928434,host_148089): 0 -> 1
Cell (virus_1928434,host_9430): 0 -> 1
Cell (virus_1928434,host_94961): 0 -> 1
Cell (virus_1928434,host_1434095): 0 -> 1
Cell (virus_1928434,host_221086): 0 -> 1
Cell (virus_1928434,host_221087): 0 -> 1
Cell (virus_1928434,host_187007): 0 -> 1
Cell (virus_1928434,host_438766): 0 -> 1
Cell (virus_1928434,host_258934): 0 -> 1
Cell (virus_1928434,host_479723): 0 -> 1
Cell (virus_1928434,host_3041509): 0 -> 1
Cell (virus_1928434,host_2218597): 0 -> 1
Cell (virus_1928434,host_242384): 0 -> 1
Cell (virus_1928434,host_452595): 0 -> 1
Cell (virus_1928434,host_3370289): 0 -> 1
Cell (virus_1928434,host_9438): 0 -> 1
Cell (virus_1928434,host_153297): 0 -> 1
Cell (virus_1928434,host_249034): 0 -> 1
Cell (virus_3433757,host_294653): 0 -> 1
Cell (virus_3433757,host_59463): 0 -> 1
Cell (virus_3433757,host_109480): 0 -> 1
Cell (virus_3433757,host_1633875): 0 -> 1
Cell (virus_3433757,host_2528591): 0 -> 1
Cell (virus_3433757,host_51298): 0 -> 1
Cell (virus_3433757,host_225399): 0 -> 1
Cell (virus_3433757,host_1911917): 0 -> 1
Cell (virus_3433757,host_452654): 0 -> 1
Cell (virus_3433757,host_225400): 0 -> 1
Cell (virus_3433757,host_385037): 0 -> 1
Cell (virus_3433757,host_155035): 0 -> 1
Cell (virus_3433757,host_258925): 0 -> 1
Cell (virus_3433757,host_177185): 0 -> 1
Cell (virus_3433757,host_186991): 0 -> 1
Cell (virus_3433757,host_196889): 0 -> 1
Cell (virus_3433757,host_337452): 0 -> 1
Cell (virus_3433757,host_196297): 0 -> 1
Cell (virus_3433757,host_9402): 0 -> 1
Cell (virus_3433757,host_9403): 0 -> 1
Cell (virus_3433757,host_58057): 0 -> 1
Cell (virus_3433757,host_1898389): 0 -> 1
Cell (virus_3433757,host_372077): 0 -> 1
Cell (virus_3433757,host_903567): 0 -> 1
Cell (virus_3433757,host_58067): 0 -> 1
Cell (virus_3433757,host_58071): 0 -> 1
Cell (virus_3433757,host_58073): 0 -> 1
Cell (virus_3433757,host_1898393): 0 -> 1
Cell (virus_3433757,host_77223): 0 -> 1
Cell (virus_3433757,host_9408): 0 -> 1
Cell (virus_3433757,host_58063): 0 -> 1
Cell (virus_3433757,host_9400): 0 -> 1
Cell (virus_3433757,host_298110): 0 -> 1
Cell (virus_3433757,host_374419): 0 -> 1
Cell (virus_3433757,host_326081): 0 -> 1
Cell (virus_3433757,host_118856): 0 -> 1
Cell (virus_3433757,host_27663): 0 -> 1
Cell (virus_3433757,host_574064): 0 -> 1
Cell (virus_3433757,host_27660): 0 -> 1
Cell (virus_3433757,host_409031): 0 -> 1
Cell (virus_3433757,host_89673): 0 -> 1
Cell (virus_3433757,host_148061): 0 -> 1
Cell (virus_3433757,host_148089): 0 -> 1
Cell (virus_3433757,host_9430): 0 -> 1
Cell (virus_3433757,host_94961): 0 -> 1
Cell (virus_3433757,host_1434095): 0 -> 1
Cell (virus_3433757,host_221086): 0 -> 1
Cell (virus_3433757,host_221087): 0 -> 1
Cell (virus_3433757,host_187007): 0 -> 1
Cell (virus_3433757,host_438766): 0 -> 1
Cell (virus_3433757,host_258934): 0 -> 1
Cell (virus_3433757,host_479723): 0 -> 1
Cell (virus_3433757,host_3041509): 0 -> 1
Cell (virus_3433757,host_2218597): 0 -> 1
Cell (virus_3433757,host_242384): 0 -> 1
Cell (virus_3433757,host_452595): 0 -> 1
Cell (virus_3433757,host_3370289): 0 -> 1
Cell (virus_3433757,host_9438): 0 -> 1
Cell (virus_3433757,host_153297): 0 -> 1
Cell (virus_3433757,host_249034): 0 -> 1
Cell (virus_694003,host_294653): 0 -> 1
Cell (virus_694003,host_59463): 0 -> 1
Cell (virus_694003,host_109480): 0 -> 1
Cell (virus_694003,host_1633875): 0 -> 1
Cell (virus_694003,host_2528591): 0 -> 1
Cell (virus_694003,host_51298): 0 -> 1
Cell (virus_694003,host_225399): 0 -> 1
Cell (virus_694003,host_1911917): 0 -> 1
Cell (virus_694003,host_452654): 0 -> 1
Cell (virus_694003,host_225400): 0 -> 1
Cell (virus_694003,host_385037): 0 -> 1
Cell (virus_694003,host_155035): 0 -> 1
Cell (virus_694003,host_258925): 0 -> 1
Cell (virus_694003,host_177185): 0 -> 1
Cell (virus_694003,host_186991): 0 -> 1
Cell (virus_694003,host_196889): 0 -> 1
Cell (virus_694003,host_337452): 0 -> 1
Cell (virus_694003,host_196297): 0 -> 1
Cell (virus_694003,host_9402): 0 -> 1
Cell (virus_694003,host_9403): 0 -> 1
Cell (virus_694003,host_58057): 0 -> 1
Cell (virus_694003,host_1898389): 0 -> 1
Cell (virus_694003,host_372077): 0 -> 1
Cell (virus_694003,host_903567): 0 -> 1
Cell (virus_694003,host_58067): 0 -> 1
Cell (virus_694003,host_58071): 0 -> 1
Cell (virus_694003,host_58073): 0 -> 1
Cell (virus_694003,host_1898393): 0 -> 1
Cell (virus_694003,host_77223): 0 -> 1
Cell (virus_694003,host_9408): 0 -> 1
Cell (virus_694003,host_58063): 0 -> 1
Cell (virus_694003,host_9400): 0 -> 1
Cell (virus_694003,host_298110): 0 -> 1
Cell (virus_694003,host_374419): 0 -> 1
Cell (virus_694003,host_326081): 0 -> 1
Cell (virus_694003,host_118856): 0 -> 1
Cell (virus_694003,host_27663): 0 -> 1
Cell (virus_694003,host_574064): 0 -> 1
Cell (virus_694003,host_27660): 0 -> 1
Cell (virus_694003,host_409031): 0 -> 1
Cell (virus_694003,host_89673): 0 -> 1
Cell (virus_694003,host_148061): 0 -> 1
Cell (virus_694003,host_148089): 0 -> 1
Cell (virus_694003,host_9430): 0 -> 1
Cell (virus_694003,host_94961): 0 -> 1
Cell (virus_694003,host_1434095): 0 -> 1
Cell (virus_694003,host_221086): 0 -> 1
Cell (virus_694003,host_221087): 0 -> 1
Cell (virus_694003,host_187007): 0 -> 1
Cell (virus_694003,host_438766): 0 -> 1
Cell (virus_694003,host_258934): 0 -> 1
Cell (virus_694003,host_479723): 0 -> 1
Cell (virus_694003,host_3041509): 0 -> 1
Cell (virus_694003,host_2218597): 0 -> 1
Cell (virus_694003,host_242384): 0 -> 1
Cell (virus_694003,host_452595): 0 -> 1
Cell (virus_694003,host_3370289): 0 -> 1
Cell (virus_694003,host_9438): 0 -> 1
Cell (virus_694003,host_153297): 0 -> 1
Cell (virus_694003,host_249034): 0 -> 1
Cell (virus_2717680,host_294653): 0 -> 1
Cell (virus_2717680,host_59463): 0 -> 1
Cell (virus_2717680,host_109480): 0 -> 1
Cell (virus_2717680,host_1633875): 0 -> 1
Cell (virus_2717680,host_2528591): 0 -> 1
Cell (virus_2717680,host_51298): 0 -> 1
Cell (virus_2717680,host_1911917): 0 -> 1
Cell (virus_2717680,host_452654): 0 -> 1
Cell (virus_2717680,host_587652): 0 -> 1
Cell (virus_2717680,host_225400): 0 -> 1
Cell (virus_2717680,host_385037): 0 -> 1
Cell (virus_2717680,host_155035): 0 -> 1
Cell (virus_2717680,host_258925): 0 -> 1
Cell (virus_2717680,host_177185): 0 -> 1
Cell (virus_2717680,host_186991): 0 -> 1
Cell (virus_2717680,host_196889): 0 -> 1
Cell (virus_2717680,host_196297): 0 -> 1
Cell (virus_2717680,host_9402): 0 -> 1
Cell (virus_2717680,host_9403): 0 -> 1
Cell (virus_2717680,host_58057): 0 -> 1
Cell (virus_2717680,host_1898389): 0 -> 1
Cell (virus_2717680,host_372077): 0 -> 1
Cell (virus_2717680,host_903567): 0 -> 1
Cell (virus_2717680,host_58067): 0 -> 1
Cell (virus_2717680,host_58071): 0 -> 1
Cell (virus_2717680,host_58073): 0 -> 1
Cell (virus_2717680,host_1898393): 0 -> 1
Cell (virus_2717680,host_77223): 0 -> 1
Cell (virus_2717680,host_9408): 0 -> 1
Cell (virus_2717680,host_58063): 0 -> 1
Cell (virus_2717680,host_9400): 0 -> 1
Cell (virus_2717680,host_298110): 0 -> 1
Cell (virus_2717680,host_374419): 0 -> 1
Cell (virus_2717680,host_326081): 0 -> 1
Cell (virus_2717680,host_118856): 0 -> 1
Cell (virus_2717680,host_27663): 0 -> 1
Cell (virus_2717680,host_574064): 0 -> 1
Cell (virus_2717680,host_27660): 0 -> 1
Cell (virus_2717680,host_89673): 0 -> 1
Cell (virus_2717680,host_148061): 0 -> 1
Cell (virus_2717680,host_9430): 0 -> 1
Cell (virus_2717680,host_1434095): 0 -> 1
Cell (virus_2717680,host_221086): 0 -> 1
Cell (virus_2717680,host_221087): 0 -> 1
Cell (virus_2717680,host_187007): 0 -> 1
Cell (virus_2717680,host_438766): 0 -> 1
Cell (virus_2717680,host_258934): 0 -> 1
Cell (virus_2717680,host_479723): 0 -> 1
Cell (virus_2717680,host_3041509): 0 -> 1
Cell (virus_2717680,host_2218597): 0 -> 1
Cell (virus_2717680,host_242384): 0 -> 1
Cell (virus_2717680,host_452595): 0 -> 1
Cell (virus_2717680,host_3370289): 0 -> 1
Cell (virus_2717680,host_9438): 0 -> 1
Cell (virus_2717680,host_153297): 0 -> 1
Cell (virus_2717680,host_249034): 0 -> 1
Cell (virus_2833022,host_294653): 0 -> 1
Cell (virus_2833022,host_59463): 0 -> 1
Cell (virus_2833022,host_109480): 0 -> 1
Cell (virus_2833022,host_1633875): 0 -> 1
Cell (virus_2833022,host_2528591): 0 -> 1
Cell (virus_2833022,host_51298): 0 -> 1
Cell (virus_2833022,host_1911917): 0 -> 1
Cell (virus_2833022,host_452654): 0 -> 1
Cell (virus_2833022,host_587652): 0 -> 1
Cell (virus_2833022,host_225400): 0 -> 1
Cell (virus_2833022,host_385037): 0 -> 1
Cell (virus_2833022,host_155035): 0 -> 1
Cell (virus_2833022,host_258925): 0 -> 1
Cell (virus_2833022,host_177185): 0 -> 1
Cell (virus_2833022,host_175524): 0 -> 1
Cell (virus_2833022,host_186991): 0 -> 1
Cell (virus_2833022,host_196889): 0 -> 1
Cell (virus_2833022,host_196297): 0 -> 1
Cell (virus_2833022,host_9402): 0 -> 1
Cell (virus_2833022,host_9403): 0 -> 1
Cell (virus_2833022,host_58057): 0 -> 1
Cell (virus_2833022,host_1898389): 0 -> 1
Cell (virus_2833022,host_372077): 0 -> 1
Cell (virus_2833022,host_903567): 0 -> 1
Cell (virus_2833022,host_58067): 0 -> 1
Cell (virus_2833022,host_58071): 0 -> 1
Cell (virus_2833022,host_58073): 0 -> 1
Cell (virus_2833022,host_1898393): 0 -> 1
Cell (virus_2833022,host_77223): 0 -> 1
Cell (virus_2833022,host_9408): 0 -> 1
Cell (virus_2833022,host_58063): 0 -> 1
Cell (virus_2833022,host_9400): 0 -> 1
Cell (virus_2833022,host_298110): 0 -> 1
Cell (virus_2833022,host_374419): 0 -> 1
Cell (virus_2833022,host_326081): 0 -> 1
Cell (virus_2833022,host_118856): 0 -> 1
Cell (virus_2833022,host_27663): 0 -> 1
Cell (virus_2833022,host_574064): 0 -> 1
Cell (virus_2833022,host_27660): 0 -> 1
Cell (virus_2833022,host_89673): 0 -> 1
Cell (virus_2833022,host_148061): 0 -> 1
Cell (virus_2833022,host_9430): 0 -> 1
Cell (virus_2833022,host_1434095): 0 -> 1
Cell (virus_2833022,host_221086): 0 -> 1
Cell (virus_2833022,host_221087): 0 -> 1
Cell (virus_2833022,host_187007): 0 -> 1
Cell (virus_2833022,host_438766): 0 -> 1
Cell (virus_2833022,host_258934): 0 -> 1
Cell (virus_2833022,host_479723): 0 -> 1
Cell (virus_2833022,host_3041509): 0 -> 1
Cell (virus_2833022,host_2218597): 0 -> 1
Cell (virus_2833022,host_242384): 0 -> 1
Cell (virus_2833022,host_452595): 0 -> 1
Cell (virus_2833022,host_3370289): 0 -> 1
Cell (virus_2833022,host_9438): 0 -> 1
Cell (virus_2833022,host_153297): 0 -> 1
Cell (virus_2833022,host_249034): 0 -> 1
Cell (virus_2913444,host_294653): 0 -> 1
Cell (virus_2913444,host_59463): 0 -> 1
Cell (virus_2913444,host_109480): 0 -> 1
Cell (virus_2913444,host_1633875): 0 -> 1
Cell (virus_2913444,host_2528591): 0 -> 1
Cell (virus_2913444,host_51298): 0 -> 1
Cell (virus_2913444,host_1911917): 0 -> 1
Cell (virus_2913444,host_452654): 0 -> 1
Cell (virus_2913444,host_587652): 0 -> 1
Cell (virus_2913444,host_225400): 0 -> 1
Cell (virus_2913444,host_385037): 0 -> 1
Cell (virus_2913444,host_155035): 0 -> 1
Cell (virus_2913444,host_258925): 0 -> 1
Cell (virus_2913444,host_177185): 0 -> 1
Cell (virus_2913444,host_186991): 0 -> 1
Cell (virus_2913444,host_196889): 0 -> 1
Cell (virus_2913444,host_196297): 0 -> 1
Cell (virus_2913444,host_9402): 0 -> 1
Cell (virus_2913444,host_9403): 0 -> 1
Cell (virus_2913444,host_58057): 0 -> 1
Cell (virus_2913444,host_1898389): 0 -> 1
Cell (virus_2913444,host_372077): 0 -> 1
Cell (virus_2913444,host_903567): 0 -> 1
Cell (virus_2913444,host_58067): 0 -> 1
Cell (virus_2913444,host_58071): 0 -> 1
Cell (virus_2913444,host_58073): 0 -> 1
Cell (virus_2913444,host_1898393): 0 -> 1
Cell (virus_2913444,host_77223): 0 -> 1
Cell (virus_2913444,host_9408): 0 -> 1
Cell (virus_2913444,host_58063): 0 -> 1
Cell (virus_2913444,host_9400): 0 -> 1
Cell (virus_2913444,host_298110): 0 -> 1
Cell (virus_2913444,host_374419): 0 -> 1
Cell (virus_2913444,host_326081): 0 -> 1
Cell (virus_2913444,host_118856): 0 -> 1
Cell (virus_2913444,host_27663): 0 -> 1
Cell (virus_2913444,host_574064): 0 -> 1
Cell (virus_2913444,host_27660): 0 -> 1
Cell (virus_2913444,host_89673): 0 -> 1
Cell (virus_2913444,host_148061): 0 -> 1
Cell (virus_2913444,host_9430): 0 -> 1
Cell (virus_2913444,host_1434095): 0 -> 1
Cell (virus_2913444,host_221086): 0 -> 1
Cell (virus_2913444,host_221087): 0 -> 1
Cell (virus_2913444,host_187007): 0 -> 1
Cell (virus_2913444,host_438766): 0 -> 1
Cell (virus_2913444,host_258934): 0 -> 1
Cell (virus_2913444,host_479723): 0 -> 1
Cell (virus_2913444,host_3041509): 0 -> 1
Cell (virus_2913444,host_2218597): 0 -> 1
Cell (virus_2913444,host_242384): 0 -> 1
Cell (virus_2913444,host_452595): 0 -> 1
Cell (virus_2913444,host_3370289): 0 -> 1
Cell (virus_2913444,host_9438): 0 -> 1
Cell (virus_2913444,host_153297): 0 -> 1
Cell (virus_2913444,host_249034): 0 -> 1
Cell (virus_3418614,host_294653): 0 -> 1
Cell (virus_3418614,host_59463): 0 -> 1
Cell (virus_3418614,host_109480): 0 -> 1
Cell (virus_3418614,host_1633875): 0 -> 1
Cell (virus_3418614,host_2528591): 0 -> 1
Cell (virus_3418614,host_51298): 0 -> 1
Cell (virus_3418614,host_225399): 0 -> 1
Cell (virus_3418614,host_1911917): 0 -> 1
Cell (virus_3418614,host_452654): 0 -> 1
Cell (virus_3418614,host_587652): 0 -> 1
Cell (virus_3418614,host_225400): 0 -> 1
Cell (virus_3418614,host_385037): 0 -> 1
Cell (virus_3418614,host_155035): 0 -> 1
Cell (virus_3418614,host_258925): 0 -> 1
Cell (virus_3418614,host_177185): 0 -> 1
Cell (virus_3418614,host_186991): 0 -> 1
Cell (virus_3418614,host_196889): 0 -> 1
Cell (virus_3418614,host_196297): 0 -> 1
Cell (virus_3418614,host_9402): 0 -> 1
Cell (virus_3418614,host_9403): 0 -> 1
Cell (virus_3418614,host_58057): 0 -> 1
Cell (virus_3418614,host_1898389): 0 -> 1
Cell (virus_3418614,host_372077): 0 -> 1
Cell (virus_3418614,host_903567): 0 -> 1
Cell (virus_3418614,host_58067): 0 -> 1
Cell (virus_3418614,host_58071): 0 -> 1
Cell (virus_3418614,host_58073): 0 -> 1
Cell (virus_3418614,host_1898393): 0 -> 1
Cell (virus_3418614,host_77223): 0 -> 1
Cell (virus_3418614,host_9408): 0 -> 1
Cell (virus_3418614,host_58063): 0 -> 1
Cell (virus_3418614,host_9400): 0 -> 1
Cell (virus_3418614,host_298110): 0 -> 1
Cell (virus_3418614,host_374419): 0 -> 1
Cell (virus_3418614,host_326081): 0 -> 1
Cell (virus_3418614,host_118856): 0 -> 1
Cell (virus_3418614,host_27663): 0 -> 1
Cell (virus_3418614,host_574064): 0 -> 1
Cell (virus_3418614,host_27660): 0 -> 1
Cell (virus_3418614,host_89673): 0 -> 1
Cell (virus_3418614,host_148061): 0 -> 1
Cell (virus_3418614,host_9430): 0 -> 1
Cell (virus_3418614,host_1434095): 0 -> 1
Cell (virus_3418614,host_221086): 0 -> 1
Cell (virus_3418614,host_221087): 0 -> 1
Cell (virus_3418614,host_187007): 0 -> 1
Cell (virus_3418614,host_438766): 0 -> 1
Cell (virus_3418614,host_258934): 0 -> 1
Cell (virus_3418614,host_479723): 0 -> 1
Cell (virus_3418614,host_3041509): 0 -> 1
Cell (virus_3418614,host_2218597): 0 -> 1
Cell (virus_3418614,host_242384): 0 -> 1
Cell (virus_3418614,host_452595): 0 -> 1
Cell (virus_3418614,host_3370289): 0 -> 1
Cell (virus_3418614,host_9438): 0 -> 1
Cell (virus_3418614,host_153297): 0 -> 1
Cell (virus_3418614,host_249034): 0 -> 1
Cell (virus_2913379,host_294653): 0 -> 1
Cell (virus_2913379,host_59463): 0 -> 1
Cell (virus_2913379,host_109480): 0 -> 1
Cell (virus_2913379,host_1633875): 0 -> 1
Cell (virus_2913379,host_2528591): 0 -> 1
Cell (virus_2913379,host_51298): 0 -> 1
Cell (virus_2913379,host_225399): 0 -> 1
Cell (virus_2913379,host_1911917): 0 -> 1
Cell (virus_2913379,host_452654): 0 -> 1
Cell (virus_2913379,host_587652): 0 -> 1
Cell (virus_2913379,host_225400): 0 -> 1
Cell (virus_2913379,host_385037): 0 -> 1
Cell (virus_2913379,host_155035): 0 -> 1
Cell (virus_2913379,host_258925): 0 -> 1
Cell (virus_2913379,host_177185): 0 -> 1
Cell (virus_2913379,host_186991): 0 -> 1
Cell (virus_2913379,host_196889): 0 -> 1
Cell (virus_2913379,host_196297): 0 -> 1
Cell (virus_2913379,host_9402): 0 -> 1
Cell (virus_2913379,host_9403): 0 -> 1
Cell (virus_2913379,host_58057): 0 -> 1
Cell (virus_2913379,host_1898389): 0 -> 1
Cell (virus_2913379,host_372077): 0 -> 1
Cell (virus_2913379,host_903567): 0 -> 1
Cell (virus_2913379,host_58067): 0 -> 1
Cell (virus_2913379,host_58071): 0 -> 1
Cell (virus_2913379,host_58073): 0 -> 1
Cell (virus_2913379,host_1898393): 0 -> 1
Cell (virus_2913379,host_77223): 0 -> 1
Cell (virus_2913379,host_9408): 0 -> 1
Cell (virus_2913379,host_58063): 0 -> 1
Cell (virus_2913379,host_9400): 0 -> 1
Cell (virus_2913379,host_298110): 0 -> 1
Cell (virus_2913379,host_374419): 0 -> 1
Cell (virus_2913379,host_326081): 0 -> 1
Cell (virus_2913379,host_118856): 0 -> 1
Cell (virus_2913379,host_27663): 0 -> 1
Cell (virus_2913379,host_574064): 0 -> 1
Cell (virus_2913379,host_27660): 0 -> 1
Cell (virus_2913379,host_89673): 0 -> 1
Cell (virus_2913379,host_148061): 0 -> 1
Cell (virus_2913379,host_9430): 0 -> 1
Cell (virus_2913379,host_94961): 0 -> 1
Cell (virus_2913379,host_1434095): 0 -> 1
Cell (virus_2913379,host_221086): 0 -> 1
Cell (virus_2913379,host_221087): 0 -> 1
Cell (virus_2913379,host_187007): 0 -> 1
Cell (virus_2913379,host_438766): 0 -> 1
Cell (virus_2913379,host_258934): 0 -> 1
Cell (virus_2913379,host_479723): 0 -> 1
Cell (virus_2913379,host_3041509): 0 -> 1
Cell (virus_2913379,host_242384): 0 -> 1
Cell (virus_2913379,host_452595): 0 -> 1
Cell (virus_2913379,host_3370289): 0 -> 1
Cell (virus_2913379,host_9438): 0 -> 1
Cell (virus_2913379,host_153297): 0 -> 1
Cell (virus_2913379,host_249034): 0 -> 1
Cell (virus_2913381,host_294653): 0 -> 1
Cell (virus_2913381,host_59463): 0 -> 1
Cell (virus_2913381,host_109480): 0 -> 1
Cell (virus_2913381,host_1633875): 0 -> 1
Cell (virus_2913381,host_2528591): 0 -> 1
Cell (virus_2913381,host_51298): 0 -> 1
Cell (virus_2913381,host_225399): 0 -> 1
Cell (virus_2913381,host_1911917): 0 -> 1
Cell (virus_2913381,host_452654): 0 -> 1
Cell (virus_2913381,host_587652): 0 -> 1
Cell (virus_2913381,host_225400): 0 -> 1
Cell (virus_2913381,host_385037): 0 -> 1
Cell (virus_2913381,host_155035): 0 -> 1
Cell (virus_2913381,host_258925): 0 -> 1
Cell (virus_2913381,host_177185): 0 -> 1
Cell (virus_2913381,host_186991): 0 -> 1
Cell (virus_2913381,host_196889): 0 -> 1
Cell (virus_2913381,host_196297): 0 -> 1
Cell (virus_2913381,host_9402): 0 -> 1
Cell (virus_2913381,host_9403): 0 -> 1
Cell (virus_2913381,host_58057): 0 -> 1
Cell (virus_2913381,host_1898389): 0 -> 1
Cell (virus_2913381,host_372077): 0 -> 1
Cell (virus_2913381,host_903567): 0 -> 1
Cell (virus_2913381,host_58067): 0 -> 1
Cell (virus_2913381,host_58071): 0 -> 1
Cell (virus_2913381,host_58073): 0 -> 1
Cell (virus_2913381,host_1898393): 0 -> 1
Cell (virus_2913381,host_77223): 0 -> 1
Cell (virus_2913381,host_9408): 0 -> 1
Cell (virus_2913381,host_58063): 0 -> 1
Cell (virus_2913381,host_9400): 0 -> 1
Cell (virus_2913381,host_298110): 0 -> 1
Cell (virus_2913381,host_374419): 0 -> 1
Cell (virus_2913381,host_326081): 0 -> 1
Cell (virus_2913381,host_118856): 0 -> 1
Cell (virus_2913381,host_27663): 0 -> 1
Cell (virus_2913381,host_574064): 0 -> 1
Cell (virus_2913381,host_27660): 0 -> 1
Cell (virus_2913381,host_89673): 0 -> 1
Cell (virus_2913381,host_148061): 0 -> 1
Cell (virus_2913381,host_9430): 0 -> 1
Cell (virus_2913381,host_94961): 0 -> 1
Cell (virus_2913381,host_1434095): 0 -> 1
Cell (virus_2913381,host_221086): 0 -> 1
Cell (virus_2913381,host_221087): 0 -> 1
Cell (virus_2913381,host_187007): 0 -> 1
Cell (virus_2913381,host_438766): 0 -> 1
Cell (virus_2913381,host_258934): 0 -> 1
Cell (virus_2913381,host_479723): 0 -> 1
Cell (virus_2913381,host_3041509): 0 -> 1
Cell (virus_2913381,host_242384): 0 -> 1
Cell (virus_2913381,host_452595): 0 -> 1
Cell (virus_2913381,host_3370289): 0 -> 1
Cell (virus_2913381,host_9438): 0 -> 1
Cell (virus_2913381,host_153297): 0 -> 1
Cell (virus_2913381,host_249034): 0 -> 1
Cell (virus_3418613,host_294653): 0 -> 1
Cell (virus_3418613,host_59463): 0 -> 1
Cell (virus_3418613,host_1633875): 0 -> 1
Cell (virus_3418613,host_2528591): 0 -> 1
Cell (virus_3418613,host_51298): 0 -> 1
Cell (virus_3418613,host_225399): 0 -> 1
Cell (virus_3418613,host_1911917): 0 -> 1
Cell (virus_3418613,host_452654): 0 -> 1
Cell (virus_3418613,host_587652): 0 -> 1
Cell (virus_3418613,host_225400): 0 -> 1
Cell (virus_3418613,host_385037): 0 -> 1
Cell (virus_3418613,host_155035): 0 -> 1
Cell (virus_3418613,host_258925): 0 -> 1
Cell (virus_3418613,host_177185): 0 -> 1
Cell (virus_3418613,host_186991): 0 -> 1
Cell (virus_3418613,host_196889): 0 -> 1
Cell (virus_3418613,host_196297): 0 -> 1
Cell (virus_3418613,host_9402): 0 -> 1
Cell (virus_3418613,host_9403): 0 -> 1
Cell (virus_3418613,host_58057): 0 -> 1
Cell (virus_3418613,host_1898389): 0 -> 1
Cell (virus_3418613,host_372077): 0 -> 1
Cell (virus_3418613,host_903567): 0 -> 1
Cell (virus_3418613,host_58067): 0 -> 1
Cell (virus_3418613,host_58071): 0 -> 1
Cell (virus_3418613,host_58073): 0 -> 1
Cell (virus_3418613,host_1898393): 0 -> 1
Cell (virus_3418613,host_77223): 0 -> 1
Cell (virus_3418613,host_9408): 0 -> 1
Cell (virus_3418613,host_58063): 0 -> 1
Cell (virus_3418613,host_9400): 0 -> 1
Cell (virus_3418613,host_298110): 0 -> 1
Cell (virus_3418613,host_374419): 0 -> 1
Cell (virus_3418613,host_326081): 0 -> 1
Cell (virus_3418613,host_118856): 0 -> 1
Cell (virus_3418613,host_27663): 0 -> 1
Cell (virus_3418613,host_574064): 0 -> 1
Cell (virus_3418613,host_27660): 0 -> 1
Cell (virus_3418613,host_89673): 0 -> 1
Cell (virus_3418613,host_148061): 0 -> 1
Cell (virus_3418613,host_9430): 0 -> 1
Cell (virus_3418613,host_94961): 0 -> 1
Cell (virus_3418613,host_1434095): 0 -> 1
Cell (virus_3418613,host_221086): 0 -> 1
Cell (virus_3418613,host_221087): 0 -> 1
Cell (virus_3418613,host_187007): 0 -> 1
Cell (virus_3418613,host_438766): 0 -> 1
Cell (virus_3418613,host_258934): 0 -> 1
Cell (virus_3418613,host_479723): 0 -> 1
Cell (virus_3418613,host_3041509): 0 -> 1
Cell (virus_3418613,host_242384): 0 -> 1
Cell (virus_3418613,host_452595): 0 -> 1
Cell (virus_3418613,host_3370289): 0 -> 1
Cell (virus_3418613,host_9438): 0 -> 1
Cell (virus_3418613,host_153297): 0 -> 1
Cell (virus_3418613,host_249034): 0 -> 1
Cell (virus_2913443,host_294653): 0 -> 1
Cell (virus_2913443,host_59463): 0 -> 1
Cell (virus_2913443,host_109480): 0 -> 1
Cell (virus_2913443,host_1633875): 0 -> 1
Cell (virus_2913443,host_2528591): 0 -> 1
Cell (virus_2913443,host_51298): 0 -> 1
Cell (virus_2913443,host_225399): 0 -> 1
Cell (virus_2913443,host_1911917): 0 -> 1
Cell (virus_2913443,host_452654): 0 -> 1
Cell (virus_2913443,host_587652): 0 -> 1
Cell (virus_2913443,host_225400): 0 -> 1
Cell (virus_2913443,host_385037): 0 -> 1
Cell (virus_2913443,host_155035): 0 -> 1
Cell (virus_2913443,host_258925): 0 -> 1
Cell (virus_2913443,host_177185): 0 -> 1
Cell (virus_2913443,host_186991): 0 -> 1
Cell (virus_2913443,host_196889): 0 -> 1
Cell (virus_2913443,host_196297): 0 -> 1
Cell (virus_2913443,host_9402): 0 -> 1
Cell (virus_2913443,host_58057): 0 -> 1
Cell (virus_2913443,host_1898389): 0 -> 1
Cell (virus_2913443,host_372077): 0 -> 1
Cell (virus_2913443,host_903567): 0 -> 1
Cell (virus_2913443,host_58067): 0 -> 1
Cell (virus_2913443,host_58071): 0 -> 1
Cell (virus_2913443,host_58073): 0 -> 1
Cell (virus_2913443,host_1898393): 0 -> 1
Cell (virus_2913443,host_77223): 0 -> 1
Cell (virus_2913443,host_9408): 0 -> 1
Cell (virus_2913443,host_58063): 0 -> 1
Cell (virus_2913443,host_9400): 0 -> 1
Cell (virus_2913443,host_298110): 0 -> 1
Cell (virus_2913443,host_374419): 0 -> 1
Cell (virus_2913443,host_118856): 0 -> 1
Cell (virus_2913443,host_27663): 0 -> 1
Cell (virus_2913443,host_574064): 0 -> 1
Cell (virus_2913443,host_27660): 0 -> 1
Cell (virus_2913443,host_89673): 0 -> 1
Cell (virus_2913443,host_148061): 0 -> 1
Cell (virus_2913443,host_9430): 0 -> 1
Cell (virus_2913443,host_94961): 0 -> 1
Cell (virus_2913443,host_1434095): 0 -> 1
Cell (virus_2913443,host_221086): 0 -> 1
Cell (virus_2913443,host_221087): 0 -> 1
Cell (virus_2913443,host_187007): 0 -> 1
Cell (virus_2913443,host_438766): 0 -> 1
Cell (virus_2913443,host_258934): 0 -> 1
Cell (virus_2913443,host_479723): 0 -> 1
Cell (virus_2913443,host_3041509): 0 -> 1
Cell (virus_2913443,host_2218597): 0 -> 1
Cell (virus_2913443,host_242384): 0 -> 1
Cell (virus_2913443,host_452595): 0 -> 1
Cell (virus_2913443,host_3370289): 0 -> 1
Cell (virus_2913443,host_9438): 0 -> 1
Cell (virus_2913443,host_153297): 0 -> 1
Cell (virus_2913443,host_249034): 0 -> 1
Cell (virus_2972746,host_294653): 0 -> 1
Cell (virus_2972746,host_59463): 0 -> 1
Cell (virus_2972746,host_109480): 0 -> 1
Cell (virus_2972746,host_1633875): 0 -> 1
Cell (virus_2972746,host_2528591): 0 -> 1
Cell (virus_2972746,host_51298): 0 -> 1
Cell (virus_2972746,host_225399): 0 -> 1
Cell (virus_2972746,host_1911917): 0 -> 1
Cell (virus_2972746,host_452654): 0 -> 1
Cell (virus_2972746,host_587652): 0 -> 1
Cell (virus_2972746,host_225400): 0 -> 1
Cell (virus_2972746,host_385037): 0 -> 1
Cell (virus_2972746,host_155035): 0 -> 1
Cell (virus_2972746,host_258925): 0 -> 1
Cell (virus_2972746,host_177185): 0 -> 1
Cell (virus_2972746,host_186991): 0 -> 1
Cell (virus_2972746,host_196889): 0 -> 1
Cell (virus_2972746,host_196297): 0 -> 1
Cell (virus_2972746,host_9402): 0 -> 1
Cell (virus_2972746,host_58057): 0 -> 1
Cell (virus_2972746,host_1898389): 0 -> 1
Cell (virus_2972746,host_372077): 0 -> 1
Cell (virus_2972746,host_903567): 0 -> 1
Cell (virus_2972746,host_58067): 0 -> 1
Cell (virus_2972746,host_58071): 0 -> 1
Cell (virus_2972746,host_58073): 0 -> 1
Cell (virus_2972746,host_1898393): 0 -> 1
Cell (virus_2972746,host_77223): 0 -> 1
Cell (virus_2972746,host_9408): 0 -> 1
Cell (virus_2972746,host_58063): 0 -> 1
Cell (virus_2972746,host_9400): 0 -> 1
Cell (virus_2972746,host_298110): 0 -> 1
Cell (virus_2972746,host_374419): 0 -> 1
Cell (virus_2972746,host_326081): 0 -> 1
Cell (virus_2972746,host_118856): 0 -> 1
Cell (virus_2972746,host_27663): 0 -> 1
Cell (virus_2972746,host_574064): 0 -> 1
Cell (virus_2972746,host_27660): 0 -> 1
Cell (virus_2972746,host_89673): 0 -> 1
Cell (virus_2972746,host_148061): 0 -> 1
Cell (virus_2972746,host_9430): 0 -> 1
Cell (virus_2972746,host_94961): 0 -> 1
Cell (virus_2972746,host_1434095): 0 -> 1
Cell (virus_2972746,host_221086): 0 -> 1
Cell (virus_2972746,host_221087): 0 -> 1
Cell (virus_2972746,host_187007): 0 -> 1
Cell (virus_2972746,host_438766): 0 -> 1
Cell (virus_2972746,host_258934): 0 -> 1
Cell (virus_2972746,host_479723): 0 -> 1
Cell (virus_2972746,host_3041509): 0 -> 1
Cell (virus_2972746,host_2218597): 0 -> 1
Cell (virus_2972746,host_242384): 0 -> 1
Cell (virus_2972746,host_452595): 0 -> 1
Cell (virus_2972746,host_3370289): 0 -> 1
Cell (virus_2972746,host_9438): 0 -> 1
Cell (virus_2972746,host_153297): 0 -> 1
Cell (virus_2972746,host_249034): 0 -> 1
Cell (virus_1805463,host_294653): 0 -> 1
Cell (virus_1805463,host_59463): 0 -> 1
Cell (virus_1805463,host_109480): 0 -> 1
Cell (virus_1805463,host_1633875): 0 -> 1
Cell (virus_1805463,host_2528591): 0 -> 1
Cell (virus_1805463,host_51298): 0 -> 1
Cell (virus_1805463,host_225399): 0 -> 1
Cell (virus_1805463,host_1911917): 0 -> 1
Cell (virus_1805463,host_452654): 0 -> 1
Cell (virus_1805463,host_587652): 0 -> 1
Cell (virus_1805463,host_225400): 0 -> 1
Cell (virus_1805463,host_385037): 0 -> 1
Cell (virus_1805463,host_155035): 0 -> 1
Cell (virus_1805463,host_258925): 0 -> 1
Cell (virus_1805463,host_177185): 0 -> 1
Cell (virus_1805463,host_186991): 0 -> 1
Cell (virus_1805463,host_196889): 0 -> 1
Cell (virus_1805463,host_196297): 0 -> 1
Cell (virus_1805463,host_9402): 0 -> 1
Cell (virus_1805463,host_9403): 0 -> 1
Cell (virus_1805463,host_58057): 0 -> 1
Cell (virus_1805463,host_372077): 0 -> 1
Cell (virus_1805463,host_903567): 0 -> 1
Cell (virus_1805463,host_58067): 0 -> 1
Cell (virus_1805463,host_58071): 0 -> 1
Cell (virus_1805463,host_58073): 0 -> 1
Cell (virus_1805463,host_1898393): 0 -> 1
Cell (virus_1805463,host_77223): 0 -> 1
Cell (virus_1805463,host_58063): 0 -> 1
Cell (virus_1805463,host_9400): 0 -> 1
Cell (virus_1805463,host_298110): 0 -> 1
Cell (virus_1805463,host_374419): 0 -> 1
Cell (virus_1805463,host_326081): 0 -> 1
Cell (virus_1805463,host_27663): 0 -> 1
Cell (virus_1805463,host_574064): 0 -> 1
Cell (virus_1805463,host_27660): 0 -> 1
Cell (virus_1805463,host_409031): 0 -> 1
Cell (virus_1805463,host_89673): 0 -> 1
Cell (virus_1805463,host_1434095): 0 -> 1
Cell (virus_1805463,host_221086): 0 -> 1
Cell (virus_1805463,host_221087): 0 -> 1
Cell (virus_1805463,host_187007): 0 -> 1
Cell (virus_1805463,host_438766): 0 -> 1
Cell (virus_1805463,host_258934): 0 -> 1
Cell (virus_1805463,host_479723): 0 -> 1
Cell (virus_1805463,host_3041509): 0 -> 1
Cell (virus_1805463,host_2218597): 0 -> 1
Cell (virus_1805463,host_242384): 0 -> 1
Cell (virus_1805463,host_452595): 0 -> 1
Cell (virus_1805463,host_3370289): 0 -> 1
Cell (virus_1805463,host_9438): 0 -> 1
Cell (virus_1805463,host_153297): 0 -> 1
Cell (virus_1805463,host_249034): 0 -> 1
Cell (virus_3061635,host_294653): 0 -> 1
Cell (virus_3061635,host_59463): 0 -> 1
Cell (virus_3061635,host_109480): 0 -> 1
Cell (virus_3061635,host_1633875): 0 -> 1
Cell (virus_3061635,host_2528591): 0 -> 1
Cell (virus_3061635,host_51298): 0 -> 1
Cell (virus_3061635,host_225399): 0 -> 1
Cell (virus_3061635,host_1911917): 0 -> 1
Cell (virus_3061635,host_452654): 0 -> 1
Cell (virus_3061635,host_587652): 0 -> 1
Cell (virus_3061635,host_225400): 0 -> 1
Cell (virus_3061635,host_385037): 0 -> 1
Cell (virus_3061635,host_155035): 0 -> 1
Cell (virus_3061635,host_258925): 0 -> 1
Cell (virus_3061635,host_177185): 0 -> 1
Cell (virus_3061635,host_186991): 0 -> 1
Cell (virus_3061635,host_196889): 0 -> 1
Cell (virus_3061635,host_196297): 0 -> 1
Cell (virus_3061635,host_9402): 0 -> 1
Cell (virus_3061635,host_9403): 0 -> 1
Cell (virus_3061635,host_58057): 0 -> 1
Cell (virus_3061635,host_372077): 0 -> 1
Cell (virus_3061635,host_903567): 0 -> 1
Cell (virus_3061635,host_58067): 0 -> 1
Cell (virus_3061635,host_58071): 0 -> 1
Cell (virus_3061635,host_58073): 0 -> 1
Cell (virus_3061635,host_1898393): 0 -> 1
Cell (virus_3061635,host_77223): 0 -> 1
Cell (virus_3061635,host_58063): 0 -> 1
Cell (virus_3061635,host_9400): 0 -> 1
Cell (virus_3061635,host_298110): 0 -> 1
Cell (virus_3061635,host_374419): 0 -> 1
Cell (virus_3061635,host_326081): 0 -> 1
Cell (virus_3061635,host_27663): 0 -> 1
Cell (virus_3061635,host_574064): 0 -> 1
Cell (virus_3061635,host_27660): 0 -> 1
Cell (virus_3061635,host_409031): 0 -> 1
Cell (virus_3061635,host_89673): 0 -> 1
Cell (virus_3061635,host_1434095): 0 -> 1
Cell (virus_3061635,host_221086): 0 -> 1
Cell (virus_3061635,host_221087): 0 -> 1
Cell (virus_3061635,host_187007): 0 -> 1
Cell (virus_3061635,host_438766): 0 -> 1
Cell (virus_3061635,host_258934): 0 -> 1
Cell (virus_3061635,host_479723): 0 -> 1
Cell (virus_3061635,host_3041509): 0 -> 1
Cell (virus_3061635,host_2218597): 0 -> 1
Cell (virus_3061635,host_242384): 0 -> 1
Cell (virus_3061635,host_452595): 0 -> 1
Cell (virus_3061635,host_3370289): 0 -> 1
Cell (virus_3061635,host_9438): 0 -> 1
Cell (virus_3061635,host_153297): 0 -> 1
Cell (virus_3061635,host_249034): 0 -> 1
Cell (virus_3068888,host_294653): 0 -> 1
Cell (virus_3068888,host_59463): 0 -> 1
Cell (virus_3068888,host_109480): 0 -> 1
Cell (virus_3068888,host_1633875): 0 -> 1
Cell (virus_3068888,host_2528591): 0 -> 1
Cell (virus_3068888,host_51298): 0 -> 1
Cell (virus_3068888,host_225399): 0 -> 1
Cell (virus_3068888,host_1911917): 0 -> 1
Cell (virus_3068888,host_452654): 0 -> 1
Cell (virus_3068888,host_587652): 0 -> 1
Cell (virus_3068888,host_225400): 0 -> 1
Cell (virus_3068888,host_385037): 0 -> 1
Cell (virus_3068888,host_155035): 0 -> 1
Cell (virus_3068888,host_258925): 0 -> 1
Cell (virus_3068888,host_177185): 0 -> 1
Cell (virus_3068888,host_186991): 0 -> 1
Cell (virus_3068888,host_196889): 0 -> 1
Cell (virus_3068888,host_196297): 0 -> 1
Cell (virus_3068888,host_9402): 0 -> 1
Cell (virus_3068888,host_9403): 0 -> 1
Cell (virus_3068888,host_58057): 0 -> 1
Cell (virus_3068888,host_372077): 0 -> 1
Cell (virus_3068888,host_903567): 0 -> 1
Cell (virus_3068888,host_58067): 0 -> 1
Cell (virus_3068888,host_58071): 0 -> 1
Cell (virus_3068888,host_58073): 0 -> 1
Cell (virus_3068888,host_1898393): 0 -> 1
Cell (virus_3068888,host_77223): 0 -> 1
Cell (virus_3068888,host_58063): 0 -> 1
Cell (virus_3068888,host_9400): 0 -> 1
Cell (virus_3068888,host_298110): 0 -> 1
Cell (virus_3068888,host_374419): 0 -> 1
Cell (virus_3068888,host_326081): 0 -> 1
Cell (virus_3068888,host_27663): 0 -> 1
Cell (virus_3068888,host_574064): 0 -> 1
Cell (virus_3068888,host_27660): 0 -> 1
Cell (virus_3068888,host_409031): 0 -> 1
Cell (virus_3068888,host_89673): 0 -> 1
Cell (virus_3068888,host_1434095): 0 -> 1
Cell (virus_3068888,host_221086): 0 -> 1
Cell (virus_3068888,host_221087): 0 -> 1
Cell (virus_3068888,host_187007): 0 -> 1
Cell (virus_3068888,host_438766): 0 -> 1
Cell (virus_3068888,host_258934): 0 -> 1
Cell (virus_3068888,host_479723): 0 -> 1
Cell (virus_3068888,host_3041509): 0 -> 1
Cell (virus_3068888,host_2218597): 0 -> 1
Cell (virus_3068888,host_242384): 0 -> 1
Cell (virus_3068888,host_452595): 0 -> 1
Cell (virus_3068888,host_3370289): 0 -> 1
Cell (virus_3068888,host_9438): 0 -> 1
Cell (virus_3068888,host_153297): 0 -> 1
Cell (virus_3068888,host_249034): 0 -> 1
Cell (virus_2833184,host_294653): 0 -> 1
Cell (virus_2833184,host_59463): 0 -> 1
Cell (virus_2833184,host_109480): 0 -> 1
Cell (virus_2833184,host_1633875): 0 -> 1
Cell (virus_2833184,host_2528591): 0 -> 1
Cell (virus_2833184,host_51298): 0 -> 1
Cell (virus_2833184,host_225399): 0 -> 1
Cell (virus_2833184,host_1911917): 0 -> 1
Cell (virus_2833184,host_452654): 0 -> 1
Cell (virus_2833184,host_587652): 0 -> 1
Cell (virus_2833184,host_225400): 0 -> 1
Cell (virus_2833184,host_385037): 0 -> 1
Cell (virus_2833184,host_155035): 0 -> 1
Cell (virus_2833184,host_258925): 0 -> 1
Cell (virus_2833184,host_177185): 0 -> 1
Cell (virus_2833184,host_186991): 0 -> 1
Cell (virus_2833184,host_196889): 0 -> 1
Cell (virus_2833184,host_196297): 0 -> 1
Cell (virus_2833184,host_9402): 0 -> 1
Cell (virus_2833184,host_9403): 0 -> 1
Cell (virus_2833184,host_58057): 0 -> 1
Cell (virus_2833184,host_372077): 0 -> 1
Cell (virus_2833184,host_903567): 0 -> 1
Cell (virus_2833184,host_58067): 0 -> 1
Cell (virus_2833184,host_58071): 0 -> 1
Cell (virus_2833184,host_58073): 0 -> 1
Cell (virus_2833184,host_1898393): 0 -> 1
Cell (virus_2833184,host_77223): 0 -> 1
Cell (virus_2833184,host_58063): 0 -> 1
Cell (virus_2833184,host_9400): 0 -> 1
Cell (virus_2833184,host_298110): 0 -> 1
Cell (virus_2833184,host_374419): 0 -> 1
Cell (virus_2833184,host_326081): 0 -> 1
Cell (virus_2833184,host_27663): 0 -> 1
Cell (virus_2833184,host_574064): 0 -> 1
Cell (virus_2833184,host_27660): 0 -> 1
Cell (virus_2833184,host_409031): 0 -> 1
Cell (virus_2833184,host_89673): 0 -> 1
Cell (virus_2833184,host_1434095): 0 -> 1
Cell (virus_2833184,host_221086): 0 -> 1
Cell (virus_2833184,host_221087): 0 -> 1
Cell (virus_2833184,host_187007): 0 -> 1
Cell (virus_2833184,host_438766): 0 -> 1
Cell (virus_2833184,host_258934): 0 -> 1
Cell (virus_2833184,host_479723): 0 -> 1
Cell (virus_2833184,host_3041509): 0 -> 1
Cell (virus_2833184,host_2218597): 0 -> 1
Cell (virus_2833184,host_242384): 0 -> 1
Cell (virus_2833184,host_452595): 0 -> 1
Cell (virus_2833184,host_3370289): 0 -> 1
Cell (virus_2833184,host_9438): 0 -> 1
Cell (virus_2833184,host_153297): 0 -> 1
Cell (virus_2833184,host_249034): 0 -> 1
Cell (virus_864596,host_294653): 0 -> 1
Cell (virus_864596,host_59463): 0 -> 1
Cell (virus_864596,host_109480): 0 -> 1
Cell (virus_864596,host_1633875): 0 -> 1
Cell (virus_864596,host_2528591): 0 -> 1
Cell (virus_864596,host_51298): 0 -> 1
Cell (virus_864596,host_225399): 0 -> 1
Cell (virus_864596,host_1911917): 0 -> 1
Cell (virus_864596,host_452654): 0 -> 1
Cell (virus_864596,host_587652): 0 -> 1
Cell (virus_864596,host_225400): 0 -> 1
Cell (virus_864596,host_385037): 0 -> 1
Cell (virus_864596,host_155035): 0 -> 1
Cell (virus_864596,host_258925): 0 -> 1
Cell (virus_864596,host_177185): 0 -> 1
Cell (virus_864596,host_186991): 0 -> 1
Cell (virus_864596,host_196889): 0 -> 1
Cell (virus_864596,host_196297): 0 -> 1
Cell (virus_864596,host_9402): 0 -> 1
Cell (virus_864596,host_9403): 0 -> 1
Cell (virus_864596,host_58057): 0 -> 1
Cell (virus_864596,host_372077): 0 -> 1
Cell (virus_864596,host_903567): 0 -> 1
Cell (virus_864596,host_58067): 0 -> 1
Cell (virus_864596,host_58071): 0 -> 1
Cell (virus_864596,host_58073): 0 -> 1
Cell (virus_864596,host_1898393): 0 -> 1
Cell (virus_864596,host_77223): 0 -> 1
Cell (virus_864596,host_58063): 0 -> 1
Cell (virus_864596,host_9400): 0 -> 1
Cell (virus_864596,host_298110): 0 -> 1
Cell (virus_864596,host_374419): 0 -> 1
Cell (virus_864596,host_326081): 0 -> 1
Cell (virus_864596,host_27663): 0 -> 1
Cell (virus_864596,host_574064): 0 -> 1
Cell (virus_864596,host_27660): 0 -> 1
Cell (virus_864596,host_409031): 0 -> 1
Cell (virus_864596,host_89673): 0 -> 1
Cell (virus_864596,host_1434095): 0 -> 1
Cell (virus_864596,host_221086): 0 -> 1
Cell (virus_864596,host_221087): 0 -> 1
Cell (virus_864596,host_187007): 0 -> 1
Cell (virus_864596,host_438766): 0 -> 1
Cell (virus_864596,host_258934): 0 -> 1
Cell (virus_864596,host_479723): 0 -> 1
Cell (virus_864596,host_3041509): 0 -> 1
Cell (virus_864596,host_2218597): 0 -> 1
Cell (virus_864596,host_242384): 0 -> 1
Cell (virus_864596,host_452595): 0 -> 1
Cell (virus_864596,host_3370289): 0 -> 1
Cell (virus_864596,host_9438): 0 -> 1
Cell (virus_864596,host_153297): 0 -> 1
Cell (virus_864596,host_249034): 0 -> 1
Cell (virus_3068538,host_294653): 0 -> 1
Cell (virus_3068538,host_59463): 0 -> 1
Cell (virus_3068538,host_109480): 0 -> 1
Cell (virus_3068538,host_1633875): 0 -> 1
Cell (virus_3068538,host_2528591): 0 -> 1
Cell (virus_3068538,host_51298): 0 -> 1
Cell (virus_3068538,host_225399): 0 -> 1
Cell (virus_3068538,host_1911917): 0 -> 1
Cell (virus_3068538,host_452654): 0 -> 1
Cell (virus_3068538,host_587652): 0 -> 1
Cell (virus_3068538,host_225400): 0 -> 1
Cell (virus_3068538,host_385037): 0 -> 1
Cell (virus_3068538,host_155035): 0 -> 1
Cell (virus_3068538,host_258925): 0 -> 1
Cell (virus_3068538,host_177185): 0 -> 1
Cell (virus_3068538,host_186991): 0 -> 1
Cell (virus_3068538,host_196889): 0 -> 1
Cell (virus_3068538,host_196297): 0 -> 1
Cell (virus_3068538,host_9402): 0 -> 1
Cell (virus_3068538,host_9403): 0 -> 1
Cell (virus_3068538,host_58057): 0 -> 1
Cell (virus_3068538,host_372077): 0 -> 1
Cell (virus_3068538,host_903567): 0 -> 1
Cell (virus_3068538,host_58067): 0 -> 1
Cell (virus_3068538,host_58071): 0 -> 1
Cell (virus_3068538,host_58073): 0 -> 1
Cell (virus_3068538,host_1898393): 0 -> 1
Cell (virus_3068538,host_77223): 0 -> 1
Cell (virus_3068538,host_58063): 0 -> 1
Cell (virus_3068538,host_9400): 0 -> 1
Cell (virus_3068538,host_298110): 0 -> 1
Cell (virus_3068538,host_374419): 0 -> 1
Cell (virus_3068538,host_326081): 0 -> 1
Cell (virus_3068538,host_27663): 0 -> 1
Cell (virus_3068538,host_574064): 0 -> 1
Cell (virus_3068538,host_27660): 0 -> 1
Cell (virus_3068538,host_409031): 0 -> 1
Cell (virus_3068538,host_89673): 0 -> 1
Cell (virus_3068538,host_1434095): 0 -> 1
Cell (virus_3068538,host_221086): 0 -> 1
Cell (virus_3068538,host_221087): 0 -> 1
Cell (virus_3068538,host_187007): 0 -> 1
Cell (virus_3068538,host_438766): 0 -> 1
Cell (virus_3068538,host_258934): 0 -> 1
Cell (virus_3068538,host_479723): 0 -> 1
Cell (virus_3068538,host_3041509): 0 -> 1
Cell (virus_3068538,host_2218597): 0 -> 1
Cell (virus_3068538,host_242384): 0 -> 1
Cell (virus_3068538,host_452595): 0 -> 1
Cell (virus_3068538,host_3370289): 0 -> 1
Cell (virus_3068538,host_9438): 0 -> 1
Cell (virus_3068538,host_153297): 0 -> 1
Cell (virus_3068538,host_249034): 0 -> 1
Cell (virus_694009,host_294653): 0 -> 1
Cell (virus_694009,host_59463): 0 -> 1
Cell (virus_694009,host_109480): 0 -> 1
Cell (virus_694009,host_1633875): 0 -> 1
Cell (virus_694009,host_2528591): 0 -> 1
Cell (virus_694009,host_51298): 0 -> 1
Cell (virus_694009,host_225399): 0 -> 1
Cell (virus_694009,host_1911917): 0 -> 1
Cell (virus_694009,host_452654): 0 -> 1
Cell (virus_694009,host_587652): 0 -> 1
Cell (virus_694009,host_225400): 0 -> 1
Cell (virus_694009,host_385037): 0 -> 1
Cell (virus_694009,host_155035): 0 -> 1
Cell (virus_694009,host_258925): 0 -> 1
Cell (virus_694009,host_177185): 0 -> 1
Cell (virus_694009,host_186991): 0 -> 1
Cell (virus_694009,host_196889): 0 -> 1
Cell (virus_694009,host_196297): 0 -> 1
Cell (virus_694009,host_9402): 0 -> 1
Cell (virus_694009,host_9403): 0 -> 1
Cell (virus_694009,host_58057): 0 -> 1
Cell (virus_694009,host_372077): 0 -> 1
Cell (virus_694009,host_903567): 0 -> 1
Cell (virus_694009,host_58067): 0 -> 1
Cell (virus_694009,host_58071): 0 -> 1
Cell (virus_694009,host_58073): 0 -> 1
Cell (virus_694009,host_1898393): 0 -> 1
Cell (virus_694009,host_77223): 0 -> 1
Cell (virus_694009,host_58063): 0 -> 1
Cell (virus_694009,host_9400): 0 -> 1
Cell (virus_694009,host_298110): 0 -> 1
Cell (virus_694009,host_374419): 0 -> 1
Cell (virus_694009,host_326081): 0 -> 1
Cell (virus_694009,host_27663): 0 -> 1
Cell (virus_694009,host_574064): 0 -> 1
Cell (virus_694009,host_27660): 0 -> 1
Cell (virus_694009,host_409031): 0 -> 1
Cell (virus_694009,host_89673): 0 -> 1
Cell (virus_694009,host_1434095): 0 -> 1
Cell (virus_694009,host_221086): 0 -> 1
Cell (virus_694009,host_221087): 0 -> 1
Cell (virus_694009,host_187007): 0 -> 1
Cell (virus_694009,host_438766): 0 -> 1
Cell (virus_694009,host_258934): 0 -> 1
Cell (virus_694009,host_479723): 0 -> 1
Cell (virus_694009,host_3041509): 0 -> 1
Cell (virus_694009,host_2218597): 0 -> 1
Cell (virus_694009,host_242384): 0 -> 1
Cell (virus_694009,host_452595): 0 -> 1
Cell (virus_694009,host_3370289): 0 -> 1
Cell (virus_694009,host_9438): 0 -> 1
Cell (virus_694009,host_153297): 0 -> 1
Cell (virus_694009,host_249034): 0 -> 1
Cell (virus_3418604,host_294653): 0 -> 1
Cell (virus_3418604,host_59463): 0 -> 1
Cell (virus_3418604,host_109480): 0 -> 1
Cell (virus_3418604,host_1633875): 0 -> 1
Cell (virus_3418604,host_2528591): 0 -> 1
Cell (virus_3418604,host_51298): 0 -> 1
Cell (virus_3418604,host_225399): 0 -> 1
Cell (virus_3418604,host_1911917): 0 -> 1
Cell (virus_3418604,host_452654): 0 -> 1
Cell (virus_3418604,host_587652): 0 -> 1
Cell (virus_3418604,host_225400): 0 -> 1
Cell (virus_3418604,host_385037): 0 -> 1
Cell (virus_3418604,host_155035): 0 -> 1
Cell (virus_3418604,host_258925): 0 -> 1
Cell (virus_3418604,host_177185): 0 -> 1
Cell (virus_3418604,host_186991): 0 -> 1
Cell (virus_3418604,host_196889): 0 -> 1
Cell (virus_3418604,host_196297): 0 -> 1
Cell (virus_3418604,host_9402): 0 -> 1
Cell (virus_3418604,host_9403): 0 -> 1
Cell (virus_3418604,host_58057): 0 -> 1
Cell (virus_3418604,host_372077): 0 -> 1
Cell (virus_3418604,host_903567): 0 -> 1
Cell (virus_3418604,host_58067): 0 -> 1
Cell (virus_3418604,host_58071): 0 -> 1
Cell (virus_3418604,host_58073): 0 -> 1
Cell (virus_3418604,host_1898393): 0 -> 1
Cell (virus_3418604,host_77223): 0 -> 1
Cell (virus_3418604,host_58063): 0 -> 1
Cell (virus_3418604,host_9400): 0 -> 1
Cell (virus_3418604,host_298110): 0 -> 1
Cell (virus_3418604,host_374419): 0 -> 1
Cell (virus_3418604,host_326081): 0 -> 1
Cell (virus_3418604,host_27663): 0 -> 1
Cell (virus_3418604,host_574064): 0 -> 1
Cell (virus_3418604,host_27660): 0 -> 1
Cell (virus_3418604,host_409031): 0 -> 1
Cell (virus_3418604,host_89673): 0 -> 1
Cell (virus_3418604,host_1434095): 0 -> 1
Cell (virus_3418604,host_221086): 0 -> 1
Cell (virus_3418604,host_221087): 0 -> 1
Cell (virus_3418604,host_187007): 0 -> 1
Cell (virus_3418604,host_438766): 0 -> 1
Cell (virus_3418604,host_258934): 0 -> 1
Cell (virus_3418604,host_479723): 0 -> 1
Cell (virus_3418604,host_3041509): 0 -> 1
Cell (virus_3418604,host_2218597): 0 -> 1
Cell (virus_3418604,host_242384): 0 -> 1
Cell (virus_3418604,host_452595): 0 -> 1
Cell (virus_3418604,host_3370289): 0 -> 1
Cell (virus_3418604,host_9438): 0 -> 1
Cell (virus_3418604,host_153297): 0 -> 1
Cell (virus_3418604,host_249034): 0 -> 1
Cell (virus_2913380,host_294653): 0 -> 1
Cell (virus_2913380,host_59463): 0 -> 1
Cell (virus_2913380,host_109480): 0 -> 1
Cell (virus_2913380,host_1633875): 0 -> 1
Cell (virus_2913380,host_2528591): 0 -> 1
Cell (virus_2913380,host_51298): 0 -> 1
Cell (virus_2913380,host_225399): 0 -> 1
Cell (virus_2913380,host_526407): 0 -> 1
Cell (virus_2913380,host_1911917): 0 -> 1
Cell (virus_2913380,host_452654): 0 -> 1
Cell (virus_2913380,host_587652): 0 -> 1
Cell (virus_2913380,host_225400): 0 -> 1
Cell (virus_2913380,host_385037): 0 -> 1
Cell (virus_2913380,host_155035): 0 -> 1
Cell (virus_2913380,host_258925): 0 -> 1
Cell (virus_2913380,host_177185): 0 -> 1
Cell (virus_2913380,host_187017): 0 -> 1
Cell (virus_2913380,host_186991): 0 -> 1
Cell (virus_2913380,host_196889): 0 -> 1
Cell (virus_2913380,host_196297): 0 -> 1
Cell (virus_2913380,host_9402): 0 -> 1
Cell (virus_2913380,host_9403): 0 -> 1
Cell (virus_2913380,host_58057): 0 -> 1
Cell (virus_2913380,host_1898389): 0 -> 1
Cell (virus_2913380,host_372077): 0 -> 1
Cell (virus_2913380,host_903567): 0 -> 1
Cell (virus_2913380,host_58067): 0 -> 1
Cell (virus_2913380,host_58071): 0 -> 1
Cell (virus_2913380,host_58073): 0 -> 1
Cell (virus_2913380,host_1898393): 0 -> 1
Cell (virus_2913380,host_77223): 0 -> 1
Cell (virus_2913380,host_58063): 0 -> 1
Cell (virus_2913380,host_9400): 0 -> 1
Cell (virus_2913380,host_298110): 0 -> 1
Cell (virus_2913380,host_374419): 0 -> 1
Cell (virus_2913380,host_326081): 0 -> 1
Cell (virus_2913380,host_27663): 0 -> 1
Cell (virus_2913380,host_574064): 0 -> 1
Cell (virus_2913380,host_27660): 0 -> 1
Cell (virus_2913380,host_409031): 0 -> 1
Cell (virus_2913380,host_89673): 0 -> 1
Cell (virus_2913380,host_1434095): 0 -> 1
Cell (virus_2913380,host_221086): 0 -> 1
Cell (virus_2913380,host_221087): 0 -> 1
Cell (virus_2913380,host_187007): 0 -> 1
Cell (virus_2913380,host_438766): 0 -> 1
Cell (virus_2913380,host_258934): 0 -> 1
Cell (virus_2913380,host_479723): 0 -> 1
Cell (virus_2913380,host_3041509): 0 -> 1
Cell (virus_2913380,host_2218597): 0 -> 1
Cell (virus_2913380,host_242384): 0 -> 1
Cell (virus_2913380,host_452595): 0 -> 1
Cell (virus_2913380,host_3370289): 0 -> 1
Cell (virus_2913380,host_9438): 0 -> 1
Cell (virus_2913380,host_153297): 0 -> 1
Cell (virus_2913380,host_249034): 0 -> 1
Cell (virus_989337,host_294653): 0 -> 1
Cell (virus_989337,host_59463): 0 -> 1
Cell (virus_989337,host_109480): 0 -> 1
Cell (virus_989337,host_1633875): 0 -> 1
Cell (virus_989337,host_2528591): 0 -> 1
Cell (virus_989337,host_51298): 0 -> 1
Cell (virus_989337,host_225399): 0 -> 1
Cell (virus_989337,host_526407): 0 -> 1
Cell (virus_989337,host_1911917): 0 -> 1
Cell (virus_989337,host_452654): 0 -> 1
Cell (virus_989337,host_587652): 0 -> 1
Cell (virus_989337,host_225400): 0 -> 1
Cell (virus_989337,host_385037): 0 -> 1
Cell (virus_989337,host_155035): 0 -> 1
Cell (virus_989337,host_258925): 0 -> 1
Cell (virus_989337,host_177185): 0 -> 1
Cell (virus_989337,host_186991): 0 -> 1
Cell (virus_989337,host_196889): 0 -> 1
Cell (virus_989337,host_196297): 0 -> 1
Cell (virus_989337,host_9402): 0 -> 1
Cell (virus_989337,host_9403): 0 -> 1
Cell (virus_989337,host_58057): 0 -> 1
Cell (virus_989337,host_1898389): 0 -> 1
Cell (virus_989337,host_372077): 0 -> 1
Cell (virus_989337,host_903567): 0 -> 1
Cell (virus_989337,host_58067): 0 -> 1
Cell (virus_989337,host_58071): 0 -> 1
Cell (virus_989337,host_58073): 0 -> 1
Cell (virus_989337,host_1898393): 0 -> 1
Cell (virus_989337,host_77223): 0 -> 1
Cell (virus_989337,host_58063): 0 -> 1
Cell (virus_989337,host_9400): 0 -> 1
Cell (virus_989337,host_298110): 0 -> 1
Cell (virus_989337,host_374419): 0 -> 1
Cell (virus_989337,host_326081): 0 -> 1
Cell (virus_989337,host_27663): 0 -> 1
Cell (virus_989337,host_574064): 0 -> 1
Cell (virus_989337,host_27660): 0 -> 1
Cell (virus_989337,host_409031): 0 -> 1
Cell (virus_989337,host_89673): 0 -> 1
Cell (virus_989337,host_1434095): 0 -> 1
Cell (virus_989337,host_221086): 0 -> 1
Cell (virus_989337,host_221087): 0 -> 1
Cell (virus_989337,host_187007): 0 -> 1
Cell (virus_989337,host_438766): 0 -> 1
Cell (virus_989337,host_258934): 0 -> 1
Cell (virus_989337,host_479723): 0 -> 1
Cell (virus_989337,host_3041509): 0 -> 1
Cell (virus_989337,host_2218597): 0 -> 1
Cell (virus_989337,host_242384): 0 -> 1
Cell (virus_989337,host_452595): 0 -> 1
Cell (virus_989337,host_3370289): 0 -> 1
Cell (virus_989337,host_9438): 0 -> 1
Cell (virus_989337,host_153297): 0 -> 1
Cell (virus_989337,host_249034): 0 -> 1
Cell (virus_3433764,host_294653): 0 -> 1
Cell (virus_3433764,host_59463): 0 -> 1
Cell (virus_3433764,host_109480): 0 -> 1
Cell (virus_3433764,host_1633875): 0 -> 1
Cell (virus_3433764,host_2528591): 0 -> 1
Cell (virus_3433764,host_51298): 0 -> 1
Cell (virus_3433764,host_225399): 0 -> 1
Cell (virus_3433764,host_526407): 0 -> 1
Cell (virus_3433764,host_1911917): 0 -> 1
Cell (virus_3433764,host_452654): 0 -> 1
Cell (virus_3433764,host_587652): 0 -> 1
Cell (virus_3433764,host_225400): 0 -> 1
Cell (virus_3433764,host_385037): 0 -> 1
Cell (virus_3433764,host_155035): 0 -> 1
Cell (virus_3433764,host_258925): 0 -> 1
Cell (virus_3433764,host_177185): 0 -> 1
Cell (virus_3433764,host_186991): 0 -> 1
Cell (virus_3433764,host_196889): 0 -> 1
Cell (virus_3433764,host_196297): 0 -> 1
Cell (virus_3433764,host_9402): 0 -> 1
Cell (virus_3433764,host_9403): 0 -> 1
Cell (virus_3433764,host_58057): 0 -> 1
Cell (virus_3433764,host_1898389): 0 -> 1
Cell (virus_3433764,host_372077): 0 -> 1
Cell (virus_3433764,host_903567): 0 -> 1
Cell (virus_3433764,host_58067): 0 -> 1
Cell (virus_3433764,host_58071): 0 -> 1
Cell (virus_3433764,host_58073): 0 -> 1
Cell (virus_3433764,host_1898393): 0 -> 1
Cell (virus_3433764,host_77223): 0 -> 1
Cell (virus_3433764,host_58063): 0 -> 1
Cell (virus_3433764,host_9400): 0 -> 1
Cell (virus_3433764,host_298110): 0 -> 1
Cell (virus_3433764,host_374419): 0 -> 1
Cell (virus_3433764,host_326081): 0 -> 1
Cell (virus_3433764,host_27663): 0 -> 1
Cell (virus_3433764,host_574064): 0 -> 1
Cell (virus_3433764,host_27660): 0 -> 1
Cell (virus_3433764,host_409031): 0 -> 1
Cell (virus_3433764,host_89673): 0 -> 1
Cell (virus_3433764,host_1434095): 0 -> 1
Cell (virus_3433764,host_221086): 0 -> 1
Cell (virus_3433764,host_221087): 0 -> 1
Cell (virus_3433764,host_187007): 0 -> 1
Cell (virus_3433764,host_438766): 0 -> 1
Cell (virus_3433764,host_258934): 0 -> 1
Cell (virus_3433764,host_479723): 0 -> 1
Cell (virus_3433764,host_3041509): 0 -> 1
Cell (virus_3433764,host_2218597): 0 -> 1
Cell (virus_3433764,host_242384): 0 -> 1
Cell (virus_3433764,host_452595): 0 -> 1
Cell (virus_3433764,host_3370289): 0 -> 1
Cell (virus_3433764,host_9438): 0 -> 1
Cell (virus_3433764,host_153297): 0 -> 1
Cell (virus_3433764,host_249034): 0 -> 1
Cell (virus_2115988,host_294653): 0 -> 1
Cell (virus_2115988,host_59463): 0 -> 1
Cell (virus_2115988,host_109480): 0 -> 1
Cell (virus_2115988,host_1633875): 0 -> 1
Cell (virus_2115988,host_2528591): 0 -> 1
Cell (virus_2115988,host_51298): 0 -> 1
Cell (virus_2115988,host_225399): 0 -> 1
Cell (virus_2115988,host_1911917): 0 -> 1
Cell (virus_2115988,host_452654): 0 -> 1
Cell (virus_2115988,host_587652): 0 -> 1
Cell (virus_2115988,host_225400): 0 -> 1
Cell (virus_2115988,host_385037): 0 -> 1
Cell (virus_2115988,host_155035): 0 -> 1
Cell (virus_2115988,host_258925): 0 -> 1
Cell (virus_2115988,host_177185): 0 -> 1
Cell (virus_2115988,host_186991): 0 -> 1
Cell (virus_2115988,host_196889): 0 -> 1
Cell (virus_2115988,host_196297): 0 -> 1
Cell (virus_2115988,host_9402): 0 -> 1
Cell (virus_2115988,host_9403): 0 -> 1
Cell (virus_2115988,host_58057): 0 -> 1
Cell (virus_2115988,host_1898389): 0 -> 1
Cell (virus_2115988,host_372077): 0 -> 1
Cell (virus_2115988,host_903567): 0 -> 1
Cell (virus_2115988,host_58067): 0 -> 1
Cell (virus_2115988,host_448084): 0 -> 1
Cell (virus_2115988,host_58071): 0 -> 1
Cell (virus_2115988,host_1898393): 0 -> 1
Cell (virus_2115988,host_77223): 0 -> 1
Cell (virus_2115988,host_58063): 0 -> 1
Cell (virus_2115988,host_298110): 0 -> 1
Cell (virus_2115988,host_374419): 0 -> 1
Cell (virus_2115988,host_326081): 0 -> 1
Cell (virus_2115988,host_27663): 0 -> 1
Cell (virus_2115988,host_27660): 0 -> 1
Cell (virus_2115988,host_409031): 0 -> 1
Cell (virus_2115988,host_89673): 0 -> 1
Cell (virus_2115988,host_1434095): 0 -> 1
Cell (virus_2115988,host_221086): 0 -> 1
Cell (virus_2115988,host_221087): 0 -> 1
Cell (virus_2115988,host_187007): 0 -> 1
Cell (virus_2115988,host_438766): 0 -> 1
Cell (virus_2115988,host_258934): 0 -> 1
Cell (virus_2115988,host_3041509): 0 -> 1
Cell (virus_2115988,host_2218597): 0 -> 1
Cell (virus_2115988,host_242384): 0 -> 1
Cell (virus_2115988,host_452595): 0 -> 1
Cell (virus_2115988,host_3370289): 0 -> 1
Cell (virus_2115988,host_9438): 0 -> 1
Cell (virus_2115988,host_153297): 0 -> 1
Cell (virus_2115988,host_249034): 0 -> 1
Cell (virus_2833151,host_294653): 0 -> 1
Cell (virus_2833151,host_59463): 0 -> 1
Cell (virus_2833151,host_109480): 0 -> 1
Cell (virus_2833151,host_1633875): 0 -> 1
Cell (virus_2833151,host_2528591): 0 -> 1
Cell (virus_2833151,host_51298): 0 -> 1
Cell (virus_2833151,host_225399): 0 -> 1
Cell (virus_2833151,host_1911917): 0 -> 1
Cell (virus_2833151,host_452654): 0 -> 1
Cell (virus_2833151,host_587652): 0 -> 1
Cell (virus_2833151,host_225400): 0 -> 1
Cell (virus_2833151,host_385037): 0 -> 1
Cell (virus_2833151,host_155035): 0 -> 1
Cell (virus_2833151,host_258925): 0 -> 1
Cell (virus_2833151,host_177185): 0 -> 1
Cell (virus_2833151,host_186991): 0 -> 1
Cell (virus_2833151,host_196889): 0 -> 1
Cell (virus_2833151,host_196297): 0 -> 1
Cell (virus_2833151,host_9402): 0 -> 1
Cell (virus_2833151,host_9403): 0 -> 1
Cell (virus_2833151,host_58057): 0 -> 1
Cell (virus_2833151,host_1898389): 0 -> 1
Cell (virus_2833151,host_372077): 0 -> 1
Cell (virus_2833151,host_903567): 0 -> 1
Cell (virus_2833151,host_58067): 0 -> 1
Cell (virus_2833151,host_448084): 0 -> 1
Cell (virus_2833151,host_58071): 0 -> 1
Cell (virus_2833151,host_1898393): 0 -> 1
Cell (virus_2833151,host_77223): 0 -> 1
Cell (virus_2833151,host_58063): 0 -> 1
Cell (virus_2833151,host_298110): 0 -> 1
Cell (virus_2833151,host_374419): 0 -> 1
Cell (virus_2833151,host_326081): 0 -> 1
Cell (virus_2833151,host_27663): 0 -> 1
Cell (virus_2833151,host_27660): 0 -> 1
Cell (virus_2833151,host_409031): 0 -> 1
Cell (virus_2833151,host_89673): 0 -> 1
Cell (virus_2833151,host_1434095): 0 -> 1
Cell (virus_2833151,host_221086): 0 -> 1
Cell (virus_2833151,host_221087): 0 -> 1
Cell (virus_2833151,host_187007): 0 -> 1
Cell (virus_2833151,host_438766): 0 -> 1
Cell (virus_2833151,host_258934): 0 -> 1
Cell (virus_2833151,host_3041509): 0 -> 1
Cell (virus_2833151,host_2218597): 0 -> 1
Cell (virus_2833151,host_242384): 0 -> 1
Cell (virus_2833151,host_452595): 0 -> 1
Cell (virus_2833151,host_3370289): 0 -> 1
Cell (virus_2833151,host_9438): 0 -> 1
Cell (virus_2833151,host_153297): 0 -> 1
Cell (virus_2833151,host_249034): 0 -> 1
Cell (virus_3433795,host_294653): 0 -> 1
Cell (virus_3433795,host_59463): 0 -> 1
Cell (virus_3433795,host_109480): 0 -> 1
Cell (virus_3433795,host_1633875): 0 -> 1
Cell (virus_3433795,host_2528591): 0 -> 1
Cell (virus_3433795,host_51298): 0 -> 1
Cell (virus_3433795,host_225399): 0 -> 1
Cell (virus_3433795,host_1911917): 0 -> 1
Cell (virus_3433795,host_452654): 0 -> 1
Cell (virus_3433795,host_587652): 0 -> 1
Cell (virus_3433795,host_225400): 0 -> 1
Cell (virus_3433795,host_385037): 0 -> 1
Cell (virus_3433795,host_155035): 0 -> 1
Cell (virus_3433795,host_258925): 0 -> 1
Cell (virus_3433795,host_177185): 0 -> 1
Cell (virus_3433795,host_186991): 0 -> 1
Cell (virus_3433795,host_196889): 0 -> 1
Cell (virus_3433795,host_196297): 0 -> 1
Cell (virus_3433795,host_9402): 0 -> 1
Cell (virus_3433795,host_9403): 0 -> 1
Cell (virus_3433795,host_58057): 0 -> 1
Cell (virus_3433795,host_1898389): 0 -> 1
Cell (virus_3433795,host_372077): 0 -> 1
Cell (virus_3433795,host_903567): 0 -> 1
Cell (virus_3433795,host_58067): 0 -> 1
Cell (virus_3433795,host_448084): 0 -> 1
Cell (virus_3433795,host_58071): 0 -> 1
Cell (virus_3433795,host_1898393): 0 -> 1
Cell (virus_3433795,host_77223): 0 -> 1
Cell (virus_3433795,host_58063): 0 -> 1
Cell (virus_3433795,host_298110): 0 -> 1
Cell (virus_3433795,host_374419): 0 -> 1
Cell (virus_3433795,host_326081): 0 -> 1
Cell (virus_3433795,host_27663): 0 -> 1
Cell (virus_3433795,host_27660): 0 -> 1
Cell (virus_3433795,host_409031): 0 -> 1
Cell (virus_3433795,host_89673): 0 -> 1
Cell (virus_3433795,host_1434095): 0 -> 1
Cell (virus_3433795,host_221086): 0 -> 1
Cell (virus_3433795,host_221087): 0 -> 1
Cell (virus_3433795,host_187007): 0 -> 1
Cell (virus_3433795,host_438766): 0 -> 1
Cell (virus_3433795,host_258934): 0 -> 1
Cell (virus_3433795,host_3041509): 0 -> 1
Cell (virus_3433795,host_2218597): 0 -> 1
Cell (virus_3433795,host_242384): 0 -> 1
Cell (virus_3433795,host_452595): 0 -> 1
Cell (virus_3433795,host_3370289): 0 -> 1
Cell (virus_3433795,host_9438): 0 -> 1
Cell (virus_3433795,host_153297): 0 -> 1
Cell (virus_3433795,host_249034): 0 -> 1
Cell (virus_693998,host_294653): 0 -> 1
Cell (virus_693998,host_59463): 0 -> 1
Cell (virus_693998,host_109480): 0 -> 1
Cell (virus_693998,host_1633875): 0 -> 1
Cell (virus_693998,host_2528591): 0 -> 1
Cell (virus_693998,host_51298): 0 -> 1
Cell (virus_693998,host_225399): 0 -> 1
Cell (virus_693998,host_1911917): 0 -> 1
Cell (virus_693998,host_452654): 0 -> 1
Cell (virus_693998,host_587652): 0 -> 1
Cell (virus_693998,host_225400): 0 -> 1
Cell (virus_693998,host_385037): 0 -> 1
Cell (virus_693998,host_155035): 0 -> 1
Cell (virus_693998,host_258925): 0 -> 1
Cell (virus_693998,host_177185): 0 -> 1
Cell (virus_693998,host_186991): 0 -> 1
Cell (virus_693998,host_196889): 0 -> 1
Cell (virus_693998,host_196297): 0 -> 1
Cell (virus_693998,host_9402): 0 -> 1
Cell (virus_693998,host_9403): 0 -> 1
Cell (virus_693998,host_58057): 0 -> 1
Cell (virus_693998,host_1898389): 0 -> 1
Cell (virus_693998,host_372077): 0 -> 1
Cell (virus_693998,host_903567): 0 -> 1
Cell (virus_693998,host_58067): 0 -> 1
Cell (virus_693998,host_448084): 0 -> 1
Cell (virus_693998,host_58071): 0 -> 1
Cell (virus_693998,host_1898393): 0 -> 1
Cell (virus_693998,host_77223): 0 -> 1
Cell (virus_693998,host_58063): 0 -> 1
Cell (virus_693998,host_298110): 0 -> 1
Cell (virus_693998,host_374419): 0 -> 1
Cell (virus_693998,host_326081): 0 -> 1
Cell (virus_693998,host_27663): 0 -> 1
Cell (virus_693998,host_27660): 0 -> 1
Cell (virus_693998,host_409031): 0 -> 1
Cell (virus_693998,host_89673): 0 -> 1
Cell (virus_693998,host_1434095): 0 -> 1
Cell (virus_693998,host_221086): 0 -> 1
Cell (virus_693998,host_221087): 0 -> 1
Cell (virus_693998,host_187007): 0 -> 1
Cell (virus_693998,host_438766): 0 -> 1
Cell (virus_693998,host_258934): 0 -> 1
Cell (virus_693998,host_3041509): 0 -> 1
Cell (virus_693998,host_2218597): 0 -> 1
Cell (virus_693998,host_242384): 0 -> 1
Cell (virus_693998,host_452595): 0 -> 1
Cell (virus_693998,host_3370289): 0 -> 1
Cell (virus_693998,host_9438): 0 -> 1
Cell (virus_693998,host_153297): 0 -> 1
Cell (virus_693998,host_249034): 0 -> 1
Cell (virus_2913382,host_294653): 0 -> 1
Cell (virus_2913382,host_59463): 0 -> 1
Cell (virus_2913382,host_109480): 0 -> 1
Cell (virus_2913382,host_1633875): 0 -> 1
Cell (virus_2913382,host_2528591): 0 -> 1
Cell (virus_2913382,host_51298): 0 -> 1
Cell (virus_2913382,host_225399): 0 -> 1
Cell (virus_2913382,host_1911917): 0 -> 1
Cell (virus_2913382,host_452654): 0 -> 1
Cell (virus_2913382,host_587652): 0 -> 1
Cell (virus_2913382,host_225400): 0 -> 1
Cell (virus_2913382,host_385037): 0 -> 1
Cell (virus_2913382,host_155035): 0 -> 1
Cell (virus_2913382,host_258925): 0 -> 1
Cell (virus_2913382,host_177185): 0 -> 1
Cell (virus_2913382,host_186991): 0 -> 1
Cell (virus_2913382,host_196889): 0 -> 1
Cell (virus_2913382,host_196297): 0 -> 1
Cell (virus_2913382,host_9402): 0 -> 1
Cell (virus_2913382,host_9403): 0 -> 1
Cell (virus_2913382,host_58057): 0 -> 1
Cell (virus_2913382,host_1898389): 0 -> 1
Cell (virus_2913382,host_372077): 0 -> 1
Cell (virus_2913382,host_903567): 0 -> 1
Cell (virus_2913382,host_58067): 0 -> 1
Cell (virus_2913382,host_448084): 0 -> 1
Cell (virus_2913382,host_58071): 0 -> 1
Cell (virus_2913382,host_1898393): 0 -> 1
Cell (virus_2913382,host_77223): 0 -> 1
Cell (virus_2913382,host_58063): 0 -> 1
Cell (virus_2913382,host_298110): 0 -> 1
Cell (virus_2913382,host_374419): 0 -> 1
Cell (virus_2913382,host_326081): 0 -> 1
Cell (virus_2913382,host_27663): 0 -> 1
Cell (virus_2913382,host_27660): 0 -> 1
Cell (virus_2913382,host_409031): 0 -> 1
Cell (virus_2913382,host_89673): 0 -> 1
Cell (virus_2913382,host_1434095): 0 -> 1
Cell (virus_2913382,host_221086): 0 -> 1
Cell (virus_2913382,host_221087): 0 -> 1
Cell (virus_2913382,host_187007): 0 -> 1
Cell (virus_2913382,host_438766): 0 -> 1
Cell (virus_2913382,host_258934): 0 -> 1
Cell (virus_2913382,host_3041509): 0 -> 1
Cell (virus_2913382,host_2218597): 0 -> 1
Cell (virus_2913382,host_242384): 0 -> 1
Cell (virus_2913382,host_452595): 0 -> 1
Cell (virus_2913382,host_3370289): 0 -> 1
Cell (virus_2913382,host_9438): 0 -> 1
Cell (virus_2913382,host_153297): 0 -> 1
Cell (virus_2913382,host_249034): 0 -> 1
Cell (virus_3433766,host_294653): 0 -> 1
Cell (virus_3433766,host_59463): 0 -> 1
Cell (virus_3433766,host_109480): 0 -> 1
Cell (virus_3433766,host_1633875): 0 -> 1
Cell (virus_3433766,host_2528591): 0 -> 1
Cell (virus_3433766,host_51298): 0 -> 1
Cell (virus_3433766,host_225399): 0 -> 1
Cell (virus_3433766,host_1911917): 0 -> 1
Cell (virus_3433766,host_452654): 0 -> 1
Cell (virus_3433766,host_587652): 0 -> 1
Cell (virus_3433766,host_225400): 0 -> 1
Cell (virus_3433766,host_385037): 0 -> 1
Cell (virus_3433766,host_258925): 0 -> 1
Cell (virus_3433766,host_177185): 0 -> 1
Cell (virus_3433766,host_186991): 0 -> 1
Cell (virus_3433766,host_196889): 0 -> 1
Cell (virus_3433766,host_196297): 0 -> 1
Cell (virus_3433766,host_9402): 0 -> 1
Cell (virus_3433766,host_9403): 0 -> 1
Cell (virus_3433766,host_58057): 0 -> 1
Cell (virus_3433766,host_1898389): 0 -> 1
Cell (virus_3433766,host_372077): 0 -> 1
Cell (virus_3433766,host_903567): 0 -> 1
Cell (virus_3433766,host_448084): 0 -> 1
Cell (virus_3433766,host_58071): 0 -> 1
Cell (virus_3433766,host_58073): 0 -> 1
Cell (virus_3433766,host_1898393): 0 -> 1
Cell (virus_3433766,host_77223): 0 -> 1
Cell (virus_3433766,host_58063): 0 -> 1
Cell (virus_3433766,host_9400): 0 -> 1
Cell (virus_3433766,host_298110): 0 -> 1
Cell (virus_3433766,host_374419): 0 -> 1
Cell (virus_3433766,host_326081): 0 -> 1
Cell (virus_3433766,host_326083): 0 -> 1
Cell (virus_3433766,host_187003): 0 -> 1
Cell (virus_3433766,host_27663): 0 -> 1
Cell (virus_3433766,host_574064): 0 -> 1
Cell (virus_3433766,host_27660): 0 -> 1
Cell (virus_3433766,host_409031): 0 -> 1
Cell (virus_3433766,host_89673): 0 -> 1
Cell (virus_3433766,host_1434095): 0 -> 1
Cell (virus_3433766,host_221086): 0 -> 1
Cell (virus_3433766,host_221087): 0 -> 1
Cell (virus_3433766,host_187007): 0 -> 1
Cell (virus_3433766,host_438766): 0 -> 1
Cell (virus_3433766,host_258934): 0 -> 1
Cell (virus_3433766,host_479723): 0 -> 1
Cell (virus_3433766,host_3041509): 0 -> 1
Cell (virus_3433766,host_2218597): 0 -> 1
Cell (virus_3433766,host_242384): 0 -> 1
Cell (virus_3433766,host_452595): 0 -> 1
Cell (virus_3433766,host_3370289): 0 -> 1
Cell (virus_3433766,host_9438): 0 -> 1
Cell (virus_3433766,host_153297): 0 -> 1
Cell (virus_3433766,host_249034): 0 -> 1
Cell (virus_3433766,host_249033): 0 -> 1
Cell (virus_694014,host_294653): 0 -> 1
Cell (virus_694014,host_59463): 0 -> 1
Cell (virus_694014,host_109480): 0 -> 1
Cell (virus_694014,host_1633875): 0 -> 1
Cell (virus_694014,host_2528591): 0 -> 1
Cell (virus_694014,host_51298): 0 -> 1
Cell (virus_694014,host_225399): 0 -> 1
Cell (virus_694014,host_1911917): 0 -> 1
Cell (virus_694014,host_452654): 0 -> 1
Cell (virus_694014,host_587652): 0 -> 1
Cell (virus_694014,host_225400): 0 -> 1
Cell (virus_694014,host_385037): 0 -> 1
Cell (virus_694014,host_258925): 0 -> 1
Cell (virus_694014,host_177185): 0 -> 1
Cell (virus_694014,host_186991): 0 -> 1
Cell (virus_694014,host_196889): 0 -> 1
Cell (virus_694014,host_196297): 0 -> 1
Cell (virus_694014,host_9402): 0 -> 1
Cell (virus_694014,host_9403): 0 -> 1
Cell (virus_694014,host_58057): 0 -> 1
Cell (virus_694014,host_1898389): 0 -> 1
Cell (virus_694014,host_372077): 0 -> 1
Cell (virus_694014,host_903567): 0 -> 1
Cell (virus_694014,host_448084): 0 -> 1
Cell (virus_694014,host_58071): 0 -> 1
Cell (virus_694014,host_58073): 0 -> 1
Cell (virus_694014,host_1898393): 0 -> 1
Cell (virus_694014,host_77223): 0 -> 1
Cell (virus_694014,host_58063): 0 -> 1
Cell (virus_694014,host_9400): 0 -> 1
Cell (virus_694014,host_298110): 0 -> 1
Cell (virus_694014,host_374419): 0 -> 1
Cell (virus_694014,host_326081): 0 -> 1
Cell (virus_694014,host_326083): 0 -> 1
Cell (virus_694014,host_187003): 0 -> 1
Cell (virus_694014,host_27663): 0 -> 1
Cell (virus_694014,host_574064): 0 -> 1
Cell (virus_694014,host_27660): 0 -> 1
Cell (virus_694014,host_409031): 0 -> 1
Cell (virus_694014,host_89673): 0 -> 1
Cell (virus_694014,host_1434095): 0 -> 1
Cell (virus_694014,host_221086): 0 -> 1
Cell (virus_694014,host_221087): 0 -> 1
Cell (virus_694014,host_187007): 0 -> 1
Cell (virus_694014,host_438766): 0 -> 1
Cell (virus_694014,host_258934): 0 -> 1
Cell (virus_694014,host_479723): 0 -> 1
Cell (virus_694014,host_3041509): 0 -> 1
Cell (virus_694014,host_2218597): 0 -> 1
Cell (virus_694014,host_242384): 0 -> 1
Cell (virus_694014,host_452595): 0 -> 1
Cell (virus_694014,host_3370289): 0 -> 1
Cell (virus_694014,host_9438): 0 -> 1
Cell (virus_694014,host_153297): 0 -> 1
Cell (virus_694014,host_249034): 0 -> 1
Cell (virus_694014,host_249033): 0 -> 1
Cell (virus_2917966,host_294653): 0 -> 1
Cell (virus_2917966,host_59463): 0 -> 1
Cell (virus_2917966,host_109480): 0 -> 1
Cell (virus_2917966,host_1633875): 0 -> 1
Cell (virus_2917966,host_2528591): 0 -> 1
Cell (virus_2917966,host_51298): 0 -> 1
Cell (virus_2917966,host_225399): 0 -> 1
Cell (virus_2917966,host_1911917): 0 -> 1
Cell (virus_2917966,host_452654): 0 -> 1
Cell (virus_2917966,host_587652): 0 -> 1
Cell (virus_2917966,host_225400): 0 -> 1
Cell (virus_2917966,host_385037): 0 -> 1
Cell (virus_2917966,host_155035): 0 -> 1
Cell (virus_2917966,host_258925): 0 -> 1
Cell (virus_2917966,host_177185): 0 -> 1
Cell (virus_2917966,host_376555): 0 -> 1
Cell (virus_2917966,host_196296): 0 -> 1
Cell (virus_2917966,host_196889): 0 -> 1
Cell (virus_2917966,host_196297): 0 -> 1
Cell (virus_2917966,host_9402): 0 -> 1
Cell (virus_2917966,host_9403): 0 -> 1
Cell (virus_2917966,host_58057): 0 -> 1
Cell (virus_2917966,host_1898389): 0 -> 1
Cell (virus_2917966,host_372077): 0 -> 1
Cell (virus_2917966,host_58067): 0 -> 1
Cell (virus_2917966,host_448084): 0 -> 1
Cell (virus_2917966,host_58071): 0 -> 1
Cell (virus_2917966,host_58073): 0 -> 1
Cell (virus_2917966,host_1898393): 0 -> 1
Cell (virus_2917966,host_77223): 0 -> 1
Cell (virus_2917966,host_58063): 0 -> 1
Cell (virus_2917966,host_9400): 0 -> 1
Cell (virus_2917966,host_298110): 0 -> 1
Cell (virus_2917966,host_374419): 0 -> 1
Cell (virus_2917966,host_326081): 0 -> 1
Cell (virus_2917966,host_326083): 0 -> 1
Cell (virus_2917966,host_94956): 0 -> 1
Cell (virus_2917966,host_27663): 0 -> 1
Cell (virus_2917966,host_574064): 0 -> 1
Cell (virus_2917966,host_27660): 0 -> 1
Cell (virus_2917966,host_409031): 0 -> 1
Cell (virus_2917966,host_89673): 0 -> 1
Cell (virus_2917966,host_148061): 0 -> 1
Cell (virus_2917966,host_1434095): 0 -> 1
Cell (virus_2917966,host_221086): 0 -> 1
Cell (virus_2917966,host_221087): 0 -> 1
Cell (virus_2917966,host_187007): 0 -> 1
Cell (virus_2917966,host_438766): 0 -> 1
Cell (virus_2917966,host_258934): 0 -> 1
Cell (virus_2917966,host_479723): 0 -> 1
Cell (virus_2917966,host_3041509): 0 -> 1
Cell (virus_2917966,host_2218597): 0 -> 1
Cell (virus_2917966,host_242384): 0 -> 1
Cell (virus_2917966,host_452595): 0 -> 1
Cell (virus_2917966,host_3370289): 0 -> 1
Cell (virus_2917966,host_9438): 0 -> 1
Cell (virus_2917966,host_153297): 0 -> 1
Cell (virus_2917966,host_249034): 0 -> 1
Cell (virus_3158245,host_294653): 0 -> 1
Cell (virus_3158245,host_59463): 0 -> 1
Cell (virus_3158245,host_109480): 0 -> 1
Cell (virus_3158245,host_1633875): 0 -> 1
Cell (virus_3158245,host_2528591): 0 -> 1
Cell (virus_3158245,host_51298): 0 -> 1
Cell (virus_3158245,host_225399): 0 -> 1
Cell (virus_3158245,host_1911917): 0 -> 1
Cell (virus_3158245,host_452654): 0 -> 1
Cell (virus_3158245,host_587652): 0 -> 1
Cell (virus_3158245,host_225400): 0 -> 1
Cell (virus_3158245,host_385037): 0 -> 1
Cell (virus_3158245,host_155035): 0 -> 1
Cell (virus_3158245,host_258925): 0 -> 1
Cell (virus_3158245,host_177185): 0 -> 1
Cell (virus_3158245,host_376555): 0 -> 1
Cell (virus_3158245,host_196296): 0 -> 1
Cell (virus_3158245,host_196889): 0 -> 1
Cell (virus_3158245,host_196297): 0 -> 1
Cell (virus_3158245,host_9402): 0 -> 1
Cell (virus_3158245,host_9403): 0 -> 1
Cell (virus_3158245,host_58057): 0 -> 1
Cell (virus_3158245,host_1898389): 0 -> 1
Cell (virus_3158245,host_372077): 0 -> 1
Cell (virus_3158245,host_58067): 0 -> 1
Cell (virus_3158245,host_448084): 0 -> 1
Cell (virus_3158245,host_58071): 0 -> 1
Cell (virus_3158245,host_58073): 0 -> 1
Cell (virus_3158245,host_1898393): 0 -> 1
Cell (virus_3158245,host_77223): 0 -> 1
Cell (virus_3158245,host_58063): 0 -> 1
Cell (virus_3158245,host_9400): 0 -> 1
Cell (virus_3158245,host_298110): 0 -> 1
Cell (virus_3158245,host_374419): 0 -> 1
Cell (virus_3158245,host_326081): 0 -> 1
Cell (virus_3158245,host_326083): 0 -> 1
Cell (virus_3158245,host_118856): 0 -> 1
Cell (virus_3158245,host_94956): 0 -> 1
Cell (virus_3158245,host_27663): 0 -> 1
Cell (virus_3158245,host_27660): 0 -> 1
Cell (virus_3158245,host_409031): 0 -> 1
Cell (virus_3158245,host_89673): 0 -> 1
Cell (virus_3158245,host_148061): 0 -> 1
Cell (virus_3158245,host_9430): 0 -> 1
Cell (virus_3158245,host_94961): 0 -> 1
Cell (virus_3158245,host_1434095): 0 -> 1
Cell (virus_3158245,host_221087): 0 -> 1
Cell (virus_3158245,host_187007): 0 -> 1
Cell (virus_3158245,host_438766): 0 -> 1
Cell (virus_3158245,host_258934): 0 -> 1
Cell (virus_3158245,host_479723): 0 -> 1
Cell (virus_3158245,host_3041509): 0 -> 1
Cell (virus_3158245,host_2218597): 0 -> 1
Cell (virus_3158245,host_242384): 0 -> 1
Cell (virus_3158245,host_452595): 0 -> 1
Cell (virus_3158245,host_3370289): 0 -> 1
Cell (virus_3158245,host_9438): 0 -> 1
Cell (virus_3158245,host_153297): 0 -> 1
Cell (virus_3158245,host_249034): 0 -> 1
Cell (virus_693999,host_294653): 0 -> 1
Cell (virus_693999,host_59463): 0 -> 1
Cell (virus_693999,host_109480): 0 -> 1
Cell (virus_693999,host_1633875): 0 -> 1
Cell (virus_693999,host_2528591): 0 -> 1
Cell (virus_693999,host_51298): 0 -> 1
Cell (virus_693999,host_225399): 0 -> 1
Cell (virus_693999,host_1911917): 0 -> 1
Cell (virus_693999,host_452654): 0 -> 1
Cell (virus_693999,host_587652): 0 -> 1
Cell (virus_693999,host_225400): 0 -> 1
Cell (virus_693999,host_385037): 0 -> 1
Cell (virus_693999,host_155035): 0 -> 1
Cell (virus_693999,host_258925): 0 -> 1
Cell (virus_693999,host_177185): 0 -> 1
Cell (virus_693999,host_376555): 0 -> 1
Cell (virus_693999,host_196296): 0 -> 1
Cell (virus_693999,host_196889): 0 -> 1
Cell (virus_693999,host_196297): 0 -> 1
Cell (virus_693999,host_9402): 0 -> 1
Cell (virus_693999,host_9403): 0 -> 1
Cell (virus_693999,host_58057): 0 -> 1
Cell (virus_693999,host_1898389): 0 -> 1
Cell (virus_693999,host_372077): 0 -> 1
Cell (virus_693999,host_58067): 0 -> 1
Cell (virus_693999,host_448084): 0 -> 1
Cell (virus_693999,host_58071): 0 -> 1
Cell (virus_693999,host_58073): 0 -> 1
Cell (virus_693999,host_1898393): 0 -> 1
Cell (virus_693999,host_77223): 0 -> 1
Cell (virus_693999,host_58063): 0 -> 1
Cell (virus_693999,host_9400): 0 -> 1
Cell (virus_693999,host_298110): 0 -> 1
Cell (virus_693999,host_374419): 0 -> 1
Cell (virus_693999,host_326081): 0 -> 1
Cell (virus_693999,host_326083): 0 -> 1
Cell (virus_693999,host_118856): 0 -> 1
Cell (virus_693999,host_94956): 0 -> 1
Cell (virus_693999,host_27663): 0 -> 1
Cell (virus_693999,host_27660): 0 -> 1
Cell (virus_693999,host_409031): 0 -> 1
Cell (virus_693999,host_89673): 0 -> 1
Cell (virus_693999,host_148061): 0 -> 1
Cell (virus_693999,host_9430): 0 -> 1
Cell (virus_693999,host_94961): 0 -> 1
Cell (virus_693999,host_1434095): 0 -> 1
Cell (virus_693999,host_221087): 0 -> 1
Cell (virus_693999,host_187007): 0 -> 1
Cell (virus_693999,host_438766): 0 -> 1
Cell (virus_693999,host_258934): 0 -> 1
Cell (virus_693999,host_479723): 0 -> 1
Cell (virus_693999,host_3041509): 0 -> 1
Cell (virus_693999,host_2218597): 0 -> 1
Cell (virus_693999,host_242384): 0 -> 1
Cell (virus_693999,host_452595): 0 -> 1
Cell (virus_693999,host_3370289): 0 -> 1
Cell (virus_693999,host_9438): 0 -> 1
Cell (virus_693999,host_153297): 0 -> 1
Cell (virus_693999,host_249034): 0 -> 1
Cell (virus_3418615,host_294653): 0 -> 1
Cell (virus_3418615,host_59463): 0 -> 1
Cell (virus_3418615,host_109480): 0 -> 1
Cell (virus_3418615,host_1633875): 0 -> 1
Cell (virus_3418615,host_2528591): 0 -> 1
Cell (virus_3418615,host_51298): 0 -> 1
Cell (virus_3418615,host_225399): 0 -> 1
Cell (virus_3418615,host_1911917): 0 -> 1
Cell (virus_3418615,host_452654): 0 -> 1
Cell (virus_3418615,host_587652): 0 -> 1
Cell (virus_3418615,host_225400): 0 -> 1
Cell (virus_3418615,host_385037): 0 -> 1
Cell (virus_3418615,host_155035): 0 -> 1
Cell (virus_3418615,host_258925): 0 -> 1
Cell (virus_3418615,host_177185): 0 -> 1
Cell (virus_3418615,host_376555): 0 -> 1
Cell (virus_3418615,host_196296): 0 -> 1
Cell (virus_3418615,host_196889): 0 -> 1
Cell (virus_3418615,host_196297): 0 -> 1
Cell (virus_3418615,host_9402): 0 -> 1
Cell (virus_3418615,host_9403): 0 -> 1
Cell (virus_3418615,host_58057): 0 -> 1
Cell (virus_3418615,host_1898389): 0 -> 1
Cell (virus_3418615,host_372077): 0 -> 1
Cell (virus_3418615,host_58067): 0 -> 1
Cell (virus_3418615,host_448084): 0 -> 1
Cell (virus_3418615,host_58071): 0 -> 1
Cell (virus_3418615,host_58073): 0 -> 1
Cell (virus_3418615,host_1898393): 0 -> 1
Cell (virus_3418615,host_77223): 0 -> 1
Cell (virus_3418615,host_58063): 0 -> 1
Cell (virus_3418615,host_9400): 0 -> 1
Cell (virus_3418615,host_298110): 0 -> 1
Cell (virus_3418615,host_374419): 0 -> 1
Cell (virus_3418615,host_326081): 0 -> 1
Cell (virus_3418615,host_326083): 0 -> 1
Cell (virus_3418615,host_118856): 0 -> 1
Cell (virus_3418615,host_27663): 0 -> 1
Cell (virus_3418615,host_27660): 0 -> 1
Cell (virus_3418615,host_409031): 0 -> 1
Cell (virus_3418615,host_89673): 0 -> 1
Cell (virus_3418615,host_148061): 0 -> 1
Cell (virus_3418615,host_9430): 0 -> 1
Cell (virus_3418615,host_94961): 0 -> 1
Cell (virus_3418615,host_3042450): 0 -> 1
Cell (virus_3418615,host_1434095): 0 -> 1
Cell (virus_3418615,host_221087): 0 -> 1
Cell (virus_3418615,host_187007): 0 -> 1
Cell (virus_3418615,host_438766): 0 -> 1
Cell (virus_3418615,host_258934): 0 -> 1
Cell (virus_3418615,host_479723): 0 -> 1
Cell (virus_3418615,host_3041509): 0 -> 1
Cell (virus_3418615,host_2218597): 0 -> 1
Cell (virus_3418615,host_242384): 0 -> 1
Cell (virus_3418615,host_452595): 0 -> 1
Cell (virus_3418615,host_3370289): 0 -> 1
Cell (virus_3418615,host_9438): 0 -> 1
Cell (virus_3418615,host_153297): 0 -> 1
Cell (virus_3418615,host_249034): 0 -> 1
Cell (virus_694006,host_294653): 0 -> 1
Cell (virus_694006,host_59463): 0 -> 1
Cell (virus_694006,host_109480): 0 -> 1
Cell (virus_694006,host_1633875): 0 -> 1
Cell (virus_694006,host_2528591): 0 -> 1
Cell (virus_694006,host_51298): 0 -> 1
Cell (virus_694006,host_225399): 0 -> 1
Cell (virus_694006,host_1911917): 0 -> 1
Cell (virus_694006,host_452654): 0 -> 1
Cell (virus_694006,host_587652): 0 -> 1
Cell (virus_694006,host_225400): 0 -> 1
Cell (virus_694006,host_385037): 0 -> 1
Cell (virus_694006,host_155035): 0 -> 1
Cell (virus_694006,host_258925): 0 -> 1
Cell (virus_694006,host_177185): 0 -> 1
Cell (virus_694006,host_376555): 0 -> 1
Cell (virus_694006,host_196296): 0 -> 1
Cell (virus_694006,host_196889): 0 -> 1
Cell (virus_694006,host_196297): 0 -> 1
Cell (virus_694006,host_9402): 0 -> 1
Cell (virus_694006,host_9403): 0 -> 1
Cell (virus_694006,host_58057): 0 -> 1
Cell (virus_694006,host_1898389): 0 -> 1
Cell (virus_694006,host_372077): 0 -> 1
Cell (virus_694006,host_58067): 0 -> 1
Cell (virus_694006,host_448084): 0 -> 1
Cell (virus_694006,host_58071): 0 -> 1
Cell (virus_694006,host_58073): 0 -> 1
Cell (virus_694006,host_1898393): 0 -> 1
Cell (virus_694006,host_77223): 0 -> 1
Cell (virus_694006,host_58063): 0 -> 1
Cell (virus_694006,host_9400): 0 -> 1
Cell (virus_694006,host_298110): 0 -> 1
Cell (virus_694006,host_374419): 0 -> 1
Cell (virus_694006,host_326081): 0 -> 1
Cell (virus_694006,host_326083): 0 -> 1
Cell (virus_694006,host_118856): 0 -> 1
Cell (virus_694006,host_27663): 0 -> 1
Cell (virus_694006,host_27660): 0 -> 1
Cell (virus_694006,host_409031): 0 -> 1
Cell (virus_694006,host_89673): 0 -> 1
Cell (virus_694006,host_148061): 0 -> 1
Cell (virus_694006,host_9430): 0 -> 1
Cell (virus_694006,host_94961): 0 -> 1
Cell (virus_694006,host_3042450): 0 -> 1
Cell (virus_694006,host_1434095): 0 -> 1
Cell (virus_694006,host_221087): 0 -> 1
Cell (virus_694006,host_187007): 0 -> 1
Cell (virus_694006,host_438766): 0 -> 1
Cell (virus_694006,host_258934): 0 -> 1
Cell (virus_694006,host_479723): 0 -> 1
Cell (virus_694006,host_3041509): 0 -> 1
Cell (virus_694006,host_2218597): 0 -> 1
Cell (virus_694006,host_242384): 0 -> 1
Cell (virus_694006,host_452595): 0 -> 1
Cell (virus_694006,host_3370289): 0 -> 1
Cell (virus_694006,host_9438): 0 -> 1
Cell (virus_694006,host_153297): 0 -> 1
Cell (virus_694006,host_249034): 0 -> 1
Cell (virus_3433776,host_294653): 0 -> 1
Cell (virus_3433776,host_59463): 0 -> 1
Cell (virus_3433776,host_109480): 0 -> 1
Cell (virus_3433776,host_1633875): 0 -> 1
Cell (virus_3433776,host_2528591): 0 -> 1
Cell (virus_3433776,host_51298): 0 -> 1
Cell (virus_3433776,host_225399): 0 -> 1
Cell (virus_3433776,host_1911917): 0 -> 1
Cell (virus_3433776,host_452654): 0 -> 1
Cell (virus_3433776,host_587652): 0 -> 1
Cell (virus_3433776,host_225400): 0 -> 1
Cell (virus_3433776,host_385037): 0 -> 1
Cell (virus_3433776,host_155035): 0 -> 1
Cell (virus_3433776,host_258925): 0 -> 1
Cell (virus_3433776,host_177185): 0 -> 1
Cell (virus_3433776,host_376555): 0 -> 1
Cell (virus_3433776,host_196296): 0 -> 1
Cell (virus_3433776,host_196889): 0 -> 1
Cell (virus_3433776,host_196297): 0 -> 1
Cell (virus_3433776,host_9402): 0 -> 1
Cell (virus_3433776,host_9403): 0 -> 1
Cell (virus_3433776,host_58057): 0 -> 1
Cell (virus_3433776,host_1898389): 0 -> 1
Cell (virus_3433776,host_372077): 0 -> 1
Cell (virus_3433776,host_58067): 0 -> 1
Cell (virus_3433776,host_448084): 0 -> 1
Cell (virus_3433776,host_58071): 0 -> 1
Cell (virus_3433776,host_58073): 0 -> 1
Cell (virus_3433776,host_1898393): 0 -> 1
Cell (virus_3433776,host_77223): 0 -> 1
Cell (virus_3433776,host_58063): 0 -> 1
Cell (virus_3433776,host_9400): 0 -> 1
Cell (virus_3433776,host_298110): 0 -> 1
Cell (virus_3433776,host_374419): 0 -> 1
Cell (virus_3433776,host_326081): 0 -> 1
Cell (virus_3433776,host_326083): 0 -> 1
Cell (virus_3433776,host_118856): 0 -> 1
Cell (virus_3433776,host_94956): 0 -> 1
Cell (virus_3433776,host_27663): 0 -> 1
Cell (virus_3433776,host_27660): 0 -> 1
Cell (virus_3433776,host_409031): 0 -> 1
Cell (virus_3433776,host_89673): 0 -> 1
Cell (virus_3433776,host_148061): 0 -> 1
Cell (virus_3433776,host_9430): 0 -> 1
Cell (virus_3433776,host_94961): 0 -> 1
Cell (virus_3433776,host_3042450): 0 -> 1
Cell (virus_3433776,host_1434095): 0 -> 1
Cell (virus_3433776,host_221087): 0 -> 1
Cell (virus_3433776,host_187007): 0 -> 1
Cell (virus_3433776,host_438766): 0 -> 1
Cell (virus_3433776,host_258934): 0 -> 1
Cell (virus_3433776,host_479723): 0 -> 1
Cell (virus_3433776,host_3041509): 0 -> 1
Cell (virus_3433776,host_2218597): 0 -> 1
Cell (virus_3433776,host_242384): 0 -> 1
Cell (virus_3433776,host_452595): 0 -> 1
Cell (virus_3433776,host_3370289): 0 -> 1
Cell (virus_3433776,host_9438): 0 -> 1
Cell (virus_3433776,host_153297): 0 -> 1
Cell (virus_3433776,host_249034): 0 -> 1
Cell (virus_694007,host_294653): 0 -> 1
Cell (virus_694007,host_59463): 0 -> 1
Cell (virus_694007,host_109480): 0 -> 1
Cell (virus_694007,host_1633875): 0 -> 1
Cell (virus_694007,host_2528591): 0 -> 1
Cell (virus_694007,host_51298): 0 -> 1
Cell (virus_694007,host_225399): 0 -> 1
Cell (virus_694007,host_1911917): 0 -> 1
Cell (virus_694007,host_452654): 0 -> 1
Cell (virus_694007,host_587652): 0 -> 1
Cell (virus_694007,host_225400): 0 -> 1
Cell (virus_694007,host_385037): 0 -> 1
Cell (virus_694007,host_155035): 0 -> 1
Cell (virus_694007,host_258925): 0 -> 1
Cell (virus_694007,host_177185): 0 -> 1
Cell (virus_694007,host_376555): 0 -> 1
Cell (virus_694007,host_196296): 0 -> 1
Cell (virus_694007,host_196889): 0 -> 1
Cell (virus_694007,host_196297): 0 -> 1
Cell (virus_694007,host_9402): 0 -> 1
Cell (virus_694007,host_9403): 0 -> 1
Cell (virus_694007,host_58057): 0 -> 1
Cell (virus_694007,host_1898389): 0 -> 1
Cell (virus_694007,host_372077): 0 -> 1
Cell (virus_694007,host_58067): 0 -> 1
Cell (virus_694007,host_448084): 0 -> 1
Cell (virus_694007,host_58071): 0 -> 1
Cell (virus_694007,host_58073): 0 -> 1
Cell (virus_694007,host_1898393): 0 -> 1
Cell (virus_694007,host_77223): 0 -> 1
Cell (virus_694007,host_58063): 0 -> 1
Cell (virus_694007,host_9400): 0 -> 1
Cell (virus_694007,host_298110): 0 -> 1
Cell (virus_694007,host_374419): 0 -> 1
Cell (virus_694007,host_326081): 0 -> 1
Cell (virus_694007,host_326083): 0 -> 1
Cell (virus_694007,host_118856): 0 -> 1
Cell (virus_694007,host_94956): 0 -> 1
Cell (virus_694007,host_27663): 0 -> 1
Cell (virus_694007,host_27660): 0 -> 1
Cell (virus_694007,host_409031): 0 -> 1
Cell (virus_694007,host_89673): 0 -> 1
Cell (virus_694007,host_148061): 0 -> 1
Cell (virus_694007,host_9430): 0 -> 1
Cell (virus_694007,host_94961): 0 -> 1
Cell (virus_694007,host_3042450): 0 -> 1
Cell (virus_694007,host_1434095): 0 -> 1
Cell (virus_694007,host_221087): 0 -> 1
Cell (virus_694007,host_187007): 0 -> 1
Cell (virus_694007,host_438766): 0 -> 1
Cell (virus_694007,host_258934): 0 -> 1
Cell (virus_694007,host_479723): 0 -> 1
Cell (virus_694007,host_3041509): 0 -> 1
Cell (virus_694007,host_2218597): 0 -> 1
Cell (virus_694007,host_242384): 0 -> 1
Cell (virus_694007,host_452595): 0 -> 1
Cell (virus_694007,host_3370289): 0 -> 1
Cell (virus_694007,host_9438): 0 -> 1
Cell (virus_694007,host_153297): 0 -> 1
Cell (virus_694007,host_249034): 0 -> 1
Cell (virus_1881051,host_294653): 0 -> 1
Cell (virus_1881051,host_59463): 0 -> 1
Cell (virus_1881051,host_109480): 0 -> 1
Cell (virus_1881051,host_1633875): 0 -> 1
Cell (virus_1881051,host_2528591): 0 -> 1
Cell (virus_1881051,host_51298): 0 -> 1
Cell (virus_1881051,host_225399): 0 -> 1
Cell (virus_1881051,host_392004): 0 -> 1
Cell (virus_1881051,host_392318): 0 -> 1
Cell (virus_1881051,host_1911917): 0 -> 1
Cell (virus_1881051,host_587652): 0 -> 1
Cell (virus_1881051,host_225400): 0 -> 1
Cell (virus_1881051,host_385037): 0 -> 1
Cell (virus_1881051,host_155035): 0 -> 1
Cell (virus_1881051,host_258925): 0 -> 1
Cell (virus_1881051,host_177185): 0 -> 1
Cell (virus_1881051,host_196889): 0 -> 1
Cell (virus_1881051,host_196297): 0 -> 1
Cell (virus_1881051,host_9402): 0 -> 1
Cell (virus_1881051,host_9403): 0 -> 1
Cell (virus_1881051,host_58057): 0 -> 1
Cell (virus_1881051,host_1898389): 0 -> 1
Cell (virus_1881051,host_372077): 0 -> 1
Cell (virus_1881051,host_903567): 0 -> 1
Cell (virus_1881051,host_58067): 0 -> 1
Cell (virus_1881051,host_448084): 0 -> 1
Cell (virus_1881051,host_58071): 0 -> 1
Cell (virus_1881051,host_58073): 0 -> 1
Cell (virus_1881051,host_1898393): 0 -> 1
Cell (virus_1881051,host_77223): 0 -> 1
Cell (virus_1881051,host_58063): 0 -> 1
Cell (virus_1881051,host_9400): 0 -> 1
Cell (virus_1881051,host_298110): 0 -> 1
Cell (virus_1881051,host_374419): 0 -> 1
Cell (virus_1881051,host_326081): 0 -> 1
Cell (virus_1881051,host_27663): 0 -> 1
Cell (virus_1881051,host_574064): 0 -> 1
Cell (virus_1881051,host_27660): 0 -> 1
Cell (virus_1881051,host_409031): 0 -> 1
Cell (virus_1881051,host_89673): 0 -> 1
Cell (virus_1881051,host_3041509): 0 -> 1
Cell (virus_1881051,host_2218597): 0 -> 1
Cell (virus_1881051,host_242384): 0 -> 1
Cell (virus_1881051,host_452595): 0 -> 1
Cell (virus_1881051,host_3370289): 0 -> 1
Cell (virus_1881051,host_9438): 0 -> 1
Cell (virus_1881051,host_153297): 0 -> 1
Cell (virus_1881051,host_249034): 0 -> 1
Cell (virus_2913387,host_294653): 0 -> 1
Cell (virus_2913387,host_59463): 0 -> 1
Cell (virus_2913387,host_109480): 0 -> 1
Cell (virus_2913387,host_1633875): 0 -> 1
Cell (virus_2913387,host_2528591): 0 -> 1
Cell (virus_2913387,host_51298): 0 -> 1
Cell (virus_2913387,host_225399): 0 -> 1
Cell (virus_2913387,host_392004): 0 -> 1
Cell (virus_2913387,host_392318): 0 -> 1
Cell (virus_2913387,host_1911917): 0 -> 1
Cell (virus_2913387,host_587652): 0 -> 1
Cell (virus_2913387,host_225400): 0 -> 1
Cell (virus_2913387,host_385037): 0 -> 1
Cell (virus_2913387,host_155035): 0 -> 1
Cell (virus_2913387,host_258925): 0 -> 1
Cell (virus_2913387,host_177185): 0 -> 1
Cell (virus_2913387,host_196889): 0 -> 1
Cell (virus_2913387,host_196297): 0 -> 1
Cell (virus_2913387,host_9402): 0 -> 1
Cell (virus_2913387,host_9403): 0 -> 1
Cell (virus_2913387,host_58057): 0 -> 1
Cell (virus_2913387,host_1898389): 0 -> 1
Cell (virus_2913387,host_372077): 0 -> 1
Cell (virus_2913387,host_903567): 0 -> 1
Cell (virus_2913387,host_58067): 0 -> 1
Cell (virus_2913387,host_448084): 0 -> 1
Cell (virus_2913387,host_58071): 0 -> 1
Cell (virus_2913387,host_58073): 0 -> 1
Cell (virus_2913387,host_1898393): 0 -> 1
Cell (virus_2913387,host_77223): 0 -> 1
Cell (virus_2913387,host_58063): 0 -> 1
Cell (virus_2913387,host_9400): 0 -> 1
Cell (virus_2913387,host_298110): 0 -> 1
Cell (virus_2913387,host_374419): 0 -> 1
Cell (virus_2913387,host_326081): 0 -> 1
Cell (virus_2913387,host_27663): 0 -> 1
Cell (virus_2913387,host_574064): 0 -> 1
Cell (virus_2913387,host_27660): 0 -> 1
Cell (virus_2913387,host_409031): 0 -> 1
Cell (virus_2913387,host_89673): 0 -> 1
Cell (virus_2913387,host_3041509): 0 -> 1
Cell (virus_2913387,host_2218597): 0 -> 1
Cell (virus_2913387,host_242384): 0 -> 1
Cell (virus_2913387,host_452595): 0 -> 1
Cell (virus_2913387,host_3370289): 0 -> 1
Cell (virus_2913387,host_9438): 0 -> 1
Cell (virus_2913387,host_153297): 0 -> 1
Cell (virus_2913387,host_249034): 0 -> 1
Cell (virus_2691592,host_294653): 0 -> 1
Cell (virus_2691592,host_59463): 0 -> 1
Cell (virus_2691592,host_109480): 0 -> 1
Cell (virus_2691592,host_1633875): 0 -> 1
Cell (virus_2691592,host_2528591): 0 -> 1
Cell (virus_2691592,host_51298): 0 -> 1
Cell (virus_2691592,host_225399): 0 -> 1
Cell (virus_2691592,host_392004): 0 -> 1
Cell (virus_2691592,host_392318): 0 -> 1
Cell (virus_2691592,host_1911917): 0 -> 1
Cell (virus_2691592,host_587652): 0 -> 1
Cell (virus_2691592,host_225400): 0 -> 1
Cell (virus_2691592,host_385037): 0 -> 1
Cell (virus_2691592,host_155035): 0 -> 1
Cell (virus_2691592,host_258925): 0 -> 1
Cell (virus_2691592,host_177185): 0 -> 1
Cell (virus_2691592,host_196889): 0 -> 1
Cell (virus_2691592,host_196297): 0 -> 1
Cell (virus_2691592,host_9402): 0 -> 1
Cell (virus_2691592,host_9403): 0 -> 1
Cell (virus_2691592,host_58057): 0 -> 1
Cell (virus_2691592,host_1898389): 0 -> 1
Cell (virus_2691592,host_372077): 0 -> 1
Cell (virus_2691592,host_903567): 0 -> 1
Cell (virus_2691592,host_58067): 0 -> 1
Cell (virus_2691592,host_448084): 0 -> 1
Cell (virus_2691592,host_58071): 0 -> 1
Cell (virus_2691592,host_58073): 0 -> 1
Cell (virus_2691592,host_1898393): 0 -> 1
Cell (virus_2691592,host_77223): 0 -> 1
Cell (virus_2691592,host_58063): 0 -> 1
Cell (virus_2691592,host_9400): 0 -> 1
Cell (virus_2691592,host_298110): 0 -> 1
Cell (virus_2691592,host_374419): 0 -> 1
Cell (virus_2691592,host_326081): 0 -> 1
Cell (virus_2691592,host_27663): 0 -> 1
Cell (virus_2691592,host_574064): 0 -> 1
Cell (virus_2691592,host_27660): 0 -> 1
Cell (virus_2691592,host_409031): 0 -> 1
Cell (virus_2691592,host_89673): 0 -> 1
Cell (virus_2691592,host_3041509): 0 -> 1
Cell (virus_2691592,host_2218597): 0 -> 1
Cell (virus_2691592,host_242384): 0 -> 1
Cell (virus_2691592,host_452595): 0 -> 1
Cell (virus_2691592,host_3370289): 0 -> 1
Cell (virus_2691592,host_153297): 0 -> 1
Cell (virus_2691592,host_249034): 0 -> 1
Cell (virus_28295,host_294653): 0 -> 1
Cell (virus_28295,host_59463): 0 -> 1
Cell (virus_28295,host_109480): 0 -> 1
Cell (virus_28295,host_1633875): 0 -> 1
Cell (virus_28295,host_2528591): 0 -> 1
Cell (virus_28295,host_51298): 0 -> 1
Cell (virus_28295,host_225399): 0 -> 1
Cell (virus_28295,host_392004): 0 -> 1
Cell (virus_28295,host_392318): 0 -> 1
Cell (virus_28295,host_1911917): 0 -> 1
Cell (virus_28295,host_587652): 0 -> 1
Cell (virus_28295,host_225400): 0 -> 1
Cell (virus_28295,host_385037): 0 -> 1
Cell (virus_28295,host_155035): 0 -> 1
Cell (virus_28295,host_258925): 0 -> 1
Cell (virus_28295,host_177185): 0 -> 1
Cell (virus_28295,host_196889): 0 -> 1
Cell (virus_28295,host_196297): 0 -> 1
Cell (virus_28295,host_9402): 0 -> 1
Cell (virus_28295,host_9403): 0 -> 1
Cell (virus_28295,host_58057): 0 -> 1
Cell (virus_28295,host_1898389): 0 -> 1
Cell (virus_28295,host_372077): 0 -> 1
Cell (virus_28295,host_58067): 0 -> 1
Cell (virus_28295,host_448084): 0 -> 1
Cell (virus_28295,host_58071): 0 -> 1
Cell (virus_28295,host_58073): 0 -> 1
Cell (virus_28295,host_1898393): 0 -> 1
Cell (virus_28295,host_77223): 0 -> 1
Cell (virus_28295,host_58063): 0 -> 1
Cell (virus_28295,host_9400): 0 -> 1
Cell (virus_28295,host_298110): 0 -> 1
Cell (virus_28295,host_374419): 0 -> 1
Cell (virus_28295,host_326081): 0 -> 1
Cell (virus_28295,host_27663): 0 -> 1
Cell (virus_28295,host_574064): 0 -> 1
Cell (virus_28295,host_27660): 0 -> 1
Cell (virus_28295,host_409031): 0 -> 1
Cell (virus_28295,host_89673): 0 -> 1
Cell (virus_28295,host_3041509): 0 -> 1
Cell (virus_28295,host_2218597): 0 -> 1
Cell (virus_28295,host_242384): 0 -> 1
Cell (virus_28295,host_452595): 0 -> 1
Cell (virus_28295,host_3370289): 0 -> 1
Cell (virus_28295,host_9438): 0 -> 1
Cell (virus_28295,host_153297): 0 -> 1
Cell (virus_28295,host_249034): 0 -> 1
Cell (virus_3433789,host_294653): 0 -> 1
Cell (virus_3433789,host_59463): 0 -> 1
Cell (virus_3433789,host_109480): 0 -> 1
Cell (virus_3433789,host_1633875): 0 -> 1
Cell (virus_3433789,host_2528591): 0 -> 1
Cell (virus_3433789,host_51298): 0 -> 1
Cell (virus_3433789,host_225399): 0 -> 1
Cell (virus_3433789,host_392004): 0 -> 1
Cell (virus_3433789,host_392318): 0 -> 1
Cell (virus_3433789,host_1911917): 0 -> 1
Cell (virus_3433789,host_587652): 0 -> 1
Cell (virus_3433789,host_225400): 0 -> 1
Cell (virus_3433789,host_385037): 0 -> 1
Cell (virus_3433789,host_155035): 0 -> 1
Cell (virus_3433789,host_258925): 0 -> 1
Cell (virus_3433789,host_177185): 0 -> 1
Cell (virus_3433789,host_196889): 0 -> 1
Cell (virus_3433789,host_196297): 0 -> 1
Cell (virus_3433789,host_9402): 0 -> 1
Cell (virus_3433789,host_9403): 0 -> 1
Cell (virus_3433789,host_58057): 0 -> 1
Cell (virus_3433789,host_1898389): 0 -> 1
Cell (virus_3433789,host_372077): 0 -> 1
Cell (virus_3433789,host_58067): 0 -> 1
Cell (virus_3433789,host_448084): 0 -> 1
Cell (virus_3433789,host_58071): 0 -> 1
Cell (virus_3433789,host_58073): 0 -> 1
Cell (virus_3433789,host_1898393): 0 -> 1
Cell (virus_3433789,host_77223): 0 -> 1
Cell (virus_3433789,host_58063): 0 -> 1
Cell (virus_3433789,host_9400): 0 -> 1
Cell (virus_3433789,host_298110): 0 -> 1
Cell (virus_3433789,host_374419): 0 -> 1
Cell (virus_3433789,host_326081): 0 -> 1
Cell (virus_3433789,host_27663): 0 -> 1
Cell (virus_3433789,host_574064): 0 -> 1
Cell (virus_3433789,host_27660): 0 -> 1
Cell (virus_3433789,host_409031): 0 -> 1
Cell (virus_3433789,host_89673): 0 -> 1
Cell (virus_3433789,host_3041509): 0 -> 1
Cell (virus_3433789,host_2218597): 0 -> 1
Cell (virus_3433789,host_242384): 0 -> 1
Cell (virus_3433789,host_452595): 0 -> 1
Cell (virus_3433789,host_3370289): 0 -> 1
Cell (virus_3433789,host_9438): 0 -> 1
Cell (virus_3433789,host_153297): 0 -> 1
Cell (virus_3433789,host_249034): 0 -> 1
Cell (virus_2913385,host_294653): 0 -> 1
Cell (virus_2913385,host_59463): 0 -> 1
Cell (virus_2913385,host_109480): 0 -> 1
Cell (virus_2913385,host_1633875): 0 -> 1
Cell (virus_2913385,host_2528591): 0 -> 1
Cell (virus_2913385,host_51298): 0 -> 1
Cell (virus_2913385,host_225399): 0 -> 1
Cell (virus_2913385,host_392004): 0 -> 1
Cell (virus_2913385,host_392318): 0 -> 1
Cell (virus_2913385,host_1911917): 0 -> 1
Cell (virus_2913385,host_587652): 0 -> 1
Cell (virus_2913385,host_225400): 0 -> 1
Cell (virus_2913385,host_385037): 0 -> 1
Cell (virus_2913385,host_155035): 0 -> 1
Cell (virus_2913385,host_258925): 0 -> 1
Cell (virus_2913385,host_177185): 0 -> 1
Cell (virus_2913385,host_196889): 0 -> 1
Cell (virus_2913385,host_196297): 0 -> 1
Cell (virus_2913385,host_9402): 0 -> 1
Cell (virus_2913385,host_9403): 0 -> 1
Cell (virus_2913385,host_58057): 0 -> 1
Cell (virus_2913385,host_1898389): 0 -> 1
Cell (virus_2913385,host_372077): 0 -> 1
Cell (virus_2913385,host_903567): 0 -> 1
Cell (virus_2913385,host_58067): 0 -> 1
Cell (virus_2913385,host_448084): 0 -> 1
Cell (virus_2913385,host_58071): 0 -> 1
Cell (virus_2913385,host_58073): 0 -> 1
Cell (virus_2913385,host_1898393): 0 -> 1
Cell (virus_2913385,host_77223): 0 -> 1
Cell (virus_2913385,host_58063): 0 -> 1
Cell (virus_2913385,host_9400): 0 -> 1
Cell (virus_2913385,host_298110): 0 -> 1
Cell (virus_2913385,host_374419): 0 -> 1
Cell (virus_2913385,host_326081): 0 -> 1
Cell (virus_2913385,host_27663): 0 -> 1
Cell (virus_2913385,host_574064): 0 -> 1
Cell (virus_2913385,host_27660): 0 -> 1
Cell (virus_2913385,host_409031): 0 -> 1
Cell (virus_2913385,host_89673): 0 -> 1
Cell (virus_2913385,host_3041509): 0 -> 1
Cell (virus_2913385,host_2218597): 0 -> 1
Cell (virus_2913385,host_242384): 0 -> 1
Cell (virus_2913385,host_452595): 0 -> 1
Cell (virus_2913385,host_3370289): 0 -> 1
Cell (virus_2913385,host_9438): 0 -> 1
Cell (virus_2913385,host_153297): 0 -> 1
Cell (virus_2913385,host_249034): 0 -> 1
Cell (virus_3077579,host_294653): 0 -> 1
Cell (virus_3077579,host_59463): 0 -> 1
Cell (virus_3077579,host_109480): 0 -> 1
Cell (virus_3077579,host_1633875): 0 -> 1
Cell (virus_3077579,host_2528591): 0 -> 1
Cell (virus_3077579,host_51298): 0 -> 1
Cell (virus_3077579,host_225399): 0 -> 1
Cell (virus_3077579,host_392004): 0 -> 1
Cell (virus_3077579,host_392318): 0 -> 1
Cell (virus_3077579,host_1911917): 0 -> 1
Cell (virus_3077579,host_587652): 0 -> 1
Cell (virus_3077579,host_225400): 0 -> 1
Cell (virus_3077579,host_385037): 0 -> 1
Cell (virus_3077579,host_258925): 0 -> 1
Cell (virus_3077579,host_177185): 0 -> 1
Cell (virus_3077579,host_196889): 0 -> 1
Cell (virus_3077579,host_196297): 0 -> 1
Cell (virus_3077579,host_9402): 0 -> 1
Cell (virus_3077579,host_9403): 0 -> 1
Cell (virus_3077579,host_58057): 0 -> 1
Cell (virus_3077579,host_1898389): 0 -> 1
Cell (virus_3077579,host_372077): 0 -> 1
Cell (virus_3077579,host_903567): 0 -> 1
Cell (virus_3077579,host_58067): 0 -> 1
Cell (virus_3077579,host_448084): 0 -> 1
Cell (virus_3077579,host_58071): 0 -> 1
Cell (virus_3077579,host_58073): 0 -> 1
Cell (virus_3077579,host_1898393): 0 -> 1
Cell (virus_3077579,host_77223): 0 -> 1
Cell (virus_3077579,host_58063): 0 -> 1
Cell (virus_3077579,host_9400): 0 -> 1
Cell (virus_3077579,host_298110): 0 -> 1
Cell (virus_3077579,host_374419): 0 -> 1
Cell (virus_3077579,host_326081): 0 -> 1
Cell (virus_3077579,host_27663): 0 -> 1
Cell (virus_3077579,host_574064): 0 -> 1
Cell (virus_3077579,host_27660): 0 -> 1
Cell (virus_3077579,host_409031): 0 -> 1
Cell (virus_3077579,host_89673): 0 -> 1
Cell (virus_3077579,host_3041509): 0 -> 1
Cell (virus_3077579,host_2218597): 0 -> 1
Cell (virus_3077579,host_242384): 0 -> 1
Cell (virus_3077579,host_452595): 0 -> 1
Cell (virus_3077579,host_3370289): 0 -> 1
Cell (virus_3077579,host_153297): 0 -> 1
Cell (virus_3077579,host_249034): 0 -> 1
Cell (virus_3077580,host_294653): 0 -> 1
Cell (virus_3077580,host_59463): 0 -> 1
Cell (virus_3077580,host_109480): 0 -> 1
Cell (virus_3077580,host_1633875): 0 -> 1
Cell (virus_3077580,host_2528591): 0 -> 1
Cell (virus_3077580,host_51298): 0 -> 1
Cell (virus_3077580,host_225399): 0 -> 1
Cell (virus_3077580,host_392004): 0 -> 1
Cell (virus_3077580,host_392318): 0 -> 1
Cell (virus_3077580,host_1911917): 0 -> 1
Cell (virus_3077580,host_587652): 0 -> 1
Cell (virus_3077580,host_225400): 0 -> 1
Cell (virus_3077580,host_385037): 0 -> 1
Cell (virus_3077580,host_258925): 0 -> 1
Cell (virus_3077580,host_177185): 0 -> 1
Cell (virus_3077580,host_196889): 0 -> 1
Cell (virus_3077580,host_196297): 0 -> 1
Cell (virus_3077580,host_9402): 0 -> 1
Cell (virus_3077580,host_9403): 0 -> 1
Cell (virus_3077580,host_58057): 0 -> 1
Cell (virus_3077580,host_1898389): 0 -> 1
Cell (virus_3077580,host_372077): 0 -> 1
Cell (virus_3077580,host_903567): 0 -> 1
Cell (virus_3077580,host_58067): 0 -> 1
Cell (virus_3077580,host_448084): 0 -> 1
Cell (virus_3077580,host_58071): 0 -> 1
Cell (virus_3077580,host_58073): 0 -> 1
Cell (virus_3077580,host_1898393): 0 -> 1
Cell (virus_3077580,host_77223): 0 -> 1
Cell (virus_3077580,host_58063): 0 -> 1
Cell (virus_3077580,host_9400): 0 -> 1
Cell (virus_3077580,host_298110): 0 -> 1
Cell (virus_3077580,host_374419): 0 -> 1
Cell (virus_3077580,host_326081): 0 -> 1
Cell (virus_3077580,host_27663): 0 -> 1
Cell (virus_3077580,host_574064): 0 -> 1
Cell (virus_3077580,host_27660): 0 -> 1
Cell (virus_3077580,host_409031): 0 -> 1
Cell (virus_3077580,host_89673): 0 -> 1
Cell (virus_3077580,host_3041509): 0 -> 1
Cell (virus_3077580,host_2218597): 0 -> 1
Cell (virus_3077580,host_242384): 0 -> 1
Cell (virus_3077580,host_452595): 0 -> 1
Cell (virus_3077580,host_3370289): 0 -> 1
Cell (virus_3077580,host_153297): 0 -> 1
Cell (virus_3077580,host_249034): 0 -> 1
Cell (virus_2419667,host_294653): 0 -> 1
Cell (virus_2419667,host_59463): 0 -> 1
Cell (virus_2419667,host_109480): 0 -> 1
Cell (virus_2419667,host_1633875): 0 -> 1
Cell (virus_2419667,host_2528591): 0 -> 1
Cell (virus_2419667,host_51298): 0 -> 1
Cell (virus_2419667,host_225399): 0 -> 1
Cell (virus_2419667,host_392004): 0 -> 1
Cell (virus_2419667,host_392318): 0 -> 1
Cell (virus_2419667,host_1911917): 0 -> 1
Cell (virus_2419667,host_587652): 0 -> 1
Cell (virus_2419667,host_225400): 0 -> 1
Cell (virus_2419667,host_385037): 0 -> 1
Cell (virus_2419667,host_155035): 0 -> 1
Cell (virus_2419667,host_258925): 0 -> 1
Cell (virus_2419667,host_177185): 0 -> 1
Cell (virus_2419667,host_196889): 0 -> 1
Cell (virus_2419667,host_196297): 0 -> 1
Cell (virus_2419667,host_9403): 0 -> 1
Cell (virus_2419667,host_58057): 0 -> 1
Cell (virus_2419667,host_1898389): 0 -> 1
Cell (virus_2419667,host_372077): 0 -> 1
Cell (virus_2419667,host_903567): 0 -> 1
Cell (virus_2419667,host_58067): 0 -> 1
Cell (virus_2419667,host_448084): 0 -> 1
Cell (virus_2419667,host_58071): 0 -> 1
Cell (virus_2419667,host_58073): 0 -> 1
Cell (virus_2419667,host_1898393): 0 -> 1
Cell (virus_2419667,host_77223): 0 -> 1
Cell (virus_2419667,host_58063): 0 -> 1
Cell (virus_2419667,host_9400): 0 -> 1
Cell (virus_2419667,host_298110): 0 -> 1
Cell (virus_2419667,host_374419): 0 -> 1
Cell (virus_2419667,host_326081): 0 -> 1
Cell (virus_2419667,host_27663): 0 -> 1
Cell (virus_2419667,host_574064): 0 -> 1
Cell (virus_2419667,host_27660): 0 -> 1
Cell (virus_2419667,host_409031): 0 -> 1
Cell (virus_2419667,host_89673): 0 -> 1
Cell (virus_2419667,host_3041509): 0 -> 1
Cell (virus_2419667,host_2218597): 0 -> 1
Cell (virus_2419667,host_242384): 0 -> 1
Cell (virus_2419667,host_452595): 0 -> 1
Cell (virus_2419667,host_3370289): 0 -> 1
Cell (virus_2419667,host_9438): 0 -> 1
Cell (virus_2419667,host_153297): 0 -> 1
Cell (virus_2419667,host_249034): 0 -> 1
Cell (virus_3433787,host_294653): 0 -> 1
Cell (virus_3433787,host_59463): 0 -> 1
Cell (virus_3433787,host_109480): 0 -> 1
Cell (virus_3433787,host_1633875): 0 -> 1
Cell (virus_3433787,host_2528591): 0 -> 1
Cell (virus_3433787,host_51298): 0 -> 1
Cell (virus_3433787,host_225399): 0 -> 1
Cell (virus_3433787,host_392004): 0 -> 1
Cell (virus_3433787,host_392318): 0 -> 1
Cell (virus_3433787,host_1911917): 0 -> 1
Cell (virus_3433787,host_587652): 0 -> 1
Cell (virus_3433787,host_225400): 0 -> 1
Cell (virus_3433787,host_385037): 0 -> 1
Cell (virus_3433787,host_155035): 0 -> 1
Cell (virus_3433787,host_258925): 0 -> 1
Cell (virus_3433787,host_177185): 0 -> 1
Cell (virus_3433787,host_196889): 0 -> 1
Cell (virus_3433787,host_196297): 0 -> 1
Cell (virus_3433787,host_9403): 0 -> 1
Cell (virus_3433787,host_58057): 0 -> 1
Cell (virus_3433787,host_1898389): 0 -> 1
Cell (virus_3433787,host_372077): 0 -> 1
Cell (virus_3433787,host_903567): 0 -> 1
Cell (virus_3433787,host_58067): 0 -> 1
Cell (virus_3433787,host_448084): 0 -> 1
Cell (virus_3433787,host_58071): 0 -> 1
Cell (virus_3433787,host_58073): 0 -> 1
Cell (virus_3433787,host_1898393): 0 -> 1
Cell (virus_3433787,host_77223): 0 -> 1
Cell (virus_3433787,host_58063): 0 -> 1
Cell (virus_3433787,host_9400): 0 -> 1
Cell (virus_3433787,host_298110): 0 -> 1
Cell (virus_3433787,host_374419): 0 -> 1
Cell (virus_3433787,host_326081): 0 -> 1
Cell (virus_3433787,host_27663): 0 -> 1
Cell (virus_3433787,host_574064): 0 -> 1
Cell (virus_3433787,host_27660): 0 -> 1
Cell (virus_3433787,host_409031): 0 -> 1
Cell (virus_3433787,host_89673): 0 -> 1
Cell (virus_3433787,host_3041509): 0 -> 1
Cell (virus_3433787,host_2218597): 0 -> 1
Cell (virus_3433787,host_242384): 0 -> 1
Cell (virus_3433787,host_452595): 0 -> 1
Cell (virus_3433787,host_3370289): 0 -> 1
Cell (virus_3433787,host_9438): 0 -> 1
Cell (virus_3433787,host_153297): 0 -> 1
Cell (virus_3433787,host_249034): 0 -> 1
Cell (virus_3027593,host_294653): 0 -> 1
Cell (virus_3027593,host_59463): 0 -> 1
Cell (virus_3027593,host_109480): 0 -> 1
Cell (virus_3027593,host_1633875): 0 -> 1
Cell (virus_3027593,host_2528591): 0 -> 1
Cell (virus_3027593,host_51298): 0 -> 1
Cell (virus_3027593,host_225399): 0 -> 1
Cell (virus_3027593,host_392004): 0 -> 1
Cell (virus_3027593,host_392318): 0 -> 1
Cell (virus_3027593,host_1911917): 0 -> 1
Cell (virus_3027593,host_587652): 0 -> 1
Cell (virus_3027593,host_225400): 0 -> 1
Cell (virus_3027593,host_385037): 0 -> 1
Cell (virus_3027593,host_155035): 0 -> 1
Cell (virus_3027593,host_258925): 0 -> 1
Cell (virus_3027593,host_177185): 0 -> 1
Cell (virus_3027593,host_196889): 0 -> 1
Cell (virus_3027593,host_196297): 0 -> 1
Cell (virus_3027593,host_9402): 0 -> 1
Cell (virus_3027593,host_9403): 0 -> 1
Cell (virus_3027593,host_58057): 0 -> 1
Cell (virus_3027593,host_372077): 0 -> 1
Cell (virus_3027593,host_903567): 0 -> 1
Cell (virus_3027593,host_58067): 0 -> 1
Cell (virus_3027593,host_448084): 0 -> 1
Cell (virus_3027593,host_58071): 0 -> 1
Cell (virus_3027593,host_58073): 0 -> 1
Cell (virus_3027593,host_1898393): 0 -> 1
Cell (virus_3027593,host_77223): 0 -> 1
Cell (virus_3027593,host_58063): 0 -> 1
Cell (virus_3027593,host_9400): 0 -> 1
Cell (virus_3027593,host_298110): 0 -> 1
Cell (virus_3027593,host_374419): 0 -> 1
Cell (virus_3027593,host_326081): 0 -> 1
Cell (virus_3027593,host_27663): 0 -> 1
Cell (virus_3027593,host_574064): 0 -> 1
Cell (virus_3027593,host_27660): 0 -> 1
Cell (virus_3027593,host_409031): 0 -> 1
Cell (virus_3027593,host_89673): 0 -> 1
Cell (virus_3027593,host_3041509): 0 -> 1
Cell (virus_3027593,host_2218597): 0 -> 1
Cell (virus_3027593,host_242384): 0 -> 1
Cell (virus_3027593,host_452595): 0 -> 1
Cell (virus_3027593,host_3370289): 0 -> 1
Cell (virus_3027593,host_9438): 0 -> 1
Cell (virus_3027593,host_153297): 0 -> 1
Cell (virus_3027593,host_249034): 0 -> 1
Cell (virus_2991261,host_294653): 0 -> 1
Cell (virus_2991261,host_59463): 0 -> 1
Cell (virus_2991261,host_109480): 0 -> 1
Cell (virus_2991261,host_1633875): 0 -> 1
Cell (virus_2991261,host_2528591): 0 -> 1
Cell (virus_2991261,host_51298): 0 -> 1
Cell (virus_2991261,host_392004): 0 -> 1
Cell (virus_2991261,host_392318): 0 -> 1
Cell (virus_2991261,host_1911917): 0 -> 1
Cell (virus_2991261,host_587652): 0 -> 1
Cell (virus_2991261,host_225400): 0 -> 1
Cell (virus_2991261,host_385037): 0 -> 1
Cell (virus_2991261,host_155035): 0 -> 1
Cell (virus_2991261,host_258925): 0 -> 1
Cell (virus_2991261,host_177185): 0 -> 1
Cell (virus_2991261,host_196889): 0 -> 1
Cell (virus_2991261,host_196297): 0 -> 1
Cell (virus_2991261,host_9402): 0 -> 1
Cell (virus_2991261,host_9403): 0 -> 1
Cell (virus_2991261,host_58057): 0 -> 1
Cell (virus_2991261,host_1898389): 0 -> 1
Cell (virus_2991261,host_372077): 0 -> 1
Cell (virus_2991261,host_903567): 0 -> 1
Cell (virus_2991261,host_58067): 0 -> 1
Cell (virus_2991261,host_448084): 0 -> 1
Cell (virus_2991261,host_58071): 0 -> 1
Cell (virus_2991261,host_1898393): 0 -> 1
Cell (virus_2991261,host_77223): 0 -> 1
Cell (virus_2991261,host_58063): 0 -> 1
Cell (virus_2991261,host_9400): 0 -> 1
Cell (virus_2991261,host_298110): 0 -> 1
Cell (virus_2991261,host_374419): 0 -> 1
Cell (virus_2991261,host_326081): 0 -> 1
Cell (virus_2991261,host_27663): 0 -> 1
Cell (virus_2991261,host_27660): 0 -> 1
Cell (virus_2991261,host_409031): 0 -> 1
Cell (virus_2991261,host_89673): 0 -> 1
Cell (virus_2991261,host_3041509): 0 -> 1
Cell (virus_2991261,host_2218597): 0 -> 1
Cell (virus_2991261,host_242384): 0 -> 1
Cell (virus_2991261,host_452595): 0 -> 1
Cell (virus_2991261,host_3370289): 0 -> 1
Cell (virus_2991261,host_9438): 0 -> 1
Cell (virus_2991261,host_153297): 0 -> 1
Cell (virus_2991261,host_249034): 0 -> 1
Cell (virus_983923,host_294653): 0 -> 1
Cell (virus_983923,host_59463): 0 -> 1
Cell (virus_983923,host_109480): 0 -> 1
Cell (virus_983923,host_1633875): 0 -> 1
Cell (virus_983923,host_2528591): 0 -> 1
Cell (virus_983923,host_51298): 0 -> 1
Cell (virus_983923,host_392004): 0 -> 1
Cell (virus_983923,host_392318): 0 -> 1
Cell (virus_983923,host_1911917): 0 -> 1
Cell (virus_983923,host_587652): 0 -> 1
Cell (virus_983923,host_225400): 0 -> 1
Cell (virus_983923,host_385037): 0 -> 1
Cell (virus_983923,host_155035): 0 -> 1
Cell (virus_983923,host_258925): 0 -> 1
Cell (virus_983923,host_177185): 0 -> 1
Cell (virus_983923,host_196889): 0 -> 1
Cell (virus_983923,host_196297): 0 -> 1
Cell (virus_983923,host_9402): 0 -> 1
Cell (virus_983923,host_9403): 0 -> 1
Cell (virus_983923,host_58057): 0 -> 1
Cell (virus_983923,host_1898389): 0 -> 1
Cell (virus_983923,host_372077): 0 -> 1
Cell (virus_983923,host_903567): 0 -> 1
Cell (virus_983923,host_58067): 0 -> 1
Cell (virus_983923,host_448084): 0 -> 1
Cell (virus_983923,host_1898393): 0 -> 1
Cell (virus_983923,host_77223): 0 -> 1
Cell (virus_983923,host_58063): 0 -> 1
Cell (virus_983923,host_9400): 0 -> 1
Cell (virus_983923,host_298110): 0 -> 1
Cell (virus_983923,host_374419): 0 -> 1
Cell (virus_983923,host_326081): 0 -> 1
Cell (virus_983923,host_27663): 0 -> 1
Cell (virus_983923,host_27660): 0 -> 1
Cell (virus_983923,host_409031): 0 -> 1
Cell (virus_983923,host_89673): 0 -> 1
Cell (virus_983923,host_3041509): 0 -> 1
Cell (virus_983923,host_2218597): 0 -> 1
Cell (virus_983923,host_242384): 0 -> 1
Cell (virus_983923,host_452595): 0 -> 1
Cell (virus_983923,host_3370289): 0 -> 1
Cell (virus_983923,host_9438): 0 -> 1
Cell (virus_983923,host_153297): 0 -> 1
Cell (virus_983923,host_249034): 0 -> 1
Cell (virus_3433749,host_294653): 0 -> 1
Cell (virus_3433749,host_59463): 0 -> 1
Cell (virus_3433749,host_109480): 0 -> 1
Cell (virus_3433749,host_1633875): 0 -> 1
Cell (virus_3433749,host_2528591): 0 -> 1
Cell (virus_3433749,host_51298): 0 -> 1
Cell (virus_3433749,host_225399): 0 -> 1
Cell (virus_3433749,host_392004): 0 -> 1
Cell (virus_3433749,host_392318): 0 -> 1
Cell (virus_3433749,host_1911917): 0 -> 1
Cell (virus_3433749,host_587652): 0 -> 1
Cell (virus_3433749,host_225400): 0 -> 1
Cell (virus_3433749,host_385037): 0 -> 1
Cell (virus_3433749,host_155035): 0 -> 1
Cell (virus_3433749,host_258925): 0 -> 1
Cell (virus_3433749,host_177185): 0 -> 1
Cell (virus_3433749,host_196889): 0 -> 1
Cell (virus_3433749,host_196297): 0 -> 1
Cell (virus_3433749,host_9402): 0 -> 1
Cell (virus_3433749,host_9403): 0 -> 1
Cell (virus_3433749,host_58057): 0 -> 1
Cell (virus_3433749,host_1898389): 0 -> 1
Cell (virus_3433749,host_372077): 0 -> 1
Cell (virus_3433749,host_903567): 0 -> 1
Cell (virus_3433749,host_58067): 0 -> 1
Cell (virus_3433749,host_448084): 0 -> 1
Cell (virus_3433749,host_58071): 0 -> 1
Cell (virus_3433749,host_58073): 0 -> 1
Cell (virus_3433749,host_1898393): 0 -> 1
Cell (virus_3433749,host_77223): 0 -> 1
Cell (virus_3433749,host_58063): 0 -> 1
Cell (virus_3433749,host_9400): 0 -> 1
Cell (virus_3433749,host_298110): 0 -> 1
Cell (virus_3433749,host_374419): 0 -> 1
Cell (virus_3433749,host_326081): 0 -> 1
Cell (virus_3433749,host_27663): 0 -> 1
Cell (virus_3433749,host_574064): 0 -> 1
Cell (virus_3433749,host_27660): 0 -> 1
Cell (virus_3433749,host_409031): 0 -> 1
Cell (virus_3433749,host_89673): 0 -> 1
Cell (virus_3433749,host_3041509): 0 -> 1
Cell (virus_3433749,host_2218597): 0 -> 1
Cell (virus_3433749,host_242384): 0 -> 1
Cell (virus_3433749,host_452595): 0 -> 1
Cell (virus_3433749,host_3370289): 0 -> 1
Cell (virus_3433749,host_9438): 0 -> 1
Cell (virus_3433749,host_153297): 0 -> 1
Cell (virus_3433749,host_249034): 0 -> 1
Cell (virus_1986198,host_294653): 0 -> 1
Cell (virus_1986198,host_3380546): 0 -> 1
Cell (virus_1986198,host_59463): 0 -> 1
Cell (virus_1986198,host_109480): 0 -> 1
Cell (virus_1986198,host_1633875): 0 -> 1
Cell (virus_1986198,host_2528591): 0 -> 1
Cell (virus_1986198,host_51298): 0 -> 1
Cell (virus_1986198,host_225399): 0 -> 1
Cell (virus_1986198,host_392318): 0 -> 1
Cell (virus_1986198,host_1911917): 0 -> 1
Cell (virus_1986198,host_452654): 0 -> 1
Cell (virus_1986198,host_587652): 0 -> 1
Cell (virus_1986198,host_225400): 0 -> 1
Cell (virus_1986198,host_385037): 0 -> 1
Cell (virus_1986198,host_155035): 0 -> 1
Cell (virus_1986198,host_258925): 0 -> 1
Cell (virus_1986198,host_177185): 0 -> 1
Cell (virus_1986198,host_196889): 0 -> 1
Cell (virus_1986198,host_196297): 0 -> 1
Cell (virus_1986198,host_9402): 0 -> 1
Cell (virus_1986198,host_9403): 0 -> 1
Cell (virus_1986198,host_58057): 0 -> 1
Cell (virus_1986198,host_1898389): 0 -> 1
Cell (virus_1986198,host_372077): 0 -> 1
Cell (virus_1986198,host_903567): 0 -> 1
Cell (virus_1986198,host_58067): 0 -> 1
Cell (virus_1986198,host_448084): 0 -> 1
Cell (virus_1986198,host_58071): 0 -> 1
Cell (virus_1986198,host_58073): 0 -> 1
Cell (virus_1986198,host_1898393): 0 -> 1
Cell (virus_1986198,host_77223): 0 -> 1
Cell (virus_1986198,host_58063): 0 -> 1
Cell (virus_1986198,host_9400): 0 -> 1
Cell (virus_1986198,host_298110): 0 -> 1
Cell (virus_1986198,host_374419): 0 -> 1
Cell (virus_1986198,host_326081): 0 -> 1
Cell (virus_1986198,host_27663): 0 -> 1
Cell (virus_1986198,host_574064): 0 -> 1
Cell (virus_1986198,host_27660): 0 -> 1
Cell (virus_1986198,host_409031): 0 -> 1
Cell (virus_1986198,host_3041509): 0 -> 1
Cell (virus_1986198,host_2218597): 0 -> 1
Cell (virus_1986198,host_242384): 0 -> 1
Cell (virus_1986198,host_452595): 0 -> 1
Cell (virus_1986198,host_3370289): 0 -> 1
Cell (virus_1986198,host_9438): 0 -> 1
Cell (virus_1986198,host_153297): 0 -> 1
Cell (virus_1986198,host_249034): 0 -> 1
Cell (virus_3433814,host_294653): 0 -> 1
Cell (virus_3433814,host_59463): 0 -> 1
Cell (virus_3433814,host_109480): 0 -> 1
Cell (virus_3433814,host_1633875): 0 -> 1
Cell (virus_3433814,host_2528591): 0 -> 1
Cell (virus_3433814,host_51298): 0 -> 1
Cell (virus_3433814,host_225399): 0 -> 1
Cell (virus_3433814,host_392318): 0 -> 1
Cell (virus_3433814,host_1911917): 0 -> 1
Cell (virus_3433814,host_452654): 0 -> 1
Cell (virus_3433814,host_587652): 0 -> 1
Cell (virus_3433814,host_225400): 0 -> 1
Cell (virus_3433814,host_385037): 0 -> 1
Cell (virus_3433814,host_155035): 0 -> 1
Cell (virus_3433814,host_258925): 0 -> 1
Cell (virus_3433814,host_177185): 0 -> 1
Cell (virus_3433814,host_196889): 0 -> 1
Cell (virus_3433814,host_196297): 0 -> 1
Cell (virus_3433814,host_9402): 0 -> 1
Cell (virus_3433814,host_9403): 0 -> 1
Cell (virus_3433814,host_58057): 0 -> 1
Cell (virus_3433814,host_1898389): 0 -> 1
Cell (virus_3433814,host_372077): 0 -> 1
Cell (virus_3433814,host_903567): 0 -> 1
Cell (virus_3433814,host_58067): 0 -> 1
Cell (virus_3433814,host_448084): 0 -> 1
Cell (virus_3433814,host_58071): 0 -> 1
Cell (virus_3433814,host_58073): 0 -> 1
Cell (virus_3433814,host_1898393): 0 -> 1
Cell (virus_3433814,host_77223): 0 -> 1
Cell (virus_3433814,host_58063): 0 -> 1
Cell (virus_3433814,host_9400): 0 -> 1
Cell (virus_3433814,host_298110): 0 -> 1
Cell (virus_3433814,host_374419): 0 -> 1
Cell (virus_3433814,host_326081): 0 -> 1
Cell (virus_3433814,host_27663): 0 -> 1
Cell (virus_3433814,host_574064): 0 -> 1
Cell (virus_3433814,host_27660): 0 -> 1
Cell (virus_3433814,host_409031): 0 -> 1
Cell (virus_3433814,host_3041509): 0 -> 1
Cell (virus_3433814,host_2218597): 0 -> 1
Cell (virus_3433814,host_242384): 0 -> 1
Cell (virus_3433814,host_452595): 0 -> 1
Cell (virus_3433814,host_3370289): 0 -> 1
Cell (virus_3433814,host_9438): 0 -> 1
Cell (virus_3433814,host_153297): 0 -> 1
Cell (virus_3433814,host_249034): 0 -> 1
Cell (virus_693997,host_294653): 0 -> 1
Cell (virus_693997,host_59463): 0 -> 1
Cell (virus_693997,host_109480): 0 -> 1
Cell (virus_693997,host_1633875): 0 -> 1
Cell (virus_693997,host_2528591): 0 -> 1
Cell (virus_693997,host_51298): 0 -> 1
Cell (virus_693997,host_225399): 0 -> 1
Cell (virus_693997,host_392318): 0 -> 1
Cell (virus_693997,host_1911917): 0 -> 1
Cell (virus_693997,host_452654): 0 -> 1
Cell (virus_693997,host_587652): 0 -> 1
Cell (virus_693997,host_225400): 0 -> 1
Cell (virus_693997,host_385037): 0 -> 1
Cell (virus_693997,host_155035): 0 -> 1
Cell (virus_693997,host_258925): 0 -> 1
Cell (virus_693997,host_177185): 0 -> 1
Cell (virus_693997,host_196889): 0 -> 1
Cell (virus_693997,host_196297): 0 -> 1
Cell (virus_693997,host_9402): 0 -> 1
Cell (virus_693997,host_9403): 0 -> 1
Cell (virus_693997,host_58057): 0 -> 1
Cell (virus_693997,host_1898389): 0 -> 1
Cell (virus_693997,host_372077): 0 -> 1
Cell (virus_693997,host_903567): 0 -> 1
Cell (virus_693997,host_58067): 0 -> 1
Cell (virus_693997,host_448084): 0 -> 1
Cell (virus_693997,host_58071): 0 -> 1
Cell (virus_693997,host_58073): 0 -> 1
Cell (virus_693997,host_1898393): 0 -> 1
Cell (virus_693997,host_77223): 0 -> 1
Cell (virus_693997,host_58063): 0 -> 1
Cell (virus_693997,host_9400): 0 -> 1
Cell (virus_693997,host_298110): 0 -> 1
Cell (virus_693997,host_374419): 0 -> 1
Cell (virus_693997,host_326081): 0 -> 1
Cell (virus_693997,host_27663): 0 -> 1
Cell (virus_693997,host_574064): 0 -> 1
Cell (virus_693997,host_27660): 0 -> 1
Cell (virus_693997,host_409031): 0 -> 1
Cell (virus_693997,host_3041509): 0 -> 1
Cell (virus_693997,host_2218597): 0 -> 1
Cell (virus_693997,host_242384): 0 -> 1
Cell (virus_693997,host_452595): 0 -> 1
Cell (virus_693997,host_3370289): 0 -> 1
Cell (virus_693997,host_9438): 0 -> 1
Cell (virus_693997,host_153297): 0 -> 1
Cell (virus_693997,host_249034): 0 -> 1
Cell (virus_2913386,host_294653): 0 -> 1
Cell (virus_2913386,host_59463): 0 -> 1
Cell (virus_2913386,host_109480): 0 -> 1
Cell (virus_2913386,host_1633875): 0 -> 1
Cell (virus_2913386,host_2528591): 0 -> 1
Cell (virus_2913386,host_51298): 0 -> 1
Cell (virus_2913386,host_225399): 0 -> 1
Cell (virus_2913386,host_392004): 0 -> 1
Cell (virus_2913386,host_392318): 0 -> 1
Cell (virus_2913386,host_1911917): 0 -> 1
Cell (virus_2913386,host_452654): 0 -> 1
Cell (virus_2913386,host_587652): 0 -> 1
Cell (virus_2913386,host_225400): 0 -> 1
Cell (virus_2913386,host_385037): 0 -> 1
Cell (virus_2913386,host_155035): 0 -> 1
Cell (virus_2913386,host_258925): 0 -> 1
Cell (virus_2913386,host_177185): 0 -> 1
Cell (virus_2913386,host_196889): 0 -> 1
Cell (virus_2913386,host_196297): 0 -> 1
Cell (virus_2913386,host_9402): 0 -> 1
Cell (virus_2913386,host_9403): 0 -> 1
Cell (virus_2913386,host_58057): 0 -> 1
Cell (virus_2913386,host_1898389): 0 -> 1
Cell (virus_2913386,host_372077): 0 -> 1
Cell (virus_2913386,host_903567): 0 -> 1
Cell (virus_2913386,host_58067): 0 -> 1
Cell (virus_2913386,host_448084): 0 -> 1
Cell (virus_2913386,host_58071): 0 -> 1
Cell (virus_2913386,host_58073): 0 -> 1
Cell (virus_2913386,host_1898393): 0 -> 1
Cell (virus_2913386,host_77223): 0 -> 1
Cell (virus_2913386,host_58063): 0 -> 1
Cell (virus_2913386,host_9400): 0 -> 1
Cell (virus_2913386,host_298110): 0 -> 1
Cell (virus_2913386,host_374419): 0 -> 1
Cell (virus_2913386,host_326081): 0 -> 1
Cell (virus_2913386,host_27663): 0 -> 1
Cell (virus_2913386,host_574064): 0 -> 1
Cell (virus_2913386,host_27660): 0 -> 1
Cell (virus_2913386,host_409031): 0 -> 1
Cell (virus_2913386,host_89673): 0 -> 1
Cell (virus_2913386,host_3041509): 0 -> 1
Cell (virus_2913386,host_2218597): 0 -> 1
Cell (virus_2913386,host_242384): 0 -> 1
Cell (virus_2913386,host_452595): 0 -> 1
Cell (virus_2913386,host_3370289): 0 -> 1
Cell (virus_2913386,host_9438): 0 -> 1
Cell (virus_2913386,host_153297): 0 -> 1
Cell (virus_2913386,host_249034): 0 -> 1
Cell (virus_2925879,host_294653): 0 -> 1
Cell (virus_2925879,host_59463): 0 -> 1
Cell (virus_2925879,host_109480): 0 -> 1
Cell (virus_2925879,host_1633875): 0 -> 1
Cell (virus_2925879,host_2528591): 0 -> 1
Cell (virus_2925879,host_51298): 0 -> 1
Cell (virus_2925879,host_225399): 0 -> 1
Cell (virus_2925879,host_392004): 0 -> 1
Cell (virus_2925879,host_392318): 0 -> 1
Cell (virus_2925879,host_1911917): 0 -> 1
Cell (virus_2925879,host_452654): 0 -> 1
Cell (virus_2925879,host_587652): 0 -> 1
Cell (virus_2925879,host_225400): 0 -> 1
Cell (virus_2925879,host_385037): 0 -> 1
Cell (virus_2925879,host_155035): 0 -> 1
Cell (virus_2925879,host_258925): 0 -> 1
Cell (virus_2925879,host_177185): 0 -> 1
Cell (virus_2925879,host_196889): 0 -> 1
Cell (virus_2925879,host_196297): 0 -> 1
Cell (virus_2925879,host_9402): 0 -> 1
Cell (virus_2925879,host_9403): 0 -> 1
Cell (virus_2925879,host_58057): 0 -> 1
Cell (virus_2925879,host_1898389): 0 -> 1
Cell (virus_2925879,host_372077): 0 -> 1
Cell (virus_2925879,host_903567): 0 -> 1
Cell (virus_2925879,host_58067): 0 -> 1
Cell (virus_2925879,host_448084): 0 -> 1
Cell (virus_2925879,host_58071): 0 -> 1
Cell (virus_2925879,host_58073): 0 -> 1
Cell (virus_2925879,host_1898393): 0 -> 1
Cell (virus_2925879,host_77223): 0 -> 1
Cell (virus_2925879,host_58063): 0 -> 1
Cell (virus_2925879,host_9400): 0 -> 1
Cell (virus_2925879,host_298110): 0 -> 1
Cell (virus_2925879,host_374419): 0 -> 1
Cell (virus_2925879,host_326081): 0 -> 1
Cell (virus_2925879,host_27663): 0 -> 1
Cell (virus_2925879,host_574064): 0 -> 1
Cell (virus_2925879,host_27660): 0 -> 1
Cell (virus_2925879,host_409031): 0 -> 1
Cell (virus_2925879,host_89673): 0 -> 1
Cell (virus_2925879,host_3041509): 0 -> 1
Cell (virus_2925879,host_2218597): 0 -> 1
Cell (virus_2925879,host_242384): 0 -> 1
Cell (virus_2925879,host_452595): 0 -> 1
Cell (virus_2925879,host_3370289): 0 -> 1
Cell (virus_2925879,host_9438): 0 -> 1
Cell (virus_2925879,host_153297): 0 -> 1
Cell (virus_2925879,host_249034): 0 -> 1
Cell (virus_2993505,host_294653): 0 -> 1
Cell (virus_2993505,host_59463): 0 -> 1
Cell (virus_2993505,host_109480): 0 -> 1
Cell (virus_2993505,host_1633875): 0 -> 1
Cell (virus_2993505,host_2528591): 0 -> 1
Cell (virus_2993505,host_51298): 0 -> 1
Cell (virus_2993505,host_225399): 0 -> 1
Cell (virus_2993505,host_392004): 0 -> 1
Cell (virus_2993505,host_392318): 0 -> 1
Cell (virus_2993505,host_1911917): 0 -> 1
Cell (virus_2993505,host_452654): 0 -> 1
Cell (virus_2993505,host_587652): 0 -> 1
Cell (virus_2993505,host_225400): 0 -> 1
Cell (virus_2993505,host_385037): 0 -> 1
Cell (virus_2993505,host_155035): 0 -> 1
Cell (virus_2993505,host_258925): 0 -> 1
Cell (virus_2993505,host_177185): 0 -> 1
Cell (virus_2993505,host_196889): 0 -> 1
Cell (virus_2993505,host_196297): 0 -> 1
Cell (virus_2993505,host_9402): 0 -> 1
Cell (virus_2993505,host_9403): 0 -> 1
Cell (virus_2993505,host_58057): 0 -> 1
Cell (virus_2993505,host_1898389): 0 -> 1
Cell (virus_2993505,host_372077): 0 -> 1
Cell (virus_2993505,host_903567): 0 -> 1
Cell (virus_2993505,host_58067): 0 -> 1
Cell (virus_2993505,host_448084): 0 -> 1
Cell (virus_2993505,host_58071): 0 -> 1
Cell (virus_2993505,host_58073): 0 -> 1
Cell (virus_2993505,host_1898393): 0 -> 1
Cell (virus_2993505,host_77223): 0 -> 1
Cell (virus_2993505,host_58063): 0 -> 1
Cell (virus_2993505,host_9400): 0 -> 1
Cell (virus_2993505,host_298110): 0 -> 1
Cell (virus_2993505,host_374419): 0 -> 1
Cell (virus_2993505,host_326081): 0 -> 1
Cell (virus_2993505,host_27663): 0 -> 1
Cell (virus_2993505,host_574064): 0 -> 1
Cell (virus_2993505,host_27660): 0 -> 1
Cell (virus_2993505,host_409031): 0 -> 1
Cell (virus_2993505,host_89673): 0 -> 1
Cell (virus_2993505,host_3041509): 0 -> 1
Cell (virus_2993505,host_2218597): 0 -> 1
Cell (virus_2993505,host_242384): 0 -> 1
Cell (virus_2993505,host_452595): 0 -> 1
Cell (virus_2993505,host_3370289): 0 -> 1
Cell (virus_2993505,host_9438): 0 -> 1
Cell (virus_2993505,host_153297): 0 -> 1
Cell (virus_2993505,host_249034): 0 -> 1
Cell (virus_3433731,host_294653): 0 -> 1
Cell (virus_3433731,host_59463): 0 -> 1
Cell (virus_3433731,host_109480): 0 -> 1
Cell (virus_3433731,host_1633875): 0 -> 1
Cell (virus_3433731,host_2528591): 0 -> 1
Cell (virus_3433731,host_51298): 0 -> 1
Cell (virus_3433731,host_225399): 0 -> 1
Cell (virus_3433731,host_392004): 0 -> 1
Cell (virus_3433731,host_392318): 0 -> 1
Cell (virus_3433731,host_1911917): 0 -> 1
Cell (virus_3433731,host_452654): 0 -> 1
Cell (virus_3433731,host_587652): 0 -> 1
Cell (virus_3433731,host_225400): 0 -> 1
Cell (virus_3433731,host_385037): 0 -> 1
Cell (virus_3433731,host_155035): 0 -> 1
Cell (virus_3433731,host_258925): 0 -> 1
Cell (virus_3433731,host_177185): 0 -> 1
Cell (virus_3433731,host_196889): 0 -> 1
Cell (virus_3433731,host_196297): 0 -> 1
Cell (virus_3433731,host_9402): 0 -> 1
Cell (virus_3433731,host_9403): 0 -> 1
Cell (virus_3433731,host_58057): 0 -> 1
Cell (virus_3433731,host_1898389): 0 -> 1
Cell (virus_3433731,host_372077): 0 -> 1
Cell (virus_3433731,host_903567): 0 -> 1
Cell (virus_3433731,host_58067): 0 -> 1
Cell (virus_3433731,host_448084): 0 -> 1
Cell (virus_3433731,host_58071): 0 -> 1
Cell (virus_3433731,host_58073): 0 -> 1
Cell (virus_3433731,host_1898393): 0 -> 1
Cell (virus_3433731,host_77223): 0 -> 1
Cell (virus_3433731,host_58063): 0 -> 1
Cell (virus_3433731,host_9400): 0 -> 1
Cell (virus_3433731,host_298110): 0 -> 1
Cell (virus_3433731,host_374419): 0 -> 1
Cell (virus_3433731,host_326081): 0 -> 1
Cell (virus_3433731,host_27663): 0 -> 1
Cell (virus_3433731,host_574064): 0 -> 1
Cell (virus_3433731,host_27660): 0 -> 1
Cell (virus_3433731,host_409031): 0 -> 1
Cell (virus_3433731,host_89673): 0 -> 1
Cell (virus_3433731,host_3041509): 0 -> 1
Cell (virus_3433731,host_2218597): 0 -> 1
Cell (virus_3433731,host_242384): 0 -> 1
Cell (virus_3433731,host_452595): 0 -> 1
Cell (virus_3433731,host_3370289): 0 -> 1
Cell (virus_3433731,host_9438): 0 -> 1
Cell (virus_3433731,host_153297): 0 -> 1
Cell (virus_3433731,host_249034): 0 -> 1
Cell (virus_3433810,host_294653): 0 -> 1
Cell (virus_3433810,host_59463): 0 -> 1
Cell (virus_3433810,host_109480): 0 -> 1
Cell (virus_3433810,host_1633875): 0 -> 1
Cell (virus_3433810,host_2528591): 0 -> 1
Cell (virus_3433810,host_51298): 0 -> 1
Cell (virus_3433810,host_225399): 0 -> 1
Cell (virus_3433810,host_392318): 0 -> 1
Cell (virus_3433810,host_1911917): 0 -> 1
Cell (virus_3433810,host_452654): 0 -> 1
Cell (virus_3433810,host_587652): 0 -> 1
Cell (virus_3433810,host_225400): 0 -> 1
Cell (virus_3433810,host_385037): 0 -> 1
Cell (virus_3433810,host_155035): 0 -> 1
Cell (virus_3433810,host_258925): 0 -> 1
Cell (virus_3433810,host_177185): 0 -> 1
Cell (virus_3433810,host_196889): 0 -> 1
Cell (virus_3433810,host_196297): 0 -> 1
Cell (virus_3433810,host_9402): 0 -> 1
Cell (virus_3433810,host_9403): 0 -> 1
Cell (virus_3433810,host_58057): 0 -> 1
Cell (virus_3433810,host_1898389): 0 -> 1
Cell (virus_3433810,host_372077): 0 -> 1
Cell (virus_3433810,host_58067): 0 -> 1
Cell (virus_3433810,host_448084): 0 -> 1
Cell (virus_3433810,host_58071): 0 -> 1
Cell (virus_3433810,host_58073): 0 -> 1
Cell (virus_3433810,host_1898393): 0 -> 1
Cell (virus_3433810,host_77223): 0 -> 1
Cell (virus_3433810,host_58063): 0 -> 1
Cell (virus_3433810,host_9400): 0 -> 1
Cell (virus_3433810,host_298110): 0 -> 1
Cell (virus_3433810,host_374419): 0 -> 1
Cell (virus_3433810,host_326081): 0 -> 1
Cell (virus_3433810,host_27663): 0 -> 1
Cell (virus_3433810,host_574064): 0 -> 1
Cell (virus_3433810,host_27660): 0 -> 1
Cell (virus_3433810,host_409031): 0 -> 1
Cell (virus_3433810,host_89673): 0 -> 1
Cell (virus_3433810,host_3041509): 0 -> 1
Cell (virus_3433810,host_2218597): 0 -> 1
Cell (virus_3433810,host_242384): 0 -> 1
Cell (virus_3433810,host_452595): 0 -> 1
Cell (virus_3433810,host_3370289): 0 -> 1
Cell (virus_3433810,host_9438): 0 -> 1
Cell (virus_3433810,host_153297): 0 -> 1
Cell (virus_3433810,host_249034): 0 -> 1
Cell (virus_2913388,host_294653): 0 -> 1
Cell (virus_2913388,host_59463): 0 -> 1
Cell (virus_2913388,host_109480): 0 -> 1
Cell (virus_2913388,host_1633875): 0 -> 1
Cell (virus_2913388,host_2528591): 0 -> 1
Cell (virus_2913388,host_51298): 0 -> 1
Cell (virus_2913388,host_225399): 0 -> 1
Cell (virus_2913388,host_392004): 0 -> 1
Cell (virus_2913388,host_392318): 0 -> 1
Cell (virus_2913388,host_1911917): 0 -> 1
Cell (virus_2913388,host_452654): 0 -> 1
Cell (virus_2913388,host_587652): 0 -> 1
Cell (virus_2913388,host_225400): 0 -> 1
Cell (virus_2913388,host_385037): 0 -> 1
Cell (virus_2913388,host_155035): 0 -> 1
Cell (virus_2913388,host_258925): 0 -> 1
Cell (virus_2913388,host_177185): 0 -> 1
Cell (virus_2913388,host_196889): 0 -> 1
Cell (virus_2913388,host_196297): 0 -> 1
Cell (virus_2913388,host_9402): 0 -> 1
Cell (virus_2913388,host_9403): 0 -> 1
Cell (virus_2913388,host_58057): 0 -> 1
Cell (virus_2913388,host_1898389): 0 -> 1
Cell (virus_2913388,host_372077): 0 -> 1
Cell (virus_2913388,host_903567): 0 -> 1
Cell (virus_2913388,host_58067): 0 -> 1
Cell (virus_2913388,host_448084): 0 -> 1
Cell (virus_2913388,host_58071): 0 -> 1
Cell (virus_2913388,host_58073): 0 -> 1
Cell (virus_2913388,host_1898393): 0 -> 1
Cell (virus_2913388,host_77223): 0 -> 1
Cell (virus_2913388,host_58063): 0 -> 1
Cell (virus_2913388,host_9400): 0 -> 1
Cell (virus_2913388,host_298110): 0 -> 1
Cell (virus_2913388,host_374419): 0 -> 1
Cell (virus_2913388,host_326081): 0 -> 1
Cell (virus_2913388,host_27663): 0 -> 1
Cell (virus_2913388,host_574064): 0 -> 1
Cell (virus_2913388,host_27660): 0 -> 1
Cell (virus_2913388,host_409031): 0 -> 1
Cell (virus_2913388,host_89673): 0 -> 1
Cell (virus_2913388,host_27622): 0 -> 1
Cell (virus_2913388,host_3041509): 0 -> 1
Cell (virus_2913388,host_2218597): 0 -> 1
Cell (virus_2913388,host_242384): 0 -> 1
Cell (virus_2913388,host_452595): 0 -> 1
Cell (virus_2913388,host_3370289): 0 -> 1
Cell (virus_2913388,host_9438): 0 -> 1
Cell (virus_2913388,host_153297): 0 -> 1
Cell (virus_2913388,host_249034): 0 -> 1
Cell (virus_3433756,host_294653): 0 -> 1
Cell (virus_3433756,host_59463): 0 -> 1
Cell (virus_3433756,host_109480): 0 -> 1
Cell (virus_3433756,host_1633875): 0 -> 1
Cell (virus_3433756,host_2528591): 0 -> 1
Cell (virus_3433756,host_51298): 0 -> 1
Cell (virus_3433756,host_225399): 0 -> 1
Cell (virus_3433756,host_392004): 0 -> 1
Cell (virus_3433756,host_392318): 0 -> 1
Cell (virus_3433756,host_1911917): 0 -> 1
Cell (virus_3433756,host_452654): 0 -> 1
Cell (virus_3433756,host_587652): 0 -> 1
Cell (virus_3433756,host_225400): 0 -> 1
Cell (virus_3433756,host_385037): 0 -> 1
Cell (virus_3433756,host_155035): 0 -> 1
Cell (virus_3433756,host_258925): 0 -> 1
Cell (virus_3433756,host_177185): 0 -> 1
Cell (virus_3433756,host_196889): 0 -> 1
Cell (virus_3433756,host_196297): 0 -> 1
Cell (virus_3433756,host_9402): 0 -> 1
Cell (virus_3433756,host_9403): 0 -> 1
Cell (virus_3433756,host_58057): 0 -> 1
Cell (virus_3433756,host_1898389): 0 -> 1
Cell (virus_3433756,host_372077): 0 -> 1
Cell (virus_3433756,host_903567): 0 -> 1
Cell (virus_3433756,host_58067): 0 -> 1
Cell (virus_3433756,host_448084): 0 -> 1
Cell (virus_3433756,host_58071): 0 -> 1
Cell (virus_3433756,host_58073): 0 -> 1
Cell (virus_3433756,host_1898393): 0 -> 1
Cell (virus_3433756,host_77223): 0 -> 1
Cell (virus_3433756,host_58063): 0 -> 1
Cell (virus_3433756,host_9400): 0 -> 1
Cell (virus_3433756,host_298110): 0 -> 1
Cell (virus_3433756,host_374419): 0 -> 1
Cell (virus_3433756,host_326081): 0 -> 1
Cell (virus_3433756,host_27663): 0 -> 1
Cell (virus_3433756,host_574064): 0 -> 1
Cell (virus_3433756,host_27660): 0 -> 1
Cell (virus_3433756,host_409031): 0 -> 1
Cell (virus_3433756,host_89673): 0 -> 1
Cell (virus_3433756,host_27622): 0 -> 1
Cell (virus_3433756,host_3041509): 0 -> 1
Cell (virus_3433756,host_2218597): 0 -> 1
Cell (virus_3433756,host_242384): 0 -> 1
Cell (virus_3433756,host_452595): 0 -> 1
Cell (virus_3433756,host_3370289): 0 -> 1
Cell (virus_3433756,host_9438): 0 -> 1
Cell (virus_3433756,host_153297): 0 -> 1
Cell (virus_3433756,host_249034): 0 -> 1
Elbow Metrics: {'precision': 0.5729464650592563, 'recall': 0.38825810024923846, 'f1': 0.46285902938263457, 'TP': 2804, 'FP': 2090, 'FN': 4418}
