[iter 0] λ=0.5000 → flips=31
[iter 1] λ=0.7500 → flips=7615
[iter 2] λ=0.8750 → flips=15197
[iter 3] λ=0.8125 → flips=13598
[iter 4] λ=0.7812 → flips=9174
[iter 5] λ=0.7969 → flips=11938
[iter 6] λ=0.7891 → flips=9228
[iter 7] λ=0.7930 → flips=9986
[iter 8] λ=0.7910 → flips=9228
[iter 9] λ=0.7920 → flips=9617
[iter 10] λ=0.7915 → flips=9617
[iter 11] λ=0.7913 → flips=9228
[iter 12] λ=0.7914 → flips=9228
[iter 13] λ=0.7914 → flips=9617
[iter 14] λ=0.7914 → flips=9617
[iter 15] λ=0.7914 → flips=9228
[iter 16] λ=0.7914 → flips=9617
[iter 17] λ=0.7914 → flips=9617
[iter 18] λ=0.7914 → flips=9617
[iter 19] λ=0.7914 → flips=9617

Best λ=0.7920 → flips=9617, correct=6066/9450
Number of flips performed: 9617
Cell (virus_11137,host_105295): 0 -> 1
Cell (virus_11137,host_51300): 0 -> 1
Cell (virus_11137,host_294653): 0 -> 1
Cell (virus_11137,host_59473): 0 -> 1
Cell (virus_11137,host_3380546): 0 -> 1
Cell (virus_11137,host_9435): 0 -> 1
Cell (virus_11137,host_257882): 0 -> 1
Cell (virus_11137,host_109480): 0 -> 1
Cell (virus_11137,host_160974): 0 -> 1
Cell (virus_11137,host_519446): 0 -> 1
Cell (virus_11137,host_109481): 0 -> 1
Cell (virus_11137,host_2528591): 0 -> 1
Cell (virus_11137,host_412095): 0 -> 1
Cell (virus_11137,host_225399): 0 -> 1
Cell (virus_11137,host_386774): 0 -> 1
Cell (virus_11137,host_392318): 0 -> 1
Cell (virus_11137,host_138977): 0 -> 1
Cell (virus_11137,host_138979): 0 -> 1
Cell (virus_11137,host_159330): 0 -> 1
Cell (virus_11137,host_452654): 0 -> 1
Cell (virus_11137,host_385037): 0 -> 1
Cell (virus_11137,host_155035): 0 -> 1
Cell (virus_11137,host_633648): 0 -> 1
Cell (virus_11137,host_258925): 0 -> 1
Cell (virus_11137,host_177185): 0 -> 1
Cell (virus_11137,host_187017): 0 -> 1
Cell (virus_11137,host_159858): 0 -> 1
Cell (virus_11137,host_169756): 0 -> 1
Cell (virus_11137,host_188570): 0 -> 1
Cell (virus_11137,host_196889): 0 -> 1
Cell (virus_11137,host_867892): 0 -> 1
Cell (virus_11137,host_476588): 0 -> 1
Cell (virus_11137,host_337452): 0 -> 1
Cell (virus_11137,host_76837): 0 -> 1
Cell (virus_11137,host_178895): 0 -> 1
Cell (virus_11137,host_608708): 0 -> 1
Cell (virus_11137,host_59477): 0 -> 1
Cell (virus_11137,host_166054): 0 -> 1
Cell (virus_11137,host_385575): 0 -> 1
Cell (virus_11137,host_9402): 0 -> 1
Cell (virus_11137,host_9403): 0 -> 1
Cell (virus_11137,host_1410044): 0 -> 1
Cell (virus_11137,host_1898389): 0 -> 1
Cell (virus_11137,host_77231): 0 -> 1
Cell (virus_11137,host_2853157): 0 -> 1
Cell (virus_11137,host_58067): 0 -> 1
Cell (virus_11137,host_498220): 0 -> 1
Cell (virus_11137,host_448084): 0 -> 1
Cell (virus_11137,host_58071): 0 -> 1
Cell (virus_11137,host_77243): 0 -> 1
Cell (virus_11137,host_58073): 0 -> 1
Cell (virus_11137,host_58083): 0 -> 1
Cell (virus_11137,host_77223): 0 -> 1
Cell (virus_11137,host_58063): 0 -> 1
Cell (virus_11137,host_77214): 0 -> 1
Cell (virus_11137,host_298110): 0 -> 1
Cell (virus_11137,host_374419): 0 -> 1
Cell (virus_11137,host_326081): 0 -> 1
Cell (virus_11137,host_326151): 0 -> 1
Cell (virus_11137,host_148094): 0 -> 1
Cell (virus_11137,host_574064): 0 -> 1
Cell (virus_11137,host_27634): 0 -> 1
Cell (virus_11137,host_40228): 0 -> 1
Cell (virus_11137,host_40230): 0 -> 1
Cell (virus_11137,host_3042450): 0 -> 1
Cell (virus_11137,host_59472): 0 -> 1
Cell (virus_11137,host_291302): 0 -> 1
Cell (virus_11137,host_27622): 0 -> 1
Cell (virus_11137,host_3041509): 0 -> 1
Cell (virus_11137,host_2218597): 0 -> 1
Cell (virus_11137,host_258867): 0 -> 1
Cell (virus_11137,host_242384): 0 -> 1
Cell (virus_11137,host_258863): 0 -> 1
Cell (virus_11137,host_9438): 0 -> 1
Cell (virus_11137,host_249034): 0 -> 1
Cell (virus_11137,host_258952): 0 -> 1
Cell (virus_11137,host_258953): 0 -> 1
Cell (virus_11137,host_249033): 0 -> 1
Cell (virus_11137,host_258909): 0 -> 1
Cell (virus_11137,host_909369): 0 -> 1
Cell (virus_11137,host_29078): 0 -> 1
Cell (virus_11137,host_3371014): 0 -> 1
Cell (virus_11137,host_3371016): 0 -> 1
Cell (virus_11137,host_3371021): 0 -> 1
Cell (virus_11137,host_360967): 0 -> 1
Cell (virus_11137,host_59474): 0 -> 1
Cell (virus_11137,host_999321): 0 -> 1
Cell (virus_11137,host_867834): 0 -> 1
Cell (virus_11137,host_258889): 0 -> 1
Cell (virus_11137,host_2491053): 0 -> 1
Cell (virus_11137,host_110938): 0 -> 1
Cell (virus_11137,host_258944): 0 -> 1
Cell (virus_11137,host_59485): 0 -> 1
Cell (virus_1244203,host_105295): 0 -> 1
Cell (virus_1244203,host_51300): 0 -> 1
Cell (virus_1244203,host_294653): 0 -> 1
Cell (virus_1244203,host_59473): 0 -> 1
Cell (virus_1244203,host_3380546): 0 -> 1
Cell (virus_1244203,host_9435): 0 -> 1
Cell (virus_1244203,host_257882): 0 -> 1
Cell (virus_1244203,host_109480): 0 -> 1
Cell (virus_1244203,host_160974): 0 -> 1
Cell (virus_1244203,host_519446): 0 -> 1
Cell (virus_1244203,host_109481): 0 -> 1
Cell (virus_1244203,host_2528591): 0 -> 1
Cell (virus_1244203,host_412095): 0 -> 1
Cell (virus_1244203,host_225399): 0 -> 1
Cell (virus_1244203,host_386774): 0 -> 1
Cell (virus_1244203,host_392318): 0 -> 1
Cell (virus_1244203,host_138977): 0 -> 1
Cell (virus_1244203,host_138979): 0 -> 1
Cell (virus_1244203,host_159330): 0 -> 1
Cell (virus_1244203,host_452654): 0 -> 1
Cell (virus_1244203,host_385037): 0 -> 1
Cell (virus_1244203,host_155035): 0 -> 1
Cell (virus_1244203,host_633648): 0 -> 1
Cell (virus_1244203,host_258925): 0 -> 1
Cell (virus_1244203,host_177185): 0 -> 1
Cell (virus_1244203,host_187017): 0 -> 1
Cell (virus_1244203,host_159858): 0 -> 1
Cell (virus_1244203,host_169756): 0 -> 1
Cell (virus_1244203,host_188570): 0 -> 1
Cell (virus_1244203,host_196889): 0 -> 1
Cell (virus_1244203,host_867892): 0 -> 1
Cell (virus_1244203,host_476588): 0 -> 1
Cell (virus_1244203,host_337452): 0 -> 1
Cell (virus_1244203,host_76837): 0 -> 1
Cell (virus_1244203,host_178895): 0 -> 1
Cell (virus_1244203,host_608708): 0 -> 1
Cell (virus_1244203,host_59477): 0 -> 1
Cell (virus_1244203,host_166054): 0 -> 1
Cell (virus_1244203,host_385575): 0 -> 1
Cell (virus_1244203,host_9402): 0 -> 1
Cell (virus_1244203,host_9403): 0 -> 1
Cell (virus_1244203,host_1410044): 0 -> 1
Cell (virus_1244203,host_1898389): 0 -> 1
Cell (virus_1244203,host_77231): 0 -> 1
Cell (virus_1244203,host_2853157): 0 -> 1
Cell (virus_1244203,host_58067): 0 -> 1
Cell (virus_1244203,host_498220): 0 -> 1
Cell (virus_1244203,host_448084): 0 -> 1
Cell (virus_1244203,host_77243): 0 -> 1
Cell (virus_1244203,host_58073): 0 -> 1
Cell (virus_1244203,host_1898393): 0 -> 1
Cell (virus_1244203,host_58083): 0 -> 1
Cell (virus_1244203,host_77223): 0 -> 1
Cell (virus_1244203,host_58063): 0 -> 1
Cell (virus_1244203,host_77214): 0 -> 1
Cell (virus_1244203,host_1898386): 0 -> 1
Cell (virus_1244203,host_298110): 0 -> 1
Cell (virus_1244203,host_374419): 0 -> 1
Cell (virus_1244203,host_326081): 0 -> 1
Cell (virus_1244203,host_326151): 0 -> 1
Cell (virus_1244203,host_148094): 0 -> 1
Cell (virus_1244203,host_574064): 0 -> 1
Cell (virus_1244203,host_27634): 0 -> 1
Cell (virus_1244203,host_40228): 0 -> 1
Cell (virus_1244203,host_40230): 0 -> 1
Cell (virus_1244203,host_9423): 0 -> 1
Cell (virus_1244203,host_3042450): 0 -> 1
Cell (virus_1244203,host_3371013): 0 -> 1
Cell (virus_1244203,host_59472): 0 -> 1
Cell (virus_1244203,host_9414): 0 -> 1
Cell (virus_1244203,host_1434095): 0 -> 1
Cell (virus_1244203,host_291302): 0 -> 1
Cell (virus_1244203,host_27622): 0 -> 1
Cell (virus_1244203,host_3041509): 0 -> 1
Cell (virus_1244203,host_2218597): 0 -> 1
Cell (virus_1244203,host_258867): 0 -> 1
Cell (virus_1244203,host_242384): 0 -> 1
Cell (virus_1244203,host_258863): 0 -> 1
Cell (virus_1244203,host_9438): 0 -> 1
Cell (virus_1244203,host_249034): 0 -> 1
Cell (virus_1244203,host_258952): 0 -> 1
Cell (virus_1244203,host_258953): 0 -> 1
Cell (virus_1244203,host_249033): 0 -> 1
Cell (virus_1244203,host_258909): 0 -> 1
Cell (virus_1244203,host_909369): 0 -> 1
Cell (virus_1244203,host_29078): 0 -> 1
Cell (virus_1244203,host_3371014): 0 -> 1
Cell (virus_1244203,host_3371016): 0 -> 1
Cell (virus_1244203,host_3371021): 0 -> 1
Cell (virus_1244203,host_360967): 0 -> 1
Cell (virus_1244203,host_59474): 0 -> 1
Cell (virus_1244203,host_999321): 0 -> 1
Cell (virus_1244203,host_867834): 0 -> 1
Cell (virus_1244203,host_258889): 0 -> 1
Cell (virus_1244203,host_2491053): 0 -> 1
Cell (virus_1244203,host_110938): 0 -> 1
Cell (virus_1244203,host_258944): 0 -> 1
Cell (virus_1244203,host_59485): 0 -> 1
Cell (virus_3433754,host_105295): 0 -> 1
Cell (virus_3433754,host_51300): 0 -> 1
Cell (virus_3433754,host_294653): 0 -> 1
Cell (virus_3433754,host_59473): 0 -> 1
Cell (virus_3433754,host_3380546): 0 -> 1
Cell (virus_3433754,host_9435): 0 -> 1
Cell (virus_3433754,host_257882): 0 -> 1
Cell (virus_3433754,host_109480): 0 -> 1
Cell (virus_3433754,host_160974): 0 -> 1
Cell (virus_3433754,host_519446): 0 -> 1
Cell (virus_3433754,host_109481): 0 -> 1
Cell (virus_3433754,host_2528591): 0 -> 1
Cell (virus_3433754,host_412095): 0 -> 1
Cell (virus_3433754,host_225399): 0 -> 1
Cell (virus_3433754,host_386774): 0 -> 1
Cell (virus_3433754,host_392318): 0 -> 1
Cell (virus_3433754,host_138977): 0 -> 1
Cell (virus_3433754,host_138979): 0 -> 1
Cell (virus_3433754,host_159330): 0 -> 1
Cell (virus_3433754,host_452654): 0 -> 1
Cell (virus_3433754,host_385037): 0 -> 1
Cell (virus_3433754,host_155035): 0 -> 1
Cell (virus_3433754,host_633648): 0 -> 1
Cell (virus_3433754,host_258925): 0 -> 1
Cell (virus_3433754,host_177185): 0 -> 1
Cell (virus_3433754,host_187017): 0 -> 1
Cell (virus_3433754,host_159858): 0 -> 1
Cell (virus_3433754,host_169756): 0 -> 1
Cell (virus_3433754,host_188570): 0 -> 1
Cell (virus_3433754,host_196889): 0 -> 1
Cell (virus_3433754,host_867892): 0 -> 1
Cell (virus_3433754,host_476588): 0 -> 1
Cell (virus_3433754,host_337452): 0 -> 1
Cell (virus_3433754,host_76837): 0 -> 1
Cell (virus_3433754,host_178895): 0 -> 1
Cell (virus_3433754,host_608708): 0 -> 1
Cell (virus_3433754,host_59477): 0 -> 1
Cell (virus_3433754,host_166054): 0 -> 1
Cell (virus_3433754,host_385575): 0 -> 1
Cell (virus_3433754,host_9402): 0 -> 1
Cell (virus_3433754,host_9403): 0 -> 1
Cell (virus_3433754,host_1410044): 0 -> 1
Cell (virus_3433754,host_1898389): 0 -> 1
Cell (virus_3433754,host_77231): 0 -> 1
Cell (virus_3433754,host_2853157): 0 -> 1
Cell (virus_3433754,host_58067): 0 -> 1
Cell (virus_3433754,host_498220): 0 -> 1
Cell (virus_3433754,host_448084): 0 -> 1
Cell (virus_3433754,host_77243): 0 -> 1
Cell (virus_3433754,host_58073): 0 -> 1
Cell (virus_3433754,host_1898393): 0 -> 1
Cell (virus_3433754,host_58083): 0 -> 1
Cell (virus_3433754,host_77223): 0 -> 1
Cell (virus_3433754,host_58063): 0 -> 1
Cell (virus_3433754,host_77214): 0 -> 1
Cell (virus_3433754,host_1898386): 0 -> 1
Cell (virus_3433754,host_298110): 0 -> 1
Cell (virus_3433754,host_374419): 0 -> 1
Cell (virus_3433754,host_326081): 0 -> 1
Cell (virus_3433754,host_326151): 0 -> 1
Cell (virus_3433754,host_148094): 0 -> 1
Cell (virus_3433754,host_574064): 0 -> 1
Cell (virus_3433754,host_27634): 0 -> 1
Cell (virus_3433754,host_40228): 0 -> 1
Cell (virus_3433754,host_40230): 0 -> 1
Cell (virus_3433754,host_9423): 0 -> 1
Cell (virus_3433754,host_3042450): 0 -> 1
Cell (virus_3433754,host_3371013): 0 -> 1
Cell (virus_3433754,host_59472): 0 -> 1
Cell (virus_3433754,host_9414): 0 -> 1
Cell (virus_3433754,host_1434095): 0 -> 1
Cell (virus_3433754,host_291302): 0 -> 1
Cell (virus_3433754,host_27622): 0 -> 1
Cell (virus_3433754,host_3041509): 0 -> 1
Cell (virus_3433754,host_2218597): 0 -> 1
Cell (virus_3433754,host_258867): 0 -> 1
Cell (virus_3433754,host_242384): 0 -> 1
Cell (virus_3433754,host_258863): 0 -> 1
Cell (virus_3433754,host_9438): 0 -> 1
Cell (virus_3433754,host_249034): 0 -> 1
Cell (virus_3433754,host_258952): 0 -> 1
Cell (virus_3433754,host_258953): 0 -> 1
Cell (virus_3433754,host_249033): 0 -> 1
Cell (virus_3433754,host_258909): 0 -> 1
Cell (virus_3433754,host_909369): 0 -> 1
Cell (virus_3433754,host_29078): 0 -> 1
Cell (virus_3433754,host_3371014): 0 -> 1
Cell (virus_3433754,host_3371016): 0 -> 1
Cell (virus_3433754,host_3371021): 0 -> 1
Cell (virus_3433754,host_360967): 0 -> 1
Cell (virus_3433754,host_59474): 0 -> 1
Cell (virus_3433754,host_999321): 0 -> 1
Cell (virus_3433754,host_867834): 0 -> 1
Cell (virus_3433754,host_258889): 0 -> 1
Cell (virus_3433754,host_2491053): 0 -> 1
Cell (virus_3433754,host_110938): 0 -> 1
Cell (virus_3433754,host_258944): 0 -> 1
Cell (virus_3433754,host_59485): 0 -> 1
Cell (virus_3433753,host_105295): 0 -> 1
Cell (virus_3433753,host_51300): 0 -> 1
Cell (virus_3433753,host_294653): 0 -> 1
Cell (virus_3433753,host_59473): 0 -> 1
Cell (virus_3433753,host_3380546): 0 -> 1
Cell (virus_3433753,host_9435): 0 -> 1
Cell (virus_3433753,host_257882): 0 -> 1
Cell (virus_3433753,host_109480): 0 -> 1
Cell (virus_3433753,host_160974): 0 -> 1
Cell (virus_3433753,host_519446): 0 -> 1
Cell (virus_3433753,host_109481): 0 -> 1
Cell (virus_3433753,host_2528591): 0 -> 1
Cell (virus_3433753,host_412095): 0 -> 1
Cell (virus_3433753,host_225399): 0 -> 1
Cell (virus_3433753,host_386774): 0 -> 1
Cell (virus_3433753,host_392318): 0 -> 1
Cell (virus_3433753,host_138977): 0 -> 1
Cell (virus_3433753,host_138979): 0 -> 1
Cell (virus_3433753,host_159330): 0 -> 1
Cell (virus_3433753,host_452654): 0 -> 1
Cell (virus_3433753,host_385037): 0 -> 1
Cell (virus_3433753,host_155035): 0 -> 1
Cell (virus_3433753,host_633648): 0 -> 1
Cell (virus_3433753,host_258925): 0 -> 1
Cell (virus_3433753,host_177185): 0 -> 1
Cell (virus_3433753,host_187017): 0 -> 1
Cell (virus_3433753,host_159858): 0 -> 1
Cell (virus_3433753,host_169756): 0 -> 1
Cell (virus_3433753,host_188570): 0 -> 1
Cell (virus_3433753,host_196889): 0 -> 1
Cell (virus_3433753,host_867892): 0 -> 1
Cell (virus_3433753,host_476588): 0 -> 1
Cell (virus_3433753,host_337452): 0 -> 1
Cell (virus_3433753,host_76837): 0 -> 1
Cell (virus_3433753,host_178895): 0 -> 1
Cell (virus_3433753,host_608708): 0 -> 1
Cell (virus_3433753,host_59477): 0 -> 1
Cell (virus_3433753,host_166054): 0 -> 1
Cell (virus_3433753,host_385575): 0 -> 1
Cell (virus_3433753,host_9402): 0 -> 1
Cell (virus_3433753,host_9403): 0 -> 1
Cell (virus_3433753,host_1410044): 0 -> 1
Cell (virus_3433753,host_1898389): 0 -> 1
Cell (virus_3433753,host_77231): 0 -> 1
Cell (virus_3433753,host_2853157): 0 -> 1
Cell (virus_3433753,host_58067): 0 -> 1
Cell (virus_3433753,host_498220): 0 -> 1
Cell (virus_3433753,host_448084): 0 -> 1
Cell (virus_3433753,host_77243): 0 -> 1
Cell (virus_3433753,host_58073): 0 -> 1
Cell (virus_3433753,host_1898393): 0 -> 1
Cell (virus_3433753,host_58083): 0 -> 1
Cell (virus_3433753,host_77223): 0 -> 1
Cell (virus_3433753,host_58063): 0 -> 1
Cell (virus_3433753,host_77214): 0 -> 1
Cell (virus_3433753,host_1898386): 0 -> 1
Cell (virus_3433753,host_58060): 0 -> 1
Cell (virus_3433753,host_298110): 0 -> 1
Cell (virus_3433753,host_374419): 0 -> 1
Cell (virus_3433753,host_326081): 0 -> 1
Cell (virus_3433753,host_326151): 0 -> 1
Cell (virus_3433753,host_148094): 0 -> 1
Cell (virus_3433753,host_574064): 0 -> 1
Cell (virus_3433753,host_27634): 0 -> 1
Cell (virus_3433753,host_40228): 0 -> 1
Cell (virus_3433753,host_40230): 0 -> 1
Cell (virus_3433753,host_40224): 0 -> 1
Cell (virus_3433753,host_9423): 0 -> 1
Cell (virus_3433753,host_3042450): 0 -> 1
Cell (virus_3433753,host_3371013): 0 -> 1
Cell (virus_3433753,host_59472): 0 -> 1
Cell (virus_3433753,host_291302): 0 -> 1
Cell (virus_3433753,host_479723): 0 -> 1
Cell (virus_3433753,host_27622): 0 -> 1
Cell (virus_3433753,host_3041509): 0 -> 1
Cell (virus_3433753,host_2218597): 0 -> 1
Cell (virus_3433753,host_258867): 0 -> 1
Cell (virus_3433753,host_242384): 0 -> 1
Cell (virus_3433753,host_258863): 0 -> 1
Cell (virus_3433753,host_9438): 0 -> 1
Cell (virus_3433753,host_249034): 0 -> 1
Cell (virus_3433753,host_258952): 0 -> 1
Cell (virus_3433753,host_258953): 0 -> 1
Cell (virus_3433753,host_249033): 0 -> 1
Cell (virus_3433753,host_258909): 0 -> 1
Cell (virus_3433753,host_909369): 0 -> 1
Cell (virus_3433753,host_29078): 0 -> 1
Cell (virus_3433753,host_3371014): 0 -> 1
Cell (virus_3433753,host_3371016): 0 -> 1
Cell (virus_3433753,host_3371021): 0 -> 1
Cell (virus_3433753,host_360967): 0 -> 1
Cell (virus_3433753,host_59474): 0 -> 1
Cell (virus_3433753,host_999321): 0 -> 1
Cell (virus_3433753,host_867834): 0 -> 1
Cell (virus_3433753,host_258889): 0 -> 1
Cell (virus_3433753,host_2491053): 0 -> 1
Cell (virus_3433753,host_110938): 0 -> 1
Cell (virus_3433753,host_258944): 0 -> 1
Cell (virus_3433753,host_59485): 0 -> 1
Cell (virus_3119326,host_105295): 0 -> 1
Cell (virus_3119326,host_51300): 0 -> 1
Cell (virus_3119326,host_294653): 0 -> 1
Cell (virus_3119326,host_59473): 0 -> 1
Cell (virus_3119326,host_3380546): 0 -> 1
Cell (virus_3119326,host_9435): 0 -> 1
Cell (virus_3119326,host_257882): 0 -> 1
Cell (virus_3119326,host_109480): 0 -> 1
Cell (virus_3119326,host_160974): 0 -> 1
Cell (virus_3119326,host_519446): 0 -> 1
Cell (virus_3119326,host_109481): 0 -> 1
Cell (virus_3119326,host_2528591): 0 -> 1
Cell (virus_3119326,host_412095): 0 -> 1
Cell (virus_3119326,host_225399): 0 -> 1
Cell (virus_3119326,host_386774): 0 -> 1
Cell (virus_3119326,host_392318): 0 -> 1
Cell (virus_3119326,host_138977): 0 -> 1
Cell (virus_3119326,host_138979): 0 -> 1
Cell (virus_3119326,host_159330): 0 -> 1
Cell (virus_3119326,host_452654): 0 -> 1
Cell (virus_3119326,host_385037): 0 -> 1
Cell (virus_3119326,host_155035): 0 -> 1
Cell (virus_3119326,host_633648): 0 -> 1
Cell (virus_3119326,host_258925): 0 -> 1
Cell (virus_3119326,host_177185): 0 -> 1
Cell (virus_3119326,host_187017): 0 -> 1
Cell (virus_3119326,host_159858): 0 -> 1
Cell (virus_3119326,host_169756): 0 -> 1
Cell (virus_3119326,host_188570): 0 -> 1
Cell (virus_3119326,host_196889): 0 -> 1
Cell (virus_3119326,host_867892): 0 -> 1
Cell (virus_3119326,host_476588): 0 -> 1
Cell (virus_3119326,host_337452): 0 -> 1
Cell (virus_3119326,host_76837): 0 -> 1
Cell (virus_3119326,host_178895): 0 -> 1
Cell (virus_3119326,host_608708): 0 -> 1
Cell (virus_3119326,host_59477): 0 -> 1
Cell (virus_3119326,host_166054): 0 -> 1
Cell (virus_3119326,host_385575): 0 -> 1
Cell (virus_3119326,host_9402): 0 -> 1
Cell (virus_3119326,host_9403): 0 -> 1
Cell (virus_3119326,host_1410044): 0 -> 1
Cell (virus_3119326,host_1898389): 0 -> 1
Cell (virus_3119326,host_77231): 0 -> 1
Cell (virus_3119326,host_2853157): 0 -> 1
Cell (virus_3119326,host_58067): 0 -> 1
Cell (virus_3119326,host_498220): 0 -> 1
Cell (virus_3119326,host_448084): 0 -> 1
Cell (virus_3119326,host_77243): 0 -> 1
Cell (virus_3119326,host_58073): 0 -> 1
Cell (virus_3119326,host_1898393): 0 -> 1
Cell (virus_3119326,host_58083): 0 -> 1
Cell (virus_3119326,host_77223): 0 -> 1
Cell (virus_3119326,host_58063): 0 -> 1
Cell (virus_3119326,host_77214): 0 -> 1
Cell (virus_3119326,host_1898386): 0 -> 1
Cell (virus_3119326,host_298110): 0 -> 1
Cell (virus_3119326,host_374419): 0 -> 1
Cell (virus_3119326,host_326081): 0 -> 1
Cell (virus_3119326,host_326151): 0 -> 1
Cell (virus_3119326,host_148094): 0 -> 1
Cell (virus_3119326,host_574064): 0 -> 1
Cell (virus_3119326,host_27634): 0 -> 1
Cell (virus_3119326,host_40228): 0 -> 1
Cell (virus_3119326,host_40230): 0 -> 1
Cell (virus_3119326,host_9423): 0 -> 1
Cell (virus_3119326,host_3042450): 0 -> 1
Cell (virus_3119326,host_3371013): 0 -> 1
Cell (virus_3119326,host_59472): 0 -> 1
Cell (virus_3119326,host_291302): 0 -> 1
Cell (virus_3119326,host_27622): 0 -> 1
Cell (virus_3119326,host_3041509): 0 -> 1
Cell (virus_3119326,host_2218597): 0 -> 1
Cell (virus_3119326,host_258867): 0 -> 1
Cell (virus_3119326,host_242384): 0 -> 1
Cell (virus_3119326,host_258863): 0 -> 1
Cell (virus_3119326,host_9438): 0 -> 1
Cell (virus_3119326,host_249034): 0 -> 1
Cell (virus_3119326,host_258952): 0 -> 1
Cell (virus_3119326,host_258953): 0 -> 1
Cell (virus_3119326,host_249033): 0 -> 1
Cell (virus_3119326,host_258909): 0 -> 1
Cell (virus_3119326,host_909369): 0 -> 1
Cell (virus_3119326,host_29078): 0 -> 1
Cell (virus_3119326,host_3371014): 0 -> 1
Cell (virus_3119326,host_3371016): 0 -> 1
Cell (virus_3119326,host_3371021): 0 -> 1
Cell (virus_3119326,host_360967): 0 -> 1
Cell (virus_3119326,host_59474): 0 -> 1
Cell (virus_3119326,host_999321): 0 -> 1
Cell (virus_3119326,host_867834): 0 -> 1
Cell (virus_3119326,host_258889): 0 -> 1
Cell (virus_3119326,host_2491053): 0 -> 1
Cell (virus_3119326,host_110938): 0 -> 1
Cell (virus_3119326,host_258944): 0 -> 1
Cell (virus_3119326,host_59485): 0 -> 1
Cell (virus_3433752,host_105295): 0 -> 1
Cell (virus_3433752,host_51300): 0 -> 1
Cell (virus_3433752,host_294653): 0 -> 1
Cell (virus_3433752,host_59473): 0 -> 1
Cell (virus_3433752,host_3380546): 0 -> 1
Cell (virus_3433752,host_9435): 0 -> 1
Cell (virus_3433752,host_257882): 0 -> 1
Cell (virus_3433752,host_109480): 0 -> 1
Cell (virus_3433752,host_160974): 0 -> 1
Cell (virus_3433752,host_519446): 0 -> 1
Cell (virus_3433752,host_109481): 0 -> 1
Cell (virus_3433752,host_2528591): 0 -> 1
Cell (virus_3433752,host_412095): 0 -> 1
Cell (virus_3433752,host_225399): 0 -> 1
Cell (virus_3433752,host_386774): 0 -> 1
Cell (virus_3433752,host_392318): 0 -> 1
Cell (virus_3433752,host_138977): 0 -> 1
Cell (virus_3433752,host_138979): 0 -> 1
Cell (virus_3433752,host_159330): 0 -> 1
Cell (virus_3433752,host_452654): 0 -> 1
Cell (virus_3433752,host_385037): 0 -> 1
Cell (virus_3433752,host_155035): 0 -> 1
Cell (virus_3433752,host_633648): 0 -> 1
Cell (virus_3433752,host_258925): 0 -> 1
Cell (virus_3433752,host_177185): 0 -> 1
Cell (virus_3433752,host_187017): 0 -> 1
Cell (virus_3433752,host_159858): 0 -> 1
Cell (virus_3433752,host_169756): 0 -> 1
Cell (virus_3433752,host_188570): 0 -> 1
Cell (virus_3433752,host_196889): 0 -> 1
Cell (virus_3433752,host_867892): 0 -> 1
Cell (virus_3433752,host_476588): 0 -> 1
Cell (virus_3433752,host_337452): 0 -> 1
Cell (virus_3433752,host_76837): 0 -> 1
Cell (virus_3433752,host_178895): 0 -> 1
Cell (virus_3433752,host_608708): 0 -> 1
Cell (virus_3433752,host_59477): 0 -> 1
Cell (virus_3433752,host_166054): 0 -> 1
Cell (virus_3433752,host_385575): 0 -> 1
Cell (virus_3433752,host_9402): 0 -> 1
Cell (virus_3433752,host_9403): 0 -> 1
Cell (virus_3433752,host_1410044): 0 -> 1
Cell (virus_3433752,host_1898389): 0 -> 1
Cell (virus_3433752,host_77231): 0 -> 1
Cell (virus_3433752,host_2853157): 0 -> 1
Cell (virus_3433752,host_58067): 0 -> 1
Cell (virus_3433752,host_498220): 0 -> 1
Cell (virus_3433752,host_448084): 0 -> 1
Cell (virus_3433752,host_77243): 0 -> 1
Cell (virus_3433752,host_58073): 0 -> 1
Cell (virus_3433752,host_1898393): 0 -> 1
Cell (virus_3433752,host_58083): 0 -> 1
Cell (virus_3433752,host_77223): 0 -> 1
Cell (virus_3433752,host_58063): 0 -> 1
Cell (virus_3433752,host_77214): 0 -> 1
Cell (virus_3433752,host_1898386): 0 -> 1
Cell (virus_3433752,host_298110): 0 -> 1
Cell (virus_3433752,host_374419): 0 -> 1
Cell (virus_3433752,host_326081): 0 -> 1
Cell (virus_3433752,host_326151): 0 -> 1
Cell (virus_3433752,host_148094): 0 -> 1
Cell (virus_3433752,host_574064): 0 -> 1
Cell (virus_3433752,host_27634): 0 -> 1
Cell (virus_3433752,host_40228): 0 -> 1
Cell (virus_3433752,host_40230): 0 -> 1
Cell (virus_3433752,host_9423): 0 -> 1
Cell (virus_3433752,host_3042450): 0 -> 1
Cell (virus_3433752,host_3371013): 0 -> 1
Cell (virus_3433752,host_59472): 0 -> 1
Cell (virus_3433752,host_291302): 0 -> 1
Cell (virus_3433752,host_27622): 0 -> 1
Cell (virus_3433752,host_3041509): 0 -> 1
Cell (virus_3433752,host_2218597): 0 -> 1
Cell (virus_3433752,host_258867): 0 -> 1
Cell (virus_3433752,host_242384): 0 -> 1
Cell (virus_3433752,host_258863): 0 -> 1
Cell (virus_3433752,host_9438): 0 -> 1
Cell (virus_3433752,host_249034): 0 -> 1
Cell (virus_3433752,host_258952): 0 -> 1
Cell (virus_3433752,host_258953): 0 -> 1
Cell (virus_3433752,host_249033): 0 -> 1
Cell (virus_3433752,host_258909): 0 -> 1
Cell (virus_3433752,host_909369): 0 -> 1
Cell (virus_3433752,host_29078): 0 -> 1
Cell (virus_3433752,host_3371014): 0 -> 1
Cell (virus_3433752,host_3371016): 0 -> 1
Cell (virus_3433752,host_3371021): 0 -> 1
Cell (virus_3433752,host_360967): 0 -> 1
Cell (virus_3433752,host_59474): 0 -> 1
Cell (virus_3433752,host_999321): 0 -> 1
Cell (virus_3433752,host_867834): 0 -> 1
Cell (virus_3433752,host_258889): 0 -> 1
Cell (virus_3433752,host_2491053): 0 -> 1
Cell (virus_3433752,host_110938): 0 -> 1
Cell (virus_3433752,host_258944): 0 -> 1
Cell (virus_3433752,host_59485): 0 -> 1
Cell (virus_1906673,host_105295): 0 -> 1
Cell (virus_1906673,host_51300): 0 -> 1
Cell (virus_1906673,host_294653): 0 -> 1
Cell (virus_1906673,host_59473): 0 -> 1
Cell (virus_1906673,host_3380546): 0 -> 1
Cell (virus_1906673,host_9435): 0 -> 1
Cell (virus_1906673,host_257882): 0 -> 1
Cell (virus_1906673,host_109480): 0 -> 1
Cell (virus_1906673,host_160974): 0 -> 1
Cell (virus_1906673,host_519446): 0 -> 1
Cell (virus_1906673,host_109481): 0 -> 1
Cell (virus_1906673,host_2528591): 0 -> 1
Cell (virus_1906673,host_412095): 0 -> 1
Cell (virus_1906673,host_225399): 0 -> 1
Cell (virus_1906673,host_386774): 0 -> 1
Cell (virus_1906673,host_392318): 0 -> 1
Cell (virus_1906673,host_138977): 0 -> 1
Cell (virus_1906673,host_138979): 0 -> 1
Cell (virus_1906673,host_159330): 0 -> 1
Cell (virus_1906673,host_452654): 0 -> 1
Cell (virus_1906673,host_385037): 0 -> 1
Cell (virus_1906673,host_155035): 0 -> 1
Cell (virus_1906673,host_633648): 0 -> 1
Cell (virus_1906673,host_258925): 0 -> 1
Cell (virus_1906673,host_177185): 0 -> 1
Cell (virus_1906673,host_187017): 0 -> 1
Cell (virus_1906673,host_169756): 0 -> 1
Cell (virus_1906673,host_188570): 0 -> 1
Cell (virus_1906673,host_196889): 0 -> 1
Cell (virus_1906673,host_867892): 0 -> 1
Cell (virus_1906673,host_476588): 0 -> 1
Cell (virus_1906673,host_337452): 0 -> 1
Cell (virus_1906673,host_76837): 0 -> 1
Cell (virus_1906673,host_178895): 0 -> 1
Cell (virus_1906673,host_608708): 0 -> 1
Cell (virus_1906673,host_59477): 0 -> 1
Cell (virus_1906673,host_166054): 0 -> 1
Cell (virus_1906673,host_385575): 0 -> 1
Cell (virus_1906673,host_9402): 0 -> 1
Cell (virus_1906673,host_9403): 0 -> 1
Cell (virus_1906673,host_1410044): 0 -> 1
Cell (virus_1906673,host_1898389): 0 -> 1
Cell (virus_1906673,host_77231): 0 -> 1
Cell (virus_1906673,host_2853157): 0 -> 1
Cell (virus_1906673,host_58067): 0 -> 1
Cell (virus_1906673,host_498220): 0 -> 1
Cell (virus_1906673,host_448084): 0 -> 1
Cell (virus_1906673,host_77243): 0 -> 1
Cell (virus_1906673,host_58073): 0 -> 1
Cell (virus_1906673,host_1898393): 0 -> 1
Cell (virus_1906673,host_58083): 0 -> 1
Cell (virus_1906673,host_77223): 0 -> 1
Cell (virus_1906673,host_58063): 0 -> 1
Cell (virus_1906673,host_77214): 0 -> 1
Cell (virus_1906673,host_1898386): 0 -> 1
Cell (virus_1906673,host_9400): 0 -> 1
Cell (virus_1906673,host_298110): 0 -> 1
Cell (virus_1906673,host_374419): 0 -> 1
Cell (virus_1906673,host_326081): 0 -> 1
Cell (virus_1906673,host_326151): 0 -> 1
Cell (virus_1906673,host_148094): 0 -> 1
Cell (virus_1906673,host_574064): 0 -> 1
Cell (virus_1906673,host_27634): 0 -> 1
Cell (virus_1906673,host_40228): 0 -> 1
Cell (virus_1906673,host_40230): 0 -> 1
Cell (virus_1906673,host_3042450): 0 -> 1
Cell (virus_1906673,host_3371013): 0 -> 1
Cell (virus_1906673,host_59472): 0 -> 1
Cell (virus_1906673,host_291302): 0 -> 1
Cell (virus_1906673,host_27622): 0 -> 1
Cell (virus_1906673,host_3041509): 0 -> 1
Cell (virus_1906673,host_2218597): 0 -> 1
Cell (virus_1906673,host_258867): 0 -> 1
Cell (virus_1906673,host_242384): 0 -> 1
Cell (virus_1906673,host_258863): 0 -> 1
Cell (virus_1906673,host_9438): 0 -> 1
Cell (virus_1906673,host_249034): 0 -> 1
Cell (virus_1906673,host_258952): 0 -> 1
Cell (virus_1906673,host_258953): 0 -> 1
Cell (virus_1906673,host_249033): 0 -> 1
Cell (virus_1906673,host_258909): 0 -> 1
Cell (virus_1906673,host_909369): 0 -> 1
Cell (virus_1906673,host_29078): 0 -> 1
Cell (virus_1906673,host_3371014): 0 -> 1
Cell (virus_1906673,host_3371016): 0 -> 1
Cell (virus_1906673,host_3371021): 0 -> 1
Cell (virus_1906673,host_360967): 0 -> 1
Cell (virus_1906673,host_59474): 0 -> 1
Cell (virus_1906673,host_999321): 0 -> 1
Cell (virus_1906673,host_867834): 0 -> 1
Cell (virus_1906673,host_258889): 0 -> 1
Cell (virus_1906673,host_2491053): 0 -> 1
Cell (virus_1906673,host_110938): 0 -> 1
Cell (virus_1906673,host_258944): 0 -> 1
Cell (virus_1906673,host_526822): 0 -> 1
Cell (virus_1906673,host_59485): 0 -> 1
Cell (virus_3433785,host_105295): 0 -> 1
Cell (virus_3433785,host_51300): 0 -> 1
Cell (virus_3433785,host_294653): 0 -> 1
Cell (virus_3433785,host_59473): 0 -> 1
Cell (virus_3433785,host_3380546): 0 -> 1
Cell (virus_3433785,host_9435): 0 -> 1
Cell (virus_3433785,host_257882): 0 -> 1
Cell (virus_3433785,host_109480): 0 -> 1
Cell (virus_3433785,host_160974): 0 -> 1
Cell (virus_3433785,host_519446): 0 -> 1
Cell (virus_3433785,host_109481): 0 -> 1
Cell (virus_3433785,host_2528591): 0 -> 1
Cell (virus_3433785,host_412095): 0 -> 1
Cell (virus_3433785,host_225399): 0 -> 1
Cell (virus_3433785,host_386774): 0 -> 1
Cell (virus_3433785,host_392318): 0 -> 1
Cell (virus_3433785,host_138977): 0 -> 1
Cell (virus_3433785,host_138979): 0 -> 1
Cell (virus_3433785,host_159330): 0 -> 1
Cell (virus_3433785,host_452654): 0 -> 1
Cell (virus_3433785,host_385037): 0 -> 1
Cell (virus_3433785,host_155035): 0 -> 1
Cell (virus_3433785,host_633648): 0 -> 1
Cell (virus_3433785,host_258925): 0 -> 1
Cell (virus_3433785,host_177185): 0 -> 1
Cell (virus_3433785,host_187017): 0 -> 1
Cell (virus_3433785,host_169756): 0 -> 1
Cell (virus_3433785,host_188570): 0 -> 1
Cell (virus_3433785,host_196889): 0 -> 1
Cell (virus_3433785,host_867892): 0 -> 1
Cell (virus_3433785,host_476588): 0 -> 1
Cell (virus_3433785,host_337452): 0 -> 1
Cell (virus_3433785,host_76837): 0 -> 1
Cell (virus_3433785,host_178895): 0 -> 1
Cell (virus_3433785,host_608708): 0 -> 1
Cell (virus_3433785,host_59477): 0 -> 1
Cell (virus_3433785,host_166054): 0 -> 1
Cell (virus_3433785,host_385575): 0 -> 1
Cell (virus_3433785,host_9402): 0 -> 1
Cell (virus_3433785,host_9403): 0 -> 1
Cell (virus_3433785,host_1410044): 0 -> 1
Cell (virus_3433785,host_1898389): 0 -> 1
Cell (virus_3433785,host_77231): 0 -> 1
Cell (virus_3433785,host_2853157): 0 -> 1
Cell (virus_3433785,host_58067): 0 -> 1
Cell (virus_3433785,host_498220): 0 -> 1
Cell (virus_3433785,host_448084): 0 -> 1
Cell (virus_3433785,host_77243): 0 -> 1
Cell (virus_3433785,host_58073): 0 -> 1
Cell (virus_3433785,host_1898393): 0 -> 1
Cell (virus_3433785,host_58083): 0 -> 1
Cell (virus_3433785,host_77223): 0 -> 1
Cell (virus_3433785,host_58063): 0 -> 1
Cell (virus_3433785,host_77214): 0 -> 1
Cell (virus_3433785,host_1898386): 0 -> 1
Cell (virus_3433785,host_9400): 0 -> 1
Cell (virus_3433785,host_298110): 0 -> 1
Cell (virus_3433785,host_374419): 0 -> 1
Cell (virus_3433785,host_326081): 0 -> 1
Cell (virus_3433785,host_326151): 0 -> 1
Cell (virus_3433785,host_148094): 0 -> 1
Cell (virus_3433785,host_574064): 0 -> 1
Cell (virus_3433785,host_27634): 0 -> 1
Cell (virus_3433785,host_40228): 0 -> 1
Cell (virus_3433785,host_40230): 0 -> 1
Cell (virus_3433785,host_3042450): 0 -> 1
Cell (virus_3433785,host_3371013): 0 -> 1
Cell (virus_3433785,host_59472): 0 -> 1
Cell (virus_3433785,host_291302): 0 -> 1
Cell (virus_3433785,host_27622): 0 -> 1
Cell (virus_3433785,host_3041509): 0 -> 1
Cell (virus_3433785,host_2218597): 0 -> 1
Cell (virus_3433785,host_258867): 0 -> 1
Cell (virus_3433785,host_242384): 0 -> 1
Cell (virus_3433785,host_258863): 0 -> 1
Cell (virus_3433785,host_9438): 0 -> 1
Cell (virus_3433785,host_249034): 0 -> 1
Cell (virus_3433785,host_258952): 0 -> 1
Cell (virus_3433785,host_258953): 0 -> 1
Cell (virus_3433785,host_249033): 0 -> 1
Cell (virus_3433785,host_258909): 0 -> 1
Cell (virus_3433785,host_909369): 0 -> 1
Cell (virus_3433785,host_29078): 0 -> 1
Cell (virus_3433785,host_3371014): 0 -> 1
Cell (virus_3433785,host_3371016): 0 -> 1
Cell (virus_3433785,host_3371021): 0 -> 1
Cell (virus_3433785,host_360967): 0 -> 1
Cell (virus_3433785,host_59474): 0 -> 1
Cell (virus_3433785,host_999321): 0 -> 1
Cell (virus_3433785,host_867834): 0 -> 1
Cell (virus_3433785,host_258889): 0 -> 1
Cell (virus_3433785,host_2491053): 0 -> 1
Cell (virus_3433785,host_110938): 0 -> 1
Cell (virus_3433785,host_258944): 0 -> 1
Cell (virus_3433785,host_526822): 0 -> 1
Cell (virus_3433785,host_59485): 0 -> 1
Cell (virus_2971263,host_105295): 0 -> 1
Cell (virus_2971263,host_375553): 0 -> 1
Cell (virus_2971263,host_51300): 0 -> 1
Cell (virus_2971263,host_294653): 0 -> 1
Cell (virus_2971263,host_59473): 0 -> 1
Cell (virus_2971263,host_3380546): 0 -> 1
Cell (virus_2971263,host_9435): 0 -> 1
Cell (virus_2971263,host_257882): 0 -> 1
Cell (virus_2971263,host_109480): 0 -> 1
Cell (virus_2971263,host_160974): 0 -> 1
Cell (virus_2971263,host_519446): 0 -> 1
Cell (virus_2971263,host_109481): 0 -> 1
Cell (virus_2971263,host_2528591): 0 -> 1
Cell (virus_2971263,host_412095): 0 -> 1
Cell (virus_2971263,host_225399): 0 -> 1
Cell (virus_2971263,host_386774): 0 -> 1
Cell (virus_2971263,host_392318): 0 -> 1
Cell (virus_2971263,host_138977): 0 -> 1
Cell (virus_2971263,host_138979): 0 -> 1
Cell (virus_2971263,host_159330): 0 -> 1
Cell (virus_2971263,host_452654): 0 -> 1
Cell (virus_2971263,host_385037): 0 -> 1
Cell (virus_2971263,host_155035): 0 -> 1
Cell (virus_2971263,host_633648): 0 -> 1
Cell (virus_2971263,host_258925): 0 -> 1
Cell (virus_2971263,host_177185): 0 -> 1
Cell (virus_2971263,host_187017): 0 -> 1
Cell (virus_2971263,host_685731): 0 -> 1
Cell (virus_2971263,host_169756): 0 -> 1
Cell (virus_2971263,host_188570): 0 -> 1
Cell (virus_2971263,host_196889): 0 -> 1
Cell (virus_2971263,host_867892): 0 -> 1
Cell (virus_2971263,host_476588): 0 -> 1
Cell (virus_2971263,host_337452): 0 -> 1
Cell (virus_2971263,host_76837): 0 -> 1
Cell (virus_2971263,host_178895): 0 -> 1
Cell (virus_2971263,host_608708): 0 -> 1
Cell (virus_2971263,host_59477): 0 -> 1
Cell (virus_2971263,host_166054): 0 -> 1
Cell (virus_2971263,host_385575): 0 -> 1
Cell (virus_2971263,host_9403): 0 -> 1
Cell (virus_2971263,host_1410044): 0 -> 1
Cell (virus_2971263,host_1898389): 0 -> 1
Cell (virus_2971263,host_77231): 0 -> 1
Cell (virus_2971263,host_2853157): 0 -> 1
Cell (virus_2971263,host_372077): 0 -> 1
Cell (virus_2971263,host_58067): 0 -> 1
Cell (virus_2971263,host_498220): 0 -> 1
Cell (virus_2971263,host_448084): 0 -> 1
Cell (virus_2971263,host_77243): 0 -> 1
Cell (virus_2971263,host_58073): 0 -> 1
Cell (virus_2971263,host_1898393): 0 -> 1
Cell (virus_2971263,host_58083): 0 -> 1
Cell (virus_2971263,host_77223): 0 -> 1
Cell (virus_2971263,host_58063): 0 -> 1
Cell (virus_2971263,host_77214): 0 -> 1
Cell (virus_2971263,host_1898386): 0 -> 1
Cell (virus_2971263,host_298110): 0 -> 1
Cell (virus_2971263,host_374419): 0 -> 1
Cell (virus_2971263,host_326081): 0 -> 1
Cell (virus_2971263,host_326151): 0 -> 1
Cell (virus_2971263,host_148094): 0 -> 1
Cell (virus_2971263,host_574064): 0 -> 1
Cell (virus_2971263,host_27634): 0 -> 1
Cell (virus_2971263,host_40228): 0 -> 1
Cell (virus_2971263,host_40230): 0 -> 1
Cell (virus_2971263,host_3042450): 0 -> 1
Cell (virus_2971263,host_3371013): 0 -> 1
Cell (virus_2971263,host_59472): 0 -> 1
Cell (virus_2971263,host_291302): 0 -> 1
Cell (virus_2971263,host_27622): 0 -> 1
Cell (virus_2971263,host_3041509): 0 -> 1
Cell (virus_2971263,host_2218597): 0 -> 1
Cell (virus_2971263,host_258867): 0 -> 1
Cell (virus_2971263,host_242384): 0 -> 1
Cell (virus_2971263,host_258863): 0 -> 1
Cell (virus_2971263,host_9438): 0 -> 1
Cell (virus_2971263,host_249034): 0 -> 1
Cell (virus_2971263,host_258952): 0 -> 1
Cell (virus_2971263,host_258953): 0 -> 1
Cell (virus_2971263,host_249033): 0 -> 1
Cell (virus_2971263,host_258909): 0 -> 1
Cell (virus_2971263,host_909369): 0 -> 1
Cell (virus_2971263,host_29078): 0 -> 1
Cell (virus_2971263,host_3371014): 0 -> 1
Cell (virus_2971263,host_3371016): 0 -> 1
Cell (virus_2971263,host_3371021): 0 -> 1
Cell (virus_2971263,host_360967): 0 -> 1
Cell (virus_2971263,host_59474): 0 -> 1
Cell (virus_2971263,host_999321): 0 -> 1
Cell (virus_2971263,host_867834): 0 -> 1
Cell (virus_2971263,host_258889): 0 -> 1
Cell (virus_2971263,host_2491053): 0 -> 1
Cell (virus_2971263,host_110938): 0 -> 1
Cell (virus_2971263,host_258944): 0 -> 1
Cell (virus_2971263,host_526822): 0 -> 1
Cell (virus_2971263,host_59485): 0 -> 1
Cell (virus_3433786,host_105295): 0 -> 1
Cell (virus_3433786,host_375553): 0 -> 1
Cell (virus_3433786,host_51300): 0 -> 1
Cell (virus_3433786,host_294653): 0 -> 1
Cell (virus_3433786,host_59473): 0 -> 1
Cell (virus_3433786,host_3380546): 0 -> 1
Cell (virus_3433786,host_9435): 0 -> 1
Cell (virus_3433786,host_257882): 0 -> 1
Cell (virus_3433786,host_109480): 0 -> 1
Cell (virus_3433786,host_160974): 0 -> 1
Cell (virus_3433786,host_519446): 0 -> 1
Cell (virus_3433786,host_109481): 0 -> 1
Cell (virus_3433786,host_2528591): 0 -> 1
Cell (virus_3433786,host_412095): 0 -> 1
Cell (virus_3433786,host_225399): 0 -> 1
Cell (virus_3433786,host_386774): 0 -> 1
Cell (virus_3433786,host_392318): 0 -> 1
Cell (virus_3433786,host_138977): 0 -> 1
Cell (virus_3433786,host_138979): 0 -> 1
Cell (virus_3433786,host_159330): 0 -> 1
Cell (virus_3433786,host_452654): 0 -> 1
Cell (virus_3433786,host_385037): 0 -> 1
Cell (virus_3433786,host_155035): 0 -> 1
Cell (virus_3433786,host_633648): 0 -> 1
Cell (virus_3433786,host_258925): 0 -> 1
Cell (virus_3433786,host_177185): 0 -> 1
Cell (virus_3433786,host_187017): 0 -> 1
Cell (virus_3433786,host_685731): 0 -> 1
Cell (virus_3433786,host_169756): 0 -> 1
Cell (virus_3433786,host_188570): 0 -> 1
Cell (virus_3433786,host_196889): 0 -> 1
Cell (virus_3433786,host_867892): 0 -> 1
Cell (virus_3433786,host_476588): 0 -> 1
Cell (virus_3433786,host_337452): 0 -> 1
Cell (virus_3433786,host_76837): 0 -> 1
Cell (virus_3433786,host_178895): 0 -> 1
Cell (virus_3433786,host_608708): 0 -> 1
Cell (virus_3433786,host_59477): 0 -> 1
Cell (virus_3433786,host_166054): 0 -> 1
Cell (virus_3433786,host_385575): 0 -> 1
Cell (virus_3433786,host_9403): 0 -> 1
Cell (virus_3433786,host_1410044): 0 -> 1
Cell (virus_3433786,host_1898389): 0 -> 1
Cell (virus_3433786,host_77231): 0 -> 1
Cell (virus_3433786,host_2853157): 0 -> 1
Cell (virus_3433786,host_372077): 0 -> 1
Cell (virus_3433786,host_58067): 0 -> 1
Cell (virus_3433786,host_498220): 0 -> 1
Cell (virus_3433786,host_448084): 0 -> 1
Cell (virus_3433786,host_77243): 0 -> 1
Cell (virus_3433786,host_58073): 0 -> 1
Cell (virus_3433786,host_1898393): 0 -> 1
Cell (virus_3433786,host_58083): 0 -> 1
Cell (virus_3433786,host_77223): 0 -> 1
Cell (virus_3433786,host_58063): 0 -> 1
Cell (virus_3433786,host_77214): 0 -> 1
Cell (virus_3433786,host_1898386): 0 -> 1
Cell (virus_3433786,host_298110): 0 -> 1
Cell (virus_3433786,host_374419): 0 -> 1
Cell (virus_3433786,host_326081): 0 -> 1
Cell (virus_3433786,host_326151): 0 -> 1
Cell (virus_3433786,host_148094): 0 -> 1
Cell (virus_3433786,host_574064): 0 -> 1
Cell (virus_3433786,host_27634): 0 -> 1
Cell (virus_3433786,host_40228): 0 -> 1
Cell (virus_3433786,host_40230): 0 -> 1
Cell (virus_3433786,host_3042450): 0 -> 1
Cell (virus_3433786,host_3371013): 0 -> 1
Cell (virus_3433786,host_59472): 0 -> 1
Cell (virus_3433786,host_291302): 0 -> 1
Cell (virus_3433786,host_27622): 0 -> 1
Cell (virus_3433786,host_3041509): 0 -> 1
Cell (virus_3433786,host_2218597): 0 -> 1
Cell (virus_3433786,host_258867): 0 -> 1
Cell (virus_3433786,host_242384): 0 -> 1
Cell (virus_3433786,host_258863): 0 -> 1
Cell (virus_3433786,host_9438): 0 -> 1
Cell (virus_3433786,host_249034): 0 -> 1
Cell (virus_3433786,host_258952): 0 -> 1
Cell (virus_3433786,host_258953): 0 -> 1
Cell (virus_3433786,host_249033): 0 -> 1
Cell (virus_3433786,host_258909): 0 -> 1
Cell (virus_3433786,host_909369): 0 -> 1
Cell (virus_3433786,host_29078): 0 -> 1
Cell (virus_3433786,host_3371014): 0 -> 1
Cell (virus_3433786,host_3371016): 0 -> 1
Cell (virus_3433786,host_3371021): 0 -> 1
Cell (virus_3433786,host_360967): 0 -> 1
Cell (virus_3433786,host_59474): 0 -> 1
Cell (virus_3433786,host_999321): 0 -> 1
Cell (virus_3433786,host_867834): 0 -> 1
Cell (virus_3433786,host_258889): 0 -> 1
Cell (virus_3433786,host_2491053): 0 -> 1
Cell (virus_3433786,host_110938): 0 -> 1
Cell (virus_3433786,host_258944): 0 -> 1
Cell (virus_3433786,host_526822): 0 -> 1
Cell (virus_3433786,host_59485): 0 -> 1
Cell (virus_2989482,host_105295): 0 -> 1
Cell (virus_2989482,host_375553): 0 -> 1
Cell (virus_2989482,host_51300): 0 -> 1
Cell (virus_2989482,host_294653): 0 -> 1
Cell (virus_2989482,host_59473): 0 -> 1
Cell (virus_2989482,host_3380546): 0 -> 1
Cell (virus_2989482,host_9435): 0 -> 1
Cell (virus_2989482,host_257882): 0 -> 1
Cell (virus_2989482,host_109480): 0 -> 1
Cell (virus_2989482,host_160974): 0 -> 1
Cell (virus_2989482,host_519446): 0 -> 1
Cell (virus_2989482,host_109481): 0 -> 1
Cell (virus_2989482,host_2528591): 0 -> 1
Cell (virus_2989482,host_412095): 0 -> 1
Cell (virus_2989482,host_225399): 0 -> 1
Cell (virus_2989482,host_386774): 0 -> 1
Cell (virus_2989482,host_392318): 0 -> 1
Cell (virus_2989482,host_138977): 0 -> 1
Cell (virus_2989482,host_138979): 0 -> 1
Cell (virus_2989482,host_159330): 0 -> 1
Cell (virus_2989482,host_452654): 0 -> 1
Cell (virus_2989482,host_385037): 0 -> 1
Cell (virus_2989482,host_155035): 0 -> 1
Cell (virus_2989482,host_633648): 0 -> 1
Cell (virus_2989482,host_258925): 0 -> 1
Cell (virus_2989482,host_177185): 0 -> 1
Cell (virus_2989482,host_187017): 0 -> 1
Cell (virus_2989482,host_685731): 0 -> 1
Cell (virus_2989482,host_169756): 0 -> 1
Cell (virus_2989482,host_188570): 0 -> 1
Cell (virus_2989482,host_196889): 0 -> 1
Cell (virus_2989482,host_867892): 0 -> 1
Cell (virus_2989482,host_476588): 0 -> 1
Cell (virus_2989482,host_337452): 0 -> 1
Cell (virus_2989482,host_76837): 0 -> 1
Cell (virus_2989482,host_178895): 0 -> 1
Cell (virus_2989482,host_608708): 0 -> 1
Cell (virus_2989482,host_59477): 0 -> 1
Cell (virus_2989482,host_166054): 0 -> 1
Cell (virus_2989482,host_385575): 0 -> 1
Cell (virus_2989482,host_9403): 0 -> 1
Cell (virus_2989482,host_1410044): 0 -> 1
Cell (virus_2989482,host_1898389): 0 -> 1
Cell (virus_2989482,host_77231): 0 -> 1
Cell (virus_2989482,host_2853157): 0 -> 1
Cell (virus_2989482,host_372077): 0 -> 1
Cell (virus_2989482,host_58067): 0 -> 1
Cell (virus_2989482,host_498220): 0 -> 1
Cell (virus_2989482,host_448084): 0 -> 1
Cell (virus_2989482,host_77243): 0 -> 1
Cell (virus_2989482,host_58073): 0 -> 1
Cell (virus_2989482,host_1898393): 0 -> 1
Cell (virus_2989482,host_58083): 0 -> 1
Cell (virus_2989482,host_77223): 0 -> 1
Cell (virus_2989482,host_58063): 0 -> 1
Cell (virus_2989482,host_77214): 0 -> 1
Cell (virus_2989482,host_1898386): 0 -> 1
Cell (virus_2989482,host_298110): 0 -> 1
Cell (virus_2989482,host_374419): 0 -> 1
Cell (virus_2989482,host_326081): 0 -> 1
Cell (virus_2989482,host_326151): 0 -> 1
Cell (virus_2989482,host_148094): 0 -> 1
Cell (virus_2989482,host_574064): 0 -> 1
Cell (virus_2989482,host_27634): 0 -> 1
Cell (virus_2989482,host_40228): 0 -> 1
Cell (virus_2989482,host_40230): 0 -> 1
Cell (virus_2989482,host_3042450): 0 -> 1
Cell (virus_2989482,host_3371013): 0 -> 1
Cell (virus_2989482,host_59472): 0 -> 1
Cell (virus_2989482,host_291302): 0 -> 1
Cell (virus_2989482,host_27622): 0 -> 1
Cell (virus_2989482,host_3041509): 0 -> 1
Cell (virus_2989482,host_2218597): 0 -> 1
Cell (virus_2989482,host_258867): 0 -> 1
Cell (virus_2989482,host_242384): 0 -> 1
Cell (virus_2989482,host_258863): 0 -> 1
Cell (virus_2989482,host_9438): 0 -> 1
Cell (virus_2989482,host_249034): 0 -> 1
Cell (virus_2989482,host_258952): 0 -> 1
Cell (virus_2989482,host_258953): 0 -> 1
Cell (virus_2989482,host_249033): 0 -> 1
Cell (virus_2989482,host_258909): 0 -> 1
Cell (virus_2989482,host_909369): 0 -> 1
Cell (virus_2989482,host_29078): 0 -> 1
Cell (virus_2989482,host_3371014): 0 -> 1
Cell (virus_2989482,host_3371016): 0 -> 1
Cell (virus_2989482,host_3371021): 0 -> 1
Cell (virus_2989482,host_360967): 0 -> 1
Cell (virus_2989482,host_59474): 0 -> 1
Cell (virus_2989482,host_999321): 0 -> 1
Cell (virus_2989482,host_867834): 0 -> 1
Cell (virus_2989482,host_258889): 0 -> 1
Cell (virus_2989482,host_2491053): 0 -> 1
Cell (virus_2989482,host_110938): 0 -> 1
Cell (virus_2989482,host_258944): 0 -> 1
Cell (virus_2989482,host_526822): 0 -> 1
Cell (virus_2989482,host_59485): 0 -> 1
Cell (virus_3433784,host_105295): 0 -> 1
Cell (virus_3433784,host_51300): 0 -> 1
Cell (virus_3433784,host_294653): 0 -> 1
Cell (virus_3433784,host_59473): 0 -> 1
Cell (virus_3433784,host_3380546): 0 -> 1
Cell (virus_3433784,host_9435): 0 -> 1
Cell (virus_3433784,host_257882): 0 -> 1
Cell (virus_3433784,host_109480): 0 -> 1
Cell (virus_3433784,host_160974): 0 -> 1
Cell (virus_3433784,host_519446): 0 -> 1
Cell (virus_3433784,host_109481): 0 -> 1
Cell (virus_3433784,host_2528591): 0 -> 1
Cell (virus_3433784,host_412095): 0 -> 1
Cell (virus_3433784,host_225399): 0 -> 1
Cell (virus_3433784,host_386774): 0 -> 1
Cell (virus_3433784,host_392318): 0 -> 1
Cell (virus_3433784,host_138977): 0 -> 1
Cell (virus_3433784,host_138979): 0 -> 1
Cell (virus_3433784,host_159330): 0 -> 1
Cell (virus_3433784,host_452654): 0 -> 1
Cell (virus_3433784,host_155915): 0 -> 1
Cell (virus_3433784,host_385037): 0 -> 1
Cell (virus_3433784,host_155035): 0 -> 1
Cell (virus_3433784,host_633648): 0 -> 1
Cell (virus_3433784,host_258925): 0 -> 1
Cell (virus_3433784,host_177185): 0 -> 1
Cell (virus_3433784,host_187017): 0 -> 1
Cell (virus_3433784,host_169756): 0 -> 1
Cell (virus_3433784,host_188570): 0 -> 1
Cell (virus_3433784,host_196889): 0 -> 1
Cell (virus_3433784,host_867892): 0 -> 1
Cell (virus_3433784,host_476588): 0 -> 1
Cell (virus_3433784,host_337452): 0 -> 1
Cell (virus_3433784,host_76837): 0 -> 1
Cell (virus_3433784,host_178895): 0 -> 1
Cell (virus_3433784,host_608708): 0 -> 1
Cell (virus_3433784,host_59477): 0 -> 1
Cell (virus_3433784,host_166054): 0 -> 1
Cell (virus_3433784,host_385575): 0 -> 1
Cell (virus_3433784,host_9402): 0 -> 1
Cell (virus_3433784,host_9403): 0 -> 1
Cell (virus_3433784,host_1410044): 0 -> 1
Cell (virus_3433784,host_1898389): 0 -> 1
Cell (virus_3433784,host_77231): 0 -> 1
Cell (virus_3433784,host_2853157): 0 -> 1
Cell (virus_3433784,host_58067): 0 -> 1
Cell (virus_3433784,host_498220): 0 -> 1
Cell (virus_3433784,host_448084): 0 -> 1
Cell (virus_3433784,host_77243): 0 -> 1
Cell (virus_3433784,host_58073): 0 -> 1
Cell (virus_3433784,host_1898393): 0 -> 1
Cell (virus_3433784,host_58083): 0 -> 1
Cell (virus_3433784,host_77223): 0 -> 1
Cell (virus_3433784,host_58063): 0 -> 1
Cell (virus_3433784,host_77214): 0 -> 1
Cell (virus_3433784,host_1898386): 0 -> 1
Cell (virus_3433784,host_298110): 0 -> 1
Cell (virus_3433784,host_374419): 0 -> 1
Cell (virus_3433784,host_326081): 0 -> 1
Cell (virus_3433784,host_326151): 0 -> 1
Cell (virus_3433784,host_148094): 0 -> 1
Cell (virus_3433784,host_574064): 0 -> 1
Cell (virus_3433784,host_27634): 0 -> 1
Cell (virus_3433784,host_40228): 0 -> 1
Cell (virus_3433784,host_40230): 0 -> 1
Cell (virus_3433784,host_3042450): 0 -> 1
Cell (virus_3433784,host_3371013): 0 -> 1
Cell (virus_3433784,host_59472): 0 -> 1
Cell (virus_3433784,host_291302): 0 -> 1
Cell (virus_3433784,host_27622): 0 -> 1
Cell (virus_3433784,host_3041509): 0 -> 1
Cell (virus_3433784,host_2218597): 0 -> 1
Cell (virus_3433784,host_258867): 0 -> 1
Cell (virus_3433784,host_242384): 0 -> 1
Cell (virus_3433784,host_258863): 0 -> 1
Cell (virus_3433784,host_9438): 0 -> 1
Cell (virus_3433784,host_249034): 0 -> 1
Cell (virus_3433784,host_258952): 0 -> 1
Cell (virus_3433784,host_258953): 0 -> 1
Cell (virus_3433784,host_249033): 0 -> 1
Cell (virus_3433784,host_258909): 0 -> 1
Cell (virus_3433784,host_909369): 0 -> 1
Cell (virus_3433784,host_29078): 0 -> 1
Cell (virus_3433784,host_3371014): 0 -> 1
Cell (virus_3433784,host_3371016): 0 -> 1
Cell (virus_3433784,host_3371021): 0 -> 1
Cell (virus_3433784,host_360967): 0 -> 1
Cell (virus_3433784,host_59474): 0 -> 1
Cell (virus_3433784,host_999321): 0 -> 1
Cell (virus_3433784,host_867834): 0 -> 1
Cell (virus_3433784,host_258889): 0 -> 1
Cell (virus_3433784,host_2491053): 0 -> 1
Cell (virus_3433784,host_110938): 0 -> 1
Cell (virus_3433784,host_258944): 0 -> 1
Cell (virus_3433784,host_526822): 0 -> 1
Cell (virus_3433784,host_59485): 0 -> 1
Cell (virus_2691588,host_105295): 0 -> 1
Cell (virus_2691588,host_51300): 0 -> 1
Cell (virus_2691588,host_294653): 0 -> 1
Cell (virus_2691588,host_59473): 0 -> 1
Cell (virus_2691588,host_3380546): 0 -> 1
Cell (virus_2691588,host_9435): 0 -> 1
Cell (virus_2691588,host_257882): 0 -> 1
Cell (virus_2691588,host_109480): 0 -> 1
Cell (virus_2691588,host_160974): 0 -> 1
Cell (virus_2691588,host_519446): 0 -> 1
Cell (virus_2691588,host_109481): 0 -> 1
Cell (virus_2691588,host_2528591): 0 -> 1
Cell (virus_2691588,host_412095): 0 -> 1
Cell (virus_2691588,host_225399): 0 -> 1
Cell (virus_2691588,host_386774): 0 -> 1
Cell (virus_2691588,host_392318): 0 -> 1
Cell (virus_2691588,host_138977): 0 -> 1
Cell (virus_2691588,host_138979): 0 -> 1
Cell (virus_2691588,host_159330): 0 -> 1
Cell (virus_2691588,host_258940): 0 -> 1
Cell (virus_2691588,host_452654): 0 -> 1
Cell (virus_2691588,host_385037): 0 -> 1
Cell (virus_2691588,host_155035): 0 -> 1
Cell (virus_2691588,host_633648): 0 -> 1
Cell (virus_2691588,host_258925): 0 -> 1
Cell (virus_2691588,host_177185): 0 -> 1
Cell (virus_2691588,host_187017): 0 -> 1
Cell (virus_2691588,host_159858): 0 -> 1
Cell (virus_2691588,host_376555): 0 -> 1
Cell (virus_2691588,host_169756): 0 -> 1
Cell (virus_2691588,host_188570): 0 -> 1
Cell (virus_2691588,host_196889): 0 -> 1
Cell (virus_2691588,host_867892): 0 -> 1
Cell (virus_2691588,host_476588): 0 -> 1
Cell (virus_2691588,host_337452): 0 -> 1
Cell (virus_2691588,host_76837): 0 -> 1
Cell (virus_2691588,host_178895): 0 -> 1
Cell (virus_2691588,host_608708): 0 -> 1
Cell (virus_2691588,host_59477): 0 -> 1
Cell (virus_2691588,host_166054): 0 -> 1
Cell (virus_2691588,host_385575): 0 -> 1
Cell (virus_2691588,host_9402): 0 -> 1
Cell (virus_2691588,host_9403): 0 -> 1
Cell (virus_2691588,host_1410044): 0 -> 1
Cell (virus_2691588,host_1898389): 0 -> 1
Cell (virus_2691588,host_77231): 0 -> 1
Cell (virus_2691588,host_2853157): 0 -> 1
Cell (virus_2691588,host_58067): 0 -> 1
Cell (virus_2691588,host_498220): 0 -> 1
Cell (virus_2691588,host_448084): 0 -> 1
Cell (virus_2691588,host_77243): 0 -> 1
Cell (virus_2691588,host_58073): 0 -> 1
Cell (virus_2691588,host_58083): 0 -> 1
Cell (virus_2691588,host_77223): 0 -> 1
Cell (virus_2691588,host_9408): 0 -> 1
Cell (virus_2691588,host_58063): 0 -> 1
Cell (virus_2691588,host_77214): 0 -> 1
Cell (virus_2691588,host_1898386): 0 -> 1
Cell (virus_2691588,host_298110): 0 -> 1
Cell (virus_2691588,host_374419): 0 -> 1
Cell (virus_2691588,host_326081): 0 -> 1
Cell (virus_2691588,host_326151): 0 -> 1
Cell (virus_2691588,host_148094): 0 -> 1
Cell (virus_2691588,host_574064): 0 -> 1
Cell (virus_2691588,host_27634): 0 -> 1
Cell (virus_2691588,host_40228): 0 -> 1
Cell (virus_2691588,host_40230): 0 -> 1
Cell (virus_2691588,host_89673): 0 -> 1
Cell (virus_2691588,host_3042450): 0 -> 1
Cell (virus_2691588,host_59472): 0 -> 1
Cell (virus_2691588,host_291302): 0 -> 1
Cell (virus_2691588,host_27622): 0 -> 1
Cell (virus_2691588,host_3041509): 0 -> 1
Cell (virus_2691588,host_2218597): 0 -> 1
Cell (virus_2691588,host_258867): 0 -> 1
Cell (virus_2691588,host_242384): 0 -> 1
Cell (virus_2691588,host_258863): 0 -> 1
Cell (virus_2691588,host_9438): 0 -> 1
Cell (virus_2691588,host_249034): 0 -> 1
Cell (virus_2691588,host_258952): 0 -> 1
Cell (virus_2691588,host_258953): 0 -> 1
Cell (virus_2691588,host_249033): 0 -> 1
Cell (virus_2691588,host_258909): 0 -> 1
Cell (virus_2691588,host_909369): 0 -> 1
Cell (virus_2691588,host_29078): 0 -> 1
Cell (virus_2691588,host_3371014): 0 -> 1
Cell (virus_2691588,host_3371016): 0 -> 1
Cell (virus_2691588,host_3371021): 0 -> 1
Cell (virus_2691588,host_360967): 0 -> 1
Cell (virus_2691588,host_59474): 0 -> 1
Cell (virus_2691588,host_999321): 0 -> 1
Cell (virus_2691588,host_867834): 0 -> 1
Cell (virus_2691588,host_258889): 0 -> 1
Cell (virus_2691588,host_2491053): 0 -> 1
Cell (virus_2691588,host_110938): 0 -> 1
Cell (virus_2691588,host_258944): 0 -> 1
Cell (virus_2691588,host_59485): 0 -> 1
Cell (virus_3433780,host_105295): 0 -> 1
Cell (virus_3433780,host_51300): 0 -> 1
Cell (virus_3433780,host_294653): 0 -> 1
Cell (virus_3433780,host_59473): 0 -> 1
Cell (virus_3433780,host_3380546): 0 -> 1
Cell (virus_3433780,host_9435): 0 -> 1
Cell (virus_3433780,host_257882): 0 -> 1
Cell (virus_3433780,host_109480): 0 -> 1
Cell (virus_3433780,host_160974): 0 -> 1
Cell (virus_3433780,host_519446): 0 -> 1
Cell (virus_3433780,host_109481): 0 -> 1
Cell (virus_3433780,host_2528591): 0 -> 1
Cell (virus_3433780,host_412095): 0 -> 1
Cell (virus_3433780,host_225399): 0 -> 1
Cell (virus_3433780,host_386774): 0 -> 1
Cell (virus_3433780,host_392318): 0 -> 1
Cell (virus_3433780,host_138977): 0 -> 1
Cell (virus_3433780,host_138979): 0 -> 1
Cell (virus_3433780,host_159330): 0 -> 1
Cell (virus_3433780,host_258940): 0 -> 1
Cell (virus_3433780,host_452654): 0 -> 1
Cell (virus_3433780,host_385037): 0 -> 1
Cell (virus_3433780,host_155035): 0 -> 1
Cell (virus_3433780,host_633648): 0 -> 1
Cell (virus_3433780,host_258925): 0 -> 1
Cell (virus_3433780,host_177185): 0 -> 1
Cell (virus_3433780,host_187017): 0 -> 1
Cell (virus_3433780,host_159858): 0 -> 1
Cell (virus_3433780,host_376555): 0 -> 1
Cell (virus_3433780,host_169756): 0 -> 1
Cell (virus_3433780,host_188570): 0 -> 1
Cell (virus_3433780,host_196889): 0 -> 1
Cell (virus_3433780,host_867892): 0 -> 1
Cell (virus_3433780,host_476588): 0 -> 1
Cell (virus_3433780,host_337452): 0 -> 1
Cell (virus_3433780,host_76837): 0 -> 1
Cell (virus_3433780,host_178895): 0 -> 1
Cell (virus_3433780,host_608708): 0 -> 1
Cell (virus_3433780,host_59477): 0 -> 1
Cell (virus_3433780,host_166054): 0 -> 1
Cell (virus_3433780,host_385575): 0 -> 1
Cell (virus_3433780,host_9402): 0 -> 1
Cell (virus_3433780,host_9403): 0 -> 1
Cell (virus_3433780,host_1410044): 0 -> 1
Cell (virus_3433780,host_1898389): 0 -> 1
Cell (virus_3433780,host_77231): 0 -> 1
Cell (virus_3433780,host_2853157): 0 -> 1
Cell (virus_3433780,host_58067): 0 -> 1
Cell (virus_3433780,host_498220): 0 -> 1
Cell (virus_3433780,host_448084): 0 -> 1
Cell (virus_3433780,host_77243): 0 -> 1
Cell (virus_3433780,host_58073): 0 -> 1
Cell (virus_3433780,host_58083): 0 -> 1
Cell (virus_3433780,host_77223): 0 -> 1
Cell (virus_3433780,host_9408): 0 -> 1
Cell (virus_3433780,host_58063): 0 -> 1
Cell (virus_3433780,host_77214): 0 -> 1
Cell (virus_3433780,host_1898386): 0 -> 1
Cell (virus_3433780,host_298110): 0 -> 1
Cell (virus_3433780,host_374419): 0 -> 1
Cell (virus_3433780,host_326081): 0 -> 1
Cell (virus_3433780,host_326151): 0 -> 1
Cell (virus_3433780,host_148094): 0 -> 1
Cell (virus_3433780,host_574064): 0 -> 1
Cell (virus_3433780,host_27634): 0 -> 1
Cell (virus_3433780,host_40228): 0 -> 1
Cell (virus_3433780,host_40230): 0 -> 1
Cell (virus_3433780,host_89673): 0 -> 1
Cell (virus_3433780,host_3042450): 0 -> 1
Cell (virus_3433780,host_59472): 0 -> 1
Cell (virus_3433780,host_291302): 0 -> 1
Cell (virus_3433780,host_27622): 0 -> 1
Cell (virus_3433780,host_3041509): 0 -> 1
Cell (virus_3433780,host_2218597): 0 -> 1
Cell (virus_3433780,host_258867): 0 -> 1
Cell (virus_3433780,host_242384): 0 -> 1
Cell (virus_3433780,host_258863): 0 -> 1
Cell (virus_3433780,host_9438): 0 -> 1
Cell (virus_3433780,host_249034): 0 -> 1
Cell (virus_3433780,host_258952): 0 -> 1
Cell (virus_3433780,host_258953): 0 -> 1
Cell (virus_3433780,host_249033): 0 -> 1
Cell (virus_3433780,host_258909): 0 -> 1
Cell (virus_3433780,host_909369): 0 -> 1
Cell (virus_3433780,host_29078): 0 -> 1
Cell (virus_3433780,host_3371014): 0 -> 1
Cell (virus_3433780,host_3371016): 0 -> 1
Cell (virus_3433780,host_3371021): 0 -> 1
Cell (virus_3433780,host_360967): 0 -> 1
Cell (virus_3433780,host_59474): 0 -> 1
Cell (virus_3433780,host_999321): 0 -> 1
Cell (virus_3433780,host_867834): 0 -> 1
Cell (virus_3433780,host_258889): 0 -> 1
Cell (virus_3433780,host_2491053): 0 -> 1
Cell (virus_3433780,host_110938): 0 -> 1
Cell (virus_3433780,host_258944): 0 -> 1
Cell (virus_3433780,host_59485): 0 -> 1
Cell (virus_694000,host_105295): 0 -> 1
Cell (virus_694000,host_51300): 0 -> 1
Cell (virus_694000,host_294653): 0 -> 1
Cell (virus_694000,host_59473): 0 -> 1
Cell (virus_694000,host_3380546): 0 -> 1
Cell (virus_694000,host_9435): 0 -> 1
Cell (virus_694000,host_257882): 0 -> 1
Cell (virus_694000,host_109480): 0 -> 1
Cell (virus_694000,host_160974): 0 -> 1
Cell (virus_694000,host_519446): 0 -> 1
Cell (virus_694000,host_109481): 0 -> 1
Cell (virus_694000,host_2528591): 0 -> 1
Cell (virus_694000,host_412095): 0 -> 1
Cell (virus_694000,host_225399): 0 -> 1
Cell (virus_694000,host_386774): 0 -> 1
Cell (virus_694000,host_392318): 0 -> 1
Cell (virus_694000,host_138977): 0 -> 1
Cell (virus_694000,host_138979): 0 -> 1
Cell (virus_694000,host_159330): 0 -> 1
Cell (virus_694000,host_258940): 0 -> 1
Cell (virus_694000,host_452654): 0 -> 1
Cell (virus_694000,host_385037): 0 -> 1
Cell (virus_694000,host_155035): 0 -> 1
Cell (virus_694000,host_633648): 0 -> 1
Cell (virus_694000,host_258925): 0 -> 1
Cell (virus_694000,host_177185): 0 -> 1
Cell (virus_694000,host_187017): 0 -> 1
Cell (virus_694000,host_159858): 0 -> 1
Cell (virus_694000,host_376555): 0 -> 1
Cell (virus_694000,host_169756): 0 -> 1
Cell (virus_694000,host_188570): 0 -> 1
Cell (virus_694000,host_196889): 0 -> 1
Cell (virus_694000,host_867892): 0 -> 1
Cell (virus_694000,host_476588): 0 -> 1
Cell (virus_694000,host_337452): 0 -> 1
Cell (virus_694000,host_76837): 0 -> 1
Cell (virus_694000,host_178895): 0 -> 1
Cell (virus_694000,host_608708): 0 -> 1
Cell (virus_694000,host_59477): 0 -> 1
Cell (virus_694000,host_166054): 0 -> 1
Cell (virus_694000,host_385575): 0 -> 1
Cell (virus_694000,host_9402): 0 -> 1
Cell (virus_694000,host_9403): 0 -> 1
Cell (virus_694000,host_1410044): 0 -> 1
Cell (virus_694000,host_1898389): 0 -> 1
Cell (virus_694000,host_77231): 0 -> 1
Cell (virus_694000,host_2853157): 0 -> 1
Cell (virus_694000,host_58067): 0 -> 1
Cell (virus_694000,host_498220): 0 -> 1
Cell (virus_694000,host_448084): 0 -> 1
Cell (virus_694000,host_77243): 0 -> 1
Cell (virus_694000,host_58073): 0 -> 1
Cell (virus_694000,host_58083): 0 -> 1
Cell (virus_694000,host_77223): 0 -> 1
Cell (virus_694000,host_9408): 0 -> 1
Cell (virus_694000,host_58063): 0 -> 1
Cell (virus_694000,host_77214): 0 -> 1
Cell (virus_694000,host_1898386): 0 -> 1
Cell (virus_694000,host_298110): 0 -> 1
Cell (virus_694000,host_374419): 0 -> 1
Cell (virus_694000,host_326081): 0 -> 1
Cell (virus_694000,host_326151): 0 -> 1
Cell (virus_694000,host_148094): 0 -> 1
Cell (virus_694000,host_574064): 0 -> 1
Cell (virus_694000,host_27634): 0 -> 1
Cell (virus_694000,host_40228): 0 -> 1
Cell (virus_694000,host_40230): 0 -> 1
Cell (virus_694000,host_89673): 0 -> 1
Cell (virus_694000,host_3042450): 0 -> 1
Cell (virus_694000,host_59472): 0 -> 1
Cell (virus_694000,host_291302): 0 -> 1
Cell (virus_694000,host_27622): 0 -> 1
Cell (virus_694000,host_3041509): 0 -> 1
Cell (virus_694000,host_2218597): 0 -> 1
Cell (virus_694000,host_258867): 0 -> 1
Cell (virus_694000,host_242384): 0 -> 1
Cell (virus_694000,host_258863): 0 -> 1
Cell (virus_694000,host_9438): 0 -> 1
Cell (virus_694000,host_249034): 0 -> 1
Cell (virus_694000,host_258952): 0 -> 1
Cell (virus_694000,host_258953): 0 -> 1
Cell (virus_694000,host_249033): 0 -> 1
Cell (virus_694000,host_258909): 0 -> 1
Cell (virus_694000,host_909369): 0 -> 1
Cell (virus_694000,host_29078): 0 -> 1
Cell (virus_694000,host_3371014): 0 -> 1
Cell (virus_694000,host_3371016): 0 -> 1
Cell (virus_694000,host_3371021): 0 -> 1
Cell (virus_694000,host_360967): 0 -> 1
Cell (virus_694000,host_59474): 0 -> 1
Cell (virus_694000,host_999321): 0 -> 1
Cell (virus_694000,host_867834): 0 -> 1
Cell (virus_694000,host_258889): 0 -> 1
Cell (virus_694000,host_2491053): 0 -> 1
Cell (virus_694000,host_110938): 0 -> 1
Cell (virus_694000,host_258944): 0 -> 1
Cell (virus_694000,host_59485): 0 -> 1
Cell (virus_3119327,host_105295): 0 -> 1
Cell (virus_3119327,host_51300): 0 -> 1
Cell (virus_3119327,host_294653): 0 -> 1
Cell (virus_3119327,host_59473): 0 -> 1
Cell (virus_3119327,host_3380546): 0 -> 1
Cell (virus_3119327,host_9435): 0 -> 1
Cell (virus_3119327,host_257882): 0 -> 1
Cell (virus_3119327,host_109480): 0 -> 1
Cell (virus_3119327,host_160974): 0 -> 1
Cell (virus_3119327,host_519446): 0 -> 1
Cell (virus_3119327,host_109481): 0 -> 1
Cell (virus_3119327,host_2528591): 0 -> 1
Cell (virus_3119327,host_412095): 0 -> 1
Cell (virus_3119327,host_225399): 0 -> 1
Cell (virus_3119327,host_386774): 0 -> 1
Cell (virus_3119327,host_392318): 0 -> 1
Cell (virus_3119327,host_138977): 0 -> 1
Cell (virus_3119327,host_138979): 0 -> 1
Cell (virus_3119327,host_159330): 0 -> 1
Cell (virus_3119327,host_452654): 0 -> 1
Cell (virus_3119327,host_385037): 0 -> 1
Cell (virus_3119327,host_155035): 0 -> 1
Cell (virus_3119327,host_633648): 0 -> 1
Cell (virus_3119327,host_258925): 0 -> 1
Cell (virus_3119327,host_177185): 0 -> 1
Cell (virus_3119327,host_187017): 0 -> 1
Cell (virus_3119327,host_159858): 0 -> 1
Cell (virus_3119327,host_376555): 0 -> 1
Cell (virus_3119327,host_169756): 0 -> 1
Cell (virus_3119327,host_188570): 0 -> 1
Cell (virus_3119327,host_196889): 0 -> 1
Cell (virus_3119327,host_867892): 0 -> 1
Cell (virus_3119327,host_476588): 0 -> 1
Cell (virus_3119327,host_337452): 0 -> 1
Cell (virus_3119327,host_76837): 0 -> 1
Cell (virus_3119327,host_178895): 0 -> 1
Cell (virus_3119327,host_608708): 0 -> 1
Cell (virus_3119327,host_59477): 0 -> 1
Cell (virus_3119327,host_166054): 0 -> 1
Cell (virus_3119327,host_385575): 0 -> 1
Cell (virus_3119327,host_9402): 0 -> 1
Cell (virus_3119327,host_9403): 0 -> 1
Cell (virus_3119327,host_1410044): 0 -> 1
Cell (virus_3119327,host_1898389): 0 -> 1
Cell (virus_3119327,host_77231): 0 -> 1
Cell (virus_3119327,host_2853157): 0 -> 1
Cell (virus_3119327,host_58067): 0 -> 1
Cell (virus_3119327,host_498220): 0 -> 1
Cell (virus_3119327,host_448084): 0 -> 1
Cell (virus_3119327,host_77243): 0 -> 1
Cell (virus_3119327,host_58073): 0 -> 1
Cell (virus_3119327,host_58083): 0 -> 1
Cell (virus_3119327,host_77223): 0 -> 1
Cell (virus_3119327,host_9408): 0 -> 1
Cell (virus_3119327,host_58063): 0 -> 1
Cell (virus_3119327,host_77214): 0 -> 1
Cell (virus_3119327,host_1898386): 0 -> 1
Cell (virus_3119327,host_298110): 0 -> 1
Cell (virus_3119327,host_374419): 0 -> 1
Cell (virus_3119327,host_326081): 0 -> 1
Cell (virus_3119327,host_326151): 0 -> 1
Cell (virus_3119327,host_148094): 0 -> 1
Cell (virus_3119327,host_574064): 0 -> 1
Cell (virus_3119327,host_27634): 0 -> 1
Cell (virus_3119327,host_40228): 0 -> 1
Cell (virus_3119327,host_40230): 0 -> 1
Cell (virus_3119327,host_3042450): 0 -> 1
Cell (virus_3119327,host_59472): 0 -> 1
Cell (virus_3119327,host_291302): 0 -> 1
Cell (virus_3119327,host_27622): 0 -> 1
Cell (virus_3119327,host_3041509): 0 -> 1
Cell (virus_3119327,host_2218597): 0 -> 1
Cell (virus_3119327,host_258867): 0 -> 1
Cell (virus_3119327,host_242384): 0 -> 1
Cell (virus_3119327,host_258863): 0 -> 1
Cell (virus_3119327,host_9438): 0 -> 1
Cell (virus_3119327,host_249034): 0 -> 1
Cell (virus_3119327,host_258952): 0 -> 1
Cell (virus_3119327,host_258953): 0 -> 1
Cell (virus_3119327,host_249033): 0 -> 1
Cell (virus_3119327,host_258909): 0 -> 1
Cell (virus_3119327,host_909369): 0 -> 1
Cell (virus_3119327,host_29078): 0 -> 1
Cell (virus_3119327,host_3371014): 0 -> 1
Cell (virus_3119327,host_3371016): 0 -> 1
Cell (virus_3119327,host_3371021): 0 -> 1
Cell (virus_3119327,host_360967): 0 -> 1
Cell (virus_3119327,host_59474): 0 -> 1
Cell (virus_3119327,host_999321): 0 -> 1
Cell (virus_3119327,host_867834): 0 -> 1
Cell (virus_3119327,host_258889): 0 -> 1
Cell (virus_3119327,host_2491053): 0 -> 1
Cell (virus_3119327,host_110938): 0 -> 1
Cell (virus_3119327,host_258944): 0 -> 1
Cell (virus_3119327,host_59485): 0 -> 1
Cell (virus_2809631,host_105295): 0 -> 1
Cell (virus_2809631,host_258946): 0 -> 1
Cell (virus_2809631,host_51300): 0 -> 1
Cell (virus_2809631,host_294653): 0 -> 1
Cell (virus_2809631,host_59473): 0 -> 1
Cell (virus_2809631,host_3380546): 0 -> 1
Cell (virus_2809631,host_9435): 0 -> 1
Cell (virus_2809631,host_257882): 0 -> 1
Cell (virus_2809631,host_109480): 0 -> 1
Cell (virus_2809631,host_160974): 0 -> 1
Cell (virus_2809631,host_519446): 0 -> 1
Cell (virus_2809631,host_109481): 0 -> 1
Cell (virus_2809631,host_2528591): 0 -> 1
Cell (virus_2809631,host_412095): 0 -> 1
Cell (virus_2809631,host_225399): 0 -> 1
Cell (virus_2809631,host_386774): 0 -> 1
Cell (virus_2809631,host_392318): 0 -> 1
Cell (virus_2809631,host_138977): 0 -> 1
Cell (virus_2809631,host_138979): 0 -> 1
Cell (virus_2809631,host_159330): 0 -> 1
Cell (virus_2809631,host_452654): 0 -> 1
Cell (virus_2809631,host_385037): 0 -> 1
Cell (virus_2809631,host_155035): 0 -> 1
Cell (virus_2809631,host_633648): 0 -> 1
Cell (virus_2809631,host_258925): 0 -> 1
Cell (virus_2809631,host_177185): 0 -> 1
Cell (virus_2809631,host_187017): 0 -> 1
Cell (virus_2809631,host_159858): 0 -> 1
Cell (virus_2809631,host_169756): 0 -> 1
Cell (virus_2809631,host_188570): 0 -> 1
Cell (virus_2809631,host_196889): 0 -> 1
Cell (virus_2809631,host_867892): 0 -> 1
Cell (virus_2809631,host_476588): 0 -> 1
Cell (virus_2809631,host_337452): 0 -> 1
Cell (virus_2809631,host_76837): 0 -> 1
Cell (virus_2809631,host_178895): 0 -> 1
Cell (virus_2809631,host_608708): 0 -> 1
Cell (virus_2809631,host_59477): 0 -> 1
Cell (virus_2809631,host_166054): 0 -> 1
Cell (virus_2809631,host_385575): 0 -> 1
Cell (virus_2809631,host_9402): 0 -> 1
Cell (virus_2809631,host_9403): 0 -> 1
Cell (virus_2809631,host_1410044): 0 -> 1
Cell (virus_2809631,host_1898389): 0 -> 1
Cell (virus_2809631,host_77231): 0 -> 1
Cell (virus_2809631,host_2853157): 0 -> 1
Cell (virus_2809631,host_58067): 0 -> 1
Cell (virus_2809631,host_498220): 0 -> 1
Cell (virus_2809631,host_448084): 0 -> 1
Cell (virus_2809631,host_77243): 0 -> 1
Cell (virus_2809631,host_58073): 0 -> 1
Cell (virus_2809631,host_58083): 0 -> 1
Cell (virus_2809631,host_77223): 0 -> 1
Cell (virus_2809631,host_9408): 0 -> 1
Cell (virus_2809631,host_58063): 0 -> 1
Cell (virus_2809631,host_77214): 0 -> 1
Cell (virus_2809631,host_1898386): 0 -> 1
Cell (virus_2809631,host_298110): 0 -> 1
Cell (virus_2809631,host_374419): 0 -> 1
Cell (virus_2809631,host_326081): 0 -> 1
Cell (virus_2809631,host_326151): 0 -> 1
Cell (virus_2809631,host_148094): 0 -> 1
Cell (virus_2809631,host_27663): 0 -> 1
Cell (virus_2809631,host_574064): 0 -> 1
Cell (virus_2809631,host_27634): 0 -> 1
Cell (virus_2809631,host_40228): 0 -> 1
Cell (virus_2809631,host_40230): 0 -> 1
Cell (virus_2809631,host_3042450): 0 -> 1
Cell (virus_2809631,host_59472): 0 -> 1
Cell (virus_2809631,host_291302): 0 -> 1
Cell (virus_2809631,host_27622): 0 -> 1
Cell (virus_2809631,host_3041509): 0 -> 1
Cell (virus_2809631,host_2218597): 0 -> 1
Cell (virus_2809631,host_258867): 0 -> 1
Cell (virus_2809631,host_242384): 0 -> 1
Cell (virus_2809631,host_258863): 0 -> 1
Cell (virus_2809631,host_9438): 0 -> 1
Cell (virus_2809631,host_249034): 0 -> 1
Cell (virus_2809631,host_258952): 0 -> 1
Cell (virus_2809631,host_258953): 0 -> 1
Cell (virus_2809631,host_249033): 0 -> 1
Cell (virus_2809631,host_258909): 0 -> 1
Cell (virus_2809631,host_909369): 0 -> 1
Cell (virus_2809631,host_29078): 0 -> 1
Cell (virus_2809631,host_3371014): 0 -> 1
Cell (virus_2809631,host_3371016): 0 -> 1
Cell (virus_2809631,host_3371021): 0 -> 1
Cell (virus_2809631,host_360967): 0 -> 1
Cell (virus_2809631,host_59474): 0 -> 1
Cell (virus_2809631,host_999321): 0 -> 1
Cell (virus_2809631,host_867834): 0 -> 1
Cell (virus_2809631,host_258889): 0 -> 1
Cell (virus_2809631,host_2491053): 0 -> 1
Cell (virus_2809631,host_110938): 0 -> 1
Cell (virus_2809631,host_258944): 0 -> 1
Cell (virus_2809631,host_59485): 0 -> 1
Cell (virus_3433779,host_105295): 0 -> 1
Cell (virus_3433779,host_258946): 0 -> 1
Cell (virus_3433779,host_51300): 0 -> 1
Cell (virus_3433779,host_294653): 0 -> 1
Cell (virus_3433779,host_59473): 0 -> 1
Cell (virus_3433779,host_3380546): 0 -> 1
Cell (virus_3433779,host_9435): 0 -> 1
Cell (virus_3433779,host_257882): 0 -> 1
Cell (virus_3433779,host_109480): 0 -> 1
Cell (virus_3433779,host_160974): 0 -> 1
Cell (virus_3433779,host_519446): 0 -> 1
Cell (virus_3433779,host_109481): 0 -> 1
Cell (virus_3433779,host_2528591): 0 -> 1
Cell (virus_3433779,host_412095): 0 -> 1
Cell (virus_3433779,host_225399): 0 -> 1
Cell (virus_3433779,host_386774): 0 -> 1
Cell (virus_3433779,host_392318): 0 -> 1
Cell (virus_3433779,host_138977): 0 -> 1
Cell (virus_3433779,host_138979): 0 -> 1
Cell (virus_3433779,host_159330): 0 -> 1
Cell (virus_3433779,host_452654): 0 -> 1
Cell (virus_3433779,host_385037): 0 -> 1
Cell (virus_3433779,host_155035): 0 -> 1
Cell (virus_3433779,host_633648): 0 -> 1
Cell (virus_3433779,host_258925): 0 -> 1
Cell (virus_3433779,host_177185): 0 -> 1
Cell (virus_3433779,host_187017): 0 -> 1
Cell (virus_3433779,host_159858): 0 -> 1
Cell (virus_3433779,host_169756): 0 -> 1
Cell (virus_3433779,host_188570): 0 -> 1
Cell (virus_3433779,host_196889): 0 -> 1
Cell (virus_3433779,host_867892): 0 -> 1
Cell (virus_3433779,host_476588): 0 -> 1
Cell (virus_3433779,host_337452): 0 -> 1
Cell (virus_3433779,host_76837): 0 -> 1
Cell (virus_3433779,host_178895): 0 -> 1
Cell (virus_3433779,host_608708): 0 -> 1
Cell (virus_3433779,host_59477): 0 -> 1
Cell (virus_3433779,host_166054): 0 -> 1
Cell (virus_3433779,host_385575): 0 -> 1
Cell (virus_3433779,host_9402): 0 -> 1
Cell (virus_3433779,host_9403): 0 -> 1
Cell (virus_3433779,host_1410044): 0 -> 1
Cell (virus_3433779,host_1898389): 0 -> 1
Cell (virus_3433779,host_77231): 0 -> 1
Cell (virus_3433779,host_2853157): 0 -> 1
Cell (virus_3433779,host_58067): 0 -> 1
Cell (virus_3433779,host_498220): 0 -> 1
Cell (virus_3433779,host_448084): 0 -> 1
Cell (virus_3433779,host_77243): 0 -> 1
Cell (virus_3433779,host_58073): 0 -> 1
Cell (virus_3433779,host_58083): 0 -> 1
Cell (virus_3433779,host_77223): 0 -> 1
Cell (virus_3433779,host_9408): 0 -> 1
Cell (virus_3433779,host_58063): 0 -> 1
Cell (virus_3433779,host_77214): 0 -> 1
Cell (virus_3433779,host_1898386): 0 -> 1
Cell (virus_3433779,host_298110): 0 -> 1
Cell (virus_3433779,host_374419): 0 -> 1
Cell (virus_3433779,host_326081): 0 -> 1
Cell (virus_3433779,host_326151): 0 -> 1
Cell (virus_3433779,host_148094): 0 -> 1
Cell (virus_3433779,host_574064): 0 -> 1
Cell (virus_3433779,host_27634): 0 -> 1
Cell (virus_3433779,host_40228): 0 -> 1
Cell (virus_3433779,host_40230): 0 -> 1
Cell (virus_3433779,host_3042450): 0 -> 1
Cell (virus_3433779,host_59472): 0 -> 1
Cell (virus_3433779,host_291302): 0 -> 1
Cell (virus_3433779,host_27622): 0 -> 1
Cell (virus_3433779,host_3041509): 0 -> 1
Cell (virus_3433779,host_2218597): 0 -> 1
Cell (virus_3433779,host_258867): 0 -> 1
Cell (virus_3433779,host_242384): 0 -> 1
Cell (virus_3433779,host_258863): 0 -> 1
Cell (virus_3433779,host_9438): 0 -> 1
Cell (virus_3433779,host_249034): 0 -> 1
Cell (virus_3433779,host_258952): 0 -> 1
Cell (virus_3433779,host_258953): 0 -> 1
Cell (virus_3433779,host_249033): 0 -> 1
Cell (virus_3433779,host_258909): 0 -> 1
Cell (virus_3433779,host_909369): 0 -> 1
Cell (virus_3433779,host_29078): 0 -> 1
Cell (virus_3433779,host_3371014): 0 -> 1
Cell (virus_3433779,host_3371016): 0 -> 1
Cell (virus_3433779,host_3371021): 0 -> 1
Cell (virus_3433779,host_360967): 0 -> 1
Cell (virus_3433779,host_59474): 0 -> 1
Cell (virus_3433779,host_999321): 0 -> 1
Cell (virus_3433779,host_867834): 0 -> 1
Cell (virus_3433779,host_258889): 0 -> 1
Cell (virus_3433779,host_2491053): 0 -> 1
Cell (virus_3433779,host_110938): 0 -> 1
Cell (virus_3433779,host_258944): 0 -> 1
Cell (virus_3433779,host_59485): 0 -> 1
Cell (virus_694001,host_105295): 0 -> 1
Cell (virus_694001,host_258946): 0 -> 1
Cell (virus_694001,host_51300): 0 -> 1
Cell (virus_694001,host_294653): 0 -> 1
Cell (virus_694001,host_59473): 0 -> 1
Cell (virus_694001,host_3380546): 0 -> 1
Cell (virus_694001,host_9435): 0 -> 1
Cell (virus_694001,host_257882): 0 -> 1
Cell (virus_694001,host_109480): 0 -> 1
Cell (virus_694001,host_160974): 0 -> 1
Cell (virus_694001,host_519446): 0 -> 1
Cell (virus_694001,host_109481): 0 -> 1
Cell (virus_694001,host_2528591): 0 -> 1
Cell (virus_694001,host_412095): 0 -> 1
Cell (virus_694001,host_225399): 0 -> 1
Cell (virus_694001,host_386774): 0 -> 1
Cell (virus_694001,host_392318): 0 -> 1
Cell (virus_694001,host_138977): 0 -> 1
Cell (virus_694001,host_138979): 0 -> 1
Cell (virus_694001,host_159330): 0 -> 1
Cell (virus_694001,host_452654): 0 -> 1
Cell (virus_694001,host_385037): 0 -> 1
Cell (virus_694001,host_155035): 0 -> 1
Cell (virus_694001,host_633648): 0 -> 1
Cell (virus_694001,host_258925): 0 -> 1
Cell (virus_694001,host_177185): 0 -> 1
Cell (virus_694001,host_187017): 0 -> 1
Cell (virus_694001,host_159858): 0 -> 1
Cell (virus_694001,host_169756): 0 -> 1
Cell (virus_694001,host_188570): 0 -> 1
Cell (virus_694001,host_196889): 0 -> 1
Cell (virus_694001,host_867892): 0 -> 1
Cell (virus_694001,host_476588): 0 -> 1
Cell (virus_694001,host_337452): 0 -> 1
Cell (virus_694001,host_76837): 0 -> 1
Cell (virus_694001,host_178895): 0 -> 1
Cell (virus_694001,host_608708): 0 -> 1
Cell (virus_694001,host_59477): 0 -> 1
Cell (virus_694001,host_166054): 0 -> 1
Cell (virus_694001,host_385575): 0 -> 1
Cell (virus_694001,host_9402): 0 -> 1
Cell (virus_694001,host_9403): 0 -> 1
Cell (virus_694001,host_1410044): 0 -> 1
Cell (virus_694001,host_1898389): 0 -> 1
Cell (virus_694001,host_77231): 0 -> 1
Cell (virus_694001,host_2853157): 0 -> 1
Cell (virus_694001,host_58067): 0 -> 1
Cell (virus_694001,host_498220): 0 -> 1
Cell (virus_694001,host_448084): 0 -> 1
Cell (virus_694001,host_77243): 0 -> 1
Cell (virus_694001,host_58073): 0 -> 1
Cell (virus_694001,host_58083): 0 -> 1
Cell (virus_694001,host_77223): 0 -> 1
Cell (virus_694001,host_9408): 0 -> 1
Cell (virus_694001,host_58063): 0 -> 1
Cell (virus_694001,host_77214): 0 -> 1
Cell (virus_694001,host_1898386): 0 -> 1
Cell (virus_694001,host_298110): 0 -> 1
Cell (virus_694001,host_374419): 0 -> 1
Cell (virus_694001,host_326081): 0 -> 1
Cell (virus_694001,host_326151): 0 -> 1
Cell (virus_694001,host_148094): 0 -> 1
Cell (virus_694001,host_574064): 0 -> 1
Cell (virus_694001,host_27634): 0 -> 1
Cell (virus_694001,host_40228): 0 -> 1
Cell (virus_694001,host_40230): 0 -> 1
Cell (virus_694001,host_3042450): 0 -> 1
Cell (virus_694001,host_59472): 0 -> 1
Cell (virus_694001,host_291302): 0 -> 1
Cell (virus_694001,host_27622): 0 -> 1
Cell (virus_694001,host_3041509): 0 -> 1
Cell (virus_694001,host_2218597): 0 -> 1
Cell (virus_694001,host_258867): 0 -> 1
Cell (virus_694001,host_242384): 0 -> 1
Cell (virus_694001,host_258863): 0 -> 1
Cell (virus_694001,host_9438): 0 -> 1
Cell (virus_694001,host_249034): 0 -> 1
Cell (virus_694001,host_258952): 0 -> 1
Cell (virus_694001,host_258953): 0 -> 1
Cell (virus_694001,host_249033): 0 -> 1
Cell (virus_694001,host_258909): 0 -> 1
Cell (virus_694001,host_909369): 0 -> 1
Cell (virus_694001,host_29078): 0 -> 1
Cell (virus_694001,host_3371014): 0 -> 1
Cell (virus_694001,host_3371016): 0 -> 1
Cell (virus_694001,host_3371021): 0 -> 1
Cell (virus_694001,host_360967): 0 -> 1
Cell (virus_694001,host_59474): 0 -> 1
Cell (virus_694001,host_999321): 0 -> 1
Cell (virus_694001,host_867834): 0 -> 1
Cell (virus_694001,host_258889): 0 -> 1
Cell (virus_694001,host_2491053): 0 -> 1
Cell (virus_694001,host_110938): 0 -> 1
Cell (virus_694001,host_258944): 0 -> 1
Cell (virus_694001,host_59485): 0 -> 1
Cell (virus_3027594,host_105295): 0 -> 1
Cell (virus_3027594,host_51300): 0 -> 1
Cell (virus_3027594,host_294653): 0 -> 1
Cell (virus_3027594,host_59473): 0 -> 1
Cell (virus_3027594,host_3380546): 0 -> 1
Cell (virus_3027594,host_9435): 0 -> 1
Cell (virus_3027594,host_257882): 0 -> 1
Cell (virus_3027594,host_109480): 0 -> 1
Cell (virus_3027594,host_160974): 0 -> 1
Cell (virus_3027594,host_519446): 0 -> 1
Cell (virus_3027594,host_109481): 0 -> 1
Cell (virus_3027594,host_2528591): 0 -> 1
Cell (virus_3027594,host_412095): 0 -> 1
Cell (virus_3027594,host_225399): 0 -> 1
Cell (virus_3027594,host_386774): 0 -> 1
Cell (virus_3027594,host_392318): 0 -> 1
Cell (virus_3027594,host_138977): 0 -> 1
Cell (virus_3027594,host_138979): 0 -> 1
Cell (virus_3027594,host_159330): 0 -> 1
Cell (virus_3027594,host_452654): 0 -> 1
Cell (virus_3027594,host_385037): 0 -> 1
Cell (virus_3027594,host_155035): 0 -> 1
Cell (virus_3027594,host_633648): 0 -> 1
Cell (virus_3027594,host_258925): 0 -> 1
Cell (virus_3027594,host_177185): 0 -> 1
Cell (virus_3027594,host_187017): 0 -> 1
Cell (virus_3027594,host_159858): 0 -> 1
Cell (virus_3027594,host_169756): 0 -> 1
Cell (virus_3027594,host_188570): 0 -> 1
Cell (virus_3027594,host_196889): 0 -> 1
Cell (virus_3027594,host_867892): 0 -> 1
Cell (virus_3027594,host_476588): 0 -> 1
Cell (virus_3027594,host_337452): 0 -> 1
Cell (virus_3027594,host_76837): 0 -> 1
Cell (virus_3027594,host_178895): 0 -> 1
Cell (virus_3027594,host_608708): 0 -> 1
Cell (virus_3027594,host_59477): 0 -> 1
Cell (virus_3027594,host_166054): 0 -> 1
Cell (virus_3027594,host_385575): 0 -> 1
Cell (virus_3027594,host_9402): 0 -> 1
Cell (virus_3027594,host_9403): 0 -> 1
Cell (virus_3027594,host_1410044): 0 -> 1
Cell (virus_3027594,host_1898389): 0 -> 1
Cell (virus_3027594,host_77231): 0 -> 1
Cell (virus_3027594,host_2853157): 0 -> 1
Cell (virus_3027594,host_58067): 0 -> 1
Cell (virus_3027594,host_498220): 0 -> 1
Cell (virus_3027594,host_448084): 0 -> 1
Cell (virus_3027594,host_77243): 0 -> 1
Cell (virus_3027594,host_58073): 0 -> 1
Cell (virus_3027594,host_58083): 0 -> 1
Cell (virus_3027594,host_77223): 0 -> 1
Cell (virus_3027594,host_9408): 0 -> 1
Cell (virus_3027594,host_58063): 0 -> 1
Cell (virus_3027594,host_77214): 0 -> 1
Cell (virus_3027594,host_1898386): 0 -> 1
Cell (virus_3027594,host_298110): 0 -> 1
Cell (virus_3027594,host_374419): 0 -> 1
Cell (virus_3027594,host_326081): 0 -> 1
Cell (virus_3027594,host_326151): 0 -> 1
Cell (virus_3027594,host_148094): 0 -> 1
Cell (virus_3027594,host_574064): 0 -> 1
Cell (virus_3027594,host_27634): 0 -> 1
Cell (virus_3027594,host_40228): 0 -> 1
Cell (virus_3027594,host_40230): 0 -> 1
Cell (virus_3027594,host_3042450): 0 -> 1
Cell (virus_3027594,host_59472): 0 -> 1
Cell (virus_3027594,host_291302): 0 -> 1
Cell (virus_3027594,host_27622): 0 -> 1
Cell (virus_3027594,host_3041509): 0 -> 1
Cell (virus_3027594,host_2218597): 0 -> 1
Cell (virus_3027594,host_258867): 0 -> 1
Cell (virus_3027594,host_242384): 0 -> 1
Cell (virus_3027594,host_258863): 0 -> 1
Cell (virus_3027594,host_9438): 0 -> 1
Cell (virus_3027594,host_249034): 0 -> 1
Cell (virus_3027594,host_258952): 0 -> 1
Cell (virus_3027594,host_258953): 0 -> 1
Cell (virus_3027594,host_249033): 0 -> 1
Cell (virus_3027594,host_258909): 0 -> 1
Cell (virus_3027594,host_909369): 0 -> 1
Cell (virus_3027594,host_29078): 0 -> 1
Cell (virus_3027594,host_3371014): 0 -> 1
Cell (virus_3027594,host_3371016): 0 -> 1
Cell (virus_3027594,host_3371021): 0 -> 1
Cell (virus_3027594,host_360967): 0 -> 1
Cell (virus_3027594,host_59474): 0 -> 1
Cell (virus_3027594,host_999321): 0 -> 1
Cell (virus_3027594,host_867834): 0 -> 1
Cell (virus_3027594,host_258889): 0 -> 1
Cell (virus_3027594,host_2491053): 0 -> 1
Cell (virus_3027594,host_110938): 0 -> 1
Cell (virus_3027594,host_258944): 0 -> 1
Cell (virus_3027594,host_59485): 0 -> 1
Cell (virus_3433782,host_105295): 0 -> 1
Cell (virus_3433782,host_51300): 0 -> 1
Cell (virus_3433782,host_294653): 0 -> 1
Cell (virus_3433782,host_59473): 0 -> 1
Cell (virus_3433782,host_3380546): 0 -> 1
Cell (virus_3433782,host_9435): 0 -> 1
Cell (virus_3433782,host_257882): 0 -> 1
Cell (virus_3433782,host_109480): 0 -> 1
Cell (virus_3433782,host_160974): 0 -> 1
Cell (virus_3433782,host_519446): 0 -> 1
Cell (virus_3433782,host_109481): 0 -> 1
Cell (virus_3433782,host_2528591): 0 -> 1
Cell (virus_3433782,host_412095): 0 -> 1
Cell (virus_3433782,host_225399): 0 -> 1
Cell (virus_3433782,host_386774): 0 -> 1
Cell (virus_3433782,host_392318): 0 -> 1
Cell (virus_3433782,host_138977): 0 -> 1
Cell (virus_3433782,host_138979): 0 -> 1
Cell (virus_3433782,host_159330): 0 -> 1
Cell (virus_3433782,host_452654): 0 -> 1
Cell (virus_3433782,host_385037): 0 -> 1
Cell (virus_3433782,host_155035): 0 -> 1
Cell (virus_3433782,host_633648): 0 -> 1
Cell (virus_3433782,host_258925): 0 -> 1
Cell (virus_3433782,host_177185): 0 -> 1
Cell (virus_3433782,host_187017): 0 -> 1
Cell (virus_3433782,host_159858): 0 -> 1
Cell (virus_3433782,host_169756): 0 -> 1
Cell (virus_3433782,host_188570): 0 -> 1
Cell (virus_3433782,host_196889): 0 -> 1
Cell (virus_3433782,host_867892): 0 -> 1
Cell (virus_3433782,host_476588): 0 -> 1
Cell (virus_3433782,host_337452): 0 -> 1
Cell (virus_3433782,host_76837): 0 -> 1
Cell (virus_3433782,host_178895): 0 -> 1
Cell (virus_3433782,host_608708): 0 -> 1
Cell (virus_3433782,host_59477): 0 -> 1
Cell (virus_3433782,host_132908): 0 -> 1
Cell (virus_3433782,host_166054): 0 -> 1
Cell (virus_3433782,host_385575): 0 -> 1
Cell (virus_3433782,host_9402): 0 -> 1
Cell (virus_3433782,host_9403): 0 -> 1
Cell (virus_3433782,host_1410044): 0 -> 1
Cell (virus_3433782,host_1898389): 0 -> 1
Cell (virus_3433782,host_77231): 0 -> 1
Cell (virus_3433782,host_2853157): 0 -> 1
Cell (virus_3433782,host_58067): 0 -> 1
Cell (virus_3433782,host_498220): 0 -> 1
Cell (virus_3433782,host_448084): 0 -> 1
Cell (virus_3433782,host_77243): 0 -> 1
Cell (virus_3433782,host_58073): 0 -> 1
Cell (virus_3433782,host_58083): 0 -> 1
Cell (virus_3433782,host_77223): 0 -> 1
Cell (virus_3433782,host_9408): 0 -> 1
Cell (virus_3433782,host_58063): 0 -> 1
Cell (virus_3433782,host_77214): 0 -> 1
Cell (virus_3433782,host_1898386): 0 -> 1
Cell (virus_3433782,host_298110): 0 -> 1
Cell (virus_3433782,host_374419): 0 -> 1
Cell (virus_3433782,host_326081): 0 -> 1
Cell (virus_3433782,host_326151): 0 -> 1
Cell (virus_3433782,host_148094): 0 -> 1
Cell (virus_3433782,host_574064): 0 -> 1
Cell (virus_3433782,host_27634): 0 -> 1
Cell (virus_3433782,host_40228): 0 -> 1
Cell (virus_3433782,host_40230): 0 -> 1
Cell (virus_3433782,host_3042450): 0 -> 1
Cell (virus_3433782,host_59472): 0 -> 1
Cell (virus_3433782,host_291302): 0 -> 1
Cell (virus_3433782,host_27622): 0 -> 1
Cell (virus_3433782,host_3041509): 0 -> 1
Cell (virus_3433782,host_2218597): 0 -> 1
Cell (virus_3433782,host_258867): 0 -> 1
Cell (virus_3433782,host_242384): 0 -> 1
Cell (virus_3433782,host_258863): 0 -> 1
Cell (virus_3433782,host_9438): 0 -> 1
Cell (virus_3433782,host_249034): 0 -> 1
Cell (virus_3433782,host_258952): 0 -> 1
Cell (virus_3433782,host_258953): 0 -> 1
Cell (virus_3433782,host_249033): 0 -> 1
Cell (virus_3433782,host_258909): 0 -> 1
Cell (virus_3433782,host_909369): 0 -> 1
Cell (virus_3433782,host_29078): 0 -> 1
Cell (virus_3433782,host_3371014): 0 -> 1
Cell (virus_3433782,host_3371016): 0 -> 1
Cell (virus_3433782,host_3371021): 0 -> 1
Cell (virus_3433782,host_360967): 0 -> 1
Cell (virus_3433782,host_59474): 0 -> 1
Cell (virus_3433782,host_999321): 0 -> 1
Cell (virus_3433782,host_867834): 0 -> 1
Cell (virus_3433782,host_258889): 0 -> 1
Cell (virus_3433782,host_2491053): 0 -> 1
Cell (virus_3433782,host_110938): 0 -> 1
Cell (virus_3433782,host_258944): 0 -> 1
Cell (virus_3433782,host_59485): 0 -> 1
Cell (virus_3027595,host_105295): 0 -> 1
Cell (virus_3027595,host_51300): 0 -> 1
Cell (virus_3027595,host_294653): 0 -> 1
Cell (virus_3027595,host_59473): 0 -> 1
Cell (virus_3027595,host_3380546): 0 -> 1
Cell (virus_3027595,host_9435): 0 -> 1
Cell (virus_3027595,host_257882): 0 -> 1
Cell (virus_3027595,host_109480): 0 -> 1
Cell (virus_3027595,host_160974): 0 -> 1
Cell (virus_3027595,host_1633875): 0 -> 1
Cell (virus_3027595,host_519446): 0 -> 1
Cell (virus_3027595,host_109481): 0 -> 1
Cell (virus_3027595,host_2528591): 0 -> 1
Cell (virus_3027595,host_412095): 0 -> 1
Cell (virus_3027595,host_225399): 0 -> 1
Cell (virus_3027595,host_386774): 0 -> 1
Cell (virus_3027595,host_392318): 0 -> 1
Cell (virus_3027595,host_138977): 0 -> 1
Cell (virus_3027595,host_138979): 0 -> 1
Cell (virus_3027595,host_159330): 0 -> 1
Cell (virus_3027595,host_452654): 0 -> 1
Cell (virus_3027595,host_385037): 0 -> 1
Cell (virus_3027595,host_155035): 0 -> 1
Cell (virus_3027595,host_633648): 0 -> 1
Cell (virus_3027595,host_258925): 0 -> 1
Cell (virus_3027595,host_177185): 0 -> 1
Cell (virus_3027595,host_187017): 0 -> 1
Cell (virus_3027595,host_159858): 0 -> 1
Cell (virus_3027595,host_169756): 0 -> 1
Cell (virus_3027595,host_188570): 0 -> 1
Cell (virus_3027595,host_196889): 0 -> 1
Cell (virus_3027595,host_867892): 0 -> 1
Cell (virus_3027595,host_476588): 0 -> 1
Cell (virus_3027595,host_337452): 0 -> 1
Cell (virus_3027595,host_76837): 0 -> 1
Cell (virus_3027595,host_178895): 0 -> 1
Cell (virus_3027595,host_608708): 0 -> 1
Cell (virus_3027595,host_59477): 0 -> 1
Cell (virus_3027595,host_166054): 0 -> 1
Cell (virus_3027595,host_385575): 0 -> 1
Cell (virus_3027595,host_9402): 0 -> 1
Cell (virus_3027595,host_9403): 0 -> 1
Cell (virus_3027595,host_1410044): 0 -> 1
Cell (virus_3027595,host_1898389): 0 -> 1
Cell (virus_3027595,host_77231): 0 -> 1
Cell (virus_3027595,host_2853157): 0 -> 1
Cell (virus_3027595,host_903567): 0 -> 1
Cell (virus_3027595,host_58067): 0 -> 1
Cell (virus_3027595,host_498220): 0 -> 1
Cell (virus_3027595,host_448084): 0 -> 1
Cell (virus_3027595,host_77243): 0 -> 1
Cell (virus_3027595,host_58073): 0 -> 1
Cell (virus_3027595,host_58083): 0 -> 1
Cell (virus_3027595,host_77223): 0 -> 1
Cell (virus_3027595,host_9408): 0 -> 1
Cell (virus_3027595,host_58063): 0 -> 1
Cell (virus_3027595,host_77214): 0 -> 1
Cell (virus_3027595,host_1898386): 0 -> 1
Cell (virus_3027595,host_298110): 0 -> 1
Cell (virus_3027595,host_374419): 0 -> 1
Cell (virus_3027595,host_326081): 0 -> 1
Cell (virus_3027595,host_326151): 0 -> 1
Cell (virus_3027595,host_148094): 0 -> 1
Cell (virus_3027595,host_574064): 0 -> 1
Cell (virus_3027595,host_27634): 0 -> 1
Cell (virus_3027595,host_40228): 0 -> 1
Cell (virus_3027595,host_40230): 0 -> 1
Cell (virus_3027595,host_3042450): 0 -> 1
Cell (virus_3027595,host_59472): 0 -> 1
Cell (virus_3027595,host_291302): 0 -> 1
Cell (virus_3027595,host_27622): 0 -> 1
Cell (virus_3027595,host_3041509): 0 -> 1
Cell (virus_3027595,host_2218597): 0 -> 1
Cell (virus_3027595,host_258867): 0 -> 1
Cell (virus_3027595,host_242384): 0 -> 1
Cell (virus_3027595,host_258863): 0 -> 1
Cell (virus_3027595,host_9438): 0 -> 1
Cell (virus_3027595,host_249034): 0 -> 1
Cell (virus_3027595,host_258952): 0 -> 1
Cell (virus_3027595,host_258953): 0 -> 1
Cell (virus_3027595,host_249033): 0 -> 1
Cell (virus_3027595,host_258909): 0 -> 1
Cell (virus_3027595,host_909369): 0 -> 1
Cell (virus_3027595,host_29078): 0 -> 1
Cell (virus_3027595,host_3371014): 0 -> 1
Cell (virus_3027595,host_3371016): 0 -> 1
Cell (virus_3027595,host_3371021): 0 -> 1
Cell (virus_3027595,host_360967): 0 -> 1
Cell (virus_3027595,host_59474): 0 -> 1
Cell (virus_3027595,host_999321): 0 -> 1
Cell (virus_3027595,host_867834): 0 -> 1
Cell (virus_3027595,host_258889): 0 -> 1
Cell (virus_3027595,host_2491053): 0 -> 1
Cell (virus_3027595,host_110938): 0 -> 1
Cell (virus_3027595,host_258944): 0 -> 1
Cell (virus_3027595,host_59485): 0 -> 1
Cell (virus_2917968,host_105295): 0 -> 1
Cell (virus_2917968,host_51300): 0 -> 1
Cell (virus_2917968,host_294653): 0 -> 1
Cell (virus_2917968,host_59473): 0 -> 1
Cell (virus_2917968,host_3380546): 0 -> 1
Cell (virus_2917968,host_9435): 0 -> 1
Cell (virus_2917968,host_257882): 0 -> 1
Cell (virus_2917968,host_109480): 0 -> 1
Cell (virus_2917968,host_160974): 0 -> 1
Cell (virus_2917968,host_519446): 0 -> 1
Cell (virus_2917968,host_109481): 0 -> 1
Cell (virus_2917968,host_2528591): 0 -> 1
Cell (virus_2917968,host_412095): 0 -> 1
Cell (virus_2917968,host_225399): 0 -> 1
Cell (virus_2917968,host_386774): 0 -> 1
Cell (virus_2917968,host_392318): 0 -> 1
Cell (virus_2917968,host_138977): 0 -> 1
Cell (virus_2917968,host_138979): 0 -> 1
Cell (virus_2917968,host_159330): 0 -> 1
Cell (virus_2917968,host_452654): 0 -> 1
Cell (virus_2917968,host_385037): 0 -> 1
Cell (virus_2917968,host_155035): 0 -> 1
Cell (virus_2917968,host_633648): 0 -> 1
Cell (virus_2917968,host_258925): 0 -> 1
Cell (virus_2917968,host_177185): 0 -> 1
Cell (virus_2917968,host_187017): 0 -> 1
Cell (virus_2917968,host_159858): 0 -> 1
Cell (virus_2917968,host_169756): 0 -> 1
Cell (virus_2917968,host_188570): 0 -> 1
Cell (virus_2917968,host_196889): 0 -> 1
Cell (virus_2917968,host_867892): 0 -> 1
Cell (virus_2917968,host_476588): 0 -> 1
Cell (virus_2917968,host_337452): 0 -> 1
Cell (virus_2917968,host_76837): 0 -> 1
Cell (virus_2917968,host_178895): 0 -> 1
Cell (virus_2917968,host_608708): 0 -> 1
Cell (virus_2917968,host_59477): 0 -> 1
Cell (virus_2917968,host_166054): 0 -> 1
Cell (virus_2917968,host_385575): 0 -> 1
Cell (virus_2917968,host_9402): 0 -> 1
Cell (virus_2917968,host_9403): 0 -> 1
Cell (virus_2917968,host_1410044): 0 -> 1
Cell (virus_2917968,host_1898389): 0 -> 1
Cell (virus_2917968,host_77231): 0 -> 1
Cell (virus_2917968,host_2853157): 0 -> 1
Cell (virus_2917968,host_58067): 0 -> 1
Cell (virus_2917968,host_498220): 0 -> 1
Cell (virus_2917968,host_448084): 0 -> 1
Cell (virus_2917968,host_58071): 0 -> 1
Cell (virus_2917968,host_77243): 0 -> 1
Cell (virus_2917968,host_58073): 0 -> 1
Cell (virus_2917968,host_58083): 0 -> 1
Cell (virus_2917968,host_77223): 0 -> 1
Cell (virus_2917968,host_9408): 0 -> 1
Cell (virus_2917968,host_58063): 0 -> 1
Cell (virus_2917968,host_77214): 0 -> 1
Cell (virus_2917968,host_1898386): 0 -> 1
Cell (virus_2917968,host_298110): 0 -> 1
Cell (virus_2917968,host_77233): 0 -> 1
Cell (virus_2917968,host_374419): 0 -> 1
Cell (virus_2917968,host_326081): 0 -> 1
Cell (virus_2917968,host_326151): 0 -> 1
Cell (virus_2917968,host_148094): 0 -> 1
Cell (virus_2917968,host_574064): 0 -> 1
Cell (virus_2917968,host_27634): 0 -> 1
Cell (virus_2917968,host_40228): 0 -> 1
Cell (virus_2917968,host_40230): 0 -> 1
Cell (virus_2917968,host_51012): 0 -> 1
Cell (virus_2917968,host_3042450): 0 -> 1
Cell (virus_2917968,host_59472): 0 -> 1
Cell (virus_2917968,host_291302): 0 -> 1
Cell (virus_2917968,host_27622): 0 -> 1
Cell (virus_2917968,host_3041509): 0 -> 1
Cell (virus_2917968,host_2218597): 0 -> 1
Cell (virus_2917968,host_258867): 0 -> 1
Cell (virus_2917968,host_242384): 0 -> 1
Cell (virus_2917968,host_258863): 0 -> 1
Cell (virus_2917968,host_9438): 0 -> 1
Cell (virus_2917968,host_249034): 0 -> 1
Cell (virus_2917968,host_258952): 0 -> 1
Cell (virus_2917968,host_258953): 0 -> 1
Cell (virus_2917968,host_249033): 0 -> 1
Cell (virus_2917968,host_258909): 0 -> 1
Cell (virus_2917968,host_909369): 0 -> 1
Cell (virus_2917968,host_29078): 0 -> 1
Cell (virus_2917968,host_3371014): 0 -> 1
Cell (virus_2917968,host_3371016): 0 -> 1
Cell (virus_2917968,host_3371021): 0 -> 1
Cell (virus_2917968,host_360967): 0 -> 1
Cell (virus_2917968,host_59474): 0 -> 1
Cell (virus_2917968,host_999321): 0 -> 1
Cell (virus_2917968,host_867834): 0 -> 1
Cell (virus_2917968,host_258889): 0 -> 1
Cell (virus_2917968,host_2491053): 0 -> 1
Cell (virus_2917968,host_110938): 0 -> 1
Cell (virus_2917968,host_258944): 0 -> 1
Cell (virus_2917968,host_59485): 0 -> 1
Cell (virus_3119328,host_105295): 0 -> 1
Cell (virus_3119328,host_51300): 0 -> 1
Cell (virus_3119328,host_294653): 0 -> 1
Cell (virus_3119328,host_59473): 0 -> 1
Cell (virus_3119328,host_3380546): 0 -> 1
Cell (virus_3119328,host_9435): 0 -> 1
Cell (virus_3119328,host_257882): 0 -> 1
Cell (virus_3119328,host_109480): 0 -> 1
Cell (virus_3119328,host_160974): 0 -> 1
Cell (virus_3119328,host_519446): 0 -> 1
Cell (virus_3119328,host_109481): 0 -> 1
Cell (virus_3119328,host_2528591): 0 -> 1
Cell (virus_3119328,host_412095): 0 -> 1
Cell (virus_3119328,host_225399): 0 -> 1
Cell (virus_3119328,host_386774): 0 -> 1
Cell (virus_3119328,host_392318): 0 -> 1
Cell (virus_3119328,host_138977): 0 -> 1
Cell (virus_3119328,host_138979): 0 -> 1
Cell (virus_3119328,host_159330): 0 -> 1
Cell (virus_3119328,host_452654): 0 -> 1
Cell (virus_3119328,host_385037): 0 -> 1
Cell (virus_3119328,host_155035): 0 -> 1
Cell (virus_3119328,host_633648): 0 -> 1
Cell (virus_3119328,host_258925): 0 -> 1
Cell (virus_3119328,host_177185): 0 -> 1
Cell (virus_3119328,host_187017): 0 -> 1
Cell (virus_3119328,host_159858): 0 -> 1
Cell (virus_3119328,host_169756): 0 -> 1
Cell (virus_3119328,host_188570): 0 -> 1
Cell (virus_3119328,host_196889): 0 -> 1
Cell (virus_3119328,host_867892): 0 -> 1
Cell (virus_3119328,host_476588): 0 -> 1
Cell (virus_3119328,host_337452): 0 -> 1
Cell (virus_3119328,host_76837): 0 -> 1
Cell (virus_3119328,host_178895): 0 -> 1
Cell (virus_3119328,host_608708): 0 -> 1
Cell (virus_3119328,host_59477): 0 -> 1
Cell (virus_3119328,host_166054): 0 -> 1
Cell (virus_3119328,host_385575): 0 -> 1
Cell (virus_3119328,host_9402): 0 -> 1
Cell (virus_3119328,host_9403): 0 -> 1
Cell (virus_3119328,host_1410044): 0 -> 1
Cell (virus_3119328,host_1898389): 0 -> 1
Cell (virus_3119328,host_77231): 0 -> 1
Cell (virus_3119328,host_2853157): 0 -> 1
Cell (virus_3119328,host_58067): 0 -> 1
Cell (virus_3119328,host_498220): 0 -> 1
Cell (virus_3119328,host_448084): 0 -> 1
Cell (virus_3119328,host_77243): 0 -> 1
Cell (virus_3119328,host_58073): 0 -> 1
Cell (virus_3119328,host_58083): 0 -> 1
Cell (virus_3119328,host_77223): 0 -> 1
Cell (virus_3119328,host_9408): 0 -> 1
Cell (virus_3119328,host_58063): 0 -> 1
Cell (virus_3119328,host_77214): 0 -> 1
Cell (virus_3119328,host_1898386): 0 -> 1
Cell (virus_3119328,host_374419): 0 -> 1
Cell (virus_3119328,host_326081): 0 -> 1
Cell (virus_3119328,host_326151): 0 -> 1
Cell (virus_3119328,host_148094): 0 -> 1
Cell (virus_3119328,host_574064): 0 -> 1
Cell (virus_3119328,host_27634): 0 -> 1
Cell (virus_3119328,host_40228): 0 -> 1
Cell (virus_3119328,host_40230): 0 -> 1
Cell (virus_3119328,host_51012): 0 -> 1
Cell (virus_3119328,host_3042450): 0 -> 1
Cell (virus_3119328,host_59472): 0 -> 1
Cell (virus_3119328,host_291302): 0 -> 1
Cell (virus_3119328,host_27622): 0 -> 1
Cell (virus_3119328,host_3041509): 0 -> 1
Cell (virus_3119328,host_2218597): 0 -> 1
Cell (virus_3119328,host_258867): 0 -> 1
Cell (virus_3119328,host_242384): 0 -> 1
Cell (virus_3119328,host_258863): 0 -> 1
Cell (virus_3119328,host_9438): 0 -> 1
Cell (virus_3119328,host_249034): 0 -> 1
Cell (virus_3119328,host_258952): 0 -> 1
Cell (virus_3119328,host_258953): 0 -> 1
Cell (virus_3119328,host_249033): 0 -> 1
Cell (virus_3119328,host_258909): 0 -> 1
Cell (virus_3119328,host_909369): 0 -> 1
Cell (virus_3119328,host_29078): 0 -> 1
Cell (virus_3119328,host_3371014): 0 -> 1
Cell (virus_3119328,host_3371016): 0 -> 1
Cell (virus_3119328,host_3371021): 0 -> 1
Cell (virus_3119328,host_360967): 0 -> 1
Cell (virus_3119328,host_109485): 0 -> 1
Cell (virus_3119328,host_59474): 0 -> 1
Cell (virus_3119328,host_999321): 0 -> 1
Cell (virus_3119328,host_867834): 0 -> 1
Cell (virus_3119328,host_258889): 0 -> 1
Cell (virus_3119328,host_2491053): 0 -> 1
Cell (virus_3119328,host_110938): 0 -> 1
Cell (virus_3119328,host_258944): 0 -> 1
Cell (virus_3119328,host_258959): 0 -> 1
Cell (virus_3119328,host_59485): 0 -> 1
Cell (virus_3119329,host_105295): 0 -> 1
Cell (virus_3119329,host_51300): 0 -> 1
Cell (virus_3119329,host_294653): 0 -> 1
Cell (virus_3119329,host_59473): 0 -> 1
Cell (virus_3119329,host_3380546): 0 -> 1
Cell (virus_3119329,host_9435): 0 -> 1
Cell (virus_3119329,host_257882): 0 -> 1
Cell (virus_3119329,host_109480): 0 -> 1
Cell (virus_3119329,host_160974): 0 -> 1
Cell (virus_3119329,host_519446): 0 -> 1
Cell (virus_3119329,host_109481): 0 -> 1
Cell (virus_3119329,host_2528591): 0 -> 1
Cell (virus_3119329,host_412095): 0 -> 1
Cell (virus_3119329,host_225399): 0 -> 1
Cell (virus_3119329,host_386774): 0 -> 1
Cell (virus_3119329,host_392318): 0 -> 1
Cell (virus_3119329,host_138977): 0 -> 1
Cell (virus_3119329,host_138979): 0 -> 1
Cell (virus_3119329,host_159330): 0 -> 1
Cell (virus_3119329,host_452654): 0 -> 1
Cell (virus_3119329,host_385037): 0 -> 1
Cell (virus_3119329,host_155035): 0 -> 1
Cell (virus_3119329,host_633648): 0 -> 1
Cell (virus_3119329,host_258925): 0 -> 1
Cell (virus_3119329,host_177185): 0 -> 1
Cell (virus_3119329,host_187017): 0 -> 1
Cell (virus_3119329,host_159858): 0 -> 1
Cell (virus_3119329,host_169756): 0 -> 1
Cell (virus_3119329,host_188570): 0 -> 1
Cell (virus_3119329,host_196889): 0 -> 1
Cell (virus_3119329,host_867892): 0 -> 1
Cell (virus_3119329,host_476588): 0 -> 1
Cell (virus_3119329,host_337452): 0 -> 1
Cell (virus_3119329,host_76837): 0 -> 1
Cell (virus_3119329,host_178895): 0 -> 1
Cell (virus_3119329,host_608708): 0 -> 1
Cell (virus_3119329,host_59477): 0 -> 1
Cell (virus_3119329,host_166054): 0 -> 1
Cell (virus_3119329,host_385575): 0 -> 1
Cell (virus_3119329,host_9402): 0 -> 1
Cell (virus_3119329,host_9403): 0 -> 1
Cell (virus_3119329,host_1410044): 0 -> 1
Cell (virus_3119329,host_1898389): 0 -> 1
Cell (virus_3119329,host_77231): 0 -> 1
Cell (virus_3119329,host_2853157): 0 -> 1
Cell (virus_3119329,host_58067): 0 -> 1
Cell (virus_3119329,host_498220): 0 -> 1
Cell (virus_3119329,host_448084): 0 -> 1
Cell (virus_3119329,host_77243): 0 -> 1
Cell (virus_3119329,host_58073): 0 -> 1
Cell (virus_3119329,host_58083): 0 -> 1
Cell (virus_3119329,host_77223): 0 -> 1
Cell (virus_3119329,host_9408): 0 -> 1
Cell (virus_3119329,host_58063): 0 -> 1
Cell (virus_3119329,host_77214): 0 -> 1
Cell (virus_3119329,host_1898386): 0 -> 1
Cell (virus_3119329,host_298110): 0 -> 1
Cell (virus_3119329,host_374419): 0 -> 1
Cell (virus_3119329,host_326081): 0 -> 1
Cell (virus_3119329,host_326151): 0 -> 1
Cell (virus_3119329,host_148094): 0 -> 1
Cell (virus_3119329,host_574064): 0 -> 1
Cell (virus_3119329,host_27634): 0 -> 1
Cell (virus_3119329,host_40228): 0 -> 1
Cell (virus_3119329,host_40230): 0 -> 1
Cell (virus_3119329,host_51012): 0 -> 1
Cell (virus_3119329,host_3042450): 0 -> 1
Cell (virus_3119329,host_59472): 0 -> 1
Cell (virus_3119329,host_291302): 0 -> 1
Cell (virus_3119329,host_27622): 0 -> 1
Cell (virus_3119329,host_3041509): 0 -> 1
Cell (virus_3119329,host_2218597): 0 -> 1
Cell (virus_3119329,host_258867): 0 -> 1
Cell (virus_3119329,host_242384): 0 -> 1
Cell (virus_3119329,host_258863): 0 -> 1
Cell (virus_3119329,host_9438): 0 -> 1
Cell (virus_3119329,host_249034): 0 -> 1
Cell (virus_3119329,host_258952): 0 -> 1
Cell (virus_3119329,host_258953): 0 -> 1
Cell (virus_3119329,host_249033): 0 -> 1
Cell (virus_3119329,host_258909): 0 -> 1
Cell (virus_3119329,host_909369): 0 -> 1
Cell (virus_3119329,host_29078): 0 -> 1
Cell (virus_3119329,host_3371014): 0 -> 1
Cell (virus_3119329,host_3371016): 0 -> 1
Cell (virus_3119329,host_3371021): 0 -> 1
Cell (virus_3119329,host_360967): 0 -> 1
Cell (virus_3119329,host_59474): 0 -> 1
Cell (virus_3119329,host_999321): 0 -> 1
Cell (virus_3119329,host_867834): 0 -> 1
Cell (virus_3119329,host_258889): 0 -> 1
Cell (virus_3119329,host_2491053): 0 -> 1
Cell (virus_3119329,host_110938): 0 -> 1
Cell (virus_3119329,host_258944): 0 -> 1
Cell (virus_3119329,host_59485): 0 -> 1
Cell (virus_2991941,host_105295): 0 -> 1
Cell (virus_2991941,host_51300): 0 -> 1
Cell (virus_2991941,host_294653): 0 -> 1
Cell (virus_2991941,host_59473): 0 -> 1
Cell (virus_2991941,host_3380546): 0 -> 1
Cell (virus_2991941,host_9435): 0 -> 1
Cell (virus_2991941,host_257882): 0 -> 1
Cell (virus_2991941,host_109480): 0 -> 1
Cell (virus_2991941,host_160974): 0 -> 1
Cell (virus_2991941,host_519446): 0 -> 1
Cell (virus_2991941,host_109481): 0 -> 1
Cell (virus_2991941,host_2528591): 0 -> 1
Cell (virus_2991941,host_109482): 0 -> 1
Cell (virus_2991941,host_412095): 0 -> 1
Cell (virus_2991941,host_225399): 0 -> 1
Cell (virus_2991941,host_386774): 0 -> 1
Cell (virus_2991941,host_392318): 0 -> 1
Cell (virus_2991941,host_138977): 0 -> 1
Cell (virus_2991941,host_138979): 0 -> 1
Cell (virus_2991941,host_159330): 0 -> 1
Cell (virus_2991941,host_452654): 0 -> 1
Cell (virus_2991941,host_385037): 0 -> 1
Cell (virus_2991941,host_155035): 0 -> 1
Cell (virus_2991941,host_633648): 0 -> 1
Cell (virus_2991941,host_258925): 0 -> 1
Cell (virus_2991941,host_177185): 0 -> 1
Cell (virus_2991941,host_187017): 0 -> 1
Cell (virus_2991941,host_159858): 0 -> 1
Cell (virus_2991941,host_169756): 0 -> 1
Cell (virus_2991941,host_188570): 0 -> 1
Cell (virus_2991941,host_196889): 0 -> 1
Cell (virus_2991941,host_867892): 0 -> 1
Cell (virus_2991941,host_476588): 0 -> 1
Cell (virus_2991941,host_337452): 0 -> 1
Cell (virus_2991941,host_76837): 0 -> 1
Cell (virus_2991941,host_178895): 0 -> 1
Cell (virus_2991941,host_608708): 0 -> 1
Cell (virus_2991941,host_59477): 0 -> 1
Cell (virus_2991941,host_166054): 0 -> 1
Cell (virus_2991941,host_385575): 0 -> 1
Cell (virus_2991941,host_9402): 0 -> 1
Cell (virus_2991941,host_9403): 0 -> 1
Cell (virus_2991941,host_1410044): 0 -> 1
Cell (virus_2991941,host_1898389): 0 -> 1
Cell (virus_2991941,host_77231): 0 -> 1
Cell (virus_2991941,host_2853157): 0 -> 1
Cell (virus_2991941,host_58067): 0 -> 1
Cell (virus_2991941,host_498220): 0 -> 1
Cell (virus_2991941,host_448084): 0 -> 1
Cell (virus_2991941,host_77243): 0 -> 1
Cell (virus_2991941,host_58073): 0 -> 1
Cell (virus_2991941,host_58083): 0 -> 1
Cell (virus_2991941,host_77223): 0 -> 1
Cell (virus_2991941,host_9408): 0 -> 1
Cell (virus_2991941,host_58063): 0 -> 1
Cell (virus_2991941,host_77214): 0 -> 1
Cell (virus_2991941,host_1898386): 0 -> 1
Cell (virus_2991941,host_298110): 0 -> 1
Cell (virus_2991941,host_374419): 0 -> 1
Cell (virus_2991941,host_326081): 0 -> 1
Cell (virus_2991941,host_326151): 0 -> 1
Cell (virus_2991941,host_148094): 0 -> 1
Cell (virus_2991941,host_574064): 0 -> 1
Cell (virus_2991941,host_27634): 0 -> 1
Cell (virus_2991941,host_40228): 0 -> 1
Cell (virus_2991941,host_40230): 0 -> 1
Cell (virus_2991941,host_3042450): 0 -> 1
Cell (virus_2991941,host_59472): 0 -> 1
Cell (virus_2991941,host_291302): 0 -> 1
Cell (virus_2991941,host_27622): 0 -> 1
Cell (virus_2991941,host_3041509): 0 -> 1
Cell (virus_2991941,host_2218597): 0 -> 1
Cell (virus_2991941,host_258867): 0 -> 1
Cell (virus_2991941,host_242384): 0 -> 1
Cell (virus_2991941,host_258863): 0 -> 1
Cell (virus_2991941,host_9438): 0 -> 1
Cell (virus_2991941,host_249034): 0 -> 1
Cell (virus_2991941,host_258953): 0 -> 1
Cell (virus_2991941,host_249033): 0 -> 1
Cell (virus_2991941,host_258909): 0 -> 1
Cell (virus_2991941,host_909369): 0 -> 1
Cell (virus_2991941,host_29078): 0 -> 1
Cell (virus_2991941,host_3371014): 0 -> 1
Cell (virus_2991941,host_3371016): 0 -> 1
Cell (virus_2991941,host_3371021): 0 -> 1
Cell (virus_2991941,host_360967): 0 -> 1
Cell (virus_2991941,host_109485): 0 -> 1
Cell (virus_2991941,host_59474): 0 -> 1
Cell (virus_2991941,host_999321): 0 -> 1
Cell (virus_2991941,host_867834): 0 -> 1
Cell (virus_2991941,host_258889): 0 -> 1
Cell (virus_2991941,host_2491053): 0 -> 1
Cell (virus_2991941,host_110938): 0 -> 1
Cell (virus_2991941,host_258944): 0 -> 1
Cell (virus_2991941,host_59485): 0 -> 1
Cell (virus_2993504,host_105295): 0 -> 1
Cell (virus_2993504,host_51300): 0 -> 1
Cell (virus_2993504,host_294653): 0 -> 1
Cell (virus_2993504,host_59473): 0 -> 1
Cell (virus_2993504,host_3380546): 0 -> 1
Cell (virus_2993504,host_9435): 0 -> 1
Cell (virus_2993504,host_257882): 0 -> 1
Cell (virus_2993504,host_109480): 0 -> 1
Cell (virus_2993504,host_160974): 0 -> 1
Cell (virus_2993504,host_519446): 0 -> 1
Cell (virus_2993504,host_109481): 0 -> 1
Cell (virus_2993504,host_2528591): 0 -> 1
Cell (virus_2993504,host_109482): 0 -> 1
Cell (virus_2993504,host_412095): 0 -> 1
Cell (virus_2993504,host_225399): 0 -> 1
Cell (virus_2993504,host_386774): 0 -> 1
Cell (virus_2993504,host_392318): 0 -> 1
Cell (virus_2993504,host_138977): 0 -> 1
Cell (virus_2993504,host_138979): 0 -> 1
Cell (virus_2993504,host_159330): 0 -> 1
Cell (virus_2993504,host_452654): 0 -> 1
Cell (virus_2993504,host_385037): 0 -> 1
Cell (virus_2993504,host_155035): 0 -> 1
Cell (virus_2993504,host_633648): 0 -> 1
Cell (virus_2993504,host_258925): 0 -> 1
Cell (virus_2993504,host_177185): 0 -> 1
Cell (virus_2993504,host_187017): 0 -> 1
Cell (virus_2993504,host_159858): 0 -> 1
Cell (virus_2993504,host_169756): 0 -> 1
Cell (virus_2993504,host_188570): 0 -> 1
Cell (virus_2993504,host_196889): 0 -> 1
Cell (virus_2993504,host_867892): 0 -> 1
Cell (virus_2993504,host_476588): 0 -> 1
Cell (virus_2993504,host_337452): 0 -> 1
Cell (virus_2993504,host_76837): 0 -> 1
Cell (virus_2993504,host_178895): 0 -> 1
Cell (virus_2993504,host_608708): 0 -> 1
Cell (virus_2993504,host_59477): 0 -> 1
Cell (virus_2993504,host_166054): 0 -> 1
Cell (virus_2993504,host_385575): 0 -> 1
Cell (virus_2993504,host_9402): 0 -> 1
Cell (virus_2993504,host_9403): 0 -> 1
Cell (virus_2993504,host_1410044): 0 -> 1
Cell (virus_2993504,host_1898389): 0 -> 1
Cell (virus_2993504,host_77231): 0 -> 1
Cell (virus_2993504,host_2853157): 0 -> 1
Cell (virus_2993504,host_58067): 0 -> 1
Cell (virus_2993504,host_498220): 0 -> 1
Cell (virus_2993504,host_448084): 0 -> 1
Cell (virus_2993504,host_77243): 0 -> 1
Cell (virus_2993504,host_58073): 0 -> 1
Cell (virus_2993504,host_58083): 0 -> 1
Cell (virus_2993504,host_77223): 0 -> 1
Cell (virus_2993504,host_9408): 0 -> 1
Cell (virus_2993504,host_58063): 0 -> 1
Cell (virus_2993504,host_77214): 0 -> 1
Cell (virus_2993504,host_1898386): 0 -> 1
Cell (virus_2993504,host_298110): 0 -> 1
Cell (virus_2993504,host_374419): 0 -> 1
Cell (virus_2993504,host_326081): 0 -> 1
Cell (virus_2993504,host_326151): 0 -> 1
Cell (virus_2993504,host_148094): 0 -> 1
Cell (virus_2993504,host_574064): 0 -> 1
Cell (virus_2993504,host_27634): 0 -> 1
Cell (virus_2993504,host_40228): 0 -> 1
Cell (virus_2993504,host_40230): 0 -> 1
Cell (virus_2993504,host_3042450): 0 -> 1
Cell (virus_2993504,host_59472): 0 -> 1
Cell (virus_2993504,host_291302): 0 -> 1
Cell (virus_2993504,host_27622): 0 -> 1
Cell (virus_2993504,host_3041509): 0 -> 1
Cell (virus_2993504,host_2218597): 0 -> 1
Cell (virus_2993504,host_258867): 0 -> 1
Cell (virus_2993504,host_242384): 0 -> 1
Cell (virus_2993504,host_258863): 0 -> 1
Cell (virus_2993504,host_9438): 0 -> 1
Cell (virus_2993504,host_249034): 0 -> 1
Cell (virus_2993504,host_258953): 0 -> 1
Cell (virus_2993504,host_249033): 0 -> 1
Cell (virus_2993504,host_258909): 0 -> 1
Cell (virus_2993504,host_909369): 0 -> 1
Cell (virus_2993504,host_29078): 0 -> 1
Cell (virus_2993504,host_3371014): 0 -> 1
Cell (virus_2993504,host_3371016): 0 -> 1
Cell (virus_2993504,host_3371021): 0 -> 1
Cell (virus_2993504,host_360967): 0 -> 1
Cell (virus_2993504,host_59474): 0 -> 1
Cell (virus_2993504,host_999321): 0 -> 1
Cell (virus_2993504,host_867834): 0 -> 1
Cell (virus_2993504,host_258889): 0 -> 1
Cell (virus_2993504,host_2491053): 0 -> 1
Cell (virus_2993504,host_110938): 0 -> 1
Cell (virus_2993504,host_258944): 0 -> 1
Cell (virus_2993504,host_59485): 0 -> 1
Cell (virus_1335626,host_105295): 0 -> 1
Cell (virus_1335626,host_51300): 0 -> 1
Cell (virus_1335626,host_294653): 0 -> 1
Cell (virus_1335626,host_59473): 0 -> 1
Cell (virus_1335626,host_3380546): 0 -> 1
Cell (virus_1335626,host_9435): 0 -> 1
Cell (virus_1335626,host_257882): 0 -> 1
Cell (virus_1335626,host_109480): 0 -> 1
Cell (virus_1335626,host_160974): 0 -> 1
Cell (virus_1335626,host_519446): 0 -> 1
Cell (virus_1335626,host_109481): 0 -> 1
Cell (virus_1335626,host_2528591): 0 -> 1
Cell (virus_1335626,host_412095): 0 -> 1
Cell (virus_1335626,host_225399): 0 -> 1
Cell (virus_1335626,host_386774): 0 -> 1
Cell (virus_1335626,host_392004): 0 -> 1
Cell (virus_1335626,host_392318): 0 -> 1
Cell (virus_1335626,host_138977): 0 -> 1
Cell (virus_1335626,host_138979): 0 -> 1
Cell (virus_1335626,host_159330): 0 -> 1
Cell (virus_1335626,host_452654): 0 -> 1
Cell (virus_1335626,host_385037): 0 -> 1
Cell (virus_1335626,host_155035): 0 -> 1
Cell (virus_1335626,host_633648): 0 -> 1
Cell (virus_1335626,host_258925): 0 -> 1
Cell (virus_1335626,host_177185): 0 -> 1
Cell (virus_1335626,host_187017): 0 -> 1
Cell (virus_1335626,host_159858): 0 -> 1
Cell (virus_1335626,host_169756): 0 -> 1
Cell (virus_1335626,host_188570): 0 -> 1
Cell (virus_1335626,host_196296): 0 -> 1
Cell (virus_1335626,host_196889): 0 -> 1
Cell (virus_1335626,host_867892): 0 -> 1
Cell (virus_1335626,host_476588): 0 -> 1
Cell (virus_1335626,host_337452): 0 -> 1
Cell (virus_1335626,host_76837): 0 -> 1
Cell (virus_1335626,host_320431): 0 -> 1
Cell (virus_1335626,host_178895): 0 -> 1
Cell (virus_1335626,host_608708): 0 -> 1
Cell (virus_1335626,host_59477): 0 -> 1
Cell (virus_1335626,host_166054): 0 -> 1
Cell (virus_1335626,host_196297): 0 -> 1
Cell (virus_1335626,host_385575): 0 -> 1
Cell (virus_1335626,host_9402): 0 -> 1
Cell (virus_1335626,host_9403): 0 -> 1
Cell (virus_1335626,host_1410044): 0 -> 1
Cell (virus_1335626,host_1898389): 0 -> 1
Cell (virus_1335626,host_77231): 0 -> 1
Cell (virus_1335626,host_2853157): 0 -> 1
Cell (virus_1335626,host_58067): 0 -> 1
Cell (virus_1335626,host_498220): 0 -> 1
Cell (virus_1335626,host_448084): 0 -> 1
Cell (virus_1335626,host_77243): 0 -> 1
Cell (virus_1335626,host_58073): 0 -> 1
Cell (virus_1335626,host_58083): 0 -> 1
Cell (virus_1335626,host_77223): 0 -> 1
Cell (virus_1335626,host_9408): 0 -> 1
Cell (virus_1335626,host_58063): 0 -> 1
Cell (virus_1335626,host_77214): 0 -> 1
Cell (virus_1335626,host_1898386): 0 -> 1
Cell (virus_1335626,host_298110): 0 -> 1
Cell (virus_1335626,host_374419): 0 -> 1
Cell (virus_1335626,host_326081): 0 -> 1
Cell (virus_1335626,host_326151): 0 -> 1
Cell (virus_1335626,host_138695): 0 -> 1
Cell (virus_1335626,host_208969): 0 -> 1
Cell (virus_1335626,host_40233): 0 -> 1
Cell (virus_1335626,host_148094): 0 -> 1
Cell (virus_1335626,host_27663): 0 -> 1
Cell (virus_1335626,host_410852): 0 -> 1
Cell (virus_1335626,host_574064): 0 -> 1
Cell (virus_1335626,host_27634): 0 -> 1
Cell (virus_1335626,host_40228): 0 -> 1
Cell (virus_1335626,host_40230): 0 -> 1
Cell (virus_1335626,host_40224): 0 -> 1
Cell (virus_1335626,host_192403): 0 -> 1
Cell (virus_1335626,host_27660): 0 -> 1
Cell (virus_1335626,host_177160): 0 -> 1
Cell (virus_1335626,host_27638): 0 -> 1
Cell (virus_1335626,host_2994998): 0 -> 1
Cell (virus_1335626,host_27642): 0 -> 1
Cell (virus_1335626,host_9423): 0 -> 1
Cell (virus_1335626,host_148061): 0 -> 1
Cell (virus_1335626,host_148089): 0 -> 1
Cell (virus_1335626,host_9430): 0 -> 1
Cell (virus_1335626,host_3042450): 0 -> 1
Cell (virus_1335626,host_59472): 0 -> 1
Cell (virus_1335626,host_1434095): 0 -> 1
Cell (virus_1335626,host_221086): 0 -> 1
Cell (virus_1335626,host_291302): 0 -> 1
Cell (virus_1335626,host_27622): 0 -> 1
Cell (virus_1335626,host_3041509): 0 -> 1
Cell (virus_1335626,host_2218597): 0 -> 1
Cell (virus_1335626,host_258867): 0 -> 1
Cell (virus_1335626,host_242384): 0 -> 1
Cell (virus_1335626,host_258863): 0 -> 1
Cell (virus_1335626,host_9438): 0 -> 1
Cell (virus_1335626,host_249034): 0 -> 1
Cell (virus_1335626,host_258952): 0 -> 1
Cell (virus_1335626,host_258953): 0 -> 1
Cell (virus_1335626,host_249033): 0 -> 1
Cell (virus_1335626,host_272799): 0 -> 1
Cell (virus_1335626,host_258909): 0 -> 1
Cell (virus_1335626,host_909369): 0 -> 1
Cell (virus_1335626,host_29078): 0 -> 1
Cell (virus_1335626,host_3371014): 0 -> 1
Cell (virus_1335626,host_3371016): 0 -> 1
Cell (virus_1335626,host_3371021): 0 -> 1
Cell (virus_1335626,host_360967): 0 -> 1
Cell (virus_1335626,host_59474): 0 -> 1
Cell (virus_1335626,host_999321): 0 -> 1
Cell (virus_1335626,host_867834): 0 -> 1
Cell (virus_1335626,host_258889): 0 -> 1
Cell (virus_1335626,host_2491053): 0 -> 1
Cell (virus_1335626,host_110938): 0 -> 1
Cell (virus_1335626,host_258944): 0 -> 1
Cell (virus_1335626,host_59485): 0 -> 1
Cell (virus_3433633,host_105295): 0 -> 1
Cell (virus_3433633,host_51300): 0 -> 1
Cell (virus_3433633,host_294653): 0 -> 1
Cell (virus_3433633,host_59473): 0 -> 1
Cell (virus_3433633,host_3380546): 0 -> 1
Cell (virus_3433633,host_9435): 0 -> 1
Cell (virus_3433633,host_257882): 0 -> 1
Cell (virus_3433633,host_109480): 0 -> 1
Cell (virus_3433633,host_160974): 0 -> 1
Cell (virus_3433633,host_519446): 0 -> 1
Cell (virus_3433633,host_109481): 0 -> 1
Cell (virus_3433633,host_2528591): 0 -> 1
Cell (virus_3433633,host_412095): 0 -> 1
Cell (virus_3433633,host_225399): 0 -> 1
Cell (virus_3433633,host_386774): 0 -> 1
Cell (virus_3433633,host_392004): 0 -> 1
Cell (virus_3433633,host_392318): 0 -> 1
Cell (virus_3433633,host_138977): 0 -> 1
Cell (virus_3433633,host_138979): 0 -> 1
Cell (virus_3433633,host_159330): 0 -> 1
Cell (virus_3433633,host_452654): 0 -> 1
Cell (virus_3433633,host_385037): 0 -> 1
Cell (virus_3433633,host_155035): 0 -> 1
Cell (virus_3433633,host_633648): 0 -> 1
Cell (virus_3433633,host_258925): 0 -> 1
Cell (virus_3433633,host_177185): 0 -> 1
Cell (virus_3433633,host_187017): 0 -> 1
Cell (virus_3433633,host_159858): 0 -> 1
Cell (virus_3433633,host_169756): 0 -> 1
Cell (virus_3433633,host_188570): 0 -> 1
Cell (virus_3433633,host_196296): 0 -> 1
Cell (virus_3433633,host_196889): 0 -> 1
Cell (virus_3433633,host_867892): 0 -> 1
Cell (virus_3433633,host_476588): 0 -> 1
Cell (virus_3433633,host_337452): 0 -> 1
Cell (virus_3433633,host_76837): 0 -> 1
Cell (virus_3433633,host_320431): 0 -> 1
Cell (virus_3433633,host_178895): 0 -> 1
Cell (virus_3433633,host_608708): 0 -> 1
Cell (virus_3433633,host_59477): 0 -> 1
Cell (virus_3433633,host_166054): 0 -> 1
Cell (virus_3433633,host_196297): 0 -> 1
Cell (virus_3433633,host_385575): 0 -> 1
Cell (virus_3433633,host_9402): 0 -> 1
Cell (virus_3433633,host_9403): 0 -> 1
Cell (virus_3433633,host_1410044): 0 -> 1
Cell (virus_3433633,host_1898389): 0 -> 1
Cell (virus_3433633,host_77231): 0 -> 1
Cell (virus_3433633,host_2853157): 0 -> 1
Cell (virus_3433633,host_58067): 0 -> 1
Cell (virus_3433633,host_498220): 0 -> 1
Cell (virus_3433633,host_448084): 0 -> 1
Cell (virus_3433633,host_77243): 0 -> 1
Cell (virus_3433633,host_58073): 0 -> 1
Cell (virus_3433633,host_58083): 0 -> 1
Cell (virus_3433633,host_77223): 0 -> 1
Cell (virus_3433633,host_9408): 0 -> 1
Cell (virus_3433633,host_58063): 0 -> 1
Cell (virus_3433633,host_77214): 0 -> 1
Cell (virus_3433633,host_1898386): 0 -> 1
Cell (virus_3433633,host_298110): 0 -> 1
Cell (virus_3433633,host_374419): 0 -> 1
Cell (virus_3433633,host_326081): 0 -> 1
Cell (virus_3433633,host_326151): 0 -> 1
Cell (virus_3433633,host_138695): 0 -> 1
Cell (virus_3433633,host_208969): 0 -> 1
Cell (virus_3433633,host_40233): 0 -> 1
Cell (virus_3433633,host_148094): 0 -> 1
Cell (virus_3433633,host_27663): 0 -> 1
Cell (virus_3433633,host_410852): 0 -> 1
Cell (virus_3433633,host_574064): 0 -> 1
Cell (virus_3433633,host_27634): 0 -> 1
Cell (virus_3433633,host_40228): 0 -> 1
Cell (virus_3433633,host_40230): 0 -> 1
Cell (virus_3433633,host_40224): 0 -> 1
Cell (virus_3433633,host_192403): 0 -> 1
Cell (virus_3433633,host_27660): 0 -> 1
Cell (virus_3433633,host_177160): 0 -> 1
Cell (virus_3433633,host_27638): 0 -> 1
Cell (virus_3433633,host_2994998): 0 -> 1
Cell (virus_3433633,host_27642): 0 -> 1
Cell (virus_3433633,host_9423): 0 -> 1
Cell (virus_3433633,host_148061): 0 -> 1
Cell (virus_3433633,host_148089): 0 -> 1
Cell (virus_3433633,host_9430): 0 -> 1
Cell (virus_3433633,host_3042450): 0 -> 1
Cell (virus_3433633,host_59472): 0 -> 1
Cell (virus_3433633,host_1434095): 0 -> 1
Cell (virus_3433633,host_221086): 0 -> 1
Cell (virus_3433633,host_291302): 0 -> 1
Cell (virus_3433633,host_27622): 0 -> 1
Cell (virus_3433633,host_3041509): 0 -> 1
Cell (virus_3433633,host_2218597): 0 -> 1
Cell (virus_3433633,host_258867): 0 -> 1
Cell (virus_3433633,host_242384): 0 -> 1
Cell (virus_3433633,host_258863): 0 -> 1
Cell (virus_3433633,host_9438): 0 -> 1
Cell (virus_3433633,host_249034): 0 -> 1
Cell (virus_3433633,host_258952): 0 -> 1
Cell (virus_3433633,host_258953): 0 -> 1
Cell (virus_3433633,host_249033): 0 -> 1
Cell (virus_3433633,host_272799): 0 -> 1
Cell (virus_3433633,host_258909): 0 -> 1
Cell (virus_3433633,host_909369): 0 -> 1
Cell (virus_3433633,host_29078): 0 -> 1
Cell (virus_3433633,host_3371014): 0 -> 1
Cell (virus_3433633,host_3371016): 0 -> 1
Cell (virus_3433633,host_3371021): 0 -> 1
Cell (virus_3433633,host_360967): 0 -> 1
Cell (virus_3433633,host_59474): 0 -> 1
Cell (virus_3433633,host_999321): 0 -> 1
Cell (virus_3433633,host_867834): 0 -> 1
Cell (virus_3433633,host_258889): 0 -> 1
Cell (virus_3433633,host_2491053): 0 -> 1
Cell (virus_3433633,host_110938): 0 -> 1
Cell (virus_3433633,host_258944): 0 -> 1
Cell (virus_3433633,host_59485): 0 -> 1
Cell (virus_1508220,host_105295): 0 -> 1
Cell (virus_1508220,host_51300): 0 -> 1
Cell (virus_1508220,host_294653): 0 -> 1
Cell (virus_1508220,host_59473): 0 -> 1
Cell (virus_1508220,host_3380546): 0 -> 1
Cell (virus_1508220,host_9435): 0 -> 1
Cell (virus_1508220,host_257882): 0 -> 1
Cell (virus_1508220,host_109480): 0 -> 1
Cell (virus_1508220,host_160974): 0 -> 1
Cell (virus_1508220,host_519446): 0 -> 1
Cell (virus_1508220,host_109481): 0 -> 1
Cell (virus_1508220,host_2528591): 0 -> 1
Cell (virus_1508220,host_412095): 0 -> 1
Cell (virus_1508220,host_225399): 0 -> 1
Cell (virus_1508220,host_386774): 0 -> 1
Cell (virus_1508220,host_392004): 0 -> 1
Cell (virus_1508220,host_392318): 0 -> 1
Cell (virus_1508220,host_138977): 0 -> 1
Cell (virus_1508220,host_138979): 0 -> 1
Cell (virus_1508220,host_159330): 0 -> 1
Cell (virus_1508220,host_452654): 0 -> 1
Cell (virus_1508220,host_385037): 0 -> 1
Cell (virus_1508220,host_155035): 0 -> 1
Cell (virus_1508220,host_633648): 0 -> 1
Cell (virus_1508220,host_258925): 0 -> 1
Cell (virus_1508220,host_177185): 0 -> 1
Cell (virus_1508220,host_187017): 0 -> 1
Cell (virus_1508220,host_159858): 0 -> 1
Cell (virus_1508220,host_169756): 0 -> 1
Cell (virus_1508220,host_188570): 0 -> 1
Cell (virus_1508220,host_196296): 0 -> 1
Cell (virus_1508220,host_196889): 0 -> 1
Cell (virus_1508220,host_867892): 0 -> 1
Cell (virus_1508220,host_476588): 0 -> 1
Cell (virus_1508220,host_337452): 0 -> 1
Cell (virus_1508220,host_76837): 0 -> 1
Cell (virus_1508220,host_320431): 0 -> 1
Cell (virus_1508220,host_178895): 0 -> 1
Cell (virus_1508220,host_608708): 0 -> 1
Cell (virus_1508220,host_59477): 0 -> 1
Cell (virus_1508220,host_166054): 0 -> 1
Cell (virus_1508220,host_196297): 0 -> 1
Cell (virus_1508220,host_385575): 0 -> 1
Cell (virus_1508220,host_9402): 0 -> 1
Cell (virus_1508220,host_9403): 0 -> 1
Cell (virus_1508220,host_1410044): 0 -> 1
Cell (virus_1508220,host_1898389): 0 -> 1
Cell (virus_1508220,host_77231): 0 -> 1
Cell (virus_1508220,host_2853157): 0 -> 1
Cell (virus_1508220,host_58067): 0 -> 1
Cell (virus_1508220,host_498220): 0 -> 1
Cell (virus_1508220,host_448084): 0 -> 1
Cell (virus_1508220,host_77243): 0 -> 1
Cell (virus_1508220,host_58073): 0 -> 1
Cell (virus_1508220,host_58083): 0 -> 1
Cell (virus_1508220,host_77223): 0 -> 1
Cell (virus_1508220,host_58063): 0 -> 1
Cell (virus_1508220,host_77214): 0 -> 1
Cell (virus_1508220,host_1898386): 0 -> 1
Cell (virus_1508220,host_298110): 0 -> 1
Cell (virus_1508220,host_374419): 0 -> 1
Cell (virus_1508220,host_326081): 0 -> 1
Cell (virus_1508220,host_326151): 0 -> 1
Cell (virus_1508220,host_326083): 0 -> 1
Cell (virus_1508220,host_138695): 0 -> 1
Cell (virus_1508220,host_208969): 0 -> 1
Cell (virus_1508220,host_40233): 0 -> 1
Cell (virus_1508220,host_148094): 0 -> 1
Cell (virus_1508220,host_27663): 0 -> 1
Cell (virus_1508220,host_410852): 0 -> 1
Cell (virus_1508220,host_574064): 0 -> 1
Cell (virus_1508220,host_27634): 0 -> 1
Cell (virus_1508220,host_40228): 0 -> 1
Cell (virus_1508220,host_40230): 0 -> 1
Cell (virus_1508220,host_40224): 0 -> 1
Cell (virus_1508220,host_192403): 0 -> 1
Cell (virus_1508220,host_27660): 0 -> 1
Cell (virus_1508220,host_177160): 0 -> 1
Cell (virus_1508220,host_27638): 0 -> 1
Cell (virus_1508220,host_2994998): 0 -> 1
Cell (virus_1508220,host_27642): 0 -> 1
Cell (virus_1508220,host_148061): 0 -> 1
Cell (virus_1508220,host_148089): 0 -> 1
Cell (virus_1508220,host_9430): 0 -> 1
Cell (virus_1508220,host_3042450): 0 -> 1
Cell (virus_1508220,host_59472): 0 -> 1
Cell (virus_1508220,host_1434095): 0 -> 1
Cell (virus_1508220,host_221086): 0 -> 1
Cell (virus_1508220,host_291302): 0 -> 1
Cell (virus_1508220,host_27622): 0 -> 1
Cell (virus_1508220,host_3041509): 0 -> 1
Cell (virus_1508220,host_2218597): 0 -> 1
Cell (virus_1508220,host_258867): 0 -> 1
Cell (virus_1508220,host_242384): 0 -> 1
Cell (virus_1508220,host_258863): 0 -> 1
Cell (virus_1508220,host_9438): 0 -> 1
Cell (virus_1508220,host_249034): 0 -> 1
Cell (virus_1508220,host_258952): 0 -> 1
Cell (virus_1508220,host_258953): 0 -> 1
Cell (virus_1508220,host_249033): 0 -> 1
Cell (virus_1508220,host_272799): 0 -> 1
Cell (virus_1508220,host_258909): 0 -> 1
Cell (virus_1508220,host_909369): 0 -> 1
Cell (virus_1508220,host_29078): 0 -> 1
Cell (virus_1508220,host_3371014): 0 -> 1
Cell (virus_1508220,host_3371016): 0 -> 1
Cell (virus_1508220,host_3371021): 0 -> 1
Cell (virus_1508220,host_360967): 0 -> 1
Cell (virus_1508220,host_59474): 0 -> 1
Cell (virus_1508220,host_999321): 0 -> 1
Cell (virus_1508220,host_867834): 0 -> 1
Cell (virus_1508220,host_258889): 0 -> 1
Cell (virus_1508220,host_2491053): 0 -> 1
Cell (virus_1508220,host_110938): 0 -> 1
Cell (virus_1508220,host_258944): 0 -> 1
Cell (virus_1508220,host_59485): 0 -> 1
Cell (virus_3433775,host_105295): 0 -> 1
Cell (virus_3433775,host_51300): 0 -> 1
Cell (virus_3433775,host_294653): 0 -> 1
Cell (virus_3433775,host_59473): 0 -> 1
Cell (virus_3433775,host_3380546): 0 -> 1
Cell (virus_3433775,host_9435): 0 -> 1
Cell (virus_3433775,host_257882): 0 -> 1
Cell (virus_3433775,host_109480): 0 -> 1
Cell (virus_3433775,host_160974): 0 -> 1
Cell (virus_3433775,host_519446): 0 -> 1
Cell (virus_3433775,host_109481): 0 -> 1
Cell (virus_3433775,host_2528591): 0 -> 1
Cell (virus_3433775,host_412095): 0 -> 1
Cell (virus_3433775,host_225399): 0 -> 1
Cell (virus_3433775,host_386774): 0 -> 1
Cell (virus_3433775,host_392004): 0 -> 1
Cell (virus_3433775,host_392318): 0 -> 1
Cell (virus_3433775,host_138977): 0 -> 1
Cell (virus_3433775,host_138979): 0 -> 1
Cell (virus_3433775,host_159330): 0 -> 1
Cell (virus_3433775,host_452654): 0 -> 1
Cell (virus_3433775,host_385037): 0 -> 1
Cell (virus_3433775,host_155035): 0 -> 1
Cell (virus_3433775,host_633648): 0 -> 1
Cell (virus_3433775,host_258925): 0 -> 1
Cell (virus_3433775,host_177185): 0 -> 1
Cell (virus_3433775,host_187017): 0 -> 1
Cell (virus_3433775,host_159858): 0 -> 1
Cell (virus_3433775,host_169756): 0 -> 1
Cell (virus_3433775,host_188570): 0 -> 1
Cell (virus_3433775,host_196296): 0 -> 1
Cell (virus_3433775,host_196889): 0 -> 1
Cell (virus_3433775,host_867892): 0 -> 1
Cell (virus_3433775,host_476588): 0 -> 1
Cell (virus_3433775,host_337452): 0 -> 1
Cell (virus_3433775,host_76837): 0 -> 1
Cell (virus_3433775,host_320431): 0 -> 1
Cell (virus_3433775,host_178895): 0 -> 1
Cell (virus_3433775,host_608708): 0 -> 1
Cell (virus_3433775,host_59477): 0 -> 1
Cell (virus_3433775,host_166054): 0 -> 1
Cell (virus_3433775,host_196297): 0 -> 1
Cell (virus_3433775,host_385575): 0 -> 1
Cell (virus_3433775,host_9402): 0 -> 1
Cell (virus_3433775,host_9403): 0 -> 1
Cell (virus_3433775,host_1410044): 0 -> 1
Cell (virus_3433775,host_1898389): 0 -> 1
Cell (virus_3433775,host_77231): 0 -> 1
Cell (virus_3433775,host_2853157): 0 -> 1
Cell (virus_3433775,host_58067): 0 -> 1
Cell (virus_3433775,host_498220): 0 -> 1
Cell (virus_3433775,host_448084): 0 -> 1
Cell (virus_3433775,host_77243): 0 -> 1
Cell (virus_3433775,host_58073): 0 -> 1
Cell (virus_3433775,host_58083): 0 -> 1
Cell (virus_3433775,host_77223): 0 -> 1
Cell (virus_3433775,host_58063): 0 -> 1
Cell (virus_3433775,host_77214): 0 -> 1
Cell (virus_3433775,host_1898386): 0 -> 1
Cell (virus_3433775,host_298110): 0 -> 1
Cell (virus_3433775,host_374419): 0 -> 1
Cell (virus_3433775,host_326081): 0 -> 1
Cell (virus_3433775,host_326151): 0 -> 1
Cell (virus_3433775,host_326083): 0 -> 1
Cell (virus_3433775,host_138695): 0 -> 1
Cell (virus_3433775,host_208969): 0 -> 1
Cell (virus_3433775,host_40233): 0 -> 1
Cell (virus_3433775,host_148094): 0 -> 1
Cell (virus_3433775,host_27663): 0 -> 1
Cell (virus_3433775,host_410852): 0 -> 1
Cell (virus_3433775,host_574064): 0 -> 1
Cell (virus_3433775,host_27634): 0 -> 1
Cell (virus_3433775,host_40228): 0 -> 1
Cell (virus_3433775,host_40230): 0 -> 1
Cell (virus_3433775,host_40224): 0 -> 1
Cell (virus_3433775,host_192403): 0 -> 1
Cell (virus_3433775,host_27660): 0 -> 1
Cell (virus_3433775,host_177160): 0 -> 1
Cell (virus_3433775,host_27638): 0 -> 1
Cell (virus_3433775,host_2994998): 0 -> 1
Cell (virus_3433775,host_27642): 0 -> 1
Cell (virus_3433775,host_148061): 0 -> 1
Cell (virus_3433775,host_148089): 0 -> 1
Cell (virus_3433775,host_9430): 0 -> 1
Cell (virus_3433775,host_3042450): 0 -> 1
Cell (virus_3433775,host_59472): 0 -> 1
Cell (virus_3433775,host_1434095): 0 -> 1
Cell (virus_3433775,host_221086): 0 -> 1
Cell (virus_3433775,host_291302): 0 -> 1
Cell (virus_3433775,host_27622): 0 -> 1
Cell (virus_3433775,host_3041509): 0 -> 1
Cell (virus_3433775,host_2218597): 0 -> 1
Cell (virus_3433775,host_258867): 0 -> 1
Cell (virus_3433775,host_242384): 0 -> 1
Cell (virus_3433775,host_258863): 0 -> 1
Cell (virus_3433775,host_9438): 0 -> 1
Cell (virus_3433775,host_249034): 0 -> 1
Cell (virus_3433775,host_258952): 0 -> 1
Cell (virus_3433775,host_258953): 0 -> 1
Cell (virus_3433775,host_249033): 0 -> 1
Cell (virus_3433775,host_272799): 0 -> 1
Cell (virus_3433775,host_258909): 0 -> 1
Cell (virus_3433775,host_909369): 0 -> 1
Cell (virus_3433775,host_29078): 0 -> 1
Cell (virus_3433775,host_3371014): 0 -> 1
Cell (virus_3433775,host_3371016): 0 -> 1
Cell (virus_3433775,host_3371021): 0 -> 1
Cell (virus_3433775,host_360967): 0 -> 1
Cell (virus_3433775,host_59474): 0 -> 1
Cell (virus_3433775,host_999321): 0 -> 1
Cell (virus_3433775,host_867834): 0 -> 1
Cell (virus_3433775,host_258889): 0 -> 1
Cell (virus_3433775,host_2491053): 0 -> 1
Cell (virus_3433775,host_110938): 0 -> 1
Cell (virus_3433775,host_258944): 0 -> 1
Cell (virus_3433775,host_59485): 0 -> 1
Cell (virus_694008,host_105295): 0 -> 1
Cell (virus_694008,host_51300): 0 -> 1
Cell (virus_694008,host_294653): 0 -> 1
Cell (virus_694008,host_59473): 0 -> 1
Cell (virus_694008,host_3380546): 0 -> 1
Cell (virus_694008,host_9435): 0 -> 1
Cell (virus_694008,host_257882): 0 -> 1
Cell (virus_694008,host_109480): 0 -> 1
Cell (virus_694008,host_160974): 0 -> 1
Cell (virus_694008,host_519446): 0 -> 1
Cell (virus_694008,host_109481): 0 -> 1
Cell (virus_694008,host_2528591): 0 -> 1
Cell (virus_694008,host_412095): 0 -> 1
Cell (virus_694008,host_225399): 0 -> 1
Cell (virus_694008,host_386774): 0 -> 1
Cell (virus_694008,host_392004): 0 -> 1
Cell (virus_694008,host_392318): 0 -> 1
Cell (virus_694008,host_138977): 0 -> 1
Cell (virus_694008,host_138979): 0 -> 1
Cell (virus_694008,host_159330): 0 -> 1
Cell (virus_694008,host_452654): 0 -> 1
Cell (virus_694008,host_385037): 0 -> 1
Cell (virus_694008,host_155035): 0 -> 1
Cell (virus_694008,host_633648): 0 -> 1
Cell (virus_694008,host_258925): 0 -> 1
Cell (virus_694008,host_177185): 0 -> 1
Cell (virus_694008,host_187017): 0 -> 1
Cell (virus_694008,host_159858): 0 -> 1
Cell (virus_694008,host_169756): 0 -> 1
Cell (virus_694008,host_188570): 0 -> 1
Cell (virus_694008,host_196296): 0 -> 1
Cell (virus_694008,host_196889): 0 -> 1
Cell (virus_694008,host_867892): 0 -> 1
Cell (virus_694008,host_476588): 0 -> 1
Cell (virus_694008,host_337452): 0 -> 1
Cell (virus_694008,host_76837): 0 -> 1
Cell (virus_694008,host_320431): 0 -> 1
Cell (virus_694008,host_178895): 0 -> 1
Cell (virus_694008,host_608708): 0 -> 1
Cell (virus_694008,host_59477): 0 -> 1
Cell (virus_694008,host_166054): 0 -> 1
Cell (virus_694008,host_196297): 0 -> 1
Cell (virus_694008,host_385575): 0 -> 1
Cell (virus_694008,host_9402): 0 -> 1
Cell (virus_694008,host_9403): 0 -> 1
Cell (virus_694008,host_1410044): 0 -> 1
Cell (virus_694008,host_1898389): 0 -> 1
Cell (virus_694008,host_77231): 0 -> 1
Cell (virus_694008,host_2853157): 0 -> 1
Cell (virus_694008,host_58067): 0 -> 1
Cell (virus_694008,host_498220): 0 -> 1
Cell (virus_694008,host_448084): 0 -> 1
Cell (virus_694008,host_77243): 0 -> 1
Cell (virus_694008,host_58073): 0 -> 1
Cell (virus_694008,host_58083): 0 -> 1
Cell (virus_694008,host_77223): 0 -> 1
Cell (virus_694008,host_58063): 0 -> 1
Cell (virus_694008,host_77214): 0 -> 1
Cell (virus_694008,host_1898386): 0 -> 1
Cell (virus_694008,host_298110): 0 -> 1
Cell (virus_694008,host_374419): 0 -> 1
Cell (virus_694008,host_326081): 0 -> 1
Cell (virus_694008,host_326151): 0 -> 1
Cell (virus_694008,host_326083): 0 -> 1
Cell (virus_694008,host_138695): 0 -> 1
Cell (virus_694008,host_208969): 0 -> 1
Cell (virus_694008,host_40233): 0 -> 1
Cell (virus_694008,host_148094): 0 -> 1
Cell (virus_694008,host_27663): 0 -> 1
Cell (virus_694008,host_410852): 0 -> 1
Cell (virus_694008,host_574064): 0 -> 1
Cell (virus_694008,host_27634): 0 -> 1
Cell (virus_694008,host_40228): 0 -> 1
Cell (virus_694008,host_40230): 0 -> 1
Cell (virus_694008,host_40224): 0 -> 1
Cell (virus_694008,host_192403): 0 -> 1
Cell (virus_694008,host_27660): 0 -> 1
Cell (virus_694008,host_177160): 0 -> 1
Cell (virus_694008,host_27638): 0 -> 1
Cell (virus_694008,host_2994998): 0 -> 1
Cell (virus_694008,host_27642): 0 -> 1
Cell (virus_694008,host_148061): 0 -> 1
Cell (virus_694008,host_148089): 0 -> 1
Cell (virus_694008,host_9430): 0 -> 1
Cell (virus_694008,host_3042450): 0 -> 1
Cell (virus_694008,host_59472): 0 -> 1
Cell (virus_694008,host_1434095): 0 -> 1
Cell (virus_694008,host_221086): 0 -> 1
Cell (virus_694008,host_291302): 0 -> 1
Cell (virus_694008,host_27622): 0 -> 1
Cell (virus_694008,host_3041509): 0 -> 1
Cell (virus_694008,host_2218597): 0 -> 1
Cell (virus_694008,host_258867): 0 -> 1
Cell (virus_694008,host_242384): 0 -> 1
Cell (virus_694008,host_258863): 0 -> 1
Cell (virus_694008,host_9438): 0 -> 1
Cell (virus_694008,host_249034): 0 -> 1
Cell (virus_694008,host_258952): 0 -> 1
Cell (virus_694008,host_258953): 0 -> 1
Cell (virus_694008,host_249033): 0 -> 1
Cell (virus_694008,host_272799): 0 -> 1
Cell (virus_694008,host_258909): 0 -> 1
Cell (virus_694008,host_909369): 0 -> 1
Cell (virus_694008,host_29078): 0 -> 1
Cell (virus_694008,host_3371014): 0 -> 1
Cell (virus_694008,host_3371016): 0 -> 1
Cell (virus_694008,host_3371021): 0 -> 1
Cell (virus_694008,host_360967): 0 -> 1
Cell (virus_694008,host_59474): 0 -> 1
Cell (virus_694008,host_999321): 0 -> 1
Cell (virus_694008,host_867834): 0 -> 1
Cell (virus_694008,host_258889): 0 -> 1
Cell (virus_694008,host_2491053): 0 -> 1
Cell (virus_694008,host_110938): 0 -> 1
Cell (virus_694008,host_258944): 0 -> 1
Cell (virus_694008,host_59485): 0 -> 1
Cell (virus_2832974,host_105295): 0 -> 1
Cell (virus_2832974,host_51300): 0 -> 1
Cell (virus_2832974,host_294653): 0 -> 1
Cell (virus_2832974,host_59473): 0 -> 1
Cell (virus_2832974,host_3380546): 0 -> 1
Cell (virus_2832974,host_9435): 0 -> 1
Cell (virus_2832974,host_257882): 0 -> 1
Cell (virus_2832974,host_109480): 0 -> 1
Cell (virus_2832974,host_160974): 0 -> 1
Cell (virus_2832974,host_519446): 0 -> 1
Cell (virus_2832974,host_109481): 0 -> 1
Cell (virus_2832974,host_2528591): 0 -> 1
Cell (virus_2832974,host_412095): 0 -> 1
Cell (virus_2832974,host_225399): 0 -> 1
Cell (virus_2832974,host_386774): 0 -> 1
Cell (virus_2832974,host_392004): 0 -> 1
Cell (virus_2832974,host_392318): 0 -> 1
Cell (virus_2832974,host_138977): 0 -> 1
Cell (virus_2832974,host_138979): 0 -> 1
Cell (virus_2832974,host_159330): 0 -> 1
Cell (virus_2832974,host_452654): 0 -> 1
Cell (virus_2832974,host_385037): 0 -> 1
Cell (virus_2832974,host_155035): 0 -> 1
Cell (virus_2832974,host_633648): 0 -> 1
Cell (virus_2832974,host_258925): 0 -> 1
Cell (virus_2832974,host_177185): 0 -> 1
Cell (virus_2832974,host_187017): 0 -> 1
Cell (virus_2832974,host_159858): 0 -> 1
Cell (virus_2832974,host_169756): 0 -> 1
Cell (virus_2832974,host_188570): 0 -> 1
Cell (virus_2832974,host_196296): 0 -> 1
Cell (virus_2832974,host_196889): 0 -> 1
Cell (virus_2832974,host_867892): 0 -> 1
Cell (virus_2832974,host_476588): 0 -> 1
Cell (virus_2832974,host_337452): 0 -> 1
Cell (virus_2832974,host_76837): 0 -> 1
Cell (virus_2832974,host_320431): 0 -> 1
Cell (virus_2832974,host_178895): 0 -> 1
Cell (virus_2832974,host_608708): 0 -> 1
Cell (virus_2832974,host_59477): 0 -> 1
Cell (virus_2832974,host_166054): 0 -> 1
Cell (virus_2832974,host_196297): 0 -> 1
Cell (virus_2832974,host_385575): 0 -> 1
Cell (virus_2832974,host_9402): 0 -> 1
Cell (virus_2832974,host_9403): 0 -> 1
Cell (virus_2832974,host_1410044): 0 -> 1
Cell (virus_2832974,host_1898389): 0 -> 1
Cell (virus_2832974,host_77231): 0 -> 1
Cell (virus_2832974,host_2853157): 0 -> 1
Cell (virus_2832974,host_58067): 0 -> 1
Cell (virus_2832974,host_498220): 0 -> 1
Cell (virus_2832974,host_448084): 0 -> 1
Cell (virus_2832974,host_77243): 0 -> 1
Cell (virus_2832974,host_58073): 0 -> 1
Cell (virus_2832974,host_58083): 0 -> 1
Cell (virus_2832974,host_77223): 0 -> 1
Cell (virus_2832974,host_58063): 0 -> 1
Cell (virus_2832974,host_77214): 0 -> 1
Cell (virus_2832974,host_1898386): 0 -> 1
Cell (virus_2832974,host_298110): 0 -> 1
Cell (virus_2832974,host_374419): 0 -> 1
Cell (virus_2832974,host_326081): 0 -> 1
Cell (virus_2832974,host_326151): 0 -> 1
Cell (virus_2832974,host_138695): 0 -> 1
Cell (virus_2832974,host_208969): 0 -> 1
Cell (virus_2832974,host_40233): 0 -> 1
Cell (virus_2832974,host_148094): 0 -> 1
Cell (virus_2832974,host_27663): 0 -> 1
Cell (virus_2832974,host_410852): 0 -> 1
Cell (virus_2832974,host_574064): 0 -> 1
Cell (virus_2832974,host_27634): 0 -> 1
Cell (virus_2832974,host_40228): 0 -> 1
Cell (virus_2832974,host_40230): 0 -> 1
Cell (virus_2832974,host_40224): 0 -> 1
Cell (virus_2832974,host_192403): 0 -> 1
Cell (virus_2832974,host_27660): 0 -> 1
Cell (virus_2832974,host_177160): 0 -> 1
Cell (virus_2832974,host_27638): 0 -> 1
Cell (virus_2832974,host_2994998): 0 -> 1
Cell (virus_2832974,host_27642): 0 -> 1
Cell (virus_2832974,host_148061): 0 -> 1
Cell (virus_2832974,host_148089): 0 -> 1
Cell (virus_2832974,host_9430): 0 -> 1
Cell (virus_2832974,host_3042450): 0 -> 1
Cell (virus_2832974,host_59472): 0 -> 1
Cell (virus_2832974,host_1434095): 0 -> 1
Cell (virus_2832974,host_221086): 0 -> 1
Cell (virus_2832974,host_291302): 0 -> 1
Cell (virus_2832974,host_27622): 0 -> 1
Cell (virus_2832974,host_3041509): 0 -> 1
Cell (virus_2832974,host_2218597): 0 -> 1
Cell (virus_2832974,host_258867): 0 -> 1
Cell (virus_2832974,host_242384): 0 -> 1
Cell (virus_2832974,host_258863): 0 -> 1
Cell (virus_2832974,host_9438): 0 -> 1
Cell (virus_2832974,host_249034): 0 -> 1
Cell (virus_2832974,host_258952): 0 -> 1
Cell (virus_2832974,host_258953): 0 -> 1
Cell (virus_2832974,host_249033): 0 -> 1
Cell (virus_2832974,host_272799): 0 -> 1
Cell (virus_2832974,host_258909): 0 -> 1
Cell (virus_2832974,host_909369): 0 -> 1
Cell (virus_2832974,host_29078): 0 -> 1
Cell (virus_2832974,host_3371014): 0 -> 1
Cell (virus_2832974,host_3371016): 0 -> 1
Cell (virus_2832974,host_3371021): 0 -> 1
Cell (virus_2832974,host_360967): 0 -> 1
Cell (virus_2832974,host_59474): 0 -> 1
Cell (virus_2832974,host_999321): 0 -> 1
Cell (virus_2832974,host_867834): 0 -> 1
Cell (virus_2832974,host_258889): 0 -> 1
Cell (virus_2832974,host_2491053): 0 -> 1
Cell (virus_2832974,host_110938): 0 -> 1
Cell (virus_2832974,host_258944): 0 -> 1
Cell (virus_2832974,host_59485): 0 -> 1
Cell (virus_1928434,host_105295): 0 -> 1
Cell (virus_1928434,host_258946): 0 -> 1
Cell (virus_1928434,host_51300): 0 -> 1
Cell (virus_1928434,host_246814): 0 -> 1
Cell (virus_1928434,host_294653): 0 -> 1
Cell (virus_1928434,host_59473): 0 -> 1
Cell (virus_1928434,host_3380546): 0 -> 1
Cell (virus_1928434,host_9435): 0 -> 1
Cell (virus_1928434,host_257882): 0 -> 1
Cell (virus_1928434,host_109480): 0 -> 1
Cell (virus_1928434,host_160974): 0 -> 1
Cell (virus_1928434,host_519446): 0 -> 1
Cell (virus_1928434,host_109481): 0 -> 1
Cell (virus_1928434,host_2528591): 0 -> 1
Cell (virus_1928434,host_412095): 0 -> 1
Cell (virus_1928434,host_225399): 0 -> 1
Cell (virus_1928434,host_386774): 0 -> 1
Cell (virus_1928434,host_392318): 0 -> 1
Cell (virus_1928434,host_138977): 0 -> 1
Cell (virus_1928434,host_138979): 0 -> 1
Cell (virus_1928434,host_159330): 0 -> 1
Cell (virus_1928434,host_452654): 0 -> 1
Cell (virus_1928434,host_385037): 0 -> 1
Cell (virus_1928434,host_155035): 0 -> 1
Cell (virus_1928434,host_633648): 0 -> 1
Cell (virus_1928434,host_258925): 0 -> 1
Cell (virus_1928434,host_177185): 0 -> 1
Cell (virus_1928434,host_187017): 0 -> 1
Cell (virus_1928434,host_159858): 0 -> 1
Cell (virus_1928434,host_376555): 0 -> 1
Cell (virus_1928434,host_169756): 0 -> 1
Cell (virus_1928434,host_188570): 0 -> 1
Cell (virus_1928434,host_196889): 0 -> 1
Cell (virus_1928434,host_867892): 0 -> 1
Cell (virus_1928434,host_476588): 0 -> 1
Cell (virus_1928434,host_337452): 0 -> 1
Cell (virus_1928434,host_76837): 0 -> 1
Cell (virus_1928434,host_320431): 0 -> 1
Cell (virus_1928434,host_608659): 0 -> 1
Cell (virus_1928434,host_178895): 0 -> 1
Cell (virus_1928434,host_608708): 0 -> 1
Cell (virus_1928434,host_59477): 0 -> 1
Cell (virus_1928434,host_166054): 0 -> 1
Cell (virus_1928434,host_196297): 0 -> 1
Cell (virus_1928434,host_385575): 0 -> 1
Cell (virus_1928434,host_9402): 0 -> 1
Cell (virus_1928434,host_9403): 0 -> 1
Cell (virus_1928434,host_1410044): 0 -> 1
Cell (virus_1928434,host_1898389): 0 -> 1
Cell (virus_1928434,host_77231): 0 -> 1
Cell (virus_1928434,host_2853157): 0 -> 1
Cell (virus_1928434,host_58067): 0 -> 1
Cell (virus_1928434,host_498220): 0 -> 1
Cell (virus_1928434,host_448084): 0 -> 1
Cell (virus_1928434,host_77243): 0 -> 1
Cell (virus_1928434,host_58073): 0 -> 1
Cell (virus_1928434,host_58083): 0 -> 1
Cell (virus_1928434,host_77223): 0 -> 1
Cell (virus_1928434,host_58063): 0 -> 1
Cell (virus_1928434,host_77214): 0 -> 1
Cell (virus_1928434,host_1898386): 0 -> 1
Cell (virus_1928434,host_298110): 0 -> 1
Cell (virus_1928434,host_374419): 0 -> 1
Cell (virus_1928434,host_326081): 0 -> 1
Cell (virus_1928434,host_326151): 0 -> 1
Cell (virus_1928434,host_138695): 0 -> 1
Cell (virus_1928434,host_208969): 0 -> 1
Cell (virus_1928434,host_40233): 0 -> 1
Cell (virus_1928434,host_148094): 0 -> 1
Cell (virus_1928434,host_27663): 0 -> 1
Cell (virus_1928434,host_410852): 0 -> 1
Cell (virus_1928434,host_574064): 0 -> 1
Cell (virus_1928434,host_27634): 0 -> 1
Cell (virus_1928434,host_40228): 0 -> 1
Cell (virus_1928434,host_40230): 0 -> 1
Cell (virus_1928434,host_192403): 0 -> 1
Cell (virus_1928434,host_27660): 0 -> 1
Cell (virus_1928434,host_177160): 0 -> 1
Cell (virus_1928434,host_27638): 0 -> 1
Cell (virus_1928434,host_2994998): 0 -> 1
Cell (virus_1928434,host_27642): 0 -> 1
Cell (virus_1928434,host_148061): 0 -> 1
Cell (virus_1928434,host_148089): 0 -> 1
Cell (virus_1928434,host_9430): 0 -> 1
Cell (virus_1928434,host_3042450): 0 -> 1
Cell (virus_1928434,host_59472): 0 -> 1
Cell (virus_1928434,host_1434095): 0 -> 1
Cell (virus_1928434,host_221086): 0 -> 1
Cell (virus_1928434,host_291302): 0 -> 1
Cell (virus_1928434,host_27622): 0 -> 1
Cell (virus_1928434,host_3041509): 0 -> 1
Cell (virus_1928434,host_2218597): 0 -> 1
Cell (virus_1928434,host_258867): 0 -> 1
Cell (virus_1928434,host_242384): 0 -> 1
Cell (virus_1928434,host_258863): 0 -> 1
Cell (virus_1928434,host_9438): 0 -> 1
Cell (virus_1928434,host_249034): 0 -> 1
Cell (virus_1928434,host_258952): 0 -> 1
Cell (virus_1928434,host_258953): 0 -> 1
Cell (virus_1928434,host_249033): 0 -> 1
Cell (virus_1928434,host_272799): 0 -> 1
Cell (virus_1928434,host_258909): 0 -> 1
Cell (virus_1928434,host_909369): 0 -> 1
Cell (virus_1928434,host_29078): 0 -> 1
Cell (virus_1928434,host_3371014): 0 -> 1
Cell (virus_1928434,host_3371016): 0 -> 1
Cell (virus_1928434,host_3371021): 0 -> 1
Cell (virus_1928434,host_360967): 0 -> 1
Cell (virus_1928434,host_59474): 0 -> 1
Cell (virus_1928434,host_999321): 0 -> 1
Cell (virus_1928434,host_867834): 0 -> 1
Cell (virus_1928434,host_258889): 0 -> 1
Cell (virus_1928434,host_2491053): 0 -> 1
Cell (virus_1928434,host_110938): 0 -> 1
Cell (virus_1928434,host_258944): 0 -> 1
Cell (virus_1928434,host_59485): 0 -> 1
Cell (virus_3433757,host_105295): 0 -> 1
Cell (virus_3433757,host_258946): 0 -> 1
Cell (virus_3433757,host_51300): 0 -> 1
Cell (virus_3433757,host_246814): 0 -> 1
Cell (virus_3433757,host_294653): 0 -> 1
Cell (virus_3433757,host_59473): 0 -> 1
Cell (virus_3433757,host_3380546): 0 -> 1
Cell (virus_3433757,host_9435): 0 -> 1
Cell (virus_3433757,host_257882): 0 -> 1
Cell (virus_3433757,host_109480): 0 -> 1
Cell (virus_3433757,host_160974): 0 -> 1
Cell (virus_3433757,host_519446): 0 -> 1
Cell (virus_3433757,host_109481): 0 -> 1
Cell (virus_3433757,host_2528591): 0 -> 1
Cell (virus_3433757,host_412095): 0 -> 1
Cell (virus_3433757,host_225399): 0 -> 1
Cell (virus_3433757,host_386774): 0 -> 1
Cell (virus_3433757,host_392318): 0 -> 1
Cell (virus_3433757,host_138977): 0 -> 1
Cell (virus_3433757,host_138979): 0 -> 1
Cell (virus_3433757,host_159330): 0 -> 1
Cell (virus_3433757,host_452654): 0 -> 1
Cell (virus_3433757,host_385037): 0 -> 1
Cell (virus_3433757,host_155035): 0 -> 1
Cell (virus_3433757,host_633648): 0 -> 1
Cell (virus_3433757,host_258925): 0 -> 1
Cell (virus_3433757,host_177185): 0 -> 1
Cell (virus_3433757,host_187017): 0 -> 1
Cell (virus_3433757,host_159858): 0 -> 1
Cell (virus_3433757,host_376555): 0 -> 1
Cell (virus_3433757,host_169756): 0 -> 1
Cell (virus_3433757,host_188570): 0 -> 1
Cell (virus_3433757,host_196889): 0 -> 1
Cell (virus_3433757,host_867892): 0 -> 1
Cell (virus_3433757,host_476588): 0 -> 1
Cell (virus_3433757,host_337452): 0 -> 1
Cell (virus_3433757,host_76837): 0 -> 1
Cell (virus_3433757,host_320431): 0 -> 1
Cell (virus_3433757,host_608659): 0 -> 1
Cell (virus_3433757,host_178895): 0 -> 1
Cell (virus_3433757,host_608708): 0 -> 1
Cell (virus_3433757,host_59477): 0 -> 1
Cell (virus_3433757,host_166054): 0 -> 1
Cell (virus_3433757,host_196297): 0 -> 1
Cell (virus_3433757,host_385575): 0 -> 1
Cell (virus_3433757,host_9402): 0 -> 1
Cell (virus_3433757,host_9403): 0 -> 1
Cell (virus_3433757,host_1410044): 0 -> 1
Cell (virus_3433757,host_1898389): 0 -> 1
Cell (virus_3433757,host_77231): 0 -> 1
Cell (virus_3433757,host_2853157): 0 -> 1
Cell (virus_3433757,host_58067): 0 -> 1
Cell (virus_3433757,host_498220): 0 -> 1
Cell (virus_3433757,host_448084): 0 -> 1
Cell (virus_3433757,host_77243): 0 -> 1
Cell (virus_3433757,host_58073): 0 -> 1
Cell (virus_3433757,host_58083): 0 -> 1
Cell (virus_3433757,host_77223): 0 -> 1
Cell (virus_3433757,host_58063): 0 -> 1
Cell (virus_3433757,host_77214): 0 -> 1
Cell (virus_3433757,host_1898386): 0 -> 1
Cell (virus_3433757,host_298110): 0 -> 1
Cell (virus_3433757,host_374419): 0 -> 1
Cell (virus_3433757,host_326081): 0 -> 1
Cell (virus_3433757,host_326151): 0 -> 1
Cell (virus_3433757,host_138695): 0 -> 1
Cell (virus_3433757,host_208969): 0 -> 1
Cell (virus_3433757,host_40233): 0 -> 1
Cell (virus_3433757,host_148094): 0 -> 1
Cell (virus_3433757,host_27663): 0 -> 1
Cell (virus_3433757,host_410852): 0 -> 1
Cell (virus_3433757,host_574064): 0 -> 1
Cell (virus_3433757,host_27634): 0 -> 1
Cell (virus_3433757,host_40228): 0 -> 1
Cell (virus_3433757,host_40230): 0 -> 1
Cell (virus_3433757,host_192403): 0 -> 1
Cell (virus_3433757,host_27660): 0 -> 1
Cell (virus_3433757,host_177160): 0 -> 1
Cell (virus_3433757,host_27638): 0 -> 1
Cell (virus_3433757,host_2994998): 0 -> 1
Cell (virus_3433757,host_27642): 0 -> 1
Cell (virus_3433757,host_148061): 0 -> 1
Cell (virus_3433757,host_148089): 0 -> 1
Cell (virus_3433757,host_9430): 0 -> 1
Cell (virus_3433757,host_3042450): 0 -> 1
Cell (virus_3433757,host_59472): 0 -> 1
Cell (virus_3433757,host_1434095): 0 -> 1
Cell (virus_3433757,host_221086): 0 -> 1
Cell (virus_3433757,host_291302): 0 -> 1
Cell (virus_3433757,host_27622): 0 -> 1
Cell (virus_3433757,host_3041509): 0 -> 1
Cell (virus_3433757,host_2218597): 0 -> 1
Cell (virus_3433757,host_258867): 0 -> 1
Cell (virus_3433757,host_242384): 0 -> 1
Cell (virus_3433757,host_258863): 0 -> 1
Cell (virus_3433757,host_9438): 0 -> 1
Cell (virus_3433757,host_249034): 0 -> 1
Cell (virus_3433757,host_258952): 0 -> 1
Cell (virus_3433757,host_258953): 0 -> 1
Cell (virus_3433757,host_249033): 0 -> 1
Cell (virus_3433757,host_272799): 0 -> 1
Cell (virus_3433757,host_258909): 0 -> 1
Cell (virus_3433757,host_909369): 0 -> 1
Cell (virus_3433757,host_29078): 0 -> 1
Cell (virus_3433757,host_3371014): 0 -> 1
Cell (virus_3433757,host_3371016): 0 -> 1
Cell (virus_3433757,host_3371021): 0 -> 1
Cell (virus_3433757,host_360967): 0 -> 1
Cell (virus_3433757,host_59474): 0 -> 1
Cell (virus_3433757,host_999321): 0 -> 1
Cell (virus_3433757,host_867834): 0 -> 1
Cell (virus_3433757,host_258889): 0 -> 1
Cell (virus_3433757,host_2491053): 0 -> 1
Cell (virus_3433757,host_110938): 0 -> 1
Cell (virus_3433757,host_258944): 0 -> 1
Cell (virus_3433757,host_59485): 0 -> 1
Cell (virus_694003,host_105295): 0 -> 1
Cell (virus_694003,host_258946): 0 -> 1
Cell (virus_694003,host_51300): 0 -> 1
Cell (virus_694003,host_246814): 0 -> 1
Cell (virus_694003,host_294653): 0 -> 1
Cell (virus_694003,host_59473): 0 -> 1
Cell (virus_694003,host_3380546): 0 -> 1
Cell (virus_694003,host_9435): 0 -> 1
Cell (virus_694003,host_257882): 0 -> 1
Cell (virus_694003,host_109480): 0 -> 1
Cell (virus_694003,host_160974): 0 -> 1
Cell (virus_694003,host_519446): 0 -> 1
Cell (virus_694003,host_109481): 0 -> 1
Cell (virus_694003,host_2528591): 0 -> 1
Cell (virus_694003,host_412095): 0 -> 1
Cell (virus_694003,host_225399): 0 -> 1
Cell (virus_694003,host_386774): 0 -> 1
Cell (virus_694003,host_392318): 0 -> 1
Cell (virus_694003,host_138977): 0 -> 1
Cell (virus_694003,host_138979): 0 -> 1
Cell (virus_694003,host_159330): 0 -> 1
Cell (virus_694003,host_452654): 0 -> 1
Cell (virus_694003,host_385037): 0 -> 1
Cell (virus_694003,host_155035): 0 -> 1
Cell (virus_694003,host_633648): 0 -> 1
Cell (virus_694003,host_258925): 0 -> 1
Cell (virus_694003,host_177185): 0 -> 1
Cell (virus_694003,host_187017): 0 -> 1
Cell (virus_694003,host_159858): 0 -> 1
Cell (virus_694003,host_376555): 0 -> 1
Cell (virus_694003,host_169756): 0 -> 1
Cell (virus_694003,host_188570): 0 -> 1
Cell (virus_694003,host_196889): 0 -> 1
Cell (virus_694003,host_867892): 0 -> 1
Cell (virus_694003,host_476588): 0 -> 1
Cell (virus_694003,host_337452): 0 -> 1
Cell (virus_694003,host_76837): 0 -> 1
Cell (virus_694003,host_320431): 0 -> 1
Cell (virus_694003,host_608659): 0 -> 1
Cell (virus_694003,host_178895): 0 -> 1
Cell (virus_694003,host_608708): 0 -> 1
Cell (virus_694003,host_59477): 0 -> 1
Cell (virus_694003,host_166054): 0 -> 1
Cell (virus_694003,host_196297): 0 -> 1
Cell (virus_694003,host_385575): 0 -> 1
Cell (virus_694003,host_9402): 0 -> 1
Cell (virus_694003,host_9403): 0 -> 1
Cell (virus_694003,host_1410044): 0 -> 1
Cell (virus_694003,host_1898389): 0 -> 1
Cell (virus_694003,host_77231): 0 -> 1
Cell (virus_694003,host_2853157): 0 -> 1
Cell (virus_694003,host_58067): 0 -> 1
Cell (virus_694003,host_498220): 0 -> 1
Cell (virus_694003,host_448084): 0 -> 1
Cell (virus_694003,host_77243): 0 -> 1
Cell (virus_694003,host_58073): 0 -> 1
Cell (virus_694003,host_58083): 0 -> 1
Cell (virus_694003,host_77223): 0 -> 1
Cell (virus_694003,host_58063): 0 -> 1
Cell (virus_694003,host_77214): 0 -> 1
Cell (virus_694003,host_1898386): 0 -> 1
Cell (virus_694003,host_298110): 0 -> 1
Cell (virus_694003,host_374419): 0 -> 1
Cell (virus_694003,host_326081): 0 -> 1
Cell (virus_694003,host_326151): 0 -> 1
Cell (virus_694003,host_138695): 0 -> 1
Cell (virus_694003,host_208969): 0 -> 1
Cell (virus_694003,host_40233): 0 -> 1
Cell (virus_694003,host_148094): 0 -> 1
Cell (virus_694003,host_27663): 0 -> 1
Cell (virus_694003,host_410852): 0 -> 1
Cell (virus_694003,host_574064): 0 -> 1
Cell (virus_694003,host_27634): 0 -> 1
Cell (virus_694003,host_40228): 0 -> 1
Cell (virus_694003,host_40230): 0 -> 1
Cell (virus_694003,host_192403): 0 -> 1
Cell (virus_694003,host_27660): 0 -> 1
Cell (virus_694003,host_177160): 0 -> 1
Cell (virus_694003,host_27638): 0 -> 1
Cell (virus_694003,host_2994998): 0 -> 1
Cell (virus_694003,host_27642): 0 -> 1
Cell (virus_694003,host_148061): 0 -> 1
Cell (virus_694003,host_148089): 0 -> 1
Cell (virus_694003,host_9430): 0 -> 1
Cell (virus_694003,host_3042450): 0 -> 1
Cell (virus_694003,host_59472): 0 -> 1
Cell (virus_694003,host_1434095): 0 -> 1
Cell (virus_694003,host_221086): 0 -> 1
Cell (virus_694003,host_291302): 0 -> 1
Cell (virus_694003,host_27622): 0 -> 1
Cell (virus_694003,host_3041509): 0 -> 1
Cell (virus_694003,host_2218597): 0 -> 1
Cell (virus_694003,host_258867): 0 -> 1
Cell (virus_694003,host_242384): 0 -> 1
Cell (virus_694003,host_258863): 0 -> 1
Cell (virus_694003,host_9438): 0 -> 1
Cell (virus_694003,host_249034): 0 -> 1
Cell (virus_694003,host_258952): 0 -> 1
Cell (virus_694003,host_258953): 0 -> 1
Cell (virus_694003,host_249033): 0 -> 1
Cell (virus_694003,host_272799): 0 -> 1
Cell (virus_694003,host_258909): 0 -> 1
Cell (virus_694003,host_909369): 0 -> 1
Cell (virus_694003,host_29078): 0 -> 1
Cell (virus_694003,host_3371014): 0 -> 1
Cell (virus_694003,host_3371016): 0 -> 1
Cell (virus_694003,host_3371021): 0 -> 1
Cell (virus_694003,host_360967): 0 -> 1
Cell (virus_694003,host_59474): 0 -> 1
Cell (virus_694003,host_999321): 0 -> 1
Cell (virus_694003,host_867834): 0 -> 1
Cell (virus_694003,host_258889): 0 -> 1
Cell (virus_694003,host_2491053): 0 -> 1
Cell (virus_694003,host_110938): 0 -> 1
Cell (virus_694003,host_258944): 0 -> 1
Cell (virus_694003,host_59485): 0 -> 1
Cell (virus_2717680,host_105295): 0 -> 1
Cell (virus_2717680,host_51300): 0 -> 1
Cell (virus_2717680,host_294653): 0 -> 1
Cell (virus_2717680,host_59473): 0 -> 1
Cell (virus_2717680,host_3380546): 0 -> 1
Cell (virus_2717680,host_9435): 0 -> 1
Cell (virus_2717680,host_257882): 0 -> 1
Cell (virus_2717680,host_109480): 0 -> 1
Cell (virus_2717680,host_160974): 0 -> 1
Cell (virus_2717680,host_519446): 0 -> 1
Cell (virus_2717680,host_109481): 0 -> 1
Cell (virus_2717680,host_2528591): 0 -> 1
Cell (virus_2717680,host_412095): 0 -> 1
Cell (virus_2717680,host_225399): 0 -> 1
Cell (virus_2717680,host_386774): 0 -> 1
Cell (virus_2717680,host_392318): 0 -> 1
Cell (virus_2717680,host_138977): 0 -> 1
Cell (virus_2717680,host_138979): 0 -> 1
Cell (virus_2717680,host_159330): 0 -> 1
Cell (virus_2717680,host_587652): 0 -> 1
Cell (virus_2717680,host_385037): 0 -> 1
Cell (virus_2717680,host_155035): 0 -> 1
Cell (virus_2717680,host_633648): 0 -> 1
Cell (virus_2717680,host_258925): 0 -> 1
Cell (virus_2717680,host_177185): 0 -> 1
Cell (virus_2717680,host_187017): 0 -> 1
Cell (virus_2717680,host_159858): 0 -> 1
Cell (virus_2717680,host_169756): 0 -> 1
Cell (virus_2717680,host_188570): 0 -> 1
Cell (virus_2717680,host_196889): 0 -> 1
Cell (virus_2717680,host_867892): 0 -> 1
Cell (virus_2717680,host_476588): 0 -> 1
Cell (virus_2717680,host_337452): 0 -> 1
Cell (virus_2717680,host_76837): 0 -> 1
Cell (virus_2717680,host_178895): 0 -> 1
Cell (virus_2717680,host_608708): 0 -> 1
Cell (virus_2717680,host_59477): 0 -> 1
Cell (virus_2717680,host_166054): 0 -> 1
Cell (virus_2717680,host_196297): 0 -> 1
Cell (virus_2717680,host_385575): 0 -> 1
Cell (virus_2717680,host_9402): 0 -> 1
Cell (virus_2717680,host_9403): 0 -> 1
Cell (virus_2717680,host_1410044): 0 -> 1
Cell (virus_2717680,host_1898389): 0 -> 1
Cell (virus_2717680,host_77231): 0 -> 1
Cell (virus_2717680,host_2853157): 0 -> 1
Cell (virus_2717680,host_58067): 0 -> 1
Cell (virus_2717680,host_498220): 0 -> 1
Cell (virus_2717680,host_448084): 0 -> 1
Cell (virus_2717680,host_77243): 0 -> 1
Cell (virus_2717680,host_58073): 0 -> 1
Cell (virus_2717680,host_58083): 0 -> 1
Cell (virus_2717680,host_77223): 0 -> 1
Cell (virus_2717680,host_9408): 0 -> 1
Cell (virus_2717680,host_58063): 0 -> 1
Cell (virus_2717680,host_77214): 0 -> 1
Cell (virus_2717680,host_1898386): 0 -> 1
Cell (virus_2717680,host_298110): 0 -> 1
Cell (virus_2717680,host_374419): 0 -> 1
Cell (virus_2717680,host_326081): 0 -> 1
Cell (virus_2717680,host_326151): 0 -> 1
Cell (virus_2717680,host_138695): 0 -> 1
Cell (virus_2717680,host_208969): 0 -> 1
Cell (virus_2717680,host_40233): 0 -> 1
Cell (virus_2717680,host_148094): 0 -> 1
Cell (virus_2717680,host_27663): 0 -> 1
Cell (virus_2717680,host_574064): 0 -> 1
Cell (virus_2717680,host_27634): 0 -> 1
Cell (virus_2717680,host_40228): 0 -> 1
Cell (virus_2717680,host_40230): 0 -> 1
Cell (virus_2717680,host_192403): 0 -> 1
Cell (virus_2717680,host_196700): 0 -> 1
Cell (virus_2717680,host_27660): 0 -> 1
Cell (virus_2717680,host_177160): 0 -> 1
Cell (virus_2717680,host_27638): 0 -> 1
Cell (virus_2717680,host_2994998): 0 -> 1
Cell (virus_2717680,host_27642): 0 -> 1
Cell (virus_2717680,host_148061): 0 -> 1
Cell (virus_2717680,host_148089): 0 -> 1
Cell (virus_2717680,host_9430): 0 -> 1
Cell (virus_2717680,host_3042450): 0 -> 1
Cell (virus_2717680,host_3371013): 0 -> 1
Cell (virus_2717680,host_59472): 0 -> 1
Cell (virus_2717680,host_1434095): 0 -> 1
Cell (virus_2717680,host_291302): 0 -> 1
Cell (virus_2717680,host_221087): 0 -> 1
Cell (virus_2717680,host_27622): 0 -> 1
Cell (virus_2717680,host_3041509): 0 -> 1
Cell (virus_2717680,host_2218597): 0 -> 1
Cell (virus_2717680,host_258867): 0 -> 1
Cell (virus_2717680,host_242384): 0 -> 1
Cell (virus_2717680,host_258863): 0 -> 1
Cell (virus_2717680,host_9438): 0 -> 1
Cell (virus_2717680,host_249034): 0 -> 1
Cell (virus_2717680,host_258952): 0 -> 1
Cell (virus_2717680,host_258953): 0 -> 1
Cell (virus_2717680,host_249033): 0 -> 1
Cell (virus_2717680,host_272799): 0 -> 1
Cell (virus_2717680,host_61862): 0 -> 1
Cell (virus_2717680,host_258909): 0 -> 1
Cell (virus_2717680,host_909369): 0 -> 1
Cell (virus_2717680,host_29078): 0 -> 1
Cell (virus_2717680,host_3371014): 0 -> 1
Cell (virus_2717680,host_3371016): 0 -> 1
Cell (virus_2717680,host_3371021): 0 -> 1
Cell (virus_2717680,host_360967): 0 -> 1
Cell (virus_2717680,host_59474): 0 -> 1
Cell (virus_2717680,host_999321): 0 -> 1
Cell (virus_2717680,host_867834): 0 -> 1
Cell (virus_2717680,host_258889): 0 -> 1
Cell (virus_2717680,host_2491053): 0 -> 1
Cell (virus_2717680,host_110938): 0 -> 1
Cell (virus_2717680,host_258944): 0 -> 1
Cell (virus_2717680,host_59485): 0 -> 1
Cell (virus_2833022,host_105295): 0 -> 1
Cell (virus_2833022,host_51300): 0 -> 1
Cell (virus_2833022,host_294653): 0 -> 1
Cell (virus_2833022,host_59473): 0 -> 1
Cell (virus_2833022,host_3380546): 0 -> 1
Cell (virus_2833022,host_9435): 0 -> 1
Cell (virus_2833022,host_257882): 0 -> 1
Cell (virus_2833022,host_109480): 0 -> 1
Cell (virus_2833022,host_160974): 0 -> 1
Cell (virus_2833022,host_519446): 0 -> 1
Cell (virus_2833022,host_109481): 0 -> 1
Cell (virus_2833022,host_2528591): 0 -> 1
Cell (virus_2833022,host_412095): 0 -> 1
Cell (virus_2833022,host_225399): 0 -> 1
Cell (virus_2833022,host_386774): 0 -> 1
Cell (virus_2833022,host_392318): 0 -> 1
Cell (virus_2833022,host_138977): 0 -> 1
Cell (virus_2833022,host_138979): 0 -> 1
Cell (virus_2833022,host_159330): 0 -> 1
Cell (virus_2833022,host_452654): 0 -> 1
Cell (virus_2833022,host_587652): 0 -> 1
Cell (virus_2833022,host_385037): 0 -> 1
Cell (virus_2833022,host_155035): 0 -> 1
Cell (virus_2833022,host_633648): 0 -> 1
Cell (virus_2833022,host_258925): 0 -> 1
Cell (virus_2833022,host_177185): 0 -> 1
Cell (virus_2833022,host_187017): 0 -> 1
Cell (virus_2833022,host_159858): 0 -> 1
Cell (virus_2833022,host_169756): 0 -> 1
Cell (virus_2833022,host_188570): 0 -> 1
Cell (virus_2833022,host_196889): 0 -> 1
Cell (virus_2833022,host_867892): 0 -> 1
Cell (virus_2833022,host_476588): 0 -> 1
Cell (virus_2833022,host_337452): 0 -> 1
Cell (virus_2833022,host_76837): 0 -> 1
Cell (virus_2833022,host_178895): 0 -> 1
Cell (virus_2833022,host_608708): 0 -> 1
Cell (virus_2833022,host_59477): 0 -> 1
Cell (virus_2833022,host_166054): 0 -> 1
Cell (virus_2833022,host_196297): 0 -> 1
Cell (virus_2833022,host_385575): 0 -> 1
Cell (virus_2833022,host_9402): 0 -> 1
Cell (virus_2833022,host_9403): 0 -> 1
Cell (virus_2833022,host_1410044): 0 -> 1
Cell (virus_2833022,host_1898389): 0 -> 1
Cell (virus_2833022,host_77231): 0 -> 1
Cell (virus_2833022,host_2853157): 0 -> 1
Cell (virus_2833022,host_58067): 0 -> 1
Cell (virus_2833022,host_498220): 0 -> 1
Cell (virus_2833022,host_448084): 0 -> 1
Cell (virus_2833022,host_77243): 0 -> 1
Cell (virus_2833022,host_58073): 0 -> 1
Cell (virus_2833022,host_58083): 0 -> 1
Cell (virus_2833022,host_77223): 0 -> 1
Cell (virus_2833022,host_9408): 0 -> 1
Cell (virus_2833022,host_58063): 0 -> 1
Cell (virus_2833022,host_77214): 0 -> 1
Cell (virus_2833022,host_1898386): 0 -> 1
Cell (virus_2833022,host_298110): 0 -> 1
Cell (virus_2833022,host_374419): 0 -> 1
Cell (virus_2833022,host_326081): 0 -> 1
Cell (virus_2833022,host_326151): 0 -> 1
Cell (virus_2833022,host_138695): 0 -> 1
Cell (virus_2833022,host_208969): 0 -> 1
Cell (virus_2833022,host_40233): 0 -> 1
Cell (virus_2833022,host_148094): 0 -> 1
Cell (virus_2833022,host_27663): 0 -> 1
Cell (virus_2833022,host_574064): 0 -> 1
Cell (virus_2833022,host_27634): 0 -> 1
Cell (virus_2833022,host_40228): 0 -> 1
Cell (virus_2833022,host_40230): 0 -> 1
Cell (virus_2833022,host_192403): 0 -> 1
Cell (virus_2833022,host_27660): 0 -> 1
Cell (virus_2833022,host_177160): 0 -> 1
Cell (virus_2833022,host_27638): 0 -> 1
Cell (virus_2833022,host_2994998): 0 -> 1
Cell (virus_2833022,host_27642): 0 -> 1
Cell (virus_2833022,host_148061): 0 -> 1
Cell (virus_2833022,host_148089): 0 -> 1
Cell (virus_2833022,host_9430): 0 -> 1
Cell (virus_2833022,host_3042450): 0 -> 1
Cell (virus_2833022,host_3371013): 0 -> 1
Cell (virus_2833022,host_59472): 0 -> 1
Cell (virus_2833022,host_1434095): 0 -> 1
Cell (virus_2833022,host_291302): 0 -> 1
Cell (virus_2833022,host_221087): 0 -> 1
Cell (virus_2833022,host_27622): 0 -> 1
Cell (virus_2833022,host_3041509): 0 -> 1
Cell (virus_2833022,host_2218597): 0 -> 1
Cell (virus_2833022,host_258867): 0 -> 1
Cell (virus_2833022,host_242384): 0 -> 1
Cell (virus_2833022,host_258863): 0 -> 1
Cell (virus_2833022,host_9438): 0 -> 1
Cell (virus_2833022,host_249034): 0 -> 1
Cell (virus_2833022,host_258952): 0 -> 1
Cell (virus_2833022,host_258953): 0 -> 1
Cell (virus_2833022,host_249033): 0 -> 1
Cell (virus_2833022,host_272799): 0 -> 1
Cell (virus_2833022,host_61862): 0 -> 1
Cell (virus_2833022,host_258909): 0 -> 1
Cell (virus_2833022,host_909369): 0 -> 1
Cell (virus_2833022,host_29078): 0 -> 1
Cell (virus_2833022,host_3371014): 0 -> 1
Cell (virus_2833022,host_3371016): 0 -> 1
Cell (virus_2833022,host_3371021): 0 -> 1
Cell (virus_2833022,host_360967): 0 -> 1
Cell (virus_2833022,host_59474): 0 -> 1
Cell (virus_2833022,host_999321): 0 -> 1
Cell (virus_2833022,host_867834): 0 -> 1
Cell (virus_2833022,host_143942): 0 -> 1
Cell (virus_2833022,host_258889): 0 -> 1
Cell (virus_2833022,host_2491053): 0 -> 1
Cell (virus_2833022,host_110938): 0 -> 1
Cell (virus_2833022,host_258944): 0 -> 1
Cell (virus_2833022,host_59485): 0 -> 1
Cell (virus_2913444,host_105295): 0 -> 1
Cell (virus_2913444,host_51300): 0 -> 1
Cell (virus_2913444,host_294653): 0 -> 1
Cell (virus_2913444,host_59473): 0 -> 1
Cell (virus_2913444,host_3380546): 0 -> 1
Cell (virus_2913444,host_9435): 0 -> 1
Cell (virus_2913444,host_257882): 0 -> 1
Cell (virus_2913444,host_109480): 0 -> 1
Cell (virus_2913444,host_160974): 0 -> 1
Cell (virus_2913444,host_519446): 0 -> 1
Cell (virus_2913444,host_109481): 0 -> 1
Cell (virus_2913444,host_2528591): 0 -> 1
Cell (virus_2913444,host_412095): 0 -> 1
Cell (virus_2913444,host_225399): 0 -> 1
Cell (virus_2913444,host_386774): 0 -> 1
Cell (virus_2913444,host_392318): 0 -> 1
Cell (virus_2913444,host_138977): 0 -> 1
Cell (virus_2913444,host_138979): 0 -> 1
Cell (virus_2913444,host_159330): 0 -> 1
Cell (virus_2913444,host_452654): 0 -> 1
Cell (virus_2913444,host_587652): 0 -> 1
Cell (virus_2913444,host_385037): 0 -> 1
Cell (virus_2913444,host_155035): 0 -> 1
Cell (virus_2913444,host_633648): 0 -> 1
Cell (virus_2913444,host_258925): 0 -> 1
Cell (virus_2913444,host_177185): 0 -> 1
Cell (virus_2913444,host_187017): 0 -> 1
Cell (virus_2913444,host_159858): 0 -> 1
Cell (virus_2913444,host_169756): 0 -> 1
Cell (virus_2913444,host_188570): 0 -> 1
Cell (virus_2913444,host_196889): 0 -> 1
Cell (virus_2913444,host_867892): 0 -> 1
Cell (virus_2913444,host_476588): 0 -> 1
Cell (virus_2913444,host_337452): 0 -> 1
Cell (virus_2913444,host_76837): 0 -> 1
Cell (virus_2913444,host_178895): 0 -> 1
Cell (virus_2913444,host_608708): 0 -> 1
Cell (virus_2913444,host_59477): 0 -> 1
Cell (virus_2913444,host_166054): 0 -> 1
Cell (virus_2913444,host_196297): 0 -> 1
Cell (virus_2913444,host_385575): 0 -> 1
Cell (virus_2913444,host_9402): 0 -> 1
Cell (virus_2913444,host_9403): 0 -> 1
Cell (virus_2913444,host_1410044): 0 -> 1
Cell (virus_2913444,host_1898389): 0 -> 1
Cell (virus_2913444,host_77231): 0 -> 1
Cell (virus_2913444,host_2853157): 0 -> 1
Cell (virus_2913444,host_58067): 0 -> 1
Cell (virus_2913444,host_498220): 0 -> 1
Cell (virus_2913444,host_448084): 0 -> 1
Cell (virus_2913444,host_77243): 0 -> 1
Cell (virus_2913444,host_58073): 0 -> 1
Cell (virus_2913444,host_58083): 0 -> 1
Cell (virus_2913444,host_77223): 0 -> 1
Cell (virus_2913444,host_9408): 0 -> 1
Cell (virus_2913444,host_58063): 0 -> 1
Cell (virus_2913444,host_77214): 0 -> 1
Cell (virus_2913444,host_1898386): 0 -> 1
Cell (virus_2913444,host_298110): 0 -> 1
Cell (virus_2913444,host_374419): 0 -> 1
Cell (virus_2913444,host_326081): 0 -> 1
Cell (virus_2913444,host_326151): 0 -> 1
Cell (virus_2913444,host_138695): 0 -> 1
Cell (virus_2913444,host_208969): 0 -> 1
Cell (virus_2913444,host_40233): 0 -> 1
Cell (virus_2913444,host_148094): 0 -> 1
Cell (virus_2913444,host_27663): 0 -> 1
Cell (virus_2913444,host_574064): 0 -> 1
Cell (virus_2913444,host_27634): 0 -> 1
Cell (virus_2913444,host_40228): 0 -> 1
Cell (virus_2913444,host_40230): 0 -> 1
Cell (virus_2913444,host_192403): 0 -> 1
Cell (virus_2913444,host_27660): 0 -> 1
Cell (virus_2913444,host_177160): 0 -> 1
Cell (virus_2913444,host_27638): 0 -> 1
Cell (virus_2913444,host_2994998): 0 -> 1
Cell (virus_2913444,host_27642): 0 -> 1
Cell (virus_2913444,host_148061): 0 -> 1
Cell (virus_2913444,host_148089): 0 -> 1
Cell (virus_2913444,host_9430): 0 -> 1
Cell (virus_2913444,host_3042450): 0 -> 1
Cell (virus_2913444,host_3371013): 0 -> 1
Cell (virus_2913444,host_59472): 0 -> 1
Cell (virus_2913444,host_1434095): 0 -> 1
Cell (virus_2913444,host_291302): 0 -> 1
Cell (virus_2913444,host_221087): 0 -> 1
Cell (virus_2913444,host_27622): 0 -> 1
Cell (virus_2913444,host_3041509): 0 -> 1
Cell (virus_2913444,host_2218597): 0 -> 1
Cell (virus_2913444,host_258867): 0 -> 1
Cell (virus_2913444,host_242384): 0 -> 1
Cell (virus_2913444,host_258863): 0 -> 1
Cell (virus_2913444,host_9438): 0 -> 1
Cell (virus_2913444,host_249034): 0 -> 1
Cell (virus_2913444,host_258952): 0 -> 1
Cell (virus_2913444,host_258953): 0 -> 1
Cell (virus_2913444,host_249033): 0 -> 1
Cell (virus_2913444,host_272799): 0 -> 1
Cell (virus_2913444,host_61862): 0 -> 1
Cell (virus_2913444,host_258909): 0 -> 1
Cell (virus_2913444,host_909369): 0 -> 1
Cell (virus_2913444,host_29078): 0 -> 1
Cell (virus_2913444,host_3371014): 0 -> 1
Cell (virus_2913444,host_3371016): 0 -> 1
Cell (virus_2913444,host_3371021): 0 -> 1
Cell (virus_2913444,host_360967): 0 -> 1
Cell (virus_2913444,host_59474): 0 -> 1
Cell (virus_2913444,host_999321): 0 -> 1
Cell (virus_2913444,host_867834): 0 -> 1
Cell (virus_2913444,host_258889): 0 -> 1
Cell (virus_2913444,host_2491053): 0 -> 1
Cell (virus_2913444,host_110938): 0 -> 1
Cell (virus_2913444,host_258944): 0 -> 1
Cell (virus_2913444,host_59485): 0 -> 1
Cell (virus_3418614,host_105295): 0 -> 1
Cell (virus_3418614,host_51300): 0 -> 1
Cell (virus_3418614,host_294653): 0 -> 1
Cell (virus_3418614,host_59473): 0 -> 1
Cell (virus_3418614,host_3380546): 0 -> 1
Cell (virus_3418614,host_9435): 0 -> 1
Cell (virus_3418614,host_257882): 0 -> 1
Cell (virus_3418614,host_109480): 0 -> 1
Cell (virus_3418614,host_160974): 0 -> 1
Cell (virus_3418614,host_519446): 0 -> 1
Cell (virus_3418614,host_109481): 0 -> 1
Cell (virus_3418614,host_2528591): 0 -> 1
Cell (virus_3418614,host_412095): 0 -> 1
Cell (virus_3418614,host_225399): 0 -> 1
Cell (virus_3418614,host_386774): 0 -> 1
Cell (virus_3418614,host_392318): 0 -> 1
Cell (virus_3418614,host_138977): 0 -> 1
Cell (virus_3418614,host_138979): 0 -> 1
Cell (virus_3418614,host_159330): 0 -> 1
Cell (virus_3418614,host_452654): 0 -> 1
Cell (virus_3418614,host_587652): 0 -> 1
Cell (virus_3418614,host_385037): 0 -> 1
Cell (virus_3418614,host_155035): 0 -> 1
Cell (virus_3418614,host_633648): 0 -> 1
Cell (virus_3418614,host_258925): 0 -> 1
Cell (virus_3418614,host_177185): 0 -> 1
Cell (virus_3418614,host_187017): 0 -> 1
Cell (virus_3418614,host_159858): 0 -> 1
Cell (virus_3418614,host_169756): 0 -> 1
Cell (virus_3418614,host_188570): 0 -> 1
Cell (virus_3418614,host_196889): 0 -> 1
Cell (virus_3418614,host_867892): 0 -> 1
Cell (virus_3418614,host_476588): 0 -> 1
Cell (virus_3418614,host_337452): 0 -> 1
Cell (virus_3418614,host_76837): 0 -> 1
Cell (virus_3418614,host_178895): 0 -> 1
Cell (virus_3418614,host_608708): 0 -> 1
Cell (virus_3418614,host_59477): 0 -> 1
Cell (virus_3418614,host_166054): 0 -> 1
Cell (virus_3418614,host_196297): 0 -> 1
Cell (virus_3418614,host_385575): 0 -> 1
Cell (virus_3418614,host_9402): 0 -> 1
Cell (virus_3418614,host_9403): 0 -> 1
Cell (virus_3418614,host_1410044): 0 -> 1
Cell (virus_3418614,host_1898389): 0 -> 1
Cell (virus_3418614,host_77231): 0 -> 1
Cell (virus_3418614,host_2853157): 0 -> 1
Cell (virus_3418614,host_58067): 0 -> 1
Cell (virus_3418614,host_498220): 0 -> 1
Cell (virus_3418614,host_448084): 0 -> 1
Cell (virus_3418614,host_77243): 0 -> 1
Cell (virus_3418614,host_58073): 0 -> 1
Cell (virus_3418614,host_58083): 0 -> 1
Cell (virus_3418614,host_77223): 0 -> 1
Cell (virus_3418614,host_9408): 0 -> 1
Cell (virus_3418614,host_58063): 0 -> 1
Cell (virus_3418614,host_77214): 0 -> 1
Cell (virus_3418614,host_1898386): 0 -> 1
Cell (virus_3418614,host_298110): 0 -> 1
Cell (virus_3418614,host_374419): 0 -> 1
Cell (virus_3418614,host_326081): 0 -> 1
Cell (virus_3418614,host_326151): 0 -> 1
Cell (virus_3418614,host_138695): 0 -> 1
Cell (virus_3418614,host_208969): 0 -> 1
Cell (virus_3418614,host_40233): 0 -> 1
Cell (virus_3418614,host_148094): 0 -> 1
Cell (virus_3418614,host_27663): 0 -> 1
Cell (virus_3418614,host_574064): 0 -> 1
Cell (virus_3418614,host_27634): 0 -> 1
Cell (virus_3418614,host_40228): 0 -> 1
Cell (virus_3418614,host_40230): 0 -> 1
Cell (virus_3418614,host_192403): 0 -> 1
Cell (virus_3418614,host_27660): 0 -> 1
Cell (virus_3418614,host_177160): 0 -> 1
Cell (virus_3418614,host_27638): 0 -> 1
Cell (virus_3418614,host_2994998): 0 -> 1
Cell (virus_3418614,host_27642): 0 -> 1
Cell (virus_3418614,host_148061): 0 -> 1
Cell (virus_3418614,host_148089): 0 -> 1
Cell (virus_3418614,host_9430): 0 -> 1
Cell (virus_3418614,host_3042450): 0 -> 1
Cell (virus_3418614,host_3371013): 0 -> 1
Cell (virus_3418614,host_59472): 0 -> 1
Cell (virus_3418614,host_1434095): 0 -> 1
Cell (virus_3418614,host_291302): 0 -> 1
Cell (virus_3418614,host_221087): 0 -> 1
Cell (virus_3418614,host_27622): 0 -> 1
Cell (virus_3418614,host_3041509): 0 -> 1
Cell (virus_3418614,host_2218597): 0 -> 1
Cell (virus_3418614,host_258867): 0 -> 1
Cell (virus_3418614,host_242384): 0 -> 1
Cell (virus_3418614,host_258863): 0 -> 1
Cell (virus_3418614,host_9438): 0 -> 1
Cell (virus_3418614,host_249034): 0 -> 1
Cell (virus_3418614,host_258952): 0 -> 1
Cell (virus_3418614,host_258953): 0 -> 1
Cell (virus_3418614,host_249033): 0 -> 1
Cell (virus_3418614,host_272799): 0 -> 1
Cell (virus_3418614,host_258909): 0 -> 1
Cell (virus_3418614,host_909369): 0 -> 1
Cell (virus_3418614,host_29078): 0 -> 1
Cell (virus_3418614,host_3371014): 0 -> 1
Cell (virus_3418614,host_3371016): 0 -> 1
Cell (virus_3418614,host_3371021): 0 -> 1
Cell (virus_3418614,host_360967): 0 -> 1
Cell (virus_3418614,host_59474): 0 -> 1
Cell (virus_3418614,host_999321): 0 -> 1
Cell (virus_3418614,host_867834): 0 -> 1
Cell (virus_3418614,host_258889): 0 -> 1
Cell (virus_3418614,host_2491053): 0 -> 1
Cell (virus_3418614,host_110938): 0 -> 1
Cell (virus_3418614,host_258944): 0 -> 1
Cell (virus_3418614,host_59485): 0 -> 1
Cell (virus_2913379,host_105295): 0 -> 1
Cell (virus_2913379,host_51300): 0 -> 1
Cell (virus_2913379,host_294653): 0 -> 1
Cell (virus_2913379,host_59473): 0 -> 1
Cell (virus_2913379,host_3380546): 0 -> 1
Cell (virus_2913379,host_9435): 0 -> 1
Cell (virus_2913379,host_257882): 0 -> 1
Cell (virus_2913379,host_109480): 0 -> 1
Cell (virus_2913379,host_160974): 0 -> 1
Cell (virus_2913379,host_519446): 0 -> 1
Cell (virus_2913379,host_109481): 0 -> 1
Cell (virus_2913379,host_2528591): 0 -> 1
Cell (virus_2913379,host_412095): 0 -> 1
Cell (virus_2913379,host_225399): 0 -> 1
Cell (virus_2913379,host_386774): 0 -> 1
Cell (virus_2913379,host_392318): 0 -> 1
Cell (virus_2913379,host_138977): 0 -> 1
Cell (virus_2913379,host_138979): 0 -> 1
Cell (virus_2913379,host_159330): 0 -> 1
Cell (virus_2913379,host_452654): 0 -> 1
Cell (virus_2913379,host_587652): 0 -> 1
Cell (virus_2913379,host_155915): 0 -> 1
Cell (virus_2913379,host_385037): 0 -> 1
Cell (virus_2913379,host_155035): 0 -> 1
Cell (virus_2913379,host_633648): 0 -> 1
Cell (virus_2913379,host_258925): 0 -> 1
Cell (virus_2913379,host_177185): 0 -> 1
Cell (virus_2913379,host_187017): 0 -> 1
Cell (virus_2913379,host_159858): 0 -> 1
Cell (virus_2913379,host_169756): 0 -> 1
Cell (virus_2913379,host_188570): 0 -> 1
Cell (virus_2913379,host_196889): 0 -> 1
Cell (virus_2913379,host_867892): 0 -> 1
Cell (virus_2913379,host_476588): 0 -> 1
Cell (virus_2913379,host_337452): 0 -> 1
Cell (virus_2913379,host_76837): 0 -> 1
Cell (virus_2913379,host_178895): 0 -> 1
Cell (virus_2913379,host_608708): 0 -> 1
Cell (virus_2913379,host_59477): 0 -> 1
Cell (virus_2913379,host_166054): 0 -> 1
Cell (virus_2913379,host_196297): 0 -> 1
Cell (virus_2913379,host_385575): 0 -> 1
Cell (virus_2913379,host_9402): 0 -> 1
Cell (virus_2913379,host_9403): 0 -> 1
Cell (virus_2913379,host_1410044): 0 -> 1
Cell (virus_2913379,host_1898389): 0 -> 1
Cell (virus_2913379,host_77231): 0 -> 1
Cell (virus_2913379,host_2853157): 0 -> 1
Cell (virus_2913379,host_58067): 0 -> 1
Cell (virus_2913379,host_498220): 0 -> 1
Cell (virus_2913379,host_448084): 0 -> 1
Cell (virus_2913379,host_77243): 0 -> 1
Cell (virus_2913379,host_58073): 0 -> 1
Cell (virus_2913379,host_58083): 0 -> 1
Cell (virus_2913379,host_77223): 0 -> 1
Cell (virus_2913379,host_58063): 0 -> 1
Cell (virus_2913379,host_77214): 0 -> 1
Cell (virus_2913379,host_1898386): 0 -> 1
Cell (virus_2913379,host_298110): 0 -> 1
Cell (virus_2913379,host_374419): 0 -> 1
Cell (virus_2913379,host_326081): 0 -> 1
Cell (virus_2913379,host_326151): 0 -> 1
Cell (virus_2913379,host_138695): 0 -> 1
Cell (virus_2913379,host_208969): 0 -> 1
Cell (virus_2913379,host_40233): 0 -> 1
Cell (virus_2913379,host_148094): 0 -> 1
Cell (virus_2913379,host_27663): 0 -> 1
Cell (virus_2913379,host_574064): 0 -> 1
Cell (virus_2913379,host_27634): 0 -> 1
Cell (virus_2913379,host_40228): 0 -> 1
Cell (virus_2913379,host_40230): 0 -> 1
Cell (virus_2913379,host_192403): 0 -> 1
Cell (virus_2913379,host_27660): 0 -> 1
Cell (virus_2913379,host_177160): 0 -> 1
Cell (virus_2913379,host_27638): 0 -> 1
Cell (virus_2913379,host_2994998): 0 -> 1
Cell (virus_2913379,host_27642): 0 -> 1
Cell (virus_2913379,host_148061): 0 -> 1
Cell (virus_2913379,host_148089): 0 -> 1
Cell (virus_2913379,host_9430): 0 -> 1
Cell (virus_2913379,host_3042450): 0 -> 1
Cell (virus_2913379,host_3371013): 0 -> 1
Cell (virus_2913379,host_59472): 0 -> 1
Cell (virus_2913379,host_1434095): 0 -> 1
Cell (virus_2913379,host_291302): 0 -> 1
Cell (virus_2913379,host_27622): 0 -> 1
Cell (virus_2913379,host_3041509): 0 -> 1
Cell (virus_2913379,host_2218597): 0 -> 1
Cell (virus_2913379,host_258867): 0 -> 1
Cell (virus_2913379,host_242384): 0 -> 1
Cell (virus_2913379,host_258863): 0 -> 1
Cell (virus_2913379,host_9438): 0 -> 1
Cell (virus_2913379,host_249034): 0 -> 1
Cell (virus_2913379,host_258952): 0 -> 1
Cell (virus_2913379,host_258953): 0 -> 1
Cell (virus_2913379,host_249033): 0 -> 1
Cell (virus_2913379,host_272799): 0 -> 1
Cell (virus_2913379,host_258909): 0 -> 1
Cell (virus_2913379,host_909369): 0 -> 1
Cell (virus_2913379,host_29078): 0 -> 1
Cell (virus_2913379,host_3371014): 0 -> 1
Cell (virus_2913379,host_3371016): 0 -> 1
Cell (virus_2913379,host_3371021): 0 -> 1
Cell (virus_2913379,host_360967): 0 -> 1
Cell (virus_2913379,host_59474): 0 -> 1
Cell (virus_2913379,host_999321): 0 -> 1
Cell (virus_2913379,host_867834): 0 -> 1
Cell (virus_2913379,host_258889): 0 -> 1
Cell (virus_2913379,host_2491053): 0 -> 1
Cell (virus_2913379,host_110938): 0 -> 1
Cell (virus_2913379,host_258944): 0 -> 1
Cell (virus_2913379,host_59485): 0 -> 1
Cell (virus_2913381,host_105295): 0 -> 1
Cell (virus_2913381,host_51300): 0 -> 1
Cell (virus_2913381,host_294653): 0 -> 1
Cell (virus_2913381,host_59473): 0 -> 1
Cell (virus_2913381,host_3380546): 0 -> 1
Cell (virus_2913381,host_9435): 0 -> 1
Cell (virus_2913381,host_257882): 0 -> 1
Cell (virus_2913381,host_109480): 0 -> 1
Cell (virus_2913381,host_160974): 0 -> 1
Cell (virus_2913381,host_519446): 0 -> 1
Cell (virus_2913381,host_109481): 0 -> 1
Cell (virus_2913381,host_2528591): 0 -> 1
Cell (virus_2913381,host_412095): 0 -> 1
Cell (virus_2913381,host_225399): 0 -> 1
Cell (virus_2913381,host_386774): 0 -> 1
Cell (virus_2913381,host_392318): 0 -> 1
Cell (virus_2913381,host_138977): 0 -> 1
Cell (virus_2913381,host_138979): 0 -> 1
Cell (virus_2913381,host_159330): 0 -> 1
Cell (virus_2913381,host_452654): 0 -> 1
Cell (virus_2913381,host_587652): 0 -> 1
Cell (virus_2913381,host_155915): 0 -> 1
Cell (virus_2913381,host_385037): 0 -> 1
Cell (virus_2913381,host_155035): 0 -> 1
Cell (virus_2913381,host_633648): 0 -> 1
Cell (virus_2913381,host_258925): 0 -> 1
Cell (virus_2913381,host_177185): 0 -> 1
Cell (virus_2913381,host_187017): 0 -> 1
Cell (virus_2913381,host_159858): 0 -> 1
Cell (virus_2913381,host_169756): 0 -> 1
Cell (virus_2913381,host_188570): 0 -> 1
Cell (virus_2913381,host_196889): 0 -> 1
Cell (virus_2913381,host_867892): 0 -> 1
Cell (virus_2913381,host_476588): 0 -> 1
Cell (virus_2913381,host_337452): 0 -> 1
Cell (virus_2913381,host_76837): 0 -> 1
Cell (virus_2913381,host_178895): 0 -> 1
Cell (virus_2913381,host_608708): 0 -> 1
Cell (virus_2913381,host_59477): 0 -> 1
Cell (virus_2913381,host_166054): 0 -> 1
Cell (virus_2913381,host_196297): 0 -> 1
Cell (virus_2913381,host_385575): 0 -> 1
Cell (virus_2913381,host_9402): 0 -> 1
Cell (virus_2913381,host_9403): 0 -> 1
Cell (virus_2913381,host_1410044): 0 -> 1
Cell (virus_2913381,host_1898389): 0 -> 1
Cell (virus_2913381,host_77231): 0 -> 1
Cell (virus_2913381,host_2853157): 0 -> 1
Cell (virus_2913381,host_58067): 0 -> 1
Cell (virus_2913381,host_498220): 0 -> 1
Cell (virus_2913381,host_448084): 0 -> 1
Cell (virus_2913381,host_77243): 0 -> 1
Cell (virus_2913381,host_58073): 0 -> 1
Cell (virus_2913381,host_58083): 0 -> 1
Cell (virus_2913381,host_77223): 0 -> 1
Cell (virus_2913381,host_58063): 0 -> 1
Cell (virus_2913381,host_77214): 0 -> 1
Cell (virus_2913381,host_1898386): 0 -> 1
Cell (virus_2913381,host_298110): 0 -> 1
Cell (virus_2913381,host_374419): 0 -> 1
Cell (virus_2913381,host_326081): 0 -> 1
Cell (virus_2913381,host_326151): 0 -> 1
Cell (virus_2913381,host_138695): 0 -> 1
Cell (virus_2913381,host_208969): 0 -> 1
Cell (virus_2913381,host_40233): 0 -> 1
Cell (virus_2913381,host_148094): 0 -> 1
Cell (virus_2913381,host_27663): 0 -> 1
Cell (virus_2913381,host_574064): 0 -> 1
Cell (virus_2913381,host_27634): 0 -> 1
Cell (virus_2913381,host_40228): 0 -> 1
Cell (virus_2913381,host_40230): 0 -> 1
Cell (virus_2913381,host_192403): 0 -> 1
Cell (virus_2913381,host_27660): 0 -> 1
Cell (virus_2913381,host_177160): 0 -> 1
Cell (virus_2913381,host_27638): 0 -> 1
Cell (virus_2913381,host_2994998): 0 -> 1
Cell (virus_2913381,host_27642): 0 -> 1
Cell (virus_2913381,host_148061): 0 -> 1
Cell (virus_2913381,host_148089): 0 -> 1
Cell (virus_2913381,host_9430): 0 -> 1
Cell (virus_2913381,host_94961): 0 -> 1
Cell (virus_2913381,host_3042450): 0 -> 1
Cell (virus_2913381,host_3371013): 0 -> 1
Cell (virus_2913381,host_59472): 0 -> 1
Cell (virus_2913381,host_9414): 0 -> 1
Cell (virus_2913381,host_1434095): 0 -> 1
Cell (virus_2913381,host_291302): 0 -> 1
Cell (virus_2913381,host_27622): 0 -> 1
Cell (virus_2913381,host_3041509): 0 -> 1
Cell (virus_2913381,host_2218597): 0 -> 1
Cell (virus_2913381,host_258867): 0 -> 1
Cell (virus_2913381,host_242384): 0 -> 1
Cell (virus_2913381,host_258863): 0 -> 1
Cell (virus_2913381,host_9438): 0 -> 1
Cell (virus_2913381,host_249034): 0 -> 1
Cell (virus_2913381,host_258952): 0 -> 1
Cell (virus_2913381,host_258953): 0 -> 1
Cell (virus_2913381,host_249033): 0 -> 1
Cell (virus_2913381,host_272799): 0 -> 1
Cell (virus_2913381,host_258909): 0 -> 1
Cell (virus_2913381,host_909369): 0 -> 1
Cell (virus_2913381,host_29078): 0 -> 1
Cell (virus_2913381,host_3371014): 0 -> 1
Cell (virus_2913381,host_3371016): 0 -> 1
Cell (virus_2913381,host_3371021): 0 -> 1
Cell (virus_2913381,host_360967): 0 -> 1
Cell (virus_2913381,host_59474): 0 -> 1
Cell (virus_2913381,host_999321): 0 -> 1
Cell (virus_2913381,host_867834): 0 -> 1
Cell (virus_2913381,host_258889): 0 -> 1
Cell (virus_2913381,host_2491053): 0 -> 1
Cell (virus_2913381,host_110938): 0 -> 1
Cell (virus_2913381,host_258944): 0 -> 1
Cell (virus_2913381,host_59485): 0 -> 1
Cell (virus_3418613,host_105295): 0 -> 1
Cell (virus_3418613,host_51300): 0 -> 1
Cell (virus_3418613,host_294653): 0 -> 1
Cell (virus_3418613,host_59473): 0 -> 1
Cell (virus_3418613,host_3380546): 0 -> 1
Cell (virus_3418613,host_9435): 0 -> 1
Cell (virus_3418613,host_257882): 0 -> 1
Cell (virus_3418613,host_109480): 0 -> 1
Cell (virus_3418613,host_160974): 0 -> 1
Cell (virus_3418613,host_519446): 0 -> 1
Cell (virus_3418613,host_109481): 0 -> 1
Cell (virus_3418613,host_2528591): 0 -> 1
Cell (virus_3418613,host_412095): 0 -> 1
Cell (virus_3418613,host_225399): 0 -> 1
Cell (virus_3418613,host_386774): 0 -> 1
Cell (virus_3418613,host_392318): 0 -> 1
Cell (virus_3418613,host_138977): 0 -> 1
Cell (virus_3418613,host_138979): 0 -> 1
Cell (virus_3418613,host_159330): 0 -> 1
Cell (virus_3418613,host_452654): 0 -> 1
Cell (virus_3418613,host_587652): 0 -> 1
Cell (virus_3418613,host_155915): 0 -> 1
Cell (virus_3418613,host_385037): 0 -> 1
Cell (virus_3418613,host_155035): 0 -> 1
Cell (virus_3418613,host_633648): 0 -> 1
Cell (virus_3418613,host_258925): 0 -> 1
Cell (virus_3418613,host_177185): 0 -> 1
Cell (virus_3418613,host_187017): 0 -> 1
Cell (virus_3418613,host_159858): 0 -> 1
Cell (virus_3418613,host_169756): 0 -> 1
Cell (virus_3418613,host_188570): 0 -> 1
Cell (virus_3418613,host_188572): 0 -> 1
Cell (virus_3418613,host_196889): 0 -> 1
Cell (virus_3418613,host_867892): 0 -> 1
Cell (virus_3418613,host_476588): 0 -> 1
Cell (virus_3418613,host_337452): 0 -> 1
Cell (virus_3418613,host_76837): 0 -> 1
Cell (virus_3418613,host_608659): 0 -> 1
Cell (virus_3418613,host_178895): 0 -> 1
Cell (virus_3418613,host_608708): 0 -> 1
Cell (virus_3418613,host_59477): 0 -> 1
Cell (virus_3418613,host_166054): 0 -> 1
Cell (virus_3418613,host_196297): 0 -> 1
Cell (virus_3418613,host_385575): 0 -> 1
Cell (virus_3418613,host_9402): 0 -> 1
Cell (virus_3418613,host_9403): 0 -> 1
Cell (virus_3418613,host_1410044): 0 -> 1
Cell (virus_3418613,host_1898389): 0 -> 1
Cell (virus_3418613,host_77231): 0 -> 1
Cell (virus_3418613,host_2853157): 0 -> 1
Cell (virus_3418613,host_58067): 0 -> 1
Cell (virus_3418613,host_498220): 0 -> 1
Cell (virus_3418613,host_448084): 0 -> 1
Cell (virus_3418613,host_77243): 0 -> 1
Cell (virus_3418613,host_58073): 0 -> 1
Cell (virus_3418613,host_58083): 0 -> 1
Cell (virus_3418613,host_77223): 0 -> 1
Cell (virus_3418613,host_58063): 0 -> 1
Cell (virus_3418613,host_77214): 0 -> 1
Cell (virus_3418613,host_1898386): 0 -> 1
Cell (virus_3418613,host_298110): 0 -> 1
Cell (virus_3418613,host_374419): 0 -> 1
Cell (virus_3418613,host_326081): 0 -> 1
Cell (virus_3418613,host_326151): 0 -> 1
Cell (virus_3418613,host_138695): 0 -> 1
Cell (virus_3418613,host_208969): 0 -> 1
Cell (virus_3418613,host_40233): 0 -> 1
Cell (virus_3418613,host_148094): 0 -> 1
Cell (virus_3418613,host_27663): 0 -> 1
Cell (virus_3418613,host_574064): 0 -> 1
Cell (virus_3418613,host_27634): 0 -> 1
Cell (virus_3418613,host_40228): 0 -> 1
Cell (virus_3418613,host_40230): 0 -> 1
Cell (virus_3418613,host_192403): 0 -> 1
Cell (virus_3418613,host_27660): 0 -> 1
Cell (virus_3418613,host_177160): 0 -> 1
Cell (virus_3418613,host_27638): 0 -> 1
Cell (virus_3418613,host_2994998): 0 -> 1
Cell (virus_3418613,host_27642): 0 -> 1
Cell (virus_3418613,host_148061): 0 -> 1
Cell (virus_3418613,host_148089): 0 -> 1
Cell (virus_3418613,host_9430): 0 -> 1
Cell (virus_3418613,host_3042450): 0 -> 1
Cell (virus_3418613,host_3371013): 0 -> 1
Cell (virus_3418613,host_59472): 0 -> 1
Cell (virus_3418613,host_1434095): 0 -> 1
Cell (virus_3418613,host_291302): 0 -> 1
Cell (virus_3418613,host_27622): 0 -> 1
Cell (virus_3418613,host_3041509): 0 -> 1
Cell (virus_3418613,host_2218597): 0 -> 1
Cell (virus_3418613,host_258867): 0 -> 1
Cell (virus_3418613,host_242384): 0 -> 1
Cell (virus_3418613,host_258863): 0 -> 1
Cell (virus_3418613,host_9438): 0 -> 1
Cell (virus_3418613,host_249034): 0 -> 1
Cell (virus_3418613,host_258952): 0 -> 1
Cell (virus_3418613,host_258953): 0 -> 1
Cell (virus_3418613,host_249033): 0 -> 1
Cell (virus_3418613,host_272799): 0 -> 1
Cell (virus_3418613,host_258909): 0 -> 1
Cell (virus_3418613,host_909369): 0 -> 1
Cell (virus_3418613,host_29078): 0 -> 1
Cell (virus_3418613,host_3371014): 0 -> 1
Cell (virus_3418613,host_3371016): 0 -> 1
Cell (virus_3418613,host_3371021): 0 -> 1
Cell (virus_3418613,host_360967): 0 -> 1
Cell (virus_3418613,host_59474): 0 -> 1
Cell (virus_3418613,host_999321): 0 -> 1
Cell (virus_3418613,host_867834): 0 -> 1
Cell (virus_3418613,host_258889): 0 -> 1
Cell (virus_3418613,host_2491053): 0 -> 1
Cell (virus_3418613,host_110938): 0 -> 1
Cell (virus_3418613,host_258944): 0 -> 1
Cell (virus_3418613,host_59485): 0 -> 1
Cell (virus_2913443,host_105295): 0 -> 1
Cell (virus_2913443,host_51300): 0 -> 1
Cell (virus_2913443,host_294653): 0 -> 1
Cell (virus_2913443,host_59473): 0 -> 1
Cell (virus_2913443,host_3380546): 0 -> 1
Cell (virus_2913443,host_9435): 0 -> 1
Cell (virus_2913443,host_257882): 0 -> 1
Cell (virus_2913443,host_109480): 0 -> 1
Cell (virus_2913443,host_160974): 0 -> 1
Cell (virus_2913443,host_519446): 0 -> 1
Cell (virus_2913443,host_109481): 0 -> 1
Cell (virus_2913443,host_2528591): 0 -> 1
Cell (virus_2913443,host_412095): 0 -> 1
Cell (virus_2913443,host_225399): 0 -> 1
Cell (virus_2913443,host_386774): 0 -> 1
Cell (virus_2913443,host_392318): 0 -> 1
Cell (virus_2913443,host_138977): 0 -> 1
Cell (virus_2913443,host_138979): 0 -> 1
Cell (virus_2913443,host_159330): 0 -> 1
Cell (virus_2913443,host_452654): 0 -> 1
Cell (virus_2913443,host_587652): 0 -> 1
Cell (virus_2913443,host_385037): 0 -> 1
Cell (virus_2913443,host_155035): 0 -> 1
Cell (virus_2913443,host_633648): 0 -> 1
Cell (virus_2913443,host_258925): 0 -> 1
Cell (virus_2913443,host_177185): 0 -> 1
Cell (virus_2913443,host_187017): 0 -> 1
Cell (virus_2913443,host_159858): 0 -> 1
Cell (virus_2913443,host_169756): 0 -> 1
Cell (virus_2913443,host_188570): 0 -> 1
Cell (virus_2913443,host_196889): 0 -> 1
Cell (virus_2913443,host_867892): 0 -> 1
Cell (virus_2913443,host_476588): 0 -> 1
Cell (virus_2913443,host_337452): 0 -> 1
Cell (virus_2913443,host_76837): 0 -> 1
Cell (virus_2913443,host_178895): 0 -> 1
Cell (virus_2913443,host_608708): 0 -> 1
Cell (virus_2913443,host_59477): 0 -> 1
Cell (virus_2913443,host_166054): 0 -> 1
Cell (virus_2913443,host_196297): 0 -> 1
Cell (virus_2913443,host_385575): 0 -> 1
Cell (virus_2913443,host_9402): 0 -> 1
Cell (virus_2913443,host_9403): 0 -> 1
Cell (virus_2913443,host_1410044): 0 -> 1
Cell (virus_2913443,host_1898389): 0 -> 1
Cell (virus_2913443,host_77231): 0 -> 1
Cell (virus_2913443,host_2853157): 0 -> 1
Cell (virus_2913443,host_58067): 0 -> 1
Cell (virus_2913443,host_498220): 0 -> 1
Cell (virus_2913443,host_448084): 0 -> 1
Cell (virus_2913443,host_77243): 0 -> 1
Cell (virus_2913443,host_58073): 0 -> 1
Cell (virus_2913443,host_58083): 0 -> 1
Cell (virus_2913443,host_77223): 0 -> 1
Cell (virus_2913443,host_58063): 0 -> 1
Cell (virus_2913443,host_77214): 0 -> 1
Cell (virus_2913443,host_1898386): 0 -> 1
Cell (virus_2913443,host_298110): 0 -> 1
Cell (virus_2913443,host_374419): 0 -> 1
Cell (virus_2913443,host_326081): 0 -> 1
Cell (virus_2913443,host_326151): 0 -> 1
Cell (virus_2913443,host_138695): 0 -> 1
Cell (virus_2913443,host_208969): 0 -> 1
Cell (virus_2913443,host_40233): 0 -> 1
Cell (virus_2913443,host_148094): 0 -> 1
Cell (virus_2913443,host_27663): 0 -> 1
Cell (virus_2913443,host_574064): 0 -> 1
Cell (virus_2913443,host_27634): 0 -> 1
Cell (virus_2913443,host_40228): 0 -> 1
Cell (virus_2913443,host_40230): 0 -> 1
Cell (virus_2913443,host_192403): 0 -> 1
Cell (virus_2913443,host_27660): 0 -> 1
Cell (virus_2913443,host_177160): 0 -> 1
Cell (virus_2913443,host_27638): 0 -> 1
Cell (virus_2913443,host_2994998): 0 -> 1
Cell (virus_2913443,host_27642): 0 -> 1
Cell (virus_2913443,host_148061): 0 -> 1
Cell (virus_2913443,host_148089): 0 -> 1
Cell (virus_2913443,host_9430): 0 -> 1
Cell (virus_2913443,host_3042450): 0 -> 1
Cell (virus_2913443,host_59472): 0 -> 1
Cell (virus_2913443,host_1434095): 0 -> 1
Cell (virus_2913443,host_291302): 0 -> 1
Cell (virus_2913443,host_27622): 0 -> 1
Cell (virus_2913443,host_3041509): 0 -> 1
Cell (virus_2913443,host_2218597): 0 -> 1
Cell (virus_2913443,host_258867): 0 -> 1
Cell (virus_2913443,host_242384): 0 -> 1
Cell (virus_2913443,host_258863): 0 -> 1
Cell (virus_2913443,host_9438): 0 -> 1
Cell (virus_2913443,host_249034): 0 -> 1
Cell (virus_2913443,host_258952): 0 -> 1
Cell (virus_2913443,host_258953): 0 -> 1
Cell (virus_2913443,host_249033): 0 -> 1
Cell (virus_2913443,host_272799): 0 -> 1
Cell (virus_2913443,host_258909): 0 -> 1
Cell (virus_2913443,host_909369): 0 -> 1
Cell (virus_2913443,host_29078): 0 -> 1
Cell (virus_2913443,host_3371014): 0 -> 1
Cell (virus_2913443,host_3371016): 0 -> 1
Cell (virus_2913443,host_3371021): 0 -> 1
Cell (virus_2913443,host_360967): 0 -> 1
Cell (virus_2913443,host_59474): 0 -> 1
Cell (virus_2913443,host_867834): 0 -> 1
Cell (virus_2913443,host_258889): 0 -> 1
Cell (virus_2913443,host_2491053): 0 -> 1
Cell (virus_2913443,host_110938): 0 -> 1
Cell (virus_2913443,host_258944): 0 -> 1
Cell (virus_2913443,host_59485): 0 -> 1
Cell (virus_2972746,host_105295): 0 -> 1
Cell (virus_2972746,host_51300): 0 -> 1
Cell (virus_2972746,host_294653): 0 -> 1
Cell (virus_2972746,host_59473): 0 -> 1
Cell (virus_2972746,host_3380546): 0 -> 1
Cell (virus_2972746,host_9435): 0 -> 1
Cell (virus_2972746,host_257882): 0 -> 1
Cell (virus_2972746,host_109480): 0 -> 1
Cell (virus_2972746,host_160974): 0 -> 1
Cell (virus_2972746,host_519446): 0 -> 1
Cell (virus_2972746,host_109481): 0 -> 1
Cell (virus_2972746,host_2528591): 0 -> 1
Cell (virus_2972746,host_412095): 0 -> 1
Cell (virus_2972746,host_225399): 0 -> 1
Cell (virus_2972746,host_386774): 0 -> 1
Cell (virus_2972746,host_392318): 0 -> 1
Cell (virus_2972746,host_138977): 0 -> 1
Cell (virus_2972746,host_138979): 0 -> 1
Cell (virus_2972746,host_159330): 0 -> 1
Cell (virus_2972746,host_452654): 0 -> 1
Cell (virus_2972746,host_587652): 0 -> 1
Cell (virus_2972746,host_385037): 0 -> 1
Cell (virus_2972746,host_155035): 0 -> 1
Cell (virus_2972746,host_633648): 0 -> 1
Cell (virus_2972746,host_258925): 0 -> 1
Cell (virus_2972746,host_177185): 0 -> 1
Cell (virus_2972746,host_187017): 0 -> 1
Cell (virus_2972746,host_159858): 0 -> 1
Cell (virus_2972746,host_169756): 0 -> 1
Cell (virus_2972746,host_188570): 0 -> 1
Cell (virus_2972746,host_196889): 0 -> 1
Cell (virus_2972746,host_867892): 0 -> 1
Cell (virus_2972746,host_476588): 0 -> 1
Cell (virus_2972746,host_337452): 0 -> 1
Cell (virus_2972746,host_76837): 0 -> 1
Cell (virus_2972746,host_178895): 0 -> 1
Cell (virus_2972746,host_608708): 0 -> 1
Cell (virus_2972746,host_59477): 0 -> 1
Cell (virus_2972746,host_166054): 0 -> 1
Cell (virus_2972746,host_196297): 0 -> 1
Cell (virus_2972746,host_385575): 0 -> 1
Cell (virus_2972746,host_9402): 0 -> 1
Cell (virus_2972746,host_9403): 0 -> 1
Cell (virus_2972746,host_1410044): 0 -> 1
Cell (virus_2972746,host_1898389): 0 -> 1
Cell (virus_2972746,host_77231): 0 -> 1
Cell (virus_2972746,host_2853157): 0 -> 1
Cell (virus_2972746,host_58067): 0 -> 1
Cell (virus_2972746,host_498220): 0 -> 1
Cell (virus_2972746,host_448084): 0 -> 1
Cell (virus_2972746,host_77243): 0 -> 1
Cell (virus_2972746,host_58073): 0 -> 1
Cell (virus_2972746,host_58083): 0 -> 1
Cell (virus_2972746,host_77223): 0 -> 1
Cell (virus_2972746,host_58063): 0 -> 1
Cell (virus_2972746,host_77214): 0 -> 1
Cell (virus_2972746,host_1898386): 0 -> 1
Cell (virus_2972746,host_298110): 0 -> 1
Cell (virus_2972746,host_374419): 0 -> 1
Cell (virus_2972746,host_326081): 0 -> 1
Cell (virus_2972746,host_326151): 0 -> 1
Cell (virus_2972746,host_138695): 0 -> 1
Cell (virus_2972746,host_208969): 0 -> 1
Cell (virus_2972746,host_40233): 0 -> 1
Cell (virus_2972746,host_148094): 0 -> 1
Cell (virus_2972746,host_27663): 0 -> 1
Cell (virus_2972746,host_574064): 0 -> 1
Cell (virus_2972746,host_27634): 0 -> 1
Cell (virus_2972746,host_40228): 0 -> 1
Cell (virus_2972746,host_40230): 0 -> 1
Cell (virus_2972746,host_192403): 0 -> 1
Cell (virus_2972746,host_27660): 0 -> 1
Cell (virus_2972746,host_177160): 0 -> 1
Cell (virus_2972746,host_27638): 0 -> 1
Cell (virus_2972746,host_2994998): 0 -> 1
Cell (virus_2972746,host_27642): 0 -> 1
Cell (virus_2972746,host_148061): 0 -> 1
Cell (virus_2972746,host_148089): 0 -> 1
Cell (virus_2972746,host_9430): 0 -> 1
Cell (virus_2972746,host_3042450): 0 -> 1
Cell (virus_2972746,host_59472): 0 -> 1
Cell (virus_2972746,host_1434095): 0 -> 1
Cell (virus_2972746,host_291302): 0 -> 1
Cell (virus_2972746,host_27622): 0 -> 1
Cell (virus_2972746,host_3041509): 0 -> 1
Cell (virus_2972746,host_2218597): 0 -> 1
Cell (virus_2972746,host_258867): 0 -> 1
Cell (virus_2972746,host_242384): 0 -> 1
Cell (virus_2972746,host_258863): 0 -> 1
Cell (virus_2972746,host_9438): 0 -> 1
Cell (virus_2972746,host_249034): 0 -> 1
Cell (virus_2972746,host_258952): 0 -> 1
Cell (virus_2972746,host_258953): 0 -> 1
Cell (virus_2972746,host_249033): 0 -> 1
Cell (virus_2972746,host_272799): 0 -> 1
Cell (virus_2972746,host_258909): 0 -> 1
Cell (virus_2972746,host_909369): 0 -> 1
Cell (virus_2972746,host_29078): 0 -> 1
Cell (virus_2972746,host_3371014): 0 -> 1
Cell (virus_2972746,host_3371016): 0 -> 1
Cell (virus_2972746,host_3371021): 0 -> 1
Cell (virus_2972746,host_360967): 0 -> 1
Cell (virus_2972746,host_59474): 0 -> 1
Cell (virus_2972746,host_999321): 0 -> 1
Cell (virus_2972746,host_867834): 0 -> 1
Cell (virus_2972746,host_258889): 0 -> 1
Cell (virus_2972746,host_2491053): 0 -> 1
Cell (virus_2972746,host_110938): 0 -> 1
Cell (virus_2972746,host_258944): 0 -> 1
Cell (virus_2972746,host_59485): 0 -> 1
Cell (virus_1805463,host_105295): 0 -> 1
Cell (virus_1805463,host_294653): 0 -> 1
Cell (virus_1805463,host_59473): 0 -> 1
Cell (virus_1805463,host_3380546): 0 -> 1
Cell (virus_1805463,host_9435): 0 -> 1
Cell (virus_1805463,host_257882): 0 -> 1
Cell (virus_1805463,host_109480): 0 -> 1
Cell (virus_1805463,host_160974): 0 -> 1
Cell (virus_1805463,host_519446): 0 -> 1
Cell (virus_1805463,host_109481): 0 -> 1
Cell (virus_1805463,host_2528591): 0 -> 1
Cell (virus_1805463,host_412095): 0 -> 1
Cell (virus_1805463,host_225399): 0 -> 1
Cell (virus_1805463,host_386774): 0 -> 1
Cell (virus_1805463,host_392318): 0 -> 1
Cell (virus_1805463,host_138977): 0 -> 1
Cell (virus_1805463,host_138979): 0 -> 1
Cell (virus_1805463,host_159330): 0 -> 1
Cell (virus_1805463,host_452654): 0 -> 1
Cell (virus_1805463,host_587652): 0 -> 1
Cell (virus_1805463,host_385037): 0 -> 1
Cell (virus_1805463,host_155035): 0 -> 1
Cell (virus_1805463,host_633648): 0 -> 1
Cell (virus_1805463,host_258925): 0 -> 1
Cell (virus_1805463,host_177185): 0 -> 1
Cell (virus_1805463,host_187017): 0 -> 1
Cell (virus_1805463,host_159858): 0 -> 1
Cell (virus_1805463,host_169756): 0 -> 1
Cell (virus_1805463,host_188570): 0 -> 1
Cell (virus_1805463,host_196889): 0 -> 1
Cell (virus_1805463,host_867892): 0 -> 1
Cell (virus_1805463,host_476588): 0 -> 1
Cell (virus_1805463,host_337452): 0 -> 1
Cell (virus_1805463,host_76837): 0 -> 1
Cell (virus_1805463,host_178895): 0 -> 1
Cell (virus_1805463,host_608708): 0 -> 1
Cell (virus_1805463,host_59477): 0 -> 1
Cell (virus_1805463,host_166054): 0 -> 1
Cell (virus_1805463,host_196297): 0 -> 1
Cell (virus_1805463,host_385575): 0 -> 1
Cell (virus_1805463,host_9402): 0 -> 1
Cell (virus_1805463,host_9403): 0 -> 1
Cell (virus_1805463,host_1410044): 0 -> 1
Cell (virus_1805463,host_1898389): 0 -> 1
Cell (virus_1805463,host_77231): 0 -> 1
Cell (virus_1805463,host_2853157): 0 -> 1
Cell (virus_1805463,host_58067): 0 -> 1
Cell (virus_1805463,host_498220): 0 -> 1
Cell (virus_1805463,host_448084): 0 -> 1
Cell (virus_1805463,host_77243): 0 -> 1
Cell (virus_1805463,host_58083): 0 -> 1
Cell (virus_1805463,host_77223): 0 -> 1
Cell (virus_1805463,host_58063): 0 -> 1
Cell (virus_1805463,host_77214): 0 -> 1
Cell (virus_1805463,host_1898386): 0 -> 1
Cell (virus_1805463,host_298110): 0 -> 1
Cell (virus_1805463,host_374419): 0 -> 1
Cell (virus_1805463,host_326081): 0 -> 1
Cell (virus_1805463,host_326151): 0 -> 1
Cell (virus_1805463,host_138695): 0 -> 1
Cell (virus_1805463,host_208969): 0 -> 1
Cell (virus_1805463,host_40233): 0 -> 1
Cell (virus_1805463,host_148094): 0 -> 1
Cell (virus_1805463,host_27663): 0 -> 1
Cell (virus_1805463,host_574064): 0 -> 1
Cell (virus_1805463,host_27634): 0 -> 1
Cell (virus_1805463,host_40228): 0 -> 1
Cell (virus_1805463,host_40230): 0 -> 1
Cell (virus_1805463,host_192403): 0 -> 1
Cell (virus_1805463,host_27660): 0 -> 1
Cell (virus_1805463,host_177160): 0 -> 1
Cell (virus_1805463,host_27638): 0 -> 1
Cell (virus_1805463,host_2994998): 0 -> 1
Cell (virus_1805463,host_27642): 0 -> 1
Cell (virus_1805463,host_89673): 0 -> 1
Cell (virus_1805463,host_9423): 0 -> 1
Cell (virus_1805463,host_148061): 0 -> 1
Cell (virus_1805463,host_148089): 0 -> 1
Cell (virus_1805463,host_9430): 0 -> 1
Cell (virus_1805463,host_94961): 0 -> 1
Cell (virus_1805463,host_3042450): 0 -> 1
Cell (virus_1805463,host_59472): 0 -> 1
Cell (virus_1805463,host_1434095): 0 -> 1
Cell (virus_1805463,host_291302): 0 -> 1
Cell (virus_1805463,host_27622): 0 -> 1
Cell (virus_1805463,host_3041509): 0 -> 1
Cell (virus_1805463,host_2218597): 0 -> 1
Cell (virus_1805463,host_258867): 0 -> 1
Cell (virus_1805463,host_242384): 0 -> 1
Cell (virus_1805463,host_258863): 0 -> 1
Cell (virus_1805463,host_9438): 0 -> 1
Cell (virus_1805463,host_249034): 0 -> 1
Cell (virus_1805463,host_258952): 0 -> 1
Cell (virus_1805463,host_258953): 0 -> 1
Cell (virus_1805463,host_249033): 0 -> 1
Cell (virus_1805463,host_272799): 0 -> 1
Cell (virus_1805463,host_258909): 0 -> 1
Cell (virus_1805463,host_909369): 0 -> 1
Cell (virus_1805463,host_29078): 0 -> 1
Cell (virus_1805463,host_3371014): 0 -> 1
Cell (virus_1805463,host_3371016): 0 -> 1
Cell (virus_1805463,host_3371021): 0 -> 1
Cell (virus_1805463,host_360967): 0 -> 1
Cell (virus_1805463,host_59474): 0 -> 1
Cell (virus_1805463,host_999321): 0 -> 1
Cell (virus_1805463,host_867834): 0 -> 1
Cell (virus_1805463,host_258889): 0 -> 1
Cell (virus_1805463,host_2491053): 0 -> 1
Cell (virus_1805463,host_110938): 0 -> 1
Cell (virus_1805463,host_258944): 0 -> 1
Cell (virus_1805463,host_59485): 0 -> 1
Cell (virus_3061635,host_105295): 0 -> 1
Cell (virus_3061635,host_294653): 0 -> 1
Cell (virus_3061635,host_59473): 0 -> 1
Cell (virus_3061635,host_3380546): 0 -> 1
Cell (virus_3061635,host_9435): 0 -> 1
Cell (virus_3061635,host_257882): 0 -> 1
Cell (virus_3061635,host_109480): 0 -> 1
Cell (virus_3061635,host_160974): 0 -> 1
Cell (virus_3061635,host_519446): 0 -> 1
Cell (virus_3061635,host_109481): 0 -> 1
Cell (virus_3061635,host_2528591): 0 -> 1
Cell (virus_3061635,host_412095): 0 -> 1
Cell (virus_3061635,host_225399): 0 -> 1
Cell (virus_3061635,host_386774): 0 -> 1
Cell (virus_3061635,host_392318): 0 -> 1
Cell (virus_3061635,host_138977): 0 -> 1
Cell (virus_3061635,host_138979): 0 -> 1
Cell (virus_3061635,host_159330): 0 -> 1
Cell (virus_3061635,host_452654): 0 -> 1
Cell (virus_3061635,host_587652): 0 -> 1
Cell (virus_3061635,host_385037): 0 -> 1
Cell (virus_3061635,host_155035): 0 -> 1
Cell (virus_3061635,host_633648): 0 -> 1
Cell (virus_3061635,host_258925): 0 -> 1
Cell (virus_3061635,host_177185): 0 -> 1
Cell (virus_3061635,host_187017): 0 -> 1
Cell (virus_3061635,host_159858): 0 -> 1
Cell (virus_3061635,host_169756): 0 -> 1
Cell (virus_3061635,host_188570): 0 -> 1
Cell (virus_3061635,host_196889): 0 -> 1
Cell (virus_3061635,host_867892): 0 -> 1
Cell (virus_3061635,host_476588): 0 -> 1
Cell (virus_3061635,host_337452): 0 -> 1
Cell (virus_3061635,host_76837): 0 -> 1
Cell (virus_3061635,host_178895): 0 -> 1
Cell (virus_3061635,host_608708): 0 -> 1
Cell (virus_3061635,host_59477): 0 -> 1
Cell (virus_3061635,host_166054): 0 -> 1
Cell (virus_3061635,host_196297): 0 -> 1
Cell (virus_3061635,host_385575): 0 -> 1
Cell (virus_3061635,host_9402): 0 -> 1
Cell (virus_3061635,host_9403): 0 -> 1
Cell (virus_3061635,host_1410044): 0 -> 1
Cell (virus_3061635,host_1898389): 0 -> 1
Cell (virus_3061635,host_77231): 0 -> 1
Cell (virus_3061635,host_2853157): 0 -> 1
Cell (virus_3061635,host_58067): 0 -> 1
Cell (virus_3061635,host_498220): 0 -> 1
Cell (virus_3061635,host_448084): 0 -> 1
Cell (virus_3061635,host_77243): 0 -> 1
Cell (virus_3061635,host_58083): 0 -> 1
Cell (virus_3061635,host_77223): 0 -> 1
Cell (virus_3061635,host_58063): 0 -> 1
Cell (virus_3061635,host_77214): 0 -> 1
Cell (virus_3061635,host_1898386): 0 -> 1
Cell (virus_3061635,host_298110): 0 -> 1
Cell (virus_3061635,host_374419): 0 -> 1
Cell (virus_3061635,host_326081): 0 -> 1
Cell (virus_3061635,host_326151): 0 -> 1
Cell (virus_3061635,host_138695): 0 -> 1
Cell (virus_3061635,host_208969): 0 -> 1
Cell (virus_3061635,host_40233): 0 -> 1
Cell (virus_3061635,host_148094): 0 -> 1
Cell (virus_3061635,host_27663): 0 -> 1
Cell (virus_3061635,host_574064): 0 -> 1
Cell (virus_3061635,host_27634): 0 -> 1
Cell (virus_3061635,host_40228): 0 -> 1
Cell (virus_3061635,host_40230): 0 -> 1
Cell (virus_3061635,host_192403): 0 -> 1
Cell (virus_3061635,host_27660): 0 -> 1
Cell (virus_3061635,host_177160): 0 -> 1
Cell (virus_3061635,host_27638): 0 -> 1
Cell (virus_3061635,host_2994998): 0 -> 1
Cell (virus_3061635,host_27642): 0 -> 1
Cell (virus_3061635,host_89673): 0 -> 1
Cell (virus_3061635,host_9423): 0 -> 1
Cell (virus_3061635,host_148061): 0 -> 1
Cell (virus_3061635,host_148089): 0 -> 1
Cell (virus_3061635,host_9430): 0 -> 1
Cell (virus_3061635,host_94961): 0 -> 1
Cell (virus_3061635,host_3042450): 0 -> 1
Cell (virus_3061635,host_59472): 0 -> 1
Cell (virus_3061635,host_1434095): 0 -> 1
Cell (virus_3061635,host_291302): 0 -> 1
Cell (virus_3061635,host_27622): 0 -> 1
Cell (virus_3061635,host_3041509): 0 -> 1
Cell (virus_3061635,host_2218597): 0 -> 1
Cell (virus_3061635,host_258867): 0 -> 1
Cell (virus_3061635,host_242384): 0 -> 1
Cell (virus_3061635,host_258863): 0 -> 1
Cell (virus_3061635,host_9438): 0 -> 1
Cell (virus_3061635,host_249034): 0 -> 1
Cell (virus_3061635,host_258952): 0 -> 1
Cell (virus_3061635,host_258953): 0 -> 1
Cell (virus_3061635,host_249033): 0 -> 1
Cell (virus_3061635,host_272799): 0 -> 1
Cell (virus_3061635,host_258909): 0 -> 1
Cell (virus_3061635,host_909369): 0 -> 1
Cell (virus_3061635,host_29078): 0 -> 1
Cell (virus_3061635,host_3371014): 0 -> 1
Cell (virus_3061635,host_3371016): 0 -> 1
Cell (virus_3061635,host_3371021): 0 -> 1
Cell (virus_3061635,host_360967): 0 -> 1
Cell (virus_3061635,host_59474): 0 -> 1
Cell (virus_3061635,host_999321): 0 -> 1
Cell (virus_3061635,host_867834): 0 -> 1
Cell (virus_3061635,host_258889): 0 -> 1
Cell (virus_3061635,host_2491053): 0 -> 1
Cell (virus_3061635,host_110938): 0 -> 1
Cell (virus_3061635,host_258944): 0 -> 1
Cell (virus_3061635,host_59485): 0 -> 1
Cell (virus_3068888,host_105295): 0 -> 1
Cell (virus_3068888,host_294653): 0 -> 1
Cell (virus_3068888,host_59473): 0 -> 1
Cell (virus_3068888,host_3380546): 0 -> 1
Cell (virus_3068888,host_9435): 0 -> 1
Cell (virus_3068888,host_257882): 0 -> 1
Cell (virus_3068888,host_109480): 0 -> 1
Cell (virus_3068888,host_160974): 0 -> 1
Cell (virus_3068888,host_519446): 0 -> 1
Cell (virus_3068888,host_109481): 0 -> 1
Cell (virus_3068888,host_2528591): 0 -> 1
Cell (virus_3068888,host_412095): 0 -> 1
Cell (virus_3068888,host_225399): 0 -> 1
Cell (virus_3068888,host_386774): 0 -> 1
Cell (virus_3068888,host_392318): 0 -> 1
Cell (virus_3068888,host_138977): 0 -> 1
Cell (virus_3068888,host_138979): 0 -> 1
Cell (virus_3068888,host_159330): 0 -> 1
Cell (virus_3068888,host_452654): 0 -> 1
Cell (virus_3068888,host_587652): 0 -> 1
Cell (virus_3068888,host_385037): 0 -> 1
Cell (virus_3068888,host_155035): 0 -> 1
Cell (virus_3068888,host_633648): 0 -> 1
Cell (virus_3068888,host_258925): 0 -> 1
Cell (virus_3068888,host_177185): 0 -> 1
Cell (virus_3068888,host_187017): 0 -> 1
Cell (virus_3068888,host_159858): 0 -> 1
Cell (virus_3068888,host_169756): 0 -> 1
Cell (virus_3068888,host_188570): 0 -> 1
Cell (virus_3068888,host_188572): 0 -> 1
Cell (virus_3068888,host_196889): 0 -> 1
Cell (virus_3068888,host_867892): 0 -> 1
Cell (virus_3068888,host_476588): 0 -> 1
Cell (virus_3068888,host_337452): 0 -> 1
Cell (virus_3068888,host_76837): 0 -> 1
Cell (virus_3068888,host_178895): 0 -> 1
Cell (virus_3068888,host_608708): 0 -> 1
Cell (virus_3068888,host_59477): 0 -> 1
Cell (virus_3068888,host_166054): 0 -> 1
Cell (virus_3068888,host_196297): 0 -> 1
Cell (virus_3068888,host_385575): 0 -> 1
Cell (virus_3068888,host_9402): 0 -> 1
Cell (virus_3068888,host_9403): 0 -> 1
Cell (virus_3068888,host_1410044): 0 -> 1
Cell (virus_3068888,host_1898389): 0 -> 1
Cell (virus_3068888,host_77231): 0 -> 1
Cell (virus_3068888,host_2853157): 0 -> 1
Cell (virus_3068888,host_58067): 0 -> 1
Cell (virus_3068888,host_498220): 0 -> 1
Cell (virus_3068888,host_448084): 0 -> 1
Cell (virus_3068888,host_77243): 0 -> 1
Cell (virus_3068888,host_58083): 0 -> 1
Cell (virus_3068888,host_77223): 0 -> 1
Cell (virus_3068888,host_58063): 0 -> 1
Cell (virus_3068888,host_77214): 0 -> 1
Cell (virus_3068888,host_1898386): 0 -> 1
Cell (virus_3068888,host_9400): 0 -> 1
Cell (virus_3068888,host_298110): 0 -> 1
Cell (virus_3068888,host_374419): 0 -> 1
Cell (virus_3068888,host_326081): 0 -> 1
Cell (virus_3068888,host_326151): 0 -> 1
Cell (virus_3068888,host_138695): 0 -> 1
Cell (virus_3068888,host_208969): 0 -> 1
Cell (virus_3068888,host_40233): 0 -> 1
Cell (virus_3068888,host_148094): 0 -> 1
Cell (virus_3068888,host_27663): 0 -> 1
Cell (virus_3068888,host_574064): 0 -> 1
Cell (virus_3068888,host_27634): 0 -> 1
Cell (virus_3068888,host_40228): 0 -> 1
Cell (virus_3068888,host_40230): 0 -> 1
Cell (virus_3068888,host_192403): 0 -> 1
Cell (virus_3068888,host_27660): 0 -> 1
Cell (virus_3068888,host_177160): 0 -> 1
Cell (virus_3068888,host_27638): 0 -> 1
Cell (virus_3068888,host_2994998): 0 -> 1
Cell (virus_3068888,host_27642): 0 -> 1
Cell (virus_3068888,host_89673): 0 -> 1
Cell (virus_3068888,host_9423): 0 -> 1
Cell (virus_3068888,host_148061): 0 -> 1
Cell (virus_3068888,host_148089): 0 -> 1
Cell (virus_3068888,host_9430): 0 -> 1
Cell (virus_3068888,host_94961): 0 -> 1
Cell (virus_3068888,host_3042450): 0 -> 1
Cell (virus_3068888,host_59472): 0 -> 1
Cell (virus_3068888,host_1434095): 0 -> 1
Cell (virus_3068888,host_291302): 0 -> 1
Cell (virus_3068888,host_27622): 0 -> 1
Cell (virus_3068888,host_3041509): 0 -> 1
Cell (virus_3068888,host_2218597): 0 -> 1
Cell (virus_3068888,host_258867): 0 -> 1
Cell (virus_3068888,host_242384): 0 -> 1
Cell (virus_3068888,host_258863): 0 -> 1
Cell (virus_3068888,host_9438): 0 -> 1
Cell (virus_3068888,host_249034): 0 -> 1
Cell (virus_3068888,host_258952): 0 -> 1
Cell (virus_3068888,host_258953): 0 -> 1
Cell (virus_3068888,host_249033): 0 -> 1
Cell (virus_3068888,host_272799): 0 -> 1
Cell (virus_3068888,host_258909): 0 -> 1
Cell (virus_3068888,host_909369): 0 -> 1
Cell (virus_3068888,host_29078): 0 -> 1
Cell (virus_3068888,host_3371014): 0 -> 1
Cell (virus_3068888,host_3371016): 0 -> 1
Cell (virus_3068888,host_3371021): 0 -> 1
Cell (virus_3068888,host_360967): 0 -> 1
Cell (virus_3068888,host_59474): 0 -> 1
Cell (virus_3068888,host_999321): 0 -> 1
Cell (virus_3068888,host_867834): 0 -> 1
Cell (virus_3068888,host_258889): 0 -> 1
Cell (virus_3068888,host_2491053): 0 -> 1
Cell (virus_3068888,host_110938): 0 -> 1
Cell (virus_3068888,host_258944): 0 -> 1
Cell (virus_3068888,host_59485): 0 -> 1
Cell (virus_2833184,host_105295): 0 -> 1
Cell (virus_2833184,host_294653): 0 -> 1
Cell (virus_2833184,host_59473): 0 -> 1
Cell (virus_2833184,host_3380546): 0 -> 1
Cell (virus_2833184,host_9435): 0 -> 1
Cell (virus_2833184,host_257882): 0 -> 1
Cell (virus_2833184,host_109480): 0 -> 1
Cell (virus_2833184,host_160974): 0 -> 1
Cell (virus_2833184,host_519446): 0 -> 1
Cell (virus_2833184,host_109481): 0 -> 1
Cell (virus_2833184,host_2528591): 0 -> 1
Cell (virus_2833184,host_412095): 0 -> 1
Cell (virus_2833184,host_225399): 0 -> 1
Cell (virus_2833184,host_386774): 0 -> 1
Cell (virus_2833184,host_392318): 0 -> 1
Cell (virus_2833184,host_138977): 0 -> 1
Cell (virus_2833184,host_138979): 0 -> 1
Cell (virus_2833184,host_159330): 0 -> 1
Cell (virus_2833184,host_452654): 0 -> 1
Cell (virus_2833184,host_385037): 0 -> 1
Cell (virus_2833184,host_155035): 0 -> 1
Cell (virus_2833184,host_633648): 0 -> 1
Cell (virus_2833184,host_258925): 0 -> 1
Cell (virus_2833184,host_177185): 0 -> 1
Cell (virus_2833184,host_187017): 0 -> 1
Cell (virus_2833184,host_159858): 0 -> 1
Cell (virus_2833184,host_169756): 0 -> 1
Cell (virus_2833184,host_188570): 0 -> 1
Cell (virus_2833184,host_196889): 0 -> 1
Cell (virus_2833184,host_867892): 0 -> 1
Cell (virus_2833184,host_476588): 0 -> 1
Cell (virus_2833184,host_337452): 0 -> 1
Cell (virus_2833184,host_76837): 0 -> 1
Cell (virus_2833184,host_178895): 0 -> 1
Cell (virus_2833184,host_608708): 0 -> 1
Cell (virus_2833184,host_59477): 0 -> 1
Cell (virus_2833184,host_166054): 0 -> 1
Cell (virus_2833184,host_196297): 0 -> 1
Cell (virus_2833184,host_385575): 0 -> 1
Cell (virus_2833184,host_9402): 0 -> 1
Cell (virus_2833184,host_9403): 0 -> 1
Cell (virus_2833184,host_1410044): 0 -> 1
Cell (virus_2833184,host_1898389): 0 -> 1
Cell (virus_2833184,host_77231): 0 -> 1
Cell (virus_2833184,host_2853157): 0 -> 1
Cell (virus_2833184,host_58067): 0 -> 1
Cell (virus_2833184,host_498220): 0 -> 1
Cell (virus_2833184,host_448084): 0 -> 1
Cell (virus_2833184,host_77243): 0 -> 1
Cell (virus_2833184,host_58083): 0 -> 1
Cell (virus_2833184,host_77223): 0 -> 1
Cell (virus_2833184,host_58063): 0 -> 1
Cell (virus_2833184,host_77214): 0 -> 1
Cell (virus_2833184,host_1898386): 0 -> 1
Cell (virus_2833184,host_298110): 0 -> 1
Cell (virus_2833184,host_374419): 0 -> 1
Cell (virus_2833184,host_326081): 0 -> 1
Cell (virus_2833184,host_326151): 0 -> 1
Cell (virus_2833184,host_138695): 0 -> 1
Cell (virus_2833184,host_208969): 0 -> 1
Cell (virus_2833184,host_40233): 0 -> 1
Cell (virus_2833184,host_148094): 0 -> 1
Cell (virus_2833184,host_27663): 0 -> 1
Cell (virus_2833184,host_574064): 0 -> 1
Cell (virus_2833184,host_27634): 0 -> 1
Cell (virus_2833184,host_40228): 0 -> 1
Cell (virus_2833184,host_40230): 0 -> 1
Cell (virus_2833184,host_9417): 0 -> 1
Cell (virus_2833184,host_27660): 0 -> 1
Cell (virus_2833184,host_177160): 0 -> 1
Cell (virus_2833184,host_27638): 0 -> 1
Cell (virus_2833184,host_2994998): 0 -> 1
Cell (virus_2833184,host_27642): 0 -> 1
Cell (virus_2833184,host_89673): 0 -> 1
Cell (virus_2833184,host_9423): 0 -> 1
Cell (virus_2833184,host_148061): 0 -> 1
Cell (virus_2833184,host_148089): 0 -> 1
Cell (virus_2833184,host_9430): 0 -> 1
Cell (virus_2833184,host_94961): 0 -> 1
Cell (virus_2833184,host_3042450): 0 -> 1
Cell (virus_2833184,host_59472): 0 -> 1
Cell (virus_2833184,host_1434095): 0 -> 1
Cell (virus_2833184,host_291302): 0 -> 1
Cell (virus_2833184,host_27622): 0 -> 1
Cell (virus_2833184,host_2218597): 0 -> 1
Cell (virus_2833184,host_258867): 0 -> 1
Cell (virus_2833184,host_242384): 0 -> 1
Cell (virus_2833184,host_258863): 0 -> 1
Cell (virus_2833184,host_9438): 0 -> 1
Cell (virus_2833184,host_249034): 0 -> 1
Cell (virus_2833184,host_258952): 0 -> 1
Cell (virus_2833184,host_258953): 0 -> 1
Cell (virus_2833184,host_249033): 0 -> 1
Cell (virus_2833184,host_272799): 0 -> 1
Cell (virus_2833184,host_258909): 0 -> 1
Cell (virus_2833184,host_909369): 0 -> 1
Cell (virus_2833184,host_29078): 0 -> 1
Cell (virus_2833184,host_3371014): 0 -> 1
Cell (virus_2833184,host_3371016): 0 -> 1
Cell (virus_2833184,host_3371021): 0 -> 1
Cell (virus_2833184,host_360967): 0 -> 1
Cell (virus_2833184,host_59474): 0 -> 1
Cell (virus_2833184,host_999321): 0 -> 1
Cell (virus_2833184,host_867834): 0 -> 1
Cell (virus_2833184,host_258889): 0 -> 1
Cell (virus_2833184,host_2491053): 0 -> 1
Cell (virus_2833184,host_110938): 0 -> 1
Cell (virus_2833184,host_258944): 0 -> 1
Cell (virus_2833184,host_59485): 0 -> 1
Cell (virus_864596,host_105295): 0 -> 1
Cell (virus_864596,host_294653): 0 -> 1
Cell (virus_864596,host_59473): 0 -> 1
Cell (virus_864596,host_3380546): 0 -> 1
Cell (virus_864596,host_9435): 0 -> 1
Cell (virus_864596,host_257882): 0 -> 1
Cell (virus_864596,host_109480): 0 -> 1
Cell (virus_864596,host_160974): 0 -> 1
Cell (virus_864596,host_519446): 0 -> 1
Cell (virus_864596,host_109481): 0 -> 1
Cell (virus_864596,host_2528591): 0 -> 1
Cell (virus_864596,host_412095): 0 -> 1
Cell (virus_864596,host_225399): 0 -> 1
Cell (virus_864596,host_386774): 0 -> 1
Cell (virus_864596,host_392318): 0 -> 1
Cell (virus_864596,host_138977): 0 -> 1
Cell (virus_864596,host_138979): 0 -> 1
Cell (virus_864596,host_159330): 0 -> 1
Cell (virus_864596,host_452654): 0 -> 1
Cell (virus_864596,host_385037): 0 -> 1
Cell (virus_864596,host_155035): 0 -> 1
Cell (virus_864596,host_633648): 0 -> 1
Cell (virus_864596,host_258925): 0 -> 1
Cell (virus_864596,host_177185): 0 -> 1
Cell (virus_864596,host_187017): 0 -> 1
Cell (virus_864596,host_159858): 0 -> 1
Cell (virus_864596,host_169756): 0 -> 1
Cell (virus_864596,host_188570): 0 -> 1
Cell (virus_864596,host_196889): 0 -> 1
Cell (virus_864596,host_867892): 0 -> 1
Cell (virus_864596,host_476588): 0 -> 1
Cell (virus_864596,host_337452): 0 -> 1
Cell (virus_864596,host_76837): 0 -> 1
Cell (virus_864596,host_178895): 0 -> 1
Cell (virus_864596,host_608708): 0 -> 1
Cell (virus_864596,host_59477): 0 -> 1
Cell (virus_864596,host_166054): 0 -> 1
Cell (virus_864596,host_196297): 0 -> 1
Cell (virus_864596,host_385575): 0 -> 1
Cell (virus_864596,host_9402): 0 -> 1
Cell (virus_864596,host_9403): 0 -> 1
Cell (virus_864596,host_1410044): 0 -> 1
Cell (virus_864596,host_1898389): 0 -> 1
Cell (virus_864596,host_77231): 0 -> 1
Cell (virus_864596,host_2853157): 0 -> 1
Cell (virus_864596,host_58067): 0 -> 1
Cell (virus_864596,host_498220): 0 -> 1
Cell (virus_864596,host_448084): 0 -> 1
Cell (virus_864596,host_77243): 0 -> 1
Cell (virus_864596,host_58083): 0 -> 1
Cell (virus_864596,host_77223): 0 -> 1
Cell (virus_864596,host_58063): 0 -> 1
Cell (virus_864596,host_77214): 0 -> 1
Cell (virus_864596,host_1898386): 0 -> 1
Cell (virus_864596,host_298110): 0 -> 1
Cell (virus_864596,host_374419): 0 -> 1
Cell (virus_864596,host_326081): 0 -> 1
Cell (virus_864596,host_326151): 0 -> 1
Cell (virus_864596,host_138695): 0 -> 1
Cell (virus_864596,host_208969): 0 -> 1
Cell (virus_864596,host_40233): 0 -> 1
Cell (virus_864596,host_148094): 0 -> 1
Cell (virus_864596,host_27663): 0 -> 1
Cell (virus_864596,host_574064): 0 -> 1
Cell (virus_864596,host_27634): 0 -> 1
Cell (virus_864596,host_40228): 0 -> 1
Cell (virus_864596,host_40230): 0 -> 1
Cell (virus_864596,host_192403): 0 -> 1
Cell (virus_864596,host_27660): 0 -> 1
Cell (virus_864596,host_177160): 0 -> 1
Cell (virus_864596,host_27638): 0 -> 1
Cell (virus_864596,host_2994998): 0 -> 1
Cell (virus_864596,host_27642): 0 -> 1
Cell (virus_864596,host_89673): 0 -> 1
Cell (virus_864596,host_9423): 0 -> 1
Cell (virus_864596,host_148061): 0 -> 1
Cell (virus_864596,host_148089): 0 -> 1
Cell (virus_864596,host_9430): 0 -> 1
Cell (virus_864596,host_94961): 0 -> 1
Cell (virus_864596,host_3042450): 0 -> 1
Cell (virus_864596,host_59472): 0 -> 1
Cell (virus_864596,host_1434095): 0 -> 1
Cell (virus_864596,host_291302): 0 -> 1
Cell (virus_864596,host_27622): 0 -> 1
Cell (virus_864596,host_2218597): 0 -> 1
Cell (virus_864596,host_258867): 0 -> 1
Cell (virus_864596,host_242384): 0 -> 1
Cell (virus_864596,host_258863): 0 -> 1
Cell (virus_864596,host_9438): 0 -> 1
Cell (virus_864596,host_249034): 0 -> 1
Cell (virus_864596,host_258952): 0 -> 1
Cell (virus_864596,host_258953): 0 -> 1
Cell (virus_864596,host_249033): 0 -> 1
Cell (virus_864596,host_272799): 0 -> 1
Cell (virus_864596,host_258909): 0 -> 1
Cell (virus_864596,host_909369): 0 -> 1
Cell (virus_864596,host_29078): 0 -> 1
Cell (virus_864596,host_3371014): 0 -> 1
Cell (virus_864596,host_3371016): 0 -> 1
Cell (virus_864596,host_3371021): 0 -> 1
Cell (virus_864596,host_360967): 0 -> 1
Cell (virus_864596,host_59474): 0 -> 1
Cell (virus_864596,host_999321): 0 -> 1
Cell (virus_864596,host_867834): 0 -> 1
Cell (virus_864596,host_258889): 0 -> 1
Cell (virus_864596,host_2491053): 0 -> 1
Cell (virus_864596,host_110938): 0 -> 1
Cell (virus_864596,host_258944): 0 -> 1
Cell (virus_864596,host_59485): 0 -> 1
Cell (virus_3068538,host_105295): 0 -> 1
Cell (virus_3068538,host_294653): 0 -> 1
Cell (virus_3068538,host_59473): 0 -> 1
Cell (virus_3068538,host_3380546): 0 -> 1
Cell (virus_3068538,host_9435): 0 -> 1
Cell (virus_3068538,host_257882): 0 -> 1
Cell (virus_3068538,host_109480): 0 -> 1
Cell (virus_3068538,host_160974): 0 -> 1
Cell (virus_3068538,host_1633875): 0 -> 1
Cell (virus_3068538,host_519446): 0 -> 1
Cell (virus_3068538,host_109481): 0 -> 1
Cell (virus_3068538,host_2528591): 0 -> 1
Cell (virus_3068538,host_412095): 0 -> 1
Cell (virus_3068538,host_225399): 0 -> 1
Cell (virus_3068538,host_386774): 0 -> 1
Cell (virus_3068538,host_392318): 0 -> 1
Cell (virus_3068538,host_138977): 0 -> 1
Cell (virus_3068538,host_138979): 0 -> 1
Cell (virus_3068538,host_159330): 0 -> 1
Cell (virus_3068538,host_452654): 0 -> 1
Cell (virus_3068538,host_385037): 0 -> 1
Cell (virus_3068538,host_155035): 0 -> 1
Cell (virus_3068538,host_633648): 0 -> 1
Cell (virus_3068538,host_258925): 0 -> 1
Cell (virus_3068538,host_177185): 0 -> 1
Cell (virus_3068538,host_187017): 0 -> 1
Cell (virus_3068538,host_159858): 0 -> 1
Cell (virus_3068538,host_169756): 0 -> 1
Cell (virus_3068538,host_188570): 0 -> 1
Cell (virus_3068538,host_196889): 0 -> 1
Cell (virus_3068538,host_867892): 0 -> 1
Cell (virus_3068538,host_476588): 0 -> 1
Cell (virus_3068538,host_337452): 0 -> 1
Cell (virus_3068538,host_76837): 0 -> 1
Cell (virus_3068538,host_178895): 0 -> 1
Cell (virus_3068538,host_608708): 0 -> 1
Cell (virus_3068538,host_59477): 0 -> 1
Cell (virus_3068538,host_89399): 0 -> 1
Cell (virus_3068538,host_166054): 0 -> 1
Cell (virus_3068538,host_196297): 0 -> 1
Cell (virus_3068538,host_385575): 0 -> 1
Cell (virus_3068538,host_9402): 0 -> 1
Cell (virus_3068538,host_9403): 0 -> 1
Cell (virus_3068538,host_1410044): 0 -> 1
Cell (virus_3068538,host_1898389): 0 -> 1
Cell (virus_3068538,host_77231): 0 -> 1
Cell (virus_3068538,host_2853157): 0 -> 1
Cell (virus_3068538,host_58067): 0 -> 1
Cell (virus_3068538,host_498220): 0 -> 1
Cell (virus_3068538,host_448084): 0 -> 1
Cell (virus_3068538,host_77243): 0 -> 1
Cell (virus_3068538,host_58083): 0 -> 1
Cell (virus_3068538,host_77223): 0 -> 1
Cell (virus_3068538,host_58063): 0 -> 1
Cell (virus_3068538,host_77214): 0 -> 1
Cell (virus_3068538,host_1898386): 0 -> 1
Cell (virus_3068538,host_298110): 0 -> 1
Cell (virus_3068538,host_374419): 0 -> 1
Cell (virus_3068538,host_326081): 0 -> 1
Cell (virus_3068538,host_326151): 0 -> 1
Cell (virus_3068538,host_138695): 0 -> 1
Cell (virus_3068538,host_208969): 0 -> 1
Cell (virus_3068538,host_40233): 0 -> 1
Cell (virus_3068538,host_148094): 0 -> 1
Cell (virus_3068538,host_27663): 0 -> 1
Cell (virus_3068538,host_574064): 0 -> 1
Cell (virus_3068538,host_27634): 0 -> 1
Cell (virus_3068538,host_40228): 0 -> 1
Cell (virus_3068538,host_40230): 0 -> 1
Cell (virus_3068538,host_192403): 0 -> 1
Cell (virus_3068538,host_27660): 0 -> 1
Cell (virus_3068538,host_177160): 0 -> 1
Cell (virus_3068538,host_27638): 0 -> 1
Cell (virus_3068538,host_2994998): 0 -> 1
Cell (virus_3068538,host_27642): 0 -> 1
Cell (virus_3068538,host_89673): 0 -> 1
Cell (virus_3068538,host_9423): 0 -> 1
Cell (virus_3068538,host_148061): 0 -> 1
Cell (virus_3068538,host_148089): 0 -> 1
Cell (virus_3068538,host_9430): 0 -> 1
Cell (virus_3068538,host_94961): 0 -> 1
Cell (virus_3068538,host_3042450): 0 -> 1
Cell (virus_3068538,host_59472): 0 -> 1
Cell (virus_3068538,host_1434095): 0 -> 1
Cell (virus_3068538,host_291302): 0 -> 1
Cell (virus_3068538,host_27622): 0 -> 1
Cell (virus_3068538,host_3041509): 0 -> 1
Cell (virus_3068538,host_2218597): 0 -> 1
Cell (virus_3068538,host_258867): 0 -> 1
Cell (virus_3068538,host_242384): 0 -> 1
Cell (virus_3068538,host_258863): 0 -> 1
Cell (virus_3068538,host_9438): 0 -> 1
Cell (virus_3068538,host_249034): 0 -> 1
Cell (virus_3068538,host_258952): 0 -> 1
Cell (virus_3068538,host_258953): 0 -> 1
Cell (virus_3068538,host_249033): 0 -> 1
Cell (virus_3068538,host_272799): 0 -> 1
Cell (virus_3068538,host_258909): 0 -> 1
Cell (virus_3068538,host_909369): 0 -> 1
Cell (virus_3068538,host_29078): 0 -> 1
Cell (virus_3068538,host_3371014): 0 -> 1
Cell (virus_3068538,host_3371016): 0 -> 1
Cell (virus_3068538,host_3371021): 0 -> 1
Cell (virus_3068538,host_360967): 0 -> 1
Cell (virus_3068538,host_59474): 0 -> 1
Cell (virus_3068538,host_999321): 0 -> 1
Cell (virus_3068538,host_867834): 0 -> 1
Cell (virus_3068538,host_258889): 0 -> 1
Cell (virus_3068538,host_2491053): 0 -> 1
Cell (virus_3068538,host_110938): 0 -> 1
Cell (virus_3068538,host_258944): 0 -> 1
Cell (virus_3068538,host_59485): 0 -> 1
Cell (virus_694009,host_105295): 0 -> 1
Cell (virus_694009,host_294653): 0 -> 1
Cell (virus_694009,host_59473): 0 -> 1
Cell (virus_694009,host_3380546): 0 -> 1
Cell (virus_694009,host_9435): 0 -> 1
Cell (virus_694009,host_257882): 0 -> 1
Cell (virus_694009,host_109480): 0 -> 1
Cell (virus_694009,host_160974): 0 -> 1
Cell (virus_694009,host_1633875): 0 -> 1
Cell (virus_694009,host_519446): 0 -> 1
Cell (virus_694009,host_109481): 0 -> 1
Cell (virus_694009,host_2528591): 0 -> 1
Cell (virus_694009,host_412095): 0 -> 1
Cell (virus_694009,host_225399): 0 -> 1
Cell (virus_694009,host_386774): 0 -> 1
Cell (virus_694009,host_392318): 0 -> 1
Cell (virus_694009,host_138977): 0 -> 1
Cell (virus_694009,host_138979): 0 -> 1
Cell (virus_694009,host_159330): 0 -> 1
Cell (virus_694009,host_452654): 0 -> 1
Cell (virus_694009,host_385037): 0 -> 1
Cell (virus_694009,host_155035): 0 -> 1
Cell (virus_694009,host_633648): 0 -> 1
Cell (virus_694009,host_258925): 0 -> 1
Cell (virus_694009,host_177185): 0 -> 1
Cell (virus_694009,host_187017): 0 -> 1
Cell (virus_694009,host_159858): 0 -> 1
Cell (virus_694009,host_169756): 0 -> 1
Cell (virus_694009,host_188570): 0 -> 1
Cell (virus_694009,host_196889): 0 -> 1
Cell (virus_694009,host_867892): 0 -> 1
Cell (virus_694009,host_476588): 0 -> 1
Cell (virus_694009,host_337452): 0 -> 1
Cell (virus_694009,host_76837): 0 -> 1
Cell (virus_694009,host_178895): 0 -> 1
Cell (virus_694009,host_608708): 0 -> 1
Cell (virus_694009,host_59477): 0 -> 1
Cell (virus_694009,host_89399): 0 -> 1
Cell (virus_694009,host_166054): 0 -> 1
Cell (virus_694009,host_196297): 0 -> 1
Cell (virus_694009,host_385575): 0 -> 1
Cell (virus_694009,host_9402): 0 -> 1
Cell (virus_694009,host_9403): 0 -> 1
Cell (virus_694009,host_1410044): 0 -> 1
Cell (virus_694009,host_1898389): 0 -> 1
Cell (virus_694009,host_77231): 0 -> 1
Cell (virus_694009,host_2853157): 0 -> 1
Cell (virus_694009,host_58067): 0 -> 1
Cell (virus_694009,host_498220): 0 -> 1
Cell (virus_694009,host_448084): 0 -> 1
Cell (virus_694009,host_77243): 0 -> 1
Cell (virus_694009,host_58083): 0 -> 1
Cell (virus_694009,host_77223): 0 -> 1
Cell (virus_694009,host_58063): 0 -> 1
Cell (virus_694009,host_77214): 0 -> 1
Cell (virus_694009,host_1898386): 0 -> 1
Cell (virus_694009,host_298110): 0 -> 1
Cell (virus_694009,host_374419): 0 -> 1
Cell (virus_694009,host_326081): 0 -> 1
Cell (virus_694009,host_326151): 0 -> 1
Cell (virus_694009,host_138695): 0 -> 1
Cell (virus_694009,host_208969): 0 -> 1
Cell (virus_694009,host_40233): 0 -> 1
Cell (virus_694009,host_148094): 0 -> 1
Cell (virus_694009,host_27663): 0 -> 1
Cell (virus_694009,host_574064): 0 -> 1
Cell (virus_694009,host_27634): 0 -> 1
Cell (virus_694009,host_40228): 0 -> 1
Cell (virus_694009,host_40230): 0 -> 1
Cell (virus_694009,host_192403): 0 -> 1
Cell (virus_694009,host_27660): 0 -> 1
Cell (virus_694009,host_177160): 0 -> 1
Cell (virus_694009,host_27638): 0 -> 1
Cell (virus_694009,host_2994998): 0 -> 1
Cell (virus_694009,host_27642): 0 -> 1
Cell (virus_694009,host_89673): 0 -> 1
Cell (virus_694009,host_9423): 0 -> 1
Cell (virus_694009,host_148061): 0 -> 1
Cell (virus_694009,host_148089): 0 -> 1
Cell (virus_694009,host_9430): 0 -> 1
Cell (virus_694009,host_94961): 0 -> 1
Cell (virus_694009,host_3042450): 0 -> 1
Cell (virus_694009,host_59472): 0 -> 1
Cell (virus_694009,host_1434095): 0 -> 1
Cell (virus_694009,host_291302): 0 -> 1
Cell (virus_694009,host_27622): 0 -> 1
Cell (virus_694009,host_3041509): 0 -> 1
Cell (virus_694009,host_2218597): 0 -> 1
Cell (virus_694009,host_258867): 0 -> 1
Cell (virus_694009,host_242384): 0 -> 1
Cell (virus_694009,host_258863): 0 -> 1
Cell (virus_694009,host_9438): 0 -> 1
Cell (virus_694009,host_249034): 0 -> 1
Cell (virus_694009,host_258952): 0 -> 1
Cell (virus_694009,host_258953): 0 -> 1
Cell (virus_694009,host_249033): 0 -> 1
Cell (virus_694009,host_272799): 0 -> 1
Cell (virus_694009,host_258909): 0 -> 1
Cell (virus_694009,host_909369): 0 -> 1
Cell (virus_694009,host_29078): 0 -> 1
Cell (virus_694009,host_3371014): 0 -> 1
Cell (virus_694009,host_3371016): 0 -> 1
Cell (virus_694009,host_3371021): 0 -> 1
Cell (virus_694009,host_360967): 0 -> 1
Cell (virus_694009,host_59474): 0 -> 1
Cell (virus_694009,host_999321): 0 -> 1
Cell (virus_694009,host_867834): 0 -> 1
Cell (virus_694009,host_258889): 0 -> 1
Cell (virus_694009,host_2491053): 0 -> 1
Cell (virus_694009,host_110938): 0 -> 1
Cell (virus_694009,host_258944): 0 -> 1
Cell (virus_694009,host_59485): 0 -> 1
Cell (virus_3418604,host_105295): 0 -> 1
Cell (virus_3418604,host_294653): 0 -> 1
Cell (virus_3418604,host_59473): 0 -> 1
Cell (virus_3418604,host_3380546): 0 -> 1
Cell (virus_3418604,host_9435): 0 -> 1
Cell (virus_3418604,host_257882): 0 -> 1
Cell (virus_3418604,host_109480): 0 -> 1
Cell (virus_3418604,host_160974): 0 -> 1
Cell (virus_3418604,host_1633875): 0 -> 1
Cell (virus_3418604,host_519446): 0 -> 1
Cell (virus_3418604,host_109481): 0 -> 1
Cell (virus_3418604,host_2528591): 0 -> 1
Cell (virus_3418604,host_412095): 0 -> 1
Cell (virus_3418604,host_225399): 0 -> 1
Cell (virus_3418604,host_386774): 0 -> 1
Cell (virus_3418604,host_392318): 0 -> 1
Cell (virus_3418604,host_138977): 0 -> 1
Cell (virus_3418604,host_138979): 0 -> 1
Cell (virus_3418604,host_159330): 0 -> 1
Cell (virus_3418604,host_452654): 0 -> 1
Cell (virus_3418604,host_385037): 0 -> 1
Cell (virus_3418604,host_155035): 0 -> 1
Cell (virus_3418604,host_633648): 0 -> 1
Cell (virus_3418604,host_258925): 0 -> 1
Cell (virus_3418604,host_177185): 0 -> 1
Cell (virus_3418604,host_187017): 0 -> 1
Cell (virus_3418604,host_159858): 0 -> 1
Cell (virus_3418604,host_169756): 0 -> 1
Cell (virus_3418604,host_188570): 0 -> 1
Cell (virus_3418604,host_196889): 0 -> 1
Cell (virus_3418604,host_867892): 0 -> 1
Cell (virus_3418604,host_476588): 0 -> 1
Cell (virus_3418604,host_337452): 0 -> 1
Cell (virus_3418604,host_76837): 0 -> 1
Cell (virus_3418604,host_178895): 0 -> 1
Cell (virus_3418604,host_608708): 0 -> 1
Cell (virus_3418604,host_59477): 0 -> 1
Cell (virus_3418604,host_89399): 0 -> 1
Cell (virus_3418604,host_166054): 0 -> 1
Cell (virus_3418604,host_196297): 0 -> 1
Cell (virus_3418604,host_385575): 0 -> 1
Cell (virus_3418604,host_9402): 0 -> 1
Cell (virus_3418604,host_9403): 0 -> 1
Cell (virus_3418604,host_1410044): 0 -> 1
Cell (virus_3418604,host_1898389): 0 -> 1
Cell (virus_3418604,host_77231): 0 -> 1
Cell (virus_3418604,host_2853157): 0 -> 1
Cell (virus_3418604,host_58067): 0 -> 1
Cell (virus_3418604,host_498220): 0 -> 1
Cell (virus_3418604,host_448084): 0 -> 1
Cell (virus_3418604,host_77243): 0 -> 1
Cell (virus_3418604,host_58083): 0 -> 1
Cell (virus_3418604,host_77223): 0 -> 1
Cell (virus_3418604,host_58063): 0 -> 1
Cell (virus_3418604,host_77214): 0 -> 1
Cell (virus_3418604,host_1898386): 0 -> 1
Cell (virus_3418604,host_298110): 0 -> 1
Cell (virus_3418604,host_374419): 0 -> 1
Cell (virus_3418604,host_326081): 0 -> 1
Cell (virus_3418604,host_326151): 0 -> 1
Cell (virus_3418604,host_138695): 0 -> 1
Cell (virus_3418604,host_208969): 0 -> 1
Cell (virus_3418604,host_40233): 0 -> 1
Cell (virus_3418604,host_148094): 0 -> 1
Cell (virus_3418604,host_27663): 0 -> 1
Cell (virus_3418604,host_574064): 0 -> 1
Cell (virus_3418604,host_27634): 0 -> 1
Cell (virus_3418604,host_40228): 0 -> 1
Cell (virus_3418604,host_40230): 0 -> 1
Cell (virus_3418604,host_192403): 0 -> 1
Cell (virus_3418604,host_27660): 0 -> 1
Cell (virus_3418604,host_177160): 0 -> 1
Cell (virus_3418604,host_27638): 0 -> 1
Cell (virus_3418604,host_2994998): 0 -> 1
Cell (virus_3418604,host_27642): 0 -> 1
Cell (virus_3418604,host_89673): 0 -> 1
Cell (virus_3418604,host_9423): 0 -> 1
Cell (virus_3418604,host_148061): 0 -> 1
Cell (virus_3418604,host_148089): 0 -> 1
Cell (virus_3418604,host_9430): 0 -> 1
Cell (virus_3418604,host_94961): 0 -> 1
Cell (virus_3418604,host_3042450): 0 -> 1
Cell (virus_3418604,host_59472): 0 -> 1
Cell (virus_3418604,host_1434095): 0 -> 1
Cell (virus_3418604,host_291302): 0 -> 1
Cell (virus_3418604,host_27622): 0 -> 1
Cell (virus_3418604,host_3041509): 0 -> 1
Cell (virus_3418604,host_2218597): 0 -> 1
Cell (virus_3418604,host_258867): 0 -> 1
Cell (virus_3418604,host_242384): 0 -> 1
Cell (virus_3418604,host_258863): 0 -> 1
Cell (virus_3418604,host_9438): 0 -> 1
Cell (virus_3418604,host_249034): 0 -> 1
Cell (virus_3418604,host_258952): 0 -> 1
Cell (virus_3418604,host_258953): 0 -> 1
Cell (virus_3418604,host_249033): 0 -> 1
Cell (virus_3418604,host_272799): 0 -> 1
Cell (virus_3418604,host_258909): 0 -> 1
Cell (virus_3418604,host_909369): 0 -> 1
Cell (virus_3418604,host_29078): 0 -> 1
Cell (virus_3418604,host_3371014): 0 -> 1
Cell (virus_3418604,host_3371016): 0 -> 1
Cell (virus_3418604,host_3371021): 0 -> 1
Cell (virus_3418604,host_360967): 0 -> 1
Cell (virus_3418604,host_59474): 0 -> 1
Cell (virus_3418604,host_999321): 0 -> 1
Cell (virus_3418604,host_867834): 0 -> 1
Cell (virus_3418604,host_258889): 0 -> 1
Cell (virus_3418604,host_2491053): 0 -> 1
Cell (virus_3418604,host_110938): 0 -> 1
Cell (virus_3418604,host_258944): 0 -> 1
Cell (virus_3418604,host_59485): 0 -> 1
Cell (virus_2913380,host_105295): 0 -> 1
Cell (virus_2913380,host_294653): 0 -> 1
Cell (virus_2913380,host_59473): 0 -> 1
Cell (virus_2913380,host_3380546): 0 -> 1
Cell (virus_2913380,host_9435): 0 -> 1
Cell (virus_2913380,host_257882): 0 -> 1
Cell (virus_2913380,host_109480): 0 -> 1
Cell (virus_2913380,host_160974): 0 -> 1
Cell (virus_2913380,host_519446): 0 -> 1
Cell (virus_2913380,host_109481): 0 -> 1
Cell (virus_2913380,host_2528591): 0 -> 1
Cell (virus_2913380,host_412095): 0 -> 1
Cell (virus_2913380,host_225399): 0 -> 1
Cell (virus_2913380,host_386774): 0 -> 1
Cell (virus_2913380,host_392318): 0 -> 1
Cell (virus_2913380,host_138977): 0 -> 1
Cell (virus_2913380,host_138979): 0 -> 1
Cell (virus_2913380,host_159330): 0 -> 1
Cell (virus_2913380,host_452654): 0 -> 1
Cell (virus_2913380,host_225400): 0 -> 1
Cell (virus_2913380,host_385037): 0 -> 1
Cell (virus_2913380,host_155035): 0 -> 1
Cell (virus_2913380,host_633648): 0 -> 1
Cell (virus_2913380,host_258925): 0 -> 1
Cell (virus_2913380,host_177185): 0 -> 1
Cell (virus_2913380,host_187017): 0 -> 1
Cell (virus_2913380,host_159858): 0 -> 1
Cell (virus_2913380,host_169756): 0 -> 1
Cell (virus_2913380,host_188570): 0 -> 1
Cell (virus_2913380,host_196889): 0 -> 1
Cell (virus_2913380,host_867892): 0 -> 1
Cell (virus_2913380,host_476588): 0 -> 1
Cell (virus_2913380,host_337452): 0 -> 1
Cell (virus_2913380,host_76837): 0 -> 1
Cell (virus_2913380,host_178895): 0 -> 1
Cell (virus_2913380,host_608708): 0 -> 1
Cell (virus_2913380,host_59477): 0 -> 1
Cell (virus_2913380,host_166054): 0 -> 1
Cell (virus_2913380,host_196297): 0 -> 1
Cell (virus_2913380,host_385575): 0 -> 1
Cell (virus_2913380,host_9402): 0 -> 1
Cell (virus_2913380,host_9403): 0 -> 1
Cell (virus_2913380,host_1410044): 0 -> 1
Cell (virus_2913380,host_1898389): 0 -> 1
Cell (virus_2913380,host_77231): 0 -> 1
Cell (virus_2913380,host_2853157): 0 -> 1
Cell (virus_2913380,host_58067): 0 -> 1
Cell (virus_2913380,host_498220): 0 -> 1
Cell (virus_2913380,host_448084): 0 -> 1
Cell (virus_2913380,host_77243): 0 -> 1
Cell (virus_2913380,host_58073): 0 -> 1
Cell (virus_2913380,host_58083): 0 -> 1
Cell (virus_2913380,host_77223): 0 -> 1
Cell (virus_2913380,host_58063): 0 -> 1
Cell (virus_2913380,host_77214): 0 -> 1
Cell (virus_2913380,host_1898386): 0 -> 1
Cell (virus_2913380,host_298110): 0 -> 1
Cell (virus_2913380,host_374419): 0 -> 1
Cell (virus_2913380,host_326081): 0 -> 1
Cell (virus_2913380,host_326151): 0 -> 1
Cell (virus_2913380,host_138695): 0 -> 1
Cell (virus_2913380,host_208969): 0 -> 1
Cell (virus_2913380,host_40233): 0 -> 1
Cell (virus_2913380,host_148094): 0 -> 1
Cell (virus_2913380,host_27663): 0 -> 1
Cell (virus_2913380,host_574064): 0 -> 1
Cell (virus_2913380,host_27634): 0 -> 1
Cell (virus_2913380,host_40228): 0 -> 1
Cell (virus_2913380,host_40230): 0 -> 1
Cell (virus_2913380,host_192403): 0 -> 1
Cell (virus_2913380,host_27660): 0 -> 1
Cell (virus_2913380,host_177160): 0 -> 1
Cell (virus_2913380,host_27638): 0 -> 1
Cell (virus_2913380,host_2994998): 0 -> 1
Cell (virus_2913380,host_27642): 0 -> 1
Cell (virus_2913380,host_409031): 0 -> 1
Cell (virus_2913380,host_89673): 0 -> 1
Cell (virus_2913380,host_9423): 0 -> 1
Cell (virus_2913380,host_148089): 0 -> 1
Cell (virus_2913380,host_9430): 0 -> 1
Cell (virus_2913380,host_3042450): 0 -> 1
Cell (virus_2913380,host_59472): 0 -> 1
Cell (virus_2913380,host_1434095): 0 -> 1
Cell (virus_2913380,host_291302): 0 -> 1
Cell (virus_2913380,host_27622): 0 -> 1
Cell (virus_2913380,host_3041509): 0 -> 1
Cell (virus_2913380,host_2218597): 0 -> 1
Cell (virus_2913380,host_258867): 0 -> 1
Cell (virus_2913380,host_242384): 0 -> 1
Cell (virus_2913380,host_258863): 0 -> 1
Cell (virus_2913380,host_9438): 0 -> 1
Cell (virus_2913380,host_249034): 0 -> 1
Cell (virus_2913380,host_258952): 0 -> 1
Cell (virus_2913380,host_258953): 0 -> 1
Cell (virus_2913380,host_249033): 0 -> 1
Cell (virus_2913380,host_272799): 0 -> 1
Cell (virus_2913380,host_258909): 0 -> 1
Cell (virus_2913380,host_909369): 0 -> 1
Cell (virus_2913380,host_3371014): 0 -> 1
Cell (virus_2913380,host_3371016): 0 -> 1
Cell (virus_2913380,host_3371021): 0 -> 1
Cell (virus_2913380,host_360967): 0 -> 1
Cell (virus_2913380,host_59474): 0 -> 1
Cell (virus_2913380,host_999321): 0 -> 1
Cell (virus_2913380,host_867834): 0 -> 1
Cell (virus_2913380,host_258889): 0 -> 1
Cell (virus_2913380,host_2491053): 0 -> 1
Cell (virus_2913380,host_110938): 0 -> 1
Cell (virus_2913380,host_258944): 0 -> 1
Cell (virus_2913380,host_59485): 0 -> 1
Cell (virus_989337,host_105295): 0 -> 1
Cell (virus_989337,host_294653): 0 -> 1
Cell (virus_989337,host_59473): 0 -> 1
Cell (virus_989337,host_3380546): 0 -> 1
Cell (virus_989337,host_9435): 0 -> 1
Cell (virus_989337,host_257882): 0 -> 1
Cell (virus_989337,host_109480): 0 -> 1
Cell (virus_989337,host_160974): 0 -> 1
Cell (virus_989337,host_519446): 0 -> 1
Cell (virus_989337,host_109481): 0 -> 1
Cell (virus_989337,host_2528591): 0 -> 1
Cell (virus_989337,host_412095): 0 -> 1
Cell (virus_989337,host_225399): 0 -> 1
Cell (virus_989337,host_386774): 0 -> 1
Cell (virus_989337,host_392318): 0 -> 1
Cell (virus_989337,host_138977): 0 -> 1
Cell (virus_989337,host_138979): 0 -> 1
Cell (virus_989337,host_159330): 0 -> 1
Cell (virus_989337,host_452654): 0 -> 1
Cell (virus_989337,host_385037): 0 -> 1
Cell (virus_989337,host_155035): 0 -> 1
Cell (virus_989337,host_633648): 0 -> 1
Cell (virus_989337,host_258925): 0 -> 1
Cell (virus_989337,host_177185): 0 -> 1
Cell (virus_989337,host_187017): 0 -> 1
Cell (virus_989337,host_159858): 0 -> 1
Cell (virus_989337,host_169756): 0 -> 1
Cell (virus_989337,host_188570): 0 -> 1
Cell (virus_989337,host_196889): 0 -> 1
Cell (virus_989337,host_867892): 0 -> 1
Cell (virus_989337,host_476588): 0 -> 1
Cell (virus_989337,host_337452): 0 -> 1
Cell (virus_989337,host_76837): 0 -> 1
Cell (virus_989337,host_178895): 0 -> 1
Cell (virus_989337,host_608708): 0 -> 1
Cell (virus_989337,host_59477): 0 -> 1
Cell (virus_989337,host_166054): 0 -> 1
Cell (virus_989337,host_196297): 0 -> 1
Cell (virus_989337,host_385575): 0 -> 1
Cell (virus_989337,host_9402): 0 -> 1
Cell (virus_989337,host_9403): 0 -> 1
Cell (virus_989337,host_1410044): 0 -> 1
Cell (virus_989337,host_1898389): 0 -> 1
Cell (virus_989337,host_77231): 0 -> 1
Cell (virus_989337,host_2853157): 0 -> 1
Cell (virus_989337,host_58067): 0 -> 1
Cell (virus_989337,host_498220): 0 -> 1
Cell (virus_989337,host_448084): 0 -> 1
Cell (virus_989337,host_77243): 0 -> 1
Cell (virus_989337,host_58073): 0 -> 1
Cell (virus_989337,host_58083): 0 -> 1
Cell (virus_989337,host_77223): 0 -> 1
Cell (virus_989337,host_58063): 0 -> 1
Cell (virus_989337,host_77214): 0 -> 1
Cell (virus_989337,host_1898386): 0 -> 1
Cell (virus_989337,host_298110): 0 -> 1
Cell (virus_989337,host_374419): 0 -> 1
Cell (virus_989337,host_326081): 0 -> 1
Cell (virus_989337,host_326151): 0 -> 1
Cell (virus_989337,host_138695): 0 -> 1
Cell (virus_989337,host_208969): 0 -> 1
Cell (virus_989337,host_40233): 0 -> 1
Cell (virus_989337,host_148094): 0 -> 1
Cell (virus_989337,host_27663): 0 -> 1
Cell (virus_989337,host_574064): 0 -> 1
Cell (virus_989337,host_27634): 0 -> 1
Cell (virus_989337,host_40228): 0 -> 1
Cell (virus_989337,host_40230): 0 -> 1
Cell (virus_989337,host_192403): 0 -> 1
Cell (virus_989337,host_27660): 0 -> 1
Cell (virus_989337,host_177160): 0 -> 1
Cell (virus_989337,host_27638): 0 -> 1
Cell (virus_989337,host_2994998): 0 -> 1
Cell (virus_989337,host_27642): 0 -> 1
Cell (virus_989337,host_409031): 0 -> 1
Cell (virus_989337,host_89673): 0 -> 1
Cell (virus_989337,host_9423): 0 -> 1
Cell (virus_989337,host_148089): 0 -> 1
Cell (virus_989337,host_9430): 0 -> 1
Cell (virus_989337,host_3042450): 0 -> 1
Cell (virus_989337,host_59472): 0 -> 1
Cell (virus_989337,host_1434095): 0 -> 1
Cell (virus_989337,host_291302): 0 -> 1
Cell (virus_989337,host_27622): 0 -> 1
Cell (virus_989337,host_3041509): 0 -> 1
Cell (virus_989337,host_2218597): 0 -> 1
Cell (virus_989337,host_258867): 0 -> 1
Cell (virus_989337,host_242384): 0 -> 1
Cell (virus_989337,host_258863): 0 -> 1
Cell (virus_989337,host_9438): 0 -> 1
Cell (virus_989337,host_249034): 0 -> 1
Cell (virus_989337,host_258952): 0 -> 1
Cell (virus_989337,host_258953): 0 -> 1
Cell (virus_989337,host_249033): 0 -> 1
Cell (virus_989337,host_272799): 0 -> 1
Cell (virus_989337,host_258909): 0 -> 1
Cell (virus_989337,host_909369): 0 -> 1
Cell (virus_989337,host_3371014): 0 -> 1
Cell (virus_989337,host_3371016): 0 -> 1
Cell (virus_989337,host_3371021): 0 -> 1
Cell (virus_989337,host_360967): 0 -> 1
Cell (virus_989337,host_59474): 0 -> 1
Cell (virus_989337,host_999321): 0 -> 1
Cell (virus_989337,host_867834): 0 -> 1
Cell (virus_989337,host_258889): 0 -> 1
Cell (virus_989337,host_2491053): 0 -> 1
Cell (virus_989337,host_110938): 0 -> 1
Cell (virus_989337,host_258944): 0 -> 1
Cell (virus_989337,host_59485): 0 -> 1
Cell (virus_3433764,host_105295): 0 -> 1
Cell (virus_3433764,host_294653): 0 -> 1
Cell (virus_3433764,host_59473): 0 -> 1
Cell (virus_3433764,host_3380546): 0 -> 1
Cell (virus_3433764,host_9435): 0 -> 1
Cell (virus_3433764,host_257882): 0 -> 1
Cell (virus_3433764,host_109480): 0 -> 1
Cell (virus_3433764,host_160974): 0 -> 1
Cell (virus_3433764,host_519446): 0 -> 1
Cell (virus_3433764,host_109481): 0 -> 1
Cell (virus_3433764,host_2528591): 0 -> 1
Cell (virus_3433764,host_412095): 0 -> 1
Cell (virus_3433764,host_225399): 0 -> 1
Cell (virus_3433764,host_386774): 0 -> 1
Cell (virus_3433764,host_392318): 0 -> 1
Cell (virus_3433764,host_138977): 0 -> 1
Cell (virus_3433764,host_138979): 0 -> 1
Cell (virus_3433764,host_159330): 0 -> 1
Cell (virus_3433764,host_452654): 0 -> 1
Cell (virus_3433764,host_385037): 0 -> 1
Cell (virus_3433764,host_155035): 0 -> 1
Cell (virus_3433764,host_633648): 0 -> 1
Cell (virus_3433764,host_258925): 0 -> 1
Cell (virus_3433764,host_177185): 0 -> 1
Cell (virus_3433764,host_187017): 0 -> 1
Cell (virus_3433764,host_159858): 0 -> 1
Cell (virus_3433764,host_169756): 0 -> 1
Cell (virus_3433764,host_188570): 0 -> 1
Cell (virus_3433764,host_196889): 0 -> 1
Cell (virus_3433764,host_867892): 0 -> 1
Cell (virus_3433764,host_476588): 0 -> 1
Cell (virus_3433764,host_337452): 0 -> 1
Cell (virus_3433764,host_76837): 0 -> 1
Cell (virus_3433764,host_178895): 0 -> 1
Cell (virus_3433764,host_608708): 0 -> 1
Cell (virus_3433764,host_59477): 0 -> 1
Cell (virus_3433764,host_166054): 0 -> 1
Cell (virus_3433764,host_196297): 0 -> 1
Cell (virus_3433764,host_385575): 0 -> 1
Cell (virus_3433764,host_9402): 0 -> 1
Cell (virus_3433764,host_9403): 0 -> 1
Cell (virus_3433764,host_1410044): 0 -> 1
Cell (virus_3433764,host_1898389): 0 -> 1
Cell (virus_3433764,host_77231): 0 -> 1
Cell (virus_3433764,host_2853157): 0 -> 1
Cell (virus_3433764,host_58067): 0 -> 1
Cell (virus_3433764,host_498220): 0 -> 1
Cell (virus_3433764,host_448084): 0 -> 1
Cell (virus_3433764,host_77243): 0 -> 1
Cell (virus_3433764,host_58073): 0 -> 1
Cell (virus_3433764,host_58083): 0 -> 1
Cell (virus_3433764,host_77223): 0 -> 1
Cell (virus_3433764,host_58063): 0 -> 1
Cell (virus_3433764,host_77214): 0 -> 1
Cell (virus_3433764,host_1898386): 0 -> 1
Cell (virus_3433764,host_298110): 0 -> 1
Cell (virus_3433764,host_374419): 0 -> 1
Cell (virus_3433764,host_326081): 0 -> 1
Cell (virus_3433764,host_326151): 0 -> 1
Cell (virus_3433764,host_138695): 0 -> 1
Cell (virus_3433764,host_208969): 0 -> 1
Cell (virus_3433764,host_40233): 0 -> 1
Cell (virus_3433764,host_148094): 0 -> 1
Cell (virus_3433764,host_27663): 0 -> 1
Cell (virus_3433764,host_574064): 0 -> 1
Cell (virus_3433764,host_27634): 0 -> 1
Cell (virus_3433764,host_40228): 0 -> 1
Cell (virus_3433764,host_40230): 0 -> 1
Cell (virus_3433764,host_192403): 0 -> 1
Cell (virus_3433764,host_27660): 0 -> 1
Cell (virus_3433764,host_177160): 0 -> 1
Cell (virus_3433764,host_27638): 0 -> 1
Cell (virus_3433764,host_2994998): 0 -> 1
Cell (virus_3433764,host_27642): 0 -> 1
Cell (virus_3433764,host_89673): 0 -> 1
Cell (virus_3433764,host_9423): 0 -> 1
Cell (virus_3433764,host_148089): 0 -> 1
Cell (virus_3433764,host_9430): 0 -> 1
Cell (virus_3433764,host_3042450): 0 -> 1
Cell (virus_3433764,host_59472): 0 -> 1
Cell (virus_3433764,host_1434095): 0 -> 1
Cell (virus_3433764,host_291302): 0 -> 1
Cell (virus_3433764,host_27622): 0 -> 1
Cell (virus_3433764,host_3041509): 0 -> 1
Cell (virus_3433764,host_2218597): 0 -> 1
Cell (virus_3433764,host_258867): 0 -> 1
Cell (virus_3433764,host_242384): 0 -> 1
Cell (virus_3433764,host_258863): 0 -> 1
Cell (virus_3433764,host_9438): 0 -> 1
Cell (virus_3433764,host_249034): 0 -> 1
Cell (virus_3433764,host_258952): 0 -> 1
Cell (virus_3433764,host_258953): 0 -> 1
Cell (virus_3433764,host_249033): 0 -> 1
Cell (virus_3433764,host_272799): 0 -> 1
Cell (virus_3433764,host_61862): 0 -> 1
Cell (virus_3433764,host_258909): 0 -> 1
Cell (virus_3433764,host_909369): 0 -> 1
Cell (virus_3433764,host_3371014): 0 -> 1
Cell (virus_3433764,host_3371016): 0 -> 1
Cell (virus_3433764,host_3371021): 0 -> 1
Cell (virus_3433764,host_360967): 0 -> 1
Cell (virus_3433764,host_59474): 0 -> 1
Cell (virus_3433764,host_999321): 0 -> 1
Cell (virus_3433764,host_867834): 0 -> 1
Cell (virus_3433764,host_258889): 0 -> 1
Cell (virus_3433764,host_2491053): 0 -> 1
Cell (virus_3433764,host_110938): 0 -> 1
Cell (virus_3433764,host_258944): 0 -> 1
Cell (virus_3433764,host_59485): 0 -> 1
Cell (virus_2115988,host_105295): 0 -> 1
Cell (virus_2115988,host_51300): 0 -> 1
Cell (virus_2115988,host_294653): 0 -> 1
Cell (virus_2115988,host_59473): 0 -> 1
Cell (virus_2115988,host_3380546): 0 -> 1
Cell (virus_2115988,host_9435): 0 -> 1
Cell (virus_2115988,host_257882): 0 -> 1
Cell (virus_2115988,host_109480): 0 -> 1
Cell (virus_2115988,host_160974): 0 -> 1
Cell (virus_2115988,host_519446): 0 -> 1
Cell (virus_2115988,host_109481): 0 -> 1
Cell (virus_2115988,host_2528591): 0 -> 1
Cell (virus_2115988,host_412095): 0 -> 1
Cell (virus_2115988,host_225399): 0 -> 1
Cell (virus_2115988,host_386774): 0 -> 1
Cell (virus_2115988,host_392318): 0 -> 1
Cell (virus_2115988,host_138977): 0 -> 1
Cell (virus_2115988,host_138979): 0 -> 1
Cell (virus_2115988,host_159330): 0 -> 1
Cell (virus_2115988,host_452654): 0 -> 1
Cell (virus_2115988,host_587652): 0 -> 1
Cell (virus_2115988,host_385037): 0 -> 1
Cell (virus_2115988,host_155035): 0 -> 1
Cell (virus_2115988,host_633648): 0 -> 1
Cell (virus_2115988,host_258925): 0 -> 1
Cell (virus_2115988,host_177185): 0 -> 1
Cell (virus_2115988,host_187017): 0 -> 1
Cell (virus_2115988,host_159858): 0 -> 1
Cell (virus_2115988,host_169756): 0 -> 1
Cell (virus_2115988,host_188570): 0 -> 1
Cell (virus_2115988,host_196889): 0 -> 1
Cell (virus_2115988,host_867892): 0 -> 1
Cell (virus_2115988,host_476588): 0 -> 1
Cell (virus_2115988,host_337452): 0 -> 1
Cell (virus_2115988,host_76837): 0 -> 1
Cell (virus_2115988,host_178895): 0 -> 1
Cell (virus_2115988,host_608708): 0 -> 1
Cell (virus_2115988,host_59477): 0 -> 1
Cell (virus_2115988,host_166054): 0 -> 1
Cell (virus_2115988,host_385575): 0 -> 1
Cell (virus_2115988,host_9402): 0 -> 1
Cell (virus_2115988,host_9403): 0 -> 1
Cell (virus_2115988,host_1410044): 0 -> 1
Cell (virus_2115988,host_1898389): 0 -> 1
Cell (virus_2115988,host_77231): 0 -> 1
Cell (virus_2115988,host_2853157): 0 -> 1
Cell (virus_2115988,host_58067): 0 -> 1
Cell (virus_2115988,host_498220): 0 -> 1
Cell (virus_2115988,host_448084): 0 -> 1
Cell (virus_2115988,host_77243): 0 -> 1
Cell (virus_2115988,host_58073): 0 -> 1
Cell (virus_2115988,host_58083): 0 -> 1
Cell (virus_2115988,host_77223): 0 -> 1
Cell (virus_2115988,host_58063): 0 -> 1
Cell (virus_2115988,host_77214): 0 -> 1
Cell (virus_2115988,host_1898386): 0 -> 1
Cell (virus_2115988,host_298110): 0 -> 1
Cell (virus_2115988,host_374419): 0 -> 1
Cell (virus_2115988,host_326081): 0 -> 1
Cell (virus_2115988,host_326151): 0 -> 1
Cell (virus_2115988,host_138695): 0 -> 1
Cell (virus_2115988,host_208969): 0 -> 1
Cell (virus_2115988,host_40233): 0 -> 1
Cell (virus_2115988,host_148094): 0 -> 1
Cell (virus_2115988,host_27663): 0 -> 1
Cell (virus_2115988,host_574064): 0 -> 1
Cell (virus_2115988,host_27634): 0 -> 1
Cell (virus_2115988,host_40228): 0 -> 1
Cell (virus_2115988,host_40230): 0 -> 1
Cell (virus_2115988,host_192403): 0 -> 1
Cell (virus_2115988,host_27660): 0 -> 1
Cell (virus_2115988,host_177160): 0 -> 1
Cell (virus_2115988,host_27638): 0 -> 1
Cell (virus_2115988,host_2994998): 0 -> 1
Cell (virus_2115988,host_27642): 0 -> 1
Cell (virus_2115988,host_148061): 0 -> 1
Cell (virus_2115988,host_148089): 0 -> 1
Cell (virus_2115988,host_9430): 0 -> 1
Cell (virus_2115988,host_3042450): 0 -> 1
Cell (virus_2115988,host_59472): 0 -> 1
Cell (virus_2115988,host_291302): 0 -> 1
Cell (virus_2115988,host_27622): 0 -> 1
Cell (virus_2115988,host_3041509): 0 -> 1
Cell (virus_2115988,host_2218597): 0 -> 1
Cell (virus_2115988,host_258867): 0 -> 1
Cell (virus_2115988,host_242384): 0 -> 1
Cell (virus_2115988,host_258863): 0 -> 1
Cell (virus_2115988,host_9438): 0 -> 1
Cell (virus_2115988,host_249034): 0 -> 1
Cell (virus_2115988,host_258952): 0 -> 1
Cell (virus_2115988,host_258953): 0 -> 1
Cell (virus_2115988,host_249033): 0 -> 1
Cell (virus_2115988,host_272799): 0 -> 1
Cell (virus_2115988,host_258909): 0 -> 1
Cell (virus_2115988,host_909369): 0 -> 1
Cell (virus_2115988,host_29078): 0 -> 1
Cell (virus_2115988,host_3371014): 0 -> 1
Cell (virus_2115988,host_3371016): 0 -> 1
Cell (virus_2115988,host_3371021): 0 -> 1
Cell (virus_2115988,host_360967): 0 -> 1
Cell (virus_2115988,host_59474): 0 -> 1
Cell (virus_2115988,host_999321): 0 -> 1
Cell (virus_2115988,host_867834): 0 -> 1
Cell (virus_2115988,host_258889): 0 -> 1
Cell (virus_2115988,host_2491053): 0 -> 1
Cell (virus_2115988,host_110938): 0 -> 1
Cell (virus_2115988,host_258944): 0 -> 1
Cell (virus_2115988,host_59485): 0 -> 1
Cell (virus_2833151,host_105295): 0 -> 1
Cell (virus_2833151,host_51300): 0 -> 1
Cell (virus_2833151,host_294653): 0 -> 1
Cell (virus_2833151,host_59473): 0 -> 1
Cell (virus_2833151,host_3380546): 0 -> 1
Cell (virus_2833151,host_9435): 0 -> 1
Cell (virus_2833151,host_257882): 0 -> 1
Cell (virus_2833151,host_109480): 0 -> 1
Cell (virus_2833151,host_160974): 0 -> 1
Cell (virus_2833151,host_519446): 0 -> 1
Cell (virus_2833151,host_109481): 0 -> 1
Cell (virus_2833151,host_2528591): 0 -> 1
Cell (virus_2833151,host_412095): 0 -> 1
Cell (virus_2833151,host_225399): 0 -> 1
Cell (virus_2833151,host_386774): 0 -> 1
Cell (virus_2833151,host_392318): 0 -> 1
Cell (virus_2833151,host_138977): 0 -> 1
Cell (virus_2833151,host_138979): 0 -> 1
Cell (virus_2833151,host_159330): 0 -> 1
Cell (virus_2833151,host_452654): 0 -> 1
Cell (virus_2833151,host_587652): 0 -> 1
Cell (virus_2833151,host_385037): 0 -> 1
Cell (virus_2833151,host_155035): 0 -> 1
Cell (virus_2833151,host_633648): 0 -> 1
Cell (virus_2833151,host_258925): 0 -> 1
Cell (virus_2833151,host_177185): 0 -> 1
Cell (virus_2833151,host_187017): 0 -> 1
Cell (virus_2833151,host_159858): 0 -> 1
Cell (virus_2833151,host_169756): 0 -> 1
Cell (virus_2833151,host_188570): 0 -> 1
Cell (virus_2833151,host_196889): 0 -> 1
Cell (virus_2833151,host_867892): 0 -> 1
Cell (virus_2833151,host_476588): 0 -> 1
Cell (virus_2833151,host_337452): 0 -> 1
Cell (virus_2833151,host_76837): 0 -> 1
Cell (virus_2833151,host_178895): 0 -> 1
Cell (virus_2833151,host_608708): 0 -> 1
Cell (virus_2833151,host_59477): 0 -> 1
Cell (virus_2833151,host_166054): 0 -> 1
Cell (virus_2833151,host_385575): 0 -> 1
Cell (virus_2833151,host_9402): 0 -> 1
Cell (virus_2833151,host_9403): 0 -> 1
Cell (virus_2833151,host_1410044): 0 -> 1
Cell (virus_2833151,host_1898389): 0 -> 1
Cell (virus_2833151,host_77231): 0 -> 1
Cell (virus_2833151,host_2853157): 0 -> 1
Cell (virus_2833151,host_58067): 0 -> 1
Cell (virus_2833151,host_498220): 0 -> 1
Cell (virus_2833151,host_448084): 0 -> 1
Cell (virus_2833151,host_77243): 0 -> 1
Cell (virus_2833151,host_58073): 0 -> 1
Cell (virus_2833151,host_58083): 0 -> 1
Cell (virus_2833151,host_77223): 0 -> 1
Cell (virus_2833151,host_58063): 0 -> 1
Cell (virus_2833151,host_77214): 0 -> 1
Cell (virus_2833151,host_1898386): 0 -> 1
Cell (virus_2833151,host_298110): 0 -> 1
Cell (virus_2833151,host_374419): 0 -> 1
Cell (virus_2833151,host_326081): 0 -> 1
Cell (virus_2833151,host_326151): 0 -> 1
Cell (virus_2833151,host_138695): 0 -> 1
Cell (virus_2833151,host_208969): 0 -> 1
Cell (virus_2833151,host_40233): 0 -> 1
Cell (virus_2833151,host_148094): 0 -> 1
Cell (virus_2833151,host_27663): 0 -> 1
Cell (virus_2833151,host_574064): 0 -> 1
Cell (virus_2833151,host_27634): 0 -> 1
Cell (virus_2833151,host_40228): 0 -> 1
Cell (virus_2833151,host_40230): 0 -> 1
Cell (virus_2833151,host_192403): 0 -> 1
Cell (virus_2833151,host_27660): 0 -> 1
Cell (virus_2833151,host_177160): 0 -> 1
Cell (virus_2833151,host_27638): 0 -> 1
Cell (virus_2833151,host_2994998): 0 -> 1
Cell (virus_2833151,host_27642): 0 -> 1
Cell (virus_2833151,host_148061): 0 -> 1
Cell (virus_2833151,host_148089): 0 -> 1
Cell (virus_2833151,host_9430): 0 -> 1
Cell (virus_2833151,host_3042450): 0 -> 1
Cell (virus_2833151,host_59472): 0 -> 1
Cell (virus_2833151,host_291302): 0 -> 1
Cell (virus_2833151,host_27622): 0 -> 1
Cell (virus_2833151,host_3041509): 0 -> 1
Cell (virus_2833151,host_2218597): 0 -> 1
Cell (virus_2833151,host_258867): 0 -> 1
Cell (virus_2833151,host_242384): 0 -> 1
Cell (virus_2833151,host_258863): 0 -> 1
Cell (virus_2833151,host_9438): 0 -> 1
Cell (virus_2833151,host_249034): 0 -> 1
Cell (virus_2833151,host_258952): 0 -> 1
Cell (virus_2833151,host_258953): 0 -> 1
Cell (virus_2833151,host_249033): 0 -> 1
Cell (virus_2833151,host_272799): 0 -> 1
Cell (virus_2833151,host_258909): 0 -> 1
Cell (virus_2833151,host_909369): 0 -> 1
Cell (virus_2833151,host_29078): 0 -> 1
Cell (virus_2833151,host_3371014): 0 -> 1
Cell (virus_2833151,host_3371016): 0 -> 1
Cell (virus_2833151,host_3371021): 0 -> 1
Cell (virus_2833151,host_360967): 0 -> 1
Cell (virus_2833151,host_59474): 0 -> 1
Cell (virus_2833151,host_999321): 0 -> 1
Cell (virus_2833151,host_867834): 0 -> 1
Cell (virus_2833151,host_258889): 0 -> 1
Cell (virus_2833151,host_2491053): 0 -> 1
Cell (virus_2833151,host_110938): 0 -> 1
Cell (virus_2833151,host_258944): 0 -> 1
Cell (virus_2833151,host_59485): 0 -> 1
Cell (virus_3433795,host_105295): 0 -> 1
Cell (virus_3433795,host_51300): 0 -> 1
Cell (virus_3433795,host_294653): 0 -> 1
Cell (virus_3433795,host_59473): 0 -> 1
Cell (virus_3433795,host_3380546): 0 -> 1
Cell (virus_3433795,host_9435): 0 -> 1
Cell (virus_3433795,host_257882): 0 -> 1
Cell (virus_3433795,host_109480): 0 -> 1
Cell (virus_3433795,host_160974): 0 -> 1
Cell (virus_3433795,host_519446): 0 -> 1
Cell (virus_3433795,host_109481): 0 -> 1
Cell (virus_3433795,host_2528591): 0 -> 1
Cell (virus_3433795,host_412095): 0 -> 1
Cell (virus_3433795,host_225399): 0 -> 1
Cell (virus_3433795,host_386774): 0 -> 1
Cell (virus_3433795,host_392318): 0 -> 1
Cell (virus_3433795,host_138977): 0 -> 1
Cell (virus_3433795,host_138979): 0 -> 1
Cell (virus_3433795,host_159330): 0 -> 1
Cell (virus_3433795,host_452654): 0 -> 1
Cell (virus_3433795,host_587652): 0 -> 1
Cell (virus_3433795,host_385037): 0 -> 1
Cell (virus_3433795,host_155035): 0 -> 1
Cell (virus_3433795,host_633648): 0 -> 1
Cell (virus_3433795,host_258925): 0 -> 1
Cell (virus_3433795,host_177185): 0 -> 1
Cell (virus_3433795,host_187017): 0 -> 1
Cell (virus_3433795,host_159858): 0 -> 1
Cell (virus_3433795,host_169756): 0 -> 1
Cell (virus_3433795,host_188570): 0 -> 1
Cell (virus_3433795,host_196889): 0 -> 1
Cell (virus_3433795,host_867892): 0 -> 1
Cell (virus_3433795,host_476588): 0 -> 1
Cell (virus_3433795,host_337452): 0 -> 1
Cell (virus_3433795,host_76837): 0 -> 1
Cell (virus_3433795,host_178895): 0 -> 1
Cell (virus_3433795,host_608708): 0 -> 1
Cell (virus_3433795,host_59477): 0 -> 1
Cell (virus_3433795,host_166054): 0 -> 1
Cell (virus_3433795,host_385575): 0 -> 1
Cell (virus_3433795,host_9402): 0 -> 1
Cell (virus_3433795,host_9403): 0 -> 1
Cell (virus_3433795,host_1410044): 0 -> 1
Cell (virus_3433795,host_1898389): 0 -> 1
Cell (virus_3433795,host_77231): 0 -> 1
Cell (virus_3433795,host_2853157): 0 -> 1
Cell (virus_3433795,host_58067): 0 -> 1
Cell (virus_3433795,host_498220): 0 -> 1
Cell (virus_3433795,host_448084): 0 -> 1
Cell (virus_3433795,host_77243): 0 -> 1
Cell (virus_3433795,host_58073): 0 -> 1
Cell (virus_3433795,host_58083): 0 -> 1
Cell (virus_3433795,host_77223): 0 -> 1
Cell (virus_3433795,host_58063): 0 -> 1
Cell (virus_3433795,host_77214): 0 -> 1
Cell (virus_3433795,host_1898386): 0 -> 1
Cell (virus_3433795,host_298110): 0 -> 1
Cell (virus_3433795,host_374419): 0 -> 1
Cell (virus_3433795,host_326081): 0 -> 1
Cell (virus_3433795,host_326151): 0 -> 1
Cell (virus_3433795,host_138695): 0 -> 1
Cell (virus_3433795,host_208969): 0 -> 1
Cell (virus_3433795,host_40233): 0 -> 1
Cell (virus_3433795,host_148094): 0 -> 1
Cell (virus_3433795,host_27663): 0 -> 1
Cell (virus_3433795,host_574064): 0 -> 1
Cell (virus_3433795,host_27634): 0 -> 1
Cell (virus_3433795,host_40228): 0 -> 1
Cell (virus_3433795,host_40230): 0 -> 1
Cell (virus_3433795,host_192403): 0 -> 1
Cell (virus_3433795,host_27660): 0 -> 1
Cell (virus_3433795,host_177160): 0 -> 1
Cell (virus_3433795,host_27638): 0 -> 1
Cell (virus_3433795,host_2994998): 0 -> 1
Cell (virus_3433795,host_27642): 0 -> 1
Cell (virus_3433795,host_148061): 0 -> 1
Cell (virus_3433795,host_148089): 0 -> 1
Cell (virus_3433795,host_9430): 0 -> 1
Cell (virus_3433795,host_3042450): 0 -> 1
Cell (virus_3433795,host_59472): 0 -> 1
Cell (virus_3433795,host_291302): 0 -> 1
Cell (virus_3433795,host_27622): 0 -> 1
Cell (virus_3433795,host_3041509): 0 -> 1
Cell (virus_3433795,host_2218597): 0 -> 1
Cell (virus_3433795,host_258867): 0 -> 1
Cell (virus_3433795,host_242384): 0 -> 1
Cell (virus_3433795,host_258863): 0 -> 1
Cell (virus_3433795,host_9438): 0 -> 1
Cell (virus_3433795,host_249034): 0 -> 1
Cell (virus_3433795,host_258952): 0 -> 1
Cell (virus_3433795,host_258953): 0 -> 1
Cell (virus_3433795,host_249033): 0 -> 1
Cell (virus_3433795,host_272799): 0 -> 1
Cell (virus_3433795,host_258909): 0 -> 1
Cell (virus_3433795,host_909369): 0 -> 1
Cell (virus_3433795,host_29078): 0 -> 1
Cell (virus_3433795,host_3371014): 0 -> 1
Cell (virus_3433795,host_3371016): 0 -> 1
Cell (virus_3433795,host_3371021): 0 -> 1
Cell (virus_3433795,host_360967): 0 -> 1
Cell (virus_3433795,host_59474): 0 -> 1
Cell (virus_3433795,host_999321): 0 -> 1
Cell (virus_3433795,host_867834): 0 -> 1
Cell (virus_3433795,host_258889): 0 -> 1
Cell (virus_3433795,host_2491053): 0 -> 1
Cell (virus_3433795,host_110938): 0 -> 1
Cell (virus_3433795,host_258944): 0 -> 1
Cell (virus_3433795,host_59485): 0 -> 1
Cell (virus_693998,host_105295): 0 -> 1
Cell (virus_693998,host_51300): 0 -> 1
Cell (virus_693998,host_294653): 0 -> 1
Cell (virus_693998,host_59473): 0 -> 1
Cell (virus_693998,host_3380546): 0 -> 1
Cell (virus_693998,host_9435): 0 -> 1
Cell (virus_693998,host_257882): 0 -> 1
Cell (virus_693998,host_109480): 0 -> 1
Cell (virus_693998,host_160974): 0 -> 1
Cell (virus_693998,host_519446): 0 -> 1
Cell (virus_693998,host_109481): 0 -> 1
Cell (virus_693998,host_2528591): 0 -> 1
Cell (virus_693998,host_412095): 0 -> 1
Cell (virus_693998,host_225399): 0 -> 1
Cell (virus_693998,host_386774): 0 -> 1
Cell (virus_693998,host_392318): 0 -> 1
Cell (virus_693998,host_138977): 0 -> 1
Cell (virus_693998,host_138979): 0 -> 1
Cell (virus_693998,host_159330): 0 -> 1
Cell (virus_693998,host_452654): 0 -> 1
Cell (virus_693998,host_587652): 0 -> 1
Cell (virus_693998,host_385037): 0 -> 1
Cell (virus_693998,host_155035): 0 -> 1
Cell (virus_693998,host_633648): 0 -> 1
Cell (virus_693998,host_258925): 0 -> 1
Cell (virus_693998,host_177185): 0 -> 1
Cell (virus_693998,host_187017): 0 -> 1
Cell (virus_693998,host_159858): 0 -> 1
Cell (virus_693998,host_169756): 0 -> 1
Cell (virus_693998,host_188570): 0 -> 1
Cell (virus_693998,host_196889): 0 -> 1
Cell (virus_693998,host_867892): 0 -> 1
Cell (virus_693998,host_476588): 0 -> 1
Cell (virus_693998,host_337452): 0 -> 1
Cell (virus_693998,host_76837): 0 -> 1
Cell (virus_693998,host_178895): 0 -> 1
Cell (virus_693998,host_608708): 0 -> 1
Cell (virus_693998,host_59477): 0 -> 1
Cell (virus_693998,host_166054): 0 -> 1
Cell (virus_693998,host_385575): 0 -> 1
Cell (virus_693998,host_9402): 0 -> 1
Cell (virus_693998,host_9403): 0 -> 1
Cell (virus_693998,host_1410044): 0 -> 1
Cell (virus_693998,host_1898389): 0 -> 1
Cell (virus_693998,host_77231): 0 -> 1
Cell (virus_693998,host_2853157): 0 -> 1
Cell (virus_693998,host_58067): 0 -> 1
Cell (virus_693998,host_498220): 0 -> 1
Cell (virus_693998,host_448084): 0 -> 1
Cell (virus_693998,host_77243): 0 -> 1
Cell (virus_693998,host_58073): 0 -> 1
Cell (virus_693998,host_58083): 0 -> 1
Cell (virus_693998,host_77223): 0 -> 1
Cell (virus_693998,host_58063): 0 -> 1
Cell (virus_693998,host_77214): 0 -> 1
Cell (virus_693998,host_1898386): 0 -> 1
Cell (virus_693998,host_298110): 0 -> 1
Cell (virus_693998,host_374419): 0 -> 1
Cell (virus_693998,host_326081): 0 -> 1
Cell (virus_693998,host_326151): 0 -> 1
Cell (virus_693998,host_138695): 0 -> 1
Cell (virus_693998,host_208969): 0 -> 1
Cell (virus_693998,host_40233): 0 -> 1
Cell (virus_693998,host_148094): 0 -> 1
Cell (virus_693998,host_27663): 0 -> 1
Cell (virus_693998,host_574064): 0 -> 1
Cell (virus_693998,host_27634): 0 -> 1
Cell (virus_693998,host_40228): 0 -> 1
Cell (virus_693998,host_40230): 0 -> 1
Cell (virus_693998,host_192403): 0 -> 1
Cell (virus_693998,host_27660): 0 -> 1
Cell (virus_693998,host_177160): 0 -> 1
Cell (virus_693998,host_27638): 0 -> 1
Cell (virus_693998,host_2994998): 0 -> 1
Cell (virus_693998,host_27642): 0 -> 1
Cell (virus_693998,host_148061): 0 -> 1
Cell (virus_693998,host_148089): 0 -> 1
Cell (virus_693998,host_9430): 0 -> 1
Cell (virus_693998,host_3042450): 0 -> 1
Cell (virus_693998,host_59472): 0 -> 1
Cell (virus_693998,host_291302): 0 -> 1
Cell (virus_693998,host_27622): 0 -> 1
Cell (virus_693998,host_3041509): 0 -> 1
Cell (virus_693998,host_2218597): 0 -> 1
Cell (virus_693998,host_258867): 0 -> 1
Cell (virus_693998,host_242384): 0 -> 1
Cell (virus_693998,host_258863): 0 -> 1
Cell (virus_693998,host_9438): 0 -> 1
Cell (virus_693998,host_249034): 0 -> 1
Cell (virus_693998,host_258952): 0 -> 1
Cell (virus_693998,host_258953): 0 -> 1
Cell (virus_693998,host_249033): 0 -> 1
Cell (virus_693998,host_272799): 0 -> 1
Cell (virus_693998,host_258909): 0 -> 1
Cell (virus_693998,host_909369): 0 -> 1
Cell (virus_693998,host_29078): 0 -> 1
Cell (virus_693998,host_3371014): 0 -> 1
Cell (virus_693998,host_3371016): 0 -> 1
Cell (virus_693998,host_3371021): 0 -> 1
Cell (virus_693998,host_360967): 0 -> 1
Cell (virus_693998,host_59474): 0 -> 1
Cell (virus_693998,host_999321): 0 -> 1
Cell (virus_693998,host_867834): 0 -> 1
Cell (virus_693998,host_258889): 0 -> 1
Cell (virus_693998,host_2491053): 0 -> 1
Cell (virus_693998,host_110938): 0 -> 1
Cell (virus_693998,host_258944): 0 -> 1
Cell (virus_693998,host_59485): 0 -> 1
Cell (virus_2913382,host_105295): 0 -> 1
Cell (virus_2913382,host_51300): 0 -> 1
Cell (virus_2913382,host_294653): 0 -> 1
Cell (virus_2913382,host_59473): 0 -> 1
Cell (virus_2913382,host_3380546): 0 -> 1
Cell (virus_2913382,host_9435): 0 -> 1
Cell (virus_2913382,host_257882): 0 -> 1
Cell (virus_2913382,host_109480): 0 -> 1
Cell (virus_2913382,host_160974): 0 -> 1
Cell (virus_2913382,host_519446): 0 -> 1
Cell (virus_2913382,host_109481): 0 -> 1
Cell (virus_2913382,host_2528591): 0 -> 1
Cell (virus_2913382,host_412095): 0 -> 1
Cell (virus_2913382,host_225399): 0 -> 1
Cell (virus_2913382,host_386774): 0 -> 1
Cell (virus_2913382,host_392318): 0 -> 1
Cell (virus_2913382,host_138977): 0 -> 1
Cell (virus_2913382,host_138979): 0 -> 1
Cell (virus_2913382,host_159330): 0 -> 1
Cell (virus_2913382,host_452654): 0 -> 1
Cell (virus_2913382,host_587652): 0 -> 1
Cell (virus_2913382,host_385037): 0 -> 1
Cell (virus_2913382,host_155035): 0 -> 1
Cell (virus_2913382,host_633648): 0 -> 1
Cell (virus_2913382,host_258925): 0 -> 1
Cell (virus_2913382,host_177185): 0 -> 1
Cell (virus_2913382,host_187017): 0 -> 1
Cell (virus_2913382,host_159858): 0 -> 1
Cell (virus_2913382,host_169756): 0 -> 1
Cell (virus_2913382,host_188570): 0 -> 1
Cell (virus_2913382,host_196889): 0 -> 1
Cell (virus_2913382,host_867892): 0 -> 1
Cell (virus_2913382,host_476588): 0 -> 1
Cell (virus_2913382,host_337452): 0 -> 1
Cell (virus_2913382,host_76837): 0 -> 1
Cell (virus_2913382,host_178895): 0 -> 1
Cell (virus_2913382,host_608708): 0 -> 1
Cell (virus_2913382,host_59477): 0 -> 1
Cell (virus_2913382,host_166054): 0 -> 1
Cell (virus_2913382,host_385575): 0 -> 1
Cell (virus_2913382,host_9402): 0 -> 1
Cell (virus_2913382,host_9403): 0 -> 1
Cell (virus_2913382,host_1410044): 0 -> 1
Cell (virus_2913382,host_1898389): 0 -> 1
Cell (virus_2913382,host_77231): 0 -> 1
Cell (virus_2913382,host_2853157): 0 -> 1
Cell (virus_2913382,host_58067): 0 -> 1
Cell (virus_2913382,host_498220): 0 -> 1
Cell (virus_2913382,host_448084): 0 -> 1
Cell (virus_2913382,host_77243): 0 -> 1
Cell (virus_2913382,host_58073): 0 -> 1
Cell (virus_2913382,host_58083): 0 -> 1
Cell (virus_2913382,host_77223): 0 -> 1
Cell (virus_2913382,host_58063): 0 -> 1
Cell (virus_2913382,host_77214): 0 -> 1
Cell (virus_2913382,host_1898386): 0 -> 1
Cell (virus_2913382,host_298110): 0 -> 1
Cell (virus_2913382,host_374419): 0 -> 1
Cell (virus_2913382,host_326081): 0 -> 1
Cell (virus_2913382,host_326151): 0 -> 1
Cell (virus_2913382,host_138695): 0 -> 1
Cell (virus_2913382,host_208969): 0 -> 1
Cell (virus_2913382,host_40233): 0 -> 1
Cell (virus_2913382,host_148094): 0 -> 1
Cell (virus_2913382,host_27663): 0 -> 1
Cell (virus_2913382,host_574064): 0 -> 1
Cell (virus_2913382,host_27634): 0 -> 1
Cell (virus_2913382,host_40228): 0 -> 1
Cell (virus_2913382,host_40230): 0 -> 1
Cell (virus_2913382,host_192403): 0 -> 1
Cell (virus_2913382,host_27660): 0 -> 1
Cell (virus_2913382,host_177160): 0 -> 1
Cell (virus_2913382,host_27638): 0 -> 1
Cell (virus_2913382,host_2994998): 0 -> 1
Cell (virus_2913382,host_27642): 0 -> 1
Cell (virus_2913382,host_148061): 0 -> 1
Cell (virus_2913382,host_148089): 0 -> 1
Cell (virus_2913382,host_9430): 0 -> 1
Cell (virus_2913382,host_3042450): 0 -> 1
Cell (virus_2913382,host_59472): 0 -> 1
Cell (virus_2913382,host_291302): 0 -> 1
Cell (virus_2913382,host_27622): 0 -> 1
Cell (virus_2913382,host_3041509): 0 -> 1
Cell (virus_2913382,host_2218597): 0 -> 1
Cell (virus_2913382,host_258867): 0 -> 1
Cell (virus_2913382,host_242384): 0 -> 1
Cell (virus_2913382,host_258863): 0 -> 1
Cell (virus_2913382,host_9438): 0 -> 1
Cell (virus_2913382,host_249034): 0 -> 1
Cell (virus_2913382,host_258952): 0 -> 1
Cell (virus_2913382,host_258953): 0 -> 1
Cell (virus_2913382,host_249033): 0 -> 1
Cell (virus_2913382,host_272799): 0 -> 1
Cell (virus_2913382,host_258909): 0 -> 1
Cell (virus_2913382,host_909369): 0 -> 1
Cell (virus_2913382,host_29078): 0 -> 1
Cell (virus_2913382,host_3371014): 0 -> 1
Cell (virus_2913382,host_3371016): 0 -> 1
Cell (virus_2913382,host_3371021): 0 -> 1
Cell (virus_2913382,host_360967): 0 -> 1
Cell (virus_2913382,host_59474): 0 -> 1
Cell (virus_2913382,host_999321): 0 -> 1
Cell (virus_2913382,host_867834): 0 -> 1
Cell (virus_2913382,host_258889): 0 -> 1
Cell (virus_2913382,host_2491053): 0 -> 1
Cell (virus_2913382,host_110938): 0 -> 1
Cell (virus_2913382,host_258944): 0 -> 1
Cell (virus_2913382,host_59485): 0 -> 1
Cell (virus_3433766,host_105295): 0 -> 1
Cell (virus_3433766,host_51300): 0 -> 1
Cell (virus_3433766,host_294653): 0 -> 1
Cell (virus_3433766,host_59473): 0 -> 1
Cell (virus_3433766,host_3380546): 0 -> 1
Cell (virus_3433766,host_9435): 0 -> 1
Cell (virus_3433766,host_257882): 0 -> 1
Cell (virus_3433766,host_109480): 0 -> 1
Cell (virus_3433766,host_160974): 0 -> 1
Cell (virus_3433766,host_519446): 0 -> 1
Cell (virus_3433766,host_109481): 0 -> 1
Cell (virus_3433766,host_2528591): 0 -> 1
Cell (virus_3433766,host_412095): 0 -> 1
Cell (virus_3433766,host_225399): 0 -> 1
Cell (virus_3433766,host_386774): 0 -> 1
Cell (virus_3433766,host_392318): 0 -> 1
Cell (virus_3433766,host_138977): 0 -> 1
Cell (virus_3433766,host_138979): 0 -> 1
Cell (virus_3433766,host_159330): 0 -> 1
Cell (virus_3433766,host_452654): 0 -> 1
Cell (virus_3433766,host_385037): 0 -> 1
Cell (virus_3433766,host_155035): 0 -> 1
Cell (virus_3433766,host_2015597): 0 -> 1
Cell (virus_3433766,host_633648): 0 -> 1
Cell (virus_3433766,host_258925): 0 -> 1
Cell (virus_3433766,host_177185): 0 -> 1
Cell (virus_3433766,host_187017): 0 -> 1
Cell (virus_3433766,host_159858): 0 -> 1
Cell (virus_3433766,host_169756): 0 -> 1
Cell (virus_3433766,host_188570): 0 -> 1
Cell (virus_3433766,host_196889): 0 -> 1
Cell (virus_3433766,host_867892): 0 -> 1
Cell (virus_3433766,host_476588): 0 -> 1
Cell (virus_3433766,host_337452): 0 -> 1
Cell (virus_3433766,host_76837): 0 -> 1
Cell (virus_3433766,host_178895): 0 -> 1
Cell (virus_3433766,host_608708): 0 -> 1
Cell (virus_3433766,host_59477): 0 -> 1
Cell (virus_3433766,host_166054): 0 -> 1
Cell (virus_3433766,host_385575): 0 -> 1
Cell (virus_3433766,host_9402): 0 -> 1
Cell (virus_3433766,host_9403): 0 -> 1
Cell (virus_3433766,host_1410044): 0 -> 1
Cell (virus_3433766,host_1898389): 0 -> 1
Cell (virus_3433766,host_77231): 0 -> 1
Cell (virus_3433766,host_2853157): 0 -> 1
Cell (virus_3433766,host_58067): 0 -> 1
Cell (virus_3433766,host_498220): 0 -> 1
Cell (virus_3433766,host_448084): 0 -> 1
Cell (virus_3433766,host_77243): 0 -> 1
Cell (virus_3433766,host_58073): 0 -> 1
Cell (virus_3433766,host_58083): 0 -> 1
Cell (virus_3433766,host_77223): 0 -> 1
Cell (virus_3433766,host_58063): 0 -> 1
Cell (virus_3433766,host_77214): 0 -> 1
Cell (virus_3433766,host_1898386): 0 -> 1
Cell (virus_3433766,host_298110): 0 -> 1
Cell (virus_3433766,host_77233): 0 -> 1
Cell (virus_3433766,host_374419): 0 -> 1
Cell (virus_3433766,host_326081): 0 -> 1
Cell (virus_3433766,host_326151): 0 -> 1
Cell (virus_3433766,host_138695): 0 -> 1
Cell (virus_3433766,host_208969): 0 -> 1
Cell (virus_3433766,host_40233): 0 -> 1
Cell (virus_3433766,host_148094): 0 -> 1
Cell (virus_3433766,host_574064): 0 -> 1
Cell (virus_3433766,host_27634): 0 -> 1
Cell (virus_3433766,host_40228): 0 -> 1
Cell (virus_3433766,host_40230): 0 -> 1
Cell (virus_3433766,host_192403): 0 -> 1
Cell (virus_3433766,host_27660): 0 -> 1
Cell (virus_3433766,host_177160): 0 -> 1
Cell (virus_3433766,host_27638): 0 -> 1
Cell (virus_3433766,host_2994998): 0 -> 1
Cell (virus_3433766,host_27642): 0 -> 1
Cell (virus_3433766,host_148061): 0 -> 1
Cell (virus_3433766,host_148089): 0 -> 1
Cell (virus_3433766,host_9430): 0 -> 1
Cell (virus_3433766,host_3042450): 0 -> 1
Cell (virus_3433766,host_3371013): 0 -> 1
Cell (virus_3433766,host_59472): 0 -> 1
Cell (virus_3433766,host_291302): 0 -> 1
Cell (virus_3433766,host_27622): 0 -> 1
Cell (virus_3433766,host_3041509): 0 -> 1
Cell (virus_3433766,host_2218597): 0 -> 1
Cell (virus_3433766,host_258867): 0 -> 1
Cell (virus_3433766,host_242384): 0 -> 1
Cell (virus_3433766,host_258863): 0 -> 1
Cell (virus_3433766,host_9438): 0 -> 1
Cell (virus_3433766,host_249034): 0 -> 1
Cell (virus_3433766,host_258952): 0 -> 1
Cell (virus_3433766,host_258953): 0 -> 1
Cell (virus_3433766,host_249033): 0 -> 1
Cell (virus_3433766,host_258909): 0 -> 1
Cell (virus_3433766,host_909369): 0 -> 1
Cell (virus_3433766,host_29078): 0 -> 1
Cell (virus_3433766,host_3371014): 0 -> 1
Cell (virus_3433766,host_3371016): 0 -> 1
Cell (virus_3433766,host_3371021): 0 -> 1
Cell (virus_3433766,host_360967): 0 -> 1
Cell (virus_3433766,host_59474): 0 -> 1
Cell (virus_3433766,host_999321): 0 -> 1
Cell (virus_3433766,host_867834): 0 -> 1
Cell (virus_3433766,host_258889): 0 -> 1
Cell (virus_3433766,host_2491053): 0 -> 1
Cell (virus_3433766,host_110938): 0 -> 1
Cell (virus_3433766,host_258944): 0 -> 1
Cell (virus_3433766,host_59485): 0 -> 1
Cell (virus_694014,host_105295): 0 -> 1
Cell (virus_694014,host_51300): 0 -> 1
Cell (virus_694014,host_294653): 0 -> 1
Cell (virus_694014,host_59473): 0 -> 1
Cell (virus_694014,host_3380546): 0 -> 1
Cell (virus_694014,host_9435): 0 -> 1
Cell (virus_694014,host_257882): 0 -> 1
Cell (virus_694014,host_109480): 0 -> 1
Cell (virus_694014,host_160974): 0 -> 1
Cell (virus_694014,host_519446): 0 -> 1
Cell (virus_694014,host_109481): 0 -> 1
Cell (virus_694014,host_2528591): 0 -> 1
Cell (virus_694014,host_412095): 0 -> 1
Cell (virus_694014,host_225399): 0 -> 1
Cell (virus_694014,host_386774): 0 -> 1
Cell (virus_694014,host_392318): 0 -> 1
Cell (virus_694014,host_138977): 0 -> 1
Cell (virus_694014,host_138979): 0 -> 1
Cell (virus_694014,host_159330): 0 -> 1
Cell (virus_694014,host_452654): 0 -> 1
Cell (virus_694014,host_385037): 0 -> 1
Cell (virus_694014,host_155035): 0 -> 1
Cell (virus_694014,host_2015597): 0 -> 1
Cell (virus_694014,host_633648): 0 -> 1
Cell (virus_694014,host_258925): 0 -> 1
Cell (virus_694014,host_177185): 0 -> 1
Cell (virus_694014,host_187017): 0 -> 1
Cell (virus_694014,host_159858): 0 -> 1
Cell (virus_694014,host_169756): 0 -> 1
Cell (virus_694014,host_188570): 0 -> 1
Cell (virus_694014,host_196889): 0 -> 1
Cell (virus_694014,host_867892): 0 -> 1
Cell (virus_694014,host_476588): 0 -> 1
Cell (virus_694014,host_337452): 0 -> 1
Cell (virus_694014,host_76837): 0 -> 1
Cell (virus_694014,host_178895): 0 -> 1
Cell (virus_694014,host_608708): 0 -> 1
Cell (virus_694014,host_59477): 0 -> 1
Cell (virus_694014,host_166054): 0 -> 1
Cell (virus_694014,host_385575): 0 -> 1
Cell (virus_694014,host_9402): 0 -> 1
Cell (virus_694014,host_9403): 0 -> 1
Cell (virus_694014,host_1410044): 0 -> 1
Cell (virus_694014,host_1898389): 0 -> 1
Cell (virus_694014,host_77231): 0 -> 1
Cell (virus_694014,host_2853157): 0 -> 1
Cell (virus_694014,host_58067): 0 -> 1
Cell (virus_694014,host_498220): 0 -> 1
Cell (virus_694014,host_448084): 0 -> 1
Cell (virus_694014,host_77243): 0 -> 1
Cell (virus_694014,host_58073): 0 -> 1
Cell (virus_694014,host_58083): 0 -> 1
Cell (virus_694014,host_77223): 0 -> 1
Cell (virus_694014,host_58063): 0 -> 1
Cell (virus_694014,host_77214): 0 -> 1
Cell (virus_694014,host_1898386): 0 -> 1
Cell (virus_694014,host_298110): 0 -> 1
Cell (virus_694014,host_77233): 0 -> 1
Cell (virus_694014,host_374419): 0 -> 1
Cell (virus_694014,host_326081): 0 -> 1
Cell (virus_694014,host_326151): 0 -> 1
Cell (virus_694014,host_138695): 0 -> 1
Cell (virus_694014,host_208969): 0 -> 1
Cell (virus_694014,host_40233): 0 -> 1
Cell (virus_694014,host_148094): 0 -> 1
Cell (virus_694014,host_574064): 0 -> 1
Cell (virus_694014,host_27634): 0 -> 1
Cell (virus_694014,host_40228): 0 -> 1
Cell (virus_694014,host_40230): 0 -> 1
Cell (virus_694014,host_192403): 0 -> 1
Cell (virus_694014,host_27660): 0 -> 1
Cell (virus_694014,host_177160): 0 -> 1
Cell (virus_694014,host_27638): 0 -> 1
Cell (virus_694014,host_2994998): 0 -> 1
Cell (virus_694014,host_27642): 0 -> 1
Cell (virus_694014,host_148061): 0 -> 1
Cell (virus_694014,host_148089): 0 -> 1
Cell (virus_694014,host_9430): 0 -> 1
Cell (virus_694014,host_3042450): 0 -> 1
Cell (virus_694014,host_3371013): 0 -> 1
Cell (virus_694014,host_59472): 0 -> 1
Cell (virus_694014,host_291302): 0 -> 1
Cell (virus_694014,host_27622): 0 -> 1
Cell (virus_694014,host_3041509): 0 -> 1
Cell (virus_694014,host_2218597): 0 -> 1
Cell (virus_694014,host_258867): 0 -> 1
Cell (virus_694014,host_242384): 0 -> 1
Cell (virus_694014,host_258863): 0 -> 1
Cell (virus_694014,host_9438): 0 -> 1
Cell (virus_694014,host_249034): 0 -> 1
Cell (virus_694014,host_258952): 0 -> 1
Cell (virus_694014,host_258953): 0 -> 1
Cell (virus_694014,host_249033): 0 -> 1
Cell (virus_694014,host_258909): 0 -> 1
Cell (virus_694014,host_909369): 0 -> 1
Cell (virus_694014,host_29078): 0 -> 1
Cell (virus_694014,host_3371014): 0 -> 1
Cell (virus_694014,host_3371016): 0 -> 1
Cell (virus_694014,host_3371021): 0 -> 1
Cell (virus_694014,host_360967): 0 -> 1
Cell (virus_694014,host_59474): 0 -> 1
Cell (virus_694014,host_999321): 0 -> 1
Cell (virus_694014,host_867834): 0 -> 1
Cell (virus_694014,host_258889): 0 -> 1
Cell (virus_694014,host_2491053): 0 -> 1
Cell (virus_694014,host_110938): 0 -> 1
Cell (virus_694014,host_258944): 0 -> 1
Cell (virus_694014,host_59485): 0 -> 1
Cell (virus_2917966,host_105295): 0 -> 1
Cell (virus_2917966,host_51300): 0 -> 1
Cell (virus_2917966,host_294653): 0 -> 1
Cell (virus_2917966,host_59473): 0 -> 1
Cell (virus_2917966,host_3380546): 0 -> 1
Cell (virus_2917966,host_9435): 0 -> 1
Cell (virus_2917966,host_257882): 0 -> 1
Cell (virus_2917966,host_59463): 0 -> 1
Cell (virus_2917966,host_109480): 0 -> 1
Cell (virus_2917966,host_160974): 0 -> 1
Cell (virus_2917966,host_1633875): 0 -> 1
Cell (virus_2917966,host_519446): 0 -> 1
Cell (virus_2917966,host_109481): 0 -> 1
Cell (virus_2917966,host_2528591): 0 -> 1
Cell (virus_2917966,host_412095): 0 -> 1
Cell (virus_2917966,host_225399): 0 -> 1
Cell (virus_2917966,host_386774): 0 -> 1
Cell (virus_2917966,host_392004): 0 -> 1
Cell (virus_2917966,host_392318): 0 -> 1
Cell (virus_2917966,host_138977): 0 -> 1
Cell (virus_2917966,host_138979): 0 -> 1
Cell (virus_2917966,host_159330): 0 -> 1
Cell (virus_2917966,host_452654): 0 -> 1
Cell (virus_2917966,host_385037): 0 -> 1
Cell (virus_2917966,host_155035): 0 -> 1
Cell (virus_2917966,host_258925): 0 -> 1
Cell (virus_2917966,host_177185): 0 -> 1
Cell (virus_2917966,host_187017): 0 -> 1
Cell (virus_2917966,host_159858): 0 -> 1
Cell (virus_2917966,host_169756): 0 -> 1
Cell (virus_2917966,host_188570): 0 -> 1
Cell (virus_2917966,host_188572): 0 -> 1
Cell (virus_2917966,host_196889): 0 -> 1
Cell (virus_2917966,host_867892): 0 -> 1
Cell (virus_2917966,host_476588): 0 -> 1
Cell (virus_2917966,host_337452): 0 -> 1
Cell (virus_2917966,host_76837): 0 -> 1
Cell (virus_2917966,host_178895): 0 -> 1
Cell (virus_2917966,host_608708): 0 -> 1
Cell (virus_2917966,host_59477): 0 -> 1
Cell (virus_2917966,host_430491): 0 -> 1
Cell (virus_2917966,host_166054): 0 -> 1
Cell (virus_2917966,host_196297): 0 -> 1
Cell (virus_2917966,host_385575): 0 -> 1
Cell (virus_2917966,host_9403): 0 -> 1
Cell (virus_2917966,host_1410044): 0 -> 1
Cell (virus_2917966,host_1898389): 0 -> 1
Cell (virus_2917966,host_77231): 0 -> 1
Cell (virus_2917966,host_2853157): 0 -> 1
Cell (virus_2917966,host_58067): 0 -> 1
Cell (virus_2917966,host_498220): 0 -> 1
Cell (virus_2917966,host_448084): 0 -> 1
Cell (virus_2917966,host_77243): 0 -> 1
Cell (virus_2917966,host_58073): 0 -> 1
Cell (virus_2917966,host_58083): 0 -> 1
Cell (virus_2917966,host_77223): 0 -> 1
Cell (virus_2917966,host_58063): 0 -> 1
Cell (virus_2917966,host_77214): 0 -> 1
Cell (virus_2917966,host_1898386): 0 -> 1
Cell (virus_2917966,host_58060): 0 -> 1
Cell (virus_2917966,host_9400): 0 -> 1
Cell (virus_2917966,host_298110): 0 -> 1
Cell (virus_2917966,host_374419): 0 -> 1
Cell (virus_2917966,host_326081): 0 -> 1
Cell (virus_2917966,host_326151): 0 -> 1
Cell (virus_2917966,host_148094): 0 -> 1
Cell (virus_2917966,host_574064): 0 -> 1
Cell (virus_2917966,host_27634): 0 -> 1
Cell (virus_2917966,host_40228): 0 -> 1
Cell (virus_2917966,host_40230): 0 -> 1
Cell (virus_2917966,host_9417): 0 -> 1
Cell (virus_2917966,host_40224): 0 -> 1
Cell (virus_2917966,host_89673): 0 -> 1
Cell (virus_2917966,host_3042450): 0 -> 1
Cell (virus_2917966,host_59472): 0 -> 1
Cell (virus_2917966,host_221086): 0 -> 1
Cell (virus_2917966,host_291302): 0 -> 1
Cell (virus_2917966,host_27622): 0 -> 1
Cell (virus_2917966,host_3041509): 0 -> 1
Cell (virus_2917966,host_2218597): 0 -> 1
Cell (virus_2917966,host_258867): 0 -> 1
Cell (virus_2917966,host_242384): 0 -> 1
Cell (virus_2917966,host_258863): 0 -> 1
Cell (virus_2917966,host_9438): 0 -> 1
Cell (virus_2917966,host_249034): 0 -> 1
Cell (virus_2917966,host_258952): 0 -> 1
Cell (virus_2917966,host_258953): 0 -> 1
Cell (virus_2917966,host_249033): 0 -> 1
Cell (virus_2917966,host_61862): 0 -> 1
Cell (virus_2917966,host_258909): 0 -> 1
Cell (virus_2917966,host_909369): 0 -> 1
Cell (virus_2917966,host_29078): 0 -> 1
Cell (virus_2917966,host_3371014): 0 -> 1
Cell (virus_2917966,host_3371021): 0 -> 1
Cell (virus_2917966,host_360967): 0 -> 1
Cell (virus_2917966,host_59474): 0 -> 1
Cell (virus_2917966,host_867834): 0 -> 1
Cell (virus_2917966,host_258889): 0 -> 1
Cell (virus_2917966,host_2491053): 0 -> 1
Cell (virus_2917966,host_110938): 0 -> 1
Cell (virus_2917966,host_258944): 0 -> 1
Cell (virus_2917966,host_526822): 0 -> 1
Cell (virus_2917966,host_59485): 0 -> 1
Cell (virus_3158245,host_105273): 0 -> 1
Cell (virus_3158245,host_105295): 0 -> 1
Cell (virus_3158245,host_51300): 0 -> 1
Cell (virus_3158245,host_294653): 0 -> 1
Cell (virus_3158245,host_59473): 0 -> 1
Cell (virus_3158245,host_3380546): 0 -> 1
Cell (virus_3158245,host_9435): 0 -> 1
Cell (virus_3158245,host_257882): 0 -> 1
Cell (virus_3158245,host_109480): 0 -> 1
Cell (virus_3158245,host_160974): 0 -> 1
Cell (virus_3158245,host_519446): 0 -> 1
Cell (virus_3158245,host_109481): 0 -> 1
Cell (virus_3158245,host_2528591): 0 -> 1
Cell (virus_3158245,host_412095): 0 -> 1
Cell (virus_3158245,host_225399): 0 -> 1
Cell (virus_3158245,host_386774): 0 -> 1
Cell (virus_3158245,host_392318): 0 -> 1
Cell (virus_3158245,host_138977): 0 -> 1
Cell (virus_3158245,host_138979): 0 -> 1
Cell (virus_3158245,host_159330): 0 -> 1
Cell (virus_3158245,host_452654): 0 -> 1
Cell (virus_3158245,host_587652): 0 -> 1
Cell (virus_3158245,host_155915): 0 -> 1
Cell (virus_3158245,host_225400): 0 -> 1
Cell (virus_3158245,host_385037): 0 -> 1
Cell (virus_3158245,host_155035): 0 -> 1
Cell (virus_3158245,host_258925): 0 -> 1
Cell (virus_3158245,host_177185): 0 -> 1
Cell (virus_3158245,host_187017): 0 -> 1
Cell (virus_3158245,host_159858): 0 -> 1
Cell (virus_3158245,host_169756): 0 -> 1
Cell (virus_3158245,host_188570): 0 -> 1
Cell (virus_3158245,host_196889): 0 -> 1
Cell (virus_3158245,host_867892): 0 -> 1
Cell (virus_3158245,host_476588): 0 -> 1
Cell (virus_3158245,host_337452): 0 -> 1
Cell (virus_3158245,host_76837): 0 -> 1
Cell (virus_3158245,host_608659): 0 -> 1
Cell (virus_3158245,host_178895): 0 -> 1
Cell (virus_3158245,host_608708): 0 -> 1
Cell (virus_3158245,host_59477): 0 -> 1
Cell (virus_3158245,host_166054): 0 -> 1
Cell (virus_3158245,host_385575): 0 -> 1
Cell (virus_3158245,host_9402): 0 -> 1
Cell (virus_3158245,host_9403): 0 -> 1
Cell (virus_3158245,host_58057): 0 -> 1
Cell (virus_3158245,host_1410044): 0 -> 1
Cell (virus_3158245,host_1898389): 0 -> 1
Cell (virus_3158245,host_77231): 0 -> 1
Cell (virus_3158245,host_2853157): 0 -> 1
Cell (virus_3158245,host_58067): 0 -> 1
Cell (virus_3158245,host_498220): 0 -> 1
Cell (virus_3158245,host_448084): 0 -> 1
Cell (virus_3158245,host_77243): 0 -> 1
Cell (virus_3158245,host_58073): 0 -> 1
Cell (virus_3158245,host_58083): 0 -> 1
Cell (virus_3158245,host_77223): 0 -> 1
Cell (virus_3158245,host_58065): 0 -> 1
Cell (virus_3158245,host_58063): 0 -> 1
Cell (virus_3158245,host_77214): 0 -> 1
Cell (virus_3158245,host_1898386): 0 -> 1
Cell (virus_3158245,host_298110): 0 -> 1
Cell (virus_3158245,host_374419): 0 -> 1
Cell (virus_3158245,host_326081): 0 -> 1
Cell (virus_3158245,host_326151): 0 -> 1
Cell (virus_3158245,host_148094): 0 -> 1
Cell (virus_3158245,host_574064): 0 -> 1
Cell (virus_3158245,host_27634): 0 -> 1
Cell (virus_3158245,host_40228): 0 -> 1
Cell (virus_3158245,host_40230): 0 -> 1
Cell (virus_3158245,host_40229): 0 -> 1
Cell (virus_3158245,host_3042450): 0 -> 1
Cell (virus_3158245,host_59472): 0 -> 1
Cell (virus_3158245,host_291302): 0 -> 1
Cell (virus_3158245,host_124751): 0 -> 1
Cell (virus_3158245,host_27622): 0 -> 1
Cell (virus_3158245,host_3041509): 0 -> 1
Cell (virus_3158245,host_2218597): 0 -> 1
Cell (virus_3158245,host_258867): 0 -> 1
Cell (virus_3158245,host_242384): 0 -> 1
Cell (virus_3158245,host_258863): 0 -> 1
Cell (virus_3158245,host_9438): 0 -> 1
Cell (virus_3158245,host_249034): 0 -> 1
Cell (virus_3158245,host_258952): 0 -> 1
Cell (virus_3158245,host_258953): 0 -> 1
Cell (virus_3158245,host_249033): 0 -> 1
Cell (virus_3158245,host_258909): 0 -> 1
Cell (virus_3158245,host_909369): 0 -> 1
Cell (virus_3158245,host_29078): 0 -> 1
Cell (virus_3158245,host_3371014): 0 -> 1
Cell (virus_3158245,host_3371016): 0 -> 1
Cell (virus_3158245,host_3371021): 0 -> 1
Cell (virus_3158245,host_360967): 0 -> 1
Cell (virus_3158245,host_59474): 0 -> 1
Cell (virus_3158245,host_999321): 0 -> 1
Cell (virus_3158245,host_867834): 0 -> 1
Cell (virus_3158245,host_258889): 0 -> 1
Cell (virus_3158245,host_2491053): 0 -> 1
Cell (virus_3158245,host_110938): 0 -> 1
Cell (virus_3158245,host_258944): 0 -> 1
Cell (virus_3158245,host_59485): 0 -> 1
Cell (virus_693999,host_105273): 0 -> 1
Cell (virus_693999,host_105295): 0 -> 1
Cell (virus_693999,host_51300): 0 -> 1
Cell (virus_693999,host_294653): 0 -> 1
Cell (virus_693999,host_59473): 0 -> 1
Cell (virus_693999,host_3380546): 0 -> 1
Cell (virus_693999,host_9435): 0 -> 1
Cell (virus_693999,host_257882): 0 -> 1
Cell (virus_693999,host_109480): 0 -> 1
Cell (virus_693999,host_160974): 0 -> 1
Cell (virus_693999,host_519446): 0 -> 1
Cell (virus_693999,host_109481): 0 -> 1
Cell (virus_693999,host_2528591): 0 -> 1
Cell (virus_693999,host_412095): 0 -> 1
Cell (virus_693999,host_225399): 0 -> 1
Cell (virus_693999,host_386774): 0 -> 1
Cell (virus_693999,host_392318): 0 -> 1
Cell (virus_693999,host_138977): 0 -> 1
Cell (virus_693999,host_138979): 0 -> 1
Cell (virus_693999,host_159330): 0 -> 1
Cell (virus_693999,host_452654): 0 -> 1
Cell (virus_693999,host_587652): 0 -> 1
Cell (virus_693999,host_155915): 0 -> 1
Cell (virus_693999,host_225400): 0 -> 1
Cell (virus_693999,host_385037): 0 -> 1
Cell (virus_693999,host_155035): 0 -> 1
Cell (virus_693999,host_258925): 0 -> 1
Cell (virus_693999,host_177185): 0 -> 1
Cell (virus_693999,host_187017): 0 -> 1
Cell (virus_693999,host_159858): 0 -> 1
Cell (virus_693999,host_169756): 0 -> 1
Cell (virus_693999,host_188570): 0 -> 1
Cell (virus_693999,host_196889): 0 -> 1
Cell (virus_693999,host_867892): 0 -> 1
Cell (virus_693999,host_476588): 0 -> 1
Cell (virus_693999,host_337452): 0 -> 1
Cell (virus_693999,host_76837): 0 -> 1
Cell (virus_693999,host_608659): 0 -> 1
Cell (virus_693999,host_178895): 0 -> 1
Cell (virus_693999,host_608708): 0 -> 1
Cell (virus_693999,host_59477): 0 -> 1
Cell (virus_693999,host_166054): 0 -> 1
Cell (virus_693999,host_385575): 0 -> 1
Cell (virus_693999,host_9402): 0 -> 1
Cell (virus_693999,host_9403): 0 -> 1
Cell (virus_693999,host_58057): 0 -> 1
Cell (virus_693999,host_1410044): 0 -> 1
Cell (virus_693999,host_1898389): 0 -> 1
Cell (virus_693999,host_77231): 0 -> 1
Cell (virus_693999,host_2853157): 0 -> 1
Cell (virus_693999,host_58067): 0 -> 1
Cell (virus_693999,host_498220): 0 -> 1
Cell (virus_693999,host_448084): 0 -> 1
Cell (virus_693999,host_77243): 0 -> 1
Cell (virus_693999,host_58073): 0 -> 1
Cell (virus_693999,host_58083): 0 -> 1
Cell (virus_693999,host_77223): 0 -> 1
Cell (virus_693999,host_58065): 0 -> 1
Cell (virus_693999,host_58063): 0 -> 1
Cell (virus_693999,host_77214): 0 -> 1
Cell (virus_693999,host_1898386): 0 -> 1
Cell (virus_693999,host_298110): 0 -> 1
Cell (virus_693999,host_374419): 0 -> 1
Cell (virus_693999,host_326081): 0 -> 1
Cell (virus_693999,host_326151): 0 -> 1
Cell (virus_693999,host_148094): 0 -> 1
Cell (virus_693999,host_574064): 0 -> 1
Cell (virus_693999,host_27634): 0 -> 1
Cell (virus_693999,host_40228): 0 -> 1
Cell (virus_693999,host_40230): 0 -> 1
Cell (virus_693999,host_40229): 0 -> 1
Cell (virus_693999,host_3042450): 0 -> 1
Cell (virus_693999,host_59472): 0 -> 1
Cell (virus_693999,host_291302): 0 -> 1
Cell (virus_693999,host_124751): 0 -> 1
Cell (virus_693999,host_27622): 0 -> 1
Cell (virus_693999,host_3041509): 0 -> 1
Cell (virus_693999,host_2218597): 0 -> 1
Cell (virus_693999,host_258867): 0 -> 1
Cell (virus_693999,host_242384): 0 -> 1
Cell (virus_693999,host_258863): 0 -> 1
Cell (virus_693999,host_9438): 0 -> 1
Cell (virus_693999,host_249034): 0 -> 1
Cell (virus_693999,host_258952): 0 -> 1
Cell (virus_693999,host_258953): 0 -> 1
Cell (virus_693999,host_249033): 0 -> 1
Cell (virus_693999,host_258909): 0 -> 1
Cell (virus_693999,host_909369): 0 -> 1
Cell (virus_693999,host_29078): 0 -> 1
Cell (virus_693999,host_3371014): 0 -> 1
Cell (virus_693999,host_3371016): 0 -> 1
Cell (virus_693999,host_3371021): 0 -> 1
Cell (virus_693999,host_360967): 0 -> 1
Cell (virus_693999,host_59474): 0 -> 1
Cell (virus_693999,host_999321): 0 -> 1
Cell (virus_693999,host_867834): 0 -> 1
Cell (virus_693999,host_258889): 0 -> 1
Cell (virus_693999,host_2491053): 0 -> 1
Cell (virus_693999,host_110938): 0 -> 1
Cell (virus_693999,host_258944): 0 -> 1
Cell (virus_693999,host_59485): 0 -> 1
Cell (virus_3418615,host_105273): 0 -> 1
Cell (virus_3418615,host_105295): 0 -> 1
Cell (virus_3418615,host_51300): 0 -> 1
Cell (virus_3418615,host_294653): 0 -> 1
Cell (virus_3418615,host_59473): 0 -> 1
Cell (virus_3418615,host_3380546): 0 -> 1
Cell (virus_3418615,host_9435): 0 -> 1
Cell (virus_3418615,host_257882): 0 -> 1
Cell (virus_3418615,host_109480): 0 -> 1
Cell (virus_3418615,host_160974): 0 -> 1
Cell (virus_3418615,host_1633875): 0 -> 1
Cell (virus_3418615,host_519446): 0 -> 1
Cell (virus_3418615,host_109481): 0 -> 1
Cell (virus_3418615,host_2528591): 0 -> 1
Cell (virus_3418615,host_412095): 0 -> 1
Cell (virus_3418615,host_225399): 0 -> 1
Cell (virus_3418615,host_386774): 0 -> 1
Cell (virus_3418615,host_392318): 0 -> 1
Cell (virus_3418615,host_138977): 0 -> 1
Cell (virus_3418615,host_138979): 0 -> 1
Cell (virus_3418615,host_159330): 0 -> 1
Cell (virus_3418615,host_452654): 0 -> 1
Cell (virus_3418615,host_587652): 0 -> 1
Cell (virus_3418615,host_155915): 0 -> 1
Cell (virus_3418615,host_225400): 0 -> 1
Cell (virus_3418615,host_385037): 0 -> 1
Cell (virus_3418615,host_155035): 0 -> 1
Cell (virus_3418615,host_258925): 0 -> 1
Cell (virus_3418615,host_177185): 0 -> 1
Cell (virus_3418615,host_187017): 0 -> 1
Cell (virus_3418615,host_159858): 0 -> 1
Cell (virus_3418615,host_169756): 0 -> 1
Cell (virus_3418615,host_188570): 0 -> 1
Cell (virus_3418615,host_196889): 0 -> 1
Cell (virus_3418615,host_867892): 0 -> 1
Cell (virus_3418615,host_476588): 0 -> 1
Cell (virus_3418615,host_337452): 0 -> 1
Cell (virus_3418615,host_76837): 0 -> 1
Cell (virus_3418615,host_608659): 0 -> 1
Cell (virus_3418615,host_178895): 0 -> 1
Cell (virus_3418615,host_608708): 0 -> 1
Cell (virus_3418615,host_59477): 0 -> 1
Cell (virus_3418615,host_166054): 0 -> 1
Cell (virus_3418615,host_385575): 0 -> 1
Cell (virus_3418615,host_9402): 0 -> 1
Cell (virus_3418615,host_9403): 0 -> 1
Cell (virus_3418615,host_58057): 0 -> 1
Cell (virus_3418615,host_1410044): 0 -> 1
Cell (virus_3418615,host_1898389): 0 -> 1
Cell (virus_3418615,host_77231): 0 -> 1
Cell (virus_3418615,host_2853157): 0 -> 1
Cell (virus_3418615,host_58067): 0 -> 1
Cell (virus_3418615,host_498220): 0 -> 1
Cell (virus_3418615,host_448084): 0 -> 1
Cell (virus_3418615,host_77243): 0 -> 1
Cell (virus_3418615,host_58073): 0 -> 1
Cell (virus_3418615,host_58083): 0 -> 1
Cell (virus_3418615,host_77223): 0 -> 1
Cell (virus_3418615,host_58063): 0 -> 1
Cell (virus_3418615,host_77214): 0 -> 1
Cell (virus_3418615,host_1898386): 0 -> 1
Cell (virus_3418615,host_298110): 0 -> 1
Cell (virus_3418615,host_374419): 0 -> 1
Cell (virus_3418615,host_326081): 0 -> 1
Cell (virus_3418615,host_326151): 0 -> 1
Cell (virus_3418615,host_148094): 0 -> 1
Cell (virus_3418615,host_574064): 0 -> 1
Cell (virus_3418615,host_27634): 0 -> 1
Cell (virus_3418615,host_40228): 0 -> 1
Cell (virus_3418615,host_40230): 0 -> 1
Cell (virus_3418615,host_40229): 0 -> 1
Cell (virus_3418615,host_3042450): 0 -> 1
Cell (virus_3418615,host_59472): 0 -> 1
Cell (virus_3418615,host_9414): 0 -> 1
Cell (virus_3418615,host_291302): 0 -> 1
Cell (virus_3418615,host_124751): 0 -> 1
Cell (virus_3418615,host_27622): 0 -> 1
Cell (virus_3418615,host_3041509): 0 -> 1
Cell (virus_3418615,host_2218597): 0 -> 1
Cell (virus_3418615,host_258867): 0 -> 1
Cell (virus_3418615,host_242384): 0 -> 1
Cell (virus_3418615,host_258863): 0 -> 1
Cell (virus_3418615,host_9438): 0 -> 1
Cell (virus_3418615,host_249034): 0 -> 1
Cell (virus_3418615,host_258952): 0 -> 1
Cell (virus_3418615,host_258953): 0 -> 1
Cell (virus_3418615,host_249033): 0 -> 1
Cell (virus_3418615,host_258909): 0 -> 1
Cell (virus_3418615,host_909369): 0 -> 1
Cell (virus_3418615,host_29078): 0 -> 1
Cell (virus_3418615,host_3371014): 0 -> 1
Cell (virus_3418615,host_3371016): 0 -> 1
Cell (virus_3418615,host_3371021): 0 -> 1
Cell (virus_3418615,host_360967): 0 -> 1
Cell (virus_3418615,host_59474): 0 -> 1
Cell (virus_3418615,host_999321): 0 -> 1
Cell (virus_3418615,host_867834): 0 -> 1
Cell (virus_3418615,host_258889): 0 -> 1
Cell (virus_3418615,host_2491053): 0 -> 1
Cell (virus_3418615,host_110938): 0 -> 1
Cell (virus_3418615,host_258944): 0 -> 1
Cell (virus_3418615,host_59485): 0 -> 1
Cell (virus_694006,host_105273): 0 -> 1
Cell (virus_694006,host_105295): 0 -> 1
Cell (virus_694006,host_51300): 0 -> 1
Cell (virus_694006,host_294653): 0 -> 1
Cell (virus_694006,host_59473): 0 -> 1
Cell (virus_694006,host_3380546): 0 -> 1
Cell (virus_694006,host_9435): 0 -> 1
Cell (virus_694006,host_257882): 0 -> 1
Cell (virus_694006,host_109480): 0 -> 1
Cell (virus_694006,host_160974): 0 -> 1
Cell (virus_694006,host_1633875): 0 -> 1
Cell (virus_694006,host_519446): 0 -> 1
Cell (virus_694006,host_109481): 0 -> 1
Cell (virus_694006,host_2528591): 0 -> 1
Cell (virus_694006,host_412095): 0 -> 1
Cell (virus_694006,host_225399): 0 -> 1
Cell (virus_694006,host_386774): 0 -> 1
Cell (virus_694006,host_392318): 0 -> 1
Cell (virus_694006,host_138977): 0 -> 1
Cell (virus_694006,host_138979): 0 -> 1
Cell (virus_694006,host_159330): 0 -> 1
Cell (virus_694006,host_452654): 0 -> 1
Cell (virus_694006,host_587652): 0 -> 1
Cell (virus_694006,host_155915): 0 -> 1
Cell (virus_694006,host_225400): 0 -> 1
Cell (virus_694006,host_385037): 0 -> 1
Cell (virus_694006,host_155035): 0 -> 1
Cell (virus_694006,host_258925): 0 -> 1
Cell (virus_694006,host_177185): 0 -> 1
Cell (virus_694006,host_187017): 0 -> 1
Cell (virus_694006,host_159858): 0 -> 1
Cell (virus_694006,host_169756): 0 -> 1
Cell (virus_694006,host_188570): 0 -> 1
Cell (virus_694006,host_196889): 0 -> 1
Cell (virus_694006,host_867892): 0 -> 1
Cell (virus_694006,host_476588): 0 -> 1
Cell (virus_694006,host_337452): 0 -> 1
Cell (virus_694006,host_76837): 0 -> 1
Cell (virus_694006,host_608659): 0 -> 1
Cell (virus_694006,host_178895): 0 -> 1
Cell (virus_694006,host_608708): 0 -> 1
Cell (virus_694006,host_59477): 0 -> 1
Cell (virus_694006,host_166054): 0 -> 1
Cell (virus_694006,host_385575): 0 -> 1
Cell (virus_694006,host_9402): 0 -> 1
Cell (virus_694006,host_9403): 0 -> 1
Cell (virus_694006,host_58057): 0 -> 1
Cell (virus_694006,host_1410044): 0 -> 1
Cell (virus_694006,host_1898389): 0 -> 1
Cell (virus_694006,host_77231): 0 -> 1
Cell (virus_694006,host_2853157): 0 -> 1
Cell (virus_694006,host_58067): 0 -> 1
Cell (virus_694006,host_498220): 0 -> 1
Cell (virus_694006,host_448084): 0 -> 1
Cell (virus_694006,host_77243): 0 -> 1
Cell (virus_694006,host_58073): 0 -> 1
Cell (virus_694006,host_58083): 0 -> 1
Cell (virus_694006,host_77223): 0 -> 1
Cell (virus_694006,host_58063): 0 -> 1
Cell (virus_694006,host_77214): 0 -> 1
Cell (virus_694006,host_1898386): 0 -> 1
Cell (virus_694006,host_298110): 0 -> 1
Cell (virus_694006,host_374419): 0 -> 1
Cell (virus_694006,host_326081): 0 -> 1
Cell (virus_694006,host_326151): 0 -> 1
Cell (virus_694006,host_148094): 0 -> 1
Cell (virus_694006,host_574064): 0 -> 1
Cell (virus_694006,host_27634): 0 -> 1
Cell (virus_694006,host_40228): 0 -> 1
Cell (virus_694006,host_40230): 0 -> 1
Cell (virus_694006,host_40229): 0 -> 1
Cell (virus_694006,host_3042450): 0 -> 1
Cell (virus_694006,host_59472): 0 -> 1
Cell (virus_694006,host_9414): 0 -> 1
Cell (virus_694006,host_291302): 0 -> 1
Cell (virus_694006,host_124751): 0 -> 1
Cell (virus_694006,host_27622): 0 -> 1
Cell (virus_694006,host_3041509): 0 -> 1
Cell (virus_694006,host_2218597): 0 -> 1
Cell (virus_694006,host_258867): 0 -> 1
Cell (virus_694006,host_242384): 0 -> 1
Cell (virus_694006,host_258863): 0 -> 1
Cell (virus_694006,host_9438): 0 -> 1
Cell (virus_694006,host_249034): 0 -> 1
Cell (virus_694006,host_258952): 0 -> 1
Cell (virus_694006,host_258953): 0 -> 1
Cell (virus_694006,host_249033): 0 -> 1
Cell (virus_694006,host_258909): 0 -> 1
Cell (virus_694006,host_909369): 0 -> 1
Cell (virus_694006,host_29078): 0 -> 1
Cell (virus_694006,host_3371014): 0 -> 1
Cell (virus_694006,host_3371016): 0 -> 1
Cell (virus_694006,host_3371021): 0 -> 1
Cell (virus_694006,host_360967): 0 -> 1
Cell (virus_694006,host_59474): 0 -> 1
Cell (virus_694006,host_999321): 0 -> 1
Cell (virus_694006,host_867834): 0 -> 1
Cell (virus_694006,host_258889): 0 -> 1
Cell (virus_694006,host_2491053): 0 -> 1
Cell (virus_694006,host_110938): 0 -> 1
Cell (virus_694006,host_258944): 0 -> 1
Cell (virus_694006,host_59485): 0 -> 1
Cell (virus_3433776,host_105273): 0 -> 1
Cell (virus_3433776,host_105295): 0 -> 1
Cell (virus_3433776,host_51300): 0 -> 1
Cell (virus_3433776,host_294653): 0 -> 1
Cell (virus_3433776,host_59473): 0 -> 1
Cell (virus_3433776,host_3380546): 0 -> 1
Cell (virus_3433776,host_9435): 0 -> 1
Cell (virus_3433776,host_257882): 0 -> 1
Cell (virus_3433776,host_109480): 0 -> 1
Cell (virus_3433776,host_160974): 0 -> 1
Cell (virus_3433776,host_519446): 0 -> 1
Cell (virus_3433776,host_109481): 0 -> 1
Cell (virus_3433776,host_2528591): 0 -> 1
Cell (virus_3433776,host_412095): 0 -> 1
Cell (virus_3433776,host_225399): 0 -> 1
Cell (virus_3433776,host_386774): 0 -> 1
Cell (virus_3433776,host_392318): 0 -> 1
Cell (virus_3433776,host_138977): 0 -> 1
Cell (virus_3433776,host_138979): 0 -> 1
Cell (virus_3433776,host_159330): 0 -> 1
Cell (virus_3433776,host_452654): 0 -> 1
Cell (virus_3433776,host_587652): 0 -> 1
Cell (virus_3433776,host_155915): 0 -> 1
Cell (virus_3433776,host_225400): 0 -> 1
Cell (virus_3433776,host_385037): 0 -> 1
Cell (virus_3433776,host_155035): 0 -> 1
Cell (virus_3433776,host_258925): 0 -> 1
Cell (virus_3433776,host_177185): 0 -> 1
Cell (virus_3433776,host_187017): 0 -> 1
Cell (virus_3433776,host_159858): 0 -> 1
Cell (virus_3433776,host_169756): 0 -> 1
Cell (virus_3433776,host_188570): 0 -> 1
Cell (virus_3433776,host_196889): 0 -> 1
Cell (virus_3433776,host_867892): 0 -> 1
Cell (virus_3433776,host_476588): 0 -> 1
Cell (virus_3433776,host_337452): 0 -> 1
Cell (virus_3433776,host_76837): 0 -> 1
Cell (virus_3433776,host_608659): 0 -> 1
Cell (virus_3433776,host_178895): 0 -> 1
Cell (virus_3433776,host_608708): 0 -> 1
Cell (virus_3433776,host_59477): 0 -> 1
Cell (virus_3433776,host_166054): 0 -> 1
Cell (virus_3433776,host_385575): 0 -> 1
Cell (virus_3433776,host_9402): 0 -> 1
Cell (virus_3433776,host_9403): 0 -> 1
Cell (virus_3433776,host_58057): 0 -> 1
Cell (virus_3433776,host_1410044): 0 -> 1
Cell (virus_3433776,host_1898389): 0 -> 1
Cell (virus_3433776,host_77231): 0 -> 1
Cell (virus_3433776,host_2853157): 0 -> 1
Cell (virus_3433776,host_58067): 0 -> 1
Cell (virus_3433776,host_498220): 0 -> 1
Cell (virus_3433776,host_448084): 0 -> 1
Cell (virus_3433776,host_77243): 0 -> 1
Cell (virus_3433776,host_58073): 0 -> 1
Cell (virus_3433776,host_58083): 0 -> 1
Cell (virus_3433776,host_77223): 0 -> 1
Cell (virus_3433776,host_58063): 0 -> 1
Cell (virus_3433776,host_77214): 0 -> 1
Cell (virus_3433776,host_1898386): 0 -> 1
Cell (virus_3433776,host_298110): 0 -> 1
Cell (virus_3433776,host_374419): 0 -> 1
Cell (virus_3433776,host_326081): 0 -> 1
Cell (virus_3433776,host_326151): 0 -> 1
Cell (virus_3433776,host_148094): 0 -> 1
Cell (virus_3433776,host_574064): 0 -> 1
Cell (virus_3433776,host_27634): 0 -> 1
Cell (virus_3433776,host_40228): 0 -> 1
Cell (virus_3433776,host_40230): 0 -> 1
Cell (virus_3433776,host_40229): 0 -> 1
Cell (virus_3433776,host_3042450): 0 -> 1
Cell (virus_3433776,host_59472): 0 -> 1
Cell (virus_3433776,host_9414): 0 -> 1
Cell (virus_3433776,host_291302): 0 -> 1
Cell (virus_3433776,host_124751): 0 -> 1
Cell (virus_3433776,host_27622): 0 -> 1
Cell (virus_3433776,host_3041509): 0 -> 1
Cell (virus_3433776,host_2218597): 0 -> 1
Cell (virus_3433776,host_258867): 0 -> 1
Cell (virus_3433776,host_242384): 0 -> 1
Cell (virus_3433776,host_258863): 0 -> 1
Cell (virus_3433776,host_9438): 0 -> 1
Cell (virus_3433776,host_249034): 0 -> 1
Cell (virus_3433776,host_258952): 0 -> 1
Cell (virus_3433776,host_258953): 0 -> 1
Cell (virus_3433776,host_249033): 0 -> 1
Cell (virus_3433776,host_258909): 0 -> 1
Cell (virus_3433776,host_909369): 0 -> 1
Cell (virus_3433776,host_29078): 0 -> 1
Cell (virus_3433776,host_3371014): 0 -> 1
Cell (virus_3433776,host_3371016): 0 -> 1
Cell (virus_3433776,host_3371021): 0 -> 1
Cell (virus_3433776,host_360967): 0 -> 1
Cell (virus_3433776,host_59474): 0 -> 1
Cell (virus_3433776,host_999321): 0 -> 1
Cell (virus_3433776,host_258889): 0 -> 1
Cell (virus_3433776,host_2491053): 0 -> 1
Cell (virus_3433776,host_110938): 0 -> 1
Cell (virus_3433776,host_258944): 0 -> 1
Cell (virus_3433776,host_59485): 0 -> 1
Cell (virus_694007,host_105273): 0 -> 1
Cell (virus_694007,host_105295): 0 -> 1
Cell (virus_694007,host_51300): 0 -> 1
Cell (virus_694007,host_294653): 0 -> 1
Cell (virus_694007,host_59473): 0 -> 1
Cell (virus_694007,host_3380546): 0 -> 1
Cell (virus_694007,host_9435): 0 -> 1
Cell (virus_694007,host_257882): 0 -> 1
Cell (virus_694007,host_109480): 0 -> 1
Cell (virus_694007,host_160974): 0 -> 1
Cell (virus_694007,host_519446): 0 -> 1
Cell (virus_694007,host_109481): 0 -> 1
Cell (virus_694007,host_2528591): 0 -> 1
Cell (virus_694007,host_412095): 0 -> 1
Cell (virus_694007,host_225399): 0 -> 1
Cell (virus_694007,host_386774): 0 -> 1
Cell (virus_694007,host_392318): 0 -> 1
Cell (virus_694007,host_138977): 0 -> 1
Cell (virus_694007,host_138979): 0 -> 1
Cell (virus_694007,host_159330): 0 -> 1
Cell (virus_694007,host_452654): 0 -> 1
Cell (virus_694007,host_587652): 0 -> 1
Cell (virus_694007,host_155915): 0 -> 1
Cell (virus_694007,host_225400): 0 -> 1
Cell (virus_694007,host_385037): 0 -> 1
Cell (virus_694007,host_155035): 0 -> 1
Cell (virus_694007,host_258925): 0 -> 1
Cell (virus_694007,host_177185): 0 -> 1
Cell (virus_694007,host_187017): 0 -> 1
Cell (virus_694007,host_159858): 0 -> 1
Cell (virus_694007,host_169756): 0 -> 1
Cell (virus_694007,host_188570): 0 -> 1
Cell (virus_694007,host_196889): 0 -> 1
Cell (virus_694007,host_867892): 0 -> 1
Cell (virus_694007,host_476588): 0 -> 1
Cell (virus_694007,host_337452): 0 -> 1
Cell (virus_694007,host_76837): 0 -> 1
Cell (virus_694007,host_608659): 0 -> 1
Cell (virus_694007,host_178895): 0 -> 1
Cell (virus_694007,host_608708): 0 -> 1
Cell (virus_694007,host_59477): 0 -> 1
Cell (virus_694007,host_166054): 0 -> 1
Cell (virus_694007,host_385575): 0 -> 1
Cell (virus_694007,host_9402): 0 -> 1
Cell (virus_694007,host_9403): 0 -> 1
Cell (virus_694007,host_58057): 0 -> 1
Cell (virus_694007,host_1410044): 0 -> 1
Cell (virus_694007,host_1898389): 0 -> 1
Cell (virus_694007,host_77231): 0 -> 1
Cell (virus_694007,host_2853157): 0 -> 1
Cell (virus_694007,host_58067): 0 -> 1
Cell (virus_694007,host_498220): 0 -> 1
Cell (virus_694007,host_448084): 0 -> 1
Cell (virus_694007,host_77243): 0 -> 1
Cell (virus_694007,host_58073): 0 -> 1
Cell (virus_694007,host_58083): 0 -> 1
Cell (virus_694007,host_77223): 0 -> 1
Cell (virus_694007,host_58063): 0 -> 1
Cell (virus_694007,host_77214): 0 -> 1
Cell (virus_694007,host_1898386): 0 -> 1
Cell (virus_694007,host_298110): 0 -> 1
Cell (virus_694007,host_374419): 0 -> 1
Cell (virus_694007,host_326081): 0 -> 1
Cell (virus_694007,host_326151): 0 -> 1
Cell (virus_694007,host_148094): 0 -> 1
Cell (virus_694007,host_574064): 0 -> 1
Cell (virus_694007,host_27634): 0 -> 1
Cell (virus_694007,host_40228): 0 -> 1
Cell (virus_694007,host_40230): 0 -> 1
Cell (virus_694007,host_40229): 0 -> 1
Cell (virus_694007,host_3042450): 0 -> 1
Cell (virus_694007,host_59472): 0 -> 1
Cell (virus_694007,host_9414): 0 -> 1
Cell (virus_694007,host_291302): 0 -> 1
Cell (virus_694007,host_124751): 0 -> 1
Cell (virus_694007,host_27622): 0 -> 1
Cell (virus_694007,host_3041509): 0 -> 1
Cell (virus_694007,host_2218597): 0 -> 1
Cell (virus_694007,host_258867): 0 -> 1
Cell (virus_694007,host_242384): 0 -> 1
Cell (virus_694007,host_258863): 0 -> 1
Cell (virus_694007,host_9438): 0 -> 1
Cell (virus_694007,host_249034): 0 -> 1
Cell (virus_694007,host_258952): 0 -> 1
Cell (virus_694007,host_258953): 0 -> 1
Cell (virus_694007,host_249033): 0 -> 1
Cell (virus_694007,host_258909): 0 -> 1
Cell (virus_694007,host_909369): 0 -> 1
Cell (virus_694007,host_29078): 0 -> 1
Cell (virus_694007,host_3371014): 0 -> 1
Cell (virus_694007,host_3371016): 0 -> 1
Cell (virus_694007,host_3371021): 0 -> 1
Cell (virus_694007,host_360967): 0 -> 1
Cell (virus_694007,host_59474): 0 -> 1
Cell (virus_694007,host_999321): 0 -> 1
Cell (virus_694007,host_258889): 0 -> 1
Cell (virus_694007,host_2491053): 0 -> 1
Cell (virus_694007,host_110938): 0 -> 1
Cell (virus_694007,host_258944): 0 -> 1
Cell (virus_694007,host_59485): 0 -> 1
Cell (virus_1881051,host_105295): 0 -> 1
Cell (virus_1881051,host_51300): 0 -> 1
Cell (virus_1881051,host_294653): 0 -> 1
Cell (virus_1881051,host_59473): 0 -> 1
Cell (virus_1881051,host_3380546): 0 -> 1
Cell (virus_1881051,host_9435): 0 -> 1
Cell (virus_1881051,host_257882): 0 -> 1
Cell (virus_1881051,host_109480): 0 -> 1
Cell (virus_1881051,host_160974): 0 -> 1
Cell (virus_1881051,host_519446): 0 -> 1
Cell (virus_1881051,host_109481): 0 -> 1
Cell (virus_1881051,host_2528591): 0 -> 1
Cell (virus_1881051,host_412095): 0 -> 1
Cell (virus_1881051,host_225399): 0 -> 1
Cell (virus_1881051,host_386774): 0 -> 1
Cell (virus_1881051,host_392318): 0 -> 1
Cell (virus_1881051,host_138977): 0 -> 1
Cell (virus_1881051,host_138979): 0 -> 1
Cell (virus_1881051,host_159330): 0 -> 1
Cell (virus_1881051,host_452654): 0 -> 1
Cell (virus_1881051,host_385037): 0 -> 1
Cell (virus_1881051,host_155035): 0 -> 1
Cell (virus_1881051,host_633648): 0 -> 1
Cell (virus_1881051,host_258925): 0 -> 1
Cell (virus_1881051,host_177185): 0 -> 1
Cell (virus_1881051,host_187017): 0 -> 1
Cell (virus_1881051,host_159858): 0 -> 1
Cell (virus_1881051,host_169756): 0 -> 1
Cell (virus_1881051,host_188570): 0 -> 1
Cell (virus_1881051,host_196889): 0 -> 1
Cell (virus_1881051,host_867892): 0 -> 1
Cell (virus_1881051,host_476588): 0 -> 1
Cell (virus_1881051,host_337452): 0 -> 1
Cell (virus_1881051,host_76837): 0 -> 1
Cell (virus_1881051,host_178895): 0 -> 1
Cell (virus_1881051,host_608708): 0 -> 1
Cell (virus_1881051,host_59477): 0 -> 1
Cell (virus_1881051,host_476589): 0 -> 1
Cell (virus_1881051,host_166054): 0 -> 1
Cell (virus_1881051,host_385575): 0 -> 1
Cell (virus_1881051,host_9402): 0 -> 1
Cell (virus_1881051,host_9403): 0 -> 1
Cell (virus_1881051,host_58057): 0 -> 1
Cell (virus_1881051,host_1410044): 0 -> 1
Cell (virus_1881051,host_1898389): 0 -> 1
Cell (virus_1881051,host_77231): 0 -> 1
Cell (virus_1881051,host_2853157): 0 -> 1
Cell (virus_1881051,host_58067): 0 -> 1
Cell (virus_1881051,host_498220): 0 -> 1
Cell (virus_1881051,host_448084): 0 -> 1
Cell (virus_1881051,host_77243): 0 -> 1
Cell (virus_1881051,host_58073): 0 -> 1
Cell (virus_1881051,host_58083): 0 -> 1
Cell (virus_1881051,host_77223): 0 -> 1
Cell (virus_1881051,host_58063): 0 -> 1
Cell (virus_1881051,host_77214): 0 -> 1
Cell (virus_1881051,host_1898386): 0 -> 1
Cell (virus_1881051,host_298110): 0 -> 1
Cell (virus_1881051,host_374419): 0 -> 1
Cell (virus_1881051,host_326081): 0 -> 1
Cell (virus_1881051,host_326151): 0 -> 1
Cell (virus_1881051,host_148094): 0 -> 1
Cell (virus_1881051,host_574064): 0 -> 1
Cell (virus_1881051,host_27634): 0 -> 1
Cell (virus_1881051,host_40228): 0 -> 1
Cell (virus_1881051,host_40230): 0 -> 1
Cell (virus_1881051,host_3042450): 0 -> 1
Cell (virus_1881051,host_59472): 0 -> 1
Cell (virus_1881051,host_291302): 0 -> 1
Cell (virus_1881051,host_479723): 0 -> 1
Cell (virus_1881051,host_27622): 0 -> 1
Cell (virus_1881051,host_3041509): 0 -> 1
Cell (virus_1881051,host_2218597): 0 -> 1
Cell (virus_1881051,host_258867): 0 -> 1
Cell (virus_1881051,host_242384): 0 -> 1
Cell (virus_1881051,host_258863): 0 -> 1
Cell (virus_1881051,host_9438): 0 -> 1
Cell (virus_1881051,host_249034): 0 -> 1
Cell (virus_1881051,host_258952): 0 -> 1
Cell (virus_1881051,host_258953): 0 -> 1
Cell (virus_1881051,host_249033): 0 -> 1
Cell (virus_1881051,host_272799): 0 -> 1
Cell (virus_1881051,host_258909): 0 -> 1
Cell (virus_1881051,host_909369): 0 -> 1
Cell (virus_1881051,host_29078): 0 -> 1
Cell (virus_1881051,host_3371014): 0 -> 1
Cell (virus_1881051,host_3371016): 0 -> 1
Cell (virus_1881051,host_3371021): 0 -> 1
Cell (virus_1881051,host_360967): 0 -> 1
Cell (virus_1881051,host_59474): 0 -> 1
Cell (virus_1881051,host_999321): 0 -> 1
Cell (virus_1881051,host_867834): 0 -> 1
Cell (virus_1881051,host_258889): 0 -> 1
Cell (virus_1881051,host_2491053): 0 -> 1
Cell (virus_1881051,host_110938): 0 -> 1
Cell (virus_1881051,host_258944): 0 -> 1
Cell (virus_1881051,host_59485): 0 -> 1
Cell (virus_2913387,host_105295): 0 -> 1
Cell (virus_2913387,host_51300): 0 -> 1
Cell (virus_2913387,host_294653): 0 -> 1
Cell (virus_2913387,host_59473): 0 -> 1
Cell (virus_2913387,host_3380546): 0 -> 1
Cell (virus_2913387,host_9435): 0 -> 1
Cell (virus_2913387,host_257882): 0 -> 1
Cell (virus_2913387,host_109480): 0 -> 1
Cell (virus_2913387,host_160974): 0 -> 1
Cell (virus_2913387,host_519446): 0 -> 1
Cell (virus_2913387,host_109481): 0 -> 1
Cell (virus_2913387,host_2528591): 0 -> 1
Cell (virus_2913387,host_412095): 0 -> 1
Cell (virus_2913387,host_225399): 0 -> 1
Cell (virus_2913387,host_386774): 0 -> 1
Cell (virus_2913387,host_392318): 0 -> 1
Cell (virus_2913387,host_138977): 0 -> 1
Cell (virus_2913387,host_138979): 0 -> 1
Cell (virus_2913387,host_159330): 0 -> 1
Cell (virus_2913387,host_452654): 0 -> 1
Cell (virus_2913387,host_385037): 0 -> 1
Cell (virus_2913387,host_155035): 0 -> 1
Cell (virus_2913387,host_633648): 0 -> 1
Cell (virus_2913387,host_258925): 0 -> 1
Cell (virus_2913387,host_177185): 0 -> 1
Cell (virus_2913387,host_187017): 0 -> 1
Cell (virus_2913387,host_159858): 0 -> 1
Cell (virus_2913387,host_169756): 0 -> 1
Cell (virus_2913387,host_188570): 0 -> 1
Cell (virus_2913387,host_196889): 0 -> 1
Cell (virus_2913387,host_867892): 0 -> 1
Cell (virus_2913387,host_476588): 0 -> 1
Cell (virus_2913387,host_337452): 0 -> 1
Cell (virus_2913387,host_76837): 0 -> 1
Cell (virus_2913387,host_178895): 0 -> 1
Cell (virus_2913387,host_608708): 0 -> 1
Cell (virus_2913387,host_59477): 0 -> 1
Cell (virus_2913387,host_476589): 0 -> 1
Cell (virus_2913387,host_166054): 0 -> 1
Cell (virus_2913387,host_385575): 0 -> 1
Cell (virus_2913387,host_9402): 0 -> 1
Cell (virus_2913387,host_9403): 0 -> 1
Cell (virus_2913387,host_58057): 0 -> 1
Cell (virus_2913387,host_1410044): 0 -> 1
Cell (virus_2913387,host_1898389): 0 -> 1
Cell (virus_2913387,host_77231): 0 -> 1
Cell (virus_2913387,host_2853157): 0 -> 1
Cell (virus_2913387,host_58067): 0 -> 1
Cell (virus_2913387,host_498220): 0 -> 1
Cell (virus_2913387,host_448084): 0 -> 1
Cell (virus_2913387,host_77243): 0 -> 1
Cell (virus_2913387,host_58073): 0 -> 1
Cell (virus_2913387,host_58083): 0 -> 1
Cell (virus_2913387,host_77223): 0 -> 1
Cell (virus_2913387,host_58063): 0 -> 1
Cell (virus_2913387,host_77214): 0 -> 1
Cell (virus_2913387,host_1898386): 0 -> 1
Cell (virus_2913387,host_298110): 0 -> 1
Cell (virus_2913387,host_374419): 0 -> 1
Cell (virus_2913387,host_326081): 0 -> 1
Cell (virus_2913387,host_326151): 0 -> 1
Cell (virus_2913387,host_148094): 0 -> 1
Cell (virus_2913387,host_574064): 0 -> 1
Cell (virus_2913387,host_27634): 0 -> 1
Cell (virus_2913387,host_40228): 0 -> 1
Cell (virus_2913387,host_40230): 0 -> 1
Cell (virus_2913387,host_3042450): 0 -> 1
Cell (virus_2913387,host_59472): 0 -> 1
Cell (virus_2913387,host_291302): 0 -> 1
Cell (virus_2913387,host_479723): 0 -> 1
Cell (virus_2913387,host_27622): 0 -> 1
Cell (virus_2913387,host_3041509): 0 -> 1
Cell (virus_2913387,host_2218597): 0 -> 1
Cell (virus_2913387,host_258867): 0 -> 1
Cell (virus_2913387,host_242384): 0 -> 1
Cell (virus_2913387,host_258863): 0 -> 1
Cell (virus_2913387,host_9438): 0 -> 1
Cell (virus_2913387,host_249034): 0 -> 1
Cell (virus_2913387,host_258952): 0 -> 1
Cell (virus_2913387,host_258953): 0 -> 1
Cell (virus_2913387,host_249033): 0 -> 1
Cell (virus_2913387,host_272799): 0 -> 1
Cell (virus_2913387,host_258909): 0 -> 1
Cell (virus_2913387,host_909369): 0 -> 1
Cell (virus_2913387,host_29078): 0 -> 1
Cell (virus_2913387,host_3371014): 0 -> 1
Cell (virus_2913387,host_3371016): 0 -> 1
Cell (virus_2913387,host_3371021): 0 -> 1
Cell (virus_2913387,host_360967): 0 -> 1
Cell (virus_2913387,host_59474): 0 -> 1
Cell (virus_2913387,host_999321): 0 -> 1
Cell (virus_2913387,host_867834): 0 -> 1
Cell (virus_2913387,host_258889): 0 -> 1
Cell (virus_2913387,host_2491053): 0 -> 1
Cell (virus_2913387,host_110938): 0 -> 1
Cell (virus_2913387,host_258944): 0 -> 1
Cell (virus_2913387,host_59485): 0 -> 1
Cell (virus_2691592,host_105295): 0 -> 1
Cell (virus_2691592,host_51300): 0 -> 1
Cell (virus_2691592,host_294653): 0 -> 1
Cell (virus_2691592,host_59473): 0 -> 1
Cell (virus_2691592,host_3380546): 0 -> 1
Cell (virus_2691592,host_9435): 0 -> 1
Cell (virus_2691592,host_257882): 0 -> 1
Cell (virus_2691592,host_109480): 0 -> 1
Cell (virus_2691592,host_160974): 0 -> 1
Cell (virus_2691592,host_519446): 0 -> 1
Cell (virus_2691592,host_109481): 0 -> 1
Cell (virus_2691592,host_2528591): 0 -> 1
Cell (virus_2691592,host_412095): 0 -> 1
Cell (virus_2691592,host_225399): 0 -> 1
Cell (virus_2691592,host_386774): 0 -> 1
Cell (virus_2691592,host_392318): 0 -> 1
Cell (virus_2691592,host_138977): 0 -> 1
Cell (virus_2691592,host_138979): 0 -> 1
Cell (virus_2691592,host_159330): 0 -> 1
Cell (virus_2691592,host_452654): 0 -> 1
Cell (virus_2691592,host_385037): 0 -> 1
Cell (virus_2691592,host_155035): 0 -> 1
Cell (virus_2691592,host_633648): 0 -> 1
Cell (virus_2691592,host_258925): 0 -> 1
Cell (virus_2691592,host_177185): 0 -> 1
Cell (virus_2691592,host_187017): 0 -> 1
Cell (virus_2691592,host_159858): 0 -> 1
Cell (virus_2691592,host_169756): 0 -> 1
Cell (virus_2691592,host_188570): 0 -> 1
Cell (virus_2691592,host_196889): 0 -> 1
Cell (virus_2691592,host_867892): 0 -> 1
Cell (virus_2691592,host_476588): 0 -> 1
Cell (virus_2691592,host_337452): 0 -> 1
Cell (virus_2691592,host_76837): 0 -> 1
Cell (virus_2691592,host_178895): 0 -> 1
Cell (virus_2691592,host_608708): 0 -> 1
Cell (virus_2691592,host_59477): 0 -> 1
Cell (virus_2691592,host_476589): 0 -> 1
Cell (virus_2691592,host_166054): 0 -> 1
Cell (virus_2691592,host_385575): 0 -> 1
Cell (virus_2691592,host_9402): 0 -> 1
Cell (virus_2691592,host_9403): 0 -> 1
Cell (virus_2691592,host_1410044): 0 -> 1
Cell (virus_2691592,host_1898389): 0 -> 1
Cell (virus_2691592,host_77231): 0 -> 1
Cell (virus_2691592,host_2853157): 0 -> 1
Cell (virus_2691592,host_372077): 0 -> 1
Cell (virus_2691592,host_58067): 0 -> 1
Cell (virus_2691592,host_498220): 0 -> 1
Cell (virus_2691592,host_448084): 0 -> 1
Cell (virus_2691592,host_77243): 0 -> 1
Cell (virus_2691592,host_58073): 0 -> 1
Cell (virus_2691592,host_58083): 0 -> 1
Cell (virus_2691592,host_77223): 0 -> 1
Cell (virus_2691592,host_58063): 0 -> 1
Cell (virus_2691592,host_77214): 0 -> 1
Cell (virus_2691592,host_1898386): 0 -> 1
Cell (virus_2691592,host_298110): 0 -> 1
Cell (virus_2691592,host_374419): 0 -> 1
Cell (virus_2691592,host_326081): 0 -> 1
Cell (virus_2691592,host_326151): 0 -> 1
Cell (virus_2691592,host_148094): 0 -> 1
Cell (virus_2691592,host_574064): 0 -> 1
Cell (virus_2691592,host_27634): 0 -> 1
Cell (virus_2691592,host_40228): 0 -> 1
Cell (virus_2691592,host_40230): 0 -> 1
Cell (virus_2691592,host_3042450): 0 -> 1
Cell (virus_2691592,host_59472): 0 -> 1
Cell (virus_2691592,host_291302): 0 -> 1
Cell (virus_2691592,host_479723): 0 -> 1
Cell (virus_2691592,host_27622): 0 -> 1
Cell (virus_2691592,host_3041509): 0 -> 1
Cell (virus_2691592,host_2218597): 0 -> 1
Cell (virus_2691592,host_258867): 0 -> 1
Cell (virus_2691592,host_242384): 0 -> 1
Cell (virus_2691592,host_258863): 0 -> 1
Cell (virus_2691592,host_9438): 0 -> 1
Cell (virus_2691592,host_249034): 0 -> 1
Cell (virus_2691592,host_258952): 0 -> 1
Cell (virus_2691592,host_258953): 0 -> 1
Cell (virus_2691592,host_249033): 0 -> 1
Cell (virus_2691592,host_272799): 0 -> 1
Cell (virus_2691592,host_258909): 0 -> 1
Cell (virus_2691592,host_909369): 0 -> 1
Cell (virus_2691592,host_29078): 0 -> 1
Cell (virus_2691592,host_3371014): 0 -> 1
Cell (virus_2691592,host_3371016): 0 -> 1
Cell (virus_2691592,host_3371021): 0 -> 1
Cell (virus_2691592,host_360967): 0 -> 1
Cell (virus_2691592,host_59474): 0 -> 1
Cell (virus_2691592,host_999321): 0 -> 1
Cell (virus_2691592,host_867834): 0 -> 1
Cell (virus_2691592,host_258889): 0 -> 1
Cell (virus_2691592,host_2491053): 0 -> 1
Cell (virus_2691592,host_110938): 0 -> 1
Cell (virus_2691592,host_258944): 0 -> 1
Cell (virus_2691592,host_59485): 0 -> 1
Cell (virus_28295,host_105295): 0 -> 1
Cell (virus_28295,host_187011): 0 -> 1
Cell (virus_28295,host_51300): 0 -> 1
Cell (virus_28295,host_294653): 0 -> 1
Cell (virus_28295,host_59473): 0 -> 1
Cell (virus_28295,host_3380546): 0 -> 1
Cell (virus_28295,host_9435): 0 -> 1
Cell (virus_28295,host_257882): 0 -> 1
Cell (virus_28295,host_109480): 0 -> 1
Cell (virus_28295,host_160974): 0 -> 1
Cell (virus_28295,host_519446): 0 -> 1
Cell (virus_28295,host_109481): 0 -> 1
Cell (virus_28295,host_2528591): 0 -> 1
Cell (virus_28295,host_412095): 0 -> 1
Cell (virus_28295,host_225399): 0 -> 1
Cell (virus_28295,host_386774): 0 -> 1
Cell (virus_28295,host_392318): 0 -> 1
Cell (virus_28295,host_138977): 0 -> 1
Cell (virus_28295,host_138979): 0 -> 1
Cell (virus_28295,host_159330): 0 -> 1
Cell (virus_28295,host_452654): 0 -> 1
Cell (virus_28295,host_385037): 0 -> 1
Cell (virus_28295,host_155035): 0 -> 1
Cell (virus_28295,host_633648): 0 -> 1
Cell (virus_28295,host_258925): 0 -> 1
Cell (virus_28295,host_177185): 0 -> 1
Cell (virus_28295,host_187017): 0 -> 1
Cell (virus_28295,host_159858): 0 -> 1
Cell (virus_28295,host_169756): 0 -> 1
Cell (virus_28295,host_188570): 0 -> 1
Cell (virus_28295,host_196889): 0 -> 1
Cell (virus_28295,host_867892): 0 -> 1
Cell (virus_28295,host_476588): 0 -> 1
Cell (virus_28295,host_337452): 0 -> 1
Cell (virus_28295,host_76837): 0 -> 1
Cell (virus_28295,host_178895): 0 -> 1
Cell (virus_28295,host_608708): 0 -> 1
Cell (virus_28295,host_59477): 0 -> 1
Cell (virus_28295,host_166054): 0 -> 1
Cell (virus_28295,host_385575): 0 -> 1
Cell (virus_28295,host_9402): 0 -> 1
Cell (virus_28295,host_9403): 0 -> 1
Cell (virus_28295,host_1410044): 0 -> 1
Cell (virus_28295,host_1898389): 0 -> 1
Cell (virus_28295,host_77231): 0 -> 1
Cell (virus_28295,host_2853157): 0 -> 1
Cell (virus_28295,host_58067): 0 -> 1
Cell (virus_28295,host_498220): 0 -> 1
Cell (virus_28295,host_448084): 0 -> 1
Cell (virus_28295,host_77243): 0 -> 1
Cell (virus_28295,host_58073): 0 -> 1
Cell (virus_28295,host_58083): 0 -> 1
Cell (virus_28295,host_77223): 0 -> 1
Cell (virus_28295,host_58063): 0 -> 1
Cell (virus_28295,host_77214): 0 -> 1
Cell (virus_28295,host_1898386): 0 -> 1
Cell (virus_28295,host_298110): 0 -> 1
Cell (virus_28295,host_374419): 0 -> 1
Cell (virus_28295,host_326081): 0 -> 1
Cell (virus_28295,host_326151): 0 -> 1
Cell (virus_28295,host_148094): 0 -> 1
Cell (virus_28295,host_574064): 0 -> 1
Cell (virus_28295,host_27634): 0 -> 1
Cell (virus_28295,host_40228): 0 -> 1
Cell (virus_28295,host_40230): 0 -> 1
Cell (virus_28295,host_3042450): 0 -> 1
Cell (virus_28295,host_59472): 0 -> 1
Cell (virus_28295,host_291302): 0 -> 1
Cell (virus_28295,host_479723): 0 -> 1
Cell (virus_28295,host_27622): 0 -> 1
Cell (virus_28295,host_3041509): 0 -> 1
Cell (virus_28295,host_2218597): 0 -> 1
Cell (virus_28295,host_258867): 0 -> 1
Cell (virus_28295,host_242384): 0 -> 1
Cell (virus_28295,host_258863): 0 -> 1
Cell (virus_28295,host_9438): 0 -> 1
Cell (virus_28295,host_249034): 0 -> 1
Cell (virus_28295,host_258952): 0 -> 1
Cell (virus_28295,host_258953): 0 -> 1
Cell (virus_28295,host_249033): 0 -> 1
Cell (virus_28295,host_272799): 0 -> 1
Cell (virus_28295,host_258909): 0 -> 1
Cell (virus_28295,host_909369): 0 -> 1
Cell (virus_28295,host_29078): 0 -> 1
Cell (virus_28295,host_3371014): 0 -> 1
Cell (virus_28295,host_3371016): 0 -> 1
Cell (virus_28295,host_3371021): 0 -> 1
Cell (virus_28295,host_360967): 0 -> 1
Cell (virus_28295,host_59474): 0 -> 1
Cell (virus_28295,host_999321): 0 -> 1
Cell (virus_28295,host_867834): 0 -> 1
Cell (virus_28295,host_258889): 0 -> 1
Cell (virus_28295,host_2491053): 0 -> 1
Cell (virus_28295,host_110938): 0 -> 1
Cell (virus_28295,host_258944): 0 -> 1
Cell (virus_28295,host_59485): 0 -> 1
Cell (virus_3433789,host_105295): 0 -> 1
Cell (virus_3433789,host_187011): 0 -> 1
Cell (virus_3433789,host_51300): 0 -> 1
Cell (virus_3433789,host_294653): 0 -> 1
Cell (virus_3433789,host_59473): 0 -> 1
Cell (virus_3433789,host_3380546): 0 -> 1
Cell (virus_3433789,host_9435): 0 -> 1
Cell (virus_3433789,host_257882): 0 -> 1
Cell (virus_3433789,host_109480): 0 -> 1
Cell (virus_3433789,host_160974): 0 -> 1
Cell (virus_3433789,host_519446): 0 -> 1
Cell (virus_3433789,host_109481): 0 -> 1
Cell (virus_3433789,host_2528591): 0 -> 1
Cell (virus_3433789,host_412095): 0 -> 1
Cell (virus_3433789,host_225399): 0 -> 1
Cell (virus_3433789,host_386774): 0 -> 1
Cell (virus_3433789,host_392318): 0 -> 1
Cell (virus_3433789,host_138977): 0 -> 1
Cell (virus_3433789,host_138979): 0 -> 1
Cell (virus_3433789,host_159330): 0 -> 1
Cell (virus_3433789,host_452654): 0 -> 1
Cell (virus_3433789,host_385037): 0 -> 1
Cell (virus_3433789,host_155035): 0 -> 1
Cell (virus_3433789,host_633648): 0 -> 1
Cell (virus_3433789,host_258925): 0 -> 1
Cell (virus_3433789,host_177185): 0 -> 1
Cell (virus_3433789,host_187017): 0 -> 1
Cell (virus_3433789,host_159858): 0 -> 1
Cell (virus_3433789,host_169756): 0 -> 1
Cell (virus_3433789,host_188570): 0 -> 1
Cell (virus_3433789,host_196889): 0 -> 1
Cell (virus_3433789,host_867892): 0 -> 1
Cell (virus_3433789,host_476588): 0 -> 1
Cell (virus_3433789,host_337452): 0 -> 1
Cell (virus_3433789,host_76837): 0 -> 1
Cell (virus_3433789,host_178895): 0 -> 1
Cell (virus_3433789,host_608708): 0 -> 1
Cell (virus_3433789,host_59477): 0 -> 1
Cell (virus_3433789,host_166054): 0 -> 1
Cell (virus_3433789,host_385575): 0 -> 1
Cell (virus_3433789,host_9402): 0 -> 1
Cell (virus_3433789,host_9403): 0 -> 1
Cell (virus_3433789,host_1410044): 0 -> 1
Cell (virus_3433789,host_1898389): 0 -> 1
Cell (virus_3433789,host_77231): 0 -> 1
Cell (virus_3433789,host_2853157): 0 -> 1
Cell (virus_3433789,host_58067): 0 -> 1
Cell (virus_3433789,host_498220): 0 -> 1
Cell (virus_3433789,host_448084): 0 -> 1
Cell (virus_3433789,host_77243): 0 -> 1
Cell (virus_3433789,host_58073): 0 -> 1
Cell (virus_3433789,host_58083): 0 -> 1
Cell (virus_3433789,host_77223): 0 -> 1
Cell (virus_3433789,host_58063): 0 -> 1
Cell (virus_3433789,host_77214): 0 -> 1
Cell (virus_3433789,host_1898386): 0 -> 1
Cell (virus_3433789,host_298110): 0 -> 1
Cell (virus_3433789,host_374419): 0 -> 1
Cell (virus_3433789,host_326081): 0 -> 1
Cell (virus_3433789,host_326151): 0 -> 1
Cell (virus_3433789,host_148094): 0 -> 1
Cell (virus_3433789,host_574064): 0 -> 1
Cell (virus_3433789,host_27634): 0 -> 1
Cell (virus_3433789,host_40228): 0 -> 1
Cell (virus_3433789,host_40230): 0 -> 1
Cell (virus_3433789,host_3042450): 0 -> 1
Cell (virus_3433789,host_59472): 0 -> 1
Cell (virus_3433789,host_291302): 0 -> 1
Cell (virus_3433789,host_479723): 0 -> 1
Cell (virus_3433789,host_27622): 0 -> 1
Cell (virus_3433789,host_3041509): 0 -> 1
Cell (virus_3433789,host_2218597): 0 -> 1
Cell (virus_3433789,host_258867): 0 -> 1
Cell (virus_3433789,host_242384): 0 -> 1
Cell (virus_3433789,host_258863): 0 -> 1
Cell (virus_3433789,host_9438): 0 -> 1
Cell (virus_3433789,host_249034): 0 -> 1
Cell (virus_3433789,host_258952): 0 -> 1
Cell (virus_3433789,host_258953): 0 -> 1
Cell (virus_3433789,host_249033): 0 -> 1
Cell (virus_3433789,host_272799): 0 -> 1
Cell (virus_3433789,host_258909): 0 -> 1
Cell (virus_3433789,host_909369): 0 -> 1
Cell (virus_3433789,host_29078): 0 -> 1
Cell (virus_3433789,host_3371014): 0 -> 1
Cell (virus_3433789,host_3371016): 0 -> 1
Cell (virus_3433789,host_3371021): 0 -> 1
Cell (virus_3433789,host_360967): 0 -> 1
Cell (virus_3433789,host_59474): 0 -> 1
Cell (virus_3433789,host_999321): 0 -> 1
Cell (virus_3433789,host_867834): 0 -> 1
Cell (virus_3433789,host_258889): 0 -> 1
Cell (virus_3433789,host_2491053): 0 -> 1
Cell (virus_3433789,host_110938): 0 -> 1
Cell (virus_3433789,host_258944): 0 -> 1
Cell (virus_3433789,host_59485): 0 -> 1
Cell (virus_2913385,host_105295): 0 -> 1
Cell (virus_2913385,host_187011): 0 -> 1
Cell (virus_2913385,host_51300): 0 -> 1
Cell (virus_2913385,host_294653): 0 -> 1
Cell (virus_2913385,host_59473): 0 -> 1
Cell (virus_2913385,host_3380546): 0 -> 1
Cell (virus_2913385,host_9435): 0 -> 1
Cell (virus_2913385,host_257882): 0 -> 1
Cell (virus_2913385,host_109480): 0 -> 1
Cell (virus_2913385,host_160974): 0 -> 1
Cell (virus_2913385,host_519446): 0 -> 1
Cell (virus_2913385,host_109481): 0 -> 1
Cell (virus_2913385,host_2528591): 0 -> 1
Cell (virus_2913385,host_412095): 0 -> 1
Cell (virus_2913385,host_225399): 0 -> 1
Cell (virus_2913385,host_386774): 0 -> 1
Cell (virus_2913385,host_392318): 0 -> 1
Cell (virus_2913385,host_138977): 0 -> 1
Cell (virus_2913385,host_138979): 0 -> 1
Cell (virus_2913385,host_159330): 0 -> 1
Cell (virus_2913385,host_452654): 0 -> 1
Cell (virus_2913385,host_385037): 0 -> 1
Cell (virus_2913385,host_155035): 0 -> 1
Cell (virus_2913385,host_633648): 0 -> 1
Cell (virus_2913385,host_258925): 0 -> 1
Cell (virus_2913385,host_177185): 0 -> 1
Cell (virus_2913385,host_187017): 0 -> 1
Cell (virus_2913385,host_159858): 0 -> 1
Cell (virus_2913385,host_169756): 0 -> 1
Cell (virus_2913385,host_188570): 0 -> 1
Cell (virus_2913385,host_196889): 0 -> 1
Cell (virus_2913385,host_867892): 0 -> 1
Cell (virus_2913385,host_476588): 0 -> 1
Cell (virus_2913385,host_337452): 0 -> 1
Cell (virus_2913385,host_76837): 0 -> 1
Cell (virus_2913385,host_178895): 0 -> 1
Cell (virus_2913385,host_608708): 0 -> 1
Cell (virus_2913385,host_59477): 0 -> 1
Cell (virus_2913385,host_166054): 0 -> 1
Cell (virus_2913385,host_385575): 0 -> 1
Cell (virus_2913385,host_9402): 0 -> 1
Cell (virus_2913385,host_9403): 0 -> 1
Cell (virus_2913385,host_1410044): 0 -> 1
Cell (virus_2913385,host_1898389): 0 -> 1
Cell (virus_2913385,host_77231): 0 -> 1
Cell (virus_2913385,host_2853157): 0 -> 1
Cell (virus_2913385,host_58067): 0 -> 1
Cell (virus_2913385,host_498220): 0 -> 1
Cell (virus_2913385,host_448084): 0 -> 1
Cell (virus_2913385,host_77243): 0 -> 1
Cell (virus_2913385,host_58073): 0 -> 1
Cell (virus_2913385,host_58083): 0 -> 1
Cell (virus_2913385,host_77223): 0 -> 1
Cell (virus_2913385,host_58063): 0 -> 1
Cell (virus_2913385,host_77214): 0 -> 1
Cell (virus_2913385,host_1898386): 0 -> 1
Cell (virus_2913385,host_298110): 0 -> 1
Cell (virus_2913385,host_374419): 0 -> 1
Cell (virus_2913385,host_326081): 0 -> 1
Cell (virus_2913385,host_326151): 0 -> 1
Cell (virus_2913385,host_148094): 0 -> 1
Cell (virus_2913385,host_574064): 0 -> 1
Cell (virus_2913385,host_27634): 0 -> 1
Cell (virus_2913385,host_40228): 0 -> 1
Cell (virus_2913385,host_40230): 0 -> 1
Cell (virus_2913385,host_3042450): 0 -> 1
Cell (virus_2913385,host_59472): 0 -> 1
Cell (virus_2913385,host_291302): 0 -> 1
Cell (virus_2913385,host_479723): 0 -> 1
Cell (virus_2913385,host_27622): 0 -> 1
Cell (virus_2913385,host_3041509): 0 -> 1
Cell (virus_2913385,host_2218597): 0 -> 1
Cell (virus_2913385,host_258867): 0 -> 1
Cell (virus_2913385,host_242384): 0 -> 1
Cell (virus_2913385,host_258863): 0 -> 1
Cell (virus_2913385,host_9438): 0 -> 1
Cell (virus_2913385,host_249034): 0 -> 1
Cell (virus_2913385,host_258952): 0 -> 1
Cell (virus_2913385,host_258953): 0 -> 1
Cell (virus_2913385,host_249033): 0 -> 1
Cell (virus_2913385,host_272799): 0 -> 1
Cell (virus_2913385,host_258909): 0 -> 1
Cell (virus_2913385,host_909369): 0 -> 1
Cell (virus_2913385,host_29078): 0 -> 1
Cell (virus_2913385,host_3371014): 0 -> 1
Cell (virus_2913385,host_3371016): 0 -> 1
Cell (virus_2913385,host_3371021): 0 -> 1
Cell (virus_2913385,host_360967): 0 -> 1
Cell (virus_2913385,host_59474): 0 -> 1
Cell (virus_2913385,host_999321): 0 -> 1
Cell (virus_2913385,host_867834): 0 -> 1
Cell (virus_2913385,host_258889): 0 -> 1
Cell (virus_2913385,host_2491053): 0 -> 1
Cell (virus_2913385,host_110938): 0 -> 1
Cell (virus_2913385,host_258944): 0 -> 1
Cell (virus_2913385,host_59485): 0 -> 1
Cell (virus_3077579,host_105295): 0 -> 1
Cell (virus_3077579,host_51300): 0 -> 1
Cell (virus_3077579,host_294653): 0 -> 1
Cell (virus_3077579,host_59473): 0 -> 1
Cell (virus_3077579,host_3380546): 0 -> 1
Cell (virus_3077579,host_9435): 0 -> 1
Cell (virus_3077579,host_257882): 0 -> 1
Cell (virus_3077579,host_109480): 0 -> 1
Cell (virus_3077579,host_160974): 0 -> 1
Cell (virus_3077579,host_519446): 0 -> 1
Cell (virus_3077579,host_109481): 0 -> 1
Cell (virus_3077579,host_2528591): 0 -> 1
Cell (virus_3077579,host_412095): 0 -> 1
Cell (virus_3077579,host_225399): 0 -> 1
Cell (virus_3077579,host_386774): 0 -> 1
Cell (virus_3077579,host_392318): 0 -> 1
Cell (virus_3077579,host_138977): 0 -> 1
Cell (virus_3077579,host_138979): 0 -> 1
Cell (virus_3077579,host_159330): 0 -> 1
Cell (virus_3077579,host_452654): 0 -> 1
Cell (virus_3077579,host_385037): 0 -> 1
Cell (virus_3077579,host_155035): 0 -> 1
Cell (virus_3077579,host_633648): 0 -> 1
Cell (virus_3077579,host_258925): 0 -> 1
Cell (virus_3077579,host_177185): 0 -> 1
Cell (virus_3077579,host_187017): 0 -> 1
Cell (virus_3077579,host_159858): 0 -> 1
Cell (virus_3077579,host_169756): 0 -> 1
Cell (virus_3077579,host_188570): 0 -> 1
Cell (virus_3077579,host_196889): 0 -> 1
Cell (virus_3077579,host_867892): 0 -> 1
Cell (virus_3077579,host_476588): 0 -> 1
Cell (virus_3077579,host_337452): 0 -> 1
Cell (virus_3077579,host_76837): 0 -> 1
Cell (virus_3077579,host_178895): 0 -> 1
Cell (virus_3077579,host_608708): 0 -> 1
Cell (virus_3077579,host_59477): 0 -> 1
Cell (virus_3077579,host_166054): 0 -> 1
Cell (virus_3077579,host_385575): 0 -> 1
Cell (virus_3077579,host_9402): 0 -> 1
Cell (virus_3077579,host_9403): 0 -> 1
Cell (virus_3077579,host_1410044): 0 -> 1
Cell (virus_3077579,host_1898389): 0 -> 1
Cell (virus_3077579,host_77231): 0 -> 1
Cell (virus_3077579,host_2853157): 0 -> 1
Cell (virus_3077579,host_58067): 0 -> 1
Cell (virus_3077579,host_498220): 0 -> 1
Cell (virus_3077579,host_448084): 0 -> 1
Cell (virus_3077579,host_77243): 0 -> 1
Cell (virus_3077579,host_58073): 0 -> 1
Cell (virus_3077579,host_58083): 0 -> 1
Cell (virus_3077579,host_77223): 0 -> 1
Cell (virus_3077579,host_58063): 0 -> 1
Cell (virus_3077579,host_77214): 0 -> 1
Cell (virus_3077579,host_1898386): 0 -> 1
Cell (virus_3077579,host_298110): 0 -> 1
Cell (virus_3077579,host_374419): 0 -> 1
Cell (virus_3077579,host_326081): 0 -> 1
Cell (virus_3077579,host_326151): 0 -> 1
Cell (virus_3077579,host_148094): 0 -> 1
Cell (virus_3077579,host_574064): 0 -> 1
Cell (virus_3077579,host_27634): 0 -> 1
Cell (virus_3077579,host_40228): 0 -> 1
Cell (virus_3077579,host_40230): 0 -> 1
Cell (virus_3077579,host_3042450): 0 -> 1
Cell (virus_3077579,host_59472): 0 -> 1
Cell (virus_3077579,host_291302): 0 -> 1
Cell (virus_3077579,host_479723): 0 -> 1
Cell (virus_3077579,host_27622): 0 -> 1
Cell (virus_3077579,host_3041509): 0 -> 1
Cell (virus_3077579,host_2218597): 0 -> 1
Cell (virus_3077579,host_258867): 0 -> 1
Cell (virus_3077579,host_242384): 0 -> 1
Cell (virus_3077579,host_258863): 0 -> 1
Cell (virus_3077579,host_9438): 0 -> 1
Cell (virus_3077579,host_249034): 0 -> 1
Cell (virus_3077579,host_258952): 0 -> 1
Cell (virus_3077579,host_258953): 0 -> 1
Cell (virus_3077579,host_249033): 0 -> 1
Cell (virus_3077579,host_272799): 0 -> 1
Cell (virus_3077579,host_258909): 0 -> 1
Cell (virus_3077579,host_909369): 0 -> 1
Cell (virus_3077579,host_29078): 0 -> 1
Cell (virus_3077579,host_3371014): 0 -> 1
Cell (virus_3077579,host_3371016): 0 -> 1
Cell (virus_3077579,host_3371021): 0 -> 1
Cell (virus_3077579,host_360967): 0 -> 1
Cell (virus_3077579,host_59474): 0 -> 1
Cell (virus_3077579,host_999321): 0 -> 1
Cell (virus_3077579,host_867834): 0 -> 1
Cell (virus_3077579,host_258889): 0 -> 1
Cell (virus_3077579,host_2491053): 0 -> 1
Cell (virus_3077579,host_110938): 0 -> 1
Cell (virus_3077579,host_258944): 0 -> 1
Cell (virus_3077579,host_59485): 0 -> 1
Cell (virus_3077580,host_105295): 0 -> 1
Cell (virus_3077580,host_51300): 0 -> 1
Cell (virus_3077580,host_294653): 0 -> 1
Cell (virus_3077580,host_59473): 0 -> 1
Cell (virus_3077580,host_3380546): 0 -> 1
Cell (virus_3077580,host_9435): 0 -> 1
Cell (virus_3077580,host_257882): 0 -> 1
Cell (virus_3077580,host_109480): 0 -> 1
Cell (virus_3077580,host_160974): 0 -> 1
Cell (virus_3077580,host_519446): 0 -> 1
Cell (virus_3077580,host_109481): 0 -> 1
Cell (virus_3077580,host_2528591): 0 -> 1
Cell (virus_3077580,host_412095): 0 -> 1
Cell (virus_3077580,host_225399): 0 -> 1
Cell (virus_3077580,host_386774): 0 -> 1
Cell (virus_3077580,host_392318): 0 -> 1
Cell (virus_3077580,host_138977): 0 -> 1
Cell (virus_3077580,host_138979): 0 -> 1
Cell (virus_3077580,host_159330): 0 -> 1
Cell (virus_3077580,host_452654): 0 -> 1
Cell (virus_3077580,host_385037): 0 -> 1
Cell (virus_3077580,host_155035): 0 -> 1
Cell (virus_3077580,host_633648): 0 -> 1
Cell (virus_3077580,host_258925): 0 -> 1
Cell (virus_3077580,host_177185): 0 -> 1
Cell (virus_3077580,host_187017): 0 -> 1
Cell (virus_3077580,host_159858): 0 -> 1
Cell (virus_3077580,host_169756): 0 -> 1
Cell (virus_3077580,host_188570): 0 -> 1
Cell (virus_3077580,host_196889): 0 -> 1
Cell (virus_3077580,host_867892): 0 -> 1
Cell (virus_3077580,host_476588): 0 -> 1
Cell (virus_3077580,host_337452): 0 -> 1
Cell (virus_3077580,host_76837): 0 -> 1
Cell (virus_3077580,host_178895): 0 -> 1
Cell (virus_3077580,host_608708): 0 -> 1
Cell (virus_3077580,host_59477): 0 -> 1
Cell (virus_3077580,host_166054): 0 -> 1
Cell (virus_3077580,host_385575): 0 -> 1
Cell (virus_3077580,host_9402): 0 -> 1
Cell (virus_3077580,host_9403): 0 -> 1
Cell (virus_3077580,host_1410044): 0 -> 1
Cell (virus_3077580,host_1898389): 0 -> 1
Cell (virus_3077580,host_77231): 0 -> 1
Cell (virus_3077580,host_2853157): 0 -> 1
Cell (virus_3077580,host_58067): 0 -> 1
Cell (virus_3077580,host_498220): 0 -> 1
Cell (virus_3077580,host_448084): 0 -> 1
Cell (virus_3077580,host_77243): 0 -> 1
Cell (virus_3077580,host_58073): 0 -> 1
Cell (virus_3077580,host_58083): 0 -> 1
Cell (virus_3077580,host_77223): 0 -> 1
Cell (virus_3077580,host_58063): 0 -> 1
Cell (virus_3077580,host_77214): 0 -> 1
Cell (virus_3077580,host_1898386): 0 -> 1
Cell (virus_3077580,host_298110): 0 -> 1
Cell (virus_3077580,host_374419): 0 -> 1
Cell (virus_3077580,host_326081): 0 -> 1
Cell (virus_3077580,host_326151): 0 -> 1
Cell (virus_3077580,host_148094): 0 -> 1
Cell (virus_3077580,host_574064): 0 -> 1
Cell (virus_3077580,host_27634): 0 -> 1
Cell (virus_3077580,host_40228): 0 -> 1
Cell (virus_3077580,host_40230): 0 -> 1
Cell (virus_3077580,host_3042450): 0 -> 1
Cell (virus_3077580,host_59472): 0 -> 1
Cell (virus_3077580,host_291302): 0 -> 1
Cell (virus_3077580,host_479723): 0 -> 1
Cell (virus_3077580,host_27622): 0 -> 1
Cell (virus_3077580,host_3041509): 0 -> 1
Cell (virus_3077580,host_2218597): 0 -> 1
Cell (virus_3077580,host_258867): 0 -> 1
Cell (virus_3077580,host_242384): 0 -> 1
Cell (virus_3077580,host_258863): 0 -> 1
Cell (virus_3077580,host_9438): 0 -> 1
Cell (virus_3077580,host_249034): 0 -> 1
Cell (virus_3077580,host_258952): 0 -> 1
Cell (virus_3077580,host_258953): 0 -> 1
Cell (virus_3077580,host_249033): 0 -> 1
Cell (virus_3077580,host_272799): 0 -> 1
Cell (virus_3077580,host_258909): 0 -> 1
Cell (virus_3077580,host_909369): 0 -> 1
Cell (virus_3077580,host_29078): 0 -> 1
Cell (virus_3077580,host_3371014): 0 -> 1
Cell (virus_3077580,host_3371016): 0 -> 1
Cell (virus_3077580,host_3371021): 0 -> 1
Cell (virus_3077580,host_360967): 0 -> 1
Cell (virus_3077580,host_59474): 0 -> 1
Cell (virus_3077580,host_999321): 0 -> 1
Cell (virus_3077580,host_867834): 0 -> 1
Cell (virus_3077580,host_258889): 0 -> 1
Cell (virus_3077580,host_2491053): 0 -> 1
Cell (virus_3077580,host_110938): 0 -> 1
Cell (virus_3077580,host_258944): 0 -> 1
Cell (virus_3077580,host_59485): 0 -> 1
Cell (virus_2419667,host_105295): 0 -> 1
Cell (virus_2419667,host_51300): 0 -> 1
Cell (virus_2419667,host_294653): 0 -> 1
Cell (virus_2419667,host_59473): 0 -> 1
Cell (virus_2419667,host_3380546): 0 -> 1
Cell (virus_2419667,host_9435): 0 -> 1
Cell (virus_2419667,host_257882): 0 -> 1
Cell (virus_2419667,host_109480): 0 -> 1
Cell (virus_2419667,host_160974): 0 -> 1
Cell (virus_2419667,host_519446): 0 -> 1
Cell (virus_2419667,host_109481): 0 -> 1
Cell (virus_2419667,host_2528591): 0 -> 1
Cell (virus_2419667,host_412095): 0 -> 1
Cell (virus_2419667,host_225399): 0 -> 1
Cell (virus_2419667,host_386774): 0 -> 1
Cell (virus_2419667,host_392318): 0 -> 1
Cell (virus_2419667,host_138977): 0 -> 1
Cell (virus_2419667,host_138979): 0 -> 1
Cell (virus_2419667,host_159330): 0 -> 1
Cell (virus_2419667,host_452654): 0 -> 1
Cell (virus_2419667,host_385037): 0 -> 1
Cell (virus_2419667,host_155035): 0 -> 1
Cell (virus_2419667,host_633648): 0 -> 1
Cell (virus_2419667,host_258925): 0 -> 1
Cell (virus_2419667,host_177185): 0 -> 1
Cell (virus_2419667,host_187017): 0 -> 1
Cell (virus_2419667,host_159858): 0 -> 1
Cell (virus_2419667,host_376555): 0 -> 1
Cell (virus_2419667,host_169756): 0 -> 1
Cell (virus_2419667,host_188570): 0 -> 1
Cell (virus_2419667,host_196889): 0 -> 1
Cell (virus_2419667,host_867892): 0 -> 1
Cell (virus_2419667,host_476588): 0 -> 1
Cell (virus_2419667,host_337452): 0 -> 1
Cell (virus_2419667,host_76837): 0 -> 1
Cell (virus_2419667,host_178895): 0 -> 1
Cell (virus_2419667,host_608708): 0 -> 1
Cell (virus_2419667,host_59477): 0 -> 1
Cell (virus_2419667,host_166054): 0 -> 1
Cell (virus_2419667,host_385575): 0 -> 1
Cell (virus_2419667,host_9402): 0 -> 1
Cell (virus_2419667,host_9403): 0 -> 1
Cell (virus_2419667,host_1410044): 0 -> 1
Cell (virus_2419667,host_1898389): 0 -> 1
Cell (virus_2419667,host_77231): 0 -> 1
Cell (virus_2419667,host_2853157): 0 -> 1
Cell (virus_2419667,host_58067): 0 -> 1
Cell (virus_2419667,host_498220): 0 -> 1
Cell (virus_2419667,host_448084): 0 -> 1
Cell (virus_2419667,host_77243): 0 -> 1
Cell (virus_2419667,host_58073): 0 -> 1
Cell (virus_2419667,host_58083): 0 -> 1
Cell (virus_2419667,host_77223): 0 -> 1
Cell (virus_2419667,host_58063): 0 -> 1
Cell (virus_2419667,host_77214): 0 -> 1
Cell (virus_2419667,host_1898386): 0 -> 1
Cell (virus_2419667,host_298110): 0 -> 1
Cell (virus_2419667,host_374419): 0 -> 1
Cell (virus_2419667,host_326081): 0 -> 1
Cell (virus_2419667,host_326151): 0 -> 1
Cell (virus_2419667,host_148094): 0 -> 1
Cell (virus_2419667,host_574064): 0 -> 1
Cell (virus_2419667,host_27634): 0 -> 1
Cell (virus_2419667,host_40228): 0 -> 1
Cell (virus_2419667,host_40230): 0 -> 1
Cell (virus_2419667,host_3042450): 0 -> 1
Cell (virus_2419667,host_59472): 0 -> 1
Cell (virus_2419667,host_291302): 0 -> 1
Cell (virus_2419667,host_479723): 0 -> 1
Cell (virus_2419667,host_27622): 0 -> 1
Cell (virus_2419667,host_3041509): 0 -> 1
Cell (virus_2419667,host_2218597): 0 -> 1
Cell (virus_2419667,host_258867): 0 -> 1
Cell (virus_2419667,host_242384): 0 -> 1
Cell (virus_2419667,host_258863): 0 -> 1
Cell (virus_2419667,host_9438): 0 -> 1
Cell (virus_2419667,host_249034): 0 -> 1
Cell (virus_2419667,host_258952): 0 -> 1
Cell (virus_2419667,host_258953): 0 -> 1
Cell (virus_2419667,host_249033): 0 -> 1
Cell (virus_2419667,host_272799): 0 -> 1
Cell (virus_2419667,host_258909): 0 -> 1
Cell (virus_2419667,host_909369): 0 -> 1
Cell (virus_2419667,host_29078): 0 -> 1
Cell (virus_2419667,host_3371014): 0 -> 1
Cell (virus_2419667,host_3371016): 0 -> 1
Cell (virus_2419667,host_3371021): 0 -> 1
Cell (virus_2419667,host_360967): 0 -> 1
Cell (virus_2419667,host_59474): 0 -> 1
Cell (virus_2419667,host_999321): 0 -> 1
Cell (virus_2419667,host_867834): 0 -> 1
Cell (virus_2419667,host_258889): 0 -> 1
Cell (virus_2419667,host_2491053): 0 -> 1
Cell (virus_2419667,host_110938): 0 -> 1
Cell (virus_2419667,host_258944): 0 -> 1
Cell (virus_2419667,host_59485): 0 -> 1
Cell (virus_3433787,host_105295): 0 -> 1
Cell (virus_3433787,host_51300): 0 -> 1
Cell (virus_3433787,host_294653): 0 -> 1
Cell (virus_3433787,host_59473): 0 -> 1
Cell (virus_3433787,host_3380546): 0 -> 1
Cell (virus_3433787,host_9435): 0 -> 1
Cell (virus_3433787,host_257882): 0 -> 1
Cell (virus_3433787,host_109480): 0 -> 1
Cell (virus_3433787,host_160974): 0 -> 1
Cell (virus_3433787,host_519446): 0 -> 1
Cell (virus_3433787,host_109481): 0 -> 1
Cell (virus_3433787,host_2528591): 0 -> 1
Cell (virus_3433787,host_412095): 0 -> 1
Cell (virus_3433787,host_225399): 0 -> 1
Cell (virus_3433787,host_386774): 0 -> 1
Cell (virus_3433787,host_392318): 0 -> 1
Cell (virus_3433787,host_138977): 0 -> 1
Cell (virus_3433787,host_138979): 0 -> 1
Cell (virus_3433787,host_159330): 0 -> 1
Cell (virus_3433787,host_452654): 0 -> 1
Cell (virus_3433787,host_385037): 0 -> 1
Cell (virus_3433787,host_155035): 0 -> 1
Cell (virus_3433787,host_633648): 0 -> 1
Cell (virus_3433787,host_258925): 0 -> 1
Cell (virus_3433787,host_177185): 0 -> 1
Cell (virus_3433787,host_187017): 0 -> 1
Cell (virus_3433787,host_159858): 0 -> 1
Cell (virus_3433787,host_376555): 0 -> 1
Cell (virus_3433787,host_169756): 0 -> 1
Cell (virus_3433787,host_188570): 0 -> 1
Cell (virus_3433787,host_196889): 0 -> 1
Cell (virus_3433787,host_867892): 0 -> 1
Cell (virus_3433787,host_476588): 0 -> 1
Cell (virus_3433787,host_337452): 0 -> 1
Cell (virus_3433787,host_76837): 0 -> 1
Cell (virus_3433787,host_178895): 0 -> 1
Cell (virus_3433787,host_608708): 0 -> 1
Cell (virus_3433787,host_59477): 0 -> 1
Cell (virus_3433787,host_166054): 0 -> 1
Cell (virus_3433787,host_385575): 0 -> 1
Cell (virus_3433787,host_9402): 0 -> 1
Cell (virus_3433787,host_9403): 0 -> 1
Cell (virus_3433787,host_1410044): 0 -> 1
Cell (virus_3433787,host_1898389): 0 -> 1
Cell (virus_3433787,host_77231): 0 -> 1
Cell (virus_3433787,host_2853157): 0 -> 1
Cell (virus_3433787,host_58067): 0 -> 1
Cell (virus_3433787,host_498220): 0 -> 1
Cell (virus_3433787,host_448084): 0 -> 1
Cell (virus_3433787,host_77243): 0 -> 1
Cell (virus_3433787,host_58073): 0 -> 1
Cell (virus_3433787,host_58083): 0 -> 1
Cell (virus_3433787,host_77223): 0 -> 1
Cell (virus_3433787,host_58063): 0 -> 1
Cell (virus_3433787,host_77214): 0 -> 1
Cell (virus_3433787,host_1898386): 0 -> 1
Cell (virus_3433787,host_298110): 0 -> 1
Cell (virus_3433787,host_374419): 0 -> 1
Cell (virus_3433787,host_326081): 0 -> 1
Cell (virus_3433787,host_326151): 0 -> 1
Cell (virus_3433787,host_148094): 0 -> 1
Cell (virus_3433787,host_574064): 0 -> 1
Cell (virus_3433787,host_27634): 0 -> 1
Cell (virus_3433787,host_40228): 0 -> 1
Cell (virus_3433787,host_40230): 0 -> 1
Cell (virus_3433787,host_3042450): 0 -> 1
Cell (virus_3433787,host_59472): 0 -> 1
Cell (virus_3433787,host_291302): 0 -> 1
Cell (virus_3433787,host_479723): 0 -> 1
Cell (virus_3433787,host_27622): 0 -> 1
Cell (virus_3433787,host_3041509): 0 -> 1
Cell (virus_3433787,host_2218597): 0 -> 1
Cell (virus_3433787,host_258867): 0 -> 1
Cell (virus_3433787,host_242384): 0 -> 1
Cell (virus_3433787,host_258863): 0 -> 1
Cell (virus_3433787,host_9438): 0 -> 1
Cell (virus_3433787,host_249034): 0 -> 1
Cell (virus_3433787,host_258952): 0 -> 1
Cell (virus_3433787,host_258953): 0 -> 1
Cell (virus_3433787,host_249033): 0 -> 1
Cell (virus_3433787,host_272799): 0 -> 1
Cell (virus_3433787,host_258909): 0 -> 1
Cell (virus_3433787,host_909369): 0 -> 1
Cell (virus_3433787,host_29078): 0 -> 1
Cell (virus_3433787,host_3371014): 0 -> 1
Cell (virus_3433787,host_3371016): 0 -> 1
Cell (virus_3433787,host_3371021): 0 -> 1
Cell (virus_3433787,host_360967): 0 -> 1
Cell (virus_3433787,host_59474): 0 -> 1
Cell (virus_3433787,host_999321): 0 -> 1
Cell (virus_3433787,host_867834): 0 -> 1
Cell (virus_3433787,host_258889): 0 -> 1
Cell (virus_3433787,host_2491053): 0 -> 1
Cell (virus_3433787,host_110938): 0 -> 1
Cell (virus_3433787,host_258944): 0 -> 1
Cell (virus_3433787,host_59485): 0 -> 1
Cell (virus_3027593,host_105295): 0 -> 1
Cell (virus_3027593,host_51300): 0 -> 1
Cell (virus_3027593,host_294653): 0 -> 1
Cell (virus_3027593,host_59473): 0 -> 1
Cell (virus_3027593,host_3380546): 0 -> 1
Cell (virus_3027593,host_9435): 0 -> 1
Cell (virus_3027593,host_257882): 0 -> 1
Cell (virus_3027593,host_109480): 0 -> 1
Cell (virus_3027593,host_160974): 0 -> 1
Cell (virus_3027593,host_519446): 0 -> 1
Cell (virus_3027593,host_109481): 0 -> 1
Cell (virus_3027593,host_2528591): 0 -> 1
Cell (virus_3027593,host_412095): 0 -> 1
Cell (virus_3027593,host_225399): 0 -> 1
Cell (virus_3027593,host_386774): 0 -> 1
Cell (virus_3027593,host_392318): 0 -> 1
Cell (virus_3027593,host_138977): 0 -> 1
Cell (virus_3027593,host_138979): 0 -> 1
Cell (virus_3027593,host_159330): 0 -> 1
Cell (virus_3027593,host_452654): 0 -> 1
Cell (virus_3027593,host_385037): 0 -> 1
Cell (virus_3027593,host_155035): 0 -> 1
Cell (virus_3027593,host_633648): 0 -> 1
Cell (virus_3027593,host_258925): 0 -> 1
Cell (virus_3027593,host_177185): 0 -> 1
Cell (virus_3027593,host_187017): 0 -> 1
Cell (virus_3027593,host_159858): 0 -> 1
Cell (virus_3027593,host_169756): 0 -> 1
Cell (virus_3027593,host_188570): 0 -> 1
Cell (virus_3027593,host_196889): 0 -> 1
Cell (virus_3027593,host_867892): 0 -> 1
Cell (virus_3027593,host_476588): 0 -> 1
Cell (virus_3027593,host_337452): 0 -> 1
Cell (virus_3027593,host_76837): 0 -> 1
Cell (virus_3027593,host_178895): 0 -> 1
Cell (virus_3027593,host_608708): 0 -> 1
Cell (virus_3027593,host_59477): 0 -> 1
Cell (virus_3027593,host_166054): 0 -> 1
Cell (virus_3027593,host_385575): 0 -> 1
Cell (virus_3027593,host_9402): 0 -> 1
Cell (virus_3027593,host_9403): 0 -> 1
Cell (virus_3027593,host_1410044): 0 -> 1
Cell (virus_3027593,host_1898389): 0 -> 1
Cell (virus_3027593,host_77231): 0 -> 1
Cell (virus_3027593,host_2853157): 0 -> 1
Cell (virus_3027593,host_58067): 0 -> 1
Cell (virus_3027593,host_498220): 0 -> 1
Cell (virus_3027593,host_448084): 0 -> 1
Cell (virus_3027593,host_77243): 0 -> 1
Cell (virus_3027593,host_58073): 0 -> 1
Cell (virus_3027593,host_58083): 0 -> 1
Cell (virus_3027593,host_77223): 0 -> 1
Cell (virus_3027593,host_58063): 0 -> 1
Cell (virus_3027593,host_77214): 0 -> 1
Cell (virus_3027593,host_1898386): 0 -> 1
Cell (virus_3027593,host_298110): 0 -> 1
Cell (virus_3027593,host_374419): 0 -> 1
Cell (virus_3027593,host_326081): 0 -> 1
Cell (virus_3027593,host_326151): 0 -> 1
Cell (virus_3027593,host_148094): 0 -> 1
Cell (virus_3027593,host_574064): 0 -> 1
Cell (virus_3027593,host_27634): 0 -> 1
Cell (virus_3027593,host_40228): 0 -> 1
Cell (virus_3027593,host_40230): 0 -> 1
Cell (virus_3027593,host_3042450): 0 -> 1
Cell (virus_3027593,host_59472): 0 -> 1
Cell (virus_3027593,host_291302): 0 -> 1
Cell (virus_3027593,host_27622): 0 -> 1
Cell (virus_3027593,host_3041509): 0 -> 1
Cell (virus_3027593,host_2218597): 0 -> 1
Cell (virus_3027593,host_258867): 0 -> 1
Cell (virus_3027593,host_242384): 0 -> 1
Cell (virus_3027593,host_258863): 0 -> 1
Cell (virus_3027593,host_9438): 0 -> 1
Cell (virus_3027593,host_249034): 0 -> 1
Cell (virus_3027593,host_258952): 0 -> 1
Cell (virus_3027593,host_258953): 0 -> 1
Cell (virus_3027593,host_249033): 0 -> 1
Cell (virus_3027593,host_272799): 0 -> 1
Cell (virus_3027593,host_258909): 0 -> 1
Cell (virus_3027593,host_909369): 0 -> 1
Cell (virus_3027593,host_29078): 0 -> 1
Cell (virus_3027593,host_3371014): 0 -> 1
Cell (virus_3027593,host_3371016): 0 -> 1
Cell (virus_3027593,host_3371021): 0 -> 1
Cell (virus_3027593,host_360967): 0 -> 1
Cell (virus_3027593,host_59474): 0 -> 1
Cell (virus_3027593,host_999321): 0 -> 1
Cell (virus_3027593,host_867834): 0 -> 1
Cell (virus_3027593,host_258889): 0 -> 1
Cell (virus_3027593,host_2491053): 0 -> 1
Cell (virus_3027593,host_110938): 0 -> 1
Cell (virus_3027593,host_258944): 0 -> 1
Cell (virus_3027593,host_59485): 0 -> 1
Cell (virus_2991261,host_105295): 0 -> 1
Cell (virus_2991261,host_51300): 0 -> 1
Cell (virus_2991261,host_294653): 0 -> 1
Cell (virus_2991261,host_59473): 0 -> 1
Cell (virus_2991261,host_3380546): 0 -> 1
Cell (virus_2991261,host_9435): 0 -> 1
Cell (virus_2991261,host_257882): 0 -> 1
Cell (virus_2991261,host_109480): 0 -> 1
Cell (virus_2991261,host_160974): 0 -> 1
Cell (virus_2991261,host_519446): 0 -> 1
Cell (virus_2991261,host_109481): 0 -> 1
Cell (virus_2991261,host_2528591): 0 -> 1
Cell (virus_2991261,host_412095): 0 -> 1
Cell (virus_2991261,host_225399): 0 -> 1
Cell (virus_2991261,host_386774): 0 -> 1
Cell (virus_2991261,host_392318): 0 -> 1
Cell (virus_2991261,host_138977): 0 -> 1
Cell (virus_2991261,host_138979): 0 -> 1
Cell (virus_2991261,host_159330): 0 -> 1
Cell (virus_2991261,host_452654): 0 -> 1
Cell (virus_2991261,host_385037): 0 -> 1
Cell (virus_2991261,host_155035): 0 -> 1
Cell (virus_2991261,host_633648): 0 -> 1
Cell (virus_2991261,host_258925): 0 -> 1
Cell (virus_2991261,host_177185): 0 -> 1
Cell (virus_2991261,host_187017): 0 -> 1
Cell (virus_2991261,host_159858): 0 -> 1
Cell (virus_2991261,host_169756): 0 -> 1
Cell (virus_2991261,host_188570): 0 -> 1
Cell (virus_2991261,host_196889): 0 -> 1
Cell (virus_2991261,host_867892): 0 -> 1
Cell (virus_2991261,host_476588): 0 -> 1
Cell (virus_2991261,host_337452): 0 -> 1
Cell (virus_2991261,host_76837): 0 -> 1
Cell (virus_2991261,host_178895): 0 -> 1
Cell (virus_2991261,host_608708): 0 -> 1
Cell (virus_2991261,host_59477): 0 -> 1
Cell (virus_2991261,host_166054): 0 -> 1
Cell (virus_2991261,host_385575): 0 -> 1
Cell (virus_2991261,host_9402): 0 -> 1
Cell (virus_2991261,host_9403): 0 -> 1
Cell (virus_2991261,host_1410044): 0 -> 1
Cell (virus_2991261,host_1898389): 0 -> 1
Cell (virus_2991261,host_77231): 0 -> 1
Cell (virus_2991261,host_2853157): 0 -> 1
Cell (virus_2991261,host_58067): 0 -> 1
Cell (virus_2991261,host_498220): 0 -> 1
Cell (virus_2991261,host_448084): 0 -> 1
Cell (virus_2991261,host_77243): 0 -> 1
Cell (virus_2991261,host_58073): 0 -> 1
Cell (virus_2991261,host_58083): 0 -> 1
Cell (virus_2991261,host_77223): 0 -> 1
Cell (virus_2991261,host_58063): 0 -> 1
Cell (virus_2991261,host_77214): 0 -> 1
Cell (virus_2991261,host_1898386): 0 -> 1
Cell (virus_2991261,host_298110): 0 -> 1
Cell (virus_2991261,host_374419): 0 -> 1
Cell (virus_2991261,host_326081): 0 -> 1
Cell (virus_2991261,host_326151): 0 -> 1
Cell (virus_2991261,host_148094): 0 -> 1
Cell (virus_2991261,host_574064): 0 -> 1
Cell (virus_2991261,host_27634): 0 -> 1
Cell (virus_2991261,host_40228): 0 -> 1
Cell (virus_2991261,host_40230): 0 -> 1
Cell (virus_2991261,host_3042450): 0 -> 1
Cell (virus_2991261,host_3371013): 0 -> 1
Cell (virus_2991261,host_59472): 0 -> 1
Cell (virus_2991261,host_291302): 0 -> 1
Cell (virus_2991261,host_27622): 0 -> 1
Cell (virus_2991261,host_3041509): 0 -> 1
Cell (virus_2991261,host_2218597): 0 -> 1
Cell (virus_2991261,host_258867): 0 -> 1
Cell (virus_2991261,host_242384): 0 -> 1
Cell (virus_2991261,host_258863): 0 -> 1
Cell (virus_2991261,host_9438): 0 -> 1
Cell (virus_2991261,host_249034): 0 -> 1
Cell (virus_2991261,host_258952): 0 -> 1
Cell (virus_2991261,host_258953): 0 -> 1
Cell (virus_2991261,host_249033): 0 -> 1
Cell (virus_2991261,host_272799): 0 -> 1
Cell (virus_2991261,host_258909): 0 -> 1
Cell (virus_2991261,host_909369): 0 -> 1
Cell (virus_2991261,host_29078): 0 -> 1
Cell (virus_2991261,host_3371014): 0 -> 1
Cell (virus_2991261,host_3371016): 0 -> 1
Cell (virus_2991261,host_3371021): 0 -> 1
Cell (virus_2991261,host_360967): 0 -> 1
Cell (virus_2991261,host_59474): 0 -> 1
Cell (virus_2991261,host_999321): 0 -> 1
Cell (virus_2991261,host_867834): 0 -> 1
Cell (virus_2991261,host_258889): 0 -> 1
Cell (virus_2991261,host_2491053): 0 -> 1
Cell (virus_2991261,host_110938): 0 -> 1
Cell (virus_2991261,host_258944): 0 -> 1
Cell (virus_2991261,host_59485): 0 -> 1
Cell (virus_983923,host_105295): 0 -> 1
Cell (virus_983923,host_51300): 0 -> 1
Cell (virus_983923,host_294653): 0 -> 1
Cell (virus_983923,host_59473): 0 -> 1
Cell (virus_983923,host_3380546): 0 -> 1
Cell (virus_983923,host_9435): 0 -> 1
Cell (virus_983923,host_257882): 0 -> 1
Cell (virus_983923,host_109480): 0 -> 1
Cell (virus_983923,host_160974): 0 -> 1
Cell (virus_983923,host_519446): 0 -> 1
Cell (virus_983923,host_109481): 0 -> 1
Cell (virus_983923,host_2528591): 0 -> 1
Cell (virus_983923,host_412095): 0 -> 1
Cell (virus_983923,host_225399): 0 -> 1
Cell (virus_983923,host_386774): 0 -> 1
Cell (virus_983923,host_392318): 0 -> 1
Cell (virus_983923,host_138977): 0 -> 1
Cell (virus_983923,host_138979): 0 -> 1
Cell (virus_983923,host_159330): 0 -> 1
Cell (virus_983923,host_452654): 0 -> 1
Cell (virus_983923,host_385037): 0 -> 1
Cell (virus_983923,host_155035): 0 -> 1
Cell (virus_983923,host_633648): 0 -> 1
Cell (virus_983923,host_258925): 0 -> 1
Cell (virus_983923,host_177185): 0 -> 1
Cell (virus_983923,host_187017): 0 -> 1
Cell (virus_983923,host_159858): 0 -> 1
Cell (virus_983923,host_169756): 0 -> 1
Cell (virus_983923,host_188570): 0 -> 1
Cell (virus_983923,host_196889): 0 -> 1
Cell (virus_983923,host_867892): 0 -> 1
Cell (virus_983923,host_476588): 0 -> 1
Cell (virus_983923,host_337452): 0 -> 1
Cell (virus_983923,host_76837): 0 -> 1
Cell (virus_983923,host_178895): 0 -> 1
Cell (virus_983923,host_608708): 0 -> 1
Cell (virus_983923,host_59477): 0 -> 1
Cell (virus_983923,host_166054): 0 -> 1
Cell (virus_983923,host_385575): 0 -> 1
Cell (virus_983923,host_9402): 0 -> 1
Cell (virus_983923,host_9403): 0 -> 1
Cell (virus_983923,host_1410044): 0 -> 1
Cell (virus_983923,host_1898389): 0 -> 1
Cell (virus_983923,host_77231): 0 -> 1
Cell (virus_983923,host_2853157): 0 -> 1
Cell (virus_983923,host_58067): 0 -> 1
Cell (virus_983923,host_498220): 0 -> 1
Cell (virus_983923,host_448084): 0 -> 1
Cell (virus_983923,host_77243): 0 -> 1
Cell (virus_983923,host_58073): 0 -> 1
Cell (virus_983923,host_58083): 0 -> 1
Cell (virus_983923,host_77223): 0 -> 1
Cell (virus_983923,host_58063): 0 -> 1
Cell (virus_983923,host_77214): 0 -> 1
Cell (virus_983923,host_1898386): 0 -> 1
Cell (virus_983923,host_298110): 0 -> 1
Cell (virus_983923,host_374419): 0 -> 1
Cell (virus_983923,host_326081): 0 -> 1
Cell (virus_983923,host_326151): 0 -> 1
Cell (virus_983923,host_148094): 0 -> 1
Cell (virus_983923,host_574064): 0 -> 1
Cell (virus_983923,host_27634): 0 -> 1
Cell (virus_983923,host_40228): 0 -> 1
Cell (virus_983923,host_40230): 0 -> 1
Cell (virus_983923,host_3042450): 0 -> 1
Cell (virus_983923,host_3371013): 0 -> 1
Cell (virus_983923,host_59472): 0 -> 1
Cell (virus_983923,host_291302): 0 -> 1
Cell (virus_983923,host_27622): 0 -> 1
Cell (virus_983923,host_3041509): 0 -> 1
Cell (virus_983923,host_2218597): 0 -> 1
Cell (virus_983923,host_258867): 0 -> 1
Cell (virus_983923,host_242384): 0 -> 1
Cell (virus_983923,host_258863): 0 -> 1
Cell (virus_983923,host_9438): 0 -> 1
Cell (virus_983923,host_249034): 0 -> 1
Cell (virus_983923,host_258952): 0 -> 1
Cell (virus_983923,host_258953): 0 -> 1
Cell (virus_983923,host_249033): 0 -> 1
Cell (virus_983923,host_272799): 0 -> 1
Cell (virus_983923,host_258909): 0 -> 1
Cell (virus_983923,host_909369): 0 -> 1
Cell (virus_983923,host_29078): 0 -> 1
Cell (virus_983923,host_3371014): 0 -> 1
Cell (virus_983923,host_3371016): 0 -> 1
Cell (virus_983923,host_3371021): 0 -> 1
Cell (virus_983923,host_360967): 0 -> 1
Cell (virus_983923,host_59474): 0 -> 1
Cell (virus_983923,host_999321): 0 -> 1
Cell (virus_983923,host_867834): 0 -> 1
Cell (virus_983923,host_258889): 0 -> 1
Cell (virus_983923,host_2491053): 0 -> 1
Cell (virus_983923,host_110938): 0 -> 1
Cell (virus_983923,host_258944): 0 -> 1
Cell (virus_983923,host_59485): 0 -> 1
Cell (virus_3433749,host_105295): 0 -> 1
Cell (virus_3433749,host_51300): 0 -> 1
Cell (virus_3433749,host_294653): 0 -> 1
Cell (virus_3433749,host_59473): 0 -> 1
Cell (virus_3433749,host_3380546): 0 -> 1
Cell (virus_3433749,host_9435): 0 -> 1
Cell (virus_3433749,host_257882): 0 -> 1
Cell (virus_3433749,host_109480): 0 -> 1
Cell (virus_3433749,host_160974): 0 -> 1
Cell (virus_3433749,host_519446): 0 -> 1
Cell (virus_3433749,host_109481): 0 -> 1
Cell (virus_3433749,host_2528591): 0 -> 1
Cell (virus_3433749,host_412095): 0 -> 1
Cell (virus_3433749,host_51298): 0 -> 1
Cell (virus_3433749,host_225399): 0 -> 1
Cell (virus_3433749,host_386774): 0 -> 1
Cell (virus_3433749,host_392318): 0 -> 1
Cell (virus_3433749,host_138977): 0 -> 1
Cell (virus_3433749,host_138979): 0 -> 1
Cell (virus_3433749,host_159330): 0 -> 1
Cell (virus_3433749,host_452654): 0 -> 1
Cell (virus_3433749,host_385037): 0 -> 1
Cell (virus_3433749,host_155035): 0 -> 1
Cell (virus_3433749,host_633648): 0 -> 1
Cell (virus_3433749,host_258925): 0 -> 1
Cell (virus_3433749,host_177185): 0 -> 1
Cell (virus_3433749,host_187017): 0 -> 1
Cell (virus_3433749,host_159858): 0 -> 1
Cell (virus_3433749,host_169756): 0 -> 1
Cell (virus_3433749,host_188570): 0 -> 1
Cell (virus_3433749,host_196889): 0 -> 1
Cell (virus_3433749,host_867892): 0 -> 1
Cell (virus_3433749,host_476588): 0 -> 1
Cell (virus_3433749,host_337452): 0 -> 1
Cell (virus_3433749,host_76837): 0 -> 1
Cell (virus_3433749,host_178895): 0 -> 1
Cell (virus_3433749,host_608708): 0 -> 1
Cell (virus_3433749,host_59477): 0 -> 1
Cell (virus_3433749,host_166054): 0 -> 1
Cell (virus_3433749,host_385575): 0 -> 1
Cell (virus_3433749,host_9402): 0 -> 1
Cell (virus_3433749,host_9403): 0 -> 1
Cell (virus_3433749,host_1410044): 0 -> 1
Cell (virus_3433749,host_1898389): 0 -> 1
Cell (virus_3433749,host_77231): 0 -> 1
Cell (virus_3433749,host_2853157): 0 -> 1
Cell (virus_3433749,host_58067): 0 -> 1
Cell (virus_3433749,host_498220): 0 -> 1
Cell (virus_3433749,host_448084): 0 -> 1
Cell (virus_3433749,host_77243): 0 -> 1
Cell (virus_3433749,host_58073): 0 -> 1
Cell (virus_3433749,host_58083): 0 -> 1
Cell (virus_3433749,host_77223): 0 -> 1
Cell (virus_3433749,host_58063): 0 -> 1
Cell (virus_3433749,host_77214): 0 -> 1
Cell (virus_3433749,host_1898386): 0 -> 1
Cell (virus_3433749,host_298110): 0 -> 1
Cell (virus_3433749,host_374419): 0 -> 1
Cell (virus_3433749,host_326081): 0 -> 1
Cell (virus_3433749,host_326151): 0 -> 1
Cell (virus_3433749,host_148094): 0 -> 1
Cell (virus_3433749,host_574064): 0 -> 1
Cell (virus_3433749,host_27634): 0 -> 1
Cell (virus_3433749,host_40228): 0 -> 1
Cell (virus_3433749,host_40230): 0 -> 1
Cell (virus_3433749,host_40224): 0 -> 1
Cell (virus_3433749,host_3042450): 0 -> 1
Cell (virus_3433749,host_59472): 0 -> 1
Cell (virus_3433749,host_291302): 0 -> 1
Cell (virus_3433749,host_27622): 0 -> 1
Cell (virus_3433749,host_3041509): 0 -> 1
Cell (virus_3433749,host_2218597): 0 -> 1
Cell (virus_3433749,host_258867): 0 -> 1
Cell (virus_3433749,host_242384): 0 -> 1
Cell (virus_3433749,host_258863): 0 -> 1
Cell (virus_3433749,host_9438): 0 -> 1
Cell (virus_3433749,host_249034): 0 -> 1
Cell (virus_3433749,host_258952): 0 -> 1
Cell (virus_3433749,host_258953): 0 -> 1
Cell (virus_3433749,host_249033): 0 -> 1
Cell (virus_3433749,host_258909): 0 -> 1
Cell (virus_3433749,host_909369): 0 -> 1
Cell (virus_3433749,host_29078): 0 -> 1
Cell (virus_3433749,host_3371014): 0 -> 1
Cell (virus_3433749,host_3371016): 0 -> 1
Cell (virus_3433749,host_3371021): 0 -> 1
Cell (virus_3433749,host_360967): 0 -> 1
Cell (virus_3433749,host_59474): 0 -> 1
Cell (virus_3433749,host_999321): 0 -> 1
Cell (virus_3433749,host_867834): 0 -> 1
Cell (virus_3433749,host_258889): 0 -> 1
Cell (virus_3433749,host_2491053): 0 -> 1
Cell (virus_3433749,host_110938): 0 -> 1
Cell (virus_3433749,host_258944): 0 -> 1
Cell (virus_3433749,host_59485): 0 -> 1
Cell (virus_1986198,host_105295): 0 -> 1
Cell (virus_1986198,host_51300): 0 -> 1
Cell (virus_1986198,host_246814): 0 -> 1
Cell (virus_1986198,host_294653): 0 -> 1
Cell (virus_1986198,host_59473): 0 -> 1
Cell (virus_1986198,host_3380546): 0 -> 1
Cell (virus_1986198,host_9435): 0 -> 1
Cell (virus_1986198,host_257882): 0 -> 1
Cell (virus_1986198,host_109480): 0 -> 1
Cell (virus_1986198,host_160974): 0 -> 1
Cell (virus_1986198,host_519446): 0 -> 1
Cell (virus_1986198,host_109481): 0 -> 1
Cell (virus_1986198,host_2528591): 0 -> 1
Cell (virus_1986198,host_412095): 0 -> 1
Cell (virus_1986198,host_225399): 0 -> 1
Cell (virus_1986198,host_386774): 0 -> 1
Cell (virus_1986198,host_392318): 0 -> 1
Cell (virus_1986198,host_138977): 0 -> 1
Cell (virus_1986198,host_138979): 0 -> 1
Cell (virus_1986198,host_159330): 0 -> 1
Cell (virus_1986198,host_452654): 0 -> 1
Cell (virus_1986198,host_385037): 0 -> 1
Cell (virus_1986198,host_155035): 0 -> 1
Cell (virus_1986198,host_633648): 0 -> 1
Cell (virus_1986198,host_258925): 0 -> 1
Cell (virus_1986198,host_177185): 0 -> 1
Cell (virus_1986198,host_187017): 0 -> 1
Cell (virus_1986198,host_159858): 0 -> 1
Cell (virus_1986198,host_169756): 0 -> 1
Cell (virus_1986198,host_188570): 0 -> 1
Cell (virus_1986198,host_196889): 0 -> 1
Cell (virus_1986198,host_867892): 0 -> 1
Cell (virus_1986198,host_476588): 0 -> 1
Cell (virus_1986198,host_337452): 0 -> 1
Cell (virus_1986198,host_76837): 0 -> 1
Cell (virus_1986198,host_178895): 0 -> 1
Cell (virus_1986198,host_608708): 0 -> 1
Cell (virus_1986198,host_59477): 0 -> 1
Cell (virus_1986198,host_166054): 0 -> 1
Cell (virus_1986198,host_385575): 0 -> 1
Cell (virus_1986198,host_9402): 0 -> 1
Cell (virus_1986198,host_9403): 0 -> 1
Cell (virus_1986198,host_1410044): 0 -> 1
Cell (virus_1986198,host_1898389): 0 -> 1
Cell (virus_1986198,host_77231): 0 -> 1
Cell (virus_1986198,host_2853157): 0 -> 1
Cell (virus_1986198,host_58067): 0 -> 1
Cell (virus_1986198,host_498220): 0 -> 1
Cell (virus_1986198,host_448084): 0 -> 1
Cell (virus_1986198,host_77243): 0 -> 1
Cell (virus_1986198,host_58073): 0 -> 1
Cell (virus_1986198,host_58083): 0 -> 1
Cell (virus_1986198,host_77223): 0 -> 1
Cell (virus_1986198,host_58063): 0 -> 1
Cell (virus_1986198,host_77214): 0 -> 1
Cell (virus_1986198,host_1898386): 0 -> 1
Cell (virus_1986198,host_298110): 0 -> 1
Cell (virus_1986198,host_374419): 0 -> 1
Cell (virus_1986198,host_326081): 0 -> 1
Cell (virus_1986198,host_326151): 0 -> 1
Cell (virus_1986198,host_574064): 0 -> 1
Cell (virus_1986198,host_27634): 0 -> 1
Cell (virus_1986198,host_40228): 0 -> 1
Cell (virus_1986198,host_40230): 0 -> 1
Cell (virus_1986198,host_3042450): 0 -> 1
Cell (virus_1986198,host_59472): 0 -> 1
Cell (virus_1986198,host_291302): 0 -> 1
Cell (virus_1986198,host_27622): 0 -> 1
Cell (virus_1986198,host_3041509): 0 -> 1
Cell (virus_1986198,host_2218597): 0 -> 1
Cell (virus_1986198,host_258867): 0 -> 1
Cell (virus_1986198,host_242384): 0 -> 1
Cell (virus_1986198,host_258863): 0 -> 1
Cell (virus_1986198,host_9438): 0 -> 1
Cell (virus_1986198,host_249034): 0 -> 1
Cell (virus_1986198,host_258952): 0 -> 1
Cell (virus_1986198,host_258953): 0 -> 1
Cell (virus_1986198,host_249033): 0 -> 1
Cell (virus_1986198,host_258909): 0 -> 1
Cell (virus_1986198,host_909369): 0 -> 1
Cell (virus_1986198,host_29078): 0 -> 1
Cell (virus_1986198,host_3371014): 0 -> 1
Cell (virus_1986198,host_3371016): 0 -> 1
Cell (virus_1986198,host_3371021): 0 -> 1
Cell (virus_1986198,host_360967): 0 -> 1
Cell (virus_1986198,host_59474): 0 -> 1
Cell (virus_1986198,host_999321): 0 -> 1
Cell (virus_1986198,host_867834): 0 -> 1
Cell (virus_1986198,host_258889): 0 -> 1
Cell (virus_1986198,host_2491053): 0 -> 1
Cell (virus_1986198,host_110938): 0 -> 1
Cell (virus_1986198,host_258944): 0 -> 1
Cell (virus_1986198,host_59485): 0 -> 1
Cell (virus_3433814,host_105295): 0 -> 1
Cell (virus_3433814,host_51300): 0 -> 1
Cell (virus_3433814,host_294653): 0 -> 1
Cell (virus_3433814,host_59473): 0 -> 1
Cell (virus_3433814,host_3380546): 0 -> 1
Cell (virus_3433814,host_9435): 0 -> 1
Cell (virus_3433814,host_257882): 0 -> 1
Cell (virus_3433814,host_109480): 0 -> 1
Cell (virus_3433814,host_160974): 0 -> 1
Cell (virus_3433814,host_519446): 0 -> 1
Cell (virus_3433814,host_109481): 0 -> 1
Cell (virus_3433814,host_2528591): 0 -> 1
Cell (virus_3433814,host_412095): 0 -> 1
Cell (virus_3433814,host_225399): 0 -> 1
Cell (virus_3433814,host_386774): 0 -> 1
Cell (virus_3433814,host_392318): 0 -> 1
Cell (virus_3433814,host_138977): 0 -> 1
Cell (virus_3433814,host_138979): 0 -> 1
Cell (virus_3433814,host_159330): 0 -> 1
Cell (virus_3433814,host_452654): 0 -> 1
Cell (virus_3433814,host_385037): 0 -> 1
Cell (virus_3433814,host_155035): 0 -> 1
Cell (virus_3433814,host_633648): 0 -> 1
Cell (virus_3433814,host_258925): 0 -> 1
Cell (virus_3433814,host_177185): 0 -> 1
Cell (virus_3433814,host_187017): 0 -> 1
Cell (virus_3433814,host_159858): 0 -> 1
Cell (virus_3433814,host_169756): 0 -> 1
Cell (virus_3433814,host_188570): 0 -> 1
Cell (virus_3433814,host_196889): 0 -> 1
Cell (virus_3433814,host_867892): 0 -> 1
Cell (virus_3433814,host_476588): 0 -> 1
Cell (virus_3433814,host_337452): 0 -> 1
Cell (virus_3433814,host_76837): 0 -> 1
Cell (virus_3433814,host_178895): 0 -> 1
Cell (virus_3433814,host_608708): 0 -> 1
Cell (virus_3433814,host_59477): 0 -> 1
Cell (virus_3433814,host_166054): 0 -> 1
Cell (virus_3433814,host_385575): 0 -> 1
Cell (virus_3433814,host_9402): 0 -> 1
Cell (virus_3433814,host_9403): 0 -> 1
Cell (virus_3433814,host_1410044): 0 -> 1
Cell (virus_3433814,host_1898389): 0 -> 1
Cell (virus_3433814,host_77231): 0 -> 1
Cell (virus_3433814,host_2853157): 0 -> 1
Cell (virus_3433814,host_58067): 0 -> 1
Cell (virus_3433814,host_498220): 0 -> 1
Cell (virus_3433814,host_448084): 0 -> 1
Cell (virus_3433814,host_77243): 0 -> 1
Cell (virus_3433814,host_58073): 0 -> 1
Cell (virus_3433814,host_58083): 0 -> 1
Cell (virus_3433814,host_77223): 0 -> 1
Cell (virus_3433814,host_58063): 0 -> 1
Cell (virus_3433814,host_77214): 0 -> 1
Cell (virus_3433814,host_1898386): 0 -> 1
Cell (virus_3433814,host_298110): 0 -> 1
Cell (virus_3433814,host_374419): 0 -> 1
Cell (virus_3433814,host_326081): 0 -> 1
Cell (virus_3433814,host_326151): 0 -> 1
Cell (virus_3433814,host_574064): 0 -> 1
Cell (virus_3433814,host_27634): 0 -> 1
Cell (virus_3433814,host_40228): 0 -> 1
Cell (virus_3433814,host_40230): 0 -> 1
Cell (virus_3433814,host_3042450): 0 -> 1
Cell (virus_3433814,host_59472): 0 -> 1
Cell (virus_3433814,host_291302): 0 -> 1
Cell (virus_3433814,host_27622): 0 -> 1
Cell (virus_3433814,host_3041509): 0 -> 1
Cell (virus_3433814,host_2218597): 0 -> 1
Cell (virus_3433814,host_258867): 0 -> 1
Cell (virus_3433814,host_242384): 0 -> 1
Cell (virus_3433814,host_258863): 0 -> 1
Cell (virus_3433814,host_9438): 0 -> 1
Cell (virus_3433814,host_249034): 0 -> 1
Cell (virus_3433814,host_258952): 0 -> 1
Cell (virus_3433814,host_258953): 0 -> 1
Cell (virus_3433814,host_249033): 0 -> 1
Cell (virus_3433814,host_258909): 0 -> 1
Cell (virus_3433814,host_909369): 0 -> 1
Cell (virus_3433814,host_29078): 0 -> 1
Cell (virus_3433814,host_3371014): 0 -> 1
Cell (virus_3433814,host_3371016): 0 -> 1
Cell (virus_3433814,host_3371021): 0 -> 1
Cell (virus_3433814,host_360967): 0 -> 1
Cell (virus_3433814,host_59474): 0 -> 1
Cell (virus_3433814,host_999321): 0 -> 1
Cell (virus_3433814,host_867834): 0 -> 1
Cell (virus_3433814,host_258889): 0 -> 1
Cell (virus_3433814,host_2491053): 0 -> 1
Cell (virus_3433814,host_110938): 0 -> 1
Cell (virus_3433814,host_258944): 0 -> 1
Cell (virus_3433814,host_59485): 0 -> 1
Cell (virus_693997,host_105295): 0 -> 1
Cell (virus_693997,host_51300): 0 -> 1
Cell (virus_693997,host_294653): 0 -> 1
Cell (virus_693997,host_59473): 0 -> 1
Cell (virus_693997,host_3380546): 0 -> 1
Cell (virus_693997,host_9435): 0 -> 1
Cell (virus_693997,host_257882): 0 -> 1
Cell (virus_693997,host_109480): 0 -> 1
Cell (virus_693997,host_160974): 0 -> 1
Cell (virus_693997,host_519446): 0 -> 1
Cell (virus_693997,host_109481): 0 -> 1
Cell (virus_693997,host_2528591): 0 -> 1
Cell (virus_693997,host_412095): 0 -> 1
Cell (virus_693997,host_225399): 0 -> 1
Cell (virus_693997,host_386774): 0 -> 1
Cell (virus_693997,host_392318): 0 -> 1
Cell (virus_693997,host_138977): 0 -> 1
Cell (virus_693997,host_138979): 0 -> 1
Cell (virus_693997,host_159330): 0 -> 1
Cell (virus_693997,host_452654): 0 -> 1
Cell (virus_693997,host_385037): 0 -> 1
Cell (virus_693997,host_155035): 0 -> 1
Cell (virus_693997,host_633648): 0 -> 1
Cell (virus_693997,host_258925): 0 -> 1
Cell (virus_693997,host_177185): 0 -> 1
Cell (virus_693997,host_187017): 0 -> 1
Cell (virus_693997,host_159858): 0 -> 1
Cell (virus_693997,host_169756): 0 -> 1
Cell (virus_693997,host_188570): 0 -> 1
Cell (virus_693997,host_196889): 0 -> 1
Cell (virus_693997,host_867892): 0 -> 1
Cell (virus_693997,host_476588): 0 -> 1
Cell (virus_693997,host_337452): 0 -> 1
Cell (virus_693997,host_76837): 0 -> 1
Cell (virus_693997,host_178895): 0 -> 1
Cell (virus_693997,host_608708): 0 -> 1
Cell (virus_693997,host_59477): 0 -> 1
Cell (virus_693997,host_166054): 0 -> 1
Cell (virus_693997,host_385575): 0 -> 1
Cell (virus_693997,host_9402): 0 -> 1
Cell (virus_693997,host_9403): 0 -> 1
Cell (virus_693997,host_1410044): 0 -> 1
Cell (virus_693997,host_1898389): 0 -> 1
Cell (virus_693997,host_77231): 0 -> 1
Cell (virus_693997,host_2853157): 0 -> 1
Cell (virus_693997,host_58067): 0 -> 1
Cell (virus_693997,host_498220): 0 -> 1
Cell (virus_693997,host_448084): 0 -> 1
Cell (virus_693997,host_77243): 0 -> 1
Cell (virus_693997,host_58073): 0 -> 1
Cell (virus_693997,host_58083): 0 -> 1
Cell (virus_693997,host_77223): 0 -> 1
Cell (virus_693997,host_58063): 0 -> 1
Cell (virus_693997,host_77214): 0 -> 1
Cell (virus_693997,host_1898386): 0 -> 1
Cell (virus_693997,host_298110): 0 -> 1
Cell (virus_693997,host_374419): 0 -> 1
Cell (virus_693997,host_326081): 0 -> 1
Cell (virus_693997,host_326151): 0 -> 1
Cell (virus_693997,host_574064): 0 -> 1
Cell (virus_693997,host_27634): 0 -> 1
Cell (virus_693997,host_40228): 0 -> 1
Cell (virus_693997,host_40230): 0 -> 1
Cell (virus_693997,host_3042450): 0 -> 1
Cell (virus_693997,host_59472): 0 -> 1
Cell (virus_693997,host_291302): 0 -> 1
Cell (virus_693997,host_27622): 0 -> 1
Cell (virus_693997,host_3041509): 0 -> 1
Cell (virus_693997,host_2218597): 0 -> 1
Cell (virus_693997,host_258867): 0 -> 1
Cell (virus_693997,host_242384): 0 -> 1
Cell (virus_693997,host_258863): 0 -> 1
Cell (virus_693997,host_9438): 0 -> 1
Cell (virus_693997,host_249034): 0 -> 1
Cell (virus_693997,host_258952): 0 -> 1
Cell (virus_693997,host_258953): 0 -> 1
Cell (virus_693997,host_249033): 0 -> 1
Cell (virus_693997,host_258909): 0 -> 1
Cell (virus_693997,host_909369): 0 -> 1
Cell (virus_693997,host_29078): 0 -> 1
Cell (virus_693997,host_3371014): 0 -> 1
Cell (virus_693997,host_3371016): 0 -> 1
Cell (virus_693997,host_3371021): 0 -> 1
Cell (virus_693997,host_360967): 0 -> 1
Cell (virus_693997,host_59474): 0 -> 1
Cell (virus_693997,host_999321): 0 -> 1
Cell (virus_693997,host_867834): 0 -> 1
Cell (virus_693997,host_258889): 0 -> 1
Cell (virus_693997,host_2491053): 0 -> 1
Cell (virus_693997,host_110938): 0 -> 1
Cell (virus_693997,host_258944): 0 -> 1
Cell (virus_693997,host_59485): 0 -> 1
Cell (virus_2913386,host_105295): 0 -> 1
Cell (virus_2913386,host_258946): 0 -> 1
Cell (virus_2913386,host_51300): 0 -> 1
Cell (virus_2913386,host_294653): 0 -> 1
Cell (virus_2913386,host_59473): 0 -> 1
Cell (virus_2913386,host_3380546): 0 -> 1
Cell (virus_2913386,host_9435): 0 -> 1
Cell (virus_2913386,host_257882): 0 -> 1
Cell (virus_2913386,host_109480): 0 -> 1
Cell (virus_2913386,host_160974): 0 -> 1
Cell (virus_2913386,host_519446): 0 -> 1
Cell (virus_2913386,host_109481): 0 -> 1
Cell (virus_2913386,host_2528591): 0 -> 1
Cell (virus_2913386,host_412095): 0 -> 1
Cell (virus_2913386,host_225399): 0 -> 1
Cell (virus_2913386,host_386774): 0 -> 1
Cell (virus_2913386,host_392318): 0 -> 1
Cell (virus_2913386,host_138977): 0 -> 1
Cell (virus_2913386,host_138979): 0 -> 1
Cell (virus_2913386,host_159330): 0 -> 1
Cell (virus_2913386,host_452654): 0 -> 1
Cell (virus_2913386,host_385037): 0 -> 1
Cell (virus_2913386,host_155035): 0 -> 1
Cell (virus_2913386,host_633648): 0 -> 1
Cell (virus_2913386,host_258925): 0 -> 1
Cell (virus_2913386,host_177185): 0 -> 1
Cell (virus_2913386,host_187017): 0 -> 1
Cell (virus_2913386,host_159858): 0 -> 1
Cell (virus_2913386,host_169756): 0 -> 1
Cell (virus_2913386,host_188570): 0 -> 1
Cell (virus_2913386,host_188572): 0 -> 1
Cell (virus_2913386,host_196889): 0 -> 1
Cell (virus_2913386,host_867892): 0 -> 1
Cell (virus_2913386,host_476588): 0 -> 1
Cell (virus_2913386,host_337452): 0 -> 1
Cell (virus_2913386,host_76837): 0 -> 1
Cell (virus_2913386,host_178895): 0 -> 1
Cell (virus_2913386,host_608708): 0 -> 1
Cell (virus_2913386,host_59477): 0 -> 1
Cell (virus_2913386,host_166054): 0 -> 1
Cell (virus_2913386,host_385575): 0 -> 1
Cell (virus_2913386,host_9402): 0 -> 1
Cell (virus_2913386,host_9403): 0 -> 1
Cell (virus_2913386,host_1410044): 0 -> 1
Cell (virus_2913386,host_1898389): 0 -> 1
Cell (virus_2913386,host_77231): 0 -> 1
Cell (virus_2913386,host_2853157): 0 -> 1
Cell (virus_2913386,host_58067): 0 -> 1
Cell (virus_2913386,host_498220): 0 -> 1
Cell (virus_2913386,host_448084): 0 -> 1
Cell (virus_2913386,host_77243): 0 -> 1
Cell (virus_2913386,host_58073): 0 -> 1
Cell (virus_2913386,host_58083): 0 -> 1
Cell (virus_2913386,host_77223): 0 -> 1
Cell (virus_2913386,host_58063): 0 -> 1
Cell (virus_2913386,host_77214): 0 -> 1
Cell (virus_2913386,host_1898386): 0 -> 1
Cell (virus_2913386,host_298110): 0 -> 1
Cell (virus_2913386,host_374419): 0 -> 1
Cell (virus_2913386,host_326081): 0 -> 1
Cell (virus_2913386,host_326151): 0 -> 1
Cell (virus_2913386,host_148094): 0 -> 1
Cell (virus_2913386,host_574064): 0 -> 1
Cell (virus_2913386,host_27634): 0 -> 1
Cell (virus_2913386,host_40228): 0 -> 1
Cell (virus_2913386,host_40230): 0 -> 1
Cell (virus_2913386,host_3042450): 0 -> 1
Cell (virus_2913386,host_59472): 0 -> 1
Cell (virus_2913386,host_291302): 0 -> 1
Cell (virus_2913386,host_27622): 0 -> 1
Cell (virus_2913386,host_3041509): 0 -> 1
Cell (virus_2913386,host_2218597): 0 -> 1
Cell (virus_2913386,host_258867): 0 -> 1
Cell (virus_2913386,host_242384): 0 -> 1
Cell (virus_2913386,host_258863): 0 -> 1
Cell (virus_2913386,host_9438): 0 -> 1
Cell (virus_2913386,host_249034): 0 -> 1
Cell (virus_2913386,host_258952): 0 -> 1
Cell (virus_2913386,host_249033): 0 -> 1
Cell (virus_2913386,host_258930): 0 -> 1
Cell (virus_2913386,host_258909): 0 -> 1
Cell (virus_2913386,host_909369): 0 -> 1
Cell (virus_2913386,host_29078): 0 -> 1
Cell (virus_2913386,host_3371014): 0 -> 1
Cell (virus_2913386,host_3371016): 0 -> 1
Cell (virus_2913386,host_3371021): 0 -> 1
Cell (virus_2913386,host_360967): 0 -> 1
Cell (virus_2913386,host_59474): 0 -> 1
Cell (virus_2913386,host_999321): 0 -> 1
Cell (virus_2913386,host_867834): 0 -> 1
Cell (virus_2913386,host_258889): 0 -> 1
Cell (virus_2913386,host_2491053): 0 -> 1
Cell (virus_2913386,host_110938): 0 -> 1
Cell (virus_2913386,host_258944): 0 -> 1
Cell (virus_2913386,host_59485): 0 -> 1
Cell (virus_2925879,host_105295): 0 -> 1
Cell (virus_2925879,host_258946): 0 -> 1
Cell (virus_2925879,host_51300): 0 -> 1
Cell (virus_2925879,host_294653): 0 -> 1
Cell (virus_2925879,host_59473): 0 -> 1
Cell (virus_2925879,host_3380546): 0 -> 1
Cell (virus_2925879,host_9435): 0 -> 1
Cell (virus_2925879,host_257882): 0 -> 1
Cell (virus_2925879,host_109480): 0 -> 1
Cell (virus_2925879,host_160974): 0 -> 1
Cell (virus_2925879,host_519446): 0 -> 1
Cell (virus_2925879,host_109481): 0 -> 1
Cell (virus_2925879,host_2528591): 0 -> 1
Cell (virus_2925879,host_412095): 0 -> 1
Cell (virus_2925879,host_225399): 0 -> 1
Cell (virus_2925879,host_386774): 0 -> 1
Cell (virus_2925879,host_392318): 0 -> 1
Cell (virus_2925879,host_138977): 0 -> 1
Cell (virus_2925879,host_138979): 0 -> 1
Cell (virus_2925879,host_159330): 0 -> 1
Cell (virus_2925879,host_452654): 0 -> 1
Cell (virus_2925879,host_385037): 0 -> 1
Cell (virus_2925879,host_155035): 0 -> 1
Cell (virus_2925879,host_633648): 0 -> 1
Cell (virus_2925879,host_258925): 0 -> 1
Cell (virus_2925879,host_177185): 0 -> 1
Cell (virus_2925879,host_187017): 0 -> 1
Cell (virus_2925879,host_159858): 0 -> 1
Cell (virus_2925879,host_169756): 0 -> 1
Cell (virus_2925879,host_188570): 0 -> 1
Cell (virus_2925879,host_188572): 0 -> 1
Cell (virus_2925879,host_196889): 0 -> 1
Cell (virus_2925879,host_867892): 0 -> 1
Cell (virus_2925879,host_476588): 0 -> 1
Cell (virus_2925879,host_337452): 0 -> 1
Cell (virus_2925879,host_76837): 0 -> 1
Cell (virus_2925879,host_178895): 0 -> 1
Cell (virus_2925879,host_608708): 0 -> 1
Cell (virus_2925879,host_59477): 0 -> 1
Cell (virus_2925879,host_166054): 0 -> 1
Cell (virus_2925879,host_385575): 0 -> 1
Cell (virus_2925879,host_9402): 0 -> 1
Cell (virus_2925879,host_9403): 0 -> 1
Cell (virus_2925879,host_1410044): 0 -> 1
Cell (virus_2925879,host_1898389): 0 -> 1
Cell (virus_2925879,host_77231): 0 -> 1
Cell (virus_2925879,host_2853157): 0 -> 1
Cell (virus_2925879,host_58067): 0 -> 1
Cell (virus_2925879,host_498220): 0 -> 1
Cell (virus_2925879,host_448084): 0 -> 1
Cell (virus_2925879,host_77243): 0 -> 1
Cell (virus_2925879,host_58073): 0 -> 1
Cell (virus_2925879,host_58083): 0 -> 1
Cell (virus_2925879,host_77223): 0 -> 1
Cell (virus_2925879,host_58063): 0 -> 1
Cell (virus_2925879,host_77214): 0 -> 1
Cell (virus_2925879,host_1898386): 0 -> 1
Cell (virus_2925879,host_298110): 0 -> 1
Cell (virus_2925879,host_374419): 0 -> 1
Cell (virus_2925879,host_326081): 0 -> 1
Cell (virus_2925879,host_326151): 0 -> 1
Cell (virus_2925879,host_148094): 0 -> 1
Cell (virus_2925879,host_574064): 0 -> 1
Cell (virus_2925879,host_27634): 0 -> 1
Cell (virus_2925879,host_40228): 0 -> 1
Cell (virus_2925879,host_40230): 0 -> 1
Cell (virus_2925879,host_3042450): 0 -> 1
Cell (virus_2925879,host_59472): 0 -> 1
Cell (virus_2925879,host_291302): 0 -> 1
Cell (virus_2925879,host_27622): 0 -> 1
Cell (virus_2925879,host_3041509): 0 -> 1
Cell (virus_2925879,host_2218597): 0 -> 1
Cell (virus_2925879,host_258867): 0 -> 1
Cell (virus_2925879,host_242384): 0 -> 1
Cell (virus_2925879,host_258863): 0 -> 1
Cell (virus_2925879,host_9438): 0 -> 1
Cell (virus_2925879,host_249034): 0 -> 1
Cell (virus_2925879,host_258952): 0 -> 1
Cell (virus_2925879,host_258953): 0 -> 1
Cell (virus_2925879,host_249033): 0 -> 1
Cell (virus_2925879,host_258930): 0 -> 1
Cell (virus_2925879,host_258909): 0 -> 1
Cell (virus_2925879,host_909369): 0 -> 1
Cell (virus_2925879,host_29078): 0 -> 1
Cell (virus_2925879,host_3371014): 0 -> 1
Cell (virus_2925879,host_3371016): 0 -> 1
Cell (virus_2925879,host_3371021): 0 -> 1
Cell (virus_2925879,host_360967): 0 -> 1
Cell (virus_2925879,host_59474): 0 -> 1
Cell (virus_2925879,host_999321): 0 -> 1
Cell (virus_2925879,host_867834): 0 -> 1
Cell (virus_2925879,host_258889): 0 -> 1
Cell (virus_2925879,host_2491053): 0 -> 1
Cell (virus_2925879,host_110938): 0 -> 1
Cell (virus_2925879,host_258944): 0 -> 1
Cell (virus_2925879,host_59485): 0 -> 1
Cell (virus_2993505,host_105295): 0 -> 1
Cell (virus_2993505,host_258946): 0 -> 1
Cell (virus_2993505,host_51300): 0 -> 1
Cell (virus_2993505,host_294653): 0 -> 1
Cell (virus_2993505,host_59473): 0 -> 1
Cell (virus_2993505,host_3380546): 0 -> 1
Cell (virus_2993505,host_9435): 0 -> 1
Cell (virus_2993505,host_257882): 0 -> 1
Cell (virus_2993505,host_109480): 0 -> 1
Cell (virus_2993505,host_160974): 0 -> 1
Cell (virus_2993505,host_519446): 0 -> 1
Cell (virus_2993505,host_109481): 0 -> 1
Cell (virus_2993505,host_2528591): 0 -> 1
Cell (virus_2993505,host_412095): 0 -> 1
Cell (virus_2993505,host_225399): 0 -> 1
Cell (virus_2993505,host_386774): 0 -> 1
Cell (virus_2993505,host_392318): 0 -> 1
Cell (virus_2993505,host_138977): 0 -> 1
Cell (virus_2993505,host_138979): 0 -> 1
Cell (virus_2993505,host_159330): 0 -> 1
Cell (virus_2993505,host_452654): 0 -> 1
Cell (virus_2993505,host_385037): 0 -> 1
Cell (virus_2993505,host_155035): 0 -> 1
Cell (virus_2993505,host_633648): 0 -> 1
Cell (virus_2993505,host_258925): 0 -> 1
Cell (virus_2993505,host_177185): 0 -> 1
Cell (virus_2993505,host_187017): 0 -> 1
Cell (virus_2993505,host_159858): 0 -> 1
Cell (virus_2993505,host_169756): 0 -> 1
Cell (virus_2993505,host_188570): 0 -> 1
Cell (virus_2993505,host_188572): 0 -> 1
Cell (virus_2993505,host_196889): 0 -> 1
Cell (virus_2993505,host_867892): 0 -> 1
Cell (virus_2993505,host_476588): 0 -> 1
Cell (virus_2993505,host_337452): 0 -> 1
Cell (virus_2993505,host_76837): 0 -> 1
Cell (virus_2993505,host_178895): 0 -> 1
Cell (virus_2993505,host_608708): 0 -> 1
Cell (virus_2993505,host_59477): 0 -> 1
Cell (virus_2993505,host_166054): 0 -> 1
Cell (virus_2993505,host_385575): 0 -> 1
Cell (virus_2993505,host_9402): 0 -> 1
Cell (virus_2993505,host_9403): 0 -> 1
Cell (virus_2993505,host_1410044): 0 -> 1
Cell (virus_2993505,host_1898389): 0 -> 1
Cell (virus_2993505,host_77231): 0 -> 1
Cell (virus_2993505,host_2853157): 0 -> 1
Cell (virus_2993505,host_58067): 0 -> 1
Cell (virus_2993505,host_498220): 0 -> 1
Cell (virus_2993505,host_448084): 0 -> 1
Cell (virus_2993505,host_77243): 0 -> 1
Cell (virus_2993505,host_58073): 0 -> 1
Cell (virus_2993505,host_58083): 0 -> 1
Cell (virus_2993505,host_77223): 0 -> 1
Cell (virus_2993505,host_58063): 0 -> 1
Cell (virus_2993505,host_77214): 0 -> 1
Cell (virus_2993505,host_1898386): 0 -> 1
Cell (virus_2993505,host_298110): 0 -> 1
Cell (virus_2993505,host_374419): 0 -> 1
Cell (virus_2993505,host_326081): 0 -> 1
Cell (virus_2993505,host_326151): 0 -> 1
Cell (virus_2993505,host_148094): 0 -> 1
Cell (virus_2993505,host_574064): 0 -> 1
Cell (virus_2993505,host_27634): 0 -> 1
Cell (virus_2993505,host_40228): 0 -> 1
Cell (virus_2993505,host_40230): 0 -> 1
Cell (virus_2993505,host_3042450): 0 -> 1
Cell (virus_2993505,host_59472): 0 -> 1
Cell (virus_2993505,host_291302): 0 -> 1
Cell (virus_2993505,host_27622): 0 -> 1
Cell (virus_2993505,host_3041509): 0 -> 1
Cell (virus_2993505,host_2218597): 0 -> 1
Cell (virus_2993505,host_258867): 0 -> 1
Cell (virus_2993505,host_242384): 0 -> 1
Cell (virus_2993505,host_258863): 0 -> 1
Cell (virus_2993505,host_9438): 0 -> 1
Cell (virus_2993505,host_249034): 0 -> 1
Cell (virus_2993505,host_258952): 0 -> 1
Cell (virus_2993505,host_258953): 0 -> 1
Cell (virus_2993505,host_249033): 0 -> 1
Cell (virus_2993505,host_258930): 0 -> 1
Cell (virus_2993505,host_258909): 0 -> 1
Cell (virus_2993505,host_909369): 0 -> 1
Cell (virus_2993505,host_29078): 0 -> 1
Cell (virus_2993505,host_3371014): 0 -> 1
Cell (virus_2993505,host_3371016): 0 -> 1
Cell (virus_2993505,host_3371021): 0 -> 1
Cell (virus_2993505,host_360967): 0 -> 1
Cell (virus_2993505,host_59474): 0 -> 1
Cell (virus_2993505,host_999321): 0 -> 1
Cell (virus_2993505,host_867834): 0 -> 1
Cell (virus_2993505,host_258889): 0 -> 1
Cell (virus_2993505,host_2491053): 0 -> 1
Cell (virus_2993505,host_110938): 0 -> 1
Cell (virus_2993505,host_258944): 0 -> 1
Cell (virus_2993505,host_59485): 0 -> 1
Cell (virus_3433731,host_105295): 0 -> 1
Cell (virus_3433731,host_51300): 0 -> 1
Cell (virus_3433731,host_294653): 0 -> 1
Cell (virus_3433731,host_59473): 0 -> 1
Cell (virus_3433731,host_3380546): 0 -> 1
Cell (virus_3433731,host_9435): 0 -> 1
Cell (virus_3433731,host_257882): 0 -> 1
Cell (virus_3433731,host_109480): 0 -> 1
Cell (virus_3433731,host_160974): 0 -> 1
Cell (virus_3433731,host_519446): 0 -> 1
Cell (virus_3433731,host_109481): 0 -> 1
Cell (virus_3433731,host_2528591): 0 -> 1
Cell (virus_3433731,host_412095): 0 -> 1
Cell (virus_3433731,host_225399): 0 -> 1
Cell (virus_3433731,host_386774): 0 -> 1
Cell (virus_3433731,host_392318): 0 -> 1
Cell (virus_3433731,host_138977): 0 -> 1
Cell (virus_3433731,host_138979): 0 -> 1
Cell (virus_3433731,host_159330): 0 -> 1
Cell (virus_3433731,host_258940): 0 -> 1
Cell (virus_3433731,host_452654): 0 -> 1
Cell (virus_3433731,host_587652): 0 -> 1
Cell (virus_3433731,host_385037): 0 -> 1
Cell (virus_3433731,host_155035): 0 -> 1
Cell (virus_3433731,host_633648): 0 -> 1
Cell (virus_3433731,host_258925): 0 -> 1
Cell (virus_3433731,host_177185): 0 -> 1
Cell (virus_3433731,host_187017): 0 -> 1
Cell (virus_3433731,host_159858): 0 -> 1
Cell (virus_3433731,host_169756): 0 -> 1
Cell (virus_3433731,host_188570): 0 -> 1
Cell (virus_3433731,host_188572): 0 -> 1
Cell (virus_3433731,host_196889): 0 -> 1
Cell (virus_3433731,host_867892): 0 -> 1
Cell (virus_3433731,host_476588): 0 -> 1
Cell (virus_3433731,host_337452): 0 -> 1
Cell (virus_3433731,host_76837): 0 -> 1
Cell (virus_3433731,host_178895): 0 -> 1
Cell (virus_3433731,host_608708): 0 -> 1
Cell (virus_3433731,host_59477): 0 -> 1
Cell (virus_3433731,host_166054): 0 -> 1
Cell (virus_3433731,host_385575): 0 -> 1
Cell (virus_3433731,host_9402): 0 -> 1
Cell (virus_3433731,host_9403): 0 -> 1
Cell (virus_3433731,host_1410044): 0 -> 1
Cell (virus_3433731,host_1898389): 0 -> 1
Cell (virus_3433731,host_77231): 0 -> 1
Cell (virus_3433731,host_2853157): 0 -> 1
Cell (virus_3433731,host_58067): 0 -> 1
Cell (virus_3433731,host_498220): 0 -> 1
Cell (virus_3433731,host_448084): 0 -> 1
Cell (virus_3433731,host_77243): 0 -> 1
Cell (virus_3433731,host_58073): 0 -> 1
Cell (virus_3433731,host_58083): 0 -> 1
Cell (virus_3433731,host_77223): 0 -> 1
Cell (virus_3433731,host_9408): 0 -> 1
Cell (virus_3433731,host_58063): 0 -> 1
Cell (virus_3433731,host_77214): 0 -> 1
Cell (virus_3433731,host_1898386): 0 -> 1
Cell (virus_3433731,host_298110): 0 -> 1
Cell (virus_3433731,host_374419): 0 -> 1
Cell (virus_3433731,host_326081): 0 -> 1
Cell (virus_3433731,host_326151): 0 -> 1
Cell (virus_3433731,host_148094): 0 -> 1
Cell (virus_3433731,host_574064): 0 -> 1
Cell (virus_3433731,host_27634): 0 -> 1
Cell (virus_3433731,host_40228): 0 -> 1
Cell (virus_3433731,host_40230): 0 -> 1
Cell (virus_3433731,host_3042450): 0 -> 1
Cell (virus_3433731,host_59472): 0 -> 1
Cell (virus_3433731,host_221086): 0 -> 1
Cell (virus_3433731,host_291302): 0 -> 1
Cell (virus_3433731,host_27622): 0 -> 1
Cell (virus_3433731,host_3041509): 0 -> 1
Cell (virus_3433731,host_2218597): 0 -> 1
Cell (virus_3433731,host_258867): 0 -> 1
Cell (virus_3433731,host_242384): 0 -> 1
Cell (virus_3433731,host_258863): 0 -> 1
Cell (virus_3433731,host_9438): 0 -> 1
Cell (virus_3433731,host_249034): 0 -> 1
Cell (virus_3433731,host_258952): 0 -> 1
Cell (virus_3433731,host_258953): 0 -> 1
Cell (virus_3433731,host_249033): 0 -> 1
Cell (virus_3433731,host_258909): 0 -> 1
Cell (virus_3433731,host_909369): 0 -> 1
Cell (virus_3433731,host_29078): 0 -> 1
Cell (virus_3433731,host_3371014): 0 -> 1
Cell (virus_3433731,host_3371016): 0 -> 1
Cell (virus_3433731,host_3371021): 0 -> 1
Cell (virus_3433731,host_360967): 0 -> 1
Cell (virus_3433731,host_59474): 0 -> 1
Cell (virus_3433731,host_999321): 0 -> 1
Cell (virus_3433731,host_867834): 0 -> 1
Cell (virus_3433731,host_258889): 0 -> 1
Cell (virus_3433731,host_2491053): 0 -> 1
Cell (virus_3433731,host_110938): 0 -> 1
Cell (virus_3433731,host_258944): 0 -> 1
Cell (virus_3433731,host_59485): 0 -> 1
Cell (virus_3433810,host_105295): 0 -> 1
Cell (virus_3433810,host_51300): 0 -> 1
Cell (virus_3433810,host_294653): 0 -> 1
Cell (virus_3433810,host_59473): 0 -> 1
Cell (virus_3433810,host_3380546): 0 -> 1
Cell (virus_3433810,host_9435): 0 -> 1
Cell (virus_3433810,host_257882): 0 -> 1
Cell (virus_3433810,host_109480): 0 -> 1
Cell (virus_3433810,host_160974): 0 -> 1
Cell (virus_3433810,host_519446): 0 -> 1
Cell (virus_3433810,host_109481): 0 -> 1
Cell (virus_3433810,host_2528591): 0 -> 1
Cell (virus_3433810,host_412095): 0 -> 1
Cell (virus_3433810,host_225399): 0 -> 1
Cell (virus_3433810,host_386774): 0 -> 1
Cell (virus_3433810,host_392004): 0 -> 1
Cell (virus_3433810,host_392318): 0 -> 1
Cell (virus_3433810,host_138977): 0 -> 1
Cell (virus_3433810,host_138979): 0 -> 1
Cell (virus_3433810,host_159330): 0 -> 1
Cell (virus_3433810,host_452654): 0 -> 1
Cell (virus_3433810,host_385037): 0 -> 1
Cell (virus_3433810,host_155035): 0 -> 1
Cell (virus_3433810,host_633648): 0 -> 1
Cell (virus_3433810,host_258925): 0 -> 1
Cell (virus_3433810,host_177185): 0 -> 1
Cell (virus_3433810,host_187017): 0 -> 1
Cell (virus_3433810,host_159858): 0 -> 1
Cell (virus_3433810,host_169756): 0 -> 1
Cell (virus_3433810,host_188570): 0 -> 1
Cell (virus_3433810,host_196889): 0 -> 1
Cell (virus_3433810,host_867892): 0 -> 1
Cell (virus_3433810,host_476588): 0 -> 1
Cell (virus_3433810,host_337452): 0 -> 1
Cell (virus_3433810,host_76837): 0 -> 1
Cell (virus_3433810,host_178895): 0 -> 1
Cell (virus_3433810,host_608708): 0 -> 1
Cell (virus_3433810,host_59477): 0 -> 1
Cell (virus_3433810,host_166054): 0 -> 1
Cell (virus_3433810,host_385575): 0 -> 1
Cell (virus_3433810,host_9402): 0 -> 1
Cell (virus_3433810,host_9403): 0 -> 1
Cell (virus_3433810,host_1410044): 0 -> 1
Cell (virus_3433810,host_1898389): 0 -> 1
Cell (virus_3433810,host_77231): 0 -> 1
Cell (virus_3433810,host_2853157): 0 -> 1
Cell (virus_3433810,host_58067): 0 -> 1
Cell (virus_3433810,host_498220): 0 -> 1
Cell (virus_3433810,host_448084): 0 -> 1
Cell (virus_3433810,host_77243): 0 -> 1
Cell (virus_3433810,host_58073): 0 -> 1
Cell (virus_3433810,host_58083): 0 -> 1
Cell (virus_3433810,host_77223): 0 -> 1
Cell (virus_3433810,host_58063): 0 -> 1
Cell (virus_3433810,host_77214): 0 -> 1
Cell (virus_3433810,host_298110): 0 -> 1
Cell (virus_3433810,host_374419): 0 -> 1
Cell (virus_3433810,host_326081): 0 -> 1
Cell (virus_3433810,host_326151): 0 -> 1
Cell (virus_3433810,host_148094): 0 -> 1
Cell (virus_3433810,host_574064): 0 -> 1
Cell (virus_3433810,host_27634): 0 -> 1
Cell (virus_3433810,host_40228): 0 -> 1
Cell (virus_3433810,host_40230): 0 -> 1
Cell (virus_3433810,host_3042450): 0 -> 1
Cell (virus_3433810,host_59472): 0 -> 1
Cell (virus_3433810,host_291302): 0 -> 1
Cell (virus_3433810,host_27622): 0 -> 1
Cell (virus_3433810,host_3041509): 0 -> 1
Cell (virus_3433810,host_2218597): 0 -> 1
Cell (virus_3433810,host_258867): 0 -> 1
Cell (virus_3433810,host_242384): 0 -> 1
Cell (virus_3433810,host_258863): 0 -> 1
Cell (virus_3433810,host_9438): 0 -> 1
Cell (virus_3433810,host_249034): 0 -> 1
Cell (virus_3433810,host_258952): 0 -> 1
Cell (virus_3433810,host_258953): 0 -> 1
Cell (virus_3433810,host_249033): 0 -> 1
Cell (virus_3433810,host_258909): 0 -> 1
Cell (virus_3433810,host_909369): 0 -> 1
Cell (virus_3433810,host_29078): 0 -> 1
Cell (virus_3433810,host_3371014): 0 -> 1
Cell (virus_3433810,host_3371016): 0 -> 1
Cell (virus_3433810,host_3371021): 0 -> 1
Cell (virus_3433810,host_360967): 0 -> 1
Cell (virus_3433810,host_59474): 0 -> 1
Cell (virus_3433810,host_999321): 0 -> 1
Cell (virus_3433810,host_867834): 0 -> 1
Cell (virus_3433810,host_258889): 0 -> 1
Cell (virus_3433810,host_2491053): 0 -> 1
Cell (virus_3433810,host_110938): 0 -> 1
Cell (virus_3433810,host_258944): 0 -> 1
Cell (virus_3433810,host_59485): 0 -> 1
Cell (virus_2913388,host_105273): 0 -> 1
Cell (virus_2913388,host_105295): 0 -> 1
Cell (virus_2913388,host_51300): 0 -> 1
Cell (virus_2913388,host_294653): 0 -> 1
Cell (virus_2913388,host_59473): 0 -> 1
Cell (virus_2913388,host_3380546): 0 -> 1
Cell (virus_2913388,host_9435): 0 -> 1
Cell (virus_2913388,host_257882): 0 -> 1
Cell (virus_2913388,host_109480): 0 -> 1
Cell (virus_2913388,host_160974): 0 -> 1
Cell (virus_2913388,host_519446): 0 -> 1
Cell (virus_2913388,host_109481): 0 -> 1
Cell (virus_2913388,host_2528591): 0 -> 1
Cell (virus_2913388,host_412095): 0 -> 1
Cell (virus_2913388,host_225399): 0 -> 1
Cell (virus_2913388,host_386774): 0 -> 1
Cell (virus_2913388,host_392318): 0 -> 1
Cell (virus_2913388,host_138977): 0 -> 1
Cell (virus_2913388,host_138979): 0 -> 1
Cell (virus_2913388,host_159330): 0 -> 1
Cell (virus_2913388,host_452654): 0 -> 1
Cell (virus_2913388,host_385037): 0 -> 1
Cell (virus_2913388,host_155035): 0 -> 1
Cell (virus_2913388,host_633648): 0 -> 1
Cell (virus_2913388,host_258925): 0 -> 1
Cell (virus_2913388,host_177185): 0 -> 1
Cell (virus_2913388,host_187017): 0 -> 1
Cell (virus_2913388,host_159858): 0 -> 1
Cell (virus_2913388,host_169756): 0 -> 1
Cell (virus_2913388,host_188570): 0 -> 1
Cell (virus_2913388,host_196889): 0 -> 1
Cell (virus_2913388,host_867892): 0 -> 1
Cell (virus_2913388,host_476588): 0 -> 1
Cell (virus_2913388,host_337452): 0 -> 1
Cell (virus_2913388,host_76837): 0 -> 1
Cell (virus_2913388,host_178895): 0 -> 1
Cell (virus_2913388,host_608708): 0 -> 1
Cell (virus_2913388,host_59477): 0 -> 1
Cell (virus_2913388,host_166054): 0 -> 1
Cell (virus_2913388,host_385575): 0 -> 1
Cell (virus_2913388,host_9402): 0 -> 1
Cell (virus_2913388,host_9403): 0 -> 1
Cell (virus_2913388,host_1410044): 0 -> 1
Cell (virus_2913388,host_1898389): 0 -> 1
Cell (virus_2913388,host_77231): 0 -> 1
Cell (virus_2913388,host_2853157): 0 -> 1
Cell (virus_2913388,host_58067): 0 -> 1
Cell (virus_2913388,host_498220): 0 -> 1
Cell (virus_2913388,host_448084): 0 -> 1
Cell (virus_2913388,host_58071): 0 -> 1
Cell (virus_2913388,host_77243): 0 -> 1
Cell (virus_2913388,host_58073): 0 -> 1
Cell (virus_2913388,host_58083): 0 -> 1
Cell (virus_2913388,host_77223): 0 -> 1
Cell (virus_2913388,host_58063): 0 -> 1
Cell (virus_2913388,host_77214): 0 -> 1
Cell (virus_2913388,host_298110): 0 -> 1
Cell (virus_2913388,host_374419): 0 -> 1
Cell (virus_2913388,host_326081): 0 -> 1
Cell (virus_2913388,host_326151): 0 -> 1
Cell (virus_2913388,host_148094): 0 -> 1
Cell (virus_2913388,host_574064): 0 -> 1
Cell (virus_2913388,host_27634): 0 -> 1
Cell (virus_2913388,host_40228): 0 -> 1
Cell (virus_2913388,host_40230): 0 -> 1
Cell (virus_2913388,host_3042450): 0 -> 1
Cell (virus_2913388,host_59472): 0 -> 1
Cell (virus_2913388,host_291302): 0 -> 1
Cell (virus_2913388,host_27622): 0 -> 1
Cell (virus_2913388,host_3041509): 0 -> 1
Cell (virus_2913388,host_2218597): 0 -> 1
Cell (virus_2913388,host_258867): 0 -> 1
Cell (virus_2913388,host_242384): 0 -> 1
Cell (virus_2913388,host_258863): 0 -> 1
Cell (virus_2913388,host_9438): 0 -> 1
Cell (virus_2913388,host_249034): 0 -> 1
Cell (virus_2913388,host_258952): 0 -> 1
Cell (virus_2913388,host_258953): 0 -> 1
Cell (virus_2913388,host_249033): 0 -> 1
Cell (virus_2913388,host_258909): 0 -> 1
Cell (virus_2913388,host_909369): 0 -> 1
Cell (virus_2913388,host_29078): 0 -> 1
Cell (virus_2913388,host_3371014): 0 -> 1
Cell (virus_2913388,host_3371016): 0 -> 1
Cell (virus_2913388,host_3371021): 0 -> 1
Cell (virus_2913388,host_360967): 0 -> 1
Cell (virus_2913388,host_59474): 0 -> 1
Cell (virus_2913388,host_999321): 0 -> 1
Cell (virus_2913388,host_867834): 0 -> 1
Cell (virus_2913388,host_258889): 0 -> 1
Cell (virus_2913388,host_2491053): 0 -> 1
Cell (virus_2913388,host_110938): 0 -> 1
Cell (virus_2913388,host_258944): 0 -> 1
Cell (virus_2913388,host_59485): 0 -> 1
Cell (virus_3433756,host_105295): 0 -> 1
Cell (virus_3433756,host_51300): 0 -> 1
Cell (virus_3433756,host_294653): 0 -> 1
Cell (virus_3433756,host_59473): 0 -> 1
Cell (virus_3433756,host_3380546): 0 -> 1
Cell (virus_3433756,host_9435): 0 -> 1
Cell (virus_3433756,host_257882): 0 -> 1
Cell (virus_3433756,host_109480): 0 -> 1
Cell (virus_3433756,host_160974): 0 -> 1
Cell (virus_3433756,host_519446): 0 -> 1
Cell (virus_3433756,host_109481): 0 -> 1
Cell (virus_3433756,host_2528591): 0 -> 1
Cell (virus_3433756,host_412095): 0 -> 1
Cell (virus_3433756,host_225399): 0 -> 1
Cell (virus_3433756,host_386774): 0 -> 1
Cell (virus_3433756,host_392318): 0 -> 1
Cell (virus_3433756,host_138977): 0 -> 1
Cell (virus_3433756,host_138979): 0 -> 1
Cell (virus_3433756,host_159330): 0 -> 1
Cell (virus_3433756,host_452654): 0 -> 1
Cell (virus_3433756,host_385037): 0 -> 1
Cell (virus_3433756,host_155035): 0 -> 1
Cell (virus_3433756,host_633648): 0 -> 1
Cell (virus_3433756,host_258925): 0 -> 1
Cell (virus_3433756,host_177185): 0 -> 1
Cell (virus_3433756,host_187017): 0 -> 1
Cell (virus_3433756,host_159858): 0 -> 1
Cell (virus_3433756,host_169756): 0 -> 1
Cell (virus_3433756,host_188570): 0 -> 1
Cell (virus_3433756,host_196889): 0 -> 1
Cell (virus_3433756,host_867892): 0 -> 1
Cell (virus_3433756,host_476588): 0 -> 1
Cell (virus_3433756,host_337452): 0 -> 1
Cell (virus_3433756,host_76837): 0 -> 1
Cell (virus_3433756,host_178895): 0 -> 1
Cell (virus_3433756,host_608708): 0 -> 1
Cell (virus_3433756,host_59477): 0 -> 1
Cell (virus_3433756,host_166054): 0 -> 1
Cell (virus_3433756,host_385575): 0 -> 1
Cell (virus_3433756,host_9402): 0 -> 1
Cell (virus_3433756,host_9403): 0 -> 1
Cell (virus_3433756,host_1410044): 0 -> 1
Cell (virus_3433756,host_1898389): 0 -> 1
Cell (virus_3433756,host_77231): 0 -> 1
Cell (virus_3433756,host_2853157): 0 -> 1
Cell (virus_3433756,host_58067): 0 -> 1
Cell (virus_3433756,host_498220): 0 -> 1
Cell (virus_3433756,host_448084): 0 -> 1
Cell (virus_3433756,host_58071): 0 -> 1
Cell (virus_3433756,host_77243): 0 -> 1
Cell (virus_3433756,host_58073): 0 -> 1
Cell (virus_3433756,host_58083): 0 -> 1
Cell (virus_3433756,host_77223): 0 -> 1
Cell (virus_3433756,host_58063): 0 -> 1
Cell (virus_3433756,host_77214): 0 -> 1
Cell (virus_3433756,host_298110): 0 -> 1
Cell (virus_3433756,host_374419): 0 -> 1
Cell (virus_3433756,host_326081): 0 -> 1
Cell (virus_3433756,host_326151): 0 -> 1
Cell (virus_3433756,host_148094): 0 -> 1
Cell (virus_3433756,host_574064): 0 -> 1
Cell (virus_3433756,host_27634): 0 -> 1
Cell (virus_3433756,host_40228): 0 -> 1
Cell (virus_3433756,host_40230): 0 -> 1
Cell (virus_3433756,host_3042450): 0 -> 1
Cell (virus_3433756,host_59472): 0 -> 1
Cell (virus_3433756,host_291302): 0 -> 1
Cell (virus_3433756,host_27622): 0 -> 1
Cell (virus_3433756,host_3041509): 0 -> 1
Cell (virus_3433756,host_2218597): 0 -> 1
Cell (virus_3433756,host_258867): 0 -> 1
Cell (virus_3433756,host_242384): 0 -> 1
Cell (virus_3433756,host_258863): 0 -> 1
Cell (virus_3433756,host_9438): 0 -> 1
Cell (virus_3433756,host_249034): 0 -> 1
Cell (virus_3433756,host_258952): 0 -> 1
Cell (virus_3433756,host_258953): 0 -> 1
Cell (virus_3433756,host_249033): 0 -> 1
Cell (virus_3433756,host_258909): 0 -> 1
Cell (virus_3433756,host_909369): 0 -> 1
Cell (virus_3433756,host_29078): 0 -> 1
Cell (virus_3433756,host_3371014): 0 -> 1
Cell (virus_3433756,host_3371016): 0 -> 1
Cell (virus_3433756,host_3371021): 0 -> 1
Cell (virus_3433756,host_360967): 0 -> 1
Cell (virus_3433756,host_59474): 0 -> 1
Cell (virus_3433756,host_999321): 0 -> 1
Cell (virus_3433756,host_867834): 0 -> 1
Cell (virus_3433756,host_258889): 0 -> 1
Cell (virus_3433756,host_2491053): 0 -> 1
Cell (virus_3433756,host_110938): 0 -> 1
Cell (virus_3433756,host_258944): 0 -> 1
Cell (virus_3433756,host_59485): 0 -> 1
Metrics: {'precision': 0.6307580326505147, 'recall': 0.6419047619047619, 'f1': 0.6362825824723343, 'TP': 6066, 'FP': 3551, 'FN': 3384}
[Elbow detection] flip ≈ 5810, λ ≈ 0.7142857142857142
Number of flips performed (elbow): 5810
Cell (virus_11137,host_105295): 0 -> 1
Cell (virus_11137,host_51300): 0 -> 1
Cell (virus_11137,host_294653): 0 -> 1
Cell (virus_11137,host_59473): 0 -> 1
Cell (virus_11137,host_3380546): 0 -> 1
Cell (virus_11137,host_9435): 0 -> 1
Cell (virus_11137,host_257882): 0 -> 1
Cell (virus_11137,host_109480): 0 -> 1
Cell (virus_11137,host_160974): 0 -> 1
Cell (virus_11137,host_519446): 0 -> 1
Cell (virus_11137,host_412095): 0 -> 1
Cell (virus_11137,host_452654): 0 -> 1
Cell (virus_11137,host_385037): 0 -> 1
Cell (virus_11137,host_155035): 0 -> 1
Cell (virus_11137,host_633648): 0 -> 1
Cell (virus_11137,host_258925): 0 -> 1
Cell (virus_11137,host_177185): 0 -> 1
Cell (virus_11137,host_187017): 0 -> 1
Cell (virus_11137,host_159858): 0 -> 1
Cell (virus_11137,host_169756): 0 -> 1
Cell (virus_11137,host_188570): 0 -> 1
Cell (virus_11137,host_178895): 0 -> 1
Cell (virus_11137,host_608708): 0 -> 1
Cell (virus_11137,host_59477): 0 -> 1
Cell (virus_11137,host_166054): 0 -> 1
Cell (virus_11137,host_385575): 0 -> 1
Cell (virus_11137,host_9402): 0 -> 1
Cell (virus_11137,host_9403): 0 -> 1
Cell (virus_11137,host_2853157): 0 -> 1
Cell (virus_11137,host_58083): 0 -> 1
Cell (virus_11137,host_77223): 0 -> 1
Cell (virus_11137,host_58063): 0 -> 1
Cell (virus_11137,host_77214): 0 -> 1
Cell (virus_11137,host_298110): 0 -> 1
Cell (virus_11137,host_374419): 0 -> 1
Cell (virus_11137,host_326081): 0 -> 1
Cell (virus_11137,host_326151): 0 -> 1
Cell (virus_11137,host_148094): 0 -> 1
Cell (virus_11137,host_574064): 0 -> 1
Cell (virus_11137,host_3042450): 0 -> 1
Cell (virus_11137,host_59472): 0 -> 1
Cell (virus_11137,host_291302): 0 -> 1
Cell (virus_11137,host_27622): 0 -> 1
Cell (virus_11137,host_3041509): 0 -> 1
Cell (virus_11137,host_2218597): 0 -> 1
Cell (virus_11137,host_258867): 0 -> 1
Cell (virus_11137,host_242384): 0 -> 1
Cell (virus_11137,host_258863): 0 -> 1
Cell (virus_11137,host_9438): 0 -> 1
Cell (virus_11137,host_249033): 0 -> 1
Cell (virus_11137,host_59474): 0 -> 1
Cell (virus_11137,host_999321): 0 -> 1
Cell (virus_11137,host_867834): 0 -> 1
Cell (virus_11137,host_258889): 0 -> 1
Cell (virus_11137,host_2491053): 0 -> 1
Cell (virus_11137,host_110938): 0 -> 1
Cell (virus_11137,host_258944): 0 -> 1
Cell (virus_11137,host_59485): 0 -> 1
Cell (virus_1244203,host_105295): 0 -> 1
Cell (virus_1244203,host_51300): 0 -> 1
Cell (virus_1244203,host_294653): 0 -> 1
Cell (virus_1244203,host_59473): 0 -> 1
Cell (virus_1244203,host_3380546): 0 -> 1
Cell (virus_1244203,host_9435): 0 -> 1
Cell (virus_1244203,host_257882): 0 -> 1
Cell (virus_1244203,host_109480): 0 -> 1
Cell (virus_1244203,host_160974): 0 -> 1
Cell (virus_1244203,host_519446): 0 -> 1
Cell (virus_1244203,host_412095): 0 -> 1
Cell (virus_1244203,host_452654): 0 -> 1
Cell (virus_1244203,host_385037): 0 -> 1
Cell (virus_1244203,host_155035): 0 -> 1
Cell (virus_1244203,host_633648): 0 -> 1
Cell (virus_1244203,host_258925): 0 -> 1
Cell (virus_1244203,host_177185): 0 -> 1
Cell (virus_1244203,host_187017): 0 -> 1
Cell (virus_1244203,host_159858): 0 -> 1
Cell (virus_1244203,host_169756): 0 -> 1
Cell (virus_1244203,host_188570): 0 -> 1
Cell (virus_1244203,host_178895): 0 -> 1
Cell (virus_1244203,host_608708): 0 -> 1
Cell (virus_1244203,host_59477): 0 -> 1
Cell (virus_1244203,host_166054): 0 -> 1
Cell (virus_1244203,host_385575): 0 -> 1
Cell (virus_1244203,host_9402): 0 -> 1
Cell (virus_1244203,host_9403): 0 -> 1
Cell (virus_1244203,host_2853157): 0 -> 1
Cell (virus_1244203,host_77243): 0 -> 1
Cell (virus_1244203,host_58073): 0 -> 1
Cell (virus_1244203,host_1898393): 0 -> 1
Cell (virus_1244203,host_58083): 0 -> 1
Cell (virus_1244203,host_77223): 0 -> 1
Cell (virus_1244203,host_58063): 0 -> 1
Cell (virus_1244203,host_77214): 0 -> 1
Cell (virus_1244203,host_1898386): 0 -> 1
Cell (virus_1244203,host_298110): 0 -> 1
Cell (virus_1244203,host_374419): 0 -> 1
Cell (virus_1244203,host_326081): 0 -> 1
Cell (virus_1244203,host_326151): 0 -> 1
Cell (virus_1244203,host_148094): 0 -> 1
Cell (virus_1244203,host_574064): 0 -> 1
Cell (virus_1244203,host_9423): 0 -> 1
Cell (virus_1244203,host_1434095): 0 -> 1
Cell (virus_1244203,host_291302): 0 -> 1
Cell (virus_1244203,host_27622): 0 -> 1
Cell (virus_1244203,host_3041509): 0 -> 1
Cell (virus_1244203,host_2218597): 0 -> 1
Cell (virus_1244203,host_258867): 0 -> 1
Cell (virus_1244203,host_242384): 0 -> 1
Cell (virus_1244203,host_258863): 0 -> 1
Cell (virus_1244203,host_9438): 0 -> 1
Cell (virus_1244203,host_249033): 0 -> 1
Cell (virus_1244203,host_59474): 0 -> 1
Cell (virus_1244203,host_999321): 0 -> 1
Cell (virus_1244203,host_867834): 0 -> 1
Cell (virus_1244203,host_258889): 0 -> 1
Cell (virus_1244203,host_2491053): 0 -> 1
Cell (virus_1244203,host_110938): 0 -> 1
Cell (virus_1244203,host_258944): 0 -> 1
Cell (virus_1244203,host_59485): 0 -> 1
Cell (virus_3433754,host_105295): 0 -> 1
Cell (virus_3433754,host_51300): 0 -> 1
Cell (virus_3433754,host_294653): 0 -> 1
Cell (virus_3433754,host_59473): 0 -> 1
Cell (virus_3433754,host_3380546): 0 -> 1
Cell (virus_3433754,host_9435): 0 -> 1
Cell (virus_3433754,host_257882): 0 -> 1
Cell (virus_3433754,host_109480): 0 -> 1
Cell (virus_3433754,host_160974): 0 -> 1
Cell (virus_3433754,host_519446): 0 -> 1
Cell (virus_3433754,host_412095): 0 -> 1
Cell (virus_3433754,host_452654): 0 -> 1
Cell (virus_3433754,host_385037): 0 -> 1
Cell (virus_3433754,host_155035): 0 -> 1
Cell (virus_3433754,host_633648): 0 -> 1
Cell (virus_3433754,host_258925): 0 -> 1
Cell (virus_3433754,host_177185): 0 -> 1
Cell (virus_3433754,host_187017): 0 -> 1
Cell (virus_3433754,host_159858): 0 -> 1
Cell (virus_3433754,host_169756): 0 -> 1
Cell (virus_3433754,host_188570): 0 -> 1
Cell (virus_3433754,host_178895): 0 -> 1
Cell (virus_3433754,host_608708): 0 -> 1
Cell (virus_3433754,host_59477): 0 -> 1
Cell (virus_3433754,host_166054): 0 -> 1
Cell (virus_3433754,host_385575): 0 -> 1
Cell (virus_3433754,host_9402): 0 -> 1
Cell (virus_3433754,host_9403): 0 -> 1
Cell (virus_3433754,host_2853157): 0 -> 1
Cell (virus_3433754,host_77243): 0 -> 1
Cell (virus_3433754,host_58073): 0 -> 1
Cell (virus_3433754,host_1898393): 0 -> 1
Cell (virus_3433754,host_58083): 0 -> 1
Cell (virus_3433754,host_77223): 0 -> 1
Cell (virus_3433754,host_58063): 0 -> 1
Cell (virus_3433754,host_77214): 0 -> 1
Cell (virus_3433754,host_1898386): 0 -> 1
Cell (virus_3433754,host_298110): 0 -> 1
Cell (virus_3433754,host_374419): 0 -> 1
Cell (virus_3433754,host_326081): 0 -> 1
Cell (virus_3433754,host_326151): 0 -> 1
Cell (virus_3433754,host_148094): 0 -> 1
Cell (virus_3433754,host_574064): 0 -> 1
Cell (virus_3433754,host_9423): 0 -> 1
Cell (virus_3433754,host_1434095): 0 -> 1
Cell (virus_3433754,host_291302): 0 -> 1
Cell (virus_3433754,host_27622): 0 -> 1
Cell (virus_3433754,host_3041509): 0 -> 1
Cell (virus_3433754,host_2218597): 0 -> 1
Cell (virus_3433754,host_258867): 0 -> 1
Cell (virus_3433754,host_242384): 0 -> 1
Cell (virus_3433754,host_258863): 0 -> 1
Cell (virus_3433754,host_9438): 0 -> 1
Cell (virus_3433754,host_249033): 0 -> 1
Cell (virus_3433754,host_59474): 0 -> 1
Cell (virus_3433754,host_999321): 0 -> 1
Cell (virus_3433754,host_867834): 0 -> 1
Cell (virus_3433754,host_258889): 0 -> 1
Cell (virus_3433754,host_2491053): 0 -> 1
Cell (virus_3433754,host_110938): 0 -> 1
Cell (virus_3433754,host_258944): 0 -> 1
Cell (virus_3433754,host_59485): 0 -> 1
Cell (virus_3433753,host_105295): 0 -> 1
Cell (virus_3433753,host_51300): 0 -> 1
Cell (virus_3433753,host_294653): 0 -> 1
Cell (virus_3433753,host_59473): 0 -> 1
Cell (virus_3433753,host_3380546): 0 -> 1
Cell (virus_3433753,host_9435): 0 -> 1
Cell (virus_3433753,host_257882): 0 -> 1
Cell (virus_3433753,host_109480): 0 -> 1
Cell (virus_3433753,host_160974): 0 -> 1
Cell (virus_3433753,host_519446): 0 -> 1
Cell (virus_3433753,host_412095): 0 -> 1
Cell (virus_3433753,host_452654): 0 -> 1
Cell (virus_3433753,host_385037): 0 -> 1
Cell (virus_3433753,host_155035): 0 -> 1
Cell (virus_3433753,host_633648): 0 -> 1
Cell (virus_3433753,host_258925): 0 -> 1
Cell (virus_3433753,host_177185): 0 -> 1
Cell (virus_3433753,host_187017): 0 -> 1
Cell (virus_3433753,host_159858): 0 -> 1
Cell (virus_3433753,host_169756): 0 -> 1
Cell (virus_3433753,host_188570): 0 -> 1
Cell (virus_3433753,host_178895): 0 -> 1
Cell (virus_3433753,host_608708): 0 -> 1
Cell (virus_3433753,host_59477): 0 -> 1
Cell (virus_3433753,host_166054): 0 -> 1
Cell (virus_3433753,host_385575): 0 -> 1
Cell (virus_3433753,host_9402): 0 -> 1
Cell (virus_3433753,host_9403): 0 -> 1
Cell (virus_3433753,host_2853157): 0 -> 1
Cell (virus_3433753,host_77243): 0 -> 1
Cell (virus_3433753,host_58073): 0 -> 1
Cell (virus_3433753,host_1898393): 0 -> 1
Cell (virus_3433753,host_58083): 0 -> 1
Cell (virus_3433753,host_77223): 0 -> 1
Cell (virus_3433753,host_58063): 0 -> 1
Cell (virus_3433753,host_77214): 0 -> 1
Cell (virus_3433753,host_1898386): 0 -> 1
Cell (virus_3433753,host_58060): 0 -> 1
Cell (virus_3433753,host_298110): 0 -> 1
Cell (virus_3433753,host_374419): 0 -> 1
Cell (virus_3433753,host_326081): 0 -> 1
Cell (virus_3433753,host_326151): 0 -> 1
Cell (virus_3433753,host_148094): 0 -> 1
Cell (virus_3433753,host_574064): 0 -> 1
Cell (virus_3433753,host_40224): 0 -> 1
Cell (virus_3433753,host_9423): 0 -> 1
Cell (virus_3433753,host_291302): 0 -> 1
Cell (virus_3433753,host_479723): 0 -> 1
Cell (virus_3433753,host_27622): 0 -> 1
Cell (virus_3433753,host_3041509): 0 -> 1
Cell (virus_3433753,host_2218597): 0 -> 1
Cell (virus_3433753,host_258867): 0 -> 1
Cell (virus_3433753,host_242384): 0 -> 1
Cell (virus_3433753,host_258863): 0 -> 1
Cell (virus_3433753,host_9438): 0 -> 1
Cell (virus_3433753,host_249033): 0 -> 1
Cell (virus_3433753,host_59474): 0 -> 1
Cell (virus_3433753,host_999321): 0 -> 1
Cell (virus_3433753,host_867834): 0 -> 1
Cell (virus_3433753,host_258889): 0 -> 1
Cell (virus_3433753,host_2491053): 0 -> 1
Cell (virus_3433753,host_110938): 0 -> 1
Cell (virus_3433753,host_258944): 0 -> 1
Cell (virus_3433753,host_59485): 0 -> 1
Cell (virus_3119326,host_105295): 0 -> 1
Cell (virus_3119326,host_51300): 0 -> 1
Cell (virus_3119326,host_294653): 0 -> 1
Cell (virus_3119326,host_59473): 0 -> 1
Cell (virus_3119326,host_3380546): 0 -> 1
Cell (virus_3119326,host_9435): 0 -> 1
Cell (virus_3119326,host_257882): 0 -> 1
Cell (virus_3119326,host_109480): 0 -> 1
Cell (virus_3119326,host_160974): 0 -> 1
Cell (virus_3119326,host_519446): 0 -> 1
Cell (virus_3119326,host_412095): 0 -> 1
Cell (virus_3119326,host_452654): 0 -> 1
Cell (virus_3119326,host_385037): 0 -> 1
Cell (virus_3119326,host_155035): 0 -> 1
Cell (virus_3119326,host_633648): 0 -> 1
Cell (virus_3119326,host_258925): 0 -> 1
Cell (virus_3119326,host_177185): 0 -> 1
Cell (virus_3119326,host_187017): 0 -> 1
Cell (virus_3119326,host_159858): 0 -> 1
Cell (virus_3119326,host_169756): 0 -> 1
Cell (virus_3119326,host_188570): 0 -> 1
Cell (virus_3119326,host_178895): 0 -> 1
Cell (virus_3119326,host_608708): 0 -> 1
Cell (virus_3119326,host_59477): 0 -> 1
Cell (virus_3119326,host_166054): 0 -> 1
Cell (virus_3119326,host_385575): 0 -> 1
Cell (virus_3119326,host_9402): 0 -> 1
Cell (virus_3119326,host_9403): 0 -> 1
Cell (virus_3119326,host_2853157): 0 -> 1
Cell (virus_3119326,host_77243): 0 -> 1
Cell (virus_3119326,host_58073): 0 -> 1
Cell (virus_3119326,host_1898393): 0 -> 1
Cell (virus_3119326,host_58083): 0 -> 1
Cell (virus_3119326,host_77223): 0 -> 1
Cell (virus_3119326,host_58063): 0 -> 1
Cell (virus_3119326,host_77214): 0 -> 1
Cell (virus_3119326,host_1898386): 0 -> 1
Cell (virus_3119326,host_298110): 0 -> 1
Cell (virus_3119326,host_374419): 0 -> 1
Cell (virus_3119326,host_326081): 0 -> 1
Cell (virus_3119326,host_326151): 0 -> 1
Cell (virus_3119326,host_148094): 0 -> 1
Cell (virus_3119326,host_574064): 0 -> 1
Cell (virus_3119326,host_9423): 0 -> 1
Cell (virus_3119326,host_291302): 0 -> 1
Cell (virus_3119326,host_27622): 0 -> 1
Cell (virus_3119326,host_3041509): 0 -> 1
Cell (virus_3119326,host_2218597): 0 -> 1
Cell (virus_3119326,host_258867): 0 -> 1
Cell (virus_3119326,host_242384): 0 -> 1
Cell (virus_3119326,host_258863): 0 -> 1
Cell (virus_3119326,host_9438): 0 -> 1
Cell (virus_3119326,host_249033): 0 -> 1
Cell (virus_3119326,host_59474): 0 -> 1
Cell (virus_3119326,host_999321): 0 -> 1
Cell (virus_3119326,host_867834): 0 -> 1
Cell (virus_3119326,host_258889): 0 -> 1
Cell (virus_3119326,host_2491053): 0 -> 1
Cell (virus_3119326,host_110938): 0 -> 1
Cell (virus_3119326,host_258944): 0 -> 1
Cell (virus_3119326,host_59485): 0 -> 1
Cell (virus_3433752,host_105295): 0 -> 1
Cell (virus_3433752,host_51300): 0 -> 1
Cell (virus_3433752,host_294653): 0 -> 1
Cell (virus_3433752,host_59473): 0 -> 1
Cell (virus_3433752,host_3380546): 0 -> 1
Cell (virus_3433752,host_9435): 0 -> 1
Cell (virus_3433752,host_257882): 0 -> 1
Cell (virus_3433752,host_109480): 0 -> 1
Cell (virus_3433752,host_160974): 0 -> 1
Cell (virus_3433752,host_519446): 0 -> 1
Cell (virus_3433752,host_412095): 0 -> 1
Cell (virus_3433752,host_452654): 0 -> 1
Cell (virus_3433752,host_385037): 0 -> 1
Cell (virus_3433752,host_155035): 0 -> 1
Cell (virus_3433752,host_633648): 0 -> 1
Cell (virus_3433752,host_258925): 0 -> 1
Cell (virus_3433752,host_177185): 0 -> 1
Cell (virus_3433752,host_187017): 0 -> 1
Cell (virus_3433752,host_159858): 0 -> 1
Cell (virus_3433752,host_169756): 0 -> 1
Cell (virus_3433752,host_188570): 0 -> 1
Cell (virus_3433752,host_178895): 0 -> 1
Cell (virus_3433752,host_608708): 0 -> 1
Cell (virus_3433752,host_59477): 0 -> 1
Cell (virus_3433752,host_166054): 0 -> 1
Cell (virus_3433752,host_385575): 0 -> 1
Cell (virus_3433752,host_9402): 0 -> 1
Cell (virus_3433752,host_9403): 0 -> 1
Cell (virus_3433752,host_2853157): 0 -> 1
Cell (virus_3433752,host_77243): 0 -> 1
Cell (virus_3433752,host_58073): 0 -> 1
Cell (virus_3433752,host_1898393): 0 -> 1
Cell (virus_3433752,host_58083): 0 -> 1
Cell (virus_3433752,host_77223): 0 -> 1
Cell (virus_3433752,host_58063): 0 -> 1
Cell (virus_3433752,host_77214): 0 -> 1
Cell (virus_3433752,host_1898386): 0 -> 1
Cell (virus_3433752,host_298110): 0 -> 1
Cell (virus_3433752,host_374419): 0 -> 1
Cell (virus_3433752,host_326081): 0 -> 1
Cell (virus_3433752,host_326151): 0 -> 1
Cell (virus_3433752,host_148094): 0 -> 1
Cell (virus_3433752,host_574064): 0 -> 1
Cell (virus_3433752,host_9423): 0 -> 1
Cell (virus_3433752,host_291302): 0 -> 1
Cell (virus_3433752,host_27622): 0 -> 1
Cell (virus_3433752,host_3041509): 0 -> 1
Cell (virus_3433752,host_2218597): 0 -> 1
Cell (virus_3433752,host_258867): 0 -> 1
Cell (virus_3433752,host_242384): 0 -> 1
Cell (virus_3433752,host_258863): 0 -> 1
Cell (virus_3433752,host_9438): 0 -> 1
Cell (virus_3433752,host_249033): 0 -> 1
Cell (virus_3433752,host_59474): 0 -> 1
Cell (virus_3433752,host_999321): 0 -> 1
Cell (virus_3433752,host_867834): 0 -> 1
Cell (virus_3433752,host_258889): 0 -> 1
Cell (virus_3433752,host_2491053): 0 -> 1
Cell (virus_3433752,host_110938): 0 -> 1
Cell (virus_3433752,host_258944): 0 -> 1
Cell (virus_3433752,host_59485): 0 -> 1
Cell (virus_1906673,host_105295): 0 -> 1
Cell (virus_1906673,host_51300): 0 -> 1
Cell (virus_1906673,host_294653): 0 -> 1
Cell (virus_1906673,host_59473): 0 -> 1
Cell (virus_1906673,host_3380546): 0 -> 1
Cell (virus_1906673,host_9435): 0 -> 1
Cell (virus_1906673,host_257882): 0 -> 1
Cell (virus_1906673,host_109480): 0 -> 1
Cell (virus_1906673,host_160974): 0 -> 1
Cell (virus_1906673,host_519446): 0 -> 1
Cell (virus_1906673,host_412095): 0 -> 1
Cell (virus_1906673,host_452654): 0 -> 1
Cell (virus_1906673,host_385037): 0 -> 1
Cell (virus_1906673,host_155035): 0 -> 1
Cell (virus_1906673,host_633648): 0 -> 1
Cell (virus_1906673,host_258925): 0 -> 1
Cell (virus_1906673,host_177185): 0 -> 1
Cell (virus_1906673,host_187017): 0 -> 1
Cell (virus_1906673,host_169756): 0 -> 1
Cell (virus_1906673,host_188570): 0 -> 1
Cell (virus_1906673,host_178895): 0 -> 1
Cell (virus_1906673,host_608708): 0 -> 1
Cell (virus_1906673,host_59477): 0 -> 1
Cell (virus_1906673,host_166054): 0 -> 1
Cell (virus_1906673,host_385575): 0 -> 1
Cell (virus_1906673,host_9402): 0 -> 1
Cell (virus_1906673,host_9403): 0 -> 1
Cell (virus_1906673,host_2853157): 0 -> 1
Cell (virus_1906673,host_77243): 0 -> 1
Cell (virus_1906673,host_58073): 0 -> 1
Cell (virus_1906673,host_1898393): 0 -> 1
Cell (virus_1906673,host_58083): 0 -> 1
Cell (virus_1906673,host_77223): 0 -> 1
Cell (virus_1906673,host_58063): 0 -> 1
Cell (virus_1906673,host_77214): 0 -> 1
Cell (virus_1906673,host_1898386): 0 -> 1
Cell (virus_1906673,host_9400): 0 -> 1
Cell (virus_1906673,host_298110): 0 -> 1
Cell (virus_1906673,host_374419): 0 -> 1
Cell (virus_1906673,host_326081): 0 -> 1
Cell (virus_1906673,host_326151): 0 -> 1
Cell (virus_1906673,host_148094): 0 -> 1
Cell (virus_1906673,host_574064): 0 -> 1
Cell (virus_1906673,host_291302): 0 -> 1
Cell (virus_1906673,host_27622): 0 -> 1
Cell (virus_1906673,host_3041509): 0 -> 1
Cell (virus_1906673,host_2218597): 0 -> 1
Cell (virus_1906673,host_258867): 0 -> 1
Cell (virus_1906673,host_242384): 0 -> 1
Cell (virus_1906673,host_258863): 0 -> 1
Cell (virus_1906673,host_9438): 0 -> 1
Cell (virus_1906673,host_249033): 0 -> 1
Cell (virus_1906673,host_59474): 0 -> 1
Cell (virus_1906673,host_999321): 0 -> 1
Cell (virus_1906673,host_867834): 0 -> 1
Cell (virus_1906673,host_258889): 0 -> 1
Cell (virus_1906673,host_2491053): 0 -> 1
Cell (virus_1906673,host_110938): 0 -> 1
Cell (virus_1906673,host_258944): 0 -> 1
Cell (virus_1906673,host_526822): 0 -> 1
Cell (virus_1906673,host_59485): 0 -> 1
Cell (virus_3433785,host_105295): 0 -> 1
Cell (virus_3433785,host_51300): 0 -> 1
Cell (virus_3433785,host_294653): 0 -> 1
Cell (virus_3433785,host_59473): 0 -> 1
Cell (virus_3433785,host_3380546): 0 -> 1
Cell (virus_3433785,host_9435): 0 -> 1
Cell (virus_3433785,host_257882): 0 -> 1
Cell (virus_3433785,host_109480): 0 -> 1
Cell (virus_3433785,host_160974): 0 -> 1
Cell (virus_3433785,host_519446): 0 -> 1
Cell (virus_3433785,host_412095): 0 -> 1
Cell (virus_3433785,host_452654): 0 -> 1
Cell (virus_3433785,host_385037): 0 -> 1
Cell (virus_3433785,host_155035): 0 -> 1
Cell (virus_3433785,host_633648): 0 -> 1
Cell (virus_3433785,host_258925): 0 -> 1
Cell (virus_3433785,host_177185): 0 -> 1
Cell (virus_3433785,host_187017): 0 -> 1
Cell (virus_3433785,host_169756): 0 -> 1
Cell (virus_3433785,host_188570): 0 -> 1
Cell (virus_3433785,host_178895): 0 -> 1
Cell (virus_3433785,host_608708): 0 -> 1
Cell (virus_3433785,host_59477): 0 -> 1
Cell (virus_3433785,host_166054): 0 -> 1
Cell (virus_3433785,host_385575): 0 -> 1
Cell (virus_3433785,host_9402): 0 -> 1
Cell (virus_3433785,host_9403): 0 -> 1
Cell (virus_3433785,host_2853157): 0 -> 1
Cell (virus_3433785,host_77243): 0 -> 1
Cell (virus_3433785,host_58073): 0 -> 1
Cell (virus_3433785,host_1898393): 0 -> 1
Cell (virus_3433785,host_58083): 0 -> 1
Cell (virus_3433785,host_77223): 0 -> 1
Cell (virus_3433785,host_58063): 0 -> 1
Cell (virus_3433785,host_77214): 0 -> 1
Cell (virus_3433785,host_1898386): 0 -> 1
Cell (virus_3433785,host_9400): 0 -> 1
Cell (virus_3433785,host_298110): 0 -> 1
Cell (virus_3433785,host_374419): 0 -> 1
Cell (virus_3433785,host_326081): 0 -> 1
Cell (virus_3433785,host_326151): 0 -> 1
Cell (virus_3433785,host_148094): 0 -> 1
Cell (virus_3433785,host_574064): 0 -> 1
Cell (virus_3433785,host_291302): 0 -> 1
Cell (virus_3433785,host_27622): 0 -> 1
Cell (virus_3433785,host_3041509): 0 -> 1
Cell (virus_3433785,host_2218597): 0 -> 1
Cell (virus_3433785,host_258867): 0 -> 1
Cell (virus_3433785,host_242384): 0 -> 1
Cell (virus_3433785,host_258863): 0 -> 1
Cell (virus_3433785,host_9438): 0 -> 1
Cell (virus_3433785,host_249033): 0 -> 1
Cell (virus_3433785,host_59474): 0 -> 1
Cell (virus_3433785,host_999321): 0 -> 1
Cell (virus_3433785,host_867834): 0 -> 1
Cell (virus_3433785,host_258889): 0 -> 1
Cell (virus_3433785,host_2491053): 0 -> 1
Cell (virus_3433785,host_110938): 0 -> 1
Cell (virus_3433785,host_258944): 0 -> 1
Cell (virus_3433785,host_526822): 0 -> 1
Cell (virus_3433785,host_59485): 0 -> 1
Cell (virus_2971263,host_105295): 0 -> 1
Cell (virus_2971263,host_375553): 0 -> 1
Cell (virus_2971263,host_51300): 0 -> 1
Cell (virus_2971263,host_294653): 0 -> 1
Cell (virus_2971263,host_59473): 0 -> 1
Cell (virus_2971263,host_3380546): 0 -> 1
Cell (virus_2971263,host_9435): 0 -> 1
Cell (virus_2971263,host_257882): 0 -> 1
Cell (virus_2971263,host_109480): 0 -> 1
Cell (virus_2971263,host_160974): 0 -> 1
Cell (virus_2971263,host_519446): 0 -> 1
Cell (virus_2971263,host_412095): 0 -> 1
Cell (virus_2971263,host_452654): 0 -> 1
Cell (virus_2971263,host_385037): 0 -> 1
Cell (virus_2971263,host_155035): 0 -> 1
Cell (virus_2971263,host_633648): 0 -> 1
Cell (virus_2971263,host_258925): 0 -> 1
Cell (virus_2971263,host_177185): 0 -> 1
Cell (virus_2971263,host_187017): 0 -> 1
Cell (virus_2971263,host_685731): 0 -> 1
Cell (virus_2971263,host_169756): 0 -> 1
Cell (virus_2971263,host_188570): 0 -> 1
Cell (virus_2971263,host_178895): 0 -> 1
Cell (virus_2971263,host_608708): 0 -> 1
Cell (virus_2971263,host_59477): 0 -> 1
Cell (virus_2971263,host_166054): 0 -> 1
Cell (virus_2971263,host_385575): 0 -> 1
Cell (virus_2971263,host_9403): 0 -> 1
Cell (virus_2971263,host_77243): 0 -> 1
Cell (virus_2971263,host_58073): 0 -> 1
Cell (virus_2971263,host_1898393): 0 -> 1
Cell (virus_2971263,host_58083): 0 -> 1
Cell (virus_2971263,host_77223): 0 -> 1
Cell (virus_2971263,host_58063): 0 -> 1
Cell (virus_2971263,host_77214): 0 -> 1
Cell (virus_2971263,host_1898386): 0 -> 1
Cell (virus_2971263,host_298110): 0 -> 1
Cell (virus_2971263,host_374419): 0 -> 1
Cell (virus_2971263,host_326081): 0 -> 1
Cell (virus_2971263,host_326151): 0 -> 1
Cell (virus_2971263,host_148094): 0 -> 1
Cell (virus_2971263,host_574064): 0 -> 1
Cell (virus_2971263,host_291302): 0 -> 1
Cell (virus_2971263,host_27622): 0 -> 1
Cell (virus_2971263,host_3041509): 0 -> 1
Cell (virus_2971263,host_2218597): 0 -> 1
Cell (virus_2971263,host_258867): 0 -> 1
Cell (virus_2971263,host_242384): 0 -> 1
Cell (virus_2971263,host_258863): 0 -> 1
Cell (virus_2971263,host_9438): 0 -> 1
Cell (virus_2971263,host_249033): 0 -> 1
Cell (virus_2971263,host_59474): 0 -> 1
Cell (virus_2971263,host_999321): 0 -> 1
Cell (virus_2971263,host_867834): 0 -> 1
Cell (virus_2971263,host_258889): 0 -> 1
Cell (virus_2971263,host_2491053): 0 -> 1
Cell (virus_2971263,host_110938): 0 -> 1
Cell (virus_2971263,host_258944): 0 -> 1
Cell (virus_2971263,host_526822): 0 -> 1
Cell (virus_2971263,host_59485): 0 -> 1
Cell (virus_3433786,host_105295): 0 -> 1
Cell (virus_3433786,host_375553): 0 -> 1
Cell (virus_3433786,host_51300): 0 -> 1
Cell (virus_3433786,host_294653): 0 -> 1
Cell (virus_3433786,host_59473): 0 -> 1
Cell (virus_3433786,host_3380546): 0 -> 1
Cell (virus_3433786,host_9435): 0 -> 1
Cell (virus_3433786,host_257882): 0 -> 1
Cell (virus_3433786,host_109480): 0 -> 1
Cell (virus_3433786,host_160974): 0 -> 1
Cell (virus_3433786,host_519446): 0 -> 1
Cell (virus_3433786,host_412095): 0 -> 1
Cell (virus_3433786,host_452654): 0 -> 1
Cell (virus_3433786,host_385037): 0 -> 1
Cell (virus_3433786,host_155035): 0 -> 1
Cell (virus_3433786,host_633648): 0 -> 1
Cell (virus_3433786,host_258925): 0 -> 1
Cell (virus_3433786,host_177185): 0 -> 1
Cell (virus_3433786,host_187017): 0 -> 1
Cell (virus_3433786,host_685731): 0 -> 1
Cell (virus_3433786,host_169756): 0 -> 1
Cell (virus_3433786,host_188570): 0 -> 1
Cell (virus_3433786,host_178895): 0 -> 1
Cell (virus_3433786,host_608708): 0 -> 1
Cell (virus_3433786,host_59477): 0 -> 1
Cell (virus_3433786,host_166054): 0 -> 1
Cell (virus_3433786,host_385575): 0 -> 1
Cell (virus_3433786,host_9403): 0 -> 1
Cell (virus_3433786,host_77243): 0 -> 1
Cell (virus_3433786,host_58073): 0 -> 1
Cell (virus_3433786,host_1898393): 0 -> 1
Cell (virus_3433786,host_58083): 0 -> 1
Cell (virus_3433786,host_77223): 0 -> 1
Cell (virus_3433786,host_58063): 0 -> 1
Cell (virus_3433786,host_77214): 0 -> 1
Cell (virus_3433786,host_1898386): 0 -> 1
Cell (virus_3433786,host_298110): 0 -> 1
Cell (virus_3433786,host_374419): 0 -> 1
Cell (virus_3433786,host_326081): 0 -> 1
Cell (virus_3433786,host_326151): 0 -> 1
Cell (virus_3433786,host_148094): 0 -> 1
Cell (virus_3433786,host_574064): 0 -> 1
Cell (virus_3433786,host_291302): 0 -> 1
Cell (virus_3433786,host_27622): 0 -> 1
Cell (virus_3433786,host_3041509): 0 -> 1
Cell (virus_3433786,host_2218597): 0 -> 1
Cell (virus_3433786,host_258867): 0 -> 1
Cell (virus_3433786,host_242384): 0 -> 1
Cell (virus_3433786,host_258863): 0 -> 1
Cell (virus_3433786,host_9438): 0 -> 1
Cell (virus_3433786,host_249033): 0 -> 1
Cell (virus_3433786,host_59474): 0 -> 1
Cell (virus_3433786,host_999321): 0 -> 1
Cell (virus_3433786,host_867834): 0 -> 1
Cell (virus_3433786,host_258889): 0 -> 1
Cell (virus_3433786,host_2491053): 0 -> 1
Cell (virus_3433786,host_110938): 0 -> 1
Cell (virus_3433786,host_258944): 0 -> 1
Cell (virus_3433786,host_526822): 0 -> 1
Cell (virus_3433786,host_59485): 0 -> 1
Cell (virus_2989482,host_105295): 0 -> 1
Cell (virus_2989482,host_375553): 0 -> 1
Cell (virus_2989482,host_51300): 0 -> 1
Cell (virus_2989482,host_294653): 0 -> 1
Cell (virus_2989482,host_59473): 0 -> 1
Cell (virus_2989482,host_3380546): 0 -> 1
Cell (virus_2989482,host_9435): 0 -> 1
Cell (virus_2989482,host_257882): 0 -> 1
Cell (virus_2989482,host_109480): 0 -> 1
Cell (virus_2989482,host_160974): 0 -> 1
Cell (virus_2989482,host_519446): 0 -> 1
Cell (virus_2989482,host_412095): 0 -> 1
Cell (virus_2989482,host_452654): 0 -> 1
Cell (virus_2989482,host_385037): 0 -> 1
Cell (virus_2989482,host_155035): 0 -> 1
Cell (virus_2989482,host_633648): 0 -> 1
Cell (virus_2989482,host_258925): 0 -> 1
Cell (virus_2989482,host_177185): 0 -> 1
Cell (virus_2989482,host_187017): 0 -> 1
Cell (virus_2989482,host_685731): 0 -> 1
Cell (virus_2989482,host_169756): 0 -> 1
Cell (virus_2989482,host_188570): 0 -> 1
Cell (virus_2989482,host_178895): 0 -> 1
Cell (virus_2989482,host_608708): 0 -> 1
Cell (virus_2989482,host_59477): 0 -> 1
Cell (virus_2989482,host_166054): 0 -> 1
Cell (virus_2989482,host_385575): 0 -> 1
Cell (virus_2989482,host_9403): 0 -> 1
Cell (virus_2989482,host_77243): 0 -> 1
Cell (virus_2989482,host_58073): 0 -> 1
Cell (virus_2989482,host_1898393): 0 -> 1
Cell (virus_2989482,host_58083): 0 -> 1
Cell (virus_2989482,host_77223): 0 -> 1
Cell (virus_2989482,host_58063): 0 -> 1
Cell (virus_2989482,host_77214): 0 -> 1
Cell (virus_2989482,host_1898386): 0 -> 1
Cell (virus_2989482,host_298110): 0 -> 1
Cell (virus_2989482,host_374419): 0 -> 1
Cell (virus_2989482,host_326081): 0 -> 1
Cell (virus_2989482,host_326151): 0 -> 1
Cell (virus_2989482,host_148094): 0 -> 1
Cell (virus_2989482,host_574064): 0 -> 1
Cell (virus_2989482,host_291302): 0 -> 1
Cell (virus_2989482,host_27622): 0 -> 1
Cell (virus_2989482,host_3041509): 0 -> 1
Cell (virus_2989482,host_2218597): 0 -> 1
Cell (virus_2989482,host_258867): 0 -> 1
Cell (virus_2989482,host_242384): 0 -> 1
Cell (virus_2989482,host_258863): 0 -> 1
Cell (virus_2989482,host_9438): 0 -> 1
Cell (virus_2989482,host_249033): 0 -> 1
Cell (virus_2989482,host_59474): 0 -> 1
Cell (virus_2989482,host_999321): 0 -> 1
Cell (virus_2989482,host_867834): 0 -> 1
Cell (virus_2989482,host_258889): 0 -> 1
Cell (virus_2989482,host_2491053): 0 -> 1
Cell (virus_2989482,host_110938): 0 -> 1
Cell (virus_2989482,host_258944): 0 -> 1
Cell (virus_2989482,host_526822): 0 -> 1
Cell (virus_2989482,host_59485): 0 -> 1
Cell (virus_3433784,host_105295): 0 -> 1
Cell (virus_3433784,host_51300): 0 -> 1
Cell (virus_3433784,host_294653): 0 -> 1
Cell (virus_3433784,host_59473): 0 -> 1
Cell (virus_3433784,host_3380546): 0 -> 1
Cell (virus_3433784,host_9435): 0 -> 1
Cell (virus_3433784,host_257882): 0 -> 1
Cell (virus_3433784,host_109480): 0 -> 1
Cell (virus_3433784,host_160974): 0 -> 1
Cell (virus_3433784,host_519446): 0 -> 1
Cell (virus_3433784,host_412095): 0 -> 1
Cell (virus_3433784,host_452654): 0 -> 1
Cell (virus_3433784,host_155915): 0 -> 1
Cell (virus_3433784,host_385037): 0 -> 1
Cell (virus_3433784,host_155035): 0 -> 1
Cell (virus_3433784,host_633648): 0 -> 1
Cell (virus_3433784,host_258925): 0 -> 1
Cell (virus_3433784,host_177185): 0 -> 1
Cell (virus_3433784,host_187017): 0 -> 1
Cell (virus_3433784,host_169756): 0 -> 1
Cell (virus_3433784,host_188570): 0 -> 1
Cell (virus_3433784,host_178895): 0 -> 1
Cell (virus_3433784,host_608708): 0 -> 1
Cell (virus_3433784,host_59477): 0 -> 1
Cell (virus_3433784,host_166054): 0 -> 1
Cell (virus_3433784,host_385575): 0 -> 1
Cell (virus_3433784,host_9402): 0 -> 1
Cell (virus_3433784,host_9403): 0 -> 1
Cell (virus_3433784,host_2853157): 0 -> 1
Cell (virus_3433784,host_77243): 0 -> 1
Cell (virus_3433784,host_58073): 0 -> 1
Cell (virus_3433784,host_1898393): 0 -> 1
Cell (virus_3433784,host_58083): 0 -> 1
Cell (virus_3433784,host_77223): 0 -> 1
Cell (virus_3433784,host_58063): 0 -> 1
Cell (virus_3433784,host_77214): 0 -> 1
Cell (virus_3433784,host_1898386): 0 -> 1
Cell (virus_3433784,host_298110): 0 -> 1
Cell (virus_3433784,host_374419): 0 -> 1
Cell (virus_3433784,host_326081): 0 -> 1
Cell (virus_3433784,host_326151): 0 -> 1
Cell (virus_3433784,host_148094): 0 -> 1
Cell (virus_3433784,host_574064): 0 -> 1
Cell (virus_3433784,host_291302): 0 -> 1
Cell (virus_3433784,host_27622): 0 -> 1
Cell (virus_3433784,host_3041509): 0 -> 1
Cell (virus_3433784,host_2218597): 0 -> 1
Cell (virus_3433784,host_258867): 0 -> 1
Cell (virus_3433784,host_242384): 0 -> 1
Cell (virus_3433784,host_258863): 0 -> 1
Cell (virus_3433784,host_9438): 0 -> 1
Cell (virus_3433784,host_249033): 0 -> 1
Cell (virus_3433784,host_59474): 0 -> 1
Cell (virus_3433784,host_999321): 0 -> 1
Cell (virus_3433784,host_867834): 0 -> 1
Cell (virus_3433784,host_258889): 0 -> 1
Cell (virus_3433784,host_2491053): 0 -> 1
Cell (virus_3433784,host_110938): 0 -> 1
Cell (virus_3433784,host_258944): 0 -> 1
Cell (virus_3433784,host_526822): 0 -> 1
Cell (virus_3433784,host_59485): 0 -> 1
Cell (virus_2691588,host_105295): 0 -> 1
Cell (virus_2691588,host_51300): 0 -> 1
Cell (virus_2691588,host_294653): 0 -> 1
Cell (virus_2691588,host_59473): 0 -> 1
Cell (virus_2691588,host_3380546): 0 -> 1
Cell (virus_2691588,host_9435): 0 -> 1
Cell (virus_2691588,host_257882): 0 -> 1
Cell (virus_2691588,host_109480): 0 -> 1
Cell (virus_2691588,host_160974): 0 -> 1
Cell (virus_2691588,host_519446): 0 -> 1
Cell (virus_2691588,host_412095): 0 -> 1
Cell (virus_2691588,host_385037): 0 -> 1
Cell (virus_2691588,host_155035): 0 -> 1
Cell (virus_2691588,host_633648): 0 -> 1
Cell (virus_2691588,host_258925): 0 -> 1
Cell (virus_2691588,host_177185): 0 -> 1
Cell (virus_2691588,host_187017): 0 -> 1
Cell (virus_2691588,host_159858): 0 -> 1
Cell (virus_2691588,host_376555): 0 -> 1
Cell (virus_2691588,host_169756): 0 -> 1
Cell (virus_2691588,host_188570): 0 -> 1
Cell (virus_2691588,host_178895): 0 -> 1
Cell (virus_2691588,host_608708): 0 -> 1
Cell (virus_2691588,host_59477): 0 -> 1
Cell (virus_2691588,host_166054): 0 -> 1
Cell (virus_2691588,host_385575): 0 -> 1
Cell (virus_2691588,host_9402): 0 -> 1
Cell (virus_2691588,host_9403): 0 -> 1
Cell (virus_2691588,host_2853157): 0 -> 1
Cell (virus_2691588,host_77243): 0 -> 1
Cell (virus_2691588,host_58073): 0 -> 1
Cell (virus_2691588,host_58083): 0 -> 1
Cell (virus_2691588,host_77223): 0 -> 1
Cell (virus_2691588,host_9408): 0 -> 1
Cell (virus_2691588,host_58063): 0 -> 1
Cell (virus_2691588,host_77214): 0 -> 1
Cell (virus_2691588,host_1898386): 0 -> 1
Cell (virus_2691588,host_298110): 0 -> 1
Cell (virus_2691588,host_374419): 0 -> 1
Cell (virus_2691588,host_326081): 0 -> 1
Cell (virus_2691588,host_326151): 0 -> 1
Cell (virus_2691588,host_148094): 0 -> 1
Cell (virus_2691588,host_574064): 0 -> 1
Cell (virus_2691588,host_89673): 0 -> 1
Cell (virus_2691588,host_3042450): 0 -> 1
Cell (virus_2691588,host_59472): 0 -> 1
Cell (virus_2691588,host_291302): 0 -> 1
Cell (virus_2691588,host_27622): 0 -> 1
Cell (virus_2691588,host_3041509): 0 -> 1
Cell (virus_2691588,host_2218597): 0 -> 1
Cell (virus_2691588,host_258867): 0 -> 1
Cell (virus_2691588,host_242384): 0 -> 1
Cell (virus_2691588,host_258863): 0 -> 1
Cell (virus_2691588,host_9438): 0 -> 1
Cell (virus_2691588,host_249033): 0 -> 1
Cell (virus_2691588,host_59474): 0 -> 1
Cell (virus_2691588,host_999321): 0 -> 1
Cell (virus_2691588,host_867834): 0 -> 1
Cell (virus_2691588,host_258889): 0 -> 1
Cell (virus_2691588,host_2491053): 0 -> 1
Cell (virus_2691588,host_110938): 0 -> 1
Cell (virus_2691588,host_258944): 0 -> 1
Cell (virus_2691588,host_59485): 0 -> 1
Cell (virus_3433780,host_105295): 0 -> 1
Cell (virus_3433780,host_51300): 0 -> 1
Cell (virus_3433780,host_294653): 0 -> 1
Cell (virus_3433780,host_59473): 0 -> 1
Cell (virus_3433780,host_3380546): 0 -> 1
Cell (virus_3433780,host_9435): 0 -> 1
Cell (virus_3433780,host_257882): 0 -> 1
Cell (virus_3433780,host_109480): 0 -> 1
Cell (virus_3433780,host_160974): 0 -> 1
Cell (virus_3433780,host_519446): 0 -> 1
Cell (virus_3433780,host_412095): 0 -> 1
Cell (virus_3433780,host_385037): 0 -> 1
Cell (virus_3433780,host_155035): 0 -> 1
Cell (virus_3433780,host_633648): 0 -> 1
Cell (virus_3433780,host_258925): 0 -> 1
Cell (virus_3433780,host_177185): 0 -> 1
Cell (virus_3433780,host_187017): 0 -> 1
Cell (virus_3433780,host_159858): 0 -> 1
Cell (virus_3433780,host_376555): 0 -> 1
Cell (virus_3433780,host_169756): 0 -> 1
Cell (virus_3433780,host_188570): 0 -> 1
Cell (virus_3433780,host_178895): 0 -> 1
Cell (virus_3433780,host_608708): 0 -> 1
Cell (virus_3433780,host_59477): 0 -> 1
Cell (virus_3433780,host_166054): 0 -> 1
Cell (virus_3433780,host_385575): 0 -> 1
Cell (virus_3433780,host_9402): 0 -> 1
Cell (virus_3433780,host_9403): 0 -> 1
Cell (virus_3433780,host_2853157): 0 -> 1
Cell (virus_3433780,host_77243): 0 -> 1
Cell (virus_3433780,host_58073): 0 -> 1
Cell (virus_3433780,host_58083): 0 -> 1
Cell (virus_3433780,host_77223): 0 -> 1
Cell (virus_3433780,host_9408): 0 -> 1
Cell (virus_3433780,host_58063): 0 -> 1
Cell (virus_3433780,host_77214): 0 -> 1
Cell (virus_3433780,host_1898386): 0 -> 1
Cell (virus_3433780,host_298110): 0 -> 1
Cell (virus_3433780,host_374419): 0 -> 1
Cell (virus_3433780,host_326081): 0 -> 1
Cell (virus_3433780,host_326151): 0 -> 1
Cell (virus_3433780,host_148094): 0 -> 1
Cell (virus_3433780,host_574064): 0 -> 1
Cell (virus_3433780,host_89673): 0 -> 1
Cell (virus_3433780,host_3042450): 0 -> 1
Cell (virus_3433780,host_59472): 0 -> 1
Cell (virus_3433780,host_291302): 0 -> 1
Cell (virus_3433780,host_27622): 0 -> 1
Cell (virus_3433780,host_3041509): 0 -> 1
Cell (virus_3433780,host_2218597): 0 -> 1
Cell (virus_3433780,host_258867): 0 -> 1
Cell (virus_3433780,host_242384): 0 -> 1
Cell (virus_3433780,host_258863): 0 -> 1
Cell (virus_3433780,host_9438): 0 -> 1
Cell (virus_3433780,host_249033): 0 -> 1
Cell (virus_3433780,host_59474): 0 -> 1
Cell (virus_3433780,host_999321): 0 -> 1
Cell (virus_3433780,host_867834): 0 -> 1
Cell (virus_3433780,host_258889): 0 -> 1
Cell (virus_3433780,host_2491053): 0 -> 1
Cell (virus_3433780,host_110938): 0 -> 1
Cell (virus_3433780,host_258944): 0 -> 1
Cell (virus_3433780,host_59485): 0 -> 1
Cell (virus_694000,host_105295): 0 -> 1
Cell (virus_694000,host_51300): 0 -> 1
Cell (virus_694000,host_294653): 0 -> 1
Cell (virus_694000,host_59473): 0 -> 1
Cell (virus_694000,host_3380546): 0 -> 1
Cell (virus_694000,host_9435): 0 -> 1
Cell (virus_694000,host_257882): 0 -> 1
Cell (virus_694000,host_109480): 0 -> 1
Cell (virus_694000,host_160974): 0 -> 1
Cell (virus_694000,host_519446): 0 -> 1
Cell (virus_694000,host_412095): 0 -> 1
Cell (virus_694000,host_385037): 0 -> 1
Cell (virus_694000,host_155035): 0 -> 1
Cell (virus_694000,host_633648): 0 -> 1
Cell (virus_694000,host_258925): 0 -> 1
Cell (virus_694000,host_177185): 0 -> 1
Cell (virus_694000,host_187017): 0 -> 1
Cell (virus_694000,host_159858): 0 -> 1
Cell (virus_694000,host_376555): 0 -> 1
Cell (virus_694000,host_169756): 0 -> 1
Cell (virus_694000,host_188570): 0 -> 1
Cell (virus_694000,host_178895): 0 -> 1
Cell (virus_694000,host_608708): 0 -> 1
Cell (virus_694000,host_59477): 0 -> 1
Cell (virus_694000,host_166054): 0 -> 1
Cell (virus_694000,host_385575): 0 -> 1
Cell (virus_694000,host_9402): 0 -> 1
Cell (virus_694000,host_9403): 0 -> 1
Cell (virus_694000,host_2853157): 0 -> 1
Cell (virus_694000,host_77243): 0 -> 1
Cell (virus_694000,host_58073): 0 -> 1
Cell (virus_694000,host_58083): 0 -> 1
Cell (virus_694000,host_77223): 0 -> 1
Cell (virus_694000,host_9408): 0 -> 1
Cell (virus_694000,host_58063): 0 -> 1
Cell (virus_694000,host_77214): 0 -> 1
Cell (virus_694000,host_1898386): 0 -> 1
Cell (virus_694000,host_298110): 0 -> 1
Cell (virus_694000,host_374419): 0 -> 1
Cell (virus_694000,host_326081): 0 -> 1
Cell (virus_694000,host_326151): 0 -> 1
Cell (virus_694000,host_148094): 0 -> 1
Cell (virus_694000,host_574064): 0 -> 1
Cell (virus_694000,host_89673): 0 -> 1
Cell (virus_694000,host_3042450): 0 -> 1
Cell (virus_694000,host_59472): 0 -> 1
Cell (virus_694000,host_291302): 0 -> 1
Cell (virus_694000,host_27622): 0 -> 1
Cell (virus_694000,host_3041509): 0 -> 1
Cell (virus_694000,host_2218597): 0 -> 1
Cell (virus_694000,host_258867): 0 -> 1
Cell (virus_694000,host_242384): 0 -> 1
Cell (virus_694000,host_258863): 0 -> 1
Cell (virus_694000,host_9438): 0 -> 1
Cell (virus_694000,host_249033): 0 -> 1
Cell (virus_694000,host_59474): 0 -> 1
Cell (virus_694000,host_999321): 0 -> 1
Cell (virus_694000,host_867834): 0 -> 1
Cell (virus_694000,host_258889): 0 -> 1
Cell (virus_694000,host_2491053): 0 -> 1
Cell (virus_694000,host_110938): 0 -> 1
Cell (virus_694000,host_258944): 0 -> 1
Cell (virus_694000,host_59485): 0 -> 1
Cell (virus_3119327,host_105295): 0 -> 1
Cell (virus_3119327,host_51300): 0 -> 1
Cell (virus_3119327,host_294653): 0 -> 1
Cell (virus_3119327,host_59473): 0 -> 1
Cell (virus_3119327,host_3380546): 0 -> 1
Cell (virus_3119327,host_9435): 0 -> 1
Cell (virus_3119327,host_257882): 0 -> 1
Cell (virus_3119327,host_109480): 0 -> 1
Cell (virus_3119327,host_160974): 0 -> 1
Cell (virus_3119327,host_519446): 0 -> 1
Cell (virus_3119327,host_412095): 0 -> 1
Cell (virus_3119327,host_452654): 0 -> 1
Cell (virus_3119327,host_385037): 0 -> 1
Cell (virus_3119327,host_155035): 0 -> 1
Cell (virus_3119327,host_633648): 0 -> 1
Cell (virus_3119327,host_258925): 0 -> 1
Cell (virus_3119327,host_177185): 0 -> 1
Cell (virus_3119327,host_187017): 0 -> 1
Cell (virus_3119327,host_159858): 0 -> 1
Cell (virus_3119327,host_376555): 0 -> 1
Cell (virus_3119327,host_169756): 0 -> 1
Cell (virus_3119327,host_188570): 0 -> 1
Cell (virus_3119327,host_178895): 0 -> 1
Cell (virus_3119327,host_608708): 0 -> 1
Cell (virus_3119327,host_59477): 0 -> 1
Cell (virus_3119327,host_166054): 0 -> 1
Cell (virus_3119327,host_385575): 0 -> 1
Cell (virus_3119327,host_9402): 0 -> 1
Cell (virus_3119327,host_9403): 0 -> 1
Cell (virus_3119327,host_2853157): 0 -> 1
Cell (virus_3119327,host_77243): 0 -> 1
Cell (virus_3119327,host_58073): 0 -> 1
Cell (virus_3119327,host_58083): 0 -> 1
Cell (virus_3119327,host_77223): 0 -> 1
Cell (virus_3119327,host_9408): 0 -> 1
Cell (virus_3119327,host_58063): 0 -> 1
Cell (virus_3119327,host_77214): 0 -> 1
Cell (virus_3119327,host_1898386): 0 -> 1
Cell (virus_3119327,host_298110): 0 -> 1
Cell (virus_3119327,host_374419): 0 -> 1
Cell (virus_3119327,host_326081): 0 -> 1
Cell (virus_3119327,host_326151): 0 -> 1
Cell (virus_3119327,host_148094): 0 -> 1
Cell (virus_3119327,host_574064): 0 -> 1
Cell (virus_3119327,host_3042450): 0 -> 1
Cell (virus_3119327,host_59472): 0 -> 1
Cell (virus_3119327,host_291302): 0 -> 1
Cell (virus_3119327,host_27622): 0 -> 1
Cell (virus_3119327,host_3041509): 0 -> 1
Cell (virus_3119327,host_2218597): 0 -> 1
Cell (virus_3119327,host_258867): 0 -> 1
Cell (virus_3119327,host_242384): 0 -> 1
Cell (virus_3119327,host_258863): 0 -> 1
Cell (virus_3119327,host_9438): 0 -> 1
Cell (virus_3119327,host_249033): 0 -> 1
Cell (virus_3119327,host_59474): 0 -> 1
Cell (virus_3119327,host_999321): 0 -> 1
Cell (virus_3119327,host_867834): 0 -> 1
Cell (virus_3119327,host_258889): 0 -> 1
Cell (virus_3119327,host_2491053): 0 -> 1
Cell (virus_3119327,host_110938): 0 -> 1
Cell (virus_3119327,host_258944): 0 -> 1
Cell (virus_3119327,host_59485): 0 -> 1
Cell (virus_2809631,host_105295): 0 -> 1
Cell (virus_2809631,host_258946): 0 -> 1
Cell (virus_2809631,host_51300): 0 -> 1
Cell (virus_2809631,host_294653): 0 -> 1
Cell (virus_2809631,host_59473): 0 -> 1
Cell (virus_2809631,host_3380546): 0 -> 1
Cell (virus_2809631,host_9435): 0 -> 1
Cell (virus_2809631,host_257882): 0 -> 1
Cell (virus_2809631,host_109480): 0 -> 1
Cell (virus_2809631,host_160974): 0 -> 1
Cell (virus_2809631,host_519446): 0 -> 1
Cell (virus_2809631,host_412095): 0 -> 1
Cell (virus_2809631,host_452654): 0 -> 1
Cell (virus_2809631,host_385037): 0 -> 1
Cell (virus_2809631,host_155035): 0 -> 1
Cell (virus_2809631,host_633648): 0 -> 1
Cell (virus_2809631,host_258925): 0 -> 1
Cell (virus_2809631,host_177185): 0 -> 1
Cell (virus_2809631,host_187017): 0 -> 1
Cell (virus_2809631,host_159858): 0 -> 1
Cell (virus_2809631,host_169756): 0 -> 1
Cell (virus_2809631,host_188570): 0 -> 1
Cell (virus_2809631,host_178895): 0 -> 1
Cell (virus_2809631,host_608708): 0 -> 1
Cell (virus_2809631,host_59477): 0 -> 1
Cell (virus_2809631,host_166054): 0 -> 1
Cell (virus_2809631,host_385575): 0 -> 1
Cell (virus_2809631,host_9402): 0 -> 1
Cell (virus_2809631,host_9403): 0 -> 1
Cell (virus_2809631,host_2853157): 0 -> 1
Cell (virus_2809631,host_77243): 0 -> 1
Cell (virus_2809631,host_58073): 0 -> 1
Cell (virus_2809631,host_58083): 0 -> 1
Cell (virus_2809631,host_77223): 0 -> 1
Cell (virus_2809631,host_9408): 0 -> 1
Cell (virus_2809631,host_58063): 0 -> 1
Cell (virus_2809631,host_77214): 0 -> 1
Cell (virus_2809631,host_1898386): 0 -> 1
Cell (virus_2809631,host_298110): 0 -> 1
Cell (virus_2809631,host_374419): 0 -> 1
Cell (virus_2809631,host_326081): 0 -> 1
Cell (virus_2809631,host_326151): 0 -> 1
Cell (virus_2809631,host_148094): 0 -> 1
Cell (virus_2809631,host_27663): 0 -> 1
Cell (virus_2809631,host_574064): 0 -> 1
Cell (virus_2809631,host_3042450): 0 -> 1
Cell (virus_2809631,host_59472): 0 -> 1
Cell (virus_2809631,host_291302): 0 -> 1
Cell (virus_2809631,host_27622): 0 -> 1
Cell (virus_2809631,host_3041509): 0 -> 1
Cell (virus_2809631,host_2218597): 0 -> 1
Cell (virus_2809631,host_258867): 0 -> 1
Cell (virus_2809631,host_242384): 0 -> 1
Cell (virus_2809631,host_258863): 0 -> 1
Cell (virus_2809631,host_9438): 0 -> 1
Cell (virus_2809631,host_249033): 0 -> 1
Cell (virus_2809631,host_59474): 0 -> 1
Cell (virus_2809631,host_999321): 0 -> 1
Cell (virus_2809631,host_867834): 0 -> 1
Cell (virus_2809631,host_258889): 0 -> 1
Cell (virus_2809631,host_2491053): 0 -> 1
Cell (virus_2809631,host_110938): 0 -> 1
Cell (virus_2809631,host_258944): 0 -> 1
Cell (virus_2809631,host_59485): 0 -> 1
Cell (virus_3433779,host_105295): 0 -> 1
Cell (virus_3433779,host_258946): 0 -> 1
Cell (virus_3433779,host_51300): 0 -> 1
Cell (virus_3433779,host_294653): 0 -> 1
Cell (virus_3433779,host_59473): 0 -> 1
Cell (virus_3433779,host_3380546): 0 -> 1
Cell (virus_3433779,host_9435): 0 -> 1
Cell (virus_3433779,host_257882): 0 -> 1
Cell (virus_3433779,host_109480): 0 -> 1
Cell (virus_3433779,host_160974): 0 -> 1
Cell (virus_3433779,host_519446): 0 -> 1
Cell (virus_3433779,host_412095): 0 -> 1
Cell (virus_3433779,host_452654): 0 -> 1
Cell (virus_3433779,host_385037): 0 -> 1
Cell (virus_3433779,host_155035): 0 -> 1
Cell (virus_3433779,host_633648): 0 -> 1
Cell (virus_3433779,host_258925): 0 -> 1
Cell (virus_3433779,host_177185): 0 -> 1
Cell (virus_3433779,host_187017): 0 -> 1
Cell (virus_3433779,host_159858): 0 -> 1
Cell (virus_3433779,host_169756): 0 -> 1
Cell (virus_3433779,host_188570): 0 -> 1
Cell (virus_3433779,host_178895): 0 -> 1
Cell (virus_3433779,host_608708): 0 -> 1
Cell (virus_3433779,host_59477): 0 -> 1
Cell (virus_3433779,host_166054): 0 -> 1
Cell (virus_3433779,host_385575): 0 -> 1
Cell (virus_3433779,host_9402): 0 -> 1
Cell (virus_3433779,host_9403): 0 -> 1
Cell (virus_3433779,host_2853157): 0 -> 1
Cell (virus_3433779,host_77243): 0 -> 1
Cell (virus_3433779,host_58073): 0 -> 1
Cell (virus_3433779,host_58083): 0 -> 1
Cell (virus_3433779,host_77223): 0 -> 1
Cell (virus_3433779,host_9408): 0 -> 1
Cell (virus_3433779,host_58063): 0 -> 1
Cell (virus_3433779,host_77214): 0 -> 1
Cell (virus_3433779,host_1898386): 0 -> 1
Cell (virus_3433779,host_298110): 0 -> 1
Cell (virus_3433779,host_374419): 0 -> 1
Cell (virus_3433779,host_326081): 0 -> 1
Cell (virus_3433779,host_326151): 0 -> 1
Cell (virus_3433779,host_148094): 0 -> 1
Cell (virus_3433779,host_574064): 0 -> 1
Cell (virus_3433779,host_3042450): 0 -> 1
Cell (virus_3433779,host_59472): 0 -> 1
Cell (virus_3433779,host_291302): 0 -> 1
Cell (virus_3433779,host_27622): 0 -> 1
Cell (virus_3433779,host_3041509): 0 -> 1
Cell (virus_3433779,host_2218597): 0 -> 1
Cell (virus_3433779,host_258867): 0 -> 1
Cell (virus_3433779,host_242384): 0 -> 1
Cell (virus_3433779,host_258863): 0 -> 1
Cell (virus_3433779,host_9438): 0 -> 1
Cell (virus_3433779,host_249033): 0 -> 1
Cell (virus_3433779,host_59474): 0 -> 1
Cell (virus_3433779,host_999321): 0 -> 1
Cell (virus_3433779,host_867834): 0 -> 1
Cell (virus_3433779,host_258889): 0 -> 1
Cell (virus_3433779,host_2491053): 0 -> 1
Cell (virus_3433779,host_110938): 0 -> 1
Cell (virus_3433779,host_258944): 0 -> 1
Cell (virus_3433779,host_59485): 0 -> 1
Cell (virus_694001,host_105295): 0 -> 1
Cell (virus_694001,host_258946): 0 -> 1
Cell (virus_694001,host_51300): 0 -> 1
Cell (virus_694001,host_294653): 0 -> 1
Cell (virus_694001,host_59473): 0 -> 1
Cell (virus_694001,host_3380546): 0 -> 1
Cell (virus_694001,host_9435): 0 -> 1
Cell (virus_694001,host_257882): 0 -> 1
Cell (virus_694001,host_109480): 0 -> 1
Cell (virus_694001,host_160974): 0 -> 1
Cell (virus_694001,host_519446): 0 -> 1
Cell (virus_694001,host_412095): 0 -> 1
Cell (virus_694001,host_452654): 0 -> 1
Cell (virus_694001,host_385037): 0 -> 1
Cell (virus_694001,host_155035): 0 -> 1
Cell (virus_694001,host_633648): 0 -> 1
Cell (virus_694001,host_258925): 0 -> 1
Cell (virus_694001,host_177185): 0 -> 1
Cell (virus_694001,host_187017): 0 -> 1
Cell (virus_694001,host_159858): 0 -> 1
Cell (virus_694001,host_169756): 0 -> 1
Cell (virus_694001,host_188570): 0 -> 1
Cell (virus_694001,host_178895): 0 -> 1
Cell (virus_694001,host_608708): 0 -> 1
Cell (virus_694001,host_59477): 0 -> 1
Cell (virus_694001,host_166054): 0 -> 1
Cell (virus_694001,host_385575): 0 -> 1
Cell (virus_694001,host_9402): 0 -> 1
Cell (virus_694001,host_9403): 0 -> 1
Cell (virus_694001,host_2853157): 0 -> 1
Cell (virus_694001,host_77243): 0 -> 1
Cell (virus_694001,host_58073): 0 -> 1
Cell (virus_694001,host_58083): 0 -> 1
Cell (virus_694001,host_77223): 0 -> 1
Cell (virus_694001,host_9408): 0 -> 1
Cell (virus_694001,host_58063): 0 -> 1
Cell (virus_694001,host_77214): 0 -> 1
Cell (virus_694001,host_1898386): 0 -> 1
Cell (virus_694001,host_298110): 0 -> 1
Cell (virus_694001,host_374419): 0 -> 1
Cell (virus_694001,host_326081): 0 -> 1
Cell (virus_694001,host_326151): 0 -> 1
Cell (virus_694001,host_148094): 0 -> 1
Cell (virus_694001,host_574064): 0 -> 1
Cell (virus_694001,host_3042450): 0 -> 1
Cell (virus_694001,host_59472): 0 -> 1
Cell (virus_694001,host_291302): 0 -> 1
Cell (virus_694001,host_27622): 0 -> 1
Cell (virus_694001,host_3041509): 0 -> 1
Cell (virus_694001,host_2218597): 0 -> 1
Cell (virus_694001,host_258867): 0 -> 1
Cell (virus_694001,host_242384): 0 -> 1
Cell (virus_694001,host_258863): 0 -> 1
Cell (virus_694001,host_9438): 0 -> 1
Cell (virus_694001,host_249033): 0 -> 1
Cell (virus_694001,host_59474): 0 -> 1
Cell (virus_694001,host_999321): 0 -> 1
Cell (virus_694001,host_867834): 0 -> 1
Cell (virus_694001,host_258889): 0 -> 1
Cell (virus_694001,host_2491053): 0 -> 1
Cell (virus_694001,host_110938): 0 -> 1
Cell (virus_694001,host_258944): 0 -> 1
Cell (virus_694001,host_59485): 0 -> 1
Cell (virus_3027594,host_105295): 0 -> 1
Cell (virus_3027594,host_51300): 0 -> 1
Cell (virus_3027594,host_294653): 0 -> 1
Cell (virus_3027594,host_59473): 0 -> 1
Cell (virus_3027594,host_3380546): 0 -> 1
Cell (virus_3027594,host_9435): 0 -> 1
Cell (virus_3027594,host_257882): 0 -> 1
Cell (virus_3027594,host_109480): 0 -> 1
Cell (virus_3027594,host_160974): 0 -> 1
Cell (virus_3027594,host_519446): 0 -> 1
Cell (virus_3027594,host_412095): 0 -> 1
Cell (virus_3027594,host_452654): 0 -> 1
Cell (virus_3027594,host_385037): 0 -> 1
Cell (virus_3027594,host_155035): 0 -> 1
Cell (virus_3027594,host_633648): 0 -> 1
Cell (virus_3027594,host_258925): 0 -> 1
Cell (virus_3027594,host_177185): 0 -> 1
Cell (virus_3027594,host_187017): 0 -> 1
Cell (virus_3027594,host_159858): 0 -> 1
Cell (virus_3027594,host_169756): 0 -> 1
Cell (virus_3027594,host_188570): 0 -> 1
Cell (virus_3027594,host_178895): 0 -> 1
Cell (virus_3027594,host_608708): 0 -> 1
Cell (virus_3027594,host_59477): 0 -> 1
Cell (virus_3027594,host_166054): 0 -> 1
Cell (virus_3027594,host_385575): 0 -> 1
Cell (virus_3027594,host_9402): 0 -> 1
Cell (virus_3027594,host_9403): 0 -> 1
Cell (virus_3027594,host_2853157): 0 -> 1
Cell (virus_3027594,host_77243): 0 -> 1
Cell (virus_3027594,host_58073): 0 -> 1
Cell (virus_3027594,host_58083): 0 -> 1
Cell (virus_3027594,host_77223): 0 -> 1
Cell (virus_3027594,host_9408): 0 -> 1
Cell (virus_3027594,host_58063): 0 -> 1
Cell (virus_3027594,host_77214): 0 -> 1
Cell (virus_3027594,host_1898386): 0 -> 1
Cell (virus_3027594,host_298110): 0 -> 1
Cell (virus_3027594,host_374419): 0 -> 1
Cell (virus_3027594,host_326081): 0 -> 1
Cell (virus_3027594,host_326151): 0 -> 1
Cell (virus_3027594,host_148094): 0 -> 1
Cell (virus_3027594,host_574064): 0 -> 1
Cell (virus_3027594,host_3042450): 0 -> 1
Cell (virus_3027594,host_59472): 0 -> 1
Cell (virus_3027594,host_291302): 0 -> 1
Cell (virus_3027594,host_27622): 0 -> 1
Cell (virus_3027594,host_3041509): 0 -> 1
Cell (virus_3027594,host_2218597): 0 -> 1
Cell (virus_3027594,host_258867): 0 -> 1
Cell (virus_3027594,host_242384): 0 -> 1
Cell (virus_3027594,host_258863): 0 -> 1
Cell (virus_3027594,host_9438): 0 -> 1
Cell (virus_3027594,host_249033): 0 -> 1
Cell (virus_3027594,host_59474): 0 -> 1
Cell (virus_3027594,host_999321): 0 -> 1
Cell (virus_3027594,host_867834): 0 -> 1
Cell (virus_3027594,host_258889): 0 -> 1
Cell (virus_3027594,host_2491053): 0 -> 1
Cell (virus_3027594,host_110938): 0 -> 1
Cell (virus_3027594,host_258944): 0 -> 1
Cell (virus_3027594,host_59485): 0 -> 1
Cell (virus_3433782,host_105295): 0 -> 1
Cell (virus_3433782,host_51300): 0 -> 1
Cell (virus_3433782,host_294653): 0 -> 1
Cell (virus_3433782,host_59473): 0 -> 1
Cell (virus_3433782,host_3380546): 0 -> 1
Cell (virus_3433782,host_9435): 0 -> 1
Cell (virus_3433782,host_257882): 0 -> 1
Cell (virus_3433782,host_109480): 0 -> 1
Cell (virus_3433782,host_160974): 0 -> 1
Cell (virus_3433782,host_519446): 0 -> 1
Cell (virus_3433782,host_412095): 0 -> 1
Cell (virus_3433782,host_452654): 0 -> 1
Cell (virus_3433782,host_385037): 0 -> 1
Cell (virus_3433782,host_155035): 0 -> 1
Cell (virus_3433782,host_633648): 0 -> 1
Cell (virus_3433782,host_258925): 0 -> 1
Cell (virus_3433782,host_177185): 0 -> 1
Cell (virus_3433782,host_187017): 0 -> 1
Cell (virus_3433782,host_159858): 0 -> 1
Cell (virus_3433782,host_169756): 0 -> 1
Cell (virus_3433782,host_188570): 0 -> 1
Cell (virus_3433782,host_178895): 0 -> 1
Cell (virus_3433782,host_608708): 0 -> 1
Cell (virus_3433782,host_59477): 0 -> 1
Cell (virus_3433782,host_132908): 0 -> 1
Cell (virus_3433782,host_166054): 0 -> 1
Cell (virus_3433782,host_385575): 0 -> 1
Cell (virus_3433782,host_9402): 0 -> 1
Cell (virus_3433782,host_9403): 0 -> 1
Cell (virus_3433782,host_2853157): 0 -> 1
Cell (virus_3433782,host_77243): 0 -> 1
Cell (virus_3433782,host_58073): 0 -> 1
Cell (virus_3433782,host_58083): 0 -> 1
Cell (virus_3433782,host_77223): 0 -> 1
Cell (virus_3433782,host_9408): 0 -> 1
Cell (virus_3433782,host_58063): 0 -> 1
Cell (virus_3433782,host_77214): 0 -> 1
Cell (virus_3433782,host_1898386): 0 -> 1
Cell (virus_3433782,host_298110): 0 -> 1
Cell (virus_3433782,host_374419): 0 -> 1
Cell (virus_3433782,host_326081): 0 -> 1
Cell (virus_3433782,host_326151): 0 -> 1
Cell (virus_3433782,host_148094): 0 -> 1
Cell (virus_3433782,host_574064): 0 -> 1
Cell (virus_3433782,host_3042450): 0 -> 1
Cell (virus_3433782,host_59472): 0 -> 1
Cell (virus_3433782,host_291302): 0 -> 1
Cell (virus_3433782,host_27622): 0 -> 1
Cell (virus_3433782,host_3041509): 0 -> 1
Cell (virus_3433782,host_2218597): 0 -> 1
Cell (virus_3433782,host_258867): 0 -> 1
Cell (virus_3433782,host_242384): 0 -> 1
Cell (virus_3433782,host_258863): 0 -> 1
Cell (virus_3433782,host_9438): 0 -> 1
Cell (virus_3433782,host_249033): 0 -> 1
Cell (virus_3433782,host_59474): 0 -> 1
Cell (virus_3433782,host_999321): 0 -> 1
Cell (virus_3433782,host_867834): 0 -> 1
Cell (virus_3433782,host_258889): 0 -> 1
Cell (virus_3433782,host_2491053): 0 -> 1
Cell (virus_3433782,host_110938): 0 -> 1
Cell (virus_3433782,host_258944): 0 -> 1
Cell (virus_3433782,host_59485): 0 -> 1
Cell (virus_3027595,host_105295): 0 -> 1
Cell (virus_3027595,host_51300): 0 -> 1
Cell (virus_3027595,host_294653): 0 -> 1
Cell (virus_3027595,host_59473): 0 -> 1
Cell (virus_3027595,host_3380546): 0 -> 1
Cell (virus_3027595,host_9435): 0 -> 1
Cell (virus_3027595,host_257882): 0 -> 1
Cell (virus_3027595,host_109480): 0 -> 1
Cell (virus_3027595,host_160974): 0 -> 1
Cell (virus_3027595,host_1633875): 0 -> 1
Cell (virus_3027595,host_519446): 0 -> 1
Cell (virus_3027595,host_412095): 0 -> 1
Cell (virus_3027595,host_452654): 0 -> 1
Cell (virus_3027595,host_385037): 0 -> 1
Cell (virus_3027595,host_155035): 0 -> 1
Cell (virus_3027595,host_633648): 0 -> 1
Cell (virus_3027595,host_258925): 0 -> 1
Cell (virus_3027595,host_177185): 0 -> 1
Cell (virus_3027595,host_187017): 0 -> 1
Cell (virus_3027595,host_159858): 0 -> 1
Cell (virus_3027595,host_169756): 0 -> 1
Cell (virus_3027595,host_188570): 0 -> 1
Cell (virus_3027595,host_178895): 0 -> 1
Cell (virus_3027595,host_608708): 0 -> 1
Cell (virus_3027595,host_59477): 0 -> 1
Cell (virus_3027595,host_166054): 0 -> 1
Cell (virus_3027595,host_385575): 0 -> 1
Cell (virus_3027595,host_9402): 0 -> 1
Cell (virus_3027595,host_9403): 0 -> 1
Cell (virus_3027595,host_2853157): 0 -> 1
Cell (virus_3027595,host_903567): 0 -> 1
Cell (virus_3027595,host_77243): 0 -> 1
Cell (virus_3027595,host_58073): 0 -> 1
Cell (virus_3027595,host_58083): 0 -> 1
Cell (virus_3027595,host_77223): 0 -> 1
Cell (virus_3027595,host_9408): 0 -> 1
Cell (virus_3027595,host_58063): 0 -> 1
Cell (virus_3027595,host_77214): 0 -> 1
Cell (virus_3027595,host_1898386): 0 -> 1
Cell (virus_3027595,host_298110): 0 -> 1
Cell (virus_3027595,host_374419): 0 -> 1
Cell (virus_3027595,host_326081): 0 -> 1
Cell (virus_3027595,host_326151): 0 -> 1
Cell (virus_3027595,host_148094): 0 -> 1
Cell (virus_3027595,host_574064): 0 -> 1
Cell (virus_3027595,host_3042450): 0 -> 1
Cell (virus_3027595,host_59472): 0 -> 1
Cell (virus_3027595,host_291302): 0 -> 1
Cell (virus_3027595,host_27622): 0 -> 1
Cell (virus_3027595,host_3041509): 0 -> 1
Cell (virus_3027595,host_2218597): 0 -> 1
Cell (virus_3027595,host_258867): 0 -> 1
Cell (virus_3027595,host_242384): 0 -> 1
Cell (virus_3027595,host_258863): 0 -> 1
Cell (virus_3027595,host_9438): 0 -> 1
Cell (virus_3027595,host_249033): 0 -> 1
Cell (virus_3027595,host_59474): 0 -> 1
Cell (virus_3027595,host_999321): 0 -> 1
Cell (virus_3027595,host_867834): 0 -> 1
Cell (virus_3027595,host_258889): 0 -> 1
Cell (virus_3027595,host_2491053): 0 -> 1
Cell (virus_3027595,host_110938): 0 -> 1
Cell (virus_3027595,host_258944): 0 -> 1
Cell (virus_3027595,host_59485): 0 -> 1
Cell (virus_2917968,host_105295): 0 -> 1
Cell (virus_2917968,host_51300): 0 -> 1
Cell (virus_2917968,host_294653): 0 -> 1
Cell (virus_2917968,host_59473): 0 -> 1
Cell (virus_2917968,host_3380546): 0 -> 1
Cell (virus_2917968,host_9435): 0 -> 1
Cell (virus_2917968,host_257882): 0 -> 1
Cell (virus_2917968,host_109480): 0 -> 1
Cell (virus_2917968,host_160974): 0 -> 1
Cell (virus_2917968,host_519446): 0 -> 1
Cell (virus_2917968,host_412095): 0 -> 1
Cell (virus_2917968,host_452654): 0 -> 1
Cell (virus_2917968,host_385037): 0 -> 1
Cell (virus_2917968,host_155035): 0 -> 1
Cell (virus_2917968,host_633648): 0 -> 1
Cell (virus_2917968,host_258925): 0 -> 1
Cell (virus_2917968,host_177185): 0 -> 1
Cell (virus_2917968,host_187017): 0 -> 1
Cell (virus_2917968,host_159858): 0 -> 1
Cell (virus_2917968,host_169756): 0 -> 1
Cell (virus_2917968,host_188570): 0 -> 1
Cell (virus_2917968,host_178895): 0 -> 1
Cell (virus_2917968,host_608708): 0 -> 1
Cell (virus_2917968,host_59477): 0 -> 1
Cell (virus_2917968,host_166054): 0 -> 1
Cell (virus_2917968,host_385575): 0 -> 1
Cell (virus_2917968,host_9402): 0 -> 1
Cell (virus_2917968,host_9403): 0 -> 1
Cell (virus_2917968,host_2853157): 0 -> 1
Cell (virus_2917968,host_58071): 0 -> 1
Cell (virus_2917968,host_77243): 0 -> 1
Cell (virus_2917968,host_58073): 0 -> 1
Cell (virus_2917968,host_58083): 0 -> 1
Cell (virus_2917968,host_77223): 0 -> 1
Cell (virus_2917968,host_9408): 0 -> 1
Cell (virus_2917968,host_58063): 0 -> 1
Cell (virus_2917968,host_77214): 0 -> 1
Cell (virus_2917968,host_1898386): 0 -> 1
Cell (virus_2917968,host_298110): 0 -> 1
Cell (virus_2917968,host_77233): 0 -> 1
Cell (virus_2917968,host_374419): 0 -> 1
Cell (virus_2917968,host_326081): 0 -> 1
Cell (virus_2917968,host_326151): 0 -> 1
Cell (virus_2917968,host_148094): 0 -> 1
Cell (virus_2917968,host_574064): 0 -> 1
Cell (virus_2917968,host_51012): 0 -> 1
Cell (virus_2917968,host_3042450): 0 -> 1
Cell (virus_2917968,host_59472): 0 -> 1
Cell (virus_2917968,host_291302): 0 -> 1
Cell (virus_2917968,host_27622): 0 -> 1
Cell (virus_2917968,host_3041509): 0 -> 1
Cell (virus_2917968,host_2218597): 0 -> 1
Cell (virus_2917968,host_258867): 0 -> 1
Cell (virus_2917968,host_242384): 0 -> 1
Cell (virus_2917968,host_258863): 0 -> 1
Cell (virus_2917968,host_9438): 0 -> 1
Cell (virus_2917968,host_249033): 0 -> 1
Cell (virus_2917968,host_59474): 0 -> 1
Cell (virus_2917968,host_999321): 0 -> 1
Cell (virus_2917968,host_867834): 0 -> 1
Cell (virus_2917968,host_258889): 0 -> 1
Cell (virus_2917968,host_2491053): 0 -> 1
Cell (virus_2917968,host_110938): 0 -> 1
Cell (virus_2917968,host_258944): 0 -> 1
Cell (virus_2917968,host_59485): 0 -> 1
Cell (virus_3119328,host_105295): 0 -> 1
Cell (virus_3119328,host_51300): 0 -> 1
Cell (virus_3119328,host_294653): 0 -> 1
Cell (virus_3119328,host_59473): 0 -> 1
Cell (virus_3119328,host_3380546): 0 -> 1
Cell (virus_3119328,host_9435): 0 -> 1
Cell (virus_3119328,host_257882): 0 -> 1
Cell (virus_3119328,host_109480): 0 -> 1
Cell (virus_3119328,host_160974): 0 -> 1
Cell (virus_3119328,host_519446): 0 -> 1
Cell (virus_3119328,host_412095): 0 -> 1
Cell (virus_3119328,host_452654): 0 -> 1
Cell (virus_3119328,host_385037): 0 -> 1
Cell (virus_3119328,host_155035): 0 -> 1
Cell (virus_3119328,host_633648): 0 -> 1
Cell (virus_3119328,host_258925): 0 -> 1
Cell (virus_3119328,host_177185): 0 -> 1
Cell (virus_3119328,host_187017): 0 -> 1
Cell (virus_3119328,host_159858): 0 -> 1
Cell (virus_3119328,host_169756): 0 -> 1
Cell (virus_3119328,host_188570): 0 -> 1
Cell (virus_3119328,host_178895): 0 -> 1
Cell (virus_3119328,host_608708): 0 -> 1
Cell (virus_3119328,host_59477): 0 -> 1
Cell (virus_3119328,host_166054): 0 -> 1
Cell (virus_3119328,host_385575): 0 -> 1
Cell (virus_3119328,host_9402): 0 -> 1
Cell (virus_3119328,host_9403): 0 -> 1
Cell (virus_3119328,host_2853157): 0 -> 1
Cell (virus_3119328,host_77243): 0 -> 1
Cell (virus_3119328,host_58073): 0 -> 1
Cell (virus_3119328,host_58083): 0 -> 1
Cell (virus_3119328,host_77223): 0 -> 1
Cell (virus_3119328,host_9408): 0 -> 1
Cell (virus_3119328,host_58063): 0 -> 1
Cell (virus_3119328,host_77214): 0 -> 1
Cell (virus_3119328,host_1898386): 0 -> 1
Cell (virus_3119328,host_374419): 0 -> 1
Cell (virus_3119328,host_326081): 0 -> 1
Cell (virus_3119328,host_326151): 0 -> 1
Cell (virus_3119328,host_148094): 0 -> 1
Cell (virus_3119328,host_574064): 0 -> 1
Cell (virus_3119328,host_51012): 0 -> 1
Cell (virus_3119328,host_3042450): 0 -> 1
Cell (virus_3119328,host_59472): 0 -> 1
Cell (virus_3119328,host_291302): 0 -> 1
Cell (virus_3119328,host_27622): 0 -> 1
Cell (virus_3119328,host_3041509): 0 -> 1
Cell (virus_3119328,host_2218597): 0 -> 1
Cell (virus_3119328,host_258867): 0 -> 1
Cell (virus_3119328,host_242384): 0 -> 1
Cell (virus_3119328,host_258863): 0 -> 1
Cell (virus_3119328,host_9438): 0 -> 1
Cell (virus_3119328,host_249033): 0 -> 1
Cell (virus_3119328,host_109485): 0 -> 1
Cell (virus_3119328,host_59474): 0 -> 1
Cell (virus_3119328,host_999321): 0 -> 1
Cell (virus_3119328,host_867834): 0 -> 1
Cell (virus_3119328,host_258889): 0 -> 1
Cell (virus_3119328,host_2491053): 0 -> 1
Cell (virus_3119328,host_110938): 0 -> 1
Cell (virus_3119328,host_258944): 0 -> 1
Cell (virus_3119328,host_258959): 0 -> 1
Cell (virus_3119328,host_59485): 0 -> 1
Cell (virus_3119329,host_105295): 0 -> 1
Cell (virus_3119329,host_51300): 0 -> 1
Cell (virus_3119329,host_294653): 0 -> 1
Cell (virus_3119329,host_59473): 0 -> 1
Cell (virus_3119329,host_3380546): 0 -> 1
Cell (virus_3119329,host_9435): 0 -> 1
Cell (virus_3119329,host_257882): 0 -> 1
Cell (virus_3119329,host_109480): 0 -> 1
Cell (virus_3119329,host_160974): 0 -> 1
Cell (virus_3119329,host_519446): 0 -> 1
Cell (virus_3119329,host_412095): 0 -> 1
Cell (virus_3119329,host_452654): 0 -> 1
Cell (virus_3119329,host_385037): 0 -> 1
Cell (virus_3119329,host_155035): 0 -> 1
Cell (virus_3119329,host_633648): 0 -> 1
Cell (virus_3119329,host_258925): 0 -> 1
Cell (virus_3119329,host_177185): 0 -> 1
Cell (virus_3119329,host_187017): 0 -> 1
Cell (virus_3119329,host_159858): 0 -> 1
Cell (virus_3119329,host_169756): 0 -> 1
Cell (virus_3119329,host_188570): 0 -> 1
Cell (virus_3119329,host_178895): 0 -> 1
Cell (virus_3119329,host_608708): 0 -> 1
Cell (virus_3119329,host_59477): 0 -> 1
Cell (virus_3119329,host_166054): 0 -> 1
Cell (virus_3119329,host_385575): 0 -> 1
Cell (virus_3119329,host_9402): 0 -> 1
Cell (virus_3119329,host_9403): 0 -> 1
Cell (virus_3119329,host_2853157): 0 -> 1
Cell (virus_3119329,host_77243): 0 -> 1
Cell (virus_3119329,host_58073): 0 -> 1
Cell (virus_3119329,host_58083): 0 -> 1
Cell (virus_3119329,host_77223): 0 -> 1
Cell (virus_3119329,host_9408): 0 -> 1
Cell (virus_3119329,host_58063): 0 -> 1
Cell (virus_3119329,host_77214): 0 -> 1
Cell (virus_3119329,host_1898386): 0 -> 1
Cell (virus_3119329,host_298110): 0 -> 1
Cell (virus_3119329,host_374419): 0 -> 1
Cell (virus_3119329,host_326081): 0 -> 1
Cell (virus_3119329,host_326151): 0 -> 1
Cell (virus_3119329,host_148094): 0 -> 1
Cell (virus_3119329,host_574064): 0 -> 1
Cell (virus_3119329,host_51012): 0 -> 1
Cell (virus_3119329,host_3042450): 0 -> 1
Cell (virus_3119329,host_59472): 0 -> 1
Cell (virus_3119329,host_291302): 0 -> 1
Cell (virus_3119329,host_27622): 0 -> 1
Cell (virus_3119329,host_3041509): 0 -> 1
Cell (virus_3119329,host_2218597): 0 -> 1
Cell (virus_3119329,host_258867): 0 -> 1
Cell (virus_3119329,host_242384): 0 -> 1
Cell (virus_3119329,host_258863): 0 -> 1
Cell (virus_3119329,host_9438): 0 -> 1
Cell (virus_3119329,host_249033): 0 -> 1
Cell (virus_3119329,host_59474): 0 -> 1
Cell (virus_3119329,host_999321): 0 -> 1
Cell (virus_3119329,host_867834): 0 -> 1
Cell (virus_3119329,host_258889): 0 -> 1
Cell (virus_3119329,host_2491053): 0 -> 1
Cell (virus_3119329,host_110938): 0 -> 1
Cell (virus_3119329,host_258944): 0 -> 1
Cell (virus_3119329,host_59485): 0 -> 1
Cell (virus_2991941,host_105295): 0 -> 1
Cell (virus_2991941,host_51300): 0 -> 1
Cell (virus_2991941,host_294653): 0 -> 1
Cell (virus_2991941,host_59473): 0 -> 1
Cell (virus_2991941,host_3380546): 0 -> 1
Cell (virus_2991941,host_9435): 0 -> 1
Cell (virus_2991941,host_257882): 0 -> 1
Cell (virus_2991941,host_109480): 0 -> 1
Cell (virus_2991941,host_160974): 0 -> 1
Cell (virus_2991941,host_519446): 0 -> 1
Cell (virus_2991941,host_109482): 0 -> 1
Cell (virus_2991941,host_412095): 0 -> 1
Cell (virus_2991941,host_452654): 0 -> 1
Cell (virus_2991941,host_385037): 0 -> 1
Cell (virus_2991941,host_155035): 0 -> 1
Cell (virus_2991941,host_633648): 0 -> 1
Cell (virus_2991941,host_258925): 0 -> 1
Cell (virus_2991941,host_177185): 0 -> 1
Cell (virus_2991941,host_187017): 0 -> 1
Cell (virus_2991941,host_159858): 0 -> 1
Cell (virus_2991941,host_169756): 0 -> 1
Cell (virus_2991941,host_188570): 0 -> 1
Cell (virus_2991941,host_178895): 0 -> 1
Cell (virus_2991941,host_608708): 0 -> 1
Cell (virus_2991941,host_59477): 0 -> 1
Cell (virus_2991941,host_166054): 0 -> 1
Cell (virus_2991941,host_385575): 0 -> 1
Cell (virus_2991941,host_9402): 0 -> 1
Cell (virus_2991941,host_9403): 0 -> 1
Cell (virus_2991941,host_2853157): 0 -> 1
Cell (virus_2991941,host_77243): 0 -> 1
Cell (virus_2991941,host_58073): 0 -> 1
Cell (virus_2991941,host_58083): 0 -> 1
Cell (virus_2991941,host_77223): 0 -> 1
Cell (virus_2991941,host_9408): 0 -> 1
Cell (virus_2991941,host_58063): 0 -> 1
Cell (virus_2991941,host_77214): 0 -> 1
Cell (virus_2991941,host_1898386): 0 -> 1
Cell (virus_2991941,host_298110): 0 -> 1
Cell (virus_2991941,host_374419): 0 -> 1
Cell (virus_2991941,host_326081): 0 -> 1
Cell (virus_2991941,host_326151): 0 -> 1
Cell (virus_2991941,host_148094): 0 -> 1
Cell (virus_2991941,host_574064): 0 -> 1
Cell (virus_2991941,host_3042450): 0 -> 1
Cell (virus_2991941,host_59472): 0 -> 1
Cell (virus_2991941,host_291302): 0 -> 1
Cell (virus_2991941,host_27622): 0 -> 1
Cell (virus_2991941,host_3041509): 0 -> 1
Cell (virus_2991941,host_2218597): 0 -> 1
Cell (virus_2991941,host_258867): 0 -> 1
Cell (virus_2991941,host_242384): 0 -> 1
Cell (virus_2991941,host_258863): 0 -> 1
Cell (virus_2991941,host_9438): 0 -> 1
Cell (virus_2991941,host_249034): 0 -> 1
Cell (virus_2991941,host_258953): 0 -> 1
Cell (virus_2991941,host_249033): 0 -> 1
Cell (virus_2991941,host_109485): 0 -> 1
Cell (virus_2991941,host_59474): 0 -> 1
Cell (virus_2991941,host_999321): 0 -> 1
Cell (virus_2991941,host_867834): 0 -> 1
Cell (virus_2991941,host_258889): 0 -> 1
Cell (virus_2991941,host_2491053): 0 -> 1
Cell (virus_2991941,host_110938): 0 -> 1
Cell (virus_2991941,host_258944): 0 -> 1
Cell (virus_2991941,host_59485): 0 -> 1
Cell (virus_2993504,host_105295): 0 -> 1
Cell (virus_2993504,host_51300): 0 -> 1
Cell (virus_2993504,host_294653): 0 -> 1
Cell (virus_2993504,host_59473): 0 -> 1
Cell (virus_2993504,host_3380546): 0 -> 1
Cell (virus_2993504,host_9435): 0 -> 1
Cell (virus_2993504,host_257882): 0 -> 1
Cell (virus_2993504,host_109480): 0 -> 1
Cell (virus_2993504,host_160974): 0 -> 1
Cell (virus_2993504,host_519446): 0 -> 1
Cell (virus_2993504,host_109482): 0 -> 1
Cell (virus_2993504,host_412095): 0 -> 1
Cell (virus_2993504,host_452654): 0 -> 1
Cell (virus_2993504,host_385037): 0 -> 1
Cell (virus_2993504,host_155035): 0 -> 1
Cell (virus_2993504,host_633648): 0 -> 1
Cell (virus_2993504,host_258925): 0 -> 1
Cell (virus_2993504,host_177185): 0 -> 1
Cell (virus_2993504,host_187017): 0 -> 1
Cell (virus_2993504,host_159858): 0 -> 1
Cell (virus_2993504,host_169756): 0 -> 1
Cell (virus_2993504,host_188570): 0 -> 1
Cell (virus_2993504,host_178895): 0 -> 1
Cell (virus_2993504,host_608708): 0 -> 1
Cell (virus_2993504,host_59477): 0 -> 1
Cell (virus_2993504,host_166054): 0 -> 1
Cell (virus_2993504,host_385575): 0 -> 1
Cell (virus_2993504,host_9402): 0 -> 1
Cell (virus_2993504,host_9403): 0 -> 1
Cell (virus_2993504,host_2853157): 0 -> 1
Cell (virus_2993504,host_77243): 0 -> 1
Cell (virus_2993504,host_58073): 0 -> 1
Cell (virus_2993504,host_58083): 0 -> 1
Cell (virus_2993504,host_77223): 0 -> 1
Cell (virus_2993504,host_9408): 0 -> 1
Cell (virus_2993504,host_58063): 0 -> 1
Cell (virus_2993504,host_77214): 0 -> 1
Cell (virus_2993504,host_1898386): 0 -> 1
Cell (virus_2993504,host_298110): 0 -> 1
Cell (virus_2993504,host_374419): 0 -> 1
Cell (virus_2993504,host_326081): 0 -> 1
Cell (virus_2993504,host_326151): 0 -> 1
Cell (virus_2993504,host_148094): 0 -> 1
Cell (virus_2993504,host_574064): 0 -> 1
Cell (virus_2993504,host_3042450): 0 -> 1
Cell (virus_2993504,host_59472): 0 -> 1
Cell (virus_2993504,host_291302): 0 -> 1
Cell (virus_2993504,host_27622): 0 -> 1
Cell (virus_2993504,host_3041509): 0 -> 1
Cell (virus_2993504,host_2218597): 0 -> 1
Cell (virus_2993504,host_258867): 0 -> 1
Cell (virus_2993504,host_242384): 0 -> 1
Cell (virus_2993504,host_258863): 0 -> 1
Cell (virus_2993504,host_9438): 0 -> 1
Cell (virus_2993504,host_249034): 0 -> 1
Cell (virus_2993504,host_258953): 0 -> 1
Cell (virus_2993504,host_249033): 0 -> 1
Cell (virus_2993504,host_59474): 0 -> 1
Cell (virus_2993504,host_999321): 0 -> 1
Cell (virus_2993504,host_867834): 0 -> 1
Cell (virus_2993504,host_258889): 0 -> 1
Cell (virus_2993504,host_2491053): 0 -> 1
Cell (virus_2993504,host_110938): 0 -> 1
Cell (virus_2993504,host_258944): 0 -> 1
Cell (virus_2993504,host_59485): 0 -> 1
Cell (virus_1335626,host_105295): 0 -> 1
Cell (virus_1335626,host_51300): 0 -> 1
Cell (virus_1335626,host_294653): 0 -> 1
Cell (virus_1335626,host_59473): 0 -> 1
Cell (virus_1335626,host_3380546): 0 -> 1
Cell (virus_1335626,host_9435): 0 -> 1
Cell (virus_1335626,host_257882): 0 -> 1
Cell (virus_1335626,host_109480): 0 -> 1
Cell (virus_1335626,host_160974): 0 -> 1
Cell (virus_1335626,host_519446): 0 -> 1
Cell (virus_1335626,host_412095): 0 -> 1
Cell (virus_1335626,host_452654): 0 -> 1
Cell (virus_1335626,host_385037): 0 -> 1
Cell (virus_1335626,host_155035): 0 -> 1
Cell (virus_1335626,host_633648): 0 -> 1
Cell (virus_1335626,host_258925): 0 -> 1
Cell (virus_1335626,host_177185): 0 -> 1
Cell (virus_1335626,host_187017): 0 -> 1
Cell (virus_1335626,host_178895): 0 -> 1
Cell (virus_1335626,host_608708): 0 -> 1
Cell (virus_1335626,host_59477): 0 -> 1
Cell (virus_1335626,host_166054): 0 -> 1
Cell (virus_1335626,host_196297): 0 -> 1
Cell (virus_1335626,host_385575): 0 -> 1
Cell (virus_1335626,host_9402): 0 -> 1
Cell (virus_1335626,host_9403): 0 -> 1
Cell (virus_1335626,host_2853157): 0 -> 1
Cell (virus_1335626,host_77243): 0 -> 1
Cell (virus_1335626,host_58073): 0 -> 1
Cell (virus_1335626,host_58083): 0 -> 1
Cell (virus_1335626,host_77223): 0 -> 1
Cell (virus_1335626,host_9408): 0 -> 1
Cell (virus_1335626,host_58063): 0 -> 1
Cell (virus_1335626,host_77214): 0 -> 1
Cell (virus_1335626,host_1898386): 0 -> 1
Cell (virus_1335626,host_298110): 0 -> 1
Cell (virus_1335626,host_374419): 0 -> 1
Cell (virus_1335626,host_326081): 0 -> 1
Cell (virus_1335626,host_326151): 0 -> 1
Cell (virus_1335626,host_40224): 0 -> 1
Cell (virus_1335626,host_9423): 0 -> 1
Cell (virus_1335626,host_3042450): 0 -> 1
Cell (virus_1335626,host_59472): 0 -> 1
Cell (virus_1335626,host_1434095): 0 -> 1
Cell (virus_1335626,host_221086): 0 -> 1
Cell (virus_1335626,host_291302): 0 -> 1
Cell (virus_1335626,host_27622): 0 -> 1
Cell (virus_1335626,host_3041509): 0 -> 1
Cell (virus_1335626,host_2218597): 0 -> 1
Cell (virus_1335626,host_258867): 0 -> 1
Cell (virus_1335626,host_242384): 0 -> 1
Cell (virus_1335626,host_258863): 0 -> 1
Cell (virus_1335626,host_9438): 0 -> 1
Cell (virus_1335626,host_249033): 0 -> 1
Cell (virus_1335626,host_272799): 0 -> 1
Cell (virus_1335626,host_59474): 0 -> 1
Cell (virus_1335626,host_999321): 0 -> 1
Cell (virus_1335626,host_867834): 0 -> 1
Cell (virus_1335626,host_258889): 0 -> 1
Cell (virus_1335626,host_2491053): 0 -> 1
Cell (virus_1335626,host_110938): 0 -> 1
Cell (virus_1335626,host_258944): 0 -> 1
Cell (virus_1335626,host_59485): 0 -> 1
Cell (virus_3433633,host_105295): 0 -> 1
Cell (virus_3433633,host_51300): 0 -> 1
Cell (virus_3433633,host_294653): 0 -> 1
Cell (virus_3433633,host_59473): 0 -> 1
Cell (virus_3433633,host_3380546): 0 -> 1
Cell (virus_3433633,host_9435): 0 -> 1
Cell (virus_3433633,host_257882): 0 -> 1
Cell (virus_3433633,host_109480): 0 -> 1
Cell (virus_3433633,host_160974): 0 -> 1
Cell (virus_3433633,host_519446): 0 -> 1
Cell (virus_3433633,host_412095): 0 -> 1
Cell (virus_3433633,host_452654): 0 -> 1
Cell (virus_3433633,host_385037): 0 -> 1
Cell (virus_3433633,host_155035): 0 -> 1
Cell (virus_3433633,host_633648): 0 -> 1
Cell (virus_3433633,host_258925): 0 -> 1
Cell (virus_3433633,host_177185): 0 -> 1
Cell (virus_3433633,host_187017): 0 -> 1
Cell (virus_3433633,host_178895): 0 -> 1
Cell (virus_3433633,host_608708): 0 -> 1
Cell (virus_3433633,host_59477): 0 -> 1
Cell (virus_3433633,host_166054): 0 -> 1
Cell (virus_3433633,host_196297): 0 -> 1
Cell (virus_3433633,host_385575): 0 -> 1
Cell (virus_3433633,host_9402): 0 -> 1
Cell (virus_3433633,host_9403): 0 -> 1
Cell (virus_3433633,host_2853157): 0 -> 1
Cell (virus_3433633,host_77243): 0 -> 1
Cell (virus_3433633,host_58073): 0 -> 1
Cell (virus_3433633,host_58083): 0 -> 1
Cell (virus_3433633,host_77223): 0 -> 1
Cell (virus_3433633,host_9408): 0 -> 1
Cell (virus_3433633,host_58063): 0 -> 1
Cell (virus_3433633,host_77214): 0 -> 1
Cell (virus_3433633,host_1898386): 0 -> 1
Cell (virus_3433633,host_298110): 0 -> 1
Cell (virus_3433633,host_374419): 0 -> 1
Cell (virus_3433633,host_326081): 0 -> 1
Cell (virus_3433633,host_326151): 0 -> 1
Cell (virus_3433633,host_40224): 0 -> 1
Cell (virus_3433633,host_9423): 0 -> 1
Cell (virus_3433633,host_3042450): 0 -> 1
Cell (virus_3433633,host_59472): 0 -> 1
Cell (virus_3433633,host_1434095): 0 -> 1
Cell (virus_3433633,host_221086): 0 -> 1
Cell (virus_3433633,host_291302): 0 -> 1
Cell (virus_3433633,host_27622): 0 -> 1
Cell (virus_3433633,host_3041509): 0 -> 1
Cell (virus_3433633,host_2218597): 0 -> 1
Cell (virus_3433633,host_258867): 0 -> 1
Cell (virus_3433633,host_242384): 0 -> 1
Cell (virus_3433633,host_258863): 0 -> 1
Cell (virus_3433633,host_9438): 0 -> 1
Cell (virus_3433633,host_249033): 0 -> 1
Cell (virus_3433633,host_272799): 0 -> 1
Cell (virus_3433633,host_59474): 0 -> 1
Cell (virus_3433633,host_999321): 0 -> 1
Cell (virus_3433633,host_867834): 0 -> 1
Cell (virus_3433633,host_258889): 0 -> 1
Cell (virus_3433633,host_2491053): 0 -> 1
Cell (virus_3433633,host_110938): 0 -> 1
Cell (virus_3433633,host_258944): 0 -> 1
Cell (virus_3433633,host_59485): 0 -> 1
Cell (virus_1508220,host_105295): 0 -> 1
Cell (virus_1508220,host_51300): 0 -> 1
Cell (virus_1508220,host_294653): 0 -> 1
Cell (virus_1508220,host_59473): 0 -> 1
Cell (virus_1508220,host_3380546): 0 -> 1
Cell (virus_1508220,host_9435): 0 -> 1
Cell (virus_1508220,host_257882): 0 -> 1
Cell (virus_1508220,host_109480): 0 -> 1
Cell (virus_1508220,host_160974): 0 -> 1
Cell (virus_1508220,host_519446): 0 -> 1
Cell (virus_1508220,host_412095): 0 -> 1
Cell (virus_1508220,host_452654): 0 -> 1
Cell (virus_1508220,host_385037): 0 -> 1
Cell (virus_1508220,host_155035): 0 -> 1
Cell (virus_1508220,host_633648): 0 -> 1
Cell (virus_1508220,host_258925): 0 -> 1
Cell (virus_1508220,host_177185): 0 -> 1
Cell (virus_1508220,host_187017): 0 -> 1
Cell (virus_1508220,host_178895): 0 -> 1
Cell (virus_1508220,host_608708): 0 -> 1
Cell (virus_1508220,host_59477): 0 -> 1
Cell (virus_1508220,host_166054): 0 -> 1
Cell (virus_1508220,host_196297): 0 -> 1
Cell (virus_1508220,host_385575): 0 -> 1
Cell (virus_1508220,host_9402): 0 -> 1
Cell (virus_1508220,host_9403): 0 -> 1
Cell (virus_1508220,host_2853157): 0 -> 1
Cell (virus_1508220,host_77243): 0 -> 1
Cell (virus_1508220,host_58073): 0 -> 1
Cell (virus_1508220,host_58083): 0 -> 1
Cell (virus_1508220,host_77223): 0 -> 1
Cell (virus_1508220,host_58063): 0 -> 1
Cell (virus_1508220,host_77214): 0 -> 1
Cell (virus_1508220,host_1898386): 0 -> 1
Cell (virus_1508220,host_298110): 0 -> 1
Cell (virus_1508220,host_374419): 0 -> 1
Cell (virus_1508220,host_326081): 0 -> 1
Cell (virus_1508220,host_326151): 0 -> 1
Cell (virus_1508220,host_326083): 0 -> 1
Cell (virus_1508220,host_40224): 0 -> 1
Cell (virus_1508220,host_3042450): 0 -> 1
Cell (virus_1508220,host_59472): 0 -> 1
Cell (virus_1508220,host_1434095): 0 -> 1
Cell (virus_1508220,host_221086): 0 -> 1
Cell (virus_1508220,host_291302): 0 -> 1
Cell (virus_1508220,host_27622): 0 -> 1
Cell (virus_1508220,host_3041509): 0 -> 1
Cell (virus_1508220,host_2218597): 0 -> 1
Cell (virus_1508220,host_258867): 0 -> 1
Cell (virus_1508220,host_242384): 0 -> 1
Cell (virus_1508220,host_258863): 0 -> 1
Cell (virus_1508220,host_9438): 0 -> 1
Cell (virus_1508220,host_249033): 0 -> 1
Cell (virus_1508220,host_272799): 0 -> 1
Cell (virus_1508220,host_59474): 0 -> 1
Cell (virus_1508220,host_999321): 0 -> 1
Cell (virus_1508220,host_867834): 0 -> 1
Cell (virus_1508220,host_258889): 0 -> 1
Cell (virus_1508220,host_2491053): 0 -> 1
Cell (virus_1508220,host_110938): 0 -> 1
Cell (virus_1508220,host_258944): 0 -> 1
Cell (virus_1508220,host_59485): 0 -> 1
Cell (virus_3433775,host_105295): 0 -> 1
Cell (virus_3433775,host_51300): 0 -> 1
Cell (virus_3433775,host_294653): 0 -> 1
Cell (virus_3433775,host_59473): 0 -> 1
Cell (virus_3433775,host_3380546): 0 -> 1
Cell (virus_3433775,host_9435): 0 -> 1
Cell (virus_3433775,host_257882): 0 -> 1
Cell (virus_3433775,host_109480): 0 -> 1
Cell (virus_3433775,host_160974): 0 -> 1
Cell (virus_3433775,host_519446): 0 -> 1
Cell (virus_3433775,host_412095): 0 -> 1
Cell (virus_3433775,host_452654): 0 -> 1
Cell (virus_3433775,host_385037): 0 -> 1
Cell (virus_3433775,host_155035): 0 -> 1
Cell (virus_3433775,host_633648): 0 -> 1
Cell (virus_3433775,host_258925): 0 -> 1
Cell (virus_3433775,host_177185): 0 -> 1
Cell (virus_3433775,host_187017): 0 -> 1
Cell (virus_3433775,host_178895): 0 -> 1
Cell (virus_3433775,host_608708): 0 -> 1
Cell (virus_3433775,host_59477): 0 -> 1
Cell (virus_3433775,host_166054): 0 -> 1
Cell (virus_3433775,host_196297): 0 -> 1
Cell (virus_3433775,host_385575): 0 -> 1
Cell (virus_3433775,host_9402): 0 -> 1
Cell (virus_3433775,host_9403): 0 -> 1
Cell (virus_3433775,host_2853157): 0 -> 1
Cell (virus_3433775,host_77243): 0 -> 1
Cell (virus_3433775,host_58073): 0 -> 1
Cell (virus_3433775,host_58083): 0 -> 1
Cell (virus_3433775,host_77223): 0 -> 1
Cell (virus_3433775,host_58063): 0 -> 1
Cell (virus_3433775,host_77214): 0 -> 1
Cell (virus_3433775,host_1898386): 0 -> 1
Cell (virus_3433775,host_298110): 0 -> 1
Cell (virus_3433775,host_374419): 0 -> 1
Cell (virus_3433775,host_326081): 0 -> 1
Cell (virus_3433775,host_326151): 0 -> 1
Cell (virus_3433775,host_326083): 0 -> 1
Cell (virus_3433775,host_40224): 0 -> 1
Cell (virus_3433775,host_3042450): 0 -> 1
Cell (virus_3433775,host_59472): 0 -> 1
Cell (virus_3433775,host_1434095): 0 -> 1
Cell (virus_3433775,host_221086): 0 -> 1
Cell (virus_3433775,host_291302): 0 -> 1
Cell (virus_3433775,host_27622): 0 -> 1
Cell (virus_3433775,host_3041509): 0 -> 1
Cell (virus_3433775,host_2218597): 0 -> 1
Cell (virus_3433775,host_258867): 0 -> 1
Cell (virus_3433775,host_242384): 0 -> 1
Cell (virus_3433775,host_258863): 0 -> 1
Cell (virus_3433775,host_9438): 0 -> 1
Cell (virus_3433775,host_249033): 0 -> 1
Cell (virus_3433775,host_272799): 0 -> 1
Cell (virus_3433775,host_59474): 0 -> 1
Cell (virus_3433775,host_999321): 0 -> 1
Cell (virus_3433775,host_867834): 0 -> 1
Cell (virus_3433775,host_258889): 0 -> 1
Cell (virus_3433775,host_2491053): 0 -> 1
Cell (virus_3433775,host_110938): 0 -> 1
Cell (virus_3433775,host_258944): 0 -> 1
Cell (virus_3433775,host_59485): 0 -> 1
Cell (virus_694008,host_105295): 0 -> 1
Cell (virus_694008,host_51300): 0 -> 1
Cell (virus_694008,host_294653): 0 -> 1
Cell (virus_694008,host_59473): 0 -> 1
Cell (virus_694008,host_3380546): 0 -> 1
Cell (virus_694008,host_9435): 0 -> 1
Cell (virus_694008,host_257882): 0 -> 1
Cell (virus_694008,host_109480): 0 -> 1
Cell (virus_694008,host_160974): 0 -> 1
Cell (virus_694008,host_519446): 0 -> 1
Cell (virus_694008,host_412095): 0 -> 1
Cell (virus_694008,host_452654): 0 -> 1
Cell (virus_694008,host_385037): 0 -> 1
Cell (virus_694008,host_155035): 0 -> 1
Cell (virus_694008,host_633648): 0 -> 1
Cell (virus_694008,host_258925): 0 -> 1
Cell (virus_694008,host_177185): 0 -> 1
Cell (virus_694008,host_187017): 0 -> 1
Cell (virus_694008,host_178895): 0 -> 1
Cell (virus_694008,host_608708): 0 -> 1
Cell (virus_694008,host_59477): 0 -> 1
Cell (virus_694008,host_166054): 0 -> 1
Cell (virus_694008,host_196297): 0 -> 1
Cell (virus_694008,host_385575): 0 -> 1
Cell (virus_694008,host_9402): 0 -> 1
Cell (virus_694008,host_9403): 0 -> 1
Cell (virus_694008,host_2853157): 0 -> 1
Cell (virus_694008,host_77243): 0 -> 1
Cell (virus_694008,host_58073): 0 -> 1
Cell (virus_694008,host_58083): 0 -> 1
Cell (virus_694008,host_77223): 0 -> 1
Cell (virus_694008,host_58063): 0 -> 1
Cell (virus_694008,host_77214): 0 -> 1
Cell (virus_694008,host_1898386): 0 -> 1
Cell (virus_694008,host_298110): 0 -> 1
Cell (virus_694008,host_374419): 0 -> 1
Cell (virus_694008,host_326081): 0 -> 1
Cell (virus_694008,host_326151): 0 -> 1
Cell (virus_694008,host_326083): 0 -> 1
Cell (virus_694008,host_40224): 0 -> 1
Cell (virus_694008,host_3042450): 0 -> 1
Cell (virus_694008,host_59472): 0 -> 1
Cell (virus_694008,host_1434095): 0 -> 1
Cell (virus_694008,host_221086): 0 -> 1
Cell (virus_694008,host_291302): 0 -> 1
Cell (virus_694008,host_27622): 0 -> 1
Cell (virus_694008,host_3041509): 0 -> 1
Cell (virus_694008,host_2218597): 0 -> 1
Cell (virus_694008,host_258867): 0 -> 1
Cell (virus_694008,host_242384): 0 -> 1
Cell (virus_694008,host_258863): 0 -> 1
Cell (virus_694008,host_9438): 0 -> 1
Cell (virus_694008,host_249033): 0 -> 1
Cell (virus_694008,host_272799): 0 -> 1
Cell (virus_694008,host_59474): 0 -> 1
Cell (virus_694008,host_999321): 0 -> 1
Cell (virus_694008,host_867834): 0 -> 1
Cell (virus_694008,host_258889): 0 -> 1
Cell (virus_694008,host_2491053): 0 -> 1
Cell (virus_694008,host_110938): 0 -> 1
Cell (virus_694008,host_258944): 0 -> 1
Cell (virus_694008,host_59485): 0 -> 1
Cell (virus_2832974,host_105295): 0 -> 1
Cell (virus_2832974,host_51300): 0 -> 1
Cell (virus_2832974,host_294653): 0 -> 1
Cell (virus_2832974,host_59473): 0 -> 1
Cell (virus_2832974,host_3380546): 0 -> 1
Cell (virus_2832974,host_9435): 0 -> 1
Cell (virus_2832974,host_257882): 0 -> 1
Cell (virus_2832974,host_109480): 0 -> 1
Cell (virus_2832974,host_160974): 0 -> 1
Cell (virus_2832974,host_519446): 0 -> 1
Cell (virus_2832974,host_412095): 0 -> 1
Cell (virus_2832974,host_452654): 0 -> 1
Cell (virus_2832974,host_385037): 0 -> 1
Cell (virus_2832974,host_155035): 0 -> 1
Cell (virus_2832974,host_633648): 0 -> 1
Cell (virus_2832974,host_258925): 0 -> 1
Cell (virus_2832974,host_177185): 0 -> 1
Cell (virus_2832974,host_187017): 0 -> 1
Cell (virus_2832974,host_178895): 0 -> 1
Cell (virus_2832974,host_608708): 0 -> 1
Cell (virus_2832974,host_59477): 0 -> 1
Cell (virus_2832974,host_166054): 0 -> 1
Cell (virus_2832974,host_196297): 0 -> 1
Cell (virus_2832974,host_385575): 0 -> 1
Cell (virus_2832974,host_9402): 0 -> 1
Cell (virus_2832974,host_9403): 0 -> 1
Cell (virus_2832974,host_2853157): 0 -> 1
Cell (virus_2832974,host_77243): 0 -> 1
Cell (virus_2832974,host_58073): 0 -> 1
Cell (virus_2832974,host_58083): 0 -> 1
Cell (virus_2832974,host_77223): 0 -> 1
Cell (virus_2832974,host_58063): 0 -> 1
Cell (virus_2832974,host_77214): 0 -> 1
Cell (virus_2832974,host_1898386): 0 -> 1
Cell (virus_2832974,host_298110): 0 -> 1
Cell (virus_2832974,host_374419): 0 -> 1
Cell (virus_2832974,host_326081): 0 -> 1
Cell (virus_2832974,host_326151): 0 -> 1
Cell (virus_2832974,host_40224): 0 -> 1
Cell (virus_2832974,host_3042450): 0 -> 1
Cell (virus_2832974,host_59472): 0 -> 1
Cell (virus_2832974,host_1434095): 0 -> 1
Cell (virus_2832974,host_221086): 0 -> 1
Cell (virus_2832974,host_291302): 0 -> 1
Cell (virus_2832974,host_27622): 0 -> 1
Cell (virus_2832974,host_3041509): 0 -> 1
Cell (virus_2832974,host_2218597): 0 -> 1
Cell (virus_2832974,host_258867): 0 -> 1
Cell (virus_2832974,host_242384): 0 -> 1
Cell (virus_2832974,host_258863): 0 -> 1
Cell (virus_2832974,host_9438): 0 -> 1
Cell (virus_2832974,host_249033): 0 -> 1
Cell (virus_2832974,host_272799): 0 -> 1
Cell (virus_2832974,host_59474): 0 -> 1
Cell (virus_2832974,host_999321): 0 -> 1
Cell (virus_2832974,host_867834): 0 -> 1
Cell (virus_2832974,host_258889): 0 -> 1
Cell (virus_2832974,host_2491053): 0 -> 1
Cell (virus_2832974,host_110938): 0 -> 1
Cell (virus_2832974,host_258944): 0 -> 1
Cell (virus_2832974,host_59485): 0 -> 1
Cell (virus_1928434,host_105295): 0 -> 1
Cell (virus_1928434,host_258946): 0 -> 1
Cell (virus_1928434,host_51300): 0 -> 1
Cell (virus_1928434,host_246814): 0 -> 1
Cell (virus_1928434,host_294653): 0 -> 1
Cell (virus_1928434,host_59473): 0 -> 1
Cell (virus_1928434,host_3380546): 0 -> 1
Cell (virus_1928434,host_9435): 0 -> 1
Cell (virus_1928434,host_257882): 0 -> 1
Cell (virus_1928434,host_109480): 0 -> 1
Cell (virus_1928434,host_160974): 0 -> 1
Cell (virus_1928434,host_519446): 0 -> 1
Cell (virus_1928434,host_412095): 0 -> 1
Cell (virus_1928434,host_452654): 0 -> 1
Cell (virus_1928434,host_385037): 0 -> 1
Cell (virus_1928434,host_155035): 0 -> 1
Cell (virus_1928434,host_633648): 0 -> 1
Cell (virus_1928434,host_258925): 0 -> 1
Cell (virus_1928434,host_177185): 0 -> 1
Cell (virus_1928434,host_187017): 0 -> 1
Cell (virus_1928434,host_178895): 0 -> 1
Cell (virus_1928434,host_608708): 0 -> 1
Cell (virus_1928434,host_59477): 0 -> 1
Cell (virus_1928434,host_166054): 0 -> 1
Cell (virus_1928434,host_196297): 0 -> 1
Cell (virus_1928434,host_385575): 0 -> 1
Cell (virus_1928434,host_9402): 0 -> 1
Cell (virus_1928434,host_9403): 0 -> 1
Cell (virus_1928434,host_2853157): 0 -> 1
Cell (virus_1928434,host_77243): 0 -> 1
Cell (virus_1928434,host_58073): 0 -> 1
Cell (virus_1928434,host_58083): 0 -> 1
Cell (virus_1928434,host_77223): 0 -> 1
Cell (virus_1928434,host_58063): 0 -> 1
Cell (virus_1928434,host_77214): 0 -> 1
Cell (virus_1928434,host_1898386): 0 -> 1
Cell (virus_1928434,host_298110): 0 -> 1
Cell (virus_1928434,host_374419): 0 -> 1
Cell (virus_1928434,host_326081): 0 -> 1
Cell (virus_1928434,host_326151): 0 -> 1
Cell (virus_1928434,host_3042450): 0 -> 1
Cell (virus_1928434,host_59472): 0 -> 1
Cell (virus_1928434,host_1434095): 0 -> 1
Cell (virus_1928434,host_221086): 0 -> 1
Cell (virus_1928434,host_291302): 0 -> 1
Cell (virus_1928434,host_27622): 0 -> 1
Cell (virus_1928434,host_3041509): 0 -> 1
Cell (virus_1928434,host_2218597): 0 -> 1
Cell (virus_1928434,host_258867): 0 -> 1
Cell (virus_1928434,host_242384): 0 -> 1
Cell (virus_1928434,host_258863): 0 -> 1
Cell (virus_1928434,host_9438): 0 -> 1
Cell (virus_1928434,host_249033): 0 -> 1
Cell (virus_1928434,host_272799): 0 -> 1
Cell (virus_1928434,host_59474): 0 -> 1
Cell (virus_1928434,host_999321): 0 -> 1
Cell (virus_1928434,host_867834): 0 -> 1
Cell (virus_1928434,host_258889): 0 -> 1
Cell (virus_1928434,host_2491053): 0 -> 1
Cell (virus_1928434,host_110938): 0 -> 1
Cell (virus_1928434,host_258944): 0 -> 1
Cell (virus_1928434,host_59485): 0 -> 1
Cell (virus_3433757,host_105295): 0 -> 1
Cell (virus_3433757,host_258946): 0 -> 1
Cell (virus_3433757,host_51300): 0 -> 1
Cell (virus_3433757,host_246814): 0 -> 1
Cell (virus_3433757,host_294653): 0 -> 1
Cell (virus_3433757,host_59473): 0 -> 1
Cell (virus_3433757,host_3380546): 0 -> 1
Cell (virus_3433757,host_9435): 0 -> 1
Cell (virus_3433757,host_257882): 0 -> 1
Cell (virus_3433757,host_109480): 0 -> 1
Cell (virus_3433757,host_160974): 0 -> 1
Cell (virus_3433757,host_519446): 0 -> 1
Cell (virus_3433757,host_412095): 0 -> 1
Cell (virus_3433757,host_452654): 0 -> 1
Cell (virus_3433757,host_385037): 0 -> 1
Cell (virus_3433757,host_155035): 0 -> 1
Cell (virus_3433757,host_633648): 0 -> 1
Cell (virus_3433757,host_258925): 0 -> 1
Cell (virus_3433757,host_177185): 0 -> 1
Cell (virus_3433757,host_187017): 0 -> 1
Cell (virus_3433757,host_178895): 0 -> 1
Cell (virus_3433757,host_608708): 0 -> 1
Cell (virus_3433757,host_59477): 0 -> 1
Cell (virus_3433757,host_166054): 0 -> 1
Cell (virus_3433757,host_196297): 0 -> 1
Cell (virus_3433757,host_385575): 0 -> 1
Cell (virus_3433757,host_9402): 0 -> 1
Cell (virus_3433757,host_9403): 0 -> 1
Cell (virus_3433757,host_2853157): 0 -> 1
Cell (virus_3433757,host_77243): 0 -> 1
Cell (virus_3433757,host_58073): 0 -> 1
Cell (virus_3433757,host_58083): 0 -> 1
Cell (virus_3433757,host_77223): 0 -> 1
Cell (virus_3433757,host_58063): 0 -> 1
Cell (virus_3433757,host_77214): 0 -> 1
Cell (virus_3433757,host_1898386): 0 -> 1
Cell (virus_3433757,host_298110): 0 -> 1
Cell (virus_3433757,host_374419): 0 -> 1
Cell (virus_3433757,host_326081): 0 -> 1
Cell (virus_3433757,host_326151): 0 -> 1
Cell (virus_3433757,host_3042450): 0 -> 1
Cell (virus_3433757,host_59472): 0 -> 1
Cell (virus_3433757,host_1434095): 0 -> 1
Cell (virus_3433757,host_221086): 0 -> 1
Cell (virus_3433757,host_291302): 0 -> 1
Cell (virus_3433757,host_27622): 0 -> 1
Cell (virus_3433757,host_3041509): 0 -> 1
Cell (virus_3433757,host_2218597): 0 -> 1
Cell (virus_3433757,host_258867): 0 -> 1
Cell (virus_3433757,host_242384): 0 -> 1
Cell (virus_3433757,host_258863): 0 -> 1
Cell (virus_3433757,host_9438): 0 -> 1
Cell (virus_3433757,host_249033): 0 -> 1
Cell (virus_3433757,host_272799): 0 -> 1
Cell (virus_3433757,host_59474): 0 -> 1
Cell (virus_3433757,host_999321): 0 -> 1
Cell (virus_3433757,host_867834): 0 -> 1
Cell (virus_3433757,host_258889): 0 -> 1
Cell (virus_3433757,host_2491053): 0 -> 1
Cell (virus_3433757,host_110938): 0 -> 1
Cell (virus_3433757,host_258944): 0 -> 1
Cell (virus_3433757,host_59485): 0 -> 1
Cell (virus_694003,host_105295): 0 -> 1
Cell (virus_694003,host_258946): 0 -> 1
Cell (virus_694003,host_51300): 0 -> 1
Cell (virus_694003,host_246814): 0 -> 1
Cell (virus_694003,host_294653): 0 -> 1
Cell (virus_694003,host_59473): 0 -> 1
Cell (virus_694003,host_3380546): 0 -> 1
Cell (virus_694003,host_9435): 0 -> 1
Cell (virus_694003,host_257882): 0 -> 1
Cell (virus_694003,host_109480): 0 -> 1
Cell (virus_694003,host_160974): 0 -> 1
Cell (virus_694003,host_519446): 0 -> 1
Cell (virus_694003,host_412095): 0 -> 1
Cell (virus_694003,host_452654): 0 -> 1
Cell (virus_694003,host_385037): 0 -> 1
Cell (virus_694003,host_155035): 0 -> 1
Cell (virus_694003,host_633648): 0 -> 1
Cell (virus_694003,host_258925): 0 -> 1
Cell (virus_694003,host_177185): 0 -> 1
Cell (virus_694003,host_187017): 0 -> 1
Cell (virus_694003,host_178895): 0 -> 1
Cell (virus_694003,host_608708): 0 -> 1
Cell (virus_694003,host_59477): 0 -> 1
Cell (virus_694003,host_166054): 0 -> 1
Cell (virus_694003,host_196297): 0 -> 1
Cell (virus_694003,host_385575): 0 -> 1
Cell (virus_694003,host_9402): 0 -> 1
Cell (virus_694003,host_9403): 0 -> 1
Cell (virus_694003,host_2853157): 0 -> 1
Cell (virus_694003,host_77243): 0 -> 1
Cell (virus_694003,host_58073): 0 -> 1
Cell (virus_694003,host_58083): 0 -> 1
Cell (virus_694003,host_77223): 0 -> 1
Cell (virus_694003,host_58063): 0 -> 1
Cell (virus_694003,host_77214): 0 -> 1
Cell (virus_694003,host_1898386): 0 -> 1
Cell (virus_694003,host_298110): 0 -> 1
Cell (virus_694003,host_374419): 0 -> 1
Cell (virus_694003,host_326081): 0 -> 1
Cell (virus_694003,host_326151): 0 -> 1
Cell (virus_694003,host_3042450): 0 -> 1
Cell (virus_694003,host_59472): 0 -> 1
Cell (virus_694003,host_1434095): 0 -> 1
Cell (virus_694003,host_221086): 0 -> 1
Cell (virus_694003,host_291302): 0 -> 1
Cell (virus_694003,host_27622): 0 -> 1
Cell (virus_694003,host_3041509): 0 -> 1
Cell (virus_694003,host_2218597): 0 -> 1
Cell (virus_694003,host_258867): 0 -> 1
Cell (virus_694003,host_242384): 0 -> 1
Cell (virus_694003,host_258863): 0 -> 1
Cell (virus_694003,host_9438): 0 -> 1
Cell (virus_694003,host_249033): 0 -> 1
Cell (virus_694003,host_272799): 0 -> 1
Cell (virus_694003,host_59474): 0 -> 1
Cell (virus_694003,host_999321): 0 -> 1
Cell (virus_694003,host_867834): 0 -> 1
Cell (virus_694003,host_258889): 0 -> 1
Cell (virus_694003,host_2491053): 0 -> 1
Cell (virus_694003,host_110938): 0 -> 1
Cell (virus_694003,host_258944): 0 -> 1
Cell (virus_694003,host_59485): 0 -> 1
Cell (virus_2717680,host_105295): 0 -> 1
Cell (virus_2717680,host_51300): 0 -> 1
Cell (virus_2717680,host_294653): 0 -> 1
Cell (virus_2717680,host_59473): 0 -> 1
Cell (virus_2717680,host_3380546): 0 -> 1
Cell (virus_2717680,host_9435): 0 -> 1
Cell (virus_2717680,host_257882): 0 -> 1
Cell (virus_2717680,host_109480): 0 -> 1
Cell (virus_2717680,host_160974): 0 -> 1
Cell (virus_2717680,host_519446): 0 -> 1
Cell (virus_2717680,host_412095): 0 -> 1
Cell (virus_2717680,host_385037): 0 -> 1
Cell (virus_2717680,host_155035): 0 -> 1
Cell (virus_2717680,host_633648): 0 -> 1
Cell (virus_2717680,host_258925): 0 -> 1
Cell (virus_2717680,host_177185): 0 -> 1
Cell (virus_2717680,host_187017): 0 -> 1
Cell (virus_2717680,host_159858): 0 -> 1
Cell (virus_2717680,host_169756): 0 -> 1
Cell (virus_2717680,host_188570): 0 -> 1
Cell (virus_2717680,host_178895): 0 -> 1
Cell (virus_2717680,host_608708): 0 -> 1
Cell (virus_2717680,host_59477): 0 -> 1
Cell (virus_2717680,host_166054): 0 -> 1
Cell (virus_2717680,host_196297): 0 -> 1
Cell (virus_2717680,host_385575): 0 -> 1
Cell (virus_2717680,host_9402): 0 -> 1
Cell (virus_2717680,host_9403): 0 -> 1
Cell (virus_2717680,host_2853157): 0 -> 1
Cell (virus_2717680,host_77243): 0 -> 1
Cell (virus_2717680,host_58073): 0 -> 1
Cell (virus_2717680,host_58083): 0 -> 1
Cell (virus_2717680,host_77223): 0 -> 1
Cell (virus_2717680,host_9408): 0 -> 1
Cell (virus_2717680,host_58063): 0 -> 1
Cell (virus_2717680,host_77214): 0 -> 1
Cell (virus_2717680,host_1898386): 0 -> 1
Cell (virus_2717680,host_298110): 0 -> 1
Cell (virus_2717680,host_374419): 0 -> 1
Cell (virus_2717680,host_326081): 0 -> 1
Cell (virus_2717680,host_326151): 0 -> 1
Cell (virus_2717680,host_3042450): 0 -> 1
Cell (virus_2717680,host_3371013): 0 -> 1
Cell (virus_2717680,host_59472): 0 -> 1
Cell (virus_2717680,host_1434095): 0 -> 1
Cell (virus_2717680,host_291302): 0 -> 1
Cell (virus_2717680,host_221087): 0 -> 1
Cell (virus_2717680,host_27622): 0 -> 1
Cell (virus_2717680,host_3041509): 0 -> 1
Cell (virus_2717680,host_2218597): 0 -> 1
Cell (virus_2717680,host_258867): 0 -> 1
Cell (virus_2717680,host_242384): 0 -> 1
Cell (virus_2717680,host_258863): 0 -> 1
Cell (virus_2717680,host_9438): 0 -> 1
Cell (virus_2717680,host_249033): 0 -> 1
Cell (virus_2717680,host_272799): 0 -> 1
Cell (virus_2717680,host_61862): 0 -> 1
Cell (virus_2717680,host_59474): 0 -> 1
Cell (virus_2717680,host_999321): 0 -> 1
Cell (virus_2717680,host_867834): 0 -> 1
Cell (virus_2717680,host_258889): 0 -> 1
Cell (virus_2717680,host_2491053): 0 -> 1
Cell (virus_2717680,host_110938): 0 -> 1
Cell (virus_2717680,host_258944): 0 -> 1
Cell (virus_2717680,host_59485): 0 -> 1
Cell (virus_2833022,host_105295): 0 -> 1
Cell (virus_2833022,host_51300): 0 -> 1
Cell (virus_2833022,host_294653): 0 -> 1
Cell (virus_2833022,host_59473): 0 -> 1
Cell (virus_2833022,host_3380546): 0 -> 1
Cell (virus_2833022,host_9435): 0 -> 1
Cell (virus_2833022,host_257882): 0 -> 1
Cell (virus_2833022,host_109480): 0 -> 1
Cell (virus_2833022,host_160974): 0 -> 1
Cell (virus_2833022,host_519446): 0 -> 1
Cell (virus_2833022,host_412095): 0 -> 1
Cell (virus_2833022,host_385037): 0 -> 1
Cell (virus_2833022,host_155035): 0 -> 1
Cell (virus_2833022,host_633648): 0 -> 1
Cell (virus_2833022,host_258925): 0 -> 1
Cell (virus_2833022,host_177185): 0 -> 1
Cell (virus_2833022,host_187017): 0 -> 1
Cell (virus_2833022,host_159858): 0 -> 1
Cell (virus_2833022,host_169756): 0 -> 1
Cell (virus_2833022,host_188570): 0 -> 1
Cell (virus_2833022,host_178895): 0 -> 1
Cell (virus_2833022,host_608708): 0 -> 1
Cell (virus_2833022,host_59477): 0 -> 1
Cell (virus_2833022,host_166054): 0 -> 1
Cell (virus_2833022,host_196297): 0 -> 1
Cell (virus_2833022,host_385575): 0 -> 1
Cell (virus_2833022,host_9402): 0 -> 1
Cell (virus_2833022,host_9403): 0 -> 1
Cell (virus_2833022,host_2853157): 0 -> 1
Cell (virus_2833022,host_77243): 0 -> 1
Cell (virus_2833022,host_58073): 0 -> 1
Cell (virus_2833022,host_58083): 0 -> 1
Cell (virus_2833022,host_77223): 0 -> 1
Cell (virus_2833022,host_9408): 0 -> 1
Cell (virus_2833022,host_58063): 0 -> 1
Cell (virus_2833022,host_77214): 0 -> 1
Cell (virus_2833022,host_1898386): 0 -> 1
Cell (virus_2833022,host_298110): 0 -> 1
Cell (virus_2833022,host_374419): 0 -> 1
Cell (virus_2833022,host_326081): 0 -> 1
Cell (virus_2833022,host_326151): 0 -> 1
Cell (virus_2833022,host_3042450): 0 -> 1
Cell (virus_2833022,host_3371013): 0 -> 1
Cell (virus_2833022,host_59472): 0 -> 1
Cell (virus_2833022,host_1434095): 0 -> 1
Cell (virus_2833022,host_291302): 0 -> 1
Cell (virus_2833022,host_221087): 0 -> 1
Cell (virus_2833022,host_27622): 0 -> 1
Cell (virus_2833022,host_3041509): 0 -> 1
Cell (virus_2833022,host_2218597): 0 -> 1
Cell (virus_2833022,host_258867): 0 -> 1
Cell (virus_2833022,host_242384): 0 -> 1
Cell (virus_2833022,host_258863): 0 -> 1
Cell (virus_2833022,host_9438): 0 -> 1
Cell (virus_2833022,host_249033): 0 -> 1
Cell (virus_2833022,host_272799): 0 -> 1
Cell (virus_2833022,host_61862): 0 -> 1
Cell (virus_2833022,host_59474): 0 -> 1
Cell (virus_2833022,host_999321): 0 -> 1
Cell (virus_2833022,host_867834): 0 -> 1
Cell (virus_2833022,host_143942): 0 -> 1
Cell (virus_2833022,host_258889): 0 -> 1
Cell (virus_2833022,host_2491053): 0 -> 1
Cell (virus_2833022,host_110938): 0 -> 1
Cell (virus_2833022,host_258944): 0 -> 1
Cell (virus_2833022,host_59485): 0 -> 1
Cell (virus_2913444,host_105295): 0 -> 1
Cell (virus_2913444,host_51300): 0 -> 1
Cell (virus_2913444,host_294653): 0 -> 1
Cell (virus_2913444,host_59473): 0 -> 1
Cell (virus_2913444,host_3380546): 0 -> 1
Cell (virus_2913444,host_9435): 0 -> 1
Cell (virus_2913444,host_257882): 0 -> 1
Cell (virus_2913444,host_109480): 0 -> 1
Cell (virus_2913444,host_160974): 0 -> 1
Cell (virus_2913444,host_519446): 0 -> 1
Cell (virus_2913444,host_412095): 0 -> 1
Cell (virus_2913444,host_385037): 0 -> 1
Cell (virus_2913444,host_155035): 0 -> 1
Cell (virus_2913444,host_633648): 0 -> 1
Cell (virus_2913444,host_258925): 0 -> 1
Cell (virus_2913444,host_177185): 0 -> 1
Cell (virus_2913444,host_187017): 0 -> 1
Cell (virus_2913444,host_159858): 0 -> 1
Cell (virus_2913444,host_169756): 0 -> 1
Cell (virus_2913444,host_188570): 0 -> 1
Cell (virus_2913444,host_178895): 0 -> 1
Cell (virus_2913444,host_608708): 0 -> 1
Cell (virus_2913444,host_59477): 0 -> 1
Cell (virus_2913444,host_166054): 0 -> 1
Cell (virus_2913444,host_196297): 0 -> 1
Cell (virus_2913444,host_385575): 0 -> 1
Cell (virus_2913444,host_9402): 0 -> 1
Cell (virus_2913444,host_9403): 0 -> 1
Cell (virus_2913444,host_2853157): 0 -> 1
Cell (virus_2913444,host_77243): 0 -> 1
Cell (virus_2913444,host_58073): 0 -> 1
Cell (virus_2913444,host_58083): 0 -> 1
Cell (virus_2913444,host_77223): 0 -> 1
Cell (virus_2913444,host_9408): 0 -> 1
Cell (virus_2913444,host_58063): 0 -> 1
Cell (virus_2913444,host_77214): 0 -> 1
Cell (virus_2913444,host_1898386): 0 -> 1
Cell (virus_2913444,host_298110): 0 -> 1
Cell (virus_2913444,host_374419): 0 -> 1
Cell (virus_2913444,host_326081): 0 -> 1
Cell (virus_2913444,host_326151): 0 -> 1
Cell (virus_2913444,host_3042450): 0 -> 1
Cell (virus_2913444,host_3371013): 0 -> 1
Cell (virus_2913444,host_59472): 0 -> 1
Cell (virus_2913444,host_1434095): 0 -> 1
Cell (virus_2913444,host_291302): 0 -> 1
Cell (virus_2913444,host_221087): 0 -> 1
Cell (virus_2913444,host_27622): 0 -> 1
Cell (virus_2913444,host_3041509): 0 -> 1
Cell (virus_2913444,host_2218597): 0 -> 1
Cell (virus_2913444,host_258867): 0 -> 1
Cell (virus_2913444,host_242384): 0 -> 1
Cell (virus_2913444,host_258863): 0 -> 1
Cell (virus_2913444,host_9438): 0 -> 1
Cell (virus_2913444,host_249033): 0 -> 1
Cell (virus_2913444,host_272799): 0 -> 1
Cell (virus_2913444,host_61862): 0 -> 1
Cell (virus_2913444,host_59474): 0 -> 1
Cell (virus_2913444,host_999321): 0 -> 1
Cell (virus_2913444,host_867834): 0 -> 1
Cell (virus_2913444,host_258889): 0 -> 1
Cell (virus_2913444,host_2491053): 0 -> 1
Cell (virus_2913444,host_110938): 0 -> 1
Cell (virus_2913444,host_258944): 0 -> 1
Cell (virus_2913444,host_59485): 0 -> 1
Cell (virus_3418614,host_105295): 0 -> 1
Cell (virus_3418614,host_51300): 0 -> 1
Cell (virus_3418614,host_294653): 0 -> 1
Cell (virus_3418614,host_59473): 0 -> 1
Cell (virus_3418614,host_3380546): 0 -> 1
Cell (virus_3418614,host_9435): 0 -> 1
Cell (virus_3418614,host_257882): 0 -> 1
Cell (virus_3418614,host_109480): 0 -> 1
Cell (virus_3418614,host_160974): 0 -> 1
Cell (virus_3418614,host_519446): 0 -> 1
Cell (virus_3418614,host_412095): 0 -> 1
Cell (virus_3418614,host_385037): 0 -> 1
Cell (virus_3418614,host_155035): 0 -> 1
Cell (virus_3418614,host_633648): 0 -> 1
Cell (virus_3418614,host_258925): 0 -> 1
Cell (virus_3418614,host_177185): 0 -> 1
Cell (virus_3418614,host_187017): 0 -> 1
Cell (virus_3418614,host_159858): 0 -> 1
Cell (virus_3418614,host_169756): 0 -> 1
Cell (virus_3418614,host_188570): 0 -> 1
Cell (virus_3418614,host_178895): 0 -> 1
Cell (virus_3418614,host_608708): 0 -> 1
Cell (virus_3418614,host_59477): 0 -> 1
Cell (virus_3418614,host_166054): 0 -> 1
Cell (virus_3418614,host_196297): 0 -> 1
Cell (virus_3418614,host_385575): 0 -> 1
Cell (virus_3418614,host_9402): 0 -> 1
Cell (virus_3418614,host_9403): 0 -> 1
Cell (virus_3418614,host_2853157): 0 -> 1
Cell (virus_3418614,host_77243): 0 -> 1
Cell (virus_3418614,host_58073): 0 -> 1
Cell (virus_3418614,host_58083): 0 -> 1
Cell (virus_3418614,host_77223): 0 -> 1
Cell (virus_3418614,host_9408): 0 -> 1
Cell (virus_3418614,host_58063): 0 -> 1
Cell (virus_3418614,host_77214): 0 -> 1
Cell (virus_3418614,host_1898386): 0 -> 1
Cell (virus_3418614,host_298110): 0 -> 1
Cell (virus_3418614,host_374419): 0 -> 1
Cell (virus_3418614,host_326081): 0 -> 1
Cell (virus_3418614,host_326151): 0 -> 1
Cell (virus_3418614,host_3042450): 0 -> 1
Cell (virus_3418614,host_3371013): 0 -> 1
Cell (virus_3418614,host_59472): 0 -> 1
Cell (virus_3418614,host_1434095): 0 -> 1
Cell (virus_3418614,host_291302): 0 -> 1
Cell (virus_3418614,host_221087): 0 -> 1
Cell (virus_3418614,host_27622): 0 -> 1
Cell (virus_3418614,host_3041509): 0 -> 1
Cell (virus_3418614,host_2218597): 0 -> 1
Cell (virus_3418614,host_258867): 0 -> 1
Cell (virus_3418614,host_242384): 0 -> 1
Cell (virus_3418614,host_258863): 0 -> 1
Cell (virus_3418614,host_9438): 0 -> 1
Cell (virus_3418614,host_249033): 0 -> 1
Cell (virus_3418614,host_272799): 0 -> 1
Cell (virus_3418614,host_59474): 0 -> 1
Cell (virus_3418614,host_999321): 0 -> 1
Cell (virus_3418614,host_867834): 0 -> 1
Cell (virus_3418614,host_258889): 0 -> 1
Cell (virus_3418614,host_2491053): 0 -> 1
Cell (virus_3418614,host_110938): 0 -> 1
Cell (virus_3418614,host_258944): 0 -> 1
Cell (virus_3418614,host_59485): 0 -> 1
Cell (virus_2913379,host_105295): 0 -> 1
Cell (virus_2913379,host_51300): 0 -> 1
Cell (virus_2913379,host_294653): 0 -> 1
Cell (virus_2913379,host_59473): 0 -> 1
Cell (virus_2913379,host_3380546): 0 -> 1
Cell (virus_2913379,host_9435): 0 -> 1
Cell (virus_2913379,host_257882): 0 -> 1
Cell (virus_2913379,host_109480): 0 -> 1
Cell (virus_2913379,host_160974): 0 -> 1
Cell (virus_2913379,host_519446): 0 -> 1
Cell (virus_2913379,host_412095): 0 -> 1
Cell (virus_2913379,host_155915): 0 -> 1
Cell (virus_2913379,host_385037): 0 -> 1
Cell (virus_2913379,host_155035): 0 -> 1
Cell (virus_2913379,host_633648): 0 -> 1
Cell (virus_2913379,host_258925): 0 -> 1
Cell (virus_2913379,host_177185): 0 -> 1
Cell (virus_2913379,host_187017): 0 -> 1
Cell (virus_2913379,host_159858): 0 -> 1
Cell (virus_2913379,host_169756): 0 -> 1
Cell (virus_2913379,host_188570): 0 -> 1
Cell (virus_2913379,host_178895): 0 -> 1
Cell (virus_2913379,host_608708): 0 -> 1
Cell (virus_2913379,host_59477): 0 -> 1
Cell (virus_2913379,host_166054): 0 -> 1
Cell (virus_2913379,host_196297): 0 -> 1
Cell (virus_2913379,host_385575): 0 -> 1
Cell (virus_2913379,host_9402): 0 -> 1
Cell (virus_2913379,host_9403): 0 -> 1
Cell (virus_2913379,host_2853157): 0 -> 1
Cell (virus_2913379,host_77243): 0 -> 1
Cell (virus_2913379,host_58073): 0 -> 1
Cell (virus_2913379,host_58083): 0 -> 1
Cell (virus_2913379,host_77223): 0 -> 1
Cell (virus_2913379,host_58063): 0 -> 1
Cell (virus_2913379,host_77214): 0 -> 1
Cell (virus_2913379,host_1898386): 0 -> 1
Cell (virus_2913379,host_298110): 0 -> 1
Cell (virus_2913379,host_374419): 0 -> 1
Cell (virus_2913379,host_326081): 0 -> 1
Cell (virus_2913379,host_326151): 0 -> 1
Cell (virus_2913379,host_3042450): 0 -> 1
Cell (virus_2913379,host_3371013): 0 -> 1
Cell (virus_2913379,host_59472): 0 -> 1
Cell (virus_2913379,host_1434095): 0 -> 1
Cell (virus_2913379,host_291302): 0 -> 1
Cell (virus_2913379,host_27622): 0 -> 1
Cell (virus_2913379,host_3041509): 0 -> 1
Cell (virus_2913379,host_2218597): 0 -> 1
Cell (virus_2913379,host_258867): 0 -> 1
Cell (virus_2913379,host_242384): 0 -> 1
Cell (virus_2913379,host_258863): 0 -> 1
Cell (virus_2913379,host_9438): 0 -> 1
Cell (virus_2913379,host_249033): 0 -> 1
Cell (virus_2913379,host_272799): 0 -> 1
Cell (virus_2913379,host_59474): 0 -> 1
Cell (virus_2913379,host_999321): 0 -> 1
Cell (virus_2913379,host_867834): 0 -> 1
Cell (virus_2913379,host_258889): 0 -> 1
Cell (virus_2913379,host_2491053): 0 -> 1
Cell (virus_2913379,host_110938): 0 -> 1
Cell (virus_2913379,host_258944): 0 -> 1
Cell (virus_2913379,host_59485): 0 -> 1
Cell (virus_2913381,host_105295): 0 -> 1
Cell (virus_2913381,host_51300): 0 -> 1
Cell (virus_2913381,host_294653): 0 -> 1
Cell (virus_2913381,host_59473): 0 -> 1
Cell (virus_2913381,host_3380546): 0 -> 1
Cell (virus_2913381,host_9435): 0 -> 1
Cell (virus_2913381,host_257882): 0 -> 1
Cell (virus_2913381,host_109480): 0 -> 1
Cell (virus_2913381,host_160974): 0 -> 1
Cell (virus_2913381,host_519446): 0 -> 1
Cell (virus_2913381,host_412095): 0 -> 1
Cell (virus_2913381,host_155915): 0 -> 1
Cell (virus_2913381,host_385037): 0 -> 1
Cell (virus_2913381,host_155035): 0 -> 1
Cell (virus_2913381,host_633648): 0 -> 1
Cell (virus_2913381,host_258925): 0 -> 1
Cell (virus_2913381,host_177185): 0 -> 1
Cell (virus_2913381,host_187017): 0 -> 1
Cell (virus_2913381,host_159858): 0 -> 1
Cell (virus_2913381,host_169756): 0 -> 1
Cell (virus_2913381,host_188570): 0 -> 1
Cell (virus_2913381,host_178895): 0 -> 1
Cell (virus_2913381,host_608708): 0 -> 1
Cell (virus_2913381,host_59477): 0 -> 1
Cell (virus_2913381,host_166054): 0 -> 1
Cell (virus_2913381,host_196297): 0 -> 1
Cell (virus_2913381,host_385575): 0 -> 1
Cell (virus_2913381,host_9402): 0 -> 1
Cell (virus_2913381,host_9403): 0 -> 1
Cell (virus_2913381,host_2853157): 0 -> 1
Cell (virus_2913381,host_77243): 0 -> 1
Cell (virus_2913381,host_58073): 0 -> 1
Cell (virus_2913381,host_58083): 0 -> 1
Cell (virus_2913381,host_77223): 0 -> 1
Cell (virus_2913381,host_58063): 0 -> 1
Cell (virus_2913381,host_77214): 0 -> 1
Cell (virus_2913381,host_1898386): 0 -> 1
Cell (virus_2913381,host_298110): 0 -> 1
Cell (virus_2913381,host_374419): 0 -> 1
Cell (virus_2913381,host_326081): 0 -> 1
Cell (virus_2913381,host_326151): 0 -> 1
Cell (virus_2913381,host_94961): 0 -> 1
Cell (virus_2913381,host_3042450): 0 -> 1
Cell (virus_2913381,host_3371013): 0 -> 1
Cell (virus_2913381,host_59472): 0 -> 1
Cell (virus_2913381,host_9414): 0 -> 1
Cell (virus_2913381,host_1434095): 0 -> 1
Cell (virus_2913381,host_291302): 0 -> 1
Cell (virus_2913381,host_27622): 0 -> 1
Cell (virus_2913381,host_3041509): 0 -> 1
Cell (virus_2913381,host_2218597): 0 -> 1
Cell (virus_2913381,host_258867): 0 -> 1
Cell (virus_2913381,host_242384): 0 -> 1
Cell (virus_2913381,host_258863): 0 -> 1
Cell (virus_2913381,host_9438): 0 -> 1
Cell (virus_2913381,host_249033): 0 -> 1
Cell (virus_2913381,host_272799): 0 -> 1
Cell (virus_2913381,host_59474): 0 -> 1
Cell (virus_2913381,host_999321): 0 -> 1
Cell (virus_2913381,host_867834): 0 -> 1
Cell (virus_2913381,host_258889): 0 -> 1
Cell (virus_2913381,host_2491053): 0 -> 1
Cell (virus_2913381,host_110938): 0 -> 1
Cell (virus_2913381,host_258944): 0 -> 1
Cell (virus_2913381,host_59485): 0 -> 1
Cell (virus_3418613,host_105295): 0 -> 1
Cell (virus_3418613,host_51300): 0 -> 1
Cell (virus_3418613,host_294653): 0 -> 1
Cell (virus_3418613,host_59473): 0 -> 1
Cell (virus_3418613,host_3380546): 0 -> 1
Cell (virus_3418613,host_9435): 0 -> 1
Cell (virus_3418613,host_257882): 0 -> 1
Cell (virus_3418613,host_109480): 0 -> 1
Cell (virus_3418613,host_160974): 0 -> 1
Cell (virus_3418613,host_519446): 0 -> 1
Cell (virus_3418613,host_412095): 0 -> 1
Cell (virus_3418613,host_155915): 0 -> 1
Cell (virus_3418613,host_385037): 0 -> 1
Cell (virus_3418613,host_155035): 0 -> 1
Cell (virus_3418613,host_633648): 0 -> 1
Cell (virus_3418613,host_258925): 0 -> 1
Cell (virus_3418613,host_177185): 0 -> 1
Cell (virus_3418613,host_187017): 0 -> 1
Cell (virus_3418613,host_159858): 0 -> 1
Cell (virus_3418613,host_169756): 0 -> 1
Cell (virus_3418613,host_188570): 0 -> 1
Cell (virus_3418613,host_608659): 0 -> 1
Cell (virus_3418613,host_178895): 0 -> 1
Cell (virus_3418613,host_608708): 0 -> 1
Cell (virus_3418613,host_59477): 0 -> 1
Cell (virus_3418613,host_166054): 0 -> 1
Cell (virus_3418613,host_196297): 0 -> 1
Cell (virus_3418613,host_385575): 0 -> 1
Cell (virus_3418613,host_9402): 0 -> 1
Cell (virus_3418613,host_9403): 0 -> 1
Cell (virus_3418613,host_2853157): 0 -> 1
Cell (virus_3418613,host_77243): 0 -> 1
Cell (virus_3418613,host_58073): 0 -> 1
Cell (virus_3418613,host_58083): 0 -> 1
Cell (virus_3418613,host_77223): 0 -> 1
Cell (virus_3418613,host_58063): 0 -> 1
Cell (virus_3418613,host_77214): 0 -> 1
Cell (virus_3418613,host_1898386): 0 -> 1
Cell (virus_3418613,host_298110): 0 -> 1
Cell (virus_3418613,host_374419): 0 -> 1
Cell (virus_3418613,host_326081): 0 -> 1
Cell (virus_3418613,host_326151): 0 -> 1
Cell (virus_3418613,host_3042450): 0 -> 1
Cell (virus_3418613,host_3371013): 0 -> 1
Cell (virus_3418613,host_59472): 0 -> 1
Cell (virus_3418613,host_1434095): 0 -> 1
Cell (virus_3418613,host_291302): 0 -> 1
Cell (virus_3418613,host_27622): 0 -> 1
Cell (virus_3418613,host_3041509): 0 -> 1
Cell (virus_3418613,host_2218597): 0 -> 1
Cell (virus_3418613,host_258867): 0 -> 1
Cell (virus_3418613,host_242384): 0 -> 1
Cell (virus_3418613,host_258863): 0 -> 1
Cell (virus_3418613,host_9438): 0 -> 1
Cell (virus_3418613,host_249033): 0 -> 1
Cell (virus_3418613,host_272799): 0 -> 1
Cell (virus_3418613,host_59474): 0 -> 1
Cell (virus_3418613,host_999321): 0 -> 1
Cell (virus_3418613,host_867834): 0 -> 1
Cell (virus_3418613,host_258889): 0 -> 1
Cell (virus_3418613,host_2491053): 0 -> 1
Cell (virus_3418613,host_110938): 0 -> 1
Cell (virus_3418613,host_258944): 0 -> 1
Cell (virus_3418613,host_59485): 0 -> 1
Cell (virus_2913443,host_105295): 0 -> 1
Cell (virus_2913443,host_51300): 0 -> 1
Cell (virus_2913443,host_294653): 0 -> 1
Cell (virus_2913443,host_59473): 0 -> 1
Cell (virus_2913443,host_3380546): 0 -> 1
Cell (virus_2913443,host_9435): 0 -> 1
Cell (virus_2913443,host_257882): 0 -> 1
Cell (virus_2913443,host_109480): 0 -> 1
Cell (virus_2913443,host_160974): 0 -> 1
Cell (virus_2913443,host_519446): 0 -> 1
Cell (virus_2913443,host_412095): 0 -> 1
Cell (virus_2913443,host_385037): 0 -> 1
Cell (virus_2913443,host_155035): 0 -> 1
Cell (virus_2913443,host_633648): 0 -> 1
Cell (virus_2913443,host_258925): 0 -> 1
Cell (virus_2913443,host_177185): 0 -> 1
Cell (virus_2913443,host_187017): 0 -> 1
Cell (virus_2913443,host_159858): 0 -> 1
Cell (virus_2913443,host_169756): 0 -> 1
Cell (virus_2913443,host_188570): 0 -> 1
Cell (virus_2913443,host_178895): 0 -> 1
Cell (virus_2913443,host_608708): 0 -> 1
Cell (virus_2913443,host_59477): 0 -> 1
Cell (virus_2913443,host_166054): 0 -> 1
Cell (virus_2913443,host_196297): 0 -> 1
Cell (virus_2913443,host_385575): 0 -> 1
Cell (virus_2913443,host_9402): 0 -> 1
Cell (virus_2913443,host_9403): 0 -> 1
Cell (virus_2913443,host_2853157): 0 -> 1
Cell (virus_2913443,host_77243): 0 -> 1
Cell (virus_2913443,host_58073): 0 -> 1
Cell (virus_2913443,host_58083): 0 -> 1
Cell (virus_2913443,host_77223): 0 -> 1
Cell (virus_2913443,host_58063): 0 -> 1
Cell (virus_2913443,host_77214): 0 -> 1
Cell (virus_2913443,host_1898386): 0 -> 1
Cell (virus_2913443,host_298110): 0 -> 1
Cell (virus_2913443,host_374419): 0 -> 1
Cell (virus_2913443,host_326081): 0 -> 1
Cell (virus_2913443,host_326151): 0 -> 1
Cell (virus_2913443,host_3042450): 0 -> 1
Cell (virus_2913443,host_59472): 0 -> 1
Cell (virus_2913443,host_1434095): 0 -> 1
Cell (virus_2913443,host_291302): 0 -> 1
Cell (virus_2913443,host_27622): 0 -> 1
Cell (virus_2913443,host_3041509): 0 -> 1
Cell (virus_2913443,host_2218597): 0 -> 1
Cell (virus_2913443,host_258867): 0 -> 1
Cell (virus_2913443,host_242384): 0 -> 1
Cell (virus_2913443,host_258863): 0 -> 1
Cell (virus_2913443,host_9438): 0 -> 1
Cell (virus_2913443,host_249033): 0 -> 1
Cell (virus_2913443,host_272799): 0 -> 1
Cell (virus_2913443,host_59474): 0 -> 1
Cell (virus_2913443,host_867834): 0 -> 1
Cell (virus_2913443,host_258889): 0 -> 1
Cell (virus_2913443,host_2491053): 0 -> 1
Cell (virus_2913443,host_110938): 0 -> 1
Cell (virus_2913443,host_258944): 0 -> 1
Cell (virus_2913443,host_59485): 0 -> 1
Cell (virus_2972746,host_105295): 0 -> 1
Cell (virus_2972746,host_51300): 0 -> 1
Cell (virus_2972746,host_294653): 0 -> 1
Cell (virus_2972746,host_59473): 0 -> 1
Cell (virus_2972746,host_3380546): 0 -> 1
Cell (virus_2972746,host_9435): 0 -> 1
Cell (virus_2972746,host_257882): 0 -> 1
Cell (virus_2972746,host_109480): 0 -> 1
Cell (virus_2972746,host_160974): 0 -> 1
Cell (virus_2972746,host_519446): 0 -> 1
Cell (virus_2972746,host_412095): 0 -> 1
Cell (virus_2972746,host_385037): 0 -> 1
Cell (virus_2972746,host_155035): 0 -> 1
Cell (virus_2972746,host_633648): 0 -> 1
Cell (virus_2972746,host_258925): 0 -> 1
Cell (virus_2972746,host_177185): 0 -> 1
Cell (virus_2972746,host_187017): 0 -> 1
Cell (virus_2972746,host_159858): 0 -> 1
Cell (virus_2972746,host_169756): 0 -> 1
Cell (virus_2972746,host_188570): 0 -> 1
Cell (virus_2972746,host_178895): 0 -> 1
Cell (virus_2972746,host_608708): 0 -> 1
Cell (virus_2972746,host_59477): 0 -> 1
Cell (virus_2972746,host_166054): 0 -> 1
Cell (virus_2972746,host_196297): 0 -> 1
Cell (virus_2972746,host_385575): 0 -> 1
Cell (virus_2972746,host_9402): 0 -> 1
Cell (virus_2972746,host_9403): 0 -> 1
Cell (virus_2972746,host_2853157): 0 -> 1
Cell (virus_2972746,host_77243): 0 -> 1
Cell (virus_2972746,host_58073): 0 -> 1
Cell (virus_2972746,host_58083): 0 -> 1
Cell (virus_2972746,host_77223): 0 -> 1
Cell (virus_2972746,host_58063): 0 -> 1
Cell (virus_2972746,host_77214): 0 -> 1
Cell (virus_2972746,host_1898386): 0 -> 1
Cell (virus_2972746,host_298110): 0 -> 1
Cell (virus_2972746,host_374419): 0 -> 1
Cell (virus_2972746,host_326081): 0 -> 1
Cell (virus_2972746,host_326151): 0 -> 1
Cell (virus_2972746,host_3042450): 0 -> 1
Cell (virus_2972746,host_59472): 0 -> 1
Cell (virus_2972746,host_1434095): 0 -> 1
Cell (virus_2972746,host_291302): 0 -> 1
Cell (virus_2972746,host_27622): 0 -> 1
Cell (virus_2972746,host_3041509): 0 -> 1
Cell (virus_2972746,host_2218597): 0 -> 1
Cell (virus_2972746,host_258867): 0 -> 1
Cell (virus_2972746,host_242384): 0 -> 1
Cell (virus_2972746,host_258863): 0 -> 1
Cell (virus_2972746,host_9438): 0 -> 1
Cell (virus_2972746,host_249033): 0 -> 1
Cell (virus_2972746,host_272799): 0 -> 1
Cell (virus_2972746,host_59474): 0 -> 1
Cell (virus_2972746,host_999321): 0 -> 1
Cell (virus_2972746,host_867834): 0 -> 1
Cell (virus_2972746,host_258889): 0 -> 1
Cell (virus_2972746,host_2491053): 0 -> 1
Cell (virus_2972746,host_110938): 0 -> 1
Cell (virus_2972746,host_258944): 0 -> 1
Cell (virus_2972746,host_59485): 0 -> 1
Cell (virus_1805463,host_105295): 0 -> 1
Cell (virus_1805463,host_294653): 0 -> 1
Cell (virus_1805463,host_59473): 0 -> 1
Cell (virus_1805463,host_3380546): 0 -> 1
Cell (virus_1805463,host_9435): 0 -> 1
Cell (virus_1805463,host_257882): 0 -> 1
Cell (virus_1805463,host_109480): 0 -> 1
Cell (virus_1805463,host_160974): 0 -> 1
Cell (virus_1805463,host_519446): 0 -> 1
Cell (virus_1805463,host_412095): 0 -> 1
Cell (virus_1805463,host_385037): 0 -> 1
Cell (virus_1805463,host_155035): 0 -> 1
Cell (virus_1805463,host_633648): 0 -> 1
Cell (virus_1805463,host_258925): 0 -> 1
Cell (virus_1805463,host_177185): 0 -> 1
Cell (virus_1805463,host_187017): 0 -> 1
Cell (virus_1805463,host_159858): 0 -> 1
Cell (virus_1805463,host_169756): 0 -> 1
Cell (virus_1805463,host_188570): 0 -> 1
Cell (virus_1805463,host_178895): 0 -> 1
Cell (virus_1805463,host_608708): 0 -> 1
Cell (virus_1805463,host_59477): 0 -> 1
Cell (virus_1805463,host_166054): 0 -> 1
Cell (virus_1805463,host_196297): 0 -> 1
Cell (virus_1805463,host_385575): 0 -> 1
Cell (virus_1805463,host_9402): 0 -> 1
Cell (virus_1805463,host_9403): 0 -> 1
Cell (virus_1805463,host_2853157): 0 -> 1
Cell (virus_1805463,host_77243): 0 -> 1
Cell (virus_1805463,host_58083): 0 -> 1
Cell (virus_1805463,host_77223): 0 -> 1
Cell (virus_1805463,host_58063): 0 -> 1
Cell (virus_1805463,host_77214): 0 -> 1
Cell (virus_1805463,host_1898386): 0 -> 1
Cell (virus_1805463,host_298110): 0 -> 1
Cell (virus_1805463,host_374419): 0 -> 1
Cell (virus_1805463,host_326081): 0 -> 1
Cell (virus_1805463,host_326151): 0 -> 1
Cell (virus_1805463,host_3042450): 0 -> 1
Cell (virus_1805463,host_59472): 0 -> 1
Cell (virus_1805463,host_1434095): 0 -> 1
Cell (virus_1805463,host_291302): 0 -> 1
Cell (virus_1805463,host_27622): 0 -> 1
Cell (virus_1805463,host_3041509): 0 -> 1
Cell (virus_1805463,host_2218597): 0 -> 1
Cell (virus_1805463,host_258867): 0 -> 1
Cell (virus_1805463,host_242384): 0 -> 1
Cell (virus_1805463,host_258863): 0 -> 1
Cell (virus_1805463,host_9438): 0 -> 1
Cell (virus_1805463,host_249033): 0 -> 1
Cell (virus_1805463,host_272799): 0 -> 1
Cell (virus_1805463,host_59474): 0 -> 1
Cell (virus_1805463,host_999321): 0 -> 1
Cell (virus_1805463,host_867834): 0 -> 1
Cell (virus_1805463,host_258889): 0 -> 1
Cell (virus_1805463,host_2491053): 0 -> 1
Cell (virus_1805463,host_110938): 0 -> 1
Cell (virus_1805463,host_258944): 0 -> 1
Cell (virus_1805463,host_59485): 0 -> 1
Cell (virus_3061635,host_105295): 0 -> 1
Cell (virus_3061635,host_294653): 0 -> 1
Cell (virus_3061635,host_59473): 0 -> 1
Cell (virus_3061635,host_3380546): 0 -> 1
Cell (virus_3061635,host_9435): 0 -> 1
Cell (virus_3061635,host_257882): 0 -> 1
Cell (virus_3061635,host_109480): 0 -> 1
Cell (virus_3061635,host_160974): 0 -> 1
Cell (virus_3061635,host_519446): 0 -> 1
Cell (virus_3061635,host_412095): 0 -> 1
Cell (virus_3061635,host_385037): 0 -> 1
Cell (virus_3061635,host_155035): 0 -> 1
Cell (virus_3061635,host_633648): 0 -> 1
Cell (virus_3061635,host_258925): 0 -> 1
Cell (virus_3061635,host_177185): 0 -> 1
Cell (virus_3061635,host_187017): 0 -> 1
Cell (virus_3061635,host_159858): 0 -> 1
Cell (virus_3061635,host_169756): 0 -> 1
Cell (virus_3061635,host_188570): 0 -> 1
Cell (virus_3061635,host_178895): 0 -> 1
Cell (virus_3061635,host_608708): 0 -> 1
Cell (virus_3061635,host_59477): 0 -> 1
Cell (virus_3061635,host_166054): 0 -> 1
Cell (virus_3061635,host_196297): 0 -> 1
Cell (virus_3061635,host_385575): 0 -> 1
Cell (virus_3061635,host_9402): 0 -> 1
Cell (virus_3061635,host_9403): 0 -> 1
Cell (virus_3061635,host_2853157): 0 -> 1
Cell (virus_3061635,host_77243): 0 -> 1
Cell (virus_3061635,host_58083): 0 -> 1
Cell (virus_3061635,host_77223): 0 -> 1
Cell (virus_3061635,host_58063): 0 -> 1
Cell (virus_3061635,host_77214): 0 -> 1
Cell (virus_3061635,host_1898386): 0 -> 1
Cell (virus_3061635,host_298110): 0 -> 1
Cell (virus_3061635,host_374419): 0 -> 1
Cell (virus_3061635,host_326081): 0 -> 1
Cell (virus_3061635,host_326151): 0 -> 1
Cell (virus_3061635,host_3042450): 0 -> 1
Cell (virus_3061635,host_59472): 0 -> 1
Cell (virus_3061635,host_1434095): 0 -> 1
Cell (virus_3061635,host_291302): 0 -> 1
Cell (virus_3061635,host_27622): 0 -> 1
Cell (virus_3061635,host_3041509): 0 -> 1
Cell (virus_3061635,host_2218597): 0 -> 1
Cell (virus_3061635,host_258867): 0 -> 1
Cell (virus_3061635,host_242384): 0 -> 1
Cell (virus_3061635,host_258863): 0 -> 1
Cell (virus_3061635,host_9438): 0 -> 1
Cell (virus_3061635,host_249033): 0 -> 1
Cell (virus_3061635,host_272799): 0 -> 1
Cell (virus_3061635,host_59474): 0 -> 1
Cell (virus_3061635,host_999321): 0 -> 1
Cell (virus_3061635,host_867834): 0 -> 1
Cell (virus_3061635,host_258889): 0 -> 1
Cell (virus_3061635,host_2491053): 0 -> 1
Cell (virus_3061635,host_110938): 0 -> 1
Cell (virus_3061635,host_258944): 0 -> 1
Cell (virus_3061635,host_59485): 0 -> 1
Cell (virus_3068888,host_105295): 0 -> 1
Cell (virus_3068888,host_294653): 0 -> 1
Cell (virus_3068888,host_59473): 0 -> 1
Cell (virus_3068888,host_3380546): 0 -> 1
Cell (virus_3068888,host_9435): 0 -> 1
Cell (virus_3068888,host_257882): 0 -> 1
Cell (virus_3068888,host_109480): 0 -> 1
Cell (virus_3068888,host_160974): 0 -> 1
Cell (virus_3068888,host_519446): 0 -> 1
Cell (virus_3068888,host_412095): 0 -> 1
Cell (virus_3068888,host_385037): 0 -> 1
Cell (virus_3068888,host_155035): 0 -> 1
Cell (virus_3068888,host_633648): 0 -> 1
Cell (virus_3068888,host_258925): 0 -> 1
Cell (virus_3068888,host_177185): 0 -> 1
Cell (virus_3068888,host_187017): 0 -> 1
Cell (virus_3068888,host_159858): 0 -> 1
Cell (virus_3068888,host_169756): 0 -> 1
Cell (virus_3068888,host_188570): 0 -> 1
Cell (virus_3068888,host_178895): 0 -> 1
Cell (virus_3068888,host_608708): 0 -> 1
Cell (virus_3068888,host_59477): 0 -> 1
Cell (virus_3068888,host_166054): 0 -> 1
Cell (virus_3068888,host_196297): 0 -> 1
Cell (virus_3068888,host_385575): 0 -> 1
Cell (virus_3068888,host_9402): 0 -> 1
Cell (virus_3068888,host_9403): 0 -> 1
Cell (virus_3068888,host_2853157): 0 -> 1
Cell (virus_3068888,host_77243): 0 -> 1
Cell (virus_3068888,host_58083): 0 -> 1
Cell (virus_3068888,host_77223): 0 -> 1
Cell (virus_3068888,host_58063): 0 -> 1
Cell (virus_3068888,host_77214): 0 -> 1
Cell (virus_3068888,host_1898386): 0 -> 1
Cell (virus_3068888,host_9400): 0 -> 1
Cell (virus_3068888,host_298110): 0 -> 1
Cell (virus_3068888,host_374419): 0 -> 1
Cell (virus_3068888,host_326081): 0 -> 1
Cell (virus_3068888,host_326151): 0 -> 1
Cell (virus_3068888,host_3042450): 0 -> 1
Cell (virus_3068888,host_59472): 0 -> 1
Cell (virus_3068888,host_1434095): 0 -> 1
Cell (virus_3068888,host_291302): 0 -> 1
Cell (virus_3068888,host_27622): 0 -> 1
Cell (virus_3068888,host_3041509): 0 -> 1
Cell (virus_3068888,host_2218597): 0 -> 1
Cell (virus_3068888,host_258867): 0 -> 1
Cell (virus_3068888,host_242384): 0 -> 1
Cell (virus_3068888,host_258863): 0 -> 1
Cell (virus_3068888,host_9438): 0 -> 1
Cell (virus_3068888,host_249033): 0 -> 1
Cell (virus_3068888,host_272799): 0 -> 1
Cell (virus_3068888,host_59474): 0 -> 1
Cell (virus_3068888,host_999321): 0 -> 1
Cell (virus_3068888,host_867834): 0 -> 1
Cell (virus_3068888,host_258889): 0 -> 1
Cell (virus_3068888,host_2491053): 0 -> 1
Cell (virus_3068888,host_110938): 0 -> 1
Cell (virus_3068888,host_258944): 0 -> 1
Cell (virus_3068888,host_59485): 0 -> 1
Cell (virus_2833184,host_105295): 0 -> 1
Cell (virus_2833184,host_294653): 0 -> 1
Cell (virus_2833184,host_59473): 0 -> 1
Cell (virus_2833184,host_3380546): 0 -> 1
Cell (virus_2833184,host_9435): 0 -> 1
Cell (virus_2833184,host_257882): 0 -> 1
Cell (virus_2833184,host_109480): 0 -> 1
Cell (virus_2833184,host_160974): 0 -> 1
Cell (virus_2833184,host_519446): 0 -> 1
Cell (virus_2833184,host_412095): 0 -> 1
Cell (virus_2833184,host_452654): 0 -> 1
Cell (virus_2833184,host_385037): 0 -> 1
Cell (virus_2833184,host_155035): 0 -> 1
Cell (virus_2833184,host_633648): 0 -> 1
Cell (virus_2833184,host_258925): 0 -> 1
Cell (virus_2833184,host_177185): 0 -> 1
Cell (virus_2833184,host_187017): 0 -> 1
Cell (virus_2833184,host_159858): 0 -> 1
Cell (virus_2833184,host_169756): 0 -> 1
Cell (virus_2833184,host_188570): 0 -> 1
Cell (virus_2833184,host_178895): 0 -> 1
Cell (virus_2833184,host_608708): 0 -> 1
Cell (virus_2833184,host_59477): 0 -> 1
Cell (virus_2833184,host_166054): 0 -> 1
Cell (virus_2833184,host_196297): 0 -> 1
Cell (virus_2833184,host_385575): 0 -> 1
Cell (virus_2833184,host_9402): 0 -> 1
Cell (virus_2833184,host_9403): 0 -> 1
Cell (virus_2833184,host_2853157): 0 -> 1
Cell (virus_2833184,host_77243): 0 -> 1
Cell (virus_2833184,host_58083): 0 -> 1
Cell (virus_2833184,host_77223): 0 -> 1
Cell (virus_2833184,host_58063): 0 -> 1
Cell (virus_2833184,host_77214): 0 -> 1
Cell (virus_2833184,host_1898386): 0 -> 1
Cell (virus_2833184,host_298110): 0 -> 1
Cell (virus_2833184,host_374419): 0 -> 1
Cell (virus_2833184,host_326081): 0 -> 1
Cell (virus_2833184,host_326151): 0 -> 1
Cell (virus_2833184,host_9417): 0 -> 1
Cell (virus_2833184,host_3042450): 0 -> 1
Cell (virus_2833184,host_59472): 0 -> 1
Cell (virus_2833184,host_1434095): 0 -> 1
Cell (virus_2833184,host_291302): 0 -> 1
Cell (virus_2833184,host_27622): 0 -> 1
Cell (virus_2833184,host_2218597): 0 -> 1
Cell (virus_2833184,host_258867): 0 -> 1
Cell (virus_2833184,host_242384): 0 -> 1
Cell (virus_2833184,host_258863): 0 -> 1
Cell (virus_2833184,host_9438): 0 -> 1
Cell (virus_2833184,host_249033): 0 -> 1
Cell (virus_2833184,host_272799): 0 -> 1
Cell (virus_2833184,host_59474): 0 -> 1
Cell (virus_2833184,host_999321): 0 -> 1
Cell (virus_2833184,host_867834): 0 -> 1
Cell (virus_2833184,host_258889): 0 -> 1
Cell (virus_2833184,host_2491053): 0 -> 1
Cell (virus_2833184,host_110938): 0 -> 1
Cell (virus_2833184,host_258944): 0 -> 1
Cell (virus_2833184,host_59485): 0 -> 1
Cell (virus_864596,host_105295): 0 -> 1
Cell (virus_864596,host_294653): 0 -> 1
Cell (virus_864596,host_59473): 0 -> 1
Cell (virus_864596,host_3380546): 0 -> 1
Cell (virus_864596,host_9435): 0 -> 1
Cell (virus_864596,host_257882): 0 -> 1
Cell (virus_864596,host_109480): 0 -> 1
Cell (virus_864596,host_160974): 0 -> 1
Cell (virus_864596,host_519446): 0 -> 1
Cell (virus_864596,host_412095): 0 -> 1
Cell (virus_864596,host_452654): 0 -> 1
Cell (virus_864596,host_385037): 0 -> 1
Cell (virus_864596,host_155035): 0 -> 1
Cell (virus_864596,host_633648): 0 -> 1
Cell (virus_864596,host_258925): 0 -> 1
Cell (virus_864596,host_177185): 0 -> 1
Cell (virus_864596,host_187017): 0 -> 1
Cell (virus_864596,host_159858): 0 -> 1
Cell (virus_864596,host_169756): 0 -> 1
Cell (virus_864596,host_188570): 0 -> 1
Cell (virus_864596,host_178895): 0 -> 1
Cell (virus_864596,host_608708): 0 -> 1
Cell (virus_864596,host_59477): 0 -> 1
Cell (virus_864596,host_166054): 0 -> 1
Cell (virus_864596,host_196297): 0 -> 1
Cell (virus_864596,host_385575): 0 -> 1
Cell (virus_864596,host_9402): 0 -> 1
Cell (virus_864596,host_9403): 0 -> 1
Cell (virus_864596,host_2853157): 0 -> 1
Cell (virus_864596,host_77243): 0 -> 1
Cell (virus_864596,host_58083): 0 -> 1
Cell (virus_864596,host_77223): 0 -> 1
Cell (virus_864596,host_58063): 0 -> 1
Cell (virus_864596,host_77214): 0 -> 1
Cell (virus_864596,host_1898386): 0 -> 1
Cell (virus_864596,host_298110): 0 -> 1
Cell (virus_864596,host_374419): 0 -> 1
Cell (virus_864596,host_326081): 0 -> 1
Cell (virus_864596,host_326151): 0 -> 1
Cell (virus_864596,host_3042450): 0 -> 1
Cell (virus_864596,host_59472): 0 -> 1
Cell (virus_864596,host_1434095): 0 -> 1
Cell (virus_864596,host_291302): 0 -> 1
Cell (virus_864596,host_27622): 0 -> 1
Cell (virus_864596,host_2218597): 0 -> 1
Cell (virus_864596,host_258867): 0 -> 1
Cell (virus_864596,host_242384): 0 -> 1
Cell (virus_864596,host_258863): 0 -> 1
Cell (virus_864596,host_9438): 0 -> 1
Cell (virus_864596,host_249033): 0 -> 1
Cell (virus_864596,host_272799): 0 -> 1
Cell (virus_864596,host_59474): 0 -> 1
Cell (virus_864596,host_999321): 0 -> 1
Cell (virus_864596,host_867834): 0 -> 1
Cell (virus_864596,host_258889): 0 -> 1
Cell (virus_864596,host_2491053): 0 -> 1
Cell (virus_864596,host_110938): 0 -> 1
Cell (virus_864596,host_258944): 0 -> 1
Cell (virus_864596,host_59485): 0 -> 1
Cell (virus_3068538,host_105295): 0 -> 1
Cell (virus_3068538,host_294653): 0 -> 1
Cell (virus_3068538,host_59473): 0 -> 1
Cell (virus_3068538,host_3380546): 0 -> 1
Cell (virus_3068538,host_9435): 0 -> 1
Cell (virus_3068538,host_257882): 0 -> 1
Cell (virus_3068538,host_109480): 0 -> 1
Cell (virus_3068538,host_160974): 0 -> 1
Cell (virus_3068538,host_1633875): 0 -> 1
Cell (virus_3068538,host_519446): 0 -> 1
Cell (virus_3068538,host_412095): 0 -> 1
Cell (virus_3068538,host_452654): 0 -> 1
Cell (virus_3068538,host_385037): 0 -> 1
Cell (virus_3068538,host_155035): 0 -> 1
Cell (virus_3068538,host_633648): 0 -> 1
Cell (virus_3068538,host_258925): 0 -> 1
Cell (virus_3068538,host_177185): 0 -> 1
Cell (virus_3068538,host_187017): 0 -> 1
Cell (virus_3068538,host_159858): 0 -> 1
Cell (virus_3068538,host_169756): 0 -> 1
Cell (virus_3068538,host_188570): 0 -> 1
Cell (virus_3068538,host_178895): 0 -> 1
Cell (virus_3068538,host_608708): 0 -> 1
Cell (virus_3068538,host_59477): 0 -> 1
Cell (virus_3068538,host_89399): 0 -> 1
Cell (virus_3068538,host_166054): 0 -> 1
Cell (virus_3068538,host_196297): 0 -> 1
Cell (virus_3068538,host_385575): 0 -> 1
Cell (virus_3068538,host_9402): 0 -> 1
Cell (virus_3068538,host_9403): 0 -> 1
Cell (virus_3068538,host_2853157): 0 -> 1
Cell (virus_3068538,host_77243): 0 -> 1
Cell (virus_3068538,host_58083): 0 -> 1
Cell (virus_3068538,host_77223): 0 -> 1
Cell (virus_3068538,host_58063): 0 -> 1
Cell (virus_3068538,host_77214): 0 -> 1
Cell (virus_3068538,host_1898386): 0 -> 1
Cell (virus_3068538,host_298110): 0 -> 1
Cell (virus_3068538,host_374419): 0 -> 1
Cell (virus_3068538,host_326081): 0 -> 1
Cell (virus_3068538,host_326151): 0 -> 1
Cell (virus_3068538,host_3042450): 0 -> 1
Cell (virus_3068538,host_59472): 0 -> 1
Cell (virus_3068538,host_1434095): 0 -> 1
Cell (virus_3068538,host_291302): 0 -> 1
Cell (virus_3068538,host_27622): 0 -> 1
Cell (virus_3068538,host_3041509): 0 -> 1
Cell (virus_3068538,host_2218597): 0 -> 1
Cell (virus_3068538,host_258867): 0 -> 1
Cell (virus_3068538,host_242384): 0 -> 1
Cell (virus_3068538,host_258863): 0 -> 1
Cell (virus_3068538,host_9438): 0 -> 1
Cell (virus_3068538,host_249033): 0 -> 1
Cell (virus_3068538,host_272799): 0 -> 1
Cell (virus_3068538,host_59474): 0 -> 1
Cell (virus_3068538,host_999321): 0 -> 1
Cell (virus_3068538,host_867834): 0 -> 1
Cell (virus_3068538,host_258889): 0 -> 1
Cell (virus_3068538,host_2491053): 0 -> 1
Cell (virus_3068538,host_110938): 0 -> 1
Cell (virus_3068538,host_258944): 0 -> 1
Cell (virus_3068538,host_59485): 0 -> 1
Cell (virus_694009,host_105295): 0 -> 1
Cell (virus_694009,host_294653): 0 -> 1
Cell (virus_694009,host_59473): 0 -> 1
Cell (virus_694009,host_3380546): 0 -> 1
Cell (virus_694009,host_9435): 0 -> 1
Cell (virus_694009,host_257882): 0 -> 1
Cell (virus_694009,host_109480): 0 -> 1
Cell (virus_694009,host_160974): 0 -> 1
Cell (virus_694009,host_1633875): 0 -> 1
Cell (virus_694009,host_519446): 0 -> 1
Cell (virus_694009,host_412095): 0 -> 1
Cell (virus_694009,host_452654): 0 -> 1
Cell (virus_694009,host_385037): 0 -> 1
Cell (virus_694009,host_155035): 0 -> 1
Cell (virus_694009,host_633648): 0 -> 1
Cell (virus_694009,host_258925): 0 -> 1
Cell (virus_694009,host_177185): 0 -> 1
Cell (virus_694009,host_187017): 0 -> 1
Cell (virus_694009,host_159858): 0 -> 1
Cell (virus_694009,host_169756): 0 -> 1
Cell (virus_694009,host_188570): 0 -> 1
Cell (virus_694009,host_178895): 0 -> 1
Cell (virus_694009,host_608708): 0 -> 1
Cell (virus_694009,host_59477): 0 -> 1
Cell (virus_694009,host_89399): 0 -> 1
Cell (virus_694009,host_166054): 0 -> 1
Cell (virus_694009,host_196297): 0 -> 1
Cell (virus_694009,host_385575): 0 -> 1
Cell (virus_694009,host_9402): 0 -> 1
Cell (virus_694009,host_9403): 0 -> 1
Cell (virus_694009,host_2853157): 0 -> 1
Cell (virus_694009,host_77243): 0 -> 1
Cell (virus_694009,host_58083): 0 -> 1
Cell (virus_694009,host_77223): 0 -> 1
Cell (virus_694009,host_58063): 0 -> 1
Cell (virus_694009,host_77214): 0 -> 1
Cell (virus_694009,host_1898386): 0 -> 1
Cell (virus_694009,host_298110): 0 -> 1
Cell (virus_694009,host_374419): 0 -> 1
Cell (virus_694009,host_326081): 0 -> 1
Cell (virus_694009,host_326151): 0 -> 1
Cell (virus_694009,host_3042450): 0 -> 1
Cell (virus_694009,host_59472): 0 -> 1
Cell (virus_694009,host_1434095): 0 -> 1
Cell (virus_694009,host_291302): 0 -> 1
Cell (virus_694009,host_27622): 0 -> 1
Cell (virus_694009,host_3041509): 0 -> 1
Cell (virus_694009,host_2218597): 0 -> 1
Cell (virus_694009,host_258867): 0 -> 1
Cell (virus_694009,host_242384): 0 -> 1
Cell (virus_694009,host_258863): 0 -> 1
Cell (virus_694009,host_9438): 0 -> 1
Cell (virus_694009,host_249033): 0 -> 1
Cell (virus_694009,host_272799): 0 -> 1
Cell (virus_694009,host_59474): 0 -> 1
Cell (virus_694009,host_999321): 0 -> 1
Cell (virus_694009,host_867834): 0 -> 1
Cell (virus_694009,host_258889): 0 -> 1
Cell (virus_694009,host_2491053): 0 -> 1
Cell (virus_694009,host_110938): 0 -> 1
Cell (virus_694009,host_258944): 0 -> 1
Cell (virus_694009,host_59485): 0 -> 1
Cell (virus_3418604,host_105295): 0 -> 1
Cell (virus_3418604,host_294653): 0 -> 1
Cell (virus_3418604,host_59473): 0 -> 1
Cell (virus_3418604,host_3380546): 0 -> 1
Cell (virus_3418604,host_9435): 0 -> 1
Cell (virus_3418604,host_257882): 0 -> 1
Cell (virus_3418604,host_109480): 0 -> 1
Cell (virus_3418604,host_160974): 0 -> 1
Cell (virus_3418604,host_1633875): 0 -> 1
Cell (virus_3418604,host_519446): 0 -> 1
Cell (virus_3418604,host_412095): 0 -> 1
Cell (virus_3418604,host_452654): 0 -> 1
Cell (virus_3418604,host_385037): 0 -> 1
Cell (virus_3418604,host_155035): 0 -> 1
Cell (virus_3418604,host_633648): 0 -> 1
Cell (virus_3418604,host_258925): 0 -> 1
Cell (virus_3418604,host_177185): 0 -> 1
Cell (virus_3418604,host_187017): 0 -> 1
Cell (virus_3418604,host_159858): 0 -> 1
Cell (virus_3418604,host_169756): 0 -> 1
Cell (virus_3418604,host_188570): 0 -> 1
Cell (virus_3418604,host_178895): 0 -> 1
Cell (virus_3418604,host_608708): 0 -> 1
Cell (virus_3418604,host_59477): 0 -> 1
Cell (virus_3418604,host_89399): 0 -> 1
Cell (virus_3418604,host_166054): 0 -> 1
Cell (virus_3418604,host_196297): 0 -> 1
Cell (virus_3418604,host_385575): 0 -> 1
Cell (virus_3418604,host_9402): 0 -> 1
Cell (virus_3418604,host_9403): 0 -> 1
Cell (virus_3418604,host_2853157): 0 -> 1
Cell (virus_3418604,host_77243): 0 -> 1
Cell (virus_3418604,host_58083): 0 -> 1
Cell (virus_3418604,host_77223): 0 -> 1
Cell (virus_3418604,host_58063): 0 -> 1
Cell (virus_3418604,host_77214): 0 -> 1
Cell (virus_3418604,host_1898386): 0 -> 1
Cell (virus_3418604,host_298110): 0 -> 1
Cell (virus_3418604,host_374419): 0 -> 1
Cell (virus_3418604,host_326081): 0 -> 1
Cell (virus_3418604,host_326151): 0 -> 1
Cell (virus_3418604,host_3042450): 0 -> 1
Cell (virus_3418604,host_59472): 0 -> 1
Cell (virus_3418604,host_1434095): 0 -> 1
Cell (virus_3418604,host_291302): 0 -> 1
Cell (virus_3418604,host_27622): 0 -> 1
Cell (virus_3418604,host_3041509): 0 -> 1
Cell (virus_3418604,host_2218597): 0 -> 1
Cell (virus_3418604,host_258867): 0 -> 1
Cell (virus_3418604,host_242384): 0 -> 1
Cell (virus_3418604,host_258863): 0 -> 1
Cell (virus_3418604,host_9438): 0 -> 1
Cell (virus_3418604,host_249033): 0 -> 1
Cell (virus_3418604,host_272799): 0 -> 1
Cell (virus_3418604,host_59474): 0 -> 1
Cell (virus_3418604,host_999321): 0 -> 1
Cell (virus_3418604,host_867834): 0 -> 1
Cell (virus_3418604,host_258889): 0 -> 1
Cell (virus_3418604,host_2491053): 0 -> 1
Cell (virus_3418604,host_110938): 0 -> 1
Cell (virus_3418604,host_258944): 0 -> 1
Cell (virus_3418604,host_59485): 0 -> 1
Cell (virus_2913380,host_105295): 0 -> 1
Cell (virus_2913380,host_294653): 0 -> 1
Cell (virus_2913380,host_59473): 0 -> 1
Cell (virus_2913380,host_3380546): 0 -> 1
Cell (virus_2913380,host_9435): 0 -> 1
Cell (virus_2913380,host_257882): 0 -> 1
Cell (virus_2913380,host_109480): 0 -> 1
Cell (virus_2913380,host_160974): 0 -> 1
Cell (virus_2913380,host_519446): 0 -> 1
Cell (virus_2913380,host_412095): 0 -> 1
Cell (virus_2913380,host_452654): 0 -> 1
Cell (virus_2913380,host_225400): 0 -> 1
Cell (virus_2913380,host_385037): 0 -> 1
Cell (virus_2913380,host_155035): 0 -> 1
Cell (virus_2913380,host_633648): 0 -> 1
Cell (virus_2913380,host_258925): 0 -> 1
Cell (virus_2913380,host_177185): 0 -> 1
Cell (virus_2913380,host_187017): 0 -> 1
Cell (virus_2913380,host_159858): 0 -> 1
Cell (virus_2913380,host_169756): 0 -> 1
Cell (virus_2913380,host_188570): 0 -> 1
Cell (virus_2913380,host_178895): 0 -> 1
Cell (virus_2913380,host_608708): 0 -> 1
Cell (virus_2913380,host_59477): 0 -> 1
Cell (virus_2913380,host_166054): 0 -> 1
Cell (virus_2913380,host_196297): 0 -> 1
Cell (virus_2913380,host_385575): 0 -> 1
Cell (virus_2913380,host_9402): 0 -> 1
Cell (virus_2913380,host_9403): 0 -> 1
Cell (virus_2913380,host_2853157): 0 -> 1
Cell (virus_2913380,host_77243): 0 -> 1
Cell (virus_2913380,host_58073): 0 -> 1
Cell (virus_2913380,host_58083): 0 -> 1
Cell (virus_2913380,host_77223): 0 -> 1
Cell (virus_2913380,host_58063): 0 -> 1
Cell (virus_2913380,host_77214): 0 -> 1
Cell (virus_2913380,host_1898386): 0 -> 1
Cell (virus_2913380,host_298110): 0 -> 1
Cell (virus_2913380,host_374419): 0 -> 1
Cell (virus_2913380,host_326081): 0 -> 1
Cell (virus_2913380,host_326151): 0 -> 1
Cell (virus_2913380,host_3042450): 0 -> 1
Cell (virus_2913380,host_59472): 0 -> 1
Cell (virus_2913380,host_1434095): 0 -> 1
Cell (virus_2913380,host_291302): 0 -> 1
Cell (virus_2913380,host_27622): 0 -> 1
Cell (virus_2913380,host_3041509): 0 -> 1
Cell (virus_2913380,host_2218597): 0 -> 1
Cell (virus_2913380,host_258867): 0 -> 1
Cell (virus_2913380,host_242384): 0 -> 1
Cell (virus_2913380,host_258863): 0 -> 1
Cell (virus_2913380,host_9438): 0 -> 1
Cell (virus_2913380,host_249033): 0 -> 1
Cell (virus_2913380,host_272799): 0 -> 1
Cell (virus_2913380,host_59474): 0 -> 1
Cell (virus_2913380,host_999321): 0 -> 1
Cell (virus_2913380,host_867834): 0 -> 1
Cell (virus_2913380,host_258889): 0 -> 1
Cell (virus_2913380,host_2491053): 0 -> 1
Cell (virus_2913380,host_110938): 0 -> 1
Cell (virus_2913380,host_258944): 0 -> 1
Cell (virus_2913380,host_59485): 0 -> 1
Cell (virus_989337,host_105295): 0 -> 1
Cell (virus_989337,host_294653): 0 -> 1
Cell (virus_989337,host_59473): 0 -> 1
Cell (virus_989337,host_3380546): 0 -> 1
Cell (virus_989337,host_9435): 0 -> 1
Cell (virus_989337,host_257882): 0 -> 1
Cell (virus_989337,host_109480): 0 -> 1
Cell (virus_989337,host_160974): 0 -> 1
Cell (virus_989337,host_519446): 0 -> 1
Cell (virus_989337,host_412095): 0 -> 1
Cell (virus_989337,host_452654): 0 -> 1
Cell (virus_989337,host_385037): 0 -> 1
Cell (virus_989337,host_155035): 0 -> 1
Cell (virus_989337,host_633648): 0 -> 1
Cell (virus_989337,host_258925): 0 -> 1
Cell (virus_989337,host_177185): 0 -> 1
Cell (virus_989337,host_187017): 0 -> 1
Cell (virus_989337,host_159858): 0 -> 1
Cell (virus_989337,host_169756): 0 -> 1
Cell (virus_989337,host_188570): 0 -> 1
Cell (virus_989337,host_178895): 0 -> 1
Cell (virus_989337,host_608708): 0 -> 1
Cell (virus_989337,host_59477): 0 -> 1
Cell (virus_989337,host_166054): 0 -> 1
Cell (virus_989337,host_196297): 0 -> 1
Cell (virus_989337,host_385575): 0 -> 1
Cell (virus_989337,host_9402): 0 -> 1
Cell (virus_989337,host_9403): 0 -> 1
Cell (virus_989337,host_2853157): 0 -> 1
Cell (virus_989337,host_77243): 0 -> 1
Cell (virus_989337,host_58073): 0 -> 1
Cell (virus_989337,host_58083): 0 -> 1
Cell (virus_989337,host_77223): 0 -> 1
Cell (virus_989337,host_58063): 0 -> 1
Cell (virus_989337,host_77214): 0 -> 1
Cell (virus_989337,host_1898386): 0 -> 1
Cell (virus_989337,host_298110): 0 -> 1
Cell (virus_989337,host_374419): 0 -> 1
Cell (virus_989337,host_326081): 0 -> 1
Cell (virus_989337,host_326151): 0 -> 1
Cell (virus_989337,host_3042450): 0 -> 1
Cell (virus_989337,host_59472): 0 -> 1
Cell (virus_989337,host_1434095): 0 -> 1
Cell (virus_989337,host_291302): 0 -> 1
Cell (virus_989337,host_27622): 0 -> 1
Cell (virus_989337,host_3041509): 0 -> 1
Cell (virus_989337,host_2218597): 0 -> 1
Cell (virus_989337,host_258867): 0 -> 1
Cell (virus_989337,host_242384): 0 -> 1
Cell (virus_989337,host_258863): 0 -> 1
Cell (virus_989337,host_9438): 0 -> 1
Cell (virus_989337,host_249033): 0 -> 1
Cell (virus_989337,host_272799): 0 -> 1
Cell (virus_989337,host_59474): 0 -> 1
Cell (virus_989337,host_999321): 0 -> 1
Cell (virus_989337,host_867834): 0 -> 1
Cell (virus_989337,host_258889): 0 -> 1
Cell (virus_989337,host_2491053): 0 -> 1
Cell (virus_989337,host_110938): 0 -> 1
Cell (virus_989337,host_258944): 0 -> 1
Cell (virus_989337,host_59485): 0 -> 1
Cell (virus_3433764,host_105295): 0 -> 1
Cell (virus_3433764,host_294653): 0 -> 1
Cell (virus_3433764,host_59473): 0 -> 1
Cell (virus_3433764,host_3380546): 0 -> 1
Cell (virus_3433764,host_9435): 0 -> 1
Cell (virus_3433764,host_257882): 0 -> 1
Cell (virus_3433764,host_109480): 0 -> 1
Cell (virus_3433764,host_160974): 0 -> 1
Cell (virus_3433764,host_519446): 0 -> 1
Cell (virus_3433764,host_412095): 0 -> 1
Cell (virus_3433764,host_452654): 0 -> 1
Cell (virus_3433764,host_385037): 0 -> 1
Cell (virus_3433764,host_155035): 0 -> 1
Cell (virus_3433764,host_633648): 0 -> 1
Cell (virus_3433764,host_258925): 0 -> 1
Cell (virus_3433764,host_177185): 0 -> 1
Cell (virus_3433764,host_187017): 0 -> 1
Cell (virus_3433764,host_159858): 0 -> 1
Cell (virus_3433764,host_169756): 0 -> 1
Cell (virus_3433764,host_188570): 0 -> 1
Cell (virus_3433764,host_178895): 0 -> 1
Cell (virus_3433764,host_608708): 0 -> 1
Cell (virus_3433764,host_59477): 0 -> 1
Cell (virus_3433764,host_166054): 0 -> 1
Cell (virus_3433764,host_196297): 0 -> 1
Cell (virus_3433764,host_385575): 0 -> 1
Cell (virus_3433764,host_9402): 0 -> 1
Cell (virus_3433764,host_9403): 0 -> 1
Cell (virus_3433764,host_2853157): 0 -> 1
Cell (virus_3433764,host_77243): 0 -> 1
Cell (virus_3433764,host_58073): 0 -> 1
Cell (virus_3433764,host_58083): 0 -> 1
Cell (virus_3433764,host_77223): 0 -> 1
Cell (virus_3433764,host_58063): 0 -> 1
Cell (virus_3433764,host_77214): 0 -> 1
Cell (virus_3433764,host_1898386): 0 -> 1
Cell (virus_3433764,host_298110): 0 -> 1
Cell (virus_3433764,host_374419): 0 -> 1
Cell (virus_3433764,host_326081): 0 -> 1
Cell (virus_3433764,host_326151): 0 -> 1
Cell (virus_3433764,host_3042450): 0 -> 1
Cell (virus_3433764,host_59472): 0 -> 1
Cell (virus_3433764,host_1434095): 0 -> 1
Cell (virus_3433764,host_291302): 0 -> 1
Cell (virus_3433764,host_27622): 0 -> 1
Cell (virus_3433764,host_3041509): 0 -> 1
Cell (virus_3433764,host_2218597): 0 -> 1
Cell (virus_3433764,host_258867): 0 -> 1
Cell (virus_3433764,host_242384): 0 -> 1
Cell (virus_3433764,host_258863): 0 -> 1
Cell (virus_3433764,host_9438): 0 -> 1
Cell (virus_3433764,host_249033): 0 -> 1
Cell (virus_3433764,host_272799): 0 -> 1
Cell (virus_3433764,host_61862): 0 -> 1
Cell (virus_3433764,host_59474): 0 -> 1
Cell (virus_3433764,host_999321): 0 -> 1
Cell (virus_3433764,host_867834): 0 -> 1
Cell (virus_3433764,host_258889): 0 -> 1
Cell (virus_3433764,host_2491053): 0 -> 1
Cell (virus_3433764,host_110938): 0 -> 1
Cell (virus_3433764,host_258944): 0 -> 1
Cell (virus_3433764,host_59485): 0 -> 1
Cell (virus_2115988,host_105295): 0 -> 1
Cell (virus_2115988,host_51300): 0 -> 1
Cell (virus_2115988,host_294653): 0 -> 1
Cell (virus_2115988,host_59473): 0 -> 1
Cell (virus_2115988,host_3380546): 0 -> 1
Cell (virus_2115988,host_9435): 0 -> 1
Cell (virus_2115988,host_257882): 0 -> 1
Cell (virus_2115988,host_109480): 0 -> 1
Cell (virus_2115988,host_160974): 0 -> 1
Cell (virus_2115988,host_519446): 0 -> 1
Cell (virus_2115988,host_412095): 0 -> 1
Cell (virus_2115988,host_385037): 0 -> 1
Cell (virus_2115988,host_155035): 0 -> 1
Cell (virus_2115988,host_633648): 0 -> 1
Cell (virus_2115988,host_258925): 0 -> 1
Cell (virus_2115988,host_177185): 0 -> 1
Cell (virus_2115988,host_187017): 0 -> 1
Cell (virus_2115988,host_159858): 0 -> 1
Cell (virus_2115988,host_169756): 0 -> 1
Cell (virus_2115988,host_188570): 0 -> 1
Cell (virus_2115988,host_178895): 0 -> 1
Cell (virus_2115988,host_608708): 0 -> 1
Cell (virus_2115988,host_59477): 0 -> 1
Cell (virus_2115988,host_166054): 0 -> 1
Cell (virus_2115988,host_385575): 0 -> 1
Cell (virus_2115988,host_9402): 0 -> 1
Cell (virus_2115988,host_9403): 0 -> 1
Cell (virus_2115988,host_2853157): 0 -> 1
Cell (virus_2115988,host_77243): 0 -> 1
Cell (virus_2115988,host_58073): 0 -> 1
Cell (virus_2115988,host_58083): 0 -> 1
Cell (virus_2115988,host_77223): 0 -> 1
Cell (virus_2115988,host_58063): 0 -> 1
Cell (virus_2115988,host_77214): 0 -> 1
Cell (virus_2115988,host_1898386): 0 -> 1
Cell (virus_2115988,host_298110): 0 -> 1
Cell (virus_2115988,host_374419): 0 -> 1
Cell (virus_2115988,host_326081): 0 -> 1
Cell (virus_2115988,host_326151): 0 -> 1
Cell (virus_2115988,host_3042450): 0 -> 1
Cell (virus_2115988,host_59472): 0 -> 1
Cell (virus_2115988,host_291302): 0 -> 1
Cell (virus_2115988,host_27622): 0 -> 1
Cell (virus_2115988,host_3041509): 0 -> 1
Cell (virus_2115988,host_2218597): 0 -> 1
Cell (virus_2115988,host_258867): 0 -> 1
Cell (virus_2115988,host_242384): 0 -> 1
Cell (virus_2115988,host_258863): 0 -> 1
Cell (virus_2115988,host_9438): 0 -> 1
Cell (virus_2115988,host_249033): 0 -> 1
Cell (virus_2115988,host_272799): 0 -> 1
Cell (virus_2115988,host_59474): 0 -> 1
Cell (virus_2115988,host_999321): 0 -> 1
Cell (virus_2115988,host_867834): 0 -> 1
Cell (virus_2115988,host_258889): 0 -> 1
Cell (virus_2115988,host_2491053): 0 -> 1
Cell (virus_2115988,host_110938): 0 -> 1
Cell (virus_2115988,host_258944): 0 -> 1
Cell (virus_2115988,host_59485): 0 -> 1
Cell (virus_2833151,host_105295): 0 -> 1
Cell (virus_2833151,host_51300): 0 -> 1
Cell (virus_2833151,host_294653): 0 -> 1
Cell (virus_2833151,host_59473): 0 -> 1
Cell (virus_2833151,host_3380546): 0 -> 1
Cell (virus_2833151,host_9435): 0 -> 1
Cell (virus_2833151,host_257882): 0 -> 1
Cell (virus_2833151,host_109480): 0 -> 1
Cell (virus_2833151,host_160974): 0 -> 1
Cell (virus_2833151,host_519446): 0 -> 1
Cell (virus_2833151,host_412095): 0 -> 1
Cell (virus_2833151,host_385037): 0 -> 1
Cell (virus_2833151,host_155035): 0 -> 1
Cell (virus_2833151,host_633648): 0 -> 1
Cell (virus_2833151,host_258925): 0 -> 1
Cell (virus_2833151,host_177185): 0 -> 1
Cell (virus_2833151,host_187017): 0 -> 1
Cell (virus_2833151,host_159858): 0 -> 1
Cell (virus_2833151,host_169756): 0 -> 1
Cell (virus_2833151,host_188570): 0 -> 1
Cell (virus_2833151,host_178895): 0 -> 1
Cell (virus_2833151,host_608708): 0 -> 1
Cell (virus_2833151,host_59477): 0 -> 1
Cell (virus_2833151,host_166054): 0 -> 1
Cell (virus_2833151,host_385575): 0 -> 1
Cell (virus_2833151,host_9402): 0 -> 1
Cell (virus_2833151,host_9403): 0 -> 1
Cell (virus_2833151,host_2853157): 0 -> 1
Cell (virus_2833151,host_77243): 0 -> 1
Cell (virus_2833151,host_58073): 0 -> 1
Cell (virus_2833151,host_58083): 0 -> 1
Cell (virus_2833151,host_77223): 0 -> 1
Cell (virus_2833151,host_58063): 0 -> 1
Cell (virus_2833151,host_77214): 0 -> 1
Cell (virus_2833151,host_1898386): 0 -> 1
Cell (virus_2833151,host_298110): 0 -> 1
Cell (virus_2833151,host_374419): 0 -> 1
Cell (virus_2833151,host_326081): 0 -> 1
Cell (virus_2833151,host_326151): 0 -> 1
Cell (virus_2833151,host_3042450): 0 -> 1
Cell (virus_2833151,host_59472): 0 -> 1
Cell (virus_2833151,host_291302): 0 -> 1
Cell (virus_2833151,host_27622): 0 -> 1
Cell (virus_2833151,host_3041509): 0 -> 1
Cell (virus_2833151,host_2218597): 0 -> 1
Cell (virus_2833151,host_258867): 0 -> 1
Cell (virus_2833151,host_242384): 0 -> 1
Cell (virus_2833151,host_258863): 0 -> 1
Cell (virus_2833151,host_9438): 0 -> 1
Cell (virus_2833151,host_249033): 0 -> 1
Cell (virus_2833151,host_272799): 0 -> 1
Cell (virus_2833151,host_59474): 0 -> 1
Cell (virus_2833151,host_999321): 0 -> 1
Cell (virus_2833151,host_867834): 0 -> 1
Cell (virus_2833151,host_258889): 0 -> 1
Cell (virus_2833151,host_2491053): 0 -> 1
Cell (virus_2833151,host_110938): 0 -> 1
Cell (virus_2833151,host_258944): 0 -> 1
Cell (virus_2833151,host_59485): 0 -> 1
Cell (virus_3433795,host_105295): 0 -> 1
Cell (virus_3433795,host_51300): 0 -> 1
Cell (virus_3433795,host_294653): 0 -> 1
Cell (virus_3433795,host_59473): 0 -> 1
Cell (virus_3433795,host_3380546): 0 -> 1
Cell (virus_3433795,host_9435): 0 -> 1
Cell (virus_3433795,host_257882): 0 -> 1
Cell (virus_3433795,host_109480): 0 -> 1
Cell (virus_3433795,host_160974): 0 -> 1
Cell (virus_3433795,host_519446): 0 -> 1
Cell (virus_3433795,host_412095): 0 -> 1
Cell (virus_3433795,host_385037): 0 -> 1
Cell (virus_3433795,host_155035): 0 -> 1
Cell (virus_3433795,host_633648): 0 -> 1
Cell (virus_3433795,host_258925): 0 -> 1
Cell (virus_3433795,host_177185): 0 -> 1
Cell (virus_3433795,host_187017): 0 -> 1
Cell (virus_3433795,host_159858): 0 -> 1
Cell (virus_3433795,host_169756): 0 -> 1
Cell (virus_3433795,host_188570): 0 -> 1
Cell (virus_3433795,host_178895): 0 -> 1
Cell (virus_3433795,host_608708): 0 -> 1
Cell (virus_3433795,host_59477): 0 -> 1
Cell (virus_3433795,host_166054): 0 -> 1
Cell (virus_3433795,host_385575): 0 -> 1
Cell (virus_3433795,host_9402): 0 -> 1
Cell (virus_3433795,host_9403): 0 -> 1
Cell (virus_3433795,host_2853157): 0 -> 1
Cell (virus_3433795,host_77243): 0 -> 1
Cell (virus_3433795,host_58073): 0 -> 1
Cell (virus_3433795,host_58083): 0 -> 1
Cell (virus_3433795,host_77223): 0 -> 1
Cell (virus_3433795,host_58063): 0 -> 1
Cell (virus_3433795,host_77214): 0 -> 1
Cell (virus_3433795,host_1898386): 0 -> 1
Cell (virus_3433795,host_298110): 0 -> 1
Cell (virus_3433795,host_374419): 0 -> 1
Cell (virus_3433795,host_326081): 0 -> 1
Cell (virus_3433795,host_326151): 0 -> 1
Cell (virus_3433795,host_3042450): 0 -> 1
Cell (virus_3433795,host_59472): 0 -> 1
Cell (virus_3433795,host_291302): 0 -> 1
Cell (virus_3433795,host_27622): 0 -> 1
Cell (virus_3433795,host_3041509): 0 -> 1
Cell (virus_3433795,host_2218597): 0 -> 1
Cell (virus_3433795,host_258867): 0 -> 1
Cell (virus_3433795,host_242384): 0 -> 1
Cell (virus_3433795,host_258863): 0 -> 1
Cell (virus_3433795,host_9438): 0 -> 1
Cell (virus_3433795,host_249033): 0 -> 1
Cell (virus_3433795,host_272799): 0 -> 1
Cell (virus_3433795,host_59474): 0 -> 1
Cell (virus_3433795,host_999321): 0 -> 1
Cell (virus_3433795,host_867834): 0 -> 1
Cell (virus_3433795,host_258889): 0 -> 1
Cell (virus_3433795,host_2491053): 0 -> 1
Cell (virus_3433795,host_110938): 0 -> 1
Cell (virus_3433795,host_258944): 0 -> 1
Cell (virus_3433795,host_59485): 0 -> 1
Cell (virus_693998,host_105295): 0 -> 1
Cell (virus_693998,host_51300): 0 -> 1
Cell (virus_693998,host_294653): 0 -> 1
Cell (virus_693998,host_59473): 0 -> 1
Cell (virus_693998,host_3380546): 0 -> 1
Cell (virus_693998,host_9435): 0 -> 1
Cell (virus_693998,host_257882): 0 -> 1
Cell (virus_693998,host_109480): 0 -> 1
Cell (virus_693998,host_160974): 0 -> 1
Cell (virus_693998,host_519446): 0 -> 1
Cell (virus_693998,host_412095): 0 -> 1
Cell (virus_693998,host_385037): 0 -> 1
Cell (virus_693998,host_155035): 0 -> 1
Cell (virus_693998,host_633648): 0 -> 1
Cell (virus_693998,host_258925): 0 -> 1
Cell (virus_693998,host_177185): 0 -> 1
Cell (virus_693998,host_187017): 0 -> 1
Cell (virus_693998,host_159858): 0 -> 1
Cell (virus_693998,host_169756): 0 -> 1
Cell (virus_693998,host_188570): 0 -> 1
Cell (virus_693998,host_178895): 0 -> 1
Cell (virus_693998,host_608708): 0 -> 1
Cell (virus_693998,host_59477): 0 -> 1
Cell (virus_693998,host_166054): 0 -> 1
Cell (virus_693998,host_385575): 0 -> 1
Cell (virus_693998,host_9402): 0 -> 1
Cell (virus_693998,host_9403): 0 -> 1
Cell (virus_693998,host_2853157): 0 -> 1
Cell (virus_693998,host_77243): 0 -> 1
Cell (virus_693998,host_58073): 0 -> 1
Cell (virus_693998,host_58083): 0 -> 1
Cell (virus_693998,host_77223): 0 -> 1
Cell (virus_693998,host_58063): 0 -> 1
Cell (virus_693998,host_77214): 0 -> 1
Cell (virus_693998,host_1898386): 0 -> 1
Cell (virus_693998,host_298110): 0 -> 1
Cell (virus_693998,host_374419): 0 -> 1
Cell (virus_693998,host_326081): 0 -> 1
Cell (virus_693998,host_326151): 0 -> 1
Cell (virus_693998,host_3042450): 0 -> 1
Cell (virus_693998,host_59472): 0 -> 1
Cell (virus_693998,host_291302): 0 -> 1
Cell (virus_693998,host_27622): 0 -> 1
Cell (virus_693998,host_3041509): 0 -> 1
Cell (virus_693998,host_2218597): 0 -> 1
Cell (virus_693998,host_258867): 0 -> 1
Cell (virus_693998,host_242384): 0 -> 1
Cell (virus_693998,host_258863): 0 -> 1
Cell (virus_693998,host_9438): 0 -> 1
Cell (virus_693998,host_249033): 0 -> 1
Cell (virus_693998,host_272799): 0 -> 1
Cell (virus_693998,host_59474): 0 -> 1
Cell (virus_693998,host_999321): 0 -> 1
Cell (virus_693998,host_867834): 0 -> 1
Cell (virus_693998,host_258889): 0 -> 1
Cell (virus_693998,host_2491053): 0 -> 1
Cell (virus_693998,host_110938): 0 -> 1
Cell (virus_693998,host_258944): 0 -> 1
Cell (virus_693998,host_59485): 0 -> 1
Cell (virus_2913382,host_105295): 0 -> 1
Cell (virus_2913382,host_51300): 0 -> 1
Cell (virus_2913382,host_294653): 0 -> 1
Cell (virus_2913382,host_59473): 0 -> 1
Cell (virus_2913382,host_3380546): 0 -> 1
Cell (virus_2913382,host_9435): 0 -> 1
Cell (virus_2913382,host_257882): 0 -> 1
Cell (virus_2913382,host_109480): 0 -> 1
Cell (virus_2913382,host_160974): 0 -> 1
Cell (virus_2913382,host_519446): 0 -> 1
Cell (virus_2913382,host_412095): 0 -> 1
Cell (virus_2913382,host_385037): 0 -> 1
Cell (virus_2913382,host_155035): 0 -> 1
Cell (virus_2913382,host_633648): 0 -> 1
Cell (virus_2913382,host_258925): 0 -> 1
Cell (virus_2913382,host_177185): 0 -> 1
Cell (virus_2913382,host_187017): 0 -> 1
Cell (virus_2913382,host_159858): 0 -> 1
Cell (virus_2913382,host_169756): 0 -> 1
Cell (virus_2913382,host_188570): 0 -> 1
Cell (virus_2913382,host_178895): 0 -> 1
Cell (virus_2913382,host_608708): 0 -> 1
Cell (virus_2913382,host_59477): 0 -> 1
Cell (virus_2913382,host_166054): 0 -> 1
Cell (virus_2913382,host_385575): 0 -> 1
Cell (virus_2913382,host_9402): 0 -> 1
Cell (virus_2913382,host_9403): 0 -> 1
Cell (virus_2913382,host_2853157): 0 -> 1
Cell (virus_2913382,host_77243): 0 -> 1
Cell (virus_2913382,host_58073): 0 -> 1
Cell (virus_2913382,host_58083): 0 -> 1
Cell (virus_2913382,host_77223): 0 -> 1
Cell (virus_2913382,host_58063): 0 -> 1
Cell (virus_2913382,host_77214): 0 -> 1
Cell (virus_2913382,host_1898386): 0 -> 1
Cell (virus_2913382,host_298110): 0 -> 1
Cell (virus_2913382,host_374419): 0 -> 1
Cell (virus_2913382,host_326081): 0 -> 1
Cell (virus_2913382,host_326151): 0 -> 1
Cell (virus_2913382,host_3042450): 0 -> 1
Cell (virus_2913382,host_59472): 0 -> 1
Cell (virus_2913382,host_291302): 0 -> 1
Cell (virus_2913382,host_27622): 0 -> 1
Cell (virus_2913382,host_3041509): 0 -> 1
Cell (virus_2913382,host_2218597): 0 -> 1
Cell (virus_2913382,host_258867): 0 -> 1
Cell (virus_2913382,host_242384): 0 -> 1
Cell (virus_2913382,host_258863): 0 -> 1
Cell (virus_2913382,host_9438): 0 -> 1
Cell (virus_2913382,host_249033): 0 -> 1
Cell (virus_2913382,host_272799): 0 -> 1
Cell (virus_2913382,host_59474): 0 -> 1
Cell (virus_2913382,host_999321): 0 -> 1
Cell (virus_2913382,host_867834): 0 -> 1
Cell (virus_2913382,host_258889): 0 -> 1
Cell (virus_2913382,host_2491053): 0 -> 1
Cell (virus_2913382,host_110938): 0 -> 1
Cell (virus_2913382,host_258944): 0 -> 1
Cell (virus_2913382,host_59485): 0 -> 1
Cell (virus_3433766,host_105295): 0 -> 1
Cell (virus_3433766,host_51300): 0 -> 1
Cell (virus_3433766,host_294653): 0 -> 1
Cell (virus_3433766,host_59473): 0 -> 1
Cell (virus_3433766,host_3380546): 0 -> 1
Cell (virus_3433766,host_9435): 0 -> 1
Cell (virus_3433766,host_257882): 0 -> 1
Cell (virus_3433766,host_109480): 0 -> 1
Cell (virus_3433766,host_160974): 0 -> 1
Cell (virus_3433766,host_519446): 0 -> 1
Cell (virus_3433766,host_412095): 0 -> 1
Cell (virus_3433766,host_452654): 0 -> 1
Cell (virus_3433766,host_385037): 0 -> 1
Cell (virus_3433766,host_155035): 0 -> 1
Cell (virus_3433766,host_2015597): 0 -> 1
Cell (virus_3433766,host_633648): 0 -> 1
Cell (virus_3433766,host_258925): 0 -> 1
Cell (virus_3433766,host_177185): 0 -> 1
Cell (virus_3433766,host_187017): 0 -> 1
Cell (virus_3433766,host_159858): 0 -> 1
Cell (virus_3433766,host_169756): 0 -> 1
Cell (virus_3433766,host_188570): 0 -> 1
Cell (virus_3433766,host_178895): 0 -> 1
Cell (virus_3433766,host_608708): 0 -> 1
Cell (virus_3433766,host_59477): 0 -> 1
Cell (virus_3433766,host_166054): 0 -> 1
Cell (virus_3433766,host_385575): 0 -> 1
Cell (virus_3433766,host_9402): 0 -> 1
Cell (virus_3433766,host_9403): 0 -> 1
Cell (virus_3433766,host_2853157): 0 -> 1
Cell (virus_3433766,host_77243): 0 -> 1
Cell (virus_3433766,host_58073): 0 -> 1
Cell (virus_3433766,host_58083): 0 -> 1
Cell (virus_3433766,host_77223): 0 -> 1
Cell (virus_3433766,host_58063): 0 -> 1
Cell (virus_3433766,host_77214): 0 -> 1
Cell (virus_3433766,host_1898386): 0 -> 1
Cell (virus_3433766,host_298110): 0 -> 1
Cell (virus_3433766,host_77233): 0 -> 1
Cell (virus_3433766,host_374419): 0 -> 1
Cell (virus_3433766,host_326081): 0 -> 1
Cell (virus_3433766,host_326151): 0 -> 1
Cell (virus_3433766,host_148094): 0 -> 1
Cell (virus_3433766,host_574064): 0 -> 1
Cell (virus_3433766,host_3042450): 0 -> 1
Cell (virus_3433766,host_3371013): 0 -> 1
Cell (virus_3433766,host_59472): 0 -> 1
Cell (virus_3433766,host_291302): 0 -> 1
Cell (virus_3433766,host_27622): 0 -> 1
Cell (virus_3433766,host_3041509): 0 -> 1
Cell (virus_3433766,host_2218597): 0 -> 1
Cell (virus_3433766,host_258867): 0 -> 1
Cell (virus_3433766,host_242384): 0 -> 1
Cell (virus_3433766,host_258863): 0 -> 1
Cell (virus_3433766,host_9438): 0 -> 1
Cell (virus_3433766,host_249033): 0 -> 1
Cell (virus_3433766,host_59474): 0 -> 1
Cell (virus_3433766,host_999321): 0 -> 1
Cell (virus_3433766,host_867834): 0 -> 1
Cell (virus_3433766,host_258889): 0 -> 1
Cell (virus_3433766,host_2491053): 0 -> 1
Cell (virus_3433766,host_110938): 0 -> 1
Cell (virus_3433766,host_258944): 0 -> 1
Cell (virus_3433766,host_59485): 0 -> 1
Cell (virus_694014,host_105295): 0 -> 1
Cell (virus_694014,host_51300): 0 -> 1
Cell (virus_694014,host_294653): 0 -> 1
Cell (virus_694014,host_59473): 0 -> 1
Cell (virus_694014,host_3380546): 0 -> 1
Cell (virus_694014,host_9435): 0 -> 1
Cell (virus_694014,host_257882): 0 -> 1
Cell (virus_694014,host_109480): 0 -> 1
Cell (virus_694014,host_160974): 0 -> 1
Cell (virus_694014,host_519446): 0 -> 1
Cell (virus_694014,host_412095): 0 -> 1
Cell (virus_694014,host_452654): 0 -> 1
Cell (virus_694014,host_385037): 0 -> 1
Cell (virus_694014,host_155035): 0 -> 1
Cell (virus_694014,host_2015597): 0 -> 1
Cell (virus_694014,host_633648): 0 -> 1
Cell (virus_694014,host_258925): 0 -> 1
Cell (virus_694014,host_177185): 0 -> 1
Cell (virus_694014,host_187017): 0 -> 1
Cell (virus_694014,host_159858): 0 -> 1
Cell (virus_694014,host_169756): 0 -> 1
Cell (virus_694014,host_188570): 0 -> 1
Cell (virus_694014,host_178895): 0 -> 1
Cell (virus_694014,host_608708): 0 -> 1
Cell (virus_694014,host_59477): 0 -> 1
Cell (virus_694014,host_166054): 0 -> 1
Cell (virus_694014,host_385575): 0 -> 1
Cell (virus_694014,host_9402): 0 -> 1
Cell (virus_694014,host_9403): 0 -> 1
Cell (virus_694014,host_2853157): 0 -> 1
Cell (virus_694014,host_77243): 0 -> 1
Cell (virus_694014,host_58073): 0 -> 1
Cell (virus_694014,host_58083): 0 -> 1
Cell (virus_694014,host_77223): 0 -> 1
Cell (virus_694014,host_58063): 0 -> 1
Cell (virus_694014,host_77214): 0 -> 1
Cell (virus_694014,host_1898386): 0 -> 1
Cell (virus_694014,host_298110): 0 -> 1
Cell (virus_694014,host_77233): 0 -> 1
Cell (virus_694014,host_374419): 0 -> 1
Cell (virus_694014,host_326081): 0 -> 1
Cell (virus_694014,host_326151): 0 -> 1
Cell (virus_694014,host_148094): 0 -> 1
Cell (virus_694014,host_574064): 0 -> 1
Cell (virus_694014,host_3042450): 0 -> 1
Cell (virus_694014,host_3371013): 0 -> 1
Cell (virus_694014,host_59472): 0 -> 1
Cell (virus_694014,host_291302): 0 -> 1
Cell (virus_694014,host_27622): 0 -> 1
Cell (virus_694014,host_3041509): 0 -> 1
Cell (virus_694014,host_2218597): 0 -> 1
Cell (virus_694014,host_258867): 0 -> 1
Cell (virus_694014,host_242384): 0 -> 1
Cell (virus_694014,host_258863): 0 -> 1
Cell (virus_694014,host_9438): 0 -> 1
Cell (virus_694014,host_249033): 0 -> 1
Cell (virus_694014,host_59474): 0 -> 1
Cell (virus_694014,host_999321): 0 -> 1
Cell (virus_694014,host_867834): 0 -> 1
Cell (virus_694014,host_258889): 0 -> 1
Cell (virus_694014,host_2491053): 0 -> 1
Cell (virus_694014,host_110938): 0 -> 1
Cell (virus_694014,host_258944): 0 -> 1
Cell (virus_694014,host_59485): 0 -> 1
Cell (virus_2917966,host_105295): 0 -> 1
Cell (virus_2917966,host_51300): 0 -> 1
Cell (virus_2917966,host_294653): 0 -> 1
Cell (virus_2917966,host_59473): 0 -> 1
Cell (virus_2917966,host_3380546): 0 -> 1
Cell (virus_2917966,host_9435): 0 -> 1
Cell (virus_2917966,host_257882): 0 -> 1
Cell (virus_2917966,host_59463): 0 -> 1
Cell (virus_2917966,host_109480): 0 -> 1
Cell (virus_2917966,host_160974): 0 -> 1
Cell (virus_2917966,host_1633875): 0 -> 1
Cell (virus_2917966,host_519446): 0 -> 1
Cell (virus_2917966,host_412095): 0 -> 1
Cell (virus_2917966,host_452654): 0 -> 1
Cell (virus_2917966,host_385037): 0 -> 1
Cell (virus_2917966,host_155035): 0 -> 1
Cell (virus_2917966,host_258925): 0 -> 1
Cell (virus_2917966,host_177185): 0 -> 1
Cell (virus_2917966,host_187017): 0 -> 1
Cell (virus_2917966,host_159858): 0 -> 1
Cell (virus_2917966,host_169756): 0 -> 1
Cell (virus_2917966,host_188570): 0 -> 1
Cell (virus_2917966,host_178895): 0 -> 1
Cell (virus_2917966,host_608708): 0 -> 1
Cell (virus_2917966,host_59477): 0 -> 1
Cell (virus_2917966,host_430491): 0 -> 1
Cell (virus_2917966,host_166054): 0 -> 1
Cell (virus_2917966,host_196297): 0 -> 1
Cell (virus_2917966,host_385575): 0 -> 1
Cell (virus_2917966,host_9403): 0 -> 1
Cell (virus_2917966,host_2853157): 0 -> 1
Cell (virus_2917966,host_77243): 0 -> 1
Cell (virus_2917966,host_58073): 0 -> 1
Cell (virus_2917966,host_58083): 0 -> 1
Cell (virus_2917966,host_77223): 0 -> 1
Cell (virus_2917966,host_58063): 0 -> 1
Cell (virus_2917966,host_77214): 0 -> 1
Cell (virus_2917966,host_1898386): 0 -> 1
Cell (virus_2917966,host_58060): 0 -> 1
Cell (virus_2917966,host_9400): 0 -> 1
Cell (virus_2917966,host_298110): 0 -> 1
Cell (virus_2917966,host_374419): 0 -> 1
Cell (virus_2917966,host_326081): 0 -> 1
Cell (virus_2917966,host_326151): 0 -> 1
Cell (virus_2917966,host_148094): 0 -> 1
Cell (virus_2917966,host_574064): 0 -> 1
Cell (virus_2917966,host_9417): 0 -> 1
Cell (virus_2917966,host_40224): 0 -> 1
Cell (virus_2917966,host_89673): 0 -> 1
Cell (virus_2917966,host_3042450): 0 -> 1
Cell (virus_2917966,host_59472): 0 -> 1
Cell (virus_2917966,host_221086): 0 -> 1
Cell (virus_2917966,host_291302): 0 -> 1
Cell (virus_2917966,host_27622): 0 -> 1
Cell (virus_2917966,host_3041509): 0 -> 1
Cell (virus_2917966,host_2218597): 0 -> 1
Cell (virus_2917966,host_258867): 0 -> 1
Cell (virus_2917966,host_242384): 0 -> 1
Cell (virus_2917966,host_258863): 0 -> 1
Cell (virus_2917966,host_9438): 0 -> 1
Cell (virus_2917966,host_249033): 0 -> 1
Cell (virus_2917966,host_61862): 0 -> 1
Cell (virus_2917966,host_59474): 0 -> 1
Cell (virus_2917966,host_867834): 0 -> 1
Cell (virus_2917966,host_258889): 0 -> 1
Cell (virus_2917966,host_2491053): 0 -> 1
Cell (virus_2917966,host_110938): 0 -> 1
Cell (virus_2917966,host_258944): 0 -> 1
Cell (virus_2917966,host_526822): 0 -> 1
Cell (virus_2917966,host_59485): 0 -> 1
Cell (virus_3158245,host_105273): 0 -> 1
Cell (virus_3158245,host_105295): 0 -> 1
Cell (virus_3158245,host_51300): 0 -> 1
Cell (virus_3158245,host_294653): 0 -> 1
Cell (virus_3158245,host_59473): 0 -> 1
Cell (virus_3158245,host_3380546): 0 -> 1
Cell (virus_3158245,host_9435): 0 -> 1
Cell (virus_3158245,host_257882): 0 -> 1
Cell (virus_3158245,host_412095): 0 -> 1
Cell (virus_3158245,host_385037): 0 -> 1
Cell (virus_3158245,host_155035): 0 -> 1
Cell (virus_3158245,host_258925): 0 -> 1
Cell (virus_3158245,host_177185): 0 -> 1
Cell (virus_3158245,host_187017): 0 -> 1
Cell (virus_3158245,host_159858): 0 -> 1
Cell (virus_3158245,host_169756): 0 -> 1
Cell (virus_3158245,host_188570): 0 -> 1
Cell (virus_3158245,host_608659): 0 -> 1
Cell (virus_3158245,host_178895): 0 -> 1
Cell (virus_3158245,host_608708): 0 -> 1
Cell (virus_3158245,host_59477): 0 -> 1
Cell (virus_3158245,host_166054): 0 -> 1
Cell (virus_3158245,host_385575): 0 -> 1
Cell (virus_3158245,host_9402): 0 -> 1
Cell (virus_3158245,host_9403): 0 -> 1
Cell (virus_3158245,host_58057): 0 -> 1
Cell (virus_3158245,host_2853157): 0 -> 1
Cell (virus_3158245,host_77243): 0 -> 1
Cell (virus_3158245,host_58073): 0 -> 1
Cell (virus_3158245,host_58083): 0 -> 1
Cell (virus_3158245,host_77223): 0 -> 1
Cell (virus_3158245,host_58065): 0 -> 1
Cell (virus_3158245,host_58063): 0 -> 1
Cell (virus_3158245,host_77214): 0 -> 1
Cell (virus_3158245,host_1898386): 0 -> 1
Cell (virus_3158245,host_298110): 0 -> 1
Cell (virus_3158245,host_374419): 0 -> 1
Cell (virus_3158245,host_326081): 0 -> 1
Cell (virus_3158245,host_326151): 0 -> 1
Cell (virus_3158245,host_148094): 0 -> 1
Cell (virus_3158245,host_574064): 0 -> 1
Cell (virus_3158245,host_40229): 0 -> 1
Cell (virus_3158245,host_3042450): 0 -> 1
Cell (virus_3158245,host_59472): 0 -> 1
Cell (virus_3158245,host_291302): 0 -> 1
Cell (virus_3158245,host_242384): 0 -> 1
Cell (virus_3158245,host_258863): 0 -> 1
Cell (virus_3158245,host_9438): 0 -> 1
Cell (virus_3158245,host_249033): 0 -> 1
Cell (virus_3158245,host_59474): 0 -> 1
Cell (virus_3158245,host_999321): 0 -> 1
Cell (virus_3158245,host_867834): 0 -> 1
Cell (virus_3158245,host_258889): 0 -> 1
Cell (virus_3158245,host_2491053): 0 -> 1
Cell (virus_3158245,host_110938): 0 -> 1
Cell (virus_3158245,host_258944): 0 -> 1
Cell (virus_3158245,host_59485): 0 -> 1
Cell (virus_693999,host_105273): 0 -> 1
Cell (virus_693999,host_105295): 0 -> 1
Cell (virus_693999,host_51300): 0 -> 1
Cell (virus_693999,host_294653): 0 -> 1
Cell (virus_693999,host_59473): 0 -> 1
Cell (virus_693999,host_3380546): 0 -> 1
Cell (virus_693999,host_9435): 0 -> 1
Cell (virus_693999,host_257882): 0 -> 1
Cell (virus_693999,host_412095): 0 -> 1
Cell (virus_693999,host_385037): 0 -> 1
Cell (virus_693999,host_155035): 0 -> 1
Cell (virus_693999,host_258925): 0 -> 1
Cell (virus_693999,host_177185): 0 -> 1
Cell (virus_693999,host_187017): 0 -> 1
Cell (virus_693999,host_159858): 0 -> 1
Cell (virus_693999,host_169756): 0 -> 1
Cell (virus_693999,host_188570): 0 -> 1
Cell (virus_693999,host_608659): 0 -> 1
Cell (virus_693999,host_178895): 0 -> 1
Cell (virus_693999,host_608708): 0 -> 1
Cell (virus_693999,host_59477): 0 -> 1
Cell (virus_693999,host_166054): 0 -> 1
Cell (virus_693999,host_385575): 0 -> 1
Cell (virus_693999,host_9402): 0 -> 1
Cell (virus_693999,host_9403): 0 -> 1
Cell (virus_693999,host_58057): 0 -> 1
Cell (virus_693999,host_2853157): 0 -> 1
Cell (virus_693999,host_77243): 0 -> 1
Cell (virus_693999,host_58073): 0 -> 1
Cell (virus_693999,host_58083): 0 -> 1
Cell (virus_693999,host_77223): 0 -> 1
Cell (virus_693999,host_58065): 0 -> 1
Cell (virus_693999,host_58063): 0 -> 1
Cell (virus_693999,host_77214): 0 -> 1
Cell (virus_693999,host_1898386): 0 -> 1
Cell (virus_693999,host_298110): 0 -> 1
Cell (virus_693999,host_374419): 0 -> 1
Cell (virus_693999,host_326081): 0 -> 1
Cell (virus_693999,host_326151): 0 -> 1
Cell (virus_693999,host_148094): 0 -> 1
Cell (virus_693999,host_574064): 0 -> 1
Cell (virus_693999,host_40229): 0 -> 1
Cell (virus_693999,host_3042450): 0 -> 1
Cell (virus_693999,host_59472): 0 -> 1
Cell (virus_693999,host_291302): 0 -> 1
Cell (virus_693999,host_242384): 0 -> 1
Cell (virus_693999,host_258863): 0 -> 1
Cell (virus_693999,host_9438): 0 -> 1
Cell (virus_693999,host_249033): 0 -> 1
Cell (virus_693999,host_59474): 0 -> 1
Cell (virus_693999,host_999321): 0 -> 1
Cell (virus_693999,host_867834): 0 -> 1
Cell (virus_693999,host_258889): 0 -> 1
Cell (virus_693999,host_2491053): 0 -> 1
Cell (virus_693999,host_110938): 0 -> 1
Cell (virus_693999,host_258944): 0 -> 1
Cell (virus_693999,host_59485): 0 -> 1
Cell (virus_3418615,host_105273): 0 -> 1
Cell (virus_3418615,host_105295): 0 -> 1
Cell (virus_3418615,host_51300): 0 -> 1
Cell (virus_3418615,host_294653): 0 -> 1
Cell (virus_3418615,host_59473): 0 -> 1
Cell (virus_3418615,host_3380546): 0 -> 1
Cell (virus_3418615,host_9435): 0 -> 1
Cell (virus_3418615,host_257882): 0 -> 1
Cell (virus_3418615,host_412095): 0 -> 1
Cell (virus_3418615,host_385037): 0 -> 1
Cell (virus_3418615,host_155035): 0 -> 1
Cell (virus_3418615,host_258925): 0 -> 1
Cell (virus_3418615,host_177185): 0 -> 1
Cell (virus_3418615,host_187017): 0 -> 1
Cell (virus_3418615,host_159858): 0 -> 1
Cell (virus_3418615,host_169756): 0 -> 1
Cell (virus_3418615,host_188570): 0 -> 1
Cell (virus_3418615,host_608659): 0 -> 1
Cell (virus_3418615,host_178895): 0 -> 1
Cell (virus_3418615,host_608708): 0 -> 1
Cell (virus_3418615,host_59477): 0 -> 1
Cell (virus_3418615,host_166054): 0 -> 1
Cell (virus_3418615,host_385575): 0 -> 1
Cell (virus_3418615,host_9402): 0 -> 1
Cell (virus_3418615,host_9403): 0 -> 1
Cell (virus_3418615,host_58057): 0 -> 1
Cell (virus_3418615,host_2853157): 0 -> 1
Cell (virus_3418615,host_77243): 0 -> 1
Cell (virus_3418615,host_58073): 0 -> 1
Cell (virus_3418615,host_58083): 0 -> 1
Cell (virus_3418615,host_77223): 0 -> 1
Cell (virus_3418615,host_58063): 0 -> 1
Cell (virus_3418615,host_77214): 0 -> 1
Cell (virus_3418615,host_1898386): 0 -> 1
Cell (virus_3418615,host_298110): 0 -> 1
Cell (virus_3418615,host_374419): 0 -> 1
Cell (virus_3418615,host_326081): 0 -> 1
Cell (virus_3418615,host_326151): 0 -> 1
Cell (virus_3418615,host_148094): 0 -> 1
Cell (virus_3418615,host_574064): 0 -> 1
Cell (virus_3418615,host_40229): 0 -> 1
Cell (virus_3418615,host_291302): 0 -> 1
Cell (virus_3418615,host_242384): 0 -> 1
Cell (virus_3418615,host_258863): 0 -> 1
Cell (virus_3418615,host_9438): 0 -> 1
Cell (virus_3418615,host_249033): 0 -> 1
Cell (virus_3418615,host_59474): 0 -> 1
Cell (virus_3418615,host_999321): 0 -> 1
Cell (virus_3418615,host_867834): 0 -> 1
Cell (virus_3418615,host_258889): 0 -> 1
Cell (virus_3418615,host_2491053): 0 -> 1
Cell (virus_3418615,host_110938): 0 -> 1
Cell (virus_3418615,host_258944): 0 -> 1
Cell (virus_3418615,host_59485): 0 -> 1
Cell (virus_694006,host_105273): 0 -> 1
Cell (virus_694006,host_105295): 0 -> 1
Cell (virus_694006,host_51300): 0 -> 1
Cell (virus_694006,host_294653): 0 -> 1
Cell (virus_694006,host_59473): 0 -> 1
Cell (virus_694006,host_3380546): 0 -> 1
Cell (virus_694006,host_9435): 0 -> 1
Cell (virus_694006,host_257882): 0 -> 1
Cell (virus_694006,host_412095): 0 -> 1
Cell (virus_694006,host_385037): 0 -> 1
Cell (virus_694006,host_155035): 0 -> 1
Cell (virus_694006,host_258925): 0 -> 1
Cell (virus_694006,host_177185): 0 -> 1
Cell (virus_694006,host_187017): 0 -> 1
Cell (virus_694006,host_159858): 0 -> 1
Cell (virus_694006,host_169756): 0 -> 1
Cell (virus_694006,host_188570): 0 -> 1
Cell (virus_694006,host_608659): 0 -> 1
Cell (virus_694006,host_178895): 0 -> 1
Cell (virus_694006,host_608708): 0 -> 1
Cell (virus_694006,host_59477): 0 -> 1
Cell (virus_694006,host_166054): 0 -> 1
Cell (virus_694006,host_385575): 0 -> 1
Cell (virus_694006,host_9402): 0 -> 1
Cell (virus_694006,host_9403): 0 -> 1
Cell (virus_694006,host_58057): 0 -> 1
Cell (virus_694006,host_2853157): 0 -> 1
Cell (virus_694006,host_77243): 0 -> 1
Cell (virus_694006,host_58073): 0 -> 1
Cell (virus_694006,host_58083): 0 -> 1
Cell (virus_694006,host_77223): 0 -> 1
Cell (virus_694006,host_58063): 0 -> 1
Cell (virus_694006,host_77214): 0 -> 1
Cell (virus_694006,host_1898386): 0 -> 1
Cell (virus_694006,host_298110): 0 -> 1
Cell (virus_694006,host_374419): 0 -> 1
Cell (virus_694006,host_326081): 0 -> 1
Cell (virus_694006,host_326151): 0 -> 1
Cell (virus_694006,host_148094): 0 -> 1
Cell (virus_694006,host_574064): 0 -> 1
Cell (virus_694006,host_40229): 0 -> 1
Cell (virus_694006,host_291302): 0 -> 1
Cell (virus_694006,host_242384): 0 -> 1
Cell (virus_694006,host_258863): 0 -> 1
Cell (virus_694006,host_9438): 0 -> 1
Cell (virus_694006,host_249033): 0 -> 1
Cell (virus_694006,host_59474): 0 -> 1
Cell (virus_694006,host_999321): 0 -> 1
Cell (virus_694006,host_867834): 0 -> 1
Cell (virus_694006,host_258889): 0 -> 1
Cell (virus_694006,host_2491053): 0 -> 1
Cell (virus_694006,host_110938): 0 -> 1
Cell (virus_694006,host_258944): 0 -> 1
Cell (virus_694006,host_59485): 0 -> 1
Cell (virus_3433776,host_105273): 0 -> 1
Cell (virus_3433776,host_105295): 0 -> 1
Cell (virus_3433776,host_51300): 0 -> 1
Cell (virus_3433776,host_294653): 0 -> 1
Cell (virus_3433776,host_59473): 0 -> 1
Cell (virus_3433776,host_3380546): 0 -> 1
Cell (virus_3433776,host_9435): 0 -> 1
Cell (virus_3433776,host_257882): 0 -> 1
Cell (virus_3433776,host_412095): 0 -> 1
Cell (virus_3433776,host_385037): 0 -> 1
Cell (virus_3433776,host_155035): 0 -> 1
Cell (virus_3433776,host_258925): 0 -> 1
Cell (virus_3433776,host_177185): 0 -> 1
Cell (virus_3433776,host_187017): 0 -> 1
Cell (virus_3433776,host_159858): 0 -> 1
Cell (virus_3433776,host_169756): 0 -> 1
Cell (virus_3433776,host_188570): 0 -> 1
Cell (virus_3433776,host_608659): 0 -> 1
Cell (virus_3433776,host_178895): 0 -> 1
Cell (virus_3433776,host_608708): 0 -> 1
Cell (virus_3433776,host_59477): 0 -> 1
Cell (virus_3433776,host_166054): 0 -> 1
Cell (virus_3433776,host_385575): 0 -> 1
Cell (virus_3433776,host_9402): 0 -> 1
Cell (virus_3433776,host_9403): 0 -> 1
Cell (virus_3433776,host_58057): 0 -> 1
Cell (virus_3433776,host_2853157): 0 -> 1
Cell (virus_3433776,host_77243): 0 -> 1
Cell (virus_3433776,host_58073): 0 -> 1
Cell (virus_3433776,host_58083): 0 -> 1
Cell (virus_3433776,host_77223): 0 -> 1
Cell (virus_3433776,host_58063): 0 -> 1
Cell (virus_3433776,host_77214): 0 -> 1
Cell (virus_3433776,host_1898386): 0 -> 1
Cell (virus_3433776,host_298110): 0 -> 1
Cell (virus_3433776,host_374419): 0 -> 1
Cell (virus_3433776,host_326081): 0 -> 1
Cell (virus_3433776,host_326151): 0 -> 1
Cell (virus_3433776,host_148094): 0 -> 1
Cell (virus_3433776,host_574064): 0 -> 1
Cell (virus_3433776,host_40229): 0 -> 1
Cell (virus_3433776,host_291302): 0 -> 1
Cell (virus_3433776,host_242384): 0 -> 1
Cell (virus_3433776,host_258863): 0 -> 1
Cell (virus_3433776,host_9438): 0 -> 1
Cell (virus_3433776,host_249033): 0 -> 1
Cell (virus_3433776,host_59474): 0 -> 1
Cell (virus_3433776,host_999321): 0 -> 1
Cell (virus_3433776,host_258889): 0 -> 1
Cell (virus_3433776,host_2491053): 0 -> 1
Cell (virus_3433776,host_110938): 0 -> 1
Cell (virus_3433776,host_258944): 0 -> 1
Cell (virus_3433776,host_59485): 0 -> 1
Cell (virus_694007,host_105273): 0 -> 1
Cell (virus_694007,host_105295): 0 -> 1
Cell (virus_694007,host_51300): 0 -> 1
Cell (virus_694007,host_294653): 0 -> 1
Cell (virus_694007,host_59473): 0 -> 1
Cell (virus_694007,host_3380546): 0 -> 1
Cell (virus_694007,host_9435): 0 -> 1
Cell (virus_694007,host_257882): 0 -> 1
Cell (virus_694007,host_412095): 0 -> 1
Cell (virus_694007,host_385037): 0 -> 1
Cell (virus_694007,host_155035): 0 -> 1
Cell (virus_694007,host_258925): 0 -> 1
Cell (virus_694007,host_177185): 0 -> 1
Cell (virus_694007,host_187017): 0 -> 1
Cell (virus_694007,host_159858): 0 -> 1
Cell (virus_694007,host_169756): 0 -> 1
Cell (virus_694007,host_188570): 0 -> 1
Cell (virus_694007,host_608659): 0 -> 1
Cell (virus_694007,host_178895): 0 -> 1
Cell (virus_694007,host_608708): 0 -> 1
Cell (virus_694007,host_59477): 0 -> 1
Cell (virus_694007,host_166054): 0 -> 1
Cell (virus_694007,host_385575): 0 -> 1
Cell (virus_694007,host_9402): 0 -> 1
Cell (virus_694007,host_9403): 0 -> 1
Cell (virus_694007,host_58057): 0 -> 1
Cell (virus_694007,host_2853157): 0 -> 1
Cell (virus_694007,host_77243): 0 -> 1
Cell (virus_694007,host_58073): 0 -> 1
Cell (virus_694007,host_58083): 0 -> 1
Cell (virus_694007,host_77223): 0 -> 1
Cell (virus_694007,host_58063): 0 -> 1
Cell (virus_694007,host_77214): 0 -> 1
Cell (virus_694007,host_1898386): 0 -> 1
Cell (virus_694007,host_298110): 0 -> 1
Cell (virus_694007,host_374419): 0 -> 1
Cell (virus_694007,host_326081): 0 -> 1
Cell (virus_694007,host_326151): 0 -> 1
Cell (virus_694007,host_148094): 0 -> 1
Cell (virus_694007,host_574064): 0 -> 1
Cell (virus_694007,host_40229): 0 -> 1
Cell (virus_694007,host_291302): 0 -> 1
Cell (virus_694007,host_242384): 0 -> 1
Cell (virus_694007,host_258863): 0 -> 1
Cell (virus_694007,host_9438): 0 -> 1
Cell (virus_694007,host_249033): 0 -> 1
Cell (virus_694007,host_59474): 0 -> 1
Cell (virus_694007,host_999321): 0 -> 1
Cell (virus_694007,host_258889): 0 -> 1
Cell (virus_694007,host_2491053): 0 -> 1
Cell (virus_694007,host_110938): 0 -> 1
Cell (virus_694007,host_258944): 0 -> 1
Cell (virus_694007,host_59485): 0 -> 1
Cell (virus_1881051,host_105295): 0 -> 1
Cell (virus_1881051,host_51300): 0 -> 1
Cell (virus_1881051,host_294653): 0 -> 1
Cell (virus_1881051,host_59473): 0 -> 1
Cell (virus_1881051,host_3380546): 0 -> 1
Cell (virus_1881051,host_9435): 0 -> 1
Cell (virus_1881051,host_257882): 0 -> 1
Cell (virus_1881051,host_109480): 0 -> 1
Cell (virus_1881051,host_160974): 0 -> 1
Cell (virus_1881051,host_519446): 0 -> 1
Cell (virus_1881051,host_412095): 0 -> 1
Cell (virus_1881051,host_452654): 0 -> 1
Cell (virus_1881051,host_385037): 0 -> 1
Cell (virus_1881051,host_155035): 0 -> 1
Cell (virus_1881051,host_633648): 0 -> 1
Cell (virus_1881051,host_258925): 0 -> 1
Cell (virus_1881051,host_177185): 0 -> 1
Cell (virus_1881051,host_187017): 0 -> 1
Cell (virus_1881051,host_159858): 0 -> 1
Cell (virus_1881051,host_169756): 0 -> 1
Cell (virus_1881051,host_188570): 0 -> 1
Cell (virus_1881051,host_178895): 0 -> 1
Cell (virus_1881051,host_608708): 0 -> 1
Cell (virus_1881051,host_59477): 0 -> 1
Cell (virus_1881051,host_476589): 0 -> 1
Cell (virus_1881051,host_166054): 0 -> 1
Cell (virus_1881051,host_385575): 0 -> 1
Cell (virus_1881051,host_9402): 0 -> 1
Cell (virus_1881051,host_9403): 0 -> 1
Cell (virus_1881051,host_58057): 0 -> 1
Cell (virus_1881051,host_2853157): 0 -> 1
Cell (virus_1881051,host_77243): 0 -> 1
Cell (virus_1881051,host_58073): 0 -> 1
Cell (virus_1881051,host_58083): 0 -> 1
Cell (virus_1881051,host_77223): 0 -> 1
Cell (virus_1881051,host_58063): 0 -> 1
Cell (virus_1881051,host_77214): 0 -> 1
Cell (virus_1881051,host_1898386): 0 -> 1
Cell (virus_1881051,host_298110): 0 -> 1
Cell (virus_1881051,host_374419): 0 -> 1
Cell (virus_1881051,host_326081): 0 -> 1
Cell (virus_1881051,host_326151): 0 -> 1
Cell (virus_1881051,host_148094): 0 -> 1
Cell (virus_1881051,host_574064): 0 -> 1
Cell (virus_1881051,host_3042450): 0 -> 1
Cell (virus_1881051,host_59472): 0 -> 1
Cell (virus_1881051,host_291302): 0 -> 1
Cell (virus_1881051,host_479723): 0 -> 1
Cell (virus_1881051,host_27622): 0 -> 1
Cell (virus_1881051,host_3041509): 0 -> 1
Cell (virus_1881051,host_2218597): 0 -> 1
Cell (virus_1881051,host_258867): 0 -> 1
Cell (virus_1881051,host_242384): 0 -> 1
Cell (virus_1881051,host_258863): 0 -> 1
Cell (virus_1881051,host_9438): 0 -> 1
Cell (virus_1881051,host_249033): 0 -> 1
Cell (virus_1881051,host_272799): 0 -> 1
Cell (virus_1881051,host_59474): 0 -> 1
Cell (virus_1881051,host_999321): 0 -> 1
Cell (virus_1881051,host_867834): 0 -> 1
Cell (virus_1881051,host_258889): 0 -> 1
Cell (virus_1881051,host_2491053): 0 -> 1
Cell (virus_1881051,host_110938): 0 -> 1
Cell (virus_1881051,host_258944): 0 -> 1
Cell (virus_1881051,host_59485): 0 -> 1
Cell (virus_2913387,host_105295): 0 -> 1
Cell (virus_2913387,host_51300): 0 -> 1
Cell (virus_2913387,host_294653): 0 -> 1
Cell (virus_2913387,host_59473): 0 -> 1
Cell (virus_2913387,host_3380546): 0 -> 1
Cell (virus_2913387,host_9435): 0 -> 1
Cell (virus_2913387,host_257882): 0 -> 1
Cell (virus_2913387,host_109480): 0 -> 1
Cell (virus_2913387,host_160974): 0 -> 1
Cell (virus_2913387,host_519446): 0 -> 1
Cell (virus_2913387,host_412095): 0 -> 1
Cell (virus_2913387,host_452654): 0 -> 1
Cell (virus_2913387,host_385037): 0 -> 1
Cell (virus_2913387,host_155035): 0 -> 1
Cell (virus_2913387,host_633648): 0 -> 1
Cell (virus_2913387,host_258925): 0 -> 1
Cell (virus_2913387,host_177185): 0 -> 1
Cell (virus_2913387,host_187017): 0 -> 1
Cell (virus_2913387,host_159858): 0 -> 1
Cell (virus_2913387,host_169756): 0 -> 1
Cell (virus_2913387,host_188570): 0 -> 1
Cell (virus_2913387,host_178895): 0 -> 1
Cell (virus_2913387,host_608708): 0 -> 1
Cell (virus_2913387,host_59477): 0 -> 1
Cell (virus_2913387,host_476589): 0 -> 1
Cell (virus_2913387,host_166054): 0 -> 1
Cell (virus_2913387,host_385575): 0 -> 1
Cell (virus_2913387,host_9402): 0 -> 1
Cell (virus_2913387,host_9403): 0 -> 1
Cell (virus_2913387,host_58057): 0 -> 1
Cell (virus_2913387,host_2853157): 0 -> 1
Cell (virus_2913387,host_77243): 0 -> 1
Cell (virus_2913387,host_58073): 0 -> 1
Cell (virus_2913387,host_58083): 0 -> 1
Cell (virus_2913387,host_77223): 0 -> 1
Cell (virus_2913387,host_58063): 0 -> 1
Cell (virus_2913387,host_77214): 0 -> 1
Cell (virus_2913387,host_1898386): 0 -> 1
Cell (virus_2913387,host_298110): 0 -> 1
Cell (virus_2913387,host_374419): 0 -> 1
Cell (virus_2913387,host_326081): 0 -> 1
Cell (virus_2913387,host_326151): 0 -> 1
Cell (virus_2913387,host_148094): 0 -> 1
Cell (virus_2913387,host_574064): 0 -> 1
Cell (virus_2913387,host_3042450): 0 -> 1
Cell (virus_2913387,host_59472): 0 -> 1
Cell (virus_2913387,host_291302): 0 -> 1
Cell (virus_2913387,host_479723): 0 -> 1
Cell (virus_2913387,host_27622): 0 -> 1
Cell (virus_2913387,host_3041509): 0 -> 1
Cell (virus_2913387,host_2218597): 0 -> 1
Cell (virus_2913387,host_258867): 0 -> 1
Cell (virus_2913387,host_242384): 0 -> 1
Cell (virus_2913387,host_258863): 0 -> 1
Cell (virus_2913387,host_9438): 0 -> 1
Cell (virus_2913387,host_249033): 0 -> 1
Cell (virus_2913387,host_272799): 0 -> 1
Cell (virus_2913387,host_59474): 0 -> 1
Cell (virus_2913387,host_999321): 0 -> 1
Cell (virus_2913387,host_867834): 0 -> 1
Cell (virus_2913387,host_258889): 0 -> 1
Cell (virus_2913387,host_2491053): 0 -> 1
Cell (virus_2913387,host_110938): 0 -> 1
Cell (virus_2913387,host_258944): 0 -> 1
Cell (virus_2913387,host_59485): 0 -> 1
Cell (virus_2691592,host_105295): 0 -> 1
Cell (virus_2691592,host_51300): 0 -> 1
Cell (virus_2691592,host_294653): 0 -> 1
Cell (virus_2691592,host_59473): 0 -> 1
Cell (virus_2691592,host_3380546): 0 -> 1
Cell (virus_2691592,host_9435): 0 -> 1
Cell (virus_2691592,host_257882): 0 -> 1
Cell (virus_2691592,host_109480): 0 -> 1
Cell (virus_2691592,host_160974): 0 -> 1
Cell (virus_2691592,host_519446): 0 -> 1
Cell (virus_2691592,host_412095): 0 -> 1
Cell (virus_2691592,host_452654): 0 -> 1
Cell (virus_2691592,host_385037): 0 -> 1
Cell (virus_2691592,host_155035): 0 -> 1
Cell (virus_2691592,host_633648): 0 -> 1
Cell (virus_2691592,host_258925): 0 -> 1
Cell (virus_2691592,host_177185): 0 -> 1
Cell (virus_2691592,host_187017): 0 -> 1
Cell (virus_2691592,host_159858): 0 -> 1
Cell (virus_2691592,host_169756): 0 -> 1
Cell (virus_2691592,host_188570): 0 -> 1
Cell (virus_2691592,host_178895): 0 -> 1
Cell (virus_2691592,host_608708): 0 -> 1
Cell (virus_2691592,host_59477): 0 -> 1
Cell (virus_2691592,host_476589): 0 -> 1
Cell (virus_2691592,host_166054): 0 -> 1
Cell (virus_2691592,host_385575): 0 -> 1
Cell (virus_2691592,host_9402): 0 -> 1
Cell (virus_2691592,host_9403): 0 -> 1
Cell (virus_2691592,host_2853157): 0 -> 1
Cell (virus_2691592,host_372077): 0 -> 1
Cell (virus_2691592,host_77243): 0 -> 1
Cell (virus_2691592,host_58073): 0 -> 1
Cell (virus_2691592,host_58083): 0 -> 1
Cell (virus_2691592,host_77223): 0 -> 1
Cell (virus_2691592,host_58063): 0 -> 1
Cell (virus_2691592,host_77214): 0 -> 1
Cell (virus_2691592,host_1898386): 0 -> 1
Cell (virus_2691592,host_298110): 0 -> 1
Cell (virus_2691592,host_374419): 0 -> 1
Cell (virus_2691592,host_326081): 0 -> 1
Cell (virus_2691592,host_326151): 0 -> 1
Cell (virus_2691592,host_148094): 0 -> 1
Cell (virus_2691592,host_574064): 0 -> 1
Cell (virus_2691592,host_3042450): 0 -> 1
Cell (virus_2691592,host_59472): 0 -> 1
Cell (virus_2691592,host_291302): 0 -> 1
Cell (virus_2691592,host_479723): 0 -> 1
Cell (virus_2691592,host_27622): 0 -> 1
Cell (virus_2691592,host_3041509): 0 -> 1
Cell (virus_2691592,host_2218597): 0 -> 1
Cell (virus_2691592,host_258867): 0 -> 1
Cell (virus_2691592,host_242384): 0 -> 1
Cell (virus_2691592,host_258863): 0 -> 1
Cell (virus_2691592,host_9438): 0 -> 1
Cell (virus_2691592,host_249033): 0 -> 1
Cell (virus_2691592,host_272799): 0 -> 1
Cell (virus_2691592,host_59474): 0 -> 1
Cell (virus_2691592,host_999321): 0 -> 1
Cell (virus_2691592,host_867834): 0 -> 1
Cell (virus_2691592,host_258889): 0 -> 1
Cell (virus_2691592,host_2491053): 0 -> 1
Cell (virus_2691592,host_110938): 0 -> 1
Cell (virus_2691592,host_258944): 0 -> 1
Cell (virus_2691592,host_59485): 0 -> 1
Cell (virus_28295,host_105295): 0 -> 1
Cell (virus_28295,host_187011): 0 -> 1
Cell (virus_28295,host_51300): 0 -> 1
Cell (virus_28295,host_294653): 0 -> 1
Cell (virus_28295,host_59473): 0 -> 1
Cell (virus_28295,host_3380546): 0 -> 1
Cell (virus_28295,host_9435): 0 -> 1
Cell (virus_28295,host_257882): 0 -> 1
Cell (virus_28295,host_109480): 0 -> 1
Cell (virus_28295,host_160974): 0 -> 1
Cell (virus_28295,host_519446): 0 -> 1
Cell (virus_28295,host_412095): 0 -> 1
Cell (virus_28295,host_452654): 0 -> 1
Cell (virus_28295,host_385037): 0 -> 1
Cell (virus_28295,host_155035): 0 -> 1
Cell (virus_28295,host_633648): 0 -> 1
Cell (virus_28295,host_258925): 0 -> 1
Cell (virus_28295,host_177185): 0 -> 1
Cell (virus_28295,host_187017): 0 -> 1
Cell (virus_28295,host_159858): 0 -> 1
Cell (virus_28295,host_169756): 0 -> 1
Cell (virus_28295,host_188570): 0 -> 1
Cell (virus_28295,host_178895): 0 -> 1
Cell (virus_28295,host_608708): 0 -> 1
Cell (virus_28295,host_59477): 0 -> 1
Cell (virus_28295,host_166054): 0 -> 1
Cell (virus_28295,host_385575): 0 -> 1
Cell (virus_28295,host_9402): 0 -> 1
Cell (virus_28295,host_9403): 0 -> 1
Cell (virus_28295,host_2853157): 0 -> 1
Cell (virus_28295,host_77243): 0 -> 1
Cell (virus_28295,host_58073): 0 -> 1
Cell (virus_28295,host_58083): 0 -> 1
Cell (virus_28295,host_77223): 0 -> 1
Cell (virus_28295,host_58063): 0 -> 1
Cell (virus_28295,host_77214): 0 -> 1
Cell (virus_28295,host_1898386): 0 -> 1
Cell (virus_28295,host_298110): 0 -> 1
Cell (virus_28295,host_374419): 0 -> 1
Cell (virus_28295,host_326081): 0 -> 1
Cell (virus_28295,host_326151): 0 -> 1
Cell (virus_28295,host_148094): 0 -> 1
Cell (virus_28295,host_574064): 0 -> 1
Cell (virus_28295,host_3042450): 0 -> 1
Cell (virus_28295,host_59472): 0 -> 1
Cell (virus_28295,host_291302): 0 -> 1
Cell (virus_28295,host_479723): 0 -> 1
Cell (virus_28295,host_27622): 0 -> 1
Cell (virus_28295,host_3041509): 0 -> 1
Cell (virus_28295,host_2218597): 0 -> 1
Cell (virus_28295,host_258867): 0 -> 1
Cell (virus_28295,host_242384): 0 -> 1
Cell (virus_28295,host_258863): 0 -> 1
Cell (virus_28295,host_9438): 0 -> 1
Cell (virus_28295,host_249033): 0 -> 1
Cell (virus_28295,host_272799): 0 -> 1
Cell (virus_28295,host_59474): 0 -> 1
Cell (virus_28295,host_999321): 0 -> 1
Cell (virus_28295,host_867834): 0 -> 1
Cell (virus_28295,host_258889): 0 -> 1
Cell (virus_28295,host_2491053): 0 -> 1
Cell (virus_28295,host_110938): 0 -> 1
Cell (virus_28295,host_258944): 0 -> 1
Cell (virus_28295,host_59485): 0 -> 1
Cell (virus_3433789,host_105295): 0 -> 1
Cell (virus_3433789,host_187011): 0 -> 1
Cell (virus_3433789,host_51300): 0 -> 1
Cell (virus_3433789,host_294653): 0 -> 1
Cell (virus_3433789,host_59473): 0 -> 1
Cell (virus_3433789,host_3380546): 0 -> 1
Cell (virus_3433789,host_9435): 0 -> 1
Cell (virus_3433789,host_257882): 0 -> 1
Cell (virus_3433789,host_109480): 0 -> 1
Cell (virus_3433789,host_160974): 0 -> 1
Cell (virus_3433789,host_519446): 0 -> 1
Cell (virus_3433789,host_412095): 0 -> 1
Cell (virus_3433789,host_452654): 0 -> 1
Cell (virus_3433789,host_385037): 0 -> 1
Cell (virus_3433789,host_155035): 0 -> 1
Cell (virus_3433789,host_633648): 0 -> 1
Cell (virus_3433789,host_258925): 0 -> 1
Cell (virus_3433789,host_177185): 0 -> 1
Cell (virus_3433789,host_187017): 0 -> 1
Cell (virus_3433789,host_159858): 0 -> 1
Cell (virus_3433789,host_169756): 0 -> 1
Cell (virus_3433789,host_188570): 0 -> 1
Cell (virus_3433789,host_178895): 0 -> 1
Cell (virus_3433789,host_608708): 0 -> 1
Cell (virus_3433789,host_59477): 0 -> 1
Cell (virus_3433789,host_166054): 0 -> 1
Cell (virus_3433789,host_385575): 0 -> 1
Cell (virus_3433789,host_9402): 0 -> 1
Cell (virus_3433789,host_9403): 0 -> 1
Cell (virus_3433789,host_2853157): 0 -> 1
Cell (virus_3433789,host_77243): 0 -> 1
Cell (virus_3433789,host_58073): 0 -> 1
Cell (virus_3433789,host_58083): 0 -> 1
Cell (virus_3433789,host_77223): 0 -> 1
Cell (virus_3433789,host_58063): 0 -> 1
Cell (virus_3433789,host_77214): 0 -> 1
Cell (virus_3433789,host_1898386): 0 -> 1
Cell (virus_3433789,host_298110): 0 -> 1
Cell (virus_3433789,host_374419): 0 -> 1
Cell (virus_3433789,host_326081): 0 -> 1
Cell (virus_3433789,host_326151): 0 -> 1
Cell (virus_3433789,host_148094): 0 -> 1
Cell (virus_3433789,host_574064): 0 -> 1
Cell (virus_3433789,host_3042450): 0 -> 1
Cell (virus_3433789,host_59472): 0 -> 1
Cell (virus_3433789,host_291302): 0 -> 1
Cell (virus_3433789,host_479723): 0 -> 1
Cell (virus_3433789,host_27622): 0 -> 1
Cell (virus_3433789,host_3041509): 0 -> 1
Cell (virus_3433789,host_2218597): 0 -> 1
Cell (virus_3433789,host_258867): 0 -> 1
Cell (virus_3433789,host_242384): 0 -> 1
Cell (virus_3433789,host_258863): 0 -> 1
Cell (virus_3433789,host_9438): 0 -> 1
Cell (virus_3433789,host_249033): 0 -> 1
Cell (virus_3433789,host_272799): 0 -> 1
Cell (virus_3433789,host_59474): 0 -> 1
Cell (virus_3433789,host_999321): 0 -> 1
Cell (virus_3433789,host_867834): 0 -> 1
Cell (virus_3433789,host_258889): 0 -> 1
Cell (virus_3433789,host_2491053): 0 -> 1
Cell (virus_3433789,host_110938): 0 -> 1
Cell (virus_3433789,host_258944): 0 -> 1
Cell (virus_3433789,host_59485): 0 -> 1
Cell (virus_2913385,host_105295): 0 -> 1
Cell (virus_2913385,host_187011): 0 -> 1
Cell (virus_2913385,host_51300): 0 -> 1
Cell (virus_2913385,host_294653): 0 -> 1
Cell (virus_2913385,host_59473): 0 -> 1
Cell (virus_2913385,host_3380546): 0 -> 1
Cell (virus_2913385,host_9435): 0 -> 1
Cell (virus_2913385,host_257882): 0 -> 1
Cell (virus_2913385,host_109480): 0 -> 1
Cell (virus_2913385,host_160974): 0 -> 1
Cell (virus_2913385,host_519446): 0 -> 1
Cell (virus_2913385,host_412095): 0 -> 1
Cell (virus_2913385,host_452654): 0 -> 1
Cell (virus_2913385,host_385037): 0 -> 1
Cell (virus_2913385,host_155035): 0 -> 1
Cell (virus_2913385,host_633648): 0 -> 1
Cell (virus_2913385,host_258925): 0 -> 1
Cell (virus_2913385,host_177185): 0 -> 1
Cell (virus_2913385,host_187017): 0 -> 1
Cell (virus_2913385,host_159858): 0 -> 1
Cell (virus_2913385,host_169756): 0 -> 1
Cell (virus_2913385,host_188570): 0 -> 1
Cell (virus_2913385,host_178895): 0 -> 1
Cell (virus_2913385,host_608708): 0 -> 1
Cell (virus_2913385,host_59477): 0 -> 1
Cell (virus_2913385,host_166054): 0 -> 1
Cell (virus_2913385,host_385575): 0 -> 1
Cell (virus_2913385,host_9402): 0 -> 1
Cell (virus_2913385,host_9403): 0 -> 1
Cell (virus_2913385,host_2853157): 0 -> 1
Cell (virus_2913385,host_77243): 0 -> 1
Cell (virus_2913385,host_58073): 0 -> 1
Cell (virus_2913385,host_58083): 0 -> 1
Cell (virus_2913385,host_77223): 0 -> 1
Cell (virus_2913385,host_58063): 0 -> 1
Cell (virus_2913385,host_77214): 0 -> 1
Cell (virus_2913385,host_1898386): 0 -> 1
Cell (virus_2913385,host_298110): 0 -> 1
Cell (virus_2913385,host_374419): 0 -> 1
Cell (virus_2913385,host_326081): 0 -> 1
Cell (virus_2913385,host_326151): 0 -> 1
Cell (virus_2913385,host_148094): 0 -> 1
Cell (virus_2913385,host_574064): 0 -> 1
Cell (virus_2913385,host_3042450): 0 -> 1
Cell (virus_2913385,host_59472): 0 -> 1
Cell (virus_2913385,host_291302): 0 -> 1
Cell (virus_2913385,host_479723): 0 -> 1
Cell (virus_2913385,host_27622): 0 -> 1
Cell (virus_2913385,host_3041509): 0 -> 1
Cell (virus_2913385,host_2218597): 0 -> 1
Cell (virus_2913385,host_258867): 0 -> 1
Cell (virus_2913385,host_242384): 0 -> 1
Cell (virus_2913385,host_258863): 0 -> 1
Cell (virus_2913385,host_9438): 0 -> 1
Cell (virus_2913385,host_249033): 0 -> 1
Cell (virus_2913385,host_272799): 0 -> 1
Cell (virus_2913385,host_59474): 0 -> 1
Cell (virus_2913385,host_999321): 0 -> 1
Cell (virus_2913385,host_867834): 0 -> 1
Cell (virus_2913385,host_258889): 0 -> 1
Cell (virus_2913385,host_2491053): 0 -> 1
Cell (virus_2913385,host_110938): 0 -> 1
Cell (virus_2913385,host_258944): 0 -> 1
Cell (virus_2913385,host_59485): 0 -> 1
Cell (virus_3077579,host_105295): 0 -> 1
Cell (virus_3077579,host_51300): 0 -> 1
Cell (virus_3077579,host_294653): 0 -> 1
Cell (virus_3077579,host_59473): 0 -> 1
Cell (virus_3077579,host_3380546): 0 -> 1
Cell (virus_3077579,host_9435): 0 -> 1
Cell (virus_3077579,host_257882): 0 -> 1
Cell (virus_3077579,host_109480): 0 -> 1
Cell (virus_3077579,host_160974): 0 -> 1
Cell (virus_3077579,host_519446): 0 -> 1
Cell (virus_3077579,host_412095): 0 -> 1
Cell (virus_3077579,host_452654): 0 -> 1
Cell (virus_3077579,host_385037): 0 -> 1
Cell (virus_3077579,host_155035): 0 -> 1
Cell (virus_3077579,host_633648): 0 -> 1
Cell (virus_3077579,host_258925): 0 -> 1
Cell (virus_3077579,host_177185): 0 -> 1
Cell (virus_3077579,host_187017): 0 -> 1
Cell (virus_3077579,host_159858): 0 -> 1
Cell (virus_3077579,host_169756): 0 -> 1
Cell (virus_3077579,host_188570): 0 -> 1
Cell (virus_3077579,host_178895): 0 -> 1
Cell (virus_3077579,host_608708): 0 -> 1
Cell (virus_3077579,host_59477): 0 -> 1
Cell (virus_3077579,host_166054): 0 -> 1
Cell (virus_3077579,host_385575): 0 -> 1
Cell (virus_3077579,host_9402): 0 -> 1
Cell (virus_3077579,host_9403): 0 -> 1
Cell (virus_3077579,host_2853157): 0 -> 1
Cell (virus_3077579,host_77243): 0 -> 1
Cell (virus_3077579,host_58073): 0 -> 1
Cell (virus_3077579,host_58083): 0 -> 1
Cell (virus_3077579,host_77223): 0 -> 1
Cell (virus_3077579,host_58063): 0 -> 1
Cell (virus_3077579,host_77214): 0 -> 1
Cell (virus_3077579,host_1898386): 0 -> 1
Cell (virus_3077579,host_298110): 0 -> 1
Cell (virus_3077579,host_374419): 0 -> 1
Cell (virus_3077579,host_326081): 0 -> 1
Cell (virus_3077579,host_326151): 0 -> 1
Cell (virus_3077579,host_148094): 0 -> 1
Cell (virus_3077579,host_574064): 0 -> 1
Cell (virus_3077579,host_3042450): 0 -> 1
Cell (virus_3077579,host_59472): 0 -> 1
Cell (virus_3077579,host_291302): 0 -> 1
Cell (virus_3077579,host_479723): 0 -> 1
Cell (virus_3077579,host_27622): 0 -> 1
Cell (virus_3077579,host_3041509): 0 -> 1
Cell (virus_3077579,host_2218597): 0 -> 1
Cell (virus_3077579,host_258867): 0 -> 1
Cell (virus_3077579,host_242384): 0 -> 1
Cell (virus_3077579,host_258863): 0 -> 1
Cell (virus_3077579,host_9438): 0 -> 1
Cell (virus_3077579,host_249033): 0 -> 1
Cell (virus_3077579,host_272799): 0 -> 1
Cell (virus_3077579,host_59474): 0 -> 1
Cell (virus_3077579,host_999321): 0 -> 1
Cell (virus_3077579,host_867834): 0 -> 1
Cell (virus_3077579,host_258889): 0 -> 1
Cell (virus_3077579,host_2491053): 0 -> 1
Cell (virus_3077579,host_110938): 0 -> 1
Cell (virus_3077579,host_258944): 0 -> 1
Cell (virus_3077579,host_59485): 0 -> 1
Cell (virus_3077580,host_105295): 0 -> 1
Cell (virus_3077580,host_51300): 0 -> 1
Cell (virus_3077580,host_294653): 0 -> 1
Cell (virus_3077580,host_59473): 0 -> 1
Cell (virus_3077580,host_3380546): 0 -> 1
Cell (virus_3077580,host_9435): 0 -> 1
Cell (virus_3077580,host_257882): 0 -> 1
Cell (virus_3077580,host_109480): 0 -> 1
Cell (virus_3077580,host_160974): 0 -> 1
Cell (virus_3077580,host_519446): 0 -> 1
Cell (virus_3077580,host_412095): 0 -> 1
Cell (virus_3077580,host_452654): 0 -> 1
Cell (virus_3077580,host_385037): 0 -> 1
Cell (virus_3077580,host_155035): 0 -> 1
Cell (virus_3077580,host_633648): 0 -> 1
Cell (virus_3077580,host_258925): 0 -> 1
Cell (virus_3077580,host_177185): 0 -> 1
Cell (virus_3077580,host_187017): 0 -> 1
Cell (virus_3077580,host_159858): 0 -> 1
Cell (virus_3077580,host_169756): 0 -> 1
Cell (virus_3077580,host_188570): 0 -> 1
Cell (virus_3077580,host_178895): 0 -> 1
Cell (virus_3077580,host_608708): 0 -> 1
Cell (virus_3077580,host_59477): 0 -> 1
Cell (virus_3077580,host_166054): 0 -> 1
Cell (virus_3077580,host_385575): 0 -> 1
Cell (virus_3077580,host_9402): 0 -> 1
Cell (virus_3077580,host_9403): 0 -> 1
Cell (virus_3077580,host_2853157): 0 -> 1
Cell (virus_3077580,host_77243): 0 -> 1
Cell (virus_3077580,host_58073): 0 -> 1
Cell (virus_3077580,host_58083): 0 -> 1
Cell (virus_3077580,host_77223): 0 -> 1
Cell (virus_3077580,host_58063): 0 -> 1
Cell (virus_3077580,host_77214): 0 -> 1
Cell (virus_3077580,host_1898386): 0 -> 1
Cell (virus_3077580,host_298110): 0 -> 1
Cell (virus_3077580,host_374419): 0 -> 1
Cell (virus_3077580,host_326081): 0 -> 1
Cell (virus_3077580,host_326151): 0 -> 1
Cell (virus_3077580,host_148094): 0 -> 1
Cell (virus_3077580,host_574064): 0 -> 1
Cell (virus_3077580,host_3042450): 0 -> 1
Cell (virus_3077580,host_59472): 0 -> 1
Cell (virus_3077580,host_291302): 0 -> 1
Cell (virus_3077580,host_479723): 0 -> 1
Cell (virus_3077580,host_27622): 0 -> 1
Cell (virus_3077580,host_3041509): 0 -> 1
Cell (virus_3077580,host_2218597): 0 -> 1
Cell (virus_3077580,host_258867): 0 -> 1
Cell (virus_3077580,host_242384): 0 -> 1
Cell (virus_3077580,host_258863): 0 -> 1
Cell (virus_3077580,host_9438): 0 -> 1
Cell (virus_3077580,host_249033): 0 -> 1
Cell (virus_3077580,host_272799): 0 -> 1
Cell (virus_3077580,host_59474): 0 -> 1
Cell (virus_3077580,host_999321): 0 -> 1
Cell (virus_3077580,host_867834): 0 -> 1
Cell (virus_3077580,host_258889): 0 -> 1
Cell (virus_3077580,host_2491053): 0 -> 1
Cell (virus_3077580,host_110938): 0 -> 1
Cell (virus_3077580,host_258944): 0 -> 1
Cell (virus_3077580,host_59485): 0 -> 1
Cell (virus_2419667,host_105295): 0 -> 1
Cell (virus_2419667,host_51300): 0 -> 1
Cell (virus_2419667,host_294653): 0 -> 1
Cell (virus_2419667,host_59473): 0 -> 1
Cell (virus_2419667,host_3380546): 0 -> 1
Cell (virus_2419667,host_9435): 0 -> 1
Cell (virus_2419667,host_257882): 0 -> 1
Cell (virus_2419667,host_109480): 0 -> 1
Cell (virus_2419667,host_160974): 0 -> 1
Cell (virus_2419667,host_519446): 0 -> 1
Cell (virus_2419667,host_412095): 0 -> 1
Cell (virus_2419667,host_452654): 0 -> 1
Cell (virus_2419667,host_385037): 0 -> 1
Cell (virus_2419667,host_155035): 0 -> 1
Cell (virus_2419667,host_633648): 0 -> 1
Cell (virus_2419667,host_258925): 0 -> 1
Cell (virus_2419667,host_177185): 0 -> 1
Cell (virus_2419667,host_187017): 0 -> 1
Cell (virus_2419667,host_159858): 0 -> 1
Cell (virus_2419667,host_376555): 0 -> 1
Cell (virus_2419667,host_169756): 0 -> 1
Cell (virus_2419667,host_188570): 0 -> 1
Cell (virus_2419667,host_178895): 0 -> 1
Cell (virus_2419667,host_608708): 0 -> 1
Cell (virus_2419667,host_59477): 0 -> 1
Cell (virus_2419667,host_166054): 0 -> 1
Cell (virus_2419667,host_385575): 0 -> 1
Cell (virus_2419667,host_9402): 0 -> 1
Cell (virus_2419667,host_9403): 0 -> 1
Cell (virus_2419667,host_2853157): 0 -> 1
Cell (virus_2419667,host_77243): 0 -> 1
Cell (virus_2419667,host_58073): 0 -> 1
Cell (virus_2419667,host_58083): 0 -> 1
Cell (virus_2419667,host_77223): 0 -> 1
Cell (virus_2419667,host_58063): 0 -> 1
Cell (virus_2419667,host_77214): 0 -> 1
Cell (virus_2419667,host_1898386): 0 -> 1
Cell (virus_2419667,host_298110): 0 -> 1
Cell (virus_2419667,host_374419): 0 -> 1
Cell (virus_2419667,host_326081): 0 -> 1
Cell (virus_2419667,host_326151): 0 -> 1
Cell (virus_2419667,host_148094): 0 -> 1
Cell (virus_2419667,host_574064): 0 -> 1
Cell (virus_2419667,host_3042450): 0 -> 1
Cell (virus_2419667,host_59472): 0 -> 1
Cell (virus_2419667,host_291302): 0 -> 1
Cell (virus_2419667,host_479723): 0 -> 1
Cell (virus_2419667,host_27622): 0 -> 1
Cell (virus_2419667,host_3041509): 0 -> 1
Cell (virus_2419667,host_2218597): 0 -> 1
Cell (virus_2419667,host_258867): 0 -> 1
Cell (virus_2419667,host_242384): 0 -> 1
Cell (virus_2419667,host_258863): 0 -> 1
Cell (virus_2419667,host_9438): 0 -> 1
Cell (virus_2419667,host_249033): 0 -> 1
Cell (virus_2419667,host_272799): 0 -> 1
Cell (virus_2419667,host_59474): 0 -> 1
Cell (virus_2419667,host_999321): 0 -> 1
Cell (virus_2419667,host_867834): 0 -> 1
Cell (virus_2419667,host_258889): 0 -> 1
Cell (virus_2419667,host_2491053): 0 -> 1
Cell (virus_2419667,host_110938): 0 -> 1
Cell (virus_2419667,host_258944): 0 -> 1
Cell (virus_2419667,host_59485): 0 -> 1
Cell (virus_3433787,host_105295): 0 -> 1
Cell (virus_3433787,host_51300): 0 -> 1
Cell (virus_3433787,host_294653): 0 -> 1
Cell (virus_3433787,host_59473): 0 -> 1
Cell (virus_3433787,host_3380546): 0 -> 1
Cell (virus_3433787,host_9435): 0 -> 1
Cell (virus_3433787,host_257882): 0 -> 1
Cell (virus_3433787,host_109480): 0 -> 1
Cell (virus_3433787,host_160974): 0 -> 1
Cell (virus_3433787,host_519446): 0 -> 1
Cell (virus_3433787,host_412095): 0 -> 1
Cell (virus_3433787,host_452654): 0 -> 1
Cell (virus_3433787,host_385037): 0 -> 1
Cell (virus_3433787,host_155035): 0 -> 1
Cell (virus_3433787,host_633648): 0 -> 1
Cell (virus_3433787,host_258925): 0 -> 1
Cell (virus_3433787,host_177185): 0 -> 1
Cell (virus_3433787,host_187017): 0 -> 1
Cell (virus_3433787,host_159858): 0 -> 1
Cell (virus_3433787,host_376555): 0 -> 1
Cell (virus_3433787,host_169756): 0 -> 1
Cell (virus_3433787,host_188570): 0 -> 1
Cell (virus_3433787,host_178895): 0 -> 1
Cell (virus_3433787,host_608708): 0 -> 1
Cell (virus_3433787,host_59477): 0 -> 1
Cell (virus_3433787,host_166054): 0 -> 1
Cell (virus_3433787,host_385575): 0 -> 1
Cell (virus_3433787,host_9402): 0 -> 1
Cell (virus_3433787,host_9403): 0 -> 1
Cell (virus_3433787,host_2853157): 0 -> 1
Cell (virus_3433787,host_77243): 0 -> 1
Cell (virus_3433787,host_58073): 0 -> 1
Cell (virus_3433787,host_58083): 0 -> 1
Cell (virus_3433787,host_77223): 0 -> 1
Cell (virus_3433787,host_58063): 0 -> 1
Cell (virus_3433787,host_77214): 0 -> 1
Cell (virus_3433787,host_1898386): 0 -> 1
Cell (virus_3433787,host_298110): 0 -> 1
Cell (virus_3433787,host_374419): 0 -> 1
Cell (virus_3433787,host_326081): 0 -> 1
Cell (virus_3433787,host_326151): 0 -> 1
Cell (virus_3433787,host_148094): 0 -> 1
Cell (virus_3433787,host_574064): 0 -> 1
Cell (virus_3433787,host_3042450): 0 -> 1
Cell (virus_3433787,host_59472): 0 -> 1
Cell (virus_3433787,host_291302): 0 -> 1
Cell (virus_3433787,host_479723): 0 -> 1
Cell (virus_3433787,host_27622): 0 -> 1
Cell (virus_3433787,host_3041509): 0 -> 1
Cell (virus_3433787,host_2218597): 0 -> 1
Cell (virus_3433787,host_258867): 0 -> 1
Cell (virus_3433787,host_242384): 0 -> 1
Cell (virus_3433787,host_258863): 0 -> 1
Cell (virus_3433787,host_9438): 0 -> 1
Cell (virus_3433787,host_249033): 0 -> 1
Cell (virus_3433787,host_272799): 0 -> 1
Cell (virus_3433787,host_59474): 0 -> 1
Cell (virus_3433787,host_999321): 0 -> 1
Cell (virus_3433787,host_867834): 0 -> 1
Cell (virus_3433787,host_258889): 0 -> 1
Cell (virus_3433787,host_2491053): 0 -> 1
Cell (virus_3433787,host_110938): 0 -> 1
Cell (virus_3433787,host_258944): 0 -> 1
Cell (virus_3433787,host_59485): 0 -> 1
Cell (virus_3027593,host_105295): 0 -> 1
Cell (virus_3027593,host_51300): 0 -> 1
Cell (virus_3027593,host_294653): 0 -> 1
Cell (virus_3027593,host_59473): 0 -> 1
Cell (virus_3027593,host_3380546): 0 -> 1
Cell (virus_3027593,host_9435): 0 -> 1
Cell (virus_3027593,host_257882): 0 -> 1
Cell (virus_3027593,host_109480): 0 -> 1
Cell (virus_3027593,host_160974): 0 -> 1
Cell (virus_3027593,host_519446): 0 -> 1
Cell (virus_3027593,host_412095): 0 -> 1
Cell (virus_3027593,host_452654): 0 -> 1
Cell (virus_3027593,host_385037): 0 -> 1
Cell (virus_3027593,host_155035): 0 -> 1
Cell (virus_3027593,host_633648): 0 -> 1
Cell (virus_3027593,host_258925): 0 -> 1
Cell (virus_3027593,host_177185): 0 -> 1
Cell (virus_3027593,host_187017): 0 -> 1
Cell (virus_3027593,host_159858): 0 -> 1
Cell (virus_3027593,host_169756): 0 -> 1
Cell (virus_3027593,host_188570): 0 -> 1
Cell (virus_3027593,host_178895): 0 -> 1
Cell (virus_3027593,host_608708): 0 -> 1
Cell (virus_3027593,host_59477): 0 -> 1
Cell (virus_3027593,host_166054): 0 -> 1
Cell (virus_3027593,host_385575): 0 -> 1
Cell (virus_3027593,host_9402): 0 -> 1
Cell (virus_3027593,host_9403): 0 -> 1
Cell (virus_3027593,host_2853157): 0 -> 1
Cell (virus_3027593,host_77243): 0 -> 1
Cell (virus_3027593,host_58073): 0 -> 1
Cell (virus_3027593,host_58083): 0 -> 1
Cell (virus_3027593,host_77223): 0 -> 1
Cell (virus_3027593,host_58063): 0 -> 1
Cell (virus_3027593,host_77214): 0 -> 1
Cell (virus_3027593,host_1898386): 0 -> 1
Cell (virus_3027593,host_298110): 0 -> 1
Cell (virus_3027593,host_374419): 0 -> 1
Cell (virus_3027593,host_326081): 0 -> 1
Cell (virus_3027593,host_326151): 0 -> 1
Cell (virus_3027593,host_148094): 0 -> 1
Cell (virus_3027593,host_574064): 0 -> 1
Cell (virus_3027593,host_3042450): 0 -> 1
Cell (virus_3027593,host_59472): 0 -> 1
Cell (virus_3027593,host_291302): 0 -> 1
Cell (virus_3027593,host_27622): 0 -> 1
Cell (virus_3027593,host_3041509): 0 -> 1
Cell (virus_3027593,host_2218597): 0 -> 1
Cell (virus_3027593,host_258867): 0 -> 1
Cell (virus_3027593,host_242384): 0 -> 1
Cell (virus_3027593,host_258863): 0 -> 1
Cell (virus_3027593,host_9438): 0 -> 1
Cell (virus_3027593,host_249033): 0 -> 1
Cell (virus_3027593,host_272799): 0 -> 1
Cell (virus_3027593,host_59474): 0 -> 1
Cell (virus_3027593,host_999321): 0 -> 1
Cell (virus_3027593,host_867834): 0 -> 1
Cell (virus_3027593,host_258889): 0 -> 1
Cell (virus_3027593,host_2491053): 0 -> 1
Cell (virus_3027593,host_110938): 0 -> 1
Cell (virus_3027593,host_258944): 0 -> 1
Cell (virus_3027593,host_59485): 0 -> 1
Cell (virus_2991261,host_105295): 0 -> 1
Cell (virus_2991261,host_51300): 0 -> 1
Cell (virus_2991261,host_294653): 0 -> 1
Cell (virus_2991261,host_59473): 0 -> 1
Cell (virus_2991261,host_3380546): 0 -> 1
Cell (virus_2991261,host_9435): 0 -> 1
Cell (virus_2991261,host_257882): 0 -> 1
Cell (virus_2991261,host_109480): 0 -> 1
Cell (virus_2991261,host_160974): 0 -> 1
Cell (virus_2991261,host_519446): 0 -> 1
Cell (virus_2991261,host_412095): 0 -> 1
Cell (virus_2991261,host_452654): 0 -> 1
Cell (virus_2991261,host_385037): 0 -> 1
Cell (virus_2991261,host_155035): 0 -> 1
Cell (virus_2991261,host_633648): 0 -> 1
Cell (virus_2991261,host_258925): 0 -> 1
Cell (virus_2991261,host_177185): 0 -> 1
Cell (virus_2991261,host_187017): 0 -> 1
Cell (virus_2991261,host_159858): 0 -> 1
Cell (virus_2991261,host_169756): 0 -> 1
Cell (virus_2991261,host_188570): 0 -> 1
Cell (virus_2991261,host_178895): 0 -> 1
Cell (virus_2991261,host_608708): 0 -> 1
Cell (virus_2991261,host_59477): 0 -> 1
Cell (virus_2991261,host_166054): 0 -> 1
Cell (virus_2991261,host_385575): 0 -> 1
Cell (virus_2991261,host_9402): 0 -> 1
Cell (virus_2991261,host_9403): 0 -> 1
Cell (virus_2991261,host_2853157): 0 -> 1
Cell (virus_2991261,host_77243): 0 -> 1
Cell (virus_2991261,host_58073): 0 -> 1
Cell (virus_2991261,host_58083): 0 -> 1
Cell (virus_2991261,host_77223): 0 -> 1
Cell (virus_2991261,host_58063): 0 -> 1
Cell (virus_2991261,host_77214): 0 -> 1
Cell (virus_2991261,host_1898386): 0 -> 1
Cell (virus_2991261,host_298110): 0 -> 1
Cell (virus_2991261,host_374419): 0 -> 1
Cell (virus_2991261,host_326081): 0 -> 1
Cell (virus_2991261,host_326151): 0 -> 1
Cell (virus_2991261,host_148094): 0 -> 1
Cell (virus_2991261,host_574064): 0 -> 1
Cell (virus_2991261,host_3042450): 0 -> 1
Cell (virus_2991261,host_3371013): 0 -> 1
Cell (virus_2991261,host_59472): 0 -> 1
Cell (virus_2991261,host_291302): 0 -> 1
Cell (virus_2991261,host_27622): 0 -> 1
Cell (virus_2991261,host_3041509): 0 -> 1
Cell (virus_2991261,host_2218597): 0 -> 1
Cell (virus_2991261,host_258867): 0 -> 1
Cell (virus_2991261,host_242384): 0 -> 1
Cell (virus_2991261,host_258863): 0 -> 1
Cell (virus_2991261,host_9438): 0 -> 1
Cell (virus_2991261,host_249033): 0 -> 1
Cell (virus_2991261,host_272799): 0 -> 1
Cell (virus_2991261,host_59474): 0 -> 1
Cell (virus_2991261,host_999321): 0 -> 1
Cell (virus_2991261,host_867834): 0 -> 1
Cell (virus_2991261,host_258889): 0 -> 1
Cell (virus_2991261,host_2491053): 0 -> 1
Cell (virus_2991261,host_110938): 0 -> 1
Cell (virus_2991261,host_258944): 0 -> 1
Cell (virus_2991261,host_59485): 0 -> 1
Cell (virus_983923,host_105295): 0 -> 1
Cell (virus_983923,host_51300): 0 -> 1
Cell (virus_983923,host_294653): 0 -> 1
Cell (virus_983923,host_59473): 0 -> 1
Cell (virus_983923,host_3380546): 0 -> 1
Cell (virus_983923,host_9435): 0 -> 1
Cell (virus_983923,host_257882): 0 -> 1
Cell (virus_983923,host_109480): 0 -> 1
Cell (virus_983923,host_160974): 0 -> 1
Cell (virus_983923,host_519446): 0 -> 1
Cell (virus_983923,host_412095): 0 -> 1
Cell (virus_983923,host_452654): 0 -> 1
Cell (virus_983923,host_385037): 0 -> 1
Cell (virus_983923,host_155035): 0 -> 1
Cell (virus_983923,host_633648): 0 -> 1
Cell (virus_983923,host_258925): 0 -> 1
Cell (virus_983923,host_177185): 0 -> 1
Cell (virus_983923,host_187017): 0 -> 1
Cell (virus_983923,host_159858): 0 -> 1
Cell (virus_983923,host_169756): 0 -> 1
Cell (virus_983923,host_188570): 0 -> 1
Cell (virus_983923,host_178895): 0 -> 1
Cell (virus_983923,host_608708): 0 -> 1
Cell (virus_983923,host_59477): 0 -> 1
Cell (virus_983923,host_166054): 0 -> 1
Cell (virus_983923,host_385575): 0 -> 1
Cell (virus_983923,host_9402): 0 -> 1
Cell (virus_983923,host_9403): 0 -> 1
Cell (virus_983923,host_2853157): 0 -> 1
Cell (virus_983923,host_77243): 0 -> 1
Cell (virus_983923,host_58073): 0 -> 1
Cell (virus_983923,host_58083): 0 -> 1
Cell (virus_983923,host_77223): 0 -> 1
Cell (virus_983923,host_58063): 0 -> 1
Cell (virus_983923,host_77214): 0 -> 1
Cell (virus_983923,host_1898386): 0 -> 1
Cell (virus_983923,host_298110): 0 -> 1
Cell (virus_983923,host_374419): 0 -> 1
Cell (virus_983923,host_326081): 0 -> 1
Cell (virus_983923,host_326151): 0 -> 1
Cell (virus_983923,host_148094): 0 -> 1
Cell (virus_983923,host_574064): 0 -> 1
Cell (virus_983923,host_3042450): 0 -> 1
Cell (virus_983923,host_3371013): 0 -> 1
Cell (virus_983923,host_59472): 0 -> 1
Cell (virus_983923,host_291302): 0 -> 1
Cell (virus_983923,host_27622): 0 -> 1
Cell (virus_983923,host_3041509): 0 -> 1
Cell (virus_983923,host_2218597): 0 -> 1
Cell (virus_983923,host_258867): 0 -> 1
Cell (virus_983923,host_242384): 0 -> 1
Cell (virus_983923,host_258863): 0 -> 1
Cell (virus_983923,host_9438): 0 -> 1
Cell (virus_983923,host_249033): 0 -> 1
Cell (virus_983923,host_272799): 0 -> 1
Cell (virus_983923,host_59474): 0 -> 1
Cell (virus_983923,host_999321): 0 -> 1
Cell (virus_983923,host_867834): 0 -> 1
Cell (virus_983923,host_258889): 0 -> 1
Cell (virus_983923,host_2491053): 0 -> 1
Cell (virus_983923,host_110938): 0 -> 1
Cell (virus_983923,host_258944): 0 -> 1
Cell (virus_983923,host_59485): 0 -> 1
Cell (virus_3433749,host_105295): 0 -> 1
Cell (virus_3433749,host_51300): 0 -> 1
Cell (virus_3433749,host_294653): 0 -> 1
Cell (virus_3433749,host_59473): 0 -> 1
Cell (virus_3433749,host_3380546): 0 -> 1
Cell (virus_3433749,host_9435): 0 -> 1
Cell (virus_3433749,host_257882): 0 -> 1
Cell (virus_3433749,host_109480): 0 -> 1
Cell (virus_3433749,host_160974): 0 -> 1
Cell (virus_3433749,host_519446): 0 -> 1
Cell (virus_3433749,host_412095): 0 -> 1
Cell (virus_3433749,host_51298): 0 -> 1
Cell (virus_3433749,host_452654): 0 -> 1
Cell (virus_3433749,host_385037): 0 -> 1
Cell (virus_3433749,host_155035): 0 -> 1
Cell (virus_3433749,host_633648): 0 -> 1
Cell (virus_3433749,host_258925): 0 -> 1
Cell (virus_3433749,host_177185): 0 -> 1
Cell (virus_3433749,host_187017): 0 -> 1
Cell (virus_3433749,host_159858): 0 -> 1
Cell (virus_3433749,host_169756): 0 -> 1
Cell (virus_3433749,host_188570): 0 -> 1
Cell (virus_3433749,host_178895): 0 -> 1
Cell (virus_3433749,host_608708): 0 -> 1
Cell (virus_3433749,host_59477): 0 -> 1
Cell (virus_3433749,host_166054): 0 -> 1
Cell (virus_3433749,host_385575): 0 -> 1
Cell (virus_3433749,host_9402): 0 -> 1
Cell (virus_3433749,host_9403): 0 -> 1
Cell (virus_3433749,host_2853157): 0 -> 1
Cell (virus_3433749,host_77243): 0 -> 1
Cell (virus_3433749,host_58073): 0 -> 1
Cell (virus_3433749,host_58083): 0 -> 1
Cell (virus_3433749,host_77223): 0 -> 1
Cell (virus_3433749,host_58063): 0 -> 1
Cell (virus_3433749,host_77214): 0 -> 1
Cell (virus_3433749,host_1898386): 0 -> 1
Cell (virus_3433749,host_298110): 0 -> 1
Cell (virus_3433749,host_374419): 0 -> 1
Cell (virus_3433749,host_326081): 0 -> 1
Cell (virus_3433749,host_326151): 0 -> 1
Cell (virus_3433749,host_148094): 0 -> 1
Cell (virus_3433749,host_574064): 0 -> 1
Cell (virus_3433749,host_40224): 0 -> 1
Cell (virus_3433749,host_3042450): 0 -> 1
Cell (virus_3433749,host_59472): 0 -> 1
Cell (virus_3433749,host_291302): 0 -> 1
Cell (virus_3433749,host_27622): 0 -> 1
Cell (virus_3433749,host_3041509): 0 -> 1
Cell (virus_3433749,host_2218597): 0 -> 1
Cell (virus_3433749,host_258867): 0 -> 1
Cell (virus_3433749,host_242384): 0 -> 1
Cell (virus_3433749,host_258863): 0 -> 1
Cell (virus_3433749,host_9438): 0 -> 1
Cell (virus_3433749,host_249033): 0 -> 1
Cell (virus_3433749,host_59474): 0 -> 1
Cell (virus_3433749,host_999321): 0 -> 1
Cell (virus_3433749,host_867834): 0 -> 1
Cell (virus_3433749,host_258889): 0 -> 1
Cell (virus_3433749,host_2491053): 0 -> 1
Cell (virus_3433749,host_110938): 0 -> 1
Cell (virus_3433749,host_258944): 0 -> 1
Cell (virus_3433749,host_59485): 0 -> 1
Cell (virus_1986198,host_105295): 0 -> 1
Cell (virus_1986198,host_51300): 0 -> 1
Cell (virus_1986198,host_246814): 0 -> 1
Cell (virus_1986198,host_294653): 0 -> 1
Cell (virus_1986198,host_59473): 0 -> 1
Cell (virus_1986198,host_3380546): 0 -> 1
Cell (virus_1986198,host_9435): 0 -> 1
Cell (virus_1986198,host_257882): 0 -> 1
Cell (virus_1986198,host_109480): 0 -> 1
Cell (virus_1986198,host_160974): 0 -> 1
Cell (virus_1986198,host_519446): 0 -> 1
Cell (virus_1986198,host_412095): 0 -> 1
Cell (virus_1986198,host_452654): 0 -> 1
Cell (virus_1986198,host_385037): 0 -> 1
Cell (virus_1986198,host_155035): 0 -> 1
Cell (virus_1986198,host_633648): 0 -> 1
Cell (virus_1986198,host_258925): 0 -> 1
Cell (virus_1986198,host_177185): 0 -> 1
Cell (virus_1986198,host_187017): 0 -> 1
Cell (virus_1986198,host_159858): 0 -> 1
Cell (virus_1986198,host_169756): 0 -> 1
Cell (virus_1986198,host_188570): 0 -> 1
Cell (virus_1986198,host_178895): 0 -> 1
Cell (virus_1986198,host_608708): 0 -> 1
Cell (virus_1986198,host_59477): 0 -> 1
Cell (virus_1986198,host_166054): 0 -> 1
Cell (virus_1986198,host_385575): 0 -> 1
Cell (virus_1986198,host_9402): 0 -> 1
Cell (virus_1986198,host_9403): 0 -> 1
Cell (virus_1986198,host_2853157): 0 -> 1
Cell (virus_1986198,host_77243): 0 -> 1
Cell (virus_1986198,host_58073): 0 -> 1
Cell (virus_1986198,host_58083): 0 -> 1
Cell (virus_1986198,host_77223): 0 -> 1
Cell (virus_1986198,host_58063): 0 -> 1
Cell (virus_1986198,host_77214): 0 -> 1
Cell (virus_1986198,host_1898386): 0 -> 1
Cell (virus_1986198,host_298110): 0 -> 1
Cell (virus_1986198,host_374419): 0 -> 1
Cell (virus_1986198,host_326081): 0 -> 1
Cell (virus_1986198,host_326151): 0 -> 1
Cell (virus_1986198,host_574064): 0 -> 1
Cell (virus_1986198,host_3042450): 0 -> 1
Cell (virus_1986198,host_59472): 0 -> 1
Cell (virus_1986198,host_291302): 0 -> 1
Cell (virus_1986198,host_27622): 0 -> 1
Cell (virus_1986198,host_3041509): 0 -> 1
Cell (virus_1986198,host_2218597): 0 -> 1
Cell (virus_1986198,host_258867): 0 -> 1
Cell (virus_1986198,host_242384): 0 -> 1
Cell (virus_1986198,host_258863): 0 -> 1
Cell (virus_1986198,host_9438): 0 -> 1
Cell (virus_1986198,host_249033): 0 -> 1
Cell (virus_1986198,host_59474): 0 -> 1
Cell (virus_1986198,host_999321): 0 -> 1
Cell (virus_1986198,host_867834): 0 -> 1
Cell (virus_1986198,host_258889): 0 -> 1
Cell (virus_1986198,host_2491053): 0 -> 1
Cell (virus_1986198,host_110938): 0 -> 1
Cell (virus_1986198,host_258944): 0 -> 1
Cell (virus_1986198,host_59485): 0 -> 1
Cell (virus_3433814,host_105295): 0 -> 1
Cell (virus_3433814,host_51300): 0 -> 1
Cell (virus_3433814,host_294653): 0 -> 1
Cell (virus_3433814,host_59473): 0 -> 1
Cell (virus_3433814,host_3380546): 0 -> 1
Cell (virus_3433814,host_9435): 0 -> 1
Cell (virus_3433814,host_257882): 0 -> 1
Cell (virus_3433814,host_109480): 0 -> 1
Cell (virus_3433814,host_160974): 0 -> 1
Cell (virus_3433814,host_519446): 0 -> 1
Cell (virus_3433814,host_412095): 0 -> 1
Cell (virus_3433814,host_452654): 0 -> 1
Cell (virus_3433814,host_385037): 0 -> 1
Cell (virus_3433814,host_155035): 0 -> 1
Cell (virus_3433814,host_633648): 0 -> 1
Cell (virus_3433814,host_258925): 0 -> 1
Cell (virus_3433814,host_177185): 0 -> 1
Cell (virus_3433814,host_187017): 0 -> 1
Cell (virus_3433814,host_159858): 0 -> 1
Cell (virus_3433814,host_169756): 0 -> 1
Cell (virus_3433814,host_188570): 0 -> 1
Cell (virus_3433814,host_178895): 0 -> 1
Cell (virus_3433814,host_608708): 0 -> 1
Cell (virus_3433814,host_59477): 0 -> 1
Cell (virus_3433814,host_166054): 0 -> 1
Cell (virus_3433814,host_385575): 0 -> 1
Cell (virus_3433814,host_9402): 0 -> 1
Cell (virus_3433814,host_9403): 0 -> 1
Cell (virus_3433814,host_2853157): 0 -> 1
Cell (virus_3433814,host_77243): 0 -> 1
Cell (virus_3433814,host_58073): 0 -> 1
Cell (virus_3433814,host_58083): 0 -> 1
Cell (virus_3433814,host_77223): 0 -> 1
Cell (virus_3433814,host_58063): 0 -> 1
Cell (virus_3433814,host_77214): 0 -> 1
Cell (virus_3433814,host_1898386): 0 -> 1
Cell (virus_3433814,host_298110): 0 -> 1
Cell (virus_3433814,host_374419): 0 -> 1
Cell (virus_3433814,host_326081): 0 -> 1
Cell (virus_3433814,host_326151): 0 -> 1
Cell (virus_3433814,host_574064): 0 -> 1
Cell (virus_3433814,host_3042450): 0 -> 1
Cell (virus_3433814,host_59472): 0 -> 1
Cell (virus_3433814,host_291302): 0 -> 1
Cell (virus_3433814,host_27622): 0 -> 1
Cell (virus_3433814,host_3041509): 0 -> 1
Cell (virus_3433814,host_2218597): 0 -> 1
Cell (virus_3433814,host_258867): 0 -> 1
Cell (virus_3433814,host_242384): 0 -> 1
Cell (virus_3433814,host_258863): 0 -> 1
Cell (virus_3433814,host_9438): 0 -> 1
Cell (virus_3433814,host_249033): 0 -> 1
Cell (virus_3433814,host_59474): 0 -> 1
Cell (virus_3433814,host_999321): 0 -> 1
Cell (virus_3433814,host_867834): 0 -> 1
Cell (virus_3433814,host_258889): 0 -> 1
Cell (virus_3433814,host_2491053): 0 -> 1
Cell (virus_3433814,host_110938): 0 -> 1
Cell (virus_3433814,host_258944): 0 -> 1
Cell (virus_3433814,host_59485): 0 -> 1
Cell (virus_693997,host_105295): 0 -> 1
Cell (virus_693997,host_51300): 0 -> 1
Cell (virus_693997,host_294653): 0 -> 1
Cell (virus_693997,host_59473): 0 -> 1
Cell (virus_693997,host_3380546): 0 -> 1
Cell (virus_693997,host_9435): 0 -> 1
Cell (virus_693997,host_257882): 0 -> 1
Cell (virus_693997,host_109480): 0 -> 1
Cell (virus_693997,host_160974): 0 -> 1
Cell (virus_693997,host_519446): 0 -> 1
Cell (virus_693997,host_412095): 0 -> 1
Cell (virus_693997,host_452654): 0 -> 1
Cell (virus_693997,host_385037): 0 -> 1
Cell (virus_693997,host_155035): 0 -> 1
Cell (virus_693997,host_633648): 0 -> 1
Cell (virus_693997,host_258925): 0 -> 1
Cell (virus_693997,host_177185): 0 -> 1
Cell (virus_693997,host_187017): 0 -> 1
Cell (virus_693997,host_159858): 0 -> 1
Cell (virus_693997,host_169756): 0 -> 1
Cell (virus_693997,host_188570): 0 -> 1
Cell (virus_693997,host_178895): 0 -> 1
Cell (virus_693997,host_608708): 0 -> 1
Cell (virus_693997,host_59477): 0 -> 1
Cell (virus_693997,host_166054): 0 -> 1
Cell (virus_693997,host_385575): 0 -> 1
Cell (virus_693997,host_9402): 0 -> 1
Cell (virus_693997,host_9403): 0 -> 1
Cell (virus_693997,host_2853157): 0 -> 1
Cell (virus_693997,host_77243): 0 -> 1
Cell (virus_693997,host_58073): 0 -> 1
Cell (virus_693997,host_58083): 0 -> 1
Cell (virus_693997,host_77223): 0 -> 1
Cell (virus_693997,host_58063): 0 -> 1
Cell (virus_693997,host_77214): 0 -> 1
Cell (virus_693997,host_1898386): 0 -> 1
Cell (virus_693997,host_298110): 0 -> 1
Cell (virus_693997,host_374419): 0 -> 1
Cell (virus_693997,host_326081): 0 -> 1
Cell (virus_693997,host_326151): 0 -> 1
Cell (virus_693997,host_574064): 0 -> 1
Cell (virus_693997,host_3042450): 0 -> 1
Cell (virus_693997,host_59472): 0 -> 1
Cell (virus_693997,host_291302): 0 -> 1
Cell (virus_693997,host_27622): 0 -> 1
Cell (virus_693997,host_3041509): 0 -> 1
Cell (virus_693997,host_2218597): 0 -> 1
Cell (virus_693997,host_258867): 0 -> 1
Cell (virus_693997,host_242384): 0 -> 1
Cell (virus_693997,host_258863): 0 -> 1
Cell (virus_693997,host_9438): 0 -> 1
Cell (virus_693997,host_249033): 0 -> 1
Cell (virus_693997,host_59474): 0 -> 1
Cell (virus_693997,host_999321): 0 -> 1
Cell (virus_693997,host_867834): 0 -> 1
Cell (virus_693997,host_258889): 0 -> 1
Cell (virus_693997,host_2491053): 0 -> 1
Cell (virus_693997,host_110938): 0 -> 1
Cell (virus_693997,host_258944): 0 -> 1
Cell (virus_693997,host_59485): 0 -> 1
Cell (virus_2913386,host_105295): 0 -> 1
Cell (virus_2913386,host_258946): 0 -> 1
Cell (virus_2913386,host_51300): 0 -> 1
Cell (virus_2913386,host_294653): 0 -> 1
Cell (virus_2913386,host_59473): 0 -> 1
Cell (virus_2913386,host_3380546): 0 -> 1
Cell (virus_2913386,host_9435): 0 -> 1
Cell (virus_2913386,host_257882): 0 -> 1
Cell (virus_2913386,host_109480): 0 -> 1
Cell (virus_2913386,host_160974): 0 -> 1
Cell (virus_2913386,host_519446): 0 -> 1
Cell (virus_2913386,host_412095): 0 -> 1
Cell (virus_2913386,host_452654): 0 -> 1
Cell (virus_2913386,host_385037): 0 -> 1
Cell (virus_2913386,host_155035): 0 -> 1
Cell (virus_2913386,host_633648): 0 -> 1
Cell (virus_2913386,host_258925): 0 -> 1
Cell (virus_2913386,host_177185): 0 -> 1
Cell (virus_2913386,host_187017): 0 -> 1
Cell (virus_2913386,host_159858): 0 -> 1
Cell (virus_2913386,host_169756): 0 -> 1
Cell (virus_2913386,host_188570): 0 -> 1
Cell (virus_2913386,host_178895): 0 -> 1
Cell (virus_2913386,host_608708): 0 -> 1
Cell (virus_2913386,host_59477): 0 -> 1
Cell (virus_2913386,host_166054): 0 -> 1
Cell (virus_2913386,host_385575): 0 -> 1
Cell (virus_2913386,host_9402): 0 -> 1
Cell (virus_2913386,host_9403): 0 -> 1
Cell (virus_2913386,host_2853157): 0 -> 1
Cell (virus_2913386,host_77243): 0 -> 1
Cell (virus_2913386,host_58073): 0 -> 1
Cell (virus_2913386,host_58083): 0 -> 1
Cell (virus_2913386,host_77223): 0 -> 1
Cell (virus_2913386,host_58063): 0 -> 1
Cell (virus_2913386,host_77214): 0 -> 1
Cell (virus_2913386,host_1898386): 0 -> 1
Cell (virus_2913386,host_298110): 0 -> 1
Cell (virus_2913386,host_374419): 0 -> 1
Cell (virus_2913386,host_326081): 0 -> 1
Cell (virus_2913386,host_326151): 0 -> 1
Cell (virus_2913386,host_148094): 0 -> 1
Cell (virus_2913386,host_574064): 0 -> 1
Cell (virus_2913386,host_3042450): 0 -> 1
Cell (virus_2913386,host_59472): 0 -> 1
Cell (virus_2913386,host_291302): 0 -> 1
Cell (virus_2913386,host_27622): 0 -> 1
Cell (virus_2913386,host_3041509): 0 -> 1
Cell (virus_2913386,host_2218597): 0 -> 1
Cell (virus_2913386,host_258867): 0 -> 1
Cell (virus_2913386,host_242384): 0 -> 1
Cell (virus_2913386,host_258863): 0 -> 1
Cell (virus_2913386,host_9438): 0 -> 1
Cell (virus_2913386,host_249033): 0 -> 1
Cell (virus_2913386,host_258930): 0 -> 1
Cell (virus_2913386,host_59474): 0 -> 1
Cell (virus_2913386,host_999321): 0 -> 1
Cell (virus_2913386,host_867834): 0 -> 1
Cell (virus_2913386,host_258889): 0 -> 1
Cell (virus_2913386,host_2491053): 0 -> 1
Cell (virus_2913386,host_110938): 0 -> 1
Cell (virus_2913386,host_258944): 0 -> 1
Cell (virus_2913386,host_59485): 0 -> 1
Cell (virus_2925879,host_105295): 0 -> 1
Cell (virus_2925879,host_258946): 0 -> 1
Cell (virus_2925879,host_51300): 0 -> 1
Cell (virus_2925879,host_294653): 0 -> 1
Cell (virus_2925879,host_59473): 0 -> 1
Cell (virus_2925879,host_3380546): 0 -> 1
Cell (virus_2925879,host_9435): 0 -> 1
Cell (virus_2925879,host_257882): 0 -> 1
Cell (virus_2925879,host_109480): 0 -> 1
Cell (virus_2925879,host_160974): 0 -> 1
Cell (virus_2925879,host_519446): 0 -> 1
Cell (virus_2925879,host_412095): 0 -> 1
Cell (virus_2925879,host_452654): 0 -> 1
Cell (virus_2925879,host_385037): 0 -> 1
Cell (virus_2925879,host_155035): 0 -> 1
Cell (virus_2925879,host_633648): 0 -> 1
Cell (virus_2925879,host_258925): 0 -> 1
Cell (virus_2925879,host_177185): 0 -> 1
Cell (virus_2925879,host_187017): 0 -> 1
Cell (virus_2925879,host_159858): 0 -> 1
Cell (virus_2925879,host_169756): 0 -> 1
Cell (virus_2925879,host_188570): 0 -> 1
Cell (virus_2925879,host_178895): 0 -> 1
Cell (virus_2925879,host_608708): 0 -> 1
Cell (virus_2925879,host_59477): 0 -> 1
Cell (virus_2925879,host_166054): 0 -> 1
Cell (virus_2925879,host_385575): 0 -> 1
Cell (virus_2925879,host_9402): 0 -> 1
Cell (virus_2925879,host_9403): 0 -> 1
Cell (virus_2925879,host_2853157): 0 -> 1
Cell (virus_2925879,host_77243): 0 -> 1
Cell (virus_2925879,host_58073): 0 -> 1
Cell (virus_2925879,host_58083): 0 -> 1
Cell (virus_2925879,host_77223): 0 -> 1
Cell (virus_2925879,host_58063): 0 -> 1
Cell (virus_2925879,host_77214): 0 -> 1
Cell (virus_2925879,host_1898386): 0 -> 1
Cell (virus_2925879,host_298110): 0 -> 1
Cell (virus_2925879,host_374419): 0 -> 1
Cell (virus_2925879,host_326081): 0 -> 1
Cell (virus_2925879,host_326151): 0 -> 1
Cell (virus_2925879,host_148094): 0 -> 1
Cell (virus_2925879,host_574064): 0 -> 1
Cell (virus_2925879,host_3042450): 0 -> 1
Cell (virus_2925879,host_59472): 0 -> 1
Cell (virus_2925879,host_291302): 0 -> 1
Cell (virus_2925879,host_27622): 0 -> 1
Cell (virus_2925879,host_3041509): 0 -> 1
Cell (virus_2925879,host_2218597): 0 -> 1
Cell (virus_2925879,host_258867): 0 -> 1
Cell (virus_2925879,host_242384): 0 -> 1
Cell (virus_2925879,host_258863): 0 -> 1
Cell (virus_2925879,host_9438): 0 -> 1
Cell (virus_2925879,host_249033): 0 -> 1
Cell (virus_2925879,host_258930): 0 -> 1
Cell (virus_2925879,host_59474): 0 -> 1
Cell (virus_2925879,host_999321): 0 -> 1
Cell (virus_2925879,host_867834): 0 -> 1
Cell (virus_2925879,host_258889): 0 -> 1
Cell (virus_2925879,host_2491053): 0 -> 1
Cell (virus_2925879,host_110938): 0 -> 1
Cell (virus_2925879,host_258944): 0 -> 1
Cell (virus_2925879,host_59485): 0 -> 1
Cell (virus_2993505,host_105295): 0 -> 1
Cell (virus_2993505,host_258946): 0 -> 1
Cell (virus_2993505,host_51300): 0 -> 1
Cell (virus_2993505,host_294653): 0 -> 1
Cell (virus_2993505,host_59473): 0 -> 1
Cell (virus_2993505,host_3380546): 0 -> 1
Cell (virus_2993505,host_9435): 0 -> 1
Cell (virus_2993505,host_257882): 0 -> 1
Cell (virus_2993505,host_109480): 0 -> 1
Cell (virus_2993505,host_160974): 0 -> 1
Cell (virus_2993505,host_519446): 0 -> 1
Cell (virus_2993505,host_412095): 0 -> 1
Cell (virus_2993505,host_452654): 0 -> 1
Cell (virus_2993505,host_385037): 0 -> 1
Cell (virus_2993505,host_155035): 0 -> 1
Cell (virus_2993505,host_633648): 0 -> 1
Cell (virus_2993505,host_258925): 0 -> 1
Cell (virus_2993505,host_177185): 0 -> 1
Cell (virus_2993505,host_187017): 0 -> 1
Cell (virus_2993505,host_159858): 0 -> 1
Cell (virus_2993505,host_169756): 0 -> 1
Cell (virus_2993505,host_188570): 0 -> 1
Cell (virus_2993505,host_178895): 0 -> 1
Cell (virus_2993505,host_608708): 0 -> 1
Cell (virus_2993505,host_59477): 0 -> 1
Cell (virus_2993505,host_166054): 0 -> 1
Cell (virus_2993505,host_385575): 0 -> 1
Cell (virus_2993505,host_9402): 0 -> 1
Cell (virus_2993505,host_9403): 0 -> 1
Cell (virus_2993505,host_2853157): 0 -> 1
Cell (virus_2993505,host_77243): 0 -> 1
Cell (virus_2993505,host_58073): 0 -> 1
Cell (virus_2993505,host_58083): 0 -> 1
Cell (virus_2993505,host_77223): 0 -> 1
Cell (virus_2993505,host_58063): 0 -> 1
Cell (virus_2993505,host_77214): 0 -> 1
Cell (virus_2993505,host_1898386): 0 -> 1
Cell (virus_2993505,host_298110): 0 -> 1
Cell (virus_2993505,host_374419): 0 -> 1
Cell (virus_2993505,host_326081): 0 -> 1
Cell (virus_2993505,host_326151): 0 -> 1
Cell (virus_2993505,host_148094): 0 -> 1
Cell (virus_2993505,host_574064): 0 -> 1
Cell (virus_2993505,host_3042450): 0 -> 1
Cell (virus_2993505,host_59472): 0 -> 1
Cell (virus_2993505,host_291302): 0 -> 1
Cell (virus_2993505,host_27622): 0 -> 1
Cell (virus_2993505,host_3041509): 0 -> 1
Cell (virus_2993505,host_2218597): 0 -> 1
Cell (virus_2993505,host_258867): 0 -> 1
Cell (virus_2993505,host_242384): 0 -> 1
Cell (virus_2993505,host_258863): 0 -> 1
Cell (virus_2993505,host_9438): 0 -> 1
Cell (virus_2993505,host_249033): 0 -> 1
Cell (virus_2993505,host_258930): 0 -> 1
Cell (virus_2993505,host_59474): 0 -> 1
Cell (virus_2993505,host_999321): 0 -> 1
Cell (virus_2993505,host_867834): 0 -> 1
Cell (virus_2993505,host_258889): 0 -> 1
Cell (virus_2993505,host_2491053): 0 -> 1
Cell (virus_2993505,host_110938): 0 -> 1
Cell (virus_2993505,host_258944): 0 -> 1
Cell (virus_2993505,host_59485): 0 -> 1
Cell (virus_3433731,host_105295): 0 -> 1
Cell (virus_3433731,host_51300): 0 -> 1
Cell (virus_3433731,host_294653): 0 -> 1
Cell (virus_3433731,host_59473): 0 -> 1
Cell (virus_3433731,host_3380546): 0 -> 1
Cell (virus_3433731,host_9435): 0 -> 1
Cell (virus_3433731,host_257882): 0 -> 1
Cell (virus_3433731,host_109480): 0 -> 1
Cell (virus_3433731,host_160974): 0 -> 1
Cell (virus_3433731,host_519446): 0 -> 1
Cell (virus_3433731,host_412095): 0 -> 1
Cell (virus_3433731,host_258940): 0 -> 1
Cell (virus_3433731,host_452654): 0 -> 1
Cell (virus_3433731,host_587652): 0 -> 1
Cell (virus_3433731,host_385037): 0 -> 1
Cell (virus_3433731,host_155035): 0 -> 1
Cell (virus_3433731,host_633648): 0 -> 1
Cell (virus_3433731,host_258925): 0 -> 1
Cell (virus_3433731,host_177185): 0 -> 1
Cell (virus_3433731,host_187017): 0 -> 1
Cell (virus_3433731,host_159858): 0 -> 1
Cell (virus_3433731,host_169756): 0 -> 1
Cell (virus_3433731,host_188570): 0 -> 1
Cell (virus_3433731,host_178895): 0 -> 1
Cell (virus_3433731,host_608708): 0 -> 1
Cell (virus_3433731,host_59477): 0 -> 1
Cell (virus_3433731,host_166054): 0 -> 1
Cell (virus_3433731,host_385575): 0 -> 1
Cell (virus_3433731,host_9402): 0 -> 1
Cell (virus_3433731,host_9403): 0 -> 1
Cell (virus_3433731,host_2853157): 0 -> 1
Cell (virus_3433731,host_77243): 0 -> 1
Cell (virus_3433731,host_58073): 0 -> 1
Cell (virus_3433731,host_58083): 0 -> 1
Cell (virus_3433731,host_77223): 0 -> 1
Cell (virus_3433731,host_9408): 0 -> 1
Cell (virus_3433731,host_58063): 0 -> 1
Cell (virus_3433731,host_77214): 0 -> 1
Cell (virus_3433731,host_1898386): 0 -> 1
Cell (virus_3433731,host_298110): 0 -> 1
Cell (virus_3433731,host_374419): 0 -> 1
Cell (virus_3433731,host_326081): 0 -> 1
Cell (virus_3433731,host_326151): 0 -> 1
Cell (virus_3433731,host_148094): 0 -> 1
Cell (virus_3433731,host_574064): 0 -> 1
Cell (virus_3433731,host_3042450): 0 -> 1
Cell (virus_3433731,host_59472): 0 -> 1
Cell (virus_3433731,host_221086): 0 -> 1
Cell (virus_3433731,host_291302): 0 -> 1
Cell (virus_3433731,host_27622): 0 -> 1
Cell (virus_3433731,host_3041509): 0 -> 1
Cell (virus_3433731,host_2218597): 0 -> 1
Cell (virus_3433731,host_258867): 0 -> 1
Cell (virus_3433731,host_242384): 0 -> 1
Cell (virus_3433731,host_258863): 0 -> 1
Cell (virus_3433731,host_9438): 0 -> 1
Cell (virus_3433731,host_249033): 0 -> 1
Cell (virus_3433731,host_59474): 0 -> 1
Cell (virus_3433731,host_999321): 0 -> 1
Cell (virus_3433731,host_867834): 0 -> 1
Cell (virus_3433731,host_258889): 0 -> 1
Cell (virus_3433731,host_2491053): 0 -> 1
Cell (virus_3433731,host_110938): 0 -> 1
Cell (virus_3433731,host_258944): 0 -> 1
Cell (virus_3433731,host_59485): 0 -> 1
Cell (virus_3433810,host_105295): 0 -> 1
Cell (virus_3433810,host_51300): 0 -> 1
Cell (virus_3433810,host_294653): 0 -> 1
Cell (virus_3433810,host_59473): 0 -> 1
Cell (virus_3433810,host_3380546): 0 -> 1
Cell (virus_3433810,host_9435): 0 -> 1
Cell (virus_3433810,host_257882): 0 -> 1
Cell (virus_3433810,host_109480): 0 -> 1
Cell (virus_3433810,host_160974): 0 -> 1
Cell (virus_3433810,host_519446): 0 -> 1
Cell (virus_3433810,host_412095): 0 -> 1
Cell (virus_3433810,host_452654): 0 -> 1
Cell (virus_3433810,host_385037): 0 -> 1
Cell (virus_3433810,host_155035): 0 -> 1
Cell (virus_3433810,host_633648): 0 -> 1
Cell (virus_3433810,host_258925): 0 -> 1
Cell (virus_3433810,host_177185): 0 -> 1
Cell (virus_3433810,host_187017): 0 -> 1
Cell (virus_3433810,host_159858): 0 -> 1
Cell (virus_3433810,host_169756): 0 -> 1
Cell (virus_3433810,host_188570): 0 -> 1
Cell (virus_3433810,host_178895): 0 -> 1
Cell (virus_3433810,host_608708): 0 -> 1
Cell (virus_3433810,host_59477): 0 -> 1
Cell (virus_3433810,host_166054): 0 -> 1
Cell (virus_3433810,host_385575): 0 -> 1
Cell (virus_3433810,host_9402): 0 -> 1
Cell (virus_3433810,host_9403): 0 -> 1
Cell (virus_3433810,host_2853157): 0 -> 1
Cell (virus_3433810,host_77243): 0 -> 1
Cell (virus_3433810,host_58073): 0 -> 1
Cell (virus_3433810,host_58083): 0 -> 1
Cell (virus_3433810,host_77223): 0 -> 1
Cell (virus_3433810,host_58063): 0 -> 1
Cell (virus_3433810,host_77214): 0 -> 1
Cell (virus_3433810,host_298110): 0 -> 1
Cell (virus_3433810,host_374419): 0 -> 1
Cell (virus_3433810,host_326081): 0 -> 1
Cell (virus_3433810,host_326151): 0 -> 1
Cell (virus_3433810,host_148094): 0 -> 1
Cell (virus_3433810,host_574064): 0 -> 1
Cell (virus_3433810,host_3042450): 0 -> 1
Cell (virus_3433810,host_59472): 0 -> 1
Cell (virus_3433810,host_291302): 0 -> 1
Cell (virus_3433810,host_27622): 0 -> 1
Cell (virus_3433810,host_3041509): 0 -> 1
Cell (virus_3433810,host_2218597): 0 -> 1
Cell (virus_3433810,host_258867): 0 -> 1
Cell (virus_3433810,host_242384): 0 -> 1
Cell (virus_3433810,host_258863): 0 -> 1
Cell (virus_3433810,host_9438): 0 -> 1
Cell (virus_3433810,host_249033): 0 -> 1
Cell (virus_3433810,host_59474): 0 -> 1
Cell (virus_3433810,host_999321): 0 -> 1
Cell (virus_3433810,host_867834): 0 -> 1
Cell (virus_3433810,host_258889): 0 -> 1
Cell (virus_3433810,host_2491053): 0 -> 1
Cell (virus_3433810,host_110938): 0 -> 1
Cell (virus_3433810,host_258944): 0 -> 1
Cell (virus_3433810,host_59485): 0 -> 1
Cell (virus_2913388,host_105273): 0 -> 1
Cell (virus_2913388,host_105295): 0 -> 1
Cell (virus_2913388,host_51300): 0 -> 1
Cell (virus_2913388,host_294653): 0 -> 1
Cell (virus_2913388,host_59473): 0 -> 1
Cell (virus_2913388,host_3380546): 0 -> 1
Cell (virus_2913388,host_9435): 0 -> 1
Cell (virus_2913388,host_257882): 0 -> 1
Cell (virus_2913388,host_109480): 0 -> 1
Cell (virus_2913388,host_160974): 0 -> 1
Cell (virus_2913388,host_519446): 0 -> 1
Cell (virus_2913388,host_412095): 0 -> 1
Cell (virus_2913388,host_452654): 0 -> 1
Cell (virus_2913388,host_385037): 0 -> 1
Cell (virus_2913388,host_155035): 0 -> 1
Cell (virus_2913388,host_633648): 0 -> 1
Cell (virus_2913388,host_258925): 0 -> 1
Cell (virus_2913388,host_177185): 0 -> 1
Cell (virus_2913388,host_187017): 0 -> 1
Cell (virus_2913388,host_159858): 0 -> 1
Cell (virus_2913388,host_169756): 0 -> 1
Cell (virus_2913388,host_188570): 0 -> 1
Cell (virus_2913388,host_178895): 0 -> 1
Cell (virus_2913388,host_608708): 0 -> 1
Cell (virus_2913388,host_59477): 0 -> 1
Cell (virus_2913388,host_166054): 0 -> 1
Cell (virus_2913388,host_385575): 0 -> 1
Cell (virus_2913388,host_9402): 0 -> 1
Cell (virus_2913388,host_9403): 0 -> 1
Cell (virus_2913388,host_2853157): 0 -> 1
Cell (virus_2913388,host_58083): 0 -> 1
Cell (virus_2913388,host_77223): 0 -> 1
Cell (virus_2913388,host_58063): 0 -> 1
Cell (virus_2913388,host_77214): 0 -> 1
Cell (virus_2913388,host_298110): 0 -> 1
Cell (virus_2913388,host_374419): 0 -> 1
Cell (virus_2913388,host_326081): 0 -> 1
Cell (virus_2913388,host_326151): 0 -> 1
Cell (virus_2913388,host_148094): 0 -> 1
Cell (virus_2913388,host_574064): 0 -> 1
Cell (virus_2913388,host_3042450): 0 -> 1
Cell (virus_2913388,host_59472): 0 -> 1
Cell (virus_2913388,host_291302): 0 -> 1
Cell (virus_2913388,host_27622): 0 -> 1
Cell (virus_2913388,host_3041509): 0 -> 1
Cell (virus_2913388,host_2218597): 0 -> 1
Cell (virus_2913388,host_258867): 0 -> 1
Cell (virus_2913388,host_242384): 0 -> 1
Cell (virus_2913388,host_258863): 0 -> 1
Cell (virus_2913388,host_9438): 0 -> 1
Cell (virus_2913388,host_249033): 0 -> 1
Cell (virus_2913388,host_59474): 0 -> 1
Cell (virus_2913388,host_999321): 0 -> 1
Cell (virus_2913388,host_867834): 0 -> 1
Cell (virus_2913388,host_258889): 0 -> 1
Cell (virus_2913388,host_2491053): 0 -> 1
Cell (virus_2913388,host_110938): 0 -> 1
Cell (virus_2913388,host_258944): 0 -> 1
Cell (virus_2913388,host_59485): 0 -> 1
Cell (virus_3433756,host_105295): 0 -> 1
Cell (virus_3433756,host_51300): 0 -> 1
Cell (virus_3433756,host_294653): 0 -> 1
Cell (virus_3433756,host_59473): 0 -> 1
Cell (virus_3433756,host_3380546): 0 -> 1
Cell (virus_3433756,host_9435): 0 -> 1
Cell (virus_3433756,host_257882): 0 -> 1
Cell (virus_3433756,host_109480): 0 -> 1
Cell (virus_3433756,host_160974): 0 -> 1
Cell (virus_3433756,host_519446): 0 -> 1
Cell (virus_3433756,host_412095): 0 -> 1
Cell (virus_3433756,host_452654): 0 -> 1
Cell (virus_3433756,host_385037): 0 -> 1
Cell (virus_3433756,host_155035): 0 -> 1
Cell (virus_3433756,host_633648): 0 -> 1
Cell (virus_3433756,host_258925): 0 -> 1
Cell (virus_3433756,host_177185): 0 -> 1
Cell (virus_3433756,host_187017): 0 -> 1
Cell (virus_3433756,host_159858): 0 -> 1
Cell (virus_3433756,host_169756): 0 -> 1
Cell (virus_3433756,host_188570): 0 -> 1
Cell (virus_3433756,host_178895): 0 -> 1
Cell (virus_3433756,host_608708): 0 -> 1
Cell (virus_3433756,host_59477): 0 -> 1
Cell (virus_3433756,host_166054): 0 -> 1
Cell (virus_3433756,host_385575): 0 -> 1
Cell (virus_3433756,host_9402): 0 -> 1
Cell (virus_3433756,host_9403): 0 -> 1
Cell (virus_3433756,host_2853157): 0 -> 1
Cell (virus_3433756,host_58083): 0 -> 1
Cell (virus_3433756,host_77223): 0 -> 1
Cell (virus_3433756,host_58063): 0 -> 1
Cell (virus_3433756,host_77214): 0 -> 1
Cell (virus_3433756,host_298110): 0 -> 1
Cell (virus_3433756,host_374419): 0 -> 1
Cell (virus_3433756,host_326081): 0 -> 1
Cell (virus_3433756,host_326151): 0 -> 1
Cell (virus_3433756,host_148094): 0 -> 1
Cell (virus_3433756,host_574064): 0 -> 1
Cell (virus_3433756,host_3042450): 0 -> 1
Cell (virus_3433756,host_59472): 0 -> 1
Cell (virus_3433756,host_291302): 0 -> 1
Cell (virus_3433756,host_27622): 0 -> 1
Cell (virus_3433756,host_3041509): 0 -> 1
Cell (virus_3433756,host_2218597): 0 -> 1
Cell (virus_3433756,host_258867): 0 -> 1
Cell (virus_3433756,host_242384): 0 -> 1
Cell (virus_3433756,host_258863): 0 -> 1
Cell (virus_3433756,host_9438): 0 -> 1
Cell (virus_3433756,host_249033): 0 -> 1
Cell (virus_3433756,host_59474): 0 -> 1
Cell (virus_3433756,host_999321): 0 -> 1
Cell (virus_3433756,host_867834): 0 -> 1
Cell (virus_3433756,host_258889): 0 -> 1
Cell (virus_3433756,host_2491053): 0 -> 1
Cell (virus_3433756,host_110938): 0 -> 1
Cell (virus_3433756,host_258944): 0 -> 1
Cell (virus_3433756,host_59485): 0 -> 1
Elbow Metrics: {'precision': 0.6110154905335629, 'recall': 0.37566137566137564, 'f1': 0.46526867627785057, 'TP': 3550, 'FP': 2260, 'FN': 5900}
