threshold,lambda,precision,recall,n_predicted,predpos,acc
0.0,0.9387755102040816,1.0,0.01639344262295082,1,0.005405405405405406,0.01639344262295082
0.0,0.9591836734693877,0.75,0.04918032786885246,4,0.021621621621621623,0.04918032786885246
0.0,0.9795918367346939,0.5238095238095238,0.18032786885245902,21,0.11351351351351352,0.18032786885245902
0.0,1.0,0.32972972972972975,1.0,185,1.0,1.0
0.02040816326530612,0.9387755102040816,1.0,0.01639344262295082,1,0.005405405405405406,0.01639344262295082
0.02040816326530612,0.9591836734693877,0.75,0.04918032786885246,4,0.021621621621621623,0.04918032786885246
0.02040816326530612,0.9795918367346939,0.5238095238095238,0.18032786885245902,21,0.11351351351351352,0.18032786885245902
0.02040816326530612,1.0,0.32972972972972975,1.0,185,1.0,1.0
0.04081632653061224,0.9387755102040816,1.0,0.01639344262295082,1,0.005405405405405406,0.01639344262295082
0.04081632653061224,0.9591836734693877,0.75,0.04918032786885246,4,0.021621621621621623,0.04918032786885246
0.04081632653061224,0.9795918367346939,0.5238095238095238,0.18032786885245902,21,0.11351351351351352,0.18032786885245902
0.04081632653061224,1.0,0.32972972972972975,1.0,185,1.0,1.0
0.061224489795918366,0.9387755102040816,1.0,0.01639344262295082,1,0.005405405405405406,0.01639344262295082
0.061224489795918366,0.9591836734693877,0.75,0.04918032786885246,4,0.021621621621621623,0.04918032786885246
0.061224489795918366,0.9795918367346939,0.5238095238095238,0.18032786885245902,21,0.11351351351351352,0.18032786885245902
0.061224489795918366,1.0,0.32972972972972975,1.0,185,1.0,1.0
0.08163265306122448,0.9387755102040816,1.0,0.01639344262295082,1,0.005405405405405406,0.01639344262295082
0.08163265306122448,0.9591836734693877,0.75,0.04918032786885246,4,0.021621621621621623,0.04918032786885246
0.08163265306122448,0.9795918367346939,0.5238095238095238,0.18032786885245902,21,0.11351351351351352,0.18032786885245902
0.08163265306122448,1.0,0.32972972972972975,1.0,185,1.0,1.0
0.1020408163265306,0.02040816326530612,1.0,0.01639344262295082,1,0.005405405405405406,0.01639344262295082
0.1020408163265306,0.04081632653061224,1.0,0.01639344262295082,1,0.005405405405405406,0.01639344262295082
0.1020408163265306,0.061224489795918366,1.0,0.01639344262295082,1,0.005405405405405406,0.01639344262295082
0.1020408163265306,0.08163265306122448,1.0,0.01639344262295082,1,0.005405405405405406,0.01639344262295082
0.1020408163265306,0.1020408163265306,1.0,0.01639344262295082,1,0.005405405405405406,0.01639344262295082
0.1020408163265306,0.12244897959183673,1.0,0.01639344262295082,1,0.005405405405405406,0.01639344262295082
0.1020408163265306,0.14285714285714285,1.0,0.01639344262295082,1,0.005405405405405406,0.01639344262295082
0.1020408163265306,0.16326530612244897,1.0,0.01639344262295082,1,0.005405405405405406,0.01639344262295082
0.1020408163265306,0.18367346938775508,1.0,0.01639344262295082,1,0.005405405405405406,0.01639344262295082
0.1020408163265306,0.2040816326530612,1.0,0.01639344262295082,1,0.005405405405405406,0.01639344262295082
0.1020408163265306,0.22448979591836732,1.0,0.01639344262295082,1,0.005405405405405406,0.01639344262295082
0.1020408163265306,0.24489795918367346,1.0,0.01639344262295082,1,0.005405405405405406,0.01639344262295082
0.1020408163265306,0.26530612244897955,1.0,0.01639344262295082,1,0.005405405405405406,0.01639344262295082
0.1020408163265306,0.2857142857142857,1.0,0.01639344262295082,1,0.005405405405405406,0.01639344262295082
0.1020408163265306,0.3061224489795918,1.0,0.01639344262295082,1,0.005405405405405406,0.01639344262295082
0.1020408163265306,0.32653061224489793,1.0,0.01639344262295082,1,0.005405405405405406,0.01639344262295082
0.1020408163265306,0.3469387755102041,1.0,0.01639344262295082,1,0.005405405405405406,0.01639344262295082
0.1020408163265306,0.36734693877551017,1.0,0.01639344262295082,1,0.005405405405405406,0.01639344262295082
0.1020408163265306,0.3877551020408163,1.0,0.01639344262295082,1,0.005405405405405406,0.01639344262295082
0.1020408163265306,0.4081632653061224,1.0,0.01639344262295082,1,0.005405405405405406,0.01639344262295082
0.1020408163265306,0.42857142857142855,1.0,0.01639344262295082,1,0.005405405405405406,0.01639344262295082
0.1020408163265306,0.44897959183673464,1.0,0.01639344262295082,1,0.005405405405405406,0.01639344262295082
0.1020408163265306,0.4693877551020408,1.0,0.01639344262295082,1,0.005405405405405406,0.01639344262295082
0.1020408163265306,0.4897959183673469,1.0,0.01639344262295082,1,0.005405405405405406,0.01639344262295082
0.1020408163265306,0.5102040816326531,1.0,0.01639344262295082,1,0.005405405405405406,0.01639344262295082
0.1020408163265306,0.5306122448979591,1.0,0.01639344262295082,1,0.005405405405405406,0.01639344262295082
0.1020408163265306,0.5510204081632653,1.0,0.01639344262295082,1,0.005405405405405406,0.01639344262295082
0.1020408163265306,0.5714285714285714,1.0,0.01639344262295082,1,0.005405405405405406,0.01639344262295082
0.1020408163265306,0.5918367346938775,1.0,0.01639344262295082,1,0.005405405405405406,0.01639344262295082
0.1020408163265306,0.6122448979591836,1.0,0.01639344262295082,1,0.005405405405405406,0.01639344262295082
0.1020408163265306,0.6326530612244897,1.0,0.01639344262295082,1,0.005405405405405406,0.01639344262295082
0.1020408163265306,0.6530612244897959,1.0,0.01639344262295082,1,0.005405405405405406,0.01639344262295082
0.1020408163265306,0.673469387755102,1.0,0.01639344262295082,1,0.005405405405405406,0.01639344262295082
0.1020408163265306,0.6938775510204082,1.0,0.01639344262295082,1,0.005405405405405406,0.01639344262295082
0.1020408163265306,0.7142857142857142,1.0,0.01639344262295082,1,0.005405405405405406,0.01639344262295082
0.1020408163265306,0.7346938775510203,1.0,0.01639344262295082,1,0.005405405405405406,0.01639344262295082
0.1020408163265306,0.7551020408163265,1.0,0.01639344262295082,1,0.005405405405405406,0.01639344262295082
0.1020408163265306,0.7755102040816326,1.0,0.01639344262295082,1,0.005405405405405406,0.01639344262295082
0.1020408163265306,0.7959183673469387,1.0,0.01639344262295082,1,0.005405405405405406,0.01639344262295082
0.1020408163265306,0.8163265306122448,1.0,0.01639344262295082,1,0.005405405405405406,0.01639344262295082
0.1020408163265306,0.836734693877551,1.0,0.01639344262295082,1,0.005405405405405406,0.01639344262295082
0.1020408163265306,0.8571428571428571,1.0,0.01639344262295082,1,0.005405405405405406,0.01639344262295082
0.1020408163265306,0.8775510204081632,1.0,0.01639344262295082,1,0.005405405405405406,0.01639344262295082
0.1020408163265306,0.8979591836734693,1.0,0.01639344262295082,1,0.005405405405405406,0.01639344262295082
0.1020408163265306,0.9183673469387754,0.75,0.04918032786885246,4,0.021621621621621623,0.04918032786885246
0.1020408163265306,0.9387755102040816,0.8,0.06557377049180328,5,0.02702702702702703,0.06557377049180328
0.1020408163265306,0.9591836734693877,0.5238095238095238,0.18032786885245902,21,0.11351351351351352,0.18032786885245902
0.1020408163265306,0.9795918367346939,0.5061728395061729,0.6721311475409836,81,0.43783783783783786,0.6721311475409836
0.1020408163265306,1.0,0.32972972972972975,1.0,185,1.0,1.0
0.12244897959183673,0.02040816326530612,1.0,0.01639344262295082,1,0.005405405405405406,0.01639344262295082
0.12244897959183673,0.04081632653061224,1.0,0.01639344262295082,1,0.005405405405405406,0.01639344262295082
0.12244897959183673,0.061224489795918366,1.0,0.01639344262295082,1,0.005405405405405406,0.01639344262295082
0.12244897959183673,0.08163265306122448,1.0,0.01639344262295082,1,0.005405405405405406,0.01639344262295082
0.12244897959183673,0.1020408163265306,1.0,0.01639344262295082,1,0.005405405405405406,0.01639344262295082
0.12244897959183673,0.12244897959183673,1.0,0.01639344262295082,1,0.005405405405405406,0.01639344262295082
0.12244897959183673,0.14285714285714285,1.0,0.01639344262295082,1,0.005405405405405406,0.01639344262295082
0.12244897959183673,0.16326530612244897,1.0,0.01639344262295082,1,0.005405405405405406,0.01639344262295082
0.12244897959183673,0.18367346938775508,1.0,0.01639344262295082,1,0.005405405405405406,0.01639344262295082
0.12244897959183673,0.2040816326530612,1.0,0.01639344262295082,1,0.005405405405405406,0.01639344262295082
0.12244897959183673,0.22448979591836732,1.0,0.01639344262295082,1,0.005405405405405406,0.01639344262295082
0.12244897959183673,0.24489795918367346,1.0,0.01639344262295082,1,0.005405405405405406,0.01639344262295082
0.12244897959183673,0.26530612244897955,1.0,0.01639344262295082,1,0.005405405405405406,0.01639344262295082
0.12244897959183673,0.2857142857142857,1.0,0.01639344262295082,1,0.005405405405405406,0.01639344262295082
0.12244897959183673,0.3061224489795918,1.0,0.01639344262295082,1,0.005405405405405406,0.01639344262295082
0.12244897959183673,0.32653061224489793,1.0,0.01639344262295082,1,0.005405405405405406,0.01639344262295082
0.12244897959183673,0.3469387755102041,1.0,0.01639344262295082,1,0.005405405405405406,0.01639344262295082
0.12244897959183673,0.36734693877551017,1.0,0.01639344262295082,1,0.005405405405405406,0.01639344262295082
0.12244897959183673,0.3877551020408163,1.0,0.01639344262295082,1,0.005405405405405406,0.01639344262295082
0.12244897959183673,0.4081632653061224,1.0,0.01639344262295082,1,0.005405405405405406,0.01639344262295082
0.12244897959183673,0.42857142857142855,1.0,0.01639344262295082,1,0.005405405405405406,0.01639344262295082
0.12244897959183673,0.44897959183673464,1.0,0.01639344262295082,1,0.005405405405405406,0.01639344262295082
0.12244897959183673,0.4693877551020408,1.0,0.01639344262295082,1,0.005405405405405406,0.01639344262295082
0.12244897959183673,0.4897959183673469,1.0,0.01639344262295082,1,0.005405405405405406,0.01639344262295082
0.12244897959183673,0.5102040816326531,1.0,0.01639344262295082,1,0.005405405405405406,0.01639344262295082
0.12244897959183673,0.5306122448979591,1.0,0.01639344262295082,1,0.005405405405405406,0.01639344262295082
0.12244897959183673,0.5510204081632653,1.0,0.01639344262295082,1,0.005405405405405406,0.01639344262295082
0.12244897959183673,0.5714285714285714,1.0,0.01639344262295082,1,0.005405405405405406,0.01639344262295082
0.12244897959183673,0.5918367346938775,1.0,0.01639344262295082,1,0.005405405405405406,0.01639344262295082
0.12244897959183673,0.6122448979591836,1.0,0.01639344262295082,1,0.005405405405405406,0.01639344262295082
0.12244897959183673,0.6326530612244897,1.0,0.01639344262295082,1,0.005405405405405406,0.01639344262295082
0.12244897959183673,0.6530612244897959,1.0,0.01639344262295082,1,0.005405405405405406,0.01639344262295082
0.12244897959183673,0.673469387755102,1.0,0.01639344262295082,1,0.005405405405405406,0.01639344262295082
0.12244897959183673,0.6938775510204082,1.0,0.01639344262295082,1,0.005405405405405406,0.01639344262295082
0.12244897959183673,0.7142857142857142,1.0,0.01639344262295082,1,0.005405405405405406,0.01639344262295082
0.12244897959183673,0.7346938775510203,1.0,0.01639344262295082,1,0.005405405405405406,0.01639344262295082
0.12244897959183673,0.7551020408163265,1.0,0.01639344262295082,1,0.005405405405405406,0.01639344262295082
0.12244897959183673,0.7755102040816326,1.0,0.01639344262295082,1,0.005405405405405406,0.01639344262295082
0.12244897959183673,0.7959183673469387,1.0,0.01639344262295082,1,0.005405405405405406,0.01639344262295082
0.12244897959183673,0.8163265306122448,1.0,0.01639344262295082,1,0.005405405405405406,0.01639344262295082
0.12244897959183673,0.836734693877551,1.0,0.01639344262295082,1,0.005405405405405406,0.01639344262295082
0.12244897959183673,0.8571428571428571,1.0,0.01639344262295082,1,0.005405405405405406,0.01639344262295082
0.12244897959183673,0.8775510204081632,1.0,0.01639344262295082,1,0.005405405405405406,0.01639344262295082
0.12244897959183673,0.8979591836734693,1.0,0.01639344262295082,1,0.005405405405405406,0.01639344262295082
0.12244897959183673,0.9183673469387754,0.75,0.04918032786885246,4,0.021621621621621623,0.04918032786885246
0.12244897959183673,0.9387755102040816,0.8,0.06557377049180328,5,0.02702702702702703,0.06557377049180328
0.12244897959183673,0.9591836734693877,0.5238095238095238,0.18032786885245902,21,0.11351351351351352,0.18032786885245902
0.12244897959183673,0.9795918367346939,0.5061728395061729,0.6721311475409836,81,0.43783783783783786,0.6721311475409836
0.12244897959183673,1.0,0.32972972972972975,1.0,185,1.0,1.0
0.14285714285714285,0.02040816326530612,1.0,0.04918032786885246,3,0.016216216216216217,0.04918032786885246
0.14285714285714285,0.04081632653061224,1.0,0.04918032786885246,3,0.016216216216216217,0.04918032786885246
0.14285714285714285,0.061224489795918366,1.0,0.04918032786885246,3,0.016216216216216217,0.04918032786885246
0.14285714285714285,0.08163265306122448,1.0,0.04918032786885246,3,0.016216216216216217,0.04918032786885246
0.14285714285714285,0.1020408163265306,1.0,0.04918032786885246,3,0.016216216216216217,0.04918032786885246
0.14285714285714285,0.12244897959183673,1.0,0.04918032786885246,3,0.016216216216216217,0.04918032786885246
0.14285714285714285,0.14285714285714285,1.0,0.04918032786885246,3,0.016216216216216217,0.04918032786885246
0.14285714285714285,0.16326530612244897,1.0,0.04918032786885246,3,0.016216216216216217,0.04918032786885246
0.14285714285714285,0.18367346938775508,1.0,0.04918032786885246,3,0.016216216216216217,0.04918032786885246
0.14285714285714285,0.2040816326530612,1.0,0.04918032786885246,3,0.016216216216216217,0.04918032786885246
0.14285714285714285,0.22448979591836732,1.0,0.04918032786885246,3,0.016216216216216217,0.04918032786885246
0.14285714285714285,0.24489795918367346,1.0,0.04918032786885246,3,0.016216216216216217,0.04918032786885246
0.14285714285714285,0.26530612244897955,1.0,0.04918032786885246,3,0.016216216216216217,0.04918032786885246
0.14285714285714285,0.2857142857142857,1.0,0.04918032786885246,3,0.016216216216216217,0.04918032786885246
0.14285714285714285,0.3061224489795918,1.0,0.04918032786885246,3,0.016216216216216217,0.04918032786885246
0.14285714285714285,0.32653061224489793,1.0,0.04918032786885246,3,0.016216216216216217,0.04918032786885246
0.14285714285714285,0.3469387755102041,1.0,0.04918032786885246,3,0.016216216216216217,0.04918032786885246
0.14285714285714285,0.36734693877551017,1.0,0.04918032786885246,3,0.016216216216216217,0.04918032786885246
0.14285714285714285,0.3877551020408163,1.0,0.04918032786885246,3,0.016216216216216217,0.04918032786885246
0.14285714285714285,0.4081632653061224,1.0,0.04918032786885246,3,0.016216216216216217,0.04918032786885246
0.14285714285714285,0.42857142857142855,1.0,0.04918032786885246,3,0.016216216216216217,0.04918032786885246
0.14285714285714285,0.44897959183673464,1.0,0.04918032786885246,3,0.016216216216216217,0.04918032786885246
0.14285714285714285,0.4693877551020408,1.0,0.04918032786885246,3,0.016216216216216217,0.04918032786885246
0.14285714285714285,0.4897959183673469,1.0,0.04918032786885246,3,0.016216216216216217,0.04918032786885246
0.14285714285714285,0.5102040816326531,1.0,0.04918032786885246,3,0.016216216216216217,0.04918032786885246
0.14285714285714285,0.5306122448979591,1.0,0.04918032786885246,3,0.016216216216216217,0.04918032786885246
0.14285714285714285,0.5510204081632653,1.0,0.04918032786885246,3,0.016216216216216217,0.04918032786885246
0.14285714285714285,0.5714285714285714,1.0,0.04918032786885246,3,0.016216216216216217,0.04918032786885246
0.14285714285714285,0.5918367346938775,1.0,0.04918032786885246,3,0.016216216216216217,0.04918032786885246
0.14285714285714285,0.6122448979591836,1.0,0.04918032786885246,3,0.016216216216216217,0.04918032786885246
0.14285714285714285,0.6326530612244897,1.0,0.04918032786885246,3,0.016216216216216217,0.04918032786885246
0.14285714285714285,0.6530612244897959,1.0,0.04918032786885246,3,0.016216216216216217,0.04918032786885246
0.14285714285714285,0.673469387755102,1.0,0.04918032786885246,3,0.016216216216216217,0.04918032786885246
0.14285714285714285,0.6938775510204082,1.0,0.04918032786885246,3,0.016216216216216217,0.04918032786885246
0.14285714285714285,0.7142857142857142,1.0,0.04918032786885246,3,0.016216216216216217,0.04918032786885246
0.14285714285714285,0.7346938775510203,1.0,0.04918032786885246,3,0.016216216216216217,0.04918032786885246
0.14285714285714285,0.7551020408163265,1.0,0.04918032786885246,3,0.016216216216216217,0.04918032786885246
0.14285714285714285,0.7755102040816326,1.0,0.04918032786885246,3,0.016216216216216217,0.04918032786885246
0.14285714285714285,0.7959183673469387,1.0,0.04918032786885246,3,0.016216216216216217,0.04918032786885246
0.14285714285714285,0.8163265306122448,1.0,0.04918032786885246,3,0.016216216216216217,0.04918032786885246
0.14285714285714285,0.836734693877551,1.0,0.04918032786885246,3,0.016216216216216217,0.04918032786885246
0.14285714285714285,0.8571428571428571,1.0,0.04918032786885246,3,0.016216216216216217,0.04918032786885246
0.14285714285714285,0.8775510204081632,1.0,0.04918032786885246,3,0.016216216216216217,0.04918032786885246
0.14285714285714285,0.8979591836734693,1.0,0.04918032786885246,3,0.016216216216216217,0.04918032786885246
0.14285714285714285,0.9183673469387754,0.8333333333333334,0.08196721311475409,6,0.032432432432432434,0.08196721311475409
0.14285714285714285,0.9387755102040816,0.8333333333333334,0.08196721311475409,6,0.032432432432432434,0.08196721311475409
0.14285714285714285,0.9591836734693877,0.5454545454545454,0.19672131147540983,22,0.11891891891891893,0.19672131147540983
0.14285714285714285,0.9795918367346939,0.5061728395061729,0.6721311475409836,81,0.43783783783783786,0.6721311475409836
0.14285714285714285,1.0,0.32972972972972975,1.0,185,1.0,1.0
0.16326530612244897,0.02040816326530612,1.0,0.06557377049180328,4,0.021621621621621623,0.06557377049180328
0.16326530612244897,0.04081632653061224,1.0,0.06557377049180328,4,0.021621621621621623,0.06557377049180328
0.16326530612244897,0.061224489795918366,1.0,0.06557377049180328,4,0.021621621621621623,0.06557377049180328
0.16326530612244897,0.08163265306122448,1.0,0.06557377049180328,4,0.021621621621621623,0.06557377049180328
0.16326530612244897,0.1020408163265306,1.0,0.06557377049180328,4,0.021621621621621623,0.06557377049180328
0.16326530612244897,0.12244897959183673,1.0,0.06557377049180328,4,0.021621621621621623,0.06557377049180328
0.16326530612244897,0.14285714285714285,1.0,0.06557377049180328,4,0.021621621621621623,0.06557377049180328
0.16326530612244897,0.16326530612244897,1.0,0.06557377049180328,4,0.021621621621621623,0.06557377049180328
0.16326530612244897,0.18367346938775508,1.0,0.06557377049180328,4,0.021621621621621623,0.06557377049180328
0.16326530612244897,0.2040816326530612,1.0,0.06557377049180328,4,0.021621621621621623,0.06557377049180328
0.16326530612244897,0.22448979591836732,1.0,0.06557377049180328,4,0.021621621621621623,0.06557377049180328
0.16326530612244897,0.24489795918367346,1.0,0.06557377049180328,4,0.021621621621621623,0.06557377049180328
0.16326530612244897,0.26530612244897955,1.0,0.06557377049180328,4,0.021621621621621623,0.06557377049180328
0.16326530612244897,0.2857142857142857,1.0,0.06557377049180328,4,0.021621621621621623,0.06557377049180328
0.16326530612244897,0.3061224489795918,1.0,0.06557377049180328,4,0.021621621621621623,0.06557377049180328
0.16326530612244897,0.32653061224489793,1.0,0.06557377049180328,4,0.021621621621621623,0.06557377049180328
0.16326530612244897,0.3469387755102041,1.0,0.06557377049180328,4,0.021621621621621623,0.06557377049180328
0.16326530612244897,0.36734693877551017,1.0,0.06557377049180328,4,0.021621621621621623,0.06557377049180328
0.16326530612244897,0.3877551020408163,1.0,0.06557377049180328,4,0.021621621621621623,0.06557377049180328
0.16326530612244897,0.4081632653061224,1.0,0.06557377049180328,4,0.021621621621621623,0.06557377049180328
0.16326530612244897,0.42857142857142855,1.0,0.06557377049180328,4,0.021621621621621623,0.06557377049180328
0.16326530612244897,0.44897959183673464,1.0,0.06557377049180328,4,0.021621621621621623,0.06557377049180328
0.16326530612244897,0.4693877551020408,1.0,0.06557377049180328,4,0.021621621621621623,0.06557377049180328
0.16326530612244897,0.4897959183673469,1.0,0.06557377049180328,4,0.021621621621621623,0.06557377049180328
0.16326530612244897,0.5102040816326531,1.0,0.06557377049180328,4,0.021621621621621623,0.06557377049180328
0.16326530612244897,0.5306122448979591,1.0,0.06557377049180328,4,0.021621621621621623,0.06557377049180328
0.16326530612244897,0.5510204081632653,1.0,0.06557377049180328,4,0.021621621621621623,0.06557377049180328
0.16326530612244897,0.5714285714285714,1.0,0.06557377049180328,4,0.021621621621621623,0.06557377049180328
0.16326530612244897,0.5918367346938775,1.0,0.06557377049180328,4,0.021621621621621623,0.06557377049180328
0.16326530612244897,0.6122448979591836,1.0,0.06557377049180328,4,0.021621621621621623,0.06557377049180328
0.16326530612244897,0.6326530612244897,1.0,0.06557377049180328,4,0.021621621621621623,0.06557377049180328
0.16326530612244897,0.6530612244897959,1.0,0.06557377049180328,4,0.021621621621621623,0.06557377049180328
0.16326530612244897,0.673469387755102,1.0,0.06557377049180328,4,0.021621621621621623,0.06557377049180328
0.16326530612244897,0.6938775510204082,1.0,0.06557377049180328,4,0.021621621621621623,0.06557377049180328
0.16326530612244897,0.7142857142857142,1.0,0.06557377049180328,4,0.021621621621621623,0.06557377049180328
0.16326530612244897,0.7346938775510203,1.0,0.06557377049180328,4,0.021621621621621623,0.06557377049180328
0.16326530612244897,0.7551020408163265,1.0,0.06557377049180328,4,0.021621621621621623,0.06557377049180328
0.16326530612244897,0.7755102040816326,1.0,0.06557377049180328,4,0.021621621621621623,0.06557377049180328
0.16326530612244897,0.7959183673469387,1.0,0.06557377049180328,4,0.021621621621621623,0.06557377049180328
0.16326530612244897,0.8163265306122448,1.0,0.06557377049180328,4,0.021621621621621623,0.06557377049180328
0.16326530612244897,0.836734693877551,1.0,0.06557377049180328,4,0.021621621621621623,0.06557377049180328
0.16326530612244897,0.8571428571428571,1.0,0.06557377049180328,4,0.021621621621621623,0.06557377049180328
0.16326530612244897,0.8775510204081632,1.0,0.06557377049180328,4,0.021621621621621623,0.06557377049180328
0.16326530612244897,0.8979591836734693,1.0,0.06557377049180328,4,0.021621621621621623,0.06557377049180328
0.16326530612244897,0.9183673469387754,0.8571428571428571,0.09836065573770492,7,0.03783783783783784,0.09836065573770492
0.16326530612244897,0.9387755102040816,0.5789473684210527,0.18032786885245902,19,0.10270270270270271,0.18032786885245902
0.16326530612244897,0.9591836734693877,0.5454545454545454,0.19672131147540983,22,0.11891891891891893,0.19672131147540983
0.16326530612244897,0.9795918367346939,0.5061728395061729,0.6721311475409836,81,0.43783783783783786,0.6721311475409836
0.16326530612244897,1.0,0.32972972972972975,1.0,185,1.0,1.0
0.18367346938775508,0.02040816326530612,1.0,0.06557377049180328,4,0.021621621621621623,0.06557377049180328
0.18367346938775508,0.04081632653061224,1.0,0.06557377049180328,4,0.021621621621621623,0.06557377049180328
0.18367346938775508,0.061224489795918366,1.0,0.06557377049180328,4,0.021621621621621623,0.06557377049180328
0.18367346938775508,0.08163265306122448,1.0,0.06557377049180328,4,0.021621621621621623,0.06557377049180328
0.18367346938775508,0.1020408163265306,1.0,0.06557377049180328,4,0.021621621621621623,0.06557377049180328
0.18367346938775508,0.12244897959183673,1.0,0.06557377049180328,4,0.021621621621621623,0.06557377049180328
0.18367346938775508,0.14285714285714285,1.0,0.06557377049180328,4,0.021621621621621623,0.06557377049180328
0.18367346938775508,0.16326530612244897,1.0,0.06557377049180328,4,0.021621621621621623,0.06557377049180328
0.18367346938775508,0.18367346938775508,1.0,0.06557377049180328,4,0.021621621621621623,0.06557377049180328
0.18367346938775508,0.2040816326530612,1.0,0.06557377049180328,4,0.021621621621621623,0.06557377049180328
0.18367346938775508,0.22448979591836732,1.0,0.06557377049180328,4,0.021621621621621623,0.06557377049180328
0.18367346938775508,0.24489795918367346,1.0,0.06557377049180328,4,0.021621621621621623,0.06557377049180328
0.18367346938775508,0.26530612244897955,1.0,0.06557377049180328,4,0.021621621621621623,0.06557377049180328
0.18367346938775508,0.2857142857142857,1.0,0.06557377049180328,4,0.021621621621621623,0.06557377049180328
0.18367346938775508,0.3061224489795918,1.0,0.06557377049180328,4,0.021621621621621623,0.06557377049180328
0.18367346938775508,0.32653061224489793,1.0,0.06557377049180328,4,0.021621621621621623,0.06557377049180328
0.18367346938775508,0.3469387755102041,1.0,0.06557377049180328,4,0.021621621621621623,0.06557377049180328
0.18367346938775508,0.36734693877551017,1.0,0.06557377049180328,4,0.021621621621621623,0.06557377049180328
0.18367346938775508,0.3877551020408163,1.0,0.06557377049180328,4,0.021621621621621623,0.06557377049180328
0.18367346938775508,0.4081632653061224,1.0,0.06557377049180328,4,0.021621621621621623,0.06557377049180328
0.18367346938775508,0.42857142857142855,1.0,0.06557377049180328,4,0.021621621621621623,0.06557377049180328
0.18367346938775508,0.44897959183673464,1.0,0.06557377049180328,4,0.021621621621621623,0.06557377049180328
0.18367346938775508,0.4693877551020408,1.0,0.06557377049180328,4,0.021621621621621623,0.06557377049180328
0.18367346938775508,0.4897959183673469,1.0,0.06557377049180328,4,0.021621621621621623,0.06557377049180328
0.18367346938775508,0.5102040816326531,1.0,0.06557377049180328,4,0.021621621621621623,0.06557377049180328
0.18367346938775508,0.5306122448979591,1.0,0.06557377049180328,4,0.021621621621621623,0.06557377049180328
0.18367346938775508,0.5510204081632653,1.0,0.06557377049180328,4,0.021621621621621623,0.06557377049180328
0.18367346938775508,0.5714285714285714,1.0,0.06557377049180328,4,0.021621621621621623,0.06557377049180328
0.18367346938775508,0.5918367346938775,1.0,0.06557377049180328,4,0.021621621621621623,0.06557377049180328
0.18367346938775508,0.6122448979591836,1.0,0.06557377049180328,4,0.021621621621621623,0.06557377049180328
0.18367346938775508,0.6326530612244897,1.0,0.06557377049180328,4,0.021621621621621623,0.06557377049180328
0.18367346938775508,0.6530612244897959,1.0,0.06557377049180328,4,0.021621621621621623,0.06557377049180328
0.18367346938775508,0.673469387755102,1.0,0.06557377049180328,4,0.021621621621621623,0.06557377049180328
0.18367346938775508,0.6938775510204082,1.0,0.06557377049180328,4,0.021621621621621623,0.06557377049180328
0.18367346938775508,0.7142857142857142,1.0,0.06557377049180328,4,0.021621621621621623,0.06557377049180328
0.18367346938775508,0.7346938775510203,1.0,0.06557377049180328,4,0.021621621621621623,0.06557377049180328
0.18367346938775508,0.7551020408163265,1.0,0.06557377049180328,4,0.021621621621621623,0.06557377049180328
0.18367346938775508,0.7755102040816326,1.0,0.06557377049180328,4,0.021621621621621623,0.06557377049180328
0.18367346938775508,0.7959183673469387,1.0,0.06557377049180328,4,0.021621621621621623,0.06557377049180328
0.18367346938775508,0.8163265306122448,1.0,0.06557377049180328,4,0.021621621621621623,0.06557377049180328
0.18367346938775508,0.836734693877551,1.0,0.06557377049180328,4,0.021621621621621623,0.06557377049180328
0.18367346938775508,0.8571428571428571,1.0,0.06557377049180328,4,0.021621621621621623,0.06557377049180328
0.18367346938775508,0.8775510204081632,1.0,0.06557377049180328,4,0.021621621621621623,0.06557377049180328
0.18367346938775508,0.8979591836734693,1.0,0.06557377049180328,4,0.021621621621621623,0.06557377049180328
0.18367346938775508,0.9183673469387754,0.5789473684210527,0.18032786885245902,19,0.10270270270270271,0.18032786885245902
0.18367346938775508,0.9387755102040816,0.5789473684210527,0.18032786885245902,19,0.10270270270270271,0.18032786885245902
0.18367346938775508,0.9591836734693877,0.5454545454545454,0.19672131147540983,22,0.11891891891891893,0.19672131147540983
0.18367346938775508,0.9795918367346939,0.5061728395061729,0.6721311475409836,81,0.43783783783783786,0.6721311475409836
0.18367346938775508,1.0,0.32972972972972975,1.0,185,1.0,1.0
0.2040816326530612,0.02040816326530612,1.0,0.06557377049180328,4,0.021621621621621623,0.06557377049180328
0.2040816326530612,0.04081632653061224,1.0,0.06557377049180328,4,0.021621621621621623,0.06557377049180328
0.2040816326530612,0.061224489795918366,1.0,0.06557377049180328,4,0.021621621621621623,0.06557377049180328
0.2040816326530612,0.08163265306122448,1.0,0.06557377049180328,4,0.021621621621621623,0.06557377049180328
0.2040816326530612,0.1020408163265306,1.0,0.06557377049180328,4,0.021621621621621623,0.06557377049180328
0.2040816326530612,0.12244897959183673,1.0,0.06557377049180328,4,0.021621621621621623,0.06557377049180328
0.2040816326530612,0.14285714285714285,1.0,0.06557377049180328,4,0.021621621621621623,0.06557377049180328
0.2040816326530612,0.16326530612244897,1.0,0.06557377049180328,4,0.021621621621621623,0.06557377049180328
0.2040816326530612,0.18367346938775508,1.0,0.06557377049180328,4,0.021621621621621623,0.06557377049180328
0.2040816326530612,0.2040816326530612,1.0,0.06557377049180328,4,0.021621621621621623,0.06557377049180328
0.2040816326530612,0.22448979591836732,1.0,0.06557377049180328,4,0.021621621621621623,0.06557377049180328
0.2040816326530612,0.24489795918367346,1.0,0.06557377049180328,4,0.021621621621621623,0.06557377049180328
0.2040816326530612,0.26530612244897955,1.0,0.06557377049180328,4,0.021621621621621623,0.06557377049180328
0.2040816326530612,0.2857142857142857,1.0,0.06557377049180328,4,0.021621621621621623,0.06557377049180328
0.2040816326530612,0.3061224489795918,1.0,0.06557377049180328,4,0.021621621621621623,0.06557377049180328
0.2040816326530612,0.32653061224489793,1.0,0.06557377049180328,4,0.021621621621621623,0.06557377049180328
0.2040816326530612,0.3469387755102041,1.0,0.06557377049180328,4,0.021621621621621623,0.06557377049180328
0.2040816326530612,0.36734693877551017,1.0,0.06557377049180328,4,0.021621621621621623,0.06557377049180328
0.2040816326530612,0.3877551020408163,1.0,0.06557377049180328,4,0.021621621621621623,0.06557377049180328
0.2040816326530612,0.4081632653061224,1.0,0.06557377049180328,4,0.021621621621621623,0.06557377049180328
0.2040816326530612,0.42857142857142855,1.0,0.06557377049180328,4,0.021621621621621623,0.06557377049180328
0.2040816326530612,0.44897959183673464,1.0,0.06557377049180328,4,0.021621621621621623,0.06557377049180328
0.2040816326530612,0.4693877551020408,1.0,0.06557377049180328,4,0.021621621621621623,0.06557377049180328
0.2040816326530612,0.4897959183673469,1.0,0.06557377049180328,4,0.021621621621621623,0.06557377049180328
0.2040816326530612,0.5102040816326531,1.0,0.06557377049180328,4,0.021621621621621623,0.06557377049180328
0.2040816326530612,0.5306122448979591,1.0,0.06557377049180328,4,0.021621621621621623,0.06557377049180328
0.2040816326530612,0.5510204081632653,1.0,0.06557377049180328,4,0.021621621621621623,0.06557377049180328
0.2040816326530612,0.5714285714285714,1.0,0.06557377049180328,4,0.021621621621621623,0.06557377049180328
0.2040816326530612,0.5918367346938775,1.0,0.06557377049180328,4,0.021621621621621623,0.06557377049180328
0.2040816326530612,0.6122448979591836,1.0,0.06557377049180328,4,0.021621621621621623,0.06557377049180328
0.2040816326530612,0.6326530612244897,1.0,0.06557377049180328,4,0.021621621621621623,0.06557377049180328
0.2040816326530612,0.6530612244897959,1.0,0.06557377049180328,4,0.021621621621621623,0.06557377049180328
0.2040816326530612,0.673469387755102,1.0,0.06557377049180328,4,0.021621621621621623,0.06557377049180328
0.2040816326530612,0.6938775510204082,1.0,0.06557377049180328,4,0.021621621621621623,0.06557377049180328
0.2040816326530612,0.7142857142857142,1.0,0.06557377049180328,4,0.021621621621621623,0.06557377049180328
0.2040816326530612,0.7346938775510203,1.0,0.06557377049180328,4,0.021621621621621623,0.06557377049180328
0.2040816326530612,0.7551020408163265,1.0,0.06557377049180328,4,0.021621621621621623,0.06557377049180328
0.2040816326530612,0.7755102040816326,1.0,0.06557377049180328,4,0.021621621621621623,0.06557377049180328
0.2040816326530612,0.7959183673469387,1.0,0.06557377049180328,4,0.021621621621621623,0.06557377049180328
0.2040816326530612,0.8163265306122448,1.0,0.06557377049180328,4,0.021621621621621623,0.06557377049180328
0.2040816326530612,0.836734693877551,1.0,0.06557377049180328,4,0.021621621621621623,0.06557377049180328
0.2040816326530612,0.8571428571428571,1.0,0.06557377049180328,4,0.021621621621621623,0.06557377049180328
0.2040816326530612,0.8775510204081632,1.0,0.06557377049180328,4,0.021621621621621623,0.06557377049180328
0.2040816326530612,0.8979591836734693,1.0,0.06557377049180328,4,0.021621621621621623,0.06557377049180328
0.2040816326530612,0.9183673469387754,0.5789473684210527,0.18032786885245902,19,0.10270270270270271,0.18032786885245902
0.2040816326530612,0.9387755102040816,0.5789473684210527,0.18032786885245902,19,0.10270270270270271,0.18032786885245902
0.2040816326530612,0.9591836734693877,0.5454545454545454,0.19672131147540983,22,0.11891891891891893,0.19672131147540983
0.2040816326530612,0.9795918367346939,0.5061728395061729,0.6721311475409836,81,0.43783783783783786,0.6721311475409836
0.2040816326530612,1.0,0.32972972972972975,1.0,185,1.0,1.0
0.22448979591836732,0.02040816326530612,1.0,0.06557377049180328,4,0.021621621621621623,0.06557377049180328
0.22448979591836732,0.04081632653061224,1.0,0.06557377049180328,4,0.021621621621621623,0.06557377049180328
0.22448979591836732,0.061224489795918366,1.0,0.06557377049180328,4,0.021621621621621623,0.06557377049180328
0.22448979591836732,0.08163265306122448,1.0,0.06557377049180328,4,0.021621621621621623,0.06557377049180328
0.22448979591836732,0.1020408163265306,1.0,0.06557377049180328,4,0.021621621621621623,0.06557377049180328
0.22448979591836732,0.12244897959183673,1.0,0.06557377049180328,4,0.021621621621621623,0.06557377049180328
0.22448979591836732,0.14285714285714285,1.0,0.06557377049180328,4,0.021621621621621623,0.06557377049180328
0.22448979591836732,0.16326530612244897,1.0,0.06557377049180328,4,0.021621621621621623,0.06557377049180328
0.22448979591836732,0.18367346938775508,1.0,0.06557377049180328,4,0.021621621621621623,0.06557377049180328
0.22448979591836732,0.2040816326530612,1.0,0.06557377049180328,4,0.021621621621621623,0.06557377049180328
0.22448979591836732,0.22448979591836732,1.0,0.06557377049180328,4,0.021621621621621623,0.06557377049180328
0.22448979591836732,0.24489795918367346,1.0,0.06557377049180328,4,0.021621621621621623,0.06557377049180328
0.22448979591836732,0.26530612244897955,1.0,0.06557377049180328,4,0.021621621621621623,0.06557377049180328
0.22448979591836732,0.2857142857142857,1.0,0.06557377049180328,4,0.021621621621621623,0.06557377049180328
0.22448979591836732,0.3061224489795918,1.0,0.06557377049180328,4,0.021621621621621623,0.06557377049180328
0.22448979591836732,0.32653061224489793,1.0,0.06557377049180328,4,0.021621621621621623,0.06557377049180328
0.22448979591836732,0.3469387755102041,1.0,0.06557377049180328,4,0.021621621621621623,0.06557377049180328
0.22448979591836732,0.36734693877551017,1.0,0.06557377049180328,4,0.021621621621621623,0.06557377049180328
0.22448979591836732,0.3877551020408163,1.0,0.06557377049180328,4,0.021621621621621623,0.06557377049180328
0.22448979591836732,0.4081632653061224,1.0,0.06557377049180328,4,0.021621621621621623,0.06557377049180328
0.22448979591836732,0.42857142857142855,1.0,0.06557377049180328,4,0.021621621621621623,0.06557377049180328
0.22448979591836732,0.44897959183673464,1.0,0.06557377049180328,4,0.021621621621621623,0.06557377049180328
0.22448979591836732,0.4693877551020408,1.0,0.06557377049180328,4,0.021621621621621623,0.06557377049180328
0.22448979591836732,0.4897959183673469,1.0,0.06557377049180328,4,0.021621621621621623,0.06557377049180328
0.22448979591836732,0.5102040816326531,1.0,0.06557377049180328,4,0.021621621621621623,0.06557377049180328
0.22448979591836732,0.5306122448979591,1.0,0.06557377049180328,4,0.021621621621621623,0.06557377049180328
0.22448979591836732,0.5510204081632653,1.0,0.06557377049180328,4,0.021621621621621623,0.06557377049180328
0.22448979591836732,0.5714285714285714,1.0,0.06557377049180328,4,0.021621621621621623,0.06557377049180328
0.22448979591836732,0.5918367346938775,1.0,0.06557377049180328,4,0.021621621621621623,0.06557377049180328
0.22448979591836732,0.6122448979591836,1.0,0.06557377049180328,4,0.021621621621621623,0.06557377049180328
0.22448979591836732,0.6326530612244897,1.0,0.06557377049180328,4,0.021621621621621623,0.06557377049180328
0.22448979591836732,0.6530612244897959,1.0,0.06557377049180328,4,0.021621621621621623,0.06557377049180328
0.22448979591836732,0.673469387755102,1.0,0.06557377049180328,4,0.021621621621621623,0.06557377049180328
0.22448979591836732,0.6938775510204082,1.0,0.06557377049180328,4,0.021621621621621623,0.06557377049180328
0.22448979591836732,0.7142857142857142,1.0,0.06557377049180328,4,0.021621621621621623,0.06557377049180328
0.22448979591836732,0.7346938775510203,1.0,0.06557377049180328,4,0.021621621621621623,0.06557377049180328
0.22448979591836732,0.7551020408163265,1.0,0.06557377049180328,4,0.021621621621621623,0.06557377049180328
0.22448979591836732,0.7755102040816326,1.0,0.06557377049180328,4,0.021621621621621623,0.06557377049180328
0.22448979591836732,0.7959183673469387,1.0,0.06557377049180328,4,0.021621621621621623,0.06557377049180328
0.22448979591836732,0.8163265306122448,1.0,0.06557377049180328,4,0.021621621621621623,0.06557377049180328
0.22448979591836732,0.836734693877551,1.0,0.06557377049180328,4,0.021621621621621623,0.06557377049180328
0.22448979591836732,0.8571428571428571,1.0,0.06557377049180328,4,0.021621621621621623,0.06557377049180328
0.22448979591836732,0.8775510204081632,1.0,0.06557377049180328,4,0.021621621621621623,0.06557377049180328
0.22448979591836732,0.8979591836734693,0.5789473684210527,0.18032786885245902,19,0.10270270270270271,0.18032786885245902
0.22448979591836732,0.9183673469387754,0.5789473684210527,0.18032786885245902,19,0.10270270270270271,0.18032786885245902
0.22448979591836732,0.9387755102040816,0.5454545454545454,0.19672131147540983,22,0.11891891891891893,0.19672131147540983
0.22448979591836732,0.9591836734693877,0.5454545454545454,0.19672131147540983,22,0.11891891891891893,0.19672131147540983
0.22448979591836732,0.9795918367346939,0.5,0.6885245901639344,84,0.4540540540540541,0.6885245901639344
0.22448979591836732,1.0,0.32972972972972975,1.0,185,1.0,1.0
0.24489795918367346,0.02040816326530612,1.0,0.06557377049180328,4,0.021621621621621623,0.06557377049180328
0.24489795918367346,0.04081632653061224,1.0,0.06557377049180328,4,0.021621621621621623,0.06557377049180328
0.24489795918367346,0.061224489795918366,1.0,0.06557377049180328,4,0.021621621621621623,0.06557377049180328
0.24489795918367346,0.08163265306122448,1.0,0.06557377049180328,4,0.021621621621621623,0.06557377049180328
0.24489795918367346,0.1020408163265306,1.0,0.06557377049180328,4,0.021621621621621623,0.06557377049180328
0.24489795918367346,0.12244897959183673,1.0,0.06557377049180328,4,0.021621621621621623,0.06557377049180328
0.24489795918367346,0.14285714285714285,1.0,0.06557377049180328,4,0.021621621621621623,0.06557377049180328
0.24489795918367346,0.16326530612244897,1.0,0.06557377049180328,4,0.021621621621621623,0.06557377049180328
0.24489795918367346,0.18367346938775508,1.0,0.06557377049180328,4,0.021621621621621623,0.06557377049180328
0.24489795918367346,0.2040816326530612,1.0,0.06557377049180328,4,0.021621621621621623,0.06557377049180328
0.24489795918367346,0.22448979591836732,1.0,0.06557377049180328,4,0.021621621621621623,0.06557377049180328
0.24489795918367346,0.24489795918367346,1.0,0.06557377049180328,4,0.021621621621621623,0.06557377049180328
0.24489795918367346,0.26530612244897955,1.0,0.06557377049180328,4,0.021621621621621623,0.06557377049180328
0.24489795918367346,0.2857142857142857,1.0,0.06557377049180328,4,0.021621621621621623,0.06557377049180328
0.24489795918367346,0.3061224489795918,1.0,0.06557377049180328,4,0.021621621621621623,0.06557377049180328
0.24489795918367346,0.32653061224489793,1.0,0.06557377049180328,4,0.021621621621621623,0.06557377049180328
0.24489795918367346,0.3469387755102041,1.0,0.06557377049180328,4,0.021621621621621623,0.06557377049180328
0.24489795918367346,0.36734693877551017,1.0,0.06557377049180328,4,0.021621621621621623,0.06557377049180328
0.24489795918367346,0.3877551020408163,1.0,0.06557377049180328,4,0.021621621621621623,0.06557377049180328
0.24489795918367346,0.4081632653061224,1.0,0.06557377049180328,4,0.021621621621621623,0.06557377049180328
0.24489795918367346,0.42857142857142855,1.0,0.06557377049180328,4,0.021621621621621623,0.06557377049180328
0.24489795918367346,0.44897959183673464,1.0,0.06557377049180328,4,0.021621621621621623,0.06557377049180328
0.24489795918367346,0.4693877551020408,1.0,0.06557377049180328,4,0.021621621621621623,0.06557377049180328
0.24489795918367346,0.4897959183673469,1.0,0.06557377049180328,4,0.021621621621621623,0.06557377049180328
0.24489795918367346,0.5102040816326531,1.0,0.06557377049180328,4,0.021621621621621623,0.06557377049180328
0.24489795918367346,0.5306122448979591,1.0,0.06557377049180328,4,0.021621621621621623,0.06557377049180328
0.24489795918367346,0.5510204081632653,1.0,0.06557377049180328,4,0.021621621621621623,0.06557377049180328
0.24489795918367346,0.5714285714285714,1.0,0.06557377049180328,4,0.021621621621621623,0.06557377049180328
0.24489795918367346,0.5918367346938775,1.0,0.06557377049180328,4,0.021621621621621623,0.06557377049180328
0.24489795918367346,0.6122448979591836,1.0,0.06557377049180328,4,0.021621621621621623,0.06557377049180328
0.24489795918367346,0.6326530612244897,1.0,0.06557377049180328,4,0.021621621621621623,0.06557377049180328
0.24489795918367346,0.6530612244897959,1.0,0.06557377049180328,4,0.021621621621621623,0.06557377049180328
0.24489795918367346,0.673469387755102,1.0,0.06557377049180328,4,0.021621621621621623,0.06557377049180328
0.24489795918367346,0.6938775510204082,1.0,0.06557377049180328,4,0.021621621621621623,0.06557377049180328
0.24489795918367346,0.7142857142857142,1.0,0.06557377049180328,4,0.021621621621621623,0.06557377049180328
0.24489795918367346,0.7346938775510203,1.0,0.06557377049180328,4,0.021621621621621623,0.06557377049180328
0.24489795918367346,0.7551020408163265,1.0,0.06557377049180328,4,0.021621621621621623,0.06557377049180328
0.24489795918367346,0.7755102040816326,1.0,0.06557377049180328,4,0.021621621621621623,0.06557377049180328
0.24489795918367346,0.7959183673469387,1.0,0.06557377049180328,4,0.021621621621621623,0.06557377049180328
0.24489795918367346,0.8163265306122448,1.0,0.06557377049180328,4,0.021621621621621623,0.06557377049180328
0.24489795918367346,0.836734693877551,1.0,0.06557377049180328,4,0.021621621621621623,0.06557377049180328
0.24489795918367346,0.8571428571428571,1.0,0.06557377049180328,4,0.021621621621621623,0.06557377049180328
0.24489795918367346,0.8775510204081632,1.0,0.06557377049180328,4,0.021621621621621623,0.06557377049180328
0.24489795918367346,0.8979591836734693,0.5789473684210527,0.18032786885245902,19,0.10270270270270271,0.18032786885245902
0.24489795918367346,0.9183673469387754,0.5789473684210527,0.18032786885245902,19,0.10270270270270271,0.18032786885245902
0.24489795918367346,0.9387755102040816,0.5454545454545454,0.19672131147540983,22,0.11891891891891893,0.19672131147540983
0.24489795918367346,0.9591836734693877,0.5454545454545454,0.19672131147540983,22,0.11891891891891893,0.19672131147540983
0.24489795918367346,0.9795918367346939,0.5,0.6885245901639344,84,0.4540540540540541,0.6885245901639344
0.24489795918367346,1.0,0.32972972972972975,1.0,185,1.0,1.0
0.26530612244897955,0.02040816326530612,1.0,0.06557377049180328,4,0.021621621621621623,0.06557377049180328
0.26530612244897955,0.04081632653061224,1.0,0.06557377049180328,4,0.021621621621621623,0.06557377049180328
0.26530612244897955,0.061224489795918366,1.0,0.06557377049180328,4,0.021621621621621623,0.06557377049180328
0.26530612244897955,0.08163265306122448,1.0,0.06557377049180328,4,0.021621621621621623,0.06557377049180328
0.26530612244897955,0.1020408163265306,1.0,0.06557377049180328,4,0.021621621621621623,0.06557377049180328
0.26530612244897955,0.12244897959183673,1.0,0.06557377049180328,4,0.021621621621621623,0.06557377049180328
0.26530612244897955,0.14285714285714285,1.0,0.06557377049180328,4,0.021621621621621623,0.06557377049180328
0.26530612244897955,0.16326530612244897,1.0,0.06557377049180328,4,0.021621621621621623,0.06557377049180328
0.26530612244897955,0.18367346938775508,1.0,0.06557377049180328,4,0.021621621621621623,0.06557377049180328
0.26530612244897955,0.2040816326530612,1.0,0.06557377049180328,4,0.021621621621621623,0.06557377049180328
0.26530612244897955,0.22448979591836732,1.0,0.06557377049180328,4,0.021621621621621623,0.06557377049180328
0.26530612244897955,0.24489795918367346,1.0,0.06557377049180328,4,0.021621621621621623,0.06557377049180328
0.26530612244897955,0.26530612244897955,1.0,0.06557377049180328,4,0.021621621621621623,0.06557377049180328
0.26530612244897955,0.2857142857142857,1.0,0.06557377049180328,4,0.021621621621621623,0.06557377049180328
0.26530612244897955,0.3061224489795918,1.0,0.06557377049180328,4,0.021621621621621623,0.06557377049180328
0.26530612244897955,0.32653061224489793,1.0,0.06557377049180328,4,0.021621621621621623,0.06557377049180328
0.26530612244897955,0.3469387755102041,1.0,0.06557377049180328,4,0.021621621621621623,0.06557377049180328
0.26530612244897955,0.36734693877551017,1.0,0.06557377049180328,4,0.021621621621621623,0.06557377049180328
0.26530612244897955,0.3877551020408163,1.0,0.06557377049180328,4,0.021621621621621623,0.06557377049180328
0.26530612244897955,0.4081632653061224,1.0,0.06557377049180328,4,0.021621621621621623,0.06557377049180328
0.26530612244897955,0.42857142857142855,1.0,0.06557377049180328,4,0.021621621621621623,0.06557377049180328
0.26530612244897955,0.44897959183673464,1.0,0.06557377049180328,4,0.021621621621621623,0.06557377049180328
0.26530612244897955,0.4693877551020408,1.0,0.06557377049180328,4,0.021621621621621623,0.06557377049180328
0.26530612244897955,0.4897959183673469,1.0,0.06557377049180328,4,0.021621621621621623,0.06557377049180328
0.26530612244897955,0.5102040816326531,1.0,0.06557377049180328,4,0.021621621621621623,0.06557377049180328
0.26530612244897955,0.5306122448979591,1.0,0.06557377049180328,4,0.021621621621621623,0.06557377049180328
0.26530612244897955,0.5510204081632653,1.0,0.06557377049180328,4,0.021621621621621623,0.06557377049180328
0.26530612244897955,0.5714285714285714,1.0,0.06557377049180328,4,0.021621621621621623,0.06557377049180328
0.26530612244897955,0.5918367346938775,1.0,0.06557377049180328,4,0.021621621621621623,0.06557377049180328
0.26530612244897955,0.6122448979591836,1.0,0.06557377049180328,4,0.021621621621621623,0.06557377049180328
0.26530612244897955,0.6326530612244897,1.0,0.06557377049180328,4,0.021621621621621623,0.06557377049180328
0.26530612244897955,0.6530612244897959,1.0,0.06557377049180328,4,0.021621621621621623,0.06557377049180328
0.26530612244897955,0.673469387755102,1.0,0.06557377049180328,4,0.021621621621621623,0.06557377049180328
0.26530612244897955,0.6938775510204082,1.0,0.06557377049180328,4,0.021621621621621623,0.06557377049180328
0.26530612244897955,0.7142857142857142,1.0,0.06557377049180328,4,0.021621621621621623,0.06557377049180328
0.26530612244897955,0.7346938775510203,1.0,0.06557377049180328,4,0.021621621621621623,0.06557377049180328
0.26530612244897955,0.7551020408163265,1.0,0.06557377049180328,4,0.021621621621621623,0.06557377049180328
0.26530612244897955,0.7755102040816326,1.0,0.06557377049180328,4,0.021621621621621623,0.06557377049180328
0.26530612244897955,0.7959183673469387,1.0,0.06557377049180328,4,0.021621621621621623,0.06557377049180328
0.26530612244897955,0.8163265306122448,1.0,0.06557377049180328,4,0.021621621621621623,0.06557377049180328
0.26530612244897955,0.836734693877551,1.0,0.06557377049180328,4,0.021621621621621623,0.06557377049180328
0.26530612244897955,0.8571428571428571,1.0,0.06557377049180328,4,0.021621621621621623,0.06557377049180328
0.26530612244897955,0.8775510204081632,0.5454545454545454,0.19672131147540983,22,0.11891891891891893,0.19672131147540983
0.26530612244897955,0.8979591836734693,0.5789473684210527,0.18032786885245902,19,0.10270270270270271,0.18032786885245902
0.26530612244897955,0.9183673469387754,0.5789473684210527,0.18032786885245902,19,0.10270270270270271,0.18032786885245902
0.26530612244897955,0.9387755102040816,0.5454545454545454,0.19672131147540983,22,0.11891891891891893,0.19672131147540983
0.26530612244897955,0.9591836734693877,0.5454545454545454,0.19672131147540983,22,0.11891891891891893,0.19672131147540983
0.26530612244897955,0.9795918367346939,0.5,0.6885245901639344,84,0.4540540540540541,0.6885245901639344
0.26530612244897955,1.0,0.32972972972972975,1.0,185,1.0,1.0
0.2857142857142857,0.02040816326530612,1.0,0.06557377049180328,4,0.021621621621621623,0.06557377049180328
0.2857142857142857,0.04081632653061224,1.0,0.06557377049180328,4,0.021621621621621623,0.06557377049180328
0.2857142857142857,0.061224489795918366,1.0,0.06557377049180328,4,0.021621621621621623,0.06557377049180328
0.2857142857142857,0.08163265306122448,1.0,0.06557377049180328,4,0.021621621621621623,0.06557377049180328
0.2857142857142857,0.1020408163265306,1.0,0.06557377049180328,4,0.021621621621621623,0.06557377049180328
0.2857142857142857,0.12244897959183673,1.0,0.06557377049180328,4,0.021621621621621623,0.06557377049180328
0.2857142857142857,0.14285714285714285,1.0,0.06557377049180328,4,0.021621621621621623,0.06557377049180328
0.2857142857142857,0.16326530612244897,1.0,0.06557377049180328,4,0.021621621621621623,0.06557377049180328
0.2857142857142857,0.18367346938775508,1.0,0.06557377049180328,4,0.021621621621621623,0.06557377049180328
0.2857142857142857,0.2040816326530612,1.0,0.06557377049180328,4,0.021621621621621623,0.06557377049180328
0.2857142857142857,0.22448979591836732,1.0,0.06557377049180328,4,0.021621621621621623,0.06557377049180328
0.2857142857142857,0.24489795918367346,1.0,0.06557377049180328,4,0.021621621621621623,0.06557377049180328
0.2857142857142857,0.26530612244897955,1.0,0.06557377049180328,4,0.021621621621621623,0.06557377049180328
0.2857142857142857,0.2857142857142857,1.0,0.06557377049180328,4,0.021621621621621623,0.06557377049180328
0.2857142857142857,0.3061224489795918,1.0,0.06557377049180328,4,0.021621621621621623,0.06557377049180328
0.2857142857142857,0.32653061224489793,1.0,0.06557377049180328,4,0.021621621621621623,0.06557377049180328
0.2857142857142857,0.3469387755102041,1.0,0.06557377049180328,4,0.021621621621621623,0.06557377049180328
0.2857142857142857,0.36734693877551017,1.0,0.06557377049180328,4,0.021621621621621623,0.06557377049180328
0.2857142857142857,0.3877551020408163,1.0,0.06557377049180328,4,0.021621621621621623,0.06557377049180328
0.2857142857142857,0.4081632653061224,1.0,0.06557377049180328,4,0.021621621621621623,0.06557377049180328
0.2857142857142857,0.42857142857142855,1.0,0.06557377049180328,4,0.021621621621621623,0.06557377049180328
0.2857142857142857,0.44897959183673464,1.0,0.06557377049180328,4,0.021621621621621623,0.06557377049180328
0.2857142857142857,0.4693877551020408,1.0,0.06557377049180328,4,0.021621621621621623,0.06557377049180328
0.2857142857142857,0.4897959183673469,1.0,0.06557377049180328,4,0.021621621621621623,0.06557377049180328
0.2857142857142857,0.5102040816326531,1.0,0.06557377049180328,4,0.021621621621621623,0.06557377049180328
0.2857142857142857,0.5306122448979591,1.0,0.06557377049180328,4,0.021621621621621623,0.06557377049180328
0.2857142857142857,0.5510204081632653,1.0,0.06557377049180328,4,0.021621621621621623,0.06557377049180328
0.2857142857142857,0.5714285714285714,1.0,0.06557377049180328,4,0.021621621621621623,0.06557377049180328
0.2857142857142857,0.5918367346938775,1.0,0.06557377049180328,4,0.021621621621621623,0.06557377049180328
0.2857142857142857,0.6122448979591836,1.0,0.06557377049180328,4,0.021621621621621623,0.06557377049180328
0.2857142857142857,0.6326530612244897,1.0,0.06557377049180328,4,0.021621621621621623,0.06557377049180328
0.2857142857142857,0.6530612244897959,1.0,0.06557377049180328,4,0.021621621621621623,0.06557377049180328
0.2857142857142857,0.673469387755102,1.0,0.06557377049180328,4,0.021621621621621623,0.06557377049180328
0.2857142857142857,0.6938775510204082,1.0,0.06557377049180328,4,0.021621621621621623,0.06557377049180328
0.2857142857142857,0.7142857142857142,1.0,0.06557377049180328,4,0.021621621621621623,0.06557377049180328
0.2857142857142857,0.7346938775510203,1.0,0.06557377049180328,4,0.021621621621621623,0.06557377049180328
0.2857142857142857,0.7551020408163265,1.0,0.06557377049180328,4,0.021621621621621623,0.06557377049180328
0.2857142857142857,0.7755102040816326,1.0,0.06557377049180328,4,0.021621621621621623,0.06557377049180328
0.2857142857142857,0.7959183673469387,1.0,0.06557377049180328,4,0.021621621621621623,0.06557377049180328
0.2857142857142857,0.8163265306122448,1.0,0.06557377049180328,4,0.021621621621621623,0.06557377049180328
0.2857142857142857,0.836734693877551,1.0,0.06557377049180328,4,0.021621621621621623,0.06557377049180328
0.2857142857142857,0.8571428571428571,1.0,0.06557377049180328,4,0.021621621621621623,0.06557377049180328
0.2857142857142857,0.8775510204081632,0.5454545454545454,0.19672131147540983,22,0.11891891891891893,0.19672131147540983
0.2857142857142857,0.8979591836734693,0.5454545454545454,0.19672131147540983,22,0.11891891891891893,0.19672131147540983
0.2857142857142857,0.9183673469387754,0.5454545454545454,0.19672131147540983,22,0.11891891891891893,0.19672131147540983
0.2857142857142857,0.9387755102040816,0.5454545454545454,0.19672131147540983,22,0.11891891891891893,0.19672131147540983
0.2857142857142857,0.9591836734693877,0.5454545454545454,0.19672131147540983,22,0.11891891891891893,0.19672131147540983
0.2857142857142857,0.9795918367346939,0.5,0.6885245901639344,84,0.4540540540540541,0.6885245901639344
0.2857142857142857,1.0,0.32972972972972975,1.0,185,1.0,1.0
0.3061224489795918,0.02040816326530612,0.5882352941176471,0.16393442622950818,17,0.0918918918918919,0.16393442622950818
0.3061224489795918,0.04081632653061224,0.5882352941176471,0.16393442622950818,17,0.0918918918918919,0.16393442622950818
0.3061224489795918,0.061224489795918366,0.5882352941176471,0.16393442622950818,17,0.0918918918918919,0.16393442622950818
0.3061224489795918,0.08163265306122448,0.5882352941176471,0.16393442622950818,17,0.0918918918918919,0.16393442622950818
0.3061224489795918,0.1020408163265306,0.5882352941176471,0.16393442622950818,17,0.0918918918918919,0.16393442622950818
0.3061224489795918,0.12244897959183673,0.5882352941176471,0.16393442622950818,17,0.0918918918918919,0.16393442622950818
0.3061224489795918,0.14285714285714285,0.5882352941176471,0.16393442622950818,17,0.0918918918918919,0.16393442622950818
0.3061224489795918,0.16326530612244897,0.5882352941176471,0.16393442622950818,17,0.0918918918918919,0.16393442622950818
0.3061224489795918,0.18367346938775508,0.5882352941176471,0.16393442622950818,17,0.0918918918918919,0.16393442622950818
0.3061224489795918,0.2040816326530612,0.5882352941176471,0.16393442622950818,17,0.0918918918918919,0.16393442622950818
0.3061224489795918,0.22448979591836732,0.5882352941176471,0.16393442622950818,17,0.0918918918918919,0.16393442622950818
0.3061224489795918,0.24489795918367346,0.5882352941176471,0.16393442622950818,17,0.0918918918918919,0.16393442622950818
0.3061224489795918,0.26530612244897955,0.5882352941176471,0.16393442622950818,17,0.0918918918918919,0.16393442622950818
0.3061224489795918,0.2857142857142857,0.5882352941176471,0.16393442622950818,17,0.0918918918918919,0.16393442622950818
0.3061224489795918,0.3061224489795918,0.5882352941176471,0.16393442622950818,17,0.0918918918918919,0.16393442622950818
0.3061224489795918,0.32653061224489793,0.5882352941176471,0.16393442622950818,17,0.0918918918918919,0.16393442622950818
0.3061224489795918,0.3469387755102041,0.5882352941176471,0.16393442622950818,17,0.0918918918918919,0.16393442622950818
0.3061224489795918,0.36734693877551017,0.5882352941176471,0.16393442622950818,17,0.0918918918918919,0.16393442622950818
0.3061224489795918,0.3877551020408163,0.5882352941176471,0.16393442622950818,17,0.0918918918918919,0.16393442622950818
0.3061224489795918,0.4081632653061224,0.5882352941176471,0.16393442622950818,17,0.0918918918918919,0.16393442622950818
0.3061224489795918,0.42857142857142855,0.5882352941176471,0.16393442622950818,17,0.0918918918918919,0.16393442622950818
0.3061224489795918,0.44897959183673464,0.5882352941176471,0.16393442622950818,17,0.0918918918918919,0.16393442622950818
0.3061224489795918,0.4693877551020408,0.5882352941176471,0.16393442622950818,17,0.0918918918918919,0.16393442622950818
0.3061224489795918,0.4897959183673469,0.5882352941176471,0.16393442622950818,17,0.0918918918918919,0.16393442622950818
0.3061224489795918,0.5102040816326531,0.5882352941176471,0.16393442622950818,17,0.0918918918918919,0.16393442622950818
0.3061224489795918,0.5306122448979591,0.5882352941176471,0.16393442622950818,17,0.0918918918918919,0.16393442622950818
0.3061224489795918,0.5510204081632653,0.5882352941176471,0.16393442622950818,17,0.0918918918918919,0.16393442622950818
0.3061224489795918,0.5714285714285714,0.5882352941176471,0.16393442622950818,17,0.0918918918918919,0.16393442622950818
0.3061224489795918,0.5918367346938775,0.5882352941176471,0.16393442622950818,17,0.0918918918918919,0.16393442622950818
0.3061224489795918,0.6122448979591836,0.5882352941176471,0.16393442622950818,17,0.0918918918918919,0.16393442622950818
0.3061224489795918,0.6326530612244897,0.5882352941176471,0.16393442622950818,17,0.0918918918918919,0.16393442622950818
0.3061224489795918,0.6530612244897959,0.5882352941176471,0.16393442622950818,17,0.0918918918918919,0.16393442622950818
0.3061224489795918,0.673469387755102,0.5882352941176471,0.16393442622950818,17,0.0918918918918919,0.16393442622950818
0.3061224489795918,0.6938775510204082,0.5882352941176471,0.16393442622950818,17,0.0918918918918919,0.16393442622950818
0.3061224489795918,0.7142857142857142,0.5882352941176471,0.16393442622950818,17,0.0918918918918919,0.16393442622950818
0.3061224489795918,0.7346938775510203,0.5882352941176471,0.16393442622950818,17,0.0918918918918919,0.16393442622950818
0.3061224489795918,0.7551020408163265,0.5555555555555556,0.16393442622950818,18,0.0972972972972973,0.16393442622950818
0.3061224489795918,0.7755102040816326,0.5555555555555556,0.16393442622950818,18,0.0972972972972973,0.16393442622950818
0.3061224489795918,0.7959183673469387,0.5555555555555556,0.16393442622950818,18,0.0972972972972973,0.16393442622950818
0.3061224489795918,0.8163265306122448,0.5789473684210527,0.18032786885245902,19,0.10270270270270271,0.18032786885245902
0.3061224489795918,0.836734693877551,0.5789473684210527,0.18032786885245902,19,0.10270270270270271,0.18032786885245902
0.3061224489795918,0.8571428571428571,0.5789473684210527,0.18032786885245902,19,0.10270270270270271,0.18032786885245902
0.3061224489795918,0.8775510204081632,0.5454545454545454,0.19672131147540983,22,0.11891891891891893,0.19672131147540983
0.3061224489795918,0.8979591836734693,0.5454545454545454,0.19672131147540983,22,0.11891891891891893,0.19672131147540983
0.3061224489795918,0.9183673469387754,0.5454545454545454,0.19672131147540983,22,0.11891891891891893,0.19672131147540983
0.3061224489795918,0.9387755102040816,0.5454545454545454,0.19672131147540983,22,0.11891891891891893,0.19672131147540983
0.3061224489795918,0.9591836734693877,0.5454545454545454,0.19672131147540983,22,0.11891891891891893,0.19672131147540983
0.3061224489795918,0.9795918367346939,0.5,0.6885245901639344,84,0.4540540540540541,0.6885245901639344
0.3061224489795918,1.0,0.32972972972972975,1.0,185,1.0,1.0
0.32653061224489793,0.02040816326530612,0.5882352941176471,0.16393442622950818,17,0.0918918918918919,0.16393442622950818
0.32653061224489793,0.04081632653061224,0.5882352941176471,0.16393442622950818,17,0.0918918918918919,0.16393442622950818
0.32653061224489793,0.061224489795918366,0.5882352941176471,0.16393442622950818,17,0.0918918918918919,0.16393442622950818
0.32653061224489793,0.08163265306122448,0.5882352941176471,0.16393442622950818,17,0.0918918918918919,0.16393442622950818
0.32653061224489793,0.1020408163265306,0.5882352941176471,0.16393442622950818,17,0.0918918918918919,0.16393442622950818
0.32653061224489793,0.12244897959183673,0.5882352941176471,0.16393442622950818,17,0.0918918918918919,0.16393442622950818
0.32653061224489793,0.14285714285714285,0.5882352941176471,0.16393442622950818,17,0.0918918918918919,0.16393442622950818
0.32653061224489793,0.16326530612244897,0.5882352941176471,0.16393442622950818,17,0.0918918918918919,0.16393442622950818
0.32653061224489793,0.18367346938775508,0.5882352941176471,0.16393442622950818,17,0.0918918918918919,0.16393442622950818
0.32653061224489793,0.2040816326530612,0.5882352941176471,0.16393442622950818,17,0.0918918918918919,0.16393442622950818
0.32653061224489793,0.22448979591836732,0.5882352941176471,0.16393442622950818,17,0.0918918918918919,0.16393442622950818
0.32653061224489793,0.24489795918367346,0.5882352941176471,0.16393442622950818,17,0.0918918918918919,0.16393442622950818
0.32653061224489793,0.26530612244897955,0.5882352941176471,0.16393442622950818,17,0.0918918918918919,0.16393442622950818
0.32653061224489793,0.2857142857142857,0.5882352941176471,0.16393442622950818,17,0.0918918918918919,0.16393442622950818
0.32653061224489793,0.3061224489795918,0.5882352941176471,0.16393442622950818,17,0.0918918918918919,0.16393442622950818
0.32653061224489793,0.32653061224489793,0.5882352941176471,0.16393442622950818,17,0.0918918918918919,0.16393442622950818
0.32653061224489793,0.3469387755102041,0.5882352941176471,0.16393442622950818,17,0.0918918918918919,0.16393442622950818
0.32653061224489793,0.36734693877551017,0.5882352941176471,0.16393442622950818,17,0.0918918918918919,0.16393442622950818
0.32653061224489793,0.3877551020408163,0.5882352941176471,0.16393442622950818,17,0.0918918918918919,0.16393442622950818
0.32653061224489793,0.4081632653061224,0.5882352941176471,0.16393442622950818,17,0.0918918918918919,0.16393442622950818
0.32653061224489793,0.42857142857142855,0.5882352941176471,0.16393442622950818,17,0.0918918918918919,0.16393442622950818
0.32653061224489793,0.44897959183673464,0.5882352941176471,0.16393442622950818,17,0.0918918918918919,0.16393442622950818
0.32653061224489793,0.4693877551020408,0.5882352941176471,0.16393442622950818,17,0.0918918918918919,0.16393442622950818
0.32653061224489793,0.4897959183673469,0.5882352941176471,0.16393442622950818,17,0.0918918918918919,0.16393442622950818
0.32653061224489793,0.5102040816326531,0.5882352941176471,0.16393442622950818,17,0.0918918918918919,0.16393442622950818
0.32653061224489793,0.5306122448979591,0.5882352941176471,0.16393442622950818,17,0.0918918918918919,0.16393442622950818
0.32653061224489793,0.5510204081632653,0.5882352941176471,0.16393442622950818,17,0.0918918918918919,0.16393442622950818
0.32653061224489793,0.5714285714285714,0.5882352941176471,0.16393442622950818,17,0.0918918918918919,0.16393442622950818
0.32653061224489793,0.5918367346938775,0.5882352941176471,0.16393442622950818,17,0.0918918918918919,0.16393442622950818
0.32653061224489793,0.6122448979591836,0.5882352941176471,0.16393442622950818,17,0.0918918918918919,0.16393442622950818
0.32653061224489793,0.6326530612244897,0.5882352941176471,0.16393442622950818,17,0.0918918918918919,0.16393442622950818
0.32653061224489793,0.6530612244897959,0.5882352941176471,0.16393442622950818,17,0.0918918918918919,0.16393442622950818
0.32653061224489793,0.673469387755102,0.5882352941176471,0.16393442622950818,17,0.0918918918918919,0.16393442622950818
0.32653061224489793,0.6938775510204082,0.5882352941176471,0.16393442622950818,17,0.0918918918918919,0.16393442622950818
0.32653061224489793,0.7142857142857142,0.5882352941176471,0.16393442622950818,17,0.0918918918918919,0.16393442622950818
0.32653061224489793,0.7346938775510203,0.5882352941176471,0.16393442622950818,17,0.0918918918918919,0.16393442622950818
0.32653061224489793,0.7551020408163265,0.5555555555555556,0.16393442622950818,18,0.0972972972972973,0.16393442622950818
0.32653061224489793,0.7755102040816326,0.5555555555555556,0.16393442622950818,18,0.0972972972972973,0.16393442622950818
0.32653061224489793,0.7959183673469387,0.5555555555555556,0.16393442622950818,18,0.0972972972972973,0.16393442622950818
0.32653061224489793,0.8163265306122448,0.5789473684210527,0.18032786885245902,19,0.10270270270270271,0.18032786885245902
0.32653061224489793,0.836734693877551,0.5789473684210527,0.18032786885245902,19,0.10270270270270271,0.18032786885245902
0.32653061224489793,0.8571428571428571,0.5789473684210527,0.18032786885245902,19,0.10270270270270271,0.18032786885245902
0.32653061224489793,0.8775510204081632,0.5454545454545454,0.19672131147540983,22,0.11891891891891893,0.19672131147540983
0.32653061224489793,0.8979591836734693,0.5454545454545454,0.19672131147540983,22,0.11891891891891893,0.19672131147540983
0.32653061224489793,0.9183673469387754,0.5454545454545454,0.19672131147540983,22,0.11891891891891893,0.19672131147540983
0.32653061224489793,0.9387755102040816,0.5454545454545454,0.19672131147540983,22,0.11891891891891893,0.19672131147540983
0.32653061224489793,0.9591836734693877,0.5,0.47540983606557374,58,0.31351351351351353,0.47540983606557374
0.32653061224489793,0.9795918367346939,0.5,0.6885245901639344,84,0.4540540540540541,0.6885245901639344
0.32653061224489793,1.0,0.32972972972972975,1.0,185,1.0,1.0
0.3469387755102041,0.02040816326530612,0.5882352941176471,0.16393442622950818,17,0.0918918918918919,0.16393442622950818
0.3469387755102041,0.04081632653061224,0.5882352941176471,0.16393442622950818,17,0.0918918918918919,0.16393442622950818
0.3469387755102041,0.061224489795918366,0.5882352941176471,0.16393442622950818,17,0.0918918918918919,0.16393442622950818
0.3469387755102041,0.08163265306122448,0.5882352941176471,0.16393442622950818,17,0.0918918918918919,0.16393442622950818
0.3469387755102041,0.1020408163265306,0.5882352941176471,0.16393442622950818,17,0.0918918918918919,0.16393442622950818
0.3469387755102041,0.12244897959183673,0.5882352941176471,0.16393442622950818,17,0.0918918918918919,0.16393442622950818
0.3469387755102041,0.14285714285714285,0.5882352941176471,0.16393442622950818,17,0.0918918918918919,0.16393442622950818
0.3469387755102041,0.16326530612244897,0.5882352941176471,0.16393442622950818,17,0.0918918918918919,0.16393442622950818
0.3469387755102041,0.18367346938775508,0.5882352941176471,0.16393442622950818,17,0.0918918918918919,0.16393442622950818
0.3469387755102041,0.2040816326530612,0.5882352941176471,0.16393442622950818,17,0.0918918918918919,0.16393442622950818
0.3469387755102041,0.22448979591836732,0.5882352941176471,0.16393442622950818,17,0.0918918918918919,0.16393442622950818
0.3469387755102041,0.24489795918367346,0.5882352941176471,0.16393442622950818,17,0.0918918918918919,0.16393442622950818
0.3469387755102041,0.26530612244897955,0.5882352941176471,0.16393442622950818,17,0.0918918918918919,0.16393442622950818
0.3469387755102041,0.2857142857142857,0.5882352941176471,0.16393442622950818,17,0.0918918918918919,0.16393442622950818
0.3469387755102041,0.3061224489795918,0.5882352941176471,0.16393442622950818,17,0.0918918918918919,0.16393442622950818
0.3469387755102041,0.32653061224489793,0.5882352941176471,0.16393442622950818,17,0.0918918918918919,0.16393442622950818
0.3469387755102041,0.3469387755102041,0.5882352941176471,0.16393442622950818,17,0.0918918918918919,0.16393442622950818
0.3469387755102041,0.36734693877551017,0.5882352941176471,0.16393442622950818,17,0.0918918918918919,0.16393442622950818
0.3469387755102041,0.3877551020408163,0.5882352941176471,0.16393442622950818,17,0.0918918918918919,0.16393442622950818
0.3469387755102041,0.4081632653061224,0.5882352941176471,0.16393442622950818,17,0.0918918918918919,0.16393442622950818
0.3469387755102041,0.42857142857142855,0.5882352941176471,0.16393442622950818,17,0.0918918918918919,0.16393442622950818
0.3469387755102041,0.44897959183673464,0.5882352941176471,0.16393442622950818,17,0.0918918918918919,0.16393442622950818
0.3469387755102041,0.4693877551020408,0.5882352941176471,0.16393442622950818,17,0.0918918918918919,0.16393442622950818
0.3469387755102041,0.4897959183673469,0.5882352941176471,0.16393442622950818,17,0.0918918918918919,0.16393442622950818
0.3469387755102041,0.5102040816326531,0.5882352941176471,0.16393442622950818,17,0.0918918918918919,0.16393442622950818
0.3469387755102041,0.5306122448979591,0.5882352941176471,0.16393442622950818,17,0.0918918918918919,0.16393442622950818
0.3469387755102041,0.5510204081632653,0.5882352941176471,0.16393442622950818,17,0.0918918918918919,0.16393442622950818
0.3469387755102041,0.5714285714285714,0.5882352941176471,0.16393442622950818,17,0.0918918918918919,0.16393442622950818
0.3469387755102041,0.5918367346938775,0.5882352941176471,0.16393442622950818,17,0.0918918918918919,0.16393442622950818
0.3469387755102041,0.6122448979591836,0.5882352941176471,0.16393442622950818,17,0.0918918918918919,0.16393442622950818
0.3469387755102041,0.6326530612244897,0.5882352941176471,0.16393442622950818,17,0.0918918918918919,0.16393442622950818
0.3469387755102041,0.6530612244897959,0.5882352941176471,0.16393442622950818,17,0.0918918918918919,0.16393442622950818
0.3469387755102041,0.673469387755102,0.5882352941176471,0.16393442622950818,17,0.0918918918918919,0.16393442622950818
0.3469387755102041,0.6938775510204082,0.5882352941176471,0.16393442622950818,17,0.0918918918918919,0.16393442622950818
0.3469387755102041,0.7142857142857142,0.5882352941176471,0.16393442622950818,17,0.0918918918918919,0.16393442622950818
0.3469387755102041,0.7346938775510203,0.5882352941176471,0.16393442622950818,17,0.0918918918918919,0.16393442622950818
0.3469387755102041,0.7551020408163265,0.5555555555555556,0.16393442622950818,18,0.0972972972972973,0.16393442622950818
0.3469387755102041,0.7755102040816326,0.5555555555555556,0.16393442622950818,18,0.0972972972972973,0.16393442622950818
0.3469387755102041,0.7959183673469387,0.5555555555555556,0.16393442622950818,18,0.0972972972972973,0.16393442622950818
0.3469387755102041,0.8163265306122448,0.5789473684210527,0.18032786885245902,19,0.10270270270270271,0.18032786885245902
0.3469387755102041,0.836734693877551,0.5789473684210527,0.18032786885245902,19,0.10270270270270271,0.18032786885245902
0.3469387755102041,0.8571428571428571,0.5789473684210527,0.18032786885245902,19,0.10270270270270271,0.18032786885245902
0.3469387755102041,0.8775510204081632,0.5454545454545454,0.19672131147540983,22,0.11891891891891893,0.19672131147540983
0.3469387755102041,0.8979591836734693,0.5454545454545454,0.19672131147540983,22,0.11891891891891893,0.19672131147540983
0.3469387755102041,0.9183673469387754,0.5454545454545454,0.19672131147540983,22,0.11891891891891893,0.19672131147540983
0.3469387755102041,0.9387755102040816,0.5454545454545454,0.19672131147540983,22,0.11891891891891893,0.19672131147540983
0.3469387755102041,0.9591836734693877,0.5,0.47540983606557374,58,0.31351351351351353,0.47540983606557374
0.3469387755102041,0.9795918367346939,0.5,0.6885245901639344,84,0.4540540540540541,0.6885245901639344
0.3469387755102041,1.0,0.32972972972972975,1.0,185,1.0,1.0
0.36734693877551017,0.02040816326530612,0.5882352941176471,0.16393442622950818,17,0.0918918918918919,0.16393442622950818
0.36734693877551017,0.04081632653061224,0.5882352941176471,0.16393442622950818,17,0.0918918918918919,0.16393442622950818
0.36734693877551017,0.061224489795918366,0.5882352941176471,0.16393442622950818,17,0.0918918918918919,0.16393442622950818
0.36734693877551017,0.08163265306122448,0.5882352941176471,0.16393442622950818,17,0.0918918918918919,0.16393442622950818
0.36734693877551017,0.1020408163265306,0.5882352941176471,0.16393442622950818,17,0.0918918918918919,0.16393442622950818
0.36734693877551017,0.12244897959183673,0.5882352941176471,0.16393442622950818,17,0.0918918918918919,0.16393442622950818
0.36734693877551017,0.14285714285714285,0.5882352941176471,0.16393442622950818,17,0.0918918918918919,0.16393442622950818
0.36734693877551017,0.16326530612244897,0.5882352941176471,0.16393442622950818,17,0.0918918918918919,0.16393442622950818
0.36734693877551017,0.18367346938775508,0.5882352941176471,0.16393442622950818,17,0.0918918918918919,0.16393442622950818
0.36734693877551017,0.2040816326530612,0.5882352941176471,0.16393442622950818,17,0.0918918918918919,0.16393442622950818
0.36734693877551017,0.22448979591836732,0.5882352941176471,0.16393442622950818,17,0.0918918918918919,0.16393442622950818
0.36734693877551017,0.24489795918367346,0.5882352941176471,0.16393442622950818,17,0.0918918918918919,0.16393442622950818
0.36734693877551017,0.26530612244897955,0.5882352941176471,0.16393442622950818,17,0.0918918918918919,0.16393442622950818
0.36734693877551017,0.2857142857142857,0.5882352941176471,0.16393442622950818,17,0.0918918918918919,0.16393442622950818
0.36734693877551017,0.3061224489795918,0.5882352941176471,0.16393442622950818,17,0.0918918918918919,0.16393442622950818
0.36734693877551017,0.32653061224489793,0.5882352941176471,0.16393442622950818,17,0.0918918918918919,0.16393442622950818
0.36734693877551017,0.3469387755102041,0.5882352941176471,0.16393442622950818,17,0.0918918918918919,0.16393442622950818
0.36734693877551017,0.36734693877551017,0.5882352941176471,0.16393442622950818,17,0.0918918918918919,0.16393442622950818
0.36734693877551017,0.3877551020408163,0.5882352941176471,0.16393442622950818,17,0.0918918918918919,0.16393442622950818
0.36734693877551017,0.4081632653061224,0.5882352941176471,0.16393442622950818,17,0.0918918918918919,0.16393442622950818
0.36734693877551017,0.42857142857142855,0.5882352941176471,0.16393442622950818,17,0.0918918918918919,0.16393442622950818
0.36734693877551017,0.44897959183673464,0.5882352941176471,0.16393442622950818,17,0.0918918918918919,0.16393442622950818
0.36734693877551017,0.4693877551020408,0.5882352941176471,0.16393442622950818,17,0.0918918918918919,0.16393442622950818
0.36734693877551017,0.4897959183673469,0.5882352941176471,0.16393442622950818,17,0.0918918918918919,0.16393442622950818
0.36734693877551017,0.5102040816326531,0.5882352941176471,0.16393442622950818,17,0.0918918918918919,0.16393442622950818
0.36734693877551017,0.5306122448979591,0.5882352941176471,0.16393442622950818,17,0.0918918918918919,0.16393442622950818
0.36734693877551017,0.5510204081632653,0.5882352941176471,0.16393442622950818,17,0.0918918918918919,0.16393442622950818
0.36734693877551017,0.5714285714285714,0.5882352941176471,0.16393442622950818,17,0.0918918918918919,0.16393442622950818
0.36734693877551017,0.5918367346938775,0.5882352941176471,0.16393442622950818,17,0.0918918918918919,0.16393442622950818
0.36734693877551017,0.6122448979591836,0.5882352941176471,0.16393442622950818,17,0.0918918918918919,0.16393442622950818
0.36734693877551017,0.6326530612244897,0.5882352941176471,0.16393442622950818,17,0.0918918918918919,0.16393442622950818
0.36734693877551017,0.6530612244897959,0.5882352941176471,0.16393442622950818,17,0.0918918918918919,0.16393442622950818
0.36734693877551017,0.673469387755102,0.5882352941176471,0.16393442622950818,17,0.0918918918918919,0.16393442622950818
0.36734693877551017,0.6938775510204082,0.5882352941176471,0.16393442622950818,17,0.0918918918918919,0.16393442622950818
0.36734693877551017,0.7142857142857142,0.5882352941176471,0.16393442622950818,17,0.0918918918918919,0.16393442622950818
0.36734693877551017,0.7346938775510203,0.5882352941176471,0.16393442622950818,17,0.0918918918918919,0.16393442622950818
0.36734693877551017,0.7551020408163265,0.5555555555555556,0.16393442622950818,18,0.0972972972972973,0.16393442622950818
0.36734693877551017,0.7755102040816326,0.5555555555555556,0.16393442622950818,18,0.0972972972972973,0.16393442622950818
0.36734693877551017,0.7959183673469387,0.5555555555555556,0.16393442622950818,18,0.0972972972972973,0.16393442622950818
0.36734693877551017,0.8163265306122448,0.5789473684210527,0.18032786885245902,19,0.10270270270270271,0.18032786885245902
0.36734693877551017,0.836734693877551,0.5789473684210527,0.18032786885245902,19,0.10270270270270271,0.18032786885245902
0.36734693877551017,0.8571428571428571,0.5789473684210527,0.18032786885245902,19,0.10270270270270271,0.18032786885245902
0.36734693877551017,0.8775510204081632,0.5454545454545454,0.19672131147540983,22,0.11891891891891893,0.19672131147540983
0.36734693877551017,0.8979591836734693,0.5454545454545454,0.19672131147540983,22,0.11891891891891893,0.19672131147540983
0.36734693877551017,0.9183673469387754,0.5454545454545454,0.19672131147540983,22,0.11891891891891893,0.19672131147540983
0.36734693877551017,0.9387755102040816,0.5454545454545454,0.19672131147540983,22,0.11891891891891893,0.19672131147540983
0.36734693877551017,0.9591836734693877,0.4794520547945205,0.5737704918032787,73,0.3945945945945946,0.5737704918032787
0.36734693877551017,0.9795918367346939,0.5,0.6885245901639344,84,0.4540540540540541,0.6885245901639344
0.36734693877551017,1.0,0.32972972972972975,1.0,185,1.0,1.0
0.3877551020408163,0.02040816326530612,0.5882352941176471,0.16393442622950818,17,0.0918918918918919,0.16393442622950818
0.3877551020408163,0.04081632653061224,0.5882352941176471,0.16393442622950818,17,0.0918918918918919,0.16393442622950818
0.3877551020408163,0.061224489795918366,0.5882352941176471,0.16393442622950818,17,0.0918918918918919,0.16393442622950818
0.3877551020408163,0.08163265306122448,0.5882352941176471,0.16393442622950818,17,0.0918918918918919,0.16393442622950818
0.3877551020408163,0.1020408163265306,0.5882352941176471,0.16393442622950818,17,0.0918918918918919,0.16393442622950818
0.3877551020408163,0.12244897959183673,0.5882352941176471,0.16393442622950818,17,0.0918918918918919,0.16393442622950818
0.3877551020408163,0.14285714285714285,0.5882352941176471,0.16393442622950818,17,0.0918918918918919,0.16393442622950818
0.3877551020408163,0.16326530612244897,0.5882352941176471,0.16393442622950818,17,0.0918918918918919,0.16393442622950818
0.3877551020408163,0.18367346938775508,0.5882352941176471,0.16393442622950818,17,0.0918918918918919,0.16393442622950818
0.3877551020408163,0.2040816326530612,0.5882352941176471,0.16393442622950818,17,0.0918918918918919,0.16393442622950818
0.3877551020408163,0.22448979591836732,0.5882352941176471,0.16393442622950818,17,0.0918918918918919,0.16393442622950818
0.3877551020408163,0.24489795918367346,0.5882352941176471,0.16393442622950818,17,0.0918918918918919,0.16393442622950818
0.3877551020408163,0.26530612244897955,0.5882352941176471,0.16393442622950818,17,0.0918918918918919,0.16393442622950818
0.3877551020408163,0.2857142857142857,0.5882352941176471,0.16393442622950818,17,0.0918918918918919,0.16393442622950818
0.3877551020408163,0.3061224489795918,0.5882352941176471,0.16393442622950818,17,0.0918918918918919,0.16393442622950818
0.3877551020408163,0.32653061224489793,0.5882352941176471,0.16393442622950818,17,0.0918918918918919,0.16393442622950818
0.3877551020408163,0.3469387755102041,0.5882352941176471,0.16393442622950818,17,0.0918918918918919,0.16393442622950818
0.3877551020408163,0.36734693877551017,0.5882352941176471,0.16393442622950818,17,0.0918918918918919,0.16393442622950818
0.3877551020408163,0.3877551020408163,0.5882352941176471,0.16393442622950818,17,0.0918918918918919,0.16393442622950818
0.3877551020408163,0.4081632653061224,0.5882352941176471,0.16393442622950818,17,0.0918918918918919,0.16393442622950818
0.3877551020408163,0.42857142857142855,0.5882352941176471,0.16393442622950818,17,0.0918918918918919,0.16393442622950818
0.3877551020408163,0.44897959183673464,0.5882352941176471,0.16393442622950818,17,0.0918918918918919,0.16393442622950818
0.3877551020408163,0.4693877551020408,0.5882352941176471,0.16393442622950818,17,0.0918918918918919,0.16393442622950818
0.3877551020408163,0.4897959183673469,0.5882352941176471,0.16393442622950818,17,0.0918918918918919,0.16393442622950818
0.3877551020408163,0.5102040816326531,0.5882352941176471,0.16393442622950818,17,0.0918918918918919,0.16393442622950818
0.3877551020408163,0.5306122448979591,0.5882352941176471,0.16393442622950818,17,0.0918918918918919,0.16393442622950818
0.3877551020408163,0.5510204081632653,0.5882352941176471,0.16393442622950818,17,0.0918918918918919,0.16393442622950818
0.3877551020408163,0.5714285714285714,0.5882352941176471,0.16393442622950818,17,0.0918918918918919,0.16393442622950818
0.3877551020408163,0.5918367346938775,0.5882352941176471,0.16393442622950818,17,0.0918918918918919,0.16393442622950818
0.3877551020408163,0.6122448979591836,0.5882352941176471,0.16393442622950818,17,0.0918918918918919,0.16393442622950818
0.3877551020408163,0.6326530612244897,0.5882352941176471,0.16393442622950818,17,0.0918918918918919,0.16393442622950818
0.3877551020408163,0.6530612244897959,0.5882352941176471,0.16393442622950818,17,0.0918918918918919,0.16393442622950818
0.3877551020408163,0.673469387755102,0.5882352941176471,0.16393442622950818,17,0.0918918918918919,0.16393442622950818
0.3877551020408163,0.6938775510204082,0.5882352941176471,0.16393442622950818,17,0.0918918918918919,0.16393442622950818
0.3877551020408163,0.7142857142857142,0.5882352941176471,0.16393442622950818,17,0.0918918918918919,0.16393442622950818
0.3877551020408163,0.7346938775510203,0.5882352941176471,0.16393442622950818,17,0.0918918918918919,0.16393442622950818
0.3877551020408163,0.7551020408163265,0.5555555555555556,0.16393442622950818,18,0.0972972972972973,0.16393442622950818
0.3877551020408163,0.7755102040816326,0.5555555555555556,0.16393442622950818,18,0.0972972972972973,0.16393442622950818
0.3877551020408163,0.7959183673469387,0.5555555555555556,0.16393442622950818,18,0.0972972972972973,0.16393442622950818
0.3877551020408163,0.8163265306122448,0.5789473684210527,0.18032786885245902,19,0.10270270270270271,0.18032786885245902
0.3877551020408163,0.836734693877551,0.5789473684210527,0.18032786885245902,19,0.10270270270270271,0.18032786885245902
0.3877551020408163,0.8571428571428571,0.5789473684210527,0.18032786885245902,19,0.10270270270270271,0.18032786885245902
0.3877551020408163,0.8775510204081632,0.5454545454545454,0.19672131147540983,22,0.11891891891891893,0.19672131147540983
0.3877551020408163,0.8979591836734693,0.5454545454545454,0.19672131147540983,22,0.11891891891891893,0.19672131147540983
0.3877551020408163,0.9183673469387754,0.5454545454545454,0.19672131147540983,22,0.11891891891891893,0.19672131147540983
0.3877551020408163,0.9387755102040816,0.5454545454545454,0.19672131147540983,22,0.11891891891891893,0.19672131147540983
0.3877551020408163,0.9591836734693877,0.4794520547945205,0.5737704918032787,73,0.3945945945945946,0.5737704918032787
0.3877551020408163,0.9795918367346939,0.5,0.6885245901639344,84,0.4540540540540541,0.6885245901639344
0.3877551020408163,1.0,0.32972972972972975,1.0,185,1.0,1.0
0.4081632653061224,0.02040816326530612,0.55,0.18032786885245902,20,0.10810810810810811,0.18032786885245902
0.4081632653061224,0.04081632653061224,0.55,0.18032786885245902,20,0.10810810810810811,0.18032786885245902
0.4081632653061224,0.061224489795918366,0.55,0.18032786885245902,20,0.10810810810810811,0.18032786885245902
0.4081632653061224,0.08163265306122448,0.55,0.18032786885245902,20,0.10810810810810811,0.18032786885245902
0.4081632653061224,0.1020408163265306,0.55,0.18032786885245902,20,0.10810810810810811,0.18032786885245902
0.4081632653061224,0.12244897959183673,0.55,0.18032786885245902,20,0.10810810810810811,0.18032786885245902
0.4081632653061224,0.14285714285714285,0.55,0.18032786885245902,20,0.10810810810810811,0.18032786885245902
0.4081632653061224,0.16326530612244897,0.55,0.18032786885245902,20,0.10810810810810811,0.18032786885245902
0.4081632653061224,0.18367346938775508,0.55,0.18032786885245902,20,0.10810810810810811,0.18032786885245902
0.4081632653061224,0.2040816326530612,0.55,0.18032786885245902,20,0.10810810810810811,0.18032786885245902
0.4081632653061224,0.22448979591836732,0.55,0.18032786885245902,20,0.10810810810810811,0.18032786885245902
0.4081632653061224,0.24489795918367346,0.55,0.18032786885245902,20,0.10810810810810811,0.18032786885245902
0.4081632653061224,0.26530612244897955,0.55,0.18032786885245902,20,0.10810810810810811,0.18032786885245902
0.4081632653061224,0.2857142857142857,0.55,0.18032786885245902,20,0.10810810810810811,0.18032786885245902
0.4081632653061224,0.3061224489795918,0.55,0.18032786885245902,20,0.10810810810810811,0.18032786885245902
0.4081632653061224,0.32653061224489793,0.55,0.18032786885245902,20,0.10810810810810811,0.18032786885245902
0.4081632653061224,0.3469387755102041,0.55,0.18032786885245902,20,0.10810810810810811,0.18032786885245902
0.4081632653061224,0.36734693877551017,0.55,0.18032786885245902,20,0.10810810810810811,0.18032786885245902
0.4081632653061224,0.3877551020408163,0.55,0.18032786885245902,20,0.10810810810810811,0.18032786885245902
0.4081632653061224,0.4081632653061224,0.55,0.18032786885245902,20,0.10810810810810811,0.18032786885245902
0.4081632653061224,0.42857142857142855,0.55,0.18032786885245902,20,0.10810810810810811,0.18032786885245902
0.4081632653061224,0.44897959183673464,0.55,0.18032786885245902,20,0.10810810810810811,0.18032786885245902
0.4081632653061224,0.4693877551020408,0.55,0.18032786885245902,20,0.10810810810810811,0.18032786885245902
0.4081632653061224,0.4897959183673469,0.55,0.18032786885245902,20,0.10810810810810811,0.18032786885245902
0.4081632653061224,0.5102040816326531,0.55,0.18032786885245902,20,0.10810810810810811,0.18032786885245902
0.4081632653061224,0.5306122448979591,0.55,0.18032786885245902,20,0.10810810810810811,0.18032786885245902
0.4081632653061224,0.5510204081632653,0.55,0.18032786885245902,20,0.10810810810810811,0.18032786885245902
0.4081632653061224,0.5714285714285714,0.55,0.18032786885245902,20,0.10810810810810811,0.18032786885245902
0.4081632653061224,0.5918367346938775,0.55,0.18032786885245902,20,0.10810810810810811,0.18032786885245902
0.4081632653061224,0.6122448979591836,0.55,0.18032786885245902,20,0.10810810810810811,0.18032786885245902
0.4081632653061224,0.6326530612244897,0.55,0.18032786885245902,20,0.10810810810810811,0.18032786885245902
0.4081632653061224,0.6530612244897959,0.55,0.18032786885245902,20,0.10810810810810811,0.18032786885245902
0.4081632653061224,0.673469387755102,0.55,0.18032786885245902,20,0.10810810810810811,0.18032786885245902
0.4081632653061224,0.6938775510204082,0.55,0.18032786885245902,20,0.10810810810810811,0.18032786885245902
0.4081632653061224,0.7142857142857142,0.55,0.18032786885245902,20,0.10810810810810811,0.18032786885245902
0.4081632653061224,0.7346938775510203,0.55,0.18032786885245902,20,0.10810810810810811,0.18032786885245902
0.4081632653061224,0.7551020408163265,0.5238095238095238,0.18032786885245902,21,0.11351351351351352,0.18032786885245902
0.4081632653061224,0.7755102040816326,0.5238095238095238,0.18032786885245902,21,0.11351351351351352,0.18032786885245902
0.4081632653061224,0.7959183673469387,0.5238095238095238,0.18032786885245902,21,0.11351351351351352,0.18032786885245902
0.4081632653061224,0.8163265306122448,0.5454545454545454,0.19672131147540983,22,0.11891891891891893,0.19672131147540983
0.4081632653061224,0.836734693877551,0.5454545454545454,0.19672131147540983,22,0.11891891891891893,0.19672131147540983
0.4081632653061224,0.8571428571428571,0.5454545454545454,0.19672131147540983,22,0.11891891891891893,0.19672131147540983
0.4081632653061224,0.8775510204081632,0.5454545454545454,0.19672131147540983,22,0.11891891891891893,0.19672131147540983
0.4081632653061224,0.8979591836734693,0.5454545454545454,0.19672131147540983,22,0.11891891891891893,0.19672131147540983
0.4081632653061224,0.9183673469387754,0.5454545454545454,0.19672131147540983,22,0.11891891891891893,0.19672131147540983
0.4081632653061224,0.9387755102040816,0.5454545454545454,0.19672131147540983,22,0.11891891891891893,0.19672131147540983
0.4081632653061224,0.9591836734693877,0.4794520547945205,0.5737704918032787,73,0.3945945945945946,0.5737704918032787
0.4081632653061224,0.9795918367346939,0.5,0.6885245901639344,84,0.4540540540540541,0.6885245901639344
0.4081632653061224,1.0,0.32972972972972975,1.0,185,1.0,1.0
0.42857142857142855,0.02040816326530612,0.5238095238095238,0.18032786885245902,21,0.11351351351351352,0.18032786885245902
0.42857142857142855,0.04081632653061224,0.5238095238095238,0.18032786885245902,21,0.11351351351351352,0.18032786885245902
0.42857142857142855,0.061224489795918366,0.5238095238095238,0.18032786885245902,21,0.11351351351351352,0.18032786885245902
0.42857142857142855,0.08163265306122448,0.5238095238095238,0.18032786885245902,21,0.11351351351351352,0.18032786885245902
0.42857142857142855,0.1020408163265306,0.5238095238095238,0.18032786885245902,21,0.11351351351351352,0.18032786885245902
0.42857142857142855,0.12244897959183673,0.5238095238095238,0.18032786885245902,21,0.11351351351351352,0.18032786885245902
0.42857142857142855,0.14285714285714285,0.5238095238095238,0.18032786885245902,21,0.11351351351351352,0.18032786885245902
0.42857142857142855,0.16326530612244897,0.5238095238095238,0.18032786885245902,21,0.11351351351351352,0.18032786885245902
0.42857142857142855,0.18367346938775508,0.5238095238095238,0.18032786885245902,21,0.11351351351351352,0.18032786885245902
0.42857142857142855,0.2040816326530612,0.5238095238095238,0.18032786885245902,21,0.11351351351351352,0.18032786885245902
0.42857142857142855,0.22448979591836732,0.5238095238095238,0.18032786885245902,21,0.11351351351351352,0.18032786885245902
0.42857142857142855,0.24489795918367346,0.5238095238095238,0.18032786885245902,21,0.11351351351351352,0.18032786885245902
0.42857142857142855,0.26530612244897955,0.5238095238095238,0.18032786885245902,21,0.11351351351351352,0.18032786885245902
0.42857142857142855,0.2857142857142857,0.5238095238095238,0.18032786885245902,21,0.11351351351351352,0.18032786885245902
0.42857142857142855,0.3061224489795918,0.5238095238095238,0.18032786885245902,21,0.11351351351351352,0.18032786885245902
0.42857142857142855,0.32653061224489793,0.5238095238095238,0.18032786885245902,21,0.11351351351351352,0.18032786885245902
0.42857142857142855,0.3469387755102041,0.5238095238095238,0.18032786885245902,21,0.11351351351351352,0.18032786885245902
0.42857142857142855,0.36734693877551017,0.5238095238095238,0.18032786885245902,21,0.11351351351351352,0.18032786885245902
0.42857142857142855,0.3877551020408163,0.5238095238095238,0.18032786885245902,21,0.11351351351351352,0.18032786885245902
0.42857142857142855,0.4081632653061224,0.5238095238095238,0.18032786885245902,21,0.11351351351351352,0.18032786885245902
0.42857142857142855,0.42857142857142855,0.5238095238095238,0.18032786885245902,21,0.11351351351351352,0.18032786885245902
0.42857142857142855,0.44897959183673464,0.5238095238095238,0.18032786885245902,21,0.11351351351351352,0.18032786885245902
0.42857142857142855,0.4693877551020408,0.5238095238095238,0.18032786885245902,21,0.11351351351351352,0.18032786885245902
0.42857142857142855,0.4897959183673469,0.5238095238095238,0.18032786885245902,21,0.11351351351351352,0.18032786885245902
0.42857142857142855,0.5102040816326531,0.5238095238095238,0.18032786885245902,21,0.11351351351351352,0.18032786885245902
0.42857142857142855,0.5306122448979591,0.5238095238095238,0.18032786885245902,21,0.11351351351351352,0.18032786885245902
0.42857142857142855,0.5510204081632653,0.5238095238095238,0.18032786885245902,21,0.11351351351351352,0.18032786885245902
0.42857142857142855,0.5714285714285714,0.5238095238095238,0.18032786885245902,21,0.11351351351351352,0.18032786885245902
0.42857142857142855,0.5918367346938775,0.5238095238095238,0.18032786885245902,21,0.11351351351351352,0.18032786885245902
0.42857142857142855,0.6122448979591836,0.5238095238095238,0.18032786885245902,21,0.11351351351351352,0.18032786885245902
0.42857142857142855,0.6326530612244897,0.5238095238095238,0.18032786885245902,21,0.11351351351351352,0.18032786885245902
0.42857142857142855,0.6530612244897959,0.5238095238095238,0.18032786885245902,21,0.11351351351351352,0.18032786885245902
0.42857142857142855,0.673469387755102,0.5238095238095238,0.18032786885245902,21,0.11351351351351352,0.18032786885245902
0.42857142857142855,0.6938775510204082,0.5238095238095238,0.18032786885245902,21,0.11351351351351352,0.18032786885245902
0.42857142857142855,0.7142857142857142,0.5238095238095238,0.18032786885245902,21,0.11351351351351352,0.18032786885245902
0.42857142857142855,0.7346938775510203,0.5238095238095238,0.18032786885245902,21,0.11351351351351352,0.18032786885245902
0.42857142857142855,0.7551020408163265,0.5238095238095238,0.18032786885245902,21,0.11351351351351352,0.18032786885245902
0.42857142857142855,0.7755102040816326,0.5238095238095238,0.18032786885245902,21,0.11351351351351352,0.18032786885245902
0.42857142857142855,0.7959183673469387,0.5454545454545454,0.19672131147540983,22,0.11891891891891893,0.19672131147540983
0.42857142857142855,0.8163265306122448,0.5454545454545454,0.19672131147540983,22,0.11891891891891893,0.19672131147540983
0.42857142857142855,0.836734693877551,0.5454545454545454,0.19672131147540983,22,0.11891891891891893,0.19672131147540983
0.42857142857142855,0.8571428571428571,0.5454545454545454,0.19672131147540983,22,0.11891891891891893,0.19672131147540983
0.42857142857142855,0.8775510204081632,0.5454545454545454,0.19672131147540983,22,0.11891891891891893,0.19672131147540983
0.42857142857142855,0.8979591836734693,0.5454545454545454,0.19672131147540983,22,0.11891891891891893,0.19672131147540983
0.42857142857142855,0.9183673469387754,0.5454545454545454,0.19672131147540983,22,0.11891891891891893,0.19672131147540983
0.42857142857142855,0.9387755102040816,0.5454545454545454,0.19672131147540983,22,0.11891891891891893,0.19672131147540983
0.42857142857142855,0.9591836734693877,0.4794520547945205,0.5737704918032787,73,0.3945945945945946,0.5737704918032787
0.42857142857142855,0.9795918367346939,0.5,0.6885245901639344,84,0.4540540540540541,0.6885245901639344
0.42857142857142855,1.0,0.32972972972972975,1.0,185,1.0,1.0
0.44897959183673464,0.02040816326530612,0.5454545454545454,0.19672131147540983,22,0.11891891891891893,0.19672131147540983
0.44897959183673464,0.04081632653061224,0.5454545454545454,0.19672131147540983,22,0.11891891891891893,0.19672131147540983
0.44897959183673464,0.061224489795918366,0.5454545454545454,0.19672131147540983,22,0.11891891891891893,0.19672131147540983
0.44897959183673464,0.08163265306122448,0.5454545454545454,0.19672131147540983,22,0.11891891891891893,0.19672131147540983
0.44897959183673464,0.1020408163265306,0.5454545454545454,0.19672131147540983,22,0.11891891891891893,0.19672131147540983
0.44897959183673464,0.12244897959183673,0.5454545454545454,0.19672131147540983,22,0.11891891891891893,0.19672131147540983
0.44897959183673464,0.14285714285714285,0.5454545454545454,0.19672131147540983,22,0.11891891891891893,0.19672131147540983
0.44897959183673464,0.16326530612244897,0.5454545454545454,0.19672131147540983,22,0.11891891891891893,0.19672131147540983
0.44897959183673464,0.18367346938775508,0.5454545454545454,0.19672131147540983,22,0.11891891891891893,0.19672131147540983
0.44897959183673464,0.2040816326530612,0.5454545454545454,0.19672131147540983,22,0.11891891891891893,0.19672131147540983
0.44897959183673464,0.22448979591836732,0.5454545454545454,0.19672131147540983,22,0.11891891891891893,0.19672131147540983
0.44897959183673464,0.24489795918367346,0.5454545454545454,0.19672131147540983,22,0.11891891891891893,0.19672131147540983
0.44897959183673464,0.26530612244897955,0.5454545454545454,0.19672131147540983,22,0.11891891891891893,0.19672131147540983
0.44897959183673464,0.2857142857142857,0.5454545454545454,0.19672131147540983,22,0.11891891891891893,0.19672131147540983
0.44897959183673464,0.3061224489795918,0.5454545454545454,0.19672131147540983,22,0.11891891891891893,0.19672131147540983
0.44897959183673464,0.32653061224489793,0.5454545454545454,0.19672131147540983,22,0.11891891891891893,0.19672131147540983
0.44897959183673464,0.3469387755102041,0.5454545454545454,0.19672131147540983,22,0.11891891891891893,0.19672131147540983
0.44897959183673464,0.36734693877551017,0.5454545454545454,0.19672131147540983,22,0.11891891891891893,0.19672131147540983
0.44897959183673464,0.3877551020408163,0.5454545454545454,0.19672131147540983,22,0.11891891891891893,0.19672131147540983
0.44897959183673464,0.4081632653061224,0.5454545454545454,0.19672131147540983,22,0.11891891891891893,0.19672131147540983
0.44897959183673464,0.42857142857142855,0.5454545454545454,0.19672131147540983,22,0.11891891891891893,0.19672131147540983
0.44897959183673464,0.44897959183673464,0.5454545454545454,0.19672131147540983,22,0.11891891891891893,0.19672131147540983
0.44897959183673464,0.4693877551020408,0.5454545454545454,0.19672131147540983,22,0.11891891891891893,0.19672131147540983
0.44897959183673464,0.4897959183673469,0.5454545454545454,0.19672131147540983,22,0.11891891891891893,0.19672131147540983
0.44897959183673464,0.5102040816326531,0.5454545454545454,0.19672131147540983,22,0.11891891891891893,0.19672131147540983
0.44897959183673464,0.5306122448979591,0.5454545454545454,0.19672131147540983,22,0.11891891891891893,0.19672131147540983
0.44897959183673464,0.5510204081632653,0.5454545454545454,0.19672131147540983,22,0.11891891891891893,0.19672131147540983
0.44897959183673464,0.5714285714285714,0.5454545454545454,0.19672131147540983,22,0.11891891891891893,0.19672131147540983
0.44897959183673464,0.5918367346938775,0.5454545454545454,0.19672131147540983,22,0.11891891891891893,0.19672131147540983
0.44897959183673464,0.6122448979591836,0.5454545454545454,0.19672131147540983,22,0.11891891891891893,0.19672131147540983
0.44897959183673464,0.6326530612244897,0.5454545454545454,0.19672131147540983,22,0.11891891891891893,0.19672131147540983
0.44897959183673464,0.6530612244897959,0.5454545454545454,0.19672131147540983,22,0.11891891891891893,0.19672131147540983
0.44897959183673464,0.673469387755102,0.5454545454545454,0.19672131147540983,22,0.11891891891891893,0.19672131147540983
0.44897959183673464,0.6938775510204082,0.5454545454545454,0.19672131147540983,22,0.11891891891891893,0.19672131147540983
0.44897959183673464,0.7142857142857142,0.5454545454545454,0.19672131147540983,22,0.11891891891891893,0.19672131147540983
0.44897959183673464,0.7346938775510203,0.5454545454545454,0.19672131147540983,22,0.11891891891891893,0.19672131147540983
0.44897959183673464,0.7551020408163265,0.5454545454545454,0.19672131147540983,22,0.11891891891891893,0.19672131147540983
0.44897959183673464,0.7755102040816326,0.5454545454545454,0.19672131147540983,22,0.11891891891891893,0.19672131147540983
0.44897959183673464,0.7959183673469387,0.5454545454545454,0.19672131147540983,22,0.11891891891891893,0.19672131147540983
0.44897959183673464,0.8163265306122448,0.5454545454545454,0.19672131147540983,22,0.11891891891891893,0.19672131147540983
0.44897959183673464,0.836734693877551,0.5454545454545454,0.19672131147540983,22,0.11891891891891893,0.19672131147540983
0.44897959183673464,0.8571428571428571,0.5454545454545454,0.19672131147540983,22,0.11891891891891893,0.19672131147540983
0.44897959183673464,0.8775510204081632,0.5454545454545454,0.19672131147540983,22,0.11891891891891893,0.19672131147540983
0.44897959183673464,0.8979591836734693,0.5454545454545454,0.19672131147540983,22,0.11891891891891893,0.19672131147540983
0.44897959183673464,0.9183673469387754,0.5454545454545454,0.19672131147540983,22,0.11891891891891893,0.19672131147540983
0.44897959183673464,0.9387755102040816,0.5106382978723404,0.39344262295081966,47,0.25405405405405407,0.39344262295081966
0.44897959183673464,0.9591836734693877,0.4794520547945205,0.5737704918032787,73,0.3945945945945946,0.5737704918032787
0.44897959183673464,0.9795918367346939,0.5,0.6885245901639344,84,0.4540540540540541,0.6885245901639344
0.44897959183673464,1.0,0.32972972972972975,1.0,185,1.0,1.0
0.4693877551020408,0.02040816326530612,0.5454545454545454,0.19672131147540983,22,0.11891891891891893,0.19672131147540983
0.4693877551020408,0.04081632653061224,0.5454545454545454,0.19672131147540983,22,0.11891891891891893,0.19672131147540983
0.4693877551020408,0.061224489795918366,0.5454545454545454,0.19672131147540983,22,0.11891891891891893,0.19672131147540983
0.4693877551020408,0.08163265306122448,0.5454545454545454,0.19672131147540983,22,0.11891891891891893,0.19672131147540983
0.4693877551020408,0.1020408163265306,0.5454545454545454,0.19672131147540983,22,0.11891891891891893,0.19672131147540983
0.4693877551020408,0.12244897959183673,0.5454545454545454,0.19672131147540983,22,0.11891891891891893,0.19672131147540983
0.4693877551020408,0.14285714285714285,0.5454545454545454,0.19672131147540983,22,0.11891891891891893,0.19672131147540983
0.4693877551020408,0.16326530612244897,0.5454545454545454,0.19672131147540983,22,0.11891891891891893,0.19672131147540983
0.4693877551020408,0.18367346938775508,0.5454545454545454,0.19672131147540983,22,0.11891891891891893,0.19672131147540983
0.4693877551020408,0.2040816326530612,0.5454545454545454,0.19672131147540983,22,0.11891891891891893,0.19672131147540983
0.4693877551020408,0.22448979591836732,0.5454545454545454,0.19672131147540983,22,0.11891891891891893,0.19672131147540983
0.4693877551020408,0.24489795918367346,0.5454545454545454,0.19672131147540983,22,0.11891891891891893,0.19672131147540983
0.4693877551020408,0.26530612244897955,0.5454545454545454,0.19672131147540983,22,0.11891891891891893,0.19672131147540983
0.4693877551020408,0.2857142857142857,0.5454545454545454,0.19672131147540983,22,0.11891891891891893,0.19672131147540983
0.4693877551020408,0.3061224489795918,0.5454545454545454,0.19672131147540983,22,0.11891891891891893,0.19672131147540983
0.4693877551020408,0.32653061224489793,0.5454545454545454,0.19672131147540983,22,0.11891891891891893,0.19672131147540983
0.4693877551020408,0.3469387755102041,0.5454545454545454,0.19672131147540983,22,0.11891891891891893,0.19672131147540983
0.4693877551020408,0.36734693877551017,0.5454545454545454,0.19672131147540983,22,0.11891891891891893,0.19672131147540983
0.4693877551020408,0.3877551020408163,0.5454545454545454,0.19672131147540983,22,0.11891891891891893,0.19672131147540983
0.4693877551020408,0.4081632653061224,0.5454545454545454,0.19672131147540983,22,0.11891891891891893,0.19672131147540983
0.4693877551020408,0.42857142857142855,0.5454545454545454,0.19672131147540983,22,0.11891891891891893,0.19672131147540983
0.4693877551020408,0.44897959183673464,0.5454545454545454,0.19672131147540983,22,0.11891891891891893,0.19672131147540983
0.4693877551020408,0.4693877551020408,0.5454545454545454,0.19672131147540983,22,0.11891891891891893,0.19672131147540983
0.4693877551020408,0.4897959183673469,0.5454545454545454,0.19672131147540983,22,0.11891891891891893,0.19672131147540983
0.4693877551020408,0.5102040816326531,0.5454545454545454,0.19672131147540983,22,0.11891891891891893,0.19672131147540983
0.4693877551020408,0.5306122448979591,0.5454545454545454,0.19672131147540983,22,0.11891891891891893,0.19672131147540983
0.4693877551020408,0.5510204081632653,0.5454545454545454,0.19672131147540983,22,0.11891891891891893,0.19672131147540983
0.4693877551020408,0.5714285714285714,0.5454545454545454,0.19672131147540983,22,0.11891891891891893,0.19672131147540983
0.4693877551020408,0.5918367346938775,0.5454545454545454,0.19672131147540983,22,0.11891891891891893,0.19672131147540983
0.4693877551020408,0.6122448979591836,0.5454545454545454,0.19672131147540983,22,0.11891891891891893,0.19672131147540983
0.4693877551020408,0.6326530612244897,0.5454545454545454,0.19672131147540983,22,0.11891891891891893,0.19672131147540983
0.4693877551020408,0.6530612244897959,0.5454545454545454,0.19672131147540983,22,0.11891891891891893,0.19672131147540983
0.4693877551020408,0.673469387755102,0.5454545454545454,0.19672131147540983,22,0.11891891891891893,0.19672131147540983
0.4693877551020408,0.6938775510204082,0.5454545454545454,0.19672131147540983,22,0.11891891891891893,0.19672131147540983
0.4693877551020408,0.7142857142857142,0.5454545454545454,0.19672131147540983,22,0.11891891891891893,0.19672131147540983
0.4693877551020408,0.7346938775510203,0.5454545454545454,0.19672131147540983,22,0.11891891891891893,0.19672131147540983
0.4693877551020408,0.7551020408163265,0.5454545454545454,0.19672131147540983,22,0.11891891891891893,0.19672131147540983
0.4693877551020408,0.7755102040816326,0.5454545454545454,0.19672131147540983,22,0.11891891891891893,0.19672131147540983
0.4693877551020408,0.7959183673469387,0.5454545454545454,0.19672131147540983,22,0.11891891891891893,0.19672131147540983
0.4693877551020408,0.8163265306122448,0.5454545454545454,0.19672131147540983,22,0.11891891891891893,0.19672131147540983
0.4693877551020408,0.836734693877551,0.5454545454545454,0.19672131147540983,22,0.11891891891891893,0.19672131147540983
0.4693877551020408,0.8571428571428571,0.5454545454545454,0.19672131147540983,22,0.11891891891891893,0.19672131147540983
0.4693877551020408,0.8775510204081632,0.5454545454545454,0.19672131147540983,22,0.11891891891891893,0.19672131147540983
0.4693877551020408,0.8979591836734693,0.5454545454545454,0.19672131147540983,22,0.11891891891891893,0.19672131147540983
0.4693877551020408,0.9183673469387754,0.5454545454545454,0.19672131147540983,22,0.11891891891891893,0.19672131147540983
0.4693877551020408,0.9387755102040816,0.5106382978723404,0.39344262295081966,47,0.25405405405405407,0.39344262295081966
0.4693877551020408,0.9591836734693877,0.4794520547945205,0.5737704918032787,73,0.3945945945945946,0.5737704918032787
0.4693877551020408,0.9795918367346939,0.5,0.6885245901639344,84,0.4540540540540541,0.6885245901639344
0.4693877551020408,1.0,0.32972972972972975,1.0,185,1.0,1.0
0.4897959183673469,0.02040816326530612,0.45652173913043476,0.3442622950819672,46,0.24864864864864866,0.3442622950819672
0.4897959183673469,0.04081632653061224,0.45652173913043476,0.3442622950819672,46,0.24864864864864866,0.3442622950819672
0.4897959183673469,0.061224489795918366,0.45652173913043476,0.3442622950819672,46,0.24864864864864866,0.3442622950819672
0.4897959183673469,0.08163265306122448,0.45652173913043476,0.3442622950819672,46,0.24864864864864866,0.3442622950819672
0.4897959183673469,0.1020408163265306,0.45652173913043476,0.3442622950819672,46,0.24864864864864866,0.3442622950819672
0.4897959183673469,0.12244897959183673,0.45652173913043476,0.3442622950819672,46,0.24864864864864866,0.3442622950819672
0.4897959183673469,0.14285714285714285,0.45652173913043476,0.3442622950819672,46,0.24864864864864866,0.3442622950819672
0.4897959183673469,0.16326530612244897,0.45652173913043476,0.3442622950819672,46,0.24864864864864866,0.3442622950819672
0.4897959183673469,0.18367346938775508,0.45652173913043476,0.3442622950819672,46,0.24864864864864866,0.3442622950819672
0.4897959183673469,0.2040816326530612,0.45652173913043476,0.3442622950819672,46,0.24864864864864866,0.3442622950819672
0.4897959183673469,0.22448979591836732,0.45652173913043476,0.3442622950819672,46,0.24864864864864866,0.3442622950819672
0.4897959183673469,0.24489795918367346,0.45652173913043476,0.3442622950819672,46,0.24864864864864866,0.3442622950819672
0.4897959183673469,0.26530612244897955,0.45652173913043476,0.3442622950819672,46,0.24864864864864866,0.3442622950819672
0.4897959183673469,0.2857142857142857,0.45652173913043476,0.3442622950819672,46,0.24864864864864866,0.3442622950819672
0.4897959183673469,0.3061224489795918,0.45652173913043476,0.3442622950819672,46,0.24864864864864866,0.3442622950819672
0.4897959183673469,0.32653061224489793,0.45652173913043476,0.3442622950819672,46,0.24864864864864866,0.3442622950819672
0.4897959183673469,0.3469387755102041,0.45652173913043476,0.3442622950819672,46,0.24864864864864866,0.3442622950819672
0.4897959183673469,0.36734693877551017,0.45652173913043476,0.3442622950819672,46,0.24864864864864866,0.3442622950819672
0.4897959183673469,0.3877551020408163,0.45652173913043476,0.3442622950819672,46,0.24864864864864866,0.3442622950819672
0.4897959183673469,0.4081632653061224,0.45652173913043476,0.3442622950819672,46,0.24864864864864866,0.3442622950819672
0.4897959183673469,0.42857142857142855,0.45652173913043476,0.3442622950819672,46,0.24864864864864866,0.3442622950819672
0.4897959183673469,0.44897959183673464,0.45652173913043476,0.3442622950819672,46,0.24864864864864866,0.3442622950819672
0.4897959183673469,0.4693877551020408,0.45652173913043476,0.3442622950819672,46,0.24864864864864866,0.3442622950819672
0.4897959183673469,0.4897959183673469,0.45652173913043476,0.3442622950819672,46,0.24864864864864866,0.3442622950819672
0.4897959183673469,0.5102040816326531,0.45652173913043476,0.3442622950819672,46,0.24864864864864866,0.3442622950819672
0.4897959183673469,0.5306122448979591,0.45652173913043476,0.3442622950819672,46,0.24864864864864866,0.3442622950819672
0.4897959183673469,0.5510204081632653,0.45652173913043476,0.3442622950819672,46,0.24864864864864866,0.3442622950819672
0.4897959183673469,0.5714285714285714,0.45652173913043476,0.3442622950819672,46,0.24864864864864866,0.3442622950819672
0.4897959183673469,0.5918367346938775,0.45652173913043476,0.3442622950819672,46,0.24864864864864866,0.3442622950819672
0.4897959183673469,0.6122448979591836,0.45652173913043476,0.3442622950819672,46,0.24864864864864866,0.3442622950819672
0.4897959183673469,0.6326530612244897,0.45652173913043476,0.3442622950819672,46,0.24864864864864866,0.3442622950819672
0.4897959183673469,0.6530612244897959,0.45652173913043476,0.3442622950819672,46,0.24864864864864866,0.3442622950819672
0.4897959183673469,0.673469387755102,0.45652173913043476,0.3442622950819672,46,0.24864864864864866,0.3442622950819672
0.4897959183673469,0.6938775510204082,0.45652173913043476,0.3442622950819672,46,0.24864864864864866,0.3442622950819672
0.4897959183673469,0.7142857142857142,0.45652173913043476,0.3442622950819672,46,0.24864864864864866,0.3442622950819672
0.4897959183673469,0.7346938775510203,0.45652173913043476,0.3442622950819672,46,0.24864864864864866,0.3442622950819672
0.4897959183673469,0.7551020408163265,0.45652173913043476,0.3442622950819672,46,0.24864864864864866,0.3442622950819672
0.4897959183673469,0.7755102040816326,0.45652173913043476,0.3442622950819672,46,0.24864864864864866,0.3442622950819672
0.4897959183673469,0.7959183673469387,0.45652173913043476,0.3442622950819672,46,0.24864864864864866,0.3442622950819672
0.4897959183673469,0.8163265306122448,0.45652173913043476,0.3442622950819672,46,0.24864864864864866,0.3442622950819672
0.4897959183673469,0.836734693877551,0.45652173913043476,0.3442622950819672,46,0.24864864864864866,0.3442622950819672
0.4897959183673469,0.8571428571428571,0.45652173913043476,0.3442622950819672,46,0.24864864864864866,0.3442622950819672
0.4897959183673469,0.8775510204081632,0.45652173913043476,0.3442622950819672,46,0.24864864864864866,0.3442622950819672
0.4897959183673469,0.8979591836734693,0.45652173913043476,0.3442622950819672,46,0.24864864864864866,0.3442622950819672
0.4897959183673469,0.9183673469387754,0.45652173913043476,0.3442622950819672,46,0.24864864864864866,0.3442622950819672
0.4897959183673469,0.9387755102040816,0.47540983606557374,0.47540983606557374,61,0.32972972972972975,0.47540983606557374
0.4897959183673469,0.9591836734693877,0.4794520547945205,0.5737704918032787,73,0.3945945945945946,0.5737704918032787
0.4897959183673469,0.9795918367346939,0.5,0.6885245901639344,84,0.4540540540540541,0.6885245901639344
0.4897959183673469,1.0,0.32972972972972975,1.0,185,1.0,1.0
0.5102040816326531,0.02040816326530612,0.45652173913043476,0.3442622950819672,46,0.24864864864864866,0.3442622950819672
0.5102040816326531,0.04081632653061224,0.45652173913043476,0.3442622950819672,46,0.24864864864864866,0.3442622950819672
0.5102040816326531,0.061224489795918366,0.45652173913043476,0.3442622950819672,46,0.24864864864864866,0.3442622950819672
0.5102040816326531,0.08163265306122448,0.45652173913043476,0.3442622950819672,46,0.24864864864864866,0.3442622950819672
0.5102040816326531,0.1020408163265306,0.45652173913043476,0.3442622950819672,46,0.24864864864864866,0.3442622950819672
0.5102040816326531,0.12244897959183673,0.45652173913043476,0.3442622950819672,46,0.24864864864864866,0.3442622950819672
0.5102040816326531,0.14285714285714285,0.45652173913043476,0.3442622950819672,46,0.24864864864864866,0.3442622950819672
0.5102040816326531,0.16326530612244897,0.45652173913043476,0.3442622950819672,46,0.24864864864864866,0.3442622950819672
0.5102040816326531,0.18367346938775508,0.45652173913043476,0.3442622950819672,46,0.24864864864864866,0.3442622950819672
0.5102040816326531,0.2040816326530612,0.45652173913043476,0.3442622950819672,46,0.24864864864864866,0.3442622950819672
0.5102040816326531,0.22448979591836732,0.45652173913043476,0.3442622950819672,46,0.24864864864864866,0.3442622950819672
0.5102040816326531,0.24489795918367346,0.45652173913043476,0.3442622950819672,46,0.24864864864864866,0.3442622950819672
0.5102040816326531,0.26530612244897955,0.45652173913043476,0.3442622950819672,46,0.24864864864864866,0.3442622950819672
0.5102040816326531,0.2857142857142857,0.45652173913043476,0.3442622950819672,46,0.24864864864864866,0.3442622950819672
0.5102040816326531,0.3061224489795918,0.45652173913043476,0.3442622950819672,46,0.24864864864864866,0.3442622950819672
0.5102040816326531,0.32653061224489793,0.45652173913043476,0.3442622950819672,46,0.24864864864864866,0.3442622950819672
0.5102040816326531,0.3469387755102041,0.45652173913043476,0.3442622950819672,46,0.24864864864864866,0.3442622950819672
0.5102040816326531,0.36734693877551017,0.45652173913043476,0.3442622950819672,46,0.24864864864864866,0.3442622950819672
0.5102040816326531,0.3877551020408163,0.45652173913043476,0.3442622950819672,46,0.24864864864864866,0.3442622950819672
0.5102040816326531,0.4081632653061224,0.45652173913043476,0.3442622950819672,46,0.24864864864864866,0.3442622950819672
0.5102040816326531,0.42857142857142855,0.45652173913043476,0.3442622950819672,46,0.24864864864864866,0.3442622950819672
0.5102040816326531,0.44897959183673464,0.45652173913043476,0.3442622950819672,46,0.24864864864864866,0.3442622950819672
0.5102040816326531,0.4693877551020408,0.45652173913043476,0.3442622950819672,46,0.24864864864864866,0.3442622950819672
0.5102040816326531,0.4897959183673469,0.45652173913043476,0.3442622950819672,46,0.24864864864864866,0.3442622950819672
0.5102040816326531,0.5102040816326531,0.45652173913043476,0.3442622950819672,46,0.24864864864864866,0.3442622950819672
0.5102040816326531,0.5306122448979591,0.45652173913043476,0.3442622950819672,46,0.24864864864864866,0.3442622950819672
0.5102040816326531,0.5510204081632653,0.45652173913043476,0.3442622950819672,46,0.24864864864864866,0.3442622950819672
0.5102040816326531,0.5714285714285714,0.45652173913043476,0.3442622950819672,46,0.24864864864864866,0.3442622950819672
0.5102040816326531,0.5918367346938775,0.45652173913043476,0.3442622950819672,46,0.24864864864864866,0.3442622950819672
0.5102040816326531,0.6122448979591836,0.45652173913043476,0.3442622950819672,46,0.24864864864864866,0.3442622950819672
0.5102040816326531,0.6326530612244897,0.45652173913043476,0.3442622950819672,46,0.24864864864864866,0.3442622950819672
0.5102040816326531,0.6530612244897959,0.45652173913043476,0.3442622950819672,46,0.24864864864864866,0.3442622950819672
0.5102040816326531,0.673469387755102,0.45652173913043476,0.3442622950819672,46,0.24864864864864866,0.3442622950819672
0.5102040816326531,0.6938775510204082,0.45652173913043476,0.3442622950819672,46,0.24864864864864866,0.3442622950819672
0.5102040816326531,0.7142857142857142,0.45652173913043476,0.3442622950819672,46,0.24864864864864866,0.3442622950819672
0.5102040816326531,0.7346938775510203,0.45652173913043476,0.3442622950819672,46,0.24864864864864866,0.3442622950819672
0.5102040816326531,0.7551020408163265,0.45652173913043476,0.3442622950819672,46,0.24864864864864866,0.3442622950819672
0.5102040816326531,0.7755102040816326,0.45652173913043476,0.3442622950819672,46,0.24864864864864866,0.3442622950819672
0.5102040816326531,0.7959183673469387,0.45652173913043476,0.3442622950819672,46,0.24864864864864866,0.3442622950819672
0.5102040816326531,0.8163265306122448,0.45652173913043476,0.3442622950819672,46,0.24864864864864866,0.3442622950819672
0.5102040816326531,0.836734693877551,0.45652173913043476,0.3442622950819672,46,0.24864864864864866,0.3442622950819672
0.5102040816326531,0.8571428571428571,0.45652173913043476,0.3442622950819672,46,0.24864864864864866,0.3442622950819672
0.5102040816326531,0.8775510204081632,0.45652173913043476,0.3442622950819672,46,0.24864864864864866,0.3442622950819672
0.5102040816326531,0.8979591836734693,0.45652173913043476,0.3442622950819672,46,0.24864864864864866,0.3442622950819672
0.5102040816326531,0.9183673469387754,0.45652173913043476,0.3442622950819672,46,0.24864864864864866,0.3442622950819672
0.5102040816326531,0.9387755102040816,0.47540983606557374,0.47540983606557374,61,0.32972972972972975,0.47540983606557374
0.5102040816326531,0.9591836734693877,0.4794520547945205,0.5737704918032787,73,0.3945945945945946,0.5737704918032787
0.5102040816326531,0.9795918367346939,0.5,0.6885245901639344,84,0.4540540540540541,0.6885245901639344
0.5102040816326531,1.0,0.32972972972972975,1.0,185,1.0,1.0
0.5306122448979591,0.02040816326530612,0.45652173913043476,0.3442622950819672,46,0.24864864864864866,0.3442622950819672
0.5306122448979591,0.04081632653061224,0.45652173913043476,0.3442622950819672,46,0.24864864864864866,0.3442622950819672
0.5306122448979591,0.061224489795918366,0.45652173913043476,0.3442622950819672,46,0.24864864864864866,0.3442622950819672
0.5306122448979591,0.08163265306122448,0.45652173913043476,0.3442622950819672,46,0.24864864864864866,0.3442622950819672
0.5306122448979591,0.1020408163265306,0.45652173913043476,0.3442622950819672,46,0.24864864864864866,0.3442622950819672
0.5306122448979591,0.12244897959183673,0.45652173913043476,0.3442622950819672,46,0.24864864864864866,0.3442622950819672
0.5306122448979591,0.14285714285714285,0.45652173913043476,0.3442622950819672,46,0.24864864864864866,0.3442622950819672
0.5306122448979591,0.16326530612244897,0.45652173913043476,0.3442622950819672,46,0.24864864864864866,0.3442622950819672
0.5306122448979591,0.18367346938775508,0.45652173913043476,0.3442622950819672,46,0.24864864864864866,0.3442622950819672
0.5306122448979591,0.2040816326530612,0.45652173913043476,0.3442622950819672,46,0.24864864864864866,0.3442622950819672
0.5306122448979591,0.22448979591836732,0.45652173913043476,0.3442622950819672,46,0.24864864864864866,0.3442622950819672
0.5306122448979591,0.24489795918367346,0.45652173913043476,0.3442622950819672,46,0.24864864864864866,0.3442622950819672
0.5306122448979591,0.26530612244897955,0.45652173913043476,0.3442622950819672,46,0.24864864864864866,0.3442622950819672
0.5306122448979591,0.2857142857142857,0.45652173913043476,0.3442622950819672,46,0.24864864864864866,0.3442622950819672
0.5306122448979591,0.3061224489795918,0.45652173913043476,0.3442622950819672,46,0.24864864864864866,0.3442622950819672
0.5306122448979591,0.32653061224489793,0.45652173913043476,0.3442622950819672,46,0.24864864864864866,0.3442622950819672
0.5306122448979591,0.3469387755102041,0.45652173913043476,0.3442622950819672,46,0.24864864864864866,0.3442622950819672
0.5306122448979591,0.36734693877551017,0.45652173913043476,0.3442622950819672,46,0.24864864864864866,0.3442622950819672
0.5306122448979591,0.3877551020408163,0.45652173913043476,0.3442622950819672,46,0.24864864864864866,0.3442622950819672
0.5306122448979591,0.4081632653061224,0.45652173913043476,0.3442622950819672,46,0.24864864864864866,0.3442622950819672
0.5306122448979591,0.42857142857142855,0.45652173913043476,0.3442622950819672,46,0.24864864864864866,0.3442622950819672
0.5306122448979591,0.44897959183673464,0.45652173913043476,0.3442622950819672,46,0.24864864864864866,0.3442622950819672
0.5306122448979591,0.4693877551020408,0.45652173913043476,0.3442622950819672,46,0.24864864864864866,0.3442622950819672
0.5306122448979591,0.4897959183673469,0.45652173913043476,0.3442622950819672,46,0.24864864864864866,0.3442622950819672
0.5306122448979591,0.5102040816326531,0.45652173913043476,0.3442622950819672,46,0.24864864864864866,0.3442622950819672
0.5306122448979591,0.5306122448979591,0.45652173913043476,0.3442622950819672,46,0.24864864864864866,0.3442622950819672
0.5306122448979591,0.5510204081632653,0.45652173913043476,0.3442622950819672,46,0.24864864864864866,0.3442622950819672
0.5306122448979591,0.5714285714285714,0.45652173913043476,0.3442622950819672,46,0.24864864864864866,0.3442622950819672
0.5306122448979591,0.5918367346938775,0.45652173913043476,0.3442622950819672,46,0.24864864864864866,0.3442622950819672
0.5306122448979591,0.6122448979591836,0.45652173913043476,0.3442622950819672,46,0.24864864864864866,0.3442622950819672
0.5306122448979591,0.6326530612244897,0.45652173913043476,0.3442622950819672,46,0.24864864864864866,0.3442622950819672
0.5306122448979591,0.6530612244897959,0.45652173913043476,0.3442622950819672,46,0.24864864864864866,0.3442622950819672
0.5306122448979591,0.673469387755102,0.45652173913043476,0.3442622950819672,46,0.24864864864864866,0.3442622950819672
0.5306122448979591,0.6938775510204082,0.45652173913043476,0.3442622950819672,46,0.24864864864864866,0.3442622950819672
0.5306122448979591,0.7142857142857142,0.45652173913043476,0.3442622950819672,46,0.24864864864864866,0.3442622950819672
0.5306122448979591,0.7346938775510203,0.45652173913043476,0.3442622950819672,46,0.24864864864864866,0.3442622950819672
0.5306122448979591,0.7551020408163265,0.45652173913043476,0.3442622950819672,46,0.24864864864864866,0.3442622950819672
0.5306122448979591,0.7755102040816326,0.45652173913043476,0.3442622950819672,46,0.24864864864864866,0.3442622950819672
0.5306122448979591,0.7959183673469387,0.45652173913043476,0.3442622950819672,46,0.24864864864864866,0.3442622950819672
0.5306122448979591,0.8163265306122448,0.45652173913043476,0.3442622950819672,46,0.24864864864864866,0.3442622950819672
0.5306122448979591,0.836734693877551,0.45652173913043476,0.3442622950819672,46,0.24864864864864866,0.3442622950819672
0.5306122448979591,0.8571428571428571,0.45652173913043476,0.3442622950819672,46,0.24864864864864866,0.3442622950819672
0.5306122448979591,0.8775510204081632,0.45652173913043476,0.3442622950819672,46,0.24864864864864866,0.3442622950819672
0.5306122448979591,0.8979591836734693,0.45652173913043476,0.3442622950819672,46,0.24864864864864866,0.3442622950819672
0.5306122448979591,0.9183673469387754,0.45652173913043476,0.3442622950819672,46,0.24864864864864866,0.3442622950819672
0.5306122448979591,0.9387755102040816,0.47540983606557374,0.47540983606557374,61,0.32972972972972975,0.47540983606557374
0.5306122448979591,0.9591836734693877,0.4794520547945205,0.5737704918032787,73,0.3945945945945946,0.5737704918032787
0.5306122448979591,0.9795918367346939,0.5,0.6885245901639344,84,0.4540540540540541,0.6885245901639344
0.5306122448979591,1.0,0.32972972972972975,1.0,185,1.0,1.0
0.5510204081632653,0.02040816326530612,0.45652173913043476,0.3442622950819672,46,0.24864864864864866,0.3442622950819672
0.5510204081632653,0.04081632653061224,0.45652173913043476,0.3442622950819672,46,0.24864864864864866,0.3442622950819672
0.5510204081632653,0.061224489795918366,0.45652173913043476,0.3442622950819672,46,0.24864864864864866,0.3442622950819672
0.5510204081632653,0.08163265306122448,0.45652173913043476,0.3442622950819672,46,0.24864864864864866,0.3442622950819672
0.5510204081632653,0.1020408163265306,0.45652173913043476,0.3442622950819672,46,0.24864864864864866,0.3442622950819672
0.5510204081632653,0.12244897959183673,0.45652173913043476,0.3442622950819672,46,0.24864864864864866,0.3442622950819672
0.5510204081632653,0.14285714285714285,0.45652173913043476,0.3442622950819672,46,0.24864864864864866,0.3442622950819672
0.5510204081632653,0.16326530612244897,0.45652173913043476,0.3442622950819672,46,0.24864864864864866,0.3442622950819672
0.5510204081632653,0.18367346938775508,0.45652173913043476,0.3442622950819672,46,0.24864864864864866,0.3442622950819672
0.5510204081632653,0.2040816326530612,0.45652173913043476,0.3442622950819672,46,0.24864864864864866,0.3442622950819672
0.5510204081632653,0.22448979591836732,0.45652173913043476,0.3442622950819672,46,0.24864864864864866,0.3442622950819672
0.5510204081632653,0.24489795918367346,0.45652173913043476,0.3442622950819672,46,0.24864864864864866,0.3442622950819672
0.5510204081632653,0.26530612244897955,0.45652173913043476,0.3442622950819672,46,0.24864864864864866,0.3442622950819672
0.5510204081632653,0.2857142857142857,0.45652173913043476,0.3442622950819672,46,0.24864864864864866,0.3442622950819672
0.5510204081632653,0.3061224489795918,0.45652173913043476,0.3442622950819672,46,0.24864864864864866,0.3442622950819672
0.5510204081632653,0.32653061224489793,0.45652173913043476,0.3442622950819672,46,0.24864864864864866,0.3442622950819672
0.5510204081632653,0.3469387755102041,0.45652173913043476,0.3442622950819672,46,0.24864864864864866,0.3442622950819672
0.5510204081632653,0.36734693877551017,0.45652173913043476,0.3442622950819672,46,0.24864864864864866,0.3442622950819672
0.5510204081632653,0.3877551020408163,0.45652173913043476,0.3442622950819672,46,0.24864864864864866,0.3442622950819672
0.5510204081632653,0.4081632653061224,0.45652173913043476,0.3442622950819672,46,0.24864864864864866,0.3442622950819672
0.5510204081632653,0.42857142857142855,0.45652173913043476,0.3442622950819672,46,0.24864864864864866,0.3442622950819672
0.5510204081632653,0.44897959183673464,0.45652173913043476,0.3442622950819672,46,0.24864864864864866,0.3442622950819672
0.5510204081632653,0.4693877551020408,0.45652173913043476,0.3442622950819672,46,0.24864864864864866,0.3442622950819672
0.5510204081632653,0.4897959183673469,0.45652173913043476,0.3442622950819672,46,0.24864864864864866,0.3442622950819672
0.5510204081632653,0.5102040816326531,0.45652173913043476,0.3442622950819672,46,0.24864864864864866,0.3442622950819672
0.5510204081632653,0.5306122448979591,0.45652173913043476,0.3442622950819672,46,0.24864864864864866,0.3442622950819672
0.5510204081632653,0.5510204081632653,0.45652173913043476,0.3442622950819672,46,0.24864864864864866,0.3442622950819672
0.5510204081632653,0.5714285714285714,0.45652173913043476,0.3442622950819672,46,0.24864864864864866,0.3442622950819672
0.5510204081632653,0.5918367346938775,0.45652173913043476,0.3442622950819672,46,0.24864864864864866,0.3442622950819672
0.5510204081632653,0.6122448979591836,0.45652173913043476,0.3442622950819672,46,0.24864864864864866,0.3442622950819672
0.5510204081632653,0.6326530612244897,0.45652173913043476,0.3442622950819672,46,0.24864864864864866,0.3442622950819672
0.5510204081632653,0.6530612244897959,0.45652173913043476,0.3442622950819672,46,0.24864864864864866,0.3442622950819672
0.5510204081632653,0.673469387755102,0.45652173913043476,0.3442622950819672,46,0.24864864864864866,0.3442622950819672
0.5510204081632653,0.6938775510204082,0.45652173913043476,0.3442622950819672,46,0.24864864864864866,0.3442622950819672
0.5510204081632653,0.7142857142857142,0.45652173913043476,0.3442622950819672,46,0.24864864864864866,0.3442622950819672
0.5510204081632653,0.7346938775510203,0.45652173913043476,0.3442622950819672,46,0.24864864864864866,0.3442622950819672
0.5510204081632653,0.7551020408163265,0.45652173913043476,0.3442622950819672,46,0.24864864864864866,0.3442622950819672
0.5510204081632653,0.7755102040816326,0.45652173913043476,0.3442622950819672,46,0.24864864864864866,0.3442622950819672
0.5510204081632653,0.7959183673469387,0.45652173913043476,0.3442622950819672,46,0.24864864864864866,0.3442622950819672
0.5510204081632653,0.8163265306122448,0.45652173913043476,0.3442622950819672,46,0.24864864864864866,0.3442622950819672
0.5510204081632653,0.836734693877551,0.45652173913043476,0.3442622950819672,46,0.24864864864864866,0.3442622950819672
0.5510204081632653,0.8571428571428571,0.45652173913043476,0.3442622950819672,46,0.24864864864864866,0.3442622950819672
0.5510204081632653,0.8775510204081632,0.45652173913043476,0.3442622950819672,46,0.24864864864864866,0.3442622950819672
0.5510204081632653,0.8979591836734693,0.45652173913043476,0.3442622950819672,46,0.24864864864864866,0.3442622950819672
0.5510204081632653,0.9183673469387754,0.45652173913043476,0.3442622950819672,46,0.24864864864864866,0.3442622950819672
0.5510204081632653,0.9387755102040816,0.4794520547945205,0.5737704918032787,73,0.3945945945945946,0.5737704918032787
0.5510204081632653,0.9591836734693877,0.4794520547945205,0.5737704918032787,73,0.3945945945945946,0.5737704918032787
0.5510204081632653,0.9795918367346939,0.5,0.6885245901639344,84,0.4540540540540541,0.6885245901639344
0.5510204081632653,1.0,0.32972972972972975,1.0,185,1.0,1.0
0.5714285714285714,0.02040816326530612,0.45652173913043476,0.3442622950819672,46,0.24864864864864866,0.3442622950819672
0.5714285714285714,0.04081632653061224,0.45652173913043476,0.3442622950819672,46,0.24864864864864866,0.3442622950819672
0.5714285714285714,0.061224489795918366,0.45652173913043476,0.3442622950819672,46,0.24864864864864866,0.3442622950819672
0.5714285714285714,0.08163265306122448,0.45652173913043476,0.3442622950819672,46,0.24864864864864866,0.3442622950819672
0.5714285714285714,0.1020408163265306,0.45652173913043476,0.3442622950819672,46,0.24864864864864866,0.3442622950819672
0.5714285714285714,0.12244897959183673,0.45652173913043476,0.3442622950819672,46,0.24864864864864866,0.3442622950819672
0.5714285714285714,0.14285714285714285,0.45652173913043476,0.3442622950819672,46,0.24864864864864866,0.3442622950819672
0.5714285714285714,0.16326530612244897,0.45652173913043476,0.3442622950819672,46,0.24864864864864866,0.3442622950819672
0.5714285714285714,0.18367346938775508,0.45652173913043476,0.3442622950819672,46,0.24864864864864866,0.3442622950819672
0.5714285714285714,0.2040816326530612,0.45652173913043476,0.3442622950819672,46,0.24864864864864866,0.3442622950819672
0.5714285714285714,0.22448979591836732,0.45652173913043476,0.3442622950819672,46,0.24864864864864866,0.3442622950819672
0.5714285714285714,0.24489795918367346,0.45652173913043476,0.3442622950819672,46,0.24864864864864866,0.3442622950819672
0.5714285714285714,0.26530612244897955,0.45652173913043476,0.3442622950819672,46,0.24864864864864866,0.3442622950819672
0.5714285714285714,0.2857142857142857,0.45652173913043476,0.3442622950819672,46,0.24864864864864866,0.3442622950819672
0.5714285714285714,0.3061224489795918,0.45652173913043476,0.3442622950819672,46,0.24864864864864866,0.3442622950819672
0.5714285714285714,0.32653061224489793,0.45652173913043476,0.3442622950819672,46,0.24864864864864866,0.3442622950819672
0.5714285714285714,0.3469387755102041,0.45652173913043476,0.3442622950819672,46,0.24864864864864866,0.3442622950819672
0.5714285714285714,0.36734693877551017,0.45652173913043476,0.3442622950819672,46,0.24864864864864866,0.3442622950819672
0.5714285714285714,0.3877551020408163,0.45652173913043476,0.3442622950819672,46,0.24864864864864866,0.3442622950819672
0.5714285714285714,0.4081632653061224,0.45652173913043476,0.3442622950819672,46,0.24864864864864866,0.3442622950819672
0.5714285714285714,0.42857142857142855,0.45652173913043476,0.3442622950819672,46,0.24864864864864866,0.3442622950819672
0.5714285714285714,0.44897959183673464,0.45652173913043476,0.3442622950819672,46,0.24864864864864866,0.3442622950819672
0.5714285714285714,0.4693877551020408,0.45652173913043476,0.3442622950819672,46,0.24864864864864866,0.3442622950819672
0.5714285714285714,0.4897959183673469,0.45652173913043476,0.3442622950819672,46,0.24864864864864866,0.3442622950819672
0.5714285714285714,0.5102040816326531,0.45652173913043476,0.3442622950819672,46,0.24864864864864866,0.3442622950819672
0.5714285714285714,0.5306122448979591,0.45652173913043476,0.3442622950819672,46,0.24864864864864866,0.3442622950819672
0.5714285714285714,0.5510204081632653,0.45652173913043476,0.3442622950819672,46,0.24864864864864866,0.3442622950819672
0.5714285714285714,0.5714285714285714,0.45652173913043476,0.3442622950819672,46,0.24864864864864866,0.3442622950819672
0.5714285714285714,0.5918367346938775,0.45652173913043476,0.3442622950819672,46,0.24864864864864866,0.3442622950819672
0.5714285714285714,0.6122448979591836,0.45652173913043476,0.3442622950819672,46,0.24864864864864866,0.3442622950819672
0.5714285714285714,0.6326530612244897,0.45652173913043476,0.3442622950819672,46,0.24864864864864866,0.3442622950819672
0.5714285714285714,0.6530612244897959,0.45652173913043476,0.3442622950819672,46,0.24864864864864866,0.3442622950819672
0.5714285714285714,0.673469387755102,0.45652173913043476,0.3442622950819672,46,0.24864864864864866,0.3442622950819672
0.5714285714285714,0.6938775510204082,0.45652173913043476,0.3442622950819672,46,0.24864864864864866,0.3442622950819672
0.5714285714285714,0.7142857142857142,0.45652173913043476,0.3442622950819672,46,0.24864864864864866,0.3442622950819672
0.5714285714285714,0.7346938775510203,0.45652173913043476,0.3442622950819672,46,0.24864864864864866,0.3442622950819672
0.5714285714285714,0.7551020408163265,0.45652173913043476,0.3442622950819672,46,0.24864864864864866,0.3442622950819672
0.5714285714285714,0.7755102040816326,0.45652173913043476,0.3442622950819672,46,0.24864864864864866,0.3442622950819672
0.5714285714285714,0.7959183673469387,0.45652173913043476,0.3442622950819672,46,0.24864864864864866,0.3442622950819672
0.5714285714285714,0.8163265306122448,0.45652173913043476,0.3442622950819672,46,0.24864864864864866,0.3442622950819672
0.5714285714285714,0.836734693877551,0.45652173913043476,0.3442622950819672,46,0.24864864864864866,0.3442622950819672
0.5714285714285714,0.8571428571428571,0.45652173913043476,0.3442622950819672,46,0.24864864864864866,0.3442622950819672
0.5714285714285714,0.8775510204081632,0.45652173913043476,0.3442622950819672,46,0.24864864864864866,0.3442622950819672
0.5714285714285714,0.8979591836734693,0.45652173913043476,0.3442622950819672,46,0.24864864864864866,0.3442622950819672
0.5714285714285714,0.9183673469387754,0.45652173913043476,0.3442622950819672,46,0.24864864864864866,0.3442622950819672
0.5714285714285714,0.9387755102040816,0.4794520547945205,0.5737704918032787,73,0.3945945945945946,0.5737704918032787
0.5714285714285714,0.9591836734693877,0.4794520547945205,0.5737704918032787,73,0.3945945945945946,0.5737704918032787
0.5714285714285714,0.9795918367346939,0.4854368932038835,0.819672131147541,103,0.5567567567567567,0.819672131147541
0.5714285714285714,1.0,0.32972972972972975,1.0,185,1.0,1.0
0.5918367346938775,0.02040816326530612,0.45652173913043476,0.3442622950819672,46,0.24864864864864866,0.3442622950819672
0.5918367346938775,0.04081632653061224,0.45652173913043476,0.3442622950819672,46,0.24864864864864866,0.3442622950819672
0.5918367346938775,0.061224489795918366,0.45652173913043476,0.3442622950819672,46,0.24864864864864866,0.3442622950819672
0.5918367346938775,0.08163265306122448,0.45652173913043476,0.3442622950819672,46,0.24864864864864866,0.3442622950819672
0.5918367346938775,0.1020408163265306,0.45652173913043476,0.3442622950819672,46,0.24864864864864866,0.3442622950819672
0.5918367346938775,0.12244897959183673,0.45652173913043476,0.3442622950819672,46,0.24864864864864866,0.3442622950819672
0.5918367346938775,0.14285714285714285,0.45652173913043476,0.3442622950819672,46,0.24864864864864866,0.3442622950819672
0.5918367346938775,0.16326530612244897,0.45652173913043476,0.3442622950819672,46,0.24864864864864866,0.3442622950819672
0.5918367346938775,0.18367346938775508,0.45652173913043476,0.3442622950819672,46,0.24864864864864866,0.3442622950819672
0.5918367346938775,0.2040816326530612,0.45652173913043476,0.3442622950819672,46,0.24864864864864866,0.3442622950819672
0.5918367346938775,0.22448979591836732,0.45652173913043476,0.3442622950819672,46,0.24864864864864866,0.3442622950819672
0.5918367346938775,0.24489795918367346,0.45652173913043476,0.3442622950819672,46,0.24864864864864866,0.3442622950819672
0.5918367346938775,0.26530612244897955,0.45652173913043476,0.3442622950819672,46,0.24864864864864866,0.3442622950819672
0.5918367346938775,0.2857142857142857,0.45652173913043476,0.3442622950819672,46,0.24864864864864866,0.3442622950819672
0.5918367346938775,0.3061224489795918,0.45652173913043476,0.3442622950819672,46,0.24864864864864866,0.3442622950819672
0.5918367346938775,0.32653061224489793,0.45652173913043476,0.3442622950819672,46,0.24864864864864866,0.3442622950819672
0.5918367346938775,0.3469387755102041,0.45652173913043476,0.3442622950819672,46,0.24864864864864866,0.3442622950819672
0.5918367346938775,0.36734693877551017,0.45652173913043476,0.3442622950819672,46,0.24864864864864866,0.3442622950819672
0.5918367346938775,0.3877551020408163,0.45652173913043476,0.3442622950819672,46,0.24864864864864866,0.3442622950819672
0.5918367346938775,0.4081632653061224,0.45652173913043476,0.3442622950819672,46,0.24864864864864866,0.3442622950819672
0.5918367346938775,0.42857142857142855,0.45652173913043476,0.3442622950819672,46,0.24864864864864866,0.3442622950819672
0.5918367346938775,0.44897959183673464,0.45652173913043476,0.3442622950819672,46,0.24864864864864866,0.3442622950819672
0.5918367346938775,0.4693877551020408,0.45652173913043476,0.3442622950819672,46,0.24864864864864866,0.3442622950819672
0.5918367346938775,0.4897959183673469,0.45652173913043476,0.3442622950819672,46,0.24864864864864866,0.3442622950819672
0.5918367346938775,0.5102040816326531,0.45652173913043476,0.3442622950819672,46,0.24864864864864866,0.3442622950819672
0.5918367346938775,0.5306122448979591,0.45652173913043476,0.3442622950819672,46,0.24864864864864866,0.3442622950819672
0.5918367346938775,0.5510204081632653,0.45652173913043476,0.3442622950819672,46,0.24864864864864866,0.3442622950819672
0.5918367346938775,0.5714285714285714,0.45652173913043476,0.3442622950819672,46,0.24864864864864866,0.3442622950819672
0.5918367346938775,0.5918367346938775,0.45652173913043476,0.3442622950819672,46,0.24864864864864866,0.3442622950819672
0.5918367346938775,0.6122448979591836,0.45652173913043476,0.3442622950819672,46,0.24864864864864866,0.3442622950819672
0.5918367346938775,0.6326530612244897,0.45652173913043476,0.3442622950819672,46,0.24864864864864866,0.3442622950819672
0.5918367346938775,0.6530612244897959,0.45652173913043476,0.3442622950819672,46,0.24864864864864866,0.3442622950819672
0.5918367346938775,0.673469387755102,0.45652173913043476,0.3442622950819672,46,0.24864864864864866,0.3442622950819672
0.5918367346938775,0.6938775510204082,0.45652173913043476,0.3442622950819672,46,0.24864864864864866,0.3442622950819672
0.5918367346938775,0.7142857142857142,0.45652173913043476,0.3442622950819672,46,0.24864864864864866,0.3442622950819672
0.5918367346938775,0.7346938775510203,0.45652173913043476,0.3442622950819672,46,0.24864864864864866,0.3442622950819672
0.5918367346938775,0.7551020408163265,0.45652173913043476,0.3442622950819672,46,0.24864864864864866,0.3442622950819672
0.5918367346938775,0.7755102040816326,0.45652173913043476,0.3442622950819672,46,0.24864864864864866,0.3442622950819672
0.5918367346938775,0.7959183673469387,0.45652173913043476,0.3442622950819672,46,0.24864864864864866,0.3442622950819672
0.5918367346938775,0.8163265306122448,0.45652173913043476,0.3442622950819672,46,0.24864864864864866,0.3442622950819672
0.5918367346938775,0.836734693877551,0.45652173913043476,0.3442622950819672,46,0.24864864864864866,0.3442622950819672
0.5918367346938775,0.8571428571428571,0.45652173913043476,0.3442622950819672,46,0.24864864864864866,0.3442622950819672
0.5918367346938775,0.8775510204081632,0.45652173913043476,0.3442622950819672,46,0.24864864864864866,0.3442622950819672
0.5918367346938775,0.8979591836734693,0.45652173913043476,0.3442622950819672,46,0.24864864864864866,0.3442622950819672
0.5918367346938775,0.9183673469387754,0.45652173913043476,0.3442622950819672,46,0.24864864864864866,0.3442622950819672
0.5918367346938775,0.9387755102040816,0.4794520547945205,0.5737704918032787,73,0.3945945945945946,0.5737704918032787
0.5918367346938775,0.9591836734693877,0.4794520547945205,0.5737704918032787,73,0.3945945945945946,0.5737704918032787
0.5918367346938775,0.9795918367346939,0.4854368932038835,0.819672131147541,103,0.5567567567567567,0.819672131147541
0.5918367346938775,1.0,0.32972972972972975,1.0,185,1.0,1.0
0.6122448979591836,0.02040816326530612,0.45652173913043476,0.3442622950819672,46,0.24864864864864866,0.3442622950819672
0.6122448979591836,0.04081632653061224,0.45652173913043476,0.3442622950819672,46,0.24864864864864866,0.3442622950819672
0.6122448979591836,0.061224489795918366,0.45652173913043476,0.3442622950819672,46,0.24864864864864866,0.3442622950819672
0.6122448979591836,0.08163265306122448,0.45652173913043476,0.3442622950819672,46,0.24864864864864866,0.3442622950819672
0.6122448979591836,0.1020408163265306,0.45652173913043476,0.3442622950819672,46,0.24864864864864866,0.3442622950819672
0.6122448979591836,0.12244897959183673,0.45652173913043476,0.3442622950819672,46,0.24864864864864866,0.3442622950819672
0.6122448979591836,0.14285714285714285,0.45652173913043476,0.3442622950819672,46,0.24864864864864866,0.3442622950819672
0.6122448979591836,0.16326530612244897,0.45652173913043476,0.3442622950819672,46,0.24864864864864866,0.3442622950819672
0.6122448979591836,0.18367346938775508,0.45652173913043476,0.3442622950819672,46,0.24864864864864866,0.3442622950819672
0.6122448979591836,0.2040816326530612,0.45652173913043476,0.3442622950819672,46,0.24864864864864866,0.3442622950819672
0.6122448979591836,0.22448979591836732,0.45652173913043476,0.3442622950819672,46,0.24864864864864866,0.3442622950819672
0.6122448979591836,0.24489795918367346,0.45652173913043476,0.3442622950819672,46,0.24864864864864866,0.3442622950819672
0.6122448979591836,0.26530612244897955,0.45652173913043476,0.3442622950819672,46,0.24864864864864866,0.3442622950819672
0.6122448979591836,0.2857142857142857,0.45652173913043476,0.3442622950819672,46,0.24864864864864866,0.3442622950819672
0.6122448979591836,0.3061224489795918,0.45652173913043476,0.3442622950819672,46,0.24864864864864866,0.3442622950819672
0.6122448979591836,0.32653061224489793,0.45652173913043476,0.3442622950819672,46,0.24864864864864866,0.3442622950819672
0.6122448979591836,0.3469387755102041,0.45652173913043476,0.3442622950819672,46,0.24864864864864866,0.3442622950819672
0.6122448979591836,0.36734693877551017,0.45652173913043476,0.3442622950819672,46,0.24864864864864866,0.3442622950819672
0.6122448979591836,0.3877551020408163,0.45652173913043476,0.3442622950819672,46,0.24864864864864866,0.3442622950819672
0.6122448979591836,0.4081632653061224,0.45652173913043476,0.3442622950819672,46,0.24864864864864866,0.3442622950819672
0.6122448979591836,0.42857142857142855,0.45652173913043476,0.3442622950819672,46,0.24864864864864866,0.3442622950819672
0.6122448979591836,0.44897959183673464,0.45652173913043476,0.3442622950819672,46,0.24864864864864866,0.3442622950819672
0.6122448979591836,0.4693877551020408,0.45652173913043476,0.3442622950819672,46,0.24864864864864866,0.3442622950819672
0.6122448979591836,0.4897959183673469,0.45652173913043476,0.3442622950819672,46,0.24864864864864866,0.3442622950819672
0.6122448979591836,0.5102040816326531,0.45652173913043476,0.3442622950819672,46,0.24864864864864866,0.3442622950819672
0.6122448979591836,0.5306122448979591,0.45652173913043476,0.3442622950819672,46,0.24864864864864866,0.3442622950819672
0.6122448979591836,0.5510204081632653,0.45652173913043476,0.3442622950819672,46,0.24864864864864866,0.3442622950819672
0.6122448979591836,0.5714285714285714,0.45652173913043476,0.3442622950819672,46,0.24864864864864866,0.3442622950819672
0.6122448979591836,0.5918367346938775,0.45652173913043476,0.3442622950819672,46,0.24864864864864866,0.3442622950819672
0.6122448979591836,0.6122448979591836,0.45652173913043476,0.3442622950819672,46,0.24864864864864866,0.3442622950819672
0.6122448979591836,0.6326530612244897,0.45652173913043476,0.3442622950819672,46,0.24864864864864866,0.3442622950819672
0.6122448979591836,0.6530612244897959,0.45652173913043476,0.3442622950819672,46,0.24864864864864866,0.3442622950819672
0.6122448979591836,0.673469387755102,0.45652173913043476,0.3442622950819672,46,0.24864864864864866,0.3442622950819672
0.6122448979591836,0.6938775510204082,0.45652173913043476,0.3442622950819672,46,0.24864864864864866,0.3442622950819672
0.6122448979591836,0.7142857142857142,0.45652173913043476,0.3442622950819672,46,0.24864864864864866,0.3442622950819672
0.6122448979591836,0.7346938775510203,0.45652173913043476,0.3442622950819672,46,0.24864864864864866,0.3442622950819672
0.6122448979591836,0.7551020408163265,0.45652173913043476,0.3442622950819672,46,0.24864864864864866,0.3442622950819672
0.6122448979591836,0.7755102040816326,0.45652173913043476,0.3442622950819672,46,0.24864864864864866,0.3442622950819672
0.6122448979591836,0.7959183673469387,0.45652173913043476,0.3442622950819672,46,0.24864864864864866,0.3442622950819672
0.6122448979591836,0.8163265306122448,0.45652173913043476,0.3442622950819672,46,0.24864864864864866,0.3442622950819672
0.6122448979591836,0.836734693877551,0.45652173913043476,0.3442622950819672,46,0.24864864864864866,0.3442622950819672
0.6122448979591836,0.8571428571428571,0.45652173913043476,0.3442622950819672,46,0.24864864864864866,0.3442622950819672
0.6122448979591836,0.8775510204081632,0.45652173913043476,0.3442622950819672,46,0.24864864864864866,0.3442622950819672
0.6122448979591836,0.8979591836734693,0.45652173913043476,0.3442622950819672,46,0.24864864864864866,0.3442622950819672
0.6122448979591836,0.9183673469387754,0.45652173913043476,0.3442622950819672,46,0.24864864864864866,0.3442622950819672
0.6122448979591836,0.9387755102040816,0.4794520547945205,0.5737704918032787,73,0.3945945945945946,0.5737704918032787
0.6122448979591836,0.9591836734693877,0.4794520547945205,0.5737704918032787,73,0.3945945945945946,0.5737704918032787
0.6122448979591836,0.9795918367346939,0.4854368932038835,0.819672131147541,103,0.5567567567567567,0.819672131147541
0.6122448979591836,1.0,0.32972972972972975,1.0,185,1.0,1.0
0.6326530612244897,0.02040816326530612,0.45652173913043476,0.3442622950819672,46,0.24864864864864866,0.3442622950819672
0.6326530612244897,0.04081632653061224,0.45652173913043476,0.3442622950819672,46,0.24864864864864866,0.3442622950819672
0.6326530612244897,0.061224489795918366,0.45652173913043476,0.3442622950819672,46,0.24864864864864866,0.3442622950819672
0.6326530612244897,0.08163265306122448,0.45652173913043476,0.3442622950819672,46,0.24864864864864866,0.3442622950819672
0.6326530612244897,0.1020408163265306,0.45652173913043476,0.3442622950819672,46,0.24864864864864866,0.3442622950819672
0.6326530612244897,0.12244897959183673,0.45652173913043476,0.3442622950819672,46,0.24864864864864866,0.3442622950819672
0.6326530612244897,0.14285714285714285,0.45652173913043476,0.3442622950819672,46,0.24864864864864866,0.3442622950819672
0.6326530612244897,0.16326530612244897,0.45652173913043476,0.3442622950819672,46,0.24864864864864866,0.3442622950819672
0.6326530612244897,0.18367346938775508,0.45652173913043476,0.3442622950819672,46,0.24864864864864866,0.3442622950819672
0.6326530612244897,0.2040816326530612,0.45652173913043476,0.3442622950819672,46,0.24864864864864866,0.3442622950819672
0.6326530612244897,0.22448979591836732,0.45652173913043476,0.3442622950819672,46,0.24864864864864866,0.3442622950819672
0.6326530612244897,0.24489795918367346,0.45652173913043476,0.3442622950819672,46,0.24864864864864866,0.3442622950819672
0.6326530612244897,0.26530612244897955,0.45652173913043476,0.3442622950819672,46,0.24864864864864866,0.3442622950819672
0.6326530612244897,0.2857142857142857,0.45652173913043476,0.3442622950819672,46,0.24864864864864866,0.3442622950819672
0.6326530612244897,0.3061224489795918,0.45652173913043476,0.3442622950819672,46,0.24864864864864866,0.3442622950819672
0.6326530612244897,0.32653061224489793,0.45652173913043476,0.3442622950819672,46,0.24864864864864866,0.3442622950819672
0.6326530612244897,0.3469387755102041,0.45652173913043476,0.3442622950819672,46,0.24864864864864866,0.3442622950819672
0.6326530612244897,0.36734693877551017,0.45652173913043476,0.3442622950819672,46,0.24864864864864866,0.3442622950819672
0.6326530612244897,0.3877551020408163,0.45652173913043476,0.3442622950819672,46,0.24864864864864866,0.3442622950819672
0.6326530612244897,0.4081632653061224,0.45652173913043476,0.3442622950819672,46,0.24864864864864866,0.3442622950819672
0.6326530612244897,0.42857142857142855,0.45652173913043476,0.3442622950819672,46,0.24864864864864866,0.3442622950819672
0.6326530612244897,0.44897959183673464,0.45652173913043476,0.3442622950819672,46,0.24864864864864866,0.3442622950819672
0.6326530612244897,0.4693877551020408,0.45652173913043476,0.3442622950819672,46,0.24864864864864866,0.3442622950819672
0.6326530612244897,0.4897959183673469,0.45652173913043476,0.3442622950819672,46,0.24864864864864866,0.3442622950819672
0.6326530612244897,0.5102040816326531,0.45652173913043476,0.3442622950819672,46,0.24864864864864866,0.3442622950819672
0.6326530612244897,0.5306122448979591,0.45652173913043476,0.3442622950819672,46,0.24864864864864866,0.3442622950819672
0.6326530612244897,0.5510204081632653,0.45652173913043476,0.3442622950819672,46,0.24864864864864866,0.3442622950819672
0.6326530612244897,0.5714285714285714,0.45652173913043476,0.3442622950819672,46,0.24864864864864866,0.3442622950819672
0.6326530612244897,0.5918367346938775,0.45652173913043476,0.3442622950819672,46,0.24864864864864866,0.3442622950819672
0.6326530612244897,0.6122448979591836,0.45652173913043476,0.3442622950819672,46,0.24864864864864866,0.3442622950819672
0.6326530612244897,0.6326530612244897,0.45652173913043476,0.3442622950819672,46,0.24864864864864866,0.3442622950819672
0.6326530612244897,0.6530612244897959,0.45652173913043476,0.3442622950819672,46,0.24864864864864866,0.3442622950819672
0.6326530612244897,0.673469387755102,0.45652173913043476,0.3442622950819672,46,0.24864864864864866,0.3442622950819672
0.6326530612244897,0.6938775510204082,0.45652173913043476,0.3442622950819672,46,0.24864864864864866,0.3442622950819672
0.6326530612244897,0.7142857142857142,0.45652173913043476,0.3442622950819672,46,0.24864864864864866,0.3442622950819672
0.6326530612244897,0.7346938775510203,0.45652173913043476,0.3442622950819672,46,0.24864864864864866,0.3442622950819672
0.6326530612244897,0.7551020408163265,0.45652173913043476,0.3442622950819672,46,0.24864864864864866,0.3442622950819672
0.6326530612244897,0.7755102040816326,0.45652173913043476,0.3442622950819672,46,0.24864864864864866,0.3442622950819672
0.6326530612244897,0.7959183673469387,0.45652173913043476,0.3442622950819672,46,0.24864864864864866,0.3442622950819672
0.6326530612244897,0.8163265306122448,0.45652173913043476,0.3442622950819672,46,0.24864864864864866,0.3442622950819672
0.6326530612244897,0.836734693877551,0.45652173913043476,0.3442622950819672,46,0.24864864864864866,0.3442622950819672
0.6326530612244897,0.8571428571428571,0.45652173913043476,0.3442622950819672,46,0.24864864864864866,0.3442622950819672
0.6326530612244897,0.8775510204081632,0.45652173913043476,0.3442622950819672,46,0.24864864864864866,0.3442622950819672
0.6326530612244897,0.8979591836734693,0.45652173913043476,0.3442622950819672,46,0.24864864864864866,0.3442622950819672
0.6326530612244897,0.9183673469387754,0.45652173913043476,0.3442622950819672,46,0.24864864864864866,0.3442622950819672
0.6326530612244897,0.9387755102040816,0.4794520547945205,0.5737704918032787,73,0.3945945945945946,0.5737704918032787
0.6326530612244897,0.9591836734693877,0.4794520547945205,0.5737704918032787,73,0.3945945945945946,0.5737704918032787
0.6326530612244897,0.9795918367346939,0.4854368932038835,0.819672131147541,103,0.5567567567567567,0.819672131147541
0.6326530612244897,1.0,0.32972972972972975,1.0,185,1.0,1.0
0.6530612244897959,0.02040816326530612,0.45652173913043476,0.3442622950819672,46,0.24864864864864866,0.3442622950819672
0.6530612244897959,0.04081632653061224,0.45652173913043476,0.3442622950819672,46,0.24864864864864866,0.3442622950819672
0.6530612244897959,0.061224489795918366,0.45652173913043476,0.3442622950819672,46,0.24864864864864866,0.3442622950819672
0.6530612244897959,0.08163265306122448,0.45652173913043476,0.3442622950819672,46,0.24864864864864866,0.3442622950819672
0.6530612244897959,0.1020408163265306,0.45652173913043476,0.3442622950819672,46,0.24864864864864866,0.3442622950819672
0.6530612244897959,0.12244897959183673,0.45652173913043476,0.3442622950819672,46,0.24864864864864866,0.3442622950819672
0.6530612244897959,0.14285714285714285,0.45652173913043476,0.3442622950819672,46,0.24864864864864866,0.3442622950819672
0.6530612244897959,0.16326530612244897,0.45652173913043476,0.3442622950819672,46,0.24864864864864866,0.3442622950819672
0.6530612244897959,0.18367346938775508,0.45652173913043476,0.3442622950819672,46,0.24864864864864866,0.3442622950819672
0.6530612244897959,0.2040816326530612,0.45652173913043476,0.3442622950819672,46,0.24864864864864866,0.3442622950819672
0.6530612244897959,0.22448979591836732,0.45652173913043476,0.3442622950819672,46,0.24864864864864866,0.3442622950819672
0.6530612244897959,0.24489795918367346,0.45652173913043476,0.3442622950819672,46,0.24864864864864866,0.3442622950819672
0.6530612244897959,0.26530612244897955,0.45652173913043476,0.3442622950819672,46,0.24864864864864866,0.3442622950819672
0.6530612244897959,0.2857142857142857,0.45652173913043476,0.3442622950819672,46,0.24864864864864866,0.3442622950819672
0.6530612244897959,0.3061224489795918,0.45652173913043476,0.3442622950819672,46,0.24864864864864866,0.3442622950819672
0.6530612244897959,0.32653061224489793,0.45652173913043476,0.3442622950819672,46,0.24864864864864866,0.3442622950819672
0.6530612244897959,0.3469387755102041,0.45652173913043476,0.3442622950819672,46,0.24864864864864866,0.3442622950819672
0.6530612244897959,0.36734693877551017,0.45652173913043476,0.3442622950819672,46,0.24864864864864866,0.3442622950819672
0.6530612244897959,0.3877551020408163,0.45652173913043476,0.3442622950819672,46,0.24864864864864866,0.3442622950819672
0.6530612244897959,0.4081632653061224,0.45652173913043476,0.3442622950819672,46,0.24864864864864866,0.3442622950819672
0.6530612244897959,0.42857142857142855,0.45652173913043476,0.3442622950819672,46,0.24864864864864866,0.3442622950819672
0.6530612244897959,0.44897959183673464,0.45652173913043476,0.3442622950819672,46,0.24864864864864866,0.3442622950819672
0.6530612244897959,0.4693877551020408,0.45652173913043476,0.3442622950819672,46,0.24864864864864866,0.3442622950819672
0.6530612244897959,0.4897959183673469,0.45652173913043476,0.3442622950819672,46,0.24864864864864866,0.3442622950819672
0.6530612244897959,0.5102040816326531,0.45652173913043476,0.3442622950819672,46,0.24864864864864866,0.3442622950819672
0.6530612244897959,0.5306122448979591,0.45652173913043476,0.3442622950819672,46,0.24864864864864866,0.3442622950819672
0.6530612244897959,0.5510204081632653,0.45652173913043476,0.3442622950819672,46,0.24864864864864866,0.3442622950819672
0.6530612244897959,0.5714285714285714,0.45652173913043476,0.3442622950819672,46,0.24864864864864866,0.3442622950819672
0.6530612244897959,0.5918367346938775,0.45652173913043476,0.3442622950819672,46,0.24864864864864866,0.3442622950819672
0.6530612244897959,0.6122448979591836,0.45652173913043476,0.3442622950819672,46,0.24864864864864866,0.3442622950819672
0.6530612244897959,0.6326530612244897,0.45652173913043476,0.3442622950819672,46,0.24864864864864866,0.3442622950819672
0.6530612244897959,0.6530612244897959,0.45652173913043476,0.3442622950819672,46,0.24864864864864866,0.3442622950819672
0.6530612244897959,0.673469387755102,0.45652173913043476,0.3442622950819672,46,0.24864864864864866,0.3442622950819672
0.6530612244897959,0.6938775510204082,0.45652173913043476,0.3442622950819672,46,0.24864864864864866,0.3442622950819672
0.6530612244897959,0.7142857142857142,0.45652173913043476,0.3442622950819672,46,0.24864864864864866,0.3442622950819672
0.6530612244897959,0.7346938775510203,0.45652173913043476,0.3442622950819672,46,0.24864864864864866,0.3442622950819672
0.6530612244897959,0.7551020408163265,0.45652173913043476,0.3442622950819672,46,0.24864864864864866,0.3442622950819672
0.6530612244897959,0.7755102040816326,0.45652173913043476,0.3442622950819672,46,0.24864864864864866,0.3442622950819672
0.6530612244897959,0.7959183673469387,0.45652173913043476,0.3442622950819672,46,0.24864864864864866,0.3442622950819672
0.6530612244897959,0.8163265306122448,0.45652173913043476,0.3442622950819672,46,0.24864864864864866,0.3442622950819672
0.6530612244897959,0.836734693877551,0.45652173913043476,0.3442622950819672,46,0.24864864864864866,0.3442622950819672
0.6530612244897959,0.8571428571428571,0.45652173913043476,0.3442622950819672,46,0.24864864864864866,0.3442622950819672
0.6530612244897959,0.8775510204081632,0.45652173913043476,0.3442622950819672,46,0.24864864864864866,0.3442622950819672
0.6530612244897959,0.8979591836734693,0.45652173913043476,0.3442622950819672,46,0.24864864864864866,0.3442622950819672
0.6530612244897959,0.9183673469387754,0.45652173913043476,0.3442622950819672,46,0.24864864864864866,0.3442622950819672
0.6530612244897959,0.9387755102040816,0.4794520547945205,0.5737704918032787,73,0.3945945945945946,0.5737704918032787
0.6530612244897959,0.9591836734693877,0.4794520547945205,0.5737704918032787,73,0.3945945945945946,0.5737704918032787
0.6530612244897959,0.9795918367346939,0.4854368932038835,0.819672131147541,103,0.5567567567567567,0.819672131147541
0.6530612244897959,1.0,0.32972972972972975,1.0,185,1.0,1.0
0.673469387755102,0.02040816326530612,0.45652173913043476,0.3442622950819672,46,0.24864864864864866,0.3442622950819672
0.673469387755102,0.04081632653061224,0.45652173913043476,0.3442622950819672,46,0.24864864864864866,0.3442622950819672
0.673469387755102,0.061224489795918366,0.45652173913043476,0.3442622950819672,46,0.24864864864864866,0.3442622950819672
0.673469387755102,0.08163265306122448,0.45652173913043476,0.3442622950819672,46,0.24864864864864866,0.3442622950819672
0.673469387755102,0.1020408163265306,0.45652173913043476,0.3442622950819672,46,0.24864864864864866,0.3442622950819672
0.673469387755102,0.12244897959183673,0.45652173913043476,0.3442622950819672,46,0.24864864864864866,0.3442622950819672
0.673469387755102,0.14285714285714285,0.45652173913043476,0.3442622950819672,46,0.24864864864864866,0.3442622950819672
0.673469387755102,0.16326530612244897,0.45652173913043476,0.3442622950819672,46,0.24864864864864866,0.3442622950819672
0.673469387755102,0.18367346938775508,0.45652173913043476,0.3442622950819672,46,0.24864864864864866,0.3442622950819672
0.673469387755102,0.2040816326530612,0.45652173913043476,0.3442622950819672,46,0.24864864864864866,0.3442622950819672
0.673469387755102,0.22448979591836732,0.45652173913043476,0.3442622950819672,46,0.24864864864864866,0.3442622950819672
0.673469387755102,0.24489795918367346,0.45652173913043476,0.3442622950819672,46,0.24864864864864866,0.3442622950819672
0.673469387755102,0.26530612244897955,0.45652173913043476,0.3442622950819672,46,0.24864864864864866,0.3442622950819672
0.673469387755102,0.2857142857142857,0.45652173913043476,0.3442622950819672,46,0.24864864864864866,0.3442622950819672
0.673469387755102,0.3061224489795918,0.45652173913043476,0.3442622950819672,46,0.24864864864864866,0.3442622950819672
0.673469387755102,0.32653061224489793,0.45652173913043476,0.3442622950819672,46,0.24864864864864866,0.3442622950819672
0.673469387755102,0.3469387755102041,0.45652173913043476,0.3442622950819672,46,0.24864864864864866,0.3442622950819672
0.673469387755102,0.36734693877551017,0.45652173913043476,0.3442622950819672,46,0.24864864864864866,0.3442622950819672
0.673469387755102,0.3877551020408163,0.45652173913043476,0.3442622950819672,46,0.24864864864864866,0.3442622950819672
0.673469387755102,0.4081632653061224,0.45652173913043476,0.3442622950819672,46,0.24864864864864866,0.3442622950819672
0.673469387755102,0.42857142857142855,0.45652173913043476,0.3442622950819672,46,0.24864864864864866,0.3442622950819672
0.673469387755102,0.44897959183673464,0.45652173913043476,0.3442622950819672,46,0.24864864864864866,0.3442622950819672
0.673469387755102,0.4693877551020408,0.45652173913043476,0.3442622950819672,46,0.24864864864864866,0.3442622950819672
0.673469387755102,0.4897959183673469,0.45652173913043476,0.3442622950819672,46,0.24864864864864866,0.3442622950819672
0.673469387755102,0.5102040816326531,0.45652173913043476,0.3442622950819672,46,0.24864864864864866,0.3442622950819672
0.673469387755102,0.5306122448979591,0.45652173913043476,0.3442622950819672,46,0.24864864864864866,0.3442622950819672
0.673469387755102,0.5510204081632653,0.45652173913043476,0.3442622950819672,46,0.24864864864864866,0.3442622950819672
0.673469387755102,0.5714285714285714,0.45652173913043476,0.3442622950819672,46,0.24864864864864866,0.3442622950819672
0.673469387755102,0.5918367346938775,0.45652173913043476,0.3442622950819672,46,0.24864864864864866,0.3442622950819672
0.673469387755102,0.6122448979591836,0.45652173913043476,0.3442622950819672,46,0.24864864864864866,0.3442622950819672
0.673469387755102,0.6326530612244897,0.45652173913043476,0.3442622950819672,46,0.24864864864864866,0.3442622950819672
0.673469387755102,0.6530612244897959,0.45652173913043476,0.3442622950819672,46,0.24864864864864866,0.3442622950819672
0.673469387755102,0.673469387755102,0.45652173913043476,0.3442622950819672,46,0.24864864864864866,0.3442622950819672
0.673469387755102,0.6938775510204082,0.45652173913043476,0.3442622950819672,46,0.24864864864864866,0.3442622950819672
0.673469387755102,0.7142857142857142,0.45652173913043476,0.3442622950819672,46,0.24864864864864866,0.3442622950819672
0.673469387755102,0.7346938775510203,0.45652173913043476,0.3442622950819672,46,0.24864864864864866,0.3442622950819672
0.673469387755102,0.7551020408163265,0.45652173913043476,0.3442622950819672,46,0.24864864864864866,0.3442622950819672
0.673469387755102,0.7755102040816326,0.45652173913043476,0.3442622950819672,46,0.24864864864864866,0.3442622950819672
0.673469387755102,0.7959183673469387,0.45652173913043476,0.3442622950819672,46,0.24864864864864866,0.3442622950819672
0.673469387755102,0.8163265306122448,0.45652173913043476,0.3442622950819672,46,0.24864864864864866,0.3442622950819672
0.673469387755102,0.836734693877551,0.45652173913043476,0.3442622950819672,46,0.24864864864864866,0.3442622950819672
0.673469387755102,0.8571428571428571,0.45652173913043476,0.3442622950819672,46,0.24864864864864866,0.3442622950819672
0.673469387755102,0.8775510204081632,0.45652173913043476,0.3442622950819672,46,0.24864864864864866,0.3442622950819672
0.673469387755102,0.8979591836734693,0.45652173913043476,0.3442622950819672,46,0.24864864864864866,0.3442622950819672
0.673469387755102,0.9183673469387754,0.45652173913043476,0.3442622950819672,46,0.24864864864864866,0.3442622950819672
0.673469387755102,0.9387755102040816,0.4794520547945205,0.5737704918032787,73,0.3945945945945946,0.5737704918032787
0.673469387755102,0.9591836734693877,0.4794520547945205,0.5737704918032787,73,0.3945945945945946,0.5737704918032787
0.673469387755102,0.9795918367346939,0.4854368932038835,0.819672131147541,103,0.5567567567567567,0.819672131147541
0.673469387755102,1.0,0.32972972972972975,1.0,185,1.0,1.0
0.6938775510204082,0.02040816326530612,0.45652173913043476,0.3442622950819672,46,0.24864864864864866,0.3442622950819672
0.6938775510204082,0.04081632653061224,0.45652173913043476,0.3442622950819672,46,0.24864864864864866,0.3442622950819672
0.6938775510204082,0.061224489795918366,0.45652173913043476,0.3442622950819672,46,0.24864864864864866,0.3442622950819672
0.6938775510204082,0.08163265306122448,0.45652173913043476,0.3442622950819672,46,0.24864864864864866,0.3442622950819672
0.6938775510204082,0.1020408163265306,0.45652173913043476,0.3442622950819672,46,0.24864864864864866,0.3442622950819672
0.6938775510204082,0.12244897959183673,0.45652173913043476,0.3442622950819672,46,0.24864864864864866,0.3442622950819672
0.6938775510204082,0.14285714285714285,0.45652173913043476,0.3442622950819672,46,0.24864864864864866,0.3442622950819672
0.6938775510204082,0.16326530612244897,0.45652173913043476,0.3442622950819672,46,0.24864864864864866,0.3442622950819672
0.6938775510204082,0.18367346938775508,0.45652173913043476,0.3442622950819672,46,0.24864864864864866,0.3442622950819672
0.6938775510204082,0.2040816326530612,0.45652173913043476,0.3442622950819672,46,0.24864864864864866,0.3442622950819672
0.6938775510204082,0.22448979591836732,0.45652173913043476,0.3442622950819672,46,0.24864864864864866,0.3442622950819672
0.6938775510204082,0.24489795918367346,0.45652173913043476,0.3442622950819672,46,0.24864864864864866,0.3442622950819672
0.6938775510204082,0.26530612244897955,0.45652173913043476,0.3442622950819672,46,0.24864864864864866,0.3442622950819672
0.6938775510204082,0.2857142857142857,0.45652173913043476,0.3442622950819672,46,0.24864864864864866,0.3442622950819672
0.6938775510204082,0.3061224489795918,0.45652173913043476,0.3442622950819672,46,0.24864864864864866,0.3442622950819672
0.6938775510204082,0.32653061224489793,0.45652173913043476,0.3442622950819672,46,0.24864864864864866,0.3442622950819672
0.6938775510204082,0.3469387755102041,0.45652173913043476,0.3442622950819672,46,0.24864864864864866,0.3442622950819672
0.6938775510204082,0.36734693877551017,0.45652173913043476,0.3442622950819672,46,0.24864864864864866,0.3442622950819672
0.6938775510204082,0.3877551020408163,0.45652173913043476,0.3442622950819672,46,0.24864864864864866,0.3442622950819672
0.6938775510204082,0.4081632653061224,0.45652173913043476,0.3442622950819672,46,0.24864864864864866,0.3442622950819672
0.6938775510204082,0.42857142857142855,0.45652173913043476,0.3442622950819672,46,0.24864864864864866,0.3442622950819672
0.6938775510204082,0.44897959183673464,0.45652173913043476,0.3442622950819672,46,0.24864864864864866,0.3442622950819672
0.6938775510204082,0.4693877551020408,0.45652173913043476,0.3442622950819672,46,0.24864864864864866,0.3442622950819672
0.6938775510204082,0.4897959183673469,0.45652173913043476,0.3442622950819672,46,0.24864864864864866,0.3442622950819672
0.6938775510204082,0.5102040816326531,0.45652173913043476,0.3442622950819672,46,0.24864864864864866,0.3442622950819672
0.6938775510204082,0.5306122448979591,0.45652173913043476,0.3442622950819672,46,0.24864864864864866,0.3442622950819672
0.6938775510204082,0.5510204081632653,0.45652173913043476,0.3442622950819672,46,0.24864864864864866,0.3442622950819672
0.6938775510204082,0.5714285714285714,0.45652173913043476,0.3442622950819672,46,0.24864864864864866,0.3442622950819672
0.6938775510204082,0.5918367346938775,0.45652173913043476,0.3442622950819672,46,0.24864864864864866,0.3442622950819672
0.6938775510204082,0.6122448979591836,0.45652173913043476,0.3442622950819672,46,0.24864864864864866,0.3442622950819672
0.6938775510204082,0.6326530612244897,0.45652173913043476,0.3442622950819672,46,0.24864864864864866,0.3442622950819672
0.6938775510204082,0.6530612244897959,0.45652173913043476,0.3442622950819672,46,0.24864864864864866,0.3442622950819672
0.6938775510204082,0.673469387755102,0.45652173913043476,0.3442622950819672,46,0.24864864864864866,0.3442622950819672
0.6938775510204082,0.6938775510204082,0.45652173913043476,0.3442622950819672,46,0.24864864864864866,0.3442622950819672
0.6938775510204082,0.7142857142857142,0.45652173913043476,0.3442622950819672,46,0.24864864864864866,0.3442622950819672
0.6938775510204082,0.7346938775510203,0.45652173913043476,0.3442622950819672,46,0.24864864864864866,0.3442622950819672
0.6938775510204082,0.7551020408163265,0.45652173913043476,0.3442622950819672,46,0.24864864864864866,0.3442622950819672
0.6938775510204082,0.7755102040816326,0.45652173913043476,0.3442622950819672,46,0.24864864864864866,0.3442622950819672
0.6938775510204082,0.7959183673469387,0.45652173913043476,0.3442622950819672,46,0.24864864864864866,0.3442622950819672
0.6938775510204082,0.8163265306122448,0.45652173913043476,0.3442622950819672,46,0.24864864864864866,0.3442622950819672
0.6938775510204082,0.836734693877551,0.45652173913043476,0.3442622950819672,46,0.24864864864864866,0.3442622950819672
0.6938775510204082,0.8571428571428571,0.45652173913043476,0.3442622950819672,46,0.24864864864864866,0.3442622950819672
0.6938775510204082,0.8775510204081632,0.45652173913043476,0.3442622950819672,46,0.24864864864864866,0.3442622950819672
0.6938775510204082,0.8979591836734693,0.45652173913043476,0.3442622950819672,46,0.24864864864864866,0.3442622950819672
0.6938775510204082,0.9183673469387754,0.45652173913043476,0.3442622950819672,46,0.24864864864864866,0.3442622950819672
0.6938775510204082,0.9387755102040816,0.4794520547945205,0.5737704918032787,73,0.3945945945945946,0.5737704918032787
0.6938775510204082,0.9591836734693877,0.4794520547945205,0.5737704918032787,73,0.3945945945945946,0.5737704918032787
0.6938775510204082,0.9795918367346939,0.4854368932038835,0.819672131147541,103,0.5567567567567567,0.819672131147541
0.6938775510204082,1.0,0.32972972972972975,1.0,185,1.0,1.0
0.7142857142857142,0.02040816326530612,0.45652173913043476,0.3442622950819672,46,0.24864864864864866,0.3442622950819672
0.7142857142857142,0.04081632653061224,0.45652173913043476,0.3442622950819672,46,0.24864864864864866,0.3442622950819672
0.7142857142857142,0.061224489795918366,0.45652173913043476,0.3442622950819672,46,0.24864864864864866,0.3442622950819672
0.7142857142857142,0.08163265306122448,0.45652173913043476,0.3442622950819672,46,0.24864864864864866,0.3442622950819672
0.7142857142857142,0.1020408163265306,0.45652173913043476,0.3442622950819672,46,0.24864864864864866,0.3442622950819672
0.7142857142857142,0.12244897959183673,0.45652173913043476,0.3442622950819672,46,0.24864864864864866,0.3442622950819672
0.7142857142857142,0.14285714285714285,0.45652173913043476,0.3442622950819672,46,0.24864864864864866,0.3442622950819672
0.7142857142857142,0.16326530612244897,0.45652173913043476,0.3442622950819672,46,0.24864864864864866,0.3442622950819672
0.7142857142857142,0.18367346938775508,0.45652173913043476,0.3442622950819672,46,0.24864864864864866,0.3442622950819672
0.7142857142857142,0.2040816326530612,0.45652173913043476,0.3442622950819672,46,0.24864864864864866,0.3442622950819672
0.7142857142857142,0.22448979591836732,0.45652173913043476,0.3442622950819672,46,0.24864864864864866,0.3442622950819672
0.7142857142857142,0.24489795918367346,0.45652173913043476,0.3442622950819672,46,0.24864864864864866,0.3442622950819672
0.7142857142857142,0.26530612244897955,0.45652173913043476,0.3442622950819672,46,0.24864864864864866,0.3442622950819672
0.7142857142857142,0.2857142857142857,0.45652173913043476,0.3442622950819672,46,0.24864864864864866,0.3442622950819672
0.7142857142857142,0.3061224489795918,0.45652173913043476,0.3442622950819672,46,0.24864864864864866,0.3442622950819672
0.7142857142857142,0.32653061224489793,0.45652173913043476,0.3442622950819672,46,0.24864864864864866,0.3442622950819672
0.7142857142857142,0.3469387755102041,0.45652173913043476,0.3442622950819672,46,0.24864864864864866,0.3442622950819672
0.7142857142857142,0.36734693877551017,0.45652173913043476,0.3442622950819672,46,0.24864864864864866,0.3442622950819672
0.7142857142857142,0.3877551020408163,0.45652173913043476,0.3442622950819672,46,0.24864864864864866,0.3442622950819672
0.7142857142857142,0.4081632653061224,0.45652173913043476,0.3442622950819672,46,0.24864864864864866,0.3442622950819672
0.7142857142857142,0.42857142857142855,0.45652173913043476,0.3442622950819672,46,0.24864864864864866,0.3442622950819672
0.7142857142857142,0.44897959183673464,0.45652173913043476,0.3442622950819672,46,0.24864864864864866,0.3442622950819672
0.7142857142857142,0.4693877551020408,0.45652173913043476,0.3442622950819672,46,0.24864864864864866,0.3442622950819672
0.7142857142857142,0.4897959183673469,0.45652173913043476,0.3442622950819672,46,0.24864864864864866,0.3442622950819672
0.7142857142857142,0.5102040816326531,0.45652173913043476,0.3442622950819672,46,0.24864864864864866,0.3442622950819672
0.7142857142857142,0.5306122448979591,0.45652173913043476,0.3442622950819672,46,0.24864864864864866,0.3442622950819672
0.7142857142857142,0.5510204081632653,0.45652173913043476,0.3442622950819672,46,0.24864864864864866,0.3442622950819672
0.7142857142857142,0.5714285714285714,0.45652173913043476,0.3442622950819672,46,0.24864864864864866,0.3442622950819672
0.7142857142857142,0.5918367346938775,0.45652173913043476,0.3442622950819672,46,0.24864864864864866,0.3442622950819672
0.7142857142857142,0.6122448979591836,0.45652173913043476,0.3442622950819672,46,0.24864864864864866,0.3442622950819672
0.7142857142857142,0.6326530612244897,0.45652173913043476,0.3442622950819672,46,0.24864864864864866,0.3442622950819672
0.7142857142857142,0.6530612244897959,0.45652173913043476,0.3442622950819672,46,0.24864864864864866,0.3442622950819672
0.7142857142857142,0.673469387755102,0.45652173913043476,0.3442622950819672,46,0.24864864864864866,0.3442622950819672
0.7142857142857142,0.6938775510204082,0.45652173913043476,0.3442622950819672,46,0.24864864864864866,0.3442622950819672
0.7142857142857142,0.7142857142857142,0.45652173913043476,0.3442622950819672,46,0.24864864864864866,0.3442622950819672
0.7142857142857142,0.7346938775510203,0.45652173913043476,0.3442622950819672,46,0.24864864864864866,0.3442622950819672
0.7142857142857142,0.7551020408163265,0.45652173913043476,0.3442622950819672,46,0.24864864864864866,0.3442622950819672
0.7142857142857142,0.7755102040816326,0.45652173913043476,0.3442622950819672,46,0.24864864864864866,0.3442622950819672
0.7142857142857142,0.7959183673469387,0.45652173913043476,0.3442622950819672,46,0.24864864864864866,0.3442622950819672
0.7142857142857142,0.8163265306122448,0.45652173913043476,0.3442622950819672,46,0.24864864864864866,0.3442622950819672
0.7142857142857142,0.836734693877551,0.45652173913043476,0.3442622950819672,46,0.24864864864864866,0.3442622950819672
0.7142857142857142,0.8571428571428571,0.45652173913043476,0.3442622950819672,46,0.24864864864864866,0.3442622950819672
0.7142857142857142,0.8775510204081632,0.45652173913043476,0.3442622950819672,46,0.24864864864864866,0.3442622950819672
0.7142857142857142,0.8979591836734693,0.45652173913043476,0.3442622950819672,46,0.24864864864864866,0.3442622950819672
0.7142857142857142,0.9183673469387754,0.45652173913043476,0.3442622950819672,46,0.24864864864864866,0.3442622950819672
0.7142857142857142,0.9387755102040816,0.4794520547945205,0.5737704918032787,73,0.3945945945945946,0.5737704918032787
0.7142857142857142,0.9591836734693877,0.4794520547945205,0.5737704918032787,73,0.3945945945945946,0.5737704918032787
0.7142857142857142,0.9795918367346939,0.4854368932038835,0.819672131147541,103,0.5567567567567567,0.819672131147541
0.7142857142857142,1.0,0.32972972972972975,1.0,185,1.0,1.0
0.7346938775510203,0.02040816326530612,0.45652173913043476,0.3442622950819672,46,0.24864864864864866,0.3442622950819672
0.7346938775510203,0.04081632653061224,0.45652173913043476,0.3442622950819672,46,0.24864864864864866,0.3442622950819672
0.7346938775510203,0.061224489795918366,0.45652173913043476,0.3442622950819672,46,0.24864864864864866,0.3442622950819672
0.7346938775510203,0.08163265306122448,0.45652173913043476,0.3442622950819672,46,0.24864864864864866,0.3442622950819672
0.7346938775510203,0.1020408163265306,0.45652173913043476,0.3442622950819672,46,0.24864864864864866,0.3442622950819672
0.7346938775510203,0.12244897959183673,0.45652173913043476,0.3442622950819672,46,0.24864864864864866,0.3442622950819672
0.7346938775510203,0.14285714285714285,0.45652173913043476,0.3442622950819672,46,0.24864864864864866,0.3442622950819672
0.7346938775510203,0.16326530612244897,0.45652173913043476,0.3442622950819672,46,0.24864864864864866,0.3442622950819672
0.7346938775510203,0.18367346938775508,0.45652173913043476,0.3442622950819672,46,0.24864864864864866,0.3442622950819672
0.7346938775510203,0.2040816326530612,0.45652173913043476,0.3442622950819672,46,0.24864864864864866,0.3442622950819672
0.7346938775510203,0.22448979591836732,0.45652173913043476,0.3442622950819672,46,0.24864864864864866,0.3442622950819672
0.7346938775510203,0.24489795918367346,0.45652173913043476,0.3442622950819672,46,0.24864864864864866,0.3442622950819672
0.7346938775510203,0.26530612244897955,0.45652173913043476,0.3442622950819672,46,0.24864864864864866,0.3442622950819672
0.7346938775510203,0.2857142857142857,0.45652173913043476,0.3442622950819672,46,0.24864864864864866,0.3442622950819672
0.7346938775510203,0.3061224489795918,0.45652173913043476,0.3442622950819672,46,0.24864864864864866,0.3442622950819672
0.7346938775510203,0.32653061224489793,0.45652173913043476,0.3442622950819672,46,0.24864864864864866,0.3442622950819672
0.7346938775510203,0.3469387755102041,0.45652173913043476,0.3442622950819672,46,0.24864864864864866,0.3442622950819672
0.7346938775510203,0.36734693877551017,0.45652173913043476,0.3442622950819672,46,0.24864864864864866,0.3442622950819672
0.7346938775510203,0.3877551020408163,0.45652173913043476,0.3442622950819672,46,0.24864864864864866,0.3442622950819672
0.7346938775510203,0.4081632653061224,0.45652173913043476,0.3442622950819672,46,0.24864864864864866,0.3442622950819672
0.7346938775510203,0.42857142857142855,0.45652173913043476,0.3442622950819672,46,0.24864864864864866,0.3442622950819672
0.7346938775510203,0.44897959183673464,0.45652173913043476,0.3442622950819672,46,0.24864864864864866,0.3442622950819672
0.7346938775510203,0.4693877551020408,0.45652173913043476,0.3442622950819672,46,0.24864864864864866,0.3442622950819672
0.7346938775510203,0.4897959183673469,0.45652173913043476,0.3442622950819672,46,0.24864864864864866,0.3442622950819672
0.7346938775510203,0.5102040816326531,0.45652173913043476,0.3442622950819672,46,0.24864864864864866,0.3442622950819672
0.7346938775510203,0.5306122448979591,0.45652173913043476,0.3442622950819672,46,0.24864864864864866,0.3442622950819672
0.7346938775510203,0.5510204081632653,0.45652173913043476,0.3442622950819672,46,0.24864864864864866,0.3442622950819672
0.7346938775510203,0.5714285714285714,0.45652173913043476,0.3442622950819672,46,0.24864864864864866,0.3442622950819672
0.7346938775510203,0.5918367346938775,0.45652173913043476,0.3442622950819672,46,0.24864864864864866,0.3442622950819672
0.7346938775510203,0.6122448979591836,0.45652173913043476,0.3442622950819672,46,0.24864864864864866,0.3442622950819672
0.7346938775510203,0.6326530612244897,0.45652173913043476,0.3442622950819672,46,0.24864864864864866,0.3442622950819672
0.7346938775510203,0.6530612244897959,0.45652173913043476,0.3442622950819672,46,0.24864864864864866,0.3442622950819672
0.7346938775510203,0.673469387755102,0.45652173913043476,0.3442622950819672,46,0.24864864864864866,0.3442622950819672
0.7346938775510203,0.6938775510204082,0.45652173913043476,0.3442622950819672,46,0.24864864864864866,0.3442622950819672
0.7346938775510203,0.7142857142857142,0.45652173913043476,0.3442622950819672,46,0.24864864864864866,0.3442622950819672
0.7346938775510203,0.7346938775510203,0.45652173913043476,0.3442622950819672,46,0.24864864864864866,0.3442622950819672
0.7346938775510203,0.7551020408163265,0.45652173913043476,0.3442622950819672,46,0.24864864864864866,0.3442622950819672
0.7346938775510203,0.7755102040816326,0.45652173913043476,0.3442622950819672,46,0.24864864864864866,0.3442622950819672
0.7346938775510203,0.7959183673469387,0.45652173913043476,0.3442622950819672,46,0.24864864864864866,0.3442622950819672
0.7346938775510203,0.8163265306122448,0.45652173913043476,0.3442622950819672,46,0.24864864864864866,0.3442622950819672
0.7346938775510203,0.836734693877551,0.45652173913043476,0.3442622950819672,46,0.24864864864864866,0.3442622950819672
0.7346938775510203,0.8571428571428571,0.45652173913043476,0.3442622950819672,46,0.24864864864864866,0.3442622950819672
0.7346938775510203,0.8775510204081632,0.45652173913043476,0.3442622950819672,46,0.24864864864864866,0.3442622950819672
0.7346938775510203,0.8979591836734693,0.45652173913043476,0.3442622950819672,46,0.24864864864864866,0.3442622950819672
0.7346938775510203,0.9183673469387754,0.45652173913043476,0.3442622950819672,46,0.24864864864864866,0.3442622950819672
0.7346938775510203,0.9387755102040816,0.4794520547945205,0.5737704918032787,73,0.3945945945945946,0.5737704918032787
0.7346938775510203,0.9591836734693877,0.4673913043478261,0.7049180327868853,92,0.4972972972972973,0.7049180327868853
0.7346938775510203,0.9795918367346939,0.4854368932038835,0.819672131147541,103,0.5567567567567567,0.819672131147541
0.7346938775510203,1.0,0.32972972972972975,1.0,185,1.0,1.0
0.7551020408163265,0.02040816326530612,0.45652173913043476,0.3442622950819672,46,0.24864864864864866,0.3442622950819672
0.7551020408163265,0.04081632653061224,0.45652173913043476,0.3442622950819672,46,0.24864864864864866,0.3442622950819672
0.7551020408163265,0.061224489795918366,0.45652173913043476,0.3442622950819672,46,0.24864864864864866,0.3442622950819672
0.7551020408163265,0.08163265306122448,0.45652173913043476,0.3442622950819672,46,0.24864864864864866,0.3442622950819672
0.7551020408163265,0.1020408163265306,0.45652173913043476,0.3442622950819672,46,0.24864864864864866,0.3442622950819672
0.7551020408163265,0.12244897959183673,0.45652173913043476,0.3442622950819672,46,0.24864864864864866,0.3442622950819672
0.7551020408163265,0.14285714285714285,0.45652173913043476,0.3442622950819672,46,0.24864864864864866,0.3442622950819672
0.7551020408163265,0.16326530612244897,0.45652173913043476,0.3442622950819672,46,0.24864864864864866,0.3442622950819672
0.7551020408163265,0.18367346938775508,0.45652173913043476,0.3442622950819672,46,0.24864864864864866,0.3442622950819672
0.7551020408163265,0.2040816326530612,0.45652173913043476,0.3442622950819672,46,0.24864864864864866,0.3442622950819672
0.7551020408163265,0.22448979591836732,0.45652173913043476,0.3442622950819672,46,0.24864864864864866,0.3442622950819672
0.7551020408163265,0.24489795918367346,0.45652173913043476,0.3442622950819672,46,0.24864864864864866,0.3442622950819672
0.7551020408163265,0.26530612244897955,0.45652173913043476,0.3442622950819672,46,0.24864864864864866,0.3442622950819672
0.7551020408163265,0.2857142857142857,0.45652173913043476,0.3442622950819672,46,0.24864864864864866,0.3442622950819672
0.7551020408163265,0.3061224489795918,0.45652173913043476,0.3442622950819672,46,0.24864864864864866,0.3442622950819672
0.7551020408163265,0.32653061224489793,0.45652173913043476,0.3442622950819672,46,0.24864864864864866,0.3442622950819672
0.7551020408163265,0.3469387755102041,0.45652173913043476,0.3442622950819672,46,0.24864864864864866,0.3442622950819672
0.7551020408163265,0.36734693877551017,0.45652173913043476,0.3442622950819672,46,0.24864864864864866,0.3442622950819672
0.7551020408163265,0.3877551020408163,0.45652173913043476,0.3442622950819672,46,0.24864864864864866,0.3442622950819672
0.7551020408163265,0.4081632653061224,0.45652173913043476,0.3442622950819672,46,0.24864864864864866,0.3442622950819672
0.7551020408163265,0.42857142857142855,0.45652173913043476,0.3442622950819672,46,0.24864864864864866,0.3442622950819672
0.7551020408163265,0.44897959183673464,0.45652173913043476,0.3442622950819672,46,0.24864864864864866,0.3442622950819672
0.7551020408163265,0.4693877551020408,0.45652173913043476,0.3442622950819672,46,0.24864864864864866,0.3442622950819672
0.7551020408163265,0.4897959183673469,0.45652173913043476,0.3442622950819672,46,0.24864864864864866,0.3442622950819672
0.7551020408163265,0.5102040816326531,0.45652173913043476,0.3442622950819672,46,0.24864864864864866,0.3442622950819672
0.7551020408163265,0.5306122448979591,0.45652173913043476,0.3442622950819672,46,0.24864864864864866,0.3442622950819672
0.7551020408163265,0.5510204081632653,0.45652173913043476,0.3442622950819672,46,0.24864864864864866,0.3442622950819672
0.7551020408163265,0.5714285714285714,0.45652173913043476,0.3442622950819672,46,0.24864864864864866,0.3442622950819672
0.7551020408163265,0.5918367346938775,0.45652173913043476,0.3442622950819672,46,0.24864864864864866,0.3442622950819672
0.7551020408163265,0.6122448979591836,0.45652173913043476,0.3442622950819672,46,0.24864864864864866,0.3442622950819672
0.7551020408163265,0.6326530612244897,0.45652173913043476,0.3442622950819672,46,0.24864864864864866,0.3442622950819672
0.7551020408163265,0.6530612244897959,0.45652173913043476,0.3442622950819672,46,0.24864864864864866,0.3442622950819672
0.7551020408163265,0.673469387755102,0.45652173913043476,0.3442622950819672,46,0.24864864864864866,0.3442622950819672
0.7551020408163265,0.6938775510204082,0.45652173913043476,0.3442622950819672,46,0.24864864864864866,0.3442622950819672
0.7551020408163265,0.7142857142857142,0.45652173913043476,0.3442622950819672,46,0.24864864864864866,0.3442622950819672
0.7551020408163265,0.7346938775510203,0.45652173913043476,0.3442622950819672,46,0.24864864864864866,0.3442622950819672
0.7551020408163265,0.7551020408163265,0.45652173913043476,0.3442622950819672,46,0.24864864864864866,0.3442622950819672
0.7551020408163265,0.7755102040816326,0.45652173913043476,0.3442622950819672,46,0.24864864864864866,0.3442622950819672
0.7551020408163265,0.7959183673469387,0.45652173913043476,0.3442622950819672,46,0.24864864864864866,0.3442622950819672
0.7551020408163265,0.8163265306122448,0.45652173913043476,0.3442622950819672,46,0.24864864864864866,0.3442622950819672
0.7551020408163265,0.836734693877551,0.45652173913043476,0.3442622950819672,46,0.24864864864864866,0.3442622950819672
0.7551020408163265,0.8571428571428571,0.45652173913043476,0.3442622950819672,46,0.24864864864864866,0.3442622950819672
0.7551020408163265,0.8775510204081632,0.45652173913043476,0.3442622950819672,46,0.24864864864864866,0.3442622950819672
0.7551020408163265,0.8979591836734693,0.45652173913043476,0.3442622950819672,46,0.24864864864864866,0.3442622950819672
0.7551020408163265,0.9183673469387754,0.45652173913043476,0.3442622950819672,46,0.24864864864864866,0.3442622950819672
0.7551020408163265,0.9387755102040816,0.4794520547945205,0.5737704918032787,73,0.3945945945945946,0.5737704918032787
0.7551020408163265,0.9591836734693877,0.4673913043478261,0.7049180327868853,92,0.4972972972972973,0.7049180327868853
0.7551020408163265,0.9795918367346939,0.4854368932038835,0.819672131147541,103,0.5567567567567567,0.819672131147541
0.7551020408163265,1.0,0.32972972972972975,1.0,185,1.0,1.0
0.7755102040816326,0.02040816326530612,0.45652173913043476,0.3442622950819672,46,0.24864864864864866,0.3442622950819672
0.7755102040816326,0.04081632653061224,0.45652173913043476,0.3442622950819672,46,0.24864864864864866,0.3442622950819672
0.7755102040816326,0.061224489795918366,0.45652173913043476,0.3442622950819672,46,0.24864864864864866,0.3442622950819672
0.7755102040816326,0.08163265306122448,0.45652173913043476,0.3442622950819672,46,0.24864864864864866,0.3442622950819672
0.7755102040816326,0.1020408163265306,0.45652173913043476,0.3442622950819672,46,0.24864864864864866,0.3442622950819672
0.7755102040816326,0.12244897959183673,0.45652173913043476,0.3442622950819672,46,0.24864864864864866,0.3442622950819672
0.7755102040816326,0.14285714285714285,0.45652173913043476,0.3442622950819672,46,0.24864864864864866,0.3442622950819672
0.7755102040816326,0.16326530612244897,0.45652173913043476,0.3442622950819672,46,0.24864864864864866,0.3442622950819672
0.7755102040816326,0.18367346938775508,0.45652173913043476,0.3442622950819672,46,0.24864864864864866,0.3442622950819672
0.7755102040816326,0.2040816326530612,0.45652173913043476,0.3442622950819672,46,0.24864864864864866,0.3442622950819672
0.7755102040816326,0.22448979591836732,0.45652173913043476,0.3442622950819672,46,0.24864864864864866,0.3442622950819672
0.7755102040816326,0.24489795918367346,0.45652173913043476,0.3442622950819672,46,0.24864864864864866,0.3442622950819672
0.7755102040816326,0.26530612244897955,0.45652173913043476,0.3442622950819672,46,0.24864864864864866,0.3442622950819672
0.7755102040816326,0.2857142857142857,0.45652173913043476,0.3442622950819672,46,0.24864864864864866,0.3442622950819672
0.7755102040816326,0.3061224489795918,0.45652173913043476,0.3442622950819672,46,0.24864864864864866,0.3442622950819672
0.7755102040816326,0.32653061224489793,0.45652173913043476,0.3442622950819672,46,0.24864864864864866,0.3442622950819672
0.7755102040816326,0.3469387755102041,0.45652173913043476,0.3442622950819672,46,0.24864864864864866,0.3442622950819672
0.7755102040816326,0.36734693877551017,0.45652173913043476,0.3442622950819672,46,0.24864864864864866,0.3442622950819672
0.7755102040816326,0.3877551020408163,0.45652173913043476,0.3442622950819672,46,0.24864864864864866,0.3442622950819672
0.7755102040816326,0.4081632653061224,0.45652173913043476,0.3442622950819672,46,0.24864864864864866,0.3442622950819672
0.7755102040816326,0.42857142857142855,0.45652173913043476,0.3442622950819672,46,0.24864864864864866,0.3442622950819672
0.7755102040816326,0.44897959183673464,0.45652173913043476,0.3442622950819672,46,0.24864864864864866,0.3442622950819672
0.7755102040816326,0.4693877551020408,0.45652173913043476,0.3442622950819672,46,0.24864864864864866,0.3442622950819672
0.7755102040816326,0.4897959183673469,0.45652173913043476,0.3442622950819672,46,0.24864864864864866,0.3442622950819672
0.7755102040816326,0.5102040816326531,0.45652173913043476,0.3442622950819672,46,0.24864864864864866,0.3442622950819672
0.7755102040816326,0.5306122448979591,0.45652173913043476,0.3442622950819672,46,0.24864864864864866,0.3442622950819672
0.7755102040816326,0.5510204081632653,0.45652173913043476,0.3442622950819672,46,0.24864864864864866,0.3442622950819672
0.7755102040816326,0.5714285714285714,0.45652173913043476,0.3442622950819672,46,0.24864864864864866,0.3442622950819672
0.7755102040816326,0.5918367346938775,0.45652173913043476,0.3442622950819672,46,0.24864864864864866,0.3442622950819672
0.7755102040816326,0.6122448979591836,0.45652173913043476,0.3442622950819672,46,0.24864864864864866,0.3442622950819672
0.7755102040816326,0.6326530612244897,0.45652173913043476,0.3442622950819672,46,0.24864864864864866,0.3442622950819672
0.7755102040816326,0.6530612244897959,0.45652173913043476,0.3442622950819672,46,0.24864864864864866,0.3442622950819672
0.7755102040816326,0.673469387755102,0.45652173913043476,0.3442622950819672,46,0.24864864864864866,0.3442622950819672
0.7755102040816326,0.6938775510204082,0.45652173913043476,0.3442622950819672,46,0.24864864864864866,0.3442622950819672
0.7755102040816326,0.7142857142857142,0.45652173913043476,0.3442622950819672,46,0.24864864864864866,0.3442622950819672
0.7755102040816326,0.7346938775510203,0.45652173913043476,0.3442622950819672,46,0.24864864864864866,0.3442622950819672
0.7755102040816326,0.7551020408163265,0.45652173913043476,0.3442622950819672,46,0.24864864864864866,0.3442622950819672
0.7755102040816326,0.7755102040816326,0.45652173913043476,0.3442622950819672,46,0.24864864864864866,0.3442622950819672
0.7755102040816326,0.7959183673469387,0.45652173913043476,0.3442622950819672,46,0.24864864864864866,0.3442622950819672
0.7755102040816326,0.8163265306122448,0.45652173913043476,0.3442622950819672,46,0.24864864864864866,0.3442622950819672
0.7755102040816326,0.836734693877551,0.45652173913043476,0.3442622950819672,46,0.24864864864864866,0.3442622950819672
0.7755102040816326,0.8571428571428571,0.45652173913043476,0.3442622950819672,46,0.24864864864864866,0.3442622950819672
0.7755102040816326,0.8775510204081632,0.45652173913043476,0.3442622950819672,46,0.24864864864864866,0.3442622950819672
0.7755102040816326,0.8979591836734693,0.45652173913043476,0.3442622950819672,46,0.24864864864864866,0.3442622950819672
0.7755102040816326,0.9183673469387754,0.45652173913043476,0.3442622950819672,46,0.24864864864864866,0.3442622950819672
0.7755102040816326,0.9387755102040816,0.4794520547945205,0.5737704918032787,73,0.3945945945945946,0.5737704918032787
0.7755102040816326,0.9591836734693877,0.4673913043478261,0.7049180327868853,92,0.4972972972972973,0.7049180327868853
0.7755102040816326,0.9795918367346939,0.4854368932038835,0.819672131147541,103,0.5567567567567567,0.819672131147541
0.7755102040816326,1.0,0.32972972972972975,1.0,185,1.0,1.0
0.7959183673469387,0.02040816326530612,0.45652173913043476,0.3442622950819672,46,0.24864864864864866,0.3442622950819672
0.7959183673469387,0.04081632653061224,0.45652173913043476,0.3442622950819672,46,0.24864864864864866,0.3442622950819672
0.7959183673469387,0.061224489795918366,0.45652173913043476,0.3442622950819672,46,0.24864864864864866,0.3442622950819672
0.7959183673469387,0.08163265306122448,0.45652173913043476,0.3442622950819672,46,0.24864864864864866,0.3442622950819672
0.7959183673469387,0.1020408163265306,0.45652173913043476,0.3442622950819672,46,0.24864864864864866,0.3442622950819672
0.7959183673469387,0.12244897959183673,0.45652173913043476,0.3442622950819672,46,0.24864864864864866,0.3442622950819672
0.7959183673469387,0.14285714285714285,0.45652173913043476,0.3442622950819672,46,0.24864864864864866,0.3442622950819672
0.7959183673469387,0.16326530612244897,0.45652173913043476,0.3442622950819672,46,0.24864864864864866,0.3442622950819672
0.7959183673469387,0.18367346938775508,0.45652173913043476,0.3442622950819672,46,0.24864864864864866,0.3442622950819672
0.7959183673469387,0.2040816326530612,0.45652173913043476,0.3442622950819672,46,0.24864864864864866,0.3442622950819672
0.7959183673469387,0.22448979591836732,0.45652173913043476,0.3442622950819672,46,0.24864864864864866,0.3442622950819672
0.7959183673469387,0.24489795918367346,0.45652173913043476,0.3442622950819672,46,0.24864864864864866,0.3442622950819672
0.7959183673469387,0.26530612244897955,0.45652173913043476,0.3442622950819672,46,0.24864864864864866,0.3442622950819672
0.7959183673469387,0.2857142857142857,0.45652173913043476,0.3442622950819672,46,0.24864864864864866,0.3442622950819672
0.7959183673469387,0.3061224489795918,0.45652173913043476,0.3442622950819672,46,0.24864864864864866,0.3442622950819672
0.7959183673469387,0.32653061224489793,0.45652173913043476,0.3442622950819672,46,0.24864864864864866,0.3442622950819672
0.7959183673469387,0.3469387755102041,0.45652173913043476,0.3442622950819672,46,0.24864864864864866,0.3442622950819672
0.7959183673469387,0.36734693877551017,0.45652173913043476,0.3442622950819672,46,0.24864864864864866,0.3442622950819672
0.7959183673469387,0.3877551020408163,0.45652173913043476,0.3442622950819672,46,0.24864864864864866,0.3442622950819672
0.7959183673469387,0.4081632653061224,0.45652173913043476,0.3442622950819672,46,0.24864864864864866,0.3442622950819672
0.7959183673469387,0.42857142857142855,0.45652173913043476,0.3442622950819672,46,0.24864864864864866,0.3442622950819672
0.7959183673469387,0.44897959183673464,0.45652173913043476,0.3442622950819672,46,0.24864864864864866,0.3442622950819672
0.7959183673469387,0.4693877551020408,0.45652173913043476,0.3442622950819672,46,0.24864864864864866,0.3442622950819672
0.7959183673469387,0.4897959183673469,0.45652173913043476,0.3442622950819672,46,0.24864864864864866,0.3442622950819672
0.7959183673469387,0.5102040816326531,0.45652173913043476,0.3442622950819672,46,0.24864864864864866,0.3442622950819672
0.7959183673469387,0.5306122448979591,0.45652173913043476,0.3442622950819672,46,0.24864864864864866,0.3442622950819672
0.7959183673469387,0.5510204081632653,0.45652173913043476,0.3442622950819672,46,0.24864864864864866,0.3442622950819672
0.7959183673469387,0.5714285714285714,0.45652173913043476,0.3442622950819672,46,0.24864864864864866,0.3442622950819672
0.7959183673469387,0.5918367346938775,0.45652173913043476,0.3442622950819672,46,0.24864864864864866,0.3442622950819672
0.7959183673469387,0.6122448979591836,0.45652173913043476,0.3442622950819672,46,0.24864864864864866,0.3442622950819672
0.7959183673469387,0.6326530612244897,0.45652173913043476,0.3442622950819672,46,0.24864864864864866,0.3442622950819672
0.7959183673469387,0.6530612244897959,0.45652173913043476,0.3442622950819672,46,0.24864864864864866,0.3442622950819672
0.7959183673469387,0.673469387755102,0.45652173913043476,0.3442622950819672,46,0.24864864864864866,0.3442622950819672
0.7959183673469387,0.6938775510204082,0.45652173913043476,0.3442622950819672,46,0.24864864864864866,0.3442622950819672
0.7959183673469387,0.7142857142857142,0.45652173913043476,0.3442622950819672,46,0.24864864864864866,0.3442622950819672
0.7959183673469387,0.7346938775510203,0.45652173913043476,0.3442622950819672,46,0.24864864864864866,0.3442622950819672
0.7959183673469387,0.7551020408163265,0.45652173913043476,0.3442622950819672,46,0.24864864864864866,0.3442622950819672
0.7959183673469387,0.7755102040816326,0.45652173913043476,0.3442622950819672,46,0.24864864864864866,0.3442622950819672
0.7959183673469387,0.7959183673469387,0.45652173913043476,0.3442622950819672,46,0.24864864864864866,0.3442622950819672
0.7959183673469387,0.8163265306122448,0.45652173913043476,0.3442622950819672,46,0.24864864864864866,0.3442622950819672
0.7959183673469387,0.836734693877551,0.45652173913043476,0.3442622950819672,46,0.24864864864864866,0.3442622950819672
0.7959183673469387,0.8571428571428571,0.45652173913043476,0.3442622950819672,46,0.24864864864864866,0.3442622950819672
0.7959183673469387,0.8775510204081632,0.45652173913043476,0.3442622950819672,46,0.24864864864864866,0.3442622950819672
0.7959183673469387,0.8979591836734693,0.45652173913043476,0.3442622950819672,46,0.24864864864864866,0.3442622950819672
0.7959183673469387,0.9183673469387754,0.45652173913043476,0.3442622950819672,46,0.24864864864864866,0.3442622950819672
0.7959183673469387,0.9387755102040816,0.4794520547945205,0.5737704918032787,73,0.3945945945945946,0.5737704918032787
0.7959183673469387,0.9591836734693877,0.4673913043478261,0.7049180327868853,92,0.4972972972972973,0.7049180327868853
0.7959183673469387,0.9795918367346939,0.4854368932038835,0.819672131147541,103,0.5567567567567567,0.819672131147541
0.7959183673469387,1.0,0.32972972972972975,1.0,185,1.0,1.0
0.8163265306122448,0.02040816326530612,0.45652173913043476,0.3442622950819672,46,0.24864864864864866,0.3442622950819672
0.8163265306122448,0.04081632653061224,0.45652173913043476,0.3442622950819672,46,0.24864864864864866,0.3442622950819672
0.8163265306122448,0.061224489795918366,0.45652173913043476,0.3442622950819672,46,0.24864864864864866,0.3442622950819672
0.8163265306122448,0.08163265306122448,0.45652173913043476,0.3442622950819672,46,0.24864864864864866,0.3442622950819672
0.8163265306122448,0.1020408163265306,0.45652173913043476,0.3442622950819672,46,0.24864864864864866,0.3442622950819672
0.8163265306122448,0.12244897959183673,0.45652173913043476,0.3442622950819672,46,0.24864864864864866,0.3442622950819672
0.8163265306122448,0.14285714285714285,0.45652173913043476,0.3442622950819672,46,0.24864864864864866,0.3442622950819672
0.8163265306122448,0.16326530612244897,0.45652173913043476,0.3442622950819672,46,0.24864864864864866,0.3442622950819672
0.8163265306122448,0.18367346938775508,0.45652173913043476,0.3442622950819672,46,0.24864864864864866,0.3442622950819672
0.8163265306122448,0.2040816326530612,0.45652173913043476,0.3442622950819672,46,0.24864864864864866,0.3442622950819672
0.8163265306122448,0.22448979591836732,0.45652173913043476,0.3442622950819672,46,0.24864864864864866,0.3442622950819672
0.8163265306122448,0.24489795918367346,0.45652173913043476,0.3442622950819672,46,0.24864864864864866,0.3442622950819672
0.8163265306122448,0.26530612244897955,0.45652173913043476,0.3442622950819672,46,0.24864864864864866,0.3442622950819672
0.8163265306122448,0.2857142857142857,0.45652173913043476,0.3442622950819672,46,0.24864864864864866,0.3442622950819672
0.8163265306122448,0.3061224489795918,0.45652173913043476,0.3442622950819672,46,0.24864864864864866,0.3442622950819672
0.8163265306122448,0.32653061224489793,0.45652173913043476,0.3442622950819672,46,0.24864864864864866,0.3442622950819672
0.8163265306122448,0.3469387755102041,0.45652173913043476,0.3442622950819672,46,0.24864864864864866,0.3442622950819672
0.8163265306122448,0.36734693877551017,0.45652173913043476,0.3442622950819672,46,0.24864864864864866,0.3442622950819672
0.8163265306122448,0.3877551020408163,0.45652173913043476,0.3442622950819672,46,0.24864864864864866,0.3442622950819672
0.8163265306122448,0.4081632653061224,0.45652173913043476,0.3442622950819672,46,0.24864864864864866,0.3442622950819672
0.8163265306122448,0.42857142857142855,0.45652173913043476,0.3442622950819672,46,0.24864864864864866,0.3442622950819672
0.8163265306122448,0.44897959183673464,0.45652173913043476,0.3442622950819672,46,0.24864864864864866,0.3442622950819672
0.8163265306122448,0.4693877551020408,0.45652173913043476,0.3442622950819672,46,0.24864864864864866,0.3442622950819672
0.8163265306122448,0.4897959183673469,0.45652173913043476,0.3442622950819672,46,0.24864864864864866,0.3442622950819672
0.8163265306122448,0.5102040816326531,0.45652173913043476,0.3442622950819672,46,0.24864864864864866,0.3442622950819672
0.8163265306122448,0.5306122448979591,0.45652173913043476,0.3442622950819672,46,0.24864864864864866,0.3442622950819672
0.8163265306122448,0.5510204081632653,0.45652173913043476,0.3442622950819672,46,0.24864864864864866,0.3442622950819672
0.8163265306122448,0.5714285714285714,0.45652173913043476,0.3442622950819672,46,0.24864864864864866,0.3442622950819672
0.8163265306122448,0.5918367346938775,0.45652173913043476,0.3442622950819672,46,0.24864864864864866,0.3442622950819672
0.8163265306122448,0.6122448979591836,0.45652173913043476,0.3442622950819672,46,0.24864864864864866,0.3442622950819672
0.8163265306122448,0.6326530612244897,0.45652173913043476,0.3442622950819672,46,0.24864864864864866,0.3442622950819672
0.8163265306122448,0.6530612244897959,0.45652173913043476,0.3442622950819672,46,0.24864864864864866,0.3442622950819672
0.8163265306122448,0.673469387755102,0.45652173913043476,0.3442622950819672,46,0.24864864864864866,0.3442622950819672
0.8163265306122448,0.6938775510204082,0.45652173913043476,0.3442622950819672,46,0.24864864864864866,0.3442622950819672
0.8163265306122448,0.7142857142857142,0.45652173913043476,0.3442622950819672,46,0.24864864864864866,0.3442622950819672
0.8163265306122448,0.7346938775510203,0.45652173913043476,0.3442622950819672,46,0.24864864864864866,0.3442622950819672
0.8163265306122448,0.7551020408163265,0.45652173913043476,0.3442622950819672,46,0.24864864864864866,0.3442622950819672
0.8163265306122448,0.7755102040816326,0.45652173913043476,0.3442622950819672,46,0.24864864864864866,0.3442622950819672
0.8163265306122448,0.7959183673469387,0.45652173913043476,0.3442622950819672,46,0.24864864864864866,0.3442622950819672
0.8163265306122448,0.8163265306122448,0.45652173913043476,0.3442622950819672,46,0.24864864864864866,0.3442622950819672
0.8163265306122448,0.836734693877551,0.45652173913043476,0.3442622950819672,46,0.24864864864864866,0.3442622950819672
0.8163265306122448,0.8571428571428571,0.45652173913043476,0.3442622950819672,46,0.24864864864864866,0.3442622950819672
0.8163265306122448,0.8775510204081632,0.45652173913043476,0.3442622950819672,46,0.24864864864864866,0.3442622950819672
0.8163265306122448,0.8979591836734693,0.45652173913043476,0.3442622950819672,46,0.24864864864864866,0.3442622950819672
0.8163265306122448,0.9183673469387754,0.45652173913043476,0.3442622950819672,46,0.24864864864864866,0.3442622950819672
0.8163265306122448,0.9387755102040816,0.4794520547945205,0.5737704918032787,73,0.3945945945945946,0.5737704918032787
0.8163265306122448,0.9591836734693877,0.4673913043478261,0.7049180327868853,92,0.4972972972972973,0.7049180327868853
0.8163265306122448,0.9795918367346939,0.4854368932038835,0.819672131147541,103,0.5567567567567567,0.819672131147541
0.8163265306122448,1.0,0.32972972972972975,1.0,185,1.0,1.0
0.836734693877551,0.02040816326530612,0.45652173913043476,0.3442622950819672,46,0.24864864864864866,0.3442622950819672
0.836734693877551,0.04081632653061224,0.45652173913043476,0.3442622950819672,46,0.24864864864864866,0.3442622950819672
0.836734693877551,0.061224489795918366,0.45652173913043476,0.3442622950819672,46,0.24864864864864866,0.3442622950819672
0.836734693877551,0.08163265306122448,0.45652173913043476,0.3442622950819672,46,0.24864864864864866,0.3442622950819672
0.836734693877551,0.1020408163265306,0.45652173913043476,0.3442622950819672,46,0.24864864864864866,0.3442622950819672
0.836734693877551,0.12244897959183673,0.45652173913043476,0.3442622950819672,46,0.24864864864864866,0.3442622950819672
0.836734693877551,0.14285714285714285,0.45652173913043476,0.3442622950819672,46,0.24864864864864866,0.3442622950819672
0.836734693877551,0.16326530612244897,0.45652173913043476,0.3442622950819672,46,0.24864864864864866,0.3442622950819672
0.836734693877551,0.18367346938775508,0.45652173913043476,0.3442622950819672,46,0.24864864864864866,0.3442622950819672
0.836734693877551,0.2040816326530612,0.45652173913043476,0.3442622950819672,46,0.24864864864864866,0.3442622950819672
0.836734693877551,0.22448979591836732,0.45652173913043476,0.3442622950819672,46,0.24864864864864866,0.3442622950819672
0.836734693877551,0.24489795918367346,0.45652173913043476,0.3442622950819672,46,0.24864864864864866,0.3442622950819672
0.836734693877551,0.26530612244897955,0.45652173913043476,0.3442622950819672,46,0.24864864864864866,0.3442622950819672
0.836734693877551,0.2857142857142857,0.45652173913043476,0.3442622950819672,46,0.24864864864864866,0.3442622950819672
0.836734693877551,0.3061224489795918,0.45652173913043476,0.3442622950819672,46,0.24864864864864866,0.3442622950819672
0.836734693877551,0.32653061224489793,0.45652173913043476,0.3442622950819672,46,0.24864864864864866,0.3442622950819672
0.836734693877551,0.3469387755102041,0.45652173913043476,0.3442622950819672,46,0.24864864864864866,0.3442622950819672
0.836734693877551,0.36734693877551017,0.45652173913043476,0.3442622950819672,46,0.24864864864864866,0.3442622950819672
0.836734693877551,0.3877551020408163,0.45652173913043476,0.3442622950819672,46,0.24864864864864866,0.3442622950819672
0.836734693877551,0.4081632653061224,0.45652173913043476,0.3442622950819672,46,0.24864864864864866,0.3442622950819672
0.836734693877551,0.42857142857142855,0.45652173913043476,0.3442622950819672,46,0.24864864864864866,0.3442622950819672
0.836734693877551,0.44897959183673464,0.45652173913043476,0.3442622950819672,46,0.24864864864864866,0.3442622950819672
0.836734693877551,0.4693877551020408,0.45652173913043476,0.3442622950819672,46,0.24864864864864866,0.3442622950819672
0.836734693877551,0.4897959183673469,0.45652173913043476,0.3442622950819672,46,0.24864864864864866,0.3442622950819672
0.836734693877551,0.5102040816326531,0.45652173913043476,0.3442622950819672,46,0.24864864864864866,0.3442622950819672
0.836734693877551,0.5306122448979591,0.45652173913043476,0.3442622950819672,46,0.24864864864864866,0.3442622950819672
0.836734693877551,0.5510204081632653,0.45652173913043476,0.3442622950819672,46,0.24864864864864866,0.3442622950819672
0.836734693877551,0.5714285714285714,0.45652173913043476,0.3442622950819672,46,0.24864864864864866,0.3442622950819672
0.836734693877551,0.5918367346938775,0.45652173913043476,0.3442622950819672,46,0.24864864864864866,0.3442622950819672
0.836734693877551,0.6122448979591836,0.45652173913043476,0.3442622950819672,46,0.24864864864864866,0.3442622950819672
0.836734693877551,0.6326530612244897,0.45652173913043476,0.3442622950819672,46,0.24864864864864866,0.3442622950819672
0.836734693877551,0.6530612244897959,0.45652173913043476,0.3442622950819672,46,0.24864864864864866,0.3442622950819672
0.836734693877551,0.673469387755102,0.45652173913043476,0.3442622950819672,46,0.24864864864864866,0.3442622950819672
0.836734693877551,0.6938775510204082,0.45652173913043476,0.3442622950819672,46,0.24864864864864866,0.3442622950819672
0.836734693877551,0.7142857142857142,0.45652173913043476,0.3442622950819672,46,0.24864864864864866,0.3442622950819672
0.836734693877551,0.7346938775510203,0.45652173913043476,0.3442622950819672,46,0.24864864864864866,0.3442622950819672
0.836734693877551,0.7551020408163265,0.45652173913043476,0.3442622950819672,46,0.24864864864864866,0.3442622950819672
0.836734693877551,0.7755102040816326,0.45652173913043476,0.3442622950819672,46,0.24864864864864866,0.3442622950819672
0.836734693877551,0.7959183673469387,0.45652173913043476,0.3442622950819672,46,0.24864864864864866,0.3442622950819672
0.836734693877551,0.8163265306122448,0.45652173913043476,0.3442622950819672,46,0.24864864864864866,0.3442622950819672
0.836734693877551,0.836734693877551,0.45652173913043476,0.3442622950819672,46,0.24864864864864866,0.3442622950819672
0.836734693877551,0.8571428571428571,0.45652173913043476,0.3442622950819672,46,0.24864864864864866,0.3442622950819672
0.836734693877551,0.8775510204081632,0.45652173913043476,0.3442622950819672,46,0.24864864864864866,0.3442622950819672
0.836734693877551,0.8979591836734693,0.45652173913043476,0.3442622950819672,46,0.24864864864864866,0.3442622950819672
0.836734693877551,0.9183673469387754,0.45652173913043476,0.3442622950819672,46,0.24864864864864866,0.3442622950819672
0.836734693877551,0.9387755102040816,0.4794520547945205,0.5737704918032787,73,0.3945945945945946,0.5737704918032787
0.836734693877551,0.9591836734693877,0.4673913043478261,0.7049180327868853,92,0.4972972972972973,0.7049180327868853
0.836734693877551,0.9795918367346939,0.32972972972972975,1.0,185,1.0,1.0
0.836734693877551,1.0,0.32972972972972975,1.0,185,1.0,1.0
0.8571428571428571,0.02040816326530612,0.45652173913043476,0.3442622950819672,46,0.24864864864864866,0.3442622950819672
0.8571428571428571,0.04081632653061224,0.45652173913043476,0.3442622950819672,46,0.24864864864864866,0.3442622950819672
0.8571428571428571,0.061224489795918366,0.45652173913043476,0.3442622950819672,46,0.24864864864864866,0.3442622950819672
0.8571428571428571,0.08163265306122448,0.45652173913043476,0.3442622950819672,46,0.24864864864864866,0.3442622950819672
0.8571428571428571,0.1020408163265306,0.45652173913043476,0.3442622950819672,46,0.24864864864864866,0.3442622950819672
0.8571428571428571,0.12244897959183673,0.45652173913043476,0.3442622950819672,46,0.24864864864864866,0.3442622950819672
0.8571428571428571,0.14285714285714285,0.45652173913043476,0.3442622950819672,46,0.24864864864864866,0.3442622950819672
0.8571428571428571,0.16326530612244897,0.45652173913043476,0.3442622950819672,46,0.24864864864864866,0.3442622950819672
0.8571428571428571,0.18367346938775508,0.45652173913043476,0.3442622950819672,46,0.24864864864864866,0.3442622950819672
0.8571428571428571,0.2040816326530612,0.45652173913043476,0.3442622950819672,46,0.24864864864864866,0.3442622950819672
0.8571428571428571,0.22448979591836732,0.45652173913043476,0.3442622950819672,46,0.24864864864864866,0.3442622950819672
0.8571428571428571,0.24489795918367346,0.45652173913043476,0.3442622950819672,46,0.24864864864864866,0.3442622950819672
0.8571428571428571,0.26530612244897955,0.45652173913043476,0.3442622950819672,46,0.24864864864864866,0.3442622950819672
0.8571428571428571,0.2857142857142857,0.45652173913043476,0.3442622950819672,46,0.24864864864864866,0.3442622950819672
0.8571428571428571,0.3061224489795918,0.45652173913043476,0.3442622950819672,46,0.24864864864864866,0.3442622950819672
0.8571428571428571,0.32653061224489793,0.45652173913043476,0.3442622950819672,46,0.24864864864864866,0.3442622950819672
0.8571428571428571,0.3469387755102041,0.45652173913043476,0.3442622950819672,46,0.24864864864864866,0.3442622950819672
0.8571428571428571,0.36734693877551017,0.45652173913043476,0.3442622950819672,46,0.24864864864864866,0.3442622950819672
0.8571428571428571,0.3877551020408163,0.45652173913043476,0.3442622950819672,46,0.24864864864864866,0.3442622950819672
0.8571428571428571,0.4081632653061224,0.45652173913043476,0.3442622950819672,46,0.24864864864864866,0.3442622950819672
0.8571428571428571,0.42857142857142855,0.45652173913043476,0.3442622950819672,46,0.24864864864864866,0.3442622950819672
0.8571428571428571,0.44897959183673464,0.45652173913043476,0.3442622950819672,46,0.24864864864864866,0.3442622950819672
0.8571428571428571,0.4693877551020408,0.45652173913043476,0.3442622950819672,46,0.24864864864864866,0.3442622950819672
0.8571428571428571,0.4897959183673469,0.45652173913043476,0.3442622950819672,46,0.24864864864864866,0.3442622950819672
0.8571428571428571,0.5102040816326531,0.45652173913043476,0.3442622950819672,46,0.24864864864864866,0.3442622950819672
0.8571428571428571,0.5306122448979591,0.45652173913043476,0.3442622950819672,46,0.24864864864864866,0.3442622950819672
0.8571428571428571,0.5510204081632653,0.45652173913043476,0.3442622950819672,46,0.24864864864864866,0.3442622950819672
0.8571428571428571,0.5714285714285714,0.45652173913043476,0.3442622950819672,46,0.24864864864864866,0.3442622950819672
0.8571428571428571,0.5918367346938775,0.45652173913043476,0.3442622950819672,46,0.24864864864864866,0.3442622950819672
0.8571428571428571,0.6122448979591836,0.45652173913043476,0.3442622950819672,46,0.24864864864864866,0.3442622950819672
0.8571428571428571,0.6326530612244897,0.45652173913043476,0.3442622950819672,46,0.24864864864864866,0.3442622950819672
0.8571428571428571,0.6530612244897959,0.45652173913043476,0.3442622950819672,46,0.24864864864864866,0.3442622950819672
0.8571428571428571,0.673469387755102,0.45652173913043476,0.3442622950819672,46,0.24864864864864866,0.3442622950819672
0.8571428571428571,0.6938775510204082,0.45652173913043476,0.3442622950819672,46,0.24864864864864866,0.3442622950819672
0.8571428571428571,0.7142857142857142,0.45652173913043476,0.3442622950819672,46,0.24864864864864866,0.3442622950819672
0.8571428571428571,0.7346938775510203,0.45652173913043476,0.3442622950819672,46,0.24864864864864866,0.3442622950819672
0.8571428571428571,0.7551020408163265,0.45652173913043476,0.3442622950819672,46,0.24864864864864866,0.3442622950819672
0.8571428571428571,0.7755102040816326,0.45652173913043476,0.3442622950819672,46,0.24864864864864866,0.3442622950819672
0.8571428571428571,0.7959183673469387,0.45652173913043476,0.3442622950819672,46,0.24864864864864866,0.3442622950819672
0.8571428571428571,0.8163265306122448,0.45652173913043476,0.3442622950819672,46,0.24864864864864866,0.3442622950819672
0.8571428571428571,0.836734693877551,0.45652173913043476,0.3442622950819672,46,0.24864864864864866,0.3442622950819672
0.8571428571428571,0.8571428571428571,0.45652173913043476,0.3442622950819672,46,0.24864864864864866,0.3442622950819672
0.8571428571428571,0.8775510204081632,0.45652173913043476,0.3442622950819672,46,0.24864864864864866,0.3442622950819672
0.8571428571428571,0.8979591836734693,0.45652173913043476,0.3442622950819672,46,0.24864864864864866,0.3442622950819672
0.8571428571428571,0.9183673469387754,0.45652173913043476,0.3442622950819672,46,0.24864864864864866,0.3442622950819672
0.8571428571428571,0.9387755102040816,0.4794520547945205,0.5737704918032787,73,0.3945945945945946,0.5737704918032787
0.8571428571428571,0.9591836734693877,0.4673913043478261,0.7049180327868853,92,0.4972972972972973,0.7049180327868853
0.8571428571428571,0.9795918367346939,0.32972972972972975,1.0,185,1.0,1.0
0.8571428571428571,1.0,0.32972972972972975,1.0,185,1.0,1.0
0.8775510204081632,0.02040816326530612,0.45652173913043476,0.3442622950819672,46,0.24864864864864866,0.3442622950819672
0.8775510204081632,0.04081632653061224,0.45652173913043476,0.3442622950819672,46,0.24864864864864866,0.3442622950819672
0.8775510204081632,0.061224489795918366,0.45652173913043476,0.3442622950819672,46,0.24864864864864866,0.3442622950819672
0.8775510204081632,0.08163265306122448,0.45652173913043476,0.3442622950819672,46,0.24864864864864866,0.3442622950819672
0.8775510204081632,0.1020408163265306,0.45652173913043476,0.3442622950819672,46,0.24864864864864866,0.3442622950819672
0.8775510204081632,0.12244897959183673,0.45652173913043476,0.3442622950819672,46,0.24864864864864866,0.3442622950819672
0.8775510204081632,0.14285714285714285,0.45652173913043476,0.3442622950819672,46,0.24864864864864866,0.3442622950819672
0.8775510204081632,0.16326530612244897,0.45652173913043476,0.3442622950819672,46,0.24864864864864866,0.3442622950819672
0.8775510204081632,0.18367346938775508,0.45652173913043476,0.3442622950819672,46,0.24864864864864866,0.3442622950819672
0.8775510204081632,0.2040816326530612,0.45652173913043476,0.3442622950819672,46,0.24864864864864866,0.3442622950819672
0.8775510204081632,0.22448979591836732,0.45652173913043476,0.3442622950819672,46,0.24864864864864866,0.3442622950819672
0.8775510204081632,0.24489795918367346,0.45652173913043476,0.3442622950819672,46,0.24864864864864866,0.3442622950819672
0.8775510204081632,0.26530612244897955,0.45652173913043476,0.3442622950819672,46,0.24864864864864866,0.3442622950819672
0.8775510204081632,0.2857142857142857,0.45652173913043476,0.3442622950819672,46,0.24864864864864866,0.3442622950819672
0.8775510204081632,0.3061224489795918,0.45652173913043476,0.3442622950819672,46,0.24864864864864866,0.3442622950819672
0.8775510204081632,0.32653061224489793,0.45652173913043476,0.3442622950819672,46,0.24864864864864866,0.3442622950819672
0.8775510204081632,0.3469387755102041,0.45652173913043476,0.3442622950819672,46,0.24864864864864866,0.3442622950819672
0.8775510204081632,0.36734693877551017,0.45652173913043476,0.3442622950819672,46,0.24864864864864866,0.3442622950819672
0.8775510204081632,0.3877551020408163,0.45652173913043476,0.3442622950819672,46,0.24864864864864866,0.3442622950819672
0.8775510204081632,0.4081632653061224,0.45652173913043476,0.3442622950819672,46,0.24864864864864866,0.3442622950819672
0.8775510204081632,0.42857142857142855,0.45652173913043476,0.3442622950819672,46,0.24864864864864866,0.3442622950819672
0.8775510204081632,0.44897959183673464,0.45652173913043476,0.3442622950819672,46,0.24864864864864866,0.3442622950819672
0.8775510204081632,0.4693877551020408,0.45652173913043476,0.3442622950819672,46,0.24864864864864866,0.3442622950819672
0.8775510204081632,0.4897959183673469,0.45652173913043476,0.3442622950819672,46,0.24864864864864866,0.3442622950819672
0.8775510204081632,0.5102040816326531,0.45652173913043476,0.3442622950819672,46,0.24864864864864866,0.3442622950819672
0.8775510204081632,0.5306122448979591,0.45652173913043476,0.3442622950819672,46,0.24864864864864866,0.3442622950819672
0.8775510204081632,0.5510204081632653,0.45652173913043476,0.3442622950819672,46,0.24864864864864866,0.3442622950819672
0.8775510204081632,0.5714285714285714,0.45652173913043476,0.3442622950819672,46,0.24864864864864866,0.3442622950819672
0.8775510204081632,0.5918367346938775,0.45652173913043476,0.3442622950819672,46,0.24864864864864866,0.3442622950819672
0.8775510204081632,0.6122448979591836,0.45652173913043476,0.3442622950819672,46,0.24864864864864866,0.3442622950819672
0.8775510204081632,0.6326530612244897,0.45652173913043476,0.3442622950819672,46,0.24864864864864866,0.3442622950819672
0.8775510204081632,0.6530612244897959,0.45652173913043476,0.3442622950819672,46,0.24864864864864866,0.3442622950819672
0.8775510204081632,0.673469387755102,0.45652173913043476,0.3442622950819672,46,0.24864864864864866,0.3442622950819672
0.8775510204081632,0.6938775510204082,0.45652173913043476,0.3442622950819672,46,0.24864864864864866,0.3442622950819672
0.8775510204081632,0.7142857142857142,0.45652173913043476,0.3442622950819672,46,0.24864864864864866,0.3442622950819672
0.8775510204081632,0.7346938775510203,0.45652173913043476,0.3442622950819672,46,0.24864864864864866,0.3442622950819672
0.8775510204081632,0.7551020408163265,0.45652173913043476,0.3442622950819672,46,0.24864864864864866,0.3442622950819672
0.8775510204081632,0.7755102040816326,0.45652173913043476,0.3442622950819672,46,0.24864864864864866,0.3442622950819672
0.8775510204081632,0.7959183673469387,0.45652173913043476,0.3442622950819672,46,0.24864864864864866,0.3442622950819672
0.8775510204081632,0.8163265306122448,0.45652173913043476,0.3442622950819672,46,0.24864864864864866,0.3442622950819672
0.8775510204081632,0.836734693877551,0.45652173913043476,0.3442622950819672,46,0.24864864864864866,0.3442622950819672
0.8775510204081632,0.8571428571428571,0.45652173913043476,0.3442622950819672,46,0.24864864864864866,0.3442622950819672
0.8775510204081632,0.8775510204081632,0.45652173913043476,0.3442622950819672,46,0.24864864864864866,0.3442622950819672
0.8775510204081632,0.8979591836734693,0.45652173913043476,0.3442622950819672,46,0.24864864864864866,0.3442622950819672
0.8775510204081632,0.9183673469387754,0.45652173913043476,0.3442622950819672,46,0.24864864864864866,0.3442622950819672
0.8775510204081632,0.9387755102040816,0.4794520547945205,0.5737704918032787,73,0.3945945945945946,0.5737704918032787
0.8775510204081632,0.9591836734693877,0.4673913043478261,0.7049180327868853,92,0.4972972972972973,0.7049180327868853
0.8775510204081632,0.9795918367346939,0.32972972972972975,1.0,185,1.0,1.0
0.8775510204081632,1.0,0.32972972972972975,1.0,185,1.0,1.0
0.8979591836734693,0.02040816326530612,0.45652173913043476,0.3442622950819672,46,0.24864864864864866,0.3442622950819672
0.8979591836734693,0.04081632653061224,0.45652173913043476,0.3442622950819672,46,0.24864864864864866,0.3442622950819672
0.8979591836734693,0.061224489795918366,0.45652173913043476,0.3442622950819672,46,0.24864864864864866,0.3442622950819672
0.8979591836734693,0.08163265306122448,0.45652173913043476,0.3442622950819672,46,0.24864864864864866,0.3442622950819672
0.8979591836734693,0.1020408163265306,0.45652173913043476,0.3442622950819672,46,0.24864864864864866,0.3442622950819672
0.8979591836734693,0.12244897959183673,0.45652173913043476,0.3442622950819672,46,0.24864864864864866,0.3442622950819672
0.8979591836734693,0.14285714285714285,0.45652173913043476,0.3442622950819672,46,0.24864864864864866,0.3442622950819672
0.8979591836734693,0.16326530612244897,0.45652173913043476,0.3442622950819672,46,0.24864864864864866,0.3442622950819672
0.8979591836734693,0.18367346938775508,0.45652173913043476,0.3442622950819672,46,0.24864864864864866,0.3442622950819672
0.8979591836734693,0.2040816326530612,0.45652173913043476,0.3442622950819672,46,0.24864864864864866,0.3442622950819672
0.8979591836734693,0.22448979591836732,0.45652173913043476,0.3442622950819672,46,0.24864864864864866,0.3442622950819672
0.8979591836734693,0.24489795918367346,0.45652173913043476,0.3442622950819672,46,0.24864864864864866,0.3442622950819672
0.8979591836734693,0.26530612244897955,0.45652173913043476,0.3442622950819672,46,0.24864864864864866,0.3442622950819672
0.8979591836734693,0.2857142857142857,0.45652173913043476,0.3442622950819672,46,0.24864864864864866,0.3442622950819672
0.8979591836734693,0.3061224489795918,0.45652173913043476,0.3442622950819672,46,0.24864864864864866,0.3442622950819672
0.8979591836734693,0.32653061224489793,0.45652173913043476,0.3442622950819672,46,0.24864864864864866,0.3442622950819672
0.8979591836734693,0.3469387755102041,0.45652173913043476,0.3442622950819672,46,0.24864864864864866,0.3442622950819672
0.8979591836734693,0.36734693877551017,0.45652173913043476,0.3442622950819672,46,0.24864864864864866,0.3442622950819672
0.8979591836734693,0.3877551020408163,0.45652173913043476,0.3442622950819672,46,0.24864864864864866,0.3442622950819672
0.8979591836734693,0.4081632653061224,0.45652173913043476,0.3442622950819672,46,0.24864864864864866,0.3442622950819672
0.8979591836734693,0.42857142857142855,0.45652173913043476,0.3442622950819672,46,0.24864864864864866,0.3442622950819672
0.8979591836734693,0.44897959183673464,0.45652173913043476,0.3442622950819672,46,0.24864864864864866,0.3442622950819672
0.8979591836734693,0.4693877551020408,0.45652173913043476,0.3442622950819672,46,0.24864864864864866,0.3442622950819672
0.8979591836734693,0.4897959183673469,0.45652173913043476,0.3442622950819672,46,0.24864864864864866,0.3442622950819672
0.8979591836734693,0.5102040816326531,0.45652173913043476,0.3442622950819672,46,0.24864864864864866,0.3442622950819672
0.8979591836734693,0.5306122448979591,0.45652173913043476,0.3442622950819672,46,0.24864864864864866,0.3442622950819672
0.8979591836734693,0.5510204081632653,0.45652173913043476,0.3442622950819672,46,0.24864864864864866,0.3442622950819672
0.8979591836734693,0.5714285714285714,0.45652173913043476,0.3442622950819672,46,0.24864864864864866,0.3442622950819672
0.8979591836734693,0.5918367346938775,0.45652173913043476,0.3442622950819672,46,0.24864864864864866,0.3442622950819672
0.8979591836734693,0.6122448979591836,0.45652173913043476,0.3442622950819672,46,0.24864864864864866,0.3442622950819672
0.8979591836734693,0.6326530612244897,0.45652173913043476,0.3442622950819672,46,0.24864864864864866,0.3442622950819672
0.8979591836734693,0.6530612244897959,0.45652173913043476,0.3442622950819672,46,0.24864864864864866,0.3442622950819672
0.8979591836734693,0.673469387755102,0.45652173913043476,0.3442622950819672,46,0.24864864864864866,0.3442622950819672
0.8979591836734693,0.6938775510204082,0.45652173913043476,0.3442622950819672,46,0.24864864864864866,0.3442622950819672
0.8979591836734693,0.7142857142857142,0.45652173913043476,0.3442622950819672,46,0.24864864864864866,0.3442622950819672
0.8979591836734693,0.7346938775510203,0.45652173913043476,0.3442622950819672,46,0.24864864864864866,0.3442622950819672
0.8979591836734693,0.7551020408163265,0.45652173913043476,0.3442622950819672,46,0.24864864864864866,0.3442622950819672
0.8979591836734693,0.7755102040816326,0.45652173913043476,0.3442622950819672,46,0.24864864864864866,0.3442622950819672
0.8979591836734693,0.7959183673469387,0.45652173913043476,0.3442622950819672,46,0.24864864864864866,0.3442622950819672
0.8979591836734693,0.8163265306122448,0.45652173913043476,0.3442622950819672,46,0.24864864864864866,0.3442622950819672
0.8979591836734693,0.836734693877551,0.45652173913043476,0.3442622950819672,46,0.24864864864864866,0.3442622950819672
0.8979591836734693,0.8571428571428571,0.45652173913043476,0.3442622950819672,46,0.24864864864864866,0.3442622950819672
0.8979591836734693,0.8775510204081632,0.45652173913043476,0.3442622950819672,46,0.24864864864864866,0.3442622950819672
0.8979591836734693,0.8979591836734693,0.45652173913043476,0.3442622950819672,46,0.24864864864864866,0.3442622950819672
0.8979591836734693,0.9183673469387754,0.45652173913043476,0.3442622950819672,46,0.24864864864864866,0.3442622950819672
0.8979591836734693,0.9387755102040816,0.4794520547945205,0.5737704918032787,73,0.3945945945945946,0.5737704918032787
0.8979591836734693,0.9591836734693877,0.4673913043478261,0.7049180327868853,92,0.4972972972972973,0.7049180327868853
0.8979591836734693,0.9795918367346939,0.32972972972972975,1.0,185,1.0,1.0
0.8979591836734693,1.0,0.32972972972972975,1.0,185,1.0,1.0
0.9183673469387754,0.02040816326530612,0.45652173913043476,0.3442622950819672,46,0.24864864864864866,0.3442622950819672
0.9183673469387754,0.04081632653061224,0.45652173913043476,0.3442622950819672,46,0.24864864864864866,0.3442622950819672
0.9183673469387754,0.061224489795918366,0.45652173913043476,0.3442622950819672,46,0.24864864864864866,0.3442622950819672
0.9183673469387754,0.08163265306122448,0.45652173913043476,0.3442622950819672,46,0.24864864864864866,0.3442622950819672
0.9183673469387754,0.1020408163265306,0.45652173913043476,0.3442622950819672,46,0.24864864864864866,0.3442622950819672
0.9183673469387754,0.12244897959183673,0.45652173913043476,0.3442622950819672,46,0.24864864864864866,0.3442622950819672
0.9183673469387754,0.14285714285714285,0.45652173913043476,0.3442622950819672,46,0.24864864864864866,0.3442622950819672
0.9183673469387754,0.16326530612244897,0.45652173913043476,0.3442622950819672,46,0.24864864864864866,0.3442622950819672
0.9183673469387754,0.18367346938775508,0.45652173913043476,0.3442622950819672,46,0.24864864864864866,0.3442622950819672
0.9183673469387754,0.2040816326530612,0.45652173913043476,0.3442622950819672,46,0.24864864864864866,0.3442622950819672
0.9183673469387754,0.22448979591836732,0.45652173913043476,0.3442622950819672,46,0.24864864864864866,0.3442622950819672
0.9183673469387754,0.24489795918367346,0.45652173913043476,0.3442622950819672,46,0.24864864864864866,0.3442622950819672
0.9183673469387754,0.26530612244897955,0.45652173913043476,0.3442622950819672,46,0.24864864864864866,0.3442622950819672
0.9183673469387754,0.2857142857142857,0.45652173913043476,0.3442622950819672,46,0.24864864864864866,0.3442622950819672
0.9183673469387754,0.3061224489795918,0.45652173913043476,0.3442622950819672,46,0.24864864864864866,0.3442622950819672
0.9183673469387754,0.32653061224489793,0.45652173913043476,0.3442622950819672,46,0.24864864864864866,0.3442622950819672
0.9183673469387754,0.3469387755102041,0.45652173913043476,0.3442622950819672,46,0.24864864864864866,0.3442622950819672
0.9183673469387754,0.36734693877551017,0.45652173913043476,0.3442622950819672,46,0.24864864864864866,0.3442622950819672
0.9183673469387754,0.3877551020408163,0.45652173913043476,0.3442622950819672,46,0.24864864864864866,0.3442622950819672
0.9183673469387754,0.4081632653061224,0.45652173913043476,0.3442622950819672,46,0.24864864864864866,0.3442622950819672
0.9183673469387754,0.42857142857142855,0.45652173913043476,0.3442622950819672,46,0.24864864864864866,0.3442622950819672
0.9183673469387754,0.44897959183673464,0.45652173913043476,0.3442622950819672,46,0.24864864864864866,0.3442622950819672
0.9183673469387754,0.4693877551020408,0.45652173913043476,0.3442622950819672,46,0.24864864864864866,0.3442622950819672
0.9183673469387754,0.4897959183673469,0.45652173913043476,0.3442622950819672,46,0.24864864864864866,0.3442622950819672
0.9183673469387754,0.5102040816326531,0.45652173913043476,0.3442622950819672,46,0.24864864864864866,0.3442622950819672
0.9183673469387754,0.5306122448979591,0.45652173913043476,0.3442622950819672,46,0.24864864864864866,0.3442622950819672
0.9183673469387754,0.5510204081632653,0.45652173913043476,0.3442622950819672,46,0.24864864864864866,0.3442622950819672
0.9183673469387754,0.5714285714285714,0.45652173913043476,0.3442622950819672,46,0.24864864864864866,0.3442622950819672
0.9183673469387754,0.5918367346938775,0.45652173913043476,0.3442622950819672,46,0.24864864864864866,0.3442622950819672
0.9183673469387754,0.6122448979591836,0.45652173913043476,0.3442622950819672,46,0.24864864864864866,0.3442622950819672
0.9183673469387754,0.6326530612244897,0.45652173913043476,0.3442622950819672,46,0.24864864864864866,0.3442622950819672
0.9183673469387754,0.6530612244897959,0.45652173913043476,0.3442622950819672,46,0.24864864864864866,0.3442622950819672
0.9183673469387754,0.673469387755102,0.45652173913043476,0.3442622950819672,46,0.24864864864864866,0.3442622950819672
0.9183673469387754,0.6938775510204082,0.45652173913043476,0.3442622950819672,46,0.24864864864864866,0.3442622950819672
0.9183673469387754,0.7142857142857142,0.45652173913043476,0.3442622950819672,46,0.24864864864864866,0.3442622950819672
0.9183673469387754,0.7346938775510203,0.45652173913043476,0.3442622950819672,46,0.24864864864864866,0.3442622950819672
0.9183673469387754,0.7551020408163265,0.45652173913043476,0.3442622950819672,46,0.24864864864864866,0.3442622950819672
0.9183673469387754,0.7755102040816326,0.45652173913043476,0.3442622950819672,46,0.24864864864864866,0.3442622950819672
0.9183673469387754,0.7959183673469387,0.45652173913043476,0.3442622950819672,46,0.24864864864864866,0.3442622950819672
0.9183673469387754,0.8163265306122448,0.45652173913043476,0.3442622950819672,46,0.24864864864864866,0.3442622950819672
0.9183673469387754,0.836734693877551,0.45652173913043476,0.3442622950819672,46,0.24864864864864866,0.3442622950819672
0.9183673469387754,0.8571428571428571,0.45652173913043476,0.3442622950819672,46,0.24864864864864866,0.3442622950819672
0.9183673469387754,0.8775510204081632,0.45652173913043476,0.3442622950819672,46,0.24864864864864866,0.3442622950819672
0.9183673469387754,0.8979591836734693,0.45652173913043476,0.3442622950819672,46,0.24864864864864866,0.3442622950819672
0.9183673469387754,0.9183673469387754,0.45652173913043476,0.3442622950819672,46,0.24864864864864866,0.3442622950819672
0.9183673469387754,0.9387755102040816,0.4794520547945205,0.5737704918032787,73,0.3945945945945946,0.5737704918032787
0.9183673469387754,0.9591836734693877,0.4673913043478261,0.7049180327868853,92,0.4972972972972973,0.7049180327868853
0.9183673469387754,0.9795918367346939,0.32972972972972975,1.0,185,1.0,1.0
0.9183673469387754,1.0,0.32972972972972975,1.0,185,1.0,1.0
0.9387755102040816,0.02040816326530612,0.45652173913043476,0.3442622950819672,46,0.24864864864864866,0.3442622950819672
0.9387755102040816,0.04081632653061224,0.45652173913043476,0.3442622950819672,46,0.24864864864864866,0.3442622950819672
0.9387755102040816,0.061224489795918366,0.45652173913043476,0.3442622950819672,46,0.24864864864864866,0.3442622950819672
0.9387755102040816,0.08163265306122448,0.45652173913043476,0.3442622950819672,46,0.24864864864864866,0.3442622950819672
0.9387755102040816,0.1020408163265306,0.45652173913043476,0.3442622950819672,46,0.24864864864864866,0.3442622950819672
0.9387755102040816,0.12244897959183673,0.45652173913043476,0.3442622950819672,46,0.24864864864864866,0.3442622950819672
0.9387755102040816,0.14285714285714285,0.45652173913043476,0.3442622950819672,46,0.24864864864864866,0.3442622950819672
0.9387755102040816,0.16326530612244897,0.45652173913043476,0.3442622950819672,46,0.24864864864864866,0.3442622950819672
0.9387755102040816,0.18367346938775508,0.45652173913043476,0.3442622950819672,46,0.24864864864864866,0.3442622950819672
0.9387755102040816,0.2040816326530612,0.45652173913043476,0.3442622950819672,46,0.24864864864864866,0.3442622950819672
0.9387755102040816,0.22448979591836732,0.45652173913043476,0.3442622950819672,46,0.24864864864864866,0.3442622950819672
0.9387755102040816,0.24489795918367346,0.45652173913043476,0.3442622950819672,46,0.24864864864864866,0.3442622950819672
0.9387755102040816,0.26530612244897955,0.45652173913043476,0.3442622950819672,46,0.24864864864864866,0.3442622950819672
0.9387755102040816,0.2857142857142857,0.45652173913043476,0.3442622950819672,46,0.24864864864864866,0.3442622950819672
0.9387755102040816,0.3061224489795918,0.45652173913043476,0.3442622950819672,46,0.24864864864864866,0.3442622950819672
0.9387755102040816,0.32653061224489793,0.45652173913043476,0.3442622950819672,46,0.24864864864864866,0.3442622950819672
0.9387755102040816,0.3469387755102041,0.45652173913043476,0.3442622950819672,46,0.24864864864864866,0.3442622950819672
0.9387755102040816,0.36734693877551017,0.45652173913043476,0.3442622950819672,46,0.24864864864864866,0.3442622950819672
0.9387755102040816,0.3877551020408163,0.45652173913043476,0.3442622950819672,46,0.24864864864864866,0.3442622950819672
0.9387755102040816,0.4081632653061224,0.45652173913043476,0.3442622950819672,46,0.24864864864864866,0.3442622950819672
0.9387755102040816,0.42857142857142855,0.45652173913043476,0.3442622950819672,46,0.24864864864864866,0.3442622950819672
0.9387755102040816,0.44897959183673464,0.45652173913043476,0.3442622950819672,46,0.24864864864864866,0.3442622950819672
0.9387755102040816,0.4693877551020408,0.45652173913043476,0.3442622950819672,46,0.24864864864864866,0.3442622950819672
0.9387755102040816,0.4897959183673469,0.45652173913043476,0.3442622950819672,46,0.24864864864864866,0.3442622950819672
0.9387755102040816,0.5102040816326531,0.45652173913043476,0.3442622950819672,46,0.24864864864864866,0.3442622950819672
0.9387755102040816,0.5306122448979591,0.45652173913043476,0.3442622950819672,46,0.24864864864864866,0.3442622950819672
0.9387755102040816,0.5510204081632653,0.45652173913043476,0.3442622950819672,46,0.24864864864864866,0.3442622950819672
0.9387755102040816,0.5714285714285714,0.45652173913043476,0.3442622950819672,46,0.24864864864864866,0.3442622950819672
0.9387755102040816,0.5918367346938775,0.45652173913043476,0.3442622950819672,46,0.24864864864864866,0.3442622950819672
0.9387755102040816,0.6122448979591836,0.45652173913043476,0.3442622950819672,46,0.24864864864864866,0.3442622950819672
0.9387755102040816,0.6326530612244897,0.45652173913043476,0.3442622950819672,46,0.24864864864864866,0.3442622950819672
0.9387755102040816,0.6530612244897959,0.45652173913043476,0.3442622950819672,46,0.24864864864864866,0.3442622950819672
0.9387755102040816,0.673469387755102,0.45652173913043476,0.3442622950819672,46,0.24864864864864866,0.3442622950819672
0.9387755102040816,0.6938775510204082,0.45652173913043476,0.3442622950819672,46,0.24864864864864866,0.3442622950819672
0.9387755102040816,0.7142857142857142,0.45652173913043476,0.3442622950819672,46,0.24864864864864866,0.3442622950819672
0.9387755102040816,0.7346938775510203,0.45652173913043476,0.3442622950819672,46,0.24864864864864866,0.3442622950819672
0.9387755102040816,0.7551020408163265,0.45652173913043476,0.3442622950819672,46,0.24864864864864866,0.3442622950819672
0.9387755102040816,0.7755102040816326,0.45652173913043476,0.3442622950819672,46,0.24864864864864866,0.3442622950819672
0.9387755102040816,0.7959183673469387,0.45652173913043476,0.3442622950819672,46,0.24864864864864866,0.3442622950819672
0.9387755102040816,0.8163265306122448,0.45652173913043476,0.3442622950819672,46,0.24864864864864866,0.3442622950819672
0.9387755102040816,0.836734693877551,0.45652173913043476,0.3442622950819672,46,0.24864864864864866,0.3442622950819672
0.9387755102040816,0.8571428571428571,0.45652173913043476,0.3442622950819672,46,0.24864864864864866,0.3442622950819672
0.9387755102040816,0.8775510204081632,0.45652173913043476,0.3442622950819672,46,0.24864864864864866,0.3442622950819672
0.9387755102040816,0.8979591836734693,0.45652173913043476,0.3442622950819672,46,0.24864864864864866,0.3442622950819672
0.9387755102040816,0.9183673469387754,0.45652173913043476,0.3442622950819672,46,0.24864864864864866,0.3442622950819672
0.9387755102040816,0.9387755102040816,0.4794520547945205,0.5737704918032787,73,0.3945945945945946,0.5737704918032787
0.9387755102040816,0.9591836734693877,0.4673913043478261,0.7049180327868853,92,0.4972972972972973,0.7049180327868853
0.9387755102040816,0.9795918367346939,0.32972972972972975,1.0,185,1.0,1.0
0.9387755102040816,1.0,0.32972972972972975,1.0,185,1.0,1.0
0.9591836734693877,0.02040816326530612,0.45652173913043476,0.3442622950819672,46,0.24864864864864866,0.3442622950819672
0.9591836734693877,0.04081632653061224,0.45652173913043476,0.3442622950819672,46,0.24864864864864866,0.3442622950819672
0.9591836734693877,0.061224489795918366,0.45652173913043476,0.3442622950819672,46,0.24864864864864866,0.3442622950819672
0.9591836734693877,0.08163265306122448,0.45652173913043476,0.3442622950819672,46,0.24864864864864866,0.3442622950819672
0.9591836734693877,0.1020408163265306,0.45652173913043476,0.3442622950819672,46,0.24864864864864866,0.3442622950819672
0.9591836734693877,0.12244897959183673,0.45652173913043476,0.3442622950819672,46,0.24864864864864866,0.3442622950819672
0.9591836734693877,0.14285714285714285,0.45652173913043476,0.3442622950819672,46,0.24864864864864866,0.3442622950819672
0.9591836734693877,0.16326530612244897,0.45652173913043476,0.3442622950819672,46,0.24864864864864866,0.3442622950819672
0.9591836734693877,0.18367346938775508,0.45652173913043476,0.3442622950819672,46,0.24864864864864866,0.3442622950819672
0.9591836734693877,0.2040816326530612,0.45652173913043476,0.3442622950819672,46,0.24864864864864866,0.3442622950819672
0.9591836734693877,0.22448979591836732,0.45652173913043476,0.3442622950819672,46,0.24864864864864866,0.3442622950819672
0.9591836734693877,0.24489795918367346,0.45652173913043476,0.3442622950819672,46,0.24864864864864866,0.3442622950819672
0.9591836734693877,0.26530612244897955,0.45652173913043476,0.3442622950819672,46,0.24864864864864866,0.3442622950819672
0.9591836734693877,0.2857142857142857,0.45652173913043476,0.3442622950819672,46,0.24864864864864866,0.3442622950819672
0.9591836734693877,0.3061224489795918,0.45652173913043476,0.3442622950819672,46,0.24864864864864866,0.3442622950819672
0.9591836734693877,0.32653061224489793,0.45652173913043476,0.3442622950819672,46,0.24864864864864866,0.3442622950819672
0.9591836734693877,0.3469387755102041,0.45652173913043476,0.3442622950819672,46,0.24864864864864866,0.3442622950819672
0.9591836734693877,0.36734693877551017,0.45652173913043476,0.3442622950819672,46,0.24864864864864866,0.3442622950819672
0.9591836734693877,0.3877551020408163,0.45652173913043476,0.3442622950819672,46,0.24864864864864866,0.3442622950819672
0.9591836734693877,0.4081632653061224,0.45652173913043476,0.3442622950819672,46,0.24864864864864866,0.3442622950819672
0.9591836734693877,0.42857142857142855,0.45652173913043476,0.3442622950819672,46,0.24864864864864866,0.3442622950819672
0.9591836734693877,0.44897959183673464,0.45652173913043476,0.3442622950819672,46,0.24864864864864866,0.3442622950819672
0.9591836734693877,0.4693877551020408,0.45652173913043476,0.3442622950819672,46,0.24864864864864866,0.3442622950819672
0.9591836734693877,0.4897959183673469,0.45652173913043476,0.3442622950819672,46,0.24864864864864866,0.3442622950819672
0.9591836734693877,0.5102040816326531,0.45652173913043476,0.3442622950819672,46,0.24864864864864866,0.3442622950819672
0.9591836734693877,0.5306122448979591,0.45652173913043476,0.3442622950819672,46,0.24864864864864866,0.3442622950819672
0.9591836734693877,0.5510204081632653,0.45652173913043476,0.3442622950819672,46,0.24864864864864866,0.3442622950819672
0.9591836734693877,0.5714285714285714,0.45652173913043476,0.3442622950819672,46,0.24864864864864866,0.3442622950819672
0.9591836734693877,0.5918367346938775,0.45652173913043476,0.3442622950819672,46,0.24864864864864866,0.3442622950819672
0.9591836734693877,0.6122448979591836,0.45652173913043476,0.3442622950819672,46,0.24864864864864866,0.3442622950819672
0.9591836734693877,0.6326530612244897,0.45652173913043476,0.3442622950819672,46,0.24864864864864866,0.3442622950819672
0.9591836734693877,0.6530612244897959,0.45652173913043476,0.3442622950819672,46,0.24864864864864866,0.3442622950819672
0.9591836734693877,0.673469387755102,0.45652173913043476,0.3442622950819672,46,0.24864864864864866,0.3442622950819672
0.9591836734693877,0.6938775510204082,0.45652173913043476,0.3442622950819672,46,0.24864864864864866,0.3442622950819672
0.9591836734693877,0.7142857142857142,0.45652173913043476,0.3442622950819672,46,0.24864864864864866,0.3442622950819672
0.9591836734693877,0.7346938775510203,0.45652173913043476,0.3442622950819672,46,0.24864864864864866,0.3442622950819672
0.9591836734693877,0.7551020408163265,0.45652173913043476,0.3442622950819672,46,0.24864864864864866,0.3442622950819672
0.9591836734693877,0.7755102040816326,0.45652173913043476,0.3442622950819672,46,0.24864864864864866,0.3442622950819672
0.9591836734693877,0.7959183673469387,0.45652173913043476,0.3442622950819672,46,0.24864864864864866,0.3442622950819672
0.9591836734693877,0.8163265306122448,0.45652173913043476,0.3442622950819672,46,0.24864864864864866,0.3442622950819672
0.9591836734693877,0.836734693877551,0.45652173913043476,0.3442622950819672,46,0.24864864864864866,0.3442622950819672
0.9591836734693877,0.8571428571428571,0.45652173913043476,0.3442622950819672,46,0.24864864864864866,0.3442622950819672
0.9591836734693877,0.8775510204081632,0.45652173913043476,0.3442622950819672,46,0.24864864864864866,0.3442622950819672
0.9591836734693877,0.8979591836734693,0.45652173913043476,0.3442622950819672,46,0.24864864864864866,0.3442622950819672
0.9591836734693877,0.9183673469387754,0.45652173913043476,0.3442622950819672,46,0.24864864864864866,0.3442622950819672
0.9591836734693877,0.9387755102040816,0.4794520547945205,0.5737704918032787,73,0.3945945945945946,0.5737704918032787
0.9591836734693877,0.9591836734693877,0.4673913043478261,0.7049180327868853,92,0.4972972972972973,0.7049180327868853
0.9591836734693877,0.9795918367346939,0.32972972972972975,1.0,185,1.0,1.0
0.9591836734693877,1.0,0.32972972972972975,1.0,185,1.0,1.0
0.9795918367346939,0.02040816326530612,0.45652173913043476,0.3442622950819672,46,0.24864864864864866,0.3442622950819672
0.9795918367346939,0.04081632653061224,0.45652173913043476,0.3442622950819672,46,0.24864864864864866,0.3442622950819672
0.9795918367346939,0.061224489795918366,0.45652173913043476,0.3442622950819672,46,0.24864864864864866,0.3442622950819672
0.9795918367346939,0.08163265306122448,0.45652173913043476,0.3442622950819672,46,0.24864864864864866,0.3442622950819672
0.9795918367346939,0.1020408163265306,0.45652173913043476,0.3442622950819672,46,0.24864864864864866,0.3442622950819672
0.9795918367346939,0.12244897959183673,0.45652173913043476,0.3442622950819672,46,0.24864864864864866,0.3442622950819672
0.9795918367346939,0.14285714285714285,0.45652173913043476,0.3442622950819672,46,0.24864864864864866,0.3442622950819672
0.9795918367346939,0.16326530612244897,0.45652173913043476,0.3442622950819672,46,0.24864864864864866,0.3442622950819672
0.9795918367346939,0.18367346938775508,0.45652173913043476,0.3442622950819672,46,0.24864864864864866,0.3442622950819672
0.9795918367346939,0.2040816326530612,0.45652173913043476,0.3442622950819672,46,0.24864864864864866,0.3442622950819672
0.9795918367346939,0.22448979591836732,0.45652173913043476,0.3442622950819672,46,0.24864864864864866,0.3442622950819672
0.9795918367346939,0.24489795918367346,0.45652173913043476,0.3442622950819672,46,0.24864864864864866,0.3442622950819672
0.9795918367346939,0.26530612244897955,0.45652173913043476,0.3442622950819672,46,0.24864864864864866,0.3442622950819672
0.9795918367346939,0.2857142857142857,0.45652173913043476,0.3442622950819672,46,0.24864864864864866,0.3442622950819672
0.9795918367346939,0.3061224489795918,0.45652173913043476,0.3442622950819672,46,0.24864864864864866,0.3442622950819672
0.9795918367346939,0.32653061224489793,0.45652173913043476,0.3442622950819672,46,0.24864864864864866,0.3442622950819672
0.9795918367346939,0.3469387755102041,0.45652173913043476,0.3442622950819672,46,0.24864864864864866,0.3442622950819672
0.9795918367346939,0.36734693877551017,0.45652173913043476,0.3442622950819672,46,0.24864864864864866,0.3442622950819672
0.9795918367346939,0.3877551020408163,0.45652173913043476,0.3442622950819672,46,0.24864864864864866,0.3442622950819672
0.9795918367346939,0.4081632653061224,0.45652173913043476,0.3442622950819672,46,0.24864864864864866,0.3442622950819672
0.9795918367346939,0.42857142857142855,0.45652173913043476,0.3442622950819672,46,0.24864864864864866,0.3442622950819672
0.9795918367346939,0.44897959183673464,0.45652173913043476,0.3442622950819672,46,0.24864864864864866,0.3442622950819672
0.9795918367346939,0.4693877551020408,0.45652173913043476,0.3442622950819672,46,0.24864864864864866,0.3442622950819672
0.9795918367346939,0.4897959183673469,0.45652173913043476,0.3442622950819672,46,0.24864864864864866,0.3442622950819672
0.9795918367346939,0.5102040816326531,0.45652173913043476,0.3442622950819672,46,0.24864864864864866,0.3442622950819672
0.9795918367346939,0.5306122448979591,0.45652173913043476,0.3442622950819672,46,0.24864864864864866,0.3442622950819672
0.9795918367346939,0.5510204081632653,0.45652173913043476,0.3442622950819672,46,0.24864864864864866,0.3442622950819672
0.9795918367346939,0.5714285714285714,0.45652173913043476,0.3442622950819672,46,0.24864864864864866,0.3442622950819672
0.9795918367346939,0.5918367346938775,0.45652173913043476,0.3442622950819672,46,0.24864864864864866,0.3442622950819672
0.9795918367346939,0.6122448979591836,0.45652173913043476,0.3442622950819672,46,0.24864864864864866,0.3442622950819672
0.9795918367346939,0.6326530612244897,0.45652173913043476,0.3442622950819672,46,0.24864864864864866,0.3442622950819672
0.9795918367346939,0.6530612244897959,0.45652173913043476,0.3442622950819672,46,0.24864864864864866,0.3442622950819672
0.9795918367346939,0.673469387755102,0.45652173913043476,0.3442622950819672,46,0.24864864864864866,0.3442622950819672
0.9795918367346939,0.6938775510204082,0.45652173913043476,0.3442622950819672,46,0.24864864864864866,0.3442622950819672
0.9795918367346939,0.7142857142857142,0.45652173913043476,0.3442622950819672,46,0.24864864864864866,0.3442622950819672
0.9795918367346939,0.7346938775510203,0.45652173913043476,0.3442622950819672,46,0.24864864864864866,0.3442622950819672
0.9795918367346939,0.7551020408163265,0.45652173913043476,0.3442622950819672,46,0.24864864864864866,0.3442622950819672
0.9795918367346939,0.7755102040816326,0.45652173913043476,0.3442622950819672,46,0.24864864864864866,0.3442622950819672
0.9795918367346939,0.7959183673469387,0.45652173913043476,0.3442622950819672,46,0.24864864864864866,0.3442622950819672
0.9795918367346939,0.8163265306122448,0.45652173913043476,0.3442622950819672,46,0.24864864864864866,0.3442622950819672
0.9795918367346939,0.836734693877551,0.45652173913043476,0.3442622950819672,46,0.24864864864864866,0.3442622950819672
0.9795918367346939,0.8571428571428571,0.45652173913043476,0.3442622950819672,46,0.24864864864864866,0.3442622950819672
0.9795918367346939,0.8775510204081632,0.45652173913043476,0.3442622950819672,46,0.24864864864864866,0.3442622950819672
0.9795918367346939,0.8979591836734693,0.45652173913043476,0.3442622950819672,46,0.24864864864864866,0.3442622950819672
0.9795918367346939,0.9183673469387754,0.45652173913043476,0.3442622950819672,46,0.24864864864864866,0.3442622950819672
0.9795918367346939,0.9387755102040816,0.4794520547945205,0.5737704918032787,73,0.3945945945945946,0.5737704918032787
0.9795918367346939,0.9591836734693877,0.4673913043478261,0.7049180327868853,92,0.4972972972972973,0.7049180327868853
0.9795918367346939,0.9795918367346939,0.32972972972972975,1.0,185,1.0,1.0
0.9795918367346939,1.0,0.32972972972972975,1.0,185,1.0,1.0
1.0,0.02040816326530612,0.45652173913043476,0.3442622950819672,46,0.24864864864864866,0.3442622950819672
1.0,0.04081632653061224,0.45652173913043476,0.3442622950819672,46,0.24864864864864866,0.3442622950819672
1.0,0.061224489795918366,0.45652173913043476,0.3442622950819672,46,0.24864864864864866,0.3442622950819672
1.0,0.08163265306122448,0.45652173913043476,0.3442622950819672,46,0.24864864864864866,0.3442622950819672
1.0,0.1020408163265306,0.45652173913043476,0.3442622950819672,46,0.24864864864864866,0.3442622950819672
1.0,0.12244897959183673,0.45652173913043476,0.3442622950819672,46,0.24864864864864866,0.3442622950819672
1.0,0.14285714285714285,0.45652173913043476,0.3442622950819672,46,0.24864864864864866,0.3442622950819672
1.0,0.16326530612244897,0.45652173913043476,0.3442622950819672,46,0.24864864864864866,0.3442622950819672
1.0,0.18367346938775508,0.45652173913043476,0.3442622950819672,46,0.24864864864864866,0.3442622950819672
1.0,0.2040816326530612,0.45652173913043476,0.3442622950819672,46,0.24864864864864866,0.3442622950819672
1.0,0.22448979591836732,0.45652173913043476,0.3442622950819672,46,0.24864864864864866,0.3442622950819672
1.0,0.24489795918367346,0.45652173913043476,0.3442622950819672,46,0.24864864864864866,0.3442622950819672
1.0,0.26530612244897955,0.45652173913043476,0.3442622950819672,46,0.24864864864864866,0.3442622950819672
1.0,0.2857142857142857,0.45652173913043476,0.3442622950819672,46,0.24864864864864866,0.3442622950819672
1.0,0.3061224489795918,0.45652173913043476,0.3442622950819672,46,0.24864864864864866,0.3442622950819672
1.0,0.32653061224489793,0.45652173913043476,0.3442622950819672,46,0.24864864864864866,0.3442622950819672
1.0,0.3469387755102041,0.45652173913043476,0.3442622950819672,46,0.24864864864864866,0.3442622950819672
1.0,0.36734693877551017,0.45652173913043476,0.3442622950819672,46,0.24864864864864866,0.3442622950819672
1.0,0.3877551020408163,0.45652173913043476,0.3442622950819672,46,0.24864864864864866,0.3442622950819672
1.0,0.4081632653061224,0.45652173913043476,0.3442622950819672,46,0.24864864864864866,0.3442622950819672
1.0,0.42857142857142855,0.45652173913043476,0.3442622950819672,46,0.24864864864864866,0.3442622950819672
1.0,0.44897959183673464,0.45652173913043476,0.3442622950819672,46,0.24864864864864866,0.3442622950819672
1.0,0.4693877551020408,0.45652173913043476,0.3442622950819672,46,0.24864864864864866,0.3442622950819672
1.0,0.4897959183673469,0.45652173913043476,0.3442622950819672,46,0.24864864864864866,0.3442622950819672
1.0,0.5102040816326531,0.45652173913043476,0.3442622950819672,46,0.24864864864864866,0.3442622950819672
1.0,0.5306122448979591,0.45652173913043476,0.3442622950819672,46,0.24864864864864866,0.3442622950819672
1.0,0.5510204081632653,0.45652173913043476,0.3442622950819672,46,0.24864864864864866,0.3442622950819672
1.0,0.5714285714285714,0.45652173913043476,0.3442622950819672,46,0.24864864864864866,0.3442622950819672
1.0,0.5918367346938775,0.45652173913043476,0.3442622950819672,46,0.24864864864864866,0.3442622950819672
1.0,0.6122448979591836,0.45652173913043476,0.3442622950819672,46,0.24864864864864866,0.3442622950819672
1.0,0.6326530612244897,0.45652173913043476,0.3442622950819672,46,0.24864864864864866,0.3442622950819672
1.0,0.6530612244897959,0.45652173913043476,0.3442622950819672,46,0.24864864864864866,0.3442622950819672
1.0,0.673469387755102,0.45652173913043476,0.3442622950819672,46,0.24864864864864866,0.3442622950819672
1.0,0.6938775510204082,0.45652173913043476,0.3442622950819672,46,0.24864864864864866,0.3442622950819672
1.0,0.7142857142857142,0.45652173913043476,0.3442622950819672,46,0.24864864864864866,0.3442622950819672
1.0,0.7346938775510203,0.45652173913043476,0.3442622950819672,46,0.24864864864864866,0.3442622950819672
1.0,0.7551020408163265,0.45652173913043476,0.3442622950819672,46,0.24864864864864866,0.3442622950819672
1.0,0.7755102040816326,0.45652173913043476,0.3442622950819672,46,0.24864864864864866,0.3442622950819672
1.0,0.7959183673469387,0.45652173913043476,0.3442622950819672,46,0.24864864864864866,0.3442622950819672
1.0,0.8163265306122448,0.45652173913043476,0.3442622950819672,46,0.24864864864864866,0.3442622950819672
1.0,0.836734693877551,0.45652173913043476,0.3442622950819672,46,0.24864864864864866,0.3442622950819672
1.0,0.8571428571428571,0.45652173913043476,0.3442622950819672,46,0.24864864864864866,0.3442622950819672
1.0,0.8775510204081632,0.45652173913043476,0.3442622950819672,46,0.24864864864864866,0.3442622950819672
1.0,0.8979591836734693,0.45652173913043476,0.3442622950819672,46,0.24864864864864866,0.3442622950819672
1.0,0.9183673469387754,0.45652173913043476,0.3442622950819672,46,0.24864864864864866,0.3442622950819672
1.0,0.9387755102040816,0.4794520547945205,0.5737704918032787,73,0.3945945945945946,0.5737704918032787
1.0,0.9591836734693877,0.4673913043478261,0.7049180327868853,92,0.4972972972972973,0.7049180327868853
1.0,0.9795918367346939,0.32972972972972975,1.0,185,1.0,1.0
1.0,1.0,0.32972972972972975,1.0,185,1.0,1.0
