threshold,lambda,precision,recall,f1,count_pred,count_acc,predpos,acc
0.1,0.0,0.5362318840579711,0.6065573770491803,0.5692307692307692,69,37,0.372972972972973,0.6065573770491803
0.1,0.02040816326530612,0.5362318840579711,0.6065573770491803,0.5692307692307692,69,37,0.372972972972973,0.6065573770491803
0.1,0.04081632653061224,0.5362318840579711,0.6065573770491803,0.5692307692307692,69,37,0.372972972972973,0.6065573770491803
0.1,0.061224489795918366,0.5362318840579711,0.6065573770491803,0.5692307692307692,69,37,0.372972972972973,0.6065573770491803
0.1,0.08163265306122448,0.5362318840579711,0.6065573770491803,0.5692307692307692,69,37,0.372972972972973,0.6065573770491803
0.1,0.1020408163265306,0.5362318840579711,0.6065573770491803,0.5692307692307692,69,37,0.372972972972973,0.6065573770491803
0.1,0.12244897959183673,0.5362318840579711,0.6065573770491803,0.5692307692307692,69,37,0.372972972972973,0.6065573770491803
0.1,0.14285714285714285,0.5362318840579711,0.6065573770491803,0.5692307692307692,69,37,0.372972972972973,0.6065573770491803
0.1,0.16326530612244897,0.5362318840579711,0.6065573770491803,0.5692307692307692,69,37,0.372972972972973,0.6065573770491803
0.1,0.18367346938775508,0.5362318840579711,0.6065573770491803,0.5692307692307692,69,37,0.372972972972973,0.6065573770491803
0.1,0.2040816326530612,0.5362318840579711,0.6065573770491803,0.5692307692307692,69,37,0.372972972972973,0.6065573770491803
0.1,0.22448979591836732,0.5362318840579711,0.6065573770491803,0.5692307692307692,69,37,0.372972972972973,0.6065573770491803
0.1,0.24489795918367346,0.5362318840579711,0.6065573770491803,0.5692307692307692,69,37,0.372972972972973,0.6065573770491803
0.1,0.26530612244897955,0.5362318840579711,0.6065573770491803,0.5692307692307692,69,37,0.372972972972973,0.6065573770491803
0.1,0.2857142857142857,0.5362318840579711,0.6065573770491803,0.5692307692307692,69,37,0.372972972972973,0.6065573770491803
0.1,0.3061224489795918,0.5362318840579711,0.6065573770491803,0.5692307692307692,69,37,0.372972972972973,0.6065573770491803
0.1,0.32653061224489793,0.5362318840579711,0.6065573770491803,0.5692307692307692,69,37,0.372972972972973,0.6065573770491803
0.1,0.3469387755102041,0.5362318840579711,0.6065573770491803,0.5692307692307692,69,37,0.372972972972973,0.6065573770491803
0.1,0.36734693877551017,0.5362318840579711,0.6065573770491803,0.5692307692307692,69,37,0.372972972972973,0.6065573770491803
0.1,0.3877551020408163,0.5362318840579711,0.6065573770491803,0.5692307692307692,69,37,0.372972972972973,0.6065573770491803
0.1,0.4081632653061224,0.5362318840579711,0.6065573770491803,0.5692307692307692,69,37,0.372972972972973,0.6065573770491803
0.1,0.42857142857142855,0.5362318840579711,0.6065573770491803,0.5692307692307692,69,37,0.372972972972973,0.6065573770491803
0.1,0.44897959183673464,0.5362318840579711,0.6065573770491803,0.5692307692307692,69,37,0.372972972972973,0.6065573770491803
0.1,0.4693877551020408,0.5362318840579711,0.6065573770491803,0.5692307692307692,69,37,0.372972972972973,0.6065573770491803
0.1,0.4897959183673469,0.5362318840579711,0.6065573770491803,0.5692307692307692,69,37,0.372972972972973,0.6065573770491803
0.1,0.5102040816326531,0.5362318840579711,0.6065573770491803,0.5692307692307692,69,37,0.372972972972973,0.6065573770491803
0.1,0.5306122448979591,0.5362318840579711,0.6065573770491803,0.5692307692307692,69,37,0.372972972972973,0.6065573770491803
0.1,0.5510204081632653,0.5362318840579711,0.6065573770491803,0.5692307692307692,69,37,0.372972972972973,0.6065573770491803
0.1,0.5714285714285714,0.5362318840579711,0.6065573770491803,0.5692307692307692,69,37,0.372972972972973,0.6065573770491803
0.1,0.5918367346938775,0.5362318840579711,0.6065573770491803,0.5692307692307692,69,37,0.372972972972973,0.6065573770491803
0.1,0.6122448979591836,0.5362318840579711,0.6065573770491803,0.5692307692307692,69,37,0.372972972972973,0.6065573770491803
0.1,0.6326530612244897,0.5362318840579711,0.6065573770491803,0.5692307692307692,69,37,0.372972972972973,0.6065573770491803
0.1,0.6530612244897959,0.5362318840579711,0.6065573770491803,0.5692307692307692,69,37,0.372972972972973,0.6065573770491803
0.1,0.673469387755102,0.5362318840579711,0.6065573770491803,0.5692307692307692,69,37,0.372972972972973,0.6065573770491803
0.1,0.6938775510204082,0.5362318840579711,0.6065573770491803,0.5692307692307692,69,37,0.372972972972973,0.6065573770491803
0.1,0.7142857142857142,0.5362318840579711,0.6065573770491803,0.5692307692307692,69,37,0.372972972972973,0.6065573770491803
0.1,0.7346938775510203,0.5362318840579711,0.6065573770491803,0.5692307692307692,69,37,0.372972972972973,0.6065573770491803
0.1,0.7551020408163265,0.5362318840579711,0.6065573770491803,0.5692307692307692,69,37,0.372972972972973,0.6065573770491803
0.1,0.7755102040816326,0.5362318840579711,0.6065573770491803,0.5692307692307692,69,37,0.372972972972973,0.6065573770491803
0.1,0.7959183673469387,0.5362318840579711,0.6065573770491803,0.5692307692307692,69,37,0.372972972972973,0.6065573770491803
0.1,0.8163265306122448,0.5362318840579711,0.6065573770491803,0.5692307692307692,69,37,0.372972972972973,0.6065573770491803
0.1,0.836734693877551,0.5362318840579711,0.6065573770491803,0.5692307692307692,69,37,0.372972972972973,0.6065573770491803
0.1,0.8571428571428571,0.5362318840579711,0.6065573770491803,0.5692307692307692,69,37,0.372972972972973,0.6065573770491803
0.1,0.8775510204081632,0.5362318840579711,0.6065573770491803,0.5692307692307692,69,37,0.372972972972973,0.6065573770491803
0.1,0.8979591836734693,0.5362318840579711,0.6065573770491803,0.5692307692307692,69,37,0.372972972972973,0.6065573770491803
0.1,0.9183673469387754,0.5285714285714286,0.6065573770491803,0.5648854961832062,70,37,0.3783783783783784,0.6065573770491803
0.1,0.9387755102040816,0.5285714285714286,0.6065573770491803,0.5648854961832062,70,37,0.3783783783783784,0.6065573770491803
0.1,0.9591836734693877,0.5066666666666667,0.6229508196721312,0.5588235294117647,75,38,0.40540540540540543,0.6229508196721312
0.1,0.9795918367346939,0.47619047619047616,0.819672131147541,0.6024096385542168,105,50,0.5675675675675675,0.819672131147541
0.1,1.0,0.32972972972972975,1.0,0.49593495934959353,185,61,1.0,1.0
0.11836734693877551,0.0,0.5362318840579711,0.6065573770491803,0.5692307692307692,69,37,0.372972972972973,0.6065573770491803
0.11836734693877551,0.02040816326530612,0.5362318840579711,0.6065573770491803,0.5692307692307692,69,37,0.372972972972973,0.6065573770491803
0.11836734693877551,0.04081632653061224,0.5362318840579711,0.6065573770491803,0.5692307692307692,69,37,0.372972972972973,0.6065573770491803
0.11836734693877551,0.061224489795918366,0.5362318840579711,0.6065573770491803,0.5692307692307692,69,37,0.372972972972973,0.6065573770491803
0.11836734693877551,0.08163265306122448,0.5362318840579711,0.6065573770491803,0.5692307692307692,69,37,0.372972972972973,0.6065573770491803
0.11836734693877551,0.1020408163265306,0.5362318840579711,0.6065573770491803,0.5692307692307692,69,37,0.372972972972973,0.6065573770491803
0.11836734693877551,0.12244897959183673,0.5362318840579711,0.6065573770491803,0.5692307692307692,69,37,0.372972972972973,0.6065573770491803
0.11836734693877551,0.14285714285714285,0.5362318840579711,0.6065573770491803,0.5692307692307692,69,37,0.372972972972973,0.6065573770491803
0.11836734693877551,0.16326530612244897,0.5362318840579711,0.6065573770491803,0.5692307692307692,69,37,0.372972972972973,0.6065573770491803
0.11836734693877551,0.18367346938775508,0.5362318840579711,0.6065573770491803,0.5692307692307692,69,37,0.372972972972973,0.6065573770491803
0.11836734693877551,0.2040816326530612,0.5362318840579711,0.6065573770491803,0.5692307692307692,69,37,0.372972972972973,0.6065573770491803
0.11836734693877551,0.22448979591836732,0.5362318840579711,0.6065573770491803,0.5692307692307692,69,37,0.372972972972973,0.6065573770491803
0.11836734693877551,0.24489795918367346,0.5362318840579711,0.6065573770491803,0.5692307692307692,69,37,0.372972972972973,0.6065573770491803
0.11836734693877551,0.26530612244897955,0.5362318840579711,0.6065573770491803,0.5692307692307692,69,37,0.372972972972973,0.6065573770491803
0.11836734693877551,0.2857142857142857,0.5362318840579711,0.6065573770491803,0.5692307692307692,69,37,0.372972972972973,0.6065573770491803
0.11836734693877551,0.3061224489795918,0.5362318840579711,0.6065573770491803,0.5692307692307692,69,37,0.372972972972973,0.6065573770491803
0.11836734693877551,0.32653061224489793,0.5362318840579711,0.6065573770491803,0.5692307692307692,69,37,0.372972972972973,0.6065573770491803
0.11836734693877551,0.3469387755102041,0.5362318840579711,0.6065573770491803,0.5692307692307692,69,37,0.372972972972973,0.6065573770491803
0.11836734693877551,0.36734693877551017,0.5362318840579711,0.6065573770491803,0.5692307692307692,69,37,0.372972972972973,0.6065573770491803
0.11836734693877551,0.3877551020408163,0.5362318840579711,0.6065573770491803,0.5692307692307692,69,37,0.372972972972973,0.6065573770491803
0.11836734693877551,0.4081632653061224,0.5362318840579711,0.6065573770491803,0.5692307692307692,69,37,0.372972972972973,0.6065573770491803
0.11836734693877551,0.42857142857142855,0.5362318840579711,0.6065573770491803,0.5692307692307692,69,37,0.372972972972973,0.6065573770491803
0.11836734693877551,0.44897959183673464,0.5362318840579711,0.6065573770491803,0.5692307692307692,69,37,0.372972972972973,0.6065573770491803
0.11836734693877551,0.4693877551020408,0.5362318840579711,0.6065573770491803,0.5692307692307692,69,37,0.372972972972973,0.6065573770491803
0.11836734693877551,0.4897959183673469,0.5362318840579711,0.6065573770491803,0.5692307692307692,69,37,0.372972972972973,0.6065573770491803
0.11836734693877551,0.5102040816326531,0.5362318840579711,0.6065573770491803,0.5692307692307692,69,37,0.372972972972973,0.6065573770491803
0.11836734693877551,0.5306122448979591,0.5362318840579711,0.6065573770491803,0.5692307692307692,69,37,0.372972972972973,0.6065573770491803
0.11836734693877551,0.5510204081632653,0.5362318840579711,0.6065573770491803,0.5692307692307692,69,37,0.372972972972973,0.6065573770491803
0.11836734693877551,0.5714285714285714,0.5362318840579711,0.6065573770491803,0.5692307692307692,69,37,0.372972972972973,0.6065573770491803
0.11836734693877551,0.5918367346938775,0.5362318840579711,0.6065573770491803,0.5692307692307692,69,37,0.372972972972973,0.6065573770491803
0.11836734693877551,0.6122448979591836,0.5362318840579711,0.6065573770491803,0.5692307692307692,69,37,0.372972972972973,0.6065573770491803
0.11836734693877551,0.6326530612244897,0.5362318840579711,0.6065573770491803,0.5692307692307692,69,37,0.372972972972973,0.6065573770491803
0.11836734693877551,0.6530612244897959,0.5362318840579711,0.6065573770491803,0.5692307692307692,69,37,0.372972972972973,0.6065573770491803
0.11836734693877551,0.673469387755102,0.5362318840579711,0.6065573770491803,0.5692307692307692,69,37,0.372972972972973,0.6065573770491803
0.11836734693877551,0.6938775510204082,0.5362318840579711,0.6065573770491803,0.5692307692307692,69,37,0.372972972972973,0.6065573770491803
0.11836734693877551,0.7142857142857142,0.5362318840579711,0.6065573770491803,0.5692307692307692,69,37,0.372972972972973,0.6065573770491803
0.11836734693877551,0.7346938775510203,0.5362318840579711,0.6065573770491803,0.5692307692307692,69,37,0.372972972972973,0.6065573770491803
0.11836734693877551,0.7551020408163265,0.5362318840579711,0.6065573770491803,0.5692307692307692,69,37,0.372972972972973,0.6065573770491803
0.11836734693877551,0.7755102040816326,0.5362318840579711,0.6065573770491803,0.5692307692307692,69,37,0.372972972972973,0.6065573770491803
0.11836734693877551,0.7959183673469387,0.5362318840579711,0.6065573770491803,0.5692307692307692,69,37,0.372972972972973,0.6065573770491803
0.11836734693877551,0.8163265306122448,0.5362318840579711,0.6065573770491803,0.5692307692307692,69,37,0.372972972972973,0.6065573770491803
0.11836734693877551,0.836734693877551,0.5362318840579711,0.6065573770491803,0.5692307692307692,69,37,0.372972972972973,0.6065573770491803
0.11836734693877551,0.8571428571428571,0.5362318840579711,0.6065573770491803,0.5692307692307692,69,37,0.372972972972973,0.6065573770491803
0.11836734693877551,0.8775510204081632,0.5362318840579711,0.6065573770491803,0.5692307692307692,69,37,0.372972972972973,0.6065573770491803
0.11836734693877551,0.8979591836734693,0.5362318840579711,0.6065573770491803,0.5692307692307692,69,37,0.372972972972973,0.6065573770491803
0.11836734693877551,0.9183673469387754,0.5285714285714286,0.6065573770491803,0.5648854961832062,70,37,0.3783783783783784,0.6065573770491803
0.11836734693877551,0.9387755102040816,0.5285714285714286,0.6065573770491803,0.5648854961832062,70,37,0.3783783783783784,0.6065573770491803
0.11836734693877551,0.9591836734693877,0.5066666666666667,0.6229508196721312,0.5588235294117647,75,38,0.40540540540540543,0.6229508196721312
0.11836734693877551,0.9795918367346939,0.47619047619047616,0.819672131147541,0.6024096385542168,105,50,0.5675675675675675,0.819672131147541
0.11836734693877551,1.0,0.32972972972972975,1.0,0.49593495934959353,185,61,1.0,1.0
0.13673469387755102,0.0,0.5362318840579711,0.6065573770491803,0.5692307692307692,69,37,0.372972972972973,0.6065573770491803
0.13673469387755102,0.02040816326530612,0.5362318840579711,0.6065573770491803,0.5692307692307692,69,37,0.372972972972973,0.6065573770491803
0.13673469387755102,0.04081632653061224,0.5362318840579711,0.6065573770491803,0.5692307692307692,69,37,0.372972972972973,0.6065573770491803
0.13673469387755102,0.061224489795918366,0.5362318840579711,0.6065573770491803,0.5692307692307692,69,37,0.372972972972973,0.6065573770491803
0.13673469387755102,0.08163265306122448,0.5362318840579711,0.6065573770491803,0.5692307692307692,69,37,0.372972972972973,0.6065573770491803
0.13673469387755102,0.1020408163265306,0.5362318840579711,0.6065573770491803,0.5692307692307692,69,37,0.372972972972973,0.6065573770491803
0.13673469387755102,0.12244897959183673,0.5362318840579711,0.6065573770491803,0.5692307692307692,69,37,0.372972972972973,0.6065573770491803
0.13673469387755102,0.14285714285714285,0.5362318840579711,0.6065573770491803,0.5692307692307692,69,37,0.372972972972973,0.6065573770491803
0.13673469387755102,0.16326530612244897,0.5362318840579711,0.6065573770491803,0.5692307692307692,69,37,0.372972972972973,0.6065573770491803
0.13673469387755102,0.18367346938775508,0.5362318840579711,0.6065573770491803,0.5692307692307692,69,37,0.372972972972973,0.6065573770491803
0.13673469387755102,0.2040816326530612,0.5362318840579711,0.6065573770491803,0.5692307692307692,69,37,0.372972972972973,0.6065573770491803
0.13673469387755102,0.22448979591836732,0.5362318840579711,0.6065573770491803,0.5692307692307692,69,37,0.372972972972973,0.6065573770491803
0.13673469387755102,0.24489795918367346,0.5362318840579711,0.6065573770491803,0.5692307692307692,69,37,0.372972972972973,0.6065573770491803
0.13673469387755102,0.26530612244897955,0.5362318840579711,0.6065573770491803,0.5692307692307692,69,37,0.372972972972973,0.6065573770491803
0.13673469387755102,0.2857142857142857,0.5362318840579711,0.6065573770491803,0.5692307692307692,69,37,0.372972972972973,0.6065573770491803
0.13673469387755102,0.3061224489795918,0.5362318840579711,0.6065573770491803,0.5692307692307692,69,37,0.372972972972973,0.6065573770491803
0.13673469387755102,0.32653061224489793,0.5362318840579711,0.6065573770491803,0.5692307692307692,69,37,0.372972972972973,0.6065573770491803
0.13673469387755102,0.3469387755102041,0.5362318840579711,0.6065573770491803,0.5692307692307692,69,37,0.372972972972973,0.6065573770491803
0.13673469387755102,0.36734693877551017,0.5362318840579711,0.6065573770491803,0.5692307692307692,69,37,0.372972972972973,0.6065573770491803
0.13673469387755102,0.3877551020408163,0.5362318840579711,0.6065573770491803,0.5692307692307692,69,37,0.372972972972973,0.6065573770491803
0.13673469387755102,0.4081632653061224,0.5362318840579711,0.6065573770491803,0.5692307692307692,69,37,0.372972972972973,0.6065573770491803
0.13673469387755102,0.42857142857142855,0.5362318840579711,0.6065573770491803,0.5692307692307692,69,37,0.372972972972973,0.6065573770491803
0.13673469387755102,0.44897959183673464,0.5362318840579711,0.6065573770491803,0.5692307692307692,69,37,0.372972972972973,0.6065573770491803
0.13673469387755102,0.4693877551020408,0.5362318840579711,0.6065573770491803,0.5692307692307692,69,37,0.372972972972973,0.6065573770491803
0.13673469387755102,0.4897959183673469,0.5362318840579711,0.6065573770491803,0.5692307692307692,69,37,0.372972972972973,0.6065573770491803
0.13673469387755102,0.5102040816326531,0.5362318840579711,0.6065573770491803,0.5692307692307692,69,37,0.372972972972973,0.6065573770491803
0.13673469387755102,0.5306122448979591,0.5362318840579711,0.6065573770491803,0.5692307692307692,69,37,0.372972972972973,0.6065573770491803
0.13673469387755102,0.5510204081632653,0.5362318840579711,0.6065573770491803,0.5692307692307692,69,37,0.372972972972973,0.6065573770491803
0.13673469387755102,0.5714285714285714,0.5362318840579711,0.6065573770491803,0.5692307692307692,69,37,0.372972972972973,0.6065573770491803
0.13673469387755102,0.5918367346938775,0.5362318840579711,0.6065573770491803,0.5692307692307692,69,37,0.372972972972973,0.6065573770491803
0.13673469387755102,0.6122448979591836,0.5362318840579711,0.6065573770491803,0.5692307692307692,69,37,0.372972972972973,0.6065573770491803
0.13673469387755102,0.6326530612244897,0.5362318840579711,0.6065573770491803,0.5692307692307692,69,37,0.372972972972973,0.6065573770491803
0.13673469387755102,0.6530612244897959,0.5362318840579711,0.6065573770491803,0.5692307692307692,69,37,0.372972972972973,0.6065573770491803
0.13673469387755102,0.673469387755102,0.5362318840579711,0.6065573770491803,0.5692307692307692,69,37,0.372972972972973,0.6065573770491803
0.13673469387755102,0.6938775510204082,0.5362318840579711,0.6065573770491803,0.5692307692307692,69,37,0.372972972972973,0.6065573770491803
0.13673469387755102,0.7142857142857142,0.5362318840579711,0.6065573770491803,0.5692307692307692,69,37,0.372972972972973,0.6065573770491803
0.13673469387755102,0.7346938775510203,0.5362318840579711,0.6065573770491803,0.5692307692307692,69,37,0.372972972972973,0.6065573770491803
0.13673469387755102,0.7551020408163265,0.5362318840579711,0.6065573770491803,0.5692307692307692,69,37,0.372972972972973,0.6065573770491803
0.13673469387755102,0.7755102040816326,0.5362318840579711,0.6065573770491803,0.5692307692307692,69,37,0.372972972972973,0.6065573770491803
0.13673469387755102,0.7959183673469387,0.5362318840579711,0.6065573770491803,0.5692307692307692,69,37,0.372972972972973,0.6065573770491803
0.13673469387755102,0.8163265306122448,0.5362318840579711,0.6065573770491803,0.5692307692307692,69,37,0.372972972972973,0.6065573770491803
0.13673469387755102,0.836734693877551,0.5362318840579711,0.6065573770491803,0.5692307692307692,69,37,0.372972972972973,0.6065573770491803
0.13673469387755102,0.8571428571428571,0.5362318840579711,0.6065573770491803,0.5692307692307692,69,37,0.372972972972973,0.6065573770491803
0.13673469387755102,0.8775510204081632,0.5362318840579711,0.6065573770491803,0.5692307692307692,69,37,0.372972972972973,0.6065573770491803
0.13673469387755102,0.8979591836734693,0.5362318840579711,0.6065573770491803,0.5692307692307692,69,37,0.372972972972973,0.6065573770491803
0.13673469387755102,0.9183673469387754,0.5285714285714286,0.6065573770491803,0.5648854961832062,70,37,0.3783783783783784,0.6065573770491803
0.13673469387755102,0.9387755102040816,0.5285714285714286,0.6065573770491803,0.5648854961832062,70,37,0.3783783783783784,0.6065573770491803
0.13673469387755102,0.9591836734693877,0.5066666666666667,0.6229508196721312,0.5588235294117647,75,38,0.40540540540540543,0.6229508196721312
0.13673469387755102,0.9795918367346939,0.47619047619047616,0.819672131147541,0.6024096385542168,105,50,0.5675675675675675,0.819672131147541
0.13673469387755102,1.0,0.32972972972972975,1.0,0.49593495934959353,185,61,1.0,1.0
0.15510204081632656,0.0,0.5362318840579711,0.6065573770491803,0.5692307692307692,69,37,0.372972972972973,0.6065573770491803
0.15510204081632656,0.02040816326530612,0.5362318840579711,0.6065573770491803,0.5692307692307692,69,37,0.372972972972973,0.6065573770491803
0.15510204081632656,0.04081632653061224,0.5362318840579711,0.6065573770491803,0.5692307692307692,69,37,0.372972972972973,0.6065573770491803
0.15510204081632656,0.061224489795918366,0.5362318840579711,0.6065573770491803,0.5692307692307692,69,37,0.372972972972973,0.6065573770491803
0.15510204081632656,0.08163265306122448,0.5362318840579711,0.6065573770491803,0.5692307692307692,69,37,0.372972972972973,0.6065573770491803
0.15510204081632656,0.1020408163265306,0.5362318840579711,0.6065573770491803,0.5692307692307692,69,37,0.372972972972973,0.6065573770491803
0.15510204081632656,0.12244897959183673,0.5362318840579711,0.6065573770491803,0.5692307692307692,69,37,0.372972972972973,0.6065573770491803
0.15510204081632656,0.14285714285714285,0.5362318840579711,0.6065573770491803,0.5692307692307692,69,37,0.372972972972973,0.6065573770491803
0.15510204081632656,0.16326530612244897,0.5362318840579711,0.6065573770491803,0.5692307692307692,69,37,0.372972972972973,0.6065573770491803
0.15510204081632656,0.18367346938775508,0.5362318840579711,0.6065573770491803,0.5692307692307692,69,37,0.372972972972973,0.6065573770491803
0.15510204081632656,0.2040816326530612,0.5362318840579711,0.6065573770491803,0.5692307692307692,69,37,0.372972972972973,0.6065573770491803
0.15510204081632656,0.22448979591836732,0.5362318840579711,0.6065573770491803,0.5692307692307692,69,37,0.372972972972973,0.6065573770491803
0.15510204081632656,0.24489795918367346,0.5362318840579711,0.6065573770491803,0.5692307692307692,69,37,0.372972972972973,0.6065573770491803
0.15510204081632656,0.26530612244897955,0.5362318840579711,0.6065573770491803,0.5692307692307692,69,37,0.372972972972973,0.6065573770491803
0.15510204081632656,0.2857142857142857,0.5362318840579711,0.6065573770491803,0.5692307692307692,69,37,0.372972972972973,0.6065573770491803
0.15510204081632656,0.3061224489795918,0.5362318840579711,0.6065573770491803,0.5692307692307692,69,37,0.372972972972973,0.6065573770491803
0.15510204081632656,0.32653061224489793,0.5362318840579711,0.6065573770491803,0.5692307692307692,69,37,0.372972972972973,0.6065573770491803
0.15510204081632656,0.3469387755102041,0.5362318840579711,0.6065573770491803,0.5692307692307692,69,37,0.372972972972973,0.6065573770491803
0.15510204081632656,0.36734693877551017,0.5362318840579711,0.6065573770491803,0.5692307692307692,69,37,0.372972972972973,0.6065573770491803
0.15510204081632656,0.3877551020408163,0.5362318840579711,0.6065573770491803,0.5692307692307692,69,37,0.372972972972973,0.6065573770491803
0.15510204081632656,0.4081632653061224,0.5362318840579711,0.6065573770491803,0.5692307692307692,69,37,0.372972972972973,0.6065573770491803
0.15510204081632656,0.42857142857142855,0.5362318840579711,0.6065573770491803,0.5692307692307692,69,37,0.372972972972973,0.6065573770491803
0.15510204081632656,0.44897959183673464,0.5362318840579711,0.6065573770491803,0.5692307692307692,69,37,0.372972972972973,0.6065573770491803
0.15510204081632656,0.4693877551020408,0.5362318840579711,0.6065573770491803,0.5692307692307692,69,37,0.372972972972973,0.6065573770491803
0.15510204081632656,0.4897959183673469,0.5362318840579711,0.6065573770491803,0.5692307692307692,69,37,0.372972972972973,0.6065573770491803
0.15510204081632656,0.5102040816326531,0.5362318840579711,0.6065573770491803,0.5692307692307692,69,37,0.372972972972973,0.6065573770491803
0.15510204081632656,0.5306122448979591,0.5362318840579711,0.6065573770491803,0.5692307692307692,69,37,0.372972972972973,0.6065573770491803
0.15510204081632656,0.5510204081632653,0.5362318840579711,0.6065573770491803,0.5692307692307692,69,37,0.372972972972973,0.6065573770491803
0.15510204081632656,0.5714285714285714,0.5362318840579711,0.6065573770491803,0.5692307692307692,69,37,0.372972972972973,0.6065573770491803
0.15510204081632656,0.5918367346938775,0.5362318840579711,0.6065573770491803,0.5692307692307692,69,37,0.372972972972973,0.6065573770491803
0.15510204081632656,0.6122448979591836,0.5362318840579711,0.6065573770491803,0.5692307692307692,69,37,0.372972972972973,0.6065573770491803
0.15510204081632656,0.6326530612244897,0.5362318840579711,0.6065573770491803,0.5692307692307692,69,37,0.372972972972973,0.6065573770491803
0.15510204081632656,0.6530612244897959,0.5362318840579711,0.6065573770491803,0.5692307692307692,69,37,0.372972972972973,0.6065573770491803
0.15510204081632656,0.673469387755102,0.5362318840579711,0.6065573770491803,0.5692307692307692,69,37,0.372972972972973,0.6065573770491803
0.15510204081632656,0.6938775510204082,0.5362318840579711,0.6065573770491803,0.5692307692307692,69,37,0.372972972972973,0.6065573770491803
0.15510204081632656,0.7142857142857142,0.5362318840579711,0.6065573770491803,0.5692307692307692,69,37,0.372972972972973,0.6065573770491803
0.15510204081632656,0.7346938775510203,0.5362318840579711,0.6065573770491803,0.5692307692307692,69,37,0.372972972972973,0.6065573770491803
0.15510204081632656,0.7551020408163265,0.5362318840579711,0.6065573770491803,0.5692307692307692,69,37,0.372972972972973,0.6065573770491803
0.15510204081632656,0.7755102040816326,0.5362318840579711,0.6065573770491803,0.5692307692307692,69,37,0.372972972972973,0.6065573770491803
0.15510204081632656,0.7959183673469387,0.5362318840579711,0.6065573770491803,0.5692307692307692,69,37,0.372972972972973,0.6065573770491803
0.15510204081632656,0.8163265306122448,0.5362318840579711,0.6065573770491803,0.5692307692307692,69,37,0.372972972972973,0.6065573770491803
0.15510204081632656,0.836734693877551,0.5362318840579711,0.6065573770491803,0.5692307692307692,69,37,0.372972972972973,0.6065573770491803
0.15510204081632656,0.8571428571428571,0.5362318840579711,0.6065573770491803,0.5692307692307692,69,37,0.372972972972973,0.6065573770491803
0.15510204081632656,0.8775510204081632,0.5362318840579711,0.6065573770491803,0.5692307692307692,69,37,0.372972972972973,0.6065573770491803
0.15510204081632656,0.8979591836734693,0.5362318840579711,0.6065573770491803,0.5692307692307692,69,37,0.372972972972973,0.6065573770491803
0.15510204081632656,0.9183673469387754,0.5285714285714286,0.6065573770491803,0.5648854961832062,70,37,0.3783783783783784,0.6065573770491803
0.15510204081632656,0.9387755102040816,0.5285714285714286,0.6065573770491803,0.5648854961832062,70,37,0.3783783783783784,0.6065573770491803
0.15510204081632656,0.9591836734693877,0.5066666666666667,0.6229508196721312,0.5588235294117647,75,38,0.40540540540540543,0.6229508196721312
0.15510204081632656,0.9795918367346939,0.47619047619047616,0.819672131147541,0.6024096385542168,105,50,0.5675675675675675,0.819672131147541
0.15510204081632656,1.0,0.32972972972972975,1.0,0.49593495934959353,185,61,1.0,1.0
0.17346938775510207,0.0,0.5362318840579711,0.6065573770491803,0.5692307692307692,69,37,0.372972972972973,0.6065573770491803
0.17346938775510207,0.02040816326530612,0.5362318840579711,0.6065573770491803,0.5692307692307692,69,37,0.372972972972973,0.6065573770491803
0.17346938775510207,0.04081632653061224,0.5362318840579711,0.6065573770491803,0.5692307692307692,69,37,0.372972972972973,0.6065573770491803
0.17346938775510207,0.061224489795918366,0.5362318840579711,0.6065573770491803,0.5692307692307692,69,37,0.372972972972973,0.6065573770491803
0.17346938775510207,0.08163265306122448,0.5362318840579711,0.6065573770491803,0.5692307692307692,69,37,0.372972972972973,0.6065573770491803
0.17346938775510207,0.1020408163265306,0.5362318840579711,0.6065573770491803,0.5692307692307692,69,37,0.372972972972973,0.6065573770491803
0.17346938775510207,0.12244897959183673,0.5362318840579711,0.6065573770491803,0.5692307692307692,69,37,0.372972972972973,0.6065573770491803
0.17346938775510207,0.14285714285714285,0.5362318840579711,0.6065573770491803,0.5692307692307692,69,37,0.372972972972973,0.6065573770491803
0.17346938775510207,0.16326530612244897,0.5362318840579711,0.6065573770491803,0.5692307692307692,69,37,0.372972972972973,0.6065573770491803
0.17346938775510207,0.18367346938775508,0.5362318840579711,0.6065573770491803,0.5692307692307692,69,37,0.372972972972973,0.6065573770491803
0.17346938775510207,0.2040816326530612,0.5362318840579711,0.6065573770491803,0.5692307692307692,69,37,0.372972972972973,0.6065573770491803
0.17346938775510207,0.22448979591836732,0.5362318840579711,0.6065573770491803,0.5692307692307692,69,37,0.372972972972973,0.6065573770491803
0.17346938775510207,0.24489795918367346,0.5362318840579711,0.6065573770491803,0.5692307692307692,69,37,0.372972972972973,0.6065573770491803
0.17346938775510207,0.26530612244897955,0.5362318840579711,0.6065573770491803,0.5692307692307692,69,37,0.372972972972973,0.6065573770491803
0.17346938775510207,0.2857142857142857,0.5362318840579711,0.6065573770491803,0.5692307692307692,69,37,0.372972972972973,0.6065573770491803
0.17346938775510207,0.3061224489795918,0.5362318840579711,0.6065573770491803,0.5692307692307692,69,37,0.372972972972973,0.6065573770491803
0.17346938775510207,0.32653061224489793,0.5362318840579711,0.6065573770491803,0.5692307692307692,69,37,0.372972972972973,0.6065573770491803
0.17346938775510207,0.3469387755102041,0.5362318840579711,0.6065573770491803,0.5692307692307692,69,37,0.372972972972973,0.6065573770491803
0.17346938775510207,0.36734693877551017,0.5362318840579711,0.6065573770491803,0.5692307692307692,69,37,0.372972972972973,0.6065573770491803
0.17346938775510207,0.3877551020408163,0.5362318840579711,0.6065573770491803,0.5692307692307692,69,37,0.372972972972973,0.6065573770491803
0.17346938775510207,0.4081632653061224,0.5362318840579711,0.6065573770491803,0.5692307692307692,69,37,0.372972972972973,0.6065573770491803
0.17346938775510207,0.42857142857142855,0.5362318840579711,0.6065573770491803,0.5692307692307692,69,37,0.372972972972973,0.6065573770491803
0.17346938775510207,0.44897959183673464,0.5362318840579711,0.6065573770491803,0.5692307692307692,69,37,0.372972972972973,0.6065573770491803
0.17346938775510207,0.4693877551020408,0.5362318840579711,0.6065573770491803,0.5692307692307692,69,37,0.372972972972973,0.6065573770491803
0.17346938775510207,0.4897959183673469,0.5362318840579711,0.6065573770491803,0.5692307692307692,69,37,0.372972972972973,0.6065573770491803
0.17346938775510207,0.5102040816326531,0.5362318840579711,0.6065573770491803,0.5692307692307692,69,37,0.372972972972973,0.6065573770491803
0.17346938775510207,0.5306122448979591,0.5362318840579711,0.6065573770491803,0.5692307692307692,69,37,0.372972972972973,0.6065573770491803
0.17346938775510207,0.5510204081632653,0.5362318840579711,0.6065573770491803,0.5692307692307692,69,37,0.372972972972973,0.6065573770491803
0.17346938775510207,0.5714285714285714,0.5362318840579711,0.6065573770491803,0.5692307692307692,69,37,0.372972972972973,0.6065573770491803
0.17346938775510207,0.5918367346938775,0.5362318840579711,0.6065573770491803,0.5692307692307692,69,37,0.372972972972973,0.6065573770491803
0.17346938775510207,0.6122448979591836,0.5362318840579711,0.6065573770491803,0.5692307692307692,69,37,0.372972972972973,0.6065573770491803
0.17346938775510207,0.6326530612244897,0.5362318840579711,0.6065573770491803,0.5692307692307692,69,37,0.372972972972973,0.6065573770491803
0.17346938775510207,0.6530612244897959,0.5362318840579711,0.6065573770491803,0.5692307692307692,69,37,0.372972972972973,0.6065573770491803
0.17346938775510207,0.673469387755102,0.5362318840579711,0.6065573770491803,0.5692307692307692,69,37,0.372972972972973,0.6065573770491803
0.17346938775510207,0.6938775510204082,0.5362318840579711,0.6065573770491803,0.5692307692307692,69,37,0.372972972972973,0.6065573770491803
0.17346938775510207,0.7142857142857142,0.5362318840579711,0.6065573770491803,0.5692307692307692,69,37,0.372972972972973,0.6065573770491803
0.17346938775510207,0.7346938775510203,0.5362318840579711,0.6065573770491803,0.5692307692307692,69,37,0.372972972972973,0.6065573770491803
0.17346938775510207,0.7551020408163265,0.5362318840579711,0.6065573770491803,0.5692307692307692,69,37,0.372972972972973,0.6065573770491803
0.17346938775510207,0.7755102040816326,0.5362318840579711,0.6065573770491803,0.5692307692307692,69,37,0.372972972972973,0.6065573770491803
0.17346938775510207,0.7959183673469387,0.5362318840579711,0.6065573770491803,0.5692307692307692,69,37,0.372972972972973,0.6065573770491803
0.17346938775510207,0.8163265306122448,0.5362318840579711,0.6065573770491803,0.5692307692307692,69,37,0.372972972972973,0.6065573770491803
0.17346938775510207,0.836734693877551,0.5362318840579711,0.6065573770491803,0.5692307692307692,69,37,0.372972972972973,0.6065573770491803
0.17346938775510207,0.8571428571428571,0.5362318840579711,0.6065573770491803,0.5692307692307692,69,37,0.372972972972973,0.6065573770491803
0.17346938775510207,0.8775510204081632,0.5362318840579711,0.6065573770491803,0.5692307692307692,69,37,0.372972972972973,0.6065573770491803
0.17346938775510207,0.8979591836734693,0.5362318840579711,0.6065573770491803,0.5692307692307692,69,37,0.372972972972973,0.6065573770491803
0.17346938775510207,0.9183673469387754,0.5285714285714286,0.6065573770491803,0.5648854961832062,70,37,0.3783783783783784,0.6065573770491803
0.17346938775510207,0.9387755102040816,0.5068493150684932,0.6065573770491803,0.5522388059701493,73,37,0.3945945945945946,0.6065573770491803
0.17346938775510207,0.9591836734693877,0.5066666666666667,0.6229508196721312,0.5588235294117647,75,38,0.40540540540540543,0.6229508196721312
0.17346938775510207,0.9795918367346939,0.47619047619047616,0.819672131147541,0.6024096385542168,105,50,0.5675675675675675,0.819672131147541
0.17346938775510207,1.0,0.32972972972972975,1.0,0.49593495934959353,185,61,1.0,1.0
0.19183673469387758,0.0,0.5362318840579711,0.6065573770491803,0.5692307692307692,69,37,0.372972972972973,0.6065573770491803
0.19183673469387758,0.02040816326530612,0.5362318840579711,0.6065573770491803,0.5692307692307692,69,37,0.372972972972973,0.6065573770491803
0.19183673469387758,0.04081632653061224,0.5362318840579711,0.6065573770491803,0.5692307692307692,69,37,0.372972972972973,0.6065573770491803
0.19183673469387758,0.061224489795918366,0.5362318840579711,0.6065573770491803,0.5692307692307692,69,37,0.372972972972973,0.6065573770491803
0.19183673469387758,0.08163265306122448,0.5362318840579711,0.6065573770491803,0.5692307692307692,69,37,0.372972972972973,0.6065573770491803
0.19183673469387758,0.1020408163265306,0.5362318840579711,0.6065573770491803,0.5692307692307692,69,37,0.372972972972973,0.6065573770491803
0.19183673469387758,0.12244897959183673,0.5362318840579711,0.6065573770491803,0.5692307692307692,69,37,0.372972972972973,0.6065573770491803
0.19183673469387758,0.14285714285714285,0.5362318840579711,0.6065573770491803,0.5692307692307692,69,37,0.372972972972973,0.6065573770491803
0.19183673469387758,0.16326530612244897,0.5362318840579711,0.6065573770491803,0.5692307692307692,69,37,0.372972972972973,0.6065573770491803
0.19183673469387758,0.18367346938775508,0.5362318840579711,0.6065573770491803,0.5692307692307692,69,37,0.372972972972973,0.6065573770491803
0.19183673469387758,0.2040816326530612,0.5362318840579711,0.6065573770491803,0.5692307692307692,69,37,0.372972972972973,0.6065573770491803
0.19183673469387758,0.22448979591836732,0.5362318840579711,0.6065573770491803,0.5692307692307692,69,37,0.372972972972973,0.6065573770491803
0.19183673469387758,0.24489795918367346,0.5362318840579711,0.6065573770491803,0.5692307692307692,69,37,0.372972972972973,0.6065573770491803
0.19183673469387758,0.26530612244897955,0.5362318840579711,0.6065573770491803,0.5692307692307692,69,37,0.372972972972973,0.6065573770491803
0.19183673469387758,0.2857142857142857,0.5362318840579711,0.6065573770491803,0.5692307692307692,69,37,0.372972972972973,0.6065573770491803
0.19183673469387758,0.3061224489795918,0.5362318840579711,0.6065573770491803,0.5692307692307692,69,37,0.372972972972973,0.6065573770491803
0.19183673469387758,0.32653061224489793,0.5362318840579711,0.6065573770491803,0.5692307692307692,69,37,0.372972972972973,0.6065573770491803
0.19183673469387758,0.3469387755102041,0.5362318840579711,0.6065573770491803,0.5692307692307692,69,37,0.372972972972973,0.6065573770491803
0.19183673469387758,0.36734693877551017,0.5362318840579711,0.6065573770491803,0.5692307692307692,69,37,0.372972972972973,0.6065573770491803
0.19183673469387758,0.3877551020408163,0.5362318840579711,0.6065573770491803,0.5692307692307692,69,37,0.372972972972973,0.6065573770491803
0.19183673469387758,0.4081632653061224,0.5362318840579711,0.6065573770491803,0.5692307692307692,69,37,0.372972972972973,0.6065573770491803
0.19183673469387758,0.42857142857142855,0.5362318840579711,0.6065573770491803,0.5692307692307692,69,37,0.372972972972973,0.6065573770491803
0.19183673469387758,0.44897959183673464,0.5362318840579711,0.6065573770491803,0.5692307692307692,69,37,0.372972972972973,0.6065573770491803
0.19183673469387758,0.4693877551020408,0.5362318840579711,0.6065573770491803,0.5692307692307692,69,37,0.372972972972973,0.6065573770491803
0.19183673469387758,0.4897959183673469,0.5362318840579711,0.6065573770491803,0.5692307692307692,69,37,0.372972972972973,0.6065573770491803
0.19183673469387758,0.5102040816326531,0.5362318840579711,0.6065573770491803,0.5692307692307692,69,37,0.372972972972973,0.6065573770491803
0.19183673469387758,0.5306122448979591,0.5362318840579711,0.6065573770491803,0.5692307692307692,69,37,0.372972972972973,0.6065573770491803
0.19183673469387758,0.5510204081632653,0.5362318840579711,0.6065573770491803,0.5692307692307692,69,37,0.372972972972973,0.6065573770491803
0.19183673469387758,0.5714285714285714,0.5362318840579711,0.6065573770491803,0.5692307692307692,69,37,0.372972972972973,0.6065573770491803
0.19183673469387758,0.5918367346938775,0.5362318840579711,0.6065573770491803,0.5692307692307692,69,37,0.372972972972973,0.6065573770491803
0.19183673469387758,0.6122448979591836,0.5362318840579711,0.6065573770491803,0.5692307692307692,69,37,0.372972972972973,0.6065573770491803
0.19183673469387758,0.6326530612244897,0.5362318840579711,0.6065573770491803,0.5692307692307692,69,37,0.372972972972973,0.6065573770491803
0.19183673469387758,0.6530612244897959,0.5362318840579711,0.6065573770491803,0.5692307692307692,69,37,0.372972972972973,0.6065573770491803
0.19183673469387758,0.673469387755102,0.5362318840579711,0.6065573770491803,0.5692307692307692,69,37,0.372972972972973,0.6065573770491803
0.19183673469387758,0.6938775510204082,0.5362318840579711,0.6065573770491803,0.5692307692307692,69,37,0.372972972972973,0.6065573770491803
0.19183673469387758,0.7142857142857142,0.5362318840579711,0.6065573770491803,0.5692307692307692,69,37,0.372972972972973,0.6065573770491803
0.19183673469387758,0.7346938775510203,0.5362318840579711,0.6065573770491803,0.5692307692307692,69,37,0.372972972972973,0.6065573770491803
0.19183673469387758,0.7551020408163265,0.5362318840579711,0.6065573770491803,0.5692307692307692,69,37,0.372972972972973,0.6065573770491803
0.19183673469387758,0.7755102040816326,0.5362318840579711,0.6065573770491803,0.5692307692307692,69,37,0.372972972972973,0.6065573770491803
0.19183673469387758,0.7959183673469387,0.5362318840579711,0.6065573770491803,0.5692307692307692,69,37,0.372972972972973,0.6065573770491803
0.19183673469387758,0.8163265306122448,0.5362318840579711,0.6065573770491803,0.5692307692307692,69,37,0.372972972972973,0.6065573770491803
0.19183673469387758,0.836734693877551,0.5362318840579711,0.6065573770491803,0.5692307692307692,69,37,0.372972972972973,0.6065573770491803
0.19183673469387758,0.8571428571428571,0.5362318840579711,0.6065573770491803,0.5692307692307692,69,37,0.372972972972973,0.6065573770491803
0.19183673469387758,0.8775510204081632,0.5362318840579711,0.6065573770491803,0.5692307692307692,69,37,0.372972972972973,0.6065573770491803
0.19183673469387758,0.8979591836734693,0.5362318840579711,0.6065573770491803,0.5692307692307692,69,37,0.372972972972973,0.6065573770491803
0.19183673469387758,0.9183673469387754,0.5068493150684932,0.6065573770491803,0.5522388059701493,73,37,0.3945945945945946,0.6065573770491803
0.19183673469387758,0.9387755102040816,0.5068493150684932,0.6065573770491803,0.5522388059701493,73,37,0.3945945945945946,0.6065573770491803
0.19183673469387758,0.9591836734693877,0.5066666666666667,0.6229508196721312,0.5588235294117647,75,38,0.40540540540540543,0.6229508196721312
0.19183673469387758,0.9795918367346939,0.47619047619047616,0.819672131147541,0.6024096385542168,105,50,0.5675675675675675,0.819672131147541
0.19183673469387758,1.0,0.32972972972972975,1.0,0.49593495934959353,185,61,1.0,1.0
0.21020408163265308,0.0,0.5362318840579711,0.6065573770491803,0.5692307692307692,69,37,0.372972972972973,0.6065573770491803
0.21020408163265308,0.02040816326530612,0.5362318840579711,0.6065573770491803,0.5692307692307692,69,37,0.372972972972973,0.6065573770491803
0.21020408163265308,0.04081632653061224,0.5362318840579711,0.6065573770491803,0.5692307692307692,69,37,0.372972972972973,0.6065573770491803
0.21020408163265308,0.061224489795918366,0.5362318840579711,0.6065573770491803,0.5692307692307692,69,37,0.372972972972973,0.6065573770491803
0.21020408163265308,0.08163265306122448,0.5362318840579711,0.6065573770491803,0.5692307692307692,69,37,0.372972972972973,0.6065573770491803
0.21020408163265308,0.1020408163265306,0.5362318840579711,0.6065573770491803,0.5692307692307692,69,37,0.372972972972973,0.6065573770491803
0.21020408163265308,0.12244897959183673,0.5362318840579711,0.6065573770491803,0.5692307692307692,69,37,0.372972972972973,0.6065573770491803
0.21020408163265308,0.14285714285714285,0.5362318840579711,0.6065573770491803,0.5692307692307692,69,37,0.372972972972973,0.6065573770491803
0.21020408163265308,0.16326530612244897,0.5362318840579711,0.6065573770491803,0.5692307692307692,69,37,0.372972972972973,0.6065573770491803
0.21020408163265308,0.18367346938775508,0.5362318840579711,0.6065573770491803,0.5692307692307692,69,37,0.372972972972973,0.6065573770491803
0.21020408163265308,0.2040816326530612,0.5362318840579711,0.6065573770491803,0.5692307692307692,69,37,0.372972972972973,0.6065573770491803
0.21020408163265308,0.22448979591836732,0.5362318840579711,0.6065573770491803,0.5692307692307692,69,37,0.372972972972973,0.6065573770491803
0.21020408163265308,0.24489795918367346,0.5362318840579711,0.6065573770491803,0.5692307692307692,69,37,0.372972972972973,0.6065573770491803
0.21020408163265308,0.26530612244897955,0.5362318840579711,0.6065573770491803,0.5692307692307692,69,37,0.372972972972973,0.6065573770491803
0.21020408163265308,0.2857142857142857,0.5362318840579711,0.6065573770491803,0.5692307692307692,69,37,0.372972972972973,0.6065573770491803
0.21020408163265308,0.3061224489795918,0.5362318840579711,0.6065573770491803,0.5692307692307692,69,37,0.372972972972973,0.6065573770491803
0.21020408163265308,0.32653061224489793,0.5362318840579711,0.6065573770491803,0.5692307692307692,69,37,0.372972972972973,0.6065573770491803
0.21020408163265308,0.3469387755102041,0.5362318840579711,0.6065573770491803,0.5692307692307692,69,37,0.372972972972973,0.6065573770491803
0.21020408163265308,0.36734693877551017,0.5362318840579711,0.6065573770491803,0.5692307692307692,69,37,0.372972972972973,0.6065573770491803
0.21020408163265308,0.3877551020408163,0.5362318840579711,0.6065573770491803,0.5692307692307692,69,37,0.372972972972973,0.6065573770491803
0.21020408163265308,0.4081632653061224,0.5362318840579711,0.6065573770491803,0.5692307692307692,69,37,0.372972972972973,0.6065573770491803
0.21020408163265308,0.42857142857142855,0.5362318840579711,0.6065573770491803,0.5692307692307692,69,37,0.372972972972973,0.6065573770491803
0.21020408163265308,0.44897959183673464,0.5362318840579711,0.6065573770491803,0.5692307692307692,69,37,0.372972972972973,0.6065573770491803
0.21020408163265308,0.4693877551020408,0.5362318840579711,0.6065573770491803,0.5692307692307692,69,37,0.372972972972973,0.6065573770491803
0.21020408163265308,0.4897959183673469,0.5362318840579711,0.6065573770491803,0.5692307692307692,69,37,0.372972972972973,0.6065573770491803
0.21020408163265308,0.5102040816326531,0.5362318840579711,0.6065573770491803,0.5692307692307692,69,37,0.372972972972973,0.6065573770491803
0.21020408163265308,0.5306122448979591,0.5362318840579711,0.6065573770491803,0.5692307692307692,69,37,0.372972972972973,0.6065573770491803
0.21020408163265308,0.5510204081632653,0.5362318840579711,0.6065573770491803,0.5692307692307692,69,37,0.372972972972973,0.6065573770491803
0.21020408163265308,0.5714285714285714,0.5362318840579711,0.6065573770491803,0.5692307692307692,69,37,0.372972972972973,0.6065573770491803
0.21020408163265308,0.5918367346938775,0.5362318840579711,0.6065573770491803,0.5692307692307692,69,37,0.372972972972973,0.6065573770491803
0.21020408163265308,0.6122448979591836,0.5362318840579711,0.6065573770491803,0.5692307692307692,69,37,0.372972972972973,0.6065573770491803
0.21020408163265308,0.6326530612244897,0.5362318840579711,0.6065573770491803,0.5692307692307692,69,37,0.372972972972973,0.6065573770491803
0.21020408163265308,0.6530612244897959,0.5362318840579711,0.6065573770491803,0.5692307692307692,69,37,0.372972972972973,0.6065573770491803
0.21020408163265308,0.673469387755102,0.5362318840579711,0.6065573770491803,0.5692307692307692,69,37,0.372972972972973,0.6065573770491803
0.21020408163265308,0.6938775510204082,0.5362318840579711,0.6065573770491803,0.5692307692307692,69,37,0.372972972972973,0.6065573770491803
0.21020408163265308,0.7142857142857142,0.5362318840579711,0.6065573770491803,0.5692307692307692,69,37,0.372972972972973,0.6065573770491803
0.21020408163265308,0.7346938775510203,0.5362318840579711,0.6065573770491803,0.5692307692307692,69,37,0.372972972972973,0.6065573770491803
0.21020408163265308,0.7551020408163265,0.5362318840579711,0.6065573770491803,0.5692307692307692,69,37,0.372972972972973,0.6065573770491803
0.21020408163265308,0.7755102040816326,0.5362318840579711,0.6065573770491803,0.5692307692307692,69,37,0.372972972972973,0.6065573770491803
0.21020408163265308,0.7959183673469387,0.5362318840579711,0.6065573770491803,0.5692307692307692,69,37,0.372972972972973,0.6065573770491803
0.21020408163265308,0.8163265306122448,0.5362318840579711,0.6065573770491803,0.5692307692307692,69,37,0.372972972972973,0.6065573770491803
0.21020408163265308,0.836734693877551,0.5362318840579711,0.6065573770491803,0.5692307692307692,69,37,0.372972972972973,0.6065573770491803
0.21020408163265308,0.8571428571428571,0.5362318840579711,0.6065573770491803,0.5692307692307692,69,37,0.372972972972973,0.6065573770491803
0.21020408163265308,0.8775510204081632,0.5362318840579711,0.6065573770491803,0.5692307692307692,69,37,0.372972972972973,0.6065573770491803
0.21020408163265308,0.8979591836734693,0.5362318840579711,0.6065573770491803,0.5692307692307692,69,37,0.372972972972973,0.6065573770491803
0.21020408163265308,0.9183673469387754,0.5068493150684932,0.6065573770491803,0.5522388059701493,73,37,0.3945945945945946,0.6065573770491803
0.21020408163265308,0.9387755102040816,0.5068493150684932,0.6065573770491803,0.5522388059701493,73,37,0.3945945945945946,0.6065573770491803
0.21020408163265308,0.9591836734693877,0.5066666666666667,0.6229508196721312,0.5588235294117647,75,38,0.40540540540540543,0.6229508196721312
0.21020408163265308,0.9795918367346939,0.4766355140186916,0.8360655737704918,0.6071428571428571,107,51,0.5783783783783784,0.8360655737704918
0.21020408163265308,1.0,0.32972972972972975,1.0,0.49593495934959353,185,61,1.0,1.0
0.2285714285714286,0.0,0.5362318840579711,0.6065573770491803,0.5692307692307692,69,37,0.372972972972973,0.6065573770491803
0.2285714285714286,0.02040816326530612,0.5362318840579711,0.6065573770491803,0.5692307692307692,69,37,0.372972972972973,0.6065573770491803
0.2285714285714286,0.04081632653061224,0.5362318840579711,0.6065573770491803,0.5692307692307692,69,37,0.372972972972973,0.6065573770491803
0.2285714285714286,0.061224489795918366,0.5362318840579711,0.6065573770491803,0.5692307692307692,69,37,0.372972972972973,0.6065573770491803
0.2285714285714286,0.08163265306122448,0.5362318840579711,0.6065573770491803,0.5692307692307692,69,37,0.372972972972973,0.6065573770491803
0.2285714285714286,0.1020408163265306,0.5362318840579711,0.6065573770491803,0.5692307692307692,69,37,0.372972972972973,0.6065573770491803
0.2285714285714286,0.12244897959183673,0.5362318840579711,0.6065573770491803,0.5692307692307692,69,37,0.372972972972973,0.6065573770491803
0.2285714285714286,0.14285714285714285,0.5362318840579711,0.6065573770491803,0.5692307692307692,69,37,0.372972972972973,0.6065573770491803
0.2285714285714286,0.16326530612244897,0.5362318840579711,0.6065573770491803,0.5692307692307692,69,37,0.372972972972973,0.6065573770491803
0.2285714285714286,0.18367346938775508,0.5362318840579711,0.6065573770491803,0.5692307692307692,69,37,0.372972972972973,0.6065573770491803
0.2285714285714286,0.2040816326530612,0.5362318840579711,0.6065573770491803,0.5692307692307692,69,37,0.372972972972973,0.6065573770491803
0.2285714285714286,0.22448979591836732,0.5362318840579711,0.6065573770491803,0.5692307692307692,69,37,0.372972972972973,0.6065573770491803
0.2285714285714286,0.24489795918367346,0.5362318840579711,0.6065573770491803,0.5692307692307692,69,37,0.372972972972973,0.6065573770491803
0.2285714285714286,0.26530612244897955,0.5362318840579711,0.6065573770491803,0.5692307692307692,69,37,0.372972972972973,0.6065573770491803
0.2285714285714286,0.2857142857142857,0.5362318840579711,0.6065573770491803,0.5692307692307692,69,37,0.372972972972973,0.6065573770491803
0.2285714285714286,0.3061224489795918,0.5362318840579711,0.6065573770491803,0.5692307692307692,69,37,0.372972972972973,0.6065573770491803
0.2285714285714286,0.32653061224489793,0.5362318840579711,0.6065573770491803,0.5692307692307692,69,37,0.372972972972973,0.6065573770491803
0.2285714285714286,0.3469387755102041,0.5362318840579711,0.6065573770491803,0.5692307692307692,69,37,0.372972972972973,0.6065573770491803
0.2285714285714286,0.36734693877551017,0.5362318840579711,0.6065573770491803,0.5692307692307692,69,37,0.372972972972973,0.6065573770491803
0.2285714285714286,0.3877551020408163,0.5362318840579711,0.6065573770491803,0.5692307692307692,69,37,0.372972972972973,0.6065573770491803
0.2285714285714286,0.4081632653061224,0.5362318840579711,0.6065573770491803,0.5692307692307692,69,37,0.372972972972973,0.6065573770491803
0.2285714285714286,0.42857142857142855,0.5362318840579711,0.6065573770491803,0.5692307692307692,69,37,0.372972972972973,0.6065573770491803
0.2285714285714286,0.44897959183673464,0.5362318840579711,0.6065573770491803,0.5692307692307692,69,37,0.372972972972973,0.6065573770491803
0.2285714285714286,0.4693877551020408,0.5362318840579711,0.6065573770491803,0.5692307692307692,69,37,0.372972972972973,0.6065573770491803
0.2285714285714286,0.4897959183673469,0.5362318840579711,0.6065573770491803,0.5692307692307692,69,37,0.372972972972973,0.6065573770491803
0.2285714285714286,0.5102040816326531,0.5362318840579711,0.6065573770491803,0.5692307692307692,69,37,0.372972972972973,0.6065573770491803
0.2285714285714286,0.5306122448979591,0.5362318840579711,0.6065573770491803,0.5692307692307692,69,37,0.372972972972973,0.6065573770491803
0.2285714285714286,0.5510204081632653,0.5362318840579711,0.6065573770491803,0.5692307692307692,69,37,0.372972972972973,0.6065573770491803
0.2285714285714286,0.5714285714285714,0.5362318840579711,0.6065573770491803,0.5692307692307692,69,37,0.372972972972973,0.6065573770491803
0.2285714285714286,0.5918367346938775,0.5362318840579711,0.6065573770491803,0.5692307692307692,69,37,0.372972972972973,0.6065573770491803
0.2285714285714286,0.6122448979591836,0.5362318840579711,0.6065573770491803,0.5692307692307692,69,37,0.372972972972973,0.6065573770491803
0.2285714285714286,0.6326530612244897,0.5362318840579711,0.6065573770491803,0.5692307692307692,69,37,0.372972972972973,0.6065573770491803
0.2285714285714286,0.6530612244897959,0.5362318840579711,0.6065573770491803,0.5692307692307692,69,37,0.372972972972973,0.6065573770491803
0.2285714285714286,0.673469387755102,0.5362318840579711,0.6065573770491803,0.5692307692307692,69,37,0.372972972972973,0.6065573770491803
0.2285714285714286,0.6938775510204082,0.5362318840579711,0.6065573770491803,0.5692307692307692,69,37,0.372972972972973,0.6065573770491803
0.2285714285714286,0.7142857142857142,0.5362318840579711,0.6065573770491803,0.5692307692307692,69,37,0.372972972972973,0.6065573770491803
0.2285714285714286,0.7346938775510203,0.5362318840579711,0.6065573770491803,0.5692307692307692,69,37,0.372972972972973,0.6065573770491803
0.2285714285714286,0.7551020408163265,0.5362318840579711,0.6065573770491803,0.5692307692307692,69,37,0.372972972972973,0.6065573770491803
0.2285714285714286,0.7755102040816326,0.5362318840579711,0.6065573770491803,0.5692307692307692,69,37,0.372972972972973,0.6065573770491803
0.2285714285714286,0.7959183673469387,0.5362318840579711,0.6065573770491803,0.5692307692307692,69,37,0.372972972972973,0.6065573770491803
0.2285714285714286,0.8163265306122448,0.5362318840579711,0.6065573770491803,0.5692307692307692,69,37,0.372972972972973,0.6065573770491803
0.2285714285714286,0.836734693877551,0.5362318840579711,0.6065573770491803,0.5692307692307692,69,37,0.372972972972973,0.6065573770491803
0.2285714285714286,0.8571428571428571,0.5362318840579711,0.6065573770491803,0.5692307692307692,69,37,0.372972972972973,0.6065573770491803
0.2285714285714286,0.8775510204081632,0.5362318840579711,0.6065573770491803,0.5692307692307692,69,37,0.372972972972973,0.6065573770491803
0.2285714285714286,0.8979591836734693,0.5068493150684932,0.6065573770491803,0.5522388059701493,73,37,0.3945945945945946,0.6065573770491803
0.2285714285714286,0.9183673469387754,0.5068493150684932,0.6065573770491803,0.5522388059701493,73,37,0.3945945945945946,0.6065573770491803
0.2285714285714286,0.9387755102040816,0.5066666666666667,0.6229508196721312,0.5588235294117647,75,38,0.40540540540540543,0.6229508196721312
0.2285714285714286,0.9591836734693877,0.5066666666666667,0.6229508196721312,0.5588235294117647,75,38,0.40540540540540543,0.6229508196721312
0.2285714285714286,0.9795918367346939,0.4766355140186916,0.8360655737704918,0.6071428571428571,107,51,0.5783783783783784,0.8360655737704918
0.2285714285714286,1.0,0.32972972972972975,1.0,0.49593495934959353,185,61,1.0,1.0
0.2469387755102041,0.0,0.5362318840579711,0.6065573770491803,0.5692307692307692,69,37,0.372972972972973,0.6065573770491803
0.2469387755102041,0.02040816326530612,0.5362318840579711,0.6065573770491803,0.5692307692307692,69,37,0.372972972972973,0.6065573770491803
0.2469387755102041,0.04081632653061224,0.5362318840579711,0.6065573770491803,0.5692307692307692,69,37,0.372972972972973,0.6065573770491803
0.2469387755102041,0.061224489795918366,0.5362318840579711,0.6065573770491803,0.5692307692307692,69,37,0.372972972972973,0.6065573770491803
0.2469387755102041,0.08163265306122448,0.5362318840579711,0.6065573770491803,0.5692307692307692,69,37,0.372972972972973,0.6065573770491803
0.2469387755102041,0.1020408163265306,0.5362318840579711,0.6065573770491803,0.5692307692307692,69,37,0.372972972972973,0.6065573770491803
0.2469387755102041,0.12244897959183673,0.5362318840579711,0.6065573770491803,0.5692307692307692,69,37,0.372972972972973,0.6065573770491803
0.2469387755102041,0.14285714285714285,0.5362318840579711,0.6065573770491803,0.5692307692307692,69,37,0.372972972972973,0.6065573770491803
0.2469387755102041,0.16326530612244897,0.5362318840579711,0.6065573770491803,0.5692307692307692,69,37,0.372972972972973,0.6065573770491803
0.2469387755102041,0.18367346938775508,0.5362318840579711,0.6065573770491803,0.5692307692307692,69,37,0.372972972972973,0.6065573770491803
0.2469387755102041,0.2040816326530612,0.5362318840579711,0.6065573770491803,0.5692307692307692,69,37,0.372972972972973,0.6065573770491803
0.2469387755102041,0.22448979591836732,0.5362318840579711,0.6065573770491803,0.5692307692307692,69,37,0.372972972972973,0.6065573770491803
0.2469387755102041,0.24489795918367346,0.5362318840579711,0.6065573770491803,0.5692307692307692,69,37,0.372972972972973,0.6065573770491803
0.2469387755102041,0.26530612244897955,0.5362318840579711,0.6065573770491803,0.5692307692307692,69,37,0.372972972972973,0.6065573770491803
0.2469387755102041,0.2857142857142857,0.5362318840579711,0.6065573770491803,0.5692307692307692,69,37,0.372972972972973,0.6065573770491803
0.2469387755102041,0.3061224489795918,0.5362318840579711,0.6065573770491803,0.5692307692307692,69,37,0.372972972972973,0.6065573770491803
0.2469387755102041,0.32653061224489793,0.5362318840579711,0.6065573770491803,0.5692307692307692,69,37,0.372972972972973,0.6065573770491803
0.2469387755102041,0.3469387755102041,0.5362318840579711,0.6065573770491803,0.5692307692307692,69,37,0.372972972972973,0.6065573770491803
0.2469387755102041,0.36734693877551017,0.5362318840579711,0.6065573770491803,0.5692307692307692,69,37,0.372972972972973,0.6065573770491803
0.2469387755102041,0.3877551020408163,0.5362318840579711,0.6065573770491803,0.5692307692307692,69,37,0.372972972972973,0.6065573770491803
0.2469387755102041,0.4081632653061224,0.5362318840579711,0.6065573770491803,0.5692307692307692,69,37,0.372972972972973,0.6065573770491803
0.2469387755102041,0.42857142857142855,0.5362318840579711,0.6065573770491803,0.5692307692307692,69,37,0.372972972972973,0.6065573770491803
0.2469387755102041,0.44897959183673464,0.5362318840579711,0.6065573770491803,0.5692307692307692,69,37,0.372972972972973,0.6065573770491803
0.2469387755102041,0.4693877551020408,0.5362318840579711,0.6065573770491803,0.5692307692307692,69,37,0.372972972972973,0.6065573770491803
0.2469387755102041,0.4897959183673469,0.5362318840579711,0.6065573770491803,0.5692307692307692,69,37,0.372972972972973,0.6065573770491803
0.2469387755102041,0.5102040816326531,0.5362318840579711,0.6065573770491803,0.5692307692307692,69,37,0.372972972972973,0.6065573770491803
0.2469387755102041,0.5306122448979591,0.5362318840579711,0.6065573770491803,0.5692307692307692,69,37,0.372972972972973,0.6065573770491803
0.2469387755102041,0.5510204081632653,0.5362318840579711,0.6065573770491803,0.5692307692307692,69,37,0.372972972972973,0.6065573770491803
0.2469387755102041,0.5714285714285714,0.5362318840579711,0.6065573770491803,0.5692307692307692,69,37,0.372972972972973,0.6065573770491803
0.2469387755102041,0.5918367346938775,0.5362318840579711,0.6065573770491803,0.5692307692307692,69,37,0.372972972972973,0.6065573770491803
0.2469387755102041,0.6122448979591836,0.5362318840579711,0.6065573770491803,0.5692307692307692,69,37,0.372972972972973,0.6065573770491803
0.2469387755102041,0.6326530612244897,0.5362318840579711,0.6065573770491803,0.5692307692307692,69,37,0.372972972972973,0.6065573770491803
0.2469387755102041,0.6530612244897959,0.5362318840579711,0.6065573770491803,0.5692307692307692,69,37,0.372972972972973,0.6065573770491803
0.2469387755102041,0.673469387755102,0.5362318840579711,0.6065573770491803,0.5692307692307692,69,37,0.372972972972973,0.6065573770491803
0.2469387755102041,0.6938775510204082,0.5362318840579711,0.6065573770491803,0.5692307692307692,69,37,0.372972972972973,0.6065573770491803
0.2469387755102041,0.7142857142857142,0.5362318840579711,0.6065573770491803,0.5692307692307692,69,37,0.372972972972973,0.6065573770491803
0.2469387755102041,0.7346938775510203,0.5362318840579711,0.6065573770491803,0.5692307692307692,69,37,0.372972972972973,0.6065573770491803
0.2469387755102041,0.7551020408163265,0.5362318840579711,0.6065573770491803,0.5692307692307692,69,37,0.372972972972973,0.6065573770491803
0.2469387755102041,0.7755102040816326,0.5362318840579711,0.6065573770491803,0.5692307692307692,69,37,0.372972972972973,0.6065573770491803
0.2469387755102041,0.7959183673469387,0.5362318840579711,0.6065573770491803,0.5692307692307692,69,37,0.372972972972973,0.6065573770491803
0.2469387755102041,0.8163265306122448,0.5362318840579711,0.6065573770491803,0.5692307692307692,69,37,0.372972972972973,0.6065573770491803
0.2469387755102041,0.836734693877551,0.5362318840579711,0.6065573770491803,0.5692307692307692,69,37,0.372972972972973,0.6065573770491803
0.2469387755102041,0.8571428571428571,0.5362318840579711,0.6065573770491803,0.5692307692307692,69,37,0.372972972972973,0.6065573770491803
0.2469387755102041,0.8775510204081632,0.5362318840579711,0.6065573770491803,0.5692307692307692,69,37,0.372972972972973,0.6065573770491803
0.2469387755102041,0.8979591836734693,0.5068493150684932,0.6065573770491803,0.5522388059701493,73,37,0.3945945945945946,0.6065573770491803
0.2469387755102041,0.9183673469387754,0.5068493150684932,0.6065573770491803,0.5522388059701493,73,37,0.3945945945945946,0.6065573770491803
0.2469387755102041,0.9387755102040816,0.5066666666666667,0.6229508196721312,0.5588235294117647,75,38,0.40540540540540543,0.6229508196721312
0.2469387755102041,0.9591836734693877,0.5066666666666667,0.6229508196721312,0.5588235294117647,75,38,0.40540540540540543,0.6229508196721312
0.2469387755102041,0.9795918367346939,0.4766355140186916,0.8360655737704918,0.6071428571428571,107,51,0.5783783783783784,0.8360655737704918
0.2469387755102041,1.0,0.32972972972972975,1.0,0.49593495934959353,185,61,1.0,1.0
0.2653061224489796,0.0,0.5362318840579711,0.6065573770491803,0.5692307692307692,69,37,0.372972972972973,0.6065573770491803
0.2653061224489796,0.02040816326530612,0.5362318840579711,0.6065573770491803,0.5692307692307692,69,37,0.372972972972973,0.6065573770491803
0.2653061224489796,0.04081632653061224,0.5362318840579711,0.6065573770491803,0.5692307692307692,69,37,0.372972972972973,0.6065573770491803
0.2653061224489796,0.061224489795918366,0.5362318840579711,0.6065573770491803,0.5692307692307692,69,37,0.372972972972973,0.6065573770491803
0.2653061224489796,0.08163265306122448,0.5362318840579711,0.6065573770491803,0.5692307692307692,69,37,0.372972972972973,0.6065573770491803
0.2653061224489796,0.1020408163265306,0.5362318840579711,0.6065573770491803,0.5692307692307692,69,37,0.372972972972973,0.6065573770491803
0.2653061224489796,0.12244897959183673,0.5362318840579711,0.6065573770491803,0.5692307692307692,69,37,0.372972972972973,0.6065573770491803
0.2653061224489796,0.14285714285714285,0.5362318840579711,0.6065573770491803,0.5692307692307692,69,37,0.372972972972973,0.6065573770491803
0.2653061224489796,0.16326530612244897,0.5362318840579711,0.6065573770491803,0.5692307692307692,69,37,0.372972972972973,0.6065573770491803
0.2653061224489796,0.18367346938775508,0.5362318840579711,0.6065573770491803,0.5692307692307692,69,37,0.372972972972973,0.6065573770491803
0.2653061224489796,0.2040816326530612,0.5362318840579711,0.6065573770491803,0.5692307692307692,69,37,0.372972972972973,0.6065573770491803
0.2653061224489796,0.22448979591836732,0.5362318840579711,0.6065573770491803,0.5692307692307692,69,37,0.372972972972973,0.6065573770491803
0.2653061224489796,0.24489795918367346,0.5362318840579711,0.6065573770491803,0.5692307692307692,69,37,0.372972972972973,0.6065573770491803
0.2653061224489796,0.26530612244897955,0.5362318840579711,0.6065573770491803,0.5692307692307692,69,37,0.372972972972973,0.6065573770491803
0.2653061224489796,0.2857142857142857,0.5362318840579711,0.6065573770491803,0.5692307692307692,69,37,0.372972972972973,0.6065573770491803
0.2653061224489796,0.3061224489795918,0.5362318840579711,0.6065573770491803,0.5692307692307692,69,37,0.372972972972973,0.6065573770491803
0.2653061224489796,0.32653061224489793,0.5362318840579711,0.6065573770491803,0.5692307692307692,69,37,0.372972972972973,0.6065573770491803
0.2653061224489796,0.3469387755102041,0.5362318840579711,0.6065573770491803,0.5692307692307692,69,37,0.372972972972973,0.6065573770491803
0.2653061224489796,0.36734693877551017,0.5362318840579711,0.6065573770491803,0.5692307692307692,69,37,0.372972972972973,0.6065573770491803
0.2653061224489796,0.3877551020408163,0.5362318840579711,0.6065573770491803,0.5692307692307692,69,37,0.372972972972973,0.6065573770491803
0.2653061224489796,0.4081632653061224,0.5362318840579711,0.6065573770491803,0.5692307692307692,69,37,0.372972972972973,0.6065573770491803
0.2653061224489796,0.42857142857142855,0.5362318840579711,0.6065573770491803,0.5692307692307692,69,37,0.372972972972973,0.6065573770491803
0.2653061224489796,0.44897959183673464,0.5362318840579711,0.6065573770491803,0.5692307692307692,69,37,0.372972972972973,0.6065573770491803
0.2653061224489796,0.4693877551020408,0.5362318840579711,0.6065573770491803,0.5692307692307692,69,37,0.372972972972973,0.6065573770491803
0.2653061224489796,0.4897959183673469,0.5362318840579711,0.6065573770491803,0.5692307692307692,69,37,0.372972972972973,0.6065573770491803
0.2653061224489796,0.5102040816326531,0.5362318840579711,0.6065573770491803,0.5692307692307692,69,37,0.372972972972973,0.6065573770491803
0.2653061224489796,0.5306122448979591,0.5362318840579711,0.6065573770491803,0.5692307692307692,69,37,0.372972972972973,0.6065573770491803
0.2653061224489796,0.5510204081632653,0.5362318840579711,0.6065573770491803,0.5692307692307692,69,37,0.372972972972973,0.6065573770491803
0.2653061224489796,0.5714285714285714,0.5362318840579711,0.6065573770491803,0.5692307692307692,69,37,0.372972972972973,0.6065573770491803
0.2653061224489796,0.5918367346938775,0.5362318840579711,0.6065573770491803,0.5692307692307692,69,37,0.372972972972973,0.6065573770491803
0.2653061224489796,0.6122448979591836,0.5362318840579711,0.6065573770491803,0.5692307692307692,69,37,0.372972972972973,0.6065573770491803
0.2653061224489796,0.6326530612244897,0.5362318840579711,0.6065573770491803,0.5692307692307692,69,37,0.372972972972973,0.6065573770491803
0.2653061224489796,0.6530612244897959,0.5362318840579711,0.6065573770491803,0.5692307692307692,69,37,0.372972972972973,0.6065573770491803
0.2653061224489796,0.673469387755102,0.5362318840579711,0.6065573770491803,0.5692307692307692,69,37,0.372972972972973,0.6065573770491803
0.2653061224489796,0.6938775510204082,0.5362318840579711,0.6065573770491803,0.5692307692307692,69,37,0.372972972972973,0.6065573770491803
0.2653061224489796,0.7142857142857142,0.5362318840579711,0.6065573770491803,0.5692307692307692,69,37,0.372972972972973,0.6065573770491803
0.2653061224489796,0.7346938775510203,0.5362318840579711,0.6065573770491803,0.5692307692307692,69,37,0.372972972972973,0.6065573770491803
0.2653061224489796,0.7551020408163265,0.5362318840579711,0.6065573770491803,0.5692307692307692,69,37,0.372972972972973,0.6065573770491803
0.2653061224489796,0.7755102040816326,0.5362318840579711,0.6065573770491803,0.5692307692307692,69,37,0.372972972972973,0.6065573770491803
0.2653061224489796,0.7959183673469387,0.5362318840579711,0.6065573770491803,0.5692307692307692,69,37,0.372972972972973,0.6065573770491803
0.2653061224489796,0.8163265306122448,0.5362318840579711,0.6065573770491803,0.5692307692307692,69,37,0.372972972972973,0.6065573770491803
0.2653061224489796,0.836734693877551,0.5362318840579711,0.6065573770491803,0.5692307692307692,69,37,0.372972972972973,0.6065573770491803
0.2653061224489796,0.8571428571428571,0.5362318840579711,0.6065573770491803,0.5692307692307692,69,37,0.372972972972973,0.6065573770491803
0.2653061224489796,0.8775510204081632,0.5068493150684932,0.6065573770491803,0.5522388059701493,73,37,0.3945945945945946,0.6065573770491803
0.2653061224489796,0.8979591836734693,0.5068493150684932,0.6065573770491803,0.5522388059701493,73,37,0.3945945945945946,0.6065573770491803
0.2653061224489796,0.9183673469387754,0.5068493150684932,0.6065573770491803,0.5522388059701493,73,37,0.3945945945945946,0.6065573770491803
0.2653061224489796,0.9387755102040816,0.5066666666666667,0.6229508196721312,0.5588235294117647,75,38,0.40540540540540543,0.6229508196721312
0.2653061224489796,0.9591836734693877,0.5066666666666667,0.6229508196721312,0.5588235294117647,75,38,0.40540540540540543,0.6229508196721312
0.2653061224489796,0.9795918367346939,0.4766355140186916,0.8360655737704918,0.6071428571428571,107,51,0.5783783783783784,0.8360655737704918
0.2653061224489796,1.0,0.32972972972972975,1.0,0.49593495934959353,185,61,1.0,1.0
0.2836734693877551,0.0,0.5362318840579711,0.6065573770491803,0.5692307692307692,69,37,0.372972972972973,0.6065573770491803
0.2836734693877551,0.02040816326530612,0.5362318840579711,0.6065573770491803,0.5692307692307692,69,37,0.372972972972973,0.6065573770491803
0.2836734693877551,0.04081632653061224,0.5362318840579711,0.6065573770491803,0.5692307692307692,69,37,0.372972972972973,0.6065573770491803
0.2836734693877551,0.061224489795918366,0.5362318840579711,0.6065573770491803,0.5692307692307692,69,37,0.372972972972973,0.6065573770491803
0.2836734693877551,0.08163265306122448,0.5362318840579711,0.6065573770491803,0.5692307692307692,69,37,0.372972972972973,0.6065573770491803
0.2836734693877551,0.1020408163265306,0.5362318840579711,0.6065573770491803,0.5692307692307692,69,37,0.372972972972973,0.6065573770491803
0.2836734693877551,0.12244897959183673,0.5362318840579711,0.6065573770491803,0.5692307692307692,69,37,0.372972972972973,0.6065573770491803
0.2836734693877551,0.14285714285714285,0.5362318840579711,0.6065573770491803,0.5692307692307692,69,37,0.372972972972973,0.6065573770491803
0.2836734693877551,0.16326530612244897,0.5362318840579711,0.6065573770491803,0.5692307692307692,69,37,0.372972972972973,0.6065573770491803
0.2836734693877551,0.18367346938775508,0.5362318840579711,0.6065573770491803,0.5692307692307692,69,37,0.372972972972973,0.6065573770491803
0.2836734693877551,0.2040816326530612,0.5362318840579711,0.6065573770491803,0.5692307692307692,69,37,0.372972972972973,0.6065573770491803
0.2836734693877551,0.22448979591836732,0.5362318840579711,0.6065573770491803,0.5692307692307692,69,37,0.372972972972973,0.6065573770491803
0.2836734693877551,0.24489795918367346,0.5362318840579711,0.6065573770491803,0.5692307692307692,69,37,0.372972972972973,0.6065573770491803
0.2836734693877551,0.26530612244897955,0.5362318840579711,0.6065573770491803,0.5692307692307692,69,37,0.372972972972973,0.6065573770491803
0.2836734693877551,0.2857142857142857,0.5362318840579711,0.6065573770491803,0.5692307692307692,69,37,0.372972972972973,0.6065573770491803
0.2836734693877551,0.3061224489795918,0.5362318840579711,0.6065573770491803,0.5692307692307692,69,37,0.372972972972973,0.6065573770491803
0.2836734693877551,0.32653061224489793,0.5362318840579711,0.6065573770491803,0.5692307692307692,69,37,0.372972972972973,0.6065573770491803
0.2836734693877551,0.3469387755102041,0.5362318840579711,0.6065573770491803,0.5692307692307692,69,37,0.372972972972973,0.6065573770491803
0.2836734693877551,0.36734693877551017,0.5362318840579711,0.6065573770491803,0.5692307692307692,69,37,0.372972972972973,0.6065573770491803
0.2836734693877551,0.3877551020408163,0.5362318840579711,0.6065573770491803,0.5692307692307692,69,37,0.372972972972973,0.6065573770491803
0.2836734693877551,0.4081632653061224,0.5362318840579711,0.6065573770491803,0.5692307692307692,69,37,0.372972972972973,0.6065573770491803
0.2836734693877551,0.42857142857142855,0.5362318840579711,0.6065573770491803,0.5692307692307692,69,37,0.372972972972973,0.6065573770491803
0.2836734693877551,0.44897959183673464,0.5362318840579711,0.6065573770491803,0.5692307692307692,69,37,0.372972972972973,0.6065573770491803
0.2836734693877551,0.4693877551020408,0.5362318840579711,0.6065573770491803,0.5692307692307692,69,37,0.372972972972973,0.6065573770491803
0.2836734693877551,0.4897959183673469,0.5362318840579711,0.6065573770491803,0.5692307692307692,69,37,0.372972972972973,0.6065573770491803
0.2836734693877551,0.5102040816326531,0.5362318840579711,0.6065573770491803,0.5692307692307692,69,37,0.372972972972973,0.6065573770491803
0.2836734693877551,0.5306122448979591,0.5362318840579711,0.6065573770491803,0.5692307692307692,69,37,0.372972972972973,0.6065573770491803
0.2836734693877551,0.5510204081632653,0.5362318840579711,0.6065573770491803,0.5692307692307692,69,37,0.372972972972973,0.6065573770491803
0.2836734693877551,0.5714285714285714,0.5362318840579711,0.6065573770491803,0.5692307692307692,69,37,0.372972972972973,0.6065573770491803
0.2836734693877551,0.5918367346938775,0.5362318840579711,0.6065573770491803,0.5692307692307692,69,37,0.372972972972973,0.6065573770491803
0.2836734693877551,0.6122448979591836,0.5362318840579711,0.6065573770491803,0.5692307692307692,69,37,0.372972972972973,0.6065573770491803
0.2836734693877551,0.6326530612244897,0.5362318840579711,0.6065573770491803,0.5692307692307692,69,37,0.372972972972973,0.6065573770491803
0.2836734693877551,0.6530612244897959,0.5362318840579711,0.6065573770491803,0.5692307692307692,69,37,0.372972972972973,0.6065573770491803
0.2836734693877551,0.673469387755102,0.5362318840579711,0.6065573770491803,0.5692307692307692,69,37,0.372972972972973,0.6065573770491803
0.2836734693877551,0.6938775510204082,0.5362318840579711,0.6065573770491803,0.5692307692307692,69,37,0.372972972972973,0.6065573770491803
0.2836734693877551,0.7142857142857142,0.5362318840579711,0.6065573770491803,0.5692307692307692,69,37,0.372972972972973,0.6065573770491803
0.2836734693877551,0.7346938775510203,0.5362318840579711,0.6065573770491803,0.5692307692307692,69,37,0.372972972972973,0.6065573770491803
0.2836734693877551,0.7551020408163265,0.5362318840579711,0.6065573770491803,0.5692307692307692,69,37,0.372972972972973,0.6065573770491803
0.2836734693877551,0.7755102040816326,0.5362318840579711,0.6065573770491803,0.5692307692307692,69,37,0.372972972972973,0.6065573770491803
0.2836734693877551,0.7959183673469387,0.5362318840579711,0.6065573770491803,0.5692307692307692,69,37,0.372972972972973,0.6065573770491803
0.2836734693877551,0.8163265306122448,0.5362318840579711,0.6065573770491803,0.5692307692307692,69,37,0.372972972972973,0.6065573770491803
0.2836734693877551,0.836734693877551,0.5362318840579711,0.6065573770491803,0.5692307692307692,69,37,0.372972972972973,0.6065573770491803
0.2836734693877551,0.8571428571428571,0.5362318840579711,0.6065573770491803,0.5692307692307692,69,37,0.372972972972973,0.6065573770491803
0.2836734693877551,0.8775510204081632,0.5066666666666667,0.6229508196721312,0.5588235294117647,75,38,0.40540540540540543,0.6229508196721312
0.2836734693877551,0.8979591836734693,0.5066666666666667,0.6229508196721312,0.5588235294117647,75,38,0.40540540540540543,0.6229508196721312
0.2836734693877551,0.9183673469387754,0.5066666666666667,0.6229508196721312,0.5588235294117647,75,38,0.40540540540540543,0.6229508196721312
0.2836734693877551,0.9387755102040816,0.5066666666666667,0.6229508196721312,0.5588235294117647,75,38,0.40540540540540543,0.6229508196721312
0.2836734693877551,0.9591836734693877,0.5066666666666667,0.6229508196721312,0.5588235294117647,75,38,0.40540540540540543,0.6229508196721312
0.2836734693877551,0.9795918367346939,0.4766355140186916,0.8360655737704918,0.6071428571428571,107,51,0.5783783783783784,0.8360655737704918
0.2836734693877551,1.0,0.32972972972972975,1.0,0.49593495934959353,185,61,1.0,1.0
0.3020408163265306,0.0,0.5362318840579711,0.6065573770491803,0.5692307692307692,69,37,0.372972972972973,0.6065573770491803
0.3020408163265306,0.02040816326530612,0.5362318840579711,0.6065573770491803,0.5692307692307692,69,37,0.372972972972973,0.6065573770491803
0.3020408163265306,0.04081632653061224,0.5362318840579711,0.6065573770491803,0.5692307692307692,69,37,0.372972972972973,0.6065573770491803
0.3020408163265306,0.061224489795918366,0.5362318840579711,0.6065573770491803,0.5692307692307692,69,37,0.372972972972973,0.6065573770491803
0.3020408163265306,0.08163265306122448,0.5362318840579711,0.6065573770491803,0.5692307692307692,69,37,0.372972972972973,0.6065573770491803
0.3020408163265306,0.1020408163265306,0.5362318840579711,0.6065573770491803,0.5692307692307692,69,37,0.372972972972973,0.6065573770491803
0.3020408163265306,0.12244897959183673,0.5362318840579711,0.6065573770491803,0.5692307692307692,69,37,0.372972972972973,0.6065573770491803
0.3020408163265306,0.14285714285714285,0.5362318840579711,0.6065573770491803,0.5692307692307692,69,37,0.372972972972973,0.6065573770491803
0.3020408163265306,0.16326530612244897,0.5362318840579711,0.6065573770491803,0.5692307692307692,69,37,0.372972972972973,0.6065573770491803
0.3020408163265306,0.18367346938775508,0.5362318840579711,0.6065573770491803,0.5692307692307692,69,37,0.372972972972973,0.6065573770491803
0.3020408163265306,0.2040816326530612,0.5362318840579711,0.6065573770491803,0.5692307692307692,69,37,0.372972972972973,0.6065573770491803
0.3020408163265306,0.22448979591836732,0.5362318840579711,0.6065573770491803,0.5692307692307692,69,37,0.372972972972973,0.6065573770491803
0.3020408163265306,0.24489795918367346,0.5362318840579711,0.6065573770491803,0.5692307692307692,69,37,0.372972972972973,0.6065573770491803
0.3020408163265306,0.26530612244897955,0.5362318840579711,0.6065573770491803,0.5692307692307692,69,37,0.372972972972973,0.6065573770491803
0.3020408163265306,0.2857142857142857,0.5362318840579711,0.6065573770491803,0.5692307692307692,69,37,0.372972972972973,0.6065573770491803
0.3020408163265306,0.3061224489795918,0.5362318840579711,0.6065573770491803,0.5692307692307692,69,37,0.372972972972973,0.6065573770491803
0.3020408163265306,0.32653061224489793,0.5362318840579711,0.6065573770491803,0.5692307692307692,69,37,0.372972972972973,0.6065573770491803
0.3020408163265306,0.3469387755102041,0.5362318840579711,0.6065573770491803,0.5692307692307692,69,37,0.372972972972973,0.6065573770491803
0.3020408163265306,0.36734693877551017,0.5362318840579711,0.6065573770491803,0.5692307692307692,69,37,0.372972972972973,0.6065573770491803
0.3020408163265306,0.3877551020408163,0.5362318840579711,0.6065573770491803,0.5692307692307692,69,37,0.372972972972973,0.6065573770491803
0.3020408163265306,0.4081632653061224,0.5362318840579711,0.6065573770491803,0.5692307692307692,69,37,0.372972972972973,0.6065573770491803
0.3020408163265306,0.42857142857142855,0.5362318840579711,0.6065573770491803,0.5692307692307692,69,37,0.372972972972973,0.6065573770491803
0.3020408163265306,0.44897959183673464,0.5362318840579711,0.6065573770491803,0.5692307692307692,69,37,0.372972972972973,0.6065573770491803
0.3020408163265306,0.4693877551020408,0.5362318840579711,0.6065573770491803,0.5692307692307692,69,37,0.372972972972973,0.6065573770491803
0.3020408163265306,0.4897959183673469,0.5362318840579711,0.6065573770491803,0.5692307692307692,69,37,0.372972972972973,0.6065573770491803
0.3020408163265306,0.5102040816326531,0.5362318840579711,0.6065573770491803,0.5692307692307692,69,37,0.372972972972973,0.6065573770491803
0.3020408163265306,0.5306122448979591,0.5362318840579711,0.6065573770491803,0.5692307692307692,69,37,0.372972972972973,0.6065573770491803
0.3020408163265306,0.5510204081632653,0.5362318840579711,0.6065573770491803,0.5692307692307692,69,37,0.372972972972973,0.6065573770491803
0.3020408163265306,0.5714285714285714,0.5362318840579711,0.6065573770491803,0.5692307692307692,69,37,0.372972972972973,0.6065573770491803
0.3020408163265306,0.5918367346938775,0.5362318840579711,0.6065573770491803,0.5692307692307692,69,37,0.372972972972973,0.6065573770491803
0.3020408163265306,0.6122448979591836,0.5362318840579711,0.6065573770491803,0.5692307692307692,69,37,0.372972972972973,0.6065573770491803
0.3020408163265306,0.6326530612244897,0.5362318840579711,0.6065573770491803,0.5692307692307692,69,37,0.372972972972973,0.6065573770491803
0.3020408163265306,0.6530612244897959,0.5362318840579711,0.6065573770491803,0.5692307692307692,69,37,0.372972972972973,0.6065573770491803
0.3020408163265306,0.673469387755102,0.5362318840579711,0.6065573770491803,0.5692307692307692,69,37,0.372972972972973,0.6065573770491803
0.3020408163265306,0.6938775510204082,0.5362318840579711,0.6065573770491803,0.5692307692307692,69,37,0.372972972972973,0.6065573770491803
0.3020408163265306,0.7142857142857142,0.5362318840579711,0.6065573770491803,0.5692307692307692,69,37,0.372972972972973,0.6065573770491803
0.3020408163265306,0.7346938775510203,0.5362318840579711,0.6065573770491803,0.5692307692307692,69,37,0.372972972972973,0.6065573770491803
0.3020408163265306,0.7551020408163265,0.5362318840579711,0.6065573770491803,0.5692307692307692,69,37,0.372972972972973,0.6065573770491803
0.3020408163265306,0.7755102040816326,0.5362318840579711,0.6065573770491803,0.5692307692307692,69,37,0.372972972972973,0.6065573770491803
0.3020408163265306,0.7959183673469387,0.5362318840579711,0.6065573770491803,0.5692307692307692,69,37,0.372972972972973,0.6065573770491803
0.3020408163265306,0.8163265306122448,0.5362318840579711,0.6065573770491803,0.5692307692307692,69,37,0.372972972972973,0.6065573770491803
0.3020408163265306,0.836734693877551,0.5362318840579711,0.6065573770491803,0.5692307692307692,69,37,0.372972972972973,0.6065573770491803
0.3020408163265306,0.8571428571428571,0.5068493150684932,0.6065573770491803,0.5522388059701493,73,37,0.3945945945945946,0.6065573770491803
0.3020408163265306,0.8775510204081632,0.5066666666666667,0.6229508196721312,0.5588235294117647,75,38,0.40540540540540543,0.6229508196721312
0.3020408163265306,0.8979591836734693,0.5066666666666667,0.6229508196721312,0.5588235294117647,75,38,0.40540540540540543,0.6229508196721312
0.3020408163265306,0.9183673469387754,0.5066666666666667,0.6229508196721312,0.5588235294117647,75,38,0.40540540540540543,0.6229508196721312
0.3020408163265306,0.9387755102040816,0.5066666666666667,0.6229508196721312,0.5588235294117647,75,38,0.40540540540540543,0.6229508196721312
0.3020408163265306,0.9591836734693877,0.5066666666666667,0.6229508196721312,0.5588235294117647,75,38,0.40540540540540543,0.6229508196721312
0.3020408163265306,0.9795918367346939,0.4766355140186916,0.8360655737704918,0.6071428571428571,107,51,0.5783783783783784,0.8360655737704918
0.3020408163265306,1.0,0.32972972972972975,1.0,0.49593495934959353,185,61,1.0,1.0
0.3204081632653062,0.0,0.5362318840579711,0.6065573770491803,0.5692307692307692,69,37,0.372972972972973,0.6065573770491803
0.3204081632653062,0.02040816326530612,0.5068493150684932,0.6065573770491803,0.5522388059701493,73,37,0.3945945945945946,0.6065573770491803
0.3204081632653062,0.04081632653061224,0.5068493150684932,0.6065573770491803,0.5522388059701493,73,37,0.3945945945945946,0.6065573770491803
0.3204081632653062,0.061224489795918366,0.5068493150684932,0.6065573770491803,0.5522388059701493,73,37,0.3945945945945946,0.6065573770491803
0.3204081632653062,0.08163265306122448,0.5068493150684932,0.6065573770491803,0.5522388059701493,73,37,0.3945945945945946,0.6065573770491803
0.3204081632653062,0.1020408163265306,0.5068493150684932,0.6065573770491803,0.5522388059701493,73,37,0.3945945945945946,0.6065573770491803
0.3204081632653062,0.12244897959183673,0.5068493150684932,0.6065573770491803,0.5522388059701493,73,37,0.3945945945945946,0.6065573770491803
0.3204081632653062,0.14285714285714285,0.5068493150684932,0.6065573770491803,0.5522388059701493,73,37,0.3945945945945946,0.6065573770491803
0.3204081632653062,0.16326530612244897,0.5068493150684932,0.6065573770491803,0.5522388059701493,73,37,0.3945945945945946,0.6065573770491803
0.3204081632653062,0.18367346938775508,0.5068493150684932,0.6065573770491803,0.5522388059701493,73,37,0.3945945945945946,0.6065573770491803
0.3204081632653062,0.2040816326530612,0.5068493150684932,0.6065573770491803,0.5522388059701493,73,37,0.3945945945945946,0.6065573770491803
0.3204081632653062,0.22448979591836732,0.5,0.6065573770491803,0.5481481481481482,74,37,0.4,0.6065573770491803
0.3204081632653062,0.24489795918367346,0.5068493150684932,0.6065573770491803,0.5522388059701493,73,37,0.3945945945945946,0.6065573770491803
0.3204081632653062,0.26530612244897955,0.5068493150684932,0.6065573770491803,0.5522388059701493,73,37,0.3945945945945946,0.6065573770491803
0.3204081632653062,0.2857142857142857,0.5068493150684932,0.6065573770491803,0.5522388059701493,73,37,0.3945945945945946,0.6065573770491803
0.3204081632653062,0.3061224489795918,0.5068493150684932,0.6065573770491803,0.5522388059701493,73,37,0.3945945945945946,0.6065573770491803
0.3204081632653062,0.32653061224489793,0.5068493150684932,0.6065573770491803,0.5522388059701493,73,37,0.3945945945945946,0.6065573770491803
0.3204081632653062,0.3469387755102041,0.5068493150684932,0.6065573770491803,0.5522388059701493,73,37,0.3945945945945946,0.6065573770491803
0.3204081632653062,0.36734693877551017,0.5068493150684932,0.6065573770491803,0.5522388059701493,73,37,0.3945945945945946,0.6065573770491803
0.3204081632653062,0.3877551020408163,0.5068493150684932,0.6065573770491803,0.5522388059701493,73,37,0.3945945945945946,0.6065573770491803
0.3204081632653062,0.4081632653061224,0.5068493150684932,0.6065573770491803,0.5522388059701493,73,37,0.3945945945945946,0.6065573770491803
0.3204081632653062,0.42857142857142855,0.5068493150684932,0.6065573770491803,0.5522388059701493,73,37,0.3945945945945946,0.6065573770491803
0.3204081632653062,0.44897959183673464,0.5,0.6065573770491803,0.5481481481481482,74,37,0.4,0.6065573770491803
0.3204081632653062,0.4693877551020408,0.5068493150684932,0.6065573770491803,0.5522388059701493,73,37,0.3945945945945946,0.6065573770491803
0.3204081632653062,0.4897959183673469,0.5068493150684932,0.6065573770491803,0.5522388059701493,73,37,0.3945945945945946,0.6065573770491803
0.3204081632653062,0.5102040816326531,0.5068493150684932,0.6065573770491803,0.5522388059701493,73,37,0.3945945945945946,0.6065573770491803
0.3204081632653062,0.5306122448979591,0.5068493150684932,0.6065573770491803,0.5522388059701493,73,37,0.3945945945945946,0.6065573770491803
0.3204081632653062,0.5510204081632653,0.5068493150684932,0.6065573770491803,0.5522388059701493,73,37,0.3945945945945946,0.6065573770491803
0.3204081632653062,0.5714285714285714,0.5068493150684932,0.6065573770491803,0.5522388059701493,73,37,0.3945945945945946,0.6065573770491803
0.3204081632653062,0.5918367346938775,0.5068493150684932,0.6065573770491803,0.5522388059701493,73,37,0.3945945945945946,0.6065573770491803
0.3204081632653062,0.6122448979591836,0.5068493150684932,0.6065573770491803,0.5522388059701493,73,37,0.3945945945945946,0.6065573770491803
0.3204081632653062,0.6326530612244897,0.5068493150684932,0.6065573770491803,0.5522388059701493,73,37,0.3945945945945946,0.6065573770491803
0.3204081632653062,0.6530612244897959,0.5068493150684932,0.6065573770491803,0.5522388059701493,73,37,0.3945945945945946,0.6065573770491803
0.3204081632653062,0.673469387755102,0.5068493150684932,0.6065573770491803,0.5522388059701493,73,37,0.3945945945945946,0.6065573770491803
0.3204081632653062,0.6938775510204082,0.5068493150684932,0.6065573770491803,0.5522388059701493,73,37,0.3945945945945946,0.6065573770491803
0.3204081632653062,0.7142857142857142,0.5068493150684932,0.6065573770491803,0.5522388059701493,73,37,0.3945945945945946,0.6065573770491803
0.3204081632653062,0.7346938775510203,0.5068493150684932,0.6065573770491803,0.5522388059701493,73,37,0.3945945945945946,0.6065573770491803
0.3204081632653062,0.7551020408163265,0.5068493150684932,0.6065573770491803,0.5522388059701493,73,37,0.3945945945945946,0.6065573770491803
0.3204081632653062,0.7755102040816326,0.5068493150684932,0.6065573770491803,0.5522388059701493,73,37,0.3945945945945946,0.6065573770491803
0.3204081632653062,0.7959183673469387,0.5068493150684932,0.6065573770491803,0.5522388059701493,73,37,0.3945945945945946,0.6065573770491803
0.3204081632653062,0.8163265306122448,0.5068493150684932,0.6065573770491803,0.5522388059701493,73,37,0.3945945945945946,0.6065573770491803
0.3204081632653062,0.836734693877551,0.5068493150684932,0.6065573770491803,0.5522388059701493,73,37,0.3945945945945946,0.6065573770491803
0.3204081632653062,0.8571428571428571,0.5068493150684932,0.6065573770491803,0.5522388059701493,73,37,0.3945945945945946,0.6065573770491803
0.3204081632653062,0.8775510204081632,0.5066666666666667,0.6229508196721312,0.5588235294117647,75,38,0.40540540540540543,0.6229508196721312
0.3204081632653062,0.8979591836734693,0.5066666666666667,0.6229508196721312,0.5588235294117647,75,38,0.40540540540540543,0.6229508196721312
0.3204081632653062,0.9183673469387754,0.5066666666666667,0.6229508196721312,0.5588235294117647,75,38,0.40540540540540543,0.6229508196721312
0.3204081632653062,0.9387755102040816,0.5066666666666667,0.6229508196721312,0.5588235294117647,75,38,0.40540540540540543,0.6229508196721312
0.3204081632653062,0.9591836734693877,0.4942528735632184,0.7049180327868853,0.581081081081081,87,43,0.4702702702702703,0.7049180327868853
0.3204081632653062,0.9795918367346939,0.4766355140186916,0.8360655737704918,0.6071428571428571,107,51,0.5783783783783784,0.8360655737704918
0.3204081632653062,1.0,0.32972972972972975,1.0,0.49593495934959353,185,61,1.0,1.0
0.3387755102040817,0.0,0.5362318840579711,0.6065573770491803,0.5692307692307692,69,37,0.372972972972973,0.6065573770491803
0.3387755102040817,0.02040816326530612,0.5068493150684932,0.6065573770491803,0.5522388059701493,73,37,0.3945945945945946,0.6065573770491803
0.3387755102040817,0.04081632653061224,0.5068493150684932,0.6065573770491803,0.5522388059701493,73,37,0.3945945945945946,0.6065573770491803
0.3387755102040817,0.061224489795918366,0.5068493150684932,0.6065573770491803,0.5522388059701493,73,37,0.3945945945945946,0.6065573770491803
0.3387755102040817,0.08163265306122448,0.5068493150684932,0.6065573770491803,0.5522388059701493,73,37,0.3945945945945946,0.6065573770491803
0.3387755102040817,0.1020408163265306,0.5068493150684932,0.6065573770491803,0.5522388059701493,73,37,0.3945945945945946,0.6065573770491803
0.3387755102040817,0.12244897959183673,0.5068493150684932,0.6065573770491803,0.5522388059701493,73,37,0.3945945945945946,0.6065573770491803
0.3387755102040817,0.14285714285714285,0.5068493150684932,0.6065573770491803,0.5522388059701493,73,37,0.3945945945945946,0.6065573770491803
0.3387755102040817,0.16326530612244897,0.5068493150684932,0.6065573770491803,0.5522388059701493,73,37,0.3945945945945946,0.6065573770491803
0.3387755102040817,0.18367346938775508,0.5068493150684932,0.6065573770491803,0.5522388059701493,73,37,0.3945945945945946,0.6065573770491803
0.3387755102040817,0.2040816326530612,0.5068493150684932,0.6065573770491803,0.5522388059701493,73,37,0.3945945945945946,0.6065573770491803
0.3387755102040817,0.22448979591836732,0.5068493150684932,0.6065573770491803,0.5522388059701493,73,37,0.3945945945945946,0.6065573770491803
0.3387755102040817,0.24489795918367346,0.5068493150684932,0.6065573770491803,0.5522388059701493,73,37,0.3945945945945946,0.6065573770491803
0.3387755102040817,0.26530612244897955,0.5068493150684932,0.6065573770491803,0.5522388059701493,73,37,0.3945945945945946,0.6065573770491803
0.3387755102040817,0.2857142857142857,0.5068493150684932,0.6065573770491803,0.5522388059701493,73,37,0.3945945945945946,0.6065573770491803
0.3387755102040817,0.3061224489795918,0.5068493150684932,0.6065573770491803,0.5522388059701493,73,37,0.3945945945945946,0.6065573770491803
0.3387755102040817,0.32653061224489793,0.5068493150684932,0.6065573770491803,0.5522388059701493,73,37,0.3945945945945946,0.6065573770491803
0.3387755102040817,0.3469387755102041,0.5068493150684932,0.6065573770491803,0.5522388059701493,73,37,0.3945945945945946,0.6065573770491803
0.3387755102040817,0.36734693877551017,0.5068493150684932,0.6065573770491803,0.5522388059701493,73,37,0.3945945945945946,0.6065573770491803
0.3387755102040817,0.3877551020408163,0.5068493150684932,0.6065573770491803,0.5522388059701493,73,37,0.3945945945945946,0.6065573770491803
0.3387755102040817,0.4081632653061224,0.5068493150684932,0.6065573770491803,0.5522388059701493,73,37,0.3945945945945946,0.6065573770491803
0.3387755102040817,0.42857142857142855,0.5068493150684932,0.6065573770491803,0.5522388059701493,73,37,0.3945945945945946,0.6065573770491803
0.3387755102040817,0.44897959183673464,0.5068493150684932,0.6065573770491803,0.5522388059701493,73,37,0.3945945945945946,0.6065573770491803
0.3387755102040817,0.4693877551020408,0.5068493150684932,0.6065573770491803,0.5522388059701493,73,37,0.3945945945945946,0.6065573770491803
0.3387755102040817,0.4897959183673469,0.5068493150684932,0.6065573770491803,0.5522388059701493,73,37,0.3945945945945946,0.6065573770491803
0.3387755102040817,0.5102040816326531,0.5068493150684932,0.6065573770491803,0.5522388059701493,73,37,0.3945945945945946,0.6065573770491803
0.3387755102040817,0.5306122448979591,0.5068493150684932,0.6065573770491803,0.5522388059701493,73,37,0.3945945945945946,0.6065573770491803
0.3387755102040817,0.5510204081632653,0.5068493150684932,0.6065573770491803,0.5522388059701493,73,37,0.3945945945945946,0.6065573770491803
0.3387755102040817,0.5714285714285714,0.5068493150684932,0.6065573770491803,0.5522388059701493,73,37,0.3945945945945946,0.6065573770491803
0.3387755102040817,0.5918367346938775,0.5068493150684932,0.6065573770491803,0.5522388059701493,73,37,0.3945945945945946,0.6065573770491803
0.3387755102040817,0.6122448979591836,0.5068493150684932,0.6065573770491803,0.5522388059701493,73,37,0.3945945945945946,0.6065573770491803
0.3387755102040817,0.6326530612244897,0.5068493150684932,0.6065573770491803,0.5522388059701493,73,37,0.3945945945945946,0.6065573770491803
0.3387755102040817,0.6530612244897959,0.5068493150684932,0.6065573770491803,0.5522388059701493,73,37,0.3945945945945946,0.6065573770491803
0.3387755102040817,0.673469387755102,0.5068493150684932,0.6065573770491803,0.5522388059701493,73,37,0.3945945945945946,0.6065573770491803
0.3387755102040817,0.6938775510204082,0.5068493150684932,0.6065573770491803,0.5522388059701493,73,37,0.3945945945945946,0.6065573770491803
0.3387755102040817,0.7142857142857142,0.5068493150684932,0.6065573770491803,0.5522388059701493,73,37,0.3945945945945946,0.6065573770491803
0.3387755102040817,0.7346938775510203,0.5068493150684932,0.6065573770491803,0.5522388059701493,73,37,0.3945945945945946,0.6065573770491803
0.3387755102040817,0.7551020408163265,0.5068493150684932,0.6065573770491803,0.5522388059701493,73,37,0.3945945945945946,0.6065573770491803
0.3387755102040817,0.7755102040816326,0.5068493150684932,0.6065573770491803,0.5522388059701493,73,37,0.3945945945945946,0.6065573770491803
0.3387755102040817,0.7959183673469387,0.5068493150684932,0.6065573770491803,0.5522388059701493,73,37,0.3945945945945946,0.6065573770491803
0.3387755102040817,0.8163265306122448,0.5068493150684932,0.6065573770491803,0.5522388059701493,73,37,0.3945945945945946,0.6065573770491803
0.3387755102040817,0.836734693877551,0.5068493150684932,0.6065573770491803,0.5522388059701493,73,37,0.3945945945945946,0.6065573770491803
0.3387755102040817,0.8571428571428571,0.5068493150684932,0.6065573770491803,0.5522388059701493,73,37,0.3945945945945946,0.6065573770491803
0.3387755102040817,0.8775510204081632,0.5066666666666667,0.6229508196721312,0.5588235294117647,75,38,0.40540540540540543,0.6229508196721312
0.3387755102040817,0.8979591836734693,0.5066666666666667,0.6229508196721312,0.5588235294117647,75,38,0.40540540540540543,0.6229508196721312
0.3387755102040817,0.9183673469387754,0.5066666666666667,0.6229508196721312,0.5588235294117647,75,38,0.40540540540540543,0.6229508196721312
0.3387755102040817,0.9387755102040816,0.5066666666666667,0.6229508196721312,0.5588235294117647,75,38,0.40540540540540543,0.6229508196721312
0.3387755102040817,0.9591836734693877,0.4782608695652174,0.7213114754098361,0.5751633986928104,92,44,0.4972972972972973,0.7213114754098361
0.3387755102040817,0.9795918367346939,0.4766355140186916,0.8360655737704918,0.6071428571428571,107,51,0.5783783783783784,0.8360655737704918
0.3387755102040817,1.0,0.32972972972972975,1.0,0.49593495934959353,185,61,1.0,1.0
0.3571428571428572,0.0,0.5362318840579711,0.6065573770491803,0.5692307692307692,69,37,0.372972972972973,0.6065573770491803
0.3571428571428572,0.02040816326530612,0.5068493150684932,0.6065573770491803,0.5522388059701493,73,37,0.3945945945945946,0.6065573770491803
0.3571428571428572,0.04081632653061224,0.5068493150684932,0.6065573770491803,0.5522388059701493,73,37,0.3945945945945946,0.6065573770491803
0.3571428571428572,0.061224489795918366,0.5068493150684932,0.6065573770491803,0.5522388059701493,73,37,0.3945945945945946,0.6065573770491803
0.3571428571428572,0.08163265306122448,0.5068493150684932,0.6065573770491803,0.5522388059701493,73,37,0.3945945945945946,0.6065573770491803
0.3571428571428572,0.1020408163265306,0.5068493150684932,0.6065573770491803,0.5522388059701493,73,37,0.3945945945945946,0.6065573770491803
0.3571428571428572,0.12244897959183673,0.5068493150684932,0.6065573770491803,0.5522388059701493,73,37,0.3945945945945946,0.6065573770491803
0.3571428571428572,0.14285714285714285,0.5068493150684932,0.6065573770491803,0.5522388059701493,73,37,0.3945945945945946,0.6065573770491803
0.3571428571428572,0.16326530612244897,0.5068493150684932,0.6065573770491803,0.5522388059701493,73,37,0.3945945945945946,0.6065573770491803
0.3571428571428572,0.18367346938775508,0.5068493150684932,0.6065573770491803,0.5522388059701493,73,37,0.3945945945945946,0.6065573770491803
0.3571428571428572,0.2040816326530612,0.5068493150684932,0.6065573770491803,0.5522388059701493,73,37,0.3945945945945946,0.6065573770491803
0.3571428571428572,0.22448979591836732,0.5068493150684932,0.6065573770491803,0.5522388059701493,73,37,0.3945945945945946,0.6065573770491803
0.3571428571428572,0.24489795918367346,0.5068493150684932,0.6065573770491803,0.5522388059701493,73,37,0.3945945945945946,0.6065573770491803
0.3571428571428572,0.26530612244897955,0.5068493150684932,0.6065573770491803,0.5522388059701493,73,37,0.3945945945945946,0.6065573770491803
0.3571428571428572,0.2857142857142857,0.5068493150684932,0.6065573770491803,0.5522388059701493,73,37,0.3945945945945946,0.6065573770491803
0.3571428571428572,0.3061224489795918,0.5068493150684932,0.6065573770491803,0.5522388059701493,73,37,0.3945945945945946,0.6065573770491803
0.3571428571428572,0.32653061224489793,0.5068493150684932,0.6065573770491803,0.5522388059701493,73,37,0.3945945945945946,0.6065573770491803
0.3571428571428572,0.3469387755102041,0.5068493150684932,0.6065573770491803,0.5522388059701493,73,37,0.3945945945945946,0.6065573770491803
0.3571428571428572,0.36734693877551017,0.5068493150684932,0.6065573770491803,0.5522388059701493,73,37,0.3945945945945946,0.6065573770491803
0.3571428571428572,0.3877551020408163,0.5068493150684932,0.6065573770491803,0.5522388059701493,73,37,0.3945945945945946,0.6065573770491803
0.3571428571428572,0.4081632653061224,0.5068493150684932,0.6065573770491803,0.5522388059701493,73,37,0.3945945945945946,0.6065573770491803
0.3571428571428572,0.42857142857142855,0.5068493150684932,0.6065573770491803,0.5522388059701493,73,37,0.3945945945945946,0.6065573770491803
0.3571428571428572,0.44897959183673464,0.5068493150684932,0.6065573770491803,0.5522388059701493,73,37,0.3945945945945946,0.6065573770491803
0.3571428571428572,0.4693877551020408,0.5068493150684932,0.6065573770491803,0.5522388059701493,73,37,0.3945945945945946,0.6065573770491803
0.3571428571428572,0.4897959183673469,0.5068493150684932,0.6065573770491803,0.5522388059701493,73,37,0.3945945945945946,0.6065573770491803
0.3571428571428572,0.5102040816326531,0.5068493150684932,0.6065573770491803,0.5522388059701493,73,37,0.3945945945945946,0.6065573770491803
0.3571428571428572,0.5306122448979591,0.5068493150684932,0.6065573770491803,0.5522388059701493,73,37,0.3945945945945946,0.6065573770491803
0.3571428571428572,0.5510204081632653,0.5068493150684932,0.6065573770491803,0.5522388059701493,73,37,0.3945945945945946,0.6065573770491803
0.3571428571428572,0.5714285714285714,0.5068493150684932,0.6065573770491803,0.5522388059701493,73,37,0.3945945945945946,0.6065573770491803
0.3571428571428572,0.5918367346938775,0.5068493150684932,0.6065573770491803,0.5522388059701493,73,37,0.3945945945945946,0.6065573770491803
0.3571428571428572,0.6122448979591836,0.5068493150684932,0.6065573770491803,0.5522388059701493,73,37,0.3945945945945946,0.6065573770491803
0.3571428571428572,0.6326530612244897,0.5068493150684932,0.6065573770491803,0.5522388059701493,73,37,0.3945945945945946,0.6065573770491803
0.3571428571428572,0.6530612244897959,0.5068493150684932,0.6065573770491803,0.5522388059701493,73,37,0.3945945945945946,0.6065573770491803
0.3571428571428572,0.673469387755102,0.5068493150684932,0.6065573770491803,0.5522388059701493,73,37,0.3945945945945946,0.6065573770491803
0.3571428571428572,0.6938775510204082,0.5068493150684932,0.6065573770491803,0.5522388059701493,73,37,0.3945945945945946,0.6065573770491803
0.3571428571428572,0.7142857142857142,0.5068493150684932,0.6065573770491803,0.5522388059701493,73,37,0.3945945945945946,0.6065573770491803
0.3571428571428572,0.7346938775510203,0.5068493150684932,0.6065573770491803,0.5522388059701493,73,37,0.3945945945945946,0.6065573770491803
0.3571428571428572,0.7551020408163265,0.5068493150684932,0.6065573770491803,0.5522388059701493,73,37,0.3945945945945946,0.6065573770491803
0.3571428571428572,0.7755102040816326,0.5068493150684932,0.6065573770491803,0.5522388059701493,73,37,0.3945945945945946,0.6065573770491803
0.3571428571428572,0.7959183673469387,0.5068493150684932,0.6065573770491803,0.5522388059701493,73,37,0.3945945945945946,0.6065573770491803
0.3571428571428572,0.8163265306122448,0.5068493150684932,0.6065573770491803,0.5522388059701493,73,37,0.3945945945945946,0.6065573770491803
0.3571428571428572,0.836734693877551,0.5068493150684932,0.6065573770491803,0.5522388059701493,73,37,0.3945945945945946,0.6065573770491803
0.3571428571428572,0.8571428571428571,0.5068493150684932,0.6065573770491803,0.5522388059701493,73,37,0.3945945945945946,0.6065573770491803
0.3571428571428572,0.8775510204081632,0.5066666666666667,0.6229508196721312,0.5588235294117647,75,38,0.40540540540540543,0.6229508196721312
0.3571428571428572,0.8979591836734693,0.5066666666666667,0.6229508196721312,0.5588235294117647,75,38,0.40540540540540543,0.6229508196721312
0.3571428571428572,0.9183673469387754,0.5066666666666667,0.6229508196721312,0.5588235294117647,75,38,0.40540540540540543,0.6229508196721312
0.3571428571428572,0.9387755102040816,0.5066666666666667,0.6229508196721312,0.5588235294117647,75,38,0.40540540540540543,0.6229508196721312
0.3571428571428572,0.9591836734693877,0.47,0.7704918032786885,0.5838509316770186,100,47,0.5405405405405406,0.7704918032786885
0.3571428571428572,0.9795918367346939,0.4766355140186916,0.8360655737704918,0.6071428571428571,107,51,0.5783783783783784,0.8360655737704918
0.3571428571428572,1.0,0.32972972972972975,1.0,0.49593495934959353,185,61,1.0,1.0
0.3755102040816327,0.0,0.5362318840579711,0.6065573770491803,0.5692307692307692,69,37,0.372972972972973,0.6065573770491803
0.3755102040816327,0.02040816326530612,0.5068493150684932,0.6065573770491803,0.5522388059701493,73,37,0.3945945945945946,0.6065573770491803
0.3755102040816327,0.04081632653061224,0.5068493150684932,0.6065573770491803,0.5522388059701493,73,37,0.3945945945945946,0.6065573770491803
0.3755102040816327,0.061224489795918366,0.5068493150684932,0.6065573770491803,0.5522388059701493,73,37,0.3945945945945946,0.6065573770491803
0.3755102040816327,0.08163265306122448,0.5068493150684932,0.6065573770491803,0.5522388059701493,73,37,0.3945945945945946,0.6065573770491803
0.3755102040816327,0.1020408163265306,0.5068493150684932,0.6065573770491803,0.5522388059701493,73,37,0.3945945945945946,0.6065573770491803
0.3755102040816327,0.12244897959183673,0.5068493150684932,0.6065573770491803,0.5522388059701493,73,37,0.3945945945945946,0.6065573770491803
0.3755102040816327,0.14285714285714285,0.5068493150684932,0.6065573770491803,0.5522388059701493,73,37,0.3945945945945946,0.6065573770491803
0.3755102040816327,0.16326530612244897,0.5068493150684932,0.6065573770491803,0.5522388059701493,73,37,0.3945945945945946,0.6065573770491803
0.3755102040816327,0.18367346938775508,0.5068493150684932,0.6065573770491803,0.5522388059701493,73,37,0.3945945945945946,0.6065573770491803
0.3755102040816327,0.2040816326530612,0.5068493150684932,0.6065573770491803,0.5522388059701493,73,37,0.3945945945945946,0.6065573770491803
0.3755102040816327,0.22448979591836732,0.5068493150684932,0.6065573770491803,0.5522388059701493,73,37,0.3945945945945946,0.6065573770491803
0.3755102040816327,0.24489795918367346,0.5068493150684932,0.6065573770491803,0.5522388059701493,73,37,0.3945945945945946,0.6065573770491803
0.3755102040816327,0.26530612244897955,0.5068493150684932,0.6065573770491803,0.5522388059701493,73,37,0.3945945945945946,0.6065573770491803
0.3755102040816327,0.2857142857142857,0.5068493150684932,0.6065573770491803,0.5522388059701493,73,37,0.3945945945945946,0.6065573770491803
0.3755102040816327,0.3061224489795918,0.5068493150684932,0.6065573770491803,0.5522388059701493,73,37,0.3945945945945946,0.6065573770491803
0.3755102040816327,0.32653061224489793,0.5068493150684932,0.6065573770491803,0.5522388059701493,73,37,0.3945945945945946,0.6065573770491803
0.3755102040816327,0.3469387755102041,0.5068493150684932,0.6065573770491803,0.5522388059701493,73,37,0.3945945945945946,0.6065573770491803
0.3755102040816327,0.36734693877551017,0.5068493150684932,0.6065573770491803,0.5522388059701493,73,37,0.3945945945945946,0.6065573770491803
0.3755102040816327,0.3877551020408163,0.5068493150684932,0.6065573770491803,0.5522388059701493,73,37,0.3945945945945946,0.6065573770491803
0.3755102040816327,0.4081632653061224,0.5068493150684932,0.6065573770491803,0.5522388059701493,73,37,0.3945945945945946,0.6065573770491803
0.3755102040816327,0.42857142857142855,0.5068493150684932,0.6065573770491803,0.5522388059701493,73,37,0.3945945945945946,0.6065573770491803
0.3755102040816327,0.44897959183673464,0.5068493150684932,0.6065573770491803,0.5522388059701493,73,37,0.3945945945945946,0.6065573770491803
0.3755102040816327,0.4693877551020408,0.5068493150684932,0.6065573770491803,0.5522388059701493,73,37,0.3945945945945946,0.6065573770491803
0.3755102040816327,0.4897959183673469,0.5068493150684932,0.6065573770491803,0.5522388059701493,73,37,0.3945945945945946,0.6065573770491803
0.3755102040816327,0.5102040816326531,0.5068493150684932,0.6065573770491803,0.5522388059701493,73,37,0.3945945945945946,0.6065573770491803
0.3755102040816327,0.5306122448979591,0.5068493150684932,0.6065573770491803,0.5522388059701493,73,37,0.3945945945945946,0.6065573770491803
0.3755102040816327,0.5510204081632653,0.5068493150684932,0.6065573770491803,0.5522388059701493,73,37,0.3945945945945946,0.6065573770491803
0.3755102040816327,0.5714285714285714,0.5068493150684932,0.6065573770491803,0.5522388059701493,73,37,0.3945945945945946,0.6065573770491803
0.3755102040816327,0.5918367346938775,0.5068493150684932,0.6065573770491803,0.5522388059701493,73,37,0.3945945945945946,0.6065573770491803
0.3755102040816327,0.6122448979591836,0.5068493150684932,0.6065573770491803,0.5522388059701493,73,37,0.3945945945945946,0.6065573770491803
0.3755102040816327,0.6326530612244897,0.5068493150684932,0.6065573770491803,0.5522388059701493,73,37,0.3945945945945946,0.6065573770491803
0.3755102040816327,0.6530612244897959,0.5068493150684932,0.6065573770491803,0.5522388059701493,73,37,0.3945945945945946,0.6065573770491803
0.3755102040816327,0.673469387755102,0.5068493150684932,0.6065573770491803,0.5522388059701493,73,37,0.3945945945945946,0.6065573770491803
0.3755102040816327,0.6938775510204082,0.5068493150684932,0.6065573770491803,0.5522388059701493,73,37,0.3945945945945946,0.6065573770491803
0.3755102040816327,0.7142857142857142,0.5068493150684932,0.6065573770491803,0.5522388059701493,73,37,0.3945945945945946,0.6065573770491803
0.3755102040816327,0.7346938775510203,0.5068493150684932,0.6065573770491803,0.5522388059701493,73,37,0.3945945945945946,0.6065573770491803
0.3755102040816327,0.7551020408163265,0.5068493150684932,0.6065573770491803,0.5522388059701493,73,37,0.3945945945945946,0.6065573770491803
0.3755102040816327,0.7755102040816326,0.5068493150684932,0.6065573770491803,0.5522388059701493,73,37,0.3945945945945946,0.6065573770491803
0.3755102040816327,0.7959183673469387,0.5068493150684932,0.6065573770491803,0.5522388059701493,73,37,0.3945945945945946,0.6065573770491803
0.3755102040816327,0.8163265306122448,0.5068493150684932,0.6065573770491803,0.5522388059701493,73,37,0.3945945945945946,0.6065573770491803
0.3755102040816327,0.836734693877551,0.5068493150684932,0.6065573770491803,0.5522388059701493,73,37,0.3945945945945946,0.6065573770491803
0.3755102040816327,0.8571428571428571,0.5068493150684932,0.6065573770491803,0.5522388059701493,73,37,0.3945945945945946,0.6065573770491803
0.3755102040816327,0.8775510204081632,0.5066666666666667,0.6229508196721312,0.5588235294117647,75,38,0.40540540540540543,0.6229508196721312
0.3755102040816327,0.8979591836734693,0.5066666666666667,0.6229508196721312,0.5588235294117647,75,38,0.40540540540540543,0.6229508196721312
0.3755102040816327,0.9183673469387754,0.5066666666666667,0.6229508196721312,0.5588235294117647,75,38,0.40540540540540543,0.6229508196721312
0.3755102040816327,0.9387755102040816,0.5066666666666667,0.6229508196721312,0.5588235294117647,75,38,0.40540540540540543,0.6229508196721312
0.3755102040816327,0.9591836734693877,0.47,0.7704918032786885,0.5838509316770186,100,47,0.5405405405405406,0.7704918032786885
0.3755102040816327,0.9795918367346939,0.4766355140186916,0.8360655737704918,0.6071428571428571,107,51,0.5783783783783784,0.8360655737704918
0.3755102040816327,1.0,0.32972972972972975,1.0,0.49593495934959353,185,61,1.0,1.0
0.3938775510204082,0.0,0.5362318840579711,0.6065573770491803,0.5692307692307692,69,37,0.372972972972973,0.6065573770491803
0.3938775510204082,0.02040816326530612,0.5068493150684932,0.6065573770491803,0.5522388059701493,73,37,0.3945945945945946,0.6065573770491803
0.3938775510204082,0.04081632653061224,0.5068493150684932,0.6065573770491803,0.5522388059701493,73,37,0.3945945945945946,0.6065573770491803
0.3938775510204082,0.061224489795918366,0.5068493150684932,0.6065573770491803,0.5522388059701493,73,37,0.3945945945945946,0.6065573770491803
0.3938775510204082,0.08163265306122448,0.5068493150684932,0.6065573770491803,0.5522388059701493,73,37,0.3945945945945946,0.6065573770491803
0.3938775510204082,0.1020408163265306,0.5068493150684932,0.6065573770491803,0.5522388059701493,73,37,0.3945945945945946,0.6065573770491803
0.3938775510204082,0.12244897959183673,0.5068493150684932,0.6065573770491803,0.5522388059701493,73,37,0.3945945945945946,0.6065573770491803
0.3938775510204082,0.14285714285714285,0.5068493150684932,0.6065573770491803,0.5522388059701493,73,37,0.3945945945945946,0.6065573770491803
0.3938775510204082,0.16326530612244897,0.5068493150684932,0.6065573770491803,0.5522388059701493,73,37,0.3945945945945946,0.6065573770491803
0.3938775510204082,0.18367346938775508,0.5068493150684932,0.6065573770491803,0.5522388059701493,73,37,0.3945945945945946,0.6065573770491803
0.3938775510204082,0.2040816326530612,0.5068493150684932,0.6065573770491803,0.5522388059701493,73,37,0.3945945945945946,0.6065573770491803
0.3938775510204082,0.22448979591836732,0.5068493150684932,0.6065573770491803,0.5522388059701493,73,37,0.3945945945945946,0.6065573770491803
0.3938775510204082,0.24489795918367346,0.5068493150684932,0.6065573770491803,0.5522388059701493,73,37,0.3945945945945946,0.6065573770491803
0.3938775510204082,0.26530612244897955,0.5068493150684932,0.6065573770491803,0.5522388059701493,73,37,0.3945945945945946,0.6065573770491803
0.3938775510204082,0.2857142857142857,0.5068493150684932,0.6065573770491803,0.5522388059701493,73,37,0.3945945945945946,0.6065573770491803
0.3938775510204082,0.3061224489795918,0.5068493150684932,0.6065573770491803,0.5522388059701493,73,37,0.3945945945945946,0.6065573770491803
0.3938775510204082,0.32653061224489793,0.5068493150684932,0.6065573770491803,0.5522388059701493,73,37,0.3945945945945946,0.6065573770491803
0.3938775510204082,0.3469387755102041,0.5068493150684932,0.6065573770491803,0.5522388059701493,73,37,0.3945945945945946,0.6065573770491803
0.3938775510204082,0.36734693877551017,0.5068493150684932,0.6065573770491803,0.5522388059701493,73,37,0.3945945945945946,0.6065573770491803
0.3938775510204082,0.3877551020408163,0.5068493150684932,0.6065573770491803,0.5522388059701493,73,37,0.3945945945945946,0.6065573770491803
0.3938775510204082,0.4081632653061224,0.5068493150684932,0.6065573770491803,0.5522388059701493,73,37,0.3945945945945946,0.6065573770491803
0.3938775510204082,0.42857142857142855,0.5068493150684932,0.6065573770491803,0.5522388059701493,73,37,0.3945945945945946,0.6065573770491803
0.3938775510204082,0.44897959183673464,0.5068493150684932,0.6065573770491803,0.5522388059701493,73,37,0.3945945945945946,0.6065573770491803
0.3938775510204082,0.4693877551020408,0.5,0.6065573770491803,0.5481481481481482,74,37,0.4,0.6065573770491803
0.3938775510204082,0.4897959183673469,0.5068493150684932,0.6065573770491803,0.5522388059701493,73,37,0.3945945945945946,0.6065573770491803
0.3938775510204082,0.5102040816326531,0.5068493150684932,0.6065573770491803,0.5522388059701493,73,37,0.3945945945945946,0.6065573770491803
0.3938775510204082,0.5306122448979591,0.5068493150684932,0.6065573770491803,0.5522388059701493,73,37,0.3945945945945946,0.6065573770491803
0.3938775510204082,0.5510204081632653,0.5068493150684932,0.6065573770491803,0.5522388059701493,73,37,0.3945945945945946,0.6065573770491803
0.3938775510204082,0.5714285714285714,0.5068493150684932,0.6065573770491803,0.5522388059701493,73,37,0.3945945945945946,0.6065573770491803
0.3938775510204082,0.5918367346938775,0.5068493150684932,0.6065573770491803,0.5522388059701493,73,37,0.3945945945945946,0.6065573770491803
0.3938775510204082,0.6122448979591836,0.5068493150684932,0.6065573770491803,0.5522388059701493,73,37,0.3945945945945946,0.6065573770491803
0.3938775510204082,0.6326530612244897,0.5068493150684932,0.6065573770491803,0.5522388059701493,73,37,0.3945945945945946,0.6065573770491803
0.3938775510204082,0.6530612244897959,0.5068493150684932,0.6065573770491803,0.5522388059701493,73,37,0.3945945945945946,0.6065573770491803
0.3938775510204082,0.673469387755102,0.5068493150684932,0.6065573770491803,0.5522388059701493,73,37,0.3945945945945946,0.6065573770491803
0.3938775510204082,0.6938775510204082,0.5068493150684932,0.6065573770491803,0.5522388059701493,73,37,0.3945945945945946,0.6065573770491803
0.3938775510204082,0.7142857142857142,0.5068493150684932,0.6065573770491803,0.5522388059701493,73,37,0.3945945945945946,0.6065573770491803
0.3938775510204082,0.7346938775510203,0.5068493150684932,0.6065573770491803,0.5522388059701493,73,37,0.3945945945945946,0.6065573770491803
0.3938775510204082,0.7551020408163265,0.5068493150684932,0.6065573770491803,0.5522388059701493,73,37,0.3945945945945946,0.6065573770491803
0.3938775510204082,0.7755102040816326,0.5068493150684932,0.6065573770491803,0.5522388059701493,73,37,0.3945945945945946,0.6065573770491803
0.3938775510204082,0.7959183673469387,0.5068493150684932,0.6065573770491803,0.5522388059701493,73,37,0.3945945945945946,0.6065573770491803
0.3938775510204082,0.8163265306122448,0.5068493150684932,0.6065573770491803,0.5522388059701493,73,37,0.3945945945945946,0.6065573770491803
0.3938775510204082,0.836734693877551,0.5068493150684932,0.6065573770491803,0.5522388059701493,73,37,0.3945945945945946,0.6065573770491803
0.3938775510204082,0.8571428571428571,0.5068493150684932,0.6065573770491803,0.5522388059701493,73,37,0.3945945945945946,0.6065573770491803
0.3938775510204082,0.8775510204081632,0.5066666666666667,0.6229508196721312,0.5588235294117647,75,38,0.40540540540540543,0.6229508196721312
0.3938775510204082,0.8979591836734693,0.5066666666666667,0.6229508196721312,0.5588235294117647,75,38,0.40540540540540543,0.6229508196721312
0.3938775510204082,0.9183673469387754,0.5066666666666667,0.6229508196721312,0.5588235294117647,75,38,0.40540540540540543,0.6229508196721312
0.3938775510204082,0.9387755102040816,0.5066666666666667,0.6229508196721312,0.5588235294117647,75,38,0.40540540540540543,0.6229508196721312
0.3938775510204082,0.9591836734693877,0.47,0.7704918032786885,0.5838509316770186,100,47,0.5405405405405406,0.7704918032786885
0.3938775510204082,0.9795918367346939,0.4766355140186916,0.8360655737704918,0.6071428571428571,107,51,0.5783783783783784,0.8360655737704918
0.3938775510204082,1.0,0.32972972972972975,1.0,0.49593495934959353,185,61,1.0,1.0
0.41224489795918373,0.0,0.5362318840579711,0.6065573770491803,0.5692307692307692,69,37,0.372972972972973,0.6065573770491803
0.41224489795918373,0.02040816326530612,0.5066666666666667,0.6229508196721312,0.5588235294117647,75,38,0.40540540540540543,0.6229508196721312
0.41224489795918373,0.04081632653061224,0.5066666666666667,0.6229508196721312,0.5588235294117647,75,38,0.40540540540540543,0.6229508196721312
0.41224489795918373,0.061224489795918366,0.5066666666666667,0.6229508196721312,0.5588235294117647,75,38,0.40540540540540543,0.6229508196721312
0.41224489795918373,0.08163265306122448,0.5066666666666667,0.6229508196721312,0.5588235294117647,75,38,0.40540540540540543,0.6229508196721312
0.41224489795918373,0.1020408163265306,0.5066666666666667,0.6229508196721312,0.5588235294117647,75,38,0.40540540540540543,0.6229508196721312
0.41224489795918373,0.12244897959183673,0.5066666666666667,0.6229508196721312,0.5588235294117647,75,38,0.40540540540540543,0.6229508196721312
0.41224489795918373,0.14285714285714285,0.5066666666666667,0.6229508196721312,0.5588235294117647,75,38,0.40540540540540543,0.6229508196721312
0.41224489795918373,0.16326530612244897,0.5066666666666667,0.6229508196721312,0.5588235294117647,75,38,0.40540540540540543,0.6229508196721312
0.41224489795918373,0.18367346938775508,0.5066666666666667,0.6229508196721312,0.5588235294117647,75,38,0.40540540540540543,0.6229508196721312
0.41224489795918373,0.2040816326530612,0.5066666666666667,0.6229508196721312,0.5588235294117647,75,38,0.40540540540540543,0.6229508196721312
0.41224489795918373,0.22448979591836732,0.5066666666666667,0.6229508196721312,0.5588235294117647,75,38,0.40540540540540543,0.6229508196721312
0.41224489795918373,0.24489795918367346,0.5066666666666667,0.6229508196721312,0.5588235294117647,75,38,0.40540540540540543,0.6229508196721312
0.41224489795918373,0.26530612244897955,0.5066666666666667,0.6229508196721312,0.5588235294117647,75,38,0.40540540540540543,0.6229508196721312
0.41224489795918373,0.2857142857142857,0.5066666666666667,0.6229508196721312,0.5588235294117647,75,38,0.40540540540540543,0.6229508196721312
0.41224489795918373,0.3061224489795918,0.5066666666666667,0.6229508196721312,0.5588235294117647,75,38,0.40540540540540543,0.6229508196721312
0.41224489795918373,0.32653061224489793,0.5066666666666667,0.6229508196721312,0.5588235294117647,75,38,0.40540540540540543,0.6229508196721312
0.41224489795918373,0.3469387755102041,0.5066666666666667,0.6229508196721312,0.5588235294117647,75,38,0.40540540540540543,0.6229508196721312
0.41224489795918373,0.36734693877551017,0.5066666666666667,0.6229508196721312,0.5588235294117647,75,38,0.40540540540540543,0.6229508196721312
0.41224489795918373,0.3877551020408163,0.5066666666666667,0.6229508196721312,0.5588235294117647,75,38,0.40540540540540543,0.6229508196721312
0.41224489795918373,0.4081632653061224,0.5066666666666667,0.6229508196721312,0.5588235294117647,75,38,0.40540540540540543,0.6229508196721312
0.41224489795918373,0.42857142857142855,0.5066666666666667,0.6229508196721312,0.5588235294117647,75,38,0.40540540540540543,0.6229508196721312
0.41224489795918373,0.44897959183673464,0.5066666666666667,0.6229508196721312,0.5588235294117647,75,38,0.40540540540540543,0.6229508196721312
0.41224489795918373,0.4693877551020408,0.5066666666666667,0.6229508196721312,0.5588235294117647,75,38,0.40540540540540543,0.6229508196721312
0.41224489795918373,0.4897959183673469,0.5066666666666667,0.6229508196721312,0.5588235294117647,75,38,0.40540540540540543,0.6229508196721312
0.41224489795918373,0.5102040816326531,0.5066666666666667,0.6229508196721312,0.5588235294117647,75,38,0.40540540540540543,0.6229508196721312
0.41224489795918373,0.5306122448979591,0.5066666666666667,0.6229508196721312,0.5588235294117647,75,38,0.40540540540540543,0.6229508196721312
0.41224489795918373,0.5510204081632653,0.5066666666666667,0.6229508196721312,0.5588235294117647,75,38,0.40540540540540543,0.6229508196721312
0.41224489795918373,0.5714285714285714,0.5066666666666667,0.6229508196721312,0.5588235294117647,75,38,0.40540540540540543,0.6229508196721312
0.41224489795918373,0.5918367346938775,0.5066666666666667,0.6229508196721312,0.5588235294117647,75,38,0.40540540540540543,0.6229508196721312
0.41224489795918373,0.6122448979591836,0.5066666666666667,0.6229508196721312,0.5588235294117647,75,38,0.40540540540540543,0.6229508196721312
0.41224489795918373,0.6326530612244897,0.5066666666666667,0.6229508196721312,0.5588235294117647,75,38,0.40540540540540543,0.6229508196721312
0.41224489795918373,0.6530612244897959,0.5066666666666667,0.6229508196721312,0.5588235294117647,75,38,0.40540540540540543,0.6229508196721312
0.41224489795918373,0.673469387755102,0.5066666666666667,0.6229508196721312,0.5588235294117647,75,38,0.40540540540540543,0.6229508196721312
0.41224489795918373,0.6938775510204082,0.5066666666666667,0.6229508196721312,0.5588235294117647,75,38,0.40540540540540543,0.6229508196721312
0.41224489795918373,0.7142857142857142,0.5066666666666667,0.6229508196721312,0.5588235294117647,75,38,0.40540540540540543,0.6229508196721312
0.41224489795918373,0.7346938775510203,0.5066666666666667,0.6229508196721312,0.5588235294117647,75,38,0.40540540540540543,0.6229508196721312
0.41224489795918373,0.7551020408163265,0.5066666666666667,0.6229508196721312,0.5588235294117647,75,38,0.40540540540540543,0.6229508196721312
0.41224489795918373,0.7755102040816326,0.5066666666666667,0.6229508196721312,0.5588235294117647,75,38,0.40540540540540543,0.6229508196721312
0.41224489795918373,0.7959183673469387,0.5066666666666667,0.6229508196721312,0.5588235294117647,75,38,0.40540540540540543,0.6229508196721312
0.41224489795918373,0.8163265306122448,0.5066666666666667,0.6229508196721312,0.5588235294117647,75,38,0.40540540540540543,0.6229508196721312
0.41224489795918373,0.836734693877551,0.5066666666666667,0.6229508196721312,0.5588235294117647,75,38,0.40540540540540543,0.6229508196721312
0.41224489795918373,0.8571428571428571,0.5066666666666667,0.6229508196721312,0.5588235294117647,75,38,0.40540540540540543,0.6229508196721312
0.41224489795918373,0.8775510204081632,0.5066666666666667,0.6229508196721312,0.5588235294117647,75,38,0.40540540540540543,0.6229508196721312
0.41224489795918373,0.8979591836734693,0.5066666666666667,0.6229508196721312,0.5588235294117647,75,38,0.40540540540540543,0.6229508196721312
0.41224489795918373,0.9183673469387754,0.5066666666666667,0.6229508196721312,0.5588235294117647,75,38,0.40540540540540543,0.6229508196721312
0.41224489795918373,0.9387755102040816,0.5066666666666667,0.6229508196721312,0.5588235294117647,75,38,0.40540540540540543,0.6229508196721312
0.41224489795918373,0.9591836734693877,0.47,0.7704918032786885,0.5838509316770186,100,47,0.5405405405405406,0.7704918032786885
0.41224489795918373,0.9795918367346939,0.4766355140186916,0.8360655737704918,0.6071428571428571,107,51,0.5783783783783784,0.8360655737704918
0.41224489795918373,1.0,0.32972972972972975,1.0,0.49593495934959353,185,61,1.0,1.0
0.43061224489795924,0.0,0.5362318840579711,0.6065573770491803,0.5692307692307692,69,37,0.372972972972973,0.6065573770491803
0.43061224489795924,0.02040816326530612,0.5066666666666667,0.6229508196721312,0.5588235294117647,75,38,0.40540540540540543,0.6229508196721312
0.43061224489795924,0.04081632653061224,0.5066666666666667,0.6229508196721312,0.5588235294117647,75,38,0.40540540540540543,0.6229508196721312
0.43061224489795924,0.061224489795918366,0.5066666666666667,0.6229508196721312,0.5588235294117647,75,38,0.40540540540540543,0.6229508196721312
0.43061224489795924,0.08163265306122448,0.5066666666666667,0.6229508196721312,0.5588235294117647,75,38,0.40540540540540543,0.6229508196721312
0.43061224489795924,0.1020408163265306,0.5066666666666667,0.6229508196721312,0.5588235294117647,75,38,0.40540540540540543,0.6229508196721312
0.43061224489795924,0.12244897959183673,0.5066666666666667,0.6229508196721312,0.5588235294117647,75,38,0.40540540540540543,0.6229508196721312
0.43061224489795924,0.14285714285714285,0.5066666666666667,0.6229508196721312,0.5588235294117647,75,38,0.40540540540540543,0.6229508196721312
0.43061224489795924,0.16326530612244897,0.5066666666666667,0.6229508196721312,0.5588235294117647,75,38,0.40540540540540543,0.6229508196721312
0.43061224489795924,0.18367346938775508,0.5066666666666667,0.6229508196721312,0.5588235294117647,75,38,0.40540540540540543,0.6229508196721312
0.43061224489795924,0.2040816326530612,0.5066666666666667,0.6229508196721312,0.5588235294117647,75,38,0.40540540540540543,0.6229508196721312
0.43061224489795924,0.22448979591836732,0.5066666666666667,0.6229508196721312,0.5588235294117647,75,38,0.40540540540540543,0.6229508196721312
0.43061224489795924,0.24489795918367346,0.5066666666666667,0.6229508196721312,0.5588235294117647,75,38,0.40540540540540543,0.6229508196721312
0.43061224489795924,0.26530612244897955,0.5066666666666667,0.6229508196721312,0.5588235294117647,75,38,0.40540540540540543,0.6229508196721312
0.43061224489795924,0.2857142857142857,0.5066666666666667,0.6229508196721312,0.5588235294117647,75,38,0.40540540540540543,0.6229508196721312
0.43061224489795924,0.3061224489795918,0.5066666666666667,0.6229508196721312,0.5588235294117647,75,38,0.40540540540540543,0.6229508196721312
0.43061224489795924,0.32653061224489793,0.5066666666666667,0.6229508196721312,0.5588235294117647,75,38,0.40540540540540543,0.6229508196721312
0.43061224489795924,0.3469387755102041,0.5066666666666667,0.6229508196721312,0.5588235294117647,75,38,0.40540540540540543,0.6229508196721312
0.43061224489795924,0.36734693877551017,0.5066666666666667,0.6229508196721312,0.5588235294117647,75,38,0.40540540540540543,0.6229508196721312
0.43061224489795924,0.3877551020408163,0.5066666666666667,0.6229508196721312,0.5588235294117647,75,38,0.40540540540540543,0.6229508196721312
0.43061224489795924,0.4081632653061224,0.5066666666666667,0.6229508196721312,0.5588235294117647,75,38,0.40540540540540543,0.6229508196721312
0.43061224489795924,0.42857142857142855,0.5066666666666667,0.6229508196721312,0.5588235294117647,75,38,0.40540540540540543,0.6229508196721312
0.43061224489795924,0.44897959183673464,0.5066666666666667,0.6229508196721312,0.5588235294117647,75,38,0.40540540540540543,0.6229508196721312
0.43061224489795924,0.4693877551020408,0.5066666666666667,0.6229508196721312,0.5588235294117647,75,38,0.40540540540540543,0.6229508196721312
0.43061224489795924,0.4897959183673469,0.5066666666666667,0.6229508196721312,0.5588235294117647,75,38,0.40540540540540543,0.6229508196721312
0.43061224489795924,0.5102040816326531,0.5066666666666667,0.6229508196721312,0.5588235294117647,75,38,0.40540540540540543,0.6229508196721312
0.43061224489795924,0.5306122448979591,0.5066666666666667,0.6229508196721312,0.5588235294117647,75,38,0.40540540540540543,0.6229508196721312
0.43061224489795924,0.5510204081632653,0.5066666666666667,0.6229508196721312,0.5588235294117647,75,38,0.40540540540540543,0.6229508196721312
0.43061224489795924,0.5714285714285714,0.5066666666666667,0.6229508196721312,0.5588235294117647,75,38,0.40540540540540543,0.6229508196721312
0.43061224489795924,0.5918367346938775,0.5066666666666667,0.6229508196721312,0.5588235294117647,75,38,0.40540540540540543,0.6229508196721312
0.43061224489795924,0.6122448979591836,0.5066666666666667,0.6229508196721312,0.5588235294117647,75,38,0.40540540540540543,0.6229508196721312
0.43061224489795924,0.6326530612244897,0.5066666666666667,0.6229508196721312,0.5588235294117647,75,38,0.40540540540540543,0.6229508196721312
0.43061224489795924,0.6530612244897959,0.5066666666666667,0.6229508196721312,0.5588235294117647,75,38,0.40540540540540543,0.6229508196721312
0.43061224489795924,0.673469387755102,0.5066666666666667,0.6229508196721312,0.5588235294117647,75,38,0.40540540540540543,0.6229508196721312
0.43061224489795924,0.6938775510204082,0.5066666666666667,0.6229508196721312,0.5588235294117647,75,38,0.40540540540540543,0.6229508196721312
0.43061224489795924,0.7142857142857142,0.5066666666666667,0.6229508196721312,0.5588235294117647,75,38,0.40540540540540543,0.6229508196721312
0.43061224489795924,0.7346938775510203,0.5066666666666667,0.6229508196721312,0.5588235294117647,75,38,0.40540540540540543,0.6229508196721312
0.43061224489795924,0.7551020408163265,0.5066666666666667,0.6229508196721312,0.5588235294117647,75,38,0.40540540540540543,0.6229508196721312
0.43061224489795924,0.7755102040816326,0.5066666666666667,0.6229508196721312,0.5588235294117647,75,38,0.40540540540540543,0.6229508196721312
0.43061224489795924,0.7959183673469387,0.5066666666666667,0.6229508196721312,0.5588235294117647,75,38,0.40540540540540543,0.6229508196721312
0.43061224489795924,0.8163265306122448,0.5066666666666667,0.6229508196721312,0.5588235294117647,75,38,0.40540540540540543,0.6229508196721312
0.43061224489795924,0.836734693877551,0.5066666666666667,0.6229508196721312,0.5588235294117647,75,38,0.40540540540540543,0.6229508196721312
0.43061224489795924,0.8571428571428571,0.5066666666666667,0.6229508196721312,0.5588235294117647,75,38,0.40540540540540543,0.6229508196721312
0.43061224489795924,0.8775510204081632,0.5066666666666667,0.6229508196721312,0.5588235294117647,75,38,0.40540540540540543,0.6229508196721312
0.43061224489795924,0.8979591836734693,0.5066666666666667,0.6229508196721312,0.5588235294117647,75,38,0.40540540540540543,0.6229508196721312
0.43061224489795924,0.9183673469387754,0.5066666666666667,0.6229508196721312,0.5588235294117647,75,38,0.40540540540540543,0.6229508196721312
0.43061224489795924,0.9387755102040816,0.5066666666666667,0.6229508196721312,0.5588235294117647,75,38,0.40540540540540543,0.6229508196721312
0.43061224489795924,0.9591836734693877,0.47,0.7704918032786885,0.5838509316770186,100,47,0.5405405405405406,0.7704918032786885
0.43061224489795924,0.9795918367346939,0.4766355140186916,0.8360655737704918,0.6071428571428571,107,51,0.5783783783783784,0.8360655737704918
0.43061224489795924,1.0,0.32972972972972975,1.0,0.49593495934959353,185,61,1.0,1.0
0.44897959183673475,0.0,0.5362318840579711,0.6065573770491803,0.5692307692307692,69,37,0.372972972972973,0.6065573770491803
0.44897959183673475,0.02040816326530612,0.5066666666666667,0.6229508196721312,0.5588235294117647,75,38,0.40540540540540543,0.6229508196721312
0.44897959183673475,0.04081632653061224,0.5066666666666667,0.6229508196721312,0.5588235294117647,75,38,0.40540540540540543,0.6229508196721312
0.44897959183673475,0.061224489795918366,0.5066666666666667,0.6229508196721312,0.5588235294117647,75,38,0.40540540540540543,0.6229508196721312
0.44897959183673475,0.08163265306122448,0.5066666666666667,0.6229508196721312,0.5588235294117647,75,38,0.40540540540540543,0.6229508196721312
0.44897959183673475,0.1020408163265306,0.5066666666666667,0.6229508196721312,0.5588235294117647,75,38,0.40540540540540543,0.6229508196721312
0.44897959183673475,0.12244897959183673,0.5066666666666667,0.6229508196721312,0.5588235294117647,75,38,0.40540540540540543,0.6229508196721312
0.44897959183673475,0.14285714285714285,0.5066666666666667,0.6229508196721312,0.5588235294117647,75,38,0.40540540540540543,0.6229508196721312
0.44897959183673475,0.16326530612244897,0.5066666666666667,0.6229508196721312,0.5588235294117647,75,38,0.40540540540540543,0.6229508196721312
0.44897959183673475,0.18367346938775508,0.5066666666666667,0.6229508196721312,0.5588235294117647,75,38,0.40540540540540543,0.6229508196721312
0.44897959183673475,0.2040816326530612,0.5066666666666667,0.6229508196721312,0.5588235294117647,75,38,0.40540540540540543,0.6229508196721312
0.44897959183673475,0.22448979591836732,0.5066666666666667,0.6229508196721312,0.5588235294117647,75,38,0.40540540540540543,0.6229508196721312
0.44897959183673475,0.24489795918367346,0.5066666666666667,0.6229508196721312,0.5588235294117647,75,38,0.40540540540540543,0.6229508196721312
0.44897959183673475,0.26530612244897955,0.5066666666666667,0.6229508196721312,0.5588235294117647,75,38,0.40540540540540543,0.6229508196721312
0.44897959183673475,0.2857142857142857,0.5066666666666667,0.6229508196721312,0.5588235294117647,75,38,0.40540540540540543,0.6229508196721312
0.44897959183673475,0.3061224489795918,0.5066666666666667,0.6229508196721312,0.5588235294117647,75,38,0.40540540540540543,0.6229508196721312
0.44897959183673475,0.32653061224489793,0.5066666666666667,0.6229508196721312,0.5588235294117647,75,38,0.40540540540540543,0.6229508196721312
0.44897959183673475,0.3469387755102041,0.5066666666666667,0.6229508196721312,0.5588235294117647,75,38,0.40540540540540543,0.6229508196721312
0.44897959183673475,0.36734693877551017,0.5066666666666667,0.6229508196721312,0.5588235294117647,75,38,0.40540540540540543,0.6229508196721312
0.44897959183673475,0.3877551020408163,0.5066666666666667,0.6229508196721312,0.5588235294117647,75,38,0.40540540540540543,0.6229508196721312
0.44897959183673475,0.4081632653061224,0.5066666666666667,0.6229508196721312,0.5588235294117647,75,38,0.40540540540540543,0.6229508196721312
0.44897959183673475,0.42857142857142855,0.5066666666666667,0.6229508196721312,0.5588235294117647,75,38,0.40540540540540543,0.6229508196721312
0.44897959183673475,0.44897959183673464,0.5066666666666667,0.6229508196721312,0.5588235294117647,75,38,0.40540540540540543,0.6229508196721312
0.44897959183673475,0.4693877551020408,0.5066666666666667,0.6229508196721312,0.5588235294117647,75,38,0.40540540540540543,0.6229508196721312
0.44897959183673475,0.4897959183673469,0.5066666666666667,0.6229508196721312,0.5588235294117647,75,38,0.40540540540540543,0.6229508196721312
0.44897959183673475,0.5102040816326531,0.5066666666666667,0.6229508196721312,0.5588235294117647,75,38,0.40540540540540543,0.6229508196721312
0.44897959183673475,0.5306122448979591,0.5066666666666667,0.6229508196721312,0.5588235294117647,75,38,0.40540540540540543,0.6229508196721312
0.44897959183673475,0.5510204081632653,0.5066666666666667,0.6229508196721312,0.5588235294117647,75,38,0.40540540540540543,0.6229508196721312
0.44897959183673475,0.5714285714285714,0.5066666666666667,0.6229508196721312,0.5588235294117647,75,38,0.40540540540540543,0.6229508196721312
0.44897959183673475,0.5918367346938775,0.5066666666666667,0.6229508196721312,0.5588235294117647,75,38,0.40540540540540543,0.6229508196721312
0.44897959183673475,0.6122448979591836,0.5066666666666667,0.6229508196721312,0.5588235294117647,75,38,0.40540540540540543,0.6229508196721312
0.44897959183673475,0.6326530612244897,0.5066666666666667,0.6229508196721312,0.5588235294117647,75,38,0.40540540540540543,0.6229508196721312
0.44897959183673475,0.6530612244897959,0.5066666666666667,0.6229508196721312,0.5588235294117647,75,38,0.40540540540540543,0.6229508196721312
0.44897959183673475,0.673469387755102,0.5066666666666667,0.6229508196721312,0.5588235294117647,75,38,0.40540540540540543,0.6229508196721312
0.44897959183673475,0.6938775510204082,0.5066666666666667,0.6229508196721312,0.5588235294117647,75,38,0.40540540540540543,0.6229508196721312
0.44897959183673475,0.7142857142857142,0.5066666666666667,0.6229508196721312,0.5588235294117647,75,38,0.40540540540540543,0.6229508196721312
0.44897959183673475,0.7346938775510203,0.5066666666666667,0.6229508196721312,0.5588235294117647,75,38,0.40540540540540543,0.6229508196721312
0.44897959183673475,0.7551020408163265,0.5066666666666667,0.6229508196721312,0.5588235294117647,75,38,0.40540540540540543,0.6229508196721312
0.44897959183673475,0.7755102040816326,0.5066666666666667,0.6229508196721312,0.5588235294117647,75,38,0.40540540540540543,0.6229508196721312
0.44897959183673475,0.7959183673469387,0.5066666666666667,0.6229508196721312,0.5588235294117647,75,38,0.40540540540540543,0.6229508196721312
0.44897959183673475,0.8163265306122448,0.5066666666666667,0.6229508196721312,0.5588235294117647,75,38,0.40540540540540543,0.6229508196721312
0.44897959183673475,0.836734693877551,0.5066666666666667,0.6229508196721312,0.5588235294117647,75,38,0.40540540540540543,0.6229508196721312
0.44897959183673475,0.8571428571428571,0.5066666666666667,0.6229508196721312,0.5588235294117647,75,38,0.40540540540540543,0.6229508196721312
0.44897959183673475,0.8775510204081632,0.5066666666666667,0.6229508196721312,0.5588235294117647,75,38,0.40540540540540543,0.6229508196721312
0.44897959183673475,0.8979591836734693,0.5066666666666667,0.6229508196721312,0.5588235294117647,75,38,0.40540540540540543,0.6229508196721312
0.44897959183673475,0.9183673469387754,0.5066666666666667,0.6229508196721312,0.5588235294117647,75,38,0.40540540540540543,0.6229508196721312
0.44897959183673475,0.9387755102040816,0.4942528735632184,0.7049180327868853,0.581081081081081,87,43,0.4702702702702703,0.7049180327868853
0.44897959183673475,0.9591836734693877,0.47,0.7704918032786885,0.5838509316770186,100,47,0.5405405405405406,0.7704918032786885
0.44897959183673475,0.9795918367346939,0.4766355140186916,0.8360655737704918,0.6071428571428571,107,51,0.5783783783783784,0.8360655737704918
0.44897959183673475,1.0,0.32972972972972975,1.0,0.49593495934959353,185,61,1.0,1.0
0.46734693877551026,0.0,0.5362318840579711,0.6065573770491803,0.5692307692307692,69,37,0.372972972972973,0.6065573770491803
0.46734693877551026,0.02040816326530612,0.5066666666666667,0.6229508196721312,0.5588235294117647,75,38,0.40540540540540543,0.6229508196721312
0.46734693877551026,0.04081632653061224,0.5066666666666667,0.6229508196721312,0.5588235294117647,75,38,0.40540540540540543,0.6229508196721312
0.46734693877551026,0.061224489795918366,0.5066666666666667,0.6229508196721312,0.5588235294117647,75,38,0.40540540540540543,0.6229508196721312
0.46734693877551026,0.08163265306122448,0.5066666666666667,0.6229508196721312,0.5588235294117647,75,38,0.40540540540540543,0.6229508196721312
0.46734693877551026,0.1020408163265306,0.5066666666666667,0.6229508196721312,0.5588235294117647,75,38,0.40540540540540543,0.6229508196721312
0.46734693877551026,0.12244897959183673,0.5066666666666667,0.6229508196721312,0.5588235294117647,75,38,0.40540540540540543,0.6229508196721312
0.46734693877551026,0.14285714285714285,0.5066666666666667,0.6229508196721312,0.5588235294117647,75,38,0.40540540540540543,0.6229508196721312
0.46734693877551026,0.16326530612244897,0.5066666666666667,0.6229508196721312,0.5588235294117647,75,38,0.40540540540540543,0.6229508196721312
0.46734693877551026,0.18367346938775508,0.5066666666666667,0.6229508196721312,0.5588235294117647,75,38,0.40540540540540543,0.6229508196721312
0.46734693877551026,0.2040816326530612,0.5066666666666667,0.6229508196721312,0.5588235294117647,75,38,0.40540540540540543,0.6229508196721312
0.46734693877551026,0.22448979591836732,0.5066666666666667,0.6229508196721312,0.5588235294117647,75,38,0.40540540540540543,0.6229508196721312
0.46734693877551026,0.24489795918367346,0.5066666666666667,0.6229508196721312,0.5588235294117647,75,38,0.40540540540540543,0.6229508196721312
0.46734693877551026,0.26530612244897955,0.5066666666666667,0.6229508196721312,0.5588235294117647,75,38,0.40540540540540543,0.6229508196721312
0.46734693877551026,0.2857142857142857,0.5066666666666667,0.6229508196721312,0.5588235294117647,75,38,0.40540540540540543,0.6229508196721312
0.46734693877551026,0.3061224489795918,0.5066666666666667,0.6229508196721312,0.5588235294117647,75,38,0.40540540540540543,0.6229508196721312
0.46734693877551026,0.32653061224489793,0.5066666666666667,0.6229508196721312,0.5588235294117647,75,38,0.40540540540540543,0.6229508196721312
0.46734693877551026,0.3469387755102041,0.5066666666666667,0.6229508196721312,0.5588235294117647,75,38,0.40540540540540543,0.6229508196721312
0.46734693877551026,0.36734693877551017,0.5066666666666667,0.6229508196721312,0.5588235294117647,75,38,0.40540540540540543,0.6229508196721312
0.46734693877551026,0.3877551020408163,0.5066666666666667,0.6229508196721312,0.5588235294117647,75,38,0.40540540540540543,0.6229508196721312
0.46734693877551026,0.4081632653061224,0.5066666666666667,0.6229508196721312,0.5588235294117647,75,38,0.40540540540540543,0.6229508196721312
0.46734693877551026,0.42857142857142855,0.5066666666666667,0.6229508196721312,0.5588235294117647,75,38,0.40540540540540543,0.6229508196721312
0.46734693877551026,0.44897959183673464,0.5066666666666667,0.6229508196721312,0.5588235294117647,75,38,0.40540540540540543,0.6229508196721312
0.46734693877551026,0.4693877551020408,0.5066666666666667,0.6229508196721312,0.5588235294117647,75,38,0.40540540540540543,0.6229508196721312
0.46734693877551026,0.4897959183673469,0.5066666666666667,0.6229508196721312,0.5588235294117647,75,38,0.40540540540540543,0.6229508196721312
0.46734693877551026,0.5102040816326531,0.5066666666666667,0.6229508196721312,0.5588235294117647,75,38,0.40540540540540543,0.6229508196721312
0.46734693877551026,0.5306122448979591,0.5066666666666667,0.6229508196721312,0.5588235294117647,75,38,0.40540540540540543,0.6229508196721312
0.46734693877551026,0.5510204081632653,0.5066666666666667,0.6229508196721312,0.5588235294117647,75,38,0.40540540540540543,0.6229508196721312
0.46734693877551026,0.5714285714285714,0.5066666666666667,0.6229508196721312,0.5588235294117647,75,38,0.40540540540540543,0.6229508196721312
0.46734693877551026,0.5918367346938775,0.5066666666666667,0.6229508196721312,0.5588235294117647,75,38,0.40540540540540543,0.6229508196721312
0.46734693877551026,0.6122448979591836,0.5066666666666667,0.6229508196721312,0.5588235294117647,75,38,0.40540540540540543,0.6229508196721312
0.46734693877551026,0.6326530612244897,0.5066666666666667,0.6229508196721312,0.5588235294117647,75,38,0.40540540540540543,0.6229508196721312
0.46734693877551026,0.6530612244897959,0.5066666666666667,0.6229508196721312,0.5588235294117647,75,38,0.40540540540540543,0.6229508196721312
0.46734693877551026,0.673469387755102,0.5066666666666667,0.6229508196721312,0.5588235294117647,75,38,0.40540540540540543,0.6229508196721312
0.46734693877551026,0.6938775510204082,0.5066666666666667,0.6229508196721312,0.5588235294117647,75,38,0.40540540540540543,0.6229508196721312
0.46734693877551026,0.7142857142857142,0.5066666666666667,0.6229508196721312,0.5588235294117647,75,38,0.40540540540540543,0.6229508196721312
0.46734693877551026,0.7346938775510203,0.5066666666666667,0.6229508196721312,0.5588235294117647,75,38,0.40540540540540543,0.6229508196721312
0.46734693877551026,0.7551020408163265,0.5066666666666667,0.6229508196721312,0.5588235294117647,75,38,0.40540540540540543,0.6229508196721312
0.46734693877551026,0.7755102040816326,0.5066666666666667,0.6229508196721312,0.5588235294117647,75,38,0.40540540540540543,0.6229508196721312
0.46734693877551026,0.7959183673469387,0.5066666666666667,0.6229508196721312,0.5588235294117647,75,38,0.40540540540540543,0.6229508196721312
0.46734693877551026,0.8163265306122448,0.5066666666666667,0.6229508196721312,0.5588235294117647,75,38,0.40540540540540543,0.6229508196721312
0.46734693877551026,0.836734693877551,0.5066666666666667,0.6229508196721312,0.5588235294117647,75,38,0.40540540540540543,0.6229508196721312
0.46734693877551026,0.8571428571428571,0.5066666666666667,0.6229508196721312,0.5588235294117647,75,38,0.40540540540540543,0.6229508196721312
0.46734693877551026,0.8775510204081632,0.5066666666666667,0.6229508196721312,0.5588235294117647,75,38,0.40540540540540543,0.6229508196721312
0.46734693877551026,0.8979591836734693,0.5066666666666667,0.6229508196721312,0.5588235294117647,75,38,0.40540540540540543,0.6229508196721312
0.46734693877551026,0.9183673469387754,0.5066666666666667,0.6229508196721312,0.5588235294117647,75,38,0.40540540540540543,0.6229508196721312
0.46734693877551026,0.9387755102040816,0.4942528735632184,0.7049180327868853,0.581081081081081,87,43,0.4702702702702703,0.7049180327868853
0.46734693877551026,0.9591836734693877,0.47,0.7704918032786885,0.5838509316770186,100,47,0.5405405405405406,0.7704918032786885
0.46734693877551026,0.9795918367346939,0.4766355140186916,0.8360655737704918,0.6071428571428571,107,51,0.5783783783783784,0.8360655737704918
0.46734693877551026,1.0,0.32972972972972975,1.0,0.49593495934959353,185,61,1.0,1.0
0.48571428571428577,0.0,0.5362318840579711,0.6065573770491803,0.5692307692307692,69,37,0.372972972972973,0.6065573770491803
0.48571428571428577,0.02040816326530612,0.4883720930232558,0.6885245901639344,0.5714285714285714,86,42,0.4648648648648649,0.6885245901639344
0.48571428571428577,0.04081632653061224,0.4883720930232558,0.6885245901639344,0.5714285714285714,86,42,0.4648648648648649,0.6885245901639344
0.48571428571428577,0.061224489795918366,0.4883720930232558,0.6885245901639344,0.5714285714285714,86,42,0.4648648648648649,0.6885245901639344
0.48571428571428577,0.08163265306122448,0.4883720930232558,0.6885245901639344,0.5714285714285714,86,42,0.4648648648648649,0.6885245901639344
0.48571428571428577,0.1020408163265306,0.4883720930232558,0.6885245901639344,0.5714285714285714,86,42,0.4648648648648649,0.6885245901639344
0.48571428571428577,0.12244897959183673,0.4883720930232558,0.6885245901639344,0.5714285714285714,86,42,0.4648648648648649,0.6885245901639344
0.48571428571428577,0.14285714285714285,0.4883720930232558,0.6885245901639344,0.5714285714285714,86,42,0.4648648648648649,0.6885245901639344
0.48571428571428577,0.16326530612244897,0.4883720930232558,0.6885245901639344,0.5714285714285714,86,42,0.4648648648648649,0.6885245901639344
0.48571428571428577,0.18367346938775508,0.4883720930232558,0.6885245901639344,0.5714285714285714,86,42,0.4648648648648649,0.6885245901639344
0.48571428571428577,0.2040816326530612,0.4883720930232558,0.6885245901639344,0.5714285714285714,86,42,0.4648648648648649,0.6885245901639344
0.48571428571428577,0.22448979591836732,0.4883720930232558,0.6885245901639344,0.5714285714285714,86,42,0.4648648648648649,0.6885245901639344
0.48571428571428577,0.24489795918367346,0.4883720930232558,0.6885245901639344,0.5714285714285714,86,42,0.4648648648648649,0.6885245901639344
0.48571428571428577,0.26530612244897955,0.4883720930232558,0.6885245901639344,0.5714285714285714,86,42,0.4648648648648649,0.6885245901639344
0.48571428571428577,0.2857142857142857,0.4883720930232558,0.6885245901639344,0.5714285714285714,86,42,0.4648648648648649,0.6885245901639344
0.48571428571428577,0.3061224489795918,0.4883720930232558,0.6885245901639344,0.5714285714285714,86,42,0.4648648648648649,0.6885245901639344
0.48571428571428577,0.32653061224489793,0.4883720930232558,0.6885245901639344,0.5714285714285714,86,42,0.4648648648648649,0.6885245901639344
0.48571428571428577,0.3469387755102041,0.4883720930232558,0.6885245901639344,0.5714285714285714,86,42,0.4648648648648649,0.6885245901639344
0.48571428571428577,0.36734693877551017,0.4883720930232558,0.6885245901639344,0.5714285714285714,86,42,0.4648648648648649,0.6885245901639344
0.48571428571428577,0.3877551020408163,0.4883720930232558,0.6885245901639344,0.5714285714285714,86,42,0.4648648648648649,0.6885245901639344
0.48571428571428577,0.4081632653061224,0.4883720930232558,0.6885245901639344,0.5714285714285714,86,42,0.4648648648648649,0.6885245901639344
0.48571428571428577,0.42857142857142855,0.4883720930232558,0.6885245901639344,0.5714285714285714,86,42,0.4648648648648649,0.6885245901639344
0.48571428571428577,0.44897959183673464,0.4883720930232558,0.6885245901639344,0.5714285714285714,86,42,0.4648648648648649,0.6885245901639344
0.48571428571428577,0.4693877551020408,0.4883720930232558,0.6885245901639344,0.5714285714285714,86,42,0.4648648648648649,0.6885245901639344
0.48571428571428577,0.4897959183673469,0.4883720930232558,0.6885245901639344,0.5714285714285714,86,42,0.4648648648648649,0.6885245901639344
0.48571428571428577,0.5102040816326531,0.4883720930232558,0.6885245901639344,0.5714285714285714,86,42,0.4648648648648649,0.6885245901639344
0.48571428571428577,0.5306122448979591,0.4883720930232558,0.6885245901639344,0.5714285714285714,86,42,0.4648648648648649,0.6885245901639344
0.48571428571428577,0.5510204081632653,0.4883720930232558,0.6885245901639344,0.5714285714285714,86,42,0.4648648648648649,0.6885245901639344
0.48571428571428577,0.5714285714285714,0.4883720930232558,0.6885245901639344,0.5714285714285714,86,42,0.4648648648648649,0.6885245901639344
0.48571428571428577,0.5918367346938775,0.4883720930232558,0.6885245901639344,0.5714285714285714,86,42,0.4648648648648649,0.6885245901639344
0.48571428571428577,0.6122448979591836,0.4883720930232558,0.6885245901639344,0.5714285714285714,86,42,0.4648648648648649,0.6885245901639344
0.48571428571428577,0.6326530612244897,0.4883720930232558,0.6885245901639344,0.5714285714285714,86,42,0.4648648648648649,0.6885245901639344
0.48571428571428577,0.6530612244897959,0.4883720930232558,0.6885245901639344,0.5714285714285714,86,42,0.4648648648648649,0.6885245901639344
0.48571428571428577,0.673469387755102,0.4883720930232558,0.6885245901639344,0.5714285714285714,86,42,0.4648648648648649,0.6885245901639344
0.48571428571428577,0.6938775510204082,0.4883720930232558,0.6885245901639344,0.5714285714285714,86,42,0.4648648648648649,0.6885245901639344
0.48571428571428577,0.7142857142857142,0.4883720930232558,0.6885245901639344,0.5714285714285714,86,42,0.4648648648648649,0.6885245901639344
0.48571428571428577,0.7346938775510203,0.4883720930232558,0.6885245901639344,0.5714285714285714,86,42,0.4648648648648649,0.6885245901639344
0.48571428571428577,0.7551020408163265,0.4883720930232558,0.6885245901639344,0.5714285714285714,86,42,0.4648648648648649,0.6885245901639344
0.48571428571428577,0.7755102040816326,0.4883720930232558,0.6885245901639344,0.5714285714285714,86,42,0.4648648648648649,0.6885245901639344
0.48571428571428577,0.7959183673469387,0.4883720930232558,0.6885245901639344,0.5714285714285714,86,42,0.4648648648648649,0.6885245901639344
0.48571428571428577,0.8163265306122448,0.4883720930232558,0.6885245901639344,0.5714285714285714,86,42,0.4648648648648649,0.6885245901639344
0.48571428571428577,0.836734693877551,0.4883720930232558,0.6885245901639344,0.5714285714285714,86,42,0.4648648648648649,0.6885245901639344
0.48571428571428577,0.8571428571428571,0.4883720930232558,0.6885245901639344,0.5714285714285714,86,42,0.4648648648648649,0.6885245901639344
0.48571428571428577,0.8775510204081632,0.4883720930232558,0.6885245901639344,0.5714285714285714,86,42,0.4648648648648649,0.6885245901639344
0.48571428571428577,0.8979591836734693,0.4883720930232558,0.6885245901639344,0.5714285714285714,86,42,0.4648648648648649,0.6885245901639344
0.48571428571428577,0.9183673469387754,0.4883720930232558,0.6885245901639344,0.5714285714285714,86,42,0.4648648648648649,0.6885245901639344
0.48571428571428577,0.9387755102040816,0.4842105263157895,0.7540983606557377,0.5897435897435898,95,46,0.5135135135135135,0.7540983606557377
0.48571428571428577,0.9591836734693877,0.47,0.7704918032786885,0.5838509316770186,100,47,0.5405405405405406,0.7704918032786885
0.48571428571428577,0.9795918367346939,0.4766355140186916,0.8360655737704918,0.6071428571428571,107,51,0.5783783783783784,0.8360655737704918
0.48571428571428577,1.0,0.32972972972972975,1.0,0.49593495934959353,185,61,1.0,1.0
0.5040816326530613,0.0,0.5362318840579711,0.6065573770491803,0.5692307692307692,69,37,0.372972972972973,0.6065573770491803
0.5040816326530613,0.02040816326530612,0.4883720930232558,0.6885245901639344,0.5714285714285714,86,42,0.4648648648648649,0.6885245901639344
0.5040816326530613,0.04081632653061224,0.4883720930232558,0.6885245901639344,0.5714285714285714,86,42,0.4648648648648649,0.6885245901639344
0.5040816326530613,0.061224489795918366,0.4883720930232558,0.6885245901639344,0.5714285714285714,86,42,0.4648648648648649,0.6885245901639344
0.5040816326530613,0.08163265306122448,0.4883720930232558,0.6885245901639344,0.5714285714285714,86,42,0.4648648648648649,0.6885245901639344
0.5040816326530613,0.1020408163265306,0.4883720930232558,0.6885245901639344,0.5714285714285714,86,42,0.4648648648648649,0.6885245901639344
0.5040816326530613,0.12244897959183673,0.4883720930232558,0.6885245901639344,0.5714285714285714,86,42,0.4648648648648649,0.6885245901639344
0.5040816326530613,0.14285714285714285,0.4883720930232558,0.6885245901639344,0.5714285714285714,86,42,0.4648648648648649,0.6885245901639344
0.5040816326530613,0.16326530612244897,0.4883720930232558,0.6885245901639344,0.5714285714285714,86,42,0.4648648648648649,0.6885245901639344
0.5040816326530613,0.18367346938775508,0.4883720930232558,0.6885245901639344,0.5714285714285714,86,42,0.4648648648648649,0.6885245901639344
0.5040816326530613,0.2040816326530612,0.4883720930232558,0.6885245901639344,0.5714285714285714,86,42,0.4648648648648649,0.6885245901639344
0.5040816326530613,0.22448979591836732,0.4883720930232558,0.6885245901639344,0.5714285714285714,86,42,0.4648648648648649,0.6885245901639344
0.5040816326530613,0.24489795918367346,0.4883720930232558,0.6885245901639344,0.5714285714285714,86,42,0.4648648648648649,0.6885245901639344
0.5040816326530613,0.26530612244897955,0.4883720930232558,0.6885245901639344,0.5714285714285714,86,42,0.4648648648648649,0.6885245901639344
0.5040816326530613,0.2857142857142857,0.4883720930232558,0.6885245901639344,0.5714285714285714,86,42,0.4648648648648649,0.6885245901639344
0.5040816326530613,0.3061224489795918,0.4883720930232558,0.6885245901639344,0.5714285714285714,86,42,0.4648648648648649,0.6885245901639344
0.5040816326530613,0.32653061224489793,0.4883720930232558,0.6885245901639344,0.5714285714285714,86,42,0.4648648648648649,0.6885245901639344
0.5040816326530613,0.3469387755102041,0.4883720930232558,0.6885245901639344,0.5714285714285714,86,42,0.4648648648648649,0.6885245901639344
0.5040816326530613,0.36734693877551017,0.4883720930232558,0.6885245901639344,0.5714285714285714,86,42,0.4648648648648649,0.6885245901639344
0.5040816326530613,0.3877551020408163,0.4883720930232558,0.6885245901639344,0.5714285714285714,86,42,0.4648648648648649,0.6885245901639344
0.5040816326530613,0.4081632653061224,0.4883720930232558,0.6885245901639344,0.5714285714285714,86,42,0.4648648648648649,0.6885245901639344
0.5040816326530613,0.42857142857142855,0.4883720930232558,0.6885245901639344,0.5714285714285714,86,42,0.4648648648648649,0.6885245901639344
0.5040816326530613,0.44897959183673464,0.4883720930232558,0.6885245901639344,0.5714285714285714,86,42,0.4648648648648649,0.6885245901639344
0.5040816326530613,0.4693877551020408,0.4883720930232558,0.6885245901639344,0.5714285714285714,86,42,0.4648648648648649,0.6885245901639344
0.5040816326530613,0.4897959183673469,0.4883720930232558,0.6885245901639344,0.5714285714285714,86,42,0.4648648648648649,0.6885245901639344
0.5040816326530613,0.5102040816326531,0.4883720930232558,0.6885245901639344,0.5714285714285714,86,42,0.4648648648648649,0.6885245901639344
0.5040816326530613,0.5306122448979591,0.4883720930232558,0.6885245901639344,0.5714285714285714,86,42,0.4648648648648649,0.6885245901639344
0.5040816326530613,0.5510204081632653,0.4883720930232558,0.6885245901639344,0.5714285714285714,86,42,0.4648648648648649,0.6885245901639344
0.5040816326530613,0.5714285714285714,0.4883720930232558,0.6885245901639344,0.5714285714285714,86,42,0.4648648648648649,0.6885245901639344
0.5040816326530613,0.5918367346938775,0.4883720930232558,0.6885245901639344,0.5714285714285714,86,42,0.4648648648648649,0.6885245901639344
0.5040816326530613,0.6122448979591836,0.4883720930232558,0.6885245901639344,0.5714285714285714,86,42,0.4648648648648649,0.6885245901639344
0.5040816326530613,0.6326530612244897,0.4883720930232558,0.6885245901639344,0.5714285714285714,86,42,0.4648648648648649,0.6885245901639344
0.5040816326530613,0.6530612244897959,0.4883720930232558,0.6885245901639344,0.5714285714285714,86,42,0.4648648648648649,0.6885245901639344
0.5040816326530613,0.673469387755102,0.4883720930232558,0.6885245901639344,0.5714285714285714,86,42,0.4648648648648649,0.6885245901639344
0.5040816326530613,0.6938775510204082,0.4883720930232558,0.6885245901639344,0.5714285714285714,86,42,0.4648648648648649,0.6885245901639344
0.5040816326530613,0.7142857142857142,0.4883720930232558,0.6885245901639344,0.5714285714285714,86,42,0.4648648648648649,0.6885245901639344
0.5040816326530613,0.7346938775510203,0.4883720930232558,0.6885245901639344,0.5714285714285714,86,42,0.4648648648648649,0.6885245901639344
0.5040816326530613,0.7551020408163265,0.4883720930232558,0.6885245901639344,0.5714285714285714,86,42,0.4648648648648649,0.6885245901639344
0.5040816326530613,0.7755102040816326,0.4883720930232558,0.6885245901639344,0.5714285714285714,86,42,0.4648648648648649,0.6885245901639344
0.5040816326530613,0.7959183673469387,0.4883720930232558,0.6885245901639344,0.5714285714285714,86,42,0.4648648648648649,0.6885245901639344
0.5040816326530613,0.8163265306122448,0.4883720930232558,0.6885245901639344,0.5714285714285714,86,42,0.4648648648648649,0.6885245901639344
0.5040816326530613,0.836734693877551,0.4883720930232558,0.6885245901639344,0.5714285714285714,86,42,0.4648648648648649,0.6885245901639344
0.5040816326530613,0.8571428571428571,0.4883720930232558,0.6885245901639344,0.5714285714285714,86,42,0.4648648648648649,0.6885245901639344
0.5040816326530613,0.8775510204081632,0.4883720930232558,0.6885245901639344,0.5714285714285714,86,42,0.4648648648648649,0.6885245901639344
0.5040816326530613,0.8979591836734693,0.4883720930232558,0.6885245901639344,0.5714285714285714,86,42,0.4648648648648649,0.6885245901639344
0.5040816326530613,0.9183673469387754,0.4883720930232558,0.6885245901639344,0.5714285714285714,86,42,0.4648648648648649,0.6885245901639344
0.5040816326530613,0.9387755102040816,0.4842105263157895,0.7540983606557377,0.5897435897435898,95,46,0.5135135135135135,0.7540983606557377
0.5040816326530613,0.9591836734693877,0.47,0.7704918032786885,0.5838509316770186,100,47,0.5405405405405406,0.7704918032786885
0.5040816326530613,0.9795918367346939,0.4766355140186916,0.8360655737704918,0.6071428571428571,107,51,0.5783783783783784,0.8360655737704918
0.5040816326530613,1.0,0.32972972972972975,1.0,0.49593495934959353,185,61,1.0,1.0
0.5224489795918368,0.0,0.5362318840579711,0.6065573770491803,0.5692307692307692,69,37,0.372972972972973,0.6065573770491803
0.5224489795918368,0.02040816326530612,0.4883720930232558,0.6885245901639344,0.5714285714285714,86,42,0.4648648648648649,0.6885245901639344
0.5224489795918368,0.04081632653061224,0.4883720930232558,0.6885245901639344,0.5714285714285714,86,42,0.4648648648648649,0.6885245901639344
0.5224489795918368,0.061224489795918366,0.4883720930232558,0.6885245901639344,0.5714285714285714,86,42,0.4648648648648649,0.6885245901639344
0.5224489795918368,0.08163265306122448,0.4883720930232558,0.6885245901639344,0.5714285714285714,86,42,0.4648648648648649,0.6885245901639344
0.5224489795918368,0.1020408163265306,0.4883720930232558,0.6885245901639344,0.5714285714285714,86,42,0.4648648648648649,0.6885245901639344
0.5224489795918368,0.12244897959183673,0.4883720930232558,0.6885245901639344,0.5714285714285714,86,42,0.4648648648648649,0.6885245901639344
0.5224489795918368,0.14285714285714285,0.4883720930232558,0.6885245901639344,0.5714285714285714,86,42,0.4648648648648649,0.6885245901639344
0.5224489795918368,0.16326530612244897,0.4883720930232558,0.6885245901639344,0.5714285714285714,86,42,0.4648648648648649,0.6885245901639344
0.5224489795918368,0.18367346938775508,0.4883720930232558,0.6885245901639344,0.5714285714285714,86,42,0.4648648648648649,0.6885245901639344
0.5224489795918368,0.2040816326530612,0.4883720930232558,0.6885245901639344,0.5714285714285714,86,42,0.4648648648648649,0.6885245901639344
0.5224489795918368,0.22448979591836732,0.4883720930232558,0.6885245901639344,0.5714285714285714,86,42,0.4648648648648649,0.6885245901639344
0.5224489795918368,0.24489795918367346,0.4883720930232558,0.6885245901639344,0.5714285714285714,86,42,0.4648648648648649,0.6885245901639344
0.5224489795918368,0.26530612244897955,0.4883720930232558,0.6885245901639344,0.5714285714285714,86,42,0.4648648648648649,0.6885245901639344
0.5224489795918368,0.2857142857142857,0.4883720930232558,0.6885245901639344,0.5714285714285714,86,42,0.4648648648648649,0.6885245901639344
0.5224489795918368,0.3061224489795918,0.4883720930232558,0.6885245901639344,0.5714285714285714,86,42,0.4648648648648649,0.6885245901639344
0.5224489795918368,0.32653061224489793,0.4883720930232558,0.6885245901639344,0.5714285714285714,86,42,0.4648648648648649,0.6885245901639344
0.5224489795918368,0.3469387755102041,0.4883720930232558,0.6885245901639344,0.5714285714285714,86,42,0.4648648648648649,0.6885245901639344
0.5224489795918368,0.36734693877551017,0.4883720930232558,0.6885245901639344,0.5714285714285714,86,42,0.4648648648648649,0.6885245901639344
0.5224489795918368,0.3877551020408163,0.4883720930232558,0.6885245901639344,0.5714285714285714,86,42,0.4648648648648649,0.6885245901639344
0.5224489795918368,0.4081632653061224,0.4883720930232558,0.6885245901639344,0.5714285714285714,86,42,0.4648648648648649,0.6885245901639344
0.5224489795918368,0.42857142857142855,0.4883720930232558,0.6885245901639344,0.5714285714285714,86,42,0.4648648648648649,0.6885245901639344
0.5224489795918368,0.44897959183673464,0.4883720930232558,0.6885245901639344,0.5714285714285714,86,42,0.4648648648648649,0.6885245901639344
0.5224489795918368,0.4693877551020408,0.4883720930232558,0.6885245901639344,0.5714285714285714,86,42,0.4648648648648649,0.6885245901639344
0.5224489795918368,0.4897959183673469,0.4883720930232558,0.6885245901639344,0.5714285714285714,86,42,0.4648648648648649,0.6885245901639344
0.5224489795918368,0.5102040816326531,0.4883720930232558,0.6885245901639344,0.5714285714285714,86,42,0.4648648648648649,0.6885245901639344
0.5224489795918368,0.5306122448979591,0.4883720930232558,0.6885245901639344,0.5714285714285714,86,42,0.4648648648648649,0.6885245901639344
0.5224489795918368,0.5510204081632653,0.4883720930232558,0.6885245901639344,0.5714285714285714,86,42,0.4648648648648649,0.6885245901639344
0.5224489795918368,0.5714285714285714,0.4883720930232558,0.6885245901639344,0.5714285714285714,86,42,0.4648648648648649,0.6885245901639344
0.5224489795918368,0.5918367346938775,0.4883720930232558,0.6885245901639344,0.5714285714285714,86,42,0.4648648648648649,0.6885245901639344
0.5224489795918368,0.6122448979591836,0.4883720930232558,0.6885245901639344,0.5714285714285714,86,42,0.4648648648648649,0.6885245901639344
0.5224489795918368,0.6326530612244897,0.4883720930232558,0.6885245901639344,0.5714285714285714,86,42,0.4648648648648649,0.6885245901639344
0.5224489795918368,0.6530612244897959,0.4883720930232558,0.6885245901639344,0.5714285714285714,86,42,0.4648648648648649,0.6885245901639344
0.5224489795918368,0.673469387755102,0.4883720930232558,0.6885245901639344,0.5714285714285714,86,42,0.4648648648648649,0.6885245901639344
0.5224489795918368,0.6938775510204082,0.4883720930232558,0.6885245901639344,0.5714285714285714,86,42,0.4648648648648649,0.6885245901639344
0.5224489795918368,0.7142857142857142,0.4883720930232558,0.6885245901639344,0.5714285714285714,86,42,0.4648648648648649,0.6885245901639344
0.5224489795918368,0.7346938775510203,0.4883720930232558,0.6885245901639344,0.5714285714285714,86,42,0.4648648648648649,0.6885245901639344
0.5224489795918368,0.7551020408163265,0.4883720930232558,0.6885245901639344,0.5714285714285714,86,42,0.4648648648648649,0.6885245901639344
0.5224489795918368,0.7755102040816326,0.4883720930232558,0.6885245901639344,0.5714285714285714,86,42,0.4648648648648649,0.6885245901639344
0.5224489795918368,0.7959183673469387,0.4883720930232558,0.6885245901639344,0.5714285714285714,86,42,0.4648648648648649,0.6885245901639344
0.5224489795918368,0.8163265306122448,0.4883720930232558,0.6885245901639344,0.5714285714285714,86,42,0.4648648648648649,0.6885245901639344
0.5224489795918368,0.836734693877551,0.4883720930232558,0.6885245901639344,0.5714285714285714,86,42,0.4648648648648649,0.6885245901639344
0.5224489795918368,0.8571428571428571,0.4883720930232558,0.6885245901639344,0.5714285714285714,86,42,0.4648648648648649,0.6885245901639344
0.5224489795918368,0.8775510204081632,0.4883720930232558,0.6885245901639344,0.5714285714285714,86,42,0.4648648648648649,0.6885245901639344
0.5224489795918368,0.8979591836734693,0.4883720930232558,0.6885245901639344,0.5714285714285714,86,42,0.4648648648648649,0.6885245901639344
0.5224489795918368,0.9183673469387754,0.4883720930232558,0.6885245901639344,0.5714285714285714,86,42,0.4648648648648649,0.6885245901639344
0.5224489795918368,0.9387755102040816,0.4842105263157895,0.7540983606557377,0.5897435897435898,95,46,0.5135135135135135,0.7540983606557377
0.5224489795918368,0.9591836734693877,0.47,0.7704918032786885,0.5838509316770186,100,47,0.5405405405405406,0.7704918032786885
0.5224489795918368,0.9795918367346939,0.4766355140186916,0.8360655737704918,0.6071428571428571,107,51,0.5783783783783784,0.8360655737704918
0.5224489795918368,1.0,0.32972972972972975,1.0,0.49593495934959353,185,61,1.0,1.0
0.5408163265306123,0.0,0.5362318840579711,0.6065573770491803,0.5692307692307692,69,37,0.372972972972973,0.6065573770491803
0.5408163265306123,0.02040816326530612,0.4883720930232558,0.6885245901639344,0.5714285714285714,86,42,0.4648648648648649,0.6885245901639344
0.5408163265306123,0.04081632653061224,0.4883720930232558,0.6885245901639344,0.5714285714285714,86,42,0.4648648648648649,0.6885245901639344
0.5408163265306123,0.061224489795918366,0.4883720930232558,0.6885245901639344,0.5714285714285714,86,42,0.4648648648648649,0.6885245901639344
0.5408163265306123,0.08163265306122448,0.4883720930232558,0.6885245901639344,0.5714285714285714,86,42,0.4648648648648649,0.6885245901639344
0.5408163265306123,0.1020408163265306,0.4883720930232558,0.6885245901639344,0.5714285714285714,86,42,0.4648648648648649,0.6885245901639344
0.5408163265306123,0.12244897959183673,0.4883720930232558,0.6885245901639344,0.5714285714285714,86,42,0.4648648648648649,0.6885245901639344
0.5408163265306123,0.14285714285714285,0.4883720930232558,0.6885245901639344,0.5714285714285714,86,42,0.4648648648648649,0.6885245901639344
0.5408163265306123,0.16326530612244897,0.4883720930232558,0.6885245901639344,0.5714285714285714,86,42,0.4648648648648649,0.6885245901639344
0.5408163265306123,0.18367346938775508,0.4883720930232558,0.6885245901639344,0.5714285714285714,86,42,0.4648648648648649,0.6885245901639344
0.5408163265306123,0.2040816326530612,0.4883720930232558,0.6885245901639344,0.5714285714285714,86,42,0.4648648648648649,0.6885245901639344
0.5408163265306123,0.22448979591836732,0.4883720930232558,0.6885245901639344,0.5714285714285714,86,42,0.4648648648648649,0.6885245901639344
0.5408163265306123,0.24489795918367346,0.4883720930232558,0.6885245901639344,0.5714285714285714,86,42,0.4648648648648649,0.6885245901639344
0.5408163265306123,0.26530612244897955,0.4883720930232558,0.6885245901639344,0.5714285714285714,86,42,0.4648648648648649,0.6885245901639344
0.5408163265306123,0.2857142857142857,0.4883720930232558,0.6885245901639344,0.5714285714285714,86,42,0.4648648648648649,0.6885245901639344
0.5408163265306123,0.3061224489795918,0.4883720930232558,0.6885245901639344,0.5714285714285714,86,42,0.4648648648648649,0.6885245901639344
0.5408163265306123,0.32653061224489793,0.4883720930232558,0.6885245901639344,0.5714285714285714,86,42,0.4648648648648649,0.6885245901639344
0.5408163265306123,0.3469387755102041,0.4883720930232558,0.6885245901639344,0.5714285714285714,86,42,0.4648648648648649,0.6885245901639344
0.5408163265306123,0.36734693877551017,0.4883720930232558,0.6885245901639344,0.5714285714285714,86,42,0.4648648648648649,0.6885245901639344
0.5408163265306123,0.3877551020408163,0.4883720930232558,0.6885245901639344,0.5714285714285714,86,42,0.4648648648648649,0.6885245901639344
0.5408163265306123,0.4081632653061224,0.4883720930232558,0.6885245901639344,0.5714285714285714,86,42,0.4648648648648649,0.6885245901639344
0.5408163265306123,0.42857142857142855,0.4883720930232558,0.6885245901639344,0.5714285714285714,86,42,0.4648648648648649,0.6885245901639344
0.5408163265306123,0.44897959183673464,0.4883720930232558,0.6885245901639344,0.5714285714285714,86,42,0.4648648648648649,0.6885245901639344
0.5408163265306123,0.4693877551020408,0.4883720930232558,0.6885245901639344,0.5714285714285714,86,42,0.4648648648648649,0.6885245901639344
0.5408163265306123,0.4897959183673469,0.4883720930232558,0.6885245901639344,0.5714285714285714,86,42,0.4648648648648649,0.6885245901639344
0.5408163265306123,0.5102040816326531,0.4883720930232558,0.6885245901639344,0.5714285714285714,86,42,0.4648648648648649,0.6885245901639344
0.5408163265306123,0.5306122448979591,0.4883720930232558,0.6885245901639344,0.5714285714285714,86,42,0.4648648648648649,0.6885245901639344
0.5408163265306123,0.5510204081632653,0.4883720930232558,0.6885245901639344,0.5714285714285714,86,42,0.4648648648648649,0.6885245901639344
0.5408163265306123,0.5714285714285714,0.4883720930232558,0.6885245901639344,0.5714285714285714,86,42,0.4648648648648649,0.6885245901639344
0.5408163265306123,0.5918367346938775,0.4883720930232558,0.6885245901639344,0.5714285714285714,86,42,0.4648648648648649,0.6885245901639344
0.5408163265306123,0.6122448979591836,0.4883720930232558,0.6885245901639344,0.5714285714285714,86,42,0.4648648648648649,0.6885245901639344
0.5408163265306123,0.6326530612244897,0.4883720930232558,0.6885245901639344,0.5714285714285714,86,42,0.4648648648648649,0.6885245901639344
0.5408163265306123,0.6530612244897959,0.4883720930232558,0.6885245901639344,0.5714285714285714,86,42,0.4648648648648649,0.6885245901639344
0.5408163265306123,0.673469387755102,0.4883720930232558,0.6885245901639344,0.5714285714285714,86,42,0.4648648648648649,0.6885245901639344
0.5408163265306123,0.6938775510204082,0.4883720930232558,0.6885245901639344,0.5714285714285714,86,42,0.4648648648648649,0.6885245901639344
0.5408163265306123,0.7142857142857142,0.4883720930232558,0.6885245901639344,0.5714285714285714,86,42,0.4648648648648649,0.6885245901639344
0.5408163265306123,0.7346938775510203,0.4883720930232558,0.6885245901639344,0.5714285714285714,86,42,0.4648648648648649,0.6885245901639344
0.5408163265306123,0.7551020408163265,0.4883720930232558,0.6885245901639344,0.5714285714285714,86,42,0.4648648648648649,0.6885245901639344
0.5408163265306123,0.7755102040816326,0.4883720930232558,0.6885245901639344,0.5714285714285714,86,42,0.4648648648648649,0.6885245901639344
0.5408163265306123,0.7959183673469387,0.4883720930232558,0.6885245901639344,0.5714285714285714,86,42,0.4648648648648649,0.6885245901639344
0.5408163265306123,0.8163265306122448,0.4883720930232558,0.6885245901639344,0.5714285714285714,86,42,0.4648648648648649,0.6885245901639344
0.5408163265306123,0.836734693877551,0.4883720930232558,0.6885245901639344,0.5714285714285714,86,42,0.4648648648648649,0.6885245901639344
0.5408163265306123,0.8571428571428571,0.4883720930232558,0.6885245901639344,0.5714285714285714,86,42,0.4648648648648649,0.6885245901639344
0.5408163265306123,0.8775510204081632,0.4883720930232558,0.6885245901639344,0.5714285714285714,86,42,0.4648648648648649,0.6885245901639344
0.5408163265306123,0.8979591836734693,0.4883720930232558,0.6885245901639344,0.5714285714285714,86,42,0.4648648648648649,0.6885245901639344
0.5408163265306123,0.9183673469387754,0.4883720930232558,0.6885245901639344,0.5714285714285714,86,42,0.4648648648648649,0.6885245901639344
0.5408163265306123,0.9387755102040816,0.4842105263157895,0.7540983606557377,0.5897435897435898,95,46,0.5135135135135135,0.7540983606557377
0.5408163265306123,0.9591836734693877,0.47,0.7704918032786885,0.5838509316770186,100,47,0.5405405405405406,0.7704918032786885
0.5408163265306123,0.9795918367346939,0.4766355140186916,0.8360655737704918,0.6071428571428571,107,51,0.5783783783783784,0.8360655737704918
0.5408163265306123,1.0,0.32972972972972975,1.0,0.49593495934959353,185,61,1.0,1.0
0.5591836734693878,0.0,0.5362318840579711,0.6065573770491803,0.5692307692307692,69,37,0.372972972972973,0.6065573770491803
0.5591836734693878,0.02040816326530612,0.4883720930232558,0.6885245901639344,0.5714285714285714,86,42,0.4648648648648649,0.6885245901639344
0.5591836734693878,0.04081632653061224,0.4883720930232558,0.6885245901639344,0.5714285714285714,86,42,0.4648648648648649,0.6885245901639344
0.5591836734693878,0.061224489795918366,0.4883720930232558,0.6885245901639344,0.5714285714285714,86,42,0.4648648648648649,0.6885245901639344
0.5591836734693878,0.08163265306122448,0.4883720930232558,0.6885245901639344,0.5714285714285714,86,42,0.4648648648648649,0.6885245901639344
0.5591836734693878,0.1020408163265306,0.4883720930232558,0.6885245901639344,0.5714285714285714,86,42,0.4648648648648649,0.6885245901639344
0.5591836734693878,0.12244897959183673,0.4883720930232558,0.6885245901639344,0.5714285714285714,86,42,0.4648648648648649,0.6885245901639344
0.5591836734693878,0.14285714285714285,0.4883720930232558,0.6885245901639344,0.5714285714285714,86,42,0.4648648648648649,0.6885245901639344
0.5591836734693878,0.16326530612244897,0.4883720930232558,0.6885245901639344,0.5714285714285714,86,42,0.4648648648648649,0.6885245901639344
0.5591836734693878,0.18367346938775508,0.4883720930232558,0.6885245901639344,0.5714285714285714,86,42,0.4648648648648649,0.6885245901639344
0.5591836734693878,0.2040816326530612,0.4883720930232558,0.6885245901639344,0.5714285714285714,86,42,0.4648648648648649,0.6885245901639344
0.5591836734693878,0.22448979591836732,0.4883720930232558,0.6885245901639344,0.5714285714285714,86,42,0.4648648648648649,0.6885245901639344
0.5591836734693878,0.24489795918367346,0.4883720930232558,0.6885245901639344,0.5714285714285714,86,42,0.4648648648648649,0.6885245901639344
0.5591836734693878,0.26530612244897955,0.4883720930232558,0.6885245901639344,0.5714285714285714,86,42,0.4648648648648649,0.6885245901639344
0.5591836734693878,0.2857142857142857,0.4883720930232558,0.6885245901639344,0.5714285714285714,86,42,0.4648648648648649,0.6885245901639344
0.5591836734693878,0.3061224489795918,0.4883720930232558,0.6885245901639344,0.5714285714285714,86,42,0.4648648648648649,0.6885245901639344
0.5591836734693878,0.32653061224489793,0.4883720930232558,0.6885245901639344,0.5714285714285714,86,42,0.4648648648648649,0.6885245901639344
0.5591836734693878,0.3469387755102041,0.4883720930232558,0.6885245901639344,0.5714285714285714,86,42,0.4648648648648649,0.6885245901639344
0.5591836734693878,0.36734693877551017,0.4883720930232558,0.6885245901639344,0.5714285714285714,86,42,0.4648648648648649,0.6885245901639344
0.5591836734693878,0.3877551020408163,0.4883720930232558,0.6885245901639344,0.5714285714285714,86,42,0.4648648648648649,0.6885245901639344
0.5591836734693878,0.4081632653061224,0.4883720930232558,0.6885245901639344,0.5714285714285714,86,42,0.4648648648648649,0.6885245901639344
0.5591836734693878,0.42857142857142855,0.4883720930232558,0.6885245901639344,0.5714285714285714,86,42,0.4648648648648649,0.6885245901639344
0.5591836734693878,0.44897959183673464,0.4883720930232558,0.6885245901639344,0.5714285714285714,86,42,0.4648648648648649,0.6885245901639344
0.5591836734693878,0.4693877551020408,0.4883720930232558,0.6885245901639344,0.5714285714285714,86,42,0.4648648648648649,0.6885245901639344
0.5591836734693878,0.4897959183673469,0.4883720930232558,0.6885245901639344,0.5714285714285714,86,42,0.4648648648648649,0.6885245901639344
0.5591836734693878,0.5102040816326531,0.4883720930232558,0.6885245901639344,0.5714285714285714,86,42,0.4648648648648649,0.6885245901639344
0.5591836734693878,0.5306122448979591,0.4883720930232558,0.6885245901639344,0.5714285714285714,86,42,0.4648648648648649,0.6885245901639344
0.5591836734693878,0.5510204081632653,0.4883720930232558,0.6885245901639344,0.5714285714285714,86,42,0.4648648648648649,0.6885245901639344
0.5591836734693878,0.5714285714285714,0.4883720930232558,0.6885245901639344,0.5714285714285714,86,42,0.4648648648648649,0.6885245901639344
0.5591836734693878,0.5918367346938775,0.4883720930232558,0.6885245901639344,0.5714285714285714,86,42,0.4648648648648649,0.6885245901639344
0.5591836734693878,0.6122448979591836,0.4883720930232558,0.6885245901639344,0.5714285714285714,86,42,0.4648648648648649,0.6885245901639344
0.5591836734693878,0.6326530612244897,0.4883720930232558,0.6885245901639344,0.5714285714285714,86,42,0.4648648648648649,0.6885245901639344
0.5591836734693878,0.6530612244897959,0.4883720930232558,0.6885245901639344,0.5714285714285714,86,42,0.4648648648648649,0.6885245901639344
0.5591836734693878,0.673469387755102,0.4883720930232558,0.6885245901639344,0.5714285714285714,86,42,0.4648648648648649,0.6885245901639344
0.5591836734693878,0.6938775510204082,0.4883720930232558,0.6885245901639344,0.5714285714285714,86,42,0.4648648648648649,0.6885245901639344
0.5591836734693878,0.7142857142857142,0.4883720930232558,0.6885245901639344,0.5714285714285714,86,42,0.4648648648648649,0.6885245901639344
0.5591836734693878,0.7346938775510203,0.4883720930232558,0.6885245901639344,0.5714285714285714,86,42,0.4648648648648649,0.6885245901639344
0.5591836734693878,0.7551020408163265,0.4883720930232558,0.6885245901639344,0.5714285714285714,86,42,0.4648648648648649,0.6885245901639344
0.5591836734693878,0.7755102040816326,0.4883720930232558,0.6885245901639344,0.5714285714285714,86,42,0.4648648648648649,0.6885245901639344
0.5591836734693878,0.7959183673469387,0.4883720930232558,0.6885245901639344,0.5714285714285714,86,42,0.4648648648648649,0.6885245901639344
0.5591836734693878,0.8163265306122448,0.4883720930232558,0.6885245901639344,0.5714285714285714,86,42,0.4648648648648649,0.6885245901639344
0.5591836734693878,0.836734693877551,0.4883720930232558,0.6885245901639344,0.5714285714285714,86,42,0.4648648648648649,0.6885245901639344
0.5591836734693878,0.8571428571428571,0.4883720930232558,0.6885245901639344,0.5714285714285714,86,42,0.4648648648648649,0.6885245901639344
0.5591836734693878,0.8775510204081632,0.4883720930232558,0.6885245901639344,0.5714285714285714,86,42,0.4648648648648649,0.6885245901639344
0.5591836734693878,0.8979591836734693,0.4883720930232558,0.6885245901639344,0.5714285714285714,86,42,0.4648648648648649,0.6885245901639344
0.5591836734693878,0.9183673469387754,0.4883720930232558,0.6885245901639344,0.5714285714285714,86,42,0.4648648648648649,0.6885245901639344
0.5591836734693878,0.9387755102040816,0.47,0.7704918032786885,0.5838509316770186,100,47,0.5405405405405406,0.7704918032786885
0.5591836734693878,0.9591836734693877,0.47,0.7704918032786885,0.5838509316770186,100,47,0.5405405405405406,0.7704918032786885
0.5591836734693878,0.9795918367346939,0.4766355140186916,0.8360655737704918,0.6071428571428571,107,51,0.5783783783783784,0.8360655737704918
0.5591836734693878,1.0,0.32972972972972975,1.0,0.49593495934959353,185,61,1.0,1.0
0.5775510204081633,0.0,0.5362318840579711,0.6065573770491803,0.5692307692307692,69,37,0.372972972972973,0.6065573770491803
0.5775510204081633,0.02040816326530612,0.4883720930232558,0.6885245901639344,0.5714285714285714,86,42,0.4648648648648649,0.6885245901639344
0.5775510204081633,0.04081632653061224,0.4883720930232558,0.6885245901639344,0.5714285714285714,86,42,0.4648648648648649,0.6885245901639344
0.5775510204081633,0.061224489795918366,0.4883720930232558,0.6885245901639344,0.5714285714285714,86,42,0.4648648648648649,0.6885245901639344
0.5775510204081633,0.08163265306122448,0.4883720930232558,0.6885245901639344,0.5714285714285714,86,42,0.4648648648648649,0.6885245901639344
0.5775510204081633,0.1020408163265306,0.4883720930232558,0.6885245901639344,0.5714285714285714,86,42,0.4648648648648649,0.6885245901639344
0.5775510204081633,0.12244897959183673,0.4883720930232558,0.6885245901639344,0.5714285714285714,86,42,0.4648648648648649,0.6885245901639344
0.5775510204081633,0.14285714285714285,0.4883720930232558,0.6885245901639344,0.5714285714285714,86,42,0.4648648648648649,0.6885245901639344
0.5775510204081633,0.16326530612244897,0.4883720930232558,0.6885245901639344,0.5714285714285714,86,42,0.4648648648648649,0.6885245901639344
0.5775510204081633,0.18367346938775508,0.4883720930232558,0.6885245901639344,0.5714285714285714,86,42,0.4648648648648649,0.6885245901639344
0.5775510204081633,0.2040816326530612,0.4883720930232558,0.6885245901639344,0.5714285714285714,86,42,0.4648648648648649,0.6885245901639344
0.5775510204081633,0.22448979591836732,0.4883720930232558,0.6885245901639344,0.5714285714285714,86,42,0.4648648648648649,0.6885245901639344
0.5775510204081633,0.24489795918367346,0.4883720930232558,0.6885245901639344,0.5714285714285714,86,42,0.4648648648648649,0.6885245901639344
0.5775510204081633,0.26530612244897955,0.4883720930232558,0.6885245901639344,0.5714285714285714,86,42,0.4648648648648649,0.6885245901639344
0.5775510204081633,0.2857142857142857,0.4883720930232558,0.6885245901639344,0.5714285714285714,86,42,0.4648648648648649,0.6885245901639344
0.5775510204081633,0.3061224489795918,0.4883720930232558,0.6885245901639344,0.5714285714285714,86,42,0.4648648648648649,0.6885245901639344
0.5775510204081633,0.32653061224489793,0.4883720930232558,0.6885245901639344,0.5714285714285714,86,42,0.4648648648648649,0.6885245901639344
0.5775510204081633,0.3469387755102041,0.4883720930232558,0.6885245901639344,0.5714285714285714,86,42,0.4648648648648649,0.6885245901639344
0.5775510204081633,0.36734693877551017,0.4883720930232558,0.6885245901639344,0.5714285714285714,86,42,0.4648648648648649,0.6885245901639344
0.5775510204081633,0.3877551020408163,0.4883720930232558,0.6885245901639344,0.5714285714285714,86,42,0.4648648648648649,0.6885245901639344
0.5775510204081633,0.4081632653061224,0.4883720930232558,0.6885245901639344,0.5714285714285714,86,42,0.4648648648648649,0.6885245901639344
0.5775510204081633,0.42857142857142855,0.4883720930232558,0.6885245901639344,0.5714285714285714,86,42,0.4648648648648649,0.6885245901639344
0.5775510204081633,0.44897959183673464,0.4883720930232558,0.6885245901639344,0.5714285714285714,86,42,0.4648648648648649,0.6885245901639344
0.5775510204081633,0.4693877551020408,0.4883720930232558,0.6885245901639344,0.5714285714285714,86,42,0.4648648648648649,0.6885245901639344
0.5775510204081633,0.4897959183673469,0.4883720930232558,0.6885245901639344,0.5714285714285714,86,42,0.4648648648648649,0.6885245901639344
0.5775510204081633,0.5102040816326531,0.4883720930232558,0.6885245901639344,0.5714285714285714,86,42,0.4648648648648649,0.6885245901639344
0.5775510204081633,0.5306122448979591,0.4883720930232558,0.6885245901639344,0.5714285714285714,86,42,0.4648648648648649,0.6885245901639344
0.5775510204081633,0.5510204081632653,0.4883720930232558,0.6885245901639344,0.5714285714285714,86,42,0.4648648648648649,0.6885245901639344
0.5775510204081633,0.5714285714285714,0.4883720930232558,0.6885245901639344,0.5714285714285714,86,42,0.4648648648648649,0.6885245901639344
0.5775510204081633,0.5918367346938775,0.4883720930232558,0.6885245901639344,0.5714285714285714,86,42,0.4648648648648649,0.6885245901639344
0.5775510204081633,0.6122448979591836,0.4883720930232558,0.6885245901639344,0.5714285714285714,86,42,0.4648648648648649,0.6885245901639344
0.5775510204081633,0.6326530612244897,0.4883720930232558,0.6885245901639344,0.5714285714285714,86,42,0.4648648648648649,0.6885245901639344
0.5775510204081633,0.6530612244897959,0.4883720930232558,0.6885245901639344,0.5714285714285714,86,42,0.4648648648648649,0.6885245901639344
0.5775510204081633,0.673469387755102,0.4883720930232558,0.6885245901639344,0.5714285714285714,86,42,0.4648648648648649,0.6885245901639344
0.5775510204081633,0.6938775510204082,0.4883720930232558,0.6885245901639344,0.5714285714285714,86,42,0.4648648648648649,0.6885245901639344
0.5775510204081633,0.7142857142857142,0.4883720930232558,0.6885245901639344,0.5714285714285714,86,42,0.4648648648648649,0.6885245901639344
0.5775510204081633,0.7346938775510203,0.4883720930232558,0.6885245901639344,0.5714285714285714,86,42,0.4648648648648649,0.6885245901639344
0.5775510204081633,0.7551020408163265,0.4883720930232558,0.6885245901639344,0.5714285714285714,86,42,0.4648648648648649,0.6885245901639344
0.5775510204081633,0.7755102040816326,0.4883720930232558,0.6885245901639344,0.5714285714285714,86,42,0.4648648648648649,0.6885245901639344
0.5775510204081633,0.7959183673469387,0.4883720930232558,0.6885245901639344,0.5714285714285714,86,42,0.4648648648648649,0.6885245901639344
0.5775510204081633,0.8163265306122448,0.4883720930232558,0.6885245901639344,0.5714285714285714,86,42,0.4648648648648649,0.6885245901639344
0.5775510204081633,0.836734693877551,0.4883720930232558,0.6885245901639344,0.5714285714285714,86,42,0.4648648648648649,0.6885245901639344
0.5775510204081633,0.8571428571428571,0.4883720930232558,0.6885245901639344,0.5714285714285714,86,42,0.4648648648648649,0.6885245901639344
0.5775510204081633,0.8775510204081632,0.4883720930232558,0.6885245901639344,0.5714285714285714,86,42,0.4648648648648649,0.6885245901639344
0.5775510204081633,0.8979591836734693,0.4883720930232558,0.6885245901639344,0.5714285714285714,86,42,0.4648648648648649,0.6885245901639344
0.5775510204081633,0.9183673469387754,0.4883720930232558,0.6885245901639344,0.5714285714285714,86,42,0.4648648648648649,0.6885245901639344
0.5775510204081633,0.9387755102040816,0.47,0.7704918032786885,0.5838509316770186,100,47,0.5405405405405406,0.7704918032786885
0.5775510204081633,0.9591836734693877,0.47,0.7704918032786885,0.5838509316770186,100,47,0.5405405405405406,0.7704918032786885
0.5775510204081633,0.9795918367346939,0.453781512605042,0.8852459016393442,0.6,119,54,0.6432432432432432,0.8852459016393442
0.5775510204081633,1.0,0.32972972972972975,1.0,0.49593495934959353,185,61,1.0,1.0
0.5959183673469388,0.0,0.5362318840579711,0.6065573770491803,0.5692307692307692,69,37,0.372972972972973,0.6065573770491803
0.5959183673469388,0.02040816326530612,0.4883720930232558,0.6885245901639344,0.5714285714285714,86,42,0.4648648648648649,0.6885245901639344
0.5959183673469388,0.04081632653061224,0.4883720930232558,0.6885245901639344,0.5714285714285714,86,42,0.4648648648648649,0.6885245901639344
0.5959183673469388,0.061224489795918366,0.4883720930232558,0.6885245901639344,0.5714285714285714,86,42,0.4648648648648649,0.6885245901639344
0.5959183673469388,0.08163265306122448,0.4883720930232558,0.6885245901639344,0.5714285714285714,86,42,0.4648648648648649,0.6885245901639344
0.5959183673469388,0.1020408163265306,0.4883720930232558,0.6885245901639344,0.5714285714285714,86,42,0.4648648648648649,0.6885245901639344
0.5959183673469388,0.12244897959183673,0.4883720930232558,0.6885245901639344,0.5714285714285714,86,42,0.4648648648648649,0.6885245901639344
0.5959183673469388,0.14285714285714285,0.4883720930232558,0.6885245901639344,0.5714285714285714,86,42,0.4648648648648649,0.6885245901639344
0.5959183673469388,0.16326530612244897,0.4883720930232558,0.6885245901639344,0.5714285714285714,86,42,0.4648648648648649,0.6885245901639344
0.5959183673469388,0.18367346938775508,0.4883720930232558,0.6885245901639344,0.5714285714285714,86,42,0.4648648648648649,0.6885245901639344
0.5959183673469388,0.2040816326530612,0.4883720930232558,0.6885245901639344,0.5714285714285714,86,42,0.4648648648648649,0.6885245901639344
0.5959183673469388,0.22448979591836732,0.4883720930232558,0.6885245901639344,0.5714285714285714,86,42,0.4648648648648649,0.6885245901639344
0.5959183673469388,0.24489795918367346,0.4883720930232558,0.6885245901639344,0.5714285714285714,86,42,0.4648648648648649,0.6885245901639344
0.5959183673469388,0.26530612244897955,0.4883720930232558,0.6885245901639344,0.5714285714285714,86,42,0.4648648648648649,0.6885245901639344
0.5959183673469388,0.2857142857142857,0.4883720930232558,0.6885245901639344,0.5714285714285714,86,42,0.4648648648648649,0.6885245901639344
0.5959183673469388,0.3061224489795918,0.4883720930232558,0.6885245901639344,0.5714285714285714,86,42,0.4648648648648649,0.6885245901639344
0.5959183673469388,0.32653061224489793,0.4883720930232558,0.6885245901639344,0.5714285714285714,86,42,0.4648648648648649,0.6885245901639344
0.5959183673469388,0.3469387755102041,0.4883720930232558,0.6885245901639344,0.5714285714285714,86,42,0.4648648648648649,0.6885245901639344
0.5959183673469388,0.36734693877551017,0.4883720930232558,0.6885245901639344,0.5714285714285714,86,42,0.4648648648648649,0.6885245901639344
0.5959183673469388,0.3877551020408163,0.4883720930232558,0.6885245901639344,0.5714285714285714,86,42,0.4648648648648649,0.6885245901639344
0.5959183673469388,0.4081632653061224,0.4883720930232558,0.6885245901639344,0.5714285714285714,86,42,0.4648648648648649,0.6885245901639344
0.5959183673469388,0.42857142857142855,0.4883720930232558,0.6885245901639344,0.5714285714285714,86,42,0.4648648648648649,0.6885245901639344
0.5959183673469388,0.44897959183673464,0.4883720930232558,0.6885245901639344,0.5714285714285714,86,42,0.4648648648648649,0.6885245901639344
0.5959183673469388,0.4693877551020408,0.4883720930232558,0.6885245901639344,0.5714285714285714,86,42,0.4648648648648649,0.6885245901639344
0.5959183673469388,0.4897959183673469,0.4883720930232558,0.6885245901639344,0.5714285714285714,86,42,0.4648648648648649,0.6885245901639344
0.5959183673469388,0.5102040816326531,0.4883720930232558,0.6885245901639344,0.5714285714285714,86,42,0.4648648648648649,0.6885245901639344
0.5959183673469388,0.5306122448979591,0.4883720930232558,0.6885245901639344,0.5714285714285714,86,42,0.4648648648648649,0.6885245901639344
0.5959183673469388,0.5510204081632653,0.4883720930232558,0.6885245901639344,0.5714285714285714,86,42,0.4648648648648649,0.6885245901639344
0.5959183673469388,0.5714285714285714,0.4883720930232558,0.6885245901639344,0.5714285714285714,86,42,0.4648648648648649,0.6885245901639344
0.5959183673469388,0.5918367346938775,0.4883720930232558,0.6885245901639344,0.5714285714285714,86,42,0.4648648648648649,0.6885245901639344
0.5959183673469388,0.6122448979591836,0.4883720930232558,0.6885245901639344,0.5714285714285714,86,42,0.4648648648648649,0.6885245901639344
0.5959183673469388,0.6326530612244897,0.4883720930232558,0.6885245901639344,0.5714285714285714,86,42,0.4648648648648649,0.6885245901639344
0.5959183673469388,0.6530612244897959,0.4883720930232558,0.6885245901639344,0.5714285714285714,86,42,0.4648648648648649,0.6885245901639344
0.5959183673469388,0.673469387755102,0.4883720930232558,0.6885245901639344,0.5714285714285714,86,42,0.4648648648648649,0.6885245901639344
0.5959183673469388,0.6938775510204082,0.4883720930232558,0.6885245901639344,0.5714285714285714,86,42,0.4648648648648649,0.6885245901639344
0.5959183673469388,0.7142857142857142,0.4883720930232558,0.6885245901639344,0.5714285714285714,86,42,0.4648648648648649,0.6885245901639344
0.5959183673469388,0.7346938775510203,0.4883720930232558,0.6885245901639344,0.5714285714285714,86,42,0.4648648648648649,0.6885245901639344
0.5959183673469388,0.7551020408163265,0.4883720930232558,0.6885245901639344,0.5714285714285714,86,42,0.4648648648648649,0.6885245901639344
0.5959183673469388,0.7755102040816326,0.4883720930232558,0.6885245901639344,0.5714285714285714,86,42,0.4648648648648649,0.6885245901639344
0.5959183673469388,0.7959183673469387,0.4883720930232558,0.6885245901639344,0.5714285714285714,86,42,0.4648648648648649,0.6885245901639344
0.5959183673469388,0.8163265306122448,0.4883720930232558,0.6885245901639344,0.5714285714285714,86,42,0.4648648648648649,0.6885245901639344
0.5959183673469388,0.836734693877551,0.4883720930232558,0.6885245901639344,0.5714285714285714,86,42,0.4648648648648649,0.6885245901639344
0.5959183673469388,0.8571428571428571,0.4883720930232558,0.6885245901639344,0.5714285714285714,86,42,0.4648648648648649,0.6885245901639344
0.5959183673469388,0.8775510204081632,0.4883720930232558,0.6885245901639344,0.5714285714285714,86,42,0.4648648648648649,0.6885245901639344
0.5959183673469388,0.8979591836734693,0.4883720930232558,0.6885245901639344,0.5714285714285714,86,42,0.4648648648648649,0.6885245901639344
0.5959183673469388,0.9183673469387754,0.4883720930232558,0.6885245901639344,0.5714285714285714,86,42,0.4648648648648649,0.6885245901639344
0.5959183673469388,0.9387755102040816,0.47,0.7704918032786885,0.5838509316770186,100,47,0.5405405405405406,0.7704918032786885
0.5959183673469388,0.9591836734693877,0.47,0.7704918032786885,0.5838509316770186,100,47,0.5405405405405406,0.7704918032786885
0.5959183673469388,0.9795918367346939,0.453781512605042,0.8852459016393442,0.6,119,54,0.6432432432432432,0.8852459016393442
0.5959183673469388,1.0,0.32972972972972975,1.0,0.49593495934959353,185,61,1.0,1.0
0.6142857142857143,0.0,0.5362318840579711,0.6065573770491803,0.5692307692307692,69,37,0.372972972972973,0.6065573770491803
0.6142857142857143,0.02040816326530612,0.4883720930232558,0.6885245901639344,0.5714285714285714,86,42,0.4648648648648649,0.6885245901639344
0.6142857142857143,0.04081632653061224,0.4883720930232558,0.6885245901639344,0.5714285714285714,86,42,0.4648648648648649,0.6885245901639344
0.6142857142857143,0.061224489795918366,0.4883720930232558,0.6885245901639344,0.5714285714285714,86,42,0.4648648648648649,0.6885245901639344
0.6142857142857143,0.08163265306122448,0.4883720930232558,0.6885245901639344,0.5714285714285714,86,42,0.4648648648648649,0.6885245901639344
0.6142857142857143,0.1020408163265306,0.4883720930232558,0.6885245901639344,0.5714285714285714,86,42,0.4648648648648649,0.6885245901639344
0.6142857142857143,0.12244897959183673,0.4883720930232558,0.6885245901639344,0.5714285714285714,86,42,0.4648648648648649,0.6885245901639344
0.6142857142857143,0.14285714285714285,0.4883720930232558,0.6885245901639344,0.5714285714285714,86,42,0.4648648648648649,0.6885245901639344
0.6142857142857143,0.16326530612244897,0.4883720930232558,0.6885245901639344,0.5714285714285714,86,42,0.4648648648648649,0.6885245901639344
0.6142857142857143,0.18367346938775508,0.4883720930232558,0.6885245901639344,0.5714285714285714,86,42,0.4648648648648649,0.6885245901639344
0.6142857142857143,0.2040816326530612,0.4883720930232558,0.6885245901639344,0.5714285714285714,86,42,0.4648648648648649,0.6885245901639344
0.6142857142857143,0.22448979591836732,0.4883720930232558,0.6885245901639344,0.5714285714285714,86,42,0.4648648648648649,0.6885245901639344
0.6142857142857143,0.24489795918367346,0.4883720930232558,0.6885245901639344,0.5714285714285714,86,42,0.4648648648648649,0.6885245901639344
0.6142857142857143,0.26530612244897955,0.4883720930232558,0.6885245901639344,0.5714285714285714,86,42,0.4648648648648649,0.6885245901639344
0.6142857142857143,0.2857142857142857,0.4883720930232558,0.6885245901639344,0.5714285714285714,86,42,0.4648648648648649,0.6885245901639344
0.6142857142857143,0.3061224489795918,0.4883720930232558,0.6885245901639344,0.5714285714285714,86,42,0.4648648648648649,0.6885245901639344
0.6142857142857143,0.32653061224489793,0.4883720930232558,0.6885245901639344,0.5714285714285714,86,42,0.4648648648648649,0.6885245901639344
0.6142857142857143,0.3469387755102041,0.4883720930232558,0.6885245901639344,0.5714285714285714,86,42,0.4648648648648649,0.6885245901639344
0.6142857142857143,0.36734693877551017,0.4883720930232558,0.6885245901639344,0.5714285714285714,86,42,0.4648648648648649,0.6885245901639344
0.6142857142857143,0.3877551020408163,0.4883720930232558,0.6885245901639344,0.5714285714285714,86,42,0.4648648648648649,0.6885245901639344
0.6142857142857143,0.4081632653061224,0.4883720930232558,0.6885245901639344,0.5714285714285714,86,42,0.4648648648648649,0.6885245901639344
0.6142857142857143,0.42857142857142855,0.4883720930232558,0.6885245901639344,0.5714285714285714,86,42,0.4648648648648649,0.6885245901639344
0.6142857142857143,0.44897959183673464,0.4883720930232558,0.6885245901639344,0.5714285714285714,86,42,0.4648648648648649,0.6885245901639344
0.6142857142857143,0.4693877551020408,0.4883720930232558,0.6885245901639344,0.5714285714285714,86,42,0.4648648648648649,0.6885245901639344
0.6142857142857143,0.4897959183673469,0.4883720930232558,0.6885245901639344,0.5714285714285714,86,42,0.4648648648648649,0.6885245901639344
0.6142857142857143,0.5102040816326531,0.4883720930232558,0.6885245901639344,0.5714285714285714,86,42,0.4648648648648649,0.6885245901639344
0.6142857142857143,0.5306122448979591,0.4883720930232558,0.6885245901639344,0.5714285714285714,86,42,0.4648648648648649,0.6885245901639344
0.6142857142857143,0.5510204081632653,0.4883720930232558,0.6885245901639344,0.5714285714285714,86,42,0.4648648648648649,0.6885245901639344
0.6142857142857143,0.5714285714285714,0.4883720930232558,0.6885245901639344,0.5714285714285714,86,42,0.4648648648648649,0.6885245901639344
0.6142857142857143,0.5918367346938775,0.4883720930232558,0.6885245901639344,0.5714285714285714,86,42,0.4648648648648649,0.6885245901639344
0.6142857142857143,0.6122448979591836,0.4883720930232558,0.6885245901639344,0.5714285714285714,86,42,0.4648648648648649,0.6885245901639344
0.6142857142857143,0.6326530612244897,0.4883720930232558,0.6885245901639344,0.5714285714285714,86,42,0.4648648648648649,0.6885245901639344
0.6142857142857143,0.6530612244897959,0.4883720930232558,0.6885245901639344,0.5714285714285714,86,42,0.4648648648648649,0.6885245901639344
0.6142857142857143,0.673469387755102,0.4883720930232558,0.6885245901639344,0.5714285714285714,86,42,0.4648648648648649,0.6885245901639344
0.6142857142857143,0.6938775510204082,0.4883720930232558,0.6885245901639344,0.5714285714285714,86,42,0.4648648648648649,0.6885245901639344
0.6142857142857143,0.7142857142857142,0.4883720930232558,0.6885245901639344,0.5714285714285714,86,42,0.4648648648648649,0.6885245901639344
0.6142857142857143,0.7346938775510203,0.4883720930232558,0.6885245901639344,0.5714285714285714,86,42,0.4648648648648649,0.6885245901639344
0.6142857142857143,0.7551020408163265,0.4883720930232558,0.6885245901639344,0.5714285714285714,86,42,0.4648648648648649,0.6885245901639344
0.6142857142857143,0.7755102040816326,0.4883720930232558,0.6885245901639344,0.5714285714285714,86,42,0.4648648648648649,0.6885245901639344
0.6142857142857143,0.7959183673469387,0.4883720930232558,0.6885245901639344,0.5714285714285714,86,42,0.4648648648648649,0.6885245901639344
0.6142857142857143,0.8163265306122448,0.4883720930232558,0.6885245901639344,0.5714285714285714,86,42,0.4648648648648649,0.6885245901639344
0.6142857142857143,0.836734693877551,0.4883720930232558,0.6885245901639344,0.5714285714285714,86,42,0.4648648648648649,0.6885245901639344
0.6142857142857143,0.8571428571428571,0.4883720930232558,0.6885245901639344,0.5714285714285714,86,42,0.4648648648648649,0.6885245901639344
0.6142857142857143,0.8775510204081632,0.4883720930232558,0.6885245901639344,0.5714285714285714,86,42,0.4648648648648649,0.6885245901639344
0.6142857142857143,0.8979591836734693,0.4883720930232558,0.6885245901639344,0.5714285714285714,86,42,0.4648648648648649,0.6885245901639344
0.6142857142857143,0.9183673469387754,0.4883720930232558,0.6885245901639344,0.5714285714285714,86,42,0.4648648648648649,0.6885245901639344
0.6142857142857143,0.9387755102040816,0.47,0.7704918032786885,0.5838509316770186,100,47,0.5405405405405406,0.7704918032786885
0.6142857142857143,0.9591836734693877,0.47,0.7704918032786885,0.5838509316770186,100,47,0.5405405405405406,0.7704918032786885
0.6142857142857143,0.9795918367346939,0.453781512605042,0.8852459016393442,0.6,119,54,0.6432432432432432,0.8852459016393442
0.6142857142857143,1.0,0.32972972972972975,1.0,0.49593495934959353,185,61,1.0,1.0
0.6326530612244898,0.0,0.5362318840579711,0.6065573770491803,0.5692307692307692,69,37,0.372972972972973,0.6065573770491803
0.6326530612244898,0.02040816326530612,0.4883720930232558,0.6885245901639344,0.5714285714285714,86,42,0.4648648648648649,0.6885245901639344
0.6326530612244898,0.04081632653061224,0.4883720930232558,0.6885245901639344,0.5714285714285714,86,42,0.4648648648648649,0.6885245901639344
0.6326530612244898,0.061224489795918366,0.4883720930232558,0.6885245901639344,0.5714285714285714,86,42,0.4648648648648649,0.6885245901639344
0.6326530612244898,0.08163265306122448,0.4883720930232558,0.6885245901639344,0.5714285714285714,86,42,0.4648648648648649,0.6885245901639344
0.6326530612244898,0.1020408163265306,0.4883720930232558,0.6885245901639344,0.5714285714285714,86,42,0.4648648648648649,0.6885245901639344
0.6326530612244898,0.12244897959183673,0.4883720930232558,0.6885245901639344,0.5714285714285714,86,42,0.4648648648648649,0.6885245901639344
0.6326530612244898,0.14285714285714285,0.4883720930232558,0.6885245901639344,0.5714285714285714,86,42,0.4648648648648649,0.6885245901639344
0.6326530612244898,0.16326530612244897,0.4883720930232558,0.6885245901639344,0.5714285714285714,86,42,0.4648648648648649,0.6885245901639344
0.6326530612244898,0.18367346938775508,0.4883720930232558,0.6885245901639344,0.5714285714285714,86,42,0.4648648648648649,0.6885245901639344
0.6326530612244898,0.2040816326530612,0.4883720930232558,0.6885245901639344,0.5714285714285714,86,42,0.4648648648648649,0.6885245901639344
0.6326530612244898,0.22448979591836732,0.4883720930232558,0.6885245901639344,0.5714285714285714,86,42,0.4648648648648649,0.6885245901639344
0.6326530612244898,0.24489795918367346,0.4883720930232558,0.6885245901639344,0.5714285714285714,86,42,0.4648648648648649,0.6885245901639344
0.6326530612244898,0.26530612244897955,0.4883720930232558,0.6885245901639344,0.5714285714285714,86,42,0.4648648648648649,0.6885245901639344
0.6326530612244898,0.2857142857142857,0.4883720930232558,0.6885245901639344,0.5714285714285714,86,42,0.4648648648648649,0.6885245901639344
0.6326530612244898,0.3061224489795918,0.4883720930232558,0.6885245901639344,0.5714285714285714,86,42,0.4648648648648649,0.6885245901639344
0.6326530612244898,0.32653061224489793,0.4883720930232558,0.6885245901639344,0.5714285714285714,86,42,0.4648648648648649,0.6885245901639344
0.6326530612244898,0.3469387755102041,0.4883720930232558,0.6885245901639344,0.5714285714285714,86,42,0.4648648648648649,0.6885245901639344
0.6326530612244898,0.36734693877551017,0.4883720930232558,0.6885245901639344,0.5714285714285714,86,42,0.4648648648648649,0.6885245901639344
0.6326530612244898,0.3877551020408163,0.4883720930232558,0.6885245901639344,0.5714285714285714,86,42,0.4648648648648649,0.6885245901639344
0.6326530612244898,0.4081632653061224,0.4883720930232558,0.6885245901639344,0.5714285714285714,86,42,0.4648648648648649,0.6885245901639344
0.6326530612244898,0.42857142857142855,0.4883720930232558,0.6885245901639344,0.5714285714285714,86,42,0.4648648648648649,0.6885245901639344
0.6326530612244898,0.44897959183673464,0.4883720930232558,0.6885245901639344,0.5714285714285714,86,42,0.4648648648648649,0.6885245901639344
0.6326530612244898,0.4693877551020408,0.4883720930232558,0.6885245901639344,0.5714285714285714,86,42,0.4648648648648649,0.6885245901639344
0.6326530612244898,0.4897959183673469,0.4883720930232558,0.6885245901639344,0.5714285714285714,86,42,0.4648648648648649,0.6885245901639344
0.6326530612244898,0.5102040816326531,0.4883720930232558,0.6885245901639344,0.5714285714285714,86,42,0.4648648648648649,0.6885245901639344
0.6326530612244898,0.5306122448979591,0.4883720930232558,0.6885245901639344,0.5714285714285714,86,42,0.4648648648648649,0.6885245901639344
0.6326530612244898,0.5510204081632653,0.4883720930232558,0.6885245901639344,0.5714285714285714,86,42,0.4648648648648649,0.6885245901639344
0.6326530612244898,0.5714285714285714,0.4883720930232558,0.6885245901639344,0.5714285714285714,86,42,0.4648648648648649,0.6885245901639344
0.6326530612244898,0.5918367346938775,0.4883720930232558,0.6885245901639344,0.5714285714285714,86,42,0.4648648648648649,0.6885245901639344
0.6326530612244898,0.6122448979591836,0.4883720930232558,0.6885245901639344,0.5714285714285714,86,42,0.4648648648648649,0.6885245901639344
0.6326530612244898,0.6326530612244897,0.4883720930232558,0.6885245901639344,0.5714285714285714,86,42,0.4648648648648649,0.6885245901639344
0.6326530612244898,0.6530612244897959,0.4883720930232558,0.6885245901639344,0.5714285714285714,86,42,0.4648648648648649,0.6885245901639344
0.6326530612244898,0.673469387755102,0.4883720930232558,0.6885245901639344,0.5714285714285714,86,42,0.4648648648648649,0.6885245901639344
0.6326530612244898,0.6938775510204082,0.4883720930232558,0.6885245901639344,0.5714285714285714,86,42,0.4648648648648649,0.6885245901639344
0.6326530612244898,0.7142857142857142,0.4883720930232558,0.6885245901639344,0.5714285714285714,86,42,0.4648648648648649,0.6885245901639344
0.6326530612244898,0.7346938775510203,0.4883720930232558,0.6885245901639344,0.5714285714285714,86,42,0.4648648648648649,0.6885245901639344
0.6326530612244898,0.7551020408163265,0.4883720930232558,0.6885245901639344,0.5714285714285714,86,42,0.4648648648648649,0.6885245901639344
0.6326530612244898,0.7755102040816326,0.4883720930232558,0.6885245901639344,0.5714285714285714,86,42,0.4648648648648649,0.6885245901639344
0.6326530612244898,0.7959183673469387,0.4883720930232558,0.6885245901639344,0.5714285714285714,86,42,0.4648648648648649,0.6885245901639344
0.6326530612244898,0.8163265306122448,0.4883720930232558,0.6885245901639344,0.5714285714285714,86,42,0.4648648648648649,0.6885245901639344
0.6326530612244898,0.836734693877551,0.4883720930232558,0.6885245901639344,0.5714285714285714,86,42,0.4648648648648649,0.6885245901639344
0.6326530612244898,0.8571428571428571,0.4883720930232558,0.6885245901639344,0.5714285714285714,86,42,0.4648648648648649,0.6885245901639344
0.6326530612244898,0.8775510204081632,0.4883720930232558,0.6885245901639344,0.5714285714285714,86,42,0.4648648648648649,0.6885245901639344
0.6326530612244898,0.8979591836734693,0.4883720930232558,0.6885245901639344,0.5714285714285714,86,42,0.4648648648648649,0.6885245901639344
0.6326530612244898,0.9183673469387754,0.4883720930232558,0.6885245901639344,0.5714285714285714,86,42,0.4648648648648649,0.6885245901639344
0.6326530612244898,0.9387755102040816,0.47,0.7704918032786885,0.5838509316770186,100,47,0.5405405405405406,0.7704918032786885
0.6326530612244898,0.9591836734693877,0.47,0.7704918032786885,0.5838509316770186,100,47,0.5405405405405406,0.7704918032786885
0.6326530612244898,0.9795918367346939,0.453781512605042,0.8852459016393442,0.6,119,54,0.6432432432432432,0.8852459016393442
0.6326530612244898,1.0,0.32972972972972975,1.0,0.49593495934959353,185,61,1.0,1.0
0.6510204081632653,0.0,0.5362318840579711,0.6065573770491803,0.5692307692307692,69,37,0.372972972972973,0.6065573770491803
0.6510204081632653,0.02040816326530612,0.4883720930232558,0.6885245901639344,0.5714285714285714,86,42,0.4648648648648649,0.6885245901639344
0.6510204081632653,0.04081632653061224,0.4883720930232558,0.6885245901639344,0.5714285714285714,86,42,0.4648648648648649,0.6885245901639344
0.6510204081632653,0.061224489795918366,0.4883720930232558,0.6885245901639344,0.5714285714285714,86,42,0.4648648648648649,0.6885245901639344
0.6510204081632653,0.08163265306122448,0.4883720930232558,0.6885245901639344,0.5714285714285714,86,42,0.4648648648648649,0.6885245901639344
0.6510204081632653,0.1020408163265306,0.4883720930232558,0.6885245901639344,0.5714285714285714,86,42,0.4648648648648649,0.6885245901639344
0.6510204081632653,0.12244897959183673,0.4883720930232558,0.6885245901639344,0.5714285714285714,86,42,0.4648648648648649,0.6885245901639344
0.6510204081632653,0.14285714285714285,0.4883720930232558,0.6885245901639344,0.5714285714285714,86,42,0.4648648648648649,0.6885245901639344
0.6510204081632653,0.16326530612244897,0.4883720930232558,0.6885245901639344,0.5714285714285714,86,42,0.4648648648648649,0.6885245901639344
0.6510204081632653,0.18367346938775508,0.4883720930232558,0.6885245901639344,0.5714285714285714,86,42,0.4648648648648649,0.6885245901639344
0.6510204081632653,0.2040816326530612,0.4883720930232558,0.6885245901639344,0.5714285714285714,86,42,0.4648648648648649,0.6885245901639344
0.6510204081632653,0.22448979591836732,0.4883720930232558,0.6885245901639344,0.5714285714285714,86,42,0.4648648648648649,0.6885245901639344
0.6510204081632653,0.24489795918367346,0.4883720930232558,0.6885245901639344,0.5714285714285714,86,42,0.4648648648648649,0.6885245901639344
0.6510204081632653,0.26530612244897955,0.4883720930232558,0.6885245901639344,0.5714285714285714,86,42,0.4648648648648649,0.6885245901639344
0.6510204081632653,0.2857142857142857,0.4883720930232558,0.6885245901639344,0.5714285714285714,86,42,0.4648648648648649,0.6885245901639344
0.6510204081632653,0.3061224489795918,0.4883720930232558,0.6885245901639344,0.5714285714285714,86,42,0.4648648648648649,0.6885245901639344
0.6510204081632653,0.32653061224489793,0.4883720930232558,0.6885245901639344,0.5714285714285714,86,42,0.4648648648648649,0.6885245901639344
0.6510204081632653,0.3469387755102041,0.4883720930232558,0.6885245901639344,0.5714285714285714,86,42,0.4648648648648649,0.6885245901639344
0.6510204081632653,0.36734693877551017,0.4883720930232558,0.6885245901639344,0.5714285714285714,86,42,0.4648648648648649,0.6885245901639344
0.6510204081632653,0.3877551020408163,0.4883720930232558,0.6885245901639344,0.5714285714285714,86,42,0.4648648648648649,0.6885245901639344
0.6510204081632653,0.4081632653061224,0.4883720930232558,0.6885245901639344,0.5714285714285714,86,42,0.4648648648648649,0.6885245901639344
0.6510204081632653,0.42857142857142855,0.4883720930232558,0.6885245901639344,0.5714285714285714,86,42,0.4648648648648649,0.6885245901639344
0.6510204081632653,0.44897959183673464,0.4883720930232558,0.6885245901639344,0.5714285714285714,86,42,0.4648648648648649,0.6885245901639344
0.6510204081632653,0.4693877551020408,0.4883720930232558,0.6885245901639344,0.5714285714285714,86,42,0.4648648648648649,0.6885245901639344
0.6510204081632653,0.4897959183673469,0.4883720930232558,0.6885245901639344,0.5714285714285714,86,42,0.4648648648648649,0.6885245901639344
0.6510204081632653,0.5102040816326531,0.4883720930232558,0.6885245901639344,0.5714285714285714,86,42,0.4648648648648649,0.6885245901639344
0.6510204081632653,0.5306122448979591,0.4883720930232558,0.6885245901639344,0.5714285714285714,86,42,0.4648648648648649,0.6885245901639344
0.6510204081632653,0.5510204081632653,0.4883720930232558,0.6885245901639344,0.5714285714285714,86,42,0.4648648648648649,0.6885245901639344
0.6510204081632653,0.5714285714285714,0.4883720930232558,0.6885245901639344,0.5714285714285714,86,42,0.4648648648648649,0.6885245901639344
0.6510204081632653,0.5918367346938775,0.4883720930232558,0.6885245901639344,0.5714285714285714,86,42,0.4648648648648649,0.6885245901639344
0.6510204081632653,0.6122448979591836,0.4883720930232558,0.6885245901639344,0.5714285714285714,86,42,0.4648648648648649,0.6885245901639344
0.6510204081632653,0.6326530612244897,0.4883720930232558,0.6885245901639344,0.5714285714285714,86,42,0.4648648648648649,0.6885245901639344
0.6510204081632653,0.6530612244897959,0.4883720930232558,0.6885245901639344,0.5714285714285714,86,42,0.4648648648648649,0.6885245901639344
0.6510204081632653,0.673469387755102,0.4883720930232558,0.6885245901639344,0.5714285714285714,86,42,0.4648648648648649,0.6885245901639344
0.6510204081632653,0.6938775510204082,0.4883720930232558,0.6885245901639344,0.5714285714285714,86,42,0.4648648648648649,0.6885245901639344
0.6510204081632653,0.7142857142857142,0.4883720930232558,0.6885245901639344,0.5714285714285714,86,42,0.4648648648648649,0.6885245901639344
0.6510204081632653,0.7346938775510203,0.4883720930232558,0.6885245901639344,0.5714285714285714,86,42,0.4648648648648649,0.6885245901639344
0.6510204081632653,0.7551020408163265,0.4883720930232558,0.6885245901639344,0.5714285714285714,86,42,0.4648648648648649,0.6885245901639344
0.6510204081632653,0.7755102040816326,0.4883720930232558,0.6885245901639344,0.5714285714285714,86,42,0.4648648648648649,0.6885245901639344
0.6510204081632653,0.7959183673469387,0.4883720930232558,0.6885245901639344,0.5714285714285714,86,42,0.4648648648648649,0.6885245901639344
0.6510204081632653,0.8163265306122448,0.4883720930232558,0.6885245901639344,0.5714285714285714,86,42,0.4648648648648649,0.6885245901639344
0.6510204081632653,0.836734693877551,0.4883720930232558,0.6885245901639344,0.5714285714285714,86,42,0.4648648648648649,0.6885245901639344
0.6510204081632653,0.8571428571428571,0.4883720930232558,0.6885245901639344,0.5714285714285714,86,42,0.4648648648648649,0.6885245901639344
0.6510204081632653,0.8775510204081632,0.4883720930232558,0.6885245901639344,0.5714285714285714,86,42,0.4648648648648649,0.6885245901639344
0.6510204081632653,0.8979591836734693,0.4883720930232558,0.6885245901639344,0.5714285714285714,86,42,0.4648648648648649,0.6885245901639344
0.6510204081632653,0.9183673469387754,0.4883720930232558,0.6885245901639344,0.5714285714285714,86,42,0.4648648648648649,0.6885245901639344
0.6510204081632653,0.9387755102040816,0.47,0.7704918032786885,0.5838509316770186,100,47,0.5405405405405406,0.7704918032786885
0.6510204081632653,0.9591836734693877,0.47,0.7704918032786885,0.5838509316770186,100,47,0.5405405405405406,0.7704918032786885
0.6510204081632653,0.9795918367346939,0.453781512605042,0.8852459016393442,0.6,119,54,0.6432432432432432,0.8852459016393442
0.6510204081632653,1.0,0.32972972972972975,1.0,0.49593495934959353,185,61,1.0,1.0
0.6693877551020408,0.0,0.5362318840579711,0.6065573770491803,0.5692307692307692,69,37,0.372972972972973,0.6065573770491803
0.6693877551020408,0.02040816326530612,0.4883720930232558,0.6885245901639344,0.5714285714285714,86,42,0.4648648648648649,0.6885245901639344
0.6693877551020408,0.04081632653061224,0.4883720930232558,0.6885245901639344,0.5714285714285714,86,42,0.4648648648648649,0.6885245901639344
0.6693877551020408,0.061224489795918366,0.4883720930232558,0.6885245901639344,0.5714285714285714,86,42,0.4648648648648649,0.6885245901639344
0.6693877551020408,0.08163265306122448,0.4883720930232558,0.6885245901639344,0.5714285714285714,86,42,0.4648648648648649,0.6885245901639344
0.6693877551020408,0.1020408163265306,0.4883720930232558,0.6885245901639344,0.5714285714285714,86,42,0.4648648648648649,0.6885245901639344
0.6693877551020408,0.12244897959183673,0.4883720930232558,0.6885245901639344,0.5714285714285714,86,42,0.4648648648648649,0.6885245901639344
0.6693877551020408,0.14285714285714285,0.4883720930232558,0.6885245901639344,0.5714285714285714,86,42,0.4648648648648649,0.6885245901639344
0.6693877551020408,0.16326530612244897,0.4883720930232558,0.6885245901639344,0.5714285714285714,86,42,0.4648648648648649,0.6885245901639344
0.6693877551020408,0.18367346938775508,0.4883720930232558,0.6885245901639344,0.5714285714285714,86,42,0.4648648648648649,0.6885245901639344
0.6693877551020408,0.2040816326530612,0.4883720930232558,0.6885245901639344,0.5714285714285714,86,42,0.4648648648648649,0.6885245901639344
0.6693877551020408,0.22448979591836732,0.4883720930232558,0.6885245901639344,0.5714285714285714,86,42,0.4648648648648649,0.6885245901639344
0.6693877551020408,0.24489795918367346,0.4883720930232558,0.6885245901639344,0.5714285714285714,86,42,0.4648648648648649,0.6885245901639344
0.6693877551020408,0.26530612244897955,0.4883720930232558,0.6885245901639344,0.5714285714285714,86,42,0.4648648648648649,0.6885245901639344
0.6693877551020408,0.2857142857142857,0.4883720930232558,0.6885245901639344,0.5714285714285714,86,42,0.4648648648648649,0.6885245901639344
0.6693877551020408,0.3061224489795918,0.4883720930232558,0.6885245901639344,0.5714285714285714,86,42,0.4648648648648649,0.6885245901639344
0.6693877551020408,0.32653061224489793,0.4883720930232558,0.6885245901639344,0.5714285714285714,86,42,0.4648648648648649,0.6885245901639344
0.6693877551020408,0.3469387755102041,0.4883720930232558,0.6885245901639344,0.5714285714285714,86,42,0.4648648648648649,0.6885245901639344
0.6693877551020408,0.36734693877551017,0.4883720930232558,0.6885245901639344,0.5714285714285714,86,42,0.4648648648648649,0.6885245901639344
0.6693877551020408,0.3877551020408163,0.4883720930232558,0.6885245901639344,0.5714285714285714,86,42,0.4648648648648649,0.6885245901639344
0.6693877551020408,0.4081632653061224,0.4883720930232558,0.6885245901639344,0.5714285714285714,86,42,0.4648648648648649,0.6885245901639344
0.6693877551020408,0.42857142857142855,0.4883720930232558,0.6885245901639344,0.5714285714285714,86,42,0.4648648648648649,0.6885245901639344
0.6693877551020408,0.44897959183673464,0.4883720930232558,0.6885245901639344,0.5714285714285714,86,42,0.4648648648648649,0.6885245901639344
0.6693877551020408,0.4693877551020408,0.4883720930232558,0.6885245901639344,0.5714285714285714,86,42,0.4648648648648649,0.6885245901639344
0.6693877551020408,0.4897959183673469,0.4883720930232558,0.6885245901639344,0.5714285714285714,86,42,0.4648648648648649,0.6885245901639344
0.6693877551020408,0.5102040816326531,0.4883720930232558,0.6885245901639344,0.5714285714285714,86,42,0.4648648648648649,0.6885245901639344
0.6693877551020408,0.5306122448979591,0.4883720930232558,0.6885245901639344,0.5714285714285714,86,42,0.4648648648648649,0.6885245901639344
0.6693877551020408,0.5510204081632653,0.4883720930232558,0.6885245901639344,0.5714285714285714,86,42,0.4648648648648649,0.6885245901639344
0.6693877551020408,0.5714285714285714,0.4883720930232558,0.6885245901639344,0.5714285714285714,86,42,0.4648648648648649,0.6885245901639344
0.6693877551020408,0.5918367346938775,0.4883720930232558,0.6885245901639344,0.5714285714285714,86,42,0.4648648648648649,0.6885245901639344
0.6693877551020408,0.6122448979591836,0.4883720930232558,0.6885245901639344,0.5714285714285714,86,42,0.4648648648648649,0.6885245901639344
0.6693877551020408,0.6326530612244897,0.4883720930232558,0.6885245901639344,0.5714285714285714,86,42,0.4648648648648649,0.6885245901639344
0.6693877551020408,0.6530612244897959,0.4883720930232558,0.6885245901639344,0.5714285714285714,86,42,0.4648648648648649,0.6885245901639344
0.6693877551020408,0.673469387755102,0.4883720930232558,0.6885245901639344,0.5714285714285714,86,42,0.4648648648648649,0.6885245901639344
0.6693877551020408,0.6938775510204082,0.4883720930232558,0.6885245901639344,0.5714285714285714,86,42,0.4648648648648649,0.6885245901639344
0.6693877551020408,0.7142857142857142,0.4883720930232558,0.6885245901639344,0.5714285714285714,86,42,0.4648648648648649,0.6885245901639344
0.6693877551020408,0.7346938775510203,0.4883720930232558,0.6885245901639344,0.5714285714285714,86,42,0.4648648648648649,0.6885245901639344
0.6693877551020408,0.7551020408163265,0.4883720930232558,0.6885245901639344,0.5714285714285714,86,42,0.4648648648648649,0.6885245901639344
0.6693877551020408,0.7755102040816326,0.4883720930232558,0.6885245901639344,0.5714285714285714,86,42,0.4648648648648649,0.6885245901639344
0.6693877551020408,0.7959183673469387,0.4883720930232558,0.6885245901639344,0.5714285714285714,86,42,0.4648648648648649,0.6885245901639344
0.6693877551020408,0.8163265306122448,0.4883720930232558,0.6885245901639344,0.5714285714285714,86,42,0.4648648648648649,0.6885245901639344
0.6693877551020408,0.836734693877551,0.4883720930232558,0.6885245901639344,0.5714285714285714,86,42,0.4648648648648649,0.6885245901639344
0.6693877551020408,0.8571428571428571,0.4883720930232558,0.6885245901639344,0.5714285714285714,86,42,0.4648648648648649,0.6885245901639344
0.6693877551020408,0.8775510204081632,0.4883720930232558,0.6885245901639344,0.5714285714285714,86,42,0.4648648648648649,0.6885245901639344
0.6693877551020408,0.8979591836734693,0.4883720930232558,0.6885245901639344,0.5714285714285714,86,42,0.4648648648648649,0.6885245901639344
0.6693877551020408,0.9183673469387754,0.4883720930232558,0.6885245901639344,0.5714285714285714,86,42,0.4648648648648649,0.6885245901639344
0.6693877551020408,0.9387755102040816,0.47,0.7704918032786885,0.5838509316770186,100,47,0.5405405405405406,0.7704918032786885
0.6693877551020408,0.9591836734693877,0.47,0.7704918032786885,0.5838509316770186,100,47,0.5405405405405406,0.7704918032786885
0.6693877551020408,0.9795918367346939,0.453781512605042,0.8852459016393442,0.6,119,54,0.6432432432432432,0.8852459016393442
0.6693877551020408,1.0,0.32972972972972975,1.0,0.49593495934959353,185,61,1.0,1.0
0.6877551020408164,0.0,0.5362318840579711,0.6065573770491803,0.5692307692307692,69,37,0.372972972972973,0.6065573770491803
0.6877551020408164,0.02040816326530612,0.4883720930232558,0.6885245901639344,0.5714285714285714,86,42,0.4648648648648649,0.6885245901639344
0.6877551020408164,0.04081632653061224,0.4883720930232558,0.6885245901639344,0.5714285714285714,86,42,0.4648648648648649,0.6885245901639344
0.6877551020408164,0.061224489795918366,0.4883720930232558,0.6885245901639344,0.5714285714285714,86,42,0.4648648648648649,0.6885245901639344
0.6877551020408164,0.08163265306122448,0.4883720930232558,0.6885245901639344,0.5714285714285714,86,42,0.4648648648648649,0.6885245901639344
0.6877551020408164,0.1020408163265306,0.4883720930232558,0.6885245901639344,0.5714285714285714,86,42,0.4648648648648649,0.6885245901639344
0.6877551020408164,0.12244897959183673,0.4883720930232558,0.6885245901639344,0.5714285714285714,86,42,0.4648648648648649,0.6885245901639344
0.6877551020408164,0.14285714285714285,0.4883720930232558,0.6885245901639344,0.5714285714285714,86,42,0.4648648648648649,0.6885245901639344
0.6877551020408164,0.16326530612244897,0.4883720930232558,0.6885245901639344,0.5714285714285714,86,42,0.4648648648648649,0.6885245901639344
0.6877551020408164,0.18367346938775508,0.4883720930232558,0.6885245901639344,0.5714285714285714,86,42,0.4648648648648649,0.6885245901639344
0.6877551020408164,0.2040816326530612,0.4883720930232558,0.6885245901639344,0.5714285714285714,86,42,0.4648648648648649,0.6885245901639344
0.6877551020408164,0.22448979591836732,0.4883720930232558,0.6885245901639344,0.5714285714285714,86,42,0.4648648648648649,0.6885245901639344
0.6877551020408164,0.24489795918367346,0.4883720930232558,0.6885245901639344,0.5714285714285714,86,42,0.4648648648648649,0.6885245901639344
0.6877551020408164,0.26530612244897955,0.4883720930232558,0.6885245901639344,0.5714285714285714,86,42,0.4648648648648649,0.6885245901639344
0.6877551020408164,0.2857142857142857,0.4883720930232558,0.6885245901639344,0.5714285714285714,86,42,0.4648648648648649,0.6885245901639344
0.6877551020408164,0.3061224489795918,0.4883720930232558,0.6885245901639344,0.5714285714285714,86,42,0.4648648648648649,0.6885245901639344
0.6877551020408164,0.32653061224489793,0.4883720930232558,0.6885245901639344,0.5714285714285714,86,42,0.4648648648648649,0.6885245901639344
0.6877551020408164,0.3469387755102041,0.4883720930232558,0.6885245901639344,0.5714285714285714,86,42,0.4648648648648649,0.6885245901639344
0.6877551020408164,0.36734693877551017,0.4883720930232558,0.6885245901639344,0.5714285714285714,86,42,0.4648648648648649,0.6885245901639344
0.6877551020408164,0.3877551020408163,0.4883720930232558,0.6885245901639344,0.5714285714285714,86,42,0.4648648648648649,0.6885245901639344
0.6877551020408164,0.4081632653061224,0.4883720930232558,0.6885245901639344,0.5714285714285714,86,42,0.4648648648648649,0.6885245901639344
0.6877551020408164,0.42857142857142855,0.4883720930232558,0.6885245901639344,0.5714285714285714,86,42,0.4648648648648649,0.6885245901639344
0.6877551020408164,0.44897959183673464,0.4883720930232558,0.6885245901639344,0.5714285714285714,86,42,0.4648648648648649,0.6885245901639344
0.6877551020408164,0.4693877551020408,0.4883720930232558,0.6885245901639344,0.5714285714285714,86,42,0.4648648648648649,0.6885245901639344
0.6877551020408164,0.4897959183673469,0.4883720930232558,0.6885245901639344,0.5714285714285714,86,42,0.4648648648648649,0.6885245901639344
0.6877551020408164,0.5102040816326531,0.4883720930232558,0.6885245901639344,0.5714285714285714,86,42,0.4648648648648649,0.6885245901639344
0.6877551020408164,0.5306122448979591,0.4883720930232558,0.6885245901639344,0.5714285714285714,86,42,0.4648648648648649,0.6885245901639344
0.6877551020408164,0.5510204081632653,0.4883720930232558,0.6885245901639344,0.5714285714285714,86,42,0.4648648648648649,0.6885245901639344
0.6877551020408164,0.5714285714285714,0.4883720930232558,0.6885245901639344,0.5714285714285714,86,42,0.4648648648648649,0.6885245901639344
0.6877551020408164,0.5918367346938775,0.4883720930232558,0.6885245901639344,0.5714285714285714,86,42,0.4648648648648649,0.6885245901639344
0.6877551020408164,0.6122448979591836,0.4883720930232558,0.6885245901639344,0.5714285714285714,86,42,0.4648648648648649,0.6885245901639344
0.6877551020408164,0.6326530612244897,0.4883720930232558,0.6885245901639344,0.5714285714285714,86,42,0.4648648648648649,0.6885245901639344
0.6877551020408164,0.6530612244897959,0.4883720930232558,0.6885245901639344,0.5714285714285714,86,42,0.4648648648648649,0.6885245901639344
0.6877551020408164,0.673469387755102,0.4883720930232558,0.6885245901639344,0.5714285714285714,86,42,0.4648648648648649,0.6885245901639344
0.6877551020408164,0.6938775510204082,0.4883720930232558,0.6885245901639344,0.5714285714285714,86,42,0.4648648648648649,0.6885245901639344
0.6877551020408164,0.7142857142857142,0.4883720930232558,0.6885245901639344,0.5714285714285714,86,42,0.4648648648648649,0.6885245901639344
0.6877551020408164,0.7346938775510203,0.4883720930232558,0.6885245901639344,0.5714285714285714,86,42,0.4648648648648649,0.6885245901639344
0.6877551020408164,0.7551020408163265,0.4883720930232558,0.6885245901639344,0.5714285714285714,86,42,0.4648648648648649,0.6885245901639344
0.6877551020408164,0.7755102040816326,0.4883720930232558,0.6885245901639344,0.5714285714285714,86,42,0.4648648648648649,0.6885245901639344
0.6877551020408164,0.7959183673469387,0.4883720930232558,0.6885245901639344,0.5714285714285714,86,42,0.4648648648648649,0.6885245901639344
0.6877551020408164,0.8163265306122448,0.4883720930232558,0.6885245901639344,0.5714285714285714,86,42,0.4648648648648649,0.6885245901639344
0.6877551020408164,0.836734693877551,0.4883720930232558,0.6885245901639344,0.5714285714285714,86,42,0.4648648648648649,0.6885245901639344
0.6877551020408164,0.8571428571428571,0.4883720930232558,0.6885245901639344,0.5714285714285714,86,42,0.4648648648648649,0.6885245901639344
0.6877551020408164,0.8775510204081632,0.4883720930232558,0.6885245901639344,0.5714285714285714,86,42,0.4648648648648649,0.6885245901639344
0.6877551020408164,0.8979591836734693,0.4883720930232558,0.6885245901639344,0.5714285714285714,86,42,0.4648648648648649,0.6885245901639344
0.6877551020408164,0.9183673469387754,0.4883720930232558,0.6885245901639344,0.5714285714285714,86,42,0.4648648648648649,0.6885245901639344
0.6877551020408164,0.9387755102040816,0.47,0.7704918032786885,0.5838509316770186,100,47,0.5405405405405406,0.7704918032786885
0.6877551020408164,0.9591836734693877,0.47,0.7704918032786885,0.5838509316770186,100,47,0.5405405405405406,0.7704918032786885
0.6877551020408164,0.9795918367346939,0.453781512605042,0.8852459016393442,0.6,119,54,0.6432432432432432,0.8852459016393442
0.6877551020408164,1.0,0.32972972972972975,1.0,0.49593495934959353,185,61,1.0,1.0
0.7061224489795919,0.0,0.5362318840579711,0.6065573770491803,0.5692307692307692,69,37,0.372972972972973,0.6065573770491803
0.7061224489795919,0.02040816326530612,0.4883720930232558,0.6885245901639344,0.5714285714285714,86,42,0.4648648648648649,0.6885245901639344
0.7061224489795919,0.04081632653061224,0.4883720930232558,0.6885245901639344,0.5714285714285714,86,42,0.4648648648648649,0.6885245901639344
0.7061224489795919,0.061224489795918366,0.4883720930232558,0.6885245901639344,0.5714285714285714,86,42,0.4648648648648649,0.6885245901639344
0.7061224489795919,0.08163265306122448,0.4883720930232558,0.6885245901639344,0.5714285714285714,86,42,0.4648648648648649,0.6885245901639344
0.7061224489795919,0.1020408163265306,0.4883720930232558,0.6885245901639344,0.5714285714285714,86,42,0.4648648648648649,0.6885245901639344
0.7061224489795919,0.12244897959183673,0.4883720930232558,0.6885245901639344,0.5714285714285714,86,42,0.4648648648648649,0.6885245901639344
0.7061224489795919,0.14285714285714285,0.4883720930232558,0.6885245901639344,0.5714285714285714,86,42,0.4648648648648649,0.6885245901639344
0.7061224489795919,0.16326530612244897,0.4883720930232558,0.6885245901639344,0.5714285714285714,86,42,0.4648648648648649,0.6885245901639344
0.7061224489795919,0.18367346938775508,0.4883720930232558,0.6885245901639344,0.5714285714285714,86,42,0.4648648648648649,0.6885245901639344
0.7061224489795919,0.2040816326530612,0.4883720930232558,0.6885245901639344,0.5714285714285714,86,42,0.4648648648648649,0.6885245901639344
0.7061224489795919,0.22448979591836732,0.4883720930232558,0.6885245901639344,0.5714285714285714,86,42,0.4648648648648649,0.6885245901639344
0.7061224489795919,0.24489795918367346,0.4883720930232558,0.6885245901639344,0.5714285714285714,86,42,0.4648648648648649,0.6885245901639344
0.7061224489795919,0.26530612244897955,0.4883720930232558,0.6885245901639344,0.5714285714285714,86,42,0.4648648648648649,0.6885245901639344
0.7061224489795919,0.2857142857142857,0.4883720930232558,0.6885245901639344,0.5714285714285714,86,42,0.4648648648648649,0.6885245901639344
0.7061224489795919,0.3061224489795918,0.4883720930232558,0.6885245901639344,0.5714285714285714,86,42,0.4648648648648649,0.6885245901639344
0.7061224489795919,0.32653061224489793,0.4883720930232558,0.6885245901639344,0.5714285714285714,86,42,0.4648648648648649,0.6885245901639344
0.7061224489795919,0.3469387755102041,0.4883720930232558,0.6885245901639344,0.5714285714285714,86,42,0.4648648648648649,0.6885245901639344
0.7061224489795919,0.36734693877551017,0.4883720930232558,0.6885245901639344,0.5714285714285714,86,42,0.4648648648648649,0.6885245901639344
0.7061224489795919,0.3877551020408163,0.4883720930232558,0.6885245901639344,0.5714285714285714,86,42,0.4648648648648649,0.6885245901639344
0.7061224489795919,0.4081632653061224,0.4883720930232558,0.6885245901639344,0.5714285714285714,86,42,0.4648648648648649,0.6885245901639344
0.7061224489795919,0.42857142857142855,0.4883720930232558,0.6885245901639344,0.5714285714285714,86,42,0.4648648648648649,0.6885245901639344
0.7061224489795919,0.44897959183673464,0.4883720930232558,0.6885245901639344,0.5714285714285714,86,42,0.4648648648648649,0.6885245901639344
0.7061224489795919,0.4693877551020408,0.4883720930232558,0.6885245901639344,0.5714285714285714,86,42,0.4648648648648649,0.6885245901639344
0.7061224489795919,0.4897959183673469,0.4883720930232558,0.6885245901639344,0.5714285714285714,86,42,0.4648648648648649,0.6885245901639344
0.7061224489795919,0.5102040816326531,0.4883720930232558,0.6885245901639344,0.5714285714285714,86,42,0.4648648648648649,0.6885245901639344
0.7061224489795919,0.5306122448979591,0.4883720930232558,0.6885245901639344,0.5714285714285714,86,42,0.4648648648648649,0.6885245901639344
0.7061224489795919,0.5510204081632653,0.4883720930232558,0.6885245901639344,0.5714285714285714,86,42,0.4648648648648649,0.6885245901639344
0.7061224489795919,0.5714285714285714,0.4883720930232558,0.6885245901639344,0.5714285714285714,86,42,0.4648648648648649,0.6885245901639344
0.7061224489795919,0.5918367346938775,0.4883720930232558,0.6885245901639344,0.5714285714285714,86,42,0.4648648648648649,0.6885245901639344
0.7061224489795919,0.6122448979591836,0.4883720930232558,0.6885245901639344,0.5714285714285714,86,42,0.4648648648648649,0.6885245901639344
0.7061224489795919,0.6326530612244897,0.4883720930232558,0.6885245901639344,0.5714285714285714,86,42,0.4648648648648649,0.6885245901639344
0.7061224489795919,0.6530612244897959,0.4883720930232558,0.6885245901639344,0.5714285714285714,86,42,0.4648648648648649,0.6885245901639344
0.7061224489795919,0.673469387755102,0.4883720930232558,0.6885245901639344,0.5714285714285714,86,42,0.4648648648648649,0.6885245901639344
0.7061224489795919,0.6938775510204082,0.4883720930232558,0.6885245901639344,0.5714285714285714,86,42,0.4648648648648649,0.6885245901639344
0.7061224489795919,0.7142857142857142,0.4883720930232558,0.6885245901639344,0.5714285714285714,86,42,0.4648648648648649,0.6885245901639344
0.7061224489795919,0.7346938775510203,0.4883720930232558,0.6885245901639344,0.5714285714285714,86,42,0.4648648648648649,0.6885245901639344
0.7061224489795919,0.7551020408163265,0.4883720930232558,0.6885245901639344,0.5714285714285714,86,42,0.4648648648648649,0.6885245901639344
0.7061224489795919,0.7755102040816326,0.4883720930232558,0.6885245901639344,0.5714285714285714,86,42,0.4648648648648649,0.6885245901639344
0.7061224489795919,0.7959183673469387,0.4883720930232558,0.6885245901639344,0.5714285714285714,86,42,0.4648648648648649,0.6885245901639344
0.7061224489795919,0.8163265306122448,0.4883720930232558,0.6885245901639344,0.5714285714285714,86,42,0.4648648648648649,0.6885245901639344
0.7061224489795919,0.836734693877551,0.4883720930232558,0.6885245901639344,0.5714285714285714,86,42,0.4648648648648649,0.6885245901639344
0.7061224489795919,0.8571428571428571,0.4883720930232558,0.6885245901639344,0.5714285714285714,86,42,0.4648648648648649,0.6885245901639344
0.7061224489795919,0.8775510204081632,0.4883720930232558,0.6885245901639344,0.5714285714285714,86,42,0.4648648648648649,0.6885245901639344
0.7061224489795919,0.8979591836734693,0.4883720930232558,0.6885245901639344,0.5714285714285714,86,42,0.4648648648648649,0.6885245901639344
0.7061224489795919,0.9183673469387754,0.4883720930232558,0.6885245901639344,0.5714285714285714,86,42,0.4648648648648649,0.6885245901639344
0.7061224489795919,0.9387755102040816,0.47,0.7704918032786885,0.5838509316770186,100,47,0.5405405405405406,0.7704918032786885
0.7061224489795919,0.9591836734693877,0.47,0.7704918032786885,0.5838509316770186,100,47,0.5405405405405406,0.7704918032786885
0.7061224489795919,0.9795918367346939,0.453781512605042,0.8852459016393442,0.6,119,54,0.6432432432432432,0.8852459016393442
0.7061224489795919,1.0,0.32972972972972975,1.0,0.49593495934959353,185,61,1.0,1.0
0.7244897959183674,0.0,0.5362318840579711,0.6065573770491803,0.5692307692307692,69,37,0.372972972972973,0.6065573770491803
0.7244897959183674,0.02040816326530612,0.4883720930232558,0.6885245901639344,0.5714285714285714,86,42,0.4648648648648649,0.6885245901639344
0.7244897959183674,0.04081632653061224,0.4883720930232558,0.6885245901639344,0.5714285714285714,86,42,0.4648648648648649,0.6885245901639344
0.7244897959183674,0.061224489795918366,0.4883720930232558,0.6885245901639344,0.5714285714285714,86,42,0.4648648648648649,0.6885245901639344
0.7244897959183674,0.08163265306122448,0.4883720930232558,0.6885245901639344,0.5714285714285714,86,42,0.4648648648648649,0.6885245901639344
0.7244897959183674,0.1020408163265306,0.4883720930232558,0.6885245901639344,0.5714285714285714,86,42,0.4648648648648649,0.6885245901639344
0.7244897959183674,0.12244897959183673,0.4883720930232558,0.6885245901639344,0.5714285714285714,86,42,0.4648648648648649,0.6885245901639344
0.7244897959183674,0.14285714285714285,0.4883720930232558,0.6885245901639344,0.5714285714285714,86,42,0.4648648648648649,0.6885245901639344
0.7244897959183674,0.16326530612244897,0.4883720930232558,0.6885245901639344,0.5714285714285714,86,42,0.4648648648648649,0.6885245901639344
0.7244897959183674,0.18367346938775508,0.4883720930232558,0.6885245901639344,0.5714285714285714,86,42,0.4648648648648649,0.6885245901639344
0.7244897959183674,0.2040816326530612,0.4883720930232558,0.6885245901639344,0.5714285714285714,86,42,0.4648648648648649,0.6885245901639344
0.7244897959183674,0.22448979591836732,0.4883720930232558,0.6885245901639344,0.5714285714285714,86,42,0.4648648648648649,0.6885245901639344
0.7244897959183674,0.24489795918367346,0.4883720930232558,0.6885245901639344,0.5714285714285714,86,42,0.4648648648648649,0.6885245901639344
0.7244897959183674,0.26530612244897955,0.4883720930232558,0.6885245901639344,0.5714285714285714,86,42,0.4648648648648649,0.6885245901639344
0.7244897959183674,0.2857142857142857,0.4883720930232558,0.6885245901639344,0.5714285714285714,86,42,0.4648648648648649,0.6885245901639344
0.7244897959183674,0.3061224489795918,0.4883720930232558,0.6885245901639344,0.5714285714285714,86,42,0.4648648648648649,0.6885245901639344
0.7244897959183674,0.32653061224489793,0.4883720930232558,0.6885245901639344,0.5714285714285714,86,42,0.4648648648648649,0.6885245901639344
0.7244897959183674,0.3469387755102041,0.4883720930232558,0.6885245901639344,0.5714285714285714,86,42,0.4648648648648649,0.6885245901639344
0.7244897959183674,0.36734693877551017,0.4883720930232558,0.6885245901639344,0.5714285714285714,86,42,0.4648648648648649,0.6885245901639344
0.7244897959183674,0.3877551020408163,0.4883720930232558,0.6885245901639344,0.5714285714285714,86,42,0.4648648648648649,0.6885245901639344
0.7244897959183674,0.4081632653061224,0.4883720930232558,0.6885245901639344,0.5714285714285714,86,42,0.4648648648648649,0.6885245901639344
0.7244897959183674,0.42857142857142855,0.4883720930232558,0.6885245901639344,0.5714285714285714,86,42,0.4648648648648649,0.6885245901639344
0.7244897959183674,0.44897959183673464,0.4883720930232558,0.6885245901639344,0.5714285714285714,86,42,0.4648648648648649,0.6885245901639344
0.7244897959183674,0.4693877551020408,0.4883720930232558,0.6885245901639344,0.5714285714285714,86,42,0.4648648648648649,0.6885245901639344
0.7244897959183674,0.4897959183673469,0.4883720930232558,0.6885245901639344,0.5714285714285714,86,42,0.4648648648648649,0.6885245901639344
0.7244897959183674,0.5102040816326531,0.4883720930232558,0.6885245901639344,0.5714285714285714,86,42,0.4648648648648649,0.6885245901639344
0.7244897959183674,0.5306122448979591,0.4883720930232558,0.6885245901639344,0.5714285714285714,86,42,0.4648648648648649,0.6885245901639344
0.7244897959183674,0.5510204081632653,0.4883720930232558,0.6885245901639344,0.5714285714285714,86,42,0.4648648648648649,0.6885245901639344
0.7244897959183674,0.5714285714285714,0.4883720930232558,0.6885245901639344,0.5714285714285714,86,42,0.4648648648648649,0.6885245901639344
0.7244897959183674,0.5918367346938775,0.4883720930232558,0.6885245901639344,0.5714285714285714,86,42,0.4648648648648649,0.6885245901639344
0.7244897959183674,0.6122448979591836,0.4883720930232558,0.6885245901639344,0.5714285714285714,86,42,0.4648648648648649,0.6885245901639344
0.7244897959183674,0.6326530612244897,0.4883720930232558,0.6885245901639344,0.5714285714285714,86,42,0.4648648648648649,0.6885245901639344
0.7244897959183674,0.6530612244897959,0.4883720930232558,0.6885245901639344,0.5714285714285714,86,42,0.4648648648648649,0.6885245901639344
0.7244897959183674,0.673469387755102,0.4883720930232558,0.6885245901639344,0.5714285714285714,86,42,0.4648648648648649,0.6885245901639344
0.7244897959183674,0.6938775510204082,0.4883720930232558,0.6885245901639344,0.5714285714285714,86,42,0.4648648648648649,0.6885245901639344
0.7244897959183674,0.7142857142857142,0.4883720930232558,0.6885245901639344,0.5714285714285714,86,42,0.4648648648648649,0.6885245901639344
0.7244897959183674,0.7346938775510203,0.4883720930232558,0.6885245901639344,0.5714285714285714,86,42,0.4648648648648649,0.6885245901639344
0.7244897959183674,0.7551020408163265,0.4883720930232558,0.6885245901639344,0.5714285714285714,86,42,0.4648648648648649,0.6885245901639344
0.7244897959183674,0.7755102040816326,0.4883720930232558,0.6885245901639344,0.5714285714285714,86,42,0.4648648648648649,0.6885245901639344
0.7244897959183674,0.7959183673469387,0.4883720930232558,0.6885245901639344,0.5714285714285714,86,42,0.4648648648648649,0.6885245901639344
0.7244897959183674,0.8163265306122448,0.4883720930232558,0.6885245901639344,0.5714285714285714,86,42,0.4648648648648649,0.6885245901639344
0.7244897959183674,0.836734693877551,0.4883720930232558,0.6885245901639344,0.5714285714285714,86,42,0.4648648648648649,0.6885245901639344
0.7244897959183674,0.8571428571428571,0.4883720930232558,0.6885245901639344,0.5714285714285714,86,42,0.4648648648648649,0.6885245901639344
0.7244897959183674,0.8775510204081632,0.4883720930232558,0.6885245901639344,0.5714285714285714,86,42,0.4648648648648649,0.6885245901639344
0.7244897959183674,0.8979591836734693,0.4883720930232558,0.6885245901639344,0.5714285714285714,86,42,0.4648648648648649,0.6885245901639344
0.7244897959183674,0.9183673469387754,0.4883720930232558,0.6885245901639344,0.5714285714285714,86,42,0.4648648648648649,0.6885245901639344
0.7244897959183674,0.9387755102040816,0.47,0.7704918032786885,0.5838509316770186,100,47,0.5405405405405406,0.7704918032786885
0.7244897959183674,0.9591836734693877,0.44642857142857145,0.819672131147541,0.5780346820809249,112,50,0.6054054054054054,0.819672131147541
0.7244897959183674,0.9795918367346939,0.453781512605042,0.8852459016393442,0.6,119,54,0.6432432432432432,0.8852459016393442
0.7244897959183674,1.0,0.32972972972972975,1.0,0.49593495934959353,185,61,1.0,1.0
0.7428571428571429,0.0,0.5362318840579711,0.6065573770491803,0.5692307692307692,69,37,0.372972972972973,0.6065573770491803
0.7428571428571429,0.02040816326530612,0.4883720930232558,0.6885245901639344,0.5714285714285714,86,42,0.4648648648648649,0.6885245901639344
0.7428571428571429,0.04081632653061224,0.4883720930232558,0.6885245901639344,0.5714285714285714,86,42,0.4648648648648649,0.6885245901639344
0.7428571428571429,0.061224489795918366,0.4883720930232558,0.6885245901639344,0.5714285714285714,86,42,0.4648648648648649,0.6885245901639344
0.7428571428571429,0.08163265306122448,0.4883720930232558,0.6885245901639344,0.5714285714285714,86,42,0.4648648648648649,0.6885245901639344
0.7428571428571429,0.1020408163265306,0.4883720930232558,0.6885245901639344,0.5714285714285714,86,42,0.4648648648648649,0.6885245901639344
0.7428571428571429,0.12244897959183673,0.4883720930232558,0.6885245901639344,0.5714285714285714,86,42,0.4648648648648649,0.6885245901639344
0.7428571428571429,0.14285714285714285,0.4883720930232558,0.6885245901639344,0.5714285714285714,86,42,0.4648648648648649,0.6885245901639344
0.7428571428571429,0.16326530612244897,0.4883720930232558,0.6885245901639344,0.5714285714285714,86,42,0.4648648648648649,0.6885245901639344
0.7428571428571429,0.18367346938775508,0.4883720930232558,0.6885245901639344,0.5714285714285714,86,42,0.4648648648648649,0.6885245901639344
0.7428571428571429,0.2040816326530612,0.4883720930232558,0.6885245901639344,0.5714285714285714,86,42,0.4648648648648649,0.6885245901639344
0.7428571428571429,0.22448979591836732,0.4883720930232558,0.6885245901639344,0.5714285714285714,86,42,0.4648648648648649,0.6885245901639344
0.7428571428571429,0.24489795918367346,0.4883720930232558,0.6885245901639344,0.5714285714285714,86,42,0.4648648648648649,0.6885245901639344
0.7428571428571429,0.26530612244897955,0.4883720930232558,0.6885245901639344,0.5714285714285714,86,42,0.4648648648648649,0.6885245901639344
0.7428571428571429,0.2857142857142857,0.4883720930232558,0.6885245901639344,0.5714285714285714,86,42,0.4648648648648649,0.6885245901639344
0.7428571428571429,0.3061224489795918,0.4883720930232558,0.6885245901639344,0.5714285714285714,86,42,0.4648648648648649,0.6885245901639344
0.7428571428571429,0.32653061224489793,0.4883720930232558,0.6885245901639344,0.5714285714285714,86,42,0.4648648648648649,0.6885245901639344
0.7428571428571429,0.3469387755102041,0.4883720930232558,0.6885245901639344,0.5714285714285714,86,42,0.4648648648648649,0.6885245901639344
0.7428571428571429,0.36734693877551017,0.4883720930232558,0.6885245901639344,0.5714285714285714,86,42,0.4648648648648649,0.6885245901639344
0.7428571428571429,0.3877551020408163,0.4883720930232558,0.6885245901639344,0.5714285714285714,86,42,0.4648648648648649,0.6885245901639344
0.7428571428571429,0.4081632653061224,0.4883720930232558,0.6885245901639344,0.5714285714285714,86,42,0.4648648648648649,0.6885245901639344
0.7428571428571429,0.42857142857142855,0.4883720930232558,0.6885245901639344,0.5714285714285714,86,42,0.4648648648648649,0.6885245901639344
0.7428571428571429,0.44897959183673464,0.4883720930232558,0.6885245901639344,0.5714285714285714,86,42,0.4648648648648649,0.6885245901639344
0.7428571428571429,0.4693877551020408,0.4883720930232558,0.6885245901639344,0.5714285714285714,86,42,0.4648648648648649,0.6885245901639344
0.7428571428571429,0.4897959183673469,0.4883720930232558,0.6885245901639344,0.5714285714285714,86,42,0.4648648648648649,0.6885245901639344
0.7428571428571429,0.5102040816326531,0.4883720930232558,0.6885245901639344,0.5714285714285714,86,42,0.4648648648648649,0.6885245901639344
0.7428571428571429,0.5306122448979591,0.4883720930232558,0.6885245901639344,0.5714285714285714,86,42,0.4648648648648649,0.6885245901639344
0.7428571428571429,0.5510204081632653,0.4883720930232558,0.6885245901639344,0.5714285714285714,86,42,0.4648648648648649,0.6885245901639344
0.7428571428571429,0.5714285714285714,0.4883720930232558,0.6885245901639344,0.5714285714285714,86,42,0.4648648648648649,0.6885245901639344
0.7428571428571429,0.5918367346938775,0.4883720930232558,0.6885245901639344,0.5714285714285714,86,42,0.4648648648648649,0.6885245901639344
0.7428571428571429,0.6122448979591836,0.4883720930232558,0.6885245901639344,0.5714285714285714,86,42,0.4648648648648649,0.6885245901639344
0.7428571428571429,0.6326530612244897,0.4883720930232558,0.6885245901639344,0.5714285714285714,86,42,0.4648648648648649,0.6885245901639344
0.7428571428571429,0.6530612244897959,0.4883720930232558,0.6885245901639344,0.5714285714285714,86,42,0.4648648648648649,0.6885245901639344
0.7428571428571429,0.673469387755102,0.4883720930232558,0.6885245901639344,0.5714285714285714,86,42,0.4648648648648649,0.6885245901639344
0.7428571428571429,0.6938775510204082,0.4883720930232558,0.6885245901639344,0.5714285714285714,86,42,0.4648648648648649,0.6885245901639344
0.7428571428571429,0.7142857142857142,0.4883720930232558,0.6885245901639344,0.5714285714285714,86,42,0.4648648648648649,0.6885245901639344
0.7428571428571429,0.7346938775510203,0.4883720930232558,0.6885245901639344,0.5714285714285714,86,42,0.4648648648648649,0.6885245901639344
0.7428571428571429,0.7551020408163265,0.4883720930232558,0.6885245901639344,0.5714285714285714,86,42,0.4648648648648649,0.6885245901639344
0.7428571428571429,0.7755102040816326,0.4883720930232558,0.6885245901639344,0.5714285714285714,86,42,0.4648648648648649,0.6885245901639344
0.7428571428571429,0.7959183673469387,0.4883720930232558,0.6885245901639344,0.5714285714285714,86,42,0.4648648648648649,0.6885245901639344
0.7428571428571429,0.8163265306122448,0.4883720930232558,0.6885245901639344,0.5714285714285714,86,42,0.4648648648648649,0.6885245901639344
0.7428571428571429,0.836734693877551,0.4883720930232558,0.6885245901639344,0.5714285714285714,86,42,0.4648648648648649,0.6885245901639344
0.7428571428571429,0.8571428571428571,0.4883720930232558,0.6885245901639344,0.5714285714285714,86,42,0.4648648648648649,0.6885245901639344
0.7428571428571429,0.8775510204081632,0.4883720930232558,0.6885245901639344,0.5714285714285714,86,42,0.4648648648648649,0.6885245901639344
0.7428571428571429,0.8979591836734693,0.4883720930232558,0.6885245901639344,0.5714285714285714,86,42,0.4648648648648649,0.6885245901639344
0.7428571428571429,0.9183673469387754,0.4883720930232558,0.6885245901639344,0.5714285714285714,86,42,0.4648648648648649,0.6885245901639344
0.7428571428571429,0.9387755102040816,0.47,0.7704918032786885,0.5838509316770186,100,47,0.5405405405405406,0.7704918032786885
0.7428571428571429,0.9591836734693877,0.44642857142857145,0.819672131147541,0.5780346820809249,112,50,0.6054054054054054,0.819672131147541
0.7428571428571429,0.9795918367346939,0.453781512605042,0.8852459016393442,0.6,119,54,0.6432432432432432,0.8852459016393442
0.7428571428571429,1.0,0.32972972972972975,1.0,0.49593495934959353,185,61,1.0,1.0
0.7612244897959184,0.0,0.5362318840579711,0.6065573770491803,0.5692307692307692,69,37,0.372972972972973,0.6065573770491803
0.7612244897959184,0.02040816326530612,0.4883720930232558,0.6885245901639344,0.5714285714285714,86,42,0.4648648648648649,0.6885245901639344
0.7612244897959184,0.04081632653061224,0.4883720930232558,0.6885245901639344,0.5714285714285714,86,42,0.4648648648648649,0.6885245901639344
0.7612244897959184,0.061224489795918366,0.4883720930232558,0.6885245901639344,0.5714285714285714,86,42,0.4648648648648649,0.6885245901639344
0.7612244897959184,0.08163265306122448,0.4883720930232558,0.6885245901639344,0.5714285714285714,86,42,0.4648648648648649,0.6885245901639344
0.7612244897959184,0.1020408163265306,0.4883720930232558,0.6885245901639344,0.5714285714285714,86,42,0.4648648648648649,0.6885245901639344
0.7612244897959184,0.12244897959183673,0.4883720930232558,0.6885245901639344,0.5714285714285714,86,42,0.4648648648648649,0.6885245901639344
0.7612244897959184,0.14285714285714285,0.4883720930232558,0.6885245901639344,0.5714285714285714,86,42,0.4648648648648649,0.6885245901639344
0.7612244897959184,0.16326530612244897,0.4883720930232558,0.6885245901639344,0.5714285714285714,86,42,0.4648648648648649,0.6885245901639344
0.7612244897959184,0.18367346938775508,0.4883720930232558,0.6885245901639344,0.5714285714285714,86,42,0.4648648648648649,0.6885245901639344
0.7612244897959184,0.2040816326530612,0.4883720930232558,0.6885245901639344,0.5714285714285714,86,42,0.4648648648648649,0.6885245901639344
0.7612244897959184,0.22448979591836732,0.4883720930232558,0.6885245901639344,0.5714285714285714,86,42,0.4648648648648649,0.6885245901639344
0.7612244897959184,0.24489795918367346,0.4883720930232558,0.6885245901639344,0.5714285714285714,86,42,0.4648648648648649,0.6885245901639344
0.7612244897959184,0.26530612244897955,0.4883720930232558,0.6885245901639344,0.5714285714285714,86,42,0.4648648648648649,0.6885245901639344
0.7612244897959184,0.2857142857142857,0.4883720930232558,0.6885245901639344,0.5714285714285714,86,42,0.4648648648648649,0.6885245901639344
0.7612244897959184,0.3061224489795918,0.4883720930232558,0.6885245901639344,0.5714285714285714,86,42,0.4648648648648649,0.6885245901639344
0.7612244897959184,0.32653061224489793,0.4883720930232558,0.6885245901639344,0.5714285714285714,86,42,0.4648648648648649,0.6885245901639344
0.7612244897959184,0.3469387755102041,0.4883720930232558,0.6885245901639344,0.5714285714285714,86,42,0.4648648648648649,0.6885245901639344
0.7612244897959184,0.36734693877551017,0.4883720930232558,0.6885245901639344,0.5714285714285714,86,42,0.4648648648648649,0.6885245901639344
0.7612244897959184,0.3877551020408163,0.4883720930232558,0.6885245901639344,0.5714285714285714,86,42,0.4648648648648649,0.6885245901639344
0.7612244897959184,0.4081632653061224,0.4883720930232558,0.6885245901639344,0.5714285714285714,86,42,0.4648648648648649,0.6885245901639344
0.7612244897959184,0.42857142857142855,0.4883720930232558,0.6885245901639344,0.5714285714285714,86,42,0.4648648648648649,0.6885245901639344
0.7612244897959184,0.44897959183673464,0.4883720930232558,0.6885245901639344,0.5714285714285714,86,42,0.4648648648648649,0.6885245901639344
0.7612244897959184,0.4693877551020408,0.4883720930232558,0.6885245901639344,0.5714285714285714,86,42,0.4648648648648649,0.6885245901639344
0.7612244897959184,0.4897959183673469,0.4883720930232558,0.6885245901639344,0.5714285714285714,86,42,0.4648648648648649,0.6885245901639344
0.7612244897959184,0.5102040816326531,0.4883720930232558,0.6885245901639344,0.5714285714285714,86,42,0.4648648648648649,0.6885245901639344
0.7612244897959184,0.5306122448979591,0.4883720930232558,0.6885245901639344,0.5714285714285714,86,42,0.4648648648648649,0.6885245901639344
0.7612244897959184,0.5510204081632653,0.4883720930232558,0.6885245901639344,0.5714285714285714,86,42,0.4648648648648649,0.6885245901639344
0.7612244897959184,0.5714285714285714,0.4883720930232558,0.6885245901639344,0.5714285714285714,86,42,0.4648648648648649,0.6885245901639344
0.7612244897959184,0.5918367346938775,0.4883720930232558,0.6885245901639344,0.5714285714285714,86,42,0.4648648648648649,0.6885245901639344
0.7612244897959184,0.6122448979591836,0.4883720930232558,0.6885245901639344,0.5714285714285714,86,42,0.4648648648648649,0.6885245901639344
0.7612244897959184,0.6326530612244897,0.4883720930232558,0.6885245901639344,0.5714285714285714,86,42,0.4648648648648649,0.6885245901639344
0.7612244897959184,0.6530612244897959,0.4883720930232558,0.6885245901639344,0.5714285714285714,86,42,0.4648648648648649,0.6885245901639344
0.7612244897959184,0.673469387755102,0.4883720930232558,0.6885245901639344,0.5714285714285714,86,42,0.4648648648648649,0.6885245901639344
0.7612244897959184,0.6938775510204082,0.4883720930232558,0.6885245901639344,0.5714285714285714,86,42,0.4648648648648649,0.6885245901639344
0.7612244897959184,0.7142857142857142,0.4883720930232558,0.6885245901639344,0.5714285714285714,86,42,0.4648648648648649,0.6885245901639344
0.7612244897959184,0.7346938775510203,0.4883720930232558,0.6885245901639344,0.5714285714285714,86,42,0.4648648648648649,0.6885245901639344
0.7612244897959184,0.7551020408163265,0.4883720930232558,0.6885245901639344,0.5714285714285714,86,42,0.4648648648648649,0.6885245901639344
0.7612244897959184,0.7755102040816326,0.4883720930232558,0.6885245901639344,0.5714285714285714,86,42,0.4648648648648649,0.6885245901639344
0.7612244897959184,0.7959183673469387,0.4883720930232558,0.6885245901639344,0.5714285714285714,86,42,0.4648648648648649,0.6885245901639344
0.7612244897959184,0.8163265306122448,0.4883720930232558,0.6885245901639344,0.5714285714285714,86,42,0.4648648648648649,0.6885245901639344
0.7612244897959184,0.836734693877551,0.4883720930232558,0.6885245901639344,0.5714285714285714,86,42,0.4648648648648649,0.6885245901639344
0.7612244897959184,0.8571428571428571,0.4883720930232558,0.6885245901639344,0.5714285714285714,86,42,0.4648648648648649,0.6885245901639344
0.7612244897959184,0.8775510204081632,0.4883720930232558,0.6885245901639344,0.5714285714285714,86,42,0.4648648648648649,0.6885245901639344
0.7612244897959184,0.8979591836734693,0.4883720930232558,0.6885245901639344,0.5714285714285714,86,42,0.4648648648648649,0.6885245901639344
0.7612244897959184,0.9183673469387754,0.4883720930232558,0.6885245901639344,0.5714285714285714,86,42,0.4648648648648649,0.6885245901639344
0.7612244897959184,0.9387755102040816,0.47,0.7704918032786885,0.5838509316770186,100,47,0.5405405405405406,0.7704918032786885
0.7612244897959184,0.9591836734693877,0.44642857142857145,0.819672131147541,0.5780346820809249,112,50,0.6054054054054054,0.819672131147541
0.7612244897959184,0.9795918367346939,0.453781512605042,0.8852459016393442,0.6,119,54,0.6432432432432432,0.8852459016393442
0.7612244897959184,1.0,0.32972972972972975,1.0,0.49593495934959353,185,61,1.0,1.0
0.7795918367346939,0.0,0.5362318840579711,0.6065573770491803,0.5692307692307692,69,37,0.372972972972973,0.6065573770491803
0.7795918367346939,0.02040816326530612,0.4883720930232558,0.6885245901639344,0.5714285714285714,86,42,0.4648648648648649,0.6885245901639344
0.7795918367346939,0.04081632653061224,0.4883720930232558,0.6885245901639344,0.5714285714285714,86,42,0.4648648648648649,0.6885245901639344
0.7795918367346939,0.061224489795918366,0.4883720930232558,0.6885245901639344,0.5714285714285714,86,42,0.4648648648648649,0.6885245901639344
0.7795918367346939,0.08163265306122448,0.4883720930232558,0.6885245901639344,0.5714285714285714,86,42,0.4648648648648649,0.6885245901639344
0.7795918367346939,0.1020408163265306,0.4883720930232558,0.6885245901639344,0.5714285714285714,86,42,0.4648648648648649,0.6885245901639344
0.7795918367346939,0.12244897959183673,0.4883720930232558,0.6885245901639344,0.5714285714285714,86,42,0.4648648648648649,0.6885245901639344
0.7795918367346939,0.14285714285714285,0.4883720930232558,0.6885245901639344,0.5714285714285714,86,42,0.4648648648648649,0.6885245901639344
0.7795918367346939,0.16326530612244897,0.4883720930232558,0.6885245901639344,0.5714285714285714,86,42,0.4648648648648649,0.6885245901639344
0.7795918367346939,0.18367346938775508,0.4883720930232558,0.6885245901639344,0.5714285714285714,86,42,0.4648648648648649,0.6885245901639344
0.7795918367346939,0.2040816326530612,0.4883720930232558,0.6885245901639344,0.5714285714285714,86,42,0.4648648648648649,0.6885245901639344
0.7795918367346939,0.22448979591836732,0.4883720930232558,0.6885245901639344,0.5714285714285714,86,42,0.4648648648648649,0.6885245901639344
0.7795918367346939,0.24489795918367346,0.4883720930232558,0.6885245901639344,0.5714285714285714,86,42,0.4648648648648649,0.6885245901639344
0.7795918367346939,0.26530612244897955,0.4883720930232558,0.6885245901639344,0.5714285714285714,86,42,0.4648648648648649,0.6885245901639344
0.7795918367346939,0.2857142857142857,0.4883720930232558,0.6885245901639344,0.5714285714285714,86,42,0.4648648648648649,0.6885245901639344
0.7795918367346939,0.3061224489795918,0.4883720930232558,0.6885245901639344,0.5714285714285714,86,42,0.4648648648648649,0.6885245901639344
0.7795918367346939,0.32653061224489793,0.4883720930232558,0.6885245901639344,0.5714285714285714,86,42,0.4648648648648649,0.6885245901639344
0.7795918367346939,0.3469387755102041,0.4883720930232558,0.6885245901639344,0.5714285714285714,86,42,0.4648648648648649,0.6885245901639344
0.7795918367346939,0.36734693877551017,0.4883720930232558,0.6885245901639344,0.5714285714285714,86,42,0.4648648648648649,0.6885245901639344
0.7795918367346939,0.3877551020408163,0.4883720930232558,0.6885245901639344,0.5714285714285714,86,42,0.4648648648648649,0.6885245901639344
0.7795918367346939,0.4081632653061224,0.4883720930232558,0.6885245901639344,0.5714285714285714,86,42,0.4648648648648649,0.6885245901639344
0.7795918367346939,0.42857142857142855,0.4883720930232558,0.6885245901639344,0.5714285714285714,86,42,0.4648648648648649,0.6885245901639344
0.7795918367346939,0.44897959183673464,0.4883720930232558,0.6885245901639344,0.5714285714285714,86,42,0.4648648648648649,0.6885245901639344
0.7795918367346939,0.4693877551020408,0.4883720930232558,0.6885245901639344,0.5714285714285714,86,42,0.4648648648648649,0.6885245901639344
0.7795918367346939,0.4897959183673469,0.4883720930232558,0.6885245901639344,0.5714285714285714,86,42,0.4648648648648649,0.6885245901639344
0.7795918367346939,0.5102040816326531,0.4883720930232558,0.6885245901639344,0.5714285714285714,86,42,0.4648648648648649,0.6885245901639344
0.7795918367346939,0.5306122448979591,0.4883720930232558,0.6885245901639344,0.5714285714285714,86,42,0.4648648648648649,0.6885245901639344
0.7795918367346939,0.5510204081632653,0.4883720930232558,0.6885245901639344,0.5714285714285714,86,42,0.4648648648648649,0.6885245901639344
0.7795918367346939,0.5714285714285714,0.4883720930232558,0.6885245901639344,0.5714285714285714,86,42,0.4648648648648649,0.6885245901639344
0.7795918367346939,0.5918367346938775,0.4883720930232558,0.6885245901639344,0.5714285714285714,86,42,0.4648648648648649,0.6885245901639344
0.7795918367346939,0.6122448979591836,0.4883720930232558,0.6885245901639344,0.5714285714285714,86,42,0.4648648648648649,0.6885245901639344
0.7795918367346939,0.6326530612244897,0.4883720930232558,0.6885245901639344,0.5714285714285714,86,42,0.4648648648648649,0.6885245901639344
0.7795918367346939,0.6530612244897959,0.4883720930232558,0.6885245901639344,0.5714285714285714,86,42,0.4648648648648649,0.6885245901639344
0.7795918367346939,0.673469387755102,0.4883720930232558,0.6885245901639344,0.5714285714285714,86,42,0.4648648648648649,0.6885245901639344
0.7795918367346939,0.6938775510204082,0.4883720930232558,0.6885245901639344,0.5714285714285714,86,42,0.4648648648648649,0.6885245901639344
0.7795918367346939,0.7142857142857142,0.4883720930232558,0.6885245901639344,0.5714285714285714,86,42,0.4648648648648649,0.6885245901639344
0.7795918367346939,0.7346938775510203,0.4883720930232558,0.6885245901639344,0.5714285714285714,86,42,0.4648648648648649,0.6885245901639344
0.7795918367346939,0.7551020408163265,0.4883720930232558,0.6885245901639344,0.5714285714285714,86,42,0.4648648648648649,0.6885245901639344
0.7795918367346939,0.7755102040816326,0.4883720930232558,0.6885245901639344,0.5714285714285714,86,42,0.4648648648648649,0.6885245901639344
0.7795918367346939,0.7959183673469387,0.4883720930232558,0.6885245901639344,0.5714285714285714,86,42,0.4648648648648649,0.6885245901639344
0.7795918367346939,0.8163265306122448,0.4883720930232558,0.6885245901639344,0.5714285714285714,86,42,0.4648648648648649,0.6885245901639344
0.7795918367346939,0.836734693877551,0.4883720930232558,0.6885245901639344,0.5714285714285714,86,42,0.4648648648648649,0.6885245901639344
0.7795918367346939,0.8571428571428571,0.4883720930232558,0.6885245901639344,0.5714285714285714,86,42,0.4648648648648649,0.6885245901639344
0.7795918367346939,0.8775510204081632,0.4883720930232558,0.6885245901639344,0.5714285714285714,86,42,0.4648648648648649,0.6885245901639344
0.7795918367346939,0.8979591836734693,0.4883720930232558,0.6885245901639344,0.5714285714285714,86,42,0.4648648648648649,0.6885245901639344
0.7795918367346939,0.9183673469387754,0.4883720930232558,0.6885245901639344,0.5714285714285714,86,42,0.4648648648648649,0.6885245901639344
0.7795918367346939,0.9387755102040816,0.47,0.7704918032786885,0.5838509316770186,100,47,0.5405405405405406,0.7704918032786885
0.7795918367346939,0.9591836734693877,0.44642857142857145,0.819672131147541,0.5780346820809249,112,50,0.6054054054054054,0.819672131147541
0.7795918367346939,0.9795918367346939,0.453781512605042,0.8852459016393442,0.6,119,54,0.6432432432432432,0.8852459016393442
0.7795918367346939,1.0,0.32972972972972975,1.0,0.49593495934959353,185,61,1.0,1.0
0.7979591836734694,0.0,0.5362318840579711,0.6065573770491803,0.5692307692307692,69,37,0.372972972972973,0.6065573770491803
0.7979591836734694,0.02040816326530612,0.4883720930232558,0.6885245901639344,0.5714285714285714,86,42,0.4648648648648649,0.6885245901639344
0.7979591836734694,0.04081632653061224,0.4883720930232558,0.6885245901639344,0.5714285714285714,86,42,0.4648648648648649,0.6885245901639344
0.7979591836734694,0.061224489795918366,0.4883720930232558,0.6885245901639344,0.5714285714285714,86,42,0.4648648648648649,0.6885245901639344
0.7979591836734694,0.08163265306122448,0.4883720930232558,0.6885245901639344,0.5714285714285714,86,42,0.4648648648648649,0.6885245901639344
0.7979591836734694,0.1020408163265306,0.4883720930232558,0.6885245901639344,0.5714285714285714,86,42,0.4648648648648649,0.6885245901639344
0.7979591836734694,0.12244897959183673,0.4883720930232558,0.6885245901639344,0.5714285714285714,86,42,0.4648648648648649,0.6885245901639344
0.7979591836734694,0.14285714285714285,0.4883720930232558,0.6885245901639344,0.5714285714285714,86,42,0.4648648648648649,0.6885245901639344
0.7979591836734694,0.16326530612244897,0.4883720930232558,0.6885245901639344,0.5714285714285714,86,42,0.4648648648648649,0.6885245901639344
0.7979591836734694,0.18367346938775508,0.4883720930232558,0.6885245901639344,0.5714285714285714,86,42,0.4648648648648649,0.6885245901639344
0.7979591836734694,0.2040816326530612,0.4883720930232558,0.6885245901639344,0.5714285714285714,86,42,0.4648648648648649,0.6885245901639344
0.7979591836734694,0.22448979591836732,0.4883720930232558,0.6885245901639344,0.5714285714285714,86,42,0.4648648648648649,0.6885245901639344
0.7979591836734694,0.24489795918367346,0.4883720930232558,0.6885245901639344,0.5714285714285714,86,42,0.4648648648648649,0.6885245901639344
0.7979591836734694,0.26530612244897955,0.4883720930232558,0.6885245901639344,0.5714285714285714,86,42,0.4648648648648649,0.6885245901639344
0.7979591836734694,0.2857142857142857,0.4883720930232558,0.6885245901639344,0.5714285714285714,86,42,0.4648648648648649,0.6885245901639344
0.7979591836734694,0.3061224489795918,0.4883720930232558,0.6885245901639344,0.5714285714285714,86,42,0.4648648648648649,0.6885245901639344
0.7979591836734694,0.32653061224489793,0.4883720930232558,0.6885245901639344,0.5714285714285714,86,42,0.4648648648648649,0.6885245901639344
0.7979591836734694,0.3469387755102041,0.4883720930232558,0.6885245901639344,0.5714285714285714,86,42,0.4648648648648649,0.6885245901639344
0.7979591836734694,0.36734693877551017,0.4883720930232558,0.6885245901639344,0.5714285714285714,86,42,0.4648648648648649,0.6885245901639344
0.7979591836734694,0.3877551020408163,0.4883720930232558,0.6885245901639344,0.5714285714285714,86,42,0.4648648648648649,0.6885245901639344
0.7979591836734694,0.4081632653061224,0.4883720930232558,0.6885245901639344,0.5714285714285714,86,42,0.4648648648648649,0.6885245901639344
0.7979591836734694,0.42857142857142855,0.4883720930232558,0.6885245901639344,0.5714285714285714,86,42,0.4648648648648649,0.6885245901639344
0.7979591836734694,0.44897959183673464,0.4883720930232558,0.6885245901639344,0.5714285714285714,86,42,0.4648648648648649,0.6885245901639344
0.7979591836734694,0.4693877551020408,0.4883720930232558,0.6885245901639344,0.5714285714285714,86,42,0.4648648648648649,0.6885245901639344
0.7979591836734694,0.4897959183673469,0.4883720930232558,0.6885245901639344,0.5714285714285714,86,42,0.4648648648648649,0.6885245901639344
0.7979591836734694,0.5102040816326531,0.4883720930232558,0.6885245901639344,0.5714285714285714,86,42,0.4648648648648649,0.6885245901639344
0.7979591836734694,0.5306122448979591,0.4883720930232558,0.6885245901639344,0.5714285714285714,86,42,0.4648648648648649,0.6885245901639344
0.7979591836734694,0.5510204081632653,0.4883720930232558,0.6885245901639344,0.5714285714285714,86,42,0.4648648648648649,0.6885245901639344
0.7979591836734694,0.5714285714285714,0.4883720930232558,0.6885245901639344,0.5714285714285714,86,42,0.4648648648648649,0.6885245901639344
0.7979591836734694,0.5918367346938775,0.4883720930232558,0.6885245901639344,0.5714285714285714,86,42,0.4648648648648649,0.6885245901639344
0.7979591836734694,0.6122448979591836,0.4883720930232558,0.6885245901639344,0.5714285714285714,86,42,0.4648648648648649,0.6885245901639344
0.7979591836734694,0.6326530612244897,0.4883720930232558,0.6885245901639344,0.5714285714285714,86,42,0.4648648648648649,0.6885245901639344
0.7979591836734694,0.6530612244897959,0.4883720930232558,0.6885245901639344,0.5714285714285714,86,42,0.4648648648648649,0.6885245901639344
0.7979591836734694,0.673469387755102,0.4883720930232558,0.6885245901639344,0.5714285714285714,86,42,0.4648648648648649,0.6885245901639344
0.7979591836734694,0.6938775510204082,0.4883720930232558,0.6885245901639344,0.5714285714285714,86,42,0.4648648648648649,0.6885245901639344
0.7979591836734694,0.7142857142857142,0.4883720930232558,0.6885245901639344,0.5714285714285714,86,42,0.4648648648648649,0.6885245901639344
0.7979591836734694,0.7346938775510203,0.4883720930232558,0.6885245901639344,0.5714285714285714,86,42,0.4648648648648649,0.6885245901639344
0.7979591836734694,0.7551020408163265,0.4883720930232558,0.6885245901639344,0.5714285714285714,86,42,0.4648648648648649,0.6885245901639344
0.7979591836734694,0.7755102040816326,0.4883720930232558,0.6885245901639344,0.5714285714285714,86,42,0.4648648648648649,0.6885245901639344
0.7979591836734694,0.7959183673469387,0.4883720930232558,0.6885245901639344,0.5714285714285714,86,42,0.4648648648648649,0.6885245901639344
0.7979591836734694,0.8163265306122448,0.4883720930232558,0.6885245901639344,0.5714285714285714,86,42,0.4648648648648649,0.6885245901639344
0.7979591836734694,0.836734693877551,0.4883720930232558,0.6885245901639344,0.5714285714285714,86,42,0.4648648648648649,0.6885245901639344
0.7979591836734694,0.8571428571428571,0.4883720930232558,0.6885245901639344,0.5714285714285714,86,42,0.4648648648648649,0.6885245901639344
0.7979591836734694,0.8775510204081632,0.4883720930232558,0.6885245901639344,0.5714285714285714,86,42,0.4648648648648649,0.6885245901639344
0.7979591836734694,0.8979591836734693,0.4883720930232558,0.6885245901639344,0.5714285714285714,86,42,0.4648648648648649,0.6885245901639344
0.7979591836734694,0.9183673469387754,0.4883720930232558,0.6885245901639344,0.5714285714285714,86,42,0.4648648648648649,0.6885245901639344
0.7979591836734694,0.9387755102040816,0.47,0.7704918032786885,0.5838509316770186,100,47,0.5405405405405406,0.7704918032786885
0.7979591836734694,0.9591836734693877,0.44642857142857145,0.819672131147541,0.5780346820809249,112,50,0.6054054054054054,0.819672131147541
0.7979591836734694,0.9795918367346939,0.453781512605042,0.8852459016393442,0.6,119,54,0.6432432432432432,0.8852459016393442
0.7979591836734694,1.0,0.32972972972972975,1.0,0.49593495934959353,185,61,1.0,1.0
0.8163265306122449,0.0,0.5362318840579711,0.6065573770491803,0.5692307692307692,69,37,0.372972972972973,0.6065573770491803
0.8163265306122449,0.02040816326530612,0.4883720930232558,0.6885245901639344,0.5714285714285714,86,42,0.4648648648648649,0.6885245901639344
0.8163265306122449,0.04081632653061224,0.4883720930232558,0.6885245901639344,0.5714285714285714,86,42,0.4648648648648649,0.6885245901639344
0.8163265306122449,0.061224489795918366,0.4883720930232558,0.6885245901639344,0.5714285714285714,86,42,0.4648648648648649,0.6885245901639344
0.8163265306122449,0.08163265306122448,0.4883720930232558,0.6885245901639344,0.5714285714285714,86,42,0.4648648648648649,0.6885245901639344
0.8163265306122449,0.1020408163265306,0.4883720930232558,0.6885245901639344,0.5714285714285714,86,42,0.4648648648648649,0.6885245901639344
0.8163265306122449,0.12244897959183673,0.4883720930232558,0.6885245901639344,0.5714285714285714,86,42,0.4648648648648649,0.6885245901639344
0.8163265306122449,0.14285714285714285,0.4883720930232558,0.6885245901639344,0.5714285714285714,86,42,0.4648648648648649,0.6885245901639344
0.8163265306122449,0.16326530612244897,0.4883720930232558,0.6885245901639344,0.5714285714285714,86,42,0.4648648648648649,0.6885245901639344
0.8163265306122449,0.18367346938775508,0.4883720930232558,0.6885245901639344,0.5714285714285714,86,42,0.4648648648648649,0.6885245901639344
0.8163265306122449,0.2040816326530612,0.4883720930232558,0.6885245901639344,0.5714285714285714,86,42,0.4648648648648649,0.6885245901639344
0.8163265306122449,0.22448979591836732,0.4883720930232558,0.6885245901639344,0.5714285714285714,86,42,0.4648648648648649,0.6885245901639344
0.8163265306122449,0.24489795918367346,0.4883720930232558,0.6885245901639344,0.5714285714285714,86,42,0.4648648648648649,0.6885245901639344
0.8163265306122449,0.26530612244897955,0.4883720930232558,0.6885245901639344,0.5714285714285714,86,42,0.4648648648648649,0.6885245901639344
0.8163265306122449,0.2857142857142857,0.4883720930232558,0.6885245901639344,0.5714285714285714,86,42,0.4648648648648649,0.6885245901639344
0.8163265306122449,0.3061224489795918,0.4883720930232558,0.6885245901639344,0.5714285714285714,86,42,0.4648648648648649,0.6885245901639344
0.8163265306122449,0.32653061224489793,0.4883720930232558,0.6885245901639344,0.5714285714285714,86,42,0.4648648648648649,0.6885245901639344
0.8163265306122449,0.3469387755102041,0.4883720930232558,0.6885245901639344,0.5714285714285714,86,42,0.4648648648648649,0.6885245901639344
0.8163265306122449,0.36734693877551017,0.4883720930232558,0.6885245901639344,0.5714285714285714,86,42,0.4648648648648649,0.6885245901639344
0.8163265306122449,0.3877551020408163,0.4883720930232558,0.6885245901639344,0.5714285714285714,86,42,0.4648648648648649,0.6885245901639344
0.8163265306122449,0.4081632653061224,0.4883720930232558,0.6885245901639344,0.5714285714285714,86,42,0.4648648648648649,0.6885245901639344
0.8163265306122449,0.42857142857142855,0.4883720930232558,0.6885245901639344,0.5714285714285714,86,42,0.4648648648648649,0.6885245901639344
0.8163265306122449,0.44897959183673464,0.4883720930232558,0.6885245901639344,0.5714285714285714,86,42,0.4648648648648649,0.6885245901639344
0.8163265306122449,0.4693877551020408,0.4883720930232558,0.6885245901639344,0.5714285714285714,86,42,0.4648648648648649,0.6885245901639344
0.8163265306122449,0.4897959183673469,0.4883720930232558,0.6885245901639344,0.5714285714285714,86,42,0.4648648648648649,0.6885245901639344
0.8163265306122449,0.5102040816326531,0.4883720930232558,0.6885245901639344,0.5714285714285714,86,42,0.4648648648648649,0.6885245901639344
0.8163265306122449,0.5306122448979591,0.4883720930232558,0.6885245901639344,0.5714285714285714,86,42,0.4648648648648649,0.6885245901639344
0.8163265306122449,0.5510204081632653,0.4883720930232558,0.6885245901639344,0.5714285714285714,86,42,0.4648648648648649,0.6885245901639344
0.8163265306122449,0.5714285714285714,0.4883720930232558,0.6885245901639344,0.5714285714285714,86,42,0.4648648648648649,0.6885245901639344
0.8163265306122449,0.5918367346938775,0.4883720930232558,0.6885245901639344,0.5714285714285714,86,42,0.4648648648648649,0.6885245901639344
0.8163265306122449,0.6122448979591836,0.4883720930232558,0.6885245901639344,0.5714285714285714,86,42,0.4648648648648649,0.6885245901639344
0.8163265306122449,0.6326530612244897,0.4883720930232558,0.6885245901639344,0.5714285714285714,86,42,0.4648648648648649,0.6885245901639344
0.8163265306122449,0.6530612244897959,0.4883720930232558,0.6885245901639344,0.5714285714285714,86,42,0.4648648648648649,0.6885245901639344
0.8163265306122449,0.673469387755102,0.4883720930232558,0.6885245901639344,0.5714285714285714,86,42,0.4648648648648649,0.6885245901639344
0.8163265306122449,0.6938775510204082,0.4883720930232558,0.6885245901639344,0.5714285714285714,86,42,0.4648648648648649,0.6885245901639344
0.8163265306122449,0.7142857142857142,0.4883720930232558,0.6885245901639344,0.5714285714285714,86,42,0.4648648648648649,0.6885245901639344
0.8163265306122449,0.7346938775510203,0.4883720930232558,0.6885245901639344,0.5714285714285714,86,42,0.4648648648648649,0.6885245901639344
0.8163265306122449,0.7551020408163265,0.4883720930232558,0.6885245901639344,0.5714285714285714,86,42,0.4648648648648649,0.6885245901639344
0.8163265306122449,0.7755102040816326,0.4883720930232558,0.6885245901639344,0.5714285714285714,86,42,0.4648648648648649,0.6885245901639344
0.8163265306122449,0.7959183673469387,0.4883720930232558,0.6885245901639344,0.5714285714285714,86,42,0.4648648648648649,0.6885245901639344
0.8163265306122449,0.8163265306122448,0.4883720930232558,0.6885245901639344,0.5714285714285714,86,42,0.4648648648648649,0.6885245901639344
0.8163265306122449,0.836734693877551,0.4883720930232558,0.6885245901639344,0.5714285714285714,86,42,0.4648648648648649,0.6885245901639344
0.8163265306122449,0.8571428571428571,0.4883720930232558,0.6885245901639344,0.5714285714285714,86,42,0.4648648648648649,0.6885245901639344
0.8163265306122449,0.8775510204081632,0.4883720930232558,0.6885245901639344,0.5714285714285714,86,42,0.4648648648648649,0.6885245901639344
0.8163265306122449,0.8979591836734693,0.4883720930232558,0.6885245901639344,0.5714285714285714,86,42,0.4648648648648649,0.6885245901639344
0.8163265306122449,0.9183673469387754,0.4883720930232558,0.6885245901639344,0.5714285714285714,86,42,0.4648648648648649,0.6885245901639344
0.8163265306122449,0.9387755102040816,0.47,0.7704918032786885,0.5838509316770186,100,47,0.5405405405405406,0.7704918032786885
0.8163265306122449,0.9591836734693877,0.44642857142857145,0.819672131147541,0.5780346820809249,112,50,0.6054054054054054,0.819672131147541
0.8163265306122449,0.9795918367346939,0.453781512605042,0.8852459016393442,0.6,119,54,0.6432432432432432,0.8852459016393442
0.8163265306122449,1.0,0.32972972972972975,1.0,0.49593495934959353,185,61,1.0,1.0
0.8346938775510204,0.0,0.5362318840579711,0.6065573770491803,0.5692307692307692,69,37,0.372972972972973,0.6065573770491803
0.8346938775510204,0.02040816326530612,0.4883720930232558,0.6885245901639344,0.5714285714285714,86,42,0.4648648648648649,0.6885245901639344
0.8346938775510204,0.04081632653061224,0.4883720930232558,0.6885245901639344,0.5714285714285714,86,42,0.4648648648648649,0.6885245901639344
0.8346938775510204,0.061224489795918366,0.4883720930232558,0.6885245901639344,0.5714285714285714,86,42,0.4648648648648649,0.6885245901639344
0.8346938775510204,0.08163265306122448,0.4883720930232558,0.6885245901639344,0.5714285714285714,86,42,0.4648648648648649,0.6885245901639344
0.8346938775510204,0.1020408163265306,0.4883720930232558,0.6885245901639344,0.5714285714285714,86,42,0.4648648648648649,0.6885245901639344
0.8346938775510204,0.12244897959183673,0.4883720930232558,0.6885245901639344,0.5714285714285714,86,42,0.4648648648648649,0.6885245901639344
0.8346938775510204,0.14285714285714285,0.4883720930232558,0.6885245901639344,0.5714285714285714,86,42,0.4648648648648649,0.6885245901639344
0.8346938775510204,0.16326530612244897,0.4883720930232558,0.6885245901639344,0.5714285714285714,86,42,0.4648648648648649,0.6885245901639344
0.8346938775510204,0.18367346938775508,0.4883720930232558,0.6885245901639344,0.5714285714285714,86,42,0.4648648648648649,0.6885245901639344
0.8346938775510204,0.2040816326530612,0.4883720930232558,0.6885245901639344,0.5714285714285714,86,42,0.4648648648648649,0.6885245901639344
0.8346938775510204,0.22448979591836732,0.4883720930232558,0.6885245901639344,0.5714285714285714,86,42,0.4648648648648649,0.6885245901639344
0.8346938775510204,0.24489795918367346,0.4883720930232558,0.6885245901639344,0.5714285714285714,86,42,0.4648648648648649,0.6885245901639344
0.8346938775510204,0.26530612244897955,0.4883720930232558,0.6885245901639344,0.5714285714285714,86,42,0.4648648648648649,0.6885245901639344
0.8346938775510204,0.2857142857142857,0.4883720930232558,0.6885245901639344,0.5714285714285714,86,42,0.4648648648648649,0.6885245901639344
0.8346938775510204,0.3061224489795918,0.4883720930232558,0.6885245901639344,0.5714285714285714,86,42,0.4648648648648649,0.6885245901639344
0.8346938775510204,0.32653061224489793,0.4883720930232558,0.6885245901639344,0.5714285714285714,86,42,0.4648648648648649,0.6885245901639344
0.8346938775510204,0.3469387755102041,0.4883720930232558,0.6885245901639344,0.5714285714285714,86,42,0.4648648648648649,0.6885245901639344
0.8346938775510204,0.36734693877551017,0.4883720930232558,0.6885245901639344,0.5714285714285714,86,42,0.4648648648648649,0.6885245901639344
0.8346938775510204,0.3877551020408163,0.4883720930232558,0.6885245901639344,0.5714285714285714,86,42,0.4648648648648649,0.6885245901639344
0.8346938775510204,0.4081632653061224,0.4883720930232558,0.6885245901639344,0.5714285714285714,86,42,0.4648648648648649,0.6885245901639344
0.8346938775510204,0.42857142857142855,0.4883720930232558,0.6885245901639344,0.5714285714285714,86,42,0.4648648648648649,0.6885245901639344
0.8346938775510204,0.44897959183673464,0.4883720930232558,0.6885245901639344,0.5714285714285714,86,42,0.4648648648648649,0.6885245901639344
0.8346938775510204,0.4693877551020408,0.4883720930232558,0.6885245901639344,0.5714285714285714,86,42,0.4648648648648649,0.6885245901639344
0.8346938775510204,0.4897959183673469,0.4883720930232558,0.6885245901639344,0.5714285714285714,86,42,0.4648648648648649,0.6885245901639344
0.8346938775510204,0.5102040816326531,0.4883720930232558,0.6885245901639344,0.5714285714285714,86,42,0.4648648648648649,0.6885245901639344
0.8346938775510204,0.5306122448979591,0.4883720930232558,0.6885245901639344,0.5714285714285714,86,42,0.4648648648648649,0.6885245901639344
0.8346938775510204,0.5510204081632653,0.4883720930232558,0.6885245901639344,0.5714285714285714,86,42,0.4648648648648649,0.6885245901639344
0.8346938775510204,0.5714285714285714,0.4883720930232558,0.6885245901639344,0.5714285714285714,86,42,0.4648648648648649,0.6885245901639344
0.8346938775510204,0.5918367346938775,0.4883720930232558,0.6885245901639344,0.5714285714285714,86,42,0.4648648648648649,0.6885245901639344
0.8346938775510204,0.6122448979591836,0.4883720930232558,0.6885245901639344,0.5714285714285714,86,42,0.4648648648648649,0.6885245901639344
0.8346938775510204,0.6326530612244897,0.4883720930232558,0.6885245901639344,0.5714285714285714,86,42,0.4648648648648649,0.6885245901639344
0.8346938775510204,0.6530612244897959,0.4883720930232558,0.6885245901639344,0.5714285714285714,86,42,0.4648648648648649,0.6885245901639344
0.8346938775510204,0.673469387755102,0.4883720930232558,0.6885245901639344,0.5714285714285714,86,42,0.4648648648648649,0.6885245901639344
0.8346938775510204,0.6938775510204082,0.4883720930232558,0.6885245901639344,0.5714285714285714,86,42,0.4648648648648649,0.6885245901639344
0.8346938775510204,0.7142857142857142,0.4883720930232558,0.6885245901639344,0.5714285714285714,86,42,0.4648648648648649,0.6885245901639344
0.8346938775510204,0.7346938775510203,0.4883720930232558,0.6885245901639344,0.5714285714285714,86,42,0.4648648648648649,0.6885245901639344
0.8346938775510204,0.7551020408163265,0.4883720930232558,0.6885245901639344,0.5714285714285714,86,42,0.4648648648648649,0.6885245901639344
0.8346938775510204,0.7755102040816326,0.4883720930232558,0.6885245901639344,0.5714285714285714,86,42,0.4648648648648649,0.6885245901639344
0.8346938775510204,0.7959183673469387,0.4883720930232558,0.6885245901639344,0.5714285714285714,86,42,0.4648648648648649,0.6885245901639344
0.8346938775510204,0.8163265306122448,0.4883720930232558,0.6885245901639344,0.5714285714285714,86,42,0.4648648648648649,0.6885245901639344
0.8346938775510204,0.836734693877551,0.4883720930232558,0.6885245901639344,0.5714285714285714,86,42,0.4648648648648649,0.6885245901639344
0.8346938775510204,0.8571428571428571,0.4883720930232558,0.6885245901639344,0.5714285714285714,86,42,0.4648648648648649,0.6885245901639344
0.8346938775510204,0.8775510204081632,0.4883720930232558,0.6885245901639344,0.5714285714285714,86,42,0.4648648648648649,0.6885245901639344
0.8346938775510204,0.8979591836734693,0.4883720930232558,0.6885245901639344,0.5714285714285714,86,42,0.4648648648648649,0.6885245901639344
0.8346938775510204,0.9183673469387754,0.4883720930232558,0.6885245901639344,0.5714285714285714,86,42,0.4648648648648649,0.6885245901639344
0.8346938775510204,0.9387755102040816,0.47,0.7704918032786885,0.5838509316770186,100,47,0.5405405405405406,0.7704918032786885
0.8346938775510204,0.9591836734693877,0.44642857142857145,0.819672131147541,0.5780346820809249,112,50,0.6054054054054054,0.819672131147541
0.8346938775510204,0.9795918367346939,0.32972972972972975,1.0,0.49593495934959353,185,61,1.0,1.0
0.8346938775510204,1.0,0.32972972972972975,1.0,0.49593495934959353,185,61,1.0,1.0
0.8530612244897959,0.0,0.5362318840579711,0.6065573770491803,0.5692307692307692,69,37,0.372972972972973,0.6065573770491803
0.8530612244897959,0.02040816326530612,0.4883720930232558,0.6885245901639344,0.5714285714285714,86,42,0.4648648648648649,0.6885245901639344
0.8530612244897959,0.04081632653061224,0.4883720930232558,0.6885245901639344,0.5714285714285714,86,42,0.4648648648648649,0.6885245901639344
0.8530612244897959,0.061224489795918366,0.4883720930232558,0.6885245901639344,0.5714285714285714,86,42,0.4648648648648649,0.6885245901639344
0.8530612244897959,0.08163265306122448,0.4883720930232558,0.6885245901639344,0.5714285714285714,86,42,0.4648648648648649,0.6885245901639344
0.8530612244897959,0.1020408163265306,0.4883720930232558,0.6885245901639344,0.5714285714285714,86,42,0.4648648648648649,0.6885245901639344
0.8530612244897959,0.12244897959183673,0.4883720930232558,0.6885245901639344,0.5714285714285714,86,42,0.4648648648648649,0.6885245901639344
0.8530612244897959,0.14285714285714285,0.4883720930232558,0.6885245901639344,0.5714285714285714,86,42,0.4648648648648649,0.6885245901639344
0.8530612244897959,0.16326530612244897,0.4883720930232558,0.6885245901639344,0.5714285714285714,86,42,0.4648648648648649,0.6885245901639344
0.8530612244897959,0.18367346938775508,0.4883720930232558,0.6885245901639344,0.5714285714285714,86,42,0.4648648648648649,0.6885245901639344
0.8530612244897959,0.2040816326530612,0.4883720930232558,0.6885245901639344,0.5714285714285714,86,42,0.4648648648648649,0.6885245901639344
0.8530612244897959,0.22448979591836732,0.4883720930232558,0.6885245901639344,0.5714285714285714,86,42,0.4648648648648649,0.6885245901639344
0.8530612244897959,0.24489795918367346,0.4883720930232558,0.6885245901639344,0.5714285714285714,86,42,0.4648648648648649,0.6885245901639344
0.8530612244897959,0.26530612244897955,0.4883720930232558,0.6885245901639344,0.5714285714285714,86,42,0.4648648648648649,0.6885245901639344
0.8530612244897959,0.2857142857142857,0.4883720930232558,0.6885245901639344,0.5714285714285714,86,42,0.4648648648648649,0.6885245901639344
0.8530612244897959,0.3061224489795918,0.4883720930232558,0.6885245901639344,0.5714285714285714,86,42,0.4648648648648649,0.6885245901639344
0.8530612244897959,0.32653061224489793,0.4883720930232558,0.6885245901639344,0.5714285714285714,86,42,0.4648648648648649,0.6885245901639344
0.8530612244897959,0.3469387755102041,0.4883720930232558,0.6885245901639344,0.5714285714285714,86,42,0.4648648648648649,0.6885245901639344
0.8530612244897959,0.36734693877551017,0.4883720930232558,0.6885245901639344,0.5714285714285714,86,42,0.4648648648648649,0.6885245901639344
0.8530612244897959,0.3877551020408163,0.4883720930232558,0.6885245901639344,0.5714285714285714,86,42,0.4648648648648649,0.6885245901639344
0.8530612244897959,0.4081632653061224,0.4883720930232558,0.6885245901639344,0.5714285714285714,86,42,0.4648648648648649,0.6885245901639344
0.8530612244897959,0.42857142857142855,0.4883720930232558,0.6885245901639344,0.5714285714285714,86,42,0.4648648648648649,0.6885245901639344
0.8530612244897959,0.44897959183673464,0.4883720930232558,0.6885245901639344,0.5714285714285714,86,42,0.4648648648648649,0.6885245901639344
0.8530612244897959,0.4693877551020408,0.4883720930232558,0.6885245901639344,0.5714285714285714,86,42,0.4648648648648649,0.6885245901639344
0.8530612244897959,0.4897959183673469,0.4883720930232558,0.6885245901639344,0.5714285714285714,86,42,0.4648648648648649,0.6885245901639344
0.8530612244897959,0.5102040816326531,0.4883720930232558,0.6885245901639344,0.5714285714285714,86,42,0.4648648648648649,0.6885245901639344
0.8530612244897959,0.5306122448979591,0.4883720930232558,0.6885245901639344,0.5714285714285714,86,42,0.4648648648648649,0.6885245901639344
0.8530612244897959,0.5510204081632653,0.4883720930232558,0.6885245901639344,0.5714285714285714,86,42,0.4648648648648649,0.6885245901639344
0.8530612244897959,0.5714285714285714,0.4883720930232558,0.6885245901639344,0.5714285714285714,86,42,0.4648648648648649,0.6885245901639344
0.8530612244897959,0.5918367346938775,0.4883720930232558,0.6885245901639344,0.5714285714285714,86,42,0.4648648648648649,0.6885245901639344
0.8530612244897959,0.6122448979591836,0.4883720930232558,0.6885245901639344,0.5714285714285714,86,42,0.4648648648648649,0.6885245901639344
0.8530612244897959,0.6326530612244897,0.4883720930232558,0.6885245901639344,0.5714285714285714,86,42,0.4648648648648649,0.6885245901639344
0.8530612244897959,0.6530612244897959,0.4883720930232558,0.6885245901639344,0.5714285714285714,86,42,0.4648648648648649,0.6885245901639344
0.8530612244897959,0.673469387755102,0.4883720930232558,0.6885245901639344,0.5714285714285714,86,42,0.4648648648648649,0.6885245901639344
0.8530612244897959,0.6938775510204082,0.4883720930232558,0.6885245901639344,0.5714285714285714,86,42,0.4648648648648649,0.6885245901639344
0.8530612244897959,0.7142857142857142,0.4883720930232558,0.6885245901639344,0.5714285714285714,86,42,0.4648648648648649,0.6885245901639344
0.8530612244897959,0.7346938775510203,0.4883720930232558,0.6885245901639344,0.5714285714285714,86,42,0.4648648648648649,0.6885245901639344
0.8530612244897959,0.7551020408163265,0.4883720930232558,0.6885245901639344,0.5714285714285714,86,42,0.4648648648648649,0.6885245901639344
0.8530612244897959,0.7755102040816326,0.4883720930232558,0.6885245901639344,0.5714285714285714,86,42,0.4648648648648649,0.6885245901639344
0.8530612244897959,0.7959183673469387,0.4883720930232558,0.6885245901639344,0.5714285714285714,86,42,0.4648648648648649,0.6885245901639344
0.8530612244897959,0.8163265306122448,0.4883720930232558,0.6885245901639344,0.5714285714285714,86,42,0.4648648648648649,0.6885245901639344
0.8530612244897959,0.836734693877551,0.4883720930232558,0.6885245901639344,0.5714285714285714,86,42,0.4648648648648649,0.6885245901639344
0.8530612244897959,0.8571428571428571,0.4883720930232558,0.6885245901639344,0.5714285714285714,86,42,0.4648648648648649,0.6885245901639344
0.8530612244897959,0.8775510204081632,0.4883720930232558,0.6885245901639344,0.5714285714285714,86,42,0.4648648648648649,0.6885245901639344
0.8530612244897959,0.8979591836734693,0.4883720930232558,0.6885245901639344,0.5714285714285714,86,42,0.4648648648648649,0.6885245901639344
0.8530612244897959,0.9183673469387754,0.4883720930232558,0.6885245901639344,0.5714285714285714,86,42,0.4648648648648649,0.6885245901639344
0.8530612244897959,0.9387755102040816,0.47,0.7704918032786885,0.5838509316770186,100,47,0.5405405405405406,0.7704918032786885
0.8530612244897959,0.9591836734693877,0.44642857142857145,0.819672131147541,0.5780346820809249,112,50,0.6054054054054054,0.819672131147541
0.8530612244897959,0.9795918367346939,0.32972972972972975,1.0,0.49593495934959353,185,61,1.0,1.0
0.8530612244897959,1.0,0.32972972972972975,1.0,0.49593495934959353,185,61,1.0,1.0
0.8714285714285714,0.0,0.5362318840579711,0.6065573770491803,0.5692307692307692,69,37,0.372972972972973,0.6065573770491803
0.8714285714285714,0.02040816326530612,0.4883720930232558,0.6885245901639344,0.5714285714285714,86,42,0.4648648648648649,0.6885245901639344
0.8714285714285714,0.04081632653061224,0.4883720930232558,0.6885245901639344,0.5714285714285714,86,42,0.4648648648648649,0.6885245901639344
0.8714285714285714,0.061224489795918366,0.4883720930232558,0.6885245901639344,0.5714285714285714,86,42,0.4648648648648649,0.6885245901639344
0.8714285714285714,0.08163265306122448,0.4883720930232558,0.6885245901639344,0.5714285714285714,86,42,0.4648648648648649,0.6885245901639344
0.8714285714285714,0.1020408163265306,0.4883720930232558,0.6885245901639344,0.5714285714285714,86,42,0.4648648648648649,0.6885245901639344
0.8714285714285714,0.12244897959183673,0.4883720930232558,0.6885245901639344,0.5714285714285714,86,42,0.4648648648648649,0.6885245901639344
0.8714285714285714,0.14285714285714285,0.4883720930232558,0.6885245901639344,0.5714285714285714,86,42,0.4648648648648649,0.6885245901639344
0.8714285714285714,0.16326530612244897,0.4883720930232558,0.6885245901639344,0.5714285714285714,86,42,0.4648648648648649,0.6885245901639344
0.8714285714285714,0.18367346938775508,0.4883720930232558,0.6885245901639344,0.5714285714285714,86,42,0.4648648648648649,0.6885245901639344
0.8714285714285714,0.2040816326530612,0.4883720930232558,0.6885245901639344,0.5714285714285714,86,42,0.4648648648648649,0.6885245901639344
0.8714285714285714,0.22448979591836732,0.4883720930232558,0.6885245901639344,0.5714285714285714,86,42,0.4648648648648649,0.6885245901639344
0.8714285714285714,0.24489795918367346,0.4883720930232558,0.6885245901639344,0.5714285714285714,86,42,0.4648648648648649,0.6885245901639344
0.8714285714285714,0.26530612244897955,0.4883720930232558,0.6885245901639344,0.5714285714285714,86,42,0.4648648648648649,0.6885245901639344
0.8714285714285714,0.2857142857142857,0.4883720930232558,0.6885245901639344,0.5714285714285714,86,42,0.4648648648648649,0.6885245901639344
0.8714285714285714,0.3061224489795918,0.4883720930232558,0.6885245901639344,0.5714285714285714,86,42,0.4648648648648649,0.6885245901639344
0.8714285714285714,0.32653061224489793,0.4883720930232558,0.6885245901639344,0.5714285714285714,86,42,0.4648648648648649,0.6885245901639344
0.8714285714285714,0.3469387755102041,0.4883720930232558,0.6885245901639344,0.5714285714285714,86,42,0.4648648648648649,0.6885245901639344
0.8714285714285714,0.36734693877551017,0.4883720930232558,0.6885245901639344,0.5714285714285714,86,42,0.4648648648648649,0.6885245901639344
0.8714285714285714,0.3877551020408163,0.4883720930232558,0.6885245901639344,0.5714285714285714,86,42,0.4648648648648649,0.6885245901639344
0.8714285714285714,0.4081632653061224,0.4883720930232558,0.6885245901639344,0.5714285714285714,86,42,0.4648648648648649,0.6885245901639344
0.8714285714285714,0.42857142857142855,0.4883720930232558,0.6885245901639344,0.5714285714285714,86,42,0.4648648648648649,0.6885245901639344
0.8714285714285714,0.44897959183673464,0.4883720930232558,0.6885245901639344,0.5714285714285714,86,42,0.4648648648648649,0.6885245901639344
0.8714285714285714,0.4693877551020408,0.4883720930232558,0.6885245901639344,0.5714285714285714,86,42,0.4648648648648649,0.6885245901639344
0.8714285714285714,0.4897959183673469,0.4883720930232558,0.6885245901639344,0.5714285714285714,86,42,0.4648648648648649,0.6885245901639344
0.8714285714285714,0.5102040816326531,0.4883720930232558,0.6885245901639344,0.5714285714285714,86,42,0.4648648648648649,0.6885245901639344
0.8714285714285714,0.5306122448979591,0.4883720930232558,0.6885245901639344,0.5714285714285714,86,42,0.4648648648648649,0.6885245901639344
0.8714285714285714,0.5510204081632653,0.4883720930232558,0.6885245901639344,0.5714285714285714,86,42,0.4648648648648649,0.6885245901639344
0.8714285714285714,0.5714285714285714,0.4883720930232558,0.6885245901639344,0.5714285714285714,86,42,0.4648648648648649,0.6885245901639344
0.8714285714285714,0.5918367346938775,0.4883720930232558,0.6885245901639344,0.5714285714285714,86,42,0.4648648648648649,0.6885245901639344
0.8714285714285714,0.6122448979591836,0.4883720930232558,0.6885245901639344,0.5714285714285714,86,42,0.4648648648648649,0.6885245901639344
0.8714285714285714,0.6326530612244897,0.4883720930232558,0.6885245901639344,0.5714285714285714,86,42,0.4648648648648649,0.6885245901639344
0.8714285714285714,0.6530612244897959,0.4883720930232558,0.6885245901639344,0.5714285714285714,86,42,0.4648648648648649,0.6885245901639344
0.8714285714285714,0.673469387755102,0.4883720930232558,0.6885245901639344,0.5714285714285714,86,42,0.4648648648648649,0.6885245901639344
0.8714285714285714,0.6938775510204082,0.4883720930232558,0.6885245901639344,0.5714285714285714,86,42,0.4648648648648649,0.6885245901639344
0.8714285714285714,0.7142857142857142,0.4883720930232558,0.6885245901639344,0.5714285714285714,86,42,0.4648648648648649,0.6885245901639344
0.8714285714285714,0.7346938775510203,0.4883720930232558,0.6885245901639344,0.5714285714285714,86,42,0.4648648648648649,0.6885245901639344
0.8714285714285714,0.7551020408163265,0.4883720930232558,0.6885245901639344,0.5714285714285714,86,42,0.4648648648648649,0.6885245901639344
0.8714285714285714,0.7755102040816326,0.4883720930232558,0.6885245901639344,0.5714285714285714,86,42,0.4648648648648649,0.6885245901639344
0.8714285714285714,0.7959183673469387,0.4883720930232558,0.6885245901639344,0.5714285714285714,86,42,0.4648648648648649,0.6885245901639344
0.8714285714285714,0.8163265306122448,0.4883720930232558,0.6885245901639344,0.5714285714285714,86,42,0.4648648648648649,0.6885245901639344
0.8714285714285714,0.836734693877551,0.4883720930232558,0.6885245901639344,0.5714285714285714,86,42,0.4648648648648649,0.6885245901639344
0.8714285714285714,0.8571428571428571,0.4883720930232558,0.6885245901639344,0.5714285714285714,86,42,0.4648648648648649,0.6885245901639344
0.8714285714285714,0.8775510204081632,0.4883720930232558,0.6885245901639344,0.5714285714285714,86,42,0.4648648648648649,0.6885245901639344
0.8714285714285714,0.8979591836734693,0.4883720930232558,0.6885245901639344,0.5714285714285714,86,42,0.4648648648648649,0.6885245901639344
0.8714285714285714,0.9183673469387754,0.4883720930232558,0.6885245901639344,0.5714285714285714,86,42,0.4648648648648649,0.6885245901639344
0.8714285714285714,0.9387755102040816,0.47,0.7704918032786885,0.5838509316770186,100,47,0.5405405405405406,0.7704918032786885
0.8714285714285714,0.9591836734693877,0.44642857142857145,0.819672131147541,0.5780346820809249,112,50,0.6054054054054054,0.819672131147541
0.8714285714285714,0.9795918367346939,0.32972972972972975,1.0,0.49593495934959353,185,61,1.0,1.0
0.8714285714285714,1.0,0.32972972972972975,1.0,0.49593495934959353,185,61,1.0,1.0
0.889795918367347,0.0,0.5362318840579711,0.6065573770491803,0.5692307692307692,69,37,0.372972972972973,0.6065573770491803
0.889795918367347,0.02040816326530612,0.4883720930232558,0.6885245901639344,0.5714285714285714,86,42,0.4648648648648649,0.6885245901639344
0.889795918367347,0.04081632653061224,0.4883720930232558,0.6885245901639344,0.5714285714285714,86,42,0.4648648648648649,0.6885245901639344
0.889795918367347,0.061224489795918366,0.4883720930232558,0.6885245901639344,0.5714285714285714,86,42,0.4648648648648649,0.6885245901639344
0.889795918367347,0.08163265306122448,0.4883720930232558,0.6885245901639344,0.5714285714285714,86,42,0.4648648648648649,0.6885245901639344
0.889795918367347,0.1020408163265306,0.4883720930232558,0.6885245901639344,0.5714285714285714,86,42,0.4648648648648649,0.6885245901639344
0.889795918367347,0.12244897959183673,0.4883720930232558,0.6885245901639344,0.5714285714285714,86,42,0.4648648648648649,0.6885245901639344
0.889795918367347,0.14285714285714285,0.4883720930232558,0.6885245901639344,0.5714285714285714,86,42,0.4648648648648649,0.6885245901639344
0.889795918367347,0.16326530612244897,0.4883720930232558,0.6885245901639344,0.5714285714285714,86,42,0.4648648648648649,0.6885245901639344
0.889795918367347,0.18367346938775508,0.4883720930232558,0.6885245901639344,0.5714285714285714,86,42,0.4648648648648649,0.6885245901639344
0.889795918367347,0.2040816326530612,0.4883720930232558,0.6885245901639344,0.5714285714285714,86,42,0.4648648648648649,0.6885245901639344
0.889795918367347,0.22448979591836732,0.4883720930232558,0.6885245901639344,0.5714285714285714,86,42,0.4648648648648649,0.6885245901639344
0.889795918367347,0.24489795918367346,0.4883720930232558,0.6885245901639344,0.5714285714285714,86,42,0.4648648648648649,0.6885245901639344
0.889795918367347,0.26530612244897955,0.4883720930232558,0.6885245901639344,0.5714285714285714,86,42,0.4648648648648649,0.6885245901639344
0.889795918367347,0.2857142857142857,0.4883720930232558,0.6885245901639344,0.5714285714285714,86,42,0.4648648648648649,0.6885245901639344
0.889795918367347,0.3061224489795918,0.4883720930232558,0.6885245901639344,0.5714285714285714,86,42,0.4648648648648649,0.6885245901639344
0.889795918367347,0.32653061224489793,0.4883720930232558,0.6885245901639344,0.5714285714285714,86,42,0.4648648648648649,0.6885245901639344
0.889795918367347,0.3469387755102041,0.4883720930232558,0.6885245901639344,0.5714285714285714,86,42,0.4648648648648649,0.6885245901639344
0.889795918367347,0.36734693877551017,0.4883720930232558,0.6885245901639344,0.5714285714285714,86,42,0.4648648648648649,0.6885245901639344
0.889795918367347,0.3877551020408163,0.4883720930232558,0.6885245901639344,0.5714285714285714,86,42,0.4648648648648649,0.6885245901639344
0.889795918367347,0.4081632653061224,0.4883720930232558,0.6885245901639344,0.5714285714285714,86,42,0.4648648648648649,0.6885245901639344
0.889795918367347,0.42857142857142855,0.4883720930232558,0.6885245901639344,0.5714285714285714,86,42,0.4648648648648649,0.6885245901639344
0.889795918367347,0.44897959183673464,0.4883720930232558,0.6885245901639344,0.5714285714285714,86,42,0.4648648648648649,0.6885245901639344
0.889795918367347,0.4693877551020408,0.4883720930232558,0.6885245901639344,0.5714285714285714,86,42,0.4648648648648649,0.6885245901639344
0.889795918367347,0.4897959183673469,0.4883720930232558,0.6885245901639344,0.5714285714285714,86,42,0.4648648648648649,0.6885245901639344
0.889795918367347,0.5102040816326531,0.4883720930232558,0.6885245901639344,0.5714285714285714,86,42,0.4648648648648649,0.6885245901639344
0.889795918367347,0.5306122448979591,0.4883720930232558,0.6885245901639344,0.5714285714285714,86,42,0.4648648648648649,0.6885245901639344
0.889795918367347,0.5510204081632653,0.4883720930232558,0.6885245901639344,0.5714285714285714,86,42,0.4648648648648649,0.6885245901639344
0.889795918367347,0.5714285714285714,0.4883720930232558,0.6885245901639344,0.5714285714285714,86,42,0.4648648648648649,0.6885245901639344
0.889795918367347,0.5918367346938775,0.4883720930232558,0.6885245901639344,0.5714285714285714,86,42,0.4648648648648649,0.6885245901639344
0.889795918367347,0.6122448979591836,0.4883720930232558,0.6885245901639344,0.5714285714285714,86,42,0.4648648648648649,0.6885245901639344
0.889795918367347,0.6326530612244897,0.4883720930232558,0.6885245901639344,0.5714285714285714,86,42,0.4648648648648649,0.6885245901639344
0.889795918367347,0.6530612244897959,0.4883720930232558,0.6885245901639344,0.5714285714285714,86,42,0.4648648648648649,0.6885245901639344
0.889795918367347,0.673469387755102,0.4883720930232558,0.6885245901639344,0.5714285714285714,86,42,0.4648648648648649,0.6885245901639344
0.889795918367347,0.6938775510204082,0.4883720930232558,0.6885245901639344,0.5714285714285714,86,42,0.4648648648648649,0.6885245901639344
0.889795918367347,0.7142857142857142,0.4883720930232558,0.6885245901639344,0.5714285714285714,86,42,0.4648648648648649,0.6885245901639344
0.889795918367347,0.7346938775510203,0.4883720930232558,0.6885245901639344,0.5714285714285714,86,42,0.4648648648648649,0.6885245901639344
0.889795918367347,0.7551020408163265,0.4883720930232558,0.6885245901639344,0.5714285714285714,86,42,0.4648648648648649,0.6885245901639344
0.889795918367347,0.7755102040816326,0.4883720930232558,0.6885245901639344,0.5714285714285714,86,42,0.4648648648648649,0.6885245901639344
0.889795918367347,0.7959183673469387,0.4883720930232558,0.6885245901639344,0.5714285714285714,86,42,0.4648648648648649,0.6885245901639344
0.889795918367347,0.8163265306122448,0.4883720930232558,0.6885245901639344,0.5714285714285714,86,42,0.4648648648648649,0.6885245901639344
0.889795918367347,0.836734693877551,0.4883720930232558,0.6885245901639344,0.5714285714285714,86,42,0.4648648648648649,0.6885245901639344
0.889795918367347,0.8571428571428571,0.4883720930232558,0.6885245901639344,0.5714285714285714,86,42,0.4648648648648649,0.6885245901639344
0.889795918367347,0.8775510204081632,0.4883720930232558,0.6885245901639344,0.5714285714285714,86,42,0.4648648648648649,0.6885245901639344
0.889795918367347,0.8979591836734693,0.4883720930232558,0.6885245901639344,0.5714285714285714,86,42,0.4648648648648649,0.6885245901639344
0.889795918367347,0.9183673469387754,0.4883720930232558,0.6885245901639344,0.5714285714285714,86,42,0.4648648648648649,0.6885245901639344
0.889795918367347,0.9387755102040816,0.47,0.7704918032786885,0.5838509316770186,100,47,0.5405405405405406,0.7704918032786885
0.889795918367347,0.9591836734693877,0.44642857142857145,0.819672131147541,0.5780346820809249,112,50,0.6054054054054054,0.819672131147541
0.889795918367347,0.9795918367346939,0.32972972972972975,1.0,0.49593495934959353,185,61,1.0,1.0
0.889795918367347,1.0,0.32972972972972975,1.0,0.49593495934959353,185,61,1.0,1.0
0.9081632653061225,0.0,0.5362318840579711,0.6065573770491803,0.5692307692307692,69,37,0.372972972972973,0.6065573770491803
0.9081632653061225,0.02040816326530612,0.4883720930232558,0.6885245901639344,0.5714285714285714,86,42,0.4648648648648649,0.6885245901639344
0.9081632653061225,0.04081632653061224,0.4883720930232558,0.6885245901639344,0.5714285714285714,86,42,0.4648648648648649,0.6885245901639344
0.9081632653061225,0.061224489795918366,0.4883720930232558,0.6885245901639344,0.5714285714285714,86,42,0.4648648648648649,0.6885245901639344
0.9081632653061225,0.08163265306122448,0.4883720930232558,0.6885245901639344,0.5714285714285714,86,42,0.4648648648648649,0.6885245901639344
0.9081632653061225,0.1020408163265306,0.4883720930232558,0.6885245901639344,0.5714285714285714,86,42,0.4648648648648649,0.6885245901639344
0.9081632653061225,0.12244897959183673,0.4883720930232558,0.6885245901639344,0.5714285714285714,86,42,0.4648648648648649,0.6885245901639344
0.9081632653061225,0.14285714285714285,0.4883720930232558,0.6885245901639344,0.5714285714285714,86,42,0.4648648648648649,0.6885245901639344
0.9081632653061225,0.16326530612244897,0.4883720930232558,0.6885245901639344,0.5714285714285714,86,42,0.4648648648648649,0.6885245901639344
0.9081632653061225,0.18367346938775508,0.4883720930232558,0.6885245901639344,0.5714285714285714,86,42,0.4648648648648649,0.6885245901639344
0.9081632653061225,0.2040816326530612,0.4883720930232558,0.6885245901639344,0.5714285714285714,86,42,0.4648648648648649,0.6885245901639344
0.9081632653061225,0.22448979591836732,0.4883720930232558,0.6885245901639344,0.5714285714285714,86,42,0.4648648648648649,0.6885245901639344
0.9081632653061225,0.24489795918367346,0.4883720930232558,0.6885245901639344,0.5714285714285714,86,42,0.4648648648648649,0.6885245901639344
0.9081632653061225,0.26530612244897955,0.4883720930232558,0.6885245901639344,0.5714285714285714,86,42,0.4648648648648649,0.6885245901639344
0.9081632653061225,0.2857142857142857,0.4883720930232558,0.6885245901639344,0.5714285714285714,86,42,0.4648648648648649,0.6885245901639344
0.9081632653061225,0.3061224489795918,0.4883720930232558,0.6885245901639344,0.5714285714285714,86,42,0.4648648648648649,0.6885245901639344
0.9081632653061225,0.32653061224489793,0.4883720930232558,0.6885245901639344,0.5714285714285714,86,42,0.4648648648648649,0.6885245901639344
0.9081632653061225,0.3469387755102041,0.4883720930232558,0.6885245901639344,0.5714285714285714,86,42,0.4648648648648649,0.6885245901639344
0.9081632653061225,0.36734693877551017,0.4883720930232558,0.6885245901639344,0.5714285714285714,86,42,0.4648648648648649,0.6885245901639344
0.9081632653061225,0.3877551020408163,0.4883720930232558,0.6885245901639344,0.5714285714285714,86,42,0.4648648648648649,0.6885245901639344
0.9081632653061225,0.4081632653061224,0.4883720930232558,0.6885245901639344,0.5714285714285714,86,42,0.4648648648648649,0.6885245901639344
0.9081632653061225,0.42857142857142855,0.4883720930232558,0.6885245901639344,0.5714285714285714,86,42,0.4648648648648649,0.6885245901639344
0.9081632653061225,0.44897959183673464,0.4883720930232558,0.6885245901639344,0.5714285714285714,86,42,0.4648648648648649,0.6885245901639344
0.9081632653061225,0.4693877551020408,0.4883720930232558,0.6885245901639344,0.5714285714285714,86,42,0.4648648648648649,0.6885245901639344
0.9081632653061225,0.4897959183673469,0.4883720930232558,0.6885245901639344,0.5714285714285714,86,42,0.4648648648648649,0.6885245901639344
0.9081632653061225,0.5102040816326531,0.4883720930232558,0.6885245901639344,0.5714285714285714,86,42,0.4648648648648649,0.6885245901639344
0.9081632653061225,0.5306122448979591,0.4883720930232558,0.6885245901639344,0.5714285714285714,86,42,0.4648648648648649,0.6885245901639344
0.9081632653061225,0.5510204081632653,0.4883720930232558,0.6885245901639344,0.5714285714285714,86,42,0.4648648648648649,0.6885245901639344
0.9081632653061225,0.5714285714285714,0.4883720930232558,0.6885245901639344,0.5714285714285714,86,42,0.4648648648648649,0.6885245901639344
0.9081632653061225,0.5918367346938775,0.4883720930232558,0.6885245901639344,0.5714285714285714,86,42,0.4648648648648649,0.6885245901639344
0.9081632653061225,0.6122448979591836,0.4883720930232558,0.6885245901639344,0.5714285714285714,86,42,0.4648648648648649,0.6885245901639344
0.9081632653061225,0.6326530612244897,0.4883720930232558,0.6885245901639344,0.5714285714285714,86,42,0.4648648648648649,0.6885245901639344
0.9081632653061225,0.6530612244897959,0.4883720930232558,0.6885245901639344,0.5714285714285714,86,42,0.4648648648648649,0.6885245901639344
0.9081632653061225,0.673469387755102,0.4883720930232558,0.6885245901639344,0.5714285714285714,86,42,0.4648648648648649,0.6885245901639344
0.9081632653061225,0.6938775510204082,0.4883720930232558,0.6885245901639344,0.5714285714285714,86,42,0.4648648648648649,0.6885245901639344
0.9081632653061225,0.7142857142857142,0.4883720930232558,0.6885245901639344,0.5714285714285714,86,42,0.4648648648648649,0.6885245901639344
0.9081632653061225,0.7346938775510203,0.4883720930232558,0.6885245901639344,0.5714285714285714,86,42,0.4648648648648649,0.6885245901639344
0.9081632653061225,0.7551020408163265,0.4883720930232558,0.6885245901639344,0.5714285714285714,86,42,0.4648648648648649,0.6885245901639344
0.9081632653061225,0.7755102040816326,0.4883720930232558,0.6885245901639344,0.5714285714285714,86,42,0.4648648648648649,0.6885245901639344
0.9081632653061225,0.7959183673469387,0.4883720930232558,0.6885245901639344,0.5714285714285714,86,42,0.4648648648648649,0.6885245901639344
0.9081632653061225,0.8163265306122448,0.4883720930232558,0.6885245901639344,0.5714285714285714,86,42,0.4648648648648649,0.6885245901639344
0.9081632653061225,0.836734693877551,0.4883720930232558,0.6885245901639344,0.5714285714285714,86,42,0.4648648648648649,0.6885245901639344
0.9081632653061225,0.8571428571428571,0.4883720930232558,0.6885245901639344,0.5714285714285714,86,42,0.4648648648648649,0.6885245901639344
0.9081632653061225,0.8775510204081632,0.4883720930232558,0.6885245901639344,0.5714285714285714,86,42,0.4648648648648649,0.6885245901639344
0.9081632653061225,0.8979591836734693,0.4883720930232558,0.6885245901639344,0.5714285714285714,86,42,0.4648648648648649,0.6885245901639344
0.9081632653061225,0.9183673469387754,0.4883720930232558,0.6885245901639344,0.5714285714285714,86,42,0.4648648648648649,0.6885245901639344
0.9081632653061225,0.9387755102040816,0.47,0.7704918032786885,0.5838509316770186,100,47,0.5405405405405406,0.7704918032786885
0.9081632653061225,0.9591836734693877,0.44642857142857145,0.819672131147541,0.5780346820809249,112,50,0.6054054054054054,0.819672131147541
0.9081632653061225,0.9795918367346939,0.32972972972972975,1.0,0.49593495934959353,185,61,1.0,1.0
0.9081632653061225,1.0,0.32972972972972975,1.0,0.49593495934959353,185,61,1.0,1.0
0.926530612244898,0.0,0.5362318840579711,0.6065573770491803,0.5692307692307692,69,37,0.372972972972973,0.6065573770491803
0.926530612244898,0.02040816326530612,0.4883720930232558,0.6885245901639344,0.5714285714285714,86,42,0.4648648648648649,0.6885245901639344
0.926530612244898,0.04081632653061224,0.4883720930232558,0.6885245901639344,0.5714285714285714,86,42,0.4648648648648649,0.6885245901639344
0.926530612244898,0.061224489795918366,0.4883720930232558,0.6885245901639344,0.5714285714285714,86,42,0.4648648648648649,0.6885245901639344
0.926530612244898,0.08163265306122448,0.4883720930232558,0.6885245901639344,0.5714285714285714,86,42,0.4648648648648649,0.6885245901639344
0.926530612244898,0.1020408163265306,0.4883720930232558,0.6885245901639344,0.5714285714285714,86,42,0.4648648648648649,0.6885245901639344
0.926530612244898,0.12244897959183673,0.4883720930232558,0.6885245901639344,0.5714285714285714,86,42,0.4648648648648649,0.6885245901639344
0.926530612244898,0.14285714285714285,0.4883720930232558,0.6885245901639344,0.5714285714285714,86,42,0.4648648648648649,0.6885245901639344
0.926530612244898,0.16326530612244897,0.4883720930232558,0.6885245901639344,0.5714285714285714,86,42,0.4648648648648649,0.6885245901639344
0.926530612244898,0.18367346938775508,0.4883720930232558,0.6885245901639344,0.5714285714285714,86,42,0.4648648648648649,0.6885245901639344
0.926530612244898,0.2040816326530612,0.4883720930232558,0.6885245901639344,0.5714285714285714,86,42,0.4648648648648649,0.6885245901639344
0.926530612244898,0.22448979591836732,0.4883720930232558,0.6885245901639344,0.5714285714285714,86,42,0.4648648648648649,0.6885245901639344
0.926530612244898,0.24489795918367346,0.4883720930232558,0.6885245901639344,0.5714285714285714,86,42,0.4648648648648649,0.6885245901639344
0.926530612244898,0.26530612244897955,0.4883720930232558,0.6885245901639344,0.5714285714285714,86,42,0.4648648648648649,0.6885245901639344
0.926530612244898,0.2857142857142857,0.4883720930232558,0.6885245901639344,0.5714285714285714,86,42,0.4648648648648649,0.6885245901639344
0.926530612244898,0.3061224489795918,0.4883720930232558,0.6885245901639344,0.5714285714285714,86,42,0.4648648648648649,0.6885245901639344
0.926530612244898,0.32653061224489793,0.4883720930232558,0.6885245901639344,0.5714285714285714,86,42,0.4648648648648649,0.6885245901639344
0.926530612244898,0.3469387755102041,0.4883720930232558,0.6885245901639344,0.5714285714285714,86,42,0.4648648648648649,0.6885245901639344
0.926530612244898,0.36734693877551017,0.4883720930232558,0.6885245901639344,0.5714285714285714,86,42,0.4648648648648649,0.6885245901639344
0.926530612244898,0.3877551020408163,0.4883720930232558,0.6885245901639344,0.5714285714285714,86,42,0.4648648648648649,0.6885245901639344
0.926530612244898,0.4081632653061224,0.4883720930232558,0.6885245901639344,0.5714285714285714,86,42,0.4648648648648649,0.6885245901639344
0.926530612244898,0.42857142857142855,0.4883720930232558,0.6885245901639344,0.5714285714285714,86,42,0.4648648648648649,0.6885245901639344
0.926530612244898,0.44897959183673464,0.4883720930232558,0.6885245901639344,0.5714285714285714,86,42,0.4648648648648649,0.6885245901639344
0.926530612244898,0.4693877551020408,0.4883720930232558,0.6885245901639344,0.5714285714285714,86,42,0.4648648648648649,0.6885245901639344
0.926530612244898,0.4897959183673469,0.4883720930232558,0.6885245901639344,0.5714285714285714,86,42,0.4648648648648649,0.6885245901639344
0.926530612244898,0.5102040816326531,0.4883720930232558,0.6885245901639344,0.5714285714285714,86,42,0.4648648648648649,0.6885245901639344
0.926530612244898,0.5306122448979591,0.4883720930232558,0.6885245901639344,0.5714285714285714,86,42,0.4648648648648649,0.6885245901639344
0.926530612244898,0.5510204081632653,0.4883720930232558,0.6885245901639344,0.5714285714285714,86,42,0.4648648648648649,0.6885245901639344
0.926530612244898,0.5714285714285714,0.4883720930232558,0.6885245901639344,0.5714285714285714,86,42,0.4648648648648649,0.6885245901639344
0.926530612244898,0.5918367346938775,0.4883720930232558,0.6885245901639344,0.5714285714285714,86,42,0.4648648648648649,0.6885245901639344
0.926530612244898,0.6122448979591836,0.4883720930232558,0.6885245901639344,0.5714285714285714,86,42,0.4648648648648649,0.6885245901639344
0.926530612244898,0.6326530612244897,0.4883720930232558,0.6885245901639344,0.5714285714285714,86,42,0.4648648648648649,0.6885245901639344
0.926530612244898,0.6530612244897959,0.4883720930232558,0.6885245901639344,0.5714285714285714,86,42,0.4648648648648649,0.6885245901639344
0.926530612244898,0.673469387755102,0.4883720930232558,0.6885245901639344,0.5714285714285714,86,42,0.4648648648648649,0.6885245901639344
0.926530612244898,0.6938775510204082,0.4883720930232558,0.6885245901639344,0.5714285714285714,86,42,0.4648648648648649,0.6885245901639344
0.926530612244898,0.7142857142857142,0.4883720930232558,0.6885245901639344,0.5714285714285714,86,42,0.4648648648648649,0.6885245901639344
0.926530612244898,0.7346938775510203,0.4883720930232558,0.6885245901639344,0.5714285714285714,86,42,0.4648648648648649,0.6885245901639344
0.926530612244898,0.7551020408163265,0.4883720930232558,0.6885245901639344,0.5714285714285714,86,42,0.4648648648648649,0.6885245901639344
0.926530612244898,0.7755102040816326,0.4883720930232558,0.6885245901639344,0.5714285714285714,86,42,0.4648648648648649,0.6885245901639344
0.926530612244898,0.7959183673469387,0.4883720930232558,0.6885245901639344,0.5714285714285714,86,42,0.4648648648648649,0.6885245901639344
0.926530612244898,0.8163265306122448,0.4883720930232558,0.6885245901639344,0.5714285714285714,86,42,0.4648648648648649,0.6885245901639344
0.926530612244898,0.836734693877551,0.4883720930232558,0.6885245901639344,0.5714285714285714,86,42,0.4648648648648649,0.6885245901639344
0.926530612244898,0.8571428571428571,0.4883720930232558,0.6885245901639344,0.5714285714285714,86,42,0.4648648648648649,0.6885245901639344
0.926530612244898,0.8775510204081632,0.4883720930232558,0.6885245901639344,0.5714285714285714,86,42,0.4648648648648649,0.6885245901639344
0.926530612244898,0.8979591836734693,0.4883720930232558,0.6885245901639344,0.5714285714285714,86,42,0.4648648648648649,0.6885245901639344
0.926530612244898,0.9183673469387754,0.4883720930232558,0.6885245901639344,0.5714285714285714,86,42,0.4648648648648649,0.6885245901639344
0.926530612244898,0.9387755102040816,0.47,0.7704918032786885,0.5838509316770186,100,47,0.5405405405405406,0.7704918032786885
0.926530612244898,0.9591836734693877,0.44642857142857145,0.819672131147541,0.5780346820809249,112,50,0.6054054054054054,0.819672131147541
0.926530612244898,0.9795918367346939,0.32972972972972975,1.0,0.49593495934959353,185,61,1.0,1.0
0.926530612244898,1.0,0.32972972972972975,1.0,0.49593495934959353,185,61,1.0,1.0
0.9448979591836735,0.0,0.5362318840579711,0.6065573770491803,0.5692307692307692,69,37,0.372972972972973,0.6065573770491803
0.9448979591836735,0.02040816326530612,0.4883720930232558,0.6885245901639344,0.5714285714285714,86,42,0.4648648648648649,0.6885245901639344
0.9448979591836735,0.04081632653061224,0.4883720930232558,0.6885245901639344,0.5714285714285714,86,42,0.4648648648648649,0.6885245901639344
0.9448979591836735,0.061224489795918366,0.4883720930232558,0.6885245901639344,0.5714285714285714,86,42,0.4648648648648649,0.6885245901639344
0.9448979591836735,0.08163265306122448,0.4883720930232558,0.6885245901639344,0.5714285714285714,86,42,0.4648648648648649,0.6885245901639344
0.9448979591836735,0.1020408163265306,0.4883720930232558,0.6885245901639344,0.5714285714285714,86,42,0.4648648648648649,0.6885245901639344
0.9448979591836735,0.12244897959183673,0.4883720930232558,0.6885245901639344,0.5714285714285714,86,42,0.4648648648648649,0.6885245901639344
0.9448979591836735,0.14285714285714285,0.4883720930232558,0.6885245901639344,0.5714285714285714,86,42,0.4648648648648649,0.6885245901639344
0.9448979591836735,0.16326530612244897,0.4883720930232558,0.6885245901639344,0.5714285714285714,86,42,0.4648648648648649,0.6885245901639344
0.9448979591836735,0.18367346938775508,0.4883720930232558,0.6885245901639344,0.5714285714285714,86,42,0.4648648648648649,0.6885245901639344
0.9448979591836735,0.2040816326530612,0.4883720930232558,0.6885245901639344,0.5714285714285714,86,42,0.4648648648648649,0.6885245901639344
0.9448979591836735,0.22448979591836732,0.4883720930232558,0.6885245901639344,0.5714285714285714,86,42,0.4648648648648649,0.6885245901639344
0.9448979591836735,0.24489795918367346,0.4883720930232558,0.6885245901639344,0.5714285714285714,86,42,0.4648648648648649,0.6885245901639344
0.9448979591836735,0.26530612244897955,0.4883720930232558,0.6885245901639344,0.5714285714285714,86,42,0.4648648648648649,0.6885245901639344
0.9448979591836735,0.2857142857142857,0.4883720930232558,0.6885245901639344,0.5714285714285714,86,42,0.4648648648648649,0.6885245901639344
0.9448979591836735,0.3061224489795918,0.4883720930232558,0.6885245901639344,0.5714285714285714,86,42,0.4648648648648649,0.6885245901639344
0.9448979591836735,0.32653061224489793,0.4883720930232558,0.6885245901639344,0.5714285714285714,86,42,0.4648648648648649,0.6885245901639344
0.9448979591836735,0.3469387755102041,0.4883720930232558,0.6885245901639344,0.5714285714285714,86,42,0.4648648648648649,0.6885245901639344
0.9448979591836735,0.36734693877551017,0.4883720930232558,0.6885245901639344,0.5714285714285714,86,42,0.4648648648648649,0.6885245901639344
0.9448979591836735,0.3877551020408163,0.4883720930232558,0.6885245901639344,0.5714285714285714,86,42,0.4648648648648649,0.6885245901639344
0.9448979591836735,0.4081632653061224,0.4883720930232558,0.6885245901639344,0.5714285714285714,86,42,0.4648648648648649,0.6885245901639344
0.9448979591836735,0.42857142857142855,0.4883720930232558,0.6885245901639344,0.5714285714285714,86,42,0.4648648648648649,0.6885245901639344
0.9448979591836735,0.44897959183673464,0.4883720930232558,0.6885245901639344,0.5714285714285714,86,42,0.4648648648648649,0.6885245901639344
0.9448979591836735,0.4693877551020408,0.4883720930232558,0.6885245901639344,0.5714285714285714,86,42,0.4648648648648649,0.6885245901639344
0.9448979591836735,0.4897959183673469,0.4883720930232558,0.6885245901639344,0.5714285714285714,86,42,0.4648648648648649,0.6885245901639344
0.9448979591836735,0.5102040816326531,0.4883720930232558,0.6885245901639344,0.5714285714285714,86,42,0.4648648648648649,0.6885245901639344
0.9448979591836735,0.5306122448979591,0.4883720930232558,0.6885245901639344,0.5714285714285714,86,42,0.4648648648648649,0.6885245901639344
0.9448979591836735,0.5510204081632653,0.4883720930232558,0.6885245901639344,0.5714285714285714,86,42,0.4648648648648649,0.6885245901639344
0.9448979591836735,0.5714285714285714,0.4883720930232558,0.6885245901639344,0.5714285714285714,86,42,0.4648648648648649,0.6885245901639344
0.9448979591836735,0.5918367346938775,0.4883720930232558,0.6885245901639344,0.5714285714285714,86,42,0.4648648648648649,0.6885245901639344
0.9448979591836735,0.6122448979591836,0.4883720930232558,0.6885245901639344,0.5714285714285714,86,42,0.4648648648648649,0.6885245901639344
0.9448979591836735,0.6326530612244897,0.4883720930232558,0.6885245901639344,0.5714285714285714,86,42,0.4648648648648649,0.6885245901639344
0.9448979591836735,0.6530612244897959,0.4883720930232558,0.6885245901639344,0.5714285714285714,86,42,0.4648648648648649,0.6885245901639344
0.9448979591836735,0.673469387755102,0.4883720930232558,0.6885245901639344,0.5714285714285714,86,42,0.4648648648648649,0.6885245901639344
0.9448979591836735,0.6938775510204082,0.4883720930232558,0.6885245901639344,0.5714285714285714,86,42,0.4648648648648649,0.6885245901639344
0.9448979591836735,0.7142857142857142,0.4883720930232558,0.6885245901639344,0.5714285714285714,86,42,0.4648648648648649,0.6885245901639344
0.9448979591836735,0.7346938775510203,0.4883720930232558,0.6885245901639344,0.5714285714285714,86,42,0.4648648648648649,0.6885245901639344
0.9448979591836735,0.7551020408163265,0.4883720930232558,0.6885245901639344,0.5714285714285714,86,42,0.4648648648648649,0.6885245901639344
0.9448979591836735,0.7755102040816326,0.4883720930232558,0.6885245901639344,0.5714285714285714,86,42,0.4648648648648649,0.6885245901639344
0.9448979591836735,0.7959183673469387,0.4883720930232558,0.6885245901639344,0.5714285714285714,86,42,0.4648648648648649,0.6885245901639344
0.9448979591836735,0.8163265306122448,0.4883720930232558,0.6885245901639344,0.5714285714285714,86,42,0.4648648648648649,0.6885245901639344
0.9448979591836735,0.836734693877551,0.4883720930232558,0.6885245901639344,0.5714285714285714,86,42,0.4648648648648649,0.6885245901639344
0.9448979591836735,0.8571428571428571,0.4883720930232558,0.6885245901639344,0.5714285714285714,86,42,0.4648648648648649,0.6885245901639344
0.9448979591836735,0.8775510204081632,0.4883720930232558,0.6885245901639344,0.5714285714285714,86,42,0.4648648648648649,0.6885245901639344
0.9448979591836735,0.8979591836734693,0.4883720930232558,0.6885245901639344,0.5714285714285714,86,42,0.4648648648648649,0.6885245901639344
0.9448979591836735,0.9183673469387754,0.4883720930232558,0.6885245901639344,0.5714285714285714,86,42,0.4648648648648649,0.6885245901639344
0.9448979591836735,0.9387755102040816,0.47,0.7704918032786885,0.5838509316770186,100,47,0.5405405405405406,0.7704918032786885
0.9448979591836735,0.9591836734693877,0.44642857142857145,0.819672131147541,0.5780346820809249,112,50,0.6054054054054054,0.819672131147541
0.9448979591836735,0.9795918367346939,0.32972972972972975,1.0,0.49593495934959353,185,61,1.0,1.0
0.9448979591836735,1.0,0.32972972972972975,1.0,0.49593495934959353,185,61,1.0,1.0
0.963265306122449,0.0,0.5362318840579711,0.6065573770491803,0.5692307692307692,69,37,0.372972972972973,0.6065573770491803
0.963265306122449,0.02040816326530612,0.4883720930232558,0.6885245901639344,0.5714285714285714,86,42,0.4648648648648649,0.6885245901639344
0.963265306122449,0.04081632653061224,0.4883720930232558,0.6885245901639344,0.5714285714285714,86,42,0.4648648648648649,0.6885245901639344
0.963265306122449,0.061224489795918366,0.4883720930232558,0.6885245901639344,0.5714285714285714,86,42,0.4648648648648649,0.6885245901639344
0.963265306122449,0.08163265306122448,0.4883720930232558,0.6885245901639344,0.5714285714285714,86,42,0.4648648648648649,0.6885245901639344
0.963265306122449,0.1020408163265306,0.4883720930232558,0.6885245901639344,0.5714285714285714,86,42,0.4648648648648649,0.6885245901639344
0.963265306122449,0.12244897959183673,0.4883720930232558,0.6885245901639344,0.5714285714285714,86,42,0.4648648648648649,0.6885245901639344
0.963265306122449,0.14285714285714285,0.4883720930232558,0.6885245901639344,0.5714285714285714,86,42,0.4648648648648649,0.6885245901639344
0.963265306122449,0.16326530612244897,0.4883720930232558,0.6885245901639344,0.5714285714285714,86,42,0.4648648648648649,0.6885245901639344
0.963265306122449,0.18367346938775508,0.4883720930232558,0.6885245901639344,0.5714285714285714,86,42,0.4648648648648649,0.6885245901639344
0.963265306122449,0.2040816326530612,0.4883720930232558,0.6885245901639344,0.5714285714285714,86,42,0.4648648648648649,0.6885245901639344
0.963265306122449,0.22448979591836732,0.4883720930232558,0.6885245901639344,0.5714285714285714,86,42,0.4648648648648649,0.6885245901639344
0.963265306122449,0.24489795918367346,0.4883720930232558,0.6885245901639344,0.5714285714285714,86,42,0.4648648648648649,0.6885245901639344
0.963265306122449,0.26530612244897955,0.4883720930232558,0.6885245901639344,0.5714285714285714,86,42,0.4648648648648649,0.6885245901639344
0.963265306122449,0.2857142857142857,0.4883720930232558,0.6885245901639344,0.5714285714285714,86,42,0.4648648648648649,0.6885245901639344
0.963265306122449,0.3061224489795918,0.4883720930232558,0.6885245901639344,0.5714285714285714,86,42,0.4648648648648649,0.6885245901639344
0.963265306122449,0.32653061224489793,0.4883720930232558,0.6885245901639344,0.5714285714285714,86,42,0.4648648648648649,0.6885245901639344
0.963265306122449,0.3469387755102041,0.4883720930232558,0.6885245901639344,0.5714285714285714,86,42,0.4648648648648649,0.6885245901639344
0.963265306122449,0.36734693877551017,0.4883720930232558,0.6885245901639344,0.5714285714285714,86,42,0.4648648648648649,0.6885245901639344
0.963265306122449,0.3877551020408163,0.4883720930232558,0.6885245901639344,0.5714285714285714,86,42,0.4648648648648649,0.6885245901639344
0.963265306122449,0.4081632653061224,0.4883720930232558,0.6885245901639344,0.5714285714285714,86,42,0.4648648648648649,0.6885245901639344
0.963265306122449,0.42857142857142855,0.4883720930232558,0.6885245901639344,0.5714285714285714,86,42,0.4648648648648649,0.6885245901639344
0.963265306122449,0.44897959183673464,0.4883720930232558,0.6885245901639344,0.5714285714285714,86,42,0.4648648648648649,0.6885245901639344
0.963265306122449,0.4693877551020408,0.4883720930232558,0.6885245901639344,0.5714285714285714,86,42,0.4648648648648649,0.6885245901639344
0.963265306122449,0.4897959183673469,0.4883720930232558,0.6885245901639344,0.5714285714285714,86,42,0.4648648648648649,0.6885245901639344
0.963265306122449,0.5102040816326531,0.4883720930232558,0.6885245901639344,0.5714285714285714,86,42,0.4648648648648649,0.6885245901639344
0.963265306122449,0.5306122448979591,0.4883720930232558,0.6885245901639344,0.5714285714285714,86,42,0.4648648648648649,0.6885245901639344
0.963265306122449,0.5510204081632653,0.4883720930232558,0.6885245901639344,0.5714285714285714,86,42,0.4648648648648649,0.6885245901639344
0.963265306122449,0.5714285714285714,0.4883720930232558,0.6885245901639344,0.5714285714285714,86,42,0.4648648648648649,0.6885245901639344
0.963265306122449,0.5918367346938775,0.4883720930232558,0.6885245901639344,0.5714285714285714,86,42,0.4648648648648649,0.6885245901639344
0.963265306122449,0.6122448979591836,0.4883720930232558,0.6885245901639344,0.5714285714285714,86,42,0.4648648648648649,0.6885245901639344
0.963265306122449,0.6326530612244897,0.4883720930232558,0.6885245901639344,0.5714285714285714,86,42,0.4648648648648649,0.6885245901639344
0.963265306122449,0.6530612244897959,0.4883720930232558,0.6885245901639344,0.5714285714285714,86,42,0.4648648648648649,0.6885245901639344
0.963265306122449,0.673469387755102,0.4883720930232558,0.6885245901639344,0.5714285714285714,86,42,0.4648648648648649,0.6885245901639344
0.963265306122449,0.6938775510204082,0.4883720930232558,0.6885245901639344,0.5714285714285714,86,42,0.4648648648648649,0.6885245901639344
0.963265306122449,0.7142857142857142,0.4883720930232558,0.6885245901639344,0.5714285714285714,86,42,0.4648648648648649,0.6885245901639344
0.963265306122449,0.7346938775510203,0.4883720930232558,0.6885245901639344,0.5714285714285714,86,42,0.4648648648648649,0.6885245901639344
0.963265306122449,0.7551020408163265,0.4883720930232558,0.6885245901639344,0.5714285714285714,86,42,0.4648648648648649,0.6885245901639344
0.963265306122449,0.7755102040816326,0.4883720930232558,0.6885245901639344,0.5714285714285714,86,42,0.4648648648648649,0.6885245901639344
0.963265306122449,0.7959183673469387,0.4883720930232558,0.6885245901639344,0.5714285714285714,86,42,0.4648648648648649,0.6885245901639344
0.963265306122449,0.8163265306122448,0.4883720930232558,0.6885245901639344,0.5714285714285714,86,42,0.4648648648648649,0.6885245901639344
0.963265306122449,0.836734693877551,0.4883720930232558,0.6885245901639344,0.5714285714285714,86,42,0.4648648648648649,0.6885245901639344
0.963265306122449,0.8571428571428571,0.4883720930232558,0.6885245901639344,0.5714285714285714,86,42,0.4648648648648649,0.6885245901639344
0.963265306122449,0.8775510204081632,0.4883720930232558,0.6885245901639344,0.5714285714285714,86,42,0.4648648648648649,0.6885245901639344
0.963265306122449,0.8979591836734693,0.4883720930232558,0.6885245901639344,0.5714285714285714,86,42,0.4648648648648649,0.6885245901639344
0.963265306122449,0.9183673469387754,0.4883720930232558,0.6885245901639344,0.5714285714285714,86,42,0.4648648648648649,0.6885245901639344
0.963265306122449,0.9387755102040816,0.47,0.7704918032786885,0.5838509316770186,100,47,0.5405405405405406,0.7704918032786885
0.963265306122449,0.9591836734693877,0.44642857142857145,0.819672131147541,0.5780346820809249,112,50,0.6054054054054054,0.819672131147541
0.963265306122449,0.9795918367346939,0.32972972972972975,1.0,0.49593495934959353,185,61,1.0,1.0
0.963265306122449,1.0,0.32972972972972975,1.0,0.49593495934959353,185,61,1.0,1.0
0.9816326530612246,0.0,0.5362318840579711,0.6065573770491803,0.5692307692307692,69,37,0.372972972972973,0.6065573770491803
0.9816326530612246,0.02040816326530612,0.4883720930232558,0.6885245901639344,0.5714285714285714,86,42,0.4648648648648649,0.6885245901639344
0.9816326530612246,0.04081632653061224,0.4883720930232558,0.6885245901639344,0.5714285714285714,86,42,0.4648648648648649,0.6885245901639344
0.9816326530612246,0.061224489795918366,0.4883720930232558,0.6885245901639344,0.5714285714285714,86,42,0.4648648648648649,0.6885245901639344
0.9816326530612246,0.08163265306122448,0.4883720930232558,0.6885245901639344,0.5714285714285714,86,42,0.4648648648648649,0.6885245901639344
0.9816326530612246,0.1020408163265306,0.4883720930232558,0.6885245901639344,0.5714285714285714,86,42,0.4648648648648649,0.6885245901639344
0.9816326530612246,0.12244897959183673,0.4883720930232558,0.6885245901639344,0.5714285714285714,86,42,0.4648648648648649,0.6885245901639344
0.9816326530612246,0.14285714285714285,0.4883720930232558,0.6885245901639344,0.5714285714285714,86,42,0.4648648648648649,0.6885245901639344
0.9816326530612246,0.16326530612244897,0.4883720930232558,0.6885245901639344,0.5714285714285714,86,42,0.4648648648648649,0.6885245901639344
0.9816326530612246,0.18367346938775508,0.4883720930232558,0.6885245901639344,0.5714285714285714,86,42,0.4648648648648649,0.6885245901639344
0.9816326530612246,0.2040816326530612,0.4883720930232558,0.6885245901639344,0.5714285714285714,86,42,0.4648648648648649,0.6885245901639344
0.9816326530612246,0.22448979591836732,0.4883720930232558,0.6885245901639344,0.5714285714285714,86,42,0.4648648648648649,0.6885245901639344
0.9816326530612246,0.24489795918367346,0.4883720930232558,0.6885245901639344,0.5714285714285714,86,42,0.4648648648648649,0.6885245901639344
0.9816326530612246,0.26530612244897955,0.4883720930232558,0.6885245901639344,0.5714285714285714,86,42,0.4648648648648649,0.6885245901639344
0.9816326530612246,0.2857142857142857,0.4883720930232558,0.6885245901639344,0.5714285714285714,86,42,0.4648648648648649,0.6885245901639344
0.9816326530612246,0.3061224489795918,0.4883720930232558,0.6885245901639344,0.5714285714285714,86,42,0.4648648648648649,0.6885245901639344
0.9816326530612246,0.32653061224489793,0.4883720930232558,0.6885245901639344,0.5714285714285714,86,42,0.4648648648648649,0.6885245901639344
0.9816326530612246,0.3469387755102041,0.4883720930232558,0.6885245901639344,0.5714285714285714,86,42,0.4648648648648649,0.6885245901639344
0.9816326530612246,0.36734693877551017,0.4883720930232558,0.6885245901639344,0.5714285714285714,86,42,0.4648648648648649,0.6885245901639344
0.9816326530612246,0.3877551020408163,0.4883720930232558,0.6885245901639344,0.5714285714285714,86,42,0.4648648648648649,0.6885245901639344
0.9816326530612246,0.4081632653061224,0.4883720930232558,0.6885245901639344,0.5714285714285714,86,42,0.4648648648648649,0.6885245901639344
0.9816326530612246,0.42857142857142855,0.4883720930232558,0.6885245901639344,0.5714285714285714,86,42,0.4648648648648649,0.6885245901639344
0.9816326530612246,0.44897959183673464,0.4883720930232558,0.6885245901639344,0.5714285714285714,86,42,0.4648648648648649,0.6885245901639344
0.9816326530612246,0.4693877551020408,0.4883720930232558,0.6885245901639344,0.5714285714285714,86,42,0.4648648648648649,0.6885245901639344
0.9816326530612246,0.4897959183673469,0.4883720930232558,0.6885245901639344,0.5714285714285714,86,42,0.4648648648648649,0.6885245901639344
0.9816326530612246,0.5102040816326531,0.4883720930232558,0.6885245901639344,0.5714285714285714,86,42,0.4648648648648649,0.6885245901639344
0.9816326530612246,0.5306122448979591,0.4883720930232558,0.6885245901639344,0.5714285714285714,86,42,0.4648648648648649,0.6885245901639344
0.9816326530612246,0.5510204081632653,0.4883720930232558,0.6885245901639344,0.5714285714285714,86,42,0.4648648648648649,0.6885245901639344
0.9816326530612246,0.5714285714285714,0.4883720930232558,0.6885245901639344,0.5714285714285714,86,42,0.4648648648648649,0.6885245901639344
0.9816326530612246,0.5918367346938775,0.4883720930232558,0.6885245901639344,0.5714285714285714,86,42,0.4648648648648649,0.6885245901639344
0.9816326530612246,0.6122448979591836,0.4883720930232558,0.6885245901639344,0.5714285714285714,86,42,0.4648648648648649,0.6885245901639344
0.9816326530612246,0.6326530612244897,0.4883720930232558,0.6885245901639344,0.5714285714285714,86,42,0.4648648648648649,0.6885245901639344
0.9816326530612246,0.6530612244897959,0.4883720930232558,0.6885245901639344,0.5714285714285714,86,42,0.4648648648648649,0.6885245901639344
0.9816326530612246,0.673469387755102,0.4883720930232558,0.6885245901639344,0.5714285714285714,86,42,0.4648648648648649,0.6885245901639344
0.9816326530612246,0.6938775510204082,0.4883720930232558,0.6885245901639344,0.5714285714285714,86,42,0.4648648648648649,0.6885245901639344
0.9816326530612246,0.7142857142857142,0.4883720930232558,0.6885245901639344,0.5714285714285714,86,42,0.4648648648648649,0.6885245901639344
0.9816326530612246,0.7346938775510203,0.4883720930232558,0.6885245901639344,0.5714285714285714,86,42,0.4648648648648649,0.6885245901639344
0.9816326530612246,0.7551020408163265,0.4883720930232558,0.6885245901639344,0.5714285714285714,86,42,0.4648648648648649,0.6885245901639344
0.9816326530612246,0.7755102040816326,0.4883720930232558,0.6885245901639344,0.5714285714285714,86,42,0.4648648648648649,0.6885245901639344
0.9816326530612246,0.7959183673469387,0.4883720930232558,0.6885245901639344,0.5714285714285714,86,42,0.4648648648648649,0.6885245901639344
0.9816326530612246,0.8163265306122448,0.4883720930232558,0.6885245901639344,0.5714285714285714,86,42,0.4648648648648649,0.6885245901639344
0.9816326530612246,0.836734693877551,0.4883720930232558,0.6885245901639344,0.5714285714285714,86,42,0.4648648648648649,0.6885245901639344
0.9816326530612246,0.8571428571428571,0.4883720930232558,0.6885245901639344,0.5714285714285714,86,42,0.4648648648648649,0.6885245901639344
0.9816326530612246,0.8775510204081632,0.4883720930232558,0.6885245901639344,0.5714285714285714,86,42,0.4648648648648649,0.6885245901639344
0.9816326530612246,0.8979591836734693,0.4883720930232558,0.6885245901639344,0.5714285714285714,86,42,0.4648648648648649,0.6885245901639344
0.9816326530612246,0.9183673469387754,0.4883720930232558,0.6885245901639344,0.5714285714285714,86,42,0.4648648648648649,0.6885245901639344
0.9816326530612246,0.9387755102040816,0.47,0.7704918032786885,0.5838509316770186,100,47,0.5405405405405406,0.7704918032786885
0.9816326530612246,0.9591836734693877,0.44642857142857145,0.819672131147541,0.5780346820809249,112,50,0.6054054054054054,0.819672131147541
0.9816326530612246,0.9795918367346939,0.32972972972972975,1.0,0.49593495934959353,185,61,1.0,1.0
0.9816326530612246,1.0,0.32972972972972975,1.0,0.49593495934959353,185,61,1.0,1.0
1.0,0.0,0.5362318840579711,0.6065573770491803,0.5692307692307692,69,37,0.372972972972973,0.6065573770491803
1.0,0.02040816326530612,0.4883720930232558,0.6885245901639344,0.5714285714285714,86,42,0.4648648648648649,0.6885245901639344
1.0,0.04081632653061224,0.4883720930232558,0.6885245901639344,0.5714285714285714,86,42,0.4648648648648649,0.6885245901639344
1.0,0.061224489795918366,0.4883720930232558,0.6885245901639344,0.5714285714285714,86,42,0.4648648648648649,0.6885245901639344
1.0,0.08163265306122448,0.4883720930232558,0.6885245901639344,0.5714285714285714,86,42,0.4648648648648649,0.6885245901639344
1.0,0.1020408163265306,0.4883720930232558,0.6885245901639344,0.5714285714285714,86,42,0.4648648648648649,0.6885245901639344
1.0,0.12244897959183673,0.4883720930232558,0.6885245901639344,0.5714285714285714,86,42,0.4648648648648649,0.6885245901639344
1.0,0.14285714285714285,0.4883720930232558,0.6885245901639344,0.5714285714285714,86,42,0.4648648648648649,0.6885245901639344
1.0,0.16326530612244897,0.4883720930232558,0.6885245901639344,0.5714285714285714,86,42,0.4648648648648649,0.6885245901639344
1.0,0.18367346938775508,0.4883720930232558,0.6885245901639344,0.5714285714285714,86,42,0.4648648648648649,0.6885245901639344
1.0,0.2040816326530612,0.4883720930232558,0.6885245901639344,0.5714285714285714,86,42,0.4648648648648649,0.6885245901639344
1.0,0.22448979591836732,0.4883720930232558,0.6885245901639344,0.5714285714285714,86,42,0.4648648648648649,0.6885245901639344
1.0,0.24489795918367346,0.4883720930232558,0.6885245901639344,0.5714285714285714,86,42,0.4648648648648649,0.6885245901639344
1.0,0.26530612244897955,0.4883720930232558,0.6885245901639344,0.5714285714285714,86,42,0.4648648648648649,0.6885245901639344
1.0,0.2857142857142857,0.4883720930232558,0.6885245901639344,0.5714285714285714,86,42,0.4648648648648649,0.6885245901639344
1.0,0.3061224489795918,0.4883720930232558,0.6885245901639344,0.5714285714285714,86,42,0.4648648648648649,0.6885245901639344
1.0,0.32653061224489793,0.4883720930232558,0.6885245901639344,0.5714285714285714,86,42,0.4648648648648649,0.6885245901639344
1.0,0.3469387755102041,0.4883720930232558,0.6885245901639344,0.5714285714285714,86,42,0.4648648648648649,0.6885245901639344
1.0,0.36734693877551017,0.4883720930232558,0.6885245901639344,0.5714285714285714,86,42,0.4648648648648649,0.6885245901639344
1.0,0.3877551020408163,0.4883720930232558,0.6885245901639344,0.5714285714285714,86,42,0.4648648648648649,0.6885245901639344
1.0,0.4081632653061224,0.4883720930232558,0.6885245901639344,0.5714285714285714,86,42,0.4648648648648649,0.6885245901639344
1.0,0.42857142857142855,0.4883720930232558,0.6885245901639344,0.5714285714285714,86,42,0.4648648648648649,0.6885245901639344
1.0,0.44897959183673464,0.4883720930232558,0.6885245901639344,0.5714285714285714,86,42,0.4648648648648649,0.6885245901639344
1.0,0.4693877551020408,0.4883720930232558,0.6885245901639344,0.5714285714285714,86,42,0.4648648648648649,0.6885245901639344
1.0,0.4897959183673469,0.4883720930232558,0.6885245901639344,0.5714285714285714,86,42,0.4648648648648649,0.6885245901639344
1.0,0.5102040816326531,0.4883720930232558,0.6885245901639344,0.5714285714285714,86,42,0.4648648648648649,0.6885245901639344
1.0,0.5306122448979591,0.4883720930232558,0.6885245901639344,0.5714285714285714,86,42,0.4648648648648649,0.6885245901639344
1.0,0.5510204081632653,0.4883720930232558,0.6885245901639344,0.5714285714285714,86,42,0.4648648648648649,0.6885245901639344
1.0,0.5714285714285714,0.4883720930232558,0.6885245901639344,0.5714285714285714,86,42,0.4648648648648649,0.6885245901639344
1.0,0.5918367346938775,0.4883720930232558,0.6885245901639344,0.5714285714285714,86,42,0.4648648648648649,0.6885245901639344
1.0,0.6122448979591836,0.4883720930232558,0.6885245901639344,0.5714285714285714,86,42,0.4648648648648649,0.6885245901639344
1.0,0.6326530612244897,0.4883720930232558,0.6885245901639344,0.5714285714285714,86,42,0.4648648648648649,0.6885245901639344
1.0,0.6530612244897959,0.4883720930232558,0.6885245901639344,0.5714285714285714,86,42,0.4648648648648649,0.6885245901639344
1.0,0.673469387755102,0.4883720930232558,0.6885245901639344,0.5714285714285714,86,42,0.4648648648648649,0.6885245901639344
1.0,0.6938775510204082,0.4883720930232558,0.6885245901639344,0.5714285714285714,86,42,0.4648648648648649,0.6885245901639344
1.0,0.7142857142857142,0.4883720930232558,0.6885245901639344,0.5714285714285714,86,42,0.4648648648648649,0.6885245901639344
1.0,0.7346938775510203,0.4883720930232558,0.6885245901639344,0.5714285714285714,86,42,0.4648648648648649,0.6885245901639344
1.0,0.7551020408163265,0.4883720930232558,0.6885245901639344,0.5714285714285714,86,42,0.4648648648648649,0.6885245901639344
1.0,0.7755102040816326,0.4883720930232558,0.6885245901639344,0.5714285714285714,86,42,0.4648648648648649,0.6885245901639344
1.0,0.7959183673469387,0.4883720930232558,0.6885245901639344,0.5714285714285714,86,42,0.4648648648648649,0.6885245901639344
1.0,0.8163265306122448,0.4883720930232558,0.6885245901639344,0.5714285714285714,86,42,0.4648648648648649,0.6885245901639344
1.0,0.836734693877551,0.4883720930232558,0.6885245901639344,0.5714285714285714,86,42,0.4648648648648649,0.6885245901639344
1.0,0.8571428571428571,0.4883720930232558,0.6885245901639344,0.5714285714285714,86,42,0.4648648648648649,0.6885245901639344
1.0,0.8775510204081632,0.4883720930232558,0.6885245901639344,0.5714285714285714,86,42,0.4648648648648649,0.6885245901639344
1.0,0.8979591836734693,0.4883720930232558,0.6885245901639344,0.5714285714285714,86,42,0.4648648648648649,0.6885245901639344
1.0,0.9183673469387754,0.4883720930232558,0.6885245901639344,0.5714285714285714,86,42,0.4648648648648649,0.6885245901639344
1.0,0.9387755102040816,0.47,0.7704918032786885,0.5838509316770186,100,47,0.5405405405405406,0.7704918032786885
1.0,0.9591836734693877,0.44642857142857145,0.819672131147541,0.5780346820809249,112,50,0.6054054054054054,0.819672131147541
1.0,0.9795918367346939,0.32972972972972975,1.0,0.49593495934959353,185,61,1.0,1.0
1.0,1.0,0.32972972972972975,1.0,0.49593495934959353,185,61,1.0,1.0
