[iter 0] λ=0.5000 → flips=2909
[iter 1] λ=0.7500 → flips=8612
[iter 2] λ=0.6250 → flips=6661
[iter 3] λ=0.6875 → flips=8077
[iter 4] λ=0.6562 → flips=7652
[iter 5] λ=0.6406 → flips=7288
[iter 6] λ=0.6484 → flips=7288
[iter 7] λ=0.6523 → flips=7430
[iter 8] λ=0.6543 → flips=7535
[iter 9] λ=0.6533 → flips=7535
[iter 10] λ=0.6528 → flips=7535
[iter 11] λ=0.6526 → flips=7430
[iter 12] λ=0.6527 → flips=7430
[iter 13] λ=0.6528 → flips=7430
[iter 14] λ=0.6528 → flips=7535
[iter 15] λ=0.6528 → flips=7430
[iter 16] λ=0.6528 → flips=7535
[iter 17] λ=0.6528 → flips=7430
[iter 18] λ=0.6528 → flips=7535
[iter 19] λ=0.6528 → flips=7430

Best λ=0.6523 → flips=7430, correct=6527/7471
Number of flips performed: 7430
Cell (virus_11137,host_105295): 0 -> 1
Cell (virus_11137,host_51300): 0 -> 1
Cell (virus_11137,host_59473): 0 -> 1
Cell (virus_11137,host_3380546): 0 -> 1
Cell (virus_11137,host_160974): 0 -> 1
Cell (virus_11137,host_2528591): 0 -> 1
Cell (virus_11137,host_412095): 0 -> 1
Cell (virus_11137,host_51298): 0 -> 1
Cell (virus_11137,host_392004): 0 -> 1
Cell (virus_11137,host_138979): 0 -> 1
Cell (virus_11137,host_225400): 0 -> 1
Cell (virus_11137,host_385037): 0 -> 1
Cell (virus_11137,host_187017): 0 -> 1
Cell (virus_11137,host_1207989): 0 -> 1
Cell (virus_11137,host_188569): 0 -> 1
Cell (virus_11137,host_186991): 0 -> 1
Cell (virus_11137,host_270698): 0 -> 1
Cell (virus_11137,host_463808): 0 -> 1
Cell (virus_11137,host_376555): 0 -> 1
Cell (virus_11137,host_169756): 0 -> 1
Cell (virus_11137,host_337452): 0 -> 1
Cell (virus_11137,host_76837): 0 -> 1
Cell (virus_11137,host_76834): 0 -> 1
Cell (virus_11137,host_608708): 0 -> 1
Cell (virus_11137,host_59477): 0 -> 1
Cell (virus_11137,host_249024): 0 -> 1
Cell (virus_11137,host_2603866): 0 -> 1
Cell (virus_11137,host_302408): 0 -> 1
Cell (virus_11137,host_49443): 0 -> 1
Cell (virus_11137,host_59479): 0 -> 1
Cell (virus_11137,host_342862): 0 -> 1
Cell (virus_11137,host_519037): 0 -> 1
Cell (virus_11137,host_337453): 0 -> 1
Cell (virus_11137,host_430492): 0 -> 1
Cell (virus_11137,host_77218): 0 -> 1
Cell (virus_11137,host_549403): 0 -> 1
Cell (virus_11137,host_132908): 0 -> 1
Cell (virus_11137,host_385575): 0 -> 1
Cell (virus_11137,host_328804): 0 -> 1
Cell (virus_11137,host_9403): 0 -> 1
Cell (virus_11137,host_58057): 0 -> 1
Cell (virus_11137,host_1898389): 0 -> 1
Cell (virus_11137,host_77231): 0 -> 1
Cell (virus_11137,host_372077): 0 -> 1
Cell (virus_11137,host_58067): 0 -> 1
Cell (virus_11137,host_498220): 0 -> 1
Cell (virus_11137,host_58071): 0 -> 1
Cell (virus_11137,host_1898393): 0 -> 1
Cell (virus_11137,host_77223): 0 -> 1
Cell (virus_11137,host_9408): 0 -> 1
Cell (virus_11137,host_77214): 0 -> 1
Cell (virus_11137,host_1381355): 0 -> 1
Cell (virus_11137,host_1884717): 0 -> 1
Cell (virus_11137,host_208969): 0 -> 1
Cell (virus_11137,host_148094): 0 -> 1
Cell (virus_11137,host_410852): 0 -> 1
Cell (virus_11137,host_27634): 0 -> 1
Cell (virus_11137,host_40230): 0 -> 1
Cell (virus_11137,host_9417): 0 -> 1
Cell (virus_11137,host_51012): 0 -> 1
Cell (virus_11137,host_192403): 0 -> 1
Cell (virus_11137,host_27660): 0 -> 1
Cell (virus_11137,host_177160): 0 -> 1
Cell (virus_11137,host_177162): 0 -> 1
Cell (virus_11137,host_27638): 0 -> 1
Cell (virus_11137,host_27642): 0 -> 1
Cell (virus_11137,host_148061): 0 -> 1
Cell (virus_11137,host_94961): 0 -> 1
Cell (virus_11137,host_3371013): 0 -> 1
Cell (virus_11137,host_1434095): 0 -> 1
Cell (virus_11137,host_221086): 0 -> 1
Cell (virus_11137,host_291302): 0 -> 1
Cell (virus_11137,host_187007): 0 -> 1
Cell (virus_11137,host_452595): 0 -> 1
Cell (virus_11137,host_3370289): 0 -> 1
Cell (virus_11137,host_9438): 0 -> 1
Cell (virus_11137,host_258930): 0 -> 1
Cell (virus_11137,host_29078): 0 -> 1
Cell (virus_11137,host_2969767): 0 -> 1
Cell (virus_11137,host_3371016): 0 -> 1
Cell (virus_11137,host_3371021): 0 -> 1
Cell (virus_11137,host_999321): 0 -> 1
Cell (virus_11137,host_867834): 0 -> 1
Cell (virus_11137,host_258889): 0 -> 1
Cell (virus_11137,host_2491053): 0 -> 1
Cell (virus_11137,host_526822): 0 -> 1
Cell (virus_11137,host_59485): 0 -> 1
Cell (virus_1244203,host_105295): 0 -> 1
Cell (virus_1244203,host_51300): 0 -> 1
Cell (virus_1244203,host_59473): 0 -> 1
Cell (virus_1244203,host_3380546): 0 -> 1
Cell (virus_1244203,host_160974): 0 -> 1
Cell (virus_1244203,host_1633875): 0 -> 1
Cell (virus_1244203,host_412095): 0 -> 1
Cell (virus_1244203,host_51298): 0 -> 1
Cell (virus_1244203,host_392004): 0 -> 1
Cell (virus_1244203,host_187014): 0 -> 1
Cell (virus_1244203,host_1911917): 0 -> 1
Cell (virus_1244203,host_203696): 0 -> 1
Cell (virus_1244203,host_452653): 0 -> 1
Cell (virus_1244203,host_98922): 0 -> 1
Cell (virus_1244203,host_385037): 0 -> 1
Cell (virus_1244203,host_187017): 0 -> 1
Cell (virus_1244203,host_1207989): 0 -> 1
Cell (virus_1244203,host_59453): 0 -> 1
Cell (virus_1244203,host_186991): 0 -> 1
Cell (virus_1244203,host_270698): 0 -> 1
Cell (virus_1244203,host_376555): 0 -> 1
Cell (virus_1244203,host_337452): 0 -> 1
Cell (virus_1244203,host_76834): 0 -> 1
Cell (virus_1244203,host_608708): 0 -> 1
Cell (virus_1244203,host_59477): 0 -> 1
Cell (virus_1244203,host_249024): 0 -> 1
Cell (virus_1244203,host_2603866): 0 -> 1
Cell (virus_1244203,host_302408): 0 -> 1
Cell (virus_1244203,host_49443): 0 -> 1
Cell (virus_1244203,host_59479): 0 -> 1
Cell (virus_1244203,host_342862): 0 -> 1
Cell (virus_1244203,host_519037): 0 -> 1
Cell (virus_1244203,host_337453): 0 -> 1
Cell (virus_1244203,host_77218): 0 -> 1
Cell (virus_1244203,host_549403): 0 -> 1
Cell (virus_1244203,host_132908): 0 -> 1
Cell (virus_1244203,host_385575): 0 -> 1
Cell (virus_1244203,host_328804): 0 -> 1
Cell (virus_1244203,host_9403): 0 -> 1
Cell (virus_1244203,host_1898389): 0 -> 1
Cell (virus_1244203,host_77231): 0 -> 1
Cell (virus_1244203,host_372077): 0 -> 1
Cell (virus_1244203,host_903567): 0 -> 1
Cell (virus_1244203,host_58067): 0 -> 1
Cell (virus_1244203,host_498220): 0 -> 1
Cell (virus_1244203,host_58071): 0 -> 1
Cell (virus_1244203,host_1898393): 0 -> 1
Cell (virus_1244203,host_77223): 0 -> 1
Cell (virus_1244203,host_9408): 0 -> 1
Cell (virus_1244203,host_77214): 0 -> 1
Cell (virus_1244203,host_1898386): 0 -> 1
Cell (virus_1244203,host_326151): 0 -> 1
Cell (virus_1244203,host_1381355): 0 -> 1
Cell (virus_1244203,host_187003): 0 -> 1
Cell (virus_1244203,host_1884717): 0 -> 1
Cell (virus_1244203,host_208969): 0 -> 1
Cell (virus_1244203,host_148094): 0 -> 1
Cell (virus_1244203,host_410852): 0 -> 1
Cell (virus_1244203,host_27634): 0 -> 1
Cell (virus_1244203,host_51012): 0 -> 1
Cell (virus_1244203,host_27660): 0 -> 1
Cell (virus_1244203,host_177162): 0 -> 1
Cell (virus_1244203,host_27638): 0 -> 1
Cell (virus_1244203,host_27642): 0 -> 1
Cell (virus_1244203,host_148061): 0 -> 1
Cell (virus_1244203,host_221086): 0 -> 1
Cell (virus_1244203,host_291302): 0 -> 1
Cell (virus_1244203,host_479723): 0 -> 1
Cell (virus_1244203,host_452595): 0 -> 1
Cell (virus_1244203,host_3370289): 0 -> 1
Cell (virus_1244203,host_9438): 0 -> 1
Cell (virus_1244203,host_153297): 0 -> 1
Cell (virus_1244203,host_258930): 0 -> 1
Cell (virus_1244203,host_61862): 0 -> 1
Cell (virus_1244203,host_999321): 0 -> 1
Cell (virus_1244203,host_867834): 0 -> 1
Cell (virus_1244203,host_526822): 0 -> 1
Cell (virus_1244203,host_59485): 0 -> 1
Cell (virus_3433754,host_105295): 0 -> 1
Cell (virus_3433754,host_51300): 0 -> 1
Cell (virus_3433754,host_59473): 0 -> 1
Cell (virus_3433754,host_3380546): 0 -> 1
Cell (virus_3433754,host_160974): 0 -> 1
Cell (virus_3433754,host_1633875): 0 -> 1
Cell (virus_3433754,host_412095): 0 -> 1
Cell (virus_3433754,host_51298): 0 -> 1
Cell (virus_3433754,host_392004): 0 -> 1
Cell (virus_3433754,host_187014): 0 -> 1
Cell (virus_3433754,host_1911917): 0 -> 1
Cell (virus_3433754,host_203696): 0 -> 1
Cell (virus_3433754,host_452653): 0 -> 1
Cell (virus_3433754,host_98922): 0 -> 1
Cell (virus_3433754,host_385037): 0 -> 1
Cell (virus_3433754,host_187017): 0 -> 1
Cell (virus_3433754,host_1207989): 0 -> 1
Cell (virus_3433754,host_59453): 0 -> 1
Cell (virus_3433754,host_186991): 0 -> 1
Cell (virus_3433754,host_270698): 0 -> 1
Cell (virus_3433754,host_376555): 0 -> 1
Cell (virus_3433754,host_337452): 0 -> 1
Cell (virus_3433754,host_76834): 0 -> 1
Cell (virus_3433754,host_608708): 0 -> 1
Cell (virus_3433754,host_59477): 0 -> 1
Cell (virus_3433754,host_249024): 0 -> 1
Cell (virus_3433754,host_2603866): 0 -> 1
Cell (virus_3433754,host_302408): 0 -> 1
Cell (virus_3433754,host_49443): 0 -> 1
Cell (virus_3433754,host_59479): 0 -> 1
Cell (virus_3433754,host_342862): 0 -> 1
Cell (virus_3433754,host_519037): 0 -> 1
Cell (virus_3433754,host_337453): 0 -> 1
Cell (virus_3433754,host_77218): 0 -> 1
Cell (virus_3433754,host_549403): 0 -> 1
Cell (virus_3433754,host_132908): 0 -> 1
Cell (virus_3433754,host_385575): 0 -> 1
Cell (virus_3433754,host_328804): 0 -> 1
Cell (virus_3433754,host_9403): 0 -> 1
Cell (virus_3433754,host_1898389): 0 -> 1
Cell (virus_3433754,host_77231): 0 -> 1
Cell (virus_3433754,host_372077): 0 -> 1
Cell (virus_3433754,host_903567): 0 -> 1
Cell (virus_3433754,host_58067): 0 -> 1
Cell (virus_3433754,host_498220): 0 -> 1
Cell (virus_3433754,host_58071): 0 -> 1
Cell (virus_3433754,host_1898393): 0 -> 1
Cell (virus_3433754,host_77223): 0 -> 1
Cell (virus_3433754,host_9408): 0 -> 1
Cell (virus_3433754,host_77214): 0 -> 1
Cell (virus_3433754,host_1898386): 0 -> 1
Cell (virus_3433754,host_326151): 0 -> 1
Cell (virus_3433754,host_1381355): 0 -> 1
Cell (virus_3433754,host_187003): 0 -> 1
Cell (virus_3433754,host_1884717): 0 -> 1
Cell (virus_3433754,host_208969): 0 -> 1
Cell (virus_3433754,host_148094): 0 -> 1
Cell (virus_3433754,host_410852): 0 -> 1
Cell (virus_3433754,host_27634): 0 -> 1
Cell (virus_3433754,host_51012): 0 -> 1
Cell (virus_3433754,host_27660): 0 -> 1
Cell (virus_3433754,host_177162): 0 -> 1
Cell (virus_3433754,host_27638): 0 -> 1
Cell (virus_3433754,host_27642): 0 -> 1
Cell (virus_3433754,host_148061): 0 -> 1
Cell (virus_3433754,host_221086): 0 -> 1
Cell (virus_3433754,host_291302): 0 -> 1
Cell (virus_3433754,host_479723): 0 -> 1
Cell (virus_3433754,host_452595): 0 -> 1
Cell (virus_3433754,host_3370289): 0 -> 1
Cell (virus_3433754,host_9438): 0 -> 1
Cell (virus_3433754,host_153297): 0 -> 1
Cell (virus_3433754,host_258930): 0 -> 1
Cell (virus_3433754,host_61862): 0 -> 1
Cell (virus_3433754,host_999321): 0 -> 1
Cell (virus_3433754,host_867834): 0 -> 1
Cell (virus_3433754,host_526822): 0 -> 1
Cell (virus_3433754,host_59485): 0 -> 1
Cell (virus_3433753,host_105273): 0 -> 1
Cell (virus_3433753,host_105295): 0 -> 1
Cell (virus_3433753,host_51300): 0 -> 1
Cell (virus_3433753,host_59473): 0 -> 1
Cell (virus_3433753,host_3380546): 0 -> 1
Cell (virus_3433753,host_59463): 0 -> 1
Cell (virus_3433753,host_160974): 0 -> 1
Cell (virus_3433753,host_1633875): 0 -> 1
Cell (virus_3433753,host_412095): 0 -> 1
Cell (virus_3433753,host_51298): 0 -> 1
Cell (virus_3433753,host_392004): 0 -> 1
Cell (virus_3433753,host_187014): 0 -> 1
Cell (virus_3433753,host_1911917): 0 -> 1
Cell (virus_3433753,host_203696): 0 -> 1
Cell (virus_3433753,host_452653): 0 -> 1
Cell (virus_3433753,host_98922): 0 -> 1
Cell (virus_3433753,host_385037): 0 -> 1
Cell (virus_3433753,host_187017): 0 -> 1
Cell (virus_3433753,host_1207989): 0 -> 1
Cell (virus_3433753,host_59453): 0 -> 1
Cell (virus_3433753,host_186991): 0 -> 1
Cell (virus_3433753,host_270698): 0 -> 1
Cell (virus_3433753,host_463808): 0 -> 1
Cell (virus_3433753,host_376555): 0 -> 1
Cell (virus_3433753,host_476588): 0 -> 1
Cell (virus_3433753,host_337452): 0 -> 1
Cell (virus_3433753,host_76837): 0 -> 1
Cell (virus_3433753,host_76834): 0 -> 1
Cell (virus_3433753,host_608708): 0 -> 1
Cell (virus_3433753,host_59477): 0 -> 1
Cell (virus_3433753,host_249024): 0 -> 1
Cell (virus_3433753,host_2603866): 0 -> 1
Cell (virus_3433753,host_302408): 0 -> 1
Cell (virus_3433753,host_49443): 0 -> 1
Cell (virus_3433753,host_59479): 0 -> 1
Cell (virus_3433753,host_337453): 0 -> 1
Cell (virus_3433753,host_77218): 0 -> 1
Cell (virus_3433753,host_549403): 0 -> 1
Cell (virus_3433753,host_132908): 0 -> 1
Cell (virus_3433753,host_385575): 0 -> 1
Cell (virus_3433753,host_328804): 0 -> 1
Cell (virus_3433753,host_9403): 0 -> 1
Cell (virus_3433753,host_1898389): 0 -> 1
Cell (virus_3433753,host_77231): 0 -> 1
Cell (virus_3433753,host_372077): 0 -> 1
Cell (virus_3433753,host_58067): 0 -> 1
Cell (virus_3433753,host_58071): 0 -> 1
Cell (virus_3433753,host_1898393): 0 -> 1
Cell (virus_3433753,host_77223): 0 -> 1
Cell (virus_3433753,host_9408): 0 -> 1
Cell (virus_3433753,host_77214): 0 -> 1
Cell (virus_3433753,host_1898386): 0 -> 1
Cell (virus_3433753,host_58060): 0 -> 1
Cell (virus_3433753,host_326151): 0 -> 1
Cell (virus_3433753,host_1381355): 0 -> 1
Cell (virus_3433753,host_187003): 0 -> 1
Cell (virus_3433753,host_1884717): 0 -> 1
Cell (virus_3433753,host_208969): 0 -> 1
Cell (virus_3433753,host_148094): 0 -> 1
Cell (virus_3433753,host_410852): 0 -> 1
Cell (virus_3433753,host_27634): 0 -> 1
Cell (virus_3433753,host_51012): 0 -> 1
Cell (virus_3433753,host_27660): 0 -> 1
Cell (virus_3433753,host_177162): 0 -> 1
Cell (virus_3433753,host_27638): 0 -> 1
Cell (virus_3433753,host_27642): 0 -> 1
Cell (virus_3433753,host_148061): 0 -> 1
Cell (virus_3433753,host_221086): 0 -> 1
Cell (virus_3433753,host_291302): 0 -> 1
Cell (virus_3433753,host_479723): 0 -> 1
Cell (virus_3433753,host_452595): 0 -> 1
Cell (virus_3433753,host_3370289): 0 -> 1
Cell (virus_3433753,host_9438): 0 -> 1
Cell (virus_3433753,host_153297): 0 -> 1
Cell (virus_3433753,host_258952): 0 -> 1
Cell (virus_3433753,host_258930): 0 -> 1
Cell (virus_3433753,host_61862): 0 -> 1
Cell (virus_3433753,host_999321): 0 -> 1
Cell (virus_3433753,host_867834): 0 -> 1
Cell (virus_3433753,host_526822): 0 -> 1
Cell (virus_3433753,host_59485): 0 -> 1
Cell (virus_3119326,host_105295): 0 -> 1
Cell (virus_3119326,host_51300): 0 -> 1
Cell (virus_3119326,host_59473): 0 -> 1
Cell (virus_3119326,host_3380546): 0 -> 1
Cell (virus_3119326,host_59463): 0 -> 1
Cell (virus_3119326,host_109480): 0 -> 1
Cell (virus_3119326,host_160974): 0 -> 1
Cell (virus_3119326,host_1633875): 0 -> 1
Cell (virus_3119326,host_519446): 0 -> 1
Cell (virus_3119326,host_2528591): 0 -> 1
Cell (virus_3119326,host_412095): 0 -> 1
Cell (virus_3119326,host_51298): 0 -> 1
Cell (virus_3119326,host_392004): 0 -> 1
Cell (virus_3119326,host_187014): 0 -> 1
Cell (virus_3119326,host_526407): 0 -> 1
Cell (virus_3119326,host_59461): 0 -> 1
Cell (virus_3119326,host_203696): 0 -> 1
Cell (virus_3119326,host_452653): 0 -> 1
Cell (virus_3119326,host_98922): 0 -> 1
Cell (virus_3119326,host_385037): 0 -> 1
Cell (virus_3119326,host_187017): 0 -> 1
Cell (virus_3119326,host_188569): 0 -> 1
Cell (virus_3119326,host_59453): 0 -> 1
Cell (virus_3119326,host_186991): 0 -> 1
Cell (virus_3119326,host_270698): 0 -> 1
Cell (virus_3119326,host_463808): 0 -> 1
Cell (virus_3119326,host_376555): 0 -> 1
Cell (virus_3119326,host_337452): 0 -> 1
Cell (virus_3119326,host_76837): 0 -> 1
Cell (virus_3119326,host_76834): 0 -> 1
Cell (virus_3119326,host_608708): 0 -> 1
Cell (virus_3119326,host_59477): 0 -> 1
Cell (virus_3119326,host_249024): 0 -> 1
Cell (virus_3119326,host_2603866): 0 -> 1
Cell (virus_3119326,host_302408): 0 -> 1
Cell (virus_3119326,host_49443): 0 -> 1
Cell (virus_3119326,host_59479): 0 -> 1
Cell (virus_3119326,host_342862): 0 -> 1
Cell (virus_3119326,host_519037): 0 -> 1
Cell (virus_3119326,host_337453): 0 -> 1
Cell (virus_3119326,host_77218): 0 -> 1
Cell (virus_3119326,host_549403): 0 -> 1
Cell (virus_3119326,host_132908): 0 -> 1
Cell (virus_3119326,host_385575): 0 -> 1
Cell (virus_3119326,host_328804): 0 -> 1
Cell (virus_3119326,host_9403): 0 -> 1
Cell (virus_3119326,host_77231): 0 -> 1
Cell (virus_3119326,host_372077): 0 -> 1
Cell (virus_3119326,host_58067): 0 -> 1
Cell (virus_3119326,host_498220): 0 -> 1
Cell (virus_3119326,host_58071): 0 -> 1
Cell (virus_3119326,host_1898393): 0 -> 1
Cell (virus_3119326,host_77223): 0 -> 1
Cell (virus_3119326,host_9408): 0 -> 1
Cell (virus_3119326,host_77214): 0 -> 1
Cell (virus_3119326,host_1898386): 0 -> 1
Cell (virus_3119326,host_58060): 0 -> 1
Cell (virus_3119326,host_326151): 0 -> 1
Cell (virus_3119326,host_1381355): 0 -> 1
Cell (virus_3119326,host_187003): 0 -> 1
Cell (virus_3119326,host_1884717): 0 -> 1
Cell (virus_3119326,host_208969): 0 -> 1
Cell (virus_3119326,host_148094): 0 -> 1
Cell (virus_3119326,host_410852): 0 -> 1
Cell (virus_3119326,host_27634): 0 -> 1
Cell (virus_3119326,host_51012): 0 -> 1
Cell (virus_3119326,host_27660): 0 -> 1
Cell (virus_3119326,host_177162): 0 -> 1
Cell (virus_3119326,host_27638): 0 -> 1
Cell (virus_3119326,host_27642): 0 -> 1
Cell (virus_3119326,host_409031): 0 -> 1
Cell (virus_3119326,host_148061): 0 -> 1
Cell (virus_3119326,host_3371013): 0 -> 1
Cell (virus_3119326,host_221086): 0 -> 1
Cell (virus_3119326,host_291302): 0 -> 1
Cell (virus_3119326,host_221087): 0 -> 1
Cell (virus_3119326,host_479723): 0 -> 1
Cell (virus_3119326,host_452595): 0 -> 1
Cell (virus_3119326,host_3370289): 0 -> 1
Cell (virus_3119326,host_153297): 0 -> 1
Cell (virus_3119326,host_258930): 0 -> 1
Cell (virus_3119326,host_272799): 0 -> 1
Cell (virus_3119326,host_61862): 0 -> 1
Cell (virus_3119326,host_999321): 0 -> 1
Cell (virus_3119326,host_867834): 0 -> 1
Cell (virus_3119326,host_526822): 0 -> 1
Cell (virus_3119326,host_59485): 0 -> 1
Cell (virus_3433752,host_105295): 0 -> 1
Cell (virus_3433752,host_59473): 0 -> 1
Cell (virus_3433752,host_3380546): 0 -> 1
Cell (virus_3433752,host_59463): 0 -> 1
Cell (virus_3433752,host_109480): 0 -> 1
Cell (virus_3433752,host_160974): 0 -> 1
Cell (virus_3433752,host_1633875): 0 -> 1
Cell (virus_3433752,host_2528591): 0 -> 1
Cell (virus_3433752,host_412095): 0 -> 1
Cell (virus_3433752,host_51298): 0 -> 1
Cell (virus_3433752,host_392004): 0 -> 1
Cell (virus_3433752,host_187014): 0 -> 1
Cell (virus_3433752,host_526407): 0 -> 1
Cell (virus_3433752,host_203696): 0 -> 1
Cell (virus_3433752,host_452653): 0 -> 1
Cell (virus_3433752,host_98922): 0 -> 1
Cell (virus_3433752,host_385037): 0 -> 1
Cell (virus_3433752,host_187017): 0 -> 1
Cell (virus_3433752,host_1207989): 0 -> 1
Cell (virus_3433752,host_188569): 0 -> 1
Cell (virus_3433752,host_186991): 0 -> 1
Cell (virus_3433752,host_270698): 0 -> 1
Cell (virus_3433752,host_463808): 0 -> 1
Cell (virus_3433752,host_170233): 0 -> 1
Cell (virus_3433752,host_376555): 0 -> 1
Cell (virus_3433752,host_337452): 0 -> 1
Cell (virus_3433752,host_76837): 0 -> 1
Cell (virus_3433752,host_76834): 0 -> 1
Cell (virus_3433752,host_608708): 0 -> 1
Cell (virus_3433752,host_59477): 0 -> 1
Cell (virus_3433752,host_249024): 0 -> 1
Cell (virus_3433752,host_2603866): 0 -> 1
Cell (virus_3433752,host_302408): 0 -> 1
Cell (virus_3433752,host_49443): 0 -> 1
Cell (virus_3433752,host_59479): 0 -> 1
Cell (virus_3433752,host_519037): 0 -> 1
Cell (virus_3433752,host_337453): 0 -> 1
Cell (virus_3433752,host_77218): 0 -> 1
Cell (virus_3433752,host_549403): 0 -> 1
Cell (virus_3433752,host_132908): 0 -> 1
Cell (virus_3433752,host_385575): 0 -> 1
Cell (virus_3433752,host_328804): 0 -> 1
Cell (virus_3433752,host_9403): 0 -> 1
Cell (virus_3433752,host_1898389): 0 -> 1
Cell (virus_3433752,host_77231): 0 -> 1
Cell (virus_3433752,host_372077): 0 -> 1
Cell (virus_3433752,host_58067): 0 -> 1
Cell (virus_3433752,host_498220): 0 -> 1
Cell (virus_3433752,host_58071): 0 -> 1
Cell (virus_3433752,host_1898393): 0 -> 1
Cell (virus_3433752,host_9408): 0 -> 1
Cell (virus_3433752,host_77214): 0 -> 1
Cell (virus_3433752,host_58060): 0 -> 1
Cell (virus_3433752,host_326151): 0 -> 1
Cell (virus_3433752,host_1381355): 0 -> 1
Cell (virus_3433752,host_1884717): 0 -> 1
Cell (virus_3433752,host_208969): 0 -> 1
Cell (virus_3433752,host_148094): 0 -> 1
Cell (virus_3433752,host_410852): 0 -> 1
Cell (virus_3433752,host_27634): 0 -> 1
Cell (virus_3433752,host_51012): 0 -> 1
Cell (virus_3433752,host_27660): 0 -> 1
Cell (virus_3433752,host_27638): 0 -> 1
Cell (virus_3433752,host_27642): 0 -> 1
Cell (virus_3433752,host_148061): 0 -> 1
Cell (virus_3433752,host_3371013): 0 -> 1
Cell (virus_3433752,host_221086): 0 -> 1
Cell (virus_3433752,host_291302): 0 -> 1
Cell (virus_3433752,host_479723): 0 -> 1
Cell (virus_3433752,host_452595): 0 -> 1
Cell (virus_3433752,host_3370289): 0 -> 1
Cell (virus_3433752,host_9438): 0 -> 1
Cell (virus_3433752,host_153297): 0 -> 1
Cell (virus_3433752,host_258930): 0 -> 1
Cell (virus_3433752,host_272799): 0 -> 1
Cell (virus_3433752,host_61862): 0 -> 1
Cell (virus_3433752,host_999321): 0 -> 1
Cell (virus_3433752,host_867834): 0 -> 1
Cell (virus_3433752,host_258959): 0 -> 1
Cell (virus_3433752,host_526822): 0 -> 1
Cell (virus_3433752,host_59485): 0 -> 1
Cell (virus_1906673,host_105295): 0 -> 1
Cell (virus_1906673,host_51300): 0 -> 1
Cell (virus_1906673,host_59473): 0 -> 1
Cell (virus_1906673,host_3380546): 0 -> 1
Cell (virus_1906673,host_59463): 0 -> 1
Cell (virus_1906673,host_160974): 0 -> 1
Cell (virus_1906673,host_1633875): 0 -> 1
Cell (virus_1906673,host_2528591): 0 -> 1
Cell (virus_1906673,host_412095): 0 -> 1
Cell (virus_1906673,host_392004): 0 -> 1
Cell (virus_1906673,host_187014): 0 -> 1
Cell (virus_1906673,host_526407): 0 -> 1
Cell (virus_1906673,host_203696): 0 -> 1
Cell (virus_1906673,host_452653): 0 -> 1
Cell (virus_1906673,host_98922): 0 -> 1
Cell (virus_1906673,host_138979): 0 -> 1
Cell (virus_1906673,host_385037): 0 -> 1
Cell (virus_1906673,host_2015597): 0 -> 1
Cell (virus_1906673,host_187017): 0 -> 1
Cell (virus_1906673,host_2603869): 0 -> 1
Cell (virus_1906673,host_1207989): 0 -> 1
Cell (virus_1906673,host_188569): 0 -> 1
Cell (virus_1906673,host_59453): 0 -> 1
Cell (virus_1906673,host_186991): 0 -> 1
Cell (virus_1906673,host_270698): 0 -> 1
Cell (virus_1906673,host_463808): 0 -> 1
Cell (virus_1906673,host_159858): 0 -> 1
Cell (virus_1906673,host_376555): 0 -> 1
Cell (virus_1906673,host_169756): 0 -> 1
Cell (virus_1906673,host_337452): 0 -> 1
Cell (virus_1906673,host_76837): 0 -> 1
Cell (virus_1906673,host_76834): 0 -> 1
Cell (virus_1906673,host_608708): 0 -> 1
Cell (virus_1906673,host_59477): 0 -> 1
Cell (virus_1906673,host_249024): 0 -> 1
Cell (virus_1906673,host_2603866): 0 -> 1
Cell (virus_1906673,host_302408): 0 -> 1
Cell (virus_1906673,host_59479): 0 -> 1
Cell (virus_1906673,host_342862): 0 -> 1
Cell (virus_1906673,host_519037): 0 -> 1
Cell (virus_1906673,host_337453): 0 -> 1
Cell (virus_1906673,host_77218): 0 -> 1
Cell (virus_1906673,host_549403): 0 -> 1
Cell (virus_1906673,host_166054): 0 -> 1
Cell (virus_1906673,host_385575): 0 -> 1
Cell (virus_1906673,host_328804): 0 -> 1
Cell (virus_1906673,host_9403): 0 -> 1
Cell (virus_1906673,host_58057): 0 -> 1
Cell (virus_1906673,host_1898389): 0 -> 1
Cell (virus_1906673,host_77231): 0 -> 1
Cell (virus_1906673,host_372077): 0 -> 1
Cell (virus_1906673,host_58067): 0 -> 1
Cell (virus_1906673,host_58071): 0 -> 1
Cell (virus_1906673,host_1898393): 0 -> 1
Cell (virus_1906673,host_77223): 0 -> 1
Cell (virus_1906673,host_9408): 0 -> 1
Cell (virus_1906673,host_77214): 0 -> 1
Cell (virus_1906673,host_326083): 0 -> 1
Cell (virus_1906673,host_1381355): 0 -> 1
Cell (virus_1906673,host_187003): 0 -> 1
Cell (virus_1906673,host_1884717): 0 -> 1
Cell (virus_1906673,host_208969): 0 -> 1
Cell (virus_1906673,host_148094): 0 -> 1
Cell (virus_1906673,host_27634): 0 -> 1
Cell (virus_1906673,host_51012): 0 -> 1
Cell (virus_1906673,host_27660): 0 -> 1
Cell (virus_1906673,host_177162): 0 -> 1
Cell (virus_1906673,host_148061): 0 -> 1
Cell (virus_1906673,host_3371013): 0 -> 1
Cell (virus_1906673,host_221086): 0 -> 1
Cell (virus_1906673,host_291302): 0 -> 1
Cell (virus_1906673,host_124751): 0 -> 1
Cell (virus_1906673,host_452595): 0 -> 1
Cell (virus_1906673,host_3370289): 0 -> 1
Cell (virus_1906673,host_999964): 0 -> 1
Cell (virus_1906673,host_153297): 0 -> 1
Cell (virus_1906673,host_258930): 0 -> 1
Cell (virus_1906673,host_29078): 0 -> 1
Cell (virus_1906673,host_2969767): 0 -> 1
Cell (virus_1906673,host_3371021): 0 -> 1
Cell (virus_1906673,host_999321): 0 -> 1
Cell (virus_1906673,host_867834): 0 -> 1
Cell (virus_1906673,host_526822): 0 -> 1
Cell (virus_3433785,host_105295): 0 -> 1
Cell (virus_3433785,host_51300): 0 -> 1
Cell (virus_3433785,host_59473): 0 -> 1
Cell (virus_3433785,host_3380546): 0 -> 1
Cell (virus_3433785,host_59463): 0 -> 1
Cell (virus_3433785,host_160974): 0 -> 1
Cell (virus_3433785,host_1633875): 0 -> 1
Cell (virus_3433785,host_2528591): 0 -> 1
Cell (virus_3433785,host_412095): 0 -> 1
Cell (virus_3433785,host_392004): 0 -> 1
Cell (virus_3433785,host_187014): 0 -> 1
Cell (virus_3433785,host_526407): 0 -> 1
Cell (virus_3433785,host_203696): 0 -> 1
Cell (virus_3433785,host_452653): 0 -> 1
Cell (virus_3433785,host_98922): 0 -> 1
Cell (virus_3433785,host_138979): 0 -> 1
Cell (virus_3433785,host_385037): 0 -> 1
Cell (virus_3433785,host_2015597): 0 -> 1
Cell (virus_3433785,host_187017): 0 -> 1
Cell (virus_3433785,host_2603869): 0 -> 1
Cell (virus_3433785,host_1207989): 0 -> 1
Cell (virus_3433785,host_188569): 0 -> 1
Cell (virus_3433785,host_59453): 0 -> 1
Cell (virus_3433785,host_186991): 0 -> 1
Cell (virus_3433785,host_270698): 0 -> 1
Cell (virus_3433785,host_463808): 0 -> 1
Cell (virus_3433785,host_159858): 0 -> 1
Cell (virus_3433785,host_376555): 0 -> 1
Cell (virus_3433785,host_169756): 0 -> 1
Cell (virus_3433785,host_337452): 0 -> 1
Cell (virus_3433785,host_76837): 0 -> 1
Cell (virus_3433785,host_76834): 0 -> 1
Cell (virus_3433785,host_608708): 0 -> 1
Cell (virus_3433785,host_59477): 0 -> 1
Cell (virus_3433785,host_249024): 0 -> 1
Cell (virus_3433785,host_2603866): 0 -> 1
Cell (virus_3433785,host_302408): 0 -> 1
Cell (virus_3433785,host_59479): 0 -> 1
Cell (virus_3433785,host_342862): 0 -> 1
Cell (virus_3433785,host_519037): 0 -> 1
Cell (virus_3433785,host_337453): 0 -> 1
Cell (virus_3433785,host_77218): 0 -> 1
Cell (virus_3433785,host_549403): 0 -> 1
Cell (virus_3433785,host_166054): 0 -> 1
Cell (virus_3433785,host_385575): 0 -> 1
Cell (virus_3433785,host_328804): 0 -> 1
Cell (virus_3433785,host_9403): 0 -> 1
Cell (virus_3433785,host_58057): 0 -> 1
Cell (virus_3433785,host_1898389): 0 -> 1
Cell (virus_3433785,host_77231): 0 -> 1
Cell (virus_3433785,host_372077): 0 -> 1
Cell (virus_3433785,host_58067): 0 -> 1
Cell (virus_3433785,host_58071): 0 -> 1
Cell (virus_3433785,host_1898393): 0 -> 1
Cell (virus_3433785,host_77223): 0 -> 1
Cell (virus_3433785,host_9408): 0 -> 1
Cell (virus_3433785,host_77214): 0 -> 1
Cell (virus_3433785,host_326083): 0 -> 1
Cell (virus_3433785,host_1381355): 0 -> 1
Cell (virus_3433785,host_187003): 0 -> 1
Cell (virus_3433785,host_1884717): 0 -> 1
Cell (virus_3433785,host_208969): 0 -> 1
Cell (virus_3433785,host_148094): 0 -> 1
Cell (virus_3433785,host_27634): 0 -> 1
Cell (virus_3433785,host_51012): 0 -> 1
Cell (virus_3433785,host_27660): 0 -> 1
Cell (virus_3433785,host_177162): 0 -> 1
Cell (virus_3433785,host_148061): 0 -> 1
Cell (virus_3433785,host_3371013): 0 -> 1
Cell (virus_3433785,host_221086): 0 -> 1
Cell (virus_3433785,host_291302): 0 -> 1
Cell (virus_3433785,host_124751): 0 -> 1
Cell (virus_3433785,host_452595): 0 -> 1
Cell (virus_3433785,host_3370289): 0 -> 1
Cell (virus_3433785,host_999964): 0 -> 1
Cell (virus_3433785,host_153297): 0 -> 1
Cell (virus_3433785,host_258930): 0 -> 1
Cell (virus_3433785,host_29078): 0 -> 1
Cell (virus_3433785,host_2969767): 0 -> 1
Cell (virus_3433785,host_3371021): 0 -> 1
Cell (virus_3433785,host_999321): 0 -> 1
Cell (virus_3433785,host_867834): 0 -> 1
Cell (virus_3433785,host_526822): 0 -> 1
Cell (virus_3433785,host_59485): 0 -> 1
Cell (virus_2971263,host_105295): 0 -> 1
Cell (virus_2971263,host_51300): 0 -> 1
Cell (virus_2971263,host_59473): 0 -> 1
Cell (virus_2971263,host_3380546): 0 -> 1
Cell (virus_2971263,host_59463): 0 -> 1
Cell (virus_2971263,host_160974): 0 -> 1
Cell (virus_2971263,host_1633875): 0 -> 1
Cell (virus_2971263,host_2528591): 0 -> 1
Cell (virus_2971263,host_51298): 0 -> 1
Cell (virus_2971263,host_386774): 0 -> 1
Cell (virus_2971263,host_392004): 0 -> 1
Cell (virus_2971263,host_526407): 0 -> 1
Cell (virus_2971263,host_203696): 0 -> 1
Cell (virus_2971263,host_98922): 0 -> 1
Cell (virus_2971263,host_138979): 0 -> 1
Cell (virus_2971263,host_385037): 0 -> 1
Cell (virus_2971263,host_2603869): 0 -> 1
Cell (virus_2971263,host_1207989): 0 -> 1
Cell (virus_2971263,host_188569): 0 -> 1
Cell (virus_2971263,host_186991): 0 -> 1
Cell (virus_2971263,host_270698): 0 -> 1
Cell (virus_2971263,host_463808): 0 -> 1
Cell (virus_2971263,host_159858): 0 -> 1
Cell (virus_2971263,host_376555): 0 -> 1
Cell (virus_2971263,host_169756): 0 -> 1
Cell (virus_2971263,host_337452): 0 -> 1
Cell (virus_2971263,host_76837): 0 -> 1
Cell (virus_2971263,host_76834): 0 -> 1
Cell (virus_2971263,host_608708): 0 -> 1
Cell (virus_2971263,host_59477): 0 -> 1
Cell (virus_2971263,host_249024): 0 -> 1
Cell (virus_2971263,host_2603866): 0 -> 1
Cell (virus_2971263,host_59479): 0 -> 1
Cell (virus_2971263,host_342862): 0 -> 1
Cell (virus_2971263,host_519037): 0 -> 1
Cell (virus_2971263,host_337453): 0 -> 1
Cell (virus_2971263,host_77218): 0 -> 1
Cell (virus_2971263,host_549403): 0 -> 1
Cell (virus_2971263,host_132908): 0 -> 1
Cell (virus_2971263,host_385575): 0 -> 1
Cell (virus_2971263,host_328804): 0 -> 1
Cell (virus_2971263,host_9403): 0 -> 1
Cell (virus_2971263,host_58057): 0 -> 1
Cell (virus_2971263,host_1898389): 0 -> 1
Cell (virus_2971263,host_77231): 0 -> 1
Cell (virus_2971263,host_372077): 0 -> 1
Cell (virus_2971263,host_58067): 0 -> 1
Cell (virus_2971263,host_58071): 0 -> 1
Cell (virus_2971263,host_77223): 0 -> 1
Cell (virus_2971263,host_9408): 0 -> 1
Cell (virus_2971263,host_77214): 0 -> 1
Cell (virus_2971263,host_1381355): 0 -> 1
Cell (virus_2971263,host_187003): 0 -> 1
Cell (virus_2971263,host_1884717): 0 -> 1
Cell (virus_2971263,host_208969): 0 -> 1
Cell (virus_2971263,host_148094): 0 -> 1
Cell (virus_2971263,host_27634): 0 -> 1
Cell (virus_2971263,host_51012): 0 -> 1
Cell (virus_2971263,host_27660): 0 -> 1
Cell (virus_2971263,host_177162): 0 -> 1
Cell (virus_2971263,host_27638): 0 -> 1
Cell (virus_2971263,host_3371013): 0 -> 1
Cell (virus_2971263,host_221086): 0 -> 1
Cell (virus_2971263,host_291302): 0 -> 1
Cell (virus_2971263,host_221087): 0 -> 1
Cell (virus_2971263,host_479723): 0 -> 1
Cell (virus_2971263,host_124751): 0 -> 1
Cell (virus_2971263,host_452595): 0 -> 1
Cell (virus_2971263,host_3370289): 0 -> 1
Cell (virus_2971263,host_999964): 0 -> 1
Cell (virus_2971263,host_153297): 0 -> 1
Cell (virus_2971263,host_258930): 0 -> 1
Cell (virus_2971263,host_2969767): 0 -> 1
Cell (virus_2971263,host_3371016): 0 -> 1
Cell (virus_2971263,host_3371021): 0 -> 1
Cell (virus_2971263,host_999321): 0 -> 1
Cell (virus_2971263,host_867834): 0 -> 1
Cell (virus_2971263,host_526822): 0 -> 1
Cell (virus_2971263,host_59485): 0 -> 1
Cell (virus_3433786,host_105295): 0 -> 1
Cell (virus_3433786,host_51300): 0 -> 1
Cell (virus_3433786,host_59473): 0 -> 1
Cell (virus_3433786,host_3380546): 0 -> 1
Cell (virus_3433786,host_59463): 0 -> 1
Cell (virus_3433786,host_160974): 0 -> 1
Cell (virus_3433786,host_1633875): 0 -> 1
Cell (virus_3433786,host_2528591): 0 -> 1
Cell (virus_3433786,host_51298): 0 -> 1
Cell (virus_3433786,host_386774): 0 -> 1
Cell (virus_3433786,host_392004): 0 -> 1
Cell (virus_3433786,host_526407): 0 -> 1
Cell (virus_3433786,host_203696): 0 -> 1
Cell (virus_3433786,host_98922): 0 -> 1
Cell (virus_3433786,host_138979): 0 -> 1
Cell (virus_3433786,host_385037): 0 -> 1
Cell (virus_3433786,host_2603869): 0 -> 1
Cell (virus_3433786,host_1207989): 0 -> 1
Cell (virus_3433786,host_188569): 0 -> 1
Cell (virus_3433786,host_186991): 0 -> 1
Cell (virus_3433786,host_270698): 0 -> 1
Cell (virus_3433786,host_463808): 0 -> 1
Cell (virus_3433786,host_159858): 0 -> 1
Cell (virus_3433786,host_376555): 0 -> 1
Cell (virus_3433786,host_169756): 0 -> 1
Cell (virus_3433786,host_337452): 0 -> 1
Cell (virus_3433786,host_76837): 0 -> 1
Cell (virus_3433786,host_76834): 0 -> 1
Cell (virus_3433786,host_608708): 0 -> 1
Cell (virus_3433786,host_59477): 0 -> 1
Cell (virus_3433786,host_249024): 0 -> 1
Cell (virus_3433786,host_2603866): 0 -> 1
Cell (virus_3433786,host_59479): 0 -> 1
Cell (virus_3433786,host_342862): 0 -> 1
Cell (virus_3433786,host_519037): 0 -> 1
Cell (virus_3433786,host_337453): 0 -> 1
Cell (virus_3433786,host_77218): 0 -> 1
Cell (virus_3433786,host_549403): 0 -> 1
Cell (virus_3433786,host_132908): 0 -> 1
Cell (virus_3433786,host_385575): 0 -> 1
Cell (virus_3433786,host_328804): 0 -> 1
Cell (virus_3433786,host_9403): 0 -> 1
Cell (virus_3433786,host_58057): 0 -> 1
Cell (virus_3433786,host_1898389): 0 -> 1
Cell (virus_3433786,host_77231): 0 -> 1
Cell (virus_3433786,host_372077): 0 -> 1
Cell (virus_3433786,host_58067): 0 -> 1
Cell (virus_3433786,host_58071): 0 -> 1
Cell (virus_3433786,host_77223): 0 -> 1
Cell (virus_3433786,host_9408): 0 -> 1
Cell (virus_3433786,host_77214): 0 -> 1
Cell (virus_3433786,host_1381355): 0 -> 1
Cell (virus_3433786,host_187003): 0 -> 1
Cell (virus_3433786,host_1884717): 0 -> 1
Cell (virus_3433786,host_208969): 0 -> 1
Cell (virus_3433786,host_148094): 0 -> 1
Cell (virus_3433786,host_27634): 0 -> 1
Cell (virus_3433786,host_51012): 0 -> 1
Cell (virus_3433786,host_27660): 0 -> 1
Cell (virus_3433786,host_177162): 0 -> 1
Cell (virus_3433786,host_27638): 0 -> 1
Cell (virus_3433786,host_3371013): 0 -> 1
Cell (virus_3433786,host_221086): 0 -> 1
Cell (virus_3433786,host_291302): 0 -> 1
Cell (virus_3433786,host_221087): 0 -> 1
Cell (virus_3433786,host_124751): 0 -> 1
Cell (virus_3433786,host_452595): 0 -> 1
Cell (virus_3433786,host_3370289): 0 -> 1
Cell (virus_3433786,host_999964): 0 -> 1
Cell (virus_3433786,host_153297): 0 -> 1
Cell (virus_3433786,host_258930): 0 -> 1
Cell (virus_3433786,host_2969767): 0 -> 1
Cell (virus_3433786,host_3371016): 0 -> 1
Cell (virus_3433786,host_3371021): 0 -> 1
Cell (virus_3433786,host_999321): 0 -> 1
Cell (virus_3433786,host_867834): 0 -> 1
Cell (virus_3433786,host_526822): 0 -> 1
Cell (virus_3433786,host_59485): 0 -> 1
Cell (virus_2989482,host_105295): 0 -> 1
Cell (virus_2989482,host_51300): 0 -> 1
Cell (virus_2989482,host_59473): 0 -> 1
Cell (virus_2989482,host_3380546): 0 -> 1
Cell (virus_2989482,host_59463): 0 -> 1
Cell (virus_2989482,host_160974): 0 -> 1
Cell (virus_2989482,host_1633875): 0 -> 1
Cell (virus_2989482,host_2528591): 0 -> 1
Cell (virus_2989482,host_51298): 0 -> 1
Cell (virus_2989482,host_392004): 0 -> 1
Cell (virus_2989482,host_187014): 0 -> 1
Cell (virus_2989482,host_526407): 0 -> 1
Cell (virus_2989482,host_203696): 0 -> 1
Cell (virus_2989482,host_452653): 0 -> 1
Cell (virus_2989482,host_98922): 0 -> 1
Cell (virus_2989482,host_138979): 0 -> 1
Cell (virus_2989482,host_385037): 0 -> 1
Cell (virus_2989482,host_187017): 0 -> 1
Cell (virus_2989482,host_2603869): 0 -> 1
Cell (virus_2989482,host_1207989): 0 -> 1
Cell (virus_2989482,host_188569): 0 -> 1
Cell (virus_2989482,host_59453): 0 -> 1
Cell (virus_2989482,host_270698): 0 -> 1
Cell (virus_2989482,host_463808): 0 -> 1
Cell (virus_2989482,host_159858): 0 -> 1
Cell (virus_2989482,host_376555): 0 -> 1
Cell (virus_2989482,host_169756): 0 -> 1
Cell (virus_2989482,host_337452): 0 -> 1
Cell (virus_2989482,host_76837): 0 -> 1
Cell (virus_2989482,host_76834): 0 -> 1
Cell (virus_2989482,host_608708): 0 -> 1
Cell (virus_2989482,host_59477): 0 -> 1
Cell (virus_2989482,host_249024): 0 -> 1
Cell (virus_2989482,host_2603866): 0 -> 1
Cell (virus_2989482,host_59479): 0 -> 1
Cell (virus_2989482,host_342862): 0 -> 1
Cell (virus_2989482,host_519037): 0 -> 1
Cell (virus_2989482,host_337453): 0 -> 1
Cell (virus_2989482,host_77218): 0 -> 1
Cell (virus_2989482,host_549403): 0 -> 1
Cell (virus_2989482,host_132908): 0 -> 1
Cell (virus_2989482,host_385575): 0 -> 1
Cell (virus_2989482,host_328804): 0 -> 1
Cell (virus_2989482,host_9403): 0 -> 1
Cell (virus_2989482,host_58057): 0 -> 1
Cell (virus_2989482,host_1898389): 0 -> 1
Cell (virus_2989482,host_77231): 0 -> 1
Cell (virus_2989482,host_372077): 0 -> 1
Cell (virus_2989482,host_58067): 0 -> 1
Cell (virus_2989482,host_58071): 0 -> 1
Cell (virus_2989482,host_77223): 0 -> 1
Cell (virus_2989482,host_9408): 0 -> 1
Cell (virus_2989482,host_77214): 0 -> 1
Cell (virus_2989482,host_326083): 0 -> 1
Cell (virus_2989482,host_1381355): 0 -> 1
Cell (virus_2989482,host_187003): 0 -> 1
Cell (virus_2989482,host_1884717): 0 -> 1
Cell (virus_2989482,host_208969): 0 -> 1
Cell (virus_2989482,host_148094): 0 -> 1
Cell (virus_2989482,host_27634): 0 -> 1
Cell (virus_2989482,host_51012): 0 -> 1
Cell (virus_2989482,host_27660): 0 -> 1
Cell (virus_2989482,host_177162): 0 -> 1
Cell (virus_2989482,host_27638): 0 -> 1
Cell (virus_2989482,host_3371013): 0 -> 1
Cell (virus_2989482,host_1434095): 0 -> 1
Cell (virus_2989482,host_221086): 0 -> 1
Cell (virus_2989482,host_291302): 0 -> 1
Cell (virus_2989482,host_124751): 0 -> 1
Cell (virus_2989482,host_452595): 0 -> 1
Cell (virus_2989482,host_3370289): 0 -> 1
Cell (virus_2989482,host_999964): 0 -> 1
Cell (virus_2989482,host_153297): 0 -> 1
Cell (virus_2989482,host_258930): 0 -> 1
Cell (virus_2989482,host_2969767): 0 -> 1
Cell (virus_2989482,host_3371016): 0 -> 1
Cell (virus_2989482,host_3371021): 0 -> 1
Cell (virus_2989482,host_999321): 0 -> 1
Cell (virus_2989482,host_867834): 0 -> 1
Cell (virus_2989482,host_526822): 0 -> 1
Cell (virus_2989482,host_59485): 0 -> 1
Cell (virus_3433784,host_105295): 0 -> 1
Cell (virus_3433784,host_51300): 0 -> 1
Cell (virus_3433784,host_59473): 0 -> 1
Cell (virus_3433784,host_3380546): 0 -> 1
Cell (virus_3433784,host_59463): 0 -> 1
Cell (virus_3433784,host_160974): 0 -> 1
Cell (virus_3433784,host_1633875): 0 -> 1
Cell (virus_3433784,host_109481): 0 -> 1
Cell (virus_3433784,host_2528591): 0 -> 1
Cell (virus_3433784,host_51298): 0 -> 1
Cell (virus_3433784,host_392004): 0 -> 1
Cell (virus_3433784,host_187014): 0 -> 1
Cell (virus_3433784,host_526407): 0 -> 1
Cell (virus_3433784,host_203696): 0 -> 1
Cell (virus_3433784,host_452653): 0 -> 1
Cell (virus_3433784,host_98922): 0 -> 1
Cell (virus_3433784,host_138979): 0 -> 1
Cell (virus_3433784,host_385037): 0 -> 1
Cell (virus_3433784,host_187017): 0 -> 1
Cell (virus_3433784,host_2603869): 0 -> 1
Cell (virus_3433784,host_1207989): 0 -> 1
Cell (virus_3433784,host_188569): 0 -> 1
Cell (virus_3433784,host_59453): 0 -> 1
Cell (virus_3433784,host_186991): 0 -> 1
Cell (virus_3433784,host_270698): 0 -> 1
Cell (virus_3433784,host_463808): 0 -> 1
Cell (virus_3433784,host_159858): 0 -> 1
Cell (virus_3433784,host_376555): 0 -> 1
Cell (virus_3433784,host_337452): 0 -> 1
Cell (virus_3433784,host_76837): 0 -> 1
Cell (virus_3433784,host_76834): 0 -> 1
Cell (virus_3433784,host_608708): 0 -> 1
Cell (virus_3433784,host_59477): 0 -> 1
Cell (virus_3433784,host_2603866): 0 -> 1
Cell (virus_3433784,host_59479): 0 -> 1
Cell (virus_3433784,host_342862): 0 -> 1
Cell (virus_3433784,host_519037): 0 -> 1
Cell (virus_3433784,host_337453): 0 -> 1
Cell (virus_3433784,host_77218): 0 -> 1
Cell (virus_3433784,host_132908): 0 -> 1
Cell (virus_3433784,host_385575): 0 -> 1
Cell (virus_3433784,host_328804): 0 -> 1
Cell (virus_3433784,host_9403): 0 -> 1
Cell (virus_3433784,host_58057): 0 -> 1
Cell (virus_3433784,host_1898389): 0 -> 1
Cell (virus_3433784,host_77231): 0 -> 1
Cell (virus_3433784,host_372077): 0 -> 1
Cell (virus_3433784,host_58067): 0 -> 1
Cell (virus_3433784,host_58071): 0 -> 1
Cell (virus_3433784,host_1898393): 0 -> 1
Cell (virus_3433784,host_77223): 0 -> 1
Cell (virus_3433784,host_9408): 0 -> 1
Cell (virus_3433784,host_77214): 0 -> 1
Cell (virus_3433784,host_326083): 0 -> 1
Cell (virus_3433784,host_1381355): 0 -> 1
Cell (virus_3433784,host_1884717): 0 -> 1
Cell (virus_3433784,host_208969): 0 -> 1
Cell (virus_3433784,host_148094): 0 -> 1
Cell (virus_3433784,host_27634): 0 -> 1
Cell (virus_3433784,host_51012): 0 -> 1
Cell (virus_3433784,host_27660): 0 -> 1
Cell (virus_3433784,host_177162): 0 -> 1
Cell (virus_3433784,host_27638): 0 -> 1
Cell (virus_3433784,host_3371013): 0 -> 1
Cell (virus_3433784,host_221086): 0 -> 1
Cell (virus_3433784,host_291302): 0 -> 1
Cell (virus_3433784,host_124751): 0 -> 1
Cell (virus_3433784,host_452595): 0 -> 1
Cell (virus_3433784,host_3370289): 0 -> 1
Cell (virus_3433784,host_999964): 0 -> 1
Cell (virus_3433784,host_153297): 0 -> 1
Cell (virus_3433784,host_258930): 0 -> 1
Cell (virus_3433784,host_29078): 0 -> 1
Cell (virus_3433784,host_2969767): 0 -> 1
Cell (virus_3433784,host_3371016): 0 -> 1
Cell (virus_3433784,host_3371021): 0 -> 1
Cell (virus_3433784,host_999321): 0 -> 1
Cell (virus_3433784,host_867834): 0 -> 1
Cell (virus_3433784,host_526822): 0 -> 1
Cell (virus_3433784,host_59485): 0 -> 1
Cell (virus_2691588,host_105295): 0 -> 1
Cell (virus_2691588,host_51300): 0 -> 1
Cell (virus_2691588,host_59473): 0 -> 1
Cell (virus_2691588,host_3380546): 0 -> 1
Cell (virus_2691588,host_160974): 0 -> 1
Cell (virus_2691588,host_1633875): 0 -> 1
Cell (virus_2691588,host_109481): 0 -> 1
Cell (virus_2691588,host_2528591): 0 -> 1
Cell (virus_2691588,host_412095): 0 -> 1
Cell (virus_2691588,host_51298): 0 -> 1
Cell (virus_2691588,host_392004): 0 -> 1
Cell (virus_2691588,host_187014): 0 -> 1
Cell (virus_2691588,host_526407): 0 -> 1
Cell (virus_2691588,host_452653): 0 -> 1
Cell (virus_2691588,host_98922): 0 -> 1
Cell (virus_2691588,host_138979): 0 -> 1
Cell (virus_2691588,host_186991): 0 -> 1
Cell (virus_2691588,host_334201): 0 -> 1
Cell (virus_2691588,host_463808): 0 -> 1
Cell (virus_2691588,host_376555): 0 -> 1
Cell (virus_2691588,host_337452): 0 -> 1
Cell (virus_2691588,host_76837): 0 -> 1
Cell (virus_2691588,host_76834): 0 -> 1
Cell (virus_2691588,host_608708): 0 -> 1
Cell (virus_2691588,host_59477): 0 -> 1
Cell (virus_2691588,host_476589): 0 -> 1
Cell (virus_2691588,host_249024): 0 -> 1
Cell (virus_2691588,host_302408): 0 -> 1
Cell (virus_2691588,host_49443): 0 -> 1
Cell (virus_2691588,host_342862): 0 -> 1
Cell (virus_2691588,host_337453): 0 -> 1
Cell (virus_2691588,host_77218): 0 -> 1
Cell (virus_2691588,host_549403): 0 -> 1
Cell (virus_2691588,host_132908): 0 -> 1
Cell (virus_2691588,host_385575): 0 -> 1
Cell (virus_2691588,host_328804): 0 -> 1
Cell (virus_2691588,host_9403): 0 -> 1
Cell (virus_2691588,host_58057): 0 -> 1
Cell (virus_2691588,host_1898389): 0 -> 1
Cell (virus_2691588,host_77231): 0 -> 1
Cell (virus_2691588,host_372077): 0 -> 1
Cell (virus_2691588,host_58067): 0 -> 1
Cell (virus_2691588,host_58071): 0 -> 1
Cell (virus_2691588,host_1898393): 0 -> 1
Cell (virus_2691588,host_77223): 0 -> 1
Cell (virus_2691588,host_9408): 0 -> 1
Cell (virus_2691588,host_77214): 0 -> 1
Cell (virus_2691588,host_1381355): 0 -> 1
Cell (virus_2691588,host_187003): 0 -> 1
Cell (virus_2691588,host_1884717): 0 -> 1
Cell (virus_2691588,host_59476): 0 -> 1
Cell (virus_2691588,host_148094): 0 -> 1
Cell (virus_2691588,host_410852): 0 -> 1
Cell (virus_2691588,host_27634): 0 -> 1
Cell (virus_2691588,host_51012): 0 -> 1
Cell (virus_2691588,host_40224): 0 -> 1
Cell (virus_2691588,host_196700): 0 -> 1
Cell (virus_2691588,host_27660): 0 -> 1
Cell (virus_2691588,host_177162): 0 -> 1
Cell (virus_2691588,host_27642): 0 -> 1
Cell (virus_2691588,host_89673): 0 -> 1
Cell (virus_2691588,host_148061): 0 -> 1
Cell (virus_2691588,host_3371013): 0 -> 1
Cell (virus_2691588,host_221086): 0 -> 1
Cell (virus_2691588,host_291302): 0 -> 1
Cell (virus_2691588,host_27622): 0 -> 1
Cell (virus_2691588,host_452595): 0 -> 1
Cell (virus_2691588,host_9438): 0 -> 1
Cell (virus_2691588,host_258930): 0 -> 1
Cell (virus_2691588,host_61862): 0 -> 1
Cell (virus_2691588,host_29078): 0 -> 1
Cell (virus_2691588,host_2969767): 0 -> 1
Cell (virus_2691588,host_3371021): 0 -> 1
Cell (virus_2691588,host_999321): 0 -> 1
Cell (virus_2691588,host_867834): 0 -> 1
Cell (virus_2691588,host_526822): 0 -> 1
Cell (virus_2691588,host_59485): 0 -> 1
Cell (virus_3433780,host_105295): 0 -> 1
Cell (virus_3433780,host_51300): 0 -> 1
Cell (virus_3433780,host_59473): 0 -> 1
Cell (virus_3433780,host_3380546): 0 -> 1
Cell (virus_3433780,host_160974): 0 -> 1
Cell (virus_3433780,host_1633875): 0 -> 1
Cell (virus_3433780,host_109481): 0 -> 1
Cell (virus_3433780,host_2528591): 0 -> 1
Cell (virus_3433780,host_412095): 0 -> 1
Cell (virus_3433780,host_51298): 0 -> 1
Cell (virus_3433780,host_392004): 0 -> 1
Cell (virus_3433780,host_187014): 0 -> 1
Cell (virus_3433780,host_526407): 0 -> 1
Cell (virus_3433780,host_452653): 0 -> 1
Cell (virus_3433780,host_98922): 0 -> 1
Cell (virus_3433780,host_138979): 0 -> 1
Cell (virus_3433780,host_186991): 0 -> 1
Cell (virus_3433780,host_334201): 0 -> 1
Cell (virus_3433780,host_463808): 0 -> 1
Cell (virus_3433780,host_376555): 0 -> 1
Cell (virus_3433780,host_337452): 0 -> 1
Cell (virus_3433780,host_76837): 0 -> 1
Cell (virus_3433780,host_320431): 0 -> 1
Cell (virus_3433780,host_76834): 0 -> 1
Cell (virus_3433780,host_608708): 0 -> 1
Cell (virus_3433780,host_59477): 0 -> 1
Cell (virus_3433780,host_476589): 0 -> 1
Cell (virus_3433780,host_249024): 0 -> 1
Cell (virus_3433780,host_302408): 0 -> 1
Cell (virus_3433780,host_49443): 0 -> 1
Cell (virus_3433780,host_342862): 0 -> 1
Cell (virus_3433780,host_337453): 0 -> 1
Cell (virus_3433780,host_77218): 0 -> 1
Cell (virus_3433780,host_549403): 0 -> 1
Cell (virus_3433780,host_132908): 0 -> 1
Cell (virus_3433780,host_385575): 0 -> 1
Cell (virus_3433780,host_328804): 0 -> 1
Cell (virus_3433780,host_9403): 0 -> 1
Cell (virus_3433780,host_58057): 0 -> 1
Cell (virus_3433780,host_1898389): 0 -> 1
Cell (virus_3433780,host_77231): 0 -> 1
Cell (virus_3433780,host_372077): 0 -> 1
Cell (virus_3433780,host_58067): 0 -> 1
Cell (virus_3433780,host_58071): 0 -> 1
Cell (virus_3433780,host_1898393): 0 -> 1
Cell (virus_3433780,host_77223): 0 -> 1
Cell (virus_3433780,host_9408): 0 -> 1
Cell (virus_3433780,host_77214): 0 -> 1
Cell (virus_3433780,host_1381355): 0 -> 1
Cell (virus_3433780,host_187003): 0 -> 1
Cell (virus_3433780,host_1884717): 0 -> 1
Cell (virus_3433780,host_59476): 0 -> 1
Cell (virus_3433780,host_148094): 0 -> 1
Cell (virus_3433780,host_410852): 0 -> 1
Cell (virus_3433780,host_27634): 0 -> 1
Cell (virus_3433780,host_51012): 0 -> 1
Cell (virus_3433780,host_40224): 0 -> 1
Cell (virus_3433780,host_196700): 0 -> 1
Cell (virus_3433780,host_27660): 0 -> 1
Cell (virus_3433780,host_177162): 0 -> 1
Cell (virus_3433780,host_27642): 0 -> 1
Cell (virus_3433780,host_89673): 0 -> 1
Cell (virus_3433780,host_148061): 0 -> 1
Cell (virus_3433780,host_3371013): 0 -> 1
Cell (virus_3433780,host_221086): 0 -> 1
Cell (virus_3433780,host_291302): 0 -> 1
Cell (virus_3433780,host_27622): 0 -> 1
Cell (virus_3433780,host_452595): 0 -> 1
Cell (virus_3433780,host_9438): 0 -> 1
Cell (virus_3433780,host_258930): 0 -> 1
Cell (virus_3433780,host_61862): 0 -> 1
Cell (virus_3433780,host_29078): 0 -> 1
Cell (virus_3433780,host_2969767): 0 -> 1
Cell (virus_3433780,host_3371021): 0 -> 1
Cell (virus_3433780,host_999321): 0 -> 1
Cell (virus_3433780,host_526822): 0 -> 1
Cell (virus_3433780,host_59485): 0 -> 1
Cell (virus_694000,host_105295): 0 -> 1
Cell (virus_694000,host_51300): 0 -> 1
Cell (virus_694000,host_59473): 0 -> 1
Cell (virus_694000,host_3380546): 0 -> 1
Cell (virus_694000,host_160974): 0 -> 1
Cell (virus_694000,host_1633875): 0 -> 1
Cell (virus_694000,host_109481): 0 -> 1
Cell (virus_694000,host_2528591): 0 -> 1
Cell (virus_694000,host_412095): 0 -> 1
Cell (virus_694000,host_51298): 0 -> 1
Cell (virus_694000,host_392004): 0 -> 1
Cell (virus_694000,host_187014): 0 -> 1
Cell (virus_694000,host_526407): 0 -> 1
Cell (virus_694000,host_452653): 0 -> 1
Cell (virus_694000,host_98922): 0 -> 1
Cell (virus_694000,host_138979): 0 -> 1
Cell (virus_694000,host_186991): 0 -> 1
Cell (virus_694000,host_334201): 0 -> 1
Cell (virus_694000,host_463808): 0 -> 1
Cell (virus_694000,host_376555): 0 -> 1
Cell (virus_694000,host_337452): 0 -> 1
Cell (virus_694000,host_76837): 0 -> 1
Cell (virus_694000,host_320431): 0 -> 1
Cell (virus_694000,host_76834): 0 -> 1
Cell (virus_694000,host_608708): 0 -> 1
Cell (virus_694000,host_59477): 0 -> 1
Cell (virus_694000,host_476589): 0 -> 1
Cell (virus_694000,host_249024): 0 -> 1
Cell (virus_694000,host_302408): 0 -> 1
Cell (virus_694000,host_49443): 0 -> 1
Cell (virus_694000,host_342862): 0 -> 1
Cell (virus_694000,host_337453): 0 -> 1
Cell (virus_694000,host_77218): 0 -> 1
Cell (virus_694000,host_549403): 0 -> 1
Cell (virus_694000,host_132908): 0 -> 1
Cell (virus_694000,host_385575): 0 -> 1
Cell (virus_694000,host_328804): 0 -> 1
Cell (virus_694000,host_9403): 0 -> 1
Cell (virus_694000,host_58057): 0 -> 1
Cell (virus_694000,host_1898389): 0 -> 1
Cell (virus_694000,host_77231): 0 -> 1
Cell (virus_694000,host_372077): 0 -> 1
Cell (virus_694000,host_58067): 0 -> 1
Cell (virus_694000,host_58071): 0 -> 1
Cell (virus_694000,host_1898393): 0 -> 1
Cell (virus_694000,host_77223): 0 -> 1
Cell (virus_694000,host_9408): 0 -> 1
Cell (virus_694000,host_77214): 0 -> 1
Cell (virus_694000,host_1381355): 0 -> 1
Cell (virus_694000,host_187003): 0 -> 1
Cell (virus_694000,host_1884717): 0 -> 1
Cell (virus_694000,host_59476): 0 -> 1
Cell (virus_694000,host_148094): 0 -> 1
Cell (virus_694000,host_410852): 0 -> 1
Cell (virus_694000,host_27634): 0 -> 1
Cell (virus_694000,host_51012): 0 -> 1
Cell (virus_694000,host_40224): 0 -> 1
Cell (virus_694000,host_196700): 0 -> 1
Cell (virus_694000,host_27660): 0 -> 1
Cell (virus_694000,host_177162): 0 -> 1
Cell (virus_694000,host_27642): 0 -> 1
Cell (virus_694000,host_89673): 0 -> 1
Cell (virus_694000,host_148061): 0 -> 1
Cell (virus_694000,host_3371013): 0 -> 1
Cell (virus_694000,host_221086): 0 -> 1
Cell (virus_694000,host_291302): 0 -> 1
Cell (virus_694000,host_27622): 0 -> 1
Cell (virus_694000,host_452595): 0 -> 1
Cell (virus_694000,host_9438): 0 -> 1
Cell (virus_694000,host_258930): 0 -> 1
Cell (virus_694000,host_61862): 0 -> 1
Cell (virus_694000,host_29078): 0 -> 1
Cell (virus_694000,host_2969767): 0 -> 1
Cell (virus_694000,host_3371021): 0 -> 1
Cell (virus_694000,host_999321): 0 -> 1
Cell (virus_694000,host_526822): 0 -> 1
Cell (virus_694000,host_59485): 0 -> 1
Cell (virus_3119327,host_105295): 0 -> 1
Cell (virus_3119327,host_51300): 0 -> 1
Cell (virus_3119327,host_59473): 0 -> 1
Cell (virus_3119327,host_3380546): 0 -> 1
Cell (virus_3119327,host_160974): 0 -> 1
Cell (virus_3119327,host_1633875): 0 -> 1
Cell (virus_3119327,host_109481): 0 -> 1
Cell (virus_3119327,host_2528591): 0 -> 1
Cell (virus_3119327,host_412095): 0 -> 1
Cell (virus_3119327,host_51298): 0 -> 1
Cell (virus_3119327,host_392004): 0 -> 1
Cell (virus_3119327,host_526407): 0 -> 1
Cell (virus_3119327,host_452653): 0 -> 1
Cell (virus_3119327,host_98922): 0 -> 1
Cell (virus_3119327,host_138979): 0 -> 1
Cell (virus_3119327,host_187017): 0 -> 1
Cell (virus_3119327,host_186991): 0 -> 1
Cell (virus_3119327,host_270698): 0 -> 1
Cell (virus_3119327,host_334201): 0 -> 1
Cell (virus_3119327,host_463808): 0 -> 1
Cell (virus_3119327,host_376555): 0 -> 1
Cell (virus_3119327,host_337452): 0 -> 1
Cell (virus_3119327,host_76837): 0 -> 1
Cell (virus_3119327,host_76834): 0 -> 1
Cell (virus_3119327,host_608708): 0 -> 1
Cell (virus_3119327,host_59477): 0 -> 1
Cell (virus_3119327,host_249024): 0 -> 1
Cell (virus_3119327,host_2603866): 0 -> 1
Cell (virus_3119327,host_302408): 0 -> 1
Cell (virus_3119327,host_49443): 0 -> 1
Cell (virus_3119327,host_342862): 0 -> 1
Cell (virus_3119327,host_77218): 0 -> 1
Cell (virus_3119327,host_549403): 0 -> 1
Cell (virus_3119327,host_132908): 0 -> 1
Cell (virus_3119327,host_385575): 0 -> 1
Cell (virus_3119327,host_328804): 0 -> 1
Cell (virus_3119327,host_9403): 0 -> 1
Cell (virus_3119327,host_58057): 0 -> 1
Cell (virus_3119327,host_1898389): 0 -> 1
Cell (virus_3119327,host_77231): 0 -> 1
Cell (virus_3119327,host_372077): 0 -> 1
Cell (virus_3119327,host_58067): 0 -> 1
Cell (virus_3119327,host_498220): 0 -> 1
Cell (virus_3119327,host_58071): 0 -> 1
Cell (virus_3119327,host_77243): 0 -> 1
Cell (virus_3119327,host_1898393): 0 -> 1
Cell (virus_3119327,host_77223): 0 -> 1
Cell (virus_3119327,host_9408): 0 -> 1
Cell (virus_3119327,host_77214): 0 -> 1
Cell (virus_3119327,host_1381355): 0 -> 1
Cell (virus_3119327,host_187003): 0 -> 1
Cell (virus_3119327,host_1884717): 0 -> 1
Cell (virus_3119327,host_148094): 0 -> 1
Cell (virus_3119327,host_410852): 0 -> 1
Cell (virus_3119327,host_27634): 0 -> 1
Cell (virus_3119327,host_51012): 0 -> 1
Cell (virus_3119327,host_40224): 0 -> 1
Cell (virus_3119327,host_196700): 0 -> 1
Cell (virus_3119327,host_27660): 0 -> 1
Cell (virus_3119327,host_177162): 0 -> 1
Cell (virus_3119327,host_27642): 0 -> 1
Cell (virus_3119327,host_148061): 0 -> 1
Cell (virus_3119327,host_3371013): 0 -> 1
Cell (virus_3119327,host_221086): 0 -> 1
Cell (virus_3119327,host_291302): 0 -> 1
Cell (virus_3119327,host_27622): 0 -> 1
Cell (virus_3119327,host_452595): 0 -> 1
Cell (virus_3119327,host_9438): 0 -> 1
Cell (virus_3119327,host_153297): 0 -> 1
Cell (virus_3119327,host_258930): 0 -> 1
Cell (virus_3119327,host_61862): 0 -> 1
Cell (virus_3119327,host_29078): 0 -> 1
Cell (virus_3119327,host_2969767): 0 -> 1
Cell (virus_3119327,host_3371021): 0 -> 1
Cell (virus_3119327,host_999321): 0 -> 1
Cell (virus_3119327,host_867834): 0 -> 1
Cell (virus_3119327,host_526822): 0 -> 1
Cell (virus_3119327,host_59485): 0 -> 1
Cell (virus_2809631,host_105295): 0 -> 1
Cell (virus_2809631,host_51300): 0 -> 1
Cell (virus_2809631,host_59473): 0 -> 1
Cell (virus_2809631,host_3380546): 0 -> 1
Cell (virus_2809631,host_1633875): 0 -> 1
Cell (virus_2809631,host_2528591): 0 -> 1
Cell (virus_2809631,host_412095): 0 -> 1
Cell (virus_2809631,host_51298): 0 -> 1
Cell (virus_2809631,host_392004): 0 -> 1
Cell (virus_2809631,host_187014): 0 -> 1
Cell (virus_2809631,host_526407): 0 -> 1
Cell (virus_2809631,host_452653): 0 -> 1
Cell (virus_2809631,host_98922): 0 -> 1
Cell (virus_2809631,host_138979): 0 -> 1
Cell (virus_2809631,host_187017): 0 -> 1
Cell (virus_2809631,host_186991): 0 -> 1
Cell (virus_2809631,host_270698): 0 -> 1
Cell (virus_2809631,host_334201): 0 -> 1
Cell (virus_2809631,host_463808): 0 -> 1
Cell (virus_2809631,host_376555): 0 -> 1
Cell (virus_2809631,host_337452): 0 -> 1
Cell (virus_2809631,host_76837): 0 -> 1
Cell (virus_2809631,host_76834): 0 -> 1
Cell (virus_2809631,host_608708): 0 -> 1
Cell (virus_2809631,host_59477): 0 -> 1
Cell (virus_2809631,host_249024): 0 -> 1
Cell (virus_2809631,host_2603866): 0 -> 1
Cell (virus_2809631,host_302408): 0 -> 1
Cell (virus_2809631,host_49443): 0 -> 1
Cell (virus_2809631,host_59479): 0 -> 1
Cell (virus_2809631,host_342862): 0 -> 1
Cell (virus_2809631,host_337453): 0 -> 1
Cell (virus_2809631,host_77218): 0 -> 1
Cell (virus_2809631,host_549403): 0 -> 1
Cell (virus_2809631,host_132908): 0 -> 1
Cell (virus_2809631,host_385575): 0 -> 1
Cell (virus_2809631,host_328804): 0 -> 1
Cell (virus_2809631,host_9403): 0 -> 1
Cell (virus_2809631,host_58057): 0 -> 1
Cell (virus_2809631,host_1410044): 0 -> 1
Cell (virus_2809631,host_1898389): 0 -> 1
Cell (virus_2809631,host_77231): 0 -> 1
Cell (virus_2809631,host_372077): 0 -> 1
Cell (virus_2809631,host_58067): 0 -> 1
Cell (virus_2809631,host_498220): 0 -> 1
Cell (virus_2809631,host_58071): 0 -> 1
Cell (virus_2809631,host_77223): 0 -> 1
Cell (virus_2809631,host_9408): 0 -> 1
Cell (virus_2809631,host_58065): 0 -> 1
Cell (virus_2809631,host_58063): 0 -> 1
Cell (virus_2809631,host_77214): 0 -> 1
Cell (virus_2809631,host_1381355): 0 -> 1
Cell (virus_2809631,host_148094): 0 -> 1
Cell (virus_2809631,host_410852): 0 -> 1
Cell (virus_2809631,host_27634): 0 -> 1
Cell (virus_2809631,host_51012): 0 -> 1
Cell (virus_2809631,host_40224): 0 -> 1
Cell (virus_2809631,host_196700): 0 -> 1
Cell (virus_2809631,host_177162): 0 -> 1
Cell (virus_2809631,host_27638): 0 -> 1
Cell (virus_2809631,host_27642): 0 -> 1
Cell (virus_2809631,host_148061): 0 -> 1
Cell (virus_2809631,host_3371013): 0 -> 1
Cell (virus_2809631,host_221086): 0 -> 1
Cell (virus_2809631,host_291302): 0 -> 1
Cell (virus_2809631,host_27622): 0 -> 1
Cell (virus_2809631,host_452595): 0 -> 1
Cell (virus_2809631,host_9438): 0 -> 1
Cell (virus_2809631,host_153297): 0 -> 1
Cell (virus_2809631,host_258930): 0 -> 1
Cell (virus_2809631,host_61862): 0 -> 1
Cell (virus_2809631,host_2969767): 0 -> 1
Cell (virus_2809631,host_3371021): 0 -> 1
Cell (virus_2809631,host_999321): 0 -> 1
Cell (virus_2809631,host_867834): 0 -> 1
Cell (virus_2809631,host_526822): 0 -> 1
Cell (virus_2809631,host_59485): 0 -> 1
Cell (virus_3433779,host_105295): 0 -> 1
Cell (virus_3433779,host_51300): 0 -> 1
Cell (virus_3433779,host_59473): 0 -> 1
Cell (virus_3433779,host_3380546): 0 -> 1
Cell (virus_3433779,host_160974): 0 -> 1
Cell (virus_3433779,host_1633875): 0 -> 1
Cell (virus_3433779,host_2528591): 0 -> 1
Cell (virus_3433779,host_412095): 0 -> 1
Cell (virus_3433779,host_51298): 0 -> 1
Cell (virus_3433779,host_392004): 0 -> 1
Cell (virus_3433779,host_187014): 0 -> 1
Cell (virus_3433779,host_526407): 0 -> 1
Cell (virus_3433779,host_452653): 0 -> 1
Cell (virus_3433779,host_98922): 0 -> 1
Cell (virus_3433779,host_138979): 0 -> 1
Cell (virus_3433779,host_187017): 0 -> 1
Cell (virus_3433779,host_186991): 0 -> 1
Cell (virus_3433779,host_270698): 0 -> 1
Cell (virus_3433779,host_334201): 0 -> 1
Cell (virus_3433779,host_463808): 0 -> 1
Cell (virus_3433779,host_376555): 0 -> 1
Cell (virus_3433779,host_337452): 0 -> 1
Cell (virus_3433779,host_76837): 0 -> 1
Cell (virus_3433779,host_76834): 0 -> 1
Cell (virus_3433779,host_608708): 0 -> 1
Cell (virus_3433779,host_59477): 0 -> 1
Cell (virus_3433779,host_249024): 0 -> 1
Cell (virus_3433779,host_2603866): 0 -> 1
Cell (virus_3433779,host_49443): 0 -> 1
Cell (virus_3433779,host_59479): 0 -> 1
Cell (virus_3433779,host_342862): 0 -> 1
Cell (virus_3433779,host_77218): 0 -> 1
Cell (virus_3433779,host_549403): 0 -> 1
Cell (virus_3433779,host_132908): 0 -> 1
Cell (virus_3433779,host_385575): 0 -> 1
Cell (virus_3433779,host_328804): 0 -> 1
Cell (virus_3433779,host_9403): 0 -> 1
Cell (virus_3433779,host_58057): 0 -> 1
Cell (virus_3433779,host_1898389): 0 -> 1
Cell (virus_3433779,host_77231): 0 -> 1
Cell (virus_3433779,host_372077): 0 -> 1
Cell (virus_3433779,host_58067): 0 -> 1
Cell (virus_3433779,host_498220): 0 -> 1
Cell (virus_3433779,host_58071): 0 -> 1
Cell (virus_3433779,host_1898393): 0 -> 1
Cell (virus_3433779,host_77223): 0 -> 1
Cell (virus_3433779,host_9408): 0 -> 1
Cell (virus_3433779,host_58065): 0 -> 1
Cell (virus_3433779,host_77214): 0 -> 1
Cell (virus_3433779,host_1381355): 0 -> 1
Cell (virus_3433779,host_148094): 0 -> 1
Cell (virus_3433779,host_410852): 0 -> 1
Cell (virus_3433779,host_51012): 0 -> 1
Cell (virus_3433779,host_40224): 0 -> 1
Cell (virus_3433779,host_196700): 0 -> 1
Cell (virus_3433779,host_177162): 0 -> 1
Cell (virus_3433779,host_27638): 0 -> 1
Cell (virus_3433779,host_27642): 0 -> 1
Cell (virus_3433779,host_148061): 0 -> 1
Cell (virus_3433779,host_3371013): 0 -> 1
Cell (virus_3433779,host_221086): 0 -> 1
Cell (virus_3433779,host_291302): 0 -> 1
Cell (virus_3433779,host_27622): 0 -> 1
Cell (virus_3433779,host_452595): 0 -> 1
Cell (virus_3433779,host_9438): 0 -> 1
Cell (virus_3433779,host_153297): 0 -> 1
Cell (virus_3433779,host_258930): 0 -> 1
Cell (virus_3433779,host_61862): 0 -> 1
Cell (virus_3433779,host_2969767): 0 -> 1
Cell (virus_3433779,host_3371021): 0 -> 1
Cell (virus_3433779,host_999321): 0 -> 1
Cell (virus_3433779,host_867834): 0 -> 1
Cell (virus_3433779,host_526822): 0 -> 1
Cell (virus_3433779,host_59485): 0 -> 1
Cell (virus_694001,host_105295): 0 -> 1
Cell (virus_694001,host_51300): 0 -> 1
Cell (virus_694001,host_59473): 0 -> 1
Cell (virus_694001,host_3380546): 0 -> 1
Cell (virus_694001,host_160974): 0 -> 1
Cell (virus_694001,host_1633875): 0 -> 1
Cell (virus_694001,host_2528591): 0 -> 1
Cell (virus_694001,host_412095): 0 -> 1
Cell (virus_694001,host_51298): 0 -> 1
Cell (virus_694001,host_392004): 0 -> 1
Cell (virus_694001,host_187014): 0 -> 1
Cell (virus_694001,host_526407): 0 -> 1
Cell (virus_694001,host_452653): 0 -> 1
Cell (virus_694001,host_98922): 0 -> 1
Cell (virus_694001,host_138979): 0 -> 1
Cell (virus_694001,host_187017): 0 -> 1
Cell (virus_694001,host_186991): 0 -> 1
Cell (virus_694001,host_270698): 0 -> 1
Cell (virus_694001,host_334201): 0 -> 1
Cell (virus_694001,host_463808): 0 -> 1
Cell (virus_694001,host_376555): 0 -> 1
Cell (virus_694001,host_337452): 0 -> 1
Cell (virus_694001,host_76837): 0 -> 1
Cell (virus_694001,host_76834): 0 -> 1
Cell (virus_694001,host_608708): 0 -> 1
Cell (virus_694001,host_59477): 0 -> 1
Cell (virus_694001,host_249024): 0 -> 1
Cell (virus_694001,host_2603866): 0 -> 1
Cell (virus_694001,host_49443): 0 -> 1
Cell (virus_694001,host_59479): 0 -> 1
Cell (virus_694001,host_342862): 0 -> 1
Cell (virus_694001,host_77218): 0 -> 1
Cell (virus_694001,host_549403): 0 -> 1
Cell (virus_694001,host_132908): 0 -> 1
Cell (virus_694001,host_385575): 0 -> 1
Cell (virus_694001,host_328804): 0 -> 1
Cell (virus_694001,host_9403): 0 -> 1
Cell (virus_694001,host_58057): 0 -> 1
Cell (virus_694001,host_1898389): 0 -> 1
Cell (virus_694001,host_77231): 0 -> 1
Cell (virus_694001,host_372077): 0 -> 1
Cell (virus_694001,host_58067): 0 -> 1
Cell (virus_694001,host_498220): 0 -> 1
Cell (virus_694001,host_58071): 0 -> 1
Cell (virus_694001,host_1898393): 0 -> 1
Cell (virus_694001,host_77223): 0 -> 1
Cell (virus_694001,host_9408): 0 -> 1
Cell (virus_694001,host_58065): 0 -> 1
Cell (virus_694001,host_77214): 0 -> 1
Cell (virus_694001,host_1381355): 0 -> 1
Cell (virus_694001,host_148094): 0 -> 1
Cell (virus_694001,host_410852): 0 -> 1
Cell (virus_694001,host_51012): 0 -> 1
Cell (virus_694001,host_40224): 0 -> 1
Cell (virus_694001,host_196700): 0 -> 1
Cell (virus_694001,host_177162): 0 -> 1
Cell (virus_694001,host_27638): 0 -> 1
Cell (virus_694001,host_27642): 0 -> 1
Cell (virus_694001,host_148061): 0 -> 1
Cell (virus_694001,host_3371013): 0 -> 1
Cell (virus_694001,host_221086): 0 -> 1
Cell (virus_694001,host_291302): 0 -> 1
Cell (virus_694001,host_27622): 0 -> 1
Cell (virus_694001,host_452595): 0 -> 1
Cell (virus_694001,host_9438): 0 -> 1
Cell (virus_694001,host_153297): 0 -> 1
Cell (virus_694001,host_258930): 0 -> 1
Cell (virus_694001,host_61862): 0 -> 1
Cell (virus_694001,host_2969767): 0 -> 1
Cell (virus_694001,host_3371021): 0 -> 1
Cell (virus_694001,host_999321): 0 -> 1
Cell (virus_694001,host_867834): 0 -> 1
Cell (virus_694001,host_526822): 0 -> 1
Cell (virus_694001,host_59485): 0 -> 1
Cell (virus_3027594,host_105295): 0 -> 1
Cell (virus_3027594,host_59473): 0 -> 1
Cell (virus_3027594,host_3380546): 0 -> 1
Cell (virus_3027594,host_160974): 0 -> 1
Cell (virus_3027594,host_1633875): 0 -> 1
Cell (virus_3027594,host_2528591): 0 -> 1
Cell (virus_3027594,host_412095): 0 -> 1
Cell (virus_3027594,host_51298): 0 -> 1
Cell (virus_3027594,host_392004): 0 -> 1
Cell (virus_3027594,host_187014): 0 -> 1
Cell (virus_3027594,host_526407): 0 -> 1
Cell (virus_3027594,host_452653): 0 -> 1
Cell (virus_3027594,host_98922): 0 -> 1
Cell (virus_3027594,host_138979): 0 -> 1
Cell (virus_3027594,host_187017): 0 -> 1
Cell (virus_3027594,host_186991): 0 -> 1
Cell (virus_3027594,host_270698): 0 -> 1
Cell (virus_3027594,host_463808): 0 -> 1
Cell (virus_3027594,host_376555): 0 -> 1
Cell (virus_3027594,host_337452): 0 -> 1
Cell (virus_3027594,host_76837): 0 -> 1
Cell (virus_3027594,host_76834): 0 -> 1
Cell (virus_3027594,host_608708): 0 -> 1
Cell (virus_3027594,host_59477): 0 -> 1
Cell (virus_3027594,host_2603866): 0 -> 1
Cell (virus_3027594,host_302408): 0 -> 1
Cell (virus_3027594,host_49443): 0 -> 1
Cell (virus_3027594,host_59479): 0 -> 1
Cell (virus_3027594,host_342862): 0 -> 1
Cell (virus_3027594,host_519037): 0 -> 1
Cell (virus_3027594,host_337453): 0 -> 1
Cell (virus_3027594,host_77218): 0 -> 1
Cell (virus_3027594,host_549403): 0 -> 1
Cell (virus_3027594,host_132908): 0 -> 1
Cell (virus_3027594,host_385575): 0 -> 1
Cell (virus_3027594,host_328804): 0 -> 1
Cell (virus_3027594,host_9402): 0 -> 1
Cell (virus_3027594,host_58057): 0 -> 1
Cell (virus_3027594,host_1898389): 0 -> 1
Cell (virus_3027594,host_77231): 0 -> 1
Cell (virus_3027594,host_372077): 0 -> 1
Cell (virus_3027594,host_58067): 0 -> 1
Cell (virus_3027594,host_498220): 0 -> 1
Cell (virus_3027594,host_58071): 0 -> 1
Cell (virus_3027594,host_1898393): 0 -> 1
Cell (virus_3027594,host_77223): 0 -> 1
Cell (virus_3027594,host_9408): 0 -> 1
Cell (virus_3027594,host_77214): 0 -> 1
Cell (virus_3027594,host_1381355): 0 -> 1
Cell (virus_3027594,host_187003): 0 -> 1
Cell (virus_3027594,host_1884717): 0 -> 1
Cell (virus_3027594,host_208969): 0 -> 1
Cell (virus_3027594,host_148094): 0 -> 1
Cell (virus_3027594,host_410852): 0 -> 1
Cell (virus_3027594,host_27634): 0 -> 1
Cell (virus_3027594,host_51012): 0 -> 1
Cell (virus_3027594,host_40224): 0 -> 1
Cell (virus_3027594,host_27660): 0 -> 1
Cell (virus_3027594,host_177162): 0 -> 1
Cell (virus_3027594,host_27642): 0 -> 1
Cell (virus_3027594,host_148061): 0 -> 1
Cell (virus_3027594,host_3371013): 0 -> 1
Cell (virus_3027594,host_221086): 0 -> 1
Cell (virus_3027594,host_291302): 0 -> 1
Cell (virus_3027594,host_452595): 0 -> 1
Cell (virus_3027594,host_9438): 0 -> 1
Cell (virus_3027594,host_153297): 0 -> 1
Cell (virus_3027594,host_258930): 0 -> 1
Cell (virus_3027594,host_61862): 0 -> 1
Cell (virus_3027594,host_258909): 0 -> 1
Cell (virus_3027594,host_29078): 0 -> 1
Cell (virus_3027594,host_2969767): 0 -> 1
Cell (virus_3027594,host_3371021): 0 -> 1
Cell (virus_3027594,host_999321): 0 -> 1
Cell (virus_3027594,host_867834): 0 -> 1
Cell (virus_3027594,host_258889): 0 -> 1
Cell (virus_3027594,host_2491053): 0 -> 1
Cell (virus_3027594,host_526822): 0 -> 1
Cell (virus_3027594,host_59485): 0 -> 1
Cell (virus_3433782,host_105295): 0 -> 1
Cell (virus_3433782,host_51300): 0 -> 1
Cell (virus_3433782,host_59473): 0 -> 1
Cell (virus_3433782,host_3380546): 0 -> 1
Cell (virus_3433782,host_1633875): 0 -> 1
Cell (virus_3433782,host_109481): 0 -> 1
Cell (virus_3433782,host_2528591): 0 -> 1
Cell (virus_3433782,host_412095): 0 -> 1
Cell (virus_3433782,host_51298): 0 -> 1
Cell (virus_3433782,host_392004): 0 -> 1
Cell (virus_3433782,host_187014): 0 -> 1
Cell (virus_3433782,host_526407): 0 -> 1
Cell (virus_3433782,host_452653): 0 -> 1
Cell (virus_3433782,host_98922): 0 -> 1
Cell (virus_3433782,host_138979): 0 -> 1
Cell (virus_3433782,host_225400): 0 -> 1
Cell (virus_3433782,host_187017): 0 -> 1
Cell (virus_3433782,host_186991): 0 -> 1
Cell (virus_3433782,host_270698): 0 -> 1
Cell (virus_3433782,host_463808): 0 -> 1
Cell (virus_3433782,host_376555): 0 -> 1
Cell (virus_3433782,host_337452): 0 -> 1
Cell (virus_3433782,host_76837): 0 -> 1
Cell (virus_3433782,host_76834): 0 -> 1
Cell (virus_3433782,host_608708): 0 -> 1
Cell (virus_3433782,host_59477): 0 -> 1
Cell (virus_3433782,host_2603866): 0 -> 1
Cell (virus_3433782,host_302408): 0 -> 1
Cell (virus_3433782,host_49443): 0 -> 1
Cell (virus_3433782,host_59479): 0 -> 1
Cell (virus_3433782,host_342862): 0 -> 1
Cell (virus_3433782,host_519037): 0 -> 1
Cell (virus_3433782,host_337453): 0 -> 1
Cell (virus_3433782,host_77218): 0 -> 1
Cell (virus_3433782,host_549403): 0 -> 1
Cell (virus_3433782,host_132908): 0 -> 1
Cell (virus_3433782,host_385575): 0 -> 1
Cell (virus_3433782,host_328804): 0 -> 1
Cell (virus_3433782,host_9402): 0 -> 1
Cell (virus_3433782,host_9403): 0 -> 1
Cell (virus_3433782,host_58057): 0 -> 1
Cell (virus_3433782,host_1898389): 0 -> 1
Cell (virus_3433782,host_77231): 0 -> 1
Cell (virus_3433782,host_372077): 0 -> 1
Cell (virus_3433782,host_58067): 0 -> 1
Cell (virus_3433782,host_498220): 0 -> 1
Cell (virus_3433782,host_58071): 0 -> 1
Cell (virus_3433782,host_1898393): 0 -> 1
Cell (virus_3433782,host_77223): 0 -> 1
Cell (virus_3433782,host_9408): 0 -> 1
Cell (virus_3433782,host_77214): 0 -> 1
Cell (virus_3433782,host_1381355): 0 -> 1
Cell (virus_3433782,host_187003): 0 -> 1
Cell (virus_3433782,host_1884717): 0 -> 1
Cell (virus_3433782,host_208969): 0 -> 1
Cell (virus_3433782,host_148094): 0 -> 1
Cell (virus_3433782,host_410852): 0 -> 1
Cell (virus_3433782,host_27634): 0 -> 1
Cell (virus_3433782,host_51012): 0 -> 1
Cell (virus_3433782,host_40224): 0 -> 1
Cell (virus_3433782,host_27660): 0 -> 1
Cell (virus_3433782,host_177162): 0 -> 1
Cell (virus_3433782,host_148061): 0 -> 1
Cell (virus_3433782,host_3371013): 0 -> 1
Cell (virus_3433782,host_221086): 0 -> 1
Cell (virus_3433782,host_291302): 0 -> 1
Cell (virus_3433782,host_452595): 0 -> 1
Cell (virus_3433782,host_9438): 0 -> 1
Cell (virus_3433782,host_153297): 0 -> 1
Cell (virus_3433782,host_258930): 0 -> 1
Cell (virus_3433782,host_61862): 0 -> 1
Cell (virus_3433782,host_258909): 0 -> 1
Cell (virus_3433782,host_29078): 0 -> 1
Cell (virus_3433782,host_2969767): 0 -> 1
Cell (virus_3433782,host_3371021): 0 -> 1
Cell (virus_3433782,host_999321): 0 -> 1
Cell (virus_3433782,host_867834): 0 -> 1
Cell (virus_3433782,host_258889): 0 -> 1
Cell (virus_3433782,host_2491053): 0 -> 1
Cell (virus_3433782,host_526822): 0 -> 1
Cell (virus_3433782,host_59485): 0 -> 1
Cell (virus_3027595,host_105295): 0 -> 1
Cell (virus_3027595,host_51300): 0 -> 1
Cell (virus_3027595,host_59473): 0 -> 1
Cell (virus_3027595,host_3380546): 0 -> 1
Cell (virus_3027595,host_59463): 0 -> 1
Cell (virus_3027595,host_160974): 0 -> 1
Cell (virus_3027595,host_1633875): 0 -> 1
Cell (virus_3027595,host_2528591): 0 -> 1
Cell (virus_3027595,host_412095): 0 -> 1
Cell (virus_3027595,host_51298): 0 -> 1
Cell (virus_3027595,host_392004): 0 -> 1
Cell (virus_3027595,host_187014): 0 -> 1
Cell (virus_3027595,host_526407): 0 -> 1
Cell (virus_3027595,host_452653): 0 -> 1
Cell (virus_3027595,host_98922): 0 -> 1
Cell (virus_3027595,host_138979): 0 -> 1
Cell (virus_3027595,host_187017): 0 -> 1
Cell (virus_3027595,host_186991): 0 -> 1
Cell (virus_3027595,host_270698): 0 -> 1
Cell (virus_3027595,host_463808): 0 -> 1
Cell (virus_3027595,host_376555): 0 -> 1
Cell (virus_3027595,host_337452): 0 -> 1
Cell (virus_3027595,host_76837): 0 -> 1
Cell (virus_3027595,host_76834): 0 -> 1
Cell (virus_3027595,host_608708): 0 -> 1
Cell (virus_3027595,host_59477): 0 -> 1
Cell (virus_3027595,host_2603866): 0 -> 1
Cell (virus_3027595,host_302408): 0 -> 1
Cell (virus_3027595,host_49443): 0 -> 1
Cell (virus_3027595,host_342862): 0 -> 1
Cell (virus_3027595,host_337453): 0 -> 1
Cell (virus_3027595,host_77218): 0 -> 1
Cell (virus_3027595,host_549403): 0 -> 1
Cell (virus_3027595,host_132908): 0 -> 1
Cell (virus_3027595,host_385575): 0 -> 1
Cell (virus_3027595,host_9403): 0 -> 1
Cell (virus_3027595,host_58057): 0 -> 1
Cell (virus_3027595,host_1898389): 0 -> 1
Cell (virus_3027595,host_77231): 0 -> 1
Cell (virus_3027595,host_372077): 0 -> 1
Cell (virus_3027595,host_58067): 0 -> 1
Cell (virus_3027595,host_498220): 0 -> 1
Cell (virus_3027595,host_58071): 0 -> 1
Cell (virus_3027595,host_1898393): 0 -> 1
Cell (virus_3027595,host_77223): 0 -> 1
Cell (virus_3027595,host_9408): 0 -> 1
Cell (virus_3027595,host_77214): 0 -> 1
Cell (virus_3027595,host_1381355): 0 -> 1
Cell (virus_3027595,host_187003): 0 -> 1
Cell (virus_3027595,host_1884717): 0 -> 1
Cell (virus_3027595,host_208969): 0 -> 1
Cell (virus_3027595,host_40233): 0 -> 1
Cell (virus_3027595,host_148094): 0 -> 1
Cell (virus_3027595,host_410852): 0 -> 1
Cell (virus_3027595,host_27634): 0 -> 1
Cell (virus_3027595,host_51012): 0 -> 1
Cell (virus_3027595,host_40224): 0 -> 1
Cell (virus_3027595,host_196700): 0 -> 1
Cell (virus_3027595,host_27660): 0 -> 1
Cell (virus_3027595,host_177162): 0 -> 1
Cell (virus_3027595,host_27638): 0 -> 1
Cell (virus_3027595,host_27642): 0 -> 1
Cell (virus_3027595,host_148061): 0 -> 1
Cell (virus_3027595,host_3371013): 0 -> 1
Cell (virus_3027595,host_221086): 0 -> 1
Cell (virus_3027595,host_452595): 0 -> 1
Cell (virus_3027595,host_3370289): 0 -> 1
Cell (virus_3027595,host_9438): 0 -> 1
Cell (virus_3027595,host_153297): 0 -> 1
Cell (virus_3027595,host_258930): 0 -> 1
Cell (virus_3027595,host_61862): 0 -> 1
Cell (virus_3027595,host_29078): 0 -> 1
Cell (virus_3027595,host_2969767): 0 -> 1
Cell (virus_3027595,host_3371021): 0 -> 1
Cell (virus_3027595,host_999321): 0 -> 1
Cell (virus_3027595,host_867834): 0 -> 1
Cell (virus_3027595,host_258889): 0 -> 1
Cell (virus_3027595,host_2491053): 0 -> 1
Cell (virus_3027595,host_526822): 0 -> 1
Cell (virus_3027595,host_59485): 0 -> 1
Cell (virus_2917968,host_105273): 0 -> 1
Cell (virus_2917968,host_105295): 0 -> 1
Cell (virus_2917968,host_51300): 0 -> 1
Cell (virus_2917968,host_59473): 0 -> 1
Cell (virus_2917968,host_3380546): 0 -> 1
Cell (virus_2917968,host_257882): 0 -> 1
Cell (virus_2917968,host_160974): 0 -> 1
Cell (virus_2917968,host_1633875): 0 -> 1
Cell (virus_2917968,host_2528591): 0 -> 1
Cell (virus_2917968,host_412095): 0 -> 1
Cell (virus_2917968,host_51298): 0 -> 1
Cell (virus_2917968,host_392004): 0 -> 1
Cell (virus_2917968,host_187014): 0 -> 1
Cell (virus_2917968,host_526407): 0 -> 1
Cell (virus_2917968,host_203696): 0 -> 1
Cell (virus_2917968,host_452653): 0 -> 1
Cell (virus_2917968,host_138979): 0 -> 1
Cell (virus_2917968,host_385037): 0 -> 1
Cell (virus_2917968,host_1207989): 0 -> 1
Cell (virus_2917968,host_59453): 0 -> 1
Cell (virus_2917968,host_186991): 0 -> 1
Cell (virus_2917968,host_270698): 0 -> 1
Cell (virus_2917968,host_463808): 0 -> 1
Cell (virus_2917968,host_376555): 0 -> 1
Cell (virus_2917968,host_337452): 0 -> 1
Cell (virus_2917968,host_76837): 0 -> 1
Cell (virus_2917968,host_76834): 0 -> 1
Cell (virus_2917968,host_608708): 0 -> 1
Cell (virus_2917968,host_59477): 0 -> 1
Cell (virus_2917968,host_249024): 0 -> 1
Cell (virus_2917968,host_2603866): 0 -> 1
Cell (virus_2917968,host_302408): 0 -> 1
Cell (virus_2917968,host_49443): 0 -> 1
Cell (virus_2917968,host_59479): 0 -> 1
Cell (virus_2917968,host_342862): 0 -> 1
Cell (virus_2917968,host_519037): 0 -> 1
Cell (virus_2917968,host_337453): 0 -> 1
Cell (virus_2917968,host_77218): 0 -> 1
Cell (virus_2917968,host_549403): 0 -> 1
Cell (virus_2917968,host_132908): 0 -> 1
Cell (virus_2917968,host_385575): 0 -> 1
Cell (virus_2917968,host_328804): 0 -> 1
Cell (virus_2917968,host_9403): 0 -> 1
Cell (virus_2917968,host_58057): 0 -> 1
Cell (virus_2917968,host_1898389): 0 -> 1
Cell (virus_2917968,host_372077): 0 -> 1
Cell (virus_2917968,host_58067): 0 -> 1
Cell (virus_2917968,host_498220): 0 -> 1
Cell (virus_2917968,host_58071): 0 -> 1
Cell (virus_2917968,host_1898393): 0 -> 1
Cell (virus_2917968,host_77223): 0 -> 1
Cell (virus_2917968,host_9408): 0 -> 1
Cell (virus_2917968,host_77214): 0 -> 1
Cell (virus_2917968,host_1381355): 0 -> 1
Cell (virus_2917968,host_187003): 0 -> 1
Cell (virus_2917968,host_208969): 0 -> 1
Cell (virus_2917968,host_148094): 0 -> 1
Cell (virus_2917968,host_410852): 0 -> 1
Cell (virus_2917968,host_27634): 0 -> 1
Cell (virus_2917968,host_51012): 0 -> 1
Cell (virus_2917968,host_27660): 0 -> 1
Cell (virus_2917968,host_27638): 0 -> 1
Cell (virus_2917968,host_27642): 0 -> 1
Cell (virus_2917968,host_148061): 0 -> 1
Cell (virus_2917968,host_3371013): 0 -> 1
Cell (virus_2917968,host_221086): 0 -> 1
Cell (virus_2917968,host_291302): 0 -> 1
Cell (virus_2917968,host_124751): 0 -> 1
Cell (virus_2917968,host_27622): 0 -> 1
Cell (virus_2917968,host_452595): 0 -> 1
Cell (virus_2917968,host_3370289): 0 -> 1
Cell (virus_2917968,host_9438): 0 -> 1
Cell (virus_2917968,host_153297): 0 -> 1
Cell (virus_2917968,host_258930): 0 -> 1
Cell (virus_2917968,host_61862): 0 -> 1
Cell (virus_2917968,host_29078): 0 -> 1
Cell (virus_2917968,host_3371016): 0 -> 1
Cell (virus_2917968,host_3371021): 0 -> 1
Cell (virus_2917968,host_999321): 0 -> 1
Cell (virus_2917968,host_867834): 0 -> 1
Cell (virus_2917968,host_110938): 0 -> 1
Cell (virus_2917968,host_526822): 0 -> 1
Cell (virus_2917968,host_59485): 0 -> 1
Cell (virus_3119328,host_105273): 0 -> 1
Cell (virus_3119328,host_105295): 0 -> 1
Cell (virus_3119328,host_51300): 0 -> 1
Cell (virus_3119328,host_59473): 0 -> 1
Cell (virus_3119328,host_3380546): 0 -> 1
Cell (virus_3119328,host_160974): 0 -> 1
Cell (virus_3119328,host_2528591): 0 -> 1
Cell (virus_3119328,host_412095): 0 -> 1
Cell (virus_3119328,host_51298): 0 -> 1
Cell (virus_3119328,host_392004): 0 -> 1
Cell (virus_3119328,host_187014): 0 -> 1
Cell (virus_3119328,host_526407): 0 -> 1
Cell (virus_3119328,host_203696): 0 -> 1
Cell (virus_3119328,host_452653): 0 -> 1
Cell (virus_3119328,host_138979): 0 -> 1
Cell (virus_3119328,host_258940): 0 -> 1
Cell (virus_3119328,host_385037): 0 -> 1
Cell (virus_3119328,host_155035): 0 -> 1
Cell (virus_3119328,host_1207989): 0 -> 1
Cell (virus_3119328,host_59453): 0 -> 1
Cell (virus_3119328,host_186990): 0 -> 1
Cell (virus_3119328,host_186991): 0 -> 1
Cell (virus_3119328,host_270698): 0 -> 1
Cell (virus_3119328,host_463808): 0 -> 1
Cell (virus_3119328,host_376555): 0 -> 1
Cell (virus_3119328,host_337452): 0 -> 1
Cell (virus_3119328,host_76837): 0 -> 1
Cell (virus_3119328,host_76834): 0 -> 1
Cell (virus_3119328,host_608708): 0 -> 1
Cell (virus_3119328,host_59477): 0 -> 1
Cell (virus_3119328,host_249024): 0 -> 1
Cell (virus_3119328,host_2603866): 0 -> 1
Cell (virus_3119328,host_302408): 0 -> 1
Cell (virus_3119328,host_49443): 0 -> 1
Cell (virus_3119328,host_59479): 0 -> 1
Cell (virus_3119328,host_342862): 0 -> 1
Cell (virus_3119328,host_519037): 0 -> 1
Cell (virus_3119328,host_337453): 0 -> 1
Cell (virus_3119328,host_77218): 0 -> 1
Cell (virus_3119328,host_549403): 0 -> 1
Cell (virus_3119328,host_132908): 0 -> 1
Cell (virus_3119328,host_385575): 0 -> 1
Cell (virus_3119328,host_328804): 0 -> 1
Cell (virus_3119328,host_9403): 0 -> 1
Cell (virus_3119328,host_58057): 0 -> 1
Cell (virus_3119328,host_1898389): 0 -> 1
Cell (virus_3119328,host_372077): 0 -> 1
Cell (virus_3119328,host_58067): 0 -> 1
Cell (virus_3119328,host_498220): 0 -> 1
Cell (virus_3119328,host_58071): 0 -> 1
Cell (virus_3119328,host_1898393): 0 -> 1
Cell (virus_3119328,host_77223): 0 -> 1
Cell (virus_3119328,host_9408): 0 -> 1
Cell (virus_3119328,host_77214): 0 -> 1
Cell (virus_3119328,host_1381355): 0 -> 1
Cell (virus_3119328,host_187003): 0 -> 1
Cell (virus_3119328,host_208969): 0 -> 1
Cell (virus_3119328,host_148094): 0 -> 1
Cell (virus_3119328,host_410852): 0 -> 1
Cell (virus_3119328,host_27634): 0 -> 1
Cell (virus_3119328,host_51012): 0 -> 1
Cell (virus_3119328,host_27660): 0 -> 1
Cell (virus_3119328,host_177162): 0 -> 1
Cell (virus_3119328,host_27642): 0 -> 1
Cell (virus_3119328,host_148061): 0 -> 1
Cell (virus_3119328,host_3371013): 0 -> 1
Cell (virus_3119328,host_221086): 0 -> 1
Cell (virus_3119328,host_291302): 0 -> 1
Cell (virus_3119328,host_124751): 0 -> 1
Cell (virus_3119328,host_27622): 0 -> 1
Cell (virus_3119328,host_452595): 0 -> 1
Cell (virus_3119328,host_3370289): 0 -> 1
Cell (virus_3119328,host_9438): 0 -> 1
Cell (virus_3119328,host_153297): 0 -> 1
Cell (virus_3119328,host_249034): 0 -> 1
Cell (virus_3119328,host_258930): 0 -> 1
Cell (virus_3119328,host_61862): 0 -> 1
Cell (virus_3119328,host_29078): 0 -> 1
Cell (virus_3119328,host_3371016): 0 -> 1
Cell (virus_3119328,host_3371021): 0 -> 1
Cell (virus_3119328,host_999321): 0 -> 1
Cell (virus_3119328,host_867834): 0 -> 1
Cell (virus_3119328,host_110938): 0 -> 1
Cell (virus_3119328,host_526822): 0 -> 1
Cell (virus_3119328,host_59485): 0 -> 1
Cell (virus_3119329,host_105273): 0 -> 1
Cell (virus_3119329,host_105295): 0 -> 1
Cell (virus_3119329,host_51300): 0 -> 1
Cell (virus_3119329,host_59473): 0 -> 1
Cell (virus_3119329,host_3380546): 0 -> 1
Cell (virus_3119329,host_59463): 0 -> 1
Cell (virus_3119329,host_160974): 0 -> 1
Cell (virus_3119329,host_1633875): 0 -> 1
Cell (virus_3119329,host_2528591): 0 -> 1
Cell (virus_3119329,host_412095): 0 -> 1
Cell (virus_3119329,host_51298): 0 -> 1
Cell (virus_3119329,host_392004): 0 -> 1
Cell (virus_3119329,host_187014): 0 -> 1
Cell (virus_3119329,host_526407): 0 -> 1
Cell (virus_3119329,host_203696): 0 -> 1
Cell (virus_3119329,host_452653): 0 -> 1
Cell (virus_3119329,host_138979): 0 -> 1
Cell (virus_3119329,host_385037): 0 -> 1
Cell (virus_3119329,host_187017): 0 -> 1
Cell (virus_3119329,host_1207989): 0 -> 1
Cell (virus_3119329,host_188569): 0 -> 1
Cell (virus_3119329,host_59453): 0 -> 1
Cell (virus_3119329,host_186991): 0 -> 1
Cell (virus_3119329,host_270698): 0 -> 1
Cell (virus_3119329,host_463808): 0 -> 1
Cell (virus_3119329,host_376555): 0 -> 1
Cell (virus_3119329,host_337452): 0 -> 1
Cell (virus_3119329,host_76837): 0 -> 1
Cell (virus_3119329,host_76834): 0 -> 1
Cell (virus_3119329,host_608708): 0 -> 1
Cell (virus_3119329,host_59477): 0 -> 1
Cell (virus_3119329,host_249024): 0 -> 1
Cell (virus_3119329,host_2603866): 0 -> 1
Cell (virus_3119329,host_302408): 0 -> 1
Cell (virus_3119329,host_49443): 0 -> 1
Cell (virus_3119329,host_59479): 0 -> 1
Cell (virus_3119329,host_342862): 0 -> 1
Cell (virus_3119329,host_519037): 0 -> 1
Cell (virus_3119329,host_337453): 0 -> 1
Cell (virus_3119329,host_77218): 0 -> 1
Cell (virus_3119329,host_549403): 0 -> 1
Cell (virus_3119329,host_132908): 0 -> 1
Cell (virus_3119329,host_385575): 0 -> 1
Cell (virus_3119329,host_9403): 0 -> 1
Cell (virus_3119329,host_58057): 0 -> 1
Cell (virus_3119329,host_1898389): 0 -> 1
Cell (virus_3119329,host_77231): 0 -> 1
Cell (virus_3119329,host_372077): 0 -> 1
Cell (virus_3119329,host_58067): 0 -> 1
Cell (virus_3119329,host_498220): 0 -> 1
Cell (virus_3119329,host_58071): 0 -> 1
Cell (virus_3119329,host_1898393): 0 -> 1
Cell (virus_3119329,host_77223): 0 -> 1
Cell (virus_3119329,host_9408): 0 -> 1
Cell (virus_3119329,host_77214): 0 -> 1
Cell (virus_3119329,host_1381355): 0 -> 1
Cell (virus_3119329,host_187003): 0 -> 1
Cell (virus_3119329,host_1884717): 0 -> 1
Cell (virus_3119329,host_208969): 0 -> 1
Cell (virus_3119329,host_148094): 0 -> 1
Cell (virus_3119329,host_410852): 0 -> 1
Cell (virus_3119329,host_27634): 0 -> 1
Cell (virus_3119329,host_51012): 0 -> 1
Cell (virus_3119329,host_27660): 0 -> 1
Cell (virus_3119329,host_177162): 0 -> 1
Cell (virus_3119329,host_27638): 0 -> 1
Cell (virus_3119329,host_27642): 0 -> 1
Cell (virus_3119329,host_148061): 0 -> 1
Cell (virus_3119329,host_3371013): 0 -> 1
Cell (virus_3119329,host_221086): 0 -> 1
Cell (virus_3119329,host_291302): 0 -> 1
Cell (virus_3119329,host_452595): 0 -> 1
Cell (virus_3119329,host_3370289): 0 -> 1
Cell (virus_3119329,host_9438): 0 -> 1
Cell (virus_3119329,host_153297): 0 -> 1
Cell (virus_3119329,host_258930): 0 -> 1
Cell (virus_3119329,host_61862): 0 -> 1
Cell (virus_3119329,host_29078): 0 -> 1
Cell (virus_3119329,host_3371016): 0 -> 1
Cell (virus_3119329,host_3371021): 0 -> 1
Cell (virus_3119329,host_999321): 0 -> 1
Cell (virus_3119329,host_110938): 0 -> 1
Cell (virus_3119329,host_526822): 0 -> 1
Cell (virus_3119329,host_59485): 0 -> 1
Cell (virus_2991941,host_105295): 0 -> 1
Cell (virus_2991941,host_51300): 0 -> 1
Cell (virus_2991941,host_59473): 0 -> 1
Cell (virus_2991941,host_3380546): 0 -> 1
Cell (virus_2991941,host_59463): 0 -> 1
Cell (virus_2991941,host_109480): 0 -> 1
Cell (virus_2991941,host_160974): 0 -> 1
Cell (virus_2991941,host_1633875): 0 -> 1
Cell (virus_2991941,host_2528591): 0 -> 1
Cell (virus_2991941,host_412095): 0 -> 1
Cell (virus_2991941,host_51298): 0 -> 1
Cell (virus_2991941,host_392004): 0 -> 1
Cell (virus_2991941,host_187014): 0 -> 1
Cell (virus_2991941,host_526407): 0 -> 1
Cell (virus_2991941,host_203696): 0 -> 1
Cell (virus_2991941,host_98922): 0 -> 1
Cell (virus_2991941,host_138979): 0 -> 1
Cell (virus_2991941,host_385037): 0 -> 1
Cell (virus_2991941,host_187017): 0 -> 1
Cell (virus_2991941,host_1207989): 0 -> 1
Cell (virus_2991941,host_188569): 0 -> 1
Cell (virus_2991941,host_59453): 0 -> 1
Cell (virus_2991941,host_186991): 0 -> 1
Cell (virus_2991941,host_270698): 0 -> 1
Cell (virus_2991941,host_463808): 0 -> 1
Cell (virus_2991941,host_376555): 0 -> 1
Cell (virus_2991941,host_337452): 0 -> 1
Cell (virus_2991941,host_76837): 0 -> 1
Cell (virus_2991941,host_76834): 0 -> 1
Cell (virus_2991941,host_608708): 0 -> 1
Cell (virus_2991941,host_59477): 0 -> 1
Cell (virus_2991941,host_249024): 0 -> 1
Cell (virus_2991941,host_2603866): 0 -> 1
Cell (virus_2991941,host_302408): 0 -> 1
Cell (virus_2991941,host_49443): 0 -> 1
Cell (virus_2991941,host_59479): 0 -> 1
Cell (virus_2991941,host_342862): 0 -> 1
Cell (virus_2991941,host_519037): 0 -> 1
Cell (virus_2991941,host_337453): 0 -> 1
Cell (virus_2991941,host_77218): 0 -> 1
Cell (virus_2991941,host_329870): 0 -> 1
Cell (virus_2991941,host_549403): 0 -> 1
Cell (virus_2991941,host_132908): 0 -> 1
Cell (virus_2991941,host_385575): 0 -> 1
Cell (virus_2991941,host_328804): 0 -> 1
Cell (virus_2991941,host_9402): 0 -> 1
Cell (virus_2991941,host_9403): 0 -> 1
Cell (virus_2991941,host_58057): 0 -> 1
Cell (virus_2991941,host_1898389): 0 -> 1
Cell (virus_2991941,host_77231): 0 -> 1
Cell (virus_2991941,host_372077): 0 -> 1
Cell (virus_2991941,host_58067): 0 -> 1
Cell (virus_2991941,host_58071): 0 -> 1
Cell (virus_2991941,host_1898393): 0 -> 1
Cell (virus_2991941,host_77223): 0 -> 1
Cell (virus_2991941,host_9408): 0 -> 1
Cell (virus_2991941,host_77214): 0 -> 1
Cell (virus_2991941,host_1381355): 0 -> 1
Cell (virus_2991941,host_187003): 0 -> 1
Cell (virus_2991941,host_1884717): 0 -> 1
Cell (virus_2991941,host_208969): 0 -> 1
Cell (virus_2991941,host_40233): 0 -> 1
Cell (virus_2991941,host_148094): 0 -> 1
Cell (virus_2991941,host_27663): 0 -> 1
Cell (virus_2991941,host_27634): 0 -> 1
Cell (virus_2991941,host_51012): 0 -> 1
Cell (virus_2991941,host_27660): 0 -> 1
Cell (virus_2991941,host_177162): 0 -> 1
Cell (virus_2991941,host_27638): 0 -> 1
Cell (virus_2991941,host_27642): 0 -> 1
Cell (virus_2991941,host_148061): 0 -> 1
Cell (virus_2991941,host_3042450): 0 -> 1
Cell (virus_2991941,host_221086): 0 -> 1
Cell (virus_2991941,host_291302): 0 -> 1
Cell (virus_2991941,host_452595): 0 -> 1
Cell (virus_2991941,host_3370289): 0 -> 1
Cell (virus_2991941,host_9438): 0 -> 1
Cell (virus_2991941,host_153297): 0 -> 1
Cell (virus_2991941,host_258930): 0 -> 1
Cell (virus_2991941,host_61862): 0 -> 1
Cell (virus_2991941,host_2969767): 0 -> 1
Cell (virus_2991941,host_3371016): 0 -> 1
Cell (virus_2991941,host_999321): 0 -> 1
Cell (virus_2991941,host_867834): 0 -> 1
Cell (virus_2991941,host_526822): 0 -> 1
Cell (virus_2991941,host_59485): 0 -> 1
Cell (virus_2993504,host_105295): 0 -> 1
Cell (virus_2993504,host_51300): 0 -> 1
Cell (virus_2993504,host_59473): 0 -> 1
Cell (virus_2993504,host_3380546): 0 -> 1
Cell (virus_2993504,host_59463): 0 -> 1
Cell (virus_2993504,host_109480): 0 -> 1
Cell (virus_2993504,host_160974): 0 -> 1
Cell (virus_2993504,host_1633875): 0 -> 1
Cell (virus_2993504,host_2528591): 0 -> 1
Cell (virus_2993504,host_412095): 0 -> 1
Cell (virus_2993504,host_51298): 0 -> 1
Cell (virus_2993504,host_392004): 0 -> 1
Cell (virus_2993504,host_187014): 0 -> 1
Cell (virus_2993504,host_526407): 0 -> 1
Cell (virus_2993504,host_203696): 0 -> 1
Cell (virus_2993504,host_98922): 0 -> 1
Cell (virus_2993504,host_138979): 0 -> 1
Cell (virus_2993504,host_385037): 0 -> 1
Cell (virus_2993504,host_187017): 0 -> 1
Cell (virus_2993504,host_1207989): 0 -> 1
Cell (virus_2993504,host_188569): 0 -> 1
Cell (virus_2993504,host_59453): 0 -> 1
Cell (virus_2993504,host_186991): 0 -> 1
Cell (virus_2993504,host_270698): 0 -> 1
Cell (virus_2993504,host_463808): 0 -> 1
Cell (virus_2993504,host_376555): 0 -> 1
Cell (virus_2993504,host_337452): 0 -> 1
Cell (virus_2993504,host_76837): 0 -> 1
Cell (virus_2993504,host_76834): 0 -> 1
Cell (virus_2993504,host_608708): 0 -> 1
Cell (virus_2993504,host_249024): 0 -> 1
Cell (virus_2993504,host_2603866): 0 -> 1
Cell (virus_2993504,host_302408): 0 -> 1
Cell (virus_2993504,host_49443): 0 -> 1
Cell (virus_2993504,host_342862): 0 -> 1
Cell (virus_2993504,host_519037): 0 -> 1
Cell (virus_2993504,host_337453): 0 -> 1
Cell (virus_2993504,host_77218): 0 -> 1
Cell (virus_2993504,host_329870): 0 -> 1
Cell (virus_2993504,host_549403): 0 -> 1
Cell (virus_2993504,host_385575): 0 -> 1
Cell (virus_2993504,host_328804): 0 -> 1
Cell (virus_2993504,host_9402): 0 -> 1
Cell (virus_2993504,host_9403): 0 -> 1
Cell (virus_2993504,host_58057): 0 -> 1
Cell (virus_2993504,host_1898389): 0 -> 1
Cell (virus_2993504,host_77231): 0 -> 1
Cell (virus_2993504,host_372077): 0 -> 1
Cell (virus_2993504,host_58067): 0 -> 1
Cell (virus_2993504,host_58071): 0 -> 1
Cell (virus_2993504,host_1898393): 0 -> 1
Cell (virus_2993504,host_77223): 0 -> 1
Cell (virus_2993504,host_9408): 0 -> 1
Cell (virus_2993504,host_77214): 0 -> 1
Cell (virus_2993504,host_1381355): 0 -> 1
Cell (virus_2993504,host_1884717): 0 -> 1
Cell (virus_2993504,host_208969): 0 -> 1
Cell (virus_2993504,host_40233): 0 -> 1
Cell (virus_2993504,host_148094): 0 -> 1
Cell (virus_2993504,host_27663): 0 -> 1
Cell (virus_2993504,host_27634): 0 -> 1
Cell (virus_2993504,host_51012): 0 -> 1
Cell (virus_2993504,host_27660): 0 -> 1
Cell (virus_2993504,host_177162): 0 -> 1
Cell (virus_2993504,host_27638): 0 -> 1
Cell (virus_2993504,host_27642): 0 -> 1
Cell (virus_2993504,host_148061): 0 -> 1
Cell (virus_2993504,host_9414): 0 -> 1
Cell (virus_2993504,host_291302): 0 -> 1
Cell (virus_2993504,host_452595): 0 -> 1
Cell (virus_2993504,host_3370289): 0 -> 1
Cell (virus_2993504,host_9438): 0 -> 1
Cell (virus_2993504,host_153297): 0 -> 1
Cell (virus_2993504,host_258930): 0 -> 1
Cell (virus_2993504,host_61862): 0 -> 1
Cell (virus_2993504,host_2969767): 0 -> 1
Cell (virus_2993504,host_3371016): 0 -> 1
Cell (virus_2993504,host_999321): 0 -> 1
Cell (virus_2993504,host_867834): 0 -> 1
Cell (virus_2993504,host_526822): 0 -> 1
Cell (virus_2993504,host_59485): 0 -> 1
Cell (virus_1335626,host_105295): 0 -> 1
Cell (virus_1335626,host_258946): 0 -> 1
Cell (virus_1335626,host_51300): 0 -> 1
Cell (virus_1335626,host_160974): 0 -> 1
Cell (virus_1335626,host_1633875): 0 -> 1
Cell (virus_1335626,host_519446): 0 -> 1
Cell (virus_1335626,host_2528591): 0 -> 1
Cell (virus_1335626,host_412095): 0 -> 1
Cell (virus_1335626,host_51298): 0 -> 1
Cell (virus_1335626,host_392004): 0 -> 1
Cell (virus_1335626,host_203696): 0 -> 1
Cell (virus_1335626,host_98922): 0 -> 1
Cell (virus_1335626,host_138979): 0 -> 1
Cell (virus_1335626,host_258940): 0 -> 1
Cell (virus_1335626,host_452654): 0 -> 1
Cell (virus_1335626,host_385037): 0 -> 1
Cell (virus_1335626,host_258925): 0 -> 1
Cell (virus_1335626,host_1207989): 0 -> 1
Cell (virus_1335626,host_186991): 0 -> 1
Cell (virus_1335626,host_157961): 0 -> 1
Cell (virus_1335626,host_334201): 0 -> 1
Cell (virus_1335626,host_584995): 0 -> 1
Cell (virus_1335626,host_302402): 0 -> 1
Cell (virus_1335626,host_463808): 0 -> 1
Cell (virus_1335626,host_170233): 0 -> 1
Cell (virus_1335626,host_376555): 0 -> 1
Cell (virus_1335626,host_867892): 0 -> 1
Cell (virus_1335626,host_337452): 0 -> 1
Cell (virus_1335626,host_76837): 0 -> 1
Cell (virus_1335626,host_178895): 0 -> 1
Cell (virus_1335626,host_608708): 0 -> 1
Cell (virus_1335626,host_89399): 0 -> 1
Cell (virus_1335626,host_249024): 0 -> 1
Cell (virus_1335626,host_2603866): 0 -> 1
Cell (virus_1335626,host_302408): 0 -> 1
Cell (virus_1335626,host_59479): 0 -> 1
Cell (virus_1335626,host_337453): 0 -> 1
Cell (virus_1335626,host_549403): 0 -> 1
Cell (virus_1335626,host_124756): 0 -> 1
Cell (virus_1335626,host_385575): 0 -> 1
Cell (virus_1335626,host_328804): 0 -> 1
Cell (virus_1335626,host_9402): 0 -> 1
Cell (virus_1335626,host_77231): 0 -> 1
Cell (virus_1335626,host_372077): 0 -> 1
Cell (virus_1335626,host_58073): 0 -> 1
Cell (virus_1335626,host_9408): 0 -> 1
Cell (virus_1335626,host_77214): 0 -> 1
Cell (virus_1335626,host_1898386): 0 -> 1
Cell (virus_1335626,host_77233): 0 -> 1
Cell (virus_1335626,host_374419): 0 -> 1
Cell (virus_1335626,host_326151): 0 -> 1
Cell (virus_1335626,host_326083): 0 -> 1
Cell (virus_1335626,host_1381355): 0 -> 1
Cell (virus_1335626,host_907075): 0 -> 1
Cell (virus_1335626,host_118856): 0 -> 1
Cell (virus_1335626,host_94956): 0 -> 1
Cell (virus_1335626,host_1884717): 0 -> 1
Cell (virus_1335626,host_148094): 0 -> 1
Cell (virus_1335626,host_410852): 0 -> 1
Cell (virus_1335626,host_51012): 0 -> 1
Cell (virus_1335626,host_192403): 0 -> 1
Cell (virus_1335626,host_27660): 0 -> 1
Cell (virus_1335626,host_177162): 0 -> 1
Cell (virus_1335626,host_27642): 0 -> 1
Cell (virus_1335626,host_409031): 0 -> 1
Cell (virus_1335626,host_9423): 0 -> 1
Cell (virus_1335626,host_148061): 0 -> 1
Cell (virus_1335626,host_3371013): 0 -> 1
Cell (virus_1335626,host_59472): 0 -> 1
Cell (virus_1335626,host_3370289): 0 -> 1
Cell (virus_1335626,host_9438): 0 -> 1
Cell (virus_1335626,host_153297): 0 -> 1
Cell (virus_1335626,host_249034): 0 -> 1
Cell (virus_1335626,host_258930): 0 -> 1
Cell (virus_1335626,host_909369): 0 -> 1
Cell (virus_1335626,host_3371021): 0 -> 1
Cell (virus_1335626,host_999321): 0 -> 1
Cell (virus_1335626,host_867834): 0 -> 1
Cell (virus_1335626,host_258889): 0 -> 1
Cell (virus_1335626,host_258959): 0 -> 1
Cell (virus_1335626,host_526822): 0 -> 1
Cell (virus_3433633,host_105295): 0 -> 1
Cell (virus_3433633,host_258946): 0 -> 1
Cell (virus_3433633,host_51300): 0 -> 1
Cell (virus_3433633,host_160974): 0 -> 1
Cell (virus_3433633,host_1633875): 0 -> 1
Cell (virus_3433633,host_519446): 0 -> 1
Cell (virus_3433633,host_2528591): 0 -> 1
Cell (virus_3433633,host_412095): 0 -> 1
Cell (virus_3433633,host_51298): 0 -> 1
Cell (virus_3433633,host_392004): 0 -> 1
Cell (virus_3433633,host_203696): 0 -> 1
Cell (virus_3433633,host_98922): 0 -> 1
Cell (virus_3433633,host_138979): 0 -> 1
Cell (virus_3433633,host_258940): 0 -> 1
Cell (virus_3433633,host_452654): 0 -> 1
Cell (virus_3433633,host_385037): 0 -> 1
Cell (virus_3433633,host_258925): 0 -> 1
Cell (virus_3433633,host_1207989): 0 -> 1
Cell (virus_3433633,host_186991): 0 -> 1
Cell (virus_3433633,host_157961): 0 -> 1
Cell (virus_3433633,host_334201): 0 -> 1
Cell (virus_3433633,host_584995): 0 -> 1
Cell (virus_3433633,host_302402): 0 -> 1
Cell (virus_3433633,host_463808): 0 -> 1
Cell (virus_3433633,host_170233): 0 -> 1
Cell (virus_3433633,host_376555): 0 -> 1
Cell (virus_3433633,host_867892): 0 -> 1
Cell (virus_3433633,host_337452): 0 -> 1
Cell (virus_3433633,host_76837): 0 -> 1
Cell (virus_3433633,host_178895): 0 -> 1
Cell (virus_3433633,host_608708): 0 -> 1
Cell (virus_3433633,host_89399): 0 -> 1
Cell (virus_3433633,host_249024): 0 -> 1
Cell (virus_3433633,host_2603866): 0 -> 1
Cell (virus_3433633,host_302408): 0 -> 1
Cell (virus_3433633,host_59479): 0 -> 1
Cell (virus_3433633,host_337453): 0 -> 1
Cell (virus_3433633,host_549403): 0 -> 1
Cell (virus_3433633,host_124756): 0 -> 1
Cell (virus_3433633,host_385575): 0 -> 1
Cell (virus_3433633,host_328804): 0 -> 1
Cell (virus_3433633,host_9402): 0 -> 1
Cell (virus_3433633,host_77231): 0 -> 1
Cell (virus_3433633,host_372077): 0 -> 1
Cell (virus_3433633,host_58073): 0 -> 1
Cell (virus_3433633,host_9408): 0 -> 1
Cell (virus_3433633,host_77214): 0 -> 1
Cell (virus_3433633,host_1898386): 0 -> 1
Cell (virus_3433633,host_77233): 0 -> 1
Cell (virus_3433633,host_374419): 0 -> 1
Cell (virus_3433633,host_326151): 0 -> 1
Cell (virus_3433633,host_326083): 0 -> 1
Cell (virus_3433633,host_1381355): 0 -> 1
Cell (virus_3433633,host_907075): 0 -> 1
Cell (virus_3433633,host_118856): 0 -> 1
Cell (virus_3433633,host_94956): 0 -> 1
Cell (virus_3433633,host_1884717): 0 -> 1
Cell (virus_3433633,host_148094): 0 -> 1
Cell (virus_3433633,host_410852): 0 -> 1
Cell (virus_3433633,host_51012): 0 -> 1
Cell (virus_3433633,host_192403): 0 -> 1
Cell (virus_3433633,host_27660): 0 -> 1
Cell (virus_3433633,host_177162): 0 -> 1
Cell (virus_3433633,host_27642): 0 -> 1
Cell (virus_3433633,host_409031): 0 -> 1
Cell (virus_3433633,host_9423): 0 -> 1
Cell (virus_3433633,host_148061): 0 -> 1
Cell (virus_3433633,host_3371013): 0 -> 1
Cell (virus_3433633,host_59472): 0 -> 1
Cell (virus_3433633,host_3370289): 0 -> 1
Cell (virus_3433633,host_9438): 0 -> 1
Cell (virus_3433633,host_153297): 0 -> 1
Cell (virus_3433633,host_249034): 0 -> 1
Cell (virus_3433633,host_258930): 0 -> 1
Cell (virus_3433633,host_909369): 0 -> 1
Cell (virus_3433633,host_3371021): 0 -> 1
Cell (virus_3433633,host_999321): 0 -> 1
Cell (virus_3433633,host_867834): 0 -> 1
Cell (virus_3433633,host_258889): 0 -> 1
Cell (virus_3433633,host_258959): 0 -> 1
Cell (virus_3433633,host_526822): 0 -> 1
Cell (virus_1508220,host_105273): 0 -> 1
Cell (virus_1508220,host_105295): 0 -> 1
Cell (virus_1508220,host_258946): 0 -> 1
Cell (virus_1508220,host_51300): 0 -> 1
Cell (virus_1508220,host_9435): 0 -> 1
Cell (virus_1508220,host_160974): 0 -> 1
Cell (virus_1508220,host_1633875): 0 -> 1
Cell (virus_1508220,host_2528591): 0 -> 1
Cell (virus_1508220,host_412095): 0 -> 1
Cell (virus_1508220,host_51298): 0 -> 1
Cell (virus_1508220,host_392004): 0 -> 1
Cell (virus_1508220,host_203696): 0 -> 1
Cell (virus_1508220,host_98922): 0 -> 1
Cell (virus_1508220,host_138979): 0 -> 1
Cell (virus_1508220,host_452654): 0 -> 1
Cell (virus_1508220,host_385037): 0 -> 1
Cell (virus_1508220,host_258925): 0 -> 1
Cell (virus_1508220,host_1207989): 0 -> 1
Cell (virus_1508220,host_186991): 0 -> 1
Cell (virus_1508220,host_157961): 0 -> 1
Cell (virus_1508220,host_334201): 0 -> 1
Cell (virus_1508220,host_584995): 0 -> 1
Cell (virus_1508220,host_463808): 0 -> 1
Cell (virus_1508220,host_170233): 0 -> 1
Cell (virus_1508220,host_376555): 0 -> 1
Cell (virus_1508220,host_867892): 0 -> 1
Cell (virus_1508220,host_337452): 0 -> 1
Cell (virus_1508220,host_178895): 0 -> 1
Cell (virus_1508220,host_608708): 0 -> 1
Cell (virus_1508220,host_249024): 0 -> 1
Cell (virus_1508220,host_2603866): 0 -> 1
Cell (virus_1508220,host_302408): 0 -> 1
Cell (virus_1508220,host_337453): 0 -> 1
Cell (virus_1508220,host_1195082): 0 -> 1
Cell (virus_1508220,host_549403): 0 -> 1
Cell (virus_1508220,host_124756): 0 -> 1
Cell (virus_1508220,host_385575): 0 -> 1
Cell (virus_1508220,host_328804): 0 -> 1
Cell (virus_1508220,host_9402): 0 -> 1
Cell (virus_1508220,host_77231): 0 -> 1
Cell (virus_1508220,host_372077): 0 -> 1
Cell (virus_1508220,host_58073): 0 -> 1
Cell (virus_1508220,host_9408): 0 -> 1
Cell (virus_1508220,host_77214): 0 -> 1
Cell (virus_1508220,host_1898386): 0 -> 1
Cell (virus_1508220,host_9400): 0 -> 1
Cell (virus_1508220,host_77233): 0 -> 1
Cell (virus_1508220,host_374419): 0 -> 1
Cell (virus_1508220,host_326151): 0 -> 1
Cell (virus_1508220,host_326083): 0 -> 1
Cell (virus_1508220,host_1381355): 0 -> 1
Cell (virus_1508220,host_187003): 0 -> 1
Cell (virus_1508220,host_907075): 0 -> 1
Cell (virus_1508220,host_94956): 0 -> 1
Cell (virus_1508220,host_1884717): 0 -> 1
Cell (virus_1508220,host_148094): 0 -> 1
Cell (virus_1508220,host_51012): 0 -> 1
Cell (virus_1508220,host_27660): 0 -> 1
Cell (virus_1508220,host_177162): 0 -> 1
Cell (virus_1508220,host_27642): 0 -> 1
Cell (virus_1508220,host_9423): 0 -> 1
Cell (virus_1508220,host_148061): 0 -> 1
Cell (virus_1508220,host_3042450): 0 -> 1
Cell (virus_1508220,host_3371013): 0 -> 1
Cell (virus_1508220,host_59472): 0 -> 1
Cell (virus_1508220,host_438766): 0 -> 1
Cell (virus_1508220,host_3370289): 0 -> 1
Cell (virus_1508220,host_153297): 0 -> 1
Cell (virus_1508220,host_249034): 0 -> 1
Cell (virus_1508220,host_258930): 0 -> 1
Cell (virus_1508220,host_3371021): 0 -> 1
Cell (virus_1508220,host_999321): 0 -> 1
Cell (virus_1508220,host_867834): 0 -> 1
Cell (virus_1508220,host_143942): 0 -> 1
Cell (virus_1508220,host_258889): 0 -> 1
Cell (virus_1508220,host_526822): 0 -> 1
Cell (virus_3433775,host_105273): 0 -> 1
Cell (virus_3433775,host_105295): 0 -> 1
Cell (virus_3433775,host_258946): 0 -> 1
Cell (virus_3433775,host_51300): 0 -> 1
Cell (virus_3433775,host_9435): 0 -> 1
Cell (virus_3433775,host_160974): 0 -> 1
Cell (virus_3433775,host_1633875): 0 -> 1
Cell (virus_3433775,host_2528591): 0 -> 1
Cell (virus_3433775,host_412095): 0 -> 1
Cell (virus_3433775,host_51298): 0 -> 1
Cell (virus_3433775,host_392004): 0 -> 1
Cell (virus_3433775,host_203696): 0 -> 1
Cell (virus_3433775,host_98922): 0 -> 1
Cell (virus_3433775,host_138979): 0 -> 1
Cell (virus_3433775,host_452654): 0 -> 1
Cell (virus_3433775,host_385037): 0 -> 1
Cell (virus_3433775,host_258925): 0 -> 1
Cell (virus_3433775,host_1207989): 0 -> 1
Cell (virus_3433775,host_186991): 0 -> 1
Cell (virus_3433775,host_157961): 0 -> 1
Cell (virus_3433775,host_334201): 0 -> 1
Cell (virus_3433775,host_584995): 0 -> 1
Cell (virus_3433775,host_463808): 0 -> 1
Cell (virus_3433775,host_170233): 0 -> 1
Cell (virus_3433775,host_376555): 0 -> 1
Cell (virus_3433775,host_867892): 0 -> 1
Cell (virus_3433775,host_337452): 0 -> 1
Cell (virus_3433775,host_178895): 0 -> 1
Cell (virus_3433775,host_608708): 0 -> 1
Cell (virus_3433775,host_249024): 0 -> 1
Cell (virus_3433775,host_2603866): 0 -> 1
Cell (virus_3433775,host_302408): 0 -> 1
Cell (virus_3433775,host_337453): 0 -> 1
Cell (virus_3433775,host_1195082): 0 -> 1
Cell (virus_3433775,host_549403): 0 -> 1
Cell (virus_3433775,host_124756): 0 -> 1
Cell (virus_3433775,host_385575): 0 -> 1
Cell (virus_3433775,host_328804): 0 -> 1
Cell (virus_3433775,host_9402): 0 -> 1
Cell (virus_3433775,host_77231): 0 -> 1
Cell (virus_3433775,host_372077): 0 -> 1
Cell (virus_3433775,host_58073): 0 -> 1
Cell (virus_3433775,host_9408): 0 -> 1
Cell (virus_3433775,host_77214): 0 -> 1
Cell (virus_3433775,host_1898386): 0 -> 1
Cell (virus_3433775,host_77233): 0 -> 1
Cell (virus_3433775,host_374419): 0 -> 1
Cell (virus_3433775,host_326151): 0 -> 1
Cell (virus_3433775,host_326083): 0 -> 1
Cell (virus_3433775,host_1381355): 0 -> 1
Cell (virus_3433775,host_907075): 0 -> 1
Cell (virus_3433775,host_94956): 0 -> 1
Cell (virus_3433775,host_1884717): 0 -> 1
Cell (virus_3433775,host_148094): 0 -> 1
Cell (virus_3433775,host_51012): 0 -> 1
Cell (virus_3433775,host_27660): 0 -> 1
Cell (virus_3433775,host_177162): 0 -> 1
Cell (virus_3433775,host_27642): 0 -> 1
Cell (virus_3433775,host_9423): 0 -> 1
Cell (virus_3433775,host_148061): 0 -> 1
Cell (virus_3433775,host_3042450): 0 -> 1
Cell (virus_3433775,host_3371013): 0 -> 1
Cell (virus_3433775,host_59472): 0 -> 1
Cell (virus_3433775,host_438766): 0 -> 1
Cell (virus_3433775,host_3370289): 0 -> 1
Cell (virus_3433775,host_999964): 0 -> 1
Cell (virus_3433775,host_153297): 0 -> 1
Cell (virus_3433775,host_249034): 0 -> 1
Cell (virus_3433775,host_258930): 0 -> 1
Cell (virus_3433775,host_3371021): 0 -> 1
Cell (virus_3433775,host_999321): 0 -> 1
Cell (virus_3433775,host_867834): 0 -> 1
Cell (virus_3433775,host_143942): 0 -> 1
Cell (virus_3433775,host_258889): 0 -> 1
Cell (virus_3433775,host_526822): 0 -> 1
Cell (virus_694008,host_105273): 0 -> 1
Cell (virus_694008,host_105295): 0 -> 1
Cell (virus_694008,host_258946): 0 -> 1
Cell (virus_694008,host_51300): 0 -> 1
Cell (virus_694008,host_9435): 0 -> 1
Cell (virus_694008,host_160974): 0 -> 1
Cell (virus_694008,host_1633875): 0 -> 1
Cell (virus_694008,host_2528591): 0 -> 1
Cell (virus_694008,host_412095): 0 -> 1
Cell (virus_694008,host_51298): 0 -> 1
Cell (virus_694008,host_392004): 0 -> 1
Cell (virus_694008,host_203696): 0 -> 1
Cell (virus_694008,host_98922): 0 -> 1
Cell (virus_694008,host_138979): 0 -> 1
Cell (virus_694008,host_452654): 0 -> 1
Cell (virus_694008,host_385037): 0 -> 1
Cell (virus_694008,host_258925): 0 -> 1
Cell (virus_694008,host_1207989): 0 -> 1
Cell (virus_694008,host_186991): 0 -> 1
Cell (virus_694008,host_157961): 0 -> 1
Cell (virus_694008,host_334201): 0 -> 1
Cell (virus_694008,host_584995): 0 -> 1
Cell (virus_694008,host_463808): 0 -> 1
Cell (virus_694008,host_170233): 0 -> 1
Cell (virus_694008,host_376555): 0 -> 1
Cell (virus_694008,host_867892): 0 -> 1
Cell (virus_694008,host_337452): 0 -> 1
Cell (virus_694008,host_178895): 0 -> 1
Cell (virus_694008,host_608708): 0 -> 1
Cell (virus_694008,host_249024): 0 -> 1
Cell (virus_694008,host_2603866): 0 -> 1
Cell (virus_694008,host_302408): 0 -> 1
Cell (virus_694008,host_337453): 0 -> 1
Cell (virus_694008,host_1195082): 0 -> 1
Cell (virus_694008,host_549403): 0 -> 1
Cell (virus_694008,host_124756): 0 -> 1
Cell (virus_694008,host_385575): 0 -> 1
Cell (virus_694008,host_328804): 0 -> 1
Cell (virus_694008,host_9402): 0 -> 1
Cell (virus_694008,host_77231): 0 -> 1
Cell (virus_694008,host_372077): 0 -> 1
Cell (virus_694008,host_58073): 0 -> 1
Cell (virus_694008,host_9408): 0 -> 1
Cell (virus_694008,host_77214): 0 -> 1
Cell (virus_694008,host_1898386): 0 -> 1
Cell (virus_694008,host_77233): 0 -> 1
Cell (virus_694008,host_374419): 0 -> 1
Cell (virus_694008,host_326151): 0 -> 1
Cell (virus_694008,host_326083): 0 -> 1
Cell (virus_694008,host_1381355): 0 -> 1
Cell (virus_694008,host_907075): 0 -> 1
Cell (virus_694008,host_94956): 0 -> 1
Cell (virus_694008,host_1884717): 0 -> 1
Cell (virus_694008,host_148094): 0 -> 1
Cell (virus_694008,host_51012): 0 -> 1
Cell (virus_694008,host_27660): 0 -> 1
Cell (virus_694008,host_177162): 0 -> 1
Cell (virus_694008,host_27642): 0 -> 1
Cell (virus_694008,host_9423): 0 -> 1
Cell (virus_694008,host_148061): 0 -> 1
Cell (virus_694008,host_3042450): 0 -> 1
Cell (virus_694008,host_3371013): 0 -> 1
Cell (virus_694008,host_59472): 0 -> 1
Cell (virus_694008,host_438766): 0 -> 1
Cell (virus_694008,host_3370289): 0 -> 1
Cell (virus_694008,host_999964): 0 -> 1
Cell (virus_694008,host_153297): 0 -> 1
Cell (virus_694008,host_249034): 0 -> 1
Cell (virus_694008,host_258930): 0 -> 1
Cell (virus_694008,host_3371021): 0 -> 1
Cell (virus_694008,host_999321): 0 -> 1
Cell (virus_694008,host_867834): 0 -> 1
Cell (virus_694008,host_143942): 0 -> 1
Cell (virus_694008,host_258889): 0 -> 1
Cell (virus_694008,host_526822): 0 -> 1
Cell (virus_2832974,host_105295): 0 -> 1
Cell (virus_2832974,host_258946): 0 -> 1
Cell (virus_2832974,host_51300): 0 -> 1
Cell (virus_2832974,host_160974): 0 -> 1
Cell (virus_2832974,host_1633875): 0 -> 1
Cell (virus_2832974,host_2528591): 0 -> 1
Cell (virus_2832974,host_412095): 0 -> 1
Cell (virus_2832974,host_51298): 0 -> 1
Cell (virus_2832974,host_392004): 0 -> 1
Cell (virus_2832974,host_203696): 0 -> 1
Cell (virus_2832974,host_98922): 0 -> 1
Cell (virus_2832974,host_138979): 0 -> 1
Cell (virus_2832974,host_452654): 0 -> 1
Cell (virus_2832974,host_385037): 0 -> 1
Cell (virus_2832974,host_258925): 0 -> 1
Cell (virus_2832974,host_2603869): 0 -> 1
Cell (virus_2832974,host_1207989): 0 -> 1
Cell (virus_2832974,host_59453): 0 -> 1
Cell (virus_2832974,host_186991): 0 -> 1
Cell (virus_2832974,host_157961): 0 -> 1
Cell (virus_2832974,host_334201): 0 -> 1
Cell (virus_2832974,host_584995): 0 -> 1
Cell (virus_2832974,host_463808): 0 -> 1
Cell (virus_2832974,host_170233): 0 -> 1
Cell (virus_2832974,host_376555): 0 -> 1
Cell (virus_2832974,host_867892): 0 -> 1
Cell (virus_2832974,host_337452): 0 -> 1
Cell (virus_2832974,host_76837): 0 -> 1
Cell (virus_2832974,host_178895): 0 -> 1
Cell (virus_2832974,host_608708): 0 -> 1
Cell (virus_2832974,host_2603866): 0 -> 1
Cell (virus_2832974,host_302408): 0 -> 1
Cell (virus_2832974,host_59479): 0 -> 1
Cell (virus_2832974,host_337453): 0 -> 1
Cell (virus_2832974,host_1195082): 0 -> 1
Cell (virus_2832974,host_549403): 0 -> 1
Cell (virus_2832974,host_124756): 0 -> 1
Cell (virus_2832974,host_385575): 0 -> 1
Cell (virus_2832974,host_328804): 0 -> 1
Cell (virus_2832974,host_9402): 0 -> 1
Cell (virus_2832974,host_77231): 0 -> 1
Cell (virus_2832974,host_372077): 0 -> 1
Cell (virus_2832974,host_9408): 0 -> 1
Cell (virus_2832974,host_58065): 0 -> 1
Cell (virus_2832974,host_77214): 0 -> 1
Cell (virus_2832974,host_1898386): 0 -> 1
Cell (virus_2832974,host_77233): 0 -> 1
Cell (virus_2832974,host_374419): 0 -> 1
Cell (virus_2832974,host_326151): 0 -> 1
Cell (virus_2832974,host_1381355): 0 -> 1
Cell (virus_2832974,host_907075): 0 -> 1
Cell (virus_2832974,host_94956): 0 -> 1
Cell (virus_2832974,host_1884717): 0 -> 1
Cell (virus_2832974,host_148094): 0 -> 1
Cell (virus_2832974,host_410852): 0 -> 1
Cell (virus_2832974,host_51012): 0 -> 1
Cell (virus_2832974,host_196700): 0 -> 1
Cell (virus_2832974,host_27660): 0 -> 1
Cell (virus_2832974,host_177162): 0 -> 1
Cell (virus_2832974,host_27642): 0 -> 1
Cell (virus_2832974,host_409031): 0 -> 1
Cell (virus_2832974,host_9423): 0 -> 1
Cell (virus_2832974,host_148061): 0 -> 1
Cell (virus_2832974,host_9430): 0 -> 1
Cell (virus_2832974,host_94961): 0 -> 1
Cell (virus_2832974,host_3042450): 0 -> 1
Cell (virus_2832974,host_3371013): 0 -> 1
Cell (virus_2832974,host_59472): 0 -> 1
Cell (virus_2832974,host_438766): 0 -> 1
Cell (virus_2832974,host_3370289): 0 -> 1
Cell (virus_2832974,host_153297): 0 -> 1
Cell (virus_2832974,host_249034): 0 -> 1
Cell (virus_2832974,host_258930): 0 -> 1
Cell (virus_2832974,host_909369): 0 -> 1
Cell (virus_2832974,host_3371021): 0 -> 1
Cell (virus_2832974,host_999321): 0 -> 1
Cell (virus_2832974,host_867834): 0 -> 1
Cell (virus_2832974,host_143942): 0 -> 1
Cell (virus_2832974,host_258889): 0 -> 1
Cell (virus_2832974,host_258959): 0 -> 1
Cell (virus_2832974,host_526822): 0 -> 1
Cell (virus_1928434,host_105295): 0 -> 1
Cell (virus_1928434,host_51300): 0 -> 1
Cell (virus_1928434,host_294653): 0 -> 1
Cell (virus_1928434,host_160974): 0 -> 1
Cell (virus_1928434,host_1633875): 0 -> 1
Cell (virus_1928434,host_2528591): 0 -> 1
Cell (virus_1928434,host_412095): 0 -> 1
Cell (virus_1928434,host_51298): 0 -> 1
Cell (virus_1928434,host_392004): 0 -> 1
Cell (virus_1928434,host_526407): 0 -> 1
Cell (virus_1928434,host_203696): 0 -> 1
Cell (virus_1928434,host_138977): 0 -> 1
Cell (virus_1928434,host_138979): 0 -> 1
Cell (virus_1928434,host_452654): 0 -> 1
Cell (virus_1928434,host_155915): 0 -> 1
Cell (virus_1928434,host_188568): 0 -> 1
Cell (virus_1928434,host_1207989): 0 -> 1
Cell (virus_1928434,host_186991): 0 -> 1
Cell (virus_1928434,host_334201): 0 -> 1
Cell (virus_1928434,host_463808): 0 -> 1
Cell (virus_1928434,host_376555): 0 -> 1
Cell (virus_1928434,host_196296): 0 -> 1
Cell (virus_1928434,host_196889): 0 -> 1
Cell (virus_1928434,host_867892): 0 -> 1
Cell (virus_1928434,host_337452): 0 -> 1
Cell (virus_1928434,host_608708): 0 -> 1
Cell (virus_1928434,host_89399): 0 -> 1
Cell (virus_1928434,host_2603866): 0 -> 1
Cell (virus_1928434,host_302408): 0 -> 1
Cell (virus_1928434,host_59479): 0 -> 1
Cell (virus_1928434,host_337453): 0 -> 1
Cell (virus_1928434,host_9402): 0 -> 1
Cell (virus_1928434,host_1898389): 0 -> 1
Cell (virus_1928434,host_77231): 0 -> 1
Cell (virus_1928434,host_372077): 0 -> 1
Cell (virus_1928434,host_498220): 0 -> 1
Cell (virus_1928434,host_9408): 0 -> 1
Cell (virus_1928434,host_58063): 0 -> 1
Cell (virus_1928434,host_77214): 0 -> 1
Cell (virus_1928434,host_1898386): 0 -> 1
Cell (virus_1928434,host_326151): 0 -> 1
Cell (virus_1928434,host_326083): 0 -> 1
Cell (virus_1928434,host_1381355): 0 -> 1
Cell (virus_1928434,host_1884717): 0 -> 1
Cell (virus_1928434,host_208969): 0 -> 1
Cell (virus_1928434,host_148094): 0 -> 1
Cell (virus_1928434,host_51012): 0 -> 1
Cell (virus_1928434,host_192403): 0 -> 1
Cell (virus_1928434,host_177162): 0 -> 1
Cell (virus_1928434,host_27638): 0 -> 1
Cell (virus_1928434,host_27642): 0 -> 1
Cell (virus_1928434,host_9423): 0 -> 1
Cell (virus_1928434,host_3042450): 0 -> 1
Cell (virus_1928434,host_59472): 0 -> 1
Cell (virus_1928434,host_9433): 0 -> 1
Cell (virus_1928434,host_124751): 0 -> 1
Cell (virus_1928434,host_242384): 0 -> 1
Cell (virus_1928434,host_3370289): 0 -> 1
Cell (virus_1928434,host_9438): 0 -> 1
Cell (virus_1928434,host_153297): 0 -> 1
Cell (virus_1928434,host_249033): 0 -> 1
Cell (virus_1928434,host_258930): 0 -> 1
Cell (virus_1928434,host_909369): 0 -> 1
Cell (virus_1928434,host_999321): 0 -> 1
Cell (virus_1928434,host_867834): 0 -> 1
Cell (virus_1928434,host_143942): 0 -> 1
Cell (virus_1928434,host_258889): 0 -> 1
Cell (virus_1928434,host_2491053): 0 -> 1
Cell (virus_1928434,host_258959): 0 -> 1
Cell (virus_3433757,host_105295): 0 -> 1
Cell (virus_3433757,host_51300): 0 -> 1
Cell (virus_3433757,host_294653): 0 -> 1
Cell (virus_3433757,host_160974): 0 -> 1
Cell (virus_3433757,host_1633875): 0 -> 1
Cell (virus_3433757,host_2528591): 0 -> 1
Cell (virus_3433757,host_412095): 0 -> 1
Cell (virus_3433757,host_51298): 0 -> 1
Cell (virus_3433757,host_392004): 0 -> 1
Cell (virus_3433757,host_526407): 0 -> 1
Cell (virus_3433757,host_203696): 0 -> 1
Cell (virus_3433757,host_138977): 0 -> 1
Cell (virus_3433757,host_138979): 0 -> 1
Cell (virus_3433757,host_452654): 0 -> 1
Cell (virus_3433757,host_155915): 0 -> 1
Cell (virus_3433757,host_188568): 0 -> 1
Cell (virus_3433757,host_1207989): 0 -> 1
Cell (virus_3433757,host_186991): 0 -> 1
Cell (virus_3433757,host_334201): 0 -> 1
Cell (virus_3433757,host_463808): 0 -> 1
Cell (virus_3433757,host_376555): 0 -> 1
Cell (virus_3433757,host_196296): 0 -> 1
Cell (virus_3433757,host_196889): 0 -> 1
Cell (virus_3433757,host_867892): 0 -> 1
Cell (virus_3433757,host_337452): 0 -> 1
Cell (virus_3433757,host_608708): 0 -> 1
Cell (virus_3433757,host_89399): 0 -> 1
Cell (virus_3433757,host_2603866): 0 -> 1
Cell (virus_3433757,host_302408): 0 -> 1
Cell (virus_3433757,host_59479): 0 -> 1
Cell (virus_3433757,host_337453): 0 -> 1
Cell (virus_3433757,host_9402): 0 -> 1
Cell (virus_3433757,host_1898389): 0 -> 1
Cell (virus_3433757,host_77231): 0 -> 1
Cell (virus_3433757,host_372077): 0 -> 1
Cell (virus_3433757,host_498220): 0 -> 1
Cell (virus_3433757,host_9408): 0 -> 1
Cell (virus_3433757,host_58063): 0 -> 1
Cell (virus_3433757,host_77214): 0 -> 1
Cell (virus_3433757,host_1898386): 0 -> 1
Cell (virus_3433757,host_326151): 0 -> 1
Cell (virus_3433757,host_1381355): 0 -> 1
Cell (virus_3433757,host_1884717): 0 -> 1
Cell (virus_3433757,host_208969): 0 -> 1
Cell (virus_3433757,host_148094): 0 -> 1
Cell (virus_3433757,host_410852): 0 -> 1
Cell (virus_3433757,host_51012): 0 -> 1
Cell (virus_3433757,host_192403): 0 -> 1
Cell (virus_3433757,host_177162): 0 -> 1
Cell (virus_3433757,host_27638): 0 -> 1
Cell (virus_3433757,host_27642): 0 -> 1
Cell (virus_3433757,host_9423): 0 -> 1
Cell (virus_3433757,host_3042450): 0 -> 1
Cell (virus_3433757,host_59472): 0 -> 1
Cell (virus_3433757,host_9433): 0 -> 1
Cell (virus_3433757,host_124751): 0 -> 1
Cell (virus_3433757,host_242384): 0 -> 1
Cell (virus_3433757,host_3370289): 0 -> 1
Cell (virus_3433757,host_9438): 0 -> 1
Cell (virus_3433757,host_153297): 0 -> 1
Cell (virus_3433757,host_249033): 0 -> 1
Cell (virus_3433757,host_258930): 0 -> 1
Cell (virus_3433757,host_909369): 0 -> 1
Cell (virus_3433757,host_999321): 0 -> 1
Cell (virus_3433757,host_867834): 0 -> 1
Cell (virus_3433757,host_143942): 0 -> 1
Cell (virus_3433757,host_258889): 0 -> 1
Cell (virus_3433757,host_2491053): 0 -> 1
Cell (virus_3433757,host_258959): 0 -> 1
Cell (virus_694003,host_105295): 0 -> 1
Cell (virus_694003,host_51300): 0 -> 1
Cell (virus_694003,host_294653): 0 -> 1
Cell (virus_694003,host_160974): 0 -> 1
Cell (virus_694003,host_1633875): 0 -> 1
Cell (virus_694003,host_2528591): 0 -> 1
Cell (virus_694003,host_412095): 0 -> 1
Cell (virus_694003,host_51298): 0 -> 1
Cell (virus_694003,host_392004): 0 -> 1
Cell (virus_694003,host_526407): 0 -> 1
Cell (virus_694003,host_203696): 0 -> 1
Cell (virus_694003,host_138977): 0 -> 1
Cell (virus_694003,host_138979): 0 -> 1
Cell (virus_694003,host_452654): 0 -> 1
Cell (virus_694003,host_155915): 0 -> 1
Cell (virus_694003,host_188568): 0 -> 1
Cell (virus_694003,host_1207989): 0 -> 1
Cell (virus_694003,host_186991): 0 -> 1
Cell (virus_694003,host_334201): 0 -> 1
Cell (virus_694003,host_463808): 0 -> 1
Cell (virus_694003,host_376555): 0 -> 1
Cell (virus_694003,host_196296): 0 -> 1
Cell (virus_694003,host_196889): 0 -> 1
Cell (virus_694003,host_867892): 0 -> 1
Cell (virus_694003,host_337452): 0 -> 1
Cell (virus_694003,host_608708): 0 -> 1
Cell (virus_694003,host_89399): 0 -> 1
Cell (virus_694003,host_2603866): 0 -> 1
Cell (virus_694003,host_302408): 0 -> 1
Cell (virus_694003,host_59479): 0 -> 1
Cell (virus_694003,host_337453): 0 -> 1
Cell (virus_694003,host_9402): 0 -> 1
Cell (virus_694003,host_1898389): 0 -> 1
Cell (virus_694003,host_77231): 0 -> 1
Cell (virus_694003,host_372077): 0 -> 1
Cell (virus_694003,host_498220): 0 -> 1
Cell (virus_694003,host_9408): 0 -> 1
Cell (virus_694003,host_58063): 0 -> 1
Cell (virus_694003,host_77214): 0 -> 1
Cell (virus_694003,host_1898386): 0 -> 1
Cell (virus_694003,host_326151): 0 -> 1
Cell (virus_694003,host_1381355): 0 -> 1
Cell (virus_694003,host_1884717): 0 -> 1
Cell (virus_694003,host_208969): 0 -> 1
Cell (virus_694003,host_148094): 0 -> 1
Cell (virus_694003,host_410852): 0 -> 1
Cell (virus_694003,host_51012): 0 -> 1
Cell (virus_694003,host_192403): 0 -> 1
Cell (virus_694003,host_177162): 0 -> 1
Cell (virus_694003,host_27638): 0 -> 1
Cell (virus_694003,host_27642): 0 -> 1
Cell (virus_694003,host_9423): 0 -> 1
Cell (virus_694003,host_3042450): 0 -> 1
Cell (virus_694003,host_59472): 0 -> 1
Cell (virus_694003,host_9433): 0 -> 1
Cell (virus_694003,host_124751): 0 -> 1
Cell (virus_694003,host_242384): 0 -> 1
Cell (virus_694003,host_3370289): 0 -> 1
Cell (virus_694003,host_9438): 0 -> 1
Cell (virus_694003,host_153297): 0 -> 1
Cell (virus_694003,host_249033): 0 -> 1
Cell (virus_694003,host_258930): 0 -> 1
Cell (virus_694003,host_909369): 0 -> 1
Cell (virus_694003,host_999321): 0 -> 1
Cell (virus_694003,host_867834): 0 -> 1
Cell (virus_694003,host_143942): 0 -> 1
Cell (virus_694003,host_258889): 0 -> 1
Cell (virus_694003,host_2491053): 0 -> 1
Cell (virus_694003,host_258959): 0 -> 1
Cell (virus_2717680,host_105295): 0 -> 1
Cell (virus_2717680,host_51300): 0 -> 1
Cell (virus_2717680,host_160974): 0 -> 1
Cell (virus_2717680,host_1633875): 0 -> 1
Cell (virus_2717680,host_109481): 0 -> 1
Cell (virus_2717680,host_412095): 0 -> 1
Cell (virus_2717680,host_51298): 0 -> 1
Cell (virus_2717680,host_392004): 0 -> 1
Cell (virus_2717680,host_187014): 0 -> 1
Cell (virus_2717680,host_1911917): 0 -> 1
Cell (virus_2717680,host_98922): 0 -> 1
Cell (virus_2717680,host_138977): 0 -> 1
Cell (virus_2717680,host_138979): 0 -> 1
Cell (virus_2717680,host_159330): 0 -> 1
Cell (virus_2717680,host_587652): 0 -> 1
Cell (virus_2717680,host_385037): 0 -> 1
Cell (virus_2717680,host_258925): 0 -> 1
Cell (virus_2717680,host_187017): 0 -> 1
Cell (virus_2717680,host_1207989): 0 -> 1
Cell (virus_2717680,host_186991): 0 -> 1
Cell (virus_2717680,host_157961): 0 -> 1
Cell (virus_2717680,host_270698): 0 -> 1
Cell (virus_2717680,host_334201): 0 -> 1
Cell (virus_2717680,host_249020): 0 -> 1
Cell (virus_2717680,host_584995): 0 -> 1
Cell (virus_2717680,host_463808): 0 -> 1
Cell (virus_2717680,host_376555): 0 -> 1
Cell (virus_2717680,host_188572): 0 -> 1
Cell (virus_2717680,host_196889): 0 -> 1
Cell (virus_2717680,host_867892): 0 -> 1
Cell (virus_2717680,host_337452): 0 -> 1
Cell (virus_2717680,host_76837): 0 -> 1
Cell (virus_2717680,host_608659): 0 -> 1
Cell (virus_2717680,host_2603866): 0 -> 1
Cell (virus_2717680,host_302408): 0 -> 1
Cell (virus_2717680,host_59479): 0 -> 1
Cell (virus_2717680,host_337453): 0 -> 1
Cell (virus_2717680,host_549403): 0 -> 1
Cell (virus_2717680,host_132908): 0 -> 1
Cell (virus_2717680,host_385575): 0 -> 1
Cell (virus_2717680,host_328804): 0 -> 1
Cell (virus_2717680,host_9402): 0 -> 1
Cell (virus_2717680,host_58057): 0 -> 1
Cell (virus_2717680,host_1898389): 0 -> 1
Cell (virus_2717680,host_77231): 0 -> 1
Cell (virus_2717680,host_372077): 0 -> 1
Cell (virus_2717680,host_58067): 0 -> 1
Cell (virus_2717680,host_498220): 0 -> 1
Cell (virus_2717680,host_9408): 0 -> 1
Cell (virus_2717680,host_77214): 0 -> 1
Cell (virus_2717680,host_1898386): 0 -> 1
Cell (virus_2717680,host_326081): 0 -> 1
Cell (virus_2717680,host_326151): 0 -> 1
Cell (virus_2717680,host_326083): 0 -> 1
Cell (virus_2717680,host_1381355): 0 -> 1
Cell (virus_2717680,host_1884717): 0 -> 1
Cell (virus_2717680,host_148094): 0 -> 1
Cell (virus_2717680,host_410852): 0 -> 1
Cell (virus_2717680,host_51012): 0 -> 1
Cell (virus_2717680,host_177160): 0 -> 1
Cell (virus_2717680,host_148061): 0 -> 1
Cell (virus_2717680,host_3042450): 0 -> 1
Cell (virus_2717680,host_3371013): 0 -> 1
Cell (virus_2717680,host_59472): 0 -> 1
Cell (virus_2717680,host_27622): 0 -> 1
Cell (virus_2717680,host_3370289): 0 -> 1
Cell (virus_2717680,host_9438): 0 -> 1
Cell (virus_2717680,host_153297): 0 -> 1
Cell (virus_2717680,host_249033): 0 -> 1
Cell (virus_2717680,host_258930): 0 -> 1
Cell (virus_2717680,host_61862): 0 -> 1
Cell (virus_2717680,host_909369): 0 -> 1
Cell (virus_2717680,host_3371021): 0 -> 1
Cell (virus_2717680,host_999321): 0 -> 1
Cell (virus_2717680,host_867834): 0 -> 1
Cell (virus_2717680,host_143942): 0 -> 1
Cell (virus_2717680,host_2491053): 0 -> 1
Cell (virus_2717680,host_258959): 0 -> 1
Cell (virus_2717680,host_526822): 0 -> 1
Cell (virus_2833022,host_105295): 0 -> 1
Cell (virus_2833022,host_51300): 0 -> 1
Cell (virus_2833022,host_160974): 0 -> 1
Cell (virus_2833022,host_1633875): 0 -> 1
Cell (virus_2833022,host_109481): 0 -> 1
Cell (virus_2833022,host_412095): 0 -> 1
Cell (virus_2833022,host_51298): 0 -> 1
Cell (virus_2833022,host_392004): 0 -> 1
Cell (virus_2833022,host_187014): 0 -> 1
Cell (virus_2833022,host_1911917): 0 -> 1
Cell (virus_2833022,host_203696): 0 -> 1
Cell (virus_2833022,host_98922): 0 -> 1
Cell (virus_2833022,host_138977): 0 -> 1
Cell (virus_2833022,host_138979): 0 -> 1
Cell (virus_2833022,host_159330): 0 -> 1
Cell (virus_2833022,host_587652): 0 -> 1
Cell (virus_2833022,host_385037): 0 -> 1
Cell (virus_2833022,host_258925): 0 -> 1
Cell (virus_2833022,host_187017): 0 -> 1
Cell (virus_2833022,host_685731): 0 -> 1
Cell (virus_2833022,host_1207989): 0 -> 1
Cell (virus_2833022,host_186991): 0 -> 1
Cell (virus_2833022,host_157961): 0 -> 1
Cell (virus_2833022,host_270698): 0 -> 1
Cell (virus_2833022,host_334201): 0 -> 1
Cell (virus_2833022,host_249020): 0 -> 1
Cell (virus_2833022,host_584995): 0 -> 1
Cell (virus_2833022,host_463808): 0 -> 1
Cell (virus_2833022,host_170233): 0 -> 1
Cell (virus_2833022,host_376555): 0 -> 1
Cell (virus_2833022,host_188570): 0 -> 1
Cell (virus_2833022,host_188572): 0 -> 1
Cell (virus_2833022,host_196889): 0 -> 1
Cell (virus_2833022,host_867892): 0 -> 1
Cell (virus_2833022,host_337452): 0 -> 1
Cell (virus_2833022,host_76837): 0 -> 1
Cell (virus_2833022,host_2603866): 0 -> 1
Cell (virus_2833022,host_302408): 0 -> 1
Cell (virus_2833022,host_59479): 0 -> 1
Cell (virus_2833022,host_337453): 0 -> 1
Cell (virus_2833022,host_124756): 0 -> 1
Cell (virus_2833022,host_132908): 0 -> 1
Cell (virus_2833022,host_385575): 0 -> 1
Cell (virus_2833022,host_328804): 0 -> 1
Cell (virus_2833022,host_9402): 0 -> 1
Cell (virus_2833022,host_58057): 0 -> 1
Cell (virus_2833022,host_1898389): 0 -> 1
Cell (virus_2833022,host_77231): 0 -> 1
Cell (virus_2833022,host_372077): 0 -> 1
Cell (virus_2833022,host_58067): 0 -> 1
Cell (virus_2833022,host_498220): 0 -> 1
Cell (virus_2833022,host_77214): 0 -> 1
Cell (virus_2833022,host_1898386): 0 -> 1
Cell (virus_2833022,host_326081): 0 -> 1
Cell (virus_2833022,host_326151): 0 -> 1
Cell (virus_2833022,host_326083): 0 -> 1
Cell (virus_2833022,host_1381355): 0 -> 1
Cell (virus_2833022,host_94956): 0 -> 1
Cell (virus_2833022,host_1884717): 0 -> 1
Cell (virus_2833022,host_148094): 0 -> 1
Cell (virus_2833022,host_410852): 0 -> 1
Cell (virus_2833022,host_51012): 0 -> 1
Cell (virus_2833022,host_40229): 0 -> 1
Cell (virus_2833022,host_177160): 0 -> 1
Cell (virus_2833022,host_148061): 0 -> 1
Cell (virus_2833022,host_9430): 0 -> 1
Cell (virus_2833022,host_3042450): 0 -> 1
Cell (virus_2833022,host_3371013): 0 -> 1
Cell (virus_2833022,host_59472): 0 -> 1
Cell (virus_2833022,host_3370289): 0 -> 1
Cell (virus_2833022,host_9438): 0 -> 1
Cell (virus_2833022,host_153297): 0 -> 1
Cell (virus_2833022,host_249033): 0 -> 1
Cell (virus_2833022,host_258930): 0 -> 1
Cell (virus_2833022,host_909369): 0 -> 1
Cell (virus_2833022,host_3371021): 0 -> 1
Cell (virus_2833022,host_999321): 0 -> 1
Cell (virus_2833022,host_867834): 0 -> 1
Cell (virus_2833022,host_143942): 0 -> 1
Cell (virus_2833022,host_2491053): 0 -> 1
Cell (virus_2833022,host_258959): 0 -> 1
Cell (virus_2833022,host_526822): 0 -> 1
Cell (virus_2913444,host_105295): 0 -> 1
Cell (virus_2913444,host_51300): 0 -> 1
Cell (virus_2913444,host_160974): 0 -> 1
Cell (virus_2913444,host_1633875): 0 -> 1
Cell (virus_2913444,host_109481): 0 -> 1
Cell (virus_2913444,host_412095): 0 -> 1
Cell (virus_2913444,host_51298): 0 -> 1
Cell (virus_2913444,host_392004): 0 -> 1
Cell (virus_2913444,host_187014): 0 -> 1
Cell (virus_2913444,host_1911917): 0 -> 1
Cell (virus_2913444,host_203696): 0 -> 1
Cell (virus_2913444,host_98922): 0 -> 1
Cell (virus_2913444,host_138977): 0 -> 1
Cell (virus_2913444,host_138979): 0 -> 1
Cell (virus_2913444,host_159330): 0 -> 1
Cell (virus_2913444,host_587652): 0 -> 1
Cell (virus_2913444,host_385037): 0 -> 1
Cell (virus_2913444,host_258925): 0 -> 1
Cell (virus_2913444,host_187017): 0 -> 1
Cell (virus_2913444,host_685731): 0 -> 1
Cell (virus_2913444,host_1207989): 0 -> 1
Cell (virus_2913444,host_186991): 0 -> 1
Cell (virus_2913444,host_157961): 0 -> 1
Cell (virus_2913444,host_270698): 0 -> 1
Cell (virus_2913444,host_334201): 0 -> 1
Cell (virus_2913444,host_249020): 0 -> 1
Cell (virus_2913444,host_584995): 0 -> 1
Cell (virus_2913444,host_463808): 0 -> 1
Cell (virus_2913444,host_170233): 0 -> 1
Cell (virus_2913444,host_376555): 0 -> 1
Cell (virus_2913444,host_188572): 0 -> 1
Cell (virus_2913444,host_196889): 0 -> 1
Cell (virus_2913444,host_867892): 0 -> 1
Cell (virus_2913444,host_337452): 0 -> 1
Cell (virus_2913444,host_76837): 0 -> 1
Cell (virus_2913444,host_2603866): 0 -> 1
Cell (virus_2913444,host_302408): 0 -> 1
Cell (virus_2913444,host_59479): 0 -> 1
Cell (virus_2913444,host_337453): 0 -> 1
Cell (virus_2913444,host_549403): 0 -> 1
Cell (virus_2913444,host_124756): 0 -> 1
Cell (virus_2913444,host_132908): 0 -> 1
Cell (virus_2913444,host_385575): 0 -> 1
Cell (virus_2913444,host_328804): 0 -> 1
Cell (virus_2913444,host_9402): 0 -> 1
Cell (virus_2913444,host_58057): 0 -> 1
Cell (virus_2913444,host_1898389): 0 -> 1
Cell (virus_2913444,host_77231): 0 -> 1
Cell (virus_2913444,host_372077): 0 -> 1
Cell (virus_2913444,host_58067): 0 -> 1
Cell (virus_2913444,host_498220): 0 -> 1
Cell (virus_2913444,host_77214): 0 -> 1
Cell (virus_2913444,host_1898386): 0 -> 1
Cell (virus_2913444,host_326081): 0 -> 1
Cell (virus_2913444,host_326151): 0 -> 1
Cell (virus_2913444,host_326083): 0 -> 1
Cell (virus_2913444,host_94956): 0 -> 1
Cell (virus_2913444,host_1884717): 0 -> 1
Cell (virus_2913444,host_148094): 0 -> 1
Cell (virus_2913444,host_410852): 0 -> 1
Cell (virus_2913444,host_51012): 0 -> 1
Cell (virus_2913444,host_177160): 0 -> 1
Cell (virus_2913444,host_148061): 0 -> 1
Cell (virus_2913444,host_9430): 0 -> 1
Cell (virus_2913444,host_3042450): 0 -> 1
Cell (virus_2913444,host_3371013): 0 -> 1
Cell (virus_2913444,host_59472): 0 -> 1
Cell (virus_2913444,host_3370289): 0 -> 1
Cell (virus_2913444,host_9438): 0 -> 1
Cell (virus_2913444,host_153297): 0 -> 1
Cell (virus_2913444,host_249033): 0 -> 1
Cell (virus_2913444,host_258930): 0 -> 1
Cell (virus_2913444,host_909369): 0 -> 1
Cell (virus_2913444,host_3371021): 0 -> 1
Cell (virus_2913444,host_999321): 0 -> 1
Cell (virus_2913444,host_867834): 0 -> 1
Cell (virus_2913444,host_143942): 0 -> 1
Cell (virus_2913444,host_2491053): 0 -> 1
Cell (virus_2913444,host_258959): 0 -> 1
Cell (virus_2913444,host_526822): 0 -> 1
Cell (virus_3418614,host_105295): 0 -> 1
Cell (virus_3418614,host_51300): 0 -> 1
Cell (virus_3418614,host_160974): 0 -> 1
Cell (virus_3418614,host_1633875): 0 -> 1
Cell (virus_3418614,host_51298): 0 -> 1
Cell (virus_3418614,host_392004): 0 -> 1
Cell (virus_3418614,host_187014): 0 -> 1
Cell (virus_3418614,host_203696): 0 -> 1
Cell (virus_3418614,host_138977): 0 -> 1
Cell (virus_3418614,host_138979): 0 -> 1
Cell (virus_3418614,host_159330): 0 -> 1
Cell (virus_3418614,host_258940): 0 -> 1
Cell (virus_3418614,host_587652): 0 -> 1
Cell (virus_3418614,host_385037): 0 -> 1
Cell (virus_3418614,host_187017): 0 -> 1
Cell (virus_3418614,host_1207989): 0 -> 1
Cell (virus_3418614,host_186991): 0 -> 1
Cell (virus_3418614,host_157961): 0 -> 1
Cell (virus_3418614,host_270698): 0 -> 1
Cell (virus_3418614,host_334201): 0 -> 1
Cell (virus_3418614,host_249020): 0 -> 1
Cell (virus_3418614,host_584995): 0 -> 1
Cell (virus_3418614,host_463808): 0 -> 1
Cell (virus_3418614,host_170233): 0 -> 1
Cell (virus_3418614,host_376555): 0 -> 1
Cell (virus_3418614,host_196889): 0 -> 1
Cell (virus_3418614,host_867892): 0 -> 1
Cell (virus_3418614,host_337452): 0 -> 1
Cell (virus_3418614,host_76837): 0 -> 1
Cell (virus_3418614,host_2603866): 0 -> 1
Cell (virus_3418614,host_302408): 0 -> 1
Cell (virus_3418614,host_59479): 0 -> 1
Cell (virus_3418614,host_337453): 0 -> 1
Cell (virus_3418614,host_549403): 0 -> 1
Cell (virus_3418614,host_3371112): 0 -> 1
Cell (virus_3418614,host_124756): 0 -> 1
Cell (virus_3418614,host_132908): 0 -> 1
Cell (virus_3418614,host_385575): 0 -> 1
Cell (virus_3418614,host_328804): 0 -> 1
Cell (virus_3418614,host_9402): 0 -> 1
Cell (virus_3418614,host_58057): 0 -> 1
Cell (virus_3418614,host_1898389): 0 -> 1
Cell (virus_3418614,host_77231): 0 -> 1
Cell (virus_3418614,host_2853157): 0 -> 1
Cell (virus_3418614,host_372077): 0 -> 1
Cell (virus_3418614,host_58071): 0 -> 1
Cell (virus_3418614,host_9408): 0 -> 1
Cell (virus_3418614,host_77214): 0 -> 1
Cell (virus_3418614,host_1898386): 0 -> 1
Cell (virus_3418614,host_326081): 0 -> 1
Cell (virus_3418614,host_326151): 0 -> 1
Cell (virus_3418614,host_326083): 0 -> 1
Cell (virus_3418614,host_1381355): 0 -> 1
Cell (virus_3418614,host_1884717): 0 -> 1
Cell (virus_3418614,host_148094): 0 -> 1
Cell (virus_3418614,host_410852): 0 -> 1
Cell (virus_3418614,host_51012): 0 -> 1
Cell (virus_3418614,host_177160): 0 -> 1
Cell (virus_3418614,host_148061): 0 -> 1
Cell (virus_3418614,host_9430): 0 -> 1
Cell (virus_3418614,host_3042450): 0 -> 1
Cell (virus_3418614,host_3371013): 0 -> 1
Cell (virus_3418614,host_59472): 0 -> 1
Cell (virus_3418614,host_3370289): 0 -> 1
Cell (virus_3418614,host_9438): 0 -> 1
Cell (virus_3418614,host_153297): 0 -> 1
Cell (virus_3418614,host_249033): 0 -> 1
Cell (virus_3418614,host_258930): 0 -> 1
Cell (virus_3418614,host_909369): 0 -> 1
Cell (virus_3418614,host_3371021): 0 -> 1
Cell (virus_3418614,host_999321): 0 -> 1
Cell (virus_3418614,host_143942): 0 -> 1
Cell (virus_3418614,host_258889): 0 -> 1
Cell (virus_3418614,host_2491053): 0 -> 1
Cell (virus_3418614,host_258959): 0 -> 1
Cell (virus_3418614,host_526822): 0 -> 1
Cell (virus_2913379,host_105295): 0 -> 1
Cell (virus_2913379,host_187011): 0 -> 1
Cell (virus_2913379,host_51300): 0 -> 1
Cell (virus_2913379,host_109478): 0 -> 1
Cell (virus_2913379,host_1633875): 0 -> 1
Cell (virus_2913379,host_412095): 0 -> 1
Cell (virus_2913379,host_386774): 0 -> 1
Cell (virus_2913379,host_392004): 0 -> 1
Cell (virus_2913379,host_187014): 0 -> 1
Cell (virus_2913379,host_1911917): 0 -> 1
Cell (virus_2913379,host_203696): 0 -> 1
Cell (virus_2913379,host_98922): 0 -> 1
Cell (virus_2913379,host_138977): 0 -> 1
Cell (virus_2913379,host_138979): 0 -> 1
Cell (virus_2913379,host_587652): 0 -> 1
Cell (virus_2913379,host_385037): 0 -> 1
Cell (virus_2913379,host_258925): 0 -> 1
Cell (virus_2913379,host_187017): 0 -> 1
Cell (virus_2913379,host_1207989): 0 -> 1
Cell (virus_2913379,host_175524): 0 -> 1
Cell (virus_2913379,host_186991): 0 -> 1
Cell (virus_2913379,host_157961): 0 -> 1
Cell (virus_2913379,host_334201): 0 -> 1
Cell (virus_2913379,host_249020): 0 -> 1
Cell (virus_2913379,host_584995): 0 -> 1
Cell (virus_2913379,host_463808): 0 -> 1
Cell (virus_2913379,host_170233): 0 -> 1
Cell (virus_2913379,host_376555): 0 -> 1
Cell (virus_2913379,host_188570): 0 -> 1
Cell (virus_2913379,host_188572): 0 -> 1
Cell (virus_2913379,host_196889): 0 -> 1
Cell (virus_2913379,host_867892): 0 -> 1
Cell (virus_2913379,host_337452): 0 -> 1
Cell (virus_2913379,host_76837): 0 -> 1
Cell (virus_2913379,host_89399): 0 -> 1
Cell (virus_2913379,host_249024): 0 -> 1
Cell (virus_2913379,host_2603866): 0 -> 1
Cell (virus_2913379,host_302408): 0 -> 1
Cell (virus_2913379,host_59479): 0 -> 1
Cell (virus_2913379,host_549403): 0 -> 1
Cell (virus_2913379,host_132908): 0 -> 1
Cell (virus_2913379,host_385575): 0 -> 1
Cell (virus_2913379,host_328804): 0 -> 1
Cell (virus_2913379,host_9402): 0 -> 1
Cell (virus_2913379,host_58057): 0 -> 1
Cell (virus_2913379,host_1898389): 0 -> 1
Cell (virus_2913379,host_2853157): 0 -> 1
Cell (virus_2913379,host_372077): 0 -> 1
Cell (virus_2913379,host_498220): 0 -> 1
Cell (virus_2913379,host_9408): 0 -> 1
Cell (virus_2913379,host_77214): 0 -> 1
Cell (virus_2913379,host_1898386): 0 -> 1
Cell (virus_2913379,host_326081): 0 -> 1
Cell (virus_2913379,host_326151): 0 -> 1
Cell (virus_2913379,host_326083): 0 -> 1
Cell (virus_2913379,host_1381355): 0 -> 1
Cell (virus_2913379,host_1884717): 0 -> 1
Cell (virus_2913379,host_208969): 0 -> 1
Cell (virus_2913379,host_148094): 0 -> 1
Cell (virus_2913379,host_410852): 0 -> 1
Cell (virus_2913379,host_51012): 0 -> 1
Cell (virus_2913379,host_177160): 0 -> 1
Cell (virus_2913379,host_27642): 0 -> 1
Cell (virus_2913379,host_148061): 0 -> 1
Cell (virus_2913379,host_3042450): 0 -> 1
Cell (virus_2913379,host_3371013): 0 -> 1
Cell (virus_2913379,host_59472): 0 -> 1
Cell (virus_2913379,host_187007): 0 -> 1
Cell (virus_2913379,host_258934): 0 -> 1
Cell (virus_2913379,host_124751): 0 -> 1
Cell (virus_2913379,host_3370289): 0 -> 1
Cell (virus_2913379,host_9438): 0 -> 1
Cell (virus_2913379,host_153297): 0 -> 1
Cell (virus_2913379,host_249033): 0 -> 1
Cell (virus_2913379,host_258930): 0 -> 1
Cell (virus_2913379,host_272799): 0 -> 1
Cell (virus_2913379,host_909369): 0 -> 1
Cell (virus_2913379,host_3371021): 0 -> 1
Cell (virus_2913379,host_999321): 0 -> 1
Cell (virus_2913379,host_867834): 0 -> 1
Cell (virus_2913379,host_143942): 0 -> 1
Cell (virus_2913379,host_258889): 0 -> 1
Cell (virus_2913379,host_2491053): 0 -> 1
Cell (virus_2913379,host_258959): 0 -> 1
Cell (virus_2913379,host_526822): 0 -> 1
Cell (virus_2913381,host_105295): 0 -> 1
Cell (virus_2913381,host_187011): 0 -> 1
Cell (virus_2913381,host_51300): 0 -> 1
Cell (virus_2913381,host_412095): 0 -> 1
Cell (virus_2913381,host_51298): 0 -> 1
Cell (virus_2913381,host_386774): 0 -> 1
Cell (virus_2913381,host_392004): 0 -> 1
Cell (virus_2913381,host_187014): 0 -> 1
Cell (virus_2913381,host_1911917): 0 -> 1
Cell (virus_2913381,host_203696): 0 -> 1
Cell (virus_2913381,host_98922): 0 -> 1
Cell (virus_2913381,host_138977): 0 -> 1
Cell (virus_2913381,host_138979): 0 -> 1
Cell (virus_2913381,host_587652): 0 -> 1
Cell (virus_2913381,host_155915): 0 -> 1
Cell (virus_2913381,host_385037): 0 -> 1
Cell (virus_2913381,host_258925): 0 -> 1
Cell (virus_2913381,host_187017): 0 -> 1
Cell (virus_2913381,host_1207989): 0 -> 1
Cell (virus_2913381,host_175524): 0 -> 1
Cell (virus_2913381,host_186991): 0 -> 1
Cell (virus_2913381,host_157961): 0 -> 1
Cell (virus_2913381,host_334201): 0 -> 1
Cell (virus_2913381,host_249020): 0 -> 1
Cell (virus_2913381,host_584995): 0 -> 1
Cell (virus_2913381,host_463808): 0 -> 1
Cell (virus_2913381,host_170233): 0 -> 1
Cell (virus_2913381,host_376555): 0 -> 1
Cell (virus_2913381,host_196889): 0 -> 1
Cell (virus_2913381,host_867892): 0 -> 1
Cell (virus_2913381,host_76837): 0 -> 1
Cell (virus_2913381,host_249024): 0 -> 1
Cell (virus_2913381,host_2603866): 0 -> 1
Cell (virus_2913381,host_302408): 0 -> 1
Cell (virus_2913381,host_59479): 0 -> 1
Cell (virus_2913381,host_337453): 0 -> 1
Cell (virus_2913381,host_549403): 0 -> 1
Cell (virus_2913381,host_132908): 0 -> 1
Cell (virus_2913381,host_385575): 0 -> 1
Cell (virus_2913381,host_328804): 0 -> 1
Cell (virus_2913381,host_58057): 0 -> 1
Cell (virus_2913381,host_1898389): 0 -> 1
Cell (virus_2913381,host_77231): 0 -> 1
Cell (virus_2913381,host_2853157): 0 -> 1
Cell (virus_2913381,host_372077): 0 -> 1
Cell (virus_2913381,host_498220): 0 -> 1
Cell (virus_2913381,host_9408): 0 -> 1
Cell (virus_2913381,host_77214): 0 -> 1
Cell (virus_2913381,host_1898386): 0 -> 1
Cell (virus_2913381,host_326081): 0 -> 1
Cell (virus_2913381,host_326151): 0 -> 1
Cell (virus_2913381,host_326083): 0 -> 1
Cell (virus_2913381,host_1381355): 0 -> 1
Cell (virus_2913381,host_94956): 0 -> 1
Cell (virus_2913381,host_1884717): 0 -> 1
Cell (virus_2913381,host_208969): 0 -> 1
Cell (virus_2913381,host_148094): 0 -> 1
Cell (virus_2913381,host_410852): 0 -> 1
Cell (virus_2913381,host_51012): 0 -> 1
Cell (virus_2913381,host_177160): 0 -> 1
Cell (virus_2913381,host_27642): 0 -> 1
Cell (virus_2913381,host_148061): 0 -> 1
Cell (virus_2913381,host_3042450): 0 -> 1
Cell (virus_2913381,host_59472): 0 -> 1
Cell (virus_2913381,host_187007): 0 -> 1
Cell (virus_2913381,host_258934): 0 -> 1
Cell (virus_2913381,host_124751): 0 -> 1
Cell (virus_2913381,host_3370289): 0 -> 1
Cell (virus_2913381,host_9438): 0 -> 1
Cell (virus_2913381,host_153297): 0 -> 1
Cell (virus_2913381,host_249033): 0 -> 1
Cell (virus_2913381,host_258930): 0 -> 1
Cell (virus_2913381,host_272799): 0 -> 1
Cell (virus_2913381,host_909369): 0 -> 1
Cell (virus_2913381,host_3371021): 0 -> 1
Cell (virus_2913381,host_999321): 0 -> 1
Cell (virus_2913381,host_867834): 0 -> 1
Cell (virus_2913381,host_143942): 0 -> 1
Cell (virus_2913381,host_258889): 0 -> 1
Cell (virus_2913381,host_2491053): 0 -> 1
Cell (virus_2913381,host_258959): 0 -> 1
Cell (virus_2913381,host_526822): 0 -> 1
Cell (virus_3418613,host_105295): 0 -> 1
Cell (virus_3418613,host_187011): 0 -> 1
Cell (virus_3418613,host_51300): 0 -> 1
Cell (virus_3418613,host_1633875): 0 -> 1
Cell (virus_3418613,host_109482): 0 -> 1
Cell (virus_3418613,host_412095): 0 -> 1
Cell (virus_3418613,host_51298): 0 -> 1
Cell (virus_3418613,host_386774): 0 -> 1
Cell (virus_3418613,host_392004): 0 -> 1
Cell (virus_3418613,host_187014): 0 -> 1
Cell (virus_3418613,host_203696): 0 -> 1
Cell (virus_3418613,host_98922): 0 -> 1
Cell (virus_3418613,host_138977): 0 -> 1
Cell (virus_3418613,host_138979): 0 -> 1
Cell (virus_3418613,host_587652): 0 -> 1
Cell (virus_3418613,host_385037): 0 -> 1
Cell (virus_3418613,host_258925): 0 -> 1
Cell (virus_3418613,host_187017): 0 -> 1
Cell (virus_3418613,host_1207989): 0 -> 1
Cell (virus_3418613,host_186991): 0 -> 1
Cell (virus_3418613,host_157961): 0 -> 1
Cell (virus_3418613,host_334201): 0 -> 1
Cell (virus_3418613,host_249020): 0 -> 1
Cell (virus_3418613,host_584995): 0 -> 1
Cell (virus_3418613,host_463808): 0 -> 1
Cell (virus_3418613,host_170233): 0 -> 1
Cell (virus_3418613,host_376555): 0 -> 1
Cell (virus_3418613,host_188572): 0 -> 1
Cell (virus_3418613,host_196889): 0 -> 1
Cell (virus_3418613,host_867892): 0 -> 1
Cell (virus_3418613,host_337452): 0 -> 1
Cell (virus_3418613,host_76837): 0 -> 1
Cell (virus_3418613,host_249024): 0 -> 1
Cell (virus_3418613,host_2603866): 0 -> 1
Cell (virus_3418613,host_59479): 0 -> 1
Cell (virus_3418613,host_337453): 0 -> 1
Cell (virus_3418613,host_549403): 0 -> 1
Cell (virus_3418613,host_132908): 0 -> 1
Cell (virus_3418613,host_328804): 0 -> 1
Cell (virus_3418613,host_9402): 0 -> 1
Cell (virus_3418613,host_58057): 0 -> 1
Cell (virus_3418613,host_1898389): 0 -> 1
Cell (virus_3418613,host_77231): 0 -> 1
Cell (virus_3418613,host_2853157): 0 -> 1
Cell (virus_3418613,host_372077): 0 -> 1
Cell (virus_3418613,host_498220): 0 -> 1
Cell (virus_3418613,host_9408): 0 -> 1
Cell (virus_3418613,host_77214): 0 -> 1
Cell (virus_3418613,host_1898386): 0 -> 1
Cell (virus_3418613,host_326081): 0 -> 1
Cell (virus_3418613,host_326083): 0 -> 1
Cell (virus_3418613,host_1381355): 0 -> 1
Cell (virus_3418613,host_1884717): 0 -> 1
Cell (virus_3418613,host_208969): 0 -> 1
Cell (virus_3418613,host_148094): 0 -> 1
Cell (virus_3418613,host_410852): 0 -> 1
Cell (virus_3418613,host_51012): 0 -> 1
Cell (virus_3418613,host_177160): 0 -> 1
Cell (virus_3418613,host_27642): 0 -> 1
Cell (virus_3418613,host_148061): 0 -> 1
Cell (virus_3418613,host_94961): 0 -> 1
Cell (virus_3418613,host_3042450): 0 -> 1
Cell (virus_3418613,host_3371013): 0 -> 1
Cell (virus_3418613,host_59472): 0 -> 1
Cell (virus_3418613,host_258934): 0 -> 1
Cell (virus_3418613,host_124751): 0 -> 1
Cell (virus_3418613,host_3370289): 0 -> 1
Cell (virus_3418613,host_153297): 0 -> 1
Cell (virus_3418613,host_249033): 0 -> 1
Cell (virus_3418613,host_272799): 0 -> 1
Cell (virus_3418613,host_909369): 0 -> 1
Cell (virus_3418613,host_3371021): 0 -> 1
Cell (virus_3418613,host_999321): 0 -> 1
Cell (virus_3418613,host_867834): 0 -> 1
Cell (virus_3418613,host_143942): 0 -> 1
Cell (virus_3418613,host_258889): 0 -> 1
Cell (virus_3418613,host_2491053): 0 -> 1
Cell (virus_3418613,host_258959): 0 -> 1
Cell (virus_3418613,host_526822): 0 -> 1
Cell (virus_2913443,host_105295): 0 -> 1
Cell (virus_2913443,host_258946): 0 -> 1
Cell (virus_2913443,host_51300): 0 -> 1
Cell (virus_2913443,host_160974): 0 -> 1
Cell (virus_2913443,host_1633875): 0 -> 1
Cell (virus_2913443,host_2528591): 0 -> 1
Cell (virus_2913443,host_109482): 0 -> 1
Cell (virus_2913443,host_412095): 0 -> 1
Cell (virus_2913443,host_51298): 0 -> 1
Cell (virus_2913443,host_392004): 0 -> 1
Cell (virus_2913443,host_187014): 0 -> 1
Cell (virus_2913443,host_526407): 0 -> 1
Cell (virus_2913443,host_203696): 0 -> 1
Cell (virus_2913443,host_98922): 0 -> 1
Cell (virus_2913443,host_138977): 0 -> 1
Cell (virus_2913443,host_138979): 0 -> 1
Cell (virus_2913443,host_385037): 0 -> 1
Cell (virus_2913443,host_258925): 0 -> 1
Cell (virus_2913443,host_187017): 0 -> 1
Cell (virus_2913443,host_1207989): 0 -> 1
Cell (virus_2913443,host_175524): 0 -> 1
Cell (virus_2913443,host_186991): 0 -> 1
Cell (virus_2913443,host_157961): 0 -> 1
Cell (virus_2913443,host_270698): 0 -> 1
Cell (virus_2913443,host_334201): 0 -> 1
Cell (virus_2913443,host_249020): 0 -> 1
Cell (virus_2913443,host_584995): 0 -> 1
Cell (virus_2913443,host_463808): 0 -> 1
Cell (virus_2913443,host_170233): 0 -> 1
Cell (virus_2913443,host_376555): 0 -> 1
Cell (virus_2913443,host_188572): 0 -> 1
Cell (virus_2913443,host_196889): 0 -> 1
Cell (virus_2913443,host_867892): 0 -> 1
Cell (virus_2913443,host_76837): 0 -> 1
Cell (virus_2913443,host_249024): 0 -> 1
Cell (virus_2913443,host_302408): 0 -> 1
Cell (virus_2913443,host_337453): 0 -> 1
Cell (virus_2913443,host_549403): 0 -> 1
Cell (virus_2913443,host_132908): 0 -> 1
Cell (virus_2913443,host_385575): 0 -> 1
Cell (virus_2913443,host_328804): 0 -> 1
Cell (virus_2913443,host_9402): 0 -> 1
Cell (virus_2913443,host_58057): 0 -> 1
Cell (virus_2913443,host_1898389): 0 -> 1
Cell (virus_2913443,host_77231): 0 -> 1
Cell (virus_2913443,host_2853157): 0 -> 1
Cell (virus_2913443,host_372077): 0 -> 1
Cell (virus_2913443,host_498220): 0 -> 1
Cell (virus_2913443,host_58083): 0 -> 1
Cell (virus_2913443,host_77223): 0 -> 1
Cell (virus_2913443,host_9408): 0 -> 1
Cell (virus_2913443,host_77214): 0 -> 1
Cell (virus_2913443,host_1898386): 0 -> 1
Cell (virus_2913443,host_326081): 0 -> 1
Cell (virus_2913443,host_326151): 0 -> 1
Cell (virus_2913443,host_326083): 0 -> 1
Cell (virus_2913443,host_1381355): 0 -> 1
Cell (virus_2913443,host_1884717): 0 -> 1
Cell (virus_2913443,host_208969): 0 -> 1
Cell (virus_2913443,host_148094): 0 -> 1
Cell (virus_2913443,host_410852): 0 -> 1
Cell (virus_2913443,host_51012): 0 -> 1
Cell (virus_2913443,host_27660): 0 -> 1
Cell (virus_2913443,host_177160): 0 -> 1
Cell (virus_2913443,host_27642): 0 -> 1
Cell (virus_2913443,host_148061): 0 -> 1
Cell (virus_2913443,host_3042450): 0 -> 1
Cell (virus_2913443,host_3371013): 0 -> 1
Cell (virus_2913443,host_258934): 0 -> 1
Cell (virus_2913443,host_3370289): 0 -> 1
Cell (virus_2913443,host_9438): 0 -> 1
Cell (virus_2913443,host_153297): 0 -> 1
Cell (virus_2913443,host_249034): 0 -> 1
Cell (virus_2913443,host_249033): 0 -> 1
Cell (virus_2913443,host_258930): 0 -> 1
Cell (virus_2913443,host_909369): 0 -> 1
Cell (virus_2913443,host_3371016): 0 -> 1
Cell (virus_2913443,host_3371021): 0 -> 1
Cell (virus_2913443,host_59474): 0 -> 1
Cell (virus_2913443,host_999321): 0 -> 1
Cell (virus_2913443,host_143942): 0 -> 1
Cell (virus_2913443,host_2491053): 0 -> 1
Cell (virus_2913443,host_258959): 0 -> 1
Cell (virus_2913443,host_526822): 0 -> 1
Cell (virus_2972746,host_105295): 0 -> 1
Cell (virus_2972746,host_258946): 0 -> 1
Cell (virus_2972746,host_51300): 0 -> 1
Cell (virus_2972746,host_160974): 0 -> 1
Cell (virus_2972746,host_1633875): 0 -> 1
Cell (virus_2972746,host_2528591): 0 -> 1
Cell (virus_2972746,host_109482): 0 -> 1
Cell (virus_2972746,host_412095): 0 -> 1
Cell (virus_2972746,host_51298): 0 -> 1
Cell (virus_2972746,host_392004): 0 -> 1
Cell (virus_2972746,host_187014): 0 -> 1
Cell (virus_2972746,host_526407): 0 -> 1
Cell (virus_2972746,host_203696): 0 -> 1
Cell (virus_2972746,host_98922): 0 -> 1
Cell (virus_2972746,host_138977): 0 -> 1
Cell (virus_2972746,host_138979): 0 -> 1
Cell (virus_2972746,host_385037): 0 -> 1
Cell (virus_2972746,host_258925): 0 -> 1
Cell (virus_2972746,host_187017): 0 -> 1
Cell (virus_2972746,host_1207989): 0 -> 1
Cell (virus_2972746,host_175524): 0 -> 1
Cell (virus_2972746,host_186991): 0 -> 1
Cell (virus_2972746,host_157961): 0 -> 1
Cell (virus_2972746,host_270698): 0 -> 1
Cell (virus_2972746,host_334201): 0 -> 1
Cell (virus_2972746,host_249020): 0 -> 1
Cell (virus_2972746,host_584995): 0 -> 1
Cell (virus_2972746,host_463808): 0 -> 1
Cell (virus_2972746,host_170233): 0 -> 1
Cell (virus_2972746,host_159858): 0 -> 1
Cell (virus_2972746,host_376555): 0 -> 1
Cell (virus_2972746,host_188572): 0 -> 1
Cell (virus_2972746,host_196889): 0 -> 1
Cell (virus_2972746,host_867892): 0 -> 1
Cell (virus_2972746,host_76837): 0 -> 1
Cell (virus_2972746,host_249024): 0 -> 1
Cell (virus_2972746,host_302408): 0 -> 1
Cell (virus_2972746,host_59479): 0 -> 1
Cell (virus_2972746,host_337453): 0 -> 1
Cell (virus_2972746,host_549403): 0 -> 1
Cell (virus_2972746,host_132908): 0 -> 1
Cell (virus_2972746,host_385575): 0 -> 1
Cell (virus_2972746,host_328804): 0 -> 1
Cell (virus_2972746,host_9402): 0 -> 1
Cell (virus_2972746,host_58057): 0 -> 1
Cell (virus_2972746,host_1898389): 0 -> 1
Cell (virus_2972746,host_77231): 0 -> 1
Cell (virus_2972746,host_2853157): 0 -> 1
Cell (virus_2972746,host_372077): 0 -> 1
Cell (virus_2972746,host_498220): 0 -> 1
Cell (virus_2972746,host_58083): 0 -> 1
Cell (virus_2972746,host_77223): 0 -> 1
Cell (virus_2972746,host_9408): 0 -> 1
Cell (virus_2972746,host_77214): 0 -> 1
Cell (virus_2972746,host_1898386): 0 -> 1
Cell (virus_2972746,host_326081): 0 -> 1
Cell (virus_2972746,host_326151): 0 -> 1
Cell (virus_2972746,host_326083): 0 -> 1
Cell (virus_2972746,host_1381355): 0 -> 1
Cell (virus_2972746,host_1884717): 0 -> 1
Cell (virus_2972746,host_208969): 0 -> 1
Cell (virus_2972746,host_148094): 0 -> 1
Cell (virus_2972746,host_410852): 0 -> 1
Cell (virus_2972746,host_51012): 0 -> 1
Cell (virus_2972746,host_27660): 0 -> 1
Cell (virus_2972746,host_177160): 0 -> 1
Cell (virus_2972746,host_27642): 0 -> 1
Cell (virus_2972746,host_148061): 0 -> 1
Cell (virus_2972746,host_3042450): 0 -> 1
Cell (virus_2972746,host_3371013): 0 -> 1
Cell (virus_2972746,host_258934): 0 -> 1
Cell (virus_2972746,host_3370289): 0 -> 1
Cell (virus_2972746,host_9438): 0 -> 1
Cell (virus_2972746,host_153297): 0 -> 1
Cell (virus_2972746,host_249034): 0 -> 1
Cell (virus_2972746,host_249033): 0 -> 1
Cell (virus_2972746,host_258930): 0 -> 1
Cell (virus_2972746,host_909369): 0 -> 1
Cell (virus_2972746,host_3371016): 0 -> 1
Cell (virus_2972746,host_3371021): 0 -> 1
Cell (virus_2972746,host_59474): 0 -> 1
Cell (virus_2972746,host_999321): 0 -> 1
Cell (virus_2972746,host_143942): 0 -> 1
Cell (virus_2972746,host_2491053): 0 -> 1
Cell (virus_2972746,host_258959): 0 -> 1
Cell (virus_2972746,host_526822): 0 -> 1
Cell (virus_1805463,host_105295): 0 -> 1
Cell (virus_1805463,host_375553): 0 -> 1
Cell (virus_1805463,host_51300): 0 -> 1
Cell (virus_1805463,host_59473): 0 -> 1
Cell (virus_1805463,host_160974): 0 -> 1
Cell (virus_1805463,host_2528591): 0 -> 1
Cell (virus_1805463,host_412095): 0 -> 1
Cell (virus_1805463,host_51298): 0 -> 1
Cell (virus_1805463,host_392004): 0 -> 1
Cell (virus_1805463,host_187014): 0 -> 1
Cell (virus_1805463,host_526407): 0 -> 1
Cell (virus_1805463,host_203696): 0 -> 1
Cell (virus_1805463,host_452653): 0 -> 1
Cell (virus_1805463,host_98922): 0 -> 1
Cell (virus_1805463,host_138977): 0 -> 1
Cell (virus_1805463,host_138979): 0 -> 1
Cell (virus_1805463,host_258940): 0 -> 1
Cell (virus_1805463,host_385037): 0 -> 1
Cell (virus_1805463,host_187017): 0 -> 1
Cell (virus_1805463,host_1207989): 0 -> 1
Cell (virus_1805463,host_186991): 0 -> 1
Cell (virus_1805463,host_249020): 0 -> 1
Cell (virus_1805463,host_584995): 0 -> 1
Cell (virus_1805463,host_463808): 0 -> 1
Cell (virus_1805463,host_170233): 0 -> 1
Cell (virus_1805463,host_376555): 0 -> 1
Cell (virus_1805463,host_337452): 0 -> 1
Cell (virus_1805463,host_76837): 0 -> 1
Cell (virus_1805463,host_608708): 0 -> 1
Cell (virus_1805463,host_89399): 0 -> 1
Cell (virus_1805463,host_249024): 0 -> 1
Cell (virus_1805463,host_2603866): 0 -> 1
Cell (virus_1805463,host_59479): 0 -> 1
Cell (virus_1805463,host_337453): 0 -> 1
Cell (virus_1805463,host_549403): 0 -> 1
Cell (virus_1805463,host_124756): 0 -> 1
Cell (virus_1805463,host_132908): 0 -> 1
Cell (virus_1805463,host_385575): 0 -> 1
Cell (virus_1805463,host_328804): 0 -> 1
Cell (virus_1805463,host_9402): 0 -> 1
Cell (virus_1805463,host_58057): 0 -> 1
Cell (virus_1805463,host_1898389): 0 -> 1
Cell (virus_1805463,host_77231): 0 -> 1
Cell (virus_1805463,host_372077): 0 -> 1
Cell (virus_1805463,host_498220): 0 -> 1
Cell (virus_1805463,host_9408): 0 -> 1
Cell (virus_1805463,host_77214): 0 -> 1
Cell (virus_1805463,host_1898386): 0 -> 1
Cell (virus_1805463,host_326081): 0 -> 1
Cell (virus_1805463,host_326151): 0 -> 1
Cell (virus_1805463,host_326083): 0 -> 1
Cell (virus_1805463,host_1381355): 0 -> 1
Cell (virus_1805463,host_118856): 0 -> 1
Cell (virus_1805463,host_1884717): 0 -> 1
Cell (virus_1805463,host_208969): 0 -> 1
Cell (virus_1805463,host_148094): 0 -> 1
Cell (virus_1805463,host_410852): 0 -> 1
Cell (virus_1805463,host_51012): 0 -> 1
Cell (virus_1805463,host_27660): 0 -> 1
Cell (virus_1805463,host_177162): 0 -> 1
Cell (virus_1805463,host_148061): 0 -> 1
Cell (virus_1805463,host_3042450): 0 -> 1
Cell (virus_1805463,host_59472): 0 -> 1
Cell (virus_1805463,host_1434095): 0 -> 1
Cell (virus_1805463,host_221086): 0 -> 1
Cell (virus_1805463,host_258934): 0 -> 1
Cell (virus_1805463,host_479723): 0 -> 1
Cell (virus_1805463,host_258863): 0 -> 1
Cell (virus_1805463,host_3370289): 0 -> 1
Cell (virus_1805463,host_9438): 0 -> 1
Cell (virus_1805463,host_153297): 0 -> 1
Cell (virus_1805463,host_258930): 0 -> 1
Cell (virus_1805463,host_909369): 0 -> 1
Cell (virus_1805463,host_3371016): 0 -> 1
Cell (virus_1805463,host_3371021): 0 -> 1
Cell (virus_1805463,host_867834): 0 -> 1
Cell (virus_1805463,host_258959): 0 -> 1
Cell (virus_3061635,host_105295): 0 -> 1
Cell (virus_3061635,host_375553): 0 -> 1
Cell (virus_3061635,host_51300): 0 -> 1
Cell (virus_3061635,host_59473): 0 -> 1
Cell (virus_3061635,host_160974): 0 -> 1
Cell (virus_3061635,host_2528591): 0 -> 1
Cell (virus_3061635,host_412095): 0 -> 1
Cell (virus_3061635,host_51298): 0 -> 1
Cell (virus_3061635,host_392004): 0 -> 1
Cell (virus_3061635,host_187014): 0 -> 1
Cell (virus_3061635,host_526407): 0 -> 1
Cell (virus_3061635,host_203696): 0 -> 1
Cell (virus_3061635,host_452653): 0 -> 1
Cell (virus_3061635,host_98922): 0 -> 1
Cell (virus_3061635,host_138977): 0 -> 1
Cell (virus_3061635,host_138979): 0 -> 1
Cell (virus_3061635,host_258940): 0 -> 1
Cell (virus_3061635,host_385037): 0 -> 1
Cell (virus_3061635,host_187017): 0 -> 1
Cell (virus_3061635,host_1207989): 0 -> 1
Cell (virus_3061635,host_186991): 0 -> 1
Cell (virus_3061635,host_249020): 0 -> 1
Cell (virus_3061635,host_584995): 0 -> 1
Cell (virus_3061635,host_463808): 0 -> 1
Cell (virus_3061635,host_170233): 0 -> 1
Cell (virus_3061635,host_376555): 0 -> 1
Cell (virus_3061635,host_337452): 0 -> 1
Cell (virus_3061635,host_76837): 0 -> 1
Cell (virus_3061635,host_608708): 0 -> 1
Cell (virus_3061635,host_89399): 0 -> 1
Cell (virus_3061635,host_249024): 0 -> 1
Cell (virus_3061635,host_2603866): 0 -> 1
Cell (virus_3061635,host_59479): 0 -> 1
Cell (virus_3061635,host_337453): 0 -> 1
Cell (virus_3061635,host_549403): 0 -> 1
Cell (virus_3061635,host_124756): 0 -> 1
Cell (virus_3061635,host_132908): 0 -> 1
Cell (virus_3061635,host_385575): 0 -> 1
Cell (virus_3061635,host_328804): 0 -> 1
Cell (virus_3061635,host_9402): 0 -> 1
Cell (virus_3061635,host_58057): 0 -> 1
Cell (virus_3061635,host_1898389): 0 -> 1
Cell (virus_3061635,host_77231): 0 -> 1
Cell (virus_3061635,host_372077): 0 -> 1
Cell (virus_3061635,host_498220): 0 -> 1
Cell (virus_3061635,host_9408): 0 -> 1
Cell (virus_3061635,host_77214): 0 -> 1
Cell (virus_3061635,host_1898386): 0 -> 1
Cell (virus_3061635,host_326081): 0 -> 1
Cell (virus_3061635,host_326151): 0 -> 1
Cell (virus_3061635,host_326083): 0 -> 1
Cell (virus_3061635,host_1381355): 0 -> 1
Cell (virus_3061635,host_118856): 0 -> 1
Cell (virus_3061635,host_1884717): 0 -> 1
Cell (virus_3061635,host_208969): 0 -> 1
Cell (virus_3061635,host_148094): 0 -> 1
Cell (virus_3061635,host_410852): 0 -> 1
Cell (virus_3061635,host_51012): 0 -> 1
Cell (virus_3061635,host_27660): 0 -> 1
Cell (virus_3061635,host_177162): 0 -> 1
Cell (virus_3061635,host_148061): 0 -> 1
Cell (virus_3061635,host_3042450): 0 -> 1
Cell (virus_3061635,host_59472): 0 -> 1
Cell (virus_3061635,host_1434095): 0 -> 1
Cell (virus_3061635,host_221086): 0 -> 1
Cell (virus_3061635,host_258934): 0 -> 1
Cell (virus_3061635,host_479723): 0 -> 1
Cell (virus_3061635,host_258863): 0 -> 1
Cell (virus_3061635,host_3370289): 0 -> 1
Cell (virus_3061635,host_9438): 0 -> 1
Cell (virus_3061635,host_153297): 0 -> 1
Cell (virus_3061635,host_258930): 0 -> 1
Cell (virus_3061635,host_909369): 0 -> 1
Cell (virus_3061635,host_3371016): 0 -> 1
Cell (virus_3061635,host_3371021): 0 -> 1
Cell (virus_3061635,host_867834): 0 -> 1
Cell (virus_3061635,host_258959): 0 -> 1
Cell (virus_3068888,host_105295): 0 -> 1
Cell (virus_3068888,host_375553): 0 -> 1
Cell (virus_3068888,host_51300): 0 -> 1
Cell (virus_3068888,host_59473): 0 -> 1
Cell (virus_3068888,host_160974): 0 -> 1
Cell (virus_3068888,host_2528591): 0 -> 1
Cell (virus_3068888,host_51298): 0 -> 1
Cell (virus_3068888,host_392004): 0 -> 1
Cell (virus_3068888,host_187014): 0 -> 1
Cell (virus_3068888,host_526407): 0 -> 1
Cell (virus_3068888,host_203696): 0 -> 1
Cell (virus_3068888,host_452653): 0 -> 1
Cell (virus_3068888,host_98922): 0 -> 1
Cell (virus_3068888,host_138977): 0 -> 1
Cell (virus_3068888,host_138979): 0 -> 1
Cell (virus_3068888,host_258940): 0 -> 1
Cell (virus_3068888,host_385037): 0 -> 1
Cell (virus_3068888,host_187017): 0 -> 1
Cell (virus_3068888,host_1207989): 0 -> 1
Cell (virus_3068888,host_186991): 0 -> 1
Cell (virus_3068888,host_249020): 0 -> 1
Cell (virus_3068888,host_584995): 0 -> 1
Cell (virus_3068888,host_463808): 0 -> 1
Cell (virus_3068888,host_170233): 0 -> 1
Cell (virus_3068888,host_376555): 0 -> 1
Cell (virus_3068888,host_337452): 0 -> 1
Cell (virus_3068888,host_76837): 0 -> 1
Cell (virus_3068888,host_608708): 0 -> 1
Cell (virus_3068888,host_89399): 0 -> 1
Cell (virus_3068888,host_249024): 0 -> 1
Cell (virus_3068888,host_2603866): 0 -> 1
Cell (virus_3068888,host_59479): 0 -> 1
Cell (virus_3068888,host_337453): 0 -> 1
Cell (virus_3068888,host_549403): 0 -> 1
Cell (virus_3068888,host_124756): 0 -> 1
Cell (virus_3068888,host_132908): 0 -> 1
Cell (virus_3068888,host_385575): 0 -> 1
Cell (virus_3068888,host_328804): 0 -> 1
Cell (virus_3068888,host_9402): 0 -> 1
Cell (virus_3068888,host_58057): 0 -> 1
Cell (virus_3068888,host_1898389): 0 -> 1
Cell (virus_3068888,host_77231): 0 -> 1
Cell (virus_3068888,host_372077): 0 -> 1
Cell (virus_3068888,host_498220): 0 -> 1
Cell (virus_3068888,host_58083): 0 -> 1
Cell (virus_3068888,host_9408): 0 -> 1
Cell (virus_3068888,host_77214): 0 -> 1
Cell (virus_3068888,host_1898386): 0 -> 1
Cell (virus_3068888,host_58060): 0 -> 1
Cell (virus_3068888,host_326081): 0 -> 1
Cell (virus_3068888,host_326151): 0 -> 1
Cell (virus_3068888,host_326083): 0 -> 1
Cell (virus_3068888,host_1381355): 0 -> 1
Cell (virus_3068888,host_118856): 0 -> 1
Cell (virus_3068888,host_1884717): 0 -> 1
Cell (virus_3068888,host_208969): 0 -> 1
Cell (virus_3068888,host_148094): 0 -> 1
Cell (virus_3068888,host_410852): 0 -> 1
Cell (virus_3068888,host_51012): 0 -> 1
Cell (virus_3068888,host_27660): 0 -> 1
Cell (virus_3068888,host_177162): 0 -> 1
Cell (virus_3068888,host_148061): 0 -> 1
Cell (virus_3068888,host_9430): 0 -> 1
Cell (virus_3068888,host_3042450): 0 -> 1
Cell (virus_3068888,host_59472): 0 -> 1
Cell (virus_3068888,host_1434095): 0 -> 1
Cell (virus_3068888,host_221086): 0 -> 1
Cell (virus_3068888,host_258934): 0 -> 1
Cell (virus_3068888,host_479723): 0 -> 1
Cell (virus_3068888,host_27622): 0 -> 1
Cell (virus_3068888,host_258863): 0 -> 1
Cell (virus_3068888,host_3370289): 0 -> 1
Cell (virus_3068888,host_9438): 0 -> 1
Cell (virus_3068888,host_153297): 0 -> 1
Cell (virus_3068888,host_258930): 0 -> 1
Cell (virus_3068888,host_909369): 0 -> 1
Cell (virus_3068888,host_3371016): 0 -> 1
Cell (virus_3068888,host_3371021): 0 -> 1
Cell (virus_3068888,host_867834): 0 -> 1
Cell (virus_3068888,host_258959): 0 -> 1
Cell (virus_2833184,host_105295): 0 -> 1
Cell (virus_2833184,host_375553): 0 -> 1
Cell (virus_2833184,host_59473): 0 -> 1
Cell (virus_2833184,host_160974): 0 -> 1
Cell (virus_2833184,host_2528591): 0 -> 1
Cell (virus_2833184,host_412095): 0 -> 1
Cell (virus_2833184,host_51298): 0 -> 1
Cell (virus_2833184,host_392004): 0 -> 1
Cell (virus_2833184,host_187014): 0 -> 1
Cell (virus_2833184,host_526407): 0 -> 1
Cell (virus_2833184,host_203696): 0 -> 1
Cell (virus_2833184,host_452653): 0 -> 1
Cell (virus_2833184,host_138977): 0 -> 1
Cell (virus_2833184,host_138979): 0 -> 1
Cell (virus_2833184,host_258940): 0 -> 1
Cell (virus_2833184,host_385037): 0 -> 1
Cell (virus_2833184,host_187017): 0 -> 1
Cell (virus_2833184,host_1207989): 0 -> 1
Cell (virus_2833184,host_186991): 0 -> 1
Cell (virus_2833184,host_249020): 0 -> 1
Cell (virus_2833184,host_584995): 0 -> 1
Cell (virus_2833184,host_463808): 0 -> 1
Cell (virus_2833184,host_170233): 0 -> 1
Cell (virus_2833184,host_376555): 0 -> 1
Cell (virus_2833184,host_337452): 0 -> 1
Cell (virus_2833184,host_76837): 0 -> 1
Cell (virus_2833184,host_608708): 0 -> 1
Cell (virus_2833184,host_89399): 0 -> 1
Cell (virus_2833184,host_188571): 0 -> 1
Cell (virus_2833184,host_249024): 0 -> 1
Cell (virus_2833184,host_2603866): 0 -> 1
Cell (virus_2833184,host_59479): 0 -> 1
Cell (virus_2833184,host_337453): 0 -> 1
Cell (virus_2833184,host_549403): 0 -> 1
Cell (virus_2833184,host_124756): 0 -> 1
Cell (virus_2833184,host_132908): 0 -> 1
Cell (virus_2833184,host_385575): 0 -> 1
Cell (virus_2833184,host_328804): 0 -> 1
Cell (virus_2833184,host_9402): 0 -> 1
Cell (virus_2833184,host_58057): 0 -> 1
Cell (virus_2833184,host_1898389): 0 -> 1
Cell (virus_2833184,host_77231): 0 -> 1
Cell (virus_2833184,host_372077): 0 -> 1
Cell (virus_2833184,host_498220): 0 -> 1
Cell (virus_2833184,host_9408): 0 -> 1
Cell (virus_2833184,host_77214): 0 -> 1
Cell (virus_2833184,host_1898386): 0 -> 1
Cell (virus_2833184,host_326081): 0 -> 1
Cell (virus_2833184,host_326151): 0 -> 1
Cell (virus_2833184,host_326083): 0 -> 1
Cell (virus_2833184,host_1381355): 0 -> 1
Cell (virus_2833184,host_118856): 0 -> 1
Cell (virus_2833184,host_1884717): 0 -> 1
Cell (virus_2833184,host_208969): 0 -> 1
Cell (virus_2833184,host_148094): 0 -> 1
Cell (virus_2833184,host_410852): 0 -> 1
Cell (virus_2833184,host_51012): 0 -> 1
Cell (virus_2833184,host_27660): 0 -> 1
Cell (virus_2833184,host_177162): 0 -> 1
Cell (virus_2833184,host_148061): 0 -> 1
Cell (virus_2833184,host_3042450): 0 -> 1
Cell (virus_2833184,host_59472): 0 -> 1
Cell (virus_2833184,host_1434095): 0 -> 1
Cell (virus_2833184,host_221086): 0 -> 1
Cell (virus_2833184,host_258934): 0 -> 1
Cell (virus_2833184,host_479723): 0 -> 1
Cell (virus_2833184,host_258863): 0 -> 1
Cell (virus_2833184,host_3370289): 0 -> 1
Cell (virus_2833184,host_9438): 0 -> 1
Cell (virus_2833184,host_153297): 0 -> 1
Cell (virus_2833184,host_258930): 0 -> 1
Cell (virus_2833184,host_909369): 0 -> 1
Cell (virus_2833184,host_3371016): 0 -> 1
Cell (virus_2833184,host_3371021): 0 -> 1
Cell (virus_2833184,host_867834): 0 -> 1
Cell (virus_2833184,host_258959): 0 -> 1
Cell (virus_864596,host_105273): 0 -> 1
Cell (virus_864596,host_105295): 0 -> 1
Cell (virus_864596,host_375553): 0 -> 1
Cell (virus_864596,host_59473): 0 -> 1
Cell (virus_864596,host_160974): 0 -> 1
Cell (virus_864596,host_2528591): 0 -> 1
Cell (virus_864596,host_412095): 0 -> 1
Cell (virus_864596,host_51298): 0 -> 1
Cell (virus_864596,host_392004): 0 -> 1
Cell (virus_864596,host_187014): 0 -> 1
Cell (virus_864596,host_526407): 0 -> 1
Cell (virus_864596,host_203696): 0 -> 1
Cell (virus_864596,host_452653): 0 -> 1
Cell (virus_864596,host_98922): 0 -> 1
Cell (virus_864596,host_138977): 0 -> 1
Cell (virus_864596,host_138979): 0 -> 1
Cell (virus_864596,host_258940): 0 -> 1
Cell (virus_864596,host_385037): 0 -> 1
Cell (virus_864596,host_187017): 0 -> 1
Cell (virus_864596,host_1207989): 0 -> 1
Cell (virus_864596,host_186991): 0 -> 1
Cell (virus_864596,host_249020): 0 -> 1
Cell (virus_864596,host_584995): 0 -> 1
Cell (virus_864596,host_463808): 0 -> 1
Cell (virus_864596,host_170233): 0 -> 1
Cell (virus_864596,host_376555): 0 -> 1
Cell (virus_864596,host_337452): 0 -> 1
Cell (virus_864596,host_76837): 0 -> 1
Cell (virus_864596,host_608708): 0 -> 1
Cell (virus_864596,host_89399): 0 -> 1
Cell (virus_864596,host_188571): 0 -> 1
Cell (virus_864596,host_249024): 0 -> 1
Cell (virus_864596,host_2603866): 0 -> 1
Cell (virus_864596,host_59479): 0 -> 1
Cell (virus_864596,host_337453): 0 -> 1
Cell (virus_864596,host_549403): 0 -> 1
Cell (virus_864596,host_124756): 0 -> 1
Cell (virus_864596,host_132908): 0 -> 1
Cell (virus_864596,host_385575): 0 -> 1
Cell (virus_864596,host_328804): 0 -> 1
Cell (virus_864596,host_9402): 0 -> 1
Cell (virus_864596,host_58057): 0 -> 1
Cell (virus_864596,host_1898389): 0 -> 1
Cell (virus_864596,host_77231): 0 -> 1
Cell (virus_864596,host_372077): 0 -> 1
Cell (virus_864596,host_498220): 0 -> 1
Cell (virus_864596,host_9408): 0 -> 1
Cell (virus_864596,host_77214): 0 -> 1
Cell (virus_864596,host_1898386): 0 -> 1
Cell (virus_864596,host_326081): 0 -> 1
Cell (virus_864596,host_326151): 0 -> 1
Cell (virus_864596,host_326083): 0 -> 1
Cell (virus_864596,host_1381355): 0 -> 1
Cell (virus_864596,host_118856): 0 -> 1
Cell (virus_864596,host_1884717): 0 -> 1
Cell (virus_864596,host_208969): 0 -> 1
Cell (virus_864596,host_148094): 0 -> 1
Cell (virus_864596,host_410852): 0 -> 1
Cell (virus_864596,host_51012): 0 -> 1
Cell (virus_864596,host_27660): 0 -> 1
Cell (virus_864596,host_177162): 0 -> 1
Cell (virus_864596,host_148061): 0 -> 1
Cell (virus_864596,host_3042450): 0 -> 1
Cell (virus_864596,host_59472): 0 -> 1
Cell (virus_864596,host_1434095): 0 -> 1
Cell (virus_864596,host_221086): 0 -> 1
Cell (virus_864596,host_258934): 0 -> 1
Cell (virus_864596,host_479723): 0 -> 1
Cell (virus_864596,host_258863): 0 -> 1
Cell (virus_864596,host_3370289): 0 -> 1
Cell (virus_864596,host_9438): 0 -> 1
Cell (virus_864596,host_153297): 0 -> 1
Cell (virus_864596,host_258930): 0 -> 1
Cell (virus_864596,host_909369): 0 -> 1
Cell (virus_864596,host_3371016): 0 -> 1
Cell (virus_864596,host_3371021): 0 -> 1
Cell (virus_864596,host_867834): 0 -> 1
Cell (virus_864596,host_258959): 0 -> 1
Cell (virus_3068538,host_105295): 0 -> 1
Cell (virus_3068538,host_375553): 0 -> 1
Cell (virus_3068538,host_51300): 0 -> 1
Cell (virus_3068538,host_59473): 0 -> 1
Cell (virus_3068538,host_160974): 0 -> 1
Cell (virus_3068538,host_2528591): 0 -> 1
Cell (virus_3068538,host_412095): 0 -> 1
Cell (virus_3068538,host_51298): 0 -> 1
Cell (virus_3068538,host_392004): 0 -> 1
Cell (virus_3068538,host_526407): 0 -> 1
Cell (virus_3068538,host_452653): 0 -> 1
Cell (virus_3068538,host_98922): 0 -> 1
Cell (virus_3068538,host_138977): 0 -> 1
Cell (virus_3068538,host_138979): 0 -> 1
Cell (virus_3068538,host_258940): 0 -> 1
Cell (virus_3068538,host_385037): 0 -> 1
Cell (virus_3068538,host_187017): 0 -> 1
Cell (virus_3068538,host_1207989): 0 -> 1
Cell (virus_3068538,host_186991): 0 -> 1
Cell (virus_3068538,host_249020): 0 -> 1
Cell (virus_3068538,host_584995): 0 -> 1
Cell (virus_3068538,host_463808): 0 -> 1
Cell (virus_3068538,host_170233): 0 -> 1
Cell (virus_3068538,host_376555): 0 -> 1
Cell (virus_3068538,host_337452): 0 -> 1
Cell (virus_3068538,host_76837): 0 -> 1
Cell (virus_3068538,host_608708): 0 -> 1
Cell (virus_3068538,host_89399): 0 -> 1
Cell (virus_3068538,host_188571): 0 -> 1
Cell (virus_3068538,host_249024): 0 -> 1
Cell (virus_3068538,host_2603866): 0 -> 1
Cell (virus_3068538,host_59479): 0 -> 1
Cell (virus_3068538,host_337453): 0 -> 1
Cell (virus_3068538,host_549403): 0 -> 1
Cell (virus_3068538,host_124756): 0 -> 1
Cell (virus_3068538,host_132908): 0 -> 1
Cell (virus_3068538,host_385575): 0 -> 1
Cell (virus_3068538,host_328804): 0 -> 1
Cell (virus_3068538,host_9402): 0 -> 1
Cell (virus_3068538,host_58057): 0 -> 1
Cell (virus_3068538,host_1898389): 0 -> 1
Cell (virus_3068538,host_77231): 0 -> 1
Cell (virus_3068538,host_372077): 0 -> 1
Cell (virus_3068538,host_498220): 0 -> 1
Cell (virus_3068538,host_77214): 0 -> 1
Cell (virus_3068538,host_1898386): 0 -> 1
Cell (virus_3068538,host_326081): 0 -> 1
Cell (virus_3068538,host_326151): 0 -> 1
Cell (virus_3068538,host_326083): 0 -> 1
Cell (virus_3068538,host_1381355): 0 -> 1
Cell (virus_3068538,host_118856): 0 -> 1
Cell (virus_3068538,host_1884717): 0 -> 1
Cell (virus_3068538,host_208969): 0 -> 1
Cell (virus_3068538,host_148094): 0 -> 1
Cell (virus_3068538,host_410852): 0 -> 1
Cell (virus_3068538,host_51012): 0 -> 1
Cell (virus_3068538,host_27660): 0 -> 1
Cell (virus_3068538,host_177162): 0 -> 1
Cell (virus_3068538,host_148061): 0 -> 1
Cell (virus_3068538,host_3042450): 0 -> 1
Cell (virus_3068538,host_59472): 0 -> 1
Cell (virus_3068538,host_1434095): 0 -> 1
Cell (virus_3068538,host_221086): 0 -> 1
Cell (virus_3068538,host_258934): 0 -> 1
Cell (virus_3068538,host_479723): 0 -> 1
Cell (virus_3068538,host_258863): 0 -> 1
Cell (virus_3068538,host_3370289): 0 -> 1
Cell (virus_3068538,host_153297): 0 -> 1
Cell (virus_3068538,host_258930): 0 -> 1
Cell (virus_3068538,host_909369): 0 -> 1
Cell (virus_3068538,host_3371021): 0 -> 1
Cell (virus_3068538,host_867834): 0 -> 1
Cell (virus_3068538,host_258959): 0 -> 1
Cell (virus_694009,host_105295): 0 -> 1
Cell (virus_694009,host_375553): 0 -> 1
Cell (virus_694009,host_51300): 0 -> 1
Cell (virus_694009,host_59473): 0 -> 1
Cell (virus_694009,host_160974): 0 -> 1
Cell (virus_694009,host_2528591): 0 -> 1
Cell (virus_694009,host_412095): 0 -> 1
Cell (virus_694009,host_51298): 0 -> 1
Cell (virus_694009,host_392004): 0 -> 1
Cell (virus_694009,host_526407): 0 -> 1
Cell (virus_694009,host_452653): 0 -> 1
Cell (virus_694009,host_98922): 0 -> 1
Cell (virus_694009,host_138977): 0 -> 1
Cell (virus_694009,host_138979): 0 -> 1
Cell (virus_694009,host_258940): 0 -> 1
Cell (virus_694009,host_385037): 0 -> 1
Cell (virus_694009,host_187017): 0 -> 1
Cell (virus_694009,host_1207989): 0 -> 1
Cell (virus_694009,host_186991): 0 -> 1
Cell (virus_694009,host_249020): 0 -> 1
Cell (virus_694009,host_584995): 0 -> 1
Cell (virus_694009,host_463808): 0 -> 1
Cell (virus_694009,host_170233): 0 -> 1
Cell (virus_694009,host_376555): 0 -> 1
Cell (virus_694009,host_337452): 0 -> 1
Cell (virus_694009,host_76837): 0 -> 1
Cell (virus_694009,host_608708): 0 -> 1
Cell (virus_694009,host_89399): 0 -> 1
Cell (virus_694009,host_188571): 0 -> 1
Cell (virus_694009,host_249024): 0 -> 1
Cell (virus_694009,host_2603866): 0 -> 1
Cell (virus_694009,host_59479): 0 -> 1
Cell (virus_694009,host_337453): 0 -> 1
Cell (virus_694009,host_549403): 0 -> 1
Cell (virus_694009,host_124756): 0 -> 1
Cell (virus_694009,host_132908): 0 -> 1
Cell (virus_694009,host_385575): 0 -> 1
Cell (virus_694009,host_328804): 0 -> 1
Cell (virus_694009,host_9402): 0 -> 1
Cell (virus_694009,host_58057): 0 -> 1
Cell (virus_694009,host_1898389): 0 -> 1
Cell (virus_694009,host_77231): 0 -> 1
Cell (virus_694009,host_372077): 0 -> 1
Cell (virus_694009,host_498220): 0 -> 1
Cell (virus_694009,host_77214): 0 -> 1
Cell (virus_694009,host_1898386): 0 -> 1
Cell (virus_694009,host_326081): 0 -> 1
Cell (virus_694009,host_326151): 0 -> 1
Cell (virus_694009,host_326083): 0 -> 1
Cell (virus_694009,host_1381355): 0 -> 1
Cell (virus_694009,host_118856): 0 -> 1
Cell (virus_694009,host_1884717): 0 -> 1
Cell (virus_694009,host_208969): 0 -> 1
Cell (virus_694009,host_148094): 0 -> 1
Cell (virus_694009,host_410852): 0 -> 1
Cell (virus_694009,host_51012): 0 -> 1
Cell (virus_694009,host_27660): 0 -> 1
Cell (virus_694009,host_177162): 0 -> 1
Cell (virus_694009,host_148061): 0 -> 1
Cell (virus_694009,host_3042450): 0 -> 1
Cell (virus_694009,host_59472): 0 -> 1
Cell (virus_694009,host_1434095): 0 -> 1
Cell (virus_694009,host_221086): 0 -> 1
Cell (virus_694009,host_258934): 0 -> 1
Cell (virus_694009,host_479723): 0 -> 1
Cell (virus_694009,host_258863): 0 -> 1
Cell (virus_694009,host_3370289): 0 -> 1
Cell (virus_694009,host_153297): 0 -> 1
Cell (virus_694009,host_258930): 0 -> 1
Cell (virus_694009,host_909369): 0 -> 1
Cell (virus_694009,host_3371021): 0 -> 1
Cell (virus_694009,host_867834): 0 -> 1
Cell (virus_694009,host_258959): 0 -> 1
Cell (virus_3418604,host_105295): 0 -> 1
Cell (virus_3418604,host_375553): 0 -> 1
Cell (virus_3418604,host_51300): 0 -> 1
Cell (virus_3418604,host_59473): 0 -> 1
Cell (virus_3418604,host_160974): 0 -> 1
Cell (virus_3418604,host_2528591): 0 -> 1
Cell (virus_3418604,host_412095): 0 -> 1
Cell (virus_3418604,host_51298): 0 -> 1
Cell (virus_3418604,host_392004): 0 -> 1
Cell (virus_3418604,host_526407): 0 -> 1
Cell (virus_3418604,host_452653): 0 -> 1
Cell (virus_3418604,host_98922): 0 -> 1
Cell (virus_3418604,host_138977): 0 -> 1
Cell (virus_3418604,host_138979): 0 -> 1
Cell (virus_3418604,host_258940): 0 -> 1
Cell (virus_3418604,host_385037): 0 -> 1
Cell (virus_3418604,host_187017): 0 -> 1
Cell (virus_3418604,host_1207989): 0 -> 1
Cell (virus_3418604,host_186991): 0 -> 1
Cell (virus_3418604,host_249020): 0 -> 1
Cell (virus_3418604,host_584995): 0 -> 1
Cell (virus_3418604,host_463808): 0 -> 1
Cell (virus_3418604,host_170233): 0 -> 1
Cell (virus_3418604,host_376555): 0 -> 1
Cell (virus_3418604,host_337452): 0 -> 1
Cell (virus_3418604,host_76837): 0 -> 1
Cell (virus_3418604,host_608708): 0 -> 1
Cell (virus_3418604,host_89399): 0 -> 1
Cell (virus_3418604,host_188571): 0 -> 1
Cell (virus_3418604,host_249024): 0 -> 1
Cell (virus_3418604,host_2603866): 0 -> 1
Cell (virus_3418604,host_59479): 0 -> 1
Cell (virus_3418604,host_337453): 0 -> 1
Cell (virus_3418604,host_549403): 0 -> 1
Cell (virus_3418604,host_124756): 0 -> 1
Cell (virus_3418604,host_132908): 0 -> 1
Cell (virus_3418604,host_385575): 0 -> 1
Cell (virus_3418604,host_328804): 0 -> 1
Cell (virus_3418604,host_9402): 0 -> 1
Cell (virus_3418604,host_58057): 0 -> 1
Cell (virus_3418604,host_1898389): 0 -> 1
Cell (virus_3418604,host_77231): 0 -> 1
Cell (virus_3418604,host_372077): 0 -> 1
Cell (virus_3418604,host_498220): 0 -> 1
Cell (virus_3418604,host_77214): 0 -> 1
Cell (virus_3418604,host_1898386): 0 -> 1
Cell (virus_3418604,host_326081): 0 -> 1
Cell (virus_3418604,host_326151): 0 -> 1
Cell (virus_3418604,host_326083): 0 -> 1
Cell (virus_3418604,host_1381355): 0 -> 1
Cell (virus_3418604,host_118856): 0 -> 1
Cell (virus_3418604,host_1884717): 0 -> 1
Cell (virus_3418604,host_208969): 0 -> 1
Cell (virus_3418604,host_40233): 0 -> 1
Cell (virus_3418604,host_148094): 0 -> 1
Cell (virus_3418604,host_410852): 0 -> 1
Cell (virus_3418604,host_51012): 0 -> 1
Cell (virus_3418604,host_27660): 0 -> 1
Cell (virus_3418604,host_177162): 0 -> 1
Cell (virus_3418604,host_148061): 0 -> 1
Cell (virus_3418604,host_3042450): 0 -> 1
Cell (virus_3418604,host_59472): 0 -> 1
Cell (virus_3418604,host_1434095): 0 -> 1
Cell (virus_3418604,host_221086): 0 -> 1
Cell (virus_3418604,host_258934): 0 -> 1
Cell (virus_3418604,host_479723): 0 -> 1
Cell (virus_3418604,host_258863): 0 -> 1
Cell (virus_3418604,host_3370289): 0 -> 1
Cell (virus_3418604,host_153297): 0 -> 1
Cell (virus_3418604,host_909369): 0 -> 1
Cell (virus_3418604,host_3371021): 0 -> 1
Cell (virus_3418604,host_867834): 0 -> 1
Cell (virus_3418604,host_258959): 0 -> 1
Cell (virus_2913380,host_105295): 0 -> 1
Cell (virus_2913380,host_187011): 0 -> 1
Cell (virus_2913380,host_51300): 0 -> 1
Cell (virus_2913380,host_59473): 0 -> 1
Cell (virus_2913380,host_160974): 0 -> 1
Cell (virus_2913380,host_2528591): 0 -> 1
Cell (virus_2913380,host_392004): 0 -> 1
Cell (virus_2913380,host_187014): 0 -> 1
Cell (virus_2913380,host_526407): 0 -> 1
Cell (virus_2913380,host_203696): 0 -> 1
Cell (virus_2913380,host_98922): 0 -> 1
Cell (virus_2913380,host_587652): 0 -> 1
Cell (virus_2913380,host_187017): 0 -> 1
Cell (virus_2913380,host_1207989): 0 -> 1
Cell (virus_2913380,host_334201): 0 -> 1
Cell (virus_2913380,host_249020): 0 -> 1
Cell (virus_2913380,host_584995): 0 -> 1
Cell (virus_2913380,host_170233): 0 -> 1
Cell (virus_2913380,host_376555): 0 -> 1
Cell (virus_2913380,host_867892): 0 -> 1
Cell (virus_2913380,host_337452): 0 -> 1
Cell (virus_2913380,host_76837): 0 -> 1
Cell (virus_2913380,host_608708): 0 -> 1
Cell (virus_2913380,host_249024): 0 -> 1
Cell (virus_2913380,host_302408): 0 -> 1
Cell (virus_2913380,host_49443): 0 -> 1
Cell (virus_2913380,host_59479): 0 -> 1
Cell (virus_2913380,host_519037): 0 -> 1
Cell (virus_2913380,host_337453): 0 -> 1
Cell (virus_2913380,host_1195082): 0 -> 1
Cell (virus_2913380,host_549403): 0 -> 1
Cell (virus_2913380,host_132908): 0 -> 1
Cell (virus_2913380,host_385575): 0 -> 1
Cell (virus_2913380,host_328804): 0 -> 1
Cell (virus_2913380,host_9402): 0 -> 1
Cell (virus_2913380,host_58057): 0 -> 1
Cell (virus_2913380,host_1898389): 0 -> 1
Cell (virus_2913380,host_77231): 0 -> 1
Cell (virus_2913380,host_372077): 0 -> 1
Cell (virus_2913380,host_77214): 0 -> 1
Cell (virus_2913380,host_1898386): 0 -> 1
Cell (virus_2913380,host_326081): 0 -> 1
Cell (virus_2913380,host_326151): 0 -> 1
Cell (virus_2913380,host_326083): 0 -> 1
Cell (virus_2913380,host_1381355): 0 -> 1
Cell (virus_2913380,host_1884717): 0 -> 1
Cell (virus_2913380,host_208969): 0 -> 1
Cell (virus_2913380,host_148094): 0 -> 1
Cell (virus_2913380,host_27663): 0 -> 1
Cell (virus_2913380,host_410852): 0 -> 1
Cell (virus_2913380,host_27634): 0 -> 1
Cell (virus_2913380,host_51012): 0 -> 1
Cell (virus_2913380,host_27660): 0 -> 1
Cell (virus_2913380,host_177162): 0 -> 1
Cell (virus_2913380,host_9423): 0 -> 1
Cell (virus_2913380,host_148061): 0 -> 1
Cell (virus_2913380,host_3042450): 0 -> 1
Cell (virus_2913380,host_3371013): 0 -> 1
Cell (virus_2913380,host_59472): 0 -> 1
Cell (virus_2913380,host_1434095): 0 -> 1
Cell (virus_2913380,host_221086): 0 -> 1
Cell (virus_2913380,host_9433): 0 -> 1
Cell (virus_2913380,host_479723): 0 -> 1
Cell (virus_2913380,host_258867): 0 -> 1
Cell (virus_2913380,host_3370289): 0 -> 1
Cell (virus_2913380,host_9438): 0 -> 1
Cell (virus_2913380,host_153297): 0 -> 1
Cell (virus_2913380,host_258930): 0 -> 1
Cell (virus_2913380,host_909369): 0 -> 1
Cell (virus_2913380,host_3371016): 0 -> 1
Cell (virus_2913380,host_3371021): 0 -> 1
Cell (virus_2913380,host_867834): 0 -> 1
Cell (virus_2913380,host_258959): 0 -> 1
Cell (virus_2913380,host_526822): 0 -> 1
Cell (virus_989337,host_105295): 0 -> 1
Cell (virus_989337,host_187011): 0 -> 1
Cell (virus_989337,host_51300): 0 -> 1
Cell (virus_989337,host_59473): 0 -> 1
Cell (virus_989337,host_160974): 0 -> 1
Cell (virus_989337,host_2528591): 0 -> 1
Cell (virus_989337,host_412095): 0 -> 1
Cell (virus_989337,host_392004): 0 -> 1
Cell (virus_989337,host_187014): 0 -> 1
Cell (virus_989337,host_526407): 0 -> 1
Cell (virus_989337,host_203696): 0 -> 1
Cell (virus_989337,host_98922): 0 -> 1
Cell (virus_989337,host_587652): 0 -> 1
Cell (virus_989337,host_225400): 0 -> 1
Cell (virus_989337,host_187017): 0 -> 1
Cell (virus_989337,host_1207989): 0 -> 1
Cell (virus_989337,host_186991): 0 -> 1
Cell (virus_989337,host_334201): 0 -> 1
Cell (virus_989337,host_249020): 0 -> 1
Cell (virus_989337,host_584995): 0 -> 1
Cell (virus_989337,host_463808): 0 -> 1
Cell (virus_989337,host_170233): 0 -> 1
Cell (virus_989337,host_376555): 0 -> 1
Cell (virus_989337,host_188572): 0 -> 1
Cell (virus_989337,host_867892): 0 -> 1
Cell (virus_989337,host_476588): 0 -> 1
Cell (virus_989337,host_337452): 0 -> 1
Cell (virus_989337,host_76837): 0 -> 1
Cell (virus_989337,host_608708): 0 -> 1
Cell (virus_989337,host_188571): 0 -> 1
Cell (virus_989337,host_249024): 0 -> 1
Cell (virus_989337,host_302408): 0 -> 1
Cell (virus_989337,host_59479): 0 -> 1
Cell (virus_989337,host_337453): 0 -> 1
Cell (virus_989337,host_549403): 0 -> 1
Cell (virus_989337,host_385575): 0 -> 1
Cell (virus_989337,host_328804): 0 -> 1
Cell (virus_989337,host_9402): 0 -> 1
Cell (virus_989337,host_58057): 0 -> 1
Cell (virus_989337,host_1898389): 0 -> 1
Cell (virus_989337,host_77231): 0 -> 1
Cell (virus_989337,host_372077): 0 -> 1
Cell (virus_989337,host_498220): 0 -> 1
Cell (virus_989337,host_1898393): 0 -> 1
Cell (virus_989337,host_9408): 0 -> 1
Cell (virus_989337,host_77214): 0 -> 1
Cell (virus_989337,host_1898386): 0 -> 1
Cell (virus_989337,host_326081): 0 -> 1
Cell (virus_989337,host_326151): 0 -> 1
Cell (virus_989337,host_326083): 0 -> 1
Cell (virus_989337,host_1381355): 0 -> 1
Cell (virus_989337,host_1884717): 0 -> 1
Cell (virus_989337,host_208969): 0 -> 1
Cell (virus_989337,host_148094): 0 -> 1
Cell (virus_989337,host_410852): 0 -> 1
Cell (virus_989337,host_51012): 0 -> 1
Cell (virus_989337,host_27660): 0 -> 1
Cell (virus_989337,host_177162): 0 -> 1
Cell (virus_989337,host_9423): 0 -> 1
Cell (virus_989337,host_3042450): 0 -> 1
Cell (virus_989337,host_3371013): 0 -> 1
Cell (virus_989337,host_59472): 0 -> 1
Cell (virus_989337,host_1434095): 0 -> 1
Cell (virus_989337,host_221086): 0 -> 1
Cell (virus_989337,host_479723): 0 -> 1
Cell (virus_989337,host_258867): 0 -> 1
Cell (virus_989337,host_3370289): 0 -> 1
Cell (virus_989337,host_9438): 0 -> 1
Cell (virus_989337,host_153297): 0 -> 1
Cell (virus_989337,host_258930): 0 -> 1
Cell (virus_989337,host_909369): 0 -> 1
Cell (virus_989337,host_3371016): 0 -> 1
Cell (virus_989337,host_3371021): 0 -> 1
Cell (virus_989337,host_867834): 0 -> 1
Cell (virus_989337,host_258959): 0 -> 1
Cell (virus_3433764,host_105295): 0 -> 1
Cell (virus_3433764,host_187011): 0 -> 1
Cell (virus_3433764,host_51300): 0 -> 1
Cell (virus_3433764,host_59473): 0 -> 1
Cell (virus_3433764,host_160974): 0 -> 1
Cell (virus_3433764,host_2528591): 0 -> 1
Cell (virus_3433764,host_412095): 0 -> 1
Cell (virus_3433764,host_392004): 0 -> 1
Cell (virus_3433764,host_187014): 0 -> 1
Cell (virus_3433764,host_526407): 0 -> 1
Cell (virus_3433764,host_203696): 0 -> 1
Cell (virus_3433764,host_452653): 0 -> 1
Cell (virus_3433764,host_98922): 0 -> 1
Cell (virus_3433764,host_258940): 0 -> 1
Cell (virus_3433764,host_587652): 0 -> 1
Cell (virus_3433764,host_187017): 0 -> 1
Cell (virus_3433764,host_1207989): 0 -> 1
Cell (virus_3433764,host_186991): 0 -> 1
Cell (virus_3433764,host_334201): 0 -> 1
Cell (virus_3433764,host_249020): 0 -> 1
Cell (virus_3433764,host_584995): 0 -> 1
Cell (virus_3433764,host_463808): 0 -> 1
Cell (virus_3433764,host_170233): 0 -> 1
Cell (virus_3433764,host_376555): 0 -> 1
Cell (virus_3433764,host_188572): 0 -> 1
Cell (virus_3433764,host_196889): 0 -> 1
Cell (virus_3433764,host_867892): 0 -> 1
Cell (virus_3433764,host_337452): 0 -> 1
Cell (virus_3433764,host_76837): 0 -> 1
Cell (virus_3433764,host_608708): 0 -> 1
Cell (virus_3433764,host_188571): 0 -> 1
Cell (virus_3433764,host_249024): 0 -> 1
Cell (virus_3433764,host_2603866): 0 -> 1
Cell (virus_3433764,host_302408): 0 -> 1
Cell (virus_3433764,host_59479): 0 -> 1
Cell (virus_3433764,host_519037): 0 -> 1
Cell (virus_3433764,host_337453): 0 -> 1
Cell (virus_3433764,host_549403): 0 -> 1
Cell (virus_3433764,host_132908): 0 -> 1
Cell (virus_3433764,host_385575): 0 -> 1
Cell (virus_3433764,host_328804): 0 -> 1
Cell (virus_3433764,host_9402): 0 -> 1
Cell (virus_3433764,host_58057): 0 -> 1
Cell (virus_3433764,host_1898389): 0 -> 1
Cell (virus_3433764,host_77231): 0 -> 1
Cell (virus_3433764,host_372077): 0 -> 1
Cell (virus_3433764,host_498220): 0 -> 1
Cell (virus_3433764,host_448084): 0 -> 1
Cell (virus_3433764,host_9408): 0 -> 1
Cell (virus_3433764,host_77214): 0 -> 1
Cell (virus_3433764,host_1898386): 0 -> 1
Cell (virus_3433764,host_326081): 0 -> 1
Cell (virus_3433764,host_326151): 0 -> 1
Cell (virus_3433764,host_326083): 0 -> 1
Cell (virus_3433764,host_1381355): 0 -> 1
Cell (virus_3433764,host_1884717): 0 -> 1
Cell (virus_3433764,host_208969): 0 -> 1
Cell (virus_3433764,host_148094): 0 -> 1
Cell (virus_3433764,host_410852): 0 -> 1
Cell (virus_3433764,host_51012): 0 -> 1
Cell (virus_3433764,host_177162): 0 -> 1
Cell (virus_3433764,host_9423): 0 -> 1
Cell (virus_3433764,host_148061): 0 -> 1
Cell (virus_3433764,host_3042450): 0 -> 1
Cell (virus_3433764,host_3371013): 0 -> 1
Cell (virus_3433764,host_59472): 0 -> 1
Cell (virus_3433764,host_1434095): 0 -> 1
Cell (virus_3433764,host_221086): 0 -> 1
Cell (virus_3433764,host_438766): 0 -> 1
Cell (virus_3433764,host_479723): 0 -> 1
Cell (virus_3433764,host_258867): 0 -> 1
Cell (virus_3433764,host_3370289): 0 -> 1
Cell (virus_3433764,host_9438): 0 -> 1
Cell (virus_3433764,host_153297): 0 -> 1
Cell (virus_3433764,host_258930): 0 -> 1
Cell (virus_3433764,host_909369): 0 -> 1
Cell (virus_3433764,host_3371014): 0 -> 1
Cell (virus_3433764,host_3371016): 0 -> 1
Cell (virus_3433764,host_3371021): 0 -> 1
Cell (virus_3433764,host_867834): 0 -> 1
Cell (virus_3433764,host_258959): 0 -> 1
Cell (virus_3433764,host_526822): 0 -> 1
Cell (virus_2115988,host_105295): 0 -> 1
Cell (virus_2115988,host_51300): 0 -> 1
Cell (virus_2115988,host_246814): 0 -> 1
Cell (virus_2115988,host_3380546): 0 -> 1
Cell (virus_2115988,host_59463): 0 -> 1
Cell (virus_2115988,host_2528591): 0 -> 1
Cell (virus_2115988,host_109482): 0 -> 1
Cell (virus_2115988,host_51298): 0 -> 1
Cell (virus_2115988,host_392004): 0 -> 1
Cell (virus_2115988,host_526407): 0 -> 1
Cell (virus_2115988,host_203696): 0 -> 1
Cell (virus_2115988,host_98922): 0 -> 1
Cell (virus_2115988,host_138979): 0 -> 1
Cell (virus_2115988,host_2015597): 0 -> 1
Cell (virus_2115988,host_633648): 0 -> 1
Cell (virus_2115988,host_187017): 0 -> 1
Cell (virus_2115988,host_249020): 0 -> 1
Cell (virus_2115988,host_463808): 0 -> 1
Cell (virus_2115988,host_58069): 0 -> 1
Cell (virus_2115988,host_376555): 0 -> 1
Cell (virus_2115988,host_169756): 0 -> 1
Cell (virus_2115988,host_196889): 0 -> 1
Cell (virus_2115988,host_76837): 0 -> 1
Cell (virus_2115988,host_76834): 0 -> 1
Cell (virus_2115988,host_608708): 0 -> 1
Cell (virus_2115988,host_430491): 0 -> 1
Cell (virus_2115988,host_188571): 0 -> 1
Cell (virus_2115988,host_249024): 0 -> 1
Cell (virus_2115988,host_302408): 0 -> 1
Cell (virus_2115988,host_49443): 0 -> 1
Cell (virus_2115988,host_59479): 0 -> 1
Cell (virus_2115988,host_519037): 0 -> 1
Cell (virus_2115988,host_337453): 0 -> 1
Cell (virus_2115988,host_549403): 0 -> 1
Cell (virus_2115988,host_132908): 0 -> 1
Cell (virus_2115988,host_385575): 0 -> 1
Cell (virus_2115988,host_9403): 0 -> 1
Cell (virus_2115988,host_58057): 0 -> 1
Cell (virus_2115988,host_77231): 0 -> 1
Cell (virus_2115988,host_372077): 0 -> 1
Cell (virus_2115988,host_903567): 0 -> 1
Cell (virus_2115988,host_498220): 0 -> 1
Cell (virus_2115988,host_77243): 0 -> 1
Cell (virus_2115988,host_58073): 0 -> 1
Cell (virus_2115988,host_9408): 0 -> 1
Cell (virus_2115988,host_77214): 0 -> 1
Cell (virus_2115988,host_326083): 0 -> 1
Cell (virus_2115988,host_187003): 0 -> 1
Cell (virus_2115988,host_208969): 0 -> 1
Cell (virus_2115988,host_148094): 0 -> 1
Cell (virus_2115988,host_27663): 0 -> 1
Cell (virus_2115988,host_51012): 0 -> 1
Cell (virus_2115988,host_192403): 0 -> 1
Cell (virus_2115988,host_177162): 0 -> 1
Cell (virus_2115988,host_2994998): 0 -> 1
Cell (virus_2115988,host_148061): 0 -> 1
Cell (virus_2115988,host_3371013): 0 -> 1
Cell (virus_2115988,host_59472): 0 -> 1
Cell (virus_2115988,host_9414): 0 -> 1
Cell (virus_2115988,host_1434095): 0 -> 1
Cell (virus_2115988,host_291302): 0 -> 1
Cell (virus_2115988,host_187008): 0 -> 1
Cell (virus_2115988,host_124751): 0 -> 1
Cell (virus_2115988,host_2218597): 0 -> 1
Cell (virus_2115988,host_452595): 0 -> 1
Cell (virus_2115988,host_3370289): 0 -> 1
Cell (virus_2115988,host_999964): 0 -> 1
Cell (virus_2115988,host_9438): 0 -> 1
Cell (virus_2115988,host_153297): 0 -> 1
Cell (virus_2115988,host_249033): 0 -> 1
Cell (virus_2115988,host_258930): 0 -> 1
Cell (virus_2115988,host_29078): 0 -> 1
Cell (virus_2115988,host_2969767): 0 -> 1
Cell (virus_2115988,host_867834): 0 -> 1
Cell (virus_2115988,host_143942): 0 -> 1
Cell (virus_2115988,host_2491053): 0 -> 1
Cell (virus_2115988,host_258959): 0 -> 1
Cell (virus_2115988,host_526822): 0 -> 1
Cell (virus_2115988,host_59485): 0 -> 1
Cell (virus_2833151,host_105295): 0 -> 1
Cell (virus_2833151,host_51300): 0 -> 1
Cell (virus_2833151,host_246814): 0 -> 1
Cell (virus_2833151,host_3380546): 0 -> 1
Cell (virus_2833151,host_59463): 0 -> 1
Cell (virus_2833151,host_2528591): 0 -> 1
Cell (virus_2833151,host_109482): 0 -> 1
Cell (virus_2833151,host_51298): 0 -> 1
Cell (virus_2833151,host_392004): 0 -> 1
Cell (virus_2833151,host_526407): 0 -> 1
Cell (virus_2833151,host_203696): 0 -> 1
Cell (virus_2833151,host_98922): 0 -> 1
Cell (virus_2833151,host_138979): 0 -> 1
Cell (virus_2833151,host_2015597): 0 -> 1
Cell (virus_2833151,host_633648): 0 -> 1
Cell (virus_2833151,host_187017): 0 -> 1
Cell (virus_2833151,host_249020): 0 -> 1
Cell (virus_2833151,host_463808): 0 -> 1
Cell (virus_2833151,host_376555): 0 -> 1
Cell (virus_2833151,host_169756): 0 -> 1
Cell (virus_2833151,host_196889): 0 -> 1
Cell (virus_2833151,host_76837): 0 -> 1
Cell (virus_2833151,host_76834): 0 -> 1
Cell (virus_2833151,host_188571): 0 -> 1
Cell (virus_2833151,host_249024): 0 -> 1
Cell (virus_2833151,host_2603866): 0 -> 1
Cell (virus_2833151,host_302408): 0 -> 1
Cell (virus_2833151,host_49443): 0 -> 1
Cell (virus_2833151,host_59479): 0 -> 1
Cell (virus_2833151,host_519037): 0 -> 1
Cell (virus_2833151,host_337453): 0 -> 1
Cell (virus_2833151,host_549403): 0 -> 1
Cell (virus_2833151,host_132908): 0 -> 1
Cell (virus_2833151,host_385575): 0 -> 1
Cell (virus_2833151,host_9403): 0 -> 1
Cell (virus_2833151,host_58057): 0 -> 1
Cell (virus_2833151,host_77231): 0 -> 1
Cell (virus_2833151,host_372077): 0 -> 1
Cell (virus_2833151,host_903567): 0 -> 1
Cell (virus_2833151,host_498220): 0 -> 1
Cell (virus_2833151,host_77243): 0 -> 1
Cell (virus_2833151,host_58073): 0 -> 1
Cell (virus_2833151,host_9408): 0 -> 1
Cell (virus_2833151,host_77214): 0 -> 1
Cell (virus_2833151,host_326083): 0 -> 1
Cell (virus_2833151,host_187003): 0 -> 1
Cell (virus_2833151,host_148094): 0 -> 1
Cell (virus_2833151,host_27663): 0 -> 1
Cell (virus_2833151,host_51012): 0 -> 1
Cell (virus_2833151,host_192403): 0 -> 1
Cell (virus_2833151,host_177162): 0 -> 1
Cell (virus_2833151,host_2994998): 0 -> 1
Cell (virus_2833151,host_148061): 0 -> 1
Cell (virus_2833151,host_3371013): 0 -> 1
Cell (virus_2833151,host_59472): 0 -> 1
Cell (virus_2833151,host_9414): 0 -> 1
Cell (virus_2833151,host_1434095): 0 -> 1
Cell (virus_2833151,host_291302): 0 -> 1
Cell (virus_2833151,host_187008): 0 -> 1
Cell (virus_2833151,host_124751): 0 -> 1
Cell (virus_2833151,host_258863): 0 -> 1
Cell (virus_2833151,host_452595): 0 -> 1
Cell (virus_2833151,host_3370289): 0 -> 1
Cell (virus_2833151,host_999964): 0 -> 1
Cell (virus_2833151,host_9438): 0 -> 1
Cell (virus_2833151,host_153297): 0 -> 1
Cell (virus_2833151,host_249033): 0 -> 1
Cell (virus_2833151,host_258930): 0 -> 1
Cell (virus_2833151,host_29078): 0 -> 1
Cell (virus_2833151,host_999321): 0 -> 1
Cell (virus_2833151,host_867834): 0 -> 1
Cell (virus_2833151,host_143942): 0 -> 1
Cell (virus_2833151,host_2491053): 0 -> 1
Cell (virus_2833151,host_258959): 0 -> 1
Cell (virus_2833151,host_526822): 0 -> 1
Cell (virus_2833151,host_59485): 0 -> 1
Cell (virus_3433795,host_105295): 0 -> 1
Cell (virus_3433795,host_51300): 0 -> 1
Cell (virus_3433795,host_3380546): 0 -> 1
Cell (virus_3433795,host_109482): 0 -> 1
Cell (virus_3433795,host_51298): 0 -> 1
Cell (virus_3433795,host_392004): 0 -> 1
Cell (virus_3433795,host_526407): 0 -> 1
Cell (virus_3433795,host_203696): 0 -> 1
Cell (virus_3433795,host_98922): 0 -> 1
Cell (virus_3433795,host_138979): 0 -> 1
Cell (virus_3433795,host_2015597): 0 -> 1
Cell (virus_3433795,host_633648): 0 -> 1
Cell (virus_3433795,host_187017): 0 -> 1
Cell (virus_3433795,host_249020): 0 -> 1
Cell (virus_3433795,host_463808): 0 -> 1
Cell (virus_3433795,host_376555): 0 -> 1
Cell (virus_3433795,host_196889): 0 -> 1
Cell (virus_3433795,host_76837): 0 -> 1
Cell (virus_3433795,host_76834): 0 -> 1
Cell (virus_3433795,host_188571): 0 -> 1
Cell (virus_3433795,host_249024): 0 -> 1
Cell (virus_3433795,host_2603866): 0 -> 1
Cell (virus_3433795,host_302408): 0 -> 1
Cell (virus_3433795,host_49443): 0 -> 1
Cell (virus_3433795,host_59479): 0 -> 1
Cell (virus_3433795,host_337453): 0 -> 1
Cell (virus_3433795,host_549403): 0 -> 1
Cell (virus_3433795,host_132908): 0 -> 1
Cell (virus_3433795,host_385575): 0 -> 1
Cell (virus_3433795,host_9403): 0 -> 1
Cell (virus_3433795,host_58057): 0 -> 1
Cell (virus_3433795,host_77231): 0 -> 1
Cell (virus_3433795,host_372077): 0 -> 1
Cell (virus_3433795,host_903567): 0 -> 1
Cell (virus_3433795,host_498220): 0 -> 1
Cell (virus_3433795,host_77243): 0 -> 1
Cell (virus_3433795,host_58073): 0 -> 1
Cell (virus_3433795,host_9408): 0 -> 1
Cell (virus_3433795,host_77214): 0 -> 1
Cell (virus_3433795,host_326083): 0 -> 1
Cell (virus_3433795,host_187003): 0 -> 1
Cell (virus_3433795,host_148094): 0 -> 1
Cell (virus_3433795,host_27663): 0 -> 1
Cell (virus_3433795,host_192403): 0 -> 1
Cell (virus_3433795,host_177162): 0 -> 1
Cell (virus_3433795,host_2994998): 0 -> 1
Cell (virus_3433795,host_148061): 0 -> 1
Cell (virus_3433795,host_3371013): 0 -> 1
Cell (virus_3433795,host_59472): 0 -> 1
Cell (virus_3433795,host_9414): 0 -> 1
Cell (virus_3433795,host_1434095): 0 -> 1
Cell (virus_3433795,host_291302): 0 -> 1
Cell (virus_3433795,host_187008): 0 -> 1
Cell (virus_3433795,host_124751): 0 -> 1
Cell (virus_3433795,host_452595): 0 -> 1
Cell (virus_3433795,host_3370289): 0 -> 1
Cell (virus_3433795,host_999964): 0 -> 1
Cell (virus_3433795,host_9438): 0 -> 1
Cell (virus_3433795,host_153297): 0 -> 1
Cell (virus_3433795,host_249033): 0 -> 1
Cell (virus_3433795,host_258930): 0 -> 1
Cell (virus_3433795,host_29078): 0 -> 1
Cell (virus_3433795,host_999321): 0 -> 1
Cell (virus_3433795,host_867834): 0 -> 1
Cell (virus_3433795,host_143942): 0 -> 1
Cell (virus_3433795,host_2491053): 0 -> 1
Cell (virus_3433795,host_258959): 0 -> 1
Cell (virus_3433795,host_526822): 0 -> 1
Cell (virus_3433795,host_59485): 0 -> 1
Cell (virus_693998,host_105295): 0 -> 1
Cell (virus_693998,host_51300): 0 -> 1
Cell (virus_693998,host_3380546): 0 -> 1
Cell (virus_693998,host_109482): 0 -> 1
Cell (virus_693998,host_51298): 0 -> 1
Cell (virus_693998,host_392004): 0 -> 1
Cell (virus_693998,host_526407): 0 -> 1
Cell (virus_693998,host_203696): 0 -> 1
Cell (virus_693998,host_98922): 0 -> 1
Cell (virus_693998,host_138979): 0 -> 1
Cell (virus_693998,host_2015597): 0 -> 1
Cell (virus_693998,host_633648): 0 -> 1
Cell (virus_693998,host_187017): 0 -> 1
Cell (virus_693998,host_249020): 0 -> 1
Cell (virus_693998,host_463808): 0 -> 1
Cell (virus_693998,host_376555): 0 -> 1
Cell (virus_693998,host_196889): 0 -> 1
Cell (virus_693998,host_76837): 0 -> 1
Cell (virus_693998,host_76834): 0 -> 1
Cell (virus_693998,host_188571): 0 -> 1
Cell (virus_693998,host_249024): 0 -> 1
Cell (virus_693998,host_2603866): 0 -> 1
Cell (virus_693998,host_302408): 0 -> 1
Cell (virus_693998,host_49443): 0 -> 1
Cell (virus_693998,host_59479): 0 -> 1
Cell (virus_693998,host_337453): 0 -> 1
Cell (virus_693998,host_549403): 0 -> 1
Cell (virus_693998,host_132908): 0 -> 1
Cell (virus_693998,host_385575): 0 -> 1
Cell (virus_693998,host_9403): 0 -> 1
Cell (virus_693998,host_58057): 0 -> 1
Cell (virus_693998,host_77231): 0 -> 1
Cell (virus_693998,host_372077): 0 -> 1
Cell (virus_693998,host_903567): 0 -> 1
Cell (virus_693998,host_498220): 0 -> 1
Cell (virus_693998,host_77243): 0 -> 1
Cell (virus_693998,host_58073): 0 -> 1
Cell (virus_693998,host_9408): 0 -> 1
Cell (virus_693998,host_77214): 0 -> 1
Cell (virus_693998,host_326083): 0 -> 1
Cell (virus_693998,host_187003): 0 -> 1
Cell (virus_693998,host_148094): 0 -> 1
Cell (virus_693998,host_27663): 0 -> 1
Cell (virus_693998,host_192403): 0 -> 1
Cell (virus_693998,host_177162): 0 -> 1
Cell (virus_693998,host_2994998): 0 -> 1
Cell (virus_693998,host_148061): 0 -> 1
Cell (virus_693998,host_3371013): 0 -> 1
Cell (virus_693998,host_59472): 0 -> 1
Cell (virus_693998,host_9414): 0 -> 1
Cell (virus_693998,host_1434095): 0 -> 1
Cell (virus_693998,host_291302): 0 -> 1
Cell (virus_693998,host_187008): 0 -> 1
Cell (virus_693998,host_124751): 0 -> 1
Cell (virus_693998,host_452595): 0 -> 1
Cell (virus_693998,host_3370289): 0 -> 1
Cell (virus_693998,host_999964): 0 -> 1
Cell (virus_693998,host_9438): 0 -> 1
Cell (virus_693998,host_153297): 0 -> 1
Cell (virus_693998,host_249033): 0 -> 1
Cell (virus_693998,host_258930): 0 -> 1
Cell (virus_693998,host_29078): 0 -> 1
Cell (virus_693998,host_999321): 0 -> 1
Cell (virus_693998,host_867834): 0 -> 1
Cell (virus_693998,host_143942): 0 -> 1
Cell (virus_693998,host_2491053): 0 -> 1
Cell (virus_693998,host_258959): 0 -> 1
Cell (virus_693998,host_526822): 0 -> 1
Cell (virus_693998,host_59485): 0 -> 1
Cell (virus_2913382,host_105295): 0 -> 1
Cell (virus_2913382,host_51300): 0 -> 1
Cell (virus_2913382,host_3380546): 0 -> 1
Cell (virus_2913382,host_160974): 0 -> 1
Cell (virus_2913382,host_2528591): 0 -> 1
Cell (virus_2913382,host_109482): 0 -> 1
Cell (virus_2913382,host_51298): 0 -> 1
Cell (virus_2913382,host_392004): 0 -> 1
Cell (virus_2913382,host_526407): 0 -> 1
Cell (virus_2913382,host_203696): 0 -> 1
Cell (virus_2913382,host_98922): 0 -> 1
Cell (virus_2913382,host_138979): 0 -> 1
Cell (virus_2913382,host_2015597): 0 -> 1
Cell (virus_2913382,host_633648): 0 -> 1
Cell (virus_2913382,host_187017): 0 -> 1
Cell (virus_2913382,host_249020): 0 -> 1
Cell (virus_2913382,host_463808): 0 -> 1
Cell (virus_2913382,host_376555): 0 -> 1
Cell (virus_2913382,host_169756): 0 -> 1
Cell (virus_2913382,host_196889): 0 -> 1
Cell (virus_2913382,host_76837): 0 -> 1
Cell (virus_2913382,host_76834): 0 -> 1
Cell (virus_2913382,host_249024): 0 -> 1
Cell (virus_2913382,host_2603866): 0 -> 1
Cell (virus_2913382,host_302408): 0 -> 1
Cell (virus_2913382,host_49443): 0 -> 1
Cell (virus_2913382,host_59479): 0 -> 1
Cell (virus_2913382,host_519037): 0 -> 1
Cell (virus_2913382,host_337453): 0 -> 1
Cell (virus_2913382,host_549403): 0 -> 1
Cell (virus_2913382,host_124756): 0 -> 1
Cell (virus_2913382,host_132908): 0 -> 1
Cell (virus_2913382,host_385575): 0 -> 1
Cell (virus_2913382,host_58057): 0 -> 1
Cell (virus_2913382,host_77231): 0 -> 1
Cell (virus_2913382,host_372077): 0 -> 1
Cell (virus_2913382,host_498220): 0 -> 1
Cell (virus_2913382,host_448084): 0 -> 1
Cell (virus_2913382,host_77243): 0 -> 1
Cell (virus_2913382,host_9408): 0 -> 1
Cell (virus_2913382,host_77214): 0 -> 1
Cell (virus_2913382,host_326151): 0 -> 1
Cell (virus_2913382,host_326083): 0 -> 1
Cell (virus_2913382,host_187003): 0 -> 1
Cell (virus_2913382,host_208969): 0 -> 1
Cell (virus_2913382,host_148094): 0 -> 1
Cell (virus_2913382,host_27663): 0 -> 1
Cell (virus_2913382,host_51012): 0 -> 1
Cell (virus_2913382,host_192403): 0 -> 1
Cell (virus_2913382,host_177162): 0 -> 1
Cell (virus_2913382,host_2994998): 0 -> 1
Cell (virus_2913382,host_3371013): 0 -> 1
Cell (virus_2913382,host_59472): 0 -> 1
Cell (virus_2913382,host_9414): 0 -> 1
Cell (virus_2913382,host_1434095): 0 -> 1
Cell (virus_2913382,host_291302): 0 -> 1
Cell (virus_2913382,host_124751): 0 -> 1
Cell (virus_2913382,host_452595): 0 -> 1
Cell (virus_2913382,host_3370289): 0 -> 1
Cell (virus_2913382,host_999964): 0 -> 1
Cell (virus_2913382,host_9438): 0 -> 1
Cell (virus_2913382,host_153297): 0 -> 1
Cell (virus_2913382,host_249033): 0 -> 1
Cell (virus_2913382,host_258930): 0 -> 1
Cell (virus_2913382,host_29078): 0 -> 1
Cell (virus_2913382,host_2969767): 0 -> 1
Cell (virus_2913382,host_3371016): 0 -> 1
Cell (virus_2913382,host_999321): 0 -> 1
Cell (virus_2913382,host_867834): 0 -> 1
Cell (virus_2913382,host_143942): 0 -> 1
Cell (virus_2913382,host_2491053): 0 -> 1
Cell (virus_2913382,host_258959): 0 -> 1
Cell (virus_2913382,host_526822): 0 -> 1
Cell (virus_2913382,host_59485): 0 -> 1
Cell (virus_3433766,host_105295): 0 -> 1
Cell (virus_3433766,host_51300): 0 -> 1
Cell (virus_3433766,host_59473): 0 -> 1
Cell (virus_3433766,host_3380546): 0 -> 1
Cell (virus_3433766,host_59463): 0 -> 1
Cell (virus_3433766,host_109480): 0 -> 1
Cell (virus_3433766,host_160974): 0 -> 1
Cell (virus_3433766,host_1633875): 0 -> 1
Cell (virus_3433766,host_2528591): 0 -> 1
Cell (virus_3433766,host_412095): 0 -> 1
Cell (virus_3433766,host_51298): 0 -> 1
Cell (virus_3433766,host_386774): 0 -> 1
Cell (virus_3433766,host_392004): 0 -> 1
Cell (virus_3433766,host_526407): 0 -> 1
Cell (virus_3433766,host_203696): 0 -> 1
Cell (virus_3433766,host_452653): 0 -> 1
Cell (virus_3433766,host_98922): 0 -> 1
Cell (virus_3433766,host_138977): 0 -> 1
Cell (virus_3433766,host_138979): 0 -> 1
Cell (virus_3433766,host_1207989): 0 -> 1
Cell (virus_3433766,host_59453): 0 -> 1
Cell (virus_3433766,host_186990): 0 -> 1
Cell (virus_3433766,host_186991): 0 -> 1
Cell (virus_3433766,host_249020): 0 -> 1
Cell (virus_3433766,host_584995): 0 -> 1
Cell (virus_3433766,host_302402): 0 -> 1
Cell (virus_3433766,host_463808): 0 -> 1
Cell (virus_3433766,host_169756): 0 -> 1
Cell (virus_3433766,host_188570): 0 -> 1
Cell (virus_3433766,host_188572): 0 -> 1
Cell (virus_3433766,host_196889): 0 -> 1
Cell (virus_3433766,host_867892): 0 -> 1
Cell (virus_3433766,host_337452): 0 -> 1
Cell (virus_3433766,host_320431): 0 -> 1
Cell (virus_3433766,host_178895): 0 -> 1
Cell (virus_3433766,host_76834): 0 -> 1
Cell (virus_3433766,host_608708): 0 -> 1
Cell (virus_3433766,host_59477): 0 -> 1
Cell (virus_3433766,host_89399): 0 -> 1
Cell (virus_3433766,host_249024): 0 -> 1
Cell (virus_3433766,host_2603866): 0 -> 1
Cell (virus_3433766,host_302408): 0 -> 1
Cell (virus_3433766,host_519037): 0 -> 1
Cell (virus_3433766,host_549403): 0 -> 1
Cell (virus_3433766,host_385575): 0 -> 1
Cell (virus_3433766,host_328804): 0 -> 1
Cell (virus_3433766,host_58057): 0 -> 1
Cell (virus_3433766,host_1898389): 0 -> 1
Cell (virus_3433766,host_77231): 0 -> 1
Cell (virus_3433766,host_372077): 0 -> 1
Cell (virus_3433766,host_498220): 0 -> 1
Cell (virus_3433766,host_1898393): 0 -> 1
Cell (virus_3433766,host_9408): 0 -> 1
Cell (virus_3433766,host_77214): 0 -> 1
Cell (virus_3433766,host_1898386): 0 -> 1
Cell (virus_3433766,host_77233): 0 -> 1
Cell (virus_3433766,host_374419): 0 -> 1
Cell (virus_3433766,host_326081): 0 -> 1
Cell (virus_3433766,host_326151): 0 -> 1
Cell (virus_3433766,host_326083): 0 -> 1
Cell (virus_3433766,host_1381355): 0 -> 1
Cell (virus_3433766,host_187003): 0 -> 1
Cell (virus_3433766,host_148094): 0 -> 1
Cell (virus_3433766,host_410852): 0 -> 1
Cell (virus_3433766,host_27634): 0 -> 1
Cell (virus_3433766,host_9417): 0 -> 1
Cell (virus_3433766,host_51012): 0 -> 1
Cell (virus_3433766,host_177162): 0 -> 1
Cell (virus_3433766,host_27642): 0 -> 1
Cell (virus_3433766,host_9423): 0 -> 1
Cell (virus_3433766,host_148061): 0 -> 1
Cell (virus_3433766,host_9430): 0 -> 1
Cell (virus_3433766,host_3371013): 0 -> 1
Cell (virus_3433766,host_59472): 0 -> 1
Cell (virus_3433766,host_9414): 0 -> 1
Cell (virus_3433766,host_1434095): 0 -> 1
Cell (virus_3433766,host_221086): 0 -> 1
Cell (virus_3433766,host_221087): 0 -> 1
Cell (virus_3433766,host_187008): 0 -> 1
Cell (virus_3433766,host_3370289): 0 -> 1
Cell (virus_3433766,host_9438): 0 -> 1
Cell (virus_3433766,host_153297): 0 -> 1
Cell (virus_3433766,host_3371016): 0 -> 1
Cell (virus_3433766,host_3371021): 0 -> 1
Cell (virus_3433766,host_59474): 0 -> 1
Cell (virus_3433766,host_999321): 0 -> 1
Cell (virus_3433766,host_143942): 0 -> 1
Cell (virus_3433766,host_258889): 0 -> 1
Cell (virus_3433766,host_2491053): 0 -> 1
Cell (virus_3433766,host_526822): 0 -> 1
Cell (virus_694014,host_105295): 0 -> 1
Cell (virus_694014,host_51300): 0 -> 1
Cell (virus_694014,host_59473): 0 -> 1
Cell (virus_694014,host_3380546): 0 -> 1
Cell (virus_694014,host_59463): 0 -> 1
Cell (virus_694014,host_109480): 0 -> 1
Cell (virus_694014,host_160974): 0 -> 1
Cell (virus_694014,host_1633875): 0 -> 1
Cell (virus_694014,host_2528591): 0 -> 1
Cell (virus_694014,host_412095): 0 -> 1
Cell (virus_694014,host_51298): 0 -> 1
Cell (virus_694014,host_386774): 0 -> 1
Cell (virus_694014,host_392004): 0 -> 1
Cell (virus_694014,host_526407): 0 -> 1
Cell (virus_694014,host_203696): 0 -> 1
Cell (virus_694014,host_452653): 0 -> 1
Cell (virus_694014,host_98922): 0 -> 1
Cell (virus_694014,host_138977): 0 -> 1
Cell (virus_694014,host_138979): 0 -> 1
Cell (virus_694014,host_1207989): 0 -> 1
Cell (virus_694014,host_59453): 0 -> 1
Cell (virus_694014,host_186990): 0 -> 1
Cell (virus_694014,host_186991): 0 -> 1
Cell (virus_694014,host_249020): 0 -> 1
Cell (virus_694014,host_584995): 0 -> 1
Cell (virus_694014,host_302402): 0 -> 1
Cell (virus_694014,host_463808): 0 -> 1
Cell (virus_694014,host_169756): 0 -> 1
Cell (virus_694014,host_188570): 0 -> 1
Cell (virus_694014,host_188572): 0 -> 1
Cell (virus_694014,host_196889): 0 -> 1
Cell (virus_694014,host_867892): 0 -> 1
Cell (virus_694014,host_337452): 0 -> 1
Cell (virus_694014,host_320431): 0 -> 1
Cell (virus_694014,host_178895): 0 -> 1
Cell (virus_694014,host_76834): 0 -> 1
Cell (virus_694014,host_608708): 0 -> 1
Cell (virus_694014,host_59477): 0 -> 1
Cell (virus_694014,host_89399): 0 -> 1
Cell (virus_694014,host_249024): 0 -> 1
Cell (virus_694014,host_2603866): 0 -> 1
Cell (virus_694014,host_302408): 0 -> 1
Cell (virus_694014,host_519037): 0 -> 1
Cell (virus_694014,host_549403): 0 -> 1
Cell (virus_694014,host_385575): 0 -> 1
Cell (virus_694014,host_328804): 0 -> 1
Cell (virus_694014,host_58057): 0 -> 1
Cell (virus_694014,host_1898389): 0 -> 1
Cell (virus_694014,host_77231): 0 -> 1
Cell (virus_694014,host_372077): 0 -> 1
Cell (virus_694014,host_498220): 0 -> 1
Cell (virus_694014,host_1898393): 0 -> 1
Cell (virus_694014,host_9408): 0 -> 1
Cell (virus_694014,host_77214): 0 -> 1
Cell (virus_694014,host_1898386): 0 -> 1
Cell (virus_694014,host_77233): 0 -> 1
Cell (virus_694014,host_374419): 0 -> 1
Cell (virus_694014,host_326081): 0 -> 1
Cell (virus_694014,host_326151): 0 -> 1
Cell (virus_694014,host_326083): 0 -> 1
Cell (virus_694014,host_1381355): 0 -> 1
Cell (virus_694014,host_187003): 0 -> 1
Cell (virus_694014,host_148094): 0 -> 1
Cell (virus_694014,host_410852): 0 -> 1
Cell (virus_694014,host_27634): 0 -> 1
Cell (virus_694014,host_9417): 0 -> 1
Cell (virus_694014,host_51012): 0 -> 1
Cell (virus_694014,host_177162): 0 -> 1
Cell (virus_694014,host_27642): 0 -> 1
Cell (virus_694014,host_9423): 0 -> 1
Cell (virus_694014,host_148061): 0 -> 1
Cell (virus_694014,host_9430): 0 -> 1
Cell (virus_694014,host_3371013): 0 -> 1
Cell (virus_694014,host_59472): 0 -> 1
Cell (virus_694014,host_9414): 0 -> 1
Cell (virus_694014,host_1434095): 0 -> 1
Cell (virus_694014,host_221086): 0 -> 1
Cell (virus_694014,host_221087): 0 -> 1
Cell (virus_694014,host_187008): 0 -> 1
Cell (virus_694014,host_3370289): 0 -> 1
Cell (virus_694014,host_9438): 0 -> 1
Cell (virus_694014,host_153297): 0 -> 1
Cell (virus_694014,host_3371016): 0 -> 1
Cell (virus_694014,host_3371021): 0 -> 1
Cell (virus_694014,host_59474): 0 -> 1
Cell (virus_694014,host_999321): 0 -> 1
Cell (virus_694014,host_143942): 0 -> 1
Cell (virus_694014,host_258889): 0 -> 1
Cell (virus_694014,host_2491053): 0 -> 1
Cell (virus_694014,host_526822): 0 -> 1
Cell (virus_2917966,host_105295): 0 -> 1
Cell (virus_2917966,host_375553): 0 -> 1
Cell (virus_2917966,host_109478): 0 -> 1
Cell (virus_2917966,host_3380546): 0 -> 1
Cell (virus_2917966,host_257882): 0 -> 1
Cell (virus_2917966,host_59463): 0 -> 1
Cell (virus_2917966,host_109481): 0 -> 1
Cell (virus_2917966,host_2528591): 0 -> 1
Cell (virus_2917966,host_412095): 0 -> 1
Cell (virus_2917966,host_386774): 0 -> 1
Cell (virus_2917966,host_392004): 0 -> 1
Cell (virus_2917966,host_526407): 0 -> 1
Cell (virus_2917966,host_452653): 0 -> 1
Cell (virus_2917966,host_98922): 0 -> 1
Cell (virus_2917966,host_138979): 0 -> 1
Cell (virus_2917966,host_155915): 0 -> 1
Cell (virus_2917966,host_155035): 0 -> 1
Cell (virus_2917966,host_633648): 0 -> 1
Cell (virus_2917966,host_258925): 0 -> 1
Cell (virus_2917966,host_187017): 0 -> 1
Cell (virus_2917966,host_1207989): 0 -> 1
Cell (virus_2917966,host_249020): 0 -> 1
Cell (virus_2917966,host_584995): 0 -> 1
Cell (virus_2917966,host_463808): 0 -> 1
Cell (virus_2917966,host_188572): 0 -> 1
Cell (virus_2917966,host_196889): 0 -> 1
Cell (virus_2917966,host_867892): 0 -> 1
Cell (virus_2917966,host_476588): 0 -> 1
Cell (virus_2917966,host_337452): 0 -> 1
Cell (virus_2917966,host_76837): 0 -> 1
Cell (virus_2917966,host_76834): 0 -> 1
Cell (virus_2917966,host_608708): 0 -> 1
Cell (virus_2917966,host_476589): 0 -> 1
Cell (virus_2917966,host_249024): 0 -> 1
Cell (virus_2917966,host_2603866): 0 -> 1
Cell (virus_2917966,host_519037): 0 -> 1
Cell (virus_2917966,host_337453): 0 -> 1
Cell (virus_2917966,host_77218): 0 -> 1
Cell (virus_2917966,host_329870): 0 -> 1
Cell (virus_2917966,host_549403): 0 -> 1
Cell (virus_2917966,host_132908): 0 -> 1
Cell (virus_2917966,host_385575): 0 -> 1
Cell (virus_2917966,host_58057): 0 -> 1
Cell (virus_2917966,host_77231): 0 -> 1
Cell (virus_2917966,host_372077): 0 -> 1
Cell (virus_2917966,host_58067): 0 -> 1
Cell (virus_2917966,host_498220): 0 -> 1
Cell (virus_2917966,host_58071): 0 -> 1
Cell (virus_2917966,host_77223): 0 -> 1
Cell (virus_2917966,host_9407): 0 -> 1
Cell (virus_2917966,host_9408): 0 -> 1
Cell (virus_2917966,host_58063): 0 -> 1
Cell (virus_2917966,host_77214): 0 -> 1
Cell (virus_2917966,host_1898386): 0 -> 1
Cell (virus_2917966,host_298110): 0 -> 1
Cell (virus_2917966,host_326081): 0 -> 1
Cell (virus_2917966,host_1381355): 0 -> 1
Cell (virus_2917966,host_40233): 0 -> 1
Cell (virus_2917966,host_410852): 0 -> 1
Cell (virus_2917966,host_574064): 0 -> 1
Cell (virus_2917966,host_40230): 0 -> 1
Cell (virus_2917966,host_27642): 0 -> 1
Cell (virus_2917966,host_148061): 0 -> 1
Cell (virus_2917966,host_3371013): 0 -> 1
Cell (virus_2917966,host_1434095): 0 -> 1
Cell (virus_2917966,host_291302): 0 -> 1
Cell (virus_2917966,host_438766): 0 -> 1
Cell (virus_2917966,host_9438): 0 -> 1
Cell (virus_2917966,host_153297): 0 -> 1
Cell (virus_2917966,host_258953): 0 -> 1
Cell (virus_2917966,host_3371021): 0 -> 1
Cell (virus_2917966,host_143942): 0 -> 1
Cell (virus_2917966,host_258889): 0 -> 1
Cell (virus_2917966,host_110938): 0 -> 1
Cell (virus_2917966,host_59485): 0 -> 1
Cell (virus_3158245,host_105295): 0 -> 1
Cell (virus_3158245,host_3380546): 0 -> 1
Cell (virus_3158245,host_59463): 0 -> 1
Cell (virus_3158245,host_2528591): 0 -> 1
Cell (virus_3158245,host_51298): 0 -> 1
Cell (virus_3158245,host_392004): 0 -> 1
Cell (virus_3158245,host_187014): 0 -> 1
Cell (virus_3158245,host_526407): 0 -> 1
Cell (virus_3158245,host_1911917): 0 -> 1
Cell (virus_3158245,host_98922): 0 -> 1
Cell (virus_3158245,host_452654): 0 -> 1
Cell (virus_3158245,host_385037): 0 -> 1
Cell (virus_3158245,host_2015597): 0 -> 1
Cell (virus_3158245,host_633648): 0 -> 1
Cell (virus_3158245,host_187017): 0 -> 1
Cell (virus_3158245,host_186990): 0 -> 1
Cell (virus_3158245,host_157961): 0 -> 1
Cell (virus_3158245,host_270698): 0 -> 1
Cell (virus_3158245,host_249020): 0 -> 1
Cell (virus_3158245,host_463808): 0 -> 1
Cell (virus_3158245,host_376555): 0 -> 1
Cell (virus_3158245,host_188570): 0 -> 1
Cell (virus_3158245,host_188572): 0 -> 1
Cell (virus_3158245,host_867892): 0 -> 1
Cell (virus_3158245,host_76837): 0 -> 1
Cell (virus_3158245,host_178895): 0 -> 1
Cell (virus_3158245,host_76834): 0 -> 1
Cell (virus_3158245,host_608708): 0 -> 1
Cell (virus_3158245,host_249024): 0 -> 1
Cell (virus_3158245,host_2603866): 0 -> 1
Cell (virus_3158245,host_49443): 0 -> 1
Cell (virus_3158245,host_59479): 0 -> 1
Cell (virus_3158245,host_337453): 0 -> 1
Cell (virus_3158245,host_549403): 0 -> 1
Cell (virus_3158245,host_132908): 0 -> 1
Cell (virus_3158245,host_196297): 0 -> 1
Cell (virus_3158245,host_58057): 0 -> 1
Cell (virus_3158245,host_77231): 0 -> 1
Cell (virus_3158245,host_372077): 0 -> 1
Cell (virus_3158245,host_58067): 0 -> 1
Cell (virus_3158245,host_498220): 0 -> 1
Cell (virus_3158245,host_77223): 0 -> 1
Cell (virus_3158245,host_9408): 0 -> 1
Cell (virus_3158245,host_77214): 0 -> 1
Cell (virus_3158245,host_298110): 0 -> 1
Cell (virus_3158245,host_77233): 0 -> 1
Cell (virus_3158245,host_1381355): 0 -> 1
Cell (virus_3158245,host_187003): 0 -> 1
Cell (virus_3158245,host_118856): 0 -> 1
Cell (virus_3158245,host_1884717): 0 -> 1
Cell (virus_3158245,host_208969): 0 -> 1
Cell (virus_3158245,host_148094): 0 -> 1
Cell (virus_3158245,host_410852): 0 -> 1
Cell (virus_3158245,host_27634): 0 -> 1
Cell (virus_3158245,host_40230): 0 -> 1
Cell (virus_3158245,host_9417): 0 -> 1
Cell (virus_3158245,host_51012): 0 -> 1
Cell (virus_3158245,host_27660): 0 -> 1
Cell (virus_3158245,host_177162): 0 -> 1
Cell (virus_3158245,host_27642): 0 -> 1
Cell (virus_3158245,host_94961): 0 -> 1
Cell (virus_3158245,host_3371013): 0 -> 1
Cell (virus_3158245,host_9414): 0 -> 1
Cell (virus_3158245,host_221086): 0 -> 1
Cell (virus_3158245,host_291302): 0 -> 1
Cell (virus_3158245,host_187007): 0 -> 1
Cell (virus_3158245,host_153297): 0 -> 1
Cell (virus_3158245,host_249034): 0 -> 1
Cell (virus_3158245,host_272799): 0 -> 1
Cell (virus_3158245,host_61862): 0 -> 1
Cell (virus_3158245,host_258909): 0 -> 1
Cell (virus_3158245,host_2969767): 0 -> 1
Cell (virus_3158245,host_3371016): 0 -> 1
Cell (virus_3158245,host_3371021): 0 -> 1
Cell (virus_3158245,host_999321): 0 -> 1
Cell (virus_3158245,host_867834): 0 -> 1
Cell (virus_3158245,host_2491053): 0 -> 1
Cell (virus_3158245,host_258959): 0 -> 1
Cell (virus_3158245,host_59485): 0 -> 1
Cell (virus_693999,host_105295): 0 -> 1
Cell (virus_693999,host_3380546): 0 -> 1
Cell (virus_693999,host_59463): 0 -> 1
Cell (virus_693999,host_2528591): 0 -> 1
Cell (virus_693999,host_51298): 0 -> 1
Cell (virus_693999,host_392004): 0 -> 1
Cell (virus_693999,host_187014): 0 -> 1
Cell (virus_693999,host_526407): 0 -> 1
Cell (virus_693999,host_1911917): 0 -> 1
Cell (virus_693999,host_98922): 0 -> 1
Cell (virus_693999,host_452654): 0 -> 1
Cell (virus_693999,host_385037): 0 -> 1
Cell (virus_693999,host_2015597): 0 -> 1
Cell (virus_693999,host_633648): 0 -> 1
Cell (virus_693999,host_187017): 0 -> 1
Cell (virus_693999,host_186990): 0 -> 1
Cell (virus_693999,host_157961): 0 -> 1
Cell (virus_693999,host_270698): 0 -> 1
Cell (virus_693999,host_249020): 0 -> 1
Cell (virus_693999,host_463808): 0 -> 1
Cell (virus_693999,host_376555): 0 -> 1
Cell (virus_693999,host_188570): 0 -> 1
Cell (virus_693999,host_188572): 0 -> 1
Cell (virus_693999,host_867892): 0 -> 1
Cell (virus_693999,host_76837): 0 -> 1
Cell (virus_693999,host_178895): 0 -> 1
Cell (virus_693999,host_76834): 0 -> 1
Cell (virus_693999,host_608708): 0 -> 1
Cell (virus_693999,host_249024): 0 -> 1
Cell (virus_693999,host_2603866): 0 -> 1
Cell (virus_693999,host_49443): 0 -> 1
Cell (virus_693999,host_59479): 0 -> 1
Cell (virus_693999,host_337453): 0 -> 1
Cell (virus_693999,host_549403): 0 -> 1
Cell (virus_693999,host_132908): 0 -> 1
Cell (virus_693999,host_196297): 0 -> 1
Cell (virus_693999,host_58057): 0 -> 1
Cell (virus_693999,host_77231): 0 -> 1
Cell (virus_693999,host_372077): 0 -> 1
Cell (virus_693999,host_58067): 0 -> 1
Cell (virus_693999,host_498220): 0 -> 1
Cell (virus_693999,host_77223): 0 -> 1
Cell (virus_693999,host_9408): 0 -> 1
Cell (virus_693999,host_77214): 0 -> 1
Cell (virus_693999,host_298110): 0 -> 1
Cell (virus_693999,host_77233): 0 -> 1
Cell (virus_693999,host_1381355): 0 -> 1
Cell (virus_693999,host_187003): 0 -> 1
Cell (virus_693999,host_118856): 0 -> 1
Cell (virus_693999,host_1884717): 0 -> 1
Cell (virus_693999,host_208969): 0 -> 1
Cell (virus_693999,host_148094): 0 -> 1
Cell (virus_693999,host_410852): 0 -> 1
Cell (virus_693999,host_27634): 0 -> 1
Cell (virus_693999,host_40230): 0 -> 1
Cell (virus_693999,host_9417): 0 -> 1
Cell (virus_693999,host_51012): 0 -> 1
Cell (virus_693999,host_27660): 0 -> 1
Cell (virus_693999,host_177162): 0 -> 1
Cell (virus_693999,host_27642): 0 -> 1
Cell (virus_693999,host_94961): 0 -> 1
Cell (virus_693999,host_3371013): 0 -> 1
Cell (virus_693999,host_9414): 0 -> 1
Cell (virus_693999,host_221086): 0 -> 1
Cell (virus_693999,host_291302): 0 -> 1
Cell (virus_693999,host_187007): 0 -> 1
Cell (virus_693999,host_153297): 0 -> 1
Cell (virus_693999,host_249034): 0 -> 1
Cell (virus_693999,host_272799): 0 -> 1
Cell (virus_693999,host_61862): 0 -> 1
Cell (virus_693999,host_258909): 0 -> 1
Cell (virus_693999,host_2969767): 0 -> 1
Cell (virus_693999,host_3371016): 0 -> 1
Cell (virus_693999,host_3371021): 0 -> 1
Cell (virus_693999,host_999321): 0 -> 1
Cell (virus_693999,host_867834): 0 -> 1
Cell (virus_693999,host_2491053): 0 -> 1
Cell (virus_693999,host_258959): 0 -> 1
Cell (virus_693999,host_59485): 0 -> 1
Cell (virus_3418615,host_105295): 0 -> 1
Cell (virus_3418615,host_3380546): 0 -> 1
Cell (virus_3418615,host_59463): 0 -> 1
Cell (virus_3418615,host_2528591): 0 -> 1
Cell (virus_3418615,host_412095): 0 -> 1
Cell (virus_3418615,host_51298): 0 -> 1
Cell (virus_3418615,host_392004): 0 -> 1
Cell (virus_3418615,host_187014): 0 -> 1
Cell (virus_3418615,host_526407): 0 -> 1
Cell (virus_3418615,host_1911917): 0 -> 1
Cell (virus_3418615,host_452653): 0 -> 1
Cell (virus_3418615,host_98922): 0 -> 1
Cell (virus_3418615,host_452654): 0 -> 1
Cell (virus_3418615,host_385037): 0 -> 1
Cell (virus_3418615,host_155035): 0 -> 1
Cell (virus_3418615,host_2015597): 0 -> 1
Cell (virus_3418615,host_187017): 0 -> 1
Cell (virus_3418615,host_186990): 0 -> 1
Cell (virus_3418615,host_157961): 0 -> 1
Cell (virus_3418615,host_270698): 0 -> 1
Cell (virus_3418615,host_249020): 0 -> 1
Cell (virus_3418615,host_463808): 0 -> 1
Cell (virus_3418615,host_376555): 0 -> 1
Cell (virus_3418615,host_188570): 0 -> 1
Cell (virus_3418615,host_188572): 0 -> 1
Cell (virus_3418615,host_867892): 0 -> 1
Cell (virus_3418615,host_76837): 0 -> 1
Cell (virus_3418615,host_178895): 0 -> 1
Cell (virus_3418615,host_608708): 0 -> 1
Cell (virus_3418615,host_249024): 0 -> 1
Cell (virus_3418615,host_2603866): 0 -> 1
Cell (virus_3418615,host_302408): 0 -> 1
Cell (virus_3418615,host_49443): 0 -> 1
Cell (virus_3418615,host_59479): 0 -> 1
Cell (virus_3418615,host_337453): 0 -> 1
Cell (virus_3418615,host_549403): 0 -> 1
Cell (virus_3418615,host_132908): 0 -> 1
Cell (virus_3418615,host_385575): 0 -> 1
Cell (virus_3418615,host_58057): 0 -> 1
Cell (virus_3418615,host_1898389): 0 -> 1
Cell (virus_3418615,host_77231): 0 -> 1
Cell (virus_3418615,host_372077): 0 -> 1
Cell (virus_3418615,host_58067): 0 -> 1
Cell (virus_3418615,host_9408): 0 -> 1
Cell (virus_3418615,host_77214): 0 -> 1
Cell (virus_3418615,host_298110): 0 -> 1
Cell (virus_3418615,host_77233): 0 -> 1
Cell (virus_3418615,host_1381355): 0 -> 1
Cell (virus_3418615,host_118856): 0 -> 1
Cell (virus_3418615,host_1884717): 0 -> 1
Cell (virus_3418615,host_208969): 0 -> 1
Cell (virus_3418615,host_40233): 0 -> 1
Cell (virus_3418615,host_148094): 0 -> 1
Cell (virus_3418615,host_410852): 0 -> 1
Cell (virus_3418615,host_27634): 0 -> 1
Cell (virus_3418615,host_40230): 0 -> 1
Cell (virus_3418615,host_51012): 0 -> 1
Cell (virus_3418615,host_27660): 0 -> 1
Cell (virus_3418615,host_177162): 0 -> 1
Cell (virus_3418615,host_27642): 0 -> 1
Cell (virus_3418615,host_94961): 0 -> 1
Cell (virus_3418615,host_3371013): 0 -> 1
Cell (virus_3418615,host_221086): 0 -> 1
Cell (virus_3418615,host_291302): 0 -> 1
Cell (virus_3418615,host_187008): 0 -> 1
Cell (virus_3418615,host_272799): 0 -> 1
Cell (virus_3418615,host_258909): 0 -> 1
Cell (virus_3418615,host_2969767): 0 -> 1
Cell (virus_3418615,host_3371016): 0 -> 1
Cell (virus_3418615,host_3371021): 0 -> 1
Cell (virus_3418615,host_999321): 0 -> 1
Cell (virus_3418615,host_867834): 0 -> 1
Cell (virus_3418615,host_258889): 0 -> 1
Cell (virus_3418615,host_258959): 0 -> 1
Cell (virus_3418615,host_526822): 0 -> 1
Cell (virus_694006,host_105295): 0 -> 1
Cell (virus_694006,host_3380546): 0 -> 1
Cell (virus_694006,host_59463): 0 -> 1
Cell (virus_694006,host_2528591): 0 -> 1
Cell (virus_694006,host_412095): 0 -> 1
Cell (virus_694006,host_51298): 0 -> 1
Cell (virus_694006,host_392004): 0 -> 1
Cell (virus_694006,host_187014): 0 -> 1
Cell (virus_694006,host_526407): 0 -> 1
Cell (virus_694006,host_1911917): 0 -> 1
Cell (virus_694006,host_452653): 0 -> 1
Cell (virus_694006,host_98922): 0 -> 1
Cell (virus_694006,host_452654): 0 -> 1
Cell (virus_694006,host_385037): 0 -> 1
Cell (virus_694006,host_155035): 0 -> 1
Cell (virus_694006,host_2015597): 0 -> 1
Cell (virus_694006,host_187017): 0 -> 1
Cell (virus_694006,host_186990): 0 -> 1
Cell (virus_694006,host_157961): 0 -> 1
Cell (virus_694006,host_270698): 0 -> 1
Cell (virus_694006,host_249020): 0 -> 1
Cell (virus_694006,host_463808): 0 -> 1
Cell (virus_694006,host_376555): 0 -> 1
Cell (virus_694006,host_188570): 0 -> 1
Cell (virus_694006,host_188572): 0 -> 1
Cell (virus_694006,host_867892): 0 -> 1
Cell (virus_694006,host_76837): 0 -> 1
Cell (virus_694006,host_178895): 0 -> 1
Cell (virus_694006,host_608708): 0 -> 1
Cell (virus_694006,host_249024): 0 -> 1
Cell (virus_694006,host_2603866): 0 -> 1
Cell (virus_694006,host_302408): 0 -> 1
Cell (virus_694006,host_49443): 0 -> 1
Cell (virus_694006,host_59479): 0 -> 1
Cell (virus_694006,host_337453): 0 -> 1
Cell (virus_694006,host_549403): 0 -> 1
Cell (virus_694006,host_132908): 0 -> 1
Cell (virus_694006,host_385575): 0 -> 1
Cell (virus_694006,host_58057): 0 -> 1
Cell (virus_694006,host_1898389): 0 -> 1
Cell (virus_694006,host_77231): 0 -> 1
Cell (virus_694006,host_372077): 0 -> 1
Cell (virus_694006,host_58067): 0 -> 1
Cell (virus_694006,host_9408): 0 -> 1
Cell (virus_694006,host_77214): 0 -> 1
Cell (virus_694006,host_298110): 0 -> 1
Cell (virus_694006,host_77233): 0 -> 1
Cell (virus_694006,host_1381355): 0 -> 1
Cell (virus_694006,host_118856): 0 -> 1
Cell (virus_694006,host_1884717): 0 -> 1
Cell (virus_694006,host_208969): 0 -> 1
Cell (virus_694006,host_40233): 0 -> 1
Cell (virus_694006,host_148094): 0 -> 1
Cell (virus_694006,host_410852): 0 -> 1
Cell (virus_694006,host_27634): 0 -> 1
Cell (virus_694006,host_40230): 0 -> 1
Cell (virus_694006,host_51012): 0 -> 1
Cell (virus_694006,host_27660): 0 -> 1
Cell (virus_694006,host_177162): 0 -> 1
Cell (virus_694006,host_27642): 0 -> 1
Cell (virus_694006,host_94961): 0 -> 1
Cell (virus_694006,host_3371013): 0 -> 1
Cell (virus_694006,host_221086): 0 -> 1
Cell (virus_694006,host_291302): 0 -> 1
Cell (virus_694006,host_187008): 0 -> 1
Cell (virus_694006,host_272799): 0 -> 1
Cell (virus_694006,host_258909): 0 -> 1
Cell (virus_694006,host_2969767): 0 -> 1
Cell (virus_694006,host_3371016): 0 -> 1
Cell (virus_694006,host_3371021): 0 -> 1
Cell (virus_694006,host_999321): 0 -> 1
Cell (virus_694006,host_867834): 0 -> 1
Cell (virus_694006,host_258889): 0 -> 1
Cell (virus_694006,host_258959): 0 -> 1
Cell (virus_694006,host_526822): 0 -> 1
Cell (virus_3433776,host_105295): 0 -> 1
Cell (virus_3433776,host_51300): 0 -> 1
Cell (virus_3433776,host_3380546): 0 -> 1
Cell (virus_3433776,host_59463): 0 -> 1
Cell (virus_3433776,host_1633875): 0 -> 1
Cell (virus_3433776,host_412095): 0 -> 1
Cell (virus_3433776,host_51298): 0 -> 1
Cell (virus_3433776,host_187014): 0 -> 1
Cell (virus_3433776,host_526407): 0 -> 1
Cell (virus_3433776,host_1911917): 0 -> 1
Cell (virus_3433776,host_452653): 0 -> 1
Cell (virus_3433776,host_98922): 0 -> 1
Cell (virus_3433776,host_452654): 0 -> 1
Cell (virus_3433776,host_385037): 0 -> 1
Cell (virus_3433776,host_155035): 0 -> 1
Cell (virus_3433776,host_2015597): 0 -> 1
Cell (virus_3433776,host_633648): 0 -> 1
Cell (virus_3433776,host_187017): 0 -> 1
Cell (virus_3433776,host_186990): 0 -> 1
Cell (virus_3433776,host_157961): 0 -> 1
Cell (virus_3433776,host_270698): 0 -> 1
Cell (virus_3433776,host_249020): 0 -> 1
Cell (virus_3433776,host_463808): 0 -> 1
Cell (virus_3433776,host_376555): 0 -> 1
Cell (virus_3433776,host_188570): 0 -> 1
Cell (virus_3433776,host_188572): 0 -> 1
Cell (virus_3433776,host_867892): 0 -> 1
Cell (virus_3433776,host_76837): 0 -> 1
Cell (virus_3433776,host_178895): 0 -> 1
Cell (virus_3433776,host_76834): 0 -> 1
Cell (virus_3433776,host_608708): 0 -> 1
Cell (virus_3433776,host_476589): 0 -> 1
Cell (virus_3433776,host_2603866): 0 -> 1
Cell (virus_3433776,host_302408): 0 -> 1
Cell (virus_3433776,host_49443): 0 -> 1
Cell (virus_3433776,host_337453): 0 -> 1
Cell (virus_3433776,host_549403): 0 -> 1
Cell (virus_3433776,host_132908): 0 -> 1
Cell (virus_3433776,host_58057): 0 -> 1
Cell (virus_3433776,host_1898389): 0 -> 1
Cell (virus_3433776,host_77231): 0 -> 1
Cell (virus_3433776,host_372077): 0 -> 1
Cell (virus_3433776,host_498220): 0 -> 1
Cell (virus_3433776,host_77243): 0 -> 1
Cell (virus_3433776,host_77223): 0 -> 1
Cell (virus_3433776,host_9408): 0 -> 1
Cell (virus_3433776,host_77214): 0 -> 1
Cell (virus_3433776,host_1381355): 0 -> 1
Cell (virus_3433776,host_118856): 0 -> 1
Cell (virus_3433776,host_1884717): 0 -> 1
Cell (virus_3433776,host_208969): 0 -> 1
Cell (virus_3433776,host_40233): 0 -> 1
Cell (virus_3433776,host_148094): 0 -> 1
Cell (virus_3433776,host_410852): 0 -> 1
Cell (virus_3433776,host_40230): 0 -> 1
Cell (virus_3433776,host_51012): 0 -> 1
Cell (virus_3433776,host_27660): 0 -> 1
Cell (virus_3433776,host_177162): 0 -> 1
Cell (virus_3433776,host_27642): 0 -> 1
Cell (virus_3433776,host_148061): 0 -> 1
Cell (virus_3433776,host_148089): 0 -> 1
Cell (virus_3433776,host_94961): 0 -> 1
Cell (virus_3433776,host_3371013): 0 -> 1
Cell (virus_3433776,host_221086): 0 -> 1
Cell (virus_3433776,host_291302): 0 -> 1
Cell (virus_3433776,host_153297): 0 -> 1
Cell (virus_3433776,host_272799): 0 -> 1
Cell (virus_3433776,host_61862): 0 -> 1
Cell (virus_3433776,host_258909): 0 -> 1
Cell (virus_3433776,host_29078): 0 -> 1
Cell (virus_3433776,host_2969767): 0 -> 1
Cell (virus_3433776,host_3371016): 0 -> 1
Cell (virus_3433776,host_3371021): 0 -> 1
Cell (virus_3433776,host_999321): 0 -> 1
Cell (virus_3433776,host_867834): 0 -> 1
Cell (virus_3433776,host_110938): 0 -> 1
Cell (virus_3433776,host_258959): 0 -> 1
Cell (virus_3433776,host_526822): 0 -> 1
Cell (virus_694007,host_105295): 0 -> 1
Cell (virus_694007,host_51300): 0 -> 1
Cell (virus_694007,host_3380546): 0 -> 1
Cell (virus_694007,host_59463): 0 -> 1
Cell (virus_694007,host_1633875): 0 -> 1
Cell (virus_694007,host_412095): 0 -> 1
Cell (virus_694007,host_51298): 0 -> 1
Cell (virus_694007,host_187014): 0 -> 1
Cell (virus_694007,host_526407): 0 -> 1
Cell (virus_694007,host_1911917): 0 -> 1
Cell (virus_694007,host_452653): 0 -> 1
Cell (virus_694007,host_98922): 0 -> 1
Cell (virus_694007,host_452654): 0 -> 1
Cell (virus_694007,host_385037): 0 -> 1
Cell (virus_694007,host_155035): 0 -> 1
Cell (virus_694007,host_2015597): 0 -> 1
Cell (virus_694007,host_633648): 0 -> 1
Cell (virus_694007,host_187017): 0 -> 1
Cell (virus_694007,host_186990): 0 -> 1
Cell (virus_694007,host_157961): 0 -> 1
Cell (virus_694007,host_270698): 0 -> 1
Cell (virus_694007,host_249020): 0 -> 1
Cell (virus_694007,host_463808): 0 -> 1
Cell (virus_694007,host_376555): 0 -> 1
Cell (virus_694007,host_188570): 0 -> 1
Cell (virus_694007,host_188572): 0 -> 1
Cell (virus_694007,host_867892): 0 -> 1
Cell (virus_694007,host_76837): 0 -> 1
Cell (virus_694007,host_178895): 0 -> 1
Cell (virus_694007,host_76834): 0 -> 1
Cell (virus_694007,host_608708): 0 -> 1
Cell (virus_694007,host_476589): 0 -> 1
Cell (virus_694007,host_2603866): 0 -> 1
Cell (virus_694007,host_302408): 0 -> 1
Cell (virus_694007,host_49443): 0 -> 1
Cell (virus_694007,host_337453): 0 -> 1
Cell (virus_694007,host_549403): 0 -> 1
Cell (virus_694007,host_132908): 0 -> 1
Cell (virus_694007,host_58057): 0 -> 1
Cell (virus_694007,host_1898389): 0 -> 1
Cell (virus_694007,host_77231): 0 -> 1
Cell (virus_694007,host_372077): 0 -> 1
Cell (virus_694007,host_498220): 0 -> 1
Cell (virus_694007,host_77243): 0 -> 1
Cell (virus_694007,host_77223): 0 -> 1
Cell (virus_694007,host_9408): 0 -> 1
Cell (virus_694007,host_77214): 0 -> 1
Cell (virus_694007,host_1381355): 0 -> 1
Cell (virus_694007,host_118856): 0 -> 1
Cell (virus_694007,host_1884717): 0 -> 1
Cell (virus_694007,host_208969): 0 -> 1
Cell (virus_694007,host_40233): 0 -> 1
Cell (virus_694007,host_148094): 0 -> 1
Cell (virus_694007,host_410852): 0 -> 1
Cell (virus_694007,host_40230): 0 -> 1
Cell (virus_694007,host_51012): 0 -> 1
Cell (virus_694007,host_27660): 0 -> 1
Cell (virus_694007,host_177162): 0 -> 1
Cell (virus_694007,host_27642): 0 -> 1
Cell (virus_694007,host_148061): 0 -> 1
Cell (virus_694007,host_148089): 0 -> 1
Cell (virus_694007,host_94961): 0 -> 1
Cell (virus_694007,host_3371013): 0 -> 1
Cell (virus_694007,host_221086): 0 -> 1
Cell (virus_694007,host_291302): 0 -> 1
Cell (virus_694007,host_153297): 0 -> 1
Cell (virus_694007,host_272799): 0 -> 1
Cell (virus_694007,host_61862): 0 -> 1
Cell (virus_694007,host_258909): 0 -> 1
Cell (virus_694007,host_29078): 0 -> 1
Cell (virus_694007,host_2969767): 0 -> 1
Cell (virus_694007,host_3371016): 0 -> 1
Cell (virus_694007,host_3371021): 0 -> 1
Cell (virus_694007,host_999321): 0 -> 1
Cell (virus_694007,host_867834): 0 -> 1
Cell (virus_694007,host_110938): 0 -> 1
Cell (virus_694007,host_258959): 0 -> 1
Cell (virus_694007,host_526822): 0 -> 1
Cell (virus_1881051,host_105295): 0 -> 1
Cell (virus_1881051,host_51300): 0 -> 1
Cell (virus_1881051,host_59473): 0 -> 1
Cell (virus_1881051,host_3380546): 0 -> 1
Cell (virus_1881051,host_59463): 0 -> 1
Cell (virus_1881051,host_160974): 0 -> 1
Cell (virus_1881051,host_1633875): 0 -> 1
Cell (virus_1881051,host_412095): 0 -> 1
Cell (virus_1881051,host_51298): 0 -> 1
Cell (virus_1881051,host_392004): 0 -> 1
Cell (virus_1881051,host_138977): 0 -> 1
Cell (virus_1881051,host_138979): 0 -> 1
Cell (virus_1881051,host_385037): 0 -> 1
Cell (virus_1881051,host_187017): 0 -> 1
Cell (virus_1881051,host_1207989): 0 -> 1
Cell (virus_1881051,host_188569): 0 -> 1
Cell (virus_1881051,host_186991): 0 -> 1
Cell (virus_1881051,host_334201): 0 -> 1
Cell (virus_1881051,host_463808): 0 -> 1
Cell (virus_1881051,host_58069): 0 -> 1
Cell (virus_1881051,host_376555): 0 -> 1
Cell (virus_1881051,host_337452): 0 -> 1
Cell (virus_1881051,host_76837): 0 -> 1
Cell (virus_1881051,host_76834): 0 -> 1
Cell (virus_1881051,host_608708): 0 -> 1
Cell (virus_1881051,host_59477): 0 -> 1
Cell (virus_1881051,host_2603866): 0 -> 1
Cell (virus_1881051,host_302408): 0 -> 1
Cell (virus_1881051,host_49443): 0 -> 1
Cell (virus_1881051,host_59479): 0 -> 1
Cell (virus_1881051,host_342862): 0 -> 1
Cell (virus_1881051,host_519037): 0 -> 1
Cell (virus_1881051,host_337453): 0 -> 1
Cell (virus_1881051,host_77218): 0 -> 1
Cell (virus_1881051,host_549403): 0 -> 1
Cell (virus_1881051,host_328804): 0 -> 1
Cell (virus_1881051,host_9403): 0 -> 1
Cell (virus_1881051,host_1898389): 0 -> 1
Cell (virus_1881051,host_77231): 0 -> 1
Cell (virus_1881051,host_2853157): 0 -> 1
Cell (virus_1881051,host_372077): 0 -> 1
Cell (virus_1881051,host_58067): 0 -> 1
Cell (virus_1881051,host_498220): 0 -> 1
Cell (virus_1881051,host_58071): 0 -> 1
Cell (virus_1881051,host_1898393): 0 -> 1
Cell (virus_1881051,host_77223): 0 -> 1
Cell (virus_1881051,host_9408): 0 -> 1
Cell (virus_1881051,host_58065): 0 -> 1
Cell (virus_1881051,host_77214): 0 -> 1
Cell (virus_1881051,host_1381355): 0 -> 1
Cell (virus_1881051,host_1884717): 0 -> 1
Cell (virus_1881051,host_59476): 0 -> 1
Cell (virus_1881051,host_138695): 0 -> 1
Cell (virus_1881051,host_208969): 0 -> 1
Cell (virus_1881051,host_148094): 0 -> 1
Cell (virus_1881051,host_410852): 0 -> 1
Cell (virus_1881051,host_27634): 0 -> 1
Cell (virus_1881051,host_40230): 0 -> 1
Cell (virus_1881051,host_51012): 0 -> 1
Cell (virus_1881051,host_27660): 0 -> 1
Cell (virus_1881051,host_27642): 0 -> 1
Cell (virus_1881051,host_148061): 0 -> 1
Cell (virus_1881051,host_9430): 0 -> 1
Cell (virus_1881051,host_94961): 0 -> 1
Cell (virus_1881051,host_3371013): 0 -> 1
Cell (virus_1881051,host_221086): 0 -> 1
Cell (virus_1881051,host_291302): 0 -> 1
Cell (virus_1881051,host_187008): 0 -> 1
Cell (virus_1881051,host_452595): 0 -> 1
Cell (virus_1881051,host_3370289): 0 -> 1
Cell (virus_1881051,host_9438): 0 -> 1
Cell (virus_1881051,host_249033): 0 -> 1
Cell (virus_1881051,host_29078): 0 -> 1
Cell (virus_1881051,host_3371016): 0 -> 1
Cell (virus_1881051,host_3371021): 0 -> 1
Cell (virus_1881051,host_999321): 0 -> 1
Cell (virus_1881051,host_867834): 0 -> 1
Cell (virus_1881051,host_526822): 0 -> 1
Cell (virus_2913387,host_105295): 0 -> 1
Cell (virus_2913387,host_51300): 0 -> 1
Cell (virus_2913387,host_59473): 0 -> 1
Cell (virus_2913387,host_3380546): 0 -> 1
Cell (virus_2913387,host_59463): 0 -> 1
Cell (virus_2913387,host_160974): 0 -> 1
Cell (virus_2913387,host_1633875): 0 -> 1
Cell (virus_2913387,host_412095): 0 -> 1
Cell (virus_2913387,host_51298): 0 -> 1
Cell (virus_2913387,host_392004): 0 -> 1
Cell (virus_2913387,host_138977): 0 -> 1
Cell (virus_2913387,host_138979): 0 -> 1
Cell (virus_2913387,host_385037): 0 -> 1
Cell (virus_2913387,host_187017): 0 -> 1
Cell (virus_2913387,host_1207989): 0 -> 1
Cell (virus_2913387,host_188569): 0 -> 1
Cell (virus_2913387,host_186991): 0 -> 1
Cell (virus_2913387,host_334201): 0 -> 1
Cell (virus_2913387,host_463808): 0 -> 1
Cell (virus_2913387,host_58069): 0 -> 1
Cell (virus_2913387,host_376555): 0 -> 1
Cell (virus_2913387,host_337452): 0 -> 1
Cell (virus_2913387,host_76837): 0 -> 1
Cell (virus_2913387,host_76834): 0 -> 1
Cell (virus_2913387,host_608708): 0 -> 1
Cell (virus_2913387,host_59477): 0 -> 1
Cell (virus_2913387,host_2603866): 0 -> 1
Cell (virus_2913387,host_302408): 0 -> 1
Cell (virus_2913387,host_49443): 0 -> 1
Cell (virus_2913387,host_59479): 0 -> 1
Cell (virus_2913387,host_342862): 0 -> 1
Cell (virus_2913387,host_519037): 0 -> 1
Cell (virus_2913387,host_337453): 0 -> 1
Cell (virus_2913387,host_77218): 0 -> 1
Cell (virus_2913387,host_549403): 0 -> 1
Cell (virus_2913387,host_328804): 0 -> 1
Cell (virus_2913387,host_9403): 0 -> 1
Cell (virus_2913387,host_1898389): 0 -> 1
Cell (virus_2913387,host_77231): 0 -> 1
Cell (virus_2913387,host_2853157): 0 -> 1
Cell (virus_2913387,host_372077): 0 -> 1
Cell (virus_2913387,host_58067): 0 -> 1
Cell (virus_2913387,host_498220): 0 -> 1
Cell (virus_2913387,host_58071): 0 -> 1
Cell (virus_2913387,host_1898393): 0 -> 1
Cell (virus_2913387,host_77223): 0 -> 1
Cell (virus_2913387,host_9408): 0 -> 1
Cell (virus_2913387,host_58065): 0 -> 1
Cell (virus_2913387,host_77214): 0 -> 1
Cell (virus_2913387,host_1381355): 0 -> 1
Cell (virus_2913387,host_1884717): 0 -> 1
Cell (virus_2913387,host_59476): 0 -> 1
Cell (virus_2913387,host_138695): 0 -> 1
Cell (virus_2913387,host_208969): 0 -> 1
Cell (virus_2913387,host_148094): 0 -> 1
Cell (virus_2913387,host_410852): 0 -> 1
Cell (virus_2913387,host_27634): 0 -> 1
Cell (virus_2913387,host_40230): 0 -> 1
Cell (virus_2913387,host_51012): 0 -> 1
Cell (virus_2913387,host_27660): 0 -> 1
Cell (virus_2913387,host_27642): 0 -> 1
Cell (virus_2913387,host_148061): 0 -> 1
Cell (virus_2913387,host_9430): 0 -> 1
Cell (virus_2913387,host_94961): 0 -> 1
Cell (virus_2913387,host_3371013): 0 -> 1
Cell (virus_2913387,host_221086): 0 -> 1
Cell (virus_2913387,host_291302): 0 -> 1
Cell (virus_2913387,host_187008): 0 -> 1
Cell (virus_2913387,host_452595): 0 -> 1
Cell (virus_2913387,host_3370289): 0 -> 1
Cell (virus_2913387,host_9438): 0 -> 1
Cell (virus_2913387,host_249033): 0 -> 1
Cell (virus_2913387,host_29078): 0 -> 1
Cell (virus_2913387,host_3371016): 0 -> 1
Cell (virus_2913387,host_3371021): 0 -> 1
Cell (virus_2913387,host_999321): 0 -> 1
Cell (virus_2913387,host_867834): 0 -> 1
Cell (virus_2691592,host_105295): 0 -> 1
Cell (virus_2691592,host_51300): 0 -> 1
Cell (virus_2691592,host_59473): 0 -> 1
Cell (virus_2691592,host_3380546): 0 -> 1
Cell (virus_2691592,host_59463): 0 -> 1
Cell (virus_2691592,host_160974): 0 -> 1
Cell (virus_2691592,host_1633875): 0 -> 1
Cell (virus_2691592,host_412095): 0 -> 1
Cell (virus_2691592,host_51298): 0 -> 1
Cell (virus_2691592,host_392004): 0 -> 1
Cell (virus_2691592,host_138979): 0 -> 1
Cell (virus_2691592,host_385037): 0 -> 1
Cell (virus_2691592,host_187017): 0 -> 1
Cell (virus_2691592,host_188569): 0 -> 1
Cell (virus_2691592,host_59453): 0 -> 1
Cell (virus_2691592,host_186991): 0 -> 1
Cell (virus_2691592,host_334201): 0 -> 1
Cell (virus_2691592,host_463808): 0 -> 1
Cell (virus_2691592,host_58069): 0 -> 1
Cell (virus_2691592,host_376555): 0 -> 1
Cell (virus_2691592,host_169756): 0 -> 1
Cell (virus_2691592,host_337452): 0 -> 1
Cell (virus_2691592,host_76837): 0 -> 1
Cell (virus_2691592,host_76834): 0 -> 1
Cell (virus_2691592,host_608708): 0 -> 1
Cell (virus_2691592,host_59477): 0 -> 1
Cell (virus_2691592,host_2603866): 0 -> 1
Cell (virus_2691592,host_302408): 0 -> 1
Cell (virus_2691592,host_49443): 0 -> 1
Cell (virus_2691592,host_59479): 0 -> 1
Cell (virus_2691592,host_342862): 0 -> 1
Cell (virus_2691592,host_519037): 0 -> 1
Cell (virus_2691592,host_337453): 0 -> 1
Cell (virus_2691592,host_77218): 0 -> 1
Cell (virus_2691592,host_329870): 0 -> 1
Cell (virus_2691592,host_3371112): 0 -> 1
Cell (virus_2691592,host_132908): 0 -> 1
Cell (virus_2691592,host_328804): 0 -> 1
Cell (virus_2691592,host_9403): 0 -> 1
Cell (virus_2691592,host_1898389): 0 -> 1
Cell (virus_2691592,host_77231): 0 -> 1
Cell (virus_2691592,host_2853157): 0 -> 1
Cell (virus_2691592,host_372077): 0 -> 1
Cell (virus_2691592,host_498220): 0 -> 1
Cell (virus_2691592,host_1898393): 0 -> 1
Cell (virus_2691592,host_9408): 0 -> 1
Cell (virus_2691592,host_58065): 0 -> 1
Cell (virus_2691592,host_77214): 0 -> 1
Cell (virus_2691592,host_1381355): 0 -> 1
Cell (virus_2691592,host_1884717): 0 -> 1
Cell (virus_2691592,host_59476): 0 -> 1
Cell (virus_2691592,host_138695): 0 -> 1
Cell (virus_2691592,host_208969): 0 -> 1
Cell (virus_2691592,host_148094): 0 -> 1
Cell (virus_2691592,host_410852): 0 -> 1
Cell (virus_2691592,host_574064): 0 -> 1
Cell (virus_2691592,host_27634): 0 -> 1
Cell (virus_2691592,host_40230): 0 -> 1
Cell (virus_2691592,host_51012): 0 -> 1
Cell (virus_2691592,host_27660): 0 -> 1
Cell (virus_2691592,host_27642): 0 -> 1
Cell (virus_2691592,host_148061): 0 -> 1
Cell (virus_2691592,host_9430): 0 -> 1
Cell (virus_2691592,host_94961): 0 -> 1
Cell (virus_2691592,host_3371013): 0 -> 1
Cell (virus_2691592,host_221086): 0 -> 1
Cell (virus_2691592,host_291302): 0 -> 1
Cell (virus_2691592,host_452595): 0 -> 1
Cell (virus_2691592,host_3370289): 0 -> 1
Cell (virus_2691592,host_9438): 0 -> 1
Cell (virus_2691592,host_249033): 0 -> 1
Cell (virus_2691592,host_29078): 0 -> 1
Cell (virus_2691592,host_3371016): 0 -> 1
Cell (virus_2691592,host_3371021): 0 -> 1
Cell (virus_2691592,host_999321): 0 -> 1
Cell (virus_2691592,host_867834): 0 -> 1
Cell (virus_2691592,host_526822): 0 -> 1
Cell (virus_2691592,host_59485): 0 -> 1
Cell (virus_28295,host_105295): 0 -> 1
Cell (virus_28295,host_51300): 0 -> 1
Cell (virus_28295,host_59473): 0 -> 1
Cell (virus_28295,host_3380546): 0 -> 1
Cell (virus_28295,host_59463): 0 -> 1
Cell (virus_28295,host_1633875): 0 -> 1
Cell (virus_28295,host_412095): 0 -> 1
Cell (virus_28295,host_51298): 0 -> 1
Cell (virus_28295,host_392004): 0 -> 1
Cell (virus_28295,host_138977): 0 -> 1
Cell (virus_28295,host_138979): 0 -> 1
Cell (virus_28295,host_385037): 0 -> 1
Cell (virus_28295,host_187017): 0 -> 1
Cell (virus_28295,host_188569): 0 -> 1
Cell (virus_28295,host_59453): 0 -> 1
Cell (virus_28295,host_186991): 0 -> 1
Cell (virus_28295,host_463808): 0 -> 1
Cell (virus_28295,host_58069): 0 -> 1
Cell (virus_28295,host_169756): 0 -> 1
Cell (virus_28295,host_337452): 0 -> 1
Cell (virus_28295,host_76837): 0 -> 1
Cell (virus_28295,host_76834): 0 -> 1
Cell (virus_28295,host_608708): 0 -> 1
Cell (virus_28295,host_59477): 0 -> 1
Cell (virus_28295,host_249024): 0 -> 1
Cell (virus_28295,host_2603866): 0 -> 1
Cell (virus_28295,host_302408): 0 -> 1
Cell (virus_28295,host_49443): 0 -> 1
Cell (virus_28295,host_59479): 0 -> 1
Cell (virus_28295,host_342862): 0 -> 1
Cell (virus_28295,host_519037): 0 -> 1
Cell (virus_28295,host_337453): 0 -> 1
Cell (virus_28295,host_77218): 0 -> 1
Cell (virus_28295,host_549403): 0 -> 1
Cell (virus_28295,host_132908): 0 -> 1
Cell (virus_28295,host_385575): 0 -> 1
Cell (virus_28295,host_328804): 0 -> 1
Cell (virus_28295,host_9403): 0 -> 1
Cell (virus_28295,host_1898389): 0 -> 1
Cell (virus_28295,host_77231): 0 -> 1
Cell (virus_28295,host_2853157): 0 -> 1
Cell (virus_28295,host_372077): 0 -> 1
Cell (virus_28295,host_58067): 0 -> 1
Cell (virus_28295,host_498220): 0 -> 1
Cell (virus_28295,host_448084): 0 -> 1
Cell (virus_28295,host_58071): 0 -> 1
Cell (virus_28295,host_1898393): 0 -> 1
Cell (virus_28295,host_77223): 0 -> 1
Cell (virus_28295,host_58065): 0 -> 1
Cell (virus_28295,host_77214): 0 -> 1
Cell (virus_28295,host_77233): 0 -> 1
Cell (virus_28295,host_326081): 0 -> 1
Cell (virus_28295,host_1381355): 0 -> 1
Cell (virus_28295,host_1884717): 0 -> 1
Cell (virus_28295,host_59476): 0 -> 1
Cell (virus_28295,host_138695): 0 -> 1
Cell (virus_28295,host_208969): 0 -> 1
Cell (virus_28295,host_148094): 0 -> 1
Cell (virus_28295,host_410852): 0 -> 1
Cell (virus_28295,host_27634): 0 -> 1
Cell (virus_28295,host_40230): 0 -> 1
Cell (virus_28295,host_51012): 0 -> 1
Cell (virus_28295,host_27660): 0 -> 1
Cell (virus_28295,host_177162): 0 -> 1
Cell (virus_28295,host_27638): 0 -> 1
Cell (virus_28295,host_27642): 0 -> 1
Cell (virus_28295,host_148061): 0 -> 1
Cell (virus_28295,host_9430): 0 -> 1
Cell (virus_28295,host_94961): 0 -> 1
Cell (virus_28295,host_3371013): 0 -> 1
Cell (virus_28295,host_221086): 0 -> 1
Cell (virus_28295,host_291302): 0 -> 1
Cell (virus_28295,host_452595): 0 -> 1
Cell (virus_28295,host_3370289): 0 -> 1
Cell (virus_28295,host_9438): 0 -> 1
Cell (virus_28295,host_249033): 0 -> 1
Cell (virus_28295,host_29078): 0 -> 1
Cell (virus_28295,host_3371021): 0 -> 1
Cell (virus_28295,host_999321): 0 -> 1
Cell (virus_28295,host_867834): 0 -> 1
Cell (virus_28295,host_526822): 0 -> 1
Cell (virus_28295,host_59485): 0 -> 1
Cell (virus_3433789,host_105295): 0 -> 1
Cell (virus_3433789,host_51300): 0 -> 1
Cell (virus_3433789,host_59473): 0 -> 1
Cell (virus_3433789,host_3380546): 0 -> 1
Cell (virus_3433789,host_59463): 0 -> 1
Cell (virus_3433789,host_1633875): 0 -> 1
Cell (virus_3433789,host_412095): 0 -> 1
Cell (virus_3433789,host_51298): 0 -> 1
Cell (virus_3433789,host_392004): 0 -> 1
Cell (virus_3433789,host_138977): 0 -> 1
Cell (virus_3433789,host_138979): 0 -> 1
Cell (virus_3433789,host_385037): 0 -> 1
Cell (virus_3433789,host_187017): 0 -> 1
Cell (virus_3433789,host_188569): 0 -> 1
Cell (virus_3433789,host_59453): 0 -> 1
Cell (virus_3433789,host_186991): 0 -> 1
Cell (virus_3433789,host_463808): 0 -> 1
Cell (virus_3433789,host_58069): 0 -> 1
Cell (virus_3433789,host_169756): 0 -> 1
Cell (virus_3433789,host_337452): 0 -> 1
Cell (virus_3433789,host_76837): 0 -> 1
Cell (virus_3433789,host_76834): 0 -> 1
Cell (virus_3433789,host_608708): 0 -> 1
Cell (virus_3433789,host_59477): 0 -> 1
Cell (virus_3433789,host_249024): 0 -> 1
Cell (virus_3433789,host_2603866): 0 -> 1
Cell (virus_3433789,host_302408): 0 -> 1
Cell (virus_3433789,host_49443): 0 -> 1
Cell (virus_3433789,host_59479): 0 -> 1
Cell (virus_3433789,host_342862): 0 -> 1
Cell (virus_3433789,host_519037): 0 -> 1
Cell (virus_3433789,host_337453): 0 -> 1
Cell (virus_3433789,host_77218): 0 -> 1
Cell (virus_3433789,host_549403): 0 -> 1
Cell (virus_3433789,host_132908): 0 -> 1
Cell (virus_3433789,host_385575): 0 -> 1
Cell (virus_3433789,host_328804): 0 -> 1
Cell (virus_3433789,host_9403): 0 -> 1
Cell (virus_3433789,host_1898389): 0 -> 1
Cell (virus_3433789,host_77231): 0 -> 1
Cell (virus_3433789,host_2853157): 0 -> 1
Cell (virus_3433789,host_372077): 0 -> 1
Cell (virus_3433789,host_58067): 0 -> 1
Cell (virus_3433789,host_498220): 0 -> 1
Cell (virus_3433789,host_448084): 0 -> 1
Cell (virus_3433789,host_58071): 0 -> 1
Cell (virus_3433789,host_1898393): 0 -> 1
Cell (virus_3433789,host_77223): 0 -> 1
Cell (virus_3433789,host_58065): 0 -> 1
Cell (virus_3433789,host_77214): 0 -> 1
Cell (virus_3433789,host_77233): 0 -> 1
Cell (virus_3433789,host_326081): 0 -> 1
Cell (virus_3433789,host_1381355): 0 -> 1
Cell (virus_3433789,host_1884717): 0 -> 1
Cell (virus_3433789,host_59476): 0 -> 1
Cell (virus_3433789,host_138695): 0 -> 1
Cell (virus_3433789,host_208969): 0 -> 1
Cell (virus_3433789,host_148094): 0 -> 1
Cell (virus_3433789,host_410852): 0 -> 1
Cell (virus_3433789,host_27634): 0 -> 1
Cell (virus_3433789,host_40230): 0 -> 1
Cell (virus_3433789,host_51012): 0 -> 1
Cell (virus_3433789,host_27660): 0 -> 1
Cell (virus_3433789,host_177162): 0 -> 1
Cell (virus_3433789,host_27638): 0 -> 1
Cell (virus_3433789,host_27642): 0 -> 1
Cell (virus_3433789,host_148061): 0 -> 1
Cell (virus_3433789,host_9430): 0 -> 1
Cell (virus_3433789,host_94961): 0 -> 1
Cell (virus_3433789,host_3371013): 0 -> 1
Cell (virus_3433789,host_221086): 0 -> 1
Cell (virus_3433789,host_291302): 0 -> 1
Cell (virus_3433789,host_452595): 0 -> 1
Cell (virus_3433789,host_3370289): 0 -> 1
Cell (virus_3433789,host_9438): 0 -> 1
Cell (virus_3433789,host_249033): 0 -> 1
Cell (virus_3433789,host_29078): 0 -> 1
Cell (virus_3433789,host_3371021): 0 -> 1
Cell (virus_3433789,host_999321): 0 -> 1
Cell (virus_3433789,host_867834): 0 -> 1
Cell (virus_3433789,host_526822): 0 -> 1
Cell (virus_3433789,host_59485): 0 -> 1
Cell (virus_2913385,host_105295): 0 -> 1
Cell (virus_2913385,host_51300): 0 -> 1
Cell (virus_2913385,host_59473): 0 -> 1
Cell (virus_2913385,host_3380546): 0 -> 1
Cell (virus_2913385,host_59463): 0 -> 1
Cell (virus_2913385,host_1633875): 0 -> 1
Cell (virus_2913385,host_412095): 0 -> 1
Cell (virus_2913385,host_51298): 0 -> 1
Cell (virus_2913385,host_392004): 0 -> 1
Cell (virus_2913385,host_138977): 0 -> 1
Cell (virus_2913385,host_138979): 0 -> 1
Cell (virus_2913385,host_385037): 0 -> 1
Cell (virus_2913385,host_187017): 0 -> 1
Cell (virus_2913385,host_188569): 0 -> 1
Cell (virus_2913385,host_59453): 0 -> 1
Cell (virus_2913385,host_186991): 0 -> 1
Cell (virus_2913385,host_463808): 0 -> 1
Cell (virus_2913385,host_58069): 0 -> 1
Cell (virus_2913385,host_169756): 0 -> 1
Cell (virus_2913385,host_337452): 0 -> 1
Cell (virus_2913385,host_76837): 0 -> 1
Cell (virus_2913385,host_76834): 0 -> 1
Cell (virus_2913385,host_608708): 0 -> 1
Cell (virus_2913385,host_59477): 0 -> 1
Cell (virus_2913385,host_302408): 0 -> 1
Cell (virus_2913385,host_49443): 0 -> 1
Cell (virus_2913385,host_59479): 0 -> 1
Cell (virus_2913385,host_342862): 0 -> 1
Cell (virus_2913385,host_519037): 0 -> 1
Cell (virus_2913385,host_337453): 0 -> 1
Cell (virus_2913385,host_77218): 0 -> 1
Cell (virus_2913385,host_549403): 0 -> 1
Cell (virus_2913385,host_132908): 0 -> 1
Cell (virus_2913385,host_385575): 0 -> 1
Cell (virus_2913385,host_328804): 0 -> 1
Cell (virus_2913385,host_9403): 0 -> 1
Cell (virus_2913385,host_1898389): 0 -> 1
Cell (virus_2913385,host_77231): 0 -> 1
Cell (virus_2913385,host_2853157): 0 -> 1
Cell (virus_2913385,host_372077): 0 -> 1
Cell (virus_2913385,host_58067): 0 -> 1
Cell (virus_2913385,host_498220): 0 -> 1
Cell (virus_2913385,host_448084): 0 -> 1
Cell (virus_2913385,host_58071): 0 -> 1
Cell (virus_2913385,host_1898393): 0 -> 1
Cell (virus_2913385,host_77223): 0 -> 1
Cell (virus_2913385,host_58065): 0 -> 1
Cell (virus_2913385,host_77214): 0 -> 1
Cell (virus_2913385,host_77233): 0 -> 1
Cell (virus_2913385,host_374419): 0 -> 1
Cell (virus_2913385,host_326081): 0 -> 1
Cell (virus_2913385,host_1381355): 0 -> 1
Cell (virus_2913385,host_1884717): 0 -> 1
Cell (virus_2913385,host_59476): 0 -> 1
Cell (virus_2913385,host_138695): 0 -> 1
Cell (virus_2913385,host_208969): 0 -> 1
Cell (virus_2913385,host_148094): 0 -> 1
Cell (virus_2913385,host_410852): 0 -> 1
Cell (virus_2913385,host_27634): 0 -> 1
Cell (virus_2913385,host_40230): 0 -> 1
Cell (virus_2913385,host_51012): 0 -> 1
Cell (virus_2913385,host_27660): 0 -> 1
Cell (virus_2913385,host_177162): 0 -> 1
Cell (virus_2913385,host_27638): 0 -> 1
Cell (virus_2913385,host_27642): 0 -> 1
Cell (virus_2913385,host_9430): 0 -> 1
Cell (virus_2913385,host_94961): 0 -> 1
Cell (virus_2913385,host_3371013): 0 -> 1
Cell (virus_2913385,host_221086): 0 -> 1
Cell (virus_2913385,host_291302): 0 -> 1
Cell (virus_2913385,host_452595): 0 -> 1
Cell (virus_2913385,host_3370289): 0 -> 1
Cell (virus_2913385,host_9438): 0 -> 1
Cell (virus_2913385,host_249033): 0 -> 1
Cell (virus_2913385,host_29078): 0 -> 1
Cell (virus_2913385,host_3371021): 0 -> 1
Cell (virus_2913385,host_999321): 0 -> 1
Cell (virus_2913385,host_867834): 0 -> 1
Cell (virus_2913385,host_526822): 0 -> 1
Cell (virus_2913385,host_59485): 0 -> 1
Cell (virus_3077579,host_105295): 0 -> 1
Cell (virus_3077579,host_246814): 0 -> 1
Cell (virus_3077579,host_59473): 0 -> 1
Cell (virus_3077579,host_160974): 0 -> 1
Cell (virus_3077579,host_1633875): 0 -> 1
Cell (virus_3077579,host_412095): 0 -> 1
Cell (virus_3077579,host_51298): 0 -> 1
Cell (virus_3077579,host_392004): 0 -> 1
Cell (virus_3077579,host_138977): 0 -> 1
Cell (virus_3077579,host_138979): 0 -> 1
Cell (virus_3077579,host_385037): 0 -> 1
Cell (virus_3077579,host_187017): 0 -> 1
Cell (virus_3077579,host_188569): 0 -> 1
Cell (virus_3077579,host_59453): 0 -> 1
Cell (virus_3077579,host_186991): 0 -> 1
Cell (virus_3077579,host_463808): 0 -> 1
Cell (virus_3077579,host_58069): 0 -> 1
Cell (virus_3077579,host_376555): 0 -> 1
Cell (virus_3077579,host_337452): 0 -> 1
Cell (virus_3077579,host_76837): 0 -> 1
Cell (virus_3077579,host_76834): 0 -> 1
Cell (virus_3077579,host_608708): 0 -> 1
Cell (virus_3077579,host_59477): 0 -> 1
Cell (virus_3077579,host_2603866): 0 -> 1
Cell (virus_3077579,host_302408): 0 -> 1
Cell (virus_3077579,host_49443): 0 -> 1
Cell (virus_3077579,host_59479): 0 -> 1
Cell (virus_3077579,host_342862): 0 -> 1
Cell (virus_3077579,host_519037): 0 -> 1
Cell (virus_3077579,host_337453): 0 -> 1
Cell (virus_3077579,host_77218): 0 -> 1
Cell (virus_3077579,host_549403): 0 -> 1
Cell (virus_3077579,host_132908): 0 -> 1
Cell (virus_3077579,host_385575): 0 -> 1
Cell (virus_3077579,host_328804): 0 -> 1
Cell (virus_3077579,host_9403): 0 -> 1
Cell (virus_3077579,host_1898389): 0 -> 1
Cell (virus_3077579,host_77231): 0 -> 1
Cell (virus_3077579,host_2853157): 0 -> 1
Cell (virus_3077579,host_372077): 0 -> 1
Cell (virus_3077579,host_58067): 0 -> 1
Cell (virus_3077579,host_498220): 0 -> 1
Cell (virus_3077579,host_448084): 0 -> 1
Cell (virus_3077579,host_58071): 0 -> 1
Cell (virus_3077579,host_1898393): 0 -> 1
Cell (virus_3077579,host_58065): 0 -> 1
Cell (virus_3077579,host_77214): 0 -> 1
Cell (virus_3077579,host_1381355): 0 -> 1
Cell (virus_3077579,host_1884717): 0 -> 1
Cell (virus_3077579,host_59476): 0 -> 1
Cell (virus_3077579,host_138695): 0 -> 1
Cell (virus_3077579,host_208969): 0 -> 1
Cell (virus_3077579,host_148094): 0 -> 1
Cell (virus_3077579,host_27663): 0 -> 1
Cell (virus_3077579,host_410852): 0 -> 1
Cell (virus_3077579,host_40230): 0 -> 1
Cell (virus_3077579,host_51012): 0 -> 1
Cell (virus_3077579,host_27660): 0 -> 1
Cell (virus_3077579,host_177162): 0 -> 1
Cell (virus_3077579,host_409031): 0 -> 1
Cell (virus_3077579,host_148061): 0 -> 1
Cell (virus_3077579,host_9430): 0 -> 1
Cell (virus_3077579,host_94961): 0 -> 1
Cell (virus_3077579,host_3371013): 0 -> 1
Cell (virus_3077579,host_221086): 0 -> 1
Cell (virus_3077579,host_291302): 0 -> 1
Cell (virus_3077579,host_3370289): 0 -> 1
Cell (virus_3077579,host_9438): 0 -> 1
Cell (virus_3077579,host_249033): 0 -> 1
Cell (virus_3077579,host_29078): 0 -> 1
Cell (virus_3077579,host_3371016): 0 -> 1
Cell (virus_3077579,host_3371021): 0 -> 1
Cell (virus_3077579,host_999321): 0 -> 1
Cell (virus_3077579,host_867834): 0 -> 1
Cell (virus_3077579,host_526822): 0 -> 1
Cell (virus_3077579,host_59485): 0 -> 1
Cell (virus_3077580,host_105295): 0 -> 1
Cell (virus_3077580,host_246814): 0 -> 1
Cell (virus_3077580,host_59473): 0 -> 1
Cell (virus_3077580,host_160974): 0 -> 1
Cell (virus_3077580,host_1633875): 0 -> 1
Cell (virus_3077580,host_412095): 0 -> 1
Cell (virus_3077580,host_51298): 0 -> 1
Cell (virus_3077580,host_392004): 0 -> 1
Cell (virus_3077580,host_138977): 0 -> 1
Cell (virus_3077580,host_138979): 0 -> 1
Cell (virus_3077580,host_385037): 0 -> 1
Cell (virus_3077580,host_187017): 0 -> 1
Cell (virus_3077580,host_188569): 0 -> 1
Cell (virus_3077580,host_59453): 0 -> 1
Cell (virus_3077580,host_186991): 0 -> 1
Cell (virus_3077580,host_463808): 0 -> 1
Cell (virus_3077580,host_58069): 0 -> 1
Cell (virus_3077580,host_376555): 0 -> 1
Cell (virus_3077580,host_337452): 0 -> 1
Cell (virus_3077580,host_76837): 0 -> 1
Cell (virus_3077580,host_76834): 0 -> 1
Cell (virus_3077580,host_608708): 0 -> 1
Cell (virus_3077580,host_59477): 0 -> 1
Cell (virus_3077580,host_2603866): 0 -> 1
Cell (virus_3077580,host_302408): 0 -> 1
Cell (virus_3077580,host_49443): 0 -> 1
Cell (virus_3077580,host_59479): 0 -> 1
Cell (virus_3077580,host_342862): 0 -> 1
Cell (virus_3077580,host_519037): 0 -> 1
Cell (virus_3077580,host_337453): 0 -> 1
Cell (virus_3077580,host_77218): 0 -> 1
Cell (virus_3077580,host_549403): 0 -> 1
Cell (virus_3077580,host_132908): 0 -> 1
Cell (virus_3077580,host_385575): 0 -> 1
Cell (virus_3077580,host_328804): 0 -> 1
Cell (virus_3077580,host_9403): 0 -> 1
Cell (virus_3077580,host_1898389): 0 -> 1
Cell (virus_3077580,host_77231): 0 -> 1
Cell (virus_3077580,host_2853157): 0 -> 1
Cell (virus_3077580,host_372077): 0 -> 1
Cell (virus_3077580,host_58067): 0 -> 1
Cell (virus_3077580,host_498220): 0 -> 1
Cell (virus_3077580,host_448084): 0 -> 1
Cell (virus_3077580,host_58071): 0 -> 1
Cell (virus_3077580,host_1898393): 0 -> 1
Cell (virus_3077580,host_58065): 0 -> 1
Cell (virus_3077580,host_77214): 0 -> 1
Cell (virus_3077580,host_1381355): 0 -> 1
Cell (virus_3077580,host_1884717): 0 -> 1
Cell (virus_3077580,host_59476): 0 -> 1
Cell (virus_3077580,host_138695): 0 -> 1
Cell (virus_3077580,host_208969): 0 -> 1
Cell (virus_3077580,host_148094): 0 -> 1
Cell (virus_3077580,host_27663): 0 -> 1
Cell (virus_3077580,host_410852): 0 -> 1
Cell (virus_3077580,host_40230): 0 -> 1
Cell (virus_3077580,host_51012): 0 -> 1
Cell (virus_3077580,host_27660): 0 -> 1
Cell (virus_3077580,host_177162): 0 -> 1
Cell (virus_3077580,host_409031): 0 -> 1
Cell (virus_3077580,host_148061): 0 -> 1
Cell (virus_3077580,host_9430): 0 -> 1
Cell (virus_3077580,host_94961): 0 -> 1
Cell (virus_3077580,host_3371013): 0 -> 1
Cell (virus_3077580,host_221086): 0 -> 1
Cell (virus_3077580,host_291302): 0 -> 1
Cell (virus_3077580,host_3370289): 0 -> 1
Cell (virus_3077580,host_9438): 0 -> 1
Cell (virus_3077580,host_249033): 0 -> 1
Cell (virus_3077580,host_29078): 0 -> 1
Cell (virus_3077580,host_3371016): 0 -> 1
Cell (virus_3077580,host_3371021): 0 -> 1
Cell (virus_3077580,host_999321): 0 -> 1
Cell (virus_3077580,host_867834): 0 -> 1
Cell (virus_3077580,host_526822): 0 -> 1
Cell (virus_3077580,host_59485): 0 -> 1
Cell (virus_2419667,host_105295): 0 -> 1
Cell (virus_2419667,host_51300): 0 -> 1
Cell (virus_2419667,host_59473): 0 -> 1
Cell (virus_2419667,host_3380546): 0 -> 1
Cell (virus_2419667,host_59463): 0 -> 1
Cell (virus_2419667,host_160974): 0 -> 1
Cell (virus_2419667,host_1633875): 0 -> 1
Cell (virus_2419667,host_109482): 0 -> 1
Cell (virus_2419667,host_412095): 0 -> 1
Cell (virus_2419667,host_51298): 0 -> 1
Cell (virus_2419667,host_392004): 0 -> 1
Cell (virus_2419667,host_138977): 0 -> 1
Cell (virus_2419667,host_138979): 0 -> 1
Cell (virus_2419667,host_385037): 0 -> 1
Cell (virus_2419667,host_187017): 0 -> 1
Cell (virus_2419667,host_1207989): 0 -> 1
Cell (virus_2419667,host_59453): 0 -> 1
Cell (virus_2419667,host_186991): 0 -> 1
Cell (virus_2419667,host_463808): 0 -> 1
Cell (virus_2419667,host_159858): 0 -> 1
Cell (virus_2419667,host_376555): 0 -> 1
Cell (virus_2419667,host_169756): 0 -> 1
Cell (virus_2419667,host_337452): 0 -> 1
Cell (virus_2419667,host_178895): 0 -> 1
Cell (virus_2419667,host_76834): 0 -> 1
Cell (virus_2419667,host_608708): 0 -> 1
Cell (virus_2419667,host_59477): 0 -> 1
Cell (virus_2419667,host_249024): 0 -> 1
Cell (virus_2419667,host_2603866): 0 -> 1
Cell (virus_2419667,host_302408): 0 -> 1
Cell (virus_2419667,host_49443): 0 -> 1
Cell (virus_2419667,host_59479): 0 -> 1
Cell (virus_2419667,host_342862): 0 -> 1
Cell (virus_2419667,host_519037): 0 -> 1
Cell (virus_2419667,host_77218): 0 -> 1
Cell (virus_2419667,host_549403): 0 -> 1
Cell (virus_2419667,host_385575): 0 -> 1
Cell (virus_2419667,host_328804): 0 -> 1
Cell (virus_2419667,host_9403): 0 -> 1
Cell (virus_2419667,host_58057): 0 -> 1
Cell (virus_2419667,host_1898389): 0 -> 1
Cell (virus_2419667,host_77231): 0 -> 1
Cell (virus_2419667,host_372077): 0 -> 1
Cell (virus_2419667,host_58067): 0 -> 1
Cell (virus_2419667,host_498220): 0 -> 1
Cell (virus_2419667,host_1898393): 0 -> 1
Cell (virus_2419667,host_77223): 0 -> 1
Cell (virus_2419667,host_9408): 0 -> 1
Cell (virus_2419667,host_58065): 0 -> 1
Cell (virus_2419667,host_77214): 0 -> 1
Cell (virus_2419667,host_326083): 0 -> 1
Cell (virus_2419667,host_1381355): 0 -> 1
Cell (virus_2419667,host_187003): 0 -> 1
Cell (virus_2419667,host_1884717): 0 -> 1
Cell (virus_2419667,host_59476): 0 -> 1
Cell (virus_2419667,host_138695): 0 -> 1
Cell (virus_2419667,host_208969): 0 -> 1
Cell (virus_2419667,host_148094): 0 -> 1
Cell (virus_2419667,host_410852): 0 -> 1
Cell (virus_2419667,host_27634): 0 -> 1
Cell (virus_2419667,host_40230): 0 -> 1
Cell (virus_2419667,host_51012): 0 -> 1
Cell (virus_2419667,host_27660): 0 -> 1
Cell (virus_2419667,host_177162): 0 -> 1
Cell (virus_2419667,host_27642): 0 -> 1
Cell (virus_2419667,host_148061): 0 -> 1
Cell (virus_2419667,host_9430): 0 -> 1
Cell (virus_2419667,host_94961): 0 -> 1
Cell (virus_2419667,host_3371013): 0 -> 1
Cell (virus_2419667,host_221086): 0 -> 1
Cell (virus_2419667,host_291302): 0 -> 1
Cell (virus_2419667,host_452595): 0 -> 1
Cell (virus_2419667,host_3370289): 0 -> 1
Cell (virus_2419667,host_9438): 0 -> 1
Cell (virus_2419667,host_249033): 0 -> 1
Cell (virus_2419667,host_29078): 0 -> 1
Cell (virus_2419667,host_3371021): 0 -> 1
Cell (virus_2419667,host_999321): 0 -> 1
Cell (virus_2419667,host_867834): 0 -> 1
Cell (virus_2419667,host_526822): 0 -> 1
Cell (virus_2419667,host_59485): 0 -> 1
Cell (virus_3433787,host_105295): 0 -> 1
Cell (virus_3433787,host_51300): 0 -> 1
Cell (virus_3433787,host_59473): 0 -> 1
Cell (virus_3433787,host_3380546): 0 -> 1
Cell (virus_3433787,host_59463): 0 -> 1
Cell (virus_3433787,host_160974): 0 -> 1
Cell (virus_3433787,host_1633875): 0 -> 1
Cell (virus_3433787,host_109482): 0 -> 1
Cell (virus_3433787,host_412095): 0 -> 1
Cell (virus_3433787,host_51298): 0 -> 1
Cell (virus_3433787,host_392004): 0 -> 1
Cell (virus_3433787,host_138977): 0 -> 1
Cell (virus_3433787,host_138979): 0 -> 1
Cell (virus_3433787,host_385037): 0 -> 1
Cell (virus_3433787,host_187017): 0 -> 1
Cell (virus_3433787,host_1207989): 0 -> 1
Cell (virus_3433787,host_59453): 0 -> 1
Cell (virus_3433787,host_186991): 0 -> 1
Cell (virus_3433787,host_463808): 0 -> 1
Cell (virus_3433787,host_159858): 0 -> 1
Cell (virus_3433787,host_376555): 0 -> 1
Cell (virus_3433787,host_169756): 0 -> 1
Cell (virus_3433787,host_337452): 0 -> 1
Cell (virus_3433787,host_178895): 0 -> 1
Cell (virus_3433787,host_76834): 0 -> 1
Cell (virus_3433787,host_608708): 0 -> 1
Cell (virus_3433787,host_59477): 0 -> 1
Cell (virus_3433787,host_249024): 0 -> 1
Cell (virus_3433787,host_2603866): 0 -> 1
Cell (virus_3433787,host_302408): 0 -> 1
Cell (virus_3433787,host_49443): 0 -> 1
Cell (virus_3433787,host_59479): 0 -> 1
Cell (virus_3433787,host_342862): 0 -> 1
Cell (virus_3433787,host_519037): 0 -> 1
Cell (virus_3433787,host_77218): 0 -> 1
Cell (virus_3433787,host_549403): 0 -> 1
Cell (virus_3433787,host_385575): 0 -> 1
Cell (virus_3433787,host_328804): 0 -> 1
Cell (virus_3433787,host_9403): 0 -> 1
Cell (virus_3433787,host_58057): 0 -> 1
Cell (virus_3433787,host_1898389): 0 -> 1
Cell (virus_3433787,host_77231): 0 -> 1
Cell (virus_3433787,host_372077): 0 -> 1
Cell (virus_3433787,host_58067): 0 -> 1
Cell (virus_3433787,host_498220): 0 -> 1
Cell (virus_3433787,host_1898393): 0 -> 1
Cell (virus_3433787,host_77223): 0 -> 1
Cell (virus_3433787,host_9408): 0 -> 1
Cell (virus_3433787,host_58065): 0 -> 1
Cell (virus_3433787,host_77214): 0 -> 1
Cell (virus_3433787,host_326083): 0 -> 1
Cell (virus_3433787,host_1381355): 0 -> 1
Cell (virus_3433787,host_187003): 0 -> 1
Cell (virus_3433787,host_1884717): 0 -> 1
Cell (virus_3433787,host_59476): 0 -> 1
Cell (virus_3433787,host_138695): 0 -> 1
Cell (virus_3433787,host_208969): 0 -> 1
Cell (virus_3433787,host_148094): 0 -> 1
Cell (virus_3433787,host_410852): 0 -> 1
Cell (virus_3433787,host_27634): 0 -> 1
Cell (virus_3433787,host_40230): 0 -> 1
Cell (virus_3433787,host_51012): 0 -> 1
Cell (virus_3433787,host_27660): 0 -> 1
Cell (virus_3433787,host_177162): 0 -> 1
Cell (virus_3433787,host_27642): 0 -> 1
Cell (virus_3433787,host_148061): 0 -> 1
Cell (virus_3433787,host_9430): 0 -> 1
Cell (virus_3433787,host_94961): 0 -> 1
Cell (virus_3433787,host_3371013): 0 -> 1
Cell (virus_3433787,host_221086): 0 -> 1
Cell (virus_3433787,host_291302): 0 -> 1
Cell (virus_3433787,host_452595): 0 -> 1
Cell (virus_3433787,host_3370289): 0 -> 1
Cell (virus_3433787,host_9438): 0 -> 1
Cell (virus_3433787,host_249033): 0 -> 1
Cell (virus_3433787,host_29078): 0 -> 1
Cell (virus_3433787,host_3371021): 0 -> 1
Cell (virus_3433787,host_999321): 0 -> 1
Cell (virus_3433787,host_867834): 0 -> 1
Cell (virus_3433787,host_526822): 0 -> 1
Cell (virus_3433787,host_59485): 0 -> 1
Cell (virus_3027593,host_105295): 0 -> 1
Cell (virus_3027593,host_51300): 0 -> 1
Cell (virus_3027593,host_59473): 0 -> 1
Cell (virus_3027593,host_3380546): 0 -> 1
Cell (virus_3027593,host_59463): 0 -> 1
Cell (virus_3027593,host_160974): 0 -> 1
Cell (virus_3027593,host_1633875): 0 -> 1
Cell (virus_3027593,host_2528591): 0 -> 1
Cell (virus_3027593,host_412095): 0 -> 1
Cell (virus_3027593,host_51298): 0 -> 1
Cell (virus_3027593,host_386774): 0 -> 1
Cell (virus_3027593,host_392004): 0 -> 1
Cell (virus_3027593,host_138977): 0 -> 1
Cell (virus_3027593,host_138979): 0 -> 1
Cell (virus_3027593,host_385037): 0 -> 1
Cell (virus_3027593,host_187017): 0 -> 1
Cell (virus_3027593,host_1207989): 0 -> 1
Cell (virus_3027593,host_188569): 0 -> 1
Cell (virus_3027593,host_59453): 0 -> 1
Cell (virus_3027593,host_186991): 0 -> 1
Cell (virus_3027593,host_463808): 0 -> 1
Cell (virus_3027593,host_376555): 0 -> 1
Cell (virus_3027593,host_169756): 0 -> 1
Cell (virus_3027593,host_337452): 0 -> 1
Cell (virus_3027593,host_76837): 0 -> 1
Cell (virus_3027593,host_76834): 0 -> 1
Cell (virus_3027593,host_608708): 0 -> 1
Cell (virus_3027593,host_59477): 0 -> 1
Cell (virus_3027593,host_249024): 0 -> 1
Cell (virus_3027593,host_2603866): 0 -> 1
Cell (virus_3027593,host_302408): 0 -> 1
Cell (virus_3027593,host_49443): 0 -> 1
Cell (virus_3027593,host_59479): 0 -> 1
Cell (virus_3027593,host_342862): 0 -> 1
Cell (virus_3027593,host_337453): 0 -> 1
Cell (virus_3027593,host_77218): 0 -> 1
Cell (virus_3027593,host_549403): 0 -> 1
Cell (virus_3027593,host_132908): 0 -> 1
Cell (virus_3027593,host_385575): 0 -> 1
Cell (virus_3027593,host_328804): 0 -> 1
Cell (virus_3027593,host_9403): 0 -> 1
Cell (virus_3027593,host_58057): 0 -> 1
Cell (virus_3027593,host_1898389): 0 -> 1
Cell (virus_3027593,host_372077): 0 -> 1
Cell (virus_3027593,host_58067): 0 -> 1
Cell (virus_3027593,host_498220): 0 -> 1
Cell (virus_3027593,host_1898393): 0 -> 1
Cell (virus_3027593,host_77223): 0 -> 1
Cell (virus_3027593,host_9408): 0 -> 1
Cell (virus_3027593,host_58065): 0 -> 1
Cell (virus_3027593,host_77214): 0 -> 1
Cell (virus_3027593,host_326151): 0 -> 1
Cell (virus_3027593,host_1381355): 0 -> 1
Cell (virus_3027593,host_187003): 0 -> 1
Cell (virus_3027593,host_1884717): 0 -> 1
Cell (virus_3027593,host_59476): 0 -> 1
Cell (virus_3027593,host_208969): 0 -> 1
Cell (virus_3027593,host_148094): 0 -> 1
Cell (virus_3027593,host_410852): 0 -> 1
Cell (virus_3027593,host_27634): 0 -> 1
Cell (virus_3027593,host_40230): 0 -> 1
Cell (virus_3027593,host_51012): 0 -> 1
Cell (virus_3027593,host_192403): 0 -> 1
Cell (virus_3027593,host_27660): 0 -> 1
Cell (virus_3027593,host_177162): 0 -> 1
Cell (virus_3027593,host_27642): 0 -> 1
Cell (virus_3027593,host_148061): 0 -> 1
Cell (virus_3027593,host_148089): 0 -> 1
Cell (virus_3027593,host_9430): 0 -> 1
Cell (virus_3027593,host_94961): 0 -> 1
Cell (virus_3027593,host_3371013): 0 -> 1
Cell (virus_3027593,host_221086): 0 -> 1
Cell (virus_3027593,host_291302): 0 -> 1
Cell (virus_3027593,host_452595): 0 -> 1
Cell (virus_3027593,host_3370289): 0 -> 1
Cell (virus_3027593,host_249033): 0 -> 1
Cell (virus_3027593,host_2969767): 0 -> 1
Cell (virus_3027593,host_3371016): 0 -> 1
Cell (virus_3027593,host_3371021): 0 -> 1
Cell (virus_3027593,host_999321): 0 -> 1
Cell (virus_3027593,host_867834): 0 -> 1
Cell (virus_3027593,host_526822): 0 -> 1
Cell (virus_3027593,host_59485): 0 -> 1
Cell (virus_2991261,host_105273): 0 -> 1
Cell (virus_2991261,host_105295): 0 -> 1
Cell (virus_2991261,host_51300): 0 -> 1
Cell (virus_2991261,host_59473): 0 -> 1
Cell (virus_2991261,host_3380546): 0 -> 1
Cell (virus_2991261,host_59463): 0 -> 1
Cell (virus_2991261,host_160974): 0 -> 1
Cell (virus_2991261,host_1633875): 0 -> 1
Cell (virus_2991261,host_412095): 0 -> 1
Cell (virus_2991261,host_51298): 0 -> 1
Cell (virus_2991261,host_225399): 0 -> 1
Cell (virus_2991261,host_392004): 0 -> 1
Cell (virus_2991261,host_138977): 0 -> 1
Cell (virus_2991261,host_138979): 0 -> 1
Cell (virus_2991261,host_258940): 0 -> 1
Cell (virus_2991261,host_385037): 0 -> 1
Cell (virus_2991261,host_187017): 0 -> 1
Cell (virus_2991261,host_1207989): 0 -> 1
Cell (virus_2991261,host_188569): 0 -> 1
Cell (virus_2991261,host_59453): 0 -> 1
Cell (virus_2991261,host_186991): 0 -> 1
Cell (virus_2991261,host_463808): 0 -> 1
Cell (virus_2991261,host_376555): 0 -> 1
Cell (virus_2991261,host_169756): 0 -> 1
Cell (virus_2991261,host_337452): 0 -> 1
Cell (virus_2991261,host_76837): 0 -> 1
Cell (virus_2991261,host_76834): 0 -> 1
Cell (virus_2991261,host_608708): 0 -> 1
Cell (virus_2991261,host_2603866): 0 -> 1
Cell (virus_2991261,host_49443): 0 -> 1
Cell (virus_2991261,host_59479): 0 -> 1
Cell (virus_2991261,host_519037): 0 -> 1
Cell (virus_2991261,host_337453): 0 -> 1
Cell (virus_2991261,host_77218): 0 -> 1
Cell (virus_2991261,host_549403): 0 -> 1
Cell (virus_2991261,host_132908): 0 -> 1
Cell (virus_2991261,host_166054): 0 -> 1
Cell (virus_2991261,host_385575): 0 -> 1
Cell (virus_2991261,host_58057): 0 -> 1
Cell (virus_2991261,host_1898389): 0 -> 1
Cell (virus_2991261,host_77231): 0 -> 1
Cell (virus_2991261,host_372077): 0 -> 1
Cell (virus_2991261,host_58067): 0 -> 1
Cell (virus_2991261,host_498220): 0 -> 1
Cell (virus_2991261,host_58071): 0 -> 1
Cell (virus_2991261,host_1898393): 0 -> 1
Cell (virus_2991261,host_77223): 0 -> 1
Cell (virus_2991261,host_9407): 0 -> 1
Cell (virus_2991261,host_9408): 0 -> 1
Cell (virus_2991261,host_77214): 0 -> 1
Cell (virus_2991261,host_1381355): 0 -> 1
Cell (virus_2991261,host_187003): 0 -> 1
Cell (virus_2991261,host_1884717): 0 -> 1
Cell (virus_2991261,host_208969): 0 -> 1
Cell (virus_2991261,host_148094): 0 -> 1
Cell (virus_2991261,host_410852): 0 -> 1
Cell (virus_2991261,host_27634): 0 -> 1
Cell (virus_2991261,host_40228): 0 -> 1
Cell (virus_2991261,host_40230): 0 -> 1
Cell (virus_2991261,host_51012): 0 -> 1
Cell (virus_2991261,host_27660): 0 -> 1
Cell (virus_2991261,host_177162): 0 -> 1
Cell (virus_2991261,host_27642): 0 -> 1
Cell (virus_2991261,host_148061): 0 -> 1
Cell (virus_2991261,host_94961): 0 -> 1
Cell (virus_2991261,host_221086): 0 -> 1
Cell (virus_2991261,host_3041509): 0 -> 1
Cell (virus_2991261,host_258867): 0 -> 1
Cell (virus_2991261,host_452595): 0 -> 1
Cell (virus_2991261,host_3370289): 0 -> 1
Cell (virus_2991261,host_9438): 0 -> 1
Cell (virus_2991261,host_249033): 0 -> 1
Cell (virus_2991261,host_29078): 0 -> 1
Cell (virus_2991261,host_2969767): 0 -> 1
Cell (virus_2991261,host_3371016): 0 -> 1
Cell (virus_2991261,host_3371021): 0 -> 1
Cell (virus_2991261,host_999321): 0 -> 1
Cell (virus_2991261,host_59485): 0 -> 1
Cell (virus_983923,host_105273): 0 -> 1
Cell (virus_983923,host_105295): 0 -> 1
Cell (virus_983923,host_51300): 0 -> 1
Cell (virus_983923,host_59473): 0 -> 1
Cell (virus_983923,host_3380546): 0 -> 1
Cell (virus_983923,host_59463): 0 -> 1
Cell (virus_983923,host_160974): 0 -> 1
Cell (virus_983923,host_1633875): 0 -> 1
Cell (virus_983923,host_412095): 0 -> 1
Cell (virus_983923,host_51298): 0 -> 1
Cell (virus_983923,host_225399): 0 -> 1
Cell (virus_983923,host_392004): 0 -> 1
Cell (virus_983923,host_138977): 0 -> 1
Cell (virus_983923,host_138979): 0 -> 1
Cell (virus_983923,host_258940): 0 -> 1
Cell (virus_983923,host_385037): 0 -> 1
Cell (virus_983923,host_187017): 0 -> 1
Cell (virus_983923,host_1207989): 0 -> 1
Cell (virus_983923,host_188569): 0 -> 1
Cell (virus_983923,host_59453): 0 -> 1
Cell (virus_983923,host_186991): 0 -> 1
Cell (virus_983923,host_463808): 0 -> 1
Cell (virus_983923,host_376555): 0 -> 1
Cell (virus_983923,host_169756): 0 -> 1
Cell (virus_983923,host_337452): 0 -> 1
Cell (virus_983923,host_76837): 0 -> 1
Cell (virus_983923,host_76834): 0 -> 1
Cell (virus_983923,host_608708): 0 -> 1
Cell (virus_983923,host_2603866): 0 -> 1
Cell (virus_983923,host_49443): 0 -> 1
Cell (virus_983923,host_59479): 0 -> 1
Cell (virus_983923,host_519037): 0 -> 1
Cell (virus_983923,host_337453): 0 -> 1
Cell (virus_983923,host_77218): 0 -> 1
Cell (virus_983923,host_549403): 0 -> 1
Cell (virus_983923,host_132908): 0 -> 1
Cell (virus_983923,host_166054): 0 -> 1
Cell (virus_983923,host_385575): 0 -> 1
Cell (virus_983923,host_58057): 0 -> 1
Cell (virus_983923,host_1898389): 0 -> 1
Cell (virus_983923,host_77231): 0 -> 1
Cell (virus_983923,host_372077): 0 -> 1
Cell (virus_983923,host_58067): 0 -> 1
Cell (virus_983923,host_498220): 0 -> 1
Cell (virus_983923,host_58071): 0 -> 1
Cell (virus_983923,host_1898393): 0 -> 1
Cell (virus_983923,host_77223): 0 -> 1
Cell (virus_983923,host_9407): 0 -> 1
Cell (virus_983923,host_9408): 0 -> 1
Cell (virus_983923,host_77214): 0 -> 1
Cell (virus_983923,host_1381355): 0 -> 1
Cell (virus_983923,host_187003): 0 -> 1
Cell (virus_983923,host_1884717): 0 -> 1
Cell (virus_983923,host_208969): 0 -> 1
Cell (virus_983923,host_148094): 0 -> 1
Cell (virus_983923,host_410852): 0 -> 1
Cell (virus_983923,host_27634): 0 -> 1
Cell (virus_983923,host_40228): 0 -> 1
Cell (virus_983923,host_40230): 0 -> 1
Cell (virus_983923,host_51012): 0 -> 1
Cell (virus_983923,host_27660): 0 -> 1
Cell (virus_983923,host_177162): 0 -> 1
Cell (virus_983923,host_27642): 0 -> 1
Cell (virus_983923,host_148061): 0 -> 1
Cell (virus_983923,host_94961): 0 -> 1
Cell (virus_983923,host_221086): 0 -> 1
Cell (virus_983923,host_3041509): 0 -> 1
Cell (virus_983923,host_258867): 0 -> 1
Cell (virus_983923,host_452595): 0 -> 1
Cell (virus_983923,host_3370289): 0 -> 1
Cell (virus_983923,host_9438): 0 -> 1
Cell (virus_983923,host_249033): 0 -> 1
Cell (virus_983923,host_29078): 0 -> 1
Cell (virus_983923,host_2969767): 0 -> 1
Cell (virus_983923,host_3371016): 0 -> 1
Cell (virus_983923,host_3371021): 0 -> 1
Cell (virus_983923,host_999321): 0 -> 1
Cell (virus_983923,host_59485): 0 -> 1
Cell (virus_3433749,host_105295): 0 -> 1
Cell (virus_3433749,host_51300): 0 -> 1
Cell (virus_3433749,host_59473): 0 -> 1
Cell (virus_3433749,host_3380546): 0 -> 1
Cell (virus_3433749,host_59463): 0 -> 1
Cell (virus_3433749,host_160974): 0 -> 1
Cell (virus_3433749,host_1633875): 0 -> 1
Cell (virus_3433749,host_412095): 0 -> 1
Cell (virus_3433749,host_51298): 0 -> 1
Cell (virus_3433749,host_392004): 0 -> 1
Cell (virus_3433749,host_385037): 0 -> 1
Cell (virus_3433749,host_2015597): 0 -> 1
Cell (virus_3433749,host_1207989): 0 -> 1
Cell (virus_3433749,host_188569): 0 -> 1
Cell (virus_3433749,host_59453): 0 -> 1
Cell (virus_3433749,host_186991): 0 -> 1
Cell (virus_3433749,host_270698): 0 -> 1
Cell (virus_3433749,host_463808): 0 -> 1
Cell (virus_3433749,host_376555): 0 -> 1
Cell (virus_3433749,host_169756): 0 -> 1
Cell (virus_3433749,host_337452): 0 -> 1
Cell (virus_3433749,host_76837): 0 -> 1
Cell (virus_3433749,host_76834): 0 -> 1
Cell (virus_3433749,host_608708): 0 -> 1
Cell (virus_3433749,host_59477): 0 -> 1
Cell (virus_3433749,host_249024): 0 -> 1
Cell (virus_3433749,host_2603866): 0 -> 1
Cell (virus_3433749,host_302408): 0 -> 1
Cell (virus_3433749,host_59479): 0 -> 1
Cell (virus_3433749,host_342862): 0 -> 1
Cell (virus_3433749,host_519037): 0 -> 1
Cell (virus_3433749,host_337453): 0 -> 1
Cell (virus_3433749,host_77218): 0 -> 1
Cell (virus_3433749,host_132908): 0 -> 1
Cell (virus_3433749,host_385575): 0 -> 1
Cell (virus_3433749,host_328804): 0 -> 1
Cell (virus_3433749,host_9403): 0 -> 1
Cell (virus_3433749,host_1898389): 0 -> 1
Cell (virus_3433749,host_77231): 0 -> 1
Cell (virus_3433749,host_372077): 0 -> 1
Cell (virus_3433749,host_58067): 0 -> 1
Cell (virus_3433749,host_498220): 0 -> 1
Cell (virus_3433749,host_58071): 0 -> 1
Cell (virus_3433749,host_1898393): 0 -> 1
Cell (virus_3433749,host_77223): 0 -> 1
Cell (virus_3433749,host_9408): 0 -> 1
Cell (virus_3433749,host_77214): 0 -> 1
Cell (virus_3433749,host_326151): 0 -> 1
Cell (virus_3433749,host_1381355): 0 -> 1
Cell (virus_3433749,host_94956): 0 -> 1
Cell (virus_3433749,host_1884717): 0 -> 1
Cell (virus_3433749,host_208969): 0 -> 1
Cell (virus_3433749,host_148094): 0 -> 1
Cell (virus_3433749,host_410852): 0 -> 1
Cell (virus_3433749,host_27634): 0 -> 1
Cell (virus_3433749,host_40230): 0 -> 1
Cell (virus_3433749,host_51012): 0 -> 1
Cell (virus_3433749,host_27660): 0 -> 1
Cell (virus_3433749,host_177162): 0 -> 1
Cell (virus_3433749,host_27642): 0 -> 1
Cell (virus_3433749,host_148061): 0 -> 1
Cell (virus_3433749,host_9430): 0 -> 1
Cell (virus_3433749,host_3042450): 0 -> 1
Cell (virus_3433749,host_3371013): 0 -> 1
Cell (virus_3433749,host_221086): 0 -> 1
Cell (virus_3433749,host_291302): 0 -> 1
Cell (virus_3433749,host_187007): 0 -> 1
Cell (virus_3433749,host_452595): 0 -> 1
Cell (virus_3433749,host_3370289): 0 -> 1
Cell (virus_3433749,host_9438): 0 -> 1
Cell (virus_3433749,host_249033): 0 -> 1
Cell (virus_3433749,host_258909): 0 -> 1
Cell (virus_3433749,host_2969767): 0 -> 1
Cell (virus_3433749,host_3371016): 0 -> 1
Cell (virus_3433749,host_3371021): 0 -> 1
Cell (virus_3433749,host_999321): 0 -> 1
Cell (virus_3433749,host_867834): 0 -> 1
Cell (virus_3433749,host_526822): 0 -> 1
Cell (virus_3433749,host_59485): 0 -> 1
Cell (virus_1986198,host_105295): 0 -> 1
Cell (virus_1986198,host_51300): 0 -> 1
Cell (virus_1986198,host_59473): 0 -> 1
Cell (virus_1986198,host_3380546): 0 -> 1
Cell (virus_1986198,host_59463): 0 -> 1
Cell (virus_1986198,host_160974): 0 -> 1
Cell (virus_1986198,host_51298): 0 -> 1
Cell (virus_1986198,host_392004): 0 -> 1
Cell (virus_1986198,host_138979): 0 -> 1
Cell (virus_1986198,host_385037): 0 -> 1
Cell (virus_1986198,host_187017): 0 -> 1
Cell (virus_1986198,host_1207989): 0 -> 1
Cell (virus_1986198,host_188569): 0 -> 1
Cell (virus_1986198,host_59453): 0 -> 1
Cell (virus_1986198,host_186991): 0 -> 1
Cell (virus_1986198,host_270698): 0 -> 1
Cell (virus_1986198,host_463808): 0 -> 1
Cell (virus_1986198,host_376555): 0 -> 1
Cell (virus_1986198,host_169756): 0 -> 1
Cell (virus_1986198,host_337452): 0 -> 1
Cell (virus_1986198,host_76837): 0 -> 1
Cell (virus_1986198,host_76834): 0 -> 1
Cell (virus_1986198,host_608708): 0 -> 1
Cell (virus_1986198,host_476589): 0 -> 1
Cell (virus_1986198,host_249024): 0 -> 1
Cell (virus_1986198,host_2603865): 0 -> 1
Cell (virus_1986198,host_302408): 0 -> 1
Cell (virus_1986198,host_59479): 0 -> 1
Cell (virus_1986198,host_342862): 0 -> 1
Cell (virus_1986198,host_519037): 0 -> 1
Cell (virus_1986198,host_337453): 0 -> 1
Cell (virus_1986198,host_77218): 0 -> 1
Cell (virus_1986198,host_549403): 0 -> 1
Cell (virus_1986198,host_132908): 0 -> 1
Cell (virus_1986198,host_166054): 0 -> 1
Cell (virus_1986198,host_385575): 0 -> 1
Cell (virus_1986198,host_328804): 0 -> 1
Cell (virus_1986198,host_9403): 0 -> 1
Cell (virus_1986198,host_58057): 0 -> 1
Cell (virus_1986198,host_1898389): 0 -> 1
Cell (virus_1986198,host_77231): 0 -> 1
Cell (virus_1986198,host_372077): 0 -> 1
Cell (virus_1986198,host_58067): 0 -> 1
Cell (virus_1986198,host_498220): 0 -> 1
Cell (virus_1986198,host_77223): 0 -> 1
Cell (virus_1986198,host_9408): 0 -> 1
Cell (virus_1986198,host_77214): 0 -> 1
Cell (virus_1986198,host_326151): 0 -> 1
Cell (virus_1986198,host_1381355): 0 -> 1
Cell (virus_1986198,host_1884717): 0 -> 1
Cell (virus_1986198,host_208969): 0 -> 1
Cell (virus_1986198,host_148094): 0 -> 1
Cell (virus_1986198,host_410852): 0 -> 1
Cell (virus_1986198,host_27634): 0 -> 1
Cell (virus_1986198,host_40230): 0 -> 1
Cell (virus_1986198,host_51012): 0 -> 1
Cell (virus_1986198,host_27660): 0 -> 1
Cell (virus_1986198,host_177162): 0 -> 1
Cell (virus_1986198,host_27638): 0 -> 1
Cell (virus_1986198,host_27642): 0 -> 1
Cell (virus_1986198,host_148061): 0 -> 1
Cell (virus_1986198,host_3371013): 0 -> 1
Cell (virus_1986198,host_9414): 0 -> 1
Cell (virus_1986198,host_291302): 0 -> 1
Cell (virus_1986198,host_187007): 0 -> 1
Cell (virus_1986198,host_258867): 0 -> 1
Cell (virus_1986198,host_3370289): 0 -> 1
Cell (virus_1986198,host_9438): 0 -> 1
Cell (virus_1986198,host_249033): 0 -> 1
Cell (virus_1986198,host_258930): 0 -> 1
Cell (virus_1986198,host_29078): 0 -> 1
Cell (virus_1986198,host_3371016): 0 -> 1
Cell (virus_1986198,host_3371021): 0 -> 1
Cell (virus_1986198,host_59474): 0 -> 1
Cell (virus_1986198,host_999321): 0 -> 1
Cell (virus_1986198,host_867834): 0 -> 1
Cell (virus_1986198,host_526822): 0 -> 1
Cell (virus_1986198,host_59485): 0 -> 1
Cell (virus_3433814,host_105295): 0 -> 1
Cell (virus_3433814,host_51300): 0 -> 1
Cell (virus_3433814,host_59473): 0 -> 1
Cell (virus_3433814,host_3380546): 0 -> 1
Cell (virus_3433814,host_109480): 0 -> 1
Cell (virus_3433814,host_160974): 0 -> 1
Cell (virus_3433814,host_51298): 0 -> 1
Cell (virus_3433814,host_392004): 0 -> 1
Cell (virus_3433814,host_138979): 0 -> 1
Cell (virus_3433814,host_187017): 0 -> 1
Cell (virus_3433814,host_1207989): 0 -> 1
Cell (virus_3433814,host_188569): 0 -> 1
Cell (virus_3433814,host_59453): 0 -> 1
Cell (virus_3433814,host_270698): 0 -> 1
Cell (virus_3433814,host_463808): 0 -> 1
Cell (virus_3433814,host_376555): 0 -> 1
Cell (virus_3433814,host_169756): 0 -> 1
Cell (virus_3433814,host_76837): 0 -> 1
Cell (virus_3433814,host_320431): 0 -> 1
Cell (virus_3433814,host_76834): 0 -> 1
Cell (virus_3433814,host_608708): 0 -> 1
Cell (virus_3433814,host_2603866): 0 -> 1
Cell (virus_3433814,host_302408): 0 -> 1
Cell (virus_3433814,host_49443): 0 -> 1
Cell (virus_3433814,host_59479): 0 -> 1
Cell (virus_3433814,host_342862): 0 -> 1
Cell (virus_3433814,host_519037): 0 -> 1
Cell (virus_3433814,host_337453): 0 -> 1
Cell (virus_3433814,host_77218): 0 -> 1
Cell (virus_3433814,host_549403): 0 -> 1
Cell (virus_3433814,host_132908): 0 -> 1
Cell (virus_3433814,host_328804): 0 -> 1
Cell (virus_3433814,host_9403): 0 -> 1
Cell (virus_3433814,host_58057): 0 -> 1
Cell (virus_3433814,host_1898389): 0 -> 1
Cell (virus_3433814,host_77231): 0 -> 1
Cell (virus_3433814,host_372077): 0 -> 1
Cell (virus_3433814,host_58067): 0 -> 1
Cell (virus_3433814,host_498220): 0 -> 1
Cell (virus_3433814,host_58071): 0 -> 1
Cell (virus_3433814,host_1898393): 0 -> 1
Cell (virus_3433814,host_77223): 0 -> 1
Cell (virus_3433814,host_9408): 0 -> 1
Cell (virus_3433814,host_77214): 0 -> 1
Cell (virus_3433814,host_1381355): 0 -> 1
Cell (virus_3433814,host_187003): 0 -> 1
Cell (virus_3433814,host_1884717): 0 -> 1
Cell (virus_3433814,host_208969): 0 -> 1
Cell (virus_3433814,host_148094): 0 -> 1
Cell (virus_3433814,host_27634): 0 -> 1
Cell (virus_3433814,host_40230): 0 -> 1
Cell (virus_3433814,host_51012): 0 -> 1
Cell (virus_3433814,host_27660): 0 -> 1
Cell (virus_3433814,host_177162): 0 -> 1
Cell (virus_3433814,host_27638): 0 -> 1
Cell (virus_3433814,host_27642): 0 -> 1
Cell (virus_3433814,host_148061): 0 -> 1
Cell (virus_3433814,host_148089): 0 -> 1
Cell (virus_3433814,host_3371013): 0 -> 1
Cell (virus_3433814,host_9414): 0 -> 1
Cell (virus_3433814,host_291302): 0 -> 1
Cell (virus_3433814,host_187007): 0 -> 1
Cell (virus_3433814,host_438766): 0 -> 1
Cell (virus_3433814,host_258867): 0 -> 1
Cell (virus_3433814,host_452595): 0 -> 1
Cell (virus_3433814,host_3370289): 0 -> 1
Cell (virus_3433814,host_9438): 0 -> 1
Cell (virus_3433814,host_249033): 0 -> 1
Cell (virus_3433814,host_258930): 0 -> 1
Cell (virus_3433814,host_909369): 0 -> 1
Cell (virus_3433814,host_29078): 0 -> 1
Cell (virus_3433814,host_2969767): 0 -> 1
Cell (virus_3433814,host_3371016): 0 -> 1
Cell (virus_3433814,host_3371021): 0 -> 1
Cell (virus_3433814,host_59474): 0 -> 1
Cell (virus_3433814,host_999321): 0 -> 1
Cell (virus_3433814,host_867834): 0 -> 1
Cell (virus_3433814,host_526822): 0 -> 1
Cell (virus_3433814,host_59485): 0 -> 1
Cell (virus_693997,host_105295): 0 -> 1
Cell (virus_693997,host_51300): 0 -> 1
Cell (virus_693997,host_59473): 0 -> 1
Cell (virus_693997,host_3380546): 0 -> 1
Cell (virus_693997,host_109480): 0 -> 1
Cell (virus_693997,host_160974): 0 -> 1
Cell (virus_693997,host_51298): 0 -> 1
Cell (virus_693997,host_392004): 0 -> 1
Cell (virus_693997,host_138979): 0 -> 1
Cell (virus_693997,host_187017): 0 -> 1
Cell (virus_693997,host_1207989): 0 -> 1
Cell (virus_693997,host_188569): 0 -> 1
Cell (virus_693997,host_59453): 0 -> 1
Cell (virus_693997,host_270698): 0 -> 1
Cell (virus_693997,host_463808): 0 -> 1
Cell (virus_693997,host_376555): 0 -> 1
Cell (virus_693997,host_169756): 0 -> 1
Cell (virus_693997,host_76837): 0 -> 1
Cell (virus_693997,host_320431): 0 -> 1
Cell (virus_693997,host_76834): 0 -> 1
Cell (virus_693997,host_608708): 0 -> 1
Cell (virus_693997,host_2603866): 0 -> 1
Cell (virus_693997,host_302408): 0 -> 1
Cell (virus_693997,host_49443): 0 -> 1
Cell (virus_693997,host_59479): 0 -> 1
Cell (virus_693997,host_342862): 0 -> 1
Cell (virus_693997,host_519037): 0 -> 1
Cell (virus_693997,host_337453): 0 -> 1
Cell (virus_693997,host_77218): 0 -> 1
Cell (virus_693997,host_549403): 0 -> 1
Cell (virus_693997,host_132908): 0 -> 1
Cell (virus_693997,host_328804): 0 -> 1
Cell (virus_693997,host_9403): 0 -> 1
Cell (virus_693997,host_58057): 0 -> 1
Cell (virus_693997,host_1898389): 0 -> 1
Cell (virus_693997,host_77231): 0 -> 1
Cell (virus_693997,host_372077): 0 -> 1
Cell (virus_693997,host_58067): 0 -> 1
Cell (virus_693997,host_498220): 0 -> 1
Cell (virus_693997,host_58071): 0 -> 1
Cell (virus_693997,host_1898393): 0 -> 1
Cell (virus_693997,host_77223): 0 -> 1
Cell (virus_693997,host_9408): 0 -> 1
Cell (virus_693997,host_77214): 0 -> 1
Cell (virus_693997,host_1381355): 0 -> 1
Cell (virus_693997,host_187003): 0 -> 1
Cell (virus_693997,host_1884717): 0 -> 1
Cell (virus_693997,host_208969): 0 -> 1
Cell (virus_693997,host_148094): 0 -> 1
Cell (virus_693997,host_27634): 0 -> 1
Cell (virus_693997,host_40230): 0 -> 1
Cell (virus_693997,host_51012): 0 -> 1
Cell (virus_693997,host_27660): 0 -> 1
Cell (virus_693997,host_177162): 0 -> 1
Cell (virus_693997,host_27638): 0 -> 1
Cell (virus_693997,host_27642): 0 -> 1
Cell (virus_693997,host_148061): 0 -> 1
Cell (virus_693997,host_148089): 0 -> 1
Cell (virus_693997,host_3371013): 0 -> 1
Cell (virus_693997,host_9414): 0 -> 1
Cell (virus_693997,host_291302): 0 -> 1
Cell (virus_693997,host_187007): 0 -> 1
Cell (virus_693997,host_438766): 0 -> 1
Cell (virus_693997,host_258867): 0 -> 1
Cell (virus_693997,host_452595): 0 -> 1
Cell (virus_693997,host_3370289): 0 -> 1
Cell (virus_693997,host_9438): 0 -> 1
Cell (virus_693997,host_249033): 0 -> 1
Cell (virus_693997,host_258930): 0 -> 1
Cell (virus_693997,host_909369): 0 -> 1
Cell (virus_693997,host_29078): 0 -> 1
Cell (virus_693997,host_2969767): 0 -> 1
Cell (virus_693997,host_3371016): 0 -> 1
Cell (virus_693997,host_3371021): 0 -> 1
Cell (virus_693997,host_59474): 0 -> 1
Cell (virus_693997,host_999321): 0 -> 1
Cell (virus_693997,host_867834): 0 -> 1
Cell (virus_693997,host_526822): 0 -> 1
Cell (virus_693997,host_59485): 0 -> 1
Cell (virus_2913386,host_105295): 0 -> 1
Cell (virus_2913386,host_51300): 0 -> 1
Cell (virus_2913386,host_59473): 0 -> 1
Cell (virus_2913386,host_3380546): 0 -> 1
Cell (virus_2913386,host_59463): 0 -> 1
Cell (virus_2913386,host_160974): 0 -> 1
Cell (virus_2913386,host_1633875): 0 -> 1
Cell (virus_2913386,host_2528591): 0 -> 1
Cell (virus_2913386,host_412095): 0 -> 1
Cell (virus_2913386,host_51298): 0 -> 1
Cell (virus_2913386,host_392004): 0 -> 1
Cell (virus_2913386,host_138979): 0 -> 1
Cell (virus_2913386,host_385037): 0 -> 1
Cell (virus_2913386,host_2015597): 0 -> 1
Cell (virus_2913386,host_187017): 0 -> 1
Cell (virus_2913386,host_188568): 0 -> 1
Cell (virus_2913386,host_1207989): 0 -> 1
Cell (virus_2913386,host_59453): 0 -> 1
Cell (virus_2913386,host_186991): 0 -> 1
Cell (virus_2913386,host_270698): 0 -> 1
Cell (virus_2913386,host_463808): 0 -> 1
Cell (virus_2913386,host_58069): 0 -> 1
Cell (virus_2913386,host_376555): 0 -> 1
Cell (virus_2913386,host_169756): 0 -> 1
Cell (virus_2913386,host_337452): 0 -> 1
Cell (virus_2913386,host_76837): 0 -> 1
Cell (virus_2913386,host_76834): 0 -> 1
Cell (virus_2913386,host_608708): 0 -> 1
Cell (virus_2913386,host_59477): 0 -> 1
Cell (virus_2913386,host_249024): 0 -> 1
Cell (virus_2913386,host_2603866): 0 -> 1
Cell (virus_2913386,host_302408): 0 -> 1
Cell (virus_2913386,host_49443): 0 -> 1
Cell (virus_2913386,host_59479): 0 -> 1
Cell (virus_2913386,host_342862): 0 -> 1
Cell (virus_2913386,host_519037): 0 -> 1
Cell (virus_2913386,host_337453): 0 -> 1
Cell (virus_2913386,host_77218): 0 -> 1
Cell (virus_2913386,host_549403): 0 -> 1
Cell (virus_2913386,host_132908): 0 -> 1
Cell (virus_2913386,host_385575): 0 -> 1
Cell (virus_2913386,host_328804): 0 -> 1
Cell (virus_2913386,host_9403): 0 -> 1
Cell (virus_2913386,host_58057): 0 -> 1
Cell (virus_2913386,host_1898389): 0 -> 1
Cell (virus_2913386,host_77231): 0 -> 1
Cell (virus_2913386,host_372077): 0 -> 1
Cell (virus_2913386,host_58067): 0 -> 1
Cell (virus_2913386,host_498220): 0 -> 1
Cell (virus_2913386,host_58071): 0 -> 1
Cell (virus_2913386,host_1898393): 0 -> 1
Cell (virus_2913386,host_77223): 0 -> 1
Cell (virus_2913386,host_9408): 0 -> 1
Cell (virus_2913386,host_77214): 0 -> 1
Cell (virus_2913386,host_1381355): 0 -> 1
Cell (virus_2913386,host_187003): 0 -> 1
Cell (virus_2913386,host_208969): 0 -> 1
Cell (virus_2913386,host_148094): 0 -> 1
Cell (virus_2913386,host_410852): 0 -> 1
Cell (virus_2913386,host_27634): 0 -> 1
Cell (virus_2913386,host_40230): 0 -> 1
Cell (virus_2913386,host_51012): 0 -> 1
Cell (virus_2913386,host_27660): 0 -> 1
Cell (virus_2913386,host_27638): 0 -> 1
Cell (virus_2913386,host_27642): 0 -> 1
Cell (virus_2913386,host_148061): 0 -> 1
Cell (virus_2913386,host_3042450): 0 -> 1
Cell (virus_2913386,host_3371013): 0 -> 1
Cell (virus_2913386,host_221086): 0 -> 1
Cell (virus_2913386,host_291302): 0 -> 1
Cell (virus_2913386,host_187007): 0 -> 1
Cell (virus_2913386,host_438766): 0 -> 1
Cell (virus_2913386,host_452595): 0 -> 1
Cell (virus_2913386,host_3370289): 0 -> 1
Cell (virus_2913386,host_9438): 0 -> 1
Cell (virus_2913386,host_249033): 0 -> 1
Cell (virus_2913386,host_258930): 0 -> 1
Cell (virus_2913386,host_29078): 0 -> 1
Cell (virus_2913386,host_2969767): 0 -> 1
Cell (virus_2913386,host_3371016): 0 -> 1
Cell (virus_2913386,host_3371021): 0 -> 1
Cell (virus_2913386,host_999321): 0 -> 1
Cell (virus_2913386,host_867834): 0 -> 1
Cell (virus_2913386,host_526822): 0 -> 1
Cell (virus_2913386,host_59485): 0 -> 1
Cell (virus_2925879,host_105295): 0 -> 1
Cell (virus_2925879,host_51300): 0 -> 1
Cell (virus_2925879,host_59473): 0 -> 1
Cell (virus_2925879,host_3380546): 0 -> 1
Cell (virus_2925879,host_59463): 0 -> 1
Cell (virus_2925879,host_160974): 0 -> 1
Cell (virus_2925879,host_1633875): 0 -> 1
Cell (virus_2925879,host_2528591): 0 -> 1
Cell (virus_2925879,host_412095): 0 -> 1
Cell (virus_2925879,host_51298): 0 -> 1
Cell (virus_2925879,host_392004): 0 -> 1
Cell (virus_2925879,host_138979): 0 -> 1
Cell (virus_2925879,host_385037): 0 -> 1
Cell (virus_2925879,host_2015597): 0 -> 1
Cell (virus_2925879,host_187017): 0 -> 1
Cell (virus_2925879,host_188568): 0 -> 1
Cell (virus_2925879,host_1207989): 0 -> 1
Cell (virus_2925879,host_59453): 0 -> 1
Cell (virus_2925879,host_186991): 0 -> 1
Cell (virus_2925879,host_270698): 0 -> 1
Cell (virus_2925879,host_463808): 0 -> 1
Cell (virus_2925879,host_58069): 0 -> 1
Cell (virus_2925879,host_376555): 0 -> 1
Cell (virus_2925879,host_169756): 0 -> 1
Cell (virus_2925879,host_337452): 0 -> 1
Cell (virus_2925879,host_76837): 0 -> 1
Cell (virus_2925879,host_320431): 0 -> 1
Cell (virus_2925879,host_608708): 0 -> 1
Cell (virus_2925879,host_59477): 0 -> 1
Cell (virus_2925879,host_249024): 0 -> 1
Cell (virus_2925879,host_2603866): 0 -> 1
Cell (virus_2925879,host_302408): 0 -> 1
Cell (virus_2925879,host_49443): 0 -> 1
Cell (virus_2925879,host_59479): 0 -> 1
Cell (virus_2925879,host_342862): 0 -> 1
Cell (virus_2925879,host_519037): 0 -> 1
Cell (virus_2925879,host_337453): 0 -> 1
Cell (virus_2925879,host_77218): 0 -> 1
Cell (virus_2925879,host_549403): 0 -> 1
Cell (virus_2925879,host_132908): 0 -> 1
Cell (virus_2925879,host_385575): 0 -> 1
Cell (virus_2925879,host_328804): 0 -> 1
Cell (virus_2925879,host_9403): 0 -> 1
Cell (virus_2925879,host_58057): 0 -> 1
Cell (virus_2925879,host_1898389): 0 -> 1
Cell (virus_2925879,host_77231): 0 -> 1
Cell (virus_2925879,host_372077): 0 -> 1
Cell (virus_2925879,host_58067): 0 -> 1
Cell (virus_2925879,host_498220): 0 -> 1
Cell (virus_2925879,host_58071): 0 -> 1
Cell (virus_2925879,host_1898393): 0 -> 1
Cell (virus_2925879,host_77223): 0 -> 1
Cell (virus_2925879,host_9408): 0 -> 1
Cell (virus_2925879,host_77214): 0 -> 1
Cell (virus_2925879,host_1381355): 0 -> 1
Cell (virus_2925879,host_187003): 0 -> 1
Cell (virus_2925879,host_1884717): 0 -> 1
Cell (virus_2925879,host_208969): 0 -> 1
Cell (virus_2925879,host_148094): 0 -> 1
Cell (virus_2925879,host_410852): 0 -> 1
Cell (virus_2925879,host_27634): 0 -> 1
Cell (virus_2925879,host_40230): 0 -> 1
Cell (virus_2925879,host_51012): 0 -> 1
Cell (virus_2925879,host_27660): 0 -> 1
Cell (virus_2925879,host_27638): 0 -> 1
Cell (virus_2925879,host_27642): 0 -> 1
Cell (virus_2925879,host_148061): 0 -> 1
Cell (virus_2925879,host_3371013): 0 -> 1
Cell (virus_2925879,host_221086): 0 -> 1
Cell (virus_2925879,host_291302): 0 -> 1
Cell (virus_2925879,host_187007): 0 -> 1
Cell (virus_2925879,host_438766): 0 -> 1
Cell (virus_2925879,host_452595): 0 -> 1
Cell (virus_2925879,host_3370289): 0 -> 1
Cell (virus_2925879,host_9438): 0 -> 1
Cell (virus_2925879,host_249033): 0 -> 1
Cell (virus_2925879,host_258930): 0 -> 1
Cell (virus_2925879,host_29078): 0 -> 1
Cell (virus_2925879,host_3371016): 0 -> 1
Cell (virus_2925879,host_3371021): 0 -> 1
Cell (virus_2925879,host_999321): 0 -> 1
Cell (virus_2925879,host_867834): 0 -> 1
Cell (virus_2925879,host_526822): 0 -> 1
Cell (virus_2925879,host_59485): 0 -> 1
Cell (virus_2993505,host_105295): 0 -> 1
Cell (virus_2993505,host_51300): 0 -> 1
Cell (virus_2993505,host_59473): 0 -> 1
Cell (virus_2993505,host_3380546): 0 -> 1
Cell (virus_2993505,host_59463): 0 -> 1
Cell (virus_2993505,host_160974): 0 -> 1
Cell (virus_2993505,host_1633875): 0 -> 1
Cell (virus_2993505,host_2528591): 0 -> 1
Cell (virus_2993505,host_412095): 0 -> 1
Cell (virus_2993505,host_392004): 0 -> 1
Cell (virus_2993505,host_138979): 0 -> 1
Cell (virus_2993505,host_385037): 0 -> 1
Cell (virus_2993505,host_187017): 0 -> 1
Cell (virus_2993505,host_188568): 0 -> 1
Cell (virus_2993505,host_1207989): 0 -> 1
Cell (virus_2993505,host_59453): 0 -> 1
Cell (virus_2993505,host_186991): 0 -> 1
Cell (virus_2993505,host_270698): 0 -> 1
Cell (virus_2993505,host_463808): 0 -> 1
Cell (virus_2993505,host_58069): 0 -> 1
Cell (virus_2993505,host_376555): 0 -> 1
Cell (virus_2993505,host_169756): 0 -> 1
Cell (virus_2993505,host_337452): 0 -> 1
Cell (virus_2993505,host_76837): 0 -> 1
Cell (virus_2993505,host_76834): 0 -> 1
Cell (virus_2993505,host_608708): 0 -> 1
Cell (virus_2993505,host_59477): 0 -> 1
Cell (virus_2993505,host_249024): 0 -> 1
Cell (virus_2993505,host_2603866): 0 -> 1
Cell (virus_2993505,host_302408): 0 -> 1
Cell (virus_2993505,host_49443): 0 -> 1
Cell (virus_2993505,host_59479): 0 -> 1
Cell (virus_2993505,host_342862): 0 -> 1
Cell (virus_2993505,host_519037): 0 -> 1
Cell (virus_2993505,host_337453): 0 -> 1
Cell (virus_2993505,host_77218): 0 -> 1
Cell (virus_2993505,host_549403): 0 -> 1
Cell (virus_2993505,host_132908): 0 -> 1
Cell (virus_2993505,host_385575): 0 -> 1
Cell (virus_2993505,host_9403): 0 -> 1
Cell (virus_2993505,host_58057): 0 -> 1
Cell (virus_2993505,host_1898389): 0 -> 1
Cell (virus_2993505,host_77231): 0 -> 1
Cell (virus_2993505,host_372077): 0 -> 1
Cell (virus_2993505,host_58067): 0 -> 1
Cell (virus_2993505,host_498220): 0 -> 1
Cell (virus_2993505,host_58071): 0 -> 1
Cell (virus_2993505,host_1898393): 0 -> 1
Cell (virus_2993505,host_77223): 0 -> 1
Cell (virus_2993505,host_9408): 0 -> 1
Cell (virus_2993505,host_77214): 0 -> 1
Cell (virus_2993505,host_1381355): 0 -> 1
Cell (virus_2993505,host_187003): 0 -> 1
Cell (virus_2993505,host_1884717): 0 -> 1
Cell (virus_2993505,host_208969): 0 -> 1
Cell (virus_2993505,host_148094): 0 -> 1
Cell (virus_2993505,host_410852): 0 -> 1
Cell (virus_2993505,host_40230): 0 -> 1
Cell (virus_2993505,host_51012): 0 -> 1
Cell (virus_2993505,host_27660): 0 -> 1
Cell (virus_2993505,host_177162): 0 -> 1
Cell (virus_2993505,host_27638): 0 -> 1
Cell (virus_2993505,host_27642): 0 -> 1
Cell (virus_2993505,host_148061): 0 -> 1
Cell (virus_2993505,host_3042450): 0 -> 1
Cell (virus_2993505,host_3371013): 0 -> 1
Cell (virus_2993505,host_221086): 0 -> 1
Cell (virus_2993505,host_291302): 0 -> 1
Cell (virus_2993505,host_187007): 0 -> 1
Cell (virus_2993505,host_438766): 0 -> 1
Cell (virus_2993505,host_452595): 0 -> 1
Cell (virus_2993505,host_3370289): 0 -> 1
Cell (virus_2993505,host_9438): 0 -> 1
Cell (virus_2993505,host_249033): 0 -> 1
Cell (virus_2993505,host_258930): 0 -> 1
Cell (virus_2993505,host_29078): 0 -> 1
Cell (virus_2993505,host_2969767): 0 -> 1
Cell (virus_2993505,host_3371016): 0 -> 1
Cell (virus_2993505,host_3371021): 0 -> 1
Cell (virus_2993505,host_999321): 0 -> 1
Cell (virus_2993505,host_867834): 0 -> 1
Cell (virus_2993505,host_526822): 0 -> 1
Cell (virus_2993505,host_59485): 0 -> 1
Cell (virus_3433731,host_105295): 0 -> 1
Cell (virus_3433731,host_51300): 0 -> 1
Cell (virus_3433731,host_59473): 0 -> 1
Cell (virus_3433731,host_3380546): 0 -> 1
Cell (virus_3433731,host_59463): 0 -> 1
Cell (virus_3433731,host_160974): 0 -> 1
Cell (virus_3433731,host_1633875): 0 -> 1
Cell (virus_3433731,host_2528591): 0 -> 1
Cell (virus_3433731,host_109482): 0 -> 1
Cell (virus_3433731,host_392004): 0 -> 1
Cell (virus_3433731,host_138979): 0 -> 1
Cell (virus_3433731,host_187017): 0 -> 1
Cell (virus_3433731,host_1207989): 0 -> 1
Cell (virus_3433731,host_186991): 0 -> 1
Cell (virus_3433731,host_270698): 0 -> 1
Cell (virus_3433731,host_463808): 0 -> 1
Cell (virus_3433731,host_58069): 0 -> 1
Cell (virus_3433731,host_376555): 0 -> 1
Cell (virus_3433731,host_169756): 0 -> 1
Cell (virus_3433731,host_476588): 0 -> 1
Cell (virus_3433731,host_337452): 0 -> 1
Cell (virus_3433731,host_76837): 0 -> 1
Cell (virus_3433731,host_76834): 0 -> 1
Cell (virus_3433731,host_608708): 0 -> 1
Cell (virus_3433731,host_59477): 0 -> 1
Cell (virus_3433731,host_249024): 0 -> 1
Cell (virus_3433731,host_2603866): 0 -> 1
Cell (virus_3433731,host_302408): 0 -> 1
Cell (virus_3433731,host_49443): 0 -> 1
Cell (virus_3433731,host_59479): 0 -> 1
Cell (virus_3433731,host_342862): 0 -> 1
Cell (virus_3433731,host_337453): 0 -> 1
Cell (virus_3433731,host_77218): 0 -> 1
Cell (virus_3433731,host_549403): 0 -> 1
Cell (virus_3433731,host_385575): 0 -> 1
Cell (virus_3433731,host_328804): 0 -> 1
Cell (virus_3433731,host_9403): 0 -> 1
Cell (virus_3433731,host_58057): 0 -> 1
Cell (virus_3433731,host_1898389): 0 -> 1
Cell (virus_3433731,host_77231): 0 -> 1
Cell (virus_3433731,host_372077): 0 -> 1
Cell (virus_3433731,host_58067): 0 -> 1
Cell (virus_3433731,host_498220): 0 -> 1
Cell (virus_3433731,host_58071): 0 -> 1
Cell (virus_3433731,host_1898393): 0 -> 1
Cell (virus_3433731,host_9408): 0 -> 1
Cell (virus_3433731,host_77214): 0 -> 1
Cell (virus_3433731,host_1381355): 0 -> 1
Cell (virus_3433731,host_187003): 0 -> 1
Cell (virus_3433731,host_1884717): 0 -> 1
Cell (virus_3433731,host_148094): 0 -> 1
Cell (virus_3433731,host_410852): 0 -> 1
Cell (virus_3433731,host_40230): 0 -> 1
Cell (virus_3433731,host_9417): 0 -> 1
Cell (virus_3433731,host_51012): 0 -> 1
Cell (virus_3433731,host_27660): 0 -> 1
Cell (virus_3433731,host_177162): 0 -> 1
Cell (virus_3433731,host_27638): 0 -> 1
Cell (virus_3433731,host_27642): 0 -> 1
Cell (virus_3433731,host_3371013): 0 -> 1
Cell (virus_3433731,host_221086): 0 -> 1
Cell (virus_3433731,host_291302): 0 -> 1
Cell (virus_3433731,host_221087): 0 -> 1
Cell (virus_3433731,host_187007): 0 -> 1
Cell (virus_3433731,host_438766): 0 -> 1
Cell (virus_3433731,host_452595): 0 -> 1
Cell (virus_3433731,host_9438): 0 -> 1
Cell (virus_3433731,host_249033): 0 -> 1
Cell (virus_3433731,host_258930): 0 -> 1
Cell (virus_3433731,host_29078): 0 -> 1
Cell (virus_3433731,host_2969767): 0 -> 1
Cell (virus_3433731,host_3371016): 0 -> 1
Cell (virus_3433731,host_3371021): 0 -> 1
Cell (virus_3433731,host_999321): 0 -> 1
Cell (virus_3433731,host_867834): 0 -> 1
Cell (virus_3433731,host_526822): 0 -> 1
Cell (virus_3433731,host_59485): 0 -> 1
Cell (virus_3433810,host_105295): 0 -> 1
Cell (virus_3433810,host_51300): 0 -> 1
Cell (virus_3433810,host_59473): 0 -> 1
Cell (virus_3433810,host_3380546): 0 -> 1
Cell (virus_3433810,host_59463): 0 -> 1
Cell (virus_3433810,host_1633875): 0 -> 1
Cell (virus_3433810,host_412095): 0 -> 1
Cell (virus_3433810,host_51298): 0 -> 1
Cell (virus_3433810,host_392004): 0 -> 1
Cell (virus_3433810,host_138979): 0 -> 1
Cell (virus_3433810,host_385037): 0 -> 1
Cell (virus_3433810,host_187017): 0 -> 1
Cell (virus_3433810,host_1207989): 0 -> 1
Cell (virus_3433810,host_59453): 0 -> 1
Cell (virus_3433810,host_186991): 0 -> 1
Cell (virus_3433810,host_270698): 0 -> 1
Cell (virus_3433810,host_463808): 0 -> 1
Cell (virus_3433810,host_376555): 0 -> 1
Cell (virus_3433810,host_169756): 0 -> 1
Cell (virus_3433810,host_337452): 0 -> 1
Cell (virus_3433810,host_76837): 0 -> 1
Cell (virus_3433810,host_76834): 0 -> 1
Cell (virus_3433810,host_608708): 0 -> 1
Cell (virus_3433810,host_59477): 0 -> 1
Cell (virus_3433810,host_249024): 0 -> 1
Cell (virus_3433810,host_2603866): 0 -> 1
Cell (virus_3433810,host_302408): 0 -> 1
Cell (virus_3433810,host_49443): 0 -> 1
Cell (virus_3433810,host_59479): 0 -> 1
Cell (virus_3433810,host_342862): 0 -> 1
Cell (virus_3433810,host_519037): 0 -> 1
Cell (virus_3433810,host_77218): 0 -> 1
Cell (virus_3433810,host_549403): 0 -> 1
Cell (virus_3433810,host_132908): 0 -> 1
Cell (virus_3433810,host_385575): 0 -> 1
Cell (virus_3433810,host_9403): 0 -> 1
Cell (virus_3433810,host_58057): 0 -> 1
Cell (virus_3433810,host_1898389): 0 -> 1
Cell (virus_3433810,host_77231): 0 -> 1
Cell (virus_3433810,host_372077): 0 -> 1
Cell (virus_3433810,host_58067): 0 -> 1
Cell (virus_3433810,host_498220): 0 -> 1
Cell (virus_3433810,host_448084): 0 -> 1
Cell (virus_3433810,host_58071): 0 -> 1
Cell (virus_3433810,host_1898393): 0 -> 1
Cell (virus_3433810,host_77223): 0 -> 1
Cell (virus_3433810,host_9408): 0 -> 1
Cell (virus_3433810,host_58065): 0 -> 1
Cell (virus_3433810,host_77214): 0 -> 1
Cell (virus_3433810,host_1381355): 0 -> 1
Cell (virus_3433810,host_187003): 0 -> 1
Cell (virus_3433810,host_208969): 0 -> 1
Cell (virus_3433810,host_148094): 0 -> 1
Cell (virus_3433810,host_410852): 0 -> 1
Cell (virus_3433810,host_27634): 0 -> 1
Cell (virus_3433810,host_40230): 0 -> 1
Cell (virus_3433810,host_51012): 0 -> 1
Cell (virus_3433810,host_27660): 0 -> 1
Cell (virus_3433810,host_177162): 0 -> 1
Cell (virus_3433810,host_27638): 0 -> 1
Cell (virus_3433810,host_27642): 0 -> 1
Cell (virus_3433810,host_148061): 0 -> 1
Cell (virus_3433810,host_94961): 0 -> 1
Cell (virus_3433810,host_3371013): 0 -> 1
Cell (virus_3433810,host_221086): 0 -> 1
Cell (virus_3433810,host_291302): 0 -> 1
Cell (virus_3433810,host_187007): 0 -> 1
Cell (virus_3433810,host_187008): 0 -> 1
Cell (virus_3433810,host_27622): 0 -> 1
Cell (virus_3433810,host_452595): 0 -> 1
Cell (virus_3433810,host_3370289): 0 -> 1
Cell (virus_3433810,host_9438): 0 -> 1
Cell (virus_3433810,host_249033): 0 -> 1
Cell (virus_3433810,host_258930): 0 -> 1
Cell (virus_3433810,host_29078): 0 -> 1
Cell (virus_3433810,host_2969767): 0 -> 1
Cell (virus_3433810,host_3371016): 0 -> 1
Cell (virus_3433810,host_3371021): 0 -> 1
Cell (virus_3433810,host_999321): 0 -> 1
Cell (virus_3433810,host_867834): 0 -> 1
Cell (virus_3433810,host_526822): 0 -> 1
Cell (virus_3433810,host_59485): 0 -> 1
Cell (virus_2913388,host_105295): 0 -> 1
Cell (virus_2913388,host_51300): 0 -> 1
Cell (virus_2913388,host_59473): 0 -> 1
Cell (virus_2913388,host_3380546): 0 -> 1
Cell (virus_2913388,host_59463): 0 -> 1
Cell (virus_2913388,host_160974): 0 -> 1
Cell (virus_2913388,host_1633875): 0 -> 1
Cell (virus_2913388,host_2528591): 0 -> 1
Cell (virus_2913388,host_412095): 0 -> 1
Cell (virus_2913388,host_51298): 0 -> 1
Cell (virus_2913388,host_392004): 0 -> 1
Cell (virus_2913388,host_138979): 0 -> 1
Cell (virus_2913388,host_225400): 0 -> 1
Cell (virus_2913388,host_385037): 0 -> 1
Cell (virus_2913388,host_187017): 0 -> 1
Cell (virus_2913388,host_1207989): 0 -> 1
Cell (virus_2913388,host_188569): 0 -> 1
Cell (virus_2913388,host_59453): 0 -> 1
Cell (virus_2913388,host_270698): 0 -> 1
Cell (virus_2913388,host_463808): 0 -> 1
Cell (virus_2913388,host_376555): 0 -> 1
Cell (virus_2913388,host_169756): 0 -> 1
Cell (virus_2913388,host_337452): 0 -> 1
Cell (virus_2913388,host_76837): 0 -> 1
Cell (virus_2913388,host_76834): 0 -> 1
Cell (virus_2913388,host_608708): 0 -> 1
Cell (virus_2913388,host_59477): 0 -> 1
Cell (virus_2913388,host_249024): 0 -> 1
Cell (virus_2913388,host_2603866): 0 -> 1
Cell (virus_2913388,host_302408): 0 -> 1
Cell (virus_2913388,host_49443): 0 -> 1
Cell (virus_2913388,host_59479): 0 -> 1
Cell (virus_2913388,host_342862): 0 -> 1
Cell (virus_2913388,host_519037): 0 -> 1
Cell (virus_2913388,host_337453): 0 -> 1
Cell (virus_2913388,host_77218): 0 -> 1
Cell (virus_2913388,host_549403): 0 -> 1
Cell (virus_2913388,host_132908): 0 -> 1
Cell (virus_2913388,host_385575): 0 -> 1
Cell (virus_2913388,host_328804): 0 -> 1
Cell (virus_2913388,host_9403): 0 -> 1
Cell (virus_2913388,host_58057): 0 -> 1
Cell (virus_2913388,host_1898389): 0 -> 1
Cell (virus_2913388,host_77231): 0 -> 1
Cell (virus_2913388,host_372077): 0 -> 1
Cell (virus_2913388,host_58067): 0 -> 1
Cell (virus_2913388,host_498220): 0 -> 1
Cell (virus_2913388,host_58071): 0 -> 1
Cell (virus_2913388,host_1898393): 0 -> 1
Cell (virus_2913388,host_77223): 0 -> 1
Cell (virus_2913388,host_9408): 0 -> 1
Cell (virus_2913388,host_77214): 0 -> 1
Cell (virus_2913388,host_1381355): 0 -> 1
Cell (virus_2913388,host_1884717): 0 -> 1
Cell (virus_2913388,host_208969): 0 -> 1
Cell (virus_2913388,host_148094): 0 -> 1
Cell (virus_2913388,host_410852): 0 -> 1
Cell (virus_2913388,host_27634): 0 -> 1
Cell (virus_2913388,host_40230): 0 -> 1
Cell (virus_2913388,host_9417): 0 -> 1
Cell (virus_2913388,host_51012): 0 -> 1
Cell (virus_2913388,host_27660): 0 -> 1
Cell (virus_2913388,host_177162): 0 -> 1
Cell (virus_2913388,host_27638): 0 -> 1
Cell (virus_2913388,host_27642): 0 -> 1
Cell (virus_2913388,host_148061): 0 -> 1
Cell (virus_2913388,host_94961): 0 -> 1
Cell (virus_2913388,host_3371013): 0 -> 1
Cell (virus_2913388,host_221086): 0 -> 1
Cell (virus_2913388,host_291302): 0 -> 1
Cell (virus_2913388,host_187007): 0 -> 1
Cell (virus_2913388,host_452595): 0 -> 1
Cell (virus_2913388,host_3370289): 0 -> 1
Cell (virus_2913388,host_9438): 0 -> 1
Cell (virus_2913388,host_29078): 0 -> 1
Cell (virus_2913388,host_2969767): 0 -> 1
Cell (virus_2913388,host_3371016): 0 -> 1
Cell (virus_2913388,host_3371021): 0 -> 1
Cell (virus_2913388,host_999321): 0 -> 1
Cell (virus_2913388,host_867834): 0 -> 1
Cell (virus_2913388,host_258889): 0 -> 1
Cell (virus_2913388,host_2491053): 0 -> 1
Cell (virus_2913388,host_526822): 0 -> 1
Cell (virus_2913388,host_59485): 0 -> 1
Cell (virus_3433756,host_105295): 0 -> 1
Cell (virus_3433756,host_51300): 0 -> 1
Cell (virus_3433756,host_59473): 0 -> 1
Cell (virus_3433756,host_3380546): 0 -> 1
Cell (virus_3433756,host_160974): 0 -> 1
Cell (virus_3433756,host_2528591): 0 -> 1
Cell (virus_3433756,host_412095): 0 -> 1
Cell (virus_3433756,host_51298): 0 -> 1
Cell (virus_3433756,host_392004): 0 -> 1
Cell (virus_3433756,host_138979): 0 -> 1
Cell (virus_3433756,host_225400): 0 -> 1
Cell (virus_3433756,host_385037): 0 -> 1
Cell (virus_3433756,host_187017): 0 -> 1
Cell (virus_3433756,host_1207989): 0 -> 1
Cell (virus_3433756,host_188569): 0 -> 1
Cell (virus_3433756,host_186991): 0 -> 1
Cell (virus_3433756,host_270698): 0 -> 1
Cell (virus_3433756,host_463808): 0 -> 1
Cell (virus_3433756,host_376555): 0 -> 1
Cell (virus_3433756,host_169756): 0 -> 1
Cell (virus_3433756,host_337452): 0 -> 1
Cell (virus_3433756,host_76837): 0 -> 1
Cell (virus_3433756,host_76834): 0 -> 1
Cell (virus_3433756,host_608708): 0 -> 1
Cell (virus_3433756,host_59477): 0 -> 1
Cell (virus_3433756,host_249024): 0 -> 1
Cell (virus_3433756,host_2603866): 0 -> 1
Cell (virus_3433756,host_302408): 0 -> 1
Cell (virus_3433756,host_49443): 0 -> 1
Cell (virus_3433756,host_59479): 0 -> 1
Cell (virus_3433756,host_342862): 0 -> 1
Cell (virus_3433756,host_519037): 0 -> 1
Cell (virus_3433756,host_337453): 0 -> 1
Cell (virus_3433756,host_430492): 0 -> 1
Cell (virus_3433756,host_77218): 0 -> 1
Cell (virus_3433756,host_549403): 0 -> 1
Cell (virus_3433756,host_132908): 0 -> 1
Cell (virus_3433756,host_385575): 0 -> 1
Cell (virus_3433756,host_328804): 0 -> 1
Cell (virus_3433756,host_9403): 0 -> 1
Cell (virus_3433756,host_58057): 0 -> 1
Cell (virus_3433756,host_1898389): 0 -> 1
Cell (virus_3433756,host_77231): 0 -> 1
Cell (virus_3433756,host_372077): 0 -> 1
Cell (virus_3433756,host_58067): 0 -> 1
Cell (virus_3433756,host_498220): 0 -> 1
Cell (virus_3433756,host_58071): 0 -> 1
Cell (virus_3433756,host_1898393): 0 -> 1
Cell (virus_3433756,host_77223): 0 -> 1
Cell (virus_3433756,host_9408): 0 -> 1
Cell (virus_3433756,host_77214): 0 -> 1
Cell (virus_3433756,host_1381355): 0 -> 1
Cell (virus_3433756,host_1884717): 0 -> 1
Cell (virus_3433756,host_208969): 0 -> 1
Cell (virus_3433756,host_148094): 0 -> 1
Cell (virus_3433756,host_410852): 0 -> 1
Cell (virus_3433756,host_27634): 0 -> 1
Cell (virus_3433756,host_40230): 0 -> 1
Cell (virus_3433756,host_9417): 0 -> 1
Cell (virus_3433756,host_51012): 0 -> 1
Cell (virus_3433756,host_192403): 0 -> 1
Cell (virus_3433756,host_27660): 0 -> 1
Cell (virus_3433756,host_177160): 0 -> 1
Cell (virus_3433756,host_177162): 0 -> 1
Cell (virus_3433756,host_27638): 0 -> 1
Cell (virus_3433756,host_27642): 0 -> 1
Cell (virus_3433756,host_148061): 0 -> 1
Cell (virus_3433756,host_94961): 0 -> 1
Cell (virus_3433756,host_3371013): 0 -> 1
Cell (virus_3433756,host_1434095): 0 -> 1
Cell (virus_3433756,host_221086): 0 -> 1
Cell (virus_3433756,host_291302): 0 -> 1
Cell (virus_3433756,host_187007): 0 -> 1
Cell (virus_3433756,host_452595): 0 -> 1
Cell (virus_3433756,host_3370289): 0 -> 1
Cell (virus_3433756,host_9438): 0 -> 1
Cell (virus_3433756,host_258930): 0 -> 1
Cell (virus_3433756,host_29078): 0 -> 1
Cell (virus_3433756,host_2969767): 0 -> 1
Cell (virus_3433756,host_3371016): 0 -> 1
Cell (virus_3433756,host_3371021): 0 -> 1
Cell (virus_3433756,host_999321): 0 -> 1
Cell (virus_3433756,host_867834): 0 -> 1
Cell (virus_3433756,host_258889): 0 -> 1
Cell (virus_3433756,host_2491053): 0 -> 1
Cell (virus_3433756,host_526822): 0 -> 1
Cell (virus_3433756,host_59485): 0 -> 1
Metrics: {'precision': 0.8784656796769852, 'recall': 0.8736447597376522, 'f1': 0.8760485873431313, 'TP': 6527, 'FP': 903, 'FN': 944}
[Elbow detection] flip ≈ 4894, λ ≈ 0.5510204081632653
Number of flips performed (elbow): 4894
Cell (virus_11137,host_105295): 0 -> 1
Cell (virus_11137,host_51300): 0 -> 1
Cell (virus_11137,host_59473): 0 -> 1
Cell (virus_11137,host_3380546): 0 -> 1
Cell (virus_11137,host_2528591): 0 -> 1
Cell (virus_11137,host_392004): 0 -> 1
Cell (virus_11137,host_138979): 0 -> 1
Cell (virus_11137,host_225400): 0 -> 1
Cell (virus_11137,host_385037): 0 -> 1
Cell (virus_11137,host_187017): 0 -> 1
Cell (virus_11137,host_186991): 0 -> 1
Cell (virus_11137,host_270698): 0 -> 1
Cell (virus_11137,host_463808): 0 -> 1
Cell (virus_11137,host_376555): 0 -> 1
Cell (virus_11137,host_169756): 0 -> 1
Cell (virus_11137,host_249024): 0 -> 1
Cell (virus_11137,host_337453): 0 -> 1
Cell (virus_11137,host_430492): 0 -> 1
Cell (virus_11137,host_77218): 0 -> 1
Cell (virus_11137,host_549403): 0 -> 1
Cell (virus_11137,host_132908): 0 -> 1
Cell (virus_11137,host_385575): 0 -> 1
Cell (virus_11137,host_328804): 0 -> 1
Cell (virus_11137,host_9403): 0 -> 1
Cell (virus_11137,host_58057): 0 -> 1
Cell (virus_11137,host_372077): 0 -> 1
Cell (virus_11137,host_58071): 0 -> 1
Cell (virus_11137,host_1898393): 0 -> 1
Cell (virus_11137,host_77223): 0 -> 1
Cell (virus_11137,host_9408): 0 -> 1
Cell (virus_11137,host_77214): 0 -> 1
Cell (virus_11137,host_1884717): 0 -> 1
Cell (virus_11137,host_208969): 0 -> 1
Cell (virus_11137,host_148094): 0 -> 1
Cell (virus_11137,host_410852): 0 -> 1
Cell (virus_11137,host_27634): 0 -> 1
Cell (virus_11137,host_40230): 0 -> 1
Cell (virus_11137,host_9417): 0 -> 1
Cell (virus_11137,host_51012): 0 -> 1
Cell (virus_11137,host_192403): 0 -> 1
Cell (virus_11137,host_27660): 0 -> 1
Cell (virus_11137,host_177160): 0 -> 1
Cell (virus_11137,host_177162): 0 -> 1
Cell (virus_11137,host_27638): 0 -> 1
Cell (virus_11137,host_27642): 0 -> 1
Cell (virus_11137,host_148061): 0 -> 1
Cell (virus_11137,host_94961): 0 -> 1
Cell (virus_11137,host_3371013): 0 -> 1
Cell (virus_11137,host_187007): 0 -> 1
Cell (virus_11137,host_452595): 0 -> 1
Cell (virus_11137,host_3370289): 0 -> 1
Cell (virus_11137,host_9438): 0 -> 1
Cell (virus_11137,host_258930): 0 -> 1
Cell (virus_11137,host_526822): 0 -> 1
Cell (virus_11137,host_59485): 0 -> 1
Cell (virus_1244203,host_105295): 0 -> 1
Cell (virus_1244203,host_51300): 0 -> 1
Cell (virus_1244203,host_59473): 0 -> 1
Cell (virus_1244203,host_3380546): 0 -> 1
Cell (virus_1244203,host_392004): 0 -> 1
Cell (virus_1244203,host_385037): 0 -> 1
Cell (virus_1244203,host_187017): 0 -> 1
Cell (virus_1244203,host_1207989): 0 -> 1
Cell (virus_1244203,host_59453): 0 -> 1
Cell (virus_1244203,host_186991): 0 -> 1
Cell (virus_1244203,host_270698): 0 -> 1
Cell (virus_1244203,host_376555): 0 -> 1
Cell (virus_1244203,host_249024): 0 -> 1
Cell (virus_1244203,host_337453): 0 -> 1
Cell (virus_1244203,host_77218): 0 -> 1
Cell (virus_1244203,host_549403): 0 -> 1
Cell (virus_1244203,host_1898389): 0 -> 1
Cell (virus_1244203,host_77231): 0 -> 1
Cell (virus_1244203,host_372077): 0 -> 1
Cell (virus_1244203,host_903567): 0 -> 1
Cell (virus_1244203,host_58067): 0 -> 1
Cell (virus_1244203,host_498220): 0 -> 1
Cell (virus_1244203,host_58071): 0 -> 1
Cell (virus_1244203,host_1898393): 0 -> 1
Cell (virus_1244203,host_77223): 0 -> 1
Cell (virus_1244203,host_9408): 0 -> 1
Cell (virus_1244203,host_77214): 0 -> 1
Cell (virus_1244203,host_326151): 0 -> 1
Cell (virus_1244203,host_1884717): 0 -> 1
Cell (virus_1244203,host_208969): 0 -> 1
Cell (virus_1244203,host_148094): 0 -> 1
Cell (virus_1244203,host_410852): 0 -> 1
Cell (virus_1244203,host_27634): 0 -> 1
Cell (virus_1244203,host_51012): 0 -> 1
Cell (virus_1244203,host_27660): 0 -> 1
Cell (virus_1244203,host_177162): 0 -> 1
Cell (virus_1244203,host_27638): 0 -> 1
Cell (virus_1244203,host_27642): 0 -> 1
Cell (virus_1244203,host_148061): 0 -> 1
Cell (virus_1244203,host_479723): 0 -> 1
Cell (virus_1244203,host_452595): 0 -> 1
Cell (virus_1244203,host_3370289): 0 -> 1
Cell (virus_1244203,host_9438): 0 -> 1
Cell (virus_1244203,host_153297): 0 -> 1
Cell (virus_1244203,host_258930): 0 -> 1
Cell (virus_1244203,host_61862): 0 -> 1
Cell (virus_1244203,host_526822): 0 -> 1
Cell (virus_1244203,host_59485): 0 -> 1
Cell (virus_3433754,host_105295): 0 -> 1
Cell (virus_3433754,host_51300): 0 -> 1
Cell (virus_3433754,host_59473): 0 -> 1
Cell (virus_3433754,host_3380546): 0 -> 1
Cell (virus_3433754,host_392004): 0 -> 1
Cell (virus_3433754,host_385037): 0 -> 1
Cell (virus_3433754,host_187017): 0 -> 1
Cell (virus_3433754,host_1207989): 0 -> 1
Cell (virus_3433754,host_59453): 0 -> 1
Cell (virus_3433754,host_186991): 0 -> 1
Cell (virus_3433754,host_270698): 0 -> 1
Cell (virus_3433754,host_376555): 0 -> 1
Cell (virus_3433754,host_249024): 0 -> 1
Cell (virus_3433754,host_337453): 0 -> 1
Cell (virus_3433754,host_77218): 0 -> 1
Cell (virus_3433754,host_549403): 0 -> 1
Cell (virus_3433754,host_1898389): 0 -> 1
Cell (virus_3433754,host_77231): 0 -> 1
Cell (virus_3433754,host_372077): 0 -> 1
Cell (virus_3433754,host_903567): 0 -> 1
Cell (virus_3433754,host_58067): 0 -> 1
Cell (virus_3433754,host_498220): 0 -> 1
Cell (virus_3433754,host_58071): 0 -> 1
Cell (virus_3433754,host_1898393): 0 -> 1
Cell (virus_3433754,host_77223): 0 -> 1
Cell (virus_3433754,host_9408): 0 -> 1
Cell (virus_3433754,host_77214): 0 -> 1
Cell (virus_3433754,host_326151): 0 -> 1
Cell (virus_3433754,host_1884717): 0 -> 1
Cell (virus_3433754,host_208969): 0 -> 1
Cell (virus_3433754,host_148094): 0 -> 1
Cell (virus_3433754,host_410852): 0 -> 1
Cell (virus_3433754,host_27634): 0 -> 1
Cell (virus_3433754,host_51012): 0 -> 1
Cell (virus_3433754,host_27660): 0 -> 1
Cell (virus_3433754,host_177162): 0 -> 1
Cell (virus_3433754,host_27638): 0 -> 1
Cell (virus_3433754,host_27642): 0 -> 1
Cell (virus_3433754,host_148061): 0 -> 1
Cell (virus_3433754,host_479723): 0 -> 1
Cell (virus_3433754,host_452595): 0 -> 1
Cell (virus_3433754,host_3370289): 0 -> 1
Cell (virus_3433754,host_9438): 0 -> 1
Cell (virus_3433754,host_153297): 0 -> 1
Cell (virus_3433754,host_258930): 0 -> 1
Cell (virus_3433754,host_61862): 0 -> 1
Cell (virus_3433754,host_526822): 0 -> 1
Cell (virus_3433754,host_59485): 0 -> 1
Cell (virus_3433753,host_105273): 0 -> 1
Cell (virus_3433753,host_105295): 0 -> 1
Cell (virus_3433753,host_51300): 0 -> 1
Cell (virus_3433753,host_59473): 0 -> 1
Cell (virus_3433753,host_3380546): 0 -> 1
Cell (virus_3433753,host_59463): 0 -> 1
Cell (virus_3433753,host_392004): 0 -> 1
Cell (virus_3433753,host_385037): 0 -> 1
Cell (virus_3433753,host_187017): 0 -> 1
Cell (virus_3433753,host_1207989): 0 -> 1
Cell (virus_3433753,host_59453): 0 -> 1
Cell (virus_3433753,host_186991): 0 -> 1
Cell (virus_3433753,host_270698): 0 -> 1
Cell (virus_3433753,host_463808): 0 -> 1
Cell (virus_3433753,host_376555): 0 -> 1
Cell (virus_3433753,host_249024): 0 -> 1
Cell (virus_3433753,host_337453): 0 -> 1
Cell (virus_3433753,host_77218): 0 -> 1
Cell (virus_3433753,host_549403): 0 -> 1
Cell (virus_3433753,host_1898389): 0 -> 1
Cell (virus_3433753,host_77231): 0 -> 1
Cell (virus_3433753,host_372077): 0 -> 1
Cell (virus_3433753,host_58067): 0 -> 1
Cell (virus_3433753,host_58071): 0 -> 1
Cell (virus_3433753,host_1898393): 0 -> 1
Cell (virus_3433753,host_77223): 0 -> 1
Cell (virus_3433753,host_9408): 0 -> 1
Cell (virus_3433753,host_77214): 0 -> 1
Cell (virus_3433753,host_326151): 0 -> 1
Cell (virus_3433753,host_1884717): 0 -> 1
Cell (virus_3433753,host_208969): 0 -> 1
Cell (virus_3433753,host_148094): 0 -> 1
Cell (virus_3433753,host_410852): 0 -> 1
Cell (virus_3433753,host_27634): 0 -> 1
Cell (virus_3433753,host_51012): 0 -> 1
Cell (virus_3433753,host_27660): 0 -> 1
Cell (virus_3433753,host_177162): 0 -> 1
Cell (virus_3433753,host_27638): 0 -> 1
Cell (virus_3433753,host_27642): 0 -> 1
Cell (virus_3433753,host_148061): 0 -> 1
Cell (virus_3433753,host_479723): 0 -> 1
Cell (virus_3433753,host_452595): 0 -> 1
Cell (virus_3433753,host_3370289): 0 -> 1
Cell (virus_3433753,host_9438): 0 -> 1
Cell (virus_3433753,host_153297): 0 -> 1
Cell (virus_3433753,host_258952): 0 -> 1
Cell (virus_3433753,host_258930): 0 -> 1
Cell (virus_3433753,host_61862): 0 -> 1
Cell (virus_3433753,host_526822): 0 -> 1
Cell (virus_3433753,host_59485): 0 -> 1
Cell (virus_3119326,host_105295): 0 -> 1
Cell (virus_3119326,host_51300): 0 -> 1
Cell (virus_3119326,host_59473): 0 -> 1
Cell (virus_3119326,host_3380546): 0 -> 1
Cell (virus_3119326,host_59463): 0 -> 1
Cell (virus_3119326,host_519446): 0 -> 1
Cell (virus_3119326,host_2528591): 0 -> 1
Cell (virus_3119326,host_392004): 0 -> 1
Cell (virus_3119326,host_59461): 0 -> 1
Cell (virus_3119326,host_385037): 0 -> 1
Cell (virus_3119326,host_187017): 0 -> 1
Cell (virus_3119326,host_188569): 0 -> 1
Cell (virus_3119326,host_59453): 0 -> 1
Cell (virus_3119326,host_186991): 0 -> 1
Cell (virus_3119326,host_270698): 0 -> 1
Cell (virus_3119326,host_463808): 0 -> 1
Cell (virus_3119326,host_376555): 0 -> 1
Cell (virus_3119326,host_249024): 0 -> 1
Cell (virus_3119326,host_337453): 0 -> 1
Cell (virus_3119326,host_77218): 0 -> 1
Cell (virus_3119326,host_549403): 0 -> 1
Cell (virus_3119326,host_77231): 0 -> 1
Cell (virus_3119326,host_372077): 0 -> 1
Cell (virus_3119326,host_58067): 0 -> 1
Cell (virus_3119326,host_498220): 0 -> 1
Cell (virus_3119326,host_58071): 0 -> 1
Cell (virus_3119326,host_1898393): 0 -> 1
Cell (virus_3119326,host_77223): 0 -> 1
Cell (virus_3119326,host_9408): 0 -> 1
Cell (virus_3119326,host_77214): 0 -> 1
Cell (virus_3119326,host_326151): 0 -> 1
Cell (virus_3119326,host_1884717): 0 -> 1
Cell (virus_3119326,host_208969): 0 -> 1
Cell (virus_3119326,host_148094): 0 -> 1
Cell (virus_3119326,host_410852): 0 -> 1
Cell (virus_3119326,host_27634): 0 -> 1
Cell (virus_3119326,host_51012): 0 -> 1
Cell (virus_3119326,host_27660): 0 -> 1
Cell (virus_3119326,host_177162): 0 -> 1
Cell (virus_3119326,host_27638): 0 -> 1
Cell (virus_3119326,host_27642): 0 -> 1
Cell (virus_3119326,host_409031): 0 -> 1
Cell (virus_3119326,host_148061): 0 -> 1
Cell (virus_3119326,host_3371013): 0 -> 1
Cell (virus_3119326,host_221087): 0 -> 1
Cell (virus_3119326,host_479723): 0 -> 1
Cell (virus_3119326,host_452595): 0 -> 1
Cell (virus_3119326,host_3370289): 0 -> 1
Cell (virus_3119326,host_153297): 0 -> 1
Cell (virus_3119326,host_258930): 0 -> 1
Cell (virus_3119326,host_272799): 0 -> 1
Cell (virus_3119326,host_61862): 0 -> 1
Cell (virus_3119326,host_526822): 0 -> 1
Cell (virus_3119326,host_59485): 0 -> 1
Cell (virus_3433752,host_105295): 0 -> 1
Cell (virus_3433752,host_59473): 0 -> 1
Cell (virus_3433752,host_3380546): 0 -> 1
Cell (virus_3433752,host_59463): 0 -> 1
Cell (virus_3433752,host_2528591): 0 -> 1
Cell (virus_3433752,host_392004): 0 -> 1
Cell (virus_3433752,host_385037): 0 -> 1
Cell (virus_3433752,host_187017): 0 -> 1
Cell (virus_3433752,host_1207989): 0 -> 1
Cell (virus_3433752,host_188569): 0 -> 1
Cell (virus_3433752,host_186991): 0 -> 1
Cell (virus_3433752,host_270698): 0 -> 1
Cell (virus_3433752,host_463808): 0 -> 1
Cell (virus_3433752,host_170233): 0 -> 1
Cell (virus_3433752,host_376555): 0 -> 1
Cell (virus_3433752,host_249024): 0 -> 1
Cell (virus_3433752,host_337453): 0 -> 1
Cell (virus_3433752,host_77218): 0 -> 1
Cell (virus_3433752,host_549403): 0 -> 1
Cell (virus_3433752,host_1898389): 0 -> 1
Cell (virus_3433752,host_77231): 0 -> 1
Cell (virus_3433752,host_372077): 0 -> 1
Cell (virus_3433752,host_58067): 0 -> 1
Cell (virus_3433752,host_498220): 0 -> 1
Cell (virus_3433752,host_58071): 0 -> 1
Cell (virus_3433752,host_1898393): 0 -> 1
Cell (virus_3433752,host_9408): 0 -> 1
Cell (virus_3433752,host_77214): 0 -> 1
Cell (virus_3433752,host_326151): 0 -> 1
Cell (virus_3433752,host_1884717): 0 -> 1
Cell (virus_3433752,host_208969): 0 -> 1
Cell (virus_3433752,host_148094): 0 -> 1
Cell (virus_3433752,host_410852): 0 -> 1
Cell (virus_3433752,host_27634): 0 -> 1
Cell (virus_3433752,host_51012): 0 -> 1
Cell (virus_3433752,host_27660): 0 -> 1
Cell (virus_3433752,host_27638): 0 -> 1
Cell (virus_3433752,host_27642): 0 -> 1
Cell (virus_3433752,host_148061): 0 -> 1
Cell (virus_3433752,host_3371013): 0 -> 1
Cell (virus_3433752,host_479723): 0 -> 1
Cell (virus_3433752,host_452595): 0 -> 1
Cell (virus_3433752,host_3370289): 0 -> 1
Cell (virus_3433752,host_9438): 0 -> 1
Cell (virus_3433752,host_153297): 0 -> 1
Cell (virus_3433752,host_258930): 0 -> 1
Cell (virus_3433752,host_272799): 0 -> 1
Cell (virus_3433752,host_61862): 0 -> 1
Cell (virus_3433752,host_258959): 0 -> 1
Cell (virus_3433752,host_526822): 0 -> 1
Cell (virus_3433752,host_59485): 0 -> 1
Cell (virus_1906673,host_105295): 0 -> 1
Cell (virus_1906673,host_51300): 0 -> 1
Cell (virus_1906673,host_59473): 0 -> 1
Cell (virus_1906673,host_3380546): 0 -> 1
Cell (virus_1906673,host_59463): 0 -> 1
Cell (virus_1906673,host_2528591): 0 -> 1
Cell (virus_1906673,host_412095): 0 -> 1
Cell (virus_1906673,host_392004): 0 -> 1
Cell (virus_1906673,host_138979): 0 -> 1
Cell (virus_1906673,host_385037): 0 -> 1
Cell (virus_1906673,host_2015597): 0 -> 1
Cell (virus_1906673,host_187017): 0 -> 1
Cell (virus_1906673,host_2603869): 0 -> 1
Cell (virus_1906673,host_186991): 0 -> 1
Cell (virus_1906673,host_270698): 0 -> 1
Cell (virus_1906673,host_463808): 0 -> 1
Cell (virus_1906673,host_249024): 0 -> 1
Cell (virus_1906673,host_2603866): 0 -> 1
Cell (virus_1906673,host_302408): 0 -> 1
Cell (virus_1906673,host_59479): 0 -> 1
Cell (virus_1906673,host_337453): 0 -> 1
Cell (virus_1906673,host_77218): 0 -> 1
Cell (virus_1906673,host_549403): 0 -> 1
Cell (virus_1906673,host_166054): 0 -> 1
Cell (virus_1906673,host_1898389): 0 -> 1
Cell (virus_1906673,host_77231): 0 -> 1
Cell (virus_1906673,host_372077): 0 -> 1
Cell (virus_1906673,host_58067): 0 -> 1
Cell (virus_1906673,host_58071): 0 -> 1
Cell (virus_1906673,host_1898393): 0 -> 1
Cell (virus_1906673,host_77223): 0 -> 1
Cell (virus_1906673,host_9408): 0 -> 1
Cell (virus_1906673,host_77214): 0 -> 1
Cell (virus_1906673,host_326083): 0 -> 1
Cell (virus_1906673,host_1884717): 0 -> 1
Cell (virus_1906673,host_208969): 0 -> 1
Cell (virus_1906673,host_148094): 0 -> 1
Cell (virus_1906673,host_27634): 0 -> 1
Cell (virus_1906673,host_51012): 0 -> 1
Cell (virus_1906673,host_27660): 0 -> 1
Cell (virus_1906673,host_177162): 0 -> 1
Cell (virus_1906673,host_148061): 0 -> 1
Cell (virus_1906673,host_3371013): 0 -> 1
Cell (virus_1906673,host_124751): 0 -> 1
Cell (virus_1906673,host_452595): 0 -> 1
Cell (virus_1906673,host_3370289): 0 -> 1
Cell (virus_1906673,host_999964): 0 -> 1
Cell (virus_1906673,host_153297): 0 -> 1
Cell (virus_1906673,host_258930): 0 -> 1
Cell (virus_1906673,host_526822): 0 -> 1
Cell (virus_3433785,host_105295): 0 -> 1
Cell (virus_3433785,host_51300): 0 -> 1
Cell (virus_3433785,host_59473): 0 -> 1
Cell (virus_3433785,host_3380546): 0 -> 1
Cell (virus_3433785,host_59463): 0 -> 1
Cell (virus_3433785,host_2528591): 0 -> 1
Cell (virus_3433785,host_412095): 0 -> 1
Cell (virus_3433785,host_392004): 0 -> 1
Cell (virus_3433785,host_138979): 0 -> 1
Cell (virus_3433785,host_385037): 0 -> 1
Cell (virus_3433785,host_2015597): 0 -> 1
Cell (virus_3433785,host_187017): 0 -> 1
Cell (virus_3433785,host_2603869): 0 -> 1
Cell (virus_3433785,host_186991): 0 -> 1
Cell (virus_3433785,host_270698): 0 -> 1
Cell (virus_3433785,host_463808): 0 -> 1
Cell (virus_3433785,host_249024): 0 -> 1
Cell (virus_3433785,host_2603866): 0 -> 1
Cell (virus_3433785,host_302408): 0 -> 1
Cell (virus_3433785,host_59479): 0 -> 1
Cell (virus_3433785,host_337453): 0 -> 1
Cell (virus_3433785,host_77218): 0 -> 1
Cell (virus_3433785,host_549403): 0 -> 1
Cell (virus_3433785,host_166054): 0 -> 1
Cell (virus_3433785,host_1898389): 0 -> 1
Cell (virus_3433785,host_77231): 0 -> 1
Cell (virus_3433785,host_372077): 0 -> 1
Cell (virus_3433785,host_58067): 0 -> 1
Cell (virus_3433785,host_58071): 0 -> 1
Cell (virus_3433785,host_1898393): 0 -> 1
Cell (virus_3433785,host_77223): 0 -> 1
Cell (virus_3433785,host_9408): 0 -> 1
Cell (virus_3433785,host_77214): 0 -> 1
Cell (virus_3433785,host_326083): 0 -> 1
Cell (virus_3433785,host_1884717): 0 -> 1
Cell (virus_3433785,host_208969): 0 -> 1
Cell (virus_3433785,host_148094): 0 -> 1
Cell (virus_3433785,host_27634): 0 -> 1
Cell (virus_3433785,host_51012): 0 -> 1
Cell (virus_3433785,host_27660): 0 -> 1
Cell (virus_3433785,host_177162): 0 -> 1
Cell (virus_3433785,host_148061): 0 -> 1
Cell (virus_3433785,host_3371013): 0 -> 1
Cell (virus_3433785,host_124751): 0 -> 1
Cell (virus_3433785,host_452595): 0 -> 1
Cell (virus_3433785,host_3370289): 0 -> 1
Cell (virus_3433785,host_999964): 0 -> 1
Cell (virus_3433785,host_153297): 0 -> 1
Cell (virus_3433785,host_258930): 0 -> 1
Cell (virus_3433785,host_526822): 0 -> 1
Cell (virus_3433785,host_59485): 0 -> 1
Cell (virus_2971263,host_105295): 0 -> 1
Cell (virus_2971263,host_51300): 0 -> 1
Cell (virus_2971263,host_59473): 0 -> 1
Cell (virus_2971263,host_3380546): 0 -> 1
Cell (virus_2971263,host_59463): 0 -> 1
Cell (virus_2971263,host_2528591): 0 -> 1
Cell (virus_2971263,host_51298): 0 -> 1
Cell (virus_2971263,host_386774): 0 -> 1
Cell (virus_2971263,host_392004): 0 -> 1
Cell (virus_2971263,host_138979): 0 -> 1
Cell (virus_2971263,host_385037): 0 -> 1
Cell (virus_2971263,host_2603869): 0 -> 1
Cell (virus_2971263,host_186991): 0 -> 1
Cell (virus_2971263,host_270698): 0 -> 1
Cell (virus_2971263,host_463808): 0 -> 1
Cell (virus_2971263,host_249024): 0 -> 1
Cell (virus_2971263,host_2603866): 0 -> 1
Cell (virus_2971263,host_59479): 0 -> 1
Cell (virus_2971263,host_337453): 0 -> 1
Cell (virus_2971263,host_77218): 0 -> 1
Cell (virus_2971263,host_549403): 0 -> 1
Cell (virus_2971263,host_1898389): 0 -> 1
Cell (virus_2971263,host_77231): 0 -> 1
Cell (virus_2971263,host_372077): 0 -> 1
Cell (virus_2971263,host_58067): 0 -> 1
Cell (virus_2971263,host_58071): 0 -> 1
Cell (virus_2971263,host_77223): 0 -> 1
Cell (virus_2971263,host_9408): 0 -> 1
Cell (virus_2971263,host_77214): 0 -> 1
Cell (virus_2971263,host_1884717): 0 -> 1
Cell (virus_2971263,host_208969): 0 -> 1
Cell (virus_2971263,host_148094): 0 -> 1
Cell (virus_2971263,host_27634): 0 -> 1
Cell (virus_2971263,host_51012): 0 -> 1
Cell (virus_2971263,host_27660): 0 -> 1
Cell (virus_2971263,host_177162): 0 -> 1
Cell (virus_2971263,host_27638): 0 -> 1
Cell (virus_2971263,host_3371013): 0 -> 1
Cell (virus_2971263,host_221087): 0 -> 1
Cell (virus_2971263,host_479723): 0 -> 1
Cell (virus_2971263,host_124751): 0 -> 1
Cell (virus_2971263,host_452595): 0 -> 1
Cell (virus_2971263,host_3370289): 0 -> 1
Cell (virus_2971263,host_999964): 0 -> 1
Cell (virus_2971263,host_153297): 0 -> 1
Cell (virus_2971263,host_258930): 0 -> 1
Cell (virus_2971263,host_526822): 0 -> 1
Cell (virus_2971263,host_59485): 0 -> 1
Cell (virus_3433786,host_105295): 0 -> 1
Cell (virus_3433786,host_51300): 0 -> 1
Cell (virus_3433786,host_59473): 0 -> 1
Cell (virus_3433786,host_3380546): 0 -> 1
Cell (virus_3433786,host_59463): 0 -> 1
Cell (virus_3433786,host_2528591): 0 -> 1
Cell (virus_3433786,host_51298): 0 -> 1
Cell (virus_3433786,host_386774): 0 -> 1
Cell (virus_3433786,host_392004): 0 -> 1
Cell (virus_3433786,host_138979): 0 -> 1
Cell (virus_3433786,host_385037): 0 -> 1
Cell (virus_3433786,host_2603869): 0 -> 1
Cell (virus_3433786,host_186991): 0 -> 1
Cell (virus_3433786,host_270698): 0 -> 1
Cell (virus_3433786,host_463808): 0 -> 1
Cell (virus_3433786,host_249024): 0 -> 1
Cell (virus_3433786,host_2603866): 0 -> 1
Cell (virus_3433786,host_59479): 0 -> 1
Cell (virus_3433786,host_337453): 0 -> 1
Cell (virus_3433786,host_77218): 0 -> 1
Cell (virus_3433786,host_549403): 0 -> 1
Cell (virus_3433786,host_1898389): 0 -> 1
Cell (virus_3433786,host_77231): 0 -> 1
Cell (virus_3433786,host_372077): 0 -> 1
Cell (virus_3433786,host_58067): 0 -> 1
Cell (virus_3433786,host_58071): 0 -> 1
Cell (virus_3433786,host_77223): 0 -> 1
Cell (virus_3433786,host_9408): 0 -> 1
Cell (virus_3433786,host_77214): 0 -> 1
Cell (virus_3433786,host_1884717): 0 -> 1
Cell (virus_3433786,host_208969): 0 -> 1
Cell (virus_3433786,host_148094): 0 -> 1
Cell (virus_3433786,host_27634): 0 -> 1
Cell (virus_3433786,host_51012): 0 -> 1
Cell (virus_3433786,host_27660): 0 -> 1
Cell (virus_3433786,host_177162): 0 -> 1
Cell (virus_3433786,host_27638): 0 -> 1
Cell (virus_3433786,host_3371013): 0 -> 1
Cell (virus_3433786,host_221087): 0 -> 1
Cell (virus_3433786,host_124751): 0 -> 1
Cell (virus_3433786,host_452595): 0 -> 1
Cell (virus_3433786,host_3370289): 0 -> 1
Cell (virus_3433786,host_999964): 0 -> 1
Cell (virus_3433786,host_153297): 0 -> 1
Cell (virus_3433786,host_258930): 0 -> 1
Cell (virus_3433786,host_526822): 0 -> 1
Cell (virus_3433786,host_59485): 0 -> 1
Cell (virus_2989482,host_105295): 0 -> 1
Cell (virus_2989482,host_51300): 0 -> 1
Cell (virus_2989482,host_59473): 0 -> 1
Cell (virus_2989482,host_3380546): 0 -> 1
Cell (virus_2989482,host_59463): 0 -> 1
Cell (virus_2989482,host_2528591): 0 -> 1
Cell (virus_2989482,host_51298): 0 -> 1
Cell (virus_2989482,host_392004): 0 -> 1
Cell (virus_2989482,host_138979): 0 -> 1
Cell (virus_2989482,host_385037): 0 -> 1
Cell (virus_2989482,host_187017): 0 -> 1
Cell (virus_2989482,host_2603869): 0 -> 1
Cell (virus_2989482,host_270698): 0 -> 1
Cell (virus_2989482,host_463808): 0 -> 1
Cell (virus_2989482,host_249024): 0 -> 1
Cell (virus_2989482,host_2603866): 0 -> 1
Cell (virus_2989482,host_59479): 0 -> 1
Cell (virus_2989482,host_337453): 0 -> 1
Cell (virus_2989482,host_77218): 0 -> 1
Cell (virus_2989482,host_549403): 0 -> 1
Cell (virus_2989482,host_1898389): 0 -> 1
Cell (virus_2989482,host_77231): 0 -> 1
Cell (virus_2989482,host_372077): 0 -> 1
Cell (virus_2989482,host_58067): 0 -> 1
Cell (virus_2989482,host_58071): 0 -> 1
Cell (virus_2989482,host_77223): 0 -> 1
Cell (virus_2989482,host_9408): 0 -> 1
Cell (virus_2989482,host_77214): 0 -> 1
Cell (virus_2989482,host_326083): 0 -> 1
Cell (virus_2989482,host_1884717): 0 -> 1
Cell (virus_2989482,host_208969): 0 -> 1
Cell (virus_2989482,host_148094): 0 -> 1
Cell (virus_2989482,host_27634): 0 -> 1
Cell (virus_2989482,host_51012): 0 -> 1
Cell (virus_2989482,host_27660): 0 -> 1
Cell (virus_2989482,host_177162): 0 -> 1
Cell (virus_2989482,host_27638): 0 -> 1
Cell (virus_2989482,host_3371013): 0 -> 1
Cell (virus_2989482,host_1434095): 0 -> 1
Cell (virus_2989482,host_124751): 0 -> 1
Cell (virus_2989482,host_452595): 0 -> 1
Cell (virus_2989482,host_3370289): 0 -> 1
Cell (virus_2989482,host_999964): 0 -> 1
Cell (virus_2989482,host_153297): 0 -> 1
Cell (virus_2989482,host_258930): 0 -> 1
Cell (virus_2989482,host_526822): 0 -> 1
Cell (virus_2989482,host_59485): 0 -> 1
Cell (virus_3433784,host_105295): 0 -> 1
Cell (virus_3433784,host_51300): 0 -> 1
Cell (virus_3433784,host_59473): 0 -> 1
Cell (virus_3433784,host_3380546): 0 -> 1
Cell (virus_3433784,host_59463): 0 -> 1
Cell (virus_3433784,host_109481): 0 -> 1
Cell (virus_3433784,host_2528591): 0 -> 1
Cell (virus_3433784,host_51298): 0 -> 1
Cell (virus_3433784,host_392004): 0 -> 1
Cell (virus_3433784,host_138979): 0 -> 1
Cell (virus_3433784,host_385037): 0 -> 1
Cell (virus_3433784,host_187017): 0 -> 1
Cell (virus_3433784,host_2603869): 0 -> 1
Cell (virus_3433784,host_186991): 0 -> 1
Cell (virus_3433784,host_270698): 0 -> 1
Cell (virus_3433784,host_463808): 0 -> 1
Cell (virus_3433784,host_2603866): 0 -> 1
Cell (virus_3433784,host_59479): 0 -> 1
Cell (virus_3433784,host_337453): 0 -> 1
Cell (virus_3433784,host_77218): 0 -> 1
Cell (virus_3433784,host_1898389): 0 -> 1
Cell (virus_3433784,host_77231): 0 -> 1
Cell (virus_3433784,host_372077): 0 -> 1
Cell (virus_3433784,host_58067): 0 -> 1
Cell (virus_3433784,host_58071): 0 -> 1
Cell (virus_3433784,host_1898393): 0 -> 1
Cell (virus_3433784,host_77223): 0 -> 1
Cell (virus_3433784,host_9408): 0 -> 1
Cell (virus_3433784,host_77214): 0 -> 1
Cell (virus_3433784,host_326083): 0 -> 1
Cell (virus_3433784,host_1884717): 0 -> 1
Cell (virus_3433784,host_208969): 0 -> 1
Cell (virus_3433784,host_148094): 0 -> 1
Cell (virus_3433784,host_27634): 0 -> 1
Cell (virus_3433784,host_51012): 0 -> 1
Cell (virus_3433784,host_27660): 0 -> 1
Cell (virus_3433784,host_177162): 0 -> 1
Cell (virus_3433784,host_27638): 0 -> 1
Cell (virus_3433784,host_3371013): 0 -> 1
Cell (virus_3433784,host_124751): 0 -> 1
Cell (virus_3433784,host_452595): 0 -> 1
Cell (virus_3433784,host_3370289): 0 -> 1
Cell (virus_3433784,host_999964): 0 -> 1
Cell (virus_3433784,host_153297): 0 -> 1
Cell (virus_3433784,host_258930): 0 -> 1
Cell (virus_3433784,host_526822): 0 -> 1
Cell (virus_3433784,host_59485): 0 -> 1
Cell (virus_2691588,host_105295): 0 -> 1
Cell (virus_2691588,host_51300): 0 -> 1
Cell (virus_2691588,host_59473): 0 -> 1
Cell (virus_2691588,host_3380546): 0 -> 1
Cell (virus_2691588,host_392004): 0 -> 1
Cell (virus_2691588,host_138979): 0 -> 1
Cell (virus_2691588,host_186991): 0 -> 1
Cell (virus_2691588,host_334201): 0 -> 1
Cell (virus_2691588,host_463808): 0 -> 1
Cell (virus_2691588,host_376555): 0 -> 1
Cell (virus_2691588,host_476589): 0 -> 1
Cell (virus_2691588,host_249024): 0 -> 1
Cell (virus_2691588,host_302408): 0 -> 1
Cell (virus_2691588,host_49443): 0 -> 1
Cell (virus_2691588,host_342862): 0 -> 1
Cell (virus_2691588,host_337453): 0 -> 1
Cell (virus_2691588,host_77218): 0 -> 1
Cell (virus_2691588,host_549403): 0 -> 1
Cell (virus_2691588,host_1898389): 0 -> 1
Cell (virus_2691588,host_77231): 0 -> 1
Cell (virus_2691588,host_372077): 0 -> 1
Cell (virus_2691588,host_58067): 0 -> 1
Cell (virus_2691588,host_58071): 0 -> 1
Cell (virus_2691588,host_1898393): 0 -> 1
Cell (virus_2691588,host_77223): 0 -> 1
Cell (virus_2691588,host_9408): 0 -> 1
Cell (virus_2691588,host_77214): 0 -> 1
Cell (virus_2691588,host_1884717): 0 -> 1
Cell (virus_2691588,host_59476): 0 -> 1
Cell (virus_2691588,host_148094): 0 -> 1
Cell (virus_2691588,host_410852): 0 -> 1
Cell (virus_2691588,host_27634): 0 -> 1
Cell (virus_2691588,host_51012): 0 -> 1
Cell (virus_2691588,host_40224): 0 -> 1
Cell (virus_2691588,host_177162): 0 -> 1
Cell (virus_2691588,host_27642): 0 -> 1
Cell (virus_2691588,host_89673): 0 -> 1
Cell (virus_2691588,host_148061): 0 -> 1
Cell (virus_2691588,host_3371013): 0 -> 1
Cell (virus_2691588,host_27622): 0 -> 1
Cell (virus_2691588,host_452595): 0 -> 1
Cell (virus_2691588,host_9438): 0 -> 1
Cell (virus_2691588,host_258930): 0 -> 1
Cell (virus_2691588,host_61862): 0 -> 1
Cell (virus_2691588,host_3371021): 0 -> 1
Cell (virus_2691588,host_526822): 0 -> 1
Cell (virus_2691588,host_59485): 0 -> 1
Cell (virus_3433780,host_105295): 0 -> 1
Cell (virus_3433780,host_51300): 0 -> 1
Cell (virus_3433780,host_59473): 0 -> 1
Cell (virus_3433780,host_3380546): 0 -> 1
Cell (virus_3433780,host_392004): 0 -> 1
Cell (virus_3433780,host_138979): 0 -> 1
Cell (virus_3433780,host_186991): 0 -> 1
Cell (virus_3433780,host_334201): 0 -> 1
Cell (virus_3433780,host_463808): 0 -> 1
Cell (virus_3433780,host_376555): 0 -> 1
Cell (virus_3433780,host_320431): 0 -> 1
Cell (virus_3433780,host_476589): 0 -> 1
Cell (virus_3433780,host_249024): 0 -> 1
Cell (virus_3433780,host_302408): 0 -> 1
Cell (virus_3433780,host_49443): 0 -> 1
Cell (virus_3433780,host_342862): 0 -> 1
Cell (virus_3433780,host_337453): 0 -> 1
Cell (virus_3433780,host_77218): 0 -> 1
Cell (virus_3433780,host_549403): 0 -> 1
Cell (virus_3433780,host_1898389): 0 -> 1
Cell (virus_3433780,host_77231): 0 -> 1
Cell (virus_3433780,host_372077): 0 -> 1
Cell (virus_3433780,host_58067): 0 -> 1
Cell (virus_3433780,host_58071): 0 -> 1
Cell (virus_3433780,host_1898393): 0 -> 1
Cell (virus_3433780,host_77223): 0 -> 1
Cell (virus_3433780,host_9408): 0 -> 1
Cell (virus_3433780,host_77214): 0 -> 1
Cell (virus_3433780,host_1884717): 0 -> 1
Cell (virus_3433780,host_59476): 0 -> 1
Cell (virus_3433780,host_148094): 0 -> 1
Cell (virus_3433780,host_410852): 0 -> 1
Cell (virus_3433780,host_27634): 0 -> 1
Cell (virus_3433780,host_51012): 0 -> 1
Cell (virus_3433780,host_40224): 0 -> 1
Cell (virus_3433780,host_177162): 0 -> 1
Cell (virus_3433780,host_27642): 0 -> 1
Cell (virus_3433780,host_89673): 0 -> 1
Cell (virus_3433780,host_148061): 0 -> 1
Cell (virus_3433780,host_3371013): 0 -> 1
Cell (virus_3433780,host_27622): 0 -> 1
Cell (virus_3433780,host_452595): 0 -> 1
Cell (virus_3433780,host_9438): 0 -> 1
Cell (virus_3433780,host_258930): 0 -> 1
Cell (virus_3433780,host_61862): 0 -> 1
Cell (virus_3433780,host_3371021): 0 -> 1
Cell (virus_3433780,host_526822): 0 -> 1
Cell (virus_3433780,host_59485): 0 -> 1
Cell (virus_694000,host_105295): 0 -> 1
Cell (virus_694000,host_51300): 0 -> 1
Cell (virus_694000,host_59473): 0 -> 1
Cell (virus_694000,host_3380546): 0 -> 1
Cell (virus_694000,host_392004): 0 -> 1
Cell (virus_694000,host_138979): 0 -> 1
Cell (virus_694000,host_186991): 0 -> 1
Cell (virus_694000,host_334201): 0 -> 1
Cell (virus_694000,host_463808): 0 -> 1
Cell (virus_694000,host_376555): 0 -> 1
Cell (virus_694000,host_320431): 0 -> 1
Cell (virus_694000,host_476589): 0 -> 1
Cell (virus_694000,host_249024): 0 -> 1
Cell (virus_694000,host_302408): 0 -> 1
Cell (virus_694000,host_49443): 0 -> 1
Cell (virus_694000,host_342862): 0 -> 1
Cell (virus_694000,host_337453): 0 -> 1
Cell (virus_694000,host_77218): 0 -> 1
Cell (virus_694000,host_549403): 0 -> 1
Cell (virus_694000,host_1898389): 0 -> 1
Cell (virus_694000,host_77231): 0 -> 1
Cell (virus_694000,host_372077): 0 -> 1
Cell (virus_694000,host_58067): 0 -> 1
Cell (virus_694000,host_58071): 0 -> 1
Cell (virus_694000,host_1898393): 0 -> 1
Cell (virus_694000,host_77223): 0 -> 1
Cell (virus_694000,host_9408): 0 -> 1
Cell (virus_694000,host_77214): 0 -> 1
Cell (virus_694000,host_1884717): 0 -> 1
Cell (virus_694000,host_59476): 0 -> 1
Cell (virus_694000,host_148094): 0 -> 1
Cell (virus_694000,host_410852): 0 -> 1
Cell (virus_694000,host_27634): 0 -> 1
Cell (virus_694000,host_51012): 0 -> 1
Cell (virus_694000,host_40224): 0 -> 1
Cell (virus_694000,host_177162): 0 -> 1
Cell (virus_694000,host_27642): 0 -> 1
Cell (virus_694000,host_89673): 0 -> 1
Cell (virus_694000,host_148061): 0 -> 1
Cell (virus_694000,host_3371013): 0 -> 1
Cell (virus_694000,host_27622): 0 -> 1
Cell (virus_694000,host_452595): 0 -> 1
Cell (virus_694000,host_9438): 0 -> 1
Cell (virus_694000,host_258930): 0 -> 1
Cell (virus_694000,host_61862): 0 -> 1
Cell (virus_694000,host_3371021): 0 -> 1
Cell (virus_694000,host_526822): 0 -> 1
Cell (virus_694000,host_59485): 0 -> 1
Cell (virus_3119327,host_105295): 0 -> 1
Cell (virus_3119327,host_51300): 0 -> 1
Cell (virus_3119327,host_59473): 0 -> 1
Cell (virus_3119327,host_3380546): 0 -> 1
Cell (virus_3119327,host_392004): 0 -> 1
Cell (virus_3119327,host_138979): 0 -> 1
Cell (virus_3119327,host_187017): 0 -> 1
Cell (virus_3119327,host_186991): 0 -> 1
Cell (virus_3119327,host_270698): 0 -> 1
Cell (virus_3119327,host_334201): 0 -> 1
Cell (virus_3119327,host_463808): 0 -> 1
Cell (virus_3119327,host_376555): 0 -> 1
Cell (virus_3119327,host_249024): 0 -> 1
Cell (virus_3119327,host_2603866): 0 -> 1
Cell (virus_3119327,host_302408): 0 -> 1
Cell (virus_3119327,host_49443): 0 -> 1
Cell (virus_3119327,host_342862): 0 -> 1
Cell (virus_3119327,host_77218): 0 -> 1
Cell (virus_3119327,host_549403): 0 -> 1
Cell (virus_3119327,host_1898389): 0 -> 1
Cell (virus_3119327,host_77231): 0 -> 1
Cell (virus_3119327,host_372077): 0 -> 1
Cell (virus_3119327,host_58067): 0 -> 1
Cell (virus_3119327,host_498220): 0 -> 1
Cell (virus_3119327,host_58071): 0 -> 1
Cell (virus_3119327,host_77243): 0 -> 1
Cell (virus_3119327,host_1898393): 0 -> 1
Cell (virus_3119327,host_77223): 0 -> 1
Cell (virus_3119327,host_9408): 0 -> 1
Cell (virus_3119327,host_77214): 0 -> 1
Cell (virus_3119327,host_1884717): 0 -> 1
Cell (virus_3119327,host_148094): 0 -> 1
Cell (virus_3119327,host_410852): 0 -> 1
Cell (virus_3119327,host_27634): 0 -> 1
Cell (virus_3119327,host_51012): 0 -> 1
Cell (virus_3119327,host_40224): 0 -> 1
Cell (virus_3119327,host_177162): 0 -> 1
Cell (virus_3119327,host_27642): 0 -> 1
Cell (virus_3119327,host_148061): 0 -> 1
Cell (virus_3119327,host_3371013): 0 -> 1
Cell (virus_3119327,host_27622): 0 -> 1
Cell (virus_3119327,host_452595): 0 -> 1
Cell (virus_3119327,host_9438): 0 -> 1
Cell (virus_3119327,host_153297): 0 -> 1
Cell (virus_3119327,host_258930): 0 -> 1
Cell (virus_3119327,host_61862): 0 -> 1
Cell (virus_3119327,host_3371021): 0 -> 1
Cell (virus_3119327,host_526822): 0 -> 1
Cell (virus_3119327,host_59485): 0 -> 1
Cell (virus_2809631,host_105295): 0 -> 1
Cell (virus_2809631,host_51300): 0 -> 1
Cell (virus_2809631,host_59473): 0 -> 1
Cell (virus_2809631,host_3380546): 0 -> 1
Cell (virus_2809631,host_2528591): 0 -> 1
Cell (virus_2809631,host_392004): 0 -> 1
Cell (virus_2809631,host_138979): 0 -> 1
Cell (virus_2809631,host_187017): 0 -> 1
Cell (virus_2809631,host_186991): 0 -> 1
Cell (virus_2809631,host_270698): 0 -> 1
Cell (virus_2809631,host_334201): 0 -> 1
Cell (virus_2809631,host_463808): 0 -> 1
Cell (virus_2809631,host_376555): 0 -> 1
Cell (virus_2809631,host_249024): 0 -> 1
Cell (virus_2809631,host_2603866): 0 -> 1
Cell (virus_2809631,host_302408): 0 -> 1
Cell (virus_2809631,host_49443): 0 -> 1
Cell (virus_2809631,host_59479): 0 -> 1
Cell (virus_2809631,host_342862): 0 -> 1
Cell (virus_2809631,host_337453): 0 -> 1
Cell (virus_2809631,host_77218): 0 -> 1
Cell (virus_2809631,host_549403): 0 -> 1
Cell (virus_2809631,host_1410044): 0 -> 1
Cell (virus_2809631,host_1898389): 0 -> 1
Cell (virus_2809631,host_77231): 0 -> 1
Cell (virus_2809631,host_372077): 0 -> 1
Cell (virus_2809631,host_58067): 0 -> 1
Cell (virus_2809631,host_498220): 0 -> 1
Cell (virus_2809631,host_58071): 0 -> 1
Cell (virus_2809631,host_77223): 0 -> 1
Cell (virus_2809631,host_9408): 0 -> 1
Cell (virus_2809631,host_148094): 0 -> 1
Cell (virus_2809631,host_410852): 0 -> 1
Cell (virus_2809631,host_27634): 0 -> 1
Cell (virus_2809631,host_51012): 0 -> 1
Cell (virus_2809631,host_40224): 0 -> 1
Cell (virus_2809631,host_196700): 0 -> 1
Cell (virus_2809631,host_177162): 0 -> 1
Cell (virus_2809631,host_27638): 0 -> 1
Cell (virus_2809631,host_27642): 0 -> 1
Cell (virus_2809631,host_148061): 0 -> 1
Cell (virus_2809631,host_3371013): 0 -> 1
Cell (virus_2809631,host_27622): 0 -> 1
Cell (virus_2809631,host_452595): 0 -> 1
Cell (virus_2809631,host_9438): 0 -> 1
Cell (virus_2809631,host_153297): 0 -> 1
Cell (virus_2809631,host_258930): 0 -> 1
Cell (virus_2809631,host_61862): 0 -> 1
Cell (virus_2809631,host_3371021): 0 -> 1
Cell (virus_2809631,host_526822): 0 -> 1
Cell (virus_2809631,host_59485): 0 -> 1
Cell (virus_3433779,host_105295): 0 -> 1
Cell (virus_3433779,host_51300): 0 -> 1
Cell (virus_3433779,host_59473): 0 -> 1
Cell (virus_3433779,host_3380546): 0 -> 1
Cell (virus_3433779,host_2528591): 0 -> 1
Cell (virus_3433779,host_392004): 0 -> 1
Cell (virus_3433779,host_138979): 0 -> 1
Cell (virus_3433779,host_187017): 0 -> 1
Cell (virus_3433779,host_186991): 0 -> 1
Cell (virus_3433779,host_270698): 0 -> 1
Cell (virus_3433779,host_334201): 0 -> 1
Cell (virus_3433779,host_463808): 0 -> 1
Cell (virus_3433779,host_376555): 0 -> 1
Cell (virus_3433779,host_249024): 0 -> 1
Cell (virus_3433779,host_2603866): 0 -> 1
Cell (virus_3433779,host_49443): 0 -> 1
Cell (virus_3433779,host_59479): 0 -> 1
Cell (virus_3433779,host_342862): 0 -> 1
Cell (virus_3433779,host_77218): 0 -> 1
Cell (virus_3433779,host_549403): 0 -> 1
Cell (virus_3433779,host_1898389): 0 -> 1
Cell (virus_3433779,host_77231): 0 -> 1
Cell (virus_3433779,host_372077): 0 -> 1
Cell (virus_3433779,host_58067): 0 -> 1
Cell (virus_3433779,host_498220): 0 -> 1
Cell (virus_3433779,host_58071): 0 -> 1
Cell (virus_3433779,host_1898393): 0 -> 1
Cell (virus_3433779,host_77223): 0 -> 1
Cell (virus_3433779,host_9408): 0 -> 1
Cell (virus_3433779,host_148094): 0 -> 1
Cell (virus_3433779,host_410852): 0 -> 1
Cell (virus_3433779,host_51012): 0 -> 1
Cell (virus_3433779,host_40224): 0 -> 1
Cell (virus_3433779,host_196700): 0 -> 1
Cell (virus_3433779,host_177162): 0 -> 1
Cell (virus_3433779,host_27638): 0 -> 1
Cell (virus_3433779,host_27642): 0 -> 1
Cell (virus_3433779,host_148061): 0 -> 1
Cell (virus_3433779,host_3371013): 0 -> 1
Cell (virus_3433779,host_27622): 0 -> 1
Cell (virus_3433779,host_452595): 0 -> 1
Cell (virus_3433779,host_9438): 0 -> 1
Cell (virus_3433779,host_153297): 0 -> 1
Cell (virus_3433779,host_258930): 0 -> 1
Cell (virus_3433779,host_61862): 0 -> 1
Cell (virus_3433779,host_3371021): 0 -> 1
Cell (virus_3433779,host_526822): 0 -> 1
Cell (virus_3433779,host_59485): 0 -> 1
Cell (virus_694001,host_105295): 0 -> 1
Cell (virus_694001,host_51300): 0 -> 1
Cell (virus_694001,host_59473): 0 -> 1
Cell (virus_694001,host_3380546): 0 -> 1
Cell (virus_694001,host_2528591): 0 -> 1
Cell (virus_694001,host_392004): 0 -> 1
Cell (virus_694001,host_138979): 0 -> 1
Cell (virus_694001,host_187017): 0 -> 1
Cell (virus_694001,host_186991): 0 -> 1
Cell (virus_694001,host_270698): 0 -> 1
Cell (virus_694001,host_334201): 0 -> 1
Cell (virus_694001,host_463808): 0 -> 1
Cell (virus_694001,host_376555): 0 -> 1
Cell (virus_694001,host_249024): 0 -> 1
Cell (virus_694001,host_2603866): 0 -> 1
Cell (virus_694001,host_49443): 0 -> 1
Cell (virus_694001,host_59479): 0 -> 1
Cell (virus_694001,host_342862): 0 -> 1
Cell (virus_694001,host_77218): 0 -> 1
Cell (virus_694001,host_549403): 0 -> 1
Cell (virus_694001,host_1898389): 0 -> 1
Cell (virus_694001,host_77231): 0 -> 1
Cell (virus_694001,host_372077): 0 -> 1
Cell (virus_694001,host_58067): 0 -> 1
Cell (virus_694001,host_498220): 0 -> 1
Cell (virus_694001,host_58071): 0 -> 1
Cell (virus_694001,host_1898393): 0 -> 1
Cell (virus_694001,host_77223): 0 -> 1
Cell (virus_694001,host_9408): 0 -> 1
Cell (virus_694001,host_148094): 0 -> 1
Cell (virus_694001,host_410852): 0 -> 1
Cell (virus_694001,host_51012): 0 -> 1
Cell (virus_694001,host_40224): 0 -> 1
Cell (virus_694001,host_196700): 0 -> 1
Cell (virus_694001,host_177162): 0 -> 1
Cell (virus_694001,host_27638): 0 -> 1
Cell (virus_694001,host_27642): 0 -> 1
Cell (virus_694001,host_148061): 0 -> 1
Cell (virus_694001,host_3371013): 0 -> 1
Cell (virus_694001,host_27622): 0 -> 1
Cell (virus_694001,host_452595): 0 -> 1
Cell (virus_694001,host_9438): 0 -> 1
Cell (virus_694001,host_153297): 0 -> 1
Cell (virus_694001,host_258930): 0 -> 1
Cell (virus_694001,host_61862): 0 -> 1
Cell (virus_694001,host_3371021): 0 -> 1
Cell (virus_694001,host_526822): 0 -> 1
Cell (virus_694001,host_59485): 0 -> 1
Cell (virus_3027594,host_105295): 0 -> 1
Cell (virus_3027594,host_59473): 0 -> 1
Cell (virus_3027594,host_3380546): 0 -> 1
Cell (virus_3027594,host_2528591): 0 -> 1
Cell (virus_3027594,host_392004): 0 -> 1
Cell (virus_3027594,host_138979): 0 -> 1
Cell (virus_3027594,host_187017): 0 -> 1
Cell (virus_3027594,host_186991): 0 -> 1
Cell (virus_3027594,host_270698): 0 -> 1
Cell (virus_3027594,host_463808): 0 -> 1
Cell (virus_3027594,host_376555): 0 -> 1
Cell (virus_3027594,host_337453): 0 -> 1
Cell (virus_3027594,host_77218): 0 -> 1
Cell (virus_3027594,host_549403): 0 -> 1
Cell (virus_3027594,host_1898389): 0 -> 1
Cell (virus_3027594,host_77231): 0 -> 1
Cell (virus_3027594,host_372077): 0 -> 1
Cell (virus_3027594,host_58067): 0 -> 1
Cell (virus_3027594,host_498220): 0 -> 1
Cell (virus_3027594,host_58071): 0 -> 1
Cell (virus_3027594,host_1898393): 0 -> 1
Cell (virus_3027594,host_77223): 0 -> 1
Cell (virus_3027594,host_9408): 0 -> 1
Cell (virus_3027594,host_77214): 0 -> 1
Cell (virus_3027594,host_1884717): 0 -> 1
Cell (virus_3027594,host_208969): 0 -> 1
Cell (virus_3027594,host_148094): 0 -> 1
Cell (virus_3027594,host_410852): 0 -> 1
Cell (virus_3027594,host_27634): 0 -> 1
Cell (virus_3027594,host_51012): 0 -> 1
Cell (virus_3027594,host_40224): 0 -> 1
Cell (virus_3027594,host_27660): 0 -> 1
Cell (virus_3027594,host_177162): 0 -> 1
Cell (virus_3027594,host_27642): 0 -> 1
Cell (virus_3027594,host_148061): 0 -> 1
Cell (virus_3027594,host_3371013): 0 -> 1
Cell (virus_3027594,host_452595): 0 -> 1
Cell (virus_3027594,host_9438): 0 -> 1
Cell (virus_3027594,host_153297): 0 -> 1
Cell (virus_3027594,host_258930): 0 -> 1
Cell (virus_3027594,host_61862): 0 -> 1
Cell (virus_3027594,host_258909): 0 -> 1
Cell (virus_3027594,host_3371021): 0 -> 1
Cell (virus_3027594,host_526822): 0 -> 1
Cell (virus_3027594,host_59485): 0 -> 1
Cell (virus_3433782,host_105295): 0 -> 1
Cell (virus_3433782,host_51300): 0 -> 1
Cell (virus_3433782,host_59473): 0 -> 1
Cell (virus_3433782,host_3380546): 0 -> 1
Cell (virus_3433782,host_109481): 0 -> 1
Cell (virus_3433782,host_2528591): 0 -> 1
Cell (virus_3433782,host_392004): 0 -> 1
Cell (virus_3433782,host_138979): 0 -> 1
Cell (virus_3433782,host_225400): 0 -> 1
Cell (virus_3433782,host_187017): 0 -> 1
Cell (virus_3433782,host_186991): 0 -> 1
Cell (virus_3433782,host_270698): 0 -> 1
Cell (virus_3433782,host_463808): 0 -> 1
Cell (virus_3433782,host_376555): 0 -> 1
Cell (virus_3433782,host_337453): 0 -> 1
Cell (virus_3433782,host_77218): 0 -> 1
Cell (virus_3433782,host_549403): 0 -> 1
Cell (virus_3433782,host_1898389): 0 -> 1
Cell (virus_3433782,host_77231): 0 -> 1
Cell (virus_3433782,host_372077): 0 -> 1
Cell (virus_3433782,host_58067): 0 -> 1
Cell (virus_3433782,host_498220): 0 -> 1
Cell (virus_3433782,host_58071): 0 -> 1
Cell (virus_3433782,host_1898393): 0 -> 1
Cell (virus_3433782,host_77223): 0 -> 1
Cell (virus_3433782,host_9408): 0 -> 1
Cell (virus_3433782,host_77214): 0 -> 1
Cell (virus_3433782,host_1884717): 0 -> 1
Cell (virus_3433782,host_208969): 0 -> 1
Cell (virus_3433782,host_148094): 0 -> 1
Cell (virus_3433782,host_410852): 0 -> 1
Cell (virus_3433782,host_27634): 0 -> 1
Cell (virus_3433782,host_51012): 0 -> 1
Cell (virus_3433782,host_40224): 0 -> 1
Cell (virus_3433782,host_27660): 0 -> 1
Cell (virus_3433782,host_177162): 0 -> 1
Cell (virus_3433782,host_148061): 0 -> 1
Cell (virus_3433782,host_3371013): 0 -> 1
Cell (virus_3433782,host_452595): 0 -> 1
Cell (virus_3433782,host_9438): 0 -> 1
Cell (virus_3433782,host_153297): 0 -> 1
Cell (virus_3433782,host_258930): 0 -> 1
Cell (virus_3433782,host_61862): 0 -> 1
Cell (virus_3433782,host_258909): 0 -> 1
Cell (virus_3433782,host_3371021): 0 -> 1
Cell (virus_3433782,host_526822): 0 -> 1
Cell (virus_3433782,host_59485): 0 -> 1
Cell (virus_3027595,host_105295): 0 -> 1
Cell (virus_3027595,host_51300): 0 -> 1
Cell (virus_3027595,host_59473): 0 -> 1
Cell (virus_3027595,host_3380546): 0 -> 1
Cell (virus_3027595,host_59463): 0 -> 1
Cell (virus_3027595,host_2528591): 0 -> 1
Cell (virus_3027595,host_392004): 0 -> 1
Cell (virus_3027595,host_138979): 0 -> 1
Cell (virus_3027595,host_187017): 0 -> 1
Cell (virus_3027595,host_186991): 0 -> 1
Cell (virus_3027595,host_270698): 0 -> 1
Cell (virus_3027595,host_463808): 0 -> 1
Cell (virus_3027595,host_376555): 0 -> 1
Cell (virus_3027595,host_337453): 0 -> 1
Cell (virus_3027595,host_77218): 0 -> 1
Cell (virus_3027595,host_549403): 0 -> 1
Cell (virus_3027595,host_1898389): 0 -> 1
Cell (virus_3027595,host_77231): 0 -> 1
Cell (virus_3027595,host_372077): 0 -> 1
Cell (virus_3027595,host_58067): 0 -> 1
Cell (virus_3027595,host_498220): 0 -> 1
Cell (virus_3027595,host_58071): 0 -> 1
Cell (virus_3027595,host_1898393): 0 -> 1
Cell (virus_3027595,host_77223): 0 -> 1
Cell (virus_3027595,host_9408): 0 -> 1
Cell (virus_3027595,host_77214): 0 -> 1
Cell (virus_3027595,host_1884717): 0 -> 1
Cell (virus_3027595,host_208969): 0 -> 1
Cell (virus_3027595,host_40233): 0 -> 1
Cell (virus_3027595,host_148094): 0 -> 1
Cell (virus_3027595,host_410852): 0 -> 1
Cell (virus_3027595,host_27634): 0 -> 1
Cell (virus_3027595,host_51012): 0 -> 1
Cell (virus_3027595,host_40224): 0 -> 1
Cell (virus_3027595,host_196700): 0 -> 1
Cell (virus_3027595,host_27660): 0 -> 1
Cell (virus_3027595,host_177162): 0 -> 1
Cell (virus_3027595,host_27638): 0 -> 1
Cell (virus_3027595,host_27642): 0 -> 1
Cell (virus_3027595,host_148061): 0 -> 1
Cell (virus_3027595,host_3371013): 0 -> 1
Cell (virus_3027595,host_452595): 0 -> 1
Cell (virus_3027595,host_3370289): 0 -> 1
Cell (virus_3027595,host_9438): 0 -> 1
Cell (virus_3027595,host_153297): 0 -> 1
Cell (virus_3027595,host_258930): 0 -> 1
Cell (virus_3027595,host_61862): 0 -> 1
Cell (virus_3027595,host_3371021): 0 -> 1
Cell (virus_3027595,host_526822): 0 -> 1
Cell (virus_3027595,host_59485): 0 -> 1
Cell (virus_2917968,host_105273): 0 -> 1
Cell (virus_2917968,host_105295): 0 -> 1
Cell (virus_2917968,host_51300): 0 -> 1
Cell (virus_2917968,host_59473): 0 -> 1
Cell (virus_2917968,host_3380546): 0 -> 1
Cell (virus_2917968,host_257882): 0 -> 1
Cell (virus_2917968,host_2528591): 0 -> 1
Cell (virus_2917968,host_392004): 0 -> 1
Cell (virus_2917968,host_138979): 0 -> 1
Cell (virus_2917968,host_385037): 0 -> 1
Cell (virus_2917968,host_186991): 0 -> 1
Cell (virus_2917968,host_270698): 0 -> 1
Cell (virus_2917968,host_463808): 0 -> 1
Cell (virus_2917968,host_376555): 0 -> 1
Cell (virus_2917968,host_249024): 0 -> 1
Cell (virus_2917968,host_337453): 0 -> 1
Cell (virus_2917968,host_77218): 0 -> 1
Cell (virus_2917968,host_549403): 0 -> 1
Cell (virus_2917968,host_1898389): 0 -> 1
Cell (virus_2917968,host_372077): 0 -> 1
Cell (virus_2917968,host_58067): 0 -> 1
Cell (virus_2917968,host_498220): 0 -> 1
Cell (virus_2917968,host_58071): 0 -> 1
Cell (virus_2917968,host_1898393): 0 -> 1
Cell (virus_2917968,host_77223): 0 -> 1
Cell (virus_2917968,host_9408): 0 -> 1
Cell (virus_2917968,host_77214): 0 -> 1
Cell (virus_2917968,host_208969): 0 -> 1
Cell (virus_2917968,host_148094): 0 -> 1
Cell (virus_2917968,host_410852): 0 -> 1
Cell (virus_2917968,host_27634): 0 -> 1
Cell (virus_2917968,host_51012): 0 -> 1
Cell (virus_2917968,host_27660): 0 -> 1
Cell (virus_2917968,host_27638): 0 -> 1
Cell (virus_2917968,host_27642): 0 -> 1
Cell (virus_2917968,host_148061): 0 -> 1
Cell (virus_2917968,host_3371013): 0 -> 1
Cell (virus_2917968,host_124751): 0 -> 1
Cell (virus_2917968,host_27622): 0 -> 1
Cell (virus_2917968,host_452595): 0 -> 1
Cell (virus_2917968,host_3370289): 0 -> 1
Cell (virus_2917968,host_9438): 0 -> 1
Cell (virus_2917968,host_153297): 0 -> 1
Cell (virus_2917968,host_258930): 0 -> 1
Cell (virus_2917968,host_61862): 0 -> 1
Cell (virus_2917968,host_29078): 0 -> 1
Cell (virus_2917968,host_110938): 0 -> 1
Cell (virus_2917968,host_526822): 0 -> 1
Cell (virus_2917968,host_59485): 0 -> 1
Cell (virus_3119328,host_105273): 0 -> 1
Cell (virus_3119328,host_105295): 0 -> 1
Cell (virus_3119328,host_51300): 0 -> 1
Cell (virus_3119328,host_59473): 0 -> 1
Cell (virus_3119328,host_3380546): 0 -> 1
Cell (virus_3119328,host_2528591): 0 -> 1
Cell (virus_3119328,host_392004): 0 -> 1
Cell (virus_3119328,host_138979): 0 -> 1
Cell (virus_3119328,host_258940): 0 -> 1
Cell (virus_3119328,host_385037): 0 -> 1
Cell (virus_3119328,host_155035): 0 -> 1
Cell (virus_3119328,host_186990): 0 -> 1
Cell (virus_3119328,host_186991): 0 -> 1
Cell (virus_3119328,host_270698): 0 -> 1
Cell (virus_3119328,host_463808): 0 -> 1
Cell (virus_3119328,host_376555): 0 -> 1
Cell (virus_3119328,host_249024): 0 -> 1
Cell (virus_3119328,host_337453): 0 -> 1
Cell (virus_3119328,host_77218): 0 -> 1
Cell (virus_3119328,host_549403): 0 -> 1
Cell (virus_3119328,host_1898389): 0 -> 1
Cell (virus_3119328,host_372077): 0 -> 1
Cell (virus_3119328,host_58067): 0 -> 1
Cell (virus_3119328,host_498220): 0 -> 1
Cell (virus_3119328,host_58071): 0 -> 1
Cell (virus_3119328,host_1898393): 0 -> 1
Cell (virus_3119328,host_77223): 0 -> 1
Cell (virus_3119328,host_9408): 0 -> 1
Cell (virus_3119328,host_77214): 0 -> 1
Cell (virus_3119328,host_208969): 0 -> 1
Cell (virus_3119328,host_148094): 0 -> 1
Cell (virus_3119328,host_410852): 0 -> 1
Cell (virus_3119328,host_27634): 0 -> 1
Cell (virus_3119328,host_51012): 0 -> 1
Cell (virus_3119328,host_27660): 0 -> 1
Cell (virus_3119328,host_177162): 0 -> 1
Cell (virus_3119328,host_27642): 0 -> 1
Cell (virus_3119328,host_148061): 0 -> 1
Cell (virus_3119328,host_3371013): 0 -> 1
Cell (virus_3119328,host_124751): 0 -> 1
Cell (virus_3119328,host_27622): 0 -> 1
Cell (virus_3119328,host_452595): 0 -> 1
Cell (virus_3119328,host_3370289): 0 -> 1
Cell (virus_3119328,host_9438): 0 -> 1
Cell (virus_3119328,host_153297): 0 -> 1
Cell (virus_3119328,host_249034): 0 -> 1
Cell (virus_3119328,host_258930): 0 -> 1
Cell (virus_3119328,host_61862): 0 -> 1
Cell (virus_3119328,host_29078): 0 -> 1
Cell (virus_3119328,host_110938): 0 -> 1
Cell (virus_3119328,host_526822): 0 -> 1
Cell (virus_3119328,host_59485): 0 -> 1
Cell (virus_3119329,host_105273): 0 -> 1
Cell (virus_3119329,host_105295): 0 -> 1
Cell (virus_3119329,host_51300): 0 -> 1
Cell (virus_3119329,host_59473): 0 -> 1
Cell (virus_3119329,host_3380546): 0 -> 1
Cell (virus_3119329,host_59463): 0 -> 1
Cell (virus_3119329,host_2528591): 0 -> 1
Cell (virus_3119329,host_392004): 0 -> 1
Cell (virus_3119329,host_138979): 0 -> 1
Cell (virus_3119329,host_385037): 0 -> 1
Cell (virus_3119329,host_187017): 0 -> 1
Cell (virus_3119329,host_186991): 0 -> 1
Cell (virus_3119329,host_270698): 0 -> 1
Cell (virus_3119329,host_463808): 0 -> 1
Cell (virus_3119329,host_376555): 0 -> 1
Cell (virus_3119329,host_249024): 0 -> 1
Cell (virus_3119329,host_337453): 0 -> 1
Cell (virus_3119329,host_77218): 0 -> 1
Cell (virus_3119329,host_549403): 0 -> 1
Cell (virus_3119329,host_1898389): 0 -> 1
Cell (virus_3119329,host_77231): 0 -> 1
Cell (virus_3119329,host_372077): 0 -> 1
Cell (virus_3119329,host_58067): 0 -> 1
Cell (virus_3119329,host_498220): 0 -> 1
Cell (virus_3119329,host_58071): 0 -> 1
Cell (virus_3119329,host_1898393): 0 -> 1
Cell (virus_3119329,host_77223): 0 -> 1
Cell (virus_3119329,host_9408): 0 -> 1
Cell (virus_3119329,host_77214): 0 -> 1
Cell (virus_3119329,host_1884717): 0 -> 1
Cell (virus_3119329,host_208969): 0 -> 1
Cell (virus_3119329,host_148094): 0 -> 1
Cell (virus_3119329,host_410852): 0 -> 1
Cell (virus_3119329,host_27634): 0 -> 1
Cell (virus_3119329,host_51012): 0 -> 1
Cell (virus_3119329,host_27660): 0 -> 1
Cell (virus_3119329,host_177162): 0 -> 1
Cell (virus_3119329,host_27638): 0 -> 1
Cell (virus_3119329,host_27642): 0 -> 1
Cell (virus_3119329,host_148061): 0 -> 1
Cell (virus_3119329,host_3371013): 0 -> 1
Cell (virus_3119329,host_452595): 0 -> 1
Cell (virus_3119329,host_3370289): 0 -> 1
Cell (virus_3119329,host_9438): 0 -> 1
Cell (virus_3119329,host_153297): 0 -> 1
Cell (virus_3119329,host_258930): 0 -> 1
Cell (virus_3119329,host_61862): 0 -> 1
Cell (virus_3119329,host_29078): 0 -> 1
Cell (virus_3119329,host_110938): 0 -> 1
Cell (virus_3119329,host_526822): 0 -> 1
Cell (virus_3119329,host_59485): 0 -> 1
Cell (virus_2991941,host_105295): 0 -> 1
Cell (virus_2991941,host_51300): 0 -> 1
Cell (virus_2991941,host_59473): 0 -> 1
Cell (virus_2991941,host_3380546): 0 -> 1
Cell (virus_2991941,host_59463): 0 -> 1
Cell (virus_2991941,host_2528591): 0 -> 1
Cell (virus_2991941,host_392004): 0 -> 1
Cell (virus_2991941,host_98922): 0 -> 1
Cell (virus_2991941,host_138979): 0 -> 1
Cell (virus_2991941,host_385037): 0 -> 1
Cell (virus_2991941,host_187017): 0 -> 1
Cell (virus_2991941,host_186991): 0 -> 1
Cell (virus_2991941,host_270698): 0 -> 1
Cell (virus_2991941,host_463808): 0 -> 1
Cell (virus_2991941,host_376555): 0 -> 1
Cell (virus_2991941,host_249024): 0 -> 1
Cell (virus_2991941,host_59479): 0 -> 1
Cell (virus_2991941,host_337453): 0 -> 1
Cell (virus_2991941,host_77218): 0 -> 1
Cell (virus_2991941,host_329870): 0 -> 1
Cell (virus_2991941,host_549403): 0 -> 1
Cell (virus_2991941,host_1898389): 0 -> 1
Cell (virus_2991941,host_77231): 0 -> 1
Cell (virus_2991941,host_372077): 0 -> 1
Cell (virus_2991941,host_58067): 0 -> 1
Cell (virus_2991941,host_58071): 0 -> 1
Cell (virus_2991941,host_1898393): 0 -> 1
Cell (virus_2991941,host_77223): 0 -> 1
Cell (virus_2991941,host_9408): 0 -> 1
Cell (virus_2991941,host_77214): 0 -> 1
Cell (virus_2991941,host_1884717): 0 -> 1
Cell (virus_2991941,host_208969): 0 -> 1
Cell (virus_2991941,host_40233): 0 -> 1
Cell (virus_2991941,host_148094): 0 -> 1
Cell (virus_2991941,host_27663): 0 -> 1
Cell (virus_2991941,host_27634): 0 -> 1
Cell (virus_2991941,host_51012): 0 -> 1
Cell (virus_2991941,host_27660): 0 -> 1
Cell (virus_2991941,host_177162): 0 -> 1
Cell (virus_2991941,host_27638): 0 -> 1
Cell (virus_2991941,host_27642): 0 -> 1
Cell (virus_2991941,host_148061): 0 -> 1
Cell (virus_2991941,host_3042450): 0 -> 1
Cell (virus_2991941,host_452595): 0 -> 1
Cell (virus_2991941,host_3370289): 0 -> 1
Cell (virus_2991941,host_9438): 0 -> 1
Cell (virus_2991941,host_153297): 0 -> 1
Cell (virus_2991941,host_258930): 0 -> 1
Cell (virus_2991941,host_61862): 0 -> 1
Cell (virus_2991941,host_2969767): 0 -> 1
Cell (virus_2991941,host_526822): 0 -> 1
Cell (virus_2991941,host_59485): 0 -> 1
Cell (virus_2993504,host_105295): 0 -> 1
Cell (virus_2993504,host_51300): 0 -> 1
Cell (virus_2993504,host_59473): 0 -> 1
Cell (virus_2993504,host_3380546): 0 -> 1
Cell (virus_2993504,host_59463): 0 -> 1
Cell (virus_2993504,host_2528591): 0 -> 1
Cell (virus_2993504,host_392004): 0 -> 1
Cell (virus_2993504,host_98922): 0 -> 1
Cell (virus_2993504,host_138979): 0 -> 1
Cell (virus_2993504,host_385037): 0 -> 1
Cell (virus_2993504,host_187017): 0 -> 1
Cell (virus_2993504,host_186991): 0 -> 1
Cell (virus_2993504,host_270698): 0 -> 1
Cell (virus_2993504,host_463808): 0 -> 1
Cell (virus_2993504,host_376555): 0 -> 1
Cell (virus_2993504,host_249024): 0 -> 1
Cell (virus_2993504,host_337453): 0 -> 1
Cell (virus_2993504,host_77218): 0 -> 1
Cell (virus_2993504,host_329870): 0 -> 1
Cell (virus_2993504,host_549403): 0 -> 1
Cell (virus_2993504,host_1898389): 0 -> 1
Cell (virus_2993504,host_77231): 0 -> 1
Cell (virus_2993504,host_372077): 0 -> 1
Cell (virus_2993504,host_58067): 0 -> 1
Cell (virus_2993504,host_58071): 0 -> 1
Cell (virus_2993504,host_1898393): 0 -> 1
Cell (virus_2993504,host_77223): 0 -> 1
Cell (virus_2993504,host_9408): 0 -> 1
Cell (virus_2993504,host_77214): 0 -> 1
Cell (virus_2993504,host_1884717): 0 -> 1
Cell (virus_2993504,host_208969): 0 -> 1
Cell (virus_2993504,host_40233): 0 -> 1
Cell (virus_2993504,host_148094): 0 -> 1
Cell (virus_2993504,host_27663): 0 -> 1
Cell (virus_2993504,host_27634): 0 -> 1
Cell (virus_2993504,host_51012): 0 -> 1
Cell (virus_2993504,host_27660): 0 -> 1
Cell (virus_2993504,host_177162): 0 -> 1
Cell (virus_2993504,host_27638): 0 -> 1
Cell (virus_2993504,host_27642): 0 -> 1
Cell (virus_2993504,host_148061): 0 -> 1
Cell (virus_2993504,host_9414): 0 -> 1
Cell (virus_2993504,host_452595): 0 -> 1
Cell (virus_2993504,host_3370289): 0 -> 1
Cell (virus_2993504,host_9438): 0 -> 1
Cell (virus_2993504,host_153297): 0 -> 1
Cell (virus_2993504,host_258930): 0 -> 1
Cell (virus_2993504,host_61862): 0 -> 1
Cell (virus_2993504,host_2969767): 0 -> 1
Cell (virus_2993504,host_526822): 0 -> 1
Cell (virus_2993504,host_59485): 0 -> 1
Cell (virus_1335626,host_51300): 0 -> 1
Cell (virus_1335626,host_519446): 0 -> 1
Cell (virus_1335626,host_2528591): 0 -> 1
Cell (virus_1335626,host_392004): 0 -> 1
Cell (virus_1335626,host_203696): 0 -> 1
Cell (virus_1335626,host_98922): 0 -> 1
Cell (virus_1335626,host_138979): 0 -> 1
Cell (virus_1335626,host_258940): 0 -> 1
Cell (virus_1335626,host_452654): 0 -> 1
Cell (virus_1335626,host_385037): 0 -> 1
Cell (virus_1335626,host_258925): 0 -> 1
Cell (virus_1335626,host_1207989): 0 -> 1
Cell (virus_1335626,host_186991): 0 -> 1
Cell (virus_1335626,host_157961): 0 -> 1
Cell (virus_1335626,host_334201): 0 -> 1
Cell (virus_1335626,host_584995): 0 -> 1
Cell (virus_1335626,host_302402): 0 -> 1
Cell (virus_1335626,host_463808): 0 -> 1
Cell (virus_1335626,host_170233): 0 -> 1
Cell (virus_1335626,host_376555): 0 -> 1
Cell (virus_1335626,host_867892): 0 -> 1
Cell (virus_1335626,host_178895): 0 -> 1
Cell (virus_1335626,host_608708): 0 -> 1
Cell (virus_1335626,host_89399): 0 -> 1
Cell (virus_1335626,host_249024): 0 -> 1
Cell (virus_1335626,host_2603866): 0 -> 1
Cell (virus_1335626,host_302408): 0 -> 1
Cell (virus_1335626,host_59479): 0 -> 1
Cell (virus_1335626,host_337453): 0 -> 1
Cell (virus_1335626,host_549403): 0 -> 1
Cell (virus_1335626,host_124756): 0 -> 1
Cell (virus_1335626,host_385575): 0 -> 1
Cell (virus_1335626,host_77231): 0 -> 1
Cell (virus_1335626,host_372077): 0 -> 1
Cell (virus_1335626,host_58073): 0 -> 1
Cell (virus_1335626,host_9408): 0 -> 1
Cell (virus_1335626,host_77214): 0 -> 1
Cell (virus_1335626,host_1898386): 0 -> 1
Cell (virus_1335626,host_77233): 0 -> 1
Cell (virus_1335626,host_374419): 0 -> 1
Cell (virus_1335626,host_326151): 0 -> 1
Cell (virus_1335626,host_326083): 0 -> 1
Cell (virus_1335626,host_1381355): 0 -> 1
Cell (virus_1335626,host_907075): 0 -> 1
Cell (virus_1335626,host_118856): 0 -> 1
Cell (virus_1335626,host_94956): 0 -> 1
Cell (virus_1335626,host_1884717): 0 -> 1
Cell (virus_1335626,host_148094): 0 -> 1
Cell (virus_1335626,host_410852): 0 -> 1
Cell (virus_1335626,host_51012): 0 -> 1
Cell (virus_1335626,host_192403): 0 -> 1
Cell (virus_1335626,host_27660): 0 -> 1
Cell (virus_1335626,host_177162): 0 -> 1
Cell (virus_1335626,host_27642): 0 -> 1
Cell (virus_1335626,host_409031): 0 -> 1
Cell (virus_1335626,host_9423): 0 -> 1
Cell (virus_1335626,host_148061): 0 -> 1
Cell (virus_1335626,host_3371013): 0 -> 1
Cell (virus_1335626,host_59472): 0 -> 1
Cell (virus_1335626,host_3370289): 0 -> 1
Cell (virus_1335626,host_9438): 0 -> 1
Cell (virus_1335626,host_153297): 0 -> 1
Cell (virus_1335626,host_249034): 0 -> 1
Cell (virus_1335626,host_258930): 0 -> 1
Cell (virus_1335626,host_909369): 0 -> 1
Cell (virus_1335626,host_3371021): 0 -> 1
Cell (virus_1335626,host_999321): 0 -> 1
Cell (virus_1335626,host_867834): 0 -> 1
Cell (virus_1335626,host_258959): 0 -> 1
Cell (virus_1335626,host_526822): 0 -> 1
Cell (virus_3433633,host_51300): 0 -> 1
Cell (virus_3433633,host_519446): 0 -> 1
Cell (virus_3433633,host_2528591): 0 -> 1
Cell (virus_3433633,host_392004): 0 -> 1
Cell (virus_3433633,host_203696): 0 -> 1
Cell (virus_3433633,host_98922): 0 -> 1
Cell (virus_3433633,host_138979): 0 -> 1
Cell (virus_3433633,host_258940): 0 -> 1
Cell (virus_3433633,host_452654): 0 -> 1
Cell (virus_3433633,host_385037): 0 -> 1
Cell (virus_3433633,host_258925): 0 -> 1
Cell (virus_3433633,host_1207989): 0 -> 1
Cell (virus_3433633,host_186991): 0 -> 1
Cell (virus_3433633,host_157961): 0 -> 1
Cell (virus_3433633,host_334201): 0 -> 1
Cell (virus_3433633,host_584995): 0 -> 1
Cell (virus_3433633,host_302402): 0 -> 1
Cell (virus_3433633,host_463808): 0 -> 1
Cell (virus_3433633,host_170233): 0 -> 1
Cell (virus_3433633,host_376555): 0 -> 1
Cell (virus_3433633,host_867892): 0 -> 1
Cell (virus_3433633,host_178895): 0 -> 1
Cell (virus_3433633,host_608708): 0 -> 1
Cell (virus_3433633,host_89399): 0 -> 1
Cell (virus_3433633,host_249024): 0 -> 1
Cell (virus_3433633,host_2603866): 0 -> 1
Cell (virus_3433633,host_302408): 0 -> 1
Cell (virus_3433633,host_59479): 0 -> 1
Cell (virus_3433633,host_337453): 0 -> 1
Cell (virus_3433633,host_549403): 0 -> 1
Cell (virus_3433633,host_124756): 0 -> 1
Cell (virus_3433633,host_385575): 0 -> 1
Cell (virus_3433633,host_77231): 0 -> 1
Cell (virus_3433633,host_372077): 0 -> 1
Cell (virus_3433633,host_58073): 0 -> 1
Cell (virus_3433633,host_9408): 0 -> 1
Cell (virus_3433633,host_77214): 0 -> 1
Cell (virus_3433633,host_1898386): 0 -> 1
Cell (virus_3433633,host_77233): 0 -> 1
Cell (virus_3433633,host_374419): 0 -> 1
Cell (virus_3433633,host_326151): 0 -> 1
Cell (virus_3433633,host_326083): 0 -> 1
Cell (virus_3433633,host_1381355): 0 -> 1
Cell (virus_3433633,host_907075): 0 -> 1
Cell (virus_3433633,host_118856): 0 -> 1
Cell (virus_3433633,host_94956): 0 -> 1
Cell (virus_3433633,host_1884717): 0 -> 1
Cell (virus_3433633,host_148094): 0 -> 1
Cell (virus_3433633,host_410852): 0 -> 1
Cell (virus_3433633,host_51012): 0 -> 1
Cell (virus_3433633,host_192403): 0 -> 1
Cell (virus_3433633,host_27660): 0 -> 1
Cell (virus_3433633,host_177162): 0 -> 1
Cell (virus_3433633,host_27642): 0 -> 1
Cell (virus_3433633,host_409031): 0 -> 1
Cell (virus_3433633,host_9423): 0 -> 1
Cell (virus_3433633,host_148061): 0 -> 1
Cell (virus_3433633,host_3371013): 0 -> 1
Cell (virus_3433633,host_59472): 0 -> 1
Cell (virus_3433633,host_3370289): 0 -> 1
Cell (virus_3433633,host_9438): 0 -> 1
Cell (virus_3433633,host_153297): 0 -> 1
Cell (virus_3433633,host_249034): 0 -> 1
Cell (virus_3433633,host_258930): 0 -> 1
Cell (virus_3433633,host_909369): 0 -> 1
Cell (virus_3433633,host_3371021): 0 -> 1
Cell (virus_3433633,host_999321): 0 -> 1
Cell (virus_3433633,host_867834): 0 -> 1
Cell (virus_3433633,host_258959): 0 -> 1
Cell (virus_3433633,host_526822): 0 -> 1
Cell (virus_1508220,host_105273): 0 -> 1
Cell (virus_1508220,host_51300): 0 -> 1
Cell (virus_1508220,host_9435): 0 -> 1
Cell (virus_1508220,host_2528591): 0 -> 1
Cell (virus_1508220,host_392004): 0 -> 1
Cell (virus_1508220,host_203696): 0 -> 1
Cell (virus_1508220,host_98922): 0 -> 1
Cell (virus_1508220,host_138979): 0 -> 1
Cell (virus_1508220,host_452654): 0 -> 1
Cell (virus_1508220,host_385037): 0 -> 1
Cell (virus_1508220,host_258925): 0 -> 1
Cell (virus_1508220,host_1207989): 0 -> 1
Cell (virus_1508220,host_186991): 0 -> 1
Cell (virus_1508220,host_157961): 0 -> 1
Cell (virus_1508220,host_334201): 0 -> 1
Cell (virus_1508220,host_584995): 0 -> 1
Cell (virus_1508220,host_463808): 0 -> 1
Cell (virus_1508220,host_170233): 0 -> 1
Cell (virus_1508220,host_376555): 0 -> 1
Cell (virus_1508220,host_867892): 0 -> 1
Cell (virus_1508220,host_178895): 0 -> 1
Cell (virus_1508220,host_608708): 0 -> 1
Cell (virus_1508220,host_249024): 0 -> 1
Cell (virus_1508220,host_2603866): 0 -> 1
Cell (virus_1508220,host_302408): 0 -> 1
Cell (virus_1508220,host_337453): 0 -> 1
Cell (virus_1508220,host_1195082): 0 -> 1
Cell (virus_1508220,host_549403): 0 -> 1
Cell (virus_1508220,host_124756): 0 -> 1
Cell (virus_1508220,host_385575): 0 -> 1
Cell (virus_1508220,host_77231): 0 -> 1
Cell (virus_1508220,host_372077): 0 -> 1
Cell (virus_1508220,host_58073): 0 -> 1
Cell (virus_1508220,host_9408): 0 -> 1
Cell (virus_1508220,host_77214): 0 -> 1
Cell (virus_1508220,host_1898386): 0 -> 1
Cell (virus_1508220,host_9400): 0 -> 1
Cell (virus_1508220,host_77233): 0 -> 1
Cell (virus_1508220,host_374419): 0 -> 1
Cell (virus_1508220,host_326151): 0 -> 1
Cell (virus_1508220,host_326083): 0 -> 1
Cell (virus_1508220,host_1381355): 0 -> 1
Cell (virus_1508220,host_187003): 0 -> 1
Cell (virus_1508220,host_907075): 0 -> 1
Cell (virus_1508220,host_94956): 0 -> 1
Cell (virus_1508220,host_1884717): 0 -> 1
Cell (virus_1508220,host_148094): 0 -> 1
Cell (virus_1508220,host_51012): 0 -> 1
Cell (virus_1508220,host_27660): 0 -> 1
Cell (virus_1508220,host_177162): 0 -> 1
Cell (virus_1508220,host_27642): 0 -> 1
Cell (virus_1508220,host_9423): 0 -> 1
Cell (virus_1508220,host_148061): 0 -> 1
Cell (virus_1508220,host_59472): 0 -> 1
Cell (virus_1508220,host_438766): 0 -> 1
Cell (virus_1508220,host_3370289): 0 -> 1
Cell (virus_1508220,host_153297): 0 -> 1
Cell (virus_1508220,host_249034): 0 -> 1
Cell (virus_1508220,host_258930): 0 -> 1
Cell (virus_1508220,host_3371021): 0 -> 1
Cell (virus_1508220,host_999321): 0 -> 1
Cell (virus_1508220,host_867834): 0 -> 1
Cell (virus_1508220,host_526822): 0 -> 1
Cell (virus_3433775,host_105273): 0 -> 1
Cell (virus_3433775,host_51300): 0 -> 1
Cell (virus_3433775,host_9435): 0 -> 1
Cell (virus_3433775,host_2528591): 0 -> 1
Cell (virus_3433775,host_392004): 0 -> 1
Cell (virus_3433775,host_203696): 0 -> 1
Cell (virus_3433775,host_98922): 0 -> 1
Cell (virus_3433775,host_138979): 0 -> 1
Cell (virus_3433775,host_452654): 0 -> 1
Cell (virus_3433775,host_385037): 0 -> 1
Cell (virus_3433775,host_258925): 0 -> 1
Cell (virus_3433775,host_1207989): 0 -> 1
Cell (virus_3433775,host_186991): 0 -> 1
Cell (virus_3433775,host_157961): 0 -> 1
Cell (virus_3433775,host_334201): 0 -> 1
Cell (virus_3433775,host_584995): 0 -> 1
Cell (virus_3433775,host_463808): 0 -> 1
Cell (virus_3433775,host_170233): 0 -> 1
Cell (virus_3433775,host_376555): 0 -> 1
Cell (virus_3433775,host_867892): 0 -> 1
Cell (virus_3433775,host_178895): 0 -> 1
Cell (virus_3433775,host_608708): 0 -> 1
Cell (virus_3433775,host_249024): 0 -> 1
Cell (virus_3433775,host_2603866): 0 -> 1
Cell (virus_3433775,host_302408): 0 -> 1
Cell (virus_3433775,host_337453): 0 -> 1
Cell (virus_3433775,host_1195082): 0 -> 1
Cell (virus_3433775,host_549403): 0 -> 1
Cell (virus_3433775,host_124756): 0 -> 1
Cell (virus_3433775,host_385575): 0 -> 1
Cell (virus_3433775,host_77231): 0 -> 1
Cell (virus_3433775,host_372077): 0 -> 1
Cell (virus_3433775,host_58073): 0 -> 1
Cell (virus_3433775,host_9408): 0 -> 1
Cell (virus_3433775,host_77214): 0 -> 1
Cell (virus_3433775,host_1898386): 0 -> 1
Cell (virus_3433775,host_77233): 0 -> 1
Cell (virus_3433775,host_374419): 0 -> 1
Cell (virus_3433775,host_326151): 0 -> 1
Cell (virus_3433775,host_326083): 0 -> 1
Cell (virus_3433775,host_1381355): 0 -> 1
Cell (virus_3433775,host_907075): 0 -> 1
Cell (virus_3433775,host_94956): 0 -> 1
Cell (virus_3433775,host_1884717): 0 -> 1
Cell (virus_3433775,host_148094): 0 -> 1
Cell (virus_3433775,host_51012): 0 -> 1
Cell (virus_3433775,host_27660): 0 -> 1
Cell (virus_3433775,host_177162): 0 -> 1
Cell (virus_3433775,host_27642): 0 -> 1
Cell (virus_3433775,host_9423): 0 -> 1
Cell (virus_3433775,host_148061): 0 -> 1
Cell (virus_3433775,host_59472): 0 -> 1
Cell (virus_3433775,host_438766): 0 -> 1
Cell (virus_3433775,host_3370289): 0 -> 1
Cell (virus_3433775,host_999964): 0 -> 1
Cell (virus_3433775,host_153297): 0 -> 1
Cell (virus_3433775,host_249034): 0 -> 1
Cell (virus_3433775,host_258930): 0 -> 1
Cell (virus_3433775,host_3371021): 0 -> 1
Cell (virus_3433775,host_999321): 0 -> 1
Cell (virus_3433775,host_867834): 0 -> 1
Cell (virus_3433775,host_526822): 0 -> 1
Cell (virus_694008,host_105273): 0 -> 1
Cell (virus_694008,host_51300): 0 -> 1
Cell (virus_694008,host_9435): 0 -> 1
Cell (virus_694008,host_2528591): 0 -> 1
Cell (virus_694008,host_392004): 0 -> 1
Cell (virus_694008,host_203696): 0 -> 1
Cell (virus_694008,host_98922): 0 -> 1
Cell (virus_694008,host_138979): 0 -> 1
Cell (virus_694008,host_452654): 0 -> 1
Cell (virus_694008,host_385037): 0 -> 1
Cell (virus_694008,host_258925): 0 -> 1
Cell (virus_694008,host_1207989): 0 -> 1
Cell (virus_694008,host_186991): 0 -> 1
Cell (virus_694008,host_157961): 0 -> 1
Cell (virus_694008,host_334201): 0 -> 1
Cell (virus_694008,host_584995): 0 -> 1
Cell (virus_694008,host_463808): 0 -> 1
Cell (virus_694008,host_170233): 0 -> 1
Cell (virus_694008,host_376555): 0 -> 1
Cell (virus_694008,host_867892): 0 -> 1
Cell (virus_694008,host_178895): 0 -> 1
Cell (virus_694008,host_608708): 0 -> 1
Cell (virus_694008,host_249024): 0 -> 1
Cell (virus_694008,host_2603866): 0 -> 1
Cell (virus_694008,host_302408): 0 -> 1
Cell (virus_694008,host_337453): 0 -> 1
Cell (virus_694008,host_1195082): 0 -> 1
Cell (virus_694008,host_549403): 0 -> 1
Cell (virus_694008,host_124756): 0 -> 1
Cell (virus_694008,host_385575): 0 -> 1
Cell (virus_694008,host_77231): 0 -> 1
Cell (virus_694008,host_372077): 0 -> 1
Cell (virus_694008,host_58073): 0 -> 1
Cell (virus_694008,host_9408): 0 -> 1
Cell (virus_694008,host_77214): 0 -> 1
Cell (virus_694008,host_1898386): 0 -> 1
Cell (virus_694008,host_77233): 0 -> 1
Cell (virus_694008,host_374419): 0 -> 1
Cell (virus_694008,host_326151): 0 -> 1
Cell (virus_694008,host_326083): 0 -> 1
Cell (virus_694008,host_1381355): 0 -> 1
Cell (virus_694008,host_907075): 0 -> 1
Cell (virus_694008,host_94956): 0 -> 1
Cell (virus_694008,host_1884717): 0 -> 1
Cell (virus_694008,host_148094): 0 -> 1
Cell (virus_694008,host_51012): 0 -> 1
Cell (virus_694008,host_27660): 0 -> 1
Cell (virus_694008,host_177162): 0 -> 1
Cell (virus_694008,host_27642): 0 -> 1
Cell (virus_694008,host_9423): 0 -> 1
Cell (virus_694008,host_148061): 0 -> 1
Cell (virus_694008,host_59472): 0 -> 1
Cell (virus_694008,host_438766): 0 -> 1
Cell (virus_694008,host_3370289): 0 -> 1
Cell (virus_694008,host_999964): 0 -> 1
Cell (virus_694008,host_153297): 0 -> 1
Cell (virus_694008,host_249034): 0 -> 1
Cell (virus_694008,host_258930): 0 -> 1
Cell (virus_694008,host_3371021): 0 -> 1
Cell (virus_694008,host_999321): 0 -> 1
Cell (virus_694008,host_867834): 0 -> 1
Cell (virus_694008,host_526822): 0 -> 1
Cell (virus_2832974,host_51300): 0 -> 1
Cell (virus_2832974,host_2528591): 0 -> 1
Cell (virus_2832974,host_392004): 0 -> 1
Cell (virus_2832974,host_203696): 0 -> 1
Cell (virus_2832974,host_98922): 0 -> 1
Cell (virus_2832974,host_138979): 0 -> 1
Cell (virus_2832974,host_452654): 0 -> 1
Cell (virus_2832974,host_385037): 0 -> 1
Cell (virus_2832974,host_258925): 0 -> 1
Cell (virus_2832974,host_2603869): 0 -> 1
Cell (virus_2832974,host_1207989): 0 -> 1
Cell (virus_2832974,host_59453): 0 -> 1
Cell (virus_2832974,host_186991): 0 -> 1
Cell (virus_2832974,host_157961): 0 -> 1
Cell (virus_2832974,host_334201): 0 -> 1
Cell (virus_2832974,host_584995): 0 -> 1
Cell (virus_2832974,host_463808): 0 -> 1
Cell (virus_2832974,host_170233): 0 -> 1
Cell (virus_2832974,host_376555): 0 -> 1
Cell (virus_2832974,host_867892): 0 -> 1
Cell (virus_2832974,host_178895): 0 -> 1
Cell (virus_2832974,host_608708): 0 -> 1
Cell (virus_2832974,host_2603866): 0 -> 1
Cell (virus_2832974,host_302408): 0 -> 1
Cell (virus_2832974,host_59479): 0 -> 1
Cell (virus_2832974,host_337453): 0 -> 1
Cell (virus_2832974,host_1195082): 0 -> 1
Cell (virus_2832974,host_549403): 0 -> 1
Cell (virus_2832974,host_124756): 0 -> 1
Cell (virus_2832974,host_385575): 0 -> 1
Cell (virus_2832974,host_77231): 0 -> 1
Cell (virus_2832974,host_372077): 0 -> 1
Cell (virus_2832974,host_9408): 0 -> 1
Cell (virus_2832974,host_58065): 0 -> 1
Cell (virus_2832974,host_77214): 0 -> 1
Cell (virus_2832974,host_1898386): 0 -> 1
Cell (virus_2832974,host_77233): 0 -> 1
Cell (virus_2832974,host_374419): 0 -> 1
Cell (virus_2832974,host_326151): 0 -> 1
Cell (virus_2832974,host_1381355): 0 -> 1
Cell (virus_2832974,host_907075): 0 -> 1
Cell (virus_2832974,host_94956): 0 -> 1
Cell (virus_2832974,host_1884717): 0 -> 1
Cell (virus_2832974,host_148094): 0 -> 1
Cell (virus_2832974,host_410852): 0 -> 1
Cell (virus_2832974,host_51012): 0 -> 1
Cell (virus_2832974,host_196700): 0 -> 1
Cell (virus_2832974,host_27660): 0 -> 1
Cell (virus_2832974,host_177162): 0 -> 1
Cell (virus_2832974,host_27642): 0 -> 1
Cell (virus_2832974,host_409031): 0 -> 1
Cell (virus_2832974,host_9423): 0 -> 1
Cell (virus_2832974,host_148061): 0 -> 1
Cell (virus_2832974,host_9430): 0 -> 1
Cell (virus_2832974,host_94961): 0 -> 1
Cell (virus_2832974,host_59472): 0 -> 1
Cell (virus_2832974,host_438766): 0 -> 1
Cell (virus_2832974,host_3370289): 0 -> 1
Cell (virus_2832974,host_153297): 0 -> 1
Cell (virus_2832974,host_249034): 0 -> 1
Cell (virus_2832974,host_258930): 0 -> 1
Cell (virus_2832974,host_909369): 0 -> 1
Cell (virus_2832974,host_3371021): 0 -> 1
Cell (virus_2832974,host_999321): 0 -> 1
Cell (virus_2832974,host_867834): 0 -> 1
Cell (virus_2832974,host_258959): 0 -> 1
Cell (virus_2832974,host_526822): 0 -> 1
Cell (virus_1928434,host_105295): 0 -> 1
Cell (virus_1928434,host_51300): 0 -> 1
Cell (virus_1928434,host_294653): 0 -> 1
Cell (virus_1928434,host_2528591): 0 -> 1
Cell (virus_1928434,host_392004): 0 -> 1
Cell (virus_1928434,host_526407): 0 -> 1
Cell (virus_1928434,host_203696): 0 -> 1
Cell (virus_1928434,host_452654): 0 -> 1
Cell (virus_1928434,host_155915): 0 -> 1
Cell (virus_1928434,host_188568): 0 -> 1
Cell (virus_1928434,host_1207989): 0 -> 1
Cell (virus_1928434,host_186991): 0 -> 1
Cell (virus_1928434,host_334201): 0 -> 1
Cell (virus_1928434,host_463808): 0 -> 1
Cell (virus_1928434,host_376555): 0 -> 1
Cell (virus_1928434,host_196296): 0 -> 1
Cell (virus_1928434,host_608708): 0 -> 1
Cell (virus_1928434,host_89399): 0 -> 1
Cell (virus_1928434,host_2603866): 0 -> 1
Cell (virus_1928434,host_302408): 0 -> 1
Cell (virus_1928434,host_59479): 0 -> 1
Cell (virus_1928434,host_337453): 0 -> 1
Cell (virus_1928434,host_1898389): 0 -> 1
Cell (virus_1928434,host_77231): 0 -> 1
Cell (virus_1928434,host_372077): 0 -> 1
Cell (virus_1928434,host_498220): 0 -> 1
Cell (virus_1928434,host_9408): 0 -> 1
Cell (virus_1928434,host_1898386): 0 -> 1
Cell (virus_1928434,host_326151): 0 -> 1
Cell (virus_1928434,host_326083): 0 -> 1
Cell (virus_1928434,host_1381355): 0 -> 1
Cell (virus_1928434,host_1884717): 0 -> 1
Cell (virus_1928434,host_208969): 0 -> 1
Cell (virus_1928434,host_148094): 0 -> 1
Cell (virus_1928434,host_51012): 0 -> 1
Cell (virus_1928434,host_192403): 0 -> 1
Cell (virus_1928434,host_177162): 0 -> 1
Cell (virus_1928434,host_27638): 0 -> 1
Cell (virus_1928434,host_27642): 0 -> 1
Cell (virus_1928434,host_9423): 0 -> 1
Cell (virus_1928434,host_3042450): 0 -> 1
Cell (virus_1928434,host_59472): 0 -> 1
Cell (virus_1928434,host_9433): 0 -> 1
Cell (virus_1928434,host_124751): 0 -> 1
Cell (virus_1928434,host_242384): 0 -> 1
Cell (virus_1928434,host_3370289): 0 -> 1
Cell (virus_1928434,host_9438): 0 -> 1
Cell (virus_1928434,host_153297): 0 -> 1
Cell (virus_1928434,host_909369): 0 -> 1
Cell (virus_1928434,host_258959): 0 -> 1
Cell (virus_3433757,host_105295): 0 -> 1
Cell (virus_3433757,host_51300): 0 -> 1
Cell (virus_3433757,host_294653): 0 -> 1
Cell (virus_3433757,host_2528591): 0 -> 1
Cell (virus_3433757,host_392004): 0 -> 1
Cell (virus_3433757,host_526407): 0 -> 1
Cell (virus_3433757,host_203696): 0 -> 1
Cell (virus_3433757,host_452654): 0 -> 1
Cell (virus_3433757,host_155915): 0 -> 1
Cell (virus_3433757,host_188568): 0 -> 1
Cell (virus_3433757,host_1207989): 0 -> 1
Cell (virus_3433757,host_186991): 0 -> 1
Cell (virus_3433757,host_334201): 0 -> 1
Cell (virus_3433757,host_463808): 0 -> 1
Cell (virus_3433757,host_376555): 0 -> 1
Cell (virus_3433757,host_196296): 0 -> 1
Cell (virus_3433757,host_608708): 0 -> 1
Cell (virus_3433757,host_89399): 0 -> 1
Cell (virus_3433757,host_2603866): 0 -> 1
Cell (virus_3433757,host_302408): 0 -> 1
Cell (virus_3433757,host_59479): 0 -> 1
Cell (virus_3433757,host_337453): 0 -> 1
Cell (virus_3433757,host_1898389): 0 -> 1
Cell (virus_3433757,host_77231): 0 -> 1
Cell (virus_3433757,host_372077): 0 -> 1
Cell (virus_3433757,host_498220): 0 -> 1
Cell (virus_3433757,host_9408): 0 -> 1
Cell (virus_3433757,host_1898386): 0 -> 1
Cell (virus_3433757,host_326151): 0 -> 1
Cell (virus_3433757,host_1381355): 0 -> 1
Cell (virus_3433757,host_1884717): 0 -> 1
Cell (virus_3433757,host_208969): 0 -> 1
Cell (virus_3433757,host_148094): 0 -> 1
Cell (virus_3433757,host_410852): 0 -> 1
Cell (virus_3433757,host_51012): 0 -> 1
Cell (virus_3433757,host_192403): 0 -> 1
Cell (virus_3433757,host_177162): 0 -> 1
Cell (virus_3433757,host_27638): 0 -> 1
Cell (virus_3433757,host_27642): 0 -> 1
Cell (virus_3433757,host_9423): 0 -> 1
Cell (virus_3433757,host_3042450): 0 -> 1
Cell (virus_3433757,host_59472): 0 -> 1
Cell (virus_3433757,host_9433): 0 -> 1
Cell (virus_3433757,host_124751): 0 -> 1
Cell (virus_3433757,host_242384): 0 -> 1
Cell (virus_3433757,host_3370289): 0 -> 1
Cell (virus_3433757,host_9438): 0 -> 1
Cell (virus_3433757,host_153297): 0 -> 1
Cell (virus_3433757,host_909369): 0 -> 1
Cell (virus_3433757,host_258959): 0 -> 1
Cell (virus_694003,host_105295): 0 -> 1
Cell (virus_694003,host_51300): 0 -> 1
Cell (virus_694003,host_294653): 0 -> 1
Cell (virus_694003,host_2528591): 0 -> 1
Cell (virus_694003,host_392004): 0 -> 1
Cell (virus_694003,host_526407): 0 -> 1
Cell (virus_694003,host_203696): 0 -> 1
Cell (virus_694003,host_452654): 0 -> 1
Cell (virus_694003,host_155915): 0 -> 1
Cell (virus_694003,host_188568): 0 -> 1
Cell (virus_694003,host_1207989): 0 -> 1
Cell (virus_694003,host_186991): 0 -> 1
Cell (virus_694003,host_334201): 0 -> 1
Cell (virus_694003,host_463808): 0 -> 1
Cell (virus_694003,host_376555): 0 -> 1
Cell (virus_694003,host_196296): 0 -> 1
Cell (virus_694003,host_608708): 0 -> 1
Cell (virus_694003,host_89399): 0 -> 1
Cell (virus_694003,host_2603866): 0 -> 1
Cell (virus_694003,host_302408): 0 -> 1
Cell (virus_694003,host_59479): 0 -> 1
Cell (virus_694003,host_337453): 0 -> 1
Cell (virus_694003,host_1898389): 0 -> 1
Cell (virus_694003,host_77231): 0 -> 1
Cell (virus_694003,host_372077): 0 -> 1
Cell (virus_694003,host_498220): 0 -> 1
Cell (virus_694003,host_9408): 0 -> 1
Cell (virus_694003,host_1898386): 0 -> 1
Cell (virus_694003,host_326151): 0 -> 1
Cell (virus_694003,host_1381355): 0 -> 1
Cell (virus_694003,host_1884717): 0 -> 1
Cell (virus_694003,host_208969): 0 -> 1
Cell (virus_694003,host_148094): 0 -> 1
Cell (virus_694003,host_410852): 0 -> 1
Cell (virus_694003,host_51012): 0 -> 1
Cell (virus_694003,host_192403): 0 -> 1
Cell (virus_694003,host_177162): 0 -> 1
Cell (virus_694003,host_27638): 0 -> 1
Cell (virus_694003,host_27642): 0 -> 1
Cell (virus_694003,host_9423): 0 -> 1
Cell (virus_694003,host_3042450): 0 -> 1
Cell (virus_694003,host_59472): 0 -> 1
Cell (virus_694003,host_9433): 0 -> 1
Cell (virus_694003,host_124751): 0 -> 1
Cell (virus_694003,host_242384): 0 -> 1
Cell (virus_694003,host_3370289): 0 -> 1
Cell (virus_694003,host_9438): 0 -> 1
Cell (virus_694003,host_153297): 0 -> 1
Cell (virus_694003,host_909369): 0 -> 1
Cell (virus_694003,host_258959): 0 -> 1
Cell (virus_2717680,host_105295): 0 -> 1
Cell (virus_2717680,host_51300): 0 -> 1
Cell (virus_2717680,host_109481): 0 -> 1
Cell (virus_2717680,host_392004): 0 -> 1
Cell (virus_2717680,host_187014): 0 -> 1
Cell (virus_2717680,host_1911917): 0 -> 1
Cell (virus_2717680,host_98922): 0 -> 1
Cell (virus_2717680,host_385037): 0 -> 1
Cell (virus_2717680,host_258925): 0 -> 1
Cell (virus_2717680,host_187017): 0 -> 1
Cell (virus_2717680,host_1207989): 0 -> 1
Cell (virus_2717680,host_186991): 0 -> 1
Cell (virus_2717680,host_376555): 0 -> 1
Cell (virus_2717680,host_608659): 0 -> 1
Cell (virus_2717680,host_2603866): 0 -> 1
Cell (virus_2717680,host_302408): 0 -> 1
Cell (virus_2717680,host_59479): 0 -> 1
Cell (virus_2717680,host_337453): 0 -> 1
Cell (virus_2717680,host_549403): 0 -> 1
Cell (virus_2717680,host_1898389): 0 -> 1
Cell (virus_2717680,host_77231): 0 -> 1
Cell (virus_2717680,host_58067): 0 -> 1
Cell (virus_2717680,host_498220): 0 -> 1
Cell (virus_2717680,host_9408): 0 -> 1
Cell (virus_2717680,host_77214): 0 -> 1
Cell (virus_2717680,host_1898386): 0 -> 1
Cell (virus_2717680,host_1381355): 0 -> 1
Cell (virus_2717680,host_1884717): 0 -> 1
Cell (virus_2717680,host_148094): 0 -> 1
Cell (virus_2717680,host_410852): 0 -> 1
Cell (virus_2717680,host_51012): 0 -> 1
Cell (virus_2717680,host_177160): 0 -> 1
Cell (virus_2717680,host_148061): 0 -> 1
Cell (virus_2717680,host_59472): 0 -> 1
Cell (virus_2717680,host_27622): 0 -> 1
Cell (virus_2717680,host_3370289): 0 -> 1
Cell (virus_2717680,host_9438): 0 -> 1
Cell (virus_2717680,host_153297): 0 -> 1
Cell (virus_2717680,host_61862): 0 -> 1
Cell (virus_2717680,host_909369): 0 -> 1
Cell (virus_2717680,host_3371021): 0 -> 1
Cell (virus_2833022,host_105295): 0 -> 1
Cell (virus_2833022,host_51300): 0 -> 1
Cell (virus_2833022,host_109481): 0 -> 1
Cell (virus_2833022,host_392004): 0 -> 1
Cell (virus_2833022,host_187014): 0 -> 1
Cell (virus_2833022,host_1911917): 0 -> 1
Cell (virus_2833022,host_203696): 0 -> 1
Cell (virus_2833022,host_98922): 0 -> 1
Cell (virus_2833022,host_385037): 0 -> 1
Cell (virus_2833022,host_258925): 0 -> 1
Cell (virus_2833022,host_187017): 0 -> 1
Cell (virus_2833022,host_685731): 0 -> 1
Cell (virus_2833022,host_1207989): 0 -> 1
Cell (virus_2833022,host_186991): 0 -> 1
Cell (virus_2833022,host_170233): 0 -> 1
Cell (virus_2833022,host_376555): 0 -> 1
Cell (virus_2833022,host_188570): 0 -> 1
Cell (virus_2833022,host_2603866): 0 -> 1
Cell (virus_2833022,host_302408): 0 -> 1
Cell (virus_2833022,host_59479): 0 -> 1
Cell (virus_2833022,host_337453): 0 -> 1
Cell (virus_2833022,host_124756): 0 -> 1
Cell (virus_2833022,host_1898389): 0 -> 1
Cell (virus_2833022,host_77231): 0 -> 1
Cell (virus_2833022,host_58067): 0 -> 1
Cell (virus_2833022,host_498220): 0 -> 1
Cell (virus_2833022,host_77214): 0 -> 1
Cell (virus_2833022,host_1898386): 0 -> 1
Cell (virus_2833022,host_1381355): 0 -> 1
Cell (virus_2833022,host_94956): 0 -> 1
Cell (virus_2833022,host_1884717): 0 -> 1
Cell (virus_2833022,host_148094): 0 -> 1
Cell (virus_2833022,host_410852): 0 -> 1
Cell (virus_2833022,host_51012): 0 -> 1
Cell (virus_2833022,host_40229): 0 -> 1
Cell (virus_2833022,host_177160): 0 -> 1
Cell (virus_2833022,host_148061): 0 -> 1
Cell (virus_2833022,host_9430): 0 -> 1
Cell (virus_2833022,host_59472): 0 -> 1
Cell (virus_2833022,host_3370289): 0 -> 1
Cell (virus_2833022,host_9438): 0 -> 1
Cell (virus_2833022,host_153297): 0 -> 1
Cell (virus_2833022,host_909369): 0 -> 1
Cell (virus_2833022,host_3371021): 0 -> 1
Cell (virus_2913444,host_105295): 0 -> 1
Cell (virus_2913444,host_51300): 0 -> 1
Cell (virus_2913444,host_109481): 0 -> 1
Cell (virus_2913444,host_392004): 0 -> 1
Cell (virus_2913444,host_187014): 0 -> 1
Cell (virus_2913444,host_1911917): 0 -> 1
Cell (virus_2913444,host_203696): 0 -> 1
Cell (virus_2913444,host_98922): 0 -> 1
Cell (virus_2913444,host_385037): 0 -> 1
Cell (virus_2913444,host_258925): 0 -> 1
Cell (virus_2913444,host_187017): 0 -> 1
Cell (virus_2913444,host_685731): 0 -> 1
Cell (virus_2913444,host_1207989): 0 -> 1
Cell (virus_2913444,host_186991): 0 -> 1
Cell (virus_2913444,host_170233): 0 -> 1
Cell (virus_2913444,host_376555): 0 -> 1
Cell (virus_2913444,host_2603866): 0 -> 1
Cell (virus_2913444,host_302408): 0 -> 1
Cell (virus_2913444,host_59479): 0 -> 1
Cell (virus_2913444,host_337453): 0 -> 1
Cell (virus_2913444,host_549403): 0 -> 1
Cell (virus_2913444,host_124756): 0 -> 1
Cell (virus_2913444,host_1898389): 0 -> 1
Cell (virus_2913444,host_77231): 0 -> 1
Cell (virus_2913444,host_58067): 0 -> 1
Cell (virus_2913444,host_498220): 0 -> 1
Cell (virus_2913444,host_77214): 0 -> 1
Cell (virus_2913444,host_1898386): 0 -> 1
Cell (virus_2913444,host_94956): 0 -> 1
Cell (virus_2913444,host_1884717): 0 -> 1
Cell (virus_2913444,host_148094): 0 -> 1
Cell (virus_2913444,host_410852): 0 -> 1
Cell (virus_2913444,host_51012): 0 -> 1
Cell (virus_2913444,host_177160): 0 -> 1
Cell (virus_2913444,host_148061): 0 -> 1
Cell (virus_2913444,host_9430): 0 -> 1
Cell (virus_2913444,host_59472): 0 -> 1
Cell (virus_2913444,host_3370289): 0 -> 1
Cell (virus_2913444,host_9438): 0 -> 1
Cell (virus_2913444,host_153297): 0 -> 1
Cell (virus_2913444,host_909369): 0 -> 1
Cell (virus_2913444,host_3371021): 0 -> 1
Cell (virus_3418614,host_105295): 0 -> 1
Cell (virus_3418614,host_51300): 0 -> 1
Cell (virus_3418614,host_392004): 0 -> 1
Cell (virus_3418614,host_187014): 0 -> 1
Cell (virus_3418614,host_203696): 0 -> 1
Cell (virus_3418614,host_258940): 0 -> 1
Cell (virus_3418614,host_385037): 0 -> 1
Cell (virus_3418614,host_187017): 0 -> 1
Cell (virus_3418614,host_1207989): 0 -> 1
Cell (virus_3418614,host_186991): 0 -> 1
Cell (virus_3418614,host_170233): 0 -> 1
Cell (virus_3418614,host_376555): 0 -> 1
Cell (virus_3418614,host_2603866): 0 -> 1
Cell (virus_3418614,host_302408): 0 -> 1
Cell (virus_3418614,host_59479): 0 -> 1
Cell (virus_3418614,host_337453): 0 -> 1
Cell (virus_3418614,host_549403): 0 -> 1
Cell (virus_3418614,host_3371112): 0 -> 1
Cell (virus_3418614,host_124756): 0 -> 1
Cell (virus_3418614,host_1898389): 0 -> 1
Cell (virus_3418614,host_77231): 0 -> 1
Cell (virus_3418614,host_58071): 0 -> 1
Cell (virus_3418614,host_9408): 0 -> 1
Cell (virus_3418614,host_77214): 0 -> 1
Cell (virus_3418614,host_1898386): 0 -> 1
Cell (virus_3418614,host_1381355): 0 -> 1
Cell (virus_3418614,host_1884717): 0 -> 1
Cell (virus_3418614,host_148094): 0 -> 1
Cell (virus_3418614,host_410852): 0 -> 1
Cell (virus_3418614,host_51012): 0 -> 1
Cell (virus_3418614,host_177160): 0 -> 1
Cell (virus_3418614,host_148061): 0 -> 1
Cell (virus_3418614,host_9430): 0 -> 1
Cell (virus_3418614,host_59472): 0 -> 1
Cell (virus_3418614,host_3370289): 0 -> 1
Cell (virus_3418614,host_9438): 0 -> 1
Cell (virus_3418614,host_153297): 0 -> 1
Cell (virus_3418614,host_909369): 0 -> 1
Cell (virus_3418614,host_3371021): 0 -> 1
Cell (virus_2913379,host_105295): 0 -> 1
Cell (virus_2913379,host_187011): 0 -> 1
Cell (virus_2913379,host_51300): 0 -> 1
Cell (virus_2913379,host_109478): 0 -> 1
Cell (virus_2913379,host_1633875): 0 -> 1
Cell (virus_2913379,host_386774): 0 -> 1
Cell (virus_2913379,host_392004): 0 -> 1
Cell (virus_2913379,host_187014): 0 -> 1
Cell (virus_2913379,host_1911917): 0 -> 1
Cell (virus_2913379,host_203696): 0 -> 1
Cell (virus_2913379,host_98922): 0 -> 1
Cell (virus_2913379,host_587652): 0 -> 1
Cell (virus_2913379,host_385037): 0 -> 1
Cell (virus_2913379,host_258925): 0 -> 1
Cell (virus_2913379,host_187017): 0 -> 1
Cell (virus_2913379,host_1207989): 0 -> 1
Cell (virus_2913379,host_175524): 0 -> 1
Cell (virus_2913379,host_186991): 0 -> 1
Cell (virus_2913379,host_170233): 0 -> 1
Cell (virus_2913379,host_376555): 0 -> 1
Cell (virus_2913379,host_188570): 0 -> 1
Cell (virus_2913379,host_89399): 0 -> 1
Cell (virus_2913379,host_249024): 0 -> 1
Cell (virus_2913379,host_2603866): 0 -> 1
Cell (virus_2913379,host_302408): 0 -> 1
Cell (virus_2913379,host_59479): 0 -> 1
Cell (virus_2913379,host_549403): 0 -> 1
Cell (virus_2913379,host_1898389): 0 -> 1
Cell (virus_2913379,host_498220): 0 -> 1
Cell (virus_2913379,host_9408): 0 -> 1
Cell (virus_2913379,host_77214): 0 -> 1
Cell (virus_2913379,host_1898386): 0 -> 1
Cell (virus_2913379,host_1381355): 0 -> 1
Cell (virus_2913379,host_1884717): 0 -> 1
Cell (virus_2913379,host_208969): 0 -> 1
Cell (virus_2913379,host_148094): 0 -> 1
Cell (virus_2913379,host_410852): 0 -> 1
Cell (virus_2913379,host_51012): 0 -> 1
Cell (virus_2913379,host_177160): 0 -> 1
Cell (virus_2913379,host_27642): 0 -> 1
Cell (virus_2913379,host_148061): 0 -> 1
Cell (virus_2913379,host_59472): 0 -> 1
Cell (virus_2913379,host_187007): 0 -> 1
Cell (virus_2913379,host_258934): 0 -> 1
Cell (virus_2913379,host_124751): 0 -> 1
Cell (virus_2913379,host_3370289): 0 -> 1
Cell (virus_2913379,host_9438): 0 -> 1
Cell (virus_2913379,host_153297): 0 -> 1
Cell (virus_2913379,host_272799): 0 -> 1
Cell (virus_2913379,host_909369): 0 -> 1
Cell (virus_2913379,host_3371021): 0 -> 1
Cell (virus_2913381,host_105295): 0 -> 1
Cell (virus_2913381,host_187011): 0 -> 1
Cell (virus_2913381,host_51300): 0 -> 1
Cell (virus_2913381,host_386774): 0 -> 1
Cell (virus_2913381,host_392004): 0 -> 1
Cell (virus_2913381,host_187014): 0 -> 1
Cell (virus_2913381,host_1911917): 0 -> 1
Cell (virus_2913381,host_203696): 0 -> 1
Cell (virus_2913381,host_98922): 0 -> 1
Cell (virus_2913381,host_587652): 0 -> 1
Cell (virus_2913381,host_155915): 0 -> 1
Cell (virus_2913381,host_385037): 0 -> 1
Cell (virus_2913381,host_258925): 0 -> 1
Cell (virus_2913381,host_187017): 0 -> 1
Cell (virus_2913381,host_1207989): 0 -> 1
Cell (virus_2913381,host_175524): 0 -> 1
Cell (virus_2913381,host_186991): 0 -> 1
Cell (virus_2913381,host_170233): 0 -> 1
Cell (virus_2913381,host_376555): 0 -> 1
Cell (virus_2913381,host_249024): 0 -> 1
Cell (virus_2913381,host_2603866): 0 -> 1
Cell (virus_2913381,host_302408): 0 -> 1
Cell (virus_2913381,host_59479): 0 -> 1
Cell (virus_2913381,host_337453): 0 -> 1
Cell (virus_2913381,host_549403): 0 -> 1
Cell (virus_2913381,host_1898389): 0 -> 1
Cell (virus_2913381,host_77231): 0 -> 1
Cell (virus_2913381,host_498220): 0 -> 1
Cell (virus_2913381,host_9408): 0 -> 1
Cell (virus_2913381,host_77214): 0 -> 1
Cell (virus_2913381,host_1898386): 0 -> 1
Cell (virus_2913381,host_1381355): 0 -> 1
Cell (virus_2913381,host_94956): 0 -> 1
Cell (virus_2913381,host_1884717): 0 -> 1
Cell (virus_2913381,host_208969): 0 -> 1
Cell (virus_2913381,host_148094): 0 -> 1
Cell (virus_2913381,host_410852): 0 -> 1
Cell (virus_2913381,host_51012): 0 -> 1
Cell (virus_2913381,host_177160): 0 -> 1
Cell (virus_2913381,host_27642): 0 -> 1
Cell (virus_2913381,host_148061): 0 -> 1
Cell (virus_2913381,host_59472): 0 -> 1
Cell (virus_2913381,host_187007): 0 -> 1
Cell (virus_2913381,host_258934): 0 -> 1
Cell (virus_2913381,host_124751): 0 -> 1
Cell (virus_2913381,host_3370289): 0 -> 1
Cell (virus_2913381,host_9438): 0 -> 1
Cell (virus_2913381,host_153297): 0 -> 1
Cell (virus_2913381,host_272799): 0 -> 1
Cell (virus_2913381,host_909369): 0 -> 1
Cell (virus_2913381,host_3371021): 0 -> 1
Cell (virus_3418613,host_105295): 0 -> 1
Cell (virus_3418613,host_187011): 0 -> 1
Cell (virus_3418613,host_51300): 0 -> 1
Cell (virus_3418613,host_1633875): 0 -> 1
Cell (virus_3418613,host_109482): 0 -> 1
Cell (virus_3418613,host_386774): 0 -> 1
Cell (virus_3418613,host_392004): 0 -> 1
Cell (virus_3418613,host_187014): 0 -> 1
Cell (virus_3418613,host_203696): 0 -> 1
Cell (virus_3418613,host_98922): 0 -> 1
Cell (virus_3418613,host_587652): 0 -> 1
Cell (virus_3418613,host_385037): 0 -> 1
Cell (virus_3418613,host_258925): 0 -> 1
Cell (virus_3418613,host_187017): 0 -> 1
Cell (virus_3418613,host_1207989): 0 -> 1
Cell (virus_3418613,host_186991): 0 -> 1
Cell (virus_3418613,host_170233): 0 -> 1
Cell (virus_3418613,host_376555): 0 -> 1
Cell (virus_3418613,host_249024): 0 -> 1
Cell (virus_3418613,host_2603866): 0 -> 1
Cell (virus_3418613,host_59479): 0 -> 1
Cell (virus_3418613,host_337453): 0 -> 1
Cell (virus_3418613,host_549403): 0 -> 1
Cell (virus_3418613,host_1898389): 0 -> 1
Cell (virus_3418613,host_77231): 0 -> 1
Cell (virus_3418613,host_498220): 0 -> 1
Cell (virus_3418613,host_9408): 0 -> 1
Cell (virus_3418613,host_77214): 0 -> 1
Cell (virus_3418613,host_1898386): 0 -> 1
Cell (virus_3418613,host_1381355): 0 -> 1
Cell (virus_3418613,host_1884717): 0 -> 1
Cell (virus_3418613,host_208969): 0 -> 1
Cell (virus_3418613,host_148094): 0 -> 1
Cell (virus_3418613,host_410852): 0 -> 1
Cell (virus_3418613,host_51012): 0 -> 1
Cell (virus_3418613,host_177160): 0 -> 1
Cell (virus_3418613,host_27642): 0 -> 1
Cell (virus_3418613,host_148061): 0 -> 1
Cell (virus_3418613,host_94961): 0 -> 1
Cell (virus_3418613,host_59472): 0 -> 1
Cell (virus_3418613,host_258934): 0 -> 1
Cell (virus_3418613,host_124751): 0 -> 1
Cell (virus_3418613,host_3370289): 0 -> 1
Cell (virus_3418613,host_153297): 0 -> 1
Cell (virus_3418613,host_272799): 0 -> 1
Cell (virus_3418613,host_909369): 0 -> 1
Cell (virus_3418613,host_3371021): 0 -> 1
Cell (virus_2913443,host_105295): 0 -> 1
Cell (virus_2913443,host_258946): 0 -> 1
Cell (virus_2913443,host_51300): 0 -> 1
Cell (virus_2913443,host_2528591): 0 -> 1
Cell (virus_2913443,host_392004): 0 -> 1
Cell (virus_2913443,host_187014): 0 -> 1
Cell (virus_2913443,host_526407): 0 -> 1
Cell (virus_2913443,host_203696): 0 -> 1
Cell (virus_2913443,host_98922): 0 -> 1
Cell (virus_2913443,host_385037): 0 -> 1
Cell (virus_2913443,host_258925): 0 -> 1
Cell (virus_2913443,host_187017): 0 -> 1
Cell (virus_2913443,host_1207989): 0 -> 1
Cell (virus_2913443,host_175524): 0 -> 1
Cell (virus_2913443,host_186991): 0 -> 1
Cell (virus_2913443,host_170233): 0 -> 1
Cell (virus_2913443,host_376555): 0 -> 1
Cell (virus_2913443,host_249024): 0 -> 1
Cell (virus_2913443,host_302408): 0 -> 1
Cell (virus_2913443,host_337453): 0 -> 1
Cell (virus_2913443,host_549403): 0 -> 1
Cell (virus_2913443,host_1898389): 0 -> 1
Cell (virus_2913443,host_77231): 0 -> 1
Cell (virus_2913443,host_498220): 0 -> 1
Cell (virus_2913443,host_58083): 0 -> 1
Cell (virus_2913443,host_77223): 0 -> 1
Cell (virus_2913443,host_9408): 0 -> 1
Cell (virus_2913443,host_77214): 0 -> 1
Cell (virus_2913443,host_1898386): 0 -> 1
Cell (virus_2913443,host_1381355): 0 -> 1
Cell (virus_2913443,host_1884717): 0 -> 1
Cell (virus_2913443,host_208969): 0 -> 1
Cell (virus_2913443,host_148094): 0 -> 1
Cell (virus_2913443,host_410852): 0 -> 1
Cell (virus_2913443,host_51012): 0 -> 1
Cell (virus_2913443,host_27660): 0 -> 1
Cell (virus_2913443,host_177160): 0 -> 1
Cell (virus_2913443,host_27642): 0 -> 1
Cell (virus_2913443,host_148061): 0 -> 1
Cell (virus_2913443,host_258934): 0 -> 1
Cell (virus_2913443,host_3370289): 0 -> 1
Cell (virus_2913443,host_9438): 0 -> 1
Cell (virus_2913443,host_153297): 0 -> 1
Cell (virus_2913443,host_249034): 0 -> 1
Cell (virus_2913443,host_909369): 0 -> 1
Cell (virus_2913443,host_3371016): 0 -> 1
Cell (virus_2913443,host_3371021): 0 -> 1
Cell (virus_2913443,host_59474): 0 -> 1
Cell (virus_2913443,host_999321): 0 -> 1
Cell (virus_2972746,host_105295): 0 -> 1
Cell (virus_2972746,host_258946): 0 -> 1
Cell (virus_2972746,host_51300): 0 -> 1
Cell (virus_2972746,host_2528591): 0 -> 1
Cell (virus_2972746,host_392004): 0 -> 1
Cell (virus_2972746,host_187014): 0 -> 1
Cell (virus_2972746,host_526407): 0 -> 1
Cell (virus_2972746,host_203696): 0 -> 1
Cell (virus_2972746,host_98922): 0 -> 1
Cell (virus_2972746,host_385037): 0 -> 1
Cell (virus_2972746,host_258925): 0 -> 1
Cell (virus_2972746,host_187017): 0 -> 1
Cell (virus_2972746,host_1207989): 0 -> 1
Cell (virus_2972746,host_175524): 0 -> 1
Cell (virus_2972746,host_186991): 0 -> 1
Cell (virus_2972746,host_170233): 0 -> 1
Cell (virus_2972746,host_159858): 0 -> 1
Cell (virus_2972746,host_376555): 0 -> 1
Cell (virus_2972746,host_249024): 0 -> 1
Cell (virus_2972746,host_302408): 0 -> 1
Cell (virus_2972746,host_59479): 0 -> 1
Cell (virus_2972746,host_337453): 0 -> 1
Cell (virus_2972746,host_549403): 0 -> 1
Cell (virus_2972746,host_1898389): 0 -> 1
Cell (virus_2972746,host_77231): 0 -> 1
Cell (virus_2972746,host_498220): 0 -> 1
Cell (virus_2972746,host_58083): 0 -> 1
Cell (virus_2972746,host_77223): 0 -> 1
Cell (virus_2972746,host_9408): 0 -> 1
Cell (virus_2972746,host_77214): 0 -> 1
Cell (virus_2972746,host_1898386): 0 -> 1
Cell (virus_2972746,host_1381355): 0 -> 1
Cell (virus_2972746,host_1884717): 0 -> 1
Cell (virus_2972746,host_208969): 0 -> 1
Cell (virus_2972746,host_148094): 0 -> 1
Cell (virus_2972746,host_410852): 0 -> 1
Cell (virus_2972746,host_51012): 0 -> 1
Cell (virus_2972746,host_27660): 0 -> 1
Cell (virus_2972746,host_177160): 0 -> 1
Cell (virus_2972746,host_27642): 0 -> 1
Cell (virus_2972746,host_148061): 0 -> 1
Cell (virus_2972746,host_258934): 0 -> 1
Cell (virus_2972746,host_3370289): 0 -> 1
Cell (virus_2972746,host_9438): 0 -> 1
Cell (virus_2972746,host_153297): 0 -> 1
Cell (virus_2972746,host_249034): 0 -> 1
Cell (virus_2972746,host_909369): 0 -> 1
Cell (virus_2972746,host_3371016): 0 -> 1
Cell (virus_2972746,host_3371021): 0 -> 1
Cell (virus_2972746,host_59474): 0 -> 1
Cell (virus_2972746,host_999321): 0 -> 1
Cell (virus_1805463,host_105295): 0 -> 1
Cell (virus_1805463,host_375553): 0 -> 1
Cell (virus_1805463,host_51300): 0 -> 1
Cell (virus_1805463,host_59473): 0 -> 1
Cell (virus_1805463,host_160974): 0 -> 1
Cell (virus_1805463,host_2528591): 0 -> 1
Cell (virus_1805463,host_392004): 0 -> 1
Cell (virus_1805463,host_258940): 0 -> 1
Cell (virus_1805463,host_385037): 0 -> 1
Cell (virus_1805463,host_187017): 0 -> 1
Cell (virus_1805463,host_1207989): 0 -> 1
Cell (virus_1805463,host_186991): 0 -> 1
Cell (virus_1805463,host_463808): 0 -> 1
Cell (virus_1805463,host_170233): 0 -> 1
Cell (virus_1805463,host_376555): 0 -> 1
Cell (virus_1805463,host_608708): 0 -> 1
Cell (virus_1805463,host_89399): 0 -> 1
Cell (virus_1805463,host_249024): 0 -> 1
Cell (virus_1805463,host_2603866): 0 -> 1
Cell (virus_1805463,host_59479): 0 -> 1
Cell (virus_1805463,host_337453): 0 -> 1
Cell (virus_1805463,host_549403): 0 -> 1
Cell (virus_1805463,host_124756): 0 -> 1
Cell (virus_1805463,host_1898389): 0 -> 1
Cell (virus_1805463,host_77231): 0 -> 1
Cell (virus_1805463,host_372077): 0 -> 1
Cell (virus_1805463,host_498220): 0 -> 1
Cell (virus_1805463,host_9408): 0 -> 1
Cell (virus_1805463,host_77214): 0 -> 1
Cell (virus_1805463,host_1898386): 0 -> 1
Cell (virus_1805463,host_1381355): 0 -> 1
Cell (virus_1805463,host_118856): 0 -> 1
Cell (virus_1805463,host_1884717): 0 -> 1
Cell (virus_1805463,host_208969): 0 -> 1
Cell (virus_1805463,host_148094): 0 -> 1
Cell (virus_1805463,host_410852): 0 -> 1
Cell (virus_1805463,host_51012): 0 -> 1
Cell (virus_1805463,host_27660): 0 -> 1
Cell (virus_1805463,host_177162): 0 -> 1
Cell (virus_1805463,host_148061): 0 -> 1
Cell (virus_1805463,host_3042450): 0 -> 1
Cell (virus_1805463,host_59472): 0 -> 1
Cell (virus_1805463,host_1434095): 0 -> 1
Cell (virus_1805463,host_221086): 0 -> 1
Cell (virus_1805463,host_258934): 0 -> 1
Cell (virus_1805463,host_479723): 0 -> 1
Cell (virus_1805463,host_258863): 0 -> 1
Cell (virus_1805463,host_3370289): 0 -> 1
Cell (virus_1805463,host_9438): 0 -> 1
Cell (virus_1805463,host_153297): 0 -> 1
Cell (virus_1805463,host_258930): 0 -> 1
Cell (virus_1805463,host_909369): 0 -> 1
Cell (virus_1805463,host_867834): 0 -> 1
Cell (virus_1805463,host_258959): 0 -> 1
Cell (virus_3061635,host_105295): 0 -> 1
Cell (virus_3061635,host_375553): 0 -> 1
Cell (virus_3061635,host_51300): 0 -> 1
Cell (virus_3061635,host_59473): 0 -> 1
Cell (virus_3061635,host_160974): 0 -> 1
Cell (virus_3061635,host_2528591): 0 -> 1
Cell (virus_3061635,host_392004): 0 -> 1
Cell (virus_3061635,host_258940): 0 -> 1
Cell (virus_3061635,host_385037): 0 -> 1
Cell (virus_3061635,host_187017): 0 -> 1
Cell (virus_3061635,host_1207989): 0 -> 1
Cell (virus_3061635,host_186991): 0 -> 1
Cell (virus_3061635,host_463808): 0 -> 1
Cell (virus_3061635,host_170233): 0 -> 1
Cell (virus_3061635,host_376555): 0 -> 1
Cell (virus_3061635,host_608708): 0 -> 1
Cell (virus_3061635,host_89399): 0 -> 1
Cell (virus_3061635,host_249024): 0 -> 1
Cell (virus_3061635,host_2603866): 0 -> 1
Cell (virus_3061635,host_59479): 0 -> 1
Cell (virus_3061635,host_337453): 0 -> 1
Cell (virus_3061635,host_549403): 0 -> 1
Cell (virus_3061635,host_124756): 0 -> 1
Cell (virus_3061635,host_1898389): 0 -> 1
Cell (virus_3061635,host_77231): 0 -> 1
Cell (virus_3061635,host_372077): 0 -> 1
Cell (virus_3061635,host_498220): 0 -> 1
Cell (virus_3061635,host_9408): 0 -> 1
Cell (virus_3061635,host_77214): 0 -> 1
Cell (virus_3061635,host_1898386): 0 -> 1
Cell (virus_3061635,host_1381355): 0 -> 1
Cell (virus_3061635,host_118856): 0 -> 1
Cell (virus_3061635,host_1884717): 0 -> 1
Cell (virus_3061635,host_208969): 0 -> 1
Cell (virus_3061635,host_148094): 0 -> 1
Cell (virus_3061635,host_410852): 0 -> 1
Cell (virus_3061635,host_51012): 0 -> 1
Cell (virus_3061635,host_27660): 0 -> 1
Cell (virus_3061635,host_177162): 0 -> 1
Cell (virus_3061635,host_148061): 0 -> 1
Cell (virus_3061635,host_3042450): 0 -> 1
Cell (virus_3061635,host_59472): 0 -> 1
Cell (virus_3061635,host_1434095): 0 -> 1
Cell (virus_3061635,host_221086): 0 -> 1
Cell (virus_3061635,host_258934): 0 -> 1
Cell (virus_3061635,host_479723): 0 -> 1
Cell (virus_3061635,host_258863): 0 -> 1
Cell (virus_3061635,host_3370289): 0 -> 1
Cell (virus_3061635,host_9438): 0 -> 1
Cell (virus_3061635,host_153297): 0 -> 1
Cell (virus_3061635,host_258930): 0 -> 1
Cell (virus_3061635,host_909369): 0 -> 1
Cell (virus_3061635,host_867834): 0 -> 1
Cell (virus_3061635,host_258959): 0 -> 1
Cell (virus_3068888,host_105295): 0 -> 1
Cell (virus_3068888,host_375553): 0 -> 1
Cell (virus_3068888,host_51300): 0 -> 1
Cell (virus_3068888,host_59473): 0 -> 1
Cell (virus_3068888,host_160974): 0 -> 1
Cell (virus_3068888,host_2528591): 0 -> 1
Cell (virus_3068888,host_392004): 0 -> 1
Cell (virus_3068888,host_258940): 0 -> 1
Cell (virus_3068888,host_385037): 0 -> 1
Cell (virus_3068888,host_187017): 0 -> 1
Cell (virus_3068888,host_1207989): 0 -> 1
Cell (virus_3068888,host_186991): 0 -> 1
Cell (virus_3068888,host_463808): 0 -> 1
Cell (virus_3068888,host_170233): 0 -> 1
Cell (virus_3068888,host_376555): 0 -> 1
Cell (virus_3068888,host_608708): 0 -> 1
Cell (virus_3068888,host_89399): 0 -> 1
Cell (virus_3068888,host_249024): 0 -> 1
Cell (virus_3068888,host_2603866): 0 -> 1
Cell (virus_3068888,host_59479): 0 -> 1
Cell (virus_3068888,host_337453): 0 -> 1
Cell (virus_3068888,host_549403): 0 -> 1
Cell (virus_3068888,host_124756): 0 -> 1
Cell (virus_3068888,host_1898389): 0 -> 1
Cell (virus_3068888,host_77231): 0 -> 1
Cell (virus_3068888,host_372077): 0 -> 1
Cell (virus_3068888,host_498220): 0 -> 1
Cell (virus_3068888,host_58083): 0 -> 1
Cell (virus_3068888,host_9408): 0 -> 1
Cell (virus_3068888,host_77214): 0 -> 1
Cell (virus_3068888,host_1898386): 0 -> 1
Cell (virus_3068888,host_58060): 0 -> 1
Cell (virus_3068888,host_1381355): 0 -> 1
Cell (virus_3068888,host_118856): 0 -> 1
Cell (virus_3068888,host_1884717): 0 -> 1
Cell (virus_3068888,host_208969): 0 -> 1
Cell (virus_3068888,host_148094): 0 -> 1
Cell (virus_3068888,host_410852): 0 -> 1
Cell (virus_3068888,host_51012): 0 -> 1
Cell (virus_3068888,host_27660): 0 -> 1
Cell (virus_3068888,host_177162): 0 -> 1
Cell (virus_3068888,host_148061): 0 -> 1
Cell (virus_3068888,host_9430): 0 -> 1
Cell (virus_3068888,host_3042450): 0 -> 1
Cell (virus_3068888,host_59472): 0 -> 1
Cell (virus_3068888,host_1434095): 0 -> 1
Cell (virus_3068888,host_221086): 0 -> 1
Cell (virus_3068888,host_258934): 0 -> 1
Cell (virus_3068888,host_479723): 0 -> 1
Cell (virus_3068888,host_27622): 0 -> 1
Cell (virus_3068888,host_258863): 0 -> 1
Cell (virus_3068888,host_3370289): 0 -> 1
Cell (virus_3068888,host_9438): 0 -> 1
Cell (virus_3068888,host_153297): 0 -> 1
Cell (virus_3068888,host_258930): 0 -> 1
Cell (virus_3068888,host_909369): 0 -> 1
Cell (virus_3068888,host_867834): 0 -> 1
Cell (virus_3068888,host_258959): 0 -> 1
Cell (virus_2833184,host_105295): 0 -> 1
Cell (virus_2833184,host_375553): 0 -> 1
Cell (virus_2833184,host_59473): 0 -> 1
Cell (virus_2833184,host_160974): 0 -> 1
Cell (virus_2833184,host_2528591): 0 -> 1
Cell (virus_2833184,host_392004): 0 -> 1
Cell (virus_2833184,host_258940): 0 -> 1
Cell (virus_2833184,host_385037): 0 -> 1
Cell (virus_2833184,host_187017): 0 -> 1
Cell (virus_2833184,host_1207989): 0 -> 1
Cell (virus_2833184,host_186991): 0 -> 1
Cell (virus_2833184,host_463808): 0 -> 1
Cell (virus_2833184,host_170233): 0 -> 1
Cell (virus_2833184,host_376555): 0 -> 1
Cell (virus_2833184,host_608708): 0 -> 1
Cell (virus_2833184,host_89399): 0 -> 1
Cell (virus_2833184,host_188571): 0 -> 1
Cell (virus_2833184,host_249024): 0 -> 1
Cell (virus_2833184,host_2603866): 0 -> 1
Cell (virus_2833184,host_59479): 0 -> 1
Cell (virus_2833184,host_337453): 0 -> 1
Cell (virus_2833184,host_549403): 0 -> 1
Cell (virus_2833184,host_124756): 0 -> 1
Cell (virus_2833184,host_1898389): 0 -> 1
Cell (virus_2833184,host_77231): 0 -> 1
Cell (virus_2833184,host_372077): 0 -> 1
Cell (virus_2833184,host_498220): 0 -> 1
Cell (virus_2833184,host_9408): 0 -> 1
Cell (virus_2833184,host_77214): 0 -> 1
Cell (virus_2833184,host_1898386): 0 -> 1
Cell (virus_2833184,host_1381355): 0 -> 1
Cell (virus_2833184,host_118856): 0 -> 1
Cell (virus_2833184,host_1884717): 0 -> 1
Cell (virus_2833184,host_208969): 0 -> 1
Cell (virus_2833184,host_148094): 0 -> 1
Cell (virus_2833184,host_410852): 0 -> 1
Cell (virus_2833184,host_51012): 0 -> 1
Cell (virus_2833184,host_27660): 0 -> 1
Cell (virus_2833184,host_177162): 0 -> 1
Cell (virus_2833184,host_148061): 0 -> 1
Cell (virus_2833184,host_3042450): 0 -> 1
Cell (virus_2833184,host_59472): 0 -> 1
Cell (virus_2833184,host_1434095): 0 -> 1
Cell (virus_2833184,host_221086): 0 -> 1
Cell (virus_2833184,host_258934): 0 -> 1
Cell (virus_2833184,host_479723): 0 -> 1
Cell (virus_2833184,host_258863): 0 -> 1
Cell (virus_2833184,host_3370289): 0 -> 1
Cell (virus_2833184,host_9438): 0 -> 1
Cell (virus_2833184,host_153297): 0 -> 1
Cell (virus_2833184,host_258930): 0 -> 1
Cell (virus_2833184,host_909369): 0 -> 1
Cell (virus_2833184,host_867834): 0 -> 1
Cell (virus_2833184,host_258959): 0 -> 1
Cell (virus_864596,host_105273): 0 -> 1
Cell (virus_864596,host_105295): 0 -> 1
Cell (virus_864596,host_375553): 0 -> 1
Cell (virus_864596,host_59473): 0 -> 1
Cell (virus_864596,host_160974): 0 -> 1
Cell (virus_864596,host_2528591): 0 -> 1
Cell (virus_864596,host_392004): 0 -> 1
Cell (virus_864596,host_98922): 0 -> 1
Cell (virus_864596,host_258940): 0 -> 1
Cell (virus_864596,host_385037): 0 -> 1
Cell (virus_864596,host_187017): 0 -> 1
Cell (virus_864596,host_1207989): 0 -> 1
Cell (virus_864596,host_186991): 0 -> 1
Cell (virus_864596,host_463808): 0 -> 1
Cell (virus_864596,host_170233): 0 -> 1
Cell (virus_864596,host_376555): 0 -> 1
Cell (virus_864596,host_608708): 0 -> 1
Cell (virus_864596,host_89399): 0 -> 1
Cell (virus_864596,host_188571): 0 -> 1
Cell (virus_864596,host_249024): 0 -> 1
Cell (virus_864596,host_2603866): 0 -> 1
Cell (virus_864596,host_59479): 0 -> 1
Cell (virus_864596,host_337453): 0 -> 1
Cell (virus_864596,host_549403): 0 -> 1
Cell (virus_864596,host_124756): 0 -> 1
Cell (virus_864596,host_1898389): 0 -> 1
Cell (virus_864596,host_77231): 0 -> 1
Cell (virus_864596,host_372077): 0 -> 1
Cell (virus_864596,host_498220): 0 -> 1
Cell (virus_864596,host_9408): 0 -> 1
Cell (virus_864596,host_77214): 0 -> 1
Cell (virus_864596,host_1898386): 0 -> 1
Cell (virus_864596,host_1381355): 0 -> 1
Cell (virus_864596,host_118856): 0 -> 1
Cell (virus_864596,host_1884717): 0 -> 1
Cell (virus_864596,host_208969): 0 -> 1
Cell (virus_864596,host_148094): 0 -> 1
Cell (virus_864596,host_410852): 0 -> 1
Cell (virus_864596,host_51012): 0 -> 1
Cell (virus_864596,host_27660): 0 -> 1
Cell (virus_864596,host_177162): 0 -> 1
Cell (virus_864596,host_148061): 0 -> 1
Cell (virus_864596,host_3042450): 0 -> 1
Cell (virus_864596,host_59472): 0 -> 1
Cell (virus_864596,host_1434095): 0 -> 1
Cell (virus_864596,host_221086): 0 -> 1
Cell (virus_864596,host_258934): 0 -> 1
Cell (virus_864596,host_479723): 0 -> 1
Cell (virus_864596,host_258863): 0 -> 1
Cell (virus_864596,host_3370289): 0 -> 1
Cell (virus_864596,host_9438): 0 -> 1
Cell (virus_864596,host_153297): 0 -> 1
Cell (virus_864596,host_258930): 0 -> 1
Cell (virus_864596,host_909369): 0 -> 1
Cell (virus_864596,host_867834): 0 -> 1
Cell (virus_864596,host_258959): 0 -> 1
Cell (virus_3068538,host_105295): 0 -> 1
Cell (virus_3068538,host_375553): 0 -> 1
Cell (virus_3068538,host_51300): 0 -> 1
Cell (virus_3068538,host_59473): 0 -> 1
Cell (virus_3068538,host_160974): 0 -> 1
Cell (virus_3068538,host_2528591): 0 -> 1
Cell (virus_3068538,host_392004): 0 -> 1
Cell (virus_3068538,host_452653): 0 -> 1
Cell (virus_3068538,host_98922): 0 -> 1
Cell (virus_3068538,host_258940): 0 -> 1
Cell (virus_3068538,host_385037): 0 -> 1
Cell (virus_3068538,host_187017): 0 -> 1
Cell (virus_3068538,host_1207989): 0 -> 1
Cell (virus_3068538,host_186991): 0 -> 1
Cell (virus_3068538,host_463808): 0 -> 1
Cell (virus_3068538,host_170233): 0 -> 1
Cell (virus_3068538,host_376555): 0 -> 1
Cell (virus_3068538,host_608708): 0 -> 1
Cell (virus_3068538,host_89399): 0 -> 1
Cell (virus_3068538,host_188571): 0 -> 1
Cell (virus_3068538,host_249024): 0 -> 1
Cell (virus_3068538,host_2603866): 0 -> 1
Cell (virus_3068538,host_59479): 0 -> 1
Cell (virus_3068538,host_337453): 0 -> 1
Cell (virus_3068538,host_549403): 0 -> 1
Cell (virus_3068538,host_124756): 0 -> 1
Cell (virus_3068538,host_1898389): 0 -> 1
Cell (virus_3068538,host_77231): 0 -> 1
Cell (virus_3068538,host_372077): 0 -> 1
Cell (virus_3068538,host_498220): 0 -> 1
Cell (virus_3068538,host_77214): 0 -> 1
Cell (virus_3068538,host_1898386): 0 -> 1
Cell (virus_3068538,host_1381355): 0 -> 1
Cell (virus_3068538,host_118856): 0 -> 1
Cell (virus_3068538,host_1884717): 0 -> 1
Cell (virus_3068538,host_208969): 0 -> 1
Cell (virus_3068538,host_148094): 0 -> 1
Cell (virus_3068538,host_410852): 0 -> 1
Cell (virus_3068538,host_51012): 0 -> 1
Cell (virus_3068538,host_27660): 0 -> 1
Cell (virus_3068538,host_177162): 0 -> 1
Cell (virus_3068538,host_148061): 0 -> 1
Cell (virus_3068538,host_3042450): 0 -> 1
Cell (virus_3068538,host_59472): 0 -> 1
Cell (virus_3068538,host_1434095): 0 -> 1
Cell (virus_3068538,host_221086): 0 -> 1
Cell (virus_3068538,host_258934): 0 -> 1
Cell (virus_3068538,host_479723): 0 -> 1
Cell (virus_3068538,host_258863): 0 -> 1
Cell (virus_3068538,host_3370289): 0 -> 1
Cell (virus_3068538,host_153297): 0 -> 1
Cell (virus_3068538,host_258930): 0 -> 1
Cell (virus_3068538,host_909369): 0 -> 1
Cell (virus_3068538,host_867834): 0 -> 1
Cell (virus_3068538,host_258959): 0 -> 1
Cell (virus_694009,host_105295): 0 -> 1
Cell (virus_694009,host_375553): 0 -> 1
Cell (virus_694009,host_51300): 0 -> 1
Cell (virus_694009,host_59473): 0 -> 1
Cell (virus_694009,host_160974): 0 -> 1
Cell (virus_694009,host_2528591): 0 -> 1
Cell (virus_694009,host_392004): 0 -> 1
Cell (virus_694009,host_452653): 0 -> 1
Cell (virus_694009,host_98922): 0 -> 1
Cell (virus_694009,host_258940): 0 -> 1
Cell (virus_694009,host_385037): 0 -> 1
Cell (virus_694009,host_187017): 0 -> 1
Cell (virus_694009,host_1207989): 0 -> 1
Cell (virus_694009,host_186991): 0 -> 1
Cell (virus_694009,host_463808): 0 -> 1
Cell (virus_694009,host_170233): 0 -> 1
Cell (virus_694009,host_376555): 0 -> 1
Cell (virus_694009,host_608708): 0 -> 1
Cell (virus_694009,host_89399): 0 -> 1
Cell (virus_694009,host_188571): 0 -> 1
Cell (virus_694009,host_249024): 0 -> 1
Cell (virus_694009,host_2603866): 0 -> 1
Cell (virus_694009,host_59479): 0 -> 1
Cell (virus_694009,host_337453): 0 -> 1
Cell (virus_694009,host_549403): 0 -> 1
Cell (virus_694009,host_124756): 0 -> 1
Cell (virus_694009,host_1898389): 0 -> 1
Cell (virus_694009,host_77231): 0 -> 1
Cell (virus_694009,host_372077): 0 -> 1
Cell (virus_694009,host_498220): 0 -> 1
Cell (virus_694009,host_77214): 0 -> 1
Cell (virus_694009,host_1898386): 0 -> 1
Cell (virus_694009,host_1381355): 0 -> 1
Cell (virus_694009,host_118856): 0 -> 1
Cell (virus_694009,host_1884717): 0 -> 1
Cell (virus_694009,host_208969): 0 -> 1
Cell (virus_694009,host_148094): 0 -> 1
Cell (virus_694009,host_410852): 0 -> 1
Cell (virus_694009,host_51012): 0 -> 1
Cell (virus_694009,host_27660): 0 -> 1
Cell (virus_694009,host_177162): 0 -> 1
Cell (virus_694009,host_148061): 0 -> 1
Cell (virus_694009,host_3042450): 0 -> 1
Cell (virus_694009,host_59472): 0 -> 1
Cell (virus_694009,host_1434095): 0 -> 1
Cell (virus_694009,host_221086): 0 -> 1
Cell (virus_694009,host_258934): 0 -> 1
Cell (virus_694009,host_479723): 0 -> 1
Cell (virus_694009,host_258863): 0 -> 1
Cell (virus_694009,host_3370289): 0 -> 1
Cell (virus_694009,host_153297): 0 -> 1
Cell (virus_694009,host_258930): 0 -> 1
Cell (virus_694009,host_909369): 0 -> 1
Cell (virus_694009,host_867834): 0 -> 1
Cell (virus_694009,host_258959): 0 -> 1
Cell (virus_3418604,host_105295): 0 -> 1
Cell (virus_3418604,host_375553): 0 -> 1
Cell (virus_3418604,host_51300): 0 -> 1
Cell (virus_3418604,host_59473): 0 -> 1
Cell (virus_3418604,host_160974): 0 -> 1
Cell (virus_3418604,host_2528591): 0 -> 1
Cell (virus_3418604,host_392004): 0 -> 1
Cell (virus_3418604,host_452653): 0 -> 1
Cell (virus_3418604,host_98922): 0 -> 1
Cell (virus_3418604,host_258940): 0 -> 1
Cell (virus_3418604,host_385037): 0 -> 1
Cell (virus_3418604,host_187017): 0 -> 1
Cell (virus_3418604,host_1207989): 0 -> 1
Cell (virus_3418604,host_186991): 0 -> 1
Cell (virus_3418604,host_463808): 0 -> 1
Cell (virus_3418604,host_170233): 0 -> 1
Cell (virus_3418604,host_376555): 0 -> 1
Cell (virus_3418604,host_608708): 0 -> 1
Cell (virus_3418604,host_89399): 0 -> 1
Cell (virus_3418604,host_188571): 0 -> 1
Cell (virus_3418604,host_249024): 0 -> 1
Cell (virus_3418604,host_2603866): 0 -> 1
Cell (virus_3418604,host_59479): 0 -> 1
Cell (virus_3418604,host_337453): 0 -> 1
Cell (virus_3418604,host_549403): 0 -> 1
Cell (virus_3418604,host_124756): 0 -> 1
Cell (virus_3418604,host_1898389): 0 -> 1
Cell (virus_3418604,host_77231): 0 -> 1
Cell (virus_3418604,host_372077): 0 -> 1
Cell (virus_3418604,host_498220): 0 -> 1
Cell (virus_3418604,host_77214): 0 -> 1
Cell (virus_3418604,host_1898386): 0 -> 1
Cell (virus_3418604,host_1381355): 0 -> 1
Cell (virus_3418604,host_118856): 0 -> 1
Cell (virus_3418604,host_1884717): 0 -> 1
Cell (virus_3418604,host_208969): 0 -> 1
Cell (virus_3418604,host_40233): 0 -> 1
Cell (virus_3418604,host_148094): 0 -> 1
Cell (virus_3418604,host_410852): 0 -> 1
Cell (virus_3418604,host_51012): 0 -> 1
Cell (virus_3418604,host_27660): 0 -> 1
Cell (virus_3418604,host_177162): 0 -> 1
Cell (virus_3418604,host_148061): 0 -> 1
Cell (virus_3418604,host_3042450): 0 -> 1
Cell (virus_3418604,host_59472): 0 -> 1
Cell (virus_3418604,host_1434095): 0 -> 1
Cell (virus_3418604,host_221086): 0 -> 1
Cell (virus_3418604,host_258934): 0 -> 1
Cell (virus_3418604,host_479723): 0 -> 1
Cell (virus_3418604,host_258863): 0 -> 1
Cell (virus_3418604,host_3370289): 0 -> 1
Cell (virus_3418604,host_153297): 0 -> 1
Cell (virus_3418604,host_909369): 0 -> 1
Cell (virus_3418604,host_867834): 0 -> 1
Cell (virus_3418604,host_258959): 0 -> 1
Cell (virus_2913380,host_105295): 0 -> 1
Cell (virus_2913380,host_187011): 0 -> 1
Cell (virus_2913380,host_51300): 0 -> 1
Cell (virus_2913380,host_59473): 0 -> 1
Cell (virus_2913380,host_160974): 0 -> 1
Cell (virus_2913380,host_2528591): 0 -> 1
Cell (virus_2913380,host_392004): 0 -> 1
Cell (virus_2913380,host_203696): 0 -> 1
Cell (virus_2913380,host_98922): 0 -> 1
Cell (virus_2913380,host_587652): 0 -> 1
Cell (virus_2913380,host_187017): 0 -> 1
Cell (virus_2913380,host_1207989): 0 -> 1
Cell (virus_2913380,host_334201): 0 -> 1
Cell (virus_2913380,host_170233): 0 -> 1
Cell (virus_2913380,host_376555): 0 -> 1
Cell (virus_2913380,host_608708): 0 -> 1
Cell (virus_2913380,host_249024): 0 -> 1
Cell (virus_2913380,host_302408): 0 -> 1
Cell (virus_2913380,host_49443): 0 -> 1
Cell (virus_2913380,host_59479): 0 -> 1
Cell (virus_2913380,host_519037): 0 -> 1
Cell (virus_2913380,host_337453): 0 -> 1
Cell (virus_2913380,host_1195082): 0 -> 1
Cell (virus_2913380,host_549403): 0 -> 1
Cell (virus_2913380,host_1898389): 0 -> 1
Cell (virus_2913380,host_77231): 0 -> 1
Cell (virus_2913380,host_372077): 0 -> 1
Cell (virus_2913380,host_77214): 0 -> 1
Cell (virus_2913380,host_1898386): 0 -> 1
Cell (virus_2913380,host_1381355): 0 -> 1
Cell (virus_2913380,host_1884717): 0 -> 1
Cell (virus_2913380,host_208969): 0 -> 1
Cell (virus_2913380,host_148094): 0 -> 1
Cell (virus_2913380,host_27663): 0 -> 1
Cell (virus_2913380,host_410852): 0 -> 1
Cell (virus_2913380,host_27634): 0 -> 1
Cell (virus_2913380,host_51012): 0 -> 1
Cell (virus_2913380,host_27660): 0 -> 1
Cell (virus_2913380,host_177162): 0 -> 1
Cell (virus_2913380,host_9423): 0 -> 1
Cell (virus_2913380,host_148061): 0 -> 1
Cell (virus_2913380,host_59472): 0 -> 1
Cell (virus_2913380,host_1434095): 0 -> 1
Cell (virus_2913380,host_221086): 0 -> 1
Cell (virus_2913380,host_9433): 0 -> 1
Cell (virus_2913380,host_479723): 0 -> 1
Cell (virus_2913380,host_258867): 0 -> 1
Cell (virus_2913380,host_3370289): 0 -> 1
Cell (virus_2913380,host_9438): 0 -> 1
Cell (virus_2913380,host_153297): 0 -> 1
Cell (virus_2913380,host_258930): 0 -> 1
Cell (virus_2913380,host_909369): 0 -> 1
Cell (virus_2913380,host_867834): 0 -> 1
Cell (virus_2913380,host_258959): 0 -> 1
Cell (virus_2913380,host_526822): 0 -> 1
Cell (virus_989337,host_105295): 0 -> 1
Cell (virus_989337,host_187011): 0 -> 1
Cell (virus_989337,host_51300): 0 -> 1
Cell (virus_989337,host_59473): 0 -> 1
Cell (virus_989337,host_160974): 0 -> 1
Cell (virus_989337,host_2528591): 0 -> 1
Cell (virus_989337,host_412095): 0 -> 1
Cell (virus_989337,host_392004): 0 -> 1
Cell (virus_989337,host_203696): 0 -> 1
Cell (virus_989337,host_98922): 0 -> 1
Cell (virus_989337,host_587652): 0 -> 1
Cell (virus_989337,host_225400): 0 -> 1
Cell (virus_989337,host_187017): 0 -> 1
Cell (virus_989337,host_1207989): 0 -> 1
Cell (virus_989337,host_186991): 0 -> 1
Cell (virus_989337,host_334201): 0 -> 1
Cell (virus_989337,host_463808): 0 -> 1
Cell (virus_989337,host_170233): 0 -> 1
Cell (virus_989337,host_376555): 0 -> 1
Cell (virus_989337,host_608708): 0 -> 1
Cell (virus_989337,host_188571): 0 -> 1
Cell (virus_989337,host_249024): 0 -> 1
Cell (virus_989337,host_302408): 0 -> 1
Cell (virus_989337,host_59479): 0 -> 1
Cell (virus_989337,host_337453): 0 -> 1
Cell (virus_989337,host_549403): 0 -> 1
Cell (virus_989337,host_1898389): 0 -> 1
Cell (virus_989337,host_77231): 0 -> 1
Cell (virus_989337,host_372077): 0 -> 1
Cell (virus_989337,host_498220): 0 -> 1
Cell (virus_989337,host_1898393): 0 -> 1
Cell (virus_989337,host_9408): 0 -> 1
Cell (virus_989337,host_77214): 0 -> 1
Cell (virus_989337,host_1898386): 0 -> 1
Cell (virus_989337,host_1381355): 0 -> 1
Cell (virus_989337,host_1884717): 0 -> 1
Cell (virus_989337,host_208969): 0 -> 1
Cell (virus_989337,host_148094): 0 -> 1
Cell (virus_989337,host_410852): 0 -> 1
Cell (virus_989337,host_51012): 0 -> 1
Cell (virus_989337,host_27660): 0 -> 1
Cell (virus_989337,host_177162): 0 -> 1
Cell (virus_989337,host_9423): 0 -> 1
Cell (virus_989337,host_59472): 0 -> 1
Cell (virus_989337,host_1434095): 0 -> 1
Cell (virus_989337,host_221086): 0 -> 1
Cell (virus_989337,host_479723): 0 -> 1
Cell (virus_989337,host_258867): 0 -> 1
Cell (virus_989337,host_3370289): 0 -> 1
Cell (virus_989337,host_9438): 0 -> 1
Cell (virus_989337,host_153297): 0 -> 1
Cell (virus_989337,host_258930): 0 -> 1
Cell (virus_989337,host_909369): 0 -> 1
Cell (virus_989337,host_867834): 0 -> 1
Cell (virus_989337,host_258959): 0 -> 1
Cell (virus_3433764,host_105295): 0 -> 1
Cell (virus_3433764,host_187011): 0 -> 1
Cell (virus_3433764,host_51300): 0 -> 1
Cell (virus_3433764,host_59473): 0 -> 1
Cell (virus_3433764,host_160974): 0 -> 1
Cell (virus_3433764,host_2528591): 0 -> 1
Cell (virus_3433764,host_412095): 0 -> 1
Cell (virus_3433764,host_392004): 0 -> 1
Cell (virus_3433764,host_203696): 0 -> 1
Cell (virus_3433764,host_452653): 0 -> 1
Cell (virus_3433764,host_98922): 0 -> 1
Cell (virus_3433764,host_258940): 0 -> 1
Cell (virus_3433764,host_587652): 0 -> 1
Cell (virus_3433764,host_187017): 0 -> 1
Cell (virus_3433764,host_1207989): 0 -> 1
Cell (virus_3433764,host_186991): 0 -> 1
Cell (virus_3433764,host_334201): 0 -> 1
Cell (virus_3433764,host_463808): 0 -> 1
Cell (virus_3433764,host_170233): 0 -> 1
Cell (virus_3433764,host_376555): 0 -> 1
Cell (virus_3433764,host_608708): 0 -> 1
Cell (virus_3433764,host_188571): 0 -> 1
Cell (virus_3433764,host_249024): 0 -> 1
Cell (virus_3433764,host_2603866): 0 -> 1
Cell (virus_3433764,host_302408): 0 -> 1
Cell (virus_3433764,host_59479): 0 -> 1
Cell (virus_3433764,host_519037): 0 -> 1
Cell (virus_3433764,host_337453): 0 -> 1
Cell (virus_3433764,host_549403): 0 -> 1
Cell (virus_3433764,host_1898389): 0 -> 1
Cell (virus_3433764,host_77231): 0 -> 1
Cell (virus_3433764,host_372077): 0 -> 1
Cell (virus_3433764,host_498220): 0 -> 1
Cell (virus_3433764,host_448084): 0 -> 1
Cell (virus_3433764,host_9408): 0 -> 1
Cell (virus_3433764,host_77214): 0 -> 1
Cell (virus_3433764,host_1898386): 0 -> 1
Cell (virus_3433764,host_1381355): 0 -> 1
Cell (virus_3433764,host_1884717): 0 -> 1
Cell (virus_3433764,host_208969): 0 -> 1
Cell (virus_3433764,host_148094): 0 -> 1
Cell (virus_3433764,host_410852): 0 -> 1
Cell (virus_3433764,host_51012): 0 -> 1
Cell (virus_3433764,host_177162): 0 -> 1
Cell (virus_3433764,host_9423): 0 -> 1
Cell (virus_3433764,host_148061): 0 -> 1
Cell (virus_3433764,host_59472): 0 -> 1
Cell (virus_3433764,host_1434095): 0 -> 1
Cell (virus_3433764,host_221086): 0 -> 1
Cell (virus_3433764,host_438766): 0 -> 1
Cell (virus_3433764,host_479723): 0 -> 1
Cell (virus_3433764,host_258867): 0 -> 1
Cell (virus_3433764,host_3370289): 0 -> 1
Cell (virus_3433764,host_9438): 0 -> 1
Cell (virus_3433764,host_153297): 0 -> 1
Cell (virus_3433764,host_258930): 0 -> 1
Cell (virus_3433764,host_909369): 0 -> 1
Cell (virus_3433764,host_3371014): 0 -> 1
Cell (virus_3433764,host_867834): 0 -> 1
Cell (virus_3433764,host_258959): 0 -> 1
Cell (virus_3433764,host_526822): 0 -> 1
Cell (virus_2115988,host_105295): 0 -> 1
Cell (virus_2115988,host_51300): 0 -> 1
Cell (virus_2115988,host_246814): 0 -> 1
Cell (virus_2115988,host_3380546): 0 -> 1
Cell (virus_2115988,host_59463): 0 -> 1
Cell (virus_2115988,host_2528591): 0 -> 1
Cell (virus_2115988,host_109482): 0 -> 1
Cell (virus_2115988,host_51298): 0 -> 1
Cell (virus_2115988,host_392004): 0 -> 1
Cell (virus_2115988,host_526407): 0 -> 1
Cell (virus_2115988,host_203696): 0 -> 1
Cell (virus_2115988,host_98922): 0 -> 1
Cell (virus_2115988,host_138979): 0 -> 1
Cell (virus_2115988,host_2015597): 0 -> 1
Cell (virus_2115988,host_633648): 0 -> 1
Cell (virus_2115988,host_187017): 0 -> 1
Cell (virus_2115988,host_249020): 0 -> 1
Cell (virus_2115988,host_463808): 0 -> 1
Cell (virus_2115988,host_58069): 0 -> 1
Cell (virus_2115988,host_376555): 0 -> 1
Cell (virus_2115988,host_169756): 0 -> 1
Cell (virus_2115988,host_196889): 0 -> 1
Cell (virus_2115988,host_76837): 0 -> 1
Cell (virus_2115988,host_76834): 0 -> 1
Cell (virus_2115988,host_608708): 0 -> 1
Cell (virus_2115988,host_430491): 0 -> 1
Cell (virus_2115988,host_188571): 0 -> 1
Cell (virus_2115988,host_249024): 0 -> 1
Cell (virus_2115988,host_302408): 0 -> 1
Cell (virus_2115988,host_49443): 0 -> 1
Cell (virus_2115988,host_59479): 0 -> 1
Cell (virus_2115988,host_519037): 0 -> 1
Cell (virus_2115988,host_337453): 0 -> 1
Cell (virus_2115988,host_549403): 0 -> 1
Cell (virus_2115988,host_132908): 0 -> 1
Cell (virus_2115988,host_385575): 0 -> 1
Cell (virus_2115988,host_9403): 0 -> 1
Cell (virus_2115988,host_58057): 0 -> 1
Cell (virus_2115988,host_77231): 0 -> 1
Cell (virus_2115988,host_372077): 0 -> 1
Cell (virus_2115988,host_903567): 0 -> 1
Cell (virus_2115988,host_498220): 0 -> 1
Cell (virus_2115988,host_77243): 0 -> 1
Cell (virus_2115988,host_58073): 0 -> 1
Cell (virus_2115988,host_9408): 0 -> 1
Cell (virus_2115988,host_77214): 0 -> 1
Cell (virus_2115988,host_326083): 0 -> 1
Cell (virus_2115988,host_187003): 0 -> 1
Cell (virus_2115988,host_208969): 0 -> 1
Cell (virus_2115988,host_51012): 0 -> 1
Cell (virus_2115988,host_192403): 0 -> 1
Cell (virus_2115988,host_177162): 0 -> 1
Cell (virus_2115988,host_2994998): 0 -> 1
Cell (virus_2115988,host_148061): 0 -> 1
Cell (virus_2115988,host_3371013): 0 -> 1
Cell (virus_2115988,host_1434095): 0 -> 1
Cell (virus_2115988,host_291302): 0 -> 1
Cell (virus_2115988,host_187008): 0 -> 1
Cell (virus_2115988,host_124751): 0 -> 1
Cell (virus_2115988,host_2218597): 0 -> 1
Cell (virus_2115988,host_153297): 0 -> 1
Cell (virus_2115988,host_29078): 0 -> 1
Cell (virus_2115988,host_2969767): 0 -> 1
Cell (virus_2115988,host_867834): 0 -> 1
Cell (virus_2115988,host_143942): 0 -> 1
Cell (virus_2115988,host_2491053): 0 -> 1
Cell (virus_2115988,host_59485): 0 -> 1
Cell (virus_2833151,host_105295): 0 -> 1
Cell (virus_2833151,host_51300): 0 -> 1
Cell (virus_2833151,host_246814): 0 -> 1
Cell (virus_2833151,host_3380546): 0 -> 1
Cell (virus_2833151,host_59463): 0 -> 1
Cell (virus_2833151,host_2528591): 0 -> 1
Cell (virus_2833151,host_109482): 0 -> 1
Cell (virus_2833151,host_51298): 0 -> 1
Cell (virus_2833151,host_392004): 0 -> 1
Cell (virus_2833151,host_526407): 0 -> 1
Cell (virus_2833151,host_203696): 0 -> 1
Cell (virus_2833151,host_98922): 0 -> 1
Cell (virus_2833151,host_138979): 0 -> 1
Cell (virus_2833151,host_2015597): 0 -> 1
Cell (virus_2833151,host_633648): 0 -> 1
Cell (virus_2833151,host_187017): 0 -> 1
Cell (virus_2833151,host_249020): 0 -> 1
Cell (virus_2833151,host_463808): 0 -> 1
Cell (virus_2833151,host_376555): 0 -> 1
Cell (virus_2833151,host_169756): 0 -> 1
Cell (virus_2833151,host_196889): 0 -> 1
Cell (virus_2833151,host_76837): 0 -> 1
Cell (virus_2833151,host_76834): 0 -> 1
Cell (virus_2833151,host_188571): 0 -> 1
Cell (virus_2833151,host_249024): 0 -> 1
Cell (virus_2833151,host_2603866): 0 -> 1
Cell (virus_2833151,host_302408): 0 -> 1
Cell (virus_2833151,host_49443): 0 -> 1
Cell (virus_2833151,host_59479): 0 -> 1
Cell (virus_2833151,host_519037): 0 -> 1
Cell (virus_2833151,host_337453): 0 -> 1
Cell (virus_2833151,host_549403): 0 -> 1
Cell (virus_2833151,host_132908): 0 -> 1
Cell (virus_2833151,host_385575): 0 -> 1
Cell (virus_2833151,host_9403): 0 -> 1
Cell (virus_2833151,host_58057): 0 -> 1
Cell (virus_2833151,host_77231): 0 -> 1
Cell (virus_2833151,host_372077): 0 -> 1
Cell (virus_2833151,host_903567): 0 -> 1
Cell (virus_2833151,host_498220): 0 -> 1
Cell (virus_2833151,host_77243): 0 -> 1
Cell (virus_2833151,host_58073): 0 -> 1
Cell (virus_2833151,host_9408): 0 -> 1
Cell (virus_2833151,host_77214): 0 -> 1
Cell (virus_2833151,host_326083): 0 -> 1
Cell (virus_2833151,host_187003): 0 -> 1
Cell (virus_2833151,host_51012): 0 -> 1
Cell (virus_2833151,host_192403): 0 -> 1
Cell (virus_2833151,host_177162): 0 -> 1
Cell (virus_2833151,host_2994998): 0 -> 1
Cell (virus_2833151,host_148061): 0 -> 1
Cell (virus_2833151,host_3371013): 0 -> 1
Cell (virus_2833151,host_1434095): 0 -> 1
Cell (virus_2833151,host_291302): 0 -> 1
Cell (virus_2833151,host_187008): 0 -> 1
Cell (virus_2833151,host_124751): 0 -> 1
Cell (virus_2833151,host_258863): 0 -> 1
Cell (virus_2833151,host_153297): 0 -> 1
Cell (virus_2833151,host_29078): 0 -> 1
Cell (virus_2833151,host_999321): 0 -> 1
Cell (virus_2833151,host_867834): 0 -> 1
Cell (virus_2833151,host_143942): 0 -> 1
Cell (virus_2833151,host_2491053): 0 -> 1
Cell (virus_2833151,host_59485): 0 -> 1
Cell (virus_3433795,host_105295): 0 -> 1
Cell (virus_3433795,host_51300): 0 -> 1
Cell (virus_3433795,host_3380546): 0 -> 1
Cell (virus_3433795,host_109482): 0 -> 1
Cell (virus_3433795,host_51298): 0 -> 1
Cell (virus_3433795,host_392004): 0 -> 1
Cell (virus_3433795,host_526407): 0 -> 1
Cell (virus_3433795,host_203696): 0 -> 1
Cell (virus_3433795,host_98922): 0 -> 1
Cell (virus_3433795,host_138979): 0 -> 1
Cell (virus_3433795,host_2015597): 0 -> 1
Cell (virus_3433795,host_633648): 0 -> 1
Cell (virus_3433795,host_187017): 0 -> 1
Cell (virus_3433795,host_249020): 0 -> 1
Cell (virus_3433795,host_463808): 0 -> 1
Cell (virus_3433795,host_376555): 0 -> 1
Cell (virus_3433795,host_196889): 0 -> 1
Cell (virus_3433795,host_76837): 0 -> 1
Cell (virus_3433795,host_76834): 0 -> 1
Cell (virus_3433795,host_188571): 0 -> 1
Cell (virus_3433795,host_249024): 0 -> 1
Cell (virus_3433795,host_2603866): 0 -> 1
Cell (virus_3433795,host_302408): 0 -> 1
Cell (virus_3433795,host_49443): 0 -> 1
Cell (virus_3433795,host_59479): 0 -> 1
Cell (virus_3433795,host_337453): 0 -> 1
Cell (virus_3433795,host_549403): 0 -> 1
Cell (virus_3433795,host_132908): 0 -> 1
Cell (virus_3433795,host_385575): 0 -> 1
Cell (virus_3433795,host_9403): 0 -> 1
Cell (virus_3433795,host_58057): 0 -> 1
Cell (virus_3433795,host_77231): 0 -> 1
Cell (virus_3433795,host_372077): 0 -> 1
Cell (virus_3433795,host_903567): 0 -> 1
Cell (virus_3433795,host_498220): 0 -> 1
Cell (virus_3433795,host_77243): 0 -> 1
Cell (virus_3433795,host_58073): 0 -> 1
Cell (virus_3433795,host_9408): 0 -> 1
Cell (virus_3433795,host_77214): 0 -> 1
Cell (virus_3433795,host_326083): 0 -> 1
Cell (virus_3433795,host_187003): 0 -> 1
Cell (virus_3433795,host_192403): 0 -> 1
Cell (virus_3433795,host_177162): 0 -> 1
Cell (virus_3433795,host_2994998): 0 -> 1
Cell (virus_3433795,host_148061): 0 -> 1
Cell (virus_3433795,host_3371013): 0 -> 1
Cell (virus_3433795,host_1434095): 0 -> 1
Cell (virus_3433795,host_291302): 0 -> 1
Cell (virus_3433795,host_187008): 0 -> 1
Cell (virus_3433795,host_124751): 0 -> 1
Cell (virus_3433795,host_153297): 0 -> 1
Cell (virus_3433795,host_29078): 0 -> 1
Cell (virus_3433795,host_999321): 0 -> 1
Cell (virus_3433795,host_867834): 0 -> 1
Cell (virus_3433795,host_143942): 0 -> 1
Cell (virus_3433795,host_2491053): 0 -> 1
Cell (virus_3433795,host_59485): 0 -> 1
Cell (virus_693998,host_105295): 0 -> 1
Cell (virus_693998,host_51300): 0 -> 1
Cell (virus_693998,host_3380546): 0 -> 1
Cell (virus_693998,host_109482): 0 -> 1
Cell (virus_693998,host_51298): 0 -> 1
Cell (virus_693998,host_392004): 0 -> 1
Cell (virus_693998,host_526407): 0 -> 1
Cell (virus_693998,host_203696): 0 -> 1
Cell (virus_693998,host_98922): 0 -> 1
Cell (virus_693998,host_138979): 0 -> 1
Cell (virus_693998,host_2015597): 0 -> 1
Cell (virus_693998,host_633648): 0 -> 1
Cell (virus_693998,host_187017): 0 -> 1
Cell (virus_693998,host_249020): 0 -> 1
Cell (virus_693998,host_463808): 0 -> 1
Cell (virus_693998,host_376555): 0 -> 1
Cell (virus_693998,host_196889): 0 -> 1
Cell (virus_693998,host_76837): 0 -> 1
Cell (virus_693998,host_76834): 0 -> 1
Cell (virus_693998,host_188571): 0 -> 1
Cell (virus_693998,host_249024): 0 -> 1
Cell (virus_693998,host_2603866): 0 -> 1
Cell (virus_693998,host_302408): 0 -> 1
Cell (virus_693998,host_49443): 0 -> 1
Cell (virus_693998,host_59479): 0 -> 1
Cell (virus_693998,host_337453): 0 -> 1
Cell (virus_693998,host_549403): 0 -> 1
Cell (virus_693998,host_132908): 0 -> 1
Cell (virus_693998,host_385575): 0 -> 1
Cell (virus_693998,host_9403): 0 -> 1
Cell (virus_693998,host_58057): 0 -> 1
Cell (virus_693998,host_77231): 0 -> 1
Cell (virus_693998,host_372077): 0 -> 1
Cell (virus_693998,host_903567): 0 -> 1
Cell (virus_693998,host_498220): 0 -> 1
Cell (virus_693998,host_77243): 0 -> 1
Cell (virus_693998,host_58073): 0 -> 1
Cell (virus_693998,host_9408): 0 -> 1
Cell (virus_693998,host_77214): 0 -> 1
Cell (virus_693998,host_326083): 0 -> 1
Cell (virus_693998,host_187003): 0 -> 1
Cell (virus_693998,host_192403): 0 -> 1
Cell (virus_693998,host_177162): 0 -> 1
Cell (virus_693998,host_2994998): 0 -> 1
Cell (virus_693998,host_148061): 0 -> 1
Cell (virus_693998,host_3371013): 0 -> 1
Cell (virus_693998,host_1434095): 0 -> 1
Cell (virus_693998,host_291302): 0 -> 1
Cell (virus_693998,host_187008): 0 -> 1
Cell (virus_693998,host_124751): 0 -> 1
Cell (virus_693998,host_153297): 0 -> 1
Cell (virus_693998,host_29078): 0 -> 1
Cell (virus_693998,host_999321): 0 -> 1
Cell (virus_693998,host_867834): 0 -> 1
Cell (virus_693998,host_143942): 0 -> 1
Cell (virus_693998,host_2491053): 0 -> 1
Cell (virus_693998,host_59485): 0 -> 1
Cell (virus_2913382,host_105295): 0 -> 1
Cell (virus_2913382,host_51300): 0 -> 1
Cell (virus_2913382,host_3380546): 0 -> 1
Cell (virus_2913382,host_160974): 0 -> 1
Cell (virus_2913382,host_2528591): 0 -> 1
Cell (virus_2913382,host_109482): 0 -> 1
Cell (virus_2913382,host_51298): 0 -> 1
Cell (virus_2913382,host_392004): 0 -> 1
Cell (virus_2913382,host_526407): 0 -> 1
Cell (virus_2913382,host_203696): 0 -> 1
Cell (virus_2913382,host_98922): 0 -> 1
Cell (virus_2913382,host_138979): 0 -> 1
Cell (virus_2913382,host_2015597): 0 -> 1
Cell (virus_2913382,host_633648): 0 -> 1
Cell (virus_2913382,host_187017): 0 -> 1
Cell (virus_2913382,host_249020): 0 -> 1
Cell (virus_2913382,host_463808): 0 -> 1
Cell (virus_2913382,host_376555): 0 -> 1
Cell (virus_2913382,host_169756): 0 -> 1
Cell (virus_2913382,host_196889): 0 -> 1
Cell (virus_2913382,host_76837): 0 -> 1
Cell (virus_2913382,host_76834): 0 -> 1
Cell (virus_2913382,host_249024): 0 -> 1
Cell (virus_2913382,host_2603866): 0 -> 1
Cell (virus_2913382,host_302408): 0 -> 1
Cell (virus_2913382,host_49443): 0 -> 1
Cell (virus_2913382,host_59479): 0 -> 1
Cell (virus_2913382,host_519037): 0 -> 1
Cell (virus_2913382,host_337453): 0 -> 1
Cell (virus_2913382,host_549403): 0 -> 1
Cell (virus_2913382,host_124756): 0 -> 1
Cell (virus_2913382,host_132908): 0 -> 1
Cell (virus_2913382,host_385575): 0 -> 1
Cell (virus_2913382,host_58057): 0 -> 1
Cell (virus_2913382,host_77231): 0 -> 1
Cell (virus_2913382,host_372077): 0 -> 1
Cell (virus_2913382,host_498220): 0 -> 1
Cell (virus_2913382,host_448084): 0 -> 1
Cell (virus_2913382,host_77243): 0 -> 1
Cell (virus_2913382,host_9408): 0 -> 1
Cell (virus_2913382,host_77214): 0 -> 1
Cell (virus_2913382,host_326083): 0 -> 1
Cell (virus_2913382,host_187003): 0 -> 1
Cell (virus_2913382,host_208969): 0 -> 1
Cell (virus_2913382,host_51012): 0 -> 1
Cell (virus_2913382,host_192403): 0 -> 1
Cell (virus_2913382,host_177162): 0 -> 1
Cell (virus_2913382,host_2994998): 0 -> 1
Cell (virus_2913382,host_3371013): 0 -> 1
Cell (virus_2913382,host_1434095): 0 -> 1
Cell (virus_2913382,host_291302): 0 -> 1
Cell (virus_2913382,host_124751): 0 -> 1
Cell (virus_2913382,host_153297): 0 -> 1
Cell (virus_2913382,host_29078): 0 -> 1
Cell (virus_2913382,host_2969767): 0 -> 1
Cell (virus_2913382,host_3371016): 0 -> 1
Cell (virus_2913382,host_999321): 0 -> 1
Cell (virus_2913382,host_867834): 0 -> 1
Cell (virus_2913382,host_143942): 0 -> 1
Cell (virus_2913382,host_2491053): 0 -> 1
Cell (virus_2913382,host_59485): 0 -> 1
Cell (virus_3433766,host_105295): 0 -> 1
Cell (virus_3433766,host_51300): 0 -> 1
Cell (virus_3433766,host_59473): 0 -> 1
Cell (virus_3433766,host_3380546): 0 -> 1
Cell (virus_3433766,host_59463): 0 -> 1
Cell (virus_3433766,host_2528591): 0 -> 1
Cell (virus_3433766,host_386774): 0 -> 1
Cell (virus_3433766,host_392004): 0 -> 1
Cell (virus_3433766,host_526407): 0 -> 1
Cell (virus_3433766,host_203696): 0 -> 1
Cell (virus_3433766,host_452653): 0 -> 1
Cell (virus_3433766,host_98922): 0 -> 1
Cell (virus_3433766,host_138977): 0 -> 1
Cell (virus_3433766,host_138979): 0 -> 1
Cell (virus_3433766,host_186990): 0 -> 1
Cell (virus_3433766,host_186991): 0 -> 1
Cell (virus_3433766,host_169756): 0 -> 1
Cell (virus_3433766,host_188570): 0 -> 1
Cell (virus_3433766,host_320431): 0 -> 1
Cell (virus_3433766,host_89399): 0 -> 1
Cell (virus_3433766,host_249024): 0 -> 1
Cell (virus_3433766,host_2603866): 0 -> 1
Cell (virus_3433766,host_302408): 0 -> 1
Cell (virus_3433766,host_519037): 0 -> 1
Cell (virus_3433766,host_549403): 0 -> 1
Cell (virus_3433766,host_385575): 0 -> 1
Cell (virus_3433766,host_328804): 0 -> 1
Cell (virus_3433766,host_58057): 0 -> 1
Cell (virus_3433766,host_1898389): 0 -> 1
Cell (virus_3433766,host_77231): 0 -> 1
Cell (virus_3433766,host_372077): 0 -> 1
Cell (virus_3433766,host_498220): 0 -> 1
Cell (virus_3433766,host_1898393): 0 -> 1
Cell (virus_3433766,host_9408): 0 -> 1
Cell (virus_3433766,host_77214): 0 -> 1
Cell (virus_3433766,host_1898386): 0 -> 1
Cell (virus_3433766,host_326083): 0 -> 1
Cell (virus_3433766,host_1381355): 0 -> 1
Cell (virus_3433766,host_187003): 0 -> 1
Cell (virus_3433766,host_148094): 0 -> 1
Cell (virus_3433766,host_410852): 0 -> 1
Cell (virus_3433766,host_27634): 0 -> 1
Cell (virus_3433766,host_9417): 0 -> 1
Cell (virus_3433766,host_51012): 0 -> 1
Cell (virus_3433766,host_177162): 0 -> 1
Cell (virus_3433766,host_27642): 0 -> 1
Cell (virus_3433766,host_9423): 0 -> 1
Cell (virus_3433766,host_148061): 0 -> 1
Cell (virus_3433766,host_9430): 0 -> 1
Cell (virus_3433766,host_3371013): 0 -> 1
Cell (virus_3433766,host_1434095): 0 -> 1
Cell (virus_3433766,host_221086): 0 -> 1
Cell (virus_3433766,host_221087): 0 -> 1
Cell (virus_3433766,host_187008): 0 -> 1
Cell (virus_3433766,host_3370289): 0 -> 1
Cell (virus_3433766,host_9438): 0 -> 1
Cell (virus_3433766,host_153297): 0 -> 1
Cell (virus_3433766,host_59474): 0 -> 1
Cell (virus_3433766,host_999321): 0 -> 1
Cell (virus_3433766,host_526822): 0 -> 1
Cell (virus_694014,host_105295): 0 -> 1
Cell (virus_694014,host_51300): 0 -> 1
Cell (virus_694014,host_59473): 0 -> 1
Cell (virus_694014,host_3380546): 0 -> 1
Cell (virus_694014,host_59463): 0 -> 1
Cell (virus_694014,host_2528591): 0 -> 1
Cell (virus_694014,host_386774): 0 -> 1
Cell (virus_694014,host_392004): 0 -> 1
Cell (virus_694014,host_526407): 0 -> 1
Cell (virus_694014,host_203696): 0 -> 1
Cell (virus_694014,host_452653): 0 -> 1
Cell (virus_694014,host_98922): 0 -> 1
Cell (virus_694014,host_138977): 0 -> 1
Cell (virus_694014,host_138979): 0 -> 1
Cell (virus_694014,host_186990): 0 -> 1
Cell (virus_694014,host_186991): 0 -> 1
Cell (virus_694014,host_169756): 0 -> 1
Cell (virus_694014,host_188570): 0 -> 1
Cell (virus_694014,host_320431): 0 -> 1
Cell (virus_694014,host_89399): 0 -> 1
Cell (virus_694014,host_249024): 0 -> 1
Cell (virus_694014,host_2603866): 0 -> 1
Cell (virus_694014,host_302408): 0 -> 1
Cell (virus_694014,host_519037): 0 -> 1
Cell (virus_694014,host_549403): 0 -> 1
Cell (virus_694014,host_385575): 0 -> 1
Cell (virus_694014,host_328804): 0 -> 1
Cell (virus_694014,host_58057): 0 -> 1
Cell (virus_694014,host_1898389): 0 -> 1
Cell (virus_694014,host_77231): 0 -> 1
Cell (virus_694014,host_372077): 0 -> 1
Cell (virus_694014,host_498220): 0 -> 1
Cell (virus_694014,host_1898393): 0 -> 1
Cell (virus_694014,host_9408): 0 -> 1
Cell (virus_694014,host_77214): 0 -> 1
Cell (virus_694014,host_1898386): 0 -> 1
Cell (virus_694014,host_326083): 0 -> 1
Cell (virus_694014,host_1381355): 0 -> 1
Cell (virus_694014,host_187003): 0 -> 1
Cell (virus_694014,host_148094): 0 -> 1
Cell (virus_694014,host_410852): 0 -> 1
Cell (virus_694014,host_27634): 0 -> 1
Cell (virus_694014,host_9417): 0 -> 1
Cell (virus_694014,host_51012): 0 -> 1
Cell (virus_694014,host_177162): 0 -> 1
Cell (virus_694014,host_27642): 0 -> 1
Cell (virus_694014,host_9423): 0 -> 1
Cell (virus_694014,host_148061): 0 -> 1
Cell (virus_694014,host_9430): 0 -> 1
Cell (virus_694014,host_3371013): 0 -> 1
Cell (virus_694014,host_1434095): 0 -> 1
Cell (virus_694014,host_221086): 0 -> 1
Cell (virus_694014,host_221087): 0 -> 1
Cell (virus_694014,host_187008): 0 -> 1
Cell (virus_694014,host_3370289): 0 -> 1
Cell (virus_694014,host_9438): 0 -> 1
Cell (virus_694014,host_153297): 0 -> 1
Cell (virus_694014,host_59474): 0 -> 1
Cell (virus_694014,host_999321): 0 -> 1
Cell (virus_694014,host_526822): 0 -> 1
Cell (virus_2917966,host_105295): 0 -> 1
Cell (virus_2917966,host_375553): 0 -> 1
Cell (virus_2917966,host_109478): 0 -> 1
Cell (virus_2917966,host_3380546): 0 -> 1
Cell (virus_2917966,host_257882): 0 -> 1
Cell (virus_2917966,host_59463): 0 -> 1
Cell (virus_2917966,host_109481): 0 -> 1
Cell (virus_2917966,host_2528591): 0 -> 1
Cell (virus_2917966,host_386774): 0 -> 1
Cell (virus_2917966,host_392004): 0 -> 1
Cell (virus_2917966,host_452653): 0 -> 1
Cell (virus_2917966,host_138979): 0 -> 1
Cell (virus_2917966,host_155915): 0 -> 1
Cell (virus_2917966,host_155035): 0 -> 1
Cell (virus_2917966,host_633648): 0 -> 1
Cell (virus_2917966,host_258925): 0 -> 1
Cell (virus_2917966,host_187017): 0 -> 1
Cell (virus_2917966,host_463808): 0 -> 1
Cell (virus_2917966,host_476589): 0 -> 1
Cell (virus_2917966,host_249024): 0 -> 1
Cell (virus_2917966,host_2603866): 0 -> 1
Cell (virus_2917966,host_519037): 0 -> 1
Cell (virus_2917966,host_337453): 0 -> 1
Cell (virus_2917966,host_77218): 0 -> 1
Cell (virus_2917966,host_329870): 0 -> 1
Cell (virus_2917966,host_549403): 0 -> 1
Cell (virus_2917966,host_132908): 0 -> 1
Cell (virus_2917966,host_385575): 0 -> 1
Cell (virus_2917966,host_58057): 0 -> 1
Cell (virus_2917966,host_77231): 0 -> 1
Cell (virus_2917966,host_372077): 0 -> 1
Cell (virus_2917966,host_58067): 0 -> 1
Cell (virus_2917966,host_498220): 0 -> 1
Cell (virus_2917966,host_58071): 0 -> 1
Cell (virus_2917966,host_77223): 0 -> 1
Cell (virus_2917966,host_9407): 0 -> 1
Cell (virus_2917966,host_9408): 0 -> 1
Cell (virus_2917966,host_58063): 0 -> 1
Cell (virus_2917966,host_77214): 0 -> 1
Cell (virus_2917966,host_1898386): 0 -> 1
Cell (virus_2917966,host_326081): 0 -> 1
Cell (virus_2917966,host_1381355): 0 -> 1
Cell (virus_2917966,host_40233): 0 -> 1
Cell (virus_2917966,host_410852): 0 -> 1
Cell (virus_2917966,host_574064): 0 -> 1
Cell (virus_2917966,host_40230): 0 -> 1
Cell (virus_2917966,host_27642): 0 -> 1
Cell (virus_2917966,host_148061): 0 -> 1
Cell (virus_2917966,host_3371013): 0 -> 1
Cell (virus_2917966,host_1434095): 0 -> 1
Cell (virus_2917966,host_438766): 0 -> 1
Cell (virus_2917966,host_9438): 0 -> 1
Cell (virus_2917966,host_153297): 0 -> 1
Cell (virus_2917966,host_258953): 0 -> 1
Cell (virus_2917966,host_110938): 0 -> 1
Cell (virus_2917966,host_59485): 0 -> 1
Cell (virus_3158245,host_105295): 0 -> 1
Cell (virus_3158245,host_3380546): 0 -> 1
Cell (virus_3158245,host_59463): 0 -> 1
Cell (virus_3158245,host_2528591): 0 -> 1
Cell (virus_3158245,host_392004): 0 -> 1
Cell (virus_3158245,host_1911917): 0 -> 1
Cell (virus_3158245,host_452654): 0 -> 1
Cell (virus_3158245,host_385037): 0 -> 1
Cell (virus_3158245,host_2015597): 0 -> 1
Cell (virus_3158245,host_633648): 0 -> 1
Cell (virus_3158245,host_187017): 0 -> 1
Cell (virus_3158245,host_186990): 0 -> 1
Cell (virus_3158245,host_249020): 0 -> 1
Cell (virus_3158245,host_463808): 0 -> 1
Cell (virus_3158245,host_376555): 0 -> 1
Cell (virus_3158245,host_188570): 0 -> 1
Cell (virus_3158245,host_188572): 0 -> 1
Cell (virus_3158245,host_867892): 0 -> 1
Cell (virus_3158245,host_76837): 0 -> 1
Cell (virus_3158245,host_249024): 0 -> 1
Cell (virus_3158245,host_2603866): 0 -> 1
Cell (virus_3158245,host_49443): 0 -> 1
Cell (virus_3158245,host_59479): 0 -> 1
Cell (virus_3158245,host_337453): 0 -> 1
Cell (virus_3158245,host_549403): 0 -> 1
Cell (virus_3158245,host_132908): 0 -> 1
Cell (virus_3158245,host_196297): 0 -> 1
Cell (virus_3158245,host_58057): 0 -> 1
Cell (virus_3158245,host_77231): 0 -> 1
Cell (virus_3158245,host_372077): 0 -> 1
Cell (virus_3158245,host_58067): 0 -> 1
Cell (virus_3158245,host_498220): 0 -> 1
Cell (virus_3158245,host_77223): 0 -> 1
Cell (virus_3158245,host_9408): 0 -> 1
Cell (virus_3158245,host_77214): 0 -> 1
Cell (virus_3158245,host_1381355): 0 -> 1
Cell (virus_3158245,host_187003): 0 -> 1
Cell (virus_3158245,host_118856): 0 -> 1
Cell (virus_3158245,host_1884717): 0 -> 1
Cell (virus_3158245,host_208969): 0 -> 1
Cell (virus_3158245,host_148094): 0 -> 1
Cell (virus_3158245,host_410852): 0 -> 1
Cell (virus_3158245,host_27634): 0 -> 1
Cell (virus_3158245,host_40230): 0 -> 1
Cell (virus_3158245,host_9417): 0 -> 1
Cell (virus_3158245,host_51012): 0 -> 1
Cell (virus_3158245,host_27660): 0 -> 1
Cell (virus_3158245,host_177162): 0 -> 1
Cell (virus_3158245,host_27642): 0 -> 1
Cell (virus_3158245,host_94961): 0 -> 1
Cell (virus_3158245,host_3371013): 0 -> 1
Cell (virus_3158245,host_9414): 0 -> 1
Cell (virus_3158245,host_187007): 0 -> 1
Cell (virus_3158245,host_153297): 0 -> 1
Cell (virus_3158245,host_249034): 0 -> 1
Cell (virus_3158245,host_272799): 0 -> 1
Cell (virus_3158245,host_61862): 0 -> 1
Cell (virus_3158245,host_258909): 0 -> 1
Cell (virus_3158245,host_2969767): 0 -> 1
Cell (virus_3158245,host_999321): 0 -> 1
Cell (virus_3158245,host_867834): 0 -> 1
Cell (virus_3158245,host_2491053): 0 -> 1
Cell (virus_3158245,host_258959): 0 -> 1
Cell (virus_3158245,host_59485): 0 -> 1
Cell (virus_693999,host_105295): 0 -> 1
Cell (virus_693999,host_3380546): 0 -> 1
Cell (virus_693999,host_59463): 0 -> 1
Cell (virus_693999,host_2528591): 0 -> 1
Cell (virus_693999,host_392004): 0 -> 1
Cell (virus_693999,host_1911917): 0 -> 1
Cell (virus_693999,host_452654): 0 -> 1
Cell (virus_693999,host_385037): 0 -> 1
Cell (virus_693999,host_2015597): 0 -> 1
Cell (virus_693999,host_633648): 0 -> 1
Cell (virus_693999,host_187017): 0 -> 1
Cell (virus_693999,host_186990): 0 -> 1
Cell (virus_693999,host_249020): 0 -> 1
Cell (virus_693999,host_463808): 0 -> 1
Cell (virus_693999,host_376555): 0 -> 1
Cell (virus_693999,host_188570): 0 -> 1
Cell (virus_693999,host_188572): 0 -> 1
Cell (virus_693999,host_867892): 0 -> 1
Cell (virus_693999,host_76837): 0 -> 1
Cell (virus_693999,host_249024): 0 -> 1
Cell (virus_693999,host_2603866): 0 -> 1
Cell (virus_693999,host_49443): 0 -> 1
Cell (virus_693999,host_59479): 0 -> 1
Cell (virus_693999,host_337453): 0 -> 1
Cell (virus_693999,host_549403): 0 -> 1
Cell (virus_693999,host_132908): 0 -> 1
Cell (virus_693999,host_196297): 0 -> 1
Cell (virus_693999,host_58057): 0 -> 1
Cell (virus_693999,host_77231): 0 -> 1
Cell (virus_693999,host_372077): 0 -> 1
Cell (virus_693999,host_58067): 0 -> 1
Cell (virus_693999,host_498220): 0 -> 1
Cell (virus_693999,host_77223): 0 -> 1
Cell (virus_693999,host_9408): 0 -> 1
Cell (virus_693999,host_77214): 0 -> 1
Cell (virus_693999,host_1381355): 0 -> 1
Cell (virus_693999,host_187003): 0 -> 1
Cell (virus_693999,host_118856): 0 -> 1
Cell (virus_693999,host_1884717): 0 -> 1
Cell (virus_693999,host_208969): 0 -> 1
Cell (virus_693999,host_148094): 0 -> 1
Cell (virus_693999,host_410852): 0 -> 1
Cell (virus_693999,host_27634): 0 -> 1
Cell (virus_693999,host_40230): 0 -> 1
Cell (virus_693999,host_9417): 0 -> 1
Cell (virus_693999,host_51012): 0 -> 1
Cell (virus_693999,host_27660): 0 -> 1
Cell (virus_693999,host_177162): 0 -> 1
Cell (virus_693999,host_27642): 0 -> 1
Cell (virus_693999,host_94961): 0 -> 1
Cell (virus_693999,host_3371013): 0 -> 1
Cell (virus_693999,host_9414): 0 -> 1
Cell (virus_693999,host_187007): 0 -> 1
Cell (virus_693999,host_153297): 0 -> 1
Cell (virus_693999,host_249034): 0 -> 1
Cell (virus_693999,host_272799): 0 -> 1
Cell (virus_693999,host_61862): 0 -> 1
Cell (virus_693999,host_258909): 0 -> 1
Cell (virus_693999,host_2969767): 0 -> 1
Cell (virus_693999,host_999321): 0 -> 1
Cell (virus_693999,host_867834): 0 -> 1
Cell (virus_693999,host_2491053): 0 -> 1
Cell (virus_693999,host_258959): 0 -> 1
Cell (virus_693999,host_59485): 0 -> 1
Cell (virus_3418615,host_105295): 0 -> 1
Cell (virus_3418615,host_3380546): 0 -> 1
Cell (virus_3418615,host_59463): 0 -> 1
Cell (virus_3418615,host_2528591): 0 -> 1
Cell (virus_3418615,host_392004): 0 -> 1
Cell (virus_3418615,host_1911917): 0 -> 1
Cell (virus_3418615,host_452654): 0 -> 1
Cell (virus_3418615,host_385037): 0 -> 1
Cell (virus_3418615,host_187017): 0 -> 1
Cell (virus_3418615,host_186990): 0 -> 1
Cell (virus_3418615,host_249020): 0 -> 1
Cell (virus_3418615,host_463808): 0 -> 1
Cell (virus_3418615,host_376555): 0 -> 1
Cell (virus_3418615,host_188570): 0 -> 1
Cell (virus_3418615,host_188572): 0 -> 1
Cell (virus_3418615,host_867892): 0 -> 1
Cell (virus_3418615,host_76837): 0 -> 1
Cell (virus_3418615,host_249024): 0 -> 1
Cell (virus_3418615,host_2603866): 0 -> 1
Cell (virus_3418615,host_302408): 0 -> 1
Cell (virus_3418615,host_49443): 0 -> 1
Cell (virus_3418615,host_59479): 0 -> 1
Cell (virus_3418615,host_337453): 0 -> 1
Cell (virus_3418615,host_549403): 0 -> 1
Cell (virus_3418615,host_132908): 0 -> 1
Cell (virus_3418615,host_385575): 0 -> 1
Cell (virus_3418615,host_58057): 0 -> 1
Cell (virus_3418615,host_1898389): 0 -> 1
Cell (virus_3418615,host_77231): 0 -> 1
Cell (virus_3418615,host_372077): 0 -> 1
Cell (virus_3418615,host_58067): 0 -> 1
Cell (virus_3418615,host_9408): 0 -> 1
Cell (virus_3418615,host_77214): 0 -> 1
Cell (virus_3418615,host_1381355): 0 -> 1
Cell (virus_3418615,host_118856): 0 -> 1
Cell (virus_3418615,host_1884717): 0 -> 1
Cell (virus_3418615,host_208969): 0 -> 1
Cell (virus_3418615,host_40233): 0 -> 1
Cell (virus_3418615,host_148094): 0 -> 1
Cell (virus_3418615,host_410852): 0 -> 1
Cell (virus_3418615,host_27634): 0 -> 1
Cell (virus_3418615,host_40230): 0 -> 1
Cell (virus_3418615,host_51012): 0 -> 1
Cell (virus_3418615,host_27660): 0 -> 1
Cell (virus_3418615,host_177162): 0 -> 1
Cell (virus_3418615,host_27642): 0 -> 1
Cell (virus_3418615,host_94961): 0 -> 1
Cell (virus_3418615,host_3371013): 0 -> 1
Cell (virus_3418615,host_187008): 0 -> 1
Cell (virus_3418615,host_272799): 0 -> 1
Cell (virus_3418615,host_258909): 0 -> 1
Cell (virus_3418615,host_2969767): 0 -> 1
Cell (virus_3418615,host_999321): 0 -> 1
Cell (virus_3418615,host_867834): 0 -> 1
Cell (virus_3418615,host_258889): 0 -> 1
Cell (virus_694006,host_105295): 0 -> 1
Cell (virus_694006,host_3380546): 0 -> 1
Cell (virus_694006,host_59463): 0 -> 1
Cell (virus_694006,host_2528591): 0 -> 1
Cell (virus_694006,host_392004): 0 -> 1
Cell (virus_694006,host_1911917): 0 -> 1
Cell (virus_694006,host_452654): 0 -> 1
Cell (virus_694006,host_385037): 0 -> 1
Cell (virus_694006,host_187017): 0 -> 1
Cell (virus_694006,host_186990): 0 -> 1
Cell (virus_694006,host_249020): 0 -> 1
Cell (virus_694006,host_463808): 0 -> 1
Cell (virus_694006,host_376555): 0 -> 1
Cell (virus_694006,host_188570): 0 -> 1
Cell (virus_694006,host_188572): 0 -> 1
Cell (virus_694006,host_867892): 0 -> 1
Cell (virus_694006,host_76837): 0 -> 1
Cell (virus_694006,host_249024): 0 -> 1
Cell (virus_694006,host_2603866): 0 -> 1
Cell (virus_694006,host_302408): 0 -> 1
Cell (virus_694006,host_49443): 0 -> 1
Cell (virus_694006,host_59479): 0 -> 1
Cell (virus_694006,host_337453): 0 -> 1
Cell (virus_694006,host_549403): 0 -> 1
Cell (virus_694006,host_132908): 0 -> 1
Cell (virus_694006,host_385575): 0 -> 1
Cell (virus_694006,host_58057): 0 -> 1
Cell (virus_694006,host_1898389): 0 -> 1
Cell (virus_694006,host_77231): 0 -> 1
Cell (virus_694006,host_372077): 0 -> 1
Cell (virus_694006,host_58067): 0 -> 1
Cell (virus_694006,host_9408): 0 -> 1
Cell (virus_694006,host_77214): 0 -> 1
Cell (virus_694006,host_1381355): 0 -> 1
Cell (virus_694006,host_118856): 0 -> 1
Cell (virus_694006,host_1884717): 0 -> 1
Cell (virus_694006,host_208969): 0 -> 1
Cell (virus_694006,host_40233): 0 -> 1
Cell (virus_694006,host_148094): 0 -> 1
Cell (virus_694006,host_410852): 0 -> 1
Cell (virus_694006,host_27634): 0 -> 1
Cell (virus_694006,host_40230): 0 -> 1
Cell (virus_694006,host_51012): 0 -> 1
Cell (virus_694006,host_27660): 0 -> 1
Cell (virus_694006,host_177162): 0 -> 1
Cell (virus_694006,host_27642): 0 -> 1
Cell (virus_694006,host_94961): 0 -> 1
Cell (virus_694006,host_3371013): 0 -> 1
Cell (virus_694006,host_187008): 0 -> 1
Cell (virus_694006,host_272799): 0 -> 1
Cell (virus_694006,host_258909): 0 -> 1
Cell (virus_694006,host_2969767): 0 -> 1
Cell (virus_694006,host_999321): 0 -> 1
Cell (virus_694006,host_867834): 0 -> 1
Cell (virus_694006,host_258889): 0 -> 1
Cell (virus_3433776,host_105295): 0 -> 1
Cell (virus_3433776,host_51300): 0 -> 1
Cell (virus_3433776,host_3380546): 0 -> 1
Cell (virus_3433776,host_59463): 0 -> 1
Cell (virus_3433776,host_1633875): 0 -> 1
Cell (virus_3433776,host_1911917): 0 -> 1
Cell (virus_3433776,host_452654): 0 -> 1
Cell (virus_3433776,host_385037): 0 -> 1
Cell (virus_3433776,host_187017): 0 -> 1
Cell (virus_3433776,host_186990): 0 -> 1
Cell (virus_3433776,host_249020): 0 -> 1
Cell (virus_3433776,host_463808): 0 -> 1
Cell (virus_3433776,host_376555): 0 -> 1
Cell (virus_3433776,host_188570): 0 -> 1
Cell (virus_3433776,host_188572): 0 -> 1
Cell (virus_3433776,host_867892): 0 -> 1
Cell (virus_3433776,host_76837): 0 -> 1
Cell (virus_3433776,host_476589): 0 -> 1
Cell (virus_3433776,host_2603866): 0 -> 1
Cell (virus_3433776,host_302408): 0 -> 1
Cell (virus_3433776,host_49443): 0 -> 1
Cell (virus_3433776,host_337453): 0 -> 1
Cell (virus_3433776,host_549403): 0 -> 1
Cell (virus_3433776,host_132908): 0 -> 1
Cell (virus_3433776,host_58057): 0 -> 1
Cell (virus_3433776,host_1898389): 0 -> 1
Cell (virus_3433776,host_77231): 0 -> 1
Cell (virus_3433776,host_372077): 0 -> 1
Cell (virus_3433776,host_498220): 0 -> 1
Cell (virus_3433776,host_77243): 0 -> 1
Cell (virus_3433776,host_77223): 0 -> 1
Cell (virus_3433776,host_9408): 0 -> 1
Cell (virus_3433776,host_77214): 0 -> 1
Cell (virus_3433776,host_1381355): 0 -> 1
Cell (virus_3433776,host_118856): 0 -> 1
Cell (virus_3433776,host_1884717): 0 -> 1
Cell (virus_3433776,host_208969): 0 -> 1
Cell (virus_3433776,host_40233): 0 -> 1
Cell (virus_3433776,host_148094): 0 -> 1
Cell (virus_3433776,host_410852): 0 -> 1
Cell (virus_3433776,host_40230): 0 -> 1
Cell (virus_3433776,host_51012): 0 -> 1
Cell (virus_3433776,host_27660): 0 -> 1
Cell (virus_3433776,host_177162): 0 -> 1
Cell (virus_3433776,host_27642): 0 -> 1
Cell (virus_3433776,host_148061): 0 -> 1
Cell (virus_3433776,host_148089): 0 -> 1
Cell (virus_3433776,host_94961): 0 -> 1
Cell (virus_3433776,host_3371013): 0 -> 1
Cell (virus_3433776,host_153297): 0 -> 1
Cell (virus_3433776,host_272799): 0 -> 1
Cell (virus_3433776,host_61862): 0 -> 1
Cell (virus_3433776,host_258909): 0 -> 1
Cell (virus_3433776,host_29078): 0 -> 1
Cell (virus_3433776,host_2969767): 0 -> 1
Cell (virus_3433776,host_999321): 0 -> 1
Cell (virus_3433776,host_867834): 0 -> 1
Cell (virus_3433776,host_110938): 0 -> 1
Cell (virus_694007,host_105295): 0 -> 1
Cell (virus_694007,host_51300): 0 -> 1
Cell (virus_694007,host_3380546): 0 -> 1
Cell (virus_694007,host_59463): 0 -> 1
Cell (virus_694007,host_1633875): 0 -> 1
Cell (virus_694007,host_1911917): 0 -> 1
Cell (virus_694007,host_452654): 0 -> 1
Cell (virus_694007,host_385037): 0 -> 1
Cell (virus_694007,host_187017): 0 -> 1
Cell (virus_694007,host_186990): 0 -> 1
Cell (virus_694007,host_249020): 0 -> 1
Cell (virus_694007,host_463808): 0 -> 1
Cell (virus_694007,host_376555): 0 -> 1
Cell (virus_694007,host_188570): 0 -> 1
Cell (virus_694007,host_188572): 0 -> 1
Cell (virus_694007,host_867892): 0 -> 1
Cell (virus_694007,host_76837): 0 -> 1
Cell (virus_694007,host_476589): 0 -> 1
Cell (virus_694007,host_2603866): 0 -> 1
Cell (virus_694007,host_302408): 0 -> 1
Cell (virus_694007,host_49443): 0 -> 1
Cell (virus_694007,host_337453): 0 -> 1
Cell (virus_694007,host_549403): 0 -> 1
Cell (virus_694007,host_132908): 0 -> 1
Cell (virus_694007,host_58057): 0 -> 1
Cell (virus_694007,host_1898389): 0 -> 1
Cell (virus_694007,host_77231): 0 -> 1
Cell (virus_694007,host_372077): 0 -> 1
Cell (virus_694007,host_498220): 0 -> 1
Cell (virus_694007,host_77243): 0 -> 1
Cell (virus_694007,host_77223): 0 -> 1
Cell (virus_694007,host_9408): 0 -> 1
Cell (virus_694007,host_77214): 0 -> 1
Cell (virus_694007,host_1381355): 0 -> 1
Cell (virus_694007,host_118856): 0 -> 1
Cell (virus_694007,host_1884717): 0 -> 1
Cell (virus_694007,host_208969): 0 -> 1
Cell (virus_694007,host_40233): 0 -> 1
Cell (virus_694007,host_148094): 0 -> 1
Cell (virus_694007,host_410852): 0 -> 1
Cell (virus_694007,host_40230): 0 -> 1
Cell (virus_694007,host_51012): 0 -> 1
Cell (virus_694007,host_27660): 0 -> 1
Cell (virus_694007,host_177162): 0 -> 1
Cell (virus_694007,host_27642): 0 -> 1
Cell (virus_694007,host_148061): 0 -> 1
Cell (virus_694007,host_148089): 0 -> 1
Cell (virus_694007,host_94961): 0 -> 1
Cell (virus_694007,host_3371013): 0 -> 1
Cell (virus_694007,host_153297): 0 -> 1
Cell (virus_694007,host_272799): 0 -> 1
Cell (virus_694007,host_61862): 0 -> 1
Cell (virus_694007,host_258909): 0 -> 1
Cell (virus_694007,host_29078): 0 -> 1
Cell (virus_694007,host_2969767): 0 -> 1
Cell (virus_694007,host_999321): 0 -> 1
Cell (virus_694007,host_867834): 0 -> 1
Cell (virus_694007,host_110938): 0 -> 1
Cell (virus_1881051,host_105295): 0 -> 1
Cell (virus_1881051,host_51300): 0 -> 1
Cell (virus_1881051,host_59473): 0 -> 1
Cell (virus_1881051,host_3380546): 0 -> 1
Cell (virus_1881051,host_59463): 0 -> 1
Cell (virus_1881051,host_392004): 0 -> 1
Cell (virus_1881051,host_385037): 0 -> 1
Cell (virus_1881051,host_187017): 0 -> 1
Cell (virus_1881051,host_1207989): 0 -> 1
Cell (virus_1881051,host_188569): 0 -> 1
Cell (virus_1881051,host_186991): 0 -> 1
Cell (virus_1881051,host_334201): 0 -> 1
Cell (virus_1881051,host_463808): 0 -> 1
Cell (virus_1881051,host_58069): 0 -> 1
Cell (virus_1881051,host_376555): 0 -> 1
Cell (virus_1881051,host_337453): 0 -> 1
Cell (virus_1881051,host_77218): 0 -> 1
Cell (virus_1881051,host_549403): 0 -> 1
Cell (virus_1881051,host_328804): 0 -> 1
Cell (virus_1881051,host_9403): 0 -> 1
Cell (virus_1881051,host_58071): 0 -> 1
Cell (virus_1881051,host_1898393): 0 -> 1
Cell (virus_1881051,host_77223): 0 -> 1
Cell (virus_1881051,host_9408): 0 -> 1
Cell (virus_1881051,host_58065): 0 -> 1
Cell (virus_1881051,host_77214): 0 -> 1
Cell (virus_1881051,host_1381355): 0 -> 1
Cell (virus_1881051,host_148094): 0 -> 1
Cell (virus_1881051,host_410852): 0 -> 1
Cell (virus_1881051,host_27634): 0 -> 1
Cell (virus_1881051,host_40230): 0 -> 1
Cell (virus_1881051,host_51012): 0 -> 1
Cell (virus_1881051,host_27660): 0 -> 1
Cell (virus_1881051,host_27642): 0 -> 1
Cell (virus_1881051,host_148061): 0 -> 1
Cell (virus_1881051,host_9430): 0 -> 1
Cell (virus_1881051,host_94961): 0 -> 1
Cell (virus_1881051,host_3371013): 0 -> 1
Cell (virus_1881051,host_187008): 0 -> 1
Cell (virus_1881051,host_452595): 0 -> 1
Cell (virus_1881051,host_3370289): 0 -> 1
Cell (virus_1881051,host_9438): 0 -> 1
Cell (virus_1881051,host_249033): 0 -> 1
Cell (virus_1881051,host_29078): 0 -> 1
Cell (virus_1881051,host_526822): 0 -> 1
Cell (virus_2913387,host_105295): 0 -> 1
Cell (virus_2913387,host_51300): 0 -> 1
Cell (virus_2913387,host_59473): 0 -> 1
Cell (virus_2913387,host_3380546): 0 -> 1
Cell (virus_2913387,host_59463): 0 -> 1
Cell (virus_2913387,host_392004): 0 -> 1
Cell (virus_2913387,host_385037): 0 -> 1
Cell (virus_2913387,host_187017): 0 -> 1
Cell (virus_2913387,host_1207989): 0 -> 1
Cell (virus_2913387,host_188569): 0 -> 1
Cell (virus_2913387,host_186991): 0 -> 1
Cell (virus_2913387,host_334201): 0 -> 1
Cell (virus_2913387,host_463808): 0 -> 1
Cell (virus_2913387,host_58069): 0 -> 1
Cell (virus_2913387,host_376555): 0 -> 1
Cell (virus_2913387,host_337453): 0 -> 1
Cell (virus_2913387,host_77218): 0 -> 1
Cell (virus_2913387,host_549403): 0 -> 1
Cell (virus_2913387,host_328804): 0 -> 1
Cell (virus_2913387,host_9403): 0 -> 1
Cell (virus_2913387,host_58071): 0 -> 1
Cell (virus_2913387,host_1898393): 0 -> 1
Cell (virus_2913387,host_77223): 0 -> 1
Cell (virus_2913387,host_9408): 0 -> 1
Cell (virus_2913387,host_58065): 0 -> 1
Cell (virus_2913387,host_77214): 0 -> 1
Cell (virus_2913387,host_1381355): 0 -> 1
Cell (virus_2913387,host_148094): 0 -> 1
Cell (virus_2913387,host_410852): 0 -> 1
Cell (virus_2913387,host_27634): 0 -> 1
Cell (virus_2913387,host_40230): 0 -> 1
Cell (virus_2913387,host_51012): 0 -> 1
Cell (virus_2913387,host_27660): 0 -> 1
Cell (virus_2913387,host_27642): 0 -> 1
Cell (virus_2913387,host_148061): 0 -> 1
Cell (virus_2913387,host_9430): 0 -> 1
Cell (virus_2913387,host_94961): 0 -> 1
Cell (virus_2913387,host_3371013): 0 -> 1
Cell (virus_2913387,host_187008): 0 -> 1
Cell (virus_2913387,host_452595): 0 -> 1
Cell (virus_2913387,host_3370289): 0 -> 1
Cell (virus_2913387,host_9438): 0 -> 1
Cell (virus_2913387,host_249033): 0 -> 1
Cell (virus_2913387,host_29078): 0 -> 1
Cell (virus_2691592,host_105295): 0 -> 1
Cell (virus_2691592,host_51300): 0 -> 1
Cell (virus_2691592,host_59473): 0 -> 1
Cell (virus_2691592,host_3380546): 0 -> 1
Cell (virus_2691592,host_59463): 0 -> 1
Cell (virus_2691592,host_392004): 0 -> 1
Cell (virus_2691592,host_385037): 0 -> 1
Cell (virus_2691592,host_187017): 0 -> 1
Cell (virus_2691592,host_188569): 0 -> 1
Cell (virus_2691592,host_59453): 0 -> 1
Cell (virus_2691592,host_186991): 0 -> 1
Cell (virus_2691592,host_334201): 0 -> 1
Cell (virus_2691592,host_463808): 0 -> 1
Cell (virus_2691592,host_58069): 0 -> 1
Cell (virus_2691592,host_376555): 0 -> 1
Cell (virus_2691592,host_169756): 0 -> 1
Cell (virus_2691592,host_337453): 0 -> 1
Cell (virus_2691592,host_77218): 0 -> 1
Cell (virus_2691592,host_329870): 0 -> 1
Cell (virus_2691592,host_3371112): 0 -> 1
Cell (virus_2691592,host_132908): 0 -> 1
Cell (virus_2691592,host_328804): 0 -> 1
Cell (virus_2691592,host_9403): 0 -> 1
Cell (virus_2691592,host_1898393): 0 -> 1
Cell (virus_2691592,host_9408): 0 -> 1
Cell (virus_2691592,host_58065): 0 -> 1
Cell (virus_2691592,host_77214): 0 -> 1
Cell (virus_2691592,host_1381355): 0 -> 1
Cell (virus_2691592,host_148094): 0 -> 1
Cell (virus_2691592,host_410852): 0 -> 1
Cell (virus_2691592,host_574064): 0 -> 1
Cell (virus_2691592,host_27634): 0 -> 1
Cell (virus_2691592,host_40230): 0 -> 1
Cell (virus_2691592,host_51012): 0 -> 1
Cell (virus_2691592,host_27660): 0 -> 1
Cell (virus_2691592,host_27642): 0 -> 1
Cell (virus_2691592,host_148061): 0 -> 1
Cell (virus_2691592,host_9430): 0 -> 1
Cell (virus_2691592,host_94961): 0 -> 1
Cell (virus_2691592,host_3371013): 0 -> 1
Cell (virus_2691592,host_452595): 0 -> 1
Cell (virus_2691592,host_3370289): 0 -> 1
Cell (virus_2691592,host_9438): 0 -> 1
Cell (virus_2691592,host_249033): 0 -> 1
Cell (virus_2691592,host_29078): 0 -> 1
Cell (virus_2691592,host_526822): 0 -> 1
Cell (virus_2691592,host_59485): 0 -> 1
Cell (virus_28295,host_105295): 0 -> 1
Cell (virus_28295,host_51300): 0 -> 1
Cell (virus_28295,host_59473): 0 -> 1
Cell (virus_28295,host_3380546): 0 -> 1
Cell (virus_28295,host_59463): 0 -> 1
Cell (virus_28295,host_392004): 0 -> 1
Cell (virus_28295,host_385037): 0 -> 1
Cell (virus_28295,host_187017): 0 -> 1
Cell (virus_28295,host_188569): 0 -> 1
Cell (virus_28295,host_59453): 0 -> 1
Cell (virus_28295,host_186991): 0 -> 1
Cell (virus_28295,host_463808): 0 -> 1
Cell (virus_28295,host_58069): 0 -> 1
Cell (virus_28295,host_169756): 0 -> 1
Cell (virus_28295,host_249024): 0 -> 1
Cell (virus_28295,host_337453): 0 -> 1
Cell (virus_28295,host_77218): 0 -> 1
Cell (virus_28295,host_549403): 0 -> 1
Cell (virus_28295,host_132908): 0 -> 1
Cell (virus_28295,host_385575): 0 -> 1
Cell (virus_28295,host_328804): 0 -> 1
Cell (virus_28295,host_9403): 0 -> 1
Cell (virus_28295,host_58071): 0 -> 1
Cell (virus_28295,host_1898393): 0 -> 1
Cell (virus_28295,host_77223): 0 -> 1
Cell (virus_28295,host_58065): 0 -> 1
Cell (virus_28295,host_77214): 0 -> 1
Cell (virus_28295,host_1381355): 0 -> 1
Cell (virus_28295,host_148094): 0 -> 1
Cell (virus_28295,host_410852): 0 -> 1
Cell (virus_28295,host_27634): 0 -> 1
Cell (virus_28295,host_40230): 0 -> 1
Cell (virus_28295,host_51012): 0 -> 1
Cell (virus_28295,host_27660): 0 -> 1
Cell (virus_28295,host_177162): 0 -> 1
Cell (virus_28295,host_27638): 0 -> 1
Cell (virus_28295,host_27642): 0 -> 1
Cell (virus_28295,host_148061): 0 -> 1
Cell (virus_28295,host_9430): 0 -> 1
Cell (virus_28295,host_94961): 0 -> 1
Cell (virus_28295,host_3371013): 0 -> 1
Cell (virus_28295,host_452595): 0 -> 1
Cell (virus_28295,host_3370289): 0 -> 1
Cell (virus_28295,host_9438): 0 -> 1
Cell (virus_28295,host_249033): 0 -> 1
Cell (virus_28295,host_29078): 0 -> 1
Cell (virus_28295,host_526822): 0 -> 1
Cell (virus_28295,host_59485): 0 -> 1
Cell (virus_3433789,host_105295): 0 -> 1
Cell (virus_3433789,host_51300): 0 -> 1
Cell (virus_3433789,host_59473): 0 -> 1
Cell (virus_3433789,host_3380546): 0 -> 1
Cell (virus_3433789,host_59463): 0 -> 1
Cell (virus_3433789,host_392004): 0 -> 1
Cell (virus_3433789,host_385037): 0 -> 1
Cell (virus_3433789,host_187017): 0 -> 1
Cell (virus_3433789,host_188569): 0 -> 1
Cell (virus_3433789,host_59453): 0 -> 1
Cell (virus_3433789,host_186991): 0 -> 1
Cell (virus_3433789,host_463808): 0 -> 1
Cell (virus_3433789,host_58069): 0 -> 1
Cell (virus_3433789,host_169756): 0 -> 1
Cell (virus_3433789,host_249024): 0 -> 1
Cell (virus_3433789,host_337453): 0 -> 1
Cell (virus_3433789,host_77218): 0 -> 1
Cell (virus_3433789,host_549403): 0 -> 1
Cell (virus_3433789,host_132908): 0 -> 1
Cell (virus_3433789,host_385575): 0 -> 1
Cell (virus_3433789,host_328804): 0 -> 1
Cell (virus_3433789,host_9403): 0 -> 1
Cell (virus_3433789,host_58071): 0 -> 1
Cell (virus_3433789,host_1898393): 0 -> 1
Cell (virus_3433789,host_77223): 0 -> 1
Cell (virus_3433789,host_58065): 0 -> 1
Cell (virus_3433789,host_77214): 0 -> 1
Cell (virus_3433789,host_1381355): 0 -> 1
Cell (virus_3433789,host_148094): 0 -> 1
Cell (virus_3433789,host_410852): 0 -> 1
Cell (virus_3433789,host_27634): 0 -> 1
Cell (virus_3433789,host_40230): 0 -> 1
Cell (virus_3433789,host_51012): 0 -> 1
Cell (virus_3433789,host_27660): 0 -> 1
Cell (virus_3433789,host_177162): 0 -> 1
Cell (virus_3433789,host_27638): 0 -> 1
Cell (virus_3433789,host_27642): 0 -> 1
Cell (virus_3433789,host_148061): 0 -> 1
Cell (virus_3433789,host_9430): 0 -> 1
Cell (virus_3433789,host_94961): 0 -> 1
Cell (virus_3433789,host_3371013): 0 -> 1
Cell (virus_3433789,host_452595): 0 -> 1
Cell (virus_3433789,host_3370289): 0 -> 1
Cell (virus_3433789,host_9438): 0 -> 1
Cell (virus_3433789,host_249033): 0 -> 1
Cell (virus_3433789,host_29078): 0 -> 1
Cell (virus_3433789,host_526822): 0 -> 1
Cell (virus_3433789,host_59485): 0 -> 1
Cell (virus_2913385,host_105295): 0 -> 1
Cell (virus_2913385,host_51300): 0 -> 1
Cell (virus_2913385,host_59473): 0 -> 1
Cell (virus_2913385,host_3380546): 0 -> 1
Cell (virus_2913385,host_59463): 0 -> 1
Cell (virus_2913385,host_392004): 0 -> 1
Cell (virus_2913385,host_385037): 0 -> 1
Cell (virus_2913385,host_187017): 0 -> 1
Cell (virus_2913385,host_188569): 0 -> 1
Cell (virus_2913385,host_59453): 0 -> 1
Cell (virus_2913385,host_186991): 0 -> 1
Cell (virus_2913385,host_463808): 0 -> 1
Cell (virus_2913385,host_58069): 0 -> 1
Cell (virus_2913385,host_169756): 0 -> 1
Cell (virus_2913385,host_337453): 0 -> 1
Cell (virus_2913385,host_77218): 0 -> 1
Cell (virus_2913385,host_549403): 0 -> 1
Cell (virus_2913385,host_132908): 0 -> 1
Cell (virus_2913385,host_385575): 0 -> 1
Cell (virus_2913385,host_328804): 0 -> 1
Cell (virus_2913385,host_9403): 0 -> 1
Cell (virus_2913385,host_58071): 0 -> 1
Cell (virus_2913385,host_1898393): 0 -> 1
Cell (virus_2913385,host_77223): 0 -> 1
Cell (virus_2913385,host_58065): 0 -> 1
Cell (virus_2913385,host_77214): 0 -> 1
Cell (virus_2913385,host_1381355): 0 -> 1
Cell (virus_2913385,host_148094): 0 -> 1
Cell (virus_2913385,host_410852): 0 -> 1
Cell (virus_2913385,host_27634): 0 -> 1
Cell (virus_2913385,host_40230): 0 -> 1
Cell (virus_2913385,host_51012): 0 -> 1
Cell (virus_2913385,host_27660): 0 -> 1
Cell (virus_2913385,host_177162): 0 -> 1
Cell (virus_2913385,host_27638): 0 -> 1
Cell (virus_2913385,host_27642): 0 -> 1
Cell (virus_2913385,host_9430): 0 -> 1
Cell (virus_2913385,host_94961): 0 -> 1
Cell (virus_2913385,host_3371013): 0 -> 1
Cell (virus_2913385,host_452595): 0 -> 1
Cell (virus_2913385,host_3370289): 0 -> 1
Cell (virus_2913385,host_9438): 0 -> 1
Cell (virus_2913385,host_249033): 0 -> 1
Cell (virus_2913385,host_29078): 0 -> 1
Cell (virus_2913385,host_526822): 0 -> 1
Cell (virus_2913385,host_59485): 0 -> 1
Cell (virus_3077579,host_105295): 0 -> 1
Cell (virus_3077579,host_246814): 0 -> 1
Cell (virus_3077579,host_59473): 0 -> 1
Cell (virus_3077579,host_392004): 0 -> 1
Cell (virus_3077579,host_385037): 0 -> 1
Cell (virus_3077579,host_187017): 0 -> 1
Cell (virus_3077579,host_188569): 0 -> 1
Cell (virus_3077579,host_59453): 0 -> 1
Cell (virus_3077579,host_186991): 0 -> 1
Cell (virus_3077579,host_463808): 0 -> 1
Cell (virus_3077579,host_58069): 0 -> 1
Cell (virus_3077579,host_376555): 0 -> 1
Cell (virus_3077579,host_337453): 0 -> 1
Cell (virus_3077579,host_77218): 0 -> 1
Cell (virus_3077579,host_549403): 0 -> 1
Cell (virus_3077579,host_132908): 0 -> 1
Cell (virus_3077579,host_385575): 0 -> 1
Cell (virus_3077579,host_328804): 0 -> 1
Cell (virus_3077579,host_9403): 0 -> 1
Cell (virus_3077579,host_58071): 0 -> 1
Cell (virus_3077579,host_1898393): 0 -> 1
Cell (virus_3077579,host_58065): 0 -> 1
Cell (virus_3077579,host_77214): 0 -> 1
Cell (virus_3077579,host_1381355): 0 -> 1
Cell (virus_3077579,host_148094): 0 -> 1
Cell (virus_3077579,host_27663): 0 -> 1
Cell (virus_3077579,host_410852): 0 -> 1
Cell (virus_3077579,host_40230): 0 -> 1
Cell (virus_3077579,host_51012): 0 -> 1
Cell (virus_3077579,host_27660): 0 -> 1
Cell (virus_3077579,host_177162): 0 -> 1
Cell (virus_3077579,host_409031): 0 -> 1
Cell (virus_3077579,host_148061): 0 -> 1
Cell (virus_3077579,host_9430): 0 -> 1
Cell (virus_3077579,host_94961): 0 -> 1
Cell (virus_3077579,host_3371013): 0 -> 1
Cell (virus_3077579,host_3370289): 0 -> 1
Cell (virus_3077579,host_9438): 0 -> 1
Cell (virus_3077579,host_249033): 0 -> 1
Cell (virus_3077579,host_29078): 0 -> 1
Cell (virus_3077579,host_526822): 0 -> 1
Cell (virus_3077579,host_59485): 0 -> 1
Cell (virus_3077580,host_105295): 0 -> 1
Cell (virus_3077580,host_246814): 0 -> 1
Cell (virus_3077580,host_59473): 0 -> 1
Cell (virus_3077580,host_392004): 0 -> 1
Cell (virus_3077580,host_385037): 0 -> 1
Cell (virus_3077580,host_187017): 0 -> 1
Cell (virus_3077580,host_188569): 0 -> 1
Cell (virus_3077580,host_59453): 0 -> 1
Cell (virus_3077580,host_186991): 0 -> 1
Cell (virus_3077580,host_463808): 0 -> 1
Cell (virus_3077580,host_58069): 0 -> 1
Cell (virus_3077580,host_376555): 0 -> 1
Cell (virus_3077580,host_337453): 0 -> 1
Cell (virus_3077580,host_77218): 0 -> 1
Cell (virus_3077580,host_549403): 0 -> 1
Cell (virus_3077580,host_132908): 0 -> 1
Cell (virus_3077580,host_385575): 0 -> 1
Cell (virus_3077580,host_328804): 0 -> 1
Cell (virus_3077580,host_9403): 0 -> 1
Cell (virus_3077580,host_58071): 0 -> 1
Cell (virus_3077580,host_1898393): 0 -> 1
Cell (virus_3077580,host_58065): 0 -> 1
Cell (virus_3077580,host_77214): 0 -> 1
Cell (virus_3077580,host_1381355): 0 -> 1
Cell (virus_3077580,host_148094): 0 -> 1
Cell (virus_3077580,host_27663): 0 -> 1
Cell (virus_3077580,host_410852): 0 -> 1
Cell (virus_3077580,host_40230): 0 -> 1
Cell (virus_3077580,host_51012): 0 -> 1
Cell (virus_3077580,host_27660): 0 -> 1
Cell (virus_3077580,host_177162): 0 -> 1
Cell (virus_3077580,host_409031): 0 -> 1
Cell (virus_3077580,host_148061): 0 -> 1
Cell (virus_3077580,host_9430): 0 -> 1
Cell (virus_3077580,host_94961): 0 -> 1
Cell (virus_3077580,host_3371013): 0 -> 1
Cell (virus_3077580,host_3370289): 0 -> 1
Cell (virus_3077580,host_9438): 0 -> 1
Cell (virus_3077580,host_249033): 0 -> 1
Cell (virus_3077580,host_29078): 0 -> 1
Cell (virus_3077580,host_526822): 0 -> 1
Cell (virus_3077580,host_59485): 0 -> 1
Cell (virus_2419667,host_105295): 0 -> 1
Cell (virus_2419667,host_51300): 0 -> 1
Cell (virus_2419667,host_59473): 0 -> 1
Cell (virus_2419667,host_3380546): 0 -> 1
Cell (virus_2419667,host_59463): 0 -> 1
Cell (virus_2419667,host_392004): 0 -> 1
Cell (virus_2419667,host_385037): 0 -> 1
Cell (virus_2419667,host_187017): 0 -> 1
Cell (virus_2419667,host_1207989): 0 -> 1
Cell (virus_2419667,host_59453): 0 -> 1
Cell (virus_2419667,host_186991): 0 -> 1
Cell (virus_2419667,host_463808): 0 -> 1
Cell (virus_2419667,host_159858): 0 -> 1
Cell (virus_2419667,host_376555): 0 -> 1
Cell (virus_2419667,host_169756): 0 -> 1
Cell (virus_2419667,host_249024): 0 -> 1
Cell (virus_2419667,host_77218): 0 -> 1
Cell (virus_2419667,host_549403): 0 -> 1
Cell (virus_2419667,host_385575): 0 -> 1
Cell (virus_2419667,host_328804): 0 -> 1
Cell (virus_2419667,host_9403): 0 -> 1
Cell (virus_2419667,host_58057): 0 -> 1
Cell (virus_2419667,host_372077): 0 -> 1
Cell (virus_2419667,host_1898393): 0 -> 1
Cell (virus_2419667,host_77223): 0 -> 1
Cell (virus_2419667,host_9408): 0 -> 1
Cell (virus_2419667,host_58065): 0 -> 1
Cell (virus_2419667,host_77214): 0 -> 1
Cell (virus_2419667,host_326083): 0 -> 1
Cell (virus_2419667,host_148094): 0 -> 1
Cell (virus_2419667,host_410852): 0 -> 1
Cell (virus_2419667,host_27634): 0 -> 1
Cell (virus_2419667,host_40230): 0 -> 1
Cell (virus_2419667,host_51012): 0 -> 1
Cell (virus_2419667,host_27660): 0 -> 1
Cell (virus_2419667,host_177162): 0 -> 1
Cell (virus_2419667,host_27642): 0 -> 1
Cell (virus_2419667,host_148061): 0 -> 1
Cell (virus_2419667,host_9430): 0 -> 1
Cell (virus_2419667,host_94961): 0 -> 1
Cell (virus_2419667,host_3371013): 0 -> 1
Cell (virus_2419667,host_452595): 0 -> 1
Cell (virus_2419667,host_3370289): 0 -> 1
Cell (virus_2419667,host_9438): 0 -> 1
Cell (virus_2419667,host_249033): 0 -> 1
Cell (virus_2419667,host_29078): 0 -> 1
Cell (virus_2419667,host_526822): 0 -> 1
Cell (virus_2419667,host_59485): 0 -> 1
Cell (virus_3433787,host_105295): 0 -> 1
Cell (virus_3433787,host_51300): 0 -> 1
Cell (virus_3433787,host_59473): 0 -> 1
Cell (virus_3433787,host_3380546): 0 -> 1
Cell (virus_3433787,host_59463): 0 -> 1
Cell (virus_3433787,host_392004): 0 -> 1
Cell (virus_3433787,host_385037): 0 -> 1
Cell (virus_3433787,host_187017): 0 -> 1
Cell (virus_3433787,host_1207989): 0 -> 1
Cell (virus_3433787,host_59453): 0 -> 1
Cell (virus_3433787,host_186991): 0 -> 1
Cell (virus_3433787,host_463808): 0 -> 1
Cell (virus_3433787,host_159858): 0 -> 1
Cell (virus_3433787,host_376555): 0 -> 1
Cell (virus_3433787,host_169756): 0 -> 1
Cell (virus_3433787,host_249024): 0 -> 1
Cell (virus_3433787,host_77218): 0 -> 1
Cell (virus_3433787,host_549403): 0 -> 1
Cell (virus_3433787,host_385575): 0 -> 1
Cell (virus_3433787,host_328804): 0 -> 1
Cell (virus_3433787,host_9403): 0 -> 1
Cell (virus_3433787,host_58057): 0 -> 1
Cell (virus_3433787,host_372077): 0 -> 1
Cell (virus_3433787,host_1898393): 0 -> 1
Cell (virus_3433787,host_77223): 0 -> 1
Cell (virus_3433787,host_9408): 0 -> 1
Cell (virus_3433787,host_58065): 0 -> 1
Cell (virus_3433787,host_77214): 0 -> 1
Cell (virus_3433787,host_326083): 0 -> 1
Cell (virus_3433787,host_148094): 0 -> 1
Cell (virus_3433787,host_410852): 0 -> 1
Cell (virus_3433787,host_27634): 0 -> 1
Cell (virus_3433787,host_40230): 0 -> 1
Cell (virus_3433787,host_51012): 0 -> 1
Cell (virus_3433787,host_27660): 0 -> 1
Cell (virus_3433787,host_177162): 0 -> 1
Cell (virus_3433787,host_27642): 0 -> 1
Cell (virus_3433787,host_148061): 0 -> 1
Cell (virus_3433787,host_9430): 0 -> 1
Cell (virus_3433787,host_94961): 0 -> 1
Cell (virus_3433787,host_3371013): 0 -> 1
Cell (virus_3433787,host_452595): 0 -> 1
Cell (virus_3433787,host_3370289): 0 -> 1
Cell (virus_3433787,host_9438): 0 -> 1
Cell (virus_3433787,host_249033): 0 -> 1
Cell (virus_3433787,host_29078): 0 -> 1
Cell (virus_3433787,host_526822): 0 -> 1
Cell (virus_3433787,host_59485): 0 -> 1
Cell (virus_3027593,host_105295): 0 -> 1
Cell (virus_3027593,host_51300): 0 -> 1
Cell (virus_3027593,host_59473): 0 -> 1
Cell (virus_3027593,host_3380546): 0 -> 1
Cell (virus_3027593,host_59463): 0 -> 1
Cell (virus_3027593,host_2528591): 0 -> 1
Cell (virus_3027593,host_386774): 0 -> 1
Cell (virus_3027593,host_392004): 0 -> 1
Cell (virus_3027593,host_385037): 0 -> 1
Cell (virus_3027593,host_187017): 0 -> 1
Cell (virus_3027593,host_186991): 0 -> 1
Cell (virus_3027593,host_463808): 0 -> 1
Cell (virus_3027593,host_376555): 0 -> 1
Cell (virus_3027593,host_169756): 0 -> 1
Cell (virus_3027593,host_249024): 0 -> 1
Cell (virus_3027593,host_337453): 0 -> 1
Cell (virus_3027593,host_77218): 0 -> 1
Cell (virus_3027593,host_549403): 0 -> 1
Cell (virus_3027593,host_132908): 0 -> 1
Cell (virus_3027593,host_385575): 0 -> 1
Cell (virus_3027593,host_328804): 0 -> 1
Cell (virus_3027593,host_9403): 0 -> 1
Cell (virus_3027593,host_58057): 0 -> 1
Cell (virus_3027593,host_372077): 0 -> 1
Cell (virus_3027593,host_1898393): 0 -> 1
Cell (virus_3027593,host_77223): 0 -> 1
Cell (virus_3027593,host_9408): 0 -> 1
Cell (virus_3027593,host_58065): 0 -> 1
Cell (virus_3027593,host_77214): 0 -> 1
Cell (virus_3027593,host_208969): 0 -> 1
Cell (virus_3027593,host_148094): 0 -> 1
Cell (virus_3027593,host_410852): 0 -> 1
Cell (virus_3027593,host_27634): 0 -> 1
Cell (virus_3027593,host_40230): 0 -> 1
Cell (virus_3027593,host_51012): 0 -> 1
Cell (virus_3027593,host_192403): 0 -> 1
Cell (virus_3027593,host_27660): 0 -> 1
Cell (virus_3027593,host_177162): 0 -> 1
Cell (virus_3027593,host_27642): 0 -> 1
Cell (virus_3027593,host_148061): 0 -> 1
Cell (virus_3027593,host_148089): 0 -> 1
Cell (virus_3027593,host_9430): 0 -> 1
Cell (virus_3027593,host_94961): 0 -> 1
Cell (virus_3027593,host_3371013): 0 -> 1
Cell (virus_3027593,host_452595): 0 -> 1
Cell (virus_3027593,host_3370289): 0 -> 1
Cell (virus_3027593,host_249033): 0 -> 1
Cell (virus_3027593,host_2969767): 0 -> 1
Cell (virus_3027593,host_526822): 0 -> 1
Cell (virus_3027593,host_59485): 0 -> 1
Cell (virus_2991261,host_105273): 0 -> 1
Cell (virus_2991261,host_105295): 0 -> 1
Cell (virus_2991261,host_51300): 0 -> 1
Cell (virus_2991261,host_59473): 0 -> 1
Cell (virus_2991261,host_3380546): 0 -> 1
Cell (virus_2991261,host_59463): 0 -> 1
Cell (virus_2991261,host_225399): 0 -> 1
Cell (virus_2991261,host_392004): 0 -> 1
Cell (virus_2991261,host_258940): 0 -> 1
Cell (virus_2991261,host_385037): 0 -> 1
Cell (virus_2991261,host_187017): 0 -> 1
Cell (virus_2991261,host_186991): 0 -> 1
Cell (virus_2991261,host_463808): 0 -> 1
Cell (virus_2991261,host_376555): 0 -> 1
Cell (virus_2991261,host_169756): 0 -> 1
Cell (virus_2991261,host_337453): 0 -> 1
Cell (virus_2991261,host_77218): 0 -> 1
Cell (virus_2991261,host_549403): 0 -> 1
Cell (virus_2991261,host_132908): 0 -> 1
Cell (virus_2991261,host_166054): 0 -> 1
Cell (virus_2991261,host_385575): 0 -> 1
Cell (virus_2991261,host_58057): 0 -> 1
Cell (virus_2991261,host_372077): 0 -> 1
Cell (virus_2991261,host_58071): 0 -> 1
Cell (virus_2991261,host_1898393): 0 -> 1
Cell (virus_2991261,host_77214): 0 -> 1
Cell (virus_2991261,host_1884717): 0 -> 1
Cell (virus_2991261,host_208969): 0 -> 1
Cell (virus_2991261,host_148094): 0 -> 1
Cell (virus_2991261,host_410852): 0 -> 1
Cell (virus_2991261,host_51012): 0 -> 1
Cell (virus_2991261,host_27660): 0 -> 1
Cell (virus_2991261,host_177162): 0 -> 1
Cell (virus_2991261,host_27642): 0 -> 1
Cell (virus_2991261,host_148061): 0 -> 1
Cell (virus_2991261,host_94961): 0 -> 1
Cell (virus_2991261,host_3041509): 0 -> 1
Cell (virus_2991261,host_258867): 0 -> 1
Cell (virus_2991261,host_452595): 0 -> 1
Cell (virus_2991261,host_3370289): 0 -> 1
Cell (virus_2991261,host_9438): 0 -> 1
Cell (virus_2991261,host_249033): 0 -> 1
Cell (virus_2991261,host_59485): 0 -> 1
Cell (virus_983923,host_105273): 0 -> 1
Cell (virus_983923,host_105295): 0 -> 1
Cell (virus_983923,host_51300): 0 -> 1
Cell (virus_983923,host_59473): 0 -> 1
Cell (virus_983923,host_3380546): 0 -> 1
Cell (virus_983923,host_59463): 0 -> 1
Cell (virus_983923,host_225399): 0 -> 1
Cell (virus_983923,host_392004): 0 -> 1
Cell (virus_983923,host_258940): 0 -> 1
Cell (virus_983923,host_385037): 0 -> 1
Cell (virus_983923,host_187017): 0 -> 1
Cell (virus_983923,host_186991): 0 -> 1
Cell (virus_983923,host_463808): 0 -> 1
Cell (virus_983923,host_376555): 0 -> 1
Cell (virus_983923,host_169756): 0 -> 1
Cell (virus_983923,host_337453): 0 -> 1
Cell (virus_983923,host_77218): 0 -> 1
Cell (virus_983923,host_549403): 0 -> 1
Cell (virus_983923,host_132908): 0 -> 1
Cell (virus_983923,host_166054): 0 -> 1
Cell (virus_983923,host_385575): 0 -> 1
Cell (virus_983923,host_58057): 0 -> 1
Cell (virus_983923,host_372077): 0 -> 1
Cell (virus_983923,host_58071): 0 -> 1
Cell (virus_983923,host_1898393): 0 -> 1
Cell (virus_983923,host_77214): 0 -> 1
Cell (virus_983923,host_1884717): 0 -> 1
Cell (virus_983923,host_208969): 0 -> 1
Cell (virus_983923,host_148094): 0 -> 1
Cell (virus_983923,host_410852): 0 -> 1
Cell (virus_983923,host_51012): 0 -> 1
Cell (virus_983923,host_27660): 0 -> 1
Cell (virus_983923,host_177162): 0 -> 1
Cell (virus_983923,host_27642): 0 -> 1
Cell (virus_983923,host_148061): 0 -> 1
Cell (virus_983923,host_94961): 0 -> 1
Cell (virus_983923,host_3041509): 0 -> 1
Cell (virus_983923,host_258867): 0 -> 1
Cell (virus_983923,host_452595): 0 -> 1
Cell (virus_983923,host_3370289): 0 -> 1
Cell (virus_983923,host_9438): 0 -> 1
Cell (virus_983923,host_249033): 0 -> 1
Cell (virus_983923,host_59485): 0 -> 1
Cell (virus_3433749,host_105295): 0 -> 1
Cell (virus_3433749,host_51300): 0 -> 1
Cell (virus_3433749,host_59473): 0 -> 1
Cell (virus_3433749,host_3380546): 0 -> 1
Cell (virus_3433749,host_59463): 0 -> 1
Cell (virus_3433749,host_392004): 0 -> 1
Cell (virus_3433749,host_385037): 0 -> 1
Cell (virus_3433749,host_2015597): 0 -> 1
Cell (virus_3433749,host_186991): 0 -> 1
Cell (virus_3433749,host_270698): 0 -> 1
Cell (virus_3433749,host_463808): 0 -> 1
Cell (virus_3433749,host_376555): 0 -> 1
Cell (virus_3433749,host_169756): 0 -> 1
Cell (virus_3433749,host_249024): 0 -> 1
Cell (virus_3433749,host_337453): 0 -> 1
Cell (virus_3433749,host_77218): 0 -> 1
Cell (virus_3433749,host_132908): 0 -> 1
Cell (virus_3433749,host_385575): 0 -> 1
Cell (virus_3433749,host_328804): 0 -> 1
Cell (virus_3433749,host_9403): 0 -> 1
Cell (virus_3433749,host_372077): 0 -> 1
Cell (virus_3433749,host_58071): 0 -> 1
Cell (virus_3433749,host_1898393): 0 -> 1
Cell (virus_3433749,host_77223): 0 -> 1
Cell (virus_3433749,host_9408): 0 -> 1
Cell (virus_3433749,host_77214): 0 -> 1
Cell (virus_3433749,host_94956): 0 -> 1
Cell (virus_3433749,host_1884717): 0 -> 1
Cell (virus_3433749,host_208969): 0 -> 1
Cell (virus_3433749,host_148094): 0 -> 1
Cell (virus_3433749,host_410852): 0 -> 1
Cell (virus_3433749,host_27634): 0 -> 1
Cell (virus_3433749,host_40230): 0 -> 1
Cell (virus_3433749,host_51012): 0 -> 1
Cell (virus_3433749,host_27660): 0 -> 1
Cell (virus_3433749,host_177162): 0 -> 1
Cell (virus_3433749,host_27642): 0 -> 1
Cell (virus_3433749,host_148061): 0 -> 1
Cell (virus_3433749,host_9430): 0 -> 1
Cell (virus_3433749,host_3042450): 0 -> 1
Cell (virus_3433749,host_3371013): 0 -> 1
Cell (virus_3433749,host_187007): 0 -> 1
Cell (virus_3433749,host_452595): 0 -> 1
Cell (virus_3433749,host_3370289): 0 -> 1
Cell (virus_3433749,host_9438): 0 -> 1
Cell (virus_3433749,host_249033): 0 -> 1
Cell (virus_3433749,host_258909): 0 -> 1
Cell (virus_3433749,host_526822): 0 -> 1
Cell (virus_3433749,host_59485): 0 -> 1
Cell (virus_1986198,host_105295): 0 -> 1
Cell (virus_1986198,host_51300): 0 -> 1
Cell (virus_1986198,host_59473): 0 -> 1
Cell (virus_1986198,host_3380546): 0 -> 1
Cell (virus_1986198,host_59463): 0 -> 1
Cell (virus_1986198,host_51298): 0 -> 1
Cell (virus_1986198,host_392004): 0 -> 1
Cell (virus_1986198,host_138979): 0 -> 1
Cell (virus_1986198,host_385037): 0 -> 1
Cell (virus_1986198,host_187017): 0 -> 1
Cell (virus_1986198,host_186991): 0 -> 1
Cell (virus_1986198,host_270698): 0 -> 1
Cell (virus_1986198,host_463808): 0 -> 1
Cell (virus_1986198,host_376555): 0 -> 1
Cell (virus_1986198,host_169756): 0 -> 1
Cell (virus_1986198,host_476589): 0 -> 1
Cell (virus_1986198,host_249024): 0 -> 1
Cell (virus_1986198,host_2603865): 0 -> 1
Cell (virus_1986198,host_337453): 0 -> 1
Cell (virus_1986198,host_77218): 0 -> 1
Cell (virus_1986198,host_549403): 0 -> 1
Cell (virus_1986198,host_132908): 0 -> 1
Cell (virus_1986198,host_166054): 0 -> 1
Cell (virus_1986198,host_385575): 0 -> 1
Cell (virus_1986198,host_328804): 0 -> 1
Cell (virus_1986198,host_9403): 0 -> 1
Cell (virus_1986198,host_58057): 0 -> 1
Cell (virus_1986198,host_372077): 0 -> 1
Cell (virus_1986198,host_77223): 0 -> 1
Cell (virus_1986198,host_9408): 0 -> 1
Cell (virus_1986198,host_77214): 0 -> 1
Cell (virus_1986198,host_1884717): 0 -> 1
Cell (virus_1986198,host_208969): 0 -> 1
Cell (virus_1986198,host_148094): 0 -> 1
Cell (virus_1986198,host_410852): 0 -> 1
Cell (virus_1986198,host_27634): 0 -> 1
Cell (virus_1986198,host_40230): 0 -> 1
Cell (virus_1986198,host_51012): 0 -> 1
Cell (virus_1986198,host_27660): 0 -> 1
Cell (virus_1986198,host_177162): 0 -> 1
Cell (virus_1986198,host_27638): 0 -> 1
Cell (virus_1986198,host_27642): 0 -> 1
Cell (virus_1986198,host_148061): 0 -> 1
Cell (virus_1986198,host_3371013): 0 -> 1
Cell (virus_1986198,host_187007): 0 -> 1
Cell (virus_1986198,host_258867): 0 -> 1
Cell (virus_1986198,host_3370289): 0 -> 1
Cell (virus_1986198,host_9438): 0 -> 1
Cell (virus_1986198,host_526822): 0 -> 1
Cell (virus_1986198,host_59485): 0 -> 1
Cell (virus_3433814,host_105295): 0 -> 1
Cell (virus_3433814,host_51300): 0 -> 1
Cell (virus_3433814,host_59473): 0 -> 1
Cell (virus_3433814,host_3380546): 0 -> 1
Cell (virus_3433814,host_109480): 0 -> 1
Cell (virus_3433814,host_51298): 0 -> 1
Cell (virus_3433814,host_392004): 0 -> 1
Cell (virus_3433814,host_138979): 0 -> 1
Cell (virus_3433814,host_187017): 0 -> 1
Cell (virus_3433814,host_270698): 0 -> 1
Cell (virus_3433814,host_463808): 0 -> 1
Cell (virus_3433814,host_376555): 0 -> 1
Cell (virus_3433814,host_169756): 0 -> 1
Cell (virus_3433814,host_320431): 0 -> 1
Cell (virus_3433814,host_337453): 0 -> 1
Cell (virus_3433814,host_77218): 0 -> 1
Cell (virus_3433814,host_549403): 0 -> 1
Cell (virus_3433814,host_132908): 0 -> 1
Cell (virus_3433814,host_328804): 0 -> 1
Cell (virus_3433814,host_9403): 0 -> 1
Cell (virus_3433814,host_58057): 0 -> 1
Cell (virus_3433814,host_372077): 0 -> 1
Cell (virus_3433814,host_58071): 0 -> 1
Cell (virus_3433814,host_1898393): 0 -> 1
Cell (virus_3433814,host_77223): 0 -> 1
Cell (virus_3433814,host_9408): 0 -> 1
Cell (virus_3433814,host_77214): 0 -> 1
Cell (virus_3433814,host_1884717): 0 -> 1
Cell (virus_3433814,host_208969): 0 -> 1
Cell (virus_3433814,host_148094): 0 -> 1
Cell (virus_3433814,host_27634): 0 -> 1
Cell (virus_3433814,host_40230): 0 -> 1
Cell (virus_3433814,host_51012): 0 -> 1
Cell (virus_3433814,host_27660): 0 -> 1
Cell (virus_3433814,host_177162): 0 -> 1
Cell (virus_3433814,host_27638): 0 -> 1
Cell (virus_3433814,host_27642): 0 -> 1
Cell (virus_3433814,host_148061): 0 -> 1
Cell (virus_3433814,host_148089): 0 -> 1
Cell (virus_3433814,host_3371013): 0 -> 1
Cell (virus_3433814,host_187007): 0 -> 1
Cell (virus_3433814,host_438766): 0 -> 1
Cell (virus_3433814,host_258867): 0 -> 1
Cell (virus_3433814,host_452595): 0 -> 1
Cell (virus_3433814,host_3370289): 0 -> 1
Cell (virus_3433814,host_9438): 0 -> 1
Cell (virus_3433814,host_909369): 0 -> 1
Cell (virus_3433814,host_526822): 0 -> 1
Cell (virus_3433814,host_59485): 0 -> 1
Cell (virus_693997,host_105295): 0 -> 1
Cell (virus_693997,host_51300): 0 -> 1
Cell (virus_693997,host_59473): 0 -> 1
Cell (virus_693997,host_3380546): 0 -> 1
Cell (virus_693997,host_109480): 0 -> 1
Cell (virus_693997,host_51298): 0 -> 1
Cell (virus_693997,host_392004): 0 -> 1
Cell (virus_693997,host_138979): 0 -> 1
Cell (virus_693997,host_187017): 0 -> 1
Cell (virus_693997,host_270698): 0 -> 1
Cell (virus_693997,host_463808): 0 -> 1
Cell (virus_693997,host_376555): 0 -> 1
Cell (virus_693997,host_169756): 0 -> 1
Cell (virus_693997,host_320431): 0 -> 1
Cell (virus_693997,host_337453): 0 -> 1
Cell (virus_693997,host_77218): 0 -> 1
Cell (virus_693997,host_549403): 0 -> 1
Cell (virus_693997,host_132908): 0 -> 1
Cell (virus_693997,host_328804): 0 -> 1
Cell (virus_693997,host_9403): 0 -> 1
Cell (virus_693997,host_58057): 0 -> 1
Cell (virus_693997,host_372077): 0 -> 1
Cell (virus_693997,host_58071): 0 -> 1
Cell (virus_693997,host_1898393): 0 -> 1
Cell (virus_693997,host_77223): 0 -> 1
Cell (virus_693997,host_9408): 0 -> 1
Cell (virus_693997,host_77214): 0 -> 1
Cell (virus_693997,host_1884717): 0 -> 1
Cell (virus_693997,host_208969): 0 -> 1
Cell (virus_693997,host_148094): 0 -> 1
Cell (virus_693997,host_27634): 0 -> 1
Cell (virus_693997,host_40230): 0 -> 1
Cell (virus_693997,host_51012): 0 -> 1
Cell (virus_693997,host_27660): 0 -> 1
Cell (virus_693997,host_177162): 0 -> 1
Cell (virus_693997,host_27638): 0 -> 1
Cell (virus_693997,host_27642): 0 -> 1
Cell (virus_693997,host_148061): 0 -> 1
Cell (virus_693997,host_148089): 0 -> 1
Cell (virus_693997,host_3371013): 0 -> 1
Cell (virus_693997,host_187007): 0 -> 1
Cell (virus_693997,host_438766): 0 -> 1
Cell (virus_693997,host_258867): 0 -> 1
Cell (virus_693997,host_452595): 0 -> 1
Cell (virus_693997,host_3370289): 0 -> 1
Cell (virus_693997,host_9438): 0 -> 1
Cell (virus_693997,host_909369): 0 -> 1
Cell (virus_693997,host_526822): 0 -> 1
Cell (virus_693997,host_59485): 0 -> 1
Cell (virus_2913386,host_105295): 0 -> 1
Cell (virus_2913386,host_51300): 0 -> 1
Cell (virus_2913386,host_59473): 0 -> 1
Cell (virus_2913386,host_3380546): 0 -> 1
Cell (virus_2913386,host_59463): 0 -> 1
Cell (virus_2913386,host_2528591): 0 -> 1
Cell (virus_2913386,host_412095): 0 -> 1
Cell (virus_2913386,host_51298): 0 -> 1
Cell (virus_2913386,host_392004): 0 -> 1
Cell (virus_2913386,host_138979): 0 -> 1
Cell (virus_2913386,host_385037): 0 -> 1
Cell (virus_2913386,host_2015597): 0 -> 1
Cell (virus_2913386,host_187017): 0 -> 1
Cell (virus_2913386,host_188568): 0 -> 1
Cell (virus_2913386,host_59453): 0 -> 1
Cell (virus_2913386,host_186991): 0 -> 1
Cell (virus_2913386,host_270698): 0 -> 1
Cell (virus_2913386,host_463808): 0 -> 1
Cell (virus_2913386,host_58069): 0 -> 1
Cell (virus_2913386,host_376555): 0 -> 1
Cell (virus_2913386,host_169756): 0 -> 1
Cell (virus_2913386,host_249024): 0 -> 1
Cell (virus_2913386,host_337453): 0 -> 1
Cell (virus_2913386,host_77218): 0 -> 1
Cell (virus_2913386,host_549403): 0 -> 1
Cell (virus_2913386,host_132908): 0 -> 1
Cell (virus_2913386,host_385575): 0 -> 1
Cell (virus_2913386,host_328804): 0 -> 1
Cell (virus_2913386,host_9403): 0 -> 1
Cell (virus_2913386,host_58057): 0 -> 1
Cell (virus_2913386,host_372077): 0 -> 1
Cell (virus_2913386,host_58071): 0 -> 1
Cell (virus_2913386,host_1898393): 0 -> 1
Cell (virus_2913386,host_77223): 0 -> 1
Cell (virus_2913386,host_9408): 0 -> 1
Cell (virus_2913386,host_77214): 0 -> 1
Cell (virus_2913386,host_208969): 0 -> 1
Cell (virus_2913386,host_148094): 0 -> 1
Cell (virus_2913386,host_410852): 0 -> 1
Cell (virus_2913386,host_27634): 0 -> 1
Cell (virus_2913386,host_40230): 0 -> 1
Cell (virus_2913386,host_51012): 0 -> 1
Cell (virus_2913386,host_27660): 0 -> 1
Cell (virus_2913386,host_27638): 0 -> 1
Cell (virus_2913386,host_27642): 0 -> 1
Cell (virus_2913386,host_148061): 0 -> 1
Cell (virus_2913386,host_187007): 0 -> 1
Cell (virus_2913386,host_438766): 0 -> 1
Cell (virus_2913386,host_452595): 0 -> 1
Cell (virus_2913386,host_3370289): 0 -> 1
Cell (virus_2913386,host_9438): 0 -> 1
Cell (virus_2913386,host_526822): 0 -> 1
Cell (virus_2913386,host_59485): 0 -> 1
Cell (virus_2925879,host_105295): 0 -> 1
Cell (virus_2925879,host_51300): 0 -> 1
Cell (virus_2925879,host_59473): 0 -> 1
Cell (virus_2925879,host_3380546): 0 -> 1
Cell (virus_2925879,host_59463): 0 -> 1
Cell (virus_2925879,host_2528591): 0 -> 1
Cell (virus_2925879,host_412095): 0 -> 1
Cell (virus_2925879,host_51298): 0 -> 1
Cell (virus_2925879,host_392004): 0 -> 1
Cell (virus_2925879,host_138979): 0 -> 1
Cell (virus_2925879,host_385037): 0 -> 1
Cell (virus_2925879,host_2015597): 0 -> 1
Cell (virus_2925879,host_187017): 0 -> 1
Cell (virus_2925879,host_188568): 0 -> 1
Cell (virus_2925879,host_59453): 0 -> 1
Cell (virus_2925879,host_186991): 0 -> 1
Cell (virus_2925879,host_270698): 0 -> 1
Cell (virus_2925879,host_463808): 0 -> 1
Cell (virus_2925879,host_58069): 0 -> 1
Cell (virus_2925879,host_376555): 0 -> 1
Cell (virus_2925879,host_169756): 0 -> 1
Cell (virus_2925879,host_320431): 0 -> 1
Cell (virus_2925879,host_249024): 0 -> 1
Cell (virus_2925879,host_337453): 0 -> 1
Cell (virus_2925879,host_77218): 0 -> 1
Cell (virus_2925879,host_549403): 0 -> 1
Cell (virus_2925879,host_132908): 0 -> 1
Cell (virus_2925879,host_385575): 0 -> 1
Cell (virus_2925879,host_328804): 0 -> 1
Cell (virus_2925879,host_9403): 0 -> 1
Cell (virus_2925879,host_58057): 0 -> 1
Cell (virus_2925879,host_372077): 0 -> 1
Cell (virus_2925879,host_58071): 0 -> 1
Cell (virus_2925879,host_1898393): 0 -> 1
Cell (virus_2925879,host_77223): 0 -> 1
Cell (virus_2925879,host_9408): 0 -> 1
Cell (virus_2925879,host_77214): 0 -> 1
Cell (virus_2925879,host_1884717): 0 -> 1
Cell (virus_2925879,host_208969): 0 -> 1
Cell (virus_2925879,host_148094): 0 -> 1
Cell (virus_2925879,host_410852): 0 -> 1
Cell (virus_2925879,host_27634): 0 -> 1
Cell (virus_2925879,host_40230): 0 -> 1
Cell (virus_2925879,host_51012): 0 -> 1
Cell (virus_2925879,host_27660): 0 -> 1
Cell (virus_2925879,host_27638): 0 -> 1
Cell (virus_2925879,host_27642): 0 -> 1
Cell (virus_2925879,host_148061): 0 -> 1
Cell (virus_2925879,host_187007): 0 -> 1
Cell (virus_2925879,host_438766): 0 -> 1
Cell (virus_2925879,host_452595): 0 -> 1
Cell (virus_2925879,host_3370289): 0 -> 1
Cell (virus_2925879,host_9438): 0 -> 1
Cell (virus_2925879,host_526822): 0 -> 1
Cell (virus_2925879,host_59485): 0 -> 1
Cell (virus_2993505,host_105295): 0 -> 1
Cell (virus_2993505,host_51300): 0 -> 1
Cell (virus_2993505,host_59473): 0 -> 1
Cell (virus_2993505,host_3380546): 0 -> 1
Cell (virus_2993505,host_59463): 0 -> 1
Cell (virus_2993505,host_2528591): 0 -> 1
Cell (virus_2993505,host_412095): 0 -> 1
Cell (virus_2993505,host_392004): 0 -> 1
Cell (virus_2993505,host_138979): 0 -> 1
Cell (virus_2993505,host_385037): 0 -> 1
Cell (virus_2993505,host_187017): 0 -> 1
Cell (virus_2993505,host_188568): 0 -> 1
Cell (virus_2993505,host_59453): 0 -> 1
Cell (virus_2993505,host_186991): 0 -> 1
Cell (virus_2993505,host_270698): 0 -> 1
Cell (virus_2993505,host_463808): 0 -> 1
Cell (virus_2993505,host_58069): 0 -> 1
Cell (virus_2993505,host_376555): 0 -> 1
Cell (virus_2993505,host_169756): 0 -> 1
Cell (virus_2993505,host_249024): 0 -> 1
Cell (virus_2993505,host_337453): 0 -> 1
Cell (virus_2993505,host_77218): 0 -> 1
Cell (virus_2993505,host_549403): 0 -> 1
Cell (virus_2993505,host_132908): 0 -> 1
Cell (virus_2993505,host_385575): 0 -> 1
Cell (virus_2993505,host_9403): 0 -> 1
Cell (virus_2993505,host_58057): 0 -> 1
Cell (virus_2993505,host_372077): 0 -> 1
Cell (virus_2993505,host_58071): 0 -> 1
Cell (virus_2993505,host_1898393): 0 -> 1
Cell (virus_2993505,host_77223): 0 -> 1
Cell (virus_2993505,host_9408): 0 -> 1
Cell (virus_2993505,host_77214): 0 -> 1
Cell (virus_2993505,host_1884717): 0 -> 1
Cell (virus_2993505,host_208969): 0 -> 1
Cell (virus_2993505,host_148094): 0 -> 1
Cell (virus_2993505,host_410852): 0 -> 1
Cell (virus_2993505,host_40230): 0 -> 1
Cell (virus_2993505,host_51012): 0 -> 1
Cell (virus_2993505,host_27660): 0 -> 1
Cell (virus_2993505,host_177162): 0 -> 1
Cell (virus_2993505,host_27638): 0 -> 1
Cell (virus_2993505,host_27642): 0 -> 1
Cell (virus_2993505,host_148061): 0 -> 1
Cell (virus_2993505,host_187007): 0 -> 1
Cell (virus_2993505,host_438766): 0 -> 1
Cell (virus_2993505,host_452595): 0 -> 1
Cell (virus_2993505,host_3370289): 0 -> 1
Cell (virus_2993505,host_9438): 0 -> 1
Cell (virus_2993505,host_526822): 0 -> 1
Cell (virus_2993505,host_59485): 0 -> 1
Cell (virus_3433731,host_105295): 0 -> 1
Cell (virus_3433731,host_51300): 0 -> 1
Cell (virus_3433731,host_59473): 0 -> 1
Cell (virus_3433731,host_3380546): 0 -> 1
Cell (virus_3433731,host_59463): 0 -> 1
Cell (virus_3433731,host_2528591): 0 -> 1
Cell (virus_3433731,host_109482): 0 -> 1
Cell (virus_3433731,host_392004): 0 -> 1
Cell (virus_3433731,host_138979): 0 -> 1
Cell (virus_3433731,host_187017): 0 -> 1
Cell (virus_3433731,host_186991): 0 -> 1
Cell (virus_3433731,host_270698): 0 -> 1
Cell (virus_3433731,host_463808): 0 -> 1
Cell (virus_3433731,host_58069): 0 -> 1
Cell (virus_3433731,host_376555): 0 -> 1
Cell (virus_3433731,host_169756): 0 -> 1
Cell (virus_3433731,host_249024): 0 -> 1
Cell (virus_3433731,host_337453): 0 -> 1
Cell (virus_3433731,host_77218): 0 -> 1
Cell (virus_3433731,host_549403): 0 -> 1
Cell (virus_3433731,host_385575): 0 -> 1
Cell (virus_3433731,host_328804): 0 -> 1
Cell (virus_3433731,host_9403): 0 -> 1
Cell (virus_3433731,host_58057): 0 -> 1
Cell (virus_3433731,host_372077): 0 -> 1
Cell (virus_3433731,host_58071): 0 -> 1
Cell (virus_3433731,host_1898393): 0 -> 1
Cell (virus_3433731,host_9408): 0 -> 1
Cell (virus_3433731,host_77214): 0 -> 1
Cell (virus_3433731,host_1884717): 0 -> 1
Cell (virus_3433731,host_148094): 0 -> 1
Cell (virus_3433731,host_410852): 0 -> 1
Cell (virus_3433731,host_40230): 0 -> 1
Cell (virus_3433731,host_9417): 0 -> 1
Cell (virus_3433731,host_51012): 0 -> 1
Cell (virus_3433731,host_27660): 0 -> 1
Cell (virus_3433731,host_177162): 0 -> 1
Cell (virus_3433731,host_27638): 0 -> 1
Cell (virus_3433731,host_27642): 0 -> 1
Cell (virus_3433731,host_3371013): 0 -> 1
Cell (virus_3433731,host_221087): 0 -> 1
Cell (virus_3433731,host_187007): 0 -> 1
Cell (virus_3433731,host_438766): 0 -> 1
Cell (virus_3433731,host_452595): 0 -> 1
Cell (virus_3433731,host_9438): 0 -> 1
Cell (virus_3433731,host_526822): 0 -> 1
Cell (virus_3433731,host_59485): 0 -> 1
Cell (virus_3433810,host_105295): 0 -> 1
Cell (virus_3433810,host_51300): 0 -> 1
Cell (virus_3433810,host_59473): 0 -> 1
Cell (virus_3433810,host_3380546): 0 -> 1
Cell (virus_3433810,host_59463): 0 -> 1
Cell (virus_3433810,host_392004): 0 -> 1
Cell (virus_3433810,host_138979): 0 -> 1
Cell (virus_3433810,host_385037): 0 -> 1
Cell (virus_3433810,host_187017): 0 -> 1
Cell (virus_3433810,host_186991): 0 -> 1
Cell (virus_3433810,host_270698): 0 -> 1
Cell (virus_3433810,host_463808): 0 -> 1
Cell (virus_3433810,host_376555): 0 -> 1
Cell (virus_3433810,host_169756): 0 -> 1
Cell (virus_3433810,host_249024): 0 -> 1
Cell (virus_3433810,host_77218): 0 -> 1
Cell (virus_3433810,host_549403): 0 -> 1
Cell (virus_3433810,host_132908): 0 -> 1
Cell (virus_3433810,host_385575): 0 -> 1
Cell (virus_3433810,host_9403): 0 -> 1
Cell (virus_3433810,host_58057): 0 -> 1
Cell (virus_3433810,host_372077): 0 -> 1
Cell (virus_3433810,host_448084): 0 -> 1
Cell (virus_3433810,host_58071): 0 -> 1
Cell (virus_3433810,host_1898393): 0 -> 1
Cell (virus_3433810,host_77223): 0 -> 1
Cell (virus_3433810,host_9408): 0 -> 1
Cell (virus_3433810,host_58065): 0 -> 1
Cell (virus_3433810,host_77214): 0 -> 1
Cell (virus_3433810,host_208969): 0 -> 1
Cell (virus_3433810,host_148094): 0 -> 1
Cell (virus_3433810,host_410852): 0 -> 1
Cell (virus_3433810,host_27634): 0 -> 1
Cell (virus_3433810,host_40230): 0 -> 1
Cell (virus_3433810,host_51012): 0 -> 1
Cell (virus_3433810,host_27660): 0 -> 1
Cell (virus_3433810,host_177162): 0 -> 1
Cell (virus_3433810,host_27638): 0 -> 1
Cell (virus_3433810,host_27642): 0 -> 1
Cell (virus_3433810,host_148061): 0 -> 1
Cell (virus_3433810,host_94961): 0 -> 1
Cell (virus_3433810,host_3371013): 0 -> 1
Cell (virus_3433810,host_187007): 0 -> 1
Cell (virus_3433810,host_187008): 0 -> 1
Cell (virus_3433810,host_27622): 0 -> 1
Cell (virus_3433810,host_452595): 0 -> 1
Cell (virus_3433810,host_3370289): 0 -> 1
Cell (virus_3433810,host_9438): 0 -> 1
Cell (virus_3433810,host_249033): 0 -> 1
Cell (virus_3433810,host_258930): 0 -> 1
Cell (virus_3433810,host_526822): 0 -> 1
Cell (virus_3433810,host_59485): 0 -> 1
Cell (virus_2913388,host_105295): 0 -> 1
Cell (virus_2913388,host_51300): 0 -> 1
Cell (virus_2913388,host_59473): 0 -> 1
Cell (virus_2913388,host_3380546): 0 -> 1
Cell (virus_2913388,host_59463): 0 -> 1
Cell (virus_2913388,host_2528591): 0 -> 1
Cell (virus_2913388,host_392004): 0 -> 1
Cell (virus_2913388,host_138979): 0 -> 1
Cell (virus_2913388,host_225400): 0 -> 1
Cell (virus_2913388,host_385037): 0 -> 1
Cell (virus_2913388,host_187017): 0 -> 1
Cell (virus_2913388,host_270698): 0 -> 1
Cell (virus_2913388,host_463808): 0 -> 1
Cell (virus_2913388,host_376555): 0 -> 1
Cell (virus_2913388,host_169756): 0 -> 1
Cell (virus_2913388,host_249024): 0 -> 1
Cell (virus_2913388,host_337453): 0 -> 1
Cell (virus_2913388,host_77218): 0 -> 1
Cell (virus_2913388,host_549403): 0 -> 1
Cell (virus_2913388,host_132908): 0 -> 1
Cell (virus_2913388,host_385575): 0 -> 1
Cell (virus_2913388,host_328804): 0 -> 1
Cell (virus_2913388,host_9403): 0 -> 1
Cell (virus_2913388,host_58057): 0 -> 1
Cell (virus_2913388,host_372077): 0 -> 1
Cell (virus_2913388,host_58071): 0 -> 1
Cell (virus_2913388,host_1898393): 0 -> 1
Cell (virus_2913388,host_77223): 0 -> 1
Cell (virus_2913388,host_9408): 0 -> 1
Cell (virus_2913388,host_77214): 0 -> 1
Cell (virus_2913388,host_1884717): 0 -> 1
Cell (virus_2913388,host_208969): 0 -> 1
Cell (virus_2913388,host_148094): 0 -> 1
Cell (virus_2913388,host_410852): 0 -> 1
Cell (virus_2913388,host_27634): 0 -> 1
Cell (virus_2913388,host_40230): 0 -> 1
Cell (virus_2913388,host_9417): 0 -> 1
Cell (virus_2913388,host_51012): 0 -> 1
Cell (virus_2913388,host_27660): 0 -> 1
Cell (virus_2913388,host_177162): 0 -> 1
Cell (virus_2913388,host_27638): 0 -> 1
Cell (virus_2913388,host_27642): 0 -> 1
Cell (virus_2913388,host_148061): 0 -> 1
Cell (virus_2913388,host_94961): 0 -> 1
Cell (virus_2913388,host_3371013): 0 -> 1
Cell (virus_2913388,host_187007): 0 -> 1
Cell (virus_2913388,host_452595): 0 -> 1
Cell (virus_2913388,host_3370289): 0 -> 1
Cell (virus_2913388,host_9438): 0 -> 1
Cell (virus_2913388,host_526822): 0 -> 1
Cell (virus_2913388,host_59485): 0 -> 1
Cell (virus_3433756,host_105295): 0 -> 1
Cell (virus_3433756,host_51300): 0 -> 1
Cell (virus_3433756,host_59473): 0 -> 1
Cell (virus_3433756,host_3380546): 0 -> 1
Cell (virus_3433756,host_2528591): 0 -> 1
Cell (virus_3433756,host_392004): 0 -> 1
Cell (virus_3433756,host_138979): 0 -> 1
Cell (virus_3433756,host_225400): 0 -> 1
Cell (virus_3433756,host_385037): 0 -> 1
Cell (virus_3433756,host_187017): 0 -> 1
Cell (virus_3433756,host_186991): 0 -> 1
Cell (virus_3433756,host_270698): 0 -> 1
Cell (virus_3433756,host_463808): 0 -> 1
Cell (virus_3433756,host_376555): 0 -> 1
Cell (virus_3433756,host_169756): 0 -> 1
Cell (virus_3433756,host_249024): 0 -> 1
Cell (virus_3433756,host_337453): 0 -> 1
Cell (virus_3433756,host_430492): 0 -> 1
Cell (virus_3433756,host_77218): 0 -> 1
Cell (virus_3433756,host_549403): 0 -> 1
Cell (virus_3433756,host_132908): 0 -> 1
Cell (virus_3433756,host_385575): 0 -> 1
Cell (virus_3433756,host_328804): 0 -> 1
Cell (virus_3433756,host_9403): 0 -> 1
Cell (virus_3433756,host_58057): 0 -> 1
Cell (virus_3433756,host_372077): 0 -> 1
Cell (virus_3433756,host_58071): 0 -> 1
Cell (virus_3433756,host_1898393): 0 -> 1
Cell (virus_3433756,host_77223): 0 -> 1
Cell (virus_3433756,host_9408): 0 -> 1
Cell (virus_3433756,host_77214): 0 -> 1
Cell (virus_3433756,host_1884717): 0 -> 1
Cell (virus_3433756,host_208969): 0 -> 1
Cell (virus_3433756,host_148094): 0 -> 1
Cell (virus_3433756,host_410852): 0 -> 1
Cell (virus_3433756,host_27634): 0 -> 1
Cell (virus_3433756,host_40230): 0 -> 1
Cell (virus_3433756,host_9417): 0 -> 1
Cell (virus_3433756,host_51012): 0 -> 1
Cell (virus_3433756,host_192403): 0 -> 1
Cell (virus_3433756,host_27660): 0 -> 1
Cell (virus_3433756,host_177160): 0 -> 1
Cell (virus_3433756,host_177162): 0 -> 1
Cell (virus_3433756,host_27638): 0 -> 1
Cell (virus_3433756,host_27642): 0 -> 1
Cell (virus_3433756,host_148061): 0 -> 1
Cell (virus_3433756,host_94961): 0 -> 1
Cell (virus_3433756,host_3371013): 0 -> 1
Cell (virus_3433756,host_187007): 0 -> 1
Cell (virus_3433756,host_452595): 0 -> 1
Cell (virus_3433756,host_3370289): 0 -> 1
Cell (virus_3433756,host_9438): 0 -> 1
Cell (virus_3433756,host_258930): 0 -> 1
Cell (virus_3433756,host_526822): 0 -> 1
Cell (virus_3433756,host_59485): 0 -> 1
Elbow Metrics: {'precision': 0.8567633837351859, 'recall': 0.5612367822246018, 'f1': 0.6782046097856853, 'TP': 4193, 'FP': 701, 'FN': 3278}
