[iter 0] λ=0.5000 → flips=0
[iter 1] λ=0.7500 → flips=4577
[iter 2] λ=0.8750 → flips=15775
[iter 3] λ=0.8125 → flips=11840
[iter 4] λ=0.7812 → flips=5692
[iter 5] λ=0.7969 → flips=10331
[iter 6] λ=0.7891 → flips=5864
[iter 7] λ=0.7930 → flips=8016
[iter 8] λ=0.7949 → flips=8760
[iter 9] λ=0.7939 → flips=8016
[iter 10] λ=0.7944 → flips=8016
[iter 11] λ=0.7947 → flips=8760
[iter 12] λ=0.7946 → flips=8016
[iter 13] λ=0.7946 → flips=8760
[iter 14] λ=0.7946 → flips=8016
[iter 15] λ=0.7946 → flips=8760
[iter 16] λ=0.7946 → flips=8760
[iter 17] λ=0.7946 → flips=8760
[iter 18] λ=0.7946 → flips=8016
[iter 19] λ=0.7946 → flips=8760

Best λ=0.7930 → flips=8016, correct=4407/8267
Number of flips performed: 8016
Cell (virus_11137,host_105273): 0 -> 1
Cell (virus_11137,host_109478): 0 -> 1
Cell (virus_11137,host_9435): 0 -> 1
Cell (virus_11137,host_59463): 0 -> 1
Cell (virus_11137,host_109480): 0 -> 1
Cell (virus_11137,host_1633875): 0 -> 1
Cell (virus_11137,host_519446): 0 -> 1
Cell (virus_11137,host_2528591): 0 -> 1
Cell (virus_11137,host_109482): 0 -> 1
Cell (virus_11137,host_51298): 0 -> 1
Cell (virus_11137,host_203696): 0 -> 1
Cell (virus_11137,host_452653): 0 -> 1
Cell (virus_11137,host_138979): 0 -> 1
Cell (virus_11137,host_155915): 0 -> 1
Cell (virus_11137,host_225400): 0 -> 1
Cell (virus_11137,host_155035): 0 -> 1
Cell (virus_11137,host_258925): 0 -> 1
Cell (virus_11137,host_177185): 0 -> 1
Cell (virus_11137,host_187017): 0 -> 1
Cell (virus_11137,host_110941): 0 -> 1
Cell (virus_11137,host_2603869): 0 -> 1
Cell (virus_11137,host_188568): 0 -> 1
Cell (virus_11137,host_1207989): 0 -> 1
Cell (virus_11137,host_188569): 0 -> 1
Cell (virus_11137,host_59453): 0 -> 1
Cell (virus_11137,host_175524): 0 -> 1
Cell (virus_11137,host_186990): 0 -> 1
Cell (virus_11137,host_270698): 0 -> 1
Cell (virus_11137,host_334201): 0 -> 1
Cell (virus_11137,host_249020): 0 -> 1
Cell (virus_11137,host_584995): 0 -> 1
Cell (virus_11137,host_463808): 0 -> 1
Cell (virus_11137,host_58069): 0 -> 1
Cell (virus_11137,host_376555): 0 -> 1
Cell (virus_11137,host_169756): 0 -> 1
Cell (virus_11137,host_188570): 0 -> 1
Cell (virus_11137,host_196296): 0 -> 1
Cell (virus_11137,host_320431): 0 -> 1
Cell (virus_11137,host_476589): 0 -> 1
Cell (virus_11137,host_188571): 0 -> 1
Cell (virus_11137,host_249024): 0 -> 1
Cell (virus_11137,host_2603865): 0 -> 1
Cell (virus_11137,host_2603866): 0 -> 1
Cell (virus_11137,host_519041): 0 -> 1
Cell (virus_11137,host_302408): 0 -> 1
Cell (virus_11137,host_59479): 0 -> 1
Cell (virus_11137,host_519037): 0 -> 1
Cell (virus_11137,host_337453): 0 -> 1
Cell (virus_11137,host_430492): 0 -> 1
Cell (virus_11137,host_77218): 0 -> 1
Cell (virus_11137,host_1195082): 0 -> 1
Cell (virus_11137,host_549403): 0 -> 1
Cell (virus_11137,host_124756): 0 -> 1
Cell (virus_11137,host_385575): 0 -> 1
Cell (virus_11137,host_328804): 0 -> 1
Cell (virus_11137,host_9403): 0 -> 1
Cell (virus_11137,host_58063): 0 -> 1
Cell (virus_11137,host_1898386): 0 -> 1
Cell (virus_11137,host_298110): 0 -> 1
Cell (virus_11137,host_77233): 0 -> 1
Cell (virus_11137,host_374419): 0 -> 1
Cell (virus_11137,host_326081): 0 -> 1
Cell (virus_11137,host_326151): 0 -> 1
Cell (virus_11137,host_326083): 0 -> 1
Cell (virus_11137,host_1381355): 0 -> 1
Cell (virus_11137,host_187003): 0 -> 1
Cell (virus_11137,host_907075): 0 -> 1
Cell (virus_11137,host_59476): 0 -> 1
Cell (virus_11137,host_177160): 0 -> 1
Cell (virus_11137,host_2994998): 0 -> 1
Cell (virus_11137,host_3042450): 0 -> 1
Cell (virus_11137,host_59472): 0 -> 1
Cell (virus_11137,host_9414): 0 -> 1
Cell (virus_11137,host_1434095): 0 -> 1
Cell (virus_11137,host_291302): 0 -> 1
Cell (virus_11137,host_221087): 0 -> 1
Cell (virus_11137,host_187007): 0 -> 1
Cell (virus_11137,host_187008): 0 -> 1
Cell (virus_11137,host_258934): 0 -> 1
Cell (virus_11137,host_479723): 0 -> 1
Cell (virus_11137,host_124751): 0 -> 1
Cell (virus_11137,host_3041509): 0 -> 1
Cell (virus_11137,host_2218597): 0 -> 1
Cell (virus_11137,host_258867): 0 -> 1
Cell (virus_11137,host_242384): 0 -> 1
Cell (virus_11137,host_258863): 0 -> 1
Cell (virus_11137,host_452595): 0 -> 1
Cell (virus_11137,host_9438): 0 -> 1
Cell (virus_11137,host_153297): 0 -> 1
Cell (virus_11137,host_258952): 0 -> 1
Cell (virus_11137,host_249033): 0 -> 1
Cell (virus_11137,host_258930): 0 -> 1
Cell (virus_11137,host_61862): 0 -> 1
Cell (virus_11137,host_109485): 0 -> 1
Cell (virus_11137,host_59474): 0 -> 1
Cell (virus_11137,host_999321): 0 -> 1
Cell (virus_11137,host_143942): 0 -> 1
Cell (virus_11137,host_2491053): 0 -> 1
Cell (virus_11137,host_258959): 0 -> 1
Cell (virus_11137,host_526822): 0 -> 1
Cell (virus_1244203,host_105273): 0 -> 1
Cell (virus_1244203,host_109478): 0 -> 1
Cell (virus_1244203,host_9435): 0 -> 1
Cell (virus_1244203,host_59463): 0 -> 1
Cell (virus_1244203,host_109480): 0 -> 1
Cell (virus_1244203,host_1633875): 0 -> 1
Cell (virus_1244203,host_519446): 0 -> 1
Cell (virus_1244203,host_2528591): 0 -> 1
Cell (virus_1244203,host_109482): 0 -> 1
Cell (virus_1244203,host_51298): 0 -> 1
Cell (virus_1244203,host_1911917): 0 -> 1
Cell (virus_1244203,host_203696): 0 -> 1
Cell (virus_1244203,host_452653): 0 -> 1
Cell (virus_1244203,host_138979): 0 -> 1
Cell (virus_1244203,host_155915): 0 -> 1
Cell (virus_1244203,host_225400): 0 -> 1
Cell (virus_1244203,host_155035): 0 -> 1
Cell (virus_1244203,host_258925): 0 -> 1
Cell (virus_1244203,host_177185): 0 -> 1
Cell (virus_1244203,host_187017): 0 -> 1
Cell (virus_1244203,host_110941): 0 -> 1
Cell (virus_1244203,host_2603869): 0 -> 1
Cell (virus_1244203,host_188568): 0 -> 1
Cell (virus_1244203,host_1207989): 0 -> 1
Cell (virus_1244203,host_188569): 0 -> 1
Cell (virus_1244203,host_59453): 0 -> 1
Cell (virus_1244203,host_175524): 0 -> 1
Cell (virus_1244203,host_186990): 0 -> 1
Cell (virus_1244203,host_270698): 0 -> 1
Cell (virus_1244203,host_334201): 0 -> 1
Cell (virus_1244203,host_249020): 0 -> 1
Cell (virus_1244203,host_584995): 0 -> 1
Cell (virus_1244203,host_463808): 0 -> 1
Cell (virus_1244203,host_58069): 0 -> 1
Cell (virus_1244203,host_376555): 0 -> 1
Cell (virus_1244203,host_169756): 0 -> 1
Cell (virus_1244203,host_188570): 0 -> 1
Cell (virus_1244203,host_196296): 0 -> 1
Cell (virus_1244203,host_320431): 0 -> 1
Cell (virus_1244203,host_476589): 0 -> 1
Cell (virus_1244203,host_188571): 0 -> 1
Cell (virus_1244203,host_249024): 0 -> 1
Cell (virus_1244203,host_2603865): 0 -> 1
Cell (virus_1244203,host_2603866): 0 -> 1
Cell (virus_1244203,host_519041): 0 -> 1
Cell (virus_1244203,host_302408): 0 -> 1
Cell (virus_1244203,host_49443): 0 -> 1
Cell (virus_1244203,host_59479): 0 -> 1
Cell (virus_1244203,host_342862): 0 -> 1
Cell (virus_1244203,host_519037): 0 -> 1
Cell (virus_1244203,host_337453): 0 -> 1
Cell (virus_1244203,host_430492): 0 -> 1
Cell (virus_1244203,host_77218): 0 -> 1
Cell (virus_1244203,host_1195082): 0 -> 1
Cell (virus_1244203,host_549403): 0 -> 1
Cell (virus_1244203,host_124756): 0 -> 1
Cell (virus_1244203,host_328804): 0 -> 1
Cell (virus_1244203,host_9403): 0 -> 1
Cell (virus_1244203,host_326083): 0 -> 1
Cell (virus_1244203,host_1381355): 0 -> 1
Cell (virus_1244203,host_187003): 0 -> 1
Cell (virus_1244203,host_907075): 0 -> 1
Cell (virus_1244203,host_59476): 0 -> 1
Cell (virus_1244203,host_177160): 0 -> 1
Cell (virus_1244203,host_2994998): 0 -> 1
Cell (virus_1244203,host_3042450): 0 -> 1
Cell (virus_1244203,host_59472): 0 -> 1
Cell (virus_1244203,host_9414): 0 -> 1
Cell (virus_1244203,host_1434095): 0 -> 1
Cell (virus_1244203,host_291302): 0 -> 1
Cell (virus_1244203,host_221087): 0 -> 1
Cell (virus_1244203,host_187007): 0 -> 1
Cell (virus_1244203,host_187008): 0 -> 1
Cell (virus_1244203,host_258934): 0 -> 1
Cell (virus_1244203,host_479723): 0 -> 1
Cell (virus_1244203,host_3041509): 0 -> 1
Cell (virus_1244203,host_2218597): 0 -> 1
Cell (virus_1244203,host_258867): 0 -> 1
Cell (virus_1244203,host_242384): 0 -> 1
Cell (virus_1244203,host_258863): 0 -> 1
Cell (virus_1244203,host_452595): 0 -> 1
Cell (virus_1244203,host_9438): 0 -> 1
Cell (virus_1244203,host_153297): 0 -> 1
Cell (virus_1244203,host_258952): 0 -> 1
Cell (virus_1244203,host_249033): 0 -> 1
Cell (virus_1244203,host_258930): 0 -> 1
Cell (virus_1244203,host_61862): 0 -> 1
Cell (virus_1244203,host_109485): 0 -> 1
Cell (virus_1244203,host_59474): 0 -> 1
Cell (virus_1244203,host_999321): 0 -> 1
Cell (virus_1244203,host_143942): 0 -> 1
Cell (virus_1244203,host_2491053): 0 -> 1
Cell (virus_1244203,host_110938): 0 -> 1
Cell (virus_1244203,host_258959): 0 -> 1
Cell (virus_1244203,host_526822): 0 -> 1
Cell (virus_1244203,host_59485): 0 -> 1
Cell (virus_3433754,host_105273): 0 -> 1
Cell (virus_3433754,host_109478): 0 -> 1
Cell (virus_3433754,host_9435): 0 -> 1
Cell (virus_3433754,host_59463): 0 -> 1
Cell (virus_3433754,host_109480): 0 -> 1
Cell (virus_3433754,host_1633875): 0 -> 1
Cell (virus_3433754,host_519446): 0 -> 1
Cell (virus_3433754,host_2528591): 0 -> 1
Cell (virus_3433754,host_109482): 0 -> 1
Cell (virus_3433754,host_51298): 0 -> 1
Cell (virus_3433754,host_1911917): 0 -> 1
Cell (virus_3433754,host_203696): 0 -> 1
Cell (virus_3433754,host_452653): 0 -> 1
Cell (virus_3433754,host_138979): 0 -> 1
Cell (virus_3433754,host_155915): 0 -> 1
Cell (virus_3433754,host_225400): 0 -> 1
Cell (virus_3433754,host_155035): 0 -> 1
Cell (virus_3433754,host_258925): 0 -> 1
Cell (virus_3433754,host_177185): 0 -> 1
Cell (virus_3433754,host_187017): 0 -> 1
Cell (virus_3433754,host_110941): 0 -> 1
Cell (virus_3433754,host_2603869): 0 -> 1
Cell (virus_3433754,host_188568): 0 -> 1
Cell (virus_3433754,host_1207989): 0 -> 1
Cell (virus_3433754,host_188569): 0 -> 1
Cell (virus_3433754,host_59453): 0 -> 1
Cell (virus_3433754,host_175524): 0 -> 1
Cell (virus_3433754,host_186990): 0 -> 1
Cell (virus_3433754,host_270698): 0 -> 1
Cell (virus_3433754,host_334201): 0 -> 1
Cell (virus_3433754,host_249020): 0 -> 1
Cell (virus_3433754,host_584995): 0 -> 1
Cell (virus_3433754,host_463808): 0 -> 1
Cell (virus_3433754,host_58069): 0 -> 1
Cell (virus_3433754,host_376555): 0 -> 1
Cell (virus_3433754,host_169756): 0 -> 1
Cell (virus_3433754,host_188570): 0 -> 1
Cell (virus_3433754,host_196296): 0 -> 1
Cell (virus_3433754,host_320431): 0 -> 1
Cell (virus_3433754,host_476589): 0 -> 1
Cell (virus_3433754,host_188571): 0 -> 1
Cell (virus_3433754,host_249024): 0 -> 1
Cell (virus_3433754,host_2603865): 0 -> 1
Cell (virus_3433754,host_2603866): 0 -> 1
Cell (virus_3433754,host_519041): 0 -> 1
Cell (virus_3433754,host_302408): 0 -> 1
Cell (virus_3433754,host_49443): 0 -> 1
Cell (virus_3433754,host_59479): 0 -> 1
Cell (virus_3433754,host_342862): 0 -> 1
Cell (virus_3433754,host_519037): 0 -> 1
Cell (virus_3433754,host_337453): 0 -> 1
Cell (virus_3433754,host_430492): 0 -> 1
Cell (virus_3433754,host_77218): 0 -> 1
Cell (virus_3433754,host_1195082): 0 -> 1
Cell (virus_3433754,host_549403): 0 -> 1
Cell (virus_3433754,host_124756): 0 -> 1
Cell (virus_3433754,host_328804): 0 -> 1
Cell (virus_3433754,host_9403): 0 -> 1
Cell (virus_3433754,host_326083): 0 -> 1
Cell (virus_3433754,host_1381355): 0 -> 1
Cell (virus_3433754,host_187003): 0 -> 1
Cell (virus_3433754,host_907075): 0 -> 1
Cell (virus_3433754,host_59476): 0 -> 1
Cell (virus_3433754,host_177160): 0 -> 1
Cell (virus_3433754,host_2994998): 0 -> 1
Cell (virus_3433754,host_3042450): 0 -> 1
Cell (virus_3433754,host_59472): 0 -> 1
Cell (virus_3433754,host_9414): 0 -> 1
Cell (virus_3433754,host_1434095): 0 -> 1
Cell (virus_3433754,host_291302): 0 -> 1
Cell (virus_3433754,host_221087): 0 -> 1
Cell (virus_3433754,host_187007): 0 -> 1
Cell (virus_3433754,host_187008): 0 -> 1
Cell (virus_3433754,host_258934): 0 -> 1
Cell (virus_3433754,host_479723): 0 -> 1
Cell (virus_3433754,host_3041509): 0 -> 1
Cell (virus_3433754,host_2218597): 0 -> 1
Cell (virus_3433754,host_258867): 0 -> 1
Cell (virus_3433754,host_242384): 0 -> 1
Cell (virus_3433754,host_258863): 0 -> 1
Cell (virus_3433754,host_452595): 0 -> 1
Cell (virus_3433754,host_9438): 0 -> 1
Cell (virus_3433754,host_153297): 0 -> 1
Cell (virus_3433754,host_258952): 0 -> 1
Cell (virus_3433754,host_249033): 0 -> 1
Cell (virus_3433754,host_258930): 0 -> 1
Cell (virus_3433754,host_61862): 0 -> 1
Cell (virus_3433754,host_109485): 0 -> 1
Cell (virus_3433754,host_59474): 0 -> 1
Cell (virus_3433754,host_999321): 0 -> 1
Cell (virus_3433754,host_143942): 0 -> 1
Cell (virus_3433754,host_2491053): 0 -> 1
Cell (virus_3433754,host_110938): 0 -> 1
Cell (virus_3433754,host_258959): 0 -> 1
Cell (virus_3433754,host_526822): 0 -> 1
Cell (virus_3433754,host_59485): 0 -> 1
Cell (virus_3433753,host_105273): 0 -> 1
Cell (virus_3433753,host_109478): 0 -> 1
Cell (virus_3433753,host_9435): 0 -> 1
Cell (virus_3433753,host_59463): 0 -> 1
Cell (virus_3433753,host_109480): 0 -> 1
Cell (virus_3433753,host_1633875): 0 -> 1
Cell (virus_3433753,host_519446): 0 -> 1
Cell (virus_3433753,host_2528591): 0 -> 1
Cell (virus_3433753,host_109482): 0 -> 1
Cell (virus_3433753,host_51298): 0 -> 1
Cell (virus_3433753,host_1911917): 0 -> 1
Cell (virus_3433753,host_203696): 0 -> 1
Cell (virus_3433753,host_452653): 0 -> 1
Cell (virus_3433753,host_138979): 0 -> 1
Cell (virus_3433753,host_155915): 0 -> 1
Cell (virus_3433753,host_225400): 0 -> 1
Cell (virus_3433753,host_155035): 0 -> 1
Cell (virus_3433753,host_258925): 0 -> 1
Cell (virus_3433753,host_177185): 0 -> 1
Cell (virus_3433753,host_187017): 0 -> 1
Cell (virus_3433753,host_110941): 0 -> 1
Cell (virus_3433753,host_2603869): 0 -> 1
Cell (virus_3433753,host_188568): 0 -> 1
Cell (virus_3433753,host_1207989): 0 -> 1
Cell (virus_3433753,host_188569): 0 -> 1
Cell (virus_3433753,host_59453): 0 -> 1
Cell (virus_3433753,host_175524): 0 -> 1
Cell (virus_3433753,host_186990): 0 -> 1
Cell (virus_3433753,host_270698): 0 -> 1
Cell (virus_3433753,host_334201): 0 -> 1
Cell (virus_3433753,host_249020): 0 -> 1
Cell (virus_3433753,host_584995): 0 -> 1
Cell (virus_3433753,host_463808): 0 -> 1
Cell (virus_3433753,host_58069): 0 -> 1
Cell (virus_3433753,host_376555): 0 -> 1
Cell (virus_3433753,host_169756): 0 -> 1
Cell (virus_3433753,host_188570): 0 -> 1
Cell (virus_3433753,host_196296): 0 -> 1
Cell (virus_3433753,host_320431): 0 -> 1
Cell (virus_3433753,host_476589): 0 -> 1
Cell (virus_3433753,host_188571): 0 -> 1
Cell (virus_3433753,host_249024): 0 -> 1
Cell (virus_3433753,host_2603865): 0 -> 1
Cell (virus_3433753,host_2603866): 0 -> 1
Cell (virus_3433753,host_519041): 0 -> 1
Cell (virus_3433753,host_302408): 0 -> 1
Cell (virus_3433753,host_49443): 0 -> 1
Cell (virus_3433753,host_59479): 0 -> 1
Cell (virus_3433753,host_342862): 0 -> 1
Cell (virus_3433753,host_519037): 0 -> 1
Cell (virus_3433753,host_337453): 0 -> 1
Cell (virus_3433753,host_430492): 0 -> 1
Cell (virus_3433753,host_77218): 0 -> 1
Cell (virus_3433753,host_1195082): 0 -> 1
Cell (virus_3433753,host_549403): 0 -> 1
Cell (virus_3433753,host_124756): 0 -> 1
Cell (virus_3433753,host_328804): 0 -> 1
Cell (virus_3433753,host_9403): 0 -> 1
Cell (virus_3433753,host_326083): 0 -> 1
Cell (virus_3433753,host_1381355): 0 -> 1
Cell (virus_3433753,host_187003): 0 -> 1
Cell (virus_3433753,host_907075): 0 -> 1
Cell (virus_3433753,host_59476): 0 -> 1
Cell (virus_3433753,host_177160): 0 -> 1
Cell (virus_3433753,host_2994998): 0 -> 1
Cell (virus_3433753,host_3042450): 0 -> 1
Cell (virus_3433753,host_59472): 0 -> 1
Cell (virus_3433753,host_9414): 0 -> 1
Cell (virus_3433753,host_1434095): 0 -> 1
Cell (virus_3433753,host_291302): 0 -> 1
Cell (virus_3433753,host_221087): 0 -> 1
Cell (virus_3433753,host_187007): 0 -> 1
Cell (virus_3433753,host_187008): 0 -> 1
Cell (virus_3433753,host_258934): 0 -> 1
Cell (virus_3433753,host_479723): 0 -> 1
Cell (virus_3433753,host_3041509): 0 -> 1
Cell (virus_3433753,host_2218597): 0 -> 1
Cell (virus_3433753,host_258867): 0 -> 1
Cell (virus_3433753,host_242384): 0 -> 1
Cell (virus_3433753,host_258863): 0 -> 1
Cell (virus_3433753,host_452595): 0 -> 1
Cell (virus_3433753,host_9438): 0 -> 1
Cell (virus_3433753,host_153297): 0 -> 1
Cell (virus_3433753,host_258952): 0 -> 1
Cell (virus_3433753,host_249033): 0 -> 1
Cell (virus_3433753,host_258930): 0 -> 1
Cell (virus_3433753,host_61862): 0 -> 1
Cell (virus_3433753,host_109485): 0 -> 1
Cell (virus_3433753,host_59474): 0 -> 1
Cell (virus_3433753,host_999321): 0 -> 1
Cell (virus_3433753,host_143942): 0 -> 1
Cell (virus_3433753,host_2491053): 0 -> 1
Cell (virus_3433753,host_110938): 0 -> 1
Cell (virus_3433753,host_258959): 0 -> 1
Cell (virus_3433753,host_526822): 0 -> 1
Cell (virus_3433753,host_59485): 0 -> 1
Cell (virus_3119326,host_105273): 0 -> 1
Cell (virus_3119326,host_109478): 0 -> 1
Cell (virus_3119326,host_9435): 0 -> 1
Cell (virus_3119326,host_59463): 0 -> 1
Cell (virus_3119326,host_109480): 0 -> 1
Cell (virus_3119326,host_1633875): 0 -> 1
Cell (virus_3119326,host_519446): 0 -> 1
Cell (virus_3119326,host_2528591): 0 -> 1
Cell (virus_3119326,host_109482): 0 -> 1
Cell (virus_3119326,host_51298): 0 -> 1
Cell (virus_3119326,host_1911917): 0 -> 1
Cell (virus_3119326,host_203696): 0 -> 1
Cell (virus_3119326,host_452653): 0 -> 1
Cell (virus_3119326,host_138979): 0 -> 1
Cell (virus_3119326,host_155915): 0 -> 1
Cell (virus_3119326,host_225400): 0 -> 1
Cell (virus_3119326,host_155035): 0 -> 1
Cell (virus_3119326,host_258925): 0 -> 1
Cell (virus_3119326,host_177185): 0 -> 1
Cell (virus_3119326,host_187017): 0 -> 1
Cell (virus_3119326,host_110941): 0 -> 1
Cell (virus_3119326,host_2603869): 0 -> 1
Cell (virus_3119326,host_188568): 0 -> 1
Cell (virus_3119326,host_1207989): 0 -> 1
Cell (virus_3119326,host_188569): 0 -> 1
Cell (virus_3119326,host_59453): 0 -> 1
Cell (virus_3119326,host_175524): 0 -> 1
Cell (virus_3119326,host_186990): 0 -> 1
Cell (virus_3119326,host_270698): 0 -> 1
Cell (virus_3119326,host_334201): 0 -> 1
Cell (virus_3119326,host_249020): 0 -> 1
Cell (virus_3119326,host_584995): 0 -> 1
Cell (virus_3119326,host_463808): 0 -> 1
Cell (virus_3119326,host_58069): 0 -> 1
Cell (virus_3119326,host_376555): 0 -> 1
Cell (virus_3119326,host_169756): 0 -> 1
Cell (virus_3119326,host_188570): 0 -> 1
Cell (virus_3119326,host_196296): 0 -> 1
Cell (virus_3119326,host_320431): 0 -> 1
Cell (virus_3119326,host_476589): 0 -> 1
Cell (virus_3119326,host_188571): 0 -> 1
Cell (virus_3119326,host_249024): 0 -> 1
Cell (virus_3119326,host_2603865): 0 -> 1
Cell (virus_3119326,host_2603866): 0 -> 1
Cell (virus_3119326,host_519041): 0 -> 1
Cell (virus_3119326,host_302408): 0 -> 1
Cell (virus_3119326,host_49443): 0 -> 1
Cell (virus_3119326,host_59479): 0 -> 1
Cell (virus_3119326,host_342862): 0 -> 1
Cell (virus_3119326,host_519037): 0 -> 1
Cell (virus_3119326,host_337453): 0 -> 1
Cell (virus_3119326,host_430492): 0 -> 1
Cell (virus_3119326,host_77218): 0 -> 1
Cell (virus_3119326,host_1195082): 0 -> 1
Cell (virus_3119326,host_549403): 0 -> 1
Cell (virus_3119326,host_124756): 0 -> 1
Cell (virus_3119326,host_328804): 0 -> 1
Cell (virus_3119326,host_9403): 0 -> 1
Cell (virus_3119326,host_326083): 0 -> 1
Cell (virus_3119326,host_1381355): 0 -> 1
Cell (virus_3119326,host_187003): 0 -> 1
Cell (virus_3119326,host_907075): 0 -> 1
Cell (virus_3119326,host_59476): 0 -> 1
Cell (virus_3119326,host_177160): 0 -> 1
Cell (virus_3119326,host_2994998): 0 -> 1
Cell (virus_3119326,host_3042450): 0 -> 1
Cell (virus_3119326,host_59472): 0 -> 1
Cell (virus_3119326,host_9414): 0 -> 1
Cell (virus_3119326,host_1434095): 0 -> 1
Cell (virus_3119326,host_291302): 0 -> 1
Cell (virus_3119326,host_221087): 0 -> 1
Cell (virus_3119326,host_187007): 0 -> 1
Cell (virus_3119326,host_187008): 0 -> 1
Cell (virus_3119326,host_258934): 0 -> 1
Cell (virus_3119326,host_479723): 0 -> 1
Cell (virus_3119326,host_3041509): 0 -> 1
Cell (virus_3119326,host_2218597): 0 -> 1
Cell (virus_3119326,host_258867): 0 -> 1
Cell (virus_3119326,host_242384): 0 -> 1
Cell (virus_3119326,host_258863): 0 -> 1
Cell (virus_3119326,host_452595): 0 -> 1
Cell (virus_3119326,host_9438): 0 -> 1
Cell (virus_3119326,host_153297): 0 -> 1
Cell (virus_3119326,host_258952): 0 -> 1
Cell (virus_3119326,host_249033): 0 -> 1
Cell (virus_3119326,host_258930): 0 -> 1
Cell (virus_3119326,host_61862): 0 -> 1
Cell (virus_3119326,host_109485): 0 -> 1
Cell (virus_3119326,host_59474): 0 -> 1
Cell (virus_3119326,host_999321): 0 -> 1
Cell (virus_3119326,host_143942): 0 -> 1
Cell (virus_3119326,host_2491053): 0 -> 1
Cell (virus_3119326,host_110938): 0 -> 1
Cell (virus_3119326,host_258959): 0 -> 1
Cell (virus_3119326,host_526822): 0 -> 1
Cell (virus_3119326,host_59485): 0 -> 1
Cell (virus_3433752,host_105273): 0 -> 1
Cell (virus_3433752,host_109478): 0 -> 1
Cell (virus_3433752,host_9435): 0 -> 1
Cell (virus_3433752,host_59463): 0 -> 1
Cell (virus_3433752,host_109480): 0 -> 1
Cell (virus_3433752,host_1633875): 0 -> 1
Cell (virus_3433752,host_519446): 0 -> 1
Cell (virus_3433752,host_2528591): 0 -> 1
Cell (virus_3433752,host_109482): 0 -> 1
Cell (virus_3433752,host_51298): 0 -> 1
Cell (virus_3433752,host_1911917): 0 -> 1
Cell (virus_3433752,host_203696): 0 -> 1
Cell (virus_3433752,host_452653): 0 -> 1
Cell (virus_3433752,host_138979): 0 -> 1
Cell (virus_3433752,host_155915): 0 -> 1
Cell (virus_3433752,host_225400): 0 -> 1
Cell (virus_3433752,host_155035): 0 -> 1
Cell (virus_3433752,host_258925): 0 -> 1
Cell (virus_3433752,host_177185): 0 -> 1
Cell (virus_3433752,host_187017): 0 -> 1
Cell (virus_3433752,host_110941): 0 -> 1
Cell (virus_3433752,host_2603869): 0 -> 1
Cell (virus_3433752,host_188568): 0 -> 1
Cell (virus_3433752,host_1207989): 0 -> 1
Cell (virus_3433752,host_188569): 0 -> 1
Cell (virus_3433752,host_59453): 0 -> 1
Cell (virus_3433752,host_175524): 0 -> 1
Cell (virus_3433752,host_186990): 0 -> 1
Cell (virus_3433752,host_270698): 0 -> 1
Cell (virus_3433752,host_334201): 0 -> 1
Cell (virus_3433752,host_249020): 0 -> 1
Cell (virus_3433752,host_584995): 0 -> 1
Cell (virus_3433752,host_463808): 0 -> 1
Cell (virus_3433752,host_58069): 0 -> 1
Cell (virus_3433752,host_376555): 0 -> 1
Cell (virus_3433752,host_169756): 0 -> 1
Cell (virus_3433752,host_188570): 0 -> 1
Cell (virus_3433752,host_196296): 0 -> 1
Cell (virus_3433752,host_320431): 0 -> 1
Cell (virus_3433752,host_476589): 0 -> 1
Cell (virus_3433752,host_188571): 0 -> 1
Cell (virus_3433752,host_249024): 0 -> 1
Cell (virus_3433752,host_2603865): 0 -> 1
Cell (virus_3433752,host_2603866): 0 -> 1
Cell (virus_3433752,host_519041): 0 -> 1
Cell (virus_3433752,host_302408): 0 -> 1
Cell (virus_3433752,host_49443): 0 -> 1
Cell (virus_3433752,host_59479): 0 -> 1
Cell (virus_3433752,host_342862): 0 -> 1
Cell (virus_3433752,host_519037): 0 -> 1
Cell (virus_3433752,host_337453): 0 -> 1
Cell (virus_3433752,host_430492): 0 -> 1
Cell (virus_3433752,host_77218): 0 -> 1
Cell (virus_3433752,host_1195082): 0 -> 1
Cell (virus_3433752,host_549403): 0 -> 1
Cell (virus_3433752,host_124756): 0 -> 1
Cell (virus_3433752,host_328804): 0 -> 1
Cell (virus_3433752,host_9403): 0 -> 1
Cell (virus_3433752,host_326083): 0 -> 1
Cell (virus_3433752,host_1381355): 0 -> 1
Cell (virus_3433752,host_187003): 0 -> 1
Cell (virus_3433752,host_907075): 0 -> 1
Cell (virus_3433752,host_59476): 0 -> 1
Cell (virus_3433752,host_177160): 0 -> 1
Cell (virus_3433752,host_2994998): 0 -> 1
Cell (virus_3433752,host_3042450): 0 -> 1
Cell (virus_3433752,host_59472): 0 -> 1
Cell (virus_3433752,host_9414): 0 -> 1
Cell (virus_3433752,host_1434095): 0 -> 1
Cell (virus_3433752,host_291302): 0 -> 1
Cell (virus_3433752,host_221087): 0 -> 1
Cell (virus_3433752,host_187007): 0 -> 1
Cell (virus_3433752,host_187008): 0 -> 1
Cell (virus_3433752,host_258934): 0 -> 1
Cell (virus_3433752,host_479723): 0 -> 1
Cell (virus_3433752,host_3041509): 0 -> 1
Cell (virus_3433752,host_2218597): 0 -> 1
Cell (virus_3433752,host_258867): 0 -> 1
Cell (virus_3433752,host_242384): 0 -> 1
Cell (virus_3433752,host_258863): 0 -> 1
Cell (virus_3433752,host_452595): 0 -> 1
Cell (virus_3433752,host_9438): 0 -> 1
Cell (virus_3433752,host_153297): 0 -> 1
Cell (virus_3433752,host_258952): 0 -> 1
Cell (virus_3433752,host_249033): 0 -> 1
Cell (virus_3433752,host_258930): 0 -> 1
Cell (virus_3433752,host_61862): 0 -> 1
Cell (virus_3433752,host_109485): 0 -> 1
Cell (virus_3433752,host_59474): 0 -> 1
Cell (virus_3433752,host_999321): 0 -> 1
Cell (virus_3433752,host_143942): 0 -> 1
Cell (virus_3433752,host_2491053): 0 -> 1
Cell (virus_3433752,host_110938): 0 -> 1
Cell (virus_3433752,host_258959): 0 -> 1
Cell (virus_3433752,host_526822): 0 -> 1
Cell (virus_3433752,host_59485): 0 -> 1
Cell (virus_1906673,host_105273): 0 -> 1
Cell (virus_1906673,host_258946): 0 -> 1
Cell (virus_1906673,host_109478): 0 -> 1
Cell (virus_1906673,host_9435): 0 -> 1
Cell (virus_1906673,host_59463): 0 -> 1
Cell (virus_1906673,host_109480): 0 -> 1
Cell (virus_1906673,host_1633875): 0 -> 1
Cell (virus_1906673,host_519446): 0 -> 1
Cell (virus_1906673,host_109482): 0 -> 1
Cell (virus_1906673,host_51298): 0 -> 1
Cell (virus_1906673,host_1911917): 0 -> 1
Cell (virus_1906673,host_203696): 0 -> 1
Cell (virus_1906673,host_452653): 0 -> 1
Cell (virus_1906673,host_138979): 0 -> 1
Cell (virus_1906673,host_155915): 0 -> 1
Cell (virus_1906673,host_225400): 0 -> 1
Cell (virus_1906673,host_155035): 0 -> 1
Cell (virus_1906673,host_258925): 0 -> 1
Cell (virus_1906673,host_177185): 0 -> 1
Cell (virus_1906673,host_187017): 0 -> 1
Cell (virus_1906673,host_110941): 0 -> 1
Cell (virus_1906673,host_2603869): 0 -> 1
Cell (virus_1906673,host_188568): 0 -> 1
Cell (virus_1906673,host_1207989): 0 -> 1
Cell (virus_1906673,host_188569): 0 -> 1
Cell (virus_1906673,host_59453): 0 -> 1
Cell (virus_1906673,host_175524): 0 -> 1
Cell (virus_1906673,host_186990): 0 -> 1
Cell (virus_1906673,host_270698): 0 -> 1
Cell (virus_1906673,host_334201): 0 -> 1
Cell (virus_1906673,host_249020): 0 -> 1
Cell (virus_1906673,host_584995): 0 -> 1
Cell (virus_1906673,host_463808): 0 -> 1
Cell (virus_1906673,host_58069): 0 -> 1
Cell (virus_1906673,host_376555): 0 -> 1
Cell (virus_1906673,host_169756): 0 -> 1
Cell (virus_1906673,host_188570): 0 -> 1
Cell (virus_1906673,host_196296): 0 -> 1
Cell (virus_1906673,host_337452): 0 -> 1
Cell (virus_1906673,host_320431): 0 -> 1
Cell (virus_1906673,host_476589): 0 -> 1
Cell (virus_1906673,host_188571): 0 -> 1
Cell (virus_1906673,host_249024): 0 -> 1
Cell (virus_1906673,host_2603865): 0 -> 1
Cell (virus_1906673,host_2603866): 0 -> 1
Cell (virus_1906673,host_519041): 0 -> 1
Cell (virus_1906673,host_302408): 0 -> 1
Cell (virus_1906673,host_59479): 0 -> 1
Cell (virus_1906673,host_519037): 0 -> 1
Cell (virus_1906673,host_337453): 0 -> 1
Cell (virus_1906673,host_430492): 0 -> 1
Cell (virus_1906673,host_77218): 0 -> 1
Cell (virus_1906673,host_1195082): 0 -> 1
Cell (virus_1906673,host_549403): 0 -> 1
Cell (virus_1906673,host_124756): 0 -> 1
Cell (virus_1906673,host_328804): 0 -> 1
Cell (virus_1906673,host_9403): 0 -> 1
Cell (virus_1906673,host_326083): 0 -> 1
Cell (virus_1906673,host_1381355): 0 -> 1
Cell (virus_1906673,host_187003): 0 -> 1
Cell (virus_1906673,host_907075): 0 -> 1
Cell (virus_1906673,host_59476): 0 -> 1
Cell (virus_1906673,host_177160): 0 -> 1
Cell (virus_1906673,host_2994998): 0 -> 1
Cell (virus_1906673,host_3042450): 0 -> 1
Cell (virus_1906673,host_59472): 0 -> 1
Cell (virus_1906673,host_9414): 0 -> 1
Cell (virus_1906673,host_1434095): 0 -> 1
Cell (virus_1906673,host_221087): 0 -> 1
Cell (virus_1906673,host_187007): 0 -> 1
Cell (virus_1906673,host_9433): 0 -> 1
Cell (virus_1906673,host_187008): 0 -> 1
Cell (virus_1906673,host_258934): 0 -> 1
Cell (virus_1906673,host_479723): 0 -> 1
Cell (virus_1906673,host_3041509): 0 -> 1
Cell (virus_1906673,host_2218597): 0 -> 1
Cell (virus_1906673,host_258867): 0 -> 1
Cell (virus_1906673,host_242384): 0 -> 1
Cell (virus_1906673,host_258863): 0 -> 1
Cell (virus_1906673,host_452595): 0 -> 1
Cell (virus_1906673,host_9438): 0 -> 1
Cell (virus_1906673,host_153297): 0 -> 1
Cell (virus_1906673,host_258952): 0 -> 1
Cell (virus_1906673,host_249033): 0 -> 1
Cell (virus_1906673,host_258930): 0 -> 1
Cell (virus_1906673,host_61862): 0 -> 1
Cell (virus_1906673,host_109485): 0 -> 1
Cell (virus_1906673,host_59474): 0 -> 1
Cell (virus_1906673,host_999321): 0 -> 1
Cell (virus_1906673,host_143942): 0 -> 1
Cell (virus_1906673,host_2491053): 0 -> 1
Cell (virus_1906673,host_110938): 0 -> 1
Cell (virus_1906673,host_258959): 0 -> 1
Cell (virus_1906673,host_526822): 0 -> 1
Cell (virus_3433785,host_105273): 0 -> 1
Cell (virus_3433785,host_258946): 0 -> 1
Cell (virus_3433785,host_109478): 0 -> 1
Cell (virus_3433785,host_9435): 0 -> 1
Cell (virus_3433785,host_59463): 0 -> 1
Cell (virus_3433785,host_109480): 0 -> 1
Cell (virus_3433785,host_1633875): 0 -> 1
Cell (virus_3433785,host_519446): 0 -> 1
Cell (virus_3433785,host_109482): 0 -> 1
Cell (virus_3433785,host_51298): 0 -> 1
Cell (virus_3433785,host_1911917): 0 -> 1
Cell (virus_3433785,host_203696): 0 -> 1
Cell (virus_3433785,host_452653): 0 -> 1
Cell (virus_3433785,host_138979): 0 -> 1
Cell (virus_3433785,host_155915): 0 -> 1
Cell (virus_3433785,host_225400): 0 -> 1
Cell (virus_3433785,host_155035): 0 -> 1
Cell (virus_3433785,host_258925): 0 -> 1
Cell (virus_3433785,host_177185): 0 -> 1
Cell (virus_3433785,host_187017): 0 -> 1
Cell (virus_3433785,host_110941): 0 -> 1
Cell (virus_3433785,host_2603869): 0 -> 1
Cell (virus_3433785,host_188568): 0 -> 1
Cell (virus_3433785,host_1207989): 0 -> 1
Cell (virus_3433785,host_188569): 0 -> 1
Cell (virus_3433785,host_59453): 0 -> 1
Cell (virus_3433785,host_175524): 0 -> 1
Cell (virus_3433785,host_186990): 0 -> 1
Cell (virus_3433785,host_270698): 0 -> 1
Cell (virus_3433785,host_334201): 0 -> 1
Cell (virus_3433785,host_249020): 0 -> 1
Cell (virus_3433785,host_584995): 0 -> 1
Cell (virus_3433785,host_463808): 0 -> 1
Cell (virus_3433785,host_58069): 0 -> 1
Cell (virus_3433785,host_376555): 0 -> 1
Cell (virus_3433785,host_169756): 0 -> 1
Cell (virus_3433785,host_188570): 0 -> 1
Cell (virus_3433785,host_196296): 0 -> 1
Cell (virus_3433785,host_337452): 0 -> 1
Cell (virus_3433785,host_320431): 0 -> 1
Cell (virus_3433785,host_476589): 0 -> 1
Cell (virus_3433785,host_188571): 0 -> 1
Cell (virus_3433785,host_249024): 0 -> 1
Cell (virus_3433785,host_2603865): 0 -> 1
Cell (virus_3433785,host_2603866): 0 -> 1
Cell (virus_3433785,host_519041): 0 -> 1
Cell (virus_3433785,host_302408): 0 -> 1
Cell (virus_3433785,host_59479): 0 -> 1
Cell (virus_3433785,host_519037): 0 -> 1
Cell (virus_3433785,host_337453): 0 -> 1
Cell (virus_3433785,host_430492): 0 -> 1
Cell (virus_3433785,host_77218): 0 -> 1
Cell (virus_3433785,host_1195082): 0 -> 1
Cell (virus_3433785,host_549403): 0 -> 1
Cell (virus_3433785,host_124756): 0 -> 1
Cell (virus_3433785,host_328804): 0 -> 1
Cell (virus_3433785,host_9403): 0 -> 1
Cell (virus_3433785,host_326083): 0 -> 1
Cell (virus_3433785,host_1381355): 0 -> 1
Cell (virus_3433785,host_187003): 0 -> 1
Cell (virus_3433785,host_907075): 0 -> 1
Cell (virus_3433785,host_59476): 0 -> 1
Cell (virus_3433785,host_177160): 0 -> 1
Cell (virus_3433785,host_2994998): 0 -> 1
Cell (virus_3433785,host_3042450): 0 -> 1
Cell (virus_3433785,host_59472): 0 -> 1
Cell (virus_3433785,host_9414): 0 -> 1
Cell (virus_3433785,host_1434095): 0 -> 1
Cell (virus_3433785,host_221087): 0 -> 1
Cell (virus_3433785,host_187007): 0 -> 1
Cell (virus_3433785,host_9433): 0 -> 1
Cell (virus_3433785,host_187008): 0 -> 1
Cell (virus_3433785,host_258934): 0 -> 1
Cell (virus_3433785,host_479723): 0 -> 1
Cell (virus_3433785,host_3041509): 0 -> 1
Cell (virus_3433785,host_2218597): 0 -> 1
Cell (virus_3433785,host_258867): 0 -> 1
Cell (virus_3433785,host_242384): 0 -> 1
Cell (virus_3433785,host_258863): 0 -> 1
Cell (virus_3433785,host_452595): 0 -> 1
Cell (virus_3433785,host_9438): 0 -> 1
Cell (virus_3433785,host_153297): 0 -> 1
Cell (virus_3433785,host_258952): 0 -> 1
Cell (virus_3433785,host_249033): 0 -> 1
Cell (virus_3433785,host_258930): 0 -> 1
Cell (virus_3433785,host_61862): 0 -> 1
Cell (virus_3433785,host_109485): 0 -> 1
Cell (virus_3433785,host_59474): 0 -> 1
Cell (virus_3433785,host_999321): 0 -> 1
Cell (virus_3433785,host_143942): 0 -> 1
Cell (virus_3433785,host_2491053): 0 -> 1
Cell (virus_3433785,host_110938): 0 -> 1
Cell (virus_3433785,host_258959): 0 -> 1
Cell (virus_3433785,host_526822): 0 -> 1
Cell (virus_2971263,host_105273): 0 -> 1
Cell (virus_2971263,host_258946): 0 -> 1
Cell (virus_2971263,host_109478): 0 -> 1
Cell (virus_2971263,host_9435): 0 -> 1
Cell (virus_2971263,host_59463): 0 -> 1
Cell (virus_2971263,host_109480): 0 -> 1
Cell (virus_2971263,host_1633875): 0 -> 1
Cell (virus_2971263,host_519446): 0 -> 1
Cell (virus_2971263,host_2528591): 0 -> 1
Cell (virus_2971263,host_109482): 0 -> 1
Cell (virus_2971263,host_51298): 0 -> 1
Cell (virus_2971263,host_1911917): 0 -> 1
Cell (virus_2971263,host_203696): 0 -> 1
Cell (virus_2971263,host_452653): 0 -> 1
Cell (virus_2971263,host_138979): 0 -> 1
Cell (virus_2971263,host_155915): 0 -> 1
Cell (virus_2971263,host_225400): 0 -> 1
Cell (virus_2971263,host_155035): 0 -> 1
Cell (virus_2971263,host_258925): 0 -> 1
Cell (virus_2971263,host_177185): 0 -> 1
Cell (virus_2971263,host_187017): 0 -> 1
Cell (virus_2971263,host_110941): 0 -> 1
Cell (virus_2971263,host_2603869): 0 -> 1
Cell (virus_2971263,host_188568): 0 -> 1
Cell (virus_2971263,host_1207989): 0 -> 1
Cell (virus_2971263,host_188569): 0 -> 1
Cell (virus_2971263,host_59453): 0 -> 1
Cell (virus_2971263,host_175524): 0 -> 1
Cell (virus_2971263,host_186990): 0 -> 1
Cell (virus_2971263,host_270698): 0 -> 1
Cell (virus_2971263,host_334201): 0 -> 1
Cell (virus_2971263,host_249020): 0 -> 1
Cell (virus_2971263,host_584995): 0 -> 1
Cell (virus_2971263,host_463808): 0 -> 1
Cell (virus_2971263,host_58069): 0 -> 1
Cell (virus_2971263,host_376555): 0 -> 1
Cell (virus_2971263,host_169756): 0 -> 1
Cell (virus_2971263,host_188570): 0 -> 1
Cell (virus_2971263,host_196296): 0 -> 1
Cell (virus_2971263,host_337452): 0 -> 1
Cell (virus_2971263,host_320431): 0 -> 1
Cell (virus_2971263,host_476589): 0 -> 1
Cell (virus_2971263,host_188571): 0 -> 1
Cell (virus_2971263,host_249024): 0 -> 1
Cell (virus_2971263,host_2603865): 0 -> 1
Cell (virus_2971263,host_2603866): 0 -> 1
Cell (virus_2971263,host_519041): 0 -> 1
Cell (virus_2971263,host_302408): 0 -> 1
Cell (virus_2971263,host_59479): 0 -> 1
Cell (virus_2971263,host_519037): 0 -> 1
Cell (virus_2971263,host_337453): 0 -> 1
Cell (virus_2971263,host_430492): 0 -> 1
Cell (virus_2971263,host_77218): 0 -> 1
Cell (virus_2971263,host_1195082): 0 -> 1
Cell (virus_2971263,host_549403): 0 -> 1
Cell (virus_2971263,host_124756): 0 -> 1
Cell (virus_2971263,host_328804): 0 -> 1
Cell (virus_2971263,host_9403): 0 -> 1
Cell (virus_2971263,host_326083): 0 -> 1
Cell (virus_2971263,host_1381355): 0 -> 1
Cell (virus_2971263,host_187003): 0 -> 1
Cell (virus_2971263,host_907075): 0 -> 1
Cell (virus_2971263,host_59476): 0 -> 1
Cell (virus_2971263,host_177160): 0 -> 1
Cell (virus_2971263,host_2994998): 0 -> 1
Cell (virus_2971263,host_3042450): 0 -> 1
Cell (virus_2971263,host_59472): 0 -> 1
Cell (virus_2971263,host_9414): 0 -> 1
Cell (virus_2971263,host_1434095): 0 -> 1
Cell (virus_2971263,host_221087): 0 -> 1
Cell (virus_2971263,host_187007): 0 -> 1
Cell (virus_2971263,host_187008): 0 -> 1
Cell (virus_2971263,host_258934): 0 -> 1
Cell (virus_2971263,host_479723): 0 -> 1
Cell (virus_2971263,host_3041509): 0 -> 1
Cell (virus_2971263,host_2218597): 0 -> 1
Cell (virus_2971263,host_258867): 0 -> 1
Cell (virus_2971263,host_242384): 0 -> 1
Cell (virus_2971263,host_258863): 0 -> 1
Cell (virus_2971263,host_452595): 0 -> 1
Cell (virus_2971263,host_9438): 0 -> 1
Cell (virus_2971263,host_153297): 0 -> 1
Cell (virus_2971263,host_258952): 0 -> 1
Cell (virus_2971263,host_249033): 0 -> 1
Cell (virus_2971263,host_258930): 0 -> 1
Cell (virus_2971263,host_61862): 0 -> 1
Cell (virus_2971263,host_109485): 0 -> 1
Cell (virus_2971263,host_59474): 0 -> 1
Cell (virus_2971263,host_999321): 0 -> 1
Cell (virus_2971263,host_143942): 0 -> 1
Cell (virus_2971263,host_2491053): 0 -> 1
Cell (virus_2971263,host_110938): 0 -> 1
Cell (virus_2971263,host_258959): 0 -> 1
Cell (virus_2971263,host_526822): 0 -> 1
Cell (virus_3433786,host_105273): 0 -> 1
Cell (virus_3433786,host_258946): 0 -> 1
Cell (virus_3433786,host_109478): 0 -> 1
Cell (virus_3433786,host_9435): 0 -> 1
Cell (virus_3433786,host_59463): 0 -> 1
Cell (virus_3433786,host_109480): 0 -> 1
Cell (virus_3433786,host_1633875): 0 -> 1
Cell (virus_3433786,host_519446): 0 -> 1
Cell (virus_3433786,host_2528591): 0 -> 1
Cell (virus_3433786,host_109482): 0 -> 1
Cell (virus_3433786,host_51298): 0 -> 1
Cell (virus_3433786,host_1911917): 0 -> 1
Cell (virus_3433786,host_203696): 0 -> 1
Cell (virus_3433786,host_452653): 0 -> 1
Cell (virus_3433786,host_138979): 0 -> 1
Cell (virus_3433786,host_155915): 0 -> 1
Cell (virus_3433786,host_225400): 0 -> 1
Cell (virus_3433786,host_155035): 0 -> 1
Cell (virus_3433786,host_258925): 0 -> 1
Cell (virus_3433786,host_177185): 0 -> 1
Cell (virus_3433786,host_187017): 0 -> 1
Cell (virus_3433786,host_110941): 0 -> 1
Cell (virus_3433786,host_2603869): 0 -> 1
Cell (virus_3433786,host_188568): 0 -> 1
Cell (virus_3433786,host_1207989): 0 -> 1
Cell (virus_3433786,host_188569): 0 -> 1
Cell (virus_3433786,host_59453): 0 -> 1
Cell (virus_3433786,host_175524): 0 -> 1
Cell (virus_3433786,host_186990): 0 -> 1
Cell (virus_3433786,host_270698): 0 -> 1
Cell (virus_3433786,host_334201): 0 -> 1
Cell (virus_3433786,host_249020): 0 -> 1
Cell (virus_3433786,host_584995): 0 -> 1
Cell (virus_3433786,host_463808): 0 -> 1
Cell (virus_3433786,host_58069): 0 -> 1
Cell (virus_3433786,host_376555): 0 -> 1
Cell (virus_3433786,host_169756): 0 -> 1
Cell (virus_3433786,host_188570): 0 -> 1
Cell (virus_3433786,host_196296): 0 -> 1
Cell (virus_3433786,host_337452): 0 -> 1
Cell (virus_3433786,host_320431): 0 -> 1
Cell (virus_3433786,host_476589): 0 -> 1
Cell (virus_3433786,host_188571): 0 -> 1
Cell (virus_3433786,host_249024): 0 -> 1
Cell (virus_3433786,host_2603865): 0 -> 1
Cell (virus_3433786,host_2603866): 0 -> 1
Cell (virus_3433786,host_519041): 0 -> 1
Cell (virus_3433786,host_302408): 0 -> 1
Cell (virus_3433786,host_59479): 0 -> 1
Cell (virus_3433786,host_519037): 0 -> 1
Cell (virus_3433786,host_337453): 0 -> 1
Cell (virus_3433786,host_430492): 0 -> 1
Cell (virus_3433786,host_77218): 0 -> 1
Cell (virus_3433786,host_1195082): 0 -> 1
Cell (virus_3433786,host_549403): 0 -> 1
Cell (virus_3433786,host_124756): 0 -> 1
Cell (virus_3433786,host_328804): 0 -> 1
Cell (virus_3433786,host_9403): 0 -> 1
Cell (virus_3433786,host_326083): 0 -> 1
Cell (virus_3433786,host_1381355): 0 -> 1
Cell (virus_3433786,host_187003): 0 -> 1
Cell (virus_3433786,host_907075): 0 -> 1
Cell (virus_3433786,host_59476): 0 -> 1
Cell (virus_3433786,host_177160): 0 -> 1
Cell (virus_3433786,host_2994998): 0 -> 1
Cell (virus_3433786,host_3042450): 0 -> 1
Cell (virus_3433786,host_59472): 0 -> 1
Cell (virus_3433786,host_9414): 0 -> 1
Cell (virus_3433786,host_1434095): 0 -> 1
Cell (virus_3433786,host_221087): 0 -> 1
Cell (virus_3433786,host_187007): 0 -> 1
Cell (virus_3433786,host_187008): 0 -> 1
Cell (virus_3433786,host_258934): 0 -> 1
Cell (virus_3433786,host_479723): 0 -> 1
Cell (virus_3433786,host_3041509): 0 -> 1
Cell (virus_3433786,host_2218597): 0 -> 1
Cell (virus_3433786,host_258867): 0 -> 1
Cell (virus_3433786,host_242384): 0 -> 1
Cell (virus_3433786,host_258863): 0 -> 1
Cell (virus_3433786,host_452595): 0 -> 1
Cell (virus_3433786,host_9438): 0 -> 1
Cell (virus_3433786,host_153297): 0 -> 1
Cell (virus_3433786,host_258952): 0 -> 1
Cell (virus_3433786,host_249033): 0 -> 1
Cell (virus_3433786,host_258930): 0 -> 1
Cell (virus_3433786,host_61862): 0 -> 1
Cell (virus_3433786,host_109485): 0 -> 1
Cell (virus_3433786,host_59474): 0 -> 1
Cell (virus_3433786,host_999321): 0 -> 1
Cell (virus_3433786,host_143942): 0 -> 1
Cell (virus_3433786,host_2491053): 0 -> 1
Cell (virus_3433786,host_110938): 0 -> 1
Cell (virus_3433786,host_258959): 0 -> 1
Cell (virus_3433786,host_526822): 0 -> 1
Cell (virus_2989482,host_105273): 0 -> 1
Cell (virus_2989482,host_258946): 0 -> 1
Cell (virus_2989482,host_109478): 0 -> 1
Cell (virus_2989482,host_9435): 0 -> 1
Cell (virus_2989482,host_59463): 0 -> 1
Cell (virus_2989482,host_109480): 0 -> 1
Cell (virus_2989482,host_1633875): 0 -> 1
Cell (virus_2989482,host_519446): 0 -> 1
Cell (virus_2989482,host_109482): 0 -> 1
Cell (virus_2989482,host_51298): 0 -> 1
Cell (virus_2989482,host_1911917): 0 -> 1
Cell (virus_2989482,host_203696): 0 -> 1
Cell (virus_2989482,host_452653): 0 -> 1
Cell (virus_2989482,host_138979): 0 -> 1
Cell (virus_2989482,host_155915): 0 -> 1
Cell (virus_2989482,host_225400): 0 -> 1
Cell (virus_2989482,host_155035): 0 -> 1
Cell (virus_2989482,host_258925): 0 -> 1
Cell (virus_2989482,host_177185): 0 -> 1
Cell (virus_2989482,host_187017): 0 -> 1
Cell (virus_2989482,host_110941): 0 -> 1
Cell (virus_2989482,host_2603869): 0 -> 1
Cell (virus_2989482,host_188568): 0 -> 1
Cell (virus_2989482,host_1207989): 0 -> 1
Cell (virus_2989482,host_188569): 0 -> 1
Cell (virus_2989482,host_59453): 0 -> 1
Cell (virus_2989482,host_175524): 0 -> 1
Cell (virus_2989482,host_186990): 0 -> 1
Cell (virus_2989482,host_270698): 0 -> 1
Cell (virus_2989482,host_334201): 0 -> 1
Cell (virus_2989482,host_249020): 0 -> 1
Cell (virus_2989482,host_584995): 0 -> 1
Cell (virus_2989482,host_463808): 0 -> 1
Cell (virus_2989482,host_58069): 0 -> 1
Cell (virus_2989482,host_376555): 0 -> 1
Cell (virus_2989482,host_169756): 0 -> 1
Cell (virus_2989482,host_188570): 0 -> 1
Cell (virus_2989482,host_196296): 0 -> 1
Cell (virus_2989482,host_337452): 0 -> 1
Cell (virus_2989482,host_320431): 0 -> 1
Cell (virus_2989482,host_476589): 0 -> 1
Cell (virus_2989482,host_188571): 0 -> 1
Cell (virus_2989482,host_249024): 0 -> 1
Cell (virus_2989482,host_2603865): 0 -> 1
Cell (virus_2989482,host_2603866): 0 -> 1
Cell (virus_2989482,host_519041): 0 -> 1
Cell (virus_2989482,host_302408): 0 -> 1
Cell (virus_2989482,host_59479): 0 -> 1
Cell (virus_2989482,host_519037): 0 -> 1
Cell (virus_2989482,host_337453): 0 -> 1
Cell (virus_2989482,host_430492): 0 -> 1
Cell (virus_2989482,host_77218): 0 -> 1
Cell (virus_2989482,host_1195082): 0 -> 1
Cell (virus_2989482,host_549403): 0 -> 1
Cell (virus_2989482,host_124756): 0 -> 1
Cell (virus_2989482,host_328804): 0 -> 1
Cell (virus_2989482,host_9403): 0 -> 1
Cell (virus_2989482,host_326083): 0 -> 1
Cell (virus_2989482,host_1381355): 0 -> 1
Cell (virus_2989482,host_187003): 0 -> 1
Cell (virus_2989482,host_907075): 0 -> 1
Cell (virus_2989482,host_1884717): 0 -> 1
Cell (virus_2989482,host_59476): 0 -> 1
Cell (virus_2989482,host_177160): 0 -> 1
Cell (virus_2989482,host_2994998): 0 -> 1
Cell (virus_2989482,host_3042450): 0 -> 1
Cell (virus_2989482,host_59472): 0 -> 1
Cell (virus_2989482,host_9414): 0 -> 1
Cell (virus_2989482,host_1434095): 0 -> 1
Cell (virus_2989482,host_221087): 0 -> 1
Cell (virus_2989482,host_187007): 0 -> 1
Cell (virus_2989482,host_187008): 0 -> 1
Cell (virus_2989482,host_258934): 0 -> 1
Cell (virus_2989482,host_479723): 0 -> 1
Cell (virus_2989482,host_3041509): 0 -> 1
Cell (virus_2989482,host_2218597): 0 -> 1
Cell (virus_2989482,host_258867): 0 -> 1
Cell (virus_2989482,host_242384): 0 -> 1
Cell (virus_2989482,host_258863): 0 -> 1
Cell (virus_2989482,host_452595): 0 -> 1
Cell (virus_2989482,host_9438): 0 -> 1
Cell (virus_2989482,host_153297): 0 -> 1
Cell (virus_2989482,host_258952): 0 -> 1
Cell (virus_2989482,host_249033): 0 -> 1
Cell (virus_2989482,host_258930): 0 -> 1
Cell (virus_2989482,host_61862): 0 -> 1
Cell (virus_2989482,host_109485): 0 -> 1
Cell (virus_2989482,host_59474): 0 -> 1
Cell (virus_2989482,host_999321): 0 -> 1
Cell (virus_2989482,host_143942): 0 -> 1
Cell (virus_2989482,host_2491053): 0 -> 1
Cell (virus_2989482,host_110938): 0 -> 1
Cell (virus_2989482,host_258959): 0 -> 1
Cell (virus_2989482,host_526822): 0 -> 1
Cell (virus_3433784,host_105273): 0 -> 1
Cell (virus_3433784,host_258946): 0 -> 1
Cell (virus_3433784,host_109478): 0 -> 1
Cell (virus_3433784,host_9435): 0 -> 1
Cell (virus_3433784,host_59463): 0 -> 1
Cell (virus_3433784,host_109480): 0 -> 1
Cell (virus_3433784,host_1633875): 0 -> 1
Cell (virus_3433784,host_519446): 0 -> 1
Cell (virus_3433784,host_109482): 0 -> 1
Cell (virus_3433784,host_51298): 0 -> 1
Cell (virus_3433784,host_1911917): 0 -> 1
Cell (virus_3433784,host_203696): 0 -> 1
Cell (virus_3433784,host_452653): 0 -> 1
Cell (virus_3433784,host_138979): 0 -> 1
Cell (virus_3433784,host_155915): 0 -> 1
Cell (virus_3433784,host_225400): 0 -> 1
Cell (virus_3433784,host_155035): 0 -> 1
Cell (virus_3433784,host_258925): 0 -> 1
Cell (virus_3433784,host_177185): 0 -> 1
Cell (virus_3433784,host_187017): 0 -> 1
Cell (virus_3433784,host_110941): 0 -> 1
Cell (virus_3433784,host_2603869): 0 -> 1
Cell (virus_3433784,host_188568): 0 -> 1
Cell (virus_3433784,host_1207989): 0 -> 1
Cell (virus_3433784,host_188569): 0 -> 1
Cell (virus_3433784,host_59453): 0 -> 1
Cell (virus_3433784,host_175524): 0 -> 1
Cell (virus_3433784,host_186990): 0 -> 1
Cell (virus_3433784,host_270698): 0 -> 1
Cell (virus_3433784,host_334201): 0 -> 1
Cell (virus_3433784,host_249020): 0 -> 1
Cell (virus_3433784,host_584995): 0 -> 1
Cell (virus_3433784,host_463808): 0 -> 1
Cell (virus_3433784,host_58069): 0 -> 1
Cell (virus_3433784,host_376555): 0 -> 1
Cell (virus_3433784,host_169756): 0 -> 1
Cell (virus_3433784,host_188570): 0 -> 1
Cell (virus_3433784,host_196296): 0 -> 1
Cell (virus_3433784,host_337452): 0 -> 1
Cell (virus_3433784,host_320431): 0 -> 1
Cell (virus_3433784,host_476589): 0 -> 1
Cell (virus_3433784,host_188571): 0 -> 1
Cell (virus_3433784,host_249024): 0 -> 1
Cell (virus_3433784,host_2603865): 0 -> 1
Cell (virus_3433784,host_2603866): 0 -> 1
Cell (virus_3433784,host_519041): 0 -> 1
Cell (virus_3433784,host_302408): 0 -> 1
Cell (virus_3433784,host_59479): 0 -> 1
Cell (virus_3433784,host_519037): 0 -> 1
Cell (virus_3433784,host_337453): 0 -> 1
Cell (virus_3433784,host_430492): 0 -> 1
Cell (virus_3433784,host_77218): 0 -> 1
Cell (virus_3433784,host_1195082): 0 -> 1
Cell (virus_3433784,host_549403): 0 -> 1
Cell (virus_3433784,host_124756): 0 -> 1
Cell (virus_3433784,host_328804): 0 -> 1
Cell (virus_3433784,host_9403): 0 -> 1
Cell (virus_3433784,host_326083): 0 -> 1
Cell (virus_3433784,host_1381355): 0 -> 1
Cell (virus_3433784,host_187003): 0 -> 1
Cell (virus_3433784,host_907075): 0 -> 1
Cell (virus_3433784,host_59476): 0 -> 1
Cell (virus_3433784,host_177160): 0 -> 1
Cell (virus_3433784,host_2994998): 0 -> 1
Cell (virus_3433784,host_3042450): 0 -> 1
Cell (virus_3433784,host_59472): 0 -> 1
Cell (virus_3433784,host_9414): 0 -> 1
Cell (virus_3433784,host_1434095): 0 -> 1
Cell (virus_3433784,host_221087): 0 -> 1
Cell (virus_3433784,host_187007): 0 -> 1
Cell (virus_3433784,host_187008): 0 -> 1
Cell (virus_3433784,host_258934): 0 -> 1
Cell (virus_3433784,host_479723): 0 -> 1
Cell (virus_3433784,host_3041509): 0 -> 1
Cell (virus_3433784,host_2218597): 0 -> 1
Cell (virus_3433784,host_258867): 0 -> 1
Cell (virus_3433784,host_242384): 0 -> 1
Cell (virus_3433784,host_258863): 0 -> 1
Cell (virus_3433784,host_452595): 0 -> 1
Cell (virus_3433784,host_9438): 0 -> 1
Cell (virus_3433784,host_153297): 0 -> 1
Cell (virus_3433784,host_258952): 0 -> 1
Cell (virus_3433784,host_249033): 0 -> 1
Cell (virus_3433784,host_258930): 0 -> 1
Cell (virus_3433784,host_61862): 0 -> 1
Cell (virus_3433784,host_109485): 0 -> 1
Cell (virus_3433784,host_59474): 0 -> 1
Cell (virus_3433784,host_999321): 0 -> 1
Cell (virus_3433784,host_143942): 0 -> 1
Cell (virus_3433784,host_2491053): 0 -> 1
Cell (virus_3433784,host_110938): 0 -> 1
Cell (virus_3433784,host_258959): 0 -> 1
Cell (virus_3433784,host_526822): 0 -> 1
Cell (virus_2691588,host_105273): 0 -> 1
Cell (virus_2691588,host_109478): 0 -> 1
Cell (virus_2691588,host_9435): 0 -> 1
Cell (virus_2691588,host_59463): 0 -> 1
Cell (virus_2691588,host_109480): 0 -> 1
Cell (virus_2691588,host_1633875): 0 -> 1
Cell (virus_2691588,host_519446): 0 -> 1
Cell (virus_2691588,host_2528591): 0 -> 1
Cell (virus_2691588,host_51298): 0 -> 1
Cell (virus_2691588,host_1911917): 0 -> 1
Cell (virus_2691588,host_203696): 0 -> 1
Cell (virus_2691588,host_452653): 0 -> 1
Cell (virus_2691588,host_138979): 0 -> 1
Cell (virus_2691588,host_155915): 0 -> 1
Cell (virus_2691588,host_225400): 0 -> 1
Cell (virus_2691588,host_258925): 0 -> 1
Cell (virus_2691588,host_177185): 0 -> 1
Cell (virus_2691588,host_187017): 0 -> 1
Cell (virus_2691588,host_110941): 0 -> 1
Cell (virus_2691588,host_2603869): 0 -> 1
Cell (virus_2691588,host_188568): 0 -> 1
Cell (virus_2691588,host_1207989): 0 -> 1
Cell (virus_2691588,host_188569): 0 -> 1
Cell (virus_2691588,host_59453): 0 -> 1
Cell (virus_2691588,host_175524): 0 -> 1
Cell (virus_2691588,host_186990): 0 -> 1
Cell (virus_2691588,host_270698): 0 -> 1
Cell (virus_2691588,host_334201): 0 -> 1
Cell (virus_2691588,host_249020): 0 -> 1
Cell (virus_2691588,host_584995): 0 -> 1
Cell (virus_2691588,host_463808): 0 -> 1
Cell (virus_2691588,host_58069): 0 -> 1
Cell (virus_2691588,host_376555): 0 -> 1
Cell (virus_2691588,host_169756): 0 -> 1
Cell (virus_2691588,host_188570): 0 -> 1
Cell (virus_2691588,host_196296): 0 -> 1
Cell (virus_2691588,host_320431): 0 -> 1
Cell (virus_2691588,host_476589): 0 -> 1
Cell (virus_2691588,host_188571): 0 -> 1
Cell (virus_2691588,host_249024): 0 -> 1
Cell (virus_2691588,host_2603865): 0 -> 1
Cell (virus_2691588,host_2603866): 0 -> 1
Cell (virus_2691588,host_519041): 0 -> 1
Cell (virus_2691588,host_302408): 0 -> 1
Cell (virus_2691588,host_59479): 0 -> 1
Cell (virus_2691588,host_519037): 0 -> 1
Cell (virus_2691588,host_337453): 0 -> 1
Cell (virus_2691588,host_430492): 0 -> 1
Cell (virus_2691588,host_1195082): 0 -> 1
Cell (virus_2691588,host_549403): 0 -> 1
Cell (virus_2691588,host_124756): 0 -> 1
Cell (virus_2691588,host_328804): 0 -> 1
Cell (virus_2691588,host_9403): 0 -> 1
Cell (virus_2691588,host_326083): 0 -> 1
Cell (virus_2691588,host_1381355): 0 -> 1
Cell (virus_2691588,host_187003): 0 -> 1
Cell (virus_2691588,host_907075): 0 -> 1
Cell (virus_2691588,host_59476): 0 -> 1
Cell (virus_2691588,host_177160): 0 -> 1
Cell (virus_2691588,host_2994998): 0 -> 1
Cell (virus_2691588,host_3042450): 0 -> 1
Cell (virus_2691588,host_59472): 0 -> 1
Cell (virus_2691588,host_9414): 0 -> 1
Cell (virus_2691588,host_1434095): 0 -> 1
Cell (virus_2691588,host_291302): 0 -> 1
Cell (virus_2691588,host_221087): 0 -> 1
Cell (virus_2691588,host_187007): 0 -> 1
Cell (virus_2691588,host_187008): 0 -> 1
Cell (virus_2691588,host_258934): 0 -> 1
Cell (virus_2691588,host_479723): 0 -> 1
Cell (virus_2691588,host_124751): 0 -> 1
Cell (virus_2691588,host_3041509): 0 -> 1
Cell (virus_2691588,host_2218597): 0 -> 1
Cell (virus_2691588,host_258867): 0 -> 1
Cell (virus_2691588,host_242384): 0 -> 1
Cell (virus_2691588,host_258863): 0 -> 1
Cell (virus_2691588,host_452595): 0 -> 1
Cell (virus_2691588,host_9438): 0 -> 1
Cell (virus_2691588,host_153297): 0 -> 1
Cell (virus_2691588,host_258952): 0 -> 1
Cell (virus_2691588,host_249033): 0 -> 1
Cell (virus_2691588,host_258930): 0 -> 1
Cell (virus_2691588,host_61862): 0 -> 1
Cell (virus_2691588,host_109485): 0 -> 1
Cell (virus_2691588,host_59474): 0 -> 1
Cell (virus_2691588,host_999321): 0 -> 1
Cell (virus_2691588,host_867834): 0 -> 1
Cell (virus_2691588,host_143942): 0 -> 1
Cell (virus_2691588,host_2491053): 0 -> 1
Cell (virus_2691588,host_258959): 0 -> 1
Cell (virus_2691588,host_526822): 0 -> 1
Cell (virus_3433780,host_105273): 0 -> 1
Cell (virus_3433780,host_109478): 0 -> 1
Cell (virus_3433780,host_9435): 0 -> 1
Cell (virus_3433780,host_59463): 0 -> 1
Cell (virus_3433780,host_109480): 0 -> 1
Cell (virus_3433780,host_1633875): 0 -> 1
Cell (virus_3433780,host_519446): 0 -> 1
Cell (virus_3433780,host_2528591): 0 -> 1
Cell (virus_3433780,host_51298): 0 -> 1
Cell (virus_3433780,host_1911917): 0 -> 1
Cell (virus_3433780,host_203696): 0 -> 1
Cell (virus_3433780,host_452653): 0 -> 1
Cell (virus_3433780,host_138979): 0 -> 1
Cell (virus_3433780,host_155915): 0 -> 1
Cell (virus_3433780,host_225400): 0 -> 1
Cell (virus_3433780,host_258925): 0 -> 1
Cell (virus_3433780,host_177185): 0 -> 1
Cell (virus_3433780,host_187017): 0 -> 1
Cell (virus_3433780,host_110941): 0 -> 1
Cell (virus_3433780,host_2603869): 0 -> 1
Cell (virus_3433780,host_188568): 0 -> 1
Cell (virus_3433780,host_1207989): 0 -> 1
Cell (virus_3433780,host_188569): 0 -> 1
Cell (virus_3433780,host_59453): 0 -> 1
Cell (virus_3433780,host_175524): 0 -> 1
Cell (virus_3433780,host_186990): 0 -> 1
Cell (virus_3433780,host_270698): 0 -> 1
Cell (virus_3433780,host_334201): 0 -> 1
Cell (virus_3433780,host_249020): 0 -> 1
Cell (virus_3433780,host_584995): 0 -> 1
Cell (virus_3433780,host_463808): 0 -> 1
Cell (virus_3433780,host_58069): 0 -> 1
Cell (virus_3433780,host_376555): 0 -> 1
Cell (virus_3433780,host_169756): 0 -> 1
Cell (virus_3433780,host_188570): 0 -> 1
Cell (virus_3433780,host_196296): 0 -> 1
Cell (virus_3433780,host_320431): 0 -> 1
Cell (virus_3433780,host_476589): 0 -> 1
Cell (virus_3433780,host_188571): 0 -> 1
Cell (virus_3433780,host_249024): 0 -> 1
Cell (virus_3433780,host_2603865): 0 -> 1
Cell (virus_3433780,host_2603866): 0 -> 1
Cell (virus_3433780,host_519041): 0 -> 1
Cell (virus_3433780,host_302408): 0 -> 1
Cell (virus_3433780,host_59479): 0 -> 1
Cell (virus_3433780,host_519037): 0 -> 1
Cell (virus_3433780,host_337453): 0 -> 1
Cell (virus_3433780,host_430492): 0 -> 1
Cell (virus_3433780,host_1195082): 0 -> 1
Cell (virus_3433780,host_549403): 0 -> 1
Cell (virus_3433780,host_124756): 0 -> 1
Cell (virus_3433780,host_328804): 0 -> 1
Cell (virus_3433780,host_9403): 0 -> 1
Cell (virus_3433780,host_326083): 0 -> 1
Cell (virus_3433780,host_1381355): 0 -> 1
Cell (virus_3433780,host_187003): 0 -> 1
Cell (virus_3433780,host_907075): 0 -> 1
Cell (virus_3433780,host_59476): 0 -> 1
Cell (virus_3433780,host_177160): 0 -> 1
Cell (virus_3433780,host_2994998): 0 -> 1
Cell (virus_3433780,host_3042450): 0 -> 1
Cell (virus_3433780,host_59472): 0 -> 1
Cell (virus_3433780,host_9414): 0 -> 1
Cell (virus_3433780,host_1434095): 0 -> 1
Cell (virus_3433780,host_291302): 0 -> 1
Cell (virus_3433780,host_221087): 0 -> 1
Cell (virus_3433780,host_187007): 0 -> 1
Cell (virus_3433780,host_187008): 0 -> 1
Cell (virus_3433780,host_258934): 0 -> 1
Cell (virus_3433780,host_479723): 0 -> 1
Cell (virus_3433780,host_124751): 0 -> 1
Cell (virus_3433780,host_3041509): 0 -> 1
Cell (virus_3433780,host_2218597): 0 -> 1
Cell (virus_3433780,host_258867): 0 -> 1
Cell (virus_3433780,host_242384): 0 -> 1
Cell (virus_3433780,host_258863): 0 -> 1
Cell (virus_3433780,host_452595): 0 -> 1
Cell (virus_3433780,host_9438): 0 -> 1
Cell (virus_3433780,host_153297): 0 -> 1
Cell (virus_3433780,host_258952): 0 -> 1
Cell (virus_3433780,host_249033): 0 -> 1
Cell (virus_3433780,host_258930): 0 -> 1
Cell (virus_3433780,host_61862): 0 -> 1
Cell (virus_3433780,host_109485): 0 -> 1
Cell (virus_3433780,host_59474): 0 -> 1
Cell (virus_3433780,host_999321): 0 -> 1
Cell (virus_3433780,host_867834): 0 -> 1
Cell (virus_3433780,host_143942): 0 -> 1
Cell (virus_3433780,host_2491053): 0 -> 1
Cell (virus_3433780,host_258959): 0 -> 1
Cell (virus_3433780,host_526822): 0 -> 1
Cell (virus_694000,host_105273): 0 -> 1
Cell (virus_694000,host_109478): 0 -> 1
Cell (virus_694000,host_9435): 0 -> 1
Cell (virus_694000,host_59463): 0 -> 1
Cell (virus_694000,host_109480): 0 -> 1
Cell (virus_694000,host_1633875): 0 -> 1
Cell (virus_694000,host_519446): 0 -> 1
Cell (virus_694000,host_2528591): 0 -> 1
Cell (virus_694000,host_51298): 0 -> 1
Cell (virus_694000,host_1911917): 0 -> 1
Cell (virus_694000,host_203696): 0 -> 1
Cell (virus_694000,host_452653): 0 -> 1
Cell (virus_694000,host_138979): 0 -> 1
Cell (virus_694000,host_155915): 0 -> 1
Cell (virus_694000,host_225400): 0 -> 1
Cell (virus_694000,host_258925): 0 -> 1
Cell (virus_694000,host_177185): 0 -> 1
Cell (virus_694000,host_187017): 0 -> 1
Cell (virus_694000,host_110941): 0 -> 1
Cell (virus_694000,host_2603869): 0 -> 1
Cell (virus_694000,host_188568): 0 -> 1
Cell (virus_694000,host_1207989): 0 -> 1
Cell (virus_694000,host_188569): 0 -> 1
Cell (virus_694000,host_59453): 0 -> 1
Cell (virus_694000,host_175524): 0 -> 1
Cell (virus_694000,host_186990): 0 -> 1
Cell (virus_694000,host_270698): 0 -> 1
Cell (virus_694000,host_334201): 0 -> 1
Cell (virus_694000,host_249020): 0 -> 1
Cell (virus_694000,host_584995): 0 -> 1
Cell (virus_694000,host_463808): 0 -> 1
Cell (virus_694000,host_58069): 0 -> 1
Cell (virus_694000,host_376555): 0 -> 1
Cell (virus_694000,host_169756): 0 -> 1
Cell (virus_694000,host_188570): 0 -> 1
Cell (virus_694000,host_196296): 0 -> 1
Cell (virus_694000,host_320431): 0 -> 1
Cell (virus_694000,host_476589): 0 -> 1
Cell (virus_694000,host_188571): 0 -> 1
Cell (virus_694000,host_249024): 0 -> 1
Cell (virus_694000,host_2603865): 0 -> 1
Cell (virus_694000,host_2603866): 0 -> 1
Cell (virus_694000,host_519041): 0 -> 1
Cell (virus_694000,host_302408): 0 -> 1
Cell (virus_694000,host_59479): 0 -> 1
Cell (virus_694000,host_519037): 0 -> 1
Cell (virus_694000,host_337453): 0 -> 1
Cell (virus_694000,host_430492): 0 -> 1
Cell (virus_694000,host_1195082): 0 -> 1
Cell (virus_694000,host_549403): 0 -> 1
Cell (virus_694000,host_124756): 0 -> 1
Cell (virus_694000,host_328804): 0 -> 1
Cell (virus_694000,host_9403): 0 -> 1
Cell (virus_694000,host_326083): 0 -> 1
Cell (virus_694000,host_1381355): 0 -> 1
Cell (virus_694000,host_187003): 0 -> 1
Cell (virus_694000,host_907075): 0 -> 1
Cell (virus_694000,host_59476): 0 -> 1
Cell (virus_694000,host_177160): 0 -> 1
Cell (virus_694000,host_2994998): 0 -> 1
Cell (virus_694000,host_3042450): 0 -> 1
Cell (virus_694000,host_59472): 0 -> 1
Cell (virus_694000,host_9414): 0 -> 1
Cell (virus_694000,host_1434095): 0 -> 1
Cell (virus_694000,host_291302): 0 -> 1
Cell (virus_694000,host_221087): 0 -> 1
Cell (virus_694000,host_187007): 0 -> 1
Cell (virus_694000,host_187008): 0 -> 1
Cell (virus_694000,host_258934): 0 -> 1
Cell (virus_694000,host_479723): 0 -> 1
Cell (virus_694000,host_124751): 0 -> 1
Cell (virus_694000,host_3041509): 0 -> 1
Cell (virus_694000,host_2218597): 0 -> 1
Cell (virus_694000,host_258867): 0 -> 1
Cell (virus_694000,host_242384): 0 -> 1
Cell (virus_694000,host_258863): 0 -> 1
Cell (virus_694000,host_452595): 0 -> 1
Cell (virus_694000,host_9438): 0 -> 1
Cell (virus_694000,host_153297): 0 -> 1
Cell (virus_694000,host_258952): 0 -> 1
Cell (virus_694000,host_249033): 0 -> 1
Cell (virus_694000,host_258930): 0 -> 1
Cell (virus_694000,host_61862): 0 -> 1
Cell (virus_694000,host_109485): 0 -> 1
Cell (virus_694000,host_59474): 0 -> 1
Cell (virus_694000,host_999321): 0 -> 1
Cell (virus_694000,host_867834): 0 -> 1
Cell (virus_694000,host_143942): 0 -> 1
Cell (virus_694000,host_2491053): 0 -> 1
Cell (virus_694000,host_258959): 0 -> 1
Cell (virus_694000,host_526822): 0 -> 1
Cell (virus_3119327,host_105273): 0 -> 1
Cell (virus_3119327,host_109478): 0 -> 1
Cell (virus_3119327,host_9435): 0 -> 1
Cell (virus_3119327,host_59463): 0 -> 1
Cell (virus_3119327,host_109480): 0 -> 1
Cell (virus_3119327,host_1633875): 0 -> 1
Cell (virus_3119327,host_519446): 0 -> 1
Cell (virus_3119327,host_2528591): 0 -> 1
Cell (virus_3119327,host_109482): 0 -> 1
Cell (virus_3119327,host_51298): 0 -> 1
Cell (virus_3119327,host_1911917): 0 -> 1
Cell (virus_3119327,host_203696): 0 -> 1
Cell (virus_3119327,host_452653): 0 -> 1
Cell (virus_3119327,host_138979): 0 -> 1
Cell (virus_3119327,host_155915): 0 -> 1
Cell (virus_3119327,host_225400): 0 -> 1
Cell (virus_3119327,host_155035): 0 -> 1
Cell (virus_3119327,host_258925): 0 -> 1
Cell (virus_3119327,host_177185): 0 -> 1
Cell (virus_3119327,host_187017): 0 -> 1
Cell (virus_3119327,host_110941): 0 -> 1
Cell (virus_3119327,host_2603869): 0 -> 1
Cell (virus_3119327,host_188568): 0 -> 1
Cell (virus_3119327,host_1207989): 0 -> 1
Cell (virus_3119327,host_188569): 0 -> 1
Cell (virus_3119327,host_59453): 0 -> 1
Cell (virus_3119327,host_175524): 0 -> 1
Cell (virus_3119327,host_186990): 0 -> 1
Cell (virus_3119327,host_270698): 0 -> 1
Cell (virus_3119327,host_334201): 0 -> 1
Cell (virus_3119327,host_249020): 0 -> 1
Cell (virus_3119327,host_584995): 0 -> 1
Cell (virus_3119327,host_463808): 0 -> 1
Cell (virus_3119327,host_58069): 0 -> 1
Cell (virus_3119327,host_376555): 0 -> 1
Cell (virus_3119327,host_169756): 0 -> 1
Cell (virus_3119327,host_188570): 0 -> 1
Cell (virus_3119327,host_196296): 0 -> 1
Cell (virus_3119327,host_320431): 0 -> 1
Cell (virus_3119327,host_476589): 0 -> 1
Cell (virus_3119327,host_188571): 0 -> 1
Cell (virus_3119327,host_249024): 0 -> 1
Cell (virus_3119327,host_2603865): 0 -> 1
Cell (virus_3119327,host_2603866): 0 -> 1
Cell (virus_3119327,host_519041): 0 -> 1
Cell (virus_3119327,host_302408): 0 -> 1
Cell (virus_3119327,host_59479): 0 -> 1
Cell (virus_3119327,host_519037): 0 -> 1
Cell (virus_3119327,host_337453): 0 -> 1
Cell (virus_3119327,host_430492): 0 -> 1
Cell (virus_3119327,host_77218): 0 -> 1
Cell (virus_3119327,host_1195082): 0 -> 1
Cell (virus_3119327,host_549403): 0 -> 1
Cell (virus_3119327,host_124756): 0 -> 1
Cell (virus_3119327,host_328804): 0 -> 1
Cell (virus_3119327,host_9403): 0 -> 1
Cell (virus_3119327,host_326083): 0 -> 1
Cell (virus_3119327,host_1381355): 0 -> 1
Cell (virus_3119327,host_187003): 0 -> 1
Cell (virus_3119327,host_907075): 0 -> 1
Cell (virus_3119327,host_59476): 0 -> 1
Cell (virus_3119327,host_177160): 0 -> 1
Cell (virus_3119327,host_2994998): 0 -> 1
Cell (virus_3119327,host_3042450): 0 -> 1
Cell (virus_3119327,host_59472): 0 -> 1
Cell (virus_3119327,host_9414): 0 -> 1
Cell (virus_3119327,host_1434095): 0 -> 1
Cell (virus_3119327,host_291302): 0 -> 1
Cell (virus_3119327,host_221087): 0 -> 1
Cell (virus_3119327,host_187007): 0 -> 1
Cell (virus_3119327,host_187008): 0 -> 1
Cell (virus_3119327,host_258934): 0 -> 1
Cell (virus_3119327,host_479723): 0 -> 1
Cell (virus_3119327,host_124751): 0 -> 1
Cell (virus_3119327,host_3041509): 0 -> 1
Cell (virus_3119327,host_2218597): 0 -> 1
Cell (virus_3119327,host_258867): 0 -> 1
Cell (virus_3119327,host_242384): 0 -> 1
Cell (virus_3119327,host_258863): 0 -> 1
Cell (virus_3119327,host_452595): 0 -> 1
Cell (virus_3119327,host_9438): 0 -> 1
Cell (virus_3119327,host_153297): 0 -> 1
Cell (virus_3119327,host_258952): 0 -> 1
Cell (virus_3119327,host_249033): 0 -> 1
Cell (virus_3119327,host_258930): 0 -> 1
Cell (virus_3119327,host_61862): 0 -> 1
Cell (virus_3119327,host_109485): 0 -> 1
Cell (virus_3119327,host_59474): 0 -> 1
Cell (virus_3119327,host_999321): 0 -> 1
Cell (virus_3119327,host_867834): 0 -> 1
Cell (virus_3119327,host_143942): 0 -> 1
Cell (virus_3119327,host_2491053): 0 -> 1
Cell (virus_3119327,host_258959): 0 -> 1
Cell (virus_3119327,host_526822): 0 -> 1
Cell (virus_2809631,host_105273): 0 -> 1
Cell (virus_2809631,host_109478): 0 -> 1
Cell (virus_2809631,host_9435): 0 -> 1
Cell (virus_2809631,host_59463): 0 -> 1
Cell (virus_2809631,host_109480): 0 -> 1
Cell (virus_2809631,host_1633875): 0 -> 1
Cell (virus_2809631,host_519446): 0 -> 1
Cell (virus_2809631,host_2528591): 0 -> 1
Cell (virus_2809631,host_109482): 0 -> 1
Cell (virus_2809631,host_51298): 0 -> 1
Cell (virus_2809631,host_1911917): 0 -> 1
Cell (virus_2809631,host_203696): 0 -> 1
Cell (virus_2809631,host_452653): 0 -> 1
Cell (virus_2809631,host_138979): 0 -> 1
Cell (virus_2809631,host_155915): 0 -> 1
Cell (virus_2809631,host_225400): 0 -> 1
Cell (virus_2809631,host_155035): 0 -> 1
Cell (virus_2809631,host_258925): 0 -> 1
Cell (virus_2809631,host_177185): 0 -> 1
Cell (virus_2809631,host_187017): 0 -> 1
Cell (virus_2809631,host_110941): 0 -> 1
Cell (virus_2809631,host_2603869): 0 -> 1
Cell (virus_2809631,host_188568): 0 -> 1
Cell (virus_2809631,host_1207989): 0 -> 1
Cell (virus_2809631,host_188569): 0 -> 1
Cell (virus_2809631,host_59453): 0 -> 1
Cell (virus_2809631,host_175524): 0 -> 1
Cell (virus_2809631,host_186990): 0 -> 1
Cell (virus_2809631,host_270698): 0 -> 1
Cell (virus_2809631,host_334201): 0 -> 1
Cell (virus_2809631,host_249020): 0 -> 1
Cell (virus_2809631,host_584995): 0 -> 1
Cell (virus_2809631,host_463808): 0 -> 1
Cell (virus_2809631,host_58069): 0 -> 1
Cell (virus_2809631,host_376555): 0 -> 1
Cell (virus_2809631,host_169756): 0 -> 1
Cell (virus_2809631,host_188570): 0 -> 1
Cell (virus_2809631,host_196296): 0 -> 1
Cell (virus_2809631,host_320431): 0 -> 1
Cell (virus_2809631,host_476589): 0 -> 1
Cell (virus_2809631,host_188571): 0 -> 1
Cell (virus_2809631,host_249024): 0 -> 1
Cell (virus_2809631,host_2603865): 0 -> 1
Cell (virus_2809631,host_2603866): 0 -> 1
Cell (virus_2809631,host_519041): 0 -> 1
Cell (virus_2809631,host_302408): 0 -> 1
Cell (virus_2809631,host_59479): 0 -> 1
Cell (virus_2809631,host_519037): 0 -> 1
Cell (virus_2809631,host_337453): 0 -> 1
Cell (virus_2809631,host_430492): 0 -> 1
Cell (virus_2809631,host_77218): 0 -> 1
Cell (virus_2809631,host_1195082): 0 -> 1
Cell (virus_2809631,host_549403): 0 -> 1
Cell (virus_2809631,host_124756): 0 -> 1
Cell (virus_2809631,host_328804): 0 -> 1
Cell (virus_2809631,host_9403): 0 -> 1
Cell (virus_2809631,host_326083): 0 -> 1
Cell (virus_2809631,host_1381355): 0 -> 1
Cell (virus_2809631,host_187003): 0 -> 1
Cell (virus_2809631,host_907075): 0 -> 1
Cell (virus_2809631,host_59476): 0 -> 1
Cell (virus_2809631,host_177160): 0 -> 1
Cell (virus_2809631,host_2994998): 0 -> 1
Cell (virus_2809631,host_3042450): 0 -> 1
Cell (virus_2809631,host_59472): 0 -> 1
Cell (virus_2809631,host_9414): 0 -> 1
Cell (virus_2809631,host_1434095): 0 -> 1
Cell (virus_2809631,host_291302): 0 -> 1
Cell (virus_2809631,host_221087): 0 -> 1
Cell (virus_2809631,host_187007): 0 -> 1
Cell (virus_2809631,host_187008): 0 -> 1
Cell (virus_2809631,host_258934): 0 -> 1
Cell (virus_2809631,host_479723): 0 -> 1
Cell (virus_2809631,host_124751): 0 -> 1
Cell (virus_2809631,host_3041509): 0 -> 1
Cell (virus_2809631,host_2218597): 0 -> 1
Cell (virus_2809631,host_258867): 0 -> 1
Cell (virus_2809631,host_242384): 0 -> 1
Cell (virus_2809631,host_258863): 0 -> 1
Cell (virus_2809631,host_452595): 0 -> 1
Cell (virus_2809631,host_9438): 0 -> 1
Cell (virus_2809631,host_153297): 0 -> 1
Cell (virus_2809631,host_258952): 0 -> 1
Cell (virus_2809631,host_249033): 0 -> 1
Cell (virus_2809631,host_258930): 0 -> 1
Cell (virus_2809631,host_61862): 0 -> 1
Cell (virus_2809631,host_109485): 0 -> 1
Cell (virus_2809631,host_59474): 0 -> 1
Cell (virus_2809631,host_999321): 0 -> 1
Cell (virus_2809631,host_143942): 0 -> 1
Cell (virus_2809631,host_2491053): 0 -> 1
Cell (virus_2809631,host_258959): 0 -> 1
Cell (virus_2809631,host_526822): 0 -> 1
Cell (virus_3433779,host_105273): 0 -> 1
Cell (virus_3433779,host_109478): 0 -> 1
Cell (virus_3433779,host_9435): 0 -> 1
Cell (virus_3433779,host_59463): 0 -> 1
Cell (virus_3433779,host_109480): 0 -> 1
Cell (virus_3433779,host_1633875): 0 -> 1
Cell (virus_3433779,host_519446): 0 -> 1
Cell (virus_3433779,host_2528591): 0 -> 1
Cell (virus_3433779,host_109482): 0 -> 1
Cell (virus_3433779,host_51298): 0 -> 1
Cell (virus_3433779,host_1911917): 0 -> 1
Cell (virus_3433779,host_203696): 0 -> 1
Cell (virus_3433779,host_452653): 0 -> 1
Cell (virus_3433779,host_138979): 0 -> 1
Cell (virus_3433779,host_155915): 0 -> 1
Cell (virus_3433779,host_225400): 0 -> 1
Cell (virus_3433779,host_155035): 0 -> 1
Cell (virus_3433779,host_258925): 0 -> 1
Cell (virus_3433779,host_177185): 0 -> 1
Cell (virus_3433779,host_187017): 0 -> 1
Cell (virus_3433779,host_110941): 0 -> 1
Cell (virus_3433779,host_2603869): 0 -> 1
Cell (virus_3433779,host_188568): 0 -> 1
Cell (virus_3433779,host_1207989): 0 -> 1
Cell (virus_3433779,host_188569): 0 -> 1
Cell (virus_3433779,host_59453): 0 -> 1
Cell (virus_3433779,host_175524): 0 -> 1
Cell (virus_3433779,host_186990): 0 -> 1
Cell (virus_3433779,host_270698): 0 -> 1
Cell (virus_3433779,host_334201): 0 -> 1
Cell (virus_3433779,host_249020): 0 -> 1
Cell (virus_3433779,host_584995): 0 -> 1
Cell (virus_3433779,host_463808): 0 -> 1
Cell (virus_3433779,host_58069): 0 -> 1
Cell (virus_3433779,host_376555): 0 -> 1
Cell (virus_3433779,host_169756): 0 -> 1
Cell (virus_3433779,host_188570): 0 -> 1
Cell (virus_3433779,host_196296): 0 -> 1
Cell (virus_3433779,host_320431): 0 -> 1
Cell (virus_3433779,host_476589): 0 -> 1
Cell (virus_3433779,host_188571): 0 -> 1
Cell (virus_3433779,host_249024): 0 -> 1
Cell (virus_3433779,host_2603865): 0 -> 1
Cell (virus_3433779,host_2603866): 0 -> 1
Cell (virus_3433779,host_519041): 0 -> 1
Cell (virus_3433779,host_302408): 0 -> 1
Cell (virus_3433779,host_59479): 0 -> 1
Cell (virus_3433779,host_519037): 0 -> 1
Cell (virus_3433779,host_337453): 0 -> 1
Cell (virus_3433779,host_430492): 0 -> 1
Cell (virus_3433779,host_77218): 0 -> 1
Cell (virus_3433779,host_1195082): 0 -> 1
Cell (virus_3433779,host_549403): 0 -> 1
Cell (virus_3433779,host_124756): 0 -> 1
Cell (virus_3433779,host_328804): 0 -> 1
Cell (virus_3433779,host_9403): 0 -> 1
Cell (virus_3433779,host_326083): 0 -> 1
Cell (virus_3433779,host_1381355): 0 -> 1
Cell (virus_3433779,host_187003): 0 -> 1
Cell (virus_3433779,host_907075): 0 -> 1
Cell (virus_3433779,host_59476): 0 -> 1
Cell (virus_3433779,host_177160): 0 -> 1
Cell (virus_3433779,host_2994998): 0 -> 1
Cell (virus_3433779,host_3042450): 0 -> 1
Cell (virus_3433779,host_59472): 0 -> 1
Cell (virus_3433779,host_9414): 0 -> 1
Cell (virus_3433779,host_1434095): 0 -> 1
Cell (virus_3433779,host_291302): 0 -> 1
Cell (virus_3433779,host_221087): 0 -> 1
Cell (virus_3433779,host_187007): 0 -> 1
Cell (virus_3433779,host_187008): 0 -> 1
Cell (virus_3433779,host_258934): 0 -> 1
Cell (virus_3433779,host_479723): 0 -> 1
Cell (virus_3433779,host_124751): 0 -> 1
Cell (virus_3433779,host_3041509): 0 -> 1
Cell (virus_3433779,host_2218597): 0 -> 1
Cell (virus_3433779,host_258867): 0 -> 1
Cell (virus_3433779,host_242384): 0 -> 1
Cell (virus_3433779,host_258863): 0 -> 1
Cell (virus_3433779,host_452595): 0 -> 1
Cell (virus_3433779,host_9438): 0 -> 1
Cell (virus_3433779,host_153297): 0 -> 1
Cell (virus_3433779,host_258952): 0 -> 1
Cell (virus_3433779,host_249033): 0 -> 1
Cell (virus_3433779,host_258930): 0 -> 1
Cell (virus_3433779,host_61862): 0 -> 1
Cell (virus_3433779,host_109485): 0 -> 1
Cell (virus_3433779,host_59474): 0 -> 1
Cell (virus_3433779,host_999321): 0 -> 1
Cell (virus_3433779,host_143942): 0 -> 1
Cell (virus_3433779,host_2491053): 0 -> 1
Cell (virus_3433779,host_258959): 0 -> 1
Cell (virus_3433779,host_526822): 0 -> 1
Cell (virus_694001,host_105273): 0 -> 1
Cell (virus_694001,host_109478): 0 -> 1
Cell (virus_694001,host_9435): 0 -> 1
Cell (virus_694001,host_59463): 0 -> 1
Cell (virus_694001,host_109480): 0 -> 1
Cell (virus_694001,host_1633875): 0 -> 1
Cell (virus_694001,host_519446): 0 -> 1
Cell (virus_694001,host_2528591): 0 -> 1
Cell (virus_694001,host_109482): 0 -> 1
Cell (virus_694001,host_51298): 0 -> 1
Cell (virus_694001,host_1911917): 0 -> 1
Cell (virus_694001,host_203696): 0 -> 1
Cell (virus_694001,host_452653): 0 -> 1
Cell (virus_694001,host_138979): 0 -> 1
Cell (virus_694001,host_155915): 0 -> 1
Cell (virus_694001,host_225400): 0 -> 1
Cell (virus_694001,host_155035): 0 -> 1
Cell (virus_694001,host_258925): 0 -> 1
Cell (virus_694001,host_177185): 0 -> 1
Cell (virus_694001,host_187017): 0 -> 1
Cell (virus_694001,host_110941): 0 -> 1
Cell (virus_694001,host_2603869): 0 -> 1
Cell (virus_694001,host_188568): 0 -> 1
Cell (virus_694001,host_1207989): 0 -> 1
Cell (virus_694001,host_188569): 0 -> 1
Cell (virus_694001,host_59453): 0 -> 1
Cell (virus_694001,host_175524): 0 -> 1
Cell (virus_694001,host_186990): 0 -> 1
Cell (virus_694001,host_270698): 0 -> 1
Cell (virus_694001,host_334201): 0 -> 1
Cell (virus_694001,host_249020): 0 -> 1
Cell (virus_694001,host_584995): 0 -> 1
Cell (virus_694001,host_463808): 0 -> 1
Cell (virus_694001,host_58069): 0 -> 1
Cell (virus_694001,host_376555): 0 -> 1
Cell (virus_694001,host_169756): 0 -> 1
Cell (virus_694001,host_188570): 0 -> 1
Cell (virus_694001,host_196296): 0 -> 1
Cell (virus_694001,host_320431): 0 -> 1
Cell (virus_694001,host_476589): 0 -> 1
Cell (virus_694001,host_188571): 0 -> 1
Cell (virus_694001,host_249024): 0 -> 1
Cell (virus_694001,host_2603865): 0 -> 1
Cell (virus_694001,host_2603866): 0 -> 1
Cell (virus_694001,host_519041): 0 -> 1
Cell (virus_694001,host_302408): 0 -> 1
Cell (virus_694001,host_59479): 0 -> 1
Cell (virus_694001,host_519037): 0 -> 1
Cell (virus_694001,host_337453): 0 -> 1
Cell (virus_694001,host_430492): 0 -> 1
Cell (virus_694001,host_77218): 0 -> 1
Cell (virus_694001,host_1195082): 0 -> 1
Cell (virus_694001,host_549403): 0 -> 1
Cell (virus_694001,host_124756): 0 -> 1
Cell (virus_694001,host_328804): 0 -> 1
Cell (virus_694001,host_9403): 0 -> 1
Cell (virus_694001,host_326083): 0 -> 1
Cell (virus_694001,host_1381355): 0 -> 1
Cell (virus_694001,host_187003): 0 -> 1
Cell (virus_694001,host_907075): 0 -> 1
Cell (virus_694001,host_59476): 0 -> 1
Cell (virus_694001,host_177160): 0 -> 1
Cell (virus_694001,host_2994998): 0 -> 1
Cell (virus_694001,host_3042450): 0 -> 1
Cell (virus_694001,host_59472): 0 -> 1
Cell (virus_694001,host_9414): 0 -> 1
Cell (virus_694001,host_1434095): 0 -> 1
Cell (virus_694001,host_291302): 0 -> 1
Cell (virus_694001,host_221087): 0 -> 1
Cell (virus_694001,host_187007): 0 -> 1
Cell (virus_694001,host_187008): 0 -> 1
Cell (virus_694001,host_258934): 0 -> 1
Cell (virus_694001,host_479723): 0 -> 1
Cell (virus_694001,host_124751): 0 -> 1
Cell (virus_694001,host_3041509): 0 -> 1
Cell (virus_694001,host_2218597): 0 -> 1
Cell (virus_694001,host_258867): 0 -> 1
Cell (virus_694001,host_242384): 0 -> 1
Cell (virus_694001,host_258863): 0 -> 1
Cell (virus_694001,host_452595): 0 -> 1
Cell (virus_694001,host_9438): 0 -> 1
Cell (virus_694001,host_153297): 0 -> 1
Cell (virus_694001,host_258952): 0 -> 1
Cell (virus_694001,host_249033): 0 -> 1
Cell (virus_694001,host_258930): 0 -> 1
Cell (virus_694001,host_61862): 0 -> 1
Cell (virus_694001,host_109485): 0 -> 1
Cell (virus_694001,host_59474): 0 -> 1
Cell (virus_694001,host_999321): 0 -> 1
Cell (virus_694001,host_143942): 0 -> 1
Cell (virus_694001,host_2491053): 0 -> 1
Cell (virus_694001,host_258959): 0 -> 1
Cell (virus_694001,host_526822): 0 -> 1
Cell (virus_3027594,host_105273): 0 -> 1
Cell (virus_3027594,host_109478): 0 -> 1
Cell (virus_3027594,host_9435): 0 -> 1
Cell (virus_3027594,host_59463): 0 -> 1
Cell (virus_3027594,host_109480): 0 -> 1
Cell (virus_3027594,host_1633875): 0 -> 1
Cell (virus_3027594,host_519446): 0 -> 1
Cell (virus_3027594,host_2528591): 0 -> 1
Cell (virus_3027594,host_109482): 0 -> 1
Cell (virus_3027594,host_51298): 0 -> 1
Cell (virus_3027594,host_1911917): 0 -> 1
Cell (virus_3027594,host_203696): 0 -> 1
Cell (virus_3027594,host_452653): 0 -> 1
Cell (virus_3027594,host_138979): 0 -> 1
Cell (virus_3027594,host_155915): 0 -> 1
Cell (virus_3027594,host_225400): 0 -> 1
Cell (virus_3027594,host_155035): 0 -> 1
Cell (virus_3027594,host_258925): 0 -> 1
Cell (virus_3027594,host_177185): 0 -> 1
Cell (virus_3027594,host_187017): 0 -> 1
Cell (virus_3027594,host_110941): 0 -> 1
Cell (virus_3027594,host_2603869): 0 -> 1
Cell (virus_3027594,host_188568): 0 -> 1
Cell (virus_3027594,host_1207989): 0 -> 1
Cell (virus_3027594,host_188569): 0 -> 1
Cell (virus_3027594,host_59453): 0 -> 1
Cell (virus_3027594,host_175524): 0 -> 1
Cell (virus_3027594,host_186990): 0 -> 1
Cell (virus_3027594,host_270698): 0 -> 1
Cell (virus_3027594,host_334201): 0 -> 1
Cell (virus_3027594,host_249020): 0 -> 1
Cell (virus_3027594,host_584995): 0 -> 1
Cell (virus_3027594,host_463808): 0 -> 1
Cell (virus_3027594,host_58069): 0 -> 1
Cell (virus_3027594,host_376555): 0 -> 1
Cell (virus_3027594,host_169756): 0 -> 1
Cell (virus_3027594,host_188570): 0 -> 1
Cell (virus_3027594,host_196296): 0 -> 1
Cell (virus_3027594,host_320431): 0 -> 1
Cell (virus_3027594,host_476589): 0 -> 1
Cell (virus_3027594,host_188571): 0 -> 1
Cell (virus_3027594,host_249024): 0 -> 1
Cell (virus_3027594,host_2603865): 0 -> 1
Cell (virus_3027594,host_2603866): 0 -> 1
Cell (virus_3027594,host_519041): 0 -> 1
Cell (virus_3027594,host_302408): 0 -> 1
Cell (virus_3027594,host_59479): 0 -> 1
Cell (virus_3027594,host_519037): 0 -> 1
Cell (virus_3027594,host_337453): 0 -> 1
Cell (virus_3027594,host_430492): 0 -> 1
Cell (virus_3027594,host_77218): 0 -> 1
Cell (virus_3027594,host_1195082): 0 -> 1
Cell (virus_3027594,host_549403): 0 -> 1
Cell (virus_3027594,host_124756): 0 -> 1
Cell (virus_3027594,host_328804): 0 -> 1
Cell (virus_3027594,host_9403): 0 -> 1
Cell (virus_3027594,host_326083): 0 -> 1
Cell (virus_3027594,host_1381355): 0 -> 1
Cell (virus_3027594,host_187003): 0 -> 1
Cell (virus_3027594,host_907075): 0 -> 1
Cell (virus_3027594,host_59476): 0 -> 1
Cell (virus_3027594,host_177160): 0 -> 1
Cell (virus_3027594,host_2994998): 0 -> 1
Cell (virus_3027594,host_3042450): 0 -> 1
Cell (virus_3027594,host_59472): 0 -> 1
Cell (virus_3027594,host_9414): 0 -> 1
Cell (virus_3027594,host_1434095): 0 -> 1
Cell (virus_3027594,host_291302): 0 -> 1
Cell (virus_3027594,host_221087): 0 -> 1
Cell (virus_3027594,host_187007): 0 -> 1
Cell (virus_3027594,host_187008): 0 -> 1
Cell (virus_3027594,host_258934): 0 -> 1
Cell (virus_3027594,host_479723): 0 -> 1
Cell (virus_3027594,host_124751): 0 -> 1
Cell (virus_3027594,host_3041509): 0 -> 1
Cell (virus_3027594,host_2218597): 0 -> 1
Cell (virus_3027594,host_258867): 0 -> 1
Cell (virus_3027594,host_242384): 0 -> 1
Cell (virus_3027594,host_258863): 0 -> 1
Cell (virus_3027594,host_452595): 0 -> 1
Cell (virus_3027594,host_9438): 0 -> 1
Cell (virus_3027594,host_153297): 0 -> 1
Cell (virus_3027594,host_258952): 0 -> 1
Cell (virus_3027594,host_249033): 0 -> 1
Cell (virus_3027594,host_258930): 0 -> 1
Cell (virus_3027594,host_61862): 0 -> 1
Cell (virus_3027594,host_109485): 0 -> 1
Cell (virus_3027594,host_59474): 0 -> 1
Cell (virus_3027594,host_999321): 0 -> 1
Cell (virus_3027594,host_143942): 0 -> 1
Cell (virus_3027594,host_2491053): 0 -> 1
Cell (virus_3027594,host_258959): 0 -> 1
Cell (virus_3027594,host_526822): 0 -> 1
Cell (virus_3433782,host_105273): 0 -> 1
Cell (virus_3433782,host_109478): 0 -> 1
Cell (virus_3433782,host_9435): 0 -> 1
Cell (virus_3433782,host_59463): 0 -> 1
Cell (virus_3433782,host_109480): 0 -> 1
Cell (virus_3433782,host_1633875): 0 -> 1
Cell (virus_3433782,host_519446): 0 -> 1
Cell (virus_3433782,host_2528591): 0 -> 1
Cell (virus_3433782,host_109482): 0 -> 1
Cell (virus_3433782,host_51298): 0 -> 1
Cell (virus_3433782,host_1911917): 0 -> 1
Cell (virus_3433782,host_203696): 0 -> 1
Cell (virus_3433782,host_452653): 0 -> 1
Cell (virus_3433782,host_138979): 0 -> 1
Cell (virus_3433782,host_155915): 0 -> 1
Cell (virus_3433782,host_225400): 0 -> 1
Cell (virus_3433782,host_155035): 0 -> 1
Cell (virus_3433782,host_258925): 0 -> 1
Cell (virus_3433782,host_177185): 0 -> 1
Cell (virus_3433782,host_187017): 0 -> 1
Cell (virus_3433782,host_110941): 0 -> 1
Cell (virus_3433782,host_2603869): 0 -> 1
Cell (virus_3433782,host_188568): 0 -> 1
Cell (virus_3433782,host_1207989): 0 -> 1
Cell (virus_3433782,host_188569): 0 -> 1
Cell (virus_3433782,host_59453): 0 -> 1
Cell (virus_3433782,host_175524): 0 -> 1
Cell (virus_3433782,host_186990): 0 -> 1
Cell (virus_3433782,host_270698): 0 -> 1
Cell (virus_3433782,host_334201): 0 -> 1
Cell (virus_3433782,host_249020): 0 -> 1
Cell (virus_3433782,host_584995): 0 -> 1
Cell (virus_3433782,host_463808): 0 -> 1
Cell (virus_3433782,host_58069): 0 -> 1
Cell (virus_3433782,host_376555): 0 -> 1
Cell (virus_3433782,host_169756): 0 -> 1
Cell (virus_3433782,host_188570): 0 -> 1
Cell (virus_3433782,host_196296): 0 -> 1
Cell (virus_3433782,host_320431): 0 -> 1
Cell (virus_3433782,host_476589): 0 -> 1
Cell (virus_3433782,host_188571): 0 -> 1
Cell (virus_3433782,host_249024): 0 -> 1
Cell (virus_3433782,host_2603865): 0 -> 1
Cell (virus_3433782,host_2603866): 0 -> 1
Cell (virus_3433782,host_519041): 0 -> 1
Cell (virus_3433782,host_302408): 0 -> 1
Cell (virus_3433782,host_59479): 0 -> 1
Cell (virus_3433782,host_519037): 0 -> 1
Cell (virus_3433782,host_337453): 0 -> 1
Cell (virus_3433782,host_430492): 0 -> 1
Cell (virus_3433782,host_77218): 0 -> 1
Cell (virus_3433782,host_1195082): 0 -> 1
Cell (virus_3433782,host_549403): 0 -> 1
Cell (virus_3433782,host_124756): 0 -> 1
Cell (virus_3433782,host_328804): 0 -> 1
Cell (virus_3433782,host_9403): 0 -> 1
Cell (virus_3433782,host_326083): 0 -> 1
Cell (virus_3433782,host_1381355): 0 -> 1
Cell (virus_3433782,host_187003): 0 -> 1
Cell (virus_3433782,host_907075): 0 -> 1
Cell (virus_3433782,host_59476): 0 -> 1
Cell (virus_3433782,host_177160): 0 -> 1
Cell (virus_3433782,host_2994998): 0 -> 1
Cell (virus_3433782,host_3042450): 0 -> 1
Cell (virus_3433782,host_59472): 0 -> 1
Cell (virus_3433782,host_9414): 0 -> 1
Cell (virus_3433782,host_1434095): 0 -> 1
Cell (virus_3433782,host_291302): 0 -> 1
Cell (virus_3433782,host_221087): 0 -> 1
Cell (virus_3433782,host_187007): 0 -> 1
Cell (virus_3433782,host_187008): 0 -> 1
Cell (virus_3433782,host_258934): 0 -> 1
Cell (virus_3433782,host_479723): 0 -> 1
Cell (virus_3433782,host_124751): 0 -> 1
Cell (virus_3433782,host_3041509): 0 -> 1
Cell (virus_3433782,host_2218597): 0 -> 1
Cell (virus_3433782,host_258867): 0 -> 1
Cell (virus_3433782,host_242384): 0 -> 1
Cell (virus_3433782,host_258863): 0 -> 1
Cell (virus_3433782,host_452595): 0 -> 1
Cell (virus_3433782,host_9438): 0 -> 1
Cell (virus_3433782,host_153297): 0 -> 1
Cell (virus_3433782,host_258952): 0 -> 1
Cell (virus_3433782,host_249033): 0 -> 1
Cell (virus_3433782,host_258930): 0 -> 1
Cell (virus_3433782,host_61862): 0 -> 1
Cell (virus_3433782,host_109485): 0 -> 1
Cell (virus_3433782,host_59474): 0 -> 1
Cell (virus_3433782,host_999321): 0 -> 1
Cell (virus_3433782,host_143942): 0 -> 1
Cell (virus_3433782,host_2491053): 0 -> 1
Cell (virus_3433782,host_258959): 0 -> 1
Cell (virus_3433782,host_526822): 0 -> 1
Cell (virus_3027595,host_105273): 0 -> 1
Cell (virus_3027595,host_109478): 0 -> 1
Cell (virus_3027595,host_9435): 0 -> 1
Cell (virus_3027595,host_59463): 0 -> 1
Cell (virus_3027595,host_109480): 0 -> 1
Cell (virus_3027595,host_1633875): 0 -> 1
Cell (virus_3027595,host_519446): 0 -> 1
Cell (virus_3027595,host_2528591): 0 -> 1
Cell (virus_3027595,host_109482): 0 -> 1
Cell (virus_3027595,host_51298): 0 -> 1
Cell (virus_3027595,host_1911917): 0 -> 1
Cell (virus_3027595,host_203696): 0 -> 1
Cell (virus_3027595,host_452653): 0 -> 1
Cell (virus_3027595,host_138979): 0 -> 1
Cell (virus_3027595,host_155915): 0 -> 1
Cell (virus_3027595,host_225400): 0 -> 1
Cell (virus_3027595,host_155035): 0 -> 1
Cell (virus_3027595,host_258925): 0 -> 1
Cell (virus_3027595,host_177185): 0 -> 1
Cell (virus_3027595,host_187017): 0 -> 1
Cell (virus_3027595,host_110941): 0 -> 1
Cell (virus_3027595,host_2603869): 0 -> 1
Cell (virus_3027595,host_188568): 0 -> 1
Cell (virus_3027595,host_1207989): 0 -> 1
Cell (virus_3027595,host_188569): 0 -> 1
Cell (virus_3027595,host_59453): 0 -> 1
Cell (virus_3027595,host_175524): 0 -> 1
Cell (virus_3027595,host_186990): 0 -> 1
Cell (virus_3027595,host_270698): 0 -> 1
Cell (virus_3027595,host_334201): 0 -> 1
Cell (virus_3027595,host_249020): 0 -> 1
Cell (virus_3027595,host_584995): 0 -> 1
Cell (virus_3027595,host_463808): 0 -> 1
Cell (virus_3027595,host_58069): 0 -> 1
Cell (virus_3027595,host_376555): 0 -> 1
Cell (virus_3027595,host_169756): 0 -> 1
Cell (virus_3027595,host_188570): 0 -> 1
Cell (virus_3027595,host_196296): 0 -> 1
Cell (virus_3027595,host_320431): 0 -> 1
Cell (virus_3027595,host_476589): 0 -> 1
Cell (virus_3027595,host_188571): 0 -> 1
Cell (virus_3027595,host_249024): 0 -> 1
Cell (virus_3027595,host_2603865): 0 -> 1
Cell (virus_3027595,host_2603866): 0 -> 1
Cell (virus_3027595,host_519041): 0 -> 1
Cell (virus_3027595,host_302408): 0 -> 1
Cell (virus_3027595,host_59479): 0 -> 1
Cell (virus_3027595,host_519037): 0 -> 1
Cell (virus_3027595,host_337453): 0 -> 1
Cell (virus_3027595,host_430492): 0 -> 1
Cell (virus_3027595,host_77218): 0 -> 1
Cell (virus_3027595,host_1195082): 0 -> 1
Cell (virus_3027595,host_549403): 0 -> 1
Cell (virus_3027595,host_124756): 0 -> 1
Cell (virus_3027595,host_328804): 0 -> 1
Cell (virus_3027595,host_9403): 0 -> 1
Cell (virus_3027595,host_326083): 0 -> 1
Cell (virus_3027595,host_1381355): 0 -> 1
Cell (virus_3027595,host_187003): 0 -> 1
Cell (virus_3027595,host_907075): 0 -> 1
Cell (virus_3027595,host_59476): 0 -> 1
Cell (virus_3027595,host_177160): 0 -> 1
Cell (virus_3027595,host_27638): 0 -> 1
Cell (virus_3027595,host_2994998): 0 -> 1
Cell (virus_3027595,host_3042450): 0 -> 1
Cell (virus_3027595,host_59472): 0 -> 1
Cell (virus_3027595,host_9414): 0 -> 1
Cell (virus_3027595,host_1434095): 0 -> 1
Cell (virus_3027595,host_291302): 0 -> 1
Cell (virus_3027595,host_221087): 0 -> 1
Cell (virus_3027595,host_187007): 0 -> 1
Cell (virus_3027595,host_187008): 0 -> 1
Cell (virus_3027595,host_258934): 0 -> 1
Cell (virus_3027595,host_479723): 0 -> 1
Cell (virus_3027595,host_124751): 0 -> 1
Cell (virus_3027595,host_3041509): 0 -> 1
Cell (virus_3027595,host_2218597): 0 -> 1
Cell (virus_3027595,host_258867): 0 -> 1
Cell (virus_3027595,host_242384): 0 -> 1
Cell (virus_3027595,host_258863): 0 -> 1
Cell (virus_3027595,host_452595): 0 -> 1
Cell (virus_3027595,host_9438): 0 -> 1
Cell (virus_3027595,host_153297): 0 -> 1
Cell (virus_3027595,host_258952): 0 -> 1
Cell (virus_3027595,host_249033): 0 -> 1
Cell (virus_3027595,host_258930): 0 -> 1
Cell (virus_3027595,host_61862): 0 -> 1
Cell (virus_3027595,host_109485): 0 -> 1
Cell (virus_3027595,host_59474): 0 -> 1
Cell (virus_3027595,host_999321): 0 -> 1
Cell (virus_3027595,host_143942): 0 -> 1
Cell (virus_3027595,host_2491053): 0 -> 1
Cell (virus_3027595,host_258959): 0 -> 1
Cell (virus_3027595,host_526822): 0 -> 1
Cell (virus_2917968,host_105273): 0 -> 1
Cell (virus_2917968,host_109478): 0 -> 1
Cell (virus_2917968,host_9435): 0 -> 1
Cell (virus_2917968,host_59463): 0 -> 1
Cell (virus_2917968,host_109480): 0 -> 1
Cell (virus_2917968,host_1633875): 0 -> 1
Cell (virus_2917968,host_519446): 0 -> 1
Cell (virus_2917968,host_2528591): 0 -> 1
Cell (virus_2917968,host_109482): 0 -> 1
Cell (virus_2917968,host_51298): 0 -> 1
Cell (virus_2917968,host_1911917): 0 -> 1
Cell (virus_2917968,host_452653): 0 -> 1
Cell (virus_2917968,host_138979): 0 -> 1
Cell (virus_2917968,host_155915): 0 -> 1
Cell (virus_2917968,host_225400): 0 -> 1
Cell (virus_2917968,host_385037): 0 -> 1
Cell (virus_2917968,host_155035): 0 -> 1
Cell (virus_2917968,host_258925): 0 -> 1
Cell (virus_2917968,host_177185): 0 -> 1
Cell (virus_2917968,host_187017): 0 -> 1
Cell (virus_2917968,host_110941): 0 -> 1
Cell (virus_2917968,host_2603869): 0 -> 1
Cell (virus_2917968,host_188568): 0 -> 1
Cell (virus_2917968,host_1207989): 0 -> 1
Cell (virus_2917968,host_188569): 0 -> 1
Cell (virus_2917968,host_59453): 0 -> 1
Cell (virus_2917968,host_175524): 0 -> 1
Cell (virus_2917968,host_186990): 0 -> 1
Cell (virus_2917968,host_270698): 0 -> 1
Cell (virus_2917968,host_334201): 0 -> 1
Cell (virus_2917968,host_249020): 0 -> 1
Cell (virus_2917968,host_584995): 0 -> 1
Cell (virus_2917968,host_463808): 0 -> 1
Cell (virus_2917968,host_58069): 0 -> 1
Cell (virus_2917968,host_376555): 0 -> 1
Cell (virus_2917968,host_169756): 0 -> 1
Cell (virus_2917968,host_188570): 0 -> 1
Cell (virus_2917968,host_196296): 0 -> 1
Cell (virus_2917968,host_320431): 0 -> 1
Cell (virus_2917968,host_476589): 0 -> 1
Cell (virus_2917968,host_188571): 0 -> 1
Cell (virus_2917968,host_249024): 0 -> 1
Cell (virus_2917968,host_2603865): 0 -> 1
Cell (virus_2917968,host_2603866): 0 -> 1
Cell (virus_2917968,host_519041): 0 -> 1
Cell (virus_2917968,host_302408): 0 -> 1
Cell (virus_2917968,host_59479): 0 -> 1
Cell (virus_2917968,host_519037): 0 -> 1
Cell (virus_2917968,host_337453): 0 -> 1
Cell (virus_2917968,host_430492): 0 -> 1
Cell (virus_2917968,host_77218): 0 -> 1
Cell (virus_2917968,host_1195082): 0 -> 1
Cell (virus_2917968,host_549403): 0 -> 1
Cell (virus_2917968,host_124756): 0 -> 1
Cell (virus_2917968,host_328804): 0 -> 1
Cell (virus_2917968,host_9403): 0 -> 1
Cell (virus_2917968,host_326083): 0 -> 1
Cell (virus_2917968,host_1381355): 0 -> 1
Cell (virus_2917968,host_187003): 0 -> 1
Cell (virus_2917968,host_907075): 0 -> 1
Cell (virus_2917968,host_59476): 0 -> 1
Cell (virus_2917968,host_177160): 0 -> 1
Cell (virus_2917968,host_2994998): 0 -> 1
Cell (virus_2917968,host_3042450): 0 -> 1
Cell (virus_2917968,host_59472): 0 -> 1
Cell (virus_2917968,host_9414): 0 -> 1
Cell (virus_2917968,host_1434095): 0 -> 1
Cell (virus_2917968,host_291302): 0 -> 1
Cell (virus_2917968,host_221087): 0 -> 1
Cell (virus_2917968,host_187007): 0 -> 1
Cell (virus_2917968,host_187008): 0 -> 1
Cell (virus_2917968,host_258934): 0 -> 1
Cell (virus_2917968,host_479723): 0 -> 1
Cell (virus_2917968,host_124751): 0 -> 1
Cell (virus_2917968,host_3041509): 0 -> 1
Cell (virus_2917968,host_2218597): 0 -> 1
Cell (virus_2917968,host_258867): 0 -> 1
Cell (virus_2917968,host_242384): 0 -> 1
Cell (virus_2917968,host_258863): 0 -> 1
Cell (virus_2917968,host_9438): 0 -> 1
Cell (virus_2917968,host_153297): 0 -> 1
Cell (virus_2917968,host_258952): 0 -> 1
Cell (virus_2917968,host_249033): 0 -> 1
Cell (virus_2917968,host_258930): 0 -> 1
Cell (virus_2917968,host_61862): 0 -> 1
Cell (virus_2917968,host_109485): 0 -> 1
Cell (virus_2917968,host_59474): 0 -> 1
Cell (virus_2917968,host_999321): 0 -> 1
Cell (virus_2917968,host_143942): 0 -> 1
Cell (virus_2917968,host_2491053): 0 -> 1
Cell (virus_2917968,host_258959): 0 -> 1
Cell (virus_2917968,host_526822): 0 -> 1
Cell (virus_3119328,host_105273): 0 -> 1
Cell (virus_3119328,host_105295): 0 -> 1
Cell (virus_3119328,host_109478): 0 -> 1
Cell (virus_3119328,host_9435): 0 -> 1
Cell (virus_3119328,host_59463): 0 -> 1
Cell (virus_3119328,host_109480): 0 -> 1
Cell (virus_3119328,host_1633875): 0 -> 1
Cell (virus_3119328,host_519446): 0 -> 1
Cell (virus_3119328,host_2528591): 0 -> 1
Cell (virus_3119328,host_109482): 0 -> 1
Cell (virus_3119328,host_51298): 0 -> 1
Cell (virus_3119328,host_1911917): 0 -> 1
Cell (virus_3119328,host_452653): 0 -> 1
Cell (virus_3119328,host_138979): 0 -> 1
Cell (virus_3119328,host_155915): 0 -> 1
Cell (virus_3119328,host_225400): 0 -> 1
Cell (virus_3119328,host_155035): 0 -> 1
Cell (virus_3119328,host_258925): 0 -> 1
Cell (virus_3119328,host_177185): 0 -> 1
Cell (virus_3119328,host_187017): 0 -> 1
Cell (virus_3119328,host_110941): 0 -> 1
Cell (virus_3119328,host_2603869): 0 -> 1
Cell (virus_3119328,host_188568): 0 -> 1
Cell (virus_3119328,host_1207989): 0 -> 1
Cell (virus_3119328,host_188569): 0 -> 1
Cell (virus_3119328,host_59453): 0 -> 1
Cell (virus_3119328,host_175524): 0 -> 1
Cell (virus_3119328,host_186990): 0 -> 1
Cell (virus_3119328,host_270698): 0 -> 1
Cell (virus_3119328,host_334201): 0 -> 1
Cell (virus_3119328,host_249020): 0 -> 1
Cell (virus_3119328,host_584995): 0 -> 1
Cell (virus_3119328,host_463808): 0 -> 1
Cell (virus_3119328,host_58069): 0 -> 1
Cell (virus_3119328,host_376555): 0 -> 1
Cell (virus_3119328,host_169756): 0 -> 1
Cell (virus_3119328,host_188570): 0 -> 1
Cell (virus_3119328,host_196296): 0 -> 1
Cell (virus_3119328,host_320431): 0 -> 1
Cell (virus_3119328,host_476589): 0 -> 1
Cell (virus_3119328,host_188571): 0 -> 1
Cell (virus_3119328,host_249024): 0 -> 1
Cell (virus_3119328,host_2603865): 0 -> 1
Cell (virus_3119328,host_2603866): 0 -> 1
Cell (virus_3119328,host_519041): 0 -> 1
Cell (virus_3119328,host_302408): 0 -> 1
Cell (virus_3119328,host_59479): 0 -> 1
Cell (virus_3119328,host_519037): 0 -> 1
Cell (virus_3119328,host_337453): 0 -> 1
Cell (virus_3119328,host_430492): 0 -> 1
Cell (virus_3119328,host_77218): 0 -> 1
Cell (virus_3119328,host_1195082): 0 -> 1
Cell (virus_3119328,host_549403): 0 -> 1
Cell (virus_3119328,host_124756): 0 -> 1
Cell (virus_3119328,host_328804): 0 -> 1
Cell (virus_3119328,host_9403): 0 -> 1
Cell (virus_3119328,host_326083): 0 -> 1
Cell (virus_3119328,host_1381355): 0 -> 1
Cell (virus_3119328,host_187003): 0 -> 1
Cell (virus_3119328,host_907075): 0 -> 1
Cell (virus_3119328,host_59476): 0 -> 1
Cell (virus_3119328,host_177160): 0 -> 1
Cell (virus_3119328,host_2994998): 0 -> 1
Cell (virus_3119328,host_3042450): 0 -> 1
Cell (virus_3119328,host_59472): 0 -> 1
Cell (virus_3119328,host_9414): 0 -> 1
Cell (virus_3119328,host_1434095): 0 -> 1
Cell (virus_3119328,host_291302): 0 -> 1
Cell (virus_3119328,host_221087): 0 -> 1
Cell (virus_3119328,host_187007): 0 -> 1
Cell (virus_3119328,host_187008): 0 -> 1
Cell (virus_3119328,host_258934): 0 -> 1
Cell (virus_3119328,host_479723): 0 -> 1
Cell (virus_3119328,host_124751): 0 -> 1
Cell (virus_3119328,host_2218597): 0 -> 1
Cell (virus_3119328,host_258867): 0 -> 1
Cell (virus_3119328,host_242384): 0 -> 1
Cell (virus_3119328,host_258863): 0 -> 1
Cell (virus_3119328,host_9438): 0 -> 1
Cell (virus_3119328,host_153297): 0 -> 1
Cell (virus_3119328,host_258952): 0 -> 1
Cell (virus_3119328,host_249033): 0 -> 1
Cell (virus_3119328,host_258930): 0 -> 1
Cell (virus_3119328,host_61862): 0 -> 1
Cell (virus_3119328,host_109485): 0 -> 1
Cell (virus_3119328,host_59474): 0 -> 1
Cell (virus_3119328,host_999321): 0 -> 1
Cell (virus_3119328,host_143942): 0 -> 1
Cell (virus_3119328,host_2491053): 0 -> 1
Cell (virus_3119328,host_258959): 0 -> 1
Cell (virus_3119328,host_526822): 0 -> 1
Cell (virus_3119329,host_105273): 0 -> 1
Cell (virus_3119329,host_109478): 0 -> 1
Cell (virus_3119329,host_3380546): 0 -> 1
Cell (virus_3119329,host_9435): 0 -> 1
Cell (virus_3119329,host_59463): 0 -> 1
Cell (virus_3119329,host_109480): 0 -> 1
Cell (virus_3119329,host_1633875): 0 -> 1
Cell (virus_3119329,host_2528591): 0 -> 1
Cell (virus_3119329,host_109482): 0 -> 1
Cell (virus_3119329,host_51298): 0 -> 1
Cell (virus_3119329,host_1911917): 0 -> 1
Cell (virus_3119329,host_452653): 0 -> 1
Cell (virus_3119329,host_138979): 0 -> 1
Cell (virus_3119329,host_155915): 0 -> 1
Cell (virus_3119329,host_225400): 0 -> 1
Cell (virus_3119329,host_155035): 0 -> 1
Cell (virus_3119329,host_258925): 0 -> 1
Cell (virus_3119329,host_177185): 0 -> 1
Cell (virus_3119329,host_187017): 0 -> 1
Cell (virus_3119329,host_110941): 0 -> 1
Cell (virus_3119329,host_2603869): 0 -> 1
Cell (virus_3119329,host_188568): 0 -> 1
Cell (virus_3119329,host_1207989): 0 -> 1
Cell (virus_3119329,host_188569): 0 -> 1
Cell (virus_3119329,host_59453): 0 -> 1
Cell (virus_3119329,host_175524): 0 -> 1
Cell (virus_3119329,host_186990): 0 -> 1
Cell (virus_3119329,host_186991): 0 -> 1
Cell (virus_3119329,host_270698): 0 -> 1
Cell (virus_3119329,host_334201): 0 -> 1
Cell (virus_3119329,host_249020): 0 -> 1
Cell (virus_3119329,host_584995): 0 -> 1
Cell (virus_3119329,host_463808): 0 -> 1
Cell (virus_3119329,host_58069): 0 -> 1
Cell (virus_3119329,host_376555): 0 -> 1
Cell (virus_3119329,host_169756): 0 -> 1
Cell (virus_3119329,host_188570): 0 -> 1
Cell (virus_3119329,host_196296): 0 -> 1
Cell (virus_3119329,host_76837): 0 -> 1
Cell (virus_3119329,host_320431): 0 -> 1
Cell (virus_3119329,host_476589): 0 -> 1
Cell (virus_3119329,host_188571): 0 -> 1
Cell (virus_3119329,host_249024): 0 -> 1
Cell (virus_3119329,host_2603865): 0 -> 1
Cell (virus_3119329,host_2603866): 0 -> 1
Cell (virus_3119329,host_519041): 0 -> 1
Cell (virus_3119329,host_302408): 0 -> 1
Cell (virus_3119329,host_59479): 0 -> 1
Cell (virus_3119329,host_519037): 0 -> 1
Cell (virus_3119329,host_337453): 0 -> 1
Cell (virus_3119329,host_430492): 0 -> 1
Cell (virus_3119329,host_77218): 0 -> 1
Cell (virus_3119329,host_1195082): 0 -> 1
Cell (virus_3119329,host_549403): 0 -> 1
Cell (virus_3119329,host_124756): 0 -> 1
Cell (virus_3119329,host_328804): 0 -> 1
Cell (virus_3119329,host_9403): 0 -> 1
Cell (virus_3119329,host_326083): 0 -> 1
Cell (virus_3119329,host_1381355): 0 -> 1
Cell (virus_3119329,host_187003): 0 -> 1
Cell (virus_3119329,host_907075): 0 -> 1
Cell (virus_3119329,host_59476): 0 -> 1
Cell (virus_3119329,host_177160): 0 -> 1
Cell (virus_3119329,host_2994998): 0 -> 1
Cell (virus_3119329,host_3042450): 0 -> 1
Cell (virus_3119329,host_59472): 0 -> 1
Cell (virus_3119329,host_9414): 0 -> 1
Cell (virus_3119329,host_1434095): 0 -> 1
Cell (virus_3119329,host_291302): 0 -> 1
Cell (virus_3119329,host_221087): 0 -> 1
Cell (virus_3119329,host_187007): 0 -> 1
Cell (virus_3119329,host_187008): 0 -> 1
Cell (virus_3119329,host_258934): 0 -> 1
Cell (virus_3119329,host_479723): 0 -> 1
Cell (virus_3119329,host_124751): 0 -> 1
Cell (virus_3119329,host_3041509): 0 -> 1
Cell (virus_3119329,host_2218597): 0 -> 1
Cell (virus_3119329,host_258867): 0 -> 1
Cell (virus_3119329,host_242384): 0 -> 1
Cell (virus_3119329,host_258863): 0 -> 1
Cell (virus_3119329,host_9438): 0 -> 1
Cell (virus_3119329,host_153297): 0 -> 1
Cell (virus_3119329,host_258952): 0 -> 1
Cell (virus_3119329,host_249033): 0 -> 1
Cell (virus_3119329,host_258930): 0 -> 1
Cell (virus_3119329,host_61862): 0 -> 1
Cell (virus_3119329,host_109485): 0 -> 1
Cell (virus_3119329,host_59474): 0 -> 1
Cell (virus_3119329,host_999321): 0 -> 1
Cell (virus_3119329,host_143942): 0 -> 1
Cell (virus_3119329,host_2491053): 0 -> 1
Cell (virus_3119329,host_258959): 0 -> 1
Cell (virus_3119329,host_526822): 0 -> 1
Cell (virus_2991941,host_105273): 0 -> 1
Cell (virus_2991941,host_109478): 0 -> 1
Cell (virus_2991941,host_9435): 0 -> 1
Cell (virus_2991941,host_59463): 0 -> 1
Cell (virus_2991941,host_109480): 0 -> 1
Cell (virus_2991941,host_1633875): 0 -> 1
Cell (virus_2991941,host_519446): 0 -> 1
Cell (virus_2991941,host_2528591): 0 -> 1
Cell (virus_2991941,host_109482): 0 -> 1
Cell (virus_2991941,host_51298): 0 -> 1
Cell (virus_2991941,host_1911917): 0 -> 1
Cell (virus_2991941,host_452653): 0 -> 1
Cell (virus_2991941,host_138979): 0 -> 1
Cell (virus_2991941,host_155915): 0 -> 1
Cell (virus_2991941,host_225400): 0 -> 1
Cell (virus_2991941,host_155035): 0 -> 1
Cell (virus_2991941,host_258925): 0 -> 1
Cell (virus_2991941,host_177185): 0 -> 1
Cell (virus_2991941,host_187017): 0 -> 1
Cell (virus_2991941,host_110941): 0 -> 1
Cell (virus_2991941,host_2603869): 0 -> 1
Cell (virus_2991941,host_188568): 0 -> 1
Cell (virus_2991941,host_1207989): 0 -> 1
Cell (virus_2991941,host_188569): 0 -> 1
Cell (virus_2991941,host_59453): 0 -> 1
Cell (virus_2991941,host_175524): 0 -> 1
Cell (virus_2991941,host_186990): 0 -> 1
Cell (virus_2991941,host_270698): 0 -> 1
Cell (virus_2991941,host_334201): 0 -> 1
Cell (virus_2991941,host_249020): 0 -> 1
Cell (virus_2991941,host_584995): 0 -> 1
Cell (virus_2991941,host_463808): 0 -> 1
Cell (virus_2991941,host_58069): 0 -> 1
Cell (virus_2991941,host_376555): 0 -> 1
Cell (virus_2991941,host_169756): 0 -> 1
Cell (virus_2991941,host_188570): 0 -> 1
Cell (virus_2991941,host_196296): 0 -> 1
Cell (virus_2991941,host_320431): 0 -> 1
Cell (virus_2991941,host_476589): 0 -> 1
Cell (virus_2991941,host_188571): 0 -> 1
Cell (virus_2991941,host_249024): 0 -> 1
Cell (virus_2991941,host_2603865): 0 -> 1
Cell (virus_2991941,host_2603866): 0 -> 1
Cell (virus_2991941,host_519041): 0 -> 1
Cell (virus_2991941,host_302408): 0 -> 1
Cell (virus_2991941,host_59479): 0 -> 1
Cell (virus_2991941,host_519037): 0 -> 1
Cell (virus_2991941,host_337453): 0 -> 1
Cell (virus_2991941,host_430492): 0 -> 1
Cell (virus_2991941,host_77218): 0 -> 1
Cell (virus_2991941,host_1195082): 0 -> 1
Cell (virus_2991941,host_549403): 0 -> 1
Cell (virus_2991941,host_124756): 0 -> 1
Cell (virus_2991941,host_328804): 0 -> 1
Cell (virus_2991941,host_9403): 0 -> 1
Cell (virus_2991941,host_326083): 0 -> 1
Cell (virus_2991941,host_1381355): 0 -> 1
Cell (virus_2991941,host_187003): 0 -> 1
Cell (virus_2991941,host_907075): 0 -> 1
Cell (virus_2991941,host_59476): 0 -> 1
Cell (virus_2991941,host_177160): 0 -> 1
Cell (virus_2991941,host_2994998): 0 -> 1
Cell (virus_2991941,host_3042450): 0 -> 1
Cell (virus_2991941,host_59472): 0 -> 1
Cell (virus_2991941,host_9414): 0 -> 1
Cell (virus_2991941,host_1434095): 0 -> 1
Cell (virus_2991941,host_291302): 0 -> 1
Cell (virus_2991941,host_221087): 0 -> 1
Cell (virus_2991941,host_187007): 0 -> 1
Cell (virus_2991941,host_187008): 0 -> 1
Cell (virus_2991941,host_258934): 0 -> 1
Cell (virus_2991941,host_479723): 0 -> 1
Cell (virus_2991941,host_124751): 0 -> 1
Cell (virus_2991941,host_3041509): 0 -> 1
Cell (virus_2991941,host_2218597): 0 -> 1
Cell (virus_2991941,host_258867): 0 -> 1
Cell (virus_2991941,host_242384): 0 -> 1
Cell (virus_2991941,host_258863): 0 -> 1
Cell (virus_2991941,host_9438): 0 -> 1
Cell (virus_2991941,host_153297): 0 -> 1
Cell (virus_2991941,host_258952): 0 -> 1
Cell (virus_2991941,host_249033): 0 -> 1
Cell (virus_2991941,host_258930): 0 -> 1
Cell (virus_2991941,host_61862): 0 -> 1
Cell (virus_2991941,host_109485): 0 -> 1
Cell (virus_2991941,host_59474): 0 -> 1
Cell (virus_2991941,host_999321): 0 -> 1
Cell (virus_2991941,host_143942): 0 -> 1
Cell (virus_2991941,host_2491053): 0 -> 1
Cell (virus_2991941,host_258959): 0 -> 1
Cell (virus_2991941,host_526822): 0 -> 1
Cell (virus_2991941,host_59485): 0 -> 1
Cell (virus_2993504,host_105273): 0 -> 1
Cell (virus_2993504,host_109478): 0 -> 1
Cell (virus_2993504,host_9435): 0 -> 1
Cell (virus_2993504,host_59463): 0 -> 1
Cell (virus_2993504,host_109480): 0 -> 1
Cell (virus_2993504,host_1633875): 0 -> 1
Cell (virus_2993504,host_519446): 0 -> 1
Cell (virus_2993504,host_2528591): 0 -> 1
Cell (virus_2993504,host_109482): 0 -> 1
Cell (virus_2993504,host_51298): 0 -> 1
Cell (virus_2993504,host_1911917): 0 -> 1
Cell (virus_2993504,host_452653): 0 -> 1
Cell (virus_2993504,host_98922): 0 -> 1
Cell (virus_2993504,host_138979): 0 -> 1
Cell (virus_2993504,host_155915): 0 -> 1
Cell (virus_2993504,host_225400): 0 -> 1
Cell (virus_2993504,host_155035): 0 -> 1
Cell (virus_2993504,host_258925): 0 -> 1
Cell (virus_2993504,host_177185): 0 -> 1
Cell (virus_2993504,host_187017): 0 -> 1
Cell (virus_2993504,host_110941): 0 -> 1
Cell (virus_2993504,host_2603869): 0 -> 1
Cell (virus_2993504,host_188568): 0 -> 1
Cell (virus_2993504,host_1207989): 0 -> 1
Cell (virus_2993504,host_188569): 0 -> 1
Cell (virus_2993504,host_59453): 0 -> 1
Cell (virus_2993504,host_175524): 0 -> 1
Cell (virus_2993504,host_186990): 0 -> 1
Cell (virus_2993504,host_270698): 0 -> 1
Cell (virus_2993504,host_334201): 0 -> 1
Cell (virus_2993504,host_249020): 0 -> 1
Cell (virus_2993504,host_584995): 0 -> 1
Cell (virus_2993504,host_463808): 0 -> 1
Cell (virus_2993504,host_58069): 0 -> 1
Cell (virus_2993504,host_376555): 0 -> 1
Cell (virus_2993504,host_169756): 0 -> 1
Cell (virus_2993504,host_188570): 0 -> 1
Cell (virus_2993504,host_196296): 0 -> 1
Cell (virus_2993504,host_320431): 0 -> 1
Cell (virus_2993504,host_476589): 0 -> 1
Cell (virus_2993504,host_188571): 0 -> 1
Cell (virus_2993504,host_249024): 0 -> 1
Cell (virus_2993504,host_2603865): 0 -> 1
Cell (virus_2993504,host_2603866): 0 -> 1
Cell (virus_2993504,host_519041): 0 -> 1
Cell (virus_2993504,host_302408): 0 -> 1
Cell (virus_2993504,host_59479): 0 -> 1
Cell (virus_2993504,host_519037): 0 -> 1
Cell (virus_2993504,host_337453): 0 -> 1
Cell (virus_2993504,host_430492): 0 -> 1
Cell (virus_2993504,host_77218): 0 -> 1
Cell (virus_2993504,host_1195082): 0 -> 1
Cell (virus_2993504,host_549403): 0 -> 1
Cell (virus_2993504,host_124756): 0 -> 1
Cell (virus_2993504,host_328804): 0 -> 1
Cell (virus_2993504,host_9403): 0 -> 1
Cell (virus_2993504,host_326083): 0 -> 1
Cell (virus_2993504,host_1381355): 0 -> 1
Cell (virus_2993504,host_187003): 0 -> 1
Cell (virus_2993504,host_907075): 0 -> 1
Cell (virus_2993504,host_59476): 0 -> 1
Cell (virus_2993504,host_177160): 0 -> 1
Cell (virus_2993504,host_2994998): 0 -> 1
Cell (virus_2993504,host_3042450): 0 -> 1
Cell (virus_2993504,host_59472): 0 -> 1
Cell (virus_2993504,host_9414): 0 -> 1
Cell (virus_2993504,host_1434095): 0 -> 1
Cell (virus_2993504,host_291302): 0 -> 1
Cell (virus_2993504,host_221087): 0 -> 1
Cell (virus_2993504,host_187007): 0 -> 1
Cell (virus_2993504,host_187008): 0 -> 1
Cell (virus_2993504,host_258934): 0 -> 1
Cell (virus_2993504,host_479723): 0 -> 1
Cell (virus_2993504,host_124751): 0 -> 1
Cell (virus_2993504,host_3041509): 0 -> 1
Cell (virus_2993504,host_2218597): 0 -> 1
Cell (virus_2993504,host_258867): 0 -> 1
Cell (virus_2993504,host_242384): 0 -> 1
Cell (virus_2993504,host_258863): 0 -> 1
Cell (virus_2993504,host_9438): 0 -> 1
Cell (virus_2993504,host_153297): 0 -> 1
Cell (virus_2993504,host_258952): 0 -> 1
Cell (virus_2993504,host_249033): 0 -> 1
Cell (virus_2993504,host_258930): 0 -> 1
Cell (virus_2993504,host_61862): 0 -> 1
Cell (virus_2993504,host_109485): 0 -> 1
Cell (virus_2993504,host_59474): 0 -> 1
Cell (virus_2993504,host_999321): 0 -> 1
Cell (virus_2993504,host_143942): 0 -> 1
Cell (virus_2993504,host_2491053): 0 -> 1
Cell (virus_2993504,host_258959): 0 -> 1
Cell (virus_2993504,host_526822): 0 -> 1
Cell (virus_1335626,host_105273): 0 -> 1
Cell (virus_1335626,host_109478): 0 -> 1
Cell (virus_1335626,host_9435): 0 -> 1
Cell (virus_1335626,host_59463): 0 -> 1
Cell (virus_1335626,host_109480): 0 -> 1
Cell (virus_1335626,host_1633875): 0 -> 1
Cell (virus_1335626,host_2528591): 0 -> 1
Cell (virus_1335626,host_109482): 0 -> 1
Cell (virus_1335626,host_51298): 0 -> 1
Cell (virus_1335626,host_1911917): 0 -> 1
Cell (virus_1335626,host_203696): 0 -> 1
Cell (virus_1335626,host_452653): 0 -> 1
Cell (virus_1335626,host_155915): 0 -> 1
Cell (virus_1335626,host_225400): 0 -> 1
Cell (virus_1335626,host_155035): 0 -> 1
Cell (virus_1335626,host_633648): 0 -> 1
Cell (virus_1335626,host_258925): 0 -> 1
Cell (virus_1335626,host_177185): 0 -> 1
Cell (virus_1335626,host_187017): 0 -> 1
Cell (virus_1335626,host_157961): 0 -> 1
Cell (virus_1335626,host_270698): 0 -> 1
Cell (virus_1335626,host_334201): 0 -> 1
Cell (virus_1335626,host_249020): 0 -> 1
Cell (virus_1335626,host_584995): 0 -> 1
Cell (virus_1335626,host_302402): 0 -> 1
Cell (virus_1335626,host_58069): 0 -> 1
Cell (virus_1335626,host_118856): 0 -> 1
Cell (virus_1335626,host_59476): 0 -> 1
Cell (virus_1335626,host_177160): 0 -> 1
Cell (virus_1335626,host_2994998): 0 -> 1
Cell (virus_1335626,host_3042450): 0 -> 1
Cell (virus_1335626,host_59472): 0 -> 1
Cell (virus_1335626,host_9414): 0 -> 1
Cell (virus_1335626,host_1434095): 0 -> 1
Cell (virus_1335626,host_291302): 0 -> 1
Cell (virus_1335626,host_221087): 0 -> 1
Cell (virus_1335626,host_187007): 0 -> 1
Cell (virus_1335626,host_187008): 0 -> 1
Cell (virus_1335626,host_258934): 0 -> 1
Cell (virus_1335626,host_479723): 0 -> 1
Cell (virus_1335626,host_124751): 0 -> 1
Cell (virus_1335626,host_27622): 0 -> 1
Cell (virus_1335626,host_3041509): 0 -> 1
Cell (virus_1335626,host_2218597): 0 -> 1
Cell (virus_1335626,host_258867): 0 -> 1
Cell (virus_1335626,host_242384): 0 -> 1
Cell (virus_1335626,host_258863): 0 -> 1
Cell (virus_1335626,host_452595): 0 -> 1
Cell (virus_1335626,host_999964): 0 -> 1
Cell (virus_1335626,host_9438): 0 -> 1
Cell (virus_1335626,host_153297): 0 -> 1
Cell (virus_1335626,host_258952): 0 -> 1
Cell (virus_1335626,host_258930): 0 -> 1
Cell (virus_1335626,host_61862): 0 -> 1
Cell (virus_1335626,host_109485): 0 -> 1
Cell (virus_1335626,host_59474): 0 -> 1
Cell (virus_1335626,host_999321): 0 -> 1
Cell (virus_1335626,host_867834): 0 -> 1
Cell (virus_1335626,host_143942): 0 -> 1
Cell (virus_1335626,host_2491053): 0 -> 1
Cell (virus_1335626,host_258959): 0 -> 1
Cell (virus_1335626,host_526822): 0 -> 1
Cell (virus_3433633,host_105273): 0 -> 1
Cell (virus_3433633,host_109478): 0 -> 1
Cell (virus_3433633,host_9435): 0 -> 1
Cell (virus_3433633,host_59463): 0 -> 1
Cell (virus_3433633,host_109480): 0 -> 1
Cell (virus_3433633,host_1633875): 0 -> 1
Cell (virus_3433633,host_2528591): 0 -> 1
Cell (virus_3433633,host_109482): 0 -> 1
Cell (virus_3433633,host_51298): 0 -> 1
Cell (virus_3433633,host_1911917): 0 -> 1
Cell (virus_3433633,host_203696): 0 -> 1
Cell (virus_3433633,host_452653): 0 -> 1
Cell (virus_3433633,host_155915): 0 -> 1
Cell (virus_3433633,host_225400): 0 -> 1
Cell (virus_3433633,host_155035): 0 -> 1
Cell (virus_3433633,host_633648): 0 -> 1
Cell (virus_3433633,host_258925): 0 -> 1
Cell (virus_3433633,host_177185): 0 -> 1
Cell (virus_3433633,host_187017): 0 -> 1
Cell (virus_3433633,host_157961): 0 -> 1
Cell (virus_3433633,host_270698): 0 -> 1
Cell (virus_3433633,host_334201): 0 -> 1
Cell (virus_3433633,host_249020): 0 -> 1
Cell (virus_3433633,host_584995): 0 -> 1
Cell (virus_3433633,host_302402): 0 -> 1
Cell (virus_3433633,host_58069): 0 -> 1
Cell (virus_3433633,host_118856): 0 -> 1
Cell (virus_3433633,host_59476): 0 -> 1
Cell (virus_3433633,host_177160): 0 -> 1
Cell (virus_3433633,host_2994998): 0 -> 1
Cell (virus_3433633,host_3042450): 0 -> 1
Cell (virus_3433633,host_59472): 0 -> 1
Cell (virus_3433633,host_9414): 0 -> 1
Cell (virus_3433633,host_1434095): 0 -> 1
Cell (virus_3433633,host_291302): 0 -> 1
Cell (virus_3433633,host_221087): 0 -> 1
Cell (virus_3433633,host_187007): 0 -> 1
Cell (virus_3433633,host_187008): 0 -> 1
Cell (virus_3433633,host_258934): 0 -> 1
Cell (virus_3433633,host_479723): 0 -> 1
Cell (virus_3433633,host_124751): 0 -> 1
Cell (virus_3433633,host_27622): 0 -> 1
Cell (virus_3433633,host_3041509): 0 -> 1
Cell (virus_3433633,host_2218597): 0 -> 1
Cell (virus_3433633,host_258867): 0 -> 1
Cell (virus_3433633,host_242384): 0 -> 1
Cell (virus_3433633,host_258863): 0 -> 1
Cell (virus_3433633,host_452595): 0 -> 1
Cell (virus_3433633,host_999964): 0 -> 1
Cell (virus_3433633,host_9438): 0 -> 1
Cell (virus_3433633,host_153297): 0 -> 1
Cell (virus_3433633,host_258952): 0 -> 1
Cell (virus_3433633,host_258930): 0 -> 1
Cell (virus_3433633,host_61862): 0 -> 1
Cell (virus_3433633,host_109485): 0 -> 1
Cell (virus_3433633,host_59474): 0 -> 1
Cell (virus_3433633,host_999321): 0 -> 1
Cell (virus_3433633,host_867834): 0 -> 1
Cell (virus_3433633,host_143942): 0 -> 1
Cell (virus_3433633,host_2491053): 0 -> 1
Cell (virus_3433633,host_258959): 0 -> 1
Cell (virus_3433633,host_526822): 0 -> 1
Cell (virus_1508220,host_105273): 0 -> 1
Cell (virus_1508220,host_109478): 0 -> 1
Cell (virus_1508220,host_9435): 0 -> 1
Cell (virus_1508220,host_59463): 0 -> 1
Cell (virus_1508220,host_109480): 0 -> 1
Cell (virus_1508220,host_1633875): 0 -> 1
Cell (virus_1508220,host_2528591): 0 -> 1
Cell (virus_1508220,host_109482): 0 -> 1
Cell (virus_1508220,host_51298): 0 -> 1
Cell (virus_1508220,host_1911917): 0 -> 1
Cell (virus_1508220,host_203696): 0 -> 1
Cell (virus_1508220,host_452653): 0 -> 1
Cell (virus_1508220,host_155915): 0 -> 1
Cell (virus_1508220,host_225400): 0 -> 1
Cell (virus_1508220,host_155035): 0 -> 1
Cell (virus_1508220,host_2015597): 0 -> 1
Cell (virus_1508220,host_633648): 0 -> 1
Cell (virus_1508220,host_258925): 0 -> 1
Cell (virus_1508220,host_177185): 0 -> 1
Cell (virus_1508220,host_187017): 0 -> 1
Cell (virus_1508220,host_157961): 0 -> 1
Cell (virus_1508220,host_270698): 0 -> 1
Cell (virus_1508220,host_334201): 0 -> 1
Cell (virus_1508220,host_249020): 0 -> 1
Cell (virus_1508220,host_584995): 0 -> 1
Cell (virus_1508220,host_302402): 0 -> 1
Cell (virus_1508220,host_58069): 0 -> 1
Cell (virus_1508220,host_118856): 0 -> 1
Cell (virus_1508220,host_1884717): 0 -> 1
Cell (virus_1508220,host_59476): 0 -> 1
Cell (virus_1508220,host_177160): 0 -> 1
Cell (virus_1508220,host_2994998): 0 -> 1
Cell (virus_1508220,host_3042450): 0 -> 1
Cell (virus_1508220,host_59472): 0 -> 1
Cell (virus_1508220,host_9414): 0 -> 1
Cell (virus_1508220,host_1434095): 0 -> 1
Cell (virus_1508220,host_291302): 0 -> 1
Cell (virus_1508220,host_221087): 0 -> 1
Cell (virus_1508220,host_187007): 0 -> 1
Cell (virus_1508220,host_187008): 0 -> 1
Cell (virus_1508220,host_258934): 0 -> 1
Cell (virus_1508220,host_479723): 0 -> 1
Cell (virus_1508220,host_124751): 0 -> 1
Cell (virus_1508220,host_27622): 0 -> 1
Cell (virus_1508220,host_3041509): 0 -> 1
Cell (virus_1508220,host_2218597): 0 -> 1
Cell (virus_1508220,host_258867): 0 -> 1
Cell (virus_1508220,host_242384): 0 -> 1
Cell (virus_1508220,host_258863): 0 -> 1
Cell (virus_1508220,host_452595): 0 -> 1
Cell (virus_1508220,host_999964): 0 -> 1
Cell (virus_1508220,host_9438): 0 -> 1
Cell (virus_1508220,host_153297): 0 -> 1
Cell (virus_1508220,host_258952): 0 -> 1
Cell (virus_1508220,host_258930): 0 -> 1
Cell (virus_1508220,host_61862): 0 -> 1
Cell (virus_1508220,host_109485): 0 -> 1
Cell (virus_1508220,host_59474): 0 -> 1
Cell (virus_1508220,host_999321): 0 -> 1
Cell (virus_1508220,host_867834): 0 -> 1
Cell (virus_1508220,host_143942): 0 -> 1
Cell (virus_1508220,host_2491053): 0 -> 1
Cell (virus_1508220,host_258959): 0 -> 1
Cell (virus_1508220,host_526822): 0 -> 1
Cell (virus_3433775,host_105273): 0 -> 1
Cell (virus_3433775,host_109478): 0 -> 1
Cell (virus_3433775,host_9435): 0 -> 1
Cell (virus_3433775,host_59463): 0 -> 1
Cell (virus_3433775,host_109480): 0 -> 1
Cell (virus_3433775,host_1633875): 0 -> 1
Cell (virus_3433775,host_2528591): 0 -> 1
Cell (virus_3433775,host_109482): 0 -> 1
Cell (virus_3433775,host_51298): 0 -> 1
Cell (virus_3433775,host_1911917): 0 -> 1
Cell (virus_3433775,host_203696): 0 -> 1
Cell (virus_3433775,host_452653): 0 -> 1
Cell (virus_3433775,host_155915): 0 -> 1
Cell (virus_3433775,host_225400): 0 -> 1
Cell (virus_3433775,host_155035): 0 -> 1
Cell (virus_3433775,host_2015597): 0 -> 1
Cell (virus_3433775,host_633648): 0 -> 1
Cell (virus_3433775,host_258925): 0 -> 1
Cell (virus_3433775,host_177185): 0 -> 1
Cell (virus_3433775,host_187017): 0 -> 1
Cell (virus_3433775,host_157961): 0 -> 1
Cell (virus_3433775,host_270698): 0 -> 1
Cell (virus_3433775,host_334201): 0 -> 1
Cell (virus_3433775,host_249020): 0 -> 1
Cell (virus_3433775,host_584995): 0 -> 1
Cell (virus_3433775,host_302402): 0 -> 1
Cell (virus_3433775,host_58069): 0 -> 1
Cell (virus_3433775,host_118856): 0 -> 1
Cell (virus_3433775,host_1884717): 0 -> 1
Cell (virus_3433775,host_59476): 0 -> 1
Cell (virus_3433775,host_177160): 0 -> 1
Cell (virus_3433775,host_2994998): 0 -> 1
Cell (virus_3433775,host_3042450): 0 -> 1
Cell (virus_3433775,host_59472): 0 -> 1
Cell (virus_3433775,host_9414): 0 -> 1
Cell (virus_3433775,host_1434095): 0 -> 1
Cell (virus_3433775,host_291302): 0 -> 1
Cell (virus_3433775,host_221087): 0 -> 1
Cell (virus_3433775,host_187007): 0 -> 1
Cell (virus_3433775,host_187008): 0 -> 1
Cell (virus_3433775,host_258934): 0 -> 1
Cell (virus_3433775,host_479723): 0 -> 1
Cell (virus_3433775,host_124751): 0 -> 1
Cell (virus_3433775,host_27622): 0 -> 1
Cell (virus_3433775,host_3041509): 0 -> 1
Cell (virus_3433775,host_2218597): 0 -> 1
Cell (virus_3433775,host_258867): 0 -> 1
Cell (virus_3433775,host_242384): 0 -> 1
Cell (virus_3433775,host_258863): 0 -> 1
Cell (virus_3433775,host_452595): 0 -> 1
Cell (virus_3433775,host_999964): 0 -> 1
Cell (virus_3433775,host_9438): 0 -> 1
Cell (virus_3433775,host_153297): 0 -> 1
Cell (virus_3433775,host_258952): 0 -> 1
Cell (virus_3433775,host_258930): 0 -> 1
Cell (virus_3433775,host_61862): 0 -> 1
Cell (virus_3433775,host_109485): 0 -> 1
Cell (virus_3433775,host_59474): 0 -> 1
Cell (virus_3433775,host_999321): 0 -> 1
Cell (virus_3433775,host_867834): 0 -> 1
Cell (virus_3433775,host_143942): 0 -> 1
Cell (virus_3433775,host_2491053): 0 -> 1
Cell (virus_3433775,host_258959): 0 -> 1
Cell (virus_3433775,host_526822): 0 -> 1
Cell (virus_694008,host_105273): 0 -> 1
Cell (virus_694008,host_109478): 0 -> 1
Cell (virus_694008,host_9435): 0 -> 1
Cell (virus_694008,host_59463): 0 -> 1
Cell (virus_694008,host_109480): 0 -> 1
Cell (virus_694008,host_1633875): 0 -> 1
Cell (virus_694008,host_2528591): 0 -> 1
Cell (virus_694008,host_109482): 0 -> 1
Cell (virus_694008,host_51298): 0 -> 1
Cell (virus_694008,host_1911917): 0 -> 1
Cell (virus_694008,host_203696): 0 -> 1
Cell (virus_694008,host_452653): 0 -> 1
Cell (virus_694008,host_155915): 0 -> 1
Cell (virus_694008,host_225400): 0 -> 1
Cell (virus_694008,host_155035): 0 -> 1
Cell (virus_694008,host_2015597): 0 -> 1
Cell (virus_694008,host_633648): 0 -> 1
Cell (virus_694008,host_258925): 0 -> 1
Cell (virus_694008,host_177185): 0 -> 1
Cell (virus_694008,host_187017): 0 -> 1
Cell (virus_694008,host_157961): 0 -> 1
Cell (virus_694008,host_270698): 0 -> 1
Cell (virus_694008,host_334201): 0 -> 1
Cell (virus_694008,host_249020): 0 -> 1
Cell (virus_694008,host_584995): 0 -> 1
Cell (virus_694008,host_302402): 0 -> 1
Cell (virus_694008,host_58069): 0 -> 1
Cell (virus_694008,host_118856): 0 -> 1
Cell (virus_694008,host_1884717): 0 -> 1
Cell (virus_694008,host_59476): 0 -> 1
Cell (virus_694008,host_177160): 0 -> 1
Cell (virus_694008,host_2994998): 0 -> 1
Cell (virus_694008,host_3042450): 0 -> 1
Cell (virus_694008,host_59472): 0 -> 1
Cell (virus_694008,host_9414): 0 -> 1
Cell (virus_694008,host_1434095): 0 -> 1
Cell (virus_694008,host_291302): 0 -> 1
Cell (virus_694008,host_221087): 0 -> 1
Cell (virus_694008,host_187007): 0 -> 1
Cell (virus_694008,host_187008): 0 -> 1
Cell (virus_694008,host_258934): 0 -> 1
Cell (virus_694008,host_479723): 0 -> 1
Cell (virus_694008,host_124751): 0 -> 1
Cell (virus_694008,host_27622): 0 -> 1
Cell (virus_694008,host_3041509): 0 -> 1
Cell (virus_694008,host_2218597): 0 -> 1
Cell (virus_694008,host_258867): 0 -> 1
Cell (virus_694008,host_242384): 0 -> 1
Cell (virus_694008,host_258863): 0 -> 1
Cell (virus_694008,host_452595): 0 -> 1
Cell (virus_694008,host_999964): 0 -> 1
Cell (virus_694008,host_9438): 0 -> 1
Cell (virus_694008,host_153297): 0 -> 1
Cell (virus_694008,host_258952): 0 -> 1
Cell (virus_694008,host_258930): 0 -> 1
Cell (virus_694008,host_61862): 0 -> 1
Cell (virus_694008,host_109485): 0 -> 1
Cell (virus_694008,host_59474): 0 -> 1
Cell (virus_694008,host_999321): 0 -> 1
Cell (virus_694008,host_867834): 0 -> 1
Cell (virus_694008,host_143942): 0 -> 1
Cell (virus_694008,host_2491053): 0 -> 1
Cell (virus_694008,host_258959): 0 -> 1
Cell (virus_694008,host_526822): 0 -> 1
Cell (virus_2832974,host_105273): 0 -> 1
Cell (virus_2832974,host_109478): 0 -> 1
Cell (virus_2832974,host_9435): 0 -> 1
Cell (virus_2832974,host_59463): 0 -> 1
Cell (virus_2832974,host_109480): 0 -> 1
Cell (virus_2832974,host_1633875): 0 -> 1
Cell (virus_2832974,host_2528591): 0 -> 1
Cell (virus_2832974,host_109482): 0 -> 1
Cell (virus_2832974,host_51298): 0 -> 1
Cell (virus_2832974,host_1911917): 0 -> 1
Cell (virus_2832974,host_452653): 0 -> 1
Cell (virus_2832974,host_155915): 0 -> 1
Cell (virus_2832974,host_225400): 0 -> 1
Cell (virus_2832974,host_155035): 0 -> 1
Cell (virus_2832974,host_633648): 0 -> 1
Cell (virus_2832974,host_258925): 0 -> 1
Cell (virus_2832974,host_177185): 0 -> 1
Cell (virus_2832974,host_187017): 0 -> 1
Cell (virus_2832974,host_157961): 0 -> 1
Cell (virus_2832974,host_270698): 0 -> 1
Cell (virus_2832974,host_334201): 0 -> 1
Cell (virus_2832974,host_249020): 0 -> 1
Cell (virus_2832974,host_584995): 0 -> 1
Cell (virus_2832974,host_302402): 0 -> 1
Cell (virus_2832974,host_58069): 0 -> 1
Cell (virus_2832974,host_118856): 0 -> 1
Cell (virus_2832974,host_1884717): 0 -> 1
Cell (virus_2832974,host_59476): 0 -> 1
Cell (virus_2832974,host_177160): 0 -> 1
Cell (virus_2832974,host_177162): 0 -> 1
Cell (virus_2832974,host_2994998): 0 -> 1
Cell (virus_2832974,host_3042450): 0 -> 1
Cell (virus_2832974,host_59472): 0 -> 1
Cell (virus_2832974,host_9414): 0 -> 1
Cell (virus_2832974,host_1434095): 0 -> 1
Cell (virus_2832974,host_291302): 0 -> 1
Cell (virus_2832974,host_221087): 0 -> 1
Cell (virus_2832974,host_187007): 0 -> 1
Cell (virus_2832974,host_187008): 0 -> 1
Cell (virus_2832974,host_258934): 0 -> 1
Cell (virus_2832974,host_479723): 0 -> 1
Cell (virus_2832974,host_124751): 0 -> 1
Cell (virus_2832974,host_27622): 0 -> 1
Cell (virus_2832974,host_3041509): 0 -> 1
Cell (virus_2832974,host_2218597): 0 -> 1
Cell (virus_2832974,host_258867): 0 -> 1
Cell (virus_2832974,host_242384): 0 -> 1
Cell (virus_2832974,host_258863): 0 -> 1
Cell (virus_2832974,host_452595): 0 -> 1
Cell (virus_2832974,host_999964): 0 -> 1
Cell (virus_2832974,host_9438): 0 -> 1
Cell (virus_2832974,host_153297): 0 -> 1
Cell (virus_2832974,host_258952): 0 -> 1
Cell (virus_2832974,host_258930): 0 -> 1
Cell (virus_2832974,host_61862): 0 -> 1
Cell (virus_2832974,host_109485): 0 -> 1
Cell (virus_2832974,host_59474): 0 -> 1
Cell (virus_2832974,host_999321): 0 -> 1
Cell (virus_2832974,host_867834): 0 -> 1
Cell (virus_2832974,host_143942): 0 -> 1
Cell (virus_2832974,host_2491053): 0 -> 1
Cell (virus_2832974,host_258959): 0 -> 1
Cell (virus_2832974,host_526822): 0 -> 1
Cell (virus_1928434,host_105273): 0 -> 1
Cell (virus_1928434,host_109478): 0 -> 1
Cell (virus_1928434,host_9435): 0 -> 1
Cell (virus_1928434,host_59463): 0 -> 1
Cell (virus_1928434,host_109480): 0 -> 1
Cell (virus_1928434,host_1633875): 0 -> 1
Cell (virus_1928434,host_2528591): 0 -> 1
Cell (virus_1928434,host_109482): 0 -> 1
Cell (virus_1928434,host_51298): 0 -> 1
Cell (virus_1928434,host_1911917): 0 -> 1
Cell (virus_1928434,host_203696): 0 -> 1
Cell (virus_1928434,host_452653): 0 -> 1
Cell (virus_1928434,host_155915): 0 -> 1
Cell (virus_1928434,host_225400): 0 -> 1
Cell (virus_1928434,host_155035): 0 -> 1
Cell (virus_1928434,host_633648): 0 -> 1
Cell (virus_1928434,host_258925): 0 -> 1
Cell (virus_1928434,host_177185): 0 -> 1
Cell (virus_1928434,host_187017): 0 -> 1
Cell (virus_1928434,host_270698): 0 -> 1
Cell (virus_1928434,host_334201): 0 -> 1
Cell (virus_1928434,host_249020): 0 -> 1
Cell (virus_1928434,host_584995): 0 -> 1
Cell (virus_1928434,host_302402): 0 -> 1
Cell (virus_1928434,host_58069): 0 -> 1
Cell (virus_1928434,host_118856): 0 -> 1
Cell (virus_1928434,host_59476): 0 -> 1
Cell (virus_1928434,host_177160): 0 -> 1
Cell (virus_1928434,host_148089): 0 -> 1
Cell (virus_1928434,host_3042450): 0 -> 1
Cell (virus_1928434,host_59472): 0 -> 1
Cell (virus_1928434,host_9414): 0 -> 1
Cell (virus_1928434,host_1434095): 0 -> 1
Cell (virus_1928434,host_291302): 0 -> 1
Cell (virus_1928434,host_221087): 0 -> 1
Cell (virus_1928434,host_187007): 0 -> 1
Cell (virus_1928434,host_9433): 0 -> 1
Cell (virus_1928434,host_438766): 0 -> 1
Cell (virus_1928434,host_258934): 0 -> 1
Cell (virus_1928434,host_479723): 0 -> 1
Cell (virus_1928434,host_124751): 0 -> 1
Cell (virus_1928434,host_3041509): 0 -> 1
Cell (virus_1928434,host_2218597): 0 -> 1
Cell (virus_1928434,host_258867): 0 -> 1
Cell (virus_1928434,host_242384): 0 -> 1
Cell (virus_1928434,host_258863): 0 -> 1
Cell (virus_1928434,host_452595): 0 -> 1
Cell (virus_1928434,host_999964): 0 -> 1
Cell (virus_1928434,host_9438): 0 -> 1
Cell (virus_1928434,host_153297): 0 -> 1
Cell (virus_1928434,host_258952): 0 -> 1
Cell (virus_1928434,host_258930): 0 -> 1
Cell (virus_1928434,host_61862): 0 -> 1
Cell (virus_1928434,host_109485): 0 -> 1
Cell (virus_1928434,host_59474): 0 -> 1
Cell (virus_1928434,host_999321): 0 -> 1
Cell (virus_1928434,host_867834): 0 -> 1
Cell (virus_1928434,host_143942): 0 -> 1
Cell (virus_1928434,host_2491053): 0 -> 1
Cell (virus_1928434,host_258959): 0 -> 1
Cell (virus_1928434,host_526822): 0 -> 1
Cell (virus_3433757,host_105273): 0 -> 1
Cell (virus_3433757,host_109478): 0 -> 1
Cell (virus_3433757,host_9435): 0 -> 1
Cell (virus_3433757,host_59463): 0 -> 1
Cell (virus_3433757,host_109480): 0 -> 1
Cell (virus_3433757,host_1633875): 0 -> 1
Cell (virus_3433757,host_2528591): 0 -> 1
Cell (virus_3433757,host_109482): 0 -> 1
Cell (virus_3433757,host_51298): 0 -> 1
Cell (virus_3433757,host_1911917): 0 -> 1
Cell (virus_3433757,host_203696): 0 -> 1
Cell (virus_3433757,host_452653): 0 -> 1
Cell (virus_3433757,host_155915): 0 -> 1
Cell (virus_3433757,host_225400): 0 -> 1
Cell (virus_3433757,host_155035): 0 -> 1
Cell (virus_3433757,host_633648): 0 -> 1
Cell (virus_3433757,host_258925): 0 -> 1
Cell (virus_3433757,host_177185): 0 -> 1
Cell (virus_3433757,host_187017): 0 -> 1
Cell (virus_3433757,host_270698): 0 -> 1
Cell (virus_3433757,host_334201): 0 -> 1
Cell (virus_3433757,host_249020): 0 -> 1
Cell (virus_3433757,host_584995): 0 -> 1
Cell (virus_3433757,host_302402): 0 -> 1
Cell (virus_3433757,host_58069): 0 -> 1
Cell (virus_3433757,host_118856): 0 -> 1
Cell (virus_3433757,host_59476): 0 -> 1
Cell (virus_3433757,host_177160): 0 -> 1
Cell (virus_3433757,host_148089): 0 -> 1
Cell (virus_3433757,host_3042450): 0 -> 1
Cell (virus_3433757,host_59472): 0 -> 1
Cell (virus_3433757,host_9414): 0 -> 1
Cell (virus_3433757,host_1434095): 0 -> 1
Cell (virus_3433757,host_291302): 0 -> 1
Cell (virus_3433757,host_221087): 0 -> 1
Cell (virus_3433757,host_187007): 0 -> 1
Cell (virus_3433757,host_9433): 0 -> 1
Cell (virus_3433757,host_438766): 0 -> 1
Cell (virus_3433757,host_258934): 0 -> 1
Cell (virus_3433757,host_479723): 0 -> 1
Cell (virus_3433757,host_124751): 0 -> 1
Cell (virus_3433757,host_3041509): 0 -> 1
Cell (virus_3433757,host_2218597): 0 -> 1
Cell (virus_3433757,host_258867): 0 -> 1
Cell (virus_3433757,host_242384): 0 -> 1
Cell (virus_3433757,host_258863): 0 -> 1
Cell (virus_3433757,host_452595): 0 -> 1
Cell (virus_3433757,host_999964): 0 -> 1
Cell (virus_3433757,host_9438): 0 -> 1
Cell (virus_3433757,host_153297): 0 -> 1
Cell (virus_3433757,host_249034): 0 -> 1
Cell (virus_3433757,host_258952): 0 -> 1
Cell (virus_3433757,host_258930): 0 -> 1
Cell (virus_3433757,host_61862): 0 -> 1
Cell (virus_3433757,host_109485): 0 -> 1
Cell (virus_3433757,host_59474): 0 -> 1
Cell (virus_3433757,host_999321): 0 -> 1
Cell (virus_3433757,host_867834): 0 -> 1
Cell (virus_3433757,host_143942): 0 -> 1
Cell (virus_3433757,host_2491053): 0 -> 1
Cell (virus_3433757,host_258959): 0 -> 1
Cell (virus_3433757,host_526822): 0 -> 1
Cell (virus_694003,host_105273): 0 -> 1
Cell (virus_694003,host_109478): 0 -> 1
Cell (virus_694003,host_9435): 0 -> 1
Cell (virus_694003,host_59463): 0 -> 1
Cell (virus_694003,host_109480): 0 -> 1
Cell (virus_694003,host_1633875): 0 -> 1
Cell (virus_694003,host_2528591): 0 -> 1
Cell (virus_694003,host_109482): 0 -> 1
Cell (virus_694003,host_51298): 0 -> 1
Cell (virus_694003,host_1911917): 0 -> 1
Cell (virus_694003,host_203696): 0 -> 1
Cell (virus_694003,host_452653): 0 -> 1
Cell (virus_694003,host_155915): 0 -> 1
Cell (virus_694003,host_225400): 0 -> 1
Cell (virus_694003,host_155035): 0 -> 1
Cell (virus_694003,host_633648): 0 -> 1
Cell (virus_694003,host_258925): 0 -> 1
Cell (virus_694003,host_177185): 0 -> 1
Cell (virus_694003,host_187017): 0 -> 1
Cell (virus_694003,host_270698): 0 -> 1
Cell (virus_694003,host_334201): 0 -> 1
Cell (virus_694003,host_249020): 0 -> 1
Cell (virus_694003,host_584995): 0 -> 1
Cell (virus_694003,host_302402): 0 -> 1
Cell (virus_694003,host_58069): 0 -> 1
Cell (virus_694003,host_118856): 0 -> 1
Cell (virus_694003,host_59476): 0 -> 1
Cell (virus_694003,host_177160): 0 -> 1
Cell (virus_694003,host_148089): 0 -> 1
Cell (virus_694003,host_3042450): 0 -> 1
Cell (virus_694003,host_59472): 0 -> 1
Cell (virus_694003,host_9414): 0 -> 1
Cell (virus_694003,host_1434095): 0 -> 1
Cell (virus_694003,host_291302): 0 -> 1
Cell (virus_694003,host_221087): 0 -> 1
Cell (virus_694003,host_187007): 0 -> 1
Cell (virus_694003,host_9433): 0 -> 1
Cell (virus_694003,host_438766): 0 -> 1
Cell (virus_694003,host_258934): 0 -> 1
Cell (virus_694003,host_479723): 0 -> 1
Cell (virus_694003,host_124751): 0 -> 1
Cell (virus_694003,host_3041509): 0 -> 1
Cell (virus_694003,host_2218597): 0 -> 1
Cell (virus_694003,host_258867): 0 -> 1
Cell (virus_694003,host_242384): 0 -> 1
Cell (virus_694003,host_258863): 0 -> 1
Cell (virus_694003,host_452595): 0 -> 1
Cell (virus_694003,host_999964): 0 -> 1
Cell (virus_694003,host_9438): 0 -> 1
Cell (virus_694003,host_153297): 0 -> 1
Cell (virus_694003,host_249034): 0 -> 1
Cell (virus_694003,host_258952): 0 -> 1
Cell (virus_694003,host_258930): 0 -> 1
Cell (virus_694003,host_61862): 0 -> 1
Cell (virus_694003,host_109485): 0 -> 1
Cell (virus_694003,host_59474): 0 -> 1
Cell (virus_694003,host_999321): 0 -> 1
Cell (virus_694003,host_867834): 0 -> 1
Cell (virus_694003,host_143942): 0 -> 1
Cell (virus_694003,host_2491053): 0 -> 1
Cell (virus_694003,host_258959): 0 -> 1
Cell (virus_694003,host_526822): 0 -> 1
Cell (virus_2717680,host_105273): 0 -> 1
Cell (virus_2717680,host_105295): 0 -> 1
Cell (virus_2717680,host_109478): 0 -> 1
Cell (virus_2717680,host_9435): 0 -> 1
Cell (virus_2717680,host_59463): 0 -> 1
Cell (virus_2717680,host_109480): 0 -> 1
Cell (virus_2717680,host_1633875): 0 -> 1
Cell (virus_2717680,host_2528591): 0 -> 1
Cell (virus_2717680,host_109482): 0 -> 1
Cell (virus_2717680,host_51298): 0 -> 1
Cell (virus_2717680,host_1911917): 0 -> 1
Cell (virus_2717680,host_59461): 0 -> 1
Cell (virus_2717680,host_203696): 0 -> 1
Cell (virus_2717680,host_452653): 0 -> 1
Cell (virus_2717680,host_155915): 0 -> 1
Cell (virus_2717680,host_225400): 0 -> 1
Cell (virus_2717680,host_385037): 0 -> 1
Cell (virus_2717680,host_155035): 0 -> 1
Cell (virus_2717680,host_633648): 0 -> 1
Cell (virus_2717680,host_258925): 0 -> 1
Cell (virus_2717680,host_177185): 0 -> 1
Cell (virus_2717680,host_187017): 0 -> 1
Cell (virus_2717680,host_270698): 0 -> 1
Cell (virus_2717680,host_334201): 0 -> 1
Cell (virus_2717680,host_249020): 0 -> 1
Cell (virus_2717680,host_584995): 0 -> 1
Cell (virus_2717680,host_302402): 0 -> 1
Cell (virus_2717680,host_463808): 0 -> 1
Cell (virus_2717680,host_58069): 0 -> 1
Cell (virus_2717680,host_118856): 0 -> 1
Cell (virus_2717680,host_59476): 0 -> 1
Cell (virus_2717680,host_177160): 0 -> 1
Cell (virus_2717680,host_2994998): 0 -> 1
Cell (virus_2717680,host_3042450): 0 -> 1
Cell (virus_2717680,host_59472): 0 -> 1
Cell (virus_2717680,host_9414): 0 -> 1
Cell (virus_2717680,host_1434095): 0 -> 1
Cell (virus_2717680,host_291302): 0 -> 1
Cell (virus_2717680,host_221087): 0 -> 1
Cell (virus_2717680,host_187007): 0 -> 1
Cell (virus_2717680,host_187008): 0 -> 1
Cell (virus_2717680,host_258934): 0 -> 1
Cell (virus_2717680,host_479723): 0 -> 1
Cell (virus_2717680,host_3041509): 0 -> 1
Cell (virus_2717680,host_2218597): 0 -> 1
Cell (virus_2717680,host_258867): 0 -> 1
Cell (virus_2717680,host_242384): 0 -> 1
Cell (virus_2717680,host_258863): 0 -> 1
Cell (virus_2717680,host_452595): 0 -> 1
Cell (virus_2717680,host_3370289): 0 -> 1
Cell (virus_2717680,host_999964): 0 -> 1
Cell (virus_2717680,host_9438): 0 -> 1
Cell (virus_2717680,host_153297): 0 -> 1
Cell (virus_2717680,host_258952): 0 -> 1
Cell (virus_2717680,host_249033): 0 -> 1
Cell (virus_2717680,host_258930): 0 -> 1
Cell (virus_2717680,host_61862): 0 -> 1
Cell (virus_2717680,host_109485): 0 -> 1
Cell (virus_2717680,host_59474): 0 -> 1
Cell (virus_2717680,host_999321): 0 -> 1
Cell (virus_2717680,host_867834): 0 -> 1
Cell (virus_2717680,host_143942): 0 -> 1
Cell (virus_2717680,host_258889): 0 -> 1
Cell (virus_2717680,host_2491053): 0 -> 1
Cell (virus_2717680,host_258959): 0 -> 1
Cell (virus_2717680,host_526822): 0 -> 1
Cell (virus_2833022,host_105273): 0 -> 1
Cell (virus_2833022,host_109478): 0 -> 1
Cell (virus_2833022,host_9435): 0 -> 1
Cell (virus_2833022,host_59463): 0 -> 1
Cell (virus_2833022,host_109480): 0 -> 1
Cell (virus_2833022,host_1633875): 0 -> 1
Cell (virus_2833022,host_2528591): 0 -> 1
Cell (virus_2833022,host_109482): 0 -> 1
Cell (virus_2833022,host_51298): 0 -> 1
Cell (virus_2833022,host_1911917): 0 -> 1
Cell (virus_2833022,host_59461): 0 -> 1
Cell (virus_2833022,host_203696): 0 -> 1
Cell (virus_2833022,host_452653): 0 -> 1
Cell (virus_2833022,host_225400): 0 -> 1
Cell (virus_2833022,host_385037): 0 -> 1
Cell (virus_2833022,host_155035): 0 -> 1
Cell (virus_2833022,host_633648): 0 -> 1
Cell (virus_2833022,host_258925): 0 -> 1
Cell (virus_2833022,host_177185): 0 -> 1
Cell (virus_2833022,host_187017): 0 -> 1
Cell (virus_2833022,host_270698): 0 -> 1
Cell (virus_2833022,host_334201): 0 -> 1
Cell (virus_2833022,host_249020): 0 -> 1
Cell (virus_2833022,host_584995): 0 -> 1
Cell (virus_2833022,host_302402): 0 -> 1
Cell (virus_2833022,host_463808): 0 -> 1
Cell (virus_2833022,host_58069): 0 -> 1
Cell (virus_2833022,host_118856): 0 -> 1
Cell (virus_2833022,host_59476): 0 -> 1
Cell (virus_2833022,host_177160): 0 -> 1
Cell (virus_2833022,host_2994998): 0 -> 1
Cell (virus_2833022,host_3042450): 0 -> 1
Cell (virus_2833022,host_59472): 0 -> 1
Cell (virus_2833022,host_9414): 0 -> 1
Cell (virus_2833022,host_1434095): 0 -> 1
Cell (virus_2833022,host_291302): 0 -> 1
Cell (virus_2833022,host_221087): 0 -> 1
Cell (virus_2833022,host_187007): 0 -> 1
Cell (virus_2833022,host_187008): 0 -> 1
Cell (virus_2833022,host_258934): 0 -> 1
Cell (virus_2833022,host_479723): 0 -> 1
Cell (virus_2833022,host_3041509): 0 -> 1
Cell (virus_2833022,host_2218597): 0 -> 1
Cell (virus_2833022,host_258867): 0 -> 1
Cell (virus_2833022,host_242384): 0 -> 1
Cell (virus_2833022,host_258863): 0 -> 1
Cell (virus_2833022,host_452595): 0 -> 1
Cell (virus_2833022,host_3370289): 0 -> 1
Cell (virus_2833022,host_999964): 0 -> 1
Cell (virus_2833022,host_9438): 0 -> 1
Cell (virus_2833022,host_153297): 0 -> 1
Cell (virus_2833022,host_258952): 0 -> 1
Cell (virus_2833022,host_249033): 0 -> 1
Cell (virus_2833022,host_258930): 0 -> 1
Cell (virus_2833022,host_61862): 0 -> 1
Cell (virus_2833022,host_109485): 0 -> 1
Cell (virus_2833022,host_59474): 0 -> 1
Cell (virus_2833022,host_999321): 0 -> 1
Cell (virus_2833022,host_867834): 0 -> 1
Cell (virus_2833022,host_143942): 0 -> 1
Cell (virus_2833022,host_258889): 0 -> 1
Cell (virus_2833022,host_2491053): 0 -> 1
Cell (virus_2833022,host_258959): 0 -> 1
Cell (virus_2833022,host_526822): 0 -> 1
Cell (virus_2913444,host_105273): 0 -> 1
Cell (virus_2913444,host_105295): 0 -> 1
Cell (virus_2913444,host_109478): 0 -> 1
Cell (virus_2913444,host_9435): 0 -> 1
Cell (virus_2913444,host_59463): 0 -> 1
Cell (virus_2913444,host_109480): 0 -> 1
Cell (virus_2913444,host_1633875): 0 -> 1
Cell (virus_2913444,host_2528591): 0 -> 1
Cell (virus_2913444,host_109482): 0 -> 1
Cell (virus_2913444,host_51298): 0 -> 1
Cell (virus_2913444,host_1911917): 0 -> 1
Cell (virus_2913444,host_59461): 0 -> 1
Cell (virus_2913444,host_203696): 0 -> 1
Cell (virus_2913444,host_452653): 0 -> 1
Cell (virus_2913444,host_155915): 0 -> 1
Cell (virus_2913444,host_225400): 0 -> 1
Cell (virus_2913444,host_385037): 0 -> 1
Cell (virus_2913444,host_155035): 0 -> 1
Cell (virus_2913444,host_633648): 0 -> 1
Cell (virus_2913444,host_258925): 0 -> 1
Cell (virus_2913444,host_177185): 0 -> 1
Cell (virus_2913444,host_187017): 0 -> 1
Cell (virus_2913444,host_270698): 0 -> 1
Cell (virus_2913444,host_334201): 0 -> 1
Cell (virus_2913444,host_249020): 0 -> 1
Cell (virus_2913444,host_584995): 0 -> 1
Cell (virus_2913444,host_302402): 0 -> 1
Cell (virus_2913444,host_463808): 0 -> 1
Cell (virus_2913444,host_58069): 0 -> 1
Cell (virus_2913444,host_118856): 0 -> 1
Cell (virus_2913444,host_59476): 0 -> 1
Cell (virus_2913444,host_177160): 0 -> 1
Cell (virus_2913444,host_2994998): 0 -> 1
Cell (virus_2913444,host_3042450): 0 -> 1
Cell (virus_2913444,host_59472): 0 -> 1
Cell (virus_2913444,host_9414): 0 -> 1
Cell (virus_2913444,host_1434095): 0 -> 1
Cell (virus_2913444,host_291302): 0 -> 1
Cell (virus_2913444,host_221087): 0 -> 1
Cell (virus_2913444,host_187007): 0 -> 1
Cell (virus_2913444,host_187008): 0 -> 1
Cell (virus_2913444,host_258934): 0 -> 1
Cell (virus_2913444,host_479723): 0 -> 1
Cell (virus_2913444,host_3041509): 0 -> 1
Cell (virus_2913444,host_2218597): 0 -> 1
Cell (virus_2913444,host_258867): 0 -> 1
Cell (virus_2913444,host_242384): 0 -> 1
Cell (virus_2913444,host_258863): 0 -> 1
Cell (virus_2913444,host_452595): 0 -> 1
Cell (virus_2913444,host_3370289): 0 -> 1
Cell (virus_2913444,host_999964): 0 -> 1
Cell (virus_2913444,host_9438): 0 -> 1
Cell (virus_2913444,host_153297): 0 -> 1
Cell (virus_2913444,host_258952): 0 -> 1
Cell (virus_2913444,host_249033): 0 -> 1
Cell (virus_2913444,host_258930): 0 -> 1
Cell (virus_2913444,host_61862): 0 -> 1
Cell (virus_2913444,host_109485): 0 -> 1
Cell (virus_2913444,host_59474): 0 -> 1
Cell (virus_2913444,host_999321): 0 -> 1
Cell (virus_2913444,host_867834): 0 -> 1
Cell (virus_2913444,host_143942): 0 -> 1
Cell (virus_2913444,host_258889): 0 -> 1
Cell (virus_2913444,host_2491053): 0 -> 1
Cell (virus_2913444,host_258959): 0 -> 1
Cell (virus_2913444,host_526822): 0 -> 1
Cell (virus_3418614,host_105273): 0 -> 1
Cell (virus_3418614,host_109478): 0 -> 1
Cell (virus_3418614,host_9435): 0 -> 1
Cell (virus_3418614,host_59463): 0 -> 1
Cell (virus_3418614,host_109480): 0 -> 1
Cell (virus_3418614,host_1633875): 0 -> 1
Cell (virus_3418614,host_109481): 0 -> 1
Cell (virus_3418614,host_2528591): 0 -> 1
Cell (virus_3418614,host_109482): 0 -> 1
Cell (virus_3418614,host_51298): 0 -> 1
Cell (virus_3418614,host_1911917): 0 -> 1
Cell (virus_3418614,host_59461): 0 -> 1
Cell (virus_3418614,host_203696): 0 -> 1
Cell (virus_3418614,host_452653): 0 -> 1
Cell (virus_3418614,host_155915): 0 -> 1
Cell (virus_3418614,host_225400): 0 -> 1
Cell (virus_3418614,host_385037): 0 -> 1
Cell (virus_3418614,host_155035): 0 -> 1
Cell (virus_3418614,host_633648): 0 -> 1
Cell (virus_3418614,host_258925): 0 -> 1
Cell (virus_3418614,host_177185): 0 -> 1
Cell (virus_3418614,host_187017): 0 -> 1
Cell (virus_3418614,host_270698): 0 -> 1
Cell (virus_3418614,host_334201): 0 -> 1
Cell (virus_3418614,host_249020): 0 -> 1
Cell (virus_3418614,host_584995): 0 -> 1
Cell (virus_3418614,host_302402): 0 -> 1
Cell (virus_3418614,host_463808): 0 -> 1
Cell (virus_3418614,host_58069): 0 -> 1
Cell (virus_3418614,host_608659): 0 -> 1
Cell (virus_3418614,host_118856): 0 -> 1
Cell (virus_3418614,host_59476): 0 -> 1
Cell (virus_3418614,host_177160): 0 -> 1
Cell (virus_3418614,host_2994998): 0 -> 1
Cell (virus_3418614,host_3042450): 0 -> 1
Cell (virus_3418614,host_59472): 0 -> 1
Cell (virus_3418614,host_9414): 0 -> 1
Cell (virus_3418614,host_1434095): 0 -> 1
Cell (virus_3418614,host_291302): 0 -> 1
Cell (virus_3418614,host_221087): 0 -> 1
Cell (virus_3418614,host_187007): 0 -> 1
Cell (virus_3418614,host_187008): 0 -> 1
Cell (virus_3418614,host_258934): 0 -> 1
Cell (virus_3418614,host_479723): 0 -> 1
Cell (virus_3418614,host_3041509): 0 -> 1
Cell (virus_3418614,host_2218597): 0 -> 1
Cell (virus_3418614,host_258867): 0 -> 1
Cell (virus_3418614,host_242384): 0 -> 1
Cell (virus_3418614,host_258863): 0 -> 1
Cell (virus_3418614,host_452595): 0 -> 1
Cell (virus_3418614,host_3370289): 0 -> 1
Cell (virus_3418614,host_999964): 0 -> 1
Cell (virus_3418614,host_9438): 0 -> 1
Cell (virus_3418614,host_153297): 0 -> 1
Cell (virus_3418614,host_258952): 0 -> 1
Cell (virus_3418614,host_249033): 0 -> 1
Cell (virus_3418614,host_258930): 0 -> 1
Cell (virus_3418614,host_61862): 0 -> 1
Cell (virus_3418614,host_109485): 0 -> 1
Cell (virus_3418614,host_59474): 0 -> 1
Cell (virus_3418614,host_999321): 0 -> 1
Cell (virus_3418614,host_867834): 0 -> 1
Cell (virus_3418614,host_143942): 0 -> 1
Cell (virus_3418614,host_2491053): 0 -> 1
Cell (virus_3418614,host_258959): 0 -> 1
Cell (virus_3418614,host_526822): 0 -> 1
Cell (virus_2913379,host_105273): 0 -> 1
Cell (virus_2913379,host_109478): 0 -> 1
Cell (virus_2913379,host_9435): 0 -> 1
Cell (virus_2913379,host_59463): 0 -> 1
Cell (virus_2913379,host_109480): 0 -> 1
Cell (virus_2913379,host_1633875): 0 -> 1
Cell (virus_2913379,host_2528591): 0 -> 1
Cell (virus_2913379,host_109482): 0 -> 1
Cell (virus_2913379,host_51298): 0 -> 1
Cell (virus_2913379,host_1911917): 0 -> 1
Cell (virus_2913379,host_59461): 0 -> 1
Cell (virus_2913379,host_203696): 0 -> 1
Cell (virus_2913379,host_452653): 0 -> 1
Cell (virus_2913379,host_155915): 0 -> 1
Cell (virus_2913379,host_225400): 0 -> 1
Cell (virus_2913379,host_385037): 0 -> 1
Cell (virus_2913379,host_155035): 0 -> 1
Cell (virus_2913379,host_633648): 0 -> 1
Cell (virus_2913379,host_258925): 0 -> 1
Cell (virus_2913379,host_177185): 0 -> 1
Cell (virus_2913379,host_187017): 0 -> 1
Cell (virus_2913379,host_270698): 0 -> 1
Cell (virus_2913379,host_334201): 0 -> 1
Cell (virus_2913379,host_249020): 0 -> 1
Cell (virus_2913379,host_584995): 0 -> 1
Cell (virus_2913379,host_302402): 0 -> 1
Cell (virus_2913379,host_58069): 0 -> 1
Cell (virus_2913379,host_118856): 0 -> 1
Cell (virus_2913379,host_59476): 0 -> 1
Cell (virus_2913379,host_177160): 0 -> 1
Cell (virus_2913379,host_27638): 0 -> 1
Cell (virus_2913379,host_2994998): 0 -> 1
Cell (virus_2913379,host_3042450): 0 -> 1
Cell (virus_2913379,host_59472): 0 -> 1
Cell (virus_2913379,host_9414): 0 -> 1
Cell (virus_2913379,host_1434095): 0 -> 1
Cell (virus_2913379,host_291302): 0 -> 1
Cell (virus_2913379,host_221087): 0 -> 1
Cell (virus_2913379,host_187007): 0 -> 1
Cell (virus_2913379,host_187008): 0 -> 1
Cell (virus_2913379,host_258934): 0 -> 1
Cell (virus_2913379,host_479723): 0 -> 1
Cell (virus_2913379,host_124751): 0 -> 1
Cell (virus_2913379,host_3041509): 0 -> 1
Cell (virus_2913379,host_2218597): 0 -> 1
Cell (virus_2913379,host_258867): 0 -> 1
Cell (virus_2913379,host_242384): 0 -> 1
Cell (virus_2913379,host_258863): 0 -> 1
Cell (virus_2913379,host_452595): 0 -> 1
Cell (virus_2913379,host_3370289): 0 -> 1
Cell (virus_2913379,host_999964): 0 -> 1
Cell (virus_2913379,host_9438): 0 -> 1
Cell (virus_2913379,host_153297): 0 -> 1
Cell (virus_2913379,host_258952): 0 -> 1
Cell (virus_2913379,host_249033): 0 -> 1
Cell (virus_2913379,host_258930): 0 -> 1
Cell (virus_2913379,host_61862): 0 -> 1
Cell (virus_2913379,host_109485): 0 -> 1
Cell (virus_2913379,host_59474): 0 -> 1
Cell (virus_2913379,host_999321): 0 -> 1
Cell (virus_2913379,host_867834): 0 -> 1
Cell (virus_2913379,host_143942): 0 -> 1
Cell (virus_2913379,host_2491053): 0 -> 1
Cell (virus_2913379,host_258959): 0 -> 1
Cell (virus_2913379,host_526822): 0 -> 1
Cell (virus_2913381,host_105273): 0 -> 1
Cell (virus_2913381,host_109478): 0 -> 1
Cell (virus_2913381,host_9435): 0 -> 1
Cell (virus_2913381,host_59463): 0 -> 1
Cell (virus_2913381,host_109480): 0 -> 1
Cell (virus_2913381,host_1633875): 0 -> 1
Cell (virus_2913381,host_2528591): 0 -> 1
Cell (virus_2913381,host_109482): 0 -> 1
Cell (virus_2913381,host_51298): 0 -> 1
Cell (virus_2913381,host_1911917): 0 -> 1
Cell (virus_2913381,host_59461): 0 -> 1
Cell (virus_2913381,host_203696): 0 -> 1
Cell (virus_2913381,host_452653): 0 -> 1
Cell (virus_2913381,host_155915): 0 -> 1
Cell (virus_2913381,host_225400): 0 -> 1
Cell (virus_2913381,host_385037): 0 -> 1
Cell (virus_2913381,host_155035): 0 -> 1
Cell (virus_2913381,host_633648): 0 -> 1
Cell (virus_2913381,host_258925): 0 -> 1
Cell (virus_2913381,host_177185): 0 -> 1
Cell (virus_2913381,host_187017): 0 -> 1
Cell (virus_2913381,host_270698): 0 -> 1
Cell (virus_2913381,host_334201): 0 -> 1
Cell (virus_2913381,host_249020): 0 -> 1
Cell (virus_2913381,host_584995): 0 -> 1
Cell (virus_2913381,host_302402): 0 -> 1
Cell (virus_2913381,host_58069): 0 -> 1
Cell (virus_2913381,host_118856): 0 -> 1
Cell (virus_2913381,host_59476): 0 -> 1
Cell (virus_2913381,host_177160): 0 -> 1
Cell (virus_2913381,host_27638): 0 -> 1
Cell (virus_2913381,host_2994998): 0 -> 1
Cell (virus_2913381,host_3042450): 0 -> 1
Cell (virus_2913381,host_59472): 0 -> 1
Cell (virus_2913381,host_9414): 0 -> 1
Cell (virus_2913381,host_1434095): 0 -> 1
Cell (virus_2913381,host_291302): 0 -> 1
Cell (virus_2913381,host_221087): 0 -> 1
Cell (virus_2913381,host_187007): 0 -> 1
Cell (virus_2913381,host_187008): 0 -> 1
Cell (virus_2913381,host_258934): 0 -> 1
Cell (virus_2913381,host_479723): 0 -> 1
Cell (virus_2913381,host_124751): 0 -> 1
Cell (virus_2913381,host_3041509): 0 -> 1
Cell (virus_2913381,host_2218597): 0 -> 1
Cell (virus_2913381,host_258867): 0 -> 1
Cell (virus_2913381,host_242384): 0 -> 1
Cell (virus_2913381,host_258863): 0 -> 1
Cell (virus_2913381,host_452595): 0 -> 1
Cell (virus_2913381,host_3370289): 0 -> 1
Cell (virus_2913381,host_999964): 0 -> 1
Cell (virus_2913381,host_9438): 0 -> 1
Cell (virus_2913381,host_153297): 0 -> 1
Cell (virus_2913381,host_258952): 0 -> 1
Cell (virus_2913381,host_249033): 0 -> 1
Cell (virus_2913381,host_258930): 0 -> 1
Cell (virus_2913381,host_61862): 0 -> 1
Cell (virus_2913381,host_109485): 0 -> 1
Cell (virus_2913381,host_59474): 0 -> 1
Cell (virus_2913381,host_999321): 0 -> 1
Cell (virus_2913381,host_867834): 0 -> 1
Cell (virus_2913381,host_143942): 0 -> 1
Cell (virus_2913381,host_2491053): 0 -> 1
Cell (virus_2913381,host_258959): 0 -> 1
Cell (virus_2913381,host_526822): 0 -> 1
Cell (virus_3418613,host_105273): 0 -> 1
Cell (virus_3418613,host_109478): 0 -> 1
Cell (virus_3418613,host_9435): 0 -> 1
Cell (virus_3418613,host_59463): 0 -> 1
Cell (virus_3418613,host_109480): 0 -> 1
Cell (virus_3418613,host_1633875): 0 -> 1
Cell (virus_3418613,host_2528591): 0 -> 1
Cell (virus_3418613,host_109482): 0 -> 1
Cell (virus_3418613,host_412095): 0 -> 1
Cell (virus_3418613,host_51298): 0 -> 1
Cell (virus_3418613,host_1911917): 0 -> 1
Cell (virus_3418613,host_59461): 0 -> 1
Cell (virus_3418613,host_203696): 0 -> 1
Cell (virus_3418613,host_452653): 0 -> 1
Cell (virus_3418613,host_155915): 0 -> 1
Cell (virus_3418613,host_225400): 0 -> 1
Cell (virus_3418613,host_385037): 0 -> 1
Cell (virus_3418613,host_155035): 0 -> 1
Cell (virus_3418613,host_633648): 0 -> 1
Cell (virus_3418613,host_258925): 0 -> 1
Cell (virus_3418613,host_177185): 0 -> 1
Cell (virus_3418613,host_187017): 0 -> 1
Cell (virus_3418613,host_270698): 0 -> 1
Cell (virus_3418613,host_334201): 0 -> 1
Cell (virus_3418613,host_249020): 0 -> 1
Cell (virus_3418613,host_584995): 0 -> 1
Cell (virus_3418613,host_302402): 0 -> 1
Cell (virus_3418613,host_58069): 0 -> 1
Cell (virus_3418613,host_118856): 0 -> 1
Cell (virus_3418613,host_59476): 0 -> 1
Cell (virus_3418613,host_177160): 0 -> 1
Cell (virus_3418613,host_27638): 0 -> 1
Cell (virus_3418613,host_2994998): 0 -> 1
Cell (virus_3418613,host_3042450): 0 -> 1
Cell (virus_3418613,host_59472): 0 -> 1
Cell (virus_3418613,host_9414): 0 -> 1
Cell (virus_3418613,host_1434095): 0 -> 1
Cell (virus_3418613,host_291302): 0 -> 1
Cell (virus_3418613,host_221087): 0 -> 1
Cell (virus_3418613,host_187007): 0 -> 1
Cell (virus_3418613,host_187008): 0 -> 1
Cell (virus_3418613,host_258934): 0 -> 1
Cell (virus_3418613,host_479723): 0 -> 1
Cell (virus_3418613,host_124751): 0 -> 1
Cell (virus_3418613,host_3041509): 0 -> 1
Cell (virus_3418613,host_2218597): 0 -> 1
Cell (virus_3418613,host_258867): 0 -> 1
Cell (virus_3418613,host_242384): 0 -> 1
Cell (virus_3418613,host_258863): 0 -> 1
Cell (virus_3418613,host_452595): 0 -> 1
Cell (virus_3418613,host_3370289): 0 -> 1
Cell (virus_3418613,host_999964): 0 -> 1
Cell (virus_3418613,host_9438): 0 -> 1
Cell (virus_3418613,host_153297): 0 -> 1
Cell (virus_3418613,host_258952): 0 -> 1
Cell (virus_3418613,host_249033): 0 -> 1
Cell (virus_3418613,host_258930): 0 -> 1
Cell (virus_3418613,host_61862): 0 -> 1
Cell (virus_3418613,host_109485): 0 -> 1
Cell (virus_3418613,host_59474): 0 -> 1
Cell (virus_3418613,host_999321): 0 -> 1
Cell (virus_3418613,host_867834): 0 -> 1
Cell (virus_3418613,host_143942): 0 -> 1
Cell (virus_3418613,host_2491053): 0 -> 1
Cell (virus_3418613,host_258959): 0 -> 1
Cell (virus_3418613,host_526822): 0 -> 1
Cell (virus_2913443,host_105273): 0 -> 1
Cell (virus_2913443,host_109478): 0 -> 1
Cell (virus_2913443,host_9435): 0 -> 1
Cell (virus_2913443,host_59463): 0 -> 1
Cell (virus_2913443,host_109480): 0 -> 1
Cell (virus_2913443,host_1633875): 0 -> 1
Cell (virus_2913443,host_2528591): 0 -> 1
Cell (virus_2913443,host_109482): 0 -> 1
Cell (virus_2913443,host_51298): 0 -> 1
Cell (virus_2913443,host_1911917): 0 -> 1
Cell (virus_2913443,host_59461): 0 -> 1
Cell (virus_2913443,host_203696): 0 -> 1
Cell (virus_2913443,host_452653): 0 -> 1
Cell (virus_2913443,host_155915): 0 -> 1
Cell (virus_2913443,host_225400): 0 -> 1
Cell (virus_2913443,host_385037): 0 -> 1
Cell (virus_2913443,host_155035): 0 -> 1
Cell (virus_2913443,host_633648): 0 -> 1
Cell (virus_2913443,host_258925): 0 -> 1
Cell (virus_2913443,host_177185): 0 -> 1
Cell (virus_2913443,host_187017): 0 -> 1
Cell (virus_2913443,host_270698): 0 -> 1
Cell (virus_2913443,host_334201): 0 -> 1
Cell (virus_2913443,host_249020): 0 -> 1
Cell (virus_2913443,host_584995): 0 -> 1
Cell (virus_2913443,host_302402): 0 -> 1
Cell (virus_2913443,host_58069): 0 -> 1
Cell (virus_2913443,host_118856): 0 -> 1
Cell (virus_2913443,host_59476): 0 -> 1
Cell (virus_2913443,host_177160): 0 -> 1
Cell (virus_2913443,host_2994998): 0 -> 1
Cell (virus_2913443,host_3042450): 0 -> 1
Cell (virus_2913443,host_59472): 0 -> 1
Cell (virus_2913443,host_9414): 0 -> 1
Cell (virus_2913443,host_1434095): 0 -> 1
Cell (virus_2913443,host_291302): 0 -> 1
Cell (virus_2913443,host_221087): 0 -> 1
Cell (virus_2913443,host_187007): 0 -> 1
Cell (virus_2913443,host_187008): 0 -> 1
Cell (virus_2913443,host_258934): 0 -> 1
Cell (virus_2913443,host_479723): 0 -> 1
Cell (virus_2913443,host_124751): 0 -> 1
Cell (virus_2913443,host_3041509): 0 -> 1
Cell (virus_2913443,host_2218597): 0 -> 1
Cell (virus_2913443,host_258867): 0 -> 1
Cell (virus_2913443,host_242384): 0 -> 1
Cell (virus_2913443,host_258863): 0 -> 1
Cell (virus_2913443,host_452595): 0 -> 1
Cell (virus_2913443,host_999964): 0 -> 1
Cell (virus_2913443,host_9438): 0 -> 1
Cell (virus_2913443,host_153297): 0 -> 1
Cell (virus_2913443,host_258952): 0 -> 1
Cell (virus_2913443,host_249033): 0 -> 1
Cell (virus_2913443,host_258930): 0 -> 1
Cell (virus_2913443,host_61862): 0 -> 1
Cell (virus_2913443,host_109485): 0 -> 1
Cell (virus_2913443,host_59474): 0 -> 1
Cell (virus_2913443,host_999321): 0 -> 1
Cell (virus_2913443,host_867834): 0 -> 1
Cell (virus_2913443,host_143942): 0 -> 1
Cell (virus_2913443,host_2491053): 0 -> 1
Cell (virus_2913443,host_258959): 0 -> 1
Cell (virus_2913443,host_526822): 0 -> 1
Cell (virus_2972746,host_105273): 0 -> 1
Cell (virus_2972746,host_109478): 0 -> 1
Cell (virus_2972746,host_9435): 0 -> 1
Cell (virus_2972746,host_59463): 0 -> 1
Cell (virus_2972746,host_109480): 0 -> 1
Cell (virus_2972746,host_1633875): 0 -> 1
Cell (virus_2972746,host_2528591): 0 -> 1
Cell (virus_2972746,host_109482): 0 -> 1
Cell (virus_2972746,host_51298): 0 -> 1
Cell (virus_2972746,host_1911917): 0 -> 1
Cell (virus_2972746,host_59461): 0 -> 1
Cell (virus_2972746,host_203696): 0 -> 1
Cell (virus_2972746,host_452653): 0 -> 1
Cell (virus_2972746,host_155915): 0 -> 1
Cell (virus_2972746,host_225400): 0 -> 1
Cell (virus_2972746,host_385037): 0 -> 1
Cell (virus_2972746,host_155035): 0 -> 1
Cell (virus_2972746,host_633648): 0 -> 1
Cell (virus_2972746,host_258925): 0 -> 1
Cell (virus_2972746,host_177185): 0 -> 1
Cell (virus_2972746,host_187017): 0 -> 1
Cell (virus_2972746,host_270698): 0 -> 1
Cell (virus_2972746,host_334201): 0 -> 1
Cell (virus_2972746,host_249020): 0 -> 1
Cell (virus_2972746,host_584995): 0 -> 1
Cell (virus_2972746,host_302402): 0 -> 1
Cell (virus_2972746,host_58069): 0 -> 1
Cell (virus_2972746,host_118856): 0 -> 1
Cell (virus_2972746,host_59476): 0 -> 1
Cell (virus_2972746,host_177160): 0 -> 1
Cell (virus_2972746,host_2994998): 0 -> 1
Cell (virus_2972746,host_3042450): 0 -> 1
Cell (virus_2972746,host_59472): 0 -> 1
Cell (virus_2972746,host_9414): 0 -> 1
Cell (virus_2972746,host_1434095): 0 -> 1
Cell (virus_2972746,host_291302): 0 -> 1
Cell (virus_2972746,host_221087): 0 -> 1
Cell (virus_2972746,host_187007): 0 -> 1
Cell (virus_2972746,host_187008): 0 -> 1
Cell (virus_2972746,host_258934): 0 -> 1
Cell (virus_2972746,host_479723): 0 -> 1
Cell (virus_2972746,host_124751): 0 -> 1
Cell (virus_2972746,host_3041509): 0 -> 1
Cell (virus_2972746,host_2218597): 0 -> 1
Cell (virus_2972746,host_258867): 0 -> 1
Cell (virus_2972746,host_242384): 0 -> 1
Cell (virus_2972746,host_258863): 0 -> 1
Cell (virus_2972746,host_452595): 0 -> 1
Cell (virus_2972746,host_999964): 0 -> 1
Cell (virus_2972746,host_9438): 0 -> 1
Cell (virus_2972746,host_153297): 0 -> 1
Cell (virus_2972746,host_258952): 0 -> 1
Cell (virus_2972746,host_249033): 0 -> 1
Cell (virus_2972746,host_258930): 0 -> 1
Cell (virus_2972746,host_61862): 0 -> 1
Cell (virus_2972746,host_109485): 0 -> 1
Cell (virus_2972746,host_59474): 0 -> 1
Cell (virus_2972746,host_999321): 0 -> 1
Cell (virus_2972746,host_867834): 0 -> 1
Cell (virus_2972746,host_143942): 0 -> 1
Cell (virus_2972746,host_2491053): 0 -> 1
Cell (virus_2972746,host_258959): 0 -> 1
Cell (virus_2972746,host_526822): 0 -> 1
Cell (virus_1805463,host_105273): 0 -> 1
Cell (virus_1805463,host_109478): 0 -> 1
Cell (virus_1805463,host_9435): 0 -> 1
Cell (virus_1805463,host_257882): 0 -> 1
Cell (virus_1805463,host_59463): 0 -> 1
Cell (virus_1805463,host_109480): 0 -> 1
Cell (virus_1805463,host_1633875): 0 -> 1
Cell (virus_1805463,host_2528591): 0 -> 1
Cell (virus_1805463,host_109482): 0 -> 1
Cell (virus_1805463,host_51298): 0 -> 1
Cell (virus_1805463,host_1911917): 0 -> 1
Cell (virus_1805463,host_203696): 0 -> 1
Cell (virus_1805463,host_452653): 0 -> 1
Cell (virus_1805463,host_138977): 0 -> 1
Cell (virus_1805463,host_138979): 0 -> 1
Cell (virus_1805463,host_159330): 0 -> 1
Cell (virus_1805463,host_452654): 0 -> 1
Cell (virus_1805463,host_587652): 0 -> 1
Cell (virus_1805463,host_155915): 0 -> 1
Cell (virus_1805463,host_225400): 0 -> 1
Cell (virus_1805463,host_155035): 0 -> 1
Cell (virus_1805463,host_633648): 0 -> 1
Cell (virus_1805463,host_258925): 0 -> 1
Cell (virus_1805463,host_177185): 0 -> 1
Cell (virus_1805463,host_187017): 0 -> 1
Cell (virus_1805463,host_270698): 0 -> 1
Cell (virus_1805463,host_334201): 0 -> 1
Cell (virus_1805463,host_249020): 0 -> 1
Cell (virus_1805463,host_584995): 0 -> 1
Cell (virus_1805463,host_302402): 0 -> 1
Cell (virus_1805463,host_58069): 0 -> 1
Cell (virus_1805463,host_118856): 0 -> 1
Cell (virus_1805463,host_59476): 0 -> 1
Cell (virus_1805463,host_177160): 0 -> 1
Cell (virus_1805463,host_2994998): 0 -> 1
Cell (virus_1805463,host_3042450): 0 -> 1
Cell (virus_1805463,host_59472): 0 -> 1
Cell (virus_1805463,host_9414): 0 -> 1
Cell (virus_1805463,host_1434095): 0 -> 1
Cell (virus_1805463,host_291302): 0 -> 1
Cell (virus_1805463,host_221087): 0 -> 1
Cell (virus_1805463,host_187007): 0 -> 1
Cell (virus_1805463,host_187008): 0 -> 1
Cell (virus_1805463,host_258934): 0 -> 1
Cell (virus_1805463,host_479723): 0 -> 1
Cell (virus_1805463,host_124751): 0 -> 1
Cell (virus_1805463,host_3041509): 0 -> 1
Cell (virus_1805463,host_2218597): 0 -> 1
Cell (virus_1805463,host_258867): 0 -> 1
Cell (virus_1805463,host_242384): 0 -> 1
Cell (virus_1805463,host_258863): 0 -> 1
Cell (virus_1805463,host_452595): 0 -> 1
Cell (virus_1805463,host_999964): 0 -> 1
Cell (virus_1805463,host_9438): 0 -> 1
Cell (virus_1805463,host_153297): 0 -> 1
Cell (virus_1805463,host_258952): 0 -> 1
Cell (virus_1805463,host_249033): 0 -> 1
Cell (virus_1805463,host_258930): 0 -> 1
Cell (virus_1805463,host_61862): 0 -> 1
Cell (virus_1805463,host_109485): 0 -> 1
Cell (virus_1805463,host_59474): 0 -> 1
Cell (virus_1805463,host_999321): 0 -> 1
Cell (virus_1805463,host_867834): 0 -> 1
Cell (virus_1805463,host_143942): 0 -> 1
Cell (virus_1805463,host_2491053): 0 -> 1
Cell (virus_1805463,host_258959): 0 -> 1
Cell (virus_1805463,host_526822): 0 -> 1
Cell (virus_3061635,host_105273): 0 -> 1
Cell (virus_3061635,host_109478): 0 -> 1
Cell (virus_3061635,host_9435): 0 -> 1
Cell (virus_3061635,host_257882): 0 -> 1
Cell (virus_3061635,host_59463): 0 -> 1
Cell (virus_3061635,host_109480): 0 -> 1
Cell (virus_3061635,host_1633875): 0 -> 1
Cell (virus_3061635,host_2528591): 0 -> 1
Cell (virus_3061635,host_109482): 0 -> 1
Cell (virus_3061635,host_51298): 0 -> 1
Cell (virus_3061635,host_1911917): 0 -> 1
Cell (virus_3061635,host_203696): 0 -> 1
Cell (virus_3061635,host_452653): 0 -> 1
Cell (virus_3061635,host_138977): 0 -> 1
Cell (virus_3061635,host_138979): 0 -> 1
Cell (virus_3061635,host_159330): 0 -> 1
Cell (virus_3061635,host_452654): 0 -> 1
Cell (virus_3061635,host_587652): 0 -> 1
Cell (virus_3061635,host_155915): 0 -> 1
Cell (virus_3061635,host_225400): 0 -> 1
Cell (virus_3061635,host_155035): 0 -> 1
Cell (virus_3061635,host_633648): 0 -> 1
Cell (virus_3061635,host_258925): 0 -> 1
Cell (virus_3061635,host_177185): 0 -> 1
Cell (virus_3061635,host_187017): 0 -> 1
Cell (virus_3061635,host_270698): 0 -> 1
Cell (virus_3061635,host_334201): 0 -> 1
Cell (virus_3061635,host_249020): 0 -> 1
Cell (virus_3061635,host_584995): 0 -> 1
Cell (virus_3061635,host_302402): 0 -> 1
Cell (virus_3061635,host_58069): 0 -> 1
Cell (virus_3061635,host_118856): 0 -> 1
Cell (virus_3061635,host_59476): 0 -> 1
Cell (virus_3061635,host_177160): 0 -> 1
Cell (virus_3061635,host_2994998): 0 -> 1
Cell (virus_3061635,host_3042450): 0 -> 1
Cell (virus_3061635,host_59472): 0 -> 1
Cell (virus_3061635,host_9414): 0 -> 1
Cell (virus_3061635,host_1434095): 0 -> 1
Cell (virus_3061635,host_291302): 0 -> 1
Cell (virus_3061635,host_221087): 0 -> 1
Cell (virus_3061635,host_187007): 0 -> 1
Cell (virus_3061635,host_187008): 0 -> 1
Cell (virus_3061635,host_258934): 0 -> 1
Cell (virus_3061635,host_479723): 0 -> 1
Cell (virus_3061635,host_124751): 0 -> 1
Cell (virus_3061635,host_3041509): 0 -> 1
Cell (virus_3061635,host_2218597): 0 -> 1
Cell (virus_3061635,host_258867): 0 -> 1
Cell (virus_3061635,host_242384): 0 -> 1
Cell (virus_3061635,host_258863): 0 -> 1
Cell (virus_3061635,host_452595): 0 -> 1
Cell (virus_3061635,host_999964): 0 -> 1
Cell (virus_3061635,host_9438): 0 -> 1
Cell (virus_3061635,host_153297): 0 -> 1
Cell (virus_3061635,host_258952): 0 -> 1
Cell (virus_3061635,host_249033): 0 -> 1
Cell (virus_3061635,host_258930): 0 -> 1
Cell (virus_3061635,host_61862): 0 -> 1
Cell (virus_3061635,host_109485): 0 -> 1
Cell (virus_3061635,host_59474): 0 -> 1
Cell (virus_3061635,host_999321): 0 -> 1
Cell (virus_3061635,host_867834): 0 -> 1
Cell (virus_3061635,host_143942): 0 -> 1
Cell (virus_3061635,host_2491053): 0 -> 1
Cell (virus_3061635,host_258959): 0 -> 1
Cell (virus_3061635,host_526822): 0 -> 1
Cell (virus_3068888,host_105273): 0 -> 1
Cell (virus_3068888,host_109478): 0 -> 1
Cell (virus_3068888,host_9435): 0 -> 1
Cell (virus_3068888,host_257882): 0 -> 1
Cell (virus_3068888,host_59463): 0 -> 1
Cell (virus_3068888,host_109480): 0 -> 1
Cell (virus_3068888,host_1633875): 0 -> 1
Cell (virus_3068888,host_2528591): 0 -> 1
Cell (virus_3068888,host_109482): 0 -> 1
Cell (virus_3068888,host_51298): 0 -> 1
Cell (virus_3068888,host_1911917): 0 -> 1
Cell (virus_3068888,host_203696): 0 -> 1
Cell (virus_3068888,host_452653): 0 -> 1
Cell (virus_3068888,host_138977): 0 -> 1
Cell (virus_3068888,host_138979): 0 -> 1
Cell (virus_3068888,host_159330): 0 -> 1
Cell (virus_3068888,host_452654): 0 -> 1
Cell (virus_3068888,host_587652): 0 -> 1
Cell (virus_3068888,host_155915): 0 -> 1
Cell (virus_3068888,host_225400): 0 -> 1
Cell (virus_3068888,host_155035): 0 -> 1
Cell (virus_3068888,host_633648): 0 -> 1
Cell (virus_3068888,host_258925): 0 -> 1
Cell (virus_3068888,host_177185): 0 -> 1
Cell (virus_3068888,host_187017): 0 -> 1
Cell (virus_3068888,host_270698): 0 -> 1
Cell (virus_3068888,host_334201): 0 -> 1
Cell (virus_3068888,host_249020): 0 -> 1
Cell (virus_3068888,host_584995): 0 -> 1
Cell (virus_3068888,host_302402): 0 -> 1
Cell (virus_3068888,host_58069): 0 -> 1
Cell (virus_3068888,host_118856): 0 -> 1
Cell (virus_3068888,host_59476): 0 -> 1
Cell (virus_3068888,host_177160): 0 -> 1
Cell (virus_3068888,host_2994998): 0 -> 1
Cell (virus_3068888,host_3042450): 0 -> 1
Cell (virus_3068888,host_59472): 0 -> 1
Cell (virus_3068888,host_9414): 0 -> 1
Cell (virus_3068888,host_1434095): 0 -> 1
Cell (virus_3068888,host_291302): 0 -> 1
Cell (virus_3068888,host_221087): 0 -> 1
Cell (virus_3068888,host_187007): 0 -> 1
Cell (virus_3068888,host_187008): 0 -> 1
Cell (virus_3068888,host_258934): 0 -> 1
Cell (virus_3068888,host_479723): 0 -> 1
Cell (virus_3068888,host_124751): 0 -> 1
Cell (virus_3068888,host_3041509): 0 -> 1
Cell (virus_3068888,host_2218597): 0 -> 1
Cell (virus_3068888,host_258867): 0 -> 1
Cell (virus_3068888,host_242384): 0 -> 1
Cell (virus_3068888,host_258863): 0 -> 1
Cell (virus_3068888,host_452595): 0 -> 1
Cell (virus_3068888,host_999964): 0 -> 1
Cell (virus_3068888,host_9438): 0 -> 1
Cell (virus_3068888,host_153297): 0 -> 1
Cell (virus_3068888,host_258952): 0 -> 1
Cell (virus_3068888,host_249033): 0 -> 1
Cell (virus_3068888,host_258930): 0 -> 1
Cell (virus_3068888,host_61862): 0 -> 1
Cell (virus_3068888,host_109485): 0 -> 1
Cell (virus_3068888,host_59474): 0 -> 1
Cell (virus_3068888,host_999321): 0 -> 1
Cell (virus_3068888,host_867834): 0 -> 1
Cell (virus_3068888,host_143942): 0 -> 1
Cell (virus_3068888,host_2491053): 0 -> 1
Cell (virus_3068888,host_258959): 0 -> 1
Cell (virus_3068888,host_526822): 0 -> 1
Cell (virus_2833184,host_105273): 0 -> 1
Cell (virus_2833184,host_109478): 0 -> 1
Cell (virus_2833184,host_9435): 0 -> 1
Cell (virus_2833184,host_257882): 0 -> 1
Cell (virus_2833184,host_59463): 0 -> 1
Cell (virus_2833184,host_109480): 0 -> 1
Cell (virus_2833184,host_1633875): 0 -> 1
Cell (virus_2833184,host_2528591): 0 -> 1
Cell (virus_2833184,host_109482): 0 -> 1
Cell (virus_2833184,host_51298): 0 -> 1
Cell (virus_2833184,host_1911917): 0 -> 1
Cell (virus_2833184,host_203696): 0 -> 1
Cell (virus_2833184,host_452653): 0 -> 1
Cell (virus_2833184,host_138977): 0 -> 1
Cell (virus_2833184,host_138979): 0 -> 1
Cell (virus_2833184,host_159330): 0 -> 1
Cell (virus_2833184,host_452654): 0 -> 1
Cell (virus_2833184,host_587652): 0 -> 1
Cell (virus_2833184,host_155915): 0 -> 1
Cell (virus_2833184,host_225400): 0 -> 1
Cell (virus_2833184,host_155035): 0 -> 1
Cell (virus_2833184,host_633648): 0 -> 1
Cell (virus_2833184,host_258925): 0 -> 1
Cell (virus_2833184,host_177185): 0 -> 1
Cell (virus_2833184,host_187017): 0 -> 1
Cell (virus_2833184,host_270698): 0 -> 1
Cell (virus_2833184,host_334201): 0 -> 1
Cell (virus_2833184,host_249020): 0 -> 1
Cell (virus_2833184,host_584995): 0 -> 1
Cell (virus_2833184,host_302402): 0 -> 1
Cell (virus_2833184,host_58069): 0 -> 1
Cell (virus_2833184,host_118856): 0 -> 1
Cell (virus_2833184,host_59476): 0 -> 1
Cell (virus_2833184,host_177160): 0 -> 1
Cell (virus_2833184,host_2994998): 0 -> 1
Cell (virus_2833184,host_3042450): 0 -> 1
Cell (virus_2833184,host_59472): 0 -> 1
Cell (virus_2833184,host_9414): 0 -> 1
Cell (virus_2833184,host_1434095): 0 -> 1
Cell (virus_2833184,host_291302): 0 -> 1
Cell (virus_2833184,host_221087): 0 -> 1
Cell (virus_2833184,host_187007): 0 -> 1
Cell (virus_2833184,host_187008): 0 -> 1
Cell (virus_2833184,host_258934): 0 -> 1
Cell (virus_2833184,host_479723): 0 -> 1
Cell (virus_2833184,host_124751): 0 -> 1
Cell (virus_2833184,host_3041509): 0 -> 1
Cell (virus_2833184,host_2218597): 0 -> 1
Cell (virus_2833184,host_258867): 0 -> 1
Cell (virus_2833184,host_242384): 0 -> 1
Cell (virus_2833184,host_258863): 0 -> 1
Cell (virus_2833184,host_452595): 0 -> 1
Cell (virus_2833184,host_999964): 0 -> 1
Cell (virus_2833184,host_9438): 0 -> 1
Cell (virus_2833184,host_153297): 0 -> 1
Cell (virus_2833184,host_258952): 0 -> 1
Cell (virus_2833184,host_249033): 0 -> 1
Cell (virus_2833184,host_258930): 0 -> 1
Cell (virus_2833184,host_61862): 0 -> 1
Cell (virus_2833184,host_109485): 0 -> 1
Cell (virus_2833184,host_59474): 0 -> 1
Cell (virus_2833184,host_999321): 0 -> 1
Cell (virus_2833184,host_867834): 0 -> 1
Cell (virus_2833184,host_143942): 0 -> 1
Cell (virus_2833184,host_2491053): 0 -> 1
Cell (virus_2833184,host_258959): 0 -> 1
Cell (virus_2833184,host_526822): 0 -> 1
Cell (virus_864596,host_105273): 0 -> 1
Cell (virus_864596,host_109478): 0 -> 1
Cell (virus_864596,host_9435): 0 -> 1
Cell (virus_864596,host_257882): 0 -> 1
Cell (virus_864596,host_59463): 0 -> 1
Cell (virus_864596,host_109480): 0 -> 1
Cell (virus_864596,host_1633875): 0 -> 1
Cell (virus_864596,host_2528591): 0 -> 1
Cell (virus_864596,host_109482): 0 -> 1
Cell (virus_864596,host_51298): 0 -> 1
Cell (virus_864596,host_1911917): 0 -> 1
Cell (virus_864596,host_203696): 0 -> 1
Cell (virus_864596,host_452653): 0 -> 1
Cell (virus_864596,host_138977): 0 -> 1
Cell (virus_864596,host_138979): 0 -> 1
Cell (virus_864596,host_159330): 0 -> 1
Cell (virus_864596,host_452654): 0 -> 1
Cell (virus_864596,host_587652): 0 -> 1
Cell (virus_864596,host_155915): 0 -> 1
Cell (virus_864596,host_225400): 0 -> 1
Cell (virus_864596,host_155035): 0 -> 1
Cell (virus_864596,host_633648): 0 -> 1
Cell (virus_864596,host_258925): 0 -> 1
Cell (virus_864596,host_177185): 0 -> 1
Cell (virus_864596,host_187017): 0 -> 1
Cell (virus_864596,host_270698): 0 -> 1
Cell (virus_864596,host_334201): 0 -> 1
Cell (virus_864596,host_249020): 0 -> 1
Cell (virus_864596,host_584995): 0 -> 1
Cell (virus_864596,host_302402): 0 -> 1
Cell (virus_864596,host_58069): 0 -> 1
Cell (virus_864596,host_118856): 0 -> 1
Cell (virus_864596,host_59476): 0 -> 1
Cell (virus_864596,host_177160): 0 -> 1
Cell (virus_864596,host_2994998): 0 -> 1
Cell (virus_864596,host_3042450): 0 -> 1
Cell (virus_864596,host_59472): 0 -> 1
Cell (virus_864596,host_9414): 0 -> 1
Cell (virus_864596,host_1434095): 0 -> 1
Cell (virus_864596,host_291302): 0 -> 1
Cell (virus_864596,host_221087): 0 -> 1
Cell (virus_864596,host_187007): 0 -> 1
Cell (virus_864596,host_187008): 0 -> 1
Cell (virus_864596,host_258934): 0 -> 1
Cell (virus_864596,host_479723): 0 -> 1
Cell (virus_864596,host_124751): 0 -> 1
Cell (virus_864596,host_3041509): 0 -> 1
Cell (virus_864596,host_2218597): 0 -> 1
Cell (virus_864596,host_258867): 0 -> 1
Cell (virus_864596,host_242384): 0 -> 1
Cell (virus_864596,host_258863): 0 -> 1
Cell (virus_864596,host_452595): 0 -> 1
Cell (virus_864596,host_999964): 0 -> 1
Cell (virus_864596,host_9438): 0 -> 1
Cell (virus_864596,host_153297): 0 -> 1
Cell (virus_864596,host_258952): 0 -> 1
Cell (virus_864596,host_249033): 0 -> 1
Cell (virus_864596,host_258930): 0 -> 1
Cell (virus_864596,host_61862): 0 -> 1
Cell (virus_864596,host_109485): 0 -> 1
Cell (virus_864596,host_59474): 0 -> 1
Cell (virus_864596,host_999321): 0 -> 1
Cell (virus_864596,host_867834): 0 -> 1
Cell (virus_864596,host_143942): 0 -> 1
Cell (virus_864596,host_2491053): 0 -> 1
Cell (virus_864596,host_258959): 0 -> 1
Cell (virus_864596,host_526822): 0 -> 1
Cell (virus_3068538,host_105273): 0 -> 1
Cell (virus_3068538,host_109478): 0 -> 1
Cell (virus_3068538,host_9435): 0 -> 1
Cell (virus_3068538,host_257882): 0 -> 1
Cell (virus_3068538,host_59463): 0 -> 1
Cell (virus_3068538,host_109480): 0 -> 1
Cell (virus_3068538,host_1633875): 0 -> 1
Cell (virus_3068538,host_2528591): 0 -> 1
Cell (virus_3068538,host_109482): 0 -> 1
Cell (virus_3068538,host_51298): 0 -> 1
Cell (virus_3068538,host_1911917): 0 -> 1
Cell (virus_3068538,host_203696): 0 -> 1
Cell (virus_3068538,host_452653): 0 -> 1
Cell (virus_3068538,host_138977): 0 -> 1
Cell (virus_3068538,host_138979): 0 -> 1
Cell (virus_3068538,host_159330): 0 -> 1
Cell (virus_3068538,host_452654): 0 -> 1
Cell (virus_3068538,host_587652): 0 -> 1
Cell (virus_3068538,host_155915): 0 -> 1
Cell (virus_3068538,host_225400): 0 -> 1
Cell (virus_3068538,host_155035): 0 -> 1
Cell (virus_3068538,host_633648): 0 -> 1
Cell (virus_3068538,host_258925): 0 -> 1
Cell (virus_3068538,host_177185): 0 -> 1
Cell (virus_3068538,host_187017): 0 -> 1
Cell (virus_3068538,host_270698): 0 -> 1
Cell (virus_3068538,host_334201): 0 -> 1
Cell (virus_3068538,host_249020): 0 -> 1
Cell (virus_3068538,host_584995): 0 -> 1
Cell (virus_3068538,host_302402): 0 -> 1
Cell (virus_3068538,host_58069): 0 -> 1
Cell (virus_3068538,host_118856): 0 -> 1
Cell (virus_3068538,host_59476): 0 -> 1
Cell (virus_3068538,host_177160): 0 -> 1
Cell (virus_3068538,host_2994998): 0 -> 1
Cell (virus_3068538,host_3042450): 0 -> 1
Cell (virus_3068538,host_59472): 0 -> 1
Cell (virus_3068538,host_9414): 0 -> 1
Cell (virus_3068538,host_1434095): 0 -> 1
Cell (virus_3068538,host_291302): 0 -> 1
Cell (virus_3068538,host_221087): 0 -> 1
Cell (virus_3068538,host_187007): 0 -> 1
Cell (virus_3068538,host_187008): 0 -> 1
Cell (virus_3068538,host_258934): 0 -> 1
Cell (virus_3068538,host_479723): 0 -> 1
Cell (virus_3068538,host_124751): 0 -> 1
Cell (virus_3068538,host_3041509): 0 -> 1
Cell (virus_3068538,host_2218597): 0 -> 1
Cell (virus_3068538,host_258867): 0 -> 1
Cell (virus_3068538,host_242384): 0 -> 1
Cell (virus_3068538,host_258863): 0 -> 1
Cell (virus_3068538,host_452595): 0 -> 1
Cell (virus_3068538,host_999964): 0 -> 1
Cell (virus_3068538,host_9438): 0 -> 1
Cell (virus_3068538,host_153297): 0 -> 1
Cell (virus_3068538,host_258952): 0 -> 1
Cell (virus_3068538,host_249033): 0 -> 1
Cell (virus_3068538,host_258930): 0 -> 1
Cell (virus_3068538,host_61862): 0 -> 1
Cell (virus_3068538,host_109485): 0 -> 1
Cell (virus_3068538,host_59474): 0 -> 1
Cell (virus_3068538,host_999321): 0 -> 1
Cell (virus_3068538,host_867834): 0 -> 1
Cell (virus_3068538,host_143942): 0 -> 1
Cell (virus_3068538,host_2491053): 0 -> 1
Cell (virus_3068538,host_258959): 0 -> 1
Cell (virus_3068538,host_526822): 0 -> 1
Cell (virus_694009,host_105273): 0 -> 1
Cell (virus_694009,host_109478): 0 -> 1
Cell (virus_694009,host_9435): 0 -> 1
Cell (virus_694009,host_257882): 0 -> 1
Cell (virus_694009,host_59463): 0 -> 1
Cell (virus_694009,host_109480): 0 -> 1
Cell (virus_694009,host_1633875): 0 -> 1
Cell (virus_694009,host_2528591): 0 -> 1
Cell (virus_694009,host_109482): 0 -> 1
Cell (virus_694009,host_51298): 0 -> 1
Cell (virus_694009,host_1911917): 0 -> 1
Cell (virus_694009,host_203696): 0 -> 1
Cell (virus_694009,host_452653): 0 -> 1
Cell (virus_694009,host_138977): 0 -> 1
Cell (virus_694009,host_138979): 0 -> 1
Cell (virus_694009,host_159330): 0 -> 1
Cell (virus_694009,host_452654): 0 -> 1
Cell (virus_694009,host_587652): 0 -> 1
Cell (virus_694009,host_155915): 0 -> 1
Cell (virus_694009,host_225400): 0 -> 1
Cell (virus_694009,host_155035): 0 -> 1
Cell (virus_694009,host_633648): 0 -> 1
Cell (virus_694009,host_258925): 0 -> 1
Cell (virus_694009,host_177185): 0 -> 1
Cell (virus_694009,host_187017): 0 -> 1
Cell (virus_694009,host_270698): 0 -> 1
Cell (virus_694009,host_334201): 0 -> 1
Cell (virus_694009,host_249020): 0 -> 1
Cell (virus_694009,host_584995): 0 -> 1
Cell (virus_694009,host_302402): 0 -> 1
Cell (virus_694009,host_58069): 0 -> 1
Cell (virus_694009,host_118856): 0 -> 1
Cell (virus_694009,host_59476): 0 -> 1
Cell (virus_694009,host_177160): 0 -> 1
Cell (virus_694009,host_2994998): 0 -> 1
Cell (virus_694009,host_3042450): 0 -> 1
Cell (virus_694009,host_59472): 0 -> 1
Cell (virus_694009,host_9414): 0 -> 1
Cell (virus_694009,host_1434095): 0 -> 1
Cell (virus_694009,host_291302): 0 -> 1
Cell (virus_694009,host_221087): 0 -> 1
Cell (virus_694009,host_187007): 0 -> 1
Cell (virus_694009,host_187008): 0 -> 1
Cell (virus_694009,host_258934): 0 -> 1
Cell (virus_694009,host_479723): 0 -> 1
Cell (virus_694009,host_124751): 0 -> 1
Cell (virus_694009,host_3041509): 0 -> 1
Cell (virus_694009,host_2218597): 0 -> 1
Cell (virus_694009,host_258867): 0 -> 1
Cell (virus_694009,host_242384): 0 -> 1
Cell (virus_694009,host_258863): 0 -> 1
Cell (virus_694009,host_452595): 0 -> 1
Cell (virus_694009,host_999964): 0 -> 1
Cell (virus_694009,host_9438): 0 -> 1
Cell (virus_694009,host_153297): 0 -> 1
Cell (virus_694009,host_258952): 0 -> 1
Cell (virus_694009,host_249033): 0 -> 1
Cell (virus_694009,host_258930): 0 -> 1
Cell (virus_694009,host_61862): 0 -> 1
Cell (virus_694009,host_109485): 0 -> 1
Cell (virus_694009,host_59474): 0 -> 1
Cell (virus_694009,host_999321): 0 -> 1
Cell (virus_694009,host_867834): 0 -> 1
Cell (virus_694009,host_143942): 0 -> 1
Cell (virus_694009,host_2491053): 0 -> 1
Cell (virus_694009,host_258959): 0 -> 1
Cell (virus_694009,host_526822): 0 -> 1
Cell (virus_3418604,host_105273): 0 -> 1
Cell (virus_3418604,host_109478): 0 -> 1
Cell (virus_3418604,host_9435): 0 -> 1
Cell (virus_3418604,host_257882): 0 -> 1
Cell (virus_3418604,host_59463): 0 -> 1
Cell (virus_3418604,host_109480): 0 -> 1
Cell (virus_3418604,host_1633875): 0 -> 1
Cell (virus_3418604,host_2528591): 0 -> 1
Cell (virus_3418604,host_109482): 0 -> 1
Cell (virus_3418604,host_51298): 0 -> 1
Cell (virus_3418604,host_1911917): 0 -> 1
Cell (virus_3418604,host_203696): 0 -> 1
Cell (virus_3418604,host_452653): 0 -> 1
Cell (virus_3418604,host_138977): 0 -> 1
Cell (virus_3418604,host_138979): 0 -> 1
Cell (virus_3418604,host_159330): 0 -> 1
Cell (virus_3418604,host_452654): 0 -> 1
Cell (virus_3418604,host_587652): 0 -> 1
Cell (virus_3418604,host_155915): 0 -> 1
Cell (virus_3418604,host_225400): 0 -> 1
Cell (virus_3418604,host_155035): 0 -> 1
Cell (virus_3418604,host_633648): 0 -> 1
Cell (virus_3418604,host_258925): 0 -> 1
Cell (virus_3418604,host_177185): 0 -> 1
Cell (virus_3418604,host_187017): 0 -> 1
Cell (virus_3418604,host_270698): 0 -> 1
Cell (virus_3418604,host_334201): 0 -> 1
Cell (virus_3418604,host_249020): 0 -> 1
Cell (virus_3418604,host_584995): 0 -> 1
Cell (virus_3418604,host_302402): 0 -> 1
Cell (virus_3418604,host_58069): 0 -> 1
Cell (virus_3418604,host_118856): 0 -> 1
Cell (virus_3418604,host_59476): 0 -> 1
Cell (virus_3418604,host_177160): 0 -> 1
Cell (virus_3418604,host_2994998): 0 -> 1
Cell (virus_3418604,host_3042450): 0 -> 1
Cell (virus_3418604,host_59472): 0 -> 1
Cell (virus_3418604,host_9414): 0 -> 1
Cell (virus_3418604,host_1434095): 0 -> 1
Cell (virus_3418604,host_291302): 0 -> 1
Cell (virus_3418604,host_221087): 0 -> 1
Cell (virus_3418604,host_187007): 0 -> 1
Cell (virus_3418604,host_187008): 0 -> 1
Cell (virus_3418604,host_258934): 0 -> 1
Cell (virus_3418604,host_479723): 0 -> 1
Cell (virus_3418604,host_124751): 0 -> 1
Cell (virus_3418604,host_3041509): 0 -> 1
Cell (virus_3418604,host_2218597): 0 -> 1
Cell (virus_3418604,host_258867): 0 -> 1
Cell (virus_3418604,host_242384): 0 -> 1
Cell (virus_3418604,host_258863): 0 -> 1
Cell (virus_3418604,host_452595): 0 -> 1
Cell (virus_3418604,host_999964): 0 -> 1
Cell (virus_3418604,host_9438): 0 -> 1
Cell (virus_3418604,host_153297): 0 -> 1
Cell (virus_3418604,host_258952): 0 -> 1
Cell (virus_3418604,host_249033): 0 -> 1
Cell (virus_3418604,host_258930): 0 -> 1
Cell (virus_3418604,host_61862): 0 -> 1
Cell (virus_3418604,host_109485): 0 -> 1
Cell (virus_3418604,host_59474): 0 -> 1
Cell (virus_3418604,host_999321): 0 -> 1
Cell (virus_3418604,host_867834): 0 -> 1
Cell (virus_3418604,host_143942): 0 -> 1
Cell (virus_3418604,host_2491053): 0 -> 1
Cell (virus_3418604,host_258959): 0 -> 1
Cell (virus_3418604,host_526822): 0 -> 1
Cell (virus_2913380,host_105273): 0 -> 1
Cell (virus_2913380,host_109478): 0 -> 1
Cell (virus_2913380,host_9435): 0 -> 1
Cell (virus_2913380,host_59463): 0 -> 1
Cell (virus_2913380,host_109480): 0 -> 1
Cell (virus_2913380,host_1633875): 0 -> 1
Cell (virus_2913380,host_2528591): 0 -> 1
Cell (virus_2913380,host_109482): 0 -> 1
Cell (virus_2913380,host_412095): 0 -> 1
Cell (virus_2913380,host_51298): 0 -> 1
Cell (virus_2913380,host_1911917): 0 -> 1
Cell (virus_2913380,host_203696): 0 -> 1
Cell (virus_2913380,host_452653): 0 -> 1
Cell (virus_2913380,host_155915): 0 -> 1
Cell (virus_2913380,host_225400): 0 -> 1
Cell (virus_2913380,host_155035): 0 -> 1
Cell (virus_2913380,host_633648): 0 -> 1
Cell (virus_2913380,host_258925): 0 -> 1
Cell (virus_2913380,host_177185): 0 -> 1
Cell (virus_2913380,host_187017): 0 -> 1
Cell (virus_2913380,host_270698): 0 -> 1
Cell (virus_2913380,host_334201): 0 -> 1
Cell (virus_2913380,host_249020): 0 -> 1
Cell (virus_2913380,host_584995): 0 -> 1
Cell (virus_2913380,host_302402): 0 -> 1
Cell (virus_2913380,host_170233): 0 -> 1
Cell (virus_2913380,host_58069): 0 -> 1
Cell (virus_2913380,host_118856): 0 -> 1
Cell (virus_2913380,host_59476): 0 -> 1
Cell (virus_2913380,host_177160): 0 -> 1
Cell (virus_2913380,host_2994998): 0 -> 1
Cell (virus_2913380,host_59472): 0 -> 1
Cell (virus_2913380,host_9414): 0 -> 1
Cell (virus_2913380,host_1434095): 0 -> 1
Cell (virus_2913380,host_291302): 0 -> 1
Cell (virus_2913380,host_221087): 0 -> 1
Cell (virus_2913380,host_187007): 0 -> 1
Cell (virus_2913380,host_187008): 0 -> 1
Cell (virus_2913380,host_479723): 0 -> 1
Cell (virus_2913380,host_124751): 0 -> 1
Cell (virus_2913380,host_3041509): 0 -> 1
Cell (virus_2913380,host_2218597): 0 -> 1
Cell (virus_2913380,host_258867): 0 -> 1
Cell (virus_2913380,host_242384): 0 -> 1
Cell (virus_2913380,host_258863): 0 -> 1
Cell (virus_2913380,host_452595): 0 -> 1
Cell (virus_2913380,host_999964): 0 -> 1
Cell (virus_2913380,host_9438): 0 -> 1
Cell (virus_2913380,host_153297): 0 -> 1
Cell (virus_2913380,host_258952): 0 -> 1
Cell (virus_2913380,host_249033): 0 -> 1
Cell (virus_2913380,host_258930): 0 -> 1
Cell (virus_2913380,host_61862): 0 -> 1
Cell (virus_2913380,host_109485): 0 -> 1
Cell (virus_2913380,host_59474): 0 -> 1
Cell (virus_2913380,host_999321): 0 -> 1
Cell (virus_2913380,host_867834): 0 -> 1
Cell (virus_2913380,host_143942): 0 -> 1
Cell (virus_2913380,host_2491053): 0 -> 1
Cell (virus_2913380,host_258959): 0 -> 1
Cell (virus_2913380,host_526822): 0 -> 1
Cell (virus_2913380,host_59485): 0 -> 1
Cell (virus_989337,host_105273): 0 -> 1
Cell (virus_989337,host_109478): 0 -> 1
Cell (virus_989337,host_9435): 0 -> 1
Cell (virus_989337,host_59463): 0 -> 1
Cell (virus_989337,host_109480): 0 -> 1
Cell (virus_989337,host_1633875): 0 -> 1
Cell (virus_989337,host_2528591): 0 -> 1
Cell (virus_989337,host_109482): 0 -> 1
Cell (virus_989337,host_412095): 0 -> 1
Cell (virus_989337,host_51298): 0 -> 1
Cell (virus_989337,host_1911917): 0 -> 1
Cell (virus_989337,host_203696): 0 -> 1
Cell (virus_989337,host_452653): 0 -> 1
Cell (virus_989337,host_155915): 0 -> 1
Cell (virus_989337,host_225400): 0 -> 1
Cell (virus_989337,host_155035): 0 -> 1
Cell (virus_989337,host_633648): 0 -> 1
Cell (virus_989337,host_258925): 0 -> 1
Cell (virus_989337,host_177185): 0 -> 1
Cell (virus_989337,host_187017): 0 -> 1
Cell (virus_989337,host_270698): 0 -> 1
Cell (virus_989337,host_334201): 0 -> 1
Cell (virus_989337,host_249020): 0 -> 1
Cell (virus_989337,host_584995): 0 -> 1
Cell (virus_989337,host_302402): 0 -> 1
Cell (virus_989337,host_170233): 0 -> 1
Cell (virus_989337,host_58069): 0 -> 1
Cell (virus_989337,host_118856): 0 -> 1
Cell (virus_989337,host_59476): 0 -> 1
Cell (virus_989337,host_177160): 0 -> 1
Cell (virus_989337,host_2994998): 0 -> 1
Cell (virus_989337,host_3042450): 0 -> 1
Cell (virus_989337,host_59472): 0 -> 1
Cell (virus_989337,host_9414): 0 -> 1
Cell (virus_989337,host_1434095): 0 -> 1
Cell (virus_989337,host_291302): 0 -> 1
Cell (virus_989337,host_221087): 0 -> 1
Cell (virus_989337,host_187007): 0 -> 1
Cell (virus_989337,host_187008): 0 -> 1
Cell (virus_989337,host_479723): 0 -> 1
Cell (virus_989337,host_124751): 0 -> 1
Cell (virus_989337,host_3041509): 0 -> 1
Cell (virus_989337,host_2218597): 0 -> 1
Cell (virus_989337,host_258867): 0 -> 1
Cell (virus_989337,host_242384): 0 -> 1
Cell (virus_989337,host_258863): 0 -> 1
Cell (virus_989337,host_452595): 0 -> 1
Cell (virus_989337,host_999964): 0 -> 1
Cell (virus_989337,host_9438): 0 -> 1
Cell (virus_989337,host_153297): 0 -> 1
Cell (virus_989337,host_258952): 0 -> 1
Cell (virus_989337,host_249033): 0 -> 1
Cell (virus_989337,host_258930): 0 -> 1
Cell (virus_989337,host_61862): 0 -> 1
Cell (virus_989337,host_109485): 0 -> 1
Cell (virus_989337,host_59474): 0 -> 1
Cell (virus_989337,host_999321): 0 -> 1
Cell (virus_989337,host_867834): 0 -> 1
Cell (virus_989337,host_143942): 0 -> 1
Cell (virus_989337,host_2491053): 0 -> 1
Cell (virus_989337,host_258959): 0 -> 1
Cell (virus_989337,host_526822): 0 -> 1
Cell (virus_989337,host_59485): 0 -> 1
Cell (virus_3433764,host_105273): 0 -> 1
Cell (virus_3433764,host_109478): 0 -> 1
Cell (virus_3433764,host_9435): 0 -> 1
Cell (virus_3433764,host_59463): 0 -> 1
Cell (virus_3433764,host_109480): 0 -> 1
Cell (virus_3433764,host_1633875): 0 -> 1
Cell (virus_3433764,host_109481): 0 -> 1
Cell (virus_3433764,host_2528591): 0 -> 1
Cell (virus_3433764,host_109482): 0 -> 1
Cell (virus_3433764,host_412095): 0 -> 1
Cell (virus_3433764,host_51298): 0 -> 1
Cell (virus_3433764,host_1911917): 0 -> 1
Cell (virus_3433764,host_203696): 0 -> 1
Cell (virus_3433764,host_452653): 0 -> 1
Cell (virus_3433764,host_155915): 0 -> 1
Cell (virus_3433764,host_225400): 0 -> 1
Cell (virus_3433764,host_155035): 0 -> 1
Cell (virus_3433764,host_633648): 0 -> 1
Cell (virus_3433764,host_258925): 0 -> 1
Cell (virus_3433764,host_177185): 0 -> 1
Cell (virus_3433764,host_187017): 0 -> 1
Cell (virus_3433764,host_270698): 0 -> 1
Cell (virus_3433764,host_334201): 0 -> 1
Cell (virus_3433764,host_249020): 0 -> 1
Cell (virus_3433764,host_584995): 0 -> 1
Cell (virus_3433764,host_302402): 0 -> 1
Cell (virus_3433764,host_170233): 0 -> 1
Cell (virus_3433764,host_58069): 0 -> 1
Cell (virus_3433764,host_118856): 0 -> 1
Cell (virus_3433764,host_59476): 0 -> 1
Cell (virus_3433764,host_177160): 0 -> 1
Cell (virus_3433764,host_2994998): 0 -> 1
Cell (virus_3433764,host_3042450): 0 -> 1
Cell (virus_3433764,host_59472): 0 -> 1
Cell (virus_3433764,host_9414): 0 -> 1
Cell (virus_3433764,host_1434095): 0 -> 1
Cell (virus_3433764,host_291302): 0 -> 1
Cell (virus_3433764,host_221087): 0 -> 1
Cell (virus_3433764,host_187007): 0 -> 1
Cell (virus_3433764,host_187008): 0 -> 1
Cell (virus_3433764,host_258934): 0 -> 1
Cell (virus_3433764,host_479723): 0 -> 1
Cell (virus_3433764,host_124751): 0 -> 1
Cell (virus_3433764,host_3041509): 0 -> 1
Cell (virus_3433764,host_2218597): 0 -> 1
Cell (virus_3433764,host_258867): 0 -> 1
Cell (virus_3433764,host_242384): 0 -> 1
Cell (virus_3433764,host_258863): 0 -> 1
Cell (virus_3433764,host_452595): 0 -> 1
Cell (virus_3433764,host_999964): 0 -> 1
Cell (virus_3433764,host_9438): 0 -> 1
Cell (virus_3433764,host_153297): 0 -> 1
Cell (virus_3433764,host_258952): 0 -> 1
Cell (virus_3433764,host_249033): 0 -> 1
Cell (virus_3433764,host_258930): 0 -> 1
Cell (virus_3433764,host_61862): 0 -> 1
Cell (virus_3433764,host_109485): 0 -> 1
Cell (virus_3433764,host_59474): 0 -> 1
Cell (virus_3433764,host_999321): 0 -> 1
Cell (virus_3433764,host_867834): 0 -> 1
Cell (virus_3433764,host_143942): 0 -> 1
Cell (virus_3433764,host_2491053): 0 -> 1
Cell (virus_3433764,host_258959): 0 -> 1
Cell (virus_3433764,host_526822): 0 -> 1
Cell (virus_3433764,host_59485): 0 -> 1
Cell (virus_2115988,host_105273): 0 -> 1
Cell (virus_2115988,host_109478): 0 -> 1
Cell (virus_2115988,host_9435): 0 -> 1
Cell (virus_2115988,host_257882): 0 -> 1
Cell (virus_2115988,host_59463): 0 -> 1
Cell (virus_2115988,host_109480): 0 -> 1
Cell (virus_2115988,host_1633875): 0 -> 1
Cell (virus_2115988,host_519446): 0 -> 1
Cell (virus_2115988,host_2528591): 0 -> 1
Cell (virus_2115988,host_109482): 0 -> 1
Cell (virus_2115988,host_51298): 0 -> 1
Cell (virus_2115988,host_1911917): 0 -> 1
Cell (virus_2115988,host_203696): 0 -> 1
Cell (virus_2115988,host_452653): 0 -> 1
Cell (virus_2115988,host_155915): 0 -> 1
Cell (virus_2115988,host_225400): 0 -> 1
Cell (virus_2115988,host_155035): 0 -> 1
Cell (virus_2115988,host_258925): 0 -> 1
Cell (virus_2115988,host_177185): 0 -> 1
Cell (virus_2115988,host_187017): 0 -> 1
Cell (virus_2115988,host_270698): 0 -> 1
Cell (virus_2115988,host_334201): 0 -> 1
Cell (virus_2115988,host_249020): 0 -> 1
Cell (virus_2115988,host_584995): 0 -> 1
Cell (virus_2115988,host_302402): 0 -> 1
Cell (virus_2115988,host_58069): 0 -> 1
Cell (virus_2115988,host_59479): 0 -> 1
Cell (virus_2115988,host_118856): 0 -> 1
Cell (virus_2115988,host_59476): 0 -> 1
Cell (virus_2115988,host_177160): 0 -> 1
Cell (virus_2115988,host_2994998): 0 -> 1
Cell (virus_2115988,host_3042450): 0 -> 1
Cell (virus_2115988,host_59472): 0 -> 1
Cell (virus_2115988,host_9414): 0 -> 1
Cell (virus_2115988,host_1434095): 0 -> 1
Cell (virus_2115988,host_291302): 0 -> 1
Cell (virus_2115988,host_221087): 0 -> 1
Cell (virus_2115988,host_187007): 0 -> 1
Cell (virus_2115988,host_187008): 0 -> 1
Cell (virus_2115988,host_258934): 0 -> 1
Cell (virus_2115988,host_479723): 0 -> 1
Cell (virus_2115988,host_124751): 0 -> 1
Cell (virus_2115988,host_3041509): 0 -> 1
Cell (virus_2115988,host_2218597): 0 -> 1
Cell (virus_2115988,host_258867): 0 -> 1
Cell (virus_2115988,host_242384): 0 -> 1
Cell (virus_2115988,host_258863): 0 -> 1
Cell (virus_2115988,host_452595): 0 -> 1
Cell (virus_2115988,host_9438): 0 -> 1
Cell (virus_2115988,host_153297): 0 -> 1
Cell (virus_2115988,host_258952): 0 -> 1
Cell (virus_2115988,host_249033): 0 -> 1
Cell (virus_2115988,host_258930): 0 -> 1
Cell (virus_2115988,host_61862): 0 -> 1
Cell (virus_2115988,host_258909): 0 -> 1
Cell (virus_2115988,host_109485): 0 -> 1
Cell (virus_2115988,host_59474): 0 -> 1
Cell (virus_2115988,host_999321): 0 -> 1
Cell (virus_2115988,host_867834): 0 -> 1
Cell (virus_2115988,host_143942): 0 -> 1
Cell (virus_2115988,host_2491053): 0 -> 1
Cell (virus_2115988,host_110938): 0 -> 1
Cell (virus_2115988,host_258959): 0 -> 1
Cell (virus_2115988,host_526822): 0 -> 1
Cell (virus_2833151,host_105273): 0 -> 1
Cell (virus_2833151,host_109478): 0 -> 1
Cell (virus_2833151,host_9435): 0 -> 1
Cell (virus_2833151,host_257882): 0 -> 1
Cell (virus_2833151,host_59463): 0 -> 1
Cell (virus_2833151,host_109480): 0 -> 1
Cell (virus_2833151,host_1633875): 0 -> 1
Cell (virus_2833151,host_519446): 0 -> 1
Cell (virus_2833151,host_2528591): 0 -> 1
Cell (virus_2833151,host_109482): 0 -> 1
Cell (virus_2833151,host_51298): 0 -> 1
Cell (virus_2833151,host_1911917): 0 -> 1
Cell (virus_2833151,host_203696): 0 -> 1
Cell (virus_2833151,host_452653): 0 -> 1
Cell (virus_2833151,host_155915): 0 -> 1
Cell (virus_2833151,host_225400): 0 -> 1
Cell (virus_2833151,host_155035): 0 -> 1
Cell (virus_2833151,host_258925): 0 -> 1
Cell (virus_2833151,host_177185): 0 -> 1
Cell (virus_2833151,host_187017): 0 -> 1
Cell (virus_2833151,host_270698): 0 -> 1
Cell (virus_2833151,host_334201): 0 -> 1
Cell (virus_2833151,host_249020): 0 -> 1
Cell (virus_2833151,host_584995): 0 -> 1
Cell (virus_2833151,host_302402): 0 -> 1
Cell (virus_2833151,host_58069): 0 -> 1
Cell (virus_2833151,host_59479): 0 -> 1
Cell (virus_2833151,host_118856): 0 -> 1
Cell (virus_2833151,host_59476): 0 -> 1
Cell (virus_2833151,host_177160): 0 -> 1
Cell (virus_2833151,host_2994998): 0 -> 1
Cell (virus_2833151,host_3042450): 0 -> 1
Cell (virus_2833151,host_59472): 0 -> 1
Cell (virus_2833151,host_9414): 0 -> 1
Cell (virus_2833151,host_1434095): 0 -> 1
Cell (virus_2833151,host_291302): 0 -> 1
Cell (virus_2833151,host_221087): 0 -> 1
Cell (virus_2833151,host_187007): 0 -> 1
Cell (virus_2833151,host_187008): 0 -> 1
Cell (virus_2833151,host_258934): 0 -> 1
Cell (virus_2833151,host_479723): 0 -> 1
Cell (virus_2833151,host_124751): 0 -> 1
Cell (virus_2833151,host_3041509): 0 -> 1
Cell (virus_2833151,host_2218597): 0 -> 1
Cell (virus_2833151,host_258867): 0 -> 1
Cell (virus_2833151,host_242384): 0 -> 1
Cell (virus_2833151,host_258863): 0 -> 1
Cell (virus_2833151,host_452595): 0 -> 1
Cell (virus_2833151,host_9438): 0 -> 1
Cell (virus_2833151,host_153297): 0 -> 1
Cell (virus_2833151,host_258952): 0 -> 1
Cell (virus_2833151,host_249033): 0 -> 1
Cell (virus_2833151,host_258930): 0 -> 1
Cell (virus_2833151,host_61862): 0 -> 1
Cell (virus_2833151,host_258909): 0 -> 1
Cell (virus_2833151,host_109485): 0 -> 1
Cell (virus_2833151,host_59474): 0 -> 1
Cell (virus_2833151,host_999321): 0 -> 1
Cell (virus_2833151,host_867834): 0 -> 1
Cell (virus_2833151,host_143942): 0 -> 1
Cell (virus_2833151,host_2491053): 0 -> 1
Cell (virus_2833151,host_258959): 0 -> 1
Cell (virus_2833151,host_526822): 0 -> 1
Cell (virus_3433795,host_105273): 0 -> 1
Cell (virus_3433795,host_109478): 0 -> 1
Cell (virus_3433795,host_9435): 0 -> 1
Cell (virus_3433795,host_257882): 0 -> 1
Cell (virus_3433795,host_59463): 0 -> 1
Cell (virus_3433795,host_109480): 0 -> 1
Cell (virus_3433795,host_1633875): 0 -> 1
Cell (virus_3433795,host_519446): 0 -> 1
Cell (virus_3433795,host_2528591): 0 -> 1
Cell (virus_3433795,host_109482): 0 -> 1
Cell (virus_3433795,host_51298): 0 -> 1
Cell (virus_3433795,host_1911917): 0 -> 1
Cell (virus_3433795,host_203696): 0 -> 1
Cell (virus_3433795,host_452653): 0 -> 1
Cell (virus_3433795,host_155915): 0 -> 1
Cell (virus_3433795,host_225400): 0 -> 1
Cell (virus_3433795,host_155035): 0 -> 1
Cell (virus_3433795,host_258925): 0 -> 1
Cell (virus_3433795,host_177185): 0 -> 1
Cell (virus_3433795,host_187017): 0 -> 1
Cell (virus_3433795,host_270698): 0 -> 1
Cell (virus_3433795,host_334201): 0 -> 1
Cell (virus_3433795,host_249020): 0 -> 1
Cell (virus_3433795,host_584995): 0 -> 1
Cell (virus_3433795,host_302402): 0 -> 1
Cell (virus_3433795,host_58069): 0 -> 1
Cell (virus_3433795,host_59479): 0 -> 1
Cell (virus_3433795,host_118856): 0 -> 1
Cell (virus_3433795,host_59476): 0 -> 1
Cell (virus_3433795,host_177160): 0 -> 1
Cell (virus_3433795,host_2994998): 0 -> 1
Cell (virus_3433795,host_3042450): 0 -> 1
Cell (virus_3433795,host_59472): 0 -> 1
Cell (virus_3433795,host_9414): 0 -> 1
Cell (virus_3433795,host_1434095): 0 -> 1
Cell (virus_3433795,host_291302): 0 -> 1
Cell (virus_3433795,host_221087): 0 -> 1
Cell (virus_3433795,host_187007): 0 -> 1
Cell (virus_3433795,host_187008): 0 -> 1
Cell (virus_3433795,host_258934): 0 -> 1
Cell (virus_3433795,host_479723): 0 -> 1
Cell (virus_3433795,host_124751): 0 -> 1
Cell (virus_3433795,host_3041509): 0 -> 1
Cell (virus_3433795,host_2218597): 0 -> 1
Cell (virus_3433795,host_258867): 0 -> 1
Cell (virus_3433795,host_242384): 0 -> 1
Cell (virus_3433795,host_258863): 0 -> 1
Cell (virus_3433795,host_452595): 0 -> 1
Cell (virus_3433795,host_9438): 0 -> 1
Cell (virus_3433795,host_153297): 0 -> 1
Cell (virus_3433795,host_258952): 0 -> 1
Cell (virus_3433795,host_249033): 0 -> 1
Cell (virus_3433795,host_258930): 0 -> 1
Cell (virus_3433795,host_61862): 0 -> 1
Cell (virus_3433795,host_258909): 0 -> 1
Cell (virus_3433795,host_109485): 0 -> 1
Cell (virus_3433795,host_59474): 0 -> 1
Cell (virus_3433795,host_999321): 0 -> 1
Cell (virus_3433795,host_867834): 0 -> 1
Cell (virus_3433795,host_143942): 0 -> 1
Cell (virus_3433795,host_2491053): 0 -> 1
Cell (virus_3433795,host_258959): 0 -> 1
Cell (virus_3433795,host_526822): 0 -> 1
Cell (virus_693998,host_105273): 0 -> 1
Cell (virus_693998,host_109478): 0 -> 1
Cell (virus_693998,host_9435): 0 -> 1
Cell (virus_693998,host_257882): 0 -> 1
Cell (virus_693998,host_59463): 0 -> 1
Cell (virus_693998,host_109480): 0 -> 1
Cell (virus_693998,host_1633875): 0 -> 1
Cell (virus_693998,host_519446): 0 -> 1
Cell (virus_693998,host_2528591): 0 -> 1
Cell (virus_693998,host_109482): 0 -> 1
Cell (virus_693998,host_51298): 0 -> 1
Cell (virus_693998,host_1911917): 0 -> 1
Cell (virus_693998,host_203696): 0 -> 1
Cell (virus_693998,host_452653): 0 -> 1
Cell (virus_693998,host_155915): 0 -> 1
Cell (virus_693998,host_225400): 0 -> 1
Cell (virus_693998,host_155035): 0 -> 1
Cell (virus_693998,host_258925): 0 -> 1
Cell (virus_693998,host_177185): 0 -> 1
Cell (virus_693998,host_187017): 0 -> 1
Cell (virus_693998,host_270698): 0 -> 1
Cell (virus_693998,host_334201): 0 -> 1
Cell (virus_693998,host_249020): 0 -> 1
Cell (virus_693998,host_584995): 0 -> 1
Cell (virus_693998,host_302402): 0 -> 1
Cell (virus_693998,host_58069): 0 -> 1
Cell (virus_693998,host_59479): 0 -> 1
Cell (virus_693998,host_118856): 0 -> 1
Cell (virus_693998,host_59476): 0 -> 1
Cell (virus_693998,host_177160): 0 -> 1
Cell (virus_693998,host_2994998): 0 -> 1
Cell (virus_693998,host_3042450): 0 -> 1
Cell (virus_693998,host_59472): 0 -> 1
Cell (virus_693998,host_9414): 0 -> 1
Cell (virus_693998,host_1434095): 0 -> 1
Cell (virus_693998,host_291302): 0 -> 1
Cell (virus_693998,host_221087): 0 -> 1
Cell (virus_693998,host_187007): 0 -> 1
Cell (virus_693998,host_187008): 0 -> 1
Cell (virus_693998,host_258934): 0 -> 1
Cell (virus_693998,host_479723): 0 -> 1
Cell (virus_693998,host_124751): 0 -> 1
Cell (virus_693998,host_3041509): 0 -> 1
Cell (virus_693998,host_2218597): 0 -> 1
Cell (virus_693998,host_258867): 0 -> 1
Cell (virus_693998,host_242384): 0 -> 1
Cell (virus_693998,host_258863): 0 -> 1
Cell (virus_693998,host_452595): 0 -> 1
Cell (virus_693998,host_9438): 0 -> 1
Cell (virus_693998,host_153297): 0 -> 1
Cell (virus_693998,host_258952): 0 -> 1
Cell (virus_693998,host_249033): 0 -> 1
Cell (virus_693998,host_258930): 0 -> 1
Cell (virus_693998,host_61862): 0 -> 1
Cell (virus_693998,host_258909): 0 -> 1
Cell (virus_693998,host_109485): 0 -> 1
Cell (virus_693998,host_59474): 0 -> 1
Cell (virus_693998,host_999321): 0 -> 1
Cell (virus_693998,host_867834): 0 -> 1
Cell (virus_693998,host_143942): 0 -> 1
Cell (virus_693998,host_2491053): 0 -> 1
Cell (virus_693998,host_258959): 0 -> 1
Cell (virus_693998,host_526822): 0 -> 1
Cell (virus_2913382,host_105273): 0 -> 1
Cell (virus_2913382,host_109478): 0 -> 1
Cell (virus_2913382,host_9435): 0 -> 1
Cell (virus_2913382,host_257882): 0 -> 1
Cell (virus_2913382,host_59463): 0 -> 1
Cell (virus_2913382,host_109480): 0 -> 1
Cell (virus_2913382,host_1633875): 0 -> 1
Cell (virus_2913382,host_519446): 0 -> 1
Cell (virus_2913382,host_2528591): 0 -> 1
Cell (virus_2913382,host_109482): 0 -> 1
Cell (virus_2913382,host_51298): 0 -> 1
Cell (virus_2913382,host_1911917): 0 -> 1
Cell (virus_2913382,host_203696): 0 -> 1
Cell (virus_2913382,host_452653): 0 -> 1
Cell (virus_2913382,host_155915): 0 -> 1
Cell (virus_2913382,host_225400): 0 -> 1
Cell (virus_2913382,host_155035): 0 -> 1
Cell (virus_2913382,host_258925): 0 -> 1
Cell (virus_2913382,host_177185): 0 -> 1
Cell (virus_2913382,host_187017): 0 -> 1
Cell (virus_2913382,host_270698): 0 -> 1
Cell (virus_2913382,host_334201): 0 -> 1
Cell (virus_2913382,host_249020): 0 -> 1
Cell (virus_2913382,host_584995): 0 -> 1
Cell (virus_2913382,host_302402): 0 -> 1
Cell (virus_2913382,host_58069): 0 -> 1
Cell (virus_2913382,host_59479): 0 -> 1
Cell (virus_2913382,host_118856): 0 -> 1
Cell (virus_2913382,host_59476): 0 -> 1
Cell (virus_2913382,host_177160): 0 -> 1
Cell (virus_2913382,host_2994998): 0 -> 1
Cell (virus_2913382,host_3042450): 0 -> 1
Cell (virus_2913382,host_59472): 0 -> 1
Cell (virus_2913382,host_9414): 0 -> 1
Cell (virus_2913382,host_1434095): 0 -> 1
Cell (virus_2913382,host_291302): 0 -> 1
Cell (virus_2913382,host_221087): 0 -> 1
Cell (virus_2913382,host_187007): 0 -> 1
Cell (virus_2913382,host_187008): 0 -> 1
Cell (virus_2913382,host_258934): 0 -> 1
Cell (virus_2913382,host_479723): 0 -> 1
Cell (virus_2913382,host_124751): 0 -> 1
Cell (virus_2913382,host_3041509): 0 -> 1
Cell (virus_2913382,host_2218597): 0 -> 1
Cell (virus_2913382,host_258867): 0 -> 1
Cell (virus_2913382,host_242384): 0 -> 1
Cell (virus_2913382,host_258863): 0 -> 1
Cell (virus_2913382,host_452595): 0 -> 1
Cell (virus_2913382,host_9438): 0 -> 1
Cell (virus_2913382,host_153297): 0 -> 1
Cell (virus_2913382,host_258952): 0 -> 1
Cell (virus_2913382,host_249033): 0 -> 1
Cell (virus_2913382,host_258930): 0 -> 1
Cell (virus_2913382,host_61862): 0 -> 1
Cell (virus_2913382,host_258909): 0 -> 1
Cell (virus_2913382,host_109485): 0 -> 1
Cell (virus_2913382,host_59474): 0 -> 1
Cell (virus_2913382,host_999321): 0 -> 1
Cell (virus_2913382,host_867834): 0 -> 1
Cell (virus_2913382,host_143942): 0 -> 1
Cell (virus_2913382,host_2491053): 0 -> 1
Cell (virus_2913382,host_110938): 0 -> 1
Cell (virus_2913382,host_258959): 0 -> 1
Cell (virus_2913382,host_526822): 0 -> 1
Cell (virus_3433766,host_105273): 0 -> 1
Cell (virus_3433766,host_59473): 0 -> 1
Cell (virus_3433766,host_109478): 0 -> 1
Cell (virus_3433766,host_3380546): 0 -> 1
Cell (virus_3433766,host_9435): 0 -> 1
Cell (virus_3433766,host_59463): 0 -> 1
Cell (virus_3433766,host_109480): 0 -> 1
Cell (virus_3433766,host_1633875): 0 -> 1
Cell (virus_3433766,host_519446): 0 -> 1
Cell (virus_3433766,host_2528591): 0 -> 1
Cell (virus_3433766,host_109482): 0 -> 1
Cell (virus_3433766,host_51298): 0 -> 1
Cell (virus_3433766,host_526407): 0 -> 1
Cell (virus_3433766,host_1911917): 0 -> 1
Cell (virus_3433766,host_203696): 0 -> 1
Cell (virus_3433766,host_452653): 0 -> 1
Cell (virus_3433766,host_138979): 0 -> 1
Cell (virus_3433766,host_155915): 0 -> 1
Cell (virus_3433766,host_225400): 0 -> 1
Cell (virus_3433766,host_155035): 0 -> 1
Cell (virus_3433766,host_258925): 0 -> 1
Cell (virus_3433766,host_177185): 0 -> 1
Cell (virus_3433766,host_187017): 0 -> 1
Cell (virus_3433766,host_110941): 0 -> 1
Cell (virus_3433766,host_2603869): 0 -> 1
Cell (virus_3433766,host_188568): 0 -> 1
Cell (virus_3433766,host_1207989): 0 -> 1
Cell (virus_3433766,host_188569): 0 -> 1
Cell (virus_3433766,host_59453): 0 -> 1
Cell (virus_3433766,host_175524): 0 -> 1
Cell (virus_3433766,host_186990): 0 -> 1
Cell (virus_3433766,host_270698): 0 -> 1
Cell (virus_3433766,host_334201): 0 -> 1
Cell (virus_3433766,host_249020): 0 -> 1
Cell (virus_3433766,host_584995): 0 -> 1
Cell (virus_3433766,host_302402): 0 -> 1
Cell (virus_3433766,host_58069): 0 -> 1
Cell (virus_3433766,host_376555): 0 -> 1
Cell (virus_3433766,host_169756): 0 -> 1
Cell (virus_3433766,host_188570): 0 -> 1
Cell (virus_3433766,host_196296): 0 -> 1
Cell (virus_3433766,host_320431): 0 -> 1
Cell (virus_3433766,host_476589): 0 -> 1
Cell (virus_3433766,host_188571): 0 -> 1
Cell (virus_3433766,host_249024): 0 -> 1
Cell (virus_3433766,host_2603865): 0 -> 1
Cell (virus_3433766,host_2603866): 0 -> 1
Cell (virus_3433766,host_519041): 0 -> 1
Cell (virus_3433766,host_302408): 0 -> 1
Cell (virus_3433766,host_59479): 0 -> 1
Cell (virus_3433766,host_519037): 0 -> 1
Cell (virus_3433766,host_337453): 0 -> 1
Cell (virus_3433766,host_430492): 0 -> 1
Cell (virus_3433766,host_77218): 0 -> 1
Cell (virus_3433766,host_1195082): 0 -> 1
Cell (virus_3433766,host_549403): 0 -> 1
Cell (virus_3433766,host_3371112): 0 -> 1
Cell (virus_3433766,host_124756): 0 -> 1
Cell (virus_3433766,host_328804): 0 -> 1
Cell (virus_3433766,host_9403): 0 -> 1
Cell (virus_3433766,host_1381355): 0 -> 1
Cell (virus_3433766,host_187003): 0 -> 1
Cell (virus_3433766,host_907075): 0 -> 1
Cell (virus_3433766,host_118856): 0 -> 1
Cell (virus_3433766,host_59476): 0 -> 1
Cell (virus_3433766,host_177160): 0 -> 1
Cell (virus_3433766,host_2994998): 0 -> 1
Cell (virus_3433766,host_59472): 0 -> 1
Cell (virus_3433766,host_9414): 0 -> 1
Cell (virus_3433766,host_1434095): 0 -> 1
Cell (virus_3433766,host_221086): 0 -> 1
Cell (virus_3433766,host_291302): 0 -> 1
Cell (virus_3433766,host_221087): 0 -> 1
Cell (virus_3433766,host_187007): 0 -> 1
Cell (virus_3433766,host_187008): 0 -> 1
Cell (virus_3433766,host_258934): 0 -> 1
Cell (virus_3433766,host_479723): 0 -> 1
Cell (virus_3433766,host_124751): 0 -> 1
Cell (virus_3433766,host_3041509): 0 -> 1
Cell (virus_3433766,host_2218597): 0 -> 1
Cell (virus_3433766,host_258867): 0 -> 1
Cell (virus_3433766,host_242384): 0 -> 1
Cell (virus_3433766,host_258863): 0 -> 1
Cell (virus_3433766,host_452595): 0 -> 1
Cell (virus_3433766,host_9438): 0 -> 1
Cell (virus_3433766,host_153297): 0 -> 1
Cell (virus_3433766,host_258952): 0 -> 1
Cell (virus_3433766,host_249033): 0 -> 1
Cell (virus_3433766,host_258930): 0 -> 1
Cell (virus_3433766,host_61862): 0 -> 1
Cell (virus_3433766,host_109485): 0 -> 1
Cell (virus_3433766,host_59474): 0 -> 1
Cell (virus_3433766,host_999321): 0 -> 1
Cell (virus_3433766,host_867834): 0 -> 1
Cell (virus_3433766,host_143942): 0 -> 1
Cell (virus_3433766,host_2491053): 0 -> 1
Cell (virus_3433766,host_258944): 0 -> 1
Cell (virus_3433766,host_258959): 0 -> 1
Cell (virus_3433766,host_526822): 0 -> 1
Cell (virus_694014,host_105273): 0 -> 1
Cell (virus_694014,host_59473): 0 -> 1
Cell (virus_694014,host_109478): 0 -> 1
Cell (virus_694014,host_3380546): 0 -> 1
Cell (virus_694014,host_9435): 0 -> 1
Cell (virus_694014,host_59463): 0 -> 1
Cell (virus_694014,host_109480): 0 -> 1
Cell (virus_694014,host_1633875): 0 -> 1
Cell (virus_694014,host_519446): 0 -> 1
Cell (virus_694014,host_2528591): 0 -> 1
Cell (virus_694014,host_109482): 0 -> 1
Cell (virus_694014,host_51298): 0 -> 1
Cell (virus_694014,host_526407): 0 -> 1
Cell (virus_694014,host_1911917): 0 -> 1
Cell (virus_694014,host_203696): 0 -> 1
Cell (virus_694014,host_452653): 0 -> 1
Cell (virus_694014,host_138979): 0 -> 1
Cell (virus_694014,host_155915): 0 -> 1
Cell (virus_694014,host_225400): 0 -> 1
Cell (virus_694014,host_155035): 0 -> 1
Cell (virus_694014,host_258925): 0 -> 1
Cell (virus_694014,host_177185): 0 -> 1
Cell (virus_694014,host_187017): 0 -> 1
Cell (virus_694014,host_110941): 0 -> 1
Cell (virus_694014,host_2603869): 0 -> 1
Cell (virus_694014,host_188568): 0 -> 1
Cell (virus_694014,host_1207989): 0 -> 1
Cell (virus_694014,host_188569): 0 -> 1
Cell (virus_694014,host_59453): 0 -> 1
Cell (virus_694014,host_175524): 0 -> 1
Cell (virus_694014,host_186990): 0 -> 1
Cell (virus_694014,host_270698): 0 -> 1
Cell (virus_694014,host_334201): 0 -> 1
Cell (virus_694014,host_249020): 0 -> 1
Cell (virus_694014,host_584995): 0 -> 1
Cell (virus_694014,host_302402): 0 -> 1
Cell (virus_694014,host_58069): 0 -> 1
Cell (virus_694014,host_376555): 0 -> 1
Cell (virus_694014,host_169756): 0 -> 1
Cell (virus_694014,host_188570): 0 -> 1
Cell (virus_694014,host_196296): 0 -> 1
Cell (virus_694014,host_320431): 0 -> 1
Cell (virus_694014,host_476589): 0 -> 1
Cell (virus_694014,host_188571): 0 -> 1
Cell (virus_694014,host_249024): 0 -> 1
Cell (virus_694014,host_2603865): 0 -> 1
Cell (virus_694014,host_2603866): 0 -> 1
Cell (virus_694014,host_519041): 0 -> 1
Cell (virus_694014,host_302408): 0 -> 1
Cell (virus_694014,host_59479): 0 -> 1
Cell (virus_694014,host_519037): 0 -> 1
Cell (virus_694014,host_337453): 0 -> 1
Cell (virus_694014,host_430492): 0 -> 1
Cell (virus_694014,host_77218): 0 -> 1
Cell (virus_694014,host_1195082): 0 -> 1
Cell (virus_694014,host_549403): 0 -> 1
Cell (virus_694014,host_3371112): 0 -> 1
Cell (virus_694014,host_124756): 0 -> 1
Cell (virus_694014,host_328804): 0 -> 1
Cell (virus_694014,host_9403): 0 -> 1
Cell (virus_694014,host_1381355): 0 -> 1
Cell (virus_694014,host_187003): 0 -> 1
Cell (virus_694014,host_907075): 0 -> 1
Cell (virus_694014,host_118856): 0 -> 1
Cell (virus_694014,host_59476): 0 -> 1
Cell (virus_694014,host_177160): 0 -> 1
Cell (virus_694014,host_2994998): 0 -> 1
Cell (virus_694014,host_59472): 0 -> 1
Cell (virus_694014,host_9414): 0 -> 1
Cell (virus_694014,host_1434095): 0 -> 1
Cell (virus_694014,host_221086): 0 -> 1
Cell (virus_694014,host_291302): 0 -> 1
Cell (virus_694014,host_221087): 0 -> 1
Cell (virus_694014,host_187007): 0 -> 1
Cell (virus_694014,host_187008): 0 -> 1
Cell (virus_694014,host_258934): 0 -> 1
Cell (virus_694014,host_479723): 0 -> 1
Cell (virus_694014,host_124751): 0 -> 1
Cell (virus_694014,host_3041509): 0 -> 1
Cell (virus_694014,host_2218597): 0 -> 1
Cell (virus_694014,host_258867): 0 -> 1
Cell (virus_694014,host_242384): 0 -> 1
Cell (virus_694014,host_258863): 0 -> 1
Cell (virus_694014,host_452595): 0 -> 1
Cell (virus_694014,host_9438): 0 -> 1
Cell (virus_694014,host_153297): 0 -> 1
Cell (virus_694014,host_258952): 0 -> 1
Cell (virus_694014,host_249033): 0 -> 1
Cell (virus_694014,host_258930): 0 -> 1
Cell (virus_694014,host_61862): 0 -> 1
Cell (virus_694014,host_109485): 0 -> 1
Cell (virus_694014,host_59474): 0 -> 1
Cell (virus_694014,host_999321): 0 -> 1
Cell (virus_694014,host_867834): 0 -> 1
Cell (virus_694014,host_143942): 0 -> 1
Cell (virus_694014,host_2491053): 0 -> 1
Cell (virus_694014,host_258944): 0 -> 1
Cell (virus_694014,host_258959): 0 -> 1
Cell (virus_694014,host_526822): 0 -> 1
Cell (virus_2917966,host_105273): 0 -> 1
Cell (virus_2917966,host_109478): 0 -> 1
Cell (virus_2917966,host_9435): 0 -> 1
Cell (virus_2917966,host_59463): 0 -> 1
Cell (virus_2917966,host_109480): 0 -> 1
Cell (virus_2917966,host_1633875): 0 -> 1
Cell (virus_2917966,host_519446): 0 -> 1
Cell (virus_2917966,host_2528591): 0 -> 1
Cell (virus_2917966,host_109482): 0 -> 1
Cell (virus_2917966,host_51298): 0 -> 1
Cell (virus_2917966,host_1911917): 0 -> 1
Cell (virus_2917966,host_59461): 0 -> 1
Cell (virus_2917966,host_203696): 0 -> 1
Cell (virus_2917966,host_138979): 0 -> 1
Cell (virus_2917966,host_155915): 0 -> 1
Cell (virus_2917966,host_225400): 0 -> 1
Cell (virus_2917966,host_155035): 0 -> 1
Cell (virus_2917966,host_258925): 0 -> 1
Cell (virus_2917966,host_177185): 0 -> 1
Cell (virus_2917966,host_187017): 0 -> 1
Cell (virus_2917966,host_110941): 0 -> 1
Cell (virus_2917966,host_2603869): 0 -> 1
Cell (virus_2917966,host_188568): 0 -> 1
Cell (virus_2917966,host_1207989): 0 -> 1
Cell (virus_2917966,host_188569): 0 -> 1
Cell (virus_2917966,host_59453): 0 -> 1
Cell (virus_2917966,host_175524): 0 -> 1
Cell (virus_2917966,host_186990): 0 -> 1
Cell (virus_2917966,host_334201): 0 -> 1
Cell (virus_2917966,host_249020): 0 -> 1
Cell (virus_2917966,host_463808): 0 -> 1
Cell (virus_2917966,host_58069): 0 -> 1
Cell (virus_2917966,host_376555): 0 -> 1
Cell (virus_2917966,host_169756): 0 -> 1
Cell (virus_2917966,host_188570): 0 -> 1
Cell (virus_2917966,host_196296): 0 -> 1
Cell (virus_2917966,host_337452): 0 -> 1
Cell (virus_2917966,host_476589): 0 -> 1
Cell (virus_2917966,host_188571): 0 -> 1
Cell (virus_2917966,host_249024): 0 -> 1
Cell (virus_2917966,host_2603865): 0 -> 1
Cell (virus_2917966,host_2603866): 0 -> 1
Cell (virus_2917966,host_519041): 0 -> 1
Cell (virus_2917966,host_302408): 0 -> 1
Cell (virus_2917966,host_59479): 0 -> 1
Cell (virus_2917966,host_519037): 0 -> 1
Cell (virus_2917966,host_337453): 0 -> 1
Cell (virus_2917966,host_430492): 0 -> 1
Cell (virus_2917966,host_77218): 0 -> 1
Cell (virus_2917966,host_1195082): 0 -> 1
Cell (virus_2917966,host_549403): 0 -> 1
Cell (virus_2917966,host_124756): 0 -> 1
Cell (virus_2917966,host_328804): 0 -> 1
Cell (virus_2917966,host_9403): 0 -> 1
Cell (virus_2917966,host_326083): 0 -> 1
Cell (virus_2917966,host_1381355): 0 -> 1
Cell (virus_2917966,host_187003): 0 -> 1
Cell (virus_2917966,host_907075): 0 -> 1
Cell (virus_2917966,host_1884717): 0 -> 1
Cell (virus_2917966,host_59476): 0 -> 1
Cell (virus_2917966,host_177160): 0 -> 1
Cell (virus_2917966,host_177162): 0 -> 1
Cell (virus_2917966,host_2994998): 0 -> 1
Cell (virus_2917966,host_3042450): 0 -> 1
Cell (virus_2917966,host_59472): 0 -> 1
Cell (virus_2917966,host_9414): 0 -> 1
Cell (virus_2917966,host_1434095): 0 -> 1
Cell (virus_2917966,host_291302): 0 -> 1
Cell (virus_2917966,host_221087): 0 -> 1
Cell (virus_2917966,host_187007): 0 -> 1
Cell (virus_2917966,host_187008): 0 -> 1
Cell (virus_2917966,host_258934): 0 -> 1
Cell (virus_2917966,host_124751): 0 -> 1
Cell (virus_2917966,host_27622): 0 -> 1
Cell (virus_2917966,host_3041509): 0 -> 1
Cell (virus_2917966,host_2218597): 0 -> 1
Cell (virus_2917966,host_258867): 0 -> 1
Cell (virus_2917966,host_242384): 0 -> 1
Cell (virus_2917966,host_258863): 0 -> 1
Cell (virus_2917966,host_452595): 0 -> 1
Cell (virus_2917966,host_999964): 0 -> 1
Cell (virus_2917966,host_9438): 0 -> 1
Cell (virus_2917966,host_153297): 0 -> 1
Cell (virus_2917966,host_258952): 0 -> 1
Cell (virus_2917966,host_249033): 0 -> 1
Cell (virus_2917966,host_258930): 0 -> 1
Cell (virus_2917966,host_109485): 0 -> 1
Cell (virus_2917966,host_59474): 0 -> 1
Cell (virus_2917966,host_999321): 0 -> 1
Cell (virus_2917966,host_867834): 0 -> 1
Cell (virus_2917966,host_143942): 0 -> 1
Cell (virus_2917966,host_2491053): 0 -> 1
Cell (virus_2917966,host_258959): 0 -> 1
Cell (virus_2917966,host_526822): 0 -> 1
Cell (virus_3158245,host_105273): 0 -> 1
Cell (virus_3158245,host_258946): 0 -> 1
Cell (virus_3158245,host_109478): 0 -> 1
Cell (virus_3158245,host_9435): 0 -> 1
Cell (virus_3158245,host_59463): 0 -> 1
Cell (virus_3158245,host_109480): 0 -> 1
Cell (virus_3158245,host_160974): 0 -> 1
Cell (virus_3158245,host_1633875): 0 -> 1
Cell (virus_3158245,host_519446): 0 -> 1
Cell (virus_3158245,host_2528591): 0 -> 1
Cell (virus_3158245,host_109482): 0 -> 1
Cell (virus_3158245,host_51298): 0 -> 1
Cell (virus_3158245,host_1911917): 0 -> 1
Cell (virus_3158245,host_203696): 0 -> 1
Cell (virus_3158245,host_452653): 0 -> 1
Cell (virus_3158245,host_138979): 0 -> 1
Cell (virus_3158245,host_225400): 0 -> 1
Cell (virus_3158245,host_155035): 0 -> 1
Cell (virus_3158245,host_258925): 0 -> 1
Cell (virus_3158245,host_177185): 0 -> 1
Cell (virus_3158245,host_187017): 0 -> 1
Cell (virus_3158245,host_110941): 0 -> 1
Cell (virus_3158245,host_2603869): 0 -> 1
Cell (virus_3158245,host_188568): 0 -> 1
Cell (virus_3158245,host_1207989): 0 -> 1
Cell (virus_3158245,host_188569): 0 -> 1
Cell (virus_3158245,host_59453): 0 -> 1
Cell (virus_3158245,host_175524): 0 -> 1
Cell (virus_3158245,host_186990): 0 -> 1
Cell (virus_3158245,host_270698): 0 -> 1
Cell (virus_3158245,host_334201): 0 -> 1
Cell (virus_3158245,host_249020): 0 -> 1
Cell (virus_3158245,host_584995): 0 -> 1
Cell (virus_3158245,host_58069): 0 -> 1
Cell (virus_3158245,host_376555): 0 -> 1
Cell (virus_3158245,host_169756): 0 -> 1
Cell (virus_3158245,host_188570): 0 -> 1
Cell (virus_3158245,host_196296): 0 -> 1
Cell (virus_3158245,host_337452): 0 -> 1
Cell (virus_3158245,host_76837): 0 -> 1
Cell (virus_3158245,host_320431): 0 -> 1
Cell (virus_3158245,host_476589): 0 -> 1
Cell (virus_3158245,host_188571): 0 -> 1
Cell (virus_3158245,host_249024): 0 -> 1
Cell (virus_3158245,host_2603865): 0 -> 1
Cell (virus_3158245,host_2603866): 0 -> 1
Cell (virus_3158245,host_519041): 0 -> 1
Cell (virus_3158245,host_302408): 0 -> 1
Cell (virus_3158245,host_59479): 0 -> 1
Cell (virus_3158245,host_519037): 0 -> 1
Cell (virus_3158245,host_337453): 0 -> 1
Cell (virus_3158245,host_430492): 0 -> 1
Cell (virus_3158245,host_77218): 0 -> 1
Cell (virus_3158245,host_1195082): 0 -> 1
Cell (virus_3158245,host_549403): 0 -> 1
Cell (virus_3158245,host_124756): 0 -> 1
Cell (virus_3158245,host_328804): 0 -> 1
Cell (virus_3158245,host_9403): 0 -> 1
Cell (virus_3158245,host_58063): 0 -> 1
Cell (virus_3158245,host_326083): 0 -> 1
Cell (virus_3158245,host_1381355): 0 -> 1
Cell (virus_3158245,host_187003): 0 -> 1
Cell (virus_3158245,host_907075): 0 -> 1
Cell (virus_3158245,host_59476): 0 -> 1
Cell (virus_3158245,host_177160): 0 -> 1
Cell (virus_3158245,host_2994998): 0 -> 1
Cell (virus_3158245,host_3042450): 0 -> 1
Cell (virus_3158245,host_59472): 0 -> 1
Cell (virus_3158245,host_9414): 0 -> 1
Cell (virus_3158245,host_1434095): 0 -> 1
Cell (virus_3158245,host_291302): 0 -> 1
Cell (virus_3158245,host_221087): 0 -> 1
Cell (virus_3158245,host_187007): 0 -> 1
Cell (virus_3158245,host_187008): 0 -> 1
Cell (virus_3158245,host_258934): 0 -> 1
Cell (virus_3158245,host_479723): 0 -> 1
Cell (virus_3158245,host_124751): 0 -> 1
Cell (virus_3158245,host_3041509): 0 -> 1
Cell (virus_3158245,host_2218597): 0 -> 1
Cell (virus_3158245,host_258867): 0 -> 1
Cell (virus_3158245,host_242384): 0 -> 1
Cell (virus_3158245,host_258863): 0 -> 1
Cell (virus_3158245,host_452595): 0 -> 1
Cell (virus_3158245,host_9438): 0 -> 1
Cell (virus_3158245,host_153297): 0 -> 1
Cell (virus_3158245,host_258952): 0 -> 1
Cell (virus_3158245,host_258953): 0 -> 1
Cell (virus_3158245,host_249033): 0 -> 1
Cell (virus_3158245,host_258930): 0 -> 1
Cell (virus_3158245,host_109485): 0 -> 1
Cell (virus_3158245,host_59474): 0 -> 1
Cell (virus_3158245,host_999321): 0 -> 1
Cell (virus_3158245,host_867834): 0 -> 1
Cell (virus_3158245,host_143942): 0 -> 1
Cell (virus_3158245,host_2491053): 0 -> 1
Cell (virus_3158245,host_258959): 0 -> 1
Cell (virus_3158245,host_526822): 0 -> 1
Cell (virus_693999,host_105273): 0 -> 1
Cell (virus_693999,host_258946): 0 -> 1
Cell (virus_693999,host_109478): 0 -> 1
Cell (virus_693999,host_9435): 0 -> 1
Cell (virus_693999,host_59463): 0 -> 1
Cell (virus_693999,host_109480): 0 -> 1
Cell (virus_693999,host_160974): 0 -> 1
Cell (virus_693999,host_1633875): 0 -> 1
Cell (virus_693999,host_519446): 0 -> 1
Cell (virus_693999,host_2528591): 0 -> 1
Cell (virus_693999,host_109482): 0 -> 1
Cell (virus_693999,host_51298): 0 -> 1
Cell (virus_693999,host_1911917): 0 -> 1
Cell (virus_693999,host_203696): 0 -> 1
Cell (virus_693999,host_452653): 0 -> 1
Cell (virus_693999,host_138979): 0 -> 1
Cell (virus_693999,host_225400): 0 -> 1
Cell (virus_693999,host_155035): 0 -> 1
Cell (virus_693999,host_258925): 0 -> 1
Cell (virus_693999,host_177185): 0 -> 1
Cell (virus_693999,host_187017): 0 -> 1
Cell (virus_693999,host_110941): 0 -> 1
Cell (virus_693999,host_2603869): 0 -> 1
Cell (virus_693999,host_188568): 0 -> 1
Cell (virus_693999,host_1207989): 0 -> 1
Cell (virus_693999,host_188569): 0 -> 1
Cell (virus_693999,host_59453): 0 -> 1
Cell (virus_693999,host_175524): 0 -> 1
Cell (virus_693999,host_186990): 0 -> 1
Cell (virus_693999,host_270698): 0 -> 1
Cell (virus_693999,host_334201): 0 -> 1
Cell (virus_693999,host_249020): 0 -> 1
Cell (virus_693999,host_584995): 0 -> 1
Cell (virus_693999,host_58069): 0 -> 1
Cell (virus_693999,host_376555): 0 -> 1
Cell (virus_693999,host_169756): 0 -> 1
Cell (virus_693999,host_188570): 0 -> 1
Cell (virus_693999,host_196296): 0 -> 1
Cell (virus_693999,host_337452): 0 -> 1
Cell (virus_693999,host_76837): 0 -> 1
Cell (virus_693999,host_320431): 0 -> 1
Cell (virus_693999,host_476589): 0 -> 1
Cell (virus_693999,host_188571): 0 -> 1
Cell (virus_693999,host_249024): 0 -> 1
Cell (virus_693999,host_2603865): 0 -> 1
Cell (virus_693999,host_2603866): 0 -> 1
Cell (virus_693999,host_519041): 0 -> 1
Cell (virus_693999,host_302408): 0 -> 1
Cell (virus_693999,host_59479): 0 -> 1
Cell (virus_693999,host_519037): 0 -> 1
Cell (virus_693999,host_337453): 0 -> 1
Cell (virus_693999,host_430492): 0 -> 1
Cell (virus_693999,host_77218): 0 -> 1
Cell (virus_693999,host_1195082): 0 -> 1
Cell (virus_693999,host_549403): 0 -> 1
Cell (virus_693999,host_124756): 0 -> 1
Cell (virus_693999,host_328804): 0 -> 1
Cell (virus_693999,host_9403): 0 -> 1
Cell (virus_693999,host_58063): 0 -> 1
Cell (virus_693999,host_326083): 0 -> 1
Cell (virus_693999,host_1381355): 0 -> 1
Cell (virus_693999,host_187003): 0 -> 1
Cell (virus_693999,host_907075): 0 -> 1
Cell (virus_693999,host_59476): 0 -> 1
Cell (virus_693999,host_177160): 0 -> 1
Cell (virus_693999,host_2994998): 0 -> 1
Cell (virus_693999,host_3042450): 0 -> 1
Cell (virus_693999,host_59472): 0 -> 1
Cell (virus_693999,host_9414): 0 -> 1
Cell (virus_693999,host_1434095): 0 -> 1
Cell (virus_693999,host_291302): 0 -> 1
Cell (virus_693999,host_221087): 0 -> 1
Cell (virus_693999,host_187007): 0 -> 1
Cell (virus_693999,host_187008): 0 -> 1
Cell (virus_693999,host_258934): 0 -> 1
Cell (virus_693999,host_479723): 0 -> 1
Cell (virus_693999,host_124751): 0 -> 1
Cell (virus_693999,host_3041509): 0 -> 1
Cell (virus_693999,host_2218597): 0 -> 1
Cell (virus_693999,host_258867): 0 -> 1
Cell (virus_693999,host_242384): 0 -> 1
Cell (virus_693999,host_258863): 0 -> 1
Cell (virus_693999,host_452595): 0 -> 1
Cell (virus_693999,host_9438): 0 -> 1
Cell (virus_693999,host_153297): 0 -> 1
Cell (virus_693999,host_258952): 0 -> 1
Cell (virus_693999,host_258953): 0 -> 1
Cell (virus_693999,host_249033): 0 -> 1
Cell (virus_693999,host_258930): 0 -> 1
Cell (virus_693999,host_109485): 0 -> 1
Cell (virus_693999,host_59474): 0 -> 1
Cell (virus_693999,host_999321): 0 -> 1
Cell (virus_693999,host_867834): 0 -> 1
Cell (virus_693999,host_143942): 0 -> 1
Cell (virus_693999,host_2491053): 0 -> 1
Cell (virus_693999,host_258959): 0 -> 1
Cell (virus_693999,host_526822): 0 -> 1
Cell (virus_3418615,host_105273): 0 -> 1
Cell (virus_3418615,host_109478): 0 -> 1
Cell (virus_3418615,host_9435): 0 -> 1
Cell (virus_3418615,host_59463): 0 -> 1
Cell (virus_3418615,host_109480): 0 -> 1
Cell (virus_3418615,host_160974): 0 -> 1
Cell (virus_3418615,host_1633875): 0 -> 1
Cell (virus_3418615,host_519446): 0 -> 1
Cell (virus_3418615,host_2528591): 0 -> 1
Cell (virus_3418615,host_109482): 0 -> 1
Cell (virus_3418615,host_51298): 0 -> 1
Cell (virus_3418615,host_1911917): 0 -> 1
Cell (virus_3418615,host_203696): 0 -> 1
Cell (virus_3418615,host_452653): 0 -> 1
Cell (virus_3418615,host_138979): 0 -> 1
Cell (virus_3418615,host_225400): 0 -> 1
Cell (virus_3418615,host_155035): 0 -> 1
Cell (virus_3418615,host_258925): 0 -> 1
Cell (virus_3418615,host_177185): 0 -> 1
Cell (virus_3418615,host_187017): 0 -> 1
Cell (virus_3418615,host_110941): 0 -> 1
Cell (virus_3418615,host_2603869): 0 -> 1
Cell (virus_3418615,host_188568): 0 -> 1
Cell (virus_3418615,host_1207989): 0 -> 1
Cell (virus_3418615,host_188569): 0 -> 1
Cell (virus_3418615,host_59453): 0 -> 1
Cell (virus_3418615,host_175524): 0 -> 1
Cell (virus_3418615,host_186990): 0 -> 1
Cell (virus_3418615,host_270698): 0 -> 1
Cell (virus_3418615,host_334201): 0 -> 1
Cell (virus_3418615,host_249020): 0 -> 1
Cell (virus_3418615,host_584995): 0 -> 1
Cell (virus_3418615,host_58069): 0 -> 1
Cell (virus_3418615,host_376555): 0 -> 1
Cell (virus_3418615,host_169756): 0 -> 1
Cell (virus_3418615,host_188570): 0 -> 1
Cell (virus_3418615,host_196296): 0 -> 1
Cell (virus_3418615,host_337452): 0 -> 1
Cell (virus_3418615,host_476589): 0 -> 1
Cell (virus_3418615,host_188571): 0 -> 1
Cell (virus_3418615,host_249024): 0 -> 1
Cell (virus_3418615,host_2603865): 0 -> 1
Cell (virus_3418615,host_2603866): 0 -> 1
Cell (virus_3418615,host_519041): 0 -> 1
Cell (virus_3418615,host_302408): 0 -> 1
Cell (virus_3418615,host_59479): 0 -> 1
Cell (virus_3418615,host_519037): 0 -> 1
Cell (virus_3418615,host_337453): 0 -> 1
Cell (virus_3418615,host_430492): 0 -> 1
Cell (virus_3418615,host_77218): 0 -> 1
Cell (virus_3418615,host_1195082): 0 -> 1
Cell (virus_3418615,host_549403): 0 -> 1
Cell (virus_3418615,host_124756): 0 -> 1
Cell (virus_3418615,host_328804): 0 -> 1
Cell (virus_3418615,host_9403): 0 -> 1
Cell (virus_3418615,host_58063): 0 -> 1
Cell (virus_3418615,host_326083): 0 -> 1
Cell (virus_3418615,host_1381355): 0 -> 1
Cell (virus_3418615,host_187003): 0 -> 1
Cell (virus_3418615,host_907075): 0 -> 1
Cell (virus_3418615,host_59476): 0 -> 1
Cell (virus_3418615,host_177160): 0 -> 1
Cell (virus_3418615,host_2994998): 0 -> 1
Cell (virus_3418615,host_3042450): 0 -> 1
Cell (virus_3418615,host_59472): 0 -> 1
Cell (virus_3418615,host_9414): 0 -> 1
Cell (virus_3418615,host_1434095): 0 -> 1
Cell (virus_3418615,host_291302): 0 -> 1
Cell (virus_3418615,host_221087): 0 -> 1
Cell (virus_3418615,host_187007): 0 -> 1
Cell (virus_3418615,host_187008): 0 -> 1
Cell (virus_3418615,host_258934): 0 -> 1
Cell (virus_3418615,host_479723): 0 -> 1
Cell (virus_3418615,host_124751): 0 -> 1
Cell (virus_3418615,host_3041509): 0 -> 1
Cell (virus_3418615,host_2218597): 0 -> 1
Cell (virus_3418615,host_258867): 0 -> 1
Cell (virus_3418615,host_242384): 0 -> 1
Cell (virus_3418615,host_258863): 0 -> 1
Cell (virus_3418615,host_452595): 0 -> 1
Cell (virus_3418615,host_9438): 0 -> 1
Cell (virus_3418615,host_153297): 0 -> 1
Cell (virus_3418615,host_258952): 0 -> 1
Cell (virus_3418615,host_258953): 0 -> 1
Cell (virus_3418615,host_249033): 0 -> 1
Cell (virus_3418615,host_258930): 0 -> 1
Cell (virus_3418615,host_61862): 0 -> 1
Cell (virus_3418615,host_109485): 0 -> 1
Cell (virus_3418615,host_59474): 0 -> 1
Cell (virus_3418615,host_999321): 0 -> 1
Cell (virus_3418615,host_867834): 0 -> 1
Cell (virus_3418615,host_143942): 0 -> 1
Cell (virus_3418615,host_2491053): 0 -> 1
Cell (virus_3418615,host_258959): 0 -> 1
Cell (virus_3418615,host_526822): 0 -> 1
Cell (virus_694006,host_105273): 0 -> 1
Cell (virus_694006,host_109478): 0 -> 1
Cell (virus_694006,host_9435): 0 -> 1
Cell (virus_694006,host_59463): 0 -> 1
Cell (virus_694006,host_109480): 0 -> 1
Cell (virus_694006,host_160974): 0 -> 1
Cell (virus_694006,host_1633875): 0 -> 1
Cell (virus_694006,host_519446): 0 -> 1
Cell (virus_694006,host_2528591): 0 -> 1
Cell (virus_694006,host_109482): 0 -> 1
Cell (virus_694006,host_51298): 0 -> 1
Cell (virus_694006,host_1911917): 0 -> 1
Cell (virus_694006,host_203696): 0 -> 1
Cell (virus_694006,host_452653): 0 -> 1
Cell (virus_694006,host_138979): 0 -> 1
Cell (virus_694006,host_225400): 0 -> 1
Cell (virus_694006,host_155035): 0 -> 1
Cell (virus_694006,host_258925): 0 -> 1
Cell (virus_694006,host_177185): 0 -> 1
Cell (virus_694006,host_187017): 0 -> 1
Cell (virus_694006,host_110941): 0 -> 1
Cell (virus_694006,host_2603869): 0 -> 1
Cell (virus_694006,host_188568): 0 -> 1
Cell (virus_694006,host_1207989): 0 -> 1
Cell (virus_694006,host_188569): 0 -> 1
Cell (virus_694006,host_59453): 0 -> 1
Cell (virus_694006,host_175524): 0 -> 1
Cell (virus_694006,host_186990): 0 -> 1
Cell (virus_694006,host_270698): 0 -> 1
Cell (virus_694006,host_334201): 0 -> 1
Cell (virus_694006,host_249020): 0 -> 1
Cell (virus_694006,host_584995): 0 -> 1
Cell (virus_694006,host_58069): 0 -> 1
Cell (virus_694006,host_376555): 0 -> 1
Cell (virus_694006,host_169756): 0 -> 1
Cell (virus_694006,host_188570): 0 -> 1
Cell (virus_694006,host_196296): 0 -> 1
Cell (virus_694006,host_337452): 0 -> 1
Cell (virus_694006,host_476589): 0 -> 1
Cell (virus_694006,host_188571): 0 -> 1
Cell (virus_694006,host_249024): 0 -> 1
Cell (virus_694006,host_2603865): 0 -> 1
Cell (virus_694006,host_2603866): 0 -> 1
Cell (virus_694006,host_519041): 0 -> 1
Cell (virus_694006,host_302408): 0 -> 1
Cell (virus_694006,host_59479): 0 -> 1
Cell (virus_694006,host_519037): 0 -> 1
Cell (virus_694006,host_337453): 0 -> 1
Cell (virus_694006,host_430492): 0 -> 1
Cell (virus_694006,host_77218): 0 -> 1
Cell (virus_694006,host_1195082): 0 -> 1
Cell (virus_694006,host_549403): 0 -> 1
Cell (virus_694006,host_124756): 0 -> 1
Cell (virus_694006,host_328804): 0 -> 1
Cell (virus_694006,host_9403): 0 -> 1
Cell (virus_694006,host_58063): 0 -> 1
Cell (virus_694006,host_326083): 0 -> 1
Cell (virus_694006,host_1381355): 0 -> 1
Cell (virus_694006,host_187003): 0 -> 1
Cell (virus_694006,host_907075): 0 -> 1
Cell (virus_694006,host_59476): 0 -> 1
Cell (virus_694006,host_177160): 0 -> 1
Cell (virus_694006,host_2994998): 0 -> 1
Cell (virus_694006,host_3042450): 0 -> 1
Cell (virus_694006,host_59472): 0 -> 1
Cell (virus_694006,host_9414): 0 -> 1
Cell (virus_694006,host_1434095): 0 -> 1
Cell (virus_694006,host_291302): 0 -> 1
Cell (virus_694006,host_221087): 0 -> 1
Cell (virus_694006,host_187007): 0 -> 1
Cell (virus_694006,host_187008): 0 -> 1
Cell (virus_694006,host_258934): 0 -> 1
Cell (virus_694006,host_479723): 0 -> 1
Cell (virus_694006,host_124751): 0 -> 1
Cell (virus_694006,host_3041509): 0 -> 1
Cell (virus_694006,host_2218597): 0 -> 1
Cell (virus_694006,host_258867): 0 -> 1
Cell (virus_694006,host_242384): 0 -> 1
Cell (virus_694006,host_258863): 0 -> 1
Cell (virus_694006,host_452595): 0 -> 1
Cell (virus_694006,host_9438): 0 -> 1
Cell (virus_694006,host_153297): 0 -> 1
Cell (virus_694006,host_258952): 0 -> 1
Cell (virus_694006,host_258953): 0 -> 1
Cell (virus_694006,host_249033): 0 -> 1
Cell (virus_694006,host_258930): 0 -> 1
Cell (virus_694006,host_61862): 0 -> 1
Cell (virus_694006,host_109485): 0 -> 1
Cell (virus_694006,host_59474): 0 -> 1
Cell (virus_694006,host_999321): 0 -> 1
Cell (virus_694006,host_867834): 0 -> 1
Cell (virus_694006,host_143942): 0 -> 1
Cell (virus_694006,host_2491053): 0 -> 1
Cell (virus_694006,host_258959): 0 -> 1
Cell (virus_694006,host_526822): 0 -> 1
Cell (virus_3433776,host_105273): 0 -> 1
Cell (virus_3433776,host_109478): 0 -> 1
Cell (virus_3433776,host_9435): 0 -> 1
Cell (virus_3433776,host_59463): 0 -> 1
Cell (virus_3433776,host_109480): 0 -> 1
Cell (virus_3433776,host_160974): 0 -> 1
Cell (virus_3433776,host_1633875): 0 -> 1
Cell (virus_3433776,host_519446): 0 -> 1
Cell (virus_3433776,host_2528591): 0 -> 1
Cell (virus_3433776,host_109482): 0 -> 1
Cell (virus_3433776,host_51298): 0 -> 1
Cell (virus_3433776,host_1911917): 0 -> 1
Cell (virus_3433776,host_203696): 0 -> 1
Cell (virus_3433776,host_452653): 0 -> 1
Cell (virus_3433776,host_138977): 0 -> 1
Cell (virus_3433776,host_138979): 0 -> 1
Cell (virus_3433776,host_225400): 0 -> 1
Cell (virus_3433776,host_155035): 0 -> 1
Cell (virus_3433776,host_258925): 0 -> 1
Cell (virus_3433776,host_177185): 0 -> 1
Cell (virus_3433776,host_187017): 0 -> 1
Cell (virus_3433776,host_110941): 0 -> 1
Cell (virus_3433776,host_2603869): 0 -> 1
Cell (virus_3433776,host_188568): 0 -> 1
Cell (virus_3433776,host_1207989): 0 -> 1
Cell (virus_3433776,host_188569): 0 -> 1
Cell (virus_3433776,host_59453): 0 -> 1
Cell (virus_3433776,host_175524): 0 -> 1
Cell (virus_3433776,host_186990): 0 -> 1
Cell (virus_3433776,host_270698): 0 -> 1
Cell (virus_3433776,host_334201): 0 -> 1
Cell (virus_3433776,host_249020): 0 -> 1
Cell (virus_3433776,host_584995): 0 -> 1
Cell (virus_3433776,host_58069): 0 -> 1
Cell (virus_3433776,host_376555): 0 -> 1
Cell (virus_3433776,host_169756): 0 -> 1
Cell (virus_3433776,host_188570): 0 -> 1
Cell (virus_3433776,host_196296): 0 -> 1
Cell (virus_3433776,host_337452): 0 -> 1
Cell (virus_3433776,host_476589): 0 -> 1
Cell (virus_3433776,host_188571): 0 -> 1
Cell (virus_3433776,host_249024): 0 -> 1
Cell (virus_3433776,host_2603865): 0 -> 1
Cell (virus_3433776,host_2603866): 0 -> 1
Cell (virus_3433776,host_519041): 0 -> 1
Cell (virus_3433776,host_302408): 0 -> 1
Cell (virus_3433776,host_59479): 0 -> 1
Cell (virus_3433776,host_519037): 0 -> 1
Cell (virus_3433776,host_337453): 0 -> 1
Cell (virus_3433776,host_430492): 0 -> 1
Cell (virus_3433776,host_77218): 0 -> 1
Cell (virus_3433776,host_1195082): 0 -> 1
Cell (virus_3433776,host_549403): 0 -> 1
Cell (virus_3433776,host_124756): 0 -> 1
Cell (virus_3433776,host_328804): 0 -> 1
Cell (virus_3433776,host_9403): 0 -> 1
Cell (virus_3433776,host_58063): 0 -> 1
Cell (virus_3433776,host_326083): 0 -> 1
Cell (virus_3433776,host_1381355): 0 -> 1
Cell (virus_3433776,host_187003): 0 -> 1
Cell (virus_3433776,host_907075): 0 -> 1
Cell (virus_3433776,host_59476): 0 -> 1
Cell (virus_3433776,host_177160): 0 -> 1
Cell (virus_3433776,host_2994998): 0 -> 1
Cell (virus_3433776,host_3042450): 0 -> 1
Cell (virus_3433776,host_59472): 0 -> 1
Cell (virus_3433776,host_9414): 0 -> 1
Cell (virus_3433776,host_1434095): 0 -> 1
Cell (virus_3433776,host_291302): 0 -> 1
Cell (virus_3433776,host_221087): 0 -> 1
Cell (virus_3433776,host_187007): 0 -> 1
Cell (virus_3433776,host_187008): 0 -> 1
Cell (virus_3433776,host_258934): 0 -> 1
Cell (virus_3433776,host_479723): 0 -> 1
Cell (virus_3433776,host_124751): 0 -> 1
Cell (virus_3433776,host_3041509): 0 -> 1
Cell (virus_3433776,host_2218597): 0 -> 1
Cell (virus_3433776,host_258867): 0 -> 1
Cell (virus_3433776,host_242384): 0 -> 1
Cell (virus_3433776,host_258863): 0 -> 1
Cell (virus_3433776,host_452595): 0 -> 1
Cell (virus_3433776,host_9438): 0 -> 1
Cell (virus_3433776,host_153297): 0 -> 1
Cell (virus_3433776,host_258952): 0 -> 1
Cell (virus_3433776,host_258953): 0 -> 1
Cell (virus_3433776,host_249033): 0 -> 1
Cell (virus_3433776,host_258930): 0 -> 1
Cell (virus_3433776,host_61862): 0 -> 1
Cell (virus_3433776,host_109485): 0 -> 1
Cell (virus_3433776,host_59474): 0 -> 1
Cell (virus_3433776,host_999321): 0 -> 1
Cell (virus_3433776,host_867834): 0 -> 1
Cell (virus_3433776,host_143942): 0 -> 1
Cell (virus_3433776,host_2491053): 0 -> 1
Cell (virus_3433776,host_258959): 0 -> 1
Cell (virus_3433776,host_526822): 0 -> 1
Cell (virus_694007,host_105273): 0 -> 1
Cell (virus_694007,host_109478): 0 -> 1
Cell (virus_694007,host_9435): 0 -> 1
Cell (virus_694007,host_59463): 0 -> 1
Cell (virus_694007,host_109480): 0 -> 1
Cell (virus_694007,host_160974): 0 -> 1
Cell (virus_694007,host_1633875): 0 -> 1
Cell (virus_694007,host_519446): 0 -> 1
Cell (virus_694007,host_2528591): 0 -> 1
Cell (virus_694007,host_109482): 0 -> 1
Cell (virus_694007,host_51298): 0 -> 1
Cell (virus_694007,host_1911917): 0 -> 1
Cell (virus_694007,host_203696): 0 -> 1
Cell (virus_694007,host_452653): 0 -> 1
Cell (virus_694007,host_138977): 0 -> 1
Cell (virus_694007,host_138979): 0 -> 1
Cell (virus_694007,host_225400): 0 -> 1
Cell (virus_694007,host_155035): 0 -> 1
Cell (virus_694007,host_258925): 0 -> 1
Cell (virus_694007,host_177185): 0 -> 1
Cell (virus_694007,host_187017): 0 -> 1
Cell (virus_694007,host_110941): 0 -> 1
Cell (virus_694007,host_2603869): 0 -> 1
Cell (virus_694007,host_188568): 0 -> 1
Cell (virus_694007,host_1207989): 0 -> 1
Cell (virus_694007,host_188569): 0 -> 1
Cell (virus_694007,host_59453): 0 -> 1
Cell (virus_694007,host_175524): 0 -> 1
Cell (virus_694007,host_186990): 0 -> 1
Cell (virus_694007,host_270698): 0 -> 1
Cell (virus_694007,host_334201): 0 -> 1
Cell (virus_694007,host_249020): 0 -> 1
Cell (virus_694007,host_584995): 0 -> 1
Cell (virus_694007,host_58069): 0 -> 1
Cell (virus_694007,host_376555): 0 -> 1
Cell (virus_694007,host_169756): 0 -> 1
Cell (virus_694007,host_188570): 0 -> 1
Cell (virus_694007,host_196296): 0 -> 1
Cell (virus_694007,host_337452): 0 -> 1
Cell (virus_694007,host_476589): 0 -> 1
Cell (virus_694007,host_188571): 0 -> 1
Cell (virus_694007,host_249024): 0 -> 1
Cell (virus_694007,host_2603865): 0 -> 1
Cell (virus_694007,host_2603866): 0 -> 1
Cell (virus_694007,host_519041): 0 -> 1
Cell (virus_694007,host_302408): 0 -> 1
Cell (virus_694007,host_59479): 0 -> 1
Cell (virus_694007,host_519037): 0 -> 1
Cell (virus_694007,host_337453): 0 -> 1
Cell (virus_694007,host_430492): 0 -> 1
Cell (virus_694007,host_77218): 0 -> 1
Cell (virus_694007,host_1195082): 0 -> 1
Cell (virus_694007,host_549403): 0 -> 1
Cell (virus_694007,host_124756): 0 -> 1
Cell (virus_694007,host_328804): 0 -> 1
Cell (virus_694007,host_9403): 0 -> 1
Cell (virus_694007,host_58063): 0 -> 1
Cell (virus_694007,host_326083): 0 -> 1
Cell (virus_694007,host_1381355): 0 -> 1
Cell (virus_694007,host_187003): 0 -> 1
Cell (virus_694007,host_907075): 0 -> 1
Cell (virus_694007,host_59476): 0 -> 1
Cell (virus_694007,host_177160): 0 -> 1
Cell (virus_694007,host_2994998): 0 -> 1
Cell (virus_694007,host_3042450): 0 -> 1
Cell (virus_694007,host_59472): 0 -> 1
Cell (virus_694007,host_9414): 0 -> 1
Cell (virus_694007,host_1434095): 0 -> 1
Cell (virus_694007,host_291302): 0 -> 1
Cell (virus_694007,host_221087): 0 -> 1
Cell (virus_694007,host_187007): 0 -> 1
Cell (virus_694007,host_187008): 0 -> 1
Cell (virus_694007,host_258934): 0 -> 1
Cell (virus_694007,host_479723): 0 -> 1
Cell (virus_694007,host_124751): 0 -> 1
Cell (virus_694007,host_3041509): 0 -> 1
Cell (virus_694007,host_2218597): 0 -> 1
Cell (virus_694007,host_258867): 0 -> 1
Cell (virus_694007,host_242384): 0 -> 1
Cell (virus_694007,host_258863): 0 -> 1
Cell (virus_694007,host_452595): 0 -> 1
Cell (virus_694007,host_9438): 0 -> 1
Cell (virus_694007,host_153297): 0 -> 1
Cell (virus_694007,host_258952): 0 -> 1
Cell (virus_694007,host_258953): 0 -> 1
Cell (virus_694007,host_249033): 0 -> 1
Cell (virus_694007,host_258930): 0 -> 1
Cell (virus_694007,host_61862): 0 -> 1
Cell (virus_694007,host_109485): 0 -> 1
Cell (virus_694007,host_59474): 0 -> 1
Cell (virus_694007,host_999321): 0 -> 1
Cell (virus_694007,host_867834): 0 -> 1
Cell (virus_694007,host_143942): 0 -> 1
Cell (virus_694007,host_2491053): 0 -> 1
Cell (virus_694007,host_258959): 0 -> 1
Cell (virus_694007,host_526822): 0 -> 1
Cell (virus_1881051,host_105273): 0 -> 1
Cell (virus_1881051,host_109478): 0 -> 1
Cell (virus_1881051,host_9435): 0 -> 1
Cell (virus_1881051,host_59463): 0 -> 1
Cell (virus_1881051,host_109480): 0 -> 1
Cell (virus_1881051,host_1633875): 0 -> 1
Cell (virus_1881051,host_519446): 0 -> 1
Cell (virus_1881051,host_2528591): 0 -> 1
Cell (virus_1881051,host_109482): 0 -> 1
Cell (virus_1881051,host_51298): 0 -> 1
Cell (virus_1881051,host_1911917): 0 -> 1
Cell (virus_1881051,host_203696): 0 -> 1
Cell (virus_1881051,host_452653): 0 -> 1
Cell (virus_1881051,host_138979): 0 -> 1
Cell (virus_1881051,host_155915): 0 -> 1
Cell (virus_1881051,host_225400): 0 -> 1
Cell (virus_1881051,host_155035): 0 -> 1
Cell (virus_1881051,host_258925): 0 -> 1
Cell (virus_1881051,host_177185): 0 -> 1
Cell (virus_1881051,host_187017): 0 -> 1
Cell (virus_1881051,host_110941): 0 -> 1
Cell (virus_1881051,host_2603869): 0 -> 1
Cell (virus_1881051,host_188568): 0 -> 1
Cell (virus_1881051,host_1207989): 0 -> 1
Cell (virus_1881051,host_188569): 0 -> 1
Cell (virus_1881051,host_59453): 0 -> 1
Cell (virus_1881051,host_175524): 0 -> 1
Cell (virus_1881051,host_186990): 0 -> 1
Cell (virus_1881051,host_157961): 0 -> 1
Cell (virus_1881051,host_270698): 0 -> 1
Cell (virus_1881051,host_334201): 0 -> 1
Cell (virus_1881051,host_249020): 0 -> 1
Cell (virus_1881051,host_584995): 0 -> 1
Cell (virus_1881051,host_463808): 0 -> 1
Cell (virus_1881051,host_58069): 0 -> 1
Cell (virus_1881051,host_376555): 0 -> 1
Cell (virus_1881051,host_169756): 0 -> 1
Cell (virus_1881051,host_188570): 0 -> 1
Cell (virus_1881051,host_196296): 0 -> 1
Cell (virus_1881051,host_320431): 0 -> 1
Cell (virus_1881051,host_476589): 0 -> 1
Cell (virus_1881051,host_188571): 0 -> 1
Cell (virus_1881051,host_249024): 0 -> 1
Cell (virus_1881051,host_2603865): 0 -> 1
Cell (virus_1881051,host_2603866): 0 -> 1
Cell (virus_1881051,host_519041): 0 -> 1
Cell (virus_1881051,host_302408): 0 -> 1
Cell (virus_1881051,host_59479): 0 -> 1
Cell (virus_1881051,host_519037): 0 -> 1
Cell (virus_1881051,host_337453): 0 -> 1
Cell (virus_1881051,host_430492): 0 -> 1
Cell (virus_1881051,host_77218): 0 -> 1
Cell (virus_1881051,host_1195082): 0 -> 1
Cell (virus_1881051,host_549403): 0 -> 1
Cell (virus_1881051,host_124756): 0 -> 1
Cell (virus_1881051,host_328804): 0 -> 1
Cell (virus_1881051,host_9403): 0 -> 1
Cell (virus_1881051,host_58063): 0 -> 1
Cell (virus_1881051,host_1898386): 0 -> 1
Cell (virus_1881051,host_298110): 0 -> 1
Cell (virus_1881051,host_77233): 0 -> 1
Cell (virus_1881051,host_374419): 0 -> 1
Cell (virus_1881051,host_326081): 0 -> 1
Cell (virus_1881051,host_326151): 0 -> 1
Cell (virus_1881051,host_326083): 0 -> 1
Cell (virus_1881051,host_1381355): 0 -> 1
Cell (virus_1881051,host_187003): 0 -> 1
Cell (virus_1881051,host_907075): 0 -> 1
Cell (virus_1881051,host_59476): 0 -> 1
Cell (virus_1881051,host_177160): 0 -> 1
Cell (virus_1881051,host_2994998): 0 -> 1
Cell (virus_1881051,host_3042450): 0 -> 1
Cell (virus_1881051,host_59472): 0 -> 1
Cell (virus_1881051,host_9414): 0 -> 1
Cell (virus_1881051,host_1434095): 0 -> 1
Cell (virus_1881051,host_291302): 0 -> 1
Cell (virus_1881051,host_221087): 0 -> 1
Cell (virus_1881051,host_187007): 0 -> 1
Cell (virus_1881051,host_187008): 0 -> 1
Cell (virus_1881051,host_438766): 0 -> 1
Cell (virus_1881051,host_479723): 0 -> 1
Cell (virus_1881051,host_124751): 0 -> 1
Cell (virus_1881051,host_3041509): 0 -> 1
Cell (virus_1881051,host_2218597): 0 -> 1
Cell (virus_1881051,host_258867): 0 -> 1
Cell (virus_1881051,host_242384): 0 -> 1
Cell (virus_1881051,host_258863): 0 -> 1
Cell (virus_1881051,host_452595): 0 -> 1
Cell (virus_1881051,host_999964): 0 -> 1
Cell (virus_1881051,host_9438): 0 -> 1
Cell (virus_1881051,host_153297): 0 -> 1
Cell (virus_1881051,host_258952): 0 -> 1
Cell (virus_1881051,host_249033): 0 -> 1
Cell (virus_1881051,host_258930): 0 -> 1
Cell (virus_1881051,host_61862): 0 -> 1
Cell (virus_1881051,host_109485): 0 -> 1
Cell (virus_1881051,host_59474): 0 -> 1
Cell (virus_1881051,host_999321): 0 -> 1
Cell (virus_1881051,host_143942): 0 -> 1
Cell (virus_1881051,host_2491053): 0 -> 1
Cell (virus_1881051,host_258959): 0 -> 1
Cell (virus_1881051,host_526822): 0 -> 1
Cell (virus_2913387,host_105273): 0 -> 1
Cell (virus_2913387,host_109478): 0 -> 1
Cell (virus_2913387,host_9435): 0 -> 1
Cell (virus_2913387,host_59463): 0 -> 1
Cell (virus_2913387,host_109480): 0 -> 1
Cell (virus_2913387,host_1633875): 0 -> 1
Cell (virus_2913387,host_519446): 0 -> 1
Cell (virus_2913387,host_2528591): 0 -> 1
Cell (virus_2913387,host_109482): 0 -> 1
Cell (virus_2913387,host_51298): 0 -> 1
Cell (virus_2913387,host_1911917): 0 -> 1
Cell (virus_2913387,host_203696): 0 -> 1
Cell (virus_2913387,host_452653): 0 -> 1
Cell (virus_2913387,host_138979): 0 -> 1
Cell (virus_2913387,host_155915): 0 -> 1
Cell (virus_2913387,host_225400): 0 -> 1
Cell (virus_2913387,host_155035): 0 -> 1
Cell (virus_2913387,host_258925): 0 -> 1
Cell (virus_2913387,host_177185): 0 -> 1
Cell (virus_2913387,host_187017): 0 -> 1
Cell (virus_2913387,host_110941): 0 -> 1
Cell (virus_2913387,host_2603869): 0 -> 1
Cell (virus_2913387,host_188568): 0 -> 1
Cell (virus_2913387,host_1207989): 0 -> 1
Cell (virus_2913387,host_188569): 0 -> 1
Cell (virus_2913387,host_59453): 0 -> 1
Cell (virus_2913387,host_175524): 0 -> 1
Cell (virus_2913387,host_186990): 0 -> 1
Cell (virus_2913387,host_186991): 0 -> 1
Cell (virus_2913387,host_157961): 0 -> 1
Cell (virus_2913387,host_270698): 0 -> 1
Cell (virus_2913387,host_334201): 0 -> 1
Cell (virus_2913387,host_249020): 0 -> 1
Cell (virus_2913387,host_584995): 0 -> 1
Cell (virus_2913387,host_302402): 0 -> 1
Cell (virus_2913387,host_463808): 0 -> 1
Cell (virus_2913387,host_58069): 0 -> 1
Cell (virus_2913387,host_376555): 0 -> 1
Cell (virus_2913387,host_169756): 0 -> 1
Cell (virus_2913387,host_188570): 0 -> 1
Cell (virus_2913387,host_196296): 0 -> 1
Cell (virus_2913387,host_320431): 0 -> 1
Cell (virus_2913387,host_476589): 0 -> 1
Cell (virus_2913387,host_188571): 0 -> 1
Cell (virus_2913387,host_249024): 0 -> 1
Cell (virus_2913387,host_2603865): 0 -> 1
Cell (virus_2913387,host_2603866): 0 -> 1
Cell (virus_2913387,host_519041): 0 -> 1
Cell (virus_2913387,host_302408): 0 -> 1
Cell (virus_2913387,host_59479): 0 -> 1
Cell (virus_2913387,host_519037): 0 -> 1
Cell (virus_2913387,host_337453): 0 -> 1
Cell (virus_2913387,host_430492): 0 -> 1
Cell (virus_2913387,host_77218): 0 -> 1
Cell (virus_2913387,host_1195082): 0 -> 1
Cell (virus_2913387,host_549403): 0 -> 1
Cell (virus_2913387,host_124756): 0 -> 1
Cell (virus_2913387,host_328804): 0 -> 1
Cell (virus_2913387,host_9403): 0 -> 1
Cell (virus_2913387,host_58063): 0 -> 1
Cell (virus_2913387,host_1898386): 0 -> 1
Cell (virus_2913387,host_298110): 0 -> 1
Cell (virus_2913387,host_77233): 0 -> 1
Cell (virus_2913387,host_374419): 0 -> 1
Cell (virus_2913387,host_326081): 0 -> 1
Cell (virus_2913387,host_326151): 0 -> 1
Cell (virus_2913387,host_326083): 0 -> 1
Cell (virus_2913387,host_1381355): 0 -> 1
Cell (virus_2913387,host_187003): 0 -> 1
Cell (virus_2913387,host_907075): 0 -> 1
Cell (virus_2913387,host_59476): 0 -> 1
Cell (virus_2913387,host_177160): 0 -> 1
Cell (virus_2913387,host_2994998): 0 -> 1
Cell (virus_2913387,host_3042450): 0 -> 1
Cell (virus_2913387,host_59472): 0 -> 1
Cell (virus_2913387,host_9414): 0 -> 1
Cell (virus_2913387,host_1434095): 0 -> 1
Cell (virus_2913387,host_291302): 0 -> 1
Cell (virus_2913387,host_221087): 0 -> 1
Cell (virus_2913387,host_187007): 0 -> 1
Cell (virus_2913387,host_187008): 0 -> 1
Cell (virus_2913387,host_438766): 0 -> 1
Cell (virus_2913387,host_479723): 0 -> 1
Cell (virus_2913387,host_124751): 0 -> 1
Cell (virus_2913387,host_3041509): 0 -> 1
Cell (virus_2913387,host_2218597): 0 -> 1
Cell (virus_2913387,host_258867): 0 -> 1
Cell (virus_2913387,host_242384): 0 -> 1
Cell (virus_2913387,host_258863): 0 -> 1
Cell (virus_2913387,host_452595): 0 -> 1
Cell (virus_2913387,host_999964): 0 -> 1
Cell (virus_2913387,host_9438): 0 -> 1
Cell (virus_2913387,host_153297): 0 -> 1
Cell (virus_2913387,host_258952): 0 -> 1
Cell (virus_2913387,host_249033): 0 -> 1
Cell (virus_2913387,host_258930): 0 -> 1
Cell (virus_2913387,host_61862): 0 -> 1
Cell (virus_2913387,host_109485): 0 -> 1
Cell (virus_2913387,host_59474): 0 -> 1
Cell (virus_2913387,host_999321): 0 -> 1
Cell (virus_2913387,host_143942): 0 -> 1
Cell (virus_2913387,host_2491053): 0 -> 1
Cell (virus_2913387,host_258959): 0 -> 1
Cell (virus_2913387,host_526822): 0 -> 1
Cell (virus_2691592,host_105273): 0 -> 1
Cell (virus_2691592,host_109478): 0 -> 1
Cell (virus_2691592,host_9435): 0 -> 1
Cell (virus_2691592,host_59463): 0 -> 1
Cell (virus_2691592,host_109480): 0 -> 1
Cell (virus_2691592,host_1633875): 0 -> 1
Cell (virus_2691592,host_519446): 0 -> 1
Cell (virus_2691592,host_2528591): 0 -> 1
Cell (virus_2691592,host_109482): 0 -> 1
Cell (virus_2691592,host_51298): 0 -> 1
Cell (virus_2691592,host_1911917): 0 -> 1
Cell (virus_2691592,host_203696): 0 -> 1
Cell (virus_2691592,host_452653): 0 -> 1
Cell (virus_2691592,host_138979): 0 -> 1
Cell (virus_2691592,host_155915): 0 -> 1
Cell (virus_2691592,host_225400): 0 -> 1
Cell (virus_2691592,host_155035): 0 -> 1
Cell (virus_2691592,host_258925): 0 -> 1
Cell (virus_2691592,host_177185): 0 -> 1
Cell (virus_2691592,host_187017): 0 -> 1
Cell (virus_2691592,host_110941): 0 -> 1
Cell (virus_2691592,host_2603869): 0 -> 1
Cell (virus_2691592,host_188568): 0 -> 1
Cell (virus_2691592,host_1207989): 0 -> 1
Cell (virus_2691592,host_188569): 0 -> 1
Cell (virus_2691592,host_59453): 0 -> 1
Cell (virus_2691592,host_175524): 0 -> 1
Cell (virus_2691592,host_186990): 0 -> 1
Cell (virus_2691592,host_157961): 0 -> 1
Cell (virus_2691592,host_270698): 0 -> 1
Cell (virus_2691592,host_334201): 0 -> 1
Cell (virus_2691592,host_249020): 0 -> 1
Cell (virus_2691592,host_584995): 0 -> 1
Cell (virus_2691592,host_463808): 0 -> 1
Cell (virus_2691592,host_58069): 0 -> 1
Cell (virus_2691592,host_376555): 0 -> 1
Cell (virus_2691592,host_169756): 0 -> 1
Cell (virus_2691592,host_188570): 0 -> 1
Cell (virus_2691592,host_196296): 0 -> 1
Cell (virus_2691592,host_320431): 0 -> 1
Cell (virus_2691592,host_476589): 0 -> 1
Cell (virus_2691592,host_188571): 0 -> 1
Cell (virus_2691592,host_249024): 0 -> 1
Cell (virus_2691592,host_2603865): 0 -> 1
Cell (virus_2691592,host_2603866): 0 -> 1
Cell (virus_2691592,host_519041): 0 -> 1
Cell (virus_2691592,host_302408): 0 -> 1
Cell (virus_2691592,host_59479): 0 -> 1
Cell (virus_2691592,host_519037): 0 -> 1
Cell (virus_2691592,host_337453): 0 -> 1
Cell (virus_2691592,host_430492): 0 -> 1
Cell (virus_2691592,host_77218): 0 -> 1
Cell (virus_2691592,host_1195082): 0 -> 1
Cell (virus_2691592,host_549403): 0 -> 1
Cell (virus_2691592,host_124756): 0 -> 1
Cell (virus_2691592,host_328804): 0 -> 1
Cell (virus_2691592,host_9403): 0 -> 1
Cell (virus_2691592,host_58063): 0 -> 1
Cell (virus_2691592,host_1898386): 0 -> 1
Cell (virus_2691592,host_298110): 0 -> 1
Cell (virus_2691592,host_77233): 0 -> 1
Cell (virus_2691592,host_374419): 0 -> 1
Cell (virus_2691592,host_326081): 0 -> 1
Cell (virus_2691592,host_326151): 0 -> 1
Cell (virus_2691592,host_326083): 0 -> 1
Cell (virus_2691592,host_1381355): 0 -> 1
Cell (virus_2691592,host_187003): 0 -> 1
Cell (virus_2691592,host_907075): 0 -> 1
Cell (virus_2691592,host_94956): 0 -> 1
Cell (virus_2691592,host_59476): 0 -> 1
Cell (virus_2691592,host_177160): 0 -> 1
Cell (virus_2691592,host_2994998): 0 -> 1
Cell (virus_2691592,host_3042450): 0 -> 1
Cell (virus_2691592,host_59472): 0 -> 1
Cell (virus_2691592,host_9414): 0 -> 1
Cell (virus_2691592,host_1434095): 0 -> 1
Cell (virus_2691592,host_291302): 0 -> 1
Cell (virus_2691592,host_221087): 0 -> 1
Cell (virus_2691592,host_187007): 0 -> 1
Cell (virus_2691592,host_187008): 0 -> 1
Cell (virus_2691592,host_438766): 0 -> 1
Cell (virus_2691592,host_479723): 0 -> 1
Cell (virus_2691592,host_124751): 0 -> 1
Cell (virus_2691592,host_3041509): 0 -> 1
Cell (virus_2691592,host_2218597): 0 -> 1
Cell (virus_2691592,host_258867): 0 -> 1
Cell (virus_2691592,host_242384): 0 -> 1
Cell (virus_2691592,host_258863): 0 -> 1
Cell (virus_2691592,host_452595): 0 -> 1
Cell (virus_2691592,host_9438): 0 -> 1
Cell (virus_2691592,host_153297): 0 -> 1
Cell (virus_2691592,host_258952): 0 -> 1
Cell (virus_2691592,host_249033): 0 -> 1
Cell (virus_2691592,host_258930): 0 -> 1
Cell (virus_2691592,host_272799): 0 -> 1
Cell (virus_2691592,host_61862): 0 -> 1
Cell (virus_2691592,host_109485): 0 -> 1
Cell (virus_2691592,host_59474): 0 -> 1
Cell (virus_2691592,host_999321): 0 -> 1
Cell (virus_2691592,host_143942): 0 -> 1
Cell (virus_2691592,host_2491053): 0 -> 1
Cell (virus_2691592,host_258959): 0 -> 1
Cell (virus_2691592,host_526822): 0 -> 1
Cell (virus_28295,host_105273): 0 -> 1
Cell (virus_28295,host_109478): 0 -> 1
Cell (virus_28295,host_9435): 0 -> 1
Cell (virus_28295,host_59463): 0 -> 1
Cell (virus_28295,host_109480): 0 -> 1
Cell (virus_28295,host_1633875): 0 -> 1
Cell (virus_28295,host_519446): 0 -> 1
Cell (virus_28295,host_2528591): 0 -> 1
Cell (virus_28295,host_109482): 0 -> 1
Cell (virus_28295,host_51298): 0 -> 1
Cell (virus_28295,host_1911917): 0 -> 1
Cell (virus_28295,host_203696): 0 -> 1
Cell (virus_28295,host_452653): 0 -> 1
Cell (virus_28295,host_138979): 0 -> 1
Cell (virus_28295,host_155915): 0 -> 1
Cell (virus_28295,host_225400): 0 -> 1
Cell (virus_28295,host_155035): 0 -> 1
Cell (virus_28295,host_258925): 0 -> 1
Cell (virus_28295,host_177185): 0 -> 1
Cell (virus_28295,host_187017): 0 -> 1
Cell (virus_28295,host_110941): 0 -> 1
Cell (virus_28295,host_2603869): 0 -> 1
Cell (virus_28295,host_188568): 0 -> 1
Cell (virus_28295,host_1207989): 0 -> 1
Cell (virus_28295,host_188569): 0 -> 1
Cell (virus_28295,host_59453): 0 -> 1
Cell (virus_28295,host_175524): 0 -> 1
Cell (virus_28295,host_186990): 0 -> 1
Cell (virus_28295,host_270698): 0 -> 1
Cell (virus_28295,host_334201): 0 -> 1
Cell (virus_28295,host_249020): 0 -> 1
Cell (virus_28295,host_584995): 0 -> 1
Cell (virus_28295,host_463808): 0 -> 1
Cell (virus_28295,host_58069): 0 -> 1
Cell (virus_28295,host_376555): 0 -> 1
Cell (virus_28295,host_169756): 0 -> 1
Cell (virus_28295,host_188570): 0 -> 1
Cell (virus_28295,host_196296): 0 -> 1
Cell (virus_28295,host_320431): 0 -> 1
Cell (virus_28295,host_476589): 0 -> 1
Cell (virus_28295,host_188571): 0 -> 1
Cell (virus_28295,host_249024): 0 -> 1
Cell (virus_28295,host_2603865): 0 -> 1
Cell (virus_28295,host_2603866): 0 -> 1
Cell (virus_28295,host_519041): 0 -> 1
Cell (virus_28295,host_302408): 0 -> 1
Cell (virus_28295,host_59479): 0 -> 1
Cell (virus_28295,host_519037): 0 -> 1
Cell (virus_28295,host_337453): 0 -> 1
Cell (virus_28295,host_430492): 0 -> 1
Cell (virus_28295,host_77218): 0 -> 1
Cell (virus_28295,host_1195082): 0 -> 1
Cell (virus_28295,host_549403): 0 -> 1
Cell (virus_28295,host_124756): 0 -> 1
Cell (virus_28295,host_328804): 0 -> 1
Cell (virus_28295,host_9403): 0 -> 1
Cell (virus_28295,host_58063): 0 -> 1
Cell (virus_28295,host_1898386): 0 -> 1
Cell (virus_28295,host_9400): 0 -> 1
Cell (virus_28295,host_298110): 0 -> 1
Cell (virus_28295,host_77233): 0 -> 1
Cell (virus_28295,host_374419): 0 -> 1
Cell (virus_28295,host_326081): 0 -> 1
Cell (virus_28295,host_326151): 0 -> 1
Cell (virus_28295,host_326083): 0 -> 1
Cell (virus_28295,host_1381355): 0 -> 1
Cell (virus_28295,host_187003): 0 -> 1
Cell (virus_28295,host_907075): 0 -> 1
Cell (virus_28295,host_59476): 0 -> 1
Cell (virus_28295,host_177160): 0 -> 1
Cell (virus_28295,host_2994998): 0 -> 1
Cell (virus_28295,host_3042450): 0 -> 1
Cell (virus_28295,host_59472): 0 -> 1
Cell (virus_28295,host_9414): 0 -> 1
Cell (virus_28295,host_1434095): 0 -> 1
Cell (virus_28295,host_291302): 0 -> 1
Cell (virus_28295,host_221087): 0 -> 1
Cell (virus_28295,host_187007): 0 -> 1
Cell (virus_28295,host_187008): 0 -> 1
Cell (virus_28295,host_438766): 0 -> 1
Cell (virus_28295,host_258934): 0 -> 1
Cell (virus_28295,host_479723): 0 -> 1
Cell (virus_28295,host_124751): 0 -> 1
Cell (virus_28295,host_3041509): 0 -> 1
Cell (virus_28295,host_2218597): 0 -> 1
Cell (virus_28295,host_258867): 0 -> 1
Cell (virus_28295,host_242384): 0 -> 1
Cell (virus_28295,host_258863): 0 -> 1
Cell (virus_28295,host_452595): 0 -> 1
Cell (virus_28295,host_9438): 0 -> 1
Cell (virus_28295,host_153297): 0 -> 1
Cell (virus_28295,host_258952): 0 -> 1
Cell (virus_28295,host_249033): 0 -> 1
Cell (virus_28295,host_258930): 0 -> 1
Cell (virus_28295,host_61862): 0 -> 1
Cell (virus_28295,host_109485): 0 -> 1
Cell (virus_28295,host_59474): 0 -> 1
Cell (virus_28295,host_999321): 0 -> 1
Cell (virus_28295,host_143942): 0 -> 1
Cell (virus_28295,host_2491053): 0 -> 1
Cell (virus_28295,host_258959): 0 -> 1
Cell (virus_28295,host_526822): 0 -> 1
Cell (virus_3433789,host_105273): 0 -> 1
Cell (virus_3433789,host_109478): 0 -> 1
Cell (virus_3433789,host_9435): 0 -> 1
Cell (virus_3433789,host_59463): 0 -> 1
Cell (virus_3433789,host_109480): 0 -> 1
Cell (virus_3433789,host_1633875): 0 -> 1
Cell (virus_3433789,host_519446): 0 -> 1
Cell (virus_3433789,host_2528591): 0 -> 1
Cell (virus_3433789,host_109482): 0 -> 1
Cell (virus_3433789,host_51298): 0 -> 1
Cell (virus_3433789,host_1911917): 0 -> 1
Cell (virus_3433789,host_203696): 0 -> 1
Cell (virus_3433789,host_452653): 0 -> 1
Cell (virus_3433789,host_138979): 0 -> 1
Cell (virus_3433789,host_155915): 0 -> 1
Cell (virus_3433789,host_225400): 0 -> 1
Cell (virus_3433789,host_155035): 0 -> 1
Cell (virus_3433789,host_258925): 0 -> 1
Cell (virus_3433789,host_177185): 0 -> 1
Cell (virus_3433789,host_187017): 0 -> 1
Cell (virus_3433789,host_110941): 0 -> 1
Cell (virus_3433789,host_2603869): 0 -> 1
Cell (virus_3433789,host_188568): 0 -> 1
Cell (virus_3433789,host_1207989): 0 -> 1
Cell (virus_3433789,host_188569): 0 -> 1
Cell (virus_3433789,host_59453): 0 -> 1
Cell (virus_3433789,host_175524): 0 -> 1
Cell (virus_3433789,host_186990): 0 -> 1
Cell (virus_3433789,host_270698): 0 -> 1
Cell (virus_3433789,host_334201): 0 -> 1
Cell (virus_3433789,host_249020): 0 -> 1
Cell (virus_3433789,host_584995): 0 -> 1
Cell (virus_3433789,host_463808): 0 -> 1
Cell (virus_3433789,host_58069): 0 -> 1
Cell (virus_3433789,host_376555): 0 -> 1
Cell (virus_3433789,host_169756): 0 -> 1
Cell (virus_3433789,host_188570): 0 -> 1
Cell (virus_3433789,host_196296): 0 -> 1
Cell (virus_3433789,host_320431): 0 -> 1
Cell (virus_3433789,host_476589): 0 -> 1
Cell (virus_3433789,host_188571): 0 -> 1
Cell (virus_3433789,host_249024): 0 -> 1
Cell (virus_3433789,host_2603865): 0 -> 1
Cell (virus_3433789,host_2603866): 0 -> 1
Cell (virus_3433789,host_519041): 0 -> 1
Cell (virus_3433789,host_302408): 0 -> 1
Cell (virus_3433789,host_59479): 0 -> 1
Cell (virus_3433789,host_519037): 0 -> 1
Cell (virus_3433789,host_337453): 0 -> 1
Cell (virus_3433789,host_430492): 0 -> 1
Cell (virus_3433789,host_77218): 0 -> 1
Cell (virus_3433789,host_1195082): 0 -> 1
Cell (virus_3433789,host_549403): 0 -> 1
Cell (virus_3433789,host_124756): 0 -> 1
Cell (virus_3433789,host_328804): 0 -> 1
Cell (virus_3433789,host_9403): 0 -> 1
Cell (virus_3433789,host_58063): 0 -> 1
Cell (virus_3433789,host_1898386): 0 -> 1
Cell (virus_3433789,host_9400): 0 -> 1
Cell (virus_3433789,host_298110): 0 -> 1
Cell (virus_3433789,host_77233): 0 -> 1
Cell (virus_3433789,host_374419): 0 -> 1
Cell (virus_3433789,host_326081): 0 -> 1
Cell (virus_3433789,host_326151): 0 -> 1
Cell (virus_3433789,host_326083): 0 -> 1
Cell (virus_3433789,host_1381355): 0 -> 1
Cell (virus_3433789,host_187003): 0 -> 1
Cell (virus_3433789,host_907075): 0 -> 1
Cell (virus_3433789,host_59476): 0 -> 1
Cell (virus_3433789,host_177160): 0 -> 1
Cell (virus_3433789,host_2994998): 0 -> 1
Cell (virus_3433789,host_3042450): 0 -> 1
Cell (virus_3433789,host_59472): 0 -> 1
Cell (virus_3433789,host_9414): 0 -> 1
Cell (virus_3433789,host_1434095): 0 -> 1
Cell (virus_3433789,host_291302): 0 -> 1
Cell (virus_3433789,host_221087): 0 -> 1
Cell (virus_3433789,host_187007): 0 -> 1
Cell (virus_3433789,host_187008): 0 -> 1
Cell (virus_3433789,host_438766): 0 -> 1
Cell (virus_3433789,host_258934): 0 -> 1
Cell (virus_3433789,host_479723): 0 -> 1
Cell (virus_3433789,host_124751): 0 -> 1
Cell (virus_3433789,host_3041509): 0 -> 1
Cell (virus_3433789,host_2218597): 0 -> 1
Cell (virus_3433789,host_258867): 0 -> 1
Cell (virus_3433789,host_242384): 0 -> 1
Cell (virus_3433789,host_258863): 0 -> 1
Cell (virus_3433789,host_452595): 0 -> 1
Cell (virus_3433789,host_9438): 0 -> 1
Cell (virus_3433789,host_153297): 0 -> 1
Cell (virus_3433789,host_258952): 0 -> 1
Cell (virus_3433789,host_249033): 0 -> 1
Cell (virus_3433789,host_258930): 0 -> 1
Cell (virus_3433789,host_61862): 0 -> 1
Cell (virus_3433789,host_109485): 0 -> 1
Cell (virus_3433789,host_59474): 0 -> 1
Cell (virus_3433789,host_999321): 0 -> 1
Cell (virus_3433789,host_143942): 0 -> 1
Cell (virus_3433789,host_2491053): 0 -> 1
Cell (virus_3433789,host_258959): 0 -> 1
Cell (virus_3433789,host_526822): 0 -> 1
Cell (virus_2913385,host_105273): 0 -> 1
Cell (virus_2913385,host_109478): 0 -> 1
Cell (virus_2913385,host_9435): 0 -> 1
Cell (virus_2913385,host_59463): 0 -> 1
Cell (virus_2913385,host_109480): 0 -> 1
Cell (virus_2913385,host_1633875): 0 -> 1
Cell (virus_2913385,host_519446): 0 -> 1
Cell (virus_2913385,host_2528591): 0 -> 1
Cell (virus_2913385,host_109482): 0 -> 1
Cell (virus_2913385,host_51298): 0 -> 1
Cell (virus_2913385,host_1911917): 0 -> 1
Cell (virus_2913385,host_203696): 0 -> 1
Cell (virus_2913385,host_452653): 0 -> 1
Cell (virus_2913385,host_138979): 0 -> 1
Cell (virus_2913385,host_155915): 0 -> 1
Cell (virus_2913385,host_225400): 0 -> 1
Cell (virus_2913385,host_155035): 0 -> 1
Cell (virus_2913385,host_258925): 0 -> 1
Cell (virus_2913385,host_177185): 0 -> 1
Cell (virus_2913385,host_187017): 0 -> 1
Cell (virus_2913385,host_110941): 0 -> 1
Cell (virus_2913385,host_2603869): 0 -> 1
Cell (virus_2913385,host_188568): 0 -> 1
Cell (virus_2913385,host_1207989): 0 -> 1
Cell (virus_2913385,host_188569): 0 -> 1
Cell (virus_2913385,host_59453): 0 -> 1
Cell (virus_2913385,host_175524): 0 -> 1
Cell (virus_2913385,host_186990): 0 -> 1
Cell (virus_2913385,host_270698): 0 -> 1
Cell (virus_2913385,host_334201): 0 -> 1
Cell (virus_2913385,host_249020): 0 -> 1
Cell (virus_2913385,host_584995): 0 -> 1
Cell (virus_2913385,host_463808): 0 -> 1
Cell (virus_2913385,host_58069): 0 -> 1
Cell (virus_2913385,host_376555): 0 -> 1
Cell (virus_2913385,host_169756): 0 -> 1
Cell (virus_2913385,host_188570): 0 -> 1
Cell (virus_2913385,host_196296): 0 -> 1
Cell (virus_2913385,host_320431): 0 -> 1
Cell (virus_2913385,host_476589): 0 -> 1
Cell (virus_2913385,host_188571): 0 -> 1
Cell (virus_2913385,host_249024): 0 -> 1
Cell (virus_2913385,host_2603865): 0 -> 1
Cell (virus_2913385,host_2603866): 0 -> 1
Cell (virus_2913385,host_519041): 0 -> 1
Cell (virus_2913385,host_302408): 0 -> 1
Cell (virus_2913385,host_59479): 0 -> 1
Cell (virus_2913385,host_519037): 0 -> 1
Cell (virus_2913385,host_337453): 0 -> 1
Cell (virus_2913385,host_430492): 0 -> 1
Cell (virus_2913385,host_77218): 0 -> 1
Cell (virus_2913385,host_1195082): 0 -> 1
Cell (virus_2913385,host_549403): 0 -> 1
Cell (virus_2913385,host_124756): 0 -> 1
Cell (virus_2913385,host_328804): 0 -> 1
Cell (virus_2913385,host_9403): 0 -> 1
Cell (virus_2913385,host_58063): 0 -> 1
Cell (virus_2913385,host_1898386): 0 -> 1
Cell (virus_2913385,host_298110): 0 -> 1
Cell (virus_2913385,host_77233): 0 -> 1
Cell (virus_2913385,host_374419): 0 -> 1
Cell (virus_2913385,host_326081): 0 -> 1
Cell (virus_2913385,host_326151): 0 -> 1
Cell (virus_2913385,host_326083): 0 -> 1
Cell (virus_2913385,host_1381355): 0 -> 1
Cell (virus_2913385,host_187003): 0 -> 1
Cell (virus_2913385,host_907075): 0 -> 1
Cell (virus_2913385,host_59476): 0 -> 1
Cell (virus_2913385,host_177160): 0 -> 1
Cell (virus_2913385,host_2994998): 0 -> 1
Cell (virus_2913385,host_3042450): 0 -> 1
Cell (virus_2913385,host_59472): 0 -> 1
Cell (virus_2913385,host_9414): 0 -> 1
Cell (virus_2913385,host_1434095): 0 -> 1
Cell (virus_2913385,host_291302): 0 -> 1
Cell (virus_2913385,host_221087): 0 -> 1
Cell (virus_2913385,host_187007): 0 -> 1
Cell (virus_2913385,host_187008): 0 -> 1
Cell (virus_2913385,host_438766): 0 -> 1
Cell (virus_2913385,host_258934): 0 -> 1
Cell (virus_2913385,host_479723): 0 -> 1
Cell (virus_2913385,host_124751): 0 -> 1
Cell (virus_2913385,host_3041509): 0 -> 1
Cell (virus_2913385,host_2218597): 0 -> 1
Cell (virus_2913385,host_258867): 0 -> 1
Cell (virus_2913385,host_242384): 0 -> 1
Cell (virus_2913385,host_258863): 0 -> 1
Cell (virus_2913385,host_452595): 0 -> 1
Cell (virus_2913385,host_9438): 0 -> 1
Cell (virus_2913385,host_153297): 0 -> 1
Cell (virus_2913385,host_258952): 0 -> 1
Cell (virus_2913385,host_249033): 0 -> 1
Cell (virus_2913385,host_258930): 0 -> 1
Cell (virus_2913385,host_61862): 0 -> 1
Cell (virus_2913385,host_109485): 0 -> 1
Cell (virus_2913385,host_59474): 0 -> 1
Cell (virus_2913385,host_999321): 0 -> 1
Cell (virus_2913385,host_143942): 0 -> 1
Cell (virus_2913385,host_2491053): 0 -> 1
Cell (virus_2913385,host_258959): 0 -> 1
Cell (virus_2913385,host_526822): 0 -> 1
Cell (virus_3077579,host_105273): 0 -> 1
Cell (virus_3077579,host_109478): 0 -> 1
Cell (virus_3077579,host_9435): 0 -> 1
Cell (virus_3077579,host_59463): 0 -> 1
Cell (virus_3077579,host_109480): 0 -> 1
Cell (virus_3077579,host_1633875): 0 -> 1
Cell (virus_3077579,host_519446): 0 -> 1
Cell (virus_3077579,host_2528591): 0 -> 1
Cell (virus_3077579,host_109482): 0 -> 1
Cell (virus_3077579,host_51298): 0 -> 1
Cell (virus_3077579,host_1911917): 0 -> 1
Cell (virus_3077579,host_203696): 0 -> 1
Cell (virus_3077579,host_452653): 0 -> 1
Cell (virus_3077579,host_138979): 0 -> 1
Cell (virus_3077579,host_155915): 0 -> 1
Cell (virus_3077579,host_225400): 0 -> 1
Cell (virus_3077579,host_155035): 0 -> 1
Cell (virus_3077579,host_258925): 0 -> 1
Cell (virus_3077579,host_177185): 0 -> 1
Cell (virus_3077579,host_187017): 0 -> 1
Cell (virus_3077579,host_110941): 0 -> 1
Cell (virus_3077579,host_2603869): 0 -> 1
Cell (virus_3077579,host_188568): 0 -> 1
Cell (virus_3077579,host_1207989): 0 -> 1
Cell (virus_3077579,host_188569): 0 -> 1
Cell (virus_3077579,host_59453): 0 -> 1
Cell (virus_3077579,host_175524): 0 -> 1
Cell (virus_3077579,host_186990): 0 -> 1
Cell (virus_3077579,host_270698): 0 -> 1
Cell (virus_3077579,host_334201): 0 -> 1
Cell (virus_3077579,host_249020): 0 -> 1
Cell (virus_3077579,host_584995): 0 -> 1
Cell (virus_3077579,host_463808): 0 -> 1
Cell (virus_3077579,host_58069): 0 -> 1
Cell (virus_3077579,host_376555): 0 -> 1
Cell (virus_3077579,host_169756): 0 -> 1
Cell (virus_3077579,host_188570): 0 -> 1
Cell (virus_3077579,host_196296): 0 -> 1
Cell (virus_3077579,host_320431): 0 -> 1
Cell (virus_3077579,host_476589): 0 -> 1
Cell (virus_3077579,host_188571): 0 -> 1
Cell (virus_3077579,host_249024): 0 -> 1
Cell (virus_3077579,host_2603865): 0 -> 1
Cell (virus_3077579,host_2603866): 0 -> 1
Cell (virus_3077579,host_519041): 0 -> 1
Cell (virus_3077579,host_302408): 0 -> 1
Cell (virus_3077579,host_59479): 0 -> 1
Cell (virus_3077579,host_519037): 0 -> 1
Cell (virus_3077579,host_337453): 0 -> 1
Cell (virus_3077579,host_430492): 0 -> 1
Cell (virus_3077579,host_77218): 0 -> 1
Cell (virus_3077579,host_1195082): 0 -> 1
Cell (virus_3077579,host_549403): 0 -> 1
Cell (virus_3077579,host_124756): 0 -> 1
Cell (virus_3077579,host_328804): 0 -> 1
Cell (virus_3077579,host_9403): 0 -> 1
Cell (virus_3077579,host_58063): 0 -> 1
Cell (virus_3077579,host_1898386): 0 -> 1
Cell (virus_3077579,host_298110): 0 -> 1
Cell (virus_3077579,host_77233): 0 -> 1
Cell (virus_3077579,host_374419): 0 -> 1
Cell (virus_3077579,host_326081): 0 -> 1
Cell (virus_3077579,host_326151): 0 -> 1
Cell (virus_3077579,host_326083): 0 -> 1
Cell (virus_3077579,host_1381355): 0 -> 1
Cell (virus_3077579,host_187003): 0 -> 1
Cell (virus_3077579,host_907075): 0 -> 1
Cell (virus_3077579,host_59476): 0 -> 1
Cell (virus_3077579,host_177160): 0 -> 1
Cell (virus_3077579,host_2994998): 0 -> 1
Cell (virus_3077579,host_3042450): 0 -> 1
Cell (virus_3077579,host_59472): 0 -> 1
Cell (virus_3077579,host_9414): 0 -> 1
Cell (virus_3077579,host_1434095): 0 -> 1
Cell (virus_3077579,host_291302): 0 -> 1
Cell (virus_3077579,host_221087): 0 -> 1
Cell (virus_3077579,host_187007): 0 -> 1
Cell (virus_3077579,host_187008): 0 -> 1
Cell (virus_3077579,host_438766): 0 -> 1
Cell (virus_3077579,host_258934): 0 -> 1
Cell (virus_3077579,host_479723): 0 -> 1
Cell (virus_3077579,host_124751): 0 -> 1
Cell (virus_3077579,host_3041509): 0 -> 1
Cell (virus_3077579,host_2218597): 0 -> 1
Cell (virus_3077579,host_258867): 0 -> 1
Cell (virus_3077579,host_242384): 0 -> 1
Cell (virus_3077579,host_258863): 0 -> 1
Cell (virus_3077579,host_452595): 0 -> 1
Cell (virus_3077579,host_9438): 0 -> 1
Cell (virus_3077579,host_153297): 0 -> 1
Cell (virus_3077579,host_258952): 0 -> 1
Cell (virus_3077579,host_258953): 0 -> 1
Cell (virus_3077579,host_249033): 0 -> 1
Cell (virus_3077579,host_258930): 0 -> 1
Cell (virus_3077579,host_61862): 0 -> 1
Cell (virus_3077579,host_109485): 0 -> 1
Cell (virus_3077579,host_59474): 0 -> 1
Cell (virus_3077579,host_999321): 0 -> 1
Cell (virus_3077579,host_143942): 0 -> 1
Cell (virus_3077579,host_2491053): 0 -> 1
Cell (virus_3077579,host_258959): 0 -> 1
Cell (virus_3077579,host_526822): 0 -> 1
Cell (virus_3077580,host_105273): 0 -> 1
Cell (virus_3077580,host_109478): 0 -> 1
Cell (virus_3077580,host_9435): 0 -> 1
Cell (virus_3077580,host_59463): 0 -> 1
Cell (virus_3077580,host_109480): 0 -> 1
Cell (virus_3077580,host_1633875): 0 -> 1
Cell (virus_3077580,host_519446): 0 -> 1
Cell (virus_3077580,host_2528591): 0 -> 1
Cell (virus_3077580,host_109482): 0 -> 1
Cell (virus_3077580,host_51298): 0 -> 1
Cell (virus_3077580,host_1911917): 0 -> 1
Cell (virus_3077580,host_203696): 0 -> 1
Cell (virus_3077580,host_452653): 0 -> 1
Cell (virus_3077580,host_138979): 0 -> 1
Cell (virus_3077580,host_155915): 0 -> 1
Cell (virus_3077580,host_225400): 0 -> 1
Cell (virus_3077580,host_155035): 0 -> 1
Cell (virus_3077580,host_258925): 0 -> 1
Cell (virus_3077580,host_177185): 0 -> 1
Cell (virus_3077580,host_187017): 0 -> 1
Cell (virus_3077580,host_110941): 0 -> 1
Cell (virus_3077580,host_2603869): 0 -> 1
Cell (virus_3077580,host_188568): 0 -> 1
Cell (virus_3077580,host_1207989): 0 -> 1
Cell (virus_3077580,host_188569): 0 -> 1
Cell (virus_3077580,host_59453): 0 -> 1
Cell (virus_3077580,host_175524): 0 -> 1
Cell (virus_3077580,host_186990): 0 -> 1
Cell (virus_3077580,host_270698): 0 -> 1
Cell (virus_3077580,host_334201): 0 -> 1
Cell (virus_3077580,host_249020): 0 -> 1
Cell (virus_3077580,host_584995): 0 -> 1
Cell (virus_3077580,host_463808): 0 -> 1
Cell (virus_3077580,host_58069): 0 -> 1
Cell (virus_3077580,host_376555): 0 -> 1
Cell (virus_3077580,host_169756): 0 -> 1
Cell (virus_3077580,host_188570): 0 -> 1
Cell (virus_3077580,host_196296): 0 -> 1
Cell (virus_3077580,host_320431): 0 -> 1
Cell (virus_3077580,host_476589): 0 -> 1
Cell (virus_3077580,host_188571): 0 -> 1
Cell (virus_3077580,host_249024): 0 -> 1
Cell (virus_3077580,host_2603865): 0 -> 1
Cell (virus_3077580,host_2603866): 0 -> 1
Cell (virus_3077580,host_519041): 0 -> 1
Cell (virus_3077580,host_302408): 0 -> 1
Cell (virus_3077580,host_59479): 0 -> 1
Cell (virus_3077580,host_519037): 0 -> 1
Cell (virus_3077580,host_337453): 0 -> 1
Cell (virus_3077580,host_430492): 0 -> 1
Cell (virus_3077580,host_77218): 0 -> 1
Cell (virus_3077580,host_1195082): 0 -> 1
Cell (virus_3077580,host_549403): 0 -> 1
Cell (virus_3077580,host_124756): 0 -> 1
Cell (virus_3077580,host_328804): 0 -> 1
Cell (virus_3077580,host_9403): 0 -> 1
Cell (virus_3077580,host_58063): 0 -> 1
Cell (virus_3077580,host_1898386): 0 -> 1
Cell (virus_3077580,host_298110): 0 -> 1
Cell (virus_3077580,host_77233): 0 -> 1
Cell (virus_3077580,host_374419): 0 -> 1
Cell (virus_3077580,host_326081): 0 -> 1
Cell (virus_3077580,host_326151): 0 -> 1
Cell (virus_3077580,host_326083): 0 -> 1
Cell (virus_3077580,host_1381355): 0 -> 1
Cell (virus_3077580,host_187003): 0 -> 1
Cell (virus_3077580,host_907075): 0 -> 1
Cell (virus_3077580,host_59476): 0 -> 1
Cell (virus_3077580,host_177160): 0 -> 1
Cell (virus_3077580,host_2994998): 0 -> 1
Cell (virus_3077580,host_3042450): 0 -> 1
Cell (virus_3077580,host_59472): 0 -> 1
Cell (virus_3077580,host_9414): 0 -> 1
Cell (virus_3077580,host_1434095): 0 -> 1
Cell (virus_3077580,host_291302): 0 -> 1
Cell (virus_3077580,host_221087): 0 -> 1
Cell (virus_3077580,host_187007): 0 -> 1
Cell (virus_3077580,host_187008): 0 -> 1
Cell (virus_3077580,host_438766): 0 -> 1
Cell (virus_3077580,host_258934): 0 -> 1
Cell (virus_3077580,host_479723): 0 -> 1
Cell (virus_3077580,host_124751): 0 -> 1
Cell (virus_3077580,host_3041509): 0 -> 1
Cell (virus_3077580,host_2218597): 0 -> 1
Cell (virus_3077580,host_258867): 0 -> 1
Cell (virus_3077580,host_242384): 0 -> 1
Cell (virus_3077580,host_258863): 0 -> 1
Cell (virus_3077580,host_452595): 0 -> 1
Cell (virus_3077580,host_9438): 0 -> 1
Cell (virus_3077580,host_153297): 0 -> 1
Cell (virus_3077580,host_258952): 0 -> 1
Cell (virus_3077580,host_258953): 0 -> 1
Cell (virus_3077580,host_249033): 0 -> 1
Cell (virus_3077580,host_258930): 0 -> 1
Cell (virus_3077580,host_61862): 0 -> 1
Cell (virus_3077580,host_109485): 0 -> 1
Cell (virus_3077580,host_59474): 0 -> 1
Cell (virus_3077580,host_999321): 0 -> 1
Cell (virus_3077580,host_143942): 0 -> 1
Cell (virus_3077580,host_2491053): 0 -> 1
Cell (virus_3077580,host_258959): 0 -> 1
Cell (virus_3077580,host_526822): 0 -> 1
Cell (virus_2419667,host_105273): 0 -> 1
Cell (virus_2419667,host_109478): 0 -> 1
Cell (virus_2419667,host_9435): 0 -> 1
Cell (virus_2419667,host_59463): 0 -> 1
Cell (virus_2419667,host_109480): 0 -> 1
Cell (virus_2419667,host_1633875): 0 -> 1
Cell (virus_2419667,host_519446): 0 -> 1
Cell (virus_2419667,host_2528591): 0 -> 1
Cell (virus_2419667,host_109482): 0 -> 1
Cell (virus_2419667,host_51298): 0 -> 1
Cell (virus_2419667,host_1911917): 0 -> 1
Cell (virus_2419667,host_203696): 0 -> 1
Cell (virus_2419667,host_452653): 0 -> 1
Cell (virus_2419667,host_138979): 0 -> 1
Cell (virus_2419667,host_155915): 0 -> 1
Cell (virus_2419667,host_225400): 0 -> 1
Cell (virus_2419667,host_155035): 0 -> 1
Cell (virus_2419667,host_258925): 0 -> 1
Cell (virus_2419667,host_177185): 0 -> 1
Cell (virus_2419667,host_187017): 0 -> 1
Cell (virus_2419667,host_110941): 0 -> 1
Cell (virus_2419667,host_2603869): 0 -> 1
Cell (virus_2419667,host_188568): 0 -> 1
Cell (virus_2419667,host_1207989): 0 -> 1
Cell (virus_2419667,host_188569): 0 -> 1
Cell (virus_2419667,host_59453): 0 -> 1
Cell (virus_2419667,host_175524): 0 -> 1
Cell (virus_2419667,host_186990): 0 -> 1
Cell (virus_2419667,host_270698): 0 -> 1
Cell (virus_2419667,host_334201): 0 -> 1
Cell (virus_2419667,host_249020): 0 -> 1
Cell (virus_2419667,host_584995): 0 -> 1
Cell (virus_2419667,host_463808): 0 -> 1
Cell (virus_2419667,host_58069): 0 -> 1
Cell (virus_2419667,host_376555): 0 -> 1
Cell (virus_2419667,host_169756): 0 -> 1
Cell (virus_2419667,host_188570): 0 -> 1
Cell (virus_2419667,host_196296): 0 -> 1
Cell (virus_2419667,host_320431): 0 -> 1
Cell (virus_2419667,host_476589): 0 -> 1
Cell (virus_2419667,host_188571): 0 -> 1
Cell (virus_2419667,host_249024): 0 -> 1
Cell (virus_2419667,host_2603865): 0 -> 1
Cell (virus_2419667,host_2603866): 0 -> 1
Cell (virus_2419667,host_519041): 0 -> 1
Cell (virus_2419667,host_302408): 0 -> 1
Cell (virus_2419667,host_59479): 0 -> 1
Cell (virus_2419667,host_519037): 0 -> 1
Cell (virus_2419667,host_337453): 0 -> 1
Cell (virus_2419667,host_430492): 0 -> 1
Cell (virus_2419667,host_77218): 0 -> 1
Cell (virus_2419667,host_1195082): 0 -> 1
Cell (virus_2419667,host_549403): 0 -> 1
Cell (virus_2419667,host_124756): 0 -> 1
Cell (virus_2419667,host_328804): 0 -> 1
Cell (virus_2419667,host_9403): 0 -> 1
Cell (virus_2419667,host_58063): 0 -> 1
Cell (virus_2419667,host_1898386): 0 -> 1
Cell (virus_2419667,host_298110): 0 -> 1
Cell (virus_2419667,host_77233): 0 -> 1
Cell (virus_2419667,host_374419): 0 -> 1
Cell (virus_2419667,host_326081): 0 -> 1
Cell (virus_2419667,host_326151): 0 -> 1
Cell (virus_2419667,host_326083): 0 -> 1
Cell (virus_2419667,host_1381355): 0 -> 1
Cell (virus_2419667,host_187003): 0 -> 1
Cell (virus_2419667,host_907075): 0 -> 1
Cell (virus_2419667,host_59476): 0 -> 1
Cell (virus_2419667,host_177160): 0 -> 1
Cell (virus_2419667,host_2994998): 0 -> 1
Cell (virus_2419667,host_3042450): 0 -> 1
Cell (virus_2419667,host_59472): 0 -> 1
Cell (virus_2419667,host_9414): 0 -> 1
Cell (virus_2419667,host_1434095): 0 -> 1
Cell (virus_2419667,host_291302): 0 -> 1
Cell (virus_2419667,host_221087): 0 -> 1
Cell (virus_2419667,host_187007): 0 -> 1
Cell (virus_2419667,host_187008): 0 -> 1
Cell (virus_2419667,host_438766): 0 -> 1
Cell (virus_2419667,host_258934): 0 -> 1
Cell (virus_2419667,host_479723): 0 -> 1
Cell (virus_2419667,host_124751): 0 -> 1
Cell (virus_2419667,host_3041509): 0 -> 1
Cell (virus_2419667,host_2218597): 0 -> 1
Cell (virus_2419667,host_258867): 0 -> 1
Cell (virus_2419667,host_242384): 0 -> 1
Cell (virus_2419667,host_258863): 0 -> 1
Cell (virus_2419667,host_452595): 0 -> 1
Cell (virus_2419667,host_9438): 0 -> 1
Cell (virus_2419667,host_153297): 0 -> 1
Cell (virus_2419667,host_258952): 0 -> 1
Cell (virus_2419667,host_249033): 0 -> 1
Cell (virus_2419667,host_258930): 0 -> 1
Cell (virus_2419667,host_61862): 0 -> 1
Cell (virus_2419667,host_109485): 0 -> 1
Cell (virus_2419667,host_59474): 0 -> 1
Cell (virus_2419667,host_999321): 0 -> 1
Cell (virus_2419667,host_143942): 0 -> 1
Cell (virus_2419667,host_2491053): 0 -> 1
Cell (virus_2419667,host_258959): 0 -> 1
Cell (virus_2419667,host_526822): 0 -> 1
Cell (virus_3433787,host_105273): 0 -> 1
Cell (virus_3433787,host_109478): 0 -> 1
Cell (virus_3433787,host_9435): 0 -> 1
Cell (virus_3433787,host_59463): 0 -> 1
Cell (virus_3433787,host_109480): 0 -> 1
Cell (virus_3433787,host_1633875): 0 -> 1
Cell (virus_3433787,host_519446): 0 -> 1
Cell (virus_3433787,host_2528591): 0 -> 1
Cell (virus_3433787,host_109482): 0 -> 1
Cell (virus_3433787,host_51298): 0 -> 1
Cell (virus_3433787,host_1911917): 0 -> 1
Cell (virus_3433787,host_203696): 0 -> 1
Cell (virus_3433787,host_452653): 0 -> 1
Cell (virus_3433787,host_138979): 0 -> 1
Cell (virus_3433787,host_155915): 0 -> 1
Cell (virus_3433787,host_225400): 0 -> 1
Cell (virus_3433787,host_155035): 0 -> 1
Cell (virus_3433787,host_258925): 0 -> 1
Cell (virus_3433787,host_177185): 0 -> 1
Cell (virus_3433787,host_187017): 0 -> 1
Cell (virus_3433787,host_110941): 0 -> 1
Cell (virus_3433787,host_2603869): 0 -> 1
Cell (virus_3433787,host_188568): 0 -> 1
Cell (virus_3433787,host_1207989): 0 -> 1
Cell (virus_3433787,host_188569): 0 -> 1
Cell (virus_3433787,host_59453): 0 -> 1
Cell (virus_3433787,host_175524): 0 -> 1
Cell (virus_3433787,host_186990): 0 -> 1
Cell (virus_3433787,host_270698): 0 -> 1
Cell (virus_3433787,host_334201): 0 -> 1
Cell (virus_3433787,host_249020): 0 -> 1
Cell (virus_3433787,host_584995): 0 -> 1
Cell (virus_3433787,host_463808): 0 -> 1
Cell (virus_3433787,host_58069): 0 -> 1
Cell (virus_3433787,host_376555): 0 -> 1
Cell (virus_3433787,host_169756): 0 -> 1
Cell (virus_3433787,host_188570): 0 -> 1
Cell (virus_3433787,host_196296): 0 -> 1
Cell (virus_3433787,host_320431): 0 -> 1
Cell (virus_3433787,host_476589): 0 -> 1
Cell (virus_3433787,host_188571): 0 -> 1
Cell (virus_3433787,host_249024): 0 -> 1
Cell (virus_3433787,host_2603865): 0 -> 1
Cell (virus_3433787,host_2603866): 0 -> 1
Cell (virus_3433787,host_519041): 0 -> 1
Cell (virus_3433787,host_302408): 0 -> 1
Cell (virus_3433787,host_59479): 0 -> 1
Cell (virus_3433787,host_519037): 0 -> 1
Cell (virus_3433787,host_337453): 0 -> 1
Cell (virus_3433787,host_430492): 0 -> 1
Cell (virus_3433787,host_77218): 0 -> 1
Cell (virus_3433787,host_1195082): 0 -> 1
Cell (virus_3433787,host_549403): 0 -> 1
Cell (virus_3433787,host_124756): 0 -> 1
Cell (virus_3433787,host_328804): 0 -> 1
Cell (virus_3433787,host_9403): 0 -> 1
Cell (virus_3433787,host_58063): 0 -> 1
Cell (virus_3433787,host_1898386): 0 -> 1
Cell (virus_3433787,host_298110): 0 -> 1
Cell (virus_3433787,host_77233): 0 -> 1
Cell (virus_3433787,host_374419): 0 -> 1
Cell (virus_3433787,host_326081): 0 -> 1
Cell (virus_3433787,host_326151): 0 -> 1
Cell (virus_3433787,host_326083): 0 -> 1
Cell (virus_3433787,host_1381355): 0 -> 1
Cell (virus_3433787,host_187003): 0 -> 1
Cell (virus_3433787,host_907075): 0 -> 1
Cell (virus_3433787,host_59476): 0 -> 1
Cell (virus_3433787,host_177160): 0 -> 1
Cell (virus_3433787,host_2994998): 0 -> 1
Cell (virus_3433787,host_3042450): 0 -> 1
Cell (virus_3433787,host_59472): 0 -> 1
Cell (virus_3433787,host_9414): 0 -> 1
Cell (virus_3433787,host_1434095): 0 -> 1
Cell (virus_3433787,host_291302): 0 -> 1
Cell (virus_3433787,host_221087): 0 -> 1
Cell (virus_3433787,host_187007): 0 -> 1
Cell (virus_3433787,host_187008): 0 -> 1
Cell (virus_3433787,host_438766): 0 -> 1
Cell (virus_3433787,host_258934): 0 -> 1
Cell (virus_3433787,host_479723): 0 -> 1
Cell (virus_3433787,host_124751): 0 -> 1
Cell (virus_3433787,host_3041509): 0 -> 1
Cell (virus_3433787,host_2218597): 0 -> 1
Cell (virus_3433787,host_258867): 0 -> 1
Cell (virus_3433787,host_242384): 0 -> 1
Cell (virus_3433787,host_258863): 0 -> 1
Cell (virus_3433787,host_452595): 0 -> 1
Cell (virus_3433787,host_9438): 0 -> 1
Cell (virus_3433787,host_153297): 0 -> 1
Cell (virus_3433787,host_258952): 0 -> 1
Cell (virus_3433787,host_249033): 0 -> 1
Cell (virus_3433787,host_258930): 0 -> 1
Cell (virus_3433787,host_61862): 0 -> 1
Cell (virus_3433787,host_109485): 0 -> 1
Cell (virus_3433787,host_59474): 0 -> 1
Cell (virus_3433787,host_999321): 0 -> 1
Cell (virus_3433787,host_143942): 0 -> 1
Cell (virus_3433787,host_2491053): 0 -> 1
Cell (virus_3433787,host_258959): 0 -> 1
Cell (virus_3433787,host_526822): 0 -> 1
Cell (virus_3027593,host_105273): 0 -> 1
Cell (virus_3027593,host_109478): 0 -> 1
Cell (virus_3027593,host_9435): 0 -> 1
Cell (virus_3027593,host_59463): 0 -> 1
Cell (virus_3027593,host_109480): 0 -> 1
Cell (virus_3027593,host_1633875): 0 -> 1
Cell (virus_3027593,host_519446): 0 -> 1
Cell (virus_3027593,host_2528591): 0 -> 1
Cell (virus_3027593,host_109482): 0 -> 1
Cell (virus_3027593,host_51298): 0 -> 1
Cell (virus_3027593,host_1911917): 0 -> 1
Cell (virus_3027593,host_203696): 0 -> 1
Cell (virus_3027593,host_452653): 0 -> 1
Cell (virus_3027593,host_98922): 0 -> 1
Cell (virus_3027593,host_138979): 0 -> 1
Cell (virus_3027593,host_155915): 0 -> 1
Cell (virus_3027593,host_225400): 0 -> 1
Cell (virus_3027593,host_155035): 0 -> 1
Cell (virus_3027593,host_258925): 0 -> 1
Cell (virus_3027593,host_177185): 0 -> 1
Cell (virus_3027593,host_187017): 0 -> 1
Cell (virus_3027593,host_110941): 0 -> 1
Cell (virus_3027593,host_2603869): 0 -> 1
Cell (virus_3027593,host_188568): 0 -> 1
Cell (virus_3027593,host_1207989): 0 -> 1
Cell (virus_3027593,host_188569): 0 -> 1
Cell (virus_3027593,host_59453): 0 -> 1
Cell (virus_3027593,host_175524): 0 -> 1
Cell (virus_3027593,host_186990): 0 -> 1
Cell (virus_3027593,host_270698): 0 -> 1
Cell (virus_3027593,host_334201): 0 -> 1
Cell (virus_3027593,host_249020): 0 -> 1
Cell (virus_3027593,host_584995): 0 -> 1
Cell (virus_3027593,host_463808): 0 -> 1
Cell (virus_3027593,host_58069): 0 -> 1
Cell (virus_3027593,host_376555): 0 -> 1
Cell (virus_3027593,host_169756): 0 -> 1
Cell (virus_3027593,host_188570): 0 -> 1
Cell (virus_3027593,host_196296): 0 -> 1
Cell (virus_3027593,host_320431): 0 -> 1
Cell (virus_3027593,host_476589): 0 -> 1
Cell (virus_3027593,host_188571): 0 -> 1
Cell (virus_3027593,host_249024): 0 -> 1
Cell (virus_3027593,host_2603865): 0 -> 1
Cell (virus_3027593,host_2603866): 0 -> 1
Cell (virus_3027593,host_519041): 0 -> 1
Cell (virus_3027593,host_302408): 0 -> 1
Cell (virus_3027593,host_59479): 0 -> 1
Cell (virus_3027593,host_519037): 0 -> 1
Cell (virus_3027593,host_337453): 0 -> 1
Cell (virus_3027593,host_430492): 0 -> 1
Cell (virus_3027593,host_77218): 0 -> 1
Cell (virus_3027593,host_1195082): 0 -> 1
Cell (virus_3027593,host_549403): 0 -> 1
Cell (virus_3027593,host_124756): 0 -> 1
Cell (virus_3027593,host_328804): 0 -> 1
Cell (virus_3027593,host_9403): 0 -> 1
Cell (virus_3027593,host_58063): 0 -> 1
Cell (virus_3027593,host_1898386): 0 -> 1
Cell (virus_3027593,host_298110): 0 -> 1
Cell (virus_3027593,host_77233): 0 -> 1
Cell (virus_3027593,host_374419): 0 -> 1
Cell (virus_3027593,host_326081): 0 -> 1
Cell (virus_3027593,host_326151): 0 -> 1
Cell (virus_3027593,host_326083): 0 -> 1
Cell (virus_3027593,host_1381355): 0 -> 1
Cell (virus_3027593,host_187003): 0 -> 1
Cell (virus_3027593,host_907075): 0 -> 1
Cell (virus_3027593,host_59476): 0 -> 1
Cell (virus_3027593,host_177160): 0 -> 1
Cell (virus_3027593,host_2994998): 0 -> 1
Cell (virus_3027593,host_3042450): 0 -> 1
Cell (virus_3027593,host_59472): 0 -> 1
Cell (virus_3027593,host_9414): 0 -> 1
Cell (virus_3027593,host_1434095): 0 -> 1
Cell (virus_3027593,host_291302): 0 -> 1
Cell (virus_3027593,host_221087): 0 -> 1
Cell (virus_3027593,host_187007): 0 -> 1
Cell (virus_3027593,host_187008): 0 -> 1
Cell (virus_3027593,host_438766): 0 -> 1
Cell (virus_3027593,host_258934): 0 -> 1
Cell (virus_3027593,host_479723): 0 -> 1
Cell (virus_3027593,host_124751): 0 -> 1
Cell (virus_3027593,host_3041509): 0 -> 1
Cell (virus_3027593,host_2218597): 0 -> 1
Cell (virus_3027593,host_258867): 0 -> 1
Cell (virus_3027593,host_242384): 0 -> 1
Cell (virus_3027593,host_258863): 0 -> 1
Cell (virus_3027593,host_452595): 0 -> 1
Cell (virus_3027593,host_9438): 0 -> 1
Cell (virus_3027593,host_153297): 0 -> 1
Cell (virus_3027593,host_258952): 0 -> 1
Cell (virus_3027593,host_249033): 0 -> 1
Cell (virus_3027593,host_258930): 0 -> 1
Cell (virus_3027593,host_61862): 0 -> 1
Cell (virus_3027593,host_109485): 0 -> 1
Cell (virus_3027593,host_59474): 0 -> 1
Cell (virus_3027593,host_143942): 0 -> 1
Cell (virus_3027593,host_2491053): 0 -> 1
Cell (virus_3027593,host_258959): 0 -> 1
Cell (virus_3027593,host_526822): 0 -> 1
Cell (virus_2991261,host_105273): 0 -> 1
Cell (virus_2991261,host_109478): 0 -> 1
Cell (virus_2991261,host_9435): 0 -> 1
Cell (virus_2991261,host_59463): 0 -> 1
Cell (virus_2991261,host_109480): 0 -> 1
Cell (virus_2991261,host_1633875): 0 -> 1
Cell (virus_2991261,host_519446): 0 -> 1
Cell (virus_2991261,host_2528591): 0 -> 1
Cell (virus_2991261,host_109482): 0 -> 1
Cell (virus_2991261,host_51298): 0 -> 1
Cell (virus_2991261,host_1911917): 0 -> 1
Cell (virus_2991261,host_203696): 0 -> 1
Cell (virus_2991261,host_452653): 0 -> 1
Cell (virus_2991261,host_138979): 0 -> 1
Cell (virus_2991261,host_155915): 0 -> 1
Cell (virus_2991261,host_225400): 0 -> 1
Cell (virus_2991261,host_155035): 0 -> 1
Cell (virus_2991261,host_258925): 0 -> 1
Cell (virus_2991261,host_177185): 0 -> 1
Cell (virus_2991261,host_187017): 0 -> 1
Cell (virus_2991261,host_110941): 0 -> 1
Cell (virus_2991261,host_2603869): 0 -> 1
Cell (virus_2991261,host_188568): 0 -> 1
Cell (virus_2991261,host_1207989): 0 -> 1
Cell (virus_2991261,host_188569): 0 -> 1
Cell (virus_2991261,host_59453): 0 -> 1
Cell (virus_2991261,host_175524): 0 -> 1
Cell (virus_2991261,host_186990): 0 -> 1
Cell (virus_2991261,host_270698): 0 -> 1
Cell (virus_2991261,host_334201): 0 -> 1
Cell (virus_2991261,host_249020): 0 -> 1
Cell (virus_2991261,host_584995): 0 -> 1
Cell (virus_2991261,host_463808): 0 -> 1
Cell (virus_2991261,host_58069): 0 -> 1
Cell (virus_2991261,host_376555): 0 -> 1
Cell (virus_2991261,host_169756): 0 -> 1
Cell (virus_2991261,host_188570): 0 -> 1
Cell (virus_2991261,host_196296): 0 -> 1
Cell (virus_2991261,host_320431): 0 -> 1
Cell (virus_2991261,host_476589): 0 -> 1
Cell (virus_2991261,host_188571): 0 -> 1
Cell (virus_2991261,host_249024): 0 -> 1
Cell (virus_2991261,host_2603865): 0 -> 1
Cell (virus_2991261,host_2603866): 0 -> 1
Cell (virus_2991261,host_519041): 0 -> 1
Cell (virus_2991261,host_302408): 0 -> 1
Cell (virus_2991261,host_49443): 0 -> 1
Cell (virus_2991261,host_59479): 0 -> 1
Cell (virus_2991261,host_519037): 0 -> 1
Cell (virus_2991261,host_337453): 0 -> 1
Cell (virus_2991261,host_430492): 0 -> 1
Cell (virus_2991261,host_77218): 0 -> 1
Cell (virus_2991261,host_1195082): 0 -> 1
Cell (virus_2991261,host_549403): 0 -> 1
Cell (virus_2991261,host_124756): 0 -> 1
Cell (virus_2991261,host_328804): 0 -> 1
Cell (virus_2991261,host_9403): 0 -> 1
Cell (virus_2991261,host_58063): 0 -> 1
Cell (virus_2991261,host_1898386): 0 -> 1
Cell (virus_2991261,host_298110): 0 -> 1
Cell (virus_2991261,host_77233): 0 -> 1
Cell (virus_2991261,host_374419): 0 -> 1
Cell (virus_2991261,host_326081): 0 -> 1
Cell (virus_2991261,host_326151): 0 -> 1
Cell (virus_2991261,host_326083): 0 -> 1
Cell (virus_2991261,host_1381355): 0 -> 1
Cell (virus_2991261,host_187003): 0 -> 1
Cell (virus_2991261,host_907075): 0 -> 1
Cell (virus_2991261,host_59476): 0 -> 1
Cell (virus_2991261,host_177160): 0 -> 1
Cell (virus_2991261,host_2994998): 0 -> 1
Cell (virus_2991261,host_3042450): 0 -> 1
Cell (virus_2991261,host_59472): 0 -> 1
Cell (virus_2991261,host_9414): 0 -> 1
Cell (virus_2991261,host_1434095): 0 -> 1
Cell (virus_2991261,host_291302): 0 -> 1
Cell (virus_2991261,host_221087): 0 -> 1
Cell (virus_2991261,host_187007): 0 -> 1
Cell (virus_2991261,host_187008): 0 -> 1
Cell (virus_2991261,host_438766): 0 -> 1
Cell (virus_2991261,host_258934): 0 -> 1
Cell (virus_2991261,host_479723): 0 -> 1
Cell (virus_2991261,host_124751): 0 -> 1
Cell (virus_2991261,host_3041509): 0 -> 1
Cell (virus_2991261,host_2218597): 0 -> 1
Cell (virus_2991261,host_258867): 0 -> 1
Cell (virus_2991261,host_242384): 0 -> 1
Cell (virus_2991261,host_258863): 0 -> 1
Cell (virus_2991261,host_452595): 0 -> 1
Cell (virus_2991261,host_9438): 0 -> 1
Cell (virus_2991261,host_153297): 0 -> 1
Cell (virus_2991261,host_258952): 0 -> 1
Cell (virus_2991261,host_249033): 0 -> 1
Cell (virus_2991261,host_258930): 0 -> 1
Cell (virus_2991261,host_61862): 0 -> 1
Cell (virus_2991261,host_109485): 0 -> 1
Cell (virus_2991261,host_59474): 0 -> 1
Cell (virus_2991261,host_999321): 0 -> 1
Cell (virus_2991261,host_143942): 0 -> 1
Cell (virus_2991261,host_2491053): 0 -> 1
Cell (virus_2991261,host_258959): 0 -> 1
Cell (virus_2991261,host_526822): 0 -> 1
Cell (virus_983923,host_105273): 0 -> 1
Cell (virus_983923,host_109478): 0 -> 1
Cell (virus_983923,host_9435): 0 -> 1
Cell (virus_983923,host_59463): 0 -> 1
Cell (virus_983923,host_109480): 0 -> 1
Cell (virus_983923,host_1633875): 0 -> 1
Cell (virus_983923,host_519446): 0 -> 1
Cell (virus_983923,host_2528591): 0 -> 1
Cell (virus_983923,host_109482): 0 -> 1
Cell (virus_983923,host_51298): 0 -> 1
Cell (virus_983923,host_1911917): 0 -> 1
Cell (virus_983923,host_203696): 0 -> 1
Cell (virus_983923,host_452653): 0 -> 1
Cell (virus_983923,host_138979): 0 -> 1
Cell (virus_983923,host_155915): 0 -> 1
Cell (virus_983923,host_225400): 0 -> 1
Cell (virus_983923,host_155035): 0 -> 1
Cell (virus_983923,host_258925): 0 -> 1
Cell (virus_983923,host_177185): 0 -> 1
Cell (virus_983923,host_187017): 0 -> 1
Cell (virus_983923,host_110941): 0 -> 1
Cell (virus_983923,host_2603869): 0 -> 1
Cell (virus_983923,host_188568): 0 -> 1
Cell (virus_983923,host_1207989): 0 -> 1
Cell (virus_983923,host_188569): 0 -> 1
Cell (virus_983923,host_59453): 0 -> 1
Cell (virus_983923,host_175524): 0 -> 1
Cell (virus_983923,host_186990): 0 -> 1
Cell (virus_983923,host_270698): 0 -> 1
Cell (virus_983923,host_334201): 0 -> 1
Cell (virus_983923,host_249020): 0 -> 1
Cell (virus_983923,host_584995): 0 -> 1
Cell (virus_983923,host_463808): 0 -> 1
Cell (virus_983923,host_58069): 0 -> 1
Cell (virus_983923,host_376555): 0 -> 1
Cell (virus_983923,host_169756): 0 -> 1
Cell (virus_983923,host_188570): 0 -> 1
Cell (virus_983923,host_196296): 0 -> 1
Cell (virus_983923,host_320431): 0 -> 1
Cell (virus_983923,host_476589): 0 -> 1
Cell (virus_983923,host_188571): 0 -> 1
Cell (virus_983923,host_249024): 0 -> 1
Cell (virus_983923,host_2603865): 0 -> 1
Cell (virus_983923,host_2603866): 0 -> 1
Cell (virus_983923,host_519041): 0 -> 1
Cell (virus_983923,host_302408): 0 -> 1
Cell (virus_983923,host_49443): 0 -> 1
Cell (virus_983923,host_59479): 0 -> 1
Cell (virus_983923,host_519037): 0 -> 1
Cell (virus_983923,host_337453): 0 -> 1
Cell (virus_983923,host_430492): 0 -> 1
Cell (virus_983923,host_77218): 0 -> 1
Cell (virus_983923,host_1195082): 0 -> 1
Cell (virus_983923,host_549403): 0 -> 1
Cell (virus_983923,host_124756): 0 -> 1
Cell (virus_983923,host_328804): 0 -> 1
Cell (virus_983923,host_9403): 0 -> 1
Cell (virus_983923,host_58063): 0 -> 1
Cell (virus_983923,host_1898386): 0 -> 1
Cell (virus_983923,host_298110): 0 -> 1
Cell (virus_983923,host_77233): 0 -> 1
Cell (virus_983923,host_374419): 0 -> 1
Cell (virus_983923,host_326081): 0 -> 1
Cell (virus_983923,host_326151): 0 -> 1
Cell (virus_983923,host_326083): 0 -> 1
Cell (virus_983923,host_1381355): 0 -> 1
Cell (virus_983923,host_187003): 0 -> 1
Cell (virus_983923,host_907075): 0 -> 1
Cell (virus_983923,host_59476): 0 -> 1
Cell (virus_983923,host_177160): 0 -> 1
Cell (virus_983923,host_2994998): 0 -> 1
Cell (virus_983923,host_3042450): 0 -> 1
Cell (virus_983923,host_59472): 0 -> 1
Cell (virus_983923,host_9414): 0 -> 1
Cell (virus_983923,host_1434095): 0 -> 1
Cell (virus_983923,host_291302): 0 -> 1
Cell (virus_983923,host_221087): 0 -> 1
Cell (virus_983923,host_187007): 0 -> 1
Cell (virus_983923,host_187008): 0 -> 1
Cell (virus_983923,host_438766): 0 -> 1
Cell (virus_983923,host_258934): 0 -> 1
Cell (virus_983923,host_479723): 0 -> 1
Cell (virus_983923,host_124751): 0 -> 1
Cell (virus_983923,host_3041509): 0 -> 1
Cell (virus_983923,host_2218597): 0 -> 1
Cell (virus_983923,host_258867): 0 -> 1
Cell (virus_983923,host_242384): 0 -> 1
Cell (virus_983923,host_258863): 0 -> 1
Cell (virus_983923,host_452595): 0 -> 1
Cell (virus_983923,host_9438): 0 -> 1
Cell (virus_983923,host_153297): 0 -> 1
Cell (virus_983923,host_258952): 0 -> 1
Cell (virus_983923,host_249033): 0 -> 1
Cell (virus_983923,host_258930): 0 -> 1
Cell (virus_983923,host_61862): 0 -> 1
Cell (virus_983923,host_109485): 0 -> 1
Cell (virus_983923,host_59474): 0 -> 1
Cell (virus_983923,host_999321): 0 -> 1
Cell (virus_983923,host_143942): 0 -> 1
Cell (virus_983923,host_2491053): 0 -> 1
Cell (virus_983923,host_258959): 0 -> 1
Cell (virus_983923,host_526822): 0 -> 1
Cell (virus_3433749,host_105273): 0 -> 1
Cell (virus_3433749,host_109478): 0 -> 1
Cell (virus_3433749,host_9435): 0 -> 1
Cell (virus_3433749,host_59463): 0 -> 1
Cell (virus_3433749,host_109480): 0 -> 1
Cell (virus_3433749,host_1633875): 0 -> 1
Cell (virus_3433749,host_519446): 0 -> 1
Cell (virus_3433749,host_2528591): 0 -> 1
Cell (virus_3433749,host_109482): 0 -> 1
Cell (virus_3433749,host_51298): 0 -> 1
Cell (virus_3433749,host_187014): 0 -> 1
Cell (virus_3433749,host_1911917): 0 -> 1
Cell (virus_3433749,host_59461): 0 -> 1
Cell (virus_3433749,host_203696): 0 -> 1
Cell (virus_3433749,host_452653): 0 -> 1
Cell (virus_3433749,host_138979): 0 -> 1
Cell (virus_3433749,host_155915): 0 -> 1
Cell (virus_3433749,host_225400): 0 -> 1
Cell (virus_3433749,host_155035): 0 -> 1
Cell (virus_3433749,host_258925): 0 -> 1
Cell (virus_3433749,host_177185): 0 -> 1
Cell (virus_3433749,host_187017): 0 -> 1
Cell (virus_3433749,host_110941): 0 -> 1
Cell (virus_3433749,host_2603869): 0 -> 1
Cell (virus_3433749,host_188568): 0 -> 1
Cell (virus_3433749,host_1207989): 0 -> 1
Cell (virus_3433749,host_188569): 0 -> 1
Cell (virus_3433749,host_59453): 0 -> 1
Cell (virus_3433749,host_175524): 0 -> 1
Cell (virus_3433749,host_186990): 0 -> 1
Cell (virus_3433749,host_270698): 0 -> 1
Cell (virus_3433749,host_334201): 0 -> 1
Cell (virus_3433749,host_249020): 0 -> 1
Cell (virus_3433749,host_584995): 0 -> 1
Cell (virus_3433749,host_463808): 0 -> 1
Cell (virus_3433749,host_58069): 0 -> 1
Cell (virus_3433749,host_376555): 0 -> 1
Cell (virus_3433749,host_169756): 0 -> 1
Cell (virus_3433749,host_188570): 0 -> 1
Cell (virus_3433749,host_196296): 0 -> 1
Cell (virus_3433749,host_320431): 0 -> 1
Cell (virus_3433749,host_476589): 0 -> 1
Cell (virus_3433749,host_188571): 0 -> 1
Cell (virus_3433749,host_249024): 0 -> 1
Cell (virus_3433749,host_2603865): 0 -> 1
Cell (virus_3433749,host_2603866): 0 -> 1
Cell (virus_3433749,host_519041): 0 -> 1
Cell (virus_3433749,host_302408): 0 -> 1
Cell (virus_3433749,host_59479): 0 -> 1
Cell (virus_3433749,host_519037): 0 -> 1
Cell (virus_3433749,host_337453): 0 -> 1
Cell (virus_3433749,host_430492): 0 -> 1
Cell (virus_3433749,host_77218): 0 -> 1
Cell (virus_3433749,host_1195082): 0 -> 1
Cell (virus_3433749,host_549403): 0 -> 1
Cell (virus_3433749,host_124756): 0 -> 1
Cell (virus_3433749,host_328804): 0 -> 1
Cell (virus_3433749,host_9403): 0 -> 1
Cell (virus_3433749,host_58063): 0 -> 1
Cell (virus_3433749,host_1898386): 0 -> 1
Cell (virus_3433749,host_298110): 0 -> 1
Cell (virus_3433749,host_77233): 0 -> 1
Cell (virus_3433749,host_374419): 0 -> 1
Cell (virus_3433749,host_326081): 0 -> 1
Cell (virus_3433749,host_326151): 0 -> 1
Cell (virus_3433749,host_326083): 0 -> 1
Cell (virus_3433749,host_1381355): 0 -> 1
Cell (virus_3433749,host_187003): 0 -> 1
Cell (virus_3433749,host_907075): 0 -> 1
Cell (virus_3433749,host_59476): 0 -> 1
Cell (virus_3433749,host_177160): 0 -> 1
Cell (virus_3433749,host_2994998): 0 -> 1
Cell (virus_3433749,host_3042450): 0 -> 1
Cell (virus_3433749,host_59472): 0 -> 1
Cell (virus_3433749,host_9414): 0 -> 1
Cell (virus_3433749,host_1434095): 0 -> 1
Cell (virus_3433749,host_291302): 0 -> 1
Cell (virus_3433749,host_221087): 0 -> 1
Cell (virus_3433749,host_187007): 0 -> 1
Cell (virus_3433749,host_187008): 0 -> 1
Cell (virus_3433749,host_258934): 0 -> 1
Cell (virus_3433749,host_479723): 0 -> 1
Cell (virus_3433749,host_124751): 0 -> 1
Cell (virus_3433749,host_3041509): 0 -> 1
Cell (virus_3433749,host_2218597): 0 -> 1
Cell (virus_3433749,host_258867): 0 -> 1
Cell (virus_3433749,host_242384): 0 -> 1
Cell (virus_3433749,host_258863): 0 -> 1
Cell (virus_3433749,host_452595): 0 -> 1
Cell (virus_3433749,host_9438): 0 -> 1
Cell (virus_3433749,host_153297): 0 -> 1
Cell (virus_3433749,host_258952): 0 -> 1
Cell (virus_3433749,host_249033): 0 -> 1
Cell (virus_3433749,host_258930): 0 -> 1
Cell (virus_3433749,host_61862): 0 -> 1
Cell (virus_3433749,host_109485): 0 -> 1
Cell (virus_3433749,host_59474): 0 -> 1
Cell (virus_3433749,host_999321): 0 -> 1
Cell (virus_3433749,host_143942): 0 -> 1
Cell (virus_3433749,host_2491053): 0 -> 1
Cell (virus_3433749,host_258959): 0 -> 1
Cell (virus_3433749,host_526822): 0 -> 1
Cell (virus_1986198,host_105273): 0 -> 1
Cell (virus_1986198,host_109478): 0 -> 1
Cell (virus_1986198,host_9435): 0 -> 1
Cell (virus_1986198,host_59463): 0 -> 1
Cell (virus_1986198,host_109480): 0 -> 1
Cell (virus_1986198,host_1633875): 0 -> 1
Cell (virus_1986198,host_519446): 0 -> 1
Cell (virus_1986198,host_2528591): 0 -> 1
Cell (virus_1986198,host_109482): 0 -> 1
Cell (virus_1986198,host_51298): 0 -> 1
Cell (virus_1986198,host_1911917): 0 -> 1
Cell (virus_1986198,host_203696): 0 -> 1
Cell (virus_1986198,host_452653): 0 -> 1
Cell (virus_1986198,host_138979): 0 -> 1
Cell (virus_1986198,host_155915): 0 -> 1
Cell (virus_1986198,host_225400): 0 -> 1
Cell (virus_1986198,host_155035): 0 -> 1
Cell (virus_1986198,host_258925): 0 -> 1
Cell (virus_1986198,host_177185): 0 -> 1
Cell (virus_1986198,host_187017): 0 -> 1
Cell (virus_1986198,host_110941): 0 -> 1
Cell (virus_1986198,host_2603869): 0 -> 1
Cell (virus_1986198,host_188568): 0 -> 1
Cell (virus_1986198,host_1207989): 0 -> 1
Cell (virus_1986198,host_188569): 0 -> 1
Cell (virus_1986198,host_59453): 0 -> 1
Cell (virus_1986198,host_175524): 0 -> 1
Cell (virus_1986198,host_186990): 0 -> 1
Cell (virus_1986198,host_270698): 0 -> 1
Cell (virus_1986198,host_334201): 0 -> 1
Cell (virus_1986198,host_249020): 0 -> 1
Cell (virus_1986198,host_584995): 0 -> 1
Cell (virus_1986198,host_463808): 0 -> 1
Cell (virus_1986198,host_58069): 0 -> 1
Cell (virus_1986198,host_376555): 0 -> 1
Cell (virus_1986198,host_169756): 0 -> 1
Cell (virus_1986198,host_188570): 0 -> 1
Cell (virus_1986198,host_196296): 0 -> 1
Cell (virus_1986198,host_320431): 0 -> 1
Cell (virus_1986198,host_476589): 0 -> 1
Cell (virus_1986198,host_188571): 0 -> 1
Cell (virus_1986198,host_249024): 0 -> 1
Cell (virus_1986198,host_2603865): 0 -> 1
Cell (virus_1986198,host_2603866): 0 -> 1
Cell (virus_1986198,host_519041): 0 -> 1
Cell (virus_1986198,host_302408): 0 -> 1
Cell (virus_1986198,host_59479): 0 -> 1
Cell (virus_1986198,host_519037): 0 -> 1
Cell (virus_1986198,host_337453): 0 -> 1
Cell (virus_1986198,host_430492): 0 -> 1
Cell (virus_1986198,host_77218): 0 -> 1
Cell (virus_1986198,host_1195082): 0 -> 1
Cell (virus_1986198,host_549403): 0 -> 1
Cell (virus_1986198,host_124756): 0 -> 1
Cell (virus_1986198,host_328804): 0 -> 1
Cell (virus_1986198,host_9403): 0 -> 1
Cell (virus_1986198,host_58063): 0 -> 1
Cell (virus_1986198,host_1898386): 0 -> 1
Cell (virus_1986198,host_298110): 0 -> 1
Cell (virus_1986198,host_77233): 0 -> 1
Cell (virus_1986198,host_374419): 0 -> 1
Cell (virus_1986198,host_326081): 0 -> 1
Cell (virus_1986198,host_326151): 0 -> 1
Cell (virus_1986198,host_326083): 0 -> 1
Cell (virus_1986198,host_1381355): 0 -> 1
Cell (virus_1986198,host_187003): 0 -> 1
Cell (virus_1986198,host_907075): 0 -> 1
Cell (virus_1986198,host_59476): 0 -> 1
Cell (virus_1986198,host_177160): 0 -> 1
Cell (virus_1986198,host_2994998): 0 -> 1
Cell (virus_1986198,host_3042450): 0 -> 1
Cell (virus_1986198,host_59472): 0 -> 1
Cell (virus_1986198,host_9414): 0 -> 1
Cell (virus_1986198,host_1434095): 0 -> 1
Cell (virus_1986198,host_291302): 0 -> 1
Cell (virus_1986198,host_221087): 0 -> 1
Cell (virus_1986198,host_187007): 0 -> 1
Cell (virus_1986198,host_187008): 0 -> 1
Cell (virus_1986198,host_479723): 0 -> 1
Cell (virus_1986198,host_124751): 0 -> 1
Cell (virus_1986198,host_3041509): 0 -> 1
Cell (virus_1986198,host_258867): 0 -> 1
Cell (virus_1986198,host_242384): 0 -> 1
Cell (virus_1986198,host_258863): 0 -> 1
Cell (virus_1986198,host_452595): 0 -> 1
Cell (virus_1986198,host_9438): 0 -> 1
Cell (virus_1986198,host_153297): 0 -> 1
Cell (virus_1986198,host_258952): 0 -> 1
Cell (virus_1986198,host_249033): 0 -> 1
Cell (virus_1986198,host_258930): 0 -> 1
Cell (virus_1986198,host_61862): 0 -> 1
Cell (virus_1986198,host_109485): 0 -> 1
Cell (virus_1986198,host_59474): 0 -> 1
Cell (virus_1986198,host_999321): 0 -> 1
Cell (virus_1986198,host_143942): 0 -> 1
Cell (virus_1986198,host_2491053): 0 -> 1
Cell (virus_1986198,host_258959): 0 -> 1
Cell (virus_1986198,host_526822): 0 -> 1
Cell (virus_3433814,host_105273): 0 -> 1
Cell (virus_3433814,host_109478): 0 -> 1
Cell (virus_3433814,host_9435): 0 -> 1
Cell (virus_3433814,host_59463): 0 -> 1
Cell (virus_3433814,host_109480): 0 -> 1
Cell (virus_3433814,host_1633875): 0 -> 1
Cell (virus_3433814,host_519446): 0 -> 1
Cell (virus_3433814,host_2528591): 0 -> 1
Cell (virus_3433814,host_109482): 0 -> 1
Cell (virus_3433814,host_51298): 0 -> 1
Cell (virus_3433814,host_1911917): 0 -> 1
Cell (virus_3433814,host_203696): 0 -> 1
Cell (virus_3433814,host_452653): 0 -> 1
Cell (virus_3433814,host_138979): 0 -> 1
Cell (virus_3433814,host_155915): 0 -> 1
Cell (virus_3433814,host_225400): 0 -> 1
Cell (virus_3433814,host_155035): 0 -> 1
Cell (virus_3433814,host_258925): 0 -> 1
Cell (virus_3433814,host_177185): 0 -> 1
Cell (virus_3433814,host_187017): 0 -> 1
Cell (virus_3433814,host_110941): 0 -> 1
Cell (virus_3433814,host_2603869): 0 -> 1
Cell (virus_3433814,host_188568): 0 -> 1
Cell (virus_3433814,host_1207989): 0 -> 1
Cell (virus_3433814,host_188569): 0 -> 1
Cell (virus_3433814,host_59453): 0 -> 1
Cell (virus_3433814,host_175524): 0 -> 1
Cell (virus_3433814,host_186990): 0 -> 1
Cell (virus_3433814,host_270698): 0 -> 1
Cell (virus_3433814,host_334201): 0 -> 1
Cell (virus_3433814,host_249020): 0 -> 1
Cell (virus_3433814,host_584995): 0 -> 1
Cell (virus_3433814,host_463808): 0 -> 1
Cell (virus_3433814,host_58069): 0 -> 1
Cell (virus_3433814,host_376555): 0 -> 1
Cell (virus_3433814,host_169756): 0 -> 1
Cell (virus_3433814,host_188570): 0 -> 1
Cell (virus_3433814,host_196296): 0 -> 1
Cell (virus_3433814,host_320431): 0 -> 1
Cell (virus_3433814,host_476589): 0 -> 1
Cell (virus_3433814,host_188571): 0 -> 1
Cell (virus_3433814,host_249024): 0 -> 1
Cell (virus_3433814,host_2603865): 0 -> 1
Cell (virus_3433814,host_2603866): 0 -> 1
Cell (virus_3433814,host_519041): 0 -> 1
Cell (virus_3433814,host_302408): 0 -> 1
Cell (virus_3433814,host_59479): 0 -> 1
Cell (virus_3433814,host_519037): 0 -> 1
Cell (virus_3433814,host_337453): 0 -> 1
Cell (virus_3433814,host_430492): 0 -> 1
Cell (virus_3433814,host_77218): 0 -> 1
Cell (virus_3433814,host_1195082): 0 -> 1
Cell (virus_3433814,host_549403): 0 -> 1
Cell (virus_3433814,host_124756): 0 -> 1
Cell (virus_3433814,host_328804): 0 -> 1
Cell (virus_3433814,host_9403): 0 -> 1
Cell (virus_3433814,host_58063): 0 -> 1
Cell (virus_3433814,host_1898386): 0 -> 1
Cell (virus_3433814,host_298110): 0 -> 1
Cell (virus_3433814,host_77233): 0 -> 1
Cell (virus_3433814,host_374419): 0 -> 1
Cell (virus_3433814,host_326081): 0 -> 1
Cell (virus_3433814,host_326151): 0 -> 1
Cell (virus_3433814,host_326083): 0 -> 1
Cell (virus_3433814,host_1381355): 0 -> 1
Cell (virus_3433814,host_187003): 0 -> 1
Cell (virus_3433814,host_907075): 0 -> 1
Cell (virus_3433814,host_59476): 0 -> 1
Cell (virus_3433814,host_177160): 0 -> 1
Cell (virus_3433814,host_2994998): 0 -> 1
Cell (virus_3433814,host_3042450): 0 -> 1
Cell (virus_3433814,host_59472): 0 -> 1
Cell (virus_3433814,host_9414): 0 -> 1
Cell (virus_3433814,host_1434095): 0 -> 1
Cell (virus_3433814,host_291302): 0 -> 1
Cell (virus_3433814,host_221087): 0 -> 1
Cell (virus_3433814,host_187007): 0 -> 1
Cell (virus_3433814,host_187008): 0 -> 1
Cell (virus_3433814,host_258934): 0 -> 1
Cell (virus_3433814,host_479723): 0 -> 1
Cell (virus_3433814,host_124751): 0 -> 1
Cell (virus_3433814,host_3041509): 0 -> 1
Cell (virus_3433814,host_2218597): 0 -> 1
Cell (virus_3433814,host_258867): 0 -> 1
Cell (virus_3433814,host_242384): 0 -> 1
Cell (virus_3433814,host_258863): 0 -> 1
Cell (virus_3433814,host_452595): 0 -> 1
Cell (virus_3433814,host_9438): 0 -> 1
Cell (virus_3433814,host_153297): 0 -> 1
Cell (virus_3433814,host_258952): 0 -> 1
Cell (virus_3433814,host_249033): 0 -> 1
Cell (virus_3433814,host_258930): 0 -> 1
Cell (virus_3433814,host_61862): 0 -> 1
Cell (virus_3433814,host_109485): 0 -> 1
Cell (virus_3433814,host_59474): 0 -> 1
Cell (virus_3433814,host_999321): 0 -> 1
Cell (virus_3433814,host_143942): 0 -> 1
Cell (virus_3433814,host_2491053): 0 -> 1
Cell (virus_3433814,host_258959): 0 -> 1
Cell (virus_3433814,host_526822): 0 -> 1
Cell (virus_693997,host_105273): 0 -> 1
Cell (virus_693997,host_109478): 0 -> 1
Cell (virus_693997,host_9435): 0 -> 1
Cell (virus_693997,host_59463): 0 -> 1
Cell (virus_693997,host_109480): 0 -> 1
Cell (virus_693997,host_1633875): 0 -> 1
Cell (virus_693997,host_519446): 0 -> 1
Cell (virus_693997,host_2528591): 0 -> 1
Cell (virus_693997,host_109482): 0 -> 1
Cell (virus_693997,host_51298): 0 -> 1
Cell (virus_693997,host_1911917): 0 -> 1
Cell (virus_693997,host_203696): 0 -> 1
Cell (virus_693997,host_452653): 0 -> 1
Cell (virus_693997,host_138979): 0 -> 1
Cell (virus_693997,host_155915): 0 -> 1
Cell (virus_693997,host_225400): 0 -> 1
Cell (virus_693997,host_155035): 0 -> 1
Cell (virus_693997,host_258925): 0 -> 1
Cell (virus_693997,host_177185): 0 -> 1
Cell (virus_693997,host_187017): 0 -> 1
Cell (virus_693997,host_110941): 0 -> 1
Cell (virus_693997,host_2603869): 0 -> 1
Cell (virus_693997,host_188568): 0 -> 1
Cell (virus_693997,host_1207989): 0 -> 1
Cell (virus_693997,host_188569): 0 -> 1
Cell (virus_693997,host_59453): 0 -> 1
Cell (virus_693997,host_175524): 0 -> 1
Cell (virus_693997,host_186990): 0 -> 1
Cell (virus_693997,host_270698): 0 -> 1
Cell (virus_693997,host_334201): 0 -> 1
Cell (virus_693997,host_249020): 0 -> 1
Cell (virus_693997,host_584995): 0 -> 1
Cell (virus_693997,host_463808): 0 -> 1
Cell (virus_693997,host_58069): 0 -> 1
Cell (virus_693997,host_376555): 0 -> 1
Cell (virus_693997,host_169756): 0 -> 1
Cell (virus_693997,host_188570): 0 -> 1
Cell (virus_693997,host_196296): 0 -> 1
Cell (virus_693997,host_320431): 0 -> 1
Cell (virus_693997,host_476589): 0 -> 1
Cell (virus_693997,host_188571): 0 -> 1
Cell (virus_693997,host_249024): 0 -> 1
Cell (virus_693997,host_2603865): 0 -> 1
Cell (virus_693997,host_2603866): 0 -> 1
Cell (virus_693997,host_519041): 0 -> 1
Cell (virus_693997,host_302408): 0 -> 1
Cell (virus_693997,host_59479): 0 -> 1
Cell (virus_693997,host_519037): 0 -> 1
Cell (virus_693997,host_337453): 0 -> 1
Cell (virus_693997,host_430492): 0 -> 1
Cell (virus_693997,host_77218): 0 -> 1
Cell (virus_693997,host_1195082): 0 -> 1
Cell (virus_693997,host_549403): 0 -> 1
Cell (virus_693997,host_124756): 0 -> 1
Cell (virus_693997,host_328804): 0 -> 1
Cell (virus_693997,host_9403): 0 -> 1
Cell (virus_693997,host_58063): 0 -> 1
Cell (virus_693997,host_1898386): 0 -> 1
Cell (virus_693997,host_298110): 0 -> 1
Cell (virus_693997,host_77233): 0 -> 1
Cell (virus_693997,host_374419): 0 -> 1
Cell (virus_693997,host_326081): 0 -> 1
Cell (virus_693997,host_326151): 0 -> 1
Cell (virus_693997,host_326083): 0 -> 1
Cell (virus_693997,host_1381355): 0 -> 1
Cell (virus_693997,host_187003): 0 -> 1
Cell (virus_693997,host_907075): 0 -> 1
Cell (virus_693997,host_59476): 0 -> 1
Cell (virus_693997,host_177160): 0 -> 1
Cell (virus_693997,host_2994998): 0 -> 1
Cell (virus_693997,host_3042450): 0 -> 1
Cell (virus_693997,host_59472): 0 -> 1
Cell (virus_693997,host_9414): 0 -> 1
Cell (virus_693997,host_1434095): 0 -> 1
Cell (virus_693997,host_291302): 0 -> 1
Cell (virus_693997,host_221087): 0 -> 1
Cell (virus_693997,host_187007): 0 -> 1
Cell (virus_693997,host_187008): 0 -> 1
Cell (virus_693997,host_258934): 0 -> 1
Cell (virus_693997,host_479723): 0 -> 1
Cell (virus_693997,host_124751): 0 -> 1
Cell (virus_693997,host_3041509): 0 -> 1
Cell (virus_693997,host_2218597): 0 -> 1
Cell (virus_693997,host_258867): 0 -> 1
Cell (virus_693997,host_242384): 0 -> 1
Cell (virus_693997,host_258863): 0 -> 1
Cell (virus_693997,host_452595): 0 -> 1
Cell (virus_693997,host_9438): 0 -> 1
Cell (virus_693997,host_153297): 0 -> 1
Cell (virus_693997,host_258952): 0 -> 1
Cell (virus_693997,host_249033): 0 -> 1
Cell (virus_693997,host_258930): 0 -> 1
Cell (virus_693997,host_61862): 0 -> 1
Cell (virus_693997,host_109485): 0 -> 1
Cell (virus_693997,host_59474): 0 -> 1
Cell (virus_693997,host_999321): 0 -> 1
Cell (virus_693997,host_143942): 0 -> 1
Cell (virus_693997,host_2491053): 0 -> 1
Cell (virus_693997,host_258959): 0 -> 1
Cell (virus_693997,host_526822): 0 -> 1
Cell (virus_2913386,host_105273): 0 -> 1
Cell (virus_2913386,host_109478): 0 -> 1
Cell (virus_2913386,host_9435): 0 -> 1
Cell (virus_2913386,host_257882): 0 -> 1
Cell (virus_2913386,host_59463): 0 -> 1
Cell (virus_2913386,host_109480): 0 -> 1
Cell (virus_2913386,host_1633875): 0 -> 1
Cell (virus_2913386,host_519446): 0 -> 1
Cell (virus_2913386,host_2528591): 0 -> 1
Cell (virus_2913386,host_109482): 0 -> 1
Cell (virus_2913386,host_51298): 0 -> 1
Cell (virus_2913386,host_1911917): 0 -> 1
Cell (virus_2913386,host_59461): 0 -> 1
Cell (virus_2913386,host_203696): 0 -> 1
Cell (virus_2913386,host_452653): 0 -> 1
Cell (virus_2913386,host_138979): 0 -> 1
Cell (virus_2913386,host_155915): 0 -> 1
Cell (virus_2913386,host_225400): 0 -> 1
Cell (virus_2913386,host_155035): 0 -> 1
Cell (virus_2913386,host_258925): 0 -> 1
Cell (virus_2913386,host_177185): 0 -> 1
Cell (virus_2913386,host_187017): 0 -> 1
Cell (virus_2913386,host_110941): 0 -> 1
Cell (virus_2913386,host_2603869): 0 -> 1
Cell (virus_2913386,host_188568): 0 -> 1
Cell (virus_2913386,host_1207989): 0 -> 1
Cell (virus_2913386,host_188569): 0 -> 1
Cell (virus_2913386,host_59453): 0 -> 1
Cell (virus_2913386,host_175524): 0 -> 1
Cell (virus_2913386,host_186990): 0 -> 1
Cell (virus_2913386,host_270698): 0 -> 1
Cell (virus_2913386,host_334201): 0 -> 1
Cell (virus_2913386,host_249020): 0 -> 1
Cell (virus_2913386,host_584995): 0 -> 1
Cell (virus_2913386,host_463808): 0 -> 1
Cell (virus_2913386,host_58069): 0 -> 1
Cell (virus_2913386,host_376555): 0 -> 1
Cell (virus_2913386,host_169756): 0 -> 1
Cell (virus_2913386,host_188570): 0 -> 1
Cell (virus_2913386,host_196296): 0 -> 1
Cell (virus_2913386,host_320431): 0 -> 1
Cell (virus_2913386,host_476589): 0 -> 1
Cell (virus_2913386,host_188571): 0 -> 1
Cell (virus_2913386,host_249024): 0 -> 1
Cell (virus_2913386,host_2603866): 0 -> 1
Cell (virus_2913386,host_519041): 0 -> 1
Cell (virus_2913386,host_302408): 0 -> 1
Cell (virus_2913386,host_59479): 0 -> 1
Cell (virus_2913386,host_519037): 0 -> 1
Cell (virus_2913386,host_337453): 0 -> 1
Cell (virus_2913386,host_430492): 0 -> 1
Cell (virus_2913386,host_77218): 0 -> 1
Cell (virus_2913386,host_1195082): 0 -> 1
Cell (virus_2913386,host_549403): 0 -> 1
Cell (virus_2913386,host_124756): 0 -> 1
Cell (virus_2913386,host_328804): 0 -> 1
Cell (virus_2913386,host_9403): 0 -> 1
Cell (virus_2913386,host_58063): 0 -> 1
Cell (virus_2913386,host_1898386): 0 -> 1
Cell (virus_2913386,host_298110): 0 -> 1
Cell (virus_2913386,host_77233): 0 -> 1
Cell (virus_2913386,host_374419): 0 -> 1
Cell (virus_2913386,host_326081): 0 -> 1
Cell (virus_2913386,host_326083): 0 -> 1
Cell (virus_2913386,host_1381355): 0 -> 1
Cell (virus_2913386,host_187003): 0 -> 1
Cell (virus_2913386,host_907075): 0 -> 1
Cell (virus_2913386,host_59476): 0 -> 1
Cell (virus_2913386,host_177160): 0 -> 1
Cell (virus_2913386,host_2994998): 0 -> 1
Cell (virus_2913386,host_3042450): 0 -> 1
Cell (virus_2913386,host_3371013): 0 -> 1
Cell (virus_2913386,host_59472): 0 -> 1
Cell (virus_2913386,host_9414): 0 -> 1
Cell (virus_2913386,host_1434095): 0 -> 1
Cell (virus_2913386,host_291302): 0 -> 1
Cell (virus_2913386,host_221087): 0 -> 1
Cell (virus_2913386,host_187007): 0 -> 1
Cell (virus_2913386,host_187008): 0 -> 1
Cell (virus_2913386,host_258934): 0 -> 1
Cell (virus_2913386,host_479723): 0 -> 1
Cell (virus_2913386,host_124751): 0 -> 1
Cell (virus_2913386,host_3041509): 0 -> 1
Cell (virus_2913386,host_2218597): 0 -> 1
Cell (virus_2913386,host_258867): 0 -> 1
Cell (virus_2913386,host_242384): 0 -> 1
Cell (virus_2913386,host_258863): 0 -> 1
Cell (virus_2913386,host_452595): 0 -> 1
Cell (virus_2913386,host_9438): 0 -> 1
Cell (virus_2913386,host_153297): 0 -> 1
Cell (virus_2913386,host_258952): 0 -> 1
Cell (virus_2913386,host_249033): 0 -> 1
Cell (virus_2913386,host_258930): 0 -> 1
Cell (virus_2913386,host_61862): 0 -> 1
Cell (virus_2913386,host_109485): 0 -> 1
Cell (virus_2913386,host_59474): 0 -> 1
Cell (virus_2913386,host_999321): 0 -> 1
Cell (virus_2913386,host_143942): 0 -> 1
Cell (virus_2913386,host_2491053): 0 -> 1
Cell (virus_2913386,host_258959): 0 -> 1
Cell (virus_2913386,host_526822): 0 -> 1
Cell (virus_2925879,host_105273): 0 -> 1
Cell (virus_2925879,host_109478): 0 -> 1
Cell (virus_2925879,host_9435): 0 -> 1
Cell (virus_2925879,host_257882): 0 -> 1
Cell (virus_2925879,host_59463): 0 -> 1
Cell (virus_2925879,host_109480): 0 -> 1
Cell (virus_2925879,host_1633875): 0 -> 1
Cell (virus_2925879,host_519446): 0 -> 1
Cell (virus_2925879,host_2528591): 0 -> 1
Cell (virus_2925879,host_109482): 0 -> 1
Cell (virus_2925879,host_51298): 0 -> 1
Cell (virus_2925879,host_1911917): 0 -> 1
Cell (virus_2925879,host_59461): 0 -> 1
Cell (virus_2925879,host_203696): 0 -> 1
Cell (virus_2925879,host_452653): 0 -> 1
Cell (virus_2925879,host_138979): 0 -> 1
Cell (virus_2925879,host_155915): 0 -> 1
Cell (virus_2925879,host_225400): 0 -> 1
Cell (virus_2925879,host_155035): 0 -> 1
Cell (virus_2925879,host_258925): 0 -> 1
Cell (virus_2925879,host_177185): 0 -> 1
Cell (virus_2925879,host_187017): 0 -> 1
Cell (virus_2925879,host_110941): 0 -> 1
Cell (virus_2925879,host_2603869): 0 -> 1
Cell (virus_2925879,host_188568): 0 -> 1
Cell (virus_2925879,host_1207989): 0 -> 1
Cell (virus_2925879,host_188569): 0 -> 1
Cell (virus_2925879,host_59453): 0 -> 1
Cell (virus_2925879,host_175524): 0 -> 1
Cell (virus_2925879,host_186990): 0 -> 1
Cell (virus_2925879,host_270698): 0 -> 1
Cell (virus_2925879,host_334201): 0 -> 1
Cell (virus_2925879,host_249020): 0 -> 1
Cell (virus_2925879,host_584995): 0 -> 1
Cell (virus_2925879,host_463808): 0 -> 1
Cell (virus_2925879,host_58069): 0 -> 1
Cell (virus_2925879,host_376555): 0 -> 1
Cell (virus_2925879,host_169756): 0 -> 1
Cell (virus_2925879,host_188570): 0 -> 1
Cell (virus_2925879,host_196296): 0 -> 1
Cell (virus_2925879,host_320431): 0 -> 1
Cell (virus_2925879,host_476589): 0 -> 1
Cell (virus_2925879,host_188571): 0 -> 1
Cell (virus_2925879,host_249024): 0 -> 1
Cell (virus_2925879,host_2603866): 0 -> 1
Cell (virus_2925879,host_519041): 0 -> 1
Cell (virus_2925879,host_302408): 0 -> 1
Cell (virus_2925879,host_59479): 0 -> 1
Cell (virus_2925879,host_519037): 0 -> 1
Cell (virus_2925879,host_337453): 0 -> 1
Cell (virus_2925879,host_430492): 0 -> 1
Cell (virus_2925879,host_77218): 0 -> 1
Cell (virus_2925879,host_1195082): 0 -> 1
Cell (virus_2925879,host_549403): 0 -> 1
Cell (virus_2925879,host_124756): 0 -> 1
Cell (virus_2925879,host_328804): 0 -> 1
Cell (virus_2925879,host_9403): 0 -> 1
Cell (virus_2925879,host_58063): 0 -> 1
Cell (virus_2925879,host_1898386): 0 -> 1
Cell (virus_2925879,host_298110): 0 -> 1
Cell (virus_2925879,host_77233): 0 -> 1
Cell (virus_2925879,host_374419): 0 -> 1
Cell (virus_2925879,host_326081): 0 -> 1
Cell (virus_2925879,host_326083): 0 -> 1
Cell (virus_2925879,host_1381355): 0 -> 1
Cell (virus_2925879,host_187003): 0 -> 1
Cell (virus_2925879,host_907075): 0 -> 1
Cell (virus_2925879,host_59476): 0 -> 1
Cell (virus_2925879,host_177160): 0 -> 1
Cell (virus_2925879,host_2994998): 0 -> 1
Cell (virus_2925879,host_3042450): 0 -> 1
Cell (virus_2925879,host_3371013): 0 -> 1
Cell (virus_2925879,host_59472): 0 -> 1
Cell (virus_2925879,host_9414): 0 -> 1
Cell (virus_2925879,host_1434095): 0 -> 1
Cell (virus_2925879,host_291302): 0 -> 1
Cell (virus_2925879,host_221087): 0 -> 1
Cell (virus_2925879,host_187007): 0 -> 1
Cell (virus_2925879,host_187008): 0 -> 1
Cell (virus_2925879,host_258934): 0 -> 1
Cell (virus_2925879,host_479723): 0 -> 1
Cell (virus_2925879,host_124751): 0 -> 1
Cell (virus_2925879,host_3041509): 0 -> 1
Cell (virus_2925879,host_2218597): 0 -> 1
Cell (virus_2925879,host_258867): 0 -> 1
Cell (virus_2925879,host_242384): 0 -> 1
Cell (virus_2925879,host_258863): 0 -> 1
Cell (virus_2925879,host_452595): 0 -> 1
Cell (virus_2925879,host_9438): 0 -> 1
Cell (virus_2925879,host_153297): 0 -> 1
Cell (virus_2925879,host_258952): 0 -> 1
Cell (virus_2925879,host_249033): 0 -> 1
Cell (virus_2925879,host_258930): 0 -> 1
Cell (virus_2925879,host_61862): 0 -> 1
Cell (virus_2925879,host_109485): 0 -> 1
Cell (virus_2925879,host_59474): 0 -> 1
Cell (virus_2925879,host_999321): 0 -> 1
Cell (virus_2925879,host_143942): 0 -> 1
Cell (virus_2925879,host_2491053): 0 -> 1
Cell (virus_2925879,host_258959): 0 -> 1
Cell (virus_2925879,host_526822): 0 -> 1
Cell (virus_2993505,host_105273): 0 -> 1
Cell (virus_2993505,host_109478): 0 -> 1
Cell (virus_2993505,host_9435): 0 -> 1
Cell (virus_2993505,host_257882): 0 -> 1
Cell (virus_2993505,host_59463): 0 -> 1
Cell (virus_2993505,host_109480): 0 -> 1
Cell (virus_2993505,host_1633875): 0 -> 1
Cell (virus_2993505,host_519446): 0 -> 1
Cell (virus_2993505,host_2528591): 0 -> 1
Cell (virus_2993505,host_109482): 0 -> 1
Cell (virus_2993505,host_51298): 0 -> 1
Cell (virus_2993505,host_1911917): 0 -> 1
Cell (virus_2993505,host_59461): 0 -> 1
Cell (virus_2993505,host_203696): 0 -> 1
Cell (virus_2993505,host_452653): 0 -> 1
Cell (virus_2993505,host_138979): 0 -> 1
Cell (virus_2993505,host_155915): 0 -> 1
Cell (virus_2993505,host_225400): 0 -> 1
Cell (virus_2993505,host_155035): 0 -> 1
Cell (virus_2993505,host_258925): 0 -> 1
Cell (virus_2993505,host_177185): 0 -> 1
Cell (virus_2993505,host_187017): 0 -> 1
Cell (virus_2993505,host_110941): 0 -> 1
Cell (virus_2993505,host_2603869): 0 -> 1
Cell (virus_2993505,host_188568): 0 -> 1
Cell (virus_2993505,host_1207989): 0 -> 1
Cell (virus_2993505,host_188569): 0 -> 1
Cell (virus_2993505,host_59453): 0 -> 1
Cell (virus_2993505,host_175524): 0 -> 1
Cell (virus_2993505,host_186990): 0 -> 1
Cell (virus_2993505,host_270698): 0 -> 1
Cell (virus_2993505,host_334201): 0 -> 1
Cell (virus_2993505,host_249020): 0 -> 1
Cell (virus_2993505,host_584995): 0 -> 1
Cell (virus_2993505,host_463808): 0 -> 1
Cell (virus_2993505,host_58069): 0 -> 1
Cell (virus_2993505,host_376555): 0 -> 1
Cell (virus_2993505,host_169756): 0 -> 1
Cell (virus_2993505,host_188570): 0 -> 1
Cell (virus_2993505,host_196296): 0 -> 1
Cell (virus_2993505,host_320431): 0 -> 1
Cell (virus_2993505,host_476589): 0 -> 1
Cell (virus_2993505,host_188571): 0 -> 1
Cell (virus_2993505,host_249024): 0 -> 1
Cell (virus_2993505,host_2603866): 0 -> 1
Cell (virus_2993505,host_519041): 0 -> 1
Cell (virus_2993505,host_302408): 0 -> 1
Cell (virus_2993505,host_59479): 0 -> 1
Cell (virus_2993505,host_519037): 0 -> 1
Cell (virus_2993505,host_337453): 0 -> 1
Cell (virus_2993505,host_430492): 0 -> 1
Cell (virus_2993505,host_77218): 0 -> 1
Cell (virus_2993505,host_1195082): 0 -> 1
Cell (virus_2993505,host_549403): 0 -> 1
Cell (virus_2993505,host_124756): 0 -> 1
Cell (virus_2993505,host_328804): 0 -> 1
Cell (virus_2993505,host_9403): 0 -> 1
Cell (virus_2993505,host_58063): 0 -> 1
Cell (virus_2993505,host_1898386): 0 -> 1
Cell (virus_2993505,host_298110): 0 -> 1
Cell (virus_2993505,host_77233): 0 -> 1
Cell (virus_2993505,host_374419): 0 -> 1
Cell (virus_2993505,host_326081): 0 -> 1
Cell (virus_2993505,host_326083): 0 -> 1
Cell (virus_2993505,host_1381355): 0 -> 1
Cell (virus_2993505,host_187003): 0 -> 1
Cell (virus_2993505,host_907075): 0 -> 1
Cell (virus_2993505,host_59476): 0 -> 1
Cell (virus_2993505,host_177160): 0 -> 1
Cell (virus_2993505,host_3042450): 0 -> 1
Cell (virus_2993505,host_3371013): 0 -> 1
Cell (virus_2993505,host_59472): 0 -> 1
Cell (virus_2993505,host_9414): 0 -> 1
Cell (virus_2993505,host_1434095): 0 -> 1
Cell (virus_2993505,host_291302): 0 -> 1
Cell (virus_2993505,host_221087): 0 -> 1
Cell (virus_2993505,host_187007): 0 -> 1
Cell (virus_2993505,host_187008): 0 -> 1
Cell (virus_2993505,host_258934): 0 -> 1
Cell (virus_2993505,host_479723): 0 -> 1
Cell (virus_2993505,host_124751): 0 -> 1
Cell (virus_2993505,host_3041509): 0 -> 1
Cell (virus_2993505,host_2218597): 0 -> 1
Cell (virus_2993505,host_258867): 0 -> 1
Cell (virus_2993505,host_242384): 0 -> 1
Cell (virus_2993505,host_258863): 0 -> 1
Cell (virus_2993505,host_452595): 0 -> 1
Cell (virus_2993505,host_9438): 0 -> 1
Cell (virus_2993505,host_153297): 0 -> 1
Cell (virus_2993505,host_258952): 0 -> 1
Cell (virus_2993505,host_249033): 0 -> 1
Cell (virus_2993505,host_258930): 0 -> 1
Cell (virus_2993505,host_61862): 0 -> 1
Cell (virus_2993505,host_109485): 0 -> 1
Cell (virus_2993505,host_59474): 0 -> 1
Cell (virus_2993505,host_999321): 0 -> 1
Cell (virus_2993505,host_143942): 0 -> 1
Cell (virus_2993505,host_2491053): 0 -> 1
Cell (virus_2993505,host_258944): 0 -> 1
Cell (virus_2993505,host_258959): 0 -> 1
Cell (virus_2993505,host_526822): 0 -> 1
Cell (virus_3433731,host_105273): 0 -> 1
Cell (virus_3433731,host_109478): 0 -> 1
Cell (virus_3433731,host_3380546): 0 -> 1
Cell (virus_3433731,host_9435): 0 -> 1
Cell (virus_3433731,host_257882): 0 -> 1
Cell (virus_3433731,host_59463): 0 -> 1
Cell (virus_3433731,host_109480): 0 -> 1
Cell (virus_3433731,host_1633875): 0 -> 1
Cell (virus_3433731,host_519446): 0 -> 1
Cell (virus_3433731,host_2528591): 0 -> 1
Cell (virus_3433731,host_109482): 0 -> 1
Cell (virus_3433731,host_51298): 0 -> 1
Cell (virus_3433731,host_1911917): 0 -> 1
Cell (virus_3433731,host_203696): 0 -> 1
Cell (virus_3433731,host_452653): 0 -> 1
Cell (virus_3433731,host_98922): 0 -> 1
Cell (virus_3433731,host_138979): 0 -> 1
Cell (virus_3433731,host_225400): 0 -> 1
Cell (virus_3433731,host_155035): 0 -> 1
Cell (virus_3433731,host_258925): 0 -> 1
Cell (virus_3433731,host_177185): 0 -> 1
Cell (virus_3433731,host_187017): 0 -> 1
Cell (virus_3433731,host_110941): 0 -> 1
Cell (virus_3433731,host_2603869): 0 -> 1
Cell (virus_3433731,host_188568): 0 -> 1
Cell (virus_3433731,host_1207989): 0 -> 1
Cell (virus_3433731,host_188569): 0 -> 1
Cell (virus_3433731,host_59453): 0 -> 1
Cell (virus_3433731,host_175524): 0 -> 1
Cell (virus_3433731,host_186990): 0 -> 1
Cell (virus_3433731,host_270698): 0 -> 1
Cell (virus_3433731,host_334201): 0 -> 1
Cell (virus_3433731,host_249020): 0 -> 1
Cell (virus_3433731,host_584995): 0 -> 1
Cell (virus_3433731,host_463808): 0 -> 1
Cell (virus_3433731,host_58069): 0 -> 1
Cell (virus_3433731,host_376555): 0 -> 1
Cell (virus_3433731,host_169756): 0 -> 1
Cell (virus_3433731,host_188570): 0 -> 1
Cell (virus_3433731,host_196296): 0 -> 1
Cell (virus_3433731,host_320431): 0 -> 1
Cell (virus_3433731,host_476589): 0 -> 1
Cell (virus_3433731,host_188571): 0 -> 1
Cell (virus_3433731,host_249024): 0 -> 1
Cell (virus_3433731,host_2603866): 0 -> 1
Cell (virus_3433731,host_519041): 0 -> 1
Cell (virus_3433731,host_302408): 0 -> 1
Cell (virus_3433731,host_59479): 0 -> 1
Cell (virus_3433731,host_519037): 0 -> 1
Cell (virus_3433731,host_337453): 0 -> 1
Cell (virus_3433731,host_430492): 0 -> 1
Cell (virus_3433731,host_77218): 0 -> 1
Cell (virus_3433731,host_1195082): 0 -> 1
Cell (virus_3433731,host_549403): 0 -> 1
Cell (virus_3433731,host_124756): 0 -> 1
Cell (virus_3433731,host_328804): 0 -> 1
Cell (virus_3433731,host_9403): 0 -> 1
Cell (virus_3433731,host_58063): 0 -> 1
Cell (virus_3433731,host_1898386): 0 -> 1
Cell (virus_3433731,host_298110): 0 -> 1
Cell (virus_3433731,host_77233): 0 -> 1
Cell (virus_3433731,host_374419): 0 -> 1
Cell (virus_3433731,host_326081): 0 -> 1
Cell (virus_3433731,host_326083): 0 -> 1
Cell (virus_3433731,host_1381355): 0 -> 1
Cell (virus_3433731,host_187003): 0 -> 1
Cell (virus_3433731,host_907075): 0 -> 1
Cell (virus_3433731,host_59476): 0 -> 1
Cell (virus_3433731,host_177160): 0 -> 1
Cell (virus_3433731,host_2994998): 0 -> 1
Cell (virus_3433731,host_3042450): 0 -> 1
Cell (virus_3433731,host_59472): 0 -> 1
Cell (virus_3433731,host_9414): 0 -> 1
Cell (virus_3433731,host_1434095): 0 -> 1
Cell (virus_3433731,host_291302): 0 -> 1
Cell (virus_3433731,host_221087): 0 -> 1
Cell (virus_3433731,host_187007): 0 -> 1
Cell (virus_3433731,host_187008): 0 -> 1
Cell (virus_3433731,host_258934): 0 -> 1
Cell (virus_3433731,host_479723): 0 -> 1
Cell (virus_3433731,host_124751): 0 -> 1
Cell (virus_3433731,host_3041509): 0 -> 1
Cell (virus_3433731,host_2218597): 0 -> 1
Cell (virus_3433731,host_258867): 0 -> 1
Cell (virus_3433731,host_242384): 0 -> 1
Cell (virus_3433731,host_258863): 0 -> 1
Cell (virus_3433731,host_452595): 0 -> 1
Cell (virus_3433731,host_9438): 0 -> 1
Cell (virus_3433731,host_153297): 0 -> 1
Cell (virus_3433731,host_258952): 0 -> 1
Cell (virus_3433731,host_249033): 0 -> 1
Cell (virus_3433731,host_258930): 0 -> 1
Cell (virus_3433731,host_61862): 0 -> 1
Cell (virus_3433731,host_109485): 0 -> 1
Cell (virus_3433731,host_59474): 0 -> 1
Cell (virus_3433731,host_999321): 0 -> 1
Cell (virus_3433731,host_143942): 0 -> 1
Cell (virus_3433731,host_2491053): 0 -> 1
Cell (virus_3433731,host_258959): 0 -> 1
Cell (virus_3433731,host_526822): 0 -> 1
Cell (virus_3433810,host_105273): 0 -> 1
Cell (virus_3433810,host_109478): 0 -> 1
Cell (virus_3433810,host_9435): 0 -> 1
Cell (virus_3433810,host_59463): 0 -> 1
Cell (virus_3433810,host_109480): 0 -> 1
Cell (virus_3433810,host_1633875): 0 -> 1
Cell (virus_3433810,host_519446): 0 -> 1
Cell (virus_3433810,host_2528591): 0 -> 1
Cell (virus_3433810,host_109482): 0 -> 1
Cell (virus_3433810,host_51298): 0 -> 1
Cell (virus_3433810,host_1911917): 0 -> 1
Cell (virus_3433810,host_452653): 0 -> 1
Cell (virus_3433810,host_138979): 0 -> 1
Cell (virus_3433810,host_155915): 0 -> 1
Cell (virus_3433810,host_225400): 0 -> 1
Cell (virus_3433810,host_155035): 0 -> 1
Cell (virus_3433810,host_258925): 0 -> 1
Cell (virus_3433810,host_177185): 0 -> 1
Cell (virus_3433810,host_187017): 0 -> 1
Cell (virus_3433810,host_110941): 0 -> 1
Cell (virus_3433810,host_2603869): 0 -> 1
Cell (virus_3433810,host_188568): 0 -> 1
Cell (virus_3433810,host_1207989): 0 -> 1
Cell (virus_3433810,host_188569): 0 -> 1
Cell (virus_3433810,host_59453): 0 -> 1
Cell (virus_3433810,host_175524): 0 -> 1
Cell (virus_3433810,host_186990): 0 -> 1
Cell (virus_3433810,host_270698): 0 -> 1
Cell (virus_3433810,host_334201): 0 -> 1
Cell (virus_3433810,host_249020): 0 -> 1
Cell (virus_3433810,host_584995): 0 -> 1
Cell (virus_3433810,host_463808): 0 -> 1
Cell (virus_3433810,host_58069): 0 -> 1
Cell (virus_3433810,host_376555): 0 -> 1
Cell (virus_3433810,host_169756): 0 -> 1
Cell (virus_3433810,host_188570): 0 -> 1
Cell (virus_3433810,host_196296): 0 -> 1
Cell (virus_3433810,host_320431): 0 -> 1
Cell (virus_3433810,host_476589): 0 -> 1
Cell (virus_3433810,host_188571): 0 -> 1
Cell (virus_3433810,host_249024): 0 -> 1
Cell (virus_3433810,host_2603865): 0 -> 1
Cell (virus_3433810,host_2603866): 0 -> 1
Cell (virus_3433810,host_519041): 0 -> 1
Cell (virus_3433810,host_302408): 0 -> 1
Cell (virus_3433810,host_59479): 0 -> 1
Cell (virus_3433810,host_519037): 0 -> 1
Cell (virus_3433810,host_337453): 0 -> 1
Cell (virus_3433810,host_430492): 0 -> 1
Cell (virus_3433810,host_77218): 0 -> 1
Cell (virus_3433810,host_1195082): 0 -> 1
Cell (virus_3433810,host_549403): 0 -> 1
Cell (virus_3433810,host_124756): 0 -> 1
Cell (virus_3433810,host_328804): 0 -> 1
Cell (virus_3433810,host_9403): 0 -> 1
Cell (virus_3433810,host_58063): 0 -> 1
Cell (virus_3433810,host_1898386): 0 -> 1
Cell (virus_3433810,host_298110): 0 -> 1
Cell (virus_3433810,host_77233): 0 -> 1
Cell (virus_3433810,host_374419): 0 -> 1
Cell (virus_3433810,host_326081): 0 -> 1
Cell (virus_3433810,host_326151): 0 -> 1
Cell (virus_3433810,host_326083): 0 -> 1
Cell (virus_3433810,host_1381355): 0 -> 1
Cell (virus_3433810,host_187003): 0 -> 1
Cell (virus_3433810,host_907075): 0 -> 1
Cell (virus_3433810,host_59476): 0 -> 1
Cell (virus_3433810,host_177160): 0 -> 1
Cell (virus_3433810,host_2994998): 0 -> 1
Cell (virus_3433810,host_3042450): 0 -> 1
Cell (virus_3433810,host_59472): 0 -> 1
Cell (virus_3433810,host_9414): 0 -> 1
Cell (virus_3433810,host_1434095): 0 -> 1
Cell (virus_3433810,host_291302): 0 -> 1
Cell (virus_3433810,host_221087): 0 -> 1
Cell (virus_3433810,host_187007): 0 -> 1
Cell (virus_3433810,host_187008): 0 -> 1
Cell (virus_3433810,host_258934): 0 -> 1
Cell (virus_3433810,host_479723): 0 -> 1
Cell (virus_3433810,host_124751): 0 -> 1
Cell (virus_3433810,host_3041509): 0 -> 1
Cell (virus_3433810,host_2218597): 0 -> 1
Cell (virus_3433810,host_258867): 0 -> 1
Cell (virus_3433810,host_242384): 0 -> 1
Cell (virus_3433810,host_258863): 0 -> 1
Cell (virus_3433810,host_452595): 0 -> 1
Cell (virus_3433810,host_9438): 0 -> 1
Cell (virus_3433810,host_153297): 0 -> 1
Cell (virus_3433810,host_258952): 0 -> 1
Cell (virus_3433810,host_249033): 0 -> 1
Cell (virus_3433810,host_258930): 0 -> 1
Cell (virus_3433810,host_61862): 0 -> 1
Cell (virus_3433810,host_109485): 0 -> 1
Cell (virus_3433810,host_59474): 0 -> 1
Cell (virus_3433810,host_999321): 0 -> 1
Cell (virus_3433810,host_867834): 0 -> 1
Cell (virus_3433810,host_143942): 0 -> 1
Cell (virus_3433810,host_2491053): 0 -> 1
Cell (virus_3433810,host_258959): 0 -> 1
Cell (virus_3433810,host_526822): 0 -> 1
Cell (virus_2913388,host_105273): 0 -> 1
Cell (virus_2913388,host_109478): 0 -> 1
Cell (virus_2913388,host_9435): 0 -> 1
Cell (virus_2913388,host_59463): 0 -> 1
Cell (virus_2913388,host_109480): 0 -> 1
Cell (virus_2913388,host_1633875): 0 -> 1
Cell (virus_2913388,host_519446): 0 -> 1
Cell (virus_2913388,host_2528591): 0 -> 1
Cell (virus_2913388,host_109482): 0 -> 1
Cell (virus_2913388,host_51298): 0 -> 1
Cell (virus_2913388,host_203696): 0 -> 1
Cell (virus_2913388,host_452653): 0 -> 1
Cell (virus_2913388,host_138979): 0 -> 1
Cell (virus_2913388,host_155915): 0 -> 1
Cell (virus_2913388,host_225400): 0 -> 1
Cell (virus_2913388,host_155035): 0 -> 1
Cell (virus_2913388,host_258925): 0 -> 1
Cell (virus_2913388,host_177185): 0 -> 1
Cell (virus_2913388,host_187017): 0 -> 1
Cell (virus_2913388,host_110941): 0 -> 1
Cell (virus_2913388,host_2603869): 0 -> 1
Cell (virus_2913388,host_188568): 0 -> 1
Cell (virus_2913388,host_1207989): 0 -> 1
Cell (virus_2913388,host_188569): 0 -> 1
Cell (virus_2913388,host_59453): 0 -> 1
Cell (virus_2913388,host_175524): 0 -> 1
Cell (virus_2913388,host_186990): 0 -> 1
Cell (virus_2913388,host_270698): 0 -> 1
Cell (virus_2913388,host_334201): 0 -> 1
Cell (virus_2913388,host_249020): 0 -> 1
Cell (virus_2913388,host_584995): 0 -> 1
Cell (virus_2913388,host_463808): 0 -> 1
Cell (virus_2913388,host_58069): 0 -> 1
Cell (virus_2913388,host_376555): 0 -> 1
Cell (virus_2913388,host_169756): 0 -> 1
Cell (virus_2913388,host_188570): 0 -> 1
Cell (virus_2913388,host_196296): 0 -> 1
Cell (virus_2913388,host_320431): 0 -> 1
Cell (virus_2913388,host_476589): 0 -> 1
Cell (virus_2913388,host_188571): 0 -> 1
Cell (virus_2913388,host_249024): 0 -> 1
Cell (virus_2913388,host_2603865): 0 -> 1
Cell (virus_2913388,host_2603866): 0 -> 1
Cell (virus_2913388,host_519041): 0 -> 1
Cell (virus_2913388,host_302408): 0 -> 1
Cell (virus_2913388,host_59479): 0 -> 1
Cell (virus_2913388,host_519037): 0 -> 1
Cell (virus_2913388,host_337453): 0 -> 1
Cell (virus_2913388,host_430492): 0 -> 1
Cell (virus_2913388,host_77218): 0 -> 1
Cell (virus_2913388,host_1195082): 0 -> 1
Cell (virus_2913388,host_549403): 0 -> 1
Cell (virus_2913388,host_124756): 0 -> 1
Cell (virus_2913388,host_328804): 0 -> 1
Cell (virus_2913388,host_9403): 0 -> 1
Cell (virus_2913388,host_58063): 0 -> 1
Cell (virus_2913388,host_1898386): 0 -> 1
Cell (virus_2913388,host_298110): 0 -> 1
Cell (virus_2913388,host_77233): 0 -> 1
Cell (virus_2913388,host_374419): 0 -> 1
Cell (virus_2913388,host_326081): 0 -> 1
Cell (virus_2913388,host_326151): 0 -> 1
Cell (virus_2913388,host_326083): 0 -> 1
Cell (virus_2913388,host_1381355): 0 -> 1
Cell (virus_2913388,host_187003): 0 -> 1
Cell (virus_2913388,host_907075): 0 -> 1
Cell (virus_2913388,host_59476): 0 -> 1
Cell (virus_2913388,host_177160): 0 -> 1
Cell (virus_2913388,host_177162): 0 -> 1
Cell (virus_2913388,host_2994998): 0 -> 1
Cell (virus_2913388,host_3042450): 0 -> 1
Cell (virus_2913388,host_59472): 0 -> 1
Cell (virus_2913388,host_9414): 0 -> 1
Cell (virus_2913388,host_1434095): 0 -> 1
Cell (virus_2913388,host_291302): 0 -> 1
Cell (virus_2913388,host_221087): 0 -> 1
Cell (virus_2913388,host_187007): 0 -> 1
Cell (virus_2913388,host_187008): 0 -> 1
Cell (virus_2913388,host_258934): 0 -> 1
Cell (virus_2913388,host_479723): 0 -> 1
Cell (virus_2913388,host_124751): 0 -> 1
Cell (virus_2913388,host_3041509): 0 -> 1
Cell (virus_2913388,host_2218597): 0 -> 1
Cell (virus_2913388,host_258867): 0 -> 1
Cell (virus_2913388,host_242384): 0 -> 1
Cell (virus_2913388,host_258863): 0 -> 1
Cell (virus_2913388,host_452595): 0 -> 1
Cell (virus_2913388,host_9438): 0 -> 1
Cell (virus_2913388,host_153297): 0 -> 1
Cell (virus_2913388,host_258952): 0 -> 1
Cell (virus_2913388,host_249033): 0 -> 1
Cell (virus_2913388,host_258930): 0 -> 1
Cell (virus_2913388,host_61862): 0 -> 1
Cell (virus_2913388,host_109485): 0 -> 1
Cell (virus_2913388,host_59474): 0 -> 1
Cell (virus_2913388,host_999321): 0 -> 1
Cell (virus_2913388,host_143942): 0 -> 1
Cell (virus_2913388,host_2491053): 0 -> 1
Cell (virus_2913388,host_258959): 0 -> 1
Cell (virus_2913388,host_526822): 0 -> 1
Cell (virus_3433756,host_105273): 0 -> 1
Cell (virus_3433756,host_109478): 0 -> 1
Cell (virus_3433756,host_9435): 0 -> 1
Cell (virus_3433756,host_59463): 0 -> 1
Cell (virus_3433756,host_109480): 0 -> 1
Cell (virus_3433756,host_1633875): 0 -> 1
Cell (virus_3433756,host_519446): 0 -> 1
Cell (virus_3433756,host_2528591): 0 -> 1
Cell (virus_3433756,host_109482): 0 -> 1
Cell (virus_3433756,host_51298): 0 -> 1
Cell (virus_3433756,host_203696): 0 -> 1
Cell (virus_3433756,host_452653): 0 -> 1
Cell (virus_3433756,host_138979): 0 -> 1
Cell (virus_3433756,host_155915): 0 -> 1
Cell (virus_3433756,host_225400): 0 -> 1
Cell (virus_3433756,host_155035): 0 -> 1
Cell (virus_3433756,host_258925): 0 -> 1
Cell (virus_3433756,host_177185): 0 -> 1
Cell (virus_3433756,host_187017): 0 -> 1
Cell (virus_3433756,host_110941): 0 -> 1
Cell (virus_3433756,host_2603869): 0 -> 1
Cell (virus_3433756,host_188568): 0 -> 1
Cell (virus_3433756,host_1207989): 0 -> 1
Cell (virus_3433756,host_188569): 0 -> 1
Cell (virus_3433756,host_59453): 0 -> 1
Cell (virus_3433756,host_175524): 0 -> 1
Cell (virus_3433756,host_186990): 0 -> 1
Cell (virus_3433756,host_270698): 0 -> 1
Cell (virus_3433756,host_334201): 0 -> 1
Cell (virus_3433756,host_249020): 0 -> 1
Cell (virus_3433756,host_584995): 0 -> 1
Cell (virus_3433756,host_463808): 0 -> 1
Cell (virus_3433756,host_58069): 0 -> 1
Cell (virus_3433756,host_376555): 0 -> 1
Cell (virus_3433756,host_169756): 0 -> 1
Cell (virus_3433756,host_188570): 0 -> 1
Cell (virus_3433756,host_196296): 0 -> 1
Cell (virus_3433756,host_320431): 0 -> 1
Cell (virus_3433756,host_476589): 0 -> 1
Cell (virus_3433756,host_188571): 0 -> 1
Cell (virus_3433756,host_249024): 0 -> 1
Cell (virus_3433756,host_2603865): 0 -> 1
Cell (virus_3433756,host_2603866): 0 -> 1
Cell (virus_3433756,host_519041): 0 -> 1
Cell (virus_3433756,host_302408): 0 -> 1
Cell (virus_3433756,host_59479): 0 -> 1
Cell (virus_3433756,host_519037): 0 -> 1
Cell (virus_3433756,host_337453): 0 -> 1
Cell (virus_3433756,host_430492): 0 -> 1
Cell (virus_3433756,host_77218): 0 -> 1
Cell (virus_3433756,host_1195082): 0 -> 1
Cell (virus_3433756,host_549403): 0 -> 1
Cell (virus_3433756,host_124756): 0 -> 1
Cell (virus_3433756,host_385575): 0 -> 1
Cell (virus_3433756,host_328804): 0 -> 1
Cell (virus_3433756,host_9403): 0 -> 1
Cell (virus_3433756,host_58063): 0 -> 1
Cell (virus_3433756,host_1898386): 0 -> 1
Cell (virus_3433756,host_298110): 0 -> 1
Cell (virus_3433756,host_77233): 0 -> 1
Cell (virus_3433756,host_374419): 0 -> 1
Cell (virus_3433756,host_326081): 0 -> 1
Cell (virus_3433756,host_326151): 0 -> 1
Cell (virus_3433756,host_326083): 0 -> 1
Cell (virus_3433756,host_1381355): 0 -> 1
Cell (virus_3433756,host_187003): 0 -> 1
Cell (virus_3433756,host_907075): 0 -> 1
Cell (virus_3433756,host_59476): 0 -> 1
Cell (virus_3433756,host_177160): 0 -> 1
Cell (virus_3433756,host_2994998): 0 -> 1
Cell (virus_3433756,host_3042450): 0 -> 1
Cell (virus_3433756,host_59472): 0 -> 1
Cell (virus_3433756,host_9414): 0 -> 1
Cell (virus_3433756,host_1434095): 0 -> 1
Cell (virus_3433756,host_291302): 0 -> 1
Cell (virus_3433756,host_221087): 0 -> 1
Cell (virus_3433756,host_187007): 0 -> 1
Cell (virus_3433756,host_187008): 0 -> 1
Cell (virus_3433756,host_258934): 0 -> 1
Cell (virus_3433756,host_479723): 0 -> 1
Cell (virus_3433756,host_124751): 0 -> 1
Cell (virus_3433756,host_3041509): 0 -> 1
Cell (virus_3433756,host_2218597): 0 -> 1
Cell (virus_3433756,host_258867): 0 -> 1
Cell (virus_3433756,host_242384): 0 -> 1
Cell (virus_3433756,host_258863): 0 -> 1
Cell (virus_3433756,host_452595): 0 -> 1
Cell (virus_3433756,host_9438): 0 -> 1
Cell (virus_3433756,host_153297): 0 -> 1
Cell (virus_3433756,host_258952): 0 -> 1
Cell (virus_3433756,host_249033): 0 -> 1
Cell (virus_3433756,host_258930): 0 -> 1
Cell (virus_3433756,host_61862): 0 -> 1
Cell (virus_3433756,host_109485): 0 -> 1
Cell (virus_3433756,host_59474): 0 -> 1
Cell (virus_3433756,host_999321): 0 -> 1
Cell (virus_3433756,host_143942): 0 -> 1
Cell (virus_3433756,host_2491053): 0 -> 1
Cell (virus_3433756,host_258959): 0 -> 1
Cell (virus_3433756,host_526822): 0 -> 1
Metrics: {'precision': 0.5497754491017964, 'recall': 0.533083343413572, 'f1': 0.5413007431063072, 'TP': 4407, 'FP': 3609, 'FN': 3860}
[Elbow detection] flip ≈ 5465, λ ≈ 0.7755102040816326
Number of flips performed (elbow): 5465
Cell (virus_11137,host_105273): 0 -> 1
Cell (virus_11137,host_109478): 0 -> 1
Cell (virus_11137,host_9435): 0 -> 1
Cell (virus_11137,host_59463): 0 -> 1
Cell (virus_11137,host_109480): 0 -> 1
Cell (virus_11137,host_1633875): 0 -> 1
Cell (virus_11137,host_519446): 0 -> 1
Cell (virus_11137,host_2528591): 0 -> 1
Cell (virus_11137,host_109482): 0 -> 1
Cell (virus_11137,host_51298): 0 -> 1
Cell (virus_11137,host_203696): 0 -> 1
Cell (virus_11137,host_452653): 0 -> 1
Cell (virus_11137,host_138979): 0 -> 1
Cell (virus_11137,host_155915): 0 -> 1
Cell (virus_11137,host_225400): 0 -> 1
Cell (virus_11137,host_155035): 0 -> 1
Cell (virus_11137,host_258925): 0 -> 1
Cell (virus_11137,host_177185): 0 -> 1
Cell (virus_11137,host_187017): 0 -> 1
Cell (virus_11137,host_270698): 0 -> 1
Cell (virus_11137,host_334201): 0 -> 1
Cell (virus_11137,host_249020): 0 -> 1
Cell (virus_11137,host_584995): 0 -> 1
Cell (virus_11137,host_463808): 0 -> 1
Cell (virus_11137,host_58069): 0 -> 1
Cell (virus_11137,host_59479): 0 -> 1
Cell (virus_11137,host_1898386): 0 -> 1
Cell (virus_11137,host_59476): 0 -> 1
Cell (virus_11137,host_177160): 0 -> 1
Cell (virus_11137,host_2994998): 0 -> 1
Cell (virus_11137,host_3042450): 0 -> 1
Cell (virus_11137,host_59472): 0 -> 1
Cell (virus_11137,host_9414): 0 -> 1
Cell (virus_11137,host_1434095): 0 -> 1
Cell (virus_11137,host_291302): 0 -> 1
Cell (virus_11137,host_221087): 0 -> 1
Cell (virus_11137,host_187007): 0 -> 1
Cell (virus_11137,host_187008): 0 -> 1
Cell (virus_11137,host_258934): 0 -> 1
Cell (virus_11137,host_479723): 0 -> 1
Cell (virus_11137,host_124751): 0 -> 1
Cell (virus_11137,host_3041509): 0 -> 1
Cell (virus_11137,host_2218597): 0 -> 1
Cell (virus_11137,host_258867): 0 -> 1
Cell (virus_11137,host_242384): 0 -> 1
Cell (virus_11137,host_258863): 0 -> 1
Cell (virus_11137,host_452595): 0 -> 1
Cell (virus_11137,host_9438): 0 -> 1
Cell (virus_11137,host_153297): 0 -> 1
Cell (virus_11137,host_258952): 0 -> 1
Cell (virus_11137,host_249033): 0 -> 1
Cell (virus_11137,host_258930): 0 -> 1
Cell (virus_11137,host_61862): 0 -> 1
Cell (virus_11137,host_109485): 0 -> 1
Cell (virus_11137,host_59474): 0 -> 1
Cell (virus_11137,host_999321): 0 -> 1
Cell (virus_11137,host_143942): 0 -> 1
Cell (virus_11137,host_2491053): 0 -> 1
Cell (virus_11137,host_258959): 0 -> 1
Cell (virus_11137,host_526822): 0 -> 1
Cell (virus_1244203,host_105273): 0 -> 1
Cell (virus_1244203,host_109478): 0 -> 1
Cell (virus_1244203,host_9435): 0 -> 1
Cell (virus_1244203,host_59463): 0 -> 1
Cell (virus_1244203,host_109480): 0 -> 1
Cell (virus_1244203,host_1633875): 0 -> 1
Cell (virus_1244203,host_519446): 0 -> 1
Cell (virus_1244203,host_2528591): 0 -> 1
Cell (virus_1244203,host_109482): 0 -> 1
Cell (virus_1244203,host_51298): 0 -> 1
Cell (virus_1244203,host_1911917): 0 -> 1
Cell (virus_1244203,host_203696): 0 -> 1
Cell (virus_1244203,host_452653): 0 -> 1
Cell (virus_1244203,host_138979): 0 -> 1
Cell (virus_1244203,host_155915): 0 -> 1
Cell (virus_1244203,host_225400): 0 -> 1
Cell (virus_1244203,host_155035): 0 -> 1
Cell (virus_1244203,host_258925): 0 -> 1
Cell (virus_1244203,host_177185): 0 -> 1
Cell (virus_1244203,host_187017): 0 -> 1
Cell (virus_1244203,host_270698): 0 -> 1
Cell (virus_1244203,host_334201): 0 -> 1
Cell (virus_1244203,host_249020): 0 -> 1
Cell (virus_1244203,host_584995): 0 -> 1
Cell (virus_1244203,host_463808): 0 -> 1
Cell (virus_1244203,host_58069): 0 -> 1
Cell (virus_1244203,host_59476): 0 -> 1
Cell (virus_1244203,host_177160): 0 -> 1
Cell (virus_1244203,host_2994998): 0 -> 1
Cell (virus_1244203,host_3042450): 0 -> 1
Cell (virus_1244203,host_59472): 0 -> 1
Cell (virus_1244203,host_9414): 0 -> 1
Cell (virus_1244203,host_1434095): 0 -> 1
Cell (virus_1244203,host_291302): 0 -> 1
Cell (virus_1244203,host_221087): 0 -> 1
Cell (virus_1244203,host_187007): 0 -> 1
Cell (virus_1244203,host_187008): 0 -> 1
Cell (virus_1244203,host_258934): 0 -> 1
Cell (virus_1244203,host_479723): 0 -> 1
Cell (virus_1244203,host_3041509): 0 -> 1
Cell (virus_1244203,host_2218597): 0 -> 1
Cell (virus_1244203,host_258867): 0 -> 1
Cell (virus_1244203,host_242384): 0 -> 1
Cell (virus_1244203,host_258863): 0 -> 1
Cell (virus_1244203,host_452595): 0 -> 1
Cell (virus_1244203,host_9438): 0 -> 1
Cell (virus_1244203,host_153297): 0 -> 1
Cell (virus_1244203,host_258952): 0 -> 1
Cell (virus_1244203,host_249033): 0 -> 1
Cell (virus_1244203,host_258930): 0 -> 1
Cell (virus_1244203,host_61862): 0 -> 1
Cell (virus_1244203,host_109485): 0 -> 1
Cell (virus_1244203,host_59474): 0 -> 1
Cell (virus_1244203,host_999321): 0 -> 1
Cell (virus_1244203,host_143942): 0 -> 1
Cell (virus_1244203,host_2491053): 0 -> 1
Cell (virus_1244203,host_110938): 0 -> 1
Cell (virus_1244203,host_258959): 0 -> 1
Cell (virus_1244203,host_526822): 0 -> 1
Cell (virus_1244203,host_59485): 0 -> 1
Cell (virus_3433754,host_105273): 0 -> 1
Cell (virus_3433754,host_109478): 0 -> 1
Cell (virus_3433754,host_9435): 0 -> 1
Cell (virus_3433754,host_59463): 0 -> 1
Cell (virus_3433754,host_109480): 0 -> 1
Cell (virus_3433754,host_1633875): 0 -> 1
Cell (virus_3433754,host_519446): 0 -> 1
Cell (virus_3433754,host_2528591): 0 -> 1
Cell (virus_3433754,host_109482): 0 -> 1
Cell (virus_3433754,host_51298): 0 -> 1
Cell (virus_3433754,host_1911917): 0 -> 1
Cell (virus_3433754,host_203696): 0 -> 1
Cell (virus_3433754,host_452653): 0 -> 1
Cell (virus_3433754,host_138979): 0 -> 1
Cell (virus_3433754,host_155915): 0 -> 1
Cell (virus_3433754,host_225400): 0 -> 1
Cell (virus_3433754,host_155035): 0 -> 1
Cell (virus_3433754,host_258925): 0 -> 1
Cell (virus_3433754,host_177185): 0 -> 1
Cell (virus_3433754,host_187017): 0 -> 1
Cell (virus_3433754,host_270698): 0 -> 1
Cell (virus_3433754,host_334201): 0 -> 1
Cell (virus_3433754,host_249020): 0 -> 1
Cell (virus_3433754,host_584995): 0 -> 1
Cell (virus_3433754,host_463808): 0 -> 1
Cell (virus_3433754,host_58069): 0 -> 1
Cell (virus_3433754,host_59476): 0 -> 1
Cell (virus_3433754,host_177160): 0 -> 1
Cell (virus_3433754,host_2994998): 0 -> 1
Cell (virus_3433754,host_3042450): 0 -> 1
Cell (virus_3433754,host_59472): 0 -> 1
Cell (virus_3433754,host_9414): 0 -> 1
Cell (virus_3433754,host_1434095): 0 -> 1
Cell (virus_3433754,host_291302): 0 -> 1
Cell (virus_3433754,host_221087): 0 -> 1
Cell (virus_3433754,host_187007): 0 -> 1
Cell (virus_3433754,host_187008): 0 -> 1
Cell (virus_3433754,host_258934): 0 -> 1
Cell (virus_3433754,host_479723): 0 -> 1
Cell (virus_3433754,host_3041509): 0 -> 1
Cell (virus_3433754,host_2218597): 0 -> 1
Cell (virus_3433754,host_258867): 0 -> 1
Cell (virus_3433754,host_242384): 0 -> 1
Cell (virus_3433754,host_258863): 0 -> 1
Cell (virus_3433754,host_452595): 0 -> 1
Cell (virus_3433754,host_9438): 0 -> 1
Cell (virus_3433754,host_153297): 0 -> 1
Cell (virus_3433754,host_258952): 0 -> 1
Cell (virus_3433754,host_249033): 0 -> 1
Cell (virus_3433754,host_258930): 0 -> 1
Cell (virus_3433754,host_61862): 0 -> 1
Cell (virus_3433754,host_109485): 0 -> 1
Cell (virus_3433754,host_59474): 0 -> 1
Cell (virus_3433754,host_999321): 0 -> 1
Cell (virus_3433754,host_143942): 0 -> 1
Cell (virus_3433754,host_2491053): 0 -> 1
Cell (virus_3433754,host_110938): 0 -> 1
Cell (virus_3433754,host_258959): 0 -> 1
Cell (virus_3433754,host_526822): 0 -> 1
Cell (virus_3433754,host_59485): 0 -> 1
Cell (virus_3433753,host_105273): 0 -> 1
Cell (virus_3433753,host_109478): 0 -> 1
Cell (virus_3433753,host_9435): 0 -> 1
Cell (virus_3433753,host_59463): 0 -> 1
Cell (virus_3433753,host_109480): 0 -> 1
Cell (virus_3433753,host_1633875): 0 -> 1
Cell (virus_3433753,host_519446): 0 -> 1
Cell (virus_3433753,host_2528591): 0 -> 1
Cell (virus_3433753,host_109482): 0 -> 1
Cell (virus_3433753,host_51298): 0 -> 1
Cell (virus_3433753,host_1911917): 0 -> 1
Cell (virus_3433753,host_203696): 0 -> 1
Cell (virus_3433753,host_452653): 0 -> 1
Cell (virus_3433753,host_138979): 0 -> 1
Cell (virus_3433753,host_155915): 0 -> 1
Cell (virus_3433753,host_225400): 0 -> 1
Cell (virus_3433753,host_155035): 0 -> 1
Cell (virus_3433753,host_258925): 0 -> 1
Cell (virus_3433753,host_177185): 0 -> 1
Cell (virus_3433753,host_187017): 0 -> 1
Cell (virus_3433753,host_270698): 0 -> 1
Cell (virus_3433753,host_334201): 0 -> 1
Cell (virus_3433753,host_249020): 0 -> 1
Cell (virus_3433753,host_584995): 0 -> 1
Cell (virus_3433753,host_463808): 0 -> 1
Cell (virus_3433753,host_58069): 0 -> 1
Cell (virus_3433753,host_59476): 0 -> 1
Cell (virus_3433753,host_177160): 0 -> 1
Cell (virus_3433753,host_2994998): 0 -> 1
Cell (virus_3433753,host_3042450): 0 -> 1
Cell (virus_3433753,host_59472): 0 -> 1
Cell (virus_3433753,host_9414): 0 -> 1
Cell (virus_3433753,host_1434095): 0 -> 1
Cell (virus_3433753,host_291302): 0 -> 1
Cell (virus_3433753,host_221087): 0 -> 1
Cell (virus_3433753,host_187007): 0 -> 1
Cell (virus_3433753,host_187008): 0 -> 1
Cell (virus_3433753,host_258934): 0 -> 1
Cell (virus_3433753,host_479723): 0 -> 1
Cell (virus_3433753,host_3041509): 0 -> 1
Cell (virus_3433753,host_2218597): 0 -> 1
Cell (virus_3433753,host_258867): 0 -> 1
Cell (virus_3433753,host_242384): 0 -> 1
Cell (virus_3433753,host_258863): 0 -> 1
Cell (virus_3433753,host_452595): 0 -> 1
Cell (virus_3433753,host_9438): 0 -> 1
Cell (virus_3433753,host_153297): 0 -> 1
Cell (virus_3433753,host_258952): 0 -> 1
Cell (virus_3433753,host_249033): 0 -> 1
Cell (virus_3433753,host_258930): 0 -> 1
Cell (virus_3433753,host_61862): 0 -> 1
Cell (virus_3433753,host_109485): 0 -> 1
Cell (virus_3433753,host_59474): 0 -> 1
Cell (virus_3433753,host_999321): 0 -> 1
Cell (virus_3433753,host_143942): 0 -> 1
Cell (virus_3433753,host_2491053): 0 -> 1
Cell (virus_3433753,host_110938): 0 -> 1
Cell (virus_3433753,host_258959): 0 -> 1
Cell (virus_3433753,host_526822): 0 -> 1
Cell (virus_3433753,host_59485): 0 -> 1
Cell (virus_3119326,host_105273): 0 -> 1
Cell (virus_3119326,host_109478): 0 -> 1
Cell (virus_3119326,host_9435): 0 -> 1
Cell (virus_3119326,host_59463): 0 -> 1
Cell (virus_3119326,host_109480): 0 -> 1
Cell (virus_3119326,host_1633875): 0 -> 1
Cell (virus_3119326,host_519446): 0 -> 1
Cell (virus_3119326,host_2528591): 0 -> 1
Cell (virus_3119326,host_109482): 0 -> 1
Cell (virus_3119326,host_51298): 0 -> 1
Cell (virus_3119326,host_1911917): 0 -> 1
Cell (virus_3119326,host_203696): 0 -> 1
Cell (virus_3119326,host_452653): 0 -> 1
Cell (virus_3119326,host_138979): 0 -> 1
Cell (virus_3119326,host_155915): 0 -> 1
Cell (virus_3119326,host_225400): 0 -> 1
Cell (virus_3119326,host_155035): 0 -> 1
Cell (virus_3119326,host_258925): 0 -> 1
Cell (virus_3119326,host_177185): 0 -> 1
Cell (virus_3119326,host_187017): 0 -> 1
Cell (virus_3119326,host_270698): 0 -> 1
Cell (virus_3119326,host_334201): 0 -> 1
Cell (virus_3119326,host_249020): 0 -> 1
Cell (virus_3119326,host_584995): 0 -> 1
Cell (virus_3119326,host_463808): 0 -> 1
Cell (virus_3119326,host_58069): 0 -> 1
Cell (virus_3119326,host_59476): 0 -> 1
Cell (virus_3119326,host_177160): 0 -> 1
Cell (virus_3119326,host_2994998): 0 -> 1
Cell (virus_3119326,host_3042450): 0 -> 1
Cell (virus_3119326,host_59472): 0 -> 1
Cell (virus_3119326,host_9414): 0 -> 1
Cell (virus_3119326,host_1434095): 0 -> 1
Cell (virus_3119326,host_291302): 0 -> 1
Cell (virus_3119326,host_221087): 0 -> 1
Cell (virus_3119326,host_187007): 0 -> 1
Cell (virus_3119326,host_187008): 0 -> 1
Cell (virus_3119326,host_258934): 0 -> 1
Cell (virus_3119326,host_479723): 0 -> 1
Cell (virus_3119326,host_3041509): 0 -> 1
Cell (virus_3119326,host_2218597): 0 -> 1
Cell (virus_3119326,host_258867): 0 -> 1
Cell (virus_3119326,host_242384): 0 -> 1
Cell (virus_3119326,host_258863): 0 -> 1
Cell (virus_3119326,host_452595): 0 -> 1
Cell (virus_3119326,host_9438): 0 -> 1
Cell (virus_3119326,host_153297): 0 -> 1
Cell (virus_3119326,host_258952): 0 -> 1
Cell (virus_3119326,host_249033): 0 -> 1
Cell (virus_3119326,host_258930): 0 -> 1
Cell (virus_3119326,host_61862): 0 -> 1
Cell (virus_3119326,host_109485): 0 -> 1
Cell (virus_3119326,host_59474): 0 -> 1
Cell (virus_3119326,host_999321): 0 -> 1
Cell (virus_3119326,host_143942): 0 -> 1
Cell (virus_3119326,host_2491053): 0 -> 1
Cell (virus_3119326,host_110938): 0 -> 1
Cell (virus_3119326,host_258959): 0 -> 1
Cell (virus_3119326,host_526822): 0 -> 1
Cell (virus_3119326,host_59485): 0 -> 1
Cell (virus_3433752,host_105273): 0 -> 1
Cell (virus_3433752,host_109478): 0 -> 1
Cell (virus_3433752,host_9435): 0 -> 1
Cell (virus_3433752,host_59463): 0 -> 1
Cell (virus_3433752,host_109480): 0 -> 1
Cell (virus_3433752,host_1633875): 0 -> 1
Cell (virus_3433752,host_519446): 0 -> 1
Cell (virus_3433752,host_2528591): 0 -> 1
Cell (virus_3433752,host_109482): 0 -> 1
Cell (virus_3433752,host_51298): 0 -> 1
Cell (virus_3433752,host_1911917): 0 -> 1
Cell (virus_3433752,host_203696): 0 -> 1
Cell (virus_3433752,host_452653): 0 -> 1
Cell (virus_3433752,host_138979): 0 -> 1
Cell (virus_3433752,host_155915): 0 -> 1
Cell (virus_3433752,host_225400): 0 -> 1
Cell (virus_3433752,host_155035): 0 -> 1
Cell (virus_3433752,host_258925): 0 -> 1
Cell (virus_3433752,host_177185): 0 -> 1
Cell (virus_3433752,host_187017): 0 -> 1
Cell (virus_3433752,host_270698): 0 -> 1
Cell (virus_3433752,host_334201): 0 -> 1
Cell (virus_3433752,host_249020): 0 -> 1
Cell (virus_3433752,host_584995): 0 -> 1
Cell (virus_3433752,host_463808): 0 -> 1
Cell (virus_3433752,host_58069): 0 -> 1
Cell (virus_3433752,host_59476): 0 -> 1
Cell (virus_3433752,host_177160): 0 -> 1
Cell (virus_3433752,host_2994998): 0 -> 1
Cell (virus_3433752,host_3042450): 0 -> 1
Cell (virus_3433752,host_59472): 0 -> 1
Cell (virus_3433752,host_9414): 0 -> 1
Cell (virus_3433752,host_1434095): 0 -> 1
Cell (virus_3433752,host_291302): 0 -> 1
Cell (virus_3433752,host_221087): 0 -> 1
Cell (virus_3433752,host_187007): 0 -> 1
Cell (virus_3433752,host_187008): 0 -> 1
Cell (virus_3433752,host_258934): 0 -> 1
Cell (virus_3433752,host_479723): 0 -> 1
Cell (virus_3433752,host_3041509): 0 -> 1
Cell (virus_3433752,host_2218597): 0 -> 1
Cell (virus_3433752,host_258867): 0 -> 1
Cell (virus_3433752,host_242384): 0 -> 1
Cell (virus_3433752,host_258863): 0 -> 1
Cell (virus_3433752,host_452595): 0 -> 1
Cell (virus_3433752,host_9438): 0 -> 1
Cell (virus_3433752,host_153297): 0 -> 1
Cell (virus_3433752,host_258952): 0 -> 1
Cell (virus_3433752,host_249033): 0 -> 1
Cell (virus_3433752,host_258930): 0 -> 1
Cell (virus_3433752,host_61862): 0 -> 1
Cell (virus_3433752,host_109485): 0 -> 1
Cell (virus_3433752,host_59474): 0 -> 1
Cell (virus_3433752,host_999321): 0 -> 1
Cell (virus_3433752,host_143942): 0 -> 1
Cell (virus_3433752,host_2491053): 0 -> 1
Cell (virus_3433752,host_110938): 0 -> 1
Cell (virus_3433752,host_258959): 0 -> 1
Cell (virus_3433752,host_526822): 0 -> 1
Cell (virus_3433752,host_59485): 0 -> 1
Cell (virus_1906673,host_105273): 0 -> 1
Cell (virus_1906673,host_258946): 0 -> 1
Cell (virus_1906673,host_109478): 0 -> 1
Cell (virus_1906673,host_9435): 0 -> 1
Cell (virus_1906673,host_59463): 0 -> 1
Cell (virus_1906673,host_109480): 0 -> 1
Cell (virus_1906673,host_1633875): 0 -> 1
Cell (virus_1906673,host_519446): 0 -> 1
Cell (virus_1906673,host_109482): 0 -> 1
Cell (virus_1906673,host_51298): 0 -> 1
Cell (virus_1906673,host_1911917): 0 -> 1
Cell (virus_1906673,host_203696): 0 -> 1
Cell (virus_1906673,host_452653): 0 -> 1
Cell (virus_1906673,host_138979): 0 -> 1
Cell (virus_1906673,host_155915): 0 -> 1
Cell (virus_1906673,host_225400): 0 -> 1
Cell (virus_1906673,host_155035): 0 -> 1
Cell (virus_1906673,host_258925): 0 -> 1
Cell (virus_1906673,host_177185): 0 -> 1
Cell (virus_1906673,host_187017): 0 -> 1
Cell (virus_1906673,host_270698): 0 -> 1
Cell (virus_1906673,host_334201): 0 -> 1
Cell (virus_1906673,host_249020): 0 -> 1
Cell (virus_1906673,host_584995): 0 -> 1
Cell (virus_1906673,host_463808): 0 -> 1
Cell (virus_1906673,host_58069): 0 -> 1
Cell (virus_1906673,host_59479): 0 -> 1
Cell (virus_1906673,host_59476): 0 -> 1
Cell (virus_1906673,host_177160): 0 -> 1
Cell (virus_1906673,host_2994998): 0 -> 1
Cell (virus_1906673,host_3042450): 0 -> 1
Cell (virus_1906673,host_59472): 0 -> 1
Cell (virus_1906673,host_9414): 0 -> 1
Cell (virus_1906673,host_1434095): 0 -> 1
Cell (virus_1906673,host_221087): 0 -> 1
Cell (virus_1906673,host_187007): 0 -> 1
Cell (virus_1906673,host_9433): 0 -> 1
Cell (virus_1906673,host_187008): 0 -> 1
Cell (virus_1906673,host_258934): 0 -> 1
Cell (virus_1906673,host_479723): 0 -> 1
Cell (virus_1906673,host_3041509): 0 -> 1
Cell (virus_1906673,host_2218597): 0 -> 1
Cell (virus_1906673,host_258867): 0 -> 1
Cell (virus_1906673,host_242384): 0 -> 1
Cell (virus_1906673,host_258863): 0 -> 1
Cell (virus_1906673,host_452595): 0 -> 1
Cell (virus_1906673,host_9438): 0 -> 1
Cell (virus_1906673,host_153297): 0 -> 1
Cell (virus_1906673,host_258952): 0 -> 1
Cell (virus_1906673,host_249033): 0 -> 1
Cell (virus_1906673,host_258930): 0 -> 1
Cell (virus_1906673,host_61862): 0 -> 1
Cell (virus_1906673,host_109485): 0 -> 1
Cell (virus_1906673,host_59474): 0 -> 1
Cell (virus_1906673,host_999321): 0 -> 1
Cell (virus_1906673,host_143942): 0 -> 1
Cell (virus_1906673,host_2491053): 0 -> 1
Cell (virus_1906673,host_110938): 0 -> 1
Cell (virus_1906673,host_258959): 0 -> 1
Cell (virus_1906673,host_526822): 0 -> 1
Cell (virus_3433785,host_105273): 0 -> 1
Cell (virus_3433785,host_258946): 0 -> 1
Cell (virus_3433785,host_109478): 0 -> 1
Cell (virus_3433785,host_9435): 0 -> 1
Cell (virus_3433785,host_59463): 0 -> 1
Cell (virus_3433785,host_109480): 0 -> 1
Cell (virus_3433785,host_1633875): 0 -> 1
Cell (virus_3433785,host_519446): 0 -> 1
Cell (virus_3433785,host_109482): 0 -> 1
Cell (virus_3433785,host_51298): 0 -> 1
Cell (virus_3433785,host_1911917): 0 -> 1
Cell (virus_3433785,host_203696): 0 -> 1
Cell (virus_3433785,host_452653): 0 -> 1
Cell (virus_3433785,host_138979): 0 -> 1
Cell (virus_3433785,host_155915): 0 -> 1
Cell (virus_3433785,host_225400): 0 -> 1
Cell (virus_3433785,host_155035): 0 -> 1
Cell (virus_3433785,host_258925): 0 -> 1
Cell (virus_3433785,host_177185): 0 -> 1
Cell (virus_3433785,host_187017): 0 -> 1
Cell (virus_3433785,host_270698): 0 -> 1
Cell (virus_3433785,host_334201): 0 -> 1
Cell (virus_3433785,host_249020): 0 -> 1
Cell (virus_3433785,host_584995): 0 -> 1
Cell (virus_3433785,host_463808): 0 -> 1
Cell (virus_3433785,host_58069): 0 -> 1
Cell (virus_3433785,host_59479): 0 -> 1
Cell (virus_3433785,host_59476): 0 -> 1
Cell (virus_3433785,host_177160): 0 -> 1
Cell (virus_3433785,host_2994998): 0 -> 1
Cell (virus_3433785,host_3042450): 0 -> 1
Cell (virus_3433785,host_59472): 0 -> 1
Cell (virus_3433785,host_9414): 0 -> 1
Cell (virus_3433785,host_1434095): 0 -> 1
Cell (virus_3433785,host_221087): 0 -> 1
Cell (virus_3433785,host_187007): 0 -> 1
Cell (virus_3433785,host_9433): 0 -> 1
Cell (virus_3433785,host_187008): 0 -> 1
Cell (virus_3433785,host_258934): 0 -> 1
Cell (virus_3433785,host_479723): 0 -> 1
Cell (virus_3433785,host_3041509): 0 -> 1
Cell (virus_3433785,host_2218597): 0 -> 1
Cell (virus_3433785,host_258867): 0 -> 1
Cell (virus_3433785,host_242384): 0 -> 1
Cell (virus_3433785,host_258863): 0 -> 1
Cell (virus_3433785,host_452595): 0 -> 1
Cell (virus_3433785,host_9438): 0 -> 1
Cell (virus_3433785,host_153297): 0 -> 1
Cell (virus_3433785,host_258952): 0 -> 1
Cell (virus_3433785,host_249033): 0 -> 1
Cell (virus_3433785,host_258930): 0 -> 1
Cell (virus_3433785,host_61862): 0 -> 1
Cell (virus_3433785,host_109485): 0 -> 1
Cell (virus_3433785,host_59474): 0 -> 1
Cell (virus_3433785,host_999321): 0 -> 1
Cell (virus_3433785,host_143942): 0 -> 1
Cell (virus_3433785,host_2491053): 0 -> 1
Cell (virus_3433785,host_110938): 0 -> 1
Cell (virus_3433785,host_258959): 0 -> 1
Cell (virus_3433785,host_526822): 0 -> 1
Cell (virus_2971263,host_105273): 0 -> 1
Cell (virus_2971263,host_258946): 0 -> 1
Cell (virus_2971263,host_109478): 0 -> 1
Cell (virus_2971263,host_9435): 0 -> 1
Cell (virus_2971263,host_59463): 0 -> 1
Cell (virus_2971263,host_109480): 0 -> 1
Cell (virus_2971263,host_1633875): 0 -> 1
Cell (virus_2971263,host_519446): 0 -> 1
Cell (virus_2971263,host_2528591): 0 -> 1
Cell (virus_2971263,host_109482): 0 -> 1
Cell (virus_2971263,host_51298): 0 -> 1
Cell (virus_2971263,host_1911917): 0 -> 1
Cell (virus_2971263,host_203696): 0 -> 1
Cell (virus_2971263,host_452653): 0 -> 1
Cell (virus_2971263,host_138979): 0 -> 1
Cell (virus_2971263,host_155915): 0 -> 1
Cell (virus_2971263,host_225400): 0 -> 1
Cell (virus_2971263,host_155035): 0 -> 1
Cell (virus_2971263,host_258925): 0 -> 1
Cell (virus_2971263,host_177185): 0 -> 1
Cell (virus_2971263,host_187017): 0 -> 1
Cell (virus_2971263,host_270698): 0 -> 1
Cell (virus_2971263,host_334201): 0 -> 1
Cell (virus_2971263,host_249020): 0 -> 1
Cell (virus_2971263,host_584995): 0 -> 1
Cell (virus_2971263,host_463808): 0 -> 1
Cell (virus_2971263,host_58069): 0 -> 1
Cell (virus_2971263,host_59479): 0 -> 1
Cell (virus_2971263,host_59476): 0 -> 1
Cell (virus_2971263,host_177160): 0 -> 1
Cell (virus_2971263,host_2994998): 0 -> 1
Cell (virus_2971263,host_3042450): 0 -> 1
Cell (virus_2971263,host_59472): 0 -> 1
Cell (virus_2971263,host_9414): 0 -> 1
Cell (virus_2971263,host_1434095): 0 -> 1
Cell (virus_2971263,host_221087): 0 -> 1
Cell (virus_2971263,host_187007): 0 -> 1
Cell (virus_2971263,host_187008): 0 -> 1
Cell (virus_2971263,host_258934): 0 -> 1
Cell (virus_2971263,host_479723): 0 -> 1
Cell (virus_2971263,host_3041509): 0 -> 1
Cell (virus_2971263,host_2218597): 0 -> 1
Cell (virus_2971263,host_258867): 0 -> 1
Cell (virus_2971263,host_242384): 0 -> 1
Cell (virus_2971263,host_258863): 0 -> 1
Cell (virus_2971263,host_452595): 0 -> 1
Cell (virus_2971263,host_9438): 0 -> 1
Cell (virus_2971263,host_153297): 0 -> 1
Cell (virus_2971263,host_258952): 0 -> 1
Cell (virus_2971263,host_249033): 0 -> 1
Cell (virus_2971263,host_258930): 0 -> 1
Cell (virus_2971263,host_61862): 0 -> 1
Cell (virus_2971263,host_109485): 0 -> 1
Cell (virus_2971263,host_59474): 0 -> 1
Cell (virus_2971263,host_999321): 0 -> 1
Cell (virus_2971263,host_143942): 0 -> 1
Cell (virus_2971263,host_2491053): 0 -> 1
Cell (virus_2971263,host_110938): 0 -> 1
Cell (virus_2971263,host_258959): 0 -> 1
Cell (virus_2971263,host_526822): 0 -> 1
Cell (virus_3433786,host_105273): 0 -> 1
Cell (virus_3433786,host_258946): 0 -> 1
Cell (virus_3433786,host_109478): 0 -> 1
Cell (virus_3433786,host_9435): 0 -> 1
Cell (virus_3433786,host_59463): 0 -> 1
Cell (virus_3433786,host_109480): 0 -> 1
Cell (virus_3433786,host_1633875): 0 -> 1
Cell (virus_3433786,host_519446): 0 -> 1
Cell (virus_3433786,host_2528591): 0 -> 1
Cell (virus_3433786,host_109482): 0 -> 1
Cell (virus_3433786,host_51298): 0 -> 1
Cell (virus_3433786,host_1911917): 0 -> 1
Cell (virus_3433786,host_203696): 0 -> 1
Cell (virus_3433786,host_452653): 0 -> 1
Cell (virus_3433786,host_138979): 0 -> 1
Cell (virus_3433786,host_155915): 0 -> 1
Cell (virus_3433786,host_225400): 0 -> 1
Cell (virus_3433786,host_155035): 0 -> 1
Cell (virus_3433786,host_258925): 0 -> 1
Cell (virus_3433786,host_177185): 0 -> 1
Cell (virus_3433786,host_187017): 0 -> 1
Cell (virus_3433786,host_270698): 0 -> 1
Cell (virus_3433786,host_334201): 0 -> 1
Cell (virus_3433786,host_249020): 0 -> 1
Cell (virus_3433786,host_584995): 0 -> 1
Cell (virus_3433786,host_463808): 0 -> 1
Cell (virus_3433786,host_58069): 0 -> 1
Cell (virus_3433786,host_59479): 0 -> 1
Cell (virus_3433786,host_59476): 0 -> 1
Cell (virus_3433786,host_177160): 0 -> 1
Cell (virus_3433786,host_2994998): 0 -> 1
Cell (virus_3433786,host_3042450): 0 -> 1
Cell (virus_3433786,host_59472): 0 -> 1
Cell (virus_3433786,host_9414): 0 -> 1
Cell (virus_3433786,host_1434095): 0 -> 1
Cell (virus_3433786,host_221087): 0 -> 1
Cell (virus_3433786,host_187007): 0 -> 1
Cell (virus_3433786,host_187008): 0 -> 1
Cell (virus_3433786,host_258934): 0 -> 1
Cell (virus_3433786,host_479723): 0 -> 1
Cell (virus_3433786,host_3041509): 0 -> 1
Cell (virus_3433786,host_2218597): 0 -> 1
Cell (virus_3433786,host_258867): 0 -> 1
Cell (virus_3433786,host_242384): 0 -> 1
Cell (virus_3433786,host_258863): 0 -> 1
Cell (virus_3433786,host_452595): 0 -> 1
Cell (virus_3433786,host_9438): 0 -> 1
Cell (virus_3433786,host_153297): 0 -> 1
Cell (virus_3433786,host_258952): 0 -> 1
Cell (virus_3433786,host_249033): 0 -> 1
Cell (virus_3433786,host_258930): 0 -> 1
Cell (virus_3433786,host_61862): 0 -> 1
Cell (virus_3433786,host_109485): 0 -> 1
Cell (virus_3433786,host_59474): 0 -> 1
Cell (virus_3433786,host_999321): 0 -> 1
Cell (virus_3433786,host_143942): 0 -> 1
Cell (virus_3433786,host_2491053): 0 -> 1
Cell (virus_3433786,host_110938): 0 -> 1
Cell (virus_3433786,host_258959): 0 -> 1
Cell (virus_3433786,host_526822): 0 -> 1
Cell (virus_2989482,host_105273): 0 -> 1
Cell (virus_2989482,host_258946): 0 -> 1
Cell (virus_2989482,host_109478): 0 -> 1
Cell (virus_2989482,host_9435): 0 -> 1
Cell (virus_2989482,host_59463): 0 -> 1
Cell (virus_2989482,host_109480): 0 -> 1
Cell (virus_2989482,host_1633875): 0 -> 1
Cell (virus_2989482,host_519446): 0 -> 1
Cell (virus_2989482,host_109482): 0 -> 1
Cell (virus_2989482,host_51298): 0 -> 1
Cell (virus_2989482,host_1911917): 0 -> 1
Cell (virus_2989482,host_203696): 0 -> 1
Cell (virus_2989482,host_452653): 0 -> 1
Cell (virus_2989482,host_138979): 0 -> 1
Cell (virus_2989482,host_155915): 0 -> 1
Cell (virus_2989482,host_225400): 0 -> 1
Cell (virus_2989482,host_155035): 0 -> 1
Cell (virus_2989482,host_258925): 0 -> 1
Cell (virus_2989482,host_177185): 0 -> 1
Cell (virus_2989482,host_187017): 0 -> 1
Cell (virus_2989482,host_270698): 0 -> 1
Cell (virus_2989482,host_334201): 0 -> 1
Cell (virus_2989482,host_249020): 0 -> 1
Cell (virus_2989482,host_584995): 0 -> 1
Cell (virus_2989482,host_463808): 0 -> 1
Cell (virus_2989482,host_58069): 0 -> 1
Cell (virus_2989482,host_59479): 0 -> 1
Cell (virus_2989482,host_1884717): 0 -> 1
Cell (virus_2989482,host_59476): 0 -> 1
Cell (virus_2989482,host_177160): 0 -> 1
Cell (virus_2989482,host_2994998): 0 -> 1
Cell (virus_2989482,host_3042450): 0 -> 1
Cell (virus_2989482,host_59472): 0 -> 1
Cell (virus_2989482,host_9414): 0 -> 1
Cell (virus_2989482,host_1434095): 0 -> 1
Cell (virus_2989482,host_221087): 0 -> 1
Cell (virus_2989482,host_187007): 0 -> 1
Cell (virus_2989482,host_187008): 0 -> 1
Cell (virus_2989482,host_258934): 0 -> 1
Cell (virus_2989482,host_479723): 0 -> 1
Cell (virus_2989482,host_3041509): 0 -> 1
Cell (virus_2989482,host_2218597): 0 -> 1
Cell (virus_2989482,host_258867): 0 -> 1
Cell (virus_2989482,host_242384): 0 -> 1
Cell (virus_2989482,host_258863): 0 -> 1
Cell (virus_2989482,host_452595): 0 -> 1
Cell (virus_2989482,host_9438): 0 -> 1
Cell (virus_2989482,host_153297): 0 -> 1
Cell (virus_2989482,host_258952): 0 -> 1
Cell (virus_2989482,host_249033): 0 -> 1
Cell (virus_2989482,host_258930): 0 -> 1
Cell (virus_2989482,host_61862): 0 -> 1
Cell (virus_2989482,host_109485): 0 -> 1
Cell (virus_2989482,host_59474): 0 -> 1
Cell (virus_2989482,host_999321): 0 -> 1
Cell (virus_2989482,host_143942): 0 -> 1
Cell (virus_2989482,host_2491053): 0 -> 1
Cell (virus_2989482,host_110938): 0 -> 1
Cell (virus_2989482,host_258959): 0 -> 1
Cell (virus_2989482,host_526822): 0 -> 1
Cell (virus_3433784,host_105273): 0 -> 1
Cell (virus_3433784,host_258946): 0 -> 1
Cell (virus_3433784,host_109478): 0 -> 1
Cell (virus_3433784,host_9435): 0 -> 1
Cell (virus_3433784,host_59463): 0 -> 1
Cell (virus_3433784,host_109480): 0 -> 1
Cell (virus_3433784,host_1633875): 0 -> 1
Cell (virus_3433784,host_519446): 0 -> 1
Cell (virus_3433784,host_109482): 0 -> 1
Cell (virus_3433784,host_51298): 0 -> 1
Cell (virus_3433784,host_1911917): 0 -> 1
Cell (virus_3433784,host_203696): 0 -> 1
Cell (virus_3433784,host_452653): 0 -> 1
Cell (virus_3433784,host_138979): 0 -> 1
Cell (virus_3433784,host_155915): 0 -> 1
Cell (virus_3433784,host_225400): 0 -> 1
Cell (virus_3433784,host_155035): 0 -> 1
Cell (virus_3433784,host_258925): 0 -> 1
Cell (virus_3433784,host_177185): 0 -> 1
Cell (virus_3433784,host_187017): 0 -> 1
Cell (virus_3433784,host_270698): 0 -> 1
Cell (virus_3433784,host_334201): 0 -> 1
Cell (virus_3433784,host_249020): 0 -> 1
Cell (virus_3433784,host_584995): 0 -> 1
Cell (virus_3433784,host_463808): 0 -> 1
Cell (virus_3433784,host_58069): 0 -> 1
Cell (virus_3433784,host_59479): 0 -> 1
Cell (virus_3433784,host_59476): 0 -> 1
Cell (virus_3433784,host_177160): 0 -> 1
Cell (virus_3433784,host_2994998): 0 -> 1
Cell (virus_3433784,host_3042450): 0 -> 1
Cell (virus_3433784,host_59472): 0 -> 1
Cell (virus_3433784,host_9414): 0 -> 1
Cell (virus_3433784,host_1434095): 0 -> 1
Cell (virus_3433784,host_221087): 0 -> 1
Cell (virus_3433784,host_187007): 0 -> 1
Cell (virus_3433784,host_187008): 0 -> 1
Cell (virus_3433784,host_258934): 0 -> 1
Cell (virus_3433784,host_479723): 0 -> 1
Cell (virus_3433784,host_3041509): 0 -> 1
Cell (virus_3433784,host_2218597): 0 -> 1
Cell (virus_3433784,host_258867): 0 -> 1
Cell (virus_3433784,host_242384): 0 -> 1
Cell (virus_3433784,host_258863): 0 -> 1
Cell (virus_3433784,host_452595): 0 -> 1
Cell (virus_3433784,host_9438): 0 -> 1
Cell (virus_3433784,host_153297): 0 -> 1
Cell (virus_3433784,host_258952): 0 -> 1
Cell (virus_3433784,host_249033): 0 -> 1
Cell (virus_3433784,host_258930): 0 -> 1
Cell (virus_3433784,host_61862): 0 -> 1
Cell (virus_3433784,host_109485): 0 -> 1
Cell (virus_3433784,host_59474): 0 -> 1
Cell (virus_3433784,host_999321): 0 -> 1
Cell (virus_3433784,host_143942): 0 -> 1
Cell (virus_3433784,host_2491053): 0 -> 1
Cell (virus_3433784,host_110938): 0 -> 1
Cell (virus_3433784,host_258959): 0 -> 1
Cell (virus_3433784,host_526822): 0 -> 1
Cell (virus_2691588,host_105273): 0 -> 1
Cell (virus_2691588,host_109478): 0 -> 1
Cell (virus_2691588,host_9435): 0 -> 1
Cell (virus_2691588,host_59463): 0 -> 1
Cell (virus_2691588,host_109480): 0 -> 1
Cell (virus_2691588,host_1633875): 0 -> 1
Cell (virus_2691588,host_519446): 0 -> 1
Cell (virus_2691588,host_2528591): 0 -> 1
Cell (virus_2691588,host_51298): 0 -> 1
Cell (virus_2691588,host_1911917): 0 -> 1
Cell (virus_2691588,host_203696): 0 -> 1
Cell (virus_2691588,host_452653): 0 -> 1
Cell (virus_2691588,host_138979): 0 -> 1
Cell (virus_2691588,host_155915): 0 -> 1
Cell (virus_2691588,host_225400): 0 -> 1
Cell (virus_2691588,host_258925): 0 -> 1
Cell (virus_2691588,host_177185): 0 -> 1
Cell (virus_2691588,host_187017): 0 -> 1
Cell (virus_2691588,host_270698): 0 -> 1
Cell (virus_2691588,host_334201): 0 -> 1
Cell (virus_2691588,host_249020): 0 -> 1
Cell (virus_2691588,host_584995): 0 -> 1
Cell (virus_2691588,host_463808): 0 -> 1
Cell (virus_2691588,host_58069): 0 -> 1
Cell (virus_2691588,host_59479): 0 -> 1
Cell (virus_2691588,host_59476): 0 -> 1
Cell (virus_2691588,host_177160): 0 -> 1
Cell (virus_2691588,host_2994998): 0 -> 1
Cell (virus_2691588,host_3042450): 0 -> 1
Cell (virus_2691588,host_59472): 0 -> 1
Cell (virus_2691588,host_9414): 0 -> 1
Cell (virus_2691588,host_1434095): 0 -> 1
Cell (virus_2691588,host_291302): 0 -> 1
Cell (virus_2691588,host_221087): 0 -> 1
Cell (virus_2691588,host_187007): 0 -> 1
Cell (virus_2691588,host_187008): 0 -> 1
Cell (virus_2691588,host_258934): 0 -> 1
Cell (virus_2691588,host_479723): 0 -> 1
Cell (virus_2691588,host_124751): 0 -> 1
Cell (virus_2691588,host_3041509): 0 -> 1
Cell (virus_2691588,host_2218597): 0 -> 1
Cell (virus_2691588,host_258867): 0 -> 1
Cell (virus_2691588,host_242384): 0 -> 1
Cell (virus_2691588,host_258863): 0 -> 1
Cell (virus_2691588,host_452595): 0 -> 1
Cell (virus_2691588,host_9438): 0 -> 1
Cell (virus_2691588,host_153297): 0 -> 1
Cell (virus_2691588,host_258952): 0 -> 1
Cell (virus_2691588,host_249033): 0 -> 1
Cell (virus_2691588,host_258930): 0 -> 1
Cell (virus_2691588,host_61862): 0 -> 1
Cell (virus_2691588,host_109485): 0 -> 1
Cell (virus_2691588,host_59474): 0 -> 1
Cell (virus_2691588,host_999321): 0 -> 1
Cell (virus_2691588,host_867834): 0 -> 1
Cell (virus_2691588,host_143942): 0 -> 1
Cell (virus_2691588,host_2491053): 0 -> 1
Cell (virus_2691588,host_258959): 0 -> 1
Cell (virus_2691588,host_526822): 0 -> 1
Cell (virus_3433780,host_105273): 0 -> 1
Cell (virus_3433780,host_109478): 0 -> 1
Cell (virus_3433780,host_9435): 0 -> 1
Cell (virus_3433780,host_59463): 0 -> 1
Cell (virus_3433780,host_109480): 0 -> 1
Cell (virus_3433780,host_1633875): 0 -> 1
Cell (virus_3433780,host_519446): 0 -> 1
Cell (virus_3433780,host_2528591): 0 -> 1
Cell (virus_3433780,host_51298): 0 -> 1
Cell (virus_3433780,host_1911917): 0 -> 1
Cell (virus_3433780,host_203696): 0 -> 1
Cell (virus_3433780,host_452653): 0 -> 1
Cell (virus_3433780,host_138979): 0 -> 1
Cell (virus_3433780,host_155915): 0 -> 1
Cell (virus_3433780,host_225400): 0 -> 1
Cell (virus_3433780,host_258925): 0 -> 1
Cell (virus_3433780,host_177185): 0 -> 1
Cell (virus_3433780,host_187017): 0 -> 1
Cell (virus_3433780,host_270698): 0 -> 1
Cell (virus_3433780,host_334201): 0 -> 1
Cell (virus_3433780,host_249020): 0 -> 1
Cell (virus_3433780,host_584995): 0 -> 1
Cell (virus_3433780,host_463808): 0 -> 1
Cell (virus_3433780,host_58069): 0 -> 1
Cell (virus_3433780,host_59479): 0 -> 1
Cell (virus_3433780,host_59476): 0 -> 1
Cell (virus_3433780,host_177160): 0 -> 1
Cell (virus_3433780,host_2994998): 0 -> 1
Cell (virus_3433780,host_3042450): 0 -> 1
Cell (virus_3433780,host_59472): 0 -> 1
Cell (virus_3433780,host_9414): 0 -> 1
Cell (virus_3433780,host_1434095): 0 -> 1
Cell (virus_3433780,host_291302): 0 -> 1
Cell (virus_3433780,host_221087): 0 -> 1
Cell (virus_3433780,host_187007): 0 -> 1
Cell (virus_3433780,host_187008): 0 -> 1
Cell (virus_3433780,host_258934): 0 -> 1
Cell (virus_3433780,host_479723): 0 -> 1
Cell (virus_3433780,host_124751): 0 -> 1
Cell (virus_3433780,host_3041509): 0 -> 1
Cell (virus_3433780,host_2218597): 0 -> 1
Cell (virus_3433780,host_258867): 0 -> 1
Cell (virus_3433780,host_242384): 0 -> 1
Cell (virus_3433780,host_258863): 0 -> 1
Cell (virus_3433780,host_452595): 0 -> 1
Cell (virus_3433780,host_9438): 0 -> 1
Cell (virus_3433780,host_153297): 0 -> 1
Cell (virus_3433780,host_258952): 0 -> 1
Cell (virus_3433780,host_249033): 0 -> 1
Cell (virus_3433780,host_258930): 0 -> 1
Cell (virus_3433780,host_61862): 0 -> 1
Cell (virus_3433780,host_109485): 0 -> 1
Cell (virus_3433780,host_59474): 0 -> 1
Cell (virus_3433780,host_999321): 0 -> 1
Cell (virus_3433780,host_867834): 0 -> 1
Cell (virus_3433780,host_143942): 0 -> 1
Cell (virus_3433780,host_2491053): 0 -> 1
Cell (virus_3433780,host_258959): 0 -> 1
Cell (virus_3433780,host_526822): 0 -> 1
Cell (virus_694000,host_105273): 0 -> 1
Cell (virus_694000,host_109478): 0 -> 1
Cell (virus_694000,host_9435): 0 -> 1
Cell (virus_694000,host_59463): 0 -> 1
Cell (virus_694000,host_109480): 0 -> 1
Cell (virus_694000,host_1633875): 0 -> 1
Cell (virus_694000,host_519446): 0 -> 1
Cell (virus_694000,host_2528591): 0 -> 1
Cell (virus_694000,host_51298): 0 -> 1
Cell (virus_694000,host_1911917): 0 -> 1
Cell (virus_694000,host_203696): 0 -> 1
Cell (virus_694000,host_452653): 0 -> 1
Cell (virus_694000,host_138979): 0 -> 1
Cell (virus_694000,host_155915): 0 -> 1
Cell (virus_694000,host_225400): 0 -> 1
Cell (virus_694000,host_258925): 0 -> 1
Cell (virus_694000,host_177185): 0 -> 1
Cell (virus_694000,host_187017): 0 -> 1
Cell (virus_694000,host_270698): 0 -> 1
Cell (virus_694000,host_334201): 0 -> 1
Cell (virus_694000,host_249020): 0 -> 1
Cell (virus_694000,host_584995): 0 -> 1
Cell (virus_694000,host_463808): 0 -> 1
Cell (virus_694000,host_58069): 0 -> 1
Cell (virus_694000,host_59479): 0 -> 1
Cell (virus_694000,host_59476): 0 -> 1
Cell (virus_694000,host_177160): 0 -> 1
Cell (virus_694000,host_2994998): 0 -> 1
Cell (virus_694000,host_3042450): 0 -> 1
Cell (virus_694000,host_59472): 0 -> 1
Cell (virus_694000,host_9414): 0 -> 1
Cell (virus_694000,host_1434095): 0 -> 1
Cell (virus_694000,host_291302): 0 -> 1
Cell (virus_694000,host_221087): 0 -> 1
Cell (virus_694000,host_187007): 0 -> 1
Cell (virus_694000,host_187008): 0 -> 1
Cell (virus_694000,host_258934): 0 -> 1
Cell (virus_694000,host_479723): 0 -> 1
Cell (virus_694000,host_124751): 0 -> 1
Cell (virus_694000,host_3041509): 0 -> 1
Cell (virus_694000,host_2218597): 0 -> 1
Cell (virus_694000,host_258867): 0 -> 1
Cell (virus_694000,host_242384): 0 -> 1
Cell (virus_694000,host_258863): 0 -> 1
Cell (virus_694000,host_452595): 0 -> 1
Cell (virus_694000,host_9438): 0 -> 1
Cell (virus_694000,host_153297): 0 -> 1
Cell (virus_694000,host_258952): 0 -> 1
Cell (virus_694000,host_249033): 0 -> 1
Cell (virus_694000,host_258930): 0 -> 1
Cell (virus_694000,host_61862): 0 -> 1
Cell (virus_694000,host_109485): 0 -> 1
Cell (virus_694000,host_59474): 0 -> 1
Cell (virus_694000,host_999321): 0 -> 1
Cell (virus_694000,host_867834): 0 -> 1
Cell (virus_694000,host_143942): 0 -> 1
Cell (virus_694000,host_2491053): 0 -> 1
Cell (virus_694000,host_258959): 0 -> 1
Cell (virus_694000,host_526822): 0 -> 1
Cell (virus_3119327,host_105273): 0 -> 1
Cell (virus_3119327,host_109478): 0 -> 1
Cell (virus_3119327,host_9435): 0 -> 1
Cell (virus_3119327,host_59463): 0 -> 1
Cell (virus_3119327,host_109480): 0 -> 1
Cell (virus_3119327,host_1633875): 0 -> 1
Cell (virus_3119327,host_519446): 0 -> 1
Cell (virus_3119327,host_2528591): 0 -> 1
Cell (virus_3119327,host_109482): 0 -> 1
Cell (virus_3119327,host_51298): 0 -> 1
Cell (virus_3119327,host_1911917): 0 -> 1
Cell (virus_3119327,host_203696): 0 -> 1
Cell (virus_3119327,host_452653): 0 -> 1
Cell (virus_3119327,host_138979): 0 -> 1
Cell (virus_3119327,host_155915): 0 -> 1
Cell (virus_3119327,host_225400): 0 -> 1
Cell (virus_3119327,host_155035): 0 -> 1
Cell (virus_3119327,host_258925): 0 -> 1
Cell (virus_3119327,host_177185): 0 -> 1
Cell (virus_3119327,host_187017): 0 -> 1
Cell (virus_3119327,host_270698): 0 -> 1
Cell (virus_3119327,host_334201): 0 -> 1
Cell (virus_3119327,host_249020): 0 -> 1
Cell (virus_3119327,host_584995): 0 -> 1
Cell (virus_3119327,host_463808): 0 -> 1
Cell (virus_3119327,host_58069): 0 -> 1
Cell (virus_3119327,host_59479): 0 -> 1
Cell (virus_3119327,host_59476): 0 -> 1
Cell (virus_3119327,host_177160): 0 -> 1
Cell (virus_3119327,host_2994998): 0 -> 1
Cell (virus_3119327,host_3042450): 0 -> 1
Cell (virus_3119327,host_59472): 0 -> 1
Cell (virus_3119327,host_9414): 0 -> 1
Cell (virus_3119327,host_1434095): 0 -> 1
Cell (virus_3119327,host_291302): 0 -> 1
Cell (virus_3119327,host_221087): 0 -> 1
Cell (virus_3119327,host_187007): 0 -> 1
Cell (virus_3119327,host_187008): 0 -> 1
Cell (virus_3119327,host_258934): 0 -> 1
Cell (virus_3119327,host_479723): 0 -> 1
Cell (virus_3119327,host_124751): 0 -> 1
Cell (virus_3119327,host_3041509): 0 -> 1
Cell (virus_3119327,host_2218597): 0 -> 1
Cell (virus_3119327,host_258867): 0 -> 1
Cell (virus_3119327,host_242384): 0 -> 1
Cell (virus_3119327,host_258863): 0 -> 1
Cell (virus_3119327,host_452595): 0 -> 1
Cell (virus_3119327,host_9438): 0 -> 1
Cell (virus_3119327,host_153297): 0 -> 1
Cell (virus_3119327,host_258952): 0 -> 1
Cell (virus_3119327,host_249033): 0 -> 1
Cell (virus_3119327,host_258930): 0 -> 1
Cell (virus_3119327,host_61862): 0 -> 1
Cell (virus_3119327,host_109485): 0 -> 1
Cell (virus_3119327,host_59474): 0 -> 1
Cell (virus_3119327,host_999321): 0 -> 1
Cell (virus_3119327,host_867834): 0 -> 1
Cell (virus_3119327,host_143942): 0 -> 1
Cell (virus_3119327,host_2491053): 0 -> 1
Cell (virus_3119327,host_258959): 0 -> 1
Cell (virus_3119327,host_526822): 0 -> 1
Cell (virus_2809631,host_105273): 0 -> 1
Cell (virus_2809631,host_109478): 0 -> 1
Cell (virus_2809631,host_9435): 0 -> 1
Cell (virus_2809631,host_59463): 0 -> 1
Cell (virus_2809631,host_109480): 0 -> 1
Cell (virus_2809631,host_1633875): 0 -> 1
Cell (virus_2809631,host_519446): 0 -> 1
Cell (virus_2809631,host_2528591): 0 -> 1
Cell (virus_2809631,host_109482): 0 -> 1
Cell (virus_2809631,host_51298): 0 -> 1
Cell (virus_2809631,host_1911917): 0 -> 1
Cell (virus_2809631,host_203696): 0 -> 1
Cell (virus_2809631,host_452653): 0 -> 1
Cell (virus_2809631,host_138979): 0 -> 1
Cell (virus_2809631,host_155915): 0 -> 1
Cell (virus_2809631,host_225400): 0 -> 1
Cell (virus_2809631,host_155035): 0 -> 1
Cell (virus_2809631,host_258925): 0 -> 1
Cell (virus_2809631,host_177185): 0 -> 1
Cell (virus_2809631,host_187017): 0 -> 1
Cell (virus_2809631,host_270698): 0 -> 1
Cell (virus_2809631,host_334201): 0 -> 1
Cell (virus_2809631,host_249020): 0 -> 1
Cell (virus_2809631,host_584995): 0 -> 1
Cell (virus_2809631,host_463808): 0 -> 1
Cell (virus_2809631,host_58069): 0 -> 1
Cell (virus_2809631,host_59479): 0 -> 1
Cell (virus_2809631,host_59476): 0 -> 1
Cell (virus_2809631,host_177160): 0 -> 1
Cell (virus_2809631,host_2994998): 0 -> 1
Cell (virus_2809631,host_3042450): 0 -> 1
Cell (virus_2809631,host_59472): 0 -> 1
Cell (virus_2809631,host_9414): 0 -> 1
Cell (virus_2809631,host_1434095): 0 -> 1
Cell (virus_2809631,host_291302): 0 -> 1
Cell (virus_2809631,host_221087): 0 -> 1
Cell (virus_2809631,host_187007): 0 -> 1
Cell (virus_2809631,host_187008): 0 -> 1
Cell (virus_2809631,host_258934): 0 -> 1
Cell (virus_2809631,host_479723): 0 -> 1
Cell (virus_2809631,host_124751): 0 -> 1
Cell (virus_2809631,host_3041509): 0 -> 1
Cell (virus_2809631,host_2218597): 0 -> 1
Cell (virus_2809631,host_258867): 0 -> 1
Cell (virus_2809631,host_242384): 0 -> 1
Cell (virus_2809631,host_258863): 0 -> 1
Cell (virus_2809631,host_452595): 0 -> 1
Cell (virus_2809631,host_9438): 0 -> 1
Cell (virus_2809631,host_153297): 0 -> 1
Cell (virus_2809631,host_258952): 0 -> 1
Cell (virus_2809631,host_249033): 0 -> 1
Cell (virus_2809631,host_258930): 0 -> 1
Cell (virus_2809631,host_61862): 0 -> 1
Cell (virus_2809631,host_109485): 0 -> 1
Cell (virus_2809631,host_59474): 0 -> 1
Cell (virus_2809631,host_999321): 0 -> 1
Cell (virus_2809631,host_143942): 0 -> 1
Cell (virus_2809631,host_2491053): 0 -> 1
Cell (virus_2809631,host_258959): 0 -> 1
Cell (virus_2809631,host_526822): 0 -> 1
Cell (virus_3433779,host_105273): 0 -> 1
Cell (virus_3433779,host_109478): 0 -> 1
Cell (virus_3433779,host_9435): 0 -> 1
Cell (virus_3433779,host_59463): 0 -> 1
Cell (virus_3433779,host_109480): 0 -> 1
Cell (virus_3433779,host_1633875): 0 -> 1
Cell (virus_3433779,host_519446): 0 -> 1
Cell (virus_3433779,host_2528591): 0 -> 1
Cell (virus_3433779,host_109482): 0 -> 1
Cell (virus_3433779,host_51298): 0 -> 1
Cell (virus_3433779,host_1911917): 0 -> 1
Cell (virus_3433779,host_203696): 0 -> 1
Cell (virus_3433779,host_452653): 0 -> 1
Cell (virus_3433779,host_138979): 0 -> 1
Cell (virus_3433779,host_155915): 0 -> 1
Cell (virus_3433779,host_225400): 0 -> 1
Cell (virus_3433779,host_155035): 0 -> 1
Cell (virus_3433779,host_258925): 0 -> 1
Cell (virus_3433779,host_177185): 0 -> 1
Cell (virus_3433779,host_187017): 0 -> 1
Cell (virus_3433779,host_270698): 0 -> 1
Cell (virus_3433779,host_334201): 0 -> 1
Cell (virus_3433779,host_249020): 0 -> 1
Cell (virus_3433779,host_584995): 0 -> 1
Cell (virus_3433779,host_463808): 0 -> 1
Cell (virus_3433779,host_58069): 0 -> 1
Cell (virus_3433779,host_59479): 0 -> 1
Cell (virus_3433779,host_59476): 0 -> 1
Cell (virus_3433779,host_177160): 0 -> 1
Cell (virus_3433779,host_2994998): 0 -> 1
Cell (virus_3433779,host_3042450): 0 -> 1
Cell (virus_3433779,host_59472): 0 -> 1
Cell (virus_3433779,host_9414): 0 -> 1
Cell (virus_3433779,host_1434095): 0 -> 1
Cell (virus_3433779,host_291302): 0 -> 1
Cell (virus_3433779,host_221087): 0 -> 1
Cell (virus_3433779,host_187007): 0 -> 1
Cell (virus_3433779,host_187008): 0 -> 1
Cell (virus_3433779,host_258934): 0 -> 1
Cell (virus_3433779,host_479723): 0 -> 1
Cell (virus_3433779,host_124751): 0 -> 1
Cell (virus_3433779,host_3041509): 0 -> 1
Cell (virus_3433779,host_2218597): 0 -> 1
Cell (virus_3433779,host_258867): 0 -> 1
Cell (virus_3433779,host_242384): 0 -> 1
Cell (virus_3433779,host_258863): 0 -> 1
Cell (virus_3433779,host_452595): 0 -> 1
Cell (virus_3433779,host_9438): 0 -> 1
Cell (virus_3433779,host_153297): 0 -> 1
Cell (virus_3433779,host_258952): 0 -> 1
Cell (virus_3433779,host_249033): 0 -> 1
Cell (virus_3433779,host_258930): 0 -> 1
Cell (virus_3433779,host_61862): 0 -> 1
Cell (virus_3433779,host_109485): 0 -> 1
Cell (virus_3433779,host_59474): 0 -> 1
Cell (virus_3433779,host_999321): 0 -> 1
Cell (virus_3433779,host_143942): 0 -> 1
Cell (virus_3433779,host_2491053): 0 -> 1
Cell (virus_3433779,host_258959): 0 -> 1
Cell (virus_3433779,host_526822): 0 -> 1
Cell (virus_694001,host_105273): 0 -> 1
Cell (virus_694001,host_109478): 0 -> 1
Cell (virus_694001,host_9435): 0 -> 1
Cell (virus_694001,host_59463): 0 -> 1
Cell (virus_694001,host_109480): 0 -> 1
Cell (virus_694001,host_1633875): 0 -> 1
Cell (virus_694001,host_519446): 0 -> 1
Cell (virus_694001,host_2528591): 0 -> 1
Cell (virus_694001,host_109482): 0 -> 1
Cell (virus_694001,host_51298): 0 -> 1
Cell (virus_694001,host_1911917): 0 -> 1
Cell (virus_694001,host_203696): 0 -> 1
Cell (virus_694001,host_452653): 0 -> 1
Cell (virus_694001,host_138979): 0 -> 1
Cell (virus_694001,host_155915): 0 -> 1
Cell (virus_694001,host_225400): 0 -> 1
Cell (virus_694001,host_155035): 0 -> 1
Cell (virus_694001,host_258925): 0 -> 1
Cell (virus_694001,host_177185): 0 -> 1
Cell (virus_694001,host_187017): 0 -> 1
Cell (virus_694001,host_270698): 0 -> 1
Cell (virus_694001,host_334201): 0 -> 1
Cell (virus_694001,host_249020): 0 -> 1
Cell (virus_694001,host_584995): 0 -> 1
Cell (virus_694001,host_463808): 0 -> 1
Cell (virus_694001,host_58069): 0 -> 1
Cell (virus_694001,host_59479): 0 -> 1
Cell (virus_694001,host_59476): 0 -> 1
Cell (virus_694001,host_177160): 0 -> 1
Cell (virus_694001,host_2994998): 0 -> 1
Cell (virus_694001,host_3042450): 0 -> 1
Cell (virus_694001,host_59472): 0 -> 1
Cell (virus_694001,host_9414): 0 -> 1
Cell (virus_694001,host_1434095): 0 -> 1
Cell (virus_694001,host_291302): 0 -> 1
Cell (virus_694001,host_221087): 0 -> 1
Cell (virus_694001,host_187007): 0 -> 1
Cell (virus_694001,host_187008): 0 -> 1
Cell (virus_694001,host_258934): 0 -> 1
Cell (virus_694001,host_479723): 0 -> 1
Cell (virus_694001,host_124751): 0 -> 1
Cell (virus_694001,host_3041509): 0 -> 1
Cell (virus_694001,host_2218597): 0 -> 1
Cell (virus_694001,host_258867): 0 -> 1
Cell (virus_694001,host_242384): 0 -> 1
Cell (virus_694001,host_258863): 0 -> 1
Cell (virus_694001,host_452595): 0 -> 1
Cell (virus_694001,host_9438): 0 -> 1
Cell (virus_694001,host_153297): 0 -> 1
Cell (virus_694001,host_258952): 0 -> 1
Cell (virus_694001,host_249033): 0 -> 1
Cell (virus_694001,host_258930): 0 -> 1
Cell (virus_694001,host_61862): 0 -> 1
Cell (virus_694001,host_109485): 0 -> 1
Cell (virus_694001,host_59474): 0 -> 1
Cell (virus_694001,host_999321): 0 -> 1
Cell (virus_694001,host_143942): 0 -> 1
Cell (virus_694001,host_2491053): 0 -> 1
Cell (virus_694001,host_258959): 0 -> 1
Cell (virus_694001,host_526822): 0 -> 1
Cell (virus_3027594,host_105273): 0 -> 1
Cell (virus_3027594,host_109478): 0 -> 1
Cell (virus_3027594,host_9435): 0 -> 1
Cell (virus_3027594,host_59463): 0 -> 1
Cell (virus_3027594,host_109480): 0 -> 1
Cell (virus_3027594,host_1633875): 0 -> 1
Cell (virus_3027594,host_519446): 0 -> 1
Cell (virus_3027594,host_2528591): 0 -> 1
Cell (virus_3027594,host_109482): 0 -> 1
Cell (virus_3027594,host_51298): 0 -> 1
Cell (virus_3027594,host_1911917): 0 -> 1
Cell (virus_3027594,host_203696): 0 -> 1
Cell (virus_3027594,host_452653): 0 -> 1
Cell (virus_3027594,host_138979): 0 -> 1
Cell (virus_3027594,host_155915): 0 -> 1
Cell (virus_3027594,host_225400): 0 -> 1
Cell (virus_3027594,host_155035): 0 -> 1
Cell (virus_3027594,host_258925): 0 -> 1
Cell (virus_3027594,host_177185): 0 -> 1
Cell (virus_3027594,host_187017): 0 -> 1
Cell (virus_3027594,host_270698): 0 -> 1
Cell (virus_3027594,host_334201): 0 -> 1
Cell (virus_3027594,host_249020): 0 -> 1
Cell (virus_3027594,host_584995): 0 -> 1
Cell (virus_3027594,host_463808): 0 -> 1
Cell (virus_3027594,host_58069): 0 -> 1
Cell (virus_3027594,host_59479): 0 -> 1
Cell (virus_3027594,host_59476): 0 -> 1
Cell (virus_3027594,host_177160): 0 -> 1
Cell (virus_3027594,host_2994998): 0 -> 1
Cell (virus_3027594,host_3042450): 0 -> 1
Cell (virus_3027594,host_59472): 0 -> 1
Cell (virus_3027594,host_9414): 0 -> 1
Cell (virus_3027594,host_1434095): 0 -> 1
Cell (virus_3027594,host_291302): 0 -> 1
Cell (virus_3027594,host_221087): 0 -> 1
Cell (virus_3027594,host_187007): 0 -> 1
Cell (virus_3027594,host_187008): 0 -> 1
Cell (virus_3027594,host_258934): 0 -> 1
Cell (virus_3027594,host_479723): 0 -> 1
Cell (virus_3027594,host_124751): 0 -> 1
Cell (virus_3027594,host_3041509): 0 -> 1
Cell (virus_3027594,host_2218597): 0 -> 1
Cell (virus_3027594,host_258867): 0 -> 1
Cell (virus_3027594,host_242384): 0 -> 1
Cell (virus_3027594,host_258863): 0 -> 1
Cell (virus_3027594,host_452595): 0 -> 1
Cell (virus_3027594,host_9438): 0 -> 1
Cell (virus_3027594,host_153297): 0 -> 1
Cell (virus_3027594,host_258952): 0 -> 1
Cell (virus_3027594,host_249033): 0 -> 1
Cell (virus_3027594,host_258930): 0 -> 1
Cell (virus_3027594,host_61862): 0 -> 1
Cell (virus_3027594,host_109485): 0 -> 1
Cell (virus_3027594,host_59474): 0 -> 1
Cell (virus_3027594,host_999321): 0 -> 1
Cell (virus_3027594,host_143942): 0 -> 1
Cell (virus_3027594,host_2491053): 0 -> 1
Cell (virus_3027594,host_258959): 0 -> 1
Cell (virus_3027594,host_526822): 0 -> 1
Cell (virus_3433782,host_105273): 0 -> 1
Cell (virus_3433782,host_109478): 0 -> 1
Cell (virus_3433782,host_9435): 0 -> 1
Cell (virus_3433782,host_59463): 0 -> 1
Cell (virus_3433782,host_109480): 0 -> 1
Cell (virus_3433782,host_1633875): 0 -> 1
Cell (virus_3433782,host_519446): 0 -> 1
Cell (virus_3433782,host_2528591): 0 -> 1
Cell (virus_3433782,host_109482): 0 -> 1
Cell (virus_3433782,host_51298): 0 -> 1
Cell (virus_3433782,host_1911917): 0 -> 1
Cell (virus_3433782,host_203696): 0 -> 1
Cell (virus_3433782,host_452653): 0 -> 1
Cell (virus_3433782,host_138979): 0 -> 1
Cell (virus_3433782,host_155915): 0 -> 1
Cell (virus_3433782,host_225400): 0 -> 1
Cell (virus_3433782,host_155035): 0 -> 1
Cell (virus_3433782,host_258925): 0 -> 1
Cell (virus_3433782,host_177185): 0 -> 1
Cell (virus_3433782,host_187017): 0 -> 1
Cell (virus_3433782,host_270698): 0 -> 1
Cell (virus_3433782,host_334201): 0 -> 1
Cell (virus_3433782,host_249020): 0 -> 1
Cell (virus_3433782,host_584995): 0 -> 1
Cell (virus_3433782,host_463808): 0 -> 1
Cell (virus_3433782,host_58069): 0 -> 1
Cell (virus_3433782,host_59479): 0 -> 1
Cell (virus_3433782,host_59476): 0 -> 1
Cell (virus_3433782,host_177160): 0 -> 1
Cell (virus_3433782,host_2994998): 0 -> 1
Cell (virus_3433782,host_3042450): 0 -> 1
Cell (virus_3433782,host_59472): 0 -> 1
Cell (virus_3433782,host_9414): 0 -> 1
Cell (virus_3433782,host_1434095): 0 -> 1
Cell (virus_3433782,host_291302): 0 -> 1
Cell (virus_3433782,host_221087): 0 -> 1
Cell (virus_3433782,host_187007): 0 -> 1
Cell (virus_3433782,host_187008): 0 -> 1
Cell (virus_3433782,host_258934): 0 -> 1
Cell (virus_3433782,host_479723): 0 -> 1
Cell (virus_3433782,host_124751): 0 -> 1
Cell (virus_3433782,host_3041509): 0 -> 1
Cell (virus_3433782,host_2218597): 0 -> 1
Cell (virus_3433782,host_258867): 0 -> 1
Cell (virus_3433782,host_242384): 0 -> 1
Cell (virus_3433782,host_258863): 0 -> 1
Cell (virus_3433782,host_452595): 0 -> 1
Cell (virus_3433782,host_9438): 0 -> 1
Cell (virus_3433782,host_153297): 0 -> 1
Cell (virus_3433782,host_258952): 0 -> 1
Cell (virus_3433782,host_249033): 0 -> 1
Cell (virus_3433782,host_258930): 0 -> 1
Cell (virus_3433782,host_61862): 0 -> 1
Cell (virus_3433782,host_109485): 0 -> 1
Cell (virus_3433782,host_59474): 0 -> 1
Cell (virus_3433782,host_999321): 0 -> 1
Cell (virus_3433782,host_143942): 0 -> 1
Cell (virus_3433782,host_2491053): 0 -> 1
Cell (virus_3433782,host_258959): 0 -> 1
Cell (virus_3433782,host_526822): 0 -> 1
Cell (virus_3027595,host_105273): 0 -> 1
Cell (virus_3027595,host_109478): 0 -> 1
Cell (virus_3027595,host_9435): 0 -> 1
Cell (virus_3027595,host_59463): 0 -> 1
Cell (virus_3027595,host_109480): 0 -> 1
Cell (virus_3027595,host_1633875): 0 -> 1
Cell (virus_3027595,host_519446): 0 -> 1
Cell (virus_3027595,host_2528591): 0 -> 1
Cell (virus_3027595,host_109482): 0 -> 1
Cell (virus_3027595,host_51298): 0 -> 1
Cell (virus_3027595,host_1911917): 0 -> 1
Cell (virus_3027595,host_203696): 0 -> 1
Cell (virus_3027595,host_452653): 0 -> 1
Cell (virus_3027595,host_138979): 0 -> 1
Cell (virus_3027595,host_155915): 0 -> 1
Cell (virus_3027595,host_225400): 0 -> 1
Cell (virus_3027595,host_155035): 0 -> 1
Cell (virus_3027595,host_258925): 0 -> 1
Cell (virus_3027595,host_177185): 0 -> 1
Cell (virus_3027595,host_187017): 0 -> 1
Cell (virus_3027595,host_270698): 0 -> 1
Cell (virus_3027595,host_334201): 0 -> 1
Cell (virus_3027595,host_249020): 0 -> 1
Cell (virus_3027595,host_584995): 0 -> 1
Cell (virus_3027595,host_463808): 0 -> 1
Cell (virus_3027595,host_58069): 0 -> 1
Cell (virus_3027595,host_59479): 0 -> 1
Cell (virus_3027595,host_59476): 0 -> 1
Cell (virus_3027595,host_177160): 0 -> 1
Cell (virus_3027595,host_27638): 0 -> 1
Cell (virus_3027595,host_2994998): 0 -> 1
Cell (virus_3027595,host_3042450): 0 -> 1
Cell (virus_3027595,host_59472): 0 -> 1
Cell (virus_3027595,host_9414): 0 -> 1
Cell (virus_3027595,host_1434095): 0 -> 1
Cell (virus_3027595,host_291302): 0 -> 1
Cell (virus_3027595,host_221087): 0 -> 1
Cell (virus_3027595,host_187007): 0 -> 1
Cell (virus_3027595,host_187008): 0 -> 1
Cell (virus_3027595,host_258934): 0 -> 1
Cell (virus_3027595,host_479723): 0 -> 1
Cell (virus_3027595,host_124751): 0 -> 1
Cell (virus_3027595,host_3041509): 0 -> 1
Cell (virus_3027595,host_2218597): 0 -> 1
Cell (virus_3027595,host_258867): 0 -> 1
Cell (virus_3027595,host_242384): 0 -> 1
Cell (virus_3027595,host_258863): 0 -> 1
Cell (virus_3027595,host_452595): 0 -> 1
Cell (virus_3027595,host_9438): 0 -> 1
Cell (virus_3027595,host_153297): 0 -> 1
Cell (virus_3027595,host_258952): 0 -> 1
Cell (virus_3027595,host_249033): 0 -> 1
Cell (virus_3027595,host_258930): 0 -> 1
Cell (virus_3027595,host_61862): 0 -> 1
Cell (virus_3027595,host_109485): 0 -> 1
Cell (virus_3027595,host_59474): 0 -> 1
Cell (virus_3027595,host_999321): 0 -> 1
Cell (virus_3027595,host_143942): 0 -> 1
Cell (virus_3027595,host_2491053): 0 -> 1
Cell (virus_3027595,host_258959): 0 -> 1
Cell (virus_3027595,host_526822): 0 -> 1
Cell (virus_2917968,host_105273): 0 -> 1
Cell (virus_2917968,host_109478): 0 -> 1
Cell (virus_2917968,host_9435): 0 -> 1
Cell (virus_2917968,host_59463): 0 -> 1
Cell (virus_2917968,host_109480): 0 -> 1
Cell (virus_2917968,host_1633875): 0 -> 1
Cell (virus_2917968,host_519446): 0 -> 1
Cell (virus_2917968,host_2528591): 0 -> 1
Cell (virus_2917968,host_109482): 0 -> 1
Cell (virus_2917968,host_51298): 0 -> 1
Cell (virus_2917968,host_1911917): 0 -> 1
Cell (virus_2917968,host_452653): 0 -> 1
Cell (virus_2917968,host_138979): 0 -> 1
Cell (virus_2917968,host_155915): 0 -> 1
Cell (virus_2917968,host_225400): 0 -> 1
Cell (virus_2917968,host_385037): 0 -> 1
Cell (virus_2917968,host_155035): 0 -> 1
Cell (virus_2917968,host_258925): 0 -> 1
Cell (virus_2917968,host_177185): 0 -> 1
Cell (virus_2917968,host_187017): 0 -> 1
Cell (virus_2917968,host_270698): 0 -> 1
Cell (virus_2917968,host_334201): 0 -> 1
Cell (virus_2917968,host_249020): 0 -> 1
Cell (virus_2917968,host_584995): 0 -> 1
Cell (virus_2917968,host_463808): 0 -> 1
Cell (virus_2917968,host_58069): 0 -> 1
Cell (virus_2917968,host_59479): 0 -> 1
Cell (virus_2917968,host_59476): 0 -> 1
Cell (virus_2917968,host_177160): 0 -> 1
Cell (virus_2917968,host_2994998): 0 -> 1
Cell (virus_2917968,host_3042450): 0 -> 1
Cell (virus_2917968,host_59472): 0 -> 1
Cell (virus_2917968,host_9414): 0 -> 1
Cell (virus_2917968,host_1434095): 0 -> 1
Cell (virus_2917968,host_291302): 0 -> 1
Cell (virus_2917968,host_221087): 0 -> 1
Cell (virus_2917968,host_187007): 0 -> 1
Cell (virus_2917968,host_187008): 0 -> 1
Cell (virus_2917968,host_258934): 0 -> 1
Cell (virus_2917968,host_479723): 0 -> 1
Cell (virus_2917968,host_124751): 0 -> 1
Cell (virus_2917968,host_3041509): 0 -> 1
Cell (virus_2917968,host_2218597): 0 -> 1
Cell (virus_2917968,host_258867): 0 -> 1
Cell (virus_2917968,host_242384): 0 -> 1
Cell (virus_2917968,host_258863): 0 -> 1
Cell (virus_2917968,host_9438): 0 -> 1
Cell (virus_2917968,host_153297): 0 -> 1
Cell (virus_2917968,host_258952): 0 -> 1
Cell (virus_2917968,host_249033): 0 -> 1
Cell (virus_2917968,host_258930): 0 -> 1
Cell (virus_2917968,host_61862): 0 -> 1
Cell (virus_2917968,host_109485): 0 -> 1
Cell (virus_2917968,host_59474): 0 -> 1
Cell (virus_2917968,host_999321): 0 -> 1
Cell (virus_2917968,host_143942): 0 -> 1
Cell (virus_2917968,host_2491053): 0 -> 1
Cell (virus_2917968,host_258959): 0 -> 1
Cell (virus_2917968,host_526822): 0 -> 1
Cell (virus_3119328,host_105273): 0 -> 1
Cell (virus_3119328,host_105295): 0 -> 1
Cell (virus_3119328,host_109478): 0 -> 1
Cell (virus_3119328,host_9435): 0 -> 1
Cell (virus_3119328,host_59463): 0 -> 1
Cell (virus_3119328,host_109480): 0 -> 1
Cell (virus_3119328,host_1633875): 0 -> 1
Cell (virus_3119328,host_519446): 0 -> 1
Cell (virus_3119328,host_2528591): 0 -> 1
Cell (virus_3119328,host_109482): 0 -> 1
Cell (virus_3119328,host_51298): 0 -> 1
Cell (virus_3119328,host_1911917): 0 -> 1
Cell (virus_3119328,host_452653): 0 -> 1
Cell (virus_3119328,host_138979): 0 -> 1
Cell (virus_3119328,host_155915): 0 -> 1
Cell (virus_3119328,host_225400): 0 -> 1
Cell (virus_3119328,host_155035): 0 -> 1
Cell (virus_3119328,host_258925): 0 -> 1
Cell (virus_3119328,host_177185): 0 -> 1
Cell (virus_3119328,host_187017): 0 -> 1
Cell (virus_3119328,host_270698): 0 -> 1
Cell (virus_3119328,host_334201): 0 -> 1
Cell (virus_3119328,host_249020): 0 -> 1
Cell (virus_3119328,host_584995): 0 -> 1
Cell (virus_3119328,host_463808): 0 -> 1
Cell (virus_3119328,host_58069): 0 -> 1
Cell (virus_3119328,host_59479): 0 -> 1
Cell (virus_3119328,host_59476): 0 -> 1
Cell (virus_3119328,host_177160): 0 -> 1
Cell (virus_3119328,host_2994998): 0 -> 1
Cell (virus_3119328,host_3042450): 0 -> 1
Cell (virus_3119328,host_59472): 0 -> 1
Cell (virus_3119328,host_9414): 0 -> 1
Cell (virus_3119328,host_1434095): 0 -> 1
Cell (virus_3119328,host_291302): 0 -> 1
Cell (virus_3119328,host_221087): 0 -> 1
Cell (virus_3119328,host_187007): 0 -> 1
Cell (virus_3119328,host_187008): 0 -> 1
Cell (virus_3119328,host_258934): 0 -> 1
Cell (virus_3119328,host_479723): 0 -> 1
Cell (virus_3119328,host_124751): 0 -> 1
Cell (virus_3119328,host_2218597): 0 -> 1
Cell (virus_3119328,host_258867): 0 -> 1
Cell (virus_3119328,host_242384): 0 -> 1
Cell (virus_3119328,host_258863): 0 -> 1
Cell (virus_3119328,host_9438): 0 -> 1
Cell (virus_3119328,host_153297): 0 -> 1
Cell (virus_3119328,host_258952): 0 -> 1
Cell (virus_3119328,host_249033): 0 -> 1
Cell (virus_3119328,host_258930): 0 -> 1
Cell (virus_3119328,host_61862): 0 -> 1
Cell (virus_3119328,host_109485): 0 -> 1
Cell (virus_3119328,host_59474): 0 -> 1
Cell (virus_3119328,host_999321): 0 -> 1
Cell (virus_3119328,host_143942): 0 -> 1
Cell (virus_3119328,host_2491053): 0 -> 1
Cell (virus_3119328,host_258959): 0 -> 1
Cell (virus_3119328,host_526822): 0 -> 1
Cell (virus_3119329,host_105273): 0 -> 1
Cell (virus_3119329,host_109478): 0 -> 1
Cell (virus_3119329,host_3380546): 0 -> 1
Cell (virus_3119329,host_9435): 0 -> 1
Cell (virus_3119329,host_59463): 0 -> 1
Cell (virus_3119329,host_109480): 0 -> 1
Cell (virus_3119329,host_1633875): 0 -> 1
Cell (virus_3119329,host_2528591): 0 -> 1
Cell (virus_3119329,host_109482): 0 -> 1
Cell (virus_3119329,host_51298): 0 -> 1
Cell (virus_3119329,host_1911917): 0 -> 1
Cell (virus_3119329,host_452653): 0 -> 1
Cell (virus_3119329,host_138979): 0 -> 1
Cell (virus_3119329,host_155915): 0 -> 1
Cell (virus_3119329,host_225400): 0 -> 1
Cell (virus_3119329,host_155035): 0 -> 1
Cell (virus_3119329,host_258925): 0 -> 1
Cell (virus_3119329,host_177185): 0 -> 1
Cell (virus_3119329,host_187017): 0 -> 1
Cell (virus_3119329,host_270698): 0 -> 1
Cell (virus_3119329,host_334201): 0 -> 1
Cell (virus_3119329,host_249020): 0 -> 1
Cell (virus_3119329,host_584995): 0 -> 1
Cell (virus_3119329,host_463808): 0 -> 1
Cell (virus_3119329,host_58069): 0 -> 1
Cell (virus_3119329,host_76837): 0 -> 1
Cell (virus_3119329,host_59479): 0 -> 1
Cell (virus_3119329,host_59476): 0 -> 1
Cell (virus_3119329,host_177160): 0 -> 1
Cell (virus_3119329,host_2994998): 0 -> 1
Cell (virus_3119329,host_3042450): 0 -> 1
Cell (virus_3119329,host_59472): 0 -> 1
Cell (virus_3119329,host_9414): 0 -> 1
Cell (virus_3119329,host_1434095): 0 -> 1
Cell (virus_3119329,host_291302): 0 -> 1
Cell (virus_3119329,host_221087): 0 -> 1
Cell (virus_3119329,host_187007): 0 -> 1
Cell (virus_3119329,host_187008): 0 -> 1
Cell (virus_3119329,host_258934): 0 -> 1
Cell (virus_3119329,host_479723): 0 -> 1
Cell (virus_3119329,host_124751): 0 -> 1
Cell (virus_3119329,host_3041509): 0 -> 1
Cell (virus_3119329,host_2218597): 0 -> 1
Cell (virus_3119329,host_258867): 0 -> 1
Cell (virus_3119329,host_242384): 0 -> 1
Cell (virus_3119329,host_258863): 0 -> 1
Cell (virus_3119329,host_9438): 0 -> 1
Cell (virus_3119329,host_153297): 0 -> 1
Cell (virus_3119329,host_258952): 0 -> 1
Cell (virus_3119329,host_249033): 0 -> 1
Cell (virus_3119329,host_258930): 0 -> 1
Cell (virus_3119329,host_61862): 0 -> 1
Cell (virus_3119329,host_109485): 0 -> 1
Cell (virus_3119329,host_59474): 0 -> 1
Cell (virus_3119329,host_999321): 0 -> 1
Cell (virus_3119329,host_143942): 0 -> 1
Cell (virus_3119329,host_2491053): 0 -> 1
Cell (virus_3119329,host_258959): 0 -> 1
Cell (virus_3119329,host_526822): 0 -> 1
Cell (virus_2991941,host_105273): 0 -> 1
Cell (virus_2991941,host_109478): 0 -> 1
Cell (virus_2991941,host_9435): 0 -> 1
Cell (virus_2991941,host_59463): 0 -> 1
Cell (virus_2991941,host_109480): 0 -> 1
Cell (virus_2991941,host_1633875): 0 -> 1
Cell (virus_2991941,host_519446): 0 -> 1
Cell (virus_2991941,host_2528591): 0 -> 1
Cell (virus_2991941,host_109482): 0 -> 1
Cell (virus_2991941,host_51298): 0 -> 1
Cell (virus_2991941,host_1911917): 0 -> 1
Cell (virus_2991941,host_452653): 0 -> 1
Cell (virus_2991941,host_138979): 0 -> 1
Cell (virus_2991941,host_155915): 0 -> 1
Cell (virus_2991941,host_225400): 0 -> 1
Cell (virus_2991941,host_155035): 0 -> 1
Cell (virus_2991941,host_258925): 0 -> 1
Cell (virus_2991941,host_177185): 0 -> 1
Cell (virus_2991941,host_187017): 0 -> 1
Cell (virus_2991941,host_270698): 0 -> 1
Cell (virus_2991941,host_334201): 0 -> 1
Cell (virus_2991941,host_249020): 0 -> 1
Cell (virus_2991941,host_584995): 0 -> 1
Cell (virus_2991941,host_463808): 0 -> 1
Cell (virus_2991941,host_58069): 0 -> 1
Cell (virus_2991941,host_59479): 0 -> 1
Cell (virus_2991941,host_59476): 0 -> 1
Cell (virus_2991941,host_177160): 0 -> 1
Cell (virus_2991941,host_2994998): 0 -> 1
Cell (virus_2991941,host_3042450): 0 -> 1
Cell (virus_2991941,host_59472): 0 -> 1
Cell (virus_2991941,host_9414): 0 -> 1
Cell (virus_2991941,host_1434095): 0 -> 1
Cell (virus_2991941,host_291302): 0 -> 1
Cell (virus_2991941,host_221087): 0 -> 1
Cell (virus_2991941,host_187007): 0 -> 1
Cell (virus_2991941,host_187008): 0 -> 1
Cell (virus_2991941,host_258934): 0 -> 1
Cell (virus_2991941,host_479723): 0 -> 1
Cell (virus_2991941,host_124751): 0 -> 1
Cell (virus_2991941,host_3041509): 0 -> 1
Cell (virus_2991941,host_2218597): 0 -> 1
Cell (virus_2991941,host_258867): 0 -> 1
Cell (virus_2991941,host_242384): 0 -> 1
Cell (virus_2991941,host_258863): 0 -> 1
Cell (virus_2991941,host_9438): 0 -> 1
Cell (virus_2991941,host_153297): 0 -> 1
Cell (virus_2991941,host_258952): 0 -> 1
Cell (virus_2991941,host_249033): 0 -> 1
Cell (virus_2991941,host_258930): 0 -> 1
Cell (virus_2991941,host_61862): 0 -> 1
Cell (virus_2991941,host_109485): 0 -> 1
Cell (virus_2991941,host_59474): 0 -> 1
Cell (virus_2991941,host_999321): 0 -> 1
Cell (virus_2991941,host_143942): 0 -> 1
Cell (virus_2991941,host_2491053): 0 -> 1
Cell (virus_2991941,host_258959): 0 -> 1
Cell (virus_2991941,host_526822): 0 -> 1
Cell (virus_2991941,host_59485): 0 -> 1
Cell (virus_2993504,host_105273): 0 -> 1
Cell (virus_2993504,host_109478): 0 -> 1
Cell (virus_2993504,host_9435): 0 -> 1
Cell (virus_2993504,host_59463): 0 -> 1
Cell (virus_2993504,host_109480): 0 -> 1
Cell (virus_2993504,host_1633875): 0 -> 1
Cell (virus_2993504,host_519446): 0 -> 1
Cell (virus_2993504,host_2528591): 0 -> 1
Cell (virus_2993504,host_109482): 0 -> 1
Cell (virus_2993504,host_51298): 0 -> 1
Cell (virus_2993504,host_1911917): 0 -> 1
Cell (virus_2993504,host_452653): 0 -> 1
Cell (virus_2993504,host_98922): 0 -> 1
Cell (virus_2993504,host_138979): 0 -> 1
Cell (virus_2993504,host_155915): 0 -> 1
Cell (virus_2993504,host_225400): 0 -> 1
Cell (virus_2993504,host_155035): 0 -> 1
Cell (virus_2993504,host_258925): 0 -> 1
Cell (virus_2993504,host_177185): 0 -> 1
Cell (virus_2993504,host_187017): 0 -> 1
Cell (virus_2993504,host_270698): 0 -> 1
Cell (virus_2993504,host_334201): 0 -> 1
Cell (virus_2993504,host_249020): 0 -> 1
Cell (virus_2993504,host_584995): 0 -> 1
Cell (virus_2993504,host_463808): 0 -> 1
Cell (virus_2993504,host_58069): 0 -> 1
Cell (virus_2993504,host_59479): 0 -> 1
Cell (virus_2993504,host_59476): 0 -> 1
Cell (virus_2993504,host_177160): 0 -> 1
Cell (virus_2993504,host_2994998): 0 -> 1
Cell (virus_2993504,host_3042450): 0 -> 1
Cell (virus_2993504,host_59472): 0 -> 1
Cell (virus_2993504,host_9414): 0 -> 1
Cell (virus_2993504,host_1434095): 0 -> 1
Cell (virus_2993504,host_291302): 0 -> 1
Cell (virus_2993504,host_221087): 0 -> 1
Cell (virus_2993504,host_187007): 0 -> 1
Cell (virus_2993504,host_187008): 0 -> 1
Cell (virus_2993504,host_258934): 0 -> 1
Cell (virus_2993504,host_479723): 0 -> 1
Cell (virus_2993504,host_124751): 0 -> 1
Cell (virus_2993504,host_3041509): 0 -> 1
Cell (virus_2993504,host_2218597): 0 -> 1
Cell (virus_2993504,host_258867): 0 -> 1
Cell (virus_2993504,host_242384): 0 -> 1
Cell (virus_2993504,host_258863): 0 -> 1
Cell (virus_2993504,host_9438): 0 -> 1
Cell (virus_2993504,host_153297): 0 -> 1
Cell (virus_2993504,host_258952): 0 -> 1
Cell (virus_2993504,host_249033): 0 -> 1
Cell (virus_2993504,host_258930): 0 -> 1
Cell (virus_2993504,host_61862): 0 -> 1
Cell (virus_2993504,host_109485): 0 -> 1
Cell (virus_2993504,host_59474): 0 -> 1
Cell (virus_2993504,host_999321): 0 -> 1
Cell (virus_2993504,host_143942): 0 -> 1
Cell (virus_2993504,host_2491053): 0 -> 1
Cell (virus_2993504,host_258959): 0 -> 1
Cell (virus_2993504,host_526822): 0 -> 1
Cell (virus_1335626,host_105273): 0 -> 1
Cell (virus_1335626,host_109478): 0 -> 1
Cell (virus_1335626,host_9435): 0 -> 1
Cell (virus_1335626,host_59463): 0 -> 1
Cell (virus_1335626,host_109480): 0 -> 1
Cell (virus_1335626,host_1633875): 0 -> 1
Cell (virus_1335626,host_2528591): 0 -> 1
Cell (virus_1335626,host_109482): 0 -> 1
Cell (virus_1335626,host_51298): 0 -> 1
Cell (virus_1335626,host_1911917): 0 -> 1
Cell (virus_1335626,host_203696): 0 -> 1
Cell (virus_1335626,host_452653): 0 -> 1
Cell (virus_1335626,host_155915): 0 -> 1
Cell (virus_1335626,host_225400): 0 -> 1
Cell (virus_1335626,host_155035): 0 -> 1
Cell (virus_1335626,host_633648): 0 -> 1
Cell (virus_1335626,host_258925): 0 -> 1
Cell (virus_1335626,host_177185): 0 -> 1
Cell (virus_1335626,host_187017): 0 -> 1
Cell (virus_1335626,host_118856): 0 -> 1
Cell (virus_1335626,host_59476): 0 -> 1
Cell (virus_1335626,host_177160): 0 -> 1
Cell (virus_1335626,host_2994998): 0 -> 1
Cell (virus_1335626,host_3042450): 0 -> 1
Cell (virus_1335626,host_59472): 0 -> 1
Cell (virus_1335626,host_9414): 0 -> 1
Cell (virus_1335626,host_1434095): 0 -> 1
Cell (virus_1335626,host_291302): 0 -> 1
Cell (virus_1335626,host_221087): 0 -> 1
Cell (virus_1335626,host_187007): 0 -> 1
Cell (virus_1335626,host_187008): 0 -> 1
Cell (virus_1335626,host_258934): 0 -> 1
Cell (virus_1335626,host_479723): 0 -> 1
Cell (virus_1335626,host_124751): 0 -> 1
Cell (virus_1335626,host_27622): 0 -> 1
Cell (virus_1335626,host_3041509): 0 -> 1
Cell (virus_1335626,host_2218597): 0 -> 1
Cell (virus_1335626,host_258867): 0 -> 1
Cell (virus_1335626,host_242384): 0 -> 1
Cell (virus_1335626,host_258863): 0 -> 1
Cell (virus_1335626,host_452595): 0 -> 1
Cell (virus_1335626,host_999964): 0 -> 1
Cell (virus_1335626,host_9438): 0 -> 1
Cell (virus_1335626,host_153297): 0 -> 1
Cell (virus_1335626,host_258952): 0 -> 1
Cell (virus_1335626,host_258930): 0 -> 1
Cell (virus_1335626,host_61862): 0 -> 1
Cell (virus_1335626,host_143942): 0 -> 1
Cell (virus_1335626,host_2491053): 0 -> 1
Cell (virus_1335626,host_258959): 0 -> 1
Cell (virus_1335626,host_526822): 0 -> 1
Cell (virus_3433633,host_105273): 0 -> 1
Cell (virus_3433633,host_109478): 0 -> 1
Cell (virus_3433633,host_9435): 0 -> 1
Cell (virus_3433633,host_59463): 0 -> 1
Cell (virus_3433633,host_109480): 0 -> 1
Cell (virus_3433633,host_1633875): 0 -> 1
Cell (virus_3433633,host_2528591): 0 -> 1
Cell (virus_3433633,host_109482): 0 -> 1
Cell (virus_3433633,host_51298): 0 -> 1
Cell (virus_3433633,host_1911917): 0 -> 1
Cell (virus_3433633,host_203696): 0 -> 1
Cell (virus_3433633,host_452653): 0 -> 1
Cell (virus_3433633,host_155915): 0 -> 1
Cell (virus_3433633,host_225400): 0 -> 1
Cell (virus_3433633,host_155035): 0 -> 1
Cell (virus_3433633,host_633648): 0 -> 1
Cell (virus_3433633,host_258925): 0 -> 1
Cell (virus_3433633,host_177185): 0 -> 1
Cell (virus_3433633,host_187017): 0 -> 1
Cell (virus_3433633,host_118856): 0 -> 1
Cell (virus_3433633,host_59476): 0 -> 1
Cell (virus_3433633,host_177160): 0 -> 1
Cell (virus_3433633,host_2994998): 0 -> 1
Cell (virus_3433633,host_3042450): 0 -> 1
Cell (virus_3433633,host_59472): 0 -> 1
Cell (virus_3433633,host_9414): 0 -> 1
Cell (virus_3433633,host_1434095): 0 -> 1
Cell (virus_3433633,host_291302): 0 -> 1
Cell (virus_3433633,host_221087): 0 -> 1
Cell (virus_3433633,host_187007): 0 -> 1
Cell (virus_3433633,host_187008): 0 -> 1
Cell (virus_3433633,host_258934): 0 -> 1
Cell (virus_3433633,host_479723): 0 -> 1
Cell (virus_3433633,host_124751): 0 -> 1
Cell (virus_3433633,host_27622): 0 -> 1
Cell (virus_3433633,host_3041509): 0 -> 1
Cell (virus_3433633,host_2218597): 0 -> 1
Cell (virus_3433633,host_258867): 0 -> 1
Cell (virus_3433633,host_242384): 0 -> 1
Cell (virus_3433633,host_258863): 0 -> 1
Cell (virus_3433633,host_452595): 0 -> 1
Cell (virus_3433633,host_999964): 0 -> 1
Cell (virus_3433633,host_9438): 0 -> 1
Cell (virus_3433633,host_153297): 0 -> 1
Cell (virus_3433633,host_258952): 0 -> 1
Cell (virus_3433633,host_258930): 0 -> 1
Cell (virus_3433633,host_61862): 0 -> 1
Cell (virus_3433633,host_143942): 0 -> 1
Cell (virus_3433633,host_2491053): 0 -> 1
Cell (virus_3433633,host_258959): 0 -> 1
Cell (virus_3433633,host_526822): 0 -> 1
Cell (virus_1508220,host_105273): 0 -> 1
Cell (virus_1508220,host_109478): 0 -> 1
Cell (virus_1508220,host_9435): 0 -> 1
Cell (virus_1508220,host_59463): 0 -> 1
Cell (virus_1508220,host_109480): 0 -> 1
Cell (virus_1508220,host_1633875): 0 -> 1
Cell (virus_1508220,host_2528591): 0 -> 1
Cell (virus_1508220,host_109482): 0 -> 1
Cell (virus_1508220,host_51298): 0 -> 1
Cell (virus_1508220,host_1911917): 0 -> 1
Cell (virus_1508220,host_203696): 0 -> 1
Cell (virus_1508220,host_452653): 0 -> 1
Cell (virus_1508220,host_155915): 0 -> 1
Cell (virus_1508220,host_225400): 0 -> 1
Cell (virus_1508220,host_155035): 0 -> 1
Cell (virus_1508220,host_2015597): 0 -> 1
Cell (virus_1508220,host_633648): 0 -> 1
Cell (virus_1508220,host_258925): 0 -> 1
Cell (virus_1508220,host_177185): 0 -> 1
Cell (virus_1508220,host_187017): 0 -> 1
Cell (virus_1508220,host_118856): 0 -> 1
Cell (virus_1508220,host_1884717): 0 -> 1
Cell (virus_1508220,host_59476): 0 -> 1
Cell (virus_1508220,host_177160): 0 -> 1
Cell (virus_1508220,host_2994998): 0 -> 1
Cell (virus_1508220,host_3042450): 0 -> 1
Cell (virus_1508220,host_59472): 0 -> 1
Cell (virus_1508220,host_9414): 0 -> 1
Cell (virus_1508220,host_1434095): 0 -> 1
Cell (virus_1508220,host_291302): 0 -> 1
Cell (virus_1508220,host_221087): 0 -> 1
Cell (virus_1508220,host_187007): 0 -> 1
Cell (virus_1508220,host_187008): 0 -> 1
Cell (virus_1508220,host_258934): 0 -> 1
Cell (virus_1508220,host_479723): 0 -> 1
Cell (virus_1508220,host_124751): 0 -> 1
Cell (virus_1508220,host_27622): 0 -> 1
Cell (virus_1508220,host_3041509): 0 -> 1
Cell (virus_1508220,host_2218597): 0 -> 1
Cell (virus_1508220,host_258867): 0 -> 1
Cell (virus_1508220,host_242384): 0 -> 1
Cell (virus_1508220,host_258863): 0 -> 1
Cell (virus_1508220,host_452595): 0 -> 1
Cell (virus_1508220,host_999964): 0 -> 1
Cell (virus_1508220,host_9438): 0 -> 1
Cell (virus_1508220,host_153297): 0 -> 1
Cell (virus_1508220,host_258952): 0 -> 1
Cell (virus_1508220,host_258930): 0 -> 1
Cell (virus_1508220,host_61862): 0 -> 1
Cell (virus_1508220,host_143942): 0 -> 1
Cell (virus_1508220,host_2491053): 0 -> 1
Cell (virus_1508220,host_258959): 0 -> 1
Cell (virus_1508220,host_526822): 0 -> 1
Cell (virus_3433775,host_105273): 0 -> 1
Cell (virus_3433775,host_109478): 0 -> 1
Cell (virus_3433775,host_9435): 0 -> 1
Cell (virus_3433775,host_59463): 0 -> 1
Cell (virus_3433775,host_109480): 0 -> 1
Cell (virus_3433775,host_1633875): 0 -> 1
Cell (virus_3433775,host_2528591): 0 -> 1
Cell (virus_3433775,host_109482): 0 -> 1
Cell (virus_3433775,host_51298): 0 -> 1
Cell (virus_3433775,host_1911917): 0 -> 1
Cell (virus_3433775,host_203696): 0 -> 1
Cell (virus_3433775,host_452653): 0 -> 1
Cell (virus_3433775,host_155915): 0 -> 1
Cell (virus_3433775,host_225400): 0 -> 1
Cell (virus_3433775,host_155035): 0 -> 1
Cell (virus_3433775,host_2015597): 0 -> 1
Cell (virus_3433775,host_633648): 0 -> 1
Cell (virus_3433775,host_258925): 0 -> 1
Cell (virus_3433775,host_177185): 0 -> 1
Cell (virus_3433775,host_187017): 0 -> 1
Cell (virus_3433775,host_118856): 0 -> 1
Cell (virus_3433775,host_1884717): 0 -> 1
Cell (virus_3433775,host_59476): 0 -> 1
Cell (virus_3433775,host_177160): 0 -> 1
Cell (virus_3433775,host_2994998): 0 -> 1
Cell (virus_3433775,host_3042450): 0 -> 1
Cell (virus_3433775,host_59472): 0 -> 1
Cell (virus_3433775,host_9414): 0 -> 1
Cell (virus_3433775,host_1434095): 0 -> 1
Cell (virus_3433775,host_291302): 0 -> 1
Cell (virus_3433775,host_221087): 0 -> 1
Cell (virus_3433775,host_187007): 0 -> 1
Cell (virus_3433775,host_187008): 0 -> 1
Cell (virus_3433775,host_258934): 0 -> 1
Cell (virus_3433775,host_479723): 0 -> 1
Cell (virus_3433775,host_124751): 0 -> 1
Cell (virus_3433775,host_27622): 0 -> 1
Cell (virus_3433775,host_3041509): 0 -> 1
Cell (virus_3433775,host_2218597): 0 -> 1
Cell (virus_3433775,host_258867): 0 -> 1
Cell (virus_3433775,host_242384): 0 -> 1
Cell (virus_3433775,host_258863): 0 -> 1
Cell (virus_3433775,host_452595): 0 -> 1
Cell (virus_3433775,host_999964): 0 -> 1
Cell (virus_3433775,host_9438): 0 -> 1
Cell (virus_3433775,host_153297): 0 -> 1
Cell (virus_3433775,host_258952): 0 -> 1
Cell (virus_3433775,host_258930): 0 -> 1
Cell (virus_3433775,host_61862): 0 -> 1
Cell (virus_3433775,host_143942): 0 -> 1
Cell (virus_3433775,host_2491053): 0 -> 1
Cell (virus_3433775,host_258959): 0 -> 1
Cell (virus_3433775,host_526822): 0 -> 1
Cell (virus_694008,host_105273): 0 -> 1
Cell (virus_694008,host_109478): 0 -> 1
Cell (virus_694008,host_9435): 0 -> 1
Cell (virus_694008,host_59463): 0 -> 1
Cell (virus_694008,host_109480): 0 -> 1
Cell (virus_694008,host_1633875): 0 -> 1
Cell (virus_694008,host_2528591): 0 -> 1
Cell (virus_694008,host_109482): 0 -> 1
Cell (virus_694008,host_51298): 0 -> 1
Cell (virus_694008,host_1911917): 0 -> 1
Cell (virus_694008,host_203696): 0 -> 1
Cell (virus_694008,host_452653): 0 -> 1
Cell (virus_694008,host_155915): 0 -> 1
Cell (virus_694008,host_225400): 0 -> 1
Cell (virus_694008,host_155035): 0 -> 1
Cell (virus_694008,host_2015597): 0 -> 1
Cell (virus_694008,host_633648): 0 -> 1
Cell (virus_694008,host_258925): 0 -> 1
Cell (virus_694008,host_177185): 0 -> 1
Cell (virus_694008,host_187017): 0 -> 1
Cell (virus_694008,host_118856): 0 -> 1
Cell (virus_694008,host_1884717): 0 -> 1
Cell (virus_694008,host_59476): 0 -> 1
Cell (virus_694008,host_177160): 0 -> 1
Cell (virus_694008,host_2994998): 0 -> 1
Cell (virus_694008,host_3042450): 0 -> 1
Cell (virus_694008,host_59472): 0 -> 1
Cell (virus_694008,host_9414): 0 -> 1
Cell (virus_694008,host_1434095): 0 -> 1
Cell (virus_694008,host_291302): 0 -> 1
Cell (virus_694008,host_221087): 0 -> 1
Cell (virus_694008,host_187007): 0 -> 1
Cell (virus_694008,host_187008): 0 -> 1
Cell (virus_694008,host_258934): 0 -> 1
Cell (virus_694008,host_479723): 0 -> 1
Cell (virus_694008,host_124751): 0 -> 1
Cell (virus_694008,host_27622): 0 -> 1
Cell (virus_694008,host_3041509): 0 -> 1
Cell (virus_694008,host_2218597): 0 -> 1
Cell (virus_694008,host_258867): 0 -> 1
Cell (virus_694008,host_242384): 0 -> 1
Cell (virus_694008,host_258863): 0 -> 1
Cell (virus_694008,host_452595): 0 -> 1
Cell (virus_694008,host_999964): 0 -> 1
Cell (virus_694008,host_9438): 0 -> 1
Cell (virus_694008,host_153297): 0 -> 1
Cell (virus_694008,host_258952): 0 -> 1
Cell (virus_694008,host_258930): 0 -> 1
Cell (virus_694008,host_61862): 0 -> 1
Cell (virus_694008,host_143942): 0 -> 1
Cell (virus_694008,host_2491053): 0 -> 1
Cell (virus_694008,host_258959): 0 -> 1
Cell (virus_694008,host_526822): 0 -> 1
Cell (virus_2832974,host_105273): 0 -> 1
Cell (virus_2832974,host_109478): 0 -> 1
Cell (virus_2832974,host_9435): 0 -> 1
Cell (virus_2832974,host_59463): 0 -> 1
Cell (virus_2832974,host_109480): 0 -> 1
Cell (virus_2832974,host_1633875): 0 -> 1
Cell (virus_2832974,host_2528591): 0 -> 1
Cell (virus_2832974,host_109482): 0 -> 1
Cell (virus_2832974,host_51298): 0 -> 1
Cell (virus_2832974,host_1911917): 0 -> 1
Cell (virus_2832974,host_452653): 0 -> 1
Cell (virus_2832974,host_155915): 0 -> 1
Cell (virus_2832974,host_225400): 0 -> 1
Cell (virus_2832974,host_155035): 0 -> 1
Cell (virus_2832974,host_633648): 0 -> 1
Cell (virus_2832974,host_258925): 0 -> 1
Cell (virus_2832974,host_177185): 0 -> 1
Cell (virus_2832974,host_187017): 0 -> 1
Cell (virus_2832974,host_118856): 0 -> 1
Cell (virus_2832974,host_1884717): 0 -> 1
Cell (virus_2832974,host_59476): 0 -> 1
Cell (virus_2832974,host_177160): 0 -> 1
Cell (virus_2832974,host_177162): 0 -> 1
Cell (virus_2832974,host_2994998): 0 -> 1
Cell (virus_2832974,host_3042450): 0 -> 1
Cell (virus_2832974,host_59472): 0 -> 1
Cell (virus_2832974,host_9414): 0 -> 1
Cell (virus_2832974,host_1434095): 0 -> 1
Cell (virus_2832974,host_291302): 0 -> 1
Cell (virus_2832974,host_221087): 0 -> 1
Cell (virus_2832974,host_187007): 0 -> 1
Cell (virus_2832974,host_187008): 0 -> 1
Cell (virus_2832974,host_258934): 0 -> 1
Cell (virus_2832974,host_479723): 0 -> 1
Cell (virus_2832974,host_124751): 0 -> 1
Cell (virus_2832974,host_27622): 0 -> 1
Cell (virus_2832974,host_3041509): 0 -> 1
Cell (virus_2832974,host_2218597): 0 -> 1
Cell (virus_2832974,host_258867): 0 -> 1
Cell (virus_2832974,host_242384): 0 -> 1
Cell (virus_2832974,host_258863): 0 -> 1
Cell (virus_2832974,host_452595): 0 -> 1
Cell (virus_2832974,host_999964): 0 -> 1
Cell (virus_2832974,host_9438): 0 -> 1
Cell (virus_2832974,host_153297): 0 -> 1
Cell (virus_2832974,host_258952): 0 -> 1
Cell (virus_2832974,host_258930): 0 -> 1
Cell (virus_2832974,host_61862): 0 -> 1
Cell (virus_2832974,host_143942): 0 -> 1
Cell (virus_2832974,host_2491053): 0 -> 1
Cell (virus_2832974,host_258959): 0 -> 1
Cell (virus_2832974,host_526822): 0 -> 1
Cell (virus_1928434,host_105273): 0 -> 1
Cell (virus_1928434,host_109478): 0 -> 1
Cell (virus_1928434,host_9435): 0 -> 1
Cell (virus_1928434,host_59463): 0 -> 1
Cell (virus_1928434,host_109480): 0 -> 1
Cell (virus_1928434,host_1633875): 0 -> 1
Cell (virus_1928434,host_2528591): 0 -> 1
Cell (virus_1928434,host_109482): 0 -> 1
Cell (virus_1928434,host_51298): 0 -> 1
Cell (virus_1928434,host_1911917): 0 -> 1
Cell (virus_1928434,host_203696): 0 -> 1
Cell (virus_1928434,host_452653): 0 -> 1
Cell (virus_1928434,host_155915): 0 -> 1
Cell (virus_1928434,host_225400): 0 -> 1
Cell (virus_1928434,host_155035): 0 -> 1
Cell (virus_1928434,host_633648): 0 -> 1
Cell (virus_1928434,host_258925): 0 -> 1
Cell (virus_1928434,host_177185): 0 -> 1
Cell (virus_1928434,host_187017): 0 -> 1
Cell (virus_1928434,host_118856): 0 -> 1
Cell (virus_1928434,host_59476): 0 -> 1
Cell (virus_1928434,host_177160): 0 -> 1
Cell (virus_1928434,host_148089): 0 -> 1
Cell (virus_1928434,host_3042450): 0 -> 1
Cell (virus_1928434,host_59472): 0 -> 1
Cell (virus_1928434,host_9414): 0 -> 1
Cell (virus_1928434,host_1434095): 0 -> 1
Cell (virus_1928434,host_291302): 0 -> 1
Cell (virus_1928434,host_221087): 0 -> 1
Cell (virus_1928434,host_187007): 0 -> 1
Cell (virus_1928434,host_9433): 0 -> 1
Cell (virus_1928434,host_438766): 0 -> 1
Cell (virus_1928434,host_258934): 0 -> 1
Cell (virus_1928434,host_479723): 0 -> 1
Cell (virus_1928434,host_124751): 0 -> 1
Cell (virus_1928434,host_3041509): 0 -> 1
Cell (virus_1928434,host_2218597): 0 -> 1
Cell (virus_1928434,host_258867): 0 -> 1
Cell (virus_1928434,host_242384): 0 -> 1
Cell (virus_1928434,host_258863): 0 -> 1
Cell (virus_1928434,host_452595): 0 -> 1
Cell (virus_1928434,host_999964): 0 -> 1
Cell (virus_1928434,host_9438): 0 -> 1
Cell (virus_1928434,host_153297): 0 -> 1
Cell (virus_1928434,host_258952): 0 -> 1
Cell (virus_1928434,host_258930): 0 -> 1
Cell (virus_1928434,host_61862): 0 -> 1
Cell (virus_1928434,host_143942): 0 -> 1
Cell (virus_1928434,host_2491053): 0 -> 1
Cell (virus_1928434,host_258959): 0 -> 1
Cell (virus_1928434,host_526822): 0 -> 1
Cell (virus_3433757,host_105273): 0 -> 1
Cell (virus_3433757,host_109478): 0 -> 1
Cell (virus_3433757,host_9435): 0 -> 1
Cell (virus_3433757,host_59463): 0 -> 1
Cell (virus_3433757,host_109480): 0 -> 1
Cell (virus_3433757,host_1633875): 0 -> 1
Cell (virus_3433757,host_2528591): 0 -> 1
Cell (virus_3433757,host_109482): 0 -> 1
Cell (virus_3433757,host_51298): 0 -> 1
Cell (virus_3433757,host_1911917): 0 -> 1
Cell (virus_3433757,host_203696): 0 -> 1
Cell (virus_3433757,host_452653): 0 -> 1
Cell (virus_3433757,host_155915): 0 -> 1
Cell (virus_3433757,host_225400): 0 -> 1
Cell (virus_3433757,host_155035): 0 -> 1
Cell (virus_3433757,host_633648): 0 -> 1
Cell (virus_3433757,host_258925): 0 -> 1
Cell (virus_3433757,host_177185): 0 -> 1
Cell (virus_3433757,host_187017): 0 -> 1
Cell (virus_3433757,host_118856): 0 -> 1
Cell (virus_3433757,host_59476): 0 -> 1
Cell (virus_3433757,host_177160): 0 -> 1
Cell (virus_3433757,host_148089): 0 -> 1
Cell (virus_3433757,host_3042450): 0 -> 1
Cell (virus_3433757,host_59472): 0 -> 1
Cell (virus_3433757,host_9414): 0 -> 1
Cell (virus_3433757,host_1434095): 0 -> 1
Cell (virus_3433757,host_291302): 0 -> 1
Cell (virus_3433757,host_221087): 0 -> 1
Cell (virus_3433757,host_187007): 0 -> 1
Cell (virus_3433757,host_9433): 0 -> 1
Cell (virus_3433757,host_438766): 0 -> 1
Cell (virus_3433757,host_258934): 0 -> 1
Cell (virus_3433757,host_479723): 0 -> 1
Cell (virus_3433757,host_124751): 0 -> 1
Cell (virus_3433757,host_3041509): 0 -> 1
Cell (virus_3433757,host_2218597): 0 -> 1
Cell (virus_3433757,host_258867): 0 -> 1
Cell (virus_3433757,host_242384): 0 -> 1
Cell (virus_3433757,host_258863): 0 -> 1
Cell (virus_3433757,host_452595): 0 -> 1
Cell (virus_3433757,host_999964): 0 -> 1
Cell (virus_3433757,host_9438): 0 -> 1
Cell (virus_3433757,host_153297): 0 -> 1
Cell (virus_3433757,host_249034): 0 -> 1
Cell (virus_3433757,host_258952): 0 -> 1
Cell (virus_3433757,host_258930): 0 -> 1
Cell (virus_3433757,host_61862): 0 -> 1
Cell (virus_3433757,host_143942): 0 -> 1
Cell (virus_3433757,host_2491053): 0 -> 1
Cell (virus_3433757,host_258959): 0 -> 1
Cell (virus_3433757,host_526822): 0 -> 1
Cell (virus_694003,host_105273): 0 -> 1
Cell (virus_694003,host_109478): 0 -> 1
Cell (virus_694003,host_9435): 0 -> 1
Cell (virus_694003,host_59463): 0 -> 1
Cell (virus_694003,host_109480): 0 -> 1
Cell (virus_694003,host_1633875): 0 -> 1
Cell (virus_694003,host_2528591): 0 -> 1
Cell (virus_694003,host_109482): 0 -> 1
Cell (virus_694003,host_51298): 0 -> 1
Cell (virus_694003,host_1911917): 0 -> 1
Cell (virus_694003,host_203696): 0 -> 1
Cell (virus_694003,host_452653): 0 -> 1
Cell (virus_694003,host_155915): 0 -> 1
Cell (virus_694003,host_225400): 0 -> 1
Cell (virus_694003,host_155035): 0 -> 1
Cell (virus_694003,host_633648): 0 -> 1
Cell (virus_694003,host_258925): 0 -> 1
Cell (virus_694003,host_177185): 0 -> 1
Cell (virus_694003,host_187017): 0 -> 1
Cell (virus_694003,host_118856): 0 -> 1
Cell (virus_694003,host_59476): 0 -> 1
Cell (virus_694003,host_177160): 0 -> 1
Cell (virus_694003,host_148089): 0 -> 1
Cell (virus_694003,host_3042450): 0 -> 1
Cell (virus_694003,host_59472): 0 -> 1
Cell (virus_694003,host_9414): 0 -> 1
Cell (virus_694003,host_1434095): 0 -> 1
Cell (virus_694003,host_291302): 0 -> 1
Cell (virus_694003,host_221087): 0 -> 1
Cell (virus_694003,host_187007): 0 -> 1
Cell (virus_694003,host_9433): 0 -> 1
Cell (virus_694003,host_438766): 0 -> 1
Cell (virus_694003,host_258934): 0 -> 1
Cell (virus_694003,host_479723): 0 -> 1
Cell (virus_694003,host_124751): 0 -> 1
Cell (virus_694003,host_3041509): 0 -> 1
Cell (virus_694003,host_2218597): 0 -> 1
Cell (virus_694003,host_258867): 0 -> 1
Cell (virus_694003,host_242384): 0 -> 1
Cell (virus_694003,host_258863): 0 -> 1
Cell (virus_694003,host_452595): 0 -> 1
Cell (virus_694003,host_999964): 0 -> 1
Cell (virus_694003,host_9438): 0 -> 1
Cell (virus_694003,host_153297): 0 -> 1
Cell (virus_694003,host_249034): 0 -> 1
Cell (virus_694003,host_258952): 0 -> 1
Cell (virus_694003,host_258930): 0 -> 1
Cell (virus_694003,host_61862): 0 -> 1
Cell (virus_694003,host_143942): 0 -> 1
Cell (virus_694003,host_2491053): 0 -> 1
Cell (virus_694003,host_258959): 0 -> 1
Cell (virus_694003,host_526822): 0 -> 1
Cell (virus_2717680,host_105273): 0 -> 1
Cell (virus_2717680,host_105295): 0 -> 1
Cell (virus_2717680,host_109478): 0 -> 1
Cell (virus_2717680,host_9435): 0 -> 1
Cell (virus_2717680,host_59463): 0 -> 1
Cell (virus_2717680,host_109480): 0 -> 1
Cell (virus_2717680,host_1633875): 0 -> 1
Cell (virus_2717680,host_2528591): 0 -> 1
Cell (virus_2717680,host_109482): 0 -> 1
Cell (virus_2717680,host_51298): 0 -> 1
Cell (virus_2717680,host_1911917): 0 -> 1
Cell (virus_2717680,host_59461): 0 -> 1
Cell (virus_2717680,host_203696): 0 -> 1
Cell (virus_2717680,host_452653): 0 -> 1
Cell (virus_2717680,host_155915): 0 -> 1
Cell (virus_2717680,host_225400): 0 -> 1
Cell (virus_2717680,host_385037): 0 -> 1
Cell (virus_2717680,host_155035): 0 -> 1
Cell (virus_2717680,host_633648): 0 -> 1
Cell (virus_2717680,host_258925): 0 -> 1
Cell (virus_2717680,host_177185): 0 -> 1
Cell (virus_2717680,host_187017): 0 -> 1
Cell (virus_2717680,host_118856): 0 -> 1
Cell (virus_2717680,host_59476): 0 -> 1
Cell (virus_2717680,host_177160): 0 -> 1
Cell (virus_2717680,host_2994998): 0 -> 1
Cell (virus_2717680,host_3042450): 0 -> 1
Cell (virus_2717680,host_59472): 0 -> 1
Cell (virus_2717680,host_9414): 0 -> 1
Cell (virus_2717680,host_1434095): 0 -> 1
Cell (virus_2717680,host_291302): 0 -> 1
Cell (virus_2717680,host_221087): 0 -> 1
Cell (virus_2717680,host_187007): 0 -> 1
Cell (virus_2717680,host_187008): 0 -> 1
Cell (virus_2717680,host_258934): 0 -> 1
Cell (virus_2717680,host_479723): 0 -> 1
Cell (virus_2717680,host_3041509): 0 -> 1
Cell (virus_2717680,host_2218597): 0 -> 1
Cell (virus_2717680,host_258867): 0 -> 1
Cell (virus_2717680,host_242384): 0 -> 1
Cell (virus_2717680,host_258863): 0 -> 1
Cell (virus_2717680,host_452595): 0 -> 1
Cell (virus_2717680,host_3370289): 0 -> 1
Cell (virus_2717680,host_999964): 0 -> 1
Cell (virus_2717680,host_9438): 0 -> 1
Cell (virus_2717680,host_153297): 0 -> 1
Cell (virus_2717680,host_258952): 0 -> 1
Cell (virus_2717680,host_249033): 0 -> 1
Cell (virus_2717680,host_258930): 0 -> 1
Cell (virus_2717680,host_61862): 0 -> 1
Cell (virus_2717680,host_143942): 0 -> 1
Cell (virus_2717680,host_258889): 0 -> 1
Cell (virus_2717680,host_2491053): 0 -> 1
Cell (virus_2717680,host_258959): 0 -> 1
Cell (virus_2717680,host_526822): 0 -> 1
Cell (virus_2833022,host_105273): 0 -> 1
Cell (virus_2833022,host_109478): 0 -> 1
Cell (virus_2833022,host_9435): 0 -> 1
Cell (virus_2833022,host_59463): 0 -> 1
Cell (virus_2833022,host_109480): 0 -> 1
Cell (virus_2833022,host_1633875): 0 -> 1
Cell (virus_2833022,host_2528591): 0 -> 1
Cell (virus_2833022,host_109482): 0 -> 1
Cell (virus_2833022,host_51298): 0 -> 1
Cell (virus_2833022,host_1911917): 0 -> 1
Cell (virus_2833022,host_59461): 0 -> 1
Cell (virus_2833022,host_203696): 0 -> 1
Cell (virus_2833022,host_452653): 0 -> 1
Cell (virus_2833022,host_225400): 0 -> 1
Cell (virus_2833022,host_385037): 0 -> 1
Cell (virus_2833022,host_155035): 0 -> 1
Cell (virus_2833022,host_633648): 0 -> 1
Cell (virus_2833022,host_258925): 0 -> 1
Cell (virus_2833022,host_177185): 0 -> 1
Cell (virus_2833022,host_187017): 0 -> 1
Cell (virus_2833022,host_118856): 0 -> 1
Cell (virus_2833022,host_59476): 0 -> 1
Cell (virus_2833022,host_177160): 0 -> 1
Cell (virus_2833022,host_2994998): 0 -> 1
Cell (virus_2833022,host_3042450): 0 -> 1
Cell (virus_2833022,host_59472): 0 -> 1
Cell (virus_2833022,host_9414): 0 -> 1
Cell (virus_2833022,host_1434095): 0 -> 1
Cell (virus_2833022,host_291302): 0 -> 1
Cell (virus_2833022,host_221087): 0 -> 1
Cell (virus_2833022,host_187007): 0 -> 1
Cell (virus_2833022,host_187008): 0 -> 1
Cell (virus_2833022,host_258934): 0 -> 1
Cell (virus_2833022,host_479723): 0 -> 1
Cell (virus_2833022,host_3041509): 0 -> 1
Cell (virus_2833022,host_2218597): 0 -> 1
Cell (virus_2833022,host_258867): 0 -> 1
Cell (virus_2833022,host_242384): 0 -> 1
Cell (virus_2833022,host_258863): 0 -> 1
Cell (virus_2833022,host_452595): 0 -> 1
Cell (virus_2833022,host_3370289): 0 -> 1
Cell (virus_2833022,host_999964): 0 -> 1
Cell (virus_2833022,host_9438): 0 -> 1
Cell (virus_2833022,host_153297): 0 -> 1
Cell (virus_2833022,host_258952): 0 -> 1
Cell (virus_2833022,host_249033): 0 -> 1
Cell (virus_2833022,host_258930): 0 -> 1
Cell (virus_2833022,host_61862): 0 -> 1
Cell (virus_2833022,host_143942): 0 -> 1
Cell (virus_2833022,host_258889): 0 -> 1
Cell (virus_2833022,host_2491053): 0 -> 1
Cell (virus_2833022,host_258959): 0 -> 1
Cell (virus_2833022,host_526822): 0 -> 1
Cell (virus_2913444,host_105273): 0 -> 1
Cell (virus_2913444,host_105295): 0 -> 1
Cell (virus_2913444,host_109478): 0 -> 1
Cell (virus_2913444,host_9435): 0 -> 1
Cell (virus_2913444,host_59463): 0 -> 1
Cell (virus_2913444,host_109480): 0 -> 1
Cell (virus_2913444,host_1633875): 0 -> 1
Cell (virus_2913444,host_2528591): 0 -> 1
Cell (virus_2913444,host_109482): 0 -> 1
Cell (virus_2913444,host_51298): 0 -> 1
Cell (virus_2913444,host_1911917): 0 -> 1
Cell (virus_2913444,host_59461): 0 -> 1
Cell (virus_2913444,host_203696): 0 -> 1
Cell (virus_2913444,host_452653): 0 -> 1
Cell (virus_2913444,host_155915): 0 -> 1
Cell (virus_2913444,host_225400): 0 -> 1
Cell (virus_2913444,host_385037): 0 -> 1
Cell (virus_2913444,host_155035): 0 -> 1
Cell (virus_2913444,host_633648): 0 -> 1
Cell (virus_2913444,host_258925): 0 -> 1
Cell (virus_2913444,host_177185): 0 -> 1
Cell (virus_2913444,host_187017): 0 -> 1
Cell (virus_2913444,host_118856): 0 -> 1
Cell (virus_2913444,host_59476): 0 -> 1
Cell (virus_2913444,host_177160): 0 -> 1
Cell (virus_2913444,host_2994998): 0 -> 1
Cell (virus_2913444,host_3042450): 0 -> 1
Cell (virus_2913444,host_59472): 0 -> 1
Cell (virus_2913444,host_9414): 0 -> 1
Cell (virus_2913444,host_1434095): 0 -> 1
Cell (virus_2913444,host_291302): 0 -> 1
Cell (virus_2913444,host_221087): 0 -> 1
Cell (virus_2913444,host_187007): 0 -> 1
Cell (virus_2913444,host_187008): 0 -> 1
Cell (virus_2913444,host_258934): 0 -> 1
Cell (virus_2913444,host_479723): 0 -> 1
Cell (virus_2913444,host_3041509): 0 -> 1
Cell (virus_2913444,host_2218597): 0 -> 1
Cell (virus_2913444,host_258867): 0 -> 1
Cell (virus_2913444,host_242384): 0 -> 1
Cell (virus_2913444,host_258863): 0 -> 1
Cell (virus_2913444,host_452595): 0 -> 1
Cell (virus_2913444,host_3370289): 0 -> 1
Cell (virus_2913444,host_999964): 0 -> 1
Cell (virus_2913444,host_9438): 0 -> 1
Cell (virus_2913444,host_153297): 0 -> 1
Cell (virus_2913444,host_258952): 0 -> 1
Cell (virus_2913444,host_249033): 0 -> 1
Cell (virus_2913444,host_258930): 0 -> 1
Cell (virus_2913444,host_61862): 0 -> 1
Cell (virus_2913444,host_143942): 0 -> 1
Cell (virus_2913444,host_258889): 0 -> 1
Cell (virus_2913444,host_2491053): 0 -> 1
Cell (virus_2913444,host_258959): 0 -> 1
Cell (virus_2913444,host_526822): 0 -> 1
Cell (virus_3418614,host_105273): 0 -> 1
Cell (virus_3418614,host_109478): 0 -> 1
Cell (virus_3418614,host_9435): 0 -> 1
Cell (virus_3418614,host_59463): 0 -> 1
Cell (virus_3418614,host_109480): 0 -> 1
Cell (virus_3418614,host_1633875): 0 -> 1
Cell (virus_3418614,host_109481): 0 -> 1
Cell (virus_3418614,host_2528591): 0 -> 1
Cell (virus_3418614,host_109482): 0 -> 1
Cell (virus_3418614,host_51298): 0 -> 1
Cell (virus_3418614,host_1911917): 0 -> 1
Cell (virus_3418614,host_59461): 0 -> 1
Cell (virus_3418614,host_203696): 0 -> 1
Cell (virus_3418614,host_452653): 0 -> 1
Cell (virus_3418614,host_155915): 0 -> 1
Cell (virus_3418614,host_225400): 0 -> 1
Cell (virus_3418614,host_385037): 0 -> 1
Cell (virus_3418614,host_155035): 0 -> 1
Cell (virus_3418614,host_633648): 0 -> 1
Cell (virus_3418614,host_258925): 0 -> 1
Cell (virus_3418614,host_177185): 0 -> 1
Cell (virus_3418614,host_187017): 0 -> 1
Cell (virus_3418614,host_608659): 0 -> 1
Cell (virus_3418614,host_118856): 0 -> 1
Cell (virus_3418614,host_59476): 0 -> 1
Cell (virus_3418614,host_177160): 0 -> 1
Cell (virus_3418614,host_2994998): 0 -> 1
Cell (virus_3418614,host_3042450): 0 -> 1
Cell (virus_3418614,host_59472): 0 -> 1
Cell (virus_3418614,host_9414): 0 -> 1
Cell (virus_3418614,host_1434095): 0 -> 1
Cell (virus_3418614,host_291302): 0 -> 1
Cell (virus_3418614,host_221087): 0 -> 1
Cell (virus_3418614,host_187007): 0 -> 1
Cell (virus_3418614,host_187008): 0 -> 1
Cell (virus_3418614,host_258934): 0 -> 1
Cell (virus_3418614,host_479723): 0 -> 1
Cell (virus_3418614,host_3041509): 0 -> 1
Cell (virus_3418614,host_2218597): 0 -> 1
Cell (virus_3418614,host_258867): 0 -> 1
Cell (virus_3418614,host_242384): 0 -> 1
Cell (virus_3418614,host_258863): 0 -> 1
Cell (virus_3418614,host_452595): 0 -> 1
Cell (virus_3418614,host_3370289): 0 -> 1
Cell (virus_3418614,host_999964): 0 -> 1
Cell (virus_3418614,host_9438): 0 -> 1
Cell (virus_3418614,host_153297): 0 -> 1
Cell (virus_3418614,host_258952): 0 -> 1
Cell (virus_3418614,host_249033): 0 -> 1
Cell (virus_3418614,host_258930): 0 -> 1
Cell (virus_3418614,host_61862): 0 -> 1
Cell (virus_3418614,host_143942): 0 -> 1
Cell (virus_3418614,host_2491053): 0 -> 1
Cell (virus_3418614,host_258959): 0 -> 1
Cell (virus_3418614,host_526822): 0 -> 1
Cell (virus_2913379,host_105273): 0 -> 1
Cell (virus_2913379,host_109478): 0 -> 1
Cell (virus_2913379,host_9435): 0 -> 1
Cell (virus_2913379,host_59463): 0 -> 1
Cell (virus_2913379,host_109480): 0 -> 1
Cell (virus_2913379,host_1633875): 0 -> 1
Cell (virus_2913379,host_2528591): 0 -> 1
Cell (virus_2913379,host_109482): 0 -> 1
Cell (virus_2913379,host_51298): 0 -> 1
Cell (virus_2913379,host_1911917): 0 -> 1
Cell (virus_2913379,host_59461): 0 -> 1
Cell (virus_2913379,host_203696): 0 -> 1
Cell (virus_2913379,host_452653): 0 -> 1
Cell (virus_2913379,host_155915): 0 -> 1
Cell (virus_2913379,host_225400): 0 -> 1
Cell (virus_2913379,host_385037): 0 -> 1
Cell (virus_2913379,host_155035): 0 -> 1
Cell (virus_2913379,host_633648): 0 -> 1
Cell (virus_2913379,host_258925): 0 -> 1
Cell (virus_2913379,host_177185): 0 -> 1
Cell (virus_2913379,host_187017): 0 -> 1
Cell (virus_2913379,host_118856): 0 -> 1
Cell (virus_2913379,host_59476): 0 -> 1
Cell (virus_2913379,host_177160): 0 -> 1
Cell (virus_2913379,host_27638): 0 -> 1
Cell (virus_2913379,host_2994998): 0 -> 1
Cell (virus_2913379,host_3042450): 0 -> 1
Cell (virus_2913379,host_59472): 0 -> 1
Cell (virus_2913379,host_9414): 0 -> 1
Cell (virus_2913379,host_1434095): 0 -> 1
Cell (virus_2913379,host_291302): 0 -> 1
Cell (virus_2913379,host_221087): 0 -> 1
Cell (virus_2913379,host_187007): 0 -> 1
Cell (virus_2913379,host_187008): 0 -> 1
Cell (virus_2913379,host_258934): 0 -> 1
Cell (virus_2913379,host_479723): 0 -> 1
Cell (virus_2913379,host_124751): 0 -> 1
Cell (virus_2913379,host_3041509): 0 -> 1
Cell (virus_2913379,host_2218597): 0 -> 1
Cell (virus_2913379,host_258867): 0 -> 1
Cell (virus_2913379,host_242384): 0 -> 1
Cell (virus_2913379,host_258863): 0 -> 1
Cell (virus_2913379,host_452595): 0 -> 1
Cell (virus_2913379,host_3370289): 0 -> 1
Cell (virus_2913379,host_999964): 0 -> 1
Cell (virus_2913379,host_9438): 0 -> 1
Cell (virus_2913379,host_153297): 0 -> 1
Cell (virus_2913379,host_258952): 0 -> 1
Cell (virus_2913379,host_249033): 0 -> 1
Cell (virus_2913379,host_258930): 0 -> 1
Cell (virus_2913379,host_61862): 0 -> 1
Cell (virus_2913379,host_143942): 0 -> 1
Cell (virus_2913379,host_2491053): 0 -> 1
Cell (virus_2913379,host_258959): 0 -> 1
Cell (virus_2913379,host_526822): 0 -> 1
Cell (virus_2913381,host_105273): 0 -> 1
Cell (virus_2913381,host_109478): 0 -> 1
Cell (virus_2913381,host_9435): 0 -> 1
Cell (virus_2913381,host_59463): 0 -> 1
Cell (virus_2913381,host_109480): 0 -> 1
Cell (virus_2913381,host_1633875): 0 -> 1
Cell (virus_2913381,host_2528591): 0 -> 1
Cell (virus_2913381,host_109482): 0 -> 1
Cell (virus_2913381,host_51298): 0 -> 1
Cell (virus_2913381,host_1911917): 0 -> 1
Cell (virus_2913381,host_59461): 0 -> 1
Cell (virus_2913381,host_203696): 0 -> 1
Cell (virus_2913381,host_452653): 0 -> 1
Cell (virus_2913381,host_155915): 0 -> 1
Cell (virus_2913381,host_225400): 0 -> 1
Cell (virus_2913381,host_385037): 0 -> 1
Cell (virus_2913381,host_155035): 0 -> 1
Cell (virus_2913381,host_633648): 0 -> 1
Cell (virus_2913381,host_258925): 0 -> 1
Cell (virus_2913381,host_177185): 0 -> 1
Cell (virus_2913381,host_187017): 0 -> 1
Cell (virus_2913381,host_118856): 0 -> 1
Cell (virus_2913381,host_59476): 0 -> 1
Cell (virus_2913381,host_177160): 0 -> 1
Cell (virus_2913381,host_27638): 0 -> 1
Cell (virus_2913381,host_2994998): 0 -> 1
Cell (virus_2913381,host_3042450): 0 -> 1
Cell (virus_2913381,host_59472): 0 -> 1
Cell (virus_2913381,host_9414): 0 -> 1
Cell (virus_2913381,host_1434095): 0 -> 1
Cell (virus_2913381,host_291302): 0 -> 1
Cell (virus_2913381,host_221087): 0 -> 1
Cell (virus_2913381,host_187007): 0 -> 1
Cell (virus_2913381,host_187008): 0 -> 1
Cell (virus_2913381,host_258934): 0 -> 1
Cell (virus_2913381,host_479723): 0 -> 1
Cell (virus_2913381,host_124751): 0 -> 1
Cell (virus_2913381,host_3041509): 0 -> 1
Cell (virus_2913381,host_2218597): 0 -> 1
Cell (virus_2913381,host_258867): 0 -> 1
Cell (virus_2913381,host_242384): 0 -> 1
Cell (virus_2913381,host_258863): 0 -> 1
Cell (virus_2913381,host_452595): 0 -> 1
Cell (virus_2913381,host_3370289): 0 -> 1
Cell (virus_2913381,host_999964): 0 -> 1
Cell (virus_2913381,host_9438): 0 -> 1
Cell (virus_2913381,host_153297): 0 -> 1
Cell (virus_2913381,host_258952): 0 -> 1
Cell (virus_2913381,host_249033): 0 -> 1
Cell (virus_2913381,host_258930): 0 -> 1
Cell (virus_2913381,host_61862): 0 -> 1
Cell (virus_2913381,host_143942): 0 -> 1
Cell (virus_2913381,host_2491053): 0 -> 1
Cell (virus_2913381,host_258959): 0 -> 1
Cell (virus_2913381,host_526822): 0 -> 1
Cell (virus_3418613,host_105273): 0 -> 1
Cell (virus_3418613,host_109478): 0 -> 1
Cell (virus_3418613,host_9435): 0 -> 1
Cell (virus_3418613,host_59463): 0 -> 1
Cell (virus_3418613,host_109480): 0 -> 1
Cell (virus_3418613,host_1633875): 0 -> 1
Cell (virus_3418613,host_2528591): 0 -> 1
Cell (virus_3418613,host_109482): 0 -> 1
Cell (virus_3418613,host_412095): 0 -> 1
Cell (virus_3418613,host_51298): 0 -> 1
Cell (virus_3418613,host_1911917): 0 -> 1
Cell (virus_3418613,host_59461): 0 -> 1
Cell (virus_3418613,host_203696): 0 -> 1
Cell (virus_3418613,host_452653): 0 -> 1
Cell (virus_3418613,host_155915): 0 -> 1
Cell (virus_3418613,host_225400): 0 -> 1
Cell (virus_3418613,host_385037): 0 -> 1
Cell (virus_3418613,host_155035): 0 -> 1
Cell (virus_3418613,host_633648): 0 -> 1
Cell (virus_3418613,host_258925): 0 -> 1
Cell (virus_3418613,host_177185): 0 -> 1
Cell (virus_3418613,host_187017): 0 -> 1
Cell (virus_3418613,host_118856): 0 -> 1
Cell (virus_3418613,host_59476): 0 -> 1
Cell (virus_3418613,host_177160): 0 -> 1
Cell (virus_3418613,host_27638): 0 -> 1
Cell (virus_3418613,host_2994998): 0 -> 1
Cell (virus_3418613,host_3042450): 0 -> 1
Cell (virus_3418613,host_59472): 0 -> 1
Cell (virus_3418613,host_9414): 0 -> 1
Cell (virus_3418613,host_1434095): 0 -> 1
Cell (virus_3418613,host_291302): 0 -> 1
Cell (virus_3418613,host_221087): 0 -> 1
Cell (virus_3418613,host_187007): 0 -> 1
Cell (virus_3418613,host_187008): 0 -> 1
Cell (virus_3418613,host_258934): 0 -> 1
Cell (virus_3418613,host_479723): 0 -> 1
Cell (virus_3418613,host_124751): 0 -> 1
Cell (virus_3418613,host_3041509): 0 -> 1
Cell (virus_3418613,host_2218597): 0 -> 1
Cell (virus_3418613,host_258867): 0 -> 1
Cell (virus_3418613,host_242384): 0 -> 1
Cell (virus_3418613,host_258863): 0 -> 1
Cell (virus_3418613,host_452595): 0 -> 1
Cell (virus_3418613,host_3370289): 0 -> 1
Cell (virus_3418613,host_999964): 0 -> 1
Cell (virus_3418613,host_9438): 0 -> 1
Cell (virus_3418613,host_153297): 0 -> 1
Cell (virus_3418613,host_258952): 0 -> 1
Cell (virus_3418613,host_249033): 0 -> 1
Cell (virus_3418613,host_258930): 0 -> 1
Cell (virus_3418613,host_61862): 0 -> 1
Cell (virus_3418613,host_143942): 0 -> 1
Cell (virus_3418613,host_2491053): 0 -> 1
Cell (virus_3418613,host_258959): 0 -> 1
Cell (virus_3418613,host_526822): 0 -> 1
Cell (virus_2913443,host_105273): 0 -> 1
Cell (virus_2913443,host_109478): 0 -> 1
Cell (virus_2913443,host_9435): 0 -> 1
Cell (virus_2913443,host_59463): 0 -> 1
Cell (virus_2913443,host_109480): 0 -> 1
Cell (virus_2913443,host_1633875): 0 -> 1
Cell (virus_2913443,host_2528591): 0 -> 1
Cell (virus_2913443,host_109482): 0 -> 1
Cell (virus_2913443,host_51298): 0 -> 1
Cell (virus_2913443,host_1911917): 0 -> 1
Cell (virus_2913443,host_59461): 0 -> 1
Cell (virus_2913443,host_203696): 0 -> 1
Cell (virus_2913443,host_452653): 0 -> 1
Cell (virus_2913443,host_155915): 0 -> 1
Cell (virus_2913443,host_225400): 0 -> 1
Cell (virus_2913443,host_385037): 0 -> 1
Cell (virus_2913443,host_155035): 0 -> 1
Cell (virus_2913443,host_633648): 0 -> 1
Cell (virus_2913443,host_258925): 0 -> 1
Cell (virus_2913443,host_177185): 0 -> 1
Cell (virus_2913443,host_187017): 0 -> 1
Cell (virus_2913443,host_118856): 0 -> 1
Cell (virus_2913443,host_59476): 0 -> 1
Cell (virus_2913443,host_177160): 0 -> 1
Cell (virus_2913443,host_2994998): 0 -> 1
Cell (virus_2913443,host_3042450): 0 -> 1
Cell (virus_2913443,host_59472): 0 -> 1
Cell (virus_2913443,host_9414): 0 -> 1
Cell (virus_2913443,host_1434095): 0 -> 1
Cell (virus_2913443,host_291302): 0 -> 1
Cell (virus_2913443,host_221087): 0 -> 1
Cell (virus_2913443,host_187007): 0 -> 1
Cell (virus_2913443,host_187008): 0 -> 1
Cell (virus_2913443,host_258934): 0 -> 1
Cell (virus_2913443,host_479723): 0 -> 1
Cell (virus_2913443,host_124751): 0 -> 1
Cell (virus_2913443,host_3041509): 0 -> 1
Cell (virus_2913443,host_2218597): 0 -> 1
Cell (virus_2913443,host_258867): 0 -> 1
Cell (virus_2913443,host_242384): 0 -> 1
Cell (virus_2913443,host_258863): 0 -> 1
Cell (virus_2913443,host_452595): 0 -> 1
Cell (virus_2913443,host_999964): 0 -> 1
Cell (virus_2913443,host_9438): 0 -> 1
Cell (virus_2913443,host_153297): 0 -> 1
Cell (virus_2913443,host_258952): 0 -> 1
Cell (virus_2913443,host_249033): 0 -> 1
Cell (virus_2913443,host_258930): 0 -> 1
Cell (virus_2913443,host_61862): 0 -> 1
Cell (virus_2913443,host_143942): 0 -> 1
Cell (virus_2913443,host_2491053): 0 -> 1
Cell (virus_2913443,host_258959): 0 -> 1
Cell (virus_2913443,host_526822): 0 -> 1
Cell (virus_2972746,host_105273): 0 -> 1
Cell (virus_2972746,host_109478): 0 -> 1
Cell (virus_2972746,host_9435): 0 -> 1
Cell (virus_2972746,host_59463): 0 -> 1
Cell (virus_2972746,host_109480): 0 -> 1
Cell (virus_2972746,host_1633875): 0 -> 1
Cell (virus_2972746,host_2528591): 0 -> 1
Cell (virus_2972746,host_109482): 0 -> 1
Cell (virus_2972746,host_51298): 0 -> 1
Cell (virus_2972746,host_1911917): 0 -> 1
Cell (virus_2972746,host_59461): 0 -> 1
Cell (virus_2972746,host_203696): 0 -> 1
Cell (virus_2972746,host_452653): 0 -> 1
Cell (virus_2972746,host_155915): 0 -> 1
Cell (virus_2972746,host_225400): 0 -> 1
Cell (virus_2972746,host_385037): 0 -> 1
Cell (virus_2972746,host_155035): 0 -> 1
Cell (virus_2972746,host_633648): 0 -> 1
Cell (virus_2972746,host_258925): 0 -> 1
Cell (virus_2972746,host_177185): 0 -> 1
Cell (virus_2972746,host_187017): 0 -> 1
Cell (virus_2972746,host_118856): 0 -> 1
Cell (virus_2972746,host_59476): 0 -> 1
Cell (virus_2972746,host_177160): 0 -> 1
Cell (virus_2972746,host_2994998): 0 -> 1
Cell (virus_2972746,host_3042450): 0 -> 1
Cell (virus_2972746,host_59472): 0 -> 1
Cell (virus_2972746,host_9414): 0 -> 1
Cell (virus_2972746,host_1434095): 0 -> 1
Cell (virus_2972746,host_291302): 0 -> 1
Cell (virus_2972746,host_221087): 0 -> 1
Cell (virus_2972746,host_187007): 0 -> 1
Cell (virus_2972746,host_187008): 0 -> 1
Cell (virus_2972746,host_258934): 0 -> 1
Cell (virus_2972746,host_479723): 0 -> 1
Cell (virus_2972746,host_124751): 0 -> 1
Cell (virus_2972746,host_3041509): 0 -> 1
Cell (virus_2972746,host_2218597): 0 -> 1
Cell (virus_2972746,host_258867): 0 -> 1
Cell (virus_2972746,host_242384): 0 -> 1
Cell (virus_2972746,host_258863): 0 -> 1
Cell (virus_2972746,host_452595): 0 -> 1
Cell (virus_2972746,host_999964): 0 -> 1
Cell (virus_2972746,host_9438): 0 -> 1
Cell (virus_2972746,host_153297): 0 -> 1
Cell (virus_2972746,host_258952): 0 -> 1
Cell (virus_2972746,host_249033): 0 -> 1
Cell (virus_2972746,host_258930): 0 -> 1
Cell (virus_2972746,host_61862): 0 -> 1
Cell (virus_2972746,host_143942): 0 -> 1
Cell (virus_2972746,host_2491053): 0 -> 1
Cell (virus_2972746,host_258959): 0 -> 1
Cell (virus_2972746,host_526822): 0 -> 1
Cell (virus_1805463,host_105273): 0 -> 1
Cell (virus_1805463,host_109478): 0 -> 1
Cell (virus_1805463,host_9435): 0 -> 1
Cell (virus_1805463,host_257882): 0 -> 1
Cell (virus_1805463,host_59463): 0 -> 1
Cell (virus_1805463,host_109480): 0 -> 1
Cell (virus_1805463,host_1633875): 0 -> 1
Cell (virus_1805463,host_2528591): 0 -> 1
Cell (virus_1805463,host_109482): 0 -> 1
Cell (virus_1805463,host_51298): 0 -> 1
Cell (virus_1805463,host_1911917): 0 -> 1
Cell (virus_1805463,host_203696): 0 -> 1
Cell (virus_1805463,host_452653): 0 -> 1
Cell (virus_1805463,host_155915): 0 -> 1
Cell (virus_1805463,host_225400): 0 -> 1
Cell (virus_1805463,host_155035): 0 -> 1
Cell (virus_1805463,host_633648): 0 -> 1
Cell (virus_1805463,host_258925): 0 -> 1
Cell (virus_1805463,host_177185): 0 -> 1
Cell (virus_1805463,host_187017): 0 -> 1
Cell (virus_1805463,host_118856): 0 -> 1
Cell (virus_1805463,host_59476): 0 -> 1
Cell (virus_1805463,host_177160): 0 -> 1
Cell (virus_1805463,host_2994998): 0 -> 1
Cell (virus_1805463,host_3042450): 0 -> 1
Cell (virus_1805463,host_59472): 0 -> 1
Cell (virus_1805463,host_9414): 0 -> 1
Cell (virus_1805463,host_1434095): 0 -> 1
Cell (virus_1805463,host_291302): 0 -> 1
Cell (virus_1805463,host_221087): 0 -> 1
Cell (virus_1805463,host_187007): 0 -> 1
Cell (virus_1805463,host_187008): 0 -> 1
Cell (virus_1805463,host_258934): 0 -> 1
Cell (virus_1805463,host_479723): 0 -> 1
Cell (virus_1805463,host_124751): 0 -> 1
Cell (virus_1805463,host_3041509): 0 -> 1
Cell (virus_1805463,host_2218597): 0 -> 1
Cell (virus_1805463,host_258867): 0 -> 1
Cell (virus_1805463,host_242384): 0 -> 1
Cell (virus_1805463,host_258863): 0 -> 1
Cell (virus_1805463,host_452595): 0 -> 1
Cell (virus_1805463,host_999964): 0 -> 1
Cell (virus_1805463,host_9438): 0 -> 1
Cell (virus_1805463,host_153297): 0 -> 1
Cell (virus_1805463,host_258952): 0 -> 1
Cell (virus_1805463,host_249033): 0 -> 1
Cell (virus_1805463,host_258930): 0 -> 1
Cell (virus_1805463,host_61862): 0 -> 1
Cell (virus_1805463,host_143942): 0 -> 1
Cell (virus_1805463,host_2491053): 0 -> 1
Cell (virus_1805463,host_258959): 0 -> 1
Cell (virus_1805463,host_526822): 0 -> 1
Cell (virus_3061635,host_105273): 0 -> 1
Cell (virus_3061635,host_109478): 0 -> 1
Cell (virus_3061635,host_9435): 0 -> 1
Cell (virus_3061635,host_257882): 0 -> 1
Cell (virus_3061635,host_59463): 0 -> 1
Cell (virus_3061635,host_109480): 0 -> 1
Cell (virus_3061635,host_1633875): 0 -> 1
Cell (virus_3061635,host_2528591): 0 -> 1
Cell (virus_3061635,host_109482): 0 -> 1
Cell (virus_3061635,host_51298): 0 -> 1
Cell (virus_3061635,host_1911917): 0 -> 1
Cell (virus_3061635,host_203696): 0 -> 1
Cell (virus_3061635,host_452653): 0 -> 1
Cell (virus_3061635,host_155915): 0 -> 1
Cell (virus_3061635,host_225400): 0 -> 1
Cell (virus_3061635,host_155035): 0 -> 1
Cell (virus_3061635,host_633648): 0 -> 1
Cell (virus_3061635,host_258925): 0 -> 1
Cell (virus_3061635,host_177185): 0 -> 1
Cell (virus_3061635,host_187017): 0 -> 1
Cell (virus_3061635,host_118856): 0 -> 1
Cell (virus_3061635,host_59476): 0 -> 1
Cell (virus_3061635,host_177160): 0 -> 1
Cell (virus_3061635,host_2994998): 0 -> 1
Cell (virus_3061635,host_3042450): 0 -> 1
Cell (virus_3061635,host_59472): 0 -> 1
Cell (virus_3061635,host_9414): 0 -> 1
Cell (virus_3061635,host_1434095): 0 -> 1
Cell (virus_3061635,host_291302): 0 -> 1
Cell (virus_3061635,host_221087): 0 -> 1
Cell (virus_3061635,host_187007): 0 -> 1
Cell (virus_3061635,host_187008): 0 -> 1
Cell (virus_3061635,host_258934): 0 -> 1
Cell (virus_3061635,host_479723): 0 -> 1
Cell (virus_3061635,host_124751): 0 -> 1
Cell (virus_3061635,host_3041509): 0 -> 1
Cell (virus_3061635,host_2218597): 0 -> 1
Cell (virus_3061635,host_258867): 0 -> 1
Cell (virus_3061635,host_242384): 0 -> 1
Cell (virus_3061635,host_258863): 0 -> 1
Cell (virus_3061635,host_452595): 0 -> 1
Cell (virus_3061635,host_999964): 0 -> 1
Cell (virus_3061635,host_9438): 0 -> 1
Cell (virus_3061635,host_153297): 0 -> 1
Cell (virus_3061635,host_258952): 0 -> 1
Cell (virus_3061635,host_249033): 0 -> 1
Cell (virus_3061635,host_258930): 0 -> 1
Cell (virus_3061635,host_61862): 0 -> 1
Cell (virus_3061635,host_143942): 0 -> 1
Cell (virus_3061635,host_2491053): 0 -> 1
Cell (virus_3061635,host_258959): 0 -> 1
Cell (virus_3061635,host_526822): 0 -> 1
Cell (virus_3068888,host_105273): 0 -> 1
Cell (virus_3068888,host_109478): 0 -> 1
Cell (virus_3068888,host_9435): 0 -> 1
Cell (virus_3068888,host_257882): 0 -> 1
Cell (virus_3068888,host_59463): 0 -> 1
Cell (virus_3068888,host_109480): 0 -> 1
Cell (virus_3068888,host_1633875): 0 -> 1
Cell (virus_3068888,host_2528591): 0 -> 1
Cell (virus_3068888,host_109482): 0 -> 1
Cell (virus_3068888,host_51298): 0 -> 1
Cell (virus_3068888,host_1911917): 0 -> 1
Cell (virus_3068888,host_203696): 0 -> 1
Cell (virus_3068888,host_452653): 0 -> 1
Cell (virus_3068888,host_155915): 0 -> 1
Cell (virus_3068888,host_225400): 0 -> 1
Cell (virus_3068888,host_155035): 0 -> 1
Cell (virus_3068888,host_633648): 0 -> 1
Cell (virus_3068888,host_258925): 0 -> 1
Cell (virus_3068888,host_177185): 0 -> 1
Cell (virus_3068888,host_187017): 0 -> 1
Cell (virus_3068888,host_118856): 0 -> 1
Cell (virus_3068888,host_59476): 0 -> 1
Cell (virus_3068888,host_177160): 0 -> 1
Cell (virus_3068888,host_2994998): 0 -> 1
Cell (virus_3068888,host_3042450): 0 -> 1
Cell (virus_3068888,host_59472): 0 -> 1
Cell (virus_3068888,host_9414): 0 -> 1
Cell (virus_3068888,host_1434095): 0 -> 1
Cell (virus_3068888,host_291302): 0 -> 1
Cell (virus_3068888,host_221087): 0 -> 1
Cell (virus_3068888,host_187007): 0 -> 1
Cell (virus_3068888,host_187008): 0 -> 1
Cell (virus_3068888,host_258934): 0 -> 1
Cell (virus_3068888,host_479723): 0 -> 1
Cell (virus_3068888,host_124751): 0 -> 1
Cell (virus_3068888,host_3041509): 0 -> 1
Cell (virus_3068888,host_2218597): 0 -> 1
Cell (virus_3068888,host_258867): 0 -> 1
Cell (virus_3068888,host_242384): 0 -> 1
Cell (virus_3068888,host_258863): 0 -> 1
Cell (virus_3068888,host_452595): 0 -> 1
Cell (virus_3068888,host_999964): 0 -> 1
Cell (virus_3068888,host_9438): 0 -> 1
Cell (virus_3068888,host_153297): 0 -> 1
Cell (virus_3068888,host_258952): 0 -> 1
Cell (virus_3068888,host_249033): 0 -> 1
Cell (virus_3068888,host_258930): 0 -> 1
Cell (virus_3068888,host_61862): 0 -> 1
Cell (virus_3068888,host_143942): 0 -> 1
Cell (virus_3068888,host_2491053): 0 -> 1
Cell (virus_3068888,host_258959): 0 -> 1
Cell (virus_3068888,host_526822): 0 -> 1
Cell (virus_2833184,host_105273): 0 -> 1
Cell (virus_2833184,host_109478): 0 -> 1
Cell (virus_2833184,host_9435): 0 -> 1
Cell (virus_2833184,host_257882): 0 -> 1
Cell (virus_2833184,host_59463): 0 -> 1
Cell (virus_2833184,host_109480): 0 -> 1
Cell (virus_2833184,host_1633875): 0 -> 1
Cell (virus_2833184,host_2528591): 0 -> 1
Cell (virus_2833184,host_109482): 0 -> 1
Cell (virus_2833184,host_51298): 0 -> 1
Cell (virus_2833184,host_1911917): 0 -> 1
Cell (virus_2833184,host_203696): 0 -> 1
Cell (virus_2833184,host_452653): 0 -> 1
Cell (virus_2833184,host_155915): 0 -> 1
Cell (virus_2833184,host_225400): 0 -> 1
Cell (virus_2833184,host_155035): 0 -> 1
Cell (virus_2833184,host_633648): 0 -> 1
Cell (virus_2833184,host_258925): 0 -> 1
Cell (virus_2833184,host_177185): 0 -> 1
Cell (virus_2833184,host_187017): 0 -> 1
Cell (virus_2833184,host_118856): 0 -> 1
Cell (virus_2833184,host_59476): 0 -> 1
Cell (virus_2833184,host_177160): 0 -> 1
Cell (virus_2833184,host_2994998): 0 -> 1
Cell (virus_2833184,host_3042450): 0 -> 1
Cell (virus_2833184,host_59472): 0 -> 1
Cell (virus_2833184,host_9414): 0 -> 1
Cell (virus_2833184,host_1434095): 0 -> 1
Cell (virus_2833184,host_291302): 0 -> 1
Cell (virus_2833184,host_221087): 0 -> 1
Cell (virus_2833184,host_187007): 0 -> 1
Cell (virus_2833184,host_187008): 0 -> 1
Cell (virus_2833184,host_258934): 0 -> 1
Cell (virus_2833184,host_479723): 0 -> 1
Cell (virus_2833184,host_124751): 0 -> 1
Cell (virus_2833184,host_3041509): 0 -> 1
Cell (virus_2833184,host_2218597): 0 -> 1
Cell (virus_2833184,host_258867): 0 -> 1
Cell (virus_2833184,host_242384): 0 -> 1
Cell (virus_2833184,host_258863): 0 -> 1
Cell (virus_2833184,host_452595): 0 -> 1
Cell (virus_2833184,host_999964): 0 -> 1
Cell (virus_2833184,host_9438): 0 -> 1
Cell (virus_2833184,host_153297): 0 -> 1
Cell (virus_2833184,host_258952): 0 -> 1
Cell (virus_2833184,host_249033): 0 -> 1
Cell (virus_2833184,host_258930): 0 -> 1
Cell (virus_2833184,host_61862): 0 -> 1
Cell (virus_2833184,host_143942): 0 -> 1
Cell (virus_2833184,host_2491053): 0 -> 1
Cell (virus_2833184,host_258959): 0 -> 1
Cell (virus_2833184,host_526822): 0 -> 1
Cell (virus_864596,host_105273): 0 -> 1
Cell (virus_864596,host_109478): 0 -> 1
Cell (virus_864596,host_9435): 0 -> 1
Cell (virus_864596,host_257882): 0 -> 1
Cell (virus_864596,host_59463): 0 -> 1
Cell (virus_864596,host_109480): 0 -> 1
Cell (virus_864596,host_1633875): 0 -> 1
Cell (virus_864596,host_2528591): 0 -> 1
Cell (virus_864596,host_109482): 0 -> 1
Cell (virus_864596,host_51298): 0 -> 1
Cell (virus_864596,host_1911917): 0 -> 1
Cell (virus_864596,host_203696): 0 -> 1
Cell (virus_864596,host_452653): 0 -> 1
Cell (virus_864596,host_155915): 0 -> 1
Cell (virus_864596,host_225400): 0 -> 1
Cell (virus_864596,host_155035): 0 -> 1
Cell (virus_864596,host_633648): 0 -> 1
Cell (virus_864596,host_258925): 0 -> 1
Cell (virus_864596,host_177185): 0 -> 1
Cell (virus_864596,host_187017): 0 -> 1
Cell (virus_864596,host_118856): 0 -> 1
Cell (virus_864596,host_59476): 0 -> 1
Cell (virus_864596,host_177160): 0 -> 1
Cell (virus_864596,host_2994998): 0 -> 1
Cell (virus_864596,host_3042450): 0 -> 1
Cell (virus_864596,host_59472): 0 -> 1
Cell (virus_864596,host_9414): 0 -> 1
Cell (virus_864596,host_1434095): 0 -> 1
Cell (virus_864596,host_291302): 0 -> 1
Cell (virus_864596,host_221087): 0 -> 1
Cell (virus_864596,host_187007): 0 -> 1
Cell (virus_864596,host_187008): 0 -> 1
Cell (virus_864596,host_258934): 0 -> 1
Cell (virus_864596,host_479723): 0 -> 1
Cell (virus_864596,host_124751): 0 -> 1
Cell (virus_864596,host_3041509): 0 -> 1
Cell (virus_864596,host_2218597): 0 -> 1
Cell (virus_864596,host_258867): 0 -> 1
Cell (virus_864596,host_242384): 0 -> 1
Cell (virus_864596,host_258863): 0 -> 1
Cell (virus_864596,host_452595): 0 -> 1
Cell (virus_864596,host_999964): 0 -> 1
Cell (virus_864596,host_9438): 0 -> 1
Cell (virus_864596,host_153297): 0 -> 1
Cell (virus_864596,host_258952): 0 -> 1
Cell (virus_864596,host_249033): 0 -> 1
Cell (virus_864596,host_258930): 0 -> 1
Cell (virus_864596,host_61862): 0 -> 1
Cell (virus_864596,host_143942): 0 -> 1
Cell (virus_864596,host_2491053): 0 -> 1
Cell (virus_864596,host_258959): 0 -> 1
Cell (virus_864596,host_526822): 0 -> 1
Cell (virus_3068538,host_105273): 0 -> 1
Cell (virus_3068538,host_109478): 0 -> 1
Cell (virus_3068538,host_9435): 0 -> 1
Cell (virus_3068538,host_257882): 0 -> 1
Cell (virus_3068538,host_59463): 0 -> 1
Cell (virus_3068538,host_109480): 0 -> 1
Cell (virus_3068538,host_1633875): 0 -> 1
Cell (virus_3068538,host_2528591): 0 -> 1
Cell (virus_3068538,host_109482): 0 -> 1
Cell (virus_3068538,host_51298): 0 -> 1
Cell (virus_3068538,host_1911917): 0 -> 1
Cell (virus_3068538,host_203696): 0 -> 1
Cell (virus_3068538,host_452653): 0 -> 1
Cell (virus_3068538,host_155915): 0 -> 1
Cell (virus_3068538,host_225400): 0 -> 1
Cell (virus_3068538,host_155035): 0 -> 1
Cell (virus_3068538,host_633648): 0 -> 1
Cell (virus_3068538,host_258925): 0 -> 1
Cell (virus_3068538,host_177185): 0 -> 1
Cell (virus_3068538,host_187017): 0 -> 1
Cell (virus_3068538,host_118856): 0 -> 1
Cell (virus_3068538,host_59476): 0 -> 1
Cell (virus_3068538,host_177160): 0 -> 1
Cell (virus_3068538,host_2994998): 0 -> 1
Cell (virus_3068538,host_3042450): 0 -> 1
Cell (virus_3068538,host_59472): 0 -> 1
Cell (virus_3068538,host_9414): 0 -> 1
Cell (virus_3068538,host_1434095): 0 -> 1
Cell (virus_3068538,host_291302): 0 -> 1
Cell (virus_3068538,host_221087): 0 -> 1
Cell (virus_3068538,host_187007): 0 -> 1
Cell (virus_3068538,host_187008): 0 -> 1
Cell (virus_3068538,host_258934): 0 -> 1
Cell (virus_3068538,host_479723): 0 -> 1
Cell (virus_3068538,host_124751): 0 -> 1
Cell (virus_3068538,host_3041509): 0 -> 1
Cell (virus_3068538,host_2218597): 0 -> 1
Cell (virus_3068538,host_258867): 0 -> 1
Cell (virus_3068538,host_242384): 0 -> 1
Cell (virus_3068538,host_258863): 0 -> 1
Cell (virus_3068538,host_452595): 0 -> 1
Cell (virus_3068538,host_999964): 0 -> 1
Cell (virus_3068538,host_9438): 0 -> 1
Cell (virus_3068538,host_153297): 0 -> 1
Cell (virus_3068538,host_258952): 0 -> 1
Cell (virus_3068538,host_249033): 0 -> 1
Cell (virus_3068538,host_258930): 0 -> 1
Cell (virus_3068538,host_61862): 0 -> 1
Cell (virus_3068538,host_143942): 0 -> 1
Cell (virus_3068538,host_2491053): 0 -> 1
Cell (virus_3068538,host_258959): 0 -> 1
Cell (virus_3068538,host_526822): 0 -> 1
Cell (virus_694009,host_105273): 0 -> 1
Cell (virus_694009,host_109478): 0 -> 1
Cell (virus_694009,host_9435): 0 -> 1
Cell (virus_694009,host_257882): 0 -> 1
Cell (virus_694009,host_59463): 0 -> 1
Cell (virus_694009,host_109480): 0 -> 1
Cell (virus_694009,host_1633875): 0 -> 1
Cell (virus_694009,host_2528591): 0 -> 1
Cell (virus_694009,host_109482): 0 -> 1
Cell (virus_694009,host_51298): 0 -> 1
Cell (virus_694009,host_1911917): 0 -> 1
Cell (virus_694009,host_203696): 0 -> 1
Cell (virus_694009,host_452653): 0 -> 1
Cell (virus_694009,host_155915): 0 -> 1
Cell (virus_694009,host_225400): 0 -> 1
Cell (virus_694009,host_155035): 0 -> 1
Cell (virus_694009,host_633648): 0 -> 1
Cell (virus_694009,host_258925): 0 -> 1
Cell (virus_694009,host_177185): 0 -> 1
Cell (virus_694009,host_187017): 0 -> 1
Cell (virus_694009,host_118856): 0 -> 1
Cell (virus_694009,host_59476): 0 -> 1
Cell (virus_694009,host_177160): 0 -> 1
Cell (virus_694009,host_2994998): 0 -> 1
Cell (virus_694009,host_3042450): 0 -> 1
Cell (virus_694009,host_59472): 0 -> 1
Cell (virus_694009,host_9414): 0 -> 1
Cell (virus_694009,host_1434095): 0 -> 1
Cell (virus_694009,host_291302): 0 -> 1
Cell (virus_694009,host_221087): 0 -> 1
Cell (virus_694009,host_187007): 0 -> 1
Cell (virus_694009,host_187008): 0 -> 1
Cell (virus_694009,host_258934): 0 -> 1
Cell (virus_694009,host_479723): 0 -> 1
Cell (virus_694009,host_124751): 0 -> 1
Cell (virus_694009,host_3041509): 0 -> 1
Cell (virus_694009,host_2218597): 0 -> 1
Cell (virus_694009,host_258867): 0 -> 1
Cell (virus_694009,host_242384): 0 -> 1
Cell (virus_694009,host_258863): 0 -> 1
Cell (virus_694009,host_452595): 0 -> 1
Cell (virus_694009,host_999964): 0 -> 1
Cell (virus_694009,host_9438): 0 -> 1
Cell (virus_694009,host_153297): 0 -> 1
Cell (virus_694009,host_258952): 0 -> 1
Cell (virus_694009,host_249033): 0 -> 1
Cell (virus_694009,host_258930): 0 -> 1
Cell (virus_694009,host_61862): 0 -> 1
Cell (virus_694009,host_143942): 0 -> 1
Cell (virus_694009,host_2491053): 0 -> 1
Cell (virus_694009,host_258959): 0 -> 1
Cell (virus_694009,host_526822): 0 -> 1
Cell (virus_3418604,host_105273): 0 -> 1
Cell (virus_3418604,host_109478): 0 -> 1
Cell (virus_3418604,host_9435): 0 -> 1
Cell (virus_3418604,host_257882): 0 -> 1
Cell (virus_3418604,host_59463): 0 -> 1
Cell (virus_3418604,host_109480): 0 -> 1
Cell (virus_3418604,host_1633875): 0 -> 1
Cell (virus_3418604,host_2528591): 0 -> 1
Cell (virus_3418604,host_109482): 0 -> 1
Cell (virus_3418604,host_51298): 0 -> 1
Cell (virus_3418604,host_1911917): 0 -> 1
Cell (virus_3418604,host_203696): 0 -> 1
Cell (virus_3418604,host_452653): 0 -> 1
Cell (virus_3418604,host_155915): 0 -> 1
Cell (virus_3418604,host_225400): 0 -> 1
Cell (virus_3418604,host_155035): 0 -> 1
Cell (virus_3418604,host_633648): 0 -> 1
Cell (virus_3418604,host_258925): 0 -> 1
Cell (virus_3418604,host_177185): 0 -> 1
Cell (virus_3418604,host_187017): 0 -> 1
Cell (virus_3418604,host_118856): 0 -> 1
Cell (virus_3418604,host_59476): 0 -> 1
Cell (virus_3418604,host_177160): 0 -> 1
Cell (virus_3418604,host_2994998): 0 -> 1
Cell (virus_3418604,host_3042450): 0 -> 1
Cell (virus_3418604,host_59472): 0 -> 1
Cell (virus_3418604,host_9414): 0 -> 1
Cell (virus_3418604,host_1434095): 0 -> 1
Cell (virus_3418604,host_291302): 0 -> 1
Cell (virus_3418604,host_221087): 0 -> 1
Cell (virus_3418604,host_187007): 0 -> 1
Cell (virus_3418604,host_187008): 0 -> 1
Cell (virus_3418604,host_258934): 0 -> 1
Cell (virus_3418604,host_479723): 0 -> 1
Cell (virus_3418604,host_124751): 0 -> 1
Cell (virus_3418604,host_3041509): 0 -> 1
Cell (virus_3418604,host_2218597): 0 -> 1
Cell (virus_3418604,host_258867): 0 -> 1
Cell (virus_3418604,host_242384): 0 -> 1
Cell (virus_3418604,host_258863): 0 -> 1
Cell (virus_3418604,host_452595): 0 -> 1
Cell (virus_3418604,host_999964): 0 -> 1
Cell (virus_3418604,host_9438): 0 -> 1
Cell (virus_3418604,host_153297): 0 -> 1
Cell (virus_3418604,host_258952): 0 -> 1
Cell (virus_3418604,host_249033): 0 -> 1
Cell (virus_3418604,host_258930): 0 -> 1
Cell (virus_3418604,host_61862): 0 -> 1
Cell (virus_3418604,host_143942): 0 -> 1
Cell (virus_3418604,host_2491053): 0 -> 1
Cell (virus_3418604,host_258959): 0 -> 1
Cell (virus_3418604,host_526822): 0 -> 1
Cell (virus_2913380,host_105273): 0 -> 1
Cell (virus_2913380,host_109478): 0 -> 1
Cell (virus_2913380,host_9435): 0 -> 1
Cell (virus_2913380,host_59463): 0 -> 1
Cell (virus_2913380,host_109480): 0 -> 1
Cell (virus_2913380,host_1633875): 0 -> 1
Cell (virus_2913380,host_2528591): 0 -> 1
Cell (virus_2913380,host_109482): 0 -> 1
Cell (virus_2913380,host_412095): 0 -> 1
Cell (virus_2913380,host_51298): 0 -> 1
Cell (virus_2913380,host_1911917): 0 -> 1
Cell (virus_2913380,host_203696): 0 -> 1
Cell (virus_2913380,host_452653): 0 -> 1
Cell (virus_2913380,host_155915): 0 -> 1
Cell (virus_2913380,host_225400): 0 -> 1
Cell (virus_2913380,host_155035): 0 -> 1
Cell (virus_2913380,host_633648): 0 -> 1
Cell (virus_2913380,host_258925): 0 -> 1
Cell (virus_2913380,host_177185): 0 -> 1
Cell (virus_2913380,host_187017): 0 -> 1
Cell (virus_2913380,host_118856): 0 -> 1
Cell (virus_2913380,host_59476): 0 -> 1
Cell (virus_2913380,host_177160): 0 -> 1
Cell (virus_2913380,host_2994998): 0 -> 1
Cell (virus_2913380,host_59472): 0 -> 1
Cell (virus_2913380,host_9414): 0 -> 1
Cell (virus_2913380,host_1434095): 0 -> 1
Cell (virus_2913380,host_291302): 0 -> 1
Cell (virus_2913380,host_221087): 0 -> 1
Cell (virus_2913380,host_187007): 0 -> 1
Cell (virus_2913380,host_187008): 0 -> 1
Cell (virus_2913380,host_479723): 0 -> 1
Cell (virus_2913380,host_124751): 0 -> 1
Cell (virus_2913380,host_3041509): 0 -> 1
Cell (virus_2913380,host_2218597): 0 -> 1
Cell (virus_2913380,host_258867): 0 -> 1
Cell (virus_2913380,host_242384): 0 -> 1
Cell (virus_2913380,host_258863): 0 -> 1
Cell (virus_2913380,host_452595): 0 -> 1
Cell (virus_2913380,host_999964): 0 -> 1
Cell (virus_2913380,host_9438): 0 -> 1
Cell (virus_2913380,host_153297): 0 -> 1
Cell (virus_2913380,host_258952): 0 -> 1
Cell (virus_2913380,host_249033): 0 -> 1
Cell (virus_2913380,host_258930): 0 -> 1
Cell (virus_2913380,host_61862): 0 -> 1
Cell (virus_2913380,host_143942): 0 -> 1
Cell (virus_2913380,host_2491053): 0 -> 1
Cell (virus_2913380,host_258959): 0 -> 1
Cell (virus_2913380,host_526822): 0 -> 1
Cell (virus_2913380,host_59485): 0 -> 1
Cell (virus_989337,host_105273): 0 -> 1
Cell (virus_989337,host_109478): 0 -> 1
Cell (virus_989337,host_9435): 0 -> 1
Cell (virus_989337,host_59463): 0 -> 1
Cell (virus_989337,host_109480): 0 -> 1
Cell (virus_989337,host_1633875): 0 -> 1
Cell (virus_989337,host_2528591): 0 -> 1
Cell (virus_989337,host_109482): 0 -> 1
Cell (virus_989337,host_412095): 0 -> 1
Cell (virus_989337,host_51298): 0 -> 1
Cell (virus_989337,host_1911917): 0 -> 1
Cell (virus_989337,host_203696): 0 -> 1
Cell (virus_989337,host_452653): 0 -> 1
Cell (virus_989337,host_155915): 0 -> 1
Cell (virus_989337,host_225400): 0 -> 1
Cell (virus_989337,host_155035): 0 -> 1
Cell (virus_989337,host_633648): 0 -> 1
Cell (virus_989337,host_258925): 0 -> 1
Cell (virus_989337,host_177185): 0 -> 1
Cell (virus_989337,host_187017): 0 -> 1
Cell (virus_989337,host_118856): 0 -> 1
Cell (virus_989337,host_59476): 0 -> 1
Cell (virus_989337,host_177160): 0 -> 1
Cell (virus_989337,host_2994998): 0 -> 1
Cell (virus_989337,host_3042450): 0 -> 1
Cell (virus_989337,host_59472): 0 -> 1
Cell (virus_989337,host_9414): 0 -> 1
Cell (virus_989337,host_1434095): 0 -> 1
Cell (virus_989337,host_291302): 0 -> 1
Cell (virus_989337,host_221087): 0 -> 1
Cell (virus_989337,host_187007): 0 -> 1
Cell (virus_989337,host_187008): 0 -> 1
Cell (virus_989337,host_479723): 0 -> 1
Cell (virus_989337,host_124751): 0 -> 1
Cell (virus_989337,host_3041509): 0 -> 1
Cell (virus_989337,host_2218597): 0 -> 1
Cell (virus_989337,host_258867): 0 -> 1
Cell (virus_989337,host_242384): 0 -> 1
Cell (virus_989337,host_258863): 0 -> 1
Cell (virus_989337,host_452595): 0 -> 1
Cell (virus_989337,host_999964): 0 -> 1
Cell (virus_989337,host_9438): 0 -> 1
Cell (virus_989337,host_153297): 0 -> 1
Cell (virus_989337,host_258952): 0 -> 1
Cell (virus_989337,host_249033): 0 -> 1
Cell (virus_989337,host_258930): 0 -> 1
Cell (virus_989337,host_61862): 0 -> 1
Cell (virus_989337,host_143942): 0 -> 1
Cell (virus_989337,host_2491053): 0 -> 1
Cell (virus_989337,host_258959): 0 -> 1
Cell (virus_989337,host_526822): 0 -> 1
Cell (virus_989337,host_59485): 0 -> 1
Cell (virus_3433764,host_105273): 0 -> 1
Cell (virus_3433764,host_109478): 0 -> 1
Cell (virus_3433764,host_9435): 0 -> 1
Cell (virus_3433764,host_59463): 0 -> 1
Cell (virus_3433764,host_109480): 0 -> 1
Cell (virus_3433764,host_1633875): 0 -> 1
Cell (virus_3433764,host_109481): 0 -> 1
Cell (virus_3433764,host_2528591): 0 -> 1
Cell (virus_3433764,host_109482): 0 -> 1
Cell (virus_3433764,host_412095): 0 -> 1
Cell (virus_3433764,host_51298): 0 -> 1
Cell (virus_3433764,host_1911917): 0 -> 1
Cell (virus_3433764,host_203696): 0 -> 1
Cell (virus_3433764,host_452653): 0 -> 1
Cell (virus_3433764,host_155915): 0 -> 1
Cell (virus_3433764,host_225400): 0 -> 1
Cell (virus_3433764,host_155035): 0 -> 1
Cell (virus_3433764,host_633648): 0 -> 1
Cell (virus_3433764,host_258925): 0 -> 1
Cell (virus_3433764,host_177185): 0 -> 1
Cell (virus_3433764,host_187017): 0 -> 1
Cell (virus_3433764,host_118856): 0 -> 1
Cell (virus_3433764,host_59476): 0 -> 1
Cell (virus_3433764,host_177160): 0 -> 1
Cell (virus_3433764,host_2994998): 0 -> 1
Cell (virus_3433764,host_3042450): 0 -> 1
Cell (virus_3433764,host_59472): 0 -> 1
Cell (virus_3433764,host_9414): 0 -> 1
Cell (virus_3433764,host_1434095): 0 -> 1
Cell (virus_3433764,host_291302): 0 -> 1
Cell (virus_3433764,host_221087): 0 -> 1
Cell (virus_3433764,host_187007): 0 -> 1
Cell (virus_3433764,host_187008): 0 -> 1
Cell (virus_3433764,host_258934): 0 -> 1
Cell (virus_3433764,host_479723): 0 -> 1
Cell (virus_3433764,host_124751): 0 -> 1
Cell (virus_3433764,host_3041509): 0 -> 1
Cell (virus_3433764,host_2218597): 0 -> 1
Cell (virus_3433764,host_258867): 0 -> 1
Cell (virus_3433764,host_242384): 0 -> 1
Cell (virus_3433764,host_258863): 0 -> 1
Cell (virus_3433764,host_452595): 0 -> 1
Cell (virus_3433764,host_999964): 0 -> 1
Cell (virus_3433764,host_9438): 0 -> 1
Cell (virus_3433764,host_153297): 0 -> 1
Cell (virus_3433764,host_258952): 0 -> 1
Cell (virus_3433764,host_249033): 0 -> 1
Cell (virus_3433764,host_258930): 0 -> 1
Cell (virus_3433764,host_61862): 0 -> 1
Cell (virus_3433764,host_143942): 0 -> 1
Cell (virus_3433764,host_2491053): 0 -> 1
Cell (virus_3433764,host_258959): 0 -> 1
Cell (virus_3433764,host_526822): 0 -> 1
Cell (virus_3433764,host_59485): 0 -> 1
Cell (virus_2115988,host_105273): 0 -> 1
Cell (virus_2115988,host_109478): 0 -> 1
Cell (virus_2115988,host_9435): 0 -> 1
Cell (virus_2115988,host_257882): 0 -> 1
Cell (virus_2115988,host_59463): 0 -> 1
Cell (virus_2115988,host_109480): 0 -> 1
Cell (virus_2115988,host_1633875): 0 -> 1
Cell (virus_2115988,host_519446): 0 -> 1
Cell (virus_2115988,host_2528591): 0 -> 1
Cell (virus_2115988,host_109482): 0 -> 1
Cell (virus_2115988,host_51298): 0 -> 1
Cell (virus_2115988,host_1911917): 0 -> 1
Cell (virus_2115988,host_203696): 0 -> 1
Cell (virus_2115988,host_452653): 0 -> 1
Cell (virus_2115988,host_155915): 0 -> 1
Cell (virus_2115988,host_225400): 0 -> 1
Cell (virus_2115988,host_155035): 0 -> 1
Cell (virus_2115988,host_258925): 0 -> 1
Cell (virus_2115988,host_177185): 0 -> 1
Cell (virus_2115988,host_187017): 0 -> 1
Cell (virus_2115988,host_270698): 0 -> 1
Cell (virus_2115988,host_334201): 0 -> 1
Cell (virus_2115988,host_249020): 0 -> 1
Cell (virus_2115988,host_584995): 0 -> 1
Cell (virus_2115988,host_302402): 0 -> 1
Cell (virus_2115988,host_58069): 0 -> 1
Cell (virus_2115988,host_59479): 0 -> 1
Cell (virus_2115988,host_118856): 0 -> 1
Cell (virus_2115988,host_59476): 0 -> 1
Cell (virus_2115988,host_177160): 0 -> 1
Cell (virus_2115988,host_2994998): 0 -> 1
Cell (virus_2115988,host_3042450): 0 -> 1
Cell (virus_2115988,host_59472): 0 -> 1
Cell (virus_2115988,host_9414): 0 -> 1
Cell (virus_2115988,host_1434095): 0 -> 1
Cell (virus_2115988,host_291302): 0 -> 1
Cell (virus_2115988,host_221087): 0 -> 1
Cell (virus_2115988,host_187007): 0 -> 1
Cell (virus_2115988,host_187008): 0 -> 1
Cell (virus_2115988,host_258934): 0 -> 1
Cell (virus_2115988,host_479723): 0 -> 1
Cell (virus_2115988,host_124751): 0 -> 1
Cell (virus_2115988,host_3041509): 0 -> 1
Cell (virus_2115988,host_2218597): 0 -> 1
Cell (virus_2115988,host_258867): 0 -> 1
Cell (virus_2115988,host_242384): 0 -> 1
Cell (virus_2115988,host_258863): 0 -> 1
Cell (virus_2115988,host_452595): 0 -> 1
Cell (virus_2115988,host_9438): 0 -> 1
Cell (virus_2115988,host_153297): 0 -> 1
Cell (virus_2115988,host_258952): 0 -> 1
Cell (virus_2115988,host_249033): 0 -> 1
Cell (virus_2115988,host_258930): 0 -> 1
Cell (virus_2115988,host_61862): 0 -> 1
Cell (virus_2115988,host_258909): 0 -> 1
Cell (virus_2115988,host_143942): 0 -> 1
Cell (virus_2115988,host_2491053): 0 -> 1
Cell (virus_2115988,host_110938): 0 -> 1
Cell (virus_2115988,host_258959): 0 -> 1
Cell (virus_2115988,host_526822): 0 -> 1
Cell (virus_2833151,host_105273): 0 -> 1
Cell (virus_2833151,host_109478): 0 -> 1
Cell (virus_2833151,host_9435): 0 -> 1
Cell (virus_2833151,host_257882): 0 -> 1
Cell (virus_2833151,host_59463): 0 -> 1
Cell (virus_2833151,host_109480): 0 -> 1
Cell (virus_2833151,host_1633875): 0 -> 1
Cell (virus_2833151,host_519446): 0 -> 1
Cell (virus_2833151,host_2528591): 0 -> 1
Cell (virus_2833151,host_109482): 0 -> 1
Cell (virus_2833151,host_51298): 0 -> 1
Cell (virus_2833151,host_1911917): 0 -> 1
Cell (virus_2833151,host_203696): 0 -> 1
Cell (virus_2833151,host_452653): 0 -> 1
Cell (virus_2833151,host_155915): 0 -> 1
Cell (virus_2833151,host_225400): 0 -> 1
Cell (virus_2833151,host_155035): 0 -> 1
Cell (virus_2833151,host_258925): 0 -> 1
Cell (virus_2833151,host_177185): 0 -> 1
Cell (virus_2833151,host_187017): 0 -> 1
Cell (virus_2833151,host_270698): 0 -> 1
Cell (virus_2833151,host_334201): 0 -> 1
Cell (virus_2833151,host_249020): 0 -> 1
Cell (virus_2833151,host_584995): 0 -> 1
Cell (virus_2833151,host_302402): 0 -> 1
Cell (virus_2833151,host_58069): 0 -> 1
Cell (virus_2833151,host_59479): 0 -> 1
Cell (virus_2833151,host_118856): 0 -> 1
Cell (virus_2833151,host_59476): 0 -> 1
Cell (virus_2833151,host_177160): 0 -> 1
Cell (virus_2833151,host_2994998): 0 -> 1
Cell (virus_2833151,host_3042450): 0 -> 1
Cell (virus_2833151,host_59472): 0 -> 1
Cell (virus_2833151,host_9414): 0 -> 1
Cell (virus_2833151,host_1434095): 0 -> 1
Cell (virus_2833151,host_291302): 0 -> 1
Cell (virus_2833151,host_221087): 0 -> 1
Cell (virus_2833151,host_187007): 0 -> 1
Cell (virus_2833151,host_187008): 0 -> 1
Cell (virus_2833151,host_258934): 0 -> 1
Cell (virus_2833151,host_479723): 0 -> 1
Cell (virus_2833151,host_124751): 0 -> 1
Cell (virus_2833151,host_3041509): 0 -> 1
Cell (virus_2833151,host_2218597): 0 -> 1
Cell (virus_2833151,host_258867): 0 -> 1
Cell (virus_2833151,host_242384): 0 -> 1
Cell (virus_2833151,host_258863): 0 -> 1
Cell (virus_2833151,host_452595): 0 -> 1
Cell (virus_2833151,host_9438): 0 -> 1
Cell (virus_2833151,host_153297): 0 -> 1
Cell (virus_2833151,host_258952): 0 -> 1
Cell (virus_2833151,host_249033): 0 -> 1
Cell (virus_2833151,host_258930): 0 -> 1
Cell (virus_2833151,host_61862): 0 -> 1
Cell (virus_2833151,host_258909): 0 -> 1
Cell (virus_2833151,host_143942): 0 -> 1
Cell (virus_2833151,host_2491053): 0 -> 1
Cell (virus_2833151,host_258959): 0 -> 1
Cell (virus_2833151,host_526822): 0 -> 1
Cell (virus_3433795,host_105273): 0 -> 1
Cell (virus_3433795,host_109478): 0 -> 1
Cell (virus_3433795,host_9435): 0 -> 1
Cell (virus_3433795,host_257882): 0 -> 1
Cell (virus_3433795,host_59463): 0 -> 1
Cell (virus_3433795,host_109480): 0 -> 1
Cell (virus_3433795,host_1633875): 0 -> 1
Cell (virus_3433795,host_519446): 0 -> 1
Cell (virus_3433795,host_2528591): 0 -> 1
Cell (virus_3433795,host_109482): 0 -> 1
Cell (virus_3433795,host_51298): 0 -> 1
Cell (virus_3433795,host_1911917): 0 -> 1
Cell (virus_3433795,host_203696): 0 -> 1
Cell (virus_3433795,host_452653): 0 -> 1
Cell (virus_3433795,host_155915): 0 -> 1
Cell (virus_3433795,host_225400): 0 -> 1
Cell (virus_3433795,host_155035): 0 -> 1
Cell (virus_3433795,host_258925): 0 -> 1
Cell (virus_3433795,host_177185): 0 -> 1
Cell (virus_3433795,host_187017): 0 -> 1
Cell (virus_3433795,host_270698): 0 -> 1
Cell (virus_3433795,host_334201): 0 -> 1
Cell (virus_3433795,host_249020): 0 -> 1
Cell (virus_3433795,host_584995): 0 -> 1
Cell (virus_3433795,host_302402): 0 -> 1
Cell (virus_3433795,host_58069): 0 -> 1
Cell (virus_3433795,host_59479): 0 -> 1
Cell (virus_3433795,host_118856): 0 -> 1
Cell (virus_3433795,host_59476): 0 -> 1
Cell (virus_3433795,host_177160): 0 -> 1
Cell (virus_3433795,host_2994998): 0 -> 1
Cell (virus_3433795,host_3042450): 0 -> 1
Cell (virus_3433795,host_59472): 0 -> 1
Cell (virus_3433795,host_9414): 0 -> 1
Cell (virus_3433795,host_1434095): 0 -> 1
Cell (virus_3433795,host_291302): 0 -> 1
Cell (virus_3433795,host_221087): 0 -> 1
Cell (virus_3433795,host_187007): 0 -> 1
Cell (virus_3433795,host_187008): 0 -> 1
Cell (virus_3433795,host_258934): 0 -> 1
Cell (virus_3433795,host_479723): 0 -> 1
Cell (virus_3433795,host_124751): 0 -> 1
Cell (virus_3433795,host_3041509): 0 -> 1
Cell (virus_3433795,host_2218597): 0 -> 1
Cell (virus_3433795,host_258867): 0 -> 1
Cell (virus_3433795,host_242384): 0 -> 1
Cell (virus_3433795,host_258863): 0 -> 1
Cell (virus_3433795,host_452595): 0 -> 1
Cell (virus_3433795,host_9438): 0 -> 1
Cell (virus_3433795,host_153297): 0 -> 1
Cell (virus_3433795,host_258952): 0 -> 1
Cell (virus_3433795,host_249033): 0 -> 1
Cell (virus_3433795,host_258930): 0 -> 1
Cell (virus_3433795,host_61862): 0 -> 1
Cell (virus_3433795,host_258909): 0 -> 1
Cell (virus_3433795,host_143942): 0 -> 1
Cell (virus_3433795,host_2491053): 0 -> 1
Cell (virus_3433795,host_258959): 0 -> 1
Cell (virus_3433795,host_526822): 0 -> 1
Cell (virus_693998,host_105273): 0 -> 1
Cell (virus_693998,host_109478): 0 -> 1
Cell (virus_693998,host_9435): 0 -> 1
Cell (virus_693998,host_257882): 0 -> 1
Cell (virus_693998,host_59463): 0 -> 1
Cell (virus_693998,host_109480): 0 -> 1
Cell (virus_693998,host_1633875): 0 -> 1
Cell (virus_693998,host_519446): 0 -> 1
Cell (virus_693998,host_2528591): 0 -> 1
Cell (virus_693998,host_109482): 0 -> 1
Cell (virus_693998,host_51298): 0 -> 1
Cell (virus_693998,host_1911917): 0 -> 1
Cell (virus_693998,host_203696): 0 -> 1
Cell (virus_693998,host_452653): 0 -> 1
Cell (virus_693998,host_155915): 0 -> 1
Cell (virus_693998,host_225400): 0 -> 1
Cell (virus_693998,host_155035): 0 -> 1
Cell (virus_693998,host_258925): 0 -> 1
Cell (virus_693998,host_177185): 0 -> 1
Cell (virus_693998,host_187017): 0 -> 1
Cell (virus_693998,host_270698): 0 -> 1
Cell (virus_693998,host_334201): 0 -> 1
Cell (virus_693998,host_249020): 0 -> 1
Cell (virus_693998,host_584995): 0 -> 1
Cell (virus_693998,host_302402): 0 -> 1
Cell (virus_693998,host_58069): 0 -> 1
Cell (virus_693998,host_59479): 0 -> 1
Cell (virus_693998,host_118856): 0 -> 1
Cell (virus_693998,host_59476): 0 -> 1
Cell (virus_693998,host_177160): 0 -> 1
Cell (virus_693998,host_2994998): 0 -> 1
Cell (virus_693998,host_3042450): 0 -> 1
Cell (virus_693998,host_59472): 0 -> 1
Cell (virus_693998,host_9414): 0 -> 1
Cell (virus_693998,host_1434095): 0 -> 1
Cell (virus_693998,host_291302): 0 -> 1
Cell (virus_693998,host_221087): 0 -> 1
Cell (virus_693998,host_187007): 0 -> 1
Cell (virus_693998,host_187008): 0 -> 1
Cell (virus_693998,host_258934): 0 -> 1
Cell (virus_693998,host_479723): 0 -> 1
Cell (virus_693998,host_124751): 0 -> 1
Cell (virus_693998,host_3041509): 0 -> 1
Cell (virus_693998,host_2218597): 0 -> 1
Cell (virus_693998,host_258867): 0 -> 1
Cell (virus_693998,host_242384): 0 -> 1
Cell (virus_693998,host_258863): 0 -> 1
Cell (virus_693998,host_452595): 0 -> 1
Cell (virus_693998,host_9438): 0 -> 1
Cell (virus_693998,host_153297): 0 -> 1
Cell (virus_693998,host_258952): 0 -> 1
Cell (virus_693998,host_249033): 0 -> 1
Cell (virus_693998,host_258930): 0 -> 1
Cell (virus_693998,host_61862): 0 -> 1
Cell (virus_693998,host_258909): 0 -> 1
Cell (virus_693998,host_143942): 0 -> 1
Cell (virus_693998,host_2491053): 0 -> 1
Cell (virus_693998,host_258959): 0 -> 1
Cell (virus_693998,host_526822): 0 -> 1
Cell (virus_2913382,host_105273): 0 -> 1
Cell (virus_2913382,host_109478): 0 -> 1
Cell (virus_2913382,host_9435): 0 -> 1
Cell (virus_2913382,host_257882): 0 -> 1
Cell (virus_2913382,host_59463): 0 -> 1
Cell (virus_2913382,host_109480): 0 -> 1
Cell (virus_2913382,host_1633875): 0 -> 1
Cell (virus_2913382,host_519446): 0 -> 1
Cell (virus_2913382,host_2528591): 0 -> 1
Cell (virus_2913382,host_109482): 0 -> 1
Cell (virus_2913382,host_51298): 0 -> 1
Cell (virus_2913382,host_1911917): 0 -> 1
Cell (virus_2913382,host_203696): 0 -> 1
Cell (virus_2913382,host_452653): 0 -> 1
Cell (virus_2913382,host_155915): 0 -> 1
Cell (virus_2913382,host_225400): 0 -> 1
Cell (virus_2913382,host_155035): 0 -> 1
Cell (virus_2913382,host_258925): 0 -> 1
Cell (virus_2913382,host_177185): 0 -> 1
Cell (virus_2913382,host_187017): 0 -> 1
Cell (virus_2913382,host_270698): 0 -> 1
Cell (virus_2913382,host_334201): 0 -> 1
Cell (virus_2913382,host_249020): 0 -> 1
Cell (virus_2913382,host_584995): 0 -> 1
Cell (virus_2913382,host_302402): 0 -> 1
Cell (virus_2913382,host_58069): 0 -> 1
Cell (virus_2913382,host_59479): 0 -> 1
Cell (virus_2913382,host_118856): 0 -> 1
Cell (virus_2913382,host_59476): 0 -> 1
Cell (virus_2913382,host_177160): 0 -> 1
Cell (virus_2913382,host_2994998): 0 -> 1
Cell (virus_2913382,host_3042450): 0 -> 1
Cell (virus_2913382,host_59472): 0 -> 1
Cell (virus_2913382,host_9414): 0 -> 1
Cell (virus_2913382,host_1434095): 0 -> 1
Cell (virus_2913382,host_291302): 0 -> 1
Cell (virus_2913382,host_221087): 0 -> 1
Cell (virus_2913382,host_187007): 0 -> 1
Cell (virus_2913382,host_187008): 0 -> 1
Cell (virus_2913382,host_258934): 0 -> 1
Cell (virus_2913382,host_479723): 0 -> 1
Cell (virus_2913382,host_124751): 0 -> 1
Cell (virus_2913382,host_3041509): 0 -> 1
Cell (virus_2913382,host_2218597): 0 -> 1
Cell (virus_2913382,host_258867): 0 -> 1
Cell (virus_2913382,host_242384): 0 -> 1
Cell (virus_2913382,host_258863): 0 -> 1
Cell (virus_2913382,host_452595): 0 -> 1
Cell (virus_2913382,host_9438): 0 -> 1
Cell (virus_2913382,host_153297): 0 -> 1
Cell (virus_2913382,host_258952): 0 -> 1
Cell (virus_2913382,host_249033): 0 -> 1
Cell (virus_2913382,host_258930): 0 -> 1
Cell (virus_2913382,host_61862): 0 -> 1
Cell (virus_2913382,host_258909): 0 -> 1
Cell (virus_2913382,host_143942): 0 -> 1
Cell (virus_2913382,host_2491053): 0 -> 1
Cell (virus_2913382,host_110938): 0 -> 1
Cell (virus_2913382,host_258959): 0 -> 1
Cell (virus_2913382,host_526822): 0 -> 1
Cell (virus_3433766,host_105273): 0 -> 1
Cell (virus_3433766,host_59473): 0 -> 1
Cell (virus_3433766,host_109478): 0 -> 1
Cell (virus_3433766,host_3380546): 0 -> 1
Cell (virus_3433766,host_9435): 0 -> 1
Cell (virus_3433766,host_59463): 0 -> 1
Cell (virus_3433766,host_109480): 0 -> 1
Cell (virus_3433766,host_1633875): 0 -> 1
Cell (virus_3433766,host_519446): 0 -> 1
Cell (virus_3433766,host_2528591): 0 -> 1
Cell (virus_3433766,host_109482): 0 -> 1
Cell (virus_3433766,host_51298): 0 -> 1
Cell (virus_3433766,host_526407): 0 -> 1
Cell (virus_3433766,host_1911917): 0 -> 1
Cell (virus_3433766,host_203696): 0 -> 1
Cell (virus_3433766,host_452653): 0 -> 1
Cell (virus_3433766,host_138979): 0 -> 1
Cell (virus_3433766,host_155915): 0 -> 1
Cell (virus_3433766,host_225400): 0 -> 1
Cell (virus_3433766,host_155035): 0 -> 1
Cell (virus_3433766,host_258925): 0 -> 1
Cell (virus_3433766,host_177185): 0 -> 1
Cell (virus_3433766,host_187017): 0 -> 1
Cell (virus_3433766,host_270698): 0 -> 1
Cell (virus_3433766,host_334201): 0 -> 1
Cell (virus_3433766,host_249020): 0 -> 1
Cell (virus_3433766,host_584995): 0 -> 1
Cell (virus_3433766,host_302402): 0 -> 1
Cell (virus_3433766,host_58069): 0 -> 1
Cell (virus_3433766,host_59479): 0 -> 1
Cell (virus_3433766,host_118856): 0 -> 1
Cell (virus_3433766,host_59476): 0 -> 1
Cell (virus_3433766,host_177160): 0 -> 1
Cell (virus_3433766,host_2994998): 0 -> 1
Cell (virus_3433766,host_59472): 0 -> 1
Cell (virus_3433766,host_9414): 0 -> 1
Cell (virus_3433766,host_1434095): 0 -> 1
Cell (virus_3433766,host_221086): 0 -> 1
Cell (virus_3433766,host_291302): 0 -> 1
Cell (virus_3433766,host_221087): 0 -> 1
Cell (virus_3433766,host_187007): 0 -> 1
Cell (virus_3433766,host_187008): 0 -> 1
Cell (virus_3433766,host_258934): 0 -> 1
Cell (virus_3433766,host_479723): 0 -> 1
Cell (virus_3433766,host_124751): 0 -> 1
Cell (virus_3433766,host_3041509): 0 -> 1
Cell (virus_3433766,host_2218597): 0 -> 1
Cell (virus_3433766,host_258867): 0 -> 1
Cell (virus_3433766,host_242384): 0 -> 1
Cell (virus_3433766,host_258863): 0 -> 1
Cell (virus_3433766,host_452595): 0 -> 1
Cell (virus_3433766,host_9438): 0 -> 1
Cell (virus_3433766,host_153297): 0 -> 1
Cell (virus_3433766,host_258952): 0 -> 1
Cell (virus_3433766,host_249033): 0 -> 1
Cell (virus_3433766,host_258930): 0 -> 1
Cell (virus_3433766,host_61862): 0 -> 1
Cell (virus_3433766,host_143942): 0 -> 1
Cell (virus_3433766,host_2491053): 0 -> 1
Cell (virus_3433766,host_258944): 0 -> 1
Cell (virus_3433766,host_258959): 0 -> 1
Cell (virus_3433766,host_526822): 0 -> 1
Cell (virus_694014,host_105273): 0 -> 1
Cell (virus_694014,host_59473): 0 -> 1
Cell (virus_694014,host_109478): 0 -> 1
Cell (virus_694014,host_3380546): 0 -> 1
Cell (virus_694014,host_9435): 0 -> 1
Cell (virus_694014,host_59463): 0 -> 1
Cell (virus_694014,host_109480): 0 -> 1
Cell (virus_694014,host_1633875): 0 -> 1
Cell (virus_694014,host_519446): 0 -> 1
Cell (virus_694014,host_2528591): 0 -> 1
Cell (virus_694014,host_109482): 0 -> 1
Cell (virus_694014,host_51298): 0 -> 1
Cell (virus_694014,host_526407): 0 -> 1
Cell (virus_694014,host_1911917): 0 -> 1
Cell (virus_694014,host_203696): 0 -> 1
Cell (virus_694014,host_452653): 0 -> 1
Cell (virus_694014,host_138979): 0 -> 1
Cell (virus_694014,host_155915): 0 -> 1
Cell (virus_694014,host_225400): 0 -> 1
Cell (virus_694014,host_155035): 0 -> 1
Cell (virus_694014,host_258925): 0 -> 1
Cell (virus_694014,host_177185): 0 -> 1
Cell (virus_694014,host_187017): 0 -> 1
Cell (virus_694014,host_270698): 0 -> 1
Cell (virus_694014,host_334201): 0 -> 1
Cell (virus_694014,host_249020): 0 -> 1
Cell (virus_694014,host_584995): 0 -> 1
Cell (virus_694014,host_302402): 0 -> 1
Cell (virus_694014,host_58069): 0 -> 1
Cell (virus_694014,host_59479): 0 -> 1
Cell (virus_694014,host_118856): 0 -> 1
Cell (virus_694014,host_59476): 0 -> 1
Cell (virus_694014,host_177160): 0 -> 1
Cell (virus_694014,host_2994998): 0 -> 1
Cell (virus_694014,host_59472): 0 -> 1
Cell (virus_694014,host_9414): 0 -> 1
Cell (virus_694014,host_1434095): 0 -> 1
Cell (virus_694014,host_221086): 0 -> 1
Cell (virus_694014,host_291302): 0 -> 1
Cell (virus_694014,host_221087): 0 -> 1
Cell (virus_694014,host_187007): 0 -> 1
Cell (virus_694014,host_187008): 0 -> 1
Cell (virus_694014,host_258934): 0 -> 1
Cell (virus_694014,host_479723): 0 -> 1
Cell (virus_694014,host_124751): 0 -> 1
Cell (virus_694014,host_3041509): 0 -> 1
Cell (virus_694014,host_2218597): 0 -> 1
Cell (virus_694014,host_258867): 0 -> 1
Cell (virus_694014,host_242384): 0 -> 1
Cell (virus_694014,host_258863): 0 -> 1
Cell (virus_694014,host_452595): 0 -> 1
Cell (virus_694014,host_9438): 0 -> 1
Cell (virus_694014,host_153297): 0 -> 1
Cell (virus_694014,host_258952): 0 -> 1
Cell (virus_694014,host_249033): 0 -> 1
Cell (virus_694014,host_258930): 0 -> 1
Cell (virus_694014,host_61862): 0 -> 1
Cell (virus_694014,host_143942): 0 -> 1
Cell (virus_694014,host_2491053): 0 -> 1
Cell (virus_694014,host_258944): 0 -> 1
Cell (virus_694014,host_258959): 0 -> 1
Cell (virus_694014,host_526822): 0 -> 1
Cell (virus_2917966,host_105273): 0 -> 1
Cell (virus_2917966,host_109478): 0 -> 1
Cell (virus_2917966,host_9435): 0 -> 1
Cell (virus_2917966,host_59463): 0 -> 1
Cell (virus_2917966,host_109480): 0 -> 1
Cell (virus_2917966,host_1633875): 0 -> 1
Cell (virus_2917966,host_519446): 0 -> 1
Cell (virus_2917966,host_2528591): 0 -> 1
Cell (virus_2917966,host_109482): 0 -> 1
Cell (virus_2917966,host_51298): 0 -> 1
Cell (virus_2917966,host_1911917): 0 -> 1
Cell (virus_2917966,host_59461): 0 -> 1
Cell (virus_2917966,host_203696): 0 -> 1
Cell (virus_2917966,host_138979): 0 -> 1
Cell (virus_2917966,host_155915): 0 -> 1
Cell (virus_2917966,host_225400): 0 -> 1
Cell (virus_2917966,host_155035): 0 -> 1
Cell (virus_2917966,host_258925): 0 -> 1
Cell (virus_2917966,host_177185): 0 -> 1
Cell (virus_2917966,host_187017): 0 -> 1
Cell (virus_2917966,host_334201): 0 -> 1
Cell (virus_2917966,host_249020): 0 -> 1
Cell (virus_2917966,host_463808): 0 -> 1
Cell (virus_2917966,host_58069): 0 -> 1
Cell (virus_2917966,host_59479): 0 -> 1
Cell (virus_2917966,host_1884717): 0 -> 1
Cell (virus_2917966,host_59476): 0 -> 1
Cell (virus_2917966,host_177160): 0 -> 1
Cell (virus_2917966,host_177162): 0 -> 1
Cell (virus_2917966,host_2994998): 0 -> 1
Cell (virus_2917966,host_3042450): 0 -> 1
Cell (virus_2917966,host_59472): 0 -> 1
Cell (virus_2917966,host_9414): 0 -> 1
Cell (virus_2917966,host_1434095): 0 -> 1
Cell (virus_2917966,host_291302): 0 -> 1
Cell (virus_2917966,host_221087): 0 -> 1
Cell (virus_2917966,host_187007): 0 -> 1
Cell (virus_2917966,host_187008): 0 -> 1
Cell (virus_2917966,host_258934): 0 -> 1
Cell (virus_2917966,host_124751): 0 -> 1
Cell (virus_2917966,host_27622): 0 -> 1
Cell (virus_2917966,host_3041509): 0 -> 1
Cell (virus_2917966,host_2218597): 0 -> 1
Cell (virus_2917966,host_258867): 0 -> 1
Cell (virus_2917966,host_242384): 0 -> 1
Cell (virus_2917966,host_258863): 0 -> 1
Cell (virus_2917966,host_452595): 0 -> 1
Cell (virus_2917966,host_999964): 0 -> 1
Cell (virus_2917966,host_9438): 0 -> 1
Cell (virus_2917966,host_153297): 0 -> 1
Cell (virus_2917966,host_258952): 0 -> 1
Cell (virus_2917966,host_249033): 0 -> 1
Cell (virus_2917966,host_258930): 0 -> 1
Cell (virus_2917966,host_143942): 0 -> 1
Cell (virus_2917966,host_2491053): 0 -> 1
Cell (virus_2917966,host_258959): 0 -> 1
Cell (virus_2917966,host_526822): 0 -> 1
Cell (virus_3158245,host_105273): 0 -> 1
Cell (virus_3158245,host_258946): 0 -> 1
Cell (virus_3158245,host_109478): 0 -> 1
Cell (virus_3158245,host_9435): 0 -> 1
Cell (virus_3158245,host_59463): 0 -> 1
Cell (virus_3158245,host_109480): 0 -> 1
Cell (virus_3158245,host_160974): 0 -> 1
Cell (virus_3158245,host_1633875): 0 -> 1
Cell (virus_3158245,host_519446): 0 -> 1
Cell (virus_3158245,host_2528591): 0 -> 1
Cell (virus_3158245,host_109482): 0 -> 1
Cell (virus_3158245,host_51298): 0 -> 1
Cell (virus_3158245,host_1911917): 0 -> 1
Cell (virus_3158245,host_203696): 0 -> 1
Cell (virus_3158245,host_452653): 0 -> 1
Cell (virus_3158245,host_138979): 0 -> 1
Cell (virus_3158245,host_225400): 0 -> 1
Cell (virus_3158245,host_155035): 0 -> 1
Cell (virus_3158245,host_258925): 0 -> 1
Cell (virus_3158245,host_177185): 0 -> 1
Cell (virus_3158245,host_187017): 0 -> 1
Cell (virus_3158245,host_270698): 0 -> 1
Cell (virus_3158245,host_334201): 0 -> 1
Cell (virus_3158245,host_249020): 0 -> 1
Cell (virus_3158245,host_584995): 0 -> 1
Cell (virus_3158245,host_58069): 0 -> 1
Cell (virus_3158245,host_320431): 0 -> 1
Cell (virus_3158245,host_59479): 0 -> 1
Cell (virus_3158245,host_59476): 0 -> 1
Cell (virus_3158245,host_177160): 0 -> 1
Cell (virus_3158245,host_2994998): 0 -> 1
Cell (virus_3158245,host_3042450): 0 -> 1
Cell (virus_3158245,host_59472): 0 -> 1
Cell (virus_3158245,host_9414): 0 -> 1
Cell (virus_3158245,host_1434095): 0 -> 1
Cell (virus_3158245,host_291302): 0 -> 1
Cell (virus_3158245,host_221087): 0 -> 1
Cell (virus_3158245,host_187007): 0 -> 1
Cell (virus_3158245,host_187008): 0 -> 1
Cell (virus_3158245,host_258934): 0 -> 1
Cell (virus_3158245,host_479723): 0 -> 1
Cell (virus_3158245,host_124751): 0 -> 1
Cell (virus_3158245,host_3041509): 0 -> 1
Cell (virus_3158245,host_2218597): 0 -> 1
Cell (virus_3158245,host_258867): 0 -> 1
Cell (virus_3158245,host_242384): 0 -> 1
Cell (virus_3158245,host_258863): 0 -> 1
Cell (virus_3158245,host_452595): 0 -> 1
Cell (virus_3158245,host_9438): 0 -> 1
Cell (virus_3158245,host_153297): 0 -> 1
Cell (virus_3158245,host_258952): 0 -> 1
Cell (virus_3158245,host_258953): 0 -> 1
Cell (virus_3158245,host_249033): 0 -> 1
Cell (virus_3158245,host_258930): 0 -> 1
Cell (virus_3158245,host_143942): 0 -> 1
Cell (virus_3158245,host_2491053): 0 -> 1
Cell (virus_3158245,host_258959): 0 -> 1
Cell (virus_3158245,host_526822): 0 -> 1
Cell (virus_693999,host_105273): 0 -> 1
Cell (virus_693999,host_258946): 0 -> 1
Cell (virus_693999,host_109478): 0 -> 1
Cell (virus_693999,host_9435): 0 -> 1
Cell (virus_693999,host_59463): 0 -> 1
Cell (virus_693999,host_109480): 0 -> 1
Cell (virus_693999,host_160974): 0 -> 1
Cell (virus_693999,host_1633875): 0 -> 1
Cell (virus_693999,host_519446): 0 -> 1
Cell (virus_693999,host_2528591): 0 -> 1
Cell (virus_693999,host_109482): 0 -> 1
Cell (virus_693999,host_51298): 0 -> 1
Cell (virus_693999,host_1911917): 0 -> 1
Cell (virus_693999,host_203696): 0 -> 1
Cell (virus_693999,host_452653): 0 -> 1
Cell (virus_693999,host_138979): 0 -> 1
Cell (virus_693999,host_225400): 0 -> 1
Cell (virus_693999,host_155035): 0 -> 1
Cell (virus_693999,host_258925): 0 -> 1
Cell (virus_693999,host_177185): 0 -> 1
Cell (virus_693999,host_187017): 0 -> 1
Cell (virus_693999,host_270698): 0 -> 1
Cell (virus_693999,host_334201): 0 -> 1
Cell (virus_693999,host_249020): 0 -> 1
Cell (virus_693999,host_584995): 0 -> 1
Cell (virus_693999,host_58069): 0 -> 1
Cell (virus_693999,host_320431): 0 -> 1
Cell (virus_693999,host_59479): 0 -> 1
Cell (virus_693999,host_59476): 0 -> 1
Cell (virus_693999,host_177160): 0 -> 1
Cell (virus_693999,host_2994998): 0 -> 1
Cell (virus_693999,host_3042450): 0 -> 1
Cell (virus_693999,host_59472): 0 -> 1
Cell (virus_693999,host_9414): 0 -> 1
Cell (virus_693999,host_1434095): 0 -> 1
Cell (virus_693999,host_291302): 0 -> 1
Cell (virus_693999,host_221087): 0 -> 1
Cell (virus_693999,host_187007): 0 -> 1
Cell (virus_693999,host_187008): 0 -> 1
Cell (virus_693999,host_258934): 0 -> 1
Cell (virus_693999,host_479723): 0 -> 1
Cell (virus_693999,host_124751): 0 -> 1
Cell (virus_693999,host_3041509): 0 -> 1
Cell (virus_693999,host_2218597): 0 -> 1
Cell (virus_693999,host_258867): 0 -> 1
Cell (virus_693999,host_242384): 0 -> 1
Cell (virus_693999,host_258863): 0 -> 1
Cell (virus_693999,host_452595): 0 -> 1
Cell (virus_693999,host_9438): 0 -> 1
Cell (virus_693999,host_153297): 0 -> 1
Cell (virus_693999,host_258952): 0 -> 1
Cell (virus_693999,host_258953): 0 -> 1
Cell (virus_693999,host_249033): 0 -> 1
Cell (virus_693999,host_258930): 0 -> 1
Cell (virus_693999,host_143942): 0 -> 1
Cell (virus_693999,host_2491053): 0 -> 1
Cell (virus_693999,host_258959): 0 -> 1
Cell (virus_693999,host_526822): 0 -> 1
Cell (virus_3418615,host_105273): 0 -> 1
Cell (virus_3418615,host_109478): 0 -> 1
Cell (virus_3418615,host_9435): 0 -> 1
Cell (virus_3418615,host_59463): 0 -> 1
Cell (virus_3418615,host_109480): 0 -> 1
Cell (virus_3418615,host_160974): 0 -> 1
Cell (virus_3418615,host_1633875): 0 -> 1
Cell (virus_3418615,host_519446): 0 -> 1
Cell (virus_3418615,host_2528591): 0 -> 1
Cell (virus_3418615,host_109482): 0 -> 1
Cell (virus_3418615,host_51298): 0 -> 1
Cell (virus_3418615,host_1911917): 0 -> 1
Cell (virus_3418615,host_203696): 0 -> 1
Cell (virus_3418615,host_452653): 0 -> 1
Cell (virus_3418615,host_138979): 0 -> 1
Cell (virus_3418615,host_225400): 0 -> 1
Cell (virus_3418615,host_155035): 0 -> 1
Cell (virus_3418615,host_258925): 0 -> 1
Cell (virus_3418615,host_177185): 0 -> 1
Cell (virus_3418615,host_187017): 0 -> 1
Cell (virus_3418615,host_270698): 0 -> 1
Cell (virus_3418615,host_334201): 0 -> 1
Cell (virus_3418615,host_249020): 0 -> 1
Cell (virus_3418615,host_584995): 0 -> 1
Cell (virus_3418615,host_58069): 0 -> 1
Cell (virus_3418615,host_59479): 0 -> 1
Cell (virus_3418615,host_59476): 0 -> 1
Cell (virus_3418615,host_177160): 0 -> 1
Cell (virus_3418615,host_2994998): 0 -> 1
Cell (virus_3418615,host_3042450): 0 -> 1
Cell (virus_3418615,host_59472): 0 -> 1
Cell (virus_3418615,host_9414): 0 -> 1
Cell (virus_3418615,host_1434095): 0 -> 1
Cell (virus_3418615,host_291302): 0 -> 1
Cell (virus_3418615,host_221087): 0 -> 1
Cell (virus_3418615,host_187007): 0 -> 1
Cell (virus_3418615,host_187008): 0 -> 1
Cell (virus_3418615,host_258934): 0 -> 1
Cell (virus_3418615,host_479723): 0 -> 1
Cell (virus_3418615,host_124751): 0 -> 1
Cell (virus_3418615,host_3041509): 0 -> 1
Cell (virus_3418615,host_2218597): 0 -> 1
Cell (virus_3418615,host_258867): 0 -> 1
Cell (virus_3418615,host_242384): 0 -> 1
Cell (virus_3418615,host_258863): 0 -> 1
Cell (virus_3418615,host_452595): 0 -> 1
Cell (virus_3418615,host_9438): 0 -> 1
Cell (virus_3418615,host_153297): 0 -> 1
Cell (virus_3418615,host_258952): 0 -> 1
Cell (virus_3418615,host_258953): 0 -> 1
Cell (virus_3418615,host_249033): 0 -> 1
Cell (virus_3418615,host_258930): 0 -> 1
Cell (virus_3418615,host_61862): 0 -> 1
Cell (virus_3418615,host_143942): 0 -> 1
Cell (virus_3418615,host_2491053): 0 -> 1
Cell (virus_3418615,host_258959): 0 -> 1
Cell (virus_3418615,host_526822): 0 -> 1
Cell (virus_694006,host_105273): 0 -> 1
Cell (virus_694006,host_109478): 0 -> 1
Cell (virus_694006,host_9435): 0 -> 1
Cell (virus_694006,host_59463): 0 -> 1
Cell (virus_694006,host_109480): 0 -> 1
Cell (virus_694006,host_160974): 0 -> 1
Cell (virus_694006,host_1633875): 0 -> 1
Cell (virus_694006,host_519446): 0 -> 1
Cell (virus_694006,host_2528591): 0 -> 1
Cell (virus_694006,host_109482): 0 -> 1
Cell (virus_694006,host_51298): 0 -> 1
Cell (virus_694006,host_1911917): 0 -> 1
Cell (virus_694006,host_203696): 0 -> 1
Cell (virus_694006,host_452653): 0 -> 1
Cell (virus_694006,host_138979): 0 -> 1
Cell (virus_694006,host_225400): 0 -> 1
Cell (virus_694006,host_155035): 0 -> 1
Cell (virus_694006,host_258925): 0 -> 1
Cell (virus_694006,host_177185): 0 -> 1
Cell (virus_694006,host_187017): 0 -> 1
Cell (virus_694006,host_270698): 0 -> 1
Cell (virus_694006,host_334201): 0 -> 1
Cell (virus_694006,host_249020): 0 -> 1
Cell (virus_694006,host_584995): 0 -> 1
Cell (virus_694006,host_58069): 0 -> 1
Cell (virus_694006,host_59479): 0 -> 1
Cell (virus_694006,host_59476): 0 -> 1
Cell (virus_694006,host_177160): 0 -> 1
Cell (virus_694006,host_2994998): 0 -> 1
Cell (virus_694006,host_3042450): 0 -> 1
Cell (virus_694006,host_59472): 0 -> 1
Cell (virus_694006,host_9414): 0 -> 1
Cell (virus_694006,host_1434095): 0 -> 1
Cell (virus_694006,host_291302): 0 -> 1
Cell (virus_694006,host_221087): 0 -> 1
Cell (virus_694006,host_187007): 0 -> 1
Cell (virus_694006,host_187008): 0 -> 1
Cell (virus_694006,host_258934): 0 -> 1
Cell (virus_694006,host_479723): 0 -> 1
Cell (virus_694006,host_124751): 0 -> 1
Cell (virus_694006,host_3041509): 0 -> 1
Cell (virus_694006,host_2218597): 0 -> 1
Cell (virus_694006,host_258867): 0 -> 1
Cell (virus_694006,host_242384): 0 -> 1
Cell (virus_694006,host_258863): 0 -> 1
Cell (virus_694006,host_452595): 0 -> 1
Cell (virus_694006,host_9438): 0 -> 1
Cell (virus_694006,host_153297): 0 -> 1
Cell (virus_694006,host_258952): 0 -> 1
Cell (virus_694006,host_258953): 0 -> 1
Cell (virus_694006,host_249033): 0 -> 1
Cell (virus_694006,host_258930): 0 -> 1
Cell (virus_694006,host_61862): 0 -> 1
Cell (virus_694006,host_143942): 0 -> 1
Cell (virus_694006,host_2491053): 0 -> 1
Cell (virus_694006,host_258959): 0 -> 1
Cell (virus_694006,host_526822): 0 -> 1
Cell (virus_3433776,host_105273): 0 -> 1
Cell (virus_3433776,host_109478): 0 -> 1
Cell (virus_3433776,host_9435): 0 -> 1
Cell (virus_3433776,host_59463): 0 -> 1
Cell (virus_3433776,host_109480): 0 -> 1
Cell (virus_3433776,host_160974): 0 -> 1
Cell (virus_3433776,host_1633875): 0 -> 1
Cell (virus_3433776,host_519446): 0 -> 1
Cell (virus_3433776,host_2528591): 0 -> 1
Cell (virus_3433776,host_109482): 0 -> 1
Cell (virus_3433776,host_51298): 0 -> 1
Cell (virus_3433776,host_1911917): 0 -> 1
Cell (virus_3433776,host_203696): 0 -> 1
Cell (virus_3433776,host_452653): 0 -> 1
Cell (virus_3433776,host_138977): 0 -> 1
Cell (virus_3433776,host_138979): 0 -> 1
Cell (virus_3433776,host_225400): 0 -> 1
Cell (virus_3433776,host_155035): 0 -> 1
Cell (virus_3433776,host_258925): 0 -> 1
Cell (virus_3433776,host_177185): 0 -> 1
Cell (virus_3433776,host_187017): 0 -> 1
Cell (virus_3433776,host_270698): 0 -> 1
Cell (virus_3433776,host_334201): 0 -> 1
Cell (virus_3433776,host_249020): 0 -> 1
Cell (virus_3433776,host_584995): 0 -> 1
Cell (virus_3433776,host_58069): 0 -> 1
Cell (virus_3433776,host_59479): 0 -> 1
Cell (virus_3433776,host_59476): 0 -> 1
Cell (virus_3433776,host_177160): 0 -> 1
Cell (virus_3433776,host_2994998): 0 -> 1
Cell (virus_3433776,host_3042450): 0 -> 1
Cell (virus_3433776,host_59472): 0 -> 1
Cell (virus_3433776,host_9414): 0 -> 1
Cell (virus_3433776,host_1434095): 0 -> 1
Cell (virus_3433776,host_291302): 0 -> 1
Cell (virus_3433776,host_221087): 0 -> 1
Cell (virus_3433776,host_187007): 0 -> 1
Cell (virus_3433776,host_187008): 0 -> 1
Cell (virus_3433776,host_258934): 0 -> 1
Cell (virus_3433776,host_479723): 0 -> 1
Cell (virus_3433776,host_124751): 0 -> 1
Cell (virus_3433776,host_3041509): 0 -> 1
Cell (virus_3433776,host_2218597): 0 -> 1
Cell (virus_3433776,host_258867): 0 -> 1
Cell (virus_3433776,host_242384): 0 -> 1
Cell (virus_3433776,host_258863): 0 -> 1
Cell (virus_3433776,host_452595): 0 -> 1
Cell (virus_3433776,host_9438): 0 -> 1
Cell (virus_3433776,host_153297): 0 -> 1
Cell (virus_3433776,host_258952): 0 -> 1
Cell (virus_3433776,host_258953): 0 -> 1
Cell (virus_3433776,host_249033): 0 -> 1
Cell (virus_3433776,host_258930): 0 -> 1
Cell (virus_3433776,host_61862): 0 -> 1
Cell (virus_3433776,host_143942): 0 -> 1
Cell (virus_3433776,host_2491053): 0 -> 1
Cell (virus_3433776,host_258959): 0 -> 1
Cell (virus_3433776,host_526822): 0 -> 1
Cell (virus_694007,host_105273): 0 -> 1
Cell (virus_694007,host_109478): 0 -> 1
Cell (virus_694007,host_9435): 0 -> 1
Cell (virus_694007,host_59463): 0 -> 1
Cell (virus_694007,host_109480): 0 -> 1
Cell (virus_694007,host_160974): 0 -> 1
Cell (virus_694007,host_1633875): 0 -> 1
Cell (virus_694007,host_519446): 0 -> 1
Cell (virus_694007,host_2528591): 0 -> 1
Cell (virus_694007,host_109482): 0 -> 1
Cell (virus_694007,host_51298): 0 -> 1
Cell (virus_694007,host_1911917): 0 -> 1
Cell (virus_694007,host_203696): 0 -> 1
Cell (virus_694007,host_452653): 0 -> 1
Cell (virus_694007,host_138977): 0 -> 1
Cell (virus_694007,host_138979): 0 -> 1
Cell (virus_694007,host_225400): 0 -> 1
Cell (virus_694007,host_155035): 0 -> 1
Cell (virus_694007,host_258925): 0 -> 1
Cell (virus_694007,host_177185): 0 -> 1
Cell (virus_694007,host_187017): 0 -> 1
Cell (virus_694007,host_270698): 0 -> 1
Cell (virus_694007,host_334201): 0 -> 1
Cell (virus_694007,host_249020): 0 -> 1
Cell (virus_694007,host_584995): 0 -> 1
Cell (virus_694007,host_58069): 0 -> 1
Cell (virus_694007,host_59479): 0 -> 1
Cell (virus_694007,host_59476): 0 -> 1
Cell (virus_694007,host_177160): 0 -> 1
Cell (virus_694007,host_2994998): 0 -> 1
Cell (virus_694007,host_3042450): 0 -> 1
Cell (virus_694007,host_59472): 0 -> 1
Cell (virus_694007,host_9414): 0 -> 1
Cell (virus_694007,host_1434095): 0 -> 1
Cell (virus_694007,host_291302): 0 -> 1
Cell (virus_694007,host_221087): 0 -> 1
Cell (virus_694007,host_187007): 0 -> 1
Cell (virus_694007,host_187008): 0 -> 1
Cell (virus_694007,host_258934): 0 -> 1
Cell (virus_694007,host_479723): 0 -> 1
Cell (virus_694007,host_124751): 0 -> 1
Cell (virus_694007,host_3041509): 0 -> 1
Cell (virus_694007,host_2218597): 0 -> 1
Cell (virus_694007,host_258867): 0 -> 1
Cell (virus_694007,host_242384): 0 -> 1
Cell (virus_694007,host_258863): 0 -> 1
Cell (virus_694007,host_452595): 0 -> 1
Cell (virus_694007,host_9438): 0 -> 1
Cell (virus_694007,host_153297): 0 -> 1
Cell (virus_694007,host_258952): 0 -> 1
Cell (virus_694007,host_258953): 0 -> 1
Cell (virus_694007,host_249033): 0 -> 1
Cell (virus_694007,host_258930): 0 -> 1
Cell (virus_694007,host_61862): 0 -> 1
Cell (virus_694007,host_143942): 0 -> 1
Cell (virus_694007,host_2491053): 0 -> 1
Cell (virus_694007,host_258959): 0 -> 1
Cell (virus_694007,host_526822): 0 -> 1
Cell (virus_1881051,host_105273): 0 -> 1
Cell (virus_1881051,host_109478): 0 -> 1
Cell (virus_1881051,host_9435): 0 -> 1
Cell (virus_1881051,host_59463): 0 -> 1
Cell (virus_1881051,host_109480): 0 -> 1
Cell (virus_1881051,host_1633875): 0 -> 1
Cell (virus_1881051,host_519446): 0 -> 1
Cell (virus_1881051,host_2528591): 0 -> 1
Cell (virus_1881051,host_109482): 0 -> 1
Cell (virus_1881051,host_51298): 0 -> 1
Cell (virus_1881051,host_1911917): 0 -> 1
Cell (virus_1881051,host_203696): 0 -> 1
Cell (virus_1881051,host_452653): 0 -> 1
Cell (virus_1881051,host_138979): 0 -> 1
Cell (virus_1881051,host_155915): 0 -> 1
Cell (virus_1881051,host_225400): 0 -> 1
Cell (virus_1881051,host_155035): 0 -> 1
Cell (virus_1881051,host_258925): 0 -> 1
Cell (virus_1881051,host_177185): 0 -> 1
Cell (virus_1881051,host_187017): 0 -> 1
Cell (virus_1881051,host_157961): 0 -> 1
Cell (virus_1881051,host_270698): 0 -> 1
Cell (virus_1881051,host_334201): 0 -> 1
Cell (virus_1881051,host_249020): 0 -> 1
Cell (virus_1881051,host_584995): 0 -> 1
Cell (virus_1881051,host_463808): 0 -> 1
Cell (virus_1881051,host_58069): 0 -> 1
Cell (virus_1881051,host_59479): 0 -> 1
Cell (virus_1881051,host_1898386): 0 -> 1
Cell (virus_1881051,host_59476): 0 -> 1
Cell (virus_1881051,host_177160): 0 -> 1
Cell (virus_1881051,host_2994998): 0 -> 1
Cell (virus_1881051,host_3042450): 0 -> 1
Cell (virus_1881051,host_59472): 0 -> 1
Cell (virus_1881051,host_9414): 0 -> 1
Cell (virus_1881051,host_1434095): 0 -> 1
Cell (virus_1881051,host_291302): 0 -> 1
Cell (virus_1881051,host_221087): 0 -> 1
Cell (virus_1881051,host_187007): 0 -> 1
Cell (virus_1881051,host_187008): 0 -> 1
Cell (virus_1881051,host_438766): 0 -> 1
Cell (virus_1881051,host_479723): 0 -> 1
Cell (virus_1881051,host_124751): 0 -> 1
Cell (virus_1881051,host_3041509): 0 -> 1
Cell (virus_1881051,host_2218597): 0 -> 1
Cell (virus_1881051,host_258867): 0 -> 1
Cell (virus_1881051,host_242384): 0 -> 1
Cell (virus_1881051,host_258863): 0 -> 1
Cell (virus_1881051,host_452595): 0 -> 1
Cell (virus_1881051,host_999964): 0 -> 1
Cell (virus_1881051,host_9438): 0 -> 1
Cell (virus_1881051,host_153297): 0 -> 1
Cell (virus_1881051,host_258952): 0 -> 1
Cell (virus_1881051,host_249033): 0 -> 1
Cell (virus_1881051,host_258930): 0 -> 1
Cell (virus_1881051,host_61862): 0 -> 1
Cell (virus_1881051,host_109485): 0 -> 1
Cell (virus_1881051,host_59474): 0 -> 1
Cell (virus_1881051,host_999321): 0 -> 1
Cell (virus_1881051,host_143942): 0 -> 1
Cell (virus_1881051,host_2491053): 0 -> 1
Cell (virus_1881051,host_258959): 0 -> 1
Cell (virus_1881051,host_526822): 0 -> 1
Cell (virus_2913387,host_105273): 0 -> 1
Cell (virus_2913387,host_109478): 0 -> 1
Cell (virus_2913387,host_9435): 0 -> 1
Cell (virus_2913387,host_59463): 0 -> 1
Cell (virus_2913387,host_109480): 0 -> 1
Cell (virus_2913387,host_1633875): 0 -> 1
Cell (virus_2913387,host_519446): 0 -> 1
Cell (virus_2913387,host_2528591): 0 -> 1
Cell (virus_2913387,host_109482): 0 -> 1
Cell (virus_2913387,host_51298): 0 -> 1
Cell (virus_2913387,host_1911917): 0 -> 1
Cell (virus_2913387,host_203696): 0 -> 1
Cell (virus_2913387,host_452653): 0 -> 1
Cell (virus_2913387,host_138979): 0 -> 1
Cell (virus_2913387,host_155915): 0 -> 1
Cell (virus_2913387,host_225400): 0 -> 1
Cell (virus_2913387,host_155035): 0 -> 1
Cell (virus_2913387,host_258925): 0 -> 1
Cell (virus_2913387,host_177185): 0 -> 1
Cell (virus_2913387,host_187017): 0 -> 1
Cell (virus_2913387,host_157961): 0 -> 1
Cell (virus_2913387,host_270698): 0 -> 1
Cell (virus_2913387,host_334201): 0 -> 1
Cell (virus_2913387,host_249020): 0 -> 1
Cell (virus_2913387,host_584995): 0 -> 1
Cell (virus_2913387,host_302402): 0 -> 1
Cell (virus_2913387,host_463808): 0 -> 1
Cell (virus_2913387,host_58069): 0 -> 1
Cell (virus_2913387,host_59479): 0 -> 1
Cell (virus_2913387,host_1898386): 0 -> 1
Cell (virus_2913387,host_59476): 0 -> 1
Cell (virus_2913387,host_177160): 0 -> 1
Cell (virus_2913387,host_2994998): 0 -> 1
Cell (virus_2913387,host_3042450): 0 -> 1
Cell (virus_2913387,host_59472): 0 -> 1
Cell (virus_2913387,host_9414): 0 -> 1
Cell (virus_2913387,host_1434095): 0 -> 1
Cell (virus_2913387,host_291302): 0 -> 1
Cell (virus_2913387,host_221087): 0 -> 1
Cell (virus_2913387,host_187007): 0 -> 1
Cell (virus_2913387,host_187008): 0 -> 1
Cell (virus_2913387,host_438766): 0 -> 1
Cell (virus_2913387,host_479723): 0 -> 1
Cell (virus_2913387,host_124751): 0 -> 1
Cell (virus_2913387,host_3041509): 0 -> 1
Cell (virus_2913387,host_2218597): 0 -> 1
Cell (virus_2913387,host_258867): 0 -> 1
Cell (virus_2913387,host_242384): 0 -> 1
Cell (virus_2913387,host_258863): 0 -> 1
Cell (virus_2913387,host_452595): 0 -> 1
Cell (virus_2913387,host_999964): 0 -> 1
Cell (virus_2913387,host_9438): 0 -> 1
Cell (virus_2913387,host_153297): 0 -> 1
Cell (virus_2913387,host_258952): 0 -> 1
Cell (virus_2913387,host_249033): 0 -> 1
Cell (virus_2913387,host_258930): 0 -> 1
Cell (virus_2913387,host_61862): 0 -> 1
Cell (virus_2913387,host_109485): 0 -> 1
Cell (virus_2913387,host_59474): 0 -> 1
Cell (virus_2913387,host_999321): 0 -> 1
Cell (virus_2913387,host_143942): 0 -> 1
Cell (virus_2913387,host_2491053): 0 -> 1
Cell (virus_2913387,host_258959): 0 -> 1
Cell (virus_2913387,host_526822): 0 -> 1
Cell (virus_2691592,host_105273): 0 -> 1
Cell (virus_2691592,host_109478): 0 -> 1
Cell (virus_2691592,host_9435): 0 -> 1
Cell (virus_2691592,host_59463): 0 -> 1
Cell (virus_2691592,host_109480): 0 -> 1
Cell (virus_2691592,host_1633875): 0 -> 1
Cell (virus_2691592,host_519446): 0 -> 1
Cell (virus_2691592,host_2528591): 0 -> 1
Cell (virus_2691592,host_109482): 0 -> 1
Cell (virus_2691592,host_51298): 0 -> 1
Cell (virus_2691592,host_1911917): 0 -> 1
Cell (virus_2691592,host_203696): 0 -> 1
Cell (virus_2691592,host_452653): 0 -> 1
Cell (virus_2691592,host_138979): 0 -> 1
Cell (virus_2691592,host_155915): 0 -> 1
Cell (virus_2691592,host_225400): 0 -> 1
Cell (virus_2691592,host_155035): 0 -> 1
Cell (virus_2691592,host_258925): 0 -> 1
Cell (virus_2691592,host_177185): 0 -> 1
Cell (virus_2691592,host_187017): 0 -> 1
Cell (virus_2691592,host_157961): 0 -> 1
Cell (virus_2691592,host_270698): 0 -> 1
Cell (virus_2691592,host_334201): 0 -> 1
Cell (virus_2691592,host_249020): 0 -> 1
Cell (virus_2691592,host_584995): 0 -> 1
Cell (virus_2691592,host_463808): 0 -> 1
Cell (virus_2691592,host_58069): 0 -> 1
Cell (virus_2691592,host_59479): 0 -> 1
Cell (virus_2691592,host_1898386): 0 -> 1
Cell (virus_2691592,host_94956): 0 -> 1
Cell (virus_2691592,host_59476): 0 -> 1
Cell (virus_2691592,host_177160): 0 -> 1
Cell (virus_2691592,host_2994998): 0 -> 1
Cell (virus_2691592,host_3042450): 0 -> 1
Cell (virus_2691592,host_59472): 0 -> 1
Cell (virus_2691592,host_9414): 0 -> 1
Cell (virus_2691592,host_1434095): 0 -> 1
Cell (virus_2691592,host_291302): 0 -> 1
Cell (virus_2691592,host_221087): 0 -> 1
Cell (virus_2691592,host_187007): 0 -> 1
Cell (virus_2691592,host_187008): 0 -> 1
Cell (virus_2691592,host_438766): 0 -> 1
Cell (virus_2691592,host_479723): 0 -> 1
Cell (virus_2691592,host_124751): 0 -> 1
Cell (virus_2691592,host_3041509): 0 -> 1
Cell (virus_2691592,host_2218597): 0 -> 1
Cell (virus_2691592,host_258867): 0 -> 1
Cell (virus_2691592,host_242384): 0 -> 1
Cell (virus_2691592,host_258863): 0 -> 1
Cell (virus_2691592,host_452595): 0 -> 1
Cell (virus_2691592,host_9438): 0 -> 1
Cell (virus_2691592,host_153297): 0 -> 1
Cell (virus_2691592,host_258952): 0 -> 1
Cell (virus_2691592,host_249033): 0 -> 1
Cell (virus_2691592,host_258930): 0 -> 1
Cell (virus_2691592,host_272799): 0 -> 1
Cell (virus_2691592,host_61862): 0 -> 1
Cell (virus_2691592,host_109485): 0 -> 1
Cell (virus_2691592,host_59474): 0 -> 1
Cell (virus_2691592,host_999321): 0 -> 1
Cell (virus_2691592,host_143942): 0 -> 1
Cell (virus_2691592,host_2491053): 0 -> 1
Cell (virus_2691592,host_258959): 0 -> 1
Cell (virus_2691592,host_526822): 0 -> 1
Cell (virus_28295,host_105273): 0 -> 1
Cell (virus_28295,host_109478): 0 -> 1
Cell (virus_28295,host_9435): 0 -> 1
Cell (virus_28295,host_59463): 0 -> 1
Cell (virus_28295,host_109480): 0 -> 1
Cell (virus_28295,host_1633875): 0 -> 1
Cell (virus_28295,host_519446): 0 -> 1
Cell (virus_28295,host_2528591): 0 -> 1
Cell (virus_28295,host_109482): 0 -> 1
Cell (virus_28295,host_51298): 0 -> 1
Cell (virus_28295,host_1911917): 0 -> 1
Cell (virus_28295,host_203696): 0 -> 1
Cell (virus_28295,host_452653): 0 -> 1
Cell (virus_28295,host_138979): 0 -> 1
Cell (virus_28295,host_155915): 0 -> 1
Cell (virus_28295,host_225400): 0 -> 1
Cell (virus_28295,host_155035): 0 -> 1
Cell (virus_28295,host_258925): 0 -> 1
Cell (virus_28295,host_177185): 0 -> 1
Cell (virus_28295,host_187017): 0 -> 1
Cell (virus_28295,host_270698): 0 -> 1
Cell (virus_28295,host_334201): 0 -> 1
Cell (virus_28295,host_249020): 0 -> 1
Cell (virus_28295,host_584995): 0 -> 1
Cell (virus_28295,host_463808): 0 -> 1
Cell (virus_28295,host_58069): 0 -> 1
Cell (virus_28295,host_59479): 0 -> 1
Cell (virus_28295,host_1898386): 0 -> 1
Cell (virus_28295,host_9400): 0 -> 1
Cell (virus_28295,host_59476): 0 -> 1
Cell (virus_28295,host_177160): 0 -> 1
Cell (virus_28295,host_2994998): 0 -> 1
Cell (virus_28295,host_3042450): 0 -> 1
Cell (virus_28295,host_59472): 0 -> 1
Cell (virus_28295,host_9414): 0 -> 1
Cell (virus_28295,host_1434095): 0 -> 1
Cell (virus_28295,host_291302): 0 -> 1
Cell (virus_28295,host_221087): 0 -> 1
Cell (virus_28295,host_187007): 0 -> 1
Cell (virus_28295,host_187008): 0 -> 1
Cell (virus_28295,host_438766): 0 -> 1
Cell (virus_28295,host_258934): 0 -> 1
Cell (virus_28295,host_479723): 0 -> 1
Cell (virus_28295,host_124751): 0 -> 1
Cell (virus_28295,host_3041509): 0 -> 1
Cell (virus_28295,host_2218597): 0 -> 1
Cell (virus_28295,host_258867): 0 -> 1
Cell (virus_28295,host_242384): 0 -> 1
Cell (virus_28295,host_258863): 0 -> 1
Cell (virus_28295,host_452595): 0 -> 1
Cell (virus_28295,host_9438): 0 -> 1
Cell (virus_28295,host_153297): 0 -> 1
Cell (virus_28295,host_258952): 0 -> 1
Cell (virus_28295,host_249033): 0 -> 1
Cell (virus_28295,host_258930): 0 -> 1
Cell (virus_28295,host_61862): 0 -> 1
Cell (virus_28295,host_109485): 0 -> 1
Cell (virus_28295,host_59474): 0 -> 1
Cell (virus_28295,host_999321): 0 -> 1
Cell (virus_28295,host_143942): 0 -> 1
Cell (virus_28295,host_2491053): 0 -> 1
Cell (virus_28295,host_258959): 0 -> 1
Cell (virus_28295,host_526822): 0 -> 1
Cell (virus_3433789,host_105273): 0 -> 1
Cell (virus_3433789,host_109478): 0 -> 1
Cell (virus_3433789,host_9435): 0 -> 1
Cell (virus_3433789,host_59463): 0 -> 1
Cell (virus_3433789,host_109480): 0 -> 1
Cell (virus_3433789,host_1633875): 0 -> 1
Cell (virus_3433789,host_519446): 0 -> 1
Cell (virus_3433789,host_2528591): 0 -> 1
Cell (virus_3433789,host_109482): 0 -> 1
Cell (virus_3433789,host_51298): 0 -> 1
Cell (virus_3433789,host_1911917): 0 -> 1
Cell (virus_3433789,host_203696): 0 -> 1
Cell (virus_3433789,host_452653): 0 -> 1
Cell (virus_3433789,host_138979): 0 -> 1
Cell (virus_3433789,host_155915): 0 -> 1
Cell (virus_3433789,host_225400): 0 -> 1
Cell (virus_3433789,host_155035): 0 -> 1
Cell (virus_3433789,host_258925): 0 -> 1
Cell (virus_3433789,host_177185): 0 -> 1
Cell (virus_3433789,host_187017): 0 -> 1
Cell (virus_3433789,host_270698): 0 -> 1
Cell (virus_3433789,host_334201): 0 -> 1
Cell (virus_3433789,host_249020): 0 -> 1
Cell (virus_3433789,host_584995): 0 -> 1
Cell (virus_3433789,host_463808): 0 -> 1
Cell (virus_3433789,host_58069): 0 -> 1
Cell (virus_3433789,host_59479): 0 -> 1
Cell (virus_3433789,host_1898386): 0 -> 1
Cell (virus_3433789,host_9400): 0 -> 1
Cell (virus_3433789,host_59476): 0 -> 1
Cell (virus_3433789,host_177160): 0 -> 1
Cell (virus_3433789,host_2994998): 0 -> 1
Cell (virus_3433789,host_3042450): 0 -> 1
Cell (virus_3433789,host_59472): 0 -> 1
Cell (virus_3433789,host_9414): 0 -> 1
Cell (virus_3433789,host_1434095): 0 -> 1
Cell (virus_3433789,host_291302): 0 -> 1
Cell (virus_3433789,host_221087): 0 -> 1
Cell (virus_3433789,host_187007): 0 -> 1
Cell (virus_3433789,host_187008): 0 -> 1
Cell (virus_3433789,host_438766): 0 -> 1
Cell (virus_3433789,host_258934): 0 -> 1
Cell (virus_3433789,host_479723): 0 -> 1
Cell (virus_3433789,host_124751): 0 -> 1
Cell (virus_3433789,host_3041509): 0 -> 1
Cell (virus_3433789,host_2218597): 0 -> 1
Cell (virus_3433789,host_258867): 0 -> 1
Cell (virus_3433789,host_242384): 0 -> 1
Cell (virus_3433789,host_258863): 0 -> 1
Cell (virus_3433789,host_452595): 0 -> 1
Cell (virus_3433789,host_9438): 0 -> 1
Cell (virus_3433789,host_153297): 0 -> 1
Cell (virus_3433789,host_258952): 0 -> 1
Cell (virus_3433789,host_249033): 0 -> 1
Cell (virus_3433789,host_258930): 0 -> 1
Cell (virus_3433789,host_61862): 0 -> 1
Cell (virus_3433789,host_109485): 0 -> 1
Cell (virus_3433789,host_59474): 0 -> 1
Cell (virus_3433789,host_999321): 0 -> 1
Cell (virus_3433789,host_143942): 0 -> 1
Cell (virus_3433789,host_2491053): 0 -> 1
Cell (virus_3433789,host_258959): 0 -> 1
Cell (virus_3433789,host_526822): 0 -> 1
Cell (virus_2913385,host_105273): 0 -> 1
Cell (virus_2913385,host_109478): 0 -> 1
Cell (virus_2913385,host_9435): 0 -> 1
Cell (virus_2913385,host_59463): 0 -> 1
Cell (virus_2913385,host_109480): 0 -> 1
Cell (virus_2913385,host_1633875): 0 -> 1
Cell (virus_2913385,host_519446): 0 -> 1
Cell (virus_2913385,host_2528591): 0 -> 1
Cell (virus_2913385,host_109482): 0 -> 1
Cell (virus_2913385,host_51298): 0 -> 1
Cell (virus_2913385,host_1911917): 0 -> 1
Cell (virus_2913385,host_203696): 0 -> 1
Cell (virus_2913385,host_452653): 0 -> 1
Cell (virus_2913385,host_138979): 0 -> 1
Cell (virus_2913385,host_155915): 0 -> 1
Cell (virus_2913385,host_225400): 0 -> 1
Cell (virus_2913385,host_155035): 0 -> 1
Cell (virus_2913385,host_258925): 0 -> 1
Cell (virus_2913385,host_177185): 0 -> 1
Cell (virus_2913385,host_187017): 0 -> 1
Cell (virus_2913385,host_270698): 0 -> 1
Cell (virus_2913385,host_334201): 0 -> 1
Cell (virus_2913385,host_249020): 0 -> 1
Cell (virus_2913385,host_584995): 0 -> 1
Cell (virus_2913385,host_463808): 0 -> 1
Cell (virus_2913385,host_58069): 0 -> 1
Cell (virus_2913385,host_59479): 0 -> 1
Cell (virus_2913385,host_1898386): 0 -> 1
Cell (virus_2913385,host_59476): 0 -> 1
Cell (virus_2913385,host_177160): 0 -> 1
Cell (virus_2913385,host_2994998): 0 -> 1
Cell (virus_2913385,host_3042450): 0 -> 1
Cell (virus_2913385,host_59472): 0 -> 1
Cell (virus_2913385,host_9414): 0 -> 1
Cell (virus_2913385,host_1434095): 0 -> 1
Cell (virus_2913385,host_291302): 0 -> 1
Cell (virus_2913385,host_221087): 0 -> 1
Cell (virus_2913385,host_187007): 0 -> 1
Cell (virus_2913385,host_187008): 0 -> 1
Cell (virus_2913385,host_438766): 0 -> 1
Cell (virus_2913385,host_258934): 0 -> 1
Cell (virus_2913385,host_479723): 0 -> 1
Cell (virus_2913385,host_124751): 0 -> 1
Cell (virus_2913385,host_3041509): 0 -> 1
Cell (virus_2913385,host_2218597): 0 -> 1
Cell (virus_2913385,host_258867): 0 -> 1
Cell (virus_2913385,host_242384): 0 -> 1
Cell (virus_2913385,host_258863): 0 -> 1
Cell (virus_2913385,host_452595): 0 -> 1
Cell (virus_2913385,host_9438): 0 -> 1
Cell (virus_2913385,host_153297): 0 -> 1
Cell (virus_2913385,host_258952): 0 -> 1
Cell (virus_2913385,host_249033): 0 -> 1
Cell (virus_2913385,host_258930): 0 -> 1
Cell (virus_2913385,host_61862): 0 -> 1
Cell (virus_2913385,host_109485): 0 -> 1
Cell (virus_2913385,host_59474): 0 -> 1
Cell (virus_2913385,host_999321): 0 -> 1
Cell (virus_2913385,host_143942): 0 -> 1
Cell (virus_2913385,host_2491053): 0 -> 1
Cell (virus_2913385,host_258959): 0 -> 1
Cell (virus_2913385,host_526822): 0 -> 1
Cell (virus_3077579,host_105273): 0 -> 1
Cell (virus_3077579,host_109478): 0 -> 1
Cell (virus_3077579,host_9435): 0 -> 1
Cell (virus_3077579,host_59463): 0 -> 1
Cell (virus_3077579,host_109480): 0 -> 1
Cell (virus_3077579,host_1633875): 0 -> 1
Cell (virus_3077579,host_519446): 0 -> 1
Cell (virus_3077579,host_2528591): 0 -> 1
Cell (virus_3077579,host_109482): 0 -> 1
Cell (virus_3077579,host_51298): 0 -> 1
Cell (virus_3077579,host_1911917): 0 -> 1
Cell (virus_3077579,host_203696): 0 -> 1
Cell (virus_3077579,host_452653): 0 -> 1
Cell (virus_3077579,host_138979): 0 -> 1
Cell (virus_3077579,host_155915): 0 -> 1
Cell (virus_3077579,host_225400): 0 -> 1
Cell (virus_3077579,host_155035): 0 -> 1
Cell (virus_3077579,host_258925): 0 -> 1
Cell (virus_3077579,host_177185): 0 -> 1
Cell (virus_3077579,host_187017): 0 -> 1
Cell (virus_3077579,host_270698): 0 -> 1
Cell (virus_3077579,host_334201): 0 -> 1
Cell (virus_3077579,host_249020): 0 -> 1
Cell (virus_3077579,host_584995): 0 -> 1
Cell (virus_3077579,host_463808): 0 -> 1
Cell (virus_3077579,host_58069): 0 -> 1
Cell (virus_3077579,host_59479): 0 -> 1
Cell (virus_3077579,host_1898386): 0 -> 1
Cell (virus_3077579,host_59476): 0 -> 1
Cell (virus_3077579,host_177160): 0 -> 1
Cell (virus_3077579,host_2994998): 0 -> 1
Cell (virus_3077579,host_3042450): 0 -> 1
Cell (virus_3077579,host_59472): 0 -> 1
Cell (virus_3077579,host_9414): 0 -> 1
Cell (virus_3077579,host_1434095): 0 -> 1
Cell (virus_3077579,host_291302): 0 -> 1
Cell (virus_3077579,host_221087): 0 -> 1
Cell (virus_3077579,host_187007): 0 -> 1
Cell (virus_3077579,host_187008): 0 -> 1
Cell (virus_3077579,host_438766): 0 -> 1
Cell (virus_3077579,host_258934): 0 -> 1
Cell (virus_3077579,host_479723): 0 -> 1
Cell (virus_3077579,host_124751): 0 -> 1
Cell (virus_3077579,host_3041509): 0 -> 1
Cell (virus_3077579,host_2218597): 0 -> 1
Cell (virus_3077579,host_258867): 0 -> 1
Cell (virus_3077579,host_242384): 0 -> 1
Cell (virus_3077579,host_258863): 0 -> 1
Cell (virus_3077579,host_452595): 0 -> 1
Cell (virus_3077579,host_9438): 0 -> 1
Cell (virus_3077579,host_153297): 0 -> 1
Cell (virus_3077579,host_258952): 0 -> 1
Cell (virus_3077579,host_258953): 0 -> 1
Cell (virus_3077579,host_249033): 0 -> 1
Cell (virus_3077579,host_258930): 0 -> 1
Cell (virus_3077579,host_61862): 0 -> 1
Cell (virus_3077579,host_109485): 0 -> 1
Cell (virus_3077579,host_59474): 0 -> 1
Cell (virus_3077579,host_999321): 0 -> 1
Cell (virus_3077579,host_143942): 0 -> 1
Cell (virus_3077579,host_2491053): 0 -> 1
Cell (virus_3077579,host_258959): 0 -> 1
Cell (virus_3077579,host_526822): 0 -> 1
Cell (virus_3077580,host_105273): 0 -> 1
Cell (virus_3077580,host_109478): 0 -> 1
Cell (virus_3077580,host_9435): 0 -> 1
Cell (virus_3077580,host_59463): 0 -> 1
Cell (virus_3077580,host_109480): 0 -> 1
Cell (virus_3077580,host_1633875): 0 -> 1
Cell (virus_3077580,host_519446): 0 -> 1
Cell (virus_3077580,host_2528591): 0 -> 1
Cell (virus_3077580,host_109482): 0 -> 1
Cell (virus_3077580,host_51298): 0 -> 1
Cell (virus_3077580,host_1911917): 0 -> 1
Cell (virus_3077580,host_203696): 0 -> 1
Cell (virus_3077580,host_452653): 0 -> 1
Cell (virus_3077580,host_138979): 0 -> 1
Cell (virus_3077580,host_155915): 0 -> 1
Cell (virus_3077580,host_225400): 0 -> 1
Cell (virus_3077580,host_155035): 0 -> 1
Cell (virus_3077580,host_258925): 0 -> 1
Cell (virus_3077580,host_177185): 0 -> 1
Cell (virus_3077580,host_187017): 0 -> 1
Cell (virus_3077580,host_270698): 0 -> 1
Cell (virus_3077580,host_334201): 0 -> 1
Cell (virus_3077580,host_249020): 0 -> 1
Cell (virus_3077580,host_584995): 0 -> 1
Cell (virus_3077580,host_463808): 0 -> 1
Cell (virus_3077580,host_58069): 0 -> 1
Cell (virus_3077580,host_59479): 0 -> 1
Cell (virus_3077580,host_1898386): 0 -> 1
Cell (virus_3077580,host_59476): 0 -> 1
Cell (virus_3077580,host_177160): 0 -> 1
Cell (virus_3077580,host_2994998): 0 -> 1
Cell (virus_3077580,host_3042450): 0 -> 1
Cell (virus_3077580,host_59472): 0 -> 1
Cell (virus_3077580,host_9414): 0 -> 1
Cell (virus_3077580,host_1434095): 0 -> 1
Cell (virus_3077580,host_291302): 0 -> 1
Cell (virus_3077580,host_221087): 0 -> 1
Cell (virus_3077580,host_187007): 0 -> 1
Cell (virus_3077580,host_187008): 0 -> 1
Cell (virus_3077580,host_438766): 0 -> 1
Cell (virus_3077580,host_258934): 0 -> 1
Cell (virus_3077580,host_479723): 0 -> 1
Cell (virus_3077580,host_124751): 0 -> 1
Cell (virus_3077580,host_3041509): 0 -> 1
Cell (virus_3077580,host_2218597): 0 -> 1
Cell (virus_3077580,host_258867): 0 -> 1
Cell (virus_3077580,host_242384): 0 -> 1
Cell (virus_3077580,host_258863): 0 -> 1
Cell (virus_3077580,host_452595): 0 -> 1
Cell (virus_3077580,host_9438): 0 -> 1
Cell (virus_3077580,host_153297): 0 -> 1
Cell (virus_3077580,host_258952): 0 -> 1
Cell (virus_3077580,host_258953): 0 -> 1
Cell (virus_3077580,host_249033): 0 -> 1
Cell (virus_3077580,host_258930): 0 -> 1
Cell (virus_3077580,host_61862): 0 -> 1
Cell (virus_3077580,host_109485): 0 -> 1
Cell (virus_3077580,host_59474): 0 -> 1
Cell (virus_3077580,host_999321): 0 -> 1
Cell (virus_3077580,host_143942): 0 -> 1
Cell (virus_3077580,host_2491053): 0 -> 1
Cell (virus_3077580,host_258959): 0 -> 1
Cell (virus_3077580,host_526822): 0 -> 1
Cell (virus_2419667,host_105273): 0 -> 1
Cell (virus_2419667,host_109478): 0 -> 1
Cell (virus_2419667,host_9435): 0 -> 1
Cell (virus_2419667,host_59463): 0 -> 1
Cell (virus_2419667,host_109480): 0 -> 1
Cell (virus_2419667,host_1633875): 0 -> 1
Cell (virus_2419667,host_519446): 0 -> 1
Cell (virus_2419667,host_2528591): 0 -> 1
Cell (virus_2419667,host_109482): 0 -> 1
Cell (virus_2419667,host_51298): 0 -> 1
Cell (virus_2419667,host_1911917): 0 -> 1
Cell (virus_2419667,host_203696): 0 -> 1
Cell (virus_2419667,host_452653): 0 -> 1
Cell (virus_2419667,host_138979): 0 -> 1
Cell (virus_2419667,host_155915): 0 -> 1
Cell (virus_2419667,host_225400): 0 -> 1
Cell (virus_2419667,host_155035): 0 -> 1
Cell (virus_2419667,host_258925): 0 -> 1
Cell (virus_2419667,host_177185): 0 -> 1
Cell (virus_2419667,host_187017): 0 -> 1
Cell (virus_2419667,host_270698): 0 -> 1
Cell (virus_2419667,host_334201): 0 -> 1
Cell (virus_2419667,host_249020): 0 -> 1
Cell (virus_2419667,host_584995): 0 -> 1
Cell (virus_2419667,host_463808): 0 -> 1
Cell (virus_2419667,host_58069): 0 -> 1
Cell (virus_2419667,host_59479): 0 -> 1
Cell (virus_2419667,host_1898386): 0 -> 1
Cell (virus_2419667,host_59476): 0 -> 1
Cell (virus_2419667,host_177160): 0 -> 1
Cell (virus_2419667,host_2994998): 0 -> 1
Cell (virus_2419667,host_3042450): 0 -> 1
Cell (virus_2419667,host_59472): 0 -> 1
Cell (virus_2419667,host_9414): 0 -> 1
Cell (virus_2419667,host_1434095): 0 -> 1
Cell (virus_2419667,host_291302): 0 -> 1
Cell (virus_2419667,host_221087): 0 -> 1
Cell (virus_2419667,host_187007): 0 -> 1
Cell (virus_2419667,host_187008): 0 -> 1
Cell (virus_2419667,host_438766): 0 -> 1
Cell (virus_2419667,host_258934): 0 -> 1
Cell (virus_2419667,host_479723): 0 -> 1
Cell (virus_2419667,host_124751): 0 -> 1
Cell (virus_2419667,host_3041509): 0 -> 1
Cell (virus_2419667,host_2218597): 0 -> 1
Cell (virus_2419667,host_258867): 0 -> 1
Cell (virus_2419667,host_242384): 0 -> 1
Cell (virus_2419667,host_258863): 0 -> 1
Cell (virus_2419667,host_452595): 0 -> 1
Cell (virus_2419667,host_9438): 0 -> 1
Cell (virus_2419667,host_153297): 0 -> 1
Cell (virus_2419667,host_258952): 0 -> 1
Cell (virus_2419667,host_249033): 0 -> 1
Cell (virus_2419667,host_258930): 0 -> 1
Cell (virus_2419667,host_61862): 0 -> 1
Cell (virus_2419667,host_109485): 0 -> 1
Cell (virus_2419667,host_59474): 0 -> 1
Cell (virus_2419667,host_999321): 0 -> 1
Cell (virus_2419667,host_143942): 0 -> 1
Cell (virus_2419667,host_2491053): 0 -> 1
Cell (virus_2419667,host_258959): 0 -> 1
Cell (virus_2419667,host_526822): 0 -> 1
Cell (virus_3433787,host_105273): 0 -> 1
Cell (virus_3433787,host_109478): 0 -> 1
Cell (virus_3433787,host_9435): 0 -> 1
Cell (virus_3433787,host_59463): 0 -> 1
Cell (virus_3433787,host_109480): 0 -> 1
Cell (virus_3433787,host_1633875): 0 -> 1
Cell (virus_3433787,host_519446): 0 -> 1
Cell (virus_3433787,host_2528591): 0 -> 1
Cell (virus_3433787,host_109482): 0 -> 1
Cell (virus_3433787,host_51298): 0 -> 1
Cell (virus_3433787,host_1911917): 0 -> 1
Cell (virus_3433787,host_203696): 0 -> 1
Cell (virus_3433787,host_452653): 0 -> 1
Cell (virus_3433787,host_138979): 0 -> 1
Cell (virus_3433787,host_155915): 0 -> 1
Cell (virus_3433787,host_225400): 0 -> 1
Cell (virus_3433787,host_155035): 0 -> 1
Cell (virus_3433787,host_258925): 0 -> 1
Cell (virus_3433787,host_177185): 0 -> 1
Cell (virus_3433787,host_187017): 0 -> 1
Cell (virus_3433787,host_270698): 0 -> 1
Cell (virus_3433787,host_334201): 0 -> 1
Cell (virus_3433787,host_249020): 0 -> 1
Cell (virus_3433787,host_584995): 0 -> 1
Cell (virus_3433787,host_463808): 0 -> 1
Cell (virus_3433787,host_58069): 0 -> 1
Cell (virus_3433787,host_59479): 0 -> 1
Cell (virus_3433787,host_1898386): 0 -> 1
Cell (virus_3433787,host_59476): 0 -> 1
Cell (virus_3433787,host_177160): 0 -> 1
Cell (virus_3433787,host_2994998): 0 -> 1
Cell (virus_3433787,host_3042450): 0 -> 1
Cell (virus_3433787,host_59472): 0 -> 1
Cell (virus_3433787,host_9414): 0 -> 1
Cell (virus_3433787,host_1434095): 0 -> 1
Cell (virus_3433787,host_291302): 0 -> 1
Cell (virus_3433787,host_221087): 0 -> 1
Cell (virus_3433787,host_187007): 0 -> 1
Cell (virus_3433787,host_187008): 0 -> 1
Cell (virus_3433787,host_438766): 0 -> 1
Cell (virus_3433787,host_258934): 0 -> 1
Cell (virus_3433787,host_479723): 0 -> 1
Cell (virus_3433787,host_124751): 0 -> 1
Cell (virus_3433787,host_3041509): 0 -> 1
Cell (virus_3433787,host_2218597): 0 -> 1
Cell (virus_3433787,host_258867): 0 -> 1
Cell (virus_3433787,host_242384): 0 -> 1
Cell (virus_3433787,host_258863): 0 -> 1
Cell (virus_3433787,host_452595): 0 -> 1
Cell (virus_3433787,host_9438): 0 -> 1
Cell (virus_3433787,host_153297): 0 -> 1
Cell (virus_3433787,host_258952): 0 -> 1
Cell (virus_3433787,host_249033): 0 -> 1
Cell (virus_3433787,host_258930): 0 -> 1
Cell (virus_3433787,host_61862): 0 -> 1
Cell (virus_3433787,host_109485): 0 -> 1
Cell (virus_3433787,host_59474): 0 -> 1
Cell (virus_3433787,host_999321): 0 -> 1
Cell (virus_3433787,host_143942): 0 -> 1
Cell (virus_3433787,host_2491053): 0 -> 1
Cell (virus_3433787,host_258959): 0 -> 1
Cell (virus_3433787,host_526822): 0 -> 1
Cell (virus_3027593,host_105273): 0 -> 1
Cell (virus_3027593,host_109478): 0 -> 1
Cell (virus_3027593,host_9435): 0 -> 1
Cell (virus_3027593,host_59463): 0 -> 1
Cell (virus_3027593,host_109480): 0 -> 1
Cell (virus_3027593,host_1633875): 0 -> 1
Cell (virus_3027593,host_519446): 0 -> 1
Cell (virus_3027593,host_2528591): 0 -> 1
Cell (virus_3027593,host_109482): 0 -> 1
Cell (virus_3027593,host_51298): 0 -> 1
Cell (virus_3027593,host_1911917): 0 -> 1
Cell (virus_3027593,host_203696): 0 -> 1
Cell (virus_3027593,host_452653): 0 -> 1
Cell (virus_3027593,host_98922): 0 -> 1
Cell (virus_3027593,host_138979): 0 -> 1
Cell (virus_3027593,host_155915): 0 -> 1
Cell (virus_3027593,host_225400): 0 -> 1
Cell (virus_3027593,host_155035): 0 -> 1
Cell (virus_3027593,host_258925): 0 -> 1
Cell (virus_3027593,host_177185): 0 -> 1
Cell (virus_3027593,host_187017): 0 -> 1
Cell (virus_3027593,host_270698): 0 -> 1
Cell (virus_3027593,host_334201): 0 -> 1
Cell (virus_3027593,host_249020): 0 -> 1
Cell (virus_3027593,host_584995): 0 -> 1
Cell (virus_3027593,host_463808): 0 -> 1
Cell (virus_3027593,host_58069): 0 -> 1
Cell (virus_3027593,host_59479): 0 -> 1
Cell (virus_3027593,host_1898386): 0 -> 1
Cell (virus_3027593,host_59476): 0 -> 1
Cell (virus_3027593,host_177160): 0 -> 1
Cell (virus_3027593,host_2994998): 0 -> 1
Cell (virus_3027593,host_3042450): 0 -> 1
Cell (virus_3027593,host_59472): 0 -> 1
Cell (virus_3027593,host_9414): 0 -> 1
Cell (virus_3027593,host_1434095): 0 -> 1
Cell (virus_3027593,host_291302): 0 -> 1
Cell (virus_3027593,host_221087): 0 -> 1
Cell (virus_3027593,host_187007): 0 -> 1
Cell (virus_3027593,host_187008): 0 -> 1
Cell (virus_3027593,host_438766): 0 -> 1
Cell (virus_3027593,host_258934): 0 -> 1
Cell (virus_3027593,host_479723): 0 -> 1
Cell (virus_3027593,host_124751): 0 -> 1
Cell (virus_3027593,host_3041509): 0 -> 1
Cell (virus_3027593,host_2218597): 0 -> 1
Cell (virus_3027593,host_258867): 0 -> 1
Cell (virus_3027593,host_242384): 0 -> 1
Cell (virus_3027593,host_258863): 0 -> 1
Cell (virus_3027593,host_452595): 0 -> 1
Cell (virus_3027593,host_9438): 0 -> 1
Cell (virus_3027593,host_153297): 0 -> 1
Cell (virus_3027593,host_258952): 0 -> 1
Cell (virus_3027593,host_249033): 0 -> 1
Cell (virus_3027593,host_258930): 0 -> 1
Cell (virus_3027593,host_61862): 0 -> 1
Cell (virus_3027593,host_109485): 0 -> 1
Cell (virus_3027593,host_59474): 0 -> 1
Cell (virus_3027593,host_143942): 0 -> 1
Cell (virus_3027593,host_2491053): 0 -> 1
Cell (virus_3027593,host_258959): 0 -> 1
Cell (virus_3027593,host_526822): 0 -> 1
Cell (virus_2991261,host_105273): 0 -> 1
Cell (virus_2991261,host_109478): 0 -> 1
Cell (virus_2991261,host_9435): 0 -> 1
Cell (virus_2991261,host_59463): 0 -> 1
Cell (virus_2991261,host_109480): 0 -> 1
Cell (virus_2991261,host_1633875): 0 -> 1
Cell (virus_2991261,host_519446): 0 -> 1
Cell (virus_2991261,host_2528591): 0 -> 1
Cell (virus_2991261,host_109482): 0 -> 1
Cell (virus_2991261,host_51298): 0 -> 1
Cell (virus_2991261,host_1911917): 0 -> 1
Cell (virus_2991261,host_203696): 0 -> 1
Cell (virus_2991261,host_452653): 0 -> 1
Cell (virus_2991261,host_138979): 0 -> 1
Cell (virus_2991261,host_155915): 0 -> 1
Cell (virus_2991261,host_225400): 0 -> 1
Cell (virus_2991261,host_155035): 0 -> 1
Cell (virus_2991261,host_258925): 0 -> 1
Cell (virus_2991261,host_177185): 0 -> 1
Cell (virus_2991261,host_187017): 0 -> 1
Cell (virus_2991261,host_270698): 0 -> 1
Cell (virus_2991261,host_334201): 0 -> 1
Cell (virus_2991261,host_249020): 0 -> 1
Cell (virus_2991261,host_584995): 0 -> 1
Cell (virus_2991261,host_463808): 0 -> 1
Cell (virus_2991261,host_58069): 0 -> 1
Cell (virus_2991261,host_49443): 0 -> 1
Cell (virus_2991261,host_59479): 0 -> 1
Cell (virus_2991261,host_1898386): 0 -> 1
Cell (virus_2991261,host_59476): 0 -> 1
Cell (virus_2991261,host_177160): 0 -> 1
Cell (virus_2991261,host_2994998): 0 -> 1
Cell (virus_2991261,host_3042450): 0 -> 1
Cell (virus_2991261,host_59472): 0 -> 1
Cell (virus_2991261,host_9414): 0 -> 1
Cell (virus_2991261,host_1434095): 0 -> 1
Cell (virus_2991261,host_291302): 0 -> 1
Cell (virus_2991261,host_221087): 0 -> 1
Cell (virus_2991261,host_187007): 0 -> 1
Cell (virus_2991261,host_187008): 0 -> 1
Cell (virus_2991261,host_438766): 0 -> 1
Cell (virus_2991261,host_258934): 0 -> 1
Cell (virus_2991261,host_479723): 0 -> 1
Cell (virus_2991261,host_124751): 0 -> 1
Cell (virus_2991261,host_3041509): 0 -> 1
Cell (virus_2991261,host_2218597): 0 -> 1
Cell (virus_2991261,host_258867): 0 -> 1
Cell (virus_2991261,host_242384): 0 -> 1
Cell (virus_2991261,host_258863): 0 -> 1
Cell (virus_2991261,host_452595): 0 -> 1
Cell (virus_2991261,host_9438): 0 -> 1
Cell (virus_2991261,host_153297): 0 -> 1
Cell (virus_2991261,host_258952): 0 -> 1
Cell (virus_2991261,host_249033): 0 -> 1
Cell (virus_2991261,host_258930): 0 -> 1
Cell (virus_2991261,host_61862): 0 -> 1
Cell (virus_2991261,host_109485): 0 -> 1
Cell (virus_2991261,host_59474): 0 -> 1
Cell (virus_2991261,host_999321): 0 -> 1
Cell (virus_2991261,host_143942): 0 -> 1
Cell (virus_2991261,host_2491053): 0 -> 1
Cell (virus_2991261,host_258959): 0 -> 1
Cell (virus_2991261,host_526822): 0 -> 1
Cell (virus_983923,host_105273): 0 -> 1
Cell (virus_983923,host_109478): 0 -> 1
Cell (virus_983923,host_9435): 0 -> 1
Cell (virus_983923,host_59463): 0 -> 1
Cell (virus_983923,host_109480): 0 -> 1
Cell (virus_983923,host_1633875): 0 -> 1
Cell (virus_983923,host_519446): 0 -> 1
Cell (virus_983923,host_2528591): 0 -> 1
Cell (virus_983923,host_109482): 0 -> 1
Cell (virus_983923,host_51298): 0 -> 1
Cell (virus_983923,host_1911917): 0 -> 1
Cell (virus_983923,host_203696): 0 -> 1
Cell (virus_983923,host_452653): 0 -> 1
Cell (virus_983923,host_138979): 0 -> 1
Cell (virus_983923,host_155915): 0 -> 1
Cell (virus_983923,host_225400): 0 -> 1
Cell (virus_983923,host_155035): 0 -> 1
Cell (virus_983923,host_258925): 0 -> 1
Cell (virus_983923,host_177185): 0 -> 1
Cell (virus_983923,host_187017): 0 -> 1
Cell (virus_983923,host_270698): 0 -> 1
Cell (virus_983923,host_334201): 0 -> 1
Cell (virus_983923,host_249020): 0 -> 1
Cell (virus_983923,host_584995): 0 -> 1
Cell (virus_983923,host_463808): 0 -> 1
Cell (virus_983923,host_58069): 0 -> 1
Cell (virus_983923,host_49443): 0 -> 1
Cell (virus_983923,host_59479): 0 -> 1
Cell (virus_983923,host_1898386): 0 -> 1
Cell (virus_983923,host_59476): 0 -> 1
Cell (virus_983923,host_177160): 0 -> 1
Cell (virus_983923,host_2994998): 0 -> 1
Cell (virus_983923,host_3042450): 0 -> 1
Cell (virus_983923,host_59472): 0 -> 1
Cell (virus_983923,host_9414): 0 -> 1
Cell (virus_983923,host_1434095): 0 -> 1
Cell (virus_983923,host_291302): 0 -> 1
Cell (virus_983923,host_221087): 0 -> 1
Cell (virus_983923,host_187007): 0 -> 1
Cell (virus_983923,host_187008): 0 -> 1
Cell (virus_983923,host_438766): 0 -> 1
Cell (virus_983923,host_258934): 0 -> 1
Cell (virus_983923,host_479723): 0 -> 1
Cell (virus_983923,host_124751): 0 -> 1
Cell (virus_983923,host_3041509): 0 -> 1
Cell (virus_983923,host_2218597): 0 -> 1
Cell (virus_983923,host_258867): 0 -> 1
Cell (virus_983923,host_242384): 0 -> 1
Cell (virus_983923,host_258863): 0 -> 1
Cell (virus_983923,host_452595): 0 -> 1
Cell (virus_983923,host_9438): 0 -> 1
Cell (virus_983923,host_153297): 0 -> 1
Cell (virus_983923,host_258952): 0 -> 1
Cell (virus_983923,host_249033): 0 -> 1
Cell (virus_983923,host_258930): 0 -> 1
Cell (virus_983923,host_61862): 0 -> 1
Cell (virus_983923,host_109485): 0 -> 1
Cell (virus_983923,host_59474): 0 -> 1
Cell (virus_983923,host_999321): 0 -> 1
Cell (virus_983923,host_143942): 0 -> 1
Cell (virus_983923,host_2491053): 0 -> 1
Cell (virus_983923,host_258959): 0 -> 1
Cell (virus_983923,host_526822): 0 -> 1
Cell (virus_3433749,host_105273): 0 -> 1
Cell (virus_3433749,host_109478): 0 -> 1
Cell (virus_3433749,host_9435): 0 -> 1
Cell (virus_3433749,host_59463): 0 -> 1
Cell (virus_3433749,host_109480): 0 -> 1
Cell (virus_3433749,host_1633875): 0 -> 1
Cell (virus_3433749,host_519446): 0 -> 1
Cell (virus_3433749,host_2528591): 0 -> 1
Cell (virus_3433749,host_109482): 0 -> 1
Cell (virus_3433749,host_51298): 0 -> 1
Cell (virus_3433749,host_187014): 0 -> 1
Cell (virus_3433749,host_1911917): 0 -> 1
Cell (virus_3433749,host_59461): 0 -> 1
Cell (virus_3433749,host_203696): 0 -> 1
Cell (virus_3433749,host_452653): 0 -> 1
Cell (virus_3433749,host_138979): 0 -> 1
Cell (virus_3433749,host_155915): 0 -> 1
Cell (virus_3433749,host_225400): 0 -> 1
Cell (virus_3433749,host_155035): 0 -> 1
Cell (virus_3433749,host_258925): 0 -> 1
Cell (virus_3433749,host_177185): 0 -> 1
Cell (virus_3433749,host_187017): 0 -> 1
Cell (virus_3433749,host_270698): 0 -> 1
Cell (virus_3433749,host_334201): 0 -> 1
Cell (virus_3433749,host_249020): 0 -> 1
Cell (virus_3433749,host_584995): 0 -> 1
Cell (virus_3433749,host_463808): 0 -> 1
Cell (virus_3433749,host_58069): 0 -> 1
Cell (virus_3433749,host_59479): 0 -> 1
Cell (virus_3433749,host_1898386): 0 -> 1
Cell (virus_3433749,host_59476): 0 -> 1
Cell (virus_3433749,host_177160): 0 -> 1
Cell (virus_3433749,host_2994998): 0 -> 1
Cell (virus_3433749,host_3042450): 0 -> 1
Cell (virus_3433749,host_59472): 0 -> 1
Cell (virus_3433749,host_9414): 0 -> 1
Cell (virus_3433749,host_1434095): 0 -> 1
Cell (virus_3433749,host_291302): 0 -> 1
Cell (virus_3433749,host_221087): 0 -> 1
Cell (virus_3433749,host_187007): 0 -> 1
Cell (virus_3433749,host_187008): 0 -> 1
Cell (virus_3433749,host_258934): 0 -> 1
Cell (virus_3433749,host_479723): 0 -> 1
Cell (virus_3433749,host_124751): 0 -> 1
Cell (virus_3433749,host_3041509): 0 -> 1
Cell (virus_3433749,host_2218597): 0 -> 1
Cell (virus_3433749,host_258867): 0 -> 1
Cell (virus_3433749,host_242384): 0 -> 1
Cell (virus_3433749,host_258863): 0 -> 1
Cell (virus_3433749,host_452595): 0 -> 1
Cell (virus_3433749,host_9438): 0 -> 1
Cell (virus_3433749,host_153297): 0 -> 1
Cell (virus_3433749,host_258952): 0 -> 1
Cell (virus_3433749,host_249033): 0 -> 1
Cell (virus_3433749,host_258930): 0 -> 1
Cell (virus_3433749,host_61862): 0 -> 1
Cell (virus_3433749,host_109485): 0 -> 1
Cell (virus_3433749,host_59474): 0 -> 1
Cell (virus_3433749,host_999321): 0 -> 1
Cell (virus_3433749,host_143942): 0 -> 1
Cell (virus_3433749,host_2491053): 0 -> 1
Cell (virus_3433749,host_258959): 0 -> 1
Cell (virus_3433749,host_526822): 0 -> 1
Cell (virus_1986198,host_105273): 0 -> 1
Cell (virus_1986198,host_109478): 0 -> 1
Cell (virus_1986198,host_9435): 0 -> 1
Cell (virus_1986198,host_59463): 0 -> 1
Cell (virus_1986198,host_109480): 0 -> 1
Cell (virus_1986198,host_1633875): 0 -> 1
Cell (virus_1986198,host_519446): 0 -> 1
Cell (virus_1986198,host_2528591): 0 -> 1
Cell (virus_1986198,host_109482): 0 -> 1
Cell (virus_1986198,host_51298): 0 -> 1
Cell (virus_1986198,host_1911917): 0 -> 1
Cell (virus_1986198,host_203696): 0 -> 1
Cell (virus_1986198,host_452653): 0 -> 1
Cell (virus_1986198,host_138979): 0 -> 1
Cell (virus_1986198,host_155915): 0 -> 1
Cell (virus_1986198,host_225400): 0 -> 1
Cell (virus_1986198,host_155035): 0 -> 1
Cell (virus_1986198,host_258925): 0 -> 1
Cell (virus_1986198,host_177185): 0 -> 1
Cell (virus_1986198,host_187017): 0 -> 1
Cell (virus_1986198,host_270698): 0 -> 1
Cell (virus_1986198,host_334201): 0 -> 1
Cell (virus_1986198,host_249020): 0 -> 1
Cell (virus_1986198,host_584995): 0 -> 1
Cell (virus_1986198,host_463808): 0 -> 1
Cell (virus_1986198,host_58069): 0 -> 1
Cell (virus_1986198,host_59479): 0 -> 1
Cell (virus_1986198,host_1898386): 0 -> 1
Cell (virus_1986198,host_59476): 0 -> 1
Cell (virus_1986198,host_177160): 0 -> 1
Cell (virus_1986198,host_2994998): 0 -> 1
Cell (virus_1986198,host_3042450): 0 -> 1
Cell (virus_1986198,host_59472): 0 -> 1
Cell (virus_1986198,host_9414): 0 -> 1
Cell (virus_1986198,host_1434095): 0 -> 1
Cell (virus_1986198,host_291302): 0 -> 1
Cell (virus_1986198,host_221087): 0 -> 1
Cell (virus_1986198,host_187007): 0 -> 1
Cell (virus_1986198,host_187008): 0 -> 1
Cell (virus_1986198,host_479723): 0 -> 1
Cell (virus_1986198,host_124751): 0 -> 1
Cell (virus_1986198,host_3041509): 0 -> 1
Cell (virus_1986198,host_258867): 0 -> 1
Cell (virus_1986198,host_242384): 0 -> 1
Cell (virus_1986198,host_258863): 0 -> 1
Cell (virus_1986198,host_452595): 0 -> 1
Cell (virus_1986198,host_9438): 0 -> 1
Cell (virus_1986198,host_153297): 0 -> 1
Cell (virus_1986198,host_258952): 0 -> 1
Cell (virus_1986198,host_249033): 0 -> 1
Cell (virus_1986198,host_258930): 0 -> 1
Cell (virus_1986198,host_61862): 0 -> 1
Cell (virus_1986198,host_109485): 0 -> 1
Cell (virus_1986198,host_59474): 0 -> 1
Cell (virus_1986198,host_999321): 0 -> 1
Cell (virus_1986198,host_143942): 0 -> 1
Cell (virus_1986198,host_2491053): 0 -> 1
Cell (virus_1986198,host_258959): 0 -> 1
Cell (virus_1986198,host_526822): 0 -> 1
Cell (virus_3433814,host_105273): 0 -> 1
Cell (virus_3433814,host_109478): 0 -> 1
Cell (virus_3433814,host_9435): 0 -> 1
Cell (virus_3433814,host_59463): 0 -> 1
Cell (virus_3433814,host_109480): 0 -> 1
Cell (virus_3433814,host_1633875): 0 -> 1
Cell (virus_3433814,host_519446): 0 -> 1
Cell (virus_3433814,host_2528591): 0 -> 1
Cell (virus_3433814,host_109482): 0 -> 1
Cell (virus_3433814,host_51298): 0 -> 1
Cell (virus_3433814,host_1911917): 0 -> 1
Cell (virus_3433814,host_203696): 0 -> 1
Cell (virus_3433814,host_452653): 0 -> 1
Cell (virus_3433814,host_138979): 0 -> 1
Cell (virus_3433814,host_155915): 0 -> 1
Cell (virus_3433814,host_225400): 0 -> 1
Cell (virus_3433814,host_155035): 0 -> 1
Cell (virus_3433814,host_258925): 0 -> 1
Cell (virus_3433814,host_177185): 0 -> 1
Cell (virus_3433814,host_187017): 0 -> 1
Cell (virus_3433814,host_270698): 0 -> 1
Cell (virus_3433814,host_334201): 0 -> 1
Cell (virus_3433814,host_249020): 0 -> 1
Cell (virus_3433814,host_584995): 0 -> 1
Cell (virus_3433814,host_463808): 0 -> 1
Cell (virus_3433814,host_58069): 0 -> 1
Cell (virus_3433814,host_59479): 0 -> 1
Cell (virus_3433814,host_1898386): 0 -> 1
Cell (virus_3433814,host_59476): 0 -> 1
Cell (virus_3433814,host_177160): 0 -> 1
Cell (virus_3433814,host_2994998): 0 -> 1
Cell (virus_3433814,host_3042450): 0 -> 1
Cell (virus_3433814,host_59472): 0 -> 1
Cell (virus_3433814,host_9414): 0 -> 1
Cell (virus_3433814,host_1434095): 0 -> 1
Cell (virus_3433814,host_291302): 0 -> 1
Cell (virus_3433814,host_221087): 0 -> 1
Cell (virus_3433814,host_187007): 0 -> 1
Cell (virus_3433814,host_187008): 0 -> 1
Cell (virus_3433814,host_258934): 0 -> 1
Cell (virus_3433814,host_479723): 0 -> 1
Cell (virus_3433814,host_124751): 0 -> 1
Cell (virus_3433814,host_3041509): 0 -> 1
Cell (virus_3433814,host_2218597): 0 -> 1
Cell (virus_3433814,host_258867): 0 -> 1
Cell (virus_3433814,host_242384): 0 -> 1
Cell (virus_3433814,host_258863): 0 -> 1
Cell (virus_3433814,host_452595): 0 -> 1
Cell (virus_3433814,host_9438): 0 -> 1
Cell (virus_3433814,host_153297): 0 -> 1
Cell (virus_3433814,host_258952): 0 -> 1
Cell (virus_3433814,host_249033): 0 -> 1
Cell (virus_3433814,host_258930): 0 -> 1
Cell (virus_3433814,host_61862): 0 -> 1
Cell (virus_3433814,host_109485): 0 -> 1
Cell (virus_3433814,host_59474): 0 -> 1
Cell (virus_3433814,host_999321): 0 -> 1
Cell (virus_3433814,host_143942): 0 -> 1
Cell (virus_3433814,host_2491053): 0 -> 1
Cell (virus_3433814,host_258959): 0 -> 1
Cell (virus_3433814,host_526822): 0 -> 1
Cell (virus_693997,host_105273): 0 -> 1
Cell (virus_693997,host_109478): 0 -> 1
Cell (virus_693997,host_9435): 0 -> 1
Cell (virus_693997,host_59463): 0 -> 1
Cell (virus_693997,host_109480): 0 -> 1
Cell (virus_693997,host_1633875): 0 -> 1
Cell (virus_693997,host_519446): 0 -> 1
Cell (virus_693997,host_2528591): 0 -> 1
Cell (virus_693997,host_109482): 0 -> 1
Cell (virus_693997,host_51298): 0 -> 1
Cell (virus_693997,host_1911917): 0 -> 1
Cell (virus_693997,host_203696): 0 -> 1
Cell (virus_693997,host_452653): 0 -> 1
Cell (virus_693997,host_138979): 0 -> 1
Cell (virus_693997,host_155915): 0 -> 1
Cell (virus_693997,host_225400): 0 -> 1
Cell (virus_693997,host_155035): 0 -> 1
Cell (virus_693997,host_258925): 0 -> 1
Cell (virus_693997,host_177185): 0 -> 1
Cell (virus_693997,host_187017): 0 -> 1
Cell (virus_693997,host_270698): 0 -> 1
Cell (virus_693997,host_334201): 0 -> 1
Cell (virus_693997,host_249020): 0 -> 1
Cell (virus_693997,host_584995): 0 -> 1
Cell (virus_693997,host_463808): 0 -> 1
Cell (virus_693997,host_58069): 0 -> 1
Cell (virus_693997,host_59479): 0 -> 1
Cell (virus_693997,host_1898386): 0 -> 1
Cell (virus_693997,host_59476): 0 -> 1
Cell (virus_693997,host_177160): 0 -> 1
Cell (virus_693997,host_2994998): 0 -> 1
Cell (virus_693997,host_3042450): 0 -> 1
Cell (virus_693997,host_59472): 0 -> 1
Cell (virus_693997,host_9414): 0 -> 1
Cell (virus_693997,host_1434095): 0 -> 1
Cell (virus_693997,host_291302): 0 -> 1
Cell (virus_693997,host_221087): 0 -> 1
Cell (virus_693997,host_187007): 0 -> 1
Cell (virus_693997,host_187008): 0 -> 1
Cell (virus_693997,host_258934): 0 -> 1
Cell (virus_693997,host_479723): 0 -> 1
Cell (virus_693997,host_124751): 0 -> 1
Cell (virus_693997,host_3041509): 0 -> 1
Cell (virus_693997,host_2218597): 0 -> 1
Cell (virus_693997,host_258867): 0 -> 1
Cell (virus_693997,host_242384): 0 -> 1
Cell (virus_693997,host_258863): 0 -> 1
Cell (virus_693997,host_452595): 0 -> 1
Cell (virus_693997,host_9438): 0 -> 1
Cell (virus_693997,host_153297): 0 -> 1
Cell (virus_693997,host_258952): 0 -> 1
Cell (virus_693997,host_249033): 0 -> 1
Cell (virus_693997,host_258930): 0 -> 1
Cell (virus_693997,host_61862): 0 -> 1
Cell (virus_693997,host_109485): 0 -> 1
Cell (virus_693997,host_59474): 0 -> 1
Cell (virus_693997,host_999321): 0 -> 1
Cell (virus_693997,host_143942): 0 -> 1
Cell (virus_693997,host_2491053): 0 -> 1
Cell (virus_693997,host_258959): 0 -> 1
Cell (virus_693997,host_526822): 0 -> 1
Cell (virus_2913386,host_105273): 0 -> 1
Cell (virus_2913386,host_109478): 0 -> 1
Cell (virus_2913386,host_9435): 0 -> 1
Cell (virus_2913386,host_257882): 0 -> 1
Cell (virus_2913386,host_59463): 0 -> 1
Cell (virus_2913386,host_109480): 0 -> 1
Cell (virus_2913386,host_1633875): 0 -> 1
Cell (virus_2913386,host_519446): 0 -> 1
Cell (virus_2913386,host_2528591): 0 -> 1
Cell (virus_2913386,host_109482): 0 -> 1
Cell (virus_2913386,host_51298): 0 -> 1
Cell (virus_2913386,host_1911917): 0 -> 1
Cell (virus_2913386,host_59461): 0 -> 1
Cell (virus_2913386,host_203696): 0 -> 1
Cell (virus_2913386,host_452653): 0 -> 1
Cell (virus_2913386,host_138979): 0 -> 1
Cell (virus_2913386,host_155915): 0 -> 1
Cell (virus_2913386,host_225400): 0 -> 1
Cell (virus_2913386,host_155035): 0 -> 1
Cell (virus_2913386,host_258925): 0 -> 1
Cell (virus_2913386,host_177185): 0 -> 1
Cell (virus_2913386,host_187017): 0 -> 1
Cell (virus_2913386,host_270698): 0 -> 1
Cell (virus_2913386,host_334201): 0 -> 1
Cell (virus_2913386,host_249020): 0 -> 1
Cell (virus_2913386,host_584995): 0 -> 1
Cell (virus_2913386,host_463808): 0 -> 1
Cell (virus_2913386,host_58069): 0 -> 1
Cell (virus_2913386,host_59479): 0 -> 1
Cell (virus_2913386,host_1898386): 0 -> 1
Cell (virus_2913386,host_59476): 0 -> 1
Cell (virus_2913386,host_177160): 0 -> 1
Cell (virus_2913386,host_2994998): 0 -> 1
Cell (virus_2913386,host_3042450): 0 -> 1
Cell (virus_2913386,host_3371013): 0 -> 1
Cell (virus_2913386,host_59472): 0 -> 1
Cell (virus_2913386,host_9414): 0 -> 1
Cell (virus_2913386,host_1434095): 0 -> 1
Cell (virus_2913386,host_291302): 0 -> 1
Cell (virus_2913386,host_221087): 0 -> 1
Cell (virus_2913386,host_187007): 0 -> 1
Cell (virus_2913386,host_187008): 0 -> 1
Cell (virus_2913386,host_258934): 0 -> 1
Cell (virus_2913386,host_479723): 0 -> 1
Cell (virus_2913386,host_124751): 0 -> 1
Cell (virus_2913386,host_3041509): 0 -> 1
Cell (virus_2913386,host_2218597): 0 -> 1
Cell (virus_2913386,host_258867): 0 -> 1
Cell (virus_2913386,host_242384): 0 -> 1
Cell (virus_2913386,host_258863): 0 -> 1
Cell (virus_2913386,host_452595): 0 -> 1
Cell (virus_2913386,host_9438): 0 -> 1
Cell (virus_2913386,host_153297): 0 -> 1
Cell (virus_2913386,host_258952): 0 -> 1
Cell (virus_2913386,host_249033): 0 -> 1
Cell (virus_2913386,host_258930): 0 -> 1
Cell (virus_2913386,host_61862): 0 -> 1
Cell (virus_2913386,host_109485): 0 -> 1
Cell (virus_2913386,host_59474): 0 -> 1
Cell (virus_2913386,host_999321): 0 -> 1
Cell (virus_2913386,host_143942): 0 -> 1
Cell (virus_2913386,host_2491053): 0 -> 1
Cell (virus_2913386,host_258959): 0 -> 1
Cell (virus_2913386,host_526822): 0 -> 1
Cell (virus_2925879,host_105273): 0 -> 1
Cell (virus_2925879,host_109478): 0 -> 1
Cell (virus_2925879,host_9435): 0 -> 1
Cell (virus_2925879,host_257882): 0 -> 1
Cell (virus_2925879,host_59463): 0 -> 1
Cell (virus_2925879,host_109480): 0 -> 1
Cell (virus_2925879,host_1633875): 0 -> 1
Cell (virus_2925879,host_519446): 0 -> 1
Cell (virus_2925879,host_2528591): 0 -> 1
Cell (virus_2925879,host_109482): 0 -> 1
Cell (virus_2925879,host_51298): 0 -> 1
Cell (virus_2925879,host_1911917): 0 -> 1
Cell (virus_2925879,host_59461): 0 -> 1
Cell (virus_2925879,host_203696): 0 -> 1
Cell (virus_2925879,host_452653): 0 -> 1
Cell (virus_2925879,host_138979): 0 -> 1
Cell (virus_2925879,host_155915): 0 -> 1
Cell (virus_2925879,host_225400): 0 -> 1
Cell (virus_2925879,host_155035): 0 -> 1
Cell (virus_2925879,host_258925): 0 -> 1
Cell (virus_2925879,host_177185): 0 -> 1
Cell (virus_2925879,host_187017): 0 -> 1
Cell (virus_2925879,host_270698): 0 -> 1
Cell (virus_2925879,host_334201): 0 -> 1
Cell (virus_2925879,host_249020): 0 -> 1
Cell (virus_2925879,host_584995): 0 -> 1
Cell (virus_2925879,host_463808): 0 -> 1
Cell (virus_2925879,host_58069): 0 -> 1
Cell (virus_2925879,host_59479): 0 -> 1
Cell (virus_2925879,host_1898386): 0 -> 1
Cell (virus_2925879,host_59476): 0 -> 1
Cell (virus_2925879,host_177160): 0 -> 1
Cell (virus_2925879,host_2994998): 0 -> 1
Cell (virus_2925879,host_3042450): 0 -> 1
Cell (virus_2925879,host_3371013): 0 -> 1
Cell (virus_2925879,host_59472): 0 -> 1
Cell (virus_2925879,host_9414): 0 -> 1
Cell (virus_2925879,host_1434095): 0 -> 1
Cell (virus_2925879,host_291302): 0 -> 1
Cell (virus_2925879,host_221087): 0 -> 1
Cell (virus_2925879,host_187007): 0 -> 1
Cell (virus_2925879,host_187008): 0 -> 1
Cell (virus_2925879,host_258934): 0 -> 1
Cell (virus_2925879,host_479723): 0 -> 1
Cell (virus_2925879,host_124751): 0 -> 1
Cell (virus_2925879,host_3041509): 0 -> 1
Cell (virus_2925879,host_2218597): 0 -> 1
Cell (virus_2925879,host_258867): 0 -> 1
Cell (virus_2925879,host_242384): 0 -> 1
Cell (virus_2925879,host_258863): 0 -> 1
Cell (virus_2925879,host_452595): 0 -> 1
Cell (virus_2925879,host_9438): 0 -> 1
Cell (virus_2925879,host_153297): 0 -> 1
Cell (virus_2925879,host_258952): 0 -> 1
Cell (virus_2925879,host_249033): 0 -> 1
Cell (virus_2925879,host_258930): 0 -> 1
Cell (virus_2925879,host_61862): 0 -> 1
Cell (virus_2925879,host_109485): 0 -> 1
Cell (virus_2925879,host_59474): 0 -> 1
Cell (virus_2925879,host_999321): 0 -> 1
Cell (virus_2925879,host_143942): 0 -> 1
Cell (virus_2925879,host_2491053): 0 -> 1
Cell (virus_2925879,host_258959): 0 -> 1
Cell (virus_2925879,host_526822): 0 -> 1
Cell (virus_2993505,host_105273): 0 -> 1
Cell (virus_2993505,host_109478): 0 -> 1
Cell (virus_2993505,host_9435): 0 -> 1
Cell (virus_2993505,host_257882): 0 -> 1
Cell (virus_2993505,host_59463): 0 -> 1
Cell (virus_2993505,host_109480): 0 -> 1
Cell (virus_2993505,host_1633875): 0 -> 1
Cell (virus_2993505,host_519446): 0 -> 1
Cell (virus_2993505,host_2528591): 0 -> 1
Cell (virus_2993505,host_109482): 0 -> 1
Cell (virus_2993505,host_51298): 0 -> 1
Cell (virus_2993505,host_1911917): 0 -> 1
Cell (virus_2993505,host_59461): 0 -> 1
Cell (virus_2993505,host_203696): 0 -> 1
Cell (virus_2993505,host_452653): 0 -> 1
Cell (virus_2993505,host_138979): 0 -> 1
Cell (virus_2993505,host_155915): 0 -> 1
Cell (virus_2993505,host_225400): 0 -> 1
Cell (virus_2993505,host_155035): 0 -> 1
Cell (virus_2993505,host_258925): 0 -> 1
Cell (virus_2993505,host_177185): 0 -> 1
Cell (virus_2993505,host_187017): 0 -> 1
Cell (virus_2993505,host_270698): 0 -> 1
Cell (virus_2993505,host_334201): 0 -> 1
Cell (virus_2993505,host_249020): 0 -> 1
Cell (virus_2993505,host_584995): 0 -> 1
Cell (virus_2993505,host_463808): 0 -> 1
Cell (virus_2993505,host_58069): 0 -> 1
Cell (virus_2993505,host_59479): 0 -> 1
Cell (virus_2993505,host_1898386): 0 -> 1
Cell (virus_2993505,host_59476): 0 -> 1
Cell (virus_2993505,host_177160): 0 -> 1
Cell (virus_2993505,host_3042450): 0 -> 1
Cell (virus_2993505,host_3371013): 0 -> 1
Cell (virus_2993505,host_59472): 0 -> 1
Cell (virus_2993505,host_9414): 0 -> 1
Cell (virus_2993505,host_1434095): 0 -> 1
Cell (virus_2993505,host_291302): 0 -> 1
Cell (virus_2993505,host_221087): 0 -> 1
Cell (virus_2993505,host_187007): 0 -> 1
Cell (virus_2993505,host_187008): 0 -> 1
Cell (virus_2993505,host_258934): 0 -> 1
Cell (virus_2993505,host_479723): 0 -> 1
Cell (virus_2993505,host_124751): 0 -> 1
Cell (virus_2993505,host_3041509): 0 -> 1
Cell (virus_2993505,host_2218597): 0 -> 1
Cell (virus_2993505,host_258867): 0 -> 1
Cell (virus_2993505,host_242384): 0 -> 1
Cell (virus_2993505,host_258863): 0 -> 1
Cell (virus_2993505,host_452595): 0 -> 1
Cell (virus_2993505,host_9438): 0 -> 1
Cell (virus_2993505,host_153297): 0 -> 1
Cell (virus_2993505,host_258952): 0 -> 1
Cell (virus_2993505,host_249033): 0 -> 1
Cell (virus_2993505,host_258930): 0 -> 1
Cell (virus_2993505,host_61862): 0 -> 1
Cell (virus_2993505,host_109485): 0 -> 1
Cell (virus_2993505,host_59474): 0 -> 1
Cell (virus_2993505,host_999321): 0 -> 1
Cell (virus_2993505,host_143942): 0 -> 1
Cell (virus_2993505,host_2491053): 0 -> 1
Cell (virus_2993505,host_258944): 0 -> 1
Cell (virus_2993505,host_258959): 0 -> 1
Cell (virus_2993505,host_526822): 0 -> 1
Cell (virus_3433731,host_105273): 0 -> 1
Cell (virus_3433731,host_109478): 0 -> 1
Cell (virus_3433731,host_3380546): 0 -> 1
Cell (virus_3433731,host_9435): 0 -> 1
Cell (virus_3433731,host_257882): 0 -> 1
Cell (virus_3433731,host_59463): 0 -> 1
Cell (virus_3433731,host_109480): 0 -> 1
Cell (virus_3433731,host_1633875): 0 -> 1
Cell (virus_3433731,host_519446): 0 -> 1
Cell (virus_3433731,host_2528591): 0 -> 1
Cell (virus_3433731,host_109482): 0 -> 1
Cell (virus_3433731,host_51298): 0 -> 1
Cell (virus_3433731,host_1911917): 0 -> 1
Cell (virus_3433731,host_203696): 0 -> 1
Cell (virus_3433731,host_452653): 0 -> 1
Cell (virus_3433731,host_98922): 0 -> 1
Cell (virus_3433731,host_138979): 0 -> 1
Cell (virus_3433731,host_225400): 0 -> 1
Cell (virus_3433731,host_155035): 0 -> 1
Cell (virus_3433731,host_258925): 0 -> 1
Cell (virus_3433731,host_177185): 0 -> 1
Cell (virus_3433731,host_187017): 0 -> 1
Cell (virus_3433731,host_270698): 0 -> 1
Cell (virus_3433731,host_334201): 0 -> 1
Cell (virus_3433731,host_249020): 0 -> 1
Cell (virus_3433731,host_584995): 0 -> 1
Cell (virus_3433731,host_463808): 0 -> 1
Cell (virus_3433731,host_58069): 0 -> 1
Cell (virus_3433731,host_59479): 0 -> 1
Cell (virus_3433731,host_1898386): 0 -> 1
Cell (virus_3433731,host_59476): 0 -> 1
Cell (virus_3433731,host_177160): 0 -> 1
Cell (virus_3433731,host_2994998): 0 -> 1
Cell (virus_3433731,host_3042450): 0 -> 1
Cell (virus_3433731,host_59472): 0 -> 1
Cell (virus_3433731,host_9414): 0 -> 1
Cell (virus_3433731,host_1434095): 0 -> 1
Cell (virus_3433731,host_291302): 0 -> 1
Cell (virus_3433731,host_221087): 0 -> 1
Cell (virus_3433731,host_187007): 0 -> 1
Cell (virus_3433731,host_187008): 0 -> 1
Cell (virus_3433731,host_258934): 0 -> 1
Cell (virus_3433731,host_479723): 0 -> 1
Cell (virus_3433731,host_124751): 0 -> 1
Cell (virus_3433731,host_3041509): 0 -> 1
Cell (virus_3433731,host_2218597): 0 -> 1
Cell (virus_3433731,host_258867): 0 -> 1
Cell (virus_3433731,host_242384): 0 -> 1
Cell (virus_3433731,host_258863): 0 -> 1
Cell (virus_3433731,host_452595): 0 -> 1
Cell (virus_3433731,host_9438): 0 -> 1
Cell (virus_3433731,host_153297): 0 -> 1
Cell (virus_3433731,host_258952): 0 -> 1
Cell (virus_3433731,host_249033): 0 -> 1
Cell (virus_3433731,host_258930): 0 -> 1
Cell (virus_3433731,host_61862): 0 -> 1
Cell (virus_3433731,host_109485): 0 -> 1
Cell (virus_3433731,host_59474): 0 -> 1
Cell (virus_3433731,host_999321): 0 -> 1
Cell (virus_3433731,host_143942): 0 -> 1
Cell (virus_3433731,host_2491053): 0 -> 1
Cell (virus_3433731,host_258959): 0 -> 1
Cell (virus_3433731,host_526822): 0 -> 1
Cell (virus_3433810,host_105273): 0 -> 1
Cell (virus_3433810,host_109478): 0 -> 1
Cell (virus_3433810,host_9435): 0 -> 1
Cell (virus_3433810,host_59463): 0 -> 1
Cell (virus_3433810,host_109480): 0 -> 1
Cell (virus_3433810,host_1633875): 0 -> 1
Cell (virus_3433810,host_519446): 0 -> 1
Cell (virus_3433810,host_2528591): 0 -> 1
Cell (virus_3433810,host_109482): 0 -> 1
Cell (virus_3433810,host_51298): 0 -> 1
Cell (virus_3433810,host_1911917): 0 -> 1
Cell (virus_3433810,host_452653): 0 -> 1
Cell (virus_3433810,host_138979): 0 -> 1
Cell (virus_3433810,host_155915): 0 -> 1
Cell (virus_3433810,host_225400): 0 -> 1
Cell (virus_3433810,host_155035): 0 -> 1
Cell (virus_3433810,host_258925): 0 -> 1
Cell (virus_3433810,host_177185): 0 -> 1
Cell (virus_3433810,host_187017): 0 -> 1
Cell (virus_3433810,host_270698): 0 -> 1
Cell (virus_3433810,host_334201): 0 -> 1
Cell (virus_3433810,host_249020): 0 -> 1
Cell (virus_3433810,host_584995): 0 -> 1
Cell (virus_3433810,host_463808): 0 -> 1
Cell (virus_3433810,host_58069): 0 -> 1
Cell (virus_3433810,host_59479): 0 -> 1
Cell (virus_3433810,host_1898386): 0 -> 1
Cell (virus_3433810,host_59476): 0 -> 1
Cell (virus_3433810,host_177160): 0 -> 1
Cell (virus_3433810,host_2994998): 0 -> 1
Cell (virus_3433810,host_3042450): 0 -> 1
Cell (virus_3433810,host_59472): 0 -> 1
Cell (virus_3433810,host_9414): 0 -> 1
Cell (virus_3433810,host_1434095): 0 -> 1
Cell (virus_3433810,host_291302): 0 -> 1
Cell (virus_3433810,host_221087): 0 -> 1
Cell (virus_3433810,host_187007): 0 -> 1
Cell (virus_3433810,host_187008): 0 -> 1
Cell (virus_3433810,host_258934): 0 -> 1
Cell (virus_3433810,host_479723): 0 -> 1
Cell (virus_3433810,host_124751): 0 -> 1
Cell (virus_3433810,host_3041509): 0 -> 1
Cell (virus_3433810,host_2218597): 0 -> 1
Cell (virus_3433810,host_258867): 0 -> 1
Cell (virus_3433810,host_242384): 0 -> 1
Cell (virus_3433810,host_258863): 0 -> 1
Cell (virus_3433810,host_452595): 0 -> 1
Cell (virus_3433810,host_9438): 0 -> 1
Cell (virus_3433810,host_153297): 0 -> 1
Cell (virus_3433810,host_258952): 0 -> 1
Cell (virus_3433810,host_249033): 0 -> 1
Cell (virus_3433810,host_258930): 0 -> 1
Cell (virus_3433810,host_61862): 0 -> 1
Cell (virus_3433810,host_109485): 0 -> 1
Cell (virus_3433810,host_59474): 0 -> 1
Cell (virus_3433810,host_999321): 0 -> 1
Cell (virus_3433810,host_867834): 0 -> 1
Cell (virus_3433810,host_143942): 0 -> 1
Cell (virus_3433810,host_2491053): 0 -> 1
Cell (virus_3433810,host_258959): 0 -> 1
Cell (virus_3433810,host_526822): 0 -> 1
Cell (virus_2913388,host_105273): 0 -> 1
Cell (virus_2913388,host_109478): 0 -> 1
Cell (virus_2913388,host_9435): 0 -> 1
Cell (virus_2913388,host_59463): 0 -> 1
Cell (virus_2913388,host_109480): 0 -> 1
Cell (virus_2913388,host_1633875): 0 -> 1
Cell (virus_2913388,host_519446): 0 -> 1
Cell (virus_2913388,host_2528591): 0 -> 1
Cell (virus_2913388,host_109482): 0 -> 1
Cell (virus_2913388,host_51298): 0 -> 1
Cell (virus_2913388,host_203696): 0 -> 1
Cell (virus_2913388,host_452653): 0 -> 1
Cell (virus_2913388,host_138979): 0 -> 1
Cell (virus_2913388,host_155915): 0 -> 1
Cell (virus_2913388,host_225400): 0 -> 1
Cell (virus_2913388,host_155035): 0 -> 1
Cell (virus_2913388,host_258925): 0 -> 1
Cell (virus_2913388,host_177185): 0 -> 1
Cell (virus_2913388,host_187017): 0 -> 1
Cell (virus_2913388,host_270698): 0 -> 1
Cell (virus_2913388,host_334201): 0 -> 1
Cell (virus_2913388,host_249020): 0 -> 1
Cell (virus_2913388,host_584995): 0 -> 1
Cell (virus_2913388,host_463808): 0 -> 1
Cell (virus_2913388,host_58069): 0 -> 1
Cell (virus_2913388,host_59479): 0 -> 1
Cell (virus_2913388,host_1898386): 0 -> 1
Cell (virus_2913388,host_59476): 0 -> 1
Cell (virus_2913388,host_177160): 0 -> 1
Cell (virus_2913388,host_177162): 0 -> 1
Cell (virus_2913388,host_2994998): 0 -> 1
Cell (virus_2913388,host_3042450): 0 -> 1
Cell (virus_2913388,host_59472): 0 -> 1
Cell (virus_2913388,host_9414): 0 -> 1
Cell (virus_2913388,host_1434095): 0 -> 1
Cell (virus_2913388,host_291302): 0 -> 1
Cell (virus_2913388,host_221087): 0 -> 1
Cell (virus_2913388,host_187007): 0 -> 1
Cell (virus_2913388,host_187008): 0 -> 1
Cell (virus_2913388,host_258934): 0 -> 1
Cell (virus_2913388,host_479723): 0 -> 1
Cell (virus_2913388,host_124751): 0 -> 1
Cell (virus_2913388,host_3041509): 0 -> 1
Cell (virus_2913388,host_2218597): 0 -> 1
Cell (virus_2913388,host_258867): 0 -> 1
Cell (virus_2913388,host_242384): 0 -> 1
Cell (virus_2913388,host_258863): 0 -> 1
Cell (virus_2913388,host_452595): 0 -> 1
Cell (virus_2913388,host_9438): 0 -> 1
Cell (virus_2913388,host_153297): 0 -> 1
Cell (virus_2913388,host_258952): 0 -> 1
Cell (virus_2913388,host_249033): 0 -> 1
Cell (virus_2913388,host_258930): 0 -> 1
Cell (virus_2913388,host_61862): 0 -> 1
Cell (virus_2913388,host_109485): 0 -> 1
Cell (virus_2913388,host_59474): 0 -> 1
Cell (virus_2913388,host_999321): 0 -> 1
Cell (virus_2913388,host_143942): 0 -> 1
Cell (virus_2913388,host_2491053): 0 -> 1
Cell (virus_2913388,host_258959): 0 -> 1
Cell (virus_2913388,host_526822): 0 -> 1
Cell (virus_3433756,host_105273): 0 -> 1
Cell (virus_3433756,host_109478): 0 -> 1
Cell (virus_3433756,host_9435): 0 -> 1
Cell (virus_3433756,host_59463): 0 -> 1
Cell (virus_3433756,host_109480): 0 -> 1
Cell (virus_3433756,host_1633875): 0 -> 1
Cell (virus_3433756,host_519446): 0 -> 1
Cell (virus_3433756,host_2528591): 0 -> 1
Cell (virus_3433756,host_109482): 0 -> 1
Cell (virus_3433756,host_51298): 0 -> 1
Cell (virus_3433756,host_203696): 0 -> 1
Cell (virus_3433756,host_452653): 0 -> 1
Cell (virus_3433756,host_138979): 0 -> 1
Cell (virus_3433756,host_155915): 0 -> 1
Cell (virus_3433756,host_225400): 0 -> 1
Cell (virus_3433756,host_155035): 0 -> 1
Cell (virus_3433756,host_258925): 0 -> 1
Cell (virus_3433756,host_177185): 0 -> 1
Cell (virus_3433756,host_187017): 0 -> 1
Cell (virus_3433756,host_270698): 0 -> 1
Cell (virus_3433756,host_334201): 0 -> 1
Cell (virus_3433756,host_249020): 0 -> 1
Cell (virus_3433756,host_584995): 0 -> 1
Cell (virus_3433756,host_463808): 0 -> 1
Cell (virus_3433756,host_58069): 0 -> 1
Cell (virus_3433756,host_59479): 0 -> 1
Cell (virus_3433756,host_1898386): 0 -> 1
Cell (virus_3433756,host_59476): 0 -> 1
Cell (virus_3433756,host_177160): 0 -> 1
Cell (virus_3433756,host_2994998): 0 -> 1
Cell (virus_3433756,host_3042450): 0 -> 1
Cell (virus_3433756,host_59472): 0 -> 1
Cell (virus_3433756,host_9414): 0 -> 1
Cell (virus_3433756,host_1434095): 0 -> 1
Cell (virus_3433756,host_291302): 0 -> 1
Cell (virus_3433756,host_221087): 0 -> 1
Cell (virus_3433756,host_187007): 0 -> 1
Cell (virus_3433756,host_187008): 0 -> 1
Cell (virus_3433756,host_258934): 0 -> 1
Cell (virus_3433756,host_479723): 0 -> 1
Cell (virus_3433756,host_124751): 0 -> 1
Cell (virus_3433756,host_3041509): 0 -> 1
Cell (virus_3433756,host_2218597): 0 -> 1
Cell (virus_3433756,host_258867): 0 -> 1
Cell (virus_3433756,host_242384): 0 -> 1
Cell (virus_3433756,host_258863): 0 -> 1
Cell (virus_3433756,host_452595): 0 -> 1
Cell (virus_3433756,host_9438): 0 -> 1
Cell (virus_3433756,host_153297): 0 -> 1
Cell (virus_3433756,host_258952): 0 -> 1
Cell (virus_3433756,host_249033): 0 -> 1
Cell (virus_3433756,host_258930): 0 -> 1
Cell (virus_3433756,host_61862): 0 -> 1
Cell (virus_3433756,host_109485): 0 -> 1
Cell (virus_3433756,host_59474): 0 -> 1
Cell (virus_3433756,host_999321): 0 -> 1
Cell (virus_3433756,host_143942): 0 -> 1
Cell (virus_3433756,host_2491053): 0 -> 1
Cell (virus_3433756,host_258959): 0 -> 1
Cell (virus_3433756,host_526822): 0 -> 1
Elbow Metrics: {'precision': 0.5941445562671546, 'recall': 0.3927664207088424, 'f1': 0.4729099912612875, 'TP': 3247, 'FP': 2218, 'FN': 5020}
