[iter 0] λ=0.5000 → flips=2043
[iter 1] λ=0.2500 → flips=0
[iter 2] λ=0.3750 → flips=258
[iter 3] λ=0.4375 → flips=941
[iter 4] λ=0.4688 → flips=1310
[iter 5] λ=0.4844 → flips=1592
[iter 6] λ=0.4766 → flips=1404
[iter 7] λ=0.4805 → flips=1487
[iter 8] λ=0.4824 → flips=1523
[iter 9] λ=0.4814 → flips=1498
[iter 10] λ=0.4819 → flips=1523
[iter 11] λ=0.4817 → flips=1523
[iter 12] λ=0.4816 → flips=1523
[iter 13] λ=0.4815 → flips=1523
[iter 14] λ=0.4815 → flips=1498
[iter 15] λ=0.4815 → flips=1523
[iter 16] λ=0.4815 → flips=1498
[iter 17] λ=0.4815 → flips=1498
[iter 18] λ=0.4815 → flips=1498
[iter 19] λ=0.4815 → flips=1498

Best λ=0.4824 → flips=1523, correct=1185/1512
Number of flips performed: 1523
Cell (virus_11137,host_105295): 0 -> 1
Cell (virus_11137,host_187011): 0 -> 1
Cell (virus_11137,host_9435): 0 -> 1
Cell (virus_11137,host_59463): 0 -> 1
Cell (virus_11137,host_109481): 0 -> 1
Cell (virus_11137,host_109482): 0 -> 1
Cell (virus_11137,host_392004): 0 -> 1
Cell (virus_11137,host_385037): 0 -> 1
Cell (virus_11137,host_175524): 0 -> 1
Cell (virus_11137,host_186991): 0 -> 1
Cell (virus_11137,host_334201): 0 -> 1
Cell (virus_11137,host_463808): 0 -> 1
Cell (virus_11137,host_188572): 0 -> 1
Cell (virus_11137,host_337452): 0 -> 1
Cell (virus_11137,host_249024): 0 -> 1
Cell (virus_11137,host_59479): 0 -> 1
Cell (virus_11137,host_342862): 0 -> 1
Cell (virus_11137,host_124756): 0 -> 1
Cell (virus_11137,host_9407): 0 -> 1
Cell (virus_11137,host_58065): 0 -> 1
Cell (virus_11137,host_148094): 0 -> 1
Cell (virus_11137,host_409031): 0 -> 1
Cell (virus_11137,host_3371013): 0 -> 1
Cell (virus_11137,host_9414): 0 -> 1
Cell (virus_11137,host_1434095): 0 -> 1
Cell (virus_11137,host_221087): 0 -> 1
Cell (virus_11137,host_438766): 0 -> 1
Cell (virus_11137,host_479723): 0 -> 1
Cell (virus_11137,host_909369): 0 -> 1
Cell (virus_11137,host_3371014): 0 -> 1
Cell (virus_11137,host_59474): 0 -> 1
Cell (virus_1244203,host_59463): 0 -> 1
Cell (virus_1244203,host_109481): 0 -> 1
Cell (virus_1244203,host_386774): 0 -> 1
Cell (virus_1244203,host_587652): 0 -> 1
Cell (virus_1244203,host_385037): 0 -> 1
Cell (virus_1244203,host_186991): 0 -> 1
Cell (virus_1244203,host_334201): 0 -> 1
Cell (virus_1244203,host_169756): 0 -> 1
Cell (virus_1244203,host_59477): 0 -> 1
Cell (virus_1244203,host_1381355): 0 -> 1
Cell (virus_1244203,host_410852): 0 -> 1
Cell (virus_1244203,host_51012): 0 -> 1
Cell (virus_1244203,host_27638): 0 -> 1
Cell (virus_1244203,host_409031): 0 -> 1
Cell (virus_1244203,host_9414): 0 -> 1
Cell (virus_1244203,host_221087): 0 -> 1
Cell (virus_1244203,host_2218597): 0 -> 1
Cell (virus_1244203,host_2491053): 0 -> 1
Cell (virus_1244203,host_258944): 0 -> 1
Cell (virus_3433754,host_59463): 0 -> 1
Cell (virus_3433754,host_109481): 0 -> 1
Cell (virus_3433754,host_386774): 0 -> 1
Cell (virus_3433754,host_587652): 0 -> 1
Cell (virus_3433754,host_385037): 0 -> 1
Cell (virus_3433754,host_186991): 0 -> 1
Cell (virus_3433754,host_334201): 0 -> 1
Cell (virus_3433754,host_169756): 0 -> 1
Cell (virus_3433754,host_59477): 0 -> 1
Cell (virus_3433754,host_1381355): 0 -> 1
Cell (virus_3433754,host_410852): 0 -> 1
Cell (virus_3433754,host_51012): 0 -> 1
Cell (virus_3433754,host_27638): 0 -> 1
Cell (virus_3433754,host_409031): 0 -> 1
Cell (virus_3433754,host_9414): 0 -> 1
Cell (virus_3433754,host_221087): 0 -> 1
Cell (virus_3433754,host_2218597): 0 -> 1
Cell (virus_3433754,host_2491053): 0 -> 1
Cell (virus_3433754,host_258944): 0 -> 1
Cell (virus_3433753,host_105295): 0 -> 1
Cell (virus_3433753,host_187011): 0 -> 1
Cell (virus_3433753,host_9435): 0 -> 1
Cell (virus_3433753,host_59463): 0 -> 1
Cell (virus_3433753,host_109481): 0 -> 1
Cell (virus_3433753,host_386774): 0 -> 1
Cell (virus_3433753,host_334201): 0 -> 1
Cell (virus_3433753,host_169756): 0 -> 1
Cell (virus_3433753,host_608659): 0 -> 1
Cell (virus_3433753,host_3371112): 0 -> 1
Cell (virus_3433753,host_9403): 0 -> 1
Cell (virus_3433753,host_1381355): 0 -> 1
Cell (virus_3433753,host_40233): 0 -> 1
Cell (virus_3433753,host_51012): 0 -> 1
Cell (virus_3433753,host_409031): 0 -> 1
Cell (virus_3433753,host_3042450): 0 -> 1
Cell (virus_3433753,host_221087): 0 -> 1
Cell (virus_3433753,host_61862): 0 -> 1
Cell (virus_3433753,host_3371016): 0 -> 1
Cell (virus_3433753,host_2491053): 0 -> 1
Cell (virus_3119326,host_105295): 0 -> 1
Cell (virus_3119326,host_187011): 0 -> 1
Cell (virus_3119326,host_9435): 0 -> 1
Cell (virus_3119326,host_59463): 0 -> 1
Cell (virus_3119326,host_51298): 0 -> 1
Cell (virus_3119326,host_386774): 0 -> 1
Cell (virus_3119326,host_203696): 0 -> 1
Cell (virus_3119326,host_258940): 0 -> 1
Cell (virus_3119326,host_587652): 0 -> 1
Cell (virus_3119326,host_385037): 0 -> 1
Cell (virus_3119326,host_155035): 0 -> 1
Cell (virus_3119326,host_186991): 0 -> 1
Cell (virus_3119326,host_334201): 0 -> 1
Cell (virus_3119326,host_463808): 0 -> 1
Cell (virus_3119326,host_169756): 0 -> 1
Cell (virus_3119326,host_608659): 0 -> 1
Cell (virus_3119326,host_302408): 0 -> 1
Cell (virus_3119326,host_59479): 0 -> 1
Cell (virus_3119326,host_9402): 0 -> 1
Cell (virus_3119326,host_40233): 0 -> 1
Cell (virus_3119326,host_410852): 0 -> 1
Cell (virus_3119326,host_27634): 0 -> 1
Cell (virus_3119326,host_409031): 0 -> 1
Cell (virus_3119326,host_59472): 0 -> 1
Cell (virus_3119326,host_221087): 0 -> 1
Cell (virus_3119326,host_2491053): 0 -> 1
Cell (virus_3119326,host_258944): 0 -> 1
Cell (virus_3433752,host_105295): 0 -> 1
Cell (virus_3433752,host_187011): 0 -> 1
Cell (virus_3433752,host_9435): 0 -> 1
Cell (virus_3433752,host_59463): 0 -> 1
Cell (virus_3433752,host_386774): 0 -> 1
Cell (virus_3433752,host_526407): 0 -> 1
Cell (virus_3433752,host_258940): 0 -> 1
Cell (virus_3433752,host_155035): 0 -> 1
Cell (virus_3433752,host_186991): 0 -> 1
Cell (virus_3433752,host_334201): 0 -> 1
Cell (virus_3433752,host_463808): 0 -> 1
Cell (virus_3433752,host_169756): 0 -> 1
Cell (virus_3433752,host_320431): 0 -> 1
Cell (virus_3433752,host_608659): 0 -> 1
Cell (virus_3433752,host_608708): 0 -> 1
Cell (virus_3433752,host_89399): 0 -> 1
Cell (virus_3433752,host_59479): 0 -> 1
Cell (virus_3433752,host_549403): 0 -> 1
Cell (virus_3433752,host_9402): 0 -> 1
Cell (virus_3433752,host_9407): 0 -> 1
Cell (virus_3433752,host_1381355): 0 -> 1
Cell (virus_3433752,host_40233): 0 -> 1
Cell (virus_3433752,host_410852): 0 -> 1
Cell (virus_3433752,host_27634): 0 -> 1
Cell (virus_3433752,host_59472): 0 -> 1
Cell (virus_3433752,host_291302): 0 -> 1
Cell (virus_3433752,host_221087): 0 -> 1
Cell (virus_3433752,host_2491053): 0 -> 1
Cell (virus_3433752,host_258944): 0 -> 1
Cell (virus_1906673,host_105295): 0 -> 1
Cell (virus_1906673,host_59463): 0 -> 1
Cell (virus_1906673,host_109481): 0 -> 1
Cell (virus_1906673,host_109482): 0 -> 1
Cell (virus_1906673,host_258940): 0 -> 1
Cell (virus_1906673,host_188568): 0 -> 1
Cell (virus_1906673,host_186991): 0 -> 1
Cell (virus_1906673,host_334201): 0 -> 1
Cell (virus_1906673,host_337452): 0 -> 1
Cell (virus_1906673,host_608708): 0 -> 1
Cell (virus_1906673,host_59479): 0 -> 1
Cell (virus_1906673,host_329870): 0 -> 1
Cell (virus_1906673,host_574064): 0 -> 1
Cell (virus_1906673,host_2994998): 0 -> 1
Cell (virus_1906673,host_221087): 0 -> 1
Cell (virus_1906673,host_360967): 0 -> 1
Cell (virus_3433785,host_105295): 0 -> 1
Cell (virus_3433785,host_59463): 0 -> 1
Cell (virus_3433785,host_109481): 0 -> 1
Cell (virus_3433785,host_109482): 0 -> 1
Cell (virus_3433785,host_258940): 0 -> 1
Cell (virus_3433785,host_188568): 0 -> 1
Cell (virus_3433785,host_186991): 0 -> 1
Cell (virus_3433785,host_334201): 0 -> 1
Cell (virus_3433785,host_337452): 0 -> 1
Cell (virus_3433785,host_608708): 0 -> 1
Cell (virus_3433785,host_59479): 0 -> 1
Cell (virus_3433785,host_329870): 0 -> 1
Cell (virus_3433785,host_574064): 0 -> 1
Cell (virus_3433785,host_2994998): 0 -> 1
Cell (virus_3433785,host_221087): 0 -> 1
Cell (virus_3433785,host_360967): 0 -> 1
Cell (virus_2971263,host_105295): 0 -> 1
Cell (virus_2971263,host_9435): 0 -> 1
Cell (virus_2971263,host_59463): 0 -> 1
Cell (virus_2971263,host_109481): 0 -> 1
Cell (virus_2971263,host_109482): 0 -> 1
Cell (virus_2971263,host_258925): 0 -> 1
Cell (virus_2971263,host_186990): 0 -> 1
Cell (virus_2971263,host_334201): 0 -> 1
Cell (virus_2971263,host_196296): 0 -> 1
Cell (virus_2971263,host_337452): 0 -> 1
Cell (virus_2971263,host_178895): 0 -> 1
Cell (virus_2971263,host_608708): 0 -> 1
Cell (virus_2971263,host_59479): 0 -> 1
Cell (virus_2971263,host_342862): 0 -> 1
Cell (virus_2971263,host_77218): 0 -> 1
Cell (virus_2971263,host_329870): 0 -> 1
Cell (virus_2971263,host_498220): 0 -> 1
Cell (virus_2971263,host_58073): 0 -> 1
Cell (virus_2971263,host_1898386): 0 -> 1
Cell (virus_2971263,host_1381355): 0 -> 1
Cell (virus_2971263,host_94956): 0 -> 1
Cell (virus_2971263,host_2994998): 0 -> 1
Cell (virus_2971263,host_27642): 0 -> 1
Cell (virus_2971263,host_221087): 0 -> 1
Cell (virus_2971263,host_360967): 0 -> 1
Cell (virus_2971263,host_59474): 0 -> 1
Cell (virus_2971263,host_2491053): 0 -> 1
Cell (virus_3433786,host_105295): 0 -> 1
Cell (virus_3433786,host_9435): 0 -> 1
Cell (virus_3433786,host_59463): 0 -> 1
Cell (virus_3433786,host_109481): 0 -> 1
Cell (virus_3433786,host_109482): 0 -> 1
Cell (virus_3433786,host_258925): 0 -> 1
Cell (virus_3433786,host_186990): 0 -> 1
Cell (virus_3433786,host_334201): 0 -> 1
Cell (virus_3433786,host_196296): 0 -> 1
Cell (virus_3433786,host_337452): 0 -> 1
Cell (virus_3433786,host_178895): 0 -> 1
Cell (virus_3433786,host_608708): 0 -> 1
Cell (virus_3433786,host_59479): 0 -> 1
Cell (virus_3433786,host_342862): 0 -> 1
Cell (virus_3433786,host_77218): 0 -> 1
Cell (virus_3433786,host_329870): 0 -> 1
Cell (virus_3433786,host_498220): 0 -> 1
Cell (virus_3433786,host_58073): 0 -> 1
Cell (virus_3433786,host_9407): 0 -> 1
Cell (virus_3433786,host_1898386): 0 -> 1
Cell (virus_3433786,host_1381355): 0 -> 1
Cell (virus_3433786,host_94956): 0 -> 1
Cell (virus_3433786,host_2994998): 0 -> 1
Cell (virus_3433786,host_27642): 0 -> 1
Cell (virus_3433786,host_221087): 0 -> 1
Cell (virus_3433786,host_360967): 0 -> 1
Cell (virus_3433786,host_59474): 0 -> 1
Cell (virus_3433786,host_2491053): 0 -> 1
Cell (virus_2989482,host_9435): 0 -> 1
Cell (virus_2989482,host_109481): 0 -> 1
Cell (virus_2989482,host_526407): 0 -> 1
Cell (virus_2989482,host_258940): 0 -> 1
Cell (virus_2989482,host_186991): 0 -> 1
Cell (virus_2989482,host_334201): 0 -> 1
Cell (virus_2989482,host_58069): 0 -> 1
Cell (virus_2989482,host_196889): 0 -> 1
Cell (virus_2989482,host_337452): 0 -> 1
Cell (virus_2989482,host_608708): 0 -> 1
Cell (virus_2989482,host_342862): 0 -> 1
Cell (virus_2989482,host_329870): 0 -> 1
Cell (virus_2989482,host_9407): 0 -> 1
Cell (virus_2989482,host_187003): 0 -> 1
Cell (virus_2989482,host_138695): 0 -> 1
Cell (virus_2989482,host_2994998): 0 -> 1
Cell (virus_2989482,host_89673): 0 -> 1
Cell (virus_2989482,host_221087): 0 -> 1
Cell (virus_2989482,host_360967): 0 -> 1
Cell (virus_2989482,host_2491053): 0 -> 1
Cell (virus_3433784,host_105295): 0 -> 1
Cell (virus_3433784,host_59463): 0 -> 1
Cell (virus_3433784,host_109481): 0 -> 1
Cell (virus_3433784,host_109482): 0 -> 1
Cell (virus_3433784,host_155035): 0 -> 1
Cell (virus_3433784,host_186991): 0 -> 1
Cell (virus_3433784,host_334201): 0 -> 1
Cell (virus_3433784,host_178895): 0 -> 1
Cell (virus_3433784,host_608708): 0 -> 1
Cell (virus_3433784,host_302408): 0 -> 1
Cell (virus_3433784,host_342862): 0 -> 1
Cell (virus_3433784,host_329870): 0 -> 1
Cell (virus_3433784,host_77243): 0 -> 1
Cell (virus_3433784,host_9407): 0 -> 1
Cell (virus_3433784,host_94956): 0 -> 1
Cell (virus_3433784,host_27634): 0 -> 1
Cell (virus_3433784,host_2994998): 0 -> 1
Cell (virus_3433784,host_221087): 0 -> 1
Cell (virus_3433784,host_360967): 0 -> 1
Cell (virus_2691588,host_59463): 0 -> 1
Cell (virus_2691588,host_519446): 0 -> 1
Cell (virus_2691588,host_187014): 0 -> 1
Cell (virus_2691588,host_258940): 0 -> 1
Cell (virus_2691588,host_270698): 0 -> 1
Cell (virus_2691588,host_334201): 0 -> 1
Cell (virus_2691588,host_159858): 0 -> 1
Cell (virus_2691588,host_519041): 0 -> 1
Cell (virus_2691588,host_59479): 0 -> 1
Cell (virus_2691588,host_329870): 0 -> 1
Cell (virus_2691588,host_2994998): 0 -> 1
Cell (virus_2691588,host_221087): 0 -> 1
Cell (virus_2691588,host_143942): 0 -> 1
Cell (virus_2691588,host_2491053): 0 -> 1
Cell (virus_2691588,host_258944): 0 -> 1
Cell (virus_3433780,host_59463): 0 -> 1
Cell (virus_3433780,host_519446): 0 -> 1
Cell (virus_3433780,host_187014): 0 -> 1
Cell (virus_3433780,host_258940): 0 -> 1
Cell (virus_3433780,host_270698): 0 -> 1
Cell (virus_3433780,host_334201): 0 -> 1
Cell (virus_3433780,host_159858): 0 -> 1
Cell (virus_3433780,host_519041): 0 -> 1
Cell (virus_3433780,host_59479): 0 -> 1
Cell (virus_3433780,host_329870): 0 -> 1
Cell (virus_3433780,host_372077): 0 -> 1
Cell (virus_3433780,host_2994998): 0 -> 1
Cell (virus_3433780,host_221087): 0 -> 1
Cell (virus_3433780,host_3041509): 0 -> 1
Cell (virus_3433780,host_2491053): 0 -> 1
Cell (virus_3433780,host_258944): 0 -> 1
Cell (virus_694000,host_59463): 0 -> 1
Cell (virus_694000,host_519446): 0 -> 1
Cell (virus_694000,host_187014): 0 -> 1
Cell (virus_694000,host_258940): 0 -> 1
Cell (virus_694000,host_270698): 0 -> 1
Cell (virus_694000,host_334201): 0 -> 1
Cell (virus_694000,host_159858): 0 -> 1
Cell (virus_694000,host_519041): 0 -> 1
Cell (virus_694000,host_59479): 0 -> 1
Cell (virus_694000,host_329870): 0 -> 1
Cell (virus_694000,host_372077): 0 -> 1
Cell (virus_694000,host_2994998): 0 -> 1
Cell (virus_694000,host_221087): 0 -> 1
Cell (virus_694000,host_3041509): 0 -> 1
Cell (virus_694000,host_2491053): 0 -> 1
Cell (virus_694000,host_258944): 0 -> 1
Cell (virus_3119327,host_59463): 0 -> 1
Cell (virus_3119327,host_386774): 0 -> 1
Cell (virus_3119327,host_258940): 0 -> 1
Cell (virus_3119327,host_270698): 0 -> 1
Cell (virus_3119327,host_334201): 0 -> 1
Cell (virus_3119327,host_59479): 0 -> 1
Cell (virus_3119327,host_329870): 0 -> 1
Cell (virus_3119327,host_1381355): 0 -> 1
Cell (virus_3119327,host_2994998): 0 -> 1
Cell (virus_3119327,host_221087): 0 -> 1
Cell (virus_3119327,host_258889): 0 -> 1
Cell (virus_3119327,host_2491053): 0 -> 1
Cell (virus_3119327,host_258944): 0 -> 1
Cell (virus_2809631,host_187011): 0 -> 1
Cell (virus_2809631,host_59463): 0 -> 1
Cell (virus_2809631,host_51298): 0 -> 1
Cell (virus_2809631,host_386774): 0 -> 1
Cell (virus_2809631,host_258940): 0 -> 1
Cell (virus_2809631,host_2015597): 0 -> 1
Cell (virus_2809631,host_270698): 0 -> 1
Cell (virus_2809631,host_334201): 0 -> 1
Cell (virus_2809631,host_329870): 0 -> 1
Cell (virus_2809631,host_2994998): 0 -> 1
Cell (virus_2809631,host_409031): 0 -> 1
Cell (virus_2809631,host_94961): 0 -> 1
Cell (virus_2809631,host_221087): 0 -> 1
Cell (virus_2809631,host_438766): 0 -> 1
Cell (virus_2809631,host_2491053): 0 -> 1
Cell (virus_2809631,host_258944): 0 -> 1
Cell (virus_3433779,host_187011): 0 -> 1
Cell (virus_3433779,host_59463): 0 -> 1
Cell (virus_3433779,host_51298): 0 -> 1
Cell (virus_3433779,host_386774): 0 -> 1
Cell (virus_3433779,host_258940): 0 -> 1
Cell (virus_3433779,host_2015597): 0 -> 1
Cell (virus_3433779,host_270698): 0 -> 1
Cell (virus_3433779,host_334201): 0 -> 1
Cell (virus_3433779,host_329870): 0 -> 1
Cell (virus_3433779,host_2994998): 0 -> 1
Cell (virus_3433779,host_409031): 0 -> 1
Cell (virus_3433779,host_2491053): 0 -> 1
Cell (virus_694001,host_187011): 0 -> 1
Cell (virus_694001,host_59463): 0 -> 1
Cell (virus_694001,host_51298): 0 -> 1
Cell (virus_694001,host_386774): 0 -> 1
Cell (virus_694001,host_258940): 0 -> 1
Cell (virus_694001,host_2015597): 0 -> 1
Cell (virus_694001,host_270698): 0 -> 1
Cell (virus_694001,host_334201): 0 -> 1
Cell (virus_694001,host_329870): 0 -> 1
Cell (virus_694001,host_2994998): 0 -> 1
Cell (virus_694001,host_409031): 0 -> 1
Cell (virus_694001,host_2491053): 0 -> 1
Cell (virus_3027594,host_187011): 0 -> 1
Cell (virus_3027594,host_59463): 0 -> 1
Cell (virus_3027594,host_258940): 0 -> 1
Cell (virus_3027594,host_270698): 0 -> 1
Cell (virus_3027594,host_334201): 0 -> 1
Cell (virus_3027594,host_76834): 0 -> 1
Cell (virus_3027594,host_59479): 0 -> 1
Cell (virus_3027594,host_132908): 0 -> 1
Cell (virus_3027594,host_58060): 0 -> 1
Cell (virus_3027594,host_326083): 0 -> 1
Cell (virus_3027594,host_2994998): 0 -> 1
Cell (virus_3027594,host_409031): 0 -> 1
Cell (virus_3027594,host_221087): 0 -> 1
Cell (virus_3027594,host_2491053): 0 -> 1
Cell (virus_3027594,host_258944): 0 -> 1
Cell (virus_3433782,host_187011): 0 -> 1
Cell (virus_3433782,host_59463): 0 -> 1
Cell (virus_3433782,host_258940): 0 -> 1
Cell (virus_3433782,host_270698): 0 -> 1
Cell (virus_3433782,host_334201): 0 -> 1
Cell (virus_3433782,host_76834): 0 -> 1
Cell (virus_3433782,host_59479): 0 -> 1
Cell (virus_3433782,host_329870): 0 -> 1
Cell (virus_3433782,host_132908): 0 -> 1
Cell (virus_3433782,host_58060): 0 -> 1
Cell (virus_3433782,host_326083): 0 -> 1
Cell (virus_3433782,host_574064): 0 -> 1
Cell (virus_3433782,host_2994998): 0 -> 1
Cell (virus_3433782,host_409031): 0 -> 1
Cell (virus_3433782,host_2491053): 0 -> 1
Cell (virus_3433782,host_258944): 0 -> 1
Cell (virus_3027595,host_105273): 0 -> 1
Cell (virus_3027595,host_187011): 0 -> 1
Cell (virus_3027595,host_59463): 0 -> 1
Cell (virus_3027595,host_159330): 0 -> 1
Cell (virus_3027595,host_258940): 0 -> 1
Cell (virus_3027595,host_452654): 0 -> 1
Cell (virus_3027595,host_633648): 0 -> 1
Cell (virus_3027595,host_270698): 0 -> 1
Cell (virus_3027595,host_334201): 0 -> 1
Cell (virus_3027595,host_302408): 0 -> 1
Cell (virus_3027595,host_342862): 0 -> 1
Cell (virus_3027595,host_329870): 0 -> 1
Cell (virus_3027595,host_1381355): 0 -> 1
Cell (virus_3027595,host_409031): 0 -> 1
Cell (virus_3027595,host_221087): 0 -> 1
Cell (virus_3027595,host_258944): 0 -> 1
Cell (virus_2917968,host_187011): 0 -> 1
Cell (virus_2917968,host_109481): 0 -> 1
Cell (virus_2917968,host_258940): 0 -> 1
Cell (virus_2917968,host_587652): 0 -> 1
Cell (virus_2917968,host_2015597): 0 -> 1
Cell (virus_2917968,host_177185): 0 -> 1
Cell (virus_2917968,host_334201): 0 -> 1
Cell (virus_2917968,host_59479): 0 -> 1
Cell (virus_2917968,host_58073): 0 -> 1
Cell (virus_2917968,host_208969): 0 -> 1
Cell (virus_2917968,host_409031): 0 -> 1
Cell (virus_2917968,host_59472): 0 -> 1
Cell (virus_2917968,host_258909): 0 -> 1
Cell (virus_2917968,host_109485): 0 -> 1
Cell (virus_2917968,host_2491053): 0 -> 1
Cell (virus_2917968,host_258944): 0 -> 1
Cell (virus_2917968,host_59485): 0 -> 1
Cell (virus_3119328,host_187011): 0 -> 1
Cell (virus_3119328,host_258940): 0 -> 1
Cell (virus_3119328,host_587652): 0 -> 1
Cell (virus_3119328,host_2015597): 0 -> 1
Cell (virus_3119328,host_177185): 0 -> 1
Cell (virus_3119328,host_270698): 0 -> 1
Cell (virus_3119328,host_326081): 0 -> 1
Cell (virus_3119328,host_208969): 0 -> 1
Cell (virus_3119328,host_177160): 0 -> 1
Cell (virus_3119328,host_3371013): 0 -> 1
Cell (virus_3119328,host_59472): 0 -> 1
Cell (virus_3119328,host_258930): 0 -> 1
Cell (virus_3119328,host_29078): 0 -> 1
Cell (virus_3119328,host_109485): 0 -> 1
Cell (virus_3119328,host_2491053): 0 -> 1
Cell (virus_3119328,host_258944): 0 -> 1
Cell (virus_3119329,host_375553): 0 -> 1
Cell (virus_3119329,host_109481): 0 -> 1
Cell (virus_3119329,host_386774): 0 -> 1
Cell (virus_3119329,host_258940): 0 -> 1
Cell (virus_3119329,host_2015597): 0 -> 1
Cell (virus_3119329,host_177185): 0 -> 1
Cell (virus_3119329,host_270698): 0 -> 1
Cell (virus_3119329,host_334201): 0 -> 1
Cell (virus_3119329,host_59479): 0 -> 1
Cell (virus_3119329,host_40233): 0 -> 1
Cell (virus_3119329,host_2491053): 0 -> 1
Cell (virus_3119329,host_258944): 0 -> 1
Cell (virus_2991941,host_109481): 0 -> 1
Cell (virus_2991941,host_386774): 0 -> 1
Cell (virus_2991941,host_526407): 0 -> 1
Cell (virus_2991941,host_2015597): 0 -> 1
Cell (virus_2991941,host_270698): 0 -> 1
Cell (virus_2991941,host_334201): 0 -> 1
Cell (virus_2991941,host_476588): 0 -> 1
Cell (virus_2991941,host_178895): 0 -> 1
Cell (virus_2991941,host_249024): 0 -> 1
Cell (virus_2991941,host_329870): 0 -> 1
Cell (virus_2991941,host_166054): 0 -> 1
Cell (virus_2991941,host_196297): 0 -> 1
Cell (virus_2991941,host_374419): 0 -> 1
Cell (virus_2991941,host_59476): 0 -> 1
Cell (virus_2991941,host_208969): 0 -> 1
Cell (virus_2991941,host_2994998): 0 -> 1
Cell (virus_2991941,host_409031): 0 -> 1
Cell (virus_2991941,host_148089): 0 -> 1
Cell (virus_2991941,host_59472): 0 -> 1
Cell (virus_2991941,host_291302): 0 -> 1
Cell (virus_2991941,host_221087): 0 -> 1
Cell (virus_2991941,host_258953): 0 -> 1
Cell (virus_2993504,host_109481): 0 -> 1
Cell (virus_2993504,host_386774): 0 -> 1
Cell (virus_2993504,host_526407): 0 -> 1
Cell (virus_2993504,host_2015597): 0 -> 1
Cell (virus_2993504,host_187017): 0 -> 1
Cell (virus_2993504,host_270698): 0 -> 1
Cell (virus_2993504,host_334201): 0 -> 1
Cell (virus_2993504,host_476588): 0 -> 1
Cell (virus_2993504,host_178895): 0 -> 1
Cell (virus_2993504,host_249024): 0 -> 1
Cell (virus_2993504,host_196297): 0 -> 1
Cell (virus_2993504,host_59476): 0 -> 1
Cell (virus_2993504,host_208969): 0 -> 1
Cell (virus_2993504,host_40233): 0 -> 1
Cell (virus_2993504,host_2994998): 0 -> 1
Cell (virus_2993504,host_409031): 0 -> 1
Cell (virus_2993504,host_9430): 0 -> 1
Cell (virus_2993504,host_221087): 0 -> 1
Cell (virus_2993504,host_999964): 0 -> 1
Cell (virus_2993504,host_258953): 0 -> 1
Cell (virus_2993504,host_360967): 0 -> 1
Cell (virus_2993504,host_2491053): 0 -> 1
Cell (virus_2993504,host_258944): 0 -> 1
Cell (virus_1335626,host_1633875): 0 -> 1
Cell (virus_1335626,host_98922): 0 -> 1
Cell (virus_1335626,host_155035): 0 -> 1
Cell (virus_1335626,host_249020): 0 -> 1
Cell (virus_1335626,host_302402): 0 -> 1
Cell (virus_1335626,host_58060): 0 -> 1
Cell (virus_1335626,host_1434095): 0 -> 1
Cell (virus_1335626,host_124751): 0 -> 1
Cell (virus_1335626,host_258863): 0 -> 1
Cell (virus_3433633,host_1633875): 0 -> 1
Cell (virus_3433633,host_98922): 0 -> 1
Cell (virus_3433633,host_155035): 0 -> 1
Cell (virus_3433633,host_249020): 0 -> 1
Cell (virus_3433633,host_302402): 0 -> 1
Cell (virus_3433633,host_58060): 0 -> 1
Cell (virus_3433633,host_1434095): 0 -> 1
Cell (virus_3433633,host_124751): 0 -> 1
Cell (virus_3433633,host_258863): 0 -> 1
Cell (virus_1508220,host_258925): 0 -> 1
Cell (virus_1508220,host_249020): 0 -> 1
Cell (virus_1508220,host_302402): 0 -> 1
Cell (virus_1508220,host_1884717): 0 -> 1
Cell (virus_1508220,host_1434095): 0 -> 1
Cell (virus_1508220,host_258863): 0 -> 1
Cell (virus_1508220,host_258944): 0 -> 1
Cell (virus_3433775,host_385037): 0 -> 1
Cell (virus_3433775,host_258925): 0 -> 1
Cell (virus_3433775,host_249020): 0 -> 1
Cell (virus_3433775,host_302402): 0 -> 1
Cell (virus_3433775,host_1884717): 0 -> 1
Cell (virus_3433775,host_1434095): 0 -> 1
Cell (virus_3433775,host_258863): 0 -> 1
Cell (virus_3433775,host_258944): 0 -> 1
Cell (virus_694008,host_385037): 0 -> 1
Cell (virus_694008,host_258925): 0 -> 1
Cell (virus_694008,host_249020): 0 -> 1
Cell (virus_694008,host_302402): 0 -> 1
Cell (virus_694008,host_1884717): 0 -> 1
Cell (virus_694008,host_1434095): 0 -> 1
Cell (virus_694008,host_258863): 0 -> 1
Cell (virus_694008,host_258944): 0 -> 1
Cell (virus_2832974,host_386774): 0 -> 1
Cell (virus_2832974,host_258925): 0 -> 1
Cell (virus_2832974,host_249020): 0 -> 1
Cell (virus_2832974,host_302402): 0 -> 1
Cell (virus_2832974,host_326081): 0 -> 1
Cell (virus_2832974,host_59476): 0 -> 1
Cell (virus_2832974,host_2994998): 0 -> 1
Cell (virus_2832974,host_1434095): 0 -> 1
Cell (virus_2832974,host_291302): 0 -> 1
Cell (virus_2832974,host_9433): 0 -> 1
Cell (virus_2832974,host_258863): 0 -> 1
Cell (virus_2832974,host_258959): 0 -> 1
Cell (virus_1928434,host_246814): 0 -> 1
Cell (virus_1928434,host_1633875): 0 -> 1
Cell (virus_1928434,host_186991): 0 -> 1
Cell (virus_1928434,host_196296): 0 -> 1
Cell (virus_1928434,host_188571): 0 -> 1
Cell (virus_1928434,host_329870): 0 -> 1
Cell (virus_1928434,host_448084): 0 -> 1
Cell (virus_1928434,host_77243): 0 -> 1
Cell (virus_1928434,host_58065): 0 -> 1
Cell (virus_1928434,host_1884717): 0 -> 1
Cell (virus_1928434,host_242384): 0 -> 1
Cell (virus_3433757,host_246814): 0 -> 1
Cell (virus_3433757,host_1633875): 0 -> 1
Cell (virus_3433757,host_186991): 0 -> 1
Cell (virus_3433757,host_196296): 0 -> 1
Cell (virus_3433757,host_188571): 0 -> 1
Cell (virus_3433757,host_329870): 0 -> 1
Cell (virus_3433757,host_448084): 0 -> 1
Cell (virus_3433757,host_77243): 0 -> 1
Cell (virus_3433757,host_58065): 0 -> 1
Cell (virus_3433757,host_242384): 0 -> 1
Cell (virus_694003,host_246814): 0 -> 1
Cell (virus_694003,host_1633875): 0 -> 1
Cell (virus_694003,host_186991): 0 -> 1
Cell (virus_694003,host_196296): 0 -> 1
Cell (virus_694003,host_188571): 0 -> 1
Cell (virus_694003,host_329870): 0 -> 1
Cell (virus_694003,host_448084): 0 -> 1
Cell (virus_694003,host_77243): 0 -> 1
Cell (virus_694003,host_58065): 0 -> 1
Cell (virus_694003,host_242384): 0 -> 1
Cell (virus_2717680,host_294653): 0 -> 1
Cell (virus_2717680,host_9435): 0 -> 1
Cell (virus_2717680,host_225399): 0 -> 1
Cell (virus_2717680,host_386774): 0 -> 1
Cell (virus_2717680,host_225400): 0 -> 1
Cell (virus_2717680,host_188569): 0 -> 1
Cell (virus_2717680,host_584995): 0 -> 1
Cell (virus_2717680,host_188572): 0 -> 1
Cell (virus_2717680,host_76834): 0 -> 1
Cell (virus_2717680,host_49443): 0 -> 1
Cell (virus_2717680,host_124756): 0 -> 1
Cell (virus_2717680,host_9400): 0 -> 1
Cell (virus_2717680,host_118856): 0 -> 1
Cell (virus_2717680,host_27638): 0 -> 1
Cell (virus_2717680,host_1434095): 0 -> 1
Cell (virus_2717680,host_909369): 0 -> 1
Cell (virus_2717680,host_143942): 0 -> 1
Cell (virus_2833022,host_294653): 0 -> 1
Cell (virus_2833022,host_9435): 0 -> 1
Cell (virus_2833022,host_59463): 0 -> 1
Cell (virus_2833022,host_386774): 0 -> 1
Cell (virus_2833022,host_188569): 0 -> 1
Cell (virus_2833022,host_270698): 0 -> 1
Cell (virus_2833022,host_584995): 0 -> 1
Cell (virus_2833022,host_169756): 0 -> 1
Cell (virus_2833022,host_188572): 0 -> 1
Cell (virus_2833022,host_76834): 0 -> 1
Cell (virus_2833022,host_49443): 0 -> 1
Cell (virus_2833022,host_166054): 0 -> 1
Cell (virus_2833022,host_385575): 0 -> 1
Cell (virus_2833022,host_177160): 0 -> 1
Cell (virus_2833022,host_1434095): 0 -> 1
Cell (virus_2833022,host_909369): 0 -> 1
Cell (virus_2913444,host_294653): 0 -> 1
Cell (virus_2913444,host_9435): 0 -> 1
Cell (virus_2913444,host_59463): 0 -> 1
Cell (virus_2913444,host_386774): 0 -> 1
Cell (virus_2913444,host_188569): 0 -> 1
Cell (virus_2913444,host_270698): 0 -> 1
Cell (virus_2913444,host_584995): 0 -> 1
Cell (virus_2913444,host_188572): 0 -> 1
Cell (virus_2913444,host_76834): 0 -> 1
Cell (virus_2913444,host_49443): 0 -> 1
Cell (virus_2913444,host_166054): 0 -> 1
Cell (virus_2913444,host_385575): 0 -> 1
Cell (virus_2913444,host_328804): 0 -> 1
Cell (virus_2913444,host_448084): 0 -> 1
Cell (virus_2913444,host_1898386): 0 -> 1
Cell (virus_2913444,host_1434095): 0 -> 1
Cell (virus_2913444,host_909369): 0 -> 1
Cell (virus_2913444,host_258944): 0 -> 1
Cell (virus_3418614,host_294653): 0 -> 1
Cell (virus_3418614,host_109480): 0 -> 1
Cell (virus_3418614,host_386774): 0 -> 1
Cell (virus_3418614,host_225400): 0 -> 1
Cell (virus_3418614,host_188569): 0 -> 1
Cell (virus_3418614,host_270698): 0 -> 1
Cell (virus_3418614,host_584995): 0 -> 1
Cell (virus_3418614,host_124756): 0 -> 1
Cell (virus_3418614,host_58057): 0 -> 1
Cell (virus_3418614,host_1898389): 0 -> 1
Cell (virus_3418614,host_903567): 0 -> 1
Cell (virus_3418614,host_3371013): 0 -> 1
Cell (virus_3418614,host_59472): 0 -> 1
Cell (virus_3418614,host_1434095): 0 -> 1
Cell (virus_3418614,host_27622): 0 -> 1
Cell (virus_3418614,host_258863): 0 -> 1
Cell (virus_3418614,host_909369): 0 -> 1
Cell (virus_3418614,host_2969767): 0 -> 1
Cell (virus_2913379,host_187011): 0 -> 1
Cell (virus_2913379,host_257882): 0 -> 1
Cell (virus_2913379,host_1633875): 0 -> 1
Cell (virus_2913379,host_51298): 0 -> 1
Cell (virus_2913379,host_386774): 0 -> 1
Cell (virus_2913379,host_2015597): 0 -> 1
Cell (virus_2913379,host_188569): 0 -> 1
Cell (virus_2913379,host_186991): 0 -> 1
Cell (virus_2913379,host_270698): 0 -> 1
Cell (virus_2913379,host_584995): 0 -> 1
Cell (virus_2913379,host_169756): 0 -> 1
Cell (virus_2913379,host_196889): 0 -> 1
Cell (virus_2913379,host_608708): 0 -> 1
Cell (virus_2913379,host_519041): 0 -> 1
Cell (virus_2913379,host_49443): 0 -> 1
Cell (virus_2913379,host_77218): 0 -> 1
Cell (virus_2913379,host_58057): 0 -> 1
Cell (virus_2913379,host_1434095): 0 -> 1
Cell (virus_2913379,host_9433): 0 -> 1
Cell (virus_2913379,host_249033): 0 -> 1
Cell (virus_2913379,host_909369): 0 -> 1
Cell (virus_2913381,host_9435): 0 -> 1
Cell (virus_2913381,host_257882): 0 -> 1
Cell (virus_2913381,host_1633875): 0 -> 1
Cell (virus_2913381,host_51298): 0 -> 1
Cell (virus_2913381,host_2015597): 0 -> 1
Cell (virus_2913381,host_186991): 0 -> 1
Cell (virus_2913381,host_270698): 0 -> 1
Cell (virus_2913381,host_584995): 0 -> 1
Cell (virus_2913381,host_169756): 0 -> 1
Cell (virus_2913381,host_49443): 0 -> 1
Cell (virus_2913381,host_77218): 0 -> 1
Cell (virus_2913381,host_58057): 0 -> 1
Cell (virus_2913381,host_1898386): 0 -> 1
Cell (virus_2913381,host_27634): 0 -> 1
Cell (virus_2913381,host_94961): 0 -> 1
Cell (virus_2913381,host_1434095): 0 -> 1
Cell (virus_2913381,host_249033): 0 -> 1
Cell (virus_2913381,host_909369): 0 -> 1
Cell (virus_3418613,host_187011): 0 -> 1
Cell (virus_3418613,host_9435): 0 -> 1
Cell (virus_3418613,host_257882): 0 -> 1
Cell (virus_3418613,host_1633875): 0 -> 1
Cell (virus_3418613,host_51298): 0 -> 1
Cell (virus_3418613,host_386774): 0 -> 1
Cell (virus_3418613,host_2015597): 0 -> 1
Cell (virus_3418613,host_186991): 0 -> 1
Cell (virus_3418613,host_584995): 0 -> 1
Cell (virus_3418613,host_49443): 0 -> 1
Cell (virus_3418613,host_58060): 0 -> 1
Cell (virus_3418613,host_1434095): 0 -> 1
Cell (virus_3418613,host_258953): 0 -> 1
Cell (virus_3418613,host_249033): 0 -> 1
Cell (virus_3418613,host_909369): 0 -> 1
Cell (virus_2913443,host_257882): 0 -> 1
Cell (virus_2913443,host_1633875): 0 -> 1
Cell (virus_2913443,host_51298): 0 -> 1
Cell (virus_2913443,host_155915): 0 -> 1
Cell (virus_2913443,host_2015597): 0 -> 1
Cell (virus_2913443,host_188569): 0 -> 1
Cell (virus_2913443,host_186991): 0 -> 1
Cell (virus_2913443,host_270698): 0 -> 1
Cell (virus_2913443,host_188572): 0 -> 1
Cell (virus_2913443,host_188571): 0 -> 1
Cell (virus_2913443,host_59479): 0 -> 1
Cell (virus_2913443,host_166054): 0 -> 1
Cell (virus_2913443,host_9402): 0 -> 1
Cell (virus_2913443,host_77233): 0 -> 1
Cell (virus_2913443,host_1434095): 0 -> 1
Cell (virus_2913443,host_242384): 0 -> 1
Cell (virus_2913443,host_452595): 0 -> 1
Cell (virus_2913443,host_249033): 0 -> 1
Cell (virus_2913443,host_909369): 0 -> 1
Cell (virus_2913443,host_29078): 0 -> 1
Cell (virus_2972746,host_257882): 0 -> 1
Cell (virus_2972746,host_51298): 0 -> 1
Cell (virus_2972746,host_159330): 0 -> 1
Cell (virus_2972746,host_155915): 0 -> 1
Cell (virus_2972746,host_2015597): 0 -> 1
Cell (virus_2972746,host_188569): 0 -> 1
Cell (virus_2972746,host_186991): 0 -> 1
Cell (virus_2972746,host_270698): 0 -> 1
Cell (virus_2972746,host_188572): 0 -> 1
Cell (virus_2972746,host_188571): 0 -> 1
Cell (virus_2972746,host_9402): 0 -> 1
Cell (virus_2972746,host_374419): 0 -> 1
Cell (virus_2972746,host_326081): 0 -> 1
Cell (virus_2972746,host_40233): 0 -> 1
Cell (virus_2972746,host_1434095): 0 -> 1
Cell (virus_2972746,host_27622): 0 -> 1
Cell (virus_2972746,host_242384): 0 -> 1
Cell (virus_2972746,host_249033): 0 -> 1
Cell (virus_2972746,host_909369): 0 -> 1
Cell (virus_1805463,host_109478): 0 -> 1
Cell (virus_1805463,host_9435): 0 -> 1
Cell (virus_1805463,host_59463): 0 -> 1
Cell (virus_1805463,host_109481): 0 -> 1
Cell (virus_1805463,host_392318): 0 -> 1
Cell (virus_1805463,host_138977): 0 -> 1
Cell (virus_1805463,host_385037): 0 -> 1
Cell (virus_1805463,host_188569): 0 -> 1
Cell (virus_1805463,host_196296): 0 -> 1
Cell (virus_1805463,host_476588): 0 -> 1
Cell (virus_1805463,host_249024): 0 -> 1
Cell (virus_1805463,host_326081): 0 -> 1
Cell (virus_1805463,host_1434095): 0 -> 1
Cell (virus_3061635,host_109478): 0 -> 1
Cell (virus_3061635,host_9435): 0 -> 1
Cell (virus_3061635,host_59463): 0 -> 1
Cell (virus_3061635,host_109481): 0 -> 1
Cell (virus_3061635,host_392318): 0 -> 1
Cell (virus_3061635,host_138977): 0 -> 1
Cell (virus_3061635,host_159330): 0 -> 1
Cell (virus_3061635,host_385037): 0 -> 1
Cell (virus_3061635,host_188569): 0 -> 1
Cell (virus_3061635,host_196296): 0 -> 1
Cell (virus_3061635,host_476588): 0 -> 1
Cell (virus_3061635,host_249024): 0 -> 1
Cell (virus_3061635,host_326081): 0 -> 1
Cell (virus_3061635,host_1434095): 0 -> 1
Cell (virus_3068888,host_375553): 0 -> 1
Cell (virus_3068888,host_109478): 0 -> 1
Cell (virus_3068888,host_9435): 0 -> 1
Cell (virus_3068888,host_257882): 0 -> 1
Cell (virus_3068888,host_59463): 0 -> 1
Cell (virus_3068888,host_109481): 0 -> 1
Cell (virus_3068888,host_392318): 0 -> 1
Cell (virus_3068888,host_138977): 0 -> 1
Cell (virus_3068888,host_385037): 0 -> 1
Cell (virus_3068888,host_188569): 0 -> 1
Cell (virus_3068888,host_196296): 0 -> 1
Cell (virus_3068888,host_608659): 0 -> 1
Cell (virus_3068888,host_249024): 0 -> 1
Cell (virus_3068888,host_326081): 0 -> 1
Cell (virus_3068888,host_1434095): 0 -> 1
Cell (virus_2833184,host_109478): 0 -> 1
Cell (virus_2833184,host_9435): 0 -> 1
Cell (virus_2833184,host_392318): 0 -> 1
Cell (virus_2833184,host_452653): 0 -> 1
Cell (virus_2833184,host_385037): 0 -> 1
Cell (virus_2833184,host_188569): 0 -> 1
Cell (virus_2833184,host_196296): 0 -> 1
Cell (virus_2833184,host_498220): 0 -> 1
Cell (virus_2833184,host_326081): 0 -> 1
Cell (virus_2833184,host_177162): 0 -> 1
Cell (virus_864596,host_109478): 0 -> 1
Cell (virus_864596,host_9435): 0 -> 1
Cell (virus_864596,host_257882): 0 -> 1
Cell (virus_864596,host_109481): 0 -> 1
Cell (virus_864596,host_392318): 0 -> 1
Cell (virus_864596,host_188569): 0 -> 1
Cell (virus_864596,host_196296): 0 -> 1
Cell (virus_864596,host_58067): 0 -> 1
Cell (virus_864596,host_58071): 0 -> 1
Cell (virus_864596,host_326081): 0 -> 1
Cell (virus_864596,host_409031): 0 -> 1
Cell (virus_864596,host_3370289): 0 -> 1
Cell (virus_3068538,host_109478): 0 -> 1
Cell (virus_3068538,host_9435): 0 -> 1
Cell (virus_3068538,host_257882): 0 -> 1
Cell (virus_3068538,host_109480): 0 -> 1
Cell (virus_3068538,host_1633875): 0 -> 1
Cell (virus_3068538,host_109481): 0 -> 1
Cell (virus_3068538,host_138977): 0 -> 1
Cell (virus_3068538,host_385037): 0 -> 1
Cell (virus_3068538,host_188569): 0 -> 1
Cell (virus_3068538,host_157961): 0 -> 1
Cell (virus_3068538,host_196296): 0 -> 1
Cell (virus_3068538,host_326081): 0 -> 1
Cell (virus_3068538,host_1434095): 0 -> 1
Cell (virus_3068538,host_242384): 0 -> 1
Cell (virus_694009,host_109478): 0 -> 1
Cell (virus_694009,host_9435): 0 -> 1
Cell (virus_694009,host_257882): 0 -> 1
Cell (virus_694009,host_109480): 0 -> 1
Cell (virus_694009,host_1633875): 0 -> 1
Cell (virus_694009,host_109481): 0 -> 1
Cell (virus_694009,host_138977): 0 -> 1
Cell (virus_694009,host_385037): 0 -> 1
Cell (virus_694009,host_188569): 0 -> 1
Cell (virus_694009,host_157961): 0 -> 1
Cell (virus_694009,host_196296): 0 -> 1
Cell (virus_694009,host_326081): 0 -> 1
Cell (virus_694009,host_242384): 0 -> 1
Cell (virus_3418604,host_109478): 0 -> 1
Cell (virus_3418604,host_9435): 0 -> 1
Cell (virus_3418604,host_257882): 0 -> 1
Cell (virus_3418604,host_1633875): 0 -> 1
Cell (virus_3418604,host_109481): 0 -> 1
Cell (virus_3418604,host_138977): 0 -> 1
Cell (virus_3418604,host_385037): 0 -> 1
Cell (virus_3418604,host_188569): 0 -> 1
Cell (virus_3418604,host_196296): 0 -> 1
Cell (virus_3418604,host_326081): 0 -> 1
Cell (virus_3418604,host_242384): 0 -> 1
Cell (virus_2913380,host_1633875): 0 -> 1
Cell (virus_2913380,host_519446): 0 -> 1
Cell (virus_2913380,host_109481): 0 -> 1
Cell (virus_2913380,host_258925): 0 -> 1
Cell (virus_2913380,host_249020): 0 -> 1
Cell (virus_2913380,host_159858): 0 -> 1
Cell (virus_2913380,host_196296): 0 -> 1
Cell (virus_2913380,host_9400): 0 -> 1
Cell (virus_2913380,host_177162): 0 -> 1
Cell (virus_2913380,host_409031): 0 -> 1
Cell (virus_2913380,host_59472): 0 -> 1
Cell (virus_2913380,host_1434095): 0 -> 1
Cell (virus_989337,host_258946): 0 -> 1
Cell (virus_989337,host_160974): 0 -> 1
Cell (virus_989337,host_1633875): 0 -> 1
Cell (virus_989337,host_109481): 0 -> 1
Cell (virus_989337,host_2528591): 0 -> 1
Cell (virus_989337,host_452653): 0 -> 1
Cell (virus_989337,host_587652): 0 -> 1
Cell (virus_989337,host_258925): 0 -> 1
Cell (virus_989337,host_249020): 0 -> 1
Cell (virus_989337,host_196296): 0 -> 1
Cell (virus_989337,host_9402): 0 -> 1
Cell (virus_989337,host_77223): 0 -> 1
Cell (virus_989337,host_77214): 0 -> 1
Cell (virus_989337,host_177162): 0 -> 1
Cell (virus_989337,host_59472): 0 -> 1
Cell (virus_989337,host_1434095): 0 -> 1
Cell (virus_989337,host_153297): 0 -> 1
Cell (virus_3433764,host_246814): 0 -> 1
Cell (virus_3433764,host_59473): 0 -> 1
Cell (virus_3433764,host_9435): 0 -> 1
Cell (virus_3433764,host_257882): 0 -> 1
Cell (virus_3433764,host_1633875): 0 -> 1
Cell (virus_3433764,host_109481): 0 -> 1
Cell (virus_3433764,host_452654): 0 -> 1
Cell (virus_3433764,host_188569): 0 -> 1
Cell (virus_3433764,host_270698): 0 -> 1
Cell (virus_3433764,host_249020): 0 -> 1
Cell (virus_3433764,host_169756): 0 -> 1
Cell (virus_3433764,host_196296): 0 -> 1
Cell (virus_3433764,host_59479): 0 -> 1
Cell (virus_3433764,host_328804): 0 -> 1
Cell (virus_3433764,host_77223): 0 -> 1
Cell (virus_3433764,host_374419): 0 -> 1
Cell (virus_3433764,host_177160): 0 -> 1
Cell (virus_3433764,host_148061): 0 -> 1
Cell (virus_3433764,host_148089): 0 -> 1
Cell (virus_3433764,host_94961): 0 -> 1
Cell (virus_3433764,host_59472): 0 -> 1
Cell (virus_3433764,host_1434095): 0 -> 1
Cell (virus_3433764,host_221087): 0 -> 1
Cell (virus_3433764,host_2218597): 0 -> 1
Cell (virus_3433764,host_258909): 0 -> 1
Cell (virus_3433764,host_360967): 0 -> 1
Cell (virus_3433764,host_143942): 0 -> 1
Cell (virus_3433764,host_2491053): 0 -> 1
Cell (virus_3433764,host_110938): 0 -> 1
Cell (virus_2115988,host_2528591): 0 -> 1
Cell (virus_2115988,host_109482): 0 -> 1
Cell (virus_2115988,host_169756): 0 -> 1
Cell (virus_2115988,host_329870): 0 -> 1
Cell (virus_2115988,host_221086): 0 -> 1
Cell (virus_2115988,host_360967): 0 -> 1
Cell (virus_2833151,host_2528591): 0 -> 1
Cell (virus_2833151,host_169756): 0 -> 1
Cell (virus_2833151,host_76837): 0 -> 1
Cell (virus_2833151,host_302408): 0 -> 1
Cell (virus_2833151,host_258863): 0 -> 1
Cell (virus_3433795,host_109482): 0 -> 1
Cell (virus_3433795,host_138979): 0 -> 1
Cell (virus_3433795,host_76837): 0 -> 1
Cell (virus_3433795,host_76834): 0 -> 1
Cell (virus_3433795,host_89399): 0 -> 1
Cell (virus_3433795,host_302408): 0 -> 1
Cell (virus_3433795,host_58057): 0 -> 1
Cell (virus_3433795,host_907075): 0 -> 1
Cell (virus_3433795,host_27642): 0 -> 1
Cell (virus_3433795,host_221086): 0 -> 1
Cell (virus_3433795,host_258863): 0 -> 1
Cell (virus_693998,host_109482): 0 -> 1
Cell (virus_693998,host_138979): 0 -> 1
Cell (virus_693998,host_76837): 0 -> 1
Cell (virus_693998,host_76834): 0 -> 1
Cell (virus_693998,host_89399): 0 -> 1
Cell (virus_693998,host_302408): 0 -> 1
Cell (virus_693998,host_58057): 0 -> 1
Cell (virus_693998,host_907075): 0 -> 1
Cell (virus_693998,host_27642): 0 -> 1
Cell (virus_693998,host_221086): 0 -> 1
Cell (virus_693998,host_258863): 0 -> 1
Cell (virus_2913382,host_3380546): 0 -> 1
Cell (virus_2913382,host_526407): 0 -> 1
Cell (virus_2913382,host_169756): 0 -> 1
Cell (virus_2913382,host_302408): 0 -> 1
Cell (virus_2913382,host_907075): 0 -> 1
Cell (virus_2913382,host_221086): 0 -> 1
Cell (virus_2913382,host_258863): 0 -> 1
Cell (virus_3433766,host_3380546): 0 -> 1
Cell (virus_3433766,host_9435): 0 -> 1
Cell (virus_3433766,host_1633875): 0 -> 1
Cell (virus_3433766,host_392004): 0 -> 1
Cell (virus_3433766,host_203696): 0 -> 1
Cell (virus_3433766,host_188569): 0 -> 1
Cell (virus_3433766,host_186991): 0 -> 1
Cell (virus_3433766,host_334201): 0 -> 1
Cell (virus_3433766,host_188572): 0 -> 1
Cell (virus_3433766,host_608708): 0 -> 1
Cell (virus_3433766,host_476589): 0 -> 1
Cell (virus_3433766,host_59479): 0 -> 1
Cell (virus_3433766,host_329870): 0 -> 1
Cell (virus_3433766,host_132908): 0 -> 1
Cell (virus_3433766,host_77231): 0 -> 1
Cell (virus_3433766,host_372077): 0 -> 1
Cell (virus_3433766,host_77243): 0 -> 1
Cell (virus_3433766,host_192403): 0 -> 1
Cell (virus_3433766,host_148061): 0 -> 1
Cell (virus_3433766,host_94961): 0 -> 1
Cell (virus_3433766,host_9414): 0 -> 1
Cell (virus_3433766,host_187007): 0 -> 1
Cell (virus_3433766,host_59474): 0 -> 1
Cell (virus_694014,host_3380546): 0 -> 1
Cell (virus_694014,host_9435): 0 -> 1
Cell (virus_694014,host_1633875): 0 -> 1
Cell (virus_694014,host_392004): 0 -> 1
Cell (virus_694014,host_203696): 0 -> 1
Cell (virus_694014,host_188569): 0 -> 1
Cell (virus_694014,host_186991): 0 -> 1
Cell (virus_694014,host_334201): 0 -> 1
Cell (virus_694014,host_188572): 0 -> 1
Cell (virus_694014,host_608708): 0 -> 1
Cell (virus_694014,host_476589): 0 -> 1
Cell (virus_694014,host_59479): 0 -> 1
Cell (virus_694014,host_329870): 0 -> 1
Cell (virus_694014,host_132908): 0 -> 1
Cell (virus_694014,host_77231): 0 -> 1
Cell (virus_694014,host_372077): 0 -> 1
Cell (virus_694014,host_77243): 0 -> 1
Cell (virus_694014,host_192403): 0 -> 1
Cell (virus_694014,host_148061): 0 -> 1
Cell (virus_694014,host_94961): 0 -> 1
Cell (virus_694014,host_9414): 0 -> 1
Cell (virus_694014,host_187007): 0 -> 1
Cell (virus_694014,host_59474): 0 -> 1
Cell (virus_2917966,host_519446): 0 -> 1
Cell (virus_2917966,host_51298): 0 -> 1
Cell (virus_2917966,host_187014): 0 -> 1
Cell (virus_2917966,host_59453): 0 -> 1
Cell (virus_2917966,host_186991): 0 -> 1
Cell (virus_2917966,host_608708): 0 -> 1
Cell (virus_2917966,host_77231): 0 -> 1
Cell (virus_2917966,host_40233): 0 -> 1
Cell (virus_2917966,host_40224): 0 -> 1
Cell (virus_2917966,host_9414): 0 -> 1
Cell (virus_2917966,host_187007): 0 -> 1
Cell (virus_2917966,host_153297): 0 -> 1
Cell (virus_2917966,host_110938): 0 -> 1
Cell (virus_3158245,host_59473): 0 -> 1
Cell (virus_3158245,host_9435): 0 -> 1
Cell (virus_3158245,host_386774): 0 -> 1
Cell (virus_3158245,host_392004): 0 -> 1
Cell (virus_3158245,host_258925): 0 -> 1
Cell (virus_3158245,host_463808): 0 -> 1
Cell (virus_3158245,host_608708): 0 -> 1
Cell (virus_3158245,host_249024): 0 -> 1
Cell (virus_3158245,host_124756): 0 -> 1
Cell (virus_3158245,host_77243): 0 -> 1
Cell (virus_3158245,host_77233): 0 -> 1
Cell (virus_3158245,host_326151): 0 -> 1
Cell (virus_3158245,host_326083): 0 -> 1
Cell (virus_3158245,host_59476): 0 -> 1
Cell (virus_3158245,host_40230): 0 -> 1
Cell (virus_3158245,host_153297): 0 -> 1
Cell (virus_3158245,host_61862): 0 -> 1
Cell (virus_3158245,host_258889): 0 -> 1
Cell (virus_3158245,host_258944): 0 -> 1
Cell (virus_693999,host_59473): 0 -> 1
Cell (virus_693999,host_9435): 0 -> 1
Cell (virus_693999,host_386774): 0 -> 1
Cell (virus_693999,host_392004): 0 -> 1
Cell (virus_693999,host_258925): 0 -> 1
Cell (virus_693999,host_463808): 0 -> 1
Cell (virus_693999,host_608708): 0 -> 1
Cell (virus_693999,host_249024): 0 -> 1
Cell (virus_693999,host_124756): 0 -> 1
Cell (virus_693999,host_77243): 0 -> 1
Cell (virus_693999,host_77233): 0 -> 1
Cell (virus_693999,host_326151): 0 -> 1
Cell (virus_693999,host_326083): 0 -> 1
Cell (virus_693999,host_59476): 0 -> 1
Cell (virus_693999,host_40230): 0 -> 1
Cell (virus_693999,host_153297): 0 -> 1
Cell (virus_693999,host_61862): 0 -> 1
Cell (virus_693999,host_258889): 0 -> 1
Cell (virus_693999,host_258944): 0 -> 1
Cell (virus_3418615,host_109478): 0 -> 1
Cell (virus_3418615,host_9435): 0 -> 1
Cell (virus_3418615,host_257882): 0 -> 1
Cell (virus_3418615,host_160974): 0 -> 1
Cell (virus_3418615,host_386774): 0 -> 1
Cell (virus_3418615,host_392004): 0 -> 1
Cell (virus_3418615,host_258925): 0 -> 1
Cell (virus_3418615,host_157961): 0 -> 1
Cell (virus_3418615,host_463808): 0 -> 1
Cell (virus_3418615,host_249024): 0 -> 1
Cell (virus_3418615,host_2603866): 0 -> 1
Cell (virus_3418615,host_124756): 0 -> 1
Cell (virus_3418615,host_410852): 0 -> 1
Cell (virus_3418615,host_9430): 0 -> 1
Cell (virus_3418615,host_9433): 0 -> 1
Cell (virus_3418615,host_438766): 0 -> 1
Cell (virus_3418615,host_61862): 0 -> 1
Cell (virus_3418615,host_909369): 0 -> 1
Cell (virus_3418615,host_2969767): 0 -> 1
Cell (virus_3418615,host_258944): 0 -> 1
Cell (virus_694006,host_109478): 0 -> 1
Cell (virus_694006,host_9435): 0 -> 1
Cell (virus_694006,host_257882): 0 -> 1
Cell (virus_694006,host_160974): 0 -> 1
Cell (virus_694006,host_386774): 0 -> 1
Cell (virus_694006,host_392004): 0 -> 1
Cell (virus_694006,host_258925): 0 -> 1
Cell (virus_694006,host_157961): 0 -> 1
Cell (virus_694006,host_463808): 0 -> 1
Cell (virus_694006,host_249024): 0 -> 1
Cell (virus_694006,host_2603866): 0 -> 1
Cell (virus_694006,host_124756): 0 -> 1
Cell (virus_694006,host_410852): 0 -> 1
Cell (virus_694006,host_9430): 0 -> 1
Cell (virus_694006,host_9433): 0 -> 1
Cell (virus_694006,host_438766): 0 -> 1
Cell (virus_694006,host_61862): 0 -> 1
Cell (virus_694006,host_909369): 0 -> 1
Cell (virus_694006,host_2969767): 0 -> 1
Cell (virus_694006,host_258944): 0 -> 1
Cell (virus_3433776,host_105295): 0 -> 1
Cell (virus_3433776,host_51300): 0 -> 1
Cell (virus_3433776,host_59473): 0 -> 1
Cell (virus_3433776,host_109478): 0 -> 1
Cell (virus_3433776,host_9435): 0 -> 1
Cell (virus_3433776,host_160974): 0 -> 1
Cell (virus_3433776,host_386774): 0 -> 1
Cell (virus_3433776,host_392004): 0 -> 1
Cell (virus_3433776,host_225400): 0 -> 1
Cell (virus_3433776,host_258925): 0 -> 1
Cell (virus_3433776,host_1207989): 0 -> 1
Cell (virus_3433776,host_175524): 0 -> 1
Cell (virus_3433776,host_320431): 0 -> 1
Cell (virus_3433776,host_9430): 0 -> 1
Cell (virus_3433776,host_61862): 0 -> 1
Cell (virus_3433776,host_258889): 0 -> 1
Cell (virus_694007,host_105295): 0 -> 1
Cell (virus_694007,host_51300): 0 -> 1
Cell (virus_694007,host_59473): 0 -> 1
Cell (virus_694007,host_109478): 0 -> 1
Cell (virus_694007,host_9435): 0 -> 1
Cell (virus_694007,host_160974): 0 -> 1
Cell (virus_694007,host_386774): 0 -> 1
Cell (virus_694007,host_392004): 0 -> 1
Cell (virus_694007,host_225400): 0 -> 1
Cell (virus_694007,host_258925): 0 -> 1
Cell (virus_694007,host_1207989): 0 -> 1
Cell (virus_694007,host_175524): 0 -> 1
Cell (virus_694007,host_320431): 0 -> 1
Cell (virus_694007,host_9430): 0 -> 1
Cell (virus_694007,host_61862): 0 -> 1
Cell (virus_694007,host_258889): 0 -> 1
Cell (virus_1881051,host_109480): 0 -> 1
Cell (virus_1881051,host_2528591): 0 -> 1
Cell (virus_1881051,host_59461): 0 -> 1
Cell (virus_1881051,host_258925): 0 -> 1
Cell (virus_1881051,host_177185): 0 -> 1
Cell (virus_1881051,host_334201): 0 -> 1
Cell (virus_1881051,host_188572): 0 -> 1
Cell (virus_1881051,host_430491): 0 -> 1
Cell (virus_1881051,host_337453): 0 -> 1
Cell (virus_1881051,host_9402): 0 -> 1
Cell (virus_1881051,host_58073): 0 -> 1
Cell (virus_1881051,host_1884717): 0 -> 1
Cell (virus_1881051,host_59476): 0 -> 1
Cell (virus_1881051,host_40233): 0 -> 1
Cell (virus_1881051,host_27634): 0 -> 1
Cell (virus_1881051,host_2969767): 0 -> 1
Cell (virus_1881051,host_3371014): 0 -> 1
Cell (virus_1881051,host_2491053): 0 -> 1
Cell (virus_1881051,host_110938): 0 -> 1
Cell (virus_1881051,host_59485): 0 -> 1
Cell (virus_2913387,host_109480): 0 -> 1
Cell (virus_2913387,host_2528591): 0 -> 1
Cell (virus_2913387,host_59461): 0 -> 1
Cell (virus_2913387,host_177185): 0 -> 1
Cell (virus_2913387,host_334201): 0 -> 1
Cell (virus_2913387,host_188572): 0 -> 1
Cell (virus_2913387,host_430491): 0 -> 1
Cell (virus_2913387,host_337453): 0 -> 1
Cell (virus_2913387,host_58073): 0 -> 1
Cell (virus_2913387,host_1884717): 0 -> 1
Cell (virus_2913387,host_40233): 0 -> 1
Cell (virus_2913387,host_27634): 0 -> 1
Cell (virus_2913387,host_2969767): 0 -> 1
Cell (virus_2913387,host_3371014): 0 -> 1
Cell (virus_2913387,host_2491053): 0 -> 1
Cell (virus_2913387,host_110938): 0 -> 1
Cell (virus_2913387,host_59485): 0 -> 1
Cell (virus_2691592,host_59463): 0 -> 1
Cell (virus_2691592,host_109480): 0 -> 1
Cell (virus_2691592,host_2528591): 0 -> 1
Cell (virus_2691592,host_59461): 0 -> 1
Cell (virus_2691592,host_203696): 0 -> 1
Cell (virus_2691592,host_334201): 0 -> 1
Cell (virus_2691592,host_188572): 0 -> 1
Cell (virus_2691592,host_337453): 0 -> 1
Cell (virus_2691592,host_1381355): 0 -> 1
Cell (virus_2691592,host_221087): 0 -> 1
Cell (virus_2691592,host_187008): 0 -> 1
Cell (virus_2691592,host_479723): 0 -> 1
Cell (virus_2691592,host_2218597): 0 -> 1
Cell (virus_2691592,host_9438): 0 -> 1
Cell (virus_2691592,host_3371014): 0 -> 1
Cell (virus_2691592,host_2491053): 0 -> 1
Cell (virus_28295,host_59463): 0 -> 1
Cell (virus_28295,host_109480): 0 -> 1
Cell (virus_28295,host_392004): 0 -> 1
Cell (virus_28295,host_203696): 0 -> 1
Cell (virus_28295,host_177185): 0 -> 1
Cell (virus_28295,host_334201): 0 -> 1
Cell (virus_28295,host_188572): 0 -> 1
Cell (virus_28295,host_337453): 0 -> 1
Cell (virus_28295,host_132908): 0 -> 1
Cell (virus_28295,host_372077): 0 -> 1
Cell (virus_28295,host_58073): 0 -> 1
Cell (virus_28295,host_410852): 0 -> 1
Cell (virus_28295,host_409031): 0 -> 1
Cell (virus_28295,host_221087): 0 -> 1
Cell (virus_28295,host_2218597): 0 -> 1
Cell (virus_28295,host_2491053): 0 -> 1
Cell (virus_3433789,host_59463): 0 -> 1
Cell (virus_3433789,host_109480): 0 -> 1
Cell (virus_3433789,host_392004): 0 -> 1
Cell (virus_3433789,host_203696): 0 -> 1
Cell (virus_3433789,host_177185): 0 -> 1
Cell (virus_3433789,host_334201): 0 -> 1
Cell (virus_3433789,host_188572): 0 -> 1
Cell (virus_3433789,host_337453): 0 -> 1
Cell (virus_3433789,host_132908): 0 -> 1
Cell (virus_3433789,host_372077): 0 -> 1
Cell (virus_3433789,host_58073): 0 -> 1
Cell (virus_3433789,host_410852): 0 -> 1
Cell (virus_3433789,host_409031): 0 -> 1
Cell (virus_3433789,host_221087): 0 -> 1
Cell (virus_3433789,host_2218597): 0 -> 1
Cell (virus_3433789,host_2491053): 0 -> 1
Cell (virus_2913385,host_59463): 0 -> 1
Cell (virus_2913385,host_109480): 0 -> 1
Cell (virus_2913385,host_392004): 0 -> 1
Cell (virus_2913385,host_203696): 0 -> 1
Cell (virus_2913385,host_177185): 0 -> 1
Cell (virus_2913385,host_334201): 0 -> 1
Cell (virus_2913385,host_188572): 0 -> 1
Cell (virus_2913385,host_178895): 0 -> 1
Cell (virus_2913385,host_337453): 0 -> 1
Cell (virus_2913385,host_132908): 0 -> 1
Cell (virus_2913385,host_58073): 0 -> 1
Cell (virus_2913385,host_410852): 0 -> 1
Cell (virus_2913385,host_409031): 0 -> 1
Cell (virus_2913385,host_221087): 0 -> 1
Cell (virus_2913385,host_2218597): 0 -> 1
Cell (virus_2913385,host_2491053): 0 -> 1
Cell (virus_3077579,host_109480): 0 -> 1
Cell (virus_3077579,host_392004): 0 -> 1
Cell (virus_3077579,host_203696): 0 -> 1
Cell (virus_3077579,host_258925): 0 -> 1
Cell (virus_3077579,host_334201): 0 -> 1
Cell (virus_3077579,host_188572): 0 -> 1
Cell (virus_3077579,host_409031): 0 -> 1
Cell (virus_3077579,host_221087): 0 -> 1
Cell (virus_3077579,host_272799): 0 -> 1
Cell (virus_3077579,host_2491053): 0 -> 1
Cell (virus_3077580,host_109480): 0 -> 1
Cell (virus_3077580,host_392004): 0 -> 1
Cell (virus_3077580,host_203696): 0 -> 1
Cell (virus_3077580,host_258925): 0 -> 1
Cell (virus_3077580,host_334201): 0 -> 1
Cell (virus_3077580,host_188572): 0 -> 1
Cell (virus_3077580,host_409031): 0 -> 1
Cell (virus_3077580,host_221087): 0 -> 1
Cell (virus_3077580,host_272799): 0 -> 1
Cell (virus_3077580,host_2491053): 0 -> 1
Cell (virus_2419667,host_392004): 0 -> 1
Cell (virus_2419667,host_203696): 0 -> 1
Cell (virus_2419667,host_334201): 0 -> 1
Cell (virus_2419667,host_188572): 0 -> 1
Cell (virus_2419667,host_59477): 0 -> 1
Cell (virus_2419667,host_337453): 0 -> 1
Cell (virus_2419667,host_132908): 0 -> 1
Cell (virus_2419667,host_2853157): 0 -> 1
Cell (virus_2419667,host_1381355): 0 -> 1
Cell (virus_2419667,host_94956): 0 -> 1
Cell (virus_2419667,host_574064): 0 -> 1
Cell (virus_2419667,host_409031): 0 -> 1
Cell (virus_2419667,host_2969767): 0 -> 1
Cell (virus_2419667,host_3371014): 0 -> 1
Cell (virus_2419667,host_2491053): 0 -> 1
Cell (virus_2419667,host_258944): 0 -> 1
Cell (virus_3433787,host_392004): 0 -> 1
Cell (virus_3433787,host_203696): 0 -> 1
Cell (virus_3433787,host_334201): 0 -> 1
Cell (virus_3433787,host_188572): 0 -> 1
Cell (virus_3433787,host_59477): 0 -> 1
Cell (virus_3433787,host_337453): 0 -> 1
Cell (virus_3433787,host_132908): 0 -> 1
Cell (virus_3433787,host_2853157): 0 -> 1
Cell (virus_3433787,host_1381355): 0 -> 1
Cell (virus_3433787,host_94956): 0 -> 1
Cell (virus_3433787,host_574064): 0 -> 1
Cell (virus_3433787,host_409031): 0 -> 1
Cell (virus_3433787,host_2969767): 0 -> 1
Cell (virus_3433787,host_3371014): 0 -> 1
Cell (virus_3433787,host_2491053): 0 -> 1
Cell (virus_3433787,host_258944): 0 -> 1
Cell (virus_3027593,host_59463): 0 -> 1
Cell (virus_3027593,host_392318): 0 -> 1
Cell (virus_3027593,host_203696): 0 -> 1
Cell (virus_3027593,host_177185): 0 -> 1
Cell (virus_3027593,host_334201): 0 -> 1
Cell (virus_3027593,host_59477): 0 -> 1
Cell (virus_3027593,host_337453): 0 -> 1
Cell (virus_3027593,host_132908): 0 -> 1
Cell (virus_3027593,host_1381355): 0 -> 1
Cell (virus_3027593,host_94956): 0 -> 1
Cell (virus_3027593,host_27634): 0 -> 1
Cell (virus_3027593,host_196700): 0 -> 1
Cell (virus_3027593,host_409031): 0 -> 1
Cell (virus_3027593,host_3042450): 0 -> 1
Cell (virus_3027593,host_291302): 0 -> 1
Cell (virus_3027593,host_221087): 0 -> 1
Cell (virus_3027593,host_2969767): 0 -> 1
Cell (virus_3027593,host_3371014): 0 -> 1
Cell (virus_3027593,host_258944): 0 -> 1
Cell (virus_2991261,host_105273): 0 -> 1
Cell (virus_2991261,host_526407): 0 -> 1
Cell (virus_2991261,host_155035): 0 -> 1
Cell (virus_2991261,host_177185): 0 -> 1
Cell (virus_2991261,host_157961): 0 -> 1
Cell (virus_2991261,host_188572): 0 -> 1
Cell (virus_2991261,host_59477): 0 -> 1
Cell (virus_2991261,host_328804): 0 -> 1
Cell (virus_2991261,host_903567): 0 -> 1
Cell (virus_2991261,host_77243): 0 -> 1
Cell (virus_2991261,host_94956): 0 -> 1
Cell (virus_2991261,host_27642): 0 -> 1
Cell (virus_2991261,host_258867): 0 -> 1
Cell (virus_2991261,host_2969767): 0 -> 1
Cell (virus_2991261,host_3371014): 0 -> 1
Cell (virus_2991261,host_2491053): 0 -> 1
Cell (virus_2991261,host_258944): 0 -> 1
Cell (virus_983923,host_526407): 0 -> 1
Cell (virus_983923,host_155035): 0 -> 1
Cell (virus_983923,host_177185): 0 -> 1
Cell (virus_983923,host_157961): 0 -> 1
Cell (virus_983923,host_188572): 0 -> 1
Cell (virus_983923,host_59477): 0 -> 1
Cell (virus_983923,host_328804): 0 -> 1
Cell (virus_983923,host_903567): 0 -> 1
Cell (virus_983923,host_77243): 0 -> 1
Cell (virus_983923,host_94956): 0 -> 1
Cell (virus_983923,host_27642): 0 -> 1
Cell (virus_983923,host_258867): 0 -> 1
Cell (virus_983923,host_2969767): 0 -> 1
Cell (virus_983923,host_3371014): 0 -> 1
Cell (virus_983923,host_2491053): 0 -> 1
Cell (virus_983923,host_258944): 0 -> 1
Cell (virus_3433749,host_59463): 0 -> 1
Cell (virus_3433749,host_109481): 0 -> 1
Cell (virus_3433749,host_98922): 0 -> 1
Cell (virus_3433749,host_177185): 0 -> 1
Cell (virus_3433749,host_334201): 0 -> 1
Cell (virus_3433749,host_188572): 0 -> 1
Cell (virus_3433749,host_59477): 0 -> 1
Cell (virus_3433749,host_2603866): 0 -> 1
Cell (virus_3433749,host_59479): 0 -> 1
Cell (virus_3433749,host_94956): 0 -> 1
Cell (virus_3433749,host_148094): 0 -> 1
Cell (virus_3433749,host_291302): 0 -> 1
Cell (virus_3433749,host_221087): 0 -> 1
Cell (virus_3433749,host_258953): 0 -> 1
Cell (virus_3433749,host_909369): 0 -> 1
Cell (virus_3433749,host_2969767): 0 -> 1
Cell (virus_3433749,host_2491053): 0 -> 1
Cell (virus_3433749,host_258944): 0 -> 1
Cell (virus_1986198,host_9435): 0 -> 1
Cell (virus_1986198,host_59463): 0 -> 1
Cell (virus_1986198,host_386774): 0 -> 1
Cell (virus_1986198,host_392004): 0 -> 1
Cell (virus_1986198,host_187014): 0 -> 1
Cell (virus_1986198,host_1911917): 0 -> 1
Cell (virus_1986198,host_385037): 0 -> 1
Cell (virus_1986198,host_59453): 0 -> 1
Cell (virus_1986198,host_186991): 0 -> 1
Cell (virus_1986198,host_463808): 0 -> 1
Cell (virus_1986198,host_177162): 0 -> 1
Cell (virus_1986198,host_27642): 0 -> 1
Cell (virus_1986198,host_409031): 0 -> 1
Cell (virus_1986198,host_258944): 0 -> 1
Cell (virus_3433814,host_187011): 0 -> 1
Cell (virus_3433814,host_519446): 0 -> 1
Cell (virus_3433814,host_392004): 0 -> 1
Cell (virus_3433814,host_98922): 0 -> 1
Cell (virus_3433814,host_188568): 0 -> 1
Cell (virus_3433814,host_186991): 0 -> 1
Cell (virus_3433814,host_169756): 0 -> 1
Cell (virus_3433814,host_187007): 0 -> 1
Cell (virus_3433814,host_258944): 0 -> 1
Cell (virus_693997,host_187011): 0 -> 1
Cell (virus_693997,host_519446): 0 -> 1
Cell (virus_693997,host_392004): 0 -> 1
Cell (virus_693997,host_98922): 0 -> 1
Cell (virus_693997,host_188568): 0 -> 1
Cell (virus_693997,host_186991): 0 -> 1
Cell (virus_693997,host_169756): 0 -> 1
Cell (virus_693997,host_187007): 0 -> 1
Cell (virus_693997,host_258944): 0 -> 1
Cell (virus_2913386,host_105295): 0 -> 1
Cell (virus_2913386,host_187011): 0 -> 1
Cell (virus_2913386,host_9435): 0 -> 1
Cell (virus_2913386,host_109481): 0 -> 1
Cell (virus_2913386,host_175524): 0 -> 1
Cell (virus_2913386,host_59478): 0 -> 1
Cell (virus_2913386,host_9403): 0 -> 1
Cell (virus_2913386,host_1410044): 0 -> 1
Cell (virus_2913386,host_374419): 0 -> 1
Cell (virus_2913386,host_1381355): 0 -> 1
Cell (virus_2913386,host_40230): 0 -> 1
Cell (virus_2913386,host_177162): 0 -> 1
Cell (virus_2913386,host_221087): 0 -> 1
Cell (virus_2913386,host_258944): 0 -> 1
Cell (virus_2925879,host_105295): 0 -> 1
Cell (virus_2925879,host_187011): 0 -> 1
Cell (virus_2925879,host_9435): 0 -> 1
Cell (virus_2925879,host_109481): 0 -> 1
Cell (virus_2925879,host_2603865): 0 -> 1
Cell (virus_2925879,host_59478): 0 -> 1
Cell (virus_2925879,host_9403): 0 -> 1
Cell (virus_2925879,host_1410044): 0 -> 1
Cell (virus_2925879,host_374419): 0 -> 1
Cell (virus_2925879,host_1381355): 0 -> 1
Cell (virus_2925879,host_40230): 0 -> 1
Cell (virus_2925879,host_221087): 0 -> 1
Cell (virus_2925879,host_258944): 0 -> 1
Cell (virus_2993505,host_105295): 0 -> 1
Cell (virus_2993505,host_187011): 0 -> 1
Cell (virus_2993505,host_9435): 0 -> 1
Cell (virus_2993505,host_109481): 0 -> 1
Cell (virus_2993505,host_302402): 0 -> 1
Cell (virus_2993505,host_59478): 0 -> 1
Cell (virus_2993505,host_9402): 0 -> 1
Cell (virus_2993505,host_9403): 0 -> 1
Cell (virus_2993505,host_1410044): 0 -> 1
Cell (virus_2993505,host_374419): 0 -> 1
Cell (virus_2993505,host_1381355): 0 -> 1
Cell (virus_2993505,host_40230): 0 -> 1
Cell (virus_2993505,host_221087): 0 -> 1
Cell (virus_2993505,host_3371014): 0 -> 1
Cell (virus_2993505,host_2491053): 0 -> 1
Cell (virus_2993505,host_258944): 0 -> 1
Cell (virus_3433731,host_59463): 0 -> 1
Cell (virus_3433731,host_109481): 0 -> 1
Cell (virus_3433731,host_386774): 0 -> 1
Cell (virus_3433731,host_392004): 0 -> 1
Cell (virus_3433731,host_385037): 0 -> 1
Cell (virus_3433731,host_334201): 0 -> 1
Cell (virus_3433731,host_249024): 0 -> 1
Cell (virus_3433731,host_9403): 0 -> 1
Cell (virus_3433731,host_40233): 0 -> 1
Cell (virus_3433731,host_59472): 0 -> 1
Cell (virus_3433731,host_221087): 0 -> 1
Cell (virus_3433731,host_9433): 0 -> 1
Cell (virus_3433731,host_3371014): 0 -> 1
Cell (virus_3433731,host_109485): 0 -> 1
Cell (virus_3433731,host_867834): 0 -> 1
Cell (virus_3433731,host_258944): 0 -> 1
Cell (virus_3433810,host_105295): 0 -> 1
Cell (virus_3433810,host_187011): 0 -> 1
Cell (virus_3433810,host_9435): 0 -> 1
Cell (virus_3433810,host_59463): 0 -> 1
Cell (virus_3433810,host_109481): 0 -> 1
Cell (virus_3433810,host_2528591): 0 -> 1
Cell (virus_3433810,host_392004): 0 -> 1
Cell (virus_3433810,host_186991): 0 -> 1
Cell (virus_3433810,host_334201): 0 -> 1
Cell (virus_3433810,host_170233): 0 -> 1
Cell (virus_3433810,host_188572): 0 -> 1
Cell (virus_3433810,host_178895): 0 -> 1
Cell (virus_3433810,host_89399): 0 -> 1
Cell (virus_3433810,host_249024): 0 -> 1
Cell (virus_3433810,host_519041): 0 -> 1
Cell (virus_3433810,host_59479): 0 -> 1
Cell (virus_3433810,host_342862): 0 -> 1
Cell (virus_3433810,host_549403): 0 -> 1
Cell (virus_3433810,host_58067): 0 -> 1
Cell (virus_3433810,host_326081): 0 -> 1
Cell (virus_3433810,host_1381355): 0 -> 1
Cell (virus_3433810,host_40233): 0 -> 1
Cell (virus_3433810,host_196700): 0 -> 1
Cell (virus_3433810,host_409031): 0 -> 1
Cell (virus_3433810,host_3371013): 0 -> 1
Cell (virus_3433810,host_479723): 0 -> 1
Cell (virus_3433810,host_249034): 0 -> 1
Cell (virus_3433810,host_3371014): 0 -> 1
Cell (virus_3433810,host_59474): 0 -> 1
Cell (virus_3433810,host_258944): 0 -> 1
Cell (virus_2913388,host_187011): 0 -> 1
Cell (virus_2913388,host_9435): 0 -> 1
Cell (virus_2913388,host_59463): 0 -> 1
Cell (virus_2913388,host_109481): 0 -> 1
Cell (virus_2913388,host_392004): 0 -> 1
Cell (virus_2913388,host_186991): 0 -> 1
Cell (virus_2913388,host_334201): 0 -> 1
Cell (virus_2913388,host_188572): 0 -> 1
Cell (virus_2913388,host_337452): 0 -> 1
Cell (virus_2913388,host_249024): 0 -> 1
Cell (virus_2913388,host_59479): 0 -> 1
Cell (virus_2913388,host_342862): 0 -> 1
Cell (virus_2913388,host_519037): 0 -> 1
Cell (virus_2913388,host_448084): 0 -> 1
Cell (virus_2913388,host_9407): 0 -> 1
Cell (virus_2913388,host_58065): 0 -> 1
Cell (virus_2913388,host_177162): 0 -> 1
Cell (virus_2913388,host_3371013): 0 -> 1
Cell (virus_2913388,host_9414): 0 -> 1
Cell (virus_2913388,host_1434095): 0 -> 1
Cell (virus_2913388,host_221087): 0 -> 1
Cell (virus_2913388,host_479723): 0 -> 1
Cell (virus_2913388,host_909369): 0 -> 1
Cell (virus_2913388,host_59474): 0 -> 1
Cell (virus_2913388,host_59485): 0 -> 1
Cell (virus_3433756,host_105295): 0 -> 1
Cell (virus_3433756,host_187011): 0 -> 1
Cell (virus_3433756,host_9435): 0 -> 1
Cell (virus_3433756,host_59463): 0 -> 1
Cell (virus_3433756,host_109481): 0 -> 1
Cell (virus_3433756,host_109482): 0 -> 1
Cell (virus_3433756,host_392004): 0 -> 1
Cell (virus_3433756,host_385037): 0 -> 1
Cell (virus_3433756,host_175524): 0 -> 1
Cell (virus_3433756,host_186991): 0 -> 1
Cell (virus_3433756,host_334201): 0 -> 1
Cell (virus_3433756,host_463808): 0 -> 1
Cell (virus_3433756,host_188572): 0 -> 1
Cell (virus_3433756,host_337452): 0 -> 1
Cell (virus_3433756,host_249024): 0 -> 1
Cell (virus_3433756,host_59479): 0 -> 1
Cell (virus_3433756,host_342862): 0 -> 1
Cell (virus_3433756,host_124756): 0 -> 1
Cell (virus_3433756,host_9407): 0 -> 1
Cell (virus_3433756,host_58065): 0 -> 1
Cell (virus_3433756,host_148094): 0 -> 1
Cell (virus_3433756,host_409031): 0 -> 1
Cell (virus_3433756,host_3371013): 0 -> 1
Cell (virus_3433756,host_9414): 0 -> 1
Cell (virus_3433756,host_1434095): 0 -> 1
Cell (virus_3433756,host_221087): 0 -> 1
Cell (virus_3433756,host_438766): 0 -> 1
Cell (virus_3433756,host_479723): 0 -> 1
Cell (virus_3433756,host_909369): 0 -> 1
Cell (virus_3433756,host_3371014): 0 -> 1
Cell (virus_3433756,host_59474): 0 -> 1
Metrics: {'precision': 0.778069599474721, 'recall': 0.7837301587301587, 'f1': 0.7808896210873147, 'TP': 1185, 'FP': 338, 'FN': 327}
[Elbow detection] flip ≈ 1085, λ ≈ 0.44897959183673464
Number of flips performed (elbow): 1085
Cell (virus_11137,host_105295): 0 -> 1
Cell (virus_11137,host_109482): 0 -> 1
Cell (virus_11137,host_385037): 0 -> 1
Cell (virus_11137,host_175524): 0 -> 1
Cell (virus_11137,host_463808): 0 -> 1
Cell (virus_11137,host_188572): 0 -> 1
Cell (virus_11137,host_337452): 0 -> 1
Cell (virus_11137,host_249024): 0 -> 1
Cell (virus_11137,host_59479): 0 -> 1
Cell (virus_11137,host_124756): 0 -> 1
Cell (virus_11137,host_9407): 0 -> 1
Cell (virus_11137,host_58065): 0 -> 1
Cell (virus_11137,host_148094): 0 -> 1
Cell (virus_11137,host_409031): 0 -> 1
Cell (virus_11137,host_3371013): 0 -> 1
Cell (virus_11137,host_9414): 0 -> 1
Cell (virus_11137,host_1434095): 0 -> 1
Cell (virus_11137,host_221087): 0 -> 1
Cell (virus_11137,host_438766): 0 -> 1
Cell (virus_11137,host_479723): 0 -> 1
Cell (virus_11137,host_909369): 0 -> 1
Cell (virus_11137,host_3371014): 0 -> 1
Cell (virus_11137,host_59474): 0 -> 1
Cell (virus_1244203,host_109481): 0 -> 1
Cell (virus_1244203,host_587652): 0 -> 1
Cell (virus_1244203,host_385037): 0 -> 1
Cell (virus_1244203,host_59477): 0 -> 1
Cell (virus_1244203,host_1381355): 0 -> 1
Cell (virus_1244203,host_410852): 0 -> 1
Cell (virus_1244203,host_51012): 0 -> 1
Cell (virus_1244203,host_27638): 0 -> 1
Cell (virus_1244203,host_409031): 0 -> 1
Cell (virus_1244203,host_9414): 0 -> 1
Cell (virus_1244203,host_2218597): 0 -> 1
Cell (virus_1244203,host_258944): 0 -> 1
Cell (virus_3433754,host_109481): 0 -> 1
Cell (virus_3433754,host_587652): 0 -> 1
Cell (virus_3433754,host_385037): 0 -> 1
Cell (virus_3433754,host_59477): 0 -> 1
Cell (virus_3433754,host_1381355): 0 -> 1
Cell (virus_3433754,host_410852): 0 -> 1
Cell (virus_3433754,host_51012): 0 -> 1
Cell (virus_3433754,host_27638): 0 -> 1
Cell (virus_3433754,host_409031): 0 -> 1
Cell (virus_3433754,host_9414): 0 -> 1
Cell (virus_3433754,host_2218597): 0 -> 1
Cell (virus_3433754,host_258944): 0 -> 1
Cell (virus_3433753,host_105295): 0 -> 1
Cell (virus_3433753,host_187011): 0 -> 1
Cell (virus_3433753,host_9435): 0 -> 1
Cell (virus_3433753,host_109481): 0 -> 1
Cell (virus_3433753,host_608659): 0 -> 1
Cell (virus_3433753,host_3371112): 0 -> 1
Cell (virus_3433753,host_9403): 0 -> 1
Cell (virus_3433753,host_1381355): 0 -> 1
Cell (virus_3433753,host_40233): 0 -> 1
Cell (virus_3433753,host_51012): 0 -> 1
Cell (virus_3433753,host_409031): 0 -> 1
Cell (virus_3433753,host_3042450): 0 -> 1
Cell (virus_3433753,host_61862): 0 -> 1
Cell (virus_3433753,host_3371016): 0 -> 1
Cell (virus_3119326,host_105295): 0 -> 1
Cell (virus_3119326,host_187011): 0 -> 1
Cell (virus_3119326,host_9435): 0 -> 1
Cell (virus_3119326,host_51298): 0 -> 1
Cell (virus_3119326,host_203696): 0 -> 1
Cell (virus_3119326,host_258940): 0 -> 1
Cell (virus_3119326,host_587652): 0 -> 1
Cell (virus_3119326,host_385037): 0 -> 1
Cell (virus_3119326,host_155035): 0 -> 1
Cell (virus_3119326,host_463808): 0 -> 1
Cell (virus_3119326,host_608659): 0 -> 1
Cell (virus_3119326,host_302408): 0 -> 1
Cell (virus_3119326,host_59479): 0 -> 1
Cell (virus_3119326,host_9402): 0 -> 1
Cell (virus_3119326,host_40233): 0 -> 1
Cell (virus_3119326,host_410852): 0 -> 1
Cell (virus_3119326,host_27634): 0 -> 1
Cell (virus_3119326,host_409031): 0 -> 1
Cell (virus_3119326,host_59472): 0 -> 1
Cell (virus_3119326,host_258944): 0 -> 1
Cell (virus_3433752,host_105295): 0 -> 1
Cell (virus_3433752,host_187011): 0 -> 1
Cell (virus_3433752,host_9435): 0 -> 1
Cell (virus_3433752,host_526407): 0 -> 1
Cell (virus_3433752,host_258940): 0 -> 1
Cell (virus_3433752,host_155035): 0 -> 1
Cell (virus_3433752,host_463808): 0 -> 1
Cell (virus_3433752,host_320431): 0 -> 1
Cell (virus_3433752,host_608659): 0 -> 1
Cell (virus_3433752,host_608708): 0 -> 1
Cell (virus_3433752,host_89399): 0 -> 1
Cell (virus_3433752,host_59479): 0 -> 1
Cell (virus_3433752,host_549403): 0 -> 1
Cell (virus_3433752,host_9402): 0 -> 1
Cell (virus_3433752,host_9407): 0 -> 1
Cell (virus_3433752,host_1381355): 0 -> 1
Cell (virus_3433752,host_40233): 0 -> 1
Cell (virus_3433752,host_410852): 0 -> 1
Cell (virus_3433752,host_27634): 0 -> 1
Cell (virus_3433752,host_59472): 0 -> 1
Cell (virus_3433752,host_291302): 0 -> 1
Cell (virus_3433752,host_258944): 0 -> 1
Cell (virus_1906673,host_105295): 0 -> 1
Cell (virus_1906673,host_109482): 0 -> 1
Cell (virus_1906673,host_258940): 0 -> 1
Cell (virus_1906673,host_188568): 0 -> 1
Cell (virus_1906673,host_337452): 0 -> 1
Cell (virus_1906673,host_59479): 0 -> 1
Cell (virus_1906673,host_574064): 0 -> 1
Cell (virus_3433785,host_105295): 0 -> 1
Cell (virus_3433785,host_109482): 0 -> 1
Cell (virus_3433785,host_258940): 0 -> 1
Cell (virus_3433785,host_188568): 0 -> 1
Cell (virus_3433785,host_337452): 0 -> 1
Cell (virus_3433785,host_59479): 0 -> 1
Cell (virus_3433785,host_574064): 0 -> 1
Cell (virus_2971263,host_105295): 0 -> 1
Cell (virus_2971263,host_9435): 0 -> 1
Cell (virus_2971263,host_109482): 0 -> 1
Cell (virus_2971263,host_258925): 0 -> 1
Cell (virus_2971263,host_186990): 0 -> 1
Cell (virus_2971263,host_196296): 0 -> 1
Cell (virus_2971263,host_337452): 0 -> 1
Cell (virus_2971263,host_178895): 0 -> 1
Cell (virus_2971263,host_59479): 0 -> 1
Cell (virus_2971263,host_342862): 0 -> 1
Cell (virus_2971263,host_77218): 0 -> 1
Cell (virus_2971263,host_498220): 0 -> 1
Cell (virus_2971263,host_58073): 0 -> 1
Cell (virus_2971263,host_1898386): 0 -> 1
Cell (virus_2971263,host_1381355): 0 -> 1
Cell (virus_2971263,host_94956): 0 -> 1
Cell (virus_2971263,host_27642): 0 -> 1
Cell (virus_2971263,host_59474): 0 -> 1
Cell (virus_2971263,host_2491053): 0 -> 1
Cell (virus_3433786,host_105295): 0 -> 1
Cell (virus_3433786,host_9435): 0 -> 1
Cell (virus_3433786,host_109482): 0 -> 1
Cell (virus_3433786,host_258925): 0 -> 1
Cell (virus_3433786,host_186990): 0 -> 1
Cell (virus_3433786,host_196296): 0 -> 1
Cell (virus_3433786,host_337452): 0 -> 1
Cell (virus_3433786,host_178895): 0 -> 1
Cell (virus_3433786,host_59479): 0 -> 1
Cell (virus_3433786,host_342862): 0 -> 1
Cell (virus_3433786,host_77218): 0 -> 1
Cell (virus_3433786,host_498220): 0 -> 1
Cell (virus_3433786,host_58073): 0 -> 1
Cell (virus_3433786,host_9407): 0 -> 1
Cell (virus_3433786,host_1898386): 0 -> 1
Cell (virus_3433786,host_1381355): 0 -> 1
Cell (virus_3433786,host_94956): 0 -> 1
Cell (virus_3433786,host_27642): 0 -> 1
Cell (virus_3433786,host_59474): 0 -> 1
Cell (virus_3433786,host_2491053): 0 -> 1
Cell (virus_2989482,host_9435): 0 -> 1
Cell (virus_2989482,host_526407): 0 -> 1
Cell (virus_2989482,host_258940): 0 -> 1
Cell (virus_2989482,host_58069): 0 -> 1
Cell (virus_2989482,host_196889): 0 -> 1
Cell (virus_2989482,host_337452): 0 -> 1
Cell (virus_2989482,host_342862): 0 -> 1
Cell (virus_2989482,host_9407): 0 -> 1
Cell (virus_2989482,host_187003): 0 -> 1
Cell (virus_2989482,host_138695): 0 -> 1
Cell (virus_2989482,host_89673): 0 -> 1
Cell (virus_2989482,host_2491053): 0 -> 1
Cell (virus_3433784,host_105295): 0 -> 1
Cell (virus_3433784,host_109482): 0 -> 1
Cell (virus_3433784,host_155035): 0 -> 1
Cell (virus_3433784,host_178895): 0 -> 1
Cell (virus_3433784,host_302408): 0 -> 1
Cell (virus_3433784,host_342862): 0 -> 1
Cell (virus_3433784,host_77243): 0 -> 1
Cell (virus_3433784,host_9407): 0 -> 1
Cell (virus_3433784,host_94956): 0 -> 1
Cell (virus_3433784,host_27634): 0 -> 1
Cell (virus_2691588,host_519446): 0 -> 1
Cell (virus_2691588,host_187014): 0 -> 1
Cell (virus_2691588,host_159858): 0 -> 1
Cell (virus_2691588,host_519041): 0 -> 1
Cell (virus_2691588,host_59479): 0 -> 1
Cell (virus_2691588,host_221087): 0 -> 1
Cell (virus_2691588,host_143942): 0 -> 1
Cell (virus_2691588,host_258944): 0 -> 1
Cell (virus_3433780,host_519446): 0 -> 1
Cell (virus_3433780,host_187014): 0 -> 1
Cell (virus_3433780,host_159858): 0 -> 1
Cell (virus_3433780,host_519041): 0 -> 1
Cell (virus_3433780,host_59479): 0 -> 1
Cell (virus_3433780,host_372077): 0 -> 1
Cell (virus_3433780,host_221087): 0 -> 1
Cell (virus_3433780,host_3041509): 0 -> 1
Cell (virus_3433780,host_258944): 0 -> 1
Cell (virus_694000,host_519446): 0 -> 1
Cell (virus_694000,host_187014): 0 -> 1
Cell (virus_694000,host_159858): 0 -> 1
Cell (virus_694000,host_519041): 0 -> 1
Cell (virus_694000,host_59479): 0 -> 1
Cell (virus_694000,host_372077): 0 -> 1
Cell (virus_694000,host_221087): 0 -> 1
Cell (virus_694000,host_3041509): 0 -> 1
Cell (virus_694000,host_258944): 0 -> 1
Cell (virus_3119327,host_386774): 0 -> 1
Cell (virus_3119327,host_59479): 0 -> 1
Cell (virus_3119327,host_1381355): 0 -> 1
Cell (virus_3119327,host_221087): 0 -> 1
Cell (virus_3119327,host_258889): 0 -> 1
Cell (virus_3119327,host_258944): 0 -> 1
Cell (virus_2809631,host_187011): 0 -> 1
Cell (virus_2809631,host_51298): 0 -> 1
Cell (virus_2809631,host_386774): 0 -> 1
Cell (virus_2809631,host_2015597): 0 -> 1
Cell (virus_2809631,host_409031): 0 -> 1
Cell (virus_2809631,host_94961): 0 -> 1
Cell (virus_2809631,host_221087): 0 -> 1
Cell (virus_2809631,host_438766): 0 -> 1
Cell (virus_2809631,host_258944): 0 -> 1
Cell (virus_3433779,host_187011): 0 -> 1
Cell (virus_3433779,host_51298): 0 -> 1
Cell (virus_3433779,host_386774): 0 -> 1
Cell (virus_3433779,host_2015597): 0 -> 1
Cell (virus_3433779,host_409031): 0 -> 1
Cell (virus_694001,host_187011): 0 -> 1
Cell (virus_694001,host_51298): 0 -> 1
Cell (virus_694001,host_386774): 0 -> 1
Cell (virus_694001,host_2015597): 0 -> 1
Cell (virus_694001,host_409031): 0 -> 1
Cell (virus_3027594,host_187011): 0 -> 1
Cell (virus_3027594,host_76834): 0 -> 1
Cell (virus_3027594,host_59479): 0 -> 1
Cell (virus_3027594,host_132908): 0 -> 1
Cell (virus_3027594,host_58060): 0 -> 1
Cell (virus_3027594,host_326083): 0 -> 1
Cell (virus_3027594,host_2994998): 0 -> 1
Cell (virus_3027594,host_409031): 0 -> 1
Cell (virus_3027594,host_221087): 0 -> 1
Cell (virus_3027594,host_2491053): 0 -> 1
Cell (virus_3027594,host_258944): 0 -> 1
Cell (virus_3433782,host_187011): 0 -> 1
Cell (virus_3433782,host_76834): 0 -> 1
Cell (virus_3433782,host_59479): 0 -> 1
Cell (virus_3433782,host_329870): 0 -> 1
Cell (virus_3433782,host_132908): 0 -> 1
Cell (virus_3433782,host_58060): 0 -> 1
Cell (virus_3433782,host_326083): 0 -> 1
Cell (virus_3433782,host_574064): 0 -> 1
Cell (virus_3433782,host_2994998): 0 -> 1
Cell (virus_3433782,host_409031): 0 -> 1
Cell (virus_3433782,host_2491053): 0 -> 1
Cell (virus_3433782,host_258944): 0 -> 1
Cell (virus_3027595,host_105273): 0 -> 1
Cell (virus_3027595,host_187011): 0 -> 1
Cell (virus_3027595,host_159330): 0 -> 1
Cell (virus_3027595,host_633648): 0 -> 1
Cell (virus_3027595,host_302408): 0 -> 1
Cell (virus_3027595,host_342862): 0 -> 1
Cell (virus_3027595,host_329870): 0 -> 1
Cell (virus_3027595,host_1381355): 0 -> 1
Cell (virus_3027595,host_409031): 0 -> 1
Cell (virus_3027595,host_221087): 0 -> 1
Cell (virus_3027595,host_258944): 0 -> 1
Cell (virus_2917968,host_187011): 0 -> 1
Cell (virus_2917968,host_109481): 0 -> 1
Cell (virus_2917968,host_258940): 0 -> 1
Cell (virus_2917968,host_587652): 0 -> 1
Cell (virus_2917968,host_177185): 0 -> 1
Cell (virus_2917968,host_59479): 0 -> 1
Cell (virus_2917968,host_58073): 0 -> 1
Cell (virus_2917968,host_208969): 0 -> 1
Cell (virus_2917968,host_409031): 0 -> 1
Cell (virus_2917968,host_59472): 0 -> 1
Cell (virus_2917968,host_258909): 0 -> 1
Cell (virus_2917968,host_109485): 0 -> 1
Cell (virus_2917968,host_2491053): 0 -> 1
Cell (virus_2917968,host_258944): 0 -> 1
Cell (virus_2917968,host_59485): 0 -> 1
Cell (virus_3119328,host_187011): 0 -> 1
Cell (virus_3119328,host_258940): 0 -> 1
Cell (virus_3119328,host_587652): 0 -> 1
Cell (virus_3119328,host_177185): 0 -> 1
Cell (virus_3119328,host_270698): 0 -> 1
Cell (virus_3119328,host_326081): 0 -> 1
Cell (virus_3119328,host_208969): 0 -> 1
Cell (virus_3119328,host_177160): 0 -> 1
Cell (virus_3119328,host_3371013): 0 -> 1
Cell (virus_3119328,host_59472): 0 -> 1
Cell (virus_3119328,host_258930): 0 -> 1
Cell (virus_3119328,host_29078): 0 -> 1
Cell (virus_3119328,host_109485): 0 -> 1
Cell (virus_3119328,host_2491053): 0 -> 1
Cell (virus_3119328,host_258944): 0 -> 1
Cell (virus_3119329,host_375553): 0 -> 1
Cell (virus_3119329,host_109481): 0 -> 1
Cell (virus_3119329,host_386774): 0 -> 1
Cell (virus_3119329,host_258940): 0 -> 1
Cell (virus_3119329,host_177185): 0 -> 1
Cell (virus_3119329,host_270698): 0 -> 1
Cell (virus_3119329,host_59479): 0 -> 1
Cell (virus_3119329,host_40233): 0 -> 1
Cell (virus_3119329,host_2491053): 0 -> 1
Cell (virus_3119329,host_258944): 0 -> 1
Cell (virus_2991941,host_109481): 0 -> 1
Cell (virus_2991941,host_386774): 0 -> 1
Cell (virus_2991941,host_526407): 0 -> 1
Cell (virus_2991941,host_270698): 0 -> 1
Cell (virus_2991941,host_476588): 0 -> 1
Cell (virus_2991941,host_178895): 0 -> 1
Cell (virus_2991941,host_249024): 0 -> 1
Cell (virus_2991941,host_329870): 0 -> 1
Cell (virus_2991941,host_166054): 0 -> 1
Cell (virus_2991941,host_196297): 0 -> 1
Cell (virus_2991941,host_374419): 0 -> 1
Cell (virus_2991941,host_59476): 0 -> 1
Cell (virus_2991941,host_208969): 0 -> 1
Cell (virus_2991941,host_2994998): 0 -> 1
Cell (virus_2991941,host_409031): 0 -> 1
Cell (virus_2991941,host_148089): 0 -> 1
Cell (virus_2991941,host_59472): 0 -> 1
Cell (virus_2991941,host_291302): 0 -> 1
Cell (virus_2991941,host_221087): 0 -> 1
Cell (virus_2991941,host_258953): 0 -> 1
Cell (virus_2993504,host_109481): 0 -> 1
Cell (virus_2993504,host_386774): 0 -> 1
Cell (virus_2993504,host_526407): 0 -> 1
Cell (virus_2993504,host_187017): 0 -> 1
Cell (virus_2993504,host_270698): 0 -> 1
Cell (virus_2993504,host_476588): 0 -> 1
Cell (virus_2993504,host_178895): 0 -> 1
Cell (virus_2993504,host_249024): 0 -> 1
Cell (virus_2993504,host_196297): 0 -> 1
Cell (virus_2993504,host_59476): 0 -> 1
Cell (virus_2993504,host_208969): 0 -> 1
Cell (virus_2993504,host_40233): 0 -> 1
Cell (virus_2993504,host_2994998): 0 -> 1
Cell (virus_2993504,host_409031): 0 -> 1
Cell (virus_2993504,host_9430): 0 -> 1
Cell (virus_2993504,host_221087): 0 -> 1
Cell (virus_2993504,host_999964): 0 -> 1
Cell (virus_2993504,host_258953): 0 -> 1
Cell (virus_2993504,host_360967): 0 -> 1
Cell (virus_2993504,host_2491053): 0 -> 1
Cell (virus_2993504,host_258944): 0 -> 1
Cell (virus_1335626,host_1633875): 0 -> 1
Cell (virus_1335626,host_98922): 0 -> 1
Cell (virus_1335626,host_155035): 0 -> 1
Cell (virus_1335626,host_58060): 0 -> 1
Cell (virus_1335626,host_124751): 0 -> 1
Cell (virus_3433633,host_1633875): 0 -> 1
Cell (virus_3433633,host_98922): 0 -> 1
Cell (virus_3433633,host_155035): 0 -> 1
Cell (virus_3433633,host_58060): 0 -> 1
Cell (virus_3433633,host_124751): 0 -> 1
Cell (virus_1508220,host_258925): 0 -> 1
Cell (virus_1508220,host_1884717): 0 -> 1
Cell (virus_1508220,host_258944): 0 -> 1
Cell (virus_3433775,host_385037): 0 -> 1
Cell (virus_3433775,host_258925): 0 -> 1
Cell (virus_3433775,host_1884717): 0 -> 1
Cell (virus_3433775,host_258944): 0 -> 1
Cell (virus_694008,host_385037): 0 -> 1
Cell (virus_694008,host_258925): 0 -> 1
Cell (virus_694008,host_1884717): 0 -> 1
Cell (virus_694008,host_258944): 0 -> 1
Cell (virus_2832974,host_386774): 0 -> 1
Cell (virus_2832974,host_258925): 0 -> 1
Cell (virus_2832974,host_326081): 0 -> 1
Cell (virus_2832974,host_59476): 0 -> 1
Cell (virus_2832974,host_2994998): 0 -> 1
Cell (virus_2832974,host_291302): 0 -> 1
Cell (virus_2832974,host_9433): 0 -> 1
Cell (virus_2832974,host_258959): 0 -> 1
Cell (virus_1928434,host_246814): 0 -> 1
Cell (virus_1928434,host_1633875): 0 -> 1
Cell (virus_1928434,host_186991): 0 -> 1
Cell (virus_1928434,host_196296): 0 -> 1
Cell (virus_1928434,host_188571): 0 -> 1
Cell (virus_1928434,host_329870): 0 -> 1
Cell (virus_1928434,host_448084): 0 -> 1
Cell (virus_1928434,host_77243): 0 -> 1
Cell (virus_1928434,host_58065): 0 -> 1
Cell (virus_1928434,host_1884717): 0 -> 1
Cell (virus_1928434,host_242384): 0 -> 1
Cell (virus_3433757,host_246814): 0 -> 1
Cell (virus_3433757,host_1633875): 0 -> 1
Cell (virus_3433757,host_186991): 0 -> 1
Cell (virus_3433757,host_196296): 0 -> 1
Cell (virus_3433757,host_188571): 0 -> 1
Cell (virus_3433757,host_329870): 0 -> 1
Cell (virus_3433757,host_448084): 0 -> 1
Cell (virus_3433757,host_77243): 0 -> 1
Cell (virus_3433757,host_58065): 0 -> 1
Cell (virus_3433757,host_242384): 0 -> 1
Cell (virus_694003,host_246814): 0 -> 1
Cell (virus_694003,host_1633875): 0 -> 1
Cell (virus_694003,host_186991): 0 -> 1
Cell (virus_694003,host_196296): 0 -> 1
Cell (virus_694003,host_188571): 0 -> 1
Cell (virus_694003,host_329870): 0 -> 1
Cell (virus_694003,host_448084): 0 -> 1
Cell (virus_694003,host_77243): 0 -> 1
Cell (virus_694003,host_58065): 0 -> 1
Cell (virus_694003,host_242384): 0 -> 1
Cell (virus_2717680,host_294653): 0 -> 1
Cell (virus_2717680,host_9435): 0 -> 1
Cell (virus_2717680,host_225399): 0 -> 1
Cell (virus_2717680,host_386774): 0 -> 1
Cell (virus_2717680,host_225400): 0 -> 1
Cell (virus_2717680,host_188569): 0 -> 1
Cell (virus_2717680,host_188572): 0 -> 1
Cell (virus_2717680,host_76834): 0 -> 1
Cell (virus_2717680,host_49443): 0 -> 1
Cell (virus_2717680,host_124756): 0 -> 1
Cell (virus_2717680,host_9400): 0 -> 1
Cell (virus_2717680,host_118856): 0 -> 1
Cell (virus_2717680,host_27638): 0 -> 1
Cell (virus_2717680,host_143942): 0 -> 1
Cell (virus_2833022,host_294653): 0 -> 1
Cell (virus_2833022,host_9435): 0 -> 1
Cell (virus_2833022,host_59463): 0 -> 1
Cell (virus_2833022,host_386774): 0 -> 1
Cell (virus_2833022,host_188569): 0 -> 1
Cell (virus_2833022,host_270698): 0 -> 1
Cell (virus_2833022,host_169756): 0 -> 1
Cell (virus_2833022,host_188572): 0 -> 1
Cell (virus_2833022,host_76834): 0 -> 1
Cell (virus_2833022,host_49443): 0 -> 1
Cell (virus_2833022,host_166054): 0 -> 1
Cell (virus_2833022,host_385575): 0 -> 1
Cell (virus_2833022,host_177160): 0 -> 1
Cell (virus_2913444,host_294653): 0 -> 1
Cell (virus_2913444,host_9435): 0 -> 1
Cell (virus_2913444,host_59463): 0 -> 1
Cell (virus_2913444,host_386774): 0 -> 1
Cell (virus_2913444,host_188569): 0 -> 1
Cell (virus_2913444,host_270698): 0 -> 1
Cell (virus_2913444,host_188572): 0 -> 1
Cell (virus_2913444,host_76834): 0 -> 1
Cell (virus_2913444,host_49443): 0 -> 1
Cell (virus_2913444,host_166054): 0 -> 1
Cell (virus_2913444,host_385575): 0 -> 1
Cell (virus_2913444,host_328804): 0 -> 1
Cell (virus_2913444,host_448084): 0 -> 1
Cell (virus_2913444,host_1898386): 0 -> 1
Cell (virus_2913444,host_258944): 0 -> 1
Cell (virus_3418614,host_294653): 0 -> 1
Cell (virus_3418614,host_109480): 0 -> 1
Cell (virus_3418614,host_386774): 0 -> 1
Cell (virus_3418614,host_225400): 0 -> 1
Cell (virus_3418614,host_188569): 0 -> 1
Cell (virus_3418614,host_270698): 0 -> 1
Cell (virus_3418614,host_124756): 0 -> 1
Cell (virus_3418614,host_58057): 0 -> 1
Cell (virus_3418614,host_1898389): 0 -> 1
Cell (virus_3418614,host_903567): 0 -> 1
Cell (virus_3418614,host_3371013): 0 -> 1
Cell (virus_3418614,host_59472): 0 -> 1
Cell (virus_3418614,host_27622): 0 -> 1
Cell (virus_3418614,host_258863): 0 -> 1
Cell (virus_3418614,host_2969767): 0 -> 1
Cell (virus_2913379,host_187011): 0 -> 1
Cell (virus_2913379,host_257882): 0 -> 1
Cell (virus_2913379,host_1633875): 0 -> 1
Cell (virus_2913379,host_51298): 0 -> 1
Cell (virus_2913379,host_386774): 0 -> 1
Cell (virus_2913379,host_2015597): 0 -> 1
Cell (virus_2913379,host_188569): 0 -> 1
Cell (virus_2913379,host_186991): 0 -> 1
Cell (virus_2913379,host_270698): 0 -> 1
Cell (virus_2913379,host_169756): 0 -> 1
Cell (virus_2913379,host_196889): 0 -> 1
Cell (virus_2913379,host_608708): 0 -> 1
Cell (virus_2913379,host_519041): 0 -> 1
Cell (virus_2913379,host_49443): 0 -> 1
Cell (virus_2913379,host_77218): 0 -> 1
Cell (virus_2913379,host_58057): 0 -> 1
Cell (virus_2913379,host_9433): 0 -> 1
Cell (virus_2913379,host_249033): 0 -> 1
Cell (virus_2913381,host_9435): 0 -> 1
Cell (virus_2913381,host_257882): 0 -> 1
Cell (virus_2913381,host_1633875): 0 -> 1
Cell (virus_2913381,host_51298): 0 -> 1
Cell (virus_2913381,host_2015597): 0 -> 1
Cell (virus_2913381,host_186991): 0 -> 1
Cell (virus_2913381,host_270698): 0 -> 1
Cell (virus_2913381,host_169756): 0 -> 1
Cell (virus_2913381,host_49443): 0 -> 1
Cell (virus_2913381,host_77218): 0 -> 1
Cell (virus_2913381,host_58057): 0 -> 1
Cell (virus_2913381,host_1898386): 0 -> 1
Cell (virus_2913381,host_27634): 0 -> 1
Cell (virus_2913381,host_94961): 0 -> 1
Cell (virus_2913381,host_249033): 0 -> 1
Cell (virus_3418613,host_187011): 0 -> 1
Cell (virus_3418613,host_9435): 0 -> 1
Cell (virus_3418613,host_257882): 0 -> 1
Cell (virus_3418613,host_1633875): 0 -> 1
Cell (virus_3418613,host_51298): 0 -> 1
Cell (virus_3418613,host_386774): 0 -> 1
Cell (virus_3418613,host_2015597): 0 -> 1
Cell (virus_3418613,host_186991): 0 -> 1
Cell (virus_3418613,host_49443): 0 -> 1
Cell (virus_3418613,host_58060): 0 -> 1
Cell (virus_3418613,host_258953): 0 -> 1
Cell (virus_3418613,host_249033): 0 -> 1
Cell (virus_2913443,host_257882): 0 -> 1
Cell (virus_2913443,host_1633875): 0 -> 1
Cell (virus_2913443,host_51298): 0 -> 1
Cell (virus_2913443,host_155915): 0 -> 1
Cell (virus_2913443,host_2015597): 0 -> 1
Cell (virus_2913443,host_188569): 0 -> 1
Cell (virus_2913443,host_186991): 0 -> 1
Cell (virus_2913443,host_270698): 0 -> 1
Cell (virus_2913443,host_188572): 0 -> 1
Cell (virus_2913443,host_188571): 0 -> 1
Cell (virus_2913443,host_59479): 0 -> 1
Cell (virus_2913443,host_166054): 0 -> 1
Cell (virus_2913443,host_9402): 0 -> 1
Cell (virus_2913443,host_77233): 0 -> 1
Cell (virus_2913443,host_242384): 0 -> 1
Cell (virus_2913443,host_452595): 0 -> 1
Cell (virus_2913443,host_249033): 0 -> 1
Cell (virus_2913443,host_29078): 0 -> 1
Cell (virus_2972746,host_257882): 0 -> 1
Cell (virus_2972746,host_51298): 0 -> 1
Cell (virus_2972746,host_159330): 0 -> 1
Cell (virus_2972746,host_155915): 0 -> 1
Cell (virus_2972746,host_2015597): 0 -> 1
Cell (virus_2972746,host_188569): 0 -> 1
Cell (virus_2972746,host_186991): 0 -> 1
Cell (virus_2972746,host_270698): 0 -> 1
Cell (virus_2972746,host_188572): 0 -> 1
Cell (virus_2972746,host_188571): 0 -> 1
Cell (virus_2972746,host_9402): 0 -> 1
Cell (virus_2972746,host_374419): 0 -> 1
Cell (virus_2972746,host_326081): 0 -> 1
Cell (virus_2972746,host_40233): 0 -> 1
Cell (virus_2972746,host_27622): 0 -> 1
Cell (virus_2972746,host_242384): 0 -> 1
Cell (virus_2972746,host_249033): 0 -> 1
Cell (virus_1805463,host_138977): 0 -> 1
Cell (virus_1805463,host_385037): 0 -> 1
Cell (virus_1805463,host_476588): 0 -> 1
Cell (virus_1805463,host_249024): 0 -> 1
Cell (virus_1805463,host_1434095): 0 -> 1
Cell (virus_3061635,host_138977): 0 -> 1
Cell (virus_3061635,host_159330): 0 -> 1
Cell (virus_3061635,host_385037): 0 -> 1
Cell (virus_3061635,host_476588): 0 -> 1
Cell (virus_3061635,host_249024): 0 -> 1
Cell (virus_3061635,host_1434095): 0 -> 1
Cell (virus_3068888,host_375553): 0 -> 1
Cell (virus_3068888,host_138977): 0 -> 1
Cell (virus_3068888,host_385037): 0 -> 1
Cell (virus_3068888,host_608659): 0 -> 1
Cell (virus_3068888,host_249024): 0 -> 1
Cell (virus_3068888,host_1434095): 0 -> 1
Cell (virus_2833184,host_452653): 0 -> 1
Cell (virus_2833184,host_385037): 0 -> 1
Cell (virus_2833184,host_498220): 0 -> 1
Cell (virus_2833184,host_177162): 0 -> 1
Cell (virus_864596,host_257882): 0 -> 1
Cell (virus_864596,host_58067): 0 -> 1
Cell (virus_864596,host_58071): 0 -> 1
Cell (virus_864596,host_409031): 0 -> 1
Cell (virus_864596,host_3370289): 0 -> 1
Cell (virus_3068538,host_257882): 0 -> 1
Cell (virus_3068538,host_109480): 0 -> 1
Cell (virus_3068538,host_1633875): 0 -> 1
Cell (virus_3068538,host_138977): 0 -> 1
Cell (virus_3068538,host_385037): 0 -> 1
Cell (virus_3068538,host_157961): 0 -> 1
Cell (virus_3068538,host_1434095): 0 -> 1
Cell (virus_3068538,host_242384): 0 -> 1
Cell (virus_694009,host_257882): 0 -> 1
Cell (virus_694009,host_109480): 0 -> 1
Cell (virus_694009,host_1633875): 0 -> 1
Cell (virus_694009,host_138977): 0 -> 1
Cell (virus_694009,host_385037): 0 -> 1
Cell (virus_694009,host_157961): 0 -> 1
Cell (virus_694009,host_242384): 0 -> 1
Cell (virus_3418604,host_257882): 0 -> 1
Cell (virus_3418604,host_1633875): 0 -> 1
Cell (virus_3418604,host_138977): 0 -> 1
Cell (virus_3418604,host_385037): 0 -> 1
Cell (virus_3418604,host_242384): 0 -> 1
Cell (virus_2913380,host_1633875): 0 -> 1
Cell (virus_2913380,host_519446): 0 -> 1
Cell (virus_2913380,host_258925): 0 -> 1
Cell (virus_2913380,host_249020): 0 -> 1
Cell (virus_2913380,host_159858): 0 -> 1
Cell (virus_2913380,host_9400): 0 -> 1
Cell (virus_2913380,host_177162): 0 -> 1
Cell (virus_2913380,host_409031): 0 -> 1
Cell (virus_2913380,host_59472): 0 -> 1
Cell (virus_2913380,host_1434095): 0 -> 1
Cell (virus_989337,host_258946): 0 -> 1
Cell (virus_989337,host_160974): 0 -> 1
Cell (virus_989337,host_1633875): 0 -> 1
Cell (virus_989337,host_452653): 0 -> 1
Cell (virus_989337,host_587652): 0 -> 1
Cell (virus_989337,host_258925): 0 -> 1
Cell (virus_989337,host_249020): 0 -> 1
Cell (virus_989337,host_9402): 0 -> 1
Cell (virus_989337,host_77223): 0 -> 1
Cell (virus_989337,host_77214): 0 -> 1
Cell (virus_989337,host_177162): 0 -> 1
Cell (virus_989337,host_59472): 0 -> 1
Cell (virus_989337,host_1434095): 0 -> 1
Cell (virus_989337,host_153297): 0 -> 1
Cell (virus_3433764,host_246814): 0 -> 1
Cell (virus_3433764,host_59473): 0 -> 1
Cell (virus_3433764,host_9435): 0 -> 1
Cell (virus_3433764,host_257882): 0 -> 1
Cell (virus_3433764,host_1633875): 0 -> 1
Cell (virus_3433764,host_452654): 0 -> 1
Cell (virus_3433764,host_188569): 0 -> 1
Cell (virus_3433764,host_270698): 0 -> 1
Cell (virus_3433764,host_249020): 0 -> 1
Cell (virus_3433764,host_169756): 0 -> 1
Cell (virus_3433764,host_59479): 0 -> 1
Cell (virus_3433764,host_328804): 0 -> 1
Cell (virus_3433764,host_77223): 0 -> 1
Cell (virus_3433764,host_374419): 0 -> 1
Cell (virus_3433764,host_177160): 0 -> 1
Cell (virus_3433764,host_148061): 0 -> 1
Cell (virus_3433764,host_148089): 0 -> 1
Cell (virus_3433764,host_94961): 0 -> 1
Cell (virus_3433764,host_59472): 0 -> 1
Cell (virus_3433764,host_1434095): 0 -> 1
Cell (virus_3433764,host_221087): 0 -> 1
Cell (virus_3433764,host_2218597): 0 -> 1
Cell (virus_3433764,host_258909): 0 -> 1
Cell (virus_3433764,host_360967): 0 -> 1
Cell (virus_3433764,host_143942): 0 -> 1
Cell (virus_3433764,host_2491053): 0 -> 1
Cell (virus_3433764,host_110938): 0 -> 1
Cell (virus_2115988,host_2528591): 0 -> 1
Cell (virus_2115988,host_109482): 0 -> 1
Cell (virus_2115988,host_169756): 0 -> 1
Cell (virus_2115988,host_329870): 0 -> 1
Cell (virus_2115988,host_221086): 0 -> 1
Cell (virus_2115988,host_360967): 0 -> 1
Cell (virus_2833151,host_2528591): 0 -> 1
Cell (virus_2833151,host_169756): 0 -> 1
Cell (virus_2833151,host_76837): 0 -> 1
Cell (virus_2833151,host_302408): 0 -> 1
Cell (virus_2833151,host_258863): 0 -> 1
Cell (virus_3433795,host_109482): 0 -> 1
Cell (virus_3433795,host_138979): 0 -> 1
Cell (virus_3433795,host_76837): 0 -> 1
Cell (virus_3433795,host_76834): 0 -> 1
Cell (virus_3433795,host_89399): 0 -> 1
Cell (virus_3433795,host_302408): 0 -> 1
Cell (virus_3433795,host_58057): 0 -> 1
Cell (virus_3433795,host_907075): 0 -> 1
Cell (virus_3433795,host_27642): 0 -> 1
Cell (virus_3433795,host_221086): 0 -> 1
Cell (virus_3433795,host_258863): 0 -> 1
Cell (virus_693998,host_109482): 0 -> 1
Cell (virus_693998,host_138979): 0 -> 1
Cell (virus_693998,host_76837): 0 -> 1
Cell (virus_693998,host_76834): 0 -> 1
Cell (virus_693998,host_89399): 0 -> 1
Cell (virus_693998,host_302408): 0 -> 1
Cell (virus_693998,host_58057): 0 -> 1
Cell (virus_693998,host_907075): 0 -> 1
Cell (virus_693998,host_27642): 0 -> 1
Cell (virus_693998,host_221086): 0 -> 1
Cell (virus_693998,host_258863): 0 -> 1
Cell (virus_2913382,host_3380546): 0 -> 1
Cell (virus_2913382,host_526407): 0 -> 1
Cell (virus_2913382,host_169756): 0 -> 1
Cell (virus_2913382,host_302408): 0 -> 1
Cell (virus_2913382,host_907075): 0 -> 1
Cell (virus_2913382,host_221086): 0 -> 1
Cell (virus_2913382,host_258863): 0 -> 1
Cell (virus_3433766,host_3380546): 0 -> 1
Cell (virus_3433766,host_1633875): 0 -> 1
Cell (virus_3433766,host_203696): 0 -> 1
Cell (virus_3433766,host_188569): 0 -> 1
Cell (virus_3433766,host_186991): 0 -> 1
Cell (virus_3433766,host_334201): 0 -> 1
Cell (virus_3433766,host_188572): 0 -> 1
Cell (virus_3433766,host_608708): 0 -> 1
Cell (virus_3433766,host_476589): 0 -> 1
Cell (virus_3433766,host_59479): 0 -> 1
Cell (virus_3433766,host_329870): 0 -> 1
Cell (virus_3433766,host_132908): 0 -> 1
Cell (virus_3433766,host_77231): 0 -> 1
Cell (virus_3433766,host_372077): 0 -> 1
Cell (virus_3433766,host_77243): 0 -> 1
Cell (virus_3433766,host_192403): 0 -> 1
Cell (virus_3433766,host_148061): 0 -> 1
Cell (virus_3433766,host_94961): 0 -> 1
Cell (virus_3433766,host_9414): 0 -> 1
Cell (virus_3433766,host_187007): 0 -> 1
Cell (virus_3433766,host_59474): 0 -> 1
Cell (virus_694014,host_3380546): 0 -> 1
Cell (virus_694014,host_1633875): 0 -> 1
Cell (virus_694014,host_203696): 0 -> 1
Cell (virus_694014,host_188569): 0 -> 1
Cell (virus_694014,host_186991): 0 -> 1
Cell (virus_694014,host_334201): 0 -> 1
Cell (virus_694014,host_188572): 0 -> 1
Cell (virus_694014,host_608708): 0 -> 1
Cell (virus_694014,host_476589): 0 -> 1
Cell (virus_694014,host_59479): 0 -> 1
Cell (virus_694014,host_329870): 0 -> 1
Cell (virus_694014,host_132908): 0 -> 1
Cell (virus_694014,host_77231): 0 -> 1
Cell (virus_694014,host_372077): 0 -> 1
Cell (virus_694014,host_77243): 0 -> 1
Cell (virus_694014,host_192403): 0 -> 1
Cell (virus_694014,host_148061): 0 -> 1
Cell (virus_694014,host_94961): 0 -> 1
Cell (virus_694014,host_9414): 0 -> 1
Cell (virus_694014,host_187007): 0 -> 1
Cell (virus_694014,host_59474): 0 -> 1
Cell (virus_2917966,host_519446): 0 -> 1
Cell (virus_2917966,host_51298): 0 -> 1
Cell (virus_2917966,host_187014): 0 -> 1
Cell (virus_2917966,host_59453): 0 -> 1
Cell (virus_2917966,host_186991): 0 -> 1
Cell (virus_2917966,host_608708): 0 -> 1
Cell (virus_2917966,host_77231): 0 -> 1
Cell (virus_2917966,host_40233): 0 -> 1
Cell (virus_2917966,host_40224): 0 -> 1
Cell (virus_2917966,host_9414): 0 -> 1
Cell (virus_2917966,host_187007): 0 -> 1
Cell (virus_2917966,host_153297): 0 -> 1
Cell (virus_2917966,host_110938): 0 -> 1
Cell (virus_3158245,host_59473): 0 -> 1
Cell (virus_3158245,host_463808): 0 -> 1
Cell (virus_3158245,host_608708): 0 -> 1
Cell (virus_3158245,host_249024): 0 -> 1
Cell (virus_3158245,host_124756): 0 -> 1
Cell (virus_3158245,host_77243): 0 -> 1
Cell (virus_3158245,host_77233): 0 -> 1
Cell (virus_3158245,host_326151): 0 -> 1
Cell (virus_3158245,host_326083): 0 -> 1
Cell (virus_3158245,host_59476): 0 -> 1
Cell (virus_3158245,host_40230): 0 -> 1
Cell (virus_3158245,host_153297): 0 -> 1
Cell (virus_3158245,host_258944): 0 -> 1
Cell (virus_693999,host_59473): 0 -> 1
Cell (virus_693999,host_463808): 0 -> 1
Cell (virus_693999,host_608708): 0 -> 1
Cell (virus_693999,host_249024): 0 -> 1
Cell (virus_693999,host_124756): 0 -> 1
Cell (virus_693999,host_77243): 0 -> 1
Cell (virus_693999,host_77233): 0 -> 1
Cell (virus_693999,host_326151): 0 -> 1
Cell (virus_693999,host_326083): 0 -> 1
Cell (virus_693999,host_59476): 0 -> 1
Cell (virus_693999,host_40230): 0 -> 1
Cell (virus_693999,host_153297): 0 -> 1
Cell (virus_693999,host_258944): 0 -> 1
Cell (virus_3418615,host_109478): 0 -> 1
Cell (virus_3418615,host_257882): 0 -> 1
Cell (virus_3418615,host_160974): 0 -> 1
Cell (virus_3418615,host_157961): 0 -> 1
Cell (virus_3418615,host_463808): 0 -> 1
Cell (virus_3418615,host_249024): 0 -> 1
Cell (virus_3418615,host_2603866): 0 -> 1
Cell (virus_3418615,host_124756): 0 -> 1
Cell (virus_3418615,host_410852): 0 -> 1
Cell (virus_3418615,host_9430): 0 -> 1
Cell (virus_3418615,host_9433): 0 -> 1
Cell (virus_3418615,host_438766): 0 -> 1
Cell (virus_3418615,host_909369): 0 -> 1
Cell (virus_3418615,host_2969767): 0 -> 1
Cell (virus_3418615,host_258944): 0 -> 1
Cell (virus_694006,host_109478): 0 -> 1
Cell (virus_694006,host_257882): 0 -> 1
Cell (virus_694006,host_160974): 0 -> 1
Cell (virus_694006,host_157961): 0 -> 1
Cell (virus_694006,host_463808): 0 -> 1
Cell (virus_694006,host_249024): 0 -> 1
Cell (virus_694006,host_2603866): 0 -> 1
Cell (virus_694006,host_124756): 0 -> 1
Cell (virus_694006,host_410852): 0 -> 1
Cell (virus_694006,host_9430): 0 -> 1
Cell (virus_694006,host_9433): 0 -> 1
Cell (virus_694006,host_438766): 0 -> 1
Cell (virus_694006,host_909369): 0 -> 1
Cell (virus_694006,host_2969767): 0 -> 1
Cell (virus_694006,host_258944): 0 -> 1
Cell (virus_3433776,host_105295): 0 -> 1
Cell (virus_3433776,host_51300): 0 -> 1
Cell (virus_3433776,host_59473): 0 -> 1
Cell (virus_3433776,host_109478): 0 -> 1
Cell (virus_3433776,host_160974): 0 -> 1
Cell (virus_3433776,host_225400): 0 -> 1
Cell (virus_3433776,host_1207989): 0 -> 1
Cell (virus_3433776,host_175524): 0 -> 1
Cell (virus_3433776,host_320431): 0 -> 1
Cell (virus_3433776,host_9430): 0 -> 1
Cell (virus_694007,host_105295): 0 -> 1
Cell (virus_694007,host_51300): 0 -> 1
Cell (virus_694007,host_59473): 0 -> 1
Cell (virus_694007,host_109478): 0 -> 1
Cell (virus_694007,host_160974): 0 -> 1
Cell (virus_694007,host_225400): 0 -> 1
Cell (virus_694007,host_1207989): 0 -> 1
Cell (virus_694007,host_175524): 0 -> 1
Cell (virus_694007,host_320431): 0 -> 1
Cell (virus_694007,host_9430): 0 -> 1
Cell (virus_1881051,host_2528591): 0 -> 1
Cell (virus_1881051,host_59461): 0 -> 1
Cell (virus_1881051,host_258925): 0 -> 1
Cell (virus_1881051,host_177185): 0 -> 1
Cell (virus_1881051,host_430491): 0 -> 1
Cell (virus_1881051,host_9402): 0 -> 1
Cell (virus_1881051,host_58073): 0 -> 1
Cell (virus_1881051,host_1884717): 0 -> 1
Cell (virus_1881051,host_59476): 0 -> 1
Cell (virus_1881051,host_40233): 0 -> 1
Cell (virus_1881051,host_27634): 0 -> 1
Cell (virus_1881051,host_2969767): 0 -> 1
Cell (virus_1881051,host_3371014): 0 -> 1
Cell (virus_1881051,host_110938): 0 -> 1
Cell (virus_1881051,host_59485): 0 -> 1
Cell (virus_2913387,host_2528591): 0 -> 1
Cell (virus_2913387,host_59461): 0 -> 1
Cell (virus_2913387,host_177185): 0 -> 1
Cell (virus_2913387,host_430491): 0 -> 1
Cell (virus_2913387,host_58073): 0 -> 1
Cell (virus_2913387,host_1884717): 0 -> 1
Cell (virus_2913387,host_40233): 0 -> 1
Cell (virus_2913387,host_27634): 0 -> 1
Cell (virus_2913387,host_2969767): 0 -> 1
Cell (virus_2913387,host_3371014): 0 -> 1
Cell (virus_2913387,host_110938): 0 -> 1
Cell (virus_2913387,host_59485): 0 -> 1
Cell (virus_2691592,host_59463): 0 -> 1
Cell (virus_2691592,host_2528591): 0 -> 1
Cell (virus_2691592,host_59461): 0 -> 1
Cell (virus_2691592,host_203696): 0 -> 1
Cell (virus_2691592,host_1381355): 0 -> 1
Cell (virus_2691592,host_221087): 0 -> 1
Cell (virus_2691592,host_187008): 0 -> 1
Cell (virus_2691592,host_479723): 0 -> 1
Cell (virus_2691592,host_2218597): 0 -> 1
Cell (virus_2691592,host_9438): 0 -> 1
Cell (virus_2691592,host_3371014): 0 -> 1
Cell (virus_28295,host_59463): 0 -> 1
Cell (virus_28295,host_177185): 0 -> 1
Cell (virus_28295,host_132908): 0 -> 1
Cell (virus_28295,host_372077): 0 -> 1
Cell (virus_28295,host_58073): 0 -> 1
Cell (virus_28295,host_410852): 0 -> 1
Cell (virus_28295,host_2218597): 0 -> 1
Cell (virus_3433789,host_59463): 0 -> 1
Cell (virus_3433789,host_177185): 0 -> 1
Cell (virus_3433789,host_132908): 0 -> 1
Cell (virus_3433789,host_372077): 0 -> 1
Cell (virus_3433789,host_58073): 0 -> 1
Cell (virus_3433789,host_410852): 0 -> 1
Cell (virus_3433789,host_2218597): 0 -> 1
Cell (virus_2913385,host_59463): 0 -> 1
Cell (virus_2913385,host_177185): 0 -> 1
Cell (virus_2913385,host_178895): 0 -> 1
Cell (virus_2913385,host_132908): 0 -> 1
Cell (virus_2913385,host_58073): 0 -> 1
Cell (virus_2913385,host_410852): 0 -> 1
Cell (virus_2913385,host_2218597): 0 -> 1
Cell (virus_3077579,host_258925): 0 -> 1
Cell (virus_3077579,host_272799): 0 -> 1
Cell (virus_3077580,host_258925): 0 -> 1
Cell (virus_3077580,host_272799): 0 -> 1
Cell (virus_2419667,host_203696): 0 -> 1
Cell (virus_2419667,host_59477): 0 -> 1
Cell (virus_2419667,host_132908): 0 -> 1
Cell (virus_2419667,host_2853157): 0 -> 1
Cell (virus_2419667,host_1381355): 0 -> 1
Cell (virus_2419667,host_94956): 0 -> 1
Cell (virus_2419667,host_574064): 0 -> 1
Cell (virus_2419667,host_409031): 0 -> 1
Cell (virus_2419667,host_2969767): 0 -> 1
Cell (virus_2419667,host_3371014): 0 -> 1
Cell (virus_3433787,host_203696): 0 -> 1
Cell (virus_3433787,host_59477): 0 -> 1
Cell (virus_3433787,host_132908): 0 -> 1
Cell (virus_3433787,host_2853157): 0 -> 1
Cell (virus_3433787,host_1381355): 0 -> 1
Cell (virus_3433787,host_94956): 0 -> 1
Cell (virus_3433787,host_574064): 0 -> 1
Cell (virus_3433787,host_409031): 0 -> 1
Cell (virus_3433787,host_2969767): 0 -> 1
Cell (virus_3433787,host_3371014): 0 -> 1
Cell (virus_3027593,host_392318): 0 -> 1
Cell (virus_3027593,host_203696): 0 -> 1
Cell (virus_3027593,host_177185): 0 -> 1
Cell (virus_3027593,host_59477): 0 -> 1
Cell (virus_3027593,host_132908): 0 -> 1
Cell (virus_3027593,host_1381355): 0 -> 1
Cell (virus_3027593,host_94956): 0 -> 1
Cell (virus_3027593,host_27634): 0 -> 1
Cell (virus_3027593,host_196700): 0 -> 1
Cell (virus_3027593,host_409031): 0 -> 1
Cell (virus_3027593,host_3042450): 0 -> 1
Cell (virus_3027593,host_291302): 0 -> 1
Cell (virus_3027593,host_221087): 0 -> 1
Cell (virus_3027593,host_2969767): 0 -> 1
Cell (virus_3027593,host_3371014): 0 -> 1
Cell (virus_2991261,host_105273): 0 -> 1
Cell (virus_2991261,host_526407): 0 -> 1
Cell (virus_2991261,host_155035): 0 -> 1
Cell (virus_2991261,host_177185): 0 -> 1
Cell (virus_2991261,host_157961): 0 -> 1
Cell (virus_2991261,host_188572): 0 -> 1
Cell (virus_2991261,host_59477): 0 -> 1
Cell (virus_2991261,host_328804): 0 -> 1
Cell (virus_2991261,host_903567): 0 -> 1
Cell (virus_2991261,host_77243): 0 -> 1
Cell (virus_2991261,host_94956): 0 -> 1
Cell (virus_2991261,host_27642): 0 -> 1
Cell (virus_2991261,host_258867): 0 -> 1
Cell (virus_2991261,host_2969767): 0 -> 1
Cell (virus_2991261,host_3371014): 0 -> 1
Cell (virus_2991261,host_2491053): 0 -> 1
Cell (virus_983923,host_526407): 0 -> 1
Cell (virus_983923,host_155035): 0 -> 1
Cell (virus_983923,host_177185): 0 -> 1
Cell (virus_983923,host_157961): 0 -> 1
Cell (virus_983923,host_188572): 0 -> 1
Cell (virus_983923,host_59477): 0 -> 1
Cell (virus_983923,host_328804): 0 -> 1
Cell (virus_983923,host_903567): 0 -> 1
Cell (virus_983923,host_77243): 0 -> 1
Cell (virus_983923,host_94956): 0 -> 1
Cell (virus_983923,host_27642): 0 -> 1
Cell (virus_983923,host_258867): 0 -> 1
Cell (virus_983923,host_2969767): 0 -> 1
Cell (virus_983923,host_3371014): 0 -> 1
Cell (virus_983923,host_2491053): 0 -> 1
Cell (virus_3433749,host_109481): 0 -> 1
Cell (virus_3433749,host_98922): 0 -> 1
Cell (virus_3433749,host_177185): 0 -> 1
Cell (virus_3433749,host_188572): 0 -> 1
Cell (virus_3433749,host_59477): 0 -> 1
Cell (virus_3433749,host_2603866): 0 -> 1
Cell (virus_3433749,host_59479): 0 -> 1
Cell (virus_3433749,host_94956): 0 -> 1
Cell (virus_3433749,host_148094): 0 -> 1
Cell (virus_3433749,host_291302): 0 -> 1
Cell (virus_3433749,host_221087): 0 -> 1
Cell (virus_3433749,host_258953): 0 -> 1
Cell (virus_3433749,host_909369): 0 -> 1
Cell (virus_3433749,host_2969767): 0 -> 1
Cell (virus_3433749,host_2491053): 0 -> 1
Cell (virus_1986198,host_59463): 0 -> 1
Cell (virus_1986198,host_386774): 0 -> 1
Cell (virus_1986198,host_392004): 0 -> 1
Cell (virus_1986198,host_187014): 0 -> 1
Cell (virus_1986198,host_1911917): 0 -> 1
Cell (virus_1986198,host_385037): 0 -> 1
Cell (virus_1986198,host_59453): 0 -> 1
Cell (virus_1986198,host_463808): 0 -> 1
Cell (virus_1986198,host_177162): 0 -> 1
Cell (virus_1986198,host_27642): 0 -> 1
Cell (virus_1986198,host_409031): 0 -> 1
Cell (virus_3433814,host_519446): 0 -> 1
Cell (virus_3433814,host_392004): 0 -> 1
Cell (virus_3433814,host_98922): 0 -> 1
Cell (virus_3433814,host_188568): 0 -> 1
Cell (virus_3433814,host_169756): 0 -> 1
Cell (virus_3433814,host_187007): 0 -> 1
Cell (virus_693997,host_519446): 0 -> 1
Cell (virus_693997,host_392004): 0 -> 1
Cell (virus_693997,host_98922): 0 -> 1
Cell (virus_693997,host_188568): 0 -> 1
Cell (virus_693997,host_169756): 0 -> 1
Cell (virus_693997,host_187007): 0 -> 1
Cell (virus_2913386,host_105295): 0 -> 1
Cell (virus_2913386,host_109481): 0 -> 1
Cell (virus_2913386,host_175524): 0 -> 1
Cell (virus_2913386,host_59478): 0 -> 1
Cell (virus_2913386,host_9403): 0 -> 1
Cell (virus_2913386,host_1410044): 0 -> 1
Cell (virus_2913386,host_374419): 0 -> 1
Cell (virus_2913386,host_1381355): 0 -> 1
Cell (virus_2913386,host_40230): 0 -> 1
Cell (virus_2913386,host_177162): 0 -> 1
Cell (virus_2913386,host_221087): 0 -> 1
Cell (virus_2925879,host_105295): 0 -> 1
Cell (virus_2925879,host_109481): 0 -> 1
Cell (virus_2925879,host_2603865): 0 -> 1
Cell (virus_2925879,host_59478): 0 -> 1
Cell (virus_2925879,host_9403): 0 -> 1
Cell (virus_2925879,host_1410044): 0 -> 1
Cell (virus_2925879,host_374419): 0 -> 1
Cell (virus_2925879,host_1381355): 0 -> 1
Cell (virus_2925879,host_40230): 0 -> 1
Cell (virus_2925879,host_221087): 0 -> 1
Cell (virus_2993505,host_105295): 0 -> 1
Cell (virus_2993505,host_109481): 0 -> 1
Cell (virus_2993505,host_302402): 0 -> 1
Cell (virus_2993505,host_59478): 0 -> 1
Cell (virus_2993505,host_9402): 0 -> 1
Cell (virus_2993505,host_9403): 0 -> 1
Cell (virus_2993505,host_1410044): 0 -> 1
Cell (virus_2993505,host_374419): 0 -> 1
Cell (virus_2993505,host_1381355): 0 -> 1
Cell (virus_2993505,host_40230): 0 -> 1
Cell (virus_2993505,host_221087): 0 -> 1
Cell (virus_2993505,host_3371014): 0 -> 1
Cell (virus_2993505,host_2491053): 0 -> 1
Cell (virus_3433731,host_59463): 0 -> 1
Cell (virus_3433731,host_109481): 0 -> 1
Cell (virus_3433731,host_386774): 0 -> 1
Cell (virus_3433731,host_392004): 0 -> 1
Cell (virus_3433731,host_385037): 0 -> 1
Cell (virus_3433731,host_334201): 0 -> 1
Cell (virus_3433731,host_249024): 0 -> 1
Cell (virus_3433731,host_9403): 0 -> 1
Cell (virus_3433731,host_40233): 0 -> 1
Cell (virus_3433731,host_59472): 0 -> 1
Cell (virus_3433731,host_221087): 0 -> 1
Cell (virus_3433731,host_9433): 0 -> 1
Cell (virus_3433731,host_3371014): 0 -> 1
Cell (virus_3433731,host_109485): 0 -> 1
Cell (virus_3433731,host_867834): 0 -> 1
Cell (virus_3433810,host_105295): 0 -> 1
Cell (virus_3433810,host_170233): 0 -> 1
Cell (virus_3433810,host_188572): 0 -> 1
Cell (virus_3433810,host_178895): 0 -> 1
Cell (virus_3433810,host_89399): 0 -> 1
Cell (virus_3433810,host_249024): 0 -> 1
Cell (virus_3433810,host_519041): 0 -> 1
Cell (virus_3433810,host_59479): 0 -> 1
Cell (virus_3433810,host_549403): 0 -> 1
Cell (virus_3433810,host_58067): 0 -> 1
Cell (virus_3433810,host_326081): 0 -> 1
Cell (virus_3433810,host_1381355): 0 -> 1
Cell (virus_3433810,host_40233): 0 -> 1
Cell (virus_3433810,host_196700): 0 -> 1
Cell (virus_3433810,host_409031): 0 -> 1
Cell (virus_3433810,host_3371013): 0 -> 1
Cell (virus_3433810,host_479723): 0 -> 1
Cell (virus_3433810,host_249034): 0 -> 1
Cell (virus_3433810,host_3371014): 0 -> 1
Cell (virus_3433810,host_59474): 0 -> 1
Cell (virus_3433810,host_258944): 0 -> 1
Cell (virus_2913388,host_188572): 0 -> 1
Cell (virus_2913388,host_337452): 0 -> 1
Cell (virus_2913388,host_249024): 0 -> 1
Cell (virus_2913388,host_59479): 0 -> 1
Cell (virus_2913388,host_448084): 0 -> 1
Cell (virus_2913388,host_9407): 0 -> 1
Cell (virus_2913388,host_58065): 0 -> 1
Cell (virus_2913388,host_177162): 0 -> 1
Cell (virus_2913388,host_3371013): 0 -> 1
Cell (virus_2913388,host_9414): 0 -> 1
Cell (virus_2913388,host_1434095): 0 -> 1
Cell (virus_2913388,host_221087): 0 -> 1
Cell (virus_2913388,host_479723): 0 -> 1
Cell (virus_2913388,host_909369): 0 -> 1
Cell (virus_2913388,host_59474): 0 -> 1
Cell (virus_2913388,host_59485): 0 -> 1
Cell (virus_3433756,host_105295): 0 -> 1
Cell (virus_3433756,host_109482): 0 -> 1
Cell (virus_3433756,host_385037): 0 -> 1
Cell (virus_3433756,host_175524): 0 -> 1
Cell (virus_3433756,host_463808): 0 -> 1
Cell (virus_3433756,host_188572): 0 -> 1
Cell (virus_3433756,host_337452): 0 -> 1
Cell (virus_3433756,host_249024): 0 -> 1
Cell (virus_3433756,host_59479): 0 -> 1
Cell (virus_3433756,host_124756): 0 -> 1
Cell (virus_3433756,host_9407): 0 -> 1
Cell (virus_3433756,host_58065): 0 -> 1
Cell (virus_3433756,host_148094): 0 -> 1
Cell (virus_3433756,host_409031): 0 -> 1
Cell (virus_3433756,host_3371013): 0 -> 1
Cell (virus_3433756,host_9414): 0 -> 1
Cell (virus_3433756,host_1434095): 0 -> 1
Cell (virus_3433756,host_221087): 0 -> 1
Cell (virus_3433756,host_438766): 0 -> 1
Cell (virus_3433756,host_479723): 0 -> 1
Cell (virus_3433756,host_909369): 0 -> 1
Cell (virus_3433756,host_3371014): 0 -> 1
Cell (virus_3433756,host_59474): 0 -> 1
Elbow Metrics: {'precision': 0.8497695852534562, 'recall': 0.6097883597883598, 'f1': 0.7100500577589526, 'TP': 922, 'FP': 163, 'FN': 590}
